$MeshFormat
2.2 0 8
$EndMeshFormat
$Nodes
1591
1 0 0 0
2 0 914.4 0
3 0 914.4 304.8
4 0 0 304.8
5 0 106.68 137.16
6 0 624.84 137.16
7 0 624.84 259.08
8 0 106.68 259.08
9 0 30.48000000000006 0
10 0 60.96000000000011 0
11 0 91.44000000000017 0
12 0 121.9200000000002 0
13 0 152.4000000000003 0
14 0 182.8800000000005 0
15 0 213.3600000000006 0
16 0 243.8400000000006 0
17 0 274.3200000000007 0
18 0 304.8000000000009 0
19 0 335.2800000000009 0
20 0 365.7600000000011 0
21 0 396.2400000000012 0
22 0 426.7200000000013 0
23 0 457.2000000000014 0
24 0 487.6800000000015 0
25 0 518.1600000000017 0
26 0 548.6400000000015 0
27 0 579.1200000000014 0
28 0 609.6000000000012 0
29 0 640.0800000000011 0
30 0 670.5600000000009 0
31 0 701.0400000000009 0
32 0 731.5200000000008 0
33 0 762.0000000000006 0
34 0 792.4800000000005 0
35 0 822.9600000000003 0
36 0 853.4400000000003 0
37 0 883.9200000000001 0
38 0 914.4 30.47999999999999
39 0 914.4 60.96
40 0 914.4 91.43999999999993
41 0 914.4 121.9199999999998
42 0 914.4 152.3999999999998
43 0 914.4 182.8799999999997
44 0 914.4 213.3599999999996
45 0 914.4 243.8399999999996
46 0 914.4 274.3199999999997
47 0 883.92 304.8
48 0 853.4399999999998 304.8
49 0 822.9599999999998 304.8
50 0 792.4799999999998 304.8
51 0 761.9999999999997 304.8
52 0 731.5199999999995 304.8
53 0 701.0399999999994 304.8
54 0 670.5599999999994 304.8
55 0 640.0799999999992 304.8
56 0 609.5999999999991 304.8
57 0 579.119999999999 304.8
58 0 548.639999999999 304.8
59 0 518.1599999999987 304.8
60 0 487.6799999999987 304.8
61 0 457.1999999999986 304.8
62 0 426.7199999999985 304.8
63 0 396.2399999999983 304.8
64 0 365.7599999999985 304.8
65 0 335.2799999999986 304.8
66 0 304.7999999999988 304.8
67 0 274.3199999999989 304.8
68 0 243.8399999999991 304.8
69 0 213.3599999999991 304.8
70 0 182.8799999999992 304.8
71 0 152.3999999999994 304.8
72 0 121.9199999999995 304.8
73 0 91.43999999999971 304.8
74 0 60.9599999999997 304.8
75 0 30.4799999999999 304.8
76 0 0 274.32
77 0 0 243.84
78 0 0 213.3600000000001
79 0 0 182.8800000000002
80 0 0 152.4000000000002
81 0 0 121.9200000000003
82 0 0 91.4400000000004
83 0 0 60.96000000000043
84 0 0 30.4800000000003
85 0 116.84 137.16
86 0 127 137.16
87 0 137.16 137.16
88 0 147.32 137.16
89 0 157.48 137.16
90 0 167.64 137.16
91 0 177.8 137.16
92 0 187.96 137.16
93 0 198.12 137.16
94 0 208.28 137.16
95 0 218.44 137.16
96 0 228.6 137.16
97 0 238.76 137.16
98 0 248.92 137.16
99 0 259.08 137.16
100 0 269.24 137.16
101 0 279.4 137.16
102 0 289.56 137.16
103 0 299.72 137.16
104 0 309.88 137.16
105 0 320.04 137.16
106 0 330.2 137.16
107 0 340.36 137.16
108 0 350.52 137.16
109 0 360.68 137.16
110 0 370.84 137.16
111 0 381 137.16
112 0 391.16 137.16
113 0 401.32 137.16
114 0 411.48 137.16
115 0 421.64 137.16
116 0 431.8 137.16
117 0 441.9599999999999 137.16
118 0 452.1199999999999 137.16
119 0 462.2799999999999 137.16
120 0 472.4399999999999 137.16
121 0 482.6 137.16
122 0 492.76 137.16
123 0 502.92 137.16
124 0 513.08 137.16
125 0 523.24 137.16
126 0 533.4000000000001 137.16
127 0 543.5600000000001 137.16
128 0 553.72 137.16
129 0 563.8800000000001 137.16
130 0 574.04 137.16
131 0 584.2 137.16
132 0 594.3600000000001 137.16
133 0 604.52 137.16
134 0 614.6800000000001 137.16
135 0 624.84 147.32
136 0 624.84 157.48
137 0 624.84 167.64
138 0 624.84 177.8
139 0 624.84 187.96
140 0 624.84 198.12
141 0 624.84 208.28
142 0 624.84 218.44
143 0 624.84 228.6
144 0 624.84 238.76
145 0 624.84 248.92
146 0 614.6800000000001 259.08
147 0 604.52 259.08
148 0 594.36 259.08
149 0 584.2 259.08
150 0 574.0400000000001 259.08
151 0 563.88 259.08
152 0 553.72 259.08
153 0 543.5600000000001 259.08
154 0 533.4000000000001 259.08
155 0 523.24 259.08
156 0 513.08 259.08
157 0 502.92 259.08
158 0 492.76 259.08
159 0 482.6 259.08
160 0 472.4400000000001 259.08
161 0 462.28 259.08
162 0 452.12 259.08
163 0 441.96 259.08
164 0 431.8000000000001 259.08
165 0 421.64 259.08
166 0 411.48 259.08
167 0 401.3200000000001 259.08
168 0 391.1600000000001 259.08
169 0 381 259.08
170 0 370.84 259.08
171 0 360.68 259.08
172 0 350.52 259.08
173 0 340.36 259.08
174 0 330.2 259.08
175 0 320.04 259.08
176 0 309.8800000000001 259.08
177 0 299.72 259.08
178 0 289.5600000000001 259.08
179 0 279.4000000000001 259.08
180 0 269.2400000000001 259.08
181 0 259.0800000000001 259.08
182 0 248.9200000000001 259.08
183 0 238.76 259.08
184 0 228.6 259.08
185 0 218.44 259.08
186 0 208.28 259.08
187 0 198.12 259.08
188 0 187.96 259.08
189 0 177.8 259.08
190 0 167.64 259.08
191 0 157.48 259.08
192 0 147.32 259.08
193 0 137.1599999999999 259.08
194 0 127 259.08
195 0 116.8399999999999 259.08
196 0 106.68 248.92
197 0 106.68 238.76
198 0 106.68 228.6
199 0 106.68 218.44
200 0 106.68 208.28
201 0 106.68 198.12
202 0 106.68 187.96
203 0 106.68 177.8
204 0 106.68 167.64
205 0 106.68 157.48
206 0 106.68 147.32
207 0 559.4724036587852 196.3580659439415
208 0 292.6531316344598 199.7357080295322
209 0 437.2559175749008 198.0569966058112
210 0 366.1626096443532 198.8351778919054
211 0 172.7715871244968 198.1800572294179
212 0 496.8668862962864 197.7061956590923
213 0 232.8575277464543 198.2949593322834
214 0 403.2951494701412 178.4295341670781
215 0 330.0341749715562 220.2837750582137
216 0 403.7419133564791 222.1364502531099
217 0 330.0974368357123 177.2755522964624
218 0 529.8264494773831 173.7673553528121
219 0 467.0390608437888 175.52078540533
220 0 203.2803147559919 221.144816392338
221 0 264.0796852440081 221.144816392338
222 0 528.4283261257107 222.0840041046036
223 0 466.0847859593122 222.4073519002395
224 0 265.3757953895412 172.7881941776305
225 0 203.1201419878296 175.0150591615957
226 0 587.4409227444488 221.1117281490388
227 0 144.0535503712817 174.7822906482261
228 0 587.6900884357108 175.7743575629792
229 0 144.2179849391176 220.8256690858397
230 0 372.6602479638098 229.6921018123226
231 0 358.8597520361903 166.5478981876774
232 0 302.5443708885965 227.9901696885395
233 0 430.5835426017658 166.7500990316081
234 0 497.9681364527987 167.2395327808615
235 0 233.68 228.705100922722
236 0 432.525490137716 228.6358496538884
237 0 300.3514495126992 167.4469733354981
238 0 497.844631569182 229.4486310976085
239 0 234.1398522731579 167.6380039294646
240 0 557.5309665065928 166.9169340373575
241 0 173.9967611745547 229.9732765984984
242 0 557.5851764980101 229.3397560861186
243 0 173.958956532668 167.1530665202402
244 0 598.6533380581147 198.1200000000001
245 0 133.8585345745751 198.4191306514276
246 0 348.9406365621446 234.9400849247046
247 0 382.5793634378554 161.2999150752953
248 0 533.5761313305536 195.7970545954053
249 0 267.4539786188941 198.1676142371721
250 0 462.7113973445523 197.942213737948
251 0 209.713451801982 198.0573224178347
252 0 341.4584098396743 198.4767995124877
253 0 388.2330067699625 198.4064375582817
254 0 414.110771577047 198.4793741457721
255 0 317.1695619065205 199.0077271706602
256 0 450.7167952182674 162.077220810711
257 0 280.258460519393 236.6721215002147
258 0 451.3374455242835 236.3763885809736
259 0 280.2770022222738 160.211185517343
260 0 605.4633540500718 239.8593837458014
261 0 605.4477467730389 156.3888159708395
262 0 126.1117498164864 239.815870034883
263 0 126.0961425394537 156.4159302484762
264 0 411.847534280803 159.4744051020049
265 0 320.9255321574316 237.07839547818
266 0 392.7412776521842 236.9110388498968
267 0 339.6164348187886 158.6441191388385
268 0 514.4582232003003 157.5373782321749
269 0 215.468586777708 238.6040223386913
270 0 481.5617768802293 157.9602763636797
271 0 250.0218332959819 238.3060691386842
272 0 515.2467908677991 236.7298410988848
273 0 478.7572802234348 235.9728094965394
274 0 250.7737647744016 158.182843062825
275 0 215.3849643069062 157.6098896021796
276 0 318.7906961085496 157.9595031588266
277 0 414.3214971531981 238.5536898214935
278 0 541.7715688249248 157.0020927893864
279 0 190.2193542566461 239.3835551127728
280 0 446.6700418930698 180.1023579836203
281 0 283.8965235543637 217.4413896514259
282 0 541.2779239536374 239.7399898752045
283 0 190.1964762250783 158.0812298665953
284 0 447.0015510965117 215.3798875303978
285 0 287.5316212643612 182.2976102090517
286 0 577.025915469975 202.0710770700292
287 0 152.0504334101302 191.0503002297376
288 0 576.7085260298829 157.9268983777857
289 0 155.6899095326315 238.6479494337395
290 0 574.8227780998101 239.5437369604039
291 0 154.8492329831453 157.9333178061615
292 0 353.7085152100259 214.6583655334941
293 0 378.4060592604993 181.8212904307825
294 0 478.3591707906868 189.0374581981772
295 0 251.8066105281187 204.9391834180347
296 0 517.7632774607816 189.9615049478411
297 0 192.7845733851919 206.2956620917732
298 0 487.5534547067504 213.5941320166582
299 0 244.5678068408518 183.0668139681324
300 0 508.1265452932496 213.5941320166582
301 0 185.001227250859 182.9890279023461
302 0 221.9207487890224 182.9717516581642
303 0 220.882385962814 213.2212969795783
304 0 571.1281500736045 179.192821858231
305 0 160.4695993867635 211.8225638912704
306 0 545.9286534104382 213.6897729125384
307 0 545.1827633925953 182.9244824467877
308 0 125.3784653775022 181.9959259709513
309 0 607.3290791541424 214.7306430122989
310 0 605.3076843144738 182.7124938707893
311 0 125.4768088874231 215.4513308197394
312 0 305.9857818523783 184.5140100499017
313 0 419.3011987494207 214.9273596628432
314 0 419.0319197500068 182.5821392598955
315 0 314.2368209374532 216.5004568714191
316 0 377.4060423572133 211.3239949102807
317 0 355.2179987970558 184.4006587820201
318 0 166.9974176814453 182.6756127591675
319 0 565.0235468705673 213.6032352016225
320 0 363.5420858052375 242.4811732192723
321 0 367.9779141947624 153.7588267807277
322 0 294.6836133226415 243.1219671187358
323 0 437.0483047756102 152.4646581210752
324 0 436.5319207115537 243.8950489731143
325 0 294.356830258856 152.6353111279603
326 0 512.2845548289926 175.2197533910527
327 0 483.7724801925135 174.9232988433167
328 0 249.2069459477926 221.1600867540431
329 0 335.353397046434 243.6518973740566
330 0 396.2820434143549 153.1195563174595
331 0 177.2381324841351 213.2398762711564
332 0 497.84 152.6169207182437
333 0 233.6800000000001 243.6230792817563
334 0 558.6143793691903 152.3439112594538
335 0 173.0875832341216 243.4064478041257
336 0 558.6320685486878 243.9385716759471
337 0 172.8879314513124 152.3014283240528
338 0 497.8431507273347 243.7269430096708
339 0 233.6831507273347 152.5130569903291
340 0 498.1051111246821 183.9432081907132
341 0 465.0600867671604 152.9125511270017
342 0 266.4599132328397 243.3274488729983
343 0 585.992213083022 189.6997614305014
344 0 146.4964088080238 206.2563217887095
345 0 386.9659701854812 223.1618021214312
346 0 344.2753181866819 173.2092254459862
347 0 266.368141333199 152.8126521705081
348 0 465.1519689783917 243.4278270831926
349 0 189.0785150510324 223.1502595198576
350 0 589.7754829908499 151.6207332693472
351 0 141.74451700915 244.619266730653
352 0 141.6910842888906 151.5993664611302
353 0 589.8289157111096 244.6406335388698
354 0 315.4351262326319 172.6651559539805
355 0 378.7472792697888 244.1069314843203
356 0 352.7727207302112 152.1330685156797
357 0 236.5153500208115 212.1499139671708
358 0 433.1371163694862 183.949245370613
359 0 298.3828836305139 212.290754629387
360 0 522.9916762477874 206.8458921208714
361 0 472.5790762883116 206.8515339580794
362 0 259.3453377556768 188.8188931798724
363 0 198.2450079604624 188.9787076734737
364 0 433.4561168895672 212.1354694219477
365 0 611.1611890096858 205.1862294297227
366 0 119.7733309709427 203.1597094244058
367 0 573.9264996527829 224.8035472251025
368 0 157.6129346538584 172.1465983507391
369 0 422.6088053458561 150.5159150870351
370 0 308.9099438725382 245.1817556310945
371 0 528.0579137052807 246.3800433529752
372 0 203.4620862947192 149.8599566470247
373 0 527.9727685628152 149.8817884261907
374 0 203.5472314371848 246.3582115738092
375 0 401.5503461109267 205.100461569878
376 0 329.5090583903244 204.4719771785304
377 0 540.9486232923535 173.0569195576949
378 0 332.2679066714833 189.7017200833447
379 0 400.8641023457653 192.1121576980224
380 0 541.5014403232194 225.1070621158284
381 0 395.7692700031732 164.3180836659991
382 0 335.1514277798747 232.044959716068
383 0 592.3873361634363 208.6602900354329
384 0 140.2147825151368 188.7741506805
385 0 186.6855523930221 169.8317911974178
386 0 309.7372855326995 152.3823517518896
387 0 423.843206013948 245.1108507760773
388 0 360.1179325775148 227.6854047188413
389 0 371.4020674224852 168.5545952811587
390 0 402.8252795347118 246.8638280620892
391 0 328.648884780345 149.3123919573401
392 0 613.6353264226756 228.1140974497571
393 0 611.7919204702805 168.6918446826943
394 0 119.7280795297197 168.6918446826944
395 0 117.8769740304697 228.0547089152603
396 0 515.3996413001095 225.1300609150213
397 0 480.4334069849121 224.9430998502199
398 0 245.4975336796354 169.8237937876813
399 0 272.1366574724265 210.7797419076538
400 0 460.7739468236788 184.8827862242267
401 0 448.8042047173856 193.8844759900866
402 0 284.3189015933926 201.4370051565499
403 0 216.6068766159959 223.0250740189732
404 0 574.46870679169 172.458789598608
405 0 161.9215323640838 228.0411106642123
406 0 216.7625783841673 171.1604708883073
407 0 340.6038560327171 211.142868932602
408 0 272.3139512488902 185.79548147513
409 0 459.2061290343795 210.4447172857688
410 0 611.275561863755 245.7427081901633
411 0 120.2615558328363 245.7359854412263
412 0 120.251020901166 150.5031774755496
413 0 611.2650269320847 150.4981288930608
414 0 319.1751224507153 185.0541295372538
415 0 389.1781798083952 182.7218260065289
416 0 233.6071269165701 185.1769531501784
417 0 412.7351192371993 225.6994387939124
418 0 497.84 211.1397846643155
419 0 423.2822331621973 199.226223277075
420 0 307.4691318231119 201.4795792468062
421 0 391.7537559225461 208.3920703619234
422 0 377.6406016294044 194.1172453073042
423 0 354.7610130586832 202.0332988928717
424 0 379.7748160734924 149.6062672644716
425 0 351.7451839265077 246.6337327355284
426 0 328.9644406684325 164.7509420335813
427 0 528.0803634405879 163.8285949304324
428 0 203.0985937683155 232.7017881022161
429 0 341.5120060167079 185.3554862680609
430 0 528.2728232285249 187.550137487306
431 0 203.555179498273 208.7095002595831
432 0 612.1543511690578 189.8989086987334
433 0 119.4450568374781 189.461261502272
434 0 528.1777573199898 233.2583584345754
435 0 203.1204821454374 162.5221912269023
436 0 221.7173019543468 201.2927144765238
437 0 418.2272763116082 169.2553172255755
438 0 318.2225713613667 226.4667270379385
439 0 368.0588339275864 215.5208548270744
440 0 363.280194164564 181.2840924992281
441 0 445.1162819738877 224.3769030902771
442 0 276.2870923314423 169.3948396084175
443 0 455.5149260089688 225.7436293975003
444 0 287.1582994333789 169.0671598898692
445 0 442.2049244542559 167.6377696751354
446 0 289.1704849548067 225.8795371017097
447 0 455.3826767027113 169.2515701382594
448 0 275.9772613237609 225.0737795942704
449 0 549.2640974990459 201.2084616883594
450 0 486.6258089359083 201.600143783909
451 0 246.3263459707937 194.9740670870041
452 0 509.7399799096396 201.3566338655108
453 0 182.8555292239518 193.4229792663079
454 0 571.218660854322 196.0276403418125
455 0 160.5341830243379 201.1738629067188
456 0 132.4726460103463 170.344139820008
457 0 599.0473539896537 170.3441398200079
458 0 599.0473539896536 225.8958601799921
459 0 132.4726460103464 225.8958601799922
460 0 558.5403746814811 186.037188870756
461 0 535.2456508013357 211.1314448181691
462 0 284.2066940665736 247.6886259580864
463 0 447.257414003555 148.7705872684165
464 0 549.1849370625181 147.5766476249959
465 0 182.4283323210367 248.6142105129667
466 0 401.5184688694177 230.4941262126766
467 0 549.1383213282578 248.7549707671432
468 0 182.3751644115588 147.7109177673996
469 0 294.5419275887755 186.1980227463914
470 0 507.3509324008244 248.2945874805515
471 0 243.4056972203219 147.9932371303378
472 0 487.8310665586075 247.9489989495713
473 0 224.0430756890863 147.6739454767433
474 0 224.0718120363661 248.5220438762411
475 0 488.2223745352863 148.018101568716
476 0 507.2205893890637 147.7038704910255
477 0 243.3067126327439 248.2256620744788
478 0 447.6648281686295 248.0907760639305
479 0 283.8551718313706 148.1492239360694
480 0 345.3994140748858 223.116215628272
481 0 385.9912516873208 174.7220317375067
482 0 209.6877751874127 184.7973709130489
483 0 468.9192858779046 233.3967461580875
484 0 262.725135431892 163.3346288011951
485 0 262.7629218888646 232.0806584689657
486 0 467.8086083030232 163.8875080137612
487 0 586.118493154622 230.9804286114737
488 0 145.3583726702975 162.5543556098772
489 0 145.5568147968098 233.6824206034264
490 0 585.8801932440283 162.1997149230886
491 0 325.2486252893625 248.0461619312399
492 0 406.3240217230993 148.5845678348027
493 0 163.2555594299102 147.8886552255112
494 0 568.0004421533694 248.5280668839981
495 0 163.4182732209143 248.3085335169926
496 0 568.2532122313467 147.9093531794509
497 0 281.6982060568387 191.6885970674851
498 0 449.8217939431613 204.5514029325148
499 0 424.0700455067843 190.8894737097048
500 0 600.161285396773 147.5466612873299
501 0 131.3616533375666 248.6907111833341
502 0 600.1916166955547 248.6971803713882
503 0 131.3313220387852 147.5454471579479
504 0 152.5739962436067 180.9587268654394
505 0 579.0840734274382 215.4625363865658
506 0 596.7595076641791 187.0149899990118
507 0 134.4942824206745 209.3179843239733
508 0 386.463140933172 250.3245231336781
509 0 345.0568590668279 145.9154768663219
510 0 550.9015755033768 158.9650998185153
511 0 180.7022658671824 237.4901576707464
512 0 550.9212013176946 236.8477482324857
513 0 180.58691917692 159.1412198403309
514 0 489.7711448007066 190.962666276826
515 0 241.141244317929 159.4942677172239
516 0 505.1458345144654 236.9623187406552
517 0 490.5511913315005 236.9844547803471
518 0 226.542437418695 160.3103303280647
519 0 490.1089228265826 159.7287752483406
520 0 226.5060465284492 235.8420809594052
521 0 505.2378309872782 159.4422662734998
522 0 241.4110771734175 236.5112247516594
523 0 474.8459220401927 147.8334564738392
524 0 256.6740779598073 248.4065435261608
525 0 311.2078212298001 234.5612559488576
526 0 256.5514833751274 147.7633766021321
527 0 475.1089953280719 248.2632193969546
528 0 405.7180776541585 168.9160786021203
529 0 382.0858501950632 233.4062131722899
530 0 349.7086494691608 163.1286718245603
531 0 470.0529927473695 185.5607264166237
532 0 263.5871810110388 206.2769652041839
533 0 175.0184463071888 187.8075758723451
534 0 505.8895179178113 192.0532081095517
535 0 423.4295267771032 234.219452988874
536 0 308.5594580978902 160.9538185512621
537 0 580.5042132084016 249.1639456978157
538 0 150.7140743153464 147.2780224273379
539 0 150.8769758367394 249.0003758790969
540 0 580.7901557367999 147.2843004791844
541 0 564.7770399908425 236.1168631434781
542 0 166.3552134531147 160.2958986342088
543 0 565.4235449693073 159.7579419583617
544 0 166.0013798432872 236.1220748202156
545 0 556.2471072372864 208.3756828096642
546 0 195.1460456689059 215.7446284423898
547 0 319.5028734878114 148.4715589879092
548 0 412.6778836131334 248.1268213769839
549 0 409.1405764655908 187.9468540125853
550 0 176.128306399522 177.3328420782213
551 0 536.5773867912968 181.3005211189133
552 0 408.8159966532925 211.8048105227885
553 0 556.6050131772007 218.8795981803679
554 0 323.8845563937932 211.6521471797571
555 0 200.3253437242921 198.5212722058453
556 0 617.3748321661972 212.0572914908259
557 0 116.0326097036017 211.2482445555227
558 0 470.4738730731914 196.5627971513555
559 0 525.0501476321938 197.2491066019013
560 0 227.4467857976285 191.77777341114
561 0 519.8631654825602 167.8531599704704
562 0 256.6586010608137 214.4244700839503
563 0 255.0974082158482 179.1489904775997
564 0 506.095900503376 222.9390087302947
565 0 489.5840994966239 222.9390087302947
566 0 536.6141904865764 146.8354033826847
567 0 194.986408437013 249.4183831944756
568 0 520.126425246796 180.9243896047547
569 0 224.3371692425274 172.4025858484521
570 0 580.8107640472664 180.1167852407636
571 0 151.0283339119899 215.2601143025627
572 0 536.5663624623444 249.4986026886217
573 0 194.9461926688745 146.9995556365701
574 0 240.2640696076023 202.8506988945118
575 0 211.0564283306731 216.5846659456762
576 0 226.4055570162591 224.2617737400389
577 0 238.2757725594244 176.268263432821
578 0 274.2739167033437 250.3992930878488
579 0 457.2460832966564 145.8407069121513
580 0 168.5074208389977 218.968380254761
581 0 294.8017498904898 176.1749289130972
582 0 560.5080388025617 177.7400599187202
583 0 169.2624580272398 207.5622982550445
584 0 194.5750855599316 179.5654442618962
585 0 587.4810799145534 199.5058746801362
586 0 143.0138237080667 197.3165393140366
587 0 274.1728151139803 145.8129499479463
588 0 457.3471848860198 250.4270500520537
589 0 566.913907242948 204.1195936328058
590 0 164.6002234190678 192.377417677293
591 0 211.5013448900098 146.9263327517283
592 0 519.5941468327795 249.3277884317282
593 0 615.1624207948879 161.4572064696081
594 0 615.0776763889625 236.9227157695563
595 0 116.3847567167834 161.4832980735473
596 0 116.4423236110376 236.9227157695562
597 0 211.5408557679803 249.2912779674812
598 0 519.2859509750544 146.5036182375447
599 0 550.4502624658662 173.9811306611
600 0 614.784395389026 178.9719713676087
601 0 116.594115613347 178.8242795968654
602 0 542.5227313266387 194.2564666537436
603 0 310.1130178681448 224.4698301896499
604 0 421.2926302831074 158.9989493090856
605 0 420.8072063962875 224.6422332446905
606 0 476.5410668930243 167.8930782893828
607 0 253.6795668211993 230.3208198752585
608 0 130.3920242785652 188.8307378244666
609 0 601.9749243378361 207.0031370591466
610 0 369.4644798038501 187.5328421954856
611 0 362.0351989884817 209.1565930084873
612 0 181.8489062199631 204.1249259155478
613 0 520.2342457805082 216.5531194528761
614 0 475.1892860110455 216.4141902972248
615 0 368.9724766466092 249.2598581533794
616 0 362.5475233533908 146.9801418466205
617 0 135.3598535852668 178.434567806492
618 0 597.9820732211695 218.4035169173014
619 0 388.8199032613776 146.022204084554
620 0 342.7193368154206 250.3063715306987
621 0 312.2175413987389 190.5995898858728
622 0 371.8328136657512 238.2999018555572
623 0 359.719864865704 157.9752035012106
624 0 305.4509615813531 175.8044704285238
625 0 427.1400122125948 176.9546794051292
626 0 197.8389127375384 167.1905365962168
627 0 377.1924769523886 221.4609516799879
628 0 354.4455033051096 174.8256702363721
629 0 436.7686787857616 220.9068180794974
630 0 492.6145361275902 175.5390030472409
631 0 348.6869208115192 192.7624390334461
632 0 373.9080095007304 202.6713368283025
633 0 438.5799842447433 176.5368963638294
634 0 296.2289044735396 221.6919189381719
635 0 216.188606622499 191.4147832937877
636 0 258.0856451211272 196.187422740709
637 0 440.6886925311057 206.9164009431045
638 0 151.1860746384092 226.6234234240468
639 0 565.8889396207467 224.5644407738361
640 0 165.7373079965104 171.7740951033984
641 0 551.4411536506827 190.2252174063371
642 0 441.6058651182008 188.7076072051663
643 0 290.8359544066091 207.1374928684852
644 0 194.4678199894948 231.1613692181268
645 0 272.90723885562 233.6783373151735
646 0 459.7929381201723 161.9195030912361
647 0 213.5516621142351 207.1683387014094
648 0 238.0658323500639 220.5689127981971
649 0 411.0825999303011 177.4259846534509
650 0 415.487160530581 145.234263883025
651 0 316.0431187155901 250.9754162138094
652 0 325.9931902848341 228.9197200449789
653 0 430.2491406017832 146.1219824151289
654 0 301.2708593982169 250.1180175848711
655 0 229.8460257969843 206.6397481296631
656 0 402.57106578182 159.1710496946372
657 0 441.8415356352115 236.4954729156854
658 0 293.8930901104685 161.6899540368626
659 0 357.7097237450247 235.5458705848546
660 0 373.8102762549753 160.6941294151454
661 0 503.5107488592097 175.3374442933918
662 0 271.1395827622219 162.3481299343991
663 0 460.0070480586983 233.3704726510815
664 0 288.7799875393349 236.388106807414
665 0 436.8080495659455 161.0471642600794
666 0 302.040154873696 238.3506385414388
667 0 180.1537650601028 221.7447331471982
668 0 416.9291790215672 206.359694082399
669 0 315.2170931898629 207.2124112626592
670 0 245.4195682525338 212.6822109859846
671 0 335.3537692978202 171.3117369921323
672 0 359.3158515223861 191.8188526429589
673 0 382.1733627858018 205.0706471975437
674 0 566.8453191558721 169.9958892637467
675 0 497.84 219.8269416355741
676 0 476.1061030384124 179.0717791855887
677 0 300.8078415150796 192.2289152672026
678 0 594.4947773552656 159.2919709592634
679 0 136.6862747666514 236.6426351397431
680 0 359.4701968431726 250.7067711627267
681 0 372.0498031568274 145.5332288372733
682 0 186.1119985230162 213.3016234841379
683 0 135.2794922199383 219.0767634406195
684 0 596.1538114514574 177.3934868615476
685 0 509.9917550543507 183.2304440914114
686 0 255.8519472665832 167.1094440478338
687 0 428.951805797463 251.7253128977077
688 0 302.5558908941776 146.6425621465223
689 0 136.420688485615 159.7774340597746
690 0 594.895028687541 236.4331664173854
691 0 549.9175654330429 225.3900261281252
692 0 485.8757130975273 182.7343226917495
693 0 508.8871099685233 167.1049224902418
694 0 487.7483016593075 167.6869112875479
695 0 602.5487219977176 191.582956192977
696 0 154.1695886106775 206.9423557815528
697 0 576.5769921752101 188.7753292130743
698 0 431.3699363552128 236.8763024935687
699 0 243.7900524641274 228.5988224705074
700 0 343.4385309547733 240.9007693393369
701 0 388.2427486994883 155.8464247229299
702 0 264.5606061537698 252.0875697544127
703 0 466.9593938462302 144.1524302455873
704 0 303.5253505560881 219.0762563375618
705 0 466.7147376952946 252.1078774593929
706 0 264.4167688241411 144.0380032374349
707 0 393.2105366974301 228.717540087985
708 0 396.9363122406135 252.107127904877
709 0 334.5782311302266 144.1252792402931
710 0 428.4752506569389 218.8865979668242
711 0 324.2339637847479 173.6187473865018
712 0 396.7811936797664 144.4092656473632
713 0 334.7762718302434 252.032886167199
714 0 438.4556219326116 144.7131725421922
715 0 293.8882333574864 251.8177221323386
716 0 385.3189846639819 189.745324951062
717 0 124.739086680875 196.5325990783583
718 0 365.3797308777854 232.9101542871763
719 0 366.1457155441238 163.3356966056183
720 0 497.8061377034786 144.2847795902576
721 0 233.6826463813015 251.9537458398083
722 0 126.4153535178645 207.1761516945768
723 0 328.6444405368689 239.0500014639196
724 0 558.7503612375793 144.2081342101733
725 0 172.8305983965818 251.9517377752533
726 0 558.7357991867668 252.2363418835427
727 0 172.7712364703974 144.2111822636358
728 0 294.0095785968808 144.3494194421104
729 0 440.0132944928299 251.0940244207223
730 0 190.4786537412396 188.8000756988799
731 0 497.7693070981095 251.9140866742685
732 0 233.6931319481061 144.2445946167607
733 0 404.2415386478021 238.8816795414354
734 0 442.8070976035268 158.3994800270835
735 0 346.310017484624 205.6393002867514
736 0 617.2221983168542 221.4271860105433
737 0 115.0491299214586 221.204290189669
738 0 338.9670285463623 220.1267240463289
739 0 394.4723825119244 174.0562257623351
740 0 515.6134435541442 207.4031150439201
741 0 480.2760449254616 207.3129171117895
742 0 251.7359435944398 188.7746902580464
743 0 287.6189272808766 156.4890981361054
744 0 535.953154584016 230.5896125763407
745 0 536.7270398680607 165.1049907396816
746 0 589.490417210235 143.7426329875503
747 0 142.0405208588523 252.5004317959006
748 0 589.4756811672787 252.5207757320129
749 0 142.02254232092 143.7341364877022
750 0 301.1889277757581 157.6299538060469
751 0 573.4959252338708 210.1292014563083
752 0 159.1645948269445 185.1592646497425
753 0 325.6571712389492 143.3821278863392
754 0 406.4 252.7797288514872
755 0 184.7697468998355 230.4838918778667
756 0 392.990515656498 218.2862657738613
757 0 539.5432452256653 203.4595755607527
758 0 456.6250953011102 154.0413487748556
759 0 274.5448864535071 242.3493192681764
760 0 536.1463392869504 219.0791907309697
761 0 578.3400475942838 231.5417595177771
762 0 150.3550065476177 168.786294045867
763 0 112.8369219557664 172.72
764 0 618.6830780442338 172.72
765 0 306.2879839027938 210.1891406738297
766 0 274.3178630512385 153.7740892081289
767 0 457.2021369487616 242.465910791871
768 0 405.454923042614 197.9515383685859
769 0 326.2363672387978 197.8319861955059
770 0 311.6529067031635 181.7274711711065
771 0 238.3894027568784 191.5154785559027
772 0 589.2164938560607 182.0639415047724
773 0 142.1175719418217 212.8300857373843
774 0 547.3180105445085 166.3909281981758
775 0 493.7150659129599 205.215673280069
776 0 502.2912908442391 204.0775728666928
777 0 464.817296028811 204.890075526671
778 0 466.933742165427 213.3324566288704
779 0 266.0509353853595 190.6517034343349
780 0 264.8973844416421 182.8464009599974
781 0 384.2675079600809 215.2793426594209
782 0 431.0769139143619 192.7592811157558
783 0 327.6995587401078 156.4009455487084
784 0 264.6963127492883 213.2841209026111
785 0 464.1858102430913 191.337801851923
786 0 229.9103983216858 215.5163386548867
787 0 114.6835635163665 197.0532625356145
788 0 616.8315353447923 197.3258188800546
789 0 425.7809981367229 210.5012725399018
790 0 486.7558725650218 229.9966588630181
791 0 508.4277247309689 230.1537451369335
792 0 289.5126086438051 192.2007868710076
793 0 214.35631805504 178.517514157556
794 0 369.5787600209337 208.0135979334814
795 0 219.210839130082 164.6748234950302
796 0 336.9963345377803 179.8541570647659
797 0 396.8322016739104 198.9370818348507
798 0 334.3159406222734 197.7662231003621
799 0 354.1096464870799 144.0310511932834
800 0 377.4103535129201 252.2089488067166
801 0 472.7417759268598 157.5367853093305
802 0 259.1354111781021 239.5156273038132
803 0 150.9724151117919 200.4737232290254
804 0 317.4549027102495 166.3774131777859
805 0 455.0160792266254 217.4111284367654
806 0 276.5054628544199 178.8326893625781
807 0 522.3543733218929 228.4656011525184
808 0 544.0216692988561 231.8004255974512
809 0 218.8876710700063 230.4410231367626
810 0 617.6768573214736 251.9168573214739
811 0 617.6768573214738 144.3231426785262
812 0 113.8431426785264 144.3231426785261
813 0 113.8431426785264 251.9168573214739
814 0 497.8550164692878 236.7497272487298
815 0 233.7984906304065 159.7824692665854
816 0 272.7426046650131 217.7940574576062
817 0 456.1679956330168 176.9089021670804
818 0 210.8824044918991 228.9048473388616
819 0 393.0828383664318 191.3689064221849
820 0 259.5050199606902 156.5868362389241
821 0 471.6451441987801 240.0943774076041
822 0 299.406154485428 203.8435984525405
823 0 233.7794863753334 236.2464192959446
824 0 497.84 159.8034611614083
825 0 429.7650788623447 155.9831280373354
826 0 478.6950111582464 198.6722539259636
827 0 530.7222069859791 204.6742526963001
828 0 191.3054183545895 196.9651622935924
829 0 516.9747705395358 198.6657977636841
830 0 339.5837224881768 166.2089390870197
831 0 347.6585887057216 180.7085829782871
832 0 208.7944482257508 167.7691009512163
833 0 399.7705055399485 213.1440116963122
834 0 205.8090580650719 191.4348822864285
835 0 579.6589722994165 195.2159365471107
836 0 352.6299276261435 226.4565683968129
837 0 378.9565352642468 170.0459892217664
838 0 431.9234787014759 203.2659406505993
839 0 147.6903125016846 240.5295620139525
840 0 584.4248679697266 155.6852126974739
841 0 583.8770395288834 239.2356808108213
842 0 147.5493696204253 155.7395986988034
843 0 158.184553833931 220.1331469119546
844 0 497.752787922629 191.0333800954614
845 0 333.5489366798178 212.0063460370832
846 0 592.6434316728735 193.4309293048986
847 0 590.9583042566991 169.0143549985402
848 0 140.5599043388074 227.4417855406944
849 0 444.4039257121884 199.2167110810845
850 0 159.2393194114089 165.1553097885949
851 0 366.7807006483429 224.0998977586495
852 0 365.1044184906253 172.48352646779
853 0 230.5822527687299 177.2308871552936
854 0 337.8159629565952 204.7582043134259
855 0 139.9516442213162 168.3167596215851
856 0 592.1532146841462 227.7769785049103
857 0 527.8126306048848 213.6634992494694
858 0 566.0786596206342 187.7088641337351
859 0 572.4576475307445 217.9493874856181
860 0 160.4172502804731 178.5428595456974
861 0 536.4853373900547 188.5759349582978
862 0 558.0494917585332 159.4344120382434
863 0 173.4739158767456 236.6266933690437
864 0 619.2685704570405 243.84
865 0 112.2514295429594 243.84
866 0 112.2514295429594 152.4
867 0 609.6157835094924 142.8892171910286
868 0 619.2685704570408 152.4
869 0 121.9047121953836 253.3503395980672
870 0 609.6179110725107 253.3510263919547
871 0 121.9025846323656 142.8894168189496
872 0 345.7214730900535 154.6450098320531
873 0 386.2411468473074 241.6508401012989
874 0 558.057063592629 236.8016585948622
875 0 173.4472551535038 159.7229033297082
876 0 532.3089706809851 239.8911981837478
877 0 199.3950024302119 156.5356100105912
878 0 327.2141100563639 183.3804685989658
879 0 199.0162946688762 239.8093081064624
880 0 532.4845951763937 156.510054805167
881 0 279.780177303477 209.9342437873864
882 0 456.4453905552742 194.7052099104808
883 0 274.7850776841519 201.4739189946325
884 0 451.7445741234376 186.5318899134435
885 0 397.7581470217294 184.6149168702515
886 0 203.2247030217711 253.3235405406566
887 0 528.3200000000001 142.6778734537467
888 0 528.2813922844858 253.3431468981977
889 0 203.2161195259061 142.9110284198285
890 0 523.7284174153688 156.566673613049
891 0 207.2589944853273 239.2782425712536
892 0 207.4236927411606 156.5456771934439
893 0 523.9917324909678 239.5628791624887
894 0 202.2874137521416 183.9582928592886
895 0 197.0142578467481 224.7805723349857
896 0 415.5120304326894 152.5616202431907
897 0 316.222921916283 243.4057174253726
898 0 416.1219051981318 231.2615230662112
899 0 412.7656876465902 218.6211544162855
900 0 408.7616761848682 232.0292178560329
901 0 573.1859396021662 165.8443958125713
902 0 581.3860746296348 169.0478995020481
903 0 425.9207296762763 184.358941063143
904 0 309.105245786449 168.4863396901381
905 0 472.4125775106117 226.4977947548411
906 0 257.2775441925356 223.8261703149111
907 0 607.2206766528674 198.1861750434391
908 0 571.5510609916931 231.3140695241196
909 0 291.7029502039666 216.8882186378359
910 0 145.050219753144 182.1984778807615
911 0 583.4904275821498 208.8937262767978
912 0 360.5551848296826 219.5962807072266
913 0 371.1022924010451 176.9537226827019
914 0 605.3746982162194 173.9921331354863
915 0 126.0854331458135 164.9755953177734
916 0 126.0393995314809 231.305931878728
917 0 606.7298424644866 223.1620735599372
918 0 553.3502422406125 181.7201938532242
919 0 322.3763982179159 204.0651931731467
920 0 409.3722432810895 203.9391757378847
921 0 394.9081159759652 244.4565062655459
922 0 336.8869069377249 151.5072037639259
923 0 417.4801187347401 191.7955188122963
924 0 281.8316594578799 229.1888786617014
925 0 448.4770138928562 172.5219432169552
926 0 139.3732035663993 203.7700357861804
927 0 322.0045338620523 191.5111992987845
928 0 299.9414316261526 181.3230761425463
929 0 295.5745860087692 232.2370563660016
930 0 461.6885679956383 169.4976063239124
931 0 269.6939423954533 225.9543298456708
932 0 440.3947885008827 215.0716742133822
933 0 338.6826296622991 192.1399357244435
934 0 322.6190433932595 220.1445356033449
935 0 605.219819599891 165.0276851729832
936 0 605.6237903382394 231.3511937878312
937 0 125.9364322103326 173.8777255324641
938 0 125.3657417668528 223.498147570668
939 0 579.9862633503149 222.685111544731
940 0 312.3432099829377 144.3632945772642
941 0 419.8824135664465 252.0919532163326
942 0 112.7699008381822 203.5722433031086
943 0 618.8565265165009 204.2796904923904
944 0 345.4716792485434 215.2521381397188
945 0 458.6004013812357 202.5067238786767
946 0 272.4604297988269 193.5554630417509
947 0 343.1552033819795 229.941994616737
948 0 387.8675075580069 166.5957003697219
949 0 768.106784695156 149.7747609994466
950 0 711.0784097632782 213.2308503359079
951 0 698.2995701981531 144.1800253445143
952 0 569.121390275651 66.19595500273695
953 0 507.8135951311845 77.12421013195808
954 0 446.9383054004007 77.17254856556137
955 0 385.977749463194 77.17050648783864
956 0 325.1200000000887 78.44835875737201
957 0 264.2622528223424 77.17049115080205
958 0 203.3022528223425 77.17049115080198
959 0 142.2399999999996 76.41203542504412
960 0 668.4593664930796 71.21220161419184
961 0 742.8852298551089 80.2829485434999
962 0 671.9770454207106 183.1757266897412
963 0 69.66282379870034 76.58294780246658
964 0 673.180105081549 239.9792718899899
965 0 619.7600000000001 89.35020042835455
966 0 829.2073830837032 87.08523643425448
967 0 784.3301163293615 225.8805941860165
968 0 52.97714285714289 172.72
969 0 55.60119903788399 221.0378493074258
970 0 660.9598234906456 143.7676736164719
971 0 837.4750005271503 173.862539142516
972 0 538.2836342251561 98.72955177913667
973 0 477.7009427140205 99.06791540247478
974 0 416.7576828406087 99.09410910852316
975 0 172.5247873644513 99.09420925486125
976 0 114.3579127434686 96.94342673380541
977 0 355.7952126346932 99.09420925332529
978 0 294.4422617294149 99.09420925486154
979 0 233.4822617294149 99.09420925486162
980 0 658.0471349709762 213.36
981 0 58.41421397194637 122.0080459157186
982 0 589.7087821748892 103.4938215071422
983 0 74.26400793355685 252.1479883041194
984 0 646.8943972129947 110.6418381013591
985 0 728.2074934738898 176.665604802777
986 0 850.8312044244694 239.0241318985395
987 0 507.9786966647963 108.919333411548
988 0 447.0399720241188 109.0865398064958
989 0 386.0799999998449 109.1018244187535
990 0 142.2538050489044 109.0945238610208
991 0 264.1461949510954 109.094523861021
992 0 325.1061949510953 109.0945238610211
993 0 203.2000000000004 109.0872232929507
994 0 76.95221482456321 192.5589978802638
995 0 75.27528892525601 151.6384844884581
996 0 678.8950271667177 117.7115164309885
997 0 740.724521047129 119.6845022843393
998 0 646.4963551960479 161.9187462297221
999 0 780.4003412565783 106.7129329675652
1000 0 558.8000000000001 113.070598781403
1001 0 786.6593245071549 56.28034731318257
1002 0 741.4379911432278 254.1984583296243
1003 0 608.4932349053089 46.57748613226484
1004 0 813.693490945844 138.8890481605945
1005 0 646.2365351600354 234.7729843143517
1006 0 647.272073924516 193.04
1007 0 108.3706864618679 61.00228501844362
1008 0 295.5277919825093 47.83039421632608
1009 0 234.5677919835202 47.83039421440344
1010 0 173.7239949274435 44.85796914131626
1011 0 354.7191697167453 47.83052678994422
1012 0 415.6621481477843 47.86344422462555
1013 0 476.2488536934071 48.17493005724356
1014 0 609.6 114.6811641341534
1015 0 80.1159197567211 222.6341493010864
1016 0 700.8512228157748 50.74645912699755
1017 0 749.5968006141965 210.7941632460995
1018 0 864.3467487308128 137.9296770693716
1019 0 529.8786350509495 47.04945368405063
1020 0 648.2293871331104 262.8346755702776
1021 0 86.18725838823872 174.210057945631
1022 0 797.2299675627294 185.3668426263684
1023 0 699.0314358107853 171.5277282658815
1024 0 87.37850824216144 114.2446617491734
1025 0 867.3205826789274 47.85780451517573
1026 0 710.6190982863781 98.94954577129532
1027 0 527.6081899264213 118.4341810805157
1028 0 466.4470142481121 118.4228764627258
1029 0 488.576228768865 118.468703573085
1030 0 427.6329806528934 118.4230451366991
1031 0 405.4826555857296 118.5023528553084
1032 0 183.7930621420798 118.4231764724618
1033 0 161.642655584649 118.5023528583162
1034 0 283.5669378579204 118.4231764724619
1035 0 305.7173444153511 118.5023528583164
1036 0 344.5269378579204 118.423176472462
1037 0 366.6773444140872 118.5023528563042
1038 0 222.6069378579204 118.4231764724621
1039 0 244.7573444153511 118.5023528583163
1040 0 678.4534781422514 158.6965557134678
1041 0 122.4133603954756 118.0067499418399
1042 0 642.1595356826699 142.7401456651013
1043 0 138.8896350397674 42.76568478016284
1044 0 684.4127935829015 205.6267541776587
1045 0 705.7932599411675 251.9925061492179
1046 0 35.47528019327405 254.238886917675
1047 0 648.0908674625339 38.36044763786529
1048 0 578.2907075915805 119.9441035490861
1049 0 811.6237827735366 262.8372999063021
1050 0 42.04283759645813 42.04283759645838
1051 0 595.5083754791524 75.20708074879457
1052 0 745.4526913979847 38.5587714012814
1053 0 872.4536271676252 204.7608825677479
1054 0 723.847320580107 146.1882446406666
1055 0 37.20694093184483 92.98605237901668
1056 0 537.1827380586478 68.84255164644429
1057 0 628.8306995171934 118.048863900796
1058 0 821.556925115078 213.1648439853837
1059 0 28.80870409307437 199.5365776966035
1060 0 641.6764166273452 213.251871730716
1061 0 870.3548268905314 91.88993837442615
1062 0 761.5684389339274 179.8394219700016
1063 0 77.50201238604774 42.88162362613397
1064 0 406.4 282.7866666666671
1065 0 388.4734543078322 280.8774078045928
1066 0 365.76 278.7576916990362
1067 0 343.020728372958 280.2828897400615
1068 0 326.2072648428667 279.627143278041
1069 0 304.8 278.7547553987337
1070 0 282.0609523809524 280.2827148872559
1071 0 265.2472784487948 279.6271326577295
1072 0 243.8400000000001 278.7547553987341
1073 0 221.1009523809523 280.282714887256
1074 0 204.2872784487947 279.6271326577294
1075 0 182.8800000000003 278.7547553987336
1076 0 160.1409523809524 280.2827148872561
1077 0 143.3272784487941 279.6271326577299
1078 0 118.9191625278131 277.9800176407092
1079 0 425.8745771332399 280.3833494245639
1080 0 449.4849794151073 280.3041022485997
1081 0 466.2742966202325 279.6284318402732
1082 0 487.68 278.7547553987337
1083 0 510.4190476190475 280.2827148872561
1084 0 527.2327215512055 279.6271326577297
1085 0 548.64 278.7547553987337
1086 0 571.3790476190475 280.2827148872561
1087 0 588.1927215512055 279.6271326577296
1088 0 609.6 278.7547553987337
1089 0 566.5387037228462 84.01061906708809
1090 0 476.6818465133904 69.35181433766107
1091 0 89.28207911038652 201.7325152632967
1092 0 87.56471472935465 244.8602064999489
1093 0 680.8606964446326 279.551243736977
1094 0 416.7036948490947 68.38086162845948
1095 0 355.7496802607081 68.35677956050833
1096 0 294.4914687457587 68.3566811853793
1097 0 233.5314687461131 68.35668118402003
1098 0 173.4239425669289 68.68373619195661
1099 0 640.2374496733544 177.7946221480654
1100 0 87.93969890410551 144.1555388063406
1101 0 568.6753734466681 30.26717884578493
1102 0 31.10514033625816 146.2028321438349
1103 0 876.5629226564067 163.9660832478419
1104 0 85.57897896363039 280.6711010874195
1105 0 825.1260989312186 38.74430023521893
1106 0 204.0683602030329 44.05345638211995
1107 0 265.0089930455437 44.54886056128831
1108 0 325.1252592526646 44.54888265851692
1109 0 385.2384627053061 44.55448460358659
1110 0 446.0760675393263 44.63446665162564
1111 0 636.4925727868447 65.73809561317117
1112 0 774.1466100582352 265.6240267214624
1113 0 507.9940606510452 120.9754553537328
1114 0 447.0399931944501 121.0328685624995
1115 0 386.0799999999737 121.0276438659282
1116 0 142.2441155446488 121.0303627356423
1117 0 264.1558844553512 121.0303627356423
1118 0 325.1158844553511 121.0303627356424
1119 0 203.2000000000002 121.0330816020401
1120 0 548.3018564206815 119.744923457312
1121 0 709.9910564790007 119.4061878294329
1122 0 683.0913930458875 88.49211895552691
1123 0 597.7598492651373 120.7413384104277
1124 0 650.7979220703644 124.4370306242505
1125 0 877.5747346039743 263.0973167572737
1126 0 505.81657561208 46.41316973914216
1127 0 639.0671694835316 280.3547591450415
1128 0 679.2692162137801 132.8377812935838
1129 0 107.1778153303605 21.37724566792608
1130 0 101.0464950518598 117.8587630757834
1131 0 657.5165397051233 175.8569788740042
1132 0 715.5913848307098 191.6661502837079
1133 0 86.04172339850987 93.00469975923319
1134 0 749.0957654753986 155.9093102699933
1135 0 673.7889519249791 48.31714407759112
1136 0 691.0567607987164 236.3145656831397
1137 0 666.7574455190394 97.67537958804587
1138 0 642.9793174431625 88.4256157919487
1139 0 635.0705749094122 245.3975419384963
1140 0 762.9820160182364 125.1262889955165
1141 0 25.92732188938868 229.2386502671271
1142 0 89.18320183616743 187.7768933019151
1143 0 662.827681153778 197.6151627101856
1144 0 494.740366330628 90.45017029946246
1145 0 521.1579542227163 90.43343710724538
1146 0 434.093963250872 90.9972204018553
1147 0 459.4024601841486 91.70382623378633
1148 0 373.1276032709875 91.0034040643807
1149 0 398.4425174816373 91.70522928250141
1150 0 155.1861861732653 90.95733562582738
1151 0 190.8374825174827 91.70522930405463
1152 0 251.7974825174825 91.70522930405458
1153 0 312.7574825174826 91.70522930405467
1154 0 277.1058614037988 90.99824410417521
1155 0 337.4825174825176 91.70522930405465
1156 0 216.1458614037989 90.9982441041752
1157 0 732.13018945453 228.434890733176
1158 0 665.1880923048923 155.9508234176474
1159 0 689.7323102915952 188.4627129709758
1160 0 721.6983232311045 273.7387680467833
1161 0 639.1383839149435 130.4687553191978
1162 0 774.0881929171815 199.3774494898341
1163 0 638.3305202792152 154.1677416194673
1164 0 94.34194666782832 163.1696746675421
1165 0 788.1942601591595 131.7350554970852
1166 0 797.9216744012051 157.5297017788189
1167 0 129.2942962226335 90.48334395807129
1168 0 52.14370944839226 277.7555358104723
1169 0 68.40323377773854 102.4876277005965
1170 0 477.5284733598027 125.5733514341621
1171 0 416.5485242119842 125.5788928159138
1172 0 355.6114641464497 125.5789140167971
1173 0 172.7085358533699 125.5789140171222
1174 0 233.6914641466302 125.5789140171221
1175 0 294.6514641466302 125.578914017122
1176 0 753.8773794788791 102.8591721489186
1177 0 843.1520422269836 273.235571802302
1178 0 54.18544014811238 203.1775540681593
1179 0 836.6517395561575 118.7668841640463
1180 0 760.8248846853992 233.7493335135567
1181 0 615.650872051162 68.24342749868592
1182 0 771.6010170069412 79.62744984564307
1183 0 808.0596741664831 111.0326726096683
1184 0 549.0708841687672 83.93637257847169
1185 0 704.4562345201442 75.52055575811258
1186 0 94.66266381177775 223.52
1187 0 880.3003748416608 235.535131118609
1188 0 558.9861367724825 125.5670712771982
1189 0 798.1537995871629 83.7310012753003
1190 0 675.6028195514895 221.6218428423683
1191 0 26.83832484969037 172.1837143217049
1192 0 770.408370677343 28.07434235111826
1193 0 637.3065691949246 201.102053442553
1194 0 694.0218024519359 129.1548245362334
1195 0 840.7881647629794 148.128474364743
1196 0 604.2915095870932 99.78086459207594
1197 0 637.7286034345357 166.8829816411779
1198 0 74.10916758092969 206.2871356020954
1199 0 588.5023827843343 57.06399938586799
1200 0 636.1530876601125 223.4252137331341
1201 0 89.56087442595725 262.1622296114443
1202 0 35.88972092953361 119.5587076394264
1203 0 157.1049635435459 61.84844006619501
1204 0 619.5764613357039 125.4468656811247
1205 0 55.05035085613497 152.0295656182583
1206 0 710.3771866233214 154.9253827716276
1207 0 114.2061461646015 78.45436079453327
1208 0 735.0204412783589 193.4494996860989
1209 0 624.9393342912806 24.06891524225958
1210 0 70.30939539095078 136.3829906074907
1211 0 95.35785867633422 129.7203282475706
1212 0 498.1034697898484 126.9534492462859
1213 0 517.9191312442732 126.9528798388014
1214 0 437.1536513188512 126.9698739279572
1215 0 456.9263441715041 126.9698538148894
1216 0 395.9672584919423 126.9771279936801
1217 0 376.1927415080236 126.9771279938214
1218 0 152.1278464264132 126.9775164047466
1219 0 193.3136852150679 126.9699672971754
1220 0 254.2721535735868 126.9775164047466
1221 0 315.2321535735868 126.9775164047468
1222 0 335.0057268499825 126.96957888769
1223 0 274.0457268499825 126.96957888769
1224 0 213.0863147849325 126.9699672971756
1225 0 132.0800000000001 127.1917519846537
1226 0 103.1858769544928 277.3244363191805
1227 0 665.268895479275 131.0069341188032
1228 0 658.7707245313816 280.0690205327169
1229 0 638.245346408593 257.3487243931891
1230 0 651.6592758747656 151.1899168901824
1231 0 573.5950046096106 104.7574947766124
1232 0 215.1693466569538 62.2740951617179
1233 0 276.934918713074 61.98960262292012
1234 0 373.3063738401683 61.99032960481739
1235 0 434.2459119849658 62.05838825752453
1236 0 844.0247535946418 202.0416925638222
1237 0 638.4199682155372 188.4991565975636
1238 0 632.7992670406632 101.9974011397079
1239 0 45.3177511130861 67.94935878485229
1240 0 592.8641125553486 29.82615710860692
1241 0 554.0074904224434 50.77677710346575
1242 0 750.2214191331607 278.2626003838556
1243 0 683.6828960753395 171.3589441284057
1244 0 68.82876683324082 236.2920360336859
1245 0 70.57073629689285 177.3517419951187
1246 0 890.6948767094627 23.82072834037078
1247 0 814.9405553071416 172.8007992468343
1248 0 732.3899029139915 99.76794704694187
1249 0 884.5643015712867 115.1316743320813
1250 0 396.2400000000001 271.0225859588549
1251 0 416.5600000000001 271.0225859588548
1252 0 693.7466535033374 108.1733787802513
1253 0 725.7809344629236 62.38266844279306
1254 0 376.2312100705178 272.2996159225867
1255 0 437.0124623640853 271.6963363075277
1256 0 355.2541209579724 272.2146474781295
1257 0 457.2825604977733 270.235346474705
1258 0 172.3744217687077 272.2139932891675
1259 0 233.3344217687075 272.2139932891678
1260 0 152.319110230184 270.2339684693399
1261 0 254.1553254926852 272.1203386849498
1262 0 579.2008897698162 270.23396846934
1263 0 559.1455782312925 272.2139932891679
1264 0 619.1309423853793 269.9342360706394
1265 0 335.1990957978514 270.2339797347139
1266 0 315.115323548981 272.1203402021372
1267 0 538.3246745073151 272.1203386849497
1268 0 518.2408897698161 270.23396846934
1269 0 294.2944217687075 272.2139932891677
1270 0 477.3648995372334 272.1205242824559
1271 0 498.1855782312925 272.2139932891679
1272 0 599.2846745073151 272.1203386849497
1273 0 131.9405277679742 271.4339426397138
1274 0 193.1953254926851 272.1203386849496
1275 0 274.2391102301839 270.2339684693398
1276 0 213.279110230184 270.2339684693397
1277 0 691.1436858948596 25.10428415389728
1278 0 721.1868389225591 26.70209877508347
1279 0 570.6155517075215 127.5558330202487
1280 0 883.1237311054513 68.86294144017674
1281 0 494.1848236522064 24.49555727848094
1282 0 778.0817451395378 171.8172749205999
1283 0 669.0538810370879 168.4956300778784
1284 0 433.3079580749614 24.52332982913406
1285 0 372.3255917606069 24.51796709048931
1286 0 311.3654973577859 24.51794509457588
1287 0 250.4054973563356 24.51794509423794
1288 0 189.4454973563356 24.51794509423785
1289 0 493.8617847066269 62.56839565002878
1290 0 126.6071590617998 63.59726433908145
1291 0 840.497126324354 55.79647785369986
1292 0 97.31165763955289 172.72
1293 0 97.21414948823809 152.1664316260908
1294 0 97.45018543934208 233.68
1295 0 97.37334077062968 212.8649444389972
1296 0 219.8543148496128 24.15565886107072
1297 0 280.8126679825166 24.1977850669746
1298 0 341.5505368789009 24.19780008998362
1299 0 402.4383056799483 24.20155272892163
1300 0 633.428039545912 234.1911479971964
1301 0 607.882144103437 126.8124791312648
1302 0 464.2629190541373 23.98742530438747
1303 0 810.2502969770841 232.8989320968277
1304 0 528.1294642341389 129.6843205464282
1305 0 487.7992012161751 128.683525754445
1306 0 426.8399138962989 128.683279765985
1307 0 467.2397787530019 128.6826950548837
1308 0 365.8826071498531 128.6921231210786
1309 0 406.2773916622098 128.6921209576072
1310 0 284.3600131484217 128.6832735814469
1311 0 345.3200131484033 128.6832735814138
1312 0 243.9625471566906 128.6921627552133
1313 0 304.9225471566906 128.6921627552134
1314 0 223.4000731417839 128.6833132150681
1315 0 162.4374528433095 128.6921627552136
1316 0 182.9999268582163 128.6833132150684
1317 0 555.6104100551124 98.9266173510135
1318 0 122.0186720790952 129.5758837005458
1319 0 111.1654472456397 126.5159799442127
1320 0 660.2313829094478 228.6218108248098
1321 0 662.649197389348 111.6398361932494
1322 0 26.12964472702811 279.1038664116796
1323 0 156.1059442037071 24.81210386841029
1324 0 657.2616129457222 245.5845224170655
1325 0 693.0770859936466 157.0161234048112
1326 0 672.3897726078053 144.6062848946073
1327 0 889.7202874818108 143.1825998782398
1328 0 493.3375566145035 105.4558166071686
1329 0 648.2621118242337 204.4539931148875
1330 0 757.0361755759574 60.30885593428734
1331 0 849.5095574588072 27.24570911593878
1332 0 688.0299872677665 256.4775730569489
1333 0 400.653577572803 105.7090761689894
1334 0 371.4782818876428 105.6088297312285
1335 0 156.8428030391034 105.6012055917495
1336 0 310.5444423586985 105.7080475457823
1337 0 249.5844423586985 105.7080475457822
1338 0 522.559091471982 105.6292265699748
1339 0 587.1851950371714 89.28455608354517
1340 0 799.5334960496969 208.2328319675482
1341 0 517.8690660181779 61.94649926125092
1342 0 432.4187327113476 105.5976398665505
1343 0 461.6319675730096 105.6947470614217
1344 0 339.7120136165676 105.7001100285061
1345 0 278.7792126188537 105.5991121430285
1346 0 188.6060142334671 105.6990670904295
1347 0 217.8211847686973 105.5980692047328
1348 0 518.1319787812942 27.48852377996246
1349 0 57.45163664530094 254.4396985724525
1350 0 802.4704032603026 25.07220893080436
1351 0 254.0091577146011 62.88373828540659
1352 0 193.0795696922859 62.4076913344864
1353 0 335.6439593057661 62.95364621753325
1354 0 314.2028574351418 62.64983261440381
1355 0 396.2298359753769 62.89432322421044
1356 0 456.9448746083636 63.12911063908865
1357 0 151.2675165644682 116.0772340852433
1358 0 255.1344692516981 116.0850213996774
1359 0 316.094469251698 116.0850213996778
1360 0 377.0539115283323 116.0780954126251
1361 0 395.1040374118891 116.0854020042199
1362 0 194.1416040933844 116.0681814416986
1363 0 334.1773296488866 116.0684540484397
1364 0 273.1793376883678 116.0857402581213
1365 0 212.2208304491805 116.0853586086696
1366 0 438.0190579049204 116.0852319198711
1367 0 456.0983952201368 116.0678930430178
1368 0 499.0825729581595 116.1038221203648
1369 0 517.0532446117672 116.0711939616705
1370 0 666.8367929166236 24.16281233150531
1371 0 686.129433759973 66.857695906484
1372 0 127.9684436540542 105.1220415198293
1373 0 619.9356034821747 107.8844416256126
1374 0 812.9950575021172 61.64736848148804
1375 0 632.7600882463187 142.1171630055861
1376 0 538.2755526021465 126.9961773205463
1377 0 19.98909782805384 77.25775393510747
1378 0 133.1954204294368 116.036809933278
1379 0 819.1267830260729 192.5782582554121
1380 0 89.81200535964643 71.2456263220064
1381 0 744.47298381838 140.0419385109448
1382 0 406.4 268.4486044411342
1383 0 426.6472489282986 268.2570384498078
1384 0 386.62093287567 268.4719219372069
1385 0 447.5720004553932 268.0791570061665
1386 0 365.753066205698 268.2863910199505
1387 0 304.8 268.2615525194091
1388 0 508.4065022314509 268.2019688120831
1389 0 487.68 268.2615525194091
1390 0 569.3665022314509 268.2019688120831
1391 0 528.3200000000001 268.261552519409
1392 0 589.2800000000001 268.261552519409
1393 0 548.64 268.2615525194091
1394 0 264.1600000000004 268.2615525194087
1395 0 467.36 268.2615525194091
1396 0 142.2851330928231 268.1650969368255
1397 0 345.0334207326831 268.2020888559604
1398 0 284.0734977685491 268.201968812083
1399 0 223.1134977685491 268.201968812083
1400 0 243.8400000000001 268.2615525194089
1401 0 162.1534977685491 268.2019688120829
1402 0 182.8800000000003 268.261552519408
1403 0 649.5510676802647 221.8716400868712
1404 0 654.1990290561762 57.47308271936713
1405 0 100.6360598486077 103.5436694907205
1406 0 588.7102654951503 126.7956480899296
1407 0 609.6 268.2615525194091
1408 0 579.156646399179 129.5949551686777
1409 0 628.7235381154926 47.75074848336051
1410 0 793.5488723918222 277.1602287184949
1411 0 57.15783282998046 25.04164173609016
1412 0 171.4913673573168 84.42876775729673
1413 0 293.3095430447369 84.39470269441254
1414 0 232.3495430447791 84.39470269425074
1415 0 356.9295150517345 84.3953286824087
1416 0 417.8895824512628 84.39717913172444
1417 0 699.7695776488686 199.8578960338564
1418 0 667.356018492785 259.8549925968977
1419 0 728.5475450853266 208.3978447100272
1420 0 478.6241864211381 84.3749179683913
1421 0 710.5989469044509 137.6458146586382
1422 0 671.1351543328256 207.7550318201719
1423 0 599.4400000000002 129.3647203935203
1424 0 676.8809448577704 195.4716516154114
1425 0 548.64 129.1842669132159
1426 0 547.7425611241489 108.653164007368
1427 0 657.5620991137941 187.188638494243
1428 0 714.7804782937017 170.9116005829553
1429 0 547.1477902352032 22.66271058726832
1430 0 24.30871336798947 24.30871336798981
1431 0 65.80816748831484 163.1468455872183
1432 0 98.33332183618433 193.611568094202
1433 0 477.5370305463856 112.1139017568397
1434 0 416.5823589292277 112.1508526586641
1435 0 172.6863097028535 112.1498208808234
1436 0 355.6335424262268 112.1512653931039
1437 0 294.6169438544781 112.1509687152621
1438 0 233.6572725461188 112.1507948922128
1439 0 533.5403453023009 83.86128216465669
1440 0 889.9654845732746 190.4589105424107
1441 0 631.9553884918729 267.0487293256578
1442 0 710.0895415915753 231.8502119318282
1443 0 723.2262800077092 83.38073311252855
1444 0 99.24949027859179 244.0440412999897
1445 0 97.92574026891828 252.4380682016259
1446 0 62.49987711656178 55.40642274716198
1447 0 598.612998427099 110.3416236466928
1448 0 861.975064590843 184.0449132475604
1449 0 699.666796947067 273.5501440073273
1450 0 623.1764778835504 285.788710100457
1451 0 98.16295375794272 182.6077652501486
1452 0 87.10863420608894 213.4077489210952
1453 0 685.1991300159877 145.3779412076693
1454 0 632.9632146964765 212.8998277812806
1455 0 113.5090078964611 268.2771705383711
1456 0 121.9200000000001 267.9213987319662
1457 0 132.5516748943461 22.57715262691573
1458 0 21.94306665093126 50.4997772807348
1459 0 849.1739649479944 98.74316289669252
1460 0 99.66974834344006 202.9218055592992
1461 0 41.82689070900005 216.2720420545415
1462 0 325.1200000000001 268.2615525194091
1463 0 203.2000000000003 268.2615525194089
1464 0 767.1268688232333 217.2270982369872
1465 0 632.0891795532407 174.5830936623607
1466 0 118.4422520576397 43.76904208692619
1467 0 651.6639727521107 137.2684093723345
1468 0 835.4001888535936 248.4786327719533
1469 0 43.53374400344848 187.1751001700906
1470 0 49.86242919737668 106.9701073392445
1471 0 55.21861503827552 87.74493573650122
1472 0 745.0679360796212 173.4678428376062
1473 0 98.77434141373556 142.1044597360004
1474 0 774.4793803166435 286.1293711647626
1475 0 784.9720901489312 250.0723127770593
1476 0 492.0860315767692 77.02402505276598
1477 0 856.2295802536385 161.5863374144066
1478 0 264.2792411120452 96.71260801814392
1479 0 203.3187992909648 96.70972069119081
1480 0 325.12 94.3550989505341
1481 0 385.9599549460182 96.71647835894868
1482 0 446.9209001906495 96.70875365594516
1483 0 507.9312100726351 96.3353656878929
1484 0 18.44160090709573 105.8905138833704
1485 0 523.5127397466055 76.44159606231106
1486 0 858.0034037291043 220.8833985880583
1487 0 86.84520989716918 154.8433330761472
1488 0 759.9679982659713 165.4563812371081
1489 0 568.4343332061894 117.6219494962122
1490 0 68.82876683324076 220.358425074648
1491 0 142.2399999999997 94.35509895053377
1492 0 606.1786969412605 84.4416833775342
1493 0 463.7183346254883 77.14644354889775
1494 0 725.6915775137534 129.7262203815176
1495 0 537.7169049197944 112.7941286679748
1496 0 40.37456109121359 160.9435724380538
1497 0 429.9742915873192 76.60123959702503
1498 0 369.0181843773585 76.58326967999075
1499 0 220.0996945347975 76.63884285899317
1500 0 281.2208089459422 76.58194435153784
1501 0 158.8084655628782 76.86039242096757
1502 0 403.0486760441132 76.90961995094689
1503 0 342.185134420163 77.17186850437538
1504 0 307.9762703486417 77.11096091112448
1505 0 247.1899809690636 76.90216852370681
1506 0 186.4269229912713 76.87918314771927
1507 0 85.9792491047628 232.4682606309205
1508 0 893.1601936999521 216.8961856038645
1509 0 574.6341498968891 46.82601348929249
1510 0 723.7591794291138 246.7705725065633
1511 0 891.6734778047201 91.68578302989559
1512 0 639.8109362805325 119.0969329790028
1513 0 695.3349838228048 218.0836868341265
1514 0 891.1509281170934 280.7488993701299
1515 0 822.6612050334078 282.3681306653214
1516 0 81.73260592350692 22.33698610996873
1517 0 657.1288725699637 165.3133616334441
1518 0 112.1369968045037 110.9643120740857
1519 0 645.0086913113746 249.1876897266761
1520 0 80.82708908472279 182.9525953137204
1521 0 62.98731042935452 189.9716555494002
1522 0 631.2890821813406 79.98268686356136
1523 0 647.9808291931984 171.8972449756471
1524 0 508.0033323370334 129.840356887764
1525 0 44.56028116520753 235.1163443225064
1526 0 731.7505314843528 158.6898956363214
1527 0 746.5917316221314 16.91631804987361
1528 0 447.0399977369611 129.8585192610692
1529 0 386.0799999999879 129.8603799706859
1530 0 142.2017088530087 130.1354021924603
1531 0 325.1187529757841 129.8594916056158
1532 0 203.2000000000001 129.8586032392782
1533 0 264.1587529757841 129.8594916056158
1534 0 894.6241096104493 255.4331232004474
1535 0 867.8514248440597 280.9442568617736
1536 0 651.7180801123823 98.46165966153194
1537 0 587.7796012605778 114.3456716633151
1538 0 71.45868323740774 269.9613233071134
1539 0 648.6558246095103 74.84970429818182
1540 0 856.6129358384935 75.03926025240426
1541 0 648.4647423645642 182.9854838448761
1542 0 101.0107695029668 88.63835662005974
1543 0 898.0618851058894 167.2013007719912
1544 0 97.17289625317824 43.76880147190083
1545 0 17.39017471867982 131.0923191231491
1546 0 631.5499941932796 183.1653419533321
1547 0 74.58304745270976 120.3127892951946
1548 0 47.81562737004083 135.4309865166815
1549 0 15.50040321017838 258.3168494167264
1550 0 628.4773045449974 129.8722845982503
1551 0 79.4549655004177 163.0865357923047
1552 0 702.6761572170733 184.4776112815461
1553 0 581.2668944585779 75.02402272169066
1554 0 895.3743834786912 47.78779554678417
1555 0 72.10456440825681 289.773219904189
1556 0 554.2286779366042 69.36365690272328
1557 0 143.3752282966259 58.4434181368249
1558 0 128.1038546735138 77.35837241743974
1559 0 861.0183163393565 112.4922673673236
1560 0 650.101398934088 17.31843504232603
1561 0 192.2817180222348 290.1800425160827
1562 0 253.2417180222349 290.1800425160831
1563 0 314.2017166999869 290.1800435481832
1564 0 496.6074376651231 288.771473545754
1565 0 557.567437641723 288.771473545754
1566 0 130.5906326682104 289.3671639423809
1567 0 295.4301298630529 289.4401444764071
1568 0 234.4701300204634 289.4401443535382
1569 0 600.4887988045978 289.6708020739983
1570 0 539.1334722534219 289.9244384213875
1571 0 173.5101300204638 289.4401443535379
1572 0 478.1736253938179 289.9245646781944
1573 0 356.7966442527866 288.7723457944576
1574 0 602.0387163049894 61.77299844140332
1575 0 677.9166740437323 102.6308634850554
1576 0 437.8852092645934 290.654329958332
1577 0 630.9815560959324 192.3916889789234
1578 0 760.6632964835539 253.403663730417
1579 0 631.9571905213029 160.0379385771161
1580 0 111.4623456683887 291.7773776993664
1581 0 630.4453868395071 152.4
1582 0 750.3333645967989 192.7391243909984
1583 0 868.2241844425032 16.98588626448873
1584 0 375.113493747266 289.3543203880379
1585 0 821.7185934035306 157.0783631377107
1586 0 723.8832312480505 113.5068806627054
1587 0 836.6777954489951 226.0819386507641
1588 0 155.0575558726811 43.2578460340883
1589 0 658.5155796964584 86.26654318685067
1590 0 630.9954317950935 254.5681483715264
1591 0 858.8095232945095 257.3661963081782
$EndNodes
$Elements
3314
1 15 2 0 1 1
2 15 2 0 2 2
3 15 2 0 3 3
4 15 2 0 4 4
5 15 2 0 5 5
6 15 2 0 6 6
7 15 2 0 7 7
8 15 2 0 8 8
9 1 2 0 1 1 9
10 1 2 0 1 9 10
11 1 2 0 1 10 11
12 1 2 0 1 11 12
13 1 2 0 1 12 13
14 1 2 0 1 13 14
15 1 2 0 1 14 15
16 1 2 0 1 15 16
17 1 2 0 1 16 17
18 1 2 0 1 17 18
19 1 2 0 1 18 19
20 1 2 0 1 19 20
21 1 2 0 1 20 21
22 1 2 0 1 21 22
23 1 2 0 1 22 23
24 1 2 0 1 23 24
25 1 2 0 1 24 25
26 1 2 0 1 25 26
27 1 2 0 1 26 27
28 1 2 0 1 27 28
29 1 2 0 1 28 29
30 1 2 0 1 29 30
31 1 2 0 1 30 31
32 1 2 0 1 31 32
33 1 2 0 1 32 33
34 1 2 0 1 33 34
35 1 2 0 1 34 35
36 1 2 0 1 35 36
37 1 2 0 1 36 37
38 1 2 0 1 37 2
39 1 2 0 2 2 38
40 1 2 0 2 38 39
41 1 2 0 2 39 40
42 1 2 0 2 40 41
43 1 2 0 2 41 42
44 1 2 0 2 42 43
45 1 2 0 2 43 44
46 1 2 0 2 44 45
47 1 2 0 2 45 46
48 1 2 0 2 46 3
49 1 2 0 3 3 47
50 1 2 0 3 47 48
51 1 2 0 3 48 49
52 1 2 0 3 49 50
53 1 2 0 3 50 51
54 1 2 0 3 51 52
55 1 2 0 3 52 53
56 1 2 0 3 53 54
57 1 2 0 3 54 55
58 1 2 0 3 55 56
59 1 2 0 3 56 57
60 1 2 0 3 57 58
61 1 2 0 3 58 59
62 1 2 0 3 59 60
63 1 2 0 3 60 61
64 1 2 0 3 61 62
65 1 2 0 3 62 63
66 1 2 0 3 63 64
67 1 2 0 3 64 65
68 1 2 0 3 65 66
69 1 2 0 3 66 67
70 1 2 0 3 67 68
71 1 2 0 3 68 69
72 1 2 0 3 69 70
73 1 2 0 3 70 71
74 1 2 0 3 71 72
75 1 2 0 3 72 73
76 1 2 0 3 73 74
77 1 2 0 3 74 75
78 1 2 0 3 75 4
79 1 2 0 4 4 76
80 1 2 0 4 76 77
81 1 2 0 4 77 78
82 1 2 0 4 78 79
83 1 2 0 4 79 80
84 1 2 0 4 80 81
85 1 2 0 4 81 82
86 1 2 0 4 82 83
87 1 2 0 4 83 84
88 1 2 0 4 84 1
89 1 2 0 5 5 85
90 1 2 0 5 85 86
91 1 2 0 5 86 87
92 1 2 0 5 87 88
93 1 2 0 5 88 89
94 1 2 0 5 89 90
95 1 2 0 5 90 91
96 1 2 0 5 91 92
97 1 2 0 5 92 93
98 1 2 0 5 93 94
99 1 2 0 5 94 95
100 1 2 0 5 95 96
101 1 2 0 5 96 97
102 1 2 0 5 97 98
103 1 2 0 5 98 99
104 1 2 0 5 99 100
105 1 2 0 5 100 101
106 1 2 0 5 101 102
107 1 2 0 5 102 103
108 1 2 0 5 103 104
109 1 2 0 5 104 105
110 1 2 0 5 105 106
111 1 2 0 5 106 107
112 1 2 0 5 107 108
113 1 2 0 5 108 109
114 1 2 0 5 109 110
115 1 2 0 5 110 111
116 1 2 0 5 111 112
117 1 2 0 5 112 113
118 1 2 0 5 113 114
119 1 2 0 5 114 115
120 1 2 0 5 115 116
121 1 2 0 5 116 117
122 1 2 0 5 117 118
123 1 2 0 5 118 119
124 1 2 0 5 119 120
125 1 2 0 5 120 121
126 1 2 0 5 121 122
127 1 2 0 5 122 123
128 1 2 0 5 123 124
129 1 2 0 5 124 125
130 1 2 0 5 125 126
131 1 2 0 5 126 127
132 1 2 0 5 127 128
133 1 2 0 5 128 129
134 1 2 0 5 129 130
135 1 2 0 5 130 131
136 1 2 0 5 131 132
137 1 2 0 5 132 133
138 1 2 0 5 133 134
139 1 2 0 5 134 6
140 1 2 0 6 6 135
141 1 2 0 6 135 136
142 1 2 0 6 136 137
143 1 2 0 6 137 138
144 1 2 0 6 138 139
145 1 2 0 6 139 140
146 1 2 0 6 140 141
147 1 2 0 6 141 142
148 1 2 0 6 142 143
149 1 2 0 6 143 144
150 1 2 0 6 144 145
151 1 2 0 6 145 7
152 1 2 0 7 7 146
153 1 2 0 7 146 147
154 1 2 0 7 147 148
155 1 2 0 7 148 149
156 1 2 0 7 149 150
157 1 2 0 7 150 151
158 1 2 0 7 151 152
159 1 2 0 7 152 153
160 1 2 0 7 153 154
161 1 2 0 7 154 155
162 1 2 0 7 155 156
163 1 2 0 7 156 157
164 1 2 0 7 157 158
165 1 2 0 7 158 159
166 1 2 0 7 159 160
167 1 2 0 7 160 161
168 1 2 0 7 161 162
169 1 2 0 7 162 163
170 1 2 0 7 163 164
171 1 2 0 7 164 165
172 1 2 0 7 165 166
173 1 2 0 7 166 167
174 1 2 0 7 167 168
175 1 2 0 7 168 169
176 1 2 0 7 169 170
177 1 2 0 7 170 171
178 1 2 0 7 171 172
179 1 2 0 7 172 173
180 1 2 0 7 173 174
181 1 2 0 7 174 175
182 1 2 0 7 175 176
183 1 2 0 7 176 177
184 1 2 0 7 177 178
185 1 2 0 7 178 179
186 1 2 0 7 179 180
187 1 2 0 7 180 181
188 1 2 0 7 181 182
189 1 2 0 7 182 183
190 1 2 0 7 183 184
191 1 2 0 7 184 185
192 1 2 0 7 185 186
193 1 2 0 7 186 187
194 1 2 0 7 187 188
195 1 2 0 7 188 189
196 1 2 0 7 189 190
197 1 2 0 7 190 191
198 1 2 0 7 191 192
199 1 2 0 7 192 193
200 1 2 0 7 193 194
201 1 2 0 7 194 195
202 1 2 0 7 195 8
203 1 2 0 8 8 196
204 1 2 0 8 196 197
205 1 2 0 8 197 198
206 1 2 0 8 198 199
207 1 2 0 8 199 200
208 1 2 0 8 200 201
209 1 2 0 8 201 202
210 1 2 0 8 202 203
211 1 2 0 8 203 204
212 1 2 0 8 204 205
213 1 2 0 8 205 206
214 1 2 0 8 206 5
215 2 2 0 1 442 444 806
216 2 2 0 1 806 444 285
217 2 2 0 1 805 443 441
218 2 2 0 1 284 805 441
219 2 2 0 1 466 216 900
220 2 2 0 1 900 216 417
221 2 2 0 1 826 294 514
222 2 2 0 1 450 826 514
223 2 2 0 1 340 692 630
224 2 2 0 1 304 674 404
225 2 2 0 1 354 711 414
226 2 2 0 1 770 621 312
227 2 2 0 1 375 421 797
228 2 2 0 1 253 797 421
229 2 2 0 1 258 441 443
230 2 2 0 1 259 444 442
231 2 2 0 1 309 609 365
232 2 2 0 1 265 525 438
233 2 2 0 1 223 663 443
234 2 2 0 1 224 662 442
235 2 2 0 1 236 441 657
236 2 2 0 1 414 711 878
237 2 2 0 1 241 667 755
238 2 2 0 1 378 796 429
239 2 2 0 1 340 514 692
240 2 2 0 1 121 475 523
241 2 2 0 1 182 477 524
242 2 2 0 1 217 878 711
243 2 2 0 1 378 878 796
244 2 2 0 1 115 653 369
245 2 2 0 1 176 654 370
246 2 2 0 1 301 550 385
247 2 2 0 1 243 385 550
248 2 2 0 1 223 483 663
249 2 2 0 1 830 671 426
250 2 2 0 1 224 484 662
251 2 2 0 1 300 675 418
252 2 2 0 1 298 418 675
253 2 2 0 1 283 385 513
254 2 2 0 1 243 513 385
255 2 2 0 1 309 365 556
256 2 2 0 1 329 382 700
257 2 2 0 1 330 381 701
258 2 2 0 1 215 382 652
259 2 2 0 1 214 549 885
260 2 2 0 1 394 763 595
261 2 2 0 1 393 593 764
262 2 2 0 1 293 481 415
263 2 2 0 1 159 527 472
264 2 2 0 1 98 526 471
265 2 2 0 1 763 204 595
266 2 2 0 1 764 593 137
267 2 2 0 1 776 212 534
268 2 2 0 1 236 657 698
269 2 2 0 1 346 530 628
270 2 2 0 1 345 529 627
271 2 2 0 1 414 621 770
272 2 2 0 1 402 883 497
273 2 2 0 1 143 594 392
274 2 2 0 1 198 395 596
275 2 2 0 1 401 882 498
276 2 2 0 1 497 883 946
277 2 2 0 1 381 528 739
278 2 2 0 1 287 384 910
279 2 2 0 1 226 911 383
280 2 2 0 1 304 582 674
281 2 2 0 1 452 776 534
282 2 2 0 1 218 568 561
283 2 2 0 1 498 882 945
284 2 2 0 1 241 755 511
285 2 2 0 1 267 830 426
286 2 2 0 1 214 739 528
287 2 2 0 1 317 440 672
288 2 2 0 1 273 905 397
289 2 2 0 1 733 277 548
290 2 2 0 1 261 500 413
291 2 2 0 1 262 501 411
292 2 2 0 1 263 412 503
293 2 2 0 1 260 410 502
294 2 2 0 1 115 369 650
295 2 2 0 1 176 370 651
296 2 2 0 1 390 733 548
297 2 2 0 1 895 428 644
298 2 2 0 1 362 742 563
299 2 2 0 1 300 564 675
300 2 2 0 1 298 675 565
301 2 2 0 1 932 441 629
302 2 2 0 1 216 466 707
303 2 2 0 1 284 498 805
304 2 2 0 1 409 805 498
305 2 2 0 1 276 426 804
306 2 2 0 1 306 691 380
307 2 2 0 1 285 497 806
308 2 2 0 1 408 806 497
309 2 2 0 1 270 694 606
310 2 2 0 1 218 377 551
311 2 2 0 1 307 551 377
312 2 2 0 1 218 745 377
313 2 2 0 1 270 519 694
314 2 2 0 1 230 627 529
315 2 2 0 1 231 628 530
316 2 2 0 1 235 520 576
317 2 2 0 1 216 707 756
318 2 2 0 1 440 610 672
319 2 2 0 1 254 923 419
320 2 2 0 1 264 604 437
321 2 2 0 1 829 534 296
322 2 2 0 1 272 396 807
323 2 2 0 1 214 649 549
324 2 2 0 1 256 447 925
325 2 2 0 1 256 925 445
326 2 2 0 1 281 924 448
327 2 2 0 1 281 446 924
328 2 2 0 1 239 515 398
329 2 2 0 1 274 398 515
330 2 2 0 1 188 189 465
331 2 2 0 1 127 128 464
332 2 2 0 1 273 483 905
333 2 2 0 1 426 711 804
334 2 2 0 1 326 561 568
335 2 2 0 1 452 534 829
336 2 2 0 1 280 642 633
337 2 2 0 1 239 569 518
338 2 2 0 1 354 414 770
339 2 2 0 1 91 92 468
340 2 2 0 1 152 153 467
341 2 2 0 1 362 563 780
342 2 2 0 1 168 169 508
343 2 2 0 1 107 108 509
344 2 2 0 1 334 496 543
345 2 2 0 1 335 495 544
346 2 2 0 1 289 544 495
347 2 2 0 1 288 543 496
348 2 2 0 1 316 627 439
349 2 2 0 1 317 628 440
350 2 2 0 1 289 638 405
351 2 2 0 1 219 400 817
352 2 2 0 1 276 536 386
353 2 2 0 1 277 535 387
354 2 2 0 1 287 910 504
355 2 2 0 1 226 505 911
356 2 2 0 1 170 171 615
357 2 2 0 1 109 110 616
358 2 2 0 1 215 652 934
359 2 2 0 1 156 157 470
360 2 2 0 1 97 98 471
361 2 2 0 1 95 96 473
362 2 2 0 1 158 159 472
363 2 2 0 1 306 380 760
364 2 2 0 1 261 413 593
365 2 2 0 1 262 411 596
366 2 2 0 1 260 594 410
367 2 2 0 1 263 595 412
368 2 2 0 1 275 795 832
369 2 2 0 1 304 404 570
370 2 2 0 1 212 450 514
371 2 2 0 1 208 402 792
372 2 2 0 1 419 923 499
373 2 2 0 1 110 681 616
374 2 2 0 1 171 680 615
375 2 2 0 1 184 185 474
376 2 2 0 1 182 183 477
377 2 2 0 1 123 124 476
378 2 2 0 1 121 122 475
379 2 2 0 1 336 541 494
380 2 2 0 1 291 493 542
381 2 2 0 1 337 542 493
382 2 2 0 1 290 494 541
383 2 2 0 1 909 634 446
384 2 2 0 1 435 892 832
385 2 2 0 1 393 600 914
386 2 2 0 1 520 809 576
387 2 2 0 1 283 626 385
388 2 2 0 1 276 386 547
389 2 2 0 1 277 387 548
390 2 2 0 1 220 428 895
391 2 2 0 1 244 383 585
392 2 2 0 1 287 586 384
393 2 2 0 1 892 275 832
394 2 2 0 1 324 387 698
395 2 2 0 1 434 893 807
396 2 2 0 1 378 429 933
397 2 2 0 1 269 818 809
398 2 2 0 1 120 121 523
399 2 2 0 1 181 182 524
400 2 2 0 1 219 531 400
401 2 2 0 1 269 891 818
402 2 2 0 1 303 403 575
403 2 2 0 1 428 818 891
404 2 2 0 1 207 545 449
405 2 2 0 1 306 449 545
406 2 2 0 1 838 782 209
407 2 2 0 1 893 272 807
408 2 2 0 1 308 608 433
409 2 2 0 1 271 699 607
410 2 2 0 1 576 786 648
411 2 2 0 1 284 441 932
412 2 2 0 1 235 576 648
413 2 2 0 1 128 724 464
414 2 2 0 1 189 725 465
415 2 2 0 1 221 784 816
416 2 2 0 1 307 377 599
417 2 2 0 1 379 885 549
418 2 2 0 1 394 937 601
419 2 2 0 1 438 525 603
420 2 2 0 1 215 738 382
421 2 2 0 1 219 486 606
422 2 2 0 1 271 522 699
423 2 2 0 1 393 764 600
424 2 2 0 1 394 601 763
425 2 2 0 1 419 782 838
426 2 2 0 1 329 723 382
427 2 2 0 1 518 569 795
428 2 2 0 1 324 687 387
429 2 2 0 1 391 783 547
430 2 2 0 1 246 659 425
431 2 2 0 1 320 425 659
432 2 2 0 1 247 660 424
433 2 2 0 1 321 424 660
434 2 2 0 1 438 934 652
435 2 2 0 1 108 799 509
436 2 2 0 1 169 800 508
437 2 2 0 1 330 656 381
438 2 2 0 1 241 405 580
439 2 2 0 1 381 948 701
440 2 2 0 1 382 947 700
441 2 2 0 1 152 467 726
442 2 2 0 1 91 468 727
443 2 2 0 1 98 99 526
444 2 2 0 1 159 160 527
445 2 2 0 1 242 639 541
446 2 2 0 1 243 640 542
447 2 2 0 1 172 425 680
448 2 2 0 1 111 424 681
449 2 2 0 1 267 426 783
450 2 2 0 1 289 405 544
451 2 2 0 1 241 544 405
452 2 2 0 1 451 574 771
453 2 2 0 1 245 384 586
454 2 2 0 1 542 640 850
455 2 2 0 1 301 385 584
456 2 2 0 1 281 909 446
457 2 2 0 1 270 475 519
458 2 2 0 1 332 476 521
459 2 2 0 1 333 474 520
460 2 2 0 1 268 521 476
461 2 2 0 1 332 519 475
462 2 2 0 1 333 522 477
463 2 2 0 1 269 520 474
464 2 2 0 1 271 477 522
465 2 2 0 1 218 561 427
466 2 2 0 1 117 118 463
467 2 2 0 1 178 179 462
468 2 2 0 1 406 832 795
469 2 2 0 1 224 806 780
470 2 2 0 1 223 805 778
471 2 2 0 1 295 451 636
472 2 2 0 1 226 383 618
473 2 2 0 1 771 574 213
474 2 2 0 1 276 547 783
475 2 2 0 1 244 609 383
476 2 2 0 1 245 608 384
477 2 2 0 1 96 732 473
478 2 2 0 1 97 471 732
479 2 2 0 1 158 472 731
480 2 2 0 1 157 731 470
481 2 2 0 1 541 639 908
482 2 2 0 1 101 102 479
483 2 2 0 1 162 163 478
484 2 2 0 1 239 398 577
485 2 2 0 1 299 577 398
486 2 2 0 1 211 533 453
487 2 2 0 1 301 453 533
488 2 2 0 1 363 730 584
489 2 2 0 1 111 619 424
490 2 2 0 1 172 620 425
491 2 2 0 1 275 473 518
492 2 2 0 1 339 471 515
493 2 2 0 1 339 518 473
494 2 2 0 1 338 516 470
495 2 2 0 1 274 515 471
496 2 2 0 1 338 472 517
497 2 2 0 1 272 470 516
498 2 2 0 1 273 517 472
499 2 2 0 1 184 474 721
500 2 2 0 1 183 721 477
501 2 2 0 1 122 720 475
502 2 2 0 1 123 476 720
503 2 2 0 1 288 902 901
504 2 2 0 1 288 490 902
505 2 2 0 1 218 427 745
506 2 2 0 1 358 633 642
507 2 2 0 1 270 523 475
508 2 2 0 1 271 524 477
509 2 2 0 1 939 487 761
510 2 2 0 1 298 565 397
511 2 2 0 1 300 396 564
512 2 2 0 1 299 398 563
513 2 2 0 1 224 442 806
514 2 2 0 1 223 443 805
515 2 2 0 1 222 744 434
516 2 2 0 1 375 833 421
517 2 2 0 1 429 831 631
518 2 2 0 1 293 415 716
519 2 2 0 1 219 817 930
520 2 2 0 1 221 816 931
521 2 2 0 1 936 260 690
522 2 2 0 1 226 487 939
523 2 2 0 1 935 678 261
524 2 2 0 1 222 760 744
525 2 2 0 1 317 631 831
526 2 2 0 1 258 478 657
527 2 2 0 1 324 657 478
528 2 2 0 1 273 472 527
529 2 2 0 1 274 471 526
530 2 2 0 1 439 627 851
531 2 2 0 1 440 628 852
532 2 2 0 1 264 437 528
533 2 2 0 1 322 462 664
534 2 2 0 1 257 664 462
535 2 2 0 1 399 816 784
536 2 2 0 1 303 576 403
537 2 2 0 1 285 469 792
538 2 2 0 1 314 437 625
539 2 2 0 1 233 625 437
540 2 2 0 1 220 546 431
541 2 2 0 1 297 431 546
542 2 2 0 1 285 444 581
543 2 2 0 1 350 500 678
544 2 2 0 1 261 678 500
545 2 2 0 1 351 501 679
546 2 2 0 1 262 679 501
547 2 2 0 1 335 511 465
548 2 2 0 1 279 465 511
549 2 2 0 1 278 464 510
550 2 2 0 1 334 510 464
551 2 2 0 1 408 780 806
552 2 2 0 1 292 735 423
553 2 2 0 1 409 778 805
554 2 2 0 1 336 467 512
555 2 2 0 1 283 513 468
556 2 2 0 1 337 468 513
557 2 2 0 1 282 512 467
558 2 2 0 1 147 148 502
559 2 2 0 1 86 87 503
560 2 2 0 1 286 589 454
561 2 2 0 1 287 590 455
562 2 2 0 1 132 133 500
563 2 2 0 1 193 194 501
564 2 2 0 1 263 503 689
565 2 2 0 1 352 689 503
566 2 2 0 1 260 502 690
567 2 2 0 1 353 690 502
568 2 2 0 1 340 661 685
569 2 2 0 1 293 716 422
570 2 2 0 1 292 836 480
571 2 2 0 1 293 837 481
572 2 2 0 1 211 612 583
573 2 2 0 1 268 476 598
574 2 2 0 1 269 474 597
575 2 2 0 1 219 606 676
576 2 2 0 1 298 397 614
577 2 2 0 1 300 613 396
578 2 2 0 1 302 416 560
579 2 2 0 1 330 492 656
580 2 2 0 1 264 656 492
581 2 2 0 1 292 423 611
582 2 2 0 1 293 422 610
583 2 2 0 1 150 151 494
584 2 2 0 1 89 90 493
585 2 2 0 1 458 936 690
586 2 2 0 1 414 927 621
587 2 2 0 1 129 130 496
588 2 2 0 1 190 191 495
589 2 2 0 1 457 678 935
590 2 2 0 1 202 601 433
591 2 2 0 1 139 432 600
592 2 2 0 1 345 707 529
593 2 2 0 1 291 762 488
594 2 2 0 1 249 532 636
595 2 2 0 1 272 592 470
596 2 2 0 1 275 591 473
597 2 2 0 1 403 809 818
598 2 2 0 1 174 175 491
599 2 2 0 1 113 114 492
600 2 2 0 1 285 792 497
601 2 2 0 1 274 686 398
602 2 2 0 1 419 499 782
603 2 2 0 1 143 392 736
604 2 2 0 1 198 737 395
605 2 2 0 1 272 791 396
606 2 2 0 1 273 397 790
607 2 2 0 1 289 489 638
608 2 2 0 1 402 497 792
609 2 2 0 1 266 466 733
610 2 2 0 1 915 263 689
611 2 2 0 1 370 654 666
612 2 2 0 1 916 679 262
613 2 2 0 1 294 531 676
614 2 2 0 1 143 144 594
615 2 2 0 1 204 205 595
616 2 2 0 1 197 198 596
617 2 2 0 1 136 137 593
618 2 2 0 1 89 493 538
619 2 2 0 1 150 494 537
620 2 2 0 1 220 818 428
621 2 2 0 1 264 896 604
622 2 2 0 1 456 915 689
623 2 2 0 1 130 540 496
624 2 2 0 1 191 539 495
625 2 2 0 1 459 679 916
626 2 2 0 1 267 783 922
627 2 2 0 1 259 743 444
628 2 2 0 1 249 636 779
629 2 2 0 1 299 771 416
630 2 2 0 1 208 643 402
631 2 2 0 1 139 788 432
632 2 2 0 1 202 433 787
633 2 2 0 1 334 464 724
634 2 2 0 1 335 465 725
635 2 2 0 1 299 416 577
636 2 2 0 1 300 418 776
637 2 2 0 1 298 775 418
638 2 2 0 1 314 649 437
639 2 2 0 1 218 551 430
640 2 2 0 1 294 676 692
641 2 2 0 1 104 940 688
642 2 2 0 1 165 941 687
643 2 2 0 1 289 495 539
644 2 2 0 1 288 496 540
645 2 2 0 1 251 635 436
646 2 2 0 1 293 913 837
647 2 2 0 1 292 912 836
648 2 2 0 1 285 581 469
649 2 2 0 1 222 434 807
650 2 2 0 1 148 748 502
651 2 2 0 1 87 749 503
652 2 2 0 1 164 165 687
653 2 2 0 1 103 104 688
654 2 2 0 1 251 431 555
655 2 2 0 1 297 555 431
656 2 2 0 1 337 727 468
657 2 2 0 1 336 726 467
658 2 2 0 1 290 537 494
659 2 2 0 1 291 538 493
660 2 2 0 1 248 559 430
661 2 2 0 1 420 822 677
662 2 2 0 1 278 566 464
663 2 2 0 1 279 567 465
664 2 2 0 1 280 633 925
665 2 2 0 1 296 430 559
666 2 2 0 1 299 563 742
667 2 2 0 1 416 771 560
668 2 2 0 1 802 271 607
669 2 2 0 1 486 801 606
670 2 2 0 1 485 802 607
671 2 2 0 1 801 270 606
672 2 2 0 1 276 783 426
673 2 2 0 1 213 560 771
674 2 2 0 1 249 946 883
675 2 2 0 1 282 467 572
676 2 2 0 1 283 468 573
677 2 2 0 1 193 501 747
678 2 2 0 1 132 500 746
679 2 2 0 1 234 693 661
680 2 2 0 1 127 464 566
681 2 2 0 1 188 465 567
682 2 2 0 1 296 568 430
683 2 2 0 1 213 436 560
684 2 2 0 1 250 945 882
685 2 2 0 1 403 818 575
686 2 2 0 1 303 436 655
687 2 2 0 1 291 850 762
688 2 2 0 1 227 762 504
689 2 2 0 1 368 504 762
690 2 2 0 1 253 673 422
691 2 2 0 1 210 423 672
692 2 2 0 1 347 662 484
693 2 2 0 1 449 757 602
694 2 2 0 1 757 248 602
695 2 2 0 1 348 663 483
696 2 2 0 1 310 914 600
697 2 2 0 1 339 732 471
698 2 2 0 1 339 473 732
699 2 2 0 1 338 731 472
700 2 2 0 1 338 470 731
701 2 2 0 1 447 930 817
702 2 2 0 1 448 931 816
703 2 2 0 1 233 825 665
704 2 2 0 1 322 666 654
705 2 2 0 1 333 721 474
706 2 2 0 1 333 477 721
707 2 2 0 1 332 720 476
708 2 2 0 1 332 475 720
709 2 2 0 1 153 572 467
710 2 2 0 1 92 573 468
711 2 2 0 1 281 448 816
712 2 2 0 1 251 647 431
713 2 2 0 1 331 583 612
714 2 2 0 1 256 445 734
715 2 2 0 1 218 430 568
716 2 2 0 1 213 574 655
717 2 2 0 1 306 760 461
718 2 2 0 1 208 677 822
719 2 2 0 1 234 521 693
720 2 2 0 1 220 431 575
721 2 2 0 1 278 774 745
722 2 2 0 1 310 432 695
723 2 2 0 1 309 736 917
724 2 2 0 1 233 604 825
725 2 2 0 1 429 631 933
726 2 2 0 1 211 453 612
727 2 2 0 1 220 575 818
728 2 2 0 1 357 655 574
729 2 2 0 1 451 742 636
730 2 2 0 1 300 776 452
731 2 2 0 1 298 450 775
732 2 2 0 1 266 733 921
733 2 2 0 1 299 451 771
734 2 2 0 1 341 486 646
735 2 2 0 1 342 485 645
736 2 2 0 1 316 439 794
737 2 2 0 1 237 581 444
738 2 2 0 1 302 853 416
739 2 2 0 1 405 843 580
740 2 2 0 1 311 938 737
741 2 2 0 1 295 574 451
742 2 2 0 1 171 172 680
743 2 2 0 1 110 111 681
744 2 2 0 1 306 553 691
745 2 2 0 1 210 610 422
746 2 2 0 1 210 611 423
747 2 2 0 1 216 899 417
748 2 2 0 1 445 925 633
749 2 2 0 1 292 480 944
750 2 2 0 1 310 600 432
751 2 2 0 1 308 433 601
752 2 2 0 1 346 830 530
753 2 2 0 1 303 647 436
754 2 2 0 1 217 796 878
755 2 2 0 1 253 421 673
756 2 2 0 1 309 556 736
757 2 2 0 1 311 737 557
758 2 2 0 1 404 902 570
759 2 2 0 1 90 727 493
760 2 2 0 1 151 726 494
761 2 2 0 1 318 550 533
762 2 2 0 1 129 496 724
763 2 2 0 1 190 495 725
764 2 2 0 1 262 596 916
765 2 2 0 1 263 915 595
766 2 2 0 1 255 420 621
767 2 2 0 1 363 584 894
768 2 2 0 1 211 590 533
769 2 2 0 1 318 533 590
770 2 2 0 1 315 438 603
771 2 2 0 1 224 686 484
772 2 2 0 1 294 558 531
773 2 2 0 1 233 437 604
774 2 2 0 1 253 422 716
775 2 2 0 1 221 485 906
776 2 2 0 1 340 685 534
777 2 2 0 1 301 584 730
778 2 2 0 1 156 470 592
779 2 2 0 1 95 473 591
780 2 2 0 1 366 722 557
781 2 2 0 1 209 642 849
782 2 2 0 1 266 529 707
783 2 2 0 1 380 744 760
784 2 2 0 1 115 116 653
785 2 2 0 1 176 177 654
786 2 2 0 1 292 611 912
787 2 2 0 1 293 610 913
788 2 2 0 1 308 601 937
789 2 2 0 1 349 755 667
790 2 2 0 1 210 422 632
791 2 2 0 1 207 858 454
792 2 2 0 1 484 686 820
793 2 2 0 1 185 597 474
794 2 2 0 1 124 598 476
795 2 2 0 1 306 757 449
796 2 2 0 1 254 419 668
797 2 2 0 1 211 583 455
798 2 2 0 1 207 460 858
799 2 2 0 1 305 455 583
800 2 2 0 1 381 656 528
801 2 2 0 1 349 667 682
802 2 2 0 1 255 669 420
803 2 2 0 1 460 582 858
804 2 2 0 1 304 858 582
805 2 2 0 1 305 580 843
806 2 2 0 1 283 877 626
807 2 2 0 1 88 89 538
808 2 2 0 1 149 150 537
809 2 2 0 1 212 775 450
810 2 2 0 1 353 502 748
811 2 2 0 1 352 503 749
812 2 2 0 1 284 637 498
813 2 2 0 1 207 454 589
814 2 2 0 1 211 455 590
815 2 2 0 1 305 583 580
816 2 2 0 1 331 580 583
817 2 2 0 1 130 131 540
818 2 2 0 1 191 192 539
819 2 2 0 1 261 593 935
820 2 2 0 1 260 936 594
821 2 2 0 1 295 532 562
822 2 2 0 1 246 425 700
823 2 2 0 1 247 424 701
824 2 2 0 1 350 746 500
825 2 2 0 1 351 747 501
826 2 2 0 1 118 579 463
827 2 2 0 1 179 578 462
828 2 2 0 1 281 881 643
829 2 2 0 1 321 681 424
830 2 2 0 1 320 680 425
831 2 2 0 1 163 729 478
832 2 2 0 1 102 728 479
833 2 2 0 1 207 449 641
834 2 2 0 1 820 686 274
835 2 2 0 1 248 430 861
836 2 2 0 1 236 629 441
837 2 2 0 1 225 793 482
838 2 2 0 1 307 861 551
839 2 2 0 1 251 436 647
840 2 2 0 1 292 944 735
841 2 2 0 1 111 112 619
842 2 2 0 1 172 173 620
843 2 2 0 1 311 557 722
844 2 2 0 1 433 608 717
845 2 2 0 1 213 655 436
846 2 2 0 1 315 934 438
847 2 2 0 1 233 445 633
848 2 2 0 1 439 912 611
849 2 2 0 1 440 913 610
850 2 2 0 1 307 602 861
851 2 2 0 1 399 532 883
852 2 2 0 1 249 883 532
853 2 2 0 1 101 479 587
854 2 2 0 1 162 478 588
855 2 2 0 1 207 589 545
856 2 2 0 1 319 545 589
857 2 2 0 1 252 933 631
858 2 2 0 1 306 461 757
859 2 2 0 1 278 510 774
860 2 2 0 1 265 438 652
861 2 2 0 1 256 646 447
862 2 2 0 1 268 598 890
863 2 2 0 1 269 597 891
864 2 2 0 1 258 657 441
865 2 2 0 1 237 444 658
866 2 2 0 1 259 442 662
867 2 2 0 1 336 494 726
868 2 2 0 1 337 493 727
869 2 2 0 1 258 443 663
870 2 2 0 1 415 481 739
871 2 2 0 1 334 724 496
872 2 2 0 1 335 725 495
873 2 2 0 1 298 741 450
874 2 2 0 1 299 742 451
875 2 2 0 1 300 452 740
876 2 2 0 1 233 665 445
877 2 2 0 1 117 463 714
878 2 2 0 1 178 462 715
879 2 2 0 1 224 780 563
880 2 2 0 1 453 828 612
881 2 2 0 1 297 612 828
882 2 2 0 1 287 455 803
883 2 2 0 1 228 570 902
884 2 2 0 1 225 832 793
885 2 2 0 1 257 462 759
886 2 2 0 1 256 463 758
887 2 2 0 1 357 670 648
888 2 2 0 1 272 893 592
889 2 2 0 1 275 892 591
890 2 2 0 1 268 890 561
891 2 2 0 1 427 561 890
892 2 2 0 1 382 738 947
893 2 2 0 1 227 617 855
894 2 2 0 1 226 618 856
895 2 2 0 1 240 582 599
896 2 2 0 1 242 512 691
897 2 2 0 1 456 855 617
898 2 2 0 1 458 856 618
899 2 2 0 1 318 640 550
900 2 2 0 1 319 553 545
901 2 2 0 1 302 635 482
902 2 2 0 1 387 535 698
903 2 2 0 1 435 626 877
904 2 2 0 1 286 454 835
905 2 2 0 1 437 649 528
906 2 2 0 1 302 793 569
907 2 2 0 1 406 569 793
908 2 2 0 1 223 905 483
909 2 2 0 1 258 767 478
910 2 2 0 1 259 766 479
911 2 2 0 1 113 492 712
912 2 2 0 1 174 491 713
913 2 2 0 1 139 140 788
914 2 2 0 1 201 202 787
915 2 2 0 1 386 750 688
916 2 2 0 1 255 621 927
917 2 2 0 1 305 696 455
918 2 2 0 1 229 571 638
919 2 2 0 1 485 607 906
920 2 2 0 1 365 609 907
921 2 2 0 1 355 508 800
922 2 2 0 1 356 509 799
923 2 2 0 1 444 743 658
924 2 2 0 1 245 722 717
925 2 2 0 1 238 791 516
926 2 2 0 1 238 517 790
927 2 2 0 1 301 730 453
928 2 2 0 1 456 689 855
929 2 2 0 1 458 690 856
930 2 2 0 1 207 641 460
931 2 2 0 1 187 188 567
932 2 2 0 1 126 127 566
933 2 2 0 1 480 947 738
934 2 2 0 1 423 735 631
935 2 2 0 1 252 631 735
936 2 2 0 1 310 695 506
937 2 2 0 1 320 622 615
938 2 2 0 1 321 623 616
939 2 2 0 1 355 615 622
940 2 2 0 1 356 616 623
941 2 2 0 1 245 507 722
942 2 2 0 1 459 848 679
943 2 2 0 1 457 847 678
944 2 2 0 1 301 533 550
945 2 2 0 1 401 849 642
946 2 2 0 1 236 535 605
947 2 2 0 1 225 482 894
948 2 2 0 1 92 93 573
949 2 2 0 1 153 154 572
950 2 2 0 1 202 203 601
951 2 2 0 1 138 139 600
952 2 2 0 1 395 916 596
953 2 2 0 1 394 595 915
954 2 2 0 1 377 745 774
955 2 2 0 1 347 766 662
956 2 2 0 1 237 624 581
957 2 2 0 1 348 767 663
958 2 2 0 1 230 851 627
959 2 2 0 1 231 852 628
960 2 2 0 1 349 682 546
961 2 2 0 1 327 630 692
962 2 2 0 1 326 685 661
963 2 2 0 1 329 713 491
964 2 2 0 1 330 712 492
965 2 2 0 1 224 563 686
966 2 2 0 1 404 901 902
967 2 2 0 1 306 545 553
968 2 2 0 1 322 715 462
969 2 2 0 1 323 714 463
970 2 2 0 1 409 498 945
971 2 2 0 1 408 497 946
972 2 2 0 1 323 463 734
973 2 2 0 1 256 734 463
974 2 2 0 1 436 635 560
975 2 2 0 1 848 229 638
976 2 2 0 1 489 848 638
977 2 2 0 1 311 683 938
978 2 2 0 1 325 688 750
979 2 2 0 1 209 782 642
980 2 2 0 1 413 500 867
981 2 2 0 1 411 501 869
982 2 2 0 1 238 790 565
983 2 2 0 1 238 564 791
984 2 2 0 1 225 626 832
985 2 2 0 1 402 643 881
986 2 2 0 1 355 622 529
987 2 2 0 1 230 529 622
988 2 2 0 1 231 530 623
989 2 2 0 1 356 623 530
990 2 2 0 1 420 677 621
991 2 2 0 1 328 648 670
992 2 2 0 1 266 707 466
993 2 2 0 1 311 507 683
994 2 2 0 1 310 506 684
995 2 2 0 1 264 528 656
996 2 2 0 1 412 871 503
997 2 2 0 1 410 870 502
998 2 2 0 1 283 573 877
999 2 2 0 1 282 572 876
1000 2 2 0 1 435 832 626
1001 2 2 0 1 307 918 641
1002 2 2 0 1 347 484 820
1003 2 2 0 1 348 483 821
1004 2 2 0 1 273 821 483
1005 2 2 0 1 329 491 723
1006 2 2 0 1 265 723 491
1007 2 2 0 1 210 794 611
1008 2 2 0 1 278 880 566
1009 2 2 0 1 279 879 567
1010 2 2 0 1 370 666 525
1011 2 2 0 1 310 684 914
1012 2 2 0 1 426 671 711
1013 2 2 0 1 217 711 671
1014 2 2 0 1 341 801 486
1015 2 2 0 1 342 802 485
1016 2 2 0 1 393 935 593
1017 2 2 0 1 392 594 936
1018 2 2 0 1 302 482 793
1019 2 2 0 1 259 479 743
1020 2 2 0 1 325 743 479
1021 2 2 0 1 226 856 487
1022 2 2 0 1 281 643 909
1023 2 2 0 1 268 693 521
1024 2 2 0 1 210 632 794
1025 2 2 0 1 459 938 683
1026 2 2 0 1 114 650 492
1027 2 2 0 1 175 651 491
1028 2 2 0 1 324 478 729
1029 2 2 0 1 325 479 728
1030 2 2 0 1 94 95 591
1031 2 2 0 1 155 156 592
1032 2 2 0 1 141 142 556
1033 2 2 0 1 199 200 557
1034 2 2 0 1 415 739 885
1035 2 2 0 1 571 843 638
1036 2 2 0 1 286 751 589
1037 2 2 0 1 287 752 590
1038 2 2 0 1 291 488 842
1039 2 2 0 1 232 603 525
1040 2 2 0 1 219 930 486
1041 2 2 0 1 221 931 485
1042 2 2 0 1 124 125 598
1043 2 2 0 1 185 186 597
1044 2 2 0 1 460 641 918
1045 2 2 0 1 289 839 489
1046 2 2 0 1 288 840 490
1047 2 2 0 1 222 807 613
1048 2 2 0 1 322 929 666
1049 2 2 0 1 319 639 553
1050 2 2 0 1 445 665 734
1051 2 2 0 1 390 548 754
1052 2 2 0 1 391 547 753
1053 2 2 0 1 163 164 729
1054 2 2 0 1 102 103 728
1055 2 2 0 1 342 645 759
1056 2 2 0 1 341 646 758
1057 2 2 0 1 314 499 923
1058 2 2 0 1 421 781 673
1059 2 2 0 1 431 647 575
1060 2 2 0 1 582 918 599
1061 2 2 0 1 327 676 606
1062 2 2 0 1 243 550 640
1063 2 2 0 1 265 491 897
1064 2 2 0 1 264 492 896
1065 2 2 0 1 396 613 807
1066 2 2 0 1 273 790 517
1067 2 2 0 1 272 516 791
1068 2 2 0 1 254 768 549
1069 2 2 0 1 379 549 768
1070 2 2 0 1 457 914 684
1071 2 2 0 1 314 903 499
1072 2 2 0 1 456 617 937
1073 2 2 0 1 331 682 667
1074 2 2 0 1 194 869 501
1075 2 2 0 1 133 867 500
1076 2 2 0 1 512 808 691
1077 2 2 0 1 322 664 929
1078 2 2 0 1 369 604 896
1079 2 2 0 1 368 850 640
1080 2 2 0 1 308 937 617
1081 2 2 0 1 304 697 858
1082 2 2 0 1 216 833 552
1083 2 2 0 1 375 552 833
1084 2 2 0 1 147 502 870
1085 2 2 0 1 86 503 871
1086 2 2 0 1 401 498 849
1087 2 2 0 1 531 558 785
1088 2 2 0 1 314 549 649
1089 2 2 0 1 118 119 579
1090 2 2 0 1 179 180 578
1091 2 2 0 1 226 939 505
1092 2 2 0 1 846 695 244
1093 2 2 0 1 506 695 846
1094 2 2 0 1 161 162 588
1095 2 2 0 1 100 101 587
1096 2 2 0 1 406 793 832
1097 2 2 0 1 370 525 897
1098 2 2 0 1 265 897 525
1099 2 2 0 1 581 624 928
1100 2 2 0 1 373 890 598
1101 2 2 0 1 374 891 597
1102 2 2 0 1 103 688 728
1103 2 2 0 1 164 687 729
1104 2 2 0 1 268 561 693
1105 2 2 0 1 458 618 917
1106 2 2 0 1 309 917 618
1107 2 2 0 1 302 560 635
1108 2 2 0 1 423 631 672
1109 2 2 0 1 422 673 632
1110 2 2 0 1 303 655 786
1111 2 2 0 1 363 555 828
1112 2 2 0 1 454 858 697
1113 2 2 0 1 432 788 907
1114 2 2 0 1 371 592 893
1115 2 2 0 1 372 591 892
1116 2 2 0 1 350 678 840
1117 2 2 0 1 351 679 839
1118 2 2 0 1 490 840 678
1119 2 2 0 1 489 839 679
1120 2 2 0 1 227 504 910
1121 2 2 0 1 392 917 736
1122 2 2 0 1 208 792 677
1123 2 2 0 1 469 677 792
1124 2 2 0 1 240 774 510
1125 2 2 0 1 382 723 652
1126 2 2 0 1 242 553 639
1127 2 2 0 1 303 575 647
1128 2 2 0 1 391 922 783
1129 2 2 0 1 215 554 845
1130 2 2 0 1 376 845 554
1131 2 2 0 1 288 540 840
1132 2 2 0 1 289 539 839
1133 2 2 0 1 284 932 637
1134 2 2 0 1 374 567 879
1135 2 2 0 1 373 566 880
1136 2 2 0 1 487 690 841
1137 2 2 0 1 353 841 690
1138 2 2 0 1 488 689 842
1139 2 2 0 1 352 842 689
1140 2 2 0 1 371 876 572
1141 2 2 0 1 372 877 573
1142 2 2 0 1 235 699 522
1143 2 2 0 1 463 579 758
1144 2 2 0 1 462 578 759
1145 2 2 0 1 357 574 670
1146 2 2 0 1 316 673 781
1147 2 2 0 1 239 853 569
1148 2 2 0 1 362 779 636
1149 2 2 0 1 290 841 537
1150 2 2 0 1 291 842 538
1151 2 2 0 1 246 700 947
1152 2 2 0 1 247 701 948
1153 2 2 0 1 479 766 587
1154 2 2 0 1 478 767 588
1155 2 2 0 1 343 772 506
1156 2 2 0 1 532 784 562
1157 2 2 0 1 360 829 559
1158 2 2 0 1 239 577 853
1159 2 2 0 1 361 558 826
1160 2 2 0 1 386 688 940
1161 2 2 0 1 387 687 941
1162 2 2 0 1 287 504 752
1163 2 2 0 1 313 605 899
1164 2 2 0 1 417 899 605
1165 2 2 0 1 368 860 504
1166 2 2 0 1 390 921 733
1167 2 2 0 1 105 547 940
1168 2 2 0 1 166 548 941
1169 2 2 0 1 114 115 650
1170 2 2 0 1 175 176 651
1171 2 2 0 1 234 694 519
1172 2 2 0 1 295 636 532
1173 2 2 0 1 507 926 773
1174 2 2 0 1 210 672 610
1175 2 2 0 1 366 717 722
1176 2 2 0 1 214 528 649
1177 2 2 0 1 324 698 657
1178 2 2 0 1 307 641 602
1179 2 2 0 1 344 773 926
1180 2 2 0 1 386 536 750
1181 2 2 0 1 216 552 899
1182 2 2 0 1 362 636 742
1183 2 2 0 1 357 648 786
1184 2 2 0 1 232 525 666
1185 2 2 0 1 326 661 693
1186 2 2 0 1 327 606 694
1187 2 2 0 1 331 667 580
1188 2 2 0 1 241 580 667
1189 2 2 0 1 320 615 680
1190 2 2 0 1 321 616 681
1191 2 2 0 1 225 584 626
1192 2 2 0 1 311 722 507
1193 2 2 0 1 343 506 846
1194 2 2 0 1 237 750 536
1195 2 2 0 1 245 926 507
1196 2 2 0 1 403 576 809
1197 2 2 0 1 308 617 608
1198 2 2 0 1 384 608 617
1199 2 2 0 1 383 609 618
1200 2 2 0 1 309 618 609
1201 2 2 0 1 104 105 940
1202 2 2 0 1 165 166 941
1203 2 2 0 1 314 923 549
1204 2 2 0 1 295 562 670
1205 2 2 0 1 328 670 562
1206 2 2 0 1 315 554 934
1207 2 2 0 1 395 737 938
1208 2 2 0 1 142 143 736
1209 2 2 0 1 198 199 737
1210 2 2 0 1 168 508 708
1211 2 2 0 1 107 509 709
1212 2 2 0 1 388 836 912
1213 2 2 0 1 389 837 913
1214 2 2 0 1 294 692 514
1215 2 2 0 1 214 885 739
1216 2 2 0 1 223 614 905
1217 2 2 0 1 363 828 730
1218 2 2 0 1 296 685 568
1219 2 2 0 1 449 602 641
1220 2 2 0 1 535 898 605
1221 2 2 0 1 407 735 944
1222 2 2 0 1 120 523 703
1223 2 2 0 1 181 524 702
1224 2 2 0 1 406 795 569
1225 2 2 0 1 302 569 853
1226 2 2 0 1 366 557 942
1227 2 2 0 1 365 943 556
1228 2 2 0 1 350 540 746
1229 2 2 0 1 351 539 747
1230 2 2 0 1 192 747 539
1231 2 2 0 1 131 746 540
1232 2 2 0 1 88 538 749
1233 2 2 0 1 352 749 538
1234 2 2 0 1 353 748 537
1235 2 2 0 1 149 537 748
1236 2 2 0 1 219 676 531
1237 2 2 0 1 250 558 777
1238 2 2 0 1 361 777 558
1239 2 2 0 1 356 872 509
1240 2 2 0 1 355 873 508
1241 2 2 0 1 365 907 788
1242 2 2 0 1 315 669 554
1243 2 2 0 1 385 626 584
1244 2 2 0 1 341 703 523
1245 2 2 0 1 342 702 524
1246 2 2 0 1 286 911 751
1247 2 2 0 1 334 862 510
1248 2 2 0 1 241 511 863
1249 2 2 0 1 279 511 755
1250 2 2 0 1 305 571 696
1251 2 2 0 1 304 570 697
1252 2 2 0 1 100 587 706
1253 2 2 0 1 161 588 705
1254 2 2 0 1 348 705 588
1255 2 2 0 1 347 706 587
1256 2 2 0 1 116 117 714
1257 2 2 0 1 177 178 715
1258 2 2 0 1 397 905 614
1259 2 2 0 1 342 578 702
1260 2 2 0 1 180 702 578
1261 2 2 0 1 119 703 579
1262 2 2 0 1 341 579 703
1263 2 2 0 1 328 607 699
1264 2 2 0 1 99 706 526
1265 2 2 0 1 160 705 527
1266 2 2 0 1 347 526 706
1267 2 2 0 1 348 527 705
1268 2 2 0 1 360 740 829
1269 2 2 0 1 335 863 511
1270 2 2 0 1 240 510 862
1271 2 2 0 1 361 826 741
1272 2 2 0 1 225 894 584
1273 2 2 0 1 505 751 911
1274 2 2 0 1 326 568 685
1275 2 2 0 1 337 513 875
1276 2 2 0 1 336 512 874
1277 2 2 0 1 296 534 685
1278 2 2 0 1 341 523 801
1279 2 2 0 1 342 524 802
1280 2 2 0 1 271 802 524
1281 2 2 0 1 270 801 523
1282 2 2 0 1 240 543 674
1283 2 2 0 1 367 908 639
1284 2 2 0 1 273 527 821
1285 2 2 0 1 274 526 820
1286 2 2 0 1 348 821 527
1287 2 2 0 1 347 820 526
1288 2 2 0 1 313 552 668
1289 2 2 0 1 282 808 512
1290 2 2 0 1 242 874 512
1291 2 2 0 1 243 875 513
1292 2 2 0 1 455 696 803
1293 2 2 0 1 315 603 704
1294 2 2 0 1 228 847 684
1295 2 2 0 1 457 684 847
1296 2 2 0 1 229 848 683
1297 2 2 0 1 459 683 848
1298 2 2 0 1 212 514 844
1299 2 2 0 1 340 844 514
1300 2 2 0 1 275 518 795
1301 2 2 0 1 345 756 707
1302 2 2 0 1 244 907 609
1303 2 2 0 1 338 814 516
1304 2 2 0 1 239 815 515
1305 2 2 0 1 339 515 815
1306 2 2 0 1 238 814 517
1307 2 2 0 1 338 517 814
1308 2 2 0 1 339 815 518
1309 2 2 0 1 238 516 814
1310 2 2 0 1 239 518 815
1311 2 2 0 1 313 710 605
1312 2 2 0 1 235 823 520
1313 2 2 0 1 333 520 823
1314 2 2 0 1 235 522 823
1315 2 2 0 1 333 823 522
1316 2 2 0 1 234 824 521
1317 2 2 0 1 234 519 824
1318 2 2 0 1 332 521 824
1319 2 2 0 1 332 824 519
1320 2 2 0 1 269 809 520
1321 2 2 0 1 7 810 145
1322 2 2 0 1 7 146 810
1323 2 2 0 1 5 812 206
1324 2 2 0 1 8 196 813
1325 2 2 0 1 6 135 811
1326 2 2 0 1 8 813 195
1327 2 2 0 1 5 85 812
1328 2 2 0 1 6 811 134
1329 2 2 0 1 340 630 661
1330 2 2 0 1 234 661 630
1331 2 2 0 1 286 585 911
1332 2 2 0 1 383 911 585
1333 2 2 0 1 363 834 555
1334 2 2 0 1 251 555 834
1335 2 2 0 1 297 546 682
1336 2 2 0 1 245 717 608
1337 2 2 0 1 354 804 711
1338 2 2 0 1 312 677 928
1339 2 2 0 1 240 599 774
1340 2 2 0 1 236 698 535
1341 2 2 0 1 227 910 617
1342 2 2 0 1 232 929 634
1343 2 2 0 1 446 634 929
1344 2 2 0 1 320 718 622
1345 2 2 0 1 321 719 623
1346 2 2 0 1 428 879 644
1347 2 2 0 1 279 644 879
1348 2 2 0 1 238 565 675
1349 2 2 0 1 238 675 564
1350 2 2 0 1 353 537 841
1351 2 2 0 1 352 538 842
1352 2 2 0 1 469 928 677
1353 2 2 0 1 248 827 559
1354 2 2 0 1 350 840 540
1355 2 2 0 1 351 839 539
1356 2 2 0 1 360 559 827
1357 2 2 0 1 242 691 553
1358 2 2 0 1 287 803 586
1359 2 2 0 1 327 692 676
1360 2 2 0 1 266 873 529
1361 2 2 0 1 267 872 530
1362 2 2 0 1 355 529 873
1363 2 2 0 1 356 530 872
1364 2 2 0 1 108 109 799
1365 2 2 0 1 169 170 800
1366 2 2 0 1 454 697 835
1367 2 2 0 1 368 762 850
1368 2 2 0 1 244 585 846
1369 2 2 0 1 361 741 614
1370 2 2 0 1 298 614 741
1371 2 2 0 1 360 613 740
1372 2 2 0 1 300 740 613
1373 2 2 0 1 295 670 574
1374 2 2 0 1 358 625 633
1375 2 2 0 1 233 633 625
1376 2 2 0 1 267 530 830
1377 2 2 0 1 358 642 782
1378 2 2 0 1 400 531 785
1379 2 2 0 1 399 784 532
1380 2 2 0 1 448 924 645
1381 2 2 0 1 257 645 924
1382 2 2 0 1 154 888 572
1383 2 2 0 1 371 572 888
1384 2 2 0 1 372 573 889
1385 2 2 0 1 93 889 573
1386 2 2 0 1 346 831 796
1387 2 2 0 1 126 566 887
1388 2 2 0 1 187 567 886
1389 2 2 0 1 374 886 567
1390 2 2 0 1 373 887 566
1391 2 2 0 1 125 887 598
1392 2 2 0 1 373 598 887
1393 2 2 0 1 186 886 597
1394 2 2 0 1 374 597 886
1395 2 2 0 1 240 674 582
1396 2 2 0 1 232 704 603
1397 2 2 0 1 223 778 614
1398 2 2 0 1 236 605 710
1399 2 2 0 1 372 889 591
1400 2 2 0 1 94 591 889
1401 2 2 0 1 155 592 888
1402 2 2 0 1 371 888 592
1403 2 2 0 1 398 686 563
1404 2 2 0 1 320 659 718
1405 2 2 0 1 321 660 719
1406 2 2 0 1 482 635 834
1407 2 2 0 1 251 834 635
1408 2 2 0 1 326 693 561
1409 2 2 0 1 331 612 682
1410 2 2 0 1 297 682 612
1411 2 2 0 1 112 113 712
1412 2 2 0 1 173 174 713
1413 2 2 0 1 424 619 701
1414 2 2 0 1 425 620 700
1415 2 2 0 1 200 942 557
1416 2 2 0 1 141 556 943
1417 2 2 0 1 384 617 910
1418 2 2 0 1 340 534 844
1419 2 2 0 1 237 536 904
1420 2 2 0 1 212 844 534
1421 2 2 0 1 116 714 653
1422 2 2 0 1 177 715 654
1423 2 2 0 1 180 181 702
1424 2 2 0 1 119 120 703
1425 2 2 0 1 276 804 536
1426 2 2 0 1 250 785 558
1427 2 2 0 1 277 898 535
1428 2 2 0 1 290 541 908
1429 2 2 0 1 344 696 571
1430 2 2 0 1 343 697 570
1431 2 2 0 1 166 754 548
1432 2 2 0 1 105 753 547
1433 2 2 0 1 335 544 863
1434 2 2 0 1 240 862 543
1435 2 2 0 1 242 541 874
1436 2 2 0 1 243 542 875
1437 2 2 0 1 235 648 699
1438 2 2 0 1 106 107 709
1439 2 2 0 1 167 168 708
1440 2 2 0 1 291 542 850
1441 2 2 0 1 288 901 543
1442 2 2 0 1 336 874 541
1443 2 2 0 1 337 875 542
1444 2 2 0 1 446 664 924
1445 2 2 0 1 257 924 664
1446 2 2 0 1 334 543 862
1447 2 2 0 1 241 863 544
1448 2 2 0 1 109 616 799
1449 2 2 0 1 170 615 800
1450 2 2 0 1 237 658 750
1451 2 2 0 1 401 642 884
1452 2 2 0 1 160 161 705
1453 2 2 0 1 99 100 706
1454 2 2 0 1 280 884 642
1455 2 2 0 1 361 614 778
1456 2 2 0 1 236 710 629
1457 2 2 0 1 323 665 825
1458 2 2 0 1 312 621 677
1459 2 2 0 1 221 562 784
1460 2 2 0 1 234 630 694
1461 2 2 0 1 315 704 765
1462 2 2 0 1 232 634 704
1463 2 2 0 1 313 789 710
1464 2 2 0 1 142 736 556
1465 2 2 0 1 199 557 737
1466 2 2 0 1 349 546 895
1467 2 2 0 1 386 940 547
1468 2 2 0 1 387 941 548
1469 2 2 0 1 220 895 546
1470 2 2 0 1 328 562 906
1471 2 2 0 1 246 836 659
1472 2 2 0 1 388 659 836
1473 2 2 0 1 247 837 660
1474 2 2 0 1 389 660 837
1475 2 2 0 1 429 796 831
1476 2 2 0 1 138 600 764
1477 2 2 0 1 203 763 601
1478 2 2 0 1 487 841 761
1479 2 2 0 1 290 761 841
1480 2 2 0 1 357 786 655
1481 2 2 0 1 432 907 695
1482 2 2 0 1 122 123 720
1483 2 2 0 1 183 184 721
1484 2 2 0 1 254 549 923
1485 2 2 0 1 128 129 724
1486 2 2 0 1 189 190 725
1487 2 2 0 1 248 861 602
1488 2 2 0 1 366 787 717
1489 2 2 0 1 433 717 787
1490 2 2 0 1 151 152 726
1491 2 2 0 1 90 91 727
1492 2 2 0 1 167 708 754
1493 2 2 0 1 390 754 708
1494 2 2 0 1 106 709 753
1495 2 2 0 1 391 753 709
1496 2 2 0 1 157 158 731
1497 2 2 0 1 96 97 732
1498 2 2 0 1 228 772 570
1499 2 2 0 1 344 571 773
1500 2 2 0 1 229 773 571
1501 2 2 0 1 343 570 772
1502 2 2 0 1 417 605 898
1503 2 2 0 1 316 632 673
1504 2 2 0 1 317 672 631
1505 2 2 0 1 460 918 582
1506 2 2 0 1 112 712 619
1507 2 2 0 1 173 713 620
1508 2 2 0 1 131 132 746
1509 2 2 0 1 192 193 747
1510 2 2 0 1 148 149 748
1511 2 2 0 1 87 88 749
1512 2 2 0 1 375 920 552
1513 2 2 0 1 430 551 861
1514 2 2 0 1 105 106 753
1515 2 2 0 1 166 167 754
1516 2 2 0 1 313 899 552
1517 2 2 0 1 297 828 555
1518 2 2 0 1 227 855 762
1519 2 2 0 1 488 762 855
1520 2 2 0 1 491 651 897
1521 2 2 0 1 492 650 896
1522 2 2 0 1 294 826 558
1523 2 2 0 1 222 613 857
1524 2 2 0 1 296 559 829
1525 2 2 0 1 345 781 756
1526 2 2 0 1 376 554 919
1527 2 2 0 1 259 662 766
1528 2 2 0 1 203 204 763
1529 2 2 0 1 137 138 764
1530 2 2 0 1 258 663 767
1531 2 2 0 1 215 934 554
1532 2 2 0 1 140 141 943
1533 2 2 0 1 200 201 942
1534 2 2 0 1 419 789 668
1535 2 2 0 1 313 668 789
1536 2 2 0 1 396 791 564
1537 2 2 0 1 397 565 790
1538 2 2 0 1 257 759 645
1539 2 2 0 1 256 758 646
1540 2 2 0 1 421 756 781
1541 2 2 0 1 358 782 903
1542 2 2 0 1 342 759 578
1543 2 2 0 1 341 758 579
1544 2 2 0 1 329 700 620
1545 2 2 0 1 330 701 619
1546 2 2 0 1 499 903 782
1547 2 2 0 1 303 786 576
1548 2 2 0 1 221 906 562
1549 2 2 0 1 319 589 751
1550 2 2 0 1 318 590 752
1551 2 2 0 1 327 694 630
1552 2 2 0 1 328 906 607
1553 2 2 0 1 305 843 571
1554 2 2 0 1 344 586 803
1555 2 2 0 1 347 587 766
1556 2 2 0 1 348 588 767
1557 2 2 0 1 133 134 867
1558 2 2 0 1 194 195 869
1559 2 2 0 1 205 206 866
1560 2 2 0 1 144 145 864
1561 2 2 0 1 196 197 865
1562 2 2 0 1 146 147 870
1563 2 2 0 1 135 136 868
1564 2 2 0 1 85 86 871
1565 2 2 0 1 125 126 887
1566 2 2 0 1 186 187 886
1567 2 2 0 1 154 155 888
1568 2 2 0 1 93 94 889
1569 2 2 0 1 329 620 713
1570 2 2 0 1 330 619 712
1571 2 2 0 1 315 765 669
1572 2 2 0 1 420 669 765
1573 2 2 0 1 506 772 684
1574 2 2 0 1 507 773 683
1575 2 2 0 1 359 704 634
1576 2 2 0 1 360 857 613
1577 2 2 0 1 343 585 835
1578 2 2 0 1 416 853 577
1579 2 2 0 1 245 586 926
1580 2 2 0 1 461 760 857
1581 2 2 0 1 222 857 760
1582 2 2 0 1 205 866 595
1583 2 2 0 1 197 596 865
1584 2 2 0 1 144 864 594
1585 2 2 0 1 136 593 868
1586 2 2 0 1 411 865 596
1587 2 2 0 1 412 595 866
1588 2 2 0 1 413 868 593
1589 2 2 0 1 410 594 864
1590 2 2 0 1 377 774 599
1591 2 2 0 1 364 629 710
1592 2 2 0 1 328 699 648
1593 2 2 0 1 343 846 585
1594 2 2 0 1 286 835 585
1595 2 2 0 1 323 825 653
1596 2 2 0 1 369 653 825
1597 2 2 0 1 230 622 718
1598 2 2 0 1 231 623 719
1599 2 2 0 1 469 581 928
1600 2 2 0 1 369 825 604
1601 2 2 0 1 439 611 794
1602 2 2 0 1 344 926 586
1603 2 2 0 1 312 928 624
1604 2 2 0 1 324 729 687
1605 2 2 0 1 325 728 688
1606 2 2 0 1 487 856 690
1607 2 2 0 1 488 855 689
1608 2 2 0 1 346 671 830
1609 2 2 0 1 355 800 615
1610 2 2 0 1 356 799 616
1611 2 2 0 1 509 872 922
1612 2 2 0 1 266 921 873
1613 2 2 0 1 267 922 872
1614 2 2 0 1 508 873 921
1615 2 2 0 1 322 654 715
1616 2 2 0 1 323 653 714
1617 2 2 0 1 319 859 639
1618 2 2 0 1 368 640 860
1619 2 2 0 1 367 639 859
1620 2 2 0 1 318 860 640
1621 2 2 0 1 354 770 624
1622 2 2 0 1 312 624 770
1623 2 2 0 1 489 679 848
1624 2 2 0 1 490 678 847
1625 2 2 0 1 405 638 843
1626 2 2 0 1 307 599 918
1627 2 2 0 1 345 627 781
1628 2 2 0 1 265 652 723
1629 2 2 0 1 380 691 808
1630 2 2 0 1 381 739 948
1631 2 2 0 1 481 948 739
1632 2 2 0 1 388 718 659
1633 2 2 0 1 389 719 660
1634 2 2 0 1 346 628 831
1635 2 2 0 1 346 796 671
1636 2 2 0 1 212 776 775
1637 2 2 0 1 418 775 776
1638 2 2 0 1 279 755 644
1639 2 2 0 1 367 939 761
1640 2 2 0 1 364 838 637
1641 2 2 0 1 209 637 838
1642 2 2 0 1 316 781 627
1643 2 2 0 1 349 644 755
1644 2 2 0 1 237 904 624
1645 2 2 0 1 420 765 822
1646 2 2 0 1 359 822 765
1647 2 2 0 1 325 658 743
1648 2 2 0 1 359 765 704
1649 2 2 0 1 554 669 919
1650 2 2 0 1 323 734 665
1651 2 2 0 1 325 750 658
1652 2 2 0 1 316 794 632
1653 2 2 0 1 232 666 929
1654 2 2 0 1 486 930 646
1655 2 2 0 1 485 931 645
1656 2 2 0 1 482 834 894
1657 2 2 0 1 363 894 834
1658 2 2 0 1 354 624 904
1659 2 2 0 1 364 710 789
1660 2 2 0 1 461 857 827
1661 2 2 0 1 360 827 857
1662 2 2 0 1 498 637 849
1663 2 2 0 1 209 849 637
1664 2 2 0 1 317 831 628
1665 2 2 0 1 359 643 822
1666 2 2 0 1 208 822 643
1667 2 2 0 1 378 927 878
1668 2 2 0 1 278 745 880
1669 2 2 0 1 427 880 745
1670 2 2 0 1 434 744 876
1671 2 2 0 1 282 876 744
1672 2 2 0 1 367 859 939
1673 2 2 0 1 505 939 859
1674 2 2 0 1 358 903 625
1675 2 2 0 1 407 738 845
1676 2 2 0 1 215 845 738
1677 2 2 0 1 359 909 643
1678 2 2 0 1 364 637 932
1679 2 2 0 1 228 902 847
1680 2 2 0 1 490 847 902
1681 2 2 0 1 314 625 903
1682 2 2 0 1 461 827 757
1683 2 2 0 1 248 757 827
1684 2 2 0 1 364 789 838
1685 2 2 0 1 419 838 789
1686 2 2 0 1 349 895 644
1687 2 2 0 1 552 920 668
1688 2 2 0 1 450 741 826
1689 2 2 0 1 452 829 740
1690 2 2 0 1 228 684 772
1691 2 2 0 1 229 683 773
1692 2 2 0 1 230 718 851
1693 2 2 0 1 231 719 852
1694 2 2 0 1 364 932 629
1695 2 2 0 1 217 671 796
1696 2 2 0 1 388 851 718
1697 2 2 0 1 389 852 719
1698 2 2 0 1 255 919 669
1699 2 2 0 1 359 634 909
1700 2 2 0 1 254 668 920
1701 2 2 0 1 380 808 744
1702 2 2 0 1 282 744 808
1703 2 2 0 1 480 738 944
1704 2 2 0 1 407 944 738
1705 2 2 0 1 362 780 779
1706 2 2 0 1 361 778 777
1707 2 2 0 1 409 777 778
1708 2 2 0 1 408 779 780
1709 2 2 0 1 369 896 650
1710 2 2 0 1 370 897 651
1711 2 2 0 1 343 835 697
1712 2 2 0 1 447 646 930
1713 2 2 0 1 448 645 931
1714 2 2 0 1 344 803 696
1715 2 2 0 1 376 854 845
1716 2 2 0 1 453 730 828
1717 2 2 0 1 246 947 836
1718 2 2 0 1 481 837 948
1719 2 2 0 1 480 836 947
1720 2 2 0 1 247 948 837
1721 2 2 0 1 378 769 927
1722 2 2 0 1 543 901 674
1723 2 2 0 1 378 798 769
1724 2 2 0 1 379 768 797
1725 2 2 0 1 376 769 798
1726 2 2 0 1 375 797 768
1727 2 2 0 1 446 929 664
1728 2 2 0 1 390 708 921
1729 2 2 0 1 391 709 922
1730 2 2 0 1 508 921 708
1731 2 2 0 1 509 922 709
1732 2 2 0 1 415 819 716
1733 2 2 0 1 404 674 901
1734 2 2 0 1 415 885 819
1735 2 2 0 1 253 716 819
1736 2 2 0 1 140 943 788
1737 2 2 0 1 201 787 942
1738 2 2 0 1 414 878 927
1739 2 2 0 1 407 845 854
1740 2 2 0 1 447 817 925
1741 2 2 0 1 280 925 817
1742 2 2 0 1 379 819 885
1743 2 2 0 1 290 908 761
1744 2 2 0 1 252 735 854
1745 2 2 0 1 407 854 735
1746 2 2 0 1 400 785 882
1747 2 2 0 1 250 882 785
1748 2 2 0 1 216 756 833
1749 2 2 0 1 421 833 756
1750 2 2 0 1 196 865 813
1751 2 2 0 1 206 812 866
1752 2 2 0 1 135 868 811
1753 2 2 0 1 145 810 864
1754 2 2 0 1 134 811 867
1755 2 2 0 1 413 867 811
1756 2 2 0 1 410 864 810
1757 2 2 0 1 411 813 865
1758 2 2 0 1 413 811 868
1759 2 2 0 1 412 866 812
1760 2 2 0 1 195 813 869
1761 2 2 0 1 85 871 812
1762 2 2 0 1 412 812 871
1763 2 2 0 1 411 869 813
1764 2 2 0 1 146 870 810
1765 2 2 0 1 410 810 870
1766 2 2 0 1 244 695 907
1767 2 2 0 1 376 798 854
1768 2 2 0 1 371 893 876
1769 2 2 0 1 434 876 893
1770 2 2 0 1 372 892 877
1771 2 2 0 1 435 877 892
1772 2 2 0 1 428 891 879
1773 2 2 0 1 374 879 891
1774 2 2 0 1 373 880 890
1775 2 2 0 1 427 890 880
1776 2 2 0 1 505 859 751
1777 2 2 0 1 504 860 752
1778 2 2 0 1 319 751 859
1779 2 2 0 1 318 752 860
1780 2 2 0 1 440 852 913
1781 2 2 0 1 389 913 852
1782 2 2 0 1 439 851 912
1783 2 2 0 1 388 912 851
1784 2 2 0 1 379 797 819
1785 2 2 0 1 253 819 797
1786 2 2 0 1 281 816 881
1787 2 2 0 1 399 881 816
1788 2 2 0 1 400 884 817
1789 2 2 0 1 280 817 884
1790 2 2 0 1 376 919 769
1791 2 2 0 1 375 768 920
1792 2 2 0 1 354 904 804
1793 2 2 0 1 277 733 900
1794 2 2 0 1 466 900 733
1795 2 2 0 1 252 854 798
1796 2 2 0 1 250 777 945
1797 2 2 0 1 409 945 777
1798 2 2 0 1 408 946 779
1799 2 2 0 1 249 779 946
1800 2 2 0 1 378 933 798
1801 2 2 0 1 367 761 908
1802 2 2 0 1 255 769 919
1803 2 2 0 1 254 920 768
1804 2 2 0 1 255 927 769
1805 2 2 0 1 402 881 883
1806 2 2 0 1 401 884 882
1807 2 2 0 1 536 804 904
1808 2 2 0 1 400 882 884
1809 2 2 0 1 399 883 881
1810 2 2 0 1 277 900 898
1811 2 2 0 1 417 898 900
1812 2 2 0 1 252 798 933
1813 2 2 0 1 366 942 787
1814 2 2 0 1 365 788 943
1815 2 2 0 1 456 937 915
1816 2 2 0 1 458 917 936
1817 2 2 0 1 459 916 938
1818 2 2 0 1 457 935 914
1819 2 2 0 1 392 936 917
1820 2 2 0 1 393 914 935
1821 2 2 0 1 394 915 937
1822 2 2 0 1 395 938 916
1823 2 2 0 2 1199 1509 1240
1824 2 2 0 2 1556 1089 1184
1825 2 2 0 2 1509 1101 1240
1826 2 2 0 2 1134 1526 1381
1827 2 2 0 2 1137 1589 1122
1828 2 2 0 2 1526 1054 1381
1829 2 2 0 2 1001 1330 1192
1830 2 2 0 2 975 1412 1151
1831 2 2 0 2 978 1413 1153
1832 2 2 0 2 979 1414 1152
1833 2 2 0 2 977 1155 1415
1834 2 2 0 2 974 1149 1416
1835 2 2 0 2 27 1101 1429
1836 2 2 0 2 952 1089 1556
1837 2 2 0 2 35 1331 1105
1838 2 2 0 2 973 1147 1420
1839 2 2 0 2 1227 1326 970
1840 2 2 0 2 1100 1210 1211
1841 2 2 0 2 982 1339 1196
1842 2 2 0 2 995 1205 1210
1843 2 2 0 2 2 1246 37
1844 2 2 0 2 2 38 1246
1845 2 2 0 2 1052 1253 1278
1846 2 2 0 2 949 1140 1165
1847 2 2 0 2 1547 1024 1211
1848 2 2 0 2 999 1183 1165
1849 2 2 0 2 964 1136 1332
1850 2 2 0 2 1016 1278 1253
1851 2 2 0 2 1020 1127 1441
1852 2 2 0 2 140 1193 141
1853 2 2 0 2 53 1093 1449
1854 2 2 0 2 982 1231 1339
1855 2 2 0 2 1128 1194 1453
1856 2 2 0 2 1178 1198 1490
1857 2 2 0 2 999 1176 1182
1858 2 2 0 2 1210 1547 1211
1859 2 2 0 2 1042 1161 1467
1860 2 2 0 2 1020 1441 1229
1861 2 2 0 2 967 1475 1180
1862 2 2 0 2 8 1226 1201
1863 2 2 0 2 1016 1371 1135
1864 2 2 0 2 1001 1350 1374
1865 2 2 0 2 997 1176 1140
1866 2 2 0 2 1014 1373 1204
1867 2 2 0 2 1196 1339 1492
1868 2 2 0 2 1194 951 1453
1869 2 2 0 2 1122 1589 960
1870 2 2 0 2 1292 1451 1021
1871 2 2 0 2 25 1429 1348
1872 2 2 0 2 1180 1475 1578
1873 2 2 0 2 78 79 1059
1874 2 2 0 2 1063 1380 1446
1875 2 2 0 2 1054 1494 1381
1876 2 2 0 2 144 1139 145
1877 2 2 0 2 994 1198 1521
1878 2 2 0 2 1026 1122 1185
1879 2 2 0 2 949 1165 1166
1880 2 2 0 2 78 1059 1141
1881 2 2 0 2 1000 1188 1120
1882 2 2 0 2 24 1281 1302
1883 2 2 0 2 1003 1199 1240
1884 2 2 0 2 53 54 1093
1885 2 2 0 2 35 1105 1350
1886 2 2 0 2 999 1182 1189
1887 2 2 0 2 1018 1103 1477
1888 2 2 0 2 1057 1204 1373
1889 2 2 0 2 1052 1192 1330
1890 2 2 0 2 999 1189 1183
1891 2 2 0 2 80 1102 1191
1892 2 2 0 2 949 1134 1381
1893 2 2 0 2 1004 1165 1183
1894 2 2 0 2 1024 1169 1133
1895 2 2 0 2 1000 1317 1231
1896 2 2 0 2 949 1381 1140
1897 2 2 0 2 22 1284 1299
1898 2 2 0 2 20 1285 1298
1899 2 2 0 2 18 1286 1297
1900 2 2 0 2 16 1287 1296
1901 2 2 0 2 1045 1510 1160
1902 2 2 0 2 1151 1412 1506
1903 2 2 0 2 1153 1413 1504
1904 2 2 0 2 1152 1414 1505
1905 2 2 0 2 1155 1503 1415
1906 2 2 0 2 1149 1502 1416
1907 2 2 0 2 964 1190 1136
1908 2 2 0 2 961 1182 1176
1909 2 2 0 2 14 1288 1323
1910 2 2 0 2 999 1165 1140
1911 2 2 0 2 1147 1493 1420
1912 2 2 0 2 79 1191 1059
1913 2 2 0 2 1017 1180 1157
1914 2 2 0 2 999 1140 1176
1915 2 2 0 2 141 1193 1454
1916 2 2 0 2 1010 1106 1352
1917 2 2 0 2 1009 1107 1351
1918 2 2 0 2 1008 1108 1354
1919 2 2 0 2 1011 1353 1108
1920 2 2 0 2 1012 1355 1109
1921 2 2 0 2 1042 1230 1163
1922 2 2 0 2 1128 1326 1227
1923 2 2 0 2 1019 1056 1341
1924 2 2 0 2 1063 1544 1380
1925 2 2 0 2 994 1142 1091
1926 2 2 0 2 1009 1232 1106
1927 2 2 0 2 1008 1233 1107
1928 2 2 0 2 1011 1109 1234
1929 2 2 0 2 1105 1374 1350
1930 2 2 0 2 1006 1143 1329
1931 2 2 0 2 1008 1354 1096
1932 2 2 0 2 1009 1351 1097
1933 2 2 0 2 1010 1352 1098
1934 2 2 0 2 1011 1095 1353
1935 2 2 0 2 1012 1094 1355
1936 2 2 0 2 204 1164 205
1937 2 2 0 2 1013 1090 1356
1938 2 2 0 2 1062 1282 1162
1939 2 2 0 2 1013 1356 1110
1940 2 2 0 2 1013 1289 1090
1941 2 2 0 2 1012 1110 1235
1942 2 2 0 2 1021 1451 1142
1943 2 2 0 2 963 1446 1380
1944 2 2 0 2 1018 1327 1103
1945 2 2 0 2 1206 1526 1428
1946 2 2 0 2 1089 1339 1231
1947 2 2 0 2 1012 1235 1094
1948 2 2 0 2 1026 1121 1252
1949 2 2 0 2 1011 1234 1095
1950 2 2 0 2 1008 1096 1233
1951 2 2 0 2 1009 1097 1232
1952 2 2 0 2 5 1211 1319
1953 2 2 0 2 67 1071 1070
1954 2 2 0 2 69 1074 1073
1955 2 2 0 2 59 1083 1084
1956 2 2 0 2 57 1086 1087
1957 2 2 0 2 71 1077 1076
1958 2 2 0 2 65 1068 1067
1959 2 2 0 2 1205 1548 1210
1960 2 2 0 2 61 1080 1081
1961 2 2 0 2 1517 998 1230
1962 2 2 0 2 983 1538 1349
1963 2 2 0 2 960 1135 1371
1964 2 2 0 2 951 1194 1421
1965 2 2 0 2 1016 1185 1371
1966 2 2 0 2 1004 1183 1179
1967 2 2 0 2 1105 1331 1291
1968 2 2 0 2 9 1411 1430
1969 2 2 0 2 1045 1332 1136
1970 2 2 0 2 1046 1549 1141
1971 2 2 0 2 1092 1244 1507
1972 2 2 0 2 1010 1098 1203
1973 2 2 0 2 1019 1241 1056
1974 2 2 0 2 1022 1162 1282
1975 2 2 0 2 26 27 1429
1976 2 2 0 2 1013 1302 1281
1977 2 2 0 2 8 1201 1445
1978 2 2 0 2 1025 1291 1331
1979 2 2 0 2 1004 1179 1195
1980 2 2 0 2 4 76 1322
1981 2 2 0 2 1101 1241 1429
1982 2 2 0 2 953 1289 1341
1983 2 2 0 2 996 1128 1227
1984 2 2 0 2 998 1163 1230
1985 2 2 0 2 1019 1429 1241
1986 2 2 0 2 1120 1376 1495
1987 2 2 0 2 963 1133 1169
1988 2 2 0 2 120 1170 121
1989 2 2 0 2 114 1171 115
1990 2 2 0 2 108 1172 109
1991 2 2 0 2 96 1174 97
1992 2 2 0 2 90 1173 91
1993 2 2 0 2 102 1175 103
1994 2 2 0 2 1012 1299 1284
1995 2 2 0 2 74 75 1168
1996 2 2 0 2 969 1178 1490
1997 2 2 0 2 1011 1298 1285
1998 2 2 0 2 1008 1297 1286
1999 2 2 0 2 1009 1296 1287
2000 2 2 0 2 6 1550 1375
2001 2 2 0 2 1027 1495 1376
2002 2 2 0 2 62 1064 1079
2003 2 2 0 2 1024 1133 1405
2004 2 2 0 2 972 1495 1338
2005 2 2 0 2 75 1322 1168
2006 2 2 0 2 1124 1467 1161
2007 2 2 0 2 1054 1526 1206
2008 2 2 0 2 198 1186 199
2009 2 2 0 2 1178 1521 1198
2010 2 2 0 2 1010 1323 1288
2011 2 2 0 2 980 1329 1143
2012 2 2 0 2 4 1322 75
2013 2 2 0 2 1578 1112 1242
2014 2 2 0 2 985 1208 1132
2015 2 2 0 2 48 1515 1177
2016 2 2 0 2 1120 1188 1425
2017 2 2 0 2 960 1404 1135
2018 2 2 0 2 25 26 1429
2019 2 2 0 2 954 1235 1356
2020 2 2 0 2 1014 1301 1123
2021 2 2 0 2 955 1234 1355
2022 2 2 0 2 957 1351 1233
2023 2 2 0 2 958 1352 1232
2024 2 2 0 2 1041 1319 1518
2025 2 2 0 2 1013 1126 1289
2026 2 2 0 2 950 1132 1419
2027 2 2 0 2 1036 1344 1436
2028 2 2 0 2 1032 1435 1346
2029 2 2 0 2 1034 1345 1437
2030 2 2 0 2 1038 1347 1438
2031 2 2 0 2 1028 1343 1433
2032 2 2 0 2 1030 1434 1342
2033 2 2 0 2 1004 1166 1165
2034 2 2 0 2 1058 1303 1340
2035 2 2 0 2 1002 1160 1510
2036 2 2 0 2 1027 1376 1304
2037 2 2 0 2 964 1320 1190
2038 2 2 0 2 975 1335 1150
2039 2 2 0 2 979 1152 1337
2040 2 2 0 2 978 1153 1336
2041 2 2 0 2 977 1148 1334
2042 2 2 0 2 974 1333 1149
2043 2 2 0 2 975 1151 1346
2044 2 2 0 2 978 1345 1154
2045 2 2 0 2 977 1344 1155
2046 2 2 0 2 979 1347 1156
2047 2 2 0 2 974 1146 1342
2048 2 2 0 2 973 1343 1147
2049 2 2 0 2 973 1144 1328
2050 2 2 0 2 1052 1330 1253
2051 2 2 0 2 1020 1228 1127
2052 2 2 0 2 128 1188 129
2053 2 2 0 2 966 1179 1183
2054 2 2 0 2 972 1338 1145
2055 2 2 0 2 1026 1252 1122
2056 2 2 0 2 1027 1338 1495
2057 2 2 0 2 1121 1194 1252
2058 2 2 0 2 1089 1231 1317
2059 2 2 0 2 1010 1288 1106
2060 2 2 0 2 1009 1287 1107
2061 2 2 0 2 1008 1286 1108
2062 2 2 0 2 1011 1285 1109
2063 2 2 0 2 1280 39 1511
2064 2 2 0 2 1005 1300 1200
2065 2 2 0 2 975 1346 1435
2066 2 2 0 2 977 1436 1344
2067 2 2 0 2 978 1437 1345
2068 2 2 0 2 979 1438 1347
2069 2 2 0 2 973 1433 1343
2070 2 2 0 2 974 1342 1434
2071 2 2 0 2 976 1207 1167
2072 2 2 0 2 1012 1284 1110
2073 2 2 0 2 1158 1517 1230
2074 2 2 0 2 27 1240 1101
2075 2 2 0 2 50 1410 1515
2076 2 2 0 2 970 1158 1230
2077 2 2 0 2 1009 1106 1296
2078 2 2 0 2 1008 1107 1297
2079 2 2 0 2 1011 1108 1298
2080 2 2 0 2 1012 1109 1299
2081 2 2 0 2 1457 1043 1466
2082 2 2 0 2 983 1244 1092
2083 2 2 0 2 1511 41 1249
2084 2 2 0 2 1002 1157 1180
2085 2 2 0 2 1048 1231 1537
2086 2 2 0 2 996 1194 1128
2087 2 2 0 2 35 36 1331
2088 2 2 0 2 1003 1240 1209
2089 2 2 0 2 962 1243 1159
2090 2 2 0 2 23 24 1302
2091 2 2 0 2 1042 1163 1375
2092 2 2 0 2 1013 1110 1302
2093 2 2 0 2 950 1157 1442
2094 2 2 0 2 995 1210 1100
2095 2 2 0 2 997 1140 1381
2096 2 2 0 2 967 1340 1303
2097 2 2 0 2 52 53 1160
2098 2 2 0 2 980 1060 1329
2099 2 2 0 2 975 1435 1335
2100 2 2 0 2 979 1337 1438
2101 2 2 0 2 978 1336 1437
2102 2 2 0 2 977 1334 1436
2103 2 2 0 2 974 1434 1333
2104 2 2 0 2 1033 1335 1435
2105 2 2 0 2 1039 1438 1337
2106 2 2 0 2 1035 1437 1336
2107 2 2 0 2 1037 1436 1334
2108 2 2 0 2 1031 1333 1434
2109 2 2 0 2 1104 1226 73
2110 2 2 0 2 1040 1325 1243
2111 2 2 0 2 1112 1474 1242
2112 2 2 0 2 53 1449 1160
2113 2 2 0 2 985 1132 1428
2114 2 2 0 2 1045 1160 1449
2115 2 2 0 2 1019 1341 1126
2116 2 2 0 2 77 78 1141
2117 2 2 0 2 48 49 1515
2118 2 2 0 2 77 1141 1549
2119 2 2 0 2 1018 1195 1179
2120 2 2 0 2 1511 39 40
2121 2 2 0 2 1029 1433 1328
2122 2 2 0 2 21 22 1299
2123 2 2 0 2 19 20 1298
2124 2 2 0 2 17 18 1297
2125 2 2 0 2 15 16 1296
2126 2 2 0 2 9 10 1411
2127 2 2 0 2 950 1419 1157
2128 2 2 0 2 965 1522 1238
2129 2 2 0 2 1026 1586 1121
2130 2 2 0 2 11 12 1129
2131 2 2 0 2 45 1187 1508
2132 2 2 0 2 966 1540 1459
2133 2 2 0 2 981 1210 1548
2134 2 2 0 2 13 14 1323
2135 2 2 0 2 970 1326 1158
2136 2 2 0 2 973 1328 1433
2137 2 2 0 2 1001 1189 1182
2138 2 2 0 2 1001 1192 1350
2139 2 2 0 2 1014 1196 1373
2140 2 2 0 2 1001 1182 1330
2141 2 2 0 2 966 1183 1189
2142 2 2 0 2 952 1553 1089
2143 2 2 0 2 1121 1421 1194
2144 2 2 0 2 982 1537 1231
2145 2 2 0 2 1044 1513 1190
2146 2 2 0 2 40 41 1511
2147 2 2 0 2 1005 1200 1403
2148 2 2 0 2 133 1301 134
2149 2 2 0 2 994 1091 1198
2150 2 2 0 2 49 50 1515
2151 2 2 0 2 970 1467 1227
2152 2 2 0 2 964 1324 1320
2153 2 2 0 2 55 1127 1228
2154 2 2 0 2 1013 1281 1126
2155 2 2 0 2 984 1321 1124
2156 2 2 0 2 129 1188 1279
2157 2 2 0 2 1002 1242 1160
2158 2 2 0 2 985 1472 1208
2159 2 2 0 2 1057 1238 1512
2160 2 2 0 2 998 1197 1163
2161 2 2 0 2 980 1403 1060
2162 2 2 0 2 1132 1208 1419
2163 2 2 0 2 965 1373 1196
2164 2 2 0 2 966 1291 1540
2165 2 2 0 2 1062 1162 1582
2166 2 2 0 2 961 1253 1330
2167 2 2 0 2 1023 1243 1325
2168 2 2 0 2 1046 1349 1168
2169 2 2 0 2 967 1464 1162
2170 2 2 0 2 1051 1492 1339
2171 2 2 0 2 1138 1238 1522
2172 2 2 0 2 1042 1375 1161
2173 2 2 0 2 1091 1142 1432
2174 2 2 0 2 1129 1457 1466
2175 2 2 0 2 1111 1409 1404
2176 2 2 0 2 969 1244 1525
2177 2 2 0 2 1006 1427 1143
2178 2 2 0 2 1005 1320 1324
2179 2 2 0 2 8 1455 1226
2180 2 2 0 2 17 1297 1287
2181 2 2 0 2 15 1296 1288
2182 2 2 0 2 19 1298 1286
2183 2 2 0 2 21 1299 1285
2184 2 2 0 2 129 1279 130
2185 2 2 0 2 976 1167 1372
2186 2 2 0 2 23 1302 1284
2187 2 2 0 2 1168 1349 1538
2188 2 2 0 2 6 134 1204
2189 2 2 0 2 1130 1518 1319
2190 2 2 0 2 134 1301 1204
2191 2 2 0 2 971 1236 1379
2192 2 2 0 2 1048 1537 1406
2193 2 2 0 2 1017 1157 1419
2194 2 2 0 2 25 1348 1281
2195 2 2 0 2 967 1162 1340
2196 2 2 0 2 1207 1542 1380
2197 2 2 0 2 949 1166 1282
2198 2 2 0 2 966 1189 1374
2199 2 2 0 2 1112 1578 1475
2200 2 2 0 2 144 1300 1139
2201 2 2 0 2 1016 1135 1277
2202 2 2 0 2 997 1248 1176
2203 2 2 0 2 1017 1582 1162
2204 2 2 0 2 1023 1159 1243
2205 2 2 0 2 73 1226 1580
2206 2 2 0 2 1050 1430 1411
2207 2 2 0 2 1014 1204 1301
2208 2 2 0 2 1126 1341 1289
2209 2 2 0 2 962 1427 1131
2210 2 2 0 2 54 1228 1093
2211 2 2 0 2 960 1371 1122
2212 2 2 0 2 54 55 1228
2213 2 2 0 2 962 1159 1424
2214 2 2 0 2 63 1065 1064
2215 2 2 0 2 1163 1581 1375
2216 2 2 0 2 145 1139 1590
2217 2 2 0 2 1058 1587 1303
2218 2 2 0 2 950 1417 1132
2219 2 2 0 2 1050 1239 1458
2220 2 2 0 2 31 1278 1277
2221 2 2 0 2 1005 1519 1139
2222 2 2 0 2 1019 1348 1429
2223 2 2 0 2 949 1488 1134
2224 2 2 0 2 996 1227 1321
2225 2 2 0 2 1047 1135 1404
2226 2 2 0 2 1239 1377 1458
2227 2 2 0 2 80 1545 1102
2228 2 2 0 2 79 80 1191
2229 2 2 0 2 142 1200 143
2230 2 2 0 2 24 25 1281
2231 2 2 0 2 1000 1120 1426
2232 2 2 0 2 1123 1406 1537
2233 2 2 0 2 1124 1321 1227
2234 2 2 0 2 33 34 1192
2235 2 2 0 2 62 63 1064
2236 2 2 0 2 45 1534 1187
2237 2 2 0 2 16 17 1287
2238 2 2 0 2 14 15 1288
2239 2 2 0 2 18 19 1286
2240 2 2 0 2 20 21 1285
2241 2 2 0 2 22 23 1284
2242 2 2 0 2 1208 1472 1582
2243 2 2 0 2 1191 968 1469
2244 2 2 0 2 962 1143 1427
2245 2 2 0 2 1020 1418 1228
2246 2 2 0 2 1124 1227 1467
2247 2 2 0 2 961 1176 1248
2248 2 2 0 2 1018 1477 1195
2249 2 2 0 2 980 1190 1320
2250 2 2 0 2 972 1184 1317
2251 2 2 0 2 1161 1375 1550
2252 2 2 0 2 1041 1318 1319
2253 2 2 0 2 983 1092 1201
2254 2 2 0 2 1006 1193 1237
2255 2 2 0 2 951 1421 1206
2256 2 2 0 2 1122 1575 1137
2257 2 2 0 2 1022 1166 1247
2258 2 2 0 2 1004 1585 1166
2259 2 2 0 2 1040 1158 1326
2260 2 2 0 2 1089 1317 1184
2261 2 2 0 2 1110 1356 1235
2262 2 2 0 2 1109 1355 1234
2263 2 2 0 2 1107 1233 1351
2264 2 2 0 2 1106 1232 1352
2265 2 2 0 2 1136 1190 1513
2266 2 2 0 2 1303 1587 1468
2267 2 2 0 2 1022 1282 1166
2268 2 2 0 2 1496 968 1191
2269 2 2 0 2 1525 1244 1349
2270 2 2 0 2 1002 1578 1242
2271 2 2 0 2 41 1327 1249
2272 2 2 0 2 966 1374 1291
2273 2 2 0 2 962 1131 1283
2274 2 2 0 2 1019 1126 1348
2275 2 2 0 2 43 44 1440
2276 2 2 0 2 31 32 1278
2277 2 2 0 2 44 45 1508
2278 2 2 0 2 30 31 1277
2279 2 2 0 2 1040 1283 1158
2280 2 2 0 2 1016 1277 1278
2281 2 2 0 2 980 1422 1190
2282 2 2 0 2 1041 1518 1372
2283 2 2 0 2 1049 1468 1177
2284 2 2 0 2 984 1512 1238
2285 2 2 0 2 1123 1301 1423
2286 2 2 0 2 44 1508 1440
2287 2 2 0 2 1025 1583 1246
2288 2 2 0 2 1027 1304 1213
2289 2 2 0 2 1025 1331 1583
2290 2 2 0 2 976 1372 1518
2291 2 2 0 2 204 1292 1164
2292 2 2 0 2 973 1420 1144
2293 2 2 0 2 28 1209 1240
2294 2 2 0 2 1028 1307 1215
2295 2 2 0 2 1034 1310 1223
2296 2 2 0 2 1038 1314 1224
2297 2 2 0 2 1036 1311 1222
2298 2 2 0 2 1032 1219 1316
2299 2 2 0 2 1030 1214 1306
2300 2 2 0 2 52 1160 1242
2301 2 2 0 2 974 1416 1146
2302 2 2 0 2 977 1415 1148
2303 2 2 0 2 975 1150 1412
2304 2 2 0 2 978 1154 1413
2305 2 2 0 2 979 1156 1414
2306 2 2 0 2 1060 1454 1193
2307 2 2 0 2 1015 1507 1244
2308 2 2 0 2 1076 1077 1260
2309 2 2 0 2 1086 1262 1087
2310 2 2 0 2 1083 1268 1084
2311 2 2 0 2 1070 1071 1275
2312 2 2 0 2 1073 1074 1276
2313 2 2 0 2 1067 1068 1265
2314 2 2 0 2 121 1170 1305
2315 2 2 0 2 120 1307 1170
2316 2 2 0 2 115 1171 1306
2317 2 2 0 2 114 1309 1171
2318 2 2 0 2 109 1172 1308
2319 2 2 0 2 108 1311 1172
2320 2 2 0 2 96 1314 1174
2321 2 2 0 2 102 1310 1175
2322 2 2 0 2 91 1173 1316
2323 2 2 0 2 97 1174 1312
2324 2 2 0 2 103 1175 1313
2325 2 2 0 2 90 1315 1173
2326 2 2 0 2 1080 1257 1081
2327 2 2 0 2 972 1439 1184
2328 2 2 0 2 1098 1501 1203
2329 2 2 0 2 167 1250 168
2330 2 2 0 2 165 1251 166
2331 2 2 0 2 1047 1370 1135
2332 2 2 0 2 965 1238 1373
2333 2 2 0 2 205 1164 1293
2334 2 2 0 2 124 1213 125
2335 2 2 0 2 122 1212 123
2336 2 2 0 2 987 1113 1368
2337 2 2 0 2 987 1369 1113
2338 2 2 0 2 7 1590 1441
2339 2 2 0 2 986 1187 1591
2340 2 2 0 2 972 1145 1439
2341 2 2 0 2 1014 1123 1447
2342 2 2 0 2 118 1215 119
2343 2 2 0 2 116 1214 117
2344 2 2 0 2 112 1216 113
2345 2 2 0 2 110 1217 111
2346 2 2 0 2 92 1219 93
2347 2 2 0 2 88 1218 89
2348 2 2 0 2 98 1220 99
2349 2 2 0 2 104 1221 105
2350 2 2 0 2 106 1222 107
2351 2 2 0 2 100 1223 101
2352 2 2 0 2 94 1224 95
2353 2 2 0 2 961 1330 1182
2354 2 2 0 2 140 1577 1193
2355 2 2 0 2 997 1381 1494
2356 2 2 0 2 1048 1406 1408
2357 2 2 0 2 1 9 1430
2358 2 2 0 2 1 1430 84
2359 2 2 0 2 1005 1139 1300
2360 2 2 0 2 1166 1585 1247
2361 2 2 0 2 41 42 1327
2362 2 2 0 2 1046 1168 1322
2363 2 2 0 2 1060 1403 1200
2364 2 2 0 2 1102 1496 1191
2365 2 2 0 2 995 1431 1205
2366 2 2 0 2 86 1225 87
2367 2 2 0 2 169 1254 170
2368 2 2 0 2 163 1255 164
2369 2 2 0 2 171 1256 172
2370 2 2 0 2 161 1257 162
2371 2 2 0 2 189 1258 190
2372 2 2 0 2 183 1259 184
2373 2 2 0 2 157 1271 158
2374 2 2 0 2 175 1266 176
2375 2 2 0 2 177 1269 178
2376 2 2 0 2 159 1270 160
2377 2 2 0 2 181 1261 182
2378 2 2 0 2 191 1260 192
2379 2 2 0 2 173 1265 174
2380 2 2 0 2 147 1272 148
2381 2 2 0 2 149 1262 150
2382 2 2 0 2 151 1263 152
2383 2 2 0 2 153 1267 154
2384 2 2 0 2 155 1268 156
2385 2 2 0 2 179 1275 180
2386 2 2 0 2 193 1273 194
2387 2 2 0 2 187 1274 188
2388 2 2 0 2 185 1276 186
2389 2 2 0 2 989 1115 1360
2390 2 2 0 2 989 1361 1115
2391 2 2 0 2 990 1357 1116
2392 2 2 0 2 992 1118 1359
2393 2 2 0 2 991 1117 1358
2394 2 2 0 2 1130 1319 1211
2395 2 2 0 2 988 1114 1366
2396 2 2 0 2 988 1367 1114
2397 2 2 0 2 993 1365 1119
2398 2 2 0 2 991 1364 1117
2399 2 2 0 2 992 1363 1118
2400 2 2 0 2 993 1119 1362
2401 2 2 0 2 1007 1207 1380
2402 2 2 0 2 12 1457 1129
2403 2 2 0 2 1039 1220 1312
2404 2 2 0 2 1035 1221 1313
2405 2 2 0 2 1033 1315 1218
2406 2 2 0 2 1031 1309 1216
2407 2 2 0 2 1037 1217 1308
2408 2 2 0 2 965 1492 1181
2409 2 2 0 2 1058 1379 1236
2410 2 2 0 2 1040 1243 1283
2411 2 2 0 2 1049 1410 1475
2412 2 2 0 2 30 1277 1370
2413 2 2 0 2 1047 1404 1409
2414 2 2 0 2 1029 1212 1305
2415 2 2 0 2 7 1264 146
2416 2 2 0 2 1106 1288 1296
2417 2 2 0 2 1107 1287 1297
2418 2 2 0 2 1108 1286 1298
2419 2 2 0 2 1109 1285 1299
2420 2 2 0 2 984 1124 1512
2421 2 2 0 2 990 1116 1378
2422 2 2 0 2 1111 1181 1409
2423 2 2 0 2 11 1129 1516
2424 2 2 0 2 199 1186 1295
2425 2 2 0 2 961 1248 1443
2426 2 2 0 2 1021 1245 1551
2427 2 2 0 2 1052 1527 1192
2428 2 2 0 2 1050 1411 1446
2429 2 2 0 2 1125 1591 1187
2430 2 2 0 2 1028 1433 1170
2431 2 2 0 2 1030 1171 1434
2432 2 2 0 2 1032 1173 1435
2433 2 2 0 2 1034 1437 1175
2434 2 2 0 2 1038 1438 1174
2435 2 2 0 2 1036 1436 1172
2436 2 2 0 2 1129 1544 1516
2437 2 2 0 2 984 1238 1536
2438 2 2 0 2 1044 1424 1159
2439 2 2 0 2 1041 1225 1318
2440 2 2 0 2 1112 1475 1410
2441 2 2 0 2 996 1252 1194
2442 2 2 0 2 1110 1284 1302
2443 2 2 0 2 1188 1489 1279
2444 2 2 0 2 128 1425 1188
2445 2 2 0 2 1132 1552 1428
2446 2 2 0 2 1099 1197 1523
2447 2 2 0 2 1029 1170 1433
2448 2 2 0 2 1031 1434 1171
2449 2 2 0 2 1033 1435 1173
2450 2 2 0 2 1035 1175 1437
2451 2 2 0 2 1039 1174 1438
2452 2 2 0 2 1037 1172 1436
2453 2 2 0 2 987 1328 1483
2454 2 2 0 2 1098 1506 1412
2455 2 2 0 2 1097 1505 1414
2456 2 2 0 2 1096 1504 1413
2457 2 2 0 2 1095 1415 1503
2458 2 2 0 2 1094 1416 1502
2459 2 2 0 2 965 1181 1522
2460 2 2 0 2 1059 1461 1141
2461 2 2 0 2 1063 1446 1411
2462 2 2 0 2 1101 1509 1241
2463 2 2 0 2 956 1354 1353
2464 2 2 0 2 1089 1553 1339
2465 2 2 0 2 1049 1177 1515
2466 2 2 0 2 1122 1371 1185
2467 2 2 0 2 1058 1340 1379
2468 2 2 0 2 34 35 1350
2469 2 2 0 2 971 1585 1195
2470 2 2 0 2 198 1294 1186
2471 2 2 0 2 989 1481 1333
2472 2 2 0 2 989 1334 1481
2473 2 2 0 2 991 1337 1478
2474 2 2 0 2 992 1336 1480
2475 2 2 0 2 1045 1449 1332
2476 2 2 0 2 962 1283 1243
2477 2 2 0 2 1024 1130 1211
2478 2 2 0 2 1124 1161 1512
2479 2 2 0 2 1014 1447 1196
2480 2 2 0 2 1023 1325 1206
2481 2 2 0 2 953 1483 1144
2482 2 2 0 2 137 1197 1465
2483 2 2 0 2 995 1100 1487
2484 2 2 0 2 1022 1340 1162
2485 2 2 0 2 953 1145 1483
2486 2 2 0 2 1018 1179 1559
2487 2 2 0 2 990 1491 1335
2488 2 2 0 2 1024 1547 1169
2489 2 2 0 2 987 1483 1338
2490 2 2 0 2 998 1523 1197
2491 2 2 0 2 1090 1420 1493
2492 2 2 0 2 951 1206 1325
2493 2 2 0 2 954 1482 1146
2494 2 2 0 2 954 1147 1482
2495 2 2 0 2 955 1481 1148
2496 2 2 0 2 955 1149 1481
2497 2 2 0 2 958 1479 1151
2498 2 2 0 2 956 1480 1153
2499 2 2 0 2 956 1155 1480
2500 2 2 0 2 957 1154 1478
2501 2 2 0 2 957 1478 1152
2502 2 2 0 2 958 1156 1479
2503 2 2 0 2 1005 1324 1519
2504 2 2 0 2 1004 1195 1585
2505 2 2 0 2 988 1342 1482
2506 2 2 0 2 988 1482 1343
2507 2 2 0 2 991 1478 1345
2508 2 2 0 2 993 1346 1479
2509 2 2 0 2 992 1480 1344
2510 2 2 0 2 993 1479 1347
2511 2 2 0 2 1063 1516 1544
2512 2 2 0 2 980 1143 1422
2513 2 2 0 2 1003 1209 1409
2514 2 2 0 2 1034 1223 1364
2515 2 2 0 2 1036 1222 1363
2516 2 2 0 2 1038 1224 1365
2517 2 2 0 2 1032 1362 1219
2518 2 2 0 2 1028 1215 1367
2519 2 2 0 2 1030 1366 1214
2520 2 2 0 2 34 1350 1192
2521 2 2 0 2 959 1150 1491
2522 2 2 0 2 1027 1213 1369
2523 2 2 0 2 5 1473 1211
2524 2 2 0 2 1018 1249 1327
2525 2 2 0 2 1016 1253 1185
2526 2 2 0 2 1017 1464 1180
2527 2 2 0 2 1059 1191 1469
2528 2 2 0 2 1042 1467 1230
2529 2 2 0 2 996 1321 1575
2530 2 2 0 2 962 1424 1143
2531 2 2 0 2 1051 1181 1492
2532 2 2 0 2 1003 1409 1181
2533 2 2 0 2 1045 1136 1442
2534 2 2 0 2 1022 1379 1340
2535 2 2 0 2 1000 1489 1188
2536 2 2 0 2 1007 1380 1544
2537 2 2 0 2 1044 1159 1417
2538 2 2 0 2 1093 1228 1418
2539 2 2 0 2 67 1070 1567
2540 2 2 0 2 59 1084 1570
2541 2 2 0 2 57 1087 1569
2542 2 2 0 2 71 1076 1571
2543 2 2 0 2 69 1073 1568
2544 2 2 0 2 69 1561 1074
2545 2 2 0 2 71 1566 1077
2546 2 2 0 2 57 1565 1086
2547 2 2 0 2 65 1563 1068
2548 2 2 0 2 67 1562 1071
2549 2 2 0 2 59 1564 1083
2550 2 2 0 2 61 1081 1572
2551 2 2 0 2 65 1067 1573
2552 2 2 0 2 1039 1358 1220
2553 2 2 0 2 1035 1359 1221
2554 2 2 0 2 1033 1218 1357
2555 2 2 0 2 1031 1216 1361
2556 2 2 0 2 1037 1360 1217
2557 2 2 0 2 1023 1552 1159
2558 2 2 0 2 1097 1499 1232
2559 2 2 0 2 1096 1500 1233
2560 2 2 0 2 1095 1234 1498
2561 2 2 0 2 1046 1141 1525
2562 2 2 0 2 959 1491 1167
2563 2 2 0 2 1054 1206 1421
2564 2 2 0 2 61 1576 1080
2565 2 2 0 2 964 1332 1418
2566 2 2 0 2 1029 1368 1212
2567 2 2 0 2 990 1372 1491
2568 2 2 0 2 1193 1577 1237
2569 2 2 0 2 137 1579 1197
2570 2 2 0 2 1017 1162 1464
2571 2 2 0 2 1051 1553 1199
2572 2 2 0 2 1026 1185 1443
2573 2 2 0 2 1094 1235 1497
2574 2 2 0 2 971 1379 1247
2575 2 2 0 2 1025 1246 1554
2576 2 2 0 2 963 1169 1471
2577 2 2 0 2 986 1486 1187
2578 2 2 0 2 1044 1190 1422
2579 2 2 0 2 1053 1187 1486
2580 2 2 0 2 1099 1541 1237
2581 2 2 0 2 33 1192 1527
2582 2 2 0 2 28 29 1209
2583 2 2 0 2 1025 1554 1280
2584 2 2 0 2 1088 1450 1569
2585 2 2 0 2 1026 1443 1248
2586 2 2 0 2 1002 1510 1157
2587 2 2 0 2 984 1536 1321
2588 2 2 0 2 1203 1501 959
2589 2 2 0 2 963 1380 1133
2590 2 2 0 2 63 1584 1065
2591 2 2 0 2 1001 1374 1189
2592 2 2 0 2 1047 1409 1209
2593 2 2 0 2 203 1292 204
2594 2 2 0 2 27 28 1240
2595 2 2 0 2 51 52 1242
2596 2 2 0 2 1064 1065 1250
2597 2 2 0 2 1064 1251 1079
2598 2 2 0 2 1041 1378 1225
2599 2 2 0 2 1177 1468 1591
2600 2 2 0 2 55 56 1450
2601 2 2 0 2 1017 1419 1208
2602 2 2 0 2 966 1459 1179
2603 2 2 0 2 199 1295 200
2604 2 2 0 2 48 1177 1535
2605 2 2 0 2 971 1247 1585
2606 2 2 0 2 205 1293 206
2607 2 2 0 2 143 1200 1300
2608 2 2 0 2 1040 1453 1325
2609 2 2 0 2 952 1199 1553
2610 2 2 0 2 969 1461 1178
2611 2 2 0 2 1057 1373 1238
2612 2 2 0 2 982 1196 1447
2613 2 2 0 2 1060 1193 1329
2614 2 2 0 2 967 1180 1464
2615 2 2 0 2 1028 1170 1307
2616 2 2 0 2 1032 1316 1173
2617 2 2 0 2 1038 1174 1314
2618 2 2 0 2 1034 1175 1310
2619 2 2 0 2 1036 1172 1311
2620 2 2 0 2 1030 1306 1171
2621 2 2 0 2 1093 1418 1332
2622 2 2 0 2 1021 1142 1520
2623 2 2 0 2 125 1304 126
2624 2 2 0 2 121 1305 122
2625 2 2 0 2 115 1306 116
2626 2 2 0 2 119 1307 120
2627 2 2 0 2 109 1308 110
2628 2 2 0 2 113 1309 114
2629 2 2 0 2 101 1310 102
2630 2 2 0 2 97 1312 98
2631 2 2 0 2 107 1311 108
2632 2 2 0 2 103 1313 104
2633 2 2 0 2 95 1314 96
2634 2 2 0 2 89 1315 90
2635 2 2 0 2 91 1316 92
2636 2 2 0 2 983 1201 1538
2637 2 2 0 2 143 1300 144
2638 2 2 0 2 142 1454 1200
2639 2 2 0 2 197 1294 198
2640 2 2 0 2 1026 1248 1586
2641 2 2 0 2 50 51 1474
2642 2 2 0 2 1137 1575 1321
2643 2 2 0 2 137 1465 138
2644 2 2 0 2 986 1591 1468
2645 2 2 0 2 1092 1445 1201
2646 2 2 0 2 85 1318 86
2647 2 2 0 2 1144 1483 1328
2648 2 2 0 2 1138 1536 1238
2649 2 2 0 2 1006 1329 1193
2650 2 2 0 2 125 1213 1304
2651 2 2 0 2 122 1305 1212
2652 2 2 0 2 1006 1237 1541
2653 2 2 0 2 981 1548 1202
2654 2 2 0 2 119 1215 1307
2655 2 2 0 2 116 1306 1214
2656 2 2 0 2 113 1216 1309
2657 2 2 0 2 110 1308 1217
2658 2 2 0 2 98 1312 1220
2659 2 2 0 2 101 1223 1310
2660 2 2 0 2 107 1222 1311
2661 2 2 0 2 104 1313 1221
2662 2 2 0 2 89 1218 1315
2663 2 2 0 2 95 1224 1314
2664 2 2 0 2 92 1316 1219
2665 2 2 0 2 968 1205 1431
2666 2 2 0 2 1149 1333 1481
2667 2 2 0 2 1148 1481 1334
2668 2 2 0 2 1152 1478 1337
2669 2 2 0 2 1153 1480 1336
2670 2 2 0 2 1023 1428 1552
2671 2 2 0 2 970 1230 1467
2672 2 2 0 2 1033 1173 1315
2673 2 2 0 2 1035 1313 1175
2674 2 2 0 2 1039 1312 1174
2675 2 2 0 2 1031 1171 1309
2676 2 2 0 2 1037 1308 1172
2677 2 2 0 2 1029 1305 1170
2678 2 2 0 2 1053 1508 1187
2679 2 2 0 2 1135 1370 1277
2680 2 2 0 2 1091 1452 1198
2681 2 2 0 2 1163 1197 1579
2682 2 2 0 2 1015 1244 1490
2683 2 2 0 2 1264 1441 1450
2684 2 2 0 2 1150 1335 1491
2685 2 2 0 2 1099 1237 1546
2686 2 2 0 2 1145 1338 1483
2687 2 2 0 2 981 1202 1470
2688 2 2 0 2 983 1349 1244
2689 2 2 0 2 1146 1482 1342
2690 2 2 0 2 1147 1343 1482
2691 2 2 0 2 1154 1345 1478
2692 2 2 0 2 1155 1344 1480
2693 2 2 0 2 1151 1479 1346
2694 2 2 0 2 1156 1347 1479
2695 2 2 0 2 1111 1522 1181
2696 2 2 0 2 86 1318 1225
2697 2 2 0 2 1056 1184 1439
2698 2 2 0 2 1245 1431 1551
2699 2 2 0 2 1043 1557 1290
2700 2 2 0 2 1139 1229 1590
2701 2 2 0 2 1021 1164 1292
2702 2 2 0 2 1104 1201 1226
2703 2 2 0 2 1051 1199 1574
2704 2 2 0 2 1157 1510 1442
2705 2 2 0 2 126 1376 127
2706 2 2 0 2 6 1375 135
2707 2 2 0 2 971 1195 1477
2708 2 2 0 2 1229 1441 1590
2709 2 2 0 2 1023 1206 1428
2710 2 2 0 2 1091 1432 1460
2711 2 2 0 2 1040 1326 1453
2712 2 2 0 2 50 1474 1410
2713 2 2 0 2 1048 1489 1231
2714 2 2 0 2 1090 1289 1476
2715 2 2 0 2 1097 1414 1499
2716 2 2 0 2 1096 1413 1500
2717 2 2 0 2 1095 1498 1415
2718 2 2 0 2 1098 1412 1501
2719 2 2 0 2 1094 1497 1416
2720 2 2 0 2 1055 1377 1239
2721 2 2 0 2 82 83 1377
2722 2 2 0 2 971 1448 1236
2723 2 2 0 2 1055 1484 1377
2724 2 2 0 2 124 1524 1213
2725 2 2 0 2 123 1212 1524
2726 2 2 0 2 981 1169 1547
2727 2 2 0 2 1051 1574 1181
2728 2 2 0 2 47 1535 1514
2729 2 2 0 2 985 1428 1526
2730 2 2 0 2 968 1521 1469
2731 2 2 0 2 5 1319 85
2732 2 2 0 2 29 30 1560
2733 2 2 0 2 3 1514 46
2734 2 2 0 2 3 47 1514
2735 2 2 0 2 117 1214 1528
2736 2 2 0 2 118 1528 1215
2737 2 2 0 2 112 1529 1216
2738 2 2 0 2 111 1217 1529
2739 2 2 0 2 93 1219 1532
2740 2 2 0 2 88 1530 1218
2741 2 2 0 2 99 1220 1533
2742 2 2 0 2 105 1221 1531
2743 2 2 0 2 106 1531 1222
2744 2 2 0 2 94 1532 1224
2745 2 2 0 2 100 1533 1223
2746 2 2 0 2 1108 1353 1354
2747 2 2 0 2 7 1441 1264
2748 2 2 0 2 1125 1187 1534
2749 2 2 0 2 136 1579 137
2750 2 2 0 2 1137 1321 1536
2751 2 2 0 2 1022 1247 1379
2752 2 2 0 2 1021 1551 1164
2753 2 2 0 2 87 1225 1530
2754 2 2 0 2 1024 1405 1130
2755 2 2 0 2 968 1245 1521
2756 2 2 0 2 46 1514 1534
2757 2 2 0 2 953 1144 1476
2758 2 2 0 2 1557 1203 959
2759 2 2 0 2 954 1493 1147
2760 2 2 0 2 1132 1417 1552
2761 2 2 0 2 955 1502 1149
2762 2 2 0 2 956 1503 1155
2763 2 2 0 2 956 1153 1504
2764 2 2 0 2 958 1151 1506
2765 2 2 0 2 957 1152 1505
2766 2 2 0 2 1021 1520 1245
2767 2 2 0 2 953 1485 1145
2768 2 2 0 2 1126 1281 1348
2769 2 2 0 2 61 62 1576
2770 2 2 0 2 958 1232 1499
2771 2 2 0 2 957 1233 1500
2772 2 2 0 2 955 1498 1234
2773 2 2 0 2 949 1282 1488
2774 2 2 0 2 954 1146 1497
2775 2 2 0 2 955 1148 1498
2776 2 2 0 2 957 1500 1154
2777 2 2 0 2 958 1499 1156
2778 2 2 0 2 959 1501 1150
2779 2 2 0 2 1167 1491 1372
2780 2 2 0 2 64 65 1573
2781 2 2 0 2 58 59 1570
2782 2 2 0 2 69 70 1561
2783 2 2 0 2 68 69 1568
2784 2 2 0 2 59 60 1564
2785 2 2 0 2 67 68 1562
2786 2 2 0 2 71 72 1566
2787 2 2 0 2 65 66 1563
2788 2 2 0 2 57 58 1565
2789 2 2 0 2 66 67 1567
2790 2 2 0 2 56 57 1569
2791 2 2 0 2 70 71 1571
2792 2 2 0 2 60 61 1572
2793 2 2 0 2 131 1406 132
2794 2 2 0 2 63 64 1584
2795 2 2 0 2 976 1542 1207
2796 2 2 0 2 954 1497 1235
2797 2 2 0 2 1080 1576 1255
2798 2 2 0 2 1057 1161 1550
2799 2 2 0 2 963 1471 1239
2800 2 2 0 2 47 48 1535
2801 2 2 0 2 1007 1290 1207
2802 2 2 0 2 1105 1291 1374
2803 2 2 0 2 1202 1545 1484
2804 2 2 0 2 1576 1079 1255
2805 2 2 0 2 55 1450 1127
2806 2 2 0 2 45 46 1534
2807 2 2 0 2 1062 1582 1472
2808 2 2 0 2 994 1520 1142
2809 2 2 0 2 133 1423 1301
2810 2 2 0 2 130 1279 1408
2811 2 2 0 2 1062 1488 1282
2812 2 2 0 2 1090 1476 1420
2813 2 2 0 2 1067 1256 1573
2814 2 2 0 2 1066 1254 1584
2815 2 2 0 2 1066 1573 1256
2816 2 2 0 2 1068 1563 1266
2817 2 2 0 2 1078 1273 1566
2818 2 2 0 2 1069 1266 1563
2819 2 2 0 2 1074 1561 1274
2820 2 2 0 2 1075 1274 1561
2821 2 2 0 2 1077 1566 1273
2822 2 2 0 2 1071 1562 1261
2823 2 2 0 2 1072 1261 1562
2824 2 2 0 2 1082 1271 1564
2825 2 2 0 2 1083 1564 1271
2826 2 2 0 2 1085 1263 1565
2827 2 2 0 2 1086 1565 1263
2828 2 2 0 2 1069 1567 1269
2829 2 2 0 2 1070 1269 1567
2830 2 2 0 2 1085 1570 1267
2831 2 2 0 2 1087 1272 1569
2832 2 2 0 2 1084 1267 1570
2833 2 2 0 2 1088 1569 1272
2834 2 2 0 2 1073 1259 1568
2835 2 2 0 2 1072 1568 1259
2836 2 2 0 2 1075 1571 1258
2837 2 2 0 2 1076 1258 1571
2838 2 2 0 2 1082 1572 1270
2839 2 2 0 2 1081 1270 1572
2840 2 2 0 2 127 1425 128
2841 2 2 0 2 1099 1465 1197
2842 2 2 0 2 963 1239 1446
2843 2 2 0 2 1000 1426 1317
2844 2 2 0 2 1000 1231 1489
2845 2 2 0 2 62 1079 1576
2846 2 2 0 2 72 73 1580
2847 2 2 0 2 1053 1448 1440
2848 2 2 0 2 1584 1254 1065
2849 2 2 0 2 1179 1459 1559
2850 2 2 0 2 1015 1198 1452
2851 2 2 0 2 82 1377 1484
2852 2 2 0 2 1056 1556 1184
2853 2 2 0 2 1102 1202 1548
2854 2 2 0 2 1133 1380 1542
2855 2 2 0 2 1167 1207 1558
2856 2 2 0 2 1061 1540 1280
2857 2 2 0 2 126 1304 1376
2858 2 2 0 2 1103 1440 1448
2859 2 2 0 2 130 1408 131
2860 2 2 0 2 1005 1403 1320
2861 2 2 0 2 1002 1180 1578
2862 2 2 0 2 1099 1546 1465
2863 2 2 0 2 73 1555 1104
2864 2 2 0 2 196 1444 197
2865 2 2 0 2 952 1509 1199
2866 2 2 0 2 201 1432 202
2867 2 2 0 2 1186 1452 1295
2868 2 2 0 2 6 1204 1550
2869 2 2 0 2 996 1575 1252
2870 2 2 0 2 1003 1181 1574
2871 2 2 0 2 959 1167 1558
2872 2 2 0 2 1056 1241 1556
2873 2 2 0 2 1053 1236 1448
2874 2 2 0 2 1049 1515 1410
2875 2 2 0 2 1025 1280 1540
2876 2 2 0 2 132 1423 133
2877 2 2 0 2 1050 1446 1239
2878 2 2 0 2 1043 1290 1466
2879 2 2 0 2 987 1368 1328
2880 2 2 0 2 1029 1328 1368
2881 2 2 0 2 1136 1513 1442
2882 2 2 0 2 30 1370 1560
2883 2 2 0 2 12 13 1457
2884 2 2 0 2 81 82 1484
2885 2 2 0 2 80 81 1545
2886 2 2 0 2 987 1338 1369
2887 2 2 0 2 10 11 1516
2888 2 2 0 2 981 1470 1169
2889 2 2 0 2 952 1241 1509
2890 2 2 0 2 1052 1278 1527
2891 2 2 0 2 952 1556 1241
2892 2 2 0 2 74 1168 1555
2893 2 2 0 2 1047 1209 1560
2894 2 2 0 2 73 74 1555
2895 2 2 0 2 1116 1357 1218
2896 2 2 0 2 1117 1220 1358
2897 2 2 0 2 1118 1221 1359
2898 2 2 0 2 1115 1217 1360
2899 2 2 0 2 1115 1361 1216
2900 2 2 0 2 1131 1517 1283
2901 2 2 0 2 1027 1369 1338
2902 2 2 0 2 81 1484 1545
2903 2 2 0 2 1158 1283 1517
2904 2 2 0 2 1159 1552 1417
2905 2 2 0 2 1119 1219 1362
2906 2 2 0 2 1118 1363 1222
2907 2 2 0 2 1117 1364 1223
2908 2 2 0 2 1119 1365 1224
2909 2 2 0 2 1114 1214 1366
2910 2 2 0 2 1114 1367 1215
2911 2 2 0 2 950 1442 1513
2912 2 2 0 2 166 1382 167
2913 2 2 0 2 1113 1212 1368
2914 2 2 0 2 1203 1557 1588
2915 2 2 0 2 994 1245 1520
2916 2 2 0 2 83 84 1458
2917 2 2 0 2 1043 1588 1557
2918 2 2 0 2 168 1384 169
2919 2 2 0 2 164 1383 165
2920 2 2 0 2 170 1386 171
2921 2 2 0 2 162 1385 163
2922 2 2 0 2 174 1462 175
2923 2 2 0 2 150 1390 151
2924 2 2 0 2 156 1388 157
2925 2 2 0 2 160 1395 161
2926 2 2 0 2 148 1392 149
2927 2 2 0 2 154 1391 155
2928 2 2 0 2 176 1387 177
2929 2 2 0 2 158 1389 159
2930 2 2 0 2 178 1398 179
2931 2 2 0 2 172 1397 173
2932 2 2 0 2 186 1463 187
2933 2 2 0 2 192 1396 193
2934 2 2 0 2 182 1400 183
2935 2 2 0 2 152 1393 153
2936 2 2 0 2 180 1394 181
2937 2 2 0 2 184 1399 185
2938 2 2 0 2 190 1401 191
2939 2 2 0 2 188 1402 189
2940 2 2 0 2 1059 1469 1178
2941 2 2 0 2 1113 1369 1213
2942 2 2 0 2 1031 1361 1333
2943 2 2 0 2 1037 1334 1360
2944 2 2 0 2 1033 1357 1335
2945 2 2 0 2 1035 1336 1359
2946 2 2 0 2 1039 1337 1358
2947 2 2 0 2 1015 1452 1186
2948 2 2 0 2 1060 1200 1454
2949 2 2 0 2 1061 1459 1540
2950 2 2 0 2 1185 1253 1443
2951 2 2 0 2 8 1445 196
2952 2 2 0 2 146 1407 147
2953 2 2 0 2 8 195 1455
2954 2 2 0 2 1055 1470 1202
2955 2 2 0 2 202 1451 203
2956 2 2 0 2 1143 1424 1422
2957 2 2 0 2 1059 1178 1461
2958 2 2 0 2 989 1333 1361
2959 2 2 0 2 989 1360 1334
2960 2 2 0 2 992 1359 1336
2961 2 2 0 2 990 1335 1357
2962 2 2 0 2 991 1358 1337
2963 2 2 0 2 968 1496 1205
2964 2 2 0 2 1092 1294 1444
2965 2 2 0 2 976 1405 1542
2966 2 2 0 2 972 1317 1426
2967 2 2 0 2 1030 1342 1366
2968 2 2 0 2 1028 1367 1343
2969 2 2 0 2 1036 1363 1344
2970 2 2 0 2 1034 1364 1345
2971 2 2 0 2 1038 1365 1347
2972 2 2 0 2 1032 1346 1362
2973 2 2 0 2 1100 1211 1473
2974 2 2 0 2 127 1376 1425
2975 2 2 0 2 980 1320 1403
2976 2 2 0 2 85 1319 1318
2977 2 2 0 2 203 1451 1292
2978 2 2 0 2 961 1443 1253
2979 2 2 0 2 988 1366 1342
2980 2 2 0 2 988 1343 1367
2981 2 2 0 2 993 1347 1365
2982 2 2 0 2 992 1344 1363
2983 2 2 0 2 991 1345 1364
2984 2 2 0 2 993 1362 1346
2985 2 2 0 2 1116 1225 1378
2986 2 2 0 2 1104 1538 1201
2987 2 2 0 2 1091 1460 1295
2988 2 2 0 2 141 1454 142
2989 2 2 0 2 135 1375 1581
2990 2 2 0 2 1055 1239 1471
2991 2 2 0 2 1100 1293 1487
2992 2 2 0 2 1164 1551 1487
2993 2 2 0 2 1057 1512 1161
2994 2 2 0 2 969 1525 1461
2995 2 2 0 2 951 1325 1453
2996 2 2 0 2 200 1295 1460
2997 2 2 0 2 1125 1514 1535
2998 2 2 0 2 997 1586 1248
2999 2 2 0 2 200 1460 201
3000 2 2 0 2 1133 1542 1405
3001 2 2 0 2 76 77 1549
3002 2 2 0 2 953 1476 1289
3003 2 2 0 2 1125 1534 1514
3004 2 2 0 2 1058 1236 1587
3005 2 2 0 2 131 1408 1406
3006 2 2 0 2 1053 1440 1508
3007 2 2 0 2 1091 1295 1452
3008 2 2 0 2 1015 1490 1198
3009 2 2 0 2 38 39 1554
3010 2 2 0 2 1049 1475 1303
3011 2 2 0 2 132 1406 1423
3012 2 2 0 2 990 1378 1372
3013 2 2 0 2 1092 1444 1445
3014 2 2 0 2 1138 1522 1539
3015 2 2 0 2 1139 1519 1229
3016 2 2 0 2 1046 1322 1549
3017 2 2 0 2 206 1293 1473
3018 2 2 0 2 197 1444 1294
3019 2 2 0 2 5 206 1473
3020 2 2 0 2 32 33 1527
3021 2 2 0 2 1055 1202 1484
3022 2 2 0 2 38 1554 1246
3023 2 2 0 2 76 1549 1322
3024 2 2 0 2 1018 1559 1249
3025 2 2 0 2 1113 1524 1212
3026 2 2 0 2 1113 1213 1524
3027 2 2 0 2 1122 1252 1575
3028 2 2 0 2 1003 1574 1199
3029 2 2 0 2 194 1456 195
3030 2 2 0 2 1114 1528 1214
3031 2 2 0 2 1114 1215 1528
3032 2 2 0 2 1115 1216 1529
3033 2 2 0 2 1115 1529 1217
3034 2 2 0 2 1116 1218 1530
3035 2 2 0 2 1119 1532 1219
3036 2 2 0 2 1117 1533 1220
3037 2 2 0 2 1118 1531 1221
3038 2 2 0 2 1118 1222 1531
3039 2 2 0 2 1119 1224 1532
3040 2 2 0 2 1117 1223 1533
3041 2 2 0 2 1061 1280 1511
3042 2 2 0 2 1015 1186 1507
3043 2 2 0 2 32 1527 1278
3044 2 2 0 2 1043 1457 1323
3045 2 2 0 2 42 43 1543
3046 2 2 0 2 1186 1294 1507
3047 2 2 0 2 1102 1545 1202
3048 2 2 0 2 1041 1372 1378
3049 2 2 0 2 1116 1530 1225
3050 2 2 0 2 1056 1485 1341
3051 2 2 0 2 167 1382 1250
3052 2 2 0 2 166 1251 1382
3053 2 2 0 2 168 1250 1384
3054 2 2 0 2 165 1383 1251
3055 2 2 0 2 1103 1327 1543
3056 2 2 0 2 36 37 1583
3057 2 2 0 2 1061 1511 1249
3058 2 2 0 2 1061 1249 1559
3059 2 2 0 2 1045 1442 1510
3060 2 2 0 2 969 1490 1244
3061 2 2 0 2 1092 1507 1294
3062 2 2 0 2 994 1521 1245
3063 2 2 0 2 1053 1486 1236
3064 2 2 0 2 169 1384 1254
3065 2 2 0 2 164 1255 1383
3066 2 2 0 2 170 1254 1386
3067 2 2 0 2 163 1385 1255
3068 2 2 0 2 171 1386 1256
3069 2 2 0 2 162 1257 1385
3070 2 2 0 2 172 1256 1397
3071 2 2 0 2 161 1395 1257
3072 2 2 0 2 192 1260 1396
3073 2 2 0 2 187 1463 1274
3074 2 2 0 2 184 1259 1399
3075 2 2 0 2 181 1394 1261
3076 2 2 0 2 183 1400 1259
3077 2 2 0 2 189 1402 1258
3078 2 2 0 2 175 1462 1266
3079 2 2 0 2 176 1266 1387
3080 2 2 0 2 152 1263 1393
3081 2 2 0 2 153 1393 1267
3082 2 2 0 2 149 1392 1262
3083 2 2 0 2 150 1262 1390
3084 2 2 0 2 160 1270 1395
3085 2 2 0 2 151 1390 1263
3086 2 2 0 2 159 1389 1270
3087 2 2 0 2 157 1388 1271
3088 2 2 0 2 177 1387 1269
3089 2 2 0 2 174 1265 1462
3090 2 2 0 2 179 1398 1275
3091 2 2 0 2 190 1258 1401
3092 2 2 0 2 148 1272 1392
3093 2 2 0 2 182 1261 1400
3094 2 2 0 2 154 1267 1391
3095 2 2 0 2 155 1391 1268
3096 2 2 0 2 158 1271 1389
3097 2 2 0 2 156 1268 1388
3098 2 2 0 2 178 1269 1398
3099 2 2 0 2 173 1397 1265
3100 2 2 0 2 180 1275 1394
3101 2 2 0 2 191 1401 1260
3102 2 2 0 2 186 1276 1463
3103 2 2 0 2 193 1396 1273
3104 2 2 0 2 185 1399 1276
3105 2 2 0 2 188 1274 1402
3106 2 2 0 2 1010 1588 1323
3107 2 2 0 2 123 1524 124
3108 2 2 0 2 1020 1324 1418
3109 2 2 0 2 967 1303 1475
3110 2 2 0 2 965 1196 1492
3111 2 2 0 2 202 1432 1451
3112 2 2 0 2 147 1407 1272
3113 2 2 0 2 959 1558 1290
3114 2 2 0 2 1127 1450 1441
3115 2 2 0 2 972 1426 1495
3116 2 2 0 2 117 1528 118
3117 2 2 0 2 111 1529 112
3118 2 2 0 2 105 1531 106
3119 2 2 0 2 99 1533 100
3120 2 2 0 2 87 1530 88
3121 2 2 0 2 93 1532 94
3122 2 2 0 2 1048 1408 1279
3123 2 2 0 2 953 1341 1485
3124 2 2 0 2 1131 1541 1523
3125 2 2 0 2 201 1460 1432
3126 2 2 0 2 146 1264 1407
3127 2 2 0 2 138 1546 139
3128 2 2 0 2 957 1505 1351
3129 2 2 0 2 958 1506 1352
3130 2 2 0 2 956 1353 1503
3131 2 2 0 2 956 1504 1354
3132 2 2 0 2 955 1355 1502
3133 2 2 0 2 37 1246 1583
3134 2 2 0 2 954 1356 1493
3135 2 2 0 2 83 1458 1377
3136 2 2 0 2 1100 1473 1293
3137 2 2 0 2 1178 1469 1521
3138 2 2 0 2 13 1323 1457
3139 2 2 0 2 135 1581 136
3140 2 2 0 2 194 1273 1456
3141 2 2 0 2 1128 1453 1326
3142 2 2 0 2 1017 1208 1582
3143 2 2 0 2 1130 1405 1518
3144 2 2 0 2 139 1577 140
3145 2 2 0 2 29 1560 1209
3146 2 2 0 2 1207 1290 1558
3147 2 2 0 2 1043 1323 1588
3148 2 2 0 2 56 1569 1450
3149 2 2 0 2 968 1431 1245
3150 2 2 0 2 1078 1226 1455
3151 2 2 0 2 1044 1422 1424
3152 2 2 0 2 1057 1550 1204
3153 2 2 0 2 42 1543 1327
3154 2 2 0 2 51 1242 1474
3155 2 2 0 2 1098 1352 1506
3156 2 2 0 2 1097 1351 1505
3157 2 2 0 2 1095 1503 1353
3158 2 2 0 2 1096 1354 1504
3159 2 2 0 2 1094 1502 1355
3160 2 2 0 2 1049 1303 1468
3161 2 2 0 2 1090 1493 1356
3162 2 2 0 2 985 1526 1472
3163 2 2 0 2 986 1468 1587
3164 2 2 0 2 1112 1410 1474
3165 2 2 0 2 1099 1523 1541
3166 2 2 0 2 1111 1539 1522
3167 2 2 0 2 1141 1461 1525
3168 2 2 0 2 1025 1540 1291
3169 2 2 0 2 1121 1494 1421
3170 2 2 0 2 960 1539 1404
3171 2 2 0 2 1093 1332 1449
3172 2 2 0 2 1134 1472 1526
3173 2 2 0 2 1048 1279 1489
3174 2 2 0 2 10 1516 1411
3175 2 2 0 2 1010 1203 1588
3176 2 2 0 2 7 145 1590
3177 2 2 0 2 1050 1458 1430
3178 2 2 0 2 39 1280 1554
3179 2 2 0 2 139 1546 1577
3180 2 2 0 2 959 1290 1557
3181 2 2 0 2 1111 1404 1539
3182 2 2 0 2 1020 1519 1324
3183 2 2 0 2 1131 1427 1541
3184 2 2 0 2 196 1445 1444
3185 2 2 0 2 964 1418 1324
3186 2 2 0 2 1120 1425 1376
3187 2 2 0 2 1121 1586 1494
3188 2 2 0 2 1007 1544 1466
3189 2 2 0 2 1102 1205 1496
3190 2 2 0 2 84 1430 1458
3191 2 2 0 2 971 1477 1448
3192 2 2 0 2 1064 1382 1251
3193 2 2 0 2 1064 1250 1382
3194 2 2 0 2 995 1551 1431
3195 2 2 0 2 976 1518 1405
3196 2 2 0 2 1123 1537 1447
3197 2 2 0 2 1102 1548 1205
3198 2 2 0 2 1007 1466 1290
3199 2 2 0 2 1046 1525 1349
3200 2 2 0 2 1123 1423 1406
3201 2 2 0 2 1169 1470 1471
3202 2 2 0 2 1063 1411 1516
3203 2 2 0 2 1164 1487 1293
3204 2 2 0 2 1129 1466 1544
3205 2 2 0 2 1120 1495 1426
3206 2 2 0 2 1047 1560 1370
3207 2 2 0 2 1044 1417 1513
3208 2 2 0 2 1144 1420 1476
3209 2 2 0 2 1237 1577 1546
3210 2 2 0 2 36 1583 1331
3211 2 2 0 2 1054 1421 1494
3212 2 2 0 2 1146 1416 1497
3213 2 2 0 2 1148 1415 1498
3214 2 2 0 2 1154 1500 1413
3215 2 2 0 2 1156 1499 1414
3216 2 2 0 2 1150 1501 1412
3217 2 2 0 2 1103 1448 1477
3218 2 2 0 2 1145 1485 1439
3219 2 2 0 2 1006 1541 1427
3220 2 2 0 2 1020 1229 1519
3221 2 2 0 2 1072 1562 1568
3222 2 2 0 2 1069 1563 1567
3223 2 2 0 2 1085 1565 1570
3224 2 2 0 2 1075 1561 1571
3225 2 2 0 2 1082 1564 1572
3226 2 2 0 2 981 1547 1210
3227 2 2 0 2 138 1465 1546
3228 2 2 0 2 998 1517 1523
3229 2 2 0 2 1056 1439 1485
3230 2 2 0 2 1078 1566 1580
3231 2 2 0 2 1177 1591 1535
3232 2 2 0 2 1142 1451 1432
3233 2 2 0 2 1078 1580 1226
3234 2 2 0 2 1125 1535 1591
3235 2 2 0 2 1066 1584 1573
3236 2 2 0 2 1103 1543 1440
3237 2 2 0 2 195 1456 1455
3238 2 2 0 2 1138 1589 1536
3239 2 2 0 2 1051 1339 1553
3240 2 2 0 2 1168 1538 1555
3241 2 2 0 2 1134 1488 1472
3242 2 2 0 2 950 1513 1417
3243 2 2 0 2 997 1494 1586
3244 2 2 0 2 1055 1471 1470
3245 2 2 0 2 1138 1539 1589
3246 2 2 0 2 982 1447 1537
3247 2 2 0 2 43 1440 1543
3248 2 2 0 2 1131 1523 1517
3249 2 2 0 2 1236 1486 1587
3250 2 2 0 2 1062 1472 1488
3251 2 2 0 2 1088 1264 1450
3252 2 2 0 2 1078 1455 1456
3253 2 2 0 2 1104 1555 1538
3254 2 2 0 2 1061 1559 1459
3255 2 2 0 2 136 1581 1579
3256 2 2 0 2 986 1587 1486
3257 2 2 0 2 1137 1536 1589
3258 2 2 0 2 1079 1383 1255
3259 2 2 0 2 1065 1254 1384
3260 2 2 0 2 1065 1384 1250
3261 2 2 0 2 1079 1251 1383
3262 2 2 0 2 1163 1579 1581
3263 2 2 0 2 1078 1456 1273
3264 2 2 0 2 1066 1256 1386
3265 2 2 0 2 1080 1385 1257
3266 2 2 0 2 1066 1386 1254
3267 2 2 0 2 1080 1255 1385
3268 2 2 0 2 1081 1395 1270
3269 2 2 0 2 1067 1265 1397
3270 2 2 0 2 1067 1397 1256
3271 2 2 0 2 1081 1257 1395
3272 2 2 0 2 1077 1396 1260
3273 2 2 0 2 1075 1258 1402
3274 2 2 0 2 1074 1274 1463
3275 2 2 0 2 1076 1401 1258
3276 2 2 0 2 1071 1261 1394
3277 2 2 0 2 1076 1260 1401
3278 2 2 0 2 1073 1399 1259
3279 2 2 0 2 1073 1276 1399
3280 2 2 0 2 1072 1259 1400
3281 2 2 0 2 1070 1275 1398
3282 2 2 0 2 1068 1266 1462
3283 2 2 0 2 1069 1387 1266
3284 2 2 0 2 1077 1273 1396
3285 2 2 0 2 1072 1400 1261
3286 2 2 0 2 1069 1269 1387
3287 2 2 0 2 1083 1388 1268
3288 2 2 0 2 1085 1393 1263
3289 2 2 0 2 1087 1262 1392
3290 2 2 0 2 1085 1267 1393
3291 2 2 0 2 1068 1462 1265
3292 2 2 0 2 1087 1392 1272
3293 2 2 0 2 1084 1391 1267
3294 2 2 0 2 1084 1268 1391
3295 2 2 0 2 1086 1390 1262
3296 2 2 0 2 1086 1263 1390
3297 2 2 0 2 1083 1271 1388
3298 2 2 0 2 1082 1389 1271
3299 2 2 0 2 1070 1398 1269
3300 2 2 0 2 1082 1270 1389
3301 2 2 0 2 1075 1402 1274
3302 2 2 0 2 1074 1463 1276
3303 2 2 0 2 1071 1394 1275
3304 2 2 0 2 1088 1272 1407
3305 2 2 0 2 995 1487 1551
3306 2 2 0 2 1088 1407 1264
3307 2 2 0 2 960 1589 1539
3308 2 2 0 2 68 1568 1562
3309 2 2 0 2 66 1567 1563
3310 2 2 0 2 58 1570 1565
3311 2 2 0 2 70 1571 1561
3312 2 2 0 2 60 1572 1564
3313 2 2 0 2 72 1580 1566
3314 2 2 0 2 64 1573 1584
$EndElements
