8268 8500
W 1660 4002 606 5910 8252 4856
W 3627 1613 1522 7877 5863 5772
W 3263 3892 1358 7513 8142 5608
W 4002 1442 606 8252 5692 4856
W 1358 3892 3959 5608 8142 8209
W 819 3627 1522 5069 7877 5772
W 2812 1149 739 7062 5399 4989
W 1149 2607 739 5399 6857 4989
W 1534 3927 2307 5784 8177 6557
W 3815 2367 378 8065 6617 4628
W 4051 3064 1476 8301 7314 5726
W 3875 556 2546 8125 4806 6796
W 4198 1815 1550 8448 6065 5800
W 1518 1676 3876 5768 5926 8126
W 2894 1766 2009 7144 6016 6259
W 4220 1416 2168 8470 5666 6418
W 4101 1600 1631 8351 5850 5881
W 1572 4186 629 5822 8436 4879
W 604 4051 1476 4854 8301 5726
W 1182 473 2659 5432 4723 6909
W 665 1600 4101 4915 5850 8351
W 4186 1486 629 8436 5736 4879
W 3876 1676 697 8126 5926 4947
W 2121 2830 704 6371 7080 4954
W 837 1766 2894 5087 6016 7144
W 3634 1909 1491 7884 6159 5741
W 4049 2051 367 8299 6301 4617
W 3531 2669 1433 7781 6919 5683
W 3616 1845 360 7866 6095 4610
W 4125 1789 272 8375 6039 4522
W 3475 473 1182 7725 4723 5432
W 704 2830 3294 4954 7080 7544
W 4010 1467 2087 8260 5717 6337
W 3883 677 1725 8133 4927 5975
W 585 3351 2514 4835 7601 6764
W 326 4198 1550 4576 8448 5800
W 1443 1845 3616 5693 6095 7866
W 3276 404 1189 7526 4654 5439
W 1189 404 2196 5439 4654 6446
W 1490 2367 3815 5740 6617 8065
W 1032 3531 1433 5282 7781 5683
W 614 3634 1491 4864 7884 5741
W 1533 3883 1725 5783 8133 5975
W 4065 2186 1541 8315 6436 5791
W 3927 587 2307 8177 4837 6557
W 3936 1743 1669 8186 5993 5919
W 3814 1790 1844 8064 6040 6094
W 1576 1789 4125 5826 6039 8375
W 1565 3875 2546 5815 8125 6796
W 1205 2585 772 5455 6835 5022
W 1967 675 2874 6217 4925 7124
W 1452 1934 3849 5702 6184 8099
W 1648 3941 1939 5898 8191 6189
W 265 3936 1669 4515 8186 5919
W 910 1790 3814 5160 6040 8064
W 2874 675 1884 7124 4925 6134
W 3372 231 2024 7622 4481 6274
W 3013 1205 772 7263 5455 5022
W 2432 844 3186 6682 5094 7436
W 4110 847 2553 8360 5097 6803
W 3452 2601 1625 7702 6851 5875
W 628 3452 1625 4878 7702 5875
W 2045 739 3104 6295 4989 7354
W 1107 2691 1973 5357 6941 6223
W 62 1952 1244 4312 6202 5494
W 174 3702 1307 4424 7952 5557
W 3186 844 1639 7436 5094 5889
W 861 1405 1974 5111 5655 6224
W 252 1367 4004 4502 5617 8254
W 646 1237 2247 4896 5487 6497
W 855 2512 1360 5105 6762 5610
W 3728 2213 748 7978 6463 4998
W 583 1940 1524 4833 6190 5774
W 743 2768 2036 4993 7018 6286
W 3304 2197 1013 7554 6447 5263
W 490 2694 3169 4740 6944 7419
W 298 1819 1272 4548 6069 5522
W 1190 3141 2059 5440 7391 6309
W 1127 2248 2637 5377 6498 6887
W 590 3083 1406 4840 7333 5656
W 675 3110 1884 4925 7360 6134
W 357 1566 2327 4607 5816 6577
W 354 1363 1691 4604 5613 5941
W 324 1283 2746 4574 5533 6996
W 653 1345 3986 4903 5595 8236
W 550 1724 1490 4800 5974 5740
W 1884 3110 3801 6134 7360 8051
W 705 2833 2050 4955 7083 6300
W 478 2742 3205 4728 6992 7455
W 248 1262 1864 4498 5512 6114
W 233 2378 2496 4483 6628 6746
W 646 2821 1237 4896 7071 5487
W 323 3508 1375 4573 7758 5625
W 1122 2440 2565 5372 6690 6815
W 775 1394 1656 5025 5644 5906
W 496 1309 1928 4746 5559 6178
W 2050 2833 3053 6300 7083 7303
W 1460 3372 2024 5710 7622 6274
W 3104 739 1737 7354 4989 5987
W 700 1267 3902 4950 5517 8152
W 604 1859 1684 4854 6109 5934
W 277 2114 1852 4527 6364 6102
W 960 1852 2114 5210 6102 6364
W 221 222 1524 4471 4472 5774
W 492 1280 3296 4742 5530 7546
W 399 1949 2666 4649 6199 6916
W 759 2505 1877 5009 6755 6127
W 1731 2051 4049 5981 6301 8299
W 1470 2939 3744 5720 7189 7994
W 871 1403 2878 5121 5653 7128
W 706 1379 2066 4956 5629 6316
W 4200 2287 781 8450 6537 5031
W 822 1253 1907 5072 5503 6157
W 387 1497 2160 4637 5747 6410
W 737 1935 2308 4987 6185 6558
W 1087 2308 1935 5337 6558 6185
W 3849 1934 968 8099 6184 5218
W 3166 1831 481 7416 6081 4731
W 1359 1831 3166 5609 6081 7416
W 273 2064 2593 4523 6314 6843
W 1583 2502 3915 5833 6752 8165
W 299 2771 3654 4549 7021 7904
W 697 1676 1690 4947 5926 5940
W 1937 2771 299 6187 7021 4549
W 621 1557 2915 4871 5807 7165
W 663 1244 1952 4913 5494 6202
W 626 1279 2034 4876 5529 6284
W 1700 3393 3124 5950 7643 7374
W 723 2426 1925 4973 6676 6175
W 891 1427 2808 5141 5677 7058
W 3491 2348 1124 7741 6598 5374
W 278 1467 4010 4528 5717 8260
W 3284 2035 1066 7534 6285 5316
W 2059 3141 3931 6309 7391 8181
W 419 2970 1515 4669 7220 5765
W 90 3637 2291 4340 7887 6541
W 793 1246 1954 5043 5496 6204
W 322 1718 2688 4572 5968 6938
W 1121 2688 1718 5371 6938 5968
W 647 1416 4220 4897 5666 8470
W 3840 1511 2995 8090 5761 7245
W 62 1244 3683 4312 5494 7933
W 1012 1369 3667 5262 5619 7917
W 3941 580 1939 8191 4830 6189
W 976 2496 2378 5226 6746 6628
W 424 2731 2099 4674 6981 6349
W 876 2367 1490 5126 6617 5740
W 621 2915 2329 4871 7165 6579
W 1393 2348 3491 5643 6598 7741
W 710 2139 1783 4960 6389 6033
W 1590 1782 3861 5840 6032 8111
W 3861 1782 331 8111 6032 4581
W 131 132 1491 4381 4382 5741
W 589 1722 1721 4839 5972 5971
W 961 1721 1722 5211 5971 5972
W 968 1934 2218 5218 6184 6468
W 900 2623 2165 5150 6873 6415
W 109 110 1573 4359 4360 5823
W 484 1773 1584 4734 6023 5834
W 935 1584 1773 5185 5834 6023
W 1431 1828 3419 5681 6078 7669
W 3419 1828 518 7669 6078 4768
W 465 2506 2256 4715 6756 6506
W 1367 1793 4004 5617 6043 8254
W 355 2674 1299 4605 6924 5549
W 863 1299 2674 5113 5549 6924
W 3623 227 228 7873 4477 4478
W 257 1870 1508 4507 6120 5758
W 1337 2802 3259 5587 7052 7509
W 544 3439 1472 4794 7689 5722
W 846 2012 2573 5096 6262 6823
W 1213 2573 2012 5463 6823 6262
W 561 1473 1619 4811 5723 5869
W 606 1442 1800 4856 5692 6050
W 1291 1751 3523 5541 6001 7773
W 1408 2287 4200 5658 6537 8450
W 574 1746 1552 4824 5996 5802
W 89 90 2291 4339 4340 6541
W 689 2002 1247 4939 6252 5497
W 492 2449 1282 4742 6699 5532
W 711 2131 1348 4961 6381 5598
W 562 1371 2171 4812 5621 6421
W 861 1944 1782 5111 6194 6032
W 596 2032 2650 4846 6282 6900
W 734 1810 1647 4984 6060 5897
W 948 1565 2546 5198 5815 6796
W 3259 2802 568 7509 7052 4818
W 1019 1430 3154 5269 5680 7404
W 1976 2396 3239 6226 6646 7489
W 987 2787 1459 5237 7037 5709
W 531 1459 2787 4781 5709 7037
W 1382 3678 1708 5632 7928 5958
W 588 1388 3646 4838 5638 7896
W 699 1592 2065 4949 5842 6315
W 1439 2197 3304 5689 6447 7554
W 474 2208 1225 4724 6458 5475
W 474 1225 2451 4724 5475 6701
W 2479 2198 368 6729 6448 4618
W 1254 2198 2479 5504 6448 6729
W 670 1782 1944 4920 6032 6194
W 248 1864 1918 4498 6114 6168
W 1376 2035 3284 5626 6285 7534
W 369 2807 1394 4619 7057 5644
W 825 1748 1437 5075 5998 5687
W 524 1437 1748 4774 5687 5998
W 615 1700 3124 4865 5950 7374
W 666 1708 3678 4916 5958 7928
W 649 1744 1824 4899 5994 6074
W 815 1824 1744 5065 6074 5994
W 1430 3218 3154 5680 7468 7404
W 16 1328 2723 4266 5578 6973
W 372 2278 2569 4622 6528 6819
W 570 1550 2101 4820 5800 6351
W 829 2101 1550 5079 6351 5800
W 3216 516 1880 7466 4766 6130
W 1389 3216 1880 5639 7466 6130
W 663 1407 1992 4913 5657 6242
W 478 3833 2742 4728 8083 6992
W 928 3915 2502 5178 8165 6752
W 676 1905 1749 4926 6155 5999
W 840 1749 1905 5090 5999 6155
W 420 1821 1617 4670 6071 5867
W 765 1617 1821 5015 5867 6071
W 3398 922 2243 7648 5172 6493
W 110 3472 1573 4360 7722 5823
W 3950 585 2514 8200 4835 6764
W 1581 2746 4026 5831 6996 8276
W 293 1339 3176 4543 5589 7426
W 939 1943 2412 5189 6193 6662
W 662 1660 1525 4912 5910 5775
W 606 1525 1660 4856 5775 5910
W 943 1389 3096 5193 5639 7346
W 497 1630 2989 4747 5880 7239
W 1164 2989 1630 5414 7239 5880
W 845 2042 2083 5095 6292 6333
W 875 2348 1393 5125 6598 5643
W 618 1610 1514 4868 5860 5764
W 643 3938 4104 4893 8188 8354
W 802 2658 1275 5052 6908 5525
W 863 2396 1976 5113 6646 6226
W 1646 2231 2672 5896 6481 6922
W 834 1646 2672 5084 5896 6922
W 1158 2099 2731 5408 6349 6981
W 870 1371 1832 5120 5621 6082
W 1369 2226 3667 5619 6476 7917
W 1241 1880 3000 5491 6130 7250
W 289 1777 3366 4539 6027 7616
W 1408 3138 2287 5658 7388 6537
W 500 2144 2996 4750 6394 7246
W 663 2303 1244 4913 6553 5494
W 289 2918 1777 4539 7168 6027
W 693 1845 1443 4943 6095 5693
W 772 2660 2190 5022 6910 6440
W 643 4104 1587 4893 8354 5837
W 467 1522 1613 4717 5772 5863
W 783 2626 2561 5033 6876 6811
W 1211 3169 2694 5461 7419 6944
W 399 2759 2189 4649 7009 6439
W 1226 2190 2660 5476 6440 6910
W 244 1264 3369 4494 5514 7619
W 774 1250 2161 5024 5500 6411
W 309 2502 1583 4559 6752 5833
W 396 1343 2465 4646 5593 6715
W 497 3059 3400 4747 7309 7650
W 2487 306 3418 6737 4556 7668
W 1178 2141 2364 5428 6391 6614
W 296 2364 2141 4546 6614 6391
W 994 2107 1966 5244 6357 6216
W 790 1966 2107 5040 6216 6357
W 858 1637 2443 5108 5887 6693
W 689 1247 3063 4939 5497 7313
W 2189 2759 3982 6439 7009 8232
W 328 2987 2102 4578 7237 6352
W 787 2635 2179 5037 6885 6429
W 531 1812 1459 4781 6062 5709
W 1936 3005 671 6186 7255 4921
W 370 3523 1751 4620 7773 6001
W 3005 1926 671 7255 6176 4921
W 437 1511 3840 4687 5761 8090
W 492 3996 1280 4742 8246 5530
W 259 2955 1314 4509 7205 5564
W 1669 1743 4195 5919 5993 8445
W 4195 1743 673 8445 5993 4923
W 700 1951 1391 4950 6201 5641
W 414 1391 1951 4664 5641 6201
W 1459 2183 3114 5709 6433 7364
W 298 1720 1819 4548 5970 6069
W 865 1819 1720 5115 6069 5970
W 1109 2455 2869 5359 6705 7119
W 728 1789 1576 4978 6039 5826
W 1173 2033 2464 5423 6283 6714
W 907 2464 2033 5157 6714 6283
W 516 3000 1880 4766 7250 6130
W 793 2137 1246 5043 6387 5496
W 912 2725 1383 5162 6975 5633
W 232 1383 2725 4482 5633 6975
W 742 1413 2057 4992 5663 6307
W 396 2057 1413 4646 6307 5663
W 1014 2774 2716 5264 7024 6966
W 375 1878 1469 4625 6128 5719
W 174 1307 2066 4424 5557 6316
W 583 2780 1940 4833 7030 6190
W 587 2163 2307 4837 6413 6557
W 25 26 1607 4275 4276 5857
W 738 2218 1934 4988 6468 6184
W 662 1271 2568 4912 5521 6818
W 1406 3083 2278 5656 7333 6528
W 610 3029 1664 4860 7279 5914
W 338 1826 1330 4588 6076 5580
W 162 163 1641 4412 4413 5891
W 221 1524 1940 4471 5774 6190
W 2924 1240 783 7174 5490 5033
W 1538 2213 3728 5788 6463 7978
W 1282 2102 2987 5532 6352 7237
W 751 2183 1459 5001 6433 5709
W 248 2048 1262 4498 6298 5512
W 433 1973 2691 4683 6223 6941
W 338 1330 1963 4588 5580 6213
W 407 1721 2362 4657 5971 6612
W 961 2362 1721 5211 6612 5971
W 2877 2058 503 7127 6308 4753
W 521 3202 1355 4771 7452 5605
W 1664 3029 2374 5914 7279 6624
W 664 4065 1541 4914 8315 5791
W 1041 2314 1892 5291 6564 6142
W 441 1892 2314 4691 6142 6564
W 725 1317 4237 4975 5567 8487
W 1563 3344 2080 5813 7594 6330
W 3344 1039 2080 7594 5289 6330
W 1324 2058 2877 5574 6308 7127
W 898 1401 3293 5148 5651 7543
W 1240 2416 783 5490 6666 5033
W 144 145 1427 4394 4395 5677
W 717 1602 1732 4967 5852 5982
W 361 1732 1602 4611 5982 5852
W 3744 2939 71 7994 7189 4321
W 678 1285 1989 4928 5535 6239
W 1375 3508 2092 5625 7758 6342
W 222 2814 1524 4472 7064 5774
W 1071 2036 2768 5321 6286 7018
W 597 1667 1485 4847 5917 5735
W 722 1370 2205 4972 5620 6455
W 3418 306 1833 7668 4556 6083
W 2021 3158 2813 6271 7408 7063
W 1386 1532 3971 5636 5782 8221
W 586 3971 1532 4836 8221 5782
W 729 2116 2221 4979 6366 6471
W 1103 2221 2116 5353 6471 6366
W 25 1607 3408 4275 5857 7658
W 857 2250 2323 5107 6500 6573
W 1515 2970 3736 5765 7220 7986
W 1875 2735 3409 6125 6985 7659
W 653 3986 1710 4903 8236 5960
W 977 1400 2483 5227 5650 6733
W 1451 1966 3910 5701 6216 8160
W 401 2083 2042 4651 6333 6292
W 521 3223 3202 4771 7473 7452
W 590 2269 1594 4840 6519 5844
W 1102 2857 2791 5352 7107 7041
W 1015 3194 1354 5265 7444 5604
W 503 1354 3194 4753 5604 7444
W 325 2288 1387 4575 6538 5637
W 1472 3439 1777 5722 7689 6027
W 543 2678 1519 4793 6928 5769
W 682 1606 1644 4932 5856 5894
W 453 2489 2689 4703 6739 6939
W 531 3387 1812 4781 7637 6062
W 891 2555 1427 5141 6805 5677
W 746 3456 1341 4996 7706 5591
W 679 1690 1676 4929 5940 5926
W 801 1828 1431 5051 6078 5681
W 1258 3052 2309 5508 7302 6559
W 540 3707 3031 4790 7957 7281
W 162 1641 3072 4412 5891 7322
W 2003 2732 3236 6253 6982 7486
W 539 3865 1571 4789 8115 5821
W 498 1294 2692 4748 5544 6942
W 643 1311 2836 4893 5561 7086
W 394 1472 2631 4644 5722 6881
W 925 2631 1472 5175 6881 5722
W 1783 2139 2592 6033 6389 6842
W 1556 227 3623 5806 4477 7873
W 303 2846 1741 4553 7096 5991
W 213 1755 3618 4463 6005 7868
W 986 1925 2426 5236 6175 6676
W 497 3400 1630 4747 7650 5880
W 461 2116 3292 4711 6366 7542
W 1243 2996 2144 5493 7246 6394
W 627 2977 1505 4877 7227 5755
W 774 2393 1250 5024 6643 5500
W 1201 2561 2626 5451 6811 6876
W 654 3300 3099 4904 7550 7349
W 365 1623 1834 4615 5873 6084
W 358 1533 1725 4608 5783 5975
W 357 1257 3717 4607 5507 7967
W 869 1979 2047 5119 6229 6297
W 397 2306 1688 4647 6556 5938
W 926 1688 2306 5176 5938 6556
W 122 3503 1794 4372 7753 6044
W 897 3522 1432 5147 7772 5682
W 324 2014 1283 4574 6264 5533
W 598 1626 2431 4848 5876 6681
W 1300 2821 3255 5550 7071 7505
W 811 2046 1742 5061 6296 5992
W 587 1931 1597 4837 6181 5847
W 444 2637 2248 4694 6887 6498
W 519 3910 1966 4769 8160 6216
W 310 1798 2696 4560 6048 6946
W 1143 2696 1798 5393 6946 6048
W 1301 2970 1943 5551 7220 6193
W 2970 419 1943 7220 4669 6193
W 358 1725 1441 4608 5975 5691
W 433 1629 2966 4683 5879 7216
W 490 1327 4158 4740 5577 8408
W 3255 2821 646 7505 7071 4896
W 357 2327 1257 4607 6577 5507
W 2455 3656 2869 6705 7906 7119
W 906 1916 2022 5156 6166 6272
W 1235 3959 3892 5485 8209 8142
W 128 2370 2395 4378 6620 6645
W 1741 2846 3887 5991 7096 8137
W 1511 3398 2243 5761 7648 6493
W 822 2421 1253 5072 6671 5503
W 642 1467 2006 4892 5717 6256
W 2489 3949 2689 6739 8199 6939
W 3243 558 2093 7493 4808 6343
W 709 1928 1309 4959 6178 5559
W 421 1676 1518 4671 5926 5768
W 746 1341 2257 4996 5591 6507
W 1494 3543 2337 5744 7793 6587
W 301 2179 1493 4551 6429 5743
W 608 1582 3355 4858 5832 7605
W 433 2966 2992 4683 7216 7242
W 846 1351 4128 5096 5601 8378
W 1492 3243 2093 5742 7493 6343
W 709 1309 2157 4959 5559 6407
W 1313 2264 2684 5563 6514 6934
W 1065 3339 2630 5315 7589 6880
W 1246 3554 3119 5496 7804 7369
W 1566 2792 2327 5816 7042 6577
W 1021 2666 1949 5271 6916 6199
W 2116 3905 3292 6366 8155 7542
W 939 2537 3162 5189 6787 7412
W 312 2143 3095 4562 6393 7345
W 673 1772 1527 4923 6022 5777
W 2684 2264 513 6934 6514 4763
W 131 1491 1909 4381 5741 6159
W 818 1270 2523 5068 5520 6773
W 339 1386 1803 4589 5636 6053
W 678 2021 2813 4928 6271 7063
W 551 1318 2337 4801 5568 6587
W 492 1282 2063 4742 5532 6313
W 1266 3301 1708 5516 7551 5958
W 528 1708 3301 4778 5958 7551
W 393 1953 1303 4643 6203 5553
W 1138 2179 2635 5388 6429 6885
W 541 2098 1463 4791 6348 5713
W 240 1596 1877 4490 5846 6127
W 759 1877 1596 5009 6127 5846
W 1120 2650 2032 5370 6900 6282
W 1076 3028 3874 5326 7278 8124
W 686 1478 2155 4936 5728 6405
W 418 1717 2803 4668 5967 7053
W 1582 2151 3355 5832 6401 7605
W 730 2210 1335 4980 6460 5585
W 487 1335 2210 4737 5585 6460
W 540 3031 3573 4790 7281 7823
W 1224 2958 2231 5474 7208 6481
W 535 1374 3159 4785 5624 7409
W 1233 2121 3802 5483 6371 8052
W 1519 2678 3668 5769 6928 7918
W 428 1875 3409 4678 6125 7659
W 841 2989 2888 5091 7239 7138
W 466 1311 2166 4716 5561 6416
W 663 1952 1407 4913 6202 5657
W 1265 2375 3761 5515 6625 8011
W 916 2891 1298 5166 7141 5548
W 745 2304 1433 4995 6554 5683
W 1228 1642 3324 5478 5892 7574
W 695 3324 1642 4945 7574 5892
W 431 2027 1474 4681 6277 5724
W 744 1474 2027 4994 5724 6277
W 244 2531 1264 4494 6781 5514
W 722 2125 1370 4972 6375 5620
W 1564 1893 4055 5814 6143 8305
W 499 1964 1321 4749 6214 5571
W 658 1321 1964 4908 5571 6214
W 339 1385 3591 4589 5635 7841
W 391 2033 1532 4641 6283 5782
W 726 3895 1422 4976 8145 5672
W 626 2694 1279 4876 6944 5529
W 205 206 1605 4455 4456 5855
W 598 1533 3274 4848 5783 7524
W 1076 3874 1763 5326 8124 6013
W 858 2181 1637 5108 6431 5887
W 266 1637 2181 4516 5887 6431
W 700 2242 1267 4950 6492 5517
W 1716 2520 3375 5966 6770 7625
W 1312 1571 3865 5562 5821 8115
W 763 2085 1349 5013 6335 5599
W 327 1489 3935 4577 5739 8185
W 629 2102 1282 4879 6352 5532
W 720 1646 1739 4970 5896 5989
W 239 1739 1646 4489 5989 5896
W 592 1555 1971 4842 5805 6221
W 2271 3425 795 6521 7675 5045
W 1269 1812 3387 5519 6062 7637
W 919 2900 1754 5169 7150 6004
W 283 2309 3052 4533 6559 7302
W 329 1820 1388 4579 6070 5638
W 288 2287 3138 4538 6537 7388
W 685 2022 1916 4935 6272 6166
W 1624 4110 2553 5874 8360 6803
W 919 2439 2900 5169 6689 7150
W 593 1497 1716 4843 5747 5966
W 698 1889 1456 4948 6139 5706
W 387 1456 1889 4637 5706 6139
W 268 1631 1600 4518 5881 5850
W 298 1272 2211 4548 5522 6461
W 4180 583 1682 8430 4833 5932
W 1548 4180 1682 5798 8430 5932
W 693 1443 3737 4943 5693 7987
W 693 3737 1444 4943 7987 5694
W 706 2066 1307 4956 6316 5557
W 1276 3461 2353 5526 7711 6603
W 818 3930 1270 5068 8180 5520
W 789 2072 2759 5039 6322 7009
W 574 2828 1441 4824 7078 5691
W 260 1338 1920 4510 5588 6170
W 856 2265 1584 5106 6515 5834
W 484 1584 2265 4734 5834 6515
W 279 1747 3494 4529 5997 7744
W 1377 2120 3241 5627 6370 7491
W 1843 2926 2996 6093 7176 7246
W 1265 3805 2375 5515 8055 6625
W 249 1275 3397 4499 5525 7647
W 944 1877 2505 5194 6127 6755
W 939 1588 1943 5189 5838 6193
W 876 1490 1724 5126 5740 5974
W 1321 2135 2946 5571 6385 7196
W 374 2195 1735 4624 6445 5985
W 279 3494 2847 4529 7744 7097
W 1451 3073 1966 5701 7323 6216
W 1370 2125 3345 5620 6375 7595
W 654 1754 3300 4904 6004 7550
W 1372 3068 2350 5622 7318 6600
W 2946 2135 297 7196 6385 4547
W 4055 1893 353 8305 6143 4603
W 4148 877 2441 8398 5127 6691
W 842 2565 2440 5092 6815 6690
W 802 1275 2589 5052 5525 6839
W 249 2589 1275 4499 6839 5525
W 1388 1820 3646 5638 6070 7896
W 706 1307 2175 4956 5557 6425
W 918 1992 1407 5168 6242 5657
W 1219 1663 2590 5469 5913 6840
W 555 1948 1366 4805 6198 5616
W 530 3671 2069 4780 7921 6319
W 1681 3024 3476 5931 7274 7726
W 1061 3487 1376 5311 7737 5626
W 1384 3499 3762 5634 7749 8012
W 3241 2120 534 7491 6370 4784
W 3492 2208 474 7742 6458 4724
W 421 1518 2200 4671 5768 6450
W 818 2200 1518 5068 6450 5768
W 390 3345 2125 4640 7595 6375
W 3146 1002 2252 7396 5252 6502
W 552 3365 1404 4802 7615 5654
W 190 2870 1333 4440 7120 5583
W 936 2148 1901 5186 6398 6151
W 640 3343 1404 4890 7593 5654
W 662 2406 1271 4912 6656 5521
W 659 1644 1606 4909 5894 5856
W 230 1425 1787 4480 5675 6037
W 1458 3578 1866 5708 7828 6116
W 551 1991 1318 4801 6241 5568
W 1421 2069 3671 5671 6319 7921
W 1637 3673 2443 5887 7923 6693
W 2000 2477 3194 6250 6727 7444
W 3578 332 1866 7828 4582 6116
W 277 1852 1468 4527 6102 5718
W 683 1468 1852 4933 5718 6102
W 322 1681 3476 4572 5931 7726
W 458 2590 1663 4708 6840 5913
W 590 3192 2269 4840 7442 6519
W 708 1291 3523 4958 5541 7773
W 956 2732 2003 5206 6982 6253
W 611 1819 2118 4861 6069 6368
W 323 3601 1915 4573 7851 6165
W 943 2350 3068 5193 6600 7318
W 1014 2716 1815 5264 6966 6065
W 520 1936 1390 4770 6186 5640
W 671 1390 1936 4921 5640 6186
W 636 1842 1630 4886 6092 5880
W 259 1314 2951 4509 5564 7201
W 348 1289 2111 4598 5539 6361
W 499 2351 2892 4749 6601 7142
W 498 2834 1294 4748 7084 5544
W 700 1391 3912 4950 5641 8162
W 672 1324 1994 4922 5574 6244
W 695 1752 1677 4945 6002 5927
W 917 1479 2651 5167 5729 6901
W 1167 2847 2744 5417 7097 6994
W 707 1441 3926 4957 5691 8176
W 499 1315 2351 4749 5565 6601
W 1302 3202 3223 5552 7452 7473
W 213 214 1755 4463 4464 6005
W 1533 2344 3274 5783 6594 7524
W 1717 3471 2803 5967 7721 7053
W 96 3206 2539 4346 7456 6789
W 237 1730 2352 4487 5980 6602
W 293 3016 1339 4543 7266 5589
W 935 1339 3016 5185 5589 7266
W 3425 1712 795 7675 5962 5045
W 664 2156 2510 4914 6406 6760
W 1489 1611 3935 5739 5861 8185
W 287 1554 2445 4537 5804 6695
W 896 2445 1554 5146 6695 5804
W 287 1523 2842 4537 5773 7092
W 981 3188 1357 5231 7438 5607
W 1286 2892 2351 5536 7142 6601
W 2712 3558 420 6962 7808 4670
W 1827 2593 3610 6077 6843 7860
W 3558 1821 420 7808 6071 4670
W 1466 3146 2252 5716 7396 6502
W 238 1901 2148 4488 6151 6398
W 1023 1570 3509 5273 5820 7759
W 1864 3177 1918 6114 7427 6168
W 3543 551 2337 7793 4801 6587
W 1346 2097 3547 5596 6347 7797
W 672 2058 1324 4922 6308 5574
W 685 1695 2082 4935 5945 6332
W 644 2254 1622 4894 6504 5872
W 174 175 3702 4424 4425 7952
W 435 1536 1771 4685 5786 6021
W 1069 2413 2466 5319 6663 6716
W 4026 2746 1283 8276 6996 5533
W 868 2477 2000 5118 6727 6250
W 808 2372 1906 5058 6622 6156
W 372 2569 1938 4622 6819 6188
W 8 1308 2223 4258 5558 6473
W 749 1923 1739 4999 6173 5989
W 1572 4148 2441 5822 8398 6691
W 1403 2010 2878 5653 6260 7128
W 851 1368 2644 5101 5618 6894
W 729 1674 1983 4979 5924 6233
W 269 2520 1716 4519 6770 5966
W 1060 2256 2506 5310 6506 6756
W 2467 3421 281 6717 7671 4531
W 1009 1473 2958 5259 5723 7208
W 432 2958 1473 4682 7208 5723
W 925 1472 1777 5175 5722 6027
W 506 3335 1296 4756 7585 5546
W 523 3211 1503 4773 7461 5753
W 1097 1503 3211 5347 5753 7461
W 733 1334 2170 4983 5584 6420
W 1493 2179 3735 5743 6429 7985
W 716 2024 2253 4966 6274 6503
W 629 1282 2449 4879 5532 6699
W 3547 2097 502 7797 6347 4752
W 507 2535 2076 4757 6785 6326
W 1181 2076 2535 5431 6326 6785
W 561 1907 1473 4811 6157 5723
W 255 3678 1382 4505 7928 5632
W 507 1345 2781 4757 5595 7031
W 2009 3250 400 6259 7500 4650
W 3250 2007 400 7500 6257 4650
W 801 1950 1828 5051 6200 6078
W 30 1942 3649 4280 6192 7899
W 1501 2208 3492 5751 6458 7742
W 777 1288 2216 5027 5538 6466
W 726 2112 3895 4976 6362 8145
W 769 1715 1714 5019 5965 5964
W 639 1714 1715 4889 5964 5965
W 435 1771 1553 4685 6021 5803
W 3117 330 2392 7367 4580 6642
W 287 2842 1554 4537 7092 5804
W 1500 2104 3290 5750 6354 7540
W 3290 2104 782 7540 6354 5032
W 355 1299 2142 4605 5549 6392
W 432 2231 2958 4682 6481 7208
W 555 1394 1948 4805 5644 6198
W 4249 2276 736 8499 6526 4986
W 562 2171 1558 4812 6421 5808
W 3421 1756 281 7671 6006 4531
W 1581 3709 3848 5831 7959 8098
W 472 1436 1872 4722 5686 6122
W 666 1872 1436 4916 6122 5686
W 792 1945 1658 5042 6195 5908
W 411 1658 1945 4661 5908 6195
W 823 2001 1351 5073 6251 5601
W 411 2356 1658 4661 6606 5908
W 1233 3457 2121 5483 7707 6371
W 206 3299 1605 4456 7549 5855
W 844 2076 1564 5094 6326 5814
W 1432 3522 2150 5682 7772 6400
W 339 3591 1471 4589 7841 5721
W 640 3462 3343 4890 7712 7593
W 923 1580 2300 5173 5830 6550
W 262 1401 2270 4512 5651 6520
W 2689 873 3126 6939 5123 7376
W 632 3598 1639 4882 7848 5889
W 375 1469 1899 4625 5719 6149
W 605 1765 2209 4855 6015 6459
W 349 1738 1540 4599 5988 5790
W 678 2334 1285 4928 6584 5535
W 93 94 1504 4343 4344 5754
W 257 3635 1870 4507 7885 6120
W 182 3105 1728 4432 7355 5978
W 718 2593 1827 4968 6843 6077
W 604 3525 1859 4854 7775 6109
W 612 1890 1398 4862 6140 5648
W 3126 873 2028 7376 5123 6278
W 939 3162 2229 5189 7412 6479
W 622 1410 1888 4872 5660 6138
W 564 2332 1570 4814 6582 5820
W 350 1983 1362 4600 6233 5612
W 911 1592 2461 5161 5842 6711
W 245 2461 1592 4495 6711 5842
W 559 3762 3499 4809 8012 7749
W 275 1742 2046 4525 5992 6296
W 879 1577 2387 5129 5827 6637
W 375 2387 1577 4625 6637 5827
W 751 1459 1812 5001 5709 6062
W 1570 2172 3509 5820 6422 7759
W 725 4237 2084 4975 8487 6334
W 348 2448 1289 4598 6698 5539
W 339 2349 1386 4589 6599 5636
W 659 2928 3047 4909 7178 7297
W 777 2320 1288 5027 6570 5538
W 258 1582 1775 4508 5832 6025
W 1011 2253 2024 5261 6503 6274
W 1360 2512 3935 5610 6762 8185
W 264 1722 2002 4514 5972 6252
W 8 3647 1308 4258 7897 5558
W 1171 3463 3416 5421 7713 7666
W 546 2010 1403 4796 6260 5653
W 863 2844 1299 5113 7094 5549
W 6 1428 2533 4256 5678 6783
W 121 122 1794 4371 4372 6044
W 1342 1915 3601 5592 6165 7851
W 690 1796 1891 4940 6046 6141
W 823 1891 1796 5073 6141 6046
W 637 1470 3140 4887 5720 7390
W 1293 886 2673 5543 5136 6923
W 506 1296 2963 4756 5546 7213
W 651 2414 1698 4901 6664 5948
W 1278 2539 3206 5528 6789 7456
W 838 4050 1479 5088 8300 5729
W 768 1562 1795 5018 5812 6045
W 652 1409 3320 4902 5659 7570
W 296 3552 2400 4546 7802 6650
W 446 2413 1411 4696 6663 5661
W 813 1411 2413 5063 5661 6663
W 824 1327 2620 5074 5577 6870
W 500 3003 2144 4750 7253 6394
W 234 3317 1417 4484 7567 5667
W 1060 1417 3317 5310 5667 7567
W 643 2166 1311 4893 6416 5561
W 475 2733 3310 4725 6983 7560
W 490 2904 1327 4740 7154 5577
W 1062 3219 1463 5312 7469 5713
W 541 1463 3219 4791 5713 7469
W 988 2972 1480 5238 7222 5730
W 890 1829 1447 5140 6079 5697
W 403 1905 2750 4653 6155 7000
W 1401 2322 3293 5651 6572 7543
W 2342 776 3253 6592 5026 7503
W 655 1959 1378 4905 6209 5628
W 546 1409 2010 4796 5659 6260
W 257 1956 1444 4507 6206 5694
W 693 1444 1956 4943 5694 6206
W 546 2187 1409 4796 6437 5659
W 548 1551 1995 4798 5801 6245
W 921 1995 1551 5171 6245 5801
W 384 1318 3354 4634 5568 7604
W 658 2135 1321 4908 6385 5571
W 627 3987 2977 4877 8237 7227
W 1639 3598 3196 5889 7848 7446
W 599 2347 1402 4849 6597 5652
W 869 1344 2060 5119 5594 6310
W 309 1583 2720 4559 5833 6970
W 982 2720 1583 5232 6970 5833
W 940 2504 1367 5190 6754 5617
W 673 1699 1772 4923 5949 6022
W 1435 3117 2392 5685 7367 6642
W 512 3709 1581 4762 7959 5831
W 1382 1708 4235 5632 5958 8485
W 402 2747 1506 4652 6997 5756
W 285 2035 1376 4535 6285 5626
W 880 2197 1439 5130 6447 5689
W 387 2160 2954 4637 6410 7204
W 182 183 3105 4432 4433 7355
W 22 1297 2711 4272 5547 6961
W 708 2549 1291 4958 6799 5541
W 305 3576 2933 4555 7826 7183
W 1066 2542 2456 5316 6792 6706
W 1118 1381 3725 5368 5631 7975
W 647 3521 1416 4897 7771 5666
W 1171 1929 3463 5421 6179 7713
W 1259 3108 3154 5509 7358 7404
W 741 2727 1972 4991 6977 6222
W 503 2058 1354 4753 6308 5604
W 773 2223 1308 5023 6473 5558
W 84 2476 1298 4334 6726 5548
W 983 1597 1931 5233 5847 6181
W 865 2118 1819 5115 6368 6069
W 302 1457 3361 4552 5707 7611
W 1098 3361 1457 5348 7611 5707
W 337 2409 1378 4587 6659 5628
W 703 1509 2228 4953 5759 6478
W 1336 3260 2136 5586 7510 6386
W 3519 2212 300 7769 6462 4550
W 838 1479 2530 5088 5729 6780
W 4207 2037 1776 8457 6287 6026
W 18 1356 2324 4268 5606 6574
W 651 1698 1697 4901 5948 5947
W 739 1697 1698 4989 5947 5948
W 663 1992 1688 4913 6242 5938
W 248 1374 2271 4498 5624 6521
W 1905 2952 2750 6155 7202 7000
W 986 2285 1925 5236 6535 6175
W 824 2167 1327 5074 6417 5577
W 2320 777 4179 6570 5027 8429
W 639 1715 3661 4889 5965 7911
W 632 2004 3767 4882 6254 8017
W 1575 2653 3830 5825 6903 8080
W 598 2431 3631 4848 6681 7881
W 4120 886 1293 8370 5136 5543
W 1593 4037 1885 5843 8287 6135
W 1091 2759 2072 5341 7009 6322
W 1150 2556 2193 5400 6806 6443
W 84 1298 3612 4334 5548 7862
W 776 3676 3253 5026 7926 7503
W 741 2172 2727 4991 6422 6977
W 784 3394 1359 5034 7644 5609
W 1019 3162 1430 5269 7412 5680
W 784 1454 1987 5034 5704 6237
W 533 1987 1454 4783 6237 5704
W 671 3519 1390 4921 7769 5640
W 234 3114 2183 4484 7364 6433
W 1389 1880 3096 5639 6130 7346
W 468 1357 2065 4718 5607 6315
W 452 2274 2031 4702 6524 6281
W 1029 2031 2274 5279 6281 6524
W 933 1863 2196 5183 6113 6446
W 1906 2372 3071 6156 6622 7321
W 731 2047 1979 4981 6297 6229
W 843 1453 2577 5093 5703 6827
W 22 3160 1297 4272 7410 5547
W 343 1420 2073 4593 5670 6323
W 1026 1543 2596 5276 5793 6846
W 46 47 1996 4296 4297 6246
W 636 1318 2222 4886 5568 6472
W 684 3371 1365 4934 7621 5615
W 1453 3894 1759 5703 8144 6009
W 544 2808 1427 4794 7058 5677
W 4037 619 1885 8287 4869 6135
W 661 1553 1771 4911 5803 6021
W 599 1759 3894 4849 6009 8144
W 725 2038 1474 4975 6288 5724
W 431 1474 2038 4681 5724 6288
W 487 2210 1320 4737 6460 5570
W 466 2717 1311 4716 6967 5561
W 707 3843 1481 4957 8093 5731
W 137 3577 1874 4387 7827 6124
W 716 1460 2024 4966 5710 6274
W 888 2200 2126 5138 6450 6376
W 773 1308 2472 5023 5558 6722
W 648 1727 2739 4898 5977 6989
W 1058 2739 1727 5308 6989 5977
W 916 1298 2476 5166 5548 6726
W 485 2935 1419 4735 7185 5669
W 945 1419 2935 5195 5669 7185
W 252 3043 1367 4502 7293 5617
W 940 1367 3043 5190 5617 7293
W 2170 3285 733 6420 7535 4983
W 935 2901 1339 5185 7151 5589
W 264 2824 1685 4514 7074 5935
W 1715 3481 3661 5965 7731 7911
W 396 3559 1343 4646 7809 5593
W 10 1513 3647 4260 5763 7897
W 536 2005 1496 4786 6255 5746
W 866 1496 2005 5116 5746 6255
W 345 1549 2763 4595 5799 7013
W 1434 4104 3938 5684 8354 8188
W 74 1693 3140 4324 5943 7390
W 1293 2810 2329 5543 7060 6579
W 460 2136 3260 4710 6386 7510
W 1765 3657 2209 6015 7907 6459
W 2246 3541 413 6496 7791 4663
W 281 1795 1528 4531 6045 5778
W 910 2329 2810 5160 6579 7060
W 526 1353 3078 4776 5603 7328
W 1006 3037 1465 5256 7287 5715
W 321 1465 3037 4571 5715 7287
W 815 3191 1381 5065 7441 5631
W 552 3613 3365 4802 7863 7615
W 1484 2212 3519 5734 6462 7769
W 16 2855 1328 4266 7105 5578
W 1339 1638 3176 5589 5888 7426
W 393 1303 3486 4643 5553 7736
W 1336 3662 3260 5586 7912 7510
W 419 2412 1943 4669 6662 6193
W 516 3216 1460 4766 7466 5710
W 644 1792 2254 4894 6042 6504
W 3686 2988 1659 7936 7238 5909
W 649 2521 1744 4899 6771 5994
W 733 3285 3996 4983 7535 8246
W 3541 748 2212 7791 4998 6462
W 637 2939 1470 4887 7189 5720
W 731 3834 1499 4981 8084 5749
W 731 1498 3834 4981 5748 8084
W 830 1900 1704 5080 6150 5954
W 363 1704 1900 4613 5954 6150
W 237 2573 1776 4487 6823 6026
W 1213 1776 2573 5463 6026 6823
W 983 1843 2996 5233 6093 7246
W 1479 4050 2651 5729 8300 6901
W 412 1961 1512 4662 6211 5762
W 714 1512 1961 4964 5762 6211
W 285 1376 2040 4535 5626 6290
W 405 1580 2572 4655 5830 6822
W 923 2572 1580 5173 6822 5830
W 1441 1725 3926 5691 5975 8176
W 532 1322 2982 4782 5572 7232
W 546 2671 1447 4796 6921 5697
W 890 1447 2671 5140 5697 6921
W 434 2556 2294 4684 6806 6544
W 270 1930 3444 4520 6180 7694
W 69 2939 1635 4319 7189 5885
W 1081 2510 2156 5331 6760 6406
W 912 1383 4206 5162 5633 8456
W 389 2513 2263 4639 6763 6513
W 180 1594 2269 4430 5844 6519
W 981 1822 2106 5231 6072 6356
W 706 2039 1379 4956 6289 5629
W 382 2192 1886 4632 6442 6136
W 374 1735 3524 4624 5985 7774
W 640 1404 3365 4890 5654 7615
W 4224 1353 526 8474 5603 4776
W 1394 2807 1948 5644 7057 6198
W 731 1499 2047 4981 5749 6297
W 270 2047 1499 4520 6297 5749
W 1851 3033 3452 6101 7283 7702
W 699 1809 1592 4949 6059 5842
W 245 1592 1809 4495 5842 6059
W 1418 3767 2004 5668 8017 6254
W 263 1410 3919 4513 5660 8169
W 660 3686 1659 4910 7936 5909
W 98 3466 1806 4348 7716 6056
W 496 2483 1309 4746 6733 5559
W 1837 3409 3255 6087 7659 7505
W 730 1335 2321 4980 5585 6571
W 636 2337 1318 4886 6587 5568
W 1336 2136 2908 5586 6386 7158
W 325 2840 1853 4575 7090 6103
W 654 2351 1315 4904 6601 5565
W 1592 3089 2065 5842 7339 6315
W 838 1609 4050 5088 5859 8300
W 487 3652 1335 4737 7902 5585
W 1853 2840 4214 6103 7090 8464
W 714 3983 3460 4964 8233 7710
W 1230 4207 1776 5480 8457 6026
W 682 2339 1429 4932 6589 5679
W 609 1502 2294 4859 5752 6544
W 1327 2167 4158 5577 6417 8408
W 753 1758 1867 5003 6008 6117
W 1097 1466 3412 5347 5716 7662
W 331 3412 1466 4581 7662 5716
W 1280 1615 3296 5530 5865 7546
W 72 3140 3744 4322 7390 7994
W 857 2323 1922 5107 6573 6172
W 821 2051 1731 5071 6301 5981
W 1484 3541 2212 5734 7791 6462
W 3180 2587 1790 7430 6837 6040
W 296 2141 3552 4546 6391 7802
W 552 2571 1420 4802 6821 5670
W 700 3902 1921 4950 8152 6171
W 566 3789 1334 4816 8039 5584
W 874 2637 2053 5124 6887 6303
W 412 3180 1790 4662 7430 6040
W 839 1735 2195 5089 5985 6445
W 1015 1354 2187 5265 5604 6437
W 654 1315 2398 4904 5565 6648
W 365 1834 1986 4615 6084 6236
W 1061 1376 3122 5311 5626 7372
W 126 127 1546 4376 4377 5796
W 1517 3897 3011 5767 8147 7261
W 1624 2553 3086 5874 6803 7336
W 361 1527 2739 4611 5777 6989
W 487 1320 3058 4737 5570 7308
W 1344 3444 1930 5594 7694 6180
W 832 1915 1446 5082 6165 5696
W 786 2368 3041 5036 6618 7291
W 2368 4067 3041 6618 8317 7291
W 535 3237 1712 4785 7487 5962
W 1191 1712 3237 5441 5962 7487
W 1481 3843 2453 5731 8093 6703
W 734 2164 1810 4984 6414 6060
W 3541 2180 413 7791 6430 4663
W 648 3364 1727 4898 7614 5977
W 499 1321 3824 4749 5571 8074
W 434 2193 2556 4684 6443 6806
W 264 2484 2824 4514 6734 7074
W 552 1420 2638 4802 5670 6888
W 499 2540 1315 4749 6790 5565
W 1351 2001 4128 5601 6251 8378
W 1269 3011 3897 5519 7261 8147
W 1374 3527 1839 5624 7777 6089
W 831 1839 3527 5081 6089 7777
W 684 1365 2174 4934 5615 6424
W 3851 1199 2508 8101 5449 6758
W 538 2423 1455 4788 6673 5705
W 861 1782 1590 5111 6032 5840
W 532 2642 1322 4782 6892 5572
W 689 1514 3975 4939 5764 8225
W 725 2621 1317 4975 6871 5567
W 633 1834 1623 4883 6084 5873
W 384 3766 1318 4634 8016 5568
W 534 2120 1448 4784 6370 5698
W 857 2467 1528 5107 6717 5778
W 281 1528 2467 4531 5778 6717
W 845 1578 2042 5095 5828 6292
W 555 3594 1394 4805 7844 5644
W 1657 3851 2508 5907 8101 6758
W 1009 2999 1473 5259 7249 5723
W 1160 3420 1857 5410 7670 6107
W 300 2212 2155 4550 6462 6405
W 1040 2155 2212 5290 6405 6462
W 495 1618 2459 4745 5868 6709
W 902 2459 1618 5152 6709 5868
W 1572 2441 4186 5822 6691 8436
W 1160 3501 3420 5410 7751 7670
W 633 1629 1834 4883 5879 6084
W 829 1550 1815 5079 5800 6065
W 255 1382 3152 4505 5632 7402
W 726 1422 3816 4976 5672 8066
W 552 1404 3316 4802 5654 7566
W 921 2628 1995 5171 6878 6245
W 258 1520 2151 4508 5770 6401
W 4177 1955 236 8427 6205 4486
W 1727 1955 4177 5977 6205 8427
W 598 1506 3883 4848 5756 8133
W 1117 1573 3472 5367 5823 7722
W 646 1837 3255 4896 6087 7505
W 981 1357 2923 5231 5607 7173
W 737 1760 1855 4987 6010 6105
W 938 2105 1996 5188 6355 6246
W 833 1996 2105 5083 6246 6355
W 652 2010 1409 4902 6260 5659
W 1480 3596 2466 5730 7846 6716
W 1117 3692 1573 5367 7942 5823
W 2053 2637 3103 6303 6887 7353
W 649 1848 2521 4899 6098 6771
W 809 1655 3422 5059 5905 7672
W 728 1576 1941 4978 5826 6191
W 580 1941 1576 4830 6191 5826
W 260 2313 1338 4510 6563 5588
W 1384 3762 2026 5634 8012 6276
W 862 2355 1764 5112 6605 6014
W 566 1334 2697 4816 5584 6947
W 943 3068 1389 5193 7318 5639
W 194 2304 1449 4444 6554 5699
W 733 2697 1334 4983 6947 5584
W 703 2134 2169 4953 6384 6419
W 671 1926 1461 4921 6176 5711
W 429 1678 2458 4679 5928 6708
W 761 2922 1814 5011 7172 6064
W 677 2747 2520 4927 6997 6770
W 373 1934 1452 4623 6184 5702
W 760 1971 3359 5010 6221 7609
W 1388 3359 1971 5638 7609 6221
W 729 2221 1674 4979 6471 5924
W 353 1418 2004 4603 5668 6254
W 780 1508 1870 5030 5758 6120
W 501 3175 2025 4751 7425 6275
W 770 1828 1950 5020 6078 6200
W 1470 3744 3140 5720 7994 7390
W 696 1677 1752 4946 5927 6002
W 731 1979 1569 4981 6229 5819
W 568 2802 3289 4818 7052 7539
W 45 2677 1615 4295 6927 5865
W 810 2424 2642 5060 6674 6892
W 1793 2276 4249 6043 6526 8499
W 1322 2642 2424 5572 6892 6674
W 2012 2348 3871 6262 6598 8121
W 70 71 2939 4320 4321 7189
W 1246 2137 3554 5496 6387 7804
W 3433 2186 386 7683 6436 4636
W 1541 2186 3433 5791 6436 7683
W 625 2031 2481 4875 6281 6731
W 1547 4085 2399 5797 8335 6649
W 1245 2143 2742 5495 6393 6992
W 582 2742 2143 4832 6992 6393
W 1395 2933 3576 5645 7183 7826
W 638 3700 2871 4888 7950 7121
W 683 2618 1378 4933 6868 5628
W 434 2294 1502 4684 6544 5752
W 237 2352 2573 4487 6602 6823
W 457 3204 3032 4707 7454 7282
W 846 3214 1351 5096 7464 5601
W 659 3047 1644 4909 7297 5894
W 506 2117 1383 4756 6367 5633
W 1389 3068 3215 5639 7318 7465
W 650 1655 2335 4900 5905 6585
W 927 2593 2064 5177 6843 6314
W 125 2854 1980 4375 7104 6230
W 794 2932 2052 5044 7182 6302
W 880 1439 2698 5130 5689 6948
W 673 1743 1699 4923 5993 5949
W 708 1699 1743 4958 5949 5993
W 700 3912 1673 4950 8162 5923
W 653 2781 1345 4903 7031 5595
W 338 2360 1477 4588 6610 5727
W 73 74 3140 4323 4324 7390
W 612 1398 2069 4862 5648 6319
W 1492 3936 2030 5742 8186 6280
W 389 1784 2513 4639 6034 6763
W 598 3883 1533 4848 8133 5783
W 4152 371 2106 8402 4621 6356
W 1822 4152 2106 6072 8402 6356
W 97 98 1806 4347 4348 6056
W 302 3561 1457 4552 7811 5707
W 312 3048 2143 4562 7298 6393
W 190 1333 2796 4440 5583 7046
W 372 2045 1406 4622 6295 5656
W 303 1770 2932 4553 6020 7182
W 1278 1806 3972 5528 6056 8222
W 557 2104 1500 4807 6354 5750
W 963 2297 1603 5213 6547 5853
W 507 2432 1345 4757 6682 5595
W 800 2150 2241 5050 6400 6491
W 1260 2052 2932 5510 6302 7182
W 3596 1069 2466 7846 5319 6716
W 4031 1381 1118 8281 5631 5368
W 1087 1935 2953 5337 6185 7203
W 234 1417 2020 4484 5667 6270
W 417 3215 3068 4667 7465 7318
W 869 3444 1344 5119 7694 5594
W 732 1753 1780 4982 6003 6030
W 712 1780 1753 4962 6030 6003
W 485 1419 2510 4735 5669 6760
W 1056 1837 1605 5306 6087 5855
W 646 1605 1837 4896 5855 6087
W 516 1460 2230 4766 5710 6480
W 1079 3453 2506 5329 7703 6756
W 1569 1979 4117 5819 6229 8367
W 1727 3364 1955 5977 7614 6205
W 1107 1973 3807 5357 6223 8057
W 580 3286 1939 4830 7536 6189
W 751 1841 2071 5001 6091 6321
W 865 2071 1841 5115 6321 6091
W 3007 3945 931 7257 8195 5181
W 457 1662 1796 4707 5912 6046
W 823 1796 1662 5073 6046 5912
W 884 2399 4085 5134 6649 8335
W 1995 2628 3693 6245 6878 7943
W 586 4017 1380 4836 8267 5630
W 469 4117 1979 4719 8367 6229
W 327 3739 1489 4577 7989 5739
W 3830 2653 675 8080 6903 4925
W 413 1461 2019 4663 5711 6269
W 305 2933 3238 4555 7183 7488
W 370 1772 1699 4620 6022 5949
W 593 2160 1497 4843 6410 5747
W 1138 3735 2179 5388 7985 6429
W 848 2192 2023 5098 6442 6273
W 753 1825 1758 5003 6075 6008
W 376 1758 1825 4626 6008 6075
W 146 2657 2235 4396 6907 6485
W 793 2353 3461 5043 6603 7711
W 883 2387 1899 5133 6637 6149
W 1417 2506 3453 5667 6756 7703
W 504 2686 1563 4754 6936 5813
W 930 1563 2686 5180 5813 6936
W 1229 3848 3709 5479 8098 7959
W 1935 3818 2953 6185 8068 7203
W 46 1996 2677 4296 6246 6927
W 774 3477 1438 5024 7727 5688
W 746 1380 2191 4996 5630 6441
W 109 1573 2174 4359 5823 6424
W 1338 3417 3365 5588 7667 7615
W 263 3302 1410 4513 7552 5660
W 30 31 1942 4280 4281 6192
W 670 1503 4210 4920 5753 8460
W 2103 3428 2931 6353 7678 7181
W 1182 1794 3503 5432 6044 7753
W 1602 1885 4188 5852 6135 8438
W 661 1627 2919 4911 5877 7169
W 255 1560 3678 4505 5810 7928
W 242 2090 1921 4492 6340 6171
W 900 1921 2090 5150 6171 6340
W 669 1579 2015 4919 5829 6265
W 370 1711 1772 4620 5961 6022
W 15 2723 3550 4265 6973 7800
W 1077 2392 2088 5327 6642 6338
W 330 2088 2392 4580 6338 6642
W 4188 1885 619 8438 6135 4869
W 512 3794 1435 4762 8044 5685
W 671 1484 3519 4921 5734 7769
W 994 1966 3073 5244 6216 7323
W 525 3514 1542 4775 7764 5792
W 49 1530 2959 4299 5780 7209
W 1164 2888 2989 5414 7138 7239
W 664 1419 2067 4914 5669 6317
W 373 1415 4176 4623 5665 8426
W 265 2030 3936 4515 6280 8186
W 1100 3408 1607 5350 7658 5857
W 1196 3618 1755 5446 7868 6005
W 711 1348 2418 4961 5598 6668
W 977 3213 1400 5227 7463 5650
W 763 1349 2706 5013 5599 6956
W 1925 2285 3079 6175 6535 7329
W 1538 3287 2213 5788 7537 6463
W 909 1524 2814 5159 5774 7064
W 776 4173 1687 5026 8423 5937
W 851 2758 1368 5101 7008 5618
W 354 2858 1363 4604 7108 5613
W 691 2908 2136 4941 7158 6386
W 817 2098 2994 5067 6348 7244
W 674 1805 1738 4924 6055 5988
W 596 2680 2032 4846 6930 6282
W 966 2169 2134 5216 6419 6384
W 621 1898 1557 4871 6148 5807
W 4179 777 1840 8429 5027 6090
W 1514 1610 3975 5764 5860 8225
W 637 3140 1693 4887 7390 5943
W 591 1628 2629 4841 5878 6879
W 951 2591 2049 5201 6841 6299
W 887 1640 2214 5137 5890 6464
W 572 2334 1392 4822 6584 5642
W 888 2126 1617 5138 6376 5867
W 446 2466 2413 4696 6716 6663
W 351 3897 2283 4601 8147 6533
W 843 3894 1453 5093 8144 5703
W 540 3070 1446 4790 7320 5696
W 966 1446 3070 5216 5696 7320
W 354 3430 2858 4604 7680 7108
W 455 2860 1859 4705 7110 6109
W 817 2994 2501 5067 7244 6751
W 1012 3226 2743 5262 7476 6993
W 587 3927 1931 4837 8177 6181
W 1188 2616 3548 5438 6866 7798
W 364 1377 2793 4614 5627 7043
W 586 1380 3009 4836 5630 7259
W 671 1461 2180 4921 5711 6430
W 1570 2332 3663 5820 6582 7913
W 240 3002 3015 4490 7252 7265
W 1291 3107 2864 5541 7357 7114
W 861 1974 1944 5111 6224 6194
W 465 1944 1974 4715 6194 6224
W 513 2264 1385 4763 6514 5635
W 366 3975 1610 4616 8225 5860
W 1421 3784 3567 5671 8034 7817
W 521 1355 2651 4771 5605 6901
W 823 1351 3479 5073 5601 7729
W 745 1433 2669 4995 5683 6919
W 608 4113 1582 4858 8363 5832
W 1363 1582 4113 5613 5832 8363
W 1185 2144 3003 5435 6394 7253
W 1122 1663 2440 5372 5913 6690
W 761 2111 2922 5011 6361 7172
W 869 1694 1979 5119 5944 6229
W 656 2073 1420 4906 6323 5670
W 258 2151 1582 4508 6401 5832
W 136 137 1874 4386 4387 6124
W 507 2781 3060 4757 7031 7310
W 1489 1736 4140 5739 5986 8390
W 600 4140 1736 4850 8390 5986
W 674 1738 2454 4924 5988 6704
W 453 2081 2489 4703 6331 6739
W 1121 2489 2081 5371 6739 6331
W 803 2322 1401 5053 6572 5651
W 323 1375 2260 4573 5625 6510
W 778 1774 1865 5028 6024 6115
W 736 1865 1774 4986 6115 6024
W 1012 4119 1369 5262 8369 5619
W 607 4187 1588 4857 8437 5838
W 1981 3901 2868 6231 8151 7118
W 1478 2473 2155 5728 6723 6405
W 1655 1875 3422 5905 6125 7672
W 468 3123 1357 4718 7373 5607
W 439 3531 1402 4689 7781 5652
W 1687 4173 3865 5937 8423 8115
W 1517 2283 3897 5767 6533 8147
W 664 1541 2156 4914 5791 6406
W 1692 2245 4183 5942 6495 8433
W 18 3764 1356 4268 8014 5606
W 9 10 3647 4259 4260 7897
W 1245 3095 2143 5495 7345 6393
W 2296 3827 722 6546 8077 4972
W 545 2085 1423 4795 6335 5673
W 262 2441 2606 4512 6691 6856
W 1304 2606 2441 5554 6856 6691
W 1259 1937 3108 5509 6187 7358
W 299 3108 1937 4549 7358 6187
W 694 2201 1818 4944 6451 6068
W 267 1842 2227 4517 6092 6477
W 904 2227 1842 5154 6477 6092
W 651 4185 2414 4901 8435 6664
W 261 2865 1525 4511 7115 5775
W 960 2647 3155 5210 6897 7405
W 683 2007 1468 4933 6257 5718
W 668 1647 1810 4918 5897 6060
W 707 3474 1441 4957 7724 5691
W 395 2348 2012 4645 6598 6262
W 714 1962 3983 4964 6212 8233
W 1614 3111 3136 5864 7361 7386
W 1095 2228 2311 5345 6478 6561
W 449 2311 2228 4699 6561 6478
W 1007 1549 2435 5257 5799 6685
W 800 2241 1895 5050 6491 6145
W 569 2016 1458 4819 6266 5708
W 387 2421 1497 4637 6671 5747
W 557 3737 2104 4807 7987 6354
W 694 1830 2201 4944 6080 6451
W 784 1359 2527 5034 5609 6777
W 456 2617 1749 4706 6867 5999
W 513 1385 2257 4763 5635 6507
W 3675 1925 2122 7925 6175 6372
W 1065 2110 3339 5315 6360 7589
W 961 2328 2362 5211 6578 6612
W 691 1540 4037 4941 5790 8287
W 971 3111 1614 5221 7361 5864
W 671 2180 1484 4921 6430 5734
W 767 1779 1768 5017 6029 6018
W 1297 2992 2711 5547 7242 6961
W 467 2623 1522 4717 6873 5772
W 880 1522 2623 5130 5772 6873
W 1658 2356 3192 5908 6606 7442
W 1309 3332 2157 5559 7582 6407
W 100 1849 2152 4350 6099 6402
W 855 1360 2594 5105 5610 6844
W 723 1925 3675 4973 6175 7925
W 220 221 1940 4470 4471 6190
W 350 1362 2668 4600 5612 6918
W 661 3845 1627 4911 8095 5877
W 670 2534 1503 4920 6784 5753
W 1029 2481 2031 5279 6731 6281
W 743 1896 1784 4993 6146 6034
W 787 1784 1896 5037 6034 6146
W 1167 2744 1665 5417 6994 5915
W 1206 3524 1735 5456 7774 5985
W 682 1429 2782 4932 5679 7032
W 341 2406 3116 4591 6656 7366
W 737 1855 1935 4987 6105 6185
W 422 3553 3168 4672 7803 7418
W 257 1508 1956 4507 5758 6206
W 788 1981 2868 5038 6231 7118
W 680 3845 1536 4930 8095 5786
W 889 2684 1701 5139 6934 5951
W 460 2595 2136 4710 6845 6386
W 1170 2136 2595 5420 6386 6845
W 960 3155 1852 5210 7405 6102
W 367 3967 1786 4617 8217 6036
W 604 1476 3606 4854 5726 7856
W 1372 2350 3540 5622 6600 7790
W 338 1477 2398 4588 5727 6648
W 1547 2399 3788 5797 6649 8038
W 1169 3576 1724 5419 7826 5974
W 657 1893 1564 4907 6143 5814
W 718 1827 1691 4968 6077 5941
W 354 1691 1827 4604 5941 6077
W 688 1604 3650 4938 5854 7900
W 1360 1611 4063 5610 5861 8313
W 684 4063 1611 4934 8313 5861
W 722 2013 2125 4972 6263 6375
W 930 2125 2013 5180 6375 6263
W 657 2896 1831 4907 7146 6081
W 673 1527 3436 4923 5777 7686
W 914 2791 2857 5164 7041 7107
W 757 2208 1501 5007 6458 5751
W 964 2395 2370 5214 6645 6620
W 1330 3568 1963 5580 7818 6213
W 550 3624 1724 4800 7874 5974
W 555 1366 3705 4805 5616 7955
W 112 1965 1778 4362 6215 6028
W 782 2251 1519 5032 6501 5769
W 543 1519 2251 4793 5769 6501
W 501 2025 3113 4751 6275 7363
W 746 2191 3456 4996 6441 7706
W 1753 2434 3917 6003 6684 8167
W 622 2176 1410 4872 6426 5660
W 1036 3119 3554 5286 7369 7804
W 721 1834 1629 4971 6084 5879
W 366 1740 3975 4616 5990 8225
W 637 1635 2939 4887 5885 7189
W 1437 1786 3967 5687 6036 8217
W 938 1530 2818 5188 5780 7068
W 550 2818 1530 4800 7068 5780
W 591 1745 4036 4841 5995 8286
W 1434 4036 1745 5684 8286 5995
W 1985 3666 3726 6235 7916 7976
W 1255 3282 3885 5505 7532 8135
W 847 1696 2552 5097 5946 6802
W 1075 2998 1781 5325 7248 6031
W 540 1369 3070 4790 5619 7320
W 1573 3692 2054 5823 7942 6304
W 1281 3006 3327 5531 7256 7577
W 69 70 2939 4319 4320 7189
W 303 2932 2405 4553 7182 6655
W 410 3666 1985 4660 7916 6235
W 1443 2104 3737 5693 6354 7987
W 989 1460 3216 5239 5710 7466
W 612 2145 4141 4862 6395 8391
W 870 4243 1371 5120 8493 5621
W 858 2358 1890 5108 6608 6140
W 385 1977 1514 4635 6227 5764
W 682 1644 2339 4932 5894 6589
W 1262 3756 3924 5512 8006 8174
W 261 2168 1416 4511 6418 5666
W 535 3425 1374 4785 7675 5624
W 1114 2356 2239 5364 6606 6489
W 942 2239 2356 5192 6489 6606
W 1342 3031 3707 5592 7281 7957
W 3573 1369 540 7823 5619 4790
W 1188 2154 2616 5438 6404 6866
W 977 3019 1535 5227 7269 5785
W 321 2583 1465 4571 6833 5715
W 898 3383 1401 5148 7633 5651
W 1030 3260 3662 5280 7510 7912
W 1374 1839 3159 5624 6089 7409
W 1262 3924 1864 5512 8174 6114
W 151 2909 1591 4401 7159 5841
W 708 3936 1492 4958 8186 5742
W 184 1604 3105 4434 5854 7355
W 1226 1939 3286 5476 6189 7536
W 1886 2192 3771 6136 6442 8021
W 3827 2013 722 8077 6263 4972
W 677 2520 1703 4927 6770 5953
W 364 3167 1377 4614 7417 5627
W 562 2695 1371 4812 6945 5621
W 611 3604 1819 4861 7854 6069
W 666 1436 2394 4916 5686 6644
W 261 1416 3533 4511 5666 7783
W 897 1432 2893 5147 5682 7143
W 655 1378 2409 4905 5628 6659
W 746 3009 1380 4996 7259 5630
W 1982 3165 3546 6232 7415 7796
W 728 1825 1789 4978 6075 6039
W 753 1789 1825 5003 6039 6075
W 913 1858 2272 5163 6108 6522
W 669 1603 3292 4919 5853 7542
W 392 1381 2384 4642 5631 6634
W 605 1897 1765 4855 6147 6015
W 687 1768 1779 4937 6018 6029
W 441 1487 3326 4691 5737 7576
W 591 2629 1745 4841 6879 5995
W 1003 3017 1720 5253 7267 5970
W 815 1381 2636 5065 5631 6886
W 392 2636 1381 4642 6886 5631
W 657 1912 2896 4907 6162 7146
W 521 2651 4050 4771 6901 8300
W 1863 3352 2196 6113 7602 6446
W 3945 1689 931 8195 5939 5181
W 756 3006 3850 5006 7256 8100
W 1278 3206 1806 5528 7456 6056
W 391 1532 2049 4641 5782 6299
W 691 4037 1593 4941 8287 5843
W 1229 1870 3635 5479 6120 7885
W 1028 1750 2528 5278 6000 6778
W 893 1657 2508 5143 5907 6758
W 906 1442 2875 5156 5692 7125
W 800 1432 2150 5050 5682 6400
W 780 1435 2392 5030 5685 6642
W 4183 2245 752 8433 6495 5002
W 1441 2828 2240 5691 7078 6490
W 1473 2999 1619 5723 7249 5869
W 1032 1759 2755 5282 6009 7005
W 599 2755 1759 4849 7005 6009
W 679 2020 3453 4929 6270 7703
W 1417 3453 2020 5667 7703 6270
W 732 3939 1439 4982 8189 5689
W 569 1428 4202 4819 5678 8452
W 1249 3649 1942 5499 7899 6192
W 969 2751 2133 5219 7001 6383
W 421 2373 1676 4671 6623 5926
W 574 1441 3474 4824 5691 7724
W 668 2907 1647 4918 7157 5897
W 924 2381 1800 5174 6631 6050
W 606 1800 2381 4856 6050 6631
W 1201 3496 2561 5451 7746 6811
W 1332 3343 3462 5582 7593 7712
W 1588 4187 1943 5838 8437 6193
W 248 3527 1374 4498 7777 5624
W 709 2184 1928 4959 6434 6178
W 391 2591 1650 4641 6841 5900
W 924 1650 2591 5174 5900 6841
W 1361 3866 1726 5611 8116 5976
W 616 1726 3866 4866 5976 8116
W 588 3359 1388 4838 7609 5638
W 1047 2711 2992 5297 6961 7242
W 717 1885 1602 4967 6135 5852
W 549 1520 2611 4799 5770 6861
W 76 2431 1626 4326 6681 5876
W 999 3072 1641 5249 7322 5891
W 549 2611 1521 4799 6861 5771
W 642 2087 1467 4892 6337 5717
W 492 2063 3996 4742 6313 8246
W 1561 4141 2145 5811 8391 6395
W 785 1933 2225 5035 6183 6475
W 931 2225 1933 5181 6475 6183
W 369 1394 2447 4619 5644 6697
W 775 2447 1394 5025 6697 5644
W 1008 2757 3014 5258 7007 7264
W 363 2526 2470 4613 6776 6720
W 1319 3116 2406 5569 7366 6656
W 232 2804 1383 4482 7054 5633
W 661 1771 3845 4911 6021 8095
W 650 2335 1860 4900 6585 6110
W 1423 2448 4201 5673 6698 8451
W 422 1830 3553 4672 6080 7803
W 900 2090 2623 5150 6340 6873
W 366 1610 4216 4616 5860 8466
W 683 1378 3325 4933 5628 7575
W 807 1448 2120 5057 5698 6370
W 241 3389 2582 4491 7639 6832
W 845 1913 1986 5095 6163 6236
W 365 1986 1913 4615 6236 6163
W 659 1606 2266 4909 5856 6516
W 318 1714 2643 4568 5964 6893
W 241 2238 3389 4491 6488 7639
W 351 2283 4129 4601 6533 8379
W 1724 3576 3956 5974 7826 8206
W 329 1388 3074 4579 5638 7324
W 564 1608 2332 4814 5858 6582
W 835 2332 1608 5085 6582 5858
W 817 1463 2098 5067 5713 6348
W 1276 2353 4004 5526 6603 8254
W 423 1547 4239 4673 5797 8489
W 337 1378 2618 4587 5628 6868
W 716 1483 3711 4966 5733 7961
W 372 1406 2278 4622 5656 6528
W 427 1883 2662 4677 6133 6912
W 1067 2662 1883 5317 6912 6133
W 669 3013 1579 4919 7263 5829
W 1480 2972 4193 5730 7222 8443
W 686 2438 1478 4936 6688 5728
W 345 2763 3061 4595 7013 7311
W 517 2864 3107 4767 7114 7357
W 661 2919 2626 4911 7169 6876
W 394 3033 1851 4644 7283 6101
W 14 15 3550 4264 4265 7800
W 618 1514 3972 4868 5764 8222
W 231 2157 3332 4481 6407 7582
W 646 2247 1605 4896 6497 5855
W 514 2825 1673 4764 7075 5923
W 1006 1673 2825 5256 5923 7075
W 1720 3017 3701 5970 7267 7951
W 947 2744 2847 5197 6994 7097
W 560 2236 1424 4810 6486 5674
W 626 1477 2360 4876 5727 6610
W 1368 2758 3775 5618 7008 8025
W 1376 3487 2040 5626 7737 6290
W 376 1904 1758 4626 6154 6008
W 952 3221 2138 5202 7471 6388
W 985 1940 2780 5235 6190 7030
W 284 3039 1869 4534 7289 6119
W 667 1963 3568 4917 6213 7818
W 926 1619 2696 5176 5869 6946
W 325 1387 2840 4575 5637 7090
W 510 3775 2758 4760 8025 7008
W 1242 3898 1556 5492 8148 5806
W 569 1556 3898 4819 5806 8148
W 302 1606 3561 4552 5856 7811
W 797 1879 1868 5047 6129 6118
W 759 1868 1879 5009 6118 6129
W 506 1383 3562 4756 5633 7812
W 456 2594 2054 4706 6844 6304
W 2133 2751 4009 6383 7001 8259
W 270 1499 2050 4520 5749 6300
W 564 2921 1608 4814 7171 5858
W 391 2049 2591 4641 6299 6841
W 696 1752 2220 4946 6002 6470
W 1018 1684 1859 5268 5934 6109
W 687 2559 1768 4937 6809 6018
W 343 2244 1505 4593 6494 5755
W 259 3961 2955 4509 8211 7205
W 145 2235 1427 4395 6485 5677
W 1722 3593 2002 5972 7843 6252
W 1056 1605 3299 5306 5855 7549
W 650 1875 1655 4900 6125 5905
W 339 2934 1385 4589 7184 5635
W 494 2214 2597 4744 6464 6847
W 1180 2597 2214 5430 6847 6464
W 402 3620 2747 4652 7870 6997
W 192 193 1672 4442 4443 5922
W 383 3028 2297 4633 7278 6547
W 627 1505 3908 4877 5755 8158
W 1110 1542 3514 5360 5792 7764
W 572 1392 2408 4822 5642 6658
W 742 2346 1413 4992 6596 5663
W 510 1413 2346 4760 5663 6596
W 708 1492 2093 4958 5742 6343
W 679 2898 1690 4929 7148 5940
W 892 1710 2429 5142 5960 6679
W 256 2429 1710 4506 6679 5960
W 732 1439 3304 4982 5689 7554
W 457 1796 3204 4707 6046 7454
W 840 2542 2035 5090 6792 6285
W 1175 3512 3380 5425 7762 7630
W 530 2069 3380 4780 6319 7630
W 821 1731 1993 5071 5981 6243
W 602 1993 1731 4852 6243 5981
W 465 2256 3291 4715 6506 7541
W 358 2344 1533 4608 6594 5783
W 1844 3334 3390 6094 7584 7640
W 825 2490 1748 5075 6740 5998
W 277 1468 2815 4527 5718 7065
W 687 1779 3010 4937 6029 7260
W 1292 2138 3221 5542 6388 7471
W 1517 3011 4082 5767 7261 8332
W 3805 2590 458 8055 6840 4708
W 1109 2880 1832 5359 7130 6082
W 1049 1538 2457 5299 5788 6707
W 1062 1463 3467 5312 5713 7717
W 854 1552 3665 5104 5802 7915
W 1387 2288 3027 5637 6538 7277
W 624 3027 2288 4874 7277 6538
W 560 1424 2418 4810 5674 6668
W 1570 3663 2172 5820 7913 6422
W 3663 359 2172 7913 4609 6422
W 1157 3067 1806 5407 7317 6056
W 618 1806 3067 4868 6056 7317
W 343 2073 2244 4593 6323 6494
W 49 2560 1530 4299 6810 5780
W 670 4210 1782 4920 8460 6032
W 373 2293 1415 4623 6543 5665
W 676 1778 1965 4926 6028 6215
W 1636 2906 4160 5886 7156 8410
W 948 2237 2017 5198 6487 6267
W 851 2017 2237 5101 6267 6487
W 644 1549 3066 4894 5799 7316
W 1007 3066 1549 5257 7316 5799
W 712 3490 3548 4962 7740 7798
W 280 2557 2206 4530 6807 6456
W 687 2574 2559 4937 6824 6809
W 1059 1523 3648 5309 5773 7898
W 441 1482 2202 4691 5732 6452
W 766 2202 1482 5016 6452 5732
W 389 1832 2880 4639 6082 7130
W 1102 2062 2857 5352 6312 7107
W 520 1390 2501 4770 5640 6751
W 3917 2434 295 8167 6684 4545
W 1272 1819 3604 5522 6069 7854
W 574 3474 1481 4824 7724 5731
W 688 3650 1799 4938 7900 6049
W 1151 1947 2942 5401 6197 7192
W 273 1881 1976 4523 6131 6226
W 645 3334 1844 4895 7584 6094
W 1475 4069 2397 5725 8319 6647
W 345 1429 2433 4595 5679 6683
W 1019 3154 3108 5269 7404 7358
W 1559 4129 2283 5809 8379 6533
W 609 2294 1741 4859 6544 5991
W 1323 2514 2641 5573 6764 6891
W 317 2641 2514 4567 6891 6764
W 709 2157 2158 4959 6407 6408
W 989 2158 2157 5239 6408 6407
W 334 1627 2639 4584 5877 6889
W 971 1614 1930 5221 5864 6180
W 726 3816 1625 4976 8066 5875
W 284 1750 1968 4534 6000 6218
W 52 3457 2199 4302 7707 6449
W 337 3479 2409 4587 7729 6659
W 403 2456 2542 4653 6706 6792
W 1039 2425 2057 5289 6675 6307
W 742 2057 2425 4992 6307 6675
W 1066 2035 2542 5316 6285 6792
W 188 189 1767 4438 4439 6017
W 689 3063 1514 4939 7313 5764
W 414 4190 1391 4664 8440 5641
W 413 2180 1461 4663 6430 5711
W 124 125 1980 4374 4375 6230
W 703 2169 1509 4953 6419 5759
W 1167 3540 2350 5417 7790 6600
W 650 2661 1686 4900 6911 5936
W 310 2696 1619 4560 6946 5869
W 926 2728 1619 5176 6978 5869
W 761 1814 2310 5011 6064 6560
W 358 1441 2240 4608 5691 6490
W 722 2205 1900 4972 6455 6150
W 1012 2086 3226 5262 6336 7476
W 1008 3014 1813 5258 7264 6063
W 1051 2294 2556 5301 6544 6806
W 1273 3015 3002 5523 7265 7252
W 37 2778 1537 4287 7028 5787
W 353 4088 1418 4603 8338 5668
W 439 1402 2949 4689 5652 7199
W 3144 928 2986 7394 5178 7236
W 1209 1874 3577 5459 6124 7827
W 2054 2594 4063 6304 6844 8313
W 1423 2085 2448 5673 6335 6698
W 856 1584 2736 5106 5834 6986
W 577 1508 2316 4827 5758 6566
W 780 2316 1508 5030 6566 5758
W 923 3668 2678 5173 7918 6928
W 789 1861 1998 5039 6111 6248
W 712 3548 1913 4962 7798 6163
W 756 3850 2178 5006 8100 6428
W 871 2885 1403 5121 7135 5653
W 593 1661 2160 4843 5911 6410
W 885 3731 1456 5135 7981 5706
W 691 1593 2227 4941 5843 6477
W 545 2640 1412 4795 6890 5662
W 980 1495 3138 5230 5745 7388
W 812 2849 3358 5062 7099 7608
W 875 1393 3856 5125 5643 8106
W 15 16 2723 4265 4266 6973
W 772 2190 1579 5022 6440 5829
W 272 1579 2190 4522 5829 6440
W 273 3120 2064 4523 7370 6314
W 512 1581 4026 4762 5831 8276
W 1890 2358 4112 6140 6608 8362
W 1080 2838 1821 5330 7088 6071
W 765 1821 2838 5015 6071 7088
W 1186 3310 2733 5436 7560 6983
W 595 1685 2824 4845 5935 7074
W 375 1899 2387 4625 6149 6637
W 262 4186 2441 4512 8436 6691
W 1405 2762 1974 5655 7012 6224
W 1343 3990 2465 5593 8240 6715
W 813 2401 1411 5063 6651 5661
W 588 2138 1621 4838 6388 5871
W 1683 3144 2986 5933 7394 7236
W 750 2388 1856 5000 6638 6106
W 1056 1856 2388 5306 6106 6638
W 467 2165 2623 4717 6415 6873
W 771 2081 2478 5021 6331 6728
W 59 2656 2017 4309 6906 6267
W 386 1781 2998 4636 6031 7248
W 1397 2871 3700 5647 7121 7950
W 848 2023 1919 5098 6273 6169
W 747 1919 2023 4997 6169 6273
W 1695 2829 2082 5945 7079 6332
W 818 2126 2200 5068 6376 6450
W 352 2128 1498 4602 6378 5748
W 262 2606 1401 4512 6856 5651
W 803 1401 2606 5053 5651 6856
W 576 1405 2863 4826 5655 7113
W 861 2863 1405 5111 7113 5655
W 749 3076 1923 4999 7326 6173
W 1175 1975 3512 5425 6225 7762
W 443 3154 3218 4693 7404 7468
W 809 2233 1655 5059 6483 5905
W 274 1655 2233 4524 5905 6483
W 1400 3332 2483 5650 7582 6733
W 590 1406 3336 4840 5656 7586
W 1869 3039 4196 6119 7289 8446
W 716 2230 1460 4966 6480 5710
W 843 1653 3894 5093 5903 8144
W 278 2268 1642 4528 6518 5892
W 331 1466 3392 4581 5716 7642
W 698 1456 2289 4948 5706 6539
W 343 2390 1420 4593 6640 5670
W 1421 3567 2069 5671 7817 6319
W 1320 3957 2719 5570 8207 6969
W 723 1855 1760 4973 6105 6010
W 545 1423 2640 4795 5673 6890
W 361 2739 3643 4611 6989 7893
W 60 3683 1565 4310 7933 5815
W 1396 4197 2101 5646 8447 6351
W 599 1402 2755 4849 5652 7005
W 273 3264 3120 4523 7514 7370
W 3399 1405 576 7649 5655 4826
W 973 1458 2925 5223 5708 7175
W 953 1648 1939 5203 5898 6189
W 716 2253 1483 4966 6503 5733
W 1430 3162 4139 5680 7412 8389
W 275 2046 1737 4525 6296 5987
W 792 1737 2046 5042 5987 6296
W 1536 3845 1771 5786 8095 6021
W 424 2744 1645 4674 6994 5895
W 947 1645 2744 5197 5895 6994
W 1027 1568 3884 5277 5818 8134
W 867 2109 2217 5117 6359 6467
W 571 1488 2175 4821 5738 6425
W 1480 791 3596 5730 5041 7846
W 111 112 1778 4361 4362 6028
W 4050 3223 521 8300 7473 4771
W 546 1403 2671 4796 5653 6921
W 541 3288 2098 4791 7538 6348
W 205 1605 2247 4455 5855 6497
W 61 62 3683 4311 4312 7933
W 785 2518 1862 5035 6768 6112
W 1489 4140 1611 5739 8390 5861
W 1320 2719 3058 5570 6969 7308
W 601 2014 2605 4851 6264 6855
W 561 1619 2728 4811 5869 6978
W 441 2314 1482 4691 6564 5732
W 756 1482 2314 5006 5732 6564
W 643 2836 3938 4893 7086 8188
W 28 2402 2173 4278 6652 6423
W 680 2103 2931 4930 6353 7181
W 230 1787 3797 4480 6037 8047
W 918 1407 2529 5168 5657 6779
W 272 2015 1579 4522 6265 5829
W 621 2329 1853 4871 6579 6103
W 910 1853 2329 5160 6103 6579
W 1787 4247 3797 6037 8497 8047
W 713 1867 1758 4963 6117 6008
W 1616 2590 3805 5866 6840 8055
W 707 1481 3474 4957 5731 7724
W 496 1928 3730 4746 6178 7980
W 3675 2776 1855 7925 7026 6105
W 1356 4168 1623 5606 8418 5873
W 633 1623 4168 4883 5873 8418
W 1292 1804 3638 5542 6054 7888
W 254 3638 1804 4504 7888 6054
W 613 2156 1541 4863 6406 5791
W 800 4043 1432 5050 8293 5682
W 631 2942 1947 4881 7192 6197
W 376 1879 1904 4626 6129 6154
W 998 4021 2147 5248 8271 6397
W 601 4105 2014 4851 8355 6264
W 2040 3551 3391 6290 7801 7641
W 538 1455 2276 4788 5705 6526
W 446 1411 2871 4696 5661 7121
W 773 4202 3348 5023 8452 7598
W 638 2871 4205 4888 7121 8455
W 771 2478 2011 5021 6728 6261
W 1354 2123 3607 5604 6373 7857
W 396 1413 3621 4646 5663 7871
W 447 2109 2838 4697 6359 7088
W 457 3032 3465 4707 7282 7715
W 472 2916 1436 4722 7166 5686
W 890 1436 2916 5140 5686 7166
W 578 1529 3087 4828 5779 7337
W 981 2106 3188 5231 6356 7438
W 645 1844 1790 4895 6094 6040
W 1269 3504 1812 5519 7754 6062
W 423 4239 1729 4673 8489 5979
W 1073 3342 1665 5323 7592 5915
W 1509 2519 2228 5759 6769 6478
W 441 2202 1487 4691 6452 5737
W 1157 1806 3466 5407 6056 7716
W 4155 744 2149 8405 4994 6399
W 1751 4155 2149 6001 8405 6399
W 652 3320 4126 4902 7570 8376
W 902 2897 1536 5152 7147 5786
W 247 1509 2169 4497 5759 6419
W 1216 3459 3586 5466 7709 7836
W 372 2389 1697 4622 6639 5947
W 774 1438 2437 5024 5688 6687
W 450 1450 3268 4700 5700 7518
W 680 1536 2103 4930 5786 6353
W 1159 2025 3175 5409 6275 7425
W 1232 3605 1731 5482 7855 5981
W 602 1731 3605 4852 5981 7855
W 1043 1740 2904 5293 5990 7154
W 243 1448 2554 4493 5698 6804
W 807 2554 1448 5057 6804 5698
W 692 1766 2947 4942 6016 7197
W 230 3384 1425 4480 7634 5675
W 684 1611 3371 4934 5861 7621
W 1580 3172 2300 5830 7422 6550
W 677 1703 3926 4927 5953 8176
W 290 2839 1529 4540 7089 5779
W 961 1685 2328 5211 5935 6578
W 546 1447 3248 4796 5697 7498
W 1259 3154 1902 5509 7404 6152
W 4193 791 1480 8443 5041 5730
W 452 2907 3171 4702 7157 7421
W 401 1780 2083 4651 6030 6333
W 45 46 2677 4295 4296 6927
W 943 1946 2350 5193 6196 6600
W 279 2350 1946 4529 6600 6196
W 745 1449 2304 4995 5699 6554
W 996 1730 2499 5246 5980 6749
W 215 2091 2899 4465 6341 7149
W 1060 2506 1417 5310 6756 5667
W 819 2042 1578 5069 6292 5828
W 1584 3016 2736 5834 7266 6986
W 545 1412 2799 4795 5662 7049
W 664 2510 1419 4914 6760 5669
W 501 3113 3947 4751 7363 8197
W 28 29 2402 4278 4279 6652
W 1110 2220 1542 5360 6470 5792
W 381 1542 2220 4631 5792 6470
W 684 1573 2054 4934 5823 6304
W 1609 3223 4050 5859 7473 8300
W 455 1859 3729 4705 6109 7979
W 805 2494 1491 5055 6744 5741
W 614 1491 2494 4864 5741 6744
W 492 3808 2449 4742 8058 6699
W 504 2080 1823 4754 6330 6073
W 826 1823 2080 5076 6073 6330
W 687 3010 3587 4937 7260 7837
W 660 3165 1982 4910 7415 6232
W 266 2036 1637 4516 6286 5887
W 1071 1637 2036 5321 5887 6286
W 916 1632 2799 5166 5882 7049
W 973 3257 1458 5223 7507 5708
W 569 1458 3257 4819 5708 7507
W 913 2272 2691 5163 6522 6941
W 504 1563 2080 4754 5813 6330
W 1495 3660 3138 5745 7910 7388
W 4160 2906 235 8410 7156 4485
W 314 2719 3957 4564 6969 8207
W 585 4135 1614 4835 8385 5864
W 750 1811 2108 5000 6061 6358
W 970 2108 1811 5220 6358 6061
W 772 1579 3013 5022 5829 7263
W 1323 3950 2514 5573 8200 6764
W 1410 2176 3919 5660 6426 8169
W 273 2593 1881 4523 6843 6131
W 1764 2355 3429 6014 6605 7679
W 989 3372 1460 5239 7622 5710
W 2468 4047 854 6718 8297 5104
W 510 2758 1413 4760 7008 5663
W 1402 2347 3832 5652 6597 8082
W 1106 3598 1517 5356 7848 5767
W 124 1980 2194 4374 6230 6444
W 1394 3594 1656 5644 7844 5906
W 677 3926 1725 4927 8176 5975
W 2976 2585 539 7226 6835 4789
W 1507 2585 2976 5757 6835 7226
W 306 2624 1833 4556 6874 6083
W 992 1833 2624 5242 6083 6874
W 235 1975 2308 4485 6225 6558
W 769 1452 2764 5019 5702 7014
W 1097 4039 1466 5347 8289 5716
W 1566 3695 3535 5816 7945 7785
W 662 2568 1660 4912 6818 5910
W 656 1420 2571 4906 5670 6821
W 720 3973 3776 4970 8223 8026
W 359 3324 1677 4609 7574 5927
W 787 2578 2513 5037 6828 6763
W 693 3242 1652 4943 7492 5902
W 285 2040 3391 4535 6290 7641
W 402 1506 2207 4652 5756 6457
W 211 2545 1791 4461 6795 6041
W 1013 3440 1620 5263 7690 5870
W 1336 2428 3662 5586 6678 7912
W 1150 2967 3414 5400 7217 7664
W 1750 3438 2528 6000 7688 6778
W 534 1448 2361 4784 5698 6611
W 779 1651 2148 5029 5901 6398
W 238 2148 1651 4488 6398 5901
W 1740 4099 2904 5990 8349 7154
W 1483 3084 2492 5733 7334 6742
W 829 1560 2101 5079 5810 6351
W 3084 582 2492 7334 4832 6742
W 945 3659 1419 5195 7909 5669
W 443 2213 3287 4693 6463 7537
W 1161 1765 1897 5411 6015 6147
W 640 3365 3417 4890 7615 7667
W 1057 3223 1609 5307 7473 5859
W 247 2544 1509 4497 6794 5759
W 828 1509 2544 5078 5759 6794
W 569 3898 1428 4819 8148 5678
W 707 1703 2325 4957 5953 6575
W 544 1427 2930 4794 5677 7180
W 1510 2280 3460 5760 6530 7710
W 3460 2280 714 7710 6530 4964
W 713 1758 1904 4963 6008 6154
W 393 1764 1953 4643 6014 6203
W 755 1953 1764 5005 6203 6014
W 144 1427 2555 4394 5677 6805
W 723 3675 1855 4973 7925 6105
W 798 3947 2855 5048 8197 7105
W 696 2760 1677 4946 7010 5927
W 571 2475 1488 4821 6725 5738
W 835 1608 2419 5085 5858 6669
W 430 2419 1608 4680 6669 5858
W 744 2309 1474 4994 6559 5724
W 1018 1859 2860 5268 6109 7110
W 838 2609 1609 5088 6859 5859
W 405 2572 3195 4655 6822 7445
W 870 1832 2263 5120 6082 6513
W 389 2263 1832 4639 6513 6082
W 567 3363 1607 4817 7613 5857
W 1100 1607 3363 5350 5857 7613
W 656 1486 2270 4906 5736 6520
W 1063 3375 2520 5313 7625 6770
W 1255 3885 2008 5505 8135 6258
W 745 3027 1449 4995 7277 5699
W 1128 2317 1659 5378 6567 5909
W 72 73 3140 4322 4323 7390
W 789 1998 2094 5039 6248 6344
W 257 1444 2420 4507 5694 6670
W 720 1739 1923 4970 5989 6173
W 1549 3480 2435 5799 7730 6685
W 179 180 2269 4429 4430 6519
W 701 1640 2538 4951 5890 6788
W 540 1446 3707 4790 5696 7957
W 854 1635 2468 5104 5885 6718
W 637 2468 1635 4887 6718 5885
W 1341 3770 2257 5591 8020 6507
W 3763 1450 450 8013 5700 4700
W 921 1551 2856 5171 5801 7106
W 246 2856 1551 4496 7106 5801
W 1105 1566 3535 5355 5816 7785
W 773 3348 2223 5023 7598 6473
W 780 2853 1435 5030 7103 5685
W 825 1437 3967 5075 5687 8217
W 974 1702 2008 5224 5952 6258
W 581 2008 1702 4831 6258 5952
W 712 1753 3917 4962 6003 8167
W 1363 3963 3448 5613 8213 7698
W 349 1540 3942 4599 5790 8192
W 983 2997 1597 5233 7247 5847
W 426 1597 2997 4676 5847 7247
W 627 3908 1636 4877 8158 5886
W 364 1455 4116 4614 5705 8366
W 367 1786 2146 4617 6036 6396
W 902 1618 4154 5152 5868 8404
W 902 1723 2459 5152 5973 6709
W 1098 2459 1723 5348 6709 5973
W 6 3348 1428 4256 7598 5678
W 160 161 2162 4410 4411 6412
W 906 2463 1442 5156 6713 5692
W 1543 3431 2596 5793 7681 6846
W 1502 2147 4021 5752 6397 8271
W 760 1621 2153 5010 5871 6403
W 254 2153 1621 4504 6403 5871
W 808 3368 2372 5058 7618 6622
W 487 1817 3858 4737 6067 8108
W 681 3069 1804 4931 7319 6054
W 906 1838 1916 5156 6088 6166
W 272 1789 2343 4522 6039 6593
W 382 2023 2192 4632 6273 6442
W 1479 3825 2530 5729 8075 6780
W 345 2782 1429 4595 7032 5679
W 902 4154 2897 5152 8404 7147
W 620 4184 1562 4870 8434 5812
W 729 1983 3506 4979 6233 7756
W 469 1979 1694 4719 6229 5944
W 781 2267 2077 5031 6517 6327
W 952 2077 2267 5202 6327 6517
W 801 1431 2911 5051 5681 7161
W 708 1743 3936 4958 5993 8186
W 692 2947 3181 4942 7197 7431
W 456 3692 2617 4706 7942 6867
W 13 3550 1713 4263 7800 5963
W 811 1742 2525 5061 5992 6775
W 2206 3376 3393 6456 7626 7643
W 1535 3019 3994 5785 7269 8244
W 280 2206 3393 4530 6456 7643
W 1383 2117 4206 5633 6367 8456
W 1701 2684 3770 5951 6934 8020
W 231 3332 3075 4481 7582 7325
W 397 1688 1992 4647 5938 6242
W 258 2862 1520 4508 7112 5770
W 1351 2409 3479 5601 6659 7729
W 1433 2304 3575 5683 6554 7825
W 628 3816 1932 4878 8066 6182
W 1422 1932 3816 5672 6182 8066
W 4096 2633 1284 8346 6883 5534
W 400 3325 1959 4650 7575 6209
W 288 3138 3660 4538 7388 7910
W 1350 1936 3597 5600 6186 7847
W 520 3597 1936 4770 7847 6186
W 1674 3046 1983 5924 7296 6233
W 1162 3788 2399 5412 8038 6649
W 2357 3712 405 6607 7962 4655
W 525 1542 2816 4775 5792 7066
W 1269 3897 3504 5519 8147 7754
W 239 3791 1863 4489 8041 6113
W 578 3540 1665 4828 7790 5915
W 1167 1665 3540 5417 5915 7790
W 4047 2240 854 8297 6490 5104
W 1032 1433 2831 5282 5683 7081
W 688 3105 1604 4938 7355 5854
W 1005 2032 2680 5255 6282 6930
W 1033 2206 2557 5283 6456 6807
W 262 2270 4186 4512 6520 8436
W 512 1435 2853 4762 5685 7103
W 767 1768 1998 5017 6018 6248
W 404 1998 1768 4654 6248 6018
W 603 1781 2748 4853 6031 6998
W 1001 2748 1781 5251 6998 6031
W 650 1860 2661 4900 6110 6911
W 1467 2419 2006 5717 6669 6256
W 1014 2693 2619 5264 6943 6869
W 1214 3857 1595 5464 8107 5845
W 584 1595 3857 4834 5845 8107
W 132 2369 1491 4382 6619 5741
W 386 2186 1781 4636 6436 6031
W 1001 1781 2186 5251 6031 6436
W 618 3972 1806 4868 8222 6056
W 1006 1465 2411 5256 5715 6661
W 622 1835 2176 4872 6085 6426
W 868 2176 1835 5118 6426 6085
W 1666 2503 3793 5916 6753 8043
W 757 1501 3080 5007 5751 7330
W 1227 3718 3367 5477 7968 7617
W 1098 1457 3129 5348 5707 7379
W 429 2458 3464 4679 6708 7714
W 700 1673 2242 4950 5923 6492
W 1603 2297 3207 5853 6547 7457
W 539 1571 2976 4789 5821 7226
W 574 1481 3040 4824 5731 7290
W 1210 3060 2781 5460 7310 7031
W 848 2318 2177 5098 6568 6427
W 373 1452 2819 4623 5702 7069
W 3712 2108 405 7962 6358 4655
W 728 3763 1846 4978 8013 6096
W 440 2438 2665 4690 6688 6915
W 447 2838 2382 4697 7088 6632
W 598 3631 1506 4848 7881 5756
W 972 1558 2171 5222 5808 6421
W 403 2216 2456 4653 6466 6706
W 186 187 1799 4436 4437 6049
W 475 3310 1783 4725 7560 6033
W 732 3304 2096 4982 7554 6346
W 400 2007 3325 4650 6257 7575
W 731 2581 1498 4981 6831 5748
W 1270 3181 4091 5520 7431 8341
W 1147 2629 1628 5397 6879 5878
W 987 1459 3114 5237 5709 7364
W 1337 2193 3185 5587 6443 7435
W 997 3185 2193 5247 7435 6443
W 1209 3347 2761 5459 7597 7011
W 708 3523 1699 4958 7773 5949
W 363 2205 1707 4613 6455 5957
W 567 3535 3695 4817 7785 7945
W 3190 919 2883 7440 5169 7133
W 747 2628 2563 4997 6878 6813
W 890 2775 1436 5140 7025 5686
W 88 89 2706 4338 4339 6956
W 524 2809 1437 4774 7059 5687
W 1608 2921 4130 5858 7171 8380
W 714 2280 1512 4964 6530 5762
W 327 3935 2512 4577 8185 6762
W 112 113 1965 4362 4363 6215
W 1169 1724 3624 5419 5974 7874
W 333 3607 2123 4583 7857 6373
W 729 3506 3905 4979 7756 8155
W 815 1744 3191 5065 5994 7441
W 118 119 2320 4368 4369 6570
W 308 2802 3185 4558 7052 7435
W 533 1454 3090 4783 5704 7340
W 1139 2806 3403 5389 7056 7653
W 377 1935 1855 4627 6185 6105
W 577 3242 1508 4827 7492 5758
W 814 3761 2375 5064 8011 6625
W 1439 3939 2698 5689 8189 6948
W 1477 3190 2883 5727 7440 7133
W 766 1482 2377 5016 5732 6627
W 966 2945 1446 5216 7195 5696
W 669 3292 3929 4919 7542 8179
W 1041 3327 3006 5291 7577 7256
W 362 2648 2604 4612 6898 6854
W 1645 2633 4096 5895 6883 8346
W 898 2244 2073 5148 6494 6323
W 89 2291 2706 4339 6541 6956
W 194 1449 3795 4444 5699 8045
W 835 2419 3198 5085 6669 7448
W 1467 3198 2419 5717 7448 6669
W 58 59 2017 4308 4309 6267
W 447 2382 2003 4697 6632 6253
W 956 2003 2382 5206 6253 6632
W 730 2029 3362 4980 6279 7612
W 1031 3452 3033 5281 7702 7283
W 574 3040 1746 4824 7290 5996
W 308 2436 3004 4558 6686 7254
W 784 2527 1454 5034 6777 5704
W 1059 3626 1523 5309 7876 5773
W 810 2146 1786 5060 6396 6036
W 1296 2724 2487 5546 6974 6737
W 306 2487 2724 4556 6737 6974
W 857 1528 2250 5107 5778 6500
W 1013 1620 3077 5263 5870 7327
W 454 3077 1620 4704 7327 5870
W 357 2077 1761 4607 6327 6011
W 952 1761 2077 5202 6011 6327
W 1216 3586 2056 5466 7836 6306
W 912 1991 2725 5162 6241 6975
W 265 1669 2261 4515 5919 6511
W 1023 1980 2854 5273 6230 7104
W 319 2022 3231 4569 6272 7481
W 1357 3188 2065 5607 7438 6315
W 243 1454 2527 4493 5704 6777
W 2096 3304 3077 6346 7554 7327
W 684 2174 1573 4934 6424 5823
W 1002 3146 1988 5252 7396 6238
W 771 4001 3497 5021 8251 7747
W 1379 3846 2066 5629 8096 6316
W 728 1941 3763 4978 6191 8013
W 346 4245 2307 4596 8495 6557
W 100 101 1849 4350 4351 6099
W 713 1968 1750 4963 6218 6000
W 705 2753 3591 4955 7003 7841
W 1097 3412 1503 5347 7662 5753
W 23 24 1785 4273 4274 6035
W 512 1850 3794 4762 6100 8044
W 1077 1601 3754 5327 5851 8004
W 3150 407 3710 7400 4657 7960
W 832 1446 3928 5082 5696 8178
W 1329 3469 2037 5579 7719 6287
W 1824 4191 4005 6074 8441 8255
W 805 1491 2369 5055 5741 6619
W 1016 4069 2974 5266 8319 7224
W 954 3097 1531 5204 7347 5781
W 1386 3615 1532 5636 7865 5782
W 302 2266 1606 4552 6516 5856
W 1069 2470 2526 5319 6720 6776
W 1094 3567 3784 5344 7817 8034
W 487 3858 3101 4737 8108 7351
W 721 1629 2272 4971 5879 6522
W 904 2428 2908 5154 6678 7158
W 1555 3074 1971 5805 7324 6221
W 674 2454 2893 4924 6704 7143
W 243 2554 1454 4493 6804 5704
W 719 2129 1596 4969 6379 5846
W 3793 2503 1140 8043 6753 5390
W 672 2019 3799 4922 6269 8049
W 1461 3799 2019 5711 8049 6269
W 159 2852 1701 4409 7102 5951
W 440 1478 2438 4690 5728 6688
W 801 1493 3432 5051 5743 7682
W 490 4158 2694 4740 8408 6944
W 1168 2786 2031 5418 7036 6281
W 452 2031 2786 4702 6281 7036
W 1532 2033 2983 5782 6283 7233
W 730 3362 3498 4980 7612 7748
W 1016 2258 4069 5266 6508 8319
W 1499 3834 2753 5749 8084 7003
W 832 2362 2328 5082 6612 6578
W 704 3802 2121 4954 8052 6371
W 183 184 3105 4433 4434 7355
W 4025 605 2209 8275 4855 6459
W 1336 2908 2428 5586 7158 6678
W 1863 3791 2259 6113 8041 6509
W 626 3190 1477 4876 7440 5727
W 668 3672 2907 4918 7922 7157
W 416 2323 2250 4666 6573 6500
W 1338 3365 3613 5588 7615 7863
W 1326 1805 3822 5576 6055 8072
W 674 3822 1805 4924 8072 6055
W 1654 4025 2209 5904 8275 6459
W 237 2037 3469 4487 6287 7719
W 243 3517 1448 4493 7767 5698
W 821 1993 2420 5071 6243 6670
W 258 3142 1496 4508 7392 5746
W 969 2235 2657 5219 6485 6907
W 798 2855 2324 5048 7105 6574
W 1696 3582 2552 5946 7832 6802
W 549 2397 4069 4799 6647 8319
W 818 1518 2312 5068 5768 6562
W 659 2266 1892 4909 6516 6142
W 623 3893 1574 4873 8143 5824
W 481 1916 1838 4731 6166 6088
W 387 2954 1456 4637 7204 5706
W 885 1456 2954 5135 5706 7204
W 372 1697 2045 4622 5947 6295
W 739 2045 1697 4989 6295 5947
W 785 2225 2518 5035 6475 6768
W 817 2473 1478 5067 6723 5728
W 1068 2949 2070 5318 7199 6320
W 749 2498 2731 4999 6748 6981
W 397 1481 2453 4647 5731 6703
W 988 1480 2466 5238 5730 6716
W 999 2330 2162 5249 6580 6412
W 889 2162 2330 5139 6412 6580
W 635 2044 2722 4885 6294 6972
W 1207 2722 2044 5457 6972 6294
W 980 2452 1495 5230 6702 5745
W 340 3495 3340 4590 7745 7590
W 3619 448 2411 7869 4698 6661
W 1507 2975 2660 5757 7225 6910
W 2975 406 2660 7225 4656 6910
W 457 3465 2365 4707 7715 6615
W 3750 2470 791 8000 6720 5041
W 420 1617 2126 4670 5867 6376
W 10 2376 1513 4260 6626 5763
W 1601 3619 2411 5851 7869 6661
W 848 1919 2318 5098 6169 6568
W 944 2505 2491 5194 6755 6741
W 123 124 2194 4373 4374 6444
W 373 4176 1934 4623 8426 6184
W 988 3694 2972 5238 7944 7222
W 3710 407 2134 7960 4657 6384
W 381 1752 2509 4631 6002 6759
W 721 1858 3450 4971 6108 7700
W 1544 3062 3679 5794 7312 7929
W 769 2819 1452 5019 7069 5702
W 773 1876 2016 5023 6126 6266
W 1356 1623 4056 5606 5873 8306
W 947 2633 1645 5197 6883 5895
W 712 3917 3490 4962 8167 7740
W 656 3989 1486 4906 8239 5736
W 364 2961 1455 4614 7211 5705
W 348 3520 3179 4598 7770 7429
W 797 1904 1879 5047 6154 6129
W 595 2824 1958 4845 7074 6208
W 325 3390 2288 4575 7640 6538
W 48 49 2959 4298 4299 7209
W 578 1665 3342 4828 5915 7592
W 1238 2622 2482 5488 6872 6732
W 816 2482 2622 5066 6732 6872
W 498 2692 1969 4748 6942 6219
W 1450 1941 3941 5700 6191 8191
W 580 3941 1941 4830 8191 6191
W 1089 2340 2366 5339 6590 6616
W 766 2366 2340 5016 6616 6590
W 1704 2470 3750 5954 6720 8000
W 1158 2769 2574 5408 7019 6824
W 119 4059 2320 4369 8309 6570
W 853 1542 2681 5103 5792 6931
W 381 2681 1542 4631 6931 5792
W 979 1510 3268 5229 5760 7518
W 812 1513 2376 5062 5763 6626
W 354 1957 3430 4604 6207 7680
W 817 2920 1463 5067 7170 5713
W 319 3231 3679 4569 7481 7929
W 1630 1842 3082 5880 6092 7332
W 778 2551 1774 5028 6801 6024
W 651 1697 2389 4901 5947 6639
W 554 2561 3496 4804 6811 7746
W 319 3679 3062 4569 7929 7312
W 702 1620 2140 4952 5870 6390
W 377 2380 1835 4627 6630 6085
W 766 1526 2366 5016 5776 6616
W 357 3719 1566 4607 7969 5816
W 266 3183 2036 4516 7433 6286
W 348 2111 3520 4598 6361 7770
W 669 1970 3013 4919 6220 7263
W 240 3015 1596 4490 7265 5846
W 747 2023 2628 4997 6273 6878
W 339 1471 3156 4589 5721 7406
W 1338 2313 3417 5588 6563 7667
W 188 1767 3035 4438 6017 7285
W 560 1577 2236 4810 5827 6486
W 1050 3366 1777 5300 7616 6027
W 811 1945 2046 5061 6195 6296
W 1075 1781 3275 5325 6031 7525
W 900 1951 1921 5150 6201 6171
W 634 2234 2995 4884 6484 7245
W 721 1986 1834 4971 6236 6084
W 1209 2761 1874 5459 7011 6124
W 649 1824 4005 4899 6074 8255
W 629 1486 2579 4879 5736 6829
W 1132 1869 3499 5382 6119 7749
W 346 2307 1906 4596 6557 6156
W 575 2493 1544 4825 6743 5794
W 290 2973 2839 4540 7223 7089
W 735 2625 1914 4985 6875 6164
W 543 2251 1568 4793 6501 5818
W 970 1791 2710 5220 6041 6960
W 630 2710 1791 4880 6960 6041
W 766 2340 2202 5016 6590 6452
W 1277 3730 1928 5527 7980 6178
W 831 2595 1839 5081 6845 6089
W 2273 3203 3583 6523 7453 7833
W 751 2071 3078 5001 6321 7328
W 713 1904 1968 4963 6154 6218
W 1678 3686 2458 5928 7936 6708
W 713 3560 1867 4963 7810 6117
W 797 1968 1904 5047 6218 6154
W 692 2009 1766 4942 6259 6016
W 278 3198 1467 4528 7448 5717
W 743 3183 2575 4993 7433 6825
W 816 1618 2407 5066 5868 6657
W 495 2407 1618 4745 6657 5868
W 858 1890 2181 5108 6140 6431
W 728 2491 1825 4978 6741 6075
W 725 1474 3787 4975 5724 8037
W 1264 2188 3369 5514 6438 7619
W 458 2375 3805 4708 6625 8055
W 673 3436 4195 4923 7686 8445
W 2311 3964 3520 6561 8214 7770
W 370 2149 1711 4620 6399 5961
W 215 216 2091 4465 4466 6341
W 879 2236 1577 5129 6486 5827
W 3686 660 2458 7936 4910 6708
W 1008 1813 2779 5258 6063 7029
W 476 2779 1813 4726 7029 6063
W 1241 3700 1880 5491 7950 6130
W 848 1999 2192 5098 6249 6442
W 901 2602 2165 5151 6852 6415
W 1078 3124 3393 5328 7374 7643
W 805 2369 2850 5055 6619 7100
W 1614 4135 1930 5864 8385 6180
W 1514 1977 3972 5764 6227 8222
W 841 3058 2719 5091 7308 6969
W 767 2068 1779 5017 6318 6029
W 394 4074 1472 4644 8324 5722
W 977 1535 3213 5227 5785 7463
W 537 3213 1535 4787 7463 5785
W 5 6 2533 4255 4256 6783
W 772 2585 1507 5022 6835 5757
W 756 2785 1482 5006 7035 5732
W 1253 2690 2672 5503 6940 6922
W 307 1500 3290 4557 5750 7540
W 753 1867 2326 5003 6117 6576
W 754 3203 2273 5004 7453 6523
W 766 2377 1526 5016 6627 5776
W 232 1526 2377 4482 5776 6627
W 572 2408 1671 4822 6658 5921
W 962 1671 2408 5212 5921 6658
W 1652 2583 3446 5902 6833 7696
W 3446 2583 1005 7696 6833 5255
W 544 1472 2808 4794 5722 7058
W 772 1507 2660 5022 5757 6910
W 538 4080 2423 4788 8330 6673
W 1178 3751 3011 5428 8001 7261
W 549 1521 2397 4799 5771 6647
W 878 1594 4058 5128 5844 8308
W 151 152 2909 4401 4402 7159
W 233 2496 1810 4483 6746 6060
W 570 3632 1550 4820 7882 5800
W 326 1550 3633 4576 5800 7883
W 836 2770 2717 5086 7020 6967
W 1346 3278 3178 5596 7528 7428
W 867 1978 2109 5117 6228 6359
W 1112 3113 2025 5362 7363 6275
W 1679 4084 2354 5929 8334 6604
W 1359 3394 1831 5609 7644 6081
W 1471 3591 2753 5721 7841 7003
W 307 2490 1500 4557 6740 5750
W 432 1473 2984 4682 5723 7234
W 817 1478 2920 5067 5728 7170
W 854 3665 2652 5104 7915 6902
W 728 1846 2491 4978 6096 6741
W 853 2336 1545 5103 6586 5795
W 19 20 1801 4269 4270 6051
W 416 2250 1733 4666 6500 5983
W 1026 3399 1543 5276 7649 5793
W 1136 3205 2742 5386 7455 6992
W 1016 2284 2273 5266 6534 6523
W 754 2273 2284 5004 6523 6534
W 724 2204 2128 4974 6454 6378
W 1988 3146 3570 6238 7396 7820
W 688 1728 3105 4938 5978 7355
W 1227 1886 3718 5477 6136 7968
W 418 2302 1836 4668 6552 6086
W 261 3533 1666 4511 7783 5916
W 564 1570 3309 4814 5820 7559
W 1023 3309 1570 5273 7559 5820
W 1557 2826 3965 5807 7076 8215
W 2216 3468 2456 6466 7718 6706
W 126 1546 2854 4376 5796 7104
W 762 1960 2361 5012 6210 6611
W 751 3078 2183 5001 7328 6433
W 338 1963 2360 4588 6213 6610
W 1970 3929 3506 6220 8179 7756
W 4084 271 2354 8334 4521 6604
W 1275 2658 2059 5525 6908 6309
W 440 2920 1478 4690 7170 5728
W 1442 2463 1800 5692 6713 6050
W 944 2491 1846 5194 6741 6096
W 1233 2199 3457 5483 6449 7707
W 875 3871 2348 5125 8121 6598
W 805 2850 3949 5055 7100 8199
W 1010 2122 2877 5260 6372 7127
W 597 1485 3823 4847 5735 8073
W 176 1585 3702 4426 5835 7952
W 1296 3335 1735 5546 7585 5985
W 1206 2113 2886 5456 6363 7136
W 1400 3075 3332 5650 7325 7582
W 917 3825 1479 5167 8075 5729
W 1487 4196 3326 5737 8446 7576
W 251 1848 2336 4501 6098 6586
W 463 2630 3339 4713 6880 7589
W 1045 2840 1894 5295 7090 6144
W 801 3432 1535 5051 7682 5785
W 372 1938 2389 4622 6188 6639
W 358 1797 2344 4608 6047 6594
W 757 2152 1849 5007 6402 6099
W 3965 2826 1007 8215 7076 5257
W 93 1504 2511 4343 5754 6761
W 398 2884 1726 4648 7134 5976
W 234 2183 3317 4484 6433 7567
W 1353 3317 2183 5603 7567 6433
W 1114 2269 3192 5364 6519 7442
W 866 2862 1496 5116 7112 5746
W 258 1496 2862 4508 5746 7112
W 99 100 2152 4349 4350 6402
W 726 1625 2841 4976 5875 7091
W 51 52 2199 4301 4302 6449
W 439 2794 1894 4689 7044 6144
W 1045 1894 2794 5295 6144 7044
W 731 1569 2581 4981 5819 6831
W 938 2818 3815 5188 7068 8065
W 1469 1878 2889 5719 6128 7139
W 1748 2490 3470 5998 6740 7720
W 679 3453 2898 4929 7703 7148
W 523 1503 2534 4773 5753 6784
W 1426 3514 2765 5676 7764 7015
W 397 2726 1481 4647 6976 5731
W 2446 3750 437 6696 8000 4687
W 2070 2949 3832 6320 7199 8082
W 1609 2609 3388 5859 6859 7638
W 1360 3935 1611 5610 8185 5861
W 1497 2421 4166 5747 6671 8416
W 801 2911 1493 5051 7161 5743
W 272 2343 2015 4522 6593 6265
W 1290 2927 1987 5540 7177 6237
W 955 2019 1994 5205 6269 6244
W 672 1994 2019 4922 6244 6269
W 1268 1931 3927 5518 6181 8177
W 788 3832 2347 5038 8082 6597
W 2323 3850 4079 6573 8100 8329
W 415 2129 2339 4665 6379 6589
W 576 1590 2707 4826 5840 6957
W 266 2790 3183 4516 7040 7433
W 2122 4132 2877 6372 8382 7127
W 416 3850 2323 4666 8100 6573
W 1106 1517 4082 5356 5767 8332
W 1877 4167 3983 6127 8417 8233
W 885 2160 1661 5135 6410 5911
W 801 1535 3994 5051 5785 8244
W 1242 1556 3623 5492 5806 7873
W 370 1751 2149 4620 6001 6399
W 1649 2345 3821 5899 6595 8071
W 3821 2345 360 8071 6595 4610
W 720 1923 3973 4970 6173 8223
W 184 3906 1604 4434 8156 5854
W 361 3436 1527 4611 7686 5777
W 4062 2401 813 8312 6651 5063
W 108 109 2174 4358 4359 6424
W 3750 2255 437 8000 6505 4687
W 419 1515 2504 4669 5765 6754
W 828 2519 1509 5078 6769 5759
W 726 1788 3347 4976 6038 7597
W 318 2643 3500 4568 6893 7750
W 352 1498 2581 4602 5748 6831
W 1251 3573 3031 5501 7823 7281
W 359 3663 3324 4609 7913 7574
W 307 3290 1519 4557 7540 5769
W 868 1835 2380 5118 6085 6630
W 434 1502 4021 4684 5752 8271
W 774 2161 3477 5024 6411 7727
W 1298 2891 2021 5548 7141 6271
W 1398 3380 2069 5648 7630 6319
W 812 2376 2849 5062 6626 7099
W 1867 3560 2912 6117 7810 7162
W 1234 1695 3868 5484 5945 8118
W 685 3868 1695 4935 8118 5945
W 473 3475 1972 4723 7725 6222
W 1311 2717 2770 5561 6967 7020
W 712 2083 1780 4962 6333 6030
W 764 1654 2209 5014 5904 6459
W 732 1780 3939 4982 6030 8189
W 675 2653 3110 4925 6903 7360
W 142 2417 3252 4392 6667 7502
W 808 2378 3368 5058 6628 7618
W 925 1777 2918 5175 6027 7168
W 290 1779 2068 4540 6029 6318
W 447 2217 2109 4697 6467 6359
W 2128 3891 3677 6378 8141 7927
W 1564 2076 3038 5814 6326 7288
W 237 1776 2037 4487 6026 6287
W 666 2394 1708 4916 6644 5958
W 597 2471 1667 4847 6721 5917
W 618 3067 1610 4868 7317 5860
W 268 1600 2425 4518 5850 6675
W 343 2977 3761 4593 7227 8011
W 1928 2184 3340 6178 6434 7590
W 824 2620 1501 5074 6870 5751
W 340 1762 3495 4590 6012 7745
W 783 1756 2626 5033 6006 6876
W 1804 3069 3859 6054 7319 8109
W 111 1778 3472 4361 6028 7722
W 681 2714 1745 4931 6964 5995
W 764 1587 3890 5014 5837 8140
W 597 1675 2471 4847 5925 6721
W 804 1794 2659 5054 6044 6909
W 1303 2030 3486 5553 6280 7736
W 800 3486 2030 5050 7736 6280
W 350 1970 3506 4600 6220 7756
W 732 2434 1753 4982 6684 6003
W 1679 2354 3893 5929 6604 8143
W 693 1956 3242 4943 6206 7492
W 1747 2401 4062 5997 6651 8312
W 290 1529 3969 4540 5779 8219
W 824 1501 3492 5074 5751 7742
W 841 2888 1817 5091 7138 6067
W 1076 2297 3028 5326 6547 7278
W 670 1937 2534 4920 6187 6784
W 1204 2209 3657 5454 6459 7907
W 938 3815 2105 5188 8065 6355
W 236 1575 2321 4486 5825 6571
W 3893 2354 740 8143 6604 4990
W 127 2395 1546 4377 6645 5796
W 623 1679 3893 4873 5929 8143
W 1063 2520 2747 5313 6770 6997
W 3890 347 2859 8140 4597 7109
W 1127 3682 2248 5377 7932 6498
W 700 1921 1951 4950 6171 6201
W 69 1635 2652 4319 5885 6902
W 782 1519 3290 5032 5769 7540
W 550 1490 2818 4800 5740 7068
W 834 2672 2690 5084 6922 6940
W 4083 3193 1190 8333 7443 5440
W 323 1915 3508 4573 6165 7758
W 676 1965 2952 4926 6215 7202
W 301 1493 2911 4551 5743 7161
W 863 1976 1881 5113 6226 6131
W 1674 2221 3282 5924 6471 7532
W 782 2104 2338 5032 6354 6588
W 624 2288 1883 4874 6538 6133
W 1067 1883 2288 5317 6133 6538
W 1329 2037 3568 5579 6287 7818
W 412 1512 3180 4662 5762 7430
W 1337 3185 2802 5587 7435 7052
W 930 3785 1563 5180 8035 5813
W 415 3102 1868 4665 7352 6118
W 724 2128 3677 4974 6378 7927
W 563 2753 3834 4813 7003 8084
W 820 2095 1895 5070 6345 6145
W 393 1895 2095 4643 6145 6345
W 1137 2743 2822 5387 6993 7072
W 80 3423 1598 4330 7673 5848
W 642 1882 2087 4892 6132 6337
W 946 2087 1882 5196 6337 6132
W 557 1500 3135 4807 5750 7385
W 583 1524 2548 4833 5774 6798
W 909 2548 1524 5159 6798 5774
W 279 1946 2401 4529 6196 6651
W 767 1998 1861 5017 6248 6111
W 227 1556 2767 4477 5806 7017
W 152 153 2464 4402 4403 6714
W 714 1961 1962 4964 6211 6212
W 886 1962 1961 5136 6212 6211
W 575 1544 2437 4825 5794 6687
W 536 1496 2795 4786 5746 7045
W 383 2297 2326 4633 6547 6576
W 972 2457 1538 5222 6707 5788
W 537 1535 3432 4787 5785 7682
W 261 1525 2584 4511 5775 6834
W 768 2522 1562 5018 6772 5812
W 558 2386 1567 4808 6636 5817
W 76 77 2431 4326 4327 6681
W 578 3087 4072 4828 7337 8322
W 2043 3545 3681 6293 7795 7931
W 452 3171 2274 4702 7421 6524
W 930 2686 3187 5180 6936 7437
W 1640 3557 2538 5890 7807 6788
W 3557 340 2538 7807 4590 6788
W 405 3782 1580 4655 8032 5830
W 445 1622 2254 4695 5872 6504
W 787 2179 2578 5037 6429 6828
W 927 3610 2593 5177 7860 6843
W 816 2622 1618 5066 6872 5868
W 609 3143 1502 4859 7393 5752
W 211 212 2545 4461 4462 6795
W 1534 2307 4245 5784 6557 8495
W 1353 3378 3317 5603 7628 7567
W 3172 2710 630 7422 6960 4880
W 1580 2710 3172 5830 6960 7422
W 667 3568 2037 4917 7818 6287
W 911 3089 1592 5161 7339 5842
W 1219 3984 1663 5469 8234 5913
W 1632 3977 2799 5882 8227 7049
W 734 1647 2786 4984 5897 7036
W 1486 4186 2270 5736 8436 6520
W 1568 2251 3884 5818 6501 8134
W 1295 2442 3219 5545 6692 7469
W 812 2634 1513 5062 6884 5763
W 1066 2456 2182 5316 6706 6432
W 190 191 2870 4440 4441 7120
W 415 3047 3102 4665 7297 7352
W 297 2923 2599 4547 7173 6849
W 578 3342 1529 4828 7592 5779
W 2599 2923 4218 6849 7173 8468
W 1339 4030 1638 5589 8280 5888
W 94 2703 1504 4344 6953 5754
W 695 2509 1752 4945 6759 6002
W 882 2588 1958 5132 6838 6208
W 1462 3187 2686 5712 7437 6936
W 1141 3047 2928 5391 7297 7178
W 1224 2231 3776 5474 6481 8026
W 469 1694 2667 4719 5944 6917
W 893 2667 1694 5143 6917 5944
W 1353 4224 2379 5603 8474 6629
W 720 2231 1646 4970 6481 5896
W 743 2575 1896 4993 6825 6146
W 920 2305 1964 5170 6555 6214
W 658 1964 2305 4908 6214 6555
W 1562 4184 1795 5812 8434 6045
W 130 131 1909 4380 4381 6159
W 343 1505 2977 4593 5755 7227
W 1354 2058 2123 5604 6308 6373
W 1291 2864 1751 5541 7114 6001
W 721 3450 2403 4971 7700 6653
W 13 14 3550 4263 4264 7800
W 437 3398 1511 4687 7648 5761
W 922 2255 2061 5172 6505 6311
W 240 1877 3983 4490 6127 8233
W 747 1813 3014 4997 6063 7264
W 462 1765 3481 4712 6015 7731
W 1161 3481 1765 5411 7731 6015
W 573 1504 2938 4823 5754 7188
W 1058 1727 3652 5308 5977 7902
W 648 4189 1711 4898 8439 5961
W 1654 3890 2859 5904 8140 7109
W 287 3406 1523 4537 7656 5773
W 102 103 1911 4352 4353 6161
W 761 2311 3520 5011 6561 7770
W 1396 2101 3139 5646 6351 7389
W 595 2328 1685 4845 6578 5935
W 3329 1504 573 7579 5754 4823
W 128 129 2370 4378 4379 6620
W 872 2848 1537 5122 7098 5787
W 1869 4194 3499 6119 8444 7749
W 1228 3663 2332 5478 7913 6582
W 1073 1665 3413 5323 5915 7663
W 385 1514 3063 4635 5764 7313
W 592 4225 4211 4842 8475 8461
W 946 1531 3109 5196 5781 7359
W 866 1521 2611 5116 5771 6861
W 893 2713 1657 5143 6963 5907
W 408 1657 2713 4658 5907 6963
W 808 2307 2163 5058 6557 6413
W 592 1971 4225 4842 6221 8475
W 1348 2131 3855 5598 6381 8105
W 1373 3796 1958 5623 8046 6208
W 595 1958 3796 4845 6208 8046
W 650 1686 2735 4900 5936 6985
W 433 2272 1629 4683 6522 5879
W 778 2914 2124 5028 7164 6374
W 343 3761 2390 4593 8011 6640
W 866 2005 2195 5116 6255 6445
W 839 2195 2005 5089 6445 6255
W 3896 2070 2868 8146 6320 7118
W 1991 4163 2725 6241 8413 6975
W 207 208 1856 4457 4458 6106
W 322 3308 1681 4572 7558 5931
W 1065 1681 3308 5315 5931 7558
W 543 1568 3484 4793 5818 7734
W 1038 3484 1568 5288 7734 5818
W 1254 2479 3029 5504 6729 7279
W 807 2055 1990 5057 6305 6240
W 1021 2973 2068 5271 7223 6318
W 723 1760 2426 4973 6010 6676
W 896 1554 2460 5146 5804 6710
W 571 1643 2475 4821 5893 6725
W 80 1598 2801 4330 5848 7051
W 363 1707 2526 4613 5957 6776
W 979 2876 1510 5229 7126 5760
W 1453 4136 2577 5703 8386 6827
W 799 2290 3361 5049 6540 7611
W 1228 3995 1642 5478 8245 5892
W 292 2797 1994 4542 7047 6244
W 345 3480 1549 4595 7730 5799
W 695 1642 2268 4945 5892 6518
W 533 3565 1987 4783 7815 6237
W 1290 1987 3565 5540 6237 7815
W 1163 3404 3032 5413 7654 7282
W 1124 1700 3491 5374 5950 7741
W 615 3491 1700 4865 7741 5950
W 878 1728 2569 5128 5978 6819
W 688 2569 1728 4938 6819 5978
W 842 2440 2293 5092 6690 6543
W 274 2335 1655 4524 6585 5905
W 1543 3399 3690 5793 7649 7940
W 845 2403 1578 5095 6653 5828
W 745 2669 1894 4995 6919 6144
W 513 2257 3770 4763 6507 8020
W 2158 3331 3511 6408 7581 7761
W 865 1841 2118 5115 6091 6368
W 1254 3029 4073 5504 7279 8323
W 638 1880 3700 4888 6130 7950
W 691 2603 1540 4941 6853 5790
W 1738 1805 4121 5988 6055 8371
W 908 2976 1571 5158 7226 5821
W 866 4131 1521 5116 8381 5771
W 1111 1859 3525 5361 6109 7775
W 405 3195 2357 4655 7445 6607
W 37 1537 3267 4287 5787 7517
W 606 3900 1525 4856 8150 5775
W 613 1807 2156 4863 6057 6406
W 60 61 3683 4310 4311 7933
W 775 3606 3510 5025 7856 7760
W 261 3793 2865 4511 8043 7115
W 880 2698 1522 5130 6948 5772
W 570 2101 4197 4820 6351 8447
W 799 3361 3529 5049 7611 7779
W 739 2607 1737 4989 6857 5987
W 1121 2081 2688 5371 6331 6938
W 586 1532 2983 4836 5782 7233
W 428 2388 1705 4678 6638 5955
W 1523 2676 3648 5773 6926 7898
W 948 2017 2656 5198 6267 6906
W 1147 3069 2629 5397 7319 6879
W 160 2162 2852 4410 6412 7102
W 830 1631 2296 5080 5881 6546
W 850 1711 4227 5100 5961 8477
W 455 2661 1860 4705 6911 6110
W 1206 2886 3904 5456 7136 8154
W 2891 2799 4217 7141 7049 8467
W 1158 2731 2498 5408 6981 6748
W 668 1810 2496 4918 6060 6746
W 1363 2858 3963 5613 7108 8213
W 632 3772 2004 4882 8022 6254
W 1049 3287 1538 5299 7537 5788
W 3894 2347 599 8144 6597 4849
W 1653 2347 3894 5903 6597 8144
W 2393 3385 3760 6643 7635 8010
W 941 3786 1742 5191 8036 5992
W 2171 4243 4203 6421 8493 8453
W 736 1774 2867 4986 6024 7117
W 1371 4243 2171 5621 8493 6421
W 1287 3460 3983 5537 7710 8233
W 764 3890 1654 5014 8140 5904
W 739 1698 2812 4989 5948 7062
W 4097 3713 1207 8347 7963 5457
W 1616 4149 2590 5866 8399 6840
W 641 1785 3225 4891 6035 7475
W 1100 3225 1785 5350 7475 6035
W 429 2991 2119 4679 7241 6369
W 1154 2613 2359 5404 6863 6609
W 515 2359 2613 4765 6609 6863
W 62 63 1952 4312 4313 6202
W 398 2245 1692 4648 6495 5942
W 278 2107 2268 4528 6357 6518
W 816 1622 2482 5066 5872 6732
W 445 2482 1622 4695 6732 5872
W 232 2725 1526 4482 6975 5776
W 1620 3440 2140 5870 7690 6390
W 549 4061 1520 4799 8311 5770
W 377 1835 3818 4627 6085 8068
W 1475 2397 3297 5725 6647 7547
W 307 1519 3668 4557 5769 7918
W 819 1522 3261 5069 5772 7511
W 380 1760 3056 4630 6010 7306
W 4100 635 2722 8350 4885 6972
W 1051 3414 1770 5301 7664 6020
W 1381 4031 2384 5631 8281 6634
W 588 1621 3359 4838 5871 7609
W 1377 3241 3295 5627 7491 7545
W 1314 3134 3852 5564 7384 8102
W 916 2799 2891 5166 7049 7141
W 973 2925 1734 5223 7175 5984
W 616 1734 2925 4866 5984 7175
W 525 2765 3514 4775 7015 7764
W 963 2343 2326 5213 6593 6576
W 541 3219 2442 4791 7469 6692
W 491 1633 2857 4741 5883 7107
W 914 2857 1633 5164 7107 5883
W 1711 4189 1772 5961 8439 6022
W 661 3421 1553 4911 7671 5803
W 899 3970 1626 5149 8220 5876
W 114 115 1924 4364 4365 6174
W 575 1650 2493 4825 5900 6743
W 313 2486 1648 4563 6736 5898
W 2060 3193 4083 6310 7443 8333
W 594 3854 1776 4844 8104 6026
W 528 4235 1708 4778 8485 5958
W 1171 2291 3637 5421 6541 7887
W 1328 3947 3113 5578 8197 7363
W 918 2726 1992 5168 6976 6242
W 329 2286 3780 4579 6536 8030
W 1483 2492 3711 5733 6742 7961
W 603 3275 1781 4853 7525 6031
W 946 2683 1531 5196 6933 5781
W 775 1656 4013 5025 5906 8263
W 233 1810 2164 4483 6060 6414
W 1984 3713 4097 6234 7963 8347
W 1349 2085 3977 5599 6335 8227
W 1601 3853 2316 5851 8103 6566
W 577 2316 3853 4827 6566 8103
W 613 1541 3903 4863 5791 8153
W 424 1645 2731 4674 5895 6981
W 282 2070 3896 4532 6320 8146
W 1025 2524 3137 5275 6774 7387
W 972 1538 3728 5222 5788 7978
W 472 2716 2774 4722 6966 7024
W 1727 4177 3652 5977 8427 7902
W 662 1525 2865 4912 5775 7115
W 1462 3776 3973 5712 8026 8223
W 908 1571 3184 5158 5821 7434
W 101 3844 1849 4351 8094 6099
W 348 4201 2448 4598 8451 6698
W 779 2345 1649 5029 6595 5899
W 337 3182 1891 4587 7432 6141
W 901 2851 2602 5151 7101 6852
W 625 2481 1775 4875 6731 6025
W 864 1775 2481 5114 6025 6731
W 759 1879 2505 5009 6129 6755
W 749 1739 2498 4999 5989 6748
W 466 3086 2553 4716 7336 6803
W 1048 2899 2091 5298 7149 6341
W 746 2934 1803 4996 7184 6053
W 607 1588 3653 4857 5838 7903
W 1450 2486 3268 5700 6736 7518
W 979 3268 2486 5229 7518 6736
W 315 2734 1661 4565 6984 5911
W 885 1661 2734 5135 5911 6984
W 712 1913 2083 4962 6163 6333
W 569 4202 2016 4819 8452 6266
W 983 1931 3489 5233 6181 7739
W 2524 3624 3137 6774 7874 7387
W 775 4013 1670 5025 8263 5920
W 756 2178 1757 5006 6428 6007
W 710 2427 1985 4960 6677 6235
W 1640 3234 2214 5890 7484 6464
W 747 3014 1919 4997 7264 6169
W 610 1664 3401 4860 5914 7651
W 902 1536 3174 5152 5786 7424
W 750 3740 1811 5000 7990 6061
W 524 2474 3716 4774 6724 7966
W 917 2651 2374 5167 6901 6624
W 754 2704 1908 5004 6954 6158
W 836 4144 1706 5086 8394 5956
W 536 2115 2005 4786 6365 6255
W 839 2005 2115 5089 6255 6365
W 802 2589 1633 5052 6839 5883
W 853 2816 1542 5103 7066 5792
W 852 3147 1808 5102 7397 6058
W 1395 4016 3595 5645 8266 7845
W 1018 2931 3428 5268 7181 7678
W 779 1649 3958 5029 5899 8208
W 500 2996 2926 4750 7246 7176
W 872 1537 2778 5122 5787 7028
W 259 2805 1664 4509 7055 5914
W 829 3920 1560 5079 8170 5810
W 1380 4017 2100 5630 8267 6350
W 1038 1568 3464 5288 5818 7714
W 933 2574 2769 5183 6824 7019
W 1290 4088 2927 5540 8338 7177
W 721 2272 1858 4971 6522 6108
W 779 3958 1651 5029 8208 5901
W 710 3310 2427 4960 7560 6677
W 550 1530 3137 4800 5780 7387
W 938 2959 1530 5188 7209 5780
W 1123 3294 2830 5373 7544 7080
W 743 1784 2768 4993 6034 7018
W 1005 2583 2032 5255 6833 6282
W 321 2032 2583 4571 6282 6833
W 509 3236 2732 4759 7486 6982
W 1150 3414 2556 5400 7664 6806
W 415 2339 1644 4665 6589 5894
W 963 2326 2297 5213 6576 6547
W 1017 3302 1829 5267 7552 6079
W 670 1944 2771 4920 6194 7021
W 1189 2289 2811 5439 6539 7061
W 475 2811 2289 4725 7061 6539
W 605 3831 1897 4855 8081 6147
W 296 3976 1978 4546 8226 6228
W 1039 2057 4028 5289 6307 8278
W 742 2425 1600 4992 6675 5850
W 253 2363 3431 4503 6613 7681
W 1363 4113 1691 5613 8363 5941
W 888 1617 2400 5138 5867 6650
W 954 1531 4033 5204 5781 8283
W 271 2654 2592 4521 6904 6842
W 1027 3435 1568 5277 7685 5818
W 3185 997 3443 7435 5247 7693
W 771 2132 4001 5021 6382 8251
W 421 3094 2373 4671 7344 6623
W 1082 3145 3098 5332 7395 7348
W 1165 3291 2256 5415 7541 6506
W 999 1641 3201 5249 5891 7451
W 581 3201 1641 4831 7451 5891
W 990 3035 1767 5240 7285 6017
W 3443 997 2495 7693 5247 6745
W 1120 2032 2895 5370 6282 7145
W 321 2895 2032 4571 7145 6282
W 796 1757 3569 5046 6007 7819
W 3481 2764 462 7731 7014 4712
W 1715 2764 3481 5965 7014 7731
W 320 1686 3526 4570 5936 7776
W 1111 3526 1686 5361 7776 5936
W 735 3120 2625 4985 7370 6875
W 404 2094 1998 4654 6344 6248
W 1217 3367 3608 5467 7617 7858
W 1168 2858 3430 5418 7108 7680
W 435 3174 1536 4685 7424 5786
W 742 1600 3706 4992 5850 7956
W 1975 3245 2308 6225 7495 6558
W 878 2569 2278 5128 6819 6528
W 38 39 2295 4288 4289 6545
W 898 1729 2244 5148 5979 6494
W 1082 2062 3145 5332 6312 7395
W 1044 2143 3048 5294 6393 7298
W 194 195 2304 4444 4445 6554
W 1312 3449 1571 5562 7699 5821
W 1814 3277 2310 6064 7527 6560
W 576 3690 3399 4826 7940 7649
W 1005 2680 1845 5255 6930 6095
W 856 2590 4149 5106 6840 8399
W 751 1812 3504 5001 6062 7754
W 381 2220 1752 4631 6470 6002
W 750 1856 3740 5000 6106 7990
W 844 1564 4055 5094 5814 8305
W 1263 3818 1835 5513 8068 6085
W 417 3331 2158 4667 7581 6408
W 1256 3094 3298 5506 7344 7548
W 604 1684 4051 4854 5934 8301
W 589 2837 1583 4839 7087 5833
W 248 2271 2048 4498 6521 6298
W 1144 2995 2234 5394 7245 6484
W 561 1589 4118 4811 5839 8368
W 1887 4100 2722 6137 8350 6972
W 1081 2156 1807 5331 6406 6057
W 260 2565 1675 4510 6815 5925
W 842 1675 2565 5092 5925 6815
W 881 1569 4117 5131 5819 8367
W 573 1683 2986 4823 5933 7236
W 976 2378 2163 5226 6628 6413
W 253 1857 2415 4503 6107 6665
W 2057 2465 4028 6307 6715 8278
W 792 2046 1945 5042 6296 6195
W 643 1587 3640 4893 5837 7890
W 778 2124 2551 5028 6374 6801
W 1230 1776 3854 5480 6026 8104
W 853 1545 2816 5103 5795 7066
W 726 2841 1788 4976 7091 6038
W 421 3298 3094 4671 7548 7344
W 1198 3238 2933 5448 7488 7183
W 821 2018 2051 5071 6268 6301
W 825 2051 2018 5075 6301 6268
W 60 1565 2656 4310 5815 6906
W 897 2201 1830 5147 6451 6080
W 1561 4019 2181 5811 8269 6431
W 266 2181 4019 4516 6431 8269
W 1442 4002 2875 5692 8252 7125
W 967 2038 2084 5217 6288 6334
W 176 2715 1585 4426 6965 5835
W 1068 1898 2699 5318 6148 6949
W 621 2699 1898 4871 6949 6148
W 1045 4214 2840 5295 8464 7090
W 1556 3257 2767 5806 7507 7017
W 948 2656 1565 5198 6906 5815
W 1261 3288 2442 5511 7538 6692
W 1426 2765 3684 5676 7015 7934
W 639 2643 1714 4889 6893 5964
W 292 1994 4132 4542 6244 8382
W 242 2197 2090 4492 6447 6340
W 880 2090 2197 5130 6340 6447
W 819 1578 3714 5069 5828 7964
W 833 3296 1615 5083 7546 5865
W 401 2698 3939 4651 6948 8189
W 170 1571 3449 4420 5821 7699
W 569 3257 1556 4819 7507 5806
W 1042 2665 2438 5292 6915 6688
W 957 2404 2003 5207 6654 6253
W 447 2003 2404 4697 6253 6654
W 1159 2609 2410 5409 6859 6660
W 838 2410 2609 5088 6660 6859
W 436 3502 3574 4686 7752 7824
W 644 2763 1549 4894 7013 5799
W 628 1625 3816 4878 5875 8066
W 775 1670 3606 5025 5920 7856
W 848 2177 1999 5098 6427 6249
W 423 1999 2177 4673 6249 6427
W 747 2702 1813 4997 6952 6063
W 588 3646 1761 4838 7896 6011
W 1318 1991 3354 5568 6241 7604
W 1222 2516 2689 5472 6766 6939
W 873 2689 2516 5123 6939 6766
W 845 2083 1913 5095 6333 6163
W 423 4085 1547 4673 8335 5797
W 751 3504 1841 5001 7754 6091
W 683 3155 2618 4933 7405 6868
W 435 1553 3806 4685 5803 8056
W 972 3777 1558 5222 8027 5808
W 1327 2904 4099 5577 7154 8349
W 769 1714 3738 5019 5964 7988
W 854 2828 1552 5104 7078 5802
W 574 1552 2828 4824 5802 7078
W 696 2220 3551 4946 6470 7801
W 1993 3635 2420 6243 7885 6670
W 893 3341 2667 5143 7591 6917
W 259 1664 2374 4509 5914 6624
W 374 3524 2522 4624 7774 6772
W 1562 2522 3524 5812 6772 7774
W 668 2496 1927 4918 6746 6177
W 1021 2597 2973 5271 6847 7223
W 950 2811 1783 5200 7061 6033
W 475 1783 2811 4725 6033 7061
W 778 3295 2914 5028 7545 7164
W 619 4121 1805 4869 8371 6055
W 278 4010 2107 4528 8260 6357
W 269 2325 1703 4519 6575 5953
W 1249 1942 2783 5499 6192 7033
W 562 1558 4076 4812 5808 8326
W 1117 3472 1778 5367 7722 6028
W 2107 4010 2679 6357 8260 6929
W 1420 2390 2638 5670 6640 6888
W 300 2155 2473 4550 6405 6723
W 620 1562 3904 4870 5812 8154
W 679 1676 2373 4929 5926 6623
W 1077 2088 2089 5327 6338 6339
W 702 2089 2088 4952 6339 6338
W 246 1551 3585 4496 5801 7835
W 236 2653 1575 4486 6903 5825
W 548 3836 1551 4798 8086 5801
W 296 2400 3976 4546 6650 8226
W 1225 2208 1849 5475 6458 6099
W 757 1849 2208 5007 6099 6458
W 1151 3360 1947 5401 7610 6197
W 2202 2340 3811 6452 6590 8061
W 890 2671 3998 5140 6921 8248
W 822 4166 2421 5072 8416 6671
W 1548 1682 3988 5798 5932 8238
W 591 3050 1628 4841 7300 5878
W 426 2832 1927 4676 7082 6177
W 480 3239 2396 4730 7489 6646
W 1451 2681 3073 5701 6931 7323
W 381 3073 2681 4631 7323 6931
W 95 96 2539 4345 4346 6789
W 170 3184 1571 4420 7434 5821
W 425 1668 3592 4675 5918 7842
W 1108 3592 1668 5358 7842 5918
W 1055 1969 2562 5305 6219 6812
W 806 1990 2055 5056 6240 6305
W 769 2764 1715 5019 7014 5965
W 2646 3329 3819 6896 7579 8069
W 269 1589 3889 4519 5839 8139
W 1259 2534 1937 5509 6784 6187
W 1105 2792 1566 5355 7042 5816
W 802 1633 2480 5052 5883 6730
W 491 2480 1633 4741 6730 5883
W 1077 3619 1601 5327 7869 5851
W 1270 4091 2523 5520 8341 6773
W 1024 2254 1792 5274 6504 6042
W 1367 2504 3804 5617 6754 8054
W 1147 1628 3783 5397 5878 8033
W 418 2612 2302 4668 6862 6552
W 415 1868 3323 4665 6118 7573
W 592 2956 1555 4842 7206 5805
W 399 2666 1861 4649 6916 6111
W 753 2326 2343 5003 6576 6593
W 1113 3329 2646 5363 7579 6896
W 881 2887 1569 5131 7137 5819
W 1363 3448 1582 5613 7698 5832
W 163 2627 1641 4413 6877 5891
W 881 2845 1575 5131 7095 5825
W 1200 3400 3059 5450 7650 7309
W 429 3435 2991 4679 7685 7241
W 287 2445 2462 4537 6695 6712
W 1368 3880 2644 5618 8130 6894
W 255 3139 1560 4505 7389 5810
W 558 1567 3330 4808 5817 7580
W 8 9 3647 4258 4259 7897
W 915 1826 2540 5165 6076 6790
W 1133 2435 3480 5383 6685 7730
W 271 2072 2654 4521 6322 6904
W 907 2980 1591 5157 7230 5841
W 1076 1763 2564 5326 6013 6814
W 333 2123 1926 4583 6373 6176
W 904 1842 2222 5154 6092 6472
W 636 2222 1842 4886 6472 6092
W 55 2614 2830 4305 6864 7080
W 1245 2742 3833 5495 6992 8083
W 824 2632 2167 5074 6882 6417
W 1148 1820 2507 5398 6070 6757
W 657 1564 3038 4907 5814 7288
W 1894 2840 3962 6144 7090 8212
W 804 3911 1794 5054 8161 6044
W 357 3717 2077 4607 7967 6327
W 451 3461 2867 4701 7711 7117
W 349 1818 2201 4599 6068 6451
W 451 1774 2551 4701 6024 6801
W 859 1862 2518 5109 6112 6768
W 985 2780 3892 5235 7030 8142
W 809 1705 2357 5059 5955 6607
W 1212 4221 1851 5462 8471 6101
W 610 3401 3704 4860 7651 7954
W 770 1950 3008 5020 6200 7258
W 463 2683 1882 4713 6933 6132
W 946 1882 2683 5196 6132 6933
W 1559 4174 2118 5809 8424 6368
W 611 2118 4174 4861 6368 8424
W 1227 3311 1995 5477 7561 6245
W 548 1995 3311 4798 6245 7561
W 422 2241 2150 4672 6491 6400
W 584 3642 1595 4834 7892 5845
W 1267 2140 3902 5517 6390 8152
W 1091 3982 2759 5341 8232 7009
W 697 1690 2944 4947 5940 7194
W 774 3385 2393 5024 7635 6643
W 777 3753 1840 5027 8003 6090
W 1030 1833 2586 5280 6083 6836
W 1051 1741 2294 5301 5991 6544
W 1163 3032 3204 5413 7282 7454
W 360 2345 2338 4610 6595 6588
W 1027 2338 2345 5277 6588 6595
W 269 2772 1589 4519 7022 5839
W 1042 3178 3278 5292 7428 7528
W 485 2510 3071 4735 6760 7321
W 308 3004 2331 4558 7254 6581
W 292 2122 1925 4542 6372 6175
W 1499 2753 2050 5749 7003 6300
W 1325 3431 2363 5575 7681 6613
W 836 1816 4144 5086 6066 8394
W 942 3173 1585 5192 7423 5835
W 478 2145 2756 4728 6395 7006
W 1094 2756 2145 5344 7006 6395
W 1239 3801 3110 5489 8051 7360
W 580 1576 3286 4830 5826 7536
W 783 1668 2924 5033 5918 7174
W 726 3347 4054 4976 7597 8304
W 991 2475 1643 5241 6725 5893
W 1664 2805 3401 5914 7055 7651
W 3401 2805 752 7651 7055 5002
W 265 2261 4043 4515 6511 8293
W 1510 3992 3268 5760 8242 7518
W 783 2416 1756 5033 6666 6006
W 514 1673 3912 4764 5923 8162
W 1142 2789 3379 5392 7039 7629
W 629 3164 1572 4879 7414 5822
W 1093 1634 3999 5343 5884 8249
W 1292 2730 1804 5542 6980 6054
W 1083 3095 3833 5333 7345 8083
W 2789 3968 3379 7039 8218 7629
W 159 160 2852 4409 4410 7102
W 1095 2311 2310 5345 6561 6560
W 761 2310 2311 5011 6560 6561
W 204 205 2247 4454 4455 6497
W 589 1583 3915 4839 5833 8165
W 890 3998 2775 5140 8248 7025
W 363 2470 1704 4613 6720 5954
W 767 2666 2068 5017 6916 6318
W 1021 2068 2666 5271 6318 6916
W 1014 2301 2693 5264 6551 6943
W 1247 2002 3593 5497 6252 7843
W 152 2464 2909 4402 6714 7159
W 563 3026 2753 4813 7276 7003
W 1471 2753 3026 5721 7003 7276
W 1531 3097 4003 5781 7347 8253
W 1220 3292 3905 5470 7542 8155
W 994 2509 2268 5244 6759 6518
W 552 3316 2571 4802 7566 6821
W 373 2819 1667 4623 7069 5917
W 1742 3786 2525 5992 8036 6775
W 1476 3510 3606 5726 7760 7856
W 2374 2651 3961 6624 6901 8211
W 942 1585 2715 5192 5835 6965
W 590 3336 1658 4840 7586 5908
W 750 1705 2388 5000 5955 6638
W 277 2312 2114 4527 6562 6364
W 1188 1680 4108 5438 5930 8358
W 759 1596 3323 5009 5846 7573
W 1601 2316 3754 5851 6566 8004
W 375 1577 3023 4625 5827 7273
W 676 2617 1778 4926 6867 6028
W 1117 1778 2617 5367 6028 6867
W 504 1823 2957 4754 6073 7207
W 1009 2957 1823 5259 7207 6073
W 616 1866 3210 4866 6116 7460
W 1104 3210 1866 5354 7460 6116
W 334 2639 3757 4584 6889 8007
W 881 1575 3830 5131 5825 8080
W 328 2102 3315 4578 6352 7565
W 655 2352 1730 4905 6602 5980
W 804 2659 2182 5054 6909 6432
W 279 2401 1747 4529 6651 5997
W 37 38 2778 4287 4288 7028
W 1540 2603 3942 5790 6853 8192
W 427 1698 2414 4677 5948 6664
W 632 1639 3772 4882 5889 8022
W 924 2493 1650 5174 6743 5900
W 185 3650 3906 4435 7900 8156
W 1074 1854 2532 5324 6104 6782
W 430 2532 1854 4680 6782 6104
W 380 2426 1760 4630 6676 6010
W 451 2137 3461 4701 6387 7711
W 682 3561 1606 4932 7811 5856
W 665 2741 1600 4915 6991 5850
W 500 1706 3003 4750 5956 7253
W 560 2848 1577 4810 7098 5827
W 1251 3200 2226 5501 7450 6476
W 442 2226 3200 4692 6476 7450
W 701 3087 2839 4951 7337 7089
W 1529 2839 3087 5779 7089 7337
W 630 1791 4064 4880 6041 8314
W 623 1574 3913 4873 5824 8163
W 239 1646 3791 4489 5896 8041
W 765 2109 1978 5015 6359 6228
W 764 2740 1587 5014 6990 5837
W 698 1863 2259 4948 6113 6509
W 818 2312 3930 5068 6562 8180
W 1281 3327 2290 5531 7577 6540
W 842 2471 1675 5092 6721 5925
W 874 2298 2637 5124 6548 6887
W 1127 2637 2298 5377 6887 6548
W 1296 1735 4238 5546 5985 8488
W 839 4238 1735 5089 8488 5985
W 1022 2952 1965 5272 7202 6215
W 273 1976 3644 4523 6226 7894
W 783 2561 1668 5033 6811 5918
W 82 83 1989 4332 4333 6239
W 791 4193 2061 5041 8443 6311
W 1105 2173 2792 5355 6423 7042
W 758 2792 2173 5008 7042 6423
W 474 2451 1862 4724 6701 6112
W 1958 2588 4075 6208 6838 8325
W 49 50 2560 4299 4300 6810
W 1147 1807 3745 5397 6057 7995
W 281 2566 1795 4531 6816 6045
W 916 3106 1632 5166 7356 5882
W 524 3944 2474 4774 8194 6724
W 625 3448 3963 4875 7698 8213
W 770 3420 1828 5020 7670 6078
W 567 1607 3535 4817 5857 7785
W 1070 3546 3165 5320 7796 7415
W 1258 2309 4155 5508 6559 8405
W 150 3256 3477 4400 7506 7727
W 422 3168 3427 4672 7418 7677
W 725 2084 2038 4975 6334 6288
W 1536 2897 2103 5786 7147 6353
W 830 4101 1631 5080 8351 5881
W 982 1583 2837 5232 5833 7087
W 757 3080 1802 5007 7330 6052
W 383 2326 1867 4633 6576 6117
W 959 2728 2306 5209 6978 6556
W 230 3044 2355 4480 7294 6605
W 1261 2355 3044 5511 6605 7294
W 1520 4061 2151 5770 8311 6401
W 903 2151 4061 5153 6401 8311
W 1582 3448 1775 5832 7698 6025
W 424 3413 1665 4674 7663 5915
W 1212 3252 2417 5462 7502 6667
W 364 2793 1865 4614 7043 6115
W 86 3628 1632 4336 7878 5882
W 777 1924 3753 5027 6174 8003
W 608 2978 4113 4858 7228 8363
W 541 2442 3288 4791 6692 7538
W 1946 4205 2401 6196 8455 6651
W 408 2658 1657 4658 6908 5907
W 830 1704 2446 5080 5954 6696
W 1225 1849 3844 5475 6099 8094
W 1539 4072 3087 5789 8322 7337
W 909 3687 3847 5159 7937 8097
W 974 3136 1702 5224 7386 5952
W 409 1702 3136 4659 5952 7386
W 1214 1595 3358 5464 5845 7608
W 689 1740 3281 4939 5990 7531
W 1043 3281 1740 5293 7531 5990
W 1458 1866 2925 5708 6116 7175
W 365 2616 1623 4615 6866 5873
W 645 1790 2587 4895 6040 6837
W 382 1886 3693 4632 6136 7943
W 1227 3693 1886 5477 7943 6136
W 1150 2193 3259 5400 6443 7509
W 1148 1761 3646 5398 6011 7896
W 979 3280 4192 5229 7530 8442
W 342 2762 2917 4592 7012 7167
W 1405 2917 2762 5655 7167 7012
W 576 2863 1590 4826 7113 5840
W 861 1590 2863 5111 5840 7113
W 732 2096 2434 4982 6346 6684
W 286 2439 2034 4536 6689 6284
W 919 2034 2439 5169 6284 6689
W 1469 3462 1899 5719 7712 6149
W 344 1625 2601 4594 5875 6851
W 293 2736 3016 4543 6986 7266
W 698 2259 1889 4948 6509 6139
W 1126 1848 3333 5376 6098 7583
W 251 3333 1848 4501 7583 6098
W 1088 4148 3164 5338 8398 7414
W 1222 2689 3949 5472 6939 8199
W 284 1968 2383 4534 6218 6633
W 24 3408 1785 4274 7658 6035
W 1126 3099 3300 5376 7349 7550
W 480 2385 3239 4730 6635 7489
W 1305 4005 4191 5555 8255 8441
W 332 1876 3981 4582 6126 8231
W 1310 3981 1876 5560 8231 6126
W 973 2767 3257 5223 7017 7507
W 74 2701 1693 4324 6951 5943
W 1029 2604 2648 5279 6854 6898
W 935 3016 1584 5185 7266 5834
W 1065 2630 1681 5315 6880 5931
W 626 2360 3130 4876 6610 7380
W 1593 4165 2227 5843 8415 6477
W 267 2227 4165 4517 6477 8415
W 770 1857 3420 5020 6107 7670
W 665 3545 2043 4915 7795 6293
W 803 1999 2322 5053 6249 6572
W 1121 1718 3723 5371 5968 7973
W 3091 962 3773 7341 5212 8023
W 280 1808 2557 4530 6058 6807
W 776 1687 2668 5026 5937 6918
W 561 3212 1589 4811 7462 5839
W 26 2754 1607 4276 7004 5857
W 1088 2333 4148 5338 6583 8398
W 1671 3132 3151 5921 7382 7401
W 1178 2364 3751 5428 6614 8001
W 833 1615 2677 5083 5865 6927
W 1414 2423 4080 5664 6673 8330
W 1268 3741 1931 5518 7991 6181
W 291 1931 3741 4541 6181 7991
W 196 2831 3575 4446 7081 7825
W 342 2944 1690 4592 7194 5940
W 826 2465 3990 5076 6715 8240
W 1546 3309 2854 5796 7559 7104
W 1402 3531 2755 5652 7781 7005
W 1464 3938 2836 5714 8188 7086
W 356 3994 3019 4606 8244 7269
W 1095 2721 2228 5345 6971 6478
W 703 2228 2721 4953 6478 6971
W 1093 3672 1634 5343 7922 5884
W 363 1900 2205 4613 6150 6455
W 939 3993 1588 5189 8243 5838
W 142 143 2417 4392 4393 6667
W 603 3918 3627 4853 8168 7877
W 704 2319 1847 4954 6569 6097
W 1375 2092 3796 5625 6342 8046
W 595 3796 2092 4845 8046 6342
W 406 2039 3265 4656 6289 7515
W 932 2801 1598 5182 7051 5848
W 3773 962 2408 8023 5212 6658
W 1770 3414 3870 6020 7664 8120
W 261 1666 3793 4511 5916 8043
W 501 3947 2154 4751 8197 6404
W 379 2279 3402 4629 6529 7652
W 702 2088 2737 4952 6338 6987
W 2081 3497 2688 6331 7747 6938
W 2293 2440 3881 6543 6690 8131
W 1147 3783 1807 5397 8033 6057
W 330 1947 3360 4580 6197 7610
W 657 1831 3394 4907 6081 7644
W 545 3977 2085 4795 8227 6335
W 907 1591 2909 5157 5841 7159
W 426 3217 1597 4676 7467 5847
W 565 3931 3141 4815 8181 7391
W 878 3083 1594 5128 7333 5844
W 1334 3789 2075 5584 8039 6325
W 553 4082 3011 4803 8332 7261
W 1352 2252 3501 5602 6502 7751
W 518 3501 2252 4768 7751 6502
W 40 41 2075 4290 4291 6325
W 1099 2098 3288 5349 6348 7538
W 852 2570 1662 5102 6820 5912
W 317 3885 3282 4567 8135 7532
W 151 1591 3256 4401 5841 7506
W 180 4058 1594 4430 8308 5844
W 590 1594 3083 4840 5844 7333
W 932 1598 3151 5182 5848 7401
W 735 1836 2302 4985 6086 6552
W 1128 1659 3757 5378 5909 8007
W 787 1896 2635 5037 6146 6885
W 224 2985 3687 4474 7235 7937
W 470 1744 2521 4720 5994 6771
W 1711 2149 4227 5961 6399 8477
W 1086 1903 2233 5336 6153 6483
W 1730 3469 2499 5980 7719 6749
W 769 3738 3922 5019 7988 8172
W 259 2951 2805 4509 7201 7055
W 1004 3295 3241 5254 7545 7491
W 353 1893 2927 4603 6143 7177
W 193 3795 1672 4443 8045 5922
W 467 1613 3434 4717 5863 7684
W 854 2652 1635 5104 6902 5885
W 1166 3289 2802 5416 7539 7052
W 877 2333 2367 5127 6583 6617
W 975 2813 3158 5225 7063 7408
W 702 2737 1620 4952 6987 5870
W 1057 1609 3388 5307 5859 7638
W 238 2704 1901 4488 6954 6151
W 1108 1901 2704 5358 6151 6954
W 583 2548 1682 4833 6798 5932
W 719 1596 3015 4969 5846 7265
W 1283 2014 4105 5533 6264 8355
W 964 2370 2532 5214 6620 6782
W 1074 2532 2370 5324 6782 6620
W 450 2784 1846 4700 7034 6096
W 944 1846 2784 5194 6096 7034
W 258 1775 3142 4508 6025 7392
W 753 2343 1789 5003 6593 6039
W 154 155 2100 4404 4405 6350
W 695 2268 2509 4945 6518 6759
W 435 3869 1723 4685 8119 5973
W 587 1597 3051 4837 5847 7301
W 440 2665 1954 4690 6915 6204
W 722 1900 2296 4972 6150 6546
W 830 2296 1900 5080 6546 6150
W 1217 3608 2249 5467 7858 6499
W 672 2123 2058 4922 6373 6308
W 617 4062 1707 4867 8312 5957
W 1517 3598 2283 5767 7848 6533
W 1103 2879 2905 5353 7129 7155
W 182 1728 2685 4432 5978 6935
W 963 1603 3312 5213 5853 7562
W 669 3312 1603 4919 7562 5853
W 2129 3603 2339 6379 7853 6589
W 834 3791 1646 5084 8041 5896
W 820 1895 2241 5070 6145 6491
W 899 2344 1797 5149 6594 6047
W 274 2233 1903 4524 6483 6153
W 1407 1952 3948 5657 6202 8198
W 256 1710 3986 4506 5960 8236
W 736 2961 1865 4986 7211 6115
W 229 3373 3623 4479 7623 7873
W 594 1776 4068 4844 6026 8318
W 45 1615 3307 4295 5865 7557
W 1122 3734 1663 5372 7984 5913
W 458 1663 3734 4708 5913 7984
W 696 3487 2760 4946 7737 7010
W 768 1795 2566 5018 6045 6816
W 1221 3574 3502 5471 7824 7752
W 936 2119 2148 5186 6369 6398
W 436 2460 1887 4686 6710 6137
W 269 1703 2520 4519 5953 6770
W 1264 3254 3211 5514 7504 7461
W 1719 3714 2700 5969 7964 6950
W 3714 276 2700 7964 4526 6950
W 878 4058 2685 5128 8308 6935
W 1223 1897 3831 5473 6147 8081
W 2385 3810 3239 6635 8060 7489
W 281 1756 2416 4531 6006 6666
W 1839 2595 3407 6089 6845 7657
W 741 2194 1980 4991 6444 6230
W 2547 3923 3176 6797 8173 7426
W 1331 3780 2286 5581 8030 6536
W 390 3076 3345 4640 7326 7595
W 1137 2822 1949 5387 7072 6199
W 491 2062 2910 4741 6312 7160
W 1082 2910 2062 5332 7160 6312
W 1055 2547 3176 5305 6797 7426
W 826 2664 1823 5076 6914 6073
W 705 3591 2264 4955 7841 6514
W 1385 2264 3591 5635 6514 7841
W 579 2440 3984 4829 6690 8234
W 1663 3984 2440 5913 8234 6690
W 1613 3627 3918 5863 7877 8168
W 707 3926 1703 4957 8176 5953
W 416 1733 3569 4666 5983 7819
W 409 3136 3111 4659 7386 7361
W 796 1733 2886 5046 5983 7136
W 597 2962 1675 4847 7212 5925
W 1214 3358 2849 5464 7608 7099
W 267 2277 3082 4517 6527 7332
W 609 2144 3143 4859 6394 7393
W 1185 3143 2144 5435 7393 6394
W 614 2494 1718 4864 6744 5968
W 585 1614 3351 4835 5864 7601
W 955 1994 2797 5205 6244 7047
W 1733 3532 2886 5983 7782 7136
W 3532 620 2886 7782 4870 7136
W 287 2462 2011 4537 6712 6261
W 17 18 2324 4267 4268 6574
W 1485 1667 3922 5735 5917 8172
W 380 4112 2358 4630 8362 6608
W 254 1621 3638 4504 5871 7888
W 915 2946 2359 5165 7196 6609
W 1108 3599 1901 5358 7849 6151
W 434 2541 2193 4684 6791 6443
W 997 2193 2541 5247 6443 6791
W 249 1763 3874 4499 6013 8124
W 834 1889 2259 5084 6139 6509
W 130 1909 3283 4380 6159 7533
W 789 2759 1861 5039 7009 6111
W 1693 2701 3674 5943 6951 7924
W 3674 2701 899 7924 6951 5149
W 361 1602 3112 4611 5852 7362
W 349 2454 1738 4599 6704 5988
W 503 3194 2477 4753 7444 6727
W 844 3772 1639 5094 8022 5889
W 295 3388 2609 4545 7638 6859
W 1226 3286 2190 5476 7536 6440
W 402 1671 3220 4652 5921 7470
W 962 3220 1671 5212 7470 5921
W 449 2228 2519 4699 6478 6769
W 785 1911 3732 5035 6161 7982
W 278 1642 3198 4528 5892 7448
W 218 219 2074 4468 4469 6324
W 1851 4221 2682 6101 8471 6932
W 415 3323 2129 4665 7573 6379
W 941 3012 3786 5191 7262 8036
W 1706 4197 3003 5956 8447 7253
W 232 1757 2804 4482 6007 7054
W 978 2159 2127 5228 6409 6377
W 102 1911 3844 4352 6161 8094
W 1100 1785 3408 5350 6035 7658
W 760 3359 1621 5010 7609 5871
W 1079 2506 3862 5329 6756 8112
W 1280 3307 1615 5530 7557 5865
W 430 1608 4130 4680 5858 8380
W 803 2192 1999 5053 6442 6249
W 1139 3403 2436 5389 7653 6686
W 1041 1892 2266 5291 6142 6516
W 493 2443 3673 4743 6693 7923
W 705 2050 2753 4955 6300 7003
W 1192 2986 2502 5442 7236 6752
W 790 2981 1966 5040 7231 6216
W 645 2587 1871 4895 6837 6121
W 903 2258 2517 5153 6508 6767
W 1016 2517 2258 5266 6767 6508
W 216 2424 2091 4466 6674 6341
W 657 3394 1893 4907 7644 6143
W 1604 3906 3650 5854 8156 7900
W 746 1803 3009 4996 6053 7259
W 589 1721 2837 4839 5971 7087
W 900 2602 1951 5150 6852 6201
W 231 3075 2024 4481 7325 6274
W 1330 1826 2843 5580 6076 7093
W 884 2177 2318 5134 6427 6568
W 806 3189 2211 5056 7439 6461
W 765 3976 1617 5015 8226 5867
W 818 2523 2126 5068 6773 6376
W 644 1622 4006 4894 5872 8256
W 232 2785 1757 4482 7035 6007
W 786 1808 2365 5036 6058 6615
W 536 3229 2115 4786 7479 6365
W 1194 2115 3229 5444 6365 7479
W 788 3441 1981 5038 7691 6231
W 932 3151 3132 5182 7401 7382
W 1060 3317 3378 5310 7567 7628
W 86 1632 3106 4336 5882 7356
W 1180 2839 2973 5430 7089 7223
W 785 3732 1933 5035 7982 6183
W 428 1705 3422 4678 5955 7672
W 1826 4181 2540 6076 8431 6790
W 1040 2212 2213 5290 6462 6463
W 748 2213 2212 4998 6463 6462
W 1492 2030 3243 5742 6280 7493
W 1040 2709 2155 5290 6959 6405
W 686 2155 2709 4936 6405 6959
W 1511 2243 3437 5761 6493 7687
W 953 3228 1648 5203 7478 5898
W 313 1648 3228 4563 5898 7478
W 612 3567 2145 4862 7817 6395
W 717 2277 1885 4967 6527 6135
W 600 3030 1689 4850 7280 5939
W 931 1689 3030 5181 5939 7280
W 1187 2575 3183 5437 6825 7433
W 855 3684 2765 5105 7934 7015
W 1540 1738 4121 5790 5988 8371
W 1432 2261 2893 5682 6511 7143
W 1178 3387 3584 5428 7637 7834
W 7 8 2223 4257 4258 6473
W 344 2841 1625 4594 7091 5875
W 173 174 2066 4423 4424 6316
W 960 2729 3636 5210 6979 7886
W 1432 4043 2261 5682 8293 6511
W 885 2733 3731 5135 6983 7981
W 319 2463 2022 4569 6713 6272
W 906 2022 2463 5156 6272 6713
W 733 4098 2697 4983 8348 6947
W 914 1633 3455 5164 5883 7705
W 310 1619 2999 4560 5869 7249
W 934 2263 2513 5184 6513 6763
W 682 2782 3774 4932 7032 8024
W 843 2807 1653 5093 7057 5903
W 654 2883 1754 4904 7133 6004
W 919 1754 2883 5169 6004 7133
W 738 2692 2218 4988 6942 6468
W 3084 3979 1187 7334 8229 5437
W 339 3156 2349 4589 7406 6599
W 988 2341 3694 5238 6591 7944
W 402 3132 1671 4652 7382 5921
W 964 4130 2921 5214 8380 7171
W 454 1620 3505 4704 5870 7755
W 877 2367 2203 5127 6617 6453
W 1018 3428 1684 5268 7678 5934
W 588 1761 3708 4838 6011 7958
W 526 3701 3017 4776 7951 7267
W 816 2965 1622 5066 7215 5872
W 617 1747 4062 4867 5997 8312
W 653 3713 1984 4903 7963 6234
W 239 2498 1739 4489 6748 5989
W 995 1634 2832 5245 5884 7082
W 1891 3182 4109 6141 7432 8359
W 984 1850 3134 5234 6100 7384
W 1333 2414 4185 5583 6664 8435
W 819 3714 1719 5069 7964 5969
W 636 1630 3400 4886 5880 7650
W 1111 1686 2661 5361 5936 6911
W 1306 3350 2319 5556 7600 6569
W 336 2319 3350 4586 6569 7600
W 1371 2695 1832 5621 6945 6082
W 304 3784 3337 4554 8034 7587
W 1232 1731 4049 5482 5981 8299
W 452 2786 1647 4702 7036 5897
W 746 2257 2934 4996 6507 7184
W 995 2846 1634 5245 7096 5884
W 896 2391 2217 5146 6641 6467
W 1167 2350 2847 5417 6600 7097
W 279 2847 2350 4529 7097 6600
W 286 2034 3685 4536 6284 7935
W 1279 3685 2034 5529 7935 6284
W 334 2919 1627 4584 7169 5877
W 1178 3584 2141 5428 7834 6391
W 603 3627 1719 4853 7877 5969
W 1070 1860 2335 5320 6110 6585
W 856 2736 2590 5106 6986 6840
W 1219 2590 2736 5469 6840 6986
W 1120 2385 2649 5370 6635 6899
W 480 2649 2385 4730 6899 6635
W 512 4026 1850 4762 8276 6100
W 1283 1850 4026 5533 6100 8276
W 502 4139 3162 4752 8389 7412
W 639 1917 2643 4889 6167 6893
W 779 2148 2119 5029 6398 6369
W 246 4193 2972 4496 8443 7222
W 298 3279 1720 4548 7529 5970
W 1003 1720 3279 5253 5970 7529
W 1267 4124 2140 5517 8374 6390
W 1508 3242 1956 5758 7492 6206
W 3979 2575 1187 8229 6825 5437
W 627 1636 3410 4877 5886 7660
W 424 1665 2744 4674 5915 6994
W 1399 3797 4247 5649 8047 8497
W 2128 2204 3680 6378 6454 7930
W 986 2443 2285 5236 6693 6535
W 493 2285 2443 4743 6535 6693
W 598 3274 1626 4848 7524 5876
W 494 2822 2743 4744 7072 6993
W 883 2219 2387 5133 6469 6637
W 369 1653 2807 4619 5903 7057
W 795 1712 2600 5045 5962 6850
W 76 1626 3970 4326 5876 8220
W 1108 1668 3599 5358 5918 7849
W 623 2705 1679 4873 6955 5929
W 1163 2415 3404 5413 6665 7654
W 965 1624 3086 5215 5874 7336
W 1396 3003 4197 5646 7253 8447
W 1757 2178 3569 6007 6428 7819
W 965 3163 1624 5215 7413 5874
W 633 2966 1629 4883 7216 5879
W 933 2769 1863 5183 7019 6113
W 239 1863 2769 4489 6113 7019
W 634 3595 2234 4884 7845 6484
W 899 1626 3274 5149 5876 7524
W 1024 2868 3901 5274 7118 8151
W 949 2185 3107 5199 6435 7357
W 1159 2410 2025 5409 6660 6275
W 584 2025 2410 4834 6275 6660
W 366 4099 1740 4616 8349 5990
W 1523 3406 2676 5773 7656 6926
W 958 2676 3406 5208 6926 7656
W 268 3827 1631 4518 8077 5881
W 1132 3438 1869 5382 7688 6119
W 284 1869 3438 4534 6119 7688
W 404 3276 2094 4654 7526 6344
W 238 1651 2823 4488 5901 7073
W 1726 2884 3847 5976 7134 8097
W 824 3492 1709 5074 7742 5959
W 1153 2708 2429 5403 6958 6679
W 892 2429 2708 5142 6679 6958
W 418 3093 1717 4668 7343 5967
W 945 1717 3093 5195 5967 7343
W 1324 4132 1994 5574 8382 6244
W 762 2127 2159 5012 6377 6409
W 706 2175 3581 4956 6425 7831
W 319 1800 2463 4569 6050 6713
W 894 3582 1696 5144 7832 5946
W 963 2015 2343 5213 6265 6593
W 2104 3616 2338 6354 7866 6588
W 1124 3651 1700 5374 7901 5950
W 457 3147 1662 4707 7397 5912
W 887 2500 1762 5137 6750 6012
W 497 2041 2827 4747 6291 7077
W 1119 2827 2041 5369 7077 6291
W 1192 3819 2986 5442 8069 7236
W 1250 2751 2657 5500 7001 6907
W 969 2657 2751 5219 6907 7001
W 824 1709 2632 5074 5959 6882
W 1164 1630 3082 5414 5880 7332
W 755 2386 1953 5005 6636 6203
W 251 3991 3333 4501 8241 7583
W 280 1700 2675 4530 5950 6925
W 1808 3147 2365 6058 7397 6615
W 493 2869 3656 4743 7119 7906
W 398 1682 2884 4648 5932 7134
W 808 1906 2307 5058 6156 6557
W 1144 3681 3545 5394 7931 7795
W 1438 3477 3256 5688 7727 7506
W 994 2268 2107 5244 6518 6357
W 146 147 2657 4396 4397 6907
W 1289 2448 3415 5539 6698 7665
W 887 3557 1640 5137 7807 5890
W 359 1677 2760 4609 5927 7010
W 704 3294 2319 4954 7544 6569
W 192 1672 3270 4442 5922 7520
W 452 1647 2907 4702 5897 7157
W 1206 3335 2113 5456 7585 6363
W 506 2113 3335 4756 6363 7585
W 812 3960 2198 5062 8210 6448
W 693 1652 3446 4943 5902 7696
W 1059 1788 3625 5309 6038 7875
W 1659 2317 3165 5909 6567 7415
W 1275 2687 3397 5525 6937 7647
W 391 1650 3266 4641 5900 7516
W 479 2761 3347 4729 7011 7597
W 771 2011 2462 5021 6261 6712
W 1346 3178 2097 5596 7428 6347
W 104 3007 1933 4354 7257 6183
W 260 1675 3790 4510 5925 8040
W 993 1672 3381 5243 5922 7631
W 797 2383 1968 5047 6633 6218
W 893 1694 2713 5143 5944 6963
W 991 1643 3985 5241 5893 8235
W 1071 3673 1637 5321 7923 5887
W 1148 3719 1761 5398 7969 6011
W 357 1761 3719 4607 6011 7969
W 365 3548 2616 4615 7798 6866
W 138 139 2112 4388 4389 6362
W 655 1730 3272 4905 5980 7522
W 996 3272 1730 5246 7522 5980
W 114 1924 3088 4364 6174 7338
W 350 3572 1970 4600 7822 6220
W 1205 1970 3572 5455 6220 7822
W 895 1683 2938 5145 5933 7188
W 573 2938 1683 4823 7188 5933
W 701 3234 1640 4951 7484 5890
W 477 2619 2693 4727 6869 6943
W 269 1716 2772 4519 5966 7022
W 1401 3383 2270 5651 7633 6520
W 1230 3402 2279 5480 7652 6529
W 807 3167 2055 5057 7417 6305
W 384 2262 2950 4634 6512 7200
W 390 1923 3076 4640 6173 7326
W 595 2092 2328 4845 6342 6578
W 288 3660 1897 4538 7910 6147
W 411 1945 2515 4661 6195 6765
W 304 2318 1919 4554 6568 6169
W 286 2608 2439 4536 6858 6689
W 1118 2439 2608 5368 6689 6858
W 800 2030 4043 5050 6280 8293
W 422 3427 2241 4672 7677 6491
W 406 2975 2039 4656 7225 6289
W 806 2423 3189 5056 6673 7439
W 1410 3020 1888 5660 7270 6138
W 477 1888 3020 4727 6138 7270
W 581 1641 3379 4831 5891 7629
W 369 3441 1653 4619 7691 5903
W 430 2006 2419 4680 6256 6669
W 896 2460 2391 5146 6710 6641
W 910 2810 1790 5160 7060 6040
W 412 1790 2810 4662 6040 7060
W 575 2980 1650 4825 7230 5900
W 571 3173 1643 4821 7423 5893
W 1322 2074 2982 5572 6324 7232
W 1258 2864 2990 5508 7114 7240
W 847 2834 1696 5097 7084 5946
W 415 1644 3047 4665 5894 7297
W 1182 2659 1794 5432 6909 6044
W 376 2491 2505 4626 6741 6755
W 1080 1821 3558 5330 6071 7808
W 53 54 2121 4303 4304 6371
W 637 1797 2468 4887 6047 6718
W 1450 3763 1941 5700 8013 6191
W 1433 3575 2831 5683 7825 7081
W 799 1922 2323 5049 6172 6573
W 836 1706 2926 5086 5956 7176
W 450 3268 3992 4700 7518 8242
W 546 3248 2187 4796 7498 6437
W 1473 1907 2984 5723 6157 7234
W 479 2676 2028 4729 6926 6278
W 958 2028 2676 5208 6278 6926
W 3867 913 2956 8117 5163 7206
W 502 3162 2537 4752 7412 6787
W 1395 2941 4016 5645 7191 8266
W 1355 2955 3961 5605 7205 8211
W 1006 2866 1673 5256 7116 5923
W 1258 4155 2864 5508 8405 7114
W 1829 3302 3978 6079 7552 8228
W 814 1920 2638 5064 6170 6888
W 1462 4150 3776 5712 8400 8026
W 625 1775 3448 4875 6025 7698
W 362 2604 2052 4612 6854 6302
W 857 3806 2467 5107 8056 6717
W 1553 2467 3806 5803 6717 8056
W 909 2814 3687 5159 7064 7937
W 175 176 3702 4425 4426 7952
W 1047 2992 2966 5297 7242 7216
W 600 1689 3934 4850 5939 8184
W 1612 2697 4098 5862 6947 8348
W 1164 3082 2277 5414 7332 6527
W 860 2605 2014 5110 6855 6264
W 252 4004 2353 4502 8254 6603
W 756 1757 2785 5006 6007 7035
W 1960 3346 2361 6210 7596 6611
W 381 2509 3073 4631 6759 7323
W 397 1992 2726 4647 6242 6976
W 275 1737 2607 4525 5987 6857
W 701 2538 3321 4951 6788 7571
W 1103 2116 2879 5353 6366 7129
W 425 2924 1668 4675 7174 5918
W 1337 3259 2193 5587 7509 6443
W 1326 3112 1805 5576 7362 6055
W 918 1746 3040 5168 5996 7290
W 216 217 2424 4466 4467 6674
W 34 35 2131 4284 4285 6381
W 1751 2864 4155 6001 7114 8405
W 792 1658 3336 5042 5908 7586
W 1084 2110 2732 5334 6360 6982
W 270 3053 1930 4520 7303 6180
W 198 3953 1759 4448 8203 6009
W 4103 1193 2874 8353 5443 7124
W 1225 3844 1911 5475 8094 6161
W 271 2139 2354 4521 6389 6604
W 1020 2564 1763 5270 6814 6013
W 876 1724 3956 5126 5974 8206
W 1769 3867 2956 6019 8117 7206
W 414 1951 2602 4664 6201 6852
W 970 4095 1791 5220 8345 6041
W 801 3994 1950 5051 8244 6200
W 1446 1915 3707 5696 6165 7957
W 1437 2809 1786 5687 7059 6036
W 1048 1786 2809 5298 6036 7059
W 309 2720 2310 4559 6970 6560
W 1095 2310 2720 5345 6560 6970
W 398 2861 1682 4648 7111 5932
W 1411 4205 2871 5661 8455 7121
W 404 1768 2559 4654 6018 6809
W 20 2969 1801 4270 7219 6051
W 235 2906 4018 4485 7156 8268
W 823 1662 3370 5073 5912 7620
W 1546 2921 3309 5796 7171 7559
W 398 1692 2861 4648 5942 7111
W 276 1769 2700 4526 6019 6950
W 106 3055 3945 4356 7305 8195
W 1287 3983 4167 5537 8233 8417
W 770 2415 1857 5020 6665 6107
W 692 2815 3250 4942 7065 7500
W 1074 3283 1909 5324 7533 6159
W 681 3630 2714 4931 7880 6964
W 590 1658 3192 4840 5908 7442
W 392 1736 2636 4642 5986 6886
W 852 3651 2570 5102 7901 6820
W 676 1749 2617 4926 5999 6867
W 1362 3676 2668 5612 7926 6918
W 787 2513 1784 5037 6763 6034
W 813 2526 4062 5063 6776 8312
W 1707 4062 2526 5957 8312 6776
W 315 1661 3091 4565 5911 7341
W 707 2325 3843 4957 6575 8093
W 660 1659 3165 4910 5909 7415
W 1248 3041 4067 5498 7291 8317
W 1527 1772 4189 5777 6022 8439
W 1335 3652 4177 5585 7902 8427
W 1453 1759 3953 5703 6009 8203
W 593 3251 1661 4843 7501 5911
W 926 3829 1688 5176 8079 5938
W 852 1662 3147 5102 5912 7397
W 1050 2829 1695 5300 7079 5945
W 38 2295 2778 4288 6545 7028
W 1217 2249 3238 5467 6499 7488
W 305 3238 2249 4555 7488 6499
W 429 2929 1678 4679 7179 5928
W 267 3082 1842 4517 7332 6092
W 663 1688 3556 4913 5938 7806
W 776 2668 3676 5026 6918 7926
W 427 2812 1698 4677 7062 5948
W 564 3309 2921 4814 7559 7171
W 865 1720 3701 5115 5970 7951
W 1506 3631 2207 5756 7881 6457
W 1135 2396 2674 5385 6646 6924
W 681 1745 2629 4931 5995 6879
W 498 1696 2834 4748 5946 7084
W 998 2147 3152 5248 6397 7402
W 1306 2319 3294 5556 6569 7544
W 1884 4103 2874 6134 8353 7124
W 959 3212 2728 5209 7462 6978
W 1188 3490 1680 5438 7740 5930
W 373 1667 3817 4623 5917 8067
W 388 3979 2253 4638 8229 6503
W 1483 2253 3979 5733 6503 8229
W 993 3270 1672 5243 7520 5922
W 803 3771 2192 5053 8021 6442
W 202 2450 3768 4452 6700 8018
W 1340 3497 4001 5590 7747 8251
W 2570 3651 3555 6820 7901 7805
W 364 4116 2055 4614 8366 6305
W 859 1709 4032 5109 5959 8282
W 32 33 4248 4282 4283 8498
W 1123 2830 2614 5373 7080 6864
W 878 2685 1728 5128 6935 5978
W 2190 3286 4125 6440 7536 8375
W 1468 3250 2815 5718 7500 7065
W 209 3001 1811 4459 7251 6061
W 829 1815 2716 5079 6065 6966
W 895 2938 2703 5145 7188 6953
W 918 3698 1746 5168 7948 5996
W 393 3486 1895 4643 7736 6145
W 432 2672 2231 4682 6922 6481
W 679 2373 2020 4929 6623 6270
W 987 2020 2373 5237 6270 6623
W 1297 1973 2992 5547 6223 7242
W 791 2061 2255 5041 6311 6505
W 934 2371 2263 5184 6621 6513
W 870 2263 2371 5120 6513 6621
W 148 149 2161 4398 4399 6411
W 689 3975 1740 4939 8225 5990
W 1177 2153 2873 5427 6403 7123
W 371 4003 3097 4621 8253 7347
W 661 2626 1756 4911 6876 6006
W 294 3303 2798 4544 7553 7048
W 572 1671 3151 4822 5921 7401
W 804 2485 3911 5054 6735 8161
W 850 3364 1711 5100 7614 5961
W 1361 1726 3847 5611 5976 8097
W 145 146 2235 4395 4396 6485
W 795 2048 2271 5045 6298 6521
W 934 2513 2578 5184 6763 6828
W 484 4170 1773 4734 8420 6023
W 1234 3837 1695 5484 8087 5945
W 784 2927 1893 5034 7177 6143
W 613 3745 1807 4863 7995 6057
W 342 1690 2898 4592 5940 7148
W 318 3738 1714 4568 7988 5964
W 1225 1911 2451 5475 6161 6701
W 785 2451 1911 5035 6701 6161
W 159 1701 3513 4409 5951 7763
W 990 1799 3035 5240 6049 7285
W 187 3035 1799 4437 7285 6049
W 1234 1912 3837 5484 6162 8087
W 289 3837 1912 4539 8087 6162
W 957 2462 2445 5207 6712 6695
W 1131 4091 3181 5381 8341 7431
W 589 2079 3593 4839 6329 7843
W 1247 3593 2079 5497 7843 6329
W 1277 3340 3495 5527 7590 7745
W 836 2717 1816 5086 6967 6066
W 812 3358 3960 5062 7608 8210
W 338 2398 4181 4588 6648 8431
W 32 4248 2298 4282 8498 6548
W 695 1677 3324 4945 5927 7574
W 770 3008 3404 5020 7258 7654
W 42 43 2170 4292 4293 6420
W 385 1683 3244 4635 5933 7494
W 653 1710 3713 4903 5960 7963
W 2359 2946 3386 6609 7196 7636
W 1141 2928 3039 5391 7178 7289
W 320 4023 1686 4570 8273 5936
W 379 3209 2279 4629 7459 6529
W 1512 2280 3012 5762 6530 7262
W 640 1899 3462 4890 6149 7712
W 825 2018 3135 5075 6268 7385
W 889 1701 2852 5139 5951 7102
W 488 3012 2280 4738 7262 6530
W 376 1825 2491 4626 6075 6741
W 1689 3945 3055 5939 8195 7305
W 186 1799 3650 4436 6049 7900
W 930 2013 3785 5180 6263 8035
W 1076 3207 2297 5326 7457 6547
W 815 3739 1824 5065 7989 6074
W 398 1726 3826 4648 5976 8076
W 1305 2765 3792 5555 7015 8042
W 1307 4042 2175 5557 8292 6425
W 1033 3121 3730 5283 7371 7980
W 1755 2899 4219 6005 7149 8469
W 409 4222 1702 4659 8472 5952
W 647 3615 2349 4897 7865 6599
W 1386 2349 3615 5636 6599 7865
W 830 2446 1873 5080 6696 6123
W 2039 2964 3265 6289 7214 7515
W 933 2559 2574 5183 6809 6824
W 862 1764 2738 5112 6014 6988
W 393 2738 1764 4643 6988 6014
W 1186 2427 3310 5436 6677 7560
W 264 1685 3313 4514 5935 7563
W 961 3313 1685 5211 7563 5935
W 617 3494 1747 4867 7744 5997
W 423 2322 1999 4673 6572 6249
W 340 2184 2538 4590 6434 6788
W 1064 2538 2184 5314 6788 6434
W 1040 3218 2709 5290 7468 6959
W 1430 2709 3218 5680 6959 7468
W 735 2302 2064 4985 6552 6314
W 1022 3088 1924 5272 7338 6174
W 1320 2210 3498 5570 6460 7748
W 869 3454 1694 5119 7704 5944
W 209 1811 3740 4459 6061 7990
W 385 3144 1683 4635 7394 5933
W 225 4027 1734 4475 8277 5984
W 895 3244 1683 5145 7494 5933
W 718 1691 2978 4968 5941 7228
W 719 2433 3603 4969 6683 7853
W 1429 3603 2433 5679 7853 6683
W 355 2517 2273 4605 6767 6523
W 1016 2273 2517 5266 6523 6767
W 785 1862 2451 5035 6112 6701
W 717 1732 3858 4967 5982 8108
W 1146 2360 1963 5396 6610 6213
W 637 1693 3674 4887 5943 7924
W 771 2462 2132 5021 6712 6382
W 1327 4099 2620 5577 8349 6870
W 524 1748 3944 4774 5998 8194
W 380 3056 3588 4630 7306 7838
W 78 79 2315 4328 4329 6565
W 698 3352 1863 4948 7602 6113
W 754 3803 2704 5004 8053 6954
W 1003 3736 2970 5253 7986 7220
W 437 1873 2446 4687 6123 6696
W 1090 1854 3518 5340 6104 7768
W 277 2815 3930 4527 7065 8180
W 1215 1717 4022 5465 5967 8272
W 1056 3299 1856 5306 7549 6106
W 207 1856 3299 4457 6106 7549
W 177 178 2239 4427 4428 6489
W 1434 1745 3933 5684 5995 8183
W 368 2530 3825 4618 6780 8075
W 4219 2899 1048 8469 7149 5298
W 920 2835 2305 5170 7085 6555
W 498 3133 1696 4748 7383 5946
W 370 1699 3523 4620 5949 7773
W 601 3852 3134 4851 8102 7384
W 990 2389 1938 5240 6639 6188
W 1165 3654 2771 5415 7904 7021
W 1033 3730 2610 5283 7980 6860
W 532 3892 3263 4782 8142 7513
W 1944 3291 2771 6194 7541 7021
W 1137 2544 2902 5387 6794 7152
W 156 157 2191 4406 4407 6441
W 950 1783 2592 5200 6033 6842
W 1052 3326 4196 5302 7576 8446
W 986 2358 2443 5236 6608 6693
W 858 2443 2358 5108 6693 6608
W 786 2557 1808 5036 6807 6058
W 225 1734 2985 4475 5984 7235
W 1344 3193 2060 5594 7443 6310
W 806 3240 1990 5056 7490 6240
W 763 3415 2448 5013 7665 6698
W 68 69 2652 4318 4319 6902
W 694 1818 3262 4944 6068 7512
W 1061 3122 1972 5311 7372 6222
W 473 1972 3122 4723 6222 7372
W 294 2798 2067 4544 7048 6317
W 1001 2067 2798 5251 6317 7048
W 1308 3563 2472 5558 7813 6722
W 864 2224 2795 5114 6474 7045
W 2167 2632 3685 6417 6882 7935
W 1050 1695 3366 5300 5945 7616
W 500 2926 1706 4750 7176 5956
W 788 2347 3441 5038 6597 7691
W 790 2275 2981 5040 6525 7231
W 12 2960 2849 4262 7210 7099
W 1504 2703 2938 5754 6953 7188
W 1291 2549 3107 5541 6799 7357
W 527 3403 2806 4777 7653 7056
W 1890 4141 2181 6140 8391 6431
W 318 2444 3738 4568 6694 7988
W 1485 3738 2444 5735 7988 6694
W 1445 3704 3401 5695 7954 7651
W 1791 2545 4064 6041 6795 8314
W 894 1696 3133 5144 5946 7383
W 1208 2972 3694 5458 7222 7944
W 80 81 3423 4330 4331 7673
W 720 3776 2231 4970 8026 6481
W 468 1766 3123 4718 6016 7373
W 773 2472 1876 5023 6722 6126
W 481 1831 2896 4731 6081 7146
W 862 2543 4038 5112 6793 8288
W 228 229 3623 4478 4479 7873
W 706 3581 2964 4956 7831 7214
W 859 2518 2384 5109 6768 6634
W 346 1807 3783 4596 6057 8033
W 717 1817 2888 4967 6067 7138
W 545 2799 3977 4795 7049 8227
W 1161 1897 3660 5411 6147 7910
W 997 2777 2495 5247 7027 6745
W 927 2064 2302 5177 6314 6552
W 862 4038 3384 5112 8288 7634
W 859 4241 1709 5109 8491 5959
W 435 1922 3869 4685 6172 8119
W 13 1713 2960 4263 5963 7210
W 280 3393 1700 4530 7643 5950
W 66 1746 3698 4316 5996 7948
W 849 2615 2282 5099 6865 6532
W 256 3186 3196 4506 7436 7446
W 1639 3196 3186 5889 7446 7436
W 1323 3658 3141 5573 7908 7391
W 973 1734 4027 5223 5984 8277
W 1315 2540 4181 5565 6790 8431
W 780 1870 2853 5030 6120 7103
W 1020 1763 3397 5270 6013 7647
W 249 3397 1763 4499 7647 6013
W 1156 3631 2431 5406 7881 6681
W 561 4118 1907 4811 8368 6157
W 1850 4105 3134 6100 8355 7384
W 1126 2521 1848 5376 6771 6098
W 570 1816 3632 4820 6066 7882
W 1129 3632 1816 5379 7882 6066
W 669 2015 3312 4919 6265 7562
W 829 2716 1872 5079 6966 6122
W 750 3712 1705 5000 7962 5955
W 438 2875 4002 4688 7125 8252
W 892 3899 1710 5142 8149 5960
W 819 1719 3627 5069 5969 7877
W 1160 1857 3691 5410 6107 7941
W 253 3691 1857 4503 7941 6107
W 828 4107 2189 5078 8357 6439
W 838 3642 2410 5088 7892 6660
W 1557 1898 2826 5807 6148 7076
W 945 2935 1717 5195 7185 5967
W 1366 1948 4236 5616 6198 8486
W 843 4236 1948 5093 8486 6198
W 849 2299 2615 5099 6549 6865
W 641 1973 4008 4891 6223 8258
W 1297 4008 1973 5547 8258 6223
W 1313 3111 2833 5563 7361 7083
W 1031 3034 1984 5281 7284 6234
W 653 1984 3034 4903 6234 7284
W 1320 3498 3957 5570 7748 8207
W 308 2331 2802 4558 6581 7052
W 1146 3130 2360 5396 7380 6610
W 809 3422 1705 5059 7672 5955
W 1191 3516 1712 5441 7766 5962
W 581 1702 3201 4831 5952 7451
W 1049 2457 3369 5299 6707 7619
W 242 3902 2140 4492 8152 6390
W 1326 3436 3112 5576 7686 7362
W 1361 3687 2985 5611 7937 7235
W 784 1987 2927 5034 6237 7177
W 1179 2618 3155 5429 6868 7405
W 444 1917 2452 4694 6167 6702
W 202 203 2450 4452 4453 6700
W 1072 3409 2735 5322 7659 6985
W 1128 2860 2317 5378 7110 6567
W 455 2317 2860 4705 6567 7110
W 626 2034 3190 4876 6284 7440
W 589 3593 1722 4839 7843 5972
W 592 1769 2956 4842 6019 7206
W 681 2629 3069 4931 6879 7319
W 950 2654 2094 5200 6904 6344
W 789 2094 2654 5039 6344 6904
W 849 2282 2281 5099 6532 6531
W 914 2281 2282 5164 6531 6532
W 433 2691 2272 4683 6941 6522
W 376 2505 1879 4626 6755 6129
W 721 2403 1986 4971 6653 6236
W 845 1986 2403 5095 6236 6653
W 1213 4068 1776 5463 8318 6026
W 1353 2379 3378 5603 6629 7628
W 1950 3994 3008 6200 8244 7258
W 3994 356 3008 8244 4606 7258
W 802 3851 2658 5052 8101 6908
W 1657 2658 3851 5907 6908 8101
W 1428 3348 4202 5678 7598 8452
W 507 2076 2432 4757 6326 6682
W 617 1707 3377 4867 5957 7627
W 1523 3626 2842 5773 7876 7092
W 535 1712 3425 4785 5962 7675
W 339 1803 2934 4589 6053 7184
W 1079 1974 2762 5329 6224 7012
W 1023 2854 3309 5273 7104 7559
W 821 3153 2018 5071 7403 6268
W 1425 4161 1787 5675 8411 6037
W 1266 1708 3542 5516 5958 7792
W 387 1889 2690 4637 6139 6940
W 1072 3255 3409 5322 7505 7659
W 922 3398 2255 5172 7648 6505
W 1528 1795 4184 5778 6045 8434
W 1497 4166 1716 5747 8416 5966
W 948 3559 2237 5198 7809 6487
W 648 1711 3364 4898 5961 7614
W 1032 3118 1759 5282 7368 6009
W 609 1741 3887 4859 5991 8137
W 241 2582 2218 4491 6832 6468
W 968 2218 2582 5218 6468 6832
W 830 1873 4101 5080 6123 8351
W 915 2843 1826 5165 7093 6076
W 829 1872 3920 5079 6122 8170
W 777 2216 3733 5027 6466 7983
W 838 2530 3642 5088 6780 7892
W 897 2454 2201 5147 6704 6451
W 407 3150 1721 4657 7400 5971
W 959 2306 2453 5209 6556 6703
W 397 2453 2306 4647 6703 6556
W 832 2328 2092 5082 6578 6342
W 154 2100 3515 4404 6350 7765
W 1215 3471 1717 5465 7721 5967
W 616 3866 1734 4866 8116 5984
W 310 2664 1798 4560 6914 6048
W 796 2804 1757 5046 7054 6007
W 288 1897 4178 4538 6147 8428
W 680 2639 3845 4930 6889 8095
W 1627 3845 2639 5877 8095 6889
W 297 2135 2923 4547 6385 7173
W 1288 2320 4059 5538 6570 8309
W 322 3476 1718 4572 7726 5968
W 91 1929 3637 4341 6179 7887
W 1208 2563 2856 5458 6813 7106
W 921 2856 2563 5171 7106 6813
W 823 3479 1891 5073 7729 6141
W 836 1843 2770 5086 6093 7020
W 435 1723 3174 4685 5973 7424
W 992 2586 1833 5242 6836 6083
W 1465 2583 3720 5715 6833 7970
W 593 1716 3375 4843 5966 7625
W 1132 2528 3438 5382 6778 7688
W 840 1905 2542 5090 6155 6792
W 332 3528 1866 4582 7778 6116
W 686 2709 2097 4936 6959 6347
W 1272 3565 3240 5522 7815 7490
W 165 3921 2056 4415 8171 6306
W 614 1718 3518 4864 5968 7768
W 1004 3765 2621 5254 8015 6871
W 1328 2855 3947 5578 7105 8197
W 41 4078 2075 4291 8328 6325
W 127 128 2395 4377 4378 6645
W 1009 1823 3820 5259 6073 8070
W 1098 1723 3529 5348 5973 7779
W 280 2675 1808 4530 6925 6058
W 189 2796 1767 4439 7046 6017
W 736 2276 2961 4986 6526 7211
W 975 1985 2427 5225 6235 6677
W 1114 3192 2356 5364 7442 6606
W 614 3518 1854 4864 7768 6104
W 1901 3599 4146 6151 7849 8396
W 603 1719 3275 4853 5969 7525
W 428 3422 1875 4678 7672 6125
W 143 144 2555 4393 4394 6805
W 762 2159 3564 5012 6409 7814
W 622 4171 1835 4872 8421 6085
W 1263 1835 4171 5513 6085 8421
W 423 1729 3293 4673 5979 7543
W 361 3643 1732 4611 7893 5982
W 264 3313 1722 4514 7563 5972
W 961 1722 3313 5211 5972 7563
W 852 1808 2675 5102 6058 6925
W 747 2563 2702 4997 6813 6952
W 975 2427 3208 5225 6677 7458
W 466 2166 3086 4716 6416 7336
W 21 22 2711 4271 4272 6961
W 694 1918 3177 4944 6168 7427
W 487 3058 1817 4737 7308 6067
W 1537 2848 3886 5787 7098 8136
W 619 1805 4188 4869 6055 8438
W 825 3967 2051 5075 8217 6301
W 395 2001 3370 4645 6251 7620
W 660 1982 2458 4910 6232 6708
W 476 1813 2702 4726 6063 6952
W 116 1840 3753 4366 6090 8003
W 840 4053 1749 5090 8303 5999
W 686 3178 2438 4936 7428 6688
W 734 2786 3430 4984 7036 7680
W 1218 2895 3037 5468 7145 7287
W 899 2701 3970 5149 6951 8220
W 976 1927 2496 5226 6177 6746
W 1104 1866 3528 5354 6116 7778
W 542 3414 2967 4792 7664 7217
W 2185 3537 3107 6435 7787 7357
W 902 3174 1723 5152 7424 5973
W 1084 2732 3100 5334 6982 7350
W 517 2990 2864 4767 7240 7114
W 1257 2327 2292 5507 6577 6542
W 275 3722 1742 4525 7972 5992
W 470 1754 2900 4720 6004 7150
W 455 3729 2661 4705 7979 6911
W 1233 3045 2199 5483 7295 6449
W 3036 4231 1084 7286 8481 5334
W 436 1887 2708 4686 6137 6958
W 892 2708 1887 5142 6958 6137
W 1091 2072 2705 5341 6322 6955
W 1216 3253 3676 5466 7503 7926
W 781 3269 2267 5031 7519 6517
W 453 2478 2081 4703 6728 6331
W 828 3199 4107 5078 7449 8357
W 214 2899 1755 4464 7149 6005
W 92 93 2511 4342 4343 6761
W 1181 2535 2918 5431 6785 7168
W 616 3210 1726 4866 7460 5976
W 1544 2493 3062 5794 6743 7312
W 608 4215 2978 4858 8465 7228
W 971 3053 2833 5221 7303 7083
W 392 3405 1736 4642 7655 5986
W 796 3569 1733 5046 7819 5983
W 572 3842 2334 4822 8092 6584
W 1109 2695 2455 5359 6945 6705
W 562 2455 2695 4812 6705 6945
W 368 3960 2530 4618 8210 6780
W 1595 2530 3960 5845 6780 8210
W 1329 3879 2499 5579 8129 6749
W 600 1736 3030 4850 5986 7280
W 508 3416 3463 4758 7666 7713
W 237 3469 1730 4487 7719 5980
W 4231 2488 1084 8481 6738 5334
W 389 2768 1784 4639 7018 6034
W 886 4120 2645 5136 8370 6895
W 1264 3211 2188 5514 7461 6438
W 941 1871 2587 5191 6121 6837
W 1038 2458 1982 5288 6708 6232
W 378 2367 2333 4628 6617 6583
W 1305 2512 2765 5555 6762 7015
W 403 2542 1905 4653 6792 6155
W 781 2287 3269 5031 6537 7519
W 1249 2783 4232 5499 7033 8482
W 1927 2832 4209 6177 7082 8459
W 807 2120 3167 5057 6370 7417
W 871 1910 2885 5121 6160 7135
W 892 1887 2722 5142 6137 6972
W 84 85 2476 4334 4335 6726
W 898 3293 1729 5148 7543 5979
W 758 2173 2402 5008 6423 6652
W 694 3262 1918 4944 7512 6168
W 383 2299 3028 4633 6549 7278
W 104 105 3007 4354 4355 7257
W 1090 3476 3024 5340 7726 7274
W 842 2293 3817 5092 6543 8067
W 1274 3636 2729 5524 7886 6979
W 820 3004 2095 5070 7254 6345
W 1053 2095 3004 5303 6345 7254
W 1080 2718 2382 5330 6968 6632
W 956 2382 2718 5206 6632 6968
W 401 3939 1780 4651 8189 6030
W 1004 3241 3765 5254 7491 8015
W 1149 2662 3334 5399 6912 7584
W 1377 3167 2120 5627 7417 6370
W 971 1930 3053 5221 6180 7303
W 248 1918 3527 4498 6168 7777
W 533 3090 1990 4783 7340 6240
W 1152 2667 3341 5402 6917 7591
W 1202 2354 2139 5452 6604 6389
W 792 3104 1737 5042 7354 5987
W 303 1741 3611 4553 5991 7861
W 1051 3611 1741 5301 7861 5991
W 873 3485 1874 5123 7735 6124
W 378 4164 2105 4628 8414 6355
W 1196 1755 3716 5446 6005 7966
W 927 2302 2612 5177 6552 6862
W 718 1881 2593 4968 6131 6843
W 812 2198 2634 5062 6448 6884
W 1366 3768 2450 5616 8018 6700
W 887 1762 3557 5137 6012 7807
W 1360 4063 2594 5610 8313 6844
W 1149 3334 3539 5399 7584 7789
W 929 2341 2536 5179 6591 6786
W 988 2536 2341 5238 6786 6591
W 1154 1997 2613 5404 6247 6863
W 996 2613 1997 5246 6863 6247
W 1183 3595 4016 5433 7845 8266
W 811 2515 1945 5061 6765 6195
W 451 2867 1774 4701 7117 6024
W 1272 3240 2211 5522 7490 6461
W 1085 3315 2102 5335 7565 6352
W 468 2947 1766 4718 7197 6016
W 951 2381 2591 5201 6631 6841
W 443 3287 1902 4693 7537 6152
W 1049 1902 3287 5299 6152 7537
W 388 1896 2575 4638 6146 6825
W 790 3109 2275 5040 7359 6525
W 736 2867 4249 4986 7117 8499
W 1334 4078 2170 5584 8328 6420
W 874 1942 3170 5124 6192 7420
W 764 2209 3389 5014 6459 7639
W 1204 3389 2209 5454 7639 6459
W 1489 4115 1736 5739 8365 5986
W 143 2555 2417 4393 6805 6667
W 1206 1735 3335 5456 5985 7585
W 971 2833 3111 5221 7083 7361
W 935 1888 2901 5185 6138 7151
W 477 2901 1888 4727 7151 6138
W 810 2091 2424 5060 6341 6674
W 529 2472 3563 4779 6722 7813
W 839 2115 2724 5089 6365 6974
W 1848 3580 2336 6098 7830 6586
W 1109 1832 2695 5359 6082 6945
W 440 1954 3467 4690 6204 7717
W 1093 3171 2907 5343 7421 7157
W 833 2078 3296 5083 6328 7546
W 481 1838 3166 4731 6088 7416
W 978 3166 1838 5228 7416 6088
W 1028 3560 1750 5278 7810 6000
W 713 1750 3560 4963 6000 7810
W 1235 3892 2780 5485 8142 7030
W 886 2645 3002 5136 6895 7252
W 1273 3002 2645 5523 7252 6895
W 806 2211 3240 5056 6461 7490
W 795 2558 2048 5045 6808 6298
W 1285 4020 1989 5535 8270 6239
W 991 3809 2475 5241 8059 6725
W 1520 2862 2611 5770 7112 6861
W 94 95 2703 4344 4345 6953
W 1334 2075 4078 5584 6325 8328
W 853 3838 3954 5103 8088 8204
W 941 1742 3722 5191 5992 7972
W 697 2729 2114 4947 6979 6364
W 960 2114 2729 5210 6364 6979
W 463 1882 2630 4713 6132 6880
W 570 4144 1816 4820 8394 6066
W 870 2531 4243 5120 6781 8493
W 349 2201 2454 4599 6451 6704
W 470 3191 1744 4720 7441 5994
W 873 1874 2761 5123 6124 7011
W 394 1851 2682 4644 6101 6932
W 1552 1746 3507 5802 5996 7757
W 442 2500 2086 4692 6750 6336
W 887 2086 2500 5137 6336 6750
W 1172 2805 2951 5422 7055 7201
W 767 1861 2666 5017 6111 6916
W 79 80 2801 4329 4330 7051
W 836 2926 1843 5086 7176 6093
W 198 1759 3118 4448 6009 7368
W 602 3848 1993 4852 8098 6243
W 1229 1993 3848 5479 6243 8098
W 567 2507 3363 4817 6757 7613
W 1331 3363 2507 5581 7613 6757
W 132 133 2369 4382 4383 6619
W 934 2578 1988 5184 6828 6238
W 301 1988 2578 4551 6238 6828
W 737 3056 1760 4987 7306 6010
W 494 2743 3226 4744 6993 7476
W 1421 3337 3784 5671 7587 8034
W 958 2011 2478 5208 6261 6728
W 1146 2279 3209 5396 6529 7459
W 304 3014 2757 4554 7264 7007
W 1183 1847 3703 5433 6097 7953
W 1691 4113 2978 5941 8363 7228
W 2088 3360 2737 6338 7610 6987
W 949 2549 2093 5199 6799 6343
W 708 2093 2549 4958 6343 6799
W 141 1932 4159 4391 6182 8409
W 329 3639 2286 4579 7889 6536
W 284 3438 1750 4534 7688 6000
W 247 2902 2544 4497 7152 6794
W 66 3507 1746 4316 7757 5996
W 185 186 3650 4435 4436 7900
W 341 4045 2406 4591 8295 6656
W 456 1749 3322 4706 5999 7572
W 1173 3515 2100 5423 7765 6350
W 941 3180 3012 5191 7430 7262
W 1512 3012 3180 5762 7262 7430
W 1580 3782 2710 5830 8032 6960
W 1787 2878 4247 6037 7128 8497
W 384 2950 3662 4634 7200 7912
W 276 3867 1769 4526 8117 6019
W 797 3102 2383 5047 7352 6633
W 1561 3205 4019 5811 7455 8269
W 1030 3418 1833 5280 7668 6083
W 1409 3607 3320 5659 7857 7570
W 447 2404 2217 4697 6654 6467
W 896 2217 2404 5146 6467 6654
W 1331 2286 3225 5581 6536 7475
W 641 3225 2286 4891 7475 6536
W 808 2163 2378 5058 6413 6628
W 844 2432 2076 5094 6682 6326
W 1364 4192 3280 5614 8442 7530
W 58 2017 2644 4308 6267 6894
W 1684 3428 4046 5934 7678 8296
W 688 1938 2569 4938 6188 6819
W 691 2227 2908 4941 6477 7158
W 921 2563 2628 5171 6813 6878
W 470 3300 1754 4720 7550 6004
W 1590 3861 2707 5840 8111 6957
W 1115 3110 2653 5365 7360 6903
W 794 2052 2604 5044 6302 6854
W 948 2546 3559 5198 6796 7809
W 462 3657 1765 4712 7907 6015
W 1515 3804 2504 5765 8054 6754
W 283 2130 3787 4533 6380 8037
W 388 2635 1896 4638 6885 6146
W 631 1947 3025 4881 6197 7275
W 984 3025 1947 5234 7275 6197
W 364 1865 2961 4614 6115 7211
W 165 166 3921 4415 4416 8171
W 652 4247 2878 4902 8497 7128
W 1526 4163 2366 5776 8413 6616
W 842 3817 2471 5092 8067 6721
W 303 3611 1770 4553 7861 6020
W 1051 1770 3611 5301 6020 7861
W 661 1756 3421 4911 6006 7671
W 1804 2730 3630 6054 6980 7880
W 1793 3579 2276 6043 7829 6526
W 414 1914 2625 4664 6164 6875
W 340 3557 1762 4590 7807 6012
W 1198 3437 2243 5448 7687 6493
W 1135 2674 3583 5385 6924 7833
W 698 2289 3352 4948 6539 7602
W 837 3123 1766 5087 7373 6016
W 727 2206 2610 4977 6456 6860
W 1033 2610 2206 5283 6860 6456
W 396 2465 2057 4646 6715 6307
W 338 4181 1826 4588 8431 6076
W 1057 2434 2096 5307 6684 6346
W 1053 3004 2436 5303 7254 6686
W 1954 4142 3467 6204 8392 7717
W 847 2552 2553 5097 6802 6803
W 1129 2553 2552 5379 6803 6802
W 167 168 2342 4417 4418 6592
W 876 2203 2367 5126 6453 6617
W 1201 2745 3496 5451 6995 7746
W 841 2041 2989 5091 6291 7239
W 933 2196 2559 5183 6446 6809
W 404 2559 2196 4654 6809 6446
W 281 2416 2566 4531 6666 6816
W 1298 2021 4066 5548 6271 8316
W 678 4066 2021 4928 8316 6271
W 952 3708 1761 5202 7958 6011
W 290 3010 1779 4540 7260 6029
W 763 2448 2085 5013 6698 6335
W 1386 3971 1803 5636 8221 6053
W 0 4 3373 4250 4254 7623
W 0 3373 229 4250 7623 4479
W 1317 1960 4237 5567 6210 8487
W 341 4237 1960 4591 8487 6210
W 755 1764 3429 5005 6014 7679
W 218 2074 4092 4468 6324 8342
W 551 2366 4163 4801 6616 8413
W 1136 4019 3205 5386 8269 7455
W 882 2824 2484 5132 7074 6734
W 292 1925 3079 4542 6175 7329
W 850 2027 2766 5100 6277 7016
W 121 1794 3911 4371 6044 8161
W 1096 2643 1917 5346 6893 6167
W 571 2175 4042 4821 6425 8292
W 439 1894 2669 4689 6144 6919
W 319 3062 1800 4569 7312 6050
W 924 1800 3062 5174 6050 7312
W 758 2292 2327 5008 6542 6577
W 592 3530 1769 4842 7780 6019
W 840 2035 3128 5090 6285 7378
W 992 2624 3534 5242 6874 7784
W 991 3054 3809 5241 7304 8059
W 291 2770 1843 4541 7020 6093
W 745 3962 3027 4995 8212 7277
W 412 2673 1961 4662 6923 6211
W 886 1961 2673 5136 6211 6923
W 1265 2977 3987 5515 7227 8237
W 879 3458 2236 5129 7708 6486
W 44 3307 3285 4294 7557 7535
W 1318 3766 2222 5568 8016 6472
W 1266 1910 2806 5516 6160 7056
W 527 2806 1910 4777 7056 6160
W 472 1872 2716 4722 6122 6966
W 547 3367 3718 4797 7617 7968
W 249 3874 2281 4499 8124 6531
W 331 1782 4210 4581 6032 8460
W 859 4032 1862 5109 8282 6112
W 300 3946 3519 4550 8196 7769
W 990 1767 3864 5240 6017 8114
W 903 2517 2142 5153 6767 6392
W 355 2142 2517 4605 6392 6767
W 1158 2574 2099 5408 6824 6349
W 757 1802 3925 5007 6052 8175
W 2216 2750 3733 6466 7000 7983
W 832 3508 1915 5082 7758 6165
W 442 2215 2500 4692 6465 6750
W 380 2358 2426 4630 6608 6676
W 10 11 2376 4260 4261 6626
W 810 2642 2146 5060 6892 6396
W 796 2886 2113 5046 7136 6363
W 834 2690 1889 5084 6940 6139
W 104 1933 3732 4354 6183 7982
W 1170 1818 3942 5420 6068 8192
W 349 3942 1818 4599 8192 6068
W 1673 2866 2242 5923 7116 6492
W 935 1773 3812 5185 6023 8062
W 1411 2401 4205 5661 6651 8455
W 377 1855 2776 4627 6105 7026
W 879 2387 2219 5129 6637 6469
W 416 3569 2178 4666 7819 6428
W 395 4128 2001 4645 8378 6251
W 637 3674 1797 4887 7924 6047
W 867 2217 2391 5117 6467 6641
W 196 197 2831 4446 4447 7081
W 399 1861 2759 4649 6111 7009
W 978 1838 3445 5228 6088 7695
W 1083 3833 2550 5333 8083 6800
W 853 3954 2336 5103 8204 6586
W 864 3142 1775 5114 7392 6025
W 874 2783 1942 5124 7033 6192
W 560 3886 2848 4810 8136 7098
W 238 2823 1908 4488 7073 6158
W 905 1908 2823 5155 6158 7073
W 650 2735 1875 4900 6985 6125
W 1610 3067 4216 5860 7317 8466
W 1284 3345 3076 5534 7595 7326
W 1221 2364 2752 5471 6614 7002
W 844 4055 2004 5094 8305 6254
W 863 1881 2844 5113 6131 7094
W 699 3188 2106 4949 7438 6356
W 896 2404 2445 5146 6654 6695
W 957 2445 2404 5207 6695 6654
W 1214 2849 2960 5464 7099 7210
W 1010 2477 2380 5260 6727 6630
W 395 2012 4128 4645 6262 8378
W 1263 2953 3818 5513 7203 8068
W 974 3351 3136 5224 7601 7386
W 1614 3136 3351 5864 7386 7601
W 596 3958 2680 4846 8208 6930
W 1649 2680 3958 5899 6930 8208
W 1322 4092 2074 5572 8342 6324
W 1069 2526 2413 5319 6776 6663
W 813 2413 2526 5063 6663 6776
W 1046 3061 2763 5296 7311 7013
W 171 172 2497 4421 4422 6747
W 1231 3168 3553 5481 7418 7803
W 1183 2234 3595 5433 6484 7845
W 612 4141 1890 4862 8391 6140
W 560 2418 3886 4810 6668 8136
W 825 3135 2490 5075 7385 6740
W 1138 2936 2872 5388 7186 7122
W 1198 2243 3411 5448 6493 7661
W 548 3411 2243 4798 7661 6493
W 362 2224 2648 4612 6474 6898
W 1090 3742 1854 5340 7992 6104
W 4205 3096 638 8455 7346 4888
W 2218 2692 3670 6468 6942 7920
W 881 4117 2029 5131 8367 6279
W 1616 3987 2881 5866 8237 7131
W 1131 3181 2947 5381 7431 7197
W 1195 3353 2265 5445 7603 6515
W 484 2265 3353 4734 6515 7603
W 1197 3520 3964 5447 7770 8214
W 1116 2043 3350 5366 6293 7600
W 336 3350 2043 4586 7600 6293
W 810 1786 3778 5060 6036 8028
W 2305 2835 4040 6555 7085 8290
W 506 3562 2113 4756 7812 6363
W 408 2059 2658 4658 6309 6908
W 579 2547 2562 4829 6797 6812
W 1055 2562 2547 5305 6812 6797
W 344 2601 1984 4594 6851 6234
W 1031 1984 2601 5281 6234 6851
W 351 4129 1841 4601 8379 6091
W 644 3066 1792 4894 7316 6042
W 63 3948 1952 4313 8198 6202
W 849 3874 3028 5099 8124 7278
W 1259 4127 2534 5509 8377 6784
W 957 2132 2462 5207 6382 6712
W 426 2997 3697 4676 7247 7947
W 629 2579 2102 4879 6829 6352
W 778 1865 2793 5028 6115 7043
W 1104 2245 3826 5354 6495 8076
W 1255 2008 3968 5505 6258 8218
W 581 3968 2008 4831 8218 6258
W 685 3231 2022 4935 7481 6272
W 254 1804 3859 4504 6054 8109
W 238 1908 2704 4488 6158 6954
W 1946 3096 4205 6196 7346 8455
W 82 1989 4020 4332 6239 8270
W 1050 1777 3439 5300 6027 7689
W 1260 2932 3870 5510 7182 8120
W 1770 3870 2932 6020 8120 7182
W 1059 3648 1788 5309 7898 6038
W 479 1788 3648 4729 6038 7898
W 1845 2680 3821 6095 6930 8071
W 553 3011 3751 4803 7261 8001
W 1189 3352 2289 5439 7602 6539
W 1220 3506 3929 5470 7756 8179
W 938 1996 4034 5188 6246 8284
W 158 3513 3456 4408 7763 7706
W 23 1785 3160 4273 6035 7410
W 2427 3629 3208 6677 7879 7458
W 522 3586 3459 4772 7836 7709
W 1878 3023 4015 6128 7273 8265
W 4015 3023 872 8265 7273 5122
W 890 2916 1829 5140 7166 6079
W 744 2027 4227 4994 6277 8477
W 970 1811 3001 5220 6061 7251
W 1969 3664 2562 6219 7914 6812
W 906 2875 1838 5156 7125 6088
W 1486 3989 2579 5736 8239 6829
W 498 3590 3133 4748 7840 7383
W 515 2499 3879 4765 6749 8129
W 1314 3852 2951 5564 8102 7201
W 875 2260 2773 5125 6510 7023
W 1253 2672 2984 5503 6922 7234
W 432 2984 2672 4682 7234 6922
W 950 2592 2654 5200 6842 6904
W 1058 3101 3643 5308 7351 7893
W 1732 3643 3101 5982 7893 7351
W 1392 2813 3208 5642 7063 7458
W 975 3208 2813 5225 7458 7063
W 1036 3022 2567 5286 7272 6817
W 396 3621 2237 4646 7871 6487
W 235 2308 2903 4485 6558 7153
W 1087 2903 2308 5337 7153 6558
W 1250 3872 2161 5500 8122 6411
W 1384 3493 3641 5634 7743 7891
W 711 3021 2248 4961 7271 6498
W 1096 2248 3021 5346 6498 7271
W 382 3693 2628 4632 7943 6878
W 245 1809 3036 4495 6059 7286
W 1170 3955 1818 5420 8205 6068
W 375 3023 1878 4625 7273 6128
W 358 4047 1797 4608 8297 6047
W 911 2655 3089 5161 6905 7339
W 990 3752 1799 5240 8002 6049
W 4035 2649 3424 8285 6899 7674
W 1112 3550 2723 5362 7800 6973
W 981 2923 2135 5231 7173 6385
W 401 2042 3261 4651 6292 7511
W 1097 3211 3254 5347 7461 7504
W 710 1783 3310 4960 6033 7560
W 294 2598 3303 4544 6848 7553
W 1081 3071 2510 5331 7321 6760
W 19 1801 3764 4269 6051 8014
W 905 2649 4035 5155 6899 8285
W 193 194 3795 4443 4444 8045
W 793 1954 2665 5043 6204 6915
W 283 3787 2309 4533 8037 6559
W 1141 3039 2383 5391 7289 6633
W 815 4115 3739 5065 8365 7989
W 804 2182 2456 5054 6432 6706
W 245 2718 2461 4495 6968 6711
W 1080 2461 2718 5330 6711 6968
W 917 2374 3029 5167 6624 7279
W 992 3534 3159 5242 7784 7409
W 173 2066 3846 4423 6316 8096
W 690 3204 1796 4940 7454 6046
W 1603 3207 3292 5853 7457 7542
W 461 3292 3207 4711 7542 7457
W 582 2143 2492 4832 6393 6742
W 116 4114 1840 4366 8364 6090
W 641 4008 1785 4891 8258 6035
W 455 1860 4213 4705 6110 8463
W 1282 2987 2063 5532 7237 6313
W 627 2881 3987 4877 7131 8237
W 992 1839 3407 5242 6089 7657
W 968 2582 2943 5218 6832 7193
W 1204 2943 2582 5454 7193 6832
W 1048 3778 1786 5298 8028 6036
W 1638 3133 3590 5888 7383 7840
W 436 2391 2460 4686 6641 6710
W 741 3475 2194 4991 7725 6444
W 899 1797 3674 5149 6047 7924
W 305 3956 3576 4555 8206 7826
W 841 1817 3058 5091 6067 7308
W 422 3522 1830 4672 7772 6080
W 1485 3922 3738 5735 8172 7988
W 435 3806 1922 4685 8056 6172
W 1212 4138 1932 5462 8388 6182
W 625 3963 2031 4875 8213 6281
W 1330 2843 3879 5580 7093 8129
W 508 4123 2922 4758 8373 7172
W 940 2537 2412 5190 6787 6662
W 1118 2900 2439 5368 7150 6689
W 588 3708 2138 4838 7958 6388
W 717 3858 1817 4967 8108 6067
W 1814 2922 4123 6064 7172 8373
W 459 2082 2829 4709 6332 7079
W 91 3314 1929 4341 7564 6179
W 479 3347 1788 4729 7597 6038
W 1143 1798 3669 5393 6048 7919
W 1044 2492 2143 5294 6742 6393
W 846 2573 2352 5096 6823 6602
W 1024 2890 2254 5274 7140 6504
W 1181 2918 3835 5431 7168 8085
W 1680 3175 4108 5930 7425 8358
W 1212 1851 4138 5462 6101 8388
W 211 1791 4095 4461 6041 8345
W 1367 3579 1793 5617 7829 6043
W 1182 2194 3475 5432 6444 7725
W 870 2371 3057 5120 6621 7307
W 326 2552 3582 4576 6802 7832
W 1447 1829 3978 5697 6079 8228
W 489 1847 4016 4739 6097 8266
W 1183 4016 1847 5433 8266 6097
W 663 3556 2303 4913 7806 6553
W 1141 2383 3102 5391 6633 7352
W 1221 2752 3574 5471 7002 7824
W 445 3727 3064 4695 7977 7314
W 2153 4077 2873 6403 8327 7123
W 296 1978 2752 4546 6228 7002
W 362 2052 2600 4612 6302 6850
W 1024 1792 3896 5274 6042 8146
W 763 2706 2291 5013 6956 6541
W 97 1806 3206 4347 6056 7456
W 984 1947 3117 5234 6197 7367
W 330 3117 1947 4580 7367 6197
W 833 2677 1996 5083 6927 6246
W 905 4035 1908 5155 8285 6158
W 718 2844 1881 4968 7094 6131
W 1081 1807 3715 5331 6057 7965
W 346 3715 1807 4596 7965 6057
W 1668 2561 3599 5918 6811 7849
W 554 3599 2561 4804 7849 6811
W 1067 3390 3334 5317 7640 7584
W 685 2082 3231 4935 6332 7481
W 230 2355 3384 4480 6605 7634
W 420 2126 2523 4670 6376 6773
W 354 1827 3932 4604 6077 8182
W 821 2420 3153 5071 6670 7403
W 1028 2528 2615 5278 6778 6865
W 1544 3679 3385 5794 7929 7635
W 688 1799 3752 4938 6049 8002
W 90 91 3637 4340 4341 7887
W 1876 3578 2016 6126 7828 6266
W 1324 2877 4132 5574 7127 8382
W 738 1969 2692 4988 6219 6942
W 681 1804 3630 4931 6054 7880
W 1283 4105 1850 5533 8355 6100
W 1004 2130 2914 5254 6380 7164
W 283 2914 2130 4533 7164 6380
W 1419 3659 2067 5669 7909 6317
W 382 2628 2023 4632 6878 6273
W 95 2539 2703 4345 6789 6953
W 827 2117 2963 5077 6367 7213
W 383 1867 2912 4633 6117 7162
W 282 2826 1898 4532 7076 6148
W 1101 3032 3404 5351 7282 7654
W 163 164 2627 4413 4414 6877
W 1462 2686 4150 5712 6936 8400
W 172 3846 2497 4422 8096 6747
W 1718 2494 3723 5968 6744 7973
W 888 2400 3552 5138 6650 7802
W 181 182 2685 4431 4432 6935
W 219 2940 2074 4469 7190 6324
W 985 2074 2940 5235 6324 7190
W 256 3451 2429 4506 7701 6679
W 683 3325 2007 4933 7575 6257
W 843 1948 2807 5093 6198 7057
W 271 2592 2139 4521 6842 6389
W 1086 3195 2572 5336 7445 6822
W 527 1910 3426 4777 6160 7676
W 851 2644 2017 5101 6894 6267
W 879 2444 3458 5129 6694 7708
W 616 2925 1866 4866 7175 6116
W 53 2121 3457 4303 6371 7707
W 1125 2889 1878 5375 7139 6128
W 250 4046 3428 4500 8296 7678
W 64 65 2529 4314 4315 6779
W 138 2112 3577 4388 6362 7827
W 670 2771 1937 4920 7021 6187
W 967 2948 2038 5217 7198 6288
W 431 2038 2948 4681 6288 7198
W 699 3306 1809 4949 7556 6059
W 1037 2124 3052 5287 6374 7302
W 283 3052 2124 4533 7302 6374
W 1128 2931 2860 5378 7181 7110
W 451 2551 3022 4701 6801 7272
W 321 3037 2895 4571 7287 7145
W 740 2354 3349 4990 6604 7599
W 261 2584 2168 4511 6834 6418
W 378 3127 4164 4628 7377 8414
W 1074 3634 1854 5324 7884 6104
W 614 1854 3634 4864 6104 7884
W 1364 3054 2971 5614 7304 7221
W 844 2004 3772 5094 6254 8022
W 725 2130 2621 4975 6380 6871
W 1181 3038 2076 5431 7288 6326
W 1310 1876 4048 5560 6126 8298
W 762 3517 2127 5012 7767 6377
W 873 2761 2028 5123 7011 6278
W 1280 3996 3285 5530 8246 7535
W 18 19 3764 4268 4269 8014
W 325 3814 1844 4575 8064 6094
W 651 2389 3864 4901 6639 8114
W 1243 2144 2788 5493 6394 7038
W 1067 2288 3390 5317 6538 7640
W 1285 2334 3842 5535 6584 8092
W 436 3574 2391 4686 7824 6641
W 1037 2551 2124 5287 6801 6374
W 256 3196 3451 4506 7446 7701
W 54 55 2830 4304 4305 7080
W 1176 2300 3172 5426 6550 7422
W 1707 2205 3377 5957 6455 7627
W 691 2136 2603 4941 6386 6853
W 325 1853 3814 4575 6103 8064
W 1061 1972 2727 5311 6222 6977
W 794 2604 2274 5044 6854 6524
W 1014 1815 4198 5264 6065 8448
W 687 2099 2574 4937 6349 6824
W 418 1836 3093 4668 6086 7343
W 1245 3833 3095 5495 8083 7345
W 294 2067 3659 4544 6317 7909
W 702 2140 4124 4952 6390 8374
W 1767 4185 3864 6017 8435 8114
W 2112 4054 3577 6362 8304 7827
W 489 2941 2524 4739 7191 6774
W 1169 2524 2941 5419 6774 7191
W 874 2053 2783 5124 6303 7033
W 74 75 2701 4324 4325 6951
W 768 2397 2522 5018 6647 6772
W 1026 3328 3779 5276 7578 8029
W 744 4227 2149 4994 8477 6399
W 251 2817 3991 4501 7067 8241
W 798 2616 2154 5048 6866 6404
W 665 2043 2741 4915 6293 6991
W 1140 2503 3232 5390 6753 7482
W 530 3380 3512 4780 7630 7762
W 177 2239 2715 4427 6489 6965
W 1129 1816 3549 5379 6066 7799
W 414 2851 1914 4664 7101 6164
W 936 1901 4146 5186 6151 8396
W 850 1955 3364 5100 6205 7614
W 725 3787 2130 4975 8037 6380
W 35 3855 2131 4285 8105 6381
W 1148 3646 1820 5398 7896 6070
W 1130 2455 2749 5380 6705 6999
W 562 2749 2455 4812 6999 6705
W 883 1899 3417 5133 6149 7667
W 1085 2102 2579 5335 6352 6829
W 445 2254 2890 4695 6504 7140
W 276 1858 3867 4526 6108 8117
W 134 135 4157 4384 4385 8407
W 471 2615 2528 4721 6865 6778
W 33 34 2882 4283 4284 7132
W 937 2803 3471 5187 7053 7721
W 981 4169 1822 5231 8419 6072
W 329 3780 1820 4579 8030 6070
W 352 2887 1967 4602 7137 6217
W 1202 3349 2354 5452 7599 6604
W 40 2075 3442 4290 6325 7692
W 1125 3442 2075 5375 7692 6325
W 528 2495 2777 4778 6745 7027
W 991 2971 3054 5241 7221 7304
W 307 3470 2490 4557 7720 6740
W 1080 3558 2461 5330 7808 6711
W 414 2625 4190 4664 6875 8440
W 208 209 3740 4458 4459 7990
W 860 2014 3940 5110 6264 8190
W 57 58 2644 4307 4308 6894
W 209 210 3001 4459 4460 7251
W 880 2623 2090 5130 6873 6340
W 986 2426 2358 5236 6676 6608
W 392 2518 2225 4642 6768 6475
W 762 3564 4204 5012 7814 8454
W 1257 2292 3614 5507 6542 7864
W 483 3614 2292 4733 7864 6542
W 944 4167 1877 5194 8417 6127
W 804 3468 2485 5054 7718 6735
W 1288 2485 3468 5538 6735 7718
W 1201 2626 2919 5451 6876 7169
W 1481 2726 3040 5731 6976 7290
W 243 2127 3517 4493 6377 7767
W 992 3159 1839 5242 7409 6089
W 1212 1932 3252 5462 6182 7502
W 867 2752 1978 5117 7002 6228
W 1686 4023 2735 5936 8273 6985
W 893 2508 3341 5143 6758 7591
W 513 3770 2684 4763 8020 6934
W 1277 1928 3340 5527 6178 7590
W 920 1964 2892 5170 6214 7142
W 499 2892 1964 4749 7142 6214
W 883 2313 3790 5133 6563 8040
W 2114 2312 3876 6364 6562 8126
W 870 3057 2531 5120 7307 6781
W 1196 3716 2474 5446 7966 6724
W 400 1997 2894 4650 6247 7144
W 1234 2896 1912 5484 7146 6162
W 148 2161 3872 4398 6411 8122
W 446 2536 2466 4696 6786 6716
W 988 2466 2536 5238 6716 6786
W 1309 2483 3332 5559 6733 7582
W 642 2006 3024 4892 6256 7274
W 1090 3024 2006 5340 7274 6256
W 1303 3243 2030 5553 7493 6280
W 42 2170 4078 4292 6420 8328
W 362 3516 2224 4612 7766 6474
W 1191 2224 3516 5441 6474 7766
W 1261 2442 3429 5511 6692 7679
W 755 3429 2442 5005 7679 6692
W 1469 2889 4057 5719 7139 8307
W 730 2845 2029 4980 7095 6279
W 1380 4208 2191 5630 8458 6441
W 967 2084 3116 5217 6334 7366
W 1020 2905 2879 5270 7155 7129
W 1021 1949 2822 5271 6199 7072
W 518 1828 3420 4768 6078 7670
W 995 3887 2846 5245 8137 7096
W 1017 1829 3536 5267 6079 7786
W 683 1852 3155 4933 6102 7405
W 868 2000 3919 5118 6250 8169
W 400 2894 2009 4650 7144 6259
W 474 1862 4032 4724 6112 8282
W 789 2654 2072 5039 6904 6322
W 485 3071 2372 4735 7321 6622
W 11 12 2849 4261 4262 7099
W 1057 2096 3222 5307 6346 7472
W 454 3222 2096 4704 7472 6346
W 1585 3173 4042 5835 7423 8292
W 322 2688 3308 4572 6938 7558
W 1340 3308 2688 5590 7558 6938
W 198 199 3953 4448 4449 8203
W 1240 3297 2566 5490 7547 6816
W 1086 2572 2678 5336 6822 6928
W 923 2678 2572 5173 6928 6822
W 1273 3318 3227 5523 7568 7477
W 220 1940 2940 4470 6190 7190
W 22 23 3160 4272 4273 7410
W 1180 2214 3234 5430 6464 7484
W 832 2092 3508 5082 6342 7758
W 1110 3551 2220 5360 7801 6470
W 232 2377 2785 4482 6627 7035
W 240 1962 3002 4490 6212 7252
W 694 3553 1830 4944 7803 6080
W 897 1830 3522 5147 6080 7772
W 1030 2586 3260 5280 6836 7510
W 589 3915 2079 4839 8165 6329
W 1101 3465 3032 5351 7715 7282
W 2039 2975 3721 6289 7225 7971
W 1369 3573 2226 5619 7823 6476
W 882 1958 2824 5132 6208 7074
W 1170 2603 2136 5420 6853 6386
W 413 2019 3157 4663 6269 7407
W 797 1868 3102 5047 6118 7352
W 156 2191 4208 4406 6441 8458
W 1281 3850 3006 5531 8100 7256
W 361 3112 3436 4611 7362 7686
W 676 2952 1905 4926 7202 6155
W 1427 2235 2930 5677 6485 7180
W 1802 3067 3925 6052 7317 8175
W 1157 3925 3067 5407 8175 7317
W 1600 2741 3706 5850 6991 7956
W 912 3354 1991 5162 7604 6241
W 1348 3886 2418 5598 8136 6668
W 86 87 3628 4336 4337 7878
W 881 3830 1967 5131 8080 6217
W 860 3940 3988 5110 8190 8238
W 793 2665 2353 5043 6915 6603
W 1042 2353 2665 5292 6603 6915
W 1521 4131 2522 5771 8381 6772
W 1004 2621 2130 5254 6871 6380
W 426 1927 3217 4676 6177 7467
W 976 3217 1927 5226 7467 6177
W 1005 1845 3446 5255 6095 7696
W 693 3446 1845 4943 7696 6095
W 1022 1965 3088 5272 6215 7338
W 113 3088 1965 4363 7338 6215
W 255 2147 3602 4505 6397 7852
W 1185 3602 2147 5435 7852 6397
W 1070 3165 2317 5320 7415 6567
W 140 141 4159 4390 4391 8409
W 1052 4196 3039 5302 8446 7289
W 887 3226 2086 5137 7476 6336
W 360 1845 3821 4610 6095 8071
W 1593 1885 4165 5843 6135 8415
W 951 2168 2584 5201 6418 6834
W 1436 2775 2394 5686 7025 6644
W 335 2394 2775 4585 6644 7025
W 1384 2026 3493 5634 6276 7743
W 1131 2655 2712 5381 6905 6962
W 911 2712 2655 5161 6962 6905
W 622 1888 3812 4872 6138 8062
W 1494 4041 3916 5744 8291 8166
W 1380 2100 4208 5630 6350 8458
W 155 4208 2100 4405 8458 6350
W 1567 3873 4029 5817 8123 8279
W 301 2578 2179 4551 6828 6429
W 3530 4211 1075 7780 8461 5325
W 735 3655 1836 4985 7905 6086
W 1428 3898 2533 5678 8148 6783
W 83 84 3612 4333 4334 7862
W 437 3840 1873 4687 8090 6123
W 704 1847 3802 4954 6097 8052
W 1151 3974 3505 5401 8224 7755
W 900 2165 2602 5150 6415 6852
W 1591 2980 4223 5841 7230 8473
W 621 1853 4214 4871 6103 8464
W 1076 2564 3207 5326 6814 7457
W 1092 3686 4234 5342 7936 8484
W 1231 3177 1864 5481 7427 6114
W 1056 4007 1837 5306 8257 6087
W 36 37 3267 4286 4287 7517
W 516 2230 3000 4766 6480 7250
W 1044 3000 2230 5294 7250 6480
W 865 3701 2071 5115 7951 6321
W 565 3141 3658 4815 7391 7908
W 314 2508 3131 4564 6758 7381
W 1199 3131 2508 5449 7381 6758
W 638 3096 1880 4888 7346 6130
W 55 56 2614 4305 4306 6864
W 1841 4129 2118 6091 8379 6368
W 176 177 2715 4426 4427 6965
W 841 2719 2041 5091 6969 6291
W 913 3867 1858 5163 8117 6108
W 468 2065 3089 4718 6315 7339
W 1532 3615 2049 5782 7865 6299
W 647 2049 3615 4897 6299 7865
W 869 2047 3444 5119 6297 7694
W 1035 2422 3644 5285 6672 7894
W 1596 2129 3323 5846 6379 7573
W 1253 2984 1907 5503 7234 6157
W 910 3814 1853 5160 8064 6103
W 450 1846 3763 4700 6096 8013
W 1370 4122 3377 5620 8372 7627
W 408 3454 2060 4658 7704 6310
W 4211 2998 1075 8461 7248 5325
W 1312 3865 4173 5562 8115 8423
W 1377 3295 2793 5627 7545 7043
W 253 2415 4093 4503 6665 8343
W 325 1844 3390 4575 6094 7640
W 291 1843 3489 4541 6093 7739
W 351 1841 3504 4601 6091 7754
W 651 3864 4185 4901 8114 8435
W 43 44 3285 4293 4294 7535
W 1310 4073 3704 5560 8323 7954
W 332 3578 1876 4582 7828 6126
W 1065 3249 2110 5315 7499 6360
W 509 2110 3249 4759 6360 7499
W 1350 4126 3320 5600 8376 7570
W 386 2998 4147 4636 7248 8397
W 941 3722 1871 5191 7972 6121
W 1379 2497 3846 5629 6747 8096
W 394 2631 3033 4644 6881 7283
W 1210 3033 2631 5460 7283 6881
W 866 2195 4131 5116 6445 8381
W 1017 3020 3302 5267 7270 7552
W 942 2715 2239 5192 6965 6489
W 1223 4178 1897 5473 8428 6147
W 628 1932 4138 4878 6182 8388
W 430 1854 3742 4680 6104 7992
W 489 4172 1847 4739 8422 6097
W 479 2028 2761 4729 6278 7011
W 642 4044 1882 4892 8294 6132
W 983 3489 1843 5233 7739 6093
W 431 2766 2027 4681 7016 6277
W 1304 3396 3718 5554 7646 7968
W 263 2000 3247 4513 6250 7497
W 1015 3247 2000 5265 7497 6250
W 518 3420 3501 4768 7670 7751
W 1379 3721 2497 5629 7971 6747
W 908 2497 3721 5158 6747 7971
W 333 1926 3005 4583 6176 7255
W 874 3170 2298 5124 7420 6548
W 1769 3530 2700 6019 7780 6950
W 1634 2846 3999 5884 7096 8249
W 395 3370 2570 4645 7620 6820
W 1175 3245 1975 5425 7495 6225
W 208 3740 1856 4458 7990 6106
W 1539 3321 3331 5789 7571 7581
W 984 3794 1850 5234 8044 6100
W 234 2020 3114 4484 6270 7364
W 374 2522 4131 4624 6772 8381
W 133 134 2850 4383 4384 7100
W 985 2940 1940 5235 7190 6190
W 649 3580 1848 4899 7830 6098
W 885 2734 2733 5135 6984 6983
W 1186 2733 2734 5436 6983 6984
W 1116 2741 2043 5366 6991 6293
W 1586 3745 2873 5836 7995 7123
W 613 2873 3745 4863 7123 7995
W 482 3801 3951 4732 8051 8201
W 483 2053 3042 4733 6303 7292
W 980 3042 2053 5230 7292 6303
W 352 1967 2874 4602 6217 7124
W 790 2107 2679 5040 6357 6929
W 1188 3548 3490 5438 7798 7740
W 699 2106 3306 4949 6356 7556
W 269 3889 2325 4519 8139 6575
W 255 3152 2147 4505 7402 6397
W 601 3134 4105 4851 7384 8355
W 166 167 3253 4416 4417 7503
W 666 3920 1872 4916 8170 6122
W 149 150 3477 4399 4400 7727
W 304 1919 3014 4554 6169 7264
W 1110 3391 3551 5360 7641 7801
W 987 3114 2020 5237 7364 6270
W 934 1988 3570 5184 6238 7820
W 760 2153 3600 5010 6403 7850
W 1177 3600 2153 5427 7850 6403
W 139 140 3895 4389 4390 8145
W 1398 1890 4112 5648 6140 8362
W 157 158 3456 4407 4408 7706
W 1521 2522 2397 5771 6772 6647
W 1654 2859 4025 5904 7109 8275
W 1388 1971 3074 5638 6221 7324
W 334 3757 2988 4584 8007 7238
W 1659 2988 3757 5909 7238 8007
W 1111 3729 1859 5361 7979 6109
W 690 1891 4109 4940 6141 8359
W 1134 3760 3385 5384 8010 7635
W 997 2541 2777 5247 6791 7027
W 881 1967 2887 5131 6217 7137
W 276 3450 1858 4526 7700 6108
W 106 107 3055 4356 4357 7305
W 1476 3064 3727 5726 7314 7977
W 868 2380 2477 5118 6630 6727
W 189 190 2796 4439 4440 7046
W 768 2566 3297 5018 6816 7547
W 1081 1906 3071 5331 6156 7321
W 1151 2942 3974 5401 7192 8224
W 759 3323 1868 5009 7573 6118
W 379 4075 2588 4629 8325 6838
W 975 3158 1985 5225 7408 6235
W 410 1985 3158 4660 6235 7408
W 191 192 3270 4441 4442 7520
W 1010 2877 2477 5260 7127 6727
W 1511 3437 2995 5761 7687 7245
W 634 2995 3437 4884 7245 7687
W 1141 3102 3047 5391 7352 7297
W 1070 4213 1860 5320 8463 6110
W 935 3812 1888 5185 8062 6138
W 958 3126 2028 5208 7376 6278
W 333 3320 3607 4583 7570 7857
W 597 2219 2962 4847 6469 7212
W 931 1933 3007 5181 6183 7257
W 659 1892 4199 4909 6142 8449
W 115 116 3753 4365 4366 8003
W 356 2368 3008 4606 6618 7258
W 1101 3008 2368 5351 7258 6618
W 768 3297 2397 5018 7547 6647
W 1102 3641 3493 5352 7891 7743
W 1628 3050 4245 5878 7300 8495
W 1350 3005 1936 5600 7255 6186
W 568 3924 3756 4818 8174 8006
W 1231 1864 3924 5481 6114 8174
W 1598 3842 3151 5848 8092 7401
W 980 3138 3042 5230 7388 7292
W 1408 3042 3138 5658 7292 7388
W 697 2944 2729 4947 7194 6979
W 717 2888 2277 4967 7138 6527
W 943 3096 1946 5193 7346 6196
W 1202 2139 3726 5452 6389 7976
W 710 3726 2139 4960 7976 6389
W 506 2963 2117 4756 7213 6367
W 135 2516 4157 4385 6766 8407
W 877 2203 3396 5127 6453 7646
W 347 2714 2859 4597 6964 7109
W 1184 2859 2714 5434 7109 6964
W 1086 2233 3195 5336 6483 7445
W 200 201 2577 4450 4451 6827
W 544 2930 2133 4794 7180 6383
W 969 2133 2930 5219 6383 7180
W 711 2248 3682 4961 6498 7932
W 1104 3826 3210 5354 8076 7460
W 834 2259 3791 5084 6509 8041
W 169 170 3449 4419 4420 7699
W 443 1902 3154 4693 6152 7404
W 1179 3155 2647 5429 7405 6897
W 1134 3385 3679 5384 7635 7929
W 525 3792 2765 4775 8042 7015
W 1457 3774 4071 5707 8024 8321
W 483 2783 2053 4733 7033 6303
W 884 3671 2399 5134 7921 6649
W 1253 2421 2690 5503 6671 6940
W 1125 1878 4015 5375 6128 8265
W 1477 2883 2398 5727 7133 6648
W 92 2511 3314 4342 6761 7564
W 1043 2469 2484 5293 6719 6734
W 419 2504 2412 4669 6754 6662
W 940 2412 2504 5190 6662 6754
W 359 2727 2172 4609 6977 6422
W 875 3856 2260 5125 8106 6510
W 79 2801 2315 4329 7051 6565
W 2224 3609 2795 6474 7859 7045
W 1103 2641 2221 5353 6891 6471
W 317 2221 2641 4567 6471 6891
W 28 2173 4090 4278 6423 8340
W 904 2222 3766 5154 6472 8016
W 970 3001 4095 5220 7251 8345
W 1155 3937 1957 5405 8187 6207
W 1292 3221 2730 5542 7471 6980
W 486 2730 3221 4736 6980 7471
W 393 2095 2738 4643 6345 6988
W 344 4097 2044 4594 8347 6294
W 1064 3331 3321 5314 7581 7571
W 467 2820 2165 4717 7070 6415
W 392 2384 2518 4642 6634 6768
W 765 2838 2109 5015 7088 6359
W 64 2529 3948 4314 6779 8198
W 136 1874 3485 4386 6124 7735
W 822 1907 4118 5072 6157 8368
W 734 1957 3235 4984 6207 7485
W 1238 3064 4051 5488 7314 8301
W 1229 3709 1870 5479 7959 6120
W 1195 2265 2881 5445 6515 7131
W 645 1871 3539 4895 6121 7789
W 876 3608 2203 5126 7858 6453
W 473 2182 2659 4723 6432 6909
W 1224 3776 4150 5474 8026 8400
W 1410 3302 3020 5660 7552 7270
W 1158 2498 2769 5408 6748 7019
W 876 3956 2249 5126 8206 6499
W 302 3327 2266 4552 7577 6516
W 655 3214 2352 4905 7464 6602
W 1094 2145 3567 5344 6395 7817
W 304 3337 2318 4554 7587 6568
W 762 2361 3517 5012 6611 7767
W 652 2878 2010 4902 7128 6260
W 387 2690 2421 4637 6940 6671
W 809 3195 2233 5059 7445 6483
W 1028 2615 2299 5278 6865 6549
W 1304 2441 3396 5554 6691 7646
W 509 2732 2110 4759 6982 6360
W 881 2029 2845 5131 6279 7095
W 1028 2299 2912 5278 6549 7162
W 383 2912 2299 4633 7162 6549
W 409 3111 3092 4659 7361 7342
W 1362 1983 3046 5612 6233 7296
W 103 104 3732 4353 4354 7982
W 668 1927 4209 4918 6177 8459
W 1011 3860 2872 5261 8110 7122
W 758 2327 2792 5008 6577 7042
W 879 2219 3823 5129 6469 8073
W 806 4116 2423 5056 8366 6673
W 1455 2423 4116 5705 6673 8366
W 1240 2566 2416 5490 6816 6666
W 754 1908 3203 5004 6158 7453
W 633 4168 4230 4883 8418 8480
W 908 3184 2497 5158 7434 6747
W 624 1883 3381 4874 6133 7631
W 427 3382 1883 4677 7632 6133
W 807 1990 3090 5057 6240 7340
W 2275 3109 4003 6525 7359 8253
W 1438 4223 2437 5688 8473 6687
W 1002 1988 3271 5252 6238 7521
W 301 3271 1988 4551 7521 6238
W 519 1966 2981 4769 6216 7231
W 324 2746 3959 4574 6996 8209
W 745 1894 3962 4995 6144 8212
W 442 3200 2215 4692 7450 6465
W 1078 2215 3200 5328 6465 7450
W 1788 2841 3625 6038 7091 7875
W 482 3951 2979 4732 8201 7229
W 1149 2812 2662 5399 7062 6912
W 427 2662 2812 4677 6912 7062
W 886 3002 1962 5136 7252 6212
W 1161 3661 3481 5411 7911 7731
W 407 2945 2134 4657 7195 6384
W 966 2134 2945 5216 6384 7195
W 1052 3039 2928 5302 7289 7178
W 1315 4181 2398 5565 8431 6648
W 1261 3429 2355 5511 7679 6605
W 317 3282 2221 4567 7532 6471
W 763 2291 3415 5013 6541 7665
W 1171 3415 2291 5421 7665 6541
W 1029 2274 2604 5279 6524 6854
W 441 3326 1892 4691 7576 6142
W 1733 2250 3532 5983 6500 7782
W 1313 2833 2264 5563 7083 6514
W 864 2648 2224 5114 6898 6474
W 1062 3467 4142 5312 7717 8392
W 887 2214 3226 5137 6464 7476
W 444 4102 1917 4694 8352 6167
W 1633 2589 3455 5883 6839 7705
W 1054 1914 3952 5304 6164 8202
W 889 2852 2162 5139 7102 6412
W 433 2992 1973 4683 7242 6223
W 1015 2187 3248 5265 6437 7498
W 882 2484 2469 5132 6734 6719
W 1036 3554 3022 5286 7804 7272
W 1083 2779 2670 5333 7029 6920
W 385 3244 1977 4635 7494 6227
W 410 2021 2891 4660 6271 7141
W 486 2267 3269 4736 6517 7519
W 223 224 3687 4473 4474 7937
W 1176 3172 2474 5426 7422 6724
W 630 2474 3172 4880 6724 7422
W 316 3493 2026 4566 7743 6276
W 891 2417 2555 5141 6667 6805
W 1205 3013 1970 5455 7263 6220
W 784 1893 3394 5034 6143 7644
W 876 2249 3608 5126 6499 7858
W 260 1920 3224 4510 6170 7474
W 421 2200 3298 4671 6450 7548
W 978 2127 2993 5228 6377 7243
W 243 2993 2127 4493 7243 6377
W 1054 2598 2663 5304 6848 6913
W 294 2663 2598 4544 6913 6848
W 1008 2779 2550 5258 7029 6800
W 1083 2550 2779 5333 6800 7029
W 471 2282 2615 4721 6532 6865
W 334 2745 2919 4584 6995 7169
W 1201 2919 2745 5451 7169 6995
W 655 2409 3214 4905 6659 7464
W 831 1918 3262 5081 6168 7512
W 1638 3590 3176 5888 7840 7426
W 1055 3176 3590 5305 7426 7840
W 282 1898 3878 4532 6148 8128
W 515 2613 2499 4765 6863 6749
W 996 2499 2613 5246 6749 6863
W 316 2026 3538 4566 6276 7788
W 1089 3538 2026 5339 7788 6276
W 337 1891 3479 4587 6141 7729
W 749 2731 4096 4999 6981 8346
W 1645 4096 2731 5895 8346 6981
W 311 3119 2185 4561 7369 6435
W 1036 2185 3119 5286 6435 7369
W 1485 2444 3823 5735 6694 8073
W 1461 1926 3799 5711 6176 8049
W 640 3417 1899 4890 7667 6149
W 547 3608 3367 4797 7858 7617
W 738 1934 4176 4988 6184 8426
W 1335 4177 2321 5585 8427 6571
W 1064 3511 3331 5314 7761 7581
W 965 3086 2166 5215 7336 6416
W 965 2740 2238 5215 6990 6488
W 764 2238 2740 5014 6488 6990
W 1422 4159 1932 5672 8409 6182
W 1049 3395 1902 5299 7645 6152
W 1344 1930 4135 5594 6180 8385
W 800 1895 3486 5050 6145 7736
W 1010 2380 2776 5260 6630 7026
W 377 2776 2380 4627 7026 6630
W 59 60 2656 4309 4310 6906
W 423 2177 4085 4673 6427 8335
W 939 2412 2537 5189 6662 6787
W 656 3383 2073 4906 7633 6323
W 1148 2507 3695 5398 6757 7945
W 1431 3271 2911 5681 7521 7161
W 301 2911 3271 4551 7161 7521
W 1587 2740 3640 5837 6990 7890
W 674 2261 3822 4924 6511 8072
W 1669 3822 2261 5919 8072 6511
W 1259 1902 4127 5509 6152 8377
W 987 2373 3094 5237 6623 7344
W 141 3252 1932 4391 7502 6182
W 31 3170 1942 4281 7420 6192
W 491 2857 2062 4741 7107 6312
W 391 3266 2033 4641 7516 6283
W 225 226 4027 4475 4476 8277
W 1081 3715 1906 5331 7965 6156
W 346 1906 3715 4596 6156 7965
W 400 1959 3356 4650 6209 7606
W 27 28 4090 4277 4278 8340
W 868 3919 2176 5118 8169 6426
W 247 2169 2800 4497 6419 7050
W 1233 4172 3045 5483 8422 7295
W 274 1903 3841 4524 6153 8091
W 1075 2700 3530 5325 6950 7780
W 1038 1903 3484 5288 6153 7734
W 1505 2244 3622 5755 6494 7872
W 168 3696 2342 4418 7946 6592
W 1068 3878 1898 5318 8128 6148
W 871 3426 1910 5121 7676 6160
W 1316 2981 2275 5566 7231 6525
W 1561 2145 3205 5811 6395 7455
W 1086 3877 1903 5336 8127 6153
W 1406 3104 3336 5656 7354 7586
W 1176 3470 2300 5426 7720 6550
W 307 2300 3470 4557 6550 7720
W 1366 2450 3705 5616 6700 7955
W 1798 3990 4137 6048 8240 8387
W 572 3151 3842 4822 7401 8092
W 788 2868 2070 5038 7118 6320
W 1407 3948 2529 5657 8198 6779
W 1289 2922 2111 5539 7172 6361
W 1301 1943 4187 5551 6193 8437
W 914 2282 2791 5164 6532 7041
W 703 3710 2134 4953 7960 6384
W 1228 3324 3663 5478 7574 7913
W 915 2359 2843 5165 6609 7093
W 657 4233 1912 4907 8483 6162
W 744 4155 2309 4994 8405 6559
W 1466 2252 3392 5716 6502 7642
W 388 2253 2936 4638 6503 7186
W 1011 2936 2253 5261 7186 6503
W 953 1939 3265 5203 6189 7515
W 1038 3841 1903 5288 8091 6153
W 974 2008 3885 5224 6258 8135
W 639 3907 1917 4889 8157 6167
W 243 2527 2993 4493 6777 7243
W 1359 2993 2527 5609 7243 6777
W 1113 1929 3314 5363 6179 7564
W 1424 3458 3500 5674 7708 7750
W 289 1912 3835 4539 6162 8085
W 1137 1949 3199 5387 6199 7449
W 341 3116 2084 4591 7366 6334
W 894 2301 3582 5144 6551 7832
W 344 2044 3625 4594 6294 7875
W 1409 2187 3607 5659 6437 7857
W 685 1916 3868 4935 6166 8118
W 715 2906 3908 4965 7156 8158
W 1636 3908 2906 5886 8158 7156
W 916 2476 3106 5166 6726 7356
W 609 2788 2144 4859 7038 6394
W 1034 2625 3120 5284 6875 7370
W 925 2535 3060 5175 6785 7310
W 1099 2994 2098 5349 7244 6348
W 1621 2138 3638 5871 6388 7888
W 1074 1909 3634 5324 6159 7884
W 980 2053 3103 5230 6303 7353
W 103 3732 1911 4353 7982 6161
W 1266 3909 1910 5516 8159 6160
W 365 1913 3548 4615 6163 7798
W 827 4206 2117 5077 8456 6367
W 955 3157 2019 5205 7407 6269
W 54 2830 2121 4304 7080 6371
W 242 1921 3902 4492 6171 8152
W 735 1914 3655 4985 6164 7905
W 1054 3655 1914 5304 7905 6164
W 1155 2612 2803 5405 6862 7053
W 557 3135 2018 4807 7385 6268
W 827 2963 2487 5077 7213 6737
W 831 3527 1918 5081 7777 6168
W 1286 3099 3333 5536 7349 7583
W 1406 2045 3104 5656 6295 7354
W 178 3319 2239 4428 7569 6489
W 1114 2239 3319 5364 6489 7569
W 140 4159 3895 4390 8409 8145
W 798 4056 2616 5048 8306 6866
W 924 2591 2381 5174 6841 6631
W 929 2670 2341 5179 6920 6591
W 345 2433 3480 4595 6683 7730
W 481 4156 1916 4731 8406 6166
W 752 2245 3447 5002 6495 7697
W 465 3291 1944 4715 7541 6194
W 575 2437 4223 4825 6687 8473
W 1342 3707 1915 5592 7957 6165
W 1096 1917 4102 5346 6167 8352
W 571 4042 3173 4821 8292 7423
W 291 3489 1931 4541 7739 6181
W 257 2420 3635 4507 6670 7885
W 1678 4234 3686 5928 8484 7936
W 1202 3726 3666 5452 7976 7916
W 819 3261 2042 5069 7511 6292
W 1190 3193 3950 5440 7443 8200
W 1672 4228 3381 5922 8478 7631
W 1120 2649 2650 5370 6899 6900
W 905 2650 2649 5155 6900 6899
W 1011 2872 2936 5261 7122 7186
W 1150 3259 3756 5400 7509 8006
W 706 2964 2039 4956 7214 6289
W 1338 3613 1920 5588 7863 6170
W 1113 3463 1929 5363 7713 6179
W 894 4030 4014 5144 8280 8264
W 1173 2983 2033 5423 7233 6283
W 170 171 3184 4420 4421 7434
W 1022 1924 3733 5272 6174 7983
W 379 2588 3209 4629 6838 7459
W 1211 3209 2588 5461 7459 6838
W 966 2800 2169 5216 7050 6419
W 1648 2486 3941 5898 6736 8191
W 857 1922 3806 5107 6172 8056
W 482 3232 2503 4732 7482 6753
W 688 3752 1938 4938 8002 6188
W 883 3790 2962 5133 8040 7212
W 814 4246 1920 5064 8496 6170
W 1313 3092 3111 5563 7342 7361
W 799 3869 1922 5049 8119 6172
W 390 3973 1923 4640 8223 6173
W 1279 2694 4158 5529 6944 8408
W 115 3753 1924 4365 8003 6174
W 777 3733 1924 5027 7983 6174
W 1463 2920 3467 5713 7170 7717
W 440 3467 2920 4690 7717 7170
W 1581 3848 4244 5831 8098 8494
W 497 2989 2041 4747 7239 6291
W 1155 1957 3932 5405 6207 8182
W 354 3932 1957 4604 8182 6207
W 1252 3774 2782 5502 8024 7032
W 1847 2319 3703 6097 6569 7953
W 499 3824 2540 4749 8074 6790
W 65 66 3698 4315 4316 7948
W 1242 3623 3373 5492 7873 7623
W 403 2750 2216 4653 7000 6466
W 1215 2372 3368 5465 6622 7618
W 1031 2601 3452 5281 6851 7702
W 655 3272 1959 4905 7522 6209
W 901 2165 2820 5151 6415 7070
W 575 4223 2980 4825 8473 7230
W 1166 2331 3427 5416 6581 7677
W 820 3427 2331 5070 7677 6581
W 245 3036 3100 4495 7286 7350
W 957 2003 3236 5207 6253 7486
W 1041 3006 2314 5291 7256 6564
W 756 2314 3006 5006 6564 7256
W 498 1969 3590 4748 6219 7840
W 1055 3590 1969 5305 7840 6219
W 438 3564 2159 4688 7814 6409
W 411 3985 3863 4661 8235 8113
W 1317 3346 1960 5567 7596 6210
W 91 92 3314 4341 4342 7564
W 267 4165 2277 4517 8415 6527
W 1171 3637 1929 5421 7887 6179
W 1066 2182 3284 5316 6432 7534
W 473 3284 2182 4723 7534 6432
W 461 2879 2116 4711 7129 6366
W 894 4014 2693 5144 8264 6943
W 309 3277 2502 4559 7527 6752
W 1192 2502 3277 5442 6752 7527
W 250 2103 2897 4500 6353 7147
W 378 2333 3127 4628 6583 7377
W 1088 3127 2333 5338 7377 6583
W 779 2991 2345 5029 7241 6595
W 1029 2648 2481 5279 6898 6731
W 864 2481 2648 5114 6731 6898
W 476 2670 2779 4726 6920 7029
W 1085 2571 3316 5335 6821 7566
W 1035 1976 3239 5285 6226 7489
W 366 2620 4099 4616 6870 8349
W 1226 3888 1939 5476 8138 6189
W 1352 3501 2707 5602 7751 6957
W 1160 2707 3501 5410 6957 7751
W 1286 3333 3991 5536 7583 8241
W 1246 4142 1954 5496 8392 6204
W 925 3060 2631 5175 7310 6881
W 377 3818 1935 4627 8068 6185
W 1356 4056 2324 5606 8306 6574
W 798 2324 4056 5048 6574 8306
W 904 3766 2428 5154 8016 6678
W 579 2562 3881 4829 6812 8131
W 1415 3881 2562 5665 8131 6812
W 366 4216 3080 4616 8466 7330
W 1011 2024 3075 5261 6274 7325
W 692 3250 2009 4942 7500 6259
W 1166 3427 3168 5416 7677 7418
W 1378 1959 3325 5628 6209 7575
W 290 2068 2973 4540 6318 7223
W 1440 4211 4225 5690 8461 8475
W 224 225 2985 4474 4475 7235
W 342 3779 2944 4592 8029 7194
W 1359 3166 2993 5609 7416 7243
W 978 2993 3166 5228 7243 7416
W 1000 2349 3156 5250 6599 7406
W 894 2693 2301 5144 6943 6551
W 792 3336 3104 5042 7586 7354
W 1361 3847 3687 5611 8097 7937
W 814 2638 2390 5064 6888 6640
W 990 1938 3752 5240 6188 8002
W 476 2341 2670 4726 6591 6920
W 1015 2000 3194 5265 6250 7444
W 34 2131 2882 4284 6381 7132
W 1578 3450 3714 5828 7700 7964
W 295 2434 3388 4545 6684 7638
W 946 3109 2679 5196 7359 6929
W 542 3870 3414 4792 8120 7664
W 1145 2748 2798 5395 6998 7048
W 1001 2798 2748 5251 7048 6998
W 1623 2616 4056 5873 6866 8306
W 1802 3080 4216 6052 7330 8466
W 760 4225 1971 5010 8475 6221
W 872 2778 2295 5122 7028 6545
W 1575 2845 2321 5825 7095 6571
W 246 3585 2061 4496 7835 6311
W 549 2258 4061 4799 6508 8311
W 919 3190 2034 5169 7440 6284
W 533 1990 3240 4783 6240 7490
W 300 2473 3946 4550 6723 8196
W 6 7 3348 4256 4257 7598
W 985 2982 2074 5235 7232 6324
W 1017 2774 2619 5267 7024 6869
W 1138 2635 2936 5388 6885 7186
W 985 3892 2982 5235 8142 7232
W 399 4107 1949 4649 8357 6199
W 1444 3737 3153 5694 7987 7403
W 1560 3139 2101 5810 7389 6351
W 425 2284 2974 4675 6534 7224
W 1016 2974 2284 5266 7224 6534
W 1168 2031 3963 5418 6281 8213
W 877 3396 2441 5127 7646 6691
W 631 2955 3202 4881 7205 7452
W 1355 3202 2955 5605 7452 7205
W 873 2516 3485 5123 6766 7735
W 730 2321 2845 4980 6571 7095
W 283 2124 2914 4533 6374 7164
W 296 2752 2364 4546 7002 6614
W 734 3430 1957 4984 7680 6207
W 1801 4230 4168 6051 8480 8418
W 2422 3264 3644 6672 7514 7894
W 1525 3900 2584 5775 8150 6834
W 884 3337 3671 5134 7587 7921
W 1011 3075 3860 5261 7325 8110
W 1373 1958 4075 5623 6208 8325
W 1207 2044 4097 5457 6294 8347
W 928 3144 2079 5178 7394 6329
W 236 1955 4052 4486 6205 8302
W 889 2330 3092 5139 6580 7342
W 26 27 2754 4276 4277 7004
W 918 2529 3698 5168 6779 7948
W 1567 2386 3873 5817 6636 8123
W 444 3103 2637 4694 7353 6887
W 557 2018 3153 4807 6268 7403
W 400 3356 1997 4650 7606 6247
W 996 1997 3356 5246 6247 7606
W 1343 4137 3990 5593 8387 8240
W 879 3823 2444 5129 8073 6694
W 270 2050 3053 4520 6300 7303
W 667 4060 1963 4917 8310 6213
W 226 227 2767 4476 4477 7017
W 429 2119 2929 4679 6369 7179
W 1280 3285 3307 5530 7535 7557
W 448 2242 2866 4698 6492 7116
W 738 3664 1969 4988 7914 6219
W 623 2580 3115 4873 6830 7365
W 1236 3115 2580 5486 7365 6830
W 850 3488 1955 5100 7738 6205
W 341 1960 4045 4591 6210 8295
W 936 2929 2119 5186 7179 6369
W 1143 2303 3556 5393 6553 7806
W 410 3158 2021 4660 7408 6271
W 44 45 3307 4294 4295 7557
W 1352 2707 3861 5602 6957 8111
W 1184 3755 2859 5434 8005 7109
W 1516 2859 3755 5766 7109 8005
W 1319 2979 3116 5569 7229 7366
W 967 3116 2979 5217 7366 7229
W 1374 3425 2271 5624 7675 6521
W 459 4009 2751 4709 8259 7001
W 976 2163 3051 5226 6413 7301
W 587 3051 2163 4837 7301 6413
W 1468 2007 3250 5718 6257 7500
W 912 2262 3354 5162 6512 7604
W 1975 4018 3512 6225 8268 7762
W 4018 1162 3512 8268 5412 7762
W 309 2310 3277 4559 6560 7527
W 85 86 3106 4335 4336 7356
W 1027 2345 2991 5277 6595 7241
W 287 2011 3406 4537 6261 7656
W 1405 3399 2917 5655 7649 7167
W 926 2306 2728 5176 6556 6978
W 285 3128 2035 4535 7378 6285
W 240 3983 1962 4490 8233 6212
W 165 2056 3305 4415 6306 7555
W 233 2164 2913 4483 6414 7163
W 689 3281 2002 4939 7531 6252
W 1018 2860 2931 5268 7110 7181
W 885 2954 2160 5135 7204 6410
W 245 3100 2718 4495 7350 6968
W 1440 4147 2998 5690 8397 7248
W 930 3187 2125 5180 7437 6375
W 566 4057 2889 4816 8307 7139
W 1042 2438 3178 5292 6688 7428
W 1128 2639 2931 5378 6889 7181
W 1116 3246 2346 5366 7496 6596
W 510 2346 3246 4760 6596 7496
W 449 2519 4212 4699 6769 8462
W 1816 2717 3549 6066 6967 7799
W 1146 1963 4060 5396 6213 8310
W 1 72 3744 4251 4322 7994
W 1 3744 71 4251 7994 4321
W 741 1972 3475 4991 6222 7725
W 1303 1953 3689 5553 6203 7939
W 690 2363 3204 4940 6613 7454
W 1163 3204 2363 5413 7454 6613
W 863 2674 2396 5113 6924 6646
W 937 2913 2164 5187 7163 6414
W 236 2321 4177 4486 6571 8427
W 1271 2406 4045 5521 6656 8295
W 741 1980 3509 4991 6230 7759
W 1023 3509 1980 5273 7759 6230
W 762 4204 1960 5012 8454 6210
W 67 3665 3507 4317 7915 7757
W 443 3218 2213 4693 7468 6463
W 1040 2213 3218 5290 6463 7468
W 526 3078 2071 4776 7328 6321
W 1053 4175 2095 5303 8425 6345
W 854 2240 2828 5104 6490 7078
W 158 159 3513 4408 4409 7763
W 947 2847 3494 5197 7097 7744
W 1104 3447 2245 5354 7697 6495
W 914 3455 2281 5164 7705 6531
W 16 17 2855 4266 4267 7105
W 312 2576 3759 4562 6826 8009
W 1210 2781 3034 5460 7031 7284
W 653 3034 2781 4903 7284 7031
W 1019 3108 2229 5269 7358 6479
W 299 2229 3108 4549 6479 7358
W 2097 2709 4139 6347 6959 8389
W 677 3883 2747 4927 8133 6997
W 1506 2747 3883 5756 6997 8133
W 743 2036 3183 4993 6286 7433
W 727 2610 3495 4977 6860 7745
W 1277 3495 2610 5527 7745 6860
W 351 3504 3897 4601 7754 8147
W 1183 3703 2234 5433 7953 6484
W 336 2234 3703 4586 6484 7953
W 1083 2670 2576 5333 6920 6826
W 1325 2596 3431 5575 6846 7681
W 917 2479 3825 5167 6729 8075
W 329 3074 3639 4579 7324 7889
W 1555 3639 3074 5805 7889 7324
W 779 2119 2991 5029 6369 7241
W 823 3370 2001 5073 7620 6251
W 963 3312 2015 5213 7562 6265
W 235 4018 1975 4485 8268 6225
W 1232 4049 2146 5482 8299 6396
W 367 2146 4049 4617 6396 8299
W 344 1984 4097 4594 6234 8347
W 827 2262 4206 5077 6512 8456
W 1887 2460 4100 6137 6710 8350
W 222 223 2814 4472 4473 7064
W 316 3098 3145 4566 7348 7395
W 669 3929 1970 4919 8179 6220
W 78 2315 3478 4328 6565 7728
W 1156 3478 2315 5406 7728 6565
W 1295 3873 2442 5545 8123 6692
W 796 2113 3562 5046 6363 7812
W 675 1967 3830 4925 6217 8080
W 350 3506 1983 4600 7756 6233
W 551 4163 1991 4801 8413 6241
W 1358 3959 2746 5608 8209 6996
W 735 2064 3120 4985 6314 7370
W 1154 3645 1997 5404 7895 6247
W 471 2791 2282 4721 7041 6532
W 895 2703 2539 5145 6953 6789
W 1193 3677 3891 5443 7927 8141
W 401 3261 2698 4651 7511 6948
W 1502 3143 2147 5752 7393 6397
W 469 3362 2029 4719 7612 6279
W 641 3807 1973 4891 8057 6223
W 422 2150 3522 4672 6400 7772
W 264 2002 4011 4514 6252 8261
W 503 2477 2877 4753 6727 7127
W 955 2797 2749 5205 7047 6999
W 1130 2749 2797 5380 6999 7047
W 1102 3145 2062 5352 7395 6312
W 1000 3026 2204 5250 7276 6454
W 563 2204 3026 4813 6454 7276
W 1310 3161 4073 5560 7411 8323
W 274 1982 3546 4524 6232 7796
W 1286 2351 3099 5536 6601 7349
W 353 2927 4088 4603 7177 8338
W 364 2055 3167 4614 6305 7417
W 765 1978 3976 5015 6228 8226
W 161 3072 2162 4411 7322 6412
W 1510 2876 2280 5760 7126 6530
W 705 2264 2833 4955 6514 7083
W 1035 3644 1976 5285 7894 6226
W 951 2049 4220 5201 6299 8470
W 1112 2025 3747 5362 6275 7997
W 584 3747 2025 4834 7997 6275
W 1079 3862 1974 5329 8112 6224
W 454 2096 3077 4704 6346 7327
W 678 1989 4066 4928 6239 8316
W 465 1974 3862 4715 6224 8112
W 904 2908 2227 5154 7158 6477
W 1000 3233 3521 5250 7483 7771
W 1038 1982 3841 5288 6232 8091
W 1607 2754 3535 5857 7004 7785
W 1494 2337 4041 5744 6587 8291
W 907 2033 3266 5157 6283 7516
W 734 3235 2164 4984 7485 6414
W 1054 3699 3655 5304 7949 7905
W 656 2270 3383 4906 6520 7633
W 958 3406 2011 5208 7656 6261
W 1618 2622 4154 5868 6872 8404
W 956 3100 2732 5206 7350 6982
W 1088 2078 3127 5338 6328 7377
W 1836 3655 3699 6086 7905 7949
W 932 2315 2801 5182 6565 7051
W 822 4118 2772 5072 8368 7022
W 1589 2772 4118 5839 7022 8368
W 1256 2787 3094 5506 7037 7344
W 459 2751 2393 4709 7001 6643
W 1250 2393 2751 5500 6643 7001
W 882 2469 3169 5132 6719 7419
W 371 4152 2275 4621 8402 6525
W 1316 2275 4152 5566 6525 8402
W 558 3330 2093 4808 7580 6343
W 125 126 2854 4375 4376 7104
W 83 3612 1989 4333 7862 6239
W 699 2065 3188 4949 6315 7438
W 1096 3500 2643 5346 7750 6893
W 274 3841 1982 4524 8091 6232
W 409 2330 4222 4659 6580 8472
W 1089 2026 3762 5339 6276 8012
W 1193 2503 3677 5443 6753 7927
W 1666 3677 2503 5916 7927 6753
W 710 1985 3726 4960 6235 7976
W 1243 3697 2997 5493 7947 7247
W 938 4034 2959 5188 8284 7209
W 903 2142 3355 5153 6392 7605
W 1507 2976 2975 5757 7226 7225
W 908 2975 2976 5158 7225 7226
W 1147 3745 3069 5397 7995 7319
W 1586 3069 3745 5836 7319 7995
W 533 3240 3565 4783 7490 7815
W 1341 3456 3513 5591 7706 7763
W 371 3097 2106 4621 7347 6356
W 219 220 2940 4469 4470 7190
W 903 3355 2151 5153 7605 6401
W 47 4034 1996 4297 8284 6246
W 470 2521 3300 4720 6771 7550
W 1353 2183 3078 5603 6433 7328
W 1229 3635 1993 5479 7885 6243
W 490 2469 2904 4740 6719 7154
W 1043 2904 2469 5293 7154 6719
W 1323 2641 3658 5573 6891 7908
W 353 2004 4055 4603 6254 8305
W 1134 2082 3760 5384 6332 8010
W 459 3760 2082 4709 8010 6332
W 430 3742 2006 4680 7992 6256
W 1090 2006 3742 5340 6256 7992
W 950 2094 3276 5200 6344 7526
W 719 3227 2433 4969 7477 6683
W 1133 2433 3227 5383 6683 7477
W 1387 3027 3962 5637 7277 8212
W 2519 4094 4212 6769 8344 8462
W 577 3720 3242 4827 7970 7492
W 1652 3242 3720 5902 7492 7970
W 1464 2836 3741 5714 7086 7991
W 291 3741 2836 4541 7991 7086
W 1022 2750 2952 5272 7000 7202
W 1424 2236 3458 5674 6486 7708
W 929 2576 2670 5179 6826 6920
W 946 4010 2087 5196 8260 6337
W 1122 4246 2375 5372 8496 6625
W 1166 2802 2331 5416 7052 6581
W 1345 2432 3186 5595 6682 7436
W 1227 1995 3693 5477 6245 7943
W 548 2243 3836 4798 6493 8086
W 755 2442 3873 5005 6692 8123
W 727 3376 2206 4977 7626 6456
W 945 2663 3659 5195 6913 7909
W 846 4128 2012 5096 8378 6262
W 1365 3882 2174 5615 8132 6424
W 1390 3519 3946 5640 7769 8196
W 1087 3353 2903 5337 7603 7153
W 1700 3651 2675 5950 7901 6925
W 96 97 3206 4346 4347 7456
W 1105 3535 2754 5355 7785 7004
W 1168 3430 2786 5418 7680 7036
W 276 3714 3450 4526 7964 7700
W 263 3919 2000 4513 8169 6250
W 201 3768 2577 4451 8018 6827
W 268 2425 3344 4518 6675 7594
W 337 2618 3182 4587 6868 7432
W 1179 3182 2618 5429 7432 6868
W 307 3668 2300 4557 7918 6550
W 727 2215 3376 4977 6465 7626
W 1133 3227 3318 5383 7477 7568
W 1006 2411 2866 5256 6661 7116
W 448 2866 2411 4698 7116 6661
W 1059 3625 2044 5309 7875 6294
W 1392 2334 2813 5642 6584 7063
W 678 2813 2334 4928 7063 6584
W 1293 2329 2915 5543 6579 7165
W 457 2365 3147 4707 6615 7397
W 1150 3756 2967 5400 8006 7217
W 846 2352 3214 5096 6602 7464
W 1157 3466 2152 5407 7716 6402
W 99 2152 3466 4349 6402 7716
W 200 2577 4136 4450 6827 8386
W 773 2016 4202 5023 6266 8452
W 1559 2283 3767 5809 6533 8017
W 632 3767 2283 4882 8017 6533
W 20 21 2969 4270 4271 7219
W 1134 3231 2082 5384 7481 6332
W 214 215 2899 4464 4465 7149
W 832 3928 2362 5082 8178 6612
W 674 2893 2261 4924 7143 6511
W 686 2097 3178 4936 6347 7428
W 994 3073 2509 5244 7323 6759
W 984 3134 3025 5234 7384 7275
W 1314 3025 3134 5564 7275 7384
W 1142 3305 2056 5392 7555 6306
W 607 3653 2256 4857 7903 6506
W 1165 2256 3653 5415 6506 7903
W 867 3574 2752 5117 7824 7002
W 969 2930 2235 5219 7180 6485
W 1037 3022 2551 5287 7272 6801
W 1200 3916 4041 5450 8166 8291
W 246 2972 2856 4496 7222 7106
W 1208 2856 2972 5458 7106 7222
W 631 3202 2942 4881 7452 7192
W 1302 2942 3202 5552 7192 7452
W 1184 2714 3630 5434 6964 7880
W 1050 2133 4009 5300 6383 8259
W 1279 2167 3685 5529 6417 7935
W 1526 2725 4163 5776 6975 8413
W 1218 2825 3081 5468 7075 7331
W 514 3081 2825 4764 7331 7075
W 544 2133 3439 4794 6383 7689
W 1050 3439 2133 5300 7689 6383
W 496 3121 3273 4746 7371 7523
W 1184 3630 2730 5434 7880 6980
W 488 2280 2876 4738 6530 7126
W 883 2962 2219 5133 7212 6469
W 1482 2785 2377 5732 7035 6627
W 1244 2303 3875 5494 6553 8125
W 556 3875 2303 4806 8125 6553
W 617 2633 3494 4867 6883 7744
W 1145 2798 3303 5395 7048 7553
W 999 2162 3072 5249 6412 7322
W 850 4227 2027 5100 8477 6277
W 1926 2123 3799 6176 6373 8049
W 1135 3583 3203 5385 7833 7453
W 957 3236 2132 5207 7486 6382
W 817 3946 2473 5067 8196 6723
W 515 3879 2843 4765 8129 7093
W 1164 2277 2888 5414 6527 7138
W 1458 2016 3578 5708 6266 7828
W 2198 3749 2634 6448 7999 6884
W 1213 2012 3871 5463 6262 8121
W 2580 3964 4212 6830 8214 8462
W 408 4083 2059 4658 8333 6309
W 1190 2059 4083 5440 6309 8333
W 1038 3464 2458 5288 7714 6708
W 972 2171 4203 5222 6421 8453
W 191 3270 2870 4441 7520 7120
W 268 3785 2013 4518 8035 6263
W 1041 2266 3327 5291 6516 7577
W 17 2324 2855 4267 6574 7105
W 624 3381 4228 4874 7631 8478
W 268 2013 3827 4518 6263 8077
W 1293 2673 2810 5543 6923 7060
W 1059 2044 3626 5309 6294 7876
W 635 3626 2044 4885 7876 6294
W 1064 3321 2538 5314 7571 6788
W 696 2040 3487 4946 6290 7737
W 492 3296 2078 4742 7546 6328
W 1387 3962 2840 5637 8212 7090
W 318 3500 3458 4568 7750 7708
W 1077 2089 3619 5327 6339 7869
W 448 3619 2089 4698 7869 6339
W 75 76 3970 4325 4326 8220
W 1025 2199 3045 5275 6449 7295
W 1316 4153 2305 5566 8403 6555
W 658 2305 4153 4908 6555 8403
W 1385 2934 2257 5635 7184 6507
W 270 3444 2047 4520 7694 6297
W 817 2501 3946 5067 6751 8196
W 390 2125 3187 4640 6375 7437
W 1981 3441 4240 6231 7691 8490
W 369 4240 3441 4619 8490 7691
W 1352 3392 2252 5602 7642 6502
W 883 3417 2313 5133 7667 6563
W 882 3169 2588 5132 7419 6838
W 324 3940 2014 4574 8190 6264
W 711 3682 2131 4961 7932 6381
W 1009 3820 2999 5259 8070 7249
W 469 2029 4117 4719 6279 8367
W 490 3169 2469 4740 7419 6719
W 690 4087 2363 4940 8337 6613
W 1325 2363 4087 5575 6613 8337
W 1222 3949 2850 5472 8199 7100
W 1185 2147 3143 5435 6397 7393
W 1237 3798 2247 5487 8048 6497
W 204 2247 3798 4454 6497 8048
W 495 2459 3129 4745 6709 7379
W 1098 3129 2459 5348 7379 6709
W 1444 3153 2420 5694 7403 6670
W 515 2843 2359 4765 7093 6609
W 180 181 4058 4430 4431 8308
W 311 2185 3482 4561 6435 7732
W 392 2225 3405 4642 6475 7655
W 827 2950 2262 5077 7200 6512
W 161 162 3072 4411 4412 7322
W 878 2278 3083 5128 6528 7333
W 253 4093 2363 4503 8343 6613
W 939 2229 3993 5189 6479 8243
W 298 3189 3279 4548 7439 7529
W 1414 3279 3189 5664 7529 7439
W 1552 3507 3665 5802 7757 7915
W 828 2189 4094 5078 6439 8344
W 1236 4094 2189 5486 8344 6439
W 1001 4065 2067 5251 8315 6317
W 696 3551 2040 4946 7801 6290
W 1837 4007 3409 6087 8257 7659
W 428 3409 4007 4678 7659 8257
W 898 2073 3383 5148 6323 7633
W 1681 4044 3024 5931 8294 7274
W 642 3024 4044 4892 7274 8294
W 12 13 2960 4262 4263 7210
W 667 2037 4207 4917 6287 8457
W 934 3570 2371 5184 7820 6621
W 1002 3271 3419 5252 7521 7669
W 978 3445 2159 5228 7695 6409
W 869 2060 3454 5119 6310 7704
W 1126 3333 3099 5376 7583 7349
W 979 4192 2876 5229 8442 7126
W 108 2174 3882 4358 6424 8132
W 949 2093 3330 5199 6343 7580
W 1289 3416 2922 5539 7666 7172
W 1125 2075 3789 5375 6325 8039
W 265 4043 2030 4515 8293 6280
W 523 3395 2188 4773 7645 6438
W 1049 2188 3395 5299 6438 7645
W 1260 3769 2052 5510 8019 6302
W 1106 3196 3598 5356 7446 7848
W 1304 3718 3771 5554 7968 8021
W 1886 3771 3718 6136 8021 7968
W 970 3782 2108 5220 8032 6358
W 989 3215 2158 5239 7465 6408
W 417 2158 3215 4667 6408 7465
W 1080 2382 2838 5330 6632 7088
W 771 3497 2081 5021 7747 6331
W 1544 3385 2437 5794 7635 6687
W 330 3360 2088 4580 7610 6338
W 1357 4218 2923 5607 8468 7173
W 1197 3964 2580 5447 8214 6830
W 1107 2286 3639 5357 6536 7889
W 1096 3021 3500 5346 7271 7750
W 1424 3500 3021 5674 7750 7271
W 593 3375 2232 4843 7625 6482
W 1063 2232 3375 5313 6482 7625
W 1546 2395 2921 5796 6645 7171
W 1142 2056 3586 5392 6306 7836
W 133 2850 2369 4383 7100 6619
W 1498 2128 3680 5748 6378 7930
W 911 3558 2712 5161 7808 6962
W 1208 2702 2563 5458 6952 6813
W 409 3092 2330 4659 7342 6580
W 1243 2788 3697 5493 7038 7947
W 509 2132 3236 4759 6382 7486
W 478 3205 2145 4728 7455 6395
W 11 2849 2376 4261 7099 6626
W 538 2276 3579 4788 6526 7829
W 1209 3577 4054 5459 7827 8304
W 333 3005 3320 4583 7255 7570
W 1152 3498 3362 5402 7748 7612
W 1455 2961 2276 5705 7211 6526
W 1270 3930 2815 5520 8180 7065
W 1416 3521 3233 5666 7771 7483
W 557 3153 3737 4807 7403 7987
W 1487 2202 3811 5737 6452 8061
W 1809 3306 4231 6059 7556 8481
W 951 4220 2168 5201 8470 6418
W 909 3847 2884 5159 8097 7134
W 135 136 3485 4385 4386 7735
W 799 4079 2290 5049 8329 6540
W 1281 2290 4079 5531 6540 8329
W 1113 3314 2511 5363 7564 6761
W 1885 2277 4165 6135 6527 8415
W 1273 2645 3318 5523 6895 7568
W 1262 2048 3589 5512 6298 7839
W 336 2043 3681 4586 6293 7931
W 2342 3696 4173 6592 7946 8423
W 1379 2039 3721 5629 6289 7971
W 936 4146 2430 5186 8396 6680
W 952 2267 3221 5202 6517 7471
W 478 2756 2550 4728 7006 6800
W 1008 2550 2756 5258 6800 7006
W 1617 3976 2400 5867 8226 6650
W 239 2769 2498 4489 7019 6748
W 562 4076 2749 4812 8326 6999
W 647 4220 2049 4897 8470 6299
W 442 2086 3667 4692 6336 7917
W 1139 3301 2806 5389 7551 7056
W 1266 2806 3301 5516 7056 7551
W 1199 2480 2937 5449 6730 7187
W 491 2937 2480 4741 7187 6730
W 952 2138 3708 5202 6388 7958
W 1295 4029 3873 5545 8279 8123
W 1084 3339 2110 5334 7589 6360
W 1218 2385 2895 5468 6635 7145
W 954 4231 3306 5204 8481 7556
W 1350 3320 3005 5600 7570 7255
W 120 121 3911 4370 4371 8161
W 428 4007 2388 4678 8257 6638
W 448 2089 3566 4698 6339 7816
W 1682 2548 2884 5932 6798 7134
W 461 3207 2564 4711 7457 6814
W 855 2765 2512 5105 7015 6762
W 1119 2041 4134 5369 6291 8384
W 249 3455 2589 4499 7705 6839
W 897 2893 2454 5147 7143 6704
W 922 2061 3585 5172 6311 7835
W 937 2164 3235 5187 6414 7485
W 424 2099 3413 4674 6349 7663
W 1680 3914 3175 5930 8164 7425
W 1159 3175 3914 5409 7425 8164
W 958 2478 3126 5208 6728 7376
W 1192 3277 4123 5442 7527 8373
W 1814 4123 3277 6064 8373 7527
W 1137 2902 2743 5387 7152 6993
W 965 2166 3640 5215 6416 7890
W 1288 3468 2216 5538 7718 6466
W 1326 4195 3436 5576 8445 7686
W 612 2069 3567 4862 6319 7817
W 187 188 3035 4437 4438 7285
W 1133 3480 2433 5383 7730 6683
W 456 2054 3692 4706 6304 7942
W 687 3587 2099 4937 7837 6349
W 1162 2399 3512 5412 6649 7762
W 530 3512 2399 4780 7762 6649
W 981 2135 4169 5231 6385 8419
W 1036 3537 2185 5286 7787 6435
W 962 3251 2232 5212 7501 6482
W 402 2207 3132 4652 6457 7382
W 1953 2386 3689 6203 6636 7939
W 250 3428 2103 4500 7678 6353
W 1653 3441 2347 5903 7691 6597
W 806 2055 4116 5056 6305 8366
W 1823 2664 3820 6073 6914 8070
W 1063 3620 2232 5313 7870 6482
W 965 2238 3163 5215 6488 7413
W 1548 3988 3940 5798 8238 8190
W 1450 3941 2486 5700 8191 6736
W 246 2061 4193 4496 6311 8443
W 464 2435 3318 4714 6685 7568
W 1133 3318 2435 5383 7568 6685
W 724 3233 2204 4974 7483 6454
W 1000 2204 3233 5250 6454 7483
W 312 3759 3197 4562 8009 7447
W 684 2054 4063 4934 6304 8313
W 438 2159 3445 4688 6409 7695
W 1431 3419 3271 5681 7669 7521
W 1120 2895 2385 5370 7145 6635
W 1643 3863 3985 5893 8113 8235
W 150 151 3256 4400 4401 7506
W 989 2157 3372 5239 6407 7622
W 464 2915 3965 4714 7165 8215
W 1557 3965 2915 5807 8215 7165
W 1068 2699 2794 5318 6949 7044
W 1045 2794 2699 5295 7044 6949
W 654 2398 2883 4904 6648 7133
W 445 3064 2482 4695 7314 6732
W 889 3092 2684 5139 7342 6934
W 197 198 3118 4447 4448 7368
W 411 3863 2356 4661 8113 6606
W 523 2188 3211 4773 6438 7461
W 367 2051 3967 4617 6301 8217
W 2115 3544 2724 6365 7794 6974
W 437 2255 3398 4687 6505 7648
W 1182 3503 2194 5432 7753 6444
W 123 2194 3503 4373 6444 7753
W 607 2256 3378 4857 6506 7628
W 1060 3378 2256 5310 7628 6506
W 1061 2727 2760 5311 6977 7010
W 359 2760 2727 4609 7010 6977
W 1025 3230 2199 5275 7480 6449
W 1920 3613 2638 6170 7863 6888
W 826 2080 4028 5076 6330 8278
W 522 3046 4070 4772 7296 8320
W 1674 4070 3046 5924 8320 7296
W 1216 2056 3921 5466 6306 8171
W 794 2405 2932 5044 6655 7182
W 408 2060 4083 4658 6310 8333
W 3 185 3906 4253 4435 8156
W 3 3906 184 4253 8156 4434
W 164 165 3305 4414 4415 7555
W 244 3369 2457 4494 7619 6707
W 1275 2059 3931 5525 6309 8181
W 408 2713 3454 4658 6963 7704
W 998 2777 2541 5248 7027 6791
W 1064 2184 3511 5314 6434 7761
W 709 3511 2184 4959 7761 6434
W 1504 3329 2511 5754 7579 6761
W 119 120 4059 4369 4370 8309
W 1068 2070 3878 5318 6320 8128
W 629 2449 3164 4879 6699 7414
W 1088 3164 2449 5338 7414 6699
W 1140 3232 3049 5390 7482 7299
W 1319 3049 3232 5569 7299 7482
W 113 114 3088 4363 4364 7338
W 1368 2614 3880 5618 6864 8130
W 56 3880 2614 4306 8130 6864
W 352 2581 2887 4602 6831 7137
W 1137 3199 2544 5387 7449 6794
W 828 2544 3199 5078 6794 7449
W 460 3407 2595 4710 7657 6845
W 427 2414 3382 4677 6664 7632
W 242 2140 3440 4492 6390 7690
W 775 3510 2447 5025 7760 6697
W 1174 2447 3510 5424 6697 7760
W 43 3285 2170 4293 7535 6420
W 526 2071 3701 4776 6321 7951
W 50 51 3230 4300 4301 7480
W 1135 3424 2396 5385 7674 6646
W 480 2396 3424 4730 6646 7674
W 453 2689 3126 4703 6939 7376
W 664 2067 4065 4914 6317 8315
W 960 3636 2647 5210 7886 6897
W 1048 2091 3778 5298 6341 8028
W 298 2211 3189 4548 6461 7439
W 2260 4242 2773 6510 8492 7023
W 423 3293 2322 4673 7543 6572
W 905 3997 2650 5155 8247 6900
W 1369 2800 3070 5619 7050 7320
W 1019 2229 3162 5269 6479 7412
W 964 2921 2395 5214 7171 6645
W 51 2199 3230 4301 6449 7480
W 1218 3037 2825 5468 7287 7075
W 1010 3675 2122 5260 7925 6372
W 1484 2180 3541 5734 6430 7791
W 1319 2406 3049 5569 6656 7299
W 662 3049 2406 4912 7299 6656
W 508 2922 3416 4758 7172 7666
W 849 3028 2299 5099 7278 6549
W 788 2070 3832 5038 6320 8082
W 559 3499 4194 4809 7749 8444
W 1126 3300 2521 5376 7550 6771
W 31 32 3170 4281 4282 7420
W 341 2084 4237 4591 6334 8487
W 271 4084 2072 4521 8334 6322
W 252 3278 3043 4502 7528 7293
W 1346 3043 3278 5596 7293 7528
W 451 3554 2137 4701 7804 6387
W 1012 3667 2086 5262 7917 6336
W 781 2077 3717 5031 6327 7967
W 761 3520 2111 5011 7770 6361
W 282 3878 2070 4532 8128 6320
W 241 3163 2238 4491 7413 6488
W 1569 2887 2581 5819 7137 6831
W 820 2331 3004 5070 6581 7254
W 1088 3808 2078 5338 8058 6328
W 231 3372 2157 4481 7622 6407
W 1876 2472 4048 6126 6722 8298
W 973 4027 2767 5223 8277 7017
W 494 3226 2214 4744 7476 6464
W 1130 3079 2285 5380 7329 6535
W 1232 2146 3748 5482 6396 7998
W 635 4100 2842 4885 8350 7092
W 1554 2842 4100 5804 7092 8350
W 1281 4079 3850 5531 8329 8100
W 1254 3749 2198 5504 7999 6448
W 833 4164 2078 5083 8414 6328
W 1194 3544 2115 5444 7794 6365
W 492 2078 3808 4742 6328 8058
W 899 3274 2344 5149 7524 6594
W 907 2909 2464 5157 7159 6714
W 1039 4028 2080 5289 8278 6330
W 1304 3771 2606 5554 8021 6856
W 803 2606 3771 5053 6856 8021
W 1014 2619 2774 5264 6869 7024
W 793 3461 2137 5043 7711 6387
W 275 4182 3722 4525 8432 7972
W 1601 2411 3853 5851 6661 8103
W 989 3216 3215 5239 7466 7465
W 1389 3215 3216 5639 7465 7466
W 1197 3179 3520 5447 7429 7770
W 1247 2079 4106 5497 6329 8356
W 1443 3616 2104 5693 7866 6354
W 928 2079 3915 5178 6329 8165
W 648 2739 4189 4898 6989 8439
W 1527 4189 2739 5777 8439 6989
W 810 3778 2091 5060 8028 6341
W 466 3549 2717 4716 7799 6967
W 1235 4180 3617 5485 8430 7867
W 1139 2495 3301 5389 6745 7551
W 528 3301 2495 4778 7551 6745
W 702 4124 2089 4952 8374 6339
W 1173 2100 4017 5423 6350 8267
W 604 3606 3525 4854 7856 7775
W 1670 3525 3606 5920 7775 7856
W 929 3473 3759 5179 7723 8009
W 407 2362 3928 4657 6612 8178
W 514 2422 3081 4764 6672 7331
W 1035 3081 2422 5285 7331 6672
W 816 2407 2965 5066 6657 7215
W 1046 2965 2407 5296 7215 6657
W 1395 3576 2941 5645 7826 7191
W 1169 2941 3576 5419 7191 7826
W 1489 3739 4115 5739 7989 8365
W 340 3340 2184 4590 7590 6434
W 394 2682 4074 4644 6932 8324
W 962 2232 3220 5212 6482 7470
W 438 2568 3564 4688 6818 7814
W 1274 3779 3328 5524 8029 7578
W 982 2721 2720 5232 6971 6970
W 1095 2720 2721 5345 6970 6971
W 951 3900 2381 5201 8150 6631
W 426 3697 2832 4676 7947 7082
W 1235 2780 4180 5485 7030 8430
W 972 3728 2246 5222 7978 6496
W 811 2971 2515 5061 7221 6765
W 1021 2822 2597 5271 7072 6847
W 494 2597 2822 4744 6847 7072
W 888 3298 2200 5138 7548 6450
W 936 2430 4234 5186 6680 8484
W 972 2246 3777 5222 6496 8027
W 495 3149 2407 4745 7399 6657
W 1046 2407 3149 5296 6657 7399
W 1801 2969 4230 6051 7219 8480
W 274 3546 2335 4524 7796 6585
W 811 2525 2971 5061 6775 7221
W 718 2978 2844 4968 7228 7094
W 1299 2844 2978 5549 7094 7228
W 1276 2867 3461 5526 7117 7711
W 593 2232 3251 4843 6482 7501
W 1117 2617 3692 5367 6867 7942
W 1174 3901 4240 5424 8151 8490
W 1049 3369 2188 5299 7619 6438
W 39 3442 2295 4289 7692 6545
W 1125 2295 3442 5375 6545 7692
W 149 3477 2161 4399 7727 6411
W 750 2108 3712 5000 6358 7962
W 1252 2782 3061 5502 7032 7311
W 345 3061 2782 4595 7311 7032
W 1729 3622 2244 5979 7872 6494
W 980 3103 2452 5230 7353 6702
W 754 2284 3803 5004 6534 8053
W 1531 2683 4033 5781 6933 8283
W 1530 2560 3137 5780 6810 7387
W 418 2803 2612 4668 7053 6862
W 1179 3839 3182 5429 8089 7432
W 1599 3182 3839 5849 7432 8089
W 502 2097 4139 4752 6347 8389
W 242 3440 2197 4492 7690 6447
W 32 2298 3170 4282 6548 7420
W 1355 3961 2651 5605 8211 6901
W 1189 2196 3352 5439 6446 7602
W 794 2274 3171 5044 6524 7421
W 1157 2152 3925 5407 6402 8175
W 757 3925 2152 5007 8175 6402
W 931 3405 2225 5181 7655 6475
W 1136 3125 2790 5386 7375 7040
W 1187 2790 3125 5437 7040 7375
W 974 2514 3351 5224 6764 7601
W 178 179 3319 4428 4429 7569
W 827 2487 3418 5077 6737 7668
W 1001 2186 4065 5251 6436 8315
W 1078 3393 3376 5328 7643 7626
W 1256 3552 2141 5506 7802 6391
W 405 2108 3782 4655 6358 8032
W 1237 2450 3798 5487 6700 8048
W 203 3798 2450 4453 8048 6700
W 378 2105 3815 4628 6355 8065
W 719 3603 2129 4969 7853 6379
W 1204 2582 3389 5454 6832 7639
W 709 2158 3511 4959 6408 7761
W 1871 3722 4182 6121 7972 8432
W 833 2105 4164 5083 6355 8414
W 141 142 3252 4391 4392 7502
W 511 3570 3146 4761 7820 7396
W 1139 2436 3443 5389 6686 7693
W 308 3443 2436 4558 7693 6686
W 531 3584 3387 4781 7834 7637
W 413 3157 3777 4663 7407 8027
W 1558 3777 3157 5808 8027 7407
W 703 2721 3710 4953 6971 7960
W 1534 4245 3050 5784 8495 7300
W 179 2269 3319 4429 6519 7569
W 1034 3120 3264 5284 7370 7514
W 463 2488 4033 4713 6738 8283
W 905 2823 3997 5155 7073 8247
W 486 3221 2267 4736 7471 6517
W 1105 4090 2173 5355 8340 6423
W 1981 4240 3901 6231 8490 8151
W 1252 4071 3774 5502 8321 8024
W 1395 3595 2933 5645 7845 7183
W 634 2933 3595 4884 7183 7845
W 1190 3950 3141 5440 8200 7391
W 1008 2756 2757 5258 7006 7007
W 1094 2757 2756 5344 7007 7006
W 1079 2898 3453 5329 7148 7703
W 496 3273 2483 4746 7523 6733
W 741 3509 2172 4991 7759 6422
W 1211 2694 3130 5461 6944 7380
W 626 3130 2694 4876 7380 6944
W 527 3426 4038 4777 7676 8288
W 617 3377 4122 4867 7627 8372
W 1176 2474 3944 5426 6724 8194
W 620 3904 2886 4870 8154 7136
W 1256 2141 3584 5506 6391 7834
W 67 68 3665 4317 4318 7915
W 502 2537 3547 4752 6787 7797
W 855 2594 4000 5105 6844 8250
W 1370 3377 2205 5620 7627 6455
W 461 2564 2879 4711 6814 7129
W 1020 2879 2564 5270 7129 6814
W 547 3396 2203 4797 7646 6453
W 979 2486 3280 5229 6736 7530
W 579 3881 2440 4829 8131 6690
W 949 3482 2185 5199 7732 6435
W 157 3456 2191 4407 7706 6441
W 1851 3452 4138 6101 7702 8388
W 628 4138 3452 4878 8388 7702
W 7 2223 3348 4257 6473 7598
W 414 2602 2851 4664 6852 7101
W 1002 3419 2252 5252 7669 6502
W 284 2383 3039 4534 6633 7289
W 139 3895 2112 4389 8145 6362
W 1465 3853 2411 5715 8103 6661
W 1292 3638 2138 5542 7888 6388
W 565 2905 2687 4815 7155 6937
W 411 2515 3985 4661 6765 8235
W 697 2114 3876 4947 6364 8126
W 511 3057 2371 4761 7307 6621
W 726 4054 2112 4976 8304 6362
W 195 3575 2304 4445 7825 6554
W 654 3099 2351 4904 7349 6601
W 462 2764 3849 4712 7014 8099
W 1013 2197 3440 5263 6447 7690
W 2072 4084 2705 6322 8334 6955
W 672 3799 2123 4922 8049 6373
W 1329 2499 3469 5579 6749 7719
W 1248 3273 3121 5498 7523 7371
W 1078 3376 2215 5328 7626 6465
W 129 130 3283 4379 4380 7533
W 166 3253 3921 4416 7503 8171
W 729 3905 2116 4979 8155 6366
W 602 4244 3848 4852 8494 8098
W 1559 2118 4129 5809 6368 8379
W 523 2534 4127 4773 6784 8377
W 1195 2903 3353 5445 7153 7603
W 859 2608 4241 5109 6858 8491
W 909 2884 2548 5159 7134 6798
W 1012 2902 4119 5262 7152 8369
W 292 4132 2122 4542 8382 6372
W 840 3128 4053 5090 7378 8303
W 711 2418 3021 4961 6668 7271
W 1424 3021 2418 5674 7271 6668
W 835 3995 2332 5085 8245 6582
W 1228 2332 3995 5478 6582 8245
W 610 4073 3029 4860 8323 7279
W 940 3547 2537 5190 7797 6787
W 1578 2403 3450 5828 6653 7700
W 1364 2971 2525 5614 7221 6775
W 1301 4187 2379 5551 8437 6629
W 607 2379 4187 4857 6629 8437
W 412 2810 2673 4662 7060 6923
W 1322 2424 4092 5572 6674 8342
W 217 4092 2424 4467 8342 6674
W 352 3891 2128 4602 8141 6378
W 1188 4108 2154 5438 8358 6404
W 501 2154 4108 4751 6404 8358
W 210 211 4095 4460 4461 8345
W 328 4133 2987 4578 8383 7237
W 1612 2987 4133 5862 7237 8383
W 206 207 3299 4456 4457 7549
W 2106 3097 3306 6356 7347 7556
W 1343 3559 2546 5593 7809 6796
W 1220 3929 3292 5470 8179 7542
W 1030 2950 3418 5280 7200 7668
W 609 3887 2788 4859 8137 7038
W 1130 2285 3656 5380 6535 7906
W 493 3656 2285 4743 7906 6535
W 1143 3669 2303 5393 7919 6553
W 556 2303 3669 4806 6553 7919
W 456 4000 2594 4706 8250 6844
W 1488 3581 2175 5738 7831 6425
W 643 3640 2166 4893 7890 6416
W 925 2918 2535 5175 7168 6785
W 1191 3609 2224 5441 7859 6474
W 1488 3228 3581 5738 7478 7831
W 953 3581 3228 5203 7831 7478
W 866 2611 2862 5116 6861 7112
W 57 2644 3880 4307 6894 8130
W 1124 2348 3555 5374 6598 7805
W 395 3555 2348 4645 7805 6598
W 1042 3278 2353 5292 7528 6603
W 252 2353 3278 4502 6603 7528
W 1265 3761 2977 5515 8011 7227
W 509 4001 2132 4759 8251 6382
W 1397 3759 3473 5647 8009 7723
W 1717 2935 4022 5967 7185 8272
W 1241 3048 3197 5491 7298 7447
W 740 2640 4143 4990 6890 8393
W 1423 4143 2640 5673 8393 6890
W 1873 3545 4101 6123 7795 8351
W 665 4101 3545 4915 8351 7795
W 764 3389 2238 5014 7639 6488
W 1296 2487 2963 5546 6737 7213
W 1666 3533 3677 5916 7783 7927
W 724 3677 3533 4974 7927 7783
W 983 2996 2997 5233 7246 7247
W 1243 2997 2996 5493 7247 7246
W 1264 3057 3254 5514 7307 7504
W 528 2777 3781 4778 7027 8031
W 1713 3550 3747 5963 7800 7997
W 1112 3747 3550 5362 7997 7800
W 442 3667 2226 4692 7917 6476
W 425 2974 3813 4675 7224 8063
W 1475 3813 2974 5725 8063 7224
W 446 3473 2536 4696 7723 6786
W 658 4169 2135 4908 8419 6385
W 1223 3269 2287 5473 7519 6537
W 2577 3768 4236 6827 8018 8486
W 430 4130 2532 4680 8380 6782
W 872 3023 2848 5122 7273 7098
W 1577 2848 3023 5827 7098 7273
W 730 3498 2210 4980 7748 6460
W 1114 3319 2269 5364 7569 6519
W 1341 3513 3770 5591 7763 8020
W 1701 3770 3513 5951 8020 7763
W 66 67 3507 4316 4317 7757
W 1033 3041 3121 5283 7291 7371
W 1827 3610 3932 6077 7860 8182
W 1155 3932 3610 5405 8182 7860
W 820 2241 3427 5070 6491 7677
W 737 2308 3245 4987 6558 7495
W 537 3432 3735 4787 7682 7985
W 522 3459 3046 4772 7709 7296
W 1362 3046 3459 5612 7296 7709
W 1248 3121 3041 5498 7371 7291
W 384 3354 2262 4634 7604 6512
W 312 3095 2576 4562 7345 6826
W 1083 2576 3095 5333 6826 7345
W 1354 3607 2187 5604 7857 6437
W 1092 4234 2430 5342 8484 6680
W 486 3269 3828 4736 7519 8078
W 992 3407 2586 5242 7657 6836
W 260 3224 2565 4510 7474 6815
W 1122 2565 3224 5372 6815 7474
W 807 3090 2554 5057 7340 6804
W 786 2365 3465 5036 6615 7715
W 1299 4215 2142 5549 8465 6392
W 1631 3827 2296 5881 8077 6546
W 1187 3183 2790 5437 7433 7040
W 1057 3388 2434 5307 7638 6684
W 1652 3720 2583 5902 7970 6833
W 1260 2558 3769 5510 6808 8019
W 795 3769 2558 5045 8019 6808
W 1017 2619 3020 5267 6869 7270
W 786 3465 2368 5036 7715 6618
W 1107 3639 3357 5357 7889 7607
W 117 4179 4114 4367 8429 8364
W 291 2836 2770 4541 7086 7020
W 1311 2770 2836 5561 7020 7086
W 1221 3502 3018 5471 7752 7268
W 758 2402 4162 5008 6652 8412
W 991 2515 2971 5241 6765 7221
W 1175 3588 3056 5425 7838 7306
W 1555 3357 3639 5805 7607 7889
W 448 3566 2242 4698 7816 6492
W 2146 2642 3748 6396 6892 7998
W 1908 4035 3203 6158 8285 7453
W 928 2502 2986 5178 6752 7236
W 1528 3532 2250 5778 7782 6500
W 1692 4081 2861 5942 8331 7111
W 1032 2831 3118 5282 7081 7368
W 120 3911 2485 4370 8161 6735
W 809 2357 3195 5059 6607 7445
W 1185 3003 3602 5435 7253 7852
W 1396 3602 3003 5646 7852 7253
W 24 25 3408 4274 4275 7658
W 520 2501 2994 4770 6751 7244
W 518 2252 3419 4768 6502 7669
W 1518 3876 2312 5768 8126 6562
W 1000 3521 2349 5250 7771 6599
W 974 3885 2514 5224 8135 6764
W 798 2154 3947 5048 6404 8197
W 1156 2315 3746 5406 6565 7996
W 932 3746 2315 5182 7996 6565
W 254 4077 2153 4504 8327 6403
W 1180 2973 2597 5430 7223 6847
W 972 4203 2457 5222 8453 6707
W 1156 3746 2207 5406 7996 6457
W 1152 3957 3498 5402 8207 7748
W 782 3884 2251 5032 8134 6501
W 1264 2531 3057 5514 6781 7307
W 1119 2910 2827 5369 7160 7077
W 1082 2827 2910 5332 7077 7160
W 462 3849 2943 4712 8099 7193
W 1429 2339 3603 5679 6589 7853
W 47 48 4034 4297 4298 8284
W 794 3171 2405 5044 7421 6655
W 1093 2405 3171 5343 6655 7421
W 1122 3224 4246 5372 7474 8496
W 959 3843 2325 5209 8093 6575
W 1176 3944 3470 5426 8194 7720
W 1748 3470 3944 5998 7720 8194
W 1007 2826 4151 5257 7076 8401
W 439 2669 3531 4689 6919 7781
W 39 40 3442 4289 4290 7692
W 547 2203 3608 4797 6453 7858
W 917 3029 2479 5167 7279 6729
W 135 3485 2516 4385 7735 6766
W 167 2342 3253 4417 6592 7503
W 302 2290 3327 4552 6540 7577
W 311 3482 4029 4561 7732 8279
W 850 2766 3488 5100 7016 7738
W 293 3176 3923 4543 7426 8173
W 52 53 3457 4302 4303 7707
W 1300 3594 2821 5550 7844 7071
W 555 2821 3594 4805 7071 7844
W 1279 4158 2167 5529 8408 6417
W 98 99 3466 4348 4349 7716
W 1153 2429 3451 5403 6679 7701
W 1044 2230 3711 5294 6480 7961
W 244 4203 4243 4494 8453 8493
W 1553 3421 2467 5803 7671 6717
W 511 3254 3057 4761 7504 7307
W 1838 2875 3445 6088 7125 7695
W 110 111 3472 4360 4361 7722
W 312 3197 3048 4562 7447 7298
W 1251 2226 3573 5501 6476 7823
W 1220 3905 3506 5470 8155 7756
W 77 78 3478 4327 4328 7728
W 302 3361 2290 4552 7611 6540
W 1347 2835 2817 5597 7085 7067
W 1046 3149 3061 5296 7399 7311
W 1252 3061 3149 5502 7311 7399
W 1156 2207 3631 5406 6457 7881
W 517 2567 2990 4767 6817 7240
W 1037 2990 2567 5287 7240 6817
W 355 3583 2674 4605 7833 6924
W 360 2338 3616 4610 6588 7866
W 416 2178 3850 4666 6428 8100
W 563 3680 2204 4813 7930 6454
W 1238 2482 3064 5488 6732 7314
W 342 2898 2762 4592 7148 7012
W 1079 2762 2898 5329 7012 7148
W 1287 2784 3992 5537 7034 8242
W 396 2237 3559 4646 6487 7809
W 835 3198 3995 5085 7448 8245
W 1642 3995 3198 5892 8245 7448
W 1364 2525 4192 5614 6775 8442
W 488 4192 2525 4738 8442 6775
W 1268 3927 3050 5518 8177 7300
W 1534 3050 3927 5784 7300 8177
W 860 2861 4081 5110 7111 8331
W 122 123 3503 4372 4373 7753
W 547 3718 3396 4797 7968 7646
W 1014 4198 2301 5264 8448 6551
W 463 4033 2683 4713 8283 6933
W 120 2485 4059 4370 6735 8309
W 748 3541 2246 4998 7791 6496
W 1451 3910 3838 5701 8160 8088
W 444 2452 3103 4694 6702 7353
W 1267 2242 3566 5517 6492 7816
W 336 3681 2234 4586 7931 6484
W 1144 2234 3681 5394 6484 7931
W 1554 4100 2460 5804 8350 6710
W 631 3025 2955 4881 7275 7205
W 1314 2955 3025 5564 7205 7275
W 460 3260 2586 4710 7510 6836
W 1316 4040 2981 5566 8290 7231
W 1393 3491 4089 5643 7741 8339
W 1025 3045 2524 5275 7295 6774
W 924 3062 2493 5174 7312 6743
W 1729 4239 3622 5979 8489 7872
W 1071 2768 2880 5321 7018 7130
W 389 2880 2768 4639 7130 7018
W 1026 3779 2917 5276 8029 7167
W 951 2584 3900 5201 6834 8150
W 884 2318 3337 5134 6568 7587
W 1490 3815 2818 5740 8065 7068
W 153 154 3515 4403 4404 7765
W 884 4085 2177 5134 8335 6427
W 241 2218 3670 4491 6468 7920
W 680 2931 2639 4930 7181 6889
W 1020 2687 2905 5270 6937 7155
W 388 2936 2635 4638 7186 6885
W 249 2281 3455 4499 6531 7705
W 520 3980 3597 4770 8230 7847
W 1039 3344 2425 5289 7594 6675
W 328 3315 3343 4578 7565 7593
W 1404 3343 3315 5654 7593 7565
W 920 2817 2835 5170 7067 7085
W 1082 3098 3059 5332 7348 7309
W 558 3689 2386 4808 7939 6636
W 489 2524 3045 4739 6774 7295
W 468 2655 2947 4718 6905 7197
W 1236 2189 3982 5486 6439 8232
W 487 3101 3652 4737 7351 7902
W 117 118 4179 4367 4368 8429
W 1561 2181 4141 5811 6431 8391
W 1089 3762 2340 5339 8012 6590
W 1662 2570 3370 5912 6820 7620
W 851 2237 3621 5101 6487 7871
W 29 30 3649 4279 4280 7899
W 1414 3189 2423 5664 7439 6673
W 2 4114 116 4252 8364 4366
W 2 117 4114 4252 4367 8364
W 21 2711 2969 4271 6961 7219
W 85 3106 2476 4335 7356 6726
W 129 3283 2370 4379 7533 6620
W 567 3695 2507 4817 7945 6757
W 1351 3214 2409 5601 7464 6659
W 212 213 3618 4462 4463 7868
W 667 4207 2279 4917 8457 6529
W 1230 2279 4207 5480 6529 8457
W 1787 4161 2878 6037 8411 7128
W 929 2536 3473 5179 6786 7723
W 297 2599 3386 4547 6849 7636
W 1154 3386 2599 5404 7636 6849
W 1274 2944 3779 5524 7194 8029
W 995 3697 2788 5245 7947 7038
W 195 196 3575 4445 4446 7825
W 399 2189 4107 4649 6439 8357
W 272 2190 4125 4522 6440 8375
W 1708 2394 3542 5958 6644 7792
W 1017 3536 2774 5267 7786 7024
W 1131 2947 2655 5381 7197 6905
W 507 3060 2535 4757 7310 6785
W 137 138 3577 4387 4388 7827
W 1074 2370 3283 5324 6620 7533
W 1033 2557 3041 5283 6807 7291
W 1210 2631 3060 5460 6881 7310
W 1037 2567 3022 5287 6817 7272
W 453 3126 2478 4703 7376 6728
W 1581 4244 2746 5831 8494 6996
W 716 3711 2230 4966 7961 6480
W 786 3041 2557 5036 7291 6807
W 368 2198 3960 4618 6448 8210
W 33 2882 4248 4283 7132 8498
W 1070 2335 3546 5320 6585 7796
W 1660 2568 4002 5910 6818 8252
W 438 4002 2568 4688 8252 6818
W 1545 2336 3580 5795 6586 7830
W 1142 2627 3305 5392 6877 7555
W 164 3305 2627 4414 7555 6877
W 366 3080 2620 4616 7330 6870
W 374 4131 2195 4624 8381 6445
W 306 3544 2624 4556 7794 6874
W 1194 2624 3544 5444 6874 7794
W 1119 3131 2937 5369 7381 7187
W 1199 2937 3131 5449 7187 7381
W 1370 3345 4122 5620 7595 8372
W 1012 2743 2902 5262 6993 7152
W 534 2361 3346 4784 6611 7596
W 1101 3404 3008 5351 7654 7258
W 1007 4151 3066 5257 8401 7316
W 597 3823 2219 4847 8073 6469
W 1910 3909 2885 6160 8159 7135
W 1694 3454 2713 5944 7704 6963
W 1713 3857 2960 5963 8107 7210
W 1500 2490 3135 5750 6740 7385
W 434 4021 2541 4684 8271 6791
W 288 4178 2287 4538 8428 6537
W 1223 2287 4178 5473 6537 8428
W 1516 4025 2859 5766 8275 7109
W 1007 2435 3965 5257 6685 8215
W 519 4040 2835 4769 8290 7085
W 355 2273 3583 4605 6523 7833
W 556 4137 2546 4806 8387 6796
W 1343 2546 4137 5593 6796 8387
W 1136 2742 3125 5386 6992 7375
W 582 3125 2742 4832 7375 6992
W 941 2587 3180 5191 6837 7430
W 862 3384 2355 5112 7634 6605
W 1493 3735 3432 5743 7985 7682
W 477 3020 2619 4727 7270 6869
W 782 2338 3884 5032 6588 8134
W 748 2246 3728 4998 6496 7978
W 1347 3954 3838 5597 8204 8088
W 1109 2869 2880 5359 7119 7130
W 1154 2359 3386 5404 6609 7636
W 1034 3264 2422 5284 7514 6672
W 334 2988 2745 4584 7238 6995
W 1092 2745 2988 5342 6995 7238
W 286 4241 2608 4536 8491 6858
W 1172 4081 4183 5422 8331 8433
W 439 2949 2794 4689 7199 7044
W 636 4041 2337 4886 8291 6587
W 1475 2974 4069 5725 7224 8319
W 1454 2554 3090 5704 6804 7340
W 573 2986 3819 4823 7236 8069
W 168 169 3696 4418 4419 7946
W 1195 4160 2903 5445 8410 7153
W 50 3230 2560 4300 7480 6810
W 1200 3059 3098 5450 7309 7348
W 413 3777 2246 4663 8027 6496
W 1096 4102 2248 5346 8352 6498
W 999 4222 2330 5249 8472 6580
W 425 3592 2284 4675 7842 6534
W 1840 4114 4179 6090 8364 8429
W 1274 2729 2944 5524 6979 7194
W 514 3338 2422 4764 7588 6672
W 1210 3034 3033 5460 7284 7283
W 1031 3033 3034 5281 7283 7284
W 632 2283 3598 4882 6533 7848
W 1214 2960 3857 5464 7210 8107
W 1026 2596 3328 5276 6846 7578
W 727 4229 2215 4977 8479 6465
W 286 2632 4241 4536 6882 8491
W 233 3368 2378 4483 7618 6628
W 2063 4098 3996 6313 8348 8246
W 733 3996 4098 4983 8246 8348
W 398 3826 2245 4648 8076 6495
W 542 2558 3870 4792 6808 8120
W 1260 3870 2558 5510 8120 6808
W 692 3181 2815 4942 7431 7065
W 1270 2815 3181 5520 7065 7431
W 4 5 3758 4254 4255 8008
W 528 3781 4235 4778 8031 8485
W 485 2372 4022 4735 6622 8272
W 1215 4022 2372 5465 8272 6622
W 922 3836 2243 5172 8086 6493
W 949 3107 2549 5199 7357 6799
W 1053 2436 3403 5303 6686 7653
W 1667 2471 3817 5917 6721 8067
W 171 2497 3184 4421 6747 7434
W 641 2286 3807 4891 6536 8057
W 1062 3724 3065 5312 7974 7315
W 607 3378 2379 4857 7628 6629
W 1084 2488 3339 5334 6738 7589
W 463 3339 2488 4713 7589 6738
W 1047 2969 2711 5297 7219 6961
W 791 2255 3750 5041 6505 8000
W 1009 2958 2957 5259 7208 7207
W 1224 2957 2958 5474 7207 7208
W 990 3864 2389 5240 8114 6639
W 1680 3490 3917 5930 7740 8167
W 1180 3234 2839 5430 7484 7089
W 701 2839 3234 4951 7089 7484
W 1071 2880 2869 5321 7130 7119
W 1128 3757 2639 5378 8007 6889
W 1239 3110 3148 5489 7360 7398
W 1115 3148 3110 5365 7398 7360
W 299 3993 2229 4549 8243 6479
W 1130 2797 3079 5380 7047 7329
W 292 3079 2797 4542 7329 7047
W 201 202 3768 4451 4452 8018
W 1249 4162 2402 5499 8412 6652
W 1674 3282 4070 5924 7532 8320
W 1255 4070 3282 5505 8320 7532
W 1061 2760 3487 5311 7010 7737
W 551 3543 2366 4801 7793 6616
W 1089 2366 3543 5339 6616 7793
W 959 2453 3843 5209 6703 8093
W 326 3582 2301 4576 7832 6551
W 1340 3249 3308 5590 7499 7558
W 1065 3308 3249 5315 7558 7499
W 203 204 3798 4453 4454 8048
W 481 2896 4156 4731 7146 8406
W 1451 3838 2681 5701 8088 6931
W 1705 3712 2357 5955 7962 6607
W 87 88 4024 4337 4338 8274
W 1501 2620 3080 5751 6870 7330
W 1767 2796 4185 6017 7046 8435
W 1025 3137 2560 5275 7387 6810
W 1115 2653 4052 5365 6903 8302
W 1034 2422 3338 5284 6672 7588
W 2095 4175 2738 6345 8425 6988
W 1155 2803 3937 5405 7053 8187
W 940 3043 3547 5190 7293 7797
W 1346 3547 3043 5596 7797 7293
W 1084 3100 3036 5334 7350 7286
W 1140 3049 2865 5390 7299 7115
W 662 2865 3049 4912 7115 7299
W 1299 2978 4215 5549 7228 8465
W 647 2349 3521 4897 6599 7771
W 1412 4217 2799 5662 8467 7049
W 2048 2558 3589 6298 6808 7839
W 358 2240 4047 4608 6490 8297
W 1132 3483 2528 5382 7733 6778
W 471 2528 3483 4721 6778 7733
W 1101 2368 3465 5351 6618 7715
W 1373 3854 3800 5623 8104 8050
W 101 102 3844 4351 4352 8094
W 172 173 3846 4422 4423 8096
W 1496 3142 2795 5746 7392 7045
W 864 2795 3142 5114 7045 7392
W 1256 3584 2787 5506 7834 7037
W 531 2787 3584 4781 7037 7834
W 35 36 3855 4285 4286 8105
W 1068 2794 2949 5318 7044 7199
W 780 3754 2316 5030 8004 6566
W 2063 2987 4098 6313 7237 8348
W 362 2600 3516 4612 6850 7766
W 1495 2452 3907 5745 6702 8157
W 323 2260 3856 4573 6510 8106
W 147 148 3872 4397 4398 8122
W 936 4234 2929 5186 8484 7179
W 573 3819 3329 4823 8069 7579
W 554 3496 2430 4804 7746 6680
W 1092 2430 3496 5342 6680 7746
W 56 57 3880 4306 4307 8130
W 107 108 3882 4357 4358 8132
W 475 2289 3731 4725 6539 7981
W 1013 3077 3304 5263 7327 7554
W 81 82 4020 4331 4332 8270
W 1448 3517 2361 5698 7767 6611
W 305 2249 3956 4555 6499 8206
W 923 2300 3668 5173 6550 7918
W 977 2483 3273 5227 6733 7523
W 1597 3217 3051 5847 7467 7301
W 446 2871 3473 4696 7121 7723
W 255 3602 3139 4505 7852 7389
W 1396 3139 3602 5646 7389 7852
W 1412 2640 3349 5662 6890 7599
W 740 3349 2640 4990 7599 6890
W 1574 3179 3913 5824 7429 8163
W 505 2596 4086 4755 6846 8336
W 1325 4086 2596 5575 8336 6846
W 1543 3691 3431 5793 7941 7681
W 253 3431 3691 4503 7681 7941
W 770 3404 2415 5020 7654 6665
W 596 3997 3958 4846 8247 8208
W 1278 4012 2539 5528 8262 6789
W 895 2539 4012 5145 6789 8262
W 105 106 3945 4355 4356 8195
W 444 2248 4102 4694 6498 8352
W 633 4230 2966 4883 8480 7216
W 63 64 3948 4313 4314 8198
W 327 2512 4191 4577 6762 8441
W 1305 4191 2512 5555 8441 6762
W 1456 3731 2289 5706 7981 6539
W 1070 2317 4213 5320 6567 8463
W 554 4146 3599 4804 8396 7849
W 429 3464 3435 4679 7714 7685
W 1568 3435 3464 5818 7685 7714
W 1078 3200 3124 5328 7450 7374
W 1251 3124 3200 5501 7374 7450
W 1269 3387 3011 5519 7637 7261
W 1178 3011 3387 5428 7261 7637
W 1025 2560 3230 5275 6810 7480
W 313 3280 2486 4563 7530 6736
W 715 3622 4239 4965 7872 8489
W 1278 3972 4012 5528 8222 8262
W 1977 4012 3972 6227 8262 8222
W 1328 3113 2723 5578 7363 6973
W 1112 2723 3113 5362 6973 7363
W 468 3089 2655 4718 7339 6905
W 855 4000 3684 5105 8250 7934
W 1072 2735 4023 5322 6985 8273
W 1749 4053 3322 5999 8303 7572
W 1375 4242 2260 5625 8492 6510
W 1119 2937 2910 5369 7187 7160
W 491 2910 2937 4741 7160 7187
W 774 2437 3385 5024 6687 7635
W 1036 2567 3537 5286 6817 7787
W 991 3985 2515 5241 8235 6765
W 1107 3807 2286 5357 8057 6536
W 1149 4182 2607 5399 8432 6857
W 41 42 4078 4291 4292 8328
W 2215 4229 2500 6465 8479 6750
W 903 4061 2258 5153 8311 6508
W 217 218 4092 4467 4468 8342
W 549 4069 2258 4799 8319 6508
W 1261 3044 3288 5511 7294 7538
W 918 3040 2726 5168 7290 6976
W 1402 3832 2949 5652 8082 7199
W 199 200 4136 4449 4450 8386
W 1211 2588 3169 5461 6838 7419
W 1403 3998 2671 5653 8248 6921
W 1082 3059 2827 5332 7309 7077
W 977 3273 3019 5227 7523 7269
W 1248 3019 3273 5498 7269 7523
W 1331 3225 3363 5581 7475 7613
W 1100 3363 3225 5350 7613 7475
W 467 3434 2820 4717 7684 7070
W 155 156 4208 4405 4406 8458
W 1712 3516 2600 5962 7766 6850
W 1567 4029 3482 5817 8279 7732
W 742 3706 2346 4992 7956 6596
W 1116 2346 3706 5366 6596 7956
W 1043 2484 4011 5293 6734 8261
W 1641 2627 3379 5891 6877 7629
W 1313 2684 3092 5563 6934 7342
W 550 3137 3624 4800 7387 7874
W 1457 4071 3129 5707 8321 7379
W 796 3562 2804 5046 7812 7054
W 336 3703 2319 4586 7953 6569
W 912 4206 2262 5162 8456 6512
W 373 3817 2293 4623 8067 6543
W 233 2913 3368 4483 7163 7618
W 849 2281 3874 5099 6531 8124
W 856 4149 2265 5106 8399 6515
W 1153 2968 3018 5403 7218 7268
W 553 3018 2968 4803 7268 7218
W 623 3115 2705 4873 7365 6955
W 1091 2705 3115 5341 6955 7365
W 1127 2298 4248 5377 6548 8498
W 371 2275 4003 4621 6525 8253
W 511 2371 3570 4761 6621 7820
W 1634 4209 2832 5884 8459 7082
W 1146 4060 2279 5396 8310 6529
W 1144 3840 2995 5394 8090 7245
W 1125 4015 2295 5375 8265 6545
W 1430 4139 2709 5680 8389 6959
W 77 3478 2431 4327 7728 6681
W 1156 2431 3478 5406 6681 7728
W 790 2679 3109 5040 6929 7359
W 1151 2737 3360 5401 6987 7610
W 1215 3368 2913 5465 7618 7163
W 1474 2309 3787 5724 6559 8037
W 474 4032 3492 4724 8282 7742
W 1709 3492 4032 5959 7742 8282
W 476 3694 2341 4726 7944 6591
W 335 3542 2394 4585 7792 6644
W 1053 3403 2543 5303 7653 6793
W 316 3145 3493 4566 7395 7743
W 431 2948 3148 4681 7198 7398
W 1239 3148 2948 5489 7398 7198
W 260 3790 2313 4510 8040 6563
W 802 2480 3851 5052 6730 8101
W 1199 3851 2480 5449 8101 6730
W 1415 2293 3881 5665 6543 8131
W 1306 3294 3258 5556 7544 7508
W 1123 3258 3294 5373 7508 7544
W 320 3085 4023 4570 7335 8273
W 384 3662 2428 4634 7912 6678
W 584 2410 3642 4834 6660 7892
W 867 2391 3574 5117 6641 7824
W 1165 2771 3291 5415 7021 7541
W 318 3458 2444 4568 7708 6694
W 1287 3992 3460 5537 8242 7710
W 1488 3809 3228 5738 8059 7478
W 313 3228 3809 4563 7478 8059
W 1301 3017 2970 5551 7267 7220
W 1113 2511 3329 5363 6761 7579
W 29 3649 2402 4279 7899 6652
W 667 2279 4060 4917 6529 8310
W 314 3341 2508 4564 7591 6758
W 456 3322 4000 4706 7572 8250
W 1087 2953 3353 5337 7203 7603
W 956 2718 3100 5206 6968 7350
W 1063 2747 3620 5313 6997 7870
W 946 2679 4010 5196 6929 8260
W 780 2392 3754 5030 6642 8004
W 1721 3150 2837 5971 7400 7087
W 407 3928 2945 4657 8178 7195
W 559 2340 3762 4809 6590 8012
W 1347 3910 2835 5597 8160 7085
W 1195 3410 4160 5445 7660 8410
W 1620 2737 3505 5870 6987 7755
W 804 2456 3468 5054 6706 7718
W 859 2384 4031 5109 6634 8281
W 1134 3679 3231 5384 7929 7481
W 431 3148 2766 4681 7398 7016
W 1115 2766 3148 5365 7016 7398
W 1820 3780 2507 6070 8030 6757
W 1110 3514 3391 5360 7764 7641
W 1426 3391 3514 5676 7641 7764
W 1140 2865 3793 5390 7115 8043
W 1006 2825 3037 5256 7075 7287
W 1056 2388 4007 5306 6638 8257
W 872 2295 4015 5122 6545 8265
W 482 4103 3801 4732 8353 8051
W 1884 3801 4103 6134 8051 8353
W 314 4134 2719 4564 8384 6969
W 1258 2990 3052 5508 7240 7302
W 483 2292 4232 4733 6542 8482
W 1015 3248 3247 5265 7498 7497
W 1447 3247 3248 5697 7497 7498
W 1687 3572 2668 5937 7822 6918
W 350 2668 3572 4600 6918 7822
W 559 3811 2340 4809 8061 6590
W 1802 4216 3067 6052 8466 7317
W 966 3070 2800 5216 7320 7050
W 791 2470 3596 5041 6720 7846
W 277 3930 2312 4527 8180 6562
W 1445 3447 3528 5695 7697 7778
W 1104 3528 3447 5354 7778 7697
W 615 3124 3031 4865 7374 7281
W 1251 3031 3124 5501 7281 7374
W 1306 3246 3350 5556 7496 7600
W 1116 3350 3246 5366 7600 7496
W 497 2827 3059 4747 7077 7309
W 758 4162 2292 5008 8412 6542
W 449 3964 2311 4699 8214 6561
W 1050 4009 2829 5300 8259 7079
W 1494 3538 3543 5744 7788 7793
W 1089 3543 3538 5339 7793 7788
W 959 2325 3889 5209 6575 8139
W 945 3699 2663 5195 7949 6913
W 987 3094 2787 5237 7344 7037
W 134 4157 2850 4384 8407 7100
W 1139 3443 2495 5389 7693 6745
W 1883 3382 3381 6133 7632 7631
W 993 3381 3382 5243 7631 7632
W 519 2835 3910 4769 7085 8160
W 1295 3219 3065 5545 7469 7315
W 1445 3528 3981 5695 7778 8231
W 1316 2305 4040 5566 6555 8290
W 1221 3751 2364 5471 8001 6614
W 1917 3907 2452 6167 8157 6702
W 1249 2402 3649 5499 6652 7899
W 476 2702 3694 4726 6952 7944
W 1957 3937 3235 6207 8187 7485
W 1798 2664 3990 6048 6914 8240
W 1046 2763 4006 5296 7013 8256
W 1122 2375 3734 5372 6625 7984
W 458 3734 2375 4708 7984 6625
W 1650 2980 3266 5900 7230 7516
W 907 3266 2980 5157 7516 7230
W 530 2399 3671 4780 6649 7921
W 1241 3000 3048 5491 7250 7298
W 1106 3451 3196 5356 7701 7446
W 1035 3239 3810 5285 7489 8060
W 1145 3918 2748 5395 8168 6998
W 1403 2885 3998 5653 7135 8248
W 335 3998 2885 4585 8248 7135
W 1027 3884 2338 5277 8134 6588
W 153 3515 2464 4403 7765 6714
W 1173 2464 3515 5423 6714 7765
W 1172 2605 4081 5422 6855 8331
W 1276 4249 2867 5526 8499 7117
W 326 2301 4198 4576 6551 8448
W 1471 3026 3156 5721 7276 7406
W 1545 3792 2816 5795 8042 7066
W 525 2816 3792 4775 7066 8042
W 871 2878 4161 5121 7128 8411
W 561 2728 3212 4811 6978 7462
W 247 2800 4119 4497 7050 8369
W 901 3303 2598 5151 7553 6848
W 303 2405 3999 4553 6655 8249
W 1368 3775 2614 5618 8025 6864
W 1123 2614 3775 5373 6864 8025
W 1300 3255 3085 5550 7505 7335
W 527 2543 3403 4777 6793 7653
W 251 2336 3954 4501 6586 8204
W 263 3978 3302 4513 8228 7552
W 1186 3629 2427 5436 7879 6677
W 891 4074 2682 5141 8324 6932
W 942 2356 3863 5192 6606 8113
W 727 3495 4229 4977 7745 8479
W 1762 4229 3495 6012 8479 7745
W 799 2323 4079 5049 6573 8329
W 1719 2700 3275 5969 6950 7525
W 505 3328 2596 4755 7578 6846
W 1818 3955 3262 6068 8205 7512
W 911 2461 3558 5161 6711 7808
W 1071 2869 3673 5321 7119 7923
W 469 2667 3362 4719 6917 7612
W 1077 3754 2392 5327 8004 6642
W 1057 3222 3223 5307 7472 7473
W 1302 3223 3222 5552 7473 7472
W 814 2390 3761 5064 6640 8011
W 510 3258 3775 4760 7508 8025
W 1073 3587 3010 5323 7837 7260
W 1218 3810 2385 5468 8060 6635
W 621 4214 2699 4871 8464 6949
W 1003 2970 3017 5253 7220 7267
W 459 2393 3760 4709 6643 8010
W 862 4175 2543 5112 8425 6793
W 118 2320 4179 4368 6570 8429
W 1051 2556 3414 5301 6806 7664
W 1681 2630 4044 5931 6880 8294
W 455 4213 2317 4705 8463 6567
W 1099 3797 3980 5349 8047 8230
W 901 2598 3952 5151 6848 8202
W 466 2553 3549 4716 6803 7799
W 1129 3549 2553 5379 7799 6803
W 826 4028 2465 5076 8278 6715
W 197 3118 2831 4447 7368 7081
W 610 3704 4073 4860 7954 8323
W 719 3015 3227 4969 7265 7477
W 1273 3227 3015 5523 7477 7265
W 529 3563 2634 4779 7813 6884
W 1513 2634 3563 5763 6884 7813
W 1092 2988 3686 5342 7238 7936
W 582 3084 3125 4832 7334 7375
W 1187 3125 3084 5437 7375 7334
W 1208 3694 2702 5458 7944 6952
W 877 4148 2333 5127 8398 6583
W 1044 3711 2492 5294 7961 6742
W 950 3276 2811 5200 7526 7061
W 251 3954 2817 4501 8204 7067
W 1347 2817 3954 5597 7067 8204
W 1522 2698 3261 5772 6948 7511
W 464 3318 2645 4714 7568 6895
W 1093 2907 3672 5343 7157 7922
W 1069 3596 2470 5319 7846 6720
W 1103 3658 2641 5353 7908 6891
W 627 3410 2881 4877 7660 7131
W 1195 2881 3410 5445 7131 7660
W 1792 4151 3896 6042 8401 8146
W 517 3107 3537 4767 7357 7787
W 1392 3773 2408 5642 8023 6658
W 1052 2928 4199 5302 7178 8449
W 776 2342 4173 5026 6592 8423
W 1215 2913 3471 5465 7163 7721
W 937 3471 2913 5187 7721 7163
W 953 3265 2964 5203 7515 7214
W 460 2586 3407 4710 6836 7657
W 1687 3966 3572 5937 8216 7822
W 1205 3572 3966 5455 7822 8216
W 565 2687 3931 4815 6937 8181
W 1275 3931 2687 5525 8181 6937
W 483 4232 2783 4733 8482 7033
W 965 3640 2740 5215 7890 6990
W 982 2837 3150 5232 7087 7400
W 1413 2758 3621 5663 7008 7871
W 851 3621 2758 5101 7871 7008
W 1704 3750 2446 5954 8000 6696
W 1098 3529 3361 5348 7779 7611
W 1376 3284 3122 5626 7534 7372
W 1075 3275 2700 5325 7525 6950
W 755 3873 2386 5005 8123 6636
W 1130 3656 2455 5380 7906 6705
W 606 2381 3900 4856 6631 8150
W 1037 3052 2990 5287 7302 7240
W 1142 3379 2627 5392 7629 6877
W 970 2710 3782 5220 6960 8032
W 1044 3048 3000 5294 7298 7250
W 1241 3197 3700 5491 7447 7950
W 1397 3700 3197 5647 7950 7447
W 581 3379 3968 4831 7629 8218
W 1736 4115 2636 5986 8365 6886
W 1211 3130 3209 5461 7380 7459
W 1146 3209 3130 5396 7459 7380
W 1155 3610 2612 5405 7860 6862
W 927 2612 3610 5177 6862 7860
W 1004 2914 3295 5254 7164 7545
W 1369 4119 2800 5619 8369 7050
W 1425 4038 3426 5675 8288 7676
W 645 3539 3334 4895 7789 7584
W 585 3950 3193 4835 8200 7443
W 1067 3334 2662 5317 7584 6912
W 1294 3670 2692 5544 7920 6942
W 1163 2363 4093 5413 6613 8343
W 384 2428 3766 4634 6678 8016
W 320 3526 4013 4570 7776 8263
W 1670 4013 3526 5920 8263 7776
W 259 2374 3961 4509 6624 8211
W 1713 3747 3857 5963 7997 8107
W 584 3857 3747 4834 8107 7997
W 1194 3534 2624 5444 7784 6874
W 1111 2661 3729 5361 6911 7979
W 1099 3044 3797 5349 7294 8047
W 1237 3705 2450 5487 7955 6700
W 1586 3859 3069 5836 8109 7319
W 356 4067 2368 4606 8317 6618
W 289 3835 2918 4539 8085 7168
W 1058 3643 2739 5308 7893 6989
W 1217 3411 3311 5467 7661 7561
W 1914 2851 3952 6164 7101 8202
W 2131 3682 2882 6381 7932 7132
W 348 3179 4201 4598 7429 8451
W 1574 4201 3179 5824 8451 7429
W 579 3984 2547 4829 8234 6797
W 1219 2547 3984 5469 6797 8234
W 1586 4077 3859 5836 8327 8109
W 1152 3362 2667 5402 7612 6917
W 891 2808 4074 5141 7058 8324
W 2265 4149 2881 6515 8399 7131
W 1088 2449 3808 5338 6699 8058
W 1154 2599 3645 5404 6849 7895
W 837 3645 2599 5087 7895 6849
W 1651 3958 3997 5901 8208 8247
W 1046 4006 2965 5296 8256 7215
W 1153 3451 2968 5403 7701 7218
W 901 2820 3303 5151 7070 7553
W 1145 3303 2820 5395 7553 7070
W 1418 4088 3374 5668 8338 7624
W 1308 3647 3563 5558 7897 7813
W 1513 3563 3647 5763 7813 7897
W 1240 3813 3297 5490 8063 7547
W 1475 3297 3813 5725 7547 8063
W 472 2774 3536 4722 7024 7786
W 1145 2820 3434 5395 7070 7684
W 1107 3357 2691 5357 7607 6941
W 1797 4047 2468 6047 8297 6718
W 1732 3101 3858 5982 7351 8108
W 436 2708 3502 4686 6958 7752
W 1153 3502 2708 5403 7752 6958
W 805 2489 3723 5055 6739 7973
W 913 2691 3357 5163 6941 7607
W 1085 3989 2571 5335 8239 6821
W 212 3618 2545 4462 7868 6795
W 517 3537 2567 4767 7787 6817
W 2052 3769 2600 6302 8019 6850
W 480 3424 2649 4730 7674 6899
W 805 3723 2494 5055 7973 6744
W 1169 3624 2524 5419 7874 6774
W 1599 4109 3182 5849 8359 7432
W 1692 4183 4081 5942 8433 8331
W 420 2523 4091 4670 6773 8341
W 1093 3999 2405 5343 8249 6655
W 1085 2579 3989 5335 6829 8239
W 282 3896 4151 4532 8146 8401
W 1231 3289 3168 5481 7539 7418
W 1166 3168 3289 5416 7418 7539
W 542 3589 2558 4792 7839 6808
W 1250 2657 3872 5500 6907 8122
W 147 3872 2657 4397 8122 6907
W 1062 4142 3724 5312 8392 7974
W 1113 2646 3463 5363 6896 7713
W 1284 2633 4122 5534 6883 8372
W 617 4122 2633 4867 8372 6883
W 395 2570 3555 4645 6820 7805
W 1020 3397 2687 5270 7647 6937
W 508 3463 2646 4758 7713 6896
W 1301 2379 4224 5551 6629 8474
W 814 2375 4246 5064 6625 8496
W 555 3705 2821 4805 7955 7071
W 1237 2821 3705 5487 7071 7955
W 1595 3642 2530 5845 7892 6780
W 1262 3589 2967 5512 7839 7217
W 542 2967 3589 4792 7217 7839
W 1824 3739 4191 6074 7989 8441
W 327 4191 3739 4577 8441 7989
W 1271 3564 2568 5521 7814 6818
W 1121 3723 2489 5371 7973 6739
W 947 3494 2633 5197 7744 6883
W 1189 2811 3276 5439 7061 7526
W 306 2724 3544 4556 6974 7794
W 1115 3488 2766 5365 7738 7016
W 596 2650 3997 4846 6900 8247
W 962 3091 3251 5212 7341 7501
W 1196 2545 3618 5446 6795 7868
W 1242 3758 2533 5492 8008 6783
W 519 2981 4040 4769 7231 8290
W 891 4221 2417 5141 8471 6667
W 1212 2417 4221 5462 6667 8471
W 1226 2660 3888 5476 6910 8138
W 406 3888 2660 4656 8138 6910
W 778 2793 3295 5028 7043 7545
W 315 3629 2734 4565 7879 6984
W 1186 2734 3629 5436 6984 7879
W 326 3633 2552 4576 7883 6802
W 1129 2552 3633 5379 6802 7883
W 304 2757 3784 4554 7007 8034
W 1412 3349 3666 5662 7599 7916
W 1202 3666 3349 5452 7916 7599
W 1488 2475 3809 5738 6725 8059
W 520 2994 3980 4770 7244 8230
W 1163 4093 2415 5413 8343 6665
W 634 3437 2933 4884 7687 7183
W 1198 2933 3437 5448 7183 7687
W 1414 3736 3279 5664 7986 7529
W 1003 3279 3736 5253 7529 7986
W 465 3862 2506 4715 8112 6756
W 615 4089 3491 4865 8339 7741
W 724 3533 3233 4974 7783 7483
W 1416 3233 3533 5666 7483 7783
W 1102 2791 3641 5352 7041 7891
W 1422 3895 4159 5672 8145 8409
W 65 3698 2529 4315 7948 6779
W 847 4110 2834 5097 8360 7084
W 464 3965 2435 4714 8215 6685
W 1398 3588 3380 5648 7838 7630
W 1175 3380 3588 5425 7630 7838
W 314 3131 4134 4564 7381 8384
W 566 2697 3688 4816 6947 7938
W 1612 3688 2697 5862 7938 6947
W 488 2525 3786 4738 6775 8036
W 2414 4226 3382 6664 8476 7632
W 630 4064 2474 4880 8314 6724
W 1196 2474 4064 5446 6724 8314
W 1373 3402 3854 5623 7652 8104
W 368 3825 2479 4618 8075 6729
W 1000 3156 3026 5250 7406 7276
W 993 2870 3270 5243 7120 7520
W 2079 3144 4106 6329 7394 8356
W 1317 2621 3765 5567 6871 8015
W 438 3445 2875 4688 7695 7125
W 1027 2991 3435 5277 7241 7685
W 1331 2507 3780 5581 6757 8030
W 1415 2562 3664 5665 6812 7914
W 1567 3482 3330 5817 7732 7580
W 949 3330 3482 5199 7580 7732
W 2232 3620 3220 6482 7870 7470
W 1333 4226 2414 5583 8476 6664
W 594 2773 4242 4844 7023 8492
W 1392 3208 3773 5642 7458 8023
W 315 3773 3208 4565 8023 7458
W 1319 3232 2979 5569 7482 7229
W 482 2979 3232 4732 7229 7482
W 1086 2678 3877 5336 6928 8127
W 913 3357 2956 5163 7607 7206
W 1555 2956 3357 5805 7206 7607
W 1539 3087 3321 5789 7337 7571
W 1384 3483 3499 5634 7733 7749
W 1132 3499 3483 5382 7749 7733
W 862 2738 4175 5112 6988 8425
W 1340 2688 3497 5590 6938 7747
W 470 2900 3725 4720 7150 7975
W 1649 3821 2680 5899 8071 6930
W 308 3185 3443 4558 7435 7693
W 1115 4052 3488 5365 8302 7738
W 1238 4046 2622 5488 8296 6872
W 250 2622 4046 4500 6872 8296
W 554 2430 4146 4804 6680 8396
W 737 3245 3056 4987 7495 7306
W 1175 3056 3245 5425 7306 7495
W 1399 3597 3980 5649 7847 8230
W 623 3913 2580 4873 8163 6830
W 1197 2580 3913 5447 6830 8163
W 314 3957 3341 4564 8207 7591
W 5 2533 3758 4255 6783 8008
W 472 3536 2916 4722 7786 7166
W 1052 4199 3326 5302 8449 7576
W 859 4031 2608 5109 8281 6858
W 297 3386 2946 4547 7636 7196
W 1174 4240 2447 5424 8490 6697
W 449 4212 3964 4699 8462 8214
W 1106 4082 2968 5356 8332 7218
W 1762 2500 4229 6012 6750 8479
W 1566 3719 3695 5816 7969 7945
W 1148 3695 3719 5398 7945 7969
W 901 3952 2851 5151 8202 7101
W 477 2693 4014 4727 6943 8264
W 1347 3838 3910 5597 8088 8160
W 1661 3251 3091 5911 7501 7341
W 1959 3272 3356 6209 7522 7606
W 496 3730 3121 4746 7980 7371
W 552 2638 3613 4802 6888 7863
W 568 3756 3259 4818 8006 7509
W 1716 4166 2772 5966 8416 7022
W 332 3981 3528 4582 8231 7778
W 1572 3164 4148 5822 7414 8398
W 976 3051 3217 5226 7301 7467
W 1143 3829 2696 5393 8079 6946
W 347 3933 2714 4597 8183 6964
W 1745 2714 3933 5995 6964 8183
W 805 3949 2489 5055 8199 6739
W 529 4048 2472 4779 8298 6722
W 1232 3263 3605 5482 7513 7855
W 1358 3605 3263 5608 7855 7513
W 945 3093 3699 5195 7343 7949
W 1010 2776 3675 5260 7026 7925
W 1151 3505 2737 5401 7755 6987
W 1062 3065 3219 5312 7315 7469
W 1092 3496 2745 5342 7746 6995
W 1217 3238 3411 5467 7488 7661
W 1105 2754 4090 5355 7004 8340
W 1103 2905 3658 5353 7155 7908
W 317 2514 3885 4567 6764 8135
W 915 2540 3824 5165 6790 8074
W 1205 3966 2585 5455 8216 6835
W 539 2585 3966 4789 6835 8216
W 1638 4030 3133 5888 8280 7383
W 894 3133 4030 5144 7383 8280
W 264 4011 2484 4514 8261 6734
W 926 2696 3829 5176 6946 8079
W 1390 3946 2501 5640 8196 6751
W 369 2447 4240 4619 6697 8490
W 1632 3628 3977 5882 7878 8227
W 1349 3977 3628 5599 8227 7878
W 505 2647 3636 4755 6897 7886
W 1364 3280 3054 5614 7530 7304
W 313 3054 3280 4563 7304 7530
W 929 3759 2576 5179 8009 6826
W 954 4033 2488 5204 8283 6738
W 244 2457 4203 4494 6707 8453
W 1125 3789 2889 5375 8039 7139
W 107 3882 3055 4357 8132 7305
W 1365 3055 3882 5615 7305 8132
W 286 3685 2632 4536 7935 6882
W 478 2550 3833 4728 6800 8083
W 1288 4059 2485 5538 8309 6735
W 1277 2610 3730 5527 6860 7980
W 1622 2965 4006 5872 7215 8256
W 1242 2533 3898 5492 6783 8148
W 532 3748 2642 4782 7998 6892
W 68 2652 3665 4318 6902 7915
W 536 2795 3609 4786 7045 7859
W 1022 3733 2750 5272 7983 7000
W 1072 3085 3255 5322 7335 7505
W 1438 3256 4223 5688 7506 8473
W 1591 4223 3256 5841 8473 7506
W 1032 2755 3531 5282 7005 7781
W 294 3659 2663 4544 7909 6913
W 1449 3027 4228 5699 7277 8478
W 624 4228 3027 4874 8478 7277
W 1085 3316 3315 5335 7566 7565
W 1404 3315 3316 5654 7565 7566
W 795 2600 3769 5045 6850 8019
W 752 3447 3401 5002 7697 7651
W 1445 3401 3447 5695 7651 7697
W 931 3030 3405 5181 7280 7655
W 1129 3633 3632 5379 7883 7882
W 1550 3632 3633 5800 7882 7883
W 1142 3586 2789 5392 7836 7039
W 1873 3840 3545 6123 8090 7795
W 479 3648 2676 4729 7898 6926
W 852 2675 3651 5102 6925 7901
W 1209 4054 3347 5459 8304 7597
W 1054 2663 3699 5304 6913 7949
W 482 2503 4103 4732 6753 8353
W 1193 4103 2503 5443 8353 6753
W 1145 3434 3918 5395 7684 8168
W 484 3353 2953 4734 7603 7203
W 1997 3645 2894 6247 7895 7144
W 263 3247 3978 4513 7497 8228
W 1447 3978 3247 5697 8228 7497
W 537 3860 3213 4787 8110 7463
W 1400 3213 3860 5650 7463 8110
W 982 3150 3710 5232 7400 7960
W 548 3311 3411 4798 7561 7661
W 1026 2917 3399 5276 7167 7649
W 1099 3288 3044 5349 7538 7294
W 1219 3923 2547 5469 8173 6797
W 565 3658 2905 4815 7908 7155
W 1332 3462 4057 5582 7712 8307
W 529 2634 3749 4779 6884 7999
W 1381 3191 3725 5631 7441 7975
W 915 3824 2946 5165 8074 7196
W 1321 2946 3824 5571 7196 8074
W 1294 2834 4110 5544 7084 8360
W 954 2488 4231 5204 6738 8481
W 1172 3852 2605 5422 8102 6855
W 601 2605 3852 4851 6855 8102
W 537 3735 2872 4787 7985 7122
W 505 3839 2647 4755 8089 6897
W 1179 2647 3839 5429 6897 8089
W 1293 2915 4120 5543 7165 8370
W 1184 2730 3755 5434 6980 8005
W 486 3755 2730 4736 8005 6980
W 1149 3539 4182 5399 7789 8432
W 1397 3473 2871 5647 7723 7121
W 420 4091 2712 4670 8341 6962
W 954 3306 3097 5204 7556 7347
W 1882 4044 2630 6132 8294 6880
W 828 4094 2519 5078 8344 6769
W 385 4106 3144 4635 8356 7394
W 1191 3237 3229 5441 7487 7479
W 1194 3229 3237 5444 7479 7487
W 275 2607 4182 4525 6857 8432
W 295 2609 3914 4545 6859 8164
W 1372 3943 3068 5622 8193 7318
W 417 3068 3943 4667 7318 8193
W 1562 3524 3904 5812 7774 8154
W 998 2541 4021 5248 6791 8271
W 295 3914 3917 4545 8164 8167
W 1097 3254 4039 5347 7504 8289
W 510 3246 3258 4760 7496 7508
W 1306 3258 3246 5556 7508 7496
W 576 2707 3690 4826 6957 7940
W 1160 3690 2707 5410 7940 6957
W 254 3859 4077 4504 8109 8327
W 968 2943 3849 5218 7193 8099
W 1174 3727 2890 5424 7977 7140
W 290 3969 3010 4540 8219 7260
W 1222 4157 2516 5472 8407 6766
W 473 3122 3284 4723 7372 7534
W 315 3208 3629 4565 7458 7879
W 527 4038 2543 4777 8288 6793
W 537 2872 3860 4787 7122 8110
W 1108 2704 3803 5358 6954 8053
W 827 3418 2950 5077 7668 7200
W 48 2959 4034 4298 7209 8284
W 1408 3614 3042 5658 7864 7292
W 622 3812 4171 4872 8062 8421
W 1773 4171 3812 6023 8421 8062
W 470 3725 3191 4720 7975 7441
W 1047 4230 2969 5297 8480 7219
W 1383 2804 3562 5633 7054 7812
W 1024 3896 2868 5274 8146 7118
W 831 3955 2595 5081 8205 6845
W 1136 2790 4019 5386 7040 8269
W 701 3321 3087 4951 7571 7337
W 964 2532 4130 5214 6782 8380
W 2284 3592 3803 6534 7842 8053
W 1196 4064 2545 5446 8314 6795
W 1124 3555 3651 5374 7805 7901
W 1192 2646 3819 5442 6896 8069
W 522 2789 3586 4772 7039 7836
W 1300 4145 3594 5550 8395 7844
W 1656 3594 4145 5906 7844 8395
W 1203 3571 3684 5453 7821 7934
W 656 2571 3989 4906 6821 8239
W 1296 4238 2724 5546 8488 6974
W 839 2724 4238 5089 6974 8488
W 445 2890 3727 4695 7140 7977
W 310 3820 2664 4560 8070 6914
W 1219 2736 3923 5469 6986 8173
W 293 3923 2736 4543 8173 6986
W 388 2575 3979 4638 6825 8229
W 1643 3173 3863 5893 7423 8113
W 942 3863 3173 5192 8113 7423
W 953 2964 3581 5203 7214 7831
W 1159 3914 2609 5409 8164 6859
W 1541 3433 3903 5791 7683 8153
W 1106 2968 3451 5356 7218 7701
W 1170 2595 3955 5420 6845 8205
W 244 4243 2531 4494 8493 6781
W 1680 3917 3914 5930 8167 8164
W 1054 3952 2598 5304 8202 6848
W 451 3022 3554 4701 7272 7804
W 1736 3405 3030 5986 7655 7280
W 982 3710 2721 5232 7960 6971
W 475 3731 2733 4725 7981 6983
W 335 2885 3909 4585 7135 8159
W 1170 3942 2603 5420 8192 6853
W 603 2748 3918 4853 6998 8168
W 1053 2543 4175 5303 6793 8425
W 477 4014 2901 4727 8264 7151
W 1289 3415 3416 5539 7665 7666
W 1171 3416 3415 5421 7666 7665
W 1426 3684 3571 5676 7934 7821
W 543 3877 2678 4793 8127 6928
W 471 3641 2791 4721 7891 7041
W 1213 3871 2773 5463 8121 7023
W 875 2773 3871 5125 7023 8121
W 1207 3899 2722 5457 8149 6972
W 892 2722 3899 5142 6972 8149
W 1116 3706 2741 5366 7956 6991
W 524 4219 2809 4774 8469 7059
W 1829 2916 3536 6079 7166 7786
W 1028 2912 3560 5278 7162 7810
W 853 2681 3838 5103 6931 8088
W 1118 2608 4031 5368 6858 8281
W 1586 2873 4077 5836 7123 8327
W 1870 3709 2853 6120 7959 7103
W 344 3625 2841 4594 7875 7091
W 1287 4167 2784 5537 8417 7034
W 944 2784 4167 5194 7034 8417
W 1244 3875 3683 5494 8125 7933
W 1565 3683 3875 5815 7933 8125
W 1268 3050 3743 5518 7300 7993
W 591 3743 3050 4841 7993 7300
W 635 2842 3626 4885 7092 7876
W 1469 4057 3462 5719 8307 7712
W 386 4147 3433 4636 8397 7683
W 1290 3565 3604 5540 7815 7854
W 88 2706 4024 4338 6956 8274
W 1048 2809 4219 5298 7059 8469
W 558 3243 3689 4808 7493 7939
W 1303 3689 3243 5553 7939 7493
W 425 3813 2924 4675 8063 7174
W 1240 2924 3813 5490 7174 8063
W 1227 3367 3311 5477 7617 7561
W 1217 3311 3367 5467 7561 7617
W 1339 4014 4030 5589 8264 8280
W 908 3721 2975 5158 7971 7225
W 860 4081 2605 5110 8331 6855
W 594 3800 3854 4844 8050 8104
W 715 3788 2906 4965 8038 7156
W 250 4154 2622 4500 8404 6872
W 1421 3671 3337 5671 7921 7587
W 299 3654 3993 4549 7904 8243
W 1588 3993 3654 5838 8243 7904
W 1153 3018 3502 5403 7268 7752
W 223 3687 2814 4473 7937 7064
W 1624 4111 4110 5874 8361 8360
W 1399 4126 3597 5649 8376 7847
W 1548 3940 3617 5798 8190 7867
W 324 3617 3940 4574 7867 8190
W 1495 3661 3660 5745 7911 7910
W 1161 3660 3661 5411 7910 7911
W 1236 2580 4212 5486 6830 8462
W 843 2577 4236 5093 6827 8486
W 462 2943 3657 4712 7193 7907
W 1204 3657 2943 5454 7907 7193
W 303 3999 2846 4553 8249 7096
W 1239 3951 3801 5489 8201 8051
W 1399 4247 4126 5649 8497 8376
W 1687 3865 3966 5937 8115 8216
W 539 3966 3865 4789 8216 8115
W 1094 3784 2757 5344 8034 7007
W 1223 3828 3269 5473 8078 7519
W 995 2832 3697 5245 7082 7947
W 1362 3459 3676 5612 7709 7926
W 1231 3553 3177 5481 7803 7427
W 694 3177 3553 4944 7427 7803
W 508 2646 4123 4758 6896 8373
W 996 3356 3272 5246 7606 7522
W 1667 2819 3922 5917 7069 8172
W 514 3912 3338 4764 8162 7588
W 464 4120 2915 4714 8370 7165
W 993 4226 2870 5243 8476 7120
W 1333 2870 4226 5583 7120 8476
W 998 3781 2777 5248 8031 7027
W 489 3045 4172 4739 7295 8422
W 1675 2962 3790 5925 7212 8040
W 2041 2719 4134 6291 6969 8384
W 826 3990 2664 5076 8240 6914
W 837 2599 4218 5087 6849 8468
W 493 3673 2869 4743 7923 7119
W 837 2894 3645 5087 7144 7895
W 666 3678 3920 4916 7928 8170
W 1560 3920 3678 5810 8170 7928
W 522 4070 2789 4772 8320 7039
W 1255 2789 4070 5505 7039 8320
W 1198 3411 3238 5448 7661 7488
W 236 4052 2653 4486 8302 6903
W 1191 3229 3609 5441 7479 7859
W 2002 3281 4011 6252 7531 8261
W 815 2636 4115 5065 6886 8365
W 1034 4190 2625 5284 8440 6875
W 512 2853 3709 4762 7103 7959
W 1393 4089 3601 5643 8339 7851
W 1194 3237 3534 5444 7487 7784
W 1127 2882 3682 5377 7132 7932
W 999 3201 4222 5249 7451 8472
W 464 2645 4120 4714 6895 8370
W 1192 4123 2646 5442 8373 6896
W 1384 3641 3483 5634 7891 7733
W 471 3483 3641 4721 7733 7891
W 504 4150 2686 4754 8400 6936
W 649 4005 3580 4899 8255 7830
W 1545 3580 4005 5795 7830 8255
W 1349 4024 2706 5599 8274 6956
W 1102 3493 3145 5352 7743 7395
W 1452 3849 2764 5702 8099 7014
W 1543 3690 3691 5793 7940 7941
W 1160 3691 3690 5410 7941 7940
W 75 3970 2701 4325 8220 6951
W 1043 4011 3281 5293 8261 7531
W 752 2805 4183 5002 7055 8433
W 1576 4125 3286 5826 8375 7536
W 1391 3338 3912 5641 7588 8162
W 1709 4241 2632 5959 8491 6882
W 1348 3267 3886 5598 7517 8136
W 1537 3886 3267 5787 8136 7517
W 535 3159 3534 4785 7409 7784
W 1177 2873 3903 5427 7123 8153
W 1902 3395 4127 6152 7645 8377
W 1138 2872 3735 5388 7122 7985
W 181 2685 4058 4431 6935 8308
W 1174 2890 3901 5424 7140 8151
W 105 3945 3007 4355 8195 7257
W 1073 3010 3969 5323 7260 8219
W 1397 3197 3759 5647 7447 8009
W 1312 4173 3696 5562 8423 7946
W 1030 3662 2950 5280 7912 7200
W 1682 2861 3988 5932 7111 8238
W 860 3988 2861 5110 8238 7111
W 1290 3604 3374 5540 7854 7624
W 1173 4017 2983 5423 8267 7233
W 1203 3128 3571 5453 7378 7821
W 920 3991 2817 5170 8241 7067
W 1118 3725 2900 5368 7975 7150
W 1494 3916 3538 5744 8166 7788
W 316 3538 3916 4566 7788 8166
W 1234 4156 2896 5484 8406 7146
W 995 2788 3887 5245 7038 8137
W 313 3809 3054 4563 8059 7304
W 1342 4089 3031 5592 8339 7281
W 615 3031 4089 4865 7281 8339
W 888 3552 3298 5138 7802 7548
W 1256 3298 3552 5506 7548 7802
W 483 3042 3614 4733 7292 7864
W 535 3534 3237 4785 7784 7487
W 563 3834 3680 4813 8084 7930
W 1498 3680 3834 5748 7930 8084
W 315 3091 3773 4565 7341 8023
W 937 3937 2803 5187 8187 7053
W 1679 2705 4084 5929 6955 8334
W 1127 4248 2882 5377 8498 7132
W 715 3908 3622 4965 8158 7872
W 1505 3622 3908 5755 7872 8158
W 636 3400 4041 4886 7650 8291
W 1425 3384 4038 5675 7634 8288
W 668 4209 3672 4918 8459 7922
W 1634 3672 4209 5884 7922 8459
W 1348 3855 3267 5598 8105 7517
W 36 3267 3855 4286 7517 8105
W 1785 4008 3160 6035 8258 7410
W 454 3505 3974 4704 7755 8224
W 285 3571 3128 4535 7821 7378
W 2207 3746 3132 6457 7996 7382
W 1332 3688 4133 5582 7938 8383
W 1612 4133 3688 5862 8383 7938
W 1539 3943 4072 5789 8193 8322
W 1131 2712 4091 5381 6962 8341
W 1689 3055 3934 5939 7305 8184
W 566 2889 3789 4816 7139 8039
W 2099 3587 3413 6349 7837 7663
W 553 3751 3018 4803 8001 7268
W 1221 3018 3751 5471 7268 8001
W 891 2682 4221 5141 6932 8471
W 1595 3960 3358 5845 8210 7608
W 1329 3568 3879 5579 7818 8129
W 1216 3921 3253 5466 8171 7503
W 352 2874 3891 4602 7124 8141
W 955 2749 4076 5205 6999 8326
W 1718 3476 3518 5968 7726 7768
W 644 4006 2763 4894 8256 7013
W 1162 2906 3788 5412 7156 8038
W 342 2917 3779 4592 7167 8029
W 335 2775 3998 4585 7025 8248
W 1487 4194 4196 5737 8444 8446
W 1869 4196 4194 6119 8446 8444
W 1399 3980 3797 5649 8230 8047
W 226 2767 4027 4476 7017 8277
W 1255 3968 2789 5505 8218 7039
W 311 3724 3119 4561 7974 7369
W 1246 3119 3724 5496 7369 7974
W 769 3922 2819 5019 8172 7069
W 450 3992 2784 4700 8242 7034
W 922 3585 3836 5172 7835 8086
W 1551 3836 3585 5801 8086 7835
W 1272 3604 3565 5522 7854 7815
W 1045 2699 4214 5295 6949 8464
W 920 2892 3991 5170 7142 8241
W 1301 4224 3017 5551 8474 7267
W 1734 3866 2985 5984 8116 7235
W 1222 2850 4157 5472 7100 8407
W 586 3009 3971 4836 7259 8221
W 1803 3971 3009 6053 8221 7259
W 1358 2746 4244 5608 6996 8494
W 1262 2967 3756 5512 7217 8006
W 1162 4018 2906 5412 8268 7156
W 1213 2773 4068 5463 7023 8318
W 1236 4212 4094 5486 8462 8344
W 1058 3652 3101 5308 7902 7351
W 266 4019 2790 4516 8269 7040
W 594 4068 2773 4844 8318 7023
W 27 4090 2754 4277 8340 7004
W 1516 3755 3828 5766 8005 8078
W 486 3828 3755 4736 8078 8005
W 1345 3186 3986 5595 7436 8236
W 256 3986 3186 4506 8236 7436
W 1793 4249 4004 6043 8499 8254
W 1276 4004 4249 5526 8254 8499
W 511 3146 4039 4761 7396 8289
W 1271 4204 3564 5521 8454 7814
W 1193 3891 2874 5443 8141 7124
W 534 3346 3765 4784 7596 8015
W 1317 3765 3346 5567 8015 7596
W 613 3903 2873 4863 8153 7123
W 1200 3098 3916 5450 7348 8166
W 529 3749 3161 4779 7999 7411
W 1254 3161 3749 5504 7411 7999
W 1651 3997 2823 5901 8247 7073
W 324 3959 3617 4574 8209 7867
W 1822 4169 4153 6072 8419 8403
W 658 4153 4169 4908 8403 8419
W 1495 3907 3661 5745 8157 7911
W 639 3661 3907 4889 7911 8157
W 984 3117 3794 5234 7367 8044
W 273 3644 3264 4523 7894 7514
W 406 3265 3888 4656 7515 8138
W 1939 3888 3265 6189 8138 7515
W 1426 3571 3391 5676 7821 7641
W 285 3391 3571 4535 7641 7821
W 459 2829 4009 4709 7079 8259
W 1836 3699 3093 6086 7949 7343
W 311 4029 3065 4561 8279 7315
W 1295 3065 4029 5545 7315 8279
W 311 3065 3724 4561 7315 7974
W 1174 3510 3727 5424 7760 7977
W 1024 3901 2890 5274 8151 7140
W 536 3609 3229 4786 7859 7479
W 895 4012 3244 5145 8262 7494
W 1977 3244 4012 6227 7494 8262
W 1168 3963 2858 5418 8213 7108
W 402 3220 3620 4652 7470 7870
W 1472 4074 2808 5722 8324 7058
W 822 2772 4166 5072 7022 8416
W 715 4239 3788 4965 8489 8038
W 488 3786 3012 4738 8036 7262
W 1920 4246 3224 6170 8496 7474
W 1312 3696 3449 5562 7946 7699
W 169 3449 3696 4419 7699 7946
W 1294 4110 4111 5544 8360 8361
W 1726 3210 3826 5976 7460 8076
W 1670 3526 3525 5920 7776 7775
W 1111 3525 3526 5361 7775 7776
W 967 3951 2948 5217 8201 7198
W 1239 2948 3951 5489 7198 8201
W 1528 4184 3532 5778 8434 7782
W 620 3532 4184 4870 7782 8434
W 1172 2951 3852 5422 7201 8102
W 583 4180 2780 4833 8430 7030
W 310 2999 3820 4560 7249 8070
W 1382 3781 3152 5632 8031 7402
W 998 3152 3781 5248 7402 8031
W 1847 4172 3802 6097 8422 8052
W 1090 3518 3476 5340 7768 7726
W 511 4039 3254 4761 8289 7504
W 1695 3837 3366 5945 8087 7616
W 1326 3822 4195 5576 8072 8445
W 1669 4195 3822 5919 8445 8072
W 230 3797 3044 4480 8047 7294
W 1585 4042 3702 5835 8292 7952
W 1307 3702 4042 5557 7952 8292
W 1333 4185 2796 5583 8435 7046
W 1624 3163 4111 5874 7413 8361
W 1218 3081 3810 5468 7331 8060
W 1172 4183 2805 5422 8433 7055
W 1286 3991 2892 5536 8241 7142
W 505 3636 3328 4755 7886 7578
W 1274 3328 3636 5524 7578 7886
W 1361 2985 3866 5611 7235 8116
W 1073 3969 3342 5323 8219 7592
W 932 3132 3746 5182 7382 7996
W 1483 3979 3084 5733 8229 7334
W 1531 4003 3109 5781 8253 7359
W 1223 3831 3828 5473 8081 8078
W 1516 3828 3831 5766 8078 8081
W 282 4151 2826 4532 8401 7076
W 1446 2945 3928 5696 7195 8178
W 1408 4200 3614 5658 8450 7864
W 781 3717 4200 5031 7967 8450
W 608 3355 4215 4858 7605 8465
W 2142 4215 3355 6392 8465 7605
W 1035 3810 3081 5285 8060 7331
W 993 3382 4226 5243 7632 8476
W 1339 2901 4014 5589 7151 8264
W 532 2982 3892 4782 7232 8142
W 1073 3413 3587 5323 7663 7837
W 611 3374 3604 4861 7624 7854
W 390 3187 3973 4640 7437 8223
W 1457 3561 3774 5707 7811 8024
W 1352 3861 3392 5602 8111 7642
W 331 3392 3861 4581 7642 8111
W 1539 3331 3943 5789 7581 8193
W 526 3017 4224 4776 7267 8474
W 241 4111 3163 4491 8361 7413
W 532 3263 3748 4782 7513 7998
W 1435 3794 3117 5685 8044 7367
W 1548 3617 4180 5798 7867 8430
W 1143 3556 3829 5393 7806 8079
W 657 3038 4233 4907 7288 8483
W 2078 4164 3127 6328 8414 7377
W 1612 4098 2987 5862 8348 7237
W 1302 3974 2942 5552 8224 7192
W 577 3853 3720 4827 8103 7970
W 1465 3720 3853 5715 7970 8103
W 600 3934 3371 4850 8184 7621
W 1365 3371 3934 5615 7621 8184
W 1616 2881 4149 5866 7131 8399
W 1382 4235 3781 5632 8485 8031
W 1598 3423 3842 5848 7673 8092
W 1285 3842 3423 5535 8092 7673
W 967 2979 3951 5217 7229 8201
W 485 4022 2935 4735 8272 7185
W 1242 3373 3758 5492 7623 8008
W 1400 3860 3075 5650 8110 7325
W 1440 2998 4211 5690 7248 8461
W 489 4016 2941 4739 8266 7191
W 505 4086 3839 4755 8336 8089
W 1599 3839 4086 5849 8089 8336
W 529 3161 4048 4779 7411 8298
W 1310 4048 3161 5560 8298 7411
W 504 2957 4150 4754 7207 8400
W 1588 3654 3653 5838 7904 7903
W 1165 3653 3654 5415 7903 7904
W 1792 3066 4151 6042 7316 8401
W 346 3783 4245 4596 8033 8495
W 1628 4245 3783 5878 8495 8033
W 1545 4005 3792 5795 8255 8042
W 1305 3792 4005 5555 8042 8255
W 837 4218 3123 5087 8468 7373
W 1357 3123 4218 5607 7373 8468
W 247 4119 2902 4497 8369 7152
W 1099 3980 2994 5349 8230 7244
W 1238 4051 4046 5488 8301 8296
W 1684 4046 4051 5934 8296 8301
W 1231 3924 3289 5481 8174 7539
W 534 3765 3241 4784 8015 7491
W 659 4199 2928 4909 8449 7178
W 1445 3981 3704 5695 8231 7954
W 1232 3748 3263 5482 7998 7513
W 488 2876 4192 4738 7126 8442
W 250 2897 4154 4500 7147 8404
W 1372 4072 3943 5622 8322 8193
W 1710 3899 3713 5960 8149 7963
W 586 2983 4017 4836 7233 8267
W 454 3974 3222 4704 8224 7472
W 1302 3222 3974 5552 7472 8224
W 235 2903 4160 4485 7153 8410
W 1203 4053 3128 5453 8303 7378
W 1365 3934 3055 5615 8184 7305
W 600 3371 4140 4850 7621 8390
W 1611 4140 3371 5861 8390 7621
W 1123 3775 3258 5373 8025 7508
W 1236 3982 3115 5486 8232 7365
W 1418 3374 4174 5668 7624 8424
W 611 4174 3374 4861 8424 7624
W 1300 3085 4145 5550 7335 8395
W 320 4145 3085 4570 8395 7335
W 959 3889 3212 5209 8139 7462
W 1589 3212 3889 5839 7462 8139
W 410 2891 4217 4660 7141 8467
W 316 3916 3098 4566 8166 7348
W 1344 4135 3193 5594 8385 7443
W 585 3193 4135 4835 7443 8385
W 1216 3676 3459 5466 7926 7709
W 553 2968 4082 4803 7218 8332
W 1135 3203 4035 5385 7453 8285
W 749 4096 3076 4999 8346 7326
W 1284 3076 4096 5534 7326 8346
W 1547 3788 4239 5797 8038 8489
W 1266 3542 3909 5516 7792 8159
W 4 3758 3373 4254 8008 7623
W 268 3344 3785 4518 7594 8035
W 1563 3785 3344 5813 8035 7594
W 356 3019 4067 4606 7269 8317
W 1425 3426 4161 5675 7676 8411
W 871 4161 3426 5121 8411 7676
W 1393 3601 3856 5643 7851 8106
W 323 3856 3601 4573 8106 7851
W 484 2953 4170 4734 7203 8420
W 1263 4170 2953 5513 8420 7203
W 1367 3804 3579 5617 8054 7829
W 538 3579 3804 4788 7829 8054
W 509 3249 4001 4759 7499 8251
W 1181 4233 3038 5431 8483 7288
W 1224 4150 2957 5474 8400 7207
W 1248 4067 3019 5498 8317 7269
W 1247 4106 3063 5497 8356 7313
W 1510 3460 3992 5760 7710 8242
W 210 4095 3001 4460 8345 7251
W 495 3129 4071 4745 7379 8321
W 347 3890 4104 4597 8140 8354
W 1177 3903 3433 5427 8153 7683
W 1678 2929 4234 5928 7179 8484
W 1197 3913 3179 5447 8163 7429
W 1072 4023 3085 5322 8273 7335
W 495 4071 3149 4745 8321 7399
W 1323 3141 3950 5573 7391 8200
W 1091 3115 3982 5341 7365 8232
W 1587 4104 3890 5837 8354 8140
W 1809 4231 3036 6059 8481 7286
W 937 3235 3937 5187 7485 8187
W 1047 2966 4230 5297 7216 8480
W 524 3716 4219 4774 7966 8469
W 1916 4156 3868 6166 8406 8118
W 1418 4174 3767 5668 8424 8017
W 1559 3767 4174 5809 8017 8424
W 331 4210 3412 4581 8460 7662
W 1476 3727 3510 5726 7977 7760
W 385 3063 4106 4635 7313 8356
W 831 3262 3955 5081 7512 8205
W 1462 3973 3187 5712 8223 7437
W 1414 4080 3736 5664 8330 7986
W 1515 3736 4080 5765 7986 8330
W 379 3402 4075 4629 7652 8325
W 1373 4075 3402 5623 8325 7652
W 1297 3160 4008 5547 7410 8258
W 799 3529 3869 5049 7779 8119
W 289 3366 3837 4539 7616 8087
W 1466 4039 3146 5716 8289 7396
W 955 4076 3157 5205 8326 7407
W 1949 4107 3199 6199 8357 7449
W 320 4013 4145 4570 8263 8395
W 1656 4145 4013 5906 8395 8263
W 1773 4170 4171 6023 8420 8421
W 1263 4171 4170 5513 8421 8420
W 1135 4035 3424 5385 8285 7674
W 1252 3149 4071 5502 7399 8321
W 543 3484 3877 4793 7734 8127
W 1366 4236 3768 5616 8486 8018
W 568 3289 3924 4818 7539 8174
W 1230 3854 3402 5480 8104 7652
W 1616 3805 3987 5866 8055 8237
W 1558 3157 4076 5808 7407 8326
W 1254 4073 3161 5504 8323 7411
W 605 4025 3831 4855 8275 8081
W 1516 3831 4025 5766 8081 8275
W 1805 3112 4188 6055 7362 8438
W 1602 4188 3112 5852 8438 7362
W 682 3774 3561 4932 8024 7811
W 1340 4001 3249 5590 8251 7499
W 1119 4134 3131 5369 8384 7381
W 2089 4124 3566 6339 8374 7816
W 417 3943 3331 4667 8193 7581
W 501 4108 3175 4751 8358 7425
W 1257 3614 4200 5507 7864 8450
W 241 3670 4111 4491 7920 8361
W 1464 3743 4036 5714 7993 8286
W 591 4036 3743 4841 8286 7993
W 81 4020 3423 4331 8270 7673
W 538 3804 4080 4788 8054 8330
W 1515 4080 3804 5765 8330 8054
W 1152 3341 3957 5402 7591 8207
W 1108 3803 3592 5358 8053 7842
W 1636 4160 3410 5886 8410 7660
W 1529 3342 3969 5779 7592 8219
W 1903 3877 3484 6153 8127 7734
W 1688 3829 3556 5938 8079 7806
W 1144 3545 3840 5394 7795 8090
W 1203 3684 4000 5453 7934 8250
W 1613 3918 3434 5863 8168 7684
W 1203 4000 3322 5453 8250 7572
W 1464 3741 3743 5714 7991 7993
W 1268 3743 3741 5518 7993 7991
W 1723 3869 3529 5973 8119 7779
W 1203 3322 4053 5453 7572 8303
W 1206 3904 3524 5456 8154 7774
W 1330 3879 3568 5580 8129 7818
W 1702 4222 3201 5952 8472 7451
W 335 3909 3542 4585 8159 7792
W 328 3343 4133 4578 7593 8383
W 1332 4133 3343 5582 8383 7593
W 1285 3423 4020 5535 7673 8270
W 1200 4041 3400 5450 8291 7650
W 1332 4057 3688 5582 8307 7938
W 1391 4190 3338 5641 8440 7588
W 1034 3338 4190 5284 7588 8440
W 1375 3796 3800 5625 8046 8050
W 1373 3800 3796 5623 8050 8046
W 760 3600 4225 5010 7850 8475
W 1440 4225 3600 5690 8475 7850
W 1599 4087 4109 5849 8337 8359
W 690 4109 4087 4940 8359 8337
W 1290 3374 4088 5540 7624 8338
W 578 4072 3540 4828 8322 7790
W 1372 3540 4072 5622 7790 8322
W 1284 4122 3345 5534 8372 7595
W 1798 4137 3669 6048 8387 7919
W 1398 4112 3588 5648 8362 7838
W 380 3588 4112 4630 7838 8362
W 1955 3488 4052 6205 7738 8302
W 1356 3764 4168 5606 8014 8418
W 1801 4168 3764 6051 8418 8014
W 523 4127 3395 4773 8377 7645
W 1349 3628 4024 5599 7878 8274
W 1892 3326 4199 6142 7576 8449
W 1235 3617 3959 5485 7867 8209
W 1207 3713 3899 5457 7963 8149
W 1177 3433 4147 5427 7683 8397
W 1325 4087 4086 5575 8337 8336
W 1599 4086 4087 5849 8336 8337
W 559 4194 3811 4809 8444 8061
W 1487 3811 4194 5737 8061 8444
W 1503 3412 4210 5753 7662 8460
W 87 4024 3628 4337 8274 7878
W 738 4176 3664 4988 8426 7914
W 1415 3664 4176 5665 7914 8426
W 740 4143 3893 4990 8393 8143
W 1574 3893 4143 5824 8143 8393
W 1310 3704 3981 5560 7954 8231
W 1989 3612 4066 6239 7862 8316
W 1298 4066 3612 5548 8316 7862
W 1449 4228 3795 5699 8478 8045
W 1672 3795 4228 5922 8045 8478
W 1342 3601 4089 5592 7851 8339
W 1267 3566 4124 5517 7816 8374
W 1358 4244 3605 5608 8494 7855
W 619 4037 4121 4869 8287 8371
W 1540 4121 4037 5790 8371 8287
W 1871 4182 3539 6121 8432 7789
W 1375 3800 4242 5625 8050 8492
W 566 3688 4057 4816 7938 8307
W 1350 3597 4126 5600 7847 8376
W 1434 3938 4036 5684 8188 8286
W 1464 4036 3938 5714 8286 8188
W 1177 4147 3600 5427 8397 7850
W 1265 3987 3805 5515 8237 8055
W 1960 4204 4045 6210 8454 8295
W 1412 3666 4217 5662 7916 8467
W 410 4217 3666 4660 8467 7916
W 592 4211 3530 4842 8461 7780
W 1440 3600 4147 5690 7850 8397
W 652 4126 4247 4902 8376 8497
W 1294 4111 3670 5544 8361 7920
W 556 3669 4137 4806 7919 8387
W 1181 3835 4233 5431 8085 8483
W 1246 3724 4142 5496 7974 8392
W 602 3605 4244 4852 7855 8494
W 1423 4201 4143 5673 8451 8393
W 1574 4143 4201 5824 8393 8451
W 1257 4200 3717 5507 8450 7967
W 1755 4219 3716 6005 8469 7966
W 347 4104 3933 4597 8354 8183
W 1233 3802 4172 5483 8052 8422
W 1434 3933 4104 5684 8183 8354
W 1234 3868 4156 5484 8118 8406
W 1453 3953 4136 5703 8203 8386
W 199 4136 3953 4449 8386 8203
W 594 4242 3800 4844 8492 8050
W 1912 4233 3835 6162 8483 8085
W 2292 4162 4232 6542 8412 8482
W 1271 4045 4204 5521 8295 8454
W 1316 4152 4153 5566 8402 8403
W 1822 4153 4152 6072 8403 8402
W 1706 4144 4197 5956 8394 8447
W 570 4197 4144 4820 8447 8394
W 1249 4232 4162 5499 8482 8412
0.00000000000000 0.00000000000000 0.00000000000000
1371.60000000000000 0.00000000000000 0.00000000000000
1371.60000000000000 914.40000000000000 0.00000000000000
0.00000000000000 914.40000000000000 0.00000000000000
19.87826086956520 0.00000000000000 0.00000000000000
39.75652173913040 0.00000000000000 0.00000000000000
59.63478260869560 0.00000000000000 0.00000000000000
79.51304347826080 0.00000000000000 0.00000000000000
99.39130434782590 0.00000000000000 0.00000000000000
119.26956521739100 0.00000000000000 0.00000000000000
139.14782608695600 0.00000000000000 0.00000000000000
159.02608695652200 0.00000000000000 0.00000000000000
178.90434782608700 0.00000000000000 0.00000000000000
198.78260869565200 0.00000000000000 0.00000000000000
218.66086956521700 0.00000000000000 0.00000000000000
238.53913043478200 0.00000000000000 0.00000000000000
258.41739130434800 0.00000000000000 0.00000000000000
278.29565217391300 0.00000000000000 0.00000000000000
298.17391304347800 0.00000000000000 0.00000000000000
318.05217391304300 0.00000000000000 0.00000000000000
337.93043478260800 0.00000000000000 0.00000000000000
357.80869565217300 0.00000000000000 0.00000000000000
377.68695652173900 0.00000000000000 0.00000000000000
397.56521739130400 0.00000000000000 0.00000000000000
417.44347826086900 0.00000000000000 0.00000000000000
437.32173913043400 0.00000000000000 0.00000000000000
457.19999999999900 0.00000000000000 0.00000000000000
477.07826086956400 0.00000000000000 0.00000000000000
496.95652173913000 0.00000000000000 0.00000000000000
516.83478260869500 0.00000000000000 0.00000000000000
536.71304347826000 0.00000000000000 0.00000000000000
556.59130434782500 0.00000000000000 0.00000000000000
576.46956521739100 0.00000000000000 0.00000000000000
596.34782608695600 0.00000000000000 0.00000000000000
616.22608695652100 0.00000000000000 0.00000000000000
636.10434782608600 0.00000000000000 0.00000000000000
655.98260869565100 0.00000000000000 0.00000000000000
675.86086956521700 0.00000000000000 0.00000000000000
695.73913043478200 0.00000000000000 0.00000000000000
715.61739130434700 0.00000000000000 0.00000000000000
735.49565217391200 0.00000000000000 0.00000000000000
755.37391304347700 0.00000000000000 0.00000000000000
775.25217391304300 0.00000000000000 0.00000000000000
795.13043478260800 0.00000000000000 0.00000000000000
815.00869565217300 0.00000000000000 0.00000000000000
834.88695652173800 0.00000000000000 0.00000000000000
854.76521739130300 0.00000000000000 0.00000000000000
874.64347826086900 0.00000000000000 0.00000000000000
894.52173913043400 0.00000000000000 0.00000000000000
914.39999999999900 0.00000000000000 0.00000000000000
934.27826086956400 0.00000000000000 0.00000000000000
954.15652173912900 0.00000000000000 0.00000000000000
974.03478260869400 0.00000000000000 0.00000000000000
993.91304347826000 0.00000000000000 0.00000000000000
1013.79130434783000 0.00000000000000 0.00000000000000
1033.66956521739000 0.00000000000000 0.00000000000000
1053.54782608695000 0.00000000000000 0.00000000000000
1073.42608695652000 0.00000000000000 0.00000000000000
1093.30434782609000 0.00000000000000 0.00000000000000
1113.18260869565000 0.00000000000000 0.00000000000000
1133.06086956522000 0.00000000000000 0.00000000000000
1152.93913043478000 0.00000000000000 0.00000000000000
1172.81739130435000 0.00000000000000 0.00000000000000
1192.69565217391000 0.00000000000000 0.00000000000000
1212.57391304348000 0.00000000000000 0.00000000000000
1232.45217391304000 0.00000000000000 0.00000000000000
1252.33043478261000 0.00000000000000 0.00000000000000
1272.20869565217000 0.00000000000000 0.00000000000000
1292.08695652174000 0.00000000000000 0.00000000000000
1311.96521739130000 0.00000000000000 0.00000000000000
1331.84347826087000 0.00000000000000 0.00000000000000
1351.72173913044000 0.00000000000000 0.00000000000000
1371.60000000000000 19.87826086956520 0.00000000000000
1371.60000000000000 39.75652173913040 0.00000000000000
1371.60000000000000 59.63478260869560 0.00000000000000
1371.60000000000000 79.51304347826080 0.00000000000000
1371.60000000000000 99.39130434782590 0.00000000000000
1371.60000000000000 119.26956521739100 0.00000000000000
1371.60000000000000 139.14782608695600 0.00000000000000
1371.60000000000000 159.02608695652200 0.00000000000000
1371.60000000000000 178.90434782608700 0.00000000000000
1371.60000000000000 198.78260869565200 0.00000000000000
1371.60000000000000 218.66086956521700 0.00000000000000
1371.60000000000000 238.53913043478200 0.00000000000000
1371.60000000000000 258.41739130434800 0.00000000000000
1371.60000000000000 278.29565217391300 0.00000000000000
1371.60000000000000 298.17391304347800 0.00000000000000
1371.60000000000000 318.05217391304300 0.00000000000000
1371.60000000000000 337.93043478260800 0.00000000000000
1371.60000000000000 357.80869565217300 0.00000000000000
1371.60000000000000 377.68695652173900 0.00000000000000
1371.60000000000000 397.56521739130400 0.00000000000000
1371.60000000000000 417.44347826086900 0.00000000000000
1371.60000000000000 437.32173913043400 0.00000000000000
1371.60000000000000 457.19999999999900 0.00000000000000
1371.60000000000000 477.07826086956400 0.00000000000000
1371.60000000000000 496.95652173912900 0.00000000000000
1371.60000000000000 516.83478260869400 0.00000000000000
1371.60000000000000 536.71304347825900 0.00000000000000
1371.60000000000000 556.59130434782500 0.00000000000000
1371.60000000000000 576.46956521739000 0.00000000000000
1371.60000000000000 596.34782608695500 0.00000000000000
1371.60000000000000 616.22608695652000 0.00000000000000
1371.60000000000000 636.10434782608600 0.00000000000000
1371.60000000000000 655.98260869565100 0.00000000000000
1371.60000000000000 675.86086956521600 0.00000000000000
1371.60000000000000 695.73913043478200 0.00000000000000
1371.60000000000000 715.61739130434700 0.00000000000000
1371.60000000000000 735.49565217391200 0.00000000000000
1371.60000000000000 755.37391304347800 0.00000000000000
1371.60000000000000 775.25217391304300 0.00000000000000
1371.60000000000000 795.13043478260800 0.00000000000000
1371.60000000000000 815.00869565217300 0.00000000000000
1371.60000000000000 834.88695652173900 0.00000000000000
1371.60000000000000 854.76521739130400 0.00000000000000
1371.60000000000000 874.64347826087000 0.00000000000000
1371.60000000000000 894.52173913043500 0.00000000000000
1351.72173913044000 914.40000000000000 0.00000000000000
1331.84347826087000 914.40000000000000 0.00000000000000
1311.96521739130000 914.40000000000000 0.00000000000000
1292.08695652174000 914.40000000000000 0.00000000000000
1272.20869565217000 914.40000000000000 0.00000000000000
1252.33043478261000 914.40000000000000 0.00000000000000
1232.45217391304000 914.40000000000000 0.00000000000000
1212.57391304348000 914.40000000000000 0.00000000000000
1192.69565217391000 914.40000000000000 0.00000000000000
1172.81739130435000 914.40000000000000 0.00000000000000
1152.93913043478000 914.40000000000000 0.00000000000000
1133.06086956522000 914.40000000000000 0.00000000000000
1113.18260869565000 914.40000000000000 0.00000000000000
1093.30434782609000 914.40000000000000 0.00000000000000
1073.42608695652000 914.40000000000000 0.00000000000000
1053.54782608696000 914.40000000000000 0.00000000000000
1033.66956521739000 914.40000000000000 0.00000000000000
1013.79130434783000 914.40000000000000 0.00000000000000
993.91304347826100 914.40000000000000 0.00000000000000
974.03478260869600 914.40000000000000 0.00000000000000
954.15652173913100 914.40000000000000 0.00000000000000
934.27826086956600 914.40000000000000 0.00000000000000
914.40000000000100 914.40000000000000 0.00000000000000
894.52173913043500 914.40000000000000 0.00000000000000
874.64347826087000 914.40000000000000 0.00000000000000
854.76521739130500 914.40000000000000 0.00000000000000
834.88695652174000 914.40000000000000 0.00000000000000
815.00869565217500 914.40000000000000 0.00000000000000
795.13043478260900 914.40000000000000 0.00000000000000
775.25217391304400 914.40000000000000 0.00000000000000
755.37391304347900 914.40000000000000 0.00000000000000
735.49565217391400 914.40000000000000 0.00000000000000
715.61739130434900 914.40000000000000 0.00000000000000
695.73913043478300 914.40000000000000 0.00000000000000
675.86086956521800 914.40000000000000 0.00000000000000
655.98260869565300 914.40000000000000 0.00000000000000
636.10434782608800 914.40000000000000 0.00000000000000
616.22608695652300 914.40000000000000 0.00000000000000
596.34782608695700 914.40000000000000 0.00000000000000
576.46956521739200 914.40000000000000 0.00000000000000
556.59130434782700 914.40000000000000 0.00000000000000
536.71304347826200 914.40000000000000 0.00000000000000
516.83478260869700 914.40000000000000 0.00000000000000
496.95652173913100 914.40000000000000 0.00000000000000
477.07826086956600 914.40000000000000 0.00000000000000
457.20000000000100 914.40000000000000 0.00000000000000
437.32173913043600 914.40000000000000 0.00000000000000
417.44347826087100 914.40000000000000 0.00000000000000
397.56521739130500 914.40000000000000 0.00000000000000
377.68695652174000 914.40000000000000 0.00000000000000
357.80869565217500 914.40000000000000 0.00000000000000
337.93043478261000 914.40000000000000 0.00000000000000
318.05217391304400 914.40000000000000 0.00000000000000
298.17391304347900 914.40000000000000 0.00000000000000
278.29565217391400 914.40000000000000 0.00000000000000
258.41739130434900 914.40000000000000 0.00000000000000
238.53913043478300 914.40000000000000 0.00000000000000
218.66086956521800 914.40000000000000 0.00000000000000
198.78260869565300 914.40000000000000 0.00000000000000
178.90434782608800 914.40000000000000 0.00000000000000
159.02608695652300 914.40000000000000 0.00000000000000
139.14782608695700 914.40000000000000 0.00000000000000
119.26956521739200 914.40000000000000 0.00000000000000
99.39130434782650 914.40000000000000 0.00000000000000
79.51304347826110 914.40000000000000 0.00000000000000
59.63478260869600 914.40000000000000 0.00000000000000
39.75652173913070 914.40000000000000 0.00000000000000
19.87826086956530 914.40000000000000 0.00000000000000
0.00000000000000 894.52173913043500 0.00000000000000
0.00000000000000 874.64347826087000 0.00000000000000
0.00000000000000 854.76521739130400 0.00000000000000
0.00000000000000 834.88695652173900 0.00000000000000
0.00000000000000 815.00869565217400 0.00000000000000
0.00000000000000 795.13043478260900 0.00000000000000
0.00000000000000 775.25217391304400 0.00000000000000
0.00000000000000 755.37391304347900 0.00000000000000
0.00000000000000 735.49565217391300 0.00000000000000
0.00000000000000 715.61739130434800 0.00000000000000
0.00000000000000 695.73913043478300 0.00000000000000
0.00000000000000 675.86086956521800 0.00000000000000
0.00000000000000 655.98260869565200 0.00000000000000
0.00000000000000 636.10434782608700 0.00000000000000
0.00000000000000 616.22608695652200 0.00000000000000
0.00000000000000 596.34782608695700 0.00000000000000
0.00000000000000 576.46956521739200 0.00000000000000
0.00000000000000 556.59130434782600 0.00000000000000
0.00000000000000 536.71304347826100 0.00000000000000
0.00000000000000 516.83478260869600 0.00000000000000
0.00000000000000 496.95652173913100 0.00000000000000
0.00000000000000 477.07826086956600 0.00000000000000
0.00000000000000 457.20000000000100 0.00000000000000
0.00000000000000 437.32173913043600 0.00000000000000
0.00000000000000 417.44347826087100 0.00000000000000
0.00000000000000 397.56521739130600 0.00000000000000
0.00000000000000 377.68695652174000 0.00000000000000
0.00000000000000 357.80869565217500 0.00000000000000
0.00000000000000 337.93043478261000 0.00000000000000
0.00000000000000 318.05217391304500 0.00000000000000
0.00000000000000 298.17391304348000 0.00000000000000
0.00000000000000 278.29565217391400 0.00000000000000
0.00000000000000 258.41739130434900 0.00000000000000
0.00000000000000 238.53913043478400 0.00000000000000
0.00000000000000 218.66086956521800 0.00000000000000
0.00000000000000 198.78260869565300 0.00000000000000
0.00000000000000 178.90434782608800 0.00000000000000
0.00000000000000 159.02608695652300 0.00000000000000
0.00000000000000 139.14782608695700 0.00000000000000
0.00000000000000 119.26956521739200 0.00000000000000
0.00000000000000 99.39130434782660 0.00000000000000
0.00000000000000 79.51304347826110 0.00000000000000
0.00000000000000 59.63478260869590 0.00000000000000
0.00000000000000 39.75652173913060 0.00000000000000
0.00000000000000 19.87826086956530 0.00000000000000
662.76668814843000 455.42928980120100 0.00000000000000
1010.11928570623000 359.79646621780100 0.00000000000000
341.90614026228400 571.07849852862700 0.00000000000000
425.59130483940400 293.98654150295200 0.00000000000000
901.53978877260900 624.93710222734200 0.00000000000000
794.13551455016400 246.30214660887700 0.00000000000000
561.75977024042800 675.60109852237000 0.00000000000000
1132.33124503322000 566.63744703698400 0.00000000000000
222.69857358239900 383.96671446474200 0.00000000000000
1161.02251220757000 210.57748779242800 0.00000000000000
200.60109985722500 711.87170593445900 0.00000000000000
598.41772182841800 196.84652523980700 0.00000000000000
258.70110947988600 192.90940557832300 0.00000000000000
740.66833284125300 724.38693101117300 0.00000000000000
850.19572502649400 448.20650418571400 0.00000000000000
1051.85379045311000 731.44449375994300 0.00000000000000
964.26195729754500 177.67422965001900 0.00000000000000
1191.52941769765000 394.83170898983100 0.00000000000000
483.59473750804600 461.41555213583600 0.00000000000000
397.44611706478700 738.65288445027300 0.00000000000000
171.49728470258900 546.21660667250300 0.00000000000000
1209.62437732798000 708.14605930846900 0.00000000000000
759.55095232403700 576.44294734500200 0.00000000000000
993.96860807875700 508.55749471650200 0.00000000000000
461.38182505711400 148.04765258624400 0.00000000000000
577.03923840134300 345.16283757710000 0.00000000000000
882.17276953330800 770.11692185147200 0.00000000000000
143.73154056740600 271.13890976189600 0.00000000000000
358.50770845988800 411.03186338364700 0.00000000000000
135.21343967344000 136.59808478325400 0.00000000000000
718.84591924455800 134.38233657832600 0.00000000000000
626.16900115046900 785.37921589184400 0.00000000000000
846.50057589904300 131.83871843938100 0.00000000000000
700.38972375594500 334.13169680233600 0.00000000000000
1244.34204418316000 508.73474694838900 0.00000000000000
576.36713892902600 547.78162114529200 0.00000000000000
891.26696462208800 332.56444832652600 0.00000000000000
462.64043856576600 597.44380519486000 0.00000000000000
1071.72873595884000 123.53669844479500 0.00000000000000
1245.46443098306000 121.80763872924000 0.00000000000000
508.17153755196900 793.69096665756800 0.00000000000000
1249.32104858209000 289.13499697812400 0.00000000000000
294.28506813235000 793.97855086838200 0.00000000000000
307.69267634316400 301.50579420173500 0.00000000000000
118.29891067543300 439.65126663404700 0.00000000000000
117.61425068595700 796.78574931404300 0.00000000000000
350.86520686614800 114.10052280701700 0.00000000000000
1017.92140556964000 622.36170536897700 0.00000000000000
1144.92378266050000 803.10933337834900 0.00000000000000
1056.13575589585000 249.12899657493300 0.00000000000000
1087.27177322977000 447.88232216181500 0.00000000000000
264.98928461854200 487.99503650226000 0.00000000000000
112.14761525820900 644.67436510815600 0.00000000000000
668.07879965062600 645.96851370917400 0.00000000000000
305.33897965676400 677.09922257782300 0.00000000000000
1262.88524300131000 808.67858965383000 0.00000000000000
1264.03832999603000 614.66939190265000 0.00000000000000
976.19052045996100 810.37387498530500 0.00000000000000
555.97346903455800 104.24111523213200 0.00000000000000
791.11539813826700 814.99410476236300 0.00000000000000
1136.98210286657000 307.39587717442300 0.00000000000000
520.27084886328500 259.78103523423200 0.00000000000000
796.03942267776400 363.92399720466600 0.00000000000000
693.02238591574200 236.16094423291300 0.00000000000000
358.36880315703600 216.00727192367500 0.00000000000000
226.51702506377900 99.32475725525130 0.00000000000000
958.46009525674800 705.77555401146600 0.00000000000000
1122.55640666691000 664.23628279879800 0.00000000000000
809.58095205855500 660.07363568417900 0.00000000000000
851.00695107926600 544.16898691669500 0.00000000000000
756.62940696226900 482.23294529124300 0.00000000000000
943.77469966540000 425.83647166585300 0.00000000000000
249.10468088358100 601.55060106185600 0.00000000000000
481.38978912735200 368.42859447533200 0.00000000000000
885.90992139537700 233.57179637965600 0.00000000000000
935.03968922380700 94.60287383844300 0.00000000000000
399.47943185547900 499.02560312458300 0.00000000000000
96.23065096434450 351.81290661298400 0.00000000000000
575.79593295015100 439.77681008379200 0.00000000000000
1278.81741242287000 422.20353389476700 0.00000000000000
1160.52135908295000 93.43179800959520 0.00000000000000
669.99579044455800 550.07654135759400 0.00000000000000
966.69420928258800 278.49310224933200 0.00000000000000
205.63009825415000 822.42137520571400 0.00000000000000
470.45506212279800 686.68220949717700 0.00000000000000
1280.29285351419000 204.53875631126100 0.00000000000000
388.91194675978300 648.60471344171500 0.00000000000000
420.99831547165200 824.00396122791900 0.00000000000000
643.14319019696800 88.32995046839400 0.00000000000000
705.70736855443900 824.18280010424600 0.00000000000000
86.38567271224720 516.39015907047200 0.00000000000000
220.09593678267100 297.23832967196200 0.00000000000000
1061.55291383620000 829.11638662888900 0.00000000000000
1162.42385588771000 486.45838219653900 0.00000000000000
88.32227710944120 203.19935774565600 0.00000000000000
83.09914145264130 721.00204992407200 0.00000000000000
622.64423304926900 278.03381216895800 0.00000000000000
1290.09770772424000 726.64860877164700 0.00000000000000
781.75598503195200 82.84151083225490 0.00000000000000
418.91208724622200 80.10808965665150 0.00000000000000
180.00911177449400 200.17599066594800 0.00000000000000
914.20483829126700 500.12742176622900 0.00000000000000
79.07670203473460 79.07670203473470 0.00000000000000
730.14597293783600 409.78195855543300 0.00000000000000
191.31736700919500 472.30083718641200 0.00000000000000
639.04144775289100 382.59007230599100 0.00000000000000
1010.37629623456000 78.45428794813450 0.00000000000000
1057.00728830879000 557.19265122461400 0.00000000000000
1187.10845556760000 621.03611193873000 0.00000000000000
566.33991453923400 837.38575236683000 0.00000000000000
1088.81521454050000 367.17969150729100 0.00000000000000
664.95110118614700 719.16998679445800 0.00000000000000
956.41727412365700 576.71381513456200 0.00000000000000
783.55753542272900 170.55342479162700 0.00000000000000
909.29178167291200 839.01713481493800 0.00000000000000
187.87474453932900 639.39530576097100 0.00000000000000
451.96323192211800 222.98638214031800 0.00000000000000
525.31942172150900 184.27553126498400 0.00000000000000
1297.45487047581000 353.08956791133300 0.00000000000000
506.08926459506600 534.63064649603400 0.00000000000000
348.67082634086500 840.52484838954200 0.00000000000000
873.82315128172700 695.28589346331300 0.00000000000000
562.22659405897100 748.35465492442800 0.00000000000000
813.84513105935300 737.51219608861000 0.00000000000000
370.01954328388300 339.37731994677900 0.00000000000000
297.20290511399900 373.21608304013900 0.00000000000000
1018.10723850625000 439.67062822182600 0.00000000000000
492.21549848226200 72.61738132344110 0.00000000000000
1299.73659175034000 72.48192739507610 0.00000000000000
1201.26781309461000 838.48500746203300 0.00000000000000
164.42084492279600 341.73032458731800 0.00000000000000
535.36445395712100 606.33366878402800 0.00000000000000
429.97354252665700 415.26036439449900 0.00000000000000
1036.74769375927000 184.69721563167200 0.00000000000000
739.29191087595000 654.15290797717700 0.00000000000000
294.59887429378900 70.91709771065480 0.00000000000000
1299.45634844580000 550.52407209326400 0.00000000000000
69.23198655240920 283.38254054542700 0.00000000000000
163.30888189415500 70.39836601757780 0.00000000000000
69.36283669751730 588.34722659830600 0.00000000000000
602.51112860301800 613.87653209375400 0.00000000000000
1120.30794940732000 734.44126233556800 0.00000000000000
67.87158474883790 846.23059876456200 0.00000000000000
652.37686380683900 157.94447945638500 0.00000000000000
334.92298752480700 474.94101278464300 0.00000000000000
708.07380098275400 65.79811978764140 0.00000000000000
266.44210552180300 730.93148563669200 0.00000000000000
761.64557020323500 305.90694661587100 0.00000000000000
869.70408848913500 63.81516359034190 0.00000000000000
1197.38925470247000 556.87934889487800 0.00000000000000
823.38573363474100 303.07579171468800 0.00000000000000
1204.04669221996000 775.60205106437600 0.00000000000000
898.65001231344500 171.02601231932100 0.00000000000000
331.32842278078400 742.04715178151300 0.00000000000000
407.83913332333500 560.26831860348900 0.00000000000000
1307.55707315605000 483.20780179358100 0.00000000000000
395.88487647812400 161.62463774828800 0.00000000000000
1220.73060714164000 183.03390828185700 0.00000000000000
944.67121218066200 362.96993699754900 0.00000000000000
889.66413871578600 393.98634183887900 0.00000000000000
1105.58882764252000 182.39476412837500 0.00000000000000
641.22953688756400 850.60839931775800 0.00000000000000
1306.64205719106000 664.42633367561300 0.00000000000000
609.03125959239900 494.13655615294400 0.00000000000000
841.59018396518800 853.27059583538400 0.00000000000000
1098.53092330693000 511.27497933252800 0.00000000000000
1101.64836162595000 64.74692881807610 0.00000000000000
1219.71844373351000 64.76195834080760 0.00000000000000
65.03017313100170 142.66930587431200 0.00000000000000
1198.56169647318000 330.08477421270800 0.00000000000000
1076.07187081227000 615.17169093333200 0.00000000000000
287.10005289683100 133.09976177098900 0.00000000000000
1307.61666124962000 144.88018175399200 0.00000000000000
1307.52440886366000 850.32440886365700 0.00000000000000
1194.48629033095000 264.91122641816900 0.00000000000000
63.33173555355540 406.85234658948000 0.00000000000000
261.89702117288200 850.92443624052700 0.00000000000000
1222.40503714368000 447.51342092074500 0.00000000000000
460.07847105096600 749.08355202597700 0.00000000000000
475.99036248429400 855.68056428234900 0.00000000000000
1310.06335896237000 262.38731477253500 0.00000000000000
148.12212616630400 851.97854901428800 0.00000000000000
143.32629478927700 739.32372284660900 0.00000000000000
787.79690465710800 429.29915204870500 0.00000000000000
300.17126755914100 242.15243211977800 0.00000000000000
244.01642767612500 669.04505529389500 0.00000000000000
290.85206731429000 545.42485598970600 0.00000000000000
1055.47668127716000 316.09704548064900 0.00000000000000
363.75336758975700 277.35039777881800 0.00000000000000
813.61489954725100 596.56302385146400 0.00000000000000
1013.05227442250000 685.03864858123900 0.00000000000000
958.91158579980300 643.99600950519000 0.00000000000000
547.29122263738400 492.45112261354300 0.00000000000000
839.57708191015400 194.47477210114200 0.00000000000000
1115.35497757700000 251.70413486214400 0.00000000000000
265.88453112732500 426.95943616625100 0.00000000000000
483.89761374266400 306.66766257457200 0.00000000000000
60.00425505994470 777.66046607973600 0.00000000000000
60.43226671868340 461.13293898924700 0.00000000000000
167.17403190292200 403.01025205117600 0.00000000000000
1116.91652482278000 855.35608608567700 0.00000000000000
620.42161259304200 679.10074325309900 0.00000000000000
1171.48971977627000 150.27286963903800 0.00000000000000
358.45224438132200 57.24614514641260 0.00000000000000
538.29789507947200 385.58889815285700 0.00000000000000
228.14443233054800 532.95232077793900 0.00000000000000
940.18929838794000 764.69917532089700 0.00000000000000
1001.71757169501000 138.36794927200400 0.00000000000000
699.74546741793500 763.70493568790200 0.00000000000000
59.37693936548940 665.92557470715300 0.00000000000000
726.12697714493500 528.04725727913200 0.00000000000000
308.39814430969600 617.43064962982500 0.00000000000000
1133.00911747033000 404.81339827298800 0.00000000000000
815.95766515628300 495.80540091176600 0.00000000000000
593.11304334343500 59.64884984013010 0.00000000000000
129.00309055442000 587.34961695162800 0.00000000000000
999.38411986517800 229.98768855201300 0.00000000000000
996.69392983692900 751.54550606011300 0.00000000000000
224.95990705811100 237.79715847274900 0.00000000000000
1245.21670825479000 376.34672085370400 0.00000000000000
221.13947348902300 768.01666021321800 0.00000000000000
705.03959654672100 596.21896505820800 0.00000000000000
424.46543185821600 359.11821518988700 0.00000000000000
1009.30862695098000 854.06590487247900 0.00000000000000
215.20579856129900 155.44369149936100 0.00000000000000
137.90790725619800 493.88092563282900 0.00000000000000
1314.43375978000000 783.01314798674100 0.00000000000000
1047.38626348548000 486.97411901505200 0.00000000000000
729.87636200963900 189.68661517626800 0.00000000000000
751.49746404223100 856.87451062348600 0.00000000000000
448.14766382550300 520.30499630126900 0.00000000000000
369.84759603519800 785.27413979290900 0.00000000000000
598.81929330505100 142.37145651302300 0.00000000000000
1084.79119227953000 776.05473489932800 0.00000000000000
153.82569786887900 683.49559896295000 0.00000000000000
900.38257488774300 568.74699458686700 0.00000000000000
571.03410471229300 248.16798747178200 0.00000000000000
313.92975035605000 184.03416360108800 0.00000000000000
1069.99975751657000 676.20643204498200 0.00000000000000
509.83682173208100 724.70535468337800 0.00000000000000
1250.81043864397000 669.11351147179600 0.00000000000000
358.79316982153300 693.97861478738000 0.00000000000000
644.47888640244800 331.40597759835800 0.00000000000000
1250.70228132498000 864.12980193433200 0.00000000000000
1320.66458906507000 608.18476217843100 0.00000000000000
1237.21626661840000 235.65649737038300 0.00000000000000
940.49498104328300 230.22983428295600 0.00000000000000
678.04984320549600 284.98689221648600 0.00000000000000
914.25889656545600 281.70469420068000 0.00000000000000
957.61002822928300 861.30237239549600 0.00000000000000
262.56389697379700 332.05053582976600 0.00000000000000
750.83695715589800 779.62743167933100 0.00000000000000
614.84016576128000 730.78047930297000 0.00000000000000
541.16149794113900 52.61850076453070 0.00000000000000
739.76478178183900 258.63021974008100 0.00000000000000
404.03734203397000 240.70930390115800 0.00000000000000
511.97203431834400 132.48815974441300 0.00000000000000
512.20729614209000 653.54065533430500 0.00000000000000
168.78469431359700 785.19896432840400 0.00000000000000
965.45349844319400 51.53365742967990 0.00000000000000
1250.37178774520000 563.57143811853500 0.00000000000000
419.33630125263400 691.27984801892500 0.00000000000000
820.16411394157100 52.44633720320460 0.00000000000000
847.62342055391900 359.16072166860000 0.00000000000000
1152.77510497842000 358.43893977191200 0.00000000000000
198.45849509146000 588.44660491970200 0.00000000000000
1044.87417090533000 395.36865841347500 0.00000000000000
440.69208597349800 641.17319857474400 0.00000000000000
639.90192420963800 228.35187687261300 0.00000000000000
1171.62562551690000 669.17335435603700 0.00000000000000
535.85808499553300 307.02907457647800 0.00000000000000
246.87274729493100 50.75672541346650 0.00000000000000
795.83340948566900 544.87331050411000 0.00000000000000
743.89751804985700 362.43989570163600 0.00000000000000
1123.22805680177000 127.57117486519800 0.00000000000000
1003.81175791498000 559.66472652794600 0.00000000000000
354.75754311703500 522.87556120665500 0.00000000000000
841.79499521241900 797.94522520424400 0.00000000000000
1321.07428460189000 394.31503530215900 0.00000000000000
1034.16030093964000 787.98368573015400 0.00000000000000
1053.26836129011000 50.44803855988200 0.00000000000000
900.38888708725700 452.65067204497100 0.00000000000000
133.06802858955400 220.21010695632900 0.00000000000000
528.94382455023200 862.96736064991100 0.00000000000000
265.59662100112600 273.94690398039500 0.00000000000000
1136.11295086276000 617.74096603615500 0.00000000000000
1005.46329442787000 310.03774634654400 0.00000000000000
653.63357139745400 595.26921337457800 0.00000000000000
957.37009620530000 474.78021586135000 0.00000000000000
1168.35902656573000 737.73267591415000 0.00000000000000
717.56824649823100 458.26086079430200 0.00000000000000
179.90381685660300 120.98571404475100 0.00000000000000
391.97387985341700 864.98264345759400 0.00000000000000
865.60901674100100 495.40657006235500 0.00000000000000
48.75957740884710 327.24692927647900 0.00000000000000
1245.67350165461000 756.85826263502300 0.00000000000000
853.40672650913200 631.92173990499500 0.00000000000000
626.18663009596400 429.73325052624200 0.00000000000000
590.67174655142600 389.17077980865500 0.00000000000000
118.98555588671300 49.94550734376990 0.00000000000000
841.78244983379400 255.52684531866000 0.00000000000000
915.50913489036300 671.55143515260100 0.00000000000000
46.58063351935380 240.33584761634000 0.00000000000000
778.70002962612800 700.22672334575000 0.00000000000000
708.58658108041500 695.02314329337600 0.00000000000000
436.71671200609300 465.37419944112000 0.00000000000000
388.44993765821700 445.86581038514100 0.00000000000000
985.04753289910300 400.54095956108200 0.00000000000000
771.79574333634300 625.93435286645800 0.00000000000000
306.55916757135800 868.02884898694400 0.00000000000000
1169.11041233763000 437.97728620171900 0.00000000000000
686.87856528387400 501.75415148300900 0.00000000000000
493.05454814888400 416.36367948341000 0.00000000000000
119.53614898637900 389.93117288589600 0.00000000000000
800.38537230586500 867.97363798239400 0.00000000000000
1320.75110284459000 309.40820638837200 0.00000000000000
687.94469401605800 380.74037888533800 0.00000000000000
894.92783641005500 120.62013205022000 0.00000000000000
942.60097672472600 144.78507536072100 0.00000000000000
317.55778987161200 429.83529156537900 0.00000000000000
916.48009363308100 48.21925626978350 0.00000000000000
382.07039873828900 599.83218976526500 0.00000000000000
766.62451765411200 126.36697719761500 0.00000000000000
911.56855783891700 727.81861225657300 0.00000000000000
218.36683173364600 431.50431764216200 0.00000000000000
45.65896659192050 550.50436004780400 0.00000000000000
1147.87908450039000 49.19680199185590 0.00000000000000
122.87903764136600 316.46435347415400 0.00000000000000
627.32347700439200 537.23096621809300 0.00000000000000
342.57580047678400 643.24324965023000 0.00000000000000
664.85267221243500 49.02259110258910 0.00000000000000
1203.02116405581000 119.46128965320500 0.00000000000000
831.58800392656600 408.54241344202300 0.00000000000000
554.97238843739100 792.91768537638900 0.00000000000000
1161.15515484625000 866.71454509149300 0.00000000000000
420.63891175434800 777.77399467631100 0.00000000000000
752.31982087403500 43.85319191507850 0.00000000000000
451.40028547039300 45.98166715303020 0.00000000000000
531.84928761364000 445.63995843470600 0.00000000000000
48.96934098705890 46.29604163953830 0.00000000000000
581.86936367323800 296.50627483306000 0.00000000000000
191.39919172358100 864.45943312453800 0.00000000000000
1324.22589826937000 190.71550081675000 0.00000000000000
1325.97035819753000 441.46240287334000 0.00000000000000
1260.98916334451000 46.97339363103700 0.00000000000000
683.41754128922600 866.01494140185900 0.00000000000000
950.89430511294300 528.51898919367700 0.00000000000000
183.19792570117000 266.71592502471600 0.00000000000000
1096.29471000221000 293.57747146353300 0.00000000000000
684.64351999424400 190.30224456285900 0.00000000000000
247.92047797632700 805.27347880152000 0.00000000000000
438.03820238448700 869.01202075389400 0.00000000000000
941.36882823945500 315.88645796648200 0.00000000000000
41.05292987816010 181.56995543825000 0.00000000000000
200.88942457175500 46.46210730455040 0.00000000000000
460.61744894326800 803.90828654732700 0.00000000000000
601.03652600439300 869.98362691906600 0.00000000000000
474.87577822773900 265.49056649323400 0.00000000000000
457.74866699375600 104.39040352076000 0.00000000000000
1263.26843986832000 466.28459112977600 0.00000000000000
106.97210833017700 869.71978939912400 0.00000000000000
494.57529789511400 214.91070116092500 0.00000000000000
393.81115688091100 115.42338974118600 0.00000000000000
1261.96133292773000 166.27004182410500 0.00000000000000
1160.21922179083000 531.36761934685300 0.00000000000000
1205.71277904991000 509.90632244515400 0.00000000000000
209.24861355462200 341.15005335209600 0.00000000000000
677.78860637192500 118.97779069862500 0.00000000000000
1326.89499225760000 107.27586094372700 0.00000000000000
44.71492473587850 626.55240597815400 0.00000000000000
1329.33115118066000 701.94469006198500 0.00000000000000
116.03674152138900 177.29464528123800 0.00000000000000
97.53511354759800 250.47849397011200 0.00000000000000
352.27363885050100 161.46772179284300 0.00000000000000
125.82978344418600 542.20069139745600 0.00000000000000
557.77517728251300 145.87910539905700 0.00000000000000
671.83281403119800 795.22768303805700 0.00000000000000
860.35600922576200 587.18288182480100 0.00000000000000
339.24583477331700 371.16099145866900 0.00000000000000
520.24330516619900 351.99236948151500 0.00000000000000
119.07557184706800 97.74306145436330 0.00000000000000
829.89222953815700 696.41072119642700 0.00000000000000
868.86427542572400 287.52462162026600 0.00000000000000
431.22607543520200 184.66753444363300 0.00000000000000
1073.63929094869000 868.76201050856600 0.00000000000000
1129.65542494482000 457.40252092188600 0.00000000000000
43.59777015764470 103.84946310076100 0.00000000000000
1065.27610785557000 216.06014819639100 0.00000000000000
1325.05436218513000 520.69797585011700 0.00000000000000
503.00803146417200 577.32839947511800 0.00000000000000
306.62668000294000 505.14059759592200 0.00000000000000
109.83427367047700 686.47608934268500 0.00000000000000
717.46491286106800 296.37493309639100 0.00000000000000
1260.63962167622000 330.09823196523000 0.00000000000000
44.71705043491150 739.10764229701000 0.00000000000000
387.23681236916000 380.53739296561400 0.00000000000000
1223.85868696305000 599.17673979237900 0.00000000000000
776.14258725729900 208.94319962537300 0.00000000000000
882.34368860080500 872.22356243101900 0.00000000000000
823.57238133507200 97.33414365256360 0.00000000000000
42.10492883523200 369.60155581453000 0.00000000000000
169.16201350125700 160.77481299618200 0.00000000000000
855.88231722410000 734.96648103148000 0.00000000000000
326.05851355498300 45.84186559053750 0.00000000000000
976.33839675956600 102.32780931781800 0.00000000000000
935.97897059926200 808.83932369548600 0.00000000000000
422.80367763802900 606.02775859724700 0.00000000000000
1330.68427902201000 41.68906871548170 0.00000000000000
1015.30773638010000 269.12376966407400 0.00000000000000
606.05987212844300 97.06008459245280 0.00000000000000
744.86046066927900 92.56810272291320 0.00000000000000
400.76502467129100 42.15706682640050 0.00000000000000
1104.67800567062000 813.85597242808900 0.00000000000000
542.62099985007800 222.55338026641400 0.00000000000000
148.27586322493600 621.56287332492200 0.00000000000000
109.15727856599900 756.77711995102400 0.00000000000000
35.47458685681280 507.56264815517700 0.00000000000000
608.01212902890300 821.24697927212100 0.00000000000000
568.42439613037500 632.88975477275500 0.00000000000000
1250.40099674721000 706.98234497179900 0.00000000000000
102.31857953885900 476.78087364346200 0.00000000000000
46.75448455121170 813.54274969856800 0.00000000000000
692.27935577095700 416.96665580854900 0.00000000000000
878.13590452673700 807.55628241212400 0.00000000000000
1211.98611840329000 654.90790415403000 0.00000000000000
1090.49796936154000 575.32805303369500 0.00000000000000
806.55049982058300 137.29804454498300 0.00000000000000
790.22881913113400 772.43609438940800 0.00000000000000
1144.65521987463000 695.24961553408100 0.00000000000000
268.12468207037200 634.83314260223900 0.00000000000000
158.56470145289600 443.73893242239700 0.00000000000000
223.18683712870200 493.02767269585200 0.00000000000000
660.24015391565400 760.00216631866100 0.00000000000000
1186.50184593343000 40.60323773818270 0.00000000000000
398.16739712648100 204.47166565341300 0.00000000000000
1036.32811344542000 106.59949662733600 0.00000000000000
617.79194827005000 353.49728649194500 0.00000000000000
1169.87947281094000 583.92073122176800 0.00000000000000
447.10727715831500 325.57268573841700 0.00000000000000
329.46607224799400 804.32209204637700 0.00000000000000
887.11813743827400 524.88663292263000 0.00000000000000
752.07484540709200 441.28775057984300 0.00000000000000
765.69288776312300 390.72466105571400 0.00000000000000
571.97766023832200 593.48586460953400 0.00000000000000
535.98891152855500 554.54049697751800 0.00000000000000
578.95562312008000 710.09258522051300 0.00000000000000
1331.60803036735000 816.57067537750300 0.00000000000000
1279.45087880363000 108.41790557013100 0.00000000000000
1331.77152193531000 230.53740132988300 0.00000000000000
941.33017200453000 609.50686462418600 0.00000000000000
189.77286042362600 513.34705066776700 0.00000000000000
487.02912445858600 179.40072010782400 0.00000000000000
227.53515013482800 631.70057163620000 0.00000000000000
1047.81806253377000 594.89094040151500 0.00000000000000
1333.82445533300000 741.94560365664800 0.00000000000000
741.11315568696800 819.15997414755700 0.00000000000000
762.74582545808600 520.73716337056600 0.00000000000000
1152.21000051460000 272.20828459660000 0.00000000000000
37.71768290668090 875.36308007407400 0.00000000000000
1284.52696130817000 515.61226145795400 0.00000000000000
1033.42654549142000 522.65567922915000 0.00000000000000
473.83719302455300 560.06042025045700 0.00000000000000
1052.92921862591000 644.83230761221200 0.00000000000000
162.70199670346000 300.90616847687300 0.00000000000000
508.73208173326400 495.26316929661800 0.00000000000000
1181.42610842224000 807.47307967784000 0.00000000000000
1221.00615561197000 809.77061383440900 0.00000000000000
976.39510092614800 604.90492238704000 0.00000000000000
1201.12657384960000 215.09119245197800 0.00000000000000
1085.92932608483000 713.20990639237200 0.00000000000000
261.42846483240600 233.24794617293700 0.00000000000000
1105.40664787719000 334.48136536366600 0.00000000000000
219.14233639631500 198.79133718668300 0.00000000000000
1225.86255916414000 410.73219737915700 0.00000000000000
1004.58440176679000 37.29528355624830 0.00000000000000
528.72109336001500 823.90542397982900 0.00000000000000
229.70736590034500 874.99223728341600 0.00000000000000
1257.13896724883000 84.57503099446320 0.00000000000000
608.73668907214700 573.28873750091200 0.00000000000000
1051.02213069175000 355.07790991133000 0.00000000000000
1270.65005550105000 254.79427353685400 0.00000000000000
629.45915910925400 37.14320108550970 0.00000000000000
266.67455219732100 100.06466458797200 0.00000000000000
300.98627011115600 714.68348322154900 0.00000000000000
180.01075552361300 744.58569876959500 0.00000000000000
808.61267855395700 211.40004124921200 0.00000000000000
978.62805177903700 338.79226447540400 0.00000000000000
497.54002935065700 617.06239001261400 0.00000000000000
331.36401273149700 333.50553234934900 0.00000000000000
206.80951052570900 677.42190710862800 0.00000000000000
1139.06682591857000 180.41176508633900 0.00000000000000
332.30361790736700 83.53999817409490 0.00000000000000
1066.80722284199000 161.60277824596600 0.00000000000000
797.80618520319400 322.37574250377300 0.00000000000000
585.89341725773000 779.31413942916800 0.00000000000000
660.84890578355000 682.18108539345500 0.00000000000000
918.39362443112500 876.85006774988800 0.00000000000000
1093.98165455027000 406.66960286650300 0.00000000000000
257.08066460830700 768.69922208479400 0.00000000000000
379.60254261147600 823.54874106986300 0.00000000000000
525.62662732495500 690.53839192145600 0.00000000000000
531.41912243665200 763.71519966795700 0.00000000000000
251.23991097814800 132.88637007907100 0.00000000000000
785.55829472641900 33.39257512643070 0.00000000000000
406.81672899512000 324.86268513938300 0.00000000000000
327.17803015794800 267.77723550607100 0.00000000000000
733.14156701663400 619.47080805550800 0.00000000000000
794.25155196312600 286.23433727586600 0.00000000000000
638.47901529663300 191.03369943965100 0.00000000000000
83.79442933390590 808.27830532926000 0.00000000000000
1286.91598877525000 306.75086673446000 0.00000000000000
1218.15342425990000 874.96844601876400 0.00000000000000
1069.25062234507000 85.36819972858160 0.00000000000000
909.04186952922400 363.31298577943900 0.00000000000000
627.76092574926500 645.12454660986300 0.00000000000000
37.79095412180250 698.99588238869700 0.00000000000000
563.86885052254700 878.34735037351000 0.00000000000000
911.87510737380800 206.59887942187500 0.00000000000000
794.13538328968300 464.49791886814900 0.00000000000000
1125.26398653717000 209.66672391710600 0.00000000000000
36.53980650466910 434.83325584128700 0.00000000000000
879.24804171720200 658.03961094662400 0.00000000000000
98.41536061551680 124.28155752664600 0.00000000000000
295.39235683660900 754.24634497985400 0.00000000000000
258.46417228718100 389.46479528724600 0.00000000000000
644.65743685420600 505.18309440785000 0.00000000000000
305.86114037828900 579.09965538085100 0.00000000000000
1332.54759755243000 571.39890498747200 0.00000000000000
505.46454046849700 37.06851013012650 0.00000000000000
237.93248344333600 705.54807876777400 0.00000000000000
429.18034918614900 127.89674033115100 0.00000000000000
1287.02095729390000 384.58577190960200 0.00000000000000
703.99992298880200 730.63498086166400 0.00000000000000
1336.72179122471000 345.05381120190300 0.00000000000000
560.79019125474800 185.92223507516500 0.00000000000000
992.41743513923400 715.26948914152500 0.00000000000000
343.98168090357500 609.44735680050200 0.00000000000000
1176.08945582217000 299.95211726610200 0.00000000000000
298.53819423051600 467.62244711823200 0.00000000000000
632.03469957514200 124.80134131474900 0.00000000000000
993.76197263463800 470.87433466086800 0.00000000000000
1014.59741541574000 819.10730539852800 0.00000000000000
297.93163943205200 833.05345912122000 0.00000000000000
83.85741224611590 36.22446736522580 0.00000000000000
719.74122007840400 879.74279667986000 0.00000000000000
89.95664267617670 553.16639860220300 0.00000000000000
347.86956521739200 878.12668201537900 0.00000000000000
1335.55014095015000 880.31023394245400 0.00000000000000
703.20216692706000 636.12577904036400 0.00000000000000
189.39338898277200 368.75453749610900 0.00000000000000
165.41880656295300 235.72367870221600 0.00000000000000
518.01742438473300 98.79741428158950 0.00000000000000
129.81589737525700 359.03001966468000 0.00000000000000
247.48792827374400 457.43497964805800 0.00000000000000
776.29929291319300 737.67118251620000 0.00000000000000
1334.99414022232000 639.28901051437000 0.00000000000000
1052.84211679826000 452.48621321203800 0.00000000000000
927.58309420603700 393.36832487507400 0.00000000000000
80.64205224244770 621.66635949425200 0.00000000000000
1212.99849922233000 296.26290345056300 0.00000000000000
1144.02796232811000 762.16655053340500 0.00000000000000
995.46122792521100 176.38986453639100 0.00000000000000
115.70474221046700 833.86926130207000 0.00000000000000
718.14224859209200 562.53422285025900 0.00000000000000
448.21812544118300 385.16238786160100 0.00000000000000
460.34001177821000 436.93992908227900 0.00000000000000
322.46635529973600 539.24187486909400 0.00000000000000
272.73048935225100 693.92723847736200 0.00000000000000
280.08716502690200 36.80604144709280 0.00000000000000
251.98766200238300 560.99576326953300 0.00000000000000
576.62494966270900 512.85449779564300 0.00000000000000
979.27072770143000 435.39745978103700 0.00000000000000
430.66616216799600 726.08686782206200 0.00000000000000
860.00554697386200 162.93602223518900 0.00000000000000
1280.61766016150000 880.45739031187100 0.00000000000000
1040.44236326047000 880.39615350639200 0.00000000000000
774.07701805108500 664.61056059711500 0.00000000000000
746.00647337003300 689.31004006417000 0.00000000000000
438.06405264908800 259.42074786655500 0.00000000000000
81.86777394264330 438.24685832604000 0.00000000000000
35.88022536026090 272.13286516875000 0.00000000000000
147.98133781115800 816.48560396003400 0.00000000000000
152.28732335228500 35.73942152625050 0.00000000000000
1032.97539575745000 224.51391401858500 0.00000000000000
750.13871379486300 157.53046507723600 0.00000000000000
1282.46724026521000 691.49039689425500 0.00000000000000
163.89699462262800 581.80314930467100 0.00000000000000
724.25275619978700 491.46226170037400 0.00000000000000
999.16159139175600 648.78790586531000 0.00000000000000
322.02063292931800 138.66082838821900 0.00000000000000
579.52427467815400 472.09367113191600 0.00000000000000
107.30485285448500 284.74978419288000 0.00000000000000
1219.13942795076000 147.05355641325500 0.00000000000000
1068.18584345129000 523.51815604840700 0.00000000000000
1288.34347436910000 587.01079617175000 0.00000000000000
87.05262072272250 312.06943726730700 0.00000000000000
1124.09681305096000 95.07933684296230 0.00000000000000
386.67112882325700 532.38910331630900 0.00000000000000
1209.92835187111000 364.23264162905800 0.00000000000000
612.01970863350900 319.46774958091000 0.00000000000000
1035.87262001834000 144.32080613207600 0.00000000000000
473.19787948547100 495.30003950889600 0.00000000000000
1194.15680769060000 472.86441950818100 0.00000000000000
855.17852959782000 35.80135980357150 0.00000000000000
1183.74895907977000 188.41237930998300 0.00000000000000
1146.40973774401000 838.08595992019700 0.00000000000000
552.67258181074200 279.22293204409100 0.00000000000000
1090.43127392555000 650.81636498771500 0.00000000000000
194.12438210656300 83.00687366088590 0.00000000000000
368.70636118030300 475.96186767012100 0.00000000000000
1295.49938494209000 816.93246371059600 0.00000000000000
476.27958569800000 648.66657351467900 0.00000000000000
687.56020023459800 152.43980008152200 0.00000000000000
35.99455577952580 591.29824250870800 0.00000000000000
837.35615344178500 763.94052349480300 0.00000000000000
305.59807333479900 105.76383993896500 0.00000000000000
1102.65014849569000 544.64750057070700 0.00000000000000
614.67878026298200 246.40399930005000 0.00000000000000
877.22191722426700 197.30097645928700 0.00000000000000
363.15316110358000 726.03386373714300 0.00000000000000
594.99048807883800 653.72309219814600 0.00000000000000
1084.41596598119000 34.05657225535210 0.00000000000000
1081.04868238261000 478.95377498802400 0.00000000000000
1219.04401280079000 741.71538314786700 0.00000000000000
1295.15866497184000 34.88200210587070 0.00000000000000
1286.40010286629000 761.86199000967000 0.00000000000000
727.56304402155500 228.29097602123800 0.00000000000000
263.31722792018100 525.30780975524800 0.00000000000000
855.66349718608100 324.72572282758600 0.00000000000000
1295.32208400696000 629.55468892605300 0.00000000000000
88.02855100875040 172.10427443757400 0.00000000000000
919.94460800389000 541.08255920171900 0.00000000000000
630.86719126880800 462.53038364847500 0.00000000000000
298.06134380184200 339.00224885982500 0.00000000000000
394.29423905987800 411.90682497118500 0.00000000000000
845.54139612501900 663.31029677815500 0.00000000000000
350.05838277172600 446.79588642352900 0.00000000000000
965.20637680003800 740.17925183023300 0.00000000000000
731.81783445595200 325.94065867543300 0.00000000000000
491.41579547606100 763.33854348120700 0.00000000000000
873.83409939413700 428.77584534076700 0.00000000000000
654.30018288375800 413.44197423154000 0.00000000000000
695.73736706965400 32.15831493747850 0.00000000000000
984.29904625280400 879.21580492915600 0.00000000000000
566.83134341290200 31.80964448525960 0.00000000000000
1138.72528698720000 503.49765116296100 0.00000000000000
903.80686091419600 88.37668663713620 0.00000000000000
871.76953198067400 100.16809961485600 0.00000000000000
75.83706956238290 883.17137903937900 0.00000000000000
675.57484838834500 83.50725139581070 0.00000000000000
282.85827971613500 169.44246307082600 0.00000000000000
545.13542322822600 718.14741743511000 0.00000000000000
1227.46006063295000 538.20297182628500 0.00000000000000
708.37038909187300 102.86637487791600 0.00000000000000
856.03847498025200 225.06609746705700 0.00000000000000
1244.97382874621000 203.69930801039900 0.00000000000000
162.74520870324200 713.81106315774800 0.00000000000000
1121.20908056854000 373.62189339193300 0.00000000000000
973.98744838197100 676.96646267363500 0.00000000000000
496.68793551595100 880.31675609697800 0.00000000000000
661.05413035495700 358.72081556159300 0.00000000000000
830.39426660729400 880.64388773616600 0.00000000000000
911.00218480621300 783.24603972947100 0.00000000000000
477.60310074177600 720.10845526314000 0.00000000000000
652.90646710380700 261.85986672195800 0.00000000000000
1338.02644196867000 471.99202106597700 0.00000000000000
969.94443376009100 774.95766427619700 0.00000000000000
536.86341688892500 523.13143428978800 0.00000000000000
818.67689287079700 167.50301557396500 0.00000000000000
1338.31414639811000 77.42153717666380 0.00000000000000
289.61639929639100 206.35549592110100 0.00000000000000
326.07420983980100 215.65736658091100 0.00000000000000
200.51752860210700 554.02603960834900 0.00000000000000
318.41927526653600 395.92577042695100 0.00000000000000
437.16883856727900 575.08282090376000 0.00000000000000
238.06311762390700 355.62113799481000 0.00000000000000
716.90111142623200 796.27233662333900 0.00000000000000
653.56268371685700 881.47494715012800 0.00000000000000
280.07453135025100 883.52462365908500 0.00000000000000
31.22653976436000 149.72731445982400 0.00000000000000
116.59435066269400 719.04675618913700 0.00000000000000
1045.31378071790000 698.97870611066100 0.00000000000000
374.54763366302600 560.95616988996500 0.00000000000000
367.06723790817200 89.39826443289010 0.00000000000000
390.35493381080400 709.68933509911000 0.00000000000000
1152.23063419156000 645.36948523456300 0.00000000000000
1339.40306709319000 279.06742155801900 0.00000000000000
155.30950898471700 98.48337885783300 0.00000000000000
1229.44309302679000 30.88295313025890 0.00000000000000
1236.65556461753000 632.17671145613400 0.00000000000000
1177.33147617494000 704.07077473562600 0.00000000000000
933.32803969316900 177.46738589989600 0.00000000000000
973.39310055611000 152.53130191160100 0.00000000000000
83.09193805787870 382.07088018616000 0.00000000000000
671.10495562967800 833.46185153442600 0.00000000000000
820.60347160592700 827.10870626944000 0.00000000000000
1192.27057326324000 83.31840229774660 0.00000000000000
341.02588810617000 298.00820070963600 0.00000000000000
1294.12925489472000 451.54880802771500 0.00000000000000
969.31499296417200 244.96845242806900 0.00000000000000
1095.75046760253000 146.44152197547900 0.00000000000000
1341.80926068204000 674.61302236324600 0.00000000000000
1340.06369205113000 160.45910571685700 0.00000000000000
1170.25843376642000 242.24984639936500 0.00000000000000
910.05292162622800 423.87536508244400 0.00000000000000
703.86277368626900 266.09829647831000 0.00000000000000
198.09118834318900 407.90853061535900 0.00000000000000
394.07847176389800 296.76662446830700 0.00000000000000
888.60645562898400 32.34424482644400 0.00000000000000
825.15743501431800 562.11101844891900 0.00000000000000
791.31121430796600 576.71885130316100 0.00000000000000
138.06138736341900 774.98642473301800 0.00000000000000
163.00720015467800 882.64191237778700 0.00000000000000
1044.42567897545000 284.42413964213200 0.00000000000000
234.07083308943500 738.00144405674300 0.00000000000000
373.32684206156400 244.62340455023800 0.00000000000000
1116.25068199576000 780.28656137255600 0.00000000000000
1085.67175656480000 240.22134460463800 0.00000000000000
1116.94239245472000 32.35326418765520 0.00000000000000
640.37400438462200 564.24017067025600 0.00000000000000
1228.84859727884000 266.98835942842900 0.00000000000000
640.27495913224000 816.62282190984200 0.00000000000000
488.56387956021900 108.03933567261400 0.00000000000000
232.22014222288600 840.64445459053700 0.00000000000000
1089.92581714948000 745.21541364492500 0.00000000000000
801.37568635719500 396.16329019004800 0.00000000000000
1028.57815018389000 753.69486552306300 0.00000000000000
1002.23289974115000 785.87718970497600 0.00000000000000
985.13469545681400 841.56150743440500 0.00000000000000
1226.41262164670000 96.07578469190170 0.00000000000000
1007.73370666232000 589.97766911816200 0.00000000000000
1228.08779866525000 481.36455508602400 0.00000000000000
1293.72510952279000 177.67390525223300 0.00000000000000
322.40626148730000 772.97140368605200 0.00000000000000
1131.45695237991000 882.98327687735500 0.00000000000000
574.46535090797400 216.78956695810700 0.00000000000000
1198.87152485942000 428.46731143401200 0.00000000000000
635.37802607664500 706.89807822834900 0.00000000000000
614.45079310011800 170.00230644371400 0.00000000000000
773.47730014678900 882.37100800039100 0.00000000000000
30.16189112152080 399.94272869884300 0.00000000000000
494.09982602048800 822.33433469595600 0.00000000000000
818.44528038818500 443.64766487531400 0.00000000000000
31.48552573570300 75.74023703550020 0.00000000000000
449.72974238673500 835.16941725109200 0.00000000000000
1299.86245915410000 233.08796520467200 0.00000000000000
457.53433024511300 289.01778534229400 0.00000000000000
1016.35382469881000 407.11366675374400 0.00000000000000
728.45058103067100 755.65618486318300 0.00000000000000
198.97598545786700 791.42026722738600 0.00000000000000
566.42831806981600 72.97151940886580 0.00000000000000
1113.00323106585000 695.12868951317400 0.00000000000000
1250.01245126706000 434.06262619499800 0.00000000000000
509.66089566136000 287.18067230523200 0.00000000000000
151.66357990187300 185.98835616970800 0.00000000000000
30.50437453219760 214.02948348880600 0.00000000000000
825.26527526557300 336.90610260842900 0.00000000000000
926.21439732376100 643.29283864625100 0.00000000000000
971.73057584323400 214.15234808788800 0.00000000000000
1027.80837299825000 332.78181697726100 0.00000000000000
30.47181901871530 843.93000324289100 0.00000000000000
175.20725867737200 837.78263372158800 0.00000000000000
430.98845969419100 495.67085216289000 0.00000000000000
30.01067208167630 766.06615697849200 0.00000000000000
1170.68184176226000 779.09210208618200 0.00000000000000
490.96407453716800 336.93962959926000 0.00000000000000
1108.63269399443000 602.74713808438600 0.00000000000000
564.14289700661000 406.46296794813300 0.00000000000000
563.89686859712100 373.46256077236700 0.00000000000000
465.21529963141700 883.26120259358500 0.00000000000000
580.80727758400400 808.10864607637300 0.00000000000000
373.84992853578600 187.37904821154900 0.00000000000000
933.22112316397200 455.28666041298200 0.00000000000000
819.75238210288300 628.21012656147900 0.00000000000000
689.12634735817200 666.10211914145800 0.00000000000000
194.04955202491900 313.44095766938000 0.00000000000000
233.17451048599200 267.59177722068800 0.00000000000000
142.43552635115800 653.50658626635500 0.00000000000000
913.01088999058000 246.43722220653300 0.00000000000000
1155.42434085985000 123.54281421067400 0.00000000000000
766.65010485741800 336.07525846093100 0.00000000000000
977.69511577643200 370.77853757125700 0.00000000000000
1159.29951758393000 389.24667777968200 0.00000000000000
244.60853423711100 165.94392207842200 0.00000000000000
645.26920640235000 296.65682318007900 0.00000000000000
713.59679414617100 362.62395038695300 0.00000000000000
289.48381755116200 407.46631911131000 0.00000000000000
673.40398761698100 316.87880407005400 0.00000000000000
156.21066498087300 518.51262710817500 0.00000000000000
823.23291290590400 526.22852649715900 0.00000000000000
392.98500466748800 769.58129687946100 0.00000000000000
1165.14878822571000 331.72632607500600 0.00000000000000
1341.77886431463000 847.04275090122400 0.00000000000000
1188.25310873169000 883.49228472826800 0.00000000000000
112.34778901310100 613.29491075161400 0.00000000000000
944.45668500793100 28.15452231257730 0.00000000000000
974.84487627180700 549.50214203476700 0.00000000000000
155.74879442035600 373.23080749644200 0.00000000000000
332.91439789022100 711.03367114326200 0.00000000000000
416.12313392274900 388.87582341738800 0.00000000000000
417.71249817871500 527.99484346680300 0.00000000000000
877.34983739046400 839.42144493414100 0.00000000000000
28.83566577148130 653.29183304591200 0.00000000000000
1065.75178613694000 419.86632264462200 0.00000000000000
296.52377481800100 272.46496520163100 0.00000000000000
276.59810061832900 302.88912974119200 0.00000000000000
675.22628663761700 582.05788553500800 0.00000000000000
677.29153082630800 613.06511662147500 0.00000000000000
137.41197830120500 415.37638795375200 0.00000000000000
1095.33710101898000 101.59560097691600 0.00000000000000
785.26145970492300 496.23862558543900 0.00000000000000
281.50287977729700 601.61269309374700 0.00000000000000
747.90757454309800 547.68508690949400 0.00000000000000
1260.22363644350000 535.65052226360100 0.00000000000000
974.53218923083700 309.60681399027700 0.00000000000000
77.94602248365790 688.32243623946700 0.00000000000000
176.18056631530600 609.36521018077700 0.00000000000000
351.29223144852400 29.11012744656830 0.00000000000000
31.18979320400850 301.73251918614300 0.00000000000000
839.65919955146800 476.74202250653800 0.00000000000000
778.12379579251200 843.69946734052600 0.00000000000000
506.00667182775800 385.21417997268100 0.00000000000000
295.50912596562900 646.19712500390100 0.00000000000000
603.48226552013900 452.95908126801700 0.00000000000000
342.47602458153200 241.54363507364200 0.00000000000000
669.22650481611200 215.25046086606400 0.00000000000000
31.23784628207310 468.32278806546600 0.00000000000000
212.03018676774400 124.66221291054600 0.00000000000000
537.73664924499300 636.78064653662600 0.00000000000000
939.51358564546200 836.39109249256400 0.00000000000000
890.00646646926800 597.11308489665600 0.00000000000000
1231.64500473458000 839.04702481703800 0.00000000000000
694.51306139584300 530.92106378849300 0.00000000000000
1278.27440183492000 140.00458618552300 0.00000000000000
1076.31987156269000 337.26814655069100 0.00000000000000
1062.96606171896000 797.11925295818400 0.00000000000000
1279.71273505277000 845.27620640857800 0.00000000000000
75.30707851447480 750.46483054791700 0.00000000000000
89.54974308466170 661.48048287967000 0.00000000000000
1011.07754992786000 202.39374542001900 0.00000000000000
135.46129394904300 466.30793043498900 0.00000000000000
876.01826432288800 363.18601337039200 0.00000000000000
70.41578322939610 495.93267911539400 0.00000000000000
1123.72891722201000 282.08212531629600 0.00000000000000
1102.00507843429000 885.36333764348000 0.00000000000000
374.56683393481400 140.93314659796400 0.00000000000000
362.61083446409300 755.87314799399800 0.00000000000000
196.27172090728200 226.82809144605400 0.00000000000000
1115.09739951278000 428.62683812534300 0.00000000000000
926.78063611442400 582.38219968891800 0.00000000000000
1021.43601035573000 722.85480472206900 0.00000000000000
423.90351632556800 219.09991743443000 0.00000000000000
415.44957874044000 661.70677222044100 0.00000000000000
941.00380443487100 262.13252138513500 0.00000000000000
1060.01038389725000 760.15173060343100 0.00000000000000
793.32326620762300 110.46585165964700 0.00000000000000
97.52365713501130 411.43809585883400 0.00000000000000
770.41513861772200 266.05235321661300 0.00000000000000
844.86561028245000 74.48334668749590 0.00000000000000
366.99167582225500 628.87856678029800 0.00000000000000
1088.13318787040000 843.29152024022900 0.00000000000000
1231.87323953477000 322.07473660411900 0.00000000000000
191.43654613792200 439.30618919462000 0.00000000000000
454.29504815986100 355.20804405409700 0.00000000000000
889.84757226188600 264.38542078073400 0.00000000000000
1255.74376933060000 402.98535917821700 0.00000000000000
619.81040448219800 67.89689478142040 0.00000000000000
893.07895688984600 481.65438833803400 0.00000000000000
226.68001853459000 578.67923086647000 0.00000000000000
691.17518438642800 473.02349985216100 0.00000000000000
427.90388642302300 28.41119442039920 0.00000000000000
1024.64862374503000 467.52646823915600 0.00000000000000
386.94860265922500 678.49300493397100 0.00000000000000
401.15810635491400 798.35919745209600 0.00000000000000
73.11976240719170 108.36405502172900 0.00000000000000
478.04416471215000 29.91847996158270 0.00000000000000
887.38928979464400 737.84982434166100 0.00000000000000
390.66054529126100 70.48769214057460 0.00000000000000
240.31207500294100 411.69273235270100 0.00000000000000
858.92730374019500 389.80763161514300 0.00000000000000
1236.95506758705000 782.68126703176900 0.00000000000000
116.06641585471900 513.30220505379900 0.00000000000000
225.97066735795800 28.90247463636720 0.00000000000000
1342.58535264235000 414.54166236287200 0.00000000000000
132.29262229220300 886.70716779893700 0.00000000000000
590.18853755371600 681.47571074361800 0.00000000000000
1040.92923770546000 78.14374354669560 0.00000000000000
1343.66687063242000 785.76340820617800 0.00000000000000
1267.92542454092000 645.78463139004300 0.00000000000000
444.04097673127300 674.71848747011000 0.00000000000000
234.88725992360200 324.46776822984600 0.00000000000000
1039.25416496930000 848.73802200187000 0.00000000000000
717.41499234770500 164.04615627608600 0.00000000000000
1034.04226078503000 29.89838969595710 0.00000000000000
1109.94777217689000 479.84398799699900 0.00000000000000
726.19716219397500 29.20788551801040 0.00000000000000
1226.14546350329000 684.34580947752000 0.00000000000000
598.38702722194200 29.50059947828370 0.00000000000000
166.89457279315700 488.05167366100600 0.00000000000000
594.37633239794200 270.64949729281000 0.00000000000000
823.20179620971700 375.44297100532500 0.00000000000000
1039.39730860840000 671.74583996342800 0.00000000000000
334.87127097676300 675.66796686746700 0.00000000000000
176.55207631753200 666.61370974467900 0.00000000000000
724.16691115298400 847.85167937651500 0.00000000000000
270.36620627590600 358.06761540239900 0.00000000000000
912.74976181911700 310.98607798466900 0.00000000000000
1180.76236758712000 365.12855060447600 0.00000000000000
957.70902233858800 389.45196464349400 0.00000000000000
597.74150395823100 419.91891590105800 0.00000000000000
629.97234630096300 755.53114345560900 0.00000000000000
276.56311521638100 665.34548464849300 0.00000000000000
411.44423471647500 886.64089624794200 0.00000000000000
1168.91618270081000 64.34674663850520 0.00000000000000
1003.98580699685000 106.53333202357600 0.00000000000000
341.91713164208100 190.13912295987500 0.00000000000000
1197.58749573184000 585.32232663938900 0.00000000000000
461.91927073429900 194.38494182192800 0.00000000000000
461.77151999890700 74.02125864439780 0.00000000000000
89.78677148492420 781.97820513012500 0.00000000000000
523.02844327451900 416.58929484613400 0.00000000000000
194.12793476464000 175.60355500945900 0.00000000000000
497.76092845324800 698.85743332318400 0.00000000000000
910.85892848934800 753.87718637898300 0.00000000000000
1115.73906139022000 635.99314880291700 0.00000000000000
368.11509043644900 310.39881198079600 0.00000000000000
1343.14229831735000 132.32693727597600 0.00000000000000
1343.63318684310000 544.42495067489000 0.00000000000000
1143.22460067032000 237.56927688407300 0.00000000000000
222.58768216064700 69.92758472002250 0.00000000000000
967.23753319242500 499.19433159465500 0.00000000000000
578.20512162079000 121.22749532913200 0.00000000000000
820.32614426390700 236.12433995250800 0.00000000000000
1018.95922725135000 495.75773843850200 0.00000000000000
463.95632692190900 623.91805045015500 0.00000000000000
871.70806597332800 562.16710540212000 0.00000000000000
553.20487583550700 462.28699559791400 0.00000000000000
1082.93795151892000 266.81708808139100 0.00000000000000
395.96118524299400 352.70547954927000 0.00000000000000
940.15784003980100 65.22106255918670 0.00000000000000
477.80575191946300 523.72265117054600 0.00000000000000
1342.70060329309000 377.20427645821900 0.00000000000000
110.35261226518500 151.44518091316000 0.00000000000000
622.31891660921700 885.96194995204800 0.00000000000000
98.22981069981890 585.71037180891600 0.00000000000000
820.16042820874500 270.88440477378000 0.00000000000000
64.13926472565270 351.86987885086600 0.00000000000000
425.15611290038300 156.72532619218800 0.00000000000000
928.46667105547900 701.56050709565100 0.00000000000000
1030.90070436475000 569.79170878763600 0.00000000000000
1134.32619185099000 336.61215190471200 0.00000000000000
810.57946997889600 794.29868923792900 0.00000000000000
1246.58297129007000 884.86968597506600 0.00000000000000
983.06850812090400 74.11115348048260 0.00000000000000
509.17441682418700 161.44479719762600 0.00000000000000
545.98947802497100 334.48643914734500 0.00000000000000
1265.21863172196000 226.80264446346000 0.00000000000000
924.07349050185400 337.31824909602000 0.00000000000000
264.95567644491100 72.21556914152110 0.00000000000000
1206.48209752477000 246.91915243174600 0.00000000000000
451.39196986486700 776.09909815410500 0.00000000000000
419.06039067769400 442.27634316299500 0.00000000000000
1306.97005995894000 418.90242496938300 0.00000000000000
591.19367146609600 749.15757673673700 0.00000000000000
408.61681964513800 470.48048419019100 0.00000000000000
764.78682796746400 237.81910949464400 0.00000000000000
27.36135064023270 345.86377149926200 0.00000000000000
1267.95820662135000 357.43145143104000 0.00000000000000
952.20221188012200 117.57200873735300 0.00000000000000
446.24973411777800 701.23880534903300 0.00000000000000
414.03048986643800 633.76073135696400 0.00000000000000
214.04178996027900 457.84758632853300 0.00000000000000
1282.43165351833000 280.82859566730500 0.00000000000000
1286.23074062940000 790.29521622849700 0.00000000000000
587.15557839823800 167.40705226283800 0.00000000000000
319.75422555290700 841.07103032967700 0.00000000000000
332.79709794374300 505.48411826914200 0.00000000000000
908.47145330637500 810.13858583645600 0.00000000000000
943.88197631328200 203.33818649609400 0.00000000000000
951.70873199434200 885.52816972330200 0.00000000000000
852.99728018308200 824.22499132836800 0.00000000000000
1220.44667762923000 569.84685087978300 0.00000000000000
858.48374731290300 886.27272718214400 0.00000000000000
1132.54348936171000 535.47926954161200 0.00000000000000
178.95305440885900 30.69164352185320 0.00000000000000
406.88915643659500 270.91519969652500 0.00000000000000
379.58570196226200 886.64941964994800 0.00000000000000
921.48133776179000 117.97204266551500 0.00000000000000
249.45250075991100 296.64563171748500 0.00000000000000
705.08043786675500 208.80594344234800 0.00000000000000
356.36909703154800 812.52984157039600 0.00000000000000
936.17765825588100 734.26448542564500 0.00000000000000
1012.43470349454000 888.45830542145800 0.00000000000000
538.79746878981300 126.10188109854800 0.00000000000000
1142.81210749689000 149.43423090256100 0.00000000000000
1342.79369063199000 606.43440696695700 0.00000000000000
266.85846410039400 824.65164087404800 0.00000000000000
908.55102728213900 144.41875790697400 0.00000000000000
1174.15553435280000 834.16928585422700 0.00000000000000
125.68448464874600 247.45710205633900 0.00000000000000
1170.67414734383000 556.81485946468700 0.00000000000000
525.43545012976200 471.78226086313400 0.00000000000000
71.22999439836320 255.12539746130100 0.00000000000000
978.60832508273000 27.24287544567840 0.00000000000000
765.72451149774900 802.23411747400800 0.00000000000000
58.73222057616700 208.55129601506300 0.00000000000000
1233.29310819087000 349.01665824051500 0.00000000000000
26.28150443842580 527.25057194105300 0.00000000000000
147.16082289193100 561.38839957863600 0.00000000000000
609.22072907890600 702.83147095807200 0.00000000000000
268.37866980524400 455.31712191315800 0.00000000000000
993.38325240190300 285.28802696972500 0.00000000000000
26.67515587909200 26.67515587909250 0.00000000000000
510.45100766336800 318.48938694198000 0.00000000000000
1167.04385604338000 25.66539632316490 0.00000000000000
940.74208434572800 289.85677203637500 0.00000000000000
699.05931717537900 560.56550493900900 0.00000000000000
1279.21984898084000 489.68436666915800 0.00000000000000
1037.46526396446000 422.87710028769400 0.00000000000000
532.49405440077300 27.75822224958640 0.00000000000000
742.96618054508600 887.81913720297000 0.00000000000000
1142.01670980464000 430.78754842125400 0.00000000000000
202.56596318966000 615.98312155763600 0.00000000000000
1199.24967488531000 157.35053832972500 0.00000000000000
135.92449894073300 70.59825819567990 0.00000000000000
419.16413575774000 850.79344245616200 0.00000000000000
944.54588451452700 670.77082714905700 0.00000000000000
514.51258830393000 68.16562719547220 0.00000000000000
649.64045544545800 623.31301449173300 0.00000000000000
849.02815617435500 517.15182558259300 0.00000000000000
467.69153104874400 407.10931142292100 0.00000000000000
663.04154748357600 484.36909945201700 0.00000000000000
501.68204019762100 444.55289672396900 0.00000000000000
745.13440582095600 284.16413306914900 0.00000000000000
868.46393763208000 460.86209203539800 0.00000000000000
757.84518484826200 186.01126912912600 0.00000000000000
617.95865870080000 397.50666051515600 0.00000000000000
242.46985134827500 217.56389286369900 0.00000000000000
496.34261683115100 245.08145165596800 0.00000000000000
897.96407323663200 690.77455466080700 0.00000000000000
1019.80388879490000 651.53042162566600 0.00000000000000
678.60802746728000 743.07531319453100 0.00000000000000
804.43447330527200 681.74046343750300 0.00000000000000
181.06764561680400 690.99008333698800 0.00000000000000
983.00305732310800 576.28165669074700 0.00000000000000
420.87356115856300 748.48511328657700 0.00000000000000
734.07849538740300 588.40262103794000 0.00000000000000
1072.52596403876000 388.83866000974200 0.00000000000000
1345.04296410081000 499.34298908830800 0.00000000000000
1249.02212195474000 591.87700895255800 0.00000000000000
817.32251861023400 29.42600762998330 0.00000000000000
273.40968591347900 576.16260454027100 0.00000000000000
806.50247027459700 72.25401949211030 0.00000000000000
110.57172399634100 202.88289815267000 0.00000000000000
1095.71088877623000 208.31382944165100 0.00000000000000
1344.79037797440000 211.56785356416700 0.00000000000000
1197.62281334598000 683.15441872494000 0.00000000000000
208.04285471140600 741.51144161454000 0.00000000000000
1311.14408190619000 886.86047333295500 0.00000000000000
1312.99270457386000 366.21881304143500 0.00000000000000
806.38617722252900 711.76027405987400 0.00000000000000
625.43193260038000 592.34009465843800 0.00000000000000
485.23155214743600 135.83607701483900 0.00000000000000
142.78817646858700 708.32094893906700 0.00000000000000
619.95205942048500 219.67174090289300 0.00000000000000
666.51081981438000 522.61007031108100 0.00000000000000
369.38777862811200 503.10109159433400 0.00000000000000
378.69546757394100 25.34616675711030 0.00000000000000
1345.22577624690000 255.97778909207200 0.00000000000000
314.24735949564600 357.46013427772900 0.00000000000000
60.66298465231840 523.22432527824500 0.00000000000000
841.18368931989800 606.99511675889800 0.00000000000000
193.15609336724500 145.35808154466100 0.00000000000000
605.56487762891400 517.65328627820800 0.00000000000000
873.19252460869200 135.68266343555900 0.00000000000000
1265.56079990088000 738.71333071366800 0.00000000000000
1026.09781834637000 55.23202327068970 0.00000000000000
211.91634481621900 889.25303170477400 0.00000000000000
102.99180988408200 25.00702271445910 0.00000000000000
1036.92081112500000 374.49448883203900 0.00000000000000
105.39205425556800 71.98162380756690 0.00000000000000
550.30458137712600 245.95668309056000 0.00000000000000
320.66608614138400 890.17261258940700 0.00000000000000
506.47692691622800 849.23984121496300 0.00000000000000
140.37101217340700 159.64278595373300 0.00000000000000
1187.40051066730000 650.26647328356400 0.00000000000000
1146.33647648273000 726.84965311485900 0.00000000000000
680.04585019535400 695.99797519007000 0.00000000000000
404.45884012290000 584.65644782720500 0.00000000000000
641.87884792896100 734.31680083302600 0.00000000000000
497.09549656370900 671.59875932933400 0.00000000000000
1150.49563871355000 676.34875304572400 0.00000000000000
25.64593824587350 247.14621975373700 0.00000000000000
432.58688224393800 800.66280470681900 0.00000000000000
769.44753397646400 371.05930032703800 0.00000000000000
1006.02033145170000 532.46542278647700 0.00000000000000
542.19245562224100 582.49463525591500 0.00000000000000
1273.27795918153000 567.88545456446600 0.00000000000000
255.53515296070000 24.92070893981670 0.00000000000000
1143.30232357936000 590.69029176033000 0.00000000000000
1165.89619293451000 613.93633860574900 0.00000000000000
426.57878970454000 54.81114948409310 0.00000000000000
756.90150196435300 70.58729083767170 0.00000000000000
23.46055406547400 792.45395210641100 0.00000000000000
763.67287956359200 27.44738516535460 0.00000000000000
531.30667393567800 668.42903667258000 0.00000000000000
442.07381313091200 547.24508040981300 0.00000000000000
549.60866422663900 426.79385275677700 0.00000000000000
737.62964463360900 120.62761284896200 0.00000000000000
682.26772806319700 252.97527339585600 0.00000000000000
1041.37852834266000 813.92745773119600 0.00000000000000
543.77679214416800 884.85181775522800 0.00000000000000
1155.71912609818000 461.01418392107800 0.00000000000000
1122.80143743304000 65.35796417688320 0.00000000000000
480.46275845189000 785.13253860683200 0.00000000000000
861.28949031475700 791.72399507385800 0.00000000000000
772.28624405652400 553.08731659758500 0.00000000000000
1193.54799360748000 727.46196163893300 0.00000000000000
645.22868755801000 26.17629366934620 0.00000000000000
1345.10816007051000 327.92913441633200 0.00000000000000
715.99226594725400 431.41151708617900 0.00000000000000
1084.69204355114000 540.58071585008400 0.00000000000000
939.80391994986800 494.22499781863600 0.00000000000000
870.02759562176100 620.15167362494000 0.00000000000000
730.91581106272800 376.64689960113100 0.00000000000000
164.38217160725800 132.02800316875400 0.00000000000000
303.30077888548600 25.35293264462860 0.00000000000000
1093.50545952583000 679.49408526410700 0.00000000000000
75.96890632979630 229.84380277677300 0.00000000000000
759.16126650471100 751.00441864929300 0.00000000000000
1305.05185692522000 747.94215031866700 0.00000000000000
25.73904367646410 123.74157798915100 0.00000000000000
365.22727186337500 857.23289140291900 0.00000000000000
366.25366992430600 362.35172350791200 0.00000000000000
178.35000382196700 810.02084620017200 0.00000000000000
1345.88390931855000 724.26065261172600 0.00000000000000
29.49697227844490 557.99641633592500 0.00000000000000
771.53136190628400 590.88846446817700 0.00000000000000
1062.59915385433000 25.45959342615470 0.00000000000000
1166.49790195299000 413.51132957093900 0.00000000000000
1075.14559338033000 185.62404836780500 0.00000000000000
852.23656437022000 419.77191823007900 0.00000000000000
1069.44616409858000 293.57659870412500 0.00000000000000
1186.37853567121000 533.44271026920600 0.00000000000000
457.22812071805700 469.86474033483000 0.00000000000000
1172.12879501197000 503.91639336440900 0.00000000000000
1251.67384253677000 828.44548641153500 0.00000000000000
716.95362630646600 667.40757125098200 0.00000000000000
1066.11756534349000 579.18428667367100 0.00000000000000
249.47301371157100 887.15990063067200 0.00000000000000
586.95441534894000 887.96999031067400 0.00000000000000
1282.35601047234000 663.44987289777600 0.00000000000000
588.90325529724500 363.36286012240100 0.00000000000000
356.82028649536000 550.07968957479700 0.00000000000000
360.98011019135000 662.57411656377400 0.00000000000000
544.88313765250100 847.73396344200500 0.00000000000000
593.82559745802600 844.61666623123800 0.00000000000000
62.45769529932440 717.31728578149100 0.00000000000000
433.85908834761200 98.62181009024490 0.00000000000000
1032.79900943884000 300.91484374794400 0.00000000000000
736.87207853926400 459.42056116452500 0.00000000000000
280.69649849069600 248.42405620376800 0.00000000000000
1309.18155859346000 207.10538979692100 0.00000000000000
1137.15022343002000 484.49173967020500 0.00000000000000
65.15135435783380 562.57557803462800 0.00000000000000
961.03611113901100 80.02617299426650 0.00000000000000
570.13352162047000 319.52551966742900 0.00000000000000
989.93407356209800 259.21481642417500 0.00000000000000
848.64758283753800 286.17604346392400 0.00000000000000
693.85977845689900 446.11460976817300 0.00000000000000
1007.96012918430000 388.95107235243300 0.00000000000000
838.35802839503800 155.16491478560200 0.00000000000000
60.50968936733220 642.87793757735700 0.00000000000000
666.38654918112900 393.86378526380700 0.00000000000000
765.09297154975900 101.45815553361900 0.00000000000000
942.49379004337600 551.01484705696700 0.00000000000000
92.00130964858260 850.60420730693200 0.00000000000000
1206.18848679278000 26.53985234876110 0.00000000000000
540.30907743468700 81.78562136042630 0.00000000000000
701.73487334688000 399.29214799130400 0.00000000000000
703.16641478525200 312.07752970908500 0.00000000000000
1019.68444364049000 238.92418411094100 0.00000000000000
1309.41199673301000 291.62878848445800 0.00000000000000
1075.53341526514000 63.63035893412360 0.00000000000000
795.52114933286800 637.88621528159500 0.00000000000000
661.62687245586600 178.26121963843000 0.00000000000000
608.17045287168200 801.60394753585800 0.00000000000000
905.73268608222100 607.42912348649600 0.00000000000000
828.78150652637800 723.96892051514400 0.00000000000000
388.22350304057600 226.83132343070000 0.00000000000000
782.50708891852600 145.98608517910000 0.00000000000000
867.39221422351800 254.81003527319300 0.00000000000000
899.99583614896200 889.58343140501400 0.00000000000000
1308.32191024138000 325.17908802369600 0.00000000000000
649.72720496684900 61.26814353948490 0.00000000000000
651.95840413697000 439.87270153468100 0.00000000000000
1264.19406271805000 777.75186457713500 0.00000000000000
806.85838455047200 890.08197918768500 0.00000000000000
58.75589094370910 25.12423699733600 0.00000000000000
210.86076079845100 650.03997120759600 0.00000000000000
805.90656531248500 520.50506296313600 0.00000000000000
960.52071183408100 446.98847089597900 0.00000000000000
555.54437383253400 525.21207989516200 0.00000000000000
26.16210803786830 677.54843442276000 0.00000000000000
518.52675016825300 205.66010456256400 0.00000000000000
156.62963043388100 214.94949216955400 0.00000000000000
639.83312666090600 350.93663406570400 0.00000000000000
62.86266005899100 310.98590142592000 0.00000000000000
700.09211740602300 887.36879292089000 0.00000000000000
267.47525789495300 152.10322275579200 0.00000000000000
406.16424763151600 138.17949483121200 0.00000000000000
1274.85009718387000 68.69395302703330 0.00000000000000
694.00861075119100 793.81407300799900 0.00000000000000
151.95289378377500 321.11886808129400 0.00000000000000
142.05874790073800 290.78745563635500 0.00000000000000
95.08608845983020 97.03212408540230 0.00000000000000
1187.53768959280000 448.39390734139300 0.00000000000000
685.25620932953600 357.24731763348800 0.00000000000000
728.29353632020500 705.11871554388100 0.00000000000000
23.91641675044890 718.14112762274000 0.00000000000000
225.41617515558300 791.17103181256500 0.00000000000000
1188.79463841559000 753.52697882163500 0.00000000000000
631.91573270417100 147.63956184648300 0.00000000000000
23.65620921615100 608.88485204184900 0.00000000000000
764.33984050919700 717.99354330413300 0.00000000000000
758.77763133887700 641.32843725009300 0.00000000000000
1223.15269363312000 207.31911884190000 0.00000000000000
227.44629708380500 600.11292398068200 0.00000000000000
52.58456604558240 68.28779350767980 0.00000000000000
903.93646084875500 653.88110305101400 0.00000000000000
1004.21161080686000 331.66018060486600 0.00000000000000
767.12431612069600 423.70947021499200 0.00000000000000
1120.58247712987000 160.17684250160600 0.00000000000000
703.92016916531300 509.72998695159500 0.00000000000000
517.52638760174100 232.82192606780700 0.00000000000000
214.99710918530600 278.72939176870500 0.00000000000000
914.65973455914300 478.68111594066400 0.00000000000000
1125.22980943596000 814.83113722492000 0.00000000000000
1039.59701231787000 615.06572143272800 0.00000000000000
727.50117030437400 63.34987281322050 0.00000000000000
1343.76059359030000 27.94575847515260 0.00000000000000
555.77231111867000 819.62435777756800 0.00000000000000
817.62320612537000 850.57478218344700 0.00000000000000
1178.07557816249000 128.83899707646100 0.00000000000000
638.40662477309900 665.54330905720400 0.00000000000000
290.70332488985500 437.51073042268600 0.00000000000000
118.16539188257400 562.36178192006300 0.00000000000000
1210.53615057082000 619.43464142879000 0.00000000000000
741.89177880189100 509.76155249233200 0.00000000000000
175.92677625974400 93.87398764126850 0.00000000000000
983.62129037044600 195.97483978378700 0.00000000000000
1243.70730259391000 65.72833859910190 0.00000000000000
321.39742616054400 599.26117728678800 0.00000000000000
958.03974486291300 336.50623346665500 0.00000000000000
770.18852162444800 457.95788973570200 0.00000000000000
659.99314230313100 112.77135303143700 0.00000000000000
821.40668012485900 119.61825025749400 0.00000000000000
317.65716402635900 633.24994500770400 0.00000000000000
205.65995293607600 849.10166835593200 0.00000000000000
1303.07329758382000 706.75833031511800 0.00000000000000
900.88293729265100 66.02994989485990 0.00000000000000
1063.86254327652000 890.07567439681600 0.00000000000000
603.53953412765400 550.30106079246400 0.00000000000000
964.43954846957100 418.17448146168500 0.00000000000000
394.73212755455900 622.53693316861300 0.00000000000000
576.20795269600200 89.54822973280110 0.00000000000000
370.98333564197200 432.31597861768100 0.00000000000000
1238.26653623467000 165.76676274401700 0.00000000000000
551.62311933003200 766.27387503378000 0.00000000000000
525.77526414609800 787.37418045970400 0.00000000000000
111.96966779784600 334.96405147207500 0.00000000000000
1311.25974597880000 580.70213627856100 0.00000000000000
537.03209362105600 364.65560510915500 0.00000000000000
884.88207813659500 500.34148429937300 0.00000000000000
1349.03829415990000 447.26086956521700 0.00000000000000
788.31532914329800 194.50085123884800 0.00000000000000
1313.83124834349000 124.55854778656600 0.00000000000000
286.74344678304600 854.02250386795900 0.00000000000000
164.90156412215800 261.28546094968400 0.00000000000000
1213.35644259118000 389.01616105169200 0.00000000000000
196.78383253412500 770.92650490679200 0.00000000000000
979.02685520620100 126.78159181711800 0.00000000000000
160.49190384533600 752.85316980138500 0.00000000000000
134.28138708503000 23.62917575252300 0.00000000000000
1308.46836172853000 509.26712244132600 0.00000000000000
801.89848274896600 609.98733882272800 0.00000000000000
530.65286295017400 149.16444251274100 0.00000000000000
887.55644923295900 715.63263644555100 0.00000000000000
979.42147747671600 637.26841976879600 0.00000000000000
111.92414395634700 370.38651610532900 0.00000000000000
336.37963292609700 418.38875553480000 0.00000000000000
328.02584724748300 448.29891493327600 0.00000000000000
308.89226947599500 161.15310936558700 0.00000000000000
960.41761874875000 827.40009573531800 0.00000000000000
21.87821889034150 169.24491806046600 0.00000000000000
652.72652581273300 783.87532949850700 0.00000000000000
357.00124146846000 590.11617526613400 0.00000000000000
559.82017978359000 609.13659603258100 0.00000000000000
281.02113462255500 507.85685786978800 0.00000000000000
1114.40518769712000 308.33881956582300 0.00000000000000
911.27180205812900 25.19432173387210 0.00000000000000
1108.60861716967000 757.32672927091900 0.00000000000000
614.41407967008200 854.42845216548000 0.00000000000000
1309.32514964943000 92.91594377869950 0.00000000000000
472.83224729725700 237.79444544424500 0.00000000000000
997.53384133048300 419.30564036335000 0.00000000000000
203.06490034178100 529.88035503756400 0.00000000000000
676.22121696720000 24.05315257973530 0.00000000000000
820.60125749659500 466.65822485570700 0.00000000000000
1081.95314293419000 315.09963337977600 0.00000000000000
494.54283256433600 550.63928499174200 0.00000000000000
409.32941856866600 185.84199308756900 0.00000000000000
1226.99584622815000 764.93565531776100 0.00000000000000
977.10477651882900 531.28910103822500 0.00000000000000
696.94969931203300 853.16676011262100 0.00000000000000
1236.26374327965000 732.86481814575700 0.00000000000000
1162.45366637720000 897.70384659716900 0.00000000000000
832.12860376314300 213.04585760681500 0.00000000000000
68.35257069836330 184.37077001976800 0.00000000000000
163.81305711388200 642.12936866984000 0.00000000000000
608.40950206107700 295.37712262147900 0.00000000000000
950.21947936986800 163.49694114440600 0.00000000000000
1272.74164649271000 26.38885570043950 0.00000000000000
235.49421021693500 510.50012226840800 0.00000000000000
962.92936085220500 793.22854412197900 0.00000000000000
399.03170113851800 97.05573095366940 0.00000000000000
22.35895209504620 50.45622188901140 0.00000000000000
125.13065596991800 673.64617168344000 0.00000000000000
816.79552311770600 421.79633939977400 0.00000000000000
852.26536661983700 706.18962185169500 0.00000000000000
594.58164422801300 332.88717722300700 0.00000000000000
889.11617821782500 303.97064546660600 0.00000000000000
307.11242631584900 488.23277894696600 0.00000000000000
1102.85588743303000 128.22499139666200 0.00000000000000
813.21766062033100 763.94520657863300 0.00000000000000
1135.41369157699000 23.75793186020560 0.00000000000000
476.92264061134100 53.23961025127760 0.00000000000000
644.64971634227700 536.49274425681000 0.00000000000000
139.75846476268500 390.02467345643100 0.00000000000000
534.62061767676200 740.02323560360300 0.00000000000000
1182.17951976125000 866.26090129077700 0.00000000000000
300.68424932851900 888.92745866520800 0.00000000000000
844.00119334015100 104.23799710645400 0.00000000000000
1348.67776813058000 766.13222372109800 0.00000000000000
1278.05603471985000 333.09164450195900 0.00000000000000
555.82209072784200 696.64411392204800 0.00000000000000
262.12383529153700 790.23382518659800 0.00000000000000
684.70144013394000 61.78531208993760 0.00000000000000
322.16954629947800 117.73647502269700 0.00000000000000
305.83456567095700 810.14262902088400 0.00000000000000
65.48741841417640 387.01643847595900 0.00000000000000
110.05575592261700 226.81041406146500 0.00000000000000
354.62968903796500 384.60591461742900 0.00000000000000
1268.68514868179000 440.11938584478900 0.00000000000000
721.14272345841800 248.10770354847900 0.00000000000000
181.64400393083400 891.39274431063800 0.00000000000000
455.19060188942700 169.79564486456600 0.00000000000000
549.44464799620000 201.68566820082000 0.00000000000000
846.26672231925900 572.11968075964900 0.00000000000000
1224.42260236203000 122.77115534240100 0.00000000000000
931.65772210565200 522.53683930662000 0.00000000000000
673.91042821398500 890.64299777141400 0.00000000000000
1062.76079379735000 711.10843287780400 0.00000000000000
478.71894937485600 578.77035161831400 0.00000000000000
95.53435646466140 889.73961672475700 0.00000000000000
181.40685933180600 48.81772597866520 0.00000000000000
217.29405077653000 695.82779615181200 0.00000000000000
486.81552715332500 283.21971491861800 0.00000000000000
1348.36715180909000 180.37549198233900 0.00000000000000
1025.13647155320000 546.38367110260900 0.00000000000000
1054.69116550034000 106.46152773462900 0.00000000000000
201.16271827269700 249.47719016779800 0.00000000000000
514.41876720458600 603.15508129232300 0.00000000000000
341.75041715816100 784.07041369027100 0.00000000000000
23.95502037062690 891.85232783098000 0.00000000000000
20.99635932139480 487.91786404596900 0.00000000000000
248.91317369623900 622.99200682403800 0.00000000000000
447.25291564198100 22.43514781303200 0.00000000000000
1141.70670616812000 856.68514308092300 0.00000000000000
201.62713811965800 104.75373968172700 0.00000000000000
1308.11073551866000 531.01624652182100 0.00000000000000
1316.06369188881000 726.55848779203700 0.00000000000000
775.44474050526000 58.23170132797470 0.00000000000000
326.58871755635900 168.97233428946100 0.00000000000000
476.19654767318800 818.25268059042800 0.00000000000000
835.60946387148600 23.63869203817980 0.00000000000000
745.19626433867000 209.35837432637200 0.00000000000000
991.11005960924200 694.08095317828000 0.00000000000000
185.10575290139800 572.82355912672800 0.00000000000000
1181.96488376362000 102.88791852686300 0.00000000000000
226.94552291505800 175.41429497881200 0.00000000000000
452.93810092294200 127.05275755894500 0.00000000000000
147.89238402335100 599.15671526989400 0.00000000000000
305.44468307360700 46.81592634895990 0.00000000000000
593.60428564469600 226.61924269947100 0.00000000000000
901.41581409390600 861.12452379070300 0.00000000000000
1346.81212873623000 96.00675670941140 0.00000000000000
202.23524524134000 489.88044220693600 0.00000000000000
476.25090895045100 211.98983905559300 0.00000000000000
339.01375698362200 60.40635361873460 0.00000000000000
442.35036250787900 620.09737626906600 0.00000000000000
1053.31980726509000 130.57816545576800 0.00000000000000
1348.23950242519000 298.63692202551400 0.00000000000000
411.88246693932500 713.15757209433800 0.00000000000000
469.73261393816400 340.00927446299600 0.00000000000000
1314.30622886655000 24.66213209172460 0.00000000000000
786.17437354898700 221.70557922515500 0.00000000000000
870.57865138021800 340.24579364990600 0.00000000000000
663.93982364183800 238.50721526094200 0.00000000000000
859.84180979057300 757.22825631758900 0.00000000000000
1110.49079492461000 354.40346770402100 0.00000000000000
445.57476563881600 891.79050019479600 0.00000000000000
1163.38740732759000 816.17664326730000 0.00000000000000
175.17292828949000 856.15333445416900 0.00000000000000
245.98412683435800 645.12822173307800 0.00000000000000
1102.76778811500000 236.13978249198800 0.00000000000000
1161.74605451199000 187.15471948422300 0.00000000000000
426.84450663966200 335.80837047058000 0.00000000000000
224.11470553475500 823.29879226624500 0.00000000000000
186.76476168442300 349.35463618044000 0.00000000000000
663.93255228167400 853.59021317487100 0.00000000000000
210.13331716131400 367.51946337712600 0.00000000000000
185.79060408439900 291.53971371484700 0.00000000000000
53.50817663267140 600.59024177219100 0.00000000000000
547.08974474374300 170.86691657217000 0.00000000000000
96.51021126732220 451.80317989924500 0.00000000000000
75.61741634084110 543.37528233388000 0.00000000000000
460.82670634518300 728.02891728353300 0.00000000000000
126.18890519784000 854.68505016271300 0.00000000000000
167.33639662902000 464.20995706128500 0.00000000000000
671.03810713271400 775.54250418258900 0.00000000000000
1266.62099497184000 188.99355762771700 0.00000000000000
1068.04919857212000 498.35195663451400 0.00000000000000
709.37655872027800 186.17187510594300 0.00000000000000
121.71956638220800 116.21440019066200 0.00000000000000
1103.58351732545000 272.93647901820700 0.00000000000000
609.73213775702900 768.81288804763300 0.00000000000000
660.36903697386400 133.55338530881400 0.00000000000000
245.47206284123900 433.31440276293100 0.00000000000000
569.65897370271100 561.93388041850300 0.00000000000000
102.26822413438600 537.88408677196900 0.00000000000000
1313.72019573524000 169.75597744458400 0.00000000000000
19.08511153016120 747.31195521269200 0.00000000000000
250.46972710008500 257.15154530105400 0.00000000000000
392.00884358829500 838.58746632930700 0.00000000000000
696.45806267285200 133.00412525791700 0.00000000000000
962.84726737657800 620.31131036248700 0.00000000000000
1201.31643335576000 818.57039743427300 0.00000000000000
172.86511021186300 422.69588248188400 0.00000000000000
1262.62286173183000 310.89412338037100 0.00000000000000
247.23821708206500 79.48229102566870 0.00000000000000
1073.64328475066000 815.38030818952300 0.00000000000000
58.55913493979570 168.20704240738900 0.00000000000000
1317.93612098143000 462.34772547792100 0.00000000000000
147.01028035497600 534.47904753692100 0.00000000000000
1222.79668501243000 503.23717622855900 0.00000000000000
97.42030274613300 500.05832351066600 0.00000000000000
334.51703196744200 867.00526522757500 0.00000000000000
1196.75680836561000 61.41800359398910 0.00000000000000
1344.80871463958000 694.16035486355300 0.00000000000000
957.80287662085700 597.46874139769300 0.00000000000000
349.84586801833000 346.28767548835100 0.00000000000000
82.81428724105610 144.96834800786700 0.00000000000000
1348.99876509572000 54.55234464631620 0.00000000000000
491.62280779509400 738.48107993333800 0.00000000000000
762.74654460206700 824.38101695927100 0.00000000000000
632.52293041302000 249.48782796217700 0.00000000000000
63.54331985717920 822.97843043876900 0.00000000000000
60.05048527983540 800.20461580188900 0.00000000000000
593.47188493225700 593.24756990600100 0.00000000000000
1108.05041422079000 459.30324182819800 0.00000000000000
515.16339833799800 890.63557354238600 0.00000000000000
455.75108450757300 855.41283660553500 0.00000000000000
1261.57660523643000 106.29062435281100 0.00000000000000
1026.85885164739000 164.42951987376500 0.00000000000000
59.52959523590860 443.97444579015000 0.00000000000000
552.84302526251000 298.04494759999100 0.00000000000000
1049.61242662507000 201.84232394880400 0.00000000000000
609.41053909329200 375.77308361177900 0.00000000000000
1295.06345625493000 608.84118737791100 0.00000000000000
891.16533676677300 788.57057839722200 0.00000000000000
590.38288058707800 631.29448430054400 0.00000000000000
438.95374277115300 444.74866334900100 0.00000000000000
202.17317859267000 19.45009737392410 0.00000000000000
625.06943950253900 103.25446544588800 0.00000000000000
610.44684961139600 115.79732705039800 0.00000000000000
1249.82864684061000 145.38697423344600 0.00000000000000
383.74611633042500 266.52498675571700 0.00000000000000
1060.73066162163000 851.63767116979700 0.00000000000000
344.30382294707900 140.60955036185600 0.00000000000000
827.45506288562100 648.14771579010100 0.00000000000000
1238.49984327636000 463.54462288765900 0.00000000000000
1248.83397677054000 486.31838577157100 0.00000000000000
223.92212221232300 556.42590887867900 0.00000000000000
921.50351642746400 70.64727591180590 0.00000000000000
1289.05554548740000 90.84351207446370 0.00000000000000
47.29182890461940 126.29235137651000 0.00000000000000
555.82842410240400 647.96934166204100 0.00000000000000
56.19247071227960 890.57095419507500 0.00000000000000
819.67229493109000 188.43340989311900 0.00000000000000
1113.93008054500000 581.22686477023700 0.00000000000000
90.60215849473490 265.79788967936400 0.00000000000000
518.28024238064300 619.47691086920100 0.00000000000000
301.95368473577400 531.16322740600900 0.00000000000000
25.21488654343430 95.79226164022400 0.00000000000000
351.12929004979500 489.83886252695400 0.00000000000000
1312.62170770861000 689.84881619596000 0.00000000000000
106.97569594304800 813.72320444847800 0.00000000000000
515.68584393056200 553.89001023019400 0.00000000000000
1142.24556796568000 199.20981888925100 0.00000000000000
1281.41390246222000 538.46815151205900 0.00000000000000
501.79668239470600 364.22711715564900 0.00000000000000
139.50871254539500 796.59869149671300 0.00000000000000
582.37949951251300 576.51789924754700 0.00000000000000
1261.03207033048000 690.15972127596500 0.00000000000000
503.58647734905000 198.66095468635500 0.00000000000000
1251.42823531926000 24.09485452893890 0.00000000000000
1056.40025006727000 231.54780033153700 0.00000000000000
71.56791958331980 328.86538244617100 0.00000000000000
1312.16953751112000 804.72111265033500 0.00000000000000
315.61599048362200 697.73447290093200 0.00000000000000
622.21390861859100 614.18201319450400 0.00000000000000
1202.94699021404000 797.05984212861000 0.00000000000000
251.47332360952600 114.60610831895000 0.00000000000000
1234.27440105834000 652.81045613991500 0.00000000000000
18.83881632468270 327.92851255763200 0.00000000000000
244.45707827922100 479.57654820998000 0.00000000000000
319.96226170206000 561.09301341119900 0.00000000000000
288.09161812811500 733.56229060185600 0.00000000000000
25.02569993776110 631.07496012244200 0.00000000000000
804.40169362590100 304.39246362871100 0.00000000000000
475.49432549079200 89.00997280822530 0.00000000000000
1103.20150483082000 384.30652492511000 0.00000000000000
382.25135491164500 753.58882403576200 0.00000000000000
632.21686228287600 486.21970593330800 0.00000000000000
576.29868366788500 140.99519599417600 0.00000000000000
1071.08240567048000 653.33488941617500 0.00000000000000
20.14885513396290 823.98760489244200 0.00000000000000
1174.06004411049000 279.65512399442200 0.00000000000000
371.01142056755400 115.08063152295100 0.00000000000000
486.90238530888200 388.62950440283700 0.00000000000000
218.76837436591400 514.35622399468200 0.00000000000000
582.09141808223700 610.34973306746800 0.00000000000000
724.71370206271600 268.48391547214900 0.00000000000000
713.88950445558500 616.52028609493500 0.00000000000000
377.36045176199400 396.87764338429100 0.00000000000000
1150.54299471114000 551.42128395383200 0.00000000000000
798.22504928156000 833.11979988095900 0.00000000000000
1351.50185881982000 803.45761471426700 0.00000000000000
1154.76537874592000 292.53785455803600 0.00000000000000
268.77518365337200 121.68002808397100 0.00000000000000
374.07104216579800 162.96859983177700 0.00000000000000
911.92310764793500 521.47754966434000 0.00000000000000
1247.49349400470000 254.53560946940700 0.00000000000000
907.96121272314000 383.91063907954800 0.00000000000000
408.55400178982100 20.90026067507050 0.00000000000000
51.30373342677670 291.33164841503400 0.00000000000000
668.31919490941200 439.07602093405300 0.00000000000000
936.24005487574600 855.36922509377000 0.00000000000000
280.35198789373400 776.27732685342600 0.00000000000000
121.56655111124100 738.82383398468900 0.00000000000000
25.68076975425040 377.96317707170100 0.00000000000000
127.62155318163700 625.64748357803900 0.00000000000000
755.10428120146100 602.49770261286600 0.00000000000000
1262.04245014002000 896.14216652110800 0.00000000000000
287.44338070509100 487.28330387720400 0.00000000000000
1049.82952651795000 512.21239126300800 0.00000000000000
1319.75451592027000 62.48635085218390 0.00000000000000
1151.43265839481000 74.57896742525270 0.00000000000000
18.74857667063510 861.45792372944700 0.00000000000000
684.54747543680700 814.95900539791000 0.00000000000000
328.92892017848900 14.55281696574600 0.00000000000000
1322.77132549449000 552.36722775210000 0.00000000000000
576.56237923639900 857.80509913204100 0.00000000000000
481.43266103421100 157.81223498430200 0.00000000000000
524.15873671636800 571.91665883158800 0.00000000000000
1348.27817566314000 523.95118008992100 0.00000000000000
442.04852529674700 204.35637353852700 0.00000000000000
1071.14212669589000 460.59610061372100 0.00000000000000
1072.03324076076000 729.85886030646700 0.00000000000000
426.98873237627800 314.87036325562400 0.00000000000000
22.87556634125660 418.76968881777200 0.00000000000000
898.82632599377500 674.20152497115800 0.00000000000000
919.76678881264700 227.58921442682500 0.00000000000000
1296.00346107734000 397.83955540956500 0.00000000000000
626.11282990633600 302.70383259652300 0.00000000000000
573.39106449264700 276.52356472928000 0.00000000000000
494.47842367200400 638.78755342415900 0.00000000000000
495.35725193103800 515.82192683905000 0.00000000000000
825.58685372913500 676.19602402408300 0.00000000000000
440.60685086242200 79.78540993253390 0.00000000000000
1008.23162504396000 708.51511275875600 0.00000000000000
1123.90663476643000 710.30561927344400 0.00000000000000
1136.32867842293000 111.46236905829600 0.00000000000000
1268.63496428810000 708.82348022013400 0.00000000000000
273.66760386061200 751.93689392747700 0.00000000000000
1167.55468299054000 632.02366036436500 0.00000000000000
350.60126365072900 327.57586263232400 0.00000000000000
972.54845815452000 459.60813385557600 0.00000000000000
673.63214534545400 337.94078719424300 0.00000000000000
529.45788007059800 504.27678720555500 0.00000000000000
767.66407860035200 767.95117436170400 0.00000000000000
869.28702525156500 405.99090700317200 0.00000000000000
415.61596873368500 508.95156683538100 0.00000000000000
317.88790240295700 65.33539116021000 0.00000000000000
739.55340367429900 303.42627294939800 0.00000000000000
348.21491299971400 265.33219174725000 0.00000000000000
42.97745713429300 484.94652404941800 0.00000000000000
729.22267506397400 776.64069409197100 0.00000000000000
453.96032587199700 491.43799334202400 0.00000000000000
1350.80397578701000 892.25625756173200 0.00000000000000
864.20407403964600 675.29056413536800 0.00000000000000
443.38902241588700 596.11914259821800 0.00000000000000
527.79662649791900 279.14082844402400 0.00000000000000
98.89840027338230 737.12955884916100 0.00000000000000
171.85748402530200 323.49892436566200 0.00000000000000
241.12496832322000 758.83375081528200 0.00000000000000
986.94005778482800 53.78753794842830 0.00000000000000
1229.43849741545000 702.47058731058200 0.00000000000000
1351.87780043431000 587.36862746578100 0.00000000000000
132.96840893066200 198.55779145289400 0.00000000000000
857.09344634436100 865.76586248137900 0.00000000000000
1023.67070101033000 603.12533324572900 0.00000000000000
99.84426471801510 706.84271352259400 0.00000000000000
1095.47112130704000 863.88304933008900 0.00000000000000
783.57967508836100 308.32659954152400 0.00000000000000
19.62150950261560 448.04751138354200 0.00000000000000
984.87692537293700 492.40383105023000 0.00000000000000
349.86020308647600 95.36820233811960 0.00000000000000
137.48671675242600 518.24304452839200 0.00000000000000
121.73299453458700 479.06478561603700 0.00000000000000
1196.50085959484000 308.72376272996200 0.00000000000000
1315.90347751058000 628.10004149741400 0.00000000000000
1179.23164415040000 222.39498124913900 0.00000000000000
507.57918345478500 461.54277299698000 0.00000000000000
726.91096770228200 636.26252772149500 0.00000000000000
62.63379696247400 90.06004117877090 0.00000000000000
310.41684651664000 733.96917158240100 0.00000000000000
251.43972278855700 688.33583685897600 0.00000000000000
319.87376187200100 663.91350260605300 0.00000000000000
144.41472171034000 248.69988620314100 0.00000000000000
118.04774583428700 772.98472026638000 0.00000000000000
625.90106567093600 335.28254790291500 0.00000000000000
1020.22980706896000 131.40514618729500 0.00000000000000
965.51792973000800 896.06511106541600 0.00000000000000
81.27750932814180 465.57355127414100 0.00000000000000
88.33335867880420 61.00853933489280 0.00000000000000
221.63671098800900 720.06546552730500 0.00000000000000
717.57497570521700 47.83301706616030 0.00000000000000
259.54853203877000 709.63516528769500 0.00000000000000
1014.44770069068000 291.16767503264600 0.00000000000000
311.96014829705600 323.98940299751100 0.00000000000000
1099.04801126863000 792.23321245766700 0.00000000000000
55.54573788435220 756.21227990247400 0.00000000000000
590.81998020112600 721.17498092207700 0.00000000000000
494.46015657918200 591.80259857444000 0.00000000000000
892.75974479802000 154.16645342757800 0.00000000000000
931.44947624529600 781.22474242301100 0.00000000000000
698.07595786697100 287.65251509647900 0.00000000000000
1202.61372595678000 195.92615980315300 0.00000000000000
856.94017516901800 305.05052634081100 0.00000000000000
1049.62535512698000 535.75313394053600 0.00000000000000
285.24286073557700 619.64641787114000 0.00000000000000
798.68193497028100 749.99526025626200 0.00000000000000
57.99288045017660 688.35246336514300 0.00000000000000
588.08620523249600 491.29563747767600 0.00000000000000
927.12954345582100 372.70917409536500 0.00000000000000
560.49556148531200 126.12680075815300 0.00000000000000
109.99849168052800 664.66961433198300 0.00000000000000
721.83217482259700 83.56662265538850 0.00000000000000
1046.53096048086000 164.71055199030700 0.00000000000000
219.95372854841200 404.93702152749400 0.00000000000000
837.40570205696000 498.86757645313600 0.00000000000000
115.92898852436000 418.12341334468300 0.00000000000000
280.27795012189300 713.11543882828200 0.00000000000000
1313.18143204705000 829.42603242538800 0.00000000000000
437.17789426613700 236.18665791694500 0.00000000000000
1200.85941713306000 138.15726599139600 0.00000000000000
242.40270617985500 374.56196432930100 0.00000000000000
1087.21388065737000 897.66860331071600 0.00000000000000
633.61452357573500 410.94379461309900 0.00000000000000
1352.84344986796000 624.66553860426900 0.00000000000000
784.11453389442500 795.64471023908200 0.00000000000000
290.15742731466900 91.94456226461730 0.00000000000000
322.19823034795400 246.88213297600600 0.00000000000000
1173.76867190409000 467.69460019425500 0.00000000000000
739.08191960971100 796.67894612482100 0.00000000000000
602.53345629664000 77.22369976838550 0.00000000000000
492.60855317369000 481.42507445309800 0.00000000000000
891.23741635613900 212.44008716657300 0.00000000000000
739.90092931731500 142.13537978744100 0.00000000000000
271.03866644672700 209.77034635079600 0.00000000000000
248.62171736344200 539.69979922832500 0.00000000000000
1122.70312760709000 189.87124961878200 0.00000000000000
1353.01474093777000 863.85532001112100 0.00000000000000
805.49114846512400 342.53896781667800 0.00000000000000
747.27265407659100 417.74864196631800 0.00000000000000
463.25839612981000 310.10437899976600 0.00000000000000
1057.91191267040000 377.09296491231900 0.00000000000000
1351.01858559618000 397.16166652481800 0.00000000000000
490.74855477886200 801.26220697658900 0.00000000000000
499.91959774186000 265.61428741344900 0.00000000000000
879.46265450428300 889.56848109551500 0.00000000000000
1348.94075349442000 655.50320739963100 0.00000000000000
635.18310368452200 169.63158758461200 0.00000000000000
772.97526592737200 285.47641815571900 0.00000000000000
726.46150122587600 443.26040022962900 0.00000000000000
862.32205841530200 529.17228788208100 0.00000000000000
49.09616613845670 854.62894845251300 0.00000000000000
246.46585778366100 823.74260940808200 0.00000000000000
21.52780988012640 193.28145021495500 0.00000000000000
243.29512131405200 788.99181632184300 0.00000000000000
548.09825434380300 17.63781569733580 0.00000000000000
832.13800635499600 587.70821166005600 0.00000000000000
900.18365547092600 546.48432917382800 0.00000000000000
136.80056959912100 834.09058252229000 0.00000000000000
1042.07473349524000 264.18065377626400 0.00000000000000
174.23860702984200 180.05885403828500 0.00000000000000
45.84811982422320 568.58599039100800 0.00000000000000
1184.42882201770000 344.00998816227200 0.00000000000000
991.84241373852800 451.47082388197400 0.00000000000000
283.84718976934400 227.27657429100600 0.00000000000000
1187.98033580942000 17.25654747780130 0.00000000000000
624.30601086059100 507.40545076808800 0.00000000000000
713.77430630058700 544.95584027736400 0.00000000000000
573.22479279271800 659.99088825088100 0.00000000000000
157.62278642873300 280.72479331364700 0.00000000000000
383.99709763601700 322.77714352222700 0.00000000000000
1207.41414052779000 530.89982203166800 0.00000000000000
1081.32239052768000 593.84302665672400 0.00000000000000
686.05114608004500 716.79659725343600 0.00000000000000
163.53970036304300 733.36206533380700 0.00000000000000
182.69864347656300 725.17216092298200 0.00000000000000
1182.73187945040000 599.88379404932200 0.00000000000000
1162.86988649640000 689.84296477171700 0.00000000000000
1350.83417234620000 827.99570582647100 0.00000000000000
1168.64136066299000 758.43330482961000 0.00000000000000
563.60082728656900 726.65941127344700 0.00000000000000
293.53437431269200 695.79599145404800 0.00000000000000
650.66118285465100 208.51881541046800 0.00000000000000
334.84695996429100 826.87288576059300 0.00000000000000
418.02981814055600 111.26377306028800 0.00000000000000
1232.10807861311000 859.22925729965100 0.00000000000000
380.78745471060700 47.89788883472800 0.00000000000000
919.99442408022400 562.23050445481000 0.00000000000000
807.21640876871900 258.01172431132800 0.00000000000000
291.33394379625500 318.94241806008100 0.00000000000000
1322.06503105323000 492.83567990902500 0.00000000000000
972.81725267826100 721.61135734934700 0.00000000000000
513.42093755389500 746.95660780040300 0.00000000000000
1205.86595285669000 894.09538832738800 0.00000000000000
86.20970641771320 608.26852803983200 0.00000000000000
139.82248442764600 436.92072304808900 0.00000000000000
370.19686536077300 839.21218852448600 0.00000000000000
889.81265070512500 827.28343459379300 0.00000000000000
1293.14844637533000 253.54631949765500 0.00000000000000
310.20435047418300 85.31560315929700 0.00000000000000
786.80147896903600 716.73252321951400 0.00000000000000
925.91232921445200 437.84913061132100 0.00000000000000
1353.42631423445000 228.12868436045100 0.00000000000000
766.31012500987900 684.46520938408900 0.00000000000000
381.27239262979600 578.84547780781100 0.00000000000000
1211.65797652567000 45.89413760368680 0.00000000000000
111.88834741255100 263.07557144148600 0.00000000000000
786.29367429495600 381.07467940998700 0.00000000000000
926.64905777777300 158.66628435737500 0.00000000000000
869.43242616920400 20.71053491080730 0.00000000000000
1099.87416309193000 622.00178451371100 0.00000000000000
1194.06428688758000 287.58125587871500 0.00000000000000
860.22473229389800 184.05761187974000 0.00000000000000
719.83816742950000 342.42379788281400 0.00000000000000
1086.93412328123000 523.80440191033500 0.00000000000000
1263.80383455825000 503.51074397894900 0.00000000000000
1012.50072336590000 765.34767942121400 0.00000000000000
835.36244507542000 741.34612144571000 0.00000000000000
370.06340541030000 455.38768257874200 0.00000000000000
1107.57415934200000 835.02515649003800 0.00000000000000
1056.65684840007000 609.27490658853500 0.00000000000000
436.60522516022000 851.35012159399400 0.00000000000000
1069.06228536392000 633.87276444272400 0.00000000000000
684.10466724391500 401.49290131991400 0.00000000000000
993.14961855093500 823.20473666142000 0.00000000000000
1114.67004530212000 524.30389707632800 0.00000000000000
1079.10803105860000 144.36704069379500 0.00000000000000
99.83855692855260 187.03734614835900 0.00000000000000
311.20971734728600 790.76409562807800 0.00000000000000
67.46127824970100 51.46038063565440 0.00000000000000
1102.05233808752000 20.34261945747930 0.00000000000000
106.11593684125500 304.43213030861700 0.00000000000000
782.23375169887300 405.98725416394300 0.00000000000000
921.97214862278600 621.68034741094000 0.00000000000000
1325.61041362041000 246.81242385868900 0.00000000000000
721.80641681351000 815.27646236165600 0.00000000000000
895.48386386013700 190.45743840674000 0.00000000000000
992.27185846527500 353.09300464408300 0.00000000000000
223.76226427933000 49.50279437588440 0.00000000000000
372.28229466210600 646.29857909908200 0.00000000000000
615.79133504734100 660.27362997185600 0.00000000000000
975.68967657456900 859.58885476537700 0.00000000000000
525.73357856701300 710.94700650564600 0.00000000000000
591.20981212757400 532.45966748190400 0.00000000000000
406.74171458918200 370.30396441610200 0.00000000000000
214.70394114459900 318.55687435721000 0.00000000000000
634.99266969850900 868.95352966585500 0.00000000000000
1244.80249194027000 611.79580227003800 0.00000000000000
1275.19264895563000 825.12835923630300 0.00000000000000
891.18440722327500 351.28254466710500 0.00000000000000
1150.10575512789000 577.32392289940100 0.00000000000000
638.79004551828700 688.44920750289800 0.00000000000000
250.94019428019000 866.45803927425600 0.00000000000000
1242.87230570982000 813.07792379308400 0.00000000000000
455.01006585507800 658.28426582307100 0.00000000000000
304.25743805781700 125.39169881267300 0.00000000000000
1026.57044832083000 91.00811743799380 0.00000000000000
922.84516532024500 822.42806811078200 0.00000000000000
81.30240681242460 831.77994715475000 0.00000000000000
127.43088479919100 815.25884884060500 0.00000000000000
510.99566162500600 772.67093549143300 0.00000000000000
480.06322220643900 441.12169459243400 0.00000000000000
626.62976044280000 833.62488595072800 0.00000000000000
522.26677155897500 805.77305489457100 0.00000000000000
87.11787073692730 288.04608049586200 0.00000000000000
450.17380215161800 405.05974998323000 0.00000000000000
562.12939621739600 52.15793824382310 0.00000000000000
1326.23599907040000 764.55304992610300 0.00000000000000
753.91779202613100 670.22027401934200 0.00000000000000
396.01672683844800 894.61777054137500 0.00000000000000
1090.80780618985000 85.37377382066870 0.00000000000000
751.78719530782000 379.39949161551600 0.00000000000000
442.73942981713800 760.94627286321200 0.00000000000000
472.23547141305500 766.61377560358000 0.00000000000000
979.18084188380400 168.40133273345800 0.00000000000000
405.85260706121500 677.31597940327400 0.00000000000000
802.40769372006800 53.41854967155810 0.00000000000000
325.23365704465600 289.27274116020000 0.00000000000000
1080.48912294942000 694.18289876152600 0.00000000000000
232.79583088295100 897.26088564409100 0.00000000000000
376.95091791620900 207.34132069657300 0.00000000000000
1159.99938330604000 312.34308770000900 0.00000000000000
857.33246670276300 268.38770472252600 0.00000000000000
93.04182098210220 641.05595579879200 0.00000000000000
859.17816009955100 651.65257540583200 0.00000000000000
1233.63489165380000 303.70117454381800 0.00000000000000
801.64741113835800 156.91956280762500 0.00000000000000
16.59137057293430 229.23422511943600 0.00000000000000
744.89717623013200 16.10870832559100 0.00000000000000
827.26194577022100 782.02511738281200 0.00000000000000
499.31278487812900 93.29473159464020 0.00000000000000
844.35291105585900 52.96360608812070 0.00000000000000
1283.15774864228000 469.86875538336300 0.00000000000000
1111.17143223154000 110.94995305096000 0.00000000000000
1022.91392657840000 839.83570208825500 0.00000000000000
743.11272620771500 839.08348107229400 0.00000000000000
286.42485816309300 112.80988219092500 0.00000000000000
652.82010183258300 703.31118525086500 0.00000000000000
1327.58475431184000 327.75548770290900 0.00000000000000
1137.50040583225000 387.77154715615100 0.00000000000000
1115.02019385473000 798.69687832193500 0.00000000000000
199.43896255458300 206.04901140030500 0.00000000000000
215.44661542830000 220.41416186640900 0.00000000000000
276.85314843445900 189.17671635211400 0.00000000000000
19.39736971671150 285.77693934460900 0.00000000000000
1189.35938596748000 495.26016121351900 0.00000000000000
621.56208007149400 554.93749478190300 0.00000000000000
1210.25057224471000 275.98240141307300 0.00000000000000
599.98209217319900 472.00226580643500 0.00000000000000
227.98651441089000 139.45506425426400 0.00000000000000
778.64550237225500 536.19007360511300 0.00000000000000
699.24975274356200 488.99750861386800 0.00000000000000
1135.85082010170000 257.04975441244600 0.00000000000000
606.14787205375900 898.73623150129100 0.00000000000000
588.80863758707100 314.23792010505300 0.00000000000000
797.95699999735400 90.93781480322610 0.00000000000000
183.31478012208500 530.22095659021000 0.00000000000000
133.94706704565300 335.73423148550400 0.00000000000000
872.32983547730400 44.73143825307210 0.00000000000000
1108.01483344019000 717.91002615172800 0.00000000000000
1150.97669735954000 781.44485173789500 0.00000000000000
42.36457375970210 415.25115143306700 0.00000000000000
985.48224958066200 735.26696375522400 0.00000000000000
1052.48482697500000 780.51177263396300 0.00000000000000
1297.27678614101000 371.16081882007300 0.00000000000000
925.72622861787000 898.88119106121100 0.00000000000000
335.96773429938100 522.22833848375100 0.00000000000000
999.31875265888300 609.48718712200100 0.00000000000000
388.86233611901300 466.99795280632300 0.00000000000000
380.86494546558300 801.49695881459500 0.00000000000000
369.76116956279100 534.33851240079500 0.00000000000000
845.04648747035200 688.52940179683200 0.00000000000000
184.41174692314400 391.94593094779700 0.00000000000000
723.06660527354700 684.15452114613200 0.00000000000000
997.85976700532800 18.69810524756980 0.00000000000000
784.67710230971200 346.84570197335300 0.00000000000000
744.84028561311300 397.79310647955200 0.00000000000000
683.77184466979800 631.34708533450700 0.00000000000000
1088.26227489048000 167.56972792580900 0.00000000000000
994.65040062963600 671.52085682498600 0.00000000000000
723.92308808665300 737.36755191602400 0.00000000000000
572.08679002924800 768.71841558970900 0.00000000000000
225.22053746005200 677.14175037733200 0.00000000000000
672.50607209635600 663.72114895888200 0.00000000000000
627.95006746764300 17.19408802135560 0.00000000000000
1016.72873321418000 797.00937835640100 0.00000000000000
779.37868536351800 865.25087236877500 0.00000000000000
1217.42446895038000 428.45832396149500 0.00000000000000
1130.03961754885000 680.80740294653900 0.00000000000000
459.33210752831900 537.24268605913700 0.00000000000000
706.71047552678700 576.73830640753100 0.00000000000000
473.64764530637400 120.07193961548000 0.00000000000000
1264.30480596401000 272.94955176291300 0.00000000000000
239.83467657297800 197.77789642032200 0.00000000000000
943.61950867306600 691.68845170312700 0.00000000000000
314.33922255418500 378.34884617461900 0.00000000000000
955.21394575041600 299.69708959413200 0.00000000000000
528.74091612369400 326.98840306649800 0.00000000000000
890.53551119961300 284.15364961187200 0.00000000000000
57.27777448418000 268.25262074664900 0.00000000000000
555.73149095589100 354.43868725388400 0.00000000000000
204.11365725687200 387.50536640477100 0.00000000000000
614.68540778595800 630.13049484528800 0.00000000000000
558.86709740258300 507.29146828642300 0.00000000000000
336.30480975368100 401.03057526519900 0.00000000000000
1352.22406615401000 562.90393701921200 0.00000000000000
440.57050920829800 145.21337827039300 0.00000000000000
266.01993484369100 52.48269213997970 0.00000000000000
764.46462631950300 499.00353313892600 0.00000000000000
419.14073195459100 201.89878929884200 0.00000000000000
1029.89372194766000 353.67334766062200 0.00000000000000
1048.46920351840000 334.51518826858100 0.00000000000000
710.69914230357700 750.21914709564700 0.00000000000000
1246.44619668904000 183.17660167071500 0.00000000000000
728.21705127083000 899.90410982640800 0.00000000000000
483.26243314807100 894.41049005514600 0.00000000000000
455.56073413175300 269.27195795696000 0.00000000000000
410.01072614690100 305.15023248116300 0.00000000000000
308.92016438601900 201.23260383396400 0.00000000000000
561.35229438542500 231.36207256410800 0.00000000000000
1267.61974883855000 586.13556394625000 0.00000000000000
627.37791882103100 804.27613522351200 0.00000000000000
1205.83074459227000 409.18207418789400 0.00000000000000
782.20922186632600 15.33210131766790 0.00000000000000
835.44556305620200 428.63567963948200 0.00000000000000
1202.44762606333000 860.65314349862300 0.00000000000000
494.01322412220200 23.69724496893370 0.00000000000000
1355.37706993238000 741.46076115766500 0.00000000000000
209.07155768912200 869.16384490204900 0.00000000000000
717.98362394104200 314.71649776331400 0.00000000000000
858.66603088249300 203.89286120745600 0.00000000000000
302.23740390159600 558.48655207146600 0.00000000000000
947.69832326084000 403.60140383634600 0.00000000000000
773.12254737074500 440.13470890606100 0.00000000000000
876.56002387225800 317.81191545843200 0.00000000000000
1271.16466488219000 862.12489350280800 0.00000000000000
887.54209039187900 635.84200903022900 0.00000000000000
1071.38835132430000 356.89394978300000 0.00000000000000
661.33182990561100 567.39131989723100 0.00000000000000
391.54454383155400 177.62643562065700 0.00000000000000
708.95156697329300 380.22338202958700 0.00000000000000
859.01040937015100 477.55745420469400 0.00000000000000
1213.92860721186000 344.93171403441900 0.00000000000000
284.37112162066300 814.44445591209100 0.00000000000000
570.20451301050900 899.84502742358100 0.00000000000000
879.94755724164600 173.04499261009400 0.00000000000000
544.15023785730100 409.32027650682700 0.00000000000000
1227.49270270626000 894.31696115957300 0.00000000000000
352.14410583810300 467.39227441658600 0.00000000000000
1187.07543294001000 245.00504170326000 0.00000000000000
261.30825322810600 171.42263359599200 0.00000000000000
147.48052970838600 59.01512809179650 0.00000000000000
962.68850939123700 16.74683623970220 0.00000000000000
977.84383085413200 657.24212272170600 0.00000000000000
516.66906630028500 518.28905200796400 0.00000000000000
329.06436274081600 620.45080523828200 0.00000000000000
887.85428354764900 102.81943761776100 0.00000000000000
572.39706664151000 789.80955924243500 0.00000000000000
1056.46667286364000 182.67240731812800 0.00000000000000
1084.99470304638000 426.69347355119900 0.00000000000000
1326.12610835179000 136.77846308388400 0.00000000000000
1327.40968761129000 591.82723760670900 0.00000000000000
566.92860359469900 164.21268376473200 0.00000000000000
514.39559438756100 673.93412077943100 0.00000000000000
792.82385588608700 669.42305872950000 0.00000000000000
776.42522763719800 475.09618910752000 0.00000000000000
803.24235242241400 480.03480037712800 0.00000000000000
1133.08704002580000 353.62662663334800 0.00000000000000
1113.31879831676000 410.92087079156400 0.00000000000000
1315.49170285834000 867.09519997880600 0.00000000000000
977.42403654477900 755.20023120009500 0.00000000000000
618.91178816762900 188.46811909187300 0.00000000000000
687.55799021387700 100.17659605601800 0.00000000000000
1220.49377225704000 786.83432933555000 0.00000000000000
401.36160612769400 818.46278622059200 0.00000000000000
424.35657536715200 586.26185794982100 0.00000000000000
88.01215825332630 18.16306871603080 0.00000000000000
411.12968051848800 425.04914892857200 0.00000000000000
1327.55095679475000 658.84798631406100 0.00000000000000
1145.88496167362000 416.44491220148900 0.00000000000000
460.76649817363200 580.15581839277300 0.00000000000000
1238.18037624714000 393.71447795780800 0.00000000000000
831.85073032642600 543.02456399980800 0.00000000000000
988.62917299834400 320.61476876390500 0.00000000000000
1155.35370124826000 162.50169913430200 0.00000000000000
1281.35723193946000 159.76619586783200 0.00000000000000
98.81285442180130 430.17773182998900 0.00000000000000
994.01388018005700 90.33140481073050 0.00000000000000
785.87912273866300 896.67733045325300 0.00000000000000
666.14033689253500 66.89004209567950 0.00000000000000
1101.16814734299000 44.19286509007100 0.00000000000000
578.72613617574900 198.81708242891300 0.00000000000000
148.19694490880100 895.96362930866400 0.00000000000000
1290.42732893305000 54.29245186463910 0.00000000000000
569.01878186459800 491.63375915409900 0.00000000000000
241.23492538086500 236.58400649371000 0.00000000000000
961.95526903955300 134.36071806988800 0.00000000000000
802.96335279726200 179.82488729644800 0.00000000000000
81.78833086421900 128.52302123705700 0.00000000000000
799.66554396231700 446.42795022977400 0.00000000000000
15.66263912806600 510.54938358891700 0.00000000000000
610.00895440774100 48.87047019692630 0.00000000000000
917.59304237913600 100.73071958641100 0.00000000000000
281.63527354601800 528.49414534758300 0.00000000000000
128.67764680349600 375.28311813881900 0.00000000000000
937.48149761262800 475.25009688459100 0.00000000000000
964.80201144921200 354.50065402753600 0.00000000000000
129.38530527781100 606.43735621737600 0.00000000000000
990.49469186411600 156.24980627668100 0.00000000000000
879.47422687811300 579.81729059177900 0.00000000000000
545.87943919697600 866.95542185374400 0.00000000000000
305.76640381759800 413.08774451814700 0.00000000000000
1187.49519872308000 204.19605717701400 0.00000000000000
1154.66718369920000 504.23083796857200 0.00000000000000
557.49596585212400 547.29664187576300 0.00000000000000
391.42821891974200 550.48633152358500 0.00000000000000
891.56722290834900 414.83603113388500 0.00000000000000
524.84178402381000 844.87673649502500 0.00000000000000
743.50539605506900 237.73375202140000 0.00000000000000
266.52164539941700 612.38488421505100 0.00000000000000
506.69910446012500 112.59634233803400 0.00000000000000
1165.14647773076000 796.54961376054700 0.00000000000000
115.17979131453900 892.56997361664200 0.00000000000000
828.13950033167600 135.51182694210800 0.00000000000000
465.37885996322400 452.44573380124400 0.00000000000000
353.29199984289900 76.72107613948770 0.00000000000000
279.03804822873500 387.49470374964900 0.00000000000000
430.54551103062200 377.81605973020200 0.00000000000000
1137.20844462347000 744.15082056512500 0.00000000000000
753.19648264533000 620.95007596393300 0.00000000000000
476.90530868998200 609.60061709121000 0.00000000000000
79.42240965725160 862.59792420109400 0.00000000000000
1184.02617642823000 570.90485027356400 0.00000000000000
177.16322943198200 766.73202597473300 0.00000000000000
382.52719361016100 724.03363359997500 0.00000000000000
370.42862851790900 709.51716865347800 0.00000000000000
867.15008030605400 712.61742964538300 0.00000000000000
268.61403015335200 407.07926029278600 0.00000000000000
828.00291176568400 355.42339163408000 0.00000000000000
410.14945686875800 61.59629051845410 0.00000000000000
538.69324423361000 101.77003752246700 0.00000000000000
63.48086689368890 734.74735511360300 0.00000000000000
1217.80709555888000 228.94159240541800 0.00000000000000
258.34171682808500 579.64006087178800 0.00000000000000
1352.23802848269000 363.36121695107300 0.00000000000000
520.83504586141500 49.95038971323540 0.00000000000000
672.08316967905500 163.51119150835300 0.00000000000000
521.07372186500000 373.41133974612300 0.00000000000000
709.33798941234200 18.65131462221810 0.00000000000000
1053.65918275116000 147.52616966130600 0.00000000000000
340.33485018222700 760.77417224577900 0.00000000000000
581.33392008871700 21.76900615062900 0.00000000000000
342.79836267355300 726.18272662447900 0.00000000000000
77.01472909244640 364.69772037793800 0.00000000000000
642.03815753245700 278.14917870223300 0.00000000000000
342.58975908773800 281.50969331210700 0.00000000000000
1165.46195106647000 46.83642679123670 0.00000000000000
18.10309807240050 701.08018939547900 0.00000000000000
1158.55294639171000 711.10511033869200 0.00000000000000
1212.48063295211000 82.99732228784550 0.00000000000000
460.01128172221900 245.73940415773400 0.00000000000000
790.02980086696400 265.67932249812200 0.00000000000000
648.77994089829100 642.18652425074800 0.00000000000000
1276.09500230504000 403.53949130693500 0.00000000000000
1263.13553381858000 385.72481455502100 0.00000000000000
999.07754839709700 629.84231784957700 0.00000000000000
721.17619063397300 115.40852363376700 0.00000000000000
299.81581820917600 599.35462976588600 0.00000000000000
1353.99222703180000 147.21242334322900 0.00000000000000
183.03257321606600 251.94152788611600 0.00000000000000
149.87133320212300 478.38602978390000 0.00000000000000
873.14164968645800 219.86232365072000 0.00000000000000
1010.09695793079000 58.17676688200650 0.00000000000000
1324.01230696152000 898.66892736755100 0.00000000000000
544.09781148774800 682.84537150802000 0.00000000000000
845.63053730956100 171.94213793563000 0.00000000000000
268.95665682849700 546.69413057527600 0.00000000000000
286.46548949063300 18.49510614404860 0.00000000000000
1244.84788273478000 104.07525507938400 0.00000000000000
315.12313060830500 754.82553125816000 0.00000000000000
499.77485368756200 53.94082683851870 0.00000000000000
1208.58349726133000 489.25202751192700 0.00000000000000
122.86902522820000 703.27674044572000 0.00000000000000
480.16594828309900 873.61924508327100 0.00000000000000
569.37659592624400 457.41034920082300 0.00000000000000
1164.43723721415000 848.13023028634200 0.00000000000000
863.38448569361200 80.22582819786570 0.00000000000000
1327.34017587077000 210.67066953665300 0.00000000000000
117.98582662158500 459.90826276878700 0.00000000000000
1223.31758271702000 720.68550722863900 0.00000000000000
398.93075186865200 608.01443006662300 0.00000000000000
149.61898353881900 353.37999806148000 0.00000000000000
228.81647789856200 655.56870733334100 0.00000000000000
348.25200791349300 628.48301571391600 0.00000000000000
960.49089484847100 230.54714656504500 0.00000000000000
346.20625695414800 898.96394215466100 0.00000000000000
303.12808705093100 773.84387554565900 0.00000000000000
1319.95279334171000 79.40707848268030 0.00000000000000
170.85738345075600 357.31818909000800 0.00000000000000
1057.30594530491000 69.72141922308900 0.00000000000000
60.66379398766450 620.73818053420400 0.00000000000000
1117.89779289610000 498.87193117952400 0.00000000000000
589.19334529682600 825.88867291941100 0.00000000000000
1061.96520860324000 273.74782197931400 0.00000000000000
1194.82397687999000 666.19593346793100 0.00000000000000
1108.14710818495000 562.52208900934400 0.00000000000000
739.79804492905800 569.07889779374400 0.00000000000000
1270.44857777533000 297.15317358907000 0.00000000000000
650.83374705589000 472.08732189327200 0.00000000000000
142.94211755904000 872.96154787032600 0.00000000000000
67.90346177809750 428.06582130081200 0.00000000000000
837.62805985670500 318.25733194966400 0.00000000000000
1135.15832503758000 635.72740913094100 0.00000000000000
1202.78733524041000 601.67117256489800 0.00000000000000
707.23700628588300 711.92181297857900 0.00000000000000
1215.99491352385000 468.59748311768500 0.00000000000000
1013.28079219078000 515.41921999528700 0.00000000000000
939.82739561117900 715.89810158713700 0.00000000000000
1055.28690971424000 468.93650244841800 0.00000000000000
364.18005614472400 608.83161756298500 0.00000000000000
882.76529032475100 81.06696644491840 0.00000000000000
1032.81143690029000 449.55698290796300 0.00000000000000
1043.26453732741000 898.58847916325600 0.00000000000000
1118.31823258429000 895.75336435870400 0.00000000000000
895.37741445344200 433.97577305647100 0.00000000000000
418.69691049344000 253.71690476242400 0.00000000000000
942.26546313550200 631.39345921354000 0.00000000000000
141.74056306361600 115.74435175837700 0.00000000000000
738.55847539883500 173.94525551391800 0.00000000000000
149.53138237070100 16.23411652652160 0.00000000000000
338.30221500494600 590.29987415567600 0.00000000000000
440.67947916995200 281.92112423425300 0.00000000000000
859.17939789456900 606.49798807870600 0.00000000000000
753.14376158259200 323.24125329753300 0.00000000000000
662.32177881855300 816.33653378547200 0.00000000000000
1014.72546858616000 743.33288795839000 0.00000000000000
284.60419848807700 679.03776011837800 0.00000000000000
1294.56464050613000 649.64608148919900 0.00000000000000
252.29972395852400 317.64626542262500 0.00000000000000
636.03811675488700 521.68326563736900 0.00000000000000
696.39667346431400 83.03257891962880 0.00000000000000
43.10647825115960 454.07988244792200 0.00000000000000
48.82482333028380 834.80554512390100 0.00000000000000
769.73124729071700 159.33971544258300 0.00000000000000
959.08070962731400 759.62093407287700 0.00000000000000
177.60607495288400 217.45474841256500 0.00000000000000
738.30580285733200 870.59165048431800 0.00000000000000
628.18487967527200 368.90267301891100 0.00000000000000
1142.72990173143000 897.44236983116900 0.00000000000000
278.33734431923500 338.50216767360800 0.00000000000000
305.73306780919700 446.88696038982400 0.00000000000000
1199.73157576104000 636.58051393756200 0.00000000000000
836.95349782339300 232.14856449380300 0.00000000000000
971.82329676697900 693.94986120950700 0.00000000000000
1040.02401575988000 240.65641649223500 0.00000000000000
513.21471445116600 19.41683356737040 0.00000000000000
321.39683307115300 99.66098956349880 0.00000000000000
990.31177382787400 770.50124089781900 0.00000000000000
462.06791529443200 371.62625919678500 0.00000000000000
659.32410628796500 736.01929420532100 0.00000000000000
180.24082273308400 592.54195136812000 0.00000000000000
1307.30696495012000 188.99735604593400 0.00000000000000
1076.06531929667000 559.79272019210400 0.00000000000000
207.57094402714300 65.01754222397090 0.00000000000000
216.92944613582800 255.04215564059900 0.00000000000000
809.66576784057900 578.73991615337000 0.00000000000000
1016.05073787863000 220.52392844006700 0.00000000000000
43.40568278589480 790.61710808905300 0.00000000000000
1002.36568831551000 488.46423851727500 0.00000000000000
261.00564585086200 470.32018267793300 0.00000000000000
842.84162119046300 896.49693687173300 0.00000000000000
647.26806957794800 43.33474777764510 0.00000000000000
1128.98778715890000 837.78476112900300 0.00000000000000
125.72155961231900 278.40279611282900 0.00000000000000
1218.95223886913000 163.70457460944700 0.00000000000000
282.00698483316900 285.74118309366800 0.00000000000000
778.28589700380700 644.58255006595300 0.00000000000000
18.99032386161700 263.58373962475800 0.00000000000000
1077.65587161493000 103.06843295985500 0.00000000000000
816.90860112789400 319.72236104540400 0.00000000000000
1280.59182472555000 235.86136555138700 0.00000000000000
429.13084092676500 560.55974442006900 0.00000000000000
900.03262133048000 768.87148364273000 0.00000000000000
200.56454983032500 424.59206798470000 0.00000000000000
1350.10646576705000 115.06907210516300 0.00000000000000
846.31131031339200 781.77084853346600 0.00000000000000
194.65582350298200 660.35218930321400 0.00000000000000
232.47634257749000 116.81591745650300 0.00000000000000
160.87434175579400 664.03562023710500 0.00000000000000
593.53033089974400 437.28386043762100 0.00000000000000
701.65281774547900 870.66521538241400 0.00000000000000
744.87156964407100 531.02095602453500 0.00000000000000
1256.03437297022000 630.76246982114200 0.00000000000000
694.15626369573000 172.59412846719500 0.00000000000000
858.29423158463600 118.24316017730300 0.00000000000000
665.69511696791200 503.46234261278400 0.00000000000000
846.76995288724800 341.41523382491500 0.00000000000000
658.94704850811300 94.61035204395970 0.00000000000000
983.51660915376100 789.95127972453600 0.00000000000000
1018.57767229179000 147.75019063094900 0.00000000000000
83.13559410411450 574.79722056851400 0.00000000000000
1315.73161500100000 345.23265684366900 0.00000000000000
825.18349170587800 75.60466433920930 0.00000000000000
15.78286880963920 544.82287540514600 0.00000000000000
1333.41612509709000 621.03996172217100 0.00000000000000
584.43417302249400 74.72297665767490 0.00000000000000
1229.05886306479000 79.77853681570820 0.00000000000000
525.39690845632000 537.39938369996000 0.00000000000000
840.47322843674100 387.43488618611300 0.00000000000000
1292.84595362036000 859.49579094328100 0.00000000000000
832.88693511885700 455.94769642304300 0.00000000000000
156.24075980597500 423.99392125710400 0.00000000000000
209.03765137321100 573.12892652843800 0.00000000000000
951.70241238010500 777.78891343744600 0.00000000000000
1037.75083054112000 717.04997541799200 0.00000000000000
998.23730900128700 804.40116182112200 0.00000000000000
702.14052302070000 808.14246604354500 0.00000000000000
640.51229318868600 895.98314165564800 0.00000000000000
1113.45963222452000 81.24395228105100 0.00000000000000
994.97303866817700 211.81692362924400 0.00000000000000
256.12038101048300 506.34652813141500 0.00000000000000
1312.83294921567000 44.43256810824630 0.00000000000000
1245.87071786614000 545.79824737615000 0.00000000000000
1015.74631748198000 183.24249994570700 0.00000000000000
677.92742309929800 137.45521645890400 0.00000000000000
100.19614581149500 44.99435040760980 0.00000000000000
745.22497751620000 491.92501758084700 0.00000000000000
45.81118487047240 348.79371307817000 0.00000000000000
187.35406762425300 848.09244022232800 0.00000000000000
1356.98134251793000 271.64850346826400 0.00000000000000
743.59529902736700 342.82968317896600 0.00000000000000
1003.19266236376000 838.81424970673200 0.00000000000000
150.39840001408900 80.85996687825030 0.00000000000000
430.90051201094900 706.61474491440000 0.00000000000000
398.95292898481600 392.53120231645600 0.00000000000000
145.80013366718200 578.60207767087600 0.00000000000000
1026.06595890958000 391.55803953407300 0.00000000000000
1242.51870357530000 528.20447543185700 0.00000000000000
1292.97510738341000 894.97349948975200 0.00000000000000
213.57351663265600 803.68851016869300 0.00000000000000
386.43535344114800 511.06252967085800 0.00000000000000
1078.38387721464000 759.88713119639800 0.00000000000000
1026.04740448675000 862.43935350431000 0.00000000000000
94.01439158337010 331.81504636226100 0.00000000000000
254.03367663054000 745.98422212101800 0.00000000000000
956.89104849460900 319.74082037284900 0.00000000000000
681.02746589631400 848.07584259838400 0.00000000000000
1056.71759546540000 870.12709105206800 0.00000000000000
584.86615419603200 404.58152179836400 0.00000000000000
444.02630171350700 302.90885125629100 0.00000000000000
266.13882472207500 897.14904405879000 0.00000000000000
1142.40645326499000 219.56063333640400 0.00000000000000
1127.27429046501000 600.47638384429900 0.00000000000000
1119.01804031521000 393.37461926245600 0.00000000000000
725.10728483404800 471.58091552422200 0.00000000000000
1289.84152303054000 434.72041643231800 0.00000000000000
611.77201929936100 752.15878133103700 0.00000000000000
795.00402777389200 593.74076986858100 0.00000000000000
245.61072361864900 725.02764356620400 0.00000000000000
906.25835672903300 587.07039977112500 0.00000000000000
443.43336428949200 62.65372409837760 0.00000000000000
462.16775108250400 705.60643731260100 0.00000000000000
1185.63600311837000 788.47043645853700 0.00000000000000
407.12476039370300 220.77204060723400 0.00000000000000
1354.96358472642000 427.25580496004700 0.00000000000000
1284.83138232241000 741.64526865176800 0.00000000000000
909.11622956472200 404.56424418869100 0.00000000000000
440.05654184332500 814.89128489036400 0.00000000000000
155.83400110593500 832.92283597066100 0.00000000000000
997.54301814275600 892.65180199706700 0.00000000000000
300.78505313464800 392.19730069761600 0.00000000000000
1311.17826868244000 645.78891683516500 0.00000000000000
1227.49907458271000 374.49700217662300 0.00000000000000
1267.29595115089000 127.63766658075100 0.00000000000000
1242.04698387954000 686.85764487353800 0.00000000000000
319.84126261430100 468.05573733814300 0.00000000000000
1010.72189946235000 665.34926311710400 0.00000000000000
946.50506905849600 47.76071001977990 0.00000000000000
162.32092487073100 802.72933129172300 0.00000000000000
1030.13977004936000 205.11107942418200 0.00000000000000
757.16394580544900 734.61934440954900 0.00000000000000
337.74957630310700 692.95814715918100 0.00000000000000
1220.25069801063000 13.70735339532990 0.00000000000000
176.48357218856900 70.79452382502990 0.00000000000000
868.17675509199000 443.17435528648900 0.00000000000000
1115.86576124119000 873.57460634002400 0.00000000000000
42.72305328418400 16.64639187072620 0.00000000000000
868.24011731420800 512.21132449165300 0.00000000000000
824.16629165260400 805.62870599169200 0.00000000000000
980.75369447661600 230.23262764258700 0.00000000000000
804.35109961646900 560.88407466424600 0.00000000000000
1092.41165887028000 349.85853591082600 0.00000000000000
1353.57930073307000 486.33395618900900 0.00000000000000
1169.31331198981000 648.73587647191800 0.00000000000000
555.46022627982400 389.96597120310100 0.00000000000000
1295.11222295579000 836.59415399451400 0.00000000000000
619.92437215827500 447.61589791132600 0.00000000000000
1194.43240028089000 376.07741288430100 0.00000000000000
16.76868914754380 361.22758991069800 0.00000000000000
1130.01675369974000 46.60544301629280 0.00000000000000
685.53693184540200 208.18995058847500 0.00000000000000
40.41815948385620 163.77055261783300 0.00000000000000
627.60471570900600 574.08417010773700 0.00000000000000
923.17574720156300 264.33685517171200 0.00000000000000
694.97125104133800 615.38024032577500 0.00000000000000
613.59590769623100 263.20576801014800 0.00000000000000
594.38463049336100 249.05557612958100 0.00000000000000
748.24398142232300 707.40262311182700 0.00000000000000
823.77270404975200 898.07583241693600 0.00000000000000
521.44532309508000 396.81856262615700 0.00000000000000
1069.08235375139000 440.10462748161800 0.00000000000000
476.84532030391300 421.98083599511700 0.00000000000000
1171.94521356068000 259.32260844523600 0.00000000000000
929.36261725065200 16.83911426174000 0.00000000000000
227.95479216058600 445.71923971348100 0.00000000000000
668.76508092227800 195.92886493570600 0.00000000000000
930.41448925566900 195.02944209901600 0.00000000000000
374.53577042486000 770.12041611655100 0.00000000000000
707.09192230574500 148.68176832310000 0.00000000000000
278.55241792233500 470.40669104091000 0.00000000000000
669.02999720698800 597.06312355803300 0.00000000000000
681.84394486144100 761.66433470094400 0.00000000000000
59.71804912574730 869.67642535219300 0.00000000000000
1086.46100942957000 496.79193399199400 0.00000000000000
787.87355021355200 125.95549165216700 0.00000000000000
82.05475181363240 400.49869837044500 0.00000000000000
1122.52670250527000 550.99084848797000 0.00000000000000
1154.87982556405000 250.14010683705000 0.00000000000000
926.95316979132500 354.37455393407200 0.00000000000000
959.04635592221100 261.06599296795000 0.00000000000000
15.13670112641810 588.79901101477600 0.00000000000000
927.35626625628000 414.84915670995500 0.00000000000000
808.64467483570900 108.45626244901200 0.00000000000000
1252.35534117994000 350.38750587099200 0.00000000000000
545.96273571273800 750.59651110888400 0.00000000000000
599.87255245973400 178.57296461202400 0.00000000000000
201.46267812448700 297.83925580813100 0.00000000000000
640.18390805849700 798.21185201294200 0.00000000000000
303.40264160220100 852.45602443396000 0.00000000000000
432.10198993108300 514.69771298892800 0.00000000000000
125.94841021374900 759.87751489224200 0.00000000000000
1212.56428898597000 552.08340913727100 0.00000000000000
413.99851093157100 732.29286783240200 0.00000000000000
726.75102225616000 208.23618693130900 0.00000000000000
650.91559053208500 834.04078427885000 0.00000000000000
1245.62422079448000 273.11757958395900 0.00000000000000
331.50954961032100 312.05957028353300 0.00000000000000
1307.85966964878000 764.66583959481000 0.00000000000000
464.19912238865400 511.34373743551300 0.00000000000000
993.34774592564600 543.31226915833100 0.00000000000000
1151.44132365215000 340.85314280410300 0.00000000000000
342.85902418412000 223.16164617047800 0.00000000000000
1109.07931028303000 653.86777970503100 0.00000000000000
444.87059461143600 425.43027132110900 0.00000000000000
891.13013153127300 845.34620720790600 0.00000000000000
302.69930632572300 220.67160325595500 0.00000000000000
479.95910726914900 541.57734949684100 0.00000000000000
432.86548203523300 395.77796137315500 0.00000000000000
104.65940097667900 168.04131257761800 0.00000000000000
857.75234054876200 143.60146793604500 0.00000000000000
100.57332253417200 797.06087782157200 0.00000000000000
1275.87092202278000 628.68923486135900 0.00000000000000
213.95603010993600 87.95822995709910 0.00000000000000
1076.26218497419000 406.42990544993700 0.00000000000000
336.86068927970800 434.89341435616500 0.00000000000000
357.65872957893000 294.99414672833100 0.00000000000000
1118.92599515162000 617.92943672662300 0.00000000000000
1045.06869697035000 16.41659078557620 0.00000000000000
350.97288271831700 709.95069868415400 0.00000000000000
283.82257429526800 55.96135199551080 0.00000000000000
1330.67203847444000 796.43691155044100 0.00000000000000
1046.36636397899000 573.46264141313600 0.00000000000000
666.19826131320000 298.99839272230400 0.00000000000000
1295.18324940390000 567.51317229612000 0.00000000000000
678.23012353958500 679.06529317241500 0.00000000000000
163.95025938720000 564.02078298169000 0.00000000000000
296.10031543127400 183.51596194424500 0.00000000000000
412.69457194654800 488.22414458409700 0.00000000000000
308.47048631293300 260.76629750559600 0.00000000000000
227.40796165236400 467.96050541733100 0.00000000000000
426.04725537012800 898.24638332892800 0.00000000000000
915.40419668989300 179.80844335248500 0.00000000000000
482.92983843227600 196.80891784681500 0.00000000000000
1079.91495231248000 793.27919881266800 0.00000000000000
838.03998078854000 834.46587732728100 0.00000000000000
1277.11196604350000 602.20447192440500 0.00000000000000
1087.57247372483000 222.23267795177100 0.00000000000000
134.84172623089100 41.10821285514610 0.00000000000000
944.04801445463800 382.39241288181500 0.00000000000000
1296.21603212304000 679.40159664830600 0.00000000000000
583.97765320623900 43.39780838159700 0.00000000000000
759.73251385655400 144.08576101688900 0.00000000000000
186.35460504397800 493.21859622288600 0.00000000000000
1301.47815120930000 307.94010723176700 0.00000000000000
417.96680727522800 807.64878739949400 0.00000000000000
41.10074702002000 255.71106254123400 0.00000000000000
622.00153880751500 84.73317924801890 0.00000000000000
1079.88080820456000 15.13134513193770 0.00000000000000
165.80222097076800 696.18534462109800 0.00000000000000
1325.11463400609000 413.21145025657700 0.00000000000000
1014.61432014334000 573.51851868926900 0.00000000000000
412.46325581225400 406.22082509298500 0.00000000000000
247.03090248494000 339.64320201276200 0.00000000000000
227.35919058511700 340.36349632828500 0.00000000000000
164.32403399937000 114.34659590195100 0.00000000000000
1299.45369889081000 14.47560736270860 0.00000000000000
573.73828265391200 690.90685504803800 0.00000000000000
1229.77285988539000 284.47169596220200 0.00000000000000
1050.59157559156000 682.63187816780300 0.00000000000000
1120.13038007602000 15.29076310106790 0.00000000000000
761.05919853908400 897.15801647638100 0.00000000000000
443.17446220556800 739.45858848700800 0.00000000000000
1261.97245068228000 876.93482585214400 0.00000000000000
276.21172827745600 839.78293801301200 0.00000000000000
116.70978657653400 495.14958617661200 0.00000000000000
75.14718723567190 768.77450014179800 0.00000000000000
358.29312302367600 233.94604185963700 0.00000000000000
1142.74545495881000 90.40772771586190 0.00000000000000
731.04214575544900 548.87351595916600 0.00000000000000
1180.94566261954000 319.17472183877300 0.00000000000000
494.71173649215500 715.08647713101100 0.00000000000000
348.82967480952600 860.44644490007200 0.00000000000000
44.79071699960250 677.57125012989200 0.00000000000000
950.76778060897000 245.73504113870400 0.00000000000000
670.92916502456900 374.21742533245900 0.00000000000000
1179.89095569165000 166.63250116619300 0.00000000000000
149.54517620210400 723.61830988680800 0.00000000000000
289.67004528978900 356.18339615466900 0.00000000000000
1088.88833225988000 463.92199793708900 0.00000000000000
966.97164837237500 844.11462103439200 0.00000000000000
852.04851055935500 17.46561556279180 0.00000000000000
99.85423633144270 390.88231270328100 0.00000000000000
1133.58006048347000 775.89093896386200 0.00000000000000
193.95894164479100 331.51372070523700 0.00000000000000
1205.98946902217000 756.86767471706100 0.00000000000000
843.07645551922700 867.77960311589900 0.00000000000000
1100.25244874921000 772.51955993517400 0.00000000000000
512.13748777879400 867.17948006392200 0.00000000000000
71.33038181475460 898.31051905347700 0.00000000000000
1113.84925929349000 144.96939948574300 0.00000000000000
411.04775445519800 766.03241233634400 0.00000000000000
1043.63597894000000 831.23629943757800 0.00000000000000
1006.98798908797000 872.87500296225100 0.00000000000000
1201.64437401243000 177.32039104306200 0.00000000000000
372.49178475612800 71.19319369896610 0.00000000000000
631.46289263835200 207.63559242813800 0.00000000000000
659.61184552921000 281.67482245124900 0.00000000000000
1234.95699162136000 577.81517457463800 0.00000000000000
850.50242514505800 402.30955129530600 0.00000000000000
1174.45698395454000 81.57835983913300 0.00000000000000
769.94156043024500 44.60292509507600 0.00000000000000
287.74510473389700 150.52316004030600 0.00000000000000
92.51195614530430 678.30015232419000 0.00000000000000
359.59607169520800 130.16753080203700 0.00000000000000
1354.41487714145000 69.97446268802380 0.00000000000000
932.26886705958500 214.24952756208300 0.00000000000000
1353.98635214123000 465.04041054240600 0.00000000000000
239.20730540091800 394.31036160614000 0.00000000000000
1246.57223128712000 318.92966367046400 0.00000000000000
1356.28492629150000 343.23222663409800 0.00000000000000
948.23434257208000 508.15466295668100 0.00000000000000
920.63169685095200 767.95369813161600 0.00000000000000
782.25501446563500 514.98848488438600 0.00000000000000
44.92020158151380 385.55698559141800 0.00000000000000
363.83245371698100 17.36242265797210 0.00000000000000
1033.38354884775000 685.92054529578300 0.00000000000000
473.92871219135000 737.58521820413800 0.00000000000000
509.24450766676000 178.78754146320700 0.00000000000000
166.15571675538500 899.75965719941800 0.00000000000000
633.72988428386400 316.93423056920700 0.00000000000000
561.63885532842600 261.26747273439100 0.00000000000000
1033.45063827610000 736.81920536464700 0.00000000000000
475.55743355079300 668.74567854711300 0.00000000000000
1261.32961769384000 420.02219369886900 0.00000000000000
1243.75098429597000 415.81313337425000 0.00000000000000
921.77151970644400 799.29373795192700 0.00000000000000
239.64153953991800 17.38427023816220 0.00000000000000
382.47631368919600 488.45652782543600 0.00000000000000
364.09909257588700 573.33194527269600 0.00000000000000
1229.96105262808000 49.78913024270990 0.00000000000000
1216.83336780573000 850.01228697752300 0.00000000000000
1204.13980978501000 98.67027095287070 0.00000000000000
989.27520319268200 590.13807511873800 0.00000000000000
499.33205057775200 146.61656900776100 0.00000000000000
1123.77517736878000 232.13807198511900 0.00000000000000
1036.69856601194000 768.91930863024100 0.00000000000000
1249.56266327314000 222.75386010150800 0.00000000000000
1263.99389243354000 211.29347033606100 0.00000000000000
82.82029571697750 485.31593537325100 0.00000000000000
710.00193948750200 227.19159835417400 0.00000000000000
206.82319876188200 186.19983440525800 0.00000000000000
617.40169953392400 475.25628162847200 0.00000000000000
551.80682653937500 624.76721740541000 0.00000000000000
563.74997815385500 203.69643557777400 0.00000000000000
1043.31622470712000 94.98995328217510 0.00000000000000
928.50861593956700 301.05343232346800 0.00000000000000
1163.29740219483000 370.29978855788400 0.00000000000000
1093.77921236885000 253.49949154326000 0.00000000000000
199.04846237298800 455.75167531861500 0.00000000000000
95.61613629771060 218.43032129217800 0.00000000000000
1291.52532224425000 128.71939488287600 0.00000000000000
356.47722458945000 179.00453250000700 0.00000000000000
819.18807013358700 391.95257308625400 0.00000000000000
1324.41976244494000 849.80433830683700 0.00000000000000
759.04172365186600 873.77021111161700 0.00000000000000
954.43750480585100 725.78784319877700 0.00000000000000
540.63211014308800 806.07547882834600 0.00000000000000
467.10402056005100 16.16725234618440 0.00000000000000
43.05029306374470 642.56001608985100 0.00000000000000
905.66275984955700 264.31598933192300 0.00000000000000
896.29356067328000 247.72320852410500 0.00000000000000
1069.51657099168000 43.94104442233750 0.00000000000000
1216.22243433827000 320.37736938333100 0.00000000000000
1216.30651063321000 830.26437124727400 0.00000000000000
964.69906473689100 875.53272711434300 0.00000000000000
938.83028224525600 569.33279504456900 0.00000000000000
168.91819150290300 624.60432567527000 0.00000000000000
613.88415813045900 134.93485944251200 0.00000000000000
1266.32230594573000 757.82547743151000 0.00000000000000
602.73634185478000 671.64882997937400 0.00000000000000
16.56342182494150 68.50466982936560 0.00000000000000
891.37730699206400 372.91522859012000 0.00000000000000
1158.90687484039000 228.20242055045000 0.00000000000000
540.72945980252200 261.71612448079200 0.00000000000000
873.82211825598400 546.09775900297900 0.00000000000000
1232.56765239469000 137.01899611987900 0.00000000000000
1145.81874978086000 521.76005537119100 0.00000000000000
654.22279604208300 314.74143391169300 0.00000000000000
644.42356533703900 368.33300485405400 0.00000000000000
769.42758144284500 321.06592642403900 0.00000000000000
572.93929301779000 388.85422432154200 0.00000000000000
690.89375622425600 15.62120984012050 0.00000000000000
931.36999868198500 246.07678143531100 0.00000000000000
43.96302036802790 201.69518599887400 0.00000000000000
859.09223964389700 808.93450954880200 0.00000000000000
206.20301379743100 629.65339463061100 0.00000000000000
547.21507525269100 37.13941302746620 0.00000000000000
221.38645154282600 750.32986874642100 0.00000000000000
325.48583670162500 580.16644375262800 0.00000000000000
412.48984370336800 346.11961943570000 0.00000000000000
929.38024303481200 661.00243311931500 0.00000000000000
509.42908677055700 335.52551799820000 0.00000000000000
409.35320966056400 868.13886636131500 0.00000000000000
909.70797372470300 327.08475758506600 0.00000000000000
379.28209790274100 694.44009466849300 0.00000000000000
489.25718936482300 41.81457632336100 0.00000000000000
717.38310795593500 649.34294022754200 0.00000000000000
74.93913231015500 673.12051502245400 0.00000000000000
390.73014091975500 428.70181436852400 0.00000000000000
14.66508887141880 806.59553162914600 0.00000000000000
806.47074170721600 378.48646393380400 0.00000000000000
357.90905684679000 197.85826295894200 0.00000000000000
1328.07274352259000 290.63494266914400 0.00000000000000
1186.94297347633000 412.20469938179200 0.00000000000000
1357.12461417840000 165.19549116500700 0.00000000000000
551.89419260321500 443.02104539364800 0.00000000000000
377.50488804518600 290.03815231327100 0.00000000000000
335.49514075339100 552.62704103058300 0.00000000000000
114.37469849476800 132.70693344620000 0.00000000000000
615.43424434914800 415.26707236944300 0.00000000000000
52.04750697320740 585.08026969724100 0.00000000000000
816.83789560953800 869.39690553173000 0.00000000000000
46.02348246222740 309.85705688149400 0.00000000000000
132.89151247013400 722.89417942660500 0.00000000000000
1225.42590653814000 249.07512334608500 0.00000000000000
73.48187506784260 788.86380288653700 0.00000000000000
1314.16568502736000 226.73976784875300 0.00000000000000
13.97806352633350 149.65274008514000 0.00000000000000
1033.38363074593000 635.23113928877000 0.00000000000000
1234.34190104592000 748.53565381908700 0.00000000000000
1193.03579582419000 713.56633306683300 0.00000000000000
900.15293001161100 45.58240767864180 0.00000000000000
644.11637741209700 138.06316980035800 0.00000000000000
326.72854644098100 196.66500698802400 0.00000000000000
44.14460025903850 528.77946387369300 0.00000000000000
1166.68927231493000 350.98368498425200 0.00000000000000
227.01159559909400 366.94752988402400 0.00000000000000
1225.04073549692000 519.86425248531900 0.00000000000000
248.82056615582300 279.10568575808700 0.00000000000000
125.47700587521200 656.26658930019100 0.00000000000000
434.94520819855100 659.62077228242300 0.00000000000000
1278.78077858903000 41.17172067035270 0.00000000000000
760.41759294270900 844.07295172411500 0.00000000000000
1021.27874037472000 20.36056052199600 0.00000000000000
14.20189445001570 664.92731140260500 0.00000000000000
477.68181224629100 323.47484651387800 0.00000000000000
510.60995403446700 828.13262083761500 0.00000000000000
624.75966289958600 234.79705533784100 0.00000000000000
1176.49243868249000 722.82297965596200 0.00000000000000
530.05772106620700 241.42499535395000 0.00000000000000
1251.60384732206000 449.86886677974200 0.00000000000000
1003.16445309045000 729.46412739934600 0.00000000000000
1122.14703714543000 324.03871810212100 0.00000000000000
75.16178875293050 702.55048723571900 0.00000000000000
918.00224982634500 854.42568757859100 0.00000000000000
952.74868161921400 811.17563457071200 0.00000000000000
1150.83978750872000 625.95415275310400 0.00000000000000
315.91784970917100 340.11457400536400 0.00000000000000
539.28310626715700 699.82446025845600 0.00000000000000
485.73980026089800 352.80092778377300 0.00000000000000
1073.47829056961000 252.97720841333800 0.00000000000000
681.08305267795200 42.08175642199010 0.00000000000000
167.92118927691000 19.42336267831290 0.00000000000000
1025.63668367522000 897.12512432512600 0.00000000000000
316.62948654171900 230.97767388486300 0.00000000000000
501.78101426997000 898.83256393890200 0.00000000000000
147.79582505106200 229.53608099034300 0.00000000000000
1182.67713849259000 899.32550493931600 0.00000000000000
269.70139414475900 17.11429942975930 0.00000000000000
947.76221296349100 186.20345470132800 0.00000000000000
400.52650691237600 694.19802185511500 0.00000000000000
383.14598859225300 351.12479597164100 0.00000000000000
527.73860329783700 166.67910082949700 0.00000000000000
154.21824903866900 500.00159831316600 0.00000000000000
75.95715648377850 158.35701229934900 0.00000000000000
352.81221809535100 428.19163036600000 0.00000000000000
936.57574119638500 535.90739635679600 0.00000000000000
640.49841058621200 606.43176828558000 0.00000000000000
639.78438877432600 767.51097926176700 0.00000000000000
234.89184461356000 251.50377466000700 0.00000000000000
722.39199634668700 600.51455711200700 0.00000000000000
97.67106519026180 620.76357735056300 0.00000000000000
856.83898458876300 372.48900225702300 0.00000000000000
17.21324085673230 777.78867867939800 0.00000000000000
1005.28834655521000 253.03454472873800 0.00000000000000
973.67185176558400 387.37883530505600 0.00000000000000
439.17988320765500 166.14179552329000 0.00000000000000
580.67652201884200 735.30487450553500 0.00000000000000
708.47701998727100 779.06943369865500 0.00000000000000
185.84510113688800 781.97539577070800 0.00000000000000
763.16389796656800 357.07620491018400 0.00000000000000
672.50472928577500 418.43445658168100 0.00000000000000
386.46887367626000 784.41119310572500 0.00000000000000
874.39394943807000 381.81284680535700 0.00000000000000
756.51146741570500 222.22963441806300 0.00000000000000
608.95259759283300 15.74566306695800 0.00000000000000
1220.00992836738000 636.37844873084100 0.00000000000000
46.38158000823110 147.56119817691400 0.00000000000000
647.24759603095200 396.85840363742700 0.00000000000000
316.12559588240900 518.56088560616900 0.00000000000000
549.92422506127200 734.61559031465200 0.00000000000000
481.62471791940500 628.48230238530700 0.00000000000000
734.03371705643600 45.42655401329100 0.00000000000000
113.60853888268300 595.70504802067300 0.00000000000000
1327.17398896498000 268.58489123649400 0.00000000000000
1180.82874148556000 686.80673279195600 0.00000000000000
542.25791531169200 537.51600734763800 0.00000000000000
1084.51855836819000 635.60892809829900 0.00000000000000
234.65397757596400 307.03697415095300 0.00000000000000
769.30684770764000 785.25075147630200 0.00000000000000
187.32257480223700 544.60256962439500 0.00000000000000
942.11678231918100 588.19428680383600 0.00000000000000
15.34432826721630 308.16753358337000 0.00000000000000
1251.77251589866000 648.31599252852500 0.00000000000000
687.32920678854800 271.82928294481900 0.00000000000000
1177.65169218550000 382.46135595711700 0.00000000000000
776.40615524913200 250.28217080917500 0.00000000000000
1266.21552078589000 550.77130342309000 0.00000000000000
404.83375312287000 781.34682317450600 0.00000000000000
801.47829438464100 228.14898090744500 0.00000000000000
440.27825218437700 348.15190411612700 0.00000000000000
452.02340311425900 561.35614796176800 0.00000000000000
658.98413956560900 898.33706554452600 0.00000000000000
426.80682841501100 675.71694321374500 0.00000000000000
959.96533446799500 432.66360829417700 0.00000000000000
326.97188831042300 725.09932218065000 0.00000000000000
408.67529989073800 287.01967703716800 0.00000000000000
683.84962290604100 648.90878716409900 0.00000000000000
136.49233529875500 690.22701728249100 0.00000000000000
656.25281503558800 341.51329998110400 0.00000000000000
959.47462678606400 557.31972089656100 0.00000000000000
807.08005053874700 814.48918022136700 0.00000000000000
208.90524871819500 473.18399206346200 0.00000000000000
723.74891227460800 511.24542542323600 0.00000000000000
1148.79246402215000 878.45361390716700 0.00000000000000
1307.62420269035000 385.60158195517400 0.00000000000000
1111.02041956360000 673.89208482843600 0.00000000000000
259.96669662734300 442.50374615496700 0.00000000000000
43.34444939228390 87.19074973935450 0.00000000000000
538.63584342971000 292.42123133163900 0.00000000000000
799.51409264921400 729.47875094914600 0.00000000000000
279.56269647413600 648.96775169804000 0.00000000000000
181.33225718743600 408.96407830720400 0.00000000000000
789.19577302106100 880.47096559850000 0.00000000000000
172.02603144299100 510.52962221487700 0.00000000000000
468.10096491874500 389.77166626320200 0.00000000000000
955.72842086200200 98.52813363921100 0.00000000000000
559.50674422953100 857.64551743362600 0.00000000000000
390.01135332260900 248.51993347467300 0.00000000000000
959.97443212345100 373.43992321451900 0.00000000000000
436.84739851702600 689.67235488064400 0.00000000000000
1334.71516937803000 455.93648327625200 0.00000000000000
1333.72235767250000 15.93467553258780 0.00000000000000
14.28925496229990 209.18917233960600 0.00000000000000
956.02586674745600 65.81339794653810 0.00000000000000
186.08574223053800 160.00015009996600 0.00000000000000
600.77967300918900 159.88690086472200 0.00000000000000
971.81708467284000 586.21837249433900 0.00000000000000
1206.07090241464000 442.48183220363900 0.00000000000000
1138.77799863543000 658.72910675710400 0.00000000000000
1053.52035774506000 663.59596044296400 0.00000000000000
622.36552059270200 696.11655070000700 0.00000000000000
74.79055819821750 654.50210009384300 0.00000000000000
403.96065653835900 539.93825028215900 0.00000000000000
125.78001432768800 149.52845547075300 0.00000000000000
1331.58226451371000 834.17054630873700 0.00000000000000
754.19034142968700 271.14511831768200 0.00000000000000
1233.82583155250000 194.30723420121800 0.00000000000000
155.46301659776100 147.16254751490600 0.00000000000000
380.70814701223400 101.31384449394200 0.00000000000000
1140.80985434117000 132.42599097865000 0.00000000000000
1157.08658843522000 140.87925740759700 0.00000000000000
897.65631337952300 14.81951594492030 0.00000000000000
188.27317644867500 14.71592052458790 0.00000000000000
742.75188280763500 635.19559656471600 0.00000000000000
696.59716194892100 114.66812766532100 0.00000000000000
373.25075711647900 520.30260750164800 0.00000000000000
235.94263730603300 859.23109934686800 0.00000000000000
165.52434609571900 599.02609020353900 0.00000000000000
344.91087989918700 43.75343386198480 0.00000000000000
507.18088768473700 424.15903895670400 0.00000000000000
903.53478730354100 739.79646980182700 0.00000000000000
346.41747405007600 15.02933890976020 0.00000000000000
822.22235334401500 611.32528917665100 0.00000000000000
167.88958788611200 820.61400287165200 0.00000000000000
962.74235328934800 196.98893155191100 0.00000000000000
1145.77487716971000 323.96324229408100 0.00000000000000
281.60661137108000 423.03048741647600 0.00000000000000
272.81002513649100 863.34158385906500 0.00000000000000
291.33382860828600 871.17732708949500 0.00000000000000
771.96051501642900 187.52943641011000 0.00000000000000
332.36682594549000 354.14778717193900 0.00000000000000
631.45182506128600 723.43863493827500 0.00000000000000
668.52577271510700 873.20766665329000 0.00000000000000
1154.22321479229000 743.47104541882900 0.00000000000000
33.70460309371150 230.85957089250300 0.00000000000000
616.79091089665400 871.81572842141600 0.00000000000000
1185.92866493724000 145.57842921948300 0.00000000000000
15.48844160818640 112.77076256393700 0.00000000000000
1308.41546334804000 442.31311050620400 0.00000000000000
789.82464313485300 67.76135984921250 0.00000000000000
183.39184190652000 457.89992232837600 0.00000000000000
459.07727038485300 641.46542675051000 0.00000000000000
659.83496269469700 610.05824037200900 0.00000000000000
171.87480369294100 378.75350451924100 0.00000000000000
363.80682883469300 39.60114096540110 0.00000000000000
741.99589766091700 744.53596347795200 0.00000000000000
709.25812874773400 474.01718185829300 0.00000000000000
988.28477638231100 111.37085145539400 0.00000000000000
519.51231676724400 302.37854219445100 0.00000000000000
500.57111798748900 302.32323857880600 0.00000000000000
390.89463610536700 145.62754728813300 0.00000000000000
1165.30189129323000 110.41184015977000 0.00000000000000
990.96853817475200 301.85189310060800 0.00000000000000
14.66103731047130 404.50294243492100 0.00000000000000
182.70508053398100 708.04031889522700 0.00000000000000
552.00184912672300 317.58430211214500 0.00000000000000
586.96620948777100 456.43714514456700 0.00000000000000
729.74312285932600 425.14511434424800 0.00000000000000
287.84994291886100 584.24079005020500 0.00000000000000
1357.26777070074000 670.03154936504100 0.00000000000000
1010.39645501971000 455.63784829194600 0.00000000000000
584.24564494070500 871.93455927193400 0.00000000000000
1138.08785950561000 288.72646342714900 0.00000000000000
908.07246800087300 709.33143909235700 0.00000000000000
156.57020568408600 771.92873540686300 0.00000000000000
317.29264257378200 824.08762019815400 0.00000000000000
902.00543677825500 227.51644763779600 0.00000000000000
198.08460609008600 692.27563182999400 0.00000000000000
702.70612518695300 248.85260091281200 0.00000000000000
836.79245793782400 626.18502697551100 0.00000000000000
919.91267744850100 739.37632869511100 0.00000000000000
1018.93683459920000 424.10403394784700 0.00000000000000
684.75244439078000 303.77972890776100 0.00000000000000
631.76241377985600 55.02404502204570 0.00000000000000
685.94341550728500 598.32607661460900 0.00000000000000
699.64271560211000 48.29113552370870 0.00000000000000
1089.62293666423000 825.61790328876800 0.00000000000000
154.69624105681600 168.40981022437000 0.00000000000000
563.27582720126400 805.93513480182000 0.00000000000000
42.71266965029840 720.67538253992800 0.00000000000000
352.59477866275700 741.39394422557400 0.00000000000000
135.54391300898300 94.16683721872760 0.00000000000000
1330.15518057967000 686.74974220027500 0.00000000000000
1149.14306159196000 446.81921420009000 0.00000000000000
1029.45476770375000 482.72539856331300 0.00000000000000
858.48434509861400 841.15671721696700 0.00000000000000
869.31204292465300 824.76289667236600 0.00000000000000
13.62813959385620 844.82608695652200 0.00000000000000
1060.92452995878000 743.41200566616300 0.00000000000000
233.41376320161300 285.95297155492500 0.00000000000000
807.84009815057700 779.30121579285000 0.00000000000000
296.05783671130600 661.33607542552600 0.00000000000000
1244.16993813910000 42.60452399209990 0.00000000000000
1048.40900985311000 433.44362662241000 0.00000000000000
549.33637902857100 68.10827821270890 0.00000000000000
774.04470592537400 571.78308202341300 0.00000000000000
671.66684052002600 471.61350018635700 0.00000000000000
962.11124910373700 35.40177452102430 0.00000000000000
382.59314967212000 853.59660885997500 0.00000000000000
261.52433810430100 657.36360807858900 0.00000000000000
977.27666653185600 291.59322361321100 0.00000000000000
644.95931106975500 749.81812390372000 0.00000000000000
484.77838873176100 230.99182051880900 0.00000000000000
469.51228913578200 280.42254202346400 0.00000000000000
664.56625569753000 627.65641579660700 0.00000000000000
505.17932878895200 810.23863681246000 0.00000000000000
186.70961554672000 822.85732097849600 0.00000000000000
1356.72886699372000 707.04299435460000 0.00000000000000
812.86403204132200 287.47970626063000 0.00000000000000
883.25088422491800 447.28976647769100 0.00000000000000
493.04847397537800 655.84617411017000 0.00000000000000
424.24593806396300 645.04645926705500 0.00000000000000
838.54774075533200 816.23011840327100 0.00000000000000
189.09202779583200 621.10262434958600 0.00000000000000
690.49276214957400 834.82738087158800 0.00000000000000
1295.00514489206000 495.47354842860800 0.00000000000000
132.04286826782400 569.60302384501700 0.00000000000000
677.00591581549700 534.49576523468200 0.00000000000000
140.24370235375100 636.84991480384600 0.00000000000000
1327.94643474198000 539.15320695223900 0.00000000000000
1053.33779792505000 298.86136138492400 0.00000000000000
469.36478268531400 177.87477683852200 0.00000000000000
1182.33920398709000 428.05177518154500 0.00000000000000
418.82291137379000 234.50173649849900 0.00000000000000
465.66615185757400 899.65243856870600 0.00000000000000
1186.92949826715000 770.19847141684600 0.00000000000000
415.01656372587500 95.59480295297640 0.00000000000000
999.33243946156000 372.31294452284900 0.00000000000000
1108.11824261128000 200.15338084224100 0.00000000000000
232.65019185527900 156.51192280411100 0.00000000000000
869.88052286790500 639.52152178252400 0.00000000000000
812.09394599509400 362.93404814394900 0.00000000000000
1312.34090246272000 563.37191831175100 0.00000000000000
265.11240969471400 290.69300836441700 0.00000000000000
456.33480257117100 610.67663808453200 0.00000000000000
90.33166393632280 872.95729508582600 0.00000000000000
939.14672915726100 331.42290548116100 0.00000000000000
72.58915689921430 512.03857443413600 0.00000000000000
579.13901881370000 233.86277079265700 0.00000000000000
1099.00771867588000 314.88447238835300 0.00000000000000
1358.03044090015000 845.05596595846100 0.00000000000000
1062.51695166692000 693.09934837466900 0.00000000000000
761.60153194175900 700.11947867154900 0.00000000000000
1282.44524833529000 189.22042328409800 0.00000000000000
493.87178079352100 861.07087338294300 0.00000000000000
364.95198321661500 260.62687283462900 0.00000000000000
943.70800920888600 652.56144155427900 0.00000000000000
949.56988262120200 276.73436540564500 0.00000000000000
1028.86402025464000 277.92441998867100 0.00000000000000
1105.69151692631000 737.80824573220700 0.00000000000000
405.92409188251600 648.16208554157700 0.00000000000000
1212.79927057452000 674.99010720226300 0.00000000000000
1045.25267646351000 749.07360159124800 0.00000000000000
522.06851896552600 637.94746795239900 0.00000000000000
265.09623600004600 676.37943654203200 0.00000000000000
578.01651677187600 60.57981850641820 0.00000000000000
99.30139047361770 830.80819393422700 0.00000000000000
38.66471200663910 897.76301509410700 0.00000000000000
1357.42566436220000 285.54156267073200 0.00000000000000
643.36201025955600 581.63061519753800 0.00000000000000
839.29496607361400 530.68323221534100 0.00000000000000
1127.03713659436000 761.88189446804100 0.00000000000000
593.46004792625500 702.00634078292100 0.00000000000000
489.33263978579900 839.05620582875900 0.00000000000000
528.33529465840100 591.40867919195600 0.00000000000000
242.00659156074100 34.86707106471670 0.00000000000000
909.85855928913300 637.68725000575400 0.00000000000000
1241.79879809100000 334.56155274317500 0.00000000000000
648.10070716139600 718.66572545574900 0.00000000000000
163.98706572980100 198.60205883458900 0.00000000000000
13.59291964409450 647.71651355736700 0.00000000000000
680.53015780257300 565.40000829326200 0.00000000000000
310.40030134307300 280.08629628150400 0.00000000000000
1049.37997525712000 413.51643063278300 0.00000000000000
1245.72456450508000 847.39127431011500 0.00000000000000
1083.25020568824000 664.25088696527600 0.00000000000000
1125.23857867787000 441.07758320467700 0.00000000000000
925.59462252258200 320.56487606595500 0.00000000000000
994.10211611448300 857.68688744506700 0.00000000000000
856.39604720085800 64.19584009411260 0.00000000000000
1279.72950631751000 805.53719437219700 0.00000000000000
213.73356149026600 588.40227831040300 0.00000000000000
1214.20586592619000 584.02431999110300 0.00000000000000
453.84280908464800 688.03456584195800 0.00000000000000
1324.89487405379000 153.70099847445800 0.00000000000000
649.67035033369300 244.76972687946900 0.00000000000000
133.69024197823900 177.72339292398200 0.00000000000000
104.40633091731200 319.94900377688300 0.00000000000000
467.78018899095100 837.83643134181000 0.00000000000000
930.05974834316100 36.43521586118030 0.00000000000000
556.55942651979300 88.88439871363730 0.00000000000000
579.84625745134200 327.96931242410600 0.00000000000000
1355.58640037126000 38.24277785799020 0.00000000000000
434.28332541680600 781.10196539414100 0.00000000000000
378.43936138387100 416.15651025621500 0.00000000000000
537.99715106208900 347.47554792837900 0.00000000000000
1300.98429128573000 466.65352512433500 0.00000000000000
396.89543223969400 662.71041448123800 0.00000000000000
915.53728148767500 459.39351691916300 0.00000000000000
1064.90650628176000 480.14128111231800 0.00000000000000
606.52706232782600 688.14703336375700 0.00000000000000
192.26387008226800 604.84720293875700 0.00000000000000
1238.22788132234000 445.08628358300600 0.00000000000000
1331.69084681771000 174.81323884124600 0.00000000000000
572.77310040793300 361.38131748892500 0.00000000000000
123.39514183506600 297.83370175301000 0.00000000000000
824.80889726509600 510.60651197167200 0.00000000000000
1029.64981863547000 585.21709608980300 0.00000000000000
571.07773514800000 819.38851278840100 0.00000000000000
800.73147599812200 414.26457811629200 0.00000000000000
1308.39000336773000 246.30921113329200 0.00000000000000
438.66214247361900 481.24227822099200 0.00000000000000
391.19056549021100 15.17934101575380 0.00000000000000
120.66061759461100 64.30614602215670 0.00000000000000
811.14111082803400 541.16784698418000 0.00000000000000
589.90812271296500 210.56827226727400 0.00000000000000
838.49364308555200 89.33116237604860 0.00000000000000
148.58841922873600 456.91097217103500 0.00000000000000
746.22190933608700 762.56931118723900 0.00000000000000
736.15236625970700 672.62311992621900 0.00000000000000
541.83782931976400 475.13166961710800 0.00000000000000
1232.02078246688000 557.35410465225500 0.00000000000000
566.12627740124500 13.68930451673730 0.00000000000000
444.25858591220000 367.22273931689400 0.00000000000000
58.37842930372040 366.81977360622200 0.00000000000000
177.71846031692800 874.01544592150800 0.00000000000000
214.05470363064600 543.38933871399300 0.00000000000000
238.90192078132000 66.26431936337460 0.00000000000000
678.04077142025600 227.92164625244500 0.00000000000000
511.53777476542400 479.59740677659100 0.00000000000000
761.09616638727300 540.10697013643700 0.00000000000000
1280.75760762599000 348.41515509576000 0.00000000000000
142.21121549240900 755.99165072703500 0.00000000000000
1037.20468527295000 656.49044771243300 0.00000000000000
1037.75846651309000 554.30816266985200 0.00000000000000
908.12472713509800 344.77895782193700 0.00000000000000
284.98488099161900 899.68513834243200 0.00000000000000
565.37148529555100 422.90544049580300 0.00000000000000
863.85396682778000 773.21938151161100 0.00000000000000
1105.23054338937000 165.49326756401200 0.00000000000000
1096.18839461322000 699.98512121658100 0.00000000000000
793.55911521056000 653.08435252946000 0.00000000000000
1227.27747436973000 616.45676891410800 0.00000000000000
1266.43548324923000 674.32114034803500 0.00000000000000
124.25697736801900 874.28479238094300 0.00000000000000
463.57252293508300 784.17828120880600 0.00000000000000
729.59140208655100 356.83378686749400 0.00000000000000
81.91570577412360 419.21325871260000 0.00000000000000
876.53923834147000 754.13836225289700 0.00000000000000
983.41908456140200 274.03225074087200 0.00000000000000
1144.44027105304000 822.23885578045600 0.00000000000000
1194.23081150990000 358.69034330576000 0.00000000000000
1129.02571362459000 422.37719762666700 0.00000000000000
453.91471948626200 872.98921535115700 0.00000000000000
177.67156258555800 141.98100898969900 0.00000000000000
262.55847225811000 373.18573268803600 0.00000000000000
1031.99649270245000 505.57014093985200 0.00000000000000
905.56274716867200 296.58419655090000 0.00000000000000
1357.49938412885000 508.39534874397300 0.00000000000000
355.93591963918100 774.21134864507000 0.00000000000000
1293.86726085976000 218.29170673345700 0.00000000000000
1205.59800837128000 570.31365549553400 0.00000000000000
57.98829150546340 111.28436893148200 0.00000000000000
876.04137544296200 481.90116264737900 0.00000000000000
1216.81111928784000 109.05755346583300 0.00000000000000
1000.41266273684000 400.38719193329300 0.00000000000000
1092.41051777800000 556.57421573118700 0.00000000000000
1039.59006850712000 316.90626378966300 0.00000000000000
1020.72000947827000 313.91142108315400 0.00000000000000
472.36690117838000 294.23677923873500 0.00000000000000
802.31130943912800 502.76980402823500 0.00000000000000
682.90504641527500 517.99365746125200 0.00000000000000
1297.73769185619000 160.34894491183000 0.00000000000000
497.57984962572800 125.05957747130800 0.00000000000000
207.47291690232400 141.11866966451900 0.00000000000000
194.03015511950700 126.22435022715400 0.00000000000000
724.49797432316800 149.45939419003800 0.00000000000000
417.77711261895900 41.26389646382000 0.00000000000000
1144.52809186396000 372.16757888181800 0.00000000000000
188.78056869089400 677.51319085814200 0.00000000000000
215.08144939548600 836.55855816038300 0.00000000000000
404.97501883552800 453.88037231291200 0.00000000000000
944.98851885170300 12.34809456280390 0.00000000000000
725.42934757193200 831.23898569653700 0.00000000000000
628.12872793945200 740.34407977825100 0.00000000000000
591.21408788201600 795.65792551279300 0.00000000000000
1120.43930321915000 340.97307404465900 0.00000000000000
395.33083775821900 310.91701726097700 0.00000000000000
1020.46424465456000 781.02744836859700 0.00000000000000
422.06026808361400 458.59654802146500 0.00000000000000
936.74829037020000 110.09771049578500 0.00000000000000
271.70687744939600 319.19807526813400 0.00000000000000
783.88015693497300 683.11477529441600 0.00000000000000
702.51520515473900 676.25671802385100 0.00000000000000
174.72008284990600 279.50597174342900 0.00000000000000
610.55884156459300 535.21589954451200 0.00000000000000
1323.51764917185000 478.45178739307300 0.00000000000000
804.87944854880900 273.36883115618600 0.00000000000000
1040.19068668169000 61.64800418338720 0.00000000000000
702.89200913262000 350.27888399617300 0.00000000000000
699.72825471953600 366.22278258630800 0.00000000000000
1046.53164561585000 799.18823553258800 0.00000000000000
1054.68614227107000 625.77852395451100 0.00000000000000
1276.24798512099000 175.47875080080100 0.00000000000000
863.30311284604400 900.79178719305000 0.00000000000000
364.69006812865400 895.57454379037100 0.00000000000000
887.56923432698800 465.45395636191100 0.00000000000000
55.21049869221710 505.06434827738600 0.00000000000000
690.20869364902700 898.19429053669900 0.00000000000000
34.39236133766630 61.85699278021900 0.00000000000000
1037.62804075587000 44.91098200233670 0.00000000000000
533.63767213574600 429.48268157292500 0.00000000000000
436.33277037342300 531.98557438754200 0.00000000000000
302.93404956312100 143.21839078708300 0.00000000000000
489.70849628714100 499.38819646229800 0.00000000000000
63.66519825963820 240.90443239963100 0.00000000000000
297.30318338173400 288.73074411379100 0.00000000000000
247.88376573078700 846.21828044776000 0.00000000000000
651.17655984791900 864.99326722020800 0.00000000000000
660.83700866008600 15.40233793047030 0.00000000000000
210.93482172745100 780.70584205639900 0.00000000000000
523.47785616763400 117.75813371915500 0.00000000000000
13.75793350350710 763.59123710265500 0.00000000000000
945.08774569050200 443.53594413457600 0.00000000000000
1097.09306348732000 591.28662181579400 0.00000000000000
1032.17933805575000 409.08965492826900 0.00000000000000
1329.50947662342000 90.92663478753400 0.00000000000000
359.44267486453900 146.88222676892000 0.00000000000000
1213.09869278348000 260.77525260750000 0.00000000000000
1291.96773548651000 412.65582364649700 0.00000000000000
758.33918986665000 560.37244358723300 0.00000000000000
810.12524318212600 641.96267144680600 0.00000000000000
193.77225269529600 807.50008415076700 0.00000000000000
1268.99474019009000 522.52650828669200 0.00000000000000
410.65587485610200 836.60315360536500 0.00000000000000
1103.17079806586000 901.53454367519000 0.00000000000000
1262.36178954290000 845.41600363394500 0.00000000000000
802.33295997021200 17.54129240632280 0.00000000000000
263.38764909391900 809.20279665523400 0.00000000000000
824.77426944870000 482.83029995549900 0.00000000000000
679.61783456422900 487.20335036669900 0.00000000000000
537.66591719582500 459.27360778827600 0.00000000000000
116.77748542789000 350.38554506811400 0.00000000000000
886.58573744636300 559.26047513853000 0.00000000000000
354.97816510282200 797.48664720786100 0.00000000000000
831.34123916346700 177.26988833514200 0.00000000000000
1021.61579376576000 40.76087338261000 0.00000000000000
701.71030472993100 656.04548942890000 0.00000000000000
834.84575884548300 39.55310945009760 0.00000000000000
286.09559993170800 452.80120706573300 0.00000000000000
959.26493236051100 663.65284553469000 0.00000000000000
14.37114302121680 467.71328487290900 0.00000000000000
1231.09860257791000 670.21252783927600 0.00000000000000
601.79853184104600 401.02027168671100 0.00000000000000
687.15353684913800 324.31354162615000 0.00000000000000
341.61828293895600 206.78054203460000 0.00000000000000
249.26997119083200 150.60677508400700 0.00000000000000
409.35964091775900 901.45645488973400 0.00000000000000
1089.39450473925000 730.79822190252300 0.00000000000000
821.68851957119100 14.24733721361970 0.00000000000000
1056.48849340835000 813.77743956132700 0.00000000000000
1171.40567962128000 881.25579354481700 0.00000000000000
1258.99894074859000 241.66035510619300 0.00000000000000
924.69555473530200 135.26090981039300 0.00000000000000
326.20811706018500 788.03200126269500 0.00000000000000
1236.09828638556000 495.37940068345100 0.00000000000000
1357.99182203503000 410.67864732663800 0.00000000000000
780.75578978984100 97.61099321716330 0.00000000000000
778.73401908297800 112.37149385204200 0.00000000000000
887.89045916357300 613.81458610749600 0.00000000000000
170.30436060413500 679.97535552744900 0.00000000000000
129.68693410834700 901.34823248424400 0.00000000000000
712.94511454118400 415.47383862605000 0.00000000000000
1089.52760359005000 329.15878531465600 0.00000000000000
1301.57873174805000 791.33372891354500 0.00000000000000
235.38309015799000 689.64145487362900 0.00000000000000
1185.75248299620000 822.98950024377800 0.00000000000000
1065.18429364962000 596.09295767622500 0.00000000000000
300.15123802917200 633.28441014132900 0.00000000000000
269.45509195345400 592.59860563882000 0.00000000000000
987.14224388507900 561.59281017800900 0.00000000000000
1337.42670305579000 429.90319917055600 0.00000000000000
636.25951173097500 549.33877647007500 0.00000000000000
1068.96738606326000 325.18260514271500 0.00000000000000
1017.75718449202000 374.62593792384400 0.00000000000000
1211.07093106263000 691.76006527942900 0.00000000000000
90.57465367219620 757.72526853323900 0.00000000000000
348.85661558693900 507.18423311546800 0.00000000000000
109.63070728159300 848.71588799622400 0.00000000000000
869.44190472802400 238.09436709825400 0.00000000000000
280.57198609277800 266.47548630042300 0.00000000000000
1069.23856001630000 776.49031707278700 0.00000000000000
1075.75139050468000 376.21732042803300 0.00000000000000
482.06713797818600 702.16749701308200 0.00000000000000
1111.89898006906000 291.98152692530400 0.00000000000000
763.07831718826500 84.93638599461950 0.00000000000000
1090.84612508516000 116.40196965615200 0.00000000000000
1091.30408689830000 193.26484377739600 0.00000000000000
694.71807217222800 702.12865546343200 0.00000000000000
944.01950646283000 872.69786782238200 0.00000000000000
72.64089857426210 16.22654884362200 0.00000000000000
1291.79793323896000 293.48869886374100 0.00000000000000
1025.65617910224000 70.94894299509780 0.00000000000000
458.60752470946100 821.02926564027900 0.00000000000000
1198.34456880473000 231.67039204830800 0.00000000000000
757.28298133331200 253.65789923499900 0.00000000000000
392.37142599558900 566.76453747796600 0.00000000000000
329.74642640378200 384.09689206955400 0.00000000000000
1092.74629459450000 605.53064044030500 0.00000000000000
385.02046580449400 85.15036569706600 0.00000000000000
168.17160080988800 39.06324570099630 0.00000000000000
439.21488195208900 114.98004405290600 0.00000000000000
191.39120743612500 190.17381434006900 0.00000000000000
242.31214287510800 582.45766135885800 0.00000000000000
510.58483375608700 704.81681671648200 0.00000000000000
435.72439235806500 42.59279657212540 0.00000000000000
577.59839087042200 644.53424360695100 0.00000000000000
749.44485602391900 108.58905986134500 0.00000000000000
780.91634221528200 826.19806463442300 0.00000000000000
908.29086821878600 127.50969325395200 0.00000000000000
423.09936724653600 274.49669918331300 0.00000000000000
849.68273610372700 464.22012960115900 0.00000000000000
1081.09276082891000 510.91629404276100 0.00000000000000
1330.49746422398000 719.19683552768600 0.00000000000000
1017.15906510198000 344.42162549349400 0.00000000000000
15.35583568765910 15.35583568765990 0.00000000000000
822.15931891430000 710.19831905172400 0.00000000000000
1266.76545176290000 149.52292883378700 0.00000000000000
1101.92425499693000 422.59196336663000 0.00000000000000
1065.82502695606000 198.44885085678600 0.00000000000000
873.51193286401000 599.12288773717700 0.00000000000000
427.14403646411700 881.05284388898300 0.00000000000000
836.70991276159200 270.27248964938600 0.00000000000000
37.83732111388520 752.29107293675000 0.00000000000000
44.15097178616400 770.36734865158800 0.00000000000000
818.67446651129000 150.47947293085700 0.00000000000000
646.07445770025300 454.24185038695700 0.00000000000000
717.71742604155400 860.24022259279600 0.00000000000000
1124.26222040264000 649.71074543895800 0.00000000000000
915.26479186439900 689.23335821793700 0.00000000000000
216.16667560056700 108.86049397431000 0.00000000000000
580.78793574857900 181.77988885379400 0.00000000000000
83.27006698333060 738.14603524927100 0.00000000000000
1251.67355595504000 792.33882922719100 0.00000000000000
926.39399389328100 489.82344790727400 0.00000000000000
1103.72292240362000 439.91498171593800 0.00000000000000
778.49821936476900 755.44062547644900 0.00000000000000
851.14366934097900 490.46966455170200 0.00000000000000
879.06538387378900 118.74889439719700 0.00000000000000
400.92075845153600 755.26810619768300 0.00000000000000
985.00589809529900 141.58085751702500 0.00000000000000
961.07107995519600 541.43991041431300 0.00000000000000
425.95424899622300 627.49840284342500 0.00000000000000
106.30028128412200 109.56535684903800 0.00000000000000
1184.02737679382000 549.10833490775500 0.00000000000000
609.60310201815100 434.93756753502300 0.00000000000000
1011.85615264362000 475.77600628699000 0.00000000000000
1322.99627476081000 674.05700743152800 0.00000000000000
977.21225201608200 827.34306749324800 0.00000000000000
445.62566205114400 506.24416311669900 0.00000000000000
427.54209622298500 13.42975241844930 0.00000000000000
60.83068150318990 482.43340136682600 0.00000000000000
773.14350986612700 226.29729356726500 0.00000000000000
939.94727341861600 126.67474418994200 0.00000000000000
900.01945281189700 495.31998412518700 0.00000000000000
1122.85675514550000 266.62475522282400 0.00000000000000
503.66548928737900 403.14733487966200 0.00000000000000
1331.62720267354000 363.02505351117500 0.00000000000000
1326.35093214443000 380.52732572704800 0.00000000000000
728.36011386304600 101.84147483991000 0.00000000000000
402.04677967219600 520.81001763681700 0.00000000000000
951.03827211016700 459.24158700750900 0.00000000000000
972.24658943230900 480.04448730764000 0.00000000000000
241.21745773929700 495.79420602138900 0.00000000000000
73.42258965909420 451.73416127747800 0.00000000000000
1356.11994519843000 195.39106941208100 0.00000000000000
260.81962427666100 346.23225343145100 0.00000000000000
451.72348944734700 453.87465320169500 0.00000000000000
642.96655248846600 427.29129334382300 0.00000000000000
561.09274286189100 474.78170780975600 0.00000000000000
165.85686557175900 530.97832289067400 0.00000000000000
648.89536840200000 489.82474673237000 0.00000000000000
393.69541327907300 337.44042422068700 0.00000000000000
992.17987771654900 524.35386927053500 0.00000000000000
980.49759561783700 415.57020657429900 0.00000000000000
409.81123415438200 167.49284350149800 0.00000000000000
330.16692776509400 182.60367652659500 0.00000000000000
157.22288965646800 389.07448160566100 0.00000000000000
549.25719681035000 595.85542790167100 0.00000000000000
967.69930274688400 115.65227104271400 0.00000000000000
321.53667794339600 681.66480440875000 0.00000000000000
792.45649691084100 852.10390833046600 0.00000000000000
246.27961928662800 180.69363053037400 0.00000000000000
71.38434718911590 604.58915051509500 0.00000000000000
725.55652173912900 12.37450409195590 0.00000000000000
581.85009596339200 422.04438429617500 0.00000000000000
496.35886157675800 783.21903824272600 0.00000000000000
715.23496210941900 764.69083829664900 0.00000000000000
179.89899097157200 306.26928252720900 0.00000000000000
89.21987001201140 110.40067456995900 0.00000000000000
372.08386129389100 378.98040895574900 0.00000000000000
312.67111793875900 900.92862972195400 0.00000000000000
336.70857733993600 105.94903152244100 0.00000000000000
893.42127246546500 754.10837471159500 0.00000000000000
876.59079364272000 857.43013620030800 0.00000000000000
924.03179697869600 599.37720363091700 0.00000000000000
478.32945828199900 751.36433461109200 0.00000000000000
399.09463966403500 723.22934559563100 0.00000000000000
550.93424697417300 899.60078256230300 0.00000000000000
983.97391304347700 12.33675726069990 0.00000000000000
655.84551876110800 78.86691235057530 0.00000000000000
378.09448459752900 870.74394898634500 0.00000000000000
195.62637402334500 751.80465436752400 0.00000000000000
720.93921056825500 581.07398878003900 0.00000000000000
743.42395020736500 75.93320299514140 0.00000000000000
1334.94450074302000 397.61946870437600 0.00000000000000
151.06684628953500 404.66109885064200 0.00000000000000
1040.40501972451000 468.03428073099000 0.00000000000000
1357.98907328059000 545.41268049088400 0.00000000000000
709.73949818921400 526.77404904722300 0.00000000000000
1299.12501668883000 876.54831999885000 0.00000000000000
1131.69291797171000 582.77720085027200 0.00000000000000
78.21050571170420 344.03349984513000 0.00000000000000
394.17878649336800 282.25292805419800 0.00000000000000
1358.34177222188000 785.16878736803700 0.00000000000000
987.90771487470500 244.32065075424300 0.00000000000000
1259.18738946843000 67.21851768450010 0.00000000000000
1234.42917923279000 875.27951482471300 0.00000000000000
1074.50335470467000 837.75608928834600 0.00000000000000
710.04708091452800 899.62243166750700 0.00000000000000
1358.44278163552000 130.20617361900900 0.00000000000000
1066.18895251788000 542.97570874255100 0.00000000000000
176.90269236833200 652.16984999555600 0.00000000000000
594.87525499596400 126.29784647503700 0.00000000000000
652.51607348906800 550.71359197280900 0.00000000000000
350.46567453493700 678.66923226675000 0.00000000000000
124.62045306909900 403.56917950231600 0.00000000000000
983.06156404250500 899.34654359832800 0.00000000000000
594.46854989763200 506.44697520293300 0.00000000000000
1230.37625014914000 822.69607834366800 0.00000000000000
587.26142417950700 667.90704362638500 0.00000000000000
514.41199219110600 272.92920584923400 0.00000000000000
260.12162272703100 85.39853063098690 0.00000000000000
1124.64484766174000 472.34995357313800 0.00000000000000
1305.31470200512000 596.87458776305300 0.00000000000000
378.56594285623200 662.61127823024600 0.00000000000000
1070.75577244632000 235.36136267876800 0.00000000000000
1088.05817833026000 389.77931231765800 0.00000000000000
207.62704347759700 441.82383500430900 0.00000000000000
1030.84750231746000 821.18331384725200 0.00000000000000
507.80970704698400 688.24005231380600 0.00000000000000
342.06036211091300 659.14366570027400 0.00000000000000
637.04837849908200 72.68652090165650 0.00000000000000
955.60167220020700 490.41693905153700 0.00000000000000
929.54515613095000 750.87475100551300 0.00000000000000
1244.18014656640000 900.82576273115000 0.00000000000000
881.89020454302300 681.65864347363100 0.00000000000000
208.73411735698300 169.77608042567700 0.00000000000000
357.76440067287800 825.19163037331300 0.00000000000000
1264.69704695765000 12.63362732047360 0.00000000000000
1177.87325248086000 483.42365370489600 0.00000000000000
1200.43836347069000 876.59018252560800 0.00000000000000
102.50334964825200 567.62160549271500 0.00000000000000
1062.48086281673000 342.35622434328800 0.00000000000000
824.33141671307100 252.17152642903700 0.00000000000000
530.34538232634100 899.53137928065200 0.00000000000000
1249.20771658019000 772.41835877139000 0.00000000000000
624.80355410289100 902.00455086211400 0.00000000000000
429.58347615127600 431.48847795441700 0.00000000000000
721.28385242891800 721.09273371599100 0.00000000000000
1078.11055776384000 854.39198024445600 0.00000000000000
755.17939991130300 465.52668852669900 0.00000000000000
1278.89546769930000 367.23338795584000 0.00000000000000
596.01629088224700 811.03207996959200 0.00000000000000
544.20553156347200 509.41883473912200 0.00000000000000
609.66174143484700 597.63367135563400 0.00000000000000
326.57210708057000 488.97971267853600 0.00000000000000
116.42999845923600 529.69714404683100 0.00000000000000
101.57012966523100 522.06399994348500 0.00000000000000
474.51342053120700 479.83061782419200 0.00000000000000
81.37043091036680 94.50612925625790 0.00000000000000
236.93531525635900 566.02503234001100 0.00000000000000
380.11628270145600 126.51667393867600 0.00000000000000
45.63102164665950 658.33117957771800 0.00000000000000
295.74145323676100 516.00342449416700 0.00000000000000
602.65794118101800 782.75206655763000 0.00000000000000
424.03892456607700 474.81922567257400 0.00000000000000
462.04805573583900 35.28007603128250 0.00000000000000
660.92910441569500 328.23272191653800 0.00000000000000
660.79278201272200 583.86729739776400 0.00000000000000
383.30629395750200 633.04891144743300 0.00000000000000
102.97776267858200 770.91319611735100 0.00000000000000
1082.64142823849000 283.71635674425700 0.00000000000000
784.65365229148600 452.10433771869300 0.00000000000000
625.40705636530800 384.20912278982000 0.00000000000000
380.62035350469400 616.65460810731700 0.00000000000000
398.14073251783100 481.99699765265100 0.00000000000000
1019.99461638946000 110.83340568961400 0.00000000000000
132.03138698048900 451.93983101138900 0.00000000000000
787.39129909743600 558.79587357412000 0.00000000000000
279.41256165974300 78.07297627159000 0.00000000000000
580.53487026433900 262.42321897087100 0.00000000000000
217.87822473297800 15.57354770027670 0.00000000000000
1234.65800747009000 797.73977753431600 0.00000000000000
958.61686099230000 683.80066704691400 0.00000000000000
527.38203977603300 486.41706939542500 0.00000000000000
692.18838411235100 581.21564384333400 0.00000000000000
1101.89278522118000 492.51535454769000 0.00000000000000
1180.48438794090000 56.70030439675450 0.00000000000000
1103.94187291103000 368.61948612595700 0.00000000000000
1026.52801165483000 703.05963214775000 0.00000000000000
1114.19618830496000 51.76243542205720 0.00000000000000
317.39611883676500 713.36763155475000 0.00000000000000
234.46032030569700 614.90729739699600 0.00000000000000
341.10141199298100 537.41050103297600 0.00000000000000
118.21275844354900 33.32933612938880 0.00000000000000
694.08986080463500 747.00411060750100 0.00000000000000
795.79996677451200 698.50967872300700 0.00000000000000
230.45069670713900 224.72460556246800 0.00000000000000
875.93747413308400 270.01250864501400 0.00000000000000
1158.03847341438000 595.62790288909000 0.00000000000000
307.47350599968000 545.14302211997000 0.00000000000000
909.45376677381100 441.54889154287400 0.00000000000000
1270.59660584070000 791.90178850450000 0.00000000000000
334.57449890148000 848.02054378961100 0.00000000000000
1155.36216763474000 428.81762336680100 0.00000000000000
948.96412313476100 745.29284832618600 0.00000000000000
11.91298703996120 685.80000000000000 0.00000000000000
942.07742102525400 80.43551971207810 0.00000000000000
944.10200358143100 900.01445512259400 0.00000000000000
71.21981156498550 65.71523267567490 0.00000000000000
766.72606187634500 609.96352410480400 0.00000000000000
1237.58768712996000 716.59414773749500 0.00000000000000
220.33442870781400 854.81096520218300 0.00000000000000
633.78344456965200 266.07174985786700 0.00000000000000
279.77798609010600 369.97882662621700 0.00000000000000
930.53391543869200 680.40670350165000 0.00000000000000
965.01274573144200 163.03761005796400 0.00000000000000
395.54894961987900 878.75317783790900 0.00000000000000
1134.54687049788000 273.33827659506300 0.00000000000000
830.41661168986000 286.40917641655200 0.00000000000000
491.76520370831900 429.63562915032700 0.00000000000000
657.04940945499900 224.65856260680200 0.00000000000000
543.62741269443000 830.65019682872900 0.00000000000000
255.27574695341800 415.70927635493100 0.00000000000000
1265.44655701088000 482.66383153996200 0.00000000000000
60.20658870810200 538.90545446809600 0.00000000000000
973.58222002438700 86.34816940803390 0.00000000000000
1000.75228985775000 192.67492118169100 0.00000000000000
708.57388989822400 445.24962129880400 0.00000000000000
872.18883208081000 734.76121488935200 0.00000000000000
230.91425488040300 424.37202464426700 0.00000000000000
421.31396217383300 141.18932872237800 0.00000000000000
1151.25393444551000 475.79626560168600 0.00000000000000
563.45697259679000 333.19451636366800 0.00000000000000
214.83728696465100 664.26147830050500 0.00000000000000
814.04316991398400 695.80258008210300 0.00000000000000
82.54092559847960 244.62754069823300 0.00000000000000
111.58288384576300 549.57380876732400 0.00000000000000
721.35421148929700 394.04718134692900 0.00000000000000
904.08912140087000 108.75852846402200 0.00000000000000
402.86903372193600 439.15469783162900 0.00000000000000
352.68920109897200 310.55945793397800 0.00000000000000
494.02388216467500 376.62484900162500 0.00000000000000
1356.98620853702000 243.46439390419500 0.00000000000000
750.66649229710200 128.36095814245000 0.00000000000000
532.05990751475300 66.89387336459420 0.00000000000000
607.66102623375800 838.05218534917400 0.00000000000000
149.69654523791900 336.98855758896100 0.00000000000000
71.31509274983250 199.11890386321800 0.00000000000000
12.59377122249180 346.15180088047500 0.00000000000000
208.74012922182900 236.23498722291100 0.00000000000000
1291.30226182489000 146.74386072041100 0.00000000000000
1086.56449093927000 49.31144939703590 0.00000000000000
805.03722293560300 197.18272072429200 0.00000000000000
15.12519094442040 36.86108931786810 0.00000000000000
932.28222305067900 52.44337056932900 0.00000000000000
924.66997405803700 839.76748644365400 0.00000000000000
942.30080438658700 821.24684292097300 0.00000000000000
333.49921979887100 153.45200112482600 0.00000000000000
1356.71388053334000 313.32487588664600 0.00000000000000
1276.93617542898000 219.81904777138100 0.00000000000000
495.48402942764600 165.53584328785900 0.00000000000000
1332.02022260746000 123.20177623906300 0.00000000000000
592.88397129003600 284.24593283756600 0.00000000000000
606.93599191041500 278.36568390672400 0.00000000000000
1084.43838292478000 881.15053503793300 0.00000000000000
129.41188215446200 261.82641612291100 0.00000000000000
997.59671485358400 575.19557605381200 0.00000000000000
1356.85068618593000 381.99994184112000 0.00000000000000
469.87940467324200 135.24823334483600 0.00000000000000
403.36530692650300 80.24072233426160 0.00000000000000
557.64202713119700 216.07728379055600 0.00000000000000
369.17259966100300 678.46105690843600 0.00000000000000
192.09503644516700 62.81975459862040 0.00000000000000
533.97253172672800 623.40668698997800 0.00000000000000
291.45673376025200 301.30226383452000 0.00000000000000
1099.92847341179000 639.65760122153500 0.00000000000000
455.19096877967400 87.88678272512720 0.00000000000000
117.97992576308100 15.29174770282450 0.00000000000000
952.15058717432300 844.91548135030800 0.00000000000000
529.47096985653900 12.96257430285850 0.00000000000000
15.09282100686470 879.50117679962700 0.00000000000000
1096.62642829640000 475.79394023740600 0.00000000000000
534.82920445074000 651.55421513931700 0.00000000000000
861.61438656495100 572.42939817546400 0.00000000000000
857.26349111701500 558.75301619606800 0.00000000000000
335.28724160880400 255.08556797273600 0.00000000000000
837.80887142697300 370.83334371741600 0.00000000000000
586.84982388188500 152.83397266979000 0.00000000000000
418.57796436135100 791.14892880056100 0.00000000000000
371.03263783981200 225.74987249216400 0.00000000000000
570.98762121587500 107.23814174876500 0.00000000000000
588.91438662820900 105.88193305653600 0.00000000000000
422.84161874525200 544.66530192831300 0.00000000000000
1185.18419622629000 844.87498556761700 0.00000000000000
653.52709881758700 192.32014690926100 0.00000000000000
1283.37716463211000 13.52490582256860 0.00000000000000
1297.66177092968000 274.74075783150000 0.00000000000000
1148.11863325844000 401.42354152047300 0.00000000000000
93.56489646964720 369.26066506824300 0.00000000000000
1155.15239682847000 59.38420189724230 0.00000000000000
614.80256015266900 204.39861015675000 0.00000000000000
854.82350138195700 245.67226906224900 0.00000000000000
453.85508390883100 339.92146751971600 0.00000000000000
861.51196518799700 355.22830877652800 0.00000000000000
1335.69296482535000 60.34237026558640 0.00000000000000
783.38742001245900 330.63593062391800 0.00000000000000
364.04946109645600 874.79565512417200 0.00000000000000
594.65377469009500 764.13296920854900 0.00000000000000
599.66324072177100 351.52292409306500 0.00000000000000
710.07725246375300 841.91797145905100 0.00000000000000
559.81043083350600 780.16072052805000 0.00000000000000
1010.61184374084000 93.52347429201390 0.00000000000000
614.57571939132500 29.85872906020860 0.00000000000000
1152.28157804469000 15.25311790490720 0.00000000000000
1279.41770922486000 776.63548252176000 0.00000000000000
1262.94954007855000 599.44651565018100 0.00000000000000
174.30719928636900 439.06338608589400 0.00000000000000
15.44985706969420 133.42604800312200 0.00000000000000
761.93551389639100 58.27688027818040 0.00000000000000
620.75826476267500 523.83777368925400 0.00000000000000
963.89255529244900 519.80104788285800 0.00000000000000
978.81329440322300 510.20929209959800 0.00000000000000
1330.25442214184000 779.39501286032800 0.00000000000000
909.26737885311000 160.98761047001200 0.00000000000000
951.93494139953400 214.91766242433000 0.00000000000000
461.36040192287200 57.74667341719000 0.00000000000000
328.84395698892000 901.12350715704500 0.00000000000000
495.49911882459000 320.57004703444900 0.00000000000000
1237.83607844992000 13.96169565442560 0.00000000000000
354.31844673045000 249.93878976866900 0.00000000000000
1000.48006685763000 271.95648069679600 0.00000000000000
845.23469570602500 645.61589712687900 0.00000000000000
196.51629639529800 899.36269730708900 0.00000000000000
997.14508009178100 70.77757234000710 0.00000000000000
107.18515593756200 88.85379105996300 0.00000000000000
32.16941334737920 541.90444390686600 0.00000000000000
1053.09863911258000 86.93696870303410 0.00000000000000
1167.59947893258000 452.71417020477300 0.00000000000000
473.41371535912000 105.13989445540600 0.00000000000000
130.61025606756800 235.58210850175900 0.00000000000000
1233.93419180539000 429.01409642505500 0.00000000000000
971.34404147314800 325.05218021381800 0.00000000000000
52.04061917234280 429.45187888130500 0.00000000000000
894.47170373441000 807.28025141393800 0.00000000000000
339.27730967952800 124.53732315071100 0.00000000000000
438.77329195264200 220.65733275755500 0.00000000000000
35.16886097161030 333.58835262619700 0.00000000000000
510.05263051356600 82.72199546726690 0.00000000000000
889.74136476839200 135.75557895706600 0.00000000000000
474.80822297703400 69.21617807917990 0.00000000000000
194.61104836210500 279.94581820492800 0.00000000000000
263.19283995107700 878.53459612792400 0.00000000000000
127.92441510414900 785.66923087925400 0.00000000000000
1044.63843796071000 862.66765824688700 0.00000000000000
685.12056542419000 547.76518909890300 0.00000000000000
1263.85997456102000 660.19702972723500 0.00000000000000
1281.87008288757000 266.05152369535600 0.00000000000000
115.59217498926200 578.05857467316900 0.00000000000000
807.33859059799900 458.81190395904700 0.00000000000000
127.51843265016400 505.36183361447000 0.00000000000000
1061.11766566379000 400.18549034381300 0.00000000000000
1234.54250956595000 219.67407534592200 0.00000000000000
1356.98253545676000 641.43727276857500 0.00000000000000
1335.00916086562000 861.76716640858200 0.00000000000000
722.73886576795800 178.51747450509000 0.00000000000000
968.64268038147800 401.63957367429700 0.00000000000000
805.39138992711800 624.93633281307700 0.00000000000000
139.33999646728000 310.18321819561700 0.00000000000000
644.41865566019100 108.01721148616900 0.00000000000000
1287.07510396900000 710.02294473368700 0.00000000000000
14.49088168738830 433.03532664755300 0.00000000000000
511.32475116148900 246.18758776612100 0.00000000000000
1102.02374833556000 849.38895303650800 0.00000000000000
502.95050174315700 231.60461216034100 0.00000000000000
1354.66518179408000 17.00024545588270 0.00000000000000
449.82152320810700 182.87017783841100 0.00000000000000
1337.45932387733000 145.71855898615900 0.00000000000000
211.78001315361000 34.29145035638770 0.00000000000000
56.21535683949090 252.00516449976400 0.00000000000000
131.57858567226700 56.99465050170980 0.00000000000000
1008.14272215092000 161.07163842258300 0.00000000000000
924.00423803513800 721.37491235874600 0.00000000000000
34.00856118362210 858.84498887473100 0.00000000000000
1357.28788181406000 879.43878651144800 0.00000000000000
184.69837878237600 236.28504732295000 0.00000000000000
516.01385258866200 147.93449675829700 0.00000000000000
519.08533344789100 436.38215866285000 0.00000000000000
177.46575177391700 476.34285047509500 0.00000000000000
29.38550983740560 11.58349859565750 0.00000000000000
975.33235653559300 259.76672019458900 0.00000000000000
736.33422683908800 855.33111609697800 0.00000000000000
760.36595554746900 171.15037669877100 0.00000000000000
355.52370852948400 644.77019891792900 0.00000000000000
236.22577308243500 773.64204818665900 0.00000000000000
313.96324325911500 14.49886626777310 0.00000000000000
691.64916377248500 687.77901023425000 0.00000000000000
419.56053746948700 572.32450917496800 0.00000000000000
846.27828176675000 721.24236508215200 0.00000000000000
12.36168387383400 566.60767989738000 0.00000000000000
459.98425197878400 419.30401956093100 0.00000000000000
528.74132781514900 879.12049332487900 0.00000000000000
875.28708322789100 151.37043354280700 0.00000000000000
848.31630143206100 747.67149905822800 0.00000000000000
1294.81618405797000 198.23737547975500 0.00000000000000
217.54268164661400 615.66683574314100 0.00000000000000
1050.35384744123000 35.17910648204080 0.00000000000000
1135.63465886446000 163.02881718056800 0.00000000000000
804.68694562468700 431.08713693397200 0.00000000000000
34.44278042693940 287.74349302863400 0.00000000000000
970.95294853953300 568.11431884928500 0.00000000000000
428.98926813724600 68.89937032084900 0.00000000000000
580.75287310180800 375.35309302029800 0.00000000000000
49.24565050835030 400.26258139626600 0.00000000000000
460.59986490344800 210.59972415438100 0.00000000000000
881.68027972477300 250.65559707119600 0.00000000000000
1088.05784942763000 131.79444443337700 0.00000000000000
153.04918495544600 786.28842945134400 0.00000000000000
656.91794426889200 659.97182453069200 0.00000000000000
819.48345331909900 221.13622161045400 0.00000000000000
744.22415118363400 32.40874498746510 0.00000000000000
708.69193272315700 121.48196706928400 0.00000000000000
1172.74171463789000 200.88595670946000 0.00000000000000
1250.90602323807000 742.29528970246000 0.00000000000000
624.63899439638200 770.45989650226400 0.00000000000000
148.53975161267400 200.61748131789200 0.00000000000000
14.52681460683250 731.77699814854700 0.00000000000000
1189.09173550681000 516.32898151747700 0.00000000000000
681.30269755350400 455.62816362362900 0.00000000000000
11.22338415176150 526.77391304347900 0.00000000000000
760.58986401843200 407.27352480492900 0.00000000000000
1173.55677681250000 524.54847978090600 0.00000000000000
604.83095395092700 718.98428215607900 0.00000000000000
988.80299636388600 37.48223808032060 0.00000000000000
252.09978334389300 402.96204417778900 0.00000000000000
782.62750251108300 609.08945815224000 0.00000000000000
744.09048492669100 194.50975199326700 0.00000000000000
246.44684476280100 523.89579460269400 0.00000000000000
395.59062038547900 55.53473458003930 0.00000000000000
833.37285148938900 63.30108743412030 0.00000000000000
195.94040707234300 836.13566610740700 0.00000000000000
263.03392249617500 305.41442210277100 0.00000000000000
333.30043562997300 634.88014250802400 0.00000000000000
713.56140432135800 281.12991830411200 0.00000000000000
275.06145249721100 439.38157212878200 0.00000000000000
103.34807048527800 723.42543513151800 0.00000000000000
885.74025620407300 55.59502844804640 0.00000000000000
896.28785629439000 875.10296216555000 0.00000000000000
668.78882634298700 149.13763075129300 0.00000000000000
758.22761802181700 291.36191664100800 0.00000000000000
1320.48521136014000 428.43897895284800 0.00000000000000
1152.06434492355000 105.85130983083900 0.00000000000000
177.86978866442400 338.40088452204100 0.00000000000000
548.30837709438300 566.44824357551300 0.00000000000000
672.24668213315000 102.33525600141300 0.00000000000000
1156.21684799767000 660.07144569652800 0.00000000000000
164.28542786825400 82.88204464399190 0.00000000000000
64.54499785760980 124.69213862862400 0.00000000000000
1065.33637091769000 139.02243628747100 0.00000000000000
527.08724509113500 135.41289852423100 0.00000000000000
1182.57698724502000 69.47236335322570 0.00000000000000
563.93944773406200 710.64348019934600 0.00000000000000
542.56791798487500 140.51331217867100 0.00000000000000
76.50102917043980 637.62405287226500 0.00000000000000
930.58198094244200 279.18598893086600 0.00000000000000
543.13352582762200 781.75721187218500 0.00000000000000
797.64980573785900 801.24586338801300 0.00000000000000
957.41078275295900 150.66235135802000 0.00000000000000
776.92346606955800 812.69040281383000 0.00000000000000
1200.86126624437000 740.67373039812900 0.00000000000000
1019.66977065259000 559.82432753314000 0.00000000000000
1002.20657228980000 120.88204607416700 0.00000000000000
127.86559048216100 427.51794774514300 0.00000000000000
1340.19382341321000 194.29881110778000 0.00000000000000
1241.57623942837000 87.65443785134730 0.00000000000000
1358.83216218895000 606.23091416056600 0.00000000000000
203.95149181160600 505.42064919365000 0.00000000000000
248.78161665608600 902.70393088906300 0.00000000000000
35.10093195021190 135.07782861348800 0.00000000000000
111.43154542883400 241.59793196091400 0.00000000000000
615.21311859103100 152.70162345538400 0.00000000000000
286.03318528506000 563.17181770303200 0.00000000000000
445.66422132166300 717.83906019477300 0.00000000000000
121.81500387376500 163.94596218674700 0.00000000000000
198.98847014552900 263.64200144881100 0.00000000000000
1170.34327994314000 542.21676891215100 0.00000000000000
645.82926173146100 11.20744835746850 0.00000000000000
1148.48154689616000 491.52995481601300 0.00000000000000
193.91261775122900 32.40482417666150 0.00000000000000
508.91490210218400 633.36299551853600 0.00000000000000
466.14874257822700 161.77259652190500 0.00000000000000
990.54503373477300 386.69855922290400 0.00000000000000
928.70298741001400 506.05748656996300 0.00000000000000
913.35399795285600 575.10752462543000 0.00000000000000
161.41621445284600 864.01149456355400 0.00000000000000
35.21156566730120 827.52254014610200 0.00000000000000
320.22828613746500 875.06631811871900 0.00000000000000
29.48371810808560 109.41323901686100 0.00000000000000
361.52134664773600 103.41789338113300 0.00000000000000
750.82432026208600 805.69186158826900 0.00000000000000
239.09956475929500 551.44020066922000 0.00000000000000
483.15111687139000 404.67466131669900 0.00000000000000
1129.93107286560000 516.78256086632300 0.00000000000000
745.43478260869600 903.44029340811300 0.00000000000000
651.69504352351500 518.83348748963300 0.00000000000000
374.36729206339200 738.71626625450500 0.00000000000000
1150.42109804265000 33.06109082706000 0.00000000000000
985.47718200784000 619.77348825470400 0.00000000000000
111.19955051257500 403.24638200523400 0.00000000000000
101.18441775137500 652.97010452965000 0.00000000000000
1148.13558779094000 607.08138055397000 0.00000000000000
1063.48695652174000 10.92928565264040 0.00000000000000
676.14759970813700 178.95520262980800 0.00000000000000
1360.67628681216000 725.55652173913000 0.00000000000000
1301.67582869638000 109.69032825448300 0.00000000000000
140.72395738012200 370.18972336357100 0.00000000000000
432.48659327744800 833.96415671046400 0.00000000000000
662.63495884710600 32.93098913584630 0.00000000000000
501.63458982590600 348.29711240367900 0.00000000000000
259.85576004333200 836.84828466228700 0.00000000000000
1231.47745005398000 110.32148716911500 0.00000000000000
540.28627552783100 184.45440375967600 0.00000000000000
577.79270986699800 753.04387068449600 0.00000000000000
53.25065768969800 222.80590617289400 0.00000000000000
1275.36989881514000 318.30585803709200 0.00000000000000
39.43870845136830 611.87873284656100 0.00000000000000
910.12067709951700 900.29527246811900 0.00000000000000
112.66771550548300 628.40391827851100 0.00000000000000
887.09351812428000 700.89222506318600 0.00000000000000
39.89647863781810 33.03960965514090 0.00000000000000
904.94091812665400 797.09636849460900 0.00000000000000
653.58675518473900 802.50522803995300 0.00000000000000
99.57676801719650 601.58257056028100 0.00000000000000
254.65738057576500 207.86544294428200 0.00000000000000
422.94054485325700 172.17389854963600 0.00000000000000
318.54943939258500 501.32803221077300 0.00000000000000
369.33797212452500 812.45795931175100 0.00000000000000
13.03524142101740 901.36475857898300 0.00000000000000
592.28237997752600 88.91741091973960 0.00000000000000
794.29341430396400 210.31356216172100 0.00000000000000
632.65385648513700 394.42161077229900 0.00000000000000
1182.78278736311000 740.10860520973600 0.00000000000000
1279.12173114764000 900.94586742745600 0.00000000000000
267.17133949260700 257.52166530383900 0.00000000000000
1267.02942425139000 344.45655432066600 0.00000000000000
230.73767869325900 83.69767846284220 0.00000000000000
1279.86009489164000 453.87562570152500 0.00000000000000
399.00319171570400 635.82631814895100 0.00000000000000
245.03410885006700 97.05570681973910 0.00000000000000
341.11776586342600 172.98866225483100 0.00000000000000
714.38295131805100 327.34360936169500 0.00000000000000
610.15759399118400 338.48244731867800 0.00000000000000
380.61202871281200 900.00742838127800 0.00000000000000
647.94010566784700 123.69686773810000 0.00000000000000
694.33649330713200 221.65401657407100 0.00000000000000
520.54953533992100 453.19560924498600 0.00000000000000
1336.59715260818000 557.31341331623300 0.00000000000000
1271.52307823453000 92.07757926594600 0.00000000000000
481.84163801663400 249.65840430529400 0.00000000000000
1204.23649710588000 457.04585279157500 0.00000000000000
344.34262735436600 813.05648600566200 0.00000000000000
1013.58309673323000 637.12251457538500 0.00000000000000
425.91659652041100 766.86795171131700 0.00000000000000
366.52441303031700 324.27111011065300 0.00000000000000
517.34978897795400 194.15760383316000 0.00000000000000
1341.45002127130000 709.32110548391000 0.00000000000000
1303.31669590140000 733.79851025278700 0.00000000000000
588.64860791193800 557.04714443110400 0.00000000000000
383.21838773401300 305.85065013331300 0.00000000000000
525.53707851281900 219.89859377642900 0.00000000000000
271.41072844041800 137.06557418659900 0.00000000000000
81.37513364270260 186.35766268740000 0.00000000000000
231.79824414145400 805.79164051883400 0.00000000000000
490.32732746262300 531.31239972113800 0.00000000000000
1067.93935864160000 308.13964379599800 0.00000000000000
59.71784695192090 338.33101956601000 0.00000000000000
1359.04301156191000 686.02516334578500 0.00000000000000
739.49054598472000 477.11375167711900 0.00000000000000
264.05388317769100 37.00112347427000 0.00000000000000
1202.63478260870000 10.73079845669870 0.00000000000000
1023.14457287450000 879.66585088164400 0.00000000000000
447.08478187454800 793.47362015026100 0.00000000000000
619.68120342029100 713.17491604729200 0.00000000000000
330.40544407457200 231.77915162283100 0.00000000000000
13.25575776935820 619.95150669653000 0.00000000000000
1206.57183808697000 725.37482913147800 0.00000000000000
480.05370040235400 509.11531028326100 0.00000000000000
921.83599547279900 87.14167822334390 0.00000000000000
488.45762761928600 686.04860500394900 0.00000000000000
200.91251162475400 352.75726959365000 0.00000000000000
73.86754845877430 213.65826464429700 0.00000000000000
164.11080573703000 55.81786582553500 0.00000000000000
151.01814620418400 128.94438192943000 0.00000000000000
53.82046990066620 704.14508533528200 0.00000000000000
387.54553650341900 365.31815725733100 0.00000000000000
1258.51325574588000 368.82574126403700 0.00000000000000
142.47456141533500 670.72391963139800 0.00000000000000
319.83930862214200 858.60800514774800 0.00000000000000
71.51377429956540 297.16312162991000 0.00000000000000
425.30722271181000 864.12912164280900 0.00000000000000
1125.02060947207000 295.70496248179900 0.00000000000000
1358.34189829443000 85.59681730191150 0.00000000000000
591.75168115799500 859.13555726242500 0.00000000000000
1330.85656928294000 505.41488608702400 0.00000000000000
1119.86287230256000 174.21547632407200 0.00000000000000
200.79710053050500 157.88337137394000 0.00000000000000
1293.64931833393000 528.78645997868600 0.00000000000000
977.99714078713200 706.72165996392600 0.00000000000000
1337.74502395134000 311.28159484815300 0.00000000000000
689.21094783050400 340.86537619989000 0.00000000000000
942.94772632387100 346.18208883383200 0.00000000000000
699.69133813326900 459.30491004654300 0.00000000000000
93.46992412843000 81.34399081167250 0.00000000000000
1227.42323747335000 334.19240620111200 0.00000000000000
200.50481827027500 731.39312864069100 0.00000000000000
698.10940560314300 196.01584619990700 0.00000000000000
163.15050573839000 848.56976954485200 0.00000000000000
875.62115021405200 785.46570852717000 0.00000000000000
758.62155915681200 201.17795458726400 0.00000000000000
72.39375336127490 172.31532390982300 0.00000000000000
803.17995470908600 121.06254965056800 0.00000000000000
1132.57896642017000 77.86184707678220 0.00000000000000
1193.74077730022000 697.78482941356900 0.00000000000000
208.98563467136300 760.54916198414900 0.00000000000000
841.41010498212600 555.89251430859200 0.00000000000000
1002.68125181593000 437.59773908133000 0.00000000000000
1159.55346092581000 830.87693014493400 0.00000000000000
801.98135284655500 37.27448014535080 0.00000000000000
218.78805769146800 354.05982508833200 0.00000000000000
654.84707561358900 379.09725115922200 0.00000000000000
470.64503335614200 357.61461999459700 0.00000000000000
1295.98678564956000 777.96756754250400 0.00000000000000
1030.70735430759000 806.39989609935300 0.00000000000000
687.82432736362500 778.17049405269100 0.00000000000000
1122.33320895303000 747.85733040432300 0.00000000000000
749.13771936032500 588.00474963526000 0.00000000000000
1255.02806046363000 724.66667148701100 0.00000000000000
160.40448699250000 611.48771981089000 0.00000000000000
46.40995497974250 469.34372565791700 0.00000000000000
393.07303930568700 29.81840217158430 0.00000000000000
765.95344713298200 856.61722548836000 0.00000000000000
1130.68189666148000 792.34830005987900 0.00000000000000
1255.00536617831000 519.39086222089700 0.00000000000000
1335.71919126558000 488.29973877103500 0.00000000000000
88.31798169492940 533.32404378208400 0.00000000000000
670.89452523720500 267.71202478663300 0.00000000000000
711.17505514653600 33.75377707573180 0.00000000000000
971.57543835526400 65.63546176505650 0.00000000000000
606.64972818259300 882.89350542089900 0.00000000000000
807.17107533134500 242.23231650379300 0.00000000000000
897.38743839128900 315.88385574614500 0.00000000000000
1359.50732748146000 210.50621711951400 0.00000000000000
550.08371490667300 373.62234449827300 0.00000000000000
401.12557872428800 256.39147329441200 0.00000000000000
82.24745990517180 501.96166089520200 0.00000000000000
1360.26139337907000 328.09376912654600 0.00000000000000
545.45881830897400 156.21926020947800 0.00000000000000
118.26774794955200 214.82024162452500 0.00000000000000
13.77203951236790 84.04050117191620 0.00000000000000
1108.40854532288000 96.30259919523280 0.00000000000000
660.39555990488300 535.53703343710200 0.00000000000000
663.93577887594800 253.16482140897100 0.00000000000000
1282.73016431138000 642.97100426851800 0.00000000000000
1307.48323493896000 616.30666384438700 0.00000000000000
1092.22581347731000 761.45242770475700 0.00000000000000
883.13867268479000 12.54034147245890 0.00000000000000
253.72442913272400 359.40477472047900 0.00000000000000
510.45041554502200 217.25948206907000 0.00000000000000
490.82116447733400 569.50784566706000 0.00000000000000
635.16224943042900 442.44159987080900 0.00000000000000
902.24681887018200 467.56672992094800 0.00000000000000
1160.47726132606000 727.40062034529700 0.00000000000000
409.91685041258100 621.30813302035200 0.00000000000000
194.71097581199700 881.27453287843300 0.00000000000000
571.44844808079400 533.12090163875300 0.00000000000000
1089.38143813332000 808.07331903534300 0.00000000000000
676.06343315452100 728.66508568222400 0.00000000000000
155.92036473091300 548.49294270194100 0.00000000000000
1303.58201015823000 53.71506006520320 0.00000000000000
106.84324117970400 57.81616680391560 0.00000000000000
75.15507508901030 269.82357968586100 0.00000000000000
185.65550006709000 105.98016698484600 0.00000000000000
137.68825192873400 553.08764783000600 0.00000000000000
576.64381837932100 674.46785573015700 0.00000000000000
1294.20461410064000 802.30726669518000 0.00000000000000
932.94741800266700 884.83813112739500 0.00000000000000
821.01694120586200 750.16344304181900 0.00000000000000
293.80611394332500 36.64998810408100 0.00000000000000
746.01927905049200 59.57116547543060 0.00000000000000
85.43702109882840 901.26175273224500 0.00000000000000
1305.51747466232000 901.51093034057100 0.00000000000000
1183.55625610535000 585.00792554601100 0.00000000000000
321.54380800908600 411.88903714212000 0.00000000000000
1047.22221046486000 219.27380195091800 0.00000000000000
1319.57731887635000 751.28180526858000 0.00000000000000
32.29799997323940 359.04702792929100 0.00000000000000
389.96844119573900 192.53209265395200 0.00000000000000
1342.60404691482000 240.98413850905800 0.00000000000000
1030.63388661498000 434.31552137334800 0.00000000000000
1147.28111391113000 535.00705705337200 0.00000000000000
299.77167433692700 426.35912062384600 0.00000000000000
400.95818223137300 852.11703017828600 0.00000000000000
208.66847809734600 602.24316124172000 0.00000000000000
1082.79472745897000 300.91582748348700 0.00000000000000
120.63030193075400 81.27495295974300 0.00000000000000
829.90440156532400 864.33315488052500 0.00000000000000
1197.56128393853000 543.59974530874700 0.00000000000000
813.93575190663500 406.54383884687800 0.00000000000000
450.25786771023100 156.64573715371800 0.00000000000000
764.28107292331400 11.77763896172260 0.00000000000000
267.04388767714900 563.78443480300500 0.00000000000000
788.80933742466600 624.02229878269500 0.00000000000000
94.06529486459620 156.35601732098700 0.00000000000000
897.93681711652600 726.34074278406700 0.00000000000000
457.88238822435700 763.28171925277500 0.00000000000000
1249.57544682930000 304.88047521215200 0.00000000000000
846.39529341048000 211.36280725062600 0.00000000000000
1011.39312505334000 545.80490750916100 0.00000000000000
1020.85981851963000 533.31889106091400 0.00000000000000
814.59436959429000 722.88608107405000 0.00000000000000
1141.89793169340000 464.90468168790600 0.00000000000000
481.45508904596200 13.67212420284160 0.00000000000000
1024.55819772489000 671.31429652411500 0.00000000000000
10.84902090859280 248.19345255476200 0.00000000000000
1007.04427544839000 502.06888560758100 0.00000000000000
1224.07816278677000 360.62231035107800 0.00000000000000
12.83801026640750 390.64337520206000 0.00000000000000
1107.20142618888000 218.10741110497900 0.00000000000000
905.07315565432500 823.80801602908800 0.00000000000000
787.52638089390000 49.11359853593380 0.00000000000000
1283.97388890183000 554.52430961378000 0.00000000000000
943.64314558973600 794.02345937031800 0.00000000000000
1036.43361041926000 124.05307303802800 0.00000000000000
605.86219645672600 64.11006897538420 0.00000000000000
599.58214502007900 735.76182655326900 0.00000000000000
531.30847820233700 200.52212279461500 0.00000000000000
120.14538394014300 190.55940764627600 0.00000000000000
1293.18482139139000 480.97759947980900 0.00000000000000
1199.91738739646000 346.58379488740200 0.00000000000000
253.74882244050900 63.23005232229000 0.00000000000000
1034.08713542271000 538.11263278409400 0.00000000000000
608.61775628818300 231.71942639665100 0.00000000000000
604.21708434123600 214.97063627714100 0.00000000000000
839.40363263757200 299.79377397712800 0.00000000000000
350.50447692817000 362.32717990708800 0.00000000000000
1359.78365701060000 902.58365701060100 0.00000000000000
1297.32535348728000 693.66132432389300 0.00000000000000
760.89675051963500 656.64008486377600 0.00000000000000
525.58685177966400 726.72931695559200 0.00000000000000
1214.85407121173000 133.91373003136400 0.00000000000000
1176.38430057928000 398.45115433587200 0.00000000000000
152.33072786204600 698.40799459267100 0.00000000000000
504.80189201042700 563.15079202112200 0.00000000000000
1080.13902959855000 203.99073309863300 0.00000000000000
1309.76366720093000 404.53073534617800 0.00000000000000
228.81904706017200 211.56511967911000 0.00000000000000
277.46224514565800 798.96769591733800 0.00000000000000
700.36976190766800 431.75017326868700 0.00000000000000
854.28533232550100 502.82139222828800 0.00000000000000
1098.62929099050000 529.15664998802200 0.00000000000000
859.60751739195700 693.94296858859700 0.00000000000000
1129.42125974063000 868.23029536278200 0.00000000000000
337.62499129416300 461.30750020929900 0.00000000000000
780.98630469027600 362.47179375221500 0.00000000000000
770.63538330913100 71.79522954624700 0.00000000000000
459.34805767993700 674.81980914388200 0.00000000000000
474.44664859014800 798.06521237679100 0.00000000000000
10.22647552559890 606.28695652173900 0.00000000000000
1139.97688287944000 62.16420426405150 0.00000000000000
869.22083385411900 875.98120623582400 0.00000000000000
792.78561488345400 530.91155839217000 0.00000000000000
1317.71376781533000 709.84521413184200 0.00000000000000
876.40323277688800 299.70227169959800 0.00000000000000
698.99407281461400 544.45220819146900 0.00000000000000
1290.79840501078000 321.17016954089300 0.00000000000000
565.96865829551900 290.91127819957700 0.00000000000000
73.96330016794220 527.87630656115200 0.00000000000000
213.57811066719500 418.66279248279600 0.00000000000000
408.20417824060100 151.80652971394900 0.00000000000000
854.84553876421000 94.99566009452050 0.00000000000000
741.70851233812300 223.16449131070900 0.00000000000000
1129.69872241642000 145.03934942427100 0.00000000000000
126.77311874802300 641.45728289733900 0.00000000000000
1131.50025390673000 725.15128009297700 0.00000000000000
1139.07925158868000 711.22980502696300 0.00000000000000
180.65394249877100 556.75834382667200 0.00000000000000
633.92984151396300 626.89472694628600 0.00000000000000
755.15491124661700 793.89662166854600 0.00000000000000
1010.03870411559000 900.77415339050900 0.00000000000000
1254.03413830473000 578.01184386591300 0.00000000000000
891.20144662142300 900.88285096677700 0.00000000000000
782.60150049812000 236.02892305862600 0.00000000000000
658.00981274087600 427.62328932515600 0.00000000000000
519.58836712886200 35.39577191913090 0.00000000000000
371.83613767656700 589.38060975475100 0.00000000000000
859.61538468392000 51.49855994895660 0.00000000000000
476.83551494641700 592.07493889766100 0.00000000000000
1231.75090045797000 151.78617282400900 0.00000000000000
218.71577138165200 735.26194864970600 0.00000000000000
319.40137457889300 29.36884570098670 0.00000000000000
1130.13679096889000 698.54422645884000 0.00000000000000
739.10359542148900 272.91516805500700 0.00000000000000
729.92190402698100 284.41572349103400 0.00000000000000
976.38322535567500 41.08961668502630 0.00000000000000
333.05519723445900 885.07638787713100 0.00000000000000
837.92764332195700 708.14365618042800 0.00000000000000
614.33152413086900 462.07278205254500 0.00000000000000
647.25129531112100 179.86316152497500 0.00000000000000
550.17444616828600 664.39832529253500 0.00000000000000
549.23170602129500 116.08297593043000 0.00000000000000
1339.69689255173000 902.57346168082100 0.00000000000000
56.21845644894040 192.32529617837100 0.00000000000000
1182.22170739526000 637.72852719922800 0.00000000000000
108.86880256277100 784.48018805036800 0.00000000000000
96.96843072422360 139.71350974198600 0.00000000000000
294.12400488677800 500.78395852574700 0.00000000000000
30.17096884212310 807.78622770947100 0.00000000000000
836.98576043590600 117.79734942921700 0.00000000000000
846.98632704746800 593.66118142922900 0.00000000000000
514.99362225769000 584.90812560410900 0.00000000000000
570.54157425833600 618.57725968439600 0.00000000000000
292.93121321021900 258.32959954325000 0.00000000000000
1275.20466977804000 725.08671742965300 0.00000000000000
180.10391645026600 795.27803171211200 0.00000000000000
977.05353415327100 183.08583965111300 0.00000000000000
328.50966062286300 648.32865351516400 0.00000000000000
560.35521914429800 580.50714809379100 0.00000000000000
310.00546875739300 648.02496986691100 0.00000000000000
569.06725623845900 304.25867179146300 0.00000000000000
628.89478579029800 290.18415385385400 0.00000000000000
284.98355870544600 635.95859019078200 0.00000000000000
525.60747873088000 83.35576153196940 0.00000000000000
1294.78856870296000 336.25921271304100 0.00000000000000
68.69444119735940 36.92890225642660 0.00000000000000
837.25802261495300 442.49991030281600 0.00000000000000
687.76247809905700 733.23521751987100 0.00000000000000
1025.20721601426000 257.30733146015400 0.00000000000000
377.01515819413000 546.61762673477800 0.00000000000000
1166.71933856027000 570.70695801267400 0.00000000000000
586.82509498449000 903.69806606648500 0.00000000000000
462.32703667628200 327.81653064695500 0.00000000000000
900.21135768224300 508.69326030755800 0.00000000000000
393.85625878257400 131.37834257509200 0.00000000000000
1240.66737512011000 362.68099368102000 0.00000000000000
136.24338223548800 479.40991786693900 0.00000000000000
91.05966115407690 692.49837573293100 0.00000000000000
325.44237996230000 368.17842271702300 0.00000000000000
1312.68267858095000 545.82445439204100 0.00000000000000
1314.47677182252000 277.59533899882600 0.00000000000000
1097.45733379725000 664.46424035011300 0.00000000000000
33.27392382282780 318.09310859975900 0.00000000000000
622.09217654893200 817.47718326265400 0.00000000000000
845.83065516248700 880.08829673757600 0.00000000000000
466.19276644370300 867.18444530908700 0.00000000000000
686.30122850314100 881.01565077776100 0.00000000000000
850.17468195668400 617.53498852033600 0.00000000000000
411.73181796833800 127.46376611072000 0.00000000000000
31.64822431518830 779.45864890098900 0.00000000000000
608.72206659066100 645.42695298627000 0.00000000000000
30.00663234365040 734.37616194078700 0.00000000000000
1105.01157262626000 398.15630355727900 0.00000000000000
336.16823228502500 29.60940474593060 0.00000000000000
1075.64156934248000 745.10971469365000 0.00000000000000
532.41412097403200 40.71053162759230 0.00000000000000
797.59395221590900 787.12737420404500 0.00000000000000
186.43280849951700 423.75502244494400 0.00000000000000
592.43460351094300 375.91495414078300 0.00000000000000
27.76760657648910 574.65746802955900 0.00000000000000
668.58421875238400 705.56950629501900 0.00000000000000
367.92493588685200 489.33958740421100 0.00000000000000
820.75188923550800 204.27883719750600 0.00000000000000
84.64984385424610 593.88251134849100 0.00000000000000
1282.36684741180000 616.20669646077200 0.00000000000000
1161.27814541907000 517.16467716638600 0.00000000000000
854.56825143969300 435.36273834403100 0.00000000000000
93.41252488401010 234.72799355466300 0.00000000000000
467.77467726702800 225.10607113832000 0.00000000000000
735.66740762889000 157.55139710709100 0.00000000000000
684.34983866404700 435.73337441368200 0.00000000000000
593.62285781777100 13.69290098009600 0.00000000000000
738.92391421798100 602.70660528902300 0.00000000000000
0.00000000000000 0.00000000000000 1.00000000000000
1371.60000000000000 0.00000000000000 1.00000000000000
1371.60000000000000 914.40000000000000 1.00000000000000
0.00000000000000 914.40000000000000 1.00000000000000
19.87826086956520 0.00000000000000 1.00000000000000
39.75652173913040 0.00000000000000 1.00000000000000
59.63478260869560 0.00000000000000 1.00000000000000
79.51304347826080 0.00000000000000 1.00000000000000
99.39130434782590 0.00000000000000 1.00000000000000
119.26956521739100 0.00000000000000 1.00000000000000
139.14782608695600 0.00000000000000 1.00000000000000
159.02608695652200 0.00000000000000 1.00000000000000
178.90434782608700 0.00000000000000 1.00000000000000
198.78260869565200 0.00000000000000 1.00000000000000
218.66086956521700 0.00000000000000 1.00000000000000
238.53913043478200 0.00000000000000 1.00000000000000
258.41739130434800 0.00000000000000 1.00000000000000
278.29565217391300 0.00000000000000 1.00000000000000
298.17391304347800 0.00000000000000 1.00000000000000
318.05217391304300 0.00000000000000 1.00000000000000
337.93043478260800 0.00000000000000 1.00000000000000
357.80869565217300 0.00000000000000 1.00000000000000
377.68695652173900 0.00000000000000 1.00000000000000
397.56521739130400 0.00000000000000 1.00000000000000
417.44347826086900 0.00000000000000 1.00000000000000
437.32173913043400 0.00000000000000 1.00000000000000
457.19999999999900 0.00000000000000 1.00000000000000
477.07826086956400 0.00000000000000 1.00000000000000
496.95652173913000 0.00000000000000 1.00000000000000
516.83478260869500 0.00000000000000 1.00000000000000
536.71304347826000 0.00000000000000 1.00000000000000
556.59130434782500 0.00000000000000 1.00000000000000
576.46956521739100 0.00000000000000 1.00000000000000
596.34782608695600 0.00000000000000 1.00000000000000
616.22608695652100 0.00000000000000 1.00000000000000
636.10434782608600 0.00000000000000 1.00000000000000
655.98260869565100 0.00000000000000 1.00000000000000
675.86086956521700 0.00000000000000 1.00000000000000
695.73913043478200 0.00000000000000 1.00000000000000
715.61739130434700 0.00000000000000 1.00000000000000
735.49565217391200 0.00000000000000 1.00000000000000
755.37391304347700 0.00000000000000 1.00000000000000
775.25217391304300 0.00000000000000 1.00000000000000
795.13043478260800 0.00000000000000 1.00000000000000
815.00869565217300 0.00000000000000 1.00000000000000
834.88695652173800 0.00000000000000 1.00000000000000
854.76521739130300 0.00000000000000 1.00000000000000
874.64347826086900 0.00000000000000 1.00000000000000
894.52173913043400 0.00000000000000 1.00000000000000
914.39999999999900 0.00000000000000 1.00000000000000
934.27826086956400 0.00000000000000 1.00000000000000
954.15652173912900 0.00000000000000 1.00000000000000
974.03478260869400 0.00000000000000 1.00000000000000
993.91304347826000 0.00000000000000 1.00000000000000
1013.79130434783000 0.00000000000000 1.00000000000000
1033.66956521739000 0.00000000000000 1.00000000000000
1053.54782608695000 0.00000000000000 1.00000000000000
1073.42608695652000 0.00000000000000 1.00000000000000
1093.30434782609000 0.00000000000000 1.00000000000000
1113.18260869565000 0.00000000000000 1.00000000000000
1133.06086956522000 0.00000000000000 1.00000000000000
1152.93913043478000 0.00000000000000 1.00000000000000
1172.81739130435000 0.00000000000000 1.00000000000000
1192.69565217391000 0.00000000000000 1.00000000000000
1212.57391304348000 0.00000000000000 1.00000000000000
1232.45217391304000 0.00000000000000 1.00000000000000
1252.33043478261000 0.00000000000000 1.00000000000000
1272.20869565217000 0.00000000000000 1.00000000000000
1292.08695652174000 0.00000000000000 1.00000000000000
1311.96521739130000 0.00000000000000 1.00000000000000
1331.84347826087000 0.00000000000000 1.00000000000000
1351.72173913044000 0.00000000000000 1.00000000000000
1371.60000000000000 19.87826086956520 1.00000000000000
1371.60000000000000 39.75652173913040 1.00000000000000
1371.60000000000000 59.63478260869560 1.00000000000000
1371.60000000000000 79.51304347826080 1.00000000000000
1371.60000000000000 99.39130434782590 1.00000000000000
1371.60000000000000 119.26956521739100 1.00000000000000
1371.60000000000000 139.14782608695600 1.00000000000000
1371.60000000000000 159.02608695652200 1.00000000000000
1371.60000000000000 178.90434782608700 1.00000000000000
1371.60000000000000 198.78260869565200 1.00000000000000
1371.60000000000000 218.66086956521700 1.00000000000000
1371.60000000000000 238.53913043478200 1.00000000000000
1371.60000000000000 258.41739130434800 1.00000000000000
1371.60000000000000 278.29565217391300 1.00000000000000
1371.60000000000000 298.17391304347800 1.00000000000000
1371.60000000000000 318.05217391304300 1.00000000000000
1371.60000000000000 337.93043478260800 1.00000000000000
1371.60000000000000 357.80869565217300 1.00000000000000
1371.60000000000000 377.68695652173900 1.00000000000000
1371.60000000000000 397.56521739130400 1.00000000000000
1371.60000000000000 417.44347826086900 1.00000000000000
1371.60000000000000 437.32173913043400 1.00000000000000
1371.60000000000000 457.19999999999900 1.00000000000000
1371.60000000000000 477.07826086956400 1.00000000000000
1371.60000000000000 496.95652173912900 1.00000000000000
1371.60000000000000 516.83478260869400 1.00000000000000
1371.60000000000000 536.71304347825900 1.00000000000000
1371.60000000000000 556.59130434782500 1.00000000000000
1371.60000000000000 576.46956521739000 1.00000000000000
1371.60000000000000 596.34782608695500 1.00000000000000
1371.60000000000000 616.22608695652000 1.00000000000000
1371.60000000000000 636.10434782608600 1.00000000000000
1371.60000000000000 655.98260869565100 1.00000000000000
1371.60000000000000 675.86086956521600 1.00000000000000
1371.60000000000000 695.73913043478200 1.00000000000000
1371.60000000000000 715.61739130434700 1.00000000000000
1371.60000000000000 735.49565217391200 1.00000000000000
1371.60000000000000 755.37391304347800 1.00000000000000
1371.60000000000000 775.25217391304300 1.00000000000000
1371.60000000000000 795.13043478260800 1.00000000000000
1371.60000000000000 815.00869565217300 1.00000000000000
1371.60000000000000 834.88695652173900 1.00000000000000
1371.60000000000000 854.76521739130400 1.00000000000000
1371.60000000000000 874.64347826087000 1.00000000000000
1371.60000000000000 894.52173913043500 1.00000000000000
1351.72173913044000 914.40000000000000 1.00000000000000
1331.84347826087000 914.40000000000000 1.00000000000000
1311.96521739130000 914.40000000000000 1.00000000000000
1292.08695652174000 914.40000000000000 1.00000000000000
1272.20869565217000 914.40000000000000 1.00000000000000
1252.33043478261000 914.40000000000000 1.00000000000000
1232.45217391304000 914.40000000000000 1.00000000000000
1212.57391304348000 914.40000000000000 1.00000000000000
1192.69565217391000 914.40000000000000 1.00000000000000
1172.81739130435000 914.40000000000000 1.00000000000000
1152.93913043478000 914.40000000000000 1.00000000000000
1133.06086956522000 914.40000000000000 1.00000000000000
1113.18260869565000 914.40000000000000 1.00000000000000
1093.30434782609000 914.40000000000000 1.00000000000000
1073.42608695652000 914.40000000000000 1.00000000000000
1053.54782608696000 914.40000000000000 1.00000000000000
1033.66956521739000 914.40000000000000 1.00000000000000
1013.79130434783000 914.40000000000000 1.00000000000000
993.91304347826100 914.40000000000000 1.00000000000000
974.03478260869600 914.40000000000000 1.00000000000000
954.15652173913100 914.40000000000000 1.00000000000000
934.27826086956600 914.40000000000000 1.00000000000000
914.40000000000100 914.40000000000000 1.00000000000000
894.52173913043500 914.40000000000000 1.00000000000000
874.64347826087000 914.40000000000000 1.00000000000000
854.76521739130500 914.40000000000000 1.00000000000000
834.88695652174000 914.40000000000000 1.00000000000000
815.00869565217500 914.40000000000000 1.00000000000000
795.13043478260900 914.40000000000000 1.00000000000000
775.25217391304400 914.40000000000000 1.00000000000000
755.37391304347900 914.40000000000000 1.00000000000000
735.49565217391400 914.40000000000000 1.00000000000000
715.61739130434900 914.40000000000000 1.00000000000000
695.73913043478300 914.40000000000000 1.00000000000000
675.86086956521800 914.40000000000000 1.00000000000000
655.98260869565300 914.40000000000000 1.00000000000000
636.10434782608800 914.40000000000000 1.00000000000000
616.22608695652300 914.40000000000000 1.00000000000000
596.34782608695700 914.40000000000000 1.00000000000000
576.46956521739200 914.40000000000000 1.00000000000000
556.59130434782700 914.40000000000000 1.00000000000000
536.71304347826200 914.40000000000000 1.00000000000000
516.83478260869700 914.40000000000000 1.00000000000000
496.95652173913100 914.40000000000000 1.00000000000000
477.07826086956600 914.40000000000000 1.00000000000000
457.20000000000100 914.40000000000000 1.00000000000000
437.32173913043600 914.40000000000000 1.00000000000000
417.44347826087100 914.40000000000000 1.00000000000000
397.56521739130500 914.40000000000000 1.00000000000000
377.68695652174000 914.40000000000000 1.00000000000000
357.80869565217500 914.40000000000000 1.00000000000000
337.93043478261000 914.40000000000000 1.00000000000000
318.05217391304400 914.40000000000000 1.00000000000000
298.17391304347900 914.40000000000000 1.00000000000000
278.29565217391400 914.40000000000000 1.00000000000000
258.41739130434900 914.40000000000000 1.00000000000000
238.53913043478300 914.40000000000000 1.00000000000000
218.66086956521800 914.40000000000000 1.00000000000000
198.78260869565300 914.40000000000000 1.00000000000000
178.90434782608800 914.40000000000000 1.00000000000000
159.02608695652300 914.40000000000000 1.00000000000000
139.14782608695700 914.40000000000000 1.00000000000000
119.26956521739200 914.40000000000000 1.00000000000000
99.39130434782650 914.40000000000000 1.00000000000000
79.51304347826110 914.40000000000000 1.00000000000000
59.63478260869600 914.40000000000000 1.00000000000000
39.75652173913070 914.40000000000000 1.00000000000000
19.87826086956530 914.40000000000000 1.00000000000000
0.00000000000000 894.52173913043500 1.00000000000000
0.00000000000000 874.64347826087000 1.00000000000000
0.00000000000000 854.76521739130400 1.00000000000000
0.00000000000000 834.88695652173900 1.00000000000000
0.00000000000000 815.00869565217400 1.00000000000000
0.00000000000000 795.13043478260900 1.00000000000000
0.00000000000000 775.25217391304400 1.00000000000000
0.00000000000000 755.37391304347900 1.00000000000000
0.00000000000000 735.49565217391300 1.00000000000000
0.00000000000000 715.61739130434800 1.00000000000000
0.00000000000000 695.73913043478300 1.00000000000000
0.00000000000000 675.86086956521800 1.00000000000000
0.00000000000000 655.98260869565200 1.00000000000000
0.00000000000000 636.10434782608700 1.00000000000000
0.00000000000000 616.22608695652200 1.00000000000000
0.00000000000000 596.34782608695700 1.00000000000000
0.00000000000000 576.46956521739200 1.00000000000000
0.00000000000000 556.59130434782600 1.00000000000000
0.00000000000000 536.71304347826100 1.00000000000000
0.00000000000000 516.83478260869600 1.00000000000000
0.00000000000000 496.95652173913100 1.00000000000000
0.00000000000000 477.07826086956600 1.00000000000000
0.00000000000000 457.20000000000100 1.00000000000000
0.00000000000000 437.32173913043600 1.00000000000000
0.00000000000000 417.44347826087100 1.00000000000000
0.00000000000000 397.56521739130600 1.00000000000000
0.00000000000000 377.68695652174000 1.00000000000000
0.00000000000000 357.80869565217500 1.00000000000000
0.00000000000000 337.93043478261000 1.00000000000000
0.00000000000000 318.05217391304500 1.00000000000000
0.00000000000000 298.17391304348000 1.00000000000000
0.00000000000000 278.29565217391400 1.00000000000000
0.00000000000000 258.41739130434900 1.00000000000000
0.00000000000000 238.53913043478400 1.00000000000000
0.00000000000000 218.66086956521800 1.00000000000000
0.00000000000000 198.78260869565300 1.00000000000000
0.00000000000000 178.90434782608800 1.00000000000000
0.00000000000000 159.02608695652300 1.00000000000000
0.00000000000000 139.14782608695700 1.00000000000000
0.00000000000000 119.26956521739200 1.00000000000000
0.00000000000000 99.39130434782660 1.00000000000000
0.00000000000000 79.51304347826110 1.00000000000000
0.00000000000000 59.63478260869590 1.00000000000000
0.00000000000000 39.75652173913060 1.00000000000000
0.00000000000000 19.87826086956530 1.00000000000000
662.76668814843000 455.42928980120100 1.00000000000000
1010.11928570623000 359.79646621780100 1.00000000000000
341.90614026228400 571.07849852862700 1.00000000000000
425.59130483940400 293.98654150295200 1.00000000000000
901.53978877260900 624.93710222734200 1.00000000000000
794.13551455016400 246.30214660887700 1.00000000000000
561.75977024042800 675.60109852237000 1.00000000000000
1132.33124503322000 566.63744703698400 1.00000000000000
222.69857358239900 383.96671446474200 1.00000000000000
1161.02251220757000 210.57748779242800 1.00000000000000
200.60109985722500 711.87170593445900 1.00000000000000
598.41772182841800 196.84652523980700 1.00000000000000
258.70110947988600 192.90940557832300 1.00000000000000
740.66833284125300 724.38693101117300 1.00000000000000
850.19572502649400 448.20650418571400 1.00000000000000
1051.85379045311000 731.44449375994300 1.00000000000000
964.26195729754500 177.67422965001900 1.00000000000000
1191.52941769765000 394.83170898983100 1.00000000000000
483.59473750804600 461.41555213583600 1.00000000000000
397.44611706478700 738.65288445027300 1.00000000000000
171.49728470258900 546.21660667250300 1.00000000000000
1209.62437732798000 708.14605930846900 1.00000000000000
759.55095232403700 576.44294734500200 1.00000000000000
993.96860807875700 508.55749471650200 1.00000000000000
461.38182505711400 148.04765258624400 1.00000000000000
577.03923840134300 345.16283757710000 1.00000000000000
882.17276953330800 770.11692185147200 1.00000000000000
143.73154056740600 271.13890976189600 1.00000000000000
358.50770845988800 411.03186338364700 1.00000000000000
135.21343967344000 136.59808478325400 1.00000000000000
718.84591924455800 134.38233657832600 1.00000000000000
626.16900115046900 785.37921589184400 1.00000000000000
846.50057589904300 131.83871843938100 1.00000000000000
700.38972375594500 334.13169680233600 1.00000000000000
1244.34204418316000 508.73474694838900 1.00000000000000
576.36713892902600 547.78162114529200 1.00000000000000
891.26696462208800 332.56444832652600 1.00000000000000
462.64043856576600 597.44380519486000 1.00000000000000
1071.72873595884000 123.53669844479500 1.00000000000000
1245.46443098306000 121.80763872924000 1.00000000000000
508.17153755196900 793.69096665756800 1.00000000000000
1249.32104858209000 289.13499697812400 1.00000000000000
294.28506813235000 793.97855086838200 1.00000000000000
307.69267634316400 301.50579420173500 1.00000000000000
118.29891067543300 439.65126663404700 1.00000000000000
117.61425068595700 796.78574931404300 1.00000000000000
350.86520686614800 114.10052280701700 1.00000000000000
1017.92140556964000 622.36170536897700 1.00000000000000
1144.92378266050000 803.10933337834900 1.00000000000000
1056.13575589585000 249.12899657493300 1.00000000000000
1087.27177322977000 447.88232216181500 1.00000000000000
264.98928461854200 487.99503650226000 1.00000000000000
112.14761525820900 644.67436510815600 1.00000000000000
668.07879965062600 645.96851370917400 1.00000000000000
305.33897965676400 677.09922257782300 1.00000000000000
1262.88524300131000 808.67858965383000 1.00000000000000
1264.03832999603000 614.66939190265000 1.00000000000000
976.19052045996100 810.37387498530500 1.00000000000000
555.97346903455800 104.24111523213200 1.00000000000000
791.11539813826700 814.99410476236300 1.00000000000000
1136.98210286657000 307.39587717442300 1.00000000000000
520.27084886328500 259.78103523423200 1.00000000000000
796.03942267776400 363.92399720466600 1.00000000000000
693.02238591574200 236.16094423291300 1.00000000000000
358.36880315703600 216.00727192367500 1.00000000000000
226.51702506377900 99.32475725525130 1.00000000000000
958.46009525674800 705.77555401146600 1.00000000000000
1122.55640666691000 664.23628279879800 1.00000000000000
809.58095205855500 660.07363568417900 1.00000000000000
851.00695107926600 544.16898691669500 1.00000000000000
756.62940696226900 482.23294529124300 1.00000000000000
943.77469966540000 425.83647166585300 1.00000000000000
249.10468088358100 601.55060106185600 1.00000000000000
481.38978912735200 368.42859447533200 1.00000000000000
885.90992139537700 233.57179637965600 1.00000000000000
935.03968922380700 94.60287383844300 1.00000000000000
399.47943185547900 499.02560312458300 1.00000000000000
96.23065096434450 351.81290661298400 1.00000000000000
575.79593295015100 439.77681008379200 1.00000000000000
1278.81741242287000 422.20353389476700 1.00000000000000
1160.52135908295000 93.43179800959520 1.00000000000000
669.99579044455800 550.07654135759400 1.00000000000000
966.69420928258800 278.49310224933200 1.00000000000000
205.63009825415000 822.42137520571400 1.00000000000000
470.45506212279800 686.68220949717700 1.00000000000000
1280.29285351419000 204.53875631126100 1.00000000000000
388.91194675978300 648.60471344171500 1.00000000000000
420.99831547165200 824.00396122791900 1.00000000000000
643.14319019696800 88.32995046839400 1.00000000000000
705.70736855443900 824.18280010424600 1.00000000000000
86.38567271224720 516.39015907047200 1.00000000000000
220.09593678267100 297.23832967196200 1.00000000000000
1061.55291383620000 829.11638662888900 1.00000000000000
1162.42385588771000 486.45838219653900 1.00000000000000
88.32227710944120 203.19935774565600 1.00000000000000
83.09914145264130 721.00204992407200 1.00000000000000
622.64423304926900 278.03381216895800 1.00000000000000
1290.09770772424000 726.64860877164700 1.00000000000000
781.75598503195200 82.84151083225490 1.00000000000000
418.91208724622200 80.10808965665150 1.00000000000000
180.00911177449400 200.17599066594800 1.00000000000000
914.20483829126700 500.12742176622900 1.00000000000000
79.07670203473460 79.07670203473470 1.00000000000000
730.14597293783600 409.78195855543300 1.00000000000000
191.31736700919500 472.30083718641200 1.00000000000000
639.04144775289100 382.59007230599100 1.00000000000000
1010.37629623456000 78.45428794813450 1.00000000000000
1057.00728830879000 557.19265122461400 1.00000000000000
1187.10845556760000 621.03611193873000 1.00000000000000
566.33991453923400 837.38575236683000 1.00000000000000
1088.81521454050000 367.17969150729100 1.00000000000000
664.95110118614700 719.16998679445800 1.00000000000000
956.41727412365700 576.71381513456200 1.00000000000000
783.55753542272900 170.55342479162700 1.00000000000000
909.29178167291200 839.01713481493800 1.00000000000000
187.87474453932900 639.39530576097100 1.00000000000000
451.96323192211800 222.98638214031800 1.00000000000000
525.31942172150900 184.27553126498400 1.00000000000000
1297.45487047581000 353.08956791133300 1.00000000000000
506.08926459506600 534.63064649603400 1.00000000000000
348.67082634086500 840.52484838954200 1.00000000000000
873.82315128172700 695.28589346331300 1.00000000000000
562.22659405897100 748.35465492442800 1.00000000000000
813.84513105935300 737.51219608861000 1.00000000000000
370.01954328388300 339.37731994677900 1.00000000000000
297.20290511399900 373.21608304013900 1.00000000000000
1018.10723850625000 439.67062822182600 1.00000000000000
492.21549848226200 72.61738132344110 1.00000000000000
1299.73659175034000 72.48192739507610 1.00000000000000
1201.26781309461000 838.48500746203300 1.00000000000000
164.42084492279600 341.73032458731800 1.00000000000000
535.36445395712100 606.33366878402800 1.00000000000000
429.97354252665700 415.26036439449900 1.00000000000000
1036.74769375927000 184.69721563167200 1.00000000000000
739.29191087595000 654.15290797717700 1.00000000000000
294.59887429378900 70.91709771065480 1.00000000000000
1299.45634844580000 550.52407209326400 1.00000000000000
69.23198655240920 283.38254054542700 1.00000000000000
163.30888189415500 70.39836601757780 1.00000000000000
69.36283669751730 588.34722659830600 1.00000000000000
602.51112860301800 613.87653209375400 1.00000000000000
1120.30794940732000 734.44126233556800 1.00000000000000
67.87158474883790 846.23059876456200 1.00000000000000
652.37686380683900 157.94447945638500 1.00000000000000
334.92298752480700 474.94101278464300 1.00000000000000
708.07380098275400 65.79811978764140 1.00000000000000
266.44210552180300 730.93148563669200 1.00000000000000
761.64557020323500 305.90694661587100 1.00000000000000
869.70408848913500 63.81516359034190 1.00000000000000
1197.38925470247000 556.87934889487800 1.00000000000000
823.38573363474100 303.07579171468800 1.00000000000000
1204.04669221996000 775.60205106437600 1.00000000000000
898.65001231344500 171.02601231932100 1.00000000000000
331.32842278078400 742.04715178151300 1.00000000000000
407.83913332333500 560.26831860348900 1.00000000000000
1307.55707315605000 483.20780179358100 1.00000000000000
395.88487647812400 161.62463774828800 1.00000000000000
1220.73060714164000 183.03390828185700 1.00000000000000
944.67121218066200 362.96993699754900 1.00000000000000
889.66413871578600 393.98634183887900 1.00000000000000
1105.58882764252000 182.39476412837500 1.00000000000000
641.22953688756400 850.60839931775800 1.00000000000000
1306.64205719106000 664.42633367561300 1.00000000000000
609.03125959239900 494.13655615294400 1.00000000000000
841.59018396518800 853.27059583538400 1.00000000000000
1098.53092330693000 511.27497933252800 1.00000000000000
1101.64836162595000 64.74692881807610 1.00000000000000
1219.71844373351000 64.76195834080760 1.00000000000000
65.03017313100170 142.66930587431200 1.00000000000000
1198.56169647318000 330.08477421270800 1.00000000000000
1076.07187081227000 615.17169093333200 1.00000000000000
287.10005289683100 133.09976177098900 1.00000000000000
1307.61666124962000 144.88018175399200 1.00000000000000
1307.52440886366000 850.32440886365700 1.00000000000000
1194.48629033095000 264.91122641816900 1.00000000000000
63.33173555355540 406.85234658948000 1.00000000000000
261.89702117288200 850.92443624052700 1.00000000000000
1222.40503714368000 447.51342092074500 1.00000000000000
460.07847105096600 749.08355202597700 1.00000000000000
475.99036248429400 855.68056428234900 1.00000000000000
1310.06335896237000 262.38731477253500 1.00000000000000
148.12212616630400 851.97854901428800 1.00000000000000
143.32629478927700 739.32372284660900 1.00000000000000
787.79690465710800 429.29915204870500 1.00000000000000
300.17126755914100 242.15243211977800 1.00000000000000
244.01642767612500 669.04505529389500 1.00000000000000
290.85206731429000 545.42485598970600 1.00000000000000
1055.47668127716000 316.09704548064900 1.00000000000000
363.75336758975700 277.35039777881800 1.00000000000000
813.61489954725100 596.56302385146400 1.00000000000000
1013.05227442250000 685.03864858123900 1.00000000000000
958.91158579980300 643.99600950519000 1.00000000000000
547.29122263738400 492.45112261354300 1.00000000000000
839.57708191015400 194.47477210114200 1.00000000000000
1115.35497757700000 251.70413486214400 1.00000000000000
265.88453112732500 426.95943616625100 1.00000000000000
483.89761374266400 306.66766257457200 1.00000000000000
60.00425505994470 777.66046607973600 1.00000000000000
60.43226671868340 461.13293898924700 1.00000000000000
167.17403190292200 403.01025205117600 1.00000000000000
1116.91652482278000 855.35608608567700 1.00000000000000
620.42161259304200 679.10074325309900 1.00000000000000
1171.48971977627000 150.27286963903800 1.00000000000000
358.45224438132200 57.24614514641260 1.00000000000000
538.29789507947200 385.58889815285700 1.00000000000000
228.14443233054800 532.95232077793900 1.00000000000000
940.18929838794000 764.69917532089700 1.00000000000000
1001.71757169501000 138.36794927200400 1.00000000000000
699.74546741793500 763.70493568790200 1.00000000000000
59.37693936548940 665.92557470715300 1.00000000000000
726.12697714493500 528.04725727913200 1.00000000000000
308.39814430969600 617.43064962982500 1.00000000000000
1133.00911747033000 404.81339827298800 1.00000000000000
815.95766515628300 495.80540091176600 1.00000000000000
593.11304334343500 59.64884984013010 1.00000000000000
129.00309055442000 587.34961695162800 1.00000000000000
999.38411986517800 229.98768855201300 1.00000000000000
996.69392983692900 751.54550606011300 1.00000000000000
224.95990705811100 237.79715847274900 1.00000000000000
1245.21670825479000 376.34672085370400 1.00000000000000
221.13947348902300 768.01666021321800 1.00000000000000
705.03959654672100 596.21896505820800 1.00000000000000
424.46543185821600 359.11821518988700 1.00000000000000
1009.30862695098000 854.06590487247900 1.00000000000000
215.20579856129900 155.44369149936100 1.00000000000000
137.90790725619800 493.88092563282900 1.00000000000000
1314.43375978000000 783.01314798674100 1.00000000000000
1047.38626348548000 486.97411901505200 1.00000000000000
729.87636200963900 189.68661517626800 1.00000000000000
751.49746404223100 856.87451062348600 1.00000000000000
448.14766382550300 520.30499630126900 1.00000000000000
369.84759603519800 785.27413979290900 1.00000000000000
598.81929330505100 142.37145651302300 1.00000000000000
1084.79119227953000 776.05473489932800 1.00000000000000
153.82569786887900 683.49559896295000 1.00000000000000
900.38257488774300 568.74699458686700 1.00000000000000
571.03410471229300 248.16798747178200 1.00000000000000
313.92975035605000 184.03416360108800 1.00000000000000
1069.99975751657000 676.20643204498200 1.00000000000000
509.83682173208100 724.70535468337800 1.00000000000000
1250.81043864397000 669.11351147179600 1.00000000000000
358.79316982153300 693.97861478738000 1.00000000000000
644.47888640244800 331.40597759835800 1.00000000000000
1250.70228132498000 864.12980193433200 1.00000000000000
1320.66458906507000 608.18476217843100 1.00000000000000
1237.21626661840000 235.65649737038300 1.00000000000000
940.49498104328300 230.22983428295600 1.00000000000000
678.04984320549600 284.98689221648600 1.00000000000000
914.25889656545600 281.70469420068000 1.00000000000000
957.61002822928300 861.30237239549600 1.00000000000000
262.56389697379700 332.05053582976600 1.00000000000000
750.83695715589800 779.62743167933100 1.00000000000000
614.84016576128000 730.78047930297000 1.00000000000000
541.16149794113900 52.61850076453070 1.00000000000000
739.76478178183900 258.63021974008100 1.00000000000000
404.03734203397000 240.70930390115800 1.00000000000000
511.97203431834400 132.48815974441300 1.00000000000000
512.20729614209000 653.54065533430500 1.00000000000000
168.78469431359700 785.19896432840400 1.00000000000000
965.45349844319400 51.53365742967990 1.00000000000000
1250.37178774520000 563.57143811853500 1.00000000000000
419.33630125263400 691.27984801892500 1.00000000000000
820.16411394157100 52.44633720320460 1.00000000000000
847.62342055391900 359.16072166860000 1.00000000000000
1152.77510497842000 358.43893977191200 1.00000000000000
198.45849509146000 588.44660491970200 1.00000000000000
1044.87417090533000 395.36865841347500 1.00000000000000
440.69208597349800 641.17319857474400 1.00000000000000
639.90192420963800 228.35187687261300 1.00000000000000
1171.62562551690000 669.17335435603700 1.00000000000000
535.85808499553300 307.02907457647800 1.00000000000000
246.87274729493100 50.75672541346650 1.00000000000000
795.83340948566900 544.87331050411000 1.00000000000000
743.89751804985700 362.43989570163600 1.00000000000000
1123.22805680177000 127.57117486519800 1.00000000000000
1003.81175791498000 559.66472652794600 1.00000000000000
354.75754311703500 522.87556120665500 1.00000000000000
841.79499521241900 797.94522520424400 1.00000000000000
1321.07428460189000 394.31503530215900 1.00000000000000
1034.16030093964000 787.98368573015400 1.00000000000000
1053.26836129011000 50.44803855988200 1.00000000000000
900.38888708725700 452.65067204497100 1.00000000000000
133.06802858955400 220.21010695632900 1.00000000000000
528.94382455023200 862.96736064991100 1.00000000000000
265.59662100112600 273.94690398039500 1.00000000000000
1136.11295086276000 617.74096603615500 1.00000000000000
1005.46329442787000 310.03774634654400 1.00000000000000
653.63357139745400 595.26921337457800 1.00000000000000
957.37009620530000 474.78021586135000 1.00000000000000
1168.35902656573000 737.73267591415000 1.00000000000000
717.56824649823100 458.26086079430200 1.00000000000000
179.90381685660300 120.98571404475100 1.00000000000000
391.97387985341700 864.98264345759400 1.00000000000000
865.60901674100100 495.40657006235500 1.00000000000000
48.75957740884710 327.24692927647900 1.00000000000000
1245.67350165461000 756.85826263502300 1.00000000000000
853.40672650913200 631.92173990499500 1.00000000000000
626.18663009596400 429.73325052624200 1.00000000000000
590.67174655142600 389.17077980865500 1.00000000000000
118.98555588671300 49.94550734376990 1.00000000000000
841.78244983379400 255.52684531866000 1.00000000000000
915.50913489036300 671.55143515260100 1.00000000000000
46.58063351935380 240.33584761634000 1.00000000000000
778.70002962612800 700.22672334575000 1.00000000000000
708.58658108041500 695.02314329337600 1.00000000000000
436.71671200609300 465.37419944112000 1.00000000000000
388.44993765821700 445.86581038514100 1.00000000000000
985.04753289910300 400.54095956108200 1.00000000000000
771.79574333634300 625.93435286645800 1.00000000000000
306.55916757135800 868.02884898694400 1.00000000000000
1169.11041233763000 437.97728620171900 1.00000000000000
686.87856528387400 501.75415148300900 1.00000000000000
493.05454814888400 416.36367948341000 1.00000000000000
119.53614898637900 389.93117288589600 1.00000000000000
800.38537230586500 867.97363798239400 1.00000000000000
1320.75110284459000 309.40820638837200 1.00000000000000
687.94469401605800 380.74037888533800 1.00000000000000
894.92783641005500 120.62013205022000 1.00000000000000
942.60097672472600 144.78507536072100 1.00000000000000
317.55778987161200 429.83529156537900 1.00000000000000
916.48009363308100 48.21925626978350 1.00000000000000
382.07039873828900 599.83218976526500 1.00000000000000
766.62451765411200 126.36697719761500 1.00000000000000
911.56855783891700 727.81861225657300 1.00000000000000
218.36683173364600 431.50431764216200 1.00000000000000
45.65896659192050 550.50436004780400 1.00000000000000
1147.87908450039000 49.19680199185590 1.00000000000000
122.87903764136600 316.46435347415400 1.00000000000000
627.32347700439200 537.23096621809300 1.00000000000000
342.57580047678400 643.24324965023000 1.00000000000000
664.85267221243500 49.02259110258910 1.00000000000000
1203.02116405581000 119.46128965320500 1.00000000000000
831.58800392656600 408.54241344202300 1.00000000000000
554.97238843739100 792.91768537638900 1.00000000000000
1161.15515484625000 866.71454509149300 1.00000000000000
420.63891175434800 777.77399467631100 1.00000000000000
752.31982087403500 43.85319191507850 1.00000000000000
451.40028547039300 45.98166715303020 1.00000000000000
531.84928761364000 445.63995843470600 1.00000000000000
48.96934098705890 46.29604163953830 1.00000000000000
581.86936367323800 296.50627483306000 1.00000000000000
191.39919172358100 864.45943312453800 1.00000000000000
1324.22589826937000 190.71550081675000 1.00000000000000
1325.97035819753000 441.46240287334000 1.00000000000000
1260.98916334451000 46.97339363103700 1.00000000000000
683.41754128922600 866.01494140185900 1.00000000000000
950.89430511294300 528.51898919367700 1.00000000000000
183.19792570117000 266.71592502471600 1.00000000000000
1096.29471000221000 293.57747146353300 1.00000000000000
684.64351999424400 190.30224456285900 1.00000000000000
247.92047797632700 805.27347880152000 1.00000000000000
438.03820238448700 869.01202075389400 1.00000000000000
941.36882823945500 315.88645796648200 1.00000000000000
41.05292987816010 181.56995543825000 1.00000000000000
200.88942457175500 46.46210730455040 1.00000000000000
460.61744894326800 803.90828654732700 1.00000000000000
601.03652600439300 869.98362691906600 1.00000000000000
474.87577822773900 265.49056649323400 1.00000000000000
457.74866699375600 104.39040352076000 1.00000000000000
1263.26843986832000 466.28459112977600 1.00000000000000
106.97210833017700 869.71978939912400 1.00000000000000
494.57529789511400 214.91070116092500 1.00000000000000
393.81115688091100 115.42338974118600 1.00000000000000
1261.96133292773000 166.27004182410500 1.00000000000000
1160.21922179083000 531.36761934685300 1.00000000000000
1205.71277904991000 509.90632244515400 1.00000000000000
209.24861355462200 341.15005335209600 1.00000000000000
677.78860637192500 118.97779069862500 1.00000000000000
1326.89499225760000 107.27586094372700 1.00000000000000
44.71492473587850 626.55240597815400 1.00000000000000
1329.33115118066000 701.94469006198500 1.00000000000000
116.03674152138900 177.29464528123800 1.00000000000000
97.53511354759800 250.47849397011200 1.00000000000000
352.27363885050100 161.46772179284300 1.00000000000000
125.82978344418600 542.20069139745600 1.00000000000000
557.77517728251300 145.87910539905700 1.00000000000000
671.83281403119800 795.22768303805700 1.00000000000000
860.35600922576200 587.18288182480100 1.00000000000000
339.24583477331700 371.16099145866900 1.00000000000000
520.24330516619900 351.99236948151500 1.00000000000000
119.07557184706800 97.74306145436330 1.00000000000000
829.89222953815700 696.41072119642700 1.00000000000000
868.86427542572400 287.52462162026600 1.00000000000000
431.22607543520200 184.66753444363300 1.00000000000000
1073.63929094869000 868.76201050856600 1.00000000000000
1129.65542494482000 457.40252092188600 1.00000000000000
43.59777015764470 103.84946310076100 1.00000000000000
1065.27610785557000 216.06014819639100 1.00000000000000
1325.05436218513000 520.69797585011700 1.00000000000000
503.00803146417200 577.32839947511800 1.00000000000000
306.62668000294000 505.14059759592200 1.00000000000000
109.83427367047700 686.47608934268500 1.00000000000000
717.46491286106800 296.37493309639100 1.00000000000000
1260.63962167622000 330.09823196523000 1.00000000000000
44.71705043491150 739.10764229701000 1.00000000000000
387.23681236916000 380.53739296561400 1.00000000000000
1223.85868696305000 599.17673979237900 1.00000000000000
776.14258725729900 208.94319962537300 1.00000000000000
882.34368860080500 872.22356243101900 1.00000000000000
823.57238133507200 97.33414365256360 1.00000000000000
42.10492883523200 369.60155581453000 1.00000000000000
169.16201350125700 160.77481299618200 1.00000000000000
855.88231722410000 734.96648103148000 1.00000000000000
326.05851355498300 45.84186559053750 1.00000000000000
976.33839675956600 102.32780931781800 1.00000000000000
935.97897059926200 808.83932369548600 1.00000000000000
422.80367763802900 606.02775859724700 1.00000000000000
1330.68427902201000 41.68906871548170 1.00000000000000
1015.30773638010000 269.12376966407400 1.00000000000000
606.05987212844300 97.06008459245280 1.00000000000000
744.86046066927900 92.56810272291320 1.00000000000000
400.76502467129100 42.15706682640050 1.00000000000000
1104.67800567062000 813.85597242808900 1.00000000000000
542.62099985007800 222.55338026641400 1.00000000000000
148.27586322493600 621.56287332492200 1.00000000000000
109.15727856599900 756.77711995102400 1.00000000000000
35.47458685681280 507.56264815517700 1.00000000000000
608.01212902890300 821.24697927212100 1.00000000000000
568.42439613037500 632.88975477275500 1.00000000000000
1250.40099674721000 706.98234497179900 1.00000000000000
102.31857953885900 476.78087364346200 1.00000000000000
46.75448455121170 813.54274969856800 1.00000000000000
692.27935577095700 416.96665580854900 1.00000000000000
878.13590452673700 807.55628241212400 1.00000000000000
1211.98611840329000 654.90790415403000 1.00000000000000
1090.49796936154000 575.32805303369500 1.00000000000000
806.55049982058300 137.29804454498300 1.00000000000000
790.22881913113400 772.43609438940800 1.00000000000000
1144.65521987463000 695.24961553408100 1.00000000000000
268.12468207037200 634.83314260223900 1.00000000000000
158.56470145289600 443.73893242239700 1.00000000000000
223.18683712870200 493.02767269585200 1.00000000000000
660.24015391565400 760.00216631866100 1.00000000000000
1186.50184593343000 40.60323773818270 1.00000000000000
398.16739712648100 204.47166565341300 1.00000000000000
1036.32811344542000 106.59949662733600 1.00000000000000
617.79194827005000 353.49728649194500 1.00000000000000
1169.87947281094000 583.92073122176800 1.00000000000000
447.10727715831500 325.57268573841700 1.00000000000000
329.46607224799400 804.32209204637700 1.00000000000000
887.11813743827400 524.88663292263000 1.00000000000000
752.07484540709200 441.28775057984300 1.00000000000000
765.69288776312300 390.72466105571400 1.00000000000000
571.97766023832200 593.48586460953400 1.00000000000000
535.98891152855500 554.54049697751800 1.00000000000000
578.95562312008000 710.09258522051300 1.00000000000000
1331.60803036735000 816.57067537750300 1.00000000000000
1279.45087880363000 108.41790557013100 1.00000000000000
1331.77152193531000 230.53740132988300 1.00000000000000
941.33017200453000 609.50686462418600 1.00000000000000
189.77286042362600 513.34705066776700 1.00000000000000
487.02912445858600 179.40072010782400 1.00000000000000
227.53515013482800 631.70057163620000 1.00000000000000
1047.81806253377000 594.89094040151500 1.00000000000000
1333.82445533300000 741.94560365664800 1.00000000000000
741.11315568696800 819.15997414755700 1.00000000000000
762.74582545808600 520.73716337056600 1.00000000000000
1152.21000051460000 272.20828459660000 1.00000000000000
37.71768290668090 875.36308007407400 1.00000000000000
1284.52696130817000 515.61226145795400 1.00000000000000
1033.42654549142000 522.65567922915000 1.00000000000000
473.83719302455300 560.06042025045700 1.00000000000000
1052.92921862591000 644.83230761221200 1.00000000000000
162.70199670346000 300.90616847687300 1.00000000000000
508.73208173326400 495.26316929661800 1.00000000000000
1181.42610842224000 807.47307967784000 1.00000000000000
1221.00615561197000 809.77061383440900 1.00000000000000
976.39510092614800 604.90492238704000 1.00000000000000
1201.12657384960000 215.09119245197800 1.00000000000000
1085.92932608483000 713.20990639237200 1.00000000000000
261.42846483240600 233.24794617293700 1.00000000000000
1105.40664787719000 334.48136536366600 1.00000000000000
219.14233639631500 198.79133718668300 1.00000000000000
1225.86255916414000 410.73219737915700 1.00000000000000
1004.58440176679000 37.29528355624830 1.00000000000000
528.72109336001500 823.90542397982900 1.00000000000000
229.70736590034500 874.99223728341600 1.00000000000000
1257.13896724883000 84.57503099446320 1.00000000000000
608.73668907214700 573.28873750091200 1.00000000000000
1051.02213069175000 355.07790991133000 1.00000000000000
1270.65005550105000 254.79427353685400 1.00000000000000
629.45915910925400 37.14320108550970 1.00000000000000
266.67455219732100 100.06466458797200 1.00000000000000
300.98627011115600 714.68348322154900 1.00000000000000
180.01075552361300 744.58569876959500 1.00000000000000
808.61267855395700 211.40004124921200 1.00000000000000
978.62805177903700 338.79226447540400 1.00000000000000
497.54002935065700 617.06239001261400 1.00000000000000
331.36401273149700 333.50553234934900 1.00000000000000
206.80951052570900 677.42190710862800 1.00000000000000
1139.06682591857000 180.41176508633900 1.00000000000000
332.30361790736700 83.53999817409490 1.00000000000000
1066.80722284199000 161.60277824596600 1.00000000000000
797.80618520319400 322.37574250377300 1.00000000000000
585.89341725773000 779.31413942916800 1.00000000000000
660.84890578355000 682.18108539345500 1.00000000000000
918.39362443112500 876.85006774988800 1.00000000000000
1093.98165455027000 406.66960286650300 1.00000000000000
257.08066460830700 768.69922208479400 1.00000000000000
379.60254261147600 823.54874106986300 1.00000000000000
525.62662732495500 690.53839192145600 1.00000000000000
531.41912243665200 763.71519966795700 1.00000000000000
251.23991097814800 132.88637007907100 1.00000000000000
785.55829472641900 33.39257512643070 1.00000000000000
406.81672899512000 324.86268513938300 1.00000000000000
327.17803015794800 267.77723550607100 1.00000000000000
733.14156701663400 619.47080805550800 1.00000000000000
794.25155196312600 286.23433727586600 1.00000000000000
638.47901529663300 191.03369943965100 1.00000000000000
83.79442933390590 808.27830532926000 1.00000000000000
1286.91598877525000 306.75086673446000 1.00000000000000
1218.15342425990000 874.96844601876400 1.00000000000000
1069.25062234507000 85.36819972858160 1.00000000000000
909.04186952922400 363.31298577943900 1.00000000000000
627.76092574926500 645.12454660986300 1.00000000000000
37.79095412180250 698.99588238869700 1.00000000000000
563.86885052254700 878.34735037351000 1.00000000000000
911.87510737380800 206.59887942187500 1.00000000000000
794.13538328968300 464.49791886814900 1.00000000000000
1125.26398653717000 209.66672391710600 1.00000000000000
36.53980650466910 434.83325584128700 1.00000000000000
879.24804171720200 658.03961094662400 1.00000000000000
98.41536061551680 124.28155752664600 1.00000000000000
295.39235683660900 754.24634497985400 1.00000000000000
258.46417228718100 389.46479528724600 1.00000000000000
644.65743685420600 505.18309440785000 1.00000000000000
305.86114037828900 579.09965538085100 1.00000000000000
1332.54759755243000 571.39890498747200 1.00000000000000
505.46454046849700 37.06851013012650 1.00000000000000
237.93248344333600 705.54807876777400 1.00000000000000
429.18034918614900 127.89674033115100 1.00000000000000
1287.02095729390000 384.58577190960200 1.00000000000000
703.99992298880200 730.63498086166400 1.00000000000000
1336.72179122471000 345.05381120190300 1.00000000000000
560.79019125474800 185.92223507516500 1.00000000000000
992.41743513923400 715.26948914152500 1.00000000000000
343.98168090357500 609.44735680050200 1.00000000000000
1176.08945582217000 299.95211726610200 1.00000000000000
298.53819423051600 467.62244711823200 1.00000000000000
632.03469957514200 124.80134131474900 1.00000000000000
993.76197263463800 470.87433466086800 1.00000000000000
1014.59741541574000 819.10730539852800 1.00000000000000
297.93163943205200 833.05345912122000 1.00000000000000
83.85741224611590 36.22446736522580 1.00000000000000
719.74122007840400 879.74279667986000 1.00000000000000
89.95664267617670 553.16639860220300 1.00000000000000
347.86956521739200 878.12668201537900 1.00000000000000
1335.55014095015000 880.31023394245400 1.00000000000000
703.20216692706000 636.12577904036400 1.00000000000000
189.39338898277200 368.75453749610900 1.00000000000000
165.41880656295300 235.72367870221600 1.00000000000000
518.01742438473300 98.79741428158950 1.00000000000000
129.81589737525700 359.03001966468000 1.00000000000000
247.48792827374400 457.43497964805800 1.00000000000000
776.29929291319300 737.67118251620000 1.00000000000000
1334.99414022232000 639.28901051437000 1.00000000000000
1052.84211679826000 452.48621321203800 1.00000000000000
927.58309420603700 393.36832487507400 1.00000000000000
80.64205224244770 621.66635949425200 1.00000000000000
1212.99849922233000 296.26290345056300 1.00000000000000
1144.02796232811000 762.16655053340500 1.00000000000000
995.46122792521100 176.38986453639100 1.00000000000000
115.70474221046700 833.86926130207000 1.00000000000000
718.14224859209200 562.53422285025900 1.00000000000000
448.21812544118300 385.16238786160100 1.00000000000000
460.34001177821000 436.93992908227900 1.00000000000000
322.46635529973600 539.24187486909400 1.00000000000000
272.73048935225100 693.92723847736200 1.00000000000000
280.08716502690200 36.80604144709280 1.00000000000000
251.98766200238300 560.99576326953300 1.00000000000000
576.62494966270900 512.85449779564300 1.00000000000000
979.27072770143000 435.39745978103700 1.00000000000000
430.66616216799600 726.08686782206200 1.00000000000000
860.00554697386200 162.93602223518900 1.00000000000000
1280.61766016150000 880.45739031187100 1.00000000000000
1040.44236326047000 880.39615350639200 1.00000000000000
774.07701805108500 664.61056059711500 1.00000000000000
746.00647337003300 689.31004006417000 1.00000000000000
438.06405264908800 259.42074786655500 1.00000000000000
81.86777394264330 438.24685832604000 1.00000000000000
35.88022536026090 272.13286516875000 1.00000000000000
147.98133781115800 816.48560396003400 1.00000000000000
152.28732335228500 35.73942152625050 1.00000000000000
1032.97539575745000 224.51391401858500 1.00000000000000
750.13871379486300 157.53046507723600 1.00000000000000
1282.46724026521000 691.49039689425500 1.00000000000000
163.89699462262800 581.80314930467100 1.00000000000000
724.25275619978700 491.46226170037400 1.00000000000000
999.16159139175600 648.78790586531000 1.00000000000000
322.02063292931800 138.66082838821900 1.00000000000000
579.52427467815400 472.09367113191600 1.00000000000000
107.30485285448500 284.74978419288000 1.00000000000000
1219.13942795076000 147.05355641325500 1.00000000000000
1068.18584345129000 523.51815604840700 1.00000000000000
1288.34347436910000 587.01079617175000 1.00000000000000
87.05262072272250 312.06943726730700 1.00000000000000
1124.09681305096000 95.07933684296230 1.00000000000000
386.67112882325700 532.38910331630900 1.00000000000000
1209.92835187111000 364.23264162905800 1.00000000000000
612.01970863350900 319.46774958091000 1.00000000000000
1035.87262001834000 144.32080613207600 1.00000000000000
473.19787948547100 495.30003950889600 1.00000000000000
1194.15680769060000 472.86441950818100 1.00000000000000
855.17852959782000 35.80135980357150 1.00000000000000
1183.74895907977000 188.41237930998300 1.00000000000000
1146.40973774401000 838.08595992019700 1.00000000000000
552.67258181074200 279.22293204409100 1.00000000000000
1090.43127392555000 650.81636498771500 1.00000000000000
194.12438210656300 83.00687366088590 1.00000000000000
368.70636118030300 475.96186767012100 1.00000000000000
1295.49938494209000 816.93246371059600 1.00000000000000
476.27958569800000 648.66657351467900 1.00000000000000
687.56020023459800 152.43980008152200 1.00000000000000
35.99455577952580 591.29824250870800 1.00000000000000
837.35615344178500 763.94052349480300 1.00000000000000
305.59807333479900 105.76383993896500 1.00000000000000
1102.65014849569000 544.64750057070700 1.00000000000000
614.67878026298200 246.40399930005000 1.00000000000000
877.22191722426700 197.30097645928700 1.00000000000000
363.15316110358000 726.03386373714300 1.00000000000000
594.99048807883800 653.72309219814600 1.00000000000000
1084.41596598119000 34.05657225535210 1.00000000000000
1081.04868238261000 478.95377498802400 1.00000000000000
1219.04401280079000 741.71538314786700 1.00000000000000
1295.15866497184000 34.88200210587070 1.00000000000000
1286.40010286629000 761.86199000967000 1.00000000000000
727.56304402155500 228.29097602123800 1.00000000000000
263.31722792018100 525.30780975524800 1.00000000000000
855.66349718608100 324.72572282758600 1.00000000000000
1295.32208400696000 629.55468892605300 1.00000000000000
88.02855100875040 172.10427443757400 1.00000000000000
919.94460800389000 541.08255920171900 1.00000000000000
630.86719126880800 462.53038364847500 1.00000000000000
298.06134380184200 339.00224885982500 1.00000000000000
394.29423905987800 411.90682497118500 1.00000000000000
845.54139612501900 663.31029677815500 1.00000000000000
350.05838277172600 446.79588642352900 1.00000000000000
965.20637680003800 740.17925183023300 1.00000000000000
731.81783445595200 325.94065867543300 1.00000000000000
491.41579547606100 763.33854348120700 1.00000000000000
873.83409939413700 428.77584534076700 1.00000000000000
654.30018288375800 413.44197423154000 1.00000000000000
695.73736706965400 32.15831493747850 1.00000000000000
984.29904625280400 879.21580492915600 1.00000000000000
566.83134341290200 31.80964448525960 1.00000000000000
1138.72528698720000 503.49765116296100 1.00000000000000
903.80686091419600 88.37668663713620 1.00000000000000
871.76953198067400 100.16809961485600 1.00000000000000
75.83706956238290 883.17137903937900 1.00000000000000
675.57484838834500 83.50725139581070 1.00000000000000
282.85827971613500 169.44246307082600 1.00000000000000
545.13542322822600 718.14741743511000 1.00000000000000
1227.46006063295000 538.20297182628500 1.00000000000000
708.37038909187300 102.86637487791600 1.00000000000000
856.03847498025200 225.06609746705700 1.00000000000000
1244.97382874621000 203.69930801039900 1.00000000000000
162.74520870324200 713.81106315774800 1.00000000000000
1121.20908056854000 373.62189339193300 1.00000000000000
973.98744838197100 676.96646267363500 1.00000000000000
496.68793551595100 880.31675609697800 1.00000000000000
661.05413035495700 358.72081556159300 1.00000000000000
830.39426660729400 880.64388773616600 1.00000000000000
911.00218480621300 783.24603972947100 1.00000000000000
477.60310074177600 720.10845526314000 1.00000000000000
652.90646710380700 261.85986672195800 1.00000000000000
1338.02644196867000 471.99202106597700 1.00000000000000
969.94443376009100 774.95766427619700 1.00000000000000
536.86341688892500 523.13143428978800 1.00000000000000
818.67689287079700 167.50301557396500 1.00000000000000
1338.31414639811000 77.42153717666380 1.00000000000000
289.61639929639100 206.35549592110100 1.00000000000000
326.07420983980100 215.65736658091100 1.00000000000000
200.51752860210700 554.02603960834900 1.00000000000000
318.41927526653600 395.92577042695100 1.00000000000000
437.16883856727900 575.08282090376000 1.00000000000000
238.06311762390700 355.62113799481000 1.00000000000000
716.90111142623200 796.27233662333900 1.00000000000000
653.56268371685700 881.47494715012800 1.00000000000000
280.07453135025100 883.52462365908500 1.00000000000000
31.22653976436000 149.72731445982400 1.00000000000000
116.59435066269400 719.04675618913700 1.00000000000000
1045.31378071790000 698.97870611066100 1.00000000000000
374.54763366302600 560.95616988996500 1.00000000000000
367.06723790817200 89.39826443289010 1.00000000000000
390.35493381080400 709.68933509911000 1.00000000000000
1152.23063419156000 645.36948523456300 1.00000000000000
1339.40306709319000 279.06742155801900 1.00000000000000
155.30950898471700 98.48337885783300 1.00000000000000
1229.44309302679000 30.88295313025890 1.00000000000000
1236.65556461753000 632.17671145613400 1.00000000000000
1177.33147617494000 704.07077473562600 1.00000000000000
933.32803969316900 177.46738589989600 1.00000000000000
973.39310055611000 152.53130191160100 1.00000000000000
83.09193805787870 382.07088018616000 1.00000000000000
671.10495562967800 833.46185153442600 1.00000000000000
820.60347160592700 827.10870626944000 1.00000000000000
1192.27057326324000 83.31840229774660 1.00000000000000
341.02588810617000 298.00820070963600 1.00000000000000
1294.12925489472000 451.54880802771500 1.00000000000000
969.31499296417200 244.96845242806900 1.00000000000000
1095.75046760253000 146.44152197547900 1.00000000000000
1341.80926068204000 674.61302236324600 1.00000000000000
1340.06369205113000 160.45910571685700 1.00000000000000
1170.25843376642000 242.24984639936500 1.00000000000000
910.05292162622800 423.87536508244400 1.00000000000000
703.86277368626900 266.09829647831000 1.00000000000000
198.09118834318900 407.90853061535900 1.00000000000000
394.07847176389800 296.76662446830700 1.00000000000000
888.60645562898400 32.34424482644400 1.00000000000000
825.15743501431800 562.11101844891900 1.00000000000000
791.31121430796600 576.71885130316100 1.00000000000000
138.06138736341900 774.98642473301800 1.00000000000000
163.00720015467800 882.64191237778700 1.00000000000000
1044.42567897545000 284.42413964213200 1.00000000000000
234.07083308943500 738.00144405674300 1.00000000000000
373.32684206156400 244.62340455023800 1.00000000000000
1116.25068199576000 780.28656137255600 1.00000000000000
1085.67175656480000 240.22134460463800 1.00000000000000
1116.94239245472000 32.35326418765520 1.00000000000000
640.37400438462200 564.24017067025600 1.00000000000000
1228.84859727884000 266.98835942842900 1.00000000000000
640.27495913224000 816.62282190984200 1.00000000000000
488.56387956021900 108.03933567261400 1.00000000000000
232.22014222288600 840.64445459053700 1.00000000000000
1089.92581714948000 745.21541364492500 1.00000000000000
801.37568635719500 396.16329019004800 1.00000000000000
1028.57815018389000 753.69486552306300 1.00000000000000
1002.23289974115000 785.87718970497600 1.00000000000000
985.13469545681400 841.56150743440500 1.00000000000000
1226.41262164670000 96.07578469190170 1.00000000000000
1007.73370666232000 589.97766911816200 1.00000000000000
1228.08779866525000 481.36455508602400 1.00000000000000
1293.72510952279000 177.67390525223300 1.00000000000000
322.40626148730000 772.97140368605200 1.00000000000000
1131.45695237991000 882.98327687735500 1.00000000000000
574.46535090797400 216.78956695810700 1.00000000000000
1198.87152485942000 428.46731143401200 1.00000000000000
635.37802607664500 706.89807822834900 1.00000000000000
614.45079310011800 170.00230644371400 1.00000000000000
773.47730014678900 882.37100800039100 1.00000000000000
30.16189112152080 399.94272869884300 1.00000000000000
494.09982602048800 822.33433469595600 1.00000000000000
818.44528038818500 443.64766487531400 1.00000000000000
31.48552573570300 75.74023703550020 1.00000000000000
449.72974238673500 835.16941725109200 1.00000000000000
1299.86245915410000 233.08796520467200 1.00000000000000
457.53433024511300 289.01778534229400 1.00000000000000
1016.35382469881000 407.11366675374400 1.00000000000000
728.45058103067100 755.65618486318300 1.00000000000000
198.97598545786700 791.42026722738600 1.00000000000000
566.42831806981600 72.97151940886580 1.00000000000000
1113.00323106585000 695.12868951317400 1.00000000000000
1250.01245126706000 434.06262619499800 1.00000000000000
509.66089566136000 287.18067230523200 1.00000000000000
151.66357990187300 185.98835616970800 1.00000000000000
30.50437453219760 214.02948348880600 1.00000000000000
825.26527526557300 336.90610260842900 1.00000000000000
926.21439732376100 643.29283864625100 1.00000000000000
971.73057584323400 214.15234808788800 1.00000000000000
1027.80837299825000 332.78181697726100 1.00000000000000
30.47181901871530 843.93000324289100 1.00000000000000
175.20725867737200 837.78263372158800 1.00000000000000
430.98845969419100 495.67085216289000 1.00000000000000
30.01067208167630 766.06615697849200 1.00000000000000
1170.68184176226000 779.09210208618200 1.00000000000000
490.96407453716800 336.93962959926000 1.00000000000000
1108.63269399443000 602.74713808438600 1.00000000000000
564.14289700661000 406.46296794813300 1.00000000000000
563.89686859712100 373.46256077236700 1.00000000000000
465.21529963141700 883.26120259358500 1.00000000000000
580.80727758400400 808.10864607637300 1.00000000000000
373.84992853578600 187.37904821154900 1.00000000000000
933.22112316397200 455.28666041298200 1.00000000000000
819.75238210288300 628.21012656147900 1.00000000000000
689.12634735817200 666.10211914145800 1.00000000000000
194.04955202491900 313.44095766938000 1.00000000000000
233.17451048599200 267.59177722068800 1.00000000000000
142.43552635115800 653.50658626635500 1.00000000000000
913.01088999058000 246.43722220653300 1.00000000000000
1155.42434085985000 123.54281421067400 1.00000000000000
766.65010485741800 336.07525846093100 1.00000000000000
977.69511577643200 370.77853757125700 1.00000000000000
1159.29951758393000 389.24667777968200 1.00000000000000
244.60853423711100 165.94392207842200 1.00000000000000
645.26920640235000 296.65682318007900 1.00000000000000
713.59679414617100 362.62395038695300 1.00000000000000
289.48381755116200 407.46631911131000 1.00000000000000
673.40398761698100 316.87880407005400 1.00000000000000
156.21066498087300 518.51262710817500 1.00000000000000
823.23291290590400 526.22852649715900 1.00000000000000
392.98500466748800 769.58129687946100 1.00000000000000
1165.14878822571000 331.72632607500600 1.00000000000000
1341.77886431463000 847.04275090122400 1.00000000000000
1188.25310873169000 883.49228472826800 1.00000000000000
112.34778901310100 613.29491075161400 1.00000000000000
944.45668500793100 28.15452231257730 1.00000000000000
974.84487627180700 549.50214203476700 1.00000000000000
155.74879442035600 373.23080749644200 1.00000000000000
332.91439789022100 711.03367114326200 1.00000000000000
416.12313392274900 388.87582341738800 1.00000000000000
417.71249817871500 527.99484346680300 1.00000000000000
877.34983739046400 839.42144493414100 1.00000000000000
28.83566577148130 653.29183304591200 1.00000000000000
1065.75178613694000 419.86632264462200 1.00000000000000
296.52377481800100 272.46496520163100 1.00000000000000
276.59810061832900 302.88912974119200 1.00000000000000
675.22628663761700 582.05788553500800 1.00000000000000
677.29153082630800 613.06511662147500 1.00000000000000
137.41197830120500 415.37638795375200 1.00000000000000
1095.33710101898000 101.59560097691600 1.00000000000000
785.26145970492300 496.23862558543900 1.00000000000000
281.50287977729700 601.61269309374700 1.00000000000000
747.90757454309800 547.68508690949400 1.00000000000000
1260.22363644350000 535.65052226360100 1.00000000000000
974.53218923083700 309.60681399027700 1.00000000000000
77.94602248365790 688.32243623946700 1.00000000000000
176.18056631530600 609.36521018077700 1.00000000000000
351.29223144852400 29.11012744656830 1.00000000000000
31.18979320400850 301.73251918614300 1.00000000000000
839.65919955146800 476.74202250653800 1.00000000000000
778.12379579251200 843.69946734052600 1.00000000000000
506.00667182775800 385.21417997268100 1.00000000000000
295.50912596562900 646.19712500390100 1.00000000000000
603.48226552013900 452.95908126801700 1.00000000000000
342.47602458153200 241.54363507364200 1.00000000000000
669.22650481611200 215.25046086606400 1.00000000000000
31.23784628207310 468.32278806546600 1.00000000000000
212.03018676774400 124.66221291054600 1.00000000000000
537.73664924499300 636.78064653662600 1.00000000000000
939.51358564546200 836.39109249256400 1.00000000000000
890.00646646926800 597.11308489665600 1.00000000000000
1231.64500473458000 839.04702481703800 1.00000000000000
694.51306139584300 530.92106378849300 1.00000000000000
1278.27440183492000 140.00458618552300 1.00000000000000
1076.31987156269000 337.26814655069100 1.00000000000000
1062.96606171896000 797.11925295818400 1.00000000000000
1279.71273505277000 845.27620640857800 1.00000000000000
75.30707851447480 750.46483054791700 1.00000000000000
89.54974308466170 661.48048287967000 1.00000000000000
1011.07754992786000 202.39374542001900 1.00000000000000
135.46129394904300 466.30793043498900 1.00000000000000
876.01826432288800 363.18601337039200 1.00000000000000
70.41578322939610 495.93267911539400 1.00000000000000
1123.72891722201000 282.08212531629600 1.00000000000000
1102.00507843429000 885.36333764348000 1.00000000000000
374.56683393481400 140.93314659796400 1.00000000000000
362.61083446409300 755.87314799399800 1.00000000000000
196.27172090728200 226.82809144605400 1.00000000000000
1115.09739951278000 428.62683812534300 1.00000000000000
926.78063611442400 582.38219968891800 1.00000000000000
1021.43601035573000 722.85480472206900 1.00000000000000
423.90351632556800 219.09991743443000 1.00000000000000
415.44957874044000 661.70677222044100 1.00000000000000
941.00380443487100 262.13252138513500 1.00000000000000
1060.01038389725000 760.15173060343100 1.00000000000000
793.32326620762300 110.46585165964700 1.00000000000000
97.52365713501130 411.43809585883400 1.00000000000000
770.41513861772200 266.05235321661300 1.00000000000000
844.86561028245000 74.48334668749590 1.00000000000000
366.99167582225500 628.87856678029800 1.00000000000000
1088.13318787040000 843.29152024022900 1.00000000000000
1231.87323953477000 322.07473660411900 1.00000000000000
191.43654613792200 439.30618919462000 1.00000000000000
454.29504815986100 355.20804405409700 1.00000000000000
889.84757226188600 264.38542078073400 1.00000000000000
1255.74376933060000 402.98535917821700 1.00000000000000
619.81040448219800 67.89689478142040 1.00000000000000
893.07895688984600 481.65438833803400 1.00000000000000
226.68001853459000 578.67923086647000 1.00000000000000
691.17518438642800 473.02349985216100 1.00000000000000
427.90388642302300 28.41119442039920 1.00000000000000
1024.64862374503000 467.52646823915600 1.00000000000000
386.94860265922500 678.49300493397100 1.00000000000000
401.15810635491400 798.35919745209600 1.00000000000000
73.11976240719170 108.36405502172900 1.00000000000000
478.04416471215000 29.91847996158270 1.00000000000000
887.38928979464400 737.84982434166100 1.00000000000000
390.66054529126100 70.48769214057460 1.00000000000000
240.31207500294100 411.69273235270100 1.00000000000000
858.92730374019500 389.80763161514300 1.00000000000000
1236.95506758705000 782.68126703176900 1.00000000000000
116.06641585471900 513.30220505379900 1.00000000000000
225.97066735795800 28.90247463636720 1.00000000000000
1342.58535264235000 414.54166236287200 1.00000000000000
132.29262229220300 886.70716779893700 1.00000000000000
590.18853755371600 681.47571074361800 1.00000000000000
1040.92923770546000 78.14374354669560 1.00000000000000
1343.66687063242000 785.76340820617800 1.00000000000000
1267.92542454092000 645.78463139004300 1.00000000000000
444.04097673127300 674.71848747011000 1.00000000000000
234.88725992360200 324.46776822984600 1.00000000000000
1039.25416496930000 848.73802200187000 1.00000000000000
717.41499234770500 164.04615627608600 1.00000000000000
1034.04226078503000 29.89838969595710 1.00000000000000
1109.94777217689000 479.84398799699900 1.00000000000000
726.19716219397500 29.20788551801040 1.00000000000000
1226.14546350329000 684.34580947752000 1.00000000000000
598.38702722194200 29.50059947828370 1.00000000000000
166.89457279315700 488.05167366100600 1.00000000000000
594.37633239794200 270.64949729281000 1.00000000000000
823.20179620971700 375.44297100532500 1.00000000000000
1039.39730860840000 671.74583996342800 1.00000000000000
334.87127097676300 675.66796686746700 1.00000000000000
176.55207631753200 666.61370974467900 1.00000000000000
724.16691115298400 847.85167937651500 1.00000000000000
270.36620627590600 358.06761540239900 1.00000000000000
912.74976181911700 310.98607798466900 1.00000000000000
1180.76236758712000 365.12855060447600 1.00000000000000
957.70902233858800 389.45196464349400 1.00000000000000
597.74150395823100 419.91891590105800 1.00000000000000
629.97234630096300 755.53114345560900 1.00000000000000
276.56311521638100 665.34548464849300 1.00000000000000
411.44423471647500 886.64089624794200 1.00000000000000
1168.91618270081000 64.34674663850520 1.00000000000000
1003.98580699685000 106.53333202357600 1.00000000000000
341.91713164208100 190.13912295987500 1.00000000000000
1197.58749573184000 585.32232663938900 1.00000000000000
461.91927073429900 194.38494182192800 1.00000000000000
461.77151999890700 74.02125864439780 1.00000000000000
89.78677148492420 781.97820513012500 1.00000000000000
523.02844327451900 416.58929484613400 1.00000000000000
194.12793476464000 175.60355500945900 1.00000000000000
497.76092845324800 698.85743332318400 1.00000000000000
910.85892848934800 753.87718637898300 1.00000000000000
1115.73906139022000 635.99314880291700 1.00000000000000
368.11509043644900 310.39881198079600 1.00000000000000
1343.14229831735000 132.32693727597600 1.00000000000000
1343.63318684310000 544.42495067489000 1.00000000000000
1143.22460067032000 237.56927688407300 1.00000000000000
222.58768216064700 69.92758472002250 1.00000000000000
967.23753319242500 499.19433159465500 1.00000000000000
578.20512162079000 121.22749532913200 1.00000000000000
820.32614426390700 236.12433995250800 1.00000000000000
1018.95922725135000 495.75773843850200 1.00000000000000
463.95632692190900 623.91805045015500 1.00000000000000
871.70806597332800 562.16710540212000 1.00000000000000
553.20487583550700 462.28699559791400 1.00000000000000
1082.93795151892000 266.81708808139100 1.00000000000000
395.96118524299400 352.70547954927000 1.00000000000000
940.15784003980100 65.22106255918670 1.00000000000000
477.80575191946300 523.72265117054600 1.00000000000000
1342.70060329309000 377.20427645821900 1.00000000000000
110.35261226518500 151.44518091316000 1.00000000000000
622.31891660921700 885.96194995204800 1.00000000000000
98.22981069981890 585.71037180891600 1.00000000000000
820.16042820874500 270.88440477378000 1.00000000000000
64.13926472565270 351.86987885086600 1.00000000000000
425.15611290038300 156.72532619218800 1.00000000000000
928.46667105547900 701.56050709565100 1.00000000000000
1030.90070436475000 569.79170878763600 1.00000000000000
1134.32619185099000 336.61215190471200 1.00000000000000
810.57946997889600 794.29868923792900 1.00000000000000
1246.58297129007000 884.86968597506600 1.00000000000000
983.06850812090400 74.11115348048260 1.00000000000000
509.17441682418700 161.44479719762600 1.00000000000000
545.98947802497100 334.48643914734500 1.00000000000000
1265.21863172196000 226.80264446346000 1.00000000000000
924.07349050185400 337.31824909602000 1.00000000000000
264.95567644491100 72.21556914152110 1.00000000000000
1206.48209752477000 246.91915243174600 1.00000000000000
451.39196986486700 776.09909815410500 1.00000000000000
419.06039067769400 442.27634316299500 1.00000000000000
1306.97005995894000 418.90242496938300 1.00000000000000
591.19367146609600 749.15757673673700 1.00000000000000
408.61681964513800 470.48048419019100 1.00000000000000
764.78682796746400 237.81910949464400 1.00000000000000
27.36135064023270 345.86377149926200 1.00000000000000
1267.95820662135000 357.43145143104000 1.00000000000000
952.20221188012200 117.57200873735300 1.00000000000000
446.24973411777800 701.23880534903300 1.00000000000000
414.03048986643800 633.76073135696400 1.00000000000000
214.04178996027900 457.84758632853300 1.00000000000000
1282.43165351833000 280.82859566730500 1.00000000000000
1286.23074062940000 790.29521622849700 1.00000000000000
587.15557839823800 167.40705226283800 1.00000000000000
319.75422555290700 841.07103032967700 1.00000000000000
332.79709794374300 505.48411826914200 1.00000000000000
908.47145330637500 810.13858583645600 1.00000000000000
943.88197631328200 203.33818649609400 1.00000000000000
951.70873199434200 885.52816972330200 1.00000000000000
852.99728018308200 824.22499132836800 1.00000000000000
1220.44667762923000 569.84685087978300 1.00000000000000
858.48374731290300 886.27272718214400 1.00000000000000
1132.54348936171000 535.47926954161200 1.00000000000000
178.95305440885900 30.69164352185320 1.00000000000000
406.88915643659500 270.91519969652500 1.00000000000000
379.58570196226200 886.64941964994800 1.00000000000000
921.48133776179000 117.97204266551500 1.00000000000000
249.45250075991100 296.64563171748500 1.00000000000000
705.08043786675500 208.80594344234800 1.00000000000000
356.36909703154800 812.52984157039600 1.00000000000000
936.17765825588100 734.26448542564500 1.00000000000000
1012.43470349454000 888.45830542145800 1.00000000000000
538.79746878981300 126.10188109854800 1.00000000000000
1142.81210749689000 149.43423090256100 1.00000000000000
1342.79369063199000 606.43440696695700 1.00000000000000
266.85846410039400 824.65164087404800 1.00000000000000
908.55102728213900 144.41875790697400 1.00000000000000
1174.15553435280000 834.16928585422700 1.00000000000000
125.68448464874600 247.45710205633900 1.00000000000000
1170.67414734383000 556.81485946468700 1.00000000000000
525.43545012976200 471.78226086313400 1.00000000000000
71.22999439836320 255.12539746130100 1.00000000000000
978.60832508273000 27.24287544567840 1.00000000000000
765.72451149774900 802.23411747400800 1.00000000000000
58.73222057616700 208.55129601506300 1.00000000000000
1233.29310819087000 349.01665824051500 1.00000000000000
26.28150443842580 527.25057194105300 1.00000000000000
147.16082289193100 561.38839957863600 1.00000000000000
609.22072907890600 702.83147095807200 1.00000000000000
268.37866980524400 455.31712191315800 1.00000000000000
993.38325240190300 285.28802696972500 1.00000000000000
26.67515587909200 26.67515587909250 1.00000000000000
510.45100766336800 318.48938694198000 1.00000000000000
1167.04385604338000 25.66539632316490 1.00000000000000
940.74208434572800 289.85677203637500 1.00000000000000
699.05931717537900 560.56550493900900 1.00000000000000
1279.21984898084000 489.68436666915800 1.00000000000000
1037.46526396446000 422.87710028769400 1.00000000000000
532.49405440077300 27.75822224958640 1.00000000000000
742.96618054508600 887.81913720297000 1.00000000000000
1142.01670980464000 430.78754842125400 1.00000000000000
202.56596318966000 615.98312155763600 1.00000000000000
1199.24967488531000 157.35053832972500 1.00000000000000
135.92449894073300 70.59825819567990 1.00000000000000
419.16413575774000 850.79344245616200 1.00000000000000
944.54588451452700 670.77082714905700 1.00000000000000
514.51258830393000 68.16562719547220 1.00000000000000
649.64045544545800 623.31301449173300 1.00000000000000
849.02815617435500 517.15182558259300 1.00000000000000
467.69153104874400 407.10931142292100 1.00000000000000
663.04154748357600 484.36909945201700 1.00000000000000
501.68204019762100 444.55289672396900 1.00000000000000
745.13440582095600 284.16413306914900 1.00000000000000
868.46393763208000 460.86209203539800 1.00000000000000
757.84518484826200 186.01126912912600 1.00000000000000
617.95865870080000 397.50666051515600 1.00000000000000
242.46985134827500 217.56389286369900 1.00000000000000
496.34261683115100 245.08145165596800 1.00000000000000
897.96407323663200 690.77455466080700 1.00000000000000
1019.80388879490000 651.53042162566600 1.00000000000000
678.60802746728000 743.07531319453100 1.00000000000000
804.43447330527200 681.74046343750300 1.00000000000000
181.06764561680400 690.99008333698800 1.00000000000000
983.00305732310800 576.28165669074700 1.00000000000000
420.87356115856300 748.48511328657700 1.00000000000000
734.07849538740300 588.40262103794000 1.00000000000000
1072.52596403876000 388.83866000974200 1.00000000000000
1345.04296410081000 499.34298908830800 1.00000000000000
1249.02212195474000 591.87700895255800 1.00000000000000
817.32251861023400 29.42600762998330 1.00000000000000
273.40968591347900 576.16260454027100 1.00000000000000
806.50247027459700 72.25401949211030 1.00000000000000
110.57172399634100 202.88289815267000 1.00000000000000
1095.71088877623000 208.31382944165100 1.00000000000000
1344.79037797440000 211.56785356416700 1.00000000000000
1197.62281334598000 683.15441872494000 1.00000000000000
208.04285471140600 741.51144161454000 1.00000000000000
1311.14408190619000 886.86047333295500 1.00000000000000
1312.99270457386000 366.21881304143500 1.00000000000000
806.38617722252900 711.76027405987400 1.00000000000000
625.43193260038000 592.34009465843800 1.00000000000000
485.23155214743600 135.83607701483900 1.00000000000000
142.78817646858700 708.32094893906700 1.00000000000000
619.95205942048500 219.67174090289300 1.00000000000000
666.51081981438000 522.61007031108100 1.00000000000000
369.38777862811200 503.10109159433400 1.00000000000000
378.69546757394100 25.34616675711030 1.00000000000000
1345.22577624690000 255.97778909207200 1.00000000000000
314.24735949564600 357.46013427772900 1.00000000000000
60.66298465231840 523.22432527824500 1.00000000000000
841.18368931989800 606.99511675889800 1.00000000000000
193.15609336724500 145.35808154466100 1.00000000000000
605.56487762891400 517.65328627820800 1.00000000000000
873.19252460869200 135.68266343555900 1.00000000000000
1265.56079990088000 738.71333071366800 1.00000000000000
1026.09781834637000 55.23202327068970 1.00000000000000
211.91634481621900 889.25303170477400 1.00000000000000
102.99180988408200 25.00702271445910 1.00000000000000
1036.92081112500000 374.49448883203900 1.00000000000000
105.39205425556800 71.98162380756690 1.00000000000000
550.30458137712600 245.95668309056000 1.00000000000000
320.66608614138400 890.17261258940700 1.00000000000000
506.47692691622800 849.23984121496300 1.00000000000000
140.37101217340700 159.64278595373300 1.00000000000000
1187.40051066730000 650.26647328356400 1.00000000000000
1146.33647648273000 726.84965311485900 1.00000000000000
680.04585019535400 695.99797519007000 1.00000000000000
404.45884012290000 584.65644782720500 1.00000000000000
641.87884792896100 734.31680083302600 1.00000000000000
497.09549656370900 671.59875932933400 1.00000000000000
1150.49563871355000 676.34875304572400 1.00000000000000
25.64593824587350 247.14621975373700 1.00000000000000
432.58688224393800 800.66280470681900 1.00000000000000
769.44753397646400 371.05930032703800 1.00000000000000
1006.02033145170000 532.46542278647700 1.00000000000000
542.19245562224100 582.49463525591500 1.00000000000000
1273.27795918153000 567.88545456446600 1.00000000000000
255.53515296070000 24.92070893981670 1.00000000000000
1143.30232357936000 590.69029176033000 1.00000000000000
1165.89619293451000 613.93633860574900 1.00000000000000
426.57878970454000 54.81114948409310 1.00000000000000
756.90150196435300 70.58729083767170 1.00000000000000
23.46055406547400 792.45395210641100 1.00000000000000
763.67287956359200 27.44738516535460 1.00000000000000
531.30667393567800 668.42903667258000 1.00000000000000
442.07381313091200 547.24508040981300 1.00000000000000
549.60866422663900 426.79385275677700 1.00000000000000
737.62964463360900 120.62761284896200 1.00000000000000
682.26772806319700 252.97527339585600 1.00000000000000
1041.37852834266000 813.92745773119600 1.00000000000000
543.77679214416800 884.85181775522800 1.00000000000000
1155.71912609818000 461.01418392107800 1.00000000000000
1122.80143743304000 65.35796417688320 1.00000000000000
480.46275845189000 785.13253860683200 1.00000000000000
861.28949031475700 791.72399507385800 1.00000000000000
772.28624405652400 553.08731659758500 1.00000000000000
1193.54799360748000 727.46196163893300 1.00000000000000
645.22868755801000 26.17629366934620 1.00000000000000
1345.10816007051000 327.92913441633200 1.00000000000000
715.99226594725400 431.41151708617900 1.00000000000000
1084.69204355114000 540.58071585008400 1.00000000000000
939.80391994986800 494.22499781863600 1.00000000000000
870.02759562176100 620.15167362494000 1.00000000000000
730.91581106272800 376.64689960113100 1.00000000000000
164.38217160725800 132.02800316875400 1.00000000000000
303.30077888548600 25.35293264462860 1.00000000000000
1093.50545952583000 679.49408526410700 1.00000000000000
75.96890632979630 229.84380277677300 1.00000000000000
759.16126650471100 751.00441864929300 1.00000000000000
1305.05185692522000 747.94215031866700 1.00000000000000
25.73904367646410 123.74157798915100 1.00000000000000
365.22727186337500 857.23289140291900 1.00000000000000
366.25366992430600 362.35172350791200 1.00000000000000
178.35000382196700 810.02084620017200 1.00000000000000
1345.88390931855000 724.26065261172600 1.00000000000000
29.49697227844490 557.99641633592500 1.00000000000000
771.53136190628400 590.88846446817700 1.00000000000000
1062.59915385433000 25.45959342615470 1.00000000000000
1166.49790195299000 413.51132957093900 1.00000000000000
1075.14559338033000 185.62404836780500 1.00000000000000
852.23656437022000 419.77191823007900 1.00000000000000
1069.44616409858000 293.57659870412500 1.00000000000000
1186.37853567121000 533.44271026920600 1.00000000000000
457.22812071805700 469.86474033483000 1.00000000000000
1172.12879501197000 503.91639336440900 1.00000000000000
1251.67384253677000 828.44548641153500 1.00000000000000
716.95362630646600 667.40757125098200 1.00000000000000
1066.11756534349000 579.18428667367100 1.00000000000000
249.47301371157100 887.15990063067200 1.00000000000000
586.95441534894000 887.96999031067400 1.00000000000000
1282.35601047234000 663.44987289777600 1.00000000000000
588.90325529724500 363.36286012240100 1.00000000000000
356.82028649536000 550.07968957479700 1.00000000000000
360.98011019135000 662.57411656377400 1.00000000000000
544.88313765250100 847.73396344200500 1.00000000000000
593.82559745802600 844.61666623123800 1.00000000000000
62.45769529932440 717.31728578149100 1.00000000000000
433.85908834761200 98.62181009024490 1.00000000000000
1032.79900943884000 300.91484374794400 1.00000000000000
736.87207853926400 459.42056116452500 1.00000000000000
280.69649849069600 248.42405620376800 1.00000000000000
1309.18155859346000 207.10538979692100 1.00000000000000
1137.15022343002000 484.49173967020500 1.00000000000000
65.15135435783380 562.57557803462800 1.00000000000000
961.03611113901100 80.02617299426650 1.00000000000000
570.13352162047000 319.52551966742900 1.00000000000000
989.93407356209800 259.21481642417500 1.00000000000000
848.64758283753800 286.17604346392400 1.00000000000000
693.85977845689900 446.11460976817300 1.00000000000000
1007.96012918430000 388.95107235243300 1.00000000000000
838.35802839503800 155.16491478560200 1.00000000000000
60.50968936733220 642.87793757735700 1.00000000000000
666.38654918112900 393.86378526380700 1.00000000000000
765.09297154975900 101.45815553361900 1.00000000000000
942.49379004337600 551.01484705696700 1.00000000000000
92.00130964858260 850.60420730693200 1.00000000000000
1206.18848679278000 26.53985234876110 1.00000000000000
540.30907743468700 81.78562136042630 1.00000000000000
701.73487334688000 399.29214799130400 1.00000000000000
703.16641478525200 312.07752970908500 1.00000000000000
1019.68444364049000 238.92418411094100 1.00000000000000
1309.41199673301000 291.62878848445800 1.00000000000000
1075.53341526514000 63.63035893412360 1.00000000000000
795.52114933286800 637.88621528159500 1.00000000000000
661.62687245586600 178.26121963843000 1.00000000000000
608.17045287168200 801.60394753585800 1.00000000000000
905.73268608222100 607.42912348649600 1.00000000000000
828.78150652637800 723.96892051514400 1.00000000000000
388.22350304057600 226.83132343070000 1.00000000000000
782.50708891852600 145.98608517910000 1.00000000000000
867.39221422351800 254.81003527319300 1.00000000000000
899.99583614896200 889.58343140501400 1.00000000000000
1308.32191024138000 325.17908802369600 1.00000000000000
649.72720496684900 61.26814353948490 1.00000000000000
651.95840413697000 439.87270153468100 1.00000000000000
1264.19406271805000 777.75186457713500 1.00000000000000
806.85838455047200 890.08197918768500 1.00000000000000
58.75589094370910 25.12423699733600 1.00000000000000
210.86076079845100 650.03997120759600 1.00000000000000
805.90656531248500 520.50506296313600 1.00000000000000
960.52071183408100 446.98847089597900 1.00000000000000
555.54437383253400 525.21207989516200 1.00000000000000
26.16210803786830 677.54843442276000 1.00000000000000
518.52675016825300 205.66010456256400 1.00000000000000
156.62963043388100 214.94949216955400 1.00000000000000
639.83312666090600 350.93663406570400 1.00000000000000
62.86266005899100 310.98590142592000 1.00000000000000
700.09211740602300 887.36879292089000 1.00000000000000
267.47525789495300 152.10322275579200 1.00000000000000
406.16424763151600 138.17949483121200 1.00000000000000
1274.85009718387000 68.69395302703330 1.00000000000000
694.00861075119100 793.81407300799900 1.00000000000000
151.95289378377500 321.11886808129400 1.00000000000000
142.05874790073800 290.78745563635500 1.00000000000000
95.08608845983020 97.03212408540230 1.00000000000000
1187.53768959280000 448.39390734139300 1.00000000000000
685.25620932953600 357.24731763348800 1.00000000000000
728.29353632020500 705.11871554388100 1.00000000000000
23.91641675044890 718.14112762274000 1.00000000000000
225.41617515558300 791.17103181256500 1.00000000000000
1188.79463841559000 753.52697882163500 1.00000000000000
631.91573270417100 147.63956184648300 1.00000000000000
23.65620921615100 608.88485204184900 1.00000000000000
764.33984050919700 717.99354330413300 1.00000000000000
758.77763133887700 641.32843725009300 1.00000000000000
1223.15269363312000 207.31911884190000 1.00000000000000
227.44629708380500 600.11292398068200 1.00000000000000
52.58456604558240 68.28779350767980 1.00000000000000
903.93646084875500 653.88110305101400 1.00000000000000
1004.21161080686000 331.66018060486600 1.00000000000000
767.12431612069600 423.70947021499200 1.00000000000000
1120.58247712987000 160.17684250160600 1.00000000000000
703.92016916531300 509.72998695159500 1.00000000000000
517.52638760174100 232.82192606780700 1.00000000000000
214.99710918530600 278.72939176870500 1.00000000000000
914.65973455914300 478.68111594066400 1.00000000000000
1125.22980943596000 814.83113722492000 1.00000000000000
1039.59701231787000 615.06572143272800 1.00000000000000
727.50117030437400 63.34987281322050 1.00000000000000
1343.76059359030000 27.94575847515260 1.00000000000000
555.77231111867000 819.62435777756800 1.00000000000000
817.62320612537000 850.57478218344700 1.00000000000000
1178.07557816249000 128.83899707646100 1.00000000000000
638.40662477309900 665.54330905720400 1.00000000000000
290.70332488985500 437.51073042268600 1.00000000000000
118.16539188257400 562.36178192006300 1.00000000000000
1210.53615057082000 619.43464142879000 1.00000000000000
741.89177880189100 509.76155249233200 1.00000000000000
175.92677625974400 93.87398764126850 1.00000000000000
983.62129037044600 195.97483978378700 1.00000000000000
1243.70730259391000 65.72833859910190 1.00000000000000
321.39742616054400 599.26117728678800 1.00000000000000
958.03974486291300 336.50623346665500 1.00000000000000
770.18852162444800 457.95788973570200 1.00000000000000
659.99314230313100 112.77135303143700 1.00000000000000
821.40668012485900 119.61825025749400 1.00000000000000
317.65716402635900 633.24994500770400 1.00000000000000
205.65995293607600 849.10166835593200 1.00000000000000
1303.07329758382000 706.75833031511800 1.00000000000000
900.88293729265100 66.02994989485990 1.00000000000000
1063.86254327652000 890.07567439681600 1.00000000000000
603.53953412765400 550.30106079246400 1.00000000000000
964.43954846957100 418.17448146168500 1.00000000000000
394.73212755455900 622.53693316861300 1.00000000000000
576.20795269600200 89.54822973280110 1.00000000000000
370.98333564197200 432.31597861768100 1.00000000000000
1238.26653623467000 165.76676274401700 1.00000000000000
551.62311933003200 766.27387503378000 1.00000000000000
525.77526414609800 787.37418045970400 1.00000000000000
111.96966779784600 334.96405147207500 1.00000000000000
1311.25974597880000 580.70213627856100 1.00000000000000
537.03209362105600 364.65560510915500 1.00000000000000
884.88207813659500 500.34148429937300 1.00000000000000
1349.03829415990000 447.26086956521700 1.00000000000000
788.31532914329800 194.50085123884800 1.00000000000000
1313.83124834349000 124.55854778656600 1.00000000000000
286.74344678304600 854.02250386795900 1.00000000000000
164.90156412215800 261.28546094968400 1.00000000000000
1213.35644259118000 389.01616105169200 1.00000000000000
196.78383253412500 770.92650490679200 1.00000000000000
979.02685520620100 126.78159181711800 1.00000000000000
160.49190384533600 752.85316980138500 1.00000000000000
134.28138708503000 23.62917575252300 1.00000000000000
1308.46836172853000 509.26712244132600 1.00000000000000
801.89848274896600 609.98733882272800 1.00000000000000
530.65286295017400 149.16444251274100 1.00000000000000
887.55644923295900 715.63263644555100 1.00000000000000
979.42147747671600 637.26841976879600 1.00000000000000
111.92414395634700 370.38651610532900 1.00000000000000
336.37963292609700 418.38875553480000 1.00000000000000
328.02584724748300 448.29891493327600 1.00000000000000
308.89226947599500 161.15310936558700 1.00000000000000
960.41761874875000 827.40009573531800 1.00000000000000
21.87821889034150 169.24491806046600 1.00000000000000
652.72652581273300 783.87532949850700 1.00000000000000
357.00124146846000 590.11617526613400 1.00000000000000
559.82017978359000 609.13659603258100 1.00000000000000
281.02113462255500 507.85685786978800 1.00000000000000
1114.40518769712000 308.33881956582300 1.00000000000000
911.27180205812900 25.19432173387210 1.00000000000000
1108.60861716967000 757.32672927091900 1.00000000000000
614.41407967008200 854.42845216548000 1.00000000000000
1309.32514964943000 92.91594377869950 1.00000000000000
472.83224729725700 237.79444544424500 1.00000000000000
997.53384133048300 419.30564036335000 1.00000000000000
203.06490034178100 529.88035503756400 1.00000000000000
676.22121696720000 24.05315257973530 1.00000000000000
820.60125749659500 466.65822485570700 1.00000000000000
1081.95314293419000 315.09963337977600 1.00000000000000
494.54283256433600 550.63928499174200 1.00000000000000
409.32941856866600 185.84199308756900 1.00000000000000
1226.99584622815000 764.93565531776100 1.00000000000000
977.10477651882900 531.28910103822500 1.00000000000000
696.94969931203300 853.16676011262100 1.00000000000000
1236.26374327965000 732.86481814575700 1.00000000000000
1162.45366637720000 897.70384659716900 1.00000000000000
832.12860376314300 213.04585760681500 1.00000000000000
68.35257069836330 184.37077001976800 1.00000000000000
163.81305711388200 642.12936866984000 1.00000000000000
608.40950206107700 295.37712262147900 1.00000000000000
950.21947936986800 163.49694114440600 1.00000000000000
1272.74164649271000 26.38885570043950 1.00000000000000
235.49421021693500 510.50012226840800 1.00000000000000
962.92936085220500 793.22854412197900 1.00000000000000
399.03170113851800 97.05573095366940 1.00000000000000
22.35895209504620 50.45622188901140 1.00000000000000
125.13065596991800 673.64617168344000 1.00000000000000
816.79552311770600 421.79633939977400 1.00000000000000
852.26536661983700 706.18962185169500 1.00000000000000
594.58164422801300 332.88717722300700 1.00000000000000
889.11617821782500 303.97064546660600 1.00000000000000
307.11242631584900 488.23277894696600 1.00000000000000
1102.85588743303000 128.22499139666200 1.00000000000000
813.21766062033100 763.94520657863300 1.00000000000000
1135.41369157699000 23.75793186020560 1.00000000000000
476.92264061134100 53.23961025127760 1.00000000000000
644.64971634227700 536.49274425681000 1.00000000000000
139.75846476268500 390.02467345643100 1.00000000000000
534.62061767676200 740.02323560360300 1.00000000000000
1182.17951976125000 866.26090129077700 1.00000000000000
300.68424932851900 888.92745866520800 1.00000000000000
844.00119334015100 104.23799710645400 1.00000000000000
1348.67776813058000 766.13222372109800 1.00000000000000
1278.05603471985000 333.09164450195900 1.00000000000000
555.82209072784200 696.64411392204800 1.00000000000000
262.12383529153700 790.23382518659800 1.00000000000000
684.70144013394000 61.78531208993760 1.00000000000000
322.16954629947800 117.73647502269700 1.00000000000000
305.83456567095700 810.14262902088400 1.00000000000000
65.48741841417640 387.01643847595900 1.00000000000000
110.05575592261700 226.81041406146500 1.00000000000000
354.62968903796500 384.60591461742900 1.00000000000000
1268.68514868179000 440.11938584478900 1.00000000000000
721.14272345841800 248.10770354847900 1.00000000000000
181.64400393083400 891.39274431063800 1.00000000000000
455.19060188942700 169.79564486456600 1.00000000000000
549.44464799620000 201.68566820082000 1.00000000000000
846.26672231925900 572.11968075964900 1.00000000000000
1224.42260236203000 122.77115534240100 1.00000000000000
931.65772210565200 522.53683930662000 1.00000000000000
673.91042821398500 890.64299777141400 1.00000000000000
1062.76079379735000 711.10843287780400 1.00000000000000
478.71894937485600 578.77035161831400 1.00000000000000
95.53435646466140 889.73961672475700 1.00000000000000
181.40685933180600 48.81772597866520 1.00000000000000
217.29405077653000 695.82779615181200 1.00000000000000
486.81552715332500 283.21971491861800 1.00000000000000
1348.36715180909000 180.37549198233900 1.00000000000000
1025.13647155320000 546.38367110260900 1.00000000000000
1054.69116550034000 106.46152773462900 1.00000000000000
201.16271827269700 249.47719016779800 1.00000000000000
514.41876720458600 603.15508129232300 1.00000000000000
341.75041715816100 784.07041369027100 1.00000000000000
23.95502037062690 891.85232783098000 1.00000000000000
20.99635932139480 487.91786404596900 1.00000000000000
248.91317369623900 622.99200682403800 1.00000000000000
447.25291564198100 22.43514781303200 1.00000000000000
1141.70670616812000 856.68514308092300 1.00000000000000
201.62713811965800 104.75373968172700 1.00000000000000
1308.11073551866000 531.01624652182100 1.00000000000000
1316.06369188881000 726.55848779203700 1.00000000000000
775.44474050526000 58.23170132797470 1.00000000000000
326.58871755635900 168.97233428946100 1.00000000000000
476.19654767318800 818.25268059042800 1.00000000000000
835.60946387148600 23.63869203817980 1.00000000000000
745.19626433867000 209.35837432637200 1.00000000000000
991.11005960924200 694.08095317828000 1.00000000000000
185.10575290139800 572.82355912672800 1.00000000000000
1181.96488376362000 102.88791852686300 1.00000000000000
226.94552291505800 175.41429497881200 1.00000000000000
452.93810092294200 127.05275755894500 1.00000000000000
147.89238402335100 599.15671526989400 1.00000000000000
305.44468307360700 46.81592634895990 1.00000000000000
593.60428564469600 226.61924269947100 1.00000000000000
901.41581409390600 861.12452379070300 1.00000000000000
1346.81212873623000 96.00675670941140 1.00000000000000
202.23524524134000 489.88044220693600 1.00000000000000
476.25090895045100 211.98983905559300 1.00000000000000
339.01375698362200 60.40635361873460 1.00000000000000
442.35036250787900 620.09737626906600 1.00000000000000
1053.31980726509000 130.57816545576800 1.00000000000000
1348.23950242519000 298.63692202551400 1.00000000000000
411.88246693932500 713.15757209433800 1.00000000000000
469.73261393816400 340.00927446299600 1.00000000000000
1314.30622886655000 24.66213209172460 1.00000000000000
786.17437354898700 221.70557922515500 1.00000000000000
870.57865138021800 340.24579364990600 1.00000000000000
663.93982364183800 238.50721526094200 1.00000000000000
859.84180979057300 757.22825631758900 1.00000000000000
1110.49079492461000 354.40346770402100 1.00000000000000
445.57476563881600 891.79050019479600 1.00000000000000
1163.38740732759000 816.17664326730000 1.00000000000000
175.17292828949000 856.15333445416900 1.00000000000000
245.98412683435800 645.12822173307800 1.00000000000000
1102.76778811500000 236.13978249198800 1.00000000000000
1161.74605451199000 187.15471948422300 1.00000000000000
426.84450663966200 335.80837047058000 1.00000000000000
224.11470553475500 823.29879226624500 1.00000000000000
186.76476168442300 349.35463618044000 1.00000000000000
663.93255228167400 853.59021317487100 1.00000000000000
210.13331716131400 367.51946337712600 1.00000000000000
185.79060408439900 291.53971371484700 1.00000000000000
53.50817663267140 600.59024177219100 1.00000000000000
547.08974474374300 170.86691657217000 1.00000000000000
96.51021126732220 451.80317989924500 1.00000000000000
75.61741634084110 543.37528233388000 1.00000000000000
460.82670634518300 728.02891728353300 1.00000000000000
126.18890519784000 854.68505016271300 1.00000000000000
167.33639662902000 464.20995706128500 1.00000000000000
671.03810713271400 775.54250418258900 1.00000000000000
1266.62099497184000 188.99355762771700 1.00000000000000
1068.04919857212000 498.35195663451400 1.00000000000000
709.37655872027800 186.17187510594300 1.00000000000000
121.71956638220800 116.21440019066200 1.00000000000000
1103.58351732545000 272.93647901820700 1.00000000000000
609.73213775702900 768.81288804763300 1.00000000000000
660.36903697386400 133.55338530881400 1.00000000000000
245.47206284123900 433.31440276293100 1.00000000000000
569.65897370271100 561.93388041850300 1.00000000000000
102.26822413438600 537.88408677196900 1.00000000000000
1313.72019573524000 169.75597744458400 1.00000000000000
19.08511153016120 747.31195521269200 1.00000000000000
250.46972710008500 257.15154530105400 1.00000000000000
392.00884358829500 838.58746632930700 1.00000000000000
696.45806267285200 133.00412525791700 1.00000000000000
962.84726737657800 620.31131036248700 1.00000000000000
1201.31643335576000 818.57039743427300 1.00000000000000
172.86511021186300 422.69588248188400 1.00000000000000
1262.62286173183000 310.89412338037100 1.00000000000000
247.23821708206500 79.48229102566870 1.00000000000000
1073.64328475066000 815.38030818952300 1.00000000000000
58.55913493979570 168.20704240738900 1.00000000000000
1317.93612098143000 462.34772547792100 1.00000000000000
147.01028035497600 534.47904753692100 1.00000000000000
1222.79668501243000 503.23717622855900 1.00000000000000
97.42030274613300 500.05832351066600 1.00000000000000
334.51703196744200 867.00526522757500 1.00000000000000
1196.75680836561000 61.41800359398910 1.00000000000000
1344.80871463958000 694.16035486355300 1.00000000000000
957.80287662085700 597.46874139769300 1.00000000000000
349.84586801833000 346.28767548835100 1.00000000000000
82.81428724105610 144.96834800786700 1.00000000000000
1348.99876509572000 54.55234464631620 1.00000000000000
491.62280779509400 738.48107993333800 1.00000000000000
762.74654460206700 824.38101695927100 1.00000000000000
632.52293041302000 249.48782796217700 1.00000000000000
63.54331985717920 822.97843043876900 1.00000000000000
60.05048527983540 800.20461580188900 1.00000000000000
593.47188493225700 593.24756990600100 1.00000000000000
1108.05041422079000 459.30324182819800 1.00000000000000
515.16339833799800 890.63557354238600 1.00000000000000
455.75108450757300 855.41283660553500 1.00000000000000
1261.57660523643000 106.29062435281100 1.00000000000000
1026.85885164739000 164.42951987376500 1.00000000000000
59.52959523590860 443.97444579015000 1.00000000000000
552.84302526251000 298.04494759999100 1.00000000000000
1049.61242662507000 201.84232394880400 1.00000000000000
609.41053909329200 375.77308361177900 1.00000000000000
1295.06345625493000 608.84118737791100 1.00000000000000
891.16533676677300 788.57057839722200 1.00000000000000
590.38288058707800 631.29448430054400 1.00000000000000
438.95374277115300 444.74866334900100 1.00000000000000
202.17317859267000 19.45009737392410 1.00000000000000
625.06943950253900 103.25446544588800 1.00000000000000
610.44684961139600 115.79732705039800 1.00000000000000
1249.82864684061000 145.38697423344600 1.00000000000000
383.74611633042500 266.52498675571700 1.00000000000000
1060.73066162163000 851.63767116979700 1.00000000000000
344.30382294707900 140.60955036185600 1.00000000000000
827.45506288562100 648.14771579010100 1.00000000000000
1238.49984327636000 463.54462288765900 1.00000000000000
1248.83397677054000 486.31838577157100 1.00000000000000
223.92212221232300 556.42590887867900 1.00000000000000
921.50351642746400 70.64727591180590 1.00000000000000
1289.05554548740000 90.84351207446370 1.00000000000000
47.29182890461940 126.29235137651000 1.00000000000000
555.82842410240400 647.96934166204100 1.00000000000000
56.19247071227960 890.57095419507500 1.00000000000000
819.67229493109000 188.43340989311900 1.00000000000000
1113.93008054500000 581.22686477023700 1.00000000000000
90.60215849473490 265.79788967936400 1.00000000000000
518.28024238064300 619.47691086920100 1.00000000000000
301.95368473577400 531.16322740600900 1.00000000000000
25.21488654343430 95.79226164022400 1.00000000000000
351.12929004979500 489.83886252695400 1.00000000000000
1312.62170770861000 689.84881619596000 1.00000000000000
106.97569594304800 813.72320444847800 1.00000000000000
515.68584393056200 553.89001023019400 1.00000000000000
1142.24556796568000 199.20981888925100 1.00000000000000
1281.41390246222000 538.46815151205900 1.00000000000000
501.79668239470600 364.22711715564900 1.00000000000000
139.50871254539500 796.59869149671300 1.00000000000000
582.37949951251300 576.51789924754700 1.00000000000000
1261.03207033048000 690.15972127596500 1.00000000000000
503.58647734905000 198.66095468635500 1.00000000000000
1251.42823531926000 24.09485452893890 1.00000000000000
1056.40025006727000 231.54780033153700 1.00000000000000
71.56791958331980 328.86538244617100 1.00000000000000
1312.16953751112000 804.72111265033500 1.00000000000000
315.61599048362200 697.73447290093200 1.00000000000000
622.21390861859100 614.18201319450400 1.00000000000000
1202.94699021404000 797.05984212861000 1.00000000000000
251.47332360952600 114.60610831895000 1.00000000000000
1234.27440105834000 652.81045613991500 1.00000000000000
18.83881632468270 327.92851255763200 1.00000000000000
244.45707827922100 479.57654820998000 1.00000000000000
319.96226170206000 561.09301341119900 1.00000000000000
288.09161812811500 733.56229060185600 1.00000000000000
25.02569993776110 631.07496012244200 1.00000000000000
804.40169362590100 304.39246362871100 1.00000000000000
475.49432549079200 89.00997280822530 1.00000000000000
1103.20150483082000 384.30652492511000 1.00000000000000
382.25135491164500 753.58882403576200 1.00000000000000
632.21686228287600 486.21970593330800 1.00000000000000
576.29868366788500 140.99519599417600 1.00000000000000
1071.08240567048000 653.33488941617500 1.00000000000000
20.14885513396290 823.98760489244200 1.00000000000000
1174.06004411049000 279.65512399442200 1.00000000000000
371.01142056755400 115.08063152295100 1.00000000000000
486.90238530888200 388.62950440283700 1.00000000000000
218.76837436591400 514.35622399468200 1.00000000000000
582.09141808223700 610.34973306746800 1.00000000000000
724.71370206271600 268.48391547214900 1.00000000000000
713.88950445558500 616.52028609493500 1.00000000000000
377.36045176199400 396.87764338429100 1.00000000000000
1150.54299471114000 551.42128395383200 1.00000000000000
798.22504928156000 833.11979988095900 1.00000000000000
1351.50185881982000 803.45761471426700 1.00000000000000
1154.76537874592000 292.53785455803600 1.00000000000000
268.77518365337200 121.68002808397100 1.00000000000000
374.07104216579800 162.96859983177700 1.00000000000000
911.92310764793500 521.47754966434000 1.00000000000000
1247.49349400470000 254.53560946940700 1.00000000000000
907.96121272314000 383.91063907954800 1.00000000000000
408.55400178982100 20.90026067507050 1.00000000000000
51.30373342677670 291.33164841503400 1.00000000000000
668.31919490941200 439.07602093405300 1.00000000000000
936.24005487574600 855.36922509377000 1.00000000000000
280.35198789373400 776.27732685342600 1.00000000000000
121.56655111124100 738.82383398468900 1.00000000000000
25.68076975425040 377.96317707170100 1.00000000000000
127.62155318163700 625.64748357803900 1.00000000000000
755.10428120146100 602.49770261286600 1.00000000000000
1262.04245014002000 896.14216652110800 1.00000000000000
287.44338070509100 487.28330387720400 1.00000000000000
1049.82952651795000 512.21239126300800 1.00000000000000
1319.75451592027000 62.48635085218390 1.00000000000000
1151.43265839481000 74.57896742525270 1.00000000000000
18.74857667063510 861.45792372944700 1.00000000000000
684.54747543680700 814.95900539791000 1.00000000000000
328.92892017848900 14.55281696574600 1.00000000000000
1322.77132549449000 552.36722775210000 1.00000000000000
576.56237923639900 857.80509913204100 1.00000000000000
481.43266103421100 157.81223498430200 1.00000000000000
524.15873671636800 571.91665883158800 1.00000000000000
1348.27817566314000 523.95118008992100 1.00000000000000
442.04852529674700 204.35637353852700 1.00000000000000
1071.14212669589000 460.59610061372100 1.00000000000000
1072.03324076076000 729.85886030646700 1.00000000000000
426.98873237627800 314.87036325562400 1.00000000000000
22.87556634125660 418.76968881777200 1.00000000000000
898.82632599377500 674.20152497115800 1.00000000000000
919.76678881264700 227.58921442682500 1.00000000000000
1296.00346107734000 397.83955540956500 1.00000000000000
626.11282990633600 302.70383259652300 1.00000000000000
573.39106449264700 276.52356472928000 1.00000000000000
494.47842367200400 638.78755342415900 1.00000000000000
495.35725193103800 515.82192683905000 1.00000000000000
825.58685372913500 676.19602402408300 1.00000000000000
440.60685086242200 79.78540993253390 1.00000000000000
1008.23162504396000 708.51511275875600 1.00000000000000
1123.90663476643000 710.30561927344400 1.00000000000000
1136.32867842293000 111.46236905829600 1.00000000000000
1268.63496428810000 708.82348022013400 1.00000000000000
273.66760386061200 751.93689392747700 1.00000000000000
1167.55468299054000 632.02366036436500 1.00000000000000
350.60126365072900 327.57586263232400 1.00000000000000
972.54845815452000 459.60813385557600 1.00000000000000
673.63214534545400 337.94078719424300 1.00000000000000
529.45788007059800 504.27678720555500 1.00000000000000
767.66407860035200 767.95117436170400 1.00000000000000
869.28702525156500 405.99090700317200 1.00000000000000
415.61596873368500 508.95156683538100 1.00000000000000
317.88790240295700 65.33539116021000 1.00000000000000
739.55340367429900 303.42627294939800 1.00000000000000
348.21491299971400 265.33219174725000 1.00000000000000
42.97745713429300 484.94652404941800 1.00000000000000
729.22267506397400 776.64069409197100 1.00000000000000
453.96032587199700 491.43799334202400 1.00000000000000
1350.80397578701000 892.25625756173200 1.00000000000000
864.20407403964600 675.29056413536800 1.00000000000000
443.38902241588700 596.11914259821800 1.00000000000000
527.79662649791900 279.14082844402400 1.00000000000000
98.89840027338230 737.12955884916100 1.00000000000000
171.85748402530200 323.49892436566200 1.00000000000000
241.12496832322000 758.83375081528200 1.00000000000000
986.94005778482800 53.78753794842830 1.00000000000000
1229.43849741545000 702.47058731058200 1.00000000000000
1351.87780043431000 587.36862746578100 1.00000000000000
132.96840893066200 198.55779145289400 1.00000000000000
857.09344634436100 865.76586248137900 1.00000000000000
1023.67070101033000 603.12533324572900 1.00000000000000
99.84426471801510 706.84271352259400 1.00000000000000
1095.47112130704000 863.88304933008900 1.00000000000000
783.57967508836100 308.32659954152400 1.00000000000000
19.62150950261560 448.04751138354200 1.00000000000000
984.87692537293700 492.40383105023000 1.00000000000000
349.86020308647600 95.36820233811960 1.00000000000000
137.48671675242600 518.24304452839200 1.00000000000000
121.73299453458700 479.06478561603700 1.00000000000000
1196.50085959484000 308.72376272996200 1.00000000000000
1315.90347751058000 628.10004149741400 1.00000000000000
1179.23164415040000 222.39498124913900 1.00000000000000
507.57918345478500 461.54277299698000 1.00000000000000
726.91096770228200 636.26252772149500 1.00000000000000
62.63379696247400 90.06004117877090 1.00000000000000
310.41684651664000 733.96917158240100 1.00000000000000
251.43972278855700 688.33583685897600 1.00000000000000
319.87376187200100 663.91350260605300 1.00000000000000
144.41472171034000 248.69988620314100 1.00000000000000
118.04774583428700 772.98472026638000 1.00000000000000
625.90106567093600 335.28254790291500 1.00000000000000
1020.22980706896000 131.40514618729500 1.00000000000000
965.51792973000800 896.06511106541600 1.00000000000000
81.27750932814180 465.57355127414100 1.00000000000000
88.33335867880420 61.00853933489280 1.00000000000000
221.63671098800900 720.06546552730500 1.00000000000000
717.57497570521700 47.83301706616030 1.00000000000000
259.54853203877000 709.63516528769500 1.00000000000000
1014.44770069068000 291.16767503264600 1.00000000000000
311.96014829705600 323.98940299751100 1.00000000000000
1099.04801126863000 792.23321245766700 1.00000000000000
55.54573788435220 756.21227990247400 1.00000000000000
590.81998020112600 721.17498092207700 1.00000000000000
494.46015657918200 591.80259857444000 1.00000000000000
892.75974479802000 154.16645342757800 1.00000000000000
931.44947624529600 781.22474242301100 1.00000000000000
698.07595786697100 287.65251509647900 1.00000000000000
1202.61372595678000 195.92615980315300 1.00000000000000
856.94017516901800 305.05052634081100 1.00000000000000
1049.62535512698000 535.75313394053600 1.00000000000000
285.24286073557700 619.64641787114000 1.00000000000000
798.68193497028100 749.99526025626200 1.00000000000000
57.99288045017660 688.35246336514300 1.00000000000000
588.08620523249600 491.29563747767600 1.00000000000000
927.12954345582100 372.70917409536500 1.00000000000000
560.49556148531200 126.12680075815300 1.00000000000000
109.99849168052800 664.66961433198300 1.00000000000000
721.83217482259700 83.56662265538850 1.00000000000000
1046.53096048086000 164.71055199030700 1.00000000000000
219.95372854841200 404.93702152749400 1.00000000000000
837.40570205696000 498.86757645313600 1.00000000000000
115.92898852436000 418.12341334468300 1.00000000000000
280.27795012189300 713.11543882828200 1.00000000000000
1313.18143204705000 829.42603242538800 1.00000000000000
437.17789426613700 236.18665791694500 1.00000000000000
1200.85941713306000 138.15726599139600 1.00000000000000
242.40270617985500 374.56196432930100 1.00000000000000
1087.21388065737000 897.66860331071600 1.00000000000000
633.61452357573500 410.94379461309900 1.00000000000000
1352.84344986796000 624.66553860426900 1.00000000000000
784.11453389442500 795.64471023908200 1.00000000000000
290.15742731466900 91.94456226461730 1.00000000000000
322.19823034795400 246.88213297600600 1.00000000000000
1173.76867190409000 467.69460019425500 1.00000000000000
739.08191960971100 796.67894612482100 1.00000000000000
602.53345629664000 77.22369976838550 1.00000000000000
492.60855317369000 481.42507445309800 1.00000000000000
891.23741635613900 212.44008716657300 1.00000000000000
739.90092931731500 142.13537978744100 1.00000000000000
271.03866644672700 209.77034635079600 1.00000000000000
248.62171736344200 539.69979922832500 1.00000000000000
1122.70312760709000 189.87124961878200 1.00000000000000
1353.01474093777000 863.85532001112100 1.00000000000000
805.49114846512400 342.53896781667800 1.00000000000000
747.27265407659100 417.74864196631800 1.00000000000000
463.25839612981000 310.10437899976600 1.00000000000000
1057.91191267040000 377.09296491231900 1.00000000000000
1351.01858559618000 397.16166652481800 1.00000000000000
490.74855477886200 801.26220697658900 1.00000000000000
499.91959774186000 265.61428741344900 1.00000000000000
879.46265450428300 889.56848109551500 1.00000000000000
1348.94075349442000 655.50320739963100 1.00000000000000
635.18310368452200 169.63158758461200 1.00000000000000
772.97526592737200 285.47641815571900 1.00000000000000
726.46150122587600 443.26040022962900 1.00000000000000
862.32205841530200 529.17228788208100 1.00000000000000
49.09616613845670 854.62894845251300 1.00000000000000
246.46585778366100 823.74260940808200 1.00000000000000
21.52780988012640 193.28145021495500 1.00000000000000
243.29512131405200 788.99181632184300 1.00000000000000
548.09825434380300 17.63781569733580 1.00000000000000
832.13800635499600 587.70821166005600 1.00000000000000
900.18365547092600 546.48432917382800 1.00000000000000
136.80056959912100 834.09058252229000 1.00000000000000
1042.07473349524000 264.18065377626400 1.00000000000000
174.23860702984200 180.05885403828500 1.00000000000000
45.84811982422320 568.58599039100800 1.00000000000000
1184.42882201770000 344.00998816227200 1.00000000000000
991.84241373852800 451.47082388197400 1.00000000000000
283.84718976934400 227.27657429100600 1.00000000000000
1187.98033580942000 17.25654747780130 1.00000000000000
624.30601086059100 507.40545076808800 1.00000000000000
713.77430630058700 544.95584027736400 1.00000000000000
573.22479279271800 659.99088825088100 1.00000000000000
157.62278642873300 280.72479331364700 1.00000000000000
383.99709763601700 322.77714352222700 1.00000000000000
1207.41414052779000 530.89982203166800 1.00000000000000
1081.32239052768000 593.84302665672400 1.00000000000000
686.05114608004500 716.79659725343600 1.00000000000000
163.53970036304300 733.36206533380700 1.00000000000000
182.69864347656300 725.17216092298200 1.00000000000000
1182.73187945040000 599.88379404932200 1.00000000000000
1162.86988649640000 689.84296477171700 1.00000000000000
1350.83417234620000 827.99570582647100 1.00000000000000
1168.64136066299000 758.43330482961000 1.00000000000000
563.60082728656900 726.65941127344700 1.00000000000000
293.53437431269200 695.79599145404800 1.00000000000000
650.66118285465100 208.51881541046800 1.00000000000000
334.84695996429100 826.87288576059300 1.00000000000000
418.02981814055600 111.26377306028800 1.00000000000000
1232.10807861311000 859.22925729965100 1.00000000000000
380.78745471060700 47.89788883472800 1.00000000000000
919.99442408022400 562.23050445481000 1.00000000000000
807.21640876871900 258.01172431132800 1.00000000000000
291.33394379625500 318.94241806008100 1.00000000000000
1322.06503105323000 492.83567990902500 1.00000000000000
972.81725267826100 721.61135734934700 1.00000000000000
513.42093755389500 746.95660780040300 1.00000000000000
1205.86595285669000 894.09538832738800 1.00000000000000
86.20970641771320 608.26852803983200 1.00000000000000
139.82248442764600 436.92072304808900 1.00000000000000
370.19686536077300 839.21218852448600 1.00000000000000
889.81265070512500 827.28343459379300 1.00000000000000
1293.14844637533000 253.54631949765500 1.00000000000000
310.20435047418300 85.31560315929700 1.00000000000000
786.80147896903600 716.73252321951400 1.00000000000000
925.91232921445200 437.84913061132100 1.00000000000000
1353.42631423445000 228.12868436045100 1.00000000000000
766.31012500987900 684.46520938408900 1.00000000000000
381.27239262979600 578.84547780781100 1.00000000000000
1211.65797652567000 45.89413760368680 1.00000000000000
111.88834741255100 263.07557144148600 1.00000000000000
786.29367429495600 381.07467940998700 1.00000000000000
926.64905777777300 158.66628435737500 1.00000000000000
869.43242616920400 20.71053491080730 1.00000000000000
1099.87416309193000 622.00178451371100 1.00000000000000
1194.06428688758000 287.58125587871500 1.00000000000000
860.22473229389800 184.05761187974000 1.00000000000000
719.83816742950000 342.42379788281400 1.00000000000000
1086.93412328123000 523.80440191033500 1.00000000000000
1263.80383455825000 503.51074397894900 1.00000000000000
1012.50072336590000 765.34767942121400 1.00000000000000
835.36244507542000 741.34612144571000 1.00000000000000
370.06340541030000 455.38768257874200 1.00000000000000
1107.57415934200000 835.02515649003800 1.00000000000000
1056.65684840007000 609.27490658853500 1.00000000000000
436.60522516022000 851.35012159399400 1.00000000000000
1069.06228536392000 633.87276444272400 1.00000000000000
684.10466724391500 401.49290131991400 1.00000000000000
993.14961855093500 823.20473666142000 1.00000000000000
1114.67004530212000 524.30389707632800 1.00000000000000
1079.10803105860000 144.36704069379500 1.00000000000000
99.83855692855260 187.03734614835900 1.00000000000000
311.20971734728600 790.76409562807800 1.00000000000000
67.46127824970100 51.46038063565440 1.00000000000000
1102.05233808752000 20.34261945747930 1.00000000000000
106.11593684125500 304.43213030861700 1.00000000000000
782.23375169887300 405.98725416394300 1.00000000000000
921.97214862278600 621.68034741094000 1.00000000000000
1325.61041362041000 246.81242385868900 1.00000000000000
721.80641681351000 815.27646236165600 1.00000000000000
895.48386386013700 190.45743840674000 1.00000000000000
992.27185846527500 353.09300464408300 1.00000000000000
223.76226427933000 49.50279437588440 1.00000000000000
372.28229466210600 646.29857909908200 1.00000000000000
615.79133504734100 660.27362997185600 1.00000000000000
975.68967657456900 859.58885476537700 1.00000000000000
525.73357856701300 710.94700650564600 1.00000000000000
591.20981212757400 532.45966748190400 1.00000000000000
406.74171458918200 370.30396441610200 1.00000000000000
214.70394114459900 318.55687435721000 1.00000000000000
634.99266969850900 868.95352966585500 1.00000000000000
1244.80249194027000 611.79580227003800 1.00000000000000
1275.19264895563000 825.12835923630300 1.00000000000000
891.18440722327500 351.28254466710500 1.00000000000000
1150.10575512789000 577.32392289940100 1.00000000000000
638.79004551828700 688.44920750289800 1.00000000000000
250.94019428019000 866.45803927425600 1.00000000000000
1242.87230570982000 813.07792379308400 1.00000000000000
455.01006585507800 658.28426582307100 1.00000000000000
304.25743805781700 125.39169881267300 1.00000000000000
1026.57044832083000 91.00811743799380 1.00000000000000
922.84516532024500 822.42806811078200 1.00000000000000
81.30240681242460 831.77994715475000 1.00000000000000
127.43088479919100 815.25884884060500 1.00000000000000
510.99566162500600 772.67093549143300 1.00000000000000
480.06322220643900 441.12169459243400 1.00000000000000
626.62976044280000 833.62488595072800 1.00000000000000
522.26677155897500 805.77305489457100 1.00000000000000
87.11787073692730 288.04608049586200 1.00000000000000
450.17380215161800 405.05974998323000 1.00000000000000
562.12939621739600 52.15793824382310 1.00000000000000
1326.23599907040000 764.55304992610300 1.00000000000000
753.91779202613100 670.22027401934200 1.00000000000000
396.01672683844800 894.61777054137500 1.00000000000000
1090.80780618985000 85.37377382066870 1.00000000000000
751.78719530782000 379.39949161551600 1.00000000000000
442.73942981713800 760.94627286321200 1.00000000000000
472.23547141305500 766.61377560358000 1.00000000000000
979.18084188380400 168.40133273345800 1.00000000000000
405.85260706121500 677.31597940327400 1.00000000000000
802.40769372006800 53.41854967155810 1.00000000000000
325.23365704465600 289.27274116020000 1.00000000000000
1080.48912294942000 694.18289876152600 1.00000000000000
232.79583088295100 897.26088564409100 1.00000000000000
376.95091791620900 207.34132069657300 1.00000000000000
1159.99938330604000 312.34308770000900 1.00000000000000
857.33246670276300 268.38770472252600 1.00000000000000
93.04182098210220 641.05595579879200 1.00000000000000
859.17816009955100 651.65257540583200 1.00000000000000
1233.63489165380000 303.70117454381800 1.00000000000000
801.64741113835800 156.91956280762500 1.00000000000000
16.59137057293430 229.23422511943600 1.00000000000000
744.89717623013200 16.10870832559100 1.00000000000000
827.26194577022100 782.02511738281200 1.00000000000000
499.31278487812900 93.29473159464020 1.00000000000000
844.35291105585900 52.96360608812070 1.00000000000000
1283.15774864228000 469.86875538336300 1.00000000000000
1111.17143223154000 110.94995305096000 1.00000000000000
1022.91392657840000 839.83570208825500 1.00000000000000
743.11272620771500 839.08348107229400 1.00000000000000
286.42485816309300 112.80988219092500 1.00000000000000
652.82010183258300 703.31118525086500 1.00000000000000
1327.58475431184000 327.75548770290900 1.00000000000000
1137.50040583225000 387.77154715615100 1.00000000000000
1115.02019385473000 798.69687832193500 1.00000000000000
199.43896255458300 206.04901140030500 1.00000000000000
215.44661542830000 220.41416186640900 1.00000000000000
276.85314843445900 189.17671635211400 1.00000000000000
19.39736971671150 285.77693934460900 1.00000000000000
1189.35938596748000 495.26016121351900 1.00000000000000
621.56208007149400 554.93749478190300 1.00000000000000
1210.25057224471000 275.98240141307300 1.00000000000000
599.98209217319900 472.00226580643500 1.00000000000000
227.98651441089000 139.45506425426400 1.00000000000000
778.64550237225500 536.19007360511300 1.00000000000000
699.24975274356200 488.99750861386800 1.00000000000000
1135.85082010170000 257.04975441244600 1.00000000000000
606.14787205375900 898.73623150129100 1.00000000000000
588.80863758707100 314.23792010505300 1.00000000000000
797.95699999735400 90.93781480322610 1.00000000000000
183.31478012208500 530.22095659021000 1.00000000000000
133.94706704565300 335.73423148550400 1.00000000000000
872.32983547730400 44.73143825307210 1.00000000000000
1108.01483344019000 717.91002615172800 1.00000000000000
1150.97669735954000 781.44485173789500 1.00000000000000
42.36457375970210 415.25115143306700 1.00000000000000
985.48224958066200 735.26696375522400 1.00000000000000
1052.48482697500000 780.51177263396300 1.00000000000000
1297.27678614101000 371.16081882007300 1.00000000000000
925.72622861787000 898.88119106121100 1.00000000000000
335.96773429938100 522.22833848375100 1.00000000000000
999.31875265888300 609.48718712200100 1.00000000000000
388.86233611901300 466.99795280632300 1.00000000000000
380.86494546558300 801.49695881459500 1.00000000000000
369.76116956279100 534.33851240079500 1.00000000000000
845.04648747035200 688.52940179683200 1.00000000000000
184.41174692314400 391.94593094779700 1.00000000000000
723.06660527354700 684.15452114613200 1.00000000000000
997.85976700532800 18.69810524756980 1.00000000000000
784.67710230971200 346.84570197335300 1.00000000000000
744.84028561311300 397.79310647955200 1.00000000000000
683.77184466979800 631.34708533450700 1.00000000000000
1088.26227489048000 167.56972792580900 1.00000000000000
994.65040062963600 671.52085682498600 1.00000000000000
723.92308808665300 737.36755191602400 1.00000000000000
572.08679002924800 768.71841558970900 1.00000000000000
225.22053746005200 677.14175037733200 1.00000000000000
672.50607209635600 663.72114895888200 1.00000000000000
627.95006746764300 17.19408802135560 1.00000000000000
1016.72873321418000 797.00937835640100 1.00000000000000
779.37868536351800 865.25087236877500 1.00000000000000
1217.42446895038000 428.45832396149500 1.00000000000000
1130.03961754885000 680.80740294653900 1.00000000000000
459.33210752831900 537.24268605913700 1.00000000000000
706.71047552678700 576.73830640753100 1.00000000000000
473.64764530637400 120.07193961548000 1.00000000000000
1264.30480596401000 272.94955176291300 1.00000000000000
239.83467657297800 197.77789642032200 1.00000000000000
943.61950867306600 691.68845170312700 1.00000000000000
314.33922255418500 378.34884617461900 1.00000000000000
955.21394575041600 299.69708959413200 1.00000000000000
528.74091612369400 326.98840306649800 1.00000000000000
890.53551119961300 284.15364961187200 1.00000000000000
57.27777448418000 268.25262074664900 1.00000000000000
555.73149095589100 354.43868725388400 1.00000000000000
204.11365725687200 387.50536640477100 1.00000000000000
614.68540778595800 630.13049484528800 1.00000000000000
558.86709740258300 507.29146828642300 1.00000000000000
336.30480975368100 401.03057526519900 1.00000000000000
1352.22406615401000 562.90393701921200 1.00000000000000
440.57050920829800 145.21337827039300 1.00000000000000
266.01993484369100 52.48269213997970 1.00000000000000
764.46462631950300 499.00353313892600 1.00000000000000
419.14073195459100 201.89878929884200 1.00000000000000
1029.89372194766000 353.67334766062200 1.00000000000000
1048.46920351840000 334.51518826858100 1.00000000000000
710.69914230357700 750.21914709564700 1.00000000000000
1246.44619668904000 183.17660167071500 1.00000000000000
728.21705127083000 899.90410982640800 1.00000000000000
483.26243314807100 894.41049005514600 1.00000000000000
455.56073413175300 269.27195795696000 1.00000000000000
410.01072614690100 305.15023248116300 1.00000000000000
308.92016438601900 201.23260383396400 1.00000000000000
561.35229438542500 231.36207256410800 1.00000000000000
1267.61974883855000 586.13556394625000 1.00000000000000
627.37791882103100 804.27613522351200 1.00000000000000
1205.83074459227000 409.18207418789400 1.00000000000000
782.20922186632600 15.33210131766790 1.00000000000000
835.44556305620200 428.63567963948200 1.00000000000000
1202.44762606333000 860.65314349862300 1.00000000000000
494.01322412220200 23.69724496893370 1.00000000000000
1355.37706993238000 741.46076115766500 1.00000000000000
209.07155768912200 869.16384490204900 1.00000000000000
717.98362394104200 314.71649776331400 1.00000000000000
858.66603088249300 203.89286120745600 1.00000000000000
302.23740390159600 558.48655207146600 1.00000000000000
947.69832326084000 403.60140383634600 1.00000000000000
773.12254737074500 440.13470890606100 1.00000000000000
876.56002387225800 317.81191545843200 1.00000000000000
1271.16466488219000 862.12489350280800 1.00000000000000
887.54209039187900 635.84200903022900 1.00000000000000
1071.38835132430000 356.89394978300000 1.00000000000000
661.33182990561100 567.39131989723100 1.00000000000000
391.54454383155400 177.62643562065700 1.00000000000000
708.95156697329300 380.22338202958700 1.00000000000000
859.01040937015100 477.55745420469400 1.00000000000000
1213.92860721186000 344.93171403441900 1.00000000000000
284.37112162066300 814.44445591209100 1.00000000000000
570.20451301050900 899.84502742358100 1.00000000000000
879.94755724164600 173.04499261009400 1.00000000000000
544.15023785730100 409.32027650682700 1.00000000000000
1227.49270270626000 894.31696115957300 1.00000000000000
352.14410583810300 467.39227441658600 1.00000000000000
1187.07543294001000 245.00504170326000 1.00000000000000
261.30825322810600 171.42263359599200 1.00000000000000
147.48052970838600 59.01512809179650 1.00000000000000
962.68850939123700 16.74683623970220 1.00000000000000
977.84383085413200 657.24212272170600 1.00000000000000
516.66906630028500 518.28905200796400 1.00000000000000
329.06436274081600 620.45080523828200 1.00000000000000
887.85428354764900 102.81943761776100 1.00000000000000
572.39706664151000 789.80955924243500 1.00000000000000
1056.46667286364000 182.67240731812800 1.00000000000000
1084.99470304638000 426.69347355119900 1.00000000000000
1326.12610835179000 136.77846308388400 1.00000000000000
1327.40968761129000 591.82723760670900 1.00000000000000
566.92860359469900 164.21268376473200 1.00000000000000
514.39559438756100 673.93412077943100 1.00000000000000
792.82385588608700 669.42305872950000 1.00000000000000
776.42522763719800 475.09618910752000 1.00000000000000
803.24235242241400 480.03480037712800 1.00000000000000
1133.08704002580000 353.62662663334800 1.00000000000000
1113.31879831676000 410.92087079156400 1.00000000000000
1315.49170285834000 867.09519997880600 1.00000000000000
977.42403654477900 755.20023120009500 1.00000000000000
618.91178816762900 188.46811909187300 1.00000000000000
687.55799021387700 100.17659605601800 1.00000000000000
1220.49377225704000 786.83432933555000 1.00000000000000
401.36160612769400 818.46278622059200 1.00000000000000
424.35657536715200 586.26185794982100 1.00000000000000
88.01215825332630 18.16306871603080 1.00000000000000
411.12968051848800 425.04914892857200 1.00000000000000
1327.55095679475000 658.84798631406100 1.00000000000000
1145.88496167362000 416.44491220148900 1.00000000000000
460.76649817363200 580.15581839277300 1.00000000000000
1238.18037624714000 393.71447795780800 1.00000000000000
831.85073032642600 543.02456399980800 1.00000000000000
988.62917299834400 320.61476876390500 1.00000000000000
1155.35370124826000 162.50169913430200 1.00000000000000
1281.35723193946000 159.76619586783200 1.00000000000000
98.81285442180130 430.17773182998900 1.00000000000000
994.01388018005700 90.33140481073050 1.00000000000000
785.87912273866300 896.67733045325300 1.00000000000000
666.14033689253500 66.89004209567950 1.00000000000000
1101.16814734299000 44.19286509007100 1.00000000000000
578.72613617574900 198.81708242891300 1.00000000000000
148.19694490880100 895.96362930866400 1.00000000000000
1290.42732893305000 54.29245186463910 1.00000000000000
569.01878186459800 491.63375915409900 1.00000000000000
241.23492538086500 236.58400649371000 1.00000000000000
961.95526903955300 134.36071806988800 1.00000000000000
802.96335279726200 179.82488729644800 1.00000000000000
81.78833086421900 128.52302123705700 1.00000000000000
799.66554396231700 446.42795022977400 1.00000000000000
15.66263912806600 510.54938358891700 1.00000000000000
610.00895440774100 48.87047019692630 1.00000000000000
917.59304237913600 100.73071958641100 1.00000000000000
281.63527354601800 528.49414534758300 1.00000000000000
128.67764680349600 375.28311813881900 1.00000000000000
937.48149761262800 475.25009688459100 1.00000000000000
964.80201144921200 354.50065402753600 1.00000000000000
129.38530527781100 606.43735621737600 1.00000000000000
990.49469186411600 156.24980627668100 1.00000000000000
879.47422687811300 579.81729059177900 1.00000000000000
545.87943919697600 866.95542185374400 1.00000000000000
305.76640381759800 413.08774451814700 1.00000000000000
1187.49519872308000 204.19605717701400 1.00000000000000
1154.66718369920000 504.23083796857200 1.00000000000000
557.49596585212400 547.29664187576300 1.00000000000000
391.42821891974200 550.48633152358500 1.00000000000000
891.56722290834900 414.83603113388500 1.00000000000000
524.84178402381000 844.87673649502500 1.00000000000000
743.50539605506900 237.73375202140000 1.00000000000000
266.52164539941700 612.38488421505100 1.00000000000000
506.69910446012500 112.59634233803400 1.00000000000000
1165.14647773076000 796.54961376054700 1.00000000000000
115.17979131453900 892.56997361664200 1.00000000000000
828.13950033167600 135.51182694210800 1.00000000000000
465.37885996322400 452.44573380124400 1.00000000000000
353.29199984289900 76.72107613948770 1.00000000000000
279.03804822873500 387.49470374964900 1.00000000000000
430.54551103062200 377.81605973020200 1.00000000000000
1137.20844462347000 744.15082056512500 1.00000000000000
753.19648264533000 620.95007596393300 1.00000000000000
476.90530868998200 609.60061709121000 1.00000000000000
79.42240965725160 862.59792420109400 1.00000000000000
1184.02617642823000 570.90485027356400 1.00000000000000
177.16322943198200 766.73202597473300 1.00000000000000
382.52719361016100 724.03363359997500 1.00000000000000
370.42862851790900 709.51716865347800 1.00000000000000
867.15008030605400 712.61742964538300 1.00000000000000
268.61403015335200 407.07926029278600 1.00000000000000
828.00291176568400 355.42339163408000 1.00000000000000
410.14945686875800 61.59629051845410 1.00000000000000
538.69324423361000 101.77003752246700 1.00000000000000
63.48086689368890 734.74735511360300 1.00000000000000
1217.80709555888000 228.94159240541800 1.00000000000000
258.34171682808500 579.64006087178800 1.00000000000000
1352.23802848269000 363.36121695107300 1.00000000000000
520.83504586141500 49.95038971323540 1.00000000000000
672.08316967905500 163.51119150835300 1.00000000000000
521.07372186500000 373.41133974612300 1.00000000000000
709.33798941234200 18.65131462221810 1.00000000000000
1053.65918275116000 147.52616966130600 1.00000000000000
340.33485018222700 760.77417224577900 1.00000000000000
581.33392008871700 21.76900615062900 1.00000000000000
342.79836267355300 726.18272662447900 1.00000000000000
77.01472909244640 364.69772037793800 1.00000000000000
642.03815753245700 278.14917870223300 1.00000000000000
342.58975908773800 281.50969331210700 1.00000000000000
1165.46195106647000 46.83642679123670 1.00000000000000
18.10309807240050 701.08018939547900 1.00000000000000
1158.55294639171000 711.10511033869200 1.00000000000000
1212.48063295211000 82.99732228784550 1.00000000000000
460.01128172221900 245.73940415773400 1.00000000000000
790.02980086696400 265.67932249812200 1.00000000000000
648.77994089829100 642.18652425074800 1.00000000000000
1276.09500230504000 403.53949130693500 1.00000000000000
1263.13553381858000 385.72481455502100 1.00000000000000
999.07754839709700 629.84231784957700 1.00000000000000
721.17619063397300 115.40852363376700 1.00000000000000
299.81581820917600 599.35462976588600 1.00000000000000
1353.99222703180000 147.21242334322900 1.00000000000000
183.03257321606600 251.94152788611600 1.00000000000000
149.87133320212300 478.38602978390000 1.00000000000000
873.14164968645800 219.86232365072000 1.00000000000000
1010.09695793079000 58.17676688200650 1.00000000000000
1324.01230696152000 898.66892736755100 1.00000000000000
544.09781148774800 682.84537150802000 1.00000000000000
845.63053730956100 171.94213793563000 1.00000000000000
268.95665682849700 546.69413057527600 1.00000000000000
286.46548949063300 18.49510614404860 1.00000000000000
1244.84788273478000 104.07525507938400 1.00000000000000
315.12313060830500 754.82553125816000 1.00000000000000
499.77485368756200 53.94082683851870 1.00000000000000
1208.58349726133000 489.25202751192700 1.00000000000000
122.86902522820000 703.27674044572000 1.00000000000000
480.16594828309900 873.61924508327100 1.00000000000000
569.37659592624400 457.41034920082300 1.00000000000000
1164.43723721415000 848.13023028634200 1.00000000000000
863.38448569361200 80.22582819786570 1.00000000000000
1327.34017587077000 210.67066953665300 1.00000000000000
117.98582662158500 459.90826276878700 1.00000000000000
1223.31758271702000 720.68550722863900 1.00000000000000
398.93075186865200 608.01443006662300 1.00000000000000
149.61898353881900 353.37999806148000 1.00000000000000
228.81647789856200 655.56870733334100 1.00000000000000
348.25200791349300 628.48301571391600 1.00000000000000
960.49089484847100 230.54714656504500 1.00000000000000
346.20625695414800 898.96394215466100 1.00000000000000
303.12808705093100 773.84387554565900 1.00000000000000
1319.95279334171000 79.40707848268030 1.00000000000000
170.85738345075600 357.31818909000800 1.00000000000000
1057.30594530491000 69.72141922308900 1.00000000000000
60.66379398766450 620.73818053420400 1.00000000000000
1117.89779289610000 498.87193117952400 1.00000000000000
589.19334529682600 825.88867291941100 1.00000000000000
1061.96520860324000 273.74782197931400 1.00000000000000
1194.82397687999000 666.19593346793100 1.00000000000000
1108.14710818495000 562.52208900934400 1.00000000000000
739.79804492905800 569.07889779374400 1.00000000000000
1270.44857777533000 297.15317358907000 1.00000000000000
650.83374705589000 472.08732189327200 1.00000000000000
142.94211755904000 872.96154787032600 1.00000000000000
67.90346177809750 428.06582130081200 1.00000000000000
837.62805985670500 318.25733194966400 1.00000000000000
1135.15832503758000 635.72740913094100 1.00000000000000
1202.78733524041000 601.67117256489800 1.00000000000000
707.23700628588300 711.92181297857900 1.00000000000000
1215.99491352385000 468.59748311768500 1.00000000000000
1013.28079219078000 515.41921999528700 1.00000000000000
939.82739561117900 715.89810158713700 1.00000000000000
1055.28690971424000 468.93650244841800 1.00000000000000
364.18005614472400 608.83161756298500 1.00000000000000
882.76529032475100 81.06696644491840 1.00000000000000
1032.81143690029000 449.55698290796300 1.00000000000000
1043.26453732741000 898.58847916325600 1.00000000000000
1118.31823258429000 895.75336435870400 1.00000000000000
895.37741445344200 433.97577305647100 1.00000000000000
418.69691049344000 253.71690476242400 1.00000000000000
942.26546313550200 631.39345921354000 1.00000000000000
141.74056306361600 115.74435175837700 1.00000000000000
738.55847539883500 173.94525551391800 1.00000000000000
149.53138237070100 16.23411652652160 1.00000000000000
338.30221500494600 590.29987415567600 1.00000000000000
440.67947916995200 281.92112423425300 1.00000000000000
859.17939789456900 606.49798807870600 1.00000000000000
753.14376158259200 323.24125329753300 1.00000000000000
662.32177881855300 816.33653378547200 1.00000000000000
1014.72546858616000 743.33288795839000 1.00000000000000
284.60419848807700 679.03776011837800 1.00000000000000
1294.56464050613000 649.64608148919900 1.00000000000000
252.29972395852400 317.64626542262500 1.00000000000000
636.03811675488700 521.68326563736900 1.00000000000000
696.39667346431400 83.03257891962880 1.00000000000000
43.10647825115960 454.07988244792200 1.00000000000000
48.82482333028380 834.80554512390100 1.00000000000000
769.73124729071700 159.33971544258300 1.00000000000000
959.08070962731400 759.62093407287700 1.00000000000000
177.60607495288400 217.45474841256500 1.00000000000000
738.30580285733200 870.59165048431800 1.00000000000000
628.18487967527200 368.90267301891100 1.00000000000000
1142.72990173143000 897.44236983116900 1.00000000000000
278.33734431923500 338.50216767360800 1.00000000000000
305.73306780919700 446.88696038982400 1.00000000000000
1199.73157576104000 636.58051393756200 1.00000000000000
836.95349782339300 232.14856449380300 1.00000000000000
971.82329676697900 693.94986120950700 1.00000000000000
1040.02401575988000 240.65641649223500 1.00000000000000
513.21471445116600 19.41683356737040 1.00000000000000
321.39683307115300 99.66098956349880 1.00000000000000
990.31177382787400 770.50124089781900 1.00000000000000
462.06791529443200 371.62625919678500 1.00000000000000
659.32410628796500 736.01929420532100 1.00000000000000
180.24082273308400 592.54195136812000 1.00000000000000
1307.30696495012000 188.99735604593400 1.00000000000000
1076.06531929667000 559.79272019210400 1.00000000000000
207.57094402714300 65.01754222397090 1.00000000000000
216.92944613582800 255.04215564059900 1.00000000000000
809.66576784057900 578.73991615337000 1.00000000000000
1016.05073787863000 220.52392844006700 1.00000000000000
43.40568278589480 790.61710808905300 1.00000000000000
1002.36568831551000 488.46423851727500 1.00000000000000
261.00564585086200 470.32018267793300 1.00000000000000
842.84162119046300 896.49693687173300 1.00000000000000
647.26806957794800 43.33474777764510 1.00000000000000
1128.98778715890000 837.78476112900300 1.00000000000000
125.72155961231900 278.40279611282900 1.00000000000000
1218.95223886913000 163.70457460944700 1.00000000000000
282.00698483316900 285.74118309366800 1.00000000000000
778.28589700380700 644.58255006595300 1.00000000000000
18.99032386161700 263.58373962475800 1.00000000000000
1077.65587161493000 103.06843295985500 1.00000000000000
816.90860112789400 319.72236104540400 1.00000000000000
1280.59182472555000 235.86136555138700 1.00000000000000
429.13084092676500 560.55974442006900 1.00000000000000
900.03262133048000 768.87148364273000 1.00000000000000
200.56454983032500 424.59206798470000 1.00000000000000
1350.10646576705000 115.06907210516300 1.00000000000000
846.31131031339200 781.77084853346600 1.00000000000000
194.65582350298200 660.35218930321400 1.00000000000000
232.47634257749000 116.81591745650300 1.00000000000000
160.87434175579400 664.03562023710500 1.00000000000000
593.53033089974400 437.28386043762100 1.00000000000000
701.65281774547900 870.66521538241400 1.00000000000000
744.87156964407100 531.02095602453500 1.00000000000000
1256.03437297022000 630.76246982114200 1.00000000000000
694.15626369573000 172.59412846719500 1.00000000000000
858.29423158463600 118.24316017730300 1.00000000000000
665.69511696791200 503.46234261278400 1.00000000000000
846.76995288724800 341.41523382491500 1.00000000000000
658.94704850811300 94.61035204395970 1.00000000000000
983.51660915376100 789.95127972453600 1.00000000000000
1018.57767229179000 147.75019063094900 1.00000000000000
83.13559410411450 574.79722056851400 1.00000000000000
1315.73161500100000 345.23265684366900 1.00000000000000
825.18349170587800 75.60466433920930 1.00000000000000
15.78286880963920 544.82287540514600 1.00000000000000
1333.41612509709000 621.03996172217100 1.00000000000000
584.43417302249400 74.72297665767490 1.00000000000000
1229.05886306479000 79.77853681570820 1.00000000000000
525.39690845632000 537.39938369996000 1.00000000000000
840.47322843674100 387.43488618611300 1.00000000000000
1292.84595362036000 859.49579094328100 1.00000000000000
832.88693511885700 455.94769642304300 1.00000000000000
156.24075980597500 423.99392125710400 1.00000000000000
209.03765137321100 573.12892652843800 1.00000000000000
951.70241238010500 777.78891343744600 1.00000000000000
1037.75083054112000 717.04997541799200 1.00000000000000
998.23730900128700 804.40116182112200 1.00000000000000
702.14052302070000 808.14246604354500 1.00000000000000
640.51229318868600 895.98314165564800 1.00000000000000
1113.45963222452000 81.24395228105100 1.00000000000000
994.97303866817700 211.81692362924400 1.00000000000000
256.12038101048300 506.34652813141500 1.00000000000000
1312.83294921567000 44.43256810824630 1.00000000000000
1245.87071786614000 545.79824737615000 1.00000000000000
1015.74631748198000 183.24249994570700 1.00000000000000
677.92742309929800 137.45521645890400 1.00000000000000
100.19614581149500 44.99435040760980 1.00000000000000
745.22497751620000 491.92501758084700 1.00000000000000
45.81118487047240 348.79371307817000 1.00000000000000
187.35406762425300 848.09244022232800 1.00000000000000
1356.98134251793000 271.64850346826400 1.00000000000000
743.59529902736700 342.82968317896600 1.00000000000000
1003.19266236376000 838.81424970673200 1.00000000000000
150.39840001408900 80.85996687825030 1.00000000000000
430.90051201094900 706.61474491440000 1.00000000000000
398.95292898481600 392.53120231645600 1.00000000000000
145.80013366718200 578.60207767087600 1.00000000000000
1026.06595890958000 391.55803953407300 1.00000000000000
1242.51870357530000 528.20447543185700 1.00000000000000
1292.97510738341000 894.97349948975200 1.00000000000000
213.57351663265600 803.68851016869300 1.00000000000000
386.43535344114800 511.06252967085800 1.00000000000000
1078.38387721464000 759.88713119639800 1.00000000000000
1026.04740448675000 862.43935350431000 1.00000000000000
94.01439158337010 331.81504636226100 1.00000000000000
254.03367663054000 745.98422212101800 1.00000000000000
956.89104849460900 319.74082037284900 1.00000000000000
681.02746589631400 848.07584259838400 1.00000000000000
1056.71759546540000 870.12709105206800 1.00000000000000
584.86615419603200 404.58152179836400 1.00000000000000
444.02630171350700 302.90885125629100 1.00000000000000
266.13882472207500 897.14904405879000 1.00000000000000
1142.40645326499000 219.56063333640400 1.00000000000000
1127.27429046501000 600.47638384429900 1.00000000000000
1119.01804031521000 393.37461926245600 1.00000000000000
725.10728483404800 471.58091552422200 1.00000000000000
1289.84152303054000 434.72041643231800 1.00000000000000
611.77201929936100 752.15878133103700 1.00000000000000
795.00402777389200 593.74076986858100 1.00000000000000
245.61072361864900 725.02764356620400 1.00000000000000
906.25835672903300 587.07039977112500 1.00000000000000
443.43336428949200 62.65372409837760 1.00000000000000
462.16775108250400 705.60643731260100 1.00000000000000
1185.63600311837000 788.47043645853700 1.00000000000000
407.12476039370300 220.77204060723400 1.00000000000000
1354.96358472642000 427.25580496004700 1.00000000000000
1284.83138232241000 741.64526865176800 1.00000000000000
909.11622956472200 404.56424418869100 1.00000000000000
440.05654184332500 814.89128489036400 1.00000000000000
155.83400110593500 832.92283597066100 1.00000000000000
997.54301814275600 892.65180199706700 1.00000000000000
300.78505313464800 392.19730069761600 1.00000000000000
1311.17826868244000 645.78891683516500 1.00000000000000
1227.49907458271000 374.49700217662300 1.00000000000000
1267.29595115089000 127.63766658075100 1.00000000000000
1242.04698387954000 686.85764487353800 1.00000000000000
319.84126261430100 468.05573733814300 1.00000000000000
1010.72189946235000 665.34926311710400 1.00000000000000
946.50506905849600 47.76071001977990 1.00000000000000
162.32092487073100 802.72933129172300 1.00000000000000
1030.13977004936000 205.11107942418200 1.00000000000000
757.16394580544900 734.61934440954900 1.00000000000000
337.74957630310700 692.95814715918100 1.00000000000000
1220.25069801063000 13.70735339532990 1.00000000000000
176.48357218856900 70.79452382502990 1.00000000000000
868.17675509199000 443.17435528648900 1.00000000000000
1115.86576124119000 873.57460634002400 1.00000000000000
42.72305328418400 16.64639187072620 1.00000000000000
868.24011731420800 512.21132449165300 1.00000000000000
824.16629165260400 805.62870599169200 1.00000000000000
980.75369447661600 230.23262764258700 1.00000000000000
804.35109961646900 560.88407466424600 1.00000000000000
1092.41165887028000 349.85853591082600 1.00000000000000
1353.57930073307000 486.33395618900900 1.00000000000000
1169.31331198981000 648.73587647191800 1.00000000000000
555.46022627982400 389.96597120310100 1.00000000000000
1295.11222295579000 836.59415399451400 1.00000000000000
619.92437215827500 447.61589791132600 1.00000000000000
1194.43240028089000 376.07741288430100 1.00000000000000
16.76868914754380 361.22758991069800 1.00000000000000
1130.01675369974000 46.60544301629280 1.00000000000000
685.53693184540200 208.18995058847500 1.00000000000000
40.41815948385620 163.77055261783300 1.00000000000000
627.60471570900600 574.08417010773700 1.00000000000000
923.17574720156300 264.33685517171200 1.00000000000000
694.97125104133800 615.38024032577500 1.00000000000000
613.59590769623100 263.20576801014800 1.00000000000000
594.38463049336100 249.05557612958100 1.00000000000000
748.24398142232300 707.40262311182700 1.00000000000000
823.77270404975200 898.07583241693600 1.00000000000000
521.44532309508000 396.81856262615700 1.00000000000000
1069.08235375139000 440.10462748161800 1.00000000000000
476.84532030391300 421.98083599511700 1.00000000000000
1171.94521356068000 259.32260844523600 1.00000000000000
929.36261725065200 16.83911426174000 1.00000000000000
227.95479216058600 445.71923971348100 1.00000000000000
668.76508092227800 195.92886493570600 1.00000000000000
930.41448925566900 195.02944209901600 1.00000000000000
374.53577042486000 770.12041611655100 1.00000000000000
707.09192230574500 148.68176832310000 1.00000000000000
278.55241792233500 470.40669104091000 1.00000000000000
669.02999720698800 597.06312355803300 1.00000000000000
681.84394486144100 761.66433470094400 1.00000000000000
59.71804912574730 869.67642535219300 1.00000000000000
1086.46100942957000 496.79193399199400 1.00000000000000
787.87355021355200 125.95549165216700 1.00000000000000
82.05475181363240 400.49869837044500 1.00000000000000
1122.52670250527000 550.99084848797000 1.00000000000000
1154.87982556405000 250.14010683705000 1.00000000000000
926.95316979132500 354.37455393407200 1.00000000000000
959.04635592221100 261.06599296795000 1.00000000000000
15.13670112641810 588.79901101477600 1.00000000000000
927.35626625628000 414.84915670995500 1.00000000000000
808.64467483570900 108.45626244901200 1.00000000000000
1252.35534117994000 350.38750587099200 1.00000000000000
545.96273571273800 750.59651110888400 1.00000000000000
599.87255245973400 178.57296461202400 1.00000000000000
201.46267812448700 297.83925580813100 1.00000000000000
640.18390805849700 798.21185201294200 1.00000000000000
303.40264160220100 852.45602443396000 1.00000000000000
432.10198993108300 514.69771298892800 1.00000000000000
125.94841021374900 759.87751489224200 1.00000000000000
1212.56428898597000 552.08340913727100 1.00000000000000
413.99851093157100 732.29286783240200 1.00000000000000
726.75102225616000 208.23618693130900 1.00000000000000
650.91559053208500 834.04078427885000 1.00000000000000
1245.62422079448000 273.11757958395900 1.00000000000000
331.50954961032100 312.05957028353300 1.00000000000000
1307.85966964878000 764.66583959481000 1.00000000000000
464.19912238865400 511.34373743551300 1.00000000000000
993.34774592564600 543.31226915833100 1.00000000000000
1151.44132365215000 340.85314280410300 1.00000000000000
342.85902418412000 223.16164617047800 1.00000000000000
1109.07931028303000 653.86777970503100 1.00000000000000
444.87059461143600 425.43027132110900 1.00000000000000
891.13013153127300 845.34620720790600 1.00000000000000
302.69930632572300 220.67160325595500 1.00000000000000
479.95910726914900 541.57734949684100 1.00000000000000
432.86548203523300 395.77796137315500 1.00000000000000
104.65940097667900 168.04131257761800 1.00000000000000
857.75234054876200 143.60146793604500 1.00000000000000
100.57332253417200 797.06087782157200 1.00000000000000
1275.87092202278000 628.68923486135900 1.00000000000000
213.95603010993600 87.95822995709910 1.00000000000000
1076.26218497419000 406.42990544993700 1.00000000000000
336.86068927970800 434.89341435616500 1.00000000000000
357.65872957893000 294.99414672833100 1.00000000000000
1118.92599515162000 617.92943672662300 1.00000000000000
1045.06869697035000 16.41659078557620 1.00000000000000
350.97288271831700 709.95069868415400 1.00000000000000
283.82257429526800 55.96135199551080 1.00000000000000
1330.67203847444000 796.43691155044100 1.00000000000000
1046.36636397899000 573.46264141313600 1.00000000000000
666.19826131320000 298.99839272230400 1.00000000000000
1295.18324940390000 567.51317229612000 1.00000000000000
678.23012353958500 679.06529317241500 1.00000000000000
163.95025938720000 564.02078298169000 1.00000000000000
296.10031543127400 183.51596194424500 1.00000000000000
412.69457194654800 488.22414458409700 1.00000000000000
308.47048631293300 260.76629750559600 1.00000000000000
227.40796165236400 467.96050541733100 1.00000000000000
426.04725537012800 898.24638332892800 1.00000000000000
915.40419668989300 179.80844335248500 1.00000000000000
482.92983843227600 196.80891784681500 1.00000000000000
1079.91495231248000 793.27919881266800 1.00000000000000
838.03998078854000 834.46587732728100 1.00000000000000
1277.11196604350000 602.20447192440500 1.00000000000000
1087.57247372483000 222.23267795177100 1.00000000000000
134.84172623089100 41.10821285514610 1.00000000000000
944.04801445463800 382.39241288181500 1.00000000000000
1296.21603212304000 679.40159664830600 1.00000000000000
583.97765320623900 43.39780838159700 1.00000000000000
759.73251385655400 144.08576101688900 1.00000000000000
186.35460504397800 493.21859622288600 1.00000000000000
1301.47815120930000 307.94010723176700 1.00000000000000
417.96680727522800 807.64878739949400 1.00000000000000
41.10074702002000 255.71106254123400 1.00000000000000
622.00153880751500 84.73317924801890 1.00000000000000
1079.88080820456000 15.13134513193770 1.00000000000000
165.80222097076800 696.18534462109800 1.00000000000000
1325.11463400609000 413.21145025657700 1.00000000000000
1014.61432014334000 573.51851868926900 1.00000000000000
412.46325581225400 406.22082509298500 1.00000000000000
247.03090248494000 339.64320201276200 1.00000000000000
227.35919058511700 340.36349632828500 1.00000000000000
164.32403399937000 114.34659590195100 1.00000000000000
1299.45369889081000 14.47560736270860 1.00000000000000
573.73828265391200 690.90685504803800 1.00000000000000
1229.77285988539000 284.47169596220200 1.00000000000000
1050.59157559156000 682.63187816780300 1.00000000000000
1120.13038007602000 15.29076310106790 1.00000000000000
761.05919853908400 897.15801647638100 1.00000000000000
443.17446220556800 739.45858848700800 1.00000000000000
1261.97245068228000 876.93482585214400 1.00000000000000
276.21172827745600 839.78293801301200 1.00000000000000
116.70978657653400 495.14958617661200 1.00000000000000
75.14718723567190 768.77450014179800 1.00000000000000
358.29312302367600 233.94604185963700 1.00000000000000
1142.74545495881000 90.40772771586190 1.00000000000000
731.04214575544900 548.87351595916600 1.00000000000000
1180.94566261954000 319.17472183877300 1.00000000000000
494.71173649215500 715.08647713101100 1.00000000000000
348.82967480952600 860.44644490007200 1.00000000000000
44.79071699960250 677.57125012989200 1.00000000000000
950.76778060897000 245.73504113870400 1.00000000000000
670.92916502456900 374.21742533245900 1.00000000000000
1179.89095569165000 166.63250116619300 1.00000000000000
149.54517620210400 723.61830988680800 1.00000000000000
289.67004528978900 356.18339615466900 1.00000000000000
1088.88833225988000 463.92199793708900 1.00000000000000
966.97164837237500 844.11462103439200 1.00000000000000
852.04851055935500 17.46561556279180 1.00000000000000
99.85423633144270 390.88231270328100 1.00000000000000
1133.58006048347000 775.89093896386200 1.00000000000000
193.95894164479100 331.51372070523700 1.00000000000000
1205.98946902217000 756.86767471706100 1.00000000000000
843.07645551922700 867.77960311589900 1.00000000000000
1100.25244874921000 772.51955993517400 1.00000000000000
512.13748777879400 867.17948006392200 1.00000000000000
71.33038181475460 898.31051905347700 1.00000000000000
1113.84925929349000 144.96939948574300 1.00000000000000
411.04775445519800 766.03241233634400 1.00000000000000
1043.63597894000000 831.23629943757800 1.00000000000000
1006.98798908797000 872.87500296225100 1.00000000000000
1201.64437401243000 177.32039104306200 1.00000000000000
372.49178475612800 71.19319369896610 1.00000000000000
631.46289263835200 207.63559242813800 1.00000000000000
659.61184552921000 281.67482245124900 1.00000000000000
1234.95699162136000 577.81517457463800 1.00000000000000
850.50242514505800 402.30955129530600 1.00000000000000
1174.45698395454000 81.57835983913300 1.00000000000000
769.94156043024500 44.60292509507600 1.00000000000000
287.74510473389700 150.52316004030600 1.00000000000000
92.51195614530430 678.30015232419000 1.00000000000000
359.59607169520800 130.16753080203700 1.00000000000000
1354.41487714145000 69.97446268802380 1.00000000000000
932.26886705958500 214.24952756208300 1.00000000000000
1353.98635214123000 465.04041054240600 1.00000000000000
239.20730540091800 394.31036160614000 1.00000000000000
1246.57223128712000 318.92966367046400 1.00000000000000
1356.28492629150000 343.23222663409800 1.00000000000000
948.23434257208000 508.15466295668100 1.00000000000000
920.63169685095200 767.95369813161600 1.00000000000000
782.25501446563500 514.98848488438600 1.00000000000000
44.92020158151380 385.55698559141800 1.00000000000000
363.83245371698100 17.36242265797210 1.00000000000000
1033.38354884775000 685.92054529578300 1.00000000000000
473.92871219135000 737.58521820413800 1.00000000000000
509.24450766676000 178.78754146320700 1.00000000000000
166.15571675538500 899.75965719941800 1.00000000000000
633.72988428386400 316.93423056920700 1.00000000000000
561.63885532842600 261.26747273439100 1.00000000000000
1033.45063827610000 736.81920536464700 1.00000000000000
475.55743355079300 668.74567854711300 1.00000000000000
1261.32961769384000 420.02219369886900 1.00000000000000
1243.75098429597000 415.81313337425000 1.00000000000000
921.77151970644400 799.29373795192700 1.00000000000000
239.64153953991800 17.38427023816220 1.00000000000000
382.47631368919600 488.45652782543600 1.00000000000000
364.09909257588700 573.33194527269600 1.00000000000000
1229.96105262808000 49.78913024270990 1.00000000000000
1216.83336780573000 850.01228697752300 1.00000000000000
1204.13980978501000 98.67027095287070 1.00000000000000
989.27520319268200 590.13807511873800 1.00000000000000
499.33205057775200 146.61656900776100 1.00000000000000
1123.77517736878000 232.13807198511900 1.00000000000000
1036.69856601194000 768.91930863024100 1.00000000000000
1249.56266327314000 222.75386010150800 1.00000000000000
1263.99389243354000 211.29347033606100 1.00000000000000
82.82029571697750 485.31593537325100 1.00000000000000
710.00193948750200 227.19159835417400 1.00000000000000
206.82319876188200 186.19983440525800 1.00000000000000
617.40169953392400 475.25628162847200 1.00000000000000
551.80682653937500 624.76721740541000 1.00000000000000
563.74997815385500 203.69643557777400 1.00000000000000
1043.31622470712000 94.98995328217510 1.00000000000000
928.50861593956700 301.05343232346800 1.00000000000000
1163.29740219483000 370.29978855788400 1.00000000000000
1093.77921236885000 253.49949154326000 1.00000000000000
199.04846237298800 455.75167531861500 1.00000000000000
95.61613629771060 218.43032129217800 1.00000000000000
1291.52532224425000 128.71939488287600 1.00000000000000
356.47722458945000 179.00453250000700 1.00000000000000
819.18807013358700 391.95257308625400 1.00000000000000
1324.41976244494000 849.80433830683700 1.00000000000000
759.04172365186600 873.77021111161700 1.00000000000000
954.43750480585100 725.78784319877700 1.00000000000000
540.63211014308800 806.07547882834600 1.00000000000000
467.10402056005100 16.16725234618440 1.00000000000000
43.05029306374470 642.56001608985100 1.00000000000000
905.66275984955700 264.31598933192300 1.00000000000000
896.29356067328000 247.72320852410500 1.00000000000000
1069.51657099168000 43.94104442233750 1.00000000000000
1216.22243433827000 320.37736938333100 1.00000000000000
1216.30651063321000 830.26437124727400 1.00000000000000
964.69906473689100 875.53272711434300 1.00000000000000
938.83028224525600 569.33279504456900 1.00000000000000
168.91819150290300 624.60432567527000 1.00000000000000
613.88415813045900 134.93485944251200 1.00000000000000
1266.32230594573000 757.82547743151000 1.00000000000000
602.73634185478000 671.64882997937400 1.00000000000000
16.56342182494150 68.50466982936560 1.00000000000000
891.37730699206400 372.91522859012000 1.00000000000000
1158.90687484039000 228.20242055045000 1.00000000000000
540.72945980252200 261.71612448079200 1.00000000000000
873.82211825598400 546.09775900297900 1.00000000000000
1232.56765239469000 137.01899611987900 1.00000000000000
1145.81874978086000 521.76005537119100 1.00000000000000
654.22279604208300 314.74143391169300 1.00000000000000
644.42356533703900 368.33300485405400 1.00000000000000
769.42758144284500 321.06592642403900 1.00000000000000
572.93929301779000 388.85422432154200 1.00000000000000
690.89375622425600 15.62120984012050 1.00000000000000
931.36999868198500 246.07678143531100 1.00000000000000
43.96302036802790 201.69518599887400 1.00000000000000
859.09223964389700 808.93450954880200 1.00000000000000
206.20301379743100 629.65339463061100 1.00000000000000
547.21507525269100 37.13941302746620 1.00000000000000
221.38645154282600 750.32986874642100 1.00000000000000
325.48583670162500 580.16644375262800 1.00000000000000
412.48984370336800 346.11961943570000 1.00000000000000
929.38024303481200 661.00243311931500 1.00000000000000
509.42908677055700 335.52551799820000 1.00000000000000
409.35320966056400 868.13886636131500 1.00000000000000
909.70797372470300 327.08475758506600 1.00000000000000
379.28209790274100 694.44009466849300 1.00000000000000
489.25718936482300 41.81457632336100 1.00000000000000
717.38310795593500 649.34294022754200 1.00000000000000
74.93913231015500 673.12051502245400 1.00000000000000
390.73014091975500 428.70181436852400 1.00000000000000
14.66508887141880 806.59553162914600 1.00000000000000
806.47074170721600 378.48646393380400 1.00000000000000
357.90905684679000 197.85826295894200 1.00000000000000
1328.07274352259000 290.63494266914400 1.00000000000000
1186.94297347633000 412.20469938179200 1.00000000000000
1357.12461417840000 165.19549116500700 1.00000000000000
551.89419260321500 443.02104539364800 1.00000000000000
377.50488804518600 290.03815231327100 1.00000000000000
335.49514075339100 552.62704103058300 1.00000000000000
114.37469849476800 132.70693344620000 1.00000000000000
615.43424434914800 415.26707236944300 1.00000000000000
52.04750697320740 585.08026969724100 1.00000000000000
816.83789560953800 869.39690553173000 1.00000000000000
46.02348246222740 309.85705688149400 1.00000000000000
132.89151247013400 722.89417942660500 1.00000000000000
1225.42590653814000 249.07512334608500 1.00000000000000
73.48187506784260 788.86380288653700 1.00000000000000
1314.16568502736000 226.73976784875300 1.00000000000000
13.97806352633350 149.65274008514000 1.00000000000000
1033.38363074593000 635.23113928877000 1.00000000000000
1234.34190104592000 748.53565381908700 1.00000000000000
1193.03579582419000 713.56633306683300 1.00000000000000
900.15293001161100 45.58240767864180 1.00000000000000
644.11637741209700 138.06316980035800 1.00000000000000
326.72854644098100 196.66500698802400 1.00000000000000
44.14460025903850 528.77946387369300 1.00000000000000
1166.68927231493000 350.98368498425200 1.00000000000000
227.01159559909400 366.94752988402400 1.00000000000000
1225.04073549692000 519.86425248531900 1.00000000000000
248.82056615582300 279.10568575808700 1.00000000000000
125.47700587521200 656.26658930019100 1.00000000000000
434.94520819855100 659.62077228242300 1.00000000000000
1278.78077858903000 41.17172067035270 1.00000000000000
760.41759294270900 844.07295172411500 1.00000000000000
1021.27874037472000 20.36056052199600 1.00000000000000
14.20189445001570 664.92731140260500 1.00000000000000
477.68181224629100 323.47484651387800 1.00000000000000
510.60995403446700 828.13262083761500 1.00000000000000
624.75966289958600 234.79705533784100 1.00000000000000
1176.49243868249000 722.82297965596200 1.00000000000000
530.05772106620700 241.42499535395000 1.00000000000000
1251.60384732206000 449.86886677974200 1.00000000000000
1003.16445309045000 729.46412739934600 1.00000000000000
1122.14703714543000 324.03871810212100 1.00000000000000
75.16178875293050 702.55048723571900 1.00000000000000
918.00224982634500 854.42568757859100 1.00000000000000
952.74868161921400 811.17563457071200 1.00000000000000
1150.83978750872000 625.95415275310400 1.00000000000000
315.91784970917100 340.11457400536400 1.00000000000000
539.28310626715700 699.82446025845600 1.00000000000000
485.73980026089800 352.80092778377300 1.00000000000000
1073.47829056961000 252.97720841333800 1.00000000000000
681.08305267795200 42.08175642199010 1.00000000000000
167.92118927691000 19.42336267831290 1.00000000000000
1025.63668367522000 897.12512432512600 1.00000000000000
316.62948654171900 230.97767388486300 1.00000000000000
501.78101426997000 898.83256393890200 1.00000000000000
147.79582505106200 229.53608099034300 1.00000000000000
1182.67713849259000 899.32550493931600 1.00000000000000
269.70139414475900 17.11429942975930 1.00000000000000
947.76221296349100 186.20345470132800 1.00000000000000
400.52650691237600 694.19802185511500 1.00000000000000
383.14598859225300 351.12479597164100 1.00000000000000
527.73860329783700 166.67910082949700 1.00000000000000
154.21824903866900 500.00159831316600 1.00000000000000
75.95715648377850 158.35701229934900 1.00000000000000
352.81221809535100 428.19163036600000 1.00000000000000
936.57574119638500 535.90739635679600 1.00000000000000
640.49841058621200 606.43176828558000 1.00000000000000
639.78438877432600 767.51097926176700 1.00000000000000
234.89184461356000 251.50377466000700 1.00000000000000
722.39199634668700 600.51455711200700 1.00000000000000
97.67106519026180 620.76357735056300 1.00000000000000
856.83898458876300 372.48900225702300 1.00000000000000
17.21324085673230 777.78867867939800 1.00000000000000
1005.28834655521000 253.03454472873800 1.00000000000000
973.67185176558400 387.37883530505600 1.00000000000000
439.17988320765500 166.14179552329000 1.00000000000000
580.67652201884200 735.30487450553500 1.00000000000000
708.47701998727100 779.06943369865500 1.00000000000000
185.84510113688800 781.97539577070800 1.00000000000000
763.16389796656800 357.07620491018400 1.00000000000000
672.50472928577500 418.43445658168100 1.00000000000000
386.46887367626000 784.41119310572500 1.00000000000000
874.39394943807000 381.81284680535700 1.00000000000000
756.51146741570500 222.22963441806300 1.00000000000000
608.95259759283300 15.74566306695800 1.00000000000000
1220.00992836738000 636.37844873084100 1.00000000000000
46.38158000823110 147.56119817691400 1.00000000000000
647.24759603095200 396.85840363742700 1.00000000000000
316.12559588240900 518.56088560616900 1.00000000000000
549.92422506127200 734.61559031465200 1.00000000000000
481.62471791940500 628.48230238530700 1.00000000000000
734.03371705643600 45.42655401329100 1.00000000000000
113.60853888268300 595.70504802067300 1.00000000000000
1327.17398896498000 268.58489123649400 1.00000000000000
1180.82874148556000 686.80673279195600 1.00000000000000
542.25791531169200 537.51600734763800 1.00000000000000
1084.51855836819000 635.60892809829900 1.00000000000000
234.65397757596400 307.03697415095300 1.00000000000000
769.30684770764000 785.25075147630200 1.00000000000000
187.32257480223700 544.60256962439500 1.00000000000000
942.11678231918100 588.19428680383600 1.00000000000000
15.34432826721630 308.16753358337000 1.00000000000000
1251.77251589866000 648.31599252852500 1.00000000000000
687.32920678854800 271.82928294481900 1.00000000000000
1177.65169218550000 382.46135595711700 1.00000000000000
776.40615524913200 250.28217080917500 1.00000000000000
1266.21552078589000 550.77130342309000 1.00000000000000
404.83375312287000 781.34682317450600 1.00000000000000
801.47829438464100 228.14898090744500 1.00000000000000
440.27825218437700 348.15190411612700 1.00000000000000
452.02340311425900 561.35614796176800 1.00000000000000
658.98413956560900 898.33706554452600 1.00000000000000
426.80682841501100 675.71694321374500 1.00000000000000
959.96533446799500 432.66360829417700 1.00000000000000
326.97188831042300 725.09932218065000 1.00000000000000
408.67529989073800 287.01967703716800 1.00000000000000
683.84962290604100 648.90878716409900 1.00000000000000
136.49233529875500 690.22701728249100 1.00000000000000
656.25281503558800 341.51329998110400 1.00000000000000
959.47462678606400 557.31972089656100 1.00000000000000
807.08005053874700 814.48918022136700 1.00000000000000
208.90524871819500 473.18399206346200 1.00000000000000
723.74891227460800 511.24542542323600 1.00000000000000
1148.79246402215000 878.45361390716700 1.00000000000000
1307.62420269035000 385.60158195517400 1.00000000000000
1111.02041956360000 673.89208482843600 1.00000000000000
259.96669662734300 442.50374615496700 1.00000000000000
43.34444939228390 87.19074973935450 1.00000000000000
538.63584342971000 292.42123133163900 1.00000000000000
799.51409264921400 729.47875094914600 1.00000000000000
279.56269647413600 648.96775169804000 1.00000000000000
181.33225718743600 408.96407830720400 1.00000000000000
789.19577302106100 880.47096559850000 1.00000000000000
172.02603144299100 510.52962221487700 1.00000000000000
468.10096491874500 389.77166626320200 1.00000000000000
955.72842086200200 98.52813363921100 1.00000000000000
559.50674422953100 857.64551743362600 1.00000000000000
390.01135332260900 248.51993347467300 1.00000000000000
959.97443212345100 373.43992321451900 1.00000000000000
436.84739851702600 689.67235488064400 1.00000000000000
1334.71516937803000 455.93648327625200 1.00000000000000
1333.72235767250000 15.93467553258780 1.00000000000000
14.28925496229990 209.18917233960600 1.00000000000000
956.02586674745600 65.81339794653810 1.00000000000000
186.08574223053800 160.00015009996600 1.00000000000000
600.77967300918900 159.88690086472200 1.00000000000000
971.81708467284000 586.21837249433900 1.00000000000000
1206.07090241464000 442.48183220363900 1.00000000000000
1138.77799863543000 658.72910675710400 1.00000000000000
1053.52035774506000 663.59596044296400 1.00000000000000
622.36552059270200 696.11655070000700 1.00000000000000
74.79055819821750 654.50210009384300 1.00000000000000
403.96065653835900 539.93825028215900 1.00000000000000
125.78001432768800 149.52845547075300 1.00000000000000
1331.58226451371000 834.17054630873700 1.00000000000000
754.19034142968700 271.14511831768200 1.00000000000000
1233.82583155250000 194.30723420121800 1.00000000000000
155.46301659776100 147.16254751490600 1.00000000000000
380.70814701223400 101.31384449394200 1.00000000000000
1140.80985434117000 132.42599097865000 1.00000000000000
1157.08658843522000 140.87925740759700 1.00000000000000
897.65631337952300 14.81951594492030 1.00000000000000
188.27317644867500 14.71592052458790 1.00000000000000
742.75188280763500 635.19559656471600 1.00000000000000
696.59716194892100 114.66812766532100 1.00000000000000
373.25075711647900 520.30260750164800 1.00000000000000
235.94263730603300 859.23109934686800 1.00000000000000
165.52434609571900 599.02609020353900 1.00000000000000
344.91087989918700 43.75343386198480 1.00000000000000
507.18088768473700 424.15903895670400 1.00000000000000
903.53478730354100 739.79646980182700 1.00000000000000
346.41747405007600 15.02933890976020 1.00000000000000
822.22235334401500 611.32528917665100 1.00000000000000
167.88958788611200 820.61400287165200 1.00000000000000
962.74235328934800 196.98893155191100 1.00000000000000
1145.77487716971000 323.96324229408100 1.00000000000000
281.60661137108000 423.03048741647600 1.00000000000000
272.81002513649100 863.34158385906500 1.00000000000000
291.33382860828600 871.17732708949500 1.00000000000000
771.96051501642900 187.52943641011000 1.00000000000000
332.36682594549000 354.14778717193900 1.00000000000000
631.45182506128600 723.43863493827500 1.00000000000000
668.52577271510700 873.20766665329000 1.00000000000000
1154.22321479229000 743.47104541882900 1.00000000000000
33.70460309371150 230.85957089250300 1.00000000000000
616.79091089665400 871.81572842141600 1.00000000000000
1185.92866493724000 145.57842921948300 1.00000000000000
15.48844160818640 112.77076256393700 1.00000000000000
1308.41546334804000 442.31311050620400 1.00000000000000
789.82464313485300 67.76135984921250 1.00000000000000
183.39184190652000 457.89992232837600 1.00000000000000
459.07727038485300 641.46542675051000 1.00000000000000
659.83496269469700 610.05824037200900 1.00000000000000
171.87480369294100 378.75350451924100 1.00000000000000
363.80682883469300 39.60114096540110 1.00000000000000
741.99589766091700 744.53596347795200 1.00000000000000
709.25812874773400 474.01718185829300 1.00000000000000
988.28477638231100 111.37085145539400 1.00000000000000
519.51231676724400 302.37854219445100 1.00000000000000
500.57111798748900 302.32323857880600 1.00000000000000
390.89463610536700 145.62754728813300 1.00000000000000
1165.30189129323000 110.41184015977000 1.00000000000000
990.96853817475200 301.85189310060800 1.00000000000000
14.66103731047130 404.50294243492100 1.00000000000000
182.70508053398100 708.04031889522700 1.00000000000000
552.00184912672300 317.58430211214500 1.00000000000000
586.96620948777100 456.43714514456700 1.00000000000000
729.74312285932600 425.14511434424800 1.00000000000000
287.84994291886100 584.24079005020500 1.00000000000000
1357.26777070074000 670.03154936504100 1.00000000000000
1010.39645501971000 455.63784829194600 1.00000000000000
584.24564494070500 871.93455927193400 1.00000000000000
1138.08785950561000 288.72646342714900 1.00000000000000
908.07246800087300 709.33143909235700 1.00000000000000
156.57020568408600 771.92873540686300 1.00000000000000
317.29264257378200 824.08762019815400 1.00000000000000
902.00543677825500 227.51644763779600 1.00000000000000
198.08460609008600 692.27563182999400 1.00000000000000
702.70612518695300 248.85260091281200 1.00000000000000
836.79245793782400 626.18502697551100 1.00000000000000
919.91267744850100 739.37632869511100 1.00000000000000
1018.93683459920000 424.10403394784700 1.00000000000000
684.75244439078000 303.77972890776100 1.00000000000000
631.76241377985600 55.02404502204570 1.00000000000000
685.94341550728500 598.32607661460900 1.00000000000000
699.64271560211000 48.29113552370870 1.00000000000000
1089.62293666423000 825.61790328876800 1.00000000000000
154.69624105681600 168.40981022437000 1.00000000000000
563.27582720126400 805.93513480182000 1.00000000000000
42.71266965029840 720.67538253992800 1.00000000000000
352.59477866275700 741.39394422557400 1.00000000000000
135.54391300898300 94.16683721872760 1.00000000000000
1330.15518057967000 686.74974220027500 1.00000000000000
1149.14306159196000 446.81921420009000 1.00000000000000
1029.45476770375000 482.72539856331300 1.00000000000000
858.48434509861400 841.15671721696700 1.00000000000000
869.31204292465300 824.76289667236600 1.00000000000000
13.62813959385620 844.82608695652200 1.00000000000000
1060.92452995878000 743.41200566616300 1.00000000000000
233.41376320161300 285.95297155492500 1.00000000000000
807.84009815057700 779.30121579285000 1.00000000000000
296.05783671130600 661.33607542552600 1.00000000000000
1244.16993813910000 42.60452399209990 1.00000000000000
1048.40900985311000 433.44362662241000 1.00000000000000
549.33637902857100 68.10827821270890 1.00000000000000
774.04470592537400 571.78308202341300 1.00000000000000
671.66684052002600 471.61350018635700 1.00000000000000
962.11124910373700 35.40177452102430 1.00000000000000
382.59314967212000 853.59660885997500 1.00000000000000
261.52433810430100 657.36360807858900 1.00000000000000
977.27666653185600 291.59322361321100 1.00000000000000
644.95931106975500 749.81812390372000 1.00000000000000
484.77838873176100 230.99182051880900 1.00000000000000
469.51228913578200 280.42254202346400 1.00000000000000
664.56625569753000 627.65641579660700 1.00000000000000
505.17932878895200 810.23863681246000 1.00000000000000
186.70961554672000 822.85732097849600 1.00000000000000
1356.72886699372000 707.04299435460000 1.00000000000000
812.86403204132200 287.47970626063000 1.00000000000000
883.25088422491800 447.28976647769100 1.00000000000000
493.04847397537800 655.84617411017000 1.00000000000000
424.24593806396300 645.04645926705500 1.00000000000000
838.54774075533200 816.23011840327100 1.00000000000000
189.09202779583200 621.10262434958600 1.00000000000000
690.49276214957400 834.82738087158800 1.00000000000000
1295.00514489206000 495.47354842860800 1.00000000000000
132.04286826782400 569.60302384501700 1.00000000000000
677.00591581549700 534.49576523468200 1.00000000000000
140.24370235375100 636.84991480384600 1.00000000000000
1327.94643474198000 539.15320695223900 1.00000000000000
1053.33779792505000 298.86136138492400 1.00000000000000
469.36478268531400 177.87477683852200 1.00000000000000
1182.33920398709000 428.05177518154500 1.00000000000000
418.82291137379000 234.50173649849900 1.00000000000000
465.66615185757400 899.65243856870600 1.00000000000000
1186.92949826715000 770.19847141684600 1.00000000000000
415.01656372587500 95.59480295297640 1.00000000000000
999.33243946156000 372.31294452284900 1.00000000000000
1108.11824261128000 200.15338084224100 1.00000000000000
232.65019185527900 156.51192280411100 1.00000000000000
869.88052286790500 639.52152178252400 1.00000000000000
812.09394599509400 362.93404814394900 1.00000000000000
1312.34090246272000 563.37191831175100 1.00000000000000
265.11240969471400 290.69300836441700 1.00000000000000
456.33480257117100 610.67663808453200 1.00000000000000
90.33166393632280 872.95729508582600 1.00000000000000
939.14672915726100 331.42290548116100 1.00000000000000
72.58915689921430 512.03857443413600 1.00000000000000
579.13901881370000 233.86277079265700 1.00000000000000
1099.00771867588000 314.88447238835300 1.00000000000000
1358.03044090015000 845.05596595846100 1.00000000000000
1062.51695166692000 693.09934837466900 1.00000000000000
761.60153194175900 700.11947867154900 1.00000000000000
1282.44524833529000 189.22042328409800 1.00000000000000
493.87178079352100 861.07087338294300 1.00000000000000
364.95198321661500 260.62687283462900 1.00000000000000
943.70800920888600 652.56144155427900 1.00000000000000
949.56988262120200 276.73436540564500 1.00000000000000
1028.86402025464000 277.92441998867100 1.00000000000000
1105.69151692631000 737.80824573220700 1.00000000000000
405.92409188251600 648.16208554157700 1.00000000000000
1212.79927057452000 674.99010720226300 1.00000000000000
1045.25267646351000 749.07360159124800 1.00000000000000
522.06851896552600 637.94746795239900 1.00000000000000
265.09623600004600 676.37943654203200 1.00000000000000
578.01651677187600 60.57981850641820 1.00000000000000
99.30139047361770 830.80819393422700 1.00000000000000
38.66471200663910 897.76301509410700 1.00000000000000
1357.42566436220000 285.54156267073200 1.00000000000000
643.36201025955600 581.63061519753800 1.00000000000000
839.29496607361400 530.68323221534100 1.00000000000000
1127.03713659436000 761.88189446804100 1.00000000000000
593.46004792625500 702.00634078292100 1.00000000000000
489.33263978579900 839.05620582875900 1.00000000000000
528.33529465840100 591.40867919195600 1.00000000000000
242.00659156074100 34.86707106471670 1.00000000000000
909.85855928913300 637.68725000575400 1.00000000000000
1241.79879809100000 334.56155274317500 1.00000000000000
648.10070716139600 718.66572545574900 1.00000000000000
163.98706572980100 198.60205883458900 1.00000000000000
13.59291964409450 647.71651355736700 1.00000000000000
680.53015780257300 565.40000829326200 1.00000000000000
310.40030134307300 280.08629628150400 1.00000000000000
1049.37997525712000 413.51643063278300 1.00000000000000
1245.72456450508000 847.39127431011500 1.00000000000000
1083.25020568824000 664.25088696527600 1.00000000000000
1125.23857867787000 441.07758320467700 1.00000000000000
925.59462252258200 320.56487606595500 1.00000000000000
994.10211611448300 857.68688744506700 1.00000000000000
856.39604720085800 64.19584009411260 1.00000000000000
1279.72950631751000 805.53719437219700 1.00000000000000
213.73356149026600 588.40227831040300 1.00000000000000
1214.20586592619000 584.02431999110300 1.00000000000000
453.84280908464800 688.03456584195800 1.00000000000000
1324.89487405379000 153.70099847445800 1.00000000000000
649.67035033369300 244.76972687946900 1.00000000000000
133.69024197823900 177.72339292398200 1.00000000000000
104.40633091731200 319.94900377688300 1.00000000000000
467.78018899095100 837.83643134181000 1.00000000000000
930.05974834316100 36.43521586118030 1.00000000000000
556.55942651979300 88.88439871363730 1.00000000000000
579.84625745134200 327.96931242410600 1.00000000000000
1355.58640037126000 38.24277785799020 1.00000000000000
434.28332541680600 781.10196539414100 1.00000000000000
378.43936138387100 416.15651025621500 1.00000000000000
537.99715106208900 347.47554792837900 1.00000000000000
1300.98429128573000 466.65352512433500 1.00000000000000
396.89543223969400 662.71041448123800 1.00000000000000
915.53728148767500 459.39351691916300 1.00000000000000
1064.90650628176000 480.14128111231800 1.00000000000000
606.52706232782600 688.14703336375700 1.00000000000000
192.26387008226800 604.84720293875700 1.00000000000000
1238.22788132234000 445.08628358300600 1.00000000000000
1331.69084681771000 174.81323884124600 1.00000000000000
572.77310040793300 361.38131748892500 1.00000000000000
123.39514183506600 297.83370175301000 1.00000000000000
824.80889726509600 510.60651197167200 1.00000000000000
1029.64981863547000 585.21709608980300 1.00000000000000
571.07773514800000 819.38851278840100 1.00000000000000
800.73147599812200 414.26457811629200 1.00000000000000
1308.39000336773000 246.30921113329200 1.00000000000000
438.66214247361900 481.24227822099200 1.00000000000000
391.19056549021100 15.17934101575380 1.00000000000000
120.66061759461100 64.30614602215670 1.00000000000000
811.14111082803400 541.16784698418000 1.00000000000000
589.90812271296500 210.56827226727400 1.00000000000000
838.49364308555200 89.33116237604860 1.00000000000000
148.58841922873600 456.91097217103500 1.00000000000000
746.22190933608700 762.56931118723900 1.00000000000000
736.15236625970700 672.62311992621900 1.00000000000000
541.83782931976400 475.13166961710800 1.00000000000000
1232.02078246688000 557.35410465225500 1.00000000000000
566.12627740124500 13.68930451673730 1.00000000000000
444.25858591220000 367.22273931689400 1.00000000000000
58.37842930372040 366.81977360622200 1.00000000000000
177.71846031692800 874.01544592150800 1.00000000000000
214.05470363064600 543.38933871399300 1.00000000000000
238.90192078132000 66.26431936337460 1.00000000000000
678.04077142025600 227.92164625244500 1.00000000000000
511.53777476542400 479.59740677659100 1.00000000000000
761.09616638727300 540.10697013643700 1.00000000000000
1280.75760762599000 348.41515509576000 1.00000000000000
142.21121549240900 755.99165072703500 1.00000000000000
1037.20468527295000 656.49044771243300 1.00000000000000
1037.75846651309000 554.30816266985200 1.00000000000000
908.12472713509800 344.77895782193700 1.00000000000000
284.98488099161900 899.68513834243200 1.00000000000000
565.37148529555100 422.90544049580300 1.00000000000000
863.85396682778000 773.21938151161100 1.00000000000000
1105.23054338937000 165.49326756401200 1.00000000000000
1096.18839461322000 699.98512121658100 1.00000000000000
793.55911521056000 653.08435252946000 1.00000000000000
1227.27747436973000 616.45676891410800 1.00000000000000
1266.43548324923000 674.32114034803500 1.00000000000000
124.25697736801900 874.28479238094300 1.00000000000000
463.57252293508300 784.17828120880600 1.00000000000000
729.59140208655100 356.83378686749400 1.00000000000000
81.91570577412360 419.21325871260000 1.00000000000000
876.53923834147000 754.13836225289700 1.00000000000000
983.41908456140200 274.03225074087200 1.00000000000000
1144.44027105304000 822.23885578045600 1.00000000000000
1194.23081150990000 358.69034330576000 1.00000000000000
1129.02571362459000 422.37719762666700 1.00000000000000
453.91471948626200 872.98921535115700 1.00000000000000
177.67156258555800 141.98100898969900 1.00000000000000
262.55847225811000 373.18573268803600 1.00000000000000
1031.99649270245000 505.57014093985200 1.00000000000000
905.56274716867200 296.58419655090000 1.00000000000000
1357.49938412885000 508.39534874397300 1.00000000000000
355.93591963918100 774.21134864507000 1.00000000000000
1293.86726085976000 218.29170673345700 1.00000000000000
1205.59800837128000 570.31365549553400 1.00000000000000
57.98829150546340 111.28436893148200 1.00000000000000
876.04137544296200 481.90116264737900 1.00000000000000
1216.81111928784000 109.05755346583300 1.00000000000000
1000.41266273684000 400.38719193329300 1.00000000000000
1092.41051777800000 556.57421573118700 1.00000000000000
1039.59006850712000 316.90626378966300 1.00000000000000
1020.72000947827000 313.91142108315400 1.00000000000000
472.36690117838000 294.23677923873500 1.00000000000000
802.31130943912800 502.76980402823500 1.00000000000000
682.90504641527500 517.99365746125200 1.00000000000000
1297.73769185619000 160.34894491183000 1.00000000000000
497.57984962572800 125.05957747130800 1.00000000000000
207.47291690232400 141.11866966451900 1.00000000000000
194.03015511950700 126.22435022715400 1.00000000000000
724.49797432316800 149.45939419003800 1.00000000000000
417.77711261895900 41.26389646382000 1.00000000000000
1144.52809186396000 372.16757888181800 1.00000000000000
188.78056869089400 677.51319085814200 1.00000000000000
215.08144939548600 836.55855816038300 1.00000000000000
404.97501883552800 453.88037231291200 1.00000000000000
944.98851885170300 12.34809456280390 1.00000000000000
725.42934757193200 831.23898569653700 1.00000000000000
628.12872793945200 740.34407977825100 1.00000000000000
591.21408788201600 795.65792551279300 1.00000000000000
1120.43930321915000 340.97307404465900 1.00000000000000
395.33083775821900 310.91701726097700 1.00000000000000
1020.46424465456000 781.02744836859700 1.00000000000000
422.06026808361400 458.59654802146500 1.00000000000000
936.74829037020000 110.09771049578500 1.00000000000000
271.70687744939600 319.19807526813400 1.00000000000000
783.88015693497300 683.11477529441600 1.00000000000000
702.51520515473900 676.25671802385100 1.00000000000000
174.72008284990600 279.50597174342900 1.00000000000000
610.55884156459300 535.21589954451200 1.00000000000000
1323.51764917185000 478.45178739307300 1.00000000000000
804.87944854880900 273.36883115618600 1.00000000000000
1040.19068668169000 61.64800418338720 1.00000000000000
702.89200913262000 350.27888399617300 1.00000000000000
699.72825471953600 366.22278258630800 1.00000000000000
1046.53164561585000 799.18823553258800 1.00000000000000
1054.68614227107000 625.77852395451100 1.00000000000000
1276.24798512099000 175.47875080080100 1.00000000000000
863.30311284604400 900.79178719305000 1.00000000000000
364.69006812865400 895.57454379037100 1.00000000000000
887.56923432698800 465.45395636191100 1.00000000000000
55.21049869221710 505.06434827738600 1.00000000000000
690.20869364902700 898.19429053669900 1.00000000000000
34.39236133766630 61.85699278021900 1.00000000000000
1037.62804075587000 44.91098200233670 1.00000000000000
533.63767213574600 429.48268157292500 1.00000000000000
436.33277037342300 531.98557438754200 1.00000000000000
302.93404956312100 143.21839078708300 1.00000000000000
489.70849628714100 499.38819646229800 1.00000000000000
63.66519825963820 240.90443239963100 1.00000000000000
297.30318338173400 288.73074411379100 1.00000000000000
247.88376573078700 846.21828044776000 1.00000000000000
651.17655984791900 864.99326722020800 1.00000000000000
660.83700866008600 15.40233793047030 1.00000000000000
210.93482172745100 780.70584205639900 1.00000000000000
523.47785616763400 117.75813371915500 1.00000000000000
13.75793350350710 763.59123710265500 1.00000000000000
945.08774569050200 443.53594413457600 1.00000000000000
1097.09306348732000 591.28662181579400 1.00000000000000
1032.17933805575000 409.08965492826900 1.00000000000000
1329.50947662342000 90.92663478753400 1.00000000000000
359.44267486453900 146.88222676892000 1.00000000000000
1213.09869278348000 260.77525260750000 1.00000000000000
1291.96773548651000 412.65582364649700 1.00000000000000
758.33918986665000 560.37244358723300 1.00000000000000
810.12524318212600 641.96267144680600 1.00000000000000
193.77225269529600 807.50008415076700 1.00000000000000
1268.99474019009000 522.52650828669200 1.00000000000000
410.65587485610200 836.60315360536500 1.00000000000000
1103.17079806586000 901.53454367519000 1.00000000000000
1262.36178954290000 845.41600363394500 1.00000000000000
802.33295997021200 17.54129240632280 1.00000000000000
263.38764909391900 809.20279665523400 1.00000000000000
824.77426944870000 482.83029995549900 1.00000000000000
679.61783456422900 487.20335036669900 1.00000000000000
537.66591719582500 459.27360778827600 1.00000000000000
116.77748542789000 350.38554506811400 1.00000000000000
886.58573744636300 559.26047513853000 1.00000000000000
354.97816510282200 797.48664720786100 1.00000000000000
831.34123916346700 177.26988833514200 1.00000000000000
1021.61579376576000 40.76087338261000 1.00000000000000
701.71030472993100 656.04548942890000 1.00000000000000
834.84575884548300 39.55310945009760 1.00000000000000
286.09559993170800 452.80120706573300 1.00000000000000
959.26493236051100 663.65284553469000 1.00000000000000
14.37114302121680 467.71328487290900 1.00000000000000
1231.09860257791000 670.21252783927600 1.00000000000000
601.79853184104600 401.02027168671100 1.00000000000000
687.15353684913800 324.31354162615000 1.00000000000000
341.61828293895600 206.78054203460000 1.00000000000000
249.26997119083200 150.60677508400700 1.00000000000000
409.35964091775900 901.45645488973400 1.00000000000000
1089.39450473925000 730.79822190252300 1.00000000000000
821.68851957119100 14.24733721361970 1.00000000000000
1056.48849340835000 813.77743956132700 1.00000000000000
1171.40567962128000 881.25579354481700 1.00000000000000
1258.99894074859000 241.66035510619300 1.00000000000000
924.69555473530200 135.26090981039300 1.00000000000000
326.20811706018500 788.03200126269500 1.00000000000000
1236.09828638556000 495.37940068345100 1.00000000000000
1357.99182203503000 410.67864732663800 1.00000000000000
780.75578978984100 97.61099321716330 1.00000000000000
778.73401908297800 112.37149385204200 1.00000000000000
887.89045916357300 613.81458610749600 1.00000000000000
170.30436060413500 679.97535552744900 1.00000000000000
129.68693410834700 901.34823248424400 1.00000000000000
712.94511454118400 415.47383862605000 1.00000000000000
1089.52760359005000 329.15878531465600 1.00000000000000
1301.57873174805000 791.33372891354500 1.00000000000000
235.38309015799000 689.64145487362900 1.00000000000000
1185.75248299620000 822.98950024377800 1.00000000000000
1065.18429364962000 596.09295767622500 1.00000000000000
300.15123802917200 633.28441014132900 1.00000000000000
269.45509195345400 592.59860563882000 1.00000000000000
987.14224388507900 561.59281017800900 1.00000000000000
1337.42670305579000 429.90319917055600 1.00000000000000
636.25951173097500 549.33877647007500 1.00000000000000
1068.96738606326000 325.18260514271500 1.00000000000000
1017.75718449202000 374.62593792384400 1.00000000000000
1211.07093106263000 691.76006527942900 1.00000000000000
90.57465367219620 757.72526853323900 1.00000000000000
348.85661558693900 507.18423311546800 1.00000000000000
109.63070728159300 848.71588799622400 1.00000000000000
869.44190472802400 238.09436709825400 1.00000000000000
280.57198609277800 266.47548630042300 1.00000000000000
1069.23856001630000 776.49031707278700 1.00000000000000
1075.75139050468000 376.21732042803300 1.00000000000000
482.06713797818600 702.16749701308200 1.00000000000000
1111.89898006906000 291.98152692530400 1.00000000000000
763.07831718826500 84.93638599461950 1.00000000000000
1090.84612508516000 116.40196965615200 1.00000000000000
1091.30408689830000 193.26484377739600 1.00000000000000
694.71807217222800 702.12865546343200 1.00000000000000
944.01950646283000 872.69786782238200 1.00000000000000
72.64089857426210 16.22654884362200 1.00000000000000
1291.79793323896000 293.48869886374100 1.00000000000000
1025.65617910224000 70.94894299509780 1.00000000000000
458.60752470946100 821.02926564027900 1.00000000000000
1198.34456880473000 231.67039204830800 1.00000000000000
757.28298133331200 253.65789923499900 1.00000000000000
392.37142599558900 566.76453747796600 1.00000000000000
329.74642640378200 384.09689206955400 1.00000000000000
1092.74629459450000 605.53064044030500 1.00000000000000
385.02046580449400 85.15036569706600 1.00000000000000
168.17160080988800 39.06324570099630 1.00000000000000
439.21488195208900 114.98004405290600 1.00000000000000
191.39120743612500 190.17381434006900 1.00000000000000
242.31214287510800 582.45766135885800 1.00000000000000
510.58483375608700 704.81681671648200 1.00000000000000
435.72439235806500 42.59279657212540 1.00000000000000
577.59839087042200 644.53424360695100 1.00000000000000
749.44485602391900 108.58905986134500 1.00000000000000
780.91634221528200 826.19806463442300 1.00000000000000
908.29086821878600 127.50969325395200 1.00000000000000
423.09936724653600 274.49669918331300 1.00000000000000
849.68273610372700 464.22012960115900 1.00000000000000
1081.09276082891000 510.91629404276100 1.00000000000000
1330.49746422398000 719.19683552768600 1.00000000000000
1017.15906510198000 344.42162549349400 1.00000000000000
15.35583568765910 15.35583568765990 1.00000000000000
822.15931891430000 710.19831905172400 1.00000000000000
1266.76545176290000 149.52292883378700 1.00000000000000
1101.92425499693000 422.59196336663000 1.00000000000000
1065.82502695606000 198.44885085678600 1.00000000000000
873.51193286401000 599.12288773717700 1.00000000000000
427.14403646411700 881.05284388898300 1.00000000000000
836.70991276159200 270.27248964938600 1.00000000000000
37.83732111388520 752.29107293675000 1.00000000000000
44.15097178616400 770.36734865158800 1.00000000000000
818.67446651129000 150.47947293085700 1.00000000000000
646.07445770025300 454.24185038695700 1.00000000000000
717.71742604155400 860.24022259279600 1.00000000000000
1124.26222040264000 649.71074543895800 1.00000000000000
915.26479186439900 689.23335821793700 1.00000000000000
216.16667560056700 108.86049397431000 1.00000000000000
580.78793574857900 181.77988885379400 1.00000000000000
83.27006698333060 738.14603524927100 1.00000000000000
1251.67355595504000 792.33882922719100 1.00000000000000
926.39399389328100 489.82344790727400 1.00000000000000
1103.72292240362000 439.91498171593800 1.00000000000000
778.49821936476900 755.44062547644900 1.00000000000000
851.14366934097900 490.46966455170200 1.00000000000000
879.06538387378900 118.74889439719700 1.00000000000000
400.92075845153600 755.26810619768300 1.00000000000000
985.00589809529900 141.58085751702500 1.00000000000000
961.07107995519600 541.43991041431300 1.00000000000000
425.95424899622300 627.49840284342500 1.00000000000000
106.30028128412200 109.56535684903800 1.00000000000000
1184.02737679382000 549.10833490775500 1.00000000000000
609.60310201815100 434.93756753502300 1.00000000000000
1011.85615264362000 475.77600628699000 1.00000000000000
1322.99627476081000 674.05700743152800 1.00000000000000
977.21225201608200 827.34306749324800 1.00000000000000
445.62566205114400 506.24416311669900 1.00000000000000
427.54209622298500 13.42975241844930 1.00000000000000
60.83068150318990 482.43340136682600 1.00000000000000
773.14350986612700 226.29729356726500 1.00000000000000
939.94727341861600 126.67474418994200 1.00000000000000
900.01945281189700 495.31998412518700 1.00000000000000
1122.85675514550000 266.62475522282400 1.00000000000000
503.66548928737900 403.14733487966200 1.00000000000000
1331.62720267354000 363.02505351117500 1.00000000000000
1326.35093214443000 380.52732572704800 1.00000000000000
728.36011386304600 101.84147483991000 1.00000000000000
402.04677967219600 520.81001763681700 1.00000000000000
951.03827211016700 459.24158700750900 1.00000000000000
972.24658943230900 480.04448730764000 1.00000000000000
241.21745773929700 495.79420602138900 1.00000000000000
73.42258965909420 451.73416127747800 1.00000000000000
1356.11994519843000 195.39106941208100 1.00000000000000
260.81962427666100 346.23225343145100 1.00000000000000
451.72348944734700 453.87465320169500 1.00000000000000
642.96655248846600 427.29129334382300 1.00000000000000
561.09274286189100 474.78170780975600 1.00000000000000
165.85686557175900 530.97832289067400 1.00000000000000
648.89536840200000 489.82474673237000 1.00000000000000
393.69541327907300 337.44042422068700 1.00000000000000
992.17987771654900 524.35386927053500 1.00000000000000
980.49759561783700 415.57020657429900 1.00000000000000
409.81123415438200 167.49284350149800 1.00000000000000
330.16692776509400 182.60367652659500 1.00000000000000
157.22288965646800 389.07448160566100 1.00000000000000
549.25719681035000 595.85542790167100 1.00000000000000
967.69930274688400 115.65227104271400 1.00000000000000
321.53667794339600 681.66480440875000 1.00000000000000
792.45649691084100 852.10390833046600 1.00000000000000
246.27961928662800 180.69363053037400 1.00000000000000
71.38434718911590 604.58915051509500 1.00000000000000
725.55652173912900 12.37450409195590 1.00000000000000
581.85009596339200 422.04438429617500 1.00000000000000
496.35886157675800 783.21903824272600 1.00000000000000
715.23496210941900 764.69083829664900 1.00000000000000
179.89899097157200 306.26928252720900 1.00000000000000
89.21987001201140 110.40067456995900 1.00000000000000
372.08386129389100 378.98040895574900 1.00000000000000
312.67111793875900 900.92862972195400 1.00000000000000
336.70857733993600 105.94903152244100 1.00000000000000
893.42127246546500 754.10837471159500 1.00000000000000
876.59079364272000 857.43013620030800 1.00000000000000
924.03179697869600 599.37720363091700 1.00000000000000
478.32945828199900 751.36433461109200 1.00000000000000
399.09463966403500 723.22934559563100 1.00000000000000
550.93424697417300 899.60078256230300 1.00000000000000
983.97391304347700 12.33675726069990 1.00000000000000
655.84551876110800 78.86691235057530 1.00000000000000
378.09448459752900 870.74394898634500 1.00000000000000
195.62637402334500 751.80465436752400 1.00000000000000
720.93921056825500 581.07398878003900 1.00000000000000
743.42395020736500 75.93320299514140 1.00000000000000
1334.94450074302000 397.61946870437600 1.00000000000000
151.06684628953500 404.66109885064200 1.00000000000000
1040.40501972451000 468.03428073099000 1.00000000000000
1357.98907328059000 545.41268049088400 1.00000000000000
709.73949818921400 526.77404904722300 1.00000000000000
1299.12501668883000 876.54831999885000 1.00000000000000
1131.69291797171000 582.77720085027200 1.00000000000000
78.21050571170420 344.03349984513000 1.00000000000000
394.17878649336800 282.25292805419800 1.00000000000000
1358.34177222188000 785.16878736803700 1.00000000000000
987.90771487470500 244.32065075424300 1.00000000000000
1259.18738946843000 67.21851768450010 1.00000000000000
1234.42917923279000 875.27951482471300 1.00000000000000
1074.50335470467000 837.75608928834600 1.00000000000000
710.04708091452800 899.62243166750700 1.00000000000000
1358.44278163552000 130.20617361900900 1.00000000000000
1066.18895251788000 542.97570874255100 1.00000000000000
176.90269236833200 652.16984999555600 1.00000000000000
594.87525499596400 126.29784647503700 1.00000000000000
652.51607348906800 550.71359197280900 1.00000000000000
350.46567453493700 678.66923226675000 1.00000000000000
124.62045306909900 403.56917950231600 1.00000000000000
983.06156404250500 899.34654359832800 1.00000000000000
594.46854989763200 506.44697520293300 1.00000000000000
1230.37625014914000 822.69607834366800 1.00000000000000
587.26142417950700 667.90704362638500 1.00000000000000
514.41199219110600 272.92920584923400 1.00000000000000
260.12162272703100 85.39853063098690 1.00000000000000
1124.64484766174000 472.34995357313800 1.00000000000000
1305.31470200512000 596.87458776305300 1.00000000000000
378.56594285623200 662.61127823024600 1.00000000000000
1070.75577244632000 235.36136267876800 1.00000000000000
1088.05817833026000 389.77931231765800 1.00000000000000
207.62704347759700 441.82383500430900 1.00000000000000
1030.84750231746000 821.18331384725200 1.00000000000000
507.80970704698400 688.24005231380600 1.00000000000000
342.06036211091300 659.14366570027400 1.00000000000000
637.04837849908200 72.68652090165650 1.00000000000000
955.60167220020700 490.41693905153700 1.00000000000000
929.54515613095000 750.87475100551300 1.00000000000000
1244.18014656640000 900.82576273115000 1.00000000000000
881.89020454302300 681.65864347363100 1.00000000000000
208.73411735698300 169.77608042567700 1.00000000000000
357.76440067287800 825.19163037331300 1.00000000000000
1264.69704695765000 12.63362732047360 1.00000000000000
1177.87325248086000 483.42365370489600 1.00000000000000
1200.43836347069000 876.59018252560800 1.00000000000000
102.50334964825200 567.62160549271500 1.00000000000000
1062.48086281673000 342.35622434328800 1.00000000000000
824.33141671307100 252.17152642903700 1.00000000000000
530.34538232634100 899.53137928065200 1.00000000000000
1249.20771658019000 772.41835877139000 1.00000000000000
624.80355410289100 902.00455086211400 1.00000000000000
429.58347615127600 431.48847795441700 1.00000000000000
721.28385242891800 721.09273371599100 1.00000000000000
1078.11055776384000 854.39198024445600 1.00000000000000
755.17939991130300 465.52668852669900 1.00000000000000
1278.89546769930000 367.23338795584000 1.00000000000000
596.01629088224700 811.03207996959200 1.00000000000000
544.20553156347200 509.41883473912200 1.00000000000000
609.66174143484700 597.63367135563400 1.00000000000000
326.57210708057000 488.97971267853600 1.00000000000000
116.42999845923600 529.69714404683100 1.00000000000000
101.57012966523100 522.06399994348500 1.00000000000000
474.51342053120700 479.83061782419200 1.00000000000000
81.37043091036680 94.50612925625790 1.00000000000000
236.93531525635900 566.02503234001100 1.00000000000000
380.11628270145600 126.51667393867600 1.00000000000000
45.63102164665950 658.33117957771800 1.00000000000000
295.74145323676100 516.00342449416700 1.00000000000000
602.65794118101800 782.75206655763000 1.00000000000000
424.03892456607700 474.81922567257400 1.00000000000000
462.04805573583900 35.28007603128250 1.00000000000000
660.92910441569500 328.23272191653800 1.00000000000000
660.79278201272200 583.86729739776400 1.00000000000000
383.30629395750200 633.04891144743300 1.00000000000000
102.97776267858200 770.91319611735100 1.00000000000000
1082.64142823849000 283.71635674425700 1.00000000000000
784.65365229148600 452.10433771869300 1.00000000000000
625.40705636530800 384.20912278982000 1.00000000000000
380.62035350469400 616.65460810731700 1.00000000000000
398.14073251783100 481.99699765265100 1.00000000000000
1019.99461638946000 110.83340568961400 1.00000000000000
132.03138698048900 451.93983101138900 1.00000000000000
787.39129909743600 558.79587357412000 1.00000000000000
279.41256165974300 78.07297627159000 1.00000000000000
580.53487026433900 262.42321897087100 1.00000000000000
217.87822473297800 15.57354770027670 1.00000000000000
1234.65800747009000 797.73977753431600 1.00000000000000
958.61686099230000 683.80066704691400 1.00000000000000
527.38203977603300 486.41706939542500 1.00000000000000
692.18838411235100 581.21564384333400 1.00000000000000
1101.89278522118000 492.51535454769000 1.00000000000000
1180.48438794090000 56.70030439675450 1.00000000000000
1103.94187291103000 368.61948612595700 1.00000000000000
1026.52801165483000 703.05963214775000 1.00000000000000
1114.19618830496000 51.76243542205720 1.00000000000000
317.39611883676500 713.36763155475000 1.00000000000000
234.46032030569700 614.90729739699600 1.00000000000000
341.10141199298100 537.41050103297600 1.00000000000000
118.21275844354900 33.32933612938880 1.00000000000000
694.08986080463500 747.00411060750100 1.00000000000000
795.79996677451200 698.50967872300700 1.00000000000000
230.45069670713900 224.72460556246800 1.00000000000000
875.93747413308400 270.01250864501400 1.00000000000000
1158.03847341438000 595.62790288909000 1.00000000000000
307.47350599968000 545.14302211997000 1.00000000000000
909.45376677381100 441.54889154287400 1.00000000000000
1270.59660584070000 791.90178850450000 1.00000000000000
334.57449890148000 848.02054378961100 1.00000000000000
1155.36216763474000 428.81762336680100 1.00000000000000
948.96412313476100 745.29284832618600 1.00000000000000
11.91298703996120 685.80000000000000 1.00000000000000
942.07742102525400 80.43551971207810 1.00000000000000
944.10200358143100 900.01445512259400 1.00000000000000
71.21981156498550 65.71523267567490 1.00000000000000
766.72606187634500 609.96352410480400 1.00000000000000
1237.58768712996000 716.59414773749500 1.00000000000000
220.33442870781400 854.81096520218300 1.00000000000000
633.78344456965200 266.07174985786700 1.00000000000000
279.77798609010600 369.97882662621700 1.00000000000000
930.53391543869200 680.40670350165000 1.00000000000000
965.01274573144200 163.03761005796400 1.00000000000000
395.54894961987900 878.75317783790900 1.00000000000000
1134.54687049788000 273.33827659506300 1.00000000000000
830.41661168986000 286.40917641655200 1.00000000000000
491.76520370831900 429.63562915032700 1.00000000000000
657.04940945499900 224.65856260680200 1.00000000000000
543.62741269443000 830.65019682872900 1.00000000000000
255.27574695341800 415.70927635493100 1.00000000000000
1265.44655701088000 482.66383153996200 1.00000000000000
60.20658870810200 538.90545446809600 1.00000000000000
973.58222002438700 86.34816940803390 1.00000000000000
1000.75228985775000 192.67492118169100 1.00000000000000
708.57388989822400 445.24962129880400 1.00000000000000
872.18883208081000 734.76121488935200 1.00000000000000
230.91425488040300 424.37202464426700 1.00000000000000
421.31396217383300 141.18932872237800 1.00000000000000
1151.25393444551000 475.79626560168600 1.00000000000000
563.45697259679000 333.19451636366800 1.00000000000000
214.83728696465100 664.26147830050500 1.00000000000000
814.04316991398400 695.80258008210300 1.00000000000000
82.54092559847960 244.62754069823300 1.00000000000000
111.58288384576300 549.57380876732400 1.00000000000000
721.35421148929700 394.04718134692900 1.00000000000000
904.08912140087000 108.75852846402200 1.00000000000000
402.86903372193600 439.15469783162900 1.00000000000000
352.68920109897200 310.55945793397800 1.00000000000000
494.02388216467500 376.62484900162500 1.00000000000000
1356.98620853702000 243.46439390419500 1.00000000000000
750.66649229710200 128.36095814245000 1.00000000000000
532.05990751475300 66.89387336459420 1.00000000000000
607.66102623375800 838.05218534917400 1.00000000000000
149.69654523791900 336.98855758896100 1.00000000000000
71.31509274983250 199.11890386321800 1.00000000000000
12.59377122249180 346.15180088047500 1.00000000000000
208.74012922182900 236.23498722291100 1.00000000000000
1291.30226182489000 146.74386072041100 1.00000000000000
1086.56449093927000 49.31144939703590 1.00000000000000
805.03722293560300 197.18272072429200 1.00000000000000
15.12519094442040 36.86108931786810 1.00000000000000
932.28222305067900 52.44337056932900 1.00000000000000
924.66997405803700 839.76748644365400 1.00000000000000
942.30080438658700 821.24684292097300 1.00000000000000
333.49921979887100 153.45200112482600 1.00000000000000
1356.71388053334000 313.32487588664600 1.00000000000000
1276.93617542898000 219.81904777138100 1.00000000000000
495.48402942764600 165.53584328785900 1.00000000000000
1332.02022260746000 123.20177623906300 1.00000000000000
592.88397129003600 284.24593283756600 1.00000000000000
606.93599191041500 278.36568390672400 1.00000000000000
1084.43838292478000 881.15053503793300 1.00000000000000
129.41188215446200 261.82641612291100 1.00000000000000
997.59671485358400 575.19557605381200 1.00000000000000
1356.85068618593000 381.99994184112000 1.00000000000000
469.87940467324200 135.24823334483600 1.00000000000000
403.36530692650300 80.24072233426160 1.00000000000000
557.64202713119700 216.07728379055600 1.00000000000000
369.17259966100300 678.46105690843600 1.00000000000000
192.09503644516700 62.81975459862040 1.00000000000000
533.97253172672800 623.40668698997800 1.00000000000000
291.45673376025200 301.30226383452000 1.00000000000000
1099.92847341179000 639.65760122153500 1.00000000000000
455.19096877967400 87.88678272512720 1.00000000000000
117.97992576308100 15.29174770282450 1.00000000000000
952.15058717432300 844.91548135030800 1.00000000000000
529.47096985653900 12.96257430285850 1.00000000000000
15.09282100686470 879.50117679962700 1.00000000000000
1096.62642829640000 475.79394023740600 1.00000000000000
534.82920445074000 651.55421513931700 1.00000000000000
861.61438656495100 572.42939817546400 1.00000000000000
857.26349111701500 558.75301619606800 1.00000000000000
335.28724160880400 255.08556797273600 1.00000000000000
837.80887142697300 370.83334371741600 1.00000000000000
586.84982388188500 152.83397266979000 1.00000000000000
418.57796436135100 791.14892880056100 1.00000000000000
371.03263783981200 225.74987249216400 1.00000000000000
570.98762121587500 107.23814174876500 1.00000000000000
588.91438662820900 105.88193305653600 1.00000000000000
422.84161874525200 544.66530192831300 1.00000000000000
1185.18419622629000 844.87498556761700 1.00000000000000
653.52709881758700 192.32014690926100 1.00000000000000
1283.37716463211000 13.52490582256860 1.00000000000000
1297.66177092968000 274.74075783150000 1.00000000000000
1148.11863325844000 401.42354152047300 1.00000000000000
93.56489646964720 369.26066506824300 1.00000000000000
1155.15239682847000 59.38420189724230 1.00000000000000
614.80256015266900 204.39861015675000 1.00000000000000
854.82350138195700 245.67226906224900 1.00000000000000
453.85508390883100 339.92146751971600 1.00000000000000
861.51196518799700 355.22830877652800 1.00000000000000
1335.69296482535000 60.34237026558640 1.00000000000000
783.38742001245900 330.63593062391800 1.00000000000000
364.04946109645600 874.79565512417200 1.00000000000000
594.65377469009500 764.13296920854900 1.00000000000000
599.66324072177100 351.52292409306500 1.00000000000000
710.07725246375300 841.91797145905100 1.00000000000000
559.81043083350600 780.16072052805000 1.00000000000000
1010.61184374084000 93.52347429201390 1.00000000000000
614.57571939132500 29.85872906020860 1.00000000000000
1152.28157804469000 15.25311790490720 1.00000000000000
1279.41770922486000 776.63548252176000 1.00000000000000
1262.94954007855000 599.44651565018100 1.00000000000000
174.30719928636900 439.06338608589400 1.00000000000000
15.44985706969420 133.42604800312200 1.00000000000000
761.93551389639100 58.27688027818040 1.00000000000000
620.75826476267500 523.83777368925400 1.00000000000000
963.89255529244900 519.80104788285800 1.00000000000000
978.81329440322300 510.20929209959800 1.00000000000000
1330.25442214184000 779.39501286032800 1.00000000000000
909.26737885311000 160.98761047001200 1.00000000000000
951.93494139953400 214.91766242433000 1.00000000000000
461.36040192287200 57.74667341719000 1.00000000000000
328.84395698892000 901.12350715704500 1.00000000000000
495.49911882459000 320.57004703444900 1.00000000000000
1237.83607844992000 13.96169565442560 1.00000000000000
354.31844673045000 249.93878976866900 1.00000000000000
1000.48006685763000 271.95648069679600 1.00000000000000
845.23469570602500 645.61589712687900 1.00000000000000
196.51629639529800 899.36269730708900 1.00000000000000
997.14508009178100 70.77757234000710 1.00000000000000
107.18515593756200 88.85379105996300 1.00000000000000
32.16941334737920 541.90444390686600 1.00000000000000
1053.09863911258000 86.93696870303410 1.00000000000000
1167.59947893258000 452.71417020477300 1.00000000000000
473.41371535912000 105.13989445540600 1.00000000000000
130.61025606756800 235.58210850175900 1.00000000000000
1233.93419180539000 429.01409642505500 1.00000000000000
971.34404147314800 325.05218021381800 1.00000000000000
52.04061917234280 429.45187888130500 1.00000000000000
894.47170373441000 807.28025141393800 1.00000000000000
339.27730967952800 124.53732315071100 1.00000000000000
438.77329195264200 220.65733275755500 1.00000000000000
35.16886097161030 333.58835262619700 1.00000000000000
510.05263051356600 82.72199546726690 1.00000000000000
889.74136476839200 135.75557895706600 1.00000000000000
474.80822297703400 69.21617807917990 1.00000000000000
194.61104836210500 279.94581820492800 1.00000000000000
263.19283995107700 878.53459612792400 1.00000000000000
127.92441510414900 785.66923087925400 1.00000000000000
1044.63843796071000 862.66765824688700 1.00000000000000
685.12056542419000 547.76518909890300 1.00000000000000
1263.85997456102000 660.19702972723500 1.00000000000000
1281.87008288757000 266.05152369535600 1.00000000000000
115.59217498926200 578.05857467316900 1.00000000000000
807.33859059799900 458.81190395904700 1.00000000000000
127.51843265016400 505.36183361447000 1.00000000000000
1061.11766566379000 400.18549034381300 1.00000000000000
1234.54250956595000 219.67407534592200 1.00000000000000
1356.98253545676000 641.43727276857500 1.00000000000000
1335.00916086562000 861.76716640858200 1.00000000000000
722.73886576795800 178.51747450509000 1.00000000000000
968.64268038147800 401.63957367429700 1.00000000000000
805.39138992711800 624.93633281307700 1.00000000000000
139.33999646728000 310.18321819561700 1.00000000000000
644.41865566019100 108.01721148616900 1.00000000000000
1287.07510396900000 710.02294473368700 1.00000000000000
14.49088168738830 433.03532664755300 1.00000000000000
511.32475116148900 246.18758776612100 1.00000000000000
1102.02374833556000 849.38895303650800 1.00000000000000
502.95050174315700 231.60461216034100 1.00000000000000
1354.66518179408000 17.00024545588270 1.00000000000000
449.82152320810700 182.87017783841100 1.00000000000000
1337.45932387733000 145.71855898615900 1.00000000000000
211.78001315361000 34.29145035638770 1.00000000000000
56.21535683949090 252.00516449976400 1.00000000000000
131.57858567226700 56.99465050170980 1.00000000000000
1008.14272215092000 161.07163842258300 1.00000000000000
924.00423803513800 721.37491235874600 1.00000000000000
34.00856118362210 858.84498887473100 1.00000000000000
1357.28788181406000 879.43878651144800 1.00000000000000
184.69837878237600 236.28504732295000 1.00000000000000
516.01385258866200 147.93449675829700 1.00000000000000
519.08533344789100 436.38215866285000 1.00000000000000
177.46575177391700 476.34285047509500 1.00000000000000
29.38550983740560 11.58349859565750 1.00000000000000
975.33235653559300 259.76672019458900 1.00000000000000
736.33422683908800 855.33111609697800 1.00000000000000
760.36595554746900 171.15037669877100 1.00000000000000
355.52370852948400 644.77019891792900 1.00000000000000
236.22577308243500 773.64204818665900 1.00000000000000
313.96324325911500 14.49886626777310 1.00000000000000
691.64916377248500 687.77901023425000 1.00000000000000
419.56053746948700 572.32450917496800 1.00000000000000
846.27828176675000 721.24236508215200 1.00000000000000
12.36168387383400 566.60767989738000 1.00000000000000
459.98425197878400 419.30401956093100 1.00000000000000
528.74132781514900 879.12049332487900 1.00000000000000
875.28708322789100 151.37043354280700 1.00000000000000
848.31630143206100 747.67149905822800 1.00000000000000
1294.81618405797000 198.23737547975500 1.00000000000000
217.54268164661400 615.66683574314100 1.00000000000000
1050.35384744123000 35.17910648204080 1.00000000000000
1135.63465886446000 163.02881718056800 1.00000000000000
804.68694562468700 431.08713693397200 1.00000000000000
34.44278042693940 287.74349302863400 1.00000000000000
970.95294853953300 568.11431884928500 1.00000000000000
428.98926813724600 68.89937032084900 1.00000000000000
580.75287310180800 375.35309302029800 1.00000000000000
49.24565050835030 400.26258139626600 1.00000000000000
460.59986490344800 210.59972415438100 1.00000000000000
881.68027972477300 250.65559707119600 1.00000000000000
1088.05784942763000 131.79444443337700 1.00000000000000
153.04918495544600 786.28842945134400 1.00000000000000
656.91794426889200 659.97182453069200 1.00000000000000
819.48345331909900 221.13622161045400 1.00000000000000
744.22415118363400 32.40874498746510 1.00000000000000
708.69193272315700 121.48196706928400 1.00000000000000
1172.74171463789000 200.88595670946000 1.00000000000000
1250.90602323807000 742.29528970246000 1.00000000000000
624.63899439638200 770.45989650226400 1.00000000000000
148.53975161267400 200.61748131789200 1.00000000000000
14.52681460683250 731.77699814854700 1.00000000000000
1189.09173550681000 516.32898151747700 1.00000000000000
681.30269755350400 455.62816362362900 1.00000000000000
11.22338415176150 526.77391304347900 1.00000000000000
760.58986401843200 407.27352480492900 1.00000000000000
1173.55677681250000 524.54847978090600 1.00000000000000
604.83095395092700 718.98428215607900 1.00000000000000
988.80299636388600 37.48223808032060 1.00000000000000
252.09978334389300 402.96204417778900 1.00000000000000
782.62750251108300 609.08945815224000 1.00000000000000
744.09048492669100 194.50975199326700 1.00000000000000
246.44684476280100 523.89579460269400 1.00000000000000
395.59062038547900 55.53473458003930 1.00000000000000
833.37285148938900 63.30108743412030 1.00000000000000
195.94040707234300 836.13566610740700 1.00000000000000
263.03392249617500 305.41442210277100 1.00000000000000
333.30043562997300 634.88014250802400 1.00000000000000
713.56140432135800 281.12991830411200 1.00000000000000
275.06145249721100 439.38157212878200 1.00000000000000
103.34807048527800 723.42543513151800 1.00000000000000
885.74025620407300 55.59502844804640 1.00000000000000
896.28785629439000 875.10296216555000 1.00000000000000
668.78882634298700 149.13763075129300 1.00000000000000
758.22761802181700 291.36191664100800 1.00000000000000
1320.48521136014000 428.43897895284800 1.00000000000000
1152.06434492355000 105.85130983083900 1.00000000000000
177.86978866442400 338.40088452204100 1.00000000000000
548.30837709438300 566.44824357551300 1.00000000000000
672.24668213315000 102.33525600141300 1.00000000000000
1156.21684799767000 660.07144569652800 1.00000000000000
164.28542786825400 82.88204464399190 1.00000000000000
64.54499785760980 124.69213862862400 1.00000000000000
1065.33637091769000 139.02243628747100 1.00000000000000
527.08724509113500 135.41289852423100 1.00000000000000
1182.57698724502000 69.47236335322570 1.00000000000000
563.93944773406200 710.64348019934600 1.00000000000000
542.56791798487500 140.51331217867100 1.00000000000000
76.50102917043980 637.62405287226500 1.00000000000000
930.58198094244200 279.18598893086600 1.00000000000000
543.13352582762200 781.75721187218500 1.00000000000000
797.64980573785900 801.24586338801300 1.00000000000000
957.41078275295900 150.66235135802000 1.00000000000000
776.92346606955800 812.69040281383000 1.00000000000000
1200.86126624437000 740.67373039812900 1.00000000000000
1019.66977065259000 559.82432753314000 1.00000000000000
1002.20657228980000 120.88204607416700 1.00000000000000
127.86559048216100 427.51794774514300 1.00000000000000
1340.19382341321000 194.29881110778000 1.00000000000000
1241.57623942837000 87.65443785134730 1.00000000000000
1358.83216218895000 606.23091416056600 1.00000000000000
203.95149181160600 505.42064919365000 1.00000000000000
248.78161665608600 902.70393088906300 1.00000000000000
35.10093195021190 135.07782861348800 1.00000000000000
111.43154542883400 241.59793196091400 1.00000000000000
615.21311859103100 152.70162345538400 1.00000000000000
286.03318528506000 563.17181770303200 1.00000000000000
445.66422132166300 717.83906019477300 1.00000000000000
121.81500387376500 163.94596218674700 1.00000000000000
198.98847014552900 263.64200144881100 1.00000000000000
1170.34327994314000 542.21676891215100 1.00000000000000
645.82926173146100 11.20744835746850 1.00000000000000
1148.48154689616000 491.52995481601300 1.00000000000000
193.91261775122900 32.40482417666150 1.00000000000000
508.91490210218400 633.36299551853600 1.00000000000000
466.14874257822700 161.77259652190500 1.00000000000000
990.54503373477300 386.69855922290400 1.00000000000000
928.70298741001400 506.05748656996300 1.00000000000000
913.35399795285600 575.10752462543000 1.00000000000000
161.41621445284600 864.01149456355400 1.00000000000000
35.21156566730120 827.52254014610200 1.00000000000000
320.22828613746500 875.06631811871900 1.00000000000000
29.48371810808560 109.41323901686100 1.00000000000000
361.52134664773600 103.41789338113300 1.00000000000000
750.82432026208600 805.69186158826900 1.00000000000000
239.09956475929500 551.44020066922000 1.00000000000000
483.15111687139000 404.67466131669900 1.00000000000000
1129.93107286560000 516.78256086632300 1.00000000000000
745.43478260869600 903.44029340811300 1.00000000000000
651.69504352351500 518.83348748963300 1.00000000000000
374.36729206339200 738.71626625450500 1.00000000000000
1150.42109804265000 33.06109082706000 1.00000000000000
985.47718200784000 619.77348825470400 1.00000000000000
111.19955051257500 403.24638200523400 1.00000000000000
101.18441775137500 652.97010452965000 1.00000000000000
1148.13558779094000 607.08138055397000 1.00000000000000
1063.48695652174000 10.92928565264040 1.00000000000000
676.14759970813700 178.95520262980800 1.00000000000000
1360.67628681216000 725.55652173913000 1.00000000000000
1301.67582869638000 109.69032825448300 1.00000000000000
140.72395738012200 370.18972336357100 1.00000000000000
432.48659327744800 833.96415671046400 1.00000000000000
662.63495884710600 32.93098913584630 1.00000000000000
501.63458982590600 348.29711240367900 1.00000000000000
259.85576004333200 836.84828466228700 1.00000000000000
1231.47745005398000 110.32148716911500 1.00000000000000
540.28627552783100 184.45440375967600 1.00000000000000
577.79270986699800 753.04387068449600 1.00000000000000
53.25065768969800 222.80590617289400 1.00000000000000
1275.36989881514000 318.30585803709200 1.00000000000000
39.43870845136830 611.87873284656100 1.00000000000000
910.12067709951700 900.29527246811900 1.00000000000000
112.66771550548300 628.40391827851100 1.00000000000000
887.09351812428000 700.89222506318600 1.00000000000000
39.89647863781810 33.03960965514090 1.00000000000000
904.94091812665400 797.09636849460900 1.00000000000000
653.58675518473900 802.50522803995300 1.00000000000000
99.57676801719650 601.58257056028100 1.00000000000000
254.65738057576500 207.86544294428200 1.00000000000000
422.94054485325700 172.17389854963600 1.00000000000000
318.54943939258500 501.32803221077300 1.00000000000000
369.33797212452500 812.45795931175100 1.00000000000000
13.03524142101740 901.36475857898300 1.00000000000000
592.28237997752600 88.91741091973960 1.00000000000000
794.29341430396400 210.31356216172100 1.00000000000000
632.65385648513700 394.42161077229900 1.00000000000000
1182.78278736311000 740.10860520973600 1.00000000000000
1279.12173114764000 900.94586742745600 1.00000000000000
267.17133949260700 257.52166530383900 1.00000000000000
1267.02942425139000 344.45655432066600 1.00000000000000
230.73767869325900 83.69767846284220 1.00000000000000
1279.86009489164000 453.87562570152500 1.00000000000000
399.00319171570400 635.82631814895100 1.00000000000000
245.03410885006700 97.05570681973910 1.00000000000000
341.11776586342600 172.98866225483100 1.00000000000000
714.38295131805100 327.34360936169500 1.00000000000000
610.15759399118400 338.48244731867800 1.00000000000000
380.61202871281200 900.00742838127800 1.00000000000000
647.94010566784700 123.69686773810000 1.00000000000000
694.33649330713200 221.65401657407100 1.00000000000000
520.54953533992100 453.19560924498600 1.00000000000000
1336.59715260818000 557.31341331623300 1.00000000000000
1271.52307823453000 92.07757926594600 1.00000000000000
481.84163801663400 249.65840430529400 1.00000000000000
1204.23649710588000 457.04585279157500 1.00000000000000
344.34262735436600 813.05648600566200 1.00000000000000
1013.58309673323000 637.12251457538500 1.00000000000000
425.91659652041100 766.86795171131700 1.00000000000000
366.52441303031700 324.27111011065300 1.00000000000000
517.34978897795400 194.15760383316000 1.00000000000000
1341.45002127130000 709.32110548391000 1.00000000000000
1303.31669590140000 733.79851025278700 1.00000000000000
588.64860791193800 557.04714443110400 1.00000000000000
383.21838773401300 305.85065013331300 1.00000000000000
525.53707851281900 219.89859377642900 1.00000000000000
271.41072844041800 137.06557418659900 1.00000000000000
81.37513364270260 186.35766268740000 1.00000000000000
231.79824414145400 805.79164051883400 1.00000000000000
490.32732746262300 531.31239972113800 1.00000000000000
1067.93935864160000 308.13964379599800 1.00000000000000
59.71784695192090 338.33101956601000 1.00000000000000
1359.04301156191000 686.02516334578500 1.00000000000000
739.49054598472000 477.11375167711900 1.00000000000000
264.05388317769100 37.00112347427000 1.00000000000000
1202.63478260870000 10.73079845669870 1.00000000000000
1023.14457287450000 879.66585088164400 1.00000000000000
447.08478187454800 793.47362015026100 1.00000000000000
619.68120342029100 713.17491604729200 1.00000000000000
330.40544407457200 231.77915162283100 1.00000000000000
13.25575776935820 619.95150669653000 1.00000000000000
1206.57183808697000 725.37482913147800 1.00000000000000
480.05370040235400 509.11531028326100 1.00000000000000
921.83599547279900 87.14167822334390 1.00000000000000
488.45762761928600 686.04860500394900 1.00000000000000
200.91251162475400 352.75726959365000 1.00000000000000
73.86754845877430 213.65826464429700 1.00000000000000
164.11080573703000 55.81786582553500 1.00000000000000
151.01814620418400 128.94438192943000 1.00000000000000
53.82046990066620 704.14508533528200 1.00000000000000
387.54553650341900 365.31815725733100 1.00000000000000
1258.51325574588000 368.82574126403700 1.00000000000000
142.47456141533500 670.72391963139800 1.00000000000000
319.83930862214200 858.60800514774800 1.00000000000000
71.51377429956540 297.16312162991000 1.00000000000000
425.30722271181000 864.12912164280900 1.00000000000000
1125.02060947207000 295.70496248179900 1.00000000000000
1358.34189829443000 85.59681730191150 1.00000000000000
591.75168115799500 859.13555726242500 1.00000000000000
1330.85656928294000 505.41488608702400 1.00000000000000
1119.86287230256000 174.21547632407200 1.00000000000000
200.79710053050500 157.88337137394000 1.00000000000000
1293.64931833393000 528.78645997868600 1.00000000000000
977.99714078713200 706.72165996392600 1.00000000000000
1337.74502395134000 311.28159484815300 1.00000000000000
689.21094783050400 340.86537619989000 1.00000000000000
942.94772632387100 346.18208883383200 1.00000000000000
699.69133813326900 459.30491004654300 1.00000000000000
93.46992412843000 81.34399081167250 1.00000000000000
1227.42323747335000 334.19240620111200 1.00000000000000
200.50481827027500 731.39312864069100 1.00000000000000
698.10940560314300 196.01584619990700 1.00000000000000
163.15050573839000 848.56976954485200 1.00000000000000
875.62115021405200 785.46570852717000 1.00000000000000
758.62155915681200 201.17795458726400 1.00000000000000
72.39375336127490 172.31532390982300 1.00000000000000
803.17995470908600 121.06254965056800 1.00000000000000
1132.57896642017000 77.86184707678220 1.00000000000000
1193.74077730022000 697.78482941356900 1.00000000000000
208.98563467136300 760.54916198414900 1.00000000000000
841.41010498212600 555.89251430859200 1.00000000000000
1002.68125181593000 437.59773908133000 1.00000000000000
1159.55346092581000 830.87693014493400 1.00000000000000
801.98135284655500 37.27448014535080 1.00000000000000
218.78805769146800 354.05982508833200 1.00000000000000
654.84707561358900 379.09725115922200 1.00000000000000
470.64503335614200 357.61461999459700 1.00000000000000
1295.98678564956000 777.96756754250400 1.00000000000000
1030.70735430759000 806.39989609935300 1.00000000000000
687.82432736362500 778.17049405269100 1.00000000000000
1122.33320895303000 747.85733040432300 1.00000000000000
749.13771936032500 588.00474963526000 1.00000000000000
1255.02806046363000 724.66667148701100 1.00000000000000
160.40448699250000 611.48771981089000 1.00000000000000
46.40995497974250 469.34372565791700 1.00000000000000
393.07303930568700 29.81840217158430 1.00000000000000
765.95344713298200 856.61722548836000 1.00000000000000
1130.68189666148000 792.34830005987900 1.00000000000000
1255.00536617831000 519.39086222089700 1.00000000000000
1335.71919126558000 488.29973877103500 1.00000000000000
88.31798169492940 533.32404378208400 1.00000000000000
670.89452523720500 267.71202478663300 1.00000000000000
711.17505514653600 33.75377707573180 1.00000000000000
971.57543835526400 65.63546176505650 1.00000000000000
606.64972818259300 882.89350542089900 1.00000000000000
807.17107533134500 242.23231650379300 1.00000000000000
897.38743839128900 315.88385574614500 1.00000000000000
1359.50732748146000 210.50621711951400 1.00000000000000
550.08371490667300 373.62234449827300 1.00000000000000
401.12557872428800 256.39147329441200 1.00000000000000
82.24745990517180 501.96166089520200 1.00000000000000
1360.26139337907000 328.09376912654600 1.00000000000000
545.45881830897400 156.21926020947800 1.00000000000000
118.26774794955200 214.82024162452500 1.00000000000000
13.77203951236790 84.04050117191620 1.00000000000000
1108.40854532288000 96.30259919523280 1.00000000000000
660.39555990488300 535.53703343710200 1.00000000000000
663.93577887594800 253.16482140897100 1.00000000000000
1282.73016431138000 642.97100426851800 1.00000000000000
1307.48323493896000 616.30666384438700 1.00000000000000
1092.22581347731000 761.45242770475700 1.00000000000000
883.13867268479000 12.54034147245890 1.00000000000000
253.72442913272400 359.40477472047900 1.00000000000000
510.45041554502200 217.25948206907000 1.00000000000000
490.82116447733400 569.50784566706000 1.00000000000000
635.16224943042900 442.44159987080900 1.00000000000000
902.24681887018200 467.56672992094800 1.00000000000000
1160.47726132606000 727.40062034529700 1.00000000000000
409.91685041258100 621.30813302035200 1.00000000000000
194.71097581199700 881.27453287843300 1.00000000000000
571.44844808079400 533.12090163875300 1.00000000000000
1089.38143813332000 808.07331903534300 1.00000000000000
676.06343315452100 728.66508568222400 1.00000000000000
155.92036473091300 548.49294270194100 1.00000000000000
1303.58201015823000 53.71506006520320 1.00000000000000
106.84324117970400 57.81616680391560 1.00000000000000
75.15507508901030 269.82357968586100 1.00000000000000
185.65550006709000 105.98016698484600 1.00000000000000
137.68825192873400 553.08764783000600 1.00000000000000
576.64381837932100 674.46785573015700 1.00000000000000
1294.20461410064000 802.30726669518000 1.00000000000000
932.94741800266700 884.83813112739500 1.00000000000000
821.01694120586200 750.16344304181900 1.00000000000000
293.80611394332500 36.64998810408100 1.00000000000000
746.01927905049200 59.57116547543060 1.00000000000000
85.43702109882840 901.26175273224500 1.00000000000000
1305.51747466232000 901.51093034057100 1.00000000000000
1183.55625610535000 585.00792554601100 1.00000000000000
321.54380800908600 411.88903714212000 1.00000000000000
1047.22221046486000 219.27380195091800 1.00000000000000
1319.57731887635000 751.28180526858000 1.00000000000000
32.29799997323940 359.04702792929100 1.00000000000000
389.96844119573900 192.53209265395200 1.00000000000000
1342.60404691482000 240.98413850905800 1.00000000000000
1030.63388661498000 434.31552137334800 1.00000000000000
1147.28111391113000 535.00705705337200 1.00000000000000
299.77167433692700 426.35912062384600 1.00000000000000
400.95818223137300 852.11703017828600 1.00000000000000
208.66847809734600 602.24316124172000 1.00000000000000
1082.79472745897000 300.91582748348700 1.00000000000000
120.63030193075400 81.27495295974300 1.00000000000000
829.90440156532400 864.33315488052500 1.00000000000000
1197.56128393853000 543.59974530874700 1.00000000000000
813.93575190663500 406.54383884687800 1.00000000000000
450.25786771023100 156.64573715371800 1.00000000000000
764.28107292331400 11.77763896172260 1.00000000000000
267.04388767714900 563.78443480300500 1.00000000000000
788.80933742466600 624.02229878269500 1.00000000000000
94.06529486459620 156.35601732098700 1.00000000000000
897.93681711652600 726.34074278406700 1.00000000000000
457.88238822435700 763.28171925277500 1.00000000000000
1249.57544682930000 304.88047521215200 1.00000000000000
846.39529341048000 211.36280725062600 1.00000000000000
1011.39312505334000 545.80490750916100 1.00000000000000
1020.85981851963000 533.31889106091400 1.00000000000000
814.59436959429000 722.88608107405000 1.00000000000000
1141.89793169340000 464.90468168790600 1.00000000000000
481.45508904596200 13.67212420284160 1.00000000000000
1024.55819772489000 671.31429652411500 1.00000000000000
10.84902090859280 248.19345255476200 1.00000000000000
1007.04427544839000 502.06888560758100 1.00000000000000
1224.07816278677000 360.62231035107800 1.00000000000000
12.83801026640750 390.64337520206000 1.00000000000000
1107.20142618888000 218.10741110497900 1.00000000000000
905.07315565432500 823.80801602908800 1.00000000000000
787.52638089390000 49.11359853593380 1.00000000000000
1283.97388890183000 554.52430961378000 1.00000000000000
943.64314558973600 794.02345937031800 1.00000000000000
1036.43361041926000 124.05307303802800 1.00000000000000
605.86219645672600 64.11006897538420 1.00000000000000
599.58214502007900 735.76182655326900 1.00000000000000
531.30847820233700 200.52212279461500 1.00000000000000
120.14538394014300 190.55940764627600 1.00000000000000
1293.18482139139000 480.97759947980900 1.00000000000000
1199.91738739646000 346.58379488740200 1.00000000000000
253.74882244050900 63.23005232229000 1.00000000000000
1034.08713542271000 538.11263278409400 1.00000000000000
608.61775628818300 231.71942639665100 1.00000000000000
604.21708434123600 214.97063627714100 1.00000000000000
839.40363263757200 299.79377397712800 1.00000000000000
350.50447692817000 362.32717990708800 1.00000000000000
1359.78365701060000 902.58365701060100 1.00000000000000
1297.32535348728000 693.66132432389300 1.00000000000000
760.89675051963500 656.64008486377600 1.00000000000000
525.58685177966400 726.72931695559200 1.00000000000000
1214.85407121173000 133.91373003136400 1.00000000000000
1176.38430057928000 398.45115433587200 1.00000000000000
152.33072786204600 698.40799459267100 1.00000000000000
504.80189201042700 563.15079202112200 1.00000000000000
1080.13902959855000 203.99073309863300 1.00000000000000
1309.76366720093000 404.53073534617800 1.00000000000000
228.81904706017200 211.56511967911000 1.00000000000000
277.46224514565800 798.96769591733800 1.00000000000000
700.36976190766800 431.75017326868700 1.00000000000000
854.28533232550100 502.82139222828800 1.00000000000000
1098.62929099050000 529.15664998802200 1.00000000000000
859.60751739195700 693.94296858859700 1.00000000000000
1129.42125974063000 868.23029536278200 1.00000000000000
337.62499129416300 461.30750020929900 1.00000000000000
780.98630469027600 362.47179375221500 1.00000000000000
770.63538330913100 71.79522954624700 1.00000000000000
459.34805767993700 674.81980914388200 1.00000000000000
474.44664859014800 798.06521237679100 1.00000000000000
10.22647552559890 606.28695652173900 1.00000000000000
1139.97688287944000 62.16420426405150 1.00000000000000
869.22083385411900 875.98120623582400 1.00000000000000
792.78561488345400 530.91155839217000 1.00000000000000
1317.71376781533000 709.84521413184200 1.00000000000000
876.40323277688800 299.70227169959800 1.00000000000000
698.99407281461400 544.45220819146900 1.00000000000000
1290.79840501078000 321.17016954089300 1.00000000000000
565.96865829551900 290.91127819957700 1.00000000000000
73.96330016794220 527.87630656115200 1.00000000000000
213.57811066719500 418.66279248279600 1.00000000000000
408.20417824060100 151.80652971394900 1.00000000000000
854.84553876421000 94.99566009452050 1.00000000000000
741.70851233812300 223.16449131070900 1.00000000000000
1129.69872241642000 145.03934942427100 1.00000000000000
126.77311874802300 641.45728289733900 1.00000000000000
1131.50025390673000 725.15128009297700 1.00000000000000
1139.07925158868000 711.22980502696300 1.00000000000000
180.65394249877100 556.75834382667200 1.00000000000000
633.92984151396300 626.89472694628600 1.00000000000000
755.15491124661700 793.89662166854600 1.00000000000000
1010.03870411559000 900.77415339050900 1.00000000000000
1254.03413830473000 578.01184386591300 1.00000000000000
891.20144662142300 900.88285096677700 1.00000000000000
782.60150049812000 236.02892305862600 1.00000000000000
658.00981274087600 427.62328932515600 1.00000000000000
519.58836712886200 35.39577191913090 1.00000000000000
371.83613767656700 589.38060975475100 1.00000000000000
859.61538468392000 51.49855994895660 1.00000000000000
476.83551494641700 592.07493889766100 1.00000000000000
1231.75090045797000 151.78617282400900 1.00000000000000
218.71577138165200 735.26194864970600 1.00000000000000
319.40137457889300 29.36884570098670 1.00000000000000
1130.13679096889000 698.54422645884000 1.00000000000000
739.10359542148900 272.91516805500700 1.00000000000000
729.92190402698100 284.41572349103400 1.00000000000000
976.38322535567500 41.08961668502630 1.00000000000000
333.05519723445900 885.07638787713100 1.00000000000000
837.92764332195700 708.14365618042800 1.00000000000000
614.33152413086900 462.07278205254500 1.00000000000000
647.25129531112100 179.86316152497500 1.00000000000000
550.17444616828600 664.39832529253500 1.00000000000000
549.23170602129500 116.08297593043000 1.00000000000000
1339.69689255173000 902.57346168082100 1.00000000000000
56.21845644894040 192.32529617837100 1.00000000000000
1182.22170739526000 637.72852719922800 1.00000000000000
108.86880256277100 784.48018805036800 1.00000000000000
96.96843072422360 139.71350974198600 1.00000000000000
294.12400488677800 500.78395852574700 1.00000000000000
30.17096884212310 807.78622770947100 1.00000000000000
836.98576043590600 117.79734942921700 1.00000000000000
846.98632704746800 593.66118142922900 1.00000000000000
514.99362225769000 584.90812560410900 1.00000000000000
570.54157425833600 618.57725968439600 1.00000000000000
292.93121321021900 258.32959954325000 1.00000000000000
1275.20466977804000 725.08671742965300 1.00000000000000
180.10391645026600 795.27803171211200 1.00000000000000
977.05353415327100 183.08583965111300 1.00000000000000
328.50966062286300 648.32865351516400 1.00000000000000
560.35521914429800 580.50714809379100 1.00000000000000
310.00546875739300 648.02496986691100 1.00000000000000
569.06725623845900 304.25867179146300 1.00000000000000
628.89478579029800 290.18415385385400 1.00000000000000
284.98355870544600 635.95859019078200 1.00000000000000
525.60747873088000 83.35576153196940 1.00000000000000
1294.78856870296000 336.25921271304100 1.00000000000000
68.69444119735940 36.92890225642660 1.00000000000000
837.25802261495300 442.49991030281600 1.00000000000000
687.76247809905700 733.23521751987100 1.00000000000000
1025.20721601426000 257.30733146015400 1.00000000000000
377.01515819413000 546.61762673477800 1.00000000000000
1166.71933856027000 570.70695801267400 1.00000000000000
586.82509498449000 903.69806606648500 1.00000000000000
462.32703667628200 327.81653064695500 1.00000000000000
900.21135768224300 508.69326030755800 1.00000000000000
393.85625878257400 131.37834257509200 1.00000000000000
1240.66737512011000 362.68099368102000 1.00000000000000
136.24338223548800 479.40991786693900 1.00000000000000
91.05966115407690 692.49837573293100 1.00000000000000
325.44237996230000 368.17842271702300 1.00000000000000
1312.68267858095000 545.82445439204100 1.00000000000000
1314.47677182252000 277.59533899882600 1.00000000000000
1097.45733379725000 664.46424035011300 1.00000000000000
33.27392382282780 318.09310859975900 1.00000000000000
622.09217654893200 817.47718326265400 1.00000000000000
845.83065516248700 880.08829673757600 1.00000000000000
466.19276644370300 867.18444530908700 1.00000000000000
686.30122850314100 881.01565077776100 1.00000000000000
850.17468195668400 617.53498852033600 1.00000000000000
411.73181796833800 127.46376611072000 1.00000000000000
31.64822431518830 779.45864890098900 1.00000000000000
608.72206659066100 645.42695298627000 1.00000000000000
30.00663234365040 734.37616194078700 1.00000000000000
1105.01157262626000 398.15630355727900 1.00000000000000
336.16823228502500 29.60940474593060 1.00000000000000
1075.64156934248000 745.10971469365000 1.00000000000000
532.41412097403200 40.71053162759230 1.00000000000000
797.59395221590900 787.12737420404500 1.00000000000000
186.43280849951700 423.75502244494400 1.00000000000000
592.43460351094300 375.91495414078300 1.00000000000000
27.76760657648910 574.65746802955900 1.00000000000000
668.58421875238400 705.56950629501900 1.00000000000000
367.92493588685200 489.33958740421100 1.00000000000000
820.75188923550800 204.27883719750600 1.00000000000000
84.64984385424610 593.88251134849100 1.00000000000000
1282.36684741180000 616.20669646077200 1.00000000000000
1161.27814541907000 517.16467716638600 1.00000000000000
854.56825143969300 435.36273834403100 1.00000000000000
93.41252488401010 234.72799355466300 1.00000000000000
467.77467726702800 225.10607113832000 1.00000000000000
735.66740762889000 157.55139710709100 1.00000000000000
684.34983866404700 435.73337441368200 1.00000000000000
593.62285781777100 13.69290098009600 1.00000000000000
738.92391421798100 602.70660528902300 1.00000000000000


