# Time          1.0000E-17
 
 **************************************************************
 ------> GRID LOCATION:     1:  1:  1
 
  Temperature (C)    =     25.000
  Porosity           =      0.250
  Liquid Saturation  =      1.000
  Liquid Density     =    997.075
  Ionic Strength     =      0.002
  Solution pH        =      7.999
  Total Charge       = -1.219E-07
 
 Total Aqueous Concentrations of Primary Species 
 --------------------------------------- 
 
   Species              Molality       Type 
 H+                  -1.1250E-06     Aqueous      
 SO4--                5.1621E-04     Aqueous      
 Zn++                 1.0029E-07     Aqueous      
 Pb++                 1.0029E-07     Aqueous      
 Ca++                 1.0029E-10     Aqueous      
 Mg++                 1.0029E-05     Aqueous      
 K+                   1.0029E-05     Aqueous      
 Na+                  1.0029E-03     Aqueous      
 
 Exchangers           Equiv/kgw        Equiv/g solid    Equiv/m^3 bulk
 X-                   4.9623E-02       6.5970E-06       1.2369E+01
 Y-                   5.5136E-03       7.3300E-07       1.3744E+00
 
 Total Concentrations in Exchange Sites 
 -------------------------------------- 
 
 Exchangers           Equiv/kgw        Equiv/g solid    Equiv/m^3 bulk
 Zn++                 3.0992E-04       4.1202E-08       7.7253E-02
 Pb++                 2.4508E-04       3.2582E-08       6.1090E-02
 Ca++                 3.7108E-07       4.9332E-11       9.2498E-05
 Mg++                 2.2622E-02       3.0074E-06       5.6388E+00
 K+                   4.5503E-04       6.0493E-08       1.1342E-01
 Na+                  8.3274E-03       1.1071E-06       2.0758E+00
 
 Concentrations of Individual Species, Exchangers, and Surface Complexes 
 ----------------------------------------------------------------------- 
 
                           Log        Log                 Concentration     
 Species              Molality   Activity      Molality    Mol/m^3 blk  Type
  NaX                   -2.113     -0.809     7.710E-03     1.922E+00  Exchange
  NaY                   -3.210     -0.951     6.173E-04     1.539E-01  Exchange
  KX                    -3.414     -2.109     3.859E-04     9.619E-02  Exchange
  KY                    -4.160     -1.902     6.916E-05     1.724E-02  Exchange
  CaX2                  -6.489     -4.884     3.241E-07     8.079E-05  Exchange
  CaY2                  -7.328     -4.769     4.696E-08     1.171E-05  Exchange
  MgX2                  -1.693     -0.087     2.029E-02     5.057E+00  Exchange
  MgY2                  -2.632     -0.072     2.335E-03     5.820E-01  Exchange
  ZnX2                  -3.568     -1.962     2.707E-04     6.748E-02  Exchange
  ZnY2                  -4.406     -1.847     3.922E-05     9.777E-03  Exchange
  PbX2                  -3.687     -2.082     2.056E-04     5.124E-02  Exchange
  PbY2                  -4.403     -1.844     3.952E-05     9.852E-03  Exchange
                           Log        Log                                 Activity
 Species              Molality   Activity      Molality      Activity   Coefficient    Type
  H+                    -7.981     -7.999     1.045E-08     1.003E-08     9.594E-01  Aqueous 
  SO4--                 -3.290     -3.366     5.132E-04     4.304E-04     8.386E-01  Aqueous 
  Zn++                  -7.108     -7.182     7.801E-08     6.569E-08     8.422E-01  Aqueous 
  Pb++                  -7.472     -7.548     3.374E-08     2.832E-08     8.395E-01  Aqueous 
  Ca++                 -10.030    -10.104     9.340E-11     7.866E-11     8.422E-01  Aqueous 
  Mg++                  -5.035     -5.108     9.228E-06     7.803E-06     8.456E-01  Aqueous 
  K+                    -5.000     -5.019     9.999E-06     9.563E-06     9.564E-01  Aqueous 
  Na+                   -3.000     -3.019     1.001E-03     9.577E-04     9.570E-01  Aqueous 
  OH-                   -5.980     -5.999     1.047E-06     1.002E-06     9.567E-01  Aqueous 
  HSO4-                 -9.359     -9.378     4.376E-10     4.189E-10     9.572E-01  Aqueous 
  CaSO4(aq)            -11.162    -11.161     6.894E-12     6.896E-12     1.000E+00  Aqueous 
  CaOH+                -14.867    -14.886     1.359E-15     1.302E-15     9.580E-01  Aqueous 
  CaHSO4+              -18.381    -18.401     4.159E-19     3.971E-19     9.548E-01  Aqueous 
  KSO4-                 -7.517     -7.536     3.043E-08     2.914E-08     9.577E-01  Aqueous 
  KOH(aq)              -11.481    -11.481     3.305E-12     3.306E-12     1.000E+00  Aqueous 
  MgSO4(aq)             -6.098     -6.098     7.985E-07     7.988E-07     1.000E+00  Aqueous 
  MgOH+                 -8.530     -8.549     2.948E-09     2.825E-09     9.582E-01  Aqueous 
  NaSO4-                -5.666     -5.685     2.157E-06     2.066E-06     9.577E-01  Aqueous 
  NaOH(aq)              -9.819     -9.819     1.518E-10     1.518E-10     1.000E+00  Aqueous 
  PbOH+                 -7.240     -7.259     5.754E-08     5.507E-08     9.570E-01  Aqueous 
  PbSO4(aq)             -8.164     -8.164     6.853E-09     6.855E-09     1.000E+00  Aqueous 
  Pb(OH)2(aq)           -8.671     -8.670     2.135E-09     2.136E-09     1.000E+00  Aqueous 
  Pb(SO4)2--           -10.730    -10.810     1.863E-11     1.548E-11     8.310E-01  Aqueous 
  Pb(OH)3-             -11.593    -11.612     2.555E-12     2.445E-12     9.570E-01  Aqueous 
  Pb2OH+++             -13.287    -13.457     5.164E-14     3.492E-14     6.763E-01  Aqueous 
  Pb(OH)4--            -15.173    -15.253     6.722E-16     5.586E-16     8.310E-01  Aqueous 
  ZnOH+                 -8.124     -8.144     7.509E-09     7.186E-09     9.570E-01  Aqueous 
  ZnSO4(aq)             -8.185     -8.185     6.530E-09     6.532E-09     1.000E+00  Aqueous 
  Zn(OH)2(aq)           -8.085     -8.085     8.219E-09     8.222E-09     1.000E+00  Aqueous 
  Zn(SO4)2--           -10.554    -10.635     2.790E-11     2.319E-11     8.310E-01  Aqueous 
  Zn(OH)3-             -11.567    -11.586     2.709E-12     2.592E-12     9.570E-01  Aqueous 
  Zn(OH)4--            -16.311    -16.388     4.885E-17     4.097E-17     8.386E-01  Aqueous 
 
  ****** Partial pressure of gases (bars) *****
 
 
  ***** Saturation state of minerals (log[Q/K] *****
 
 
 
  ***** Volum of minerals added or subtracted *****
 
 
 **************************************************************
 ------> GRID LOCATION:     2:  1:  1
 
  Temperature (C)    =     25.000
  Porosity           =      0.250
  Liquid Saturation  =      1.000
  Liquid Density     =    997.075
  Ionic Strength     =      0.002
  Solution pH        =      7.999
  Total Charge       = -1.219E-07
 
 Total Aqueous Concentrations of Primary Species 
 --------------------------------------- 
 
   Species              Molality       Type 
 H+                  -1.1250E-06     Aqueous      
 SO4--                5.1621E-04     Aqueous      
 Zn++                 1.0029E-07     Aqueous      
 Pb++                 1.0029E-07     Aqueous      
 Ca++                 1.0029E-10     Aqueous      
 Mg++                 1.0029E-05     Aqueous      
 K+                   1.0029E-05     Aqueous      
 Na+                  1.0029E-03     Aqueous      
 
 Exchangers           Equiv/kgw        Equiv/g solid    Equiv/m^3 bulk
 X-                   4.9623E-02       6.5970E-06       1.2369E+01
 Y-                   5.5136E-03       7.3300E-07       1.3744E+00
 
 Total Concentrations in Exchange Sites 
 -------------------------------------- 
 
 Exchangers           Equiv/kgw        Equiv/g solid    Equiv/m^3 bulk
 Zn++                 3.0992E-04       4.1202E-08       7.7253E-02
 Pb++                 2.4508E-04       3.2582E-08       6.1090E-02
 Ca++                 3.7108E-07       4.9332E-11       9.2498E-05
 Mg++                 2.2622E-02       3.0074E-06       5.6388E+00
 K+                   4.5503E-04       6.0493E-08       1.1342E-01
 Na+                  8.3274E-03       1.1071E-06       2.0758E+00
 
 Concentrations of Individual Species, Exchangers, and Surface Complexes 
 ----------------------------------------------------------------------- 
 
                           Log        Log                 Concentration     
 Species              Molality   Activity      Molality    Mol/m^3 blk  Type
  NaX                   -2.113     -0.809     7.710E-03     1.922E+00  Exchange
  NaY                   -3.210     -0.951     6.173E-04     1.539E-01  Exchange
  KX                    -3.414     -2.109     3.859E-04     9.619E-02  Exchange
  KY                    -4.160     -1.902     6.916E-05     1.724E-02  Exchange
  CaX2                  -6.489     -4.884     3.241E-07     8.079E-05  Exchange
  CaY2                  -7.328     -4.769     4.696E-08     1.171E-05  Exchange
  MgX2                  -1.693     -0.087     2.029E-02     5.057E+00  Exchange
  MgY2                  -2.632     -0.072     2.335E-03     5.820E-01  Exchange
  ZnX2                  -3.568     -1.962     2.707E-04     6.748E-02  Exchange
  ZnY2                  -4.406     -1.847     3.922E-05     9.777E-03  Exchange
  PbX2                  -3.687     -2.082     2.056E-04     5.124E-02  Exchange
  PbY2                  -4.403     -1.844     3.952E-05     9.852E-03  Exchange
                           Log        Log                                 Activity
 Species              Molality   Activity      Molality      Activity   Coefficient    Type
  H+                    -7.981     -7.999     1.045E-08     1.003E-08     9.594E-01  Aqueous 
  SO4--                 -3.290     -3.366     5.132E-04     4.304E-04     8.386E-01  Aqueous 
  Zn++                  -7.108     -7.182     7.801E-08     6.569E-08     8.422E-01  Aqueous 
  Pb++                  -7.472     -7.548     3.374E-08     2.832E-08     8.395E-01  Aqueous 
  Ca++                 -10.030    -10.104     9.340E-11     7.866E-11     8.422E-01  Aqueous 
  Mg++                  -5.035     -5.108     9.228E-06     7.803E-06     8.456E-01  Aqueous 
  K+                    -5.000     -5.019     9.999E-06     9.563E-06     9.564E-01  Aqueous 
  Na+                   -3.000     -3.019     1.001E-03     9.577E-04     9.570E-01  Aqueous 
  OH-                   -5.980     -5.999     1.047E-06     1.002E-06     9.567E-01  Aqueous 
  HSO4-                 -9.359     -9.378     4.376E-10     4.189E-10     9.572E-01  Aqueous 
  CaSO4(aq)            -11.162    -11.161     6.894E-12     6.896E-12     1.000E+00  Aqueous 
  CaOH+                -14.867    -14.886     1.359E-15     1.302E-15     9.580E-01  Aqueous 
  CaHSO4+              -18.381    -18.401     4.159E-19     3.971E-19     9.548E-01  Aqueous 
  KSO4-                 -7.517     -7.536     3.043E-08     2.914E-08     9.577E-01  Aqueous 
  KOH(aq)              -11.481    -11.481     3.305E-12     3.306E-12     1.000E+00  Aqueous 
  MgSO4(aq)             -6.098     -6.098     7.985E-07     7.988E-07     1.000E+00  Aqueous 
  MgOH+                 -8.530     -8.549     2.948E-09     2.825E-09     9.582E-01  Aqueous 
  NaSO4-                -5.666     -5.685     2.157E-06     2.066E-06     9.577E-01  Aqueous 
  NaOH(aq)              -9.819     -9.819     1.518E-10     1.518E-10     1.000E+00  Aqueous 
  PbOH+                 -7.240     -7.259     5.754E-08     5.507E-08     9.570E-01  Aqueous 
  PbSO4(aq)             -8.164     -8.164     6.853E-09     6.855E-09     1.000E+00  Aqueous 
  Pb(OH)2(aq)           -8.671     -8.670     2.135E-09     2.136E-09     1.000E+00  Aqueous 
  Pb(SO4)2--           -10.730    -10.810     1.863E-11     1.548E-11     8.310E-01  Aqueous 
  Pb(OH)3-             -11.593    -11.612     2.555E-12     2.445E-12     9.570E-01  Aqueous 
  Pb2OH+++             -13.287    -13.457     5.164E-14     3.492E-14     6.763E-01  Aqueous 
  Pb(OH)4--            -15.173    -15.253     6.722E-16     5.586E-16     8.310E-01  Aqueous 
  ZnOH+                 -8.124     -8.144     7.509E-09     7.186E-09     9.570E-01  Aqueous 
  ZnSO4(aq)             -8.185     -8.185     6.530E-09     6.532E-09     1.000E+00  Aqueous 
  Zn(OH)2(aq)           -8.085     -8.085     8.219E-09     8.222E-09     1.000E+00  Aqueous 
  Zn(SO4)2--           -10.554    -10.635     2.790E-11     2.319E-11     8.310E-01  Aqueous 
  Zn(OH)3-             -11.567    -11.586     2.709E-12     2.592E-12     9.570E-01  Aqueous 
  Zn(OH)4--            -16.311    -16.388     4.885E-17     4.097E-17     8.386E-01  Aqueous 
 
  ****** Partial pressure of gases (bars) *****
 
 
  ***** Saturation state of minerals (log[Q/K] *****
 
 
 
  ***** Volum of minerals added or subtracted *****
 
 
 **************************************************************
 ------> GRID LOCATION:     3:  1:  1
 
  Temperature (C)    =     25.000
  Porosity           =      0.250
  Liquid Saturation  =      1.000
  Liquid Density     =    997.075
  Ionic Strength     =      0.002
  Solution pH        =      7.999
  Total Charge       = -1.219E-07
 
 Total Aqueous Concentrations of Primary Species 
 --------------------------------------- 
 
   Species              Molality       Type 
 H+                  -1.1250E-06     Aqueous      
 SO4--                5.1621E-04     Aqueous      
 Zn++                 1.0029E-07     Aqueous      
 Pb++                 1.0029E-07     Aqueous      
 Ca++                 1.0029E-10     Aqueous      
 Mg++                 1.0029E-05     Aqueous      
 K+                   1.0029E-05     Aqueous      
 Na+                  1.0029E-03     Aqueous      
 
 Exchangers           Equiv/kgw        Equiv/g solid    Equiv/m^3 bulk
 X-                   4.9623E-02       6.5970E-06       1.2369E+01
 Y-                   5.5136E-03       7.3300E-07       1.3744E+00
 
 Total Concentrations in Exchange Sites 
 -------------------------------------- 
 
 Exchangers           Equiv/kgw        Equiv/g solid    Equiv/m^3 bulk
 Zn++                 3.0992E-04       4.1202E-08       7.7253E-02
 Pb++                 2.4508E-04       3.2582E-08       6.1090E-02
 Ca++                 3.7108E-07       4.9332E-11       9.2498E-05
 Mg++                 2.2622E-02       3.0074E-06       5.6388E+00
 K+                   4.5503E-04       6.0493E-08       1.1342E-01
 Na+                  8.3274E-03       1.1071E-06       2.0758E+00
 
 Concentrations of Individual Species, Exchangers, and Surface Complexes 
 ----------------------------------------------------------------------- 
 
                           Log        Log                 Concentration     
 Species              Molality   Activity      Molality    Mol/m^3 blk  Type
  NaX                   -2.113     -0.809     7.710E-03     1.922E+00  Exchange
  NaY                   -3.210     -0.951     6.173E-04     1.539E-01  Exchange
  KX                    -3.414     -2.109     3.859E-04     9.619E-02  Exchange
  KY                    -4.160     -1.902     6.916E-05     1.724E-02  Exchange
  CaX2                  -6.489     -4.884     3.241E-07     8.079E-05  Exchange
  CaY2                  -7.328     -4.769     4.696E-08     1.171E-05  Exchange
  MgX2                  -1.693     -0.087     2.029E-02     5.057E+00  Exchange
  MgY2                  -2.632     -0.072     2.335E-03     5.820E-01  Exchange
  ZnX2                  -3.568     -1.962     2.707E-04     6.748E-02  Exchange
  ZnY2                  -4.406     -1.847     3.922E-05     9.777E-03  Exchange
  PbX2                  -3.687     -2.082     2.056E-04     5.124E-02  Exchange
  PbY2                  -4.403     -1.844     3.952E-05     9.852E-03  Exchange
                           Log        Log                                 Activity
 Species              Molality   Activity      Molality      Activity   Coefficient    Type
  H+                    -7.981     -7.999     1.045E-08     1.003E-08     9.594E-01  Aqueous 
  SO4--                 -3.290     -3.366     5.132E-04     4.304E-04     8.386E-01  Aqueous 
  Zn++                  -7.108     -7.182     7.801E-08     6.569E-08     8.422E-01  Aqueous 
  Pb++                  -7.472     -7.548     3.374E-08     2.832E-08     8.395E-01  Aqueous 
  Ca++                 -10.030    -10.104     9.340E-11     7.866E-11     8.422E-01  Aqueous 
  Mg++                  -5.035     -5.108     9.228E-06     7.803E-06     8.456E-01  Aqueous 
  K+                    -5.000     -5.019     9.999E-06     9.563E-06     9.564E-01  Aqueous 
  Na+                   -3.000     -3.019     1.001E-03     9.577E-04     9.570E-01  Aqueous 
  OH-                   -5.980     -5.999     1.047E-06     1.002E-06     9.567E-01  Aqueous 
  HSO4-                 -9.359     -9.378     4.376E-10     4.189E-10     9.572E-01  Aqueous 
  CaSO4(aq)            -11.162    -11.161     6.894E-12     6.896E-12     1.000E+00  Aqueous 
  CaOH+                -14.867    -14.886     1.359E-15     1.302E-15     9.580E-01  Aqueous 
  CaHSO4+              -18.381    -18.401     4.159E-19     3.971E-19     9.548E-01  Aqueous 
  KSO4-                 -7.517     -7.536     3.043E-08     2.914E-08     9.577E-01  Aqueous 
  KOH(aq)              -11.481    -11.481     3.305E-12     3.306E-12     1.000E+00  Aqueous 
  MgSO4(aq)             -6.098     -6.098     7.985E-07     7.988E-07     1.000E+00  Aqueous 
  MgOH+                 -8.530     -8.549     2.948E-09     2.825E-09     9.582E-01  Aqueous 
  NaSO4-                -5.666     -5.685     2.157E-06     2.066E-06     9.577E-01  Aqueous 
  NaOH(aq)              -9.819     -9.819     1.518E-10     1.518E-10     1.000E+00  Aqueous 
  PbOH+                 -7.240     -7.259     5.754E-08     5.507E-08     9.570E-01  Aqueous 
  PbSO4(aq)             -8.164     -8.164     6.853E-09     6.855E-09     1.000E+00  Aqueous 
  Pb(OH)2(aq)           -8.671     -8.670     2.135E-09     2.136E-09     1.000E+00  Aqueous 
  Pb(SO4)2--           -10.730    -10.810     1.863E-11     1.548E-11     8.310E-01  Aqueous 
  Pb(OH)3-             -11.593    -11.612     2.555E-12     2.445E-12     9.570E-01  Aqueous 
  Pb2OH+++             -13.287    -13.457     5.164E-14     3.492E-14     6.763E-01  Aqueous 
  Pb(OH)4--            -15.173    -15.253     6.722E-16     5.586E-16     8.310E-01  Aqueous 
  ZnOH+                 -8.124     -8.144     7.509E-09     7.186E-09     9.570E-01  Aqueous 
  ZnSO4(aq)             -8.185     -8.185     6.530E-09     6.532E-09     1.000E+00  Aqueous 
  Zn(OH)2(aq)           -8.085     -8.085     8.219E-09     8.222E-09     1.000E+00  Aqueous 
  Zn(SO4)2--           -10.554    -10.635     2.790E-11     2.319E-11     8.310E-01  Aqueous 
  Zn(OH)3-             -11.567    -11.586     2.709E-12     2.592E-12     9.570E-01  Aqueous 
  Zn(OH)4--            -16.311    -16.388     4.885E-17     4.097E-17     8.386E-01  Aqueous 
 
  ****** Partial pressure of gases (bars) *****
 
 
  ***** Saturation state of minerals (log[Q/K] *****
 
 
 
  ***** Volum of minerals added or subtracted *****
 
 
 **************************************************************
 ------> GRID LOCATION:     4:  1:  1
 
  Temperature (C)    =     25.000
  Porosity           =      0.250
  Liquid Saturation  =      1.000
  Liquid Density     =    997.075
  Ionic Strength     =      0.002
  Solution pH        =      7.999
  Total Charge       = -1.219E-07
 
 Total Aqueous Concentrations of Primary Species 
 --------------------------------------- 
 
   Species              Molality       Type 
 H+                  -1.1250E-06     Aqueous      
 SO4--                5.1621E-04     Aqueous      
 Zn++                 1.0029E-07     Aqueous      
 Pb++                 1.0029E-07     Aqueous      
 Ca++                 1.0029E-10     Aqueous      
 Mg++                 1.0029E-05     Aqueous      
 K+                   1.0029E-05     Aqueous      
 Na+                  1.0029E-03     Aqueous      
 
 Exchangers           Equiv/kgw        Equiv/g solid    Equiv/m^3 bulk
 X-                   4.9623E-02       6.5970E-06       1.2369E+01
 Y-                   5.5136E-03       7.3300E-07       1.3744E+00
 
 Total Concentrations in Exchange Sites 
 -------------------------------------- 
 
 Exchangers           Equiv/kgw        Equiv/g solid    Equiv/m^3 bulk
 Zn++                 3.0992E-04       4.1202E-08       7.7253E-02
 Pb++                 2.4508E-04       3.2582E-08       6.1090E-02
 Ca++                 3.7108E-07       4.9332E-11       9.2498E-05
 Mg++                 2.2622E-02       3.0074E-06       5.6388E+00
 K+                   4.5503E-04       6.0493E-08       1.1342E-01
 Na+                  8.3274E-03       1.1071E-06       2.0758E+00
 
 Concentrations of Individual Species, Exchangers, and Surface Complexes 
 ----------------------------------------------------------------------- 
 
                           Log        Log                 Concentration     
 Species              Molality   Activity      Molality    Mol/m^3 blk  Type
  NaX                   -2.113     -0.809     7.710E-03     1.922E+00  Exchange
  NaY                   -3.210     -0.951     6.173E-04     1.539E-01  Exchange
  KX                    -3.414     -2.109     3.859E-04     9.619E-02  Exchange
  KY                    -4.160     -1.902     6.916E-05     1.724E-02  Exchange
  CaX2                  -6.489     -4.884     3.241E-07     8.079E-05  Exchange
  CaY2                  -7.328     -4.769     4.696E-08     1.171E-05  Exchange
  MgX2                  -1.693     -0.087     2.029E-02     5.057E+00  Exchange
  MgY2                  -2.632     -0.072     2.335E-03     5.820E-01  Exchange
  ZnX2                  -3.568     -1.962     2.707E-04     6.748E-02  Exchange
  ZnY2                  -4.406     -1.847     3.922E-05     9.777E-03  Exchange
  PbX2                  -3.687     -2.082     2.056E-04     5.124E-02  Exchange
  PbY2                  -4.403     -1.844     3.952E-05     9.852E-03  Exchange
                           Log        Log                                 Activity
 Species              Molality   Activity      Molality      Activity   Coefficient    Type
  H+                    -7.981     -7.999     1.045E-08     1.003E-08     9.594E-01  Aqueous 
  SO4--                 -3.290     -3.366     5.132E-04     4.304E-04     8.386E-01  Aqueous 
  Zn++                  -7.108     -7.182     7.801E-08     6.569E-08     8.422E-01  Aqueous 
  Pb++                  -7.472     -7.548     3.374E-08     2.832E-08     8.395E-01  Aqueous 
  Ca++                 -10.030    -10.104     9.340E-11     7.866E-11     8.422E-01  Aqueous 
  Mg++                  -5.035     -5.108     9.228E-06     7.803E-06     8.456E-01  Aqueous 
  K+                    -5.000     -5.019     9.999E-06     9.563E-06     9.564E-01  Aqueous 
  Na+                   -3.000     -3.019     1.001E-03     9.577E-04     9.570E-01  Aqueous 
  OH-                   -5.980     -5.999     1.047E-06     1.002E-06     9.567E-01  Aqueous 
  HSO4-                 -9.359     -9.378     4.376E-10     4.189E-10     9.572E-01  Aqueous 
  CaSO4(aq)            -11.162    -11.161     6.894E-12     6.896E-12     1.000E+00  Aqueous 
  CaOH+                -14.867    -14.886     1.359E-15     1.302E-15     9.580E-01  Aqueous 
  CaHSO4+              -18.381    -18.401     4.159E-19     3.971E-19     9.548E-01  Aqueous 
  KSO4-                 -7.517     -7.536     3.043E-08     2.914E-08     9.577E-01  Aqueous 
  KOH(aq)              -11.481    -11.481     3.305E-12     3.306E-12     1.000E+00  Aqueous 
  MgSO4(aq)             -6.098     -6.098     7.985E-07     7.988E-07     1.000E+00  Aqueous 
  MgOH+                 -8.530     -8.549     2.948E-09     2.825E-09     9.582E-01  Aqueous 
  NaSO4-                -5.666     -5.685     2.157E-06     2.066E-06     9.577E-01  Aqueous 
  NaOH(aq)              -9.819     -9.819     1.518E-10     1.518E-10     1.000E+00  Aqueous 
  PbOH+                 -7.240     -7.259     5.754E-08     5.507E-08     9.570E-01  Aqueous 
  PbSO4(aq)             -8.164     -8.164     6.853E-09     6.855E-09     1.000E+00  Aqueous 
  Pb(OH)2(aq)           -8.671     -8.670     2.135E-09     2.136E-09     1.000E+00  Aqueous 
  Pb(SO4)2--           -10.730    -10.810     1.863E-11     1.548E-11     8.310E-01  Aqueous 
  Pb(OH)3-             -11.593    -11.612     2.555E-12     2.445E-12     9.570E-01  Aqueous 
  Pb2OH+++             -13.287    -13.457     5.164E-14     3.492E-14     6.763E-01  Aqueous 
  Pb(OH)4--            -15.173    -15.253     6.722E-16     5.586E-16     8.310E-01  Aqueous 
  ZnOH+                 -8.124     -8.144     7.509E-09     7.186E-09     9.570E-01  Aqueous 
  ZnSO4(aq)             -8.185     -8.185     6.530E-09     6.532E-09     1.000E+00  Aqueous 
  Zn(OH)2(aq)           -8.085     -8.085     8.219E-09     8.222E-09     1.000E+00  Aqueous 
  Zn(SO4)2--           -10.554    -10.635     2.790E-11     2.319E-11     8.310E-01  Aqueous 
  Zn(OH)3-             -11.567    -11.586     2.709E-12     2.592E-12     9.570E-01  Aqueous 
  Zn(OH)4--            -16.311    -16.388     4.885E-17     4.097E-17     8.386E-01  Aqueous 
 
  ****** Partial pressure of gases (bars) *****
 
 
  ***** Saturation state of minerals (log[Q/K] *****
 
 
 
  ***** Volum of minerals added or subtracted *****
 
 
 **************************************************************
 ------> GRID LOCATION:     5:  1:  1
 
  Temperature (C)    =     25.000
  Porosity           =      0.250
  Liquid Saturation  =      1.000
  Liquid Density     =    997.075
  Ionic Strength     =      0.002
  Solution pH        =      7.999
  Total Charge       = -1.219E-07
 
 Total Aqueous Concentrations of Primary Species 
 --------------------------------------- 
 
   Species              Molality       Type 
 H+                  -1.1250E-06     Aqueous      
 SO4--                5.1621E-04     Aqueous      
 Zn++                 1.0029E-07     Aqueous      
 Pb++                 1.0029E-07     Aqueous      
 Ca++                 1.0029E-10     Aqueous      
 Mg++                 1.0029E-05     Aqueous      
 K+                   1.0029E-05     Aqueous      
 Na+                  1.0029E-03     Aqueous      
 
 Exchangers           Equiv/kgw        Equiv/g solid    Equiv/m^3 bulk
 X-                   4.9623E-02       6.5970E-06       1.2369E+01
 Y-                   5.5136E-03       7.3300E-07       1.3744E+00
 
 Total Concentrations in Exchange Sites 
 -------------------------------------- 
 
 Exchangers           Equiv/kgw        Equiv/g solid    Equiv/m^3 bulk
 Zn++                 3.0992E-04       4.1202E-08       7.7253E-02
 Pb++                 2.4508E-04       3.2582E-08       6.1090E-02
 Ca++                 3.7108E-07       4.9332E-11       9.2498E-05
 Mg++                 2.2622E-02       3.0074E-06       5.6388E+00
 K+                   4.5503E-04       6.0493E-08       1.1342E-01
 Na+                  8.3274E-03       1.1071E-06       2.0758E+00
 
 Concentrations of Individual Species, Exchangers, and Surface Complexes 
 ----------------------------------------------------------------------- 
 
                           Log        Log                 Concentration     
 Species              Molality   Activity      Molality    Mol/m^3 blk  Type
  NaX                   -2.113     -0.809     7.710E-03     1.922E+00  Exchange
  NaY                   -3.210     -0.951     6.173E-04     1.539E-01  Exchange
  KX                    -3.414     -2.109     3.859E-04     9.619E-02  Exchange
  KY                    -4.160     -1.902     6.916E-05     1.724E-02  Exchange
  CaX2                  -6.489     -4.884     3.241E-07     8.079E-05  Exchange
  CaY2                  -7.328     -4.769     4.696E-08     1.171E-05  Exchange
  MgX2                  -1.693     -0.087     2.029E-02     5.057E+00  Exchange
  MgY2                  -2.632     -0.072     2.335E-03     5.820E-01  Exchange
  ZnX2                  -3.568     -1.962     2.707E-04     6.748E-02  Exchange
  ZnY2                  -4.406     -1.847     3.922E-05     9.777E-03  Exchange
  PbX2                  -3.687     -2.082     2.056E-04     5.124E-02  Exchange
  PbY2                  -4.403     -1.844     3.952E-05     9.852E-03  Exchange
                           Log        Log                                 Activity
 Species              Molality   Activity      Molality      Activity   Coefficient    Type
  H+                    -7.981     -7.999     1.045E-08     1.003E-08     9.594E-01  Aqueous 
  SO4--                 -3.290     -3.366     5.132E-04     4.304E-04     8.386E-01  Aqueous 
  Zn++                  -7.108     -7.182     7.801E-08     6.569E-08     8.422E-01  Aqueous 
  Pb++                  -7.472     -7.548     3.374E-08     2.832E-08     8.395E-01  Aqueous 
  Ca++                 -10.030    -10.104     9.340E-11     7.866E-11     8.422E-01  Aqueous 
  Mg++                  -5.035     -5.108     9.228E-06     7.803E-06     8.456E-01  Aqueous 
  K+                    -5.000     -5.019     9.999E-06     9.563E-06     9.564E-01  Aqueous 
  Na+                   -3.000     -3.019     1.001E-03     9.577E-04     9.570E-01  Aqueous 
  OH-                   -5.980     -5.999     1.047E-06     1.002E-06     9.567E-01  Aqueous 
  HSO4-                 -9.359     -9.378     4.376E-10     4.189E-10     9.572E-01  Aqueous 
  CaSO4(aq)            -11.162    -11.161     6.894E-12     6.896E-12     1.000E+00  Aqueous 
  CaOH+                -14.867    -14.886     1.359E-15     1.302E-15     9.580E-01  Aqueous 
  CaHSO4+              -18.381    -18.401     4.159E-19     3.971E-19     9.548E-01  Aqueous 
  KSO4-                 -7.517     -7.536     3.043E-08     2.914E-08     9.577E-01  Aqueous 
  KOH(aq)              -11.481    -11.481     3.305E-12     3.306E-12     1.000E+00  Aqueous 
  MgSO4(aq)             -6.098     -6.098     7.985E-07     7.988E-07     1.000E+00  Aqueous 
  MgOH+                 -8.530     -8.549     2.948E-09     2.825E-09     9.582E-01  Aqueous 
  NaSO4-                -5.666     -5.685     2.157E-06     2.066E-06     9.577E-01  Aqueous 
  NaOH(aq)              -9.819     -9.819     1.518E-10     1.518E-10     1.000E+00  Aqueous 
  PbOH+                 -7.240     -7.259     5.754E-08     5.507E-08     9.570E-01  Aqueous 
  PbSO4(aq)             -8.164     -8.164     6.853E-09     6.855E-09     1.000E+00  Aqueous 
  Pb(OH)2(aq)           -8.671     -8.670     2.135E-09     2.136E-09     1.000E+00  Aqueous 
  Pb(SO4)2--           -10.730    -10.810     1.863E-11     1.548E-11     8.310E-01  Aqueous 
  Pb(OH)3-             -11.593    -11.612     2.555E-12     2.445E-12     9.570E-01  Aqueous 
  Pb2OH+++             -13.287    -13.457     5.164E-14     3.492E-14     6.763E-01  Aqueous 
  Pb(OH)4--            -15.173    -15.253     6.722E-16     5.586E-16     8.310E-01  Aqueous 
  ZnOH+                 -8.124     -8.144     7.509E-09     7.186E-09     9.570E-01  Aqueous 
  ZnSO4(aq)             -8.185     -8.185     6.530E-09     6.532E-09     1.000E+00  Aqueous 
  Zn(OH)2(aq)           -8.085     -8.085     8.219E-09     8.222E-09     1.000E+00  Aqueous 
  Zn(SO4)2--           -10.554    -10.635     2.790E-11     2.319E-11     8.310E-01  Aqueous 
  Zn(OH)3-             -11.567    -11.586     2.709E-12     2.592E-12     9.570E-01  Aqueous 
  Zn(OH)4--            -16.311    -16.388     4.885E-17     4.097E-17     8.386E-01  Aqueous 
 
  ****** Partial pressure of gases (bars) *****
 
 
  ***** Saturation state of minerals (log[Q/K] *****
 
 
 
  ***** Volum of minerals added or subtracted *****
 
 
 **************************************************************
 ------> GRID LOCATION:     6:  1:  1
 
  Temperature (C)    =     25.000
  Porosity           =      0.250
  Liquid Saturation  =      1.000
  Liquid Density     =    997.075
  Ionic Strength     =      0.002
  Solution pH        =      7.999
  Total Charge       = -1.219E-07
 
 Total Aqueous Concentrations of Primary Species 
 --------------------------------------- 
 
   Species              Molality       Type 
 H+                  -1.1250E-06     Aqueous      
 SO4--                5.1621E-04     Aqueous      
 Zn++                 1.0029E-07     Aqueous      
 Pb++                 1.0029E-07     Aqueous      
 Ca++                 1.0029E-10     Aqueous      
 Mg++                 1.0029E-05     Aqueous      
 K+                   1.0029E-05     Aqueous      
 Na+                  1.0029E-03     Aqueous      
 
 Exchangers           Equiv/kgw        Equiv/g solid    Equiv/m^3 bulk
 X-                   4.9623E-02       6.5970E-06       1.2369E+01
 Y-                   5.5136E-03       7.3300E-07       1.3744E+00
 
 Total Concentrations in Exchange Sites 
 -------------------------------------- 
 
 Exchangers           Equiv/kgw        Equiv/g solid    Equiv/m^3 bulk
 Zn++                 3.0992E-04       4.1202E-08       7.7253E-02
 Pb++                 2.4508E-04       3.2582E-08       6.1090E-02
 Ca++                 3.7108E-07       4.9332E-11       9.2498E-05
 Mg++                 2.2622E-02       3.0074E-06       5.6388E+00
 K+                   4.5503E-04       6.0493E-08       1.1342E-01
 Na+                  8.3274E-03       1.1071E-06       2.0758E+00
 
 Concentrations of Individual Species, Exchangers, and Surface Complexes 
 ----------------------------------------------------------------------- 
 
                           Log        Log                 Concentration     
 Species              Molality   Activity      Molality    Mol/m^3 blk  Type
  NaX                   -2.113     -0.809     7.710E-03     1.922E+00  Exchange
  NaY                   -3.210     -0.951     6.173E-04     1.539E-01  Exchange
  KX                    -3.414     -2.109     3.859E-04     9.619E-02  Exchange
  KY                    -4.160     -1.902     6.916E-05     1.724E-02  Exchange
  CaX2                  -6.489     -4.884     3.241E-07     8.079E-05  Exchange
  CaY2                  -7.328     -4.769     4.696E-08     1.171E-05  Exchange
  MgX2                  -1.693     -0.087     2.029E-02     5.057E+00  Exchange
  MgY2                  -2.632     -0.072     2.335E-03     5.820E-01  Exchange
  ZnX2                  -3.568     -1.962     2.707E-04     6.748E-02  Exchange
  ZnY2                  -4.406     -1.847     3.922E-05     9.777E-03  Exchange
  PbX2                  -3.687     -2.082     2.056E-04     5.124E-02  Exchange
  PbY2                  -4.403     -1.844     3.952E-05     9.852E-03  Exchange
                           Log        Log                                 Activity
 Species              Molality   Activity      Molality      Activity   Coefficient    Type
  H+                    -7.981     -7.999     1.045E-08     1.003E-08     9.594E-01  Aqueous 
  SO4--                 -3.290     -3.366     5.132E-04     4.304E-04     8.386E-01  Aqueous 
  Zn++                  -7.108     -7.182     7.801E-08     6.569E-08     8.422E-01  Aqueous 
  Pb++                  -7.472     -7.548     3.374E-08     2.832E-08     8.395E-01  Aqueous 
  Ca++                 -10.030    -10.104     9.340E-11     7.866E-11     8.422E-01  Aqueous 
  Mg++                  -5.035     -5.108     9.228E-06     7.803E-06     8.456E-01  Aqueous 
  K+                    -5.000     -5.019     9.999E-06     9.563E-06     9.564E-01  Aqueous 
  Na+                   -3.000     -3.019     1.001E-03     9.577E-04     9.570E-01  Aqueous 
  OH-                   -5.980     -5.999     1.047E-06     1.002E-06     9.567E-01  Aqueous 
  HSO4-                 -9.359     -9.378     4.376E-10     4.189E-10     9.572E-01  Aqueous 
  CaSO4(aq)            -11.162    -11.161     6.894E-12     6.896E-12     1.000E+00  Aqueous 
  CaOH+                -14.867    -14.886     1.359E-15     1.302E-15     9.580E-01  Aqueous 
  CaHSO4+              -18.381    -18.401     4.159E-19     3.971E-19     9.548E-01  Aqueous 
  KSO4-                 -7.517     -7.536     3.043E-08     2.914E-08     9.577E-01  Aqueous 
  KOH(aq)              -11.481    -11.481     3.305E-12     3.306E-12     1.000E+00  Aqueous 
  MgSO4(aq)             -6.098     -6.098     7.985E-07     7.988E-07     1.000E+00  Aqueous 
  MgOH+                 -8.530     -8.549     2.948E-09     2.825E-09     9.582E-01  Aqueous 
  NaSO4-                -5.666     -5.685     2.157E-06     2.066E-06     9.577E-01  Aqueous 
  NaOH(aq)              -9.819     -9.819     1.518E-10     1.518E-10     1.000E+00  Aqueous 
  PbOH+                 -7.240     -7.259     5.754E-08     5.507E-08     9.570E-01  Aqueous 
  PbSO4(aq)             -8.164     -8.164     6.853E-09     6.855E-09     1.000E+00  Aqueous 
  Pb(OH)2(aq)           -8.671     -8.670     2.135E-09     2.136E-09     1.000E+00  Aqueous 
  Pb(SO4)2--           -10.730    -10.810     1.863E-11     1.548E-11     8.310E-01  Aqueous 
  Pb(OH)3-             -11.593    -11.612     2.555E-12     2.445E-12     9.570E-01  Aqueous 
  Pb2OH+++             -13.287    -13.457     5.164E-14     3.492E-14     6.763E-01  Aqueous 
  Pb(OH)4--            -15.173    -15.253     6.722E-16     5.586E-16     8.310E-01  Aqueous 
  ZnOH+                 -8.124     -8.144     7.509E-09     7.186E-09     9.570E-01  Aqueous 
  ZnSO4(aq)             -8.185     -8.185     6.530E-09     6.532E-09     1.000E+00  Aqueous 
  Zn(OH)2(aq)           -8.085     -8.085     8.219E-09     8.222E-09     1.000E+00  Aqueous 
  Zn(SO4)2--           -10.554    -10.635     2.790E-11     2.319E-11     8.310E-01  Aqueous 
  Zn(OH)3-             -11.567    -11.586     2.709E-12     2.592E-12     9.570E-01  Aqueous 
  Zn(OH)4--            -16.311    -16.388     4.885E-17     4.097E-17     8.386E-01  Aqueous 
 
  ****** Partial pressure of gases (bars) *****
 
 
  ***** Saturation state of minerals (log[Q/K] *****
 
 
 
  ***** Volum of minerals added or subtracted *****
 
 
 **************************************************************
 ------> GRID LOCATION:     7:  1:  1
 
  Temperature (C)    =     25.000
  Porosity           =      0.250
  Liquid Saturation  =      1.000
  Liquid Density     =    997.075
  Ionic Strength     =      0.002
  Solution pH        =      7.999
  Total Charge       = -1.219E-07
 
 Total Aqueous Concentrations of Primary Species 
 --------------------------------------- 
 
   Species              Molality       Type 
 H+                  -1.1250E-06     Aqueous      
 SO4--                5.1621E-04     Aqueous      
 Zn++                 1.0029E-07     Aqueous      
 Pb++                 1.0029E-07     Aqueous      
 Ca++                 1.0029E-10     Aqueous      
 Mg++                 1.0029E-05     Aqueous      
 K+                   1.0029E-05     Aqueous      
 Na+                  1.0029E-03     Aqueous      
 
 Exchangers           Equiv/kgw        Equiv/g solid    Equiv/m^3 bulk
 X-                   4.9623E-02       6.5970E-06       1.2369E+01
 Y-                   5.5136E-03       7.3300E-07       1.3744E+00
 
 Total Concentrations in Exchange Sites 
 -------------------------------------- 
 
 Exchangers           Equiv/kgw        Equiv/g solid    Equiv/m^3 bulk
 Zn++                 3.0992E-04       4.1202E-08       7.7253E-02
 Pb++                 2.4508E-04       3.2582E-08       6.1090E-02
 Ca++                 3.7108E-07       4.9332E-11       9.2498E-05
 Mg++                 2.2622E-02       3.0074E-06       5.6388E+00
 K+                   4.5503E-04       6.0493E-08       1.1342E-01
 Na+                  8.3274E-03       1.1071E-06       2.0758E+00
 
 Concentrations of Individual Species, Exchangers, and Surface Complexes 
 ----------------------------------------------------------------------- 
 
                           Log        Log                 Concentration     
 Species              Molality   Activity      Molality    Mol/m^3 blk  Type
  NaX                   -2.113     -0.809     7.710E-03     1.922E+00  Exchange
  NaY                   -3.210     -0.951     6.173E-04     1.539E-01  Exchange
  KX                    -3.414     -2.109     3.859E-04     9.619E-02  Exchange
  KY                    -4.160     -1.902     6.916E-05     1.724E-02  Exchange
  CaX2                  -6.489     -4.884     3.241E-07     8.079E-05  Exchange
  CaY2                  -7.328     -4.769     4.696E-08     1.171E-05  Exchange
  MgX2                  -1.693     -0.087     2.029E-02     5.057E+00  Exchange
  MgY2                  -2.632     -0.072     2.335E-03     5.820E-01  Exchange
  ZnX2                  -3.568     -1.962     2.707E-04     6.748E-02  Exchange
  ZnY2                  -4.406     -1.847     3.922E-05     9.777E-03  Exchange
  PbX2                  -3.687     -2.082     2.056E-04     5.124E-02  Exchange
  PbY2                  -4.403     -1.844     3.952E-05     9.852E-03  Exchange
                           Log        Log                                 Activity
 Species              Molality   Activity      Molality      Activity   Coefficient    Type
  H+                    -7.981     -7.999     1.045E-08     1.003E-08     9.594E-01  Aqueous 
  SO4--                 -3.290     -3.366     5.132E-04     4.304E-04     8.386E-01  Aqueous 
  Zn++                  -7.108     -7.182     7.801E-08     6.569E-08     8.422E-01  Aqueous 
  Pb++                  -7.472     -7.548     3.374E-08     2.832E-08     8.395E-01  Aqueous 
  Ca++                 -10.030    -10.104     9.340E-11     7.866E-11     8.422E-01  Aqueous 
  Mg++                  -5.035     -5.108     9.228E-06     7.803E-06     8.456E-01  Aqueous 
  K+                    -5.000     -5.019     9.999E-06     9.563E-06     9.564E-01  Aqueous 
  Na+                   -3.000     -3.019     1.001E-03     9.577E-04     9.570E-01  Aqueous 
  OH-                   -5.980     -5.999     1.047E-06     1.002E-06     9.567E-01  Aqueous 
  HSO4-                 -9.359     -9.378     4.376E-10     4.189E-10     9.572E-01  Aqueous 
  CaSO4(aq)            -11.162    -11.161     6.894E-12     6.896E-12     1.000E+00  Aqueous 
  CaOH+                -14.867    -14.886     1.359E-15     1.302E-15     9.580E-01  Aqueous 
  CaHSO4+              -18.381    -18.401     4.159E-19     3.971E-19     9.548E-01  Aqueous 
  KSO4-                 -7.517     -7.536     3.043E-08     2.914E-08     9.577E-01  Aqueous 
  KOH(aq)              -11.481    -11.481     3.305E-12     3.306E-12     1.000E+00  Aqueous 
  MgSO4(aq)             -6.098     -6.098     7.985E-07     7.988E-07     1.000E+00  Aqueous 
  MgOH+                 -8.530     -8.549     2.948E-09     2.825E-09     9.582E-01  Aqueous 
  NaSO4-                -5.666     -5.685     2.157E-06     2.066E-06     9.577E-01  Aqueous 
  NaOH(aq)              -9.819     -9.819     1.518E-10     1.518E-10     1.000E+00  Aqueous 
  PbOH+                 -7.240     -7.259     5.754E-08     5.507E-08     9.570E-01  Aqueous 
  PbSO4(aq)             -8.164     -8.164     6.853E-09     6.855E-09     1.000E+00  Aqueous 
  Pb(OH)2(aq)           -8.671     -8.670     2.135E-09     2.136E-09     1.000E+00  Aqueous 
  Pb(SO4)2--           -10.730    -10.810     1.863E-11     1.548E-11     8.310E-01  Aqueous 
  Pb(OH)3-             -11.593    -11.612     2.555E-12     2.445E-12     9.570E-01  Aqueous 
  Pb2OH+++             -13.287    -13.457     5.164E-14     3.492E-14     6.763E-01  Aqueous 
  Pb(OH)4--            -15.173    -15.253     6.722E-16     5.586E-16     8.310E-01  Aqueous 
  ZnOH+                 -8.124     -8.144     7.509E-09     7.186E-09     9.570E-01  Aqueous 
  ZnSO4(aq)             -8.185     -8.185     6.530E-09     6.532E-09     1.000E+00  Aqueous 
  Zn(OH)2(aq)           -8.085     -8.085     8.219E-09     8.222E-09     1.000E+00  Aqueous 
  Zn(SO4)2--           -10.554    -10.635     2.790E-11     2.319E-11     8.310E-01  Aqueous 
  Zn(OH)3-             -11.567    -11.586     2.709E-12     2.592E-12     9.570E-01  Aqueous 
  Zn(OH)4--            -16.311    -16.388     4.885E-17     4.097E-17     8.386E-01  Aqueous 
 
  ****** Partial pressure of gases (bars) *****
 
 
  ***** Saturation state of minerals (log[Q/K] *****
 
 
 
  ***** Volum of minerals added or subtracted *****
 
 
 **************************************************************
 ------> GRID LOCATION:     8:  1:  1
 
  Temperature (C)    =     25.000
  Porosity           =      0.250
  Liquid Saturation  =      1.000
  Liquid Density     =    997.075
  Ionic Strength     =      0.002
  Solution pH        =      7.999
  Total Charge       = -1.219E-07
 
 Total Aqueous Concentrations of Primary Species 
 --------------------------------------- 
 
   Species              Molality       Type 
 H+                  -1.1250E-06     Aqueous      
 SO4--                5.1621E-04     Aqueous      
 Zn++                 1.0029E-07     Aqueous      
 Pb++                 1.0029E-07     Aqueous      
 Ca++                 1.0029E-10     Aqueous      
 Mg++                 1.0029E-05     Aqueous      
 K+                   1.0029E-05     Aqueous      
 Na+                  1.0029E-03     Aqueous      
 
 Exchangers           Equiv/kgw        Equiv/g solid    Equiv/m^3 bulk
 X-                   4.9623E-02       6.5970E-06       1.2369E+01
 Y-                   5.5136E-03       7.3300E-07       1.3744E+00
 
 Total Concentrations in Exchange Sites 
 -------------------------------------- 
 
 Exchangers           Equiv/kgw        Equiv/g solid    Equiv/m^3 bulk
 Zn++                 3.0992E-04       4.1202E-08       7.7253E-02
 Pb++                 2.4508E-04       3.2582E-08       6.1090E-02
 Ca++                 3.7108E-07       4.9332E-11       9.2498E-05
 Mg++                 2.2622E-02       3.0074E-06       5.6388E+00
 K+                   4.5503E-04       6.0493E-08       1.1342E-01
 Na+                  8.3274E-03       1.1071E-06       2.0758E+00
 
 Concentrations of Individual Species, Exchangers, and Surface Complexes 
 ----------------------------------------------------------------------- 
 
                           Log        Log                 Concentration     
 Species              Molality   Activity      Molality    Mol/m^3 blk  Type
  NaX                   -2.113     -0.809     7.710E-03     1.922E+00  Exchange
  NaY                   -3.210     -0.951     6.173E-04     1.539E-01  Exchange
  KX                    -3.414     -2.109     3.859E-04     9.619E-02  Exchange
  KY                    -4.160     -1.902     6.916E-05     1.724E-02  Exchange
  CaX2                  -6.489     -4.884     3.241E-07     8.079E-05  Exchange
  CaY2                  -7.328     -4.769     4.696E-08     1.171E-05  Exchange
  MgX2                  -1.693     -0.087     2.029E-02     5.057E+00  Exchange
  MgY2                  -2.632     -0.072     2.335E-03     5.820E-01  Exchange
  ZnX2                  -3.568     -1.962     2.707E-04     6.748E-02  Exchange
  ZnY2                  -4.406     -1.847     3.922E-05     9.777E-03  Exchange
  PbX2                  -3.687     -2.082     2.056E-04     5.124E-02  Exchange
  PbY2                  -4.403     -1.844     3.952E-05     9.852E-03  Exchange
                           Log        Log                                 Activity
 Species              Molality   Activity      Molality      Activity   Coefficient    Type
  H+                    -7.981     -7.999     1.045E-08     1.003E-08     9.594E-01  Aqueous 
  SO4--                 -3.290     -3.366     5.132E-04     4.304E-04     8.386E-01  Aqueous 
  Zn++                  -7.108     -7.182     7.801E-08     6.569E-08     8.422E-01  Aqueous 
  Pb++                  -7.472     -7.548     3.374E-08     2.832E-08     8.395E-01  Aqueous 
  Ca++                 -10.030    -10.104     9.340E-11     7.866E-11     8.422E-01  Aqueous 
  Mg++                  -5.035     -5.108     9.228E-06     7.803E-06     8.456E-01  Aqueous 
  K+                    -5.000     -5.019     9.999E-06     9.563E-06     9.564E-01  Aqueous 
  Na+                   -3.000     -3.019     1.001E-03     9.577E-04     9.570E-01  Aqueous 
  OH-                   -5.980     -5.999     1.047E-06     1.002E-06     9.567E-01  Aqueous 
  HSO4-                 -9.359     -9.378     4.376E-10     4.189E-10     9.572E-01  Aqueous 
  CaSO4(aq)            -11.162    -11.161     6.894E-12     6.896E-12     1.000E+00  Aqueous 
  CaOH+                -14.867    -14.886     1.359E-15     1.302E-15     9.580E-01  Aqueous 
  CaHSO4+              -18.381    -18.401     4.159E-19     3.971E-19     9.548E-01  Aqueous 
  KSO4-                 -7.517     -7.536     3.043E-08     2.914E-08     9.577E-01  Aqueous 
  KOH(aq)              -11.481    -11.481     3.305E-12     3.306E-12     1.000E+00  Aqueous 
  MgSO4(aq)             -6.098     -6.098     7.985E-07     7.988E-07     1.000E+00  Aqueous 
  MgOH+                 -8.530     -8.549     2.948E-09     2.825E-09     9.582E-01  Aqueous 
  NaSO4-                -5.666     -5.685     2.157E-06     2.066E-06     9.577E-01  Aqueous 
  NaOH(aq)              -9.819     -9.819     1.518E-10     1.518E-10     1.000E+00  Aqueous 
  PbOH+                 -7.240     -7.259     5.754E-08     5.507E-08     9.570E-01  Aqueous 
  PbSO4(aq)             -8.164     -8.164     6.853E-09     6.855E-09     1.000E+00  Aqueous 
  Pb(OH)2(aq)           -8.671     -8.670     2.135E-09     2.136E-09     1.000E+00  Aqueous 
  Pb(SO4)2--           -10.730    -10.810     1.863E-11     1.548E-11     8.310E-01  Aqueous 
  Pb(OH)3-             -11.593    -11.612     2.555E-12     2.445E-12     9.570E-01  Aqueous 
  Pb2OH+++             -13.287    -13.457     5.164E-14     3.492E-14     6.763E-01  Aqueous 
  Pb(OH)4--            -15.173    -15.253     6.722E-16     5.586E-16     8.310E-01  Aqueous 
  ZnOH+                 -8.124     -8.144     7.509E-09     7.186E-09     9.570E-01  Aqueous 
  ZnSO4(aq)             -8.185     -8.185     6.530E-09     6.532E-09     1.000E+00  Aqueous 
  Zn(OH)2(aq)           -8.085     -8.085     8.219E-09     8.222E-09     1.000E+00  Aqueous 
  Zn(SO4)2--           -10.554    -10.635     2.790E-11     2.319E-11     8.310E-01  Aqueous 
  Zn(OH)3-             -11.567    -11.586     2.709E-12     2.592E-12     9.570E-01  Aqueous 
  Zn(OH)4--            -16.311    -16.388     4.885E-17     4.097E-17     8.386E-01  Aqueous 
 
  ****** Partial pressure of gases (bars) *****
 
 
  ***** Saturation state of minerals (log[Q/K] *****
 
 
 
  ***** Volum of minerals added or subtracted *****
 
 
 **************************************************************
 ------> GRID LOCATION:     9:  1:  1
 
  Temperature (C)    =     25.000
  Porosity           =      0.250
  Liquid Saturation  =      1.000
  Liquid Density     =    997.075
  Ionic Strength     =      0.002
  Solution pH        =      7.999
  Total Charge       = -1.219E-07
 
 Total Aqueous Concentrations of Primary Species 
 --------------------------------------- 
 
   Species              Molality       Type 
 H+                  -1.1250E-06     Aqueous      
 SO4--                5.1621E-04     Aqueous      
 Zn++                 1.0029E-07     Aqueous      
 Pb++                 1.0029E-07     Aqueous      
 Ca++                 1.0029E-10     Aqueous      
 Mg++                 1.0029E-05     Aqueous      
 K+                   1.0029E-05     Aqueous      
 Na+                  1.0029E-03     Aqueous      
 
 Exchangers           Equiv/kgw        Equiv/g solid    Equiv/m^3 bulk
 X-                   4.9623E-02       6.5970E-06       1.2369E+01
 Y-                   5.5136E-03       7.3300E-07       1.3744E+00
 
 Total Concentrations in Exchange Sites 
 -------------------------------------- 
 
 Exchangers           Equiv/kgw        Equiv/g solid    Equiv/m^3 bulk
 Zn++                 3.0992E-04       4.1202E-08       7.7253E-02
 Pb++                 2.4508E-04       3.2582E-08       6.1090E-02
 Ca++                 3.7108E-07       4.9332E-11       9.2498E-05
 Mg++                 2.2622E-02       3.0074E-06       5.6388E+00
 K+                   4.5503E-04       6.0493E-08       1.1342E-01
 Na+                  8.3274E-03       1.1071E-06       2.0758E+00
 
 Concentrations of Individual Species, Exchangers, and Surface Complexes 
 ----------------------------------------------------------------------- 
 
                           Log        Log                 Concentration     
 Species              Molality   Activity      Molality    Mol/m^3 blk  Type
  NaX                   -2.113     -0.809     7.710E-03     1.922E+00  Exchange
  NaY                   -3.210     -0.951     6.173E-04     1.539E-01  Exchange
  KX                    -3.414     -2.109     3.859E-04     9.619E-02  Exchange
  KY                    -4.160     -1.902     6.916E-05     1.724E-02  Exchange
  CaX2                  -6.489     -4.884     3.241E-07     8.079E-05  Exchange
  CaY2                  -7.328     -4.769     4.696E-08     1.171E-05  Exchange
  MgX2                  -1.693     -0.087     2.029E-02     5.057E+00  Exchange
  MgY2                  -2.632     -0.072     2.335E-03     5.820E-01  Exchange
  ZnX2                  -3.568     -1.962     2.707E-04     6.748E-02  Exchange
  ZnY2                  -4.406     -1.847     3.922E-05     9.777E-03  Exchange
  PbX2                  -3.687     -2.082     2.056E-04     5.124E-02  Exchange
  PbY2                  -4.403     -1.844     3.952E-05     9.852E-03  Exchange
                           Log        Log                                 Activity
 Species              Molality   Activity      Molality      Activity   Coefficient    Type
  H+                    -7.981     -7.999     1.045E-08     1.003E-08     9.594E-01  Aqueous 
  SO4--                 -3.290     -3.366     5.132E-04     4.304E-04     8.386E-01  Aqueous 
  Zn++                  -7.108     -7.182     7.801E-08     6.569E-08     8.422E-01  Aqueous 
  Pb++                  -7.472     -7.548     3.374E-08     2.832E-08     8.395E-01  Aqueous 
  Ca++                 -10.030    -10.104     9.340E-11     7.866E-11     8.422E-01  Aqueous 
  Mg++                  -5.035     -5.108     9.228E-06     7.803E-06     8.456E-01  Aqueous 
  K+                    -5.000     -5.019     9.999E-06     9.563E-06     9.564E-01  Aqueous 
  Na+                   -3.000     -3.019     1.001E-03     9.577E-04     9.570E-01  Aqueous 
  OH-                   -5.980     -5.999     1.047E-06     1.002E-06     9.567E-01  Aqueous 
  HSO4-                 -9.359     -9.378     4.376E-10     4.189E-10     9.572E-01  Aqueous 
  CaSO4(aq)            -11.162    -11.161     6.894E-12     6.896E-12     1.000E+00  Aqueous 
  CaOH+                -14.867    -14.886     1.359E-15     1.302E-15     9.580E-01  Aqueous 
  CaHSO4+              -18.381    -18.401     4.159E-19     3.971E-19     9.548E-01  Aqueous 
  KSO4-                 -7.517     -7.536     3.043E-08     2.914E-08     9.577E-01  Aqueous 
  KOH(aq)              -11.481    -11.481     3.305E-12     3.306E-12     1.000E+00  Aqueous 
  MgSO4(aq)             -6.098     -6.098     7.985E-07     7.988E-07     1.000E+00  Aqueous 
  MgOH+                 -8.530     -8.549     2.948E-09     2.825E-09     9.582E-01  Aqueous 
  NaSO4-                -5.666     -5.685     2.157E-06     2.066E-06     9.577E-01  Aqueous 
  NaOH(aq)              -9.819     -9.819     1.518E-10     1.518E-10     1.000E+00  Aqueous 
  PbOH+                 -7.240     -7.259     5.754E-08     5.507E-08     9.570E-01  Aqueous 
  PbSO4(aq)             -8.164     -8.164     6.853E-09     6.855E-09     1.000E+00  Aqueous 
  Pb(OH)2(aq)           -8.671     -8.670     2.135E-09     2.136E-09     1.000E+00  Aqueous 
  Pb(SO4)2--           -10.730    -10.810     1.863E-11     1.548E-11     8.310E-01  Aqueous 
  Pb(OH)3-             -11.593    -11.612     2.555E-12     2.445E-12     9.570E-01  Aqueous 
  Pb2OH+++             -13.287    -13.457     5.164E-14     3.492E-14     6.763E-01  Aqueous 
  Pb(OH)4--            -15.173    -15.253     6.722E-16     5.586E-16     8.310E-01  Aqueous 
  ZnOH+                 -8.124     -8.144     7.509E-09     7.186E-09     9.570E-01  Aqueous 
  ZnSO4(aq)             -8.185     -8.185     6.530E-09     6.532E-09     1.000E+00  Aqueous 
  Zn(OH)2(aq)           -8.085     -8.085     8.219E-09     8.222E-09     1.000E+00  Aqueous 
  Zn(SO4)2--           -10.554    -10.635     2.790E-11     2.319E-11     8.310E-01  Aqueous 
  Zn(OH)3-             -11.567    -11.586     2.709E-12     2.592E-12     9.570E-01  Aqueous 
  Zn(OH)4--            -16.311    -16.388     4.885E-17     4.097E-17     8.386E-01  Aqueous 
 
  ****** Partial pressure of gases (bars) *****
 
 
  ***** Saturation state of minerals (log[Q/K] *****
 
 
 
  ***** Volum of minerals added or subtracted *****
 
 
 **************************************************************
 ------> GRID LOCATION:    10:  1:  1
 
  Temperature (C)    =     25.000
  Porosity           =      0.250
  Liquid Saturation  =      1.000
  Liquid Density     =    997.075
  Ionic Strength     =      0.002
  Solution pH        =      7.999
  Total Charge       = -1.219E-07
 
 Total Aqueous Concentrations of Primary Species 
 --------------------------------------- 
 
   Species              Molality       Type 
 H+                  -1.1250E-06     Aqueous      
 SO4--                5.1621E-04     Aqueous      
 Zn++                 1.0029E-07     Aqueous      
 Pb++                 1.0029E-07     Aqueous      
 Ca++                 1.0029E-10     Aqueous      
 Mg++                 1.0029E-05     Aqueous      
 K+                   1.0029E-05     Aqueous      
 Na+                  1.0029E-03     Aqueous      
 
 Exchangers           Equiv/kgw        Equiv/g solid    Equiv/m^3 bulk
 X-                   4.9623E-02       6.5970E-06       1.2369E+01
 Y-                   5.5136E-03       7.3300E-07       1.3744E+00
 
 Total Concentrations in Exchange Sites 
 -------------------------------------- 
 
 Exchangers           Equiv/kgw        Equiv/g solid    Equiv/m^3 bulk
 Zn++                 3.0992E-04       4.1202E-08       7.7253E-02
 Pb++                 2.4508E-04       3.2582E-08       6.1090E-02
 Ca++                 3.7108E-07       4.9332E-11       9.2498E-05
 Mg++                 2.2622E-02       3.0074E-06       5.6388E+00
 K+                   4.5503E-04       6.0493E-08       1.1342E-01
 Na+                  8.3274E-03       1.1071E-06       2.0758E+00
 
 Concentrations of Individual Species, Exchangers, and Surface Complexes 
 ----------------------------------------------------------------------- 
 
                           Log        Log                 Concentration     
 Species              Molality   Activity      Molality    Mol/m^3 blk  Type
  NaX                   -2.113     -0.809     7.710E-03     1.922E+00  Exchange
  NaY                   -3.210     -0.951     6.173E-04     1.539E-01  Exchange
  KX                    -3.414     -2.109     3.859E-04     9.619E-02  Exchange
  KY                    -4.160     -1.902     6.916E-05     1.724E-02  Exchange
  CaX2                  -6.489     -4.884     3.241E-07     8.079E-05  Exchange
  CaY2                  -7.328     -4.769     4.696E-08     1.171E-05  Exchange
  MgX2                  -1.693     -0.087     2.029E-02     5.057E+00  Exchange
  MgY2                  -2.632     -0.072     2.335E-03     5.820E-01  Exchange
  ZnX2                  -3.568     -1.962     2.707E-04     6.748E-02  Exchange
  ZnY2                  -4.406     -1.847     3.922E-05     9.777E-03  Exchange
  PbX2                  -3.687     -2.082     2.056E-04     5.124E-02  Exchange
  PbY2                  -4.403     -1.844     3.952E-05     9.852E-03  Exchange
                           Log        Log                                 Activity
 Species              Molality   Activity      Molality      Activity   Coefficient    Type
  H+                    -7.981     -7.999     1.045E-08     1.003E-08     9.594E-01  Aqueous 
  SO4--                 -3.290     -3.366     5.132E-04     4.304E-04     8.386E-01  Aqueous 
  Zn++                  -7.108     -7.182     7.801E-08     6.569E-08     8.422E-01  Aqueous 
  Pb++                  -7.472     -7.548     3.374E-08     2.832E-08     8.395E-01  Aqueous 
  Ca++                 -10.030    -10.104     9.340E-11     7.866E-11     8.422E-01  Aqueous 
  Mg++                  -5.035     -5.108     9.228E-06     7.803E-06     8.456E-01  Aqueous 
  K+                    -5.000     -5.019     9.999E-06     9.563E-06     9.564E-01  Aqueous 
  Na+                   -3.000     -3.019     1.001E-03     9.577E-04     9.570E-01  Aqueous 
  OH-                   -5.980     -5.999     1.047E-06     1.002E-06     9.567E-01  Aqueous 
  HSO4-                 -9.359     -9.378     4.376E-10     4.189E-10     9.572E-01  Aqueous 
  CaSO4(aq)            -11.162    -11.161     6.894E-12     6.896E-12     1.000E+00  Aqueous 
  CaOH+                -14.867    -14.886     1.359E-15     1.302E-15     9.580E-01  Aqueous 
  CaHSO4+              -18.381    -18.401     4.159E-19     3.971E-19     9.548E-01  Aqueous 
  KSO4-                 -7.517     -7.536     3.043E-08     2.914E-08     9.577E-01  Aqueous 
  KOH(aq)              -11.481    -11.481     3.305E-12     3.306E-12     1.000E+00  Aqueous 
  MgSO4(aq)             -6.098     -6.098     7.985E-07     7.988E-07     1.000E+00  Aqueous 
  MgOH+                 -8.530     -8.549     2.948E-09     2.825E-09     9.582E-01  Aqueous 
  NaSO4-                -5.666     -5.685     2.157E-06     2.066E-06     9.577E-01  Aqueous 
  NaOH(aq)              -9.819     -9.819     1.518E-10     1.518E-10     1.000E+00  Aqueous 
  PbOH+                 -7.240     -7.259     5.754E-08     5.507E-08     9.570E-01  Aqueous 
  PbSO4(aq)             -8.164     -8.164     6.853E-09     6.855E-09     1.000E+00  Aqueous 
  Pb(OH)2(aq)           -8.671     -8.670     2.135E-09     2.136E-09     1.000E+00  Aqueous 
  Pb(SO4)2--           -10.730    -10.810     1.863E-11     1.548E-11     8.310E-01  Aqueous 
  Pb(OH)3-             -11.593    -11.612     2.555E-12     2.445E-12     9.570E-01  Aqueous 
  Pb2OH+++             -13.287    -13.457     5.164E-14     3.492E-14     6.763E-01  Aqueous 
  Pb(OH)4--            -15.173    -15.253     6.722E-16     5.586E-16     8.310E-01  Aqueous 
  ZnOH+                 -8.124     -8.144     7.509E-09     7.186E-09     9.570E-01  Aqueous 
  ZnSO4(aq)             -8.185     -8.185     6.530E-09     6.532E-09     1.000E+00  Aqueous 
  Zn(OH)2(aq)           -8.085     -8.085     8.219E-09     8.222E-09     1.000E+00  Aqueous 
  Zn(SO4)2--           -10.554    -10.635     2.790E-11     2.319E-11     8.310E-01  Aqueous 
  Zn(OH)3-             -11.567    -11.586     2.709E-12     2.592E-12     9.570E-01  Aqueous 
  Zn(OH)4--            -16.311    -16.388     4.885E-17     4.097E-17     8.386E-01  Aqueous 
 
  ****** Partial pressure of gases (bars) *****
 
 
  ***** Saturation state of minerals (log[Q/K] *****
 
 
 
  ***** Volum of minerals added or subtracted *****
 
 
 **************************************************************
 ------> GRID LOCATION:    11:  1:  1
 
  Temperature (C)    =     25.000
  Porosity           =      0.250
  Liquid Saturation  =      1.000
  Liquid Density     =    997.075
  Ionic Strength     =      0.002
  Solution pH        =      7.999
  Total Charge       = -1.219E-07
 
 Total Aqueous Concentrations of Primary Species 
 --------------------------------------- 
 
   Species              Molality       Type 
 H+                  -1.1250E-06     Aqueous      
 SO4--                5.1621E-04     Aqueous      
 Zn++                 1.0029E-07     Aqueous      
 Pb++                 1.0029E-07     Aqueous      
 Ca++                 1.0029E-10     Aqueous      
 Mg++                 1.0029E-05     Aqueous      
 K+                   1.0029E-05     Aqueous      
 Na+                  1.0029E-03     Aqueous      
 
 Exchangers           Equiv/kgw        Equiv/g solid    Equiv/m^3 bulk
 X-                   4.9623E-02       6.5970E-06       1.2369E+01
 Y-                   5.5136E-03       7.3300E-07       1.3744E+00
 
 Total Concentrations in Exchange Sites 
 -------------------------------------- 
 
 Exchangers           Equiv/kgw        Equiv/g solid    Equiv/m^3 bulk
 Zn++                 3.0992E-04       4.1202E-08       7.7253E-02
 Pb++                 2.4508E-04       3.2582E-08       6.1090E-02
 Ca++                 3.7108E-07       4.9332E-11       9.2498E-05
 Mg++                 2.2622E-02       3.0074E-06       5.6388E+00
 K+                   4.5503E-04       6.0493E-08       1.1342E-01
 Na+                  8.3274E-03       1.1071E-06       2.0758E+00
 
 Concentrations of Individual Species, Exchangers, and Surface Complexes 
 ----------------------------------------------------------------------- 
 
                           Log        Log                 Concentration     
 Species              Molality   Activity      Molality    Mol/m^3 blk  Type
  NaX                   -2.113     -0.809     7.710E-03     1.922E+00  Exchange
  NaY                   -3.210     -0.951     6.173E-04     1.539E-01  Exchange
  KX                    -3.414     -2.109     3.859E-04     9.619E-02  Exchange
  KY                    -4.160     -1.902     6.916E-05     1.724E-02  Exchange
  CaX2                  -6.489     -4.884     3.241E-07     8.079E-05  Exchange
  CaY2                  -7.328     -4.769     4.696E-08     1.171E-05  Exchange
  MgX2                  -1.693     -0.087     2.029E-02     5.057E+00  Exchange
  MgY2                  -2.632     -0.072     2.335E-03     5.820E-01  Exchange
  ZnX2                  -3.568     -1.962     2.707E-04     6.748E-02  Exchange
  ZnY2                  -4.406     -1.847     3.922E-05     9.777E-03  Exchange
  PbX2                  -3.687     -2.082     2.056E-04     5.124E-02  Exchange
  PbY2                  -4.403     -1.844     3.952E-05     9.852E-03  Exchange
                           Log        Log                                 Activity
 Species              Molality   Activity      Molality      Activity   Coefficient    Type
  H+                    -7.981     -7.999     1.045E-08     1.003E-08     9.594E-01  Aqueous 
  SO4--                 -3.290     -3.366     5.132E-04     4.304E-04     8.386E-01  Aqueous 
  Zn++                  -7.108     -7.182     7.801E-08     6.569E-08     8.422E-01  Aqueous 
  Pb++                  -7.472     -7.548     3.374E-08     2.832E-08     8.395E-01  Aqueous 
  Ca++                 -10.030    -10.104     9.340E-11     7.866E-11     8.422E-01  Aqueous 
  Mg++                  -5.035     -5.108     9.228E-06     7.803E-06     8.456E-01  Aqueous 
  K+                    -5.000     -5.019     9.999E-06     9.563E-06     9.564E-01  Aqueous 
  Na+                   -3.000     -3.019     1.001E-03     9.577E-04     9.570E-01  Aqueous 
  OH-                   -5.980     -5.999     1.047E-06     1.002E-06     9.567E-01  Aqueous 
  HSO4-                 -9.359     -9.378     4.376E-10     4.189E-10     9.572E-01  Aqueous 
  CaSO4(aq)            -11.162    -11.161     6.894E-12     6.896E-12     1.000E+00  Aqueous 
  CaOH+                -14.867    -14.886     1.359E-15     1.302E-15     9.580E-01  Aqueous 
  CaHSO4+              -18.381    -18.401     4.159E-19     3.971E-19     9.548E-01  Aqueous 
  KSO4-                 -7.517     -7.536     3.043E-08     2.914E-08     9.577E-01  Aqueous 
  KOH(aq)              -11.481    -11.481     3.305E-12     3.306E-12     1.000E+00  Aqueous 
  MgSO4(aq)             -6.098     -6.098     7.985E-07     7.988E-07     1.000E+00  Aqueous 
  MgOH+                 -8.530     -8.549     2.948E-09     2.825E-09     9.582E-01  Aqueous 
  NaSO4-                -5.666     -5.685     2.157E-06     2.066E-06     9.577E-01  Aqueous 
  NaOH(aq)              -9.819     -9.819     1.518E-10     1.518E-10     1.000E+00  Aqueous 
  PbOH+                 -7.240     -7.259     5.754E-08     5.507E-08     9.570E-01  Aqueous 
  PbSO4(aq)             -8.164     -8.164     6.853E-09     6.855E-09     1.000E+00  Aqueous 
  Pb(OH)2(aq)           -8.671     -8.670     2.135E-09     2.136E-09     1.000E+00  Aqueous 
  Pb(SO4)2--           -10.730    -10.810     1.863E-11     1.548E-11     8.310E-01  Aqueous 
  Pb(OH)3-             -11.593    -11.612     2.555E-12     2.445E-12     9.570E-01  Aqueous 
  Pb2OH+++             -13.287    -13.457     5.164E-14     3.492E-14     6.763E-01  Aqueous 
  Pb(OH)4--            -15.173    -15.253     6.722E-16     5.586E-16     8.310E-01  Aqueous 
  ZnOH+                 -8.124     -8.144     7.509E-09     7.186E-09     9.570E-01  Aqueous 
  ZnSO4(aq)             -8.185     -8.185     6.530E-09     6.532E-09     1.000E+00  Aqueous 
  Zn(OH)2(aq)           -8.085     -8.085     8.219E-09     8.222E-09     1.000E+00  Aqueous 
  Zn(SO4)2--           -10.554    -10.635     2.790E-11     2.319E-11     8.310E-01  Aqueous 
  Zn(OH)3-             -11.567    -11.586     2.709E-12     2.592E-12     9.570E-01  Aqueous 
  Zn(OH)4--            -16.311    -16.388     4.885E-17     4.097E-17     8.386E-01  Aqueous 
 
  ****** Partial pressure of gases (bars) *****
 
 
  ***** Saturation state of minerals (log[Q/K] *****
 
 
 
  ***** Volum of minerals added or subtracted *****
 
 
 **************************************************************
 ------> GRID LOCATION:    12:  1:  1
 
  Temperature (C)    =     25.000
  Porosity           =      0.250
  Liquid Saturation  =      1.000
  Liquid Density     =    997.075
  Ionic Strength     =      0.002
  Solution pH        =      7.999
  Total Charge       = -1.219E-07
 
 Total Aqueous Concentrations of Primary Species 
 --------------------------------------- 
 
   Species              Molality       Type 
 H+                  -1.1250E-06     Aqueous      
 SO4--                5.1621E-04     Aqueous      
 Zn++                 1.0029E-07     Aqueous      
 Pb++                 1.0029E-07     Aqueous      
 Ca++                 1.0029E-10     Aqueous      
 Mg++                 1.0029E-05     Aqueous      
 K+                   1.0029E-05     Aqueous      
 Na+                  1.0029E-03     Aqueous      
 
 Exchangers           Equiv/kgw        Equiv/g solid    Equiv/m^3 bulk
 X-                   4.9623E-02       6.5970E-06       1.2369E+01
 Y-                   5.5136E-03       7.3300E-07       1.3744E+00
 
 Total Concentrations in Exchange Sites 
 -------------------------------------- 
 
 Exchangers           Equiv/kgw        Equiv/g solid    Equiv/m^3 bulk
 Zn++                 3.0992E-04       4.1202E-08       7.7253E-02
 Pb++                 2.4508E-04       3.2582E-08       6.1090E-02
 Ca++                 3.7108E-07       4.9332E-11       9.2498E-05
 Mg++                 2.2622E-02       3.0074E-06       5.6388E+00
 K+                   4.5503E-04       6.0493E-08       1.1342E-01
 Na+                  8.3274E-03       1.1071E-06       2.0758E+00
 
 Concentrations of Individual Species, Exchangers, and Surface Complexes 
 ----------------------------------------------------------------------- 
 
                           Log        Log                 Concentration     
 Species              Molality   Activity      Molality    Mol/m^3 blk  Type
  NaX                   -2.113     -0.809     7.710E-03     1.922E+00  Exchange
  NaY                   -3.210     -0.951     6.173E-04     1.539E-01  Exchange
  KX                    -3.414     -2.109     3.859E-04     9.619E-02  Exchange
  KY                    -4.160     -1.902     6.916E-05     1.724E-02  Exchange
  CaX2                  -6.489     -4.884     3.241E-07     8.079E-05  Exchange
  CaY2                  -7.328     -4.769     4.696E-08     1.171E-05  Exchange
  MgX2                  -1.693     -0.087     2.029E-02     5.057E+00  Exchange
  MgY2                  -2.632     -0.072     2.335E-03     5.820E-01  Exchange
  ZnX2                  -3.568     -1.962     2.707E-04     6.748E-02  Exchange
  ZnY2                  -4.406     -1.847     3.922E-05     9.777E-03  Exchange
  PbX2                  -3.687     -2.082     2.056E-04     5.124E-02  Exchange
  PbY2                  -4.403     -1.844     3.952E-05     9.852E-03  Exchange
                           Log        Log                                 Activity
 Species              Molality   Activity      Molality      Activity   Coefficient    Type
  H+                    -7.981     -7.999     1.045E-08     1.003E-08     9.594E-01  Aqueous 
  SO4--                 -3.290     -3.366     5.132E-04     4.304E-04     8.386E-01  Aqueous 
  Zn++                  -7.108     -7.182     7.801E-08     6.569E-08     8.422E-01  Aqueous 
  Pb++                  -7.472     -7.548     3.374E-08     2.832E-08     8.395E-01  Aqueous 
  Ca++                 -10.030    -10.104     9.340E-11     7.866E-11     8.422E-01  Aqueous 
  Mg++                  -5.035     -5.108     9.228E-06     7.803E-06     8.456E-01  Aqueous 
  K+                    -5.000     -5.019     9.999E-06     9.563E-06     9.564E-01  Aqueous 
  Na+                   -3.000     -3.019     1.001E-03     9.577E-04     9.570E-01  Aqueous 
  OH-                   -5.980     -5.999     1.047E-06     1.002E-06     9.567E-01  Aqueous 
  HSO4-                 -9.359     -9.378     4.376E-10     4.189E-10     9.572E-01  Aqueous 
  CaSO4(aq)            -11.162    -11.161     6.894E-12     6.896E-12     1.000E+00  Aqueous 
  CaOH+                -14.867    -14.886     1.359E-15     1.302E-15     9.580E-01  Aqueous 
  CaHSO4+              -18.381    -18.401     4.159E-19     3.971E-19     9.548E-01  Aqueous 
  KSO4-                 -7.517     -7.536     3.043E-08     2.914E-08     9.577E-01  Aqueous 
  KOH(aq)              -11.481    -11.481     3.305E-12     3.306E-12     1.000E+00  Aqueous 
  MgSO4(aq)             -6.098     -6.098     7.985E-07     7.988E-07     1.000E+00  Aqueous 
  MgOH+                 -8.530     -8.549     2.948E-09     2.825E-09     9.582E-01  Aqueous 
  NaSO4-                -5.666     -5.685     2.157E-06     2.066E-06     9.577E-01  Aqueous 
  NaOH(aq)              -9.819     -9.819     1.518E-10     1.518E-10     1.000E+00  Aqueous 
  PbOH+                 -7.240     -7.259     5.754E-08     5.507E-08     9.570E-01  Aqueous 
  PbSO4(aq)             -8.164     -8.164     6.853E-09     6.855E-09     1.000E+00  Aqueous 
  Pb(OH)2(aq)           -8.671     -8.670     2.135E-09     2.136E-09     1.000E+00  Aqueous 
  Pb(SO4)2--           -10.730    -10.810     1.863E-11     1.548E-11     8.310E-01  Aqueous 
  Pb(OH)3-             -11.593    -11.612     2.555E-12     2.445E-12     9.570E-01  Aqueous 
  Pb2OH+++             -13.287    -13.457     5.164E-14     3.492E-14     6.763E-01  Aqueous 
  Pb(OH)4--            -15.173    -15.253     6.722E-16     5.586E-16     8.310E-01  Aqueous 
  ZnOH+                 -8.124     -8.144     7.509E-09     7.186E-09     9.570E-01  Aqueous 
  ZnSO4(aq)             -8.185     -8.185     6.530E-09     6.532E-09     1.000E+00  Aqueous 
  Zn(OH)2(aq)           -8.085     -8.085     8.219E-09     8.222E-09     1.000E+00  Aqueous 
  Zn(SO4)2--           -10.554    -10.635     2.790E-11     2.319E-11     8.310E-01  Aqueous 
  Zn(OH)3-             -11.567    -11.586     2.709E-12     2.592E-12     9.570E-01  Aqueous 
  Zn(OH)4--            -16.311    -16.388     4.885E-17     4.097E-17     8.386E-01  Aqueous 
 
  ****** Partial pressure of gases (bars) *****
 
 
  ***** Saturation state of minerals (log[Q/K] *****
 
 
 
  ***** Volum of minerals added or subtracted *****
 
 
 **************************************************************
 ------> GRID LOCATION:    13:  1:  1
 
  Temperature (C)    =     25.000
  Porosity           =      0.250
  Liquid Saturation  =      1.000
  Liquid Density     =    997.075
  Ionic Strength     =      0.002
  Solution pH        =      7.999
  Total Charge       = -1.219E-07
 
 Total Aqueous Concentrations of Primary Species 
 --------------------------------------- 
 
   Species              Molality       Type 
 H+                  -1.1250E-06     Aqueous      
 SO4--                5.1621E-04     Aqueous      
 Zn++                 1.0029E-07     Aqueous      
 Pb++                 1.0029E-07     Aqueous      
 Ca++                 1.0029E-10     Aqueous      
 Mg++                 1.0029E-05     Aqueous      
 K+                   1.0029E-05     Aqueous      
 Na+                  1.0029E-03     Aqueous      
 
 Exchangers           Equiv/kgw        Equiv/g solid    Equiv/m^3 bulk
 X-                   4.9623E-02       6.5970E-06       1.2369E+01
 Y-                   5.5136E-03       7.3300E-07       1.3744E+00
 
 Total Concentrations in Exchange Sites 
 -------------------------------------- 
 
 Exchangers           Equiv/kgw        Equiv/g solid    Equiv/m^3 bulk
 Zn++                 3.0992E-04       4.1202E-08       7.7253E-02
 Pb++                 2.4508E-04       3.2582E-08       6.1090E-02
 Ca++                 3.7108E-07       4.9332E-11       9.2498E-05
 Mg++                 2.2622E-02       3.0074E-06       5.6388E+00
 K+                   4.5503E-04       6.0493E-08       1.1342E-01
 Na+                  8.3274E-03       1.1071E-06       2.0758E+00
 
 Concentrations of Individual Species, Exchangers, and Surface Complexes 
 ----------------------------------------------------------------------- 
 
                           Log        Log                 Concentration     
 Species              Molality   Activity      Molality    Mol/m^3 blk  Type
  NaX                   -2.113     -0.809     7.710E-03     1.922E+00  Exchange
  NaY                   -3.210     -0.951     6.173E-04     1.539E-01  Exchange
  KX                    -3.414     -2.109     3.859E-04     9.619E-02  Exchange
  KY                    -4.160     -1.902     6.916E-05     1.724E-02  Exchange
  CaX2                  -6.489     -4.884     3.241E-07     8.079E-05  Exchange
  CaY2                  -7.328     -4.769     4.696E-08     1.171E-05  Exchange
  MgX2                  -1.693     -0.087     2.029E-02     5.057E+00  Exchange
  MgY2                  -2.632     -0.072     2.335E-03     5.820E-01  Exchange
  ZnX2                  -3.568     -1.962     2.707E-04     6.748E-02  Exchange
  ZnY2                  -4.406     -1.847     3.922E-05     9.777E-03  Exchange
  PbX2                  -3.687     -2.082     2.056E-04     5.124E-02  Exchange
  PbY2                  -4.403     -1.844     3.952E-05     9.852E-03  Exchange
                           Log        Log                                 Activity
 Species              Molality   Activity      Molality      Activity   Coefficient    Type
  H+                    -7.981     -7.999     1.045E-08     1.003E-08     9.594E-01  Aqueous 
  SO4--                 -3.290     -3.366     5.132E-04     4.304E-04     8.386E-01  Aqueous 
  Zn++                  -7.108     -7.182     7.801E-08     6.569E-08     8.422E-01  Aqueous 
  Pb++                  -7.472     -7.548     3.374E-08     2.832E-08     8.395E-01  Aqueous 
  Ca++                 -10.030    -10.104     9.340E-11     7.866E-11     8.422E-01  Aqueous 
  Mg++                  -5.035     -5.108     9.228E-06     7.803E-06     8.456E-01  Aqueous 
  K+                    -5.000     -5.019     9.999E-06     9.563E-06     9.564E-01  Aqueous 
  Na+                   -3.000     -3.019     1.001E-03     9.577E-04     9.570E-01  Aqueous 
  OH-                   -5.980     -5.999     1.047E-06     1.002E-06     9.567E-01  Aqueous 
  HSO4-                 -9.359     -9.378     4.376E-10     4.189E-10     9.572E-01  Aqueous 
  CaSO4(aq)            -11.162    -11.161     6.894E-12     6.896E-12     1.000E+00  Aqueous 
  CaOH+                -14.867    -14.886     1.359E-15     1.302E-15     9.580E-01  Aqueous 
  CaHSO4+              -18.381    -18.401     4.159E-19     3.971E-19     9.548E-01  Aqueous 
  KSO4-                 -7.517     -7.536     3.043E-08     2.914E-08     9.577E-01  Aqueous 
  KOH(aq)              -11.481    -11.481     3.305E-12     3.306E-12     1.000E+00  Aqueous 
  MgSO4(aq)             -6.098     -6.098     7.985E-07     7.988E-07     1.000E+00  Aqueous 
  MgOH+                 -8.530     -8.549     2.948E-09     2.825E-09     9.582E-01  Aqueous 
  NaSO4-                -5.666     -5.685     2.157E-06     2.066E-06     9.577E-01  Aqueous 
  NaOH(aq)              -9.819     -9.819     1.518E-10     1.518E-10     1.000E+00  Aqueous 
  PbOH+                 -7.240     -7.259     5.754E-08     5.507E-08     9.570E-01  Aqueous 
  PbSO4(aq)             -8.164     -8.164     6.853E-09     6.855E-09     1.000E+00  Aqueous 
  Pb(OH)2(aq)           -8.671     -8.670     2.135E-09     2.136E-09     1.000E+00  Aqueous 
  Pb(SO4)2--           -10.730    -10.810     1.863E-11     1.548E-11     8.310E-01  Aqueous 
  Pb(OH)3-             -11.593    -11.612     2.555E-12     2.445E-12     9.570E-01  Aqueous 
  Pb2OH+++             -13.287    -13.457     5.164E-14     3.492E-14     6.763E-01  Aqueous 
  Pb(OH)4--            -15.173    -15.253     6.722E-16     5.586E-16     8.310E-01  Aqueous 
  ZnOH+                 -8.124     -8.144     7.509E-09     7.186E-09     9.570E-01  Aqueous 
  ZnSO4(aq)             -8.185     -8.185     6.530E-09     6.532E-09     1.000E+00  Aqueous 
  Zn(OH)2(aq)           -8.085     -8.085     8.219E-09     8.222E-09     1.000E+00  Aqueous 
  Zn(SO4)2--           -10.554    -10.635     2.790E-11     2.319E-11     8.310E-01  Aqueous 
  Zn(OH)3-             -11.567    -11.586     2.709E-12     2.592E-12     9.570E-01  Aqueous 
  Zn(OH)4--            -16.311    -16.388     4.885E-17     4.097E-17     8.386E-01  Aqueous 
 
  ****** Partial pressure of gases (bars) *****
 
 
  ***** Saturation state of minerals (log[Q/K] *****
 
 
 
  ***** Volum of minerals added or subtracted *****
 
 
 **************************************************************
 ------> GRID LOCATION:    14:  1:  1
 
  Temperature (C)    =     25.000
  Porosity           =      0.250
  Liquid Saturation  =      1.000
  Liquid Density     =    997.075
  Ionic Strength     =      0.002
  Solution pH        =      7.999
  Total Charge       = -1.219E-07
 
 Total Aqueous Concentrations of Primary Species 
 --------------------------------------- 
 
   Species              Molality       Type 
 H+                  -1.1250E-06     Aqueous      
 SO4--                5.1621E-04     Aqueous      
 Zn++                 1.0029E-07     Aqueous      
 Pb++                 1.0029E-07     Aqueous      
 Ca++                 1.0029E-10     Aqueous      
 Mg++                 1.0029E-05     Aqueous      
 K+                   1.0029E-05     Aqueous      
 Na+                  1.0029E-03     Aqueous      
 
 Exchangers           Equiv/kgw        Equiv/g solid    Equiv/m^3 bulk
 X-                   4.9623E-02       6.5970E-06       1.2369E+01
 Y-                   5.5136E-03       7.3300E-07       1.3744E+00
 
 Total Concentrations in Exchange Sites 
 -------------------------------------- 
 
 Exchangers           Equiv/kgw        Equiv/g solid    Equiv/m^3 bulk
 Zn++                 3.0992E-04       4.1202E-08       7.7253E-02
 Pb++                 2.4508E-04       3.2582E-08       6.1090E-02
 Ca++                 3.7108E-07       4.9332E-11       9.2498E-05
 Mg++                 2.2622E-02       3.0074E-06       5.6388E+00
 K+                   4.5503E-04       6.0493E-08       1.1342E-01
 Na+                  8.3274E-03       1.1071E-06       2.0758E+00
 
 Concentrations of Individual Species, Exchangers, and Surface Complexes 
 ----------------------------------------------------------------------- 
 
                           Log        Log                 Concentration     
 Species              Molality   Activity      Molality    Mol/m^3 blk  Type
  NaX                   -2.113     -0.809     7.710E-03     1.922E+00  Exchange
  NaY                   -3.210     -0.951     6.173E-04     1.539E-01  Exchange
  KX                    -3.414     -2.109     3.859E-04     9.619E-02  Exchange
  KY                    -4.160     -1.902     6.916E-05     1.724E-02  Exchange
  CaX2                  -6.489     -4.884     3.241E-07     8.079E-05  Exchange
  CaY2                  -7.328     -4.769     4.696E-08     1.171E-05  Exchange
  MgX2                  -1.693     -0.087     2.029E-02     5.057E+00  Exchange
  MgY2                  -2.632     -0.072     2.335E-03     5.820E-01  Exchange
  ZnX2                  -3.568     -1.962     2.707E-04     6.748E-02  Exchange
  ZnY2                  -4.406     -1.847     3.922E-05     9.777E-03  Exchange
  PbX2                  -3.687     -2.082     2.056E-04     5.124E-02  Exchange
  PbY2                  -4.403     -1.844     3.952E-05     9.852E-03  Exchange
                           Log        Log                                 Activity
 Species              Molality   Activity      Molality      Activity   Coefficient    Type
  H+                    -7.981     -7.999     1.045E-08     1.003E-08     9.594E-01  Aqueous 
  SO4--                 -3.290     -3.366     5.132E-04     4.304E-04     8.386E-01  Aqueous 
  Zn++                  -7.108     -7.182     7.801E-08     6.569E-08     8.422E-01  Aqueous 
  Pb++                  -7.472     -7.548     3.374E-08     2.832E-08     8.395E-01  Aqueous 
  Ca++                 -10.030    -10.104     9.340E-11     7.866E-11     8.422E-01  Aqueous 
  Mg++                  -5.035     -5.108     9.228E-06     7.803E-06     8.456E-01  Aqueous 
  K+                    -5.000     -5.019     9.999E-06     9.563E-06     9.564E-01  Aqueous 
  Na+                   -3.000     -3.019     1.001E-03     9.577E-04     9.570E-01  Aqueous 
  OH-                   -5.980     -5.999     1.047E-06     1.002E-06     9.567E-01  Aqueous 
  HSO4-                 -9.359     -9.378     4.376E-10     4.189E-10     9.572E-01  Aqueous 
  CaSO4(aq)            -11.162    -11.161     6.894E-12     6.896E-12     1.000E+00  Aqueous 
  CaOH+                -14.867    -14.886     1.359E-15     1.302E-15     9.580E-01  Aqueous 
  CaHSO4+              -18.381    -18.401     4.159E-19     3.971E-19     9.548E-01  Aqueous 
  KSO4-                 -7.517     -7.536     3.043E-08     2.914E-08     9.577E-01  Aqueous 
  KOH(aq)              -11.481    -11.481     3.305E-12     3.306E-12     1.000E+00  Aqueous 
  MgSO4(aq)             -6.098     -6.098     7.985E-07     7.988E-07     1.000E+00  Aqueous 
  MgOH+                 -8.530     -8.549     2.948E-09     2.825E-09     9.582E-01  Aqueous 
  NaSO4-                -5.666     -5.685     2.157E-06     2.066E-06     9.577E-01  Aqueous 
  NaOH(aq)              -9.819     -9.819     1.518E-10     1.518E-10     1.000E+00  Aqueous 
  PbOH+                 -7.240     -7.259     5.754E-08     5.507E-08     9.570E-01  Aqueous 
  PbSO4(aq)             -8.164     -8.164     6.853E-09     6.855E-09     1.000E+00  Aqueous 
  Pb(OH)2(aq)           -8.671     -8.670     2.135E-09     2.136E-09     1.000E+00  Aqueous 
  Pb(SO4)2--           -10.730    -10.810     1.863E-11     1.548E-11     8.310E-01  Aqueous 
  Pb(OH)3-             -11.593    -11.612     2.555E-12     2.445E-12     9.570E-01  Aqueous 
  Pb2OH+++             -13.287    -13.457     5.164E-14     3.492E-14     6.763E-01  Aqueous 
  Pb(OH)4--            -15.173    -15.253     6.722E-16     5.586E-16     8.310E-01  Aqueous 
  ZnOH+                 -8.124     -8.144     7.509E-09     7.186E-09     9.570E-01  Aqueous 
  ZnSO4(aq)             -8.185     -8.185     6.530E-09     6.532E-09     1.000E+00  Aqueous 
  Zn(OH)2(aq)           -8.085     -8.085     8.219E-09     8.222E-09     1.000E+00  Aqueous 
  Zn(SO4)2--           -10.554    -10.635     2.790E-11     2.319E-11     8.310E-01  Aqueous 
  Zn(OH)3-             -11.567    -11.586     2.709E-12     2.592E-12     9.570E-01  Aqueous 
  Zn(OH)4--            -16.311    -16.388     4.885E-17     4.097E-17     8.386E-01  Aqueous 
 
  ****** Partial pressure of gases (bars) *****
 
 
  ***** Saturation state of minerals (log[Q/K] *****
 
 
 
  ***** Volum of minerals added or subtracted *****
 
 
 **************************************************************
 ------> GRID LOCATION:    15:  1:  1
 
  Temperature (C)    =     25.000
  Porosity           =      0.250
  Liquid Saturation  =      1.000
  Liquid Density     =    997.075
  Ionic Strength     =      0.002
  Solution pH        =      7.999
  Total Charge       = -1.219E-07
 
 Total Aqueous Concentrations of Primary Species 
 --------------------------------------- 
 
   Species              Molality       Type 
 H+                  -1.1250E-06     Aqueous      
 SO4--                5.1621E-04     Aqueous      
 Zn++                 1.0029E-07     Aqueous      
 Pb++                 1.0029E-07     Aqueous      
 Ca++                 1.0029E-10     Aqueous      
 Mg++                 1.0029E-05     Aqueous      
 K+                   1.0029E-05     Aqueous      
 Na+                  1.0029E-03     Aqueous      
 
 Exchangers           Equiv/kgw        Equiv/g solid    Equiv/m^3 bulk
 X-                   4.9623E-02       6.5970E-06       1.2369E+01
 Y-                   5.5136E-03       7.3300E-07       1.3744E+00
 
 Total Concentrations in Exchange Sites 
 -------------------------------------- 
 
 Exchangers           Equiv/kgw        Equiv/g solid    Equiv/m^3 bulk
 Zn++                 3.0992E-04       4.1202E-08       7.7253E-02
 Pb++                 2.4508E-04       3.2582E-08       6.1090E-02
 Ca++                 3.7108E-07       4.9332E-11       9.2498E-05
 Mg++                 2.2622E-02       3.0074E-06       5.6388E+00
 K+                   4.5503E-04       6.0493E-08       1.1342E-01
 Na+                  8.3274E-03       1.1071E-06       2.0758E+00
 
 Concentrations of Individual Species, Exchangers, and Surface Complexes 
 ----------------------------------------------------------------------- 
 
                           Log        Log                 Concentration     
 Species              Molality   Activity      Molality    Mol/m^3 blk  Type
  NaX                   -2.113     -0.809     7.710E-03     1.922E+00  Exchange
  NaY                   -3.210     -0.951     6.173E-04     1.539E-01  Exchange
  KX                    -3.414     -2.109     3.859E-04     9.619E-02  Exchange
  KY                    -4.160     -1.902     6.916E-05     1.724E-02  Exchange
  CaX2                  -6.489     -4.884     3.241E-07     8.079E-05  Exchange
  CaY2                  -7.328     -4.769     4.696E-08     1.171E-05  Exchange
  MgX2                  -1.693     -0.087     2.029E-02     5.057E+00  Exchange
  MgY2                  -2.632     -0.072     2.335E-03     5.820E-01  Exchange
  ZnX2                  -3.568     -1.962     2.707E-04     6.748E-02  Exchange
  ZnY2                  -4.406     -1.847     3.922E-05     9.777E-03  Exchange
  PbX2                  -3.687     -2.082     2.056E-04     5.124E-02  Exchange
  PbY2                  -4.403     -1.844     3.952E-05     9.852E-03  Exchange
                           Log        Log                                 Activity
 Species              Molality   Activity      Molality      Activity   Coefficient    Type
  H+                    -7.981     -7.999     1.045E-08     1.003E-08     9.594E-01  Aqueous 
  SO4--                 -3.290     -3.366     5.132E-04     4.304E-04     8.386E-01  Aqueous 
  Zn++                  -7.108     -7.182     7.801E-08     6.569E-08     8.422E-01  Aqueous 
  Pb++                  -7.472     -7.548     3.374E-08     2.832E-08     8.395E-01  Aqueous 
  Ca++                 -10.030    -10.104     9.340E-11     7.866E-11     8.422E-01  Aqueous 
  Mg++                  -5.035     -5.108     9.228E-06     7.803E-06     8.456E-01  Aqueous 
  K+                    -5.000     -5.019     9.999E-06     9.563E-06     9.564E-01  Aqueous 
  Na+                   -3.000     -3.019     1.001E-03     9.577E-04     9.570E-01  Aqueous 
  OH-                   -5.980     -5.999     1.047E-06     1.002E-06     9.567E-01  Aqueous 
  HSO4-                 -9.359     -9.378     4.376E-10     4.189E-10     9.572E-01  Aqueous 
  CaSO4(aq)            -11.162    -11.161     6.894E-12     6.896E-12     1.000E+00  Aqueous 
  CaOH+                -14.867    -14.886     1.359E-15     1.302E-15     9.580E-01  Aqueous 
  CaHSO4+              -18.381    -18.401     4.159E-19     3.971E-19     9.548E-01  Aqueous 
  KSO4-                 -7.517     -7.536     3.043E-08     2.914E-08     9.577E-01  Aqueous 
  KOH(aq)              -11.481    -11.481     3.305E-12     3.306E-12     1.000E+00  Aqueous 
  MgSO4(aq)             -6.098     -6.098     7.985E-07     7.988E-07     1.000E+00  Aqueous 
  MgOH+                 -8.530     -8.549     2.948E-09     2.825E-09     9.582E-01  Aqueous 
  NaSO4-                -5.666     -5.685     2.157E-06     2.066E-06     9.577E-01  Aqueous 
  NaOH(aq)              -9.819     -9.819     1.518E-10     1.518E-10     1.000E+00  Aqueous 
  PbOH+                 -7.240     -7.259     5.754E-08     5.507E-08     9.570E-01  Aqueous 
  PbSO4(aq)             -8.164     -8.164     6.853E-09     6.855E-09     1.000E+00  Aqueous 
  Pb(OH)2(aq)           -8.671     -8.670     2.135E-09     2.136E-09     1.000E+00  Aqueous 
  Pb(SO4)2--           -10.730    -10.810     1.863E-11     1.548E-11     8.310E-01  Aqueous 
  Pb(OH)3-             -11.593    -11.612     2.555E-12     2.445E-12     9.570E-01  Aqueous 
  Pb2OH+++             -13.287    -13.457     5.164E-14     3.492E-14     6.763E-01  Aqueous 
  Pb(OH)4--            -15.173    -15.253     6.722E-16     5.586E-16     8.310E-01  Aqueous 
  ZnOH+                 -8.124     -8.144     7.509E-09     7.186E-09     9.570E-01  Aqueous 
  ZnSO4(aq)             -8.185     -8.185     6.530E-09     6.532E-09     1.000E+00  Aqueous 
  Zn(OH)2(aq)           -8.085     -8.085     8.219E-09     8.222E-09     1.000E+00  Aqueous 
  Zn(SO4)2--           -10.554    -10.635     2.790E-11     2.319E-11     8.310E-01  Aqueous 
  Zn(OH)3-             -11.567    -11.586     2.709E-12     2.592E-12     9.570E-01  Aqueous 
  Zn(OH)4--            -16.311    -16.388     4.885E-17     4.097E-17     8.386E-01  Aqueous 
 
  ****** Partial pressure of gases (bars) *****
 
 
  ***** Saturation state of minerals (log[Q/K] *****
 
 
 
  ***** Volum of minerals added or subtracted *****
 
 
 **************************************************************
 ------> GRID LOCATION:    16:  1:  1
 
  Temperature (C)    =     25.000
  Porosity           =      0.250
  Liquid Saturation  =      1.000
  Liquid Density     =    997.075
  Ionic Strength     =      0.002
  Solution pH        =      7.999
  Total Charge       = -1.219E-07
 
 Total Aqueous Concentrations of Primary Species 
 --------------------------------------- 
 
   Species              Molality       Type 
 H+                  -1.1250E-06     Aqueous      
 SO4--                5.1621E-04     Aqueous      
 Zn++                 1.0029E-07     Aqueous      
 Pb++                 1.0029E-07     Aqueous      
 Ca++                 1.0029E-10     Aqueous      
 Mg++                 1.0029E-05     Aqueous      
 K+                   1.0029E-05     Aqueous      
 Na+                  1.0029E-03     Aqueous      
 
 Exchangers           Equiv/kgw        Equiv/g solid    Equiv/m^3 bulk
 X-                   4.9623E-02       6.5970E-06       1.2369E+01
 Y-                   5.5136E-03       7.3300E-07       1.3744E+00
 
 Total Concentrations in Exchange Sites 
 -------------------------------------- 
 
 Exchangers           Equiv/kgw        Equiv/g solid    Equiv/m^3 bulk
 Zn++                 3.0992E-04       4.1202E-08       7.7253E-02
 Pb++                 2.4508E-04       3.2582E-08       6.1090E-02
 Ca++                 3.7108E-07       4.9332E-11       9.2498E-05
 Mg++                 2.2622E-02       3.0074E-06       5.6388E+00
 K+                   4.5503E-04       6.0493E-08       1.1342E-01
 Na+                  8.3274E-03       1.1071E-06       2.0758E+00
 
 Concentrations of Individual Species, Exchangers, and Surface Complexes 
 ----------------------------------------------------------------------- 
 
                           Log        Log                 Concentration     
 Species              Molality   Activity      Molality    Mol/m^3 blk  Type
  NaX                   -2.113     -0.809     7.710E-03     1.922E+00  Exchange
  NaY                   -3.210     -0.951     6.173E-04     1.539E-01  Exchange
  KX                    -3.414     -2.109     3.859E-04     9.619E-02  Exchange
  KY                    -4.160     -1.902     6.916E-05     1.724E-02  Exchange
  CaX2                  -6.489     -4.884     3.241E-07     8.079E-05  Exchange
  CaY2                  -7.328     -4.769     4.696E-08     1.171E-05  Exchange
  MgX2                  -1.693     -0.087     2.029E-02     5.057E+00  Exchange
  MgY2                  -2.632     -0.072     2.335E-03     5.820E-01  Exchange
  ZnX2                  -3.568     -1.962     2.707E-04     6.748E-02  Exchange
  ZnY2                  -4.406     -1.847     3.922E-05     9.777E-03  Exchange
  PbX2                  -3.687     -2.082     2.056E-04     5.124E-02  Exchange
  PbY2                  -4.403     -1.844     3.952E-05     9.852E-03  Exchange
                           Log        Log                                 Activity
 Species              Molality   Activity      Molality      Activity   Coefficient    Type
  H+                    -7.981     -7.999     1.045E-08     1.003E-08     9.594E-01  Aqueous 
  SO4--                 -3.290     -3.366     5.132E-04     4.304E-04     8.386E-01  Aqueous 
  Zn++                  -7.108     -7.182     7.801E-08     6.569E-08     8.422E-01  Aqueous 
  Pb++                  -7.472     -7.548     3.374E-08     2.832E-08     8.395E-01  Aqueous 
  Ca++                 -10.030    -10.104     9.340E-11     7.866E-11     8.422E-01  Aqueous 
  Mg++                  -5.035     -5.108     9.228E-06     7.803E-06     8.456E-01  Aqueous 
  K+                    -5.000     -5.019     9.999E-06     9.563E-06     9.564E-01  Aqueous 
  Na+                   -3.000     -3.019     1.001E-03     9.577E-04     9.570E-01  Aqueous 
  OH-                   -5.980     -5.999     1.047E-06     1.002E-06     9.567E-01  Aqueous 
  HSO4-                 -9.359     -9.378     4.376E-10     4.189E-10     9.572E-01  Aqueous 
  CaSO4(aq)            -11.162    -11.161     6.894E-12     6.896E-12     1.000E+00  Aqueous 
  CaOH+                -14.867    -14.886     1.359E-15     1.302E-15     9.580E-01  Aqueous 
  CaHSO4+              -18.381    -18.401     4.159E-19     3.971E-19     9.548E-01  Aqueous 
  KSO4-                 -7.517     -7.536     3.043E-08     2.914E-08     9.577E-01  Aqueous 
  KOH(aq)              -11.481    -11.481     3.305E-12     3.306E-12     1.000E+00  Aqueous 
  MgSO4(aq)             -6.098     -6.098     7.985E-07     7.988E-07     1.000E+00  Aqueous 
  MgOH+                 -8.530     -8.549     2.948E-09     2.825E-09     9.582E-01  Aqueous 
  NaSO4-                -5.666     -5.685     2.157E-06     2.066E-06     9.577E-01  Aqueous 
  NaOH(aq)              -9.819     -9.819     1.518E-10     1.518E-10     1.000E+00  Aqueous 
  PbOH+                 -7.240     -7.259     5.754E-08     5.507E-08     9.570E-01  Aqueous 
  PbSO4(aq)             -8.164     -8.164     6.853E-09     6.855E-09     1.000E+00  Aqueous 
  Pb(OH)2(aq)           -8.671     -8.670     2.135E-09     2.136E-09     1.000E+00  Aqueous 
  Pb(SO4)2--           -10.730    -10.810     1.863E-11     1.548E-11     8.310E-01  Aqueous 
  Pb(OH)3-             -11.593    -11.612     2.555E-12     2.445E-12     9.570E-01  Aqueous 
  Pb2OH+++             -13.287    -13.457     5.164E-14     3.492E-14     6.763E-01  Aqueous 
  Pb(OH)4--            -15.173    -15.253     6.722E-16     5.586E-16     8.310E-01  Aqueous 
  ZnOH+                 -8.124     -8.144     7.509E-09     7.186E-09     9.570E-01  Aqueous 
  ZnSO4(aq)             -8.185     -8.185     6.530E-09     6.532E-09     1.000E+00  Aqueous 
  Zn(OH)2(aq)           -8.085     -8.085     8.219E-09     8.222E-09     1.000E+00  Aqueous 
  Zn(SO4)2--           -10.554    -10.635     2.790E-11     2.319E-11     8.310E-01  Aqueous 
  Zn(OH)3-             -11.567    -11.586     2.709E-12     2.592E-12     9.570E-01  Aqueous 
  Zn(OH)4--            -16.311    -16.388     4.885E-17     4.097E-17     8.386E-01  Aqueous 
 
  ****** Partial pressure of gases (bars) *****
 
 
  ***** Saturation state of minerals (log[Q/K] *****
 
 
 
  ***** Volum of minerals added or subtracted *****
 
 
 **************************************************************
 ------> GRID LOCATION:    17:  1:  1
 
  Temperature (C)    =     25.000
  Porosity           =      0.250
  Liquid Saturation  =      1.000
  Liquid Density     =    997.075
  Ionic Strength     =      0.002
  Solution pH        =      7.999
  Total Charge       = -1.219E-07
 
 Total Aqueous Concentrations of Primary Species 
 --------------------------------------- 
 
   Species              Molality       Type 
 H+                  -1.1250E-06     Aqueous      
 SO4--                5.1621E-04     Aqueous      
 Zn++                 1.0029E-07     Aqueous      
 Pb++                 1.0029E-07     Aqueous      
 Ca++                 1.0029E-10     Aqueous      
 Mg++                 1.0029E-05     Aqueous      
 K+                   1.0029E-05     Aqueous      
 Na+                  1.0029E-03     Aqueous      
 
 Exchangers           Equiv/kgw        Equiv/g solid    Equiv/m^3 bulk
 X-                   4.9623E-02       6.5970E-06       1.2369E+01
 Y-                   5.5136E-03       7.3300E-07       1.3744E+00
 
 Total Concentrations in Exchange Sites 
 -------------------------------------- 
 
 Exchangers           Equiv/kgw        Equiv/g solid    Equiv/m^3 bulk
 Zn++                 3.0992E-04       4.1202E-08       7.7253E-02
 Pb++                 2.4508E-04       3.2582E-08       6.1090E-02
 Ca++                 3.7108E-07       4.9332E-11       9.2498E-05
 Mg++                 2.2622E-02       3.0074E-06       5.6388E+00
 K+                   4.5503E-04       6.0493E-08       1.1342E-01
 Na+                  8.3274E-03       1.1071E-06       2.0758E+00
 
 Concentrations of Individual Species, Exchangers, and Surface Complexes 
 ----------------------------------------------------------------------- 
 
                           Log        Log                 Concentration     
 Species              Molality   Activity      Molality    Mol/m^3 blk  Type
  NaX                   -2.113     -0.809     7.710E-03     1.922E+00  Exchange
  NaY                   -3.210     -0.951     6.173E-04     1.539E-01  Exchange
  KX                    -3.414     -2.109     3.859E-04     9.619E-02  Exchange
  KY                    -4.160     -1.902     6.916E-05     1.724E-02  Exchange
  CaX2                  -6.489     -4.884     3.241E-07     8.079E-05  Exchange
  CaY2                  -7.328     -4.769     4.696E-08     1.171E-05  Exchange
  MgX2                  -1.693     -0.087     2.029E-02     5.057E+00  Exchange
  MgY2                  -2.632     -0.072     2.335E-03     5.820E-01  Exchange
  ZnX2                  -3.568     -1.962     2.707E-04     6.748E-02  Exchange
  ZnY2                  -4.406     -1.847     3.922E-05     9.777E-03  Exchange
  PbX2                  -3.687     -2.082     2.056E-04     5.124E-02  Exchange
  PbY2                  -4.403     -1.844     3.952E-05     9.852E-03  Exchange
                           Log        Log                                 Activity
 Species              Molality   Activity      Molality      Activity   Coefficient    Type
  H+                    -7.981     -7.999     1.045E-08     1.003E-08     9.594E-01  Aqueous 
  SO4--                 -3.290     -3.366     5.132E-04     4.304E-04     8.386E-01  Aqueous 
  Zn++                  -7.108     -7.182     7.801E-08     6.569E-08     8.422E-01  Aqueous 
  Pb++                  -7.472     -7.548     3.374E-08     2.832E-08     8.395E-01  Aqueous 
  Ca++                 -10.030    -10.104     9.340E-11     7.866E-11     8.422E-01  Aqueous 
  Mg++                  -5.035     -5.108     9.228E-06     7.803E-06     8.456E-01  Aqueous 
  K+                    -5.000     -5.019     9.999E-06     9.563E-06     9.564E-01  Aqueous 
  Na+                   -3.000     -3.019     1.001E-03     9.577E-04     9.570E-01  Aqueous 
  OH-                   -5.980     -5.999     1.047E-06     1.002E-06     9.567E-01  Aqueous 
  HSO4-                 -9.359     -9.378     4.376E-10     4.189E-10     9.572E-01  Aqueous 
  CaSO4(aq)            -11.162    -11.161     6.894E-12     6.896E-12     1.000E+00  Aqueous 
  CaOH+                -14.867    -14.886     1.359E-15     1.302E-15     9.580E-01  Aqueous 
  CaHSO4+              -18.381    -18.401     4.159E-19     3.971E-19     9.548E-01  Aqueous 
  KSO4-                 -7.517     -7.536     3.043E-08     2.914E-08     9.577E-01  Aqueous 
  KOH(aq)              -11.481    -11.481     3.305E-12     3.306E-12     1.000E+00  Aqueous 
  MgSO4(aq)             -6.098     -6.098     7.985E-07     7.988E-07     1.000E+00  Aqueous 
  MgOH+                 -8.530     -8.549     2.948E-09     2.825E-09     9.582E-01  Aqueous 
  NaSO4-                -5.666     -5.685     2.157E-06     2.066E-06     9.577E-01  Aqueous 
  NaOH(aq)              -9.819     -9.819     1.518E-10     1.518E-10     1.000E+00  Aqueous 
  PbOH+                 -7.240     -7.259     5.754E-08     5.507E-08     9.570E-01  Aqueous 
  PbSO4(aq)             -8.164     -8.164     6.853E-09     6.855E-09     1.000E+00  Aqueous 
  Pb(OH)2(aq)           -8.671     -8.670     2.135E-09     2.136E-09     1.000E+00  Aqueous 
  Pb(SO4)2--           -10.730    -10.810     1.863E-11     1.548E-11     8.310E-01  Aqueous 
  Pb(OH)3-             -11.593    -11.612     2.555E-12     2.445E-12     9.570E-01  Aqueous 
  Pb2OH+++             -13.287    -13.457     5.164E-14     3.492E-14     6.763E-01  Aqueous 
  Pb(OH)4--            -15.173    -15.253     6.722E-16     5.586E-16     8.310E-01  Aqueous 
  ZnOH+                 -8.124     -8.144     7.509E-09     7.186E-09     9.570E-01  Aqueous 
  ZnSO4(aq)             -8.185     -8.185     6.530E-09     6.532E-09     1.000E+00  Aqueous 
  Zn(OH)2(aq)           -8.085     -8.085     8.219E-09     8.222E-09     1.000E+00  Aqueous 
  Zn(SO4)2--           -10.554    -10.635     2.790E-11     2.319E-11     8.310E-01  Aqueous 
  Zn(OH)3-             -11.567    -11.586     2.709E-12     2.592E-12     9.570E-01  Aqueous 
  Zn(OH)4--            -16.311    -16.388     4.885E-17     4.097E-17     8.386E-01  Aqueous 
 
  ****** Partial pressure of gases (bars) *****
 
 
  ***** Saturation state of minerals (log[Q/K] *****
 
 
 
  ***** Volum of minerals added or subtracted *****
 
 
 **************************************************************
 ------> GRID LOCATION:    18:  1:  1
 
  Temperature (C)    =     25.000
  Porosity           =      0.250
  Liquid Saturation  =      1.000
  Liquid Density     =    997.075
  Ionic Strength     =      0.002
  Solution pH        =      7.999
  Total Charge       = -1.219E-07
 
 Total Aqueous Concentrations of Primary Species 
 --------------------------------------- 
 
   Species              Molality       Type 
 H+                  -1.1250E-06     Aqueous      
 SO4--                5.1621E-04     Aqueous      
 Zn++                 1.0029E-07     Aqueous      
 Pb++                 1.0029E-07     Aqueous      
 Ca++                 1.0029E-10     Aqueous      
 Mg++                 1.0029E-05     Aqueous      
 K+                   1.0029E-05     Aqueous      
 Na+                  1.0029E-03     Aqueous      
 
 Exchangers           Equiv/kgw        Equiv/g solid    Equiv/m^3 bulk
 X-                   4.9623E-02       6.5970E-06       1.2369E+01
 Y-                   5.5136E-03       7.3300E-07       1.3744E+00
 
 Total Concentrations in Exchange Sites 
 -------------------------------------- 
 
 Exchangers           Equiv/kgw        Equiv/g solid    Equiv/m^3 bulk
 Zn++                 3.0992E-04       4.1202E-08       7.7253E-02
 Pb++                 2.4508E-04       3.2582E-08       6.1090E-02
 Ca++                 3.7108E-07       4.9332E-11       9.2498E-05
 Mg++                 2.2622E-02       3.0074E-06       5.6388E+00
 K+                   4.5503E-04       6.0493E-08       1.1342E-01
 Na+                  8.3274E-03       1.1071E-06       2.0758E+00
 
 Concentrations of Individual Species, Exchangers, and Surface Complexes 
 ----------------------------------------------------------------------- 
 
                           Log        Log                 Concentration     
 Species              Molality   Activity      Molality    Mol/m^3 blk  Type
  NaX                   -2.113     -0.809     7.710E-03     1.922E+00  Exchange
  NaY                   -3.210     -0.951     6.173E-04     1.539E-01  Exchange
  KX                    -3.414     -2.109     3.859E-04     9.619E-02  Exchange
  KY                    -4.160     -1.902     6.916E-05     1.724E-02  Exchange
  CaX2                  -6.489     -4.884     3.241E-07     8.079E-05  Exchange
  CaY2                  -7.328     -4.769     4.696E-08     1.171E-05  Exchange
  MgX2                  -1.693     -0.087     2.029E-02     5.057E+00  Exchange
  MgY2                  -2.632     -0.072     2.335E-03     5.820E-01  Exchange
  ZnX2                  -3.568     -1.962     2.707E-04     6.748E-02  Exchange
  ZnY2                  -4.406     -1.847     3.922E-05     9.777E-03  Exchange
  PbX2                  -3.687     -2.082     2.056E-04     5.124E-02  Exchange
  PbY2                  -4.403     -1.844     3.952E-05     9.852E-03  Exchange
                           Log        Log                                 Activity
 Species              Molality   Activity      Molality      Activity   Coefficient    Type
  H+                    -7.981     -7.999     1.045E-08     1.003E-08     9.594E-01  Aqueous 
  SO4--                 -3.290     -3.366     5.132E-04     4.304E-04     8.386E-01  Aqueous 
  Zn++                  -7.108     -7.182     7.801E-08     6.569E-08     8.422E-01  Aqueous 
  Pb++                  -7.472     -7.548     3.374E-08     2.832E-08     8.395E-01  Aqueous 
  Ca++                 -10.030    -10.104     9.340E-11     7.866E-11     8.422E-01  Aqueous 
  Mg++                  -5.035     -5.108     9.228E-06     7.803E-06     8.456E-01  Aqueous 
  K+                    -5.000     -5.019     9.999E-06     9.563E-06     9.564E-01  Aqueous 
  Na+                   -3.000     -3.019     1.001E-03     9.577E-04     9.570E-01  Aqueous 
  OH-                   -5.980     -5.999     1.047E-06     1.002E-06     9.567E-01  Aqueous 
  HSO4-                 -9.359     -9.378     4.376E-10     4.189E-10     9.572E-01  Aqueous 
  CaSO4(aq)            -11.162    -11.161     6.894E-12     6.896E-12     1.000E+00  Aqueous 
  CaOH+                -14.867    -14.886     1.359E-15     1.302E-15     9.580E-01  Aqueous 
  CaHSO4+              -18.381    -18.401     4.159E-19     3.971E-19     9.548E-01  Aqueous 
  KSO4-                 -7.517     -7.536     3.043E-08     2.914E-08     9.577E-01  Aqueous 
  KOH(aq)              -11.481    -11.481     3.305E-12     3.306E-12     1.000E+00  Aqueous 
  MgSO4(aq)             -6.098     -6.098     7.985E-07     7.988E-07     1.000E+00  Aqueous 
  MgOH+                 -8.530     -8.549     2.948E-09     2.825E-09     9.582E-01  Aqueous 
  NaSO4-                -5.666     -5.685     2.157E-06     2.066E-06     9.577E-01  Aqueous 
  NaOH(aq)              -9.819     -9.819     1.518E-10     1.518E-10     1.000E+00  Aqueous 
  PbOH+                 -7.240     -7.259     5.754E-08     5.507E-08     9.570E-01  Aqueous 
  PbSO4(aq)             -8.164     -8.164     6.853E-09     6.855E-09     1.000E+00  Aqueous 
  Pb(OH)2(aq)           -8.671     -8.670     2.135E-09     2.136E-09     1.000E+00  Aqueous 
  Pb(SO4)2--           -10.730    -10.810     1.863E-11     1.548E-11     8.310E-01  Aqueous 
  Pb(OH)3-             -11.593    -11.612     2.555E-12     2.445E-12     9.570E-01  Aqueous 
  Pb2OH+++             -13.287    -13.457     5.164E-14     3.492E-14     6.763E-01  Aqueous 
  Pb(OH)4--            -15.173    -15.253     6.722E-16     5.586E-16     8.310E-01  Aqueous 
  ZnOH+                 -8.124     -8.144     7.509E-09     7.186E-09     9.570E-01  Aqueous 
  ZnSO4(aq)             -8.185     -8.185     6.530E-09     6.532E-09     1.000E+00  Aqueous 
  Zn(OH)2(aq)           -8.085     -8.085     8.219E-09     8.222E-09     1.000E+00  Aqueous 
  Zn(SO4)2--           -10.554    -10.635     2.790E-11     2.319E-11     8.310E-01  Aqueous 
  Zn(OH)3-             -11.567    -11.586     2.709E-12     2.592E-12     9.570E-01  Aqueous 
  Zn(OH)4--            -16.311    -16.388     4.885E-17     4.097E-17     8.386E-01  Aqueous 
 
  ****** Partial pressure of gases (bars) *****
 
 
  ***** Saturation state of minerals (log[Q/K] *****
 
 
 
  ***** Volum of minerals added or subtracted *****
 
 
 **************************************************************
 ------> GRID LOCATION:    19:  1:  1
 
  Temperature (C)    =     25.000
  Porosity           =      0.250
  Liquid Saturation  =      1.000
  Liquid Density     =    997.075
  Ionic Strength     =      0.002
  Solution pH        =      7.999
  Total Charge       = -1.219E-07
 
 Total Aqueous Concentrations of Primary Species 
 --------------------------------------- 
 
   Species              Molality       Type 
 H+                  -1.1250E-06     Aqueous      
 SO4--                5.1621E-04     Aqueous      
 Zn++                 1.0029E-07     Aqueous      
 Pb++                 1.0029E-07     Aqueous      
 Ca++                 1.0029E-10     Aqueous      
 Mg++                 1.0029E-05     Aqueous      
 K+                   1.0029E-05     Aqueous      
 Na+                  1.0029E-03     Aqueous      
 
 Exchangers           Equiv/kgw        Equiv/g solid    Equiv/m^3 bulk
 X-                   4.9623E-02       6.5970E-06       1.2369E+01
 Y-                   5.5136E-03       7.3300E-07       1.3744E+00
 
 Total Concentrations in Exchange Sites 
 -------------------------------------- 
 
 Exchangers           Equiv/kgw        Equiv/g solid    Equiv/m^3 bulk
 Zn++                 3.0992E-04       4.1202E-08       7.7253E-02
 Pb++                 2.4508E-04       3.2582E-08       6.1090E-02
 Ca++                 3.7108E-07       4.9332E-11       9.2498E-05
 Mg++                 2.2622E-02       3.0074E-06       5.6388E+00
 K+                   4.5503E-04       6.0493E-08       1.1342E-01
 Na+                  8.3274E-03       1.1071E-06       2.0758E+00
 
 Concentrations of Individual Species, Exchangers, and Surface Complexes 
 ----------------------------------------------------------------------- 
 
                           Log        Log                 Concentration     
 Species              Molality   Activity      Molality    Mol/m^3 blk  Type
  NaX                   -2.113     -0.809     7.710E-03     1.922E+00  Exchange
  NaY                   -3.210     -0.951     6.173E-04     1.539E-01  Exchange
  KX                    -3.414     -2.109     3.859E-04     9.619E-02  Exchange
  KY                    -4.160     -1.902     6.916E-05     1.724E-02  Exchange
  CaX2                  -6.489     -4.884     3.241E-07     8.079E-05  Exchange
  CaY2                  -7.328     -4.769     4.696E-08     1.171E-05  Exchange
  MgX2                  -1.693     -0.087     2.029E-02     5.057E+00  Exchange
  MgY2                  -2.632     -0.072     2.335E-03     5.820E-01  Exchange
  ZnX2                  -3.568     -1.962     2.707E-04     6.748E-02  Exchange
  ZnY2                  -4.406     -1.847     3.922E-05     9.777E-03  Exchange
  PbX2                  -3.687     -2.082     2.056E-04     5.124E-02  Exchange
  PbY2                  -4.403     -1.844     3.952E-05     9.852E-03  Exchange
                           Log        Log                                 Activity
 Species              Molality   Activity      Molality      Activity   Coefficient    Type
  H+                    -7.981     -7.999     1.045E-08     1.003E-08     9.594E-01  Aqueous 
  SO4--                 -3.290     -3.366     5.132E-04     4.304E-04     8.386E-01  Aqueous 
  Zn++                  -7.108     -7.182     7.801E-08     6.569E-08     8.422E-01  Aqueous 
  Pb++                  -7.472     -7.548     3.374E-08     2.832E-08     8.395E-01  Aqueous 
  Ca++                 -10.030    -10.104     9.340E-11     7.866E-11     8.422E-01  Aqueous 
  Mg++                  -5.035     -5.108     9.228E-06     7.803E-06     8.456E-01  Aqueous 
  K+                    -5.000     -5.019     9.999E-06     9.563E-06     9.564E-01  Aqueous 
  Na+                   -3.000     -3.019     1.001E-03     9.577E-04     9.570E-01  Aqueous 
  OH-                   -5.980     -5.999     1.047E-06     1.002E-06     9.567E-01  Aqueous 
  HSO4-                 -9.359     -9.378     4.376E-10     4.189E-10     9.572E-01  Aqueous 
  CaSO4(aq)            -11.162    -11.161     6.894E-12     6.896E-12     1.000E+00  Aqueous 
  CaOH+                -14.867    -14.886     1.359E-15     1.302E-15     9.580E-01  Aqueous 
  CaHSO4+              -18.381    -18.401     4.159E-19     3.971E-19     9.548E-01  Aqueous 
  KSO4-                 -7.517     -7.536     3.043E-08     2.914E-08     9.577E-01  Aqueous 
  KOH(aq)              -11.481    -11.481     3.305E-12     3.306E-12     1.000E+00  Aqueous 
  MgSO4(aq)             -6.098     -6.098     7.985E-07     7.988E-07     1.000E+00  Aqueous 
  MgOH+                 -8.530     -8.549     2.948E-09     2.825E-09     9.582E-01  Aqueous 
  NaSO4-                -5.666     -5.685     2.157E-06     2.066E-06     9.577E-01  Aqueous 
  NaOH(aq)              -9.819     -9.819     1.518E-10     1.518E-10     1.000E+00  Aqueous 
  PbOH+                 -7.240     -7.259     5.754E-08     5.507E-08     9.570E-01  Aqueous 
  PbSO4(aq)             -8.164     -8.164     6.853E-09     6.855E-09     1.000E+00  Aqueous 
  Pb(OH)2(aq)           -8.671     -8.670     2.135E-09     2.136E-09     1.000E+00  Aqueous 
  Pb(SO4)2--           -10.730    -10.810     1.863E-11     1.548E-11     8.310E-01  Aqueous 
  Pb(OH)3-             -11.593    -11.612     2.555E-12     2.445E-12     9.570E-01  Aqueous 
  Pb2OH+++             -13.287    -13.457     5.164E-14     3.492E-14     6.763E-01  Aqueous 
  Pb(OH)4--            -15.173    -15.253     6.722E-16     5.586E-16     8.310E-01  Aqueous 
  ZnOH+                 -8.124     -8.144     7.509E-09     7.186E-09     9.570E-01  Aqueous 
  ZnSO4(aq)             -8.185     -8.185     6.530E-09     6.532E-09     1.000E+00  Aqueous 
  Zn(OH)2(aq)           -8.085     -8.085     8.219E-09     8.222E-09     1.000E+00  Aqueous 
  Zn(SO4)2--           -10.554    -10.635     2.790E-11     2.319E-11     8.310E-01  Aqueous 
  Zn(OH)3-             -11.567    -11.586     2.709E-12     2.592E-12     9.570E-01  Aqueous 
  Zn(OH)4--            -16.311    -16.388     4.885E-17     4.097E-17     8.386E-01  Aqueous 
 
  ****** Partial pressure of gases (bars) *****
 
 
  ***** Saturation state of minerals (log[Q/K] *****
 
 
 
  ***** Volum of minerals added or subtracted *****
 
 
 **************************************************************
 ------> GRID LOCATION:    20:  1:  1
 
  Temperature (C)    =     25.000
  Porosity           =      0.250
  Liquid Saturation  =      1.000
  Liquid Density     =    997.075
  Ionic Strength     =      0.002
  Solution pH        =      7.999
  Total Charge       = -1.219E-07
 
 Total Aqueous Concentrations of Primary Species 
 --------------------------------------- 
 
   Species              Molality       Type 
 H+                  -1.1250E-06     Aqueous      
 SO4--                5.1621E-04     Aqueous      
 Zn++                 1.0029E-07     Aqueous      
 Pb++                 1.0029E-07     Aqueous      
 Ca++                 1.0029E-10     Aqueous      
 Mg++                 1.0029E-05     Aqueous      
 K+                   1.0029E-05     Aqueous      
 Na+                  1.0029E-03     Aqueous      
 
 Exchangers           Equiv/kgw        Equiv/g solid    Equiv/m^3 bulk
 X-                   4.9623E-02       6.5970E-06       1.2369E+01
 Y-                   5.5136E-03       7.3300E-07       1.3744E+00
 
 Total Concentrations in Exchange Sites 
 -------------------------------------- 
 
 Exchangers           Equiv/kgw        Equiv/g solid    Equiv/m^3 bulk
 Zn++                 3.0992E-04       4.1202E-08       7.7253E-02
 Pb++                 2.4508E-04       3.2582E-08       6.1090E-02
 Ca++                 3.7108E-07       4.9332E-11       9.2498E-05
 Mg++                 2.2622E-02       3.0074E-06       5.6388E+00
 K+                   4.5503E-04       6.0493E-08       1.1342E-01
 Na+                  8.3274E-03       1.1071E-06       2.0758E+00
 
 Concentrations of Individual Species, Exchangers, and Surface Complexes 
 ----------------------------------------------------------------------- 
 
                           Log        Log                 Concentration     
 Species              Molality   Activity      Molality    Mol/m^3 blk  Type
  NaX                   -2.113     -0.809     7.710E-03     1.922E+00  Exchange
  NaY                   -3.210     -0.951     6.173E-04     1.539E-01  Exchange
  KX                    -3.414     -2.109     3.859E-04     9.619E-02  Exchange
  KY                    -4.160     -1.902     6.916E-05     1.724E-02  Exchange
  CaX2                  -6.489     -4.884     3.241E-07     8.079E-05  Exchange
  CaY2                  -7.328     -4.769     4.696E-08     1.171E-05  Exchange
  MgX2                  -1.693     -0.087     2.029E-02     5.057E+00  Exchange
  MgY2                  -2.632     -0.072     2.335E-03     5.820E-01  Exchange
  ZnX2                  -3.568     -1.962     2.707E-04     6.748E-02  Exchange
  ZnY2                  -4.406     -1.847     3.922E-05     9.777E-03  Exchange
  PbX2                  -3.687     -2.082     2.056E-04     5.124E-02  Exchange
  PbY2                  -4.403     -1.844     3.952E-05     9.852E-03  Exchange
                           Log        Log                                 Activity
 Species              Molality   Activity      Molality      Activity   Coefficient    Type
  H+                    -7.981     -7.999     1.045E-08     1.003E-08     9.594E-01  Aqueous 
  SO4--                 -3.290     -3.366     5.132E-04     4.304E-04     8.386E-01  Aqueous 
  Zn++                  -7.108     -7.182     7.801E-08     6.569E-08     8.422E-01  Aqueous 
  Pb++                  -7.472     -7.548     3.374E-08     2.832E-08     8.395E-01  Aqueous 
  Ca++                 -10.030    -10.104     9.340E-11     7.866E-11     8.422E-01  Aqueous 
  Mg++                  -5.035     -5.108     9.228E-06     7.803E-06     8.456E-01  Aqueous 
  K+                    -5.000     -5.019     9.999E-06     9.563E-06     9.564E-01  Aqueous 
  Na+                   -3.000     -3.019     1.001E-03     9.577E-04     9.570E-01  Aqueous 
  OH-                   -5.980     -5.999     1.047E-06     1.002E-06     9.567E-01  Aqueous 
  HSO4-                 -9.359     -9.378     4.376E-10     4.189E-10     9.572E-01  Aqueous 
  CaSO4(aq)            -11.162    -11.161     6.894E-12     6.896E-12     1.000E+00  Aqueous 
  CaOH+                -14.867    -14.886     1.359E-15     1.302E-15     9.580E-01  Aqueous 
  CaHSO4+              -18.381    -18.401     4.159E-19     3.971E-19     9.548E-01  Aqueous 
  KSO4-                 -7.517     -7.536     3.043E-08     2.914E-08     9.577E-01  Aqueous 
  KOH(aq)              -11.481    -11.481     3.305E-12     3.306E-12     1.000E+00  Aqueous 
  MgSO4(aq)             -6.098     -6.098     7.985E-07     7.988E-07     1.000E+00  Aqueous 
  MgOH+                 -8.530     -8.549     2.948E-09     2.825E-09     9.582E-01  Aqueous 
  NaSO4-                -5.666     -5.685     2.157E-06     2.066E-06     9.577E-01  Aqueous 
  NaOH(aq)              -9.819     -9.819     1.518E-10     1.518E-10     1.000E+00  Aqueous 
  PbOH+                 -7.240     -7.259     5.754E-08     5.507E-08     9.570E-01  Aqueous 
  PbSO4(aq)             -8.164     -8.164     6.853E-09     6.855E-09     1.000E+00  Aqueous 
  Pb(OH)2(aq)           -8.671     -8.670     2.135E-09     2.136E-09     1.000E+00  Aqueous 
  Pb(SO4)2--           -10.730    -10.810     1.863E-11     1.548E-11     8.310E-01  Aqueous 
  Pb(OH)3-             -11.593    -11.612     2.555E-12     2.445E-12     9.570E-01  Aqueous 
  Pb2OH+++             -13.287    -13.457     5.164E-14     3.492E-14     6.763E-01  Aqueous 
  Pb(OH)4--            -15.173    -15.253     6.722E-16     5.586E-16     8.310E-01  Aqueous 
  ZnOH+                 -8.124     -8.144     7.509E-09     7.186E-09     9.570E-01  Aqueous 
  ZnSO4(aq)             -8.185     -8.185     6.530E-09     6.532E-09     1.000E+00  Aqueous 
  Zn(OH)2(aq)           -8.085     -8.085     8.219E-09     8.222E-09     1.000E+00  Aqueous 
  Zn(SO4)2--           -10.554    -10.635     2.790E-11     2.319E-11     8.310E-01  Aqueous 
  Zn(OH)3-             -11.567    -11.586     2.709E-12     2.592E-12     9.570E-01  Aqueous 
  Zn(OH)4--            -16.311    -16.388     4.885E-17     4.097E-17     8.386E-01  Aqueous 
 
  ****** Partial pressure of gases (bars) *****
 
 
  ***** Saturation state of minerals (log[Q/K] *****
 
 
 
  ***** Volum of minerals added or subtracted *****
 
 
 **************************************************************
 ------> GRID LOCATION:    21:  1:  1
 
  Temperature (C)    =     25.000
  Porosity           =      0.250
  Liquid Saturation  =      1.000
  Liquid Density     =    997.075
  Ionic Strength     =      0.002
  Solution pH        =      7.999
  Total Charge       = -1.219E-07
 
 Total Aqueous Concentrations of Primary Species 
 --------------------------------------- 
 
   Species              Molality       Type 
 H+                  -1.1250E-06     Aqueous      
 SO4--                5.1621E-04     Aqueous      
 Zn++                 1.0029E-07     Aqueous      
 Pb++                 1.0029E-07     Aqueous      
 Ca++                 1.0029E-10     Aqueous      
 Mg++                 1.0029E-05     Aqueous      
 K+                   1.0029E-05     Aqueous      
 Na+                  1.0029E-03     Aqueous      
 
 Exchangers           Equiv/kgw        Equiv/g solid    Equiv/m^3 bulk
 X-                   4.9623E-02       6.5970E-06       1.2369E+01
 Y-                   5.5136E-03       7.3300E-07       1.3744E+00
 
 Total Concentrations in Exchange Sites 
 -------------------------------------- 
 
 Exchangers           Equiv/kgw        Equiv/g solid    Equiv/m^3 bulk
 Zn++                 3.0992E-04       4.1202E-08       7.7253E-02
 Pb++                 2.4508E-04       3.2582E-08       6.1090E-02
 Ca++                 3.7108E-07       4.9332E-11       9.2498E-05
 Mg++                 2.2622E-02       3.0074E-06       5.6388E+00
 K+                   4.5503E-04       6.0493E-08       1.1342E-01
 Na+                  8.3274E-03       1.1071E-06       2.0758E+00
 
 Concentrations of Individual Species, Exchangers, and Surface Complexes 
 ----------------------------------------------------------------------- 
 
                           Log        Log                 Concentration     
 Species              Molality   Activity      Molality    Mol/m^3 blk  Type
  NaX                   -2.113     -0.809     7.710E-03     1.922E+00  Exchange
  NaY                   -3.210     -0.951     6.173E-04     1.539E-01  Exchange
  KX                    -3.414     -2.109     3.859E-04     9.619E-02  Exchange
  KY                    -4.160     -1.902     6.916E-05     1.724E-02  Exchange
  CaX2                  -6.489     -4.884     3.241E-07     8.079E-05  Exchange
  CaY2                  -7.328     -4.769     4.696E-08     1.171E-05  Exchange
  MgX2                  -1.693     -0.087     2.029E-02     5.057E+00  Exchange
  MgY2                  -2.632     -0.072     2.335E-03     5.820E-01  Exchange
  ZnX2                  -3.568     -1.962     2.707E-04     6.748E-02  Exchange
  ZnY2                  -4.406     -1.847     3.922E-05     9.777E-03  Exchange
  PbX2                  -3.687     -2.082     2.056E-04     5.124E-02  Exchange
  PbY2                  -4.403     -1.844     3.952E-05     9.852E-03  Exchange
                           Log        Log                                 Activity
 Species              Molality   Activity      Molality      Activity   Coefficient    Type
  H+                    -7.981     -7.999     1.045E-08     1.003E-08     9.594E-01  Aqueous 
  SO4--                 -3.290     -3.366     5.132E-04     4.304E-04     8.386E-01  Aqueous 
  Zn++                  -7.108     -7.182     7.801E-08     6.569E-08     8.422E-01  Aqueous 
  Pb++                  -7.472     -7.548     3.374E-08     2.832E-08     8.395E-01  Aqueous 
  Ca++                 -10.030    -10.104     9.340E-11     7.866E-11     8.422E-01  Aqueous 
  Mg++                  -5.035     -5.108     9.228E-06     7.803E-06     8.456E-01  Aqueous 
  K+                    -5.000     -5.019     9.999E-06     9.563E-06     9.564E-01  Aqueous 
  Na+                   -3.000     -3.019     1.001E-03     9.577E-04     9.570E-01  Aqueous 
  OH-                   -5.980     -5.999     1.047E-06     1.002E-06     9.567E-01  Aqueous 
  HSO4-                 -9.359     -9.378     4.376E-10     4.189E-10     9.572E-01  Aqueous 
  CaSO4(aq)            -11.162    -11.161     6.894E-12     6.896E-12     1.000E+00  Aqueous 
  CaOH+                -14.867    -14.886     1.359E-15     1.302E-15     9.580E-01  Aqueous 
  CaHSO4+              -18.381    -18.401     4.159E-19     3.971E-19     9.548E-01  Aqueous 
  KSO4-                 -7.517     -7.536     3.043E-08     2.914E-08     9.577E-01  Aqueous 
  KOH(aq)              -11.481    -11.481     3.305E-12     3.306E-12     1.000E+00  Aqueous 
  MgSO4(aq)             -6.098     -6.098     7.985E-07     7.988E-07     1.000E+00  Aqueous 
  MgOH+                 -8.530     -8.549     2.948E-09     2.825E-09     9.582E-01  Aqueous 
  NaSO4-                -5.666     -5.685     2.157E-06     2.066E-06     9.577E-01  Aqueous 
  NaOH(aq)              -9.819     -9.819     1.518E-10     1.518E-10     1.000E+00  Aqueous 
  PbOH+                 -7.240     -7.259     5.754E-08     5.507E-08     9.570E-01  Aqueous 
  PbSO4(aq)             -8.164     -8.164     6.853E-09     6.855E-09     1.000E+00  Aqueous 
  Pb(OH)2(aq)           -8.671     -8.670     2.135E-09     2.136E-09     1.000E+00  Aqueous 
  Pb(SO4)2--           -10.730    -10.810     1.863E-11     1.548E-11     8.310E-01  Aqueous 
  Pb(OH)3-             -11.593    -11.612     2.555E-12     2.445E-12     9.570E-01  Aqueous 
  Pb2OH+++             -13.287    -13.457     5.164E-14     3.492E-14     6.763E-01  Aqueous 
  Pb(OH)4--            -15.173    -15.253     6.722E-16     5.586E-16     8.310E-01  Aqueous 
  ZnOH+                 -8.124     -8.144     7.509E-09     7.186E-09     9.570E-01  Aqueous 
  ZnSO4(aq)             -8.185     -8.185     6.530E-09     6.532E-09     1.000E+00  Aqueous 
  Zn(OH)2(aq)           -8.085     -8.085     8.219E-09     8.222E-09     1.000E+00  Aqueous 
  Zn(SO4)2--           -10.554    -10.635     2.790E-11     2.319E-11     8.310E-01  Aqueous 
  Zn(OH)3-             -11.567    -11.586     2.709E-12     2.592E-12     9.570E-01  Aqueous 
  Zn(OH)4--            -16.311    -16.388     4.885E-17     4.097E-17     8.386E-01  Aqueous 
 
  ****** Partial pressure of gases (bars) *****
 
 
  ***** Saturation state of minerals (log[Q/K] *****
 
 
 
  ***** Volum of minerals added or subtracted *****
 
 
 **************************************************************
 ------> GRID LOCATION:    22:  1:  1
 
  Temperature (C)    =     25.000
  Porosity           =      0.250
  Liquid Saturation  =      1.000
  Liquid Density     =    997.075
  Ionic Strength     =      0.002
  Solution pH        =      7.999
  Total Charge       = -1.219E-07
 
 Total Aqueous Concentrations of Primary Species 
 --------------------------------------- 
 
   Species              Molality       Type 
 H+                  -1.1250E-06     Aqueous      
 SO4--                5.1621E-04     Aqueous      
 Zn++                 1.0029E-07     Aqueous      
 Pb++                 1.0029E-07     Aqueous      
 Ca++                 1.0029E-10     Aqueous      
 Mg++                 1.0029E-05     Aqueous      
 K+                   1.0029E-05     Aqueous      
 Na+                  1.0029E-03     Aqueous      
 
 Exchangers           Equiv/kgw        Equiv/g solid    Equiv/m^3 bulk
 X-                   4.9623E-02       6.5970E-06       1.2369E+01
 Y-                   5.5136E-03       7.3300E-07       1.3744E+00
 
 Total Concentrations in Exchange Sites 
 -------------------------------------- 
 
 Exchangers           Equiv/kgw        Equiv/g solid    Equiv/m^3 bulk
 Zn++                 3.0992E-04       4.1202E-08       7.7253E-02
 Pb++                 2.4508E-04       3.2582E-08       6.1090E-02
 Ca++                 3.7108E-07       4.9332E-11       9.2498E-05
 Mg++                 2.2622E-02       3.0074E-06       5.6388E+00
 K+                   4.5503E-04       6.0493E-08       1.1342E-01
 Na+                  8.3274E-03       1.1071E-06       2.0758E+00
 
 Concentrations of Individual Species, Exchangers, and Surface Complexes 
 ----------------------------------------------------------------------- 
 
                           Log        Log                 Concentration     
 Species              Molality   Activity      Molality    Mol/m^3 blk  Type
  NaX                   -2.113     -0.809     7.710E-03     1.922E+00  Exchange
  NaY                   -3.210     -0.951     6.173E-04     1.539E-01  Exchange
  KX                    -3.414     -2.109     3.859E-04     9.619E-02  Exchange
  KY                    -4.160     -1.902     6.916E-05     1.724E-02  Exchange
  CaX2                  -6.489     -4.884     3.241E-07     8.079E-05  Exchange
  CaY2                  -7.328     -4.769     4.696E-08     1.171E-05  Exchange
  MgX2                  -1.693     -0.087     2.029E-02     5.057E+00  Exchange
  MgY2                  -2.632     -0.072     2.335E-03     5.820E-01  Exchange
  ZnX2                  -3.568     -1.962     2.707E-04     6.748E-02  Exchange
  ZnY2                  -4.406     -1.847     3.922E-05     9.777E-03  Exchange
  PbX2                  -3.687     -2.082     2.056E-04     5.124E-02  Exchange
  PbY2                  -4.403     -1.844     3.952E-05     9.852E-03  Exchange
                           Log        Log                                 Activity
 Species              Molality   Activity      Molality      Activity   Coefficient    Type
  H+                    -7.981     -7.999     1.045E-08     1.003E-08     9.594E-01  Aqueous 
  SO4--                 -3.290     -3.366     5.132E-04     4.304E-04     8.386E-01  Aqueous 
  Zn++                  -7.108     -7.182     7.801E-08     6.569E-08     8.422E-01  Aqueous 
  Pb++                  -7.472     -7.548     3.374E-08     2.832E-08     8.395E-01  Aqueous 
  Ca++                 -10.030    -10.104     9.340E-11     7.866E-11     8.422E-01  Aqueous 
  Mg++                  -5.035     -5.108     9.228E-06     7.803E-06     8.456E-01  Aqueous 
  K+                    -5.000     -5.019     9.999E-06     9.563E-06     9.564E-01  Aqueous 
  Na+                   -3.000     -3.019     1.001E-03     9.577E-04     9.570E-01  Aqueous 
  OH-                   -5.980     -5.999     1.047E-06     1.002E-06     9.567E-01  Aqueous 
  HSO4-                 -9.359     -9.378     4.376E-10     4.189E-10     9.572E-01  Aqueous 
  CaSO4(aq)            -11.162    -11.161     6.894E-12     6.896E-12     1.000E+00  Aqueous 
  CaOH+                -14.867    -14.886     1.359E-15     1.302E-15     9.580E-01  Aqueous 
  CaHSO4+              -18.381    -18.401     4.159E-19     3.971E-19     9.548E-01  Aqueous 
  KSO4-                 -7.517     -7.536     3.043E-08     2.914E-08     9.577E-01  Aqueous 
  KOH(aq)              -11.481    -11.481     3.305E-12     3.306E-12     1.000E+00  Aqueous 
  MgSO4(aq)             -6.098     -6.098     7.985E-07     7.988E-07     1.000E+00  Aqueous 
  MgOH+                 -8.530     -8.549     2.948E-09     2.825E-09     9.582E-01  Aqueous 
  NaSO4-                -5.666     -5.685     2.157E-06     2.066E-06     9.577E-01  Aqueous 
  NaOH(aq)              -9.819     -9.819     1.518E-10     1.518E-10     1.000E+00  Aqueous 
  PbOH+                 -7.240     -7.259     5.754E-08     5.507E-08     9.570E-01  Aqueous 
  PbSO4(aq)             -8.164     -8.164     6.853E-09     6.855E-09     1.000E+00  Aqueous 
  Pb(OH)2(aq)           -8.671     -8.670     2.135E-09     2.136E-09     1.000E+00  Aqueous 
  Pb(SO4)2--           -10.730    -10.810     1.863E-11     1.548E-11     8.310E-01  Aqueous 
  Pb(OH)3-             -11.593    -11.612     2.555E-12     2.445E-12     9.570E-01  Aqueous 
  Pb2OH+++             -13.287    -13.457     5.164E-14     3.492E-14     6.763E-01  Aqueous 
  Pb(OH)4--            -15.173    -15.253     6.722E-16     5.586E-16     8.310E-01  Aqueous 
  ZnOH+                 -8.124     -8.144     7.509E-09     7.186E-09     9.570E-01  Aqueous 
  ZnSO4(aq)             -8.185     -8.185     6.530E-09     6.532E-09     1.000E+00  Aqueous 
  Zn(OH)2(aq)           -8.085     -8.085     8.219E-09     8.222E-09     1.000E+00  Aqueous 
  Zn(SO4)2--           -10.554    -10.635     2.790E-11     2.319E-11     8.310E-01  Aqueous 
  Zn(OH)3-             -11.567    -11.586     2.709E-12     2.592E-12     9.570E-01  Aqueous 
  Zn(OH)4--            -16.311    -16.388     4.885E-17     4.097E-17     8.386E-01  Aqueous 
 
  ****** Partial pressure of gases (bars) *****
 
 
  ***** Saturation state of minerals (log[Q/K] *****
 
 
 
  ***** Volum of minerals added or subtracted *****
 
 
 **************************************************************
 ------> GRID LOCATION:    23:  1:  1
 
  Temperature (C)    =     25.000
  Porosity           =      0.250
  Liquid Saturation  =      1.000
  Liquid Density     =    997.075
  Ionic Strength     =      0.002
  Solution pH        =      7.999
  Total Charge       = -1.219E-07
 
 Total Aqueous Concentrations of Primary Species 
 --------------------------------------- 
 
   Species              Molality       Type 
 H+                  -1.1250E-06     Aqueous      
 SO4--                5.1621E-04     Aqueous      
 Zn++                 1.0029E-07     Aqueous      
 Pb++                 1.0029E-07     Aqueous      
 Ca++                 1.0029E-10     Aqueous      
 Mg++                 1.0029E-05     Aqueous      
 K+                   1.0029E-05     Aqueous      
 Na+                  1.0029E-03     Aqueous      
 
 Exchangers           Equiv/kgw        Equiv/g solid    Equiv/m^3 bulk
 X-                   4.9623E-02       6.5970E-06       1.2369E+01
 Y-                   5.5136E-03       7.3300E-07       1.3744E+00
 
 Total Concentrations in Exchange Sites 
 -------------------------------------- 
 
 Exchangers           Equiv/kgw        Equiv/g solid    Equiv/m^3 bulk
 Zn++                 3.0992E-04       4.1202E-08       7.7253E-02
 Pb++                 2.4508E-04       3.2582E-08       6.1090E-02
 Ca++                 3.7108E-07       4.9332E-11       9.2498E-05
 Mg++                 2.2622E-02       3.0074E-06       5.6388E+00
 K+                   4.5503E-04       6.0493E-08       1.1342E-01
 Na+                  8.3274E-03       1.1071E-06       2.0758E+00
 
 Concentrations of Individual Species, Exchangers, and Surface Complexes 
 ----------------------------------------------------------------------- 
 
                           Log        Log                 Concentration     
 Species              Molality   Activity      Molality    Mol/m^3 blk  Type
  NaX                   -2.113     -0.809     7.710E-03     1.922E+00  Exchange
  NaY                   -3.210     -0.951     6.173E-04     1.539E-01  Exchange
  KX                    -3.414     -2.109     3.859E-04     9.619E-02  Exchange
  KY                    -4.160     -1.902     6.916E-05     1.724E-02  Exchange
  CaX2                  -6.489     -4.884     3.241E-07     8.079E-05  Exchange
  CaY2                  -7.328     -4.769     4.696E-08     1.171E-05  Exchange
  MgX2                  -1.693     -0.087     2.029E-02     5.057E+00  Exchange
  MgY2                  -2.632     -0.072     2.335E-03     5.820E-01  Exchange
  ZnX2                  -3.568     -1.962     2.707E-04     6.748E-02  Exchange
  ZnY2                  -4.406     -1.847     3.922E-05     9.777E-03  Exchange
  PbX2                  -3.687     -2.082     2.056E-04     5.124E-02  Exchange
  PbY2                  -4.403     -1.844     3.952E-05     9.852E-03  Exchange
                           Log        Log                                 Activity
 Species              Molality   Activity      Molality      Activity   Coefficient    Type
  H+                    -7.981     -7.999     1.045E-08     1.003E-08     9.594E-01  Aqueous 
  SO4--                 -3.290     -3.366     5.132E-04     4.304E-04     8.386E-01  Aqueous 
  Zn++                  -7.108     -7.182     7.801E-08     6.569E-08     8.422E-01  Aqueous 
  Pb++                  -7.472     -7.548     3.374E-08     2.832E-08     8.395E-01  Aqueous 
  Ca++                 -10.030    -10.104     9.340E-11     7.866E-11     8.422E-01  Aqueous 
  Mg++                  -5.035     -5.108     9.228E-06     7.803E-06     8.456E-01  Aqueous 
  K+                    -5.000     -5.019     9.999E-06     9.563E-06     9.564E-01  Aqueous 
  Na+                   -3.000     -3.019     1.001E-03     9.577E-04     9.570E-01  Aqueous 
  OH-                   -5.980     -5.999     1.047E-06     1.002E-06     9.567E-01  Aqueous 
  HSO4-                 -9.359     -9.378     4.376E-10     4.189E-10     9.572E-01  Aqueous 
  CaSO4(aq)            -11.162    -11.161     6.894E-12     6.896E-12     1.000E+00  Aqueous 
  CaOH+                -14.867    -14.886     1.359E-15     1.302E-15     9.580E-01  Aqueous 
  CaHSO4+              -18.381    -18.401     4.159E-19     3.971E-19     9.548E-01  Aqueous 
  KSO4-                 -7.517     -7.536     3.043E-08     2.914E-08     9.577E-01  Aqueous 
  KOH(aq)              -11.481    -11.481     3.305E-12     3.306E-12     1.000E+00  Aqueous 
  MgSO4(aq)             -6.098     -6.098     7.985E-07     7.988E-07     1.000E+00  Aqueous 
  MgOH+                 -8.530     -8.549     2.948E-09     2.825E-09     9.582E-01  Aqueous 
  NaSO4-                -5.666     -5.685     2.157E-06     2.066E-06     9.577E-01  Aqueous 
  NaOH(aq)              -9.819     -9.819     1.518E-10     1.518E-10     1.000E+00  Aqueous 
  PbOH+                 -7.240     -7.259     5.754E-08     5.507E-08     9.570E-01  Aqueous 
  PbSO4(aq)             -8.164     -8.164     6.853E-09     6.855E-09     1.000E+00  Aqueous 
  Pb(OH)2(aq)           -8.671     -8.670     2.135E-09     2.136E-09     1.000E+00  Aqueous 
  Pb(SO4)2--           -10.730    -10.810     1.863E-11     1.548E-11     8.310E-01  Aqueous 
  Pb(OH)3-             -11.593    -11.612     2.555E-12     2.445E-12     9.570E-01  Aqueous 
  Pb2OH+++             -13.287    -13.457     5.164E-14     3.492E-14     6.763E-01  Aqueous 
  Pb(OH)4--            -15.173    -15.253     6.722E-16     5.586E-16     8.310E-01  Aqueous 
  ZnOH+                 -8.124     -8.144     7.509E-09     7.186E-09     9.570E-01  Aqueous 
  ZnSO4(aq)             -8.185     -8.185     6.530E-09     6.532E-09     1.000E+00  Aqueous 
  Zn(OH)2(aq)           -8.085     -8.085     8.219E-09     8.222E-09     1.000E+00  Aqueous 
  Zn(SO4)2--           -10.554    -10.635     2.790E-11     2.319E-11     8.310E-01  Aqueous 
  Zn(OH)3-             -11.567    -11.586     2.709E-12     2.592E-12     9.570E-01  Aqueous 
  Zn(OH)4--            -16.311    -16.388     4.885E-17     4.097E-17     8.386E-01  Aqueous 
 
  ****** Partial pressure of gases (bars) *****
 
 
  ***** Saturation state of minerals (log[Q/K] *****
 
 
 
  ***** Volum of minerals added or subtracted *****
 
 
 **************************************************************
 ------> GRID LOCATION:    24:  1:  1
 
  Temperature (C)    =     25.000
  Porosity           =      0.250
  Liquid Saturation  =      1.000
  Liquid Density     =    997.075
  Ionic Strength     =      0.002
  Solution pH        =      7.999
  Total Charge       = -1.219E-07
 
 Total Aqueous Concentrations of Primary Species 
 --------------------------------------- 
 
   Species              Molality       Type 
 H+                  -1.1250E-06     Aqueous      
 SO4--                5.1621E-04     Aqueous      
 Zn++                 1.0029E-07     Aqueous      
 Pb++                 1.0029E-07     Aqueous      
 Ca++                 1.0029E-10     Aqueous      
 Mg++                 1.0029E-05     Aqueous      
 K+                   1.0029E-05     Aqueous      
 Na+                  1.0029E-03     Aqueous      
 
 Exchangers           Equiv/kgw        Equiv/g solid    Equiv/m^3 bulk
 X-                   4.9623E-02       6.5970E-06       1.2369E+01
 Y-                   5.5136E-03       7.3300E-07       1.3744E+00
 
 Total Concentrations in Exchange Sites 
 -------------------------------------- 
 
 Exchangers           Equiv/kgw        Equiv/g solid    Equiv/m^3 bulk
 Zn++                 3.0992E-04       4.1202E-08       7.7253E-02
 Pb++                 2.4508E-04       3.2582E-08       6.1090E-02
 Ca++                 3.7108E-07       4.9332E-11       9.2498E-05
 Mg++                 2.2622E-02       3.0074E-06       5.6388E+00
 K+                   4.5503E-04       6.0493E-08       1.1342E-01
 Na+                  8.3274E-03       1.1071E-06       2.0758E+00
 
 Concentrations of Individual Species, Exchangers, and Surface Complexes 
 ----------------------------------------------------------------------- 
 
                           Log        Log                 Concentration     
 Species              Molality   Activity      Molality    Mol/m^3 blk  Type
  NaX                   -2.113     -0.809     7.710E-03     1.922E+00  Exchange
  NaY                   -3.210     -0.951     6.173E-04     1.539E-01  Exchange
  KX                    -3.414     -2.109     3.859E-04     9.619E-02  Exchange
  KY                    -4.160     -1.902     6.916E-05     1.724E-02  Exchange
  CaX2                  -6.489     -4.884     3.241E-07     8.079E-05  Exchange
  CaY2                  -7.328     -4.769     4.696E-08     1.171E-05  Exchange
  MgX2                  -1.693     -0.087     2.029E-02     5.057E+00  Exchange
  MgY2                  -2.632     -0.072     2.335E-03     5.820E-01  Exchange
  ZnX2                  -3.568     -1.962     2.707E-04     6.748E-02  Exchange
  ZnY2                  -4.406     -1.847     3.922E-05     9.777E-03  Exchange
  PbX2                  -3.687     -2.082     2.056E-04     5.124E-02  Exchange
  PbY2                  -4.403     -1.844     3.952E-05     9.852E-03  Exchange
                           Log        Log                                 Activity
 Species              Molality   Activity      Molality      Activity   Coefficient    Type
  H+                    -7.981     -7.999     1.045E-08     1.003E-08     9.594E-01  Aqueous 
  SO4--                 -3.290     -3.366     5.132E-04     4.304E-04     8.386E-01  Aqueous 
  Zn++                  -7.108     -7.182     7.801E-08     6.569E-08     8.422E-01  Aqueous 
  Pb++                  -7.472     -7.548     3.374E-08     2.832E-08     8.395E-01  Aqueous 
  Ca++                 -10.030    -10.104     9.340E-11     7.866E-11     8.422E-01  Aqueous 
  Mg++                  -5.035     -5.108     9.228E-06     7.803E-06     8.456E-01  Aqueous 
  K+                    -5.000     -5.019     9.999E-06     9.563E-06     9.564E-01  Aqueous 
  Na+                   -3.000     -3.019     1.001E-03     9.577E-04     9.570E-01  Aqueous 
  OH-                   -5.980     -5.999     1.047E-06     1.002E-06     9.567E-01  Aqueous 
  HSO4-                 -9.359     -9.378     4.376E-10     4.189E-10     9.572E-01  Aqueous 
  CaSO4(aq)            -11.162    -11.161     6.894E-12     6.896E-12     1.000E+00  Aqueous 
  CaOH+                -14.867    -14.886     1.359E-15     1.302E-15     9.580E-01  Aqueous 
  CaHSO4+              -18.381    -18.401     4.159E-19     3.971E-19     9.548E-01  Aqueous 
  KSO4-                 -7.517     -7.536     3.043E-08     2.914E-08     9.577E-01  Aqueous 
  KOH(aq)              -11.481    -11.481     3.305E-12     3.306E-12     1.000E+00  Aqueous 
  MgSO4(aq)             -6.098     -6.098     7.985E-07     7.988E-07     1.000E+00  Aqueous 
  MgOH+                 -8.530     -8.549     2.948E-09     2.825E-09     9.582E-01  Aqueous 
  NaSO4-                -5.666     -5.685     2.157E-06     2.066E-06     9.577E-01  Aqueous 
  NaOH(aq)              -9.819     -9.819     1.518E-10     1.518E-10     1.000E+00  Aqueous 
  PbOH+                 -7.240     -7.259     5.754E-08     5.507E-08     9.570E-01  Aqueous 
  PbSO4(aq)             -8.164     -8.164     6.853E-09     6.855E-09     1.000E+00  Aqueous 
  Pb(OH)2(aq)           -8.671     -8.670     2.135E-09     2.136E-09     1.000E+00  Aqueous 
  Pb(SO4)2--           -10.730    -10.810     1.863E-11     1.548E-11     8.310E-01  Aqueous 
  Pb(OH)3-             -11.593    -11.612     2.555E-12     2.445E-12     9.570E-01  Aqueous 
  Pb2OH+++             -13.287    -13.457     5.164E-14     3.492E-14     6.763E-01  Aqueous 
  Pb(OH)4--            -15.173    -15.253     6.722E-16     5.586E-16     8.310E-01  Aqueous 
  ZnOH+                 -8.124     -8.144     7.509E-09     7.186E-09     9.570E-01  Aqueous 
  ZnSO4(aq)             -8.185     -8.185     6.530E-09     6.532E-09     1.000E+00  Aqueous 
  Zn(OH)2(aq)           -8.085     -8.085     8.219E-09     8.222E-09     1.000E+00  Aqueous 
  Zn(SO4)2--           -10.554    -10.635     2.790E-11     2.319E-11     8.310E-01  Aqueous 
  Zn(OH)3-             -11.567    -11.586     2.709E-12     2.592E-12     9.570E-01  Aqueous 
  Zn(OH)4--            -16.311    -16.388     4.885E-17     4.097E-17     8.386E-01  Aqueous 
 
  ****** Partial pressure of gases (bars) *****
 
 
  ***** Saturation state of minerals (log[Q/K] *****
 
 
 
  ***** Volum of minerals added or subtracted *****
 
 
 **************************************************************
 ------> GRID LOCATION:    25:  1:  1
 
  Temperature (C)    =     25.000
  Porosity           =      0.250
  Liquid Saturation  =      1.000
  Liquid Density     =    997.075
  Ionic Strength     =      0.002
  Solution pH        =      7.999
  Total Charge       = -1.219E-07
 
 Total Aqueous Concentrations of Primary Species 
 --------------------------------------- 
 
   Species              Molality       Type 
 H+                  -1.1250E-06     Aqueous      
 SO4--                5.1621E-04     Aqueous      
 Zn++                 1.0029E-07     Aqueous      
 Pb++                 1.0029E-07     Aqueous      
 Ca++                 1.0029E-10     Aqueous      
 Mg++                 1.0029E-05     Aqueous      
 K+                   1.0029E-05     Aqueous      
 Na+                  1.0029E-03     Aqueous      
 
 Exchangers           Equiv/kgw        Equiv/g solid    Equiv/m^3 bulk
 X-                   4.9623E-02       6.5970E-06       1.2369E+01
 Y-                   5.5136E-03       7.3300E-07       1.3744E+00
 
 Total Concentrations in Exchange Sites 
 -------------------------------------- 
 
 Exchangers           Equiv/kgw        Equiv/g solid    Equiv/m^3 bulk
 Zn++                 3.0992E-04       4.1202E-08       7.7253E-02
 Pb++                 2.4508E-04       3.2582E-08       6.1090E-02
 Ca++                 3.7108E-07       4.9332E-11       9.2498E-05
 Mg++                 2.2622E-02       3.0074E-06       5.6388E+00
 K+                   4.5503E-04       6.0493E-08       1.1342E-01
 Na+                  8.3274E-03       1.1071E-06       2.0758E+00
 
 Concentrations of Individual Species, Exchangers, and Surface Complexes 
 ----------------------------------------------------------------------- 
 
                           Log        Log                 Concentration     
 Species              Molality   Activity      Molality    Mol/m^3 blk  Type
  NaX                   -2.113     -0.809     7.710E-03     1.922E+00  Exchange
  NaY                   -3.210     -0.951     6.173E-04     1.539E-01  Exchange
  KX                    -3.414     -2.109     3.859E-04     9.619E-02  Exchange
  KY                    -4.160     -1.902     6.916E-05     1.724E-02  Exchange
  CaX2                  -6.489     -4.884     3.241E-07     8.079E-05  Exchange
  CaY2                  -7.328     -4.769     4.696E-08     1.171E-05  Exchange
  MgX2                  -1.693     -0.087     2.029E-02     5.057E+00  Exchange
  MgY2                  -2.632     -0.072     2.335E-03     5.820E-01  Exchange
  ZnX2                  -3.568     -1.962     2.707E-04     6.748E-02  Exchange
  ZnY2                  -4.406     -1.847     3.922E-05     9.777E-03  Exchange
  PbX2                  -3.687     -2.082     2.056E-04     5.124E-02  Exchange
  PbY2                  -4.403     -1.844     3.952E-05     9.852E-03  Exchange
                           Log        Log                                 Activity
 Species              Molality   Activity      Molality      Activity   Coefficient    Type
  H+                    -7.981     -7.999     1.045E-08     1.003E-08     9.594E-01  Aqueous 
  SO4--                 -3.290     -3.366     5.132E-04     4.304E-04     8.386E-01  Aqueous 
  Zn++                  -7.108     -7.182     7.801E-08     6.569E-08     8.422E-01  Aqueous 
  Pb++                  -7.472     -7.548     3.374E-08     2.832E-08     8.395E-01  Aqueous 
  Ca++                 -10.030    -10.104     9.340E-11     7.866E-11     8.422E-01  Aqueous 
  Mg++                  -5.035     -5.108     9.228E-06     7.803E-06     8.456E-01  Aqueous 
  K+                    -5.000     -5.019     9.999E-06     9.563E-06     9.564E-01  Aqueous 
  Na+                   -3.000     -3.019     1.001E-03     9.577E-04     9.570E-01  Aqueous 
  OH-                   -5.980     -5.999     1.047E-06     1.002E-06     9.567E-01  Aqueous 
  HSO4-                 -9.359     -9.378     4.376E-10     4.189E-10     9.572E-01  Aqueous 
  CaSO4(aq)            -11.162    -11.161     6.894E-12     6.896E-12     1.000E+00  Aqueous 
  CaOH+                -14.867    -14.886     1.359E-15     1.302E-15     9.580E-01  Aqueous 
  CaHSO4+              -18.381    -18.401     4.159E-19     3.971E-19     9.548E-01  Aqueous 
  KSO4-                 -7.517     -7.536     3.043E-08     2.914E-08     9.577E-01  Aqueous 
  KOH(aq)              -11.481    -11.481     3.305E-12     3.306E-12     1.000E+00  Aqueous 
  MgSO4(aq)             -6.098     -6.098     7.985E-07     7.988E-07     1.000E+00  Aqueous 
  MgOH+                 -8.530     -8.549     2.948E-09     2.825E-09     9.582E-01  Aqueous 
  NaSO4-                -5.666     -5.685     2.157E-06     2.066E-06     9.577E-01  Aqueous 
  NaOH(aq)              -9.819     -9.819     1.518E-10     1.518E-10     1.000E+00  Aqueous 
  PbOH+                 -7.240     -7.259     5.754E-08     5.507E-08     9.570E-01  Aqueous 
  PbSO4(aq)             -8.164     -8.164     6.853E-09     6.855E-09     1.000E+00  Aqueous 
  Pb(OH)2(aq)           -8.671     -8.670     2.135E-09     2.136E-09     1.000E+00  Aqueous 
  Pb(SO4)2--           -10.730    -10.810     1.863E-11     1.548E-11     8.310E-01  Aqueous 
  Pb(OH)3-             -11.593    -11.612     2.555E-12     2.445E-12     9.570E-01  Aqueous 
  Pb2OH+++             -13.287    -13.457     5.164E-14     3.492E-14     6.763E-01  Aqueous 
  Pb(OH)4--            -15.173    -15.253     6.722E-16     5.586E-16     8.310E-01  Aqueous 
  ZnOH+                 -8.124     -8.144     7.509E-09     7.186E-09     9.570E-01  Aqueous 
  ZnSO4(aq)             -8.185     -8.185     6.530E-09     6.532E-09     1.000E+00  Aqueous 
  Zn(OH)2(aq)           -8.085     -8.085     8.219E-09     8.222E-09     1.000E+00  Aqueous 
  Zn(SO4)2--           -10.554    -10.635     2.790E-11     2.319E-11     8.310E-01  Aqueous 
  Zn(OH)3-             -11.567    -11.586     2.709E-12     2.592E-12     9.570E-01  Aqueous 
  Zn(OH)4--            -16.311    -16.388     4.885E-17     4.097E-17     8.386E-01  Aqueous 
 
  ****** Partial pressure of gases (bars) *****
 
 
  ***** Saturation state of minerals (log[Q/K] *****
 
 
 
  ***** Volum of minerals added or subtracted *****
 
 
 **************************************************************
 ------> GRID LOCATION:    26:  1:  1
 
  Temperature (C)    =     25.000
  Porosity           =      0.250
  Liquid Saturation  =      1.000
  Liquid Density     =    997.075
  Ionic Strength     =      0.002
  Solution pH        =      7.999
  Total Charge       = -1.219E-07
 
 Total Aqueous Concentrations of Primary Species 
 --------------------------------------- 
 
   Species              Molality       Type 
 H+                  -1.1250E-06     Aqueous      
 SO4--                5.1621E-04     Aqueous      
 Zn++                 1.0029E-07     Aqueous      
 Pb++                 1.0029E-07     Aqueous      
 Ca++                 1.0029E-10     Aqueous      
 Mg++                 1.0029E-05     Aqueous      
 K+                   1.0029E-05     Aqueous      
 Na+                  1.0029E-03     Aqueous      
 
 Exchangers           Equiv/kgw        Equiv/g solid    Equiv/m^3 bulk
 X-                   4.9623E-02       6.5970E-06       1.2369E+01
 Y-                   5.5136E-03       7.3300E-07       1.3744E+00
 
 Total Concentrations in Exchange Sites 
 -------------------------------------- 
 
 Exchangers           Equiv/kgw        Equiv/g solid    Equiv/m^3 bulk
 Zn++                 3.0992E-04       4.1202E-08       7.7253E-02
 Pb++                 2.4508E-04       3.2582E-08       6.1090E-02
 Ca++                 3.7108E-07       4.9332E-11       9.2498E-05
 Mg++                 2.2622E-02       3.0074E-06       5.6388E+00
 K+                   4.5503E-04       6.0493E-08       1.1342E-01
 Na+                  8.3274E-03       1.1071E-06       2.0758E+00
 
 Concentrations of Individual Species, Exchangers, and Surface Complexes 
 ----------------------------------------------------------------------- 
 
                           Log        Log                 Concentration     
 Species              Molality   Activity      Molality    Mol/m^3 blk  Type
  NaX                   -2.113     -0.809     7.710E-03     1.922E+00  Exchange
  NaY                   -3.210     -0.951     6.173E-04     1.539E-01  Exchange
  KX                    -3.414     -2.109     3.859E-04     9.619E-02  Exchange
  KY                    -4.160     -1.902     6.916E-05     1.724E-02  Exchange
  CaX2                  -6.489     -4.884     3.241E-07     8.079E-05  Exchange
  CaY2                  -7.328     -4.769     4.696E-08     1.171E-05  Exchange
  MgX2                  -1.693     -0.087     2.029E-02     5.057E+00  Exchange
  MgY2                  -2.632     -0.072     2.335E-03     5.820E-01  Exchange
  ZnX2                  -3.568     -1.962     2.707E-04     6.748E-02  Exchange
  ZnY2                  -4.406     -1.847     3.922E-05     9.777E-03  Exchange
  PbX2                  -3.687     -2.082     2.056E-04     5.124E-02  Exchange
  PbY2                  -4.403     -1.844     3.952E-05     9.852E-03  Exchange
                           Log        Log                                 Activity
 Species              Molality   Activity      Molality      Activity   Coefficient    Type
  H+                    -7.981     -7.999     1.045E-08     1.003E-08     9.594E-01  Aqueous 
  SO4--                 -3.290     -3.366     5.132E-04     4.304E-04     8.386E-01  Aqueous 
  Zn++                  -7.108     -7.182     7.801E-08     6.569E-08     8.422E-01  Aqueous 
  Pb++                  -7.472     -7.548     3.374E-08     2.832E-08     8.395E-01  Aqueous 
  Ca++                 -10.030    -10.104     9.340E-11     7.866E-11     8.422E-01  Aqueous 
  Mg++                  -5.035     -5.108     9.228E-06     7.803E-06     8.456E-01  Aqueous 
  K+                    -5.000     -5.019     9.999E-06     9.563E-06     9.564E-01  Aqueous 
  Na+                   -3.000     -3.019     1.001E-03     9.577E-04     9.570E-01  Aqueous 
  OH-                   -5.980     -5.999     1.047E-06     1.002E-06     9.567E-01  Aqueous 
  HSO4-                 -9.359     -9.378     4.376E-10     4.189E-10     9.572E-01  Aqueous 
  CaSO4(aq)            -11.162    -11.161     6.894E-12     6.896E-12     1.000E+00  Aqueous 
  CaOH+                -14.867    -14.886     1.359E-15     1.302E-15     9.580E-01  Aqueous 
  CaHSO4+              -18.381    -18.401     4.159E-19     3.971E-19     9.548E-01  Aqueous 
  KSO4-                 -7.517     -7.536     3.043E-08     2.914E-08     9.577E-01  Aqueous 
  KOH(aq)              -11.481    -11.481     3.305E-12     3.306E-12     1.000E+00  Aqueous 
  MgSO4(aq)             -6.098     -6.098     7.985E-07     7.988E-07     1.000E+00  Aqueous 
  MgOH+                 -8.530     -8.549     2.948E-09     2.825E-09     9.582E-01  Aqueous 
  NaSO4-                -5.666     -5.685     2.157E-06     2.066E-06     9.577E-01  Aqueous 
  NaOH(aq)              -9.819     -9.819     1.518E-10     1.518E-10     1.000E+00  Aqueous 
  PbOH+                 -7.240     -7.259     5.754E-08     5.507E-08     9.570E-01  Aqueous 
  PbSO4(aq)             -8.164     -8.164     6.853E-09     6.855E-09     1.000E+00  Aqueous 
  Pb(OH)2(aq)           -8.671     -8.670     2.135E-09     2.136E-09     1.000E+00  Aqueous 
  Pb(SO4)2--           -10.730    -10.810     1.863E-11     1.548E-11     8.310E-01  Aqueous 
  Pb(OH)3-             -11.593    -11.612     2.555E-12     2.445E-12     9.570E-01  Aqueous 
  Pb2OH+++             -13.287    -13.457     5.164E-14     3.492E-14     6.763E-01  Aqueous 
  Pb(OH)4--            -15.173    -15.253     6.722E-16     5.586E-16     8.310E-01  Aqueous 
  ZnOH+                 -8.124     -8.144     7.509E-09     7.186E-09     9.570E-01  Aqueous 
  ZnSO4(aq)             -8.185     -8.185     6.530E-09     6.532E-09     1.000E+00  Aqueous 
  Zn(OH)2(aq)           -8.085     -8.085     8.219E-09     8.222E-09     1.000E+00  Aqueous 
  Zn(SO4)2--           -10.554    -10.635     2.790E-11     2.319E-11     8.310E-01  Aqueous 
  Zn(OH)3-             -11.567    -11.586     2.709E-12     2.592E-12     9.570E-01  Aqueous 
  Zn(OH)4--            -16.311    -16.388     4.885E-17     4.097E-17     8.386E-01  Aqueous 
 
  ****** Partial pressure of gases (bars) *****
 
 
  ***** Saturation state of minerals (log[Q/K] *****
 
 
 
  ***** Volum of minerals added or subtracted *****
 
 
 **************************************************************
 ------> GRID LOCATION:    27:  1:  1
 
  Temperature (C)    =     25.000
  Porosity           =      0.250
  Liquid Saturation  =      1.000
  Liquid Density     =    997.075
  Ionic Strength     =      0.002
  Solution pH        =      7.999
  Total Charge       = -1.219E-07
 
 Total Aqueous Concentrations of Primary Species 
 --------------------------------------- 
 
   Species              Molality       Type 
 H+                  -1.1250E-06     Aqueous      
 SO4--                5.1621E-04     Aqueous      
 Zn++                 1.0029E-07     Aqueous      
 Pb++                 1.0029E-07     Aqueous      
 Ca++                 1.0029E-10     Aqueous      
 Mg++                 1.0029E-05     Aqueous      
 K+                   1.0029E-05     Aqueous      
 Na+                  1.0029E-03     Aqueous      
 
 Exchangers           Equiv/kgw        Equiv/g solid    Equiv/m^3 bulk
 X-                   4.9623E-02       6.5970E-06       1.2369E+01
 Y-                   5.5136E-03       7.3300E-07       1.3744E+00
 
 Total Concentrations in Exchange Sites 
 -------------------------------------- 
 
 Exchangers           Equiv/kgw        Equiv/g solid    Equiv/m^3 bulk
 Zn++                 3.0992E-04       4.1202E-08       7.7253E-02
 Pb++                 2.4508E-04       3.2582E-08       6.1090E-02
 Ca++                 3.7108E-07       4.9332E-11       9.2498E-05
 Mg++                 2.2622E-02       3.0074E-06       5.6388E+00
 K+                   4.5503E-04       6.0493E-08       1.1342E-01
 Na+                  8.3274E-03       1.1071E-06       2.0758E+00
 
 Concentrations of Individual Species, Exchangers, and Surface Complexes 
 ----------------------------------------------------------------------- 
 
                           Log        Log                 Concentration     
 Species              Molality   Activity      Molality    Mol/m^3 blk  Type
  NaX                   -2.113     -0.809     7.710E-03     1.922E+00  Exchange
  NaY                   -3.210     -0.951     6.173E-04     1.539E-01  Exchange
  KX                    -3.414     -2.109     3.859E-04     9.619E-02  Exchange
  KY                    -4.160     -1.902     6.916E-05     1.724E-02  Exchange
  CaX2                  -6.489     -4.884     3.241E-07     8.079E-05  Exchange
  CaY2                  -7.328     -4.769     4.696E-08     1.171E-05  Exchange
  MgX2                  -1.693     -0.087     2.029E-02     5.057E+00  Exchange
  MgY2                  -2.632     -0.072     2.335E-03     5.820E-01  Exchange
  ZnX2                  -3.568     -1.962     2.707E-04     6.748E-02  Exchange
  ZnY2                  -4.406     -1.847     3.922E-05     9.777E-03  Exchange
  PbX2                  -3.687     -2.082     2.056E-04     5.124E-02  Exchange
  PbY2                  -4.403     -1.844     3.952E-05     9.852E-03  Exchange
                           Log        Log                                 Activity
 Species              Molality   Activity      Molality      Activity   Coefficient    Type
  H+                    -7.981     -7.999     1.045E-08     1.003E-08     9.594E-01  Aqueous 
  SO4--                 -3.290     -3.366     5.132E-04     4.304E-04     8.386E-01  Aqueous 
  Zn++                  -7.108     -7.182     7.801E-08     6.569E-08     8.422E-01  Aqueous 
  Pb++                  -7.472     -7.548     3.374E-08     2.832E-08     8.395E-01  Aqueous 
  Ca++                 -10.030    -10.104     9.340E-11     7.866E-11     8.422E-01  Aqueous 
  Mg++                  -5.035     -5.108     9.228E-06     7.803E-06     8.456E-01  Aqueous 
  K+                    -5.000     -5.019     9.999E-06     9.563E-06     9.564E-01  Aqueous 
  Na+                   -3.000     -3.019     1.001E-03     9.577E-04     9.570E-01  Aqueous 
  OH-                   -5.980     -5.999     1.047E-06     1.002E-06     9.567E-01  Aqueous 
  HSO4-                 -9.359     -9.378     4.376E-10     4.189E-10     9.572E-01  Aqueous 
  CaSO4(aq)            -11.162    -11.161     6.894E-12     6.896E-12     1.000E+00  Aqueous 
  CaOH+                -14.867    -14.886     1.359E-15     1.302E-15     9.580E-01  Aqueous 
  CaHSO4+              -18.381    -18.401     4.159E-19     3.971E-19     9.548E-01  Aqueous 
  KSO4-                 -7.517     -7.536     3.043E-08     2.914E-08     9.577E-01  Aqueous 
  KOH(aq)              -11.481    -11.481     3.305E-12     3.306E-12     1.000E+00  Aqueous 
  MgSO4(aq)             -6.098     -6.098     7.985E-07     7.988E-07     1.000E+00  Aqueous 
  MgOH+                 -8.530     -8.549     2.948E-09     2.825E-09     9.582E-01  Aqueous 
  NaSO4-                -5.666     -5.685     2.157E-06     2.066E-06     9.577E-01  Aqueous 
  NaOH(aq)              -9.819     -9.819     1.518E-10     1.518E-10     1.000E+00  Aqueous 
  PbOH+                 -7.240     -7.259     5.754E-08     5.507E-08     9.570E-01  Aqueous 
  PbSO4(aq)             -8.164     -8.164     6.853E-09     6.855E-09     1.000E+00  Aqueous 
  Pb(OH)2(aq)           -8.671     -8.670     2.135E-09     2.136E-09     1.000E+00  Aqueous 
  Pb(SO4)2--           -10.730    -10.810     1.863E-11     1.548E-11     8.310E-01  Aqueous 
  Pb(OH)3-             -11.593    -11.612     2.555E-12     2.445E-12     9.570E-01  Aqueous 
  Pb2OH+++             -13.287    -13.457     5.164E-14     3.492E-14     6.763E-01  Aqueous 
  Pb(OH)4--            -15.173    -15.253     6.722E-16     5.586E-16     8.310E-01  Aqueous 
  ZnOH+                 -8.124     -8.144     7.509E-09     7.186E-09     9.570E-01  Aqueous 
  ZnSO4(aq)             -8.185     -8.185     6.530E-09     6.532E-09     1.000E+00  Aqueous 
  Zn(OH)2(aq)           -8.085     -8.085     8.219E-09     8.222E-09     1.000E+00  Aqueous 
  Zn(SO4)2--           -10.554    -10.635     2.790E-11     2.319E-11     8.310E-01  Aqueous 
  Zn(OH)3-             -11.567    -11.586     2.709E-12     2.592E-12     9.570E-01  Aqueous 
  Zn(OH)4--            -16.311    -16.388     4.885E-17     4.097E-17     8.386E-01  Aqueous 
 
  ****** Partial pressure of gases (bars) *****
 
 
  ***** Saturation state of minerals (log[Q/K] *****
 
 
 
  ***** Volum of minerals added or subtracted *****
 
 
 **************************************************************
 ------> GRID LOCATION:    28:  1:  1
 
  Temperature (C)    =     25.000
  Porosity           =      0.250
  Liquid Saturation  =      1.000
  Liquid Density     =    997.075
  Ionic Strength     =      0.002
  Solution pH        =      7.999
  Total Charge       = -1.219E-07
 
 Total Aqueous Concentrations of Primary Species 
 --------------------------------------- 
 
   Species              Molality       Type 
 H+                  -1.1250E-06     Aqueous      
 SO4--                5.1621E-04     Aqueous      
 Zn++                 1.0029E-07     Aqueous      
 Pb++                 1.0029E-07     Aqueous      
 Ca++                 1.0029E-10     Aqueous      
 Mg++                 1.0029E-05     Aqueous      
 K+                   1.0029E-05     Aqueous      
 Na+                  1.0029E-03     Aqueous      
 
 Exchangers           Equiv/kgw        Equiv/g solid    Equiv/m^3 bulk
 X-                   4.9623E-02       6.5970E-06       1.2369E+01
 Y-                   5.5136E-03       7.3300E-07       1.3744E+00
 
 Total Concentrations in Exchange Sites 
 -------------------------------------- 
 
 Exchangers           Equiv/kgw        Equiv/g solid    Equiv/m^3 bulk
 Zn++                 3.0992E-04       4.1202E-08       7.7253E-02
 Pb++                 2.4508E-04       3.2582E-08       6.1090E-02
 Ca++                 3.7108E-07       4.9332E-11       9.2498E-05
 Mg++                 2.2622E-02       3.0074E-06       5.6388E+00
 K+                   4.5503E-04       6.0493E-08       1.1342E-01
 Na+                  8.3274E-03       1.1071E-06       2.0758E+00
 
 Concentrations of Individual Species, Exchangers, and Surface Complexes 
 ----------------------------------------------------------------------- 
 
                           Log        Log                 Concentration     
 Species              Molality   Activity      Molality    Mol/m^3 blk  Type
  NaX                   -2.113     -0.809     7.710E-03     1.922E+00  Exchange
  NaY                   -3.210     -0.951     6.173E-04     1.539E-01  Exchange
  KX                    -3.414     -2.109     3.859E-04     9.619E-02  Exchange
  KY                    -4.160     -1.902     6.916E-05     1.724E-02  Exchange
  CaX2                  -6.489     -4.884     3.241E-07     8.079E-05  Exchange
  CaY2                  -7.328     -4.769     4.696E-08     1.171E-05  Exchange
  MgX2                  -1.693     -0.087     2.029E-02     5.057E+00  Exchange
  MgY2                  -2.632     -0.072     2.335E-03     5.820E-01  Exchange
  ZnX2                  -3.568     -1.962     2.707E-04     6.748E-02  Exchange
  ZnY2                  -4.406     -1.847     3.922E-05     9.777E-03  Exchange
  PbX2                  -3.687     -2.082     2.056E-04     5.124E-02  Exchange
  PbY2                  -4.403     -1.844     3.952E-05     9.852E-03  Exchange
                           Log        Log                                 Activity
 Species              Molality   Activity      Molality      Activity   Coefficient    Type
  H+                    -7.981     -7.999     1.045E-08     1.003E-08     9.594E-01  Aqueous 
  SO4--                 -3.290     -3.366     5.132E-04     4.304E-04     8.386E-01  Aqueous 
  Zn++                  -7.108     -7.182     7.801E-08     6.569E-08     8.422E-01  Aqueous 
  Pb++                  -7.472     -7.548     3.374E-08     2.832E-08     8.395E-01  Aqueous 
  Ca++                 -10.030    -10.104     9.340E-11     7.866E-11     8.422E-01  Aqueous 
  Mg++                  -5.035     -5.108     9.228E-06     7.803E-06     8.456E-01  Aqueous 
  K+                    -5.000     -5.019     9.999E-06     9.563E-06     9.564E-01  Aqueous 
  Na+                   -3.000     -3.019     1.001E-03     9.577E-04     9.570E-01  Aqueous 
  OH-                   -5.980     -5.999     1.047E-06     1.002E-06     9.567E-01  Aqueous 
  HSO4-                 -9.359     -9.378     4.376E-10     4.189E-10     9.572E-01  Aqueous 
  CaSO4(aq)            -11.162    -11.161     6.894E-12     6.896E-12     1.000E+00  Aqueous 
  CaOH+                -14.867    -14.886     1.359E-15     1.302E-15     9.580E-01  Aqueous 
  CaHSO4+              -18.381    -18.401     4.159E-19     3.971E-19     9.548E-01  Aqueous 
  KSO4-                 -7.517     -7.536     3.043E-08     2.914E-08     9.577E-01  Aqueous 
  KOH(aq)              -11.481    -11.481     3.305E-12     3.306E-12     1.000E+00  Aqueous 
  MgSO4(aq)             -6.098     -6.098     7.985E-07     7.988E-07     1.000E+00  Aqueous 
  MgOH+                 -8.530     -8.549     2.948E-09     2.825E-09     9.582E-01  Aqueous 
  NaSO4-                -5.666     -5.685     2.157E-06     2.066E-06     9.577E-01  Aqueous 
  NaOH(aq)              -9.819     -9.819     1.518E-10     1.518E-10     1.000E+00  Aqueous 
  PbOH+                 -7.240     -7.259     5.754E-08     5.507E-08     9.570E-01  Aqueous 
  PbSO4(aq)             -8.164     -8.164     6.853E-09     6.855E-09     1.000E+00  Aqueous 
  Pb(OH)2(aq)           -8.671     -8.670     2.135E-09     2.136E-09     1.000E+00  Aqueous 
  Pb(SO4)2--           -10.730    -10.810     1.863E-11     1.548E-11     8.310E-01  Aqueous 
  Pb(OH)3-             -11.593    -11.612     2.555E-12     2.445E-12     9.570E-01  Aqueous 
  Pb2OH+++             -13.287    -13.457     5.164E-14     3.492E-14     6.763E-01  Aqueous 
  Pb(OH)4--            -15.173    -15.253     6.722E-16     5.586E-16     8.310E-01  Aqueous 
  ZnOH+                 -8.124     -8.144     7.509E-09     7.186E-09     9.570E-01  Aqueous 
  ZnSO4(aq)             -8.185     -8.185     6.530E-09     6.532E-09     1.000E+00  Aqueous 
  Zn(OH)2(aq)           -8.085     -8.085     8.219E-09     8.222E-09     1.000E+00  Aqueous 
  Zn(SO4)2--           -10.554    -10.635     2.790E-11     2.319E-11     8.310E-01  Aqueous 
  Zn(OH)3-             -11.567    -11.586     2.709E-12     2.592E-12     9.570E-01  Aqueous 
  Zn(OH)4--            -16.311    -16.388     4.885E-17     4.097E-17     8.386E-01  Aqueous 
 
  ****** Partial pressure of gases (bars) *****
 
 
  ***** Saturation state of minerals (log[Q/K] *****
 
 
 
  ***** Volum of minerals added or subtracted *****
 
 
 **************************************************************
 ------> GRID LOCATION:    29:  1:  1
 
  Temperature (C)    =     25.000
  Porosity           =      0.250
  Liquid Saturation  =      1.000
  Liquid Density     =    997.075
  Ionic Strength     =      0.002
  Solution pH        =      7.999
  Total Charge       = -1.219E-07
 
 Total Aqueous Concentrations of Primary Species 
 --------------------------------------- 
 
   Species              Molality       Type 
 H+                  -1.1250E-06     Aqueous      
 SO4--                5.1621E-04     Aqueous      
 Zn++                 1.0029E-07     Aqueous      
 Pb++                 1.0029E-07     Aqueous      
 Ca++                 1.0029E-10     Aqueous      
 Mg++                 1.0029E-05     Aqueous      
 K+                   1.0029E-05     Aqueous      
 Na+                  1.0029E-03     Aqueous      
 
 Exchangers           Equiv/kgw        Equiv/g solid    Equiv/m^3 bulk
 X-                   4.9623E-02       6.5970E-06       1.2369E+01
 Y-                   5.5136E-03       7.3300E-07       1.3744E+00
 
 Total Concentrations in Exchange Sites 
 -------------------------------------- 
 
 Exchangers           Equiv/kgw        Equiv/g solid    Equiv/m^3 bulk
 Zn++                 3.0992E-04       4.1202E-08       7.7253E-02
 Pb++                 2.4508E-04       3.2582E-08       6.1090E-02
 Ca++                 3.7108E-07       4.9332E-11       9.2498E-05
 Mg++                 2.2622E-02       3.0074E-06       5.6388E+00
 K+                   4.5503E-04       6.0493E-08       1.1342E-01
 Na+                  8.3274E-03       1.1071E-06       2.0758E+00
 
 Concentrations of Individual Species, Exchangers, and Surface Complexes 
 ----------------------------------------------------------------------- 
 
                           Log        Log                 Concentration     
 Species              Molality   Activity      Molality    Mol/m^3 blk  Type
  NaX                   -2.113     -0.809     7.710E-03     1.922E+00  Exchange
  NaY                   -3.210     -0.951     6.173E-04     1.539E-01  Exchange
  KX                    -3.414     -2.109     3.859E-04     9.619E-02  Exchange
  KY                    -4.160     -1.902     6.916E-05     1.724E-02  Exchange
  CaX2                  -6.489     -4.884     3.241E-07     8.079E-05  Exchange
  CaY2                  -7.328     -4.769     4.696E-08     1.171E-05  Exchange
  MgX2                  -1.693     -0.087     2.029E-02     5.057E+00  Exchange
  MgY2                  -2.632     -0.072     2.335E-03     5.820E-01  Exchange
  ZnX2                  -3.568     -1.962     2.707E-04     6.748E-02  Exchange
  ZnY2                  -4.406     -1.847     3.922E-05     9.777E-03  Exchange
  PbX2                  -3.687     -2.082     2.056E-04     5.124E-02  Exchange
  PbY2                  -4.403     -1.844     3.952E-05     9.852E-03  Exchange
                           Log        Log                                 Activity
 Species              Molality   Activity      Molality      Activity   Coefficient    Type
  H+                    -7.981     -7.999     1.045E-08     1.003E-08     9.594E-01  Aqueous 
  SO4--                 -3.290     -3.366     5.132E-04     4.304E-04     8.386E-01  Aqueous 
  Zn++                  -7.108     -7.182     7.801E-08     6.569E-08     8.422E-01  Aqueous 
  Pb++                  -7.472     -7.548     3.374E-08     2.832E-08     8.395E-01  Aqueous 
  Ca++                 -10.030    -10.104     9.340E-11     7.866E-11     8.422E-01  Aqueous 
  Mg++                  -5.035     -5.108     9.228E-06     7.803E-06     8.456E-01  Aqueous 
  K+                    -5.000     -5.019     9.999E-06     9.563E-06     9.564E-01  Aqueous 
  Na+                   -3.000     -3.019     1.001E-03     9.577E-04     9.570E-01  Aqueous 
  OH-                   -5.980     -5.999     1.047E-06     1.002E-06     9.567E-01  Aqueous 
  HSO4-                 -9.359     -9.378     4.376E-10     4.189E-10     9.572E-01  Aqueous 
  CaSO4(aq)            -11.162    -11.161     6.894E-12     6.896E-12     1.000E+00  Aqueous 
  CaOH+                -14.867    -14.886     1.359E-15     1.302E-15     9.580E-01  Aqueous 
  CaHSO4+              -18.381    -18.401     4.159E-19     3.971E-19     9.548E-01  Aqueous 
  KSO4-                 -7.517     -7.536     3.043E-08     2.914E-08     9.577E-01  Aqueous 
  KOH(aq)              -11.481    -11.481     3.305E-12     3.306E-12     1.000E+00  Aqueous 
  MgSO4(aq)             -6.098     -6.098     7.985E-07     7.988E-07     1.000E+00  Aqueous 
  MgOH+                 -8.530     -8.549     2.948E-09     2.825E-09     9.582E-01  Aqueous 
  NaSO4-                -5.666     -5.685     2.157E-06     2.066E-06     9.577E-01  Aqueous 
  NaOH(aq)              -9.819     -9.819     1.518E-10     1.518E-10     1.000E+00  Aqueous 
  PbOH+                 -7.240     -7.259     5.754E-08     5.507E-08     9.570E-01  Aqueous 
  PbSO4(aq)             -8.164     -8.164     6.853E-09     6.855E-09     1.000E+00  Aqueous 
  Pb(OH)2(aq)           -8.671     -8.670     2.135E-09     2.136E-09     1.000E+00  Aqueous 
  Pb(SO4)2--           -10.730    -10.810     1.863E-11     1.548E-11     8.310E-01  Aqueous 
  Pb(OH)3-             -11.593    -11.612     2.555E-12     2.445E-12     9.570E-01  Aqueous 
  Pb2OH+++             -13.287    -13.457     5.164E-14     3.492E-14     6.763E-01  Aqueous 
  Pb(OH)4--            -15.173    -15.253     6.722E-16     5.586E-16     8.310E-01  Aqueous 
  ZnOH+                 -8.124     -8.144     7.509E-09     7.186E-09     9.570E-01  Aqueous 
  ZnSO4(aq)             -8.185     -8.185     6.530E-09     6.532E-09     1.000E+00  Aqueous 
  Zn(OH)2(aq)           -8.085     -8.085     8.219E-09     8.222E-09     1.000E+00  Aqueous 
  Zn(SO4)2--           -10.554    -10.635     2.790E-11     2.319E-11     8.310E-01  Aqueous 
  Zn(OH)3-             -11.567    -11.586     2.709E-12     2.592E-12     9.570E-01  Aqueous 
  Zn(OH)4--            -16.311    -16.388     4.885E-17     4.097E-17     8.386E-01  Aqueous 
 
  ****** Partial pressure of gases (bars) *****
 
 
  ***** Saturation state of minerals (log[Q/K] *****
 
 
 
  ***** Volum of minerals added or subtracted *****
 
 
 **************************************************************
 ------> GRID LOCATION:    30:  1:  1
 
  Temperature (C)    =     25.000
  Porosity           =      0.250
  Liquid Saturation  =      1.000
  Liquid Density     =    997.075
  Ionic Strength     =      0.002
  Solution pH        =      7.999
  Total Charge       = -1.219E-07
 
 Total Aqueous Concentrations of Primary Species 
 --------------------------------------- 
 
   Species              Molality       Type 
 H+                  -1.1250E-06     Aqueous      
 SO4--                5.1621E-04     Aqueous      
 Zn++                 1.0029E-07     Aqueous      
 Pb++                 1.0029E-07     Aqueous      
 Ca++                 1.0029E-10     Aqueous      
 Mg++                 1.0029E-05     Aqueous      
 K+                   1.0029E-05     Aqueous      
 Na+                  1.0029E-03     Aqueous      
 
 Exchangers           Equiv/kgw        Equiv/g solid    Equiv/m^3 bulk
 X-                   4.9623E-02       6.5970E-06       1.2369E+01
 Y-                   5.5136E-03       7.3300E-07       1.3744E+00
 
 Total Concentrations in Exchange Sites 
 -------------------------------------- 
 
 Exchangers           Equiv/kgw        Equiv/g solid    Equiv/m^3 bulk
 Zn++                 3.0992E-04       4.1202E-08       7.7253E-02
 Pb++                 2.4508E-04       3.2582E-08       6.1090E-02
 Ca++                 3.7108E-07       4.9332E-11       9.2498E-05
 Mg++                 2.2622E-02       3.0074E-06       5.6388E+00
 K+                   4.5503E-04       6.0493E-08       1.1342E-01
 Na+                  8.3274E-03       1.1071E-06       2.0758E+00
 
 Concentrations of Individual Species, Exchangers, and Surface Complexes 
 ----------------------------------------------------------------------- 
 
                           Log        Log                 Concentration     
 Species              Molality   Activity      Molality    Mol/m^3 blk  Type
  NaX                   -2.113     -0.809     7.710E-03     1.922E+00  Exchange
  NaY                   -3.210     -0.951     6.173E-04     1.539E-01  Exchange
  KX                    -3.414     -2.109     3.859E-04     9.619E-02  Exchange
  KY                    -4.160     -1.902     6.916E-05     1.724E-02  Exchange
  CaX2                  -6.489     -4.884     3.241E-07     8.079E-05  Exchange
  CaY2                  -7.328     -4.769     4.696E-08     1.171E-05  Exchange
  MgX2                  -1.693     -0.087     2.029E-02     5.057E+00  Exchange
  MgY2                  -2.632     -0.072     2.335E-03     5.820E-01  Exchange
  ZnX2                  -3.568     -1.962     2.707E-04     6.748E-02  Exchange
  ZnY2                  -4.406     -1.847     3.922E-05     9.777E-03  Exchange
  PbX2                  -3.687     -2.082     2.056E-04     5.124E-02  Exchange
  PbY2                  -4.403     -1.844     3.952E-05     9.852E-03  Exchange
                           Log        Log                                 Activity
 Species              Molality   Activity      Molality      Activity   Coefficient    Type
  H+                    -7.981     -7.999     1.045E-08     1.003E-08     9.594E-01  Aqueous 
  SO4--                 -3.290     -3.366     5.132E-04     4.304E-04     8.386E-01  Aqueous 
  Zn++                  -7.108     -7.182     7.801E-08     6.569E-08     8.422E-01  Aqueous 
  Pb++                  -7.472     -7.548     3.374E-08     2.832E-08     8.395E-01  Aqueous 
  Ca++                 -10.030    -10.104     9.340E-11     7.866E-11     8.422E-01  Aqueous 
  Mg++                  -5.035     -5.108     9.228E-06     7.803E-06     8.456E-01  Aqueous 
  K+                    -5.000     -5.019     9.999E-06     9.563E-06     9.564E-01  Aqueous 
  Na+                   -3.000     -3.019     1.001E-03     9.577E-04     9.570E-01  Aqueous 
  OH-                   -5.980     -5.999     1.047E-06     1.002E-06     9.567E-01  Aqueous 
  HSO4-                 -9.359     -9.378     4.376E-10     4.189E-10     9.572E-01  Aqueous 
  CaSO4(aq)            -11.162    -11.161     6.894E-12     6.896E-12     1.000E+00  Aqueous 
  CaOH+                -14.867    -14.886     1.359E-15     1.302E-15     9.580E-01  Aqueous 
  CaHSO4+              -18.381    -18.401     4.159E-19     3.971E-19     9.548E-01  Aqueous 
  KSO4-                 -7.517     -7.536     3.043E-08     2.914E-08     9.577E-01  Aqueous 
  KOH(aq)              -11.481    -11.481     3.305E-12     3.306E-12     1.000E+00  Aqueous 
  MgSO4(aq)             -6.098     -6.098     7.985E-07     7.988E-07     1.000E+00  Aqueous 
  MgOH+                 -8.530     -8.549     2.948E-09     2.825E-09     9.582E-01  Aqueous 
  NaSO4-                -5.666     -5.685     2.157E-06     2.066E-06     9.577E-01  Aqueous 
  NaOH(aq)              -9.819     -9.819     1.518E-10     1.518E-10     1.000E+00  Aqueous 
  PbOH+                 -7.240     -7.259     5.754E-08     5.507E-08     9.570E-01  Aqueous 
  PbSO4(aq)             -8.164     -8.164     6.853E-09     6.855E-09     1.000E+00  Aqueous 
  Pb(OH)2(aq)           -8.671     -8.670     2.135E-09     2.136E-09     1.000E+00  Aqueous 
  Pb(SO4)2--           -10.730    -10.810     1.863E-11     1.548E-11     8.310E-01  Aqueous 
  Pb(OH)3-             -11.593    -11.612     2.555E-12     2.445E-12     9.570E-01  Aqueous 
  Pb2OH+++             -13.287    -13.457     5.164E-14     3.492E-14     6.763E-01  Aqueous 
  Pb(OH)4--            -15.173    -15.253     6.722E-16     5.586E-16     8.310E-01  Aqueous 
  ZnOH+                 -8.124     -8.144     7.509E-09     7.186E-09     9.570E-01  Aqueous 
  ZnSO4(aq)             -8.185     -8.185     6.530E-09     6.532E-09     1.000E+00  Aqueous 
  Zn(OH)2(aq)           -8.085     -8.085     8.219E-09     8.222E-09     1.000E+00  Aqueous 
  Zn(SO4)2--           -10.554    -10.635     2.790E-11     2.319E-11     8.310E-01  Aqueous 
  Zn(OH)3-             -11.567    -11.586     2.709E-12     2.592E-12     9.570E-01  Aqueous 
  Zn(OH)4--            -16.311    -16.388     4.885E-17     4.097E-17     8.386E-01  Aqueous 
 
  ****** Partial pressure of gases (bars) *****
 
 
  ***** Saturation state of minerals (log[Q/K] *****
 
 
 
  ***** Volum of minerals added or subtracted *****
 
 
 **************************************************************
 ------> GRID LOCATION:    31:  1:  1
 
  Temperature (C)    =     25.000
  Porosity           =      0.250
  Liquid Saturation  =      1.000
  Liquid Density     =    997.075
  Ionic Strength     =      0.002
  Solution pH        =      7.999
  Total Charge       = -1.219E-07
 
 Total Aqueous Concentrations of Primary Species 
 --------------------------------------- 
 
   Species              Molality       Type 
 H+                  -1.1250E-06     Aqueous      
 SO4--                5.1621E-04     Aqueous      
 Zn++                 1.0029E-07     Aqueous      
 Pb++                 1.0029E-07     Aqueous      
 Ca++                 1.0029E-10     Aqueous      
 Mg++                 1.0029E-05     Aqueous      
 K+                   1.0029E-05     Aqueous      
 Na+                  1.0029E-03     Aqueous      
 
 Exchangers           Equiv/kgw        Equiv/g solid    Equiv/m^3 bulk
 X-                   4.9623E-02       6.5970E-06       1.2369E+01
 Y-                   5.5136E-03       7.3300E-07       1.3744E+00
 
 Total Concentrations in Exchange Sites 
 -------------------------------------- 
 
 Exchangers           Equiv/kgw        Equiv/g solid    Equiv/m^3 bulk
 Zn++                 3.0992E-04       4.1202E-08       7.7253E-02
 Pb++                 2.4508E-04       3.2582E-08       6.1090E-02
 Ca++                 3.7108E-07       4.9332E-11       9.2498E-05
 Mg++                 2.2622E-02       3.0074E-06       5.6388E+00
 K+                   4.5503E-04       6.0493E-08       1.1342E-01
 Na+                  8.3274E-03       1.1071E-06       2.0758E+00
 
 Concentrations of Individual Species, Exchangers, and Surface Complexes 
 ----------------------------------------------------------------------- 
 
                           Log        Log                 Concentration     
 Species              Molality   Activity      Molality    Mol/m^3 blk  Type
  NaX                   -2.113     -0.809     7.710E-03     1.922E+00  Exchange
  NaY                   -3.210     -0.951     6.173E-04     1.539E-01  Exchange
  KX                    -3.414     -2.109     3.859E-04     9.619E-02  Exchange
  KY                    -4.160     -1.902     6.916E-05     1.724E-02  Exchange
  CaX2                  -6.489     -4.884     3.241E-07     8.079E-05  Exchange
  CaY2                  -7.328     -4.769     4.696E-08     1.171E-05  Exchange
  MgX2                  -1.693     -0.087     2.029E-02     5.057E+00  Exchange
  MgY2                  -2.632     -0.072     2.335E-03     5.820E-01  Exchange
  ZnX2                  -3.568     -1.962     2.707E-04     6.748E-02  Exchange
  ZnY2                  -4.406     -1.847     3.922E-05     9.777E-03  Exchange
  PbX2                  -3.687     -2.082     2.056E-04     5.124E-02  Exchange
  PbY2                  -4.403     -1.844     3.952E-05     9.852E-03  Exchange
                           Log        Log                                 Activity
 Species              Molality   Activity      Molality      Activity   Coefficient    Type
  H+                    -7.981     -7.999     1.045E-08     1.003E-08     9.594E-01  Aqueous 
  SO4--                 -3.290     -3.366     5.132E-04     4.304E-04     8.386E-01  Aqueous 
  Zn++                  -7.108     -7.182     7.801E-08     6.569E-08     8.422E-01  Aqueous 
  Pb++                  -7.472     -7.548     3.374E-08     2.832E-08     8.395E-01  Aqueous 
  Ca++                 -10.030    -10.104     9.340E-11     7.866E-11     8.422E-01  Aqueous 
  Mg++                  -5.035     -5.108     9.228E-06     7.803E-06     8.456E-01  Aqueous 
  K+                    -5.000     -5.019     9.999E-06     9.563E-06     9.564E-01  Aqueous 
  Na+                   -3.000     -3.019     1.001E-03     9.577E-04     9.570E-01  Aqueous 
  OH-                   -5.980     -5.999     1.047E-06     1.002E-06     9.567E-01  Aqueous 
  HSO4-                 -9.359     -9.378     4.376E-10     4.189E-10     9.572E-01  Aqueous 
  CaSO4(aq)            -11.162    -11.161     6.894E-12     6.896E-12     1.000E+00  Aqueous 
  CaOH+                -14.867    -14.886     1.359E-15     1.302E-15     9.580E-01  Aqueous 
  CaHSO4+              -18.381    -18.401     4.159E-19     3.971E-19     9.548E-01  Aqueous 
  KSO4-                 -7.517     -7.536     3.043E-08     2.914E-08     9.577E-01  Aqueous 
  KOH(aq)              -11.481    -11.481     3.305E-12     3.306E-12     1.000E+00  Aqueous 
  MgSO4(aq)             -6.098     -6.098     7.985E-07     7.988E-07     1.000E+00  Aqueous 
  MgOH+                 -8.530     -8.549     2.948E-09     2.825E-09     9.582E-01  Aqueous 
  NaSO4-                -5.666     -5.685     2.157E-06     2.066E-06     9.577E-01  Aqueous 
  NaOH(aq)              -9.819     -9.819     1.518E-10     1.518E-10     1.000E+00  Aqueous 
  PbOH+                 -7.240     -7.259     5.754E-08     5.507E-08     9.570E-01  Aqueous 
  PbSO4(aq)             -8.164     -8.164     6.853E-09     6.855E-09     1.000E+00  Aqueous 
  Pb(OH)2(aq)           -8.671     -8.670     2.135E-09     2.136E-09     1.000E+00  Aqueous 
  Pb(SO4)2--           -10.730    -10.810     1.863E-11     1.548E-11     8.310E-01  Aqueous 
  Pb(OH)3-             -11.593    -11.612     2.555E-12     2.445E-12     9.570E-01  Aqueous 
  Pb2OH+++             -13.287    -13.457     5.164E-14     3.492E-14     6.763E-01  Aqueous 
  Pb(OH)4--            -15.173    -15.253     6.722E-16     5.586E-16     8.310E-01  Aqueous 
  ZnOH+                 -8.124     -8.144     7.509E-09     7.186E-09     9.570E-01  Aqueous 
  ZnSO4(aq)             -8.185     -8.185     6.530E-09     6.532E-09     1.000E+00  Aqueous 
  Zn(OH)2(aq)           -8.085     -8.085     8.219E-09     8.222E-09     1.000E+00  Aqueous 
  Zn(SO4)2--           -10.554    -10.635     2.790E-11     2.319E-11     8.310E-01  Aqueous 
  Zn(OH)3-             -11.567    -11.586     2.709E-12     2.592E-12     9.570E-01  Aqueous 
  Zn(OH)4--            -16.311    -16.388     4.885E-17     4.097E-17     8.386E-01  Aqueous 
 
  ****** Partial pressure of gases (bars) *****
 
 
  ***** Saturation state of minerals (log[Q/K] *****
 
 
 
  ***** Volum of minerals added or subtracted *****
 
 
 **************************************************************
 ------> GRID LOCATION:    32:  1:  1
 
  Temperature (C)    =     25.000
  Porosity           =      0.250
  Liquid Saturation  =      1.000
  Liquid Density     =    997.075
  Ionic Strength     =      0.002
  Solution pH        =      7.999
  Total Charge       = -1.219E-07
 
 Total Aqueous Concentrations of Primary Species 
 --------------------------------------- 
 
   Species              Molality       Type 
 H+                  -1.1250E-06     Aqueous      
 SO4--                5.1621E-04     Aqueous      
 Zn++                 1.0029E-07     Aqueous      
 Pb++                 1.0029E-07     Aqueous      
 Ca++                 1.0029E-10     Aqueous      
 Mg++                 1.0029E-05     Aqueous      
 K+                   1.0029E-05     Aqueous      
 Na+                  1.0029E-03     Aqueous      
 
 Exchangers           Equiv/kgw        Equiv/g solid    Equiv/m^3 bulk
 X-                   4.9623E-02       6.5970E-06       1.2369E+01
 Y-                   5.5136E-03       7.3300E-07       1.3744E+00
 
 Total Concentrations in Exchange Sites 
 -------------------------------------- 
 
 Exchangers           Equiv/kgw        Equiv/g solid    Equiv/m^3 bulk
 Zn++                 3.0992E-04       4.1202E-08       7.7253E-02
 Pb++                 2.4508E-04       3.2582E-08       6.1090E-02
 Ca++                 3.7108E-07       4.9332E-11       9.2498E-05
 Mg++                 2.2622E-02       3.0074E-06       5.6388E+00
 K+                   4.5503E-04       6.0493E-08       1.1342E-01
 Na+                  8.3274E-03       1.1071E-06       2.0758E+00
 
 Concentrations of Individual Species, Exchangers, and Surface Complexes 
 ----------------------------------------------------------------------- 
 
                           Log        Log                 Concentration     
 Species              Molality   Activity      Molality    Mol/m^3 blk  Type
  NaX                   -2.113     -0.809     7.710E-03     1.922E+00  Exchange
  NaY                   -3.210     -0.951     6.173E-04     1.539E-01  Exchange
  KX                    -3.414     -2.109     3.859E-04     9.619E-02  Exchange
  KY                    -4.160     -1.902     6.916E-05     1.724E-02  Exchange
  CaX2                  -6.489     -4.884     3.241E-07     8.079E-05  Exchange
  CaY2                  -7.328     -4.769     4.696E-08     1.171E-05  Exchange
  MgX2                  -1.693     -0.087     2.029E-02     5.057E+00  Exchange
  MgY2                  -2.632     -0.072     2.335E-03     5.820E-01  Exchange
  ZnX2                  -3.568     -1.962     2.707E-04     6.748E-02  Exchange
  ZnY2                  -4.406     -1.847     3.922E-05     9.777E-03  Exchange
  PbX2                  -3.687     -2.082     2.056E-04     5.124E-02  Exchange
  PbY2                  -4.403     -1.844     3.952E-05     9.852E-03  Exchange
                           Log        Log                                 Activity
 Species              Molality   Activity      Molality      Activity   Coefficient    Type
  H+                    -7.981     -7.999     1.045E-08     1.003E-08     9.594E-01  Aqueous 
  SO4--                 -3.290     -3.366     5.132E-04     4.304E-04     8.386E-01  Aqueous 
  Zn++                  -7.108     -7.182     7.801E-08     6.569E-08     8.422E-01  Aqueous 
  Pb++                  -7.472     -7.548     3.374E-08     2.832E-08     8.395E-01  Aqueous 
  Ca++                 -10.030    -10.104     9.340E-11     7.866E-11     8.422E-01  Aqueous 
  Mg++                  -5.035     -5.108     9.228E-06     7.803E-06     8.456E-01  Aqueous 
  K+                    -5.000     -5.019     9.999E-06     9.563E-06     9.564E-01  Aqueous 
  Na+                   -3.000     -3.019     1.001E-03     9.577E-04     9.570E-01  Aqueous 
  OH-                   -5.980     -5.999     1.047E-06     1.002E-06     9.567E-01  Aqueous 
  HSO4-                 -9.359     -9.378     4.376E-10     4.189E-10     9.572E-01  Aqueous 
  CaSO4(aq)            -11.162    -11.161     6.894E-12     6.896E-12     1.000E+00  Aqueous 
  CaOH+                -14.867    -14.886     1.359E-15     1.302E-15     9.580E-01  Aqueous 
  CaHSO4+              -18.381    -18.401     4.159E-19     3.971E-19     9.548E-01  Aqueous 
  KSO4-                 -7.517     -7.536     3.043E-08     2.914E-08     9.577E-01  Aqueous 
  KOH(aq)              -11.481    -11.481     3.305E-12     3.306E-12     1.000E+00  Aqueous 
  MgSO4(aq)             -6.098     -6.098     7.985E-07     7.988E-07     1.000E+00  Aqueous 
  MgOH+                 -8.530     -8.549     2.948E-09     2.825E-09     9.582E-01  Aqueous 
  NaSO4-                -5.666     -5.685     2.157E-06     2.066E-06     9.577E-01  Aqueous 
  NaOH(aq)              -9.819     -9.819     1.518E-10     1.518E-10     1.000E+00  Aqueous 
  PbOH+                 -7.240     -7.259     5.754E-08     5.507E-08     9.570E-01  Aqueous 
  PbSO4(aq)             -8.164     -8.164     6.853E-09     6.855E-09     1.000E+00  Aqueous 
  Pb(OH)2(aq)           -8.671     -8.670     2.135E-09     2.136E-09     1.000E+00  Aqueous 
  Pb(SO4)2--           -10.730    -10.810     1.863E-11     1.548E-11     8.310E-01  Aqueous 
  Pb(OH)3-             -11.593    -11.612     2.555E-12     2.445E-12     9.570E-01  Aqueous 
  Pb2OH+++             -13.287    -13.457     5.164E-14     3.492E-14     6.763E-01  Aqueous 
  Pb(OH)4--            -15.173    -15.253     6.722E-16     5.586E-16     8.310E-01  Aqueous 
  ZnOH+                 -8.124     -8.144     7.509E-09     7.186E-09     9.570E-01  Aqueous 
  ZnSO4(aq)             -8.185     -8.185     6.530E-09     6.532E-09     1.000E+00  Aqueous 
  Zn(OH)2(aq)           -8.085     -8.085     8.219E-09     8.222E-09     1.000E+00  Aqueous 
  Zn(SO4)2--           -10.554    -10.635     2.790E-11     2.319E-11     8.310E-01  Aqueous 
  Zn(OH)3-             -11.567    -11.586     2.709E-12     2.592E-12     9.570E-01  Aqueous 
  Zn(OH)4--            -16.311    -16.388     4.885E-17     4.097E-17     8.386E-01  Aqueous 
 
  ****** Partial pressure of gases (bars) *****
 
 
  ***** Saturation state of minerals (log[Q/K] *****
 
 
 
  ***** Volum of minerals added or subtracted *****
 
 
 **************************************************************
 ------> GRID LOCATION:    33:  1:  1
 
  Temperature (C)    =     25.000
  Porosity           =      0.250
  Liquid Saturation  =      1.000
  Liquid Density     =    997.075
  Ionic Strength     =      0.002
  Solution pH        =      7.999
  Total Charge       = -1.219E-07
 
 Total Aqueous Concentrations of Primary Species 
 --------------------------------------- 
 
   Species              Molality       Type 
 H+                  -1.1250E-06     Aqueous      
 SO4--                5.1621E-04     Aqueous      
 Zn++                 1.0029E-07     Aqueous      
 Pb++                 1.0029E-07     Aqueous      
 Ca++                 1.0029E-10     Aqueous      
 Mg++                 1.0029E-05     Aqueous      
 K+                   1.0029E-05     Aqueous      
 Na+                  1.0029E-03     Aqueous      
 
 Exchangers           Equiv/kgw        Equiv/g solid    Equiv/m^3 bulk
 X-                   4.9623E-02       6.5970E-06       1.2369E+01
 Y-                   5.5136E-03       7.3300E-07       1.3744E+00
 
 Total Concentrations in Exchange Sites 
 -------------------------------------- 
 
 Exchangers           Equiv/kgw        Equiv/g solid    Equiv/m^3 bulk
 Zn++                 3.0992E-04       4.1202E-08       7.7253E-02
 Pb++                 2.4508E-04       3.2582E-08       6.1090E-02
 Ca++                 3.7108E-07       4.9332E-11       9.2498E-05
 Mg++                 2.2622E-02       3.0074E-06       5.6388E+00
 K+                   4.5503E-04       6.0493E-08       1.1342E-01
 Na+                  8.3274E-03       1.1071E-06       2.0758E+00
 
 Concentrations of Individual Species, Exchangers, and Surface Complexes 
 ----------------------------------------------------------------------- 
 
                           Log        Log                 Concentration     
 Species              Molality   Activity      Molality    Mol/m^3 blk  Type
  NaX                   -2.113     -0.809     7.710E-03     1.922E+00  Exchange
  NaY                   -3.210     -0.951     6.173E-04     1.539E-01  Exchange
  KX                    -3.414     -2.109     3.859E-04     9.619E-02  Exchange
  KY                    -4.160     -1.902     6.916E-05     1.724E-02  Exchange
  CaX2                  -6.489     -4.884     3.241E-07     8.079E-05  Exchange
  CaY2                  -7.328     -4.769     4.696E-08     1.171E-05  Exchange
  MgX2                  -1.693     -0.087     2.029E-02     5.057E+00  Exchange
  MgY2                  -2.632     -0.072     2.335E-03     5.820E-01  Exchange
  ZnX2                  -3.568     -1.962     2.707E-04     6.748E-02  Exchange
  ZnY2                  -4.406     -1.847     3.922E-05     9.777E-03  Exchange
  PbX2                  -3.687     -2.082     2.056E-04     5.124E-02  Exchange
  PbY2                  -4.403     -1.844     3.952E-05     9.852E-03  Exchange
                           Log        Log                                 Activity
 Species              Molality   Activity      Molality      Activity   Coefficient    Type
  H+                    -7.981     -7.999     1.045E-08     1.003E-08     9.594E-01  Aqueous 
  SO4--                 -3.290     -3.366     5.132E-04     4.304E-04     8.386E-01  Aqueous 
  Zn++                  -7.108     -7.182     7.801E-08     6.569E-08     8.422E-01  Aqueous 
  Pb++                  -7.472     -7.548     3.374E-08     2.832E-08     8.395E-01  Aqueous 
  Ca++                 -10.030    -10.104     9.340E-11     7.866E-11     8.422E-01  Aqueous 
  Mg++                  -5.035     -5.108     9.228E-06     7.803E-06     8.456E-01  Aqueous 
  K+                    -5.000     -5.019     9.999E-06     9.563E-06     9.564E-01  Aqueous 
  Na+                   -3.000     -3.019     1.001E-03     9.577E-04     9.570E-01  Aqueous 
  OH-                   -5.980     -5.999     1.047E-06     1.002E-06     9.567E-01  Aqueous 
  HSO4-                 -9.359     -9.378     4.376E-10     4.189E-10     9.572E-01  Aqueous 
  CaSO4(aq)            -11.162    -11.161     6.894E-12     6.896E-12     1.000E+00  Aqueous 
  CaOH+                -14.867    -14.886     1.359E-15     1.302E-15     9.580E-01  Aqueous 
  CaHSO4+              -18.381    -18.401     4.159E-19     3.971E-19     9.548E-01  Aqueous 
  KSO4-                 -7.517     -7.536     3.043E-08     2.914E-08     9.577E-01  Aqueous 
  KOH(aq)              -11.481    -11.481     3.305E-12     3.306E-12     1.000E+00  Aqueous 
  MgSO4(aq)             -6.098     -6.098     7.985E-07     7.988E-07     1.000E+00  Aqueous 
  MgOH+                 -8.530     -8.549     2.948E-09     2.825E-09     9.582E-01  Aqueous 
  NaSO4-                -5.666     -5.685     2.157E-06     2.066E-06     9.577E-01  Aqueous 
  NaOH(aq)              -9.819     -9.819     1.518E-10     1.518E-10     1.000E+00  Aqueous 
  PbOH+                 -7.240     -7.259     5.754E-08     5.507E-08     9.570E-01  Aqueous 
  PbSO4(aq)             -8.164     -8.164     6.853E-09     6.855E-09     1.000E+00  Aqueous 
  Pb(OH)2(aq)           -8.671     -8.670     2.135E-09     2.136E-09     1.000E+00  Aqueous 
  Pb(SO4)2--           -10.730    -10.810     1.863E-11     1.548E-11     8.310E-01  Aqueous 
  Pb(OH)3-             -11.593    -11.612     2.555E-12     2.445E-12     9.570E-01  Aqueous 
  Pb2OH+++             -13.287    -13.457     5.164E-14     3.492E-14     6.763E-01  Aqueous 
  Pb(OH)4--            -15.173    -15.253     6.722E-16     5.586E-16     8.310E-01  Aqueous 
  ZnOH+                 -8.124     -8.144     7.509E-09     7.186E-09     9.570E-01  Aqueous 
  ZnSO4(aq)             -8.185     -8.185     6.530E-09     6.532E-09     1.000E+00  Aqueous 
  Zn(OH)2(aq)           -8.085     -8.085     8.219E-09     8.222E-09     1.000E+00  Aqueous 
  Zn(SO4)2--           -10.554    -10.635     2.790E-11     2.319E-11     8.310E-01  Aqueous 
  Zn(OH)3-             -11.567    -11.586     2.709E-12     2.592E-12     9.570E-01  Aqueous 
  Zn(OH)4--            -16.311    -16.388     4.885E-17     4.097E-17     8.386E-01  Aqueous 
 
  ****** Partial pressure of gases (bars) *****
 
 
  ***** Saturation state of minerals (log[Q/K] *****
 
 
 
  ***** Volum of minerals added or subtracted *****
 
 
 **************************************************************
 ------> GRID LOCATION:    34:  1:  1
 
  Temperature (C)    =     25.000
  Porosity           =      0.250
  Liquid Saturation  =      1.000
  Liquid Density     =    997.075
  Ionic Strength     =      0.002
  Solution pH        =      7.999
  Total Charge       = -1.219E-07
 
 Total Aqueous Concentrations of Primary Species 
 --------------------------------------- 
 
   Species              Molality       Type 
 H+                  -1.1250E-06     Aqueous      
 SO4--                5.1621E-04     Aqueous      
 Zn++                 1.0029E-07     Aqueous      
 Pb++                 1.0029E-07     Aqueous      
 Ca++                 1.0029E-10     Aqueous      
 Mg++                 1.0029E-05     Aqueous      
 K+                   1.0029E-05     Aqueous      
 Na+                  1.0029E-03     Aqueous      
 
 Exchangers           Equiv/kgw        Equiv/g solid    Equiv/m^3 bulk
 X-                   4.9623E-02       6.5970E-06       1.2369E+01
 Y-                   5.5136E-03       7.3300E-07       1.3744E+00
 
 Total Concentrations in Exchange Sites 
 -------------------------------------- 
 
 Exchangers           Equiv/kgw        Equiv/g solid    Equiv/m^3 bulk
 Zn++                 3.0992E-04       4.1202E-08       7.7253E-02
 Pb++                 2.4508E-04       3.2582E-08       6.1090E-02
 Ca++                 3.7108E-07       4.9332E-11       9.2498E-05
 Mg++                 2.2622E-02       3.0074E-06       5.6388E+00
 K+                   4.5503E-04       6.0493E-08       1.1342E-01
 Na+                  8.3274E-03       1.1071E-06       2.0758E+00
 
 Concentrations of Individual Species, Exchangers, and Surface Complexes 
 ----------------------------------------------------------------------- 
 
                           Log        Log                 Concentration     
 Species              Molality   Activity      Molality    Mol/m^3 blk  Type
  NaX                   -2.113     -0.809     7.710E-03     1.922E+00  Exchange
  NaY                   -3.210     -0.951     6.173E-04     1.539E-01  Exchange
  KX                    -3.414     -2.109     3.859E-04     9.619E-02  Exchange
  KY                    -4.160     -1.902     6.916E-05     1.724E-02  Exchange
  CaX2                  -6.489     -4.884     3.241E-07     8.079E-05  Exchange
  CaY2                  -7.328     -4.769     4.696E-08     1.171E-05  Exchange
  MgX2                  -1.693     -0.087     2.029E-02     5.057E+00  Exchange
  MgY2                  -2.632     -0.072     2.335E-03     5.820E-01  Exchange
  ZnX2                  -3.568     -1.962     2.707E-04     6.748E-02  Exchange
  ZnY2                  -4.406     -1.847     3.922E-05     9.777E-03  Exchange
  PbX2                  -3.687     -2.082     2.056E-04     5.124E-02  Exchange
  PbY2                  -4.403     -1.844     3.952E-05     9.852E-03  Exchange
                           Log        Log                                 Activity
 Species              Molality   Activity      Molality      Activity   Coefficient    Type
  H+                    -7.981     -7.999     1.045E-08     1.003E-08     9.594E-01  Aqueous 
  SO4--                 -3.290     -3.366     5.132E-04     4.304E-04     8.386E-01  Aqueous 
  Zn++                  -7.108     -7.182     7.801E-08     6.569E-08     8.422E-01  Aqueous 
  Pb++                  -7.472     -7.548     3.374E-08     2.832E-08     8.395E-01  Aqueous 
  Ca++                 -10.030    -10.104     9.340E-11     7.866E-11     8.422E-01  Aqueous 
  Mg++                  -5.035     -5.108     9.228E-06     7.803E-06     8.456E-01  Aqueous 
  K+                    -5.000     -5.019     9.999E-06     9.563E-06     9.564E-01  Aqueous 
  Na+                   -3.000     -3.019     1.001E-03     9.577E-04     9.570E-01  Aqueous 
  OH-                   -5.980     -5.999     1.047E-06     1.002E-06     9.567E-01  Aqueous 
  HSO4-                 -9.359     -9.378     4.376E-10     4.189E-10     9.572E-01  Aqueous 
  CaSO4(aq)            -11.162    -11.161     6.894E-12     6.896E-12     1.000E+00  Aqueous 
  CaOH+                -14.867    -14.886     1.359E-15     1.302E-15     9.580E-01  Aqueous 
  CaHSO4+              -18.381    -18.401     4.159E-19     3.971E-19     9.548E-01  Aqueous 
  KSO4-                 -7.517     -7.536     3.043E-08     2.914E-08     9.577E-01  Aqueous 
  KOH(aq)              -11.481    -11.481     3.305E-12     3.306E-12     1.000E+00  Aqueous 
  MgSO4(aq)             -6.098     -6.098     7.985E-07     7.988E-07     1.000E+00  Aqueous 
  MgOH+                 -8.530     -8.549     2.948E-09     2.825E-09     9.582E-01  Aqueous 
  NaSO4-                -5.666     -5.685     2.157E-06     2.066E-06     9.577E-01  Aqueous 
  NaOH(aq)              -9.819     -9.819     1.518E-10     1.518E-10     1.000E+00  Aqueous 
  PbOH+                 -7.240     -7.259     5.754E-08     5.507E-08     9.570E-01  Aqueous 
  PbSO4(aq)             -8.164     -8.164     6.853E-09     6.855E-09     1.000E+00  Aqueous 
  Pb(OH)2(aq)           -8.671     -8.670     2.135E-09     2.136E-09     1.000E+00  Aqueous 
  Pb(SO4)2--           -10.730    -10.810     1.863E-11     1.548E-11     8.310E-01  Aqueous 
  Pb(OH)3-             -11.593    -11.612     2.555E-12     2.445E-12     9.570E-01  Aqueous 
  Pb2OH+++             -13.287    -13.457     5.164E-14     3.492E-14     6.763E-01  Aqueous 
  Pb(OH)4--            -15.173    -15.253     6.722E-16     5.586E-16     8.310E-01  Aqueous 
  ZnOH+                 -8.124     -8.144     7.509E-09     7.186E-09     9.570E-01  Aqueous 
  ZnSO4(aq)             -8.185     -8.185     6.530E-09     6.532E-09     1.000E+00  Aqueous 
  Zn(OH)2(aq)           -8.085     -8.085     8.219E-09     8.222E-09     1.000E+00  Aqueous 
  Zn(SO4)2--           -10.554    -10.635     2.790E-11     2.319E-11     8.310E-01  Aqueous 
  Zn(OH)3-             -11.567    -11.586     2.709E-12     2.592E-12     9.570E-01  Aqueous 
  Zn(OH)4--            -16.311    -16.388     4.885E-17     4.097E-17     8.386E-01  Aqueous 
 
  ****** Partial pressure of gases (bars) *****
 
 
  ***** Saturation state of minerals (log[Q/K] *****
 
 
 
  ***** Volum of minerals added or subtracted *****
 
 
 **************************************************************
 ------> GRID LOCATION:    35:  1:  1
 
  Temperature (C)    =     25.000
  Porosity           =      0.250
  Liquid Saturation  =      1.000
  Liquid Density     =    997.075
  Ionic Strength     =      0.002
  Solution pH        =      7.999
  Total Charge       = -1.219E-07
 
 Total Aqueous Concentrations of Primary Species 
 --------------------------------------- 
 
   Species              Molality       Type 
 H+                  -1.1250E-06     Aqueous      
 SO4--                5.1621E-04     Aqueous      
 Zn++                 1.0029E-07     Aqueous      
 Pb++                 1.0029E-07     Aqueous      
 Ca++                 1.0029E-10     Aqueous      
 Mg++                 1.0029E-05     Aqueous      
 K+                   1.0029E-05     Aqueous      
 Na+                  1.0029E-03     Aqueous      
 
 Exchangers           Equiv/kgw        Equiv/g solid    Equiv/m^3 bulk
 X-                   4.9623E-02       6.5970E-06       1.2369E+01
 Y-                   5.5136E-03       7.3300E-07       1.3744E+00
 
 Total Concentrations in Exchange Sites 
 -------------------------------------- 
 
 Exchangers           Equiv/kgw        Equiv/g solid    Equiv/m^3 bulk
 Zn++                 3.0992E-04       4.1202E-08       7.7253E-02
 Pb++                 2.4508E-04       3.2582E-08       6.1090E-02
 Ca++                 3.7108E-07       4.9332E-11       9.2498E-05
 Mg++                 2.2622E-02       3.0074E-06       5.6388E+00
 K+                   4.5503E-04       6.0493E-08       1.1342E-01
 Na+                  8.3274E-03       1.1071E-06       2.0758E+00
 
 Concentrations of Individual Species, Exchangers, and Surface Complexes 
 ----------------------------------------------------------------------- 
 
                           Log        Log                 Concentration     
 Species              Molality   Activity      Molality    Mol/m^3 blk  Type
  NaX                   -2.113     -0.809     7.710E-03     1.922E+00  Exchange
  NaY                   -3.210     -0.951     6.173E-04     1.539E-01  Exchange
  KX                    -3.414     -2.109     3.859E-04     9.619E-02  Exchange
  KY                    -4.160     -1.902     6.916E-05     1.724E-02  Exchange
  CaX2                  -6.489     -4.884     3.241E-07     8.079E-05  Exchange
  CaY2                  -7.328     -4.769     4.696E-08     1.171E-05  Exchange
  MgX2                  -1.693     -0.087     2.029E-02     5.057E+00  Exchange
  MgY2                  -2.632     -0.072     2.335E-03     5.820E-01  Exchange
  ZnX2                  -3.568     -1.962     2.707E-04     6.748E-02  Exchange
  ZnY2                  -4.406     -1.847     3.922E-05     9.777E-03  Exchange
  PbX2                  -3.687     -2.082     2.056E-04     5.124E-02  Exchange
  PbY2                  -4.403     -1.844     3.952E-05     9.852E-03  Exchange
                           Log        Log                                 Activity
 Species              Molality   Activity      Molality      Activity   Coefficient    Type
  H+                    -7.981     -7.999     1.045E-08     1.003E-08     9.594E-01  Aqueous 
  SO4--                 -3.290     -3.366     5.132E-04     4.304E-04     8.386E-01  Aqueous 
  Zn++                  -7.108     -7.182     7.801E-08     6.569E-08     8.422E-01  Aqueous 
  Pb++                  -7.472     -7.548     3.374E-08     2.832E-08     8.395E-01  Aqueous 
  Ca++                 -10.030    -10.104     9.340E-11     7.866E-11     8.422E-01  Aqueous 
  Mg++                  -5.035     -5.108     9.228E-06     7.803E-06     8.456E-01  Aqueous 
  K+                    -5.000     -5.019     9.999E-06     9.563E-06     9.564E-01  Aqueous 
  Na+                   -3.000     -3.019     1.001E-03     9.577E-04     9.570E-01  Aqueous 
  OH-                   -5.980     -5.999     1.047E-06     1.002E-06     9.567E-01  Aqueous 
  HSO4-                 -9.359     -9.378     4.376E-10     4.189E-10     9.572E-01  Aqueous 
  CaSO4(aq)            -11.162    -11.161     6.894E-12     6.896E-12     1.000E+00  Aqueous 
  CaOH+                -14.867    -14.886     1.359E-15     1.302E-15     9.580E-01  Aqueous 
  CaHSO4+              -18.381    -18.401     4.159E-19     3.971E-19     9.548E-01  Aqueous 
  KSO4-                 -7.517     -7.536     3.043E-08     2.914E-08     9.577E-01  Aqueous 
  KOH(aq)              -11.481    -11.481     3.305E-12     3.306E-12     1.000E+00  Aqueous 
  MgSO4(aq)             -6.098     -6.098     7.985E-07     7.988E-07     1.000E+00  Aqueous 
  MgOH+                 -8.530     -8.549     2.948E-09     2.825E-09     9.582E-01  Aqueous 
  NaSO4-                -5.666     -5.685     2.157E-06     2.066E-06     9.577E-01  Aqueous 
  NaOH(aq)              -9.819     -9.819     1.518E-10     1.518E-10     1.000E+00  Aqueous 
  PbOH+                 -7.240     -7.259     5.754E-08     5.507E-08     9.570E-01  Aqueous 
  PbSO4(aq)             -8.164     -8.164     6.853E-09     6.855E-09     1.000E+00  Aqueous 
  Pb(OH)2(aq)           -8.671     -8.670     2.135E-09     2.136E-09     1.000E+00  Aqueous 
  Pb(SO4)2--           -10.730    -10.810     1.863E-11     1.548E-11     8.310E-01  Aqueous 
  Pb(OH)3-             -11.593    -11.612     2.555E-12     2.445E-12     9.570E-01  Aqueous 
  Pb2OH+++             -13.287    -13.457     5.164E-14     3.492E-14     6.763E-01  Aqueous 
  Pb(OH)4--            -15.173    -15.253     6.722E-16     5.586E-16     8.310E-01  Aqueous 
  ZnOH+                 -8.124     -8.144     7.509E-09     7.186E-09     9.570E-01  Aqueous 
  ZnSO4(aq)             -8.185     -8.185     6.530E-09     6.532E-09     1.000E+00  Aqueous 
  Zn(OH)2(aq)           -8.085     -8.085     8.219E-09     8.222E-09     1.000E+00  Aqueous 
  Zn(SO4)2--           -10.554    -10.635     2.790E-11     2.319E-11     8.310E-01  Aqueous 
  Zn(OH)3-             -11.567    -11.586     2.709E-12     2.592E-12     9.570E-01  Aqueous 
  Zn(OH)4--            -16.311    -16.388     4.885E-17     4.097E-17     8.386E-01  Aqueous 
 
  ****** Partial pressure of gases (bars) *****
 
 
  ***** Saturation state of minerals (log[Q/K] *****
 
 
 
  ***** Volum of minerals added or subtracted *****
 
 
 **************************************************************
 ------> GRID LOCATION:    36:  1:  1
 
  Temperature (C)    =     25.000
  Porosity           =      0.250
  Liquid Saturation  =      1.000
  Liquid Density     =    997.075
  Ionic Strength     =      0.002
  Solution pH        =      7.999
  Total Charge       = -1.219E-07
 
 Total Aqueous Concentrations of Primary Species 
 --------------------------------------- 
 
   Species              Molality       Type 
 H+                  -1.1250E-06     Aqueous      
 SO4--                5.1621E-04     Aqueous      
 Zn++                 1.0029E-07     Aqueous      
 Pb++                 1.0029E-07     Aqueous      
 Ca++                 1.0029E-10     Aqueous      
 Mg++                 1.0029E-05     Aqueous      
 K+                   1.0029E-05     Aqueous      
 Na+                  1.0029E-03     Aqueous      
 
 Exchangers           Equiv/kgw        Equiv/g solid    Equiv/m^3 bulk
 X-                   4.9623E-02       6.5970E-06       1.2369E+01
 Y-                   5.5136E-03       7.3300E-07       1.3744E+00
 
 Total Concentrations in Exchange Sites 
 -------------------------------------- 
 
 Exchangers           Equiv/kgw        Equiv/g solid    Equiv/m^3 bulk
 Zn++                 3.0992E-04       4.1202E-08       7.7253E-02
 Pb++                 2.4508E-04       3.2582E-08       6.1090E-02
 Ca++                 3.7108E-07       4.9332E-11       9.2498E-05
 Mg++                 2.2622E-02       3.0074E-06       5.6388E+00
 K+                   4.5503E-04       6.0493E-08       1.1342E-01
 Na+                  8.3274E-03       1.1071E-06       2.0758E+00
 
 Concentrations of Individual Species, Exchangers, and Surface Complexes 
 ----------------------------------------------------------------------- 
 
                           Log        Log                 Concentration     
 Species              Molality   Activity      Molality    Mol/m^3 blk  Type
  NaX                   -2.113     -0.809     7.710E-03     1.922E+00  Exchange
  NaY                   -3.210     -0.951     6.173E-04     1.539E-01  Exchange
  KX                    -3.414     -2.109     3.859E-04     9.619E-02  Exchange
  KY                    -4.160     -1.902     6.916E-05     1.724E-02  Exchange
  CaX2                  -6.489     -4.884     3.241E-07     8.079E-05  Exchange
  CaY2                  -7.328     -4.769     4.696E-08     1.171E-05  Exchange
  MgX2                  -1.693     -0.087     2.029E-02     5.057E+00  Exchange
  MgY2                  -2.632     -0.072     2.335E-03     5.820E-01  Exchange
  ZnX2                  -3.568     -1.962     2.707E-04     6.748E-02  Exchange
  ZnY2                  -4.406     -1.847     3.922E-05     9.777E-03  Exchange
  PbX2                  -3.687     -2.082     2.056E-04     5.124E-02  Exchange
  PbY2                  -4.403     -1.844     3.952E-05     9.852E-03  Exchange
                           Log        Log                                 Activity
 Species              Molality   Activity      Molality      Activity   Coefficient    Type
  H+                    -7.981     -7.999     1.045E-08     1.003E-08     9.594E-01  Aqueous 
  SO4--                 -3.290     -3.366     5.132E-04     4.304E-04     8.386E-01  Aqueous 
  Zn++                  -7.108     -7.182     7.801E-08     6.569E-08     8.422E-01  Aqueous 
  Pb++                  -7.472     -7.548     3.374E-08     2.832E-08     8.395E-01  Aqueous 
  Ca++                 -10.030    -10.104     9.340E-11     7.866E-11     8.422E-01  Aqueous 
  Mg++                  -5.035     -5.108     9.228E-06     7.803E-06     8.456E-01  Aqueous 
  K+                    -5.000     -5.019     9.999E-06     9.563E-06     9.564E-01  Aqueous 
  Na+                   -3.000     -3.019     1.001E-03     9.577E-04     9.570E-01  Aqueous 
  OH-                   -5.980     -5.999     1.047E-06     1.002E-06     9.567E-01  Aqueous 
  HSO4-                 -9.359     -9.378     4.376E-10     4.189E-10     9.572E-01  Aqueous 
  CaSO4(aq)            -11.162    -11.161     6.894E-12     6.896E-12     1.000E+00  Aqueous 
  CaOH+                -14.867    -14.886     1.359E-15     1.302E-15     9.580E-01  Aqueous 
  CaHSO4+              -18.381    -18.401     4.159E-19     3.971E-19     9.548E-01  Aqueous 
  KSO4-                 -7.517     -7.536     3.043E-08     2.914E-08     9.577E-01  Aqueous 
  KOH(aq)              -11.481    -11.481     3.305E-12     3.306E-12     1.000E+00  Aqueous 
  MgSO4(aq)             -6.098     -6.098     7.985E-07     7.988E-07     1.000E+00  Aqueous 
  MgOH+                 -8.530     -8.549     2.948E-09     2.825E-09     9.582E-01  Aqueous 
  NaSO4-                -5.666     -5.685     2.157E-06     2.066E-06     9.577E-01  Aqueous 
  NaOH(aq)              -9.819     -9.819     1.518E-10     1.518E-10     1.000E+00  Aqueous 
  PbOH+                 -7.240     -7.259     5.754E-08     5.507E-08     9.570E-01  Aqueous 
  PbSO4(aq)             -8.164     -8.164     6.853E-09     6.855E-09     1.000E+00  Aqueous 
  Pb(OH)2(aq)           -8.671     -8.670     2.135E-09     2.136E-09     1.000E+00  Aqueous 
  Pb(SO4)2--           -10.730    -10.810     1.863E-11     1.548E-11     8.310E-01  Aqueous 
  Pb(OH)3-             -11.593    -11.612     2.555E-12     2.445E-12     9.570E-01  Aqueous 
  Pb2OH+++             -13.287    -13.457     5.164E-14     3.492E-14     6.763E-01  Aqueous 
  Pb(OH)4--            -15.173    -15.253     6.722E-16     5.586E-16     8.310E-01  Aqueous 
  ZnOH+                 -8.124     -8.144     7.509E-09     7.186E-09     9.570E-01  Aqueous 
  ZnSO4(aq)             -8.185     -8.185     6.530E-09     6.532E-09     1.000E+00  Aqueous 
  Zn(OH)2(aq)           -8.085     -8.085     8.219E-09     8.222E-09     1.000E+00  Aqueous 
  Zn(SO4)2--           -10.554    -10.635     2.790E-11     2.319E-11     8.310E-01  Aqueous 
  Zn(OH)3-             -11.567    -11.586     2.709E-12     2.592E-12     9.570E-01  Aqueous 
  Zn(OH)4--            -16.311    -16.388     4.885E-17     4.097E-17     8.386E-01  Aqueous 
 
  ****** Partial pressure of gases (bars) *****
 
 
  ***** Saturation state of minerals (log[Q/K] *****
 
 
 
  ***** Volum of minerals added or subtracted *****
 
 
 **************************************************************
 ------> GRID LOCATION:    37:  1:  1
 
  Temperature (C)    =     25.000
  Porosity           =      0.250
  Liquid Saturation  =      1.000
  Liquid Density     =    997.075
  Ionic Strength     =      0.002
  Solution pH        =      7.999
  Total Charge       = -1.219E-07
 
 Total Aqueous Concentrations of Primary Species 
 --------------------------------------- 
 
   Species              Molality       Type 
 H+                  -1.1250E-06     Aqueous      
 SO4--                5.1621E-04     Aqueous      
 Zn++                 1.0029E-07     Aqueous      
 Pb++                 1.0029E-07     Aqueous      
 Ca++                 1.0029E-10     Aqueous      
 Mg++                 1.0029E-05     Aqueous      
 K+                   1.0029E-05     Aqueous      
 Na+                  1.0029E-03     Aqueous      
 
 Exchangers           Equiv/kgw        Equiv/g solid    Equiv/m^3 bulk
 X-                   4.9623E-02       6.5970E-06       1.2369E+01
 Y-                   5.5136E-03       7.3300E-07       1.3744E+00
 
 Total Concentrations in Exchange Sites 
 -------------------------------------- 
 
 Exchangers           Equiv/kgw        Equiv/g solid    Equiv/m^3 bulk
 Zn++                 3.0992E-04       4.1202E-08       7.7253E-02
 Pb++                 2.4508E-04       3.2582E-08       6.1090E-02
 Ca++                 3.7108E-07       4.9332E-11       9.2498E-05
 Mg++                 2.2622E-02       3.0074E-06       5.6388E+00
 K+                   4.5503E-04       6.0493E-08       1.1342E-01
 Na+                  8.3274E-03       1.1071E-06       2.0758E+00
 
 Concentrations of Individual Species, Exchangers, and Surface Complexes 
 ----------------------------------------------------------------------- 
 
                           Log        Log                 Concentration     
 Species              Molality   Activity      Molality    Mol/m^3 blk  Type
  NaX                   -2.113     -0.809     7.710E-03     1.922E+00  Exchange
  NaY                   -3.210     -0.951     6.173E-04     1.539E-01  Exchange
  KX                    -3.414     -2.109     3.859E-04     9.619E-02  Exchange
  KY                    -4.160     -1.902     6.916E-05     1.724E-02  Exchange
  CaX2                  -6.489     -4.884     3.241E-07     8.079E-05  Exchange
  CaY2                  -7.328     -4.769     4.696E-08     1.171E-05  Exchange
  MgX2                  -1.693     -0.087     2.029E-02     5.057E+00  Exchange
  MgY2                  -2.632     -0.072     2.335E-03     5.820E-01  Exchange
  ZnX2                  -3.568     -1.962     2.707E-04     6.748E-02  Exchange
  ZnY2                  -4.406     -1.847     3.922E-05     9.777E-03  Exchange
  PbX2                  -3.687     -2.082     2.056E-04     5.124E-02  Exchange
  PbY2                  -4.403     -1.844     3.952E-05     9.852E-03  Exchange
                           Log        Log                                 Activity
 Species              Molality   Activity      Molality      Activity   Coefficient    Type
  H+                    -7.981     -7.999     1.045E-08     1.003E-08     9.594E-01  Aqueous 
  SO4--                 -3.290     -3.366     5.132E-04     4.304E-04     8.386E-01  Aqueous 
  Zn++                  -7.108     -7.182     7.801E-08     6.569E-08     8.422E-01  Aqueous 
  Pb++                  -7.472     -7.548     3.374E-08     2.832E-08     8.395E-01  Aqueous 
  Ca++                 -10.030    -10.104     9.340E-11     7.866E-11     8.422E-01  Aqueous 
  Mg++                  -5.035     -5.108     9.228E-06     7.803E-06     8.456E-01  Aqueous 
  K+                    -5.000     -5.019     9.999E-06     9.563E-06     9.564E-01  Aqueous 
  Na+                   -3.000     -3.019     1.001E-03     9.577E-04     9.570E-01  Aqueous 
  OH-                   -5.980     -5.999     1.047E-06     1.002E-06     9.567E-01  Aqueous 
  HSO4-                 -9.359     -9.378     4.376E-10     4.189E-10     9.572E-01  Aqueous 
  CaSO4(aq)            -11.162    -11.161     6.894E-12     6.896E-12     1.000E+00  Aqueous 
  CaOH+                -14.867    -14.886     1.359E-15     1.302E-15     9.580E-01  Aqueous 
  CaHSO4+              -18.381    -18.401     4.159E-19     3.971E-19     9.548E-01  Aqueous 
  KSO4-                 -7.517     -7.536     3.043E-08     2.914E-08     9.577E-01  Aqueous 
  KOH(aq)              -11.481    -11.481     3.305E-12     3.306E-12     1.000E+00  Aqueous 
  MgSO4(aq)             -6.098     -6.098     7.985E-07     7.988E-07     1.000E+00  Aqueous 
  MgOH+                 -8.530     -8.549     2.948E-09     2.825E-09     9.582E-01  Aqueous 
  NaSO4-                -5.666     -5.685     2.157E-06     2.066E-06     9.577E-01  Aqueous 
  NaOH(aq)              -9.819     -9.819     1.518E-10     1.518E-10     1.000E+00  Aqueous 
  PbOH+                 -7.240     -7.259     5.754E-08     5.507E-08     9.570E-01  Aqueous 
  PbSO4(aq)             -8.164     -8.164     6.853E-09     6.855E-09     1.000E+00  Aqueous 
  Pb(OH)2(aq)           -8.671     -8.670     2.135E-09     2.136E-09     1.000E+00  Aqueous 
  Pb(SO4)2--           -10.730    -10.810     1.863E-11     1.548E-11     8.310E-01  Aqueous 
  Pb(OH)3-             -11.593    -11.612     2.555E-12     2.445E-12     9.570E-01  Aqueous 
  Pb2OH+++             -13.287    -13.457     5.164E-14     3.492E-14     6.763E-01  Aqueous 
  Pb(OH)4--            -15.173    -15.253     6.722E-16     5.586E-16     8.310E-01  Aqueous 
  ZnOH+                 -8.124     -8.144     7.509E-09     7.186E-09     9.570E-01  Aqueous 
  ZnSO4(aq)             -8.185     -8.185     6.530E-09     6.532E-09     1.000E+00  Aqueous 
  Zn(OH)2(aq)           -8.085     -8.085     8.219E-09     8.222E-09     1.000E+00  Aqueous 
  Zn(SO4)2--           -10.554    -10.635     2.790E-11     2.319E-11     8.310E-01  Aqueous 
  Zn(OH)3-             -11.567    -11.586     2.709E-12     2.592E-12     9.570E-01  Aqueous 
  Zn(OH)4--            -16.311    -16.388     4.885E-17     4.097E-17     8.386E-01  Aqueous 
 
  ****** Partial pressure of gases (bars) *****
 
 
  ***** Saturation state of minerals (log[Q/K] *****
 
 
 
  ***** Volum of minerals added or subtracted *****
 
 
 **************************************************************
 ------> GRID LOCATION:    38:  1:  1
 
  Temperature (C)    =     25.000
  Porosity           =      0.250
  Liquid Saturation  =      1.000
  Liquid Density     =    997.075
  Ionic Strength     =      0.002
  Solution pH        =      7.999
  Total Charge       = -1.219E-07
 
 Total Aqueous Concentrations of Primary Species 
 --------------------------------------- 
 
   Species              Molality       Type 
 H+                  -1.1250E-06     Aqueous      
 SO4--                5.1621E-04     Aqueous      
 Zn++                 1.0029E-07     Aqueous      
 Pb++                 1.0029E-07     Aqueous      
 Ca++                 1.0029E-10     Aqueous      
 Mg++                 1.0029E-05     Aqueous      
 K+                   1.0029E-05     Aqueous      
 Na+                  1.0029E-03     Aqueous      
 
 Exchangers           Equiv/kgw        Equiv/g solid    Equiv/m^3 bulk
 X-                   4.9623E-02       6.5970E-06       1.2369E+01
 Y-                   5.5136E-03       7.3300E-07       1.3744E+00
 
 Total Concentrations in Exchange Sites 
 -------------------------------------- 
 
 Exchangers           Equiv/kgw        Equiv/g solid    Equiv/m^3 bulk
 Zn++                 3.0992E-04       4.1202E-08       7.7253E-02
 Pb++                 2.4508E-04       3.2582E-08       6.1090E-02
 Ca++                 3.7108E-07       4.9332E-11       9.2498E-05
 Mg++                 2.2622E-02       3.0074E-06       5.6388E+00
 K+                   4.5503E-04       6.0493E-08       1.1342E-01
 Na+                  8.3274E-03       1.1071E-06       2.0758E+00
 
 Concentrations of Individual Species, Exchangers, and Surface Complexes 
 ----------------------------------------------------------------------- 
 
                           Log        Log                 Concentration     
 Species              Molality   Activity      Molality    Mol/m^3 blk  Type
  NaX                   -2.113     -0.809     7.710E-03     1.922E+00  Exchange
  NaY                   -3.210     -0.951     6.173E-04     1.539E-01  Exchange
  KX                    -3.414     -2.109     3.859E-04     9.619E-02  Exchange
  KY                    -4.160     -1.902     6.916E-05     1.724E-02  Exchange
  CaX2                  -6.489     -4.884     3.241E-07     8.079E-05  Exchange
  CaY2                  -7.328     -4.769     4.696E-08     1.171E-05  Exchange
  MgX2                  -1.693     -0.087     2.029E-02     5.057E+00  Exchange
  MgY2                  -2.632     -0.072     2.335E-03     5.820E-01  Exchange
  ZnX2                  -3.568     -1.962     2.707E-04     6.748E-02  Exchange
  ZnY2                  -4.406     -1.847     3.922E-05     9.777E-03  Exchange
  PbX2                  -3.687     -2.082     2.056E-04     5.124E-02  Exchange
  PbY2                  -4.403     -1.844     3.952E-05     9.852E-03  Exchange
                           Log        Log                                 Activity
 Species              Molality   Activity      Molality      Activity   Coefficient    Type
  H+                    -7.981     -7.999     1.045E-08     1.003E-08     9.594E-01  Aqueous 
  SO4--                 -3.290     -3.366     5.132E-04     4.304E-04     8.386E-01  Aqueous 
  Zn++                  -7.108     -7.182     7.801E-08     6.569E-08     8.422E-01  Aqueous 
  Pb++                  -7.472     -7.548     3.374E-08     2.832E-08     8.395E-01  Aqueous 
  Ca++                 -10.030    -10.104     9.340E-11     7.866E-11     8.422E-01  Aqueous 
  Mg++                  -5.035     -5.108     9.228E-06     7.803E-06     8.456E-01  Aqueous 
  K+                    -5.000     -5.019     9.999E-06     9.563E-06     9.564E-01  Aqueous 
  Na+                   -3.000     -3.019     1.001E-03     9.577E-04     9.570E-01  Aqueous 
  OH-                   -5.980     -5.999     1.047E-06     1.002E-06     9.567E-01  Aqueous 
  HSO4-                 -9.359     -9.378     4.376E-10     4.189E-10     9.572E-01  Aqueous 
  CaSO4(aq)            -11.162    -11.161     6.894E-12     6.896E-12     1.000E+00  Aqueous 
  CaOH+                -14.867    -14.886     1.359E-15     1.302E-15     9.580E-01  Aqueous 
  CaHSO4+              -18.381    -18.401     4.159E-19     3.971E-19     9.548E-01  Aqueous 
  KSO4-                 -7.517     -7.536     3.043E-08     2.914E-08     9.577E-01  Aqueous 
  KOH(aq)              -11.481    -11.481     3.305E-12     3.306E-12     1.000E+00  Aqueous 
  MgSO4(aq)             -6.098     -6.098     7.985E-07     7.988E-07     1.000E+00  Aqueous 
  MgOH+                 -8.530     -8.549     2.948E-09     2.825E-09     9.582E-01  Aqueous 
  NaSO4-                -5.666     -5.685     2.157E-06     2.066E-06     9.577E-01  Aqueous 
  NaOH(aq)              -9.819     -9.819     1.518E-10     1.518E-10     1.000E+00  Aqueous 
  PbOH+                 -7.240     -7.259     5.754E-08     5.507E-08     9.570E-01  Aqueous 
  PbSO4(aq)             -8.164     -8.164     6.853E-09     6.855E-09     1.000E+00  Aqueous 
  Pb(OH)2(aq)           -8.671     -8.670     2.135E-09     2.136E-09     1.000E+00  Aqueous 
  Pb(SO4)2--           -10.730    -10.810     1.863E-11     1.548E-11     8.310E-01  Aqueous 
  Pb(OH)3-             -11.593    -11.612     2.555E-12     2.445E-12     9.570E-01  Aqueous 
  Pb2OH+++             -13.287    -13.457     5.164E-14     3.492E-14     6.763E-01  Aqueous 
  Pb(OH)4--            -15.173    -15.253     6.722E-16     5.586E-16     8.310E-01  Aqueous 
  ZnOH+                 -8.124     -8.144     7.509E-09     7.186E-09     9.570E-01  Aqueous 
  ZnSO4(aq)             -8.185     -8.185     6.530E-09     6.532E-09     1.000E+00  Aqueous 
  Zn(OH)2(aq)           -8.085     -8.085     8.219E-09     8.222E-09     1.000E+00  Aqueous 
  Zn(SO4)2--           -10.554    -10.635     2.790E-11     2.319E-11     8.310E-01  Aqueous 
  Zn(OH)3-             -11.567    -11.586     2.709E-12     2.592E-12     9.570E-01  Aqueous 
  Zn(OH)4--            -16.311    -16.388     4.885E-17     4.097E-17     8.386E-01  Aqueous 
 
  ****** Partial pressure of gases (bars) *****
 
 
  ***** Saturation state of minerals (log[Q/K] *****
 
 
 
  ***** Volum of minerals added or subtracted *****
 
 
 **************************************************************
 ------> GRID LOCATION:    39:  1:  1
 
  Temperature (C)    =     25.000
  Porosity           =      0.250
  Liquid Saturation  =      1.000
  Liquid Density     =    997.075
  Ionic Strength     =      0.002
  Solution pH        =      7.999
  Total Charge       = -1.219E-07
 
 Total Aqueous Concentrations of Primary Species 
 --------------------------------------- 
 
   Species              Molality       Type 
 H+                  -1.1250E-06     Aqueous      
 SO4--                5.1621E-04     Aqueous      
 Zn++                 1.0029E-07     Aqueous      
 Pb++                 1.0029E-07     Aqueous      
 Ca++                 1.0029E-10     Aqueous      
 Mg++                 1.0029E-05     Aqueous      
 K+                   1.0029E-05     Aqueous      
 Na+                  1.0029E-03     Aqueous      
 
 Exchangers           Equiv/kgw        Equiv/g solid    Equiv/m^3 bulk
 X-                   4.9623E-02       6.5970E-06       1.2369E+01
 Y-                   5.5136E-03       7.3300E-07       1.3744E+00
 
 Total Concentrations in Exchange Sites 
 -------------------------------------- 
 
 Exchangers           Equiv/kgw        Equiv/g solid    Equiv/m^3 bulk
 Zn++                 3.0992E-04       4.1202E-08       7.7253E-02
 Pb++                 2.4508E-04       3.2582E-08       6.1090E-02
 Ca++                 3.7108E-07       4.9332E-11       9.2498E-05
 Mg++                 2.2622E-02       3.0074E-06       5.6388E+00
 K+                   4.5503E-04       6.0493E-08       1.1342E-01
 Na+                  8.3274E-03       1.1071E-06       2.0758E+00
 
 Concentrations of Individual Species, Exchangers, and Surface Complexes 
 ----------------------------------------------------------------------- 
 
                           Log        Log                 Concentration     
 Species              Molality   Activity      Molality    Mol/m^3 blk  Type
  NaX                   -2.113     -0.809     7.710E-03     1.922E+00  Exchange
  NaY                   -3.210     -0.951     6.173E-04     1.539E-01  Exchange
  KX                    -3.414     -2.109     3.859E-04     9.619E-02  Exchange
  KY                    -4.160     -1.902     6.916E-05     1.724E-02  Exchange
  CaX2                  -6.489     -4.884     3.241E-07     8.079E-05  Exchange
  CaY2                  -7.328     -4.769     4.696E-08     1.171E-05  Exchange
  MgX2                  -1.693     -0.087     2.029E-02     5.057E+00  Exchange
  MgY2                  -2.632     -0.072     2.335E-03     5.820E-01  Exchange
  ZnX2                  -3.568     -1.962     2.707E-04     6.748E-02  Exchange
  ZnY2                  -4.406     -1.847     3.922E-05     9.777E-03  Exchange
  PbX2                  -3.687     -2.082     2.056E-04     5.124E-02  Exchange
  PbY2                  -4.403     -1.844     3.952E-05     9.852E-03  Exchange
                           Log        Log                                 Activity
 Species              Molality   Activity      Molality      Activity   Coefficient    Type
  H+                    -7.981     -7.999     1.045E-08     1.003E-08     9.594E-01  Aqueous 
  SO4--                 -3.290     -3.366     5.132E-04     4.304E-04     8.386E-01  Aqueous 
  Zn++                  -7.108     -7.182     7.801E-08     6.569E-08     8.422E-01  Aqueous 
  Pb++                  -7.472     -7.548     3.374E-08     2.832E-08     8.395E-01  Aqueous 
  Ca++                 -10.030    -10.104     9.340E-11     7.866E-11     8.422E-01  Aqueous 
  Mg++                  -5.035     -5.108     9.228E-06     7.803E-06     8.456E-01  Aqueous 
  K+                    -5.000     -5.019     9.999E-06     9.563E-06     9.564E-01  Aqueous 
  Na+                   -3.000     -3.019     1.001E-03     9.577E-04     9.570E-01  Aqueous 
  OH-                   -5.980     -5.999     1.047E-06     1.002E-06     9.567E-01  Aqueous 
  HSO4-                 -9.359     -9.378     4.376E-10     4.189E-10     9.572E-01  Aqueous 
  CaSO4(aq)            -11.162    -11.161     6.894E-12     6.896E-12     1.000E+00  Aqueous 
  CaOH+                -14.867    -14.886     1.359E-15     1.302E-15     9.580E-01  Aqueous 
  CaHSO4+              -18.381    -18.401     4.159E-19     3.971E-19     9.548E-01  Aqueous 
  KSO4-                 -7.517     -7.536     3.043E-08     2.914E-08     9.577E-01  Aqueous 
  KOH(aq)              -11.481    -11.481     3.305E-12     3.306E-12     1.000E+00  Aqueous 
  MgSO4(aq)             -6.098     -6.098     7.985E-07     7.988E-07     1.000E+00  Aqueous 
  MgOH+                 -8.530     -8.549     2.948E-09     2.825E-09     9.582E-01  Aqueous 
  NaSO4-                -5.666     -5.685     2.157E-06     2.066E-06     9.577E-01  Aqueous 
  NaOH(aq)              -9.819     -9.819     1.518E-10     1.518E-10     1.000E+00  Aqueous 
  PbOH+                 -7.240     -7.259     5.754E-08     5.507E-08     9.570E-01  Aqueous 
  PbSO4(aq)             -8.164     -8.164     6.853E-09     6.855E-09     1.000E+00  Aqueous 
  Pb(OH)2(aq)           -8.671     -8.670     2.135E-09     2.136E-09     1.000E+00  Aqueous 
  Pb(SO4)2--           -10.730    -10.810     1.863E-11     1.548E-11     8.310E-01  Aqueous 
  Pb(OH)3-             -11.593    -11.612     2.555E-12     2.445E-12     9.570E-01  Aqueous 
  Pb2OH+++             -13.287    -13.457     5.164E-14     3.492E-14     6.763E-01  Aqueous 
  Pb(OH)4--            -15.173    -15.253     6.722E-16     5.586E-16     8.310E-01  Aqueous 
  ZnOH+                 -8.124     -8.144     7.509E-09     7.186E-09     9.570E-01  Aqueous 
  ZnSO4(aq)             -8.185     -8.185     6.530E-09     6.532E-09     1.000E+00  Aqueous 
  Zn(OH)2(aq)           -8.085     -8.085     8.219E-09     8.222E-09     1.000E+00  Aqueous 
  Zn(SO4)2--           -10.554    -10.635     2.790E-11     2.319E-11     8.310E-01  Aqueous 
  Zn(OH)3-             -11.567    -11.586     2.709E-12     2.592E-12     9.570E-01  Aqueous 
  Zn(OH)4--            -16.311    -16.388     4.885E-17     4.097E-17     8.386E-01  Aqueous 
 
  ****** Partial pressure of gases (bars) *****
 
 
  ***** Saturation state of minerals (log[Q/K] *****
 
 
 
  ***** Volum of minerals added or subtracted *****
 
 
 **************************************************************
 ------> GRID LOCATION:    40:  1:  1
 
  Temperature (C)    =     25.000
  Porosity           =      0.250
  Liquid Saturation  =      1.000
  Liquid Density     =    997.075
  Ionic Strength     =      0.002
  Solution pH        =      7.999
  Total Charge       = -1.219E-07
 
 Total Aqueous Concentrations of Primary Species 
 --------------------------------------- 
 
   Species              Molality       Type 
 H+                  -1.1250E-06     Aqueous      
 SO4--                5.1621E-04     Aqueous      
 Zn++                 1.0029E-07     Aqueous      
 Pb++                 1.0029E-07     Aqueous      
 Ca++                 1.0029E-10     Aqueous      
 Mg++                 1.0029E-05     Aqueous      
 K+                   1.0029E-05     Aqueous      
 Na+                  1.0029E-03     Aqueous      
 
 Exchangers           Equiv/kgw        Equiv/g solid    Equiv/m^3 bulk
 X-                   4.9623E-02       6.5970E-06       1.2369E+01
 Y-                   5.5136E-03       7.3300E-07       1.3744E+00
 
 Total Concentrations in Exchange Sites 
 -------------------------------------- 
 
 Exchangers           Equiv/kgw        Equiv/g solid    Equiv/m^3 bulk
 Zn++                 3.0992E-04       4.1202E-08       7.7253E-02
 Pb++                 2.4508E-04       3.2582E-08       6.1090E-02
 Ca++                 3.7108E-07       4.9332E-11       9.2498E-05
 Mg++                 2.2622E-02       3.0074E-06       5.6388E+00
 K+                   4.5503E-04       6.0493E-08       1.1342E-01
 Na+                  8.3274E-03       1.1071E-06       2.0758E+00
 
 Concentrations of Individual Species, Exchangers, and Surface Complexes 
 ----------------------------------------------------------------------- 
 
                           Log        Log                 Concentration     
 Species              Molality   Activity      Molality    Mol/m^3 blk  Type
  NaX                   -2.113     -0.809     7.710E-03     1.922E+00  Exchange
  NaY                   -3.210     -0.951     6.173E-04     1.539E-01  Exchange
  KX                    -3.414     -2.109     3.859E-04     9.619E-02  Exchange
  KY                    -4.160     -1.902     6.916E-05     1.724E-02  Exchange
  CaX2                  -6.489     -4.884     3.241E-07     8.079E-05  Exchange
  CaY2                  -7.328     -4.769     4.696E-08     1.171E-05  Exchange
  MgX2                  -1.693     -0.087     2.029E-02     5.057E+00  Exchange
  MgY2                  -2.632     -0.072     2.335E-03     5.820E-01  Exchange
  ZnX2                  -3.568     -1.962     2.707E-04     6.748E-02  Exchange
  ZnY2                  -4.406     -1.847     3.922E-05     9.777E-03  Exchange
  PbX2                  -3.687     -2.082     2.056E-04     5.124E-02  Exchange
  PbY2                  -4.403     -1.844     3.952E-05     9.852E-03  Exchange
                           Log        Log                                 Activity
 Species              Molality   Activity      Molality      Activity   Coefficient    Type
  H+                    -7.981     -7.999     1.045E-08     1.003E-08     9.594E-01  Aqueous 
  SO4--                 -3.290     -3.366     5.132E-04     4.304E-04     8.386E-01  Aqueous 
  Zn++                  -7.108     -7.182     7.801E-08     6.569E-08     8.422E-01  Aqueous 
  Pb++                  -7.472     -7.548     3.374E-08     2.832E-08     8.395E-01  Aqueous 
  Ca++                 -10.030    -10.104     9.340E-11     7.866E-11     8.422E-01  Aqueous 
  Mg++                  -5.035     -5.108     9.228E-06     7.803E-06     8.456E-01  Aqueous 
  K+                    -5.000     -5.019     9.999E-06     9.563E-06     9.564E-01  Aqueous 
  Na+                   -3.000     -3.019     1.001E-03     9.577E-04     9.570E-01  Aqueous 
  OH-                   -5.980     -5.999     1.047E-06     1.002E-06     9.567E-01  Aqueous 
  HSO4-                 -9.359     -9.378     4.376E-10     4.189E-10     9.572E-01  Aqueous 
  CaSO4(aq)            -11.162    -11.161     6.894E-12     6.896E-12     1.000E+00  Aqueous 
  CaOH+                -14.867    -14.886     1.359E-15     1.302E-15     9.580E-01  Aqueous 
  CaHSO4+              -18.381    -18.401     4.159E-19     3.971E-19     9.548E-01  Aqueous 
  KSO4-                 -7.517     -7.536     3.043E-08     2.914E-08     9.577E-01  Aqueous 
  KOH(aq)              -11.481    -11.481     3.305E-12     3.306E-12     1.000E+00  Aqueous 
  MgSO4(aq)             -6.098     -6.098     7.985E-07     7.988E-07     1.000E+00  Aqueous 
  MgOH+                 -8.530     -8.549     2.948E-09     2.825E-09     9.582E-01  Aqueous 
  NaSO4-                -5.666     -5.685     2.157E-06     2.066E-06     9.577E-01  Aqueous 
  NaOH(aq)              -9.819     -9.819     1.518E-10     1.518E-10     1.000E+00  Aqueous 
  PbOH+                 -7.240     -7.259     5.754E-08     5.507E-08     9.570E-01  Aqueous 
  PbSO4(aq)             -8.164     -8.164     6.853E-09     6.855E-09     1.000E+00  Aqueous 
  Pb(OH)2(aq)           -8.671     -8.670     2.135E-09     2.136E-09     1.000E+00  Aqueous 
  Pb(SO4)2--           -10.730    -10.810     1.863E-11     1.548E-11     8.310E-01  Aqueous 
  Pb(OH)3-             -11.593    -11.612     2.555E-12     2.445E-12     9.570E-01  Aqueous 
  Pb2OH+++             -13.287    -13.457     5.164E-14     3.492E-14     6.763E-01  Aqueous 
  Pb(OH)4--            -15.173    -15.253     6.722E-16     5.586E-16     8.310E-01  Aqueous 
  ZnOH+                 -8.124     -8.144     7.509E-09     7.186E-09     9.570E-01  Aqueous 
  ZnSO4(aq)             -8.185     -8.185     6.530E-09     6.532E-09     1.000E+00  Aqueous 
  Zn(OH)2(aq)           -8.085     -8.085     8.219E-09     8.222E-09     1.000E+00  Aqueous 
  Zn(SO4)2--           -10.554    -10.635     2.790E-11     2.319E-11     8.310E-01  Aqueous 
  Zn(OH)3-             -11.567    -11.586     2.709E-12     2.592E-12     9.570E-01  Aqueous 
  Zn(OH)4--            -16.311    -16.388     4.885E-17     4.097E-17     8.386E-01  Aqueous 
 
  ****** Partial pressure of gases (bars) *****
 
 
  ***** Saturation state of minerals (log[Q/K] *****
 
 
 
  ***** Volum of minerals added or subtracted *****
 
 
 **************************************************************
 ------> GRID LOCATION:    41:  1:  1
 
  Temperature (C)    =     25.000
  Porosity           =      0.250
  Liquid Saturation  =      1.000
  Liquid Density     =    997.075
  Ionic Strength     =      0.002
  Solution pH        =      7.999
  Total Charge       = -1.219E-07
 
 Total Aqueous Concentrations of Primary Species 
 --------------------------------------- 
 
   Species              Molality       Type 
 H+                  -1.1250E-06     Aqueous      
 SO4--                5.1621E-04     Aqueous      
 Zn++                 1.0029E-07     Aqueous      
 Pb++                 1.0029E-07     Aqueous      
 Ca++                 1.0029E-10     Aqueous      
 Mg++                 1.0029E-05     Aqueous      
 K+                   1.0029E-05     Aqueous      
 Na+                  1.0029E-03     Aqueous      
 
 Exchangers           Equiv/kgw        Equiv/g solid    Equiv/m^3 bulk
 X-                   4.9623E-02       6.5970E-06       1.2369E+01
 Y-                   5.5136E-03       7.3300E-07       1.3744E+00
 
 Total Concentrations in Exchange Sites 
 -------------------------------------- 
 
 Exchangers           Equiv/kgw        Equiv/g solid    Equiv/m^3 bulk
 Zn++                 3.0992E-04       4.1202E-08       7.7253E-02
 Pb++                 2.4508E-04       3.2582E-08       6.1090E-02
 Ca++                 3.7108E-07       4.9332E-11       9.2498E-05
 Mg++                 2.2622E-02       3.0074E-06       5.6388E+00
 K+                   4.5503E-04       6.0493E-08       1.1342E-01
 Na+                  8.3274E-03       1.1071E-06       2.0758E+00
 
 Concentrations of Individual Species, Exchangers, and Surface Complexes 
 ----------------------------------------------------------------------- 
 
                           Log        Log                 Concentration     
 Species              Molality   Activity      Molality    Mol/m^3 blk  Type
  NaX                   -2.113     -0.809     7.710E-03     1.922E+00  Exchange
  NaY                   -3.210     -0.951     6.173E-04     1.539E-01  Exchange
  KX                    -3.414     -2.109     3.859E-04     9.619E-02  Exchange
  KY                    -4.160     -1.902     6.916E-05     1.724E-02  Exchange
  CaX2                  -6.489     -4.884     3.241E-07     8.079E-05  Exchange
  CaY2                  -7.328     -4.769     4.696E-08     1.171E-05  Exchange
  MgX2                  -1.693     -0.087     2.029E-02     5.057E+00  Exchange
  MgY2                  -2.632     -0.072     2.335E-03     5.820E-01  Exchange
  ZnX2                  -3.568     -1.962     2.707E-04     6.748E-02  Exchange
  ZnY2                  -4.406     -1.847     3.922E-05     9.777E-03  Exchange
  PbX2                  -3.687     -2.082     2.056E-04     5.124E-02  Exchange
  PbY2                  -4.403     -1.844     3.952E-05     9.852E-03  Exchange
                           Log        Log                                 Activity
 Species              Molality   Activity      Molality      Activity   Coefficient    Type
  H+                    -7.981     -7.999     1.045E-08     1.003E-08     9.594E-01  Aqueous 
  SO4--                 -3.290     -3.366     5.132E-04     4.304E-04     8.386E-01  Aqueous 
  Zn++                  -7.108     -7.182     7.801E-08     6.569E-08     8.422E-01  Aqueous 
  Pb++                  -7.472     -7.548     3.374E-08     2.832E-08     8.395E-01  Aqueous 
  Ca++                 -10.030    -10.104     9.340E-11     7.866E-11     8.422E-01  Aqueous 
  Mg++                  -5.035     -5.108     9.228E-06     7.803E-06     8.456E-01  Aqueous 
  K+                    -5.000     -5.019     9.999E-06     9.563E-06     9.564E-01  Aqueous 
  Na+                   -3.000     -3.019     1.001E-03     9.577E-04     9.570E-01  Aqueous 
  OH-                   -5.980     -5.999     1.047E-06     1.002E-06     9.567E-01  Aqueous 
  HSO4-                 -9.359     -9.378     4.376E-10     4.189E-10     9.572E-01  Aqueous 
  CaSO4(aq)            -11.162    -11.161     6.894E-12     6.896E-12     1.000E+00  Aqueous 
  CaOH+                -14.867    -14.886     1.359E-15     1.302E-15     9.580E-01  Aqueous 
  CaHSO4+              -18.381    -18.401     4.159E-19     3.971E-19     9.548E-01  Aqueous 
  KSO4-                 -7.517     -7.536     3.043E-08     2.914E-08     9.577E-01  Aqueous 
  KOH(aq)              -11.481    -11.481     3.305E-12     3.306E-12     1.000E+00  Aqueous 
  MgSO4(aq)             -6.098     -6.098     7.985E-07     7.988E-07     1.000E+00  Aqueous 
  MgOH+                 -8.530     -8.549     2.948E-09     2.825E-09     9.582E-01  Aqueous 
  NaSO4-                -5.666     -5.685     2.157E-06     2.066E-06     9.577E-01  Aqueous 
  NaOH(aq)              -9.819     -9.819     1.518E-10     1.518E-10     1.000E+00  Aqueous 
  PbOH+                 -7.240     -7.259     5.754E-08     5.507E-08     9.570E-01  Aqueous 
  PbSO4(aq)             -8.164     -8.164     6.853E-09     6.855E-09     1.000E+00  Aqueous 
  Pb(OH)2(aq)           -8.671     -8.670     2.135E-09     2.136E-09     1.000E+00  Aqueous 
  Pb(SO4)2--           -10.730    -10.810     1.863E-11     1.548E-11     8.310E-01  Aqueous 
  Pb(OH)3-             -11.593    -11.612     2.555E-12     2.445E-12     9.570E-01  Aqueous 
  Pb2OH+++             -13.287    -13.457     5.164E-14     3.492E-14     6.763E-01  Aqueous 
  Pb(OH)4--            -15.173    -15.253     6.722E-16     5.586E-16     8.310E-01  Aqueous 
  ZnOH+                 -8.124     -8.144     7.509E-09     7.186E-09     9.570E-01  Aqueous 
  ZnSO4(aq)             -8.185     -8.185     6.530E-09     6.532E-09     1.000E+00  Aqueous 
  Zn(OH)2(aq)           -8.085     -8.085     8.219E-09     8.222E-09     1.000E+00  Aqueous 
  Zn(SO4)2--           -10.554    -10.635     2.790E-11     2.319E-11     8.310E-01  Aqueous 
  Zn(OH)3-             -11.567    -11.586     2.709E-12     2.592E-12     9.570E-01  Aqueous 
  Zn(OH)4--            -16.311    -16.388     4.885E-17     4.097E-17     8.386E-01  Aqueous 
 
  ****** Partial pressure of gases (bars) *****
 
 
  ***** Saturation state of minerals (log[Q/K] *****
 
 
 
  ***** Volum of minerals added or subtracted *****
 
 
 **************************************************************
 ------> GRID LOCATION:    42:  1:  1
 
  Temperature (C)    =     25.000
  Porosity           =      0.250
  Liquid Saturation  =      1.000
  Liquid Density     =    997.075
  Ionic Strength     =      0.002
  Solution pH        =      7.999
  Total Charge       = -1.219E-07
 
 Total Aqueous Concentrations of Primary Species 
 --------------------------------------- 
 
   Species              Molality       Type 
 H+                  -1.1250E-06     Aqueous      
 SO4--                5.1621E-04     Aqueous      
 Zn++                 1.0029E-07     Aqueous      
 Pb++                 1.0029E-07     Aqueous      
 Ca++                 1.0029E-10     Aqueous      
 Mg++                 1.0029E-05     Aqueous      
 K+                   1.0029E-05     Aqueous      
 Na+                  1.0029E-03     Aqueous      
 
 Exchangers           Equiv/kgw        Equiv/g solid    Equiv/m^3 bulk
 X-                   4.9623E-02       6.5970E-06       1.2369E+01
 Y-                   5.5136E-03       7.3300E-07       1.3744E+00
 
 Total Concentrations in Exchange Sites 
 -------------------------------------- 
 
 Exchangers           Equiv/kgw        Equiv/g solid    Equiv/m^3 bulk
 Zn++                 3.0992E-04       4.1202E-08       7.7253E-02
 Pb++                 2.4508E-04       3.2582E-08       6.1090E-02
 Ca++                 3.7108E-07       4.9332E-11       9.2498E-05
 Mg++                 2.2622E-02       3.0074E-06       5.6388E+00
 K+                   4.5503E-04       6.0493E-08       1.1342E-01
 Na+                  8.3274E-03       1.1071E-06       2.0758E+00
 
 Concentrations of Individual Species, Exchangers, and Surface Complexes 
 ----------------------------------------------------------------------- 
 
                           Log        Log                 Concentration     
 Species              Molality   Activity      Molality    Mol/m^3 blk  Type
  NaX                   -2.113     -0.809     7.710E-03     1.922E+00  Exchange
  NaY                   -3.210     -0.951     6.173E-04     1.539E-01  Exchange
  KX                    -3.414     -2.109     3.859E-04     9.619E-02  Exchange
  KY                    -4.160     -1.902     6.916E-05     1.724E-02  Exchange
  CaX2                  -6.489     -4.884     3.241E-07     8.079E-05  Exchange
  CaY2                  -7.328     -4.769     4.696E-08     1.171E-05  Exchange
  MgX2                  -1.693     -0.087     2.029E-02     5.057E+00  Exchange
  MgY2                  -2.632     -0.072     2.335E-03     5.820E-01  Exchange
  ZnX2                  -3.568     -1.962     2.707E-04     6.748E-02  Exchange
  ZnY2                  -4.406     -1.847     3.922E-05     9.777E-03  Exchange
  PbX2                  -3.687     -2.082     2.056E-04     5.124E-02  Exchange
  PbY2                  -4.403     -1.844     3.952E-05     9.852E-03  Exchange
                           Log        Log                                 Activity
 Species              Molality   Activity      Molality      Activity   Coefficient    Type
  H+                    -7.981     -7.999     1.045E-08     1.003E-08     9.594E-01  Aqueous 
  SO4--                 -3.290     -3.366     5.132E-04     4.304E-04     8.386E-01  Aqueous 
  Zn++                  -7.108     -7.182     7.801E-08     6.569E-08     8.422E-01  Aqueous 
  Pb++                  -7.472     -7.548     3.374E-08     2.832E-08     8.395E-01  Aqueous 
  Ca++                 -10.030    -10.104     9.340E-11     7.866E-11     8.422E-01  Aqueous 
  Mg++                  -5.035     -5.108     9.228E-06     7.803E-06     8.456E-01  Aqueous 
  K+                    -5.000     -5.019     9.999E-06     9.563E-06     9.564E-01  Aqueous 
  Na+                   -3.000     -3.019     1.001E-03     9.577E-04     9.570E-01  Aqueous 
  OH-                   -5.980     -5.999     1.047E-06     1.002E-06     9.567E-01  Aqueous 
  HSO4-                 -9.359     -9.378     4.376E-10     4.189E-10     9.572E-01  Aqueous 
  CaSO4(aq)            -11.162    -11.161     6.894E-12     6.896E-12     1.000E+00  Aqueous 
  CaOH+                -14.867    -14.886     1.359E-15     1.302E-15     9.580E-01  Aqueous 
  CaHSO4+              -18.381    -18.401     4.159E-19     3.971E-19     9.548E-01  Aqueous 
  KSO4-                 -7.517     -7.536     3.043E-08     2.914E-08     9.577E-01  Aqueous 
  KOH(aq)              -11.481    -11.481     3.305E-12     3.306E-12     1.000E+00  Aqueous 
  MgSO4(aq)             -6.098     -6.098     7.985E-07     7.988E-07     1.000E+00  Aqueous 
  MgOH+                 -8.530     -8.549     2.948E-09     2.825E-09     9.582E-01  Aqueous 
  NaSO4-                -5.666     -5.685     2.157E-06     2.066E-06     9.577E-01  Aqueous 
  NaOH(aq)              -9.819     -9.819     1.518E-10     1.518E-10     1.000E+00  Aqueous 
  PbOH+                 -7.240     -7.259     5.754E-08     5.507E-08     9.570E-01  Aqueous 
  PbSO4(aq)             -8.164     -8.164     6.853E-09     6.855E-09     1.000E+00  Aqueous 
  Pb(OH)2(aq)           -8.671     -8.670     2.135E-09     2.136E-09     1.000E+00  Aqueous 
  Pb(SO4)2--           -10.730    -10.810     1.863E-11     1.548E-11     8.310E-01  Aqueous 
  Pb(OH)3-             -11.593    -11.612     2.555E-12     2.445E-12     9.570E-01  Aqueous 
  Pb2OH+++             -13.287    -13.457     5.164E-14     3.492E-14     6.763E-01  Aqueous 
  Pb(OH)4--            -15.173    -15.253     6.722E-16     5.586E-16     8.310E-01  Aqueous 
  ZnOH+                 -8.124     -8.144     7.509E-09     7.186E-09     9.570E-01  Aqueous 
  ZnSO4(aq)             -8.185     -8.185     6.530E-09     6.532E-09     1.000E+00  Aqueous 
  Zn(OH)2(aq)           -8.085     -8.085     8.219E-09     8.222E-09     1.000E+00  Aqueous 
  Zn(SO4)2--           -10.554    -10.635     2.790E-11     2.319E-11     8.310E-01  Aqueous 
  Zn(OH)3-             -11.567    -11.586     2.709E-12     2.592E-12     9.570E-01  Aqueous 
  Zn(OH)4--            -16.311    -16.388     4.885E-17     4.097E-17     8.386E-01  Aqueous 
 
  ****** Partial pressure of gases (bars) *****
 
 
  ***** Saturation state of minerals (log[Q/K] *****
 
 
 
  ***** Volum of minerals added or subtracted *****
 
 
 **************************************************************
 ------> GRID LOCATION:    43:  1:  1
 
  Temperature (C)    =     25.000
  Porosity           =      0.250
  Liquid Saturation  =      1.000
  Liquid Density     =    997.075
  Ionic Strength     =      0.002
  Solution pH        =      7.999
  Total Charge       = -1.219E-07
 
 Total Aqueous Concentrations of Primary Species 
 --------------------------------------- 
 
   Species              Molality       Type 
 H+                  -1.1250E-06     Aqueous      
 SO4--                5.1621E-04     Aqueous      
 Zn++                 1.0029E-07     Aqueous      
 Pb++                 1.0029E-07     Aqueous      
 Ca++                 1.0029E-10     Aqueous      
 Mg++                 1.0029E-05     Aqueous      
 K+                   1.0029E-05     Aqueous      
 Na+                  1.0029E-03     Aqueous      
 
 Exchangers           Equiv/kgw        Equiv/g solid    Equiv/m^3 bulk
 X-                   4.9623E-02       6.5970E-06       1.2369E+01
 Y-                   5.5136E-03       7.3300E-07       1.3744E+00
 
 Total Concentrations in Exchange Sites 
 -------------------------------------- 
 
 Exchangers           Equiv/kgw        Equiv/g solid    Equiv/m^3 bulk
 Zn++                 3.0992E-04       4.1202E-08       7.7253E-02
 Pb++                 2.4508E-04       3.2582E-08       6.1090E-02
 Ca++                 3.7108E-07       4.9332E-11       9.2498E-05
 Mg++                 2.2622E-02       3.0074E-06       5.6388E+00
 K+                   4.5503E-04       6.0493E-08       1.1342E-01
 Na+                  8.3274E-03       1.1071E-06       2.0758E+00
 
 Concentrations of Individual Species, Exchangers, and Surface Complexes 
 ----------------------------------------------------------------------- 
 
                           Log        Log                 Concentration     
 Species              Molality   Activity      Molality    Mol/m^3 blk  Type
  NaX                   -2.113     -0.809     7.710E-03     1.922E+00  Exchange
  NaY                   -3.210     -0.951     6.173E-04     1.539E-01  Exchange
  KX                    -3.414     -2.109     3.859E-04     9.619E-02  Exchange
  KY                    -4.160     -1.902     6.916E-05     1.724E-02  Exchange
  CaX2                  -6.489     -4.884     3.241E-07     8.079E-05  Exchange
  CaY2                  -7.328     -4.769     4.696E-08     1.171E-05  Exchange
  MgX2                  -1.693     -0.087     2.029E-02     5.057E+00  Exchange
  MgY2                  -2.632     -0.072     2.335E-03     5.820E-01  Exchange
  ZnX2                  -3.568     -1.962     2.707E-04     6.748E-02  Exchange
  ZnY2                  -4.406     -1.847     3.922E-05     9.777E-03  Exchange
  PbX2                  -3.687     -2.082     2.056E-04     5.124E-02  Exchange
  PbY2                  -4.403     -1.844     3.952E-05     9.852E-03  Exchange
                           Log        Log                                 Activity
 Species              Molality   Activity      Molality      Activity   Coefficient    Type
  H+                    -7.981     -7.999     1.045E-08     1.003E-08     9.594E-01  Aqueous 
  SO4--                 -3.290     -3.366     5.132E-04     4.304E-04     8.386E-01  Aqueous 
  Zn++                  -7.108     -7.182     7.801E-08     6.569E-08     8.422E-01  Aqueous 
  Pb++                  -7.472     -7.548     3.374E-08     2.832E-08     8.395E-01  Aqueous 
  Ca++                 -10.030    -10.104     9.340E-11     7.866E-11     8.422E-01  Aqueous 
  Mg++                  -5.035     -5.108     9.228E-06     7.803E-06     8.456E-01  Aqueous 
  K+                    -5.000     -5.019     9.999E-06     9.563E-06     9.564E-01  Aqueous 
  Na+                   -3.000     -3.019     1.001E-03     9.577E-04     9.570E-01  Aqueous 
  OH-                   -5.980     -5.999     1.047E-06     1.002E-06     9.567E-01  Aqueous 
  HSO4-                 -9.359     -9.378     4.376E-10     4.189E-10     9.572E-01  Aqueous 
  CaSO4(aq)            -11.162    -11.161     6.894E-12     6.896E-12     1.000E+00  Aqueous 
  CaOH+                -14.867    -14.886     1.359E-15     1.302E-15     9.580E-01  Aqueous 
  CaHSO4+              -18.381    -18.401     4.159E-19     3.971E-19     9.548E-01  Aqueous 
  KSO4-                 -7.517     -7.536     3.043E-08     2.914E-08     9.577E-01  Aqueous 
  KOH(aq)              -11.481    -11.481     3.305E-12     3.306E-12     1.000E+00  Aqueous 
  MgSO4(aq)             -6.098     -6.098     7.985E-07     7.988E-07     1.000E+00  Aqueous 
  MgOH+                 -8.530     -8.549     2.948E-09     2.825E-09     9.582E-01  Aqueous 
  NaSO4-                -5.666     -5.685     2.157E-06     2.066E-06     9.577E-01  Aqueous 
  NaOH(aq)              -9.819     -9.819     1.518E-10     1.518E-10     1.000E+00  Aqueous 
  PbOH+                 -7.240     -7.259     5.754E-08     5.507E-08     9.570E-01  Aqueous 
  PbSO4(aq)             -8.164     -8.164     6.853E-09     6.855E-09     1.000E+00  Aqueous 
  Pb(OH)2(aq)           -8.671     -8.670     2.135E-09     2.136E-09     1.000E+00  Aqueous 
  Pb(SO4)2--           -10.730    -10.810     1.863E-11     1.548E-11     8.310E-01  Aqueous 
  Pb(OH)3-             -11.593    -11.612     2.555E-12     2.445E-12     9.570E-01  Aqueous 
  Pb2OH+++             -13.287    -13.457     5.164E-14     3.492E-14     6.763E-01  Aqueous 
  Pb(OH)4--            -15.173    -15.253     6.722E-16     5.586E-16     8.310E-01  Aqueous 
  ZnOH+                 -8.124     -8.144     7.509E-09     7.186E-09     9.570E-01  Aqueous 
  ZnSO4(aq)             -8.185     -8.185     6.530E-09     6.532E-09     1.000E+00  Aqueous 
  Zn(OH)2(aq)           -8.085     -8.085     8.219E-09     8.222E-09     1.000E+00  Aqueous 
  Zn(SO4)2--           -10.554    -10.635     2.790E-11     2.319E-11     8.310E-01  Aqueous 
  Zn(OH)3-             -11.567    -11.586     2.709E-12     2.592E-12     9.570E-01  Aqueous 
  Zn(OH)4--            -16.311    -16.388     4.885E-17     4.097E-17     8.386E-01  Aqueous 
 
  ****** Partial pressure of gases (bars) *****
 
 
  ***** Saturation state of minerals (log[Q/K] *****
 
 
 
  ***** Volum of minerals added or subtracted *****
 
 
 **************************************************************
 ------> GRID LOCATION:    44:  1:  1
 
  Temperature (C)    =     25.000
  Porosity           =      0.250
  Liquid Saturation  =      1.000
  Liquid Density     =    997.075
  Ionic Strength     =      0.002
  Solution pH        =      7.999
  Total Charge       = -1.219E-07
 
 Total Aqueous Concentrations of Primary Species 
 --------------------------------------- 
 
   Species              Molality       Type 
 H+                  -1.1250E-06     Aqueous      
 SO4--                5.1621E-04     Aqueous      
 Zn++                 1.0029E-07     Aqueous      
 Pb++                 1.0029E-07     Aqueous      
 Ca++                 1.0029E-10     Aqueous      
 Mg++                 1.0029E-05     Aqueous      
 K+                   1.0029E-05     Aqueous      
 Na+                  1.0029E-03     Aqueous      
 
 Exchangers           Equiv/kgw        Equiv/g solid    Equiv/m^3 bulk
 X-                   4.9623E-02       6.5970E-06       1.2369E+01
 Y-                   5.5136E-03       7.3300E-07       1.3744E+00
 
 Total Concentrations in Exchange Sites 
 -------------------------------------- 
 
 Exchangers           Equiv/kgw        Equiv/g solid    Equiv/m^3 bulk
 Zn++                 3.0992E-04       4.1202E-08       7.7253E-02
 Pb++                 2.4508E-04       3.2582E-08       6.1090E-02
 Ca++                 3.7108E-07       4.9332E-11       9.2498E-05
 Mg++                 2.2622E-02       3.0074E-06       5.6388E+00
 K+                   4.5503E-04       6.0493E-08       1.1342E-01
 Na+                  8.3274E-03       1.1071E-06       2.0758E+00
 
 Concentrations of Individual Species, Exchangers, and Surface Complexes 
 ----------------------------------------------------------------------- 
 
                           Log        Log                 Concentration     
 Species              Molality   Activity      Molality    Mol/m^3 blk  Type
  NaX                   -2.113     -0.809     7.710E-03     1.922E+00  Exchange
  NaY                   -3.210     -0.951     6.173E-04     1.539E-01  Exchange
  KX                    -3.414     -2.109     3.859E-04     9.619E-02  Exchange
  KY                    -4.160     -1.902     6.916E-05     1.724E-02  Exchange
  CaX2                  -6.489     -4.884     3.241E-07     8.079E-05  Exchange
  CaY2                  -7.328     -4.769     4.696E-08     1.171E-05  Exchange
  MgX2                  -1.693     -0.087     2.029E-02     5.057E+00  Exchange
  MgY2                  -2.632     -0.072     2.335E-03     5.820E-01  Exchange
  ZnX2                  -3.568     -1.962     2.707E-04     6.748E-02  Exchange
  ZnY2                  -4.406     -1.847     3.922E-05     9.777E-03  Exchange
  PbX2                  -3.687     -2.082     2.056E-04     5.124E-02  Exchange
  PbY2                  -4.403     -1.844     3.952E-05     9.852E-03  Exchange
                           Log        Log                                 Activity
 Species              Molality   Activity      Molality      Activity   Coefficient    Type
  H+                    -7.981     -7.999     1.045E-08     1.003E-08     9.594E-01  Aqueous 
  SO4--                 -3.290     -3.366     5.132E-04     4.304E-04     8.386E-01  Aqueous 
  Zn++                  -7.108     -7.182     7.801E-08     6.569E-08     8.422E-01  Aqueous 
  Pb++                  -7.472     -7.548     3.374E-08     2.832E-08     8.395E-01  Aqueous 
  Ca++                 -10.030    -10.104     9.340E-11     7.866E-11     8.422E-01  Aqueous 
  Mg++                  -5.035     -5.108     9.228E-06     7.803E-06     8.456E-01  Aqueous 
  K+                    -5.000     -5.019     9.999E-06     9.563E-06     9.564E-01  Aqueous 
  Na+                   -3.000     -3.019     1.001E-03     9.577E-04     9.570E-01  Aqueous 
  OH-                   -5.980     -5.999     1.047E-06     1.002E-06     9.567E-01  Aqueous 
  HSO4-                 -9.359     -9.378     4.376E-10     4.189E-10     9.572E-01  Aqueous 
  CaSO4(aq)            -11.162    -11.161     6.894E-12     6.896E-12     1.000E+00  Aqueous 
  CaOH+                -14.867    -14.886     1.359E-15     1.302E-15     9.580E-01  Aqueous 
  CaHSO4+              -18.381    -18.401     4.159E-19     3.971E-19     9.548E-01  Aqueous 
  KSO4-                 -7.517     -7.536     3.043E-08     2.914E-08     9.577E-01  Aqueous 
  KOH(aq)              -11.481    -11.481     3.305E-12     3.306E-12     1.000E+00  Aqueous 
  MgSO4(aq)             -6.098     -6.098     7.985E-07     7.988E-07     1.000E+00  Aqueous 
  MgOH+                 -8.530     -8.549     2.948E-09     2.825E-09     9.582E-01  Aqueous 
  NaSO4-                -5.666     -5.685     2.157E-06     2.066E-06     9.577E-01  Aqueous 
  NaOH(aq)              -9.819     -9.819     1.518E-10     1.518E-10     1.000E+00  Aqueous 
  PbOH+                 -7.240     -7.259     5.754E-08     5.507E-08     9.570E-01  Aqueous 
  PbSO4(aq)             -8.164     -8.164     6.853E-09     6.855E-09     1.000E+00  Aqueous 
  Pb(OH)2(aq)           -8.671     -8.670     2.135E-09     2.136E-09     1.000E+00  Aqueous 
  Pb(SO4)2--           -10.730    -10.810     1.863E-11     1.548E-11     8.310E-01  Aqueous 
  Pb(OH)3-             -11.593    -11.612     2.555E-12     2.445E-12     9.570E-01  Aqueous 
  Pb2OH+++             -13.287    -13.457     5.164E-14     3.492E-14     6.763E-01  Aqueous 
  Pb(OH)4--            -15.173    -15.253     6.722E-16     5.586E-16     8.310E-01  Aqueous 
  ZnOH+                 -8.124     -8.144     7.509E-09     7.186E-09     9.570E-01  Aqueous 
  ZnSO4(aq)             -8.185     -8.185     6.530E-09     6.532E-09     1.000E+00  Aqueous 
  Zn(OH)2(aq)           -8.085     -8.085     8.219E-09     8.222E-09     1.000E+00  Aqueous 
  Zn(SO4)2--           -10.554    -10.635     2.790E-11     2.319E-11     8.310E-01  Aqueous 
  Zn(OH)3-             -11.567    -11.586     2.709E-12     2.592E-12     9.570E-01  Aqueous 
  Zn(OH)4--            -16.311    -16.388     4.885E-17     4.097E-17     8.386E-01  Aqueous 
 
  ****** Partial pressure of gases (bars) *****
 
 
  ***** Saturation state of minerals (log[Q/K] *****
 
 
 
  ***** Volum of minerals added or subtracted *****
 
 
 **************************************************************
 ------> GRID LOCATION:    45:  1:  1
 
  Temperature (C)    =     25.000
  Porosity           =      0.250
  Liquid Saturation  =      1.000
  Liquid Density     =    997.075
  Ionic Strength     =      0.002
  Solution pH        =      7.999
  Total Charge       = -1.219E-07
 
 Total Aqueous Concentrations of Primary Species 
 --------------------------------------- 
 
   Species              Molality       Type 
 H+                  -1.1250E-06     Aqueous      
 SO4--                5.1621E-04     Aqueous      
 Zn++                 1.0029E-07     Aqueous      
 Pb++                 1.0029E-07     Aqueous      
 Ca++                 1.0029E-10     Aqueous      
 Mg++                 1.0029E-05     Aqueous      
 K+                   1.0029E-05     Aqueous      
 Na+                  1.0029E-03     Aqueous      
 
 Exchangers           Equiv/kgw        Equiv/g solid    Equiv/m^3 bulk
 X-                   4.9623E-02       6.5970E-06       1.2369E+01
 Y-                   5.5136E-03       7.3300E-07       1.3744E+00
 
 Total Concentrations in Exchange Sites 
 -------------------------------------- 
 
 Exchangers           Equiv/kgw        Equiv/g solid    Equiv/m^3 bulk
 Zn++                 3.0992E-04       4.1202E-08       7.7253E-02
 Pb++                 2.4508E-04       3.2582E-08       6.1090E-02
 Ca++                 3.7108E-07       4.9332E-11       9.2498E-05
 Mg++                 2.2622E-02       3.0074E-06       5.6388E+00
 K+                   4.5503E-04       6.0493E-08       1.1342E-01
 Na+                  8.3274E-03       1.1071E-06       2.0758E+00
 
 Concentrations of Individual Species, Exchangers, and Surface Complexes 
 ----------------------------------------------------------------------- 
 
                           Log        Log                 Concentration     
 Species              Molality   Activity      Molality    Mol/m^3 blk  Type
  NaX                   -2.113     -0.809     7.710E-03     1.922E+00  Exchange
  NaY                   -3.210     -0.951     6.173E-04     1.539E-01  Exchange
  KX                    -3.414     -2.109     3.859E-04     9.619E-02  Exchange
  KY                    -4.160     -1.902     6.916E-05     1.724E-02  Exchange
  CaX2                  -6.489     -4.884     3.241E-07     8.079E-05  Exchange
  CaY2                  -7.328     -4.769     4.696E-08     1.171E-05  Exchange
  MgX2                  -1.693     -0.087     2.029E-02     5.057E+00  Exchange
  MgY2                  -2.632     -0.072     2.335E-03     5.820E-01  Exchange
  ZnX2                  -3.568     -1.962     2.707E-04     6.748E-02  Exchange
  ZnY2                  -4.406     -1.847     3.922E-05     9.777E-03  Exchange
  PbX2                  -3.687     -2.082     2.056E-04     5.124E-02  Exchange
  PbY2                  -4.403     -1.844     3.952E-05     9.852E-03  Exchange
                           Log        Log                                 Activity
 Species              Molality   Activity      Molality      Activity   Coefficient    Type
  H+                    -7.981     -7.999     1.045E-08     1.003E-08     9.594E-01  Aqueous 
  SO4--                 -3.290     -3.366     5.132E-04     4.304E-04     8.386E-01  Aqueous 
  Zn++                  -7.108     -7.182     7.801E-08     6.569E-08     8.422E-01  Aqueous 
  Pb++                  -7.472     -7.548     3.374E-08     2.832E-08     8.395E-01  Aqueous 
  Ca++                 -10.030    -10.104     9.340E-11     7.866E-11     8.422E-01  Aqueous 
  Mg++                  -5.035     -5.108     9.228E-06     7.803E-06     8.456E-01  Aqueous 
  K+                    -5.000     -5.019     9.999E-06     9.563E-06     9.564E-01  Aqueous 
  Na+                   -3.000     -3.019     1.001E-03     9.577E-04     9.570E-01  Aqueous 
  OH-                   -5.980     -5.999     1.047E-06     1.002E-06     9.567E-01  Aqueous 
  HSO4-                 -9.359     -9.378     4.376E-10     4.189E-10     9.572E-01  Aqueous 
  CaSO4(aq)            -11.162    -11.161     6.894E-12     6.896E-12     1.000E+00  Aqueous 
  CaOH+                -14.867    -14.886     1.359E-15     1.302E-15     9.580E-01  Aqueous 
  CaHSO4+              -18.381    -18.401     4.159E-19     3.971E-19     9.548E-01  Aqueous 
  KSO4-                 -7.517     -7.536     3.043E-08     2.914E-08     9.577E-01  Aqueous 
  KOH(aq)              -11.481    -11.481     3.305E-12     3.306E-12     1.000E+00  Aqueous 
  MgSO4(aq)             -6.098     -6.098     7.985E-07     7.988E-07     1.000E+00  Aqueous 
  MgOH+                 -8.530     -8.549     2.948E-09     2.825E-09     9.582E-01  Aqueous 
  NaSO4-                -5.666     -5.685     2.157E-06     2.066E-06     9.577E-01  Aqueous 
  NaOH(aq)              -9.819     -9.819     1.518E-10     1.518E-10     1.000E+00  Aqueous 
  PbOH+                 -7.240     -7.259     5.754E-08     5.507E-08     9.570E-01  Aqueous 
  PbSO4(aq)             -8.164     -8.164     6.853E-09     6.855E-09     1.000E+00  Aqueous 
  Pb(OH)2(aq)           -8.671     -8.670     2.135E-09     2.136E-09     1.000E+00  Aqueous 
  Pb(SO4)2--           -10.730    -10.810     1.863E-11     1.548E-11     8.310E-01  Aqueous 
  Pb(OH)3-             -11.593    -11.612     2.555E-12     2.445E-12     9.570E-01  Aqueous 
  Pb2OH+++             -13.287    -13.457     5.164E-14     3.492E-14     6.763E-01  Aqueous 
  Pb(OH)4--            -15.173    -15.253     6.722E-16     5.586E-16     8.310E-01  Aqueous 
  ZnOH+                 -8.124     -8.144     7.509E-09     7.186E-09     9.570E-01  Aqueous 
  ZnSO4(aq)             -8.185     -8.185     6.530E-09     6.532E-09     1.000E+00  Aqueous 
  Zn(OH)2(aq)           -8.085     -8.085     8.219E-09     8.222E-09     1.000E+00  Aqueous 
  Zn(SO4)2--           -10.554    -10.635     2.790E-11     2.319E-11     8.310E-01  Aqueous 
  Zn(OH)3-             -11.567    -11.586     2.709E-12     2.592E-12     9.570E-01  Aqueous 
  Zn(OH)4--            -16.311    -16.388     4.885E-17     4.097E-17     8.386E-01  Aqueous 
 
  ****** Partial pressure of gases (bars) *****
 
 
  ***** Saturation state of minerals (log[Q/K] *****
 
 
 
  ***** Volum of minerals added or subtracted *****
 
 
 **************************************************************
 ------> GRID LOCATION:    46:  1:  1
 
  Temperature (C)    =     25.000
  Porosity           =      0.250
  Liquid Saturation  =      1.000
  Liquid Density     =    997.075
  Ionic Strength     =      0.002
  Solution pH        =      7.999
  Total Charge       = -1.219E-07
 
 Total Aqueous Concentrations of Primary Species 
 --------------------------------------- 
 
   Species              Molality       Type 
 H+                  -1.1250E-06     Aqueous      
 SO4--                5.1621E-04     Aqueous      
 Zn++                 1.0029E-07     Aqueous      
 Pb++                 1.0029E-07     Aqueous      
 Ca++                 1.0029E-10     Aqueous      
 Mg++                 1.0029E-05     Aqueous      
 K+                   1.0029E-05     Aqueous      
 Na+                  1.0029E-03     Aqueous      
 
 Exchangers           Equiv/kgw        Equiv/g solid    Equiv/m^3 bulk
 X-                   4.9623E-02       6.5970E-06       1.2369E+01
 Y-                   5.5136E-03       7.3300E-07       1.3744E+00
 
 Total Concentrations in Exchange Sites 
 -------------------------------------- 
 
 Exchangers           Equiv/kgw        Equiv/g solid    Equiv/m^3 bulk
 Zn++                 3.0992E-04       4.1202E-08       7.7253E-02
 Pb++                 2.4508E-04       3.2582E-08       6.1090E-02
 Ca++                 3.7108E-07       4.9332E-11       9.2498E-05
 Mg++                 2.2622E-02       3.0074E-06       5.6388E+00
 K+                   4.5503E-04       6.0493E-08       1.1342E-01
 Na+                  8.3274E-03       1.1071E-06       2.0758E+00
 
 Concentrations of Individual Species, Exchangers, and Surface Complexes 
 ----------------------------------------------------------------------- 
 
                           Log        Log                 Concentration     
 Species              Molality   Activity      Molality    Mol/m^3 blk  Type
  NaX                   -2.113     -0.809     7.710E-03     1.922E+00  Exchange
  NaY                   -3.210     -0.951     6.173E-04     1.539E-01  Exchange
  KX                    -3.414     -2.109     3.859E-04     9.619E-02  Exchange
  KY                    -4.160     -1.902     6.916E-05     1.724E-02  Exchange
  CaX2                  -6.489     -4.884     3.241E-07     8.079E-05  Exchange
  CaY2                  -7.328     -4.769     4.696E-08     1.171E-05  Exchange
  MgX2                  -1.693     -0.087     2.029E-02     5.057E+00  Exchange
  MgY2                  -2.632     -0.072     2.335E-03     5.820E-01  Exchange
  ZnX2                  -3.568     -1.962     2.707E-04     6.748E-02  Exchange
  ZnY2                  -4.406     -1.847     3.922E-05     9.777E-03  Exchange
  PbX2                  -3.687     -2.082     2.056E-04     5.124E-02  Exchange
  PbY2                  -4.403     -1.844     3.952E-05     9.852E-03  Exchange
                           Log        Log                                 Activity
 Species              Molality   Activity      Molality      Activity   Coefficient    Type
  H+                    -7.981     -7.999     1.045E-08     1.003E-08     9.594E-01  Aqueous 
  SO4--                 -3.290     -3.366     5.132E-04     4.304E-04     8.386E-01  Aqueous 
  Zn++                  -7.108     -7.182     7.801E-08     6.569E-08     8.422E-01  Aqueous 
  Pb++                  -7.472     -7.548     3.374E-08     2.832E-08     8.395E-01  Aqueous 
  Ca++                 -10.030    -10.104     9.340E-11     7.866E-11     8.422E-01  Aqueous 
  Mg++                  -5.035     -5.108     9.228E-06     7.803E-06     8.456E-01  Aqueous 
  K+                    -5.000     -5.019     9.999E-06     9.563E-06     9.564E-01  Aqueous 
  Na+                   -3.000     -3.019     1.001E-03     9.577E-04     9.570E-01  Aqueous 
  OH-                   -5.980     -5.999     1.047E-06     1.002E-06     9.567E-01  Aqueous 
  HSO4-                 -9.359     -9.378     4.376E-10     4.189E-10     9.572E-01  Aqueous 
  CaSO4(aq)            -11.162    -11.161     6.894E-12     6.896E-12     1.000E+00  Aqueous 
  CaOH+                -14.867    -14.886     1.359E-15     1.302E-15     9.580E-01  Aqueous 
  CaHSO4+              -18.381    -18.401     4.159E-19     3.971E-19     9.548E-01  Aqueous 
  KSO4-                 -7.517     -7.536     3.043E-08     2.914E-08     9.577E-01  Aqueous 
  KOH(aq)              -11.481    -11.481     3.305E-12     3.306E-12     1.000E+00  Aqueous 
  MgSO4(aq)             -6.098     -6.098     7.985E-07     7.988E-07     1.000E+00  Aqueous 
  MgOH+                 -8.530     -8.549     2.948E-09     2.825E-09     9.582E-01  Aqueous 
  NaSO4-                -5.666     -5.685     2.157E-06     2.066E-06     9.577E-01  Aqueous 
  NaOH(aq)              -9.819     -9.819     1.518E-10     1.518E-10     1.000E+00  Aqueous 
  PbOH+                 -7.240     -7.259     5.754E-08     5.507E-08     9.570E-01  Aqueous 
  PbSO4(aq)             -8.164     -8.164     6.853E-09     6.855E-09     1.000E+00  Aqueous 
  Pb(OH)2(aq)           -8.671     -8.670     2.135E-09     2.136E-09     1.000E+00  Aqueous 
  Pb(SO4)2--           -10.730    -10.810     1.863E-11     1.548E-11     8.310E-01  Aqueous 
  Pb(OH)3-             -11.593    -11.612     2.555E-12     2.445E-12     9.570E-01  Aqueous 
  Pb2OH+++             -13.287    -13.457     5.164E-14     3.492E-14     6.763E-01  Aqueous 
  Pb(OH)4--            -15.173    -15.253     6.722E-16     5.586E-16     8.310E-01  Aqueous 
  ZnOH+                 -8.124     -8.144     7.509E-09     7.186E-09     9.570E-01  Aqueous 
  ZnSO4(aq)             -8.185     -8.185     6.530E-09     6.532E-09     1.000E+00  Aqueous 
  Zn(OH)2(aq)           -8.085     -8.085     8.219E-09     8.222E-09     1.000E+00  Aqueous 
  Zn(SO4)2--           -10.554    -10.635     2.790E-11     2.319E-11     8.310E-01  Aqueous 
  Zn(OH)3-             -11.567    -11.586     2.709E-12     2.592E-12     9.570E-01  Aqueous 
  Zn(OH)4--            -16.311    -16.388     4.885E-17     4.097E-17     8.386E-01  Aqueous 
 
  ****** Partial pressure of gases (bars) *****
 
 
  ***** Saturation state of minerals (log[Q/K] *****
 
 
 
  ***** Volum of minerals added or subtracted *****
 
 
 **************************************************************
 ------> GRID LOCATION:    47:  1:  1
 
  Temperature (C)    =     25.000
  Porosity           =      0.250
  Liquid Saturation  =      1.000
  Liquid Density     =    997.075
  Ionic Strength     =      0.002
  Solution pH        =      7.999
  Total Charge       = -1.219E-07
 
 Total Aqueous Concentrations of Primary Species 
 --------------------------------------- 
 
   Species              Molality       Type 
 H+                  -1.1250E-06     Aqueous      
 SO4--                5.1621E-04     Aqueous      
 Zn++                 1.0029E-07     Aqueous      
 Pb++                 1.0029E-07     Aqueous      
 Ca++                 1.0029E-10     Aqueous      
 Mg++                 1.0029E-05     Aqueous      
 K+                   1.0029E-05     Aqueous      
 Na+                  1.0029E-03     Aqueous      
 
 Exchangers           Equiv/kgw        Equiv/g solid    Equiv/m^3 bulk
 X-                   4.9623E-02       6.5970E-06       1.2369E+01
 Y-                   5.5136E-03       7.3300E-07       1.3744E+00
 
 Total Concentrations in Exchange Sites 
 -------------------------------------- 
 
 Exchangers           Equiv/kgw        Equiv/g solid    Equiv/m^3 bulk
 Zn++                 3.0992E-04       4.1202E-08       7.7253E-02
 Pb++                 2.4508E-04       3.2582E-08       6.1090E-02
 Ca++                 3.7108E-07       4.9332E-11       9.2498E-05
 Mg++                 2.2622E-02       3.0074E-06       5.6388E+00
 K+                   4.5503E-04       6.0493E-08       1.1342E-01
 Na+                  8.3274E-03       1.1071E-06       2.0758E+00
 
 Concentrations of Individual Species, Exchangers, and Surface Complexes 
 ----------------------------------------------------------------------- 
 
                           Log        Log                 Concentration     
 Species              Molality   Activity      Molality    Mol/m^3 blk  Type
  NaX                   -2.113     -0.809     7.710E-03     1.922E+00  Exchange
  NaY                   -3.210     -0.951     6.173E-04     1.539E-01  Exchange
  KX                    -3.414     -2.109     3.859E-04     9.619E-02  Exchange
  KY                    -4.160     -1.902     6.916E-05     1.724E-02  Exchange
  CaX2                  -6.489     -4.884     3.241E-07     8.079E-05  Exchange
  CaY2                  -7.328     -4.769     4.696E-08     1.171E-05  Exchange
  MgX2                  -1.693     -0.087     2.029E-02     5.057E+00  Exchange
  MgY2                  -2.632     -0.072     2.335E-03     5.820E-01  Exchange
  ZnX2                  -3.568     -1.962     2.707E-04     6.748E-02  Exchange
  ZnY2                  -4.406     -1.847     3.922E-05     9.777E-03  Exchange
  PbX2                  -3.687     -2.082     2.056E-04     5.124E-02  Exchange
  PbY2                  -4.403     -1.844     3.952E-05     9.852E-03  Exchange
                           Log        Log                                 Activity
 Species              Molality   Activity      Molality      Activity   Coefficient    Type
  H+                    -7.981     -7.999     1.045E-08     1.003E-08     9.594E-01  Aqueous 
  SO4--                 -3.290     -3.366     5.132E-04     4.304E-04     8.386E-01  Aqueous 
  Zn++                  -7.108     -7.182     7.801E-08     6.569E-08     8.422E-01  Aqueous 
  Pb++                  -7.472     -7.548     3.374E-08     2.832E-08     8.395E-01  Aqueous 
  Ca++                 -10.030    -10.104     9.340E-11     7.866E-11     8.422E-01  Aqueous 
  Mg++                  -5.035     -5.108     9.228E-06     7.803E-06     8.456E-01  Aqueous 
  K+                    -5.000     -5.019     9.999E-06     9.563E-06     9.564E-01  Aqueous 
  Na+                   -3.000     -3.019     1.001E-03     9.577E-04     9.570E-01  Aqueous 
  OH-                   -5.980     -5.999     1.047E-06     1.002E-06     9.567E-01  Aqueous 
  HSO4-                 -9.359     -9.378     4.376E-10     4.189E-10     9.572E-01  Aqueous 
  CaSO4(aq)            -11.162    -11.161     6.894E-12     6.896E-12     1.000E+00  Aqueous 
  CaOH+                -14.867    -14.886     1.359E-15     1.302E-15     9.580E-01  Aqueous 
  CaHSO4+              -18.381    -18.401     4.159E-19     3.971E-19     9.548E-01  Aqueous 
  KSO4-                 -7.517     -7.536     3.043E-08     2.914E-08     9.577E-01  Aqueous 
  KOH(aq)              -11.481    -11.481     3.305E-12     3.306E-12     1.000E+00  Aqueous 
  MgSO4(aq)             -6.098     -6.098     7.985E-07     7.988E-07     1.000E+00  Aqueous 
  MgOH+                 -8.530     -8.549     2.948E-09     2.825E-09     9.582E-01  Aqueous 
  NaSO4-                -5.666     -5.685     2.157E-06     2.066E-06     9.577E-01  Aqueous 
  NaOH(aq)              -9.819     -9.819     1.518E-10     1.518E-10     1.000E+00  Aqueous 
  PbOH+                 -7.240     -7.259     5.754E-08     5.507E-08     9.570E-01  Aqueous 
  PbSO4(aq)             -8.164     -8.164     6.853E-09     6.855E-09     1.000E+00  Aqueous 
  Pb(OH)2(aq)           -8.671     -8.670     2.135E-09     2.136E-09     1.000E+00  Aqueous 
  Pb(SO4)2--           -10.730    -10.810     1.863E-11     1.548E-11     8.310E-01  Aqueous 
  Pb(OH)3-             -11.593    -11.612     2.555E-12     2.445E-12     9.570E-01  Aqueous 
  Pb2OH+++             -13.287    -13.457     5.164E-14     3.492E-14     6.763E-01  Aqueous 
  Pb(OH)4--            -15.173    -15.253     6.722E-16     5.586E-16     8.310E-01  Aqueous 
  ZnOH+                 -8.124     -8.144     7.509E-09     7.186E-09     9.570E-01  Aqueous 
  ZnSO4(aq)             -8.185     -8.185     6.530E-09     6.532E-09     1.000E+00  Aqueous 
  Zn(OH)2(aq)           -8.085     -8.085     8.219E-09     8.222E-09     1.000E+00  Aqueous 
  Zn(SO4)2--           -10.554    -10.635     2.790E-11     2.319E-11     8.310E-01  Aqueous 
  Zn(OH)3-             -11.567    -11.586     2.709E-12     2.592E-12     9.570E-01  Aqueous 
  Zn(OH)4--            -16.311    -16.388     4.885E-17     4.097E-17     8.386E-01  Aqueous 
 
  ****** Partial pressure of gases (bars) *****
 
 
  ***** Saturation state of minerals (log[Q/K] *****
 
 
 
  ***** Volum of minerals added or subtracted *****
 
 
 **************************************************************
 ------> GRID LOCATION:    48:  1:  1
 
  Temperature (C)    =     25.000
  Porosity           =      0.250
  Liquid Saturation  =      1.000
  Liquid Density     =    997.075
  Ionic Strength     =      0.002
  Solution pH        =      7.999
  Total Charge       = -1.219E-07
 
 Total Aqueous Concentrations of Primary Species 
 --------------------------------------- 
 
   Species              Molality       Type 
 H+                  -1.1250E-06     Aqueous      
 SO4--                5.1621E-04     Aqueous      
 Zn++                 1.0029E-07     Aqueous      
 Pb++                 1.0029E-07     Aqueous      
 Ca++                 1.0029E-10     Aqueous      
 Mg++                 1.0029E-05     Aqueous      
 K+                   1.0029E-05     Aqueous      
 Na+                  1.0029E-03     Aqueous      
 
 Exchangers           Equiv/kgw        Equiv/g solid    Equiv/m^3 bulk
 X-                   4.9623E-02       6.5970E-06       1.2369E+01
 Y-                   5.5136E-03       7.3300E-07       1.3744E+00
 
 Total Concentrations in Exchange Sites 
 -------------------------------------- 
 
 Exchangers           Equiv/kgw        Equiv/g solid    Equiv/m^3 bulk
 Zn++                 3.0992E-04       4.1202E-08       7.7253E-02
 Pb++                 2.4508E-04       3.2582E-08       6.1090E-02
 Ca++                 3.7108E-07       4.9332E-11       9.2498E-05
 Mg++                 2.2622E-02       3.0074E-06       5.6388E+00
 K+                   4.5503E-04       6.0493E-08       1.1342E-01
 Na+                  8.3274E-03       1.1071E-06       2.0758E+00
 
 Concentrations of Individual Species, Exchangers, and Surface Complexes 
 ----------------------------------------------------------------------- 
 
                           Log        Log                 Concentration     
 Species              Molality   Activity      Molality    Mol/m^3 blk  Type
  NaX                   -2.113     -0.809     7.710E-03     1.922E+00  Exchange
  NaY                   -3.210     -0.951     6.173E-04     1.539E-01  Exchange
  KX                    -3.414     -2.109     3.859E-04     9.619E-02  Exchange
  KY                    -4.160     -1.902     6.916E-05     1.724E-02  Exchange
  CaX2                  -6.489     -4.884     3.241E-07     8.079E-05  Exchange
  CaY2                  -7.328     -4.769     4.696E-08     1.171E-05  Exchange
  MgX2                  -1.693     -0.087     2.029E-02     5.057E+00  Exchange
  MgY2                  -2.632     -0.072     2.335E-03     5.820E-01  Exchange
  ZnX2                  -3.568     -1.962     2.707E-04     6.748E-02  Exchange
  ZnY2                  -4.406     -1.847     3.922E-05     9.777E-03  Exchange
  PbX2                  -3.687     -2.082     2.056E-04     5.124E-02  Exchange
  PbY2                  -4.403     -1.844     3.952E-05     9.852E-03  Exchange
                           Log        Log                                 Activity
 Species              Molality   Activity      Molality      Activity   Coefficient    Type
  H+                    -7.981     -7.999     1.045E-08     1.003E-08     9.594E-01  Aqueous 
  SO4--                 -3.290     -3.366     5.132E-04     4.304E-04     8.386E-01  Aqueous 
  Zn++                  -7.108     -7.182     7.801E-08     6.569E-08     8.422E-01  Aqueous 
  Pb++                  -7.472     -7.548     3.374E-08     2.832E-08     8.395E-01  Aqueous 
  Ca++                 -10.030    -10.104     9.340E-11     7.866E-11     8.422E-01  Aqueous 
  Mg++                  -5.035     -5.108     9.228E-06     7.803E-06     8.456E-01  Aqueous 
  K+                    -5.000     -5.019     9.999E-06     9.563E-06     9.564E-01  Aqueous 
  Na+                   -3.000     -3.019     1.001E-03     9.577E-04     9.570E-01  Aqueous 
  OH-                   -5.980     -5.999     1.047E-06     1.002E-06     9.567E-01  Aqueous 
  HSO4-                 -9.359     -9.378     4.376E-10     4.189E-10     9.572E-01  Aqueous 
  CaSO4(aq)            -11.162    -11.161     6.894E-12     6.896E-12     1.000E+00  Aqueous 
  CaOH+                -14.867    -14.886     1.359E-15     1.302E-15     9.580E-01  Aqueous 
  CaHSO4+              -18.381    -18.401     4.159E-19     3.971E-19     9.548E-01  Aqueous 
  KSO4-                 -7.517     -7.536     3.043E-08     2.914E-08     9.577E-01  Aqueous 
  KOH(aq)              -11.481    -11.481     3.305E-12     3.306E-12     1.000E+00  Aqueous 
  MgSO4(aq)             -6.098     -6.098     7.985E-07     7.988E-07     1.000E+00  Aqueous 
  MgOH+                 -8.530     -8.549     2.948E-09     2.825E-09     9.582E-01  Aqueous 
  NaSO4-                -5.666     -5.685     2.157E-06     2.066E-06     9.577E-01  Aqueous 
  NaOH(aq)              -9.819     -9.819     1.518E-10     1.518E-10     1.000E+00  Aqueous 
  PbOH+                 -7.240     -7.259     5.754E-08     5.507E-08     9.570E-01  Aqueous 
  PbSO4(aq)             -8.164     -8.164     6.853E-09     6.855E-09     1.000E+00  Aqueous 
  Pb(OH)2(aq)           -8.671     -8.670     2.135E-09     2.136E-09     1.000E+00  Aqueous 
  Pb(SO4)2--           -10.730    -10.810     1.863E-11     1.548E-11     8.310E-01  Aqueous 
  Pb(OH)3-             -11.593    -11.612     2.555E-12     2.445E-12     9.570E-01  Aqueous 
  Pb2OH+++             -13.287    -13.457     5.164E-14     3.492E-14     6.763E-01  Aqueous 
  Pb(OH)4--            -15.173    -15.253     6.722E-16     5.586E-16     8.310E-01  Aqueous 
  ZnOH+                 -8.124     -8.144     7.509E-09     7.186E-09     9.570E-01  Aqueous 
  ZnSO4(aq)             -8.185     -8.185     6.530E-09     6.532E-09     1.000E+00  Aqueous 
  Zn(OH)2(aq)           -8.085     -8.085     8.219E-09     8.222E-09     1.000E+00  Aqueous 
  Zn(SO4)2--           -10.554    -10.635     2.790E-11     2.319E-11     8.310E-01  Aqueous 
  Zn(OH)3-             -11.567    -11.586     2.709E-12     2.592E-12     9.570E-01  Aqueous 
  Zn(OH)4--            -16.311    -16.388     4.885E-17     4.097E-17     8.386E-01  Aqueous 
 
  ****** Partial pressure of gases (bars) *****
 
 
  ***** Saturation state of minerals (log[Q/K] *****
 
 
 
  ***** Volum of minerals added or subtracted *****
 
 
 **************************************************************
 ------> GRID LOCATION:    49:  1:  1
 
  Temperature (C)    =     25.000
  Porosity           =      0.250
  Liquid Saturation  =      1.000
  Liquid Density     =    997.075
  Ionic Strength     =      0.002
  Solution pH        =      7.999
  Total Charge       = -1.219E-07
 
 Total Aqueous Concentrations of Primary Species 
 --------------------------------------- 
 
   Species              Molality       Type 
 H+                  -1.1250E-06     Aqueous      
 SO4--                5.1621E-04     Aqueous      
 Zn++                 1.0029E-07     Aqueous      
 Pb++                 1.0029E-07     Aqueous      
 Ca++                 1.0029E-10     Aqueous      
 Mg++                 1.0029E-05     Aqueous      
 K+                   1.0029E-05     Aqueous      
 Na+                  1.0029E-03     Aqueous      
 
 Exchangers           Equiv/kgw        Equiv/g solid    Equiv/m^3 bulk
 X-                   4.9623E-02       6.5970E-06       1.2369E+01
 Y-                   5.5136E-03       7.3300E-07       1.3744E+00
 
 Total Concentrations in Exchange Sites 
 -------------------------------------- 
 
 Exchangers           Equiv/kgw        Equiv/g solid    Equiv/m^3 bulk
 Zn++                 3.0992E-04       4.1202E-08       7.7253E-02
 Pb++                 2.4508E-04       3.2582E-08       6.1090E-02
 Ca++                 3.7108E-07       4.9332E-11       9.2498E-05
 Mg++                 2.2622E-02       3.0074E-06       5.6388E+00
 K+                   4.5503E-04       6.0493E-08       1.1342E-01
 Na+                  8.3274E-03       1.1071E-06       2.0758E+00
 
 Concentrations of Individual Species, Exchangers, and Surface Complexes 
 ----------------------------------------------------------------------- 
 
                           Log        Log                 Concentration     
 Species              Molality   Activity      Molality    Mol/m^3 blk  Type
  NaX                   -2.113     -0.809     7.710E-03     1.922E+00  Exchange
  NaY                   -3.210     -0.951     6.173E-04     1.539E-01  Exchange
  KX                    -3.414     -2.109     3.859E-04     9.619E-02  Exchange
  KY                    -4.160     -1.902     6.916E-05     1.724E-02  Exchange
  CaX2                  -6.489     -4.884     3.241E-07     8.079E-05  Exchange
  CaY2                  -7.328     -4.769     4.696E-08     1.171E-05  Exchange
  MgX2                  -1.693     -0.087     2.029E-02     5.057E+00  Exchange
  MgY2                  -2.632     -0.072     2.335E-03     5.820E-01  Exchange
  ZnX2                  -3.568     -1.962     2.707E-04     6.748E-02  Exchange
  ZnY2                  -4.406     -1.847     3.922E-05     9.777E-03  Exchange
  PbX2                  -3.687     -2.082     2.056E-04     5.124E-02  Exchange
  PbY2                  -4.403     -1.844     3.952E-05     9.852E-03  Exchange
                           Log        Log                                 Activity
 Species              Molality   Activity      Molality      Activity   Coefficient    Type
  H+                    -7.981     -7.999     1.045E-08     1.003E-08     9.594E-01  Aqueous 
  SO4--                 -3.290     -3.366     5.132E-04     4.304E-04     8.386E-01  Aqueous 
  Zn++                  -7.108     -7.182     7.801E-08     6.569E-08     8.422E-01  Aqueous 
  Pb++                  -7.472     -7.548     3.374E-08     2.832E-08     8.395E-01  Aqueous 
  Ca++                 -10.030    -10.104     9.340E-11     7.866E-11     8.422E-01  Aqueous 
  Mg++                  -5.035     -5.108     9.228E-06     7.803E-06     8.456E-01  Aqueous 
  K+                    -5.000     -5.019     9.999E-06     9.563E-06     9.564E-01  Aqueous 
  Na+                   -3.000     -3.019     1.001E-03     9.577E-04     9.570E-01  Aqueous 
  OH-                   -5.980     -5.999     1.047E-06     1.002E-06     9.567E-01  Aqueous 
  HSO4-                 -9.359     -9.378     4.376E-10     4.189E-10     9.572E-01  Aqueous 
  CaSO4(aq)            -11.162    -11.161     6.894E-12     6.896E-12     1.000E+00  Aqueous 
  CaOH+                -14.867    -14.886     1.359E-15     1.302E-15     9.580E-01  Aqueous 
  CaHSO4+              -18.381    -18.401     4.159E-19     3.971E-19     9.548E-01  Aqueous 
  KSO4-                 -7.517     -7.536     3.043E-08     2.914E-08     9.577E-01  Aqueous 
  KOH(aq)              -11.481    -11.481     3.305E-12     3.306E-12     1.000E+00  Aqueous 
  MgSO4(aq)             -6.098     -6.098     7.985E-07     7.988E-07     1.000E+00  Aqueous 
  MgOH+                 -8.530     -8.549     2.948E-09     2.825E-09     9.582E-01  Aqueous 
  NaSO4-                -5.666     -5.685     2.157E-06     2.066E-06     9.577E-01  Aqueous 
  NaOH(aq)              -9.819     -9.819     1.518E-10     1.518E-10     1.000E+00  Aqueous 
  PbOH+                 -7.240     -7.259     5.754E-08     5.507E-08     9.570E-01  Aqueous 
  PbSO4(aq)             -8.164     -8.164     6.853E-09     6.855E-09     1.000E+00  Aqueous 
  Pb(OH)2(aq)           -8.671     -8.670     2.135E-09     2.136E-09     1.000E+00  Aqueous 
  Pb(SO4)2--           -10.730    -10.810     1.863E-11     1.548E-11     8.310E-01  Aqueous 
  Pb(OH)3-             -11.593    -11.612     2.555E-12     2.445E-12     9.570E-01  Aqueous 
  Pb2OH+++             -13.287    -13.457     5.164E-14     3.492E-14     6.763E-01  Aqueous 
  Pb(OH)4--            -15.173    -15.253     6.722E-16     5.586E-16     8.310E-01  Aqueous 
  ZnOH+                 -8.124     -8.144     7.509E-09     7.186E-09     9.570E-01  Aqueous 
  ZnSO4(aq)             -8.185     -8.185     6.530E-09     6.532E-09     1.000E+00  Aqueous 
  Zn(OH)2(aq)           -8.085     -8.085     8.219E-09     8.222E-09     1.000E+00  Aqueous 
  Zn(SO4)2--           -10.554    -10.635     2.790E-11     2.319E-11     8.310E-01  Aqueous 
  Zn(OH)3-             -11.567    -11.586     2.709E-12     2.592E-12     9.570E-01  Aqueous 
  Zn(OH)4--            -16.311    -16.388     4.885E-17     4.097E-17     8.386E-01  Aqueous 
 
  ****** Partial pressure of gases (bars) *****
 
 
  ***** Saturation state of minerals (log[Q/K] *****
 
 
 
  ***** Volum of minerals added or subtracted *****
 
 
 **************************************************************
 ------> GRID LOCATION:    50:  1:  1
 
  Temperature (C)    =     25.000
  Porosity           =      0.250
  Liquid Saturation  =      1.000
  Liquid Density     =    997.075
  Ionic Strength     =      0.002
  Solution pH        =      7.999
  Total Charge       = -1.219E-07
 
 Total Aqueous Concentrations of Primary Species 
 --------------------------------------- 
 
   Species              Molality       Type 
 H+                  -1.1250E-06     Aqueous      
 SO4--                5.1621E-04     Aqueous      
 Zn++                 1.0029E-07     Aqueous      
 Pb++                 1.0029E-07     Aqueous      
 Ca++                 1.0029E-10     Aqueous      
 Mg++                 1.0029E-05     Aqueous      
 K+                   1.0029E-05     Aqueous      
 Na+                  1.0029E-03     Aqueous      
 
 Exchangers           Equiv/kgw        Equiv/g solid    Equiv/m^3 bulk
 X-                   4.9623E-02       6.5970E-06       1.2369E+01
 Y-                   5.5136E-03       7.3300E-07       1.3744E+00
 
 Total Concentrations in Exchange Sites 
 -------------------------------------- 
 
 Exchangers           Equiv/kgw        Equiv/g solid    Equiv/m^3 bulk
 Zn++                 3.0992E-04       4.1202E-08       7.7253E-02
 Pb++                 2.4508E-04       3.2582E-08       6.1090E-02
 Ca++                 3.7108E-07       4.9332E-11       9.2498E-05
 Mg++                 2.2622E-02       3.0074E-06       5.6388E+00
 K+                   4.5503E-04       6.0493E-08       1.1342E-01
 Na+                  8.3274E-03       1.1071E-06       2.0758E+00
 
 Concentrations of Individual Species, Exchangers, and Surface Complexes 
 ----------------------------------------------------------------------- 
 
                           Log        Log                 Concentration     
 Species              Molality   Activity      Molality    Mol/m^3 blk  Type
  NaX                   -2.113     -0.809     7.710E-03     1.922E+00  Exchange
  NaY                   -3.210     -0.951     6.173E-04     1.539E-01  Exchange
  KX                    -3.414     -2.109     3.859E-04     9.619E-02  Exchange
  KY                    -4.160     -1.902     6.916E-05     1.724E-02  Exchange
  CaX2                  -6.489     -4.884     3.241E-07     8.079E-05  Exchange
  CaY2                  -7.328     -4.769     4.696E-08     1.171E-05  Exchange
  MgX2                  -1.693     -0.087     2.029E-02     5.057E+00  Exchange
  MgY2                  -2.632     -0.072     2.335E-03     5.820E-01  Exchange
  ZnX2                  -3.568     -1.962     2.707E-04     6.748E-02  Exchange
  ZnY2                  -4.406     -1.847     3.922E-05     9.777E-03  Exchange
  PbX2                  -3.687     -2.082     2.056E-04     5.124E-02  Exchange
  PbY2                  -4.403     -1.844     3.952E-05     9.852E-03  Exchange
                           Log        Log                                 Activity
 Species              Molality   Activity      Molality      Activity   Coefficient    Type
  H+                    -7.981     -7.999     1.045E-08     1.003E-08     9.594E-01  Aqueous 
  SO4--                 -3.290     -3.366     5.132E-04     4.304E-04     8.386E-01  Aqueous 
  Zn++                  -7.108     -7.182     7.801E-08     6.569E-08     8.422E-01  Aqueous 
  Pb++                  -7.472     -7.548     3.374E-08     2.832E-08     8.395E-01  Aqueous 
  Ca++                 -10.030    -10.104     9.340E-11     7.866E-11     8.422E-01  Aqueous 
  Mg++                  -5.035     -5.108     9.228E-06     7.803E-06     8.456E-01  Aqueous 
  K+                    -5.000     -5.019     9.999E-06     9.563E-06     9.564E-01  Aqueous 
  Na+                   -3.000     -3.019     1.001E-03     9.577E-04     9.570E-01  Aqueous 
  OH-                   -5.980     -5.999     1.047E-06     1.002E-06     9.567E-01  Aqueous 
  HSO4-                 -9.359     -9.378     4.376E-10     4.189E-10     9.572E-01  Aqueous 
  CaSO4(aq)            -11.162    -11.161     6.894E-12     6.896E-12     1.000E+00  Aqueous 
  CaOH+                -14.867    -14.886     1.359E-15     1.302E-15     9.580E-01  Aqueous 
  CaHSO4+              -18.381    -18.401     4.159E-19     3.971E-19     9.548E-01  Aqueous 
  KSO4-                 -7.517     -7.536     3.043E-08     2.914E-08     9.577E-01  Aqueous 
  KOH(aq)              -11.481    -11.481     3.305E-12     3.306E-12     1.000E+00  Aqueous 
  MgSO4(aq)             -6.098     -6.098     7.985E-07     7.988E-07     1.000E+00  Aqueous 
  MgOH+                 -8.530     -8.549     2.948E-09     2.825E-09     9.582E-01  Aqueous 
  NaSO4-                -5.666     -5.685     2.157E-06     2.066E-06     9.577E-01  Aqueous 
  NaOH(aq)              -9.819     -9.819     1.518E-10     1.518E-10     1.000E+00  Aqueous 
  PbOH+                 -7.240     -7.259     5.754E-08     5.507E-08     9.570E-01  Aqueous 
  PbSO4(aq)             -8.164     -8.164     6.853E-09     6.855E-09     1.000E+00  Aqueous 
  Pb(OH)2(aq)           -8.671     -8.670     2.135E-09     2.136E-09     1.000E+00  Aqueous 
  Pb(SO4)2--           -10.730    -10.810     1.863E-11     1.548E-11     8.310E-01  Aqueous 
  Pb(OH)3-             -11.593    -11.612     2.555E-12     2.445E-12     9.570E-01  Aqueous 
  Pb2OH+++             -13.287    -13.457     5.164E-14     3.492E-14     6.763E-01  Aqueous 
  Pb(OH)4--            -15.173    -15.253     6.722E-16     5.586E-16     8.310E-01  Aqueous 
  ZnOH+                 -8.124     -8.144     7.509E-09     7.186E-09     9.570E-01  Aqueous 
  ZnSO4(aq)             -8.185     -8.185     6.530E-09     6.532E-09     1.000E+00  Aqueous 
  Zn(OH)2(aq)           -8.085     -8.085     8.219E-09     8.222E-09     1.000E+00  Aqueous 
  Zn(SO4)2--           -10.554    -10.635     2.790E-11     2.319E-11     8.310E-01  Aqueous 
  Zn(OH)3-             -11.567    -11.586     2.709E-12     2.592E-12     9.570E-01  Aqueous 
  Zn(OH)4--            -16.311    -16.388     4.885E-17     4.097E-17     8.386E-01  Aqueous 
 
  ****** Partial pressure of gases (bars) *****
 
 
  ***** Saturation state of minerals (log[Q/K] *****
 
 
 
  ***** Volum of minerals added or subtracted *****
 
 
 **************************************************************
 ------> GRID LOCATION:    51:  1:  1
 
  Temperature (C)    =     25.000
  Porosity           =      0.250
  Liquid Saturation  =      1.000
  Liquid Density     =    997.075
  Ionic Strength     =      0.002
  Solution pH        =      7.999
  Total Charge       = -1.219E-07
 
 Total Aqueous Concentrations of Primary Species 
 --------------------------------------- 
 
   Species              Molality       Type 
 H+                  -1.1250E-06     Aqueous      
 SO4--                5.1621E-04     Aqueous      
 Zn++                 1.0029E-07     Aqueous      
 Pb++                 1.0029E-07     Aqueous      
 Ca++                 1.0029E-10     Aqueous      
 Mg++                 1.0029E-05     Aqueous      
 K+                   1.0029E-05     Aqueous      
 Na+                  1.0029E-03     Aqueous      
 
 Exchangers           Equiv/kgw        Equiv/g solid    Equiv/m^3 bulk
 X-                   2.2055E-02       2.9320E-06       5.4975E+00
 Y-                   3.3082E-02       4.3980E-06       8.2462E+00
 
 Total Concentrations in Exchange Sites 
 -------------------------------------- 
 
 Exchangers           Equiv/kgw        Equiv/g solid    Equiv/m^3 bulk
 Zn++                 3.5564E-04       4.7280E-08       8.8650E-02
 Pb++                 3.2850E-04       4.3672E-08       8.1886E-02
 Ca++                 4.2582E-07       5.6610E-11       1.0614E-04
 Mg++                 2.3025E-02       3.0611E-06       5.7395E+00
 K+                   5.8644E-04       7.7963E-08       1.4618E-01
 Na+                  7.1302E-03       9.4792E-07       1.7773E+00
 
 Concentrations of Individual Species, Exchangers, and Surface Complexes 
 ----------------------------------------------------------------------- 
 
                           Log        Log                 Concentration     
 Species              Molality   Activity      Molality    Mol/m^3 blk  Type
  NaX                   -2.465     -0.809     3.427E-03     8.542E-01  Exchange
  NaY                   -2.431     -0.951     3.704E-03     9.232E-01  Exchange
  KX                    -3.766     -2.109     1.715E-04     4.275E-02  Exchange
  KY                    -3.382     -1.902     4.149E-04     1.034E-01  Exchange
  CaX2                  -6.841     -4.884     1.441E-07     3.591E-05  Exchange
  CaY2                  -6.550     -4.769     2.818E-07     7.024E-05  Exchange
  MgX2                  -2.045     -0.087     9.016E-03     2.247E+00  Exchange
  MgY2                  -1.854     -0.072     1.401E-02     3.492E+00  Exchange
  ZnX2                  -3.920     -1.962     1.203E-04     2.999E-02  Exchange
  ZnY2                  -3.628     -1.847     2.353E-04     5.866E-02  Exchange
  PbX2                  -4.039     -2.082     9.136E-05     2.277E-02  Exchange
  PbY2                  -3.625     -1.844     2.371E-04     5.911E-02  Exchange
                           Log        Log                                 Activity
 Species              Molality   Activity      Molality      Activity   Coefficient    Type
  H+                    -7.981     -7.999     1.045E-08     1.003E-08     9.594E-01  Aqueous 
  SO4--                 -3.290     -3.366     5.132E-04     4.304E-04     8.386E-01  Aqueous 
  Zn++                  -7.108     -7.182     7.801E-08     6.569E-08     8.422E-01  Aqueous 
  Pb++                  -7.472     -7.548     3.374E-08     2.832E-08     8.395E-01  Aqueous 
  Ca++                 -10.030    -10.104     9.340E-11     7.866E-11     8.422E-01  Aqueous 
  Mg++                  -5.035     -5.108     9.228E-06     7.803E-06     8.456E-01  Aqueous 
  K+                    -5.000     -5.019     9.999E-06     9.563E-06     9.564E-01  Aqueous 
  Na+                   -3.000     -3.019     1.001E-03     9.577E-04     9.570E-01  Aqueous 
  OH-                   -5.980     -5.999     1.047E-06     1.002E-06     9.567E-01  Aqueous 
  HSO4-                 -9.359     -9.378     4.376E-10     4.189E-10     9.572E-01  Aqueous 
  CaSO4(aq)            -11.162    -11.161     6.894E-12     6.896E-12     1.000E+00  Aqueous 
  CaOH+                -14.867    -14.886     1.359E-15     1.302E-15     9.580E-01  Aqueous 
  CaHSO4+              -18.381    -18.401     4.159E-19     3.971E-19     9.548E-01  Aqueous 
  KSO4-                 -7.517     -7.536     3.043E-08     2.914E-08     9.577E-01  Aqueous 
  KOH(aq)              -11.481    -11.481     3.305E-12     3.306E-12     1.000E+00  Aqueous 
  MgSO4(aq)             -6.098     -6.098     7.985E-07     7.988E-07     1.000E+00  Aqueous 
  MgOH+                 -8.530     -8.549     2.948E-09     2.825E-09     9.582E-01  Aqueous 
  NaSO4-                -5.666     -5.685     2.157E-06     2.066E-06     9.577E-01  Aqueous 
  NaOH(aq)              -9.819     -9.819     1.518E-10     1.518E-10     1.000E+00  Aqueous 
  PbOH+                 -7.240     -7.259     5.754E-08     5.507E-08     9.570E-01  Aqueous 
  PbSO4(aq)             -8.164     -8.164     6.853E-09     6.855E-09     1.000E+00  Aqueous 
  Pb(OH)2(aq)           -8.671     -8.670     2.135E-09     2.136E-09     1.000E+00  Aqueous 
  Pb(SO4)2--           -10.730    -10.810     1.863E-11     1.548E-11     8.310E-01  Aqueous 
  Pb(OH)3-             -11.593    -11.612     2.555E-12     2.445E-12     9.570E-01  Aqueous 
  Pb2OH+++             -13.287    -13.457     5.164E-14     3.492E-14     6.763E-01  Aqueous 
  Pb(OH)4--            -15.173    -15.253     6.722E-16     5.586E-16     8.310E-01  Aqueous 
  ZnOH+                 -8.124     -8.144     7.509E-09     7.186E-09     9.570E-01  Aqueous 
  ZnSO4(aq)             -8.185     -8.185     6.530E-09     6.532E-09     1.000E+00  Aqueous 
  Zn(OH)2(aq)           -8.085     -8.085     8.219E-09     8.222E-09     1.000E+00  Aqueous 
  Zn(SO4)2--           -10.554    -10.635     2.790E-11     2.319E-11     8.310E-01  Aqueous 
  Zn(OH)3-             -11.567    -11.586     2.709E-12     2.592E-12     9.570E-01  Aqueous 
  Zn(OH)4--            -16.311    -16.388     4.885E-17     4.097E-17     8.386E-01  Aqueous 
 
  ****** Partial pressure of gases (bars) *****
 
 
  ***** Saturation state of minerals (log[Q/K] *****
 
 
 
  ***** Volum of minerals added or subtracted *****
 
 
 **************************************************************
 ------> GRID LOCATION:    52:  1:  1
 
  Temperature (C)    =     25.000
  Porosity           =      0.250
  Liquid Saturation  =      1.000
  Liquid Density     =    997.075
  Ionic Strength     =      0.002
  Solution pH        =      7.999
  Total Charge       = -1.219E-07
 
 Total Aqueous Concentrations of Primary Species 
 --------------------------------------- 
 
   Species              Molality       Type 
 H+                  -1.1250E-06     Aqueous      
 SO4--                5.1621E-04     Aqueous      
 Zn++                 1.0029E-07     Aqueous      
 Pb++                 1.0029E-07     Aqueous      
 Ca++                 1.0029E-10     Aqueous      
 Mg++                 1.0029E-05     Aqueous      
 K+                   1.0029E-05     Aqueous      
 Na+                  1.0029E-03     Aqueous      
 
 Exchangers           Equiv/kgw        Equiv/g solid    Equiv/m^3 bulk
 X-                   2.2055E-02       2.9320E-06       5.4975E+00
 Y-                   3.3082E-02       4.3980E-06       8.2462E+00
 
 Total Concentrations in Exchange Sites 
 -------------------------------------- 
 
 Exchangers           Equiv/kgw        Equiv/g solid    Equiv/m^3 bulk
 Zn++                 3.5564E-04       4.7280E-08       8.8650E-02
 Pb++                 3.2850E-04       4.3672E-08       8.1886E-02
 Ca++                 4.2582E-07       5.6610E-11       1.0614E-04
 Mg++                 2.3025E-02       3.0611E-06       5.7395E+00
 K+                   5.8644E-04       7.7963E-08       1.4618E-01
 Na+                  7.1302E-03       9.4792E-07       1.7773E+00
 
 Concentrations of Individual Species, Exchangers, and Surface Complexes 
 ----------------------------------------------------------------------- 
 
                           Log        Log                 Concentration     
 Species              Molality   Activity      Molality    Mol/m^3 blk  Type
  NaX                   -2.465     -0.809     3.427E-03     8.542E-01  Exchange
  NaY                   -2.431     -0.951     3.704E-03     9.232E-01  Exchange
  KX                    -3.766     -2.109     1.715E-04     4.275E-02  Exchange
  KY                    -3.382     -1.902     4.149E-04     1.034E-01  Exchange
  CaX2                  -6.841     -4.884     1.441E-07     3.591E-05  Exchange
  CaY2                  -6.550     -4.769     2.818E-07     7.024E-05  Exchange
  MgX2                  -2.045     -0.087     9.016E-03     2.247E+00  Exchange
  MgY2                  -1.854     -0.072     1.401E-02     3.492E+00  Exchange
  ZnX2                  -3.920     -1.962     1.203E-04     2.999E-02  Exchange
  ZnY2                  -3.628     -1.847     2.353E-04     5.866E-02  Exchange
  PbX2                  -4.039     -2.082     9.136E-05     2.277E-02  Exchange
  PbY2                  -3.625     -1.844     2.371E-04     5.911E-02  Exchange
                           Log        Log                                 Activity
 Species              Molality   Activity      Molality      Activity   Coefficient    Type
  H+                    -7.981     -7.999     1.045E-08     1.003E-08     9.594E-01  Aqueous 
  SO4--                 -3.290     -3.366     5.132E-04     4.304E-04     8.386E-01  Aqueous 
  Zn++                  -7.108     -7.182     7.801E-08     6.569E-08     8.422E-01  Aqueous 
  Pb++                  -7.472     -7.548     3.374E-08     2.832E-08     8.395E-01  Aqueous 
  Ca++                 -10.030    -10.104     9.340E-11     7.866E-11     8.422E-01  Aqueous 
  Mg++                  -5.035     -5.108     9.228E-06     7.803E-06     8.456E-01  Aqueous 
  K+                    -5.000     -5.019     9.999E-06     9.563E-06     9.564E-01  Aqueous 
  Na+                   -3.000     -3.019     1.001E-03     9.577E-04     9.570E-01  Aqueous 
  OH-                   -5.980     -5.999     1.047E-06     1.002E-06     9.567E-01  Aqueous 
  HSO4-                 -9.359     -9.378     4.376E-10     4.189E-10     9.572E-01  Aqueous 
  CaSO4(aq)            -11.162    -11.161     6.894E-12     6.896E-12     1.000E+00  Aqueous 
  CaOH+                -14.867    -14.886     1.359E-15     1.302E-15     9.580E-01  Aqueous 
  CaHSO4+              -18.381    -18.401     4.159E-19     3.971E-19     9.548E-01  Aqueous 
  KSO4-                 -7.517     -7.536     3.043E-08     2.914E-08     9.577E-01  Aqueous 
  KOH(aq)              -11.481    -11.481     3.305E-12     3.306E-12     1.000E+00  Aqueous 
  MgSO4(aq)             -6.098     -6.098     7.985E-07     7.988E-07     1.000E+00  Aqueous 
  MgOH+                 -8.530     -8.549     2.948E-09     2.825E-09     9.582E-01  Aqueous 
  NaSO4-                -5.666     -5.685     2.157E-06     2.066E-06     9.577E-01  Aqueous 
  NaOH(aq)              -9.819     -9.819     1.518E-10     1.518E-10     1.000E+00  Aqueous 
  PbOH+                 -7.240     -7.259     5.754E-08     5.507E-08     9.570E-01  Aqueous 
  PbSO4(aq)             -8.164     -8.164     6.853E-09     6.855E-09     1.000E+00  Aqueous 
  Pb(OH)2(aq)           -8.671     -8.670     2.135E-09     2.136E-09     1.000E+00  Aqueous 
  Pb(SO4)2--           -10.730    -10.810     1.863E-11     1.548E-11     8.310E-01  Aqueous 
  Pb(OH)3-             -11.593    -11.612     2.555E-12     2.445E-12     9.570E-01  Aqueous 
  Pb2OH+++             -13.287    -13.457     5.164E-14     3.492E-14     6.763E-01  Aqueous 
  Pb(OH)4--            -15.173    -15.253     6.722E-16     5.586E-16     8.310E-01  Aqueous 
  ZnOH+                 -8.124     -8.144     7.509E-09     7.186E-09     9.570E-01  Aqueous 
  ZnSO4(aq)             -8.185     -8.185     6.530E-09     6.532E-09     1.000E+00  Aqueous 
  Zn(OH)2(aq)           -8.085     -8.085     8.219E-09     8.222E-09     1.000E+00  Aqueous 
  Zn(SO4)2--           -10.554    -10.635     2.790E-11     2.319E-11     8.310E-01  Aqueous 
  Zn(OH)3-             -11.567    -11.586     2.709E-12     2.592E-12     9.570E-01  Aqueous 
  Zn(OH)4--            -16.311    -16.388     4.885E-17     4.097E-17     8.386E-01  Aqueous 
 
  ****** Partial pressure of gases (bars) *****
 
 
  ***** Saturation state of minerals (log[Q/K] *****
 
 
 
  ***** Volum of minerals added or subtracted *****
 
 
 **************************************************************
 ------> GRID LOCATION:    53:  1:  1
 
  Temperature (C)    =     25.000
  Porosity           =      0.250
  Liquid Saturation  =      1.000
  Liquid Density     =    997.075
  Ionic Strength     =      0.002
  Solution pH        =      7.999
  Total Charge       = -1.219E-07
 
 Total Aqueous Concentrations of Primary Species 
 --------------------------------------- 
 
   Species              Molality       Type 
 H+                  -1.1250E-06     Aqueous      
 SO4--                5.1621E-04     Aqueous      
 Zn++                 1.0029E-07     Aqueous      
 Pb++                 1.0029E-07     Aqueous      
 Ca++                 1.0029E-10     Aqueous      
 Mg++                 1.0029E-05     Aqueous      
 K+                   1.0029E-05     Aqueous      
 Na+                  1.0029E-03     Aqueous      
 
 Exchangers           Equiv/kgw        Equiv/g solid    Equiv/m^3 bulk
 X-                   2.2055E-02       2.9320E-06       5.4975E+00
 Y-                   3.3082E-02       4.3980E-06       8.2462E+00
 
 Total Concentrations in Exchange Sites 
 -------------------------------------- 
 
 Exchangers           Equiv/kgw        Equiv/g solid    Equiv/m^3 bulk
 Zn++                 3.5564E-04       4.7280E-08       8.8650E-02
 Pb++                 3.2850E-04       4.3672E-08       8.1886E-02
 Ca++                 4.2582E-07       5.6610E-11       1.0614E-04
 Mg++                 2.3025E-02       3.0611E-06       5.7395E+00
 K+                   5.8644E-04       7.7963E-08       1.4618E-01
 Na+                  7.1302E-03       9.4792E-07       1.7773E+00
 
 Concentrations of Individual Species, Exchangers, and Surface Complexes 
 ----------------------------------------------------------------------- 
 
                           Log        Log                 Concentration     
 Species              Molality   Activity      Molality    Mol/m^3 blk  Type
  NaX                   -2.465     -0.809     3.427E-03     8.542E-01  Exchange
  NaY                   -2.431     -0.951     3.704E-03     9.232E-01  Exchange
  KX                    -3.766     -2.109     1.715E-04     4.275E-02  Exchange
  KY                    -3.382     -1.902     4.149E-04     1.034E-01  Exchange
  CaX2                  -6.841     -4.884     1.441E-07     3.591E-05  Exchange
  CaY2                  -6.550     -4.769     2.818E-07     7.024E-05  Exchange
  MgX2                  -2.045     -0.087     9.016E-03     2.247E+00  Exchange
  MgY2                  -1.854     -0.072     1.401E-02     3.492E+00  Exchange
  ZnX2                  -3.920     -1.962     1.203E-04     2.999E-02  Exchange
  ZnY2                  -3.628     -1.847     2.353E-04     5.866E-02  Exchange
  PbX2                  -4.039     -2.082     9.136E-05     2.277E-02  Exchange
  PbY2                  -3.625     -1.844     2.371E-04     5.911E-02  Exchange
                           Log        Log                                 Activity
 Species              Molality   Activity      Molality      Activity   Coefficient    Type
  H+                    -7.981     -7.999     1.045E-08     1.003E-08     9.594E-01  Aqueous 
  SO4--                 -3.290     -3.366     5.132E-04     4.304E-04     8.386E-01  Aqueous 
  Zn++                  -7.108     -7.182     7.801E-08     6.569E-08     8.422E-01  Aqueous 
  Pb++                  -7.472     -7.548     3.374E-08     2.832E-08     8.395E-01  Aqueous 
  Ca++                 -10.030    -10.104     9.340E-11     7.866E-11     8.422E-01  Aqueous 
  Mg++                  -5.035     -5.108     9.228E-06     7.803E-06     8.456E-01  Aqueous 
  K+                    -5.000     -5.019     9.999E-06     9.563E-06     9.564E-01  Aqueous 
  Na+                   -3.000     -3.019     1.001E-03     9.577E-04     9.570E-01  Aqueous 
  OH-                   -5.980     -5.999     1.047E-06     1.002E-06     9.567E-01  Aqueous 
  HSO4-                 -9.359     -9.378     4.376E-10     4.189E-10     9.572E-01  Aqueous 
  CaSO4(aq)            -11.162    -11.161     6.894E-12     6.896E-12     1.000E+00  Aqueous 
  CaOH+                -14.867    -14.886     1.359E-15     1.302E-15     9.580E-01  Aqueous 
  CaHSO4+              -18.381    -18.401     4.159E-19     3.971E-19     9.548E-01  Aqueous 
  KSO4-                 -7.517     -7.536     3.043E-08     2.914E-08     9.577E-01  Aqueous 
  KOH(aq)              -11.481    -11.481     3.305E-12     3.306E-12     1.000E+00  Aqueous 
  MgSO4(aq)             -6.098     -6.098     7.985E-07     7.988E-07     1.000E+00  Aqueous 
  MgOH+                 -8.530     -8.549     2.948E-09     2.825E-09     9.582E-01  Aqueous 
  NaSO4-                -5.666     -5.685     2.157E-06     2.066E-06     9.577E-01  Aqueous 
  NaOH(aq)              -9.819     -9.819     1.518E-10     1.518E-10     1.000E+00  Aqueous 
  PbOH+                 -7.240     -7.259     5.754E-08     5.507E-08     9.570E-01  Aqueous 
  PbSO4(aq)             -8.164     -8.164     6.853E-09     6.855E-09     1.000E+00  Aqueous 
  Pb(OH)2(aq)           -8.671     -8.670     2.135E-09     2.136E-09     1.000E+00  Aqueous 
  Pb(SO4)2--           -10.730    -10.810     1.863E-11     1.548E-11     8.310E-01  Aqueous 
  Pb(OH)3-             -11.593    -11.612     2.555E-12     2.445E-12     9.570E-01  Aqueous 
  Pb2OH+++             -13.287    -13.457     5.164E-14     3.492E-14     6.763E-01  Aqueous 
  Pb(OH)4--            -15.173    -15.253     6.722E-16     5.586E-16     8.310E-01  Aqueous 
  ZnOH+                 -8.124     -8.144     7.509E-09     7.186E-09     9.570E-01  Aqueous 
  ZnSO4(aq)             -8.185     -8.185     6.530E-09     6.532E-09     1.000E+00  Aqueous 
  Zn(OH)2(aq)           -8.085     -8.085     8.219E-09     8.222E-09     1.000E+00  Aqueous 
  Zn(SO4)2--           -10.554    -10.635     2.790E-11     2.319E-11     8.310E-01  Aqueous 
  Zn(OH)3-             -11.567    -11.586     2.709E-12     2.592E-12     9.570E-01  Aqueous 
  Zn(OH)4--            -16.311    -16.388     4.885E-17     4.097E-17     8.386E-01  Aqueous 
 
  ****** Partial pressure of gases (bars) *****
 
 
  ***** Saturation state of minerals (log[Q/K] *****
 
 
 
  ***** Volum of minerals added or subtracted *****
 
 
 **************************************************************
 ------> GRID LOCATION:    54:  1:  1
 
  Temperature (C)    =     25.000
  Porosity           =      0.250
  Liquid Saturation  =      1.000
  Liquid Density     =    997.075
  Ionic Strength     =      0.002
  Solution pH        =      7.999
  Total Charge       = -1.219E-07
 
 Total Aqueous Concentrations of Primary Species 
 --------------------------------------- 
 
   Species              Molality       Type 
 H+                  -1.1250E-06     Aqueous      
 SO4--                5.1621E-04     Aqueous      
 Zn++                 1.0029E-07     Aqueous      
 Pb++                 1.0029E-07     Aqueous      
 Ca++                 1.0029E-10     Aqueous      
 Mg++                 1.0029E-05     Aqueous      
 K+                   1.0029E-05     Aqueous      
 Na+                  1.0029E-03     Aqueous      
 
 Exchangers           Equiv/kgw        Equiv/g solid    Equiv/m^3 bulk
 X-                   2.2055E-02       2.9320E-06       5.4975E+00
 Y-                   3.3082E-02       4.3980E-06       8.2462E+00
 
 Total Concentrations in Exchange Sites 
 -------------------------------------- 
 
 Exchangers           Equiv/kgw        Equiv/g solid    Equiv/m^3 bulk
 Zn++                 3.5564E-04       4.7280E-08       8.8650E-02
 Pb++                 3.2850E-04       4.3672E-08       8.1886E-02
 Ca++                 4.2582E-07       5.6610E-11       1.0614E-04
 Mg++                 2.3025E-02       3.0611E-06       5.7395E+00
 K+                   5.8644E-04       7.7963E-08       1.4618E-01
 Na+                  7.1302E-03       9.4792E-07       1.7773E+00
 
 Concentrations of Individual Species, Exchangers, and Surface Complexes 
 ----------------------------------------------------------------------- 
 
                           Log        Log                 Concentration     
 Species              Molality   Activity      Molality    Mol/m^3 blk  Type
  NaX                   -2.465     -0.809     3.427E-03     8.542E-01  Exchange
  NaY                   -2.431     -0.951     3.704E-03     9.232E-01  Exchange
  KX                    -3.766     -2.109     1.715E-04     4.275E-02  Exchange
  KY                    -3.382     -1.902     4.149E-04     1.034E-01  Exchange
  CaX2                  -6.841     -4.884     1.441E-07     3.591E-05  Exchange
  CaY2                  -6.550     -4.769     2.818E-07     7.024E-05  Exchange
  MgX2                  -2.045     -0.087     9.016E-03     2.247E+00  Exchange
  MgY2                  -1.854     -0.072     1.401E-02     3.492E+00  Exchange
  ZnX2                  -3.920     -1.962     1.203E-04     2.999E-02  Exchange
  ZnY2                  -3.628     -1.847     2.353E-04     5.866E-02  Exchange
  PbX2                  -4.039     -2.082     9.136E-05     2.277E-02  Exchange
  PbY2                  -3.625     -1.844     2.371E-04     5.911E-02  Exchange
                           Log        Log                                 Activity
 Species              Molality   Activity      Molality      Activity   Coefficient    Type
  H+                    -7.981     -7.999     1.045E-08     1.003E-08     9.594E-01  Aqueous 
  SO4--                 -3.290     -3.366     5.132E-04     4.304E-04     8.386E-01  Aqueous 
  Zn++                  -7.108     -7.182     7.801E-08     6.569E-08     8.422E-01  Aqueous 
  Pb++                  -7.472     -7.548     3.374E-08     2.832E-08     8.395E-01  Aqueous 
  Ca++                 -10.030    -10.104     9.340E-11     7.866E-11     8.422E-01  Aqueous 
  Mg++                  -5.035     -5.108     9.228E-06     7.803E-06     8.456E-01  Aqueous 
  K+                    -5.000     -5.019     9.999E-06     9.563E-06     9.564E-01  Aqueous 
  Na+                   -3.000     -3.019     1.001E-03     9.577E-04     9.570E-01  Aqueous 
  OH-                   -5.980     -5.999     1.047E-06     1.002E-06     9.567E-01  Aqueous 
  HSO4-                 -9.359     -9.378     4.376E-10     4.189E-10     9.572E-01  Aqueous 
  CaSO4(aq)            -11.162    -11.161     6.894E-12     6.896E-12     1.000E+00  Aqueous 
  CaOH+                -14.867    -14.886     1.359E-15     1.302E-15     9.580E-01  Aqueous 
  CaHSO4+              -18.381    -18.401     4.159E-19     3.971E-19     9.548E-01  Aqueous 
  KSO4-                 -7.517     -7.536     3.043E-08     2.914E-08     9.577E-01  Aqueous 
  KOH(aq)              -11.481    -11.481     3.305E-12     3.306E-12     1.000E+00  Aqueous 
  MgSO4(aq)             -6.098     -6.098     7.985E-07     7.988E-07     1.000E+00  Aqueous 
  MgOH+                 -8.530     -8.549     2.948E-09     2.825E-09     9.582E-01  Aqueous 
  NaSO4-                -5.666     -5.685     2.157E-06     2.066E-06     9.577E-01  Aqueous 
  NaOH(aq)              -9.819     -9.819     1.518E-10     1.518E-10     1.000E+00  Aqueous 
  PbOH+                 -7.240     -7.259     5.754E-08     5.507E-08     9.570E-01  Aqueous 
  PbSO4(aq)             -8.164     -8.164     6.853E-09     6.855E-09     1.000E+00  Aqueous 
  Pb(OH)2(aq)           -8.671     -8.670     2.135E-09     2.136E-09     1.000E+00  Aqueous 
  Pb(SO4)2--           -10.730    -10.810     1.863E-11     1.548E-11     8.310E-01  Aqueous 
  Pb(OH)3-             -11.593    -11.612     2.555E-12     2.445E-12     9.570E-01  Aqueous 
  Pb2OH+++             -13.287    -13.457     5.164E-14     3.492E-14     6.763E-01  Aqueous 
  Pb(OH)4--            -15.173    -15.253     6.722E-16     5.586E-16     8.310E-01  Aqueous 
  ZnOH+                 -8.124     -8.144     7.509E-09     7.186E-09     9.570E-01  Aqueous 
  ZnSO4(aq)             -8.185     -8.185     6.530E-09     6.532E-09     1.000E+00  Aqueous 
  Zn(OH)2(aq)           -8.085     -8.085     8.219E-09     8.222E-09     1.000E+00  Aqueous 
  Zn(SO4)2--           -10.554    -10.635     2.790E-11     2.319E-11     8.310E-01  Aqueous 
  Zn(OH)3-             -11.567    -11.586     2.709E-12     2.592E-12     9.570E-01  Aqueous 
  Zn(OH)4--            -16.311    -16.388     4.885E-17     4.097E-17     8.386E-01  Aqueous 
 
  ****** Partial pressure of gases (bars) *****
 
 
  ***** Saturation state of minerals (log[Q/K] *****
 
 
 
  ***** Volum of minerals added or subtracted *****
 
 
 **************************************************************
 ------> GRID LOCATION:    55:  1:  1
 
  Temperature (C)    =     25.000
  Porosity           =      0.250
  Liquid Saturation  =      1.000
  Liquid Density     =    997.075
  Ionic Strength     =      0.002
  Solution pH        =      7.999
  Total Charge       = -1.219E-07
 
 Total Aqueous Concentrations of Primary Species 
 --------------------------------------- 
 
   Species              Molality       Type 
 H+                  -1.1250E-06     Aqueous      
 SO4--                5.1621E-04     Aqueous      
 Zn++                 1.0029E-07     Aqueous      
 Pb++                 1.0029E-07     Aqueous      
 Ca++                 1.0029E-10     Aqueous      
 Mg++                 1.0029E-05     Aqueous      
 K+                   1.0029E-05     Aqueous      
 Na+                  1.0029E-03     Aqueous      
 
 Exchangers           Equiv/kgw        Equiv/g solid    Equiv/m^3 bulk
 X-                   2.2055E-02       2.9320E-06       5.4975E+00
 Y-                   3.3082E-02       4.3980E-06       8.2462E+00
 
 Total Concentrations in Exchange Sites 
 -------------------------------------- 
 
 Exchangers           Equiv/kgw        Equiv/g solid    Equiv/m^3 bulk
 Zn++                 3.5564E-04       4.7280E-08       8.8650E-02
 Pb++                 3.2850E-04       4.3672E-08       8.1886E-02
 Ca++                 4.2582E-07       5.6610E-11       1.0614E-04
 Mg++                 2.3025E-02       3.0611E-06       5.7395E+00
 K+                   5.8644E-04       7.7963E-08       1.4618E-01
 Na+                  7.1302E-03       9.4792E-07       1.7773E+00
 
 Concentrations of Individual Species, Exchangers, and Surface Complexes 
 ----------------------------------------------------------------------- 
 
                           Log        Log                 Concentration     
 Species              Molality   Activity      Molality    Mol/m^3 blk  Type
  NaX                   -2.465     -0.809     3.427E-03     8.542E-01  Exchange
  NaY                   -2.431     -0.951     3.704E-03     9.232E-01  Exchange
  KX                    -3.766     -2.109     1.715E-04     4.275E-02  Exchange
  KY                    -3.382     -1.902     4.149E-04     1.034E-01  Exchange
  CaX2                  -6.841     -4.884     1.441E-07     3.591E-05  Exchange
  CaY2                  -6.550     -4.769     2.818E-07     7.024E-05  Exchange
  MgX2                  -2.045     -0.087     9.016E-03     2.247E+00  Exchange
  MgY2                  -1.854     -0.072     1.401E-02     3.492E+00  Exchange
  ZnX2                  -3.920     -1.962     1.203E-04     2.999E-02  Exchange
  ZnY2                  -3.628     -1.847     2.353E-04     5.866E-02  Exchange
  PbX2                  -4.039     -2.082     9.136E-05     2.277E-02  Exchange
  PbY2                  -3.625     -1.844     2.371E-04     5.911E-02  Exchange
                           Log        Log                                 Activity
 Species              Molality   Activity      Molality      Activity   Coefficient    Type
  H+                    -7.981     -7.999     1.045E-08     1.003E-08     9.594E-01  Aqueous 
  SO4--                 -3.290     -3.366     5.132E-04     4.304E-04     8.386E-01  Aqueous 
  Zn++                  -7.108     -7.182     7.801E-08     6.569E-08     8.422E-01  Aqueous 
  Pb++                  -7.472     -7.548     3.374E-08     2.832E-08     8.395E-01  Aqueous 
  Ca++                 -10.030    -10.104     9.340E-11     7.866E-11     8.422E-01  Aqueous 
  Mg++                  -5.035     -5.108     9.228E-06     7.803E-06     8.456E-01  Aqueous 
  K+                    -5.000     -5.019     9.999E-06     9.563E-06     9.564E-01  Aqueous 
  Na+                   -3.000     -3.019     1.001E-03     9.577E-04     9.570E-01  Aqueous 
  OH-                   -5.980     -5.999     1.047E-06     1.002E-06     9.567E-01  Aqueous 
  HSO4-                 -9.359     -9.378     4.376E-10     4.189E-10     9.572E-01  Aqueous 
  CaSO4(aq)            -11.162    -11.161     6.894E-12     6.896E-12     1.000E+00  Aqueous 
  CaOH+                -14.867    -14.886     1.359E-15     1.302E-15     9.580E-01  Aqueous 
  CaHSO4+              -18.381    -18.401     4.159E-19     3.971E-19     9.548E-01  Aqueous 
  KSO4-                 -7.517     -7.536     3.043E-08     2.914E-08     9.577E-01  Aqueous 
  KOH(aq)              -11.481    -11.481     3.305E-12     3.306E-12     1.000E+00  Aqueous 
  MgSO4(aq)             -6.098     -6.098     7.985E-07     7.988E-07     1.000E+00  Aqueous 
  MgOH+                 -8.530     -8.549     2.948E-09     2.825E-09     9.582E-01  Aqueous 
  NaSO4-                -5.666     -5.685     2.157E-06     2.066E-06     9.577E-01  Aqueous 
  NaOH(aq)              -9.819     -9.819     1.518E-10     1.518E-10     1.000E+00  Aqueous 
  PbOH+                 -7.240     -7.259     5.754E-08     5.507E-08     9.570E-01  Aqueous 
  PbSO4(aq)             -8.164     -8.164     6.853E-09     6.855E-09     1.000E+00  Aqueous 
  Pb(OH)2(aq)           -8.671     -8.670     2.135E-09     2.136E-09     1.000E+00  Aqueous 
  Pb(SO4)2--           -10.730    -10.810     1.863E-11     1.548E-11     8.310E-01  Aqueous 
  Pb(OH)3-             -11.593    -11.612     2.555E-12     2.445E-12     9.570E-01  Aqueous 
  Pb2OH+++             -13.287    -13.457     5.164E-14     3.492E-14     6.763E-01  Aqueous 
  Pb(OH)4--            -15.173    -15.253     6.722E-16     5.586E-16     8.310E-01  Aqueous 
  ZnOH+                 -8.124     -8.144     7.509E-09     7.186E-09     9.570E-01  Aqueous 
  ZnSO4(aq)             -8.185     -8.185     6.530E-09     6.532E-09     1.000E+00  Aqueous 
  Zn(OH)2(aq)           -8.085     -8.085     8.219E-09     8.222E-09     1.000E+00  Aqueous 
  Zn(SO4)2--           -10.554    -10.635     2.790E-11     2.319E-11     8.310E-01  Aqueous 
  Zn(OH)3-             -11.567    -11.586     2.709E-12     2.592E-12     9.570E-01  Aqueous 
  Zn(OH)4--            -16.311    -16.388     4.885E-17     4.097E-17     8.386E-01  Aqueous 
 
  ****** Partial pressure of gases (bars) *****
 
 
  ***** Saturation state of minerals (log[Q/K] *****
 
 
 
  ***** Volum of minerals added or subtracted *****
 
 
 **************************************************************
 ------> GRID LOCATION:    56:  1:  1
 
  Temperature (C)    =     25.000
  Porosity           =      0.250
  Liquid Saturation  =      1.000
  Liquid Density     =    997.075
  Ionic Strength     =      0.002
  Solution pH        =      7.999
  Total Charge       = -1.219E-07
 
 Total Aqueous Concentrations of Primary Species 
 --------------------------------------- 
 
   Species              Molality       Type 
 H+                  -1.1250E-06     Aqueous      
 SO4--                5.1621E-04     Aqueous      
 Zn++                 1.0029E-07     Aqueous      
 Pb++                 1.0029E-07     Aqueous      
 Ca++                 1.0029E-10     Aqueous      
 Mg++                 1.0029E-05     Aqueous      
 K+                   1.0029E-05     Aqueous      
 Na+                  1.0029E-03     Aqueous      
 
 Exchangers           Equiv/kgw        Equiv/g solid    Equiv/m^3 bulk
 X-                   2.2055E-02       2.9320E-06       5.4975E+00
 Y-                   3.3082E-02       4.3980E-06       8.2462E+00
 
 Total Concentrations in Exchange Sites 
 -------------------------------------- 
 
 Exchangers           Equiv/kgw        Equiv/g solid    Equiv/m^3 bulk
 Zn++                 3.5564E-04       4.7280E-08       8.8650E-02
 Pb++                 3.2850E-04       4.3672E-08       8.1886E-02
 Ca++                 4.2582E-07       5.6610E-11       1.0614E-04
 Mg++                 2.3025E-02       3.0611E-06       5.7395E+00
 K+                   5.8644E-04       7.7963E-08       1.4618E-01
 Na+                  7.1302E-03       9.4792E-07       1.7773E+00
 
 Concentrations of Individual Species, Exchangers, and Surface Complexes 
 ----------------------------------------------------------------------- 
 
                           Log        Log                 Concentration     
 Species              Molality   Activity      Molality    Mol/m^3 blk  Type
  NaX                   -2.465     -0.809     3.427E-03     8.542E-01  Exchange
  NaY                   -2.431     -0.951     3.704E-03     9.232E-01  Exchange
  KX                    -3.766     -2.109     1.715E-04     4.275E-02  Exchange
  KY                    -3.382     -1.902     4.149E-04     1.034E-01  Exchange
  CaX2                  -6.841     -4.884     1.441E-07     3.591E-05  Exchange
  CaY2                  -6.550     -4.769     2.818E-07     7.024E-05  Exchange
  MgX2                  -2.045     -0.087     9.016E-03     2.247E+00  Exchange
  MgY2                  -1.854     -0.072     1.401E-02     3.492E+00  Exchange
  ZnX2                  -3.920     -1.962     1.203E-04     2.999E-02  Exchange
  ZnY2                  -3.628     -1.847     2.353E-04     5.866E-02  Exchange
  PbX2                  -4.039     -2.082     9.136E-05     2.277E-02  Exchange
  PbY2                  -3.625     -1.844     2.371E-04     5.911E-02  Exchange
                           Log        Log                                 Activity
 Species              Molality   Activity      Molality      Activity   Coefficient    Type
  H+                    -7.981     -7.999     1.045E-08     1.003E-08     9.594E-01  Aqueous 
  SO4--                 -3.290     -3.366     5.132E-04     4.304E-04     8.386E-01  Aqueous 
  Zn++                  -7.108     -7.182     7.801E-08     6.569E-08     8.422E-01  Aqueous 
  Pb++                  -7.472     -7.548     3.374E-08     2.832E-08     8.395E-01  Aqueous 
  Ca++                 -10.030    -10.104     9.340E-11     7.866E-11     8.422E-01  Aqueous 
  Mg++                  -5.035     -5.108     9.228E-06     7.803E-06     8.456E-01  Aqueous 
  K+                    -5.000     -5.019     9.999E-06     9.563E-06     9.564E-01  Aqueous 
  Na+                   -3.000     -3.019     1.001E-03     9.577E-04     9.570E-01  Aqueous 
  OH-                   -5.980     -5.999     1.047E-06     1.002E-06     9.567E-01  Aqueous 
  HSO4-                 -9.359     -9.378     4.376E-10     4.189E-10     9.572E-01  Aqueous 
  CaSO4(aq)            -11.162    -11.161     6.894E-12     6.896E-12     1.000E+00  Aqueous 
  CaOH+                -14.867    -14.886     1.359E-15     1.302E-15     9.580E-01  Aqueous 
  CaHSO4+              -18.381    -18.401     4.159E-19     3.971E-19     9.548E-01  Aqueous 
  KSO4-                 -7.517     -7.536     3.043E-08     2.914E-08     9.577E-01  Aqueous 
  KOH(aq)              -11.481    -11.481     3.305E-12     3.306E-12     1.000E+00  Aqueous 
  MgSO4(aq)             -6.098     -6.098     7.985E-07     7.988E-07     1.000E+00  Aqueous 
  MgOH+                 -8.530     -8.549     2.948E-09     2.825E-09     9.582E-01  Aqueous 
  NaSO4-                -5.666     -5.685     2.157E-06     2.066E-06     9.577E-01  Aqueous 
  NaOH(aq)              -9.819     -9.819     1.518E-10     1.518E-10     1.000E+00  Aqueous 
  PbOH+                 -7.240     -7.259     5.754E-08     5.507E-08     9.570E-01  Aqueous 
  PbSO4(aq)             -8.164     -8.164     6.853E-09     6.855E-09     1.000E+00  Aqueous 
  Pb(OH)2(aq)           -8.671     -8.670     2.135E-09     2.136E-09     1.000E+00  Aqueous 
  Pb(SO4)2--           -10.730    -10.810     1.863E-11     1.548E-11     8.310E-01  Aqueous 
  Pb(OH)3-             -11.593    -11.612     2.555E-12     2.445E-12     9.570E-01  Aqueous 
  Pb2OH+++             -13.287    -13.457     5.164E-14     3.492E-14     6.763E-01  Aqueous 
  Pb(OH)4--            -15.173    -15.253     6.722E-16     5.586E-16     8.310E-01  Aqueous 
  ZnOH+                 -8.124     -8.144     7.509E-09     7.186E-09     9.570E-01  Aqueous 
  ZnSO4(aq)             -8.185     -8.185     6.530E-09     6.532E-09     1.000E+00  Aqueous 
  Zn(OH)2(aq)           -8.085     -8.085     8.219E-09     8.222E-09     1.000E+00  Aqueous 
  Zn(SO4)2--           -10.554    -10.635     2.790E-11     2.319E-11     8.310E-01  Aqueous 
  Zn(OH)3-             -11.567    -11.586     2.709E-12     2.592E-12     9.570E-01  Aqueous 
  Zn(OH)4--            -16.311    -16.388     4.885E-17     4.097E-17     8.386E-01  Aqueous 
 
  ****** Partial pressure of gases (bars) *****
 
 
  ***** Saturation state of minerals (log[Q/K] *****
 
 
 
  ***** Volum of minerals added or subtracted *****
 
 
 **************************************************************
 ------> GRID LOCATION:    57:  1:  1
 
  Temperature (C)    =     25.000
  Porosity           =      0.250
  Liquid Saturation  =      1.000
  Liquid Density     =    997.075
  Ionic Strength     =      0.002
  Solution pH        =      7.999
  Total Charge       = -1.219E-07
 
 Total Aqueous Concentrations of Primary Species 
 --------------------------------------- 
 
   Species              Molality       Type 
 H+                  -1.1250E-06     Aqueous      
 SO4--                5.1621E-04     Aqueous      
 Zn++                 1.0029E-07     Aqueous      
 Pb++                 1.0029E-07     Aqueous      
 Ca++                 1.0029E-10     Aqueous      
 Mg++                 1.0029E-05     Aqueous      
 K+                   1.0029E-05     Aqueous      
 Na+                  1.0029E-03     Aqueous      
 
 Exchangers           Equiv/kgw        Equiv/g solid    Equiv/m^3 bulk
 X-                   2.2055E-02       2.9320E-06       5.4975E+00
 Y-                   3.3082E-02       4.3980E-06       8.2462E+00
 
 Total Concentrations in Exchange Sites 
 -------------------------------------- 
 
 Exchangers           Equiv/kgw        Equiv/g solid    Equiv/m^3 bulk
 Zn++                 3.5564E-04       4.7280E-08       8.8650E-02
 Pb++                 3.2850E-04       4.3672E-08       8.1886E-02
 Ca++                 4.2582E-07       5.6610E-11       1.0614E-04
 Mg++                 2.3025E-02       3.0611E-06       5.7395E+00
 K+                   5.8644E-04       7.7963E-08       1.4618E-01
 Na+                  7.1302E-03       9.4792E-07       1.7773E+00
 
 Concentrations of Individual Species, Exchangers, and Surface Complexes 
 ----------------------------------------------------------------------- 
 
                           Log        Log                 Concentration     
 Species              Molality   Activity      Molality    Mol/m^3 blk  Type
  NaX                   -2.465     -0.809     3.427E-03     8.542E-01  Exchange
  NaY                   -2.431     -0.951     3.704E-03     9.232E-01  Exchange
  KX                    -3.766     -2.109     1.715E-04     4.275E-02  Exchange
  KY                    -3.382     -1.902     4.149E-04     1.034E-01  Exchange
  CaX2                  -6.841     -4.884     1.441E-07     3.591E-05  Exchange
  CaY2                  -6.550     -4.769     2.818E-07     7.024E-05  Exchange
  MgX2                  -2.045     -0.087     9.016E-03     2.247E+00  Exchange
  MgY2                  -1.854     -0.072     1.401E-02     3.492E+00  Exchange
  ZnX2                  -3.920     -1.962     1.203E-04     2.999E-02  Exchange
  ZnY2                  -3.628     -1.847     2.353E-04     5.866E-02  Exchange
  PbX2                  -4.039     -2.082     9.136E-05     2.277E-02  Exchange
  PbY2                  -3.625     -1.844     2.371E-04     5.911E-02  Exchange
                           Log        Log                                 Activity
 Species              Molality   Activity      Molality      Activity   Coefficient    Type
  H+                    -7.981     -7.999     1.045E-08     1.003E-08     9.594E-01  Aqueous 
  SO4--                 -3.290     -3.366     5.132E-04     4.304E-04     8.386E-01  Aqueous 
  Zn++                  -7.108     -7.182     7.801E-08     6.569E-08     8.422E-01  Aqueous 
  Pb++                  -7.472     -7.548     3.374E-08     2.832E-08     8.395E-01  Aqueous 
  Ca++                 -10.030    -10.104     9.340E-11     7.866E-11     8.422E-01  Aqueous 
  Mg++                  -5.035     -5.108     9.228E-06     7.803E-06     8.456E-01  Aqueous 
  K+                    -5.000     -5.019     9.999E-06     9.563E-06     9.564E-01  Aqueous 
  Na+                   -3.000     -3.019     1.001E-03     9.577E-04     9.570E-01  Aqueous 
  OH-                   -5.980     -5.999     1.047E-06     1.002E-06     9.567E-01  Aqueous 
  HSO4-                 -9.359     -9.378     4.376E-10     4.189E-10     9.572E-01  Aqueous 
  CaSO4(aq)            -11.162    -11.161     6.894E-12     6.896E-12     1.000E+00  Aqueous 
  CaOH+                -14.867    -14.886     1.359E-15     1.302E-15     9.580E-01  Aqueous 
  CaHSO4+              -18.381    -18.401     4.159E-19     3.971E-19     9.548E-01  Aqueous 
  KSO4-                 -7.517     -7.536     3.043E-08     2.914E-08     9.577E-01  Aqueous 
  KOH(aq)              -11.481    -11.481     3.305E-12     3.306E-12     1.000E+00  Aqueous 
  MgSO4(aq)             -6.098     -6.098     7.985E-07     7.988E-07     1.000E+00  Aqueous 
  MgOH+                 -8.530     -8.549     2.948E-09     2.825E-09     9.582E-01  Aqueous 
  NaSO4-                -5.666     -5.685     2.157E-06     2.066E-06     9.577E-01  Aqueous 
  NaOH(aq)              -9.819     -9.819     1.518E-10     1.518E-10     1.000E+00  Aqueous 
  PbOH+                 -7.240     -7.259     5.754E-08     5.507E-08     9.570E-01  Aqueous 
  PbSO4(aq)             -8.164     -8.164     6.853E-09     6.855E-09     1.000E+00  Aqueous 
  Pb(OH)2(aq)           -8.671     -8.670     2.135E-09     2.136E-09     1.000E+00  Aqueous 
  Pb(SO4)2--           -10.730    -10.810     1.863E-11     1.548E-11     8.310E-01  Aqueous 
  Pb(OH)3-             -11.593    -11.612     2.555E-12     2.445E-12     9.570E-01  Aqueous 
  Pb2OH+++             -13.287    -13.457     5.164E-14     3.492E-14     6.763E-01  Aqueous 
  Pb(OH)4--            -15.173    -15.253     6.722E-16     5.586E-16     8.310E-01  Aqueous 
  ZnOH+                 -8.124     -8.144     7.509E-09     7.186E-09     9.570E-01  Aqueous 
  ZnSO4(aq)             -8.185     -8.185     6.530E-09     6.532E-09     1.000E+00  Aqueous 
  Zn(OH)2(aq)           -8.085     -8.085     8.219E-09     8.222E-09     1.000E+00  Aqueous 
  Zn(SO4)2--           -10.554    -10.635     2.790E-11     2.319E-11     8.310E-01  Aqueous 
  Zn(OH)3-             -11.567    -11.586     2.709E-12     2.592E-12     9.570E-01  Aqueous 
  Zn(OH)4--            -16.311    -16.388     4.885E-17     4.097E-17     8.386E-01  Aqueous 
 
  ****** Partial pressure of gases (bars) *****
 
 
  ***** Saturation state of minerals (log[Q/K] *****
 
 
 
  ***** Volum of minerals added or subtracted *****
 
 
 **************************************************************
 ------> GRID LOCATION:    58:  1:  1
 
  Temperature (C)    =     25.000
  Porosity           =      0.250
  Liquid Saturation  =      1.000
  Liquid Density     =    997.075
  Ionic Strength     =      0.002
  Solution pH        =      7.999
  Total Charge       = -1.219E-07
 
 Total Aqueous Concentrations of Primary Species 
 --------------------------------------- 
 
   Species              Molality       Type 
 H+                  -1.1250E-06     Aqueous      
 SO4--                5.1621E-04     Aqueous      
 Zn++                 1.0029E-07     Aqueous      
 Pb++                 1.0029E-07     Aqueous      
 Ca++                 1.0029E-10     Aqueous      
 Mg++                 1.0029E-05     Aqueous      
 K+                   1.0029E-05     Aqueous      
 Na+                  1.0029E-03     Aqueous      
 
 Exchangers           Equiv/kgw        Equiv/g solid    Equiv/m^3 bulk
 X-                   2.2055E-02       2.9320E-06       5.4975E+00
 Y-                   3.3082E-02       4.3980E-06       8.2462E+00
 
 Total Concentrations in Exchange Sites 
 -------------------------------------- 
 
 Exchangers           Equiv/kgw        Equiv/g solid    Equiv/m^3 bulk
 Zn++                 3.5564E-04       4.7280E-08       8.8650E-02
 Pb++                 3.2850E-04       4.3672E-08       8.1886E-02
 Ca++                 4.2582E-07       5.6610E-11       1.0614E-04
 Mg++                 2.3025E-02       3.0611E-06       5.7395E+00
 K+                   5.8644E-04       7.7963E-08       1.4618E-01
 Na+                  7.1302E-03       9.4792E-07       1.7773E+00
 
 Concentrations of Individual Species, Exchangers, and Surface Complexes 
 ----------------------------------------------------------------------- 
 
                           Log        Log                 Concentration     
 Species              Molality   Activity      Molality    Mol/m^3 blk  Type
  NaX                   -2.465     -0.809     3.427E-03     8.542E-01  Exchange
  NaY                   -2.431     -0.951     3.704E-03     9.232E-01  Exchange
  KX                    -3.766     -2.109     1.715E-04     4.275E-02  Exchange
  KY                    -3.382     -1.902     4.149E-04     1.034E-01  Exchange
  CaX2                  -6.841     -4.884     1.441E-07     3.591E-05  Exchange
  CaY2                  -6.550     -4.769     2.818E-07     7.024E-05  Exchange
  MgX2                  -2.045     -0.087     9.016E-03     2.247E+00  Exchange
  MgY2                  -1.854     -0.072     1.401E-02     3.492E+00  Exchange
  ZnX2                  -3.920     -1.962     1.203E-04     2.999E-02  Exchange
  ZnY2                  -3.628     -1.847     2.353E-04     5.866E-02  Exchange
  PbX2                  -4.039     -2.082     9.136E-05     2.277E-02  Exchange
  PbY2                  -3.625     -1.844     2.371E-04     5.911E-02  Exchange
                           Log        Log                                 Activity
 Species              Molality   Activity      Molality      Activity   Coefficient    Type
  H+                    -7.981     -7.999     1.045E-08     1.003E-08     9.594E-01  Aqueous 
  SO4--                 -3.290     -3.366     5.132E-04     4.304E-04     8.386E-01  Aqueous 
  Zn++                  -7.108     -7.182     7.801E-08     6.569E-08     8.422E-01  Aqueous 
  Pb++                  -7.472     -7.548     3.374E-08     2.832E-08     8.395E-01  Aqueous 
  Ca++                 -10.030    -10.104     9.340E-11     7.866E-11     8.422E-01  Aqueous 
  Mg++                  -5.035     -5.108     9.228E-06     7.803E-06     8.456E-01  Aqueous 
  K+                    -5.000     -5.019     9.999E-06     9.563E-06     9.564E-01  Aqueous 
  Na+                   -3.000     -3.019     1.001E-03     9.577E-04     9.570E-01  Aqueous 
  OH-                   -5.980     -5.999     1.047E-06     1.002E-06     9.567E-01  Aqueous 
  HSO4-                 -9.359     -9.378     4.376E-10     4.189E-10     9.572E-01  Aqueous 
  CaSO4(aq)            -11.162    -11.161     6.894E-12     6.896E-12     1.000E+00  Aqueous 
  CaOH+                -14.867    -14.886     1.359E-15     1.302E-15     9.580E-01  Aqueous 
  CaHSO4+              -18.381    -18.401     4.159E-19     3.971E-19     9.548E-01  Aqueous 
  KSO4-                 -7.517     -7.536     3.043E-08     2.914E-08     9.577E-01  Aqueous 
  KOH(aq)              -11.481    -11.481     3.305E-12     3.306E-12     1.000E+00  Aqueous 
  MgSO4(aq)             -6.098     -6.098     7.985E-07     7.988E-07     1.000E+00  Aqueous 
  MgOH+                 -8.530     -8.549     2.948E-09     2.825E-09     9.582E-01  Aqueous 
  NaSO4-                -5.666     -5.685     2.157E-06     2.066E-06     9.577E-01  Aqueous 
  NaOH(aq)              -9.819     -9.819     1.518E-10     1.518E-10     1.000E+00  Aqueous 
  PbOH+                 -7.240     -7.259     5.754E-08     5.507E-08     9.570E-01  Aqueous 
  PbSO4(aq)             -8.164     -8.164     6.853E-09     6.855E-09     1.000E+00  Aqueous 
  Pb(OH)2(aq)           -8.671     -8.670     2.135E-09     2.136E-09     1.000E+00  Aqueous 
  Pb(SO4)2--           -10.730    -10.810     1.863E-11     1.548E-11     8.310E-01  Aqueous 
  Pb(OH)3-             -11.593    -11.612     2.555E-12     2.445E-12     9.570E-01  Aqueous 
  Pb2OH+++             -13.287    -13.457     5.164E-14     3.492E-14     6.763E-01  Aqueous 
  Pb(OH)4--            -15.173    -15.253     6.722E-16     5.586E-16     8.310E-01  Aqueous 
  ZnOH+                 -8.124     -8.144     7.509E-09     7.186E-09     9.570E-01  Aqueous 
  ZnSO4(aq)             -8.185     -8.185     6.530E-09     6.532E-09     1.000E+00  Aqueous 
  Zn(OH)2(aq)           -8.085     -8.085     8.219E-09     8.222E-09     1.000E+00  Aqueous 
  Zn(SO4)2--           -10.554    -10.635     2.790E-11     2.319E-11     8.310E-01  Aqueous 
  Zn(OH)3-             -11.567    -11.586     2.709E-12     2.592E-12     9.570E-01  Aqueous 
  Zn(OH)4--            -16.311    -16.388     4.885E-17     4.097E-17     8.386E-01  Aqueous 
 
  ****** Partial pressure of gases (bars) *****
 
 
  ***** Saturation state of minerals (log[Q/K] *****
 
 
 
  ***** Volum of minerals added or subtracted *****
 
 
 **************************************************************
 ------> GRID LOCATION:    59:  1:  1
 
  Temperature (C)    =     25.000
  Porosity           =      0.250
  Liquid Saturation  =      1.000
  Liquid Density     =    997.075
  Ionic Strength     =      0.002
  Solution pH        =      7.999
  Total Charge       = -1.219E-07
 
 Total Aqueous Concentrations of Primary Species 
 --------------------------------------- 
 
   Species              Molality       Type 
 H+                  -1.1250E-06     Aqueous      
 SO4--                5.1621E-04     Aqueous      
 Zn++                 1.0029E-07     Aqueous      
 Pb++                 1.0029E-07     Aqueous      
 Ca++                 1.0029E-10     Aqueous      
 Mg++                 1.0029E-05     Aqueous      
 K+                   1.0029E-05     Aqueous      
 Na+                  1.0029E-03     Aqueous      
 
 Exchangers           Equiv/kgw        Equiv/g solid    Equiv/m^3 bulk
 X-                   2.2055E-02       2.9320E-06       5.4975E+00
 Y-                   3.3082E-02       4.3980E-06       8.2462E+00
 
 Total Concentrations in Exchange Sites 
 -------------------------------------- 
 
 Exchangers           Equiv/kgw        Equiv/g solid    Equiv/m^3 bulk
 Zn++                 3.5564E-04       4.7280E-08       8.8650E-02
 Pb++                 3.2850E-04       4.3672E-08       8.1886E-02
 Ca++                 4.2582E-07       5.6610E-11       1.0614E-04
 Mg++                 2.3025E-02       3.0611E-06       5.7395E+00
 K+                   5.8644E-04       7.7963E-08       1.4618E-01
 Na+                  7.1302E-03       9.4792E-07       1.7773E+00
 
 Concentrations of Individual Species, Exchangers, and Surface Complexes 
 ----------------------------------------------------------------------- 
 
                           Log        Log                 Concentration     
 Species              Molality   Activity      Molality    Mol/m^3 blk  Type
  NaX                   -2.465     -0.809     3.427E-03     8.542E-01  Exchange
  NaY                   -2.431     -0.951     3.704E-03     9.232E-01  Exchange
  KX                    -3.766     -2.109     1.715E-04     4.275E-02  Exchange
  KY                    -3.382     -1.902     4.149E-04     1.034E-01  Exchange
  CaX2                  -6.841     -4.884     1.441E-07     3.591E-05  Exchange
  CaY2                  -6.550     -4.769     2.818E-07     7.024E-05  Exchange
  MgX2                  -2.045     -0.087     9.016E-03     2.247E+00  Exchange
  MgY2                  -1.854     -0.072     1.401E-02     3.492E+00  Exchange
  ZnX2                  -3.920     -1.962     1.203E-04     2.999E-02  Exchange
  ZnY2                  -3.628     -1.847     2.353E-04     5.866E-02  Exchange
  PbX2                  -4.039     -2.082     9.136E-05     2.277E-02  Exchange
  PbY2                  -3.625     -1.844     2.371E-04     5.911E-02  Exchange
                           Log        Log                                 Activity
 Species              Molality   Activity      Molality      Activity   Coefficient    Type
  H+                    -7.981     -7.999     1.045E-08     1.003E-08     9.594E-01  Aqueous 
  SO4--                 -3.290     -3.366     5.132E-04     4.304E-04     8.386E-01  Aqueous 
  Zn++                  -7.108     -7.182     7.801E-08     6.569E-08     8.422E-01  Aqueous 
  Pb++                  -7.472     -7.548     3.374E-08     2.832E-08     8.395E-01  Aqueous 
  Ca++                 -10.030    -10.104     9.340E-11     7.866E-11     8.422E-01  Aqueous 
  Mg++                  -5.035     -5.108     9.228E-06     7.803E-06     8.456E-01  Aqueous 
  K+                    -5.000     -5.019     9.999E-06     9.563E-06     9.564E-01  Aqueous 
  Na+                   -3.000     -3.019     1.001E-03     9.577E-04     9.570E-01  Aqueous 
  OH-                   -5.980     -5.999     1.047E-06     1.002E-06     9.567E-01  Aqueous 
  HSO4-                 -9.359     -9.378     4.376E-10     4.189E-10     9.572E-01  Aqueous 
  CaSO4(aq)            -11.162    -11.161     6.894E-12     6.896E-12     1.000E+00  Aqueous 
  CaOH+                -14.867    -14.886     1.359E-15     1.302E-15     9.580E-01  Aqueous 
  CaHSO4+              -18.381    -18.401     4.159E-19     3.971E-19     9.548E-01  Aqueous 
  KSO4-                 -7.517     -7.536     3.043E-08     2.914E-08     9.577E-01  Aqueous 
  KOH(aq)              -11.481    -11.481     3.305E-12     3.306E-12     1.000E+00  Aqueous 
  MgSO4(aq)             -6.098     -6.098     7.985E-07     7.988E-07     1.000E+00  Aqueous 
  MgOH+                 -8.530     -8.549     2.948E-09     2.825E-09     9.582E-01  Aqueous 
  NaSO4-                -5.666     -5.685     2.157E-06     2.066E-06     9.577E-01  Aqueous 
  NaOH(aq)              -9.819     -9.819     1.518E-10     1.518E-10     1.000E+00  Aqueous 
  PbOH+                 -7.240     -7.259     5.754E-08     5.507E-08     9.570E-01  Aqueous 
  PbSO4(aq)             -8.164     -8.164     6.853E-09     6.855E-09     1.000E+00  Aqueous 
  Pb(OH)2(aq)           -8.671     -8.670     2.135E-09     2.136E-09     1.000E+00  Aqueous 
  Pb(SO4)2--           -10.730    -10.810     1.863E-11     1.548E-11     8.310E-01  Aqueous 
  Pb(OH)3-             -11.593    -11.612     2.555E-12     2.445E-12     9.570E-01  Aqueous 
  Pb2OH+++             -13.287    -13.457     5.164E-14     3.492E-14     6.763E-01  Aqueous 
  Pb(OH)4--            -15.173    -15.253     6.722E-16     5.586E-16     8.310E-01  Aqueous 
  ZnOH+                 -8.124     -8.144     7.509E-09     7.186E-09     9.570E-01  Aqueous 
  ZnSO4(aq)             -8.185     -8.185     6.530E-09     6.532E-09     1.000E+00  Aqueous 
  Zn(OH)2(aq)           -8.085     -8.085     8.219E-09     8.222E-09     1.000E+00  Aqueous 
  Zn(SO4)2--           -10.554    -10.635     2.790E-11     2.319E-11     8.310E-01  Aqueous 
  Zn(OH)3-             -11.567    -11.586     2.709E-12     2.592E-12     9.570E-01  Aqueous 
  Zn(OH)4--            -16.311    -16.388     4.885E-17     4.097E-17     8.386E-01  Aqueous 
 
  ****** Partial pressure of gases (bars) *****
 
 
  ***** Saturation state of minerals (log[Q/K] *****
 
 
 
  ***** Volum of minerals added or subtracted *****
 
 
 **************************************************************
 ------> GRID LOCATION:    60:  1:  1
 
  Temperature (C)    =     25.000
  Porosity           =      0.250
  Liquid Saturation  =      1.000
  Liquid Density     =    997.075
  Ionic Strength     =      0.002
  Solution pH        =      7.999
  Total Charge       = -1.219E-07
 
 Total Aqueous Concentrations of Primary Species 
 --------------------------------------- 
 
   Species              Molality       Type 
 H+                  -1.1250E-06     Aqueous      
 SO4--                5.1621E-04     Aqueous      
 Zn++                 1.0029E-07     Aqueous      
 Pb++                 1.0029E-07     Aqueous      
 Ca++                 1.0029E-10     Aqueous      
 Mg++                 1.0029E-05     Aqueous      
 K+                   1.0029E-05     Aqueous      
 Na+                  1.0029E-03     Aqueous      
 
 Exchangers           Equiv/kgw        Equiv/g solid    Equiv/m^3 bulk
 X-                   2.2055E-02       2.9320E-06       5.4975E+00
 Y-                   3.3082E-02       4.3980E-06       8.2462E+00
 
 Total Concentrations in Exchange Sites 
 -------------------------------------- 
 
 Exchangers           Equiv/kgw        Equiv/g solid    Equiv/m^3 bulk
 Zn++                 3.5564E-04       4.7280E-08       8.8650E-02
 Pb++                 3.2850E-04       4.3672E-08       8.1886E-02
 Ca++                 4.2582E-07       5.6610E-11       1.0614E-04
 Mg++                 2.3025E-02       3.0611E-06       5.7395E+00
 K+                   5.8644E-04       7.7963E-08       1.4618E-01
 Na+                  7.1302E-03       9.4792E-07       1.7773E+00
 
 Concentrations of Individual Species, Exchangers, and Surface Complexes 
 ----------------------------------------------------------------------- 
 
                           Log        Log                 Concentration     
 Species              Molality   Activity      Molality    Mol/m^3 blk  Type
  NaX                   -2.465     -0.809     3.427E-03     8.542E-01  Exchange
  NaY                   -2.431     -0.951     3.704E-03     9.232E-01  Exchange
  KX                    -3.766     -2.109     1.715E-04     4.275E-02  Exchange
  KY                    -3.382     -1.902     4.149E-04     1.034E-01  Exchange
  CaX2                  -6.841     -4.884     1.441E-07     3.591E-05  Exchange
  CaY2                  -6.550     -4.769     2.818E-07     7.024E-05  Exchange
  MgX2                  -2.045     -0.087     9.016E-03     2.247E+00  Exchange
  MgY2                  -1.854     -0.072     1.401E-02     3.492E+00  Exchange
  ZnX2                  -3.920     -1.962     1.203E-04     2.999E-02  Exchange
  ZnY2                  -3.628     -1.847     2.353E-04     5.866E-02  Exchange
  PbX2                  -4.039     -2.082     9.136E-05     2.277E-02  Exchange
  PbY2                  -3.625     -1.844     2.371E-04     5.911E-02  Exchange
                           Log        Log                                 Activity
 Species              Molality   Activity      Molality      Activity   Coefficient    Type
  H+                    -7.981     -7.999     1.045E-08     1.003E-08     9.594E-01  Aqueous 
  SO4--                 -3.290     -3.366     5.132E-04     4.304E-04     8.386E-01  Aqueous 
  Zn++                  -7.108     -7.182     7.801E-08     6.569E-08     8.422E-01  Aqueous 
  Pb++                  -7.472     -7.548     3.374E-08     2.832E-08     8.395E-01  Aqueous 
  Ca++                 -10.030    -10.104     9.340E-11     7.866E-11     8.422E-01  Aqueous 
  Mg++                  -5.035     -5.108     9.228E-06     7.803E-06     8.456E-01  Aqueous 
  K+                    -5.000     -5.019     9.999E-06     9.563E-06     9.564E-01  Aqueous 
  Na+                   -3.000     -3.019     1.001E-03     9.577E-04     9.570E-01  Aqueous 
  OH-                   -5.980     -5.999     1.047E-06     1.002E-06     9.567E-01  Aqueous 
  HSO4-                 -9.359     -9.378     4.376E-10     4.189E-10     9.572E-01  Aqueous 
  CaSO4(aq)            -11.162    -11.161     6.894E-12     6.896E-12     1.000E+00  Aqueous 
  CaOH+                -14.867    -14.886     1.359E-15     1.302E-15     9.580E-01  Aqueous 
  CaHSO4+              -18.381    -18.401     4.159E-19     3.971E-19     9.548E-01  Aqueous 
  KSO4-                 -7.517     -7.536     3.043E-08     2.914E-08     9.577E-01  Aqueous 
  KOH(aq)              -11.481    -11.481     3.305E-12     3.306E-12     1.000E+00  Aqueous 
  MgSO4(aq)             -6.098     -6.098     7.985E-07     7.988E-07     1.000E+00  Aqueous 
  MgOH+                 -8.530     -8.549     2.948E-09     2.825E-09     9.582E-01  Aqueous 
  NaSO4-                -5.666     -5.685     2.157E-06     2.066E-06     9.577E-01  Aqueous 
  NaOH(aq)              -9.819     -9.819     1.518E-10     1.518E-10     1.000E+00  Aqueous 
  PbOH+                 -7.240     -7.259     5.754E-08     5.507E-08     9.570E-01  Aqueous 
  PbSO4(aq)             -8.164     -8.164     6.853E-09     6.855E-09     1.000E+00  Aqueous 
  Pb(OH)2(aq)           -8.671     -8.670     2.135E-09     2.136E-09     1.000E+00  Aqueous 
  Pb(SO4)2--           -10.730    -10.810     1.863E-11     1.548E-11     8.310E-01  Aqueous 
  Pb(OH)3-             -11.593    -11.612     2.555E-12     2.445E-12     9.570E-01  Aqueous 
  Pb2OH+++             -13.287    -13.457     5.164E-14     3.492E-14     6.763E-01  Aqueous 
  Pb(OH)4--            -15.173    -15.253     6.722E-16     5.586E-16     8.310E-01  Aqueous 
  ZnOH+                 -8.124     -8.144     7.509E-09     7.186E-09     9.570E-01  Aqueous 
  ZnSO4(aq)             -8.185     -8.185     6.530E-09     6.532E-09     1.000E+00  Aqueous 
  Zn(OH)2(aq)           -8.085     -8.085     8.219E-09     8.222E-09     1.000E+00  Aqueous 
  Zn(SO4)2--           -10.554    -10.635     2.790E-11     2.319E-11     8.310E-01  Aqueous 
  Zn(OH)3-             -11.567    -11.586     2.709E-12     2.592E-12     9.570E-01  Aqueous 
  Zn(OH)4--            -16.311    -16.388     4.885E-17     4.097E-17     8.386E-01  Aqueous 
 
  ****** Partial pressure of gases (bars) *****
 
 
  ***** Saturation state of minerals (log[Q/K] *****
 
 
 
  ***** Volum of minerals added or subtracted *****
 
 
 **************************************************************
 ------> GRID LOCATION:    61:  1:  1
 
  Temperature (C)    =     25.000
  Porosity           =      0.250
  Liquid Saturation  =      1.000
  Liquid Density     =    997.075
  Ionic Strength     =      0.002
  Solution pH        =      7.999
  Total Charge       = -1.219E-07
 
 Total Aqueous Concentrations of Primary Species 
 --------------------------------------- 
 
   Species              Molality       Type 
 H+                  -1.1250E-06     Aqueous      
 SO4--                5.1621E-04     Aqueous      
 Zn++                 1.0029E-07     Aqueous      
 Pb++                 1.0029E-07     Aqueous      
 Ca++                 1.0029E-10     Aqueous      
 Mg++                 1.0029E-05     Aqueous      
 K+                   1.0029E-05     Aqueous      
 Na+                  1.0029E-03     Aqueous      
 
 Exchangers           Equiv/kgw        Equiv/g solid    Equiv/m^3 bulk
 X-                   2.2055E-02       2.9320E-06       5.4975E+00
 Y-                   3.3082E-02       4.3980E-06       8.2462E+00
 
 Total Concentrations in Exchange Sites 
 -------------------------------------- 
 
 Exchangers           Equiv/kgw        Equiv/g solid    Equiv/m^3 bulk
 Zn++                 3.5564E-04       4.7280E-08       8.8650E-02
 Pb++                 3.2850E-04       4.3672E-08       8.1886E-02
 Ca++                 4.2582E-07       5.6610E-11       1.0614E-04
 Mg++                 2.3025E-02       3.0611E-06       5.7395E+00
 K+                   5.8644E-04       7.7963E-08       1.4618E-01
 Na+                  7.1302E-03       9.4792E-07       1.7773E+00
 
 Concentrations of Individual Species, Exchangers, and Surface Complexes 
 ----------------------------------------------------------------------- 
 
                           Log        Log                 Concentration     
 Species              Molality   Activity      Molality    Mol/m^3 blk  Type
  NaX                   -2.465     -0.809     3.427E-03     8.542E-01  Exchange
  NaY                   -2.431     -0.951     3.704E-03     9.232E-01  Exchange
  KX                    -3.766     -2.109     1.715E-04     4.275E-02  Exchange
  KY                    -3.382     -1.902     4.149E-04     1.034E-01  Exchange
  CaX2                  -6.841     -4.884     1.441E-07     3.591E-05  Exchange
  CaY2                  -6.550     -4.769     2.818E-07     7.024E-05  Exchange
  MgX2                  -2.045     -0.087     9.016E-03     2.247E+00  Exchange
  MgY2                  -1.854     -0.072     1.401E-02     3.492E+00  Exchange
  ZnX2                  -3.920     -1.962     1.203E-04     2.999E-02  Exchange
  ZnY2                  -3.628     -1.847     2.353E-04     5.866E-02  Exchange
  PbX2                  -4.039     -2.082     9.136E-05     2.277E-02  Exchange
  PbY2                  -3.625     -1.844     2.371E-04     5.911E-02  Exchange
                           Log        Log                                 Activity
 Species              Molality   Activity      Molality      Activity   Coefficient    Type
  H+                    -7.981     -7.999     1.045E-08     1.003E-08     9.594E-01  Aqueous 
  SO4--                 -3.290     -3.366     5.132E-04     4.304E-04     8.386E-01  Aqueous 
  Zn++                  -7.108     -7.182     7.801E-08     6.569E-08     8.422E-01  Aqueous 
  Pb++                  -7.472     -7.548     3.374E-08     2.832E-08     8.395E-01  Aqueous 
  Ca++                 -10.030    -10.104     9.340E-11     7.866E-11     8.422E-01  Aqueous 
  Mg++                  -5.035     -5.108     9.228E-06     7.803E-06     8.456E-01  Aqueous 
  K+                    -5.000     -5.019     9.999E-06     9.563E-06     9.564E-01  Aqueous 
  Na+                   -3.000     -3.019     1.001E-03     9.577E-04     9.570E-01  Aqueous 
  OH-                   -5.980     -5.999     1.047E-06     1.002E-06     9.567E-01  Aqueous 
  HSO4-                 -9.359     -9.378     4.376E-10     4.189E-10     9.572E-01  Aqueous 
  CaSO4(aq)            -11.162    -11.161     6.894E-12     6.896E-12     1.000E+00  Aqueous 
  CaOH+                -14.867    -14.886     1.359E-15     1.302E-15     9.580E-01  Aqueous 
  CaHSO4+              -18.381    -18.401     4.159E-19     3.971E-19     9.548E-01  Aqueous 
  KSO4-                 -7.517     -7.536     3.043E-08     2.914E-08     9.577E-01  Aqueous 
  KOH(aq)              -11.481    -11.481     3.305E-12     3.306E-12     1.000E+00  Aqueous 
  MgSO4(aq)             -6.098     -6.098     7.985E-07     7.988E-07     1.000E+00  Aqueous 
  MgOH+                 -8.530     -8.549     2.948E-09     2.825E-09     9.582E-01  Aqueous 
  NaSO4-                -5.666     -5.685     2.157E-06     2.066E-06     9.577E-01  Aqueous 
  NaOH(aq)              -9.819     -9.819     1.518E-10     1.518E-10     1.000E+00  Aqueous 
  PbOH+                 -7.240     -7.259     5.754E-08     5.507E-08     9.570E-01  Aqueous 
  PbSO4(aq)             -8.164     -8.164     6.853E-09     6.855E-09     1.000E+00  Aqueous 
  Pb(OH)2(aq)           -8.671     -8.670     2.135E-09     2.136E-09     1.000E+00  Aqueous 
  Pb(SO4)2--           -10.730    -10.810     1.863E-11     1.548E-11     8.310E-01  Aqueous 
  Pb(OH)3-             -11.593    -11.612     2.555E-12     2.445E-12     9.570E-01  Aqueous 
  Pb2OH+++             -13.287    -13.457     5.164E-14     3.492E-14     6.763E-01  Aqueous 
  Pb(OH)4--            -15.173    -15.253     6.722E-16     5.586E-16     8.310E-01  Aqueous 
  ZnOH+                 -8.124     -8.144     7.509E-09     7.186E-09     9.570E-01  Aqueous 
  ZnSO4(aq)             -8.185     -8.185     6.530E-09     6.532E-09     1.000E+00  Aqueous 
  Zn(OH)2(aq)           -8.085     -8.085     8.219E-09     8.222E-09     1.000E+00  Aqueous 
  Zn(SO4)2--           -10.554    -10.635     2.790E-11     2.319E-11     8.310E-01  Aqueous 
  Zn(OH)3-             -11.567    -11.586     2.709E-12     2.592E-12     9.570E-01  Aqueous 
  Zn(OH)4--            -16.311    -16.388     4.885E-17     4.097E-17     8.386E-01  Aqueous 
 
  ****** Partial pressure of gases (bars) *****
 
 
  ***** Saturation state of minerals (log[Q/K] *****
 
 
 
  ***** Volum of minerals added or subtracted *****
 
 
 **************************************************************
 ------> GRID LOCATION:    62:  1:  1
 
  Temperature (C)    =     25.000
  Porosity           =      0.250
  Liquid Saturation  =      1.000
  Liquid Density     =    997.075
  Ionic Strength     =      0.002
  Solution pH        =      7.999
  Total Charge       = -1.219E-07
 
 Total Aqueous Concentrations of Primary Species 
 --------------------------------------- 
 
   Species              Molality       Type 
 H+                  -1.1250E-06     Aqueous      
 SO4--                5.1621E-04     Aqueous      
 Zn++                 1.0029E-07     Aqueous      
 Pb++                 1.0029E-07     Aqueous      
 Ca++                 1.0029E-10     Aqueous      
 Mg++                 1.0029E-05     Aqueous      
 K+                   1.0029E-05     Aqueous      
 Na+                  1.0029E-03     Aqueous      
 
 Exchangers           Equiv/kgw        Equiv/g solid    Equiv/m^3 bulk
 X-                   2.2055E-02       2.9320E-06       5.4975E+00
 Y-                   3.3082E-02       4.3980E-06       8.2462E+00
 
 Total Concentrations in Exchange Sites 
 -------------------------------------- 
 
 Exchangers           Equiv/kgw        Equiv/g solid    Equiv/m^3 bulk
 Zn++                 3.5564E-04       4.7280E-08       8.8650E-02
 Pb++                 3.2850E-04       4.3672E-08       8.1886E-02
 Ca++                 4.2582E-07       5.6610E-11       1.0614E-04
 Mg++                 2.3025E-02       3.0611E-06       5.7395E+00
 K+                   5.8644E-04       7.7963E-08       1.4618E-01
 Na+                  7.1302E-03       9.4792E-07       1.7773E+00
 
 Concentrations of Individual Species, Exchangers, and Surface Complexes 
 ----------------------------------------------------------------------- 
 
                           Log        Log                 Concentration     
 Species              Molality   Activity      Molality    Mol/m^3 blk  Type
  NaX                   -2.465     -0.809     3.427E-03     8.542E-01  Exchange
  NaY                   -2.431     -0.951     3.704E-03     9.232E-01  Exchange
  KX                    -3.766     -2.109     1.715E-04     4.275E-02  Exchange
  KY                    -3.382     -1.902     4.149E-04     1.034E-01  Exchange
  CaX2                  -6.841     -4.884     1.441E-07     3.591E-05  Exchange
  CaY2                  -6.550     -4.769     2.818E-07     7.024E-05  Exchange
  MgX2                  -2.045     -0.087     9.016E-03     2.247E+00  Exchange
  MgY2                  -1.854     -0.072     1.401E-02     3.492E+00  Exchange
  ZnX2                  -3.920     -1.962     1.203E-04     2.999E-02  Exchange
  ZnY2                  -3.628     -1.847     2.353E-04     5.866E-02  Exchange
  PbX2                  -4.039     -2.082     9.136E-05     2.277E-02  Exchange
  PbY2                  -3.625     -1.844     2.371E-04     5.911E-02  Exchange
                           Log        Log                                 Activity
 Species              Molality   Activity      Molality      Activity   Coefficient    Type
  H+                    -7.981     -7.999     1.045E-08     1.003E-08     9.594E-01  Aqueous 
  SO4--                 -3.290     -3.366     5.132E-04     4.304E-04     8.386E-01  Aqueous 
  Zn++                  -7.108     -7.182     7.801E-08     6.569E-08     8.422E-01  Aqueous 
  Pb++                  -7.472     -7.548     3.374E-08     2.832E-08     8.395E-01  Aqueous 
  Ca++                 -10.030    -10.104     9.340E-11     7.866E-11     8.422E-01  Aqueous 
  Mg++                  -5.035     -5.108     9.228E-06     7.803E-06     8.456E-01  Aqueous 
  K+                    -5.000     -5.019     9.999E-06     9.563E-06     9.564E-01  Aqueous 
  Na+                   -3.000     -3.019     1.001E-03     9.577E-04     9.570E-01  Aqueous 
  OH-                   -5.980     -5.999     1.047E-06     1.002E-06     9.567E-01  Aqueous 
  HSO4-                 -9.359     -9.378     4.376E-10     4.189E-10     9.572E-01  Aqueous 
  CaSO4(aq)            -11.162    -11.161     6.894E-12     6.896E-12     1.000E+00  Aqueous 
  CaOH+                -14.867    -14.886     1.359E-15     1.302E-15     9.580E-01  Aqueous 
  CaHSO4+              -18.381    -18.401     4.159E-19     3.971E-19     9.548E-01  Aqueous 
  KSO4-                 -7.517     -7.536     3.043E-08     2.914E-08     9.577E-01  Aqueous 
  KOH(aq)              -11.481    -11.481     3.305E-12     3.306E-12     1.000E+00  Aqueous 
  MgSO4(aq)             -6.098     -6.098     7.985E-07     7.988E-07     1.000E+00  Aqueous 
  MgOH+                 -8.530     -8.549     2.948E-09     2.825E-09     9.582E-01  Aqueous 
  NaSO4-                -5.666     -5.685     2.157E-06     2.066E-06     9.577E-01  Aqueous 
  NaOH(aq)              -9.819     -9.819     1.518E-10     1.518E-10     1.000E+00  Aqueous 
  PbOH+                 -7.240     -7.259     5.754E-08     5.507E-08     9.570E-01  Aqueous 
  PbSO4(aq)             -8.164     -8.164     6.853E-09     6.855E-09     1.000E+00  Aqueous 
  Pb(OH)2(aq)           -8.671     -8.670     2.135E-09     2.136E-09     1.000E+00  Aqueous 
  Pb(SO4)2--           -10.730    -10.810     1.863E-11     1.548E-11     8.310E-01  Aqueous 
  Pb(OH)3-             -11.593    -11.612     2.555E-12     2.445E-12     9.570E-01  Aqueous 
  Pb2OH+++             -13.287    -13.457     5.164E-14     3.492E-14     6.763E-01  Aqueous 
  Pb(OH)4--            -15.173    -15.253     6.722E-16     5.586E-16     8.310E-01  Aqueous 
  ZnOH+                 -8.124     -8.144     7.509E-09     7.186E-09     9.570E-01  Aqueous 
  ZnSO4(aq)             -8.185     -8.185     6.530E-09     6.532E-09     1.000E+00  Aqueous 
  Zn(OH)2(aq)           -8.085     -8.085     8.219E-09     8.222E-09     1.000E+00  Aqueous 
  Zn(SO4)2--           -10.554    -10.635     2.790E-11     2.319E-11     8.310E-01  Aqueous 
  Zn(OH)3-             -11.567    -11.586     2.709E-12     2.592E-12     9.570E-01  Aqueous 
  Zn(OH)4--            -16.311    -16.388     4.885E-17     4.097E-17     8.386E-01  Aqueous 
 
  ****** Partial pressure of gases (bars) *****
 
 
  ***** Saturation state of minerals (log[Q/K] *****
 
 
 
  ***** Volum of minerals added or subtracted *****
 
 
 **************************************************************
 ------> GRID LOCATION:    63:  1:  1
 
  Temperature (C)    =     25.000
  Porosity           =      0.250
  Liquid Saturation  =      1.000
  Liquid Density     =    997.075
  Ionic Strength     =      0.002
  Solution pH        =      7.999
  Total Charge       = -1.219E-07
 
 Total Aqueous Concentrations of Primary Species 
 --------------------------------------- 
 
   Species              Molality       Type 
 H+                  -1.1250E-06     Aqueous      
 SO4--                5.1621E-04     Aqueous      
 Zn++                 1.0029E-07     Aqueous      
 Pb++                 1.0029E-07     Aqueous      
 Ca++                 1.0029E-10     Aqueous      
 Mg++                 1.0029E-05     Aqueous      
 K+                   1.0029E-05     Aqueous      
 Na+                  1.0029E-03     Aqueous      
 
 Exchangers           Equiv/kgw        Equiv/g solid    Equiv/m^3 bulk
 X-                   2.2055E-02       2.9320E-06       5.4975E+00
 Y-                   3.3082E-02       4.3980E-06       8.2462E+00
 
 Total Concentrations in Exchange Sites 
 -------------------------------------- 
 
 Exchangers           Equiv/kgw        Equiv/g solid    Equiv/m^3 bulk
 Zn++                 3.5564E-04       4.7280E-08       8.8650E-02
 Pb++                 3.2850E-04       4.3672E-08       8.1886E-02
 Ca++                 4.2582E-07       5.6610E-11       1.0614E-04
 Mg++                 2.3025E-02       3.0611E-06       5.7395E+00
 K+                   5.8644E-04       7.7963E-08       1.4618E-01
 Na+                  7.1302E-03       9.4792E-07       1.7773E+00
 
 Concentrations of Individual Species, Exchangers, and Surface Complexes 
 ----------------------------------------------------------------------- 
 
                           Log        Log                 Concentration     
 Species              Molality   Activity      Molality    Mol/m^3 blk  Type
  NaX                   -2.465     -0.809     3.427E-03     8.542E-01  Exchange
  NaY                   -2.431     -0.951     3.704E-03     9.232E-01  Exchange
  KX                    -3.766     -2.109     1.715E-04     4.275E-02  Exchange
  KY                    -3.382     -1.902     4.149E-04     1.034E-01  Exchange
  CaX2                  -6.841     -4.884     1.441E-07     3.591E-05  Exchange
  CaY2                  -6.550     -4.769     2.818E-07     7.024E-05  Exchange
  MgX2                  -2.045     -0.087     9.016E-03     2.247E+00  Exchange
  MgY2                  -1.854     -0.072     1.401E-02     3.492E+00  Exchange
  ZnX2                  -3.920     -1.962     1.203E-04     2.999E-02  Exchange
  ZnY2                  -3.628     -1.847     2.353E-04     5.866E-02  Exchange
  PbX2                  -4.039     -2.082     9.136E-05     2.277E-02  Exchange
  PbY2                  -3.625     -1.844     2.371E-04     5.911E-02  Exchange
                           Log        Log                                 Activity
 Species              Molality   Activity      Molality      Activity   Coefficient    Type
  H+                    -7.981     -7.999     1.045E-08     1.003E-08     9.594E-01  Aqueous 
  SO4--                 -3.290     -3.366     5.132E-04     4.304E-04     8.386E-01  Aqueous 
  Zn++                  -7.108     -7.182     7.801E-08     6.569E-08     8.422E-01  Aqueous 
  Pb++                  -7.472     -7.548     3.374E-08     2.832E-08     8.395E-01  Aqueous 
  Ca++                 -10.030    -10.104     9.340E-11     7.866E-11     8.422E-01  Aqueous 
  Mg++                  -5.035     -5.108     9.228E-06     7.803E-06     8.456E-01  Aqueous 
  K+                    -5.000     -5.019     9.999E-06     9.563E-06     9.564E-01  Aqueous 
  Na+                   -3.000     -3.019     1.001E-03     9.577E-04     9.570E-01  Aqueous 
  OH-                   -5.980     -5.999     1.047E-06     1.002E-06     9.567E-01  Aqueous 
  HSO4-                 -9.359     -9.378     4.376E-10     4.189E-10     9.572E-01  Aqueous 
  CaSO4(aq)            -11.162    -11.161     6.894E-12     6.896E-12     1.000E+00  Aqueous 
  CaOH+                -14.867    -14.886     1.359E-15     1.302E-15     9.580E-01  Aqueous 
  CaHSO4+              -18.381    -18.401     4.159E-19     3.971E-19     9.548E-01  Aqueous 
  KSO4-                 -7.517     -7.536     3.043E-08     2.914E-08     9.577E-01  Aqueous 
  KOH(aq)              -11.481    -11.481     3.305E-12     3.306E-12     1.000E+00  Aqueous 
  MgSO4(aq)             -6.098     -6.098     7.985E-07     7.988E-07     1.000E+00  Aqueous 
  MgOH+                 -8.530     -8.549     2.948E-09     2.825E-09     9.582E-01  Aqueous 
  NaSO4-                -5.666     -5.685     2.157E-06     2.066E-06     9.577E-01  Aqueous 
  NaOH(aq)              -9.819     -9.819     1.518E-10     1.518E-10     1.000E+00  Aqueous 
  PbOH+                 -7.240     -7.259     5.754E-08     5.507E-08     9.570E-01  Aqueous 
  PbSO4(aq)             -8.164     -8.164     6.853E-09     6.855E-09     1.000E+00  Aqueous 
  Pb(OH)2(aq)           -8.671     -8.670     2.135E-09     2.136E-09     1.000E+00  Aqueous 
  Pb(SO4)2--           -10.730    -10.810     1.863E-11     1.548E-11     8.310E-01  Aqueous 
  Pb(OH)3-             -11.593    -11.612     2.555E-12     2.445E-12     9.570E-01  Aqueous 
  Pb2OH+++             -13.287    -13.457     5.164E-14     3.492E-14     6.763E-01  Aqueous 
  Pb(OH)4--            -15.173    -15.253     6.722E-16     5.586E-16     8.310E-01  Aqueous 
  ZnOH+                 -8.124     -8.144     7.509E-09     7.186E-09     9.570E-01  Aqueous 
  ZnSO4(aq)             -8.185     -8.185     6.530E-09     6.532E-09     1.000E+00  Aqueous 
  Zn(OH)2(aq)           -8.085     -8.085     8.219E-09     8.222E-09     1.000E+00  Aqueous 
  Zn(SO4)2--           -10.554    -10.635     2.790E-11     2.319E-11     8.310E-01  Aqueous 
  Zn(OH)3-             -11.567    -11.586     2.709E-12     2.592E-12     9.570E-01  Aqueous 
  Zn(OH)4--            -16.311    -16.388     4.885E-17     4.097E-17     8.386E-01  Aqueous 
 
  ****** Partial pressure of gases (bars) *****
 
 
  ***** Saturation state of minerals (log[Q/K] *****
 
 
 
  ***** Volum of minerals added or subtracted *****
 
 
 **************************************************************
 ------> GRID LOCATION:    64:  1:  1
 
  Temperature (C)    =     25.000
  Porosity           =      0.250
  Liquid Saturation  =      1.000
  Liquid Density     =    997.075
  Ionic Strength     =      0.002
  Solution pH        =      7.999
  Total Charge       = -1.219E-07
 
 Total Aqueous Concentrations of Primary Species 
 --------------------------------------- 
 
   Species              Molality       Type 
 H+                  -1.1250E-06     Aqueous      
 SO4--                5.1621E-04     Aqueous      
 Zn++                 1.0029E-07     Aqueous      
 Pb++                 1.0029E-07     Aqueous      
 Ca++                 1.0029E-10     Aqueous      
 Mg++                 1.0029E-05     Aqueous      
 K+                   1.0029E-05     Aqueous      
 Na+                  1.0029E-03     Aqueous      
 
 Exchangers           Equiv/kgw        Equiv/g solid    Equiv/m^3 bulk
 X-                   2.2055E-02       2.9320E-06       5.4975E+00
 Y-                   3.3082E-02       4.3980E-06       8.2462E+00
 
 Total Concentrations in Exchange Sites 
 -------------------------------------- 
 
 Exchangers           Equiv/kgw        Equiv/g solid    Equiv/m^3 bulk
 Zn++                 3.5564E-04       4.7280E-08       8.8650E-02
 Pb++                 3.2850E-04       4.3672E-08       8.1886E-02
 Ca++                 4.2582E-07       5.6610E-11       1.0614E-04
 Mg++                 2.3025E-02       3.0611E-06       5.7395E+00
 K+                   5.8644E-04       7.7963E-08       1.4618E-01
 Na+                  7.1302E-03       9.4792E-07       1.7773E+00
 
 Concentrations of Individual Species, Exchangers, and Surface Complexes 
 ----------------------------------------------------------------------- 
 
                           Log        Log                 Concentration     
 Species              Molality   Activity      Molality    Mol/m^3 blk  Type
  NaX                   -2.465     -0.809     3.427E-03     8.542E-01  Exchange
  NaY                   -2.431     -0.951     3.704E-03     9.232E-01  Exchange
  KX                    -3.766     -2.109     1.715E-04     4.275E-02  Exchange
  KY                    -3.382     -1.902     4.149E-04     1.034E-01  Exchange
  CaX2                  -6.841     -4.884     1.441E-07     3.591E-05  Exchange
  CaY2                  -6.550     -4.769     2.818E-07     7.024E-05  Exchange
  MgX2                  -2.045     -0.087     9.016E-03     2.247E+00  Exchange
  MgY2                  -1.854     -0.072     1.401E-02     3.492E+00  Exchange
  ZnX2                  -3.920     -1.962     1.203E-04     2.999E-02  Exchange
  ZnY2                  -3.628     -1.847     2.353E-04     5.866E-02  Exchange
  PbX2                  -4.039     -2.082     9.136E-05     2.277E-02  Exchange
  PbY2                  -3.625     -1.844     2.371E-04     5.911E-02  Exchange
                           Log        Log                                 Activity
 Species              Molality   Activity      Molality      Activity   Coefficient    Type
  H+                    -7.981     -7.999     1.045E-08     1.003E-08     9.594E-01  Aqueous 
  SO4--                 -3.290     -3.366     5.132E-04     4.304E-04     8.386E-01  Aqueous 
  Zn++                  -7.108     -7.182     7.801E-08     6.569E-08     8.422E-01  Aqueous 
  Pb++                  -7.472     -7.548     3.374E-08     2.832E-08     8.395E-01  Aqueous 
  Ca++                 -10.030    -10.104     9.340E-11     7.866E-11     8.422E-01  Aqueous 
  Mg++                  -5.035     -5.108     9.228E-06     7.803E-06     8.456E-01  Aqueous 
  K+                    -5.000     -5.019     9.999E-06     9.563E-06     9.564E-01  Aqueous 
  Na+                   -3.000     -3.019     1.001E-03     9.577E-04     9.570E-01  Aqueous 
  OH-                   -5.980     -5.999     1.047E-06     1.002E-06     9.567E-01  Aqueous 
  HSO4-                 -9.359     -9.378     4.376E-10     4.189E-10     9.572E-01  Aqueous 
  CaSO4(aq)            -11.162    -11.161     6.894E-12     6.896E-12     1.000E+00  Aqueous 
  CaOH+                -14.867    -14.886     1.359E-15     1.302E-15     9.580E-01  Aqueous 
  CaHSO4+              -18.381    -18.401     4.159E-19     3.971E-19     9.548E-01  Aqueous 
  KSO4-                 -7.517     -7.536     3.043E-08     2.914E-08     9.577E-01  Aqueous 
  KOH(aq)              -11.481    -11.481     3.305E-12     3.306E-12     1.000E+00  Aqueous 
  MgSO4(aq)             -6.098     -6.098     7.985E-07     7.988E-07     1.000E+00  Aqueous 
  MgOH+                 -8.530     -8.549     2.948E-09     2.825E-09     9.582E-01  Aqueous 
  NaSO4-                -5.666     -5.685     2.157E-06     2.066E-06     9.577E-01  Aqueous 
  NaOH(aq)              -9.819     -9.819     1.518E-10     1.518E-10     1.000E+00  Aqueous 
  PbOH+                 -7.240     -7.259     5.754E-08     5.507E-08     9.570E-01  Aqueous 
  PbSO4(aq)             -8.164     -8.164     6.853E-09     6.855E-09     1.000E+00  Aqueous 
  Pb(OH)2(aq)           -8.671     -8.670     2.135E-09     2.136E-09     1.000E+00  Aqueous 
  Pb(SO4)2--           -10.730    -10.810     1.863E-11     1.548E-11     8.310E-01  Aqueous 
  Pb(OH)3-             -11.593    -11.612     2.555E-12     2.445E-12     9.570E-01  Aqueous 
  Pb2OH+++             -13.287    -13.457     5.164E-14     3.492E-14     6.763E-01  Aqueous 
  Pb(OH)4--            -15.173    -15.253     6.722E-16     5.586E-16     8.310E-01  Aqueous 
  ZnOH+                 -8.124     -8.144     7.509E-09     7.186E-09     9.570E-01  Aqueous 
  ZnSO4(aq)             -8.185     -8.185     6.530E-09     6.532E-09     1.000E+00  Aqueous 
  Zn(OH)2(aq)           -8.085     -8.085     8.219E-09     8.222E-09     1.000E+00  Aqueous 
  Zn(SO4)2--           -10.554    -10.635     2.790E-11     2.319E-11     8.310E-01  Aqueous 
  Zn(OH)3-             -11.567    -11.586     2.709E-12     2.592E-12     9.570E-01  Aqueous 
  Zn(OH)4--            -16.311    -16.388     4.885E-17     4.097E-17     8.386E-01  Aqueous 
 
  ****** Partial pressure of gases (bars) *****
 
 
  ***** Saturation state of minerals (log[Q/K] *****
 
 
 
  ***** Volum of minerals added or subtracted *****
 
 
 **************************************************************
 ------> GRID LOCATION:    65:  1:  1
 
  Temperature (C)    =     25.000
  Porosity           =      0.250
  Liquid Saturation  =      1.000
  Liquid Density     =    997.075
  Ionic Strength     =      0.002
  Solution pH        =      7.999
  Total Charge       = -1.219E-07
 
 Total Aqueous Concentrations of Primary Species 
 --------------------------------------- 
 
   Species              Molality       Type 
 H+                  -1.1250E-06     Aqueous      
 SO4--                5.1621E-04     Aqueous      
 Zn++                 1.0029E-07     Aqueous      
 Pb++                 1.0029E-07     Aqueous      
 Ca++                 1.0029E-10     Aqueous      
 Mg++                 1.0029E-05     Aqueous      
 K+                   1.0029E-05     Aqueous      
 Na+                  1.0029E-03     Aqueous      
 
 Exchangers           Equiv/kgw        Equiv/g solid    Equiv/m^3 bulk
 X-                   2.2055E-02       2.9320E-06       5.4975E+00
 Y-                   3.3082E-02       4.3980E-06       8.2462E+00
 
 Total Concentrations in Exchange Sites 
 -------------------------------------- 
 
 Exchangers           Equiv/kgw        Equiv/g solid    Equiv/m^3 bulk
 Zn++                 3.5564E-04       4.7280E-08       8.8650E-02
 Pb++                 3.2850E-04       4.3672E-08       8.1886E-02
 Ca++                 4.2582E-07       5.6610E-11       1.0614E-04
 Mg++                 2.3025E-02       3.0611E-06       5.7395E+00
 K+                   5.8644E-04       7.7963E-08       1.4618E-01
 Na+                  7.1302E-03       9.4792E-07       1.7773E+00
 
 Concentrations of Individual Species, Exchangers, and Surface Complexes 
 ----------------------------------------------------------------------- 
 
                           Log        Log                 Concentration     
 Species              Molality   Activity      Molality    Mol/m^3 blk  Type
  NaX                   -2.465     -0.809     3.427E-03     8.542E-01  Exchange
  NaY                   -2.431     -0.951     3.704E-03     9.232E-01  Exchange
  KX                    -3.766     -2.109     1.715E-04     4.275E-02  Exchange
  KY                    -3.382     -1.902     4.149E-04     1.034E-01  Exchange
  CaX2                  -6.841     -4.884     1.441E-07     3.591E-05  Exchange
  CaY2                  -6.550     -4.769     2.818E-07     7.024E-05  Exchange
  MgX2                  -2.045     -0.087     9.016E-03     2.247E+00  Exchange
  MgY2                  -1.854     -0.072     1.401E-02     3.492E+00  Exchange
  ZnX2                  -3.920     -1.962     1.203E-04     2.999E-02  Exchange
  ZnY2                  -3.628     -1.847     2.353E-04     5.866E-02  Exchange
  PbX2                  -4.039     -2.082     9.136E-05     2.277E-02  Exchange
  PbY2                  -3.625     -1.844     2.371E-04     5.911E-02  Exchange
                           Log        Log                                 Activity
 Species              Molality   Activity      Molality      Activity   Coefficient    Type
  H+                    -7.981     -7.999     1.045E-08     1.003E-08     9.594E-01  Aqueous 
  SO4--                 -3.290     -3.366     5.132E-04     4.304E-04     8.386E-01  Aqueous 
  Zn++                  -7.108     -7.182     7.801E-08     6.569E-08     8.422E-01  Aqueous 
  Pb++                  -7.472     -7.548     3.374E-08     2.832E-08     8.395E-01  Aqueous 
  Ca++                 -10.030    -10.104     9.340E-11     7.866E-11     8.422E-01  Aqueous 
  Mg++                  -5.035     -5.108     9.228E-06     7.803E-06     8.456E-01  Aqueous 
  K+                    -5.000     -5.019     9.999E-06     9.563E-06     9.564E-01  Aqueous 
  Na+                   -3.000     -3.019     1.001E-03     9.577E-04     9.570E-01  Aqueous 
  OH-                   -5.980     -5.999     1.047E-06     1.002E-06     9.567E-01  Aqueous 
  HSO4-                 -9.359     -9.378     4.376E-10     4.189E-10     9.572E-01  Aqueous 
  CaSO4(aq)            -11.162    -11.161     6.894E-12     6.896E-12     1.000E+00  Aqueous 
  CaOH+                -14.867    -14.886     1.359E-15     1.302E-15     9.580E-01  Aqueous 
  CaHSO4+              -18.381    -18.401     4.159E-19     3.971E-19     9.548E-01  Aqueous 
  KSO4-                 -7.517     -7.536     3.043E-08     2.914E-08     9.577E-01  Aqueous 
  KOH(aq)              -11.481    -11.481     3.305E-12     3.306E-12     1.000E+00  Aqueous 
  MgSO4(aq)             -6.098     -6.098     7.985E-07     7.988E-07     1.000E+00  Aqueous 
  MgOH+                 -8.530     -8.549     2.948E-09     2.825E-09     9.582E-01  Aqueous 
  NaSO4-                -5.666     -5.685     2.157E-06     2.066E-06     9.577E-01  Aqueous 
  NaOH(aq)              -9.819     -9.819     1.518E-10     1.518E-10     1.000E+00  Aqueous 
  PbOH+                 -7.240     -7.259     5.754E-08     5.507E-08     9.570E-01  Aqueous 
  PbSO4(aq)             -8.164     -8.164     6.853E-09     6.855E-09     1.000E+00  Aqueous 
  Pb(OH)2(aq)           -8.671     -8.670     2.135E-09     2.136E-09     1.000E+00  Aqueous 
  Pb(SO4)2--           -10.730    -10.810     1.863E-11     1.548E-11     8.310E-01  Aqueous 
  Pb(OH)3-             -11.593    -11.612     2.555E-12     2.445E-12     9.570E-01  Aqueous 
  Pb2OH+++             -13.287    -13.457     5.164E-14     3.492E-14     6.763E-01  Aqueous 
  Pb(OH)4--            -15.173    -15.253     6.722E-16     5.586E-16     8.310E-01  Aqueous 
  ZnOH+                 -8.124     -8.144     7.509E-09     7.186E-09     9.570E-01  Aqueous 
  ZnSO4(aq)             -8.185     -8.185     6.530E-09     6.532E-09     1.000E+00  Aqueous 
  Zn(OH)2(aq)           -8.085     -8.085     8.219E-09     8.222E-09     1.000E+00  Aqueous 
  Zn(SO4)2--           -10.554    -10.635     2.790E-11     2.319E-11     8.310E-01  Aqueous 
  Zn(OH)3-             -11.567    -11.586     2.709E-12     2.592E-12     9.570E-01  Aqueous 
  Zn(OH)4--            -16.311    -16.388     4.885E-17     4.097E-17     8.386E-01  Aqueous 
 
  ****** Partial pressure of gases (bars) *****
 
 
  ***** Saturation state of minerals (log[Q/K] *****
 
 
 
  ***** Volum of minerals added or subtracted *****
 
 
 **************************************************************
 ------> GRID LOCATION:    66:  1:  1
 
  Temperature (C)    =     25.000
  Porosity           =      0.250
  Liquid Saturation  =      1.000
  Liquid Density     =    997.075
  Ionic Strength     =      0.002
  Solution pH        =      7.999
  Total Charge       = -1.219E-07
 
 Total Aqueous Concentrations of Primary Species 
 --------------------------------------- 
 
   Species              Molality       Type 
 H+                  -1.1250E-06     Aqueous      
 SO4--                5.1621E-04     Aqueous      
 Zn++                 1.0029E-07     Aqueous      
 Pb++                 1.0029E-07     Aqueous      
 Ca++                 1.0029E-10     Aqueous      
 Mg++                 1.0029E-05     Aqueous      
 K+                   1.0029E-05     Aqueous      
 Na+                  1.0029E-03     Aqueous      
 
 Exchangers           Equiv/kgw        Equiv/g solid    Equiv/m^3 bulk
 X-                   2.2055E-02       2.9320E-06       5.4975E+00
 Y-                   3.3082E-02       4.3980E-06       8.2462E+00
 
 Total Concentrations in Exchange Sites 
 -------------------------------------- 
 
 Exchangers           Equiv/kgw        Equiv/g solid    Equiv/m^3 bulk
 Zn++                 3.5564E-04       4.7280E-08       8.8650E-02
 Pb++                 3.2850E-04       4.3672E-08       8.1886E-02
 Ca++                 4.2582E-07       5.6610E-11       1.0614E-04
 Mg++                 2.3025E-02       3.0611E-06       5.7395E+00
 K+                   5.8644E-04       7.7963E-08       1.4618E-01
 Na+                  7.1302E-03       9.4792E-07       1.7773E+00
 
 Concentrations of Individual Species, Exchangers, and Surface Complexes 
 ----------------------------------------------------------------------- 
 
                           Log        Log                 Concentration     
 Species              Molality   Activity      Molality    Mol/m^3 blk  Type
  NaX                   -2.465     -0.809     3.427E-03     8.542E-01  Exchange
  NaY                   -2.431     -0.951     3.704E-03     9.232E-01  Exchange
  KX                    -3.766     -2.109     1.715E-04     4.275E-02  Exchange
  KY                    -3.382     -1.902     4.149E-04     1.034E-01  Exchange
  CaX2                  -6.841     -4.884     1.441E-07     3.591E-05  Exchange
  CaY2                  -6.550     -4.769     2.818E-07     7.024E-05  Exchange
  MgX2                  -2.045     -0.087     9.016E-03     2.247E+00  Exchange
  MgY2                  -1.854     -0.072     1.401E-02     3.492E+00  Exchange
  ZnX2                  -3.920     -1.962     1.203E-04     2.999E-02  Exchange
  ZnY2                  -3.628     -1.847     2.353E-04     5.866E-02  Exchange
  PbX2                  -4.039     -2.082     9.136E-05     2.277E-02  Exchange
  PbY2                  -3.625     -1.844     2.371E-04     5.911E-02  Exchange
                           Log        Log                                 Activity
 Species              Molality   Activity      Molality      Activity   Coefficient    Type
  H+                    -7.981     -7.999     1.045E-08     1.003E-08     9.594E-01  Aqueous 
  SO4--                 -3.290     -3.366     5.132E-04     4.304E-04     8.386E-01  Aqueous 
  Zn++                  -7.108     -7.182     7.801E-08     6.569E-08     8.422E-01  Aqueous 
  Pb++                  -7.472     -7.548     3.374E-08     2.832E-08     8.395E-01  Aqueous 
  Ca++                 -10.030    -10.104     9.340E-11     7.866E-11     8.422E-01  Aqueous 
  Mg++                  -5.035     -5.108     9.228E-06     7.803E-06     8.456E-01  Aqueous 
  K+                    -5.000     -5.019     9.999E-06     9.563E-06     9.564E-01  Aqueous 
  Na+                   -3.000     -3.019     1.001E-03     9.577E-04     9.570E-01  Aqueous 
  OH-                   -5.980     -5.999     1.047E-06     1.002E-06     9.567E-01  Aqueous 
  HSO4-                 -9.359     -9.378     4.376E-10     4.189E-10     9.572E-01  Aqueous 
  CaSO4(aq)            -11.162    -11.161     6.894E-12     6.896E-12     1.000E+00  Aqueous 
  CaOH+                -14.867    -14.886     1.359E-15     1.302E-15     9.580E-01  Aqueous 
  CaHSO4+              -18.381    -18.401     4.159E-19     3.971E-19     9.548E-01  Aqueous 
  KSO4-                 -7.517     -7.536     3.043E-08     2.914E-08     9.577E-01  Aqueous 
  KOH(aq)              -11.481    -11.481     3.305E-12     3.306E-12     1.000E+00  Aqueous 
  MgSO4(aq)             -6.098     -6.098     7.985E-07     7.988E-07     1.000E+00  Aqueous 
  MgOH+                 -8.530     -8.549     2.948E-09     2.825E-09     9.582E-01  Aqueous 
  NaSO4-                -5.666     -5.685     2.157E-06     2.066E-06     9.577E-01  Aqueous 
  NaOH(aq)              -9.819     -9.819     1.518E-10     1.518E-10     1.000E+00  Aqueous 
  PbOH+                 -7.240     -7.259     5.754E-08     5.507E-08     9.570E-01  Aqueous 
  PbSO4(aq)             -8.164     -8.164     6.853E-09     6.855E-09     1.000E+00  Aqueous 
  Pb(OH)2(aq)           -8.671     -8.670     2.135E-09     2.136E-09     1.000E+00  Aqueous 
  Pb(SO4)2--           -10.730    -10.810     1.863E-11     1.548E-11     8.310E-01  Aqueous 
  Pb(OH)3-             -11.593    -11.612     2.555E-12     2.445E-12     9.570E-01  Aqueous 
  Pb2OH+++             -13.287    -13.457     5.164E-14     3.492E-14     6.763E-01  Aqueous 
  Pb(OH)4--            -15.173    -15.253     6.722E-16     5.586E-16     8.310E-01  Aqueous 
  ZnOH+                 -8.124     -8.144     7.509E-09     7.186E-09     9.570E-01  Aqueous 
  ZnSO4(aq)             -8.185     -8.185     6.530E-09     6.532E-09     1.000E+00  Aqueous 
  Zn(OH)2(aq)           -8.085     -8.085     8.219E-09     8.222E-09     1.000E+00  Aqueous 
  Zn(SO4)2--           -10.554    -10.635     2.790E-11     2.319E-11     8.310E-01  Aqueous 
  Zn(OH)3-             -11.567    -11.586     2.709E-12     2.592E-12     9.570E-01  Aqueous 
  Zn(OH)4--            -16.311    -16.388     4.885E-17     4.097E-17     8.386E-01  Aqueous 
 
  ****** Partial pressure of gases (bars) *****
 
 
  ***** Saturation state of minerals (log[Q/K] *****
 
 
 
  ***** Volum of minerals added or subtracted *****
 
 
 **************************************************************
 ------> GRID LOCATION:    67:  1:  1
 
  Temperature (C)    =     25.000
  Porosity           =      0.250
  Liquid Saturation  =      1.000
  Liquid Density     =    997.075
  Ionic Strength     =      0.002
  Solution pH        =      7.999
  Total Charge       = -1.219E-07
 
 Total Aqueous Concentrations of Primary Species 
 --------------------------------------- 
 
   Species              Molality       Type 
 H+                  -1.1250E-06     Aqueous      
 SO4--                5.1621E-04     Aqueous      
 Zn++                 1.0029E-07     Aqueous      
 Pb++                 1.0029E-07     Aqueous      
 Ca++                 1.0029E-10     Aqueous      
 Mg++                 1.0029E-05     Aqueous      
 K+                   1.0029E-05     Aqueous      
 Na+                  1.0029E-03     Aqueous      
 
 Exchangers           Equiv/kgw        Equiv/g solid    Equiv/m^3 bulk
 X-                   2.2055E-02       2.9320E-06       5.4975E+00
 Y-                   3.3082E-02       4.3980E-06       8.2462E+00
 
 Total Concentrations in Exchange Sites 
 -------------------------------------- 
 
 Exchangers           Equiv/kgw        Equiv/g solid    Equiv/m^3 bulk
 Zn++                 3.5564E-04       4.7280E-08       8.8650E-02
 Pb++                 3.2850E-04       4.3672E-08       8.1886E-02
 Ca++                 4.2582E-07       5.6610E-11       1.0614E-04
 Mg++                 2.3025E-02       3.0611E-06       5.7395E+00
 K+                   5.8644E-04       7.7963E-08       1.4618E-01
 Na+                  7.1302E-03       9.4792E-07       1.7773E+00
 
 Concentrations of Individual Species, Exchangers, and Surface Complexes 
 ----------------------------------------------------------------------- 
 
                           Log        Log                 Concentration     
 Species              Molality   Activity      Molality    Mol/m^3 blk  Type
  NaX                   -2.465     -0.809     3.427E-03     8.542E-01  Exchange
  NaY                   -2.431     -0.951     3.704E-03     9.232E-01  Exchange
  KX                    -3.766     -2.109     1.715E-04     4.275E-02  Exchange
  KY                    -3.382     -1.902     4.149E-04     1.034E-01  Exchange
  CaX2                  -6.841     -4.884     1.441E-07     3.591E-05  Exchange
  CaY2                  -6.550     -4.769     2.818E-07     7.024E-05  Exchange
  MgX2                  -2.045     -0.087     9.016E-03     2.247E+00  Exchange
  MgY2                  -1.854     -0.072     1.401E-02     3.492E+00  Exchange
  ZnX2                  -3.920     -1.962     1.203E-04     2.999E-02  Exchange
  ZnY2                  -3.628     -1.847     2.353E-04     5.866E-02  Exchange
  PbX2                  -4.039     -2.082     9.136E-05     2.277E-02  Exchange
  PbY2                  -3.625     -1.844     2.371E-04     5.911E-02  Exchange
                           Log        Log                                 Activity
 Species              Molality   Activity      Molality      Activity   Coefficient    Type
  H+                    -7.981     -7.999     1.045E-08     1.003E-08     9.594E-01  Aqueous 
  SO4--                 -3.290     -3.366     5.132E-04     4.304E-04     8.386E-01  Aqueous 
  Zn++                  -7.108     -7.182     7.801E-08     6.569E-08     8.422E-01  Aqueous 
  Pb++                  -7.472     -7.548     3.374E-08     2.832E-08     8.395E-01  Aqueous 
  Ca++                 -10.030    -10.104     9.340E-11     7.866E-11     8.422E-01  Aqueous 
  Mg++                  -5.035     -5.108     9.228E-06     7.803E-06     8.456E-01  Aqueous 
  K+                    -5.000     -5.019     9.999E-06     9.563E-06     9.564E-01  Aqueous 
  Na+                   -3.000     -3.019     1.001E-03     9.577E-04     9.570E-01  Aqueous 
  OH-                   -5.980     -5.999     1.047E-06     1.002E-06     9.567E-01  Aqueous 
  HSO4-                 -9.359     -9.378     4.376E-10     4.189E-10     9.572E-01  Aqueous 
  CaSO4(aq)            -11.162    -11.161     6.894E-12     6.896E-12     1.000E+00  Aqueous 
  CaOH+                -14.867    -14.886     1.359E-15     1.302E-15     9.580E-01  Aqueous 
  CaHSO4+              -18.381    -18.401     4.159E-19     3.971E-19     9.548E-01  Aqueous 
  KSO4-                 -7.517     -7.536     3.043E-08     2.914E-08     9.577E-01  Aqueous 
  KOH(aq)              -11.481    -11.481     3.305E-12     3.306E-12     1.000E+00  Aqueous 
  MgSO4(aq)             -6.098     -6.098     7.985E-07     7.988E-07     1.000E+00  Aqueous 
  MgOH+                 -8.530     -8.549     2.948E-09     2.825E-09     9.582E-01  Aqueous 
  NaSO4-                -5.666     -5.685     2.157E-06     2.066E-06     9.577E-01  Aqueous 
  NaOH(aq)              -9.819     -9.819     1.518E-10     1.518E-10     1.000E+00  Aqueous 
  PbOH+                 -7.240     -7.259     5.754E-08     5.507E-08     9.570E-01  Aqueous 
  PbSO4(aq)             -8.164     -8.164     6.853E-09     6.855E-09     1.000E+00  Aqueous 
  Pb(OH)2(aq)           -8.671     -8.670     2.135E-09     2.136E-09     1.000E+00  Aqueous 
  Pb(SO4)2--           -10.730    -10.810     1.863E-11     1.548E-11     8.310E-01  Aqueous 
  Pb(OH)3-             -11.593    -11.612     2.555E-12     2.445E-12     9.570E-01  Aqueous 
  Pb2OH+++             -13.287    -13.457     5.164E-14     3.492E-14     6.763E-01  Aqueous 
  Pb(OH)4--            -15.173    -15.253     6.722E-16     5.586E-16     8.310E-01  Aqueous 
  ZnOH+                 -8.124     -8.144     7.509E-09     7.186E-09     9.570E-01  Aqueous 
  ZnSO4(aq)             -8.185     -8.185     6.530E-09     6.532E-09     1.000E+00  Aqueous 
  Zn(OH)2(aq)           -8.085     -8.085     8.219E-09     8.222E-09     1.000E+00  Aqueous 
  Zn(SO4)2--           -10.554    -10.635     2.790E-11     2.319E-11     8.310E-01  Aqueous 
  Zn(OH)3-             -11.567    -11.586     2.709E-12     2.592E-12     9.570E-01  Aqueous 
  Zn(OH)4--            -16.311    -16.388     4.885E-17     4.097E-17     8.386E-01  Aqueous 
 
  ****** Partial pressure of gases (bars) *****
 
 
  ***** Saturation state of minerals (log[Q/K] *****
 
 
 
  ***** Volum of minerals added or subtracted *****
 
 
 **************************************************************
 ------> GRID LOCATION:    68:  1:  1
 
  Temperature (C)    =     25.000
  Porosity           =      0.250
  Liquid Saturation  =      1.000
  Liquid Density     =    997.075
  Ionic Strength     =      0.002
  Solution pH        =      7.999
  Total Charge       = -1.219E-07
 
 Total Aqueous Concentrations of Primary Species 
 --------------------------------------- 
 
   Species              Molality       Type 
 H+                  -1.1250E-06     Aqueous      
 SO4--                5.1621E-04     Aqueous      
 Zn++                 1.0029E-07     Aqueous      
 Pb++                 1.0029E-07     Aqueous      
 Ca++                 1.0029E-10     Aqueous      
 Mg++                 1.0029E-05     Aqueous      
 K+                   1.0029E-05     Aqueous      
 Na+                  1.0029E-03     Aqueous      
 
 Exchangers           Equiv/kgw        Equiv/g solid    Equiv/m^3 bulk
 X-                   2.2055E-02       2.9320E-06       5.4975E+00
 Y-                   3.3082E-02       4.3980E-06       8.2462E+00
 
 Total Concentrations in Exchange Sites 
 -------------------------------------- 
 
 Exchangers           Equiv/kgw        Equiv/g solid    Equiv/m^3 bulk
 Zn++                 3.5564E-04       4.7280E-08       8.8650E-02
 Pb++                 3.2850E-04       4.3672E-08       8.1886E-02
 Ca++                 4.2582E-07       5.6610E-11       1.0614E-04
 Mg++                 2.3025E-02       3.0611E-06       5.7395E+00
 K+                   5.8644E-04       7.7963E-08       1.4618E-01
 Na+                  7.1302E-03       9.4792E-07       1.7773E+00
 
 Concentrations of Individual Species, Exchangers, and Surface Complexes 
 ----------------------------------------------------------------------- 
 
                           Log        Log                 Concentration     
 Species              Molality   Activity      Molality    Mol/m^3 blk  Type
  NaX                   -2.465     -0.809     3.427E-03     8.542E-01  Exchange
  NaY                   -2.431     -0.951     3.704E-03     9.232E-01  Exchange
  KX                    -3.766     -2.109     1.715E-04     4.275E-02  Exchange
  KY                    -3.382     -1.902     4.149E-04     1.034E-01  Exchange
  CaX2                  -6.841     -4.884     1.441E-07     3.591E-05  Exchange
  CaY2                  -6.550     -4.769     2.818E-07     7.024E-05  Exchange
  MgX2                  -2.045     -0.087     9.016E-03     2.247E+00  Exchange
  MgY2                  -1.854     -0.072     1.401E-02     3.492E+00  Exchange
  ZnX2                  -3.920     -1.962     1.203E-04     2.999E-02  Exchange
  ZnY2                  -3.628     -1.847     2.353E-04     5.866E-02  Exchange
  PbX2                  -4.039     -2.082     9.136E-05     2.277E-02  Exchange
  PbY2                  -3.625     -1.844     2.371E-04     5.911E-02  Exchange
                           Log        Log                                 Activity
 Species              Molality   Activity      Molality      Activity   Coefficient    Type
  H+                    -7.981     -7.999     1.045E-08     1.003E-08     9.594E-01  Aqueous 
  SO4--                 -3.290     -3.366     5.132E-04     4.304E-04     8.386E-01  Aqueous 
  Zn++                  -7.108     -7.182     7.801E-08     6.569E-08     8.422E-01  Aqueous 
  Pb++                  -7.472     -7.548     3.374E-08     2.832E-08     8.395E-01  Aqueous 
  Ca++                 -10.030    -10.104     9.340E-11     7.866E-11     8.422E-01  Aqueous 
  Mg++                  -5.035     -5.108     9.228E-06     7.803E-06     8.456E-01  Aqueous 
  K+                    -5.000     -5.019     9.999E-06     9.563E-06     9.564E-01  Aqueous 
  Na+                   -3.000     -3.019     1.001E-03     9.577E-04     9.570E-01  Aqueous 
  OH-                   -5.980     -5.999     1.047E-06     1.002E-06     9.567E-01  Aqueous 
  HSO4-                 -9.359     -9.378     4.376E-10     4.189E-10     9.572E-01  Aqueous 
  CaSO4(aq)            -11.162    -11.161     6.894E-12     6.896E-12     1.000E+00  Aqueous 
  CaOH+                -14.867    -14.886     1.359E-15     1.302E-15     9.580E-01  Aqueous 
  CaHSO4+              -18.381    -18.401     4.159E-19     3.971E-19     9.548E-01  Aqueous 
  KSO4-                 -7.517     -7.536     3.043E-08     2.914E-08     9.577E-01  Aqueous 
  KOH(aq)              -11.481    -11.481     3.305E-12     3.306E-12     1.000E+00  Aqueous 
  MgSO4(aq)             -6.098     -6.098     7.985E-07     7.988E-07     1.000E+00  Aqueous 
  MgOH+                 -8.530     -8.549     2.948E-09     2.825E-09     9.582E-01  Aqueous 
  NaSO4-                -5.666     -5.685     2.157E-06     2.066E-06     9.577E-01  Aqueous 
  NaOH(aq)              -9.819     -9.819     1.518E-10     1.518E-10     1.000E+00  Aqueous 
  PbOH+                 -7.240     -7.259     5.754E-08     5.507E-08     9.570E-01  Aqueous 
  PbSO4(aq)             -8.164     -8.164     6.853E-09     6.855E-09     1.000E+00  Aqueous 
  Pb(OH)2(aq)           -8.671     -8.670     2.135E-09     2.136E-09     1.000E+00  Aqueous 
  Pb(SO4)2--           -10.730    -10.810     1.863E-11     1.548E-11     8.310E-01  Aqueous 
  Pb(OH)3-             -11.593    -11.612     2.555E-12     2.445E-12     9.570E-01  Aqueous 
  Pb2OH+++             -13.287    -13.457     5.164E-14     3.492E-14     6.763E-01  Aqueous 
  Pb(OH)4--            -15.173    -15.253     6.722E-16     5.586E-16     8.310E-01  Aqueous 
  ZnOH+                 -8.124     -8.144     7.509E-09     7.186E-09     9.570E-01  Aqueous 
  ZnSO4(aq)             -8.185     -8.185     6.530E-09     6.532E-09     1.000E+00  Aqueous 
  Zn(OH)2(aq)           -8.085     -8.085     8.219E-09     8.222E-09     1.000E+00  Aqueous 
  Zn(SO4)2--           -10.554    -10.635     2.790E-11     2.319E-11     8.310E-01  Aqueous 
  Zn(OH)3-             -11.567    -11.586     2.709E-12     2.592E-12     9.570E-01  Aqueous 
  Zn(OH)4--            -16.311    -16.388     4.885E-17     4.097E-17     8.386E-01  Aqueous 
 
  ****** Partial pressure of gases (bars) *****
 
 
  ***** Saturation state of minerals (log[Q/K] *****
 
 
 
  ***** Volum of minerals added or subtracted *****
 
 
 **************************************************************
 ------> GRID LOCATION:    69:  1:  1
 
  Temperature (C)    =     25.000
  Porosity           =      0.250
  Liquid Saturation  =      1.000
  Liquid Density     =    997.075
  Ionic Strength     =      0.002
  Solution pH        =      7.999
  Total Charge       = -1.219E-07
 
 Total Aqueous Concentrations of Primary Species 
 --------------------------------------- 
 
   Species              Molality       Type 
 H+                  -1.1250E-06     Aqueous      
 SO4--                5.1621E-04     Aqueous      
 Zn++                 1.0029E-07     Aqueous      
 Pb++                 1.0029E-07     Aqueous      
 Ca++                 1.0029E-10     Aqueous      
 Mg++                 1.0029E-05     Aqueous      
 K+                   1.0029E-05     Aqueous      
 Na+                  1.0029E-03     Aqueous      
 
 Exchangers           Equiv/kgw        Equiv/g solid    Equiv/m^3 bulk
 X-                   2.2055E-02       2.9320E-06       5.4975E+00
 Y-                   3.3082E-02       4.3980E-06       8.2462E+00
 
 Total Concentrations in Exchange Sites 
 -------------------------------------- 
 
 Exchangers           Equiv/kgw        Equiv/g solid    Equiv/m^3 bulk
 Zn++                 3.5564E-04       4.7280E-08       8.8650E-02
 Pb++                 3.2850E-04       4.3672E-08       8.1886E-02
 Ca++                 4.2582E-07       5.6610E-11       1.0614E-04
 Mg++                 2.3025E-02       3.0611E-06       5.7395E+00
 K+                   5.8644E-04       7.7963E-08       1.4618E-01
 Na+                  7.1302E-03       9.4792E-07       1.7773E+00
 
 Concentrations of Individual Species, Exchangers, and Surface Complexes 
 ----------------------------------------------------------------------- 
 
                           Log        Log                 Concentration     
 Species              Molality   Activity      Molality    Mol/m^3 blk  Type
  NaX                   -2.465     -0.809     3.427E-03     8.542E-01  Exchange
  NaY                   -2.431     -0.951     3.704E-03     9.232E-01  Exchange
  KX                    -3.766     -2.109     1.715E-04     4.275E-02  Exchange
  KY                    -3.382     -1.902     4.149E-04     1.034E-01  Exchange
  CaX2                  -6.841     -4.884     1.441E-07     3.591E-05  Exchange
  CaY2                  -6.550     -4.769     2.818E-07     7.024E-05  Exchange
  MgX2                  -2.045     -0.087     9.016E-03     2.247E+00  Exchange
  MgY2                  -1.854     -0.072     1.401E-02     3.492E+00  Exchange
  ZnX2                  -3.920     -1.962     1.203E-04     2.999E-02  Exchange
  ZnY2                  -3.628     -1.847     2.353E-04     5.866E-02  Exchange
  PbX2                  -4.039     -2.082     9.136E-05     2.277E-02  Exchange
  PbY2                  -3.625     -1.844     2.371E-04     5.911E-02  Exchange
                           Log        Log                                 Activity
 Species              Molality   Activity      Molality      Activity   Coefficient    Type
  H+                    -7.981     -7.999     1.045E-08     1.003E-08     9.594E-01  Aqueous 
  SO4--                 -3.290     -3.366     5.132E-04     4.304E-04     8.386E-01  Aqueous 
  Zn++                  -7.108     -7.182     7.801E-08     6.569E-08     8.422E-01  Aqueous 
  Pb++                  -7.472     -7.548     3.374E-08     2.832E-08     8.395E-01  Aqueous 
  Ca++                 -10.030    -10.104     9.340E-11     7.866E-11     8.422E-01  Aqueous 
  Mg++                  -5.035     -5.108     9.228E-06     7.803E-06     8.456E-01  Aqueous 
  K+                    -5.000     -5.019     9.999E-06     9.563E-06     9.564E-01  Aqueous 
  Na+                   -3.000     -3.019     1.001E-03     9.577E-04     9.570E-01  Aqueous 
  OH-                   -5.980     -5.999     1.047E-06     1.002E-06     9.567E-01  Aqueous 
  HSO4-                 -9.359     -9.378     4.376E-10     4.189E-10     9.572E-01  Aqueous 
  CaSO4(aq)            -11.162    -11.161     6.894E-12     6.896E-12     1.000E+00  Aqueous 
  CaOH+                -14.867    -14.886     1.359E-15     1.302E-15     9.580E-01  Aqueous 
  CaHSO4+              -18.381    -18.401     4.159E-19     3.971E-19     9.548E-01  Aqueous 
  KSO4-                 -7.517     -7.536     3.043E-08     2.914E-08     9.577E-01  Aqueous 
  KOH(aq)              -11.481    -11.481     3.305E-12     3.306E-12     1.000E+00  Aqueous 
  MgSO4(aq)             -6.098     -6.098     7.985E-07     7.988E-07     1.000E+00  Aqueous 
  MgOH+                 -8.530     -8.549     2.948E-09     2.825E-09     9.582E-01  Aqueous 
  NaSO4-                -5.666     -5.685     2.157E-06     2.066E-06     9.577E-01  Aqueous 
  NaOH(aq)              -9.819     -9.819     1.518E-10     1.518E-10     1.000E+00  Aqueous 
  PbOH+                 -7.240     -7.259     5.754E-08     5.507E-08     9.570E-01  Aqueous 
  PbSO4(aq)             -8.164     -8.164     6.853E-09     6.855E-09     1.000E+00  Aqueous 
  Pb(OH)2(aq)           -8.671     -8.670     2.135E-09     2.136E-09     1.000E+00  Aqueous 
  Pb(SO4)2--           -10.730    -10.810     1.863E-11     1.548E-11     8.310E-01  Aqueous 
  Pb(OH)3-             -11.593    -11.612     2.555E-12     2.445E-12     9.570E-01  Aqueous 
  Pb2OH+++             -13.287    -13.457     5.164E-14     3.492E-14     6.763E-01  Aqueous 
  Pb(OH)4--            -15.173    -15.253     6.722E-16     5.586E-16     8.310E-01  Aqueous 
  ZnOH+                 -8.124     -8.144     7.509E-09     7.186E-09     9.570E-01  Aqueous 
  ZnSO4(aq)             -8.185     -8.185     6.530E-09     6.532E-09     1.000E+00  Aqueous 
  Zn(OH)2(aq)           -8.085     -8.085     8.219E-09     8.222E-09     1.000E+00  Aqueous 
  Zn(SO4)2--           -10.554    -10.635     2.790E-11     2.319E-11     8.310E-01  Aqueous 
  Zn(OH)3-             -11.567    -11.586     2.709E-12     2.592E-12     9.570E-01  Aqueous 
  Zn(OH)4--            -16.311    -16.388     4.885E-17     4.097E-17     8.386E-01  Aqueous 
 
  ****** Partial pressure of gases (bars) *****
 
 
  ***** Saturation state of minerals (log[Q/K] *****
 
 
 
  ***** Volum of minerals added or subtracted *****
 
 
 **************************************************************
 ------> GRID LOCATION:    70:  1:  1
 
  Temperature (C)    =     25.000
  Porosity           =      0.250
  Liquid Saturation  =      1.000
  Liquid Density     =    997.075
  Ionic Strength     =      0.002
  Solution pH        =      7.999
  Total Charge       = -1.219E-07
 
 Total Aqueous Concentrations of Primary Species 
 --------------------------------------- 
 
   Species              Molality       Type 
 H+                  -1.1250E-06     Aqueous      
 SO4--                5.1621E-04     Aqueous      
 Zn++                 1.0029E-07     Aqueous      
 Pb++                 1.0029E-07     Aqueous      
 Ca++                 1.0029E-10     Aqueous      
 Mg++                 1.0029E-05     Aqueous      
 K+                   1.0029E-05     Aqueous      
 Na+                  1.0029E-03     Aqueous      
 
 Exchangers           Equiv/kgw        Equiv/g solid    Equiv/m^3 bulk
 X-                   2.2055E-02       2.9320E-06       5.4975E+00
 Y-                   3.3082E-02       4.3980E-06       8.2462E+00
 
 Total Concentrations in Exchange Sites 
 -------------------------------------- 
 
 Exchangers           Equiv/kgw        Equiv/g solid    Equiv/m^3 bulk
 Zn++                 3.5564E-04       4.7280E-08       8.8650E-02
 Pb++                 3.2850E-04       4.3672E-08       8.1886E-02
 Ca++                 4.2582E-07       5.6610E-11       1.0614E-04
 Mg++                 2.3025E-02       3.0611E-06       5.7395E+00
 K+                   5.8644E-04       7.7963E-08       1.4618E-01
 Na+                  7.1302E-03       9.4792E-07       1.7773E+00
 
 Concentrations of Individual Species, Exchangers, and Surface Complexes 
 ----------------------------------------------------------------------- 
 
                           Log        Log                 Concentration     
 Species              Molality   Activity      Molality    Mol/m^3 blk  Type
  NaX                   -2.465     -0.809     3.427E-03     8.542E-01  Exchange
  NaY                   -2.431     -0.951     3.704E-03     9.232E-01  Exchange
  KX                    -3.766     -2.109     1.715E-04     4.275E-02  Exchange
  KY                    -3.382     -1.902     4.149E-04     1.034E-01  Exchange
  CaX2                  -6.841     -4.884     1.441E-07     3.591E-05  Exchange
  CaY2                  -6.550     -4.769     2.818E-07     7.024E-05  Exchange
  MgX2                  -2.045     -0.087     9.016E-03     2.247E+00  Exchange
  MgY2                  -1.854     -0.072     1.401E-02     3.492E+00  Exchange
  ZnX2                  -3.920     -1.962     1.203E-04     2.999E-02  Exchange
  ZnY2                  -3.628     -1.847     2.353E-04     5.866E-02  Exchange
  PbX2                  -4.039     -2.082     9.136E-05     2.277E-02  Exchange
  PbY2                  -3.625     -1.844     2.371E-04     5.911E-02  Exchange
                           Log        Log                                 Activity
 Species              Molality   Activity      Molality      Activity   Coefficient    Type
  H+                    -7.981     -7.999     1.045E-08     1.003E-08     9.594E-01  Aqueous 
  SO4--                 -3.290     -3.366     5.132E-04     4.304E-04     8.386E-01  Aqueous 
  Zn++                  -7.108     -7.182     7.801E-08     6.569E-08     8.422E-01  Aqueous 
  Pb++                  -7.472     -7.548     3.374E-08     2.832E-08     8.395E-01  Aqueous 
  Ca++                 -10.030    -10.104     9.340E-11     7.866E-11     8.422E-01  Aqueous 
  Mg++                  -5.035     -5.108     9.228E-06     7.803E-06     8.456E-01  Aqueous 
  K+                    -5.000     -5.019     9.999E-06     9.563E-06     9.564E-01  Aqueous 
  Na+                   -3.000     -3.019     1.001E-03     9.577E-04     9.570E-01  Aqueous 
  OH-                   -5.980     -5.999     1.047E-06     1.002E-06     9.567E-01  Aqueous 
  HSO4-                 -9.359     -9.378     4.376E-10     4.189E-10     9.572E-01  Aqueous 
  CaSO4(aq)            -11.162    -11.161     6.894E-12     6.896E-12     1.000E+00  Aqueous 
  CaOH+                -14.867    -14.886     1.359E-15     1.302E-15     9.580E-01  Aqueous 
  CaHSO4+              -18.381    -18.401     4.159E-19     3.971E-19     9.548E-01  Aqueous 
  KSO4-                 -7.517     -7.536     3.043E-08     2.914E-08     9.577E-01  Aqueous 
  KOH(aq)              -11.481    -11.481     3.305E-12     3.306E-12     1.000E+00  Aqueous 
  MgSO4(aq)             -6.098     -6.098     7.985E-07     7.988E-07     1.000E+00  Aqueous 
  MgOH+                 -8.530     -8.549     2.948E-09     2.825E-09     9.582E-01  Aqueous 
  NaSO4-                -5.666     -5.685     2.157E-06     2.066E-06     9.577E-01  Aqueous 
  NaOH(aq)              -9.819     -9.819     1.518E-10     1.518E-10     1.000E+00  Aqueous 
  PbOH+                 -7.240     -7.259     5.754E-08     5.507E-08     9.570E-01  Aqueous 
  PbSO4(aq)             -8.164     -8.164     6.853E-09     6.855E-09     1.000E+00  Aqueous 
  Pb(OH)2(aq)           -8.671     -8.670     2.135E-09     2.136E-09     1.000E+00  Aqueous 
  Pb(SO4)2--           -10.730    -10.810     1.863E-11     1.548E-11     8.310E-01  Aqueous 
  Pb(OH)3-             -11.593    -11.612     2.555E-12     2.445E-12     9.570E-01  Aqueous 
  Pb2OH+++             -13.287    -13.457     5.164E-14     3.492E-14     6.763E-01  Aqueous 
  Pb(OH)4--            -15.173    -15.253     6.722E-16     5.586E-16     8.310E-01  Aqueous 
  ZnOH+                 -8.124     -8.144     7.509E-09     7.186E-09     9.570E-01  Aqueous 
  ZnSO4(aq)             -8.185     -8.185     6.530E-09     6.532E-09     1.000E+00  Aqueous 
  Zn(OH)2(aq)           -8.085     -8.085     8.219E-09     8.222E-09     1.000E+00  Aqueous 
  Zn(SO4)2--           -10.554    -10.635     2.790E-11     2.319E-11     8.310E-01  Aqueous 
  Zn(OH)3-             -11.567    -11.586     2.709E-12     2.592E-12     9.570E-01  Aqueous 
  Zn(OH)4--            -16.311    -16.388     4.885E-17     4.097E-17     8.386E-01  Aqueous 
 
  ****** Partial pressure of gases (bars) *****
 
 
  ***** Saturation state of minerals (log[Q/K] *****
 
 
 
  ***** Volum of minerals added or subtracted *****
 
 
 **************************************************************
 ------> GRID LOCATION:    71:  1:  1
 
  Temperature (C)    =     25.000
  Porosity           =      0.250
  Liquid Saturation  =      1.000
  Liquid Density     =    997.075
  Ionic Strength     =      0.002
  Solution pH        =      7.999
  Total Charge       = -1.219E-07
 
 Total Aqueous Concentrations of Primary Species 
 --------------------------------------- 
 
   Species              Molality       Type 
 H+                  -1.1250E-06     Aqueous      
 SO4--                5.1621E-04     Aqueous      
 Zn++                 1.0029E-07     Aqueous      
 Pb++                 1.0029E-07     Aqueous      
 Ca++                 1.0029E-10     Aqueous      
 Mg++                 1.0029E-05     Aqueous      
 K+                   1.0029E-05     Aqueous      
 Na+                  1.0029E-03     Aqueous      
 
 Exchangers           Equiv/kgw        Equiv/g solid    Equiv/m^3 bulk
 X-                   2.2055E-02       2.9320E-06       5.4975E+00
 Y-                   3.3082E-02       4.3980E-06       8.2462E+00
 
 Total Concentrations in Exchange Sites 
 -------------------------------------- 
 
 Exchangers           Equiv/kgw        Equiv/g solid    Equiv/m^3 bulk
 Zn++                 3.5564E-04       4.7280E-08       8.8650E-02
 Pb++                 3.2850E-04       4.3672E-08       8.1886E-02
 Ca++                 4.2582E-07       5.6610E-11       1.0614E-04
 Mg++                 2.3025E-02       3.0611E-06       5.7395E+00
 K+                   5.8644E-04       7.7963E-08       1.4618E-01
 Na+                  7.1302E-03       9.4792E-07       1.7773E+00
 
 Concentrations of Individual Species, Exchangers, and Surface Complexes 
 ----------------------------------------------------------------------- 
 
                           Log        Log                 Concentration     
 Species              Molality   Activity      Molality    Mol/m^3 blk  Type
  NaX                   -2.465     -0.809     3.427E-03     8.542E-01  Exchange
  NaY                   -2.431     -0.951     3.704E-03     9.232E-01  Exchange
  KX                    -3.766     -2.109     1.715E-04     4.275E-02  Exchange
  KY                    -3.382     -1.902     4.149E-04     1.034E-01  Exchange
  CaX2                  -6.841     -4.884     1.441E-07     3.591E-05  Exchange
  CaY2                  -6.550     -4.769     2.818E-07     7.024E-05  Exchange
  MgX2                  -2.045     -0.087     9.016E-03     2.247E+00  Exchange
  MgY2                  -1.854     -0.072     1.401E-02     3.492E+00  Exchange
  ZnX2                  -3.920     -1.962     1.203E-04     2.999E-02  Exchange
  ZnY2                  -3.628     -1.847     2.353E-04     5.866E-02  Exchange
  PbX2                  -4.039     -2.082     9.136E-05     2.277E-02  Exchange
  PbY2                  -3.625     -1.844     2.371E-04     5.911E-02  Exchange
                           Log        Log                                 Activity
 Species              Molality   Activity      Molality      Activity   Coefficient    Type
  H+                    -7.981     -7.999     1.045E-08     1.003E-08     9.594E-01  Aqueous 
  SO4--                 -3.290     -3.366     5.132E-04     4.304E-04     8.386E-01  Aqueous 
  Zn++                  -7.108     -7.182     7.801E-08     6.569E-08     8.422E-01  Aqueous 
  Pb++                  -7.472     -7.548     3.374E-08     2.832E-08     8.395E-01  Aqueous 
  Ca++                 -10.030    -10.104     9.340E-11     7.866E-11     8.422E-01  Aqueous 
  Mg++                  -5.035     -5.108     9.228E-06     7.803E-06     8.456E-01  Aqueous 
  K+                    -5.000     -5.019     9.999E-06     9.563E-06     9.564E-01  Aqueous 
  Na+                   -3.000     -3.019     1.001E-03     9.577E-04     9.570E-01  Aqueous 
  OH-                   -5.980     -5.999     1.047E-06     1.002E-06     9.567E-01  Aqueous 
  HSO4-                 -9.359     -9.378     4.376E-10     4.189E-10     9.572E-01  Aqueous 
  CaSO4(aq)            -11.162    -11.161     6.894E-12     6.896E-12     1.000E+00  Aqueous 
  CaOH+                -14.867    -14.886     1.359E-15     1.302E-15     9.580E-01  Aqueous 
  CaHSO4+              -18.381    -18.401     4.159E-19     3.971E-19     9.548E-01  Aqueous 
  KSO4-                 -7.517     -7.536     3.043E-08     2.914E-08     9.577E-01  Aqueous 
  KOH(aq)              -11.481    -11.481     3.305E-12     3.306E-12     1.000E+00  Aqueous 
  MgSO4(aq)             -6.098     -6.098     7.985E-07     7.988E-07     1.000E+00  Aqueous 
  MgOH+                 -8.530     -8.549     2.948E-09     2.825E-09     9.582E-01  Aqueous 
  NaSO4-                -5.666     -5.685     2.157E-06     2.066E-06     9.577E-01  Aqueous 
  NaOH(aq)              -9.819     -9.819     1.518E-10     1.518E-10     1.000E+00  Aqueous 
  PbOH+                 -7.240     -7.259     5.754E-08     5.507E-08     9.570E-01  Aqueous 
  PbSO4(aq)             -8.164     -8.164     6.853E-09     6.855E-09     1.000E+00  Aqueous 
  Pb(OH)2(aq)           -8.671     -8.670     2.135E-09     2.136E-09     1.000E+00  Aqueous 
  Pb(SO4)2--           -10.730    -10.810     1.863E-11     1.548E-11     8.310E-01  Aqueous 
  Pb(OH)3-             -11.593    -11.612     2.555E-12     2.445E-12     9.570E-01  Aqueous 
  Pb2OH+++             -13.287    -13.457     5.164E-14     3.492E-14     6.763E-01  Aqueous 
  Pb(OH)4--            -15.173    -15.253     6.722E-16     5.586E-16     8.310E-01  Aqueous 
  ZnOH+                 -8.124     -8.144     7.509E-09     7.186E-09     9.570E-01  Aqueous 
  ZnSO4(aq)             -8.185     -8.185     6.530E-09     6.532E-09     1.000E+00  Aqueous 
  Zn(OH)2(aq)           -8.085     -8.085     8.219E-09     8.222E-09     1.000E+00  Aqueous 
  Zn(SO4)2--           -10.554    -10.635     2.790E-11     2.319E-11     8.310E-01  Aqueous 
  Zn(OH)3-             -11.567    -11.586     2.709E-12     2.592E-12     9.570E-01  Aqueous 
  Zn(OH)4--            -16.311    -16.388     4.885E-17     4.097E-17     8.386E-01  Aqueous 
 
  ****** Partial pressure of gases (bars) *****
 
 
  ***** Saturation state of minerals (log[Q/K] *****
 
 
 
  ***** Volum of minerals added or subtracted *****
 
 
 **************************************************************
 ------> GRID LOCATION:    72:  1:  1
 
  Temperature (C)    =     25.000
  Porosity           =      0.250
  Liquid Saturation  =      1.000
  Liquid Density     =    997.075
  Ionic Strength     =      0.002
  Solution pH        =      7.999
  Total Charge       = -1.219E-07
 
 Total Aqueous Concentrations of Primary Species 
 --------------------------------------- 
 
   Species              Molality       Type 
 H+                  -1.1250E-06     Aqueous      
 SO4--                5.1621E-04     Aqueous      
 Zn++                 1.0029E-07     Aqueous      
 Pb++                 1.0029E-07     Aqueous      
 Ca++                 1.0029E-10     Aqueous      
 Mg++                 1.0029E-05     Aqueous      
 K+                   1.0029E-05     Aqueous      
 Na+                  1.0029E-03     Aqueous      
 
 Exchangers           Equiv/kgw        Equiv/g solid    Equiv/m^3 bulk
 X-                   2.2055E-02       2.9320E-06       5.4975E+00
 Y-                   3.3082E-02       4.3980E-06       8.2462E+00
 
 Total Concentrations in Exchange Sites 
 -------------------------------------- 
 
 Exchangers           Equiv/kgw        Equiv/g solid    Equiv/m^3 bulk
 Zn++                 3.5564E-04       4.7280E-08       8.8650E-02
 Pb++                 3.2850E-04       4.3672E-08       8.1886E-02
 Ca++                 4.2582E-07       5.6610E-11       1.0614E-04
 Mg++                 2.3025E-02       3.0611E-06       5.7395E+00
 K+                   5.8644E-04       7.7963E-08       1.4618E-01
 Na+                  7.1302E-03       9.4792E-07       1.7773E+00
 
 Concentrations of Individual Species, Exchangers, and Surface Complexes 
 ----------------------------------------------------------------------- 
 
                           Log        Log                 Concentration     
 Species              Molality   Activity      Molality    Mol/m^3 blk  Type
  NaX                   -2.465     -0.809     3.427E-03     8.542E-01  Exchange
  NaY                   -2.431     -0.951     3.704E-03     9.232E-01  Exchange
  KX                    -3.766     -2.109     1.715E-04     4.275E-02  Exchange
  KY                    -3.382     -1.902     4.149E-04     1.034E-01  Exchange
  CaX2                  -6.841     -4.884     1.441E-07     3.591E-05  Exchange
  CaY2                  -6.550     -4.769     2.818E-07     7.024E-05  Exchange
  MgX2                  -2.045     -0.087     9.016E-03     2.247E+00  Exchange
  MgY2                  -1.854     -0.072     1.401E-02     3.492E+00  Exchange
  ZnX2                  -3.920     -1.962     1.203E-04     2.999E-02  Exchange
  ZnY2                  -3.628     -1.847     2.353E-04     5.866E-02  Exchange
  PbX2                  -4.039     -2.082     9.136E-05     2.277E-02  Exchange
  PbY2                  -3.625     -1.844     2.371E-04     5.911E-02  Exchange
                           Log        Log                                 Activity
 Species              Molality   Activity      Molality      Activity   Coefficient    Type
  H+                    -7.981     -7.999     1.045E-08     1.003E-08     9.594E-01  Aqueous 
  SO4--                 -3.290     -3.366     5.132E-04     4.304E-04     8.386E-01  Aqueous 
  Zn++                  -7.108     -7.182     7.801E-08     6.569E-08     8.422E-01  Aqueous 
  Pb++                  -7.472     -7.548     3.374E-08     2.832E-08     8.395E-01  Aqueous 
  Ca++                 -10.030    -10.104     9.340E-11     7.866E-11     8.422E-01  Aqueous 
  Mg++                  -5.035     -5.108     9.228E-06     7.803E-06     8.456E-01  Aqueous 
  K+                    -5.000     -5.019     9.999E-06     9.563E-06     9.564E-01  Aqueous 
  Na+                   -3.000     -3.019     1.001E-03     9.577E-04     9.570E-01  Aqueous 
  OH-                   -5.980     -5.999     1.047E-06     1.002E-06     9.567E-01  Aqueous 
  HSO4-                 -9.359     -9.378     4.376E-10     4.189E-10     9.572E-01  Aqueous 
  CaSO4(aq)            -11.162    -11.161     6.894E-12     6.896E-12     1.000E+00  Aqueous 
  CaOH+                -14.867    -14.886     1.359E-15     1.302E-15     9.580E-01  Aqueous 
  CaHSO4+              -18.381    -18.401     4.159E-19     3.971E-19     9.548E-01  Aqueous 
  KSO4-                 -7.517     -7.536     3.043E-08     2.914E-08     9.577E-01  Aqueous 
  KOH(aq)              -11.481    -11.481     3.305E-12     3.306E-12     1.000E+00  Aqueous 
  MgSO4(aq)             -6.098     -6.098     7.985E-07     7.988E-07     1.000E+00  Aqueous 
  MgOH+                 -8.530     -8.549     2.948E-09     2.825E-09     9.582E-01  Aqueous 
  NaSO4-                -5.666     -5.685     2.157E-06     2.066E-06     9.577E-01  Aqueous 
  NaOH(aq)              -9.819     -9.819     1.518E-10     1.518E-10     1.000E+00  Aqueous 
  PbOH+                 -7.240     -7.259     5.754E-08     5.507E-08     9.570E-01  Aqueous 
  PbSO4(aq)             -8.164     -8.164     6.853E-09     6.855E-09     1.000E+00  Aqueous 
  Pb(OH)2(aq)           -8.671     -8.670     2.135E-09     2.136E-09     1.000E+00  Aqueous 
  Pb(SO4)2--           -10.730    -10.810     1.863E-11     1.548E-11     8.310E-01  Aqueous 
  Pb(OH)3-             -11.593    -11.612     2.555E-12     2.445E-12     9.570E-01  Aqueous 
  Pb2OH+++             -13.287    -13.457     5.164E-14     3.492E-14     6.763E-01  Aqueous 
  Pb(OH)4--            -15.173    -15.253     6.722E-16     5.586E-16     8.310E-01  Aqueous 
  ZnOH+                 -8.124     -8.144     7.509E-09     7.186E-09     9.570E-01  Aqueous 
  ZnSO4(aq)             -8.185     -8.185     6.530E-09     6.532E-09     1.000E+00  Aqueous 
  Zn(OH)2(aq)           -8.085     -8.085     8.219E-09     8.222E-09     1.000E+00  Aqueous 
  Zn(SO4)2--           -10.554    -10.635     2.790E-11     2.319E-11     8.310E-01  Aqueous 
  Zn(OH)3-             -11.567    -11.586     2.709E-12     2.592E-12     9.570E-01  Aqueous 
  Zn(OH)4--            -16.311    -16.388     4.885E-17     4.097E-17     8.386E-01  Aqueous 
 
  ****** Partial pressure of gases (bars) *****
 
 
  ***** Saturation state of minerals (log[Q/K] *****
 
 
 
  ***** Volum of minerals added or subtracted *****
 
 
 **************************************************************
 ------> GRID LOCATION:    73:  1:  1
 
  Temperature (C)    =     25.000
  Porosity           =      0.250
  Liquid Saturation  =      1.000
  Liquid Density     =    997.075
  Ionic Strength     =      0.002
  Solution pH        =      7.999
  Total Charge       = -1.219E-07
 
 Total Aqueous Concentrations of Primary Species 
 --------------------------------------- 
 
   Species              Molality       Type 
 H+                  -1.1250E-06     Aqueous      
 SO4--                5.1621E-04     Aqueous      
 Zn++                 1.0029E-07     Aqueous      
 Pb++                 1.0029E-07     Aqueous      
 Ca++                 1.0029E-10     Aqueous      
 Mg++                 1.0029E-05     Aqueous      
 K+                   1.0029E-05     Aqueous      
 Na+                  1.0029E-03     Aqueous      
 
 Exchangers           Equiv/kgw        Equiv/g solid    Equiv/m^3 bulk
 X-                   2.2055E-02       2.9320E-06       5.4975E+00
 Y-                   3.3082E-02       4.3980E-06       8.2462E+00
 
 Total Concentrations in Exchange Sites 
 -------------------------------------- 
 
 Exchangers           Equiv/kgw        Equiv/g solid    Equiv/m^3 bulk
 Zn++                 3.5564E-04       4.7280E-08       8.8650E-02
 Pb++                 3.2850E-04       4.3672E-08       8.1886E-02
 Ca++                 4.2582E-07       5.6610E-11       1.0614E-04
 Mg++                 2.3025E-02       3.0611E-06       5.7395E+00
 K+                   5.8644E-04       7.7963E-08       1.4618E-01
 Na+                  7.1302E-03       9.4792E-07       1.7773E+00
 
 Concentrations of Individual Species, Exchangers, and Surface Complexes 
 ----------------------------------------------------------------------- 
 
                           Log        Log                 Concentration     
 Species              Molality   Activity      Molality    Mol/m^3 blk  Type
  NaX                   -2.465     -0.809     3.427E-03     8.542E-01  Exchange
  NaY                   -2.431     -0.951     3.704E-03     9.232E-01  Exchange
  KX                    -3.766     -2.109     1.715E-04     4.275E-02  Exchange
  KY                    -3.382     -1.902     4.149E-04     1.034E-01  Exchange
  CaX2                  -6.841     -4.884     1.441E-07     3.591E-05  Exchange
  CaY2                  -6.550     -4.769     2.818E-07     7.024E-05  Exchange
  MgX2                  -2.045     -0.087     9.016E-03     2.247E+00  Exchange
  MgY2                  -1.854     -0.072     1.401E-02     3.492E+00  Exchange
  ZnX2                  -3.920     -1.962     1.203E-04     2.999E-02  Exchange
  ZnY2                  -3.628     -1.847     2.353E-04     5.866E-02  Exchange
  PbX2                  -4.039     -2.082     9.136E-05     2.277E-02  Exchange
  PbY2                  -3.625     -1.844     2.371E-04     5.911E-02  Exchange
                           Log        Log                                 Activity
 Species              Molality   Activity      Molality      Activity   Coefficient    Type
  H+                    -7.981     -7.999     1.045E-08     1.003E-08     9.594E-01  Aqueous 
  SO4--                 -3.290     -3.366     5.132E-04     4.304E-04     8.386E-01  Aqueous 
  Zn++                  -7.108     -7.182     7.801E-08     6.569E-08     8.422E-01  Aqueous 
  Pb++                  -7.472     -7.548     3.374E-08     2.832E-08     8.395E-01  Aqueous 
  Ca++                 -10.030    -10.104     9.340E-11     7.866E-11     8.422E-01  Aqueous 
  Mg++                  -5.035     -5.108     9.228E-06     7.803E-06     8.456E-01  Aqueous 
  K+                    -5.000     -5.019     9.999E-06     9.563E-06     9.564E-01  Aqueous 
  Na+                   -3.000     -3.019     1.001E-03     9.577E-04     9.570E-01  Aqueous 
  OH-                   -5.980     -5.999     1.047E-06     1.002E-06     9.567E-01  Aqueous 
  HSO4-                 -9.359     -9.378     4.376E-10     4.189E-10     9.572E-01  Aqueous 
  CaSO4(aq)            -11.162    -11.161     6.894E-12     6.896E-12     1.000E+00  Aqueous 
  CaOH+                -14.867    -14.886     1.359E-15     1.302E-15     9.580E-01  Aqueous 
  CaHSO4+              -18.381    -18.401     4.159E-19     3.971E-19     9.548E-01  Aqueous 
  KSO4-                 -7.517     -7.536     3.043E-08     2.914E-08     9.577E-01  Aqueous 
  KOH(aq)              -11.481    -11.481     3.305E-12     3.306E-12     1.000E+00  Aqueous 
  MgSO4(aq)             -6.098     -6.098     7.985E-07     7.988E-07     1.000E+00  Aqueous 
  MgOH+                 -8.530     -8.549     2.948E-09     2.825E-09     9.582E-01  Aqueous 
  NaSO4-                -5.666     -5.685     2.157E-06     2.066E-06     9.577E-01  Aqueous 
  NaOH(aq)              -9.819     -9.819     1.518E-10     1.518E-10     1.000E+00  Aqueous 
  PbOH+                 -7.240     -7.259     5.754E-08     5.507E-08     9.570E-01  Aqueous 
  PbSO4(aq)             -8.164     -8.164     6.853E-09     6.855E-09     1.000E+00  Aqueous 
  Pb(OH)2(aq)           -8.671     -8.670     2.135E-09     2.136E-09     1.000E+00  Aqueous 
  Pb(SO4)2--           -10.730    -10.810     1.863E-11     1.548E-11     8.310E-01  Aqueous 
  Pb(OH)3-             -11.593    -11.612     2.555E-12     2.445E-12     9.570E-01  Aqueous 
  Pb2OH+++             -13.287    -13.457     5.164E-14     3.492E-14     6.763E-01  Aqueous 
  Pb(OH)4--            -15.173    -15.253     6.722E-16     5.586E-16     8.310E-01  Aqueous 
  ZnOH+                 -8.124     -8.144     7.509E-09     7.186E-09     9.570E-01  Aqueous 
  ZnSO4(aq)             -8.185     -8.185     6.530E-09     6.532E-09     1.000E+00  Aqueous 
  Zn(OH)2(aq)           -8.085     -8.085     8.219E-09     8.222E-09     1.000E+00  Aqueous 
  Zn(SO4)2--           -10.554    -10.635     2.790E-11     2.319E-11     8.310E-01  Aqueous 
  Zn(OH)3-             -11.567    -11.586     2.709E-12     2.592E-12     9.570E-01  Aqueous 
  Zn(OH)4--            -16.311    -16.388     4.885E-17     4.097E-17     8.386E-01  Aqueous 
 
  ****** Partial pressure of gases (bars) *****
 
 
  ***** Saturation state of minerals (log[Q/K] *****
 
 
 
  ***** Volum of minerals added or subtracted *****
 
 
 **************************************************************
 ------> GRID LOCATION:    74:  1:  1
 
  Temperature (C)    =     25.000
  Porosity           =      0.250
  Liquid Saturation  =      1.000
  Liquid Density     =    997.075
  Ionic Strength     =      0.002
  Solution pH        =      7.999
  Total Charge       = -1.219E-07
 
 Total Aqueous Concentrations of Primary Species 
 --------------------------------------- 
 
   Species              Molality       Type 
 H+                  -1.1250E-06     Aqueous      
 SO4--                5.1621E-04     Aqueous      
 Zn++                 1.0029E-07     Aqueous      
 Pb++                 1.0029E-07     Aqueous      
 Ca++                 1.0029E-10     Aqueous      
 Mg++                 1.0029E-05     Aqueous      
 K+                   1.0029E-05     Aqueous      
 Na+                  1.0029E-03     Aqueous      
 
 Exchangers           Equiv/kgw        Equiv/g solid    Equiv/m^3 bulk
 X-                   2.2055E-02       2.9320E-06       5.4975E+00
 Y-                   3.3082E-02       4.3980E-06       8.2462E+00
 
 Total Concentrations in Exchange Sites 
 -------------------------------------- 
 
 Exchangers           Equiv/kgw        Equiv/g solid    Equiv/m^3 bulk
 Zn++                 3.5564E-04       4.7280E-08       8.8650E-02
 Pb++                 3.2850E-04       4.3672E-08       8.1886E-02
 Ca++                 4.2582E-07       5.6610E-11       1.0614E-04
 Mg++                 2.3025E-02       3.0611E-06       5.7395E+00
 K+                   5.8644E-04       7.7963E-08       1.4618E-01
 Na+                  7.1302E-03       9.4792E-07       1.7773E+00
 
 Concentrations of Individual Species, Exchangers, and Surface Complexes 
 ----------------------------------------------------------------------- 
 
                           Log        Log                 Concentration     
 Species              Molality   Activity      Molality    Mol/m^3 blk  Type
  NaX                   -2.465     -0.809     3.427E-03     8.542E-01  Exchange
  NaY                   -2.431     -0.951     3.704E-03     9.232E-01  Exchange
  KX                    -3.766     -2.109     1.715E-04     4.275E-02  Exchange
  KY                    -3.382     -1.902     4.149E-04     1.034E-01  Exchange
  CaX2                  -6.841     -4.884     1.441E-07     3.591E-05  Exchange
  CaY2                  -6.550     -4.769     2.818E-07     7.024E-05  Exchange
  MgX2                  -2.045     -0.087     9.016E-03     2.247E+00  Exchange
  MgY2                  -1.854     -0.072     1.401E-02     3.492E+00  Exchange
  ZnX2                  -3.920     -1.962     1.203E-04     2.999E-02  Exchange
  ZnY2                  -3.628     -1.847     2.353E-04     5.866E-02  Exchange
  PbX2                  -4.039     -2.082     9.136E-05     2.277E-02  Exchange
  PbY2                  -3.625     -1.844     2.371E-04     5.911E-02  Exchange
                           Log        Log                                 Activity
 Species              Molality   Activity      Molality      Activity   Coefficient    Type
  H+                    -7.981     -7.999     1.045E-08     1.003E-08     9.594E-01  Aqueous 
  SO4--                 -3.290     -3.366     5.132E-04     4.304E-04     8.386E-01  Aqueous 
  Zn++                  -7.108     -7.182     7.801E-08     6.569E-08     8.422E-01  Aqueous 
  Pb++                  -7.472     -7.548     3.374E-08     2.832E-08     8.395E-01  Aqueous 
  Ca++                 -10.030    -10.104     9.340E-11     7.866E-11     8.422E-01  Aqueous 
  Mg++                  -5.035     -5.108     9.228E-06     7.803E-06     8.456E-01  Aqueous 
  K+                    -5.000     -5.019     9.999E-06     9.563E-06     9.564E-01  Aqueous 
  Na+                   -3.000     -3.019     1.001E-03     9.577E-04     9.570E-01  Aqueous 
  OH-                   -5.980     -5.999     1.047E-06     1.002E-06     9.567E-01  Aqueous 
  HSO4-                 -9.359     -9.378     4.376E-10     4.189E-10     9.572E-01  Aqueous 
  CaSO4(aq)            -11.162    -11.161     6.894E-12     6.896E-12     1.000E+00  Aqueous 
  CaOH+                -14.867    -14.886     1.359E-15     1.302E-15     9.580E-01  Aqueous 
  CaHSO4+              -18.381    -18.401     4.159E-19     3.971E-19     9.548E-01  Aqueous 
  KSO4-                 -7.517     -7.536     3.043E-08     2.914E-08     9.577E-01  Aqueous 
  KOH(aq)              -11.481    -11.481     3.305E-12     3.306E-12     1.000E+00  Aqueous 
  MgSO4(aq)             -6.098     -6.098     7.985E-07     7.988E-07     1.000E+00  Aqueous 
  MgOH+                 -8.530     -8.549     2.948E-09     2.825E-09     9.582E-01  Aqueous 
  NaSO4-                -5.666     -5.685     2.157E-06     2.066E-06     9.577E-01  Aqueous 
  NaOH(aq)              -9.819     -9.819     1.518E-10     1.518E-10     1.000E+00  Aqueous 
  PbOH+                 -7.240     -7.259     5.754E-08     5.507E-08     9.570E-01  Aqueous 
  PbSO4(aq)             -8.164     -8.164     6.853E-09     6.855E-09     1.000E+00  Aqueous 
  Pb(OH)2(aq)           -8.671     -8.670     2.135E-09     2.136E-09     1.000E+00  Aqueous 
  Pb(SO4)2--           -10.730    -10.810     1.863E-11     1.548E-11     8.310E-01  Aqueous 
  Pb(OH)3-             -11.593    -11.612     2.555E-12     2.445E-12     9.570E-01  Aqueous 
  Pb2OH+++             -13.287    -13.457     5.164E-14     3.492E-14     6.763E-01  Aqueous 
  Pb(OH)4--            -15.173    -15.253     6.722E-16     5.586E-16     8.310E-01  Aqueous 
  ZnOH+                 -8.124     -8.144     7.509E-09     7.186E-09     9.570E-01  Aqueous 
  ZnSO4(aq)             -8.185     -8.185     6.530E-09     6.532E-09     1.000E+00  Aqueous 
  Zn(OH)2(aq)           -8.085     -8.085     8.219E-09     8.222E-09     1.000E+00  Aqueous 
  Zn(SO4)2--           -10.554    -10.635     2.790E-11     2.319E-11     8.310E-01  Aqueous 
  Zn(OH)3-             -11.567    -11.586     2.709E-12     2.592E-12     9.570E-01  Aqueous 
  Zn(OH)4--            -16.311    -16.388     4.885E-17     4.097E-17     8.386E-01  Aqueous 
 
  ****** Partial pressure of gases (bars) *****
 
 
  ***** Saturation state of minerals (log[Q/K] *****
 
 
 
  ***** Volum of minerals added or subtracted *****
 
 
 **************************************************************
 ------> GRID LOCATION:    75:  1:  1
 
  Temperature (C)    =     25.000
  Porosity           =      0.250
  Liquid Saturation  =      1.000
  Liquid Density     =    997.075
  Ionic Strength     =      0.002
  Solution pH        =      7.999
  Total Charge       = -1.219E-07
 
 Total Aqueous Concentrations of Primary Species 
 --------------------------------------- 
 
   Species              Molality       Type 
 H+                  -1.1250E-06     Aqueous      
 SO4--                5.1621E-04     Aqueous      
 Zn++                 1.0029E-07     Aqueous      
 Pb++                 1.0029E-07     Aqueous      
 Ca++                 1.0029E-10     Aqueous      
 Mg++                 1.0029E-05     Aqueous      
 K+                   1.0029E-05     Aqueous      
 Na+                  1.0029E-03     Aqueous      
 
 Exchangers           Equiv/kgw        Equiv/g solid    Equiv/m^3 bulk
 X-                   2.2055E-02       2.9320E-06       5.4975E+00
 Y-                   3.3082E-02       4.3980E-06       8.2462E+00
 
 Total Concentrations in Exchange Sites 
 -------------------------------------- 
 
 Exchangers           Equiv/kgw        Equiv/g solid    Equiv/m^3 bulk
 Zn++                 3.5564E-04       4.7280E-08       8.8650E-02
 Pb++                 3.2850E-04       4.3672E-08       8.1886E-02
 Ca++                 4.2582E-07       5.6610E-11       1.0614E-04
 Mg++                 2.3025E-02       3.0611E-06       5.7395E+00
 K+                   5.8644E-04       7.7963E-08       1.4618E-01
 Na+                  7.1302E-03       9.4792E-07       1.7773E+00
 
 Concentrations of Individual Species, Exchangers, and Surface Complexes 
 ----------------------------------------------------------------------- 
 
                           Log        Log                 Concentration     
 Species              Molality   Activity      Molality    Mol/m^3 blk  Type
  NaX                   -2.465     -0.809     3.427E-03     8.542E-01  Exchange
  NaY                   -2.431     -0.951     3.704E-03     9.232E-01  Exchange
  KX                    -3.766     -2.109     1.715E-04     4.275E-02  Exchange
  KY                    -3.382     -1.902     4.149E-04     1.034E-01  Exchange
  CaX2                  -6.841     -4.884     1.441E-07     3.591E-05  Exchange
  CaY2                  -6.550     -4.769     2.818E-07     7.024E-05  Exchange
  MgX2                  -2.045     -0.087     9.016E-03     2.247E+00  Exchange
  MgY2                  -1.854     -0.072     1.401E-02     3.492E+00  Exchange
  ZnX2                  -3.920     -1.962     1.203E-04     2.999E-02  Exchange
  ZnY2                  -3.628     -1.847     2.353E-04     5.866E-02  Exchange
  PbX2                  -4.039     -2.082     9.136E-05     2.277E-02  Exchange
  PbY2                  -3.625     -1.844     2.371E-04     5.911E-02  Exchange
                           Log        Log                                 Activity
 Species              Molality   Activity      Molality      Activity   Coefficient    Type
  H+                    -7.981     -7.999     1.045E-08     1.003E-08     9.594E-01  Aqueous 
  SO4--                 -3.290     -3.366     5.132E-04     4.304E-04     8.386E-01  Aqueous 
  Zn++                  -7.108     -7.182     7.801E-08     6.569E-08     8.422E-01  Aqueous 
  Pb++                  -7.472     -7.548     3.374E-08     2.832E-08     8.395E-01  Aqueous 
  Ca++                 -10.030    -10.104     9.340E-11     7.866E-11     8.422E-01  Aqueous 
  Mg++                  -5.035     -5.108     9.228E-06     7.803E-06     8.456E-01  Aqueous 
  K+                    -5.000     -5.019     9.999E-06     9.563E-06     9.564E-01  Aqueous 
  Na+                   -3.000     -3.019     1.001E-03     9.577E-04     9.570E-01  Aqueous 
  OH-                   -5.980     -5.999     1.047E-06     1.002E-06     9.567E-01  Aqueous 
  HSO4-                 -9.359     -9.378     4.376E-10     4.189E-10     9.572E-01  Aqueous 
  CaSO4(aq)            -11.162    -11.161     6.894E-12     6.896E-12     1.000E+00  Aqueous 
  CaOH+                -14.867    -14.886     1.359E-15     1.302E-15     9.580E-01  Aqueous 
  CaHSO4+              -18.381    -18.401     4.159E-19     3.971E-19     9.548E-01  Aqueous 
  KSO4-                 -7.517     -7.536     3.043E-08     2.914E-08     9.577E-01  Aqueous 
  KOH(aq)              -11.481    -11.481     3.305E-12     3.306E-12     1.000E+00  Aqueous 
  MgSO4(aq)             -6.098     -6.098     7.985E-07     7.988E-07     1.000E+00  Aqueous 
  MgOH+                 -8.530     -8.549     2.948E-09     2.825E-09     9.582E-01  Aqueous 
  NaSO4-                -5.666     -5.685     2.157E-06     2.066E-06     9.577E-01  Aqueous 
  NaOH(aq)              -9.819     -9.819     1.518E-10     1.518E-10     1.000E+00  Aqueous 
  PbOH+                 -7.240     -7.259     5.754E-08     5.507E-08     9.570E-01  Aqueous 
  PbSO4(aq)             -8.164     -8.164     6.853E-09     6.855E-09     1.000E+00  Aqueous 
  Pb(OH)2(aq)           -8.671     -8.670     2.135E-09     2.136E-09     1.000E+00  Aqueous 
  Pb(SO4)2--           -10.730    -10.810     1.863E-11     1.548E-11     8.310E-01  Aqueous 
  Pb(OH)3-             -11.593    -11.612     2.555E-12     2.445E-12     9.570E-01  Aqueous 
  Pb2OH+++             -13.287    -13.457     5.164E-14     3.492E-14     6.763E-01  Aqueous 
  Pb(OH)4--            -15.173    -15.253     6.722E-16     5.586E-16     8.310E-01  Aqueous 
  ZnOH+                 -8.124     -8.144     7.509E-09     7.186E-09     9.570E-01  Aqueous 
  ZnSO4(aq)             -8.185     -8.185     6.530E-09     6.532E-09     1.000E+00  Aqueous 
  Zn(OH)2(aq)           -8.085     -8.085     8.219E-09     8.222E-09     1.000E+00  Aqueous 
  Zn(SO4)2--           -10.554    -10.635     2.790E-11     2.319E-11     8.310E-01  Aqueous 
  Zn(OH)3-             -11.567    -11.586     2.709E-12     2.592E-12     9.570E-01  Aqueous 
  Zn(OH)4--            -16.311    -16.388     4.885E-17     4.097E-17     8.386E-01  Aqueous 
 
  ****** Partial pressure of gases (bars) *****
 
 
  ***** Saturation state of minerals (log[Q/K] *****
 
 
 
  ***** Volum of minerals added or subtracted *****
 
 
 **************************************************************
 ------> GRID LOCATION:    76:  1:  1
 
  Temperature (C)    =     25.000
  Porosity           =      0.250
  Liquid Saturation  =      1.000
  Liquid Density     =    997.075
  Ionic Strength     =      0.002
  Solution pH        =      7.999
  Total Charge       = -1.219E-07
 
 Total Aqueous Concentrations of Primary Species 
 --------------------------------------- 
 
   Species              Molality       Type 
 H+                  -1.1250E-06     Aqueous      
 SO4--                5.1621E-04     Aqueous      
 Zn++                 1.0029E-07     Aqueous      
 Pb++                 1.0029E-07     Aqueous      
 Ca++                 1.0029E-10     Aqueous      
 Mg++                 1.0029E-05     Aqueous      
 K+                   1.0029E-05     Aqueous      
 Na+                  1.0029E-03     Aqueous      
 
 Exchangers           Equiv/kgw        Equiv/g solid    Equiv/m^3 bulk
 X-                   2.2055E-02       2.9320E-06       5.4975E+00
 Y-                   3.3082E-02       4.3980E-06       8.2462E+00
 
 Total Concentrations in Exchange Sites 
 -------------------------------------- 
 
 Exchangers           Equiv/kgw        Equiv/g solid    Equiv/m^3 bulk
 Zn++                 3.5564E-04       4.7280E-08       8.8650E-02
 Pb++                 3.2850E-04       4.3672E-08       8.1886E-02
 Ca++                 4.2582E-07       5.6610E-11       1.0614E-04
 Mg++                 2.3025E-02       3.0611E-06       5.7395E+00
 K+                   5.8644E-04       7.7963E-08       1.4618E-01
 Na+                  7.1302E-03       9.4792E-07       1.7773E+00
 
 Concentrations of Individual Species, Exchangers, and Surface Complexes 
 ----------------------------------------------------------------------- 
 
                           Log        Log                 Concentration     
 Species              Molality   Activity      Molality    Mol/m^3 blk  Type
  NaX                   -2.465     -0.809     3.427E-03     8.542E-01  Exchange
  NaY                   -2.431     -0.951     3.704E-03     9.232E-01  Exchange
  KX                    -3.766     -2.109     1.715E-04     4.275E-02  Exchange
  KY                    -3.382     -1.902     4.149E-04     1.034E-01  Exchange
  CaX2                  -6.841     -4.884     1.441E-07     3.591E-05  Exchange
  CaY2                  -6.550     -4.769     2.818E-07     7.024E-05  Exchange
  MgX2                  -2.045     -0.087     9.016E-03     2.247E+00  Exchange
  MgY2                  -1.854     -0.072     1.401E-02     3.492E+00  Exchange
  ZnX2                  -3.920     -1.962     1.203E-04     2.999E-02  Exchange
  ZnY2                  -3.628     -1.847     2.353E-04     5.866E-02  Exchange
  PbX2                  -4.039     -2.082     9.136E-05     2.277E-02  Exchange
  PbY2                  -3.625     -1.844     2.371E-04     5.911E-02  Exchange
                           Log        Log                                 Activity
 Species              Molality   Activity      Molality      Activity   Coefficient    Type
  H+                    -7.981     -7.999     1.045E-08     1.003E-08     9.594E-01  Aqueous 
  SO4--                 -3.290     -3.366     5.132E-04     4.304E-04     8.386E-01  Aqueous 
  Zn++                  -7.108     -7.182     7.801E-08     6.569E-08     8.422E-01  Aqueous 
  Pb++                  -7.472     -7.548     3.374E-08     2.832E-08     8.395E-01  Aqueous 
  Ca++                 -10.030    -10.104     9.340E-11     7.866E-11     8.422E-01  Aqueous 
  Mg++                  -5.035     -5.108     9.228E-06     7.803E-06     8.456E-01  Aqueous 
  K+                    -5.000     -5.019     9.999E-06     9.563E-06     9.564E-01  Aqueous 
  Na+                   -3.000     -3.019     1.001E-03     9.577E-04     9.570E-01  Aqueous 
  OH-                   -5.980     -5.999     1.047E-06     1.002E-06     9.567E-01  Aqueous 
  HSO4-                 -9.359     -9.378     4.376E-10     4.189E-10     9.572E-01  Aqueous 
  CaSO4(aq)            -11.162    -11.161     6.894E-12     6.896E-12     1.000E+00  Aqueous 
  CaOH+                -14.867    -14.886     1.359E-15     1.302E-15     9.580E-01  Aqueous 
  CaHSO4+              -18.381    -18.401     4.159E-19     3.971E-19     9.548E-01  Aqueous 
  KSO4-                 -7.517     -7.536     3.043E-08     2.914E-08     9.577E-01  Aqueous 
  KOH(aq)              -11.481    -11.481     3.305E-12     3.306E-12     1.000E+00  Aqueous 
  MgSO4(aq)             -6.098     -6.098     7.985E-07     7.988E-07     1.000E+00  Aqueous 
  MgOH+                 -8.530     -8.549     2.948E-09     2.825E-09     9.582E-01  Aqueous 
  NaSO4-                -5.666     -5.685     2.157E-06     2.066E-06     9.577E-01  Aqueous 
  NaOH(aq)              -9.819     -9.819     1.518E-10     1.518E-10     1.000E+00  Aqueous 
  PbOH+                 -7.240     -7.259     5.754E-08     5.507E-08     9.570E-01  Aqueous 
  PbSO4(aq)             -8.164     -8.164     6.853E-09     6.855E-09     1.000E+00  Aqueous 
  Pb(OH)2(aq)           -8.671     -8.670     2.135E-09     2.136E-09     1.000E+00  Aqueous 
  Pb(SO4)2--           -10.730    -10.810     1.863E-11     1.548E-11     8.310E-01  Aqueous 
  Pb(OH)3-             -11.593    -11.612     2.555E-12     2.445E-12     9.570E-01  Aqueous 
  Pb2OH+++             -13.287    -13.457     5.164E-14     3.492E-14     6.763E-01  Aqueous 
  Pb(OH)4--            -15.173    -15.253     6.722E-16     5.586E-16     8.310E-01  Aqueous 
  ZnOH+                 -8.124     -8.144     7.509E-09     7.186E-09     9.570E-01  Aqueous 
  ZnSO4(aq)             -8.185     -8.185     6.530E-09     6.532E-09     1.000E+00  Aqueous 
  Zn(OH)2(aq)           -8.085     -8.085     8.219E-09     8.222E-09     1.000E+00  Aqueous 
  Zn(SO4)2--           -10.554    -10.635     2.790E-11     2.319E-11     8.310E-01  Aqueous 
  Zn(OH)3-             -11.567    -11.586     2.709E-12     2.592E-12     9.570E-01  Aqueous 
  Zn(OH)4--            -16.311    -16.388     4.885E-17     4.097E-17     8.386E-01  Aqueous 
 
  ****** Partial pressure of gases (bars) *****
 
 
  ***** Saturation state of minerals (log[Q/K] *****
 
 
 
  ***** Volum of minerals added or subtracted *****
 
 
 **************************************************************
 ------> GRID LOCATION:    77:  1:  1
 
  Temperature (C)    =     25.000
  Porosity           =      0.250
  Liquid Saturation  =      1.000
  Liquid Density     =    997.075
  Ionic Strength     =      0.002
  Solution pH        =      7.999
  Total Charge       = -1.219E-07
 
 Total Aqueous Concentrations of Primary Species 
 --------------------------------------- 
 
   Species              Molality       Type 
 H+                  -1.1250E-06     Aqueous      
 SO4--                5.1621E-04     Aqueous      
 Zn++                 1.0029E-07     Aqueous      
 Pb++                 1.0029E-07     Aqueous      
 Ca++                 1.0029E-10     Aqueous      
 Mg++                 1.0029E-05     Aqueous      
 K+                   1.0029E-05     Aqueous      
 Na+                  1.0029E-03     Aqueous      
 
 Exchangers           Equiv/kgw        Equiv/g solid    Equiv/m^3 bulk
 X-                   2.2055E-02       2.9320E-06       5.4975E+00
 Y-                   3.3082E-02       4.3980E-06       8.2462E+00
 
 Total Concentrations in Exchange Sites 
 -------------------------------------- 
 
 Exchangers           Equiv/kgw        Equiv/g solid    Equiv/m^3 bulk
 Zn++                 3.5564E-04       4.7280E-08       8.8650E-02
 Pb++                 3.2850E-04       4.3672E-08       8.1886E-02
 Ca++                 4.2582E-07       5.6610E-11       1.0614E-04
 Mg++                 2.3025E-02       3.0611E-06       5.7395E+00
 K+                   5.8644E-04       7.7963E-08       1.4618E-01
 Na+                  7.1302E-03       9.4792E-07       1.7773E+00
 
 Concentrations of Individual Species, Exchangers, and Surface Complexes 
 ----------------------------------------------------------------------- 
 
                           Log        Log                 Concentration     
 Species              Molality   Activity      Molality    Mol/m^3 blk  Type
  NaX                   -2.465     -0.809     3.427E-03     8.542E-01  Exchange
  NaY                   -2.431     -0.951     3.704E-03     9.232E-01  Exchange
  KX                    -3.766     -2.109     1.715E-04     4.275E-02  Exchange
  KY                    -3.382     -1.902     4.149E-04     1.034E-01  Exchange
  CaX2                  -6.841     -4.884     1.441E-07     3.591E-05  Exchange
  CaY2                  -6.550     -4.769     2.818E-07     7.024E-05  Exchange
  MgX2                  -2.045     -0.087     9.016E-03     2.247E+00  Exchange
  MgY2                  -1.854     -0.072     1.401E-02     3.492E+00  Exchange
  ZnX2                  -3.920     -1.962     1.203E-04     2.999E-02  Exchange
  ZnY2                  -3.628     -1.847     2.353E-04     5.866E-02  Exchange
  PbX2                  -4.039     -2.082     9.136E-05     2.277E-02  Exchange
  PbY2                  -3.625     -1.844     2.371E-04     5.911E-02  Exchange
                           Log        Log                                 Activity
 Species              Molality   Activity      Molality      Activity   Coefficient    Type
  H+                    -7.981     -7.999     1.045E-08     1.003E-08     9.594E-01  Aqueous 
  SO4--                 -3.290     -3.366     5.132E-04     4.304E-04     8.386E-01  Aqueous 
  Zn++                  -7.108     -7.182     7.801E-08     6.569E-08     8.422E-01  Aqueous 
  Pb++                  -7.472     -7.548     3.374E-08     2.832E-08     8.395E-01  Aqueous 
  Ca++                 -10.030    -10.104     9.340E-11     7.866E-11     8.422E-01  Aqueous 
  Mg++                  -5.035     -5.108     9.228E-06     7.803E-06     8.456E-01  Aqueous 
  K+                    -5.000     -5.019     9.999E-06     9.563E-06     9.564E-01  Aqueous 
  Na+                   -3.000     -3.019     1.001E-03     9.577E-04     9.570E-01  Aqueous 
  OH-                   -5.980     -5.999     1.047E-06     1.002E-06     9.567E-01  Aqueous 
  HSO4-                 -9.359     -9.378     4.376E-10     4.189E-10     9.572E-01  Aqueous 
  CaSO4(aq)            -11.162    -11.161     6.894E-12     6.896E-12     1.000E+00  Aqueous 
  CaOH+                -14.867    -14.886     1.359E-15     1.302E-15     9.580E-01  Aqueous 
  CaHSO4+              -18.381    -18.401     4.159E-19     3.971E-19     9.548E-01  Aqueous 
  KSO4-                 -7.517     -7.536     3.043E-08     2.914E-08     9.577E-01  Aqueous 
  KOH(aq)              -11.481    -11.481     3.305E-12     3.306E-12     1.000E+00  Aqueous 
  MgSO4(aq)             -6.098     -6.098     7.985E-07     7.988E-07     1.000E+00  Aqueous 
  MgOH+                 -8.530     -8.549     2.948E-09     2.825E-09     9.582E-01  Aqueous 
  NaSO4-                -5.666     -5.685     2.157E-06     2.066E-06     9.577E-01  Aqueous 
  NaOH(aq)              -9.819     -9.819     1.518E-10     1.518E-10     1.000E+00  Aqueous 
  PbOH+                 -7.240     -7.259     5.754E-08     5.507E-08     9.570E-01  Aqueous 
  PbSO4(aq)             -8.164     -8.164     6.853E-09     6.855E-09     1.000E+00  Aqueous 
  Pb(OH)2(aq)           -8.671     -8.670     2.135E-09     2.136E-09     1.000E+00  Aqueous 
  Pb(SO4)2--           -10.730    -10.810     1.863E-11     1.548E-11     8.310E-01  Aqueous 
  Pb(OH)3-             -11.593    -11.612     2.555E-12     2.445E-12     9.570E-01  Aqueous 
  Pb2OH+++             -13.287    -13.457     5.164E-14     3.492E-14     6.763E-01  Aqueous 
  Pb(OH)4--            -15.173    -15.253     6.722E-16     5.586E-16     8.310E-01  Aqueous 
  ZnOH+                 -8.124     -8.144     7.509E-09     7.186E-09     9.570E-01  Aqueous 
  ZnSO4(aq)             -8.185     -8.185     6.530E-09     6.532E-09     1.000E+00  Aqueous 
  Zn(OH)2(aq)           -8.085     -8.085     8.219E-09     8.222E-09     1.000E+00  Aqueous 
  Zn(SO4)2--           -10.554    -10.635     2.790E-11     2.319E-11     8.310E-01  Aqueous 
  Zn(OH)3-             -11.567    -11.586     2.709E-12     2.592E-12     9.570E-01  Aqueous 
  Zn(OH)4--            -16.311    -16.388     4.885E-17     4.097E-17     8.386E-01  Aqueous 
 
  ****** Partial pressure of gases (bars) *****
 
 
  ***** Saturation state of minerals (log[Q/K] *****
 
 
 
  ***** Volum of minerals added or subtracted *****
 
 
 **************************************************************
 ------> GRID LOCATION:    78:  1:  1
 
  Temperature (C)    =     25.000
  Porosity           =      0.250
  Liquid Saturation  =      1.000
  Liquid Density     =    997.075
  Ionic Strength     =      0.002
  Solution pH        =      7.999
  Total Charge       = -1.219E-07
 
 Total Aqueous Concentrations of Primary Species 
 --------------------------------------- 
 
   Species              Molality       Type 
 H+                  -1.1250E-06     Aqueous      
 SO4--                5.1621E-04     Aqueous      
 Zn++                 1.0029E-07     Aqueous      
 Pb++                 1.0029E-07     Aqueous      
 Ca++                 1.0029E-10     Aqueous      
 Mg++                 1.0029E-05     Aqueous      
 K+                   1.0029E-05     Aqueous      
 Na+                  1.0029E-03     Aqueous      
 
 Exchangers           Equiv/kgw        Equiv/g solid    Equiv/m^3 bulk
 X-                   2.2055E-02       2.9320E-06       5.4975E+00
 Y-                   3.3082E-02       4.3980E-06       8.2462E+00
 
 Total Concentrations in Exchange Sites 
 -------------------------------------- 
 
 Exchangers           Equiv/kgw        Equiv/g solid    Equiv/m^3 bulk
 Zn++                 3.5564E-04       4.7280E-08       8.8650E-02
 Pb++                 3.2850E-04       4.3672E-08       8.1886E-02
 Ca++                 4.2582E-07       5.6610E-11       1.0614E-04
 Mg++                 2.3025E-02       3.0611E-06       5.7395E+00
 K+                   5.8644E-04       7.7963E-08       1.4618E-01
 Na+                  7.1302E-03       9.4792E-07       1.7773E+00
 
 Concentrations of Individual Species, Exchangers, and Surface Complexes 
 ----------------------------------------------------------------------- 
 
                           Log        Log                 Concentration     
 Species              Molality   Activity      Molality    Mol/m^3 blk  Type
  NaX                   -2.465     -0.809     3.427E-03     8.542E-01  Exchange
  NaY                   -2.431     -0.951     3.704E-03     9.232E-01  Exchange
  KX                    -3.766     -2.109     1.715E-04     4.275E-02  Exchange
  KY                    -3.382     -1.902     4.149E-04     1.034E-01  Exchange
  CaX2                  -6.841     -4.884     1.441E-07     3.591E-05  Exchange
  CaY2                  -6.550     -4.769     2.818E-07     7.024E-05  Exchange
  MgX2                  -2.045     -0.087     9.016E-03     2.247E+00  Exchange
  MgY2                  -1.854     -0.072     1.401E-02     3.492E+00  Exchange
  ZnX2                  -3.920     -1.962     1.203E-04     2.999E-02  Exchange
  ZnY2                  -3.628     -1.847     2.353E-04     5.866E-02  Exchange
  PbX2                  -4.039     -2.082     9.136E-05     2.277E-02  Exchange
  PbY2                  -3.625     -1.844     2.371E-04     5.911E-02  Exchange
                           Log        Log                                 Activity
 Species              Molality   Activity      Molality      Activity   Coefficient    Type
  H+                    -7.981     -7.999     1.045E-08     1.003E-08     9.594E-01  Aqueous 
  SO4--                 -3.290     -3.366     5.132E-04     4.304E-04     8.386E-01  Aqueous 
  Zn++                  -7.108     -7.182     7.801E-08     6.569E-08     8.422E-01  Aqueous 
  Pb++                  -7.472     -7.548     3.374E-08     2.832E-08     8.395E-01  Aqueous 
  Ca++                 -10.030    -10.104     9.340E-11     7.866E-11     8.422E-01  Aqueous 
  Mg++                  -5.035     -5.108     9.228E-06     7.803E-06     8.456E-01  Aqueous 
  K+                    -5.000     -5.019     9.999E-06     9.563E-06     9.564E-01  Aqueous 
  Na+                   -3.000     -3.019     1.001E-03     9.577E-04     9.570E-01  Aqueous 
  OH-                   -5.980     -5.999     1.047E-06     1.002E-06     9.567E-01  Aqueous 
  HSO4-                 -9.359     -9.378     4.376E-10     4.189E-10     9.572E-01  Aqueous 
  CaSO4(aq)            -11.162    -11.161     6.894E-12     6.896E-12     1.000E+00  Aqueous 
  CaOH+                -14.867    -14.886     1.359E-15     1.302E-15     9.580E-01  Aqueous 
  CaHSO4+              -18.381    -18.401     4.159E-19     3.971E-19     9.548E-01  Aqueous 
  KSO4-                 -7.517     -7.536     3.043E-08     2.914E-08     9.577E-01  Aqueous 
  KOH(aq)              -11.481    -11.481     3.305E-12     3.306E-12     1.000E+00  Aqueous 
  MgSO4(aq)             -6.098     -6.098     7.985E-07     7.988E-07     1.000E+00  Aqueous 
  MgOH+                 -8.530     -8.549     2.948E-09     2.825E-09     9.582E-01  Aqueous 
  NaSO4-                -5.666     -5.685     2.157E-06     2.066E-06     9.577E-01  Aqueous 
  NaOH(aq)              -9.819     -9.819     1.518E-10     1.518E-10     1.000E+00  Aqueous 
  PbOH+                 -7.240     -7.259     5.754E-08     5.507E-08     9.570E-01  Aqueous 
  PbSO4(aq)             -8.164     -8.164     6.853E-09     6.855E-09     1.000E+00  Aqueous 
  Pb(OH)2(aq)           -8.671     -8.670     2.135E-09     2.136E-09     1.000E+00  Aqueous 
  Pb(SO4)2--           -10.730    -10.810     1.863E-11     1.548E-11     8.310E-01  Aqueous 
  Pb(OH)3-             -11.593    -11.612     2.555E-12     2.445E-12     9.570E-01  Aqueous 
  Pb2OH+++             -13.287    -13.457     5.164E-14     3.492E-14     6.763E-01  Aqueous 
  Pb(OH)4--            -15.173    -15.253     6.722E-16     5.586E-16     8.310E-01  Aqueous 
  ZnOH+                 -8.124     -8.144     7.509E-09     7.186E-09     9.570E-01  Aqueous 
  ZnSO4(aq)             -8.185     -8.185     6.530E-09     6.532E-09     1.000E+00  Aqueous 
  Zn(OH)2(aq)           -8.085     -8.085     8.219E-09     8.222E-09     1.000E+00  Aqueous 
  Zn(SO4)2--           -10.554    -10.635     2.790E-11     2.319E-11     8.310E-01  Aqueous 
  Zn(OH)3-             -11.567    -11.586     2.709E-12     2.592E-12     9.570E-01  Aqueous 
  Zn(OH)4--            -16.311    -16.388     4.885E-17     4.097E-17     8.386E-01  Aqueous 
 
  ****** Partial pressure of gases (bars) *****
 
 
  ***** Saturation state of minerals (log[Q/K] *****
 
 
 
  ***** Volum of minerals added or subtracted *****
 
 
 **************************************************************
 ------> GRID LOCATION:    79:  1:  1
 
  Temperature (C)    =     25.000
  Porosity           =      0.250
  Liquid Saturation  =      1.000
  Liquid Density     =    997.075
  Ionic Strength     =      0.002
  Solution pH        =      7.999
  Total Charge       = -1.219E-07
 
 Total Aqueous Concentrations of Primary Species 
 --------------------------------------- 
 
   Species              Molality       Type 
 H+                  -1.1250E-06     Aqueous      
 SO4--                5.1621E-04     Aqueous      
 Zn++                 1.0029E-07     Aqueous      
 Pb++                 1.0029E-07     Aqueous      
 Ca++                 1.0029E-10     Aqueous      
 Mg++                 1.0029E-05     Aqueous      
 K+                   1.0029E-05     Aqueous      
 Na+                  1.0029E-03     Aqueous      
 
 Exchangers           Equiv/kgw        Equiv/g solid    Equiv/m^3 bulk
 X-                   2.2055E-02       2.9320E-06       5.4975E+00
 Y-                   3.3082E-02       4.3980E-06       8.2462E+00
 
 Total Concentrations in Exchange Sites 
 -------------------------------------- 
 
 Exchangers           Equiv/kgw        Equiv/g solid    Equiv/m^3 bulk
 Zn++                 3.5564E-04       4.7280E-08       8.8650E-02
 Pb++                 3.2850E-04       4.3672E-08       8.1886E-02
 Ca++                 4.2582E-07       5.6610E-11       1.0614E-04
 Mg++                 2.3025E-02       3.0611E-06       5.7395E+00
 K+                   5.8644E-04       7.7963E-08       1.4618E-01
 Na+                  7.1302E-03       9.4792E-07       1.7773E+00
 
 Concentrations of Individual Species, Exchangers, and Surface Complexes 
 ----------------------------------------------------------------------- 
 
                           Log        Log                 Concentration     
 Species              Molality   Activity      Molality    Mol/m^3 blk  Type
  NaX                   -2.465     -0.809     3.427E-03     8.542E-01  Exchange
  NaY                   -2.431     -0.951     3.704E-03     9.232E-01  Exchange
  KX                    -3.766     -2.109     1.715E-04     4.275E-02  Exchange
  KY                    -3.382     -1.902     4.149E-04     1.034E-01  Exchange
  CaX2                  -6.841     -4.884     1.441E-07     3.591E-05  Exchange
  CaY2                  -6.550     -4.769     2.818E-07     7.024E-05  Exchange
  MgX2                  -2.045     -0.087     9.016E-03     2.247E+00  Exchange
  MgY2                  -1.854     -0.072     1.401E-02     3.492E+00  Exchange
  ZnX2                  -3.920     -1.962     1.203E-04     2.999E-02  Exchange
  ZnY2                  -3.628     -1.847     2.353E-04     5.866E-02  Exchange
  PbX2                  -4.039     -2.082     9.136E-05     2.277E-02  Exchange
  PbY2                  -3.625     -1.844     2.371E-04     5.911E-02  Exchange
                           Log        Log                                 Activity
 Species              Molality   Activity      Molality      Activity   Coefficient    Type
  H+                    -7.981     -7.999     1.045E-08     1.003E-08     9.594E-01  Aqueous 
  SO4--                 -3.290     -3.366     5.132E-04     4.304E-04     8.386E-01  Aqueous 
  Zn++                  -7.108     -7.182     7.801E-08     6.569E-08     8.422E-01  Aqueous 
  Pb++                  -7.472     -7.548     3.374E-08     2.832E-08     8.395E-01  Aqueous 
  Ca++                 -10.030    -10.104     9.340E-11     7.866E-11     8.422E-01  Aqueous 
  Mg++                  -5.035     -5.108     9.228E-06     7.803E-06     8.456E-01  Aqueous 
  K+                    -5.000     -5.019     9.999E-06     9.563E-06     9.564E-01  Aqueous 
  Na+                   -3.000     -3.019     1.001E-03     9.577E-04     9.570E-01  Aqueous 
  OH-                   -5.980     -5.999     1.047E-06     1.002E-06     9.567E-01  Aqueous 
  HSO4-                 -9.359     -9.378     4.376E-10     4.189E-10     9.572E-01  Aqueous 
  CaSO4(aq)            -11.162    -11.161     6.894E-12     6.896E-12     1.000E+00  Aqueous 
  CaOH+                -14.867    -14.886     1.359E-15     1.302E-15     9.580E-01  Aqueous 
  CaHSO4+              -18.381    -18.401     4.159E-19     3.971E-19     9.548E-01  Aqueous 
  KSO4-                 -7.517     -7.536     3.043E-08     2.914E-08     9.577E-01  Aqueous 
  KOH(aq)              -11.481    -11.481     3.305E-12     3.306E-12     1.000E+00  Aqueous 
  MgSO4(aq)             -6.098     -6.098     7.985E-07     7.988E-07     1.000E+00  Aqueous 
  MgOH+                 -8.530     -8.549     2.948E-09     2.825E-09     9.582E-01  Aqueous 
  NaSO4-                -5.666     -5.685     2.157E-06     2.066E-06     9.577E-01  Aqueous 
  NaOH(aq)              -9.819     -9.819     1.518E-10     1.518E-10     1.000E+00  Aqueous 
  PbOH+                 -7.240     -7.259     5.754E-08     5.507E-08     9.570E-01  Aqueous 
  PbSO4(aq)             -8.164     -8.164     6.853E-09     6.855E-09     1.000E+00  Aqueous 
  Pb(OH)2(aq)           -8.671     -8.670     2.135E-09     2.136E-09     1.000E+00  Aqueous 
  Pb(SO4)2--           -10.730    -10.810     1.863E-11     1.548E-11     8.310E-01  Aqueous 
  Pb(OH)3-             -11.593    -11.612     2.555E-12     2.445E-12     9.570E-01  Aqueous 
  Pb2OH+++             -13.287    -13.457     5.164E-14     3.492E-14     6.763E-01  Aqueous 
  Pb(OH)4--            -15.173    -15.253     6.722E-16     5.586E-16     8.310E-01  Aqueous 
  ZnOH+                 -8.124     -8.144     7.509E-09     7.186E-09     9.570E-01  Aqueous 
  ZnSO4(aq)             -8.185     -8.185     6.530E-09     6.532E-09     1.000E+00  Aqueous 
  Zn(OH)2(aq)           -8.085     -8.085     8.219E-09     8.222E-09     1.000E+00  Aqueous 
  Zn(SO4)2--           -10.554    -10.635     2.790E-11     2.319E-11     8.310E-01  Aqueous 
  Zn(OH)3-             -11.567    -11.586     2.709E-12     2.592E-12     9.570E-01  Aqueous 
  Zn(OH)4--            -16.311    -16.388     4.885E-17     4.097E-17     8.386E-01  Aqueous 
 
  ****** Partial pressure of gases (bars) *****
 
 
  ***** Saturation state of minerals (log[Q/K] *****
 
 
 
  ***** Volum of minerals added or subtracted *****
 
 
 **************************************************************
 ------> GRID LOCATION:    80:  1:  1
 
  Temperature (C)    =     25.000
  Porosity           =      0.250
  Liquid Saturation  =      1.000
  Liquid Density     =    997.075
  Ionic Strength     =      0.002
  Solution pH        =      7.999
  Total Charge       = -1.219E-07
 
 Total Aqueous Concentrations of Primary Species 
 --------------------------------------- 
 
   Species              Molality       Type 
 H+                  -1.1250E-06     Aqueous      
 SO4--                5.1621E-04     Aqueous      
 Zn++                 1.0029E-07     Aqueous      
 Pb++                 1.0029E-07     Aqueous      
 Ca++                 1.0029E-10     Aqueous      
 Mg++                 1.0029E-05     Aqueous      
 K+                   1.0029E-05     Aqueous      
 Na+                  1.0029E-03     Aqueous      
 
 Exchangers           Equiv/kgw        Equiv/g solid    Equiv/m^3 bulk
 X-                   2.2055E-02       2.9320E-06       5.4975E+00
 Y-                   3.3082E-02       4.3980E-06       8.2462E+00
 
 Total Concentrations in Exchange Sites 
 -------------------------------------- 
 
 Exchangers           Equiv/kgw        Equiv/g solid    Equiv/m^3 bulk
 Zn++                 3.5564E-04       4.7280E-08       8.8650E-02
 Pb++                 3.2850E-04       4.3672E-08       8.1886E-02
 Ca++                 4.2582E-07       5.6610E-11       1.0614E-04
 Mg++                 2.3025E-02       3.0611E-06       5.7395E+00
 K+                   5.8644E-04       7.7963E-08       1.4618E-01
 Na+                  7.1302E-03       9.4792E-07       1.7773E+00
 
 Concentrations of Individual Species, Exchangers, and Surface Complexes 
 ----------------------------------------------------------------------- 
 
                           Log        Log                 Concentration     
 Species              Molality   Activity      Molality    Mol/m^3 blk  Type
  NaX                   -2.465     -0.809     3.427E-03     8.542E-01  Exchange
  NaY                   -2.431     -0.951     3.704E-03     9.232E-01  Exchange
  KX                    -3.766     -2.109     1.715E-04     4.275E-02  Exchange
  KY                    -3.382     -1.902     4.149E-04     1.034E-01  Exchange
  CaX2                  -6.841     -4.884     1.441E-07     3.591E-05  Exchange
  CaY2                  -6.550     -4.769     2.818E-07     7.024E-05  Exchange
  MgX2                  -2.045     -0.087     9.016E-03     2.247E+00  Exchange
  MgY2                  -1.854     -0.072     1.401E-02     3.492E+00  Exchange
  ZnX2                  -3.920     -1.962     1.203E-04     2.999E-02  Exchange
  ZnY2                  -3.628     -1.847     2.353E-04     5.866E-02  Exchange
  PbX2                  -4.039     -2.082     9.136E-05     2.277E-02  Exchange
  PbY2                  -3.625     -1.844     2.371E-04     5.911E-02  Exchange
                           Log        Log                                 Activity
 Species              Molality   Activity      Molality      Activity   Coefficient    Type
  H+                    -7.981     -7.999     1.045E-08     1.003E-08     9.594E-01  Aqueous 
  SO4--                 -3.290     -3.366     5.132E-04     4.304E-04     8.386E-01  Aqueous 
  Zn++                  -7.108     -7.182     7.801E-08     6.569E-08     8.422E-01  Aqueous 
  Pb++                  -7.472     -7.548     3.374E-08     2.832E-08     8.395E-01  Aqueous 
  Ca++                 -10.030    -10.104     9.340E-11     7.866E-11     8.422E-01  Aqueous 
  Mg++                  -5.035     -5.108     9.228E-06     7.803E-06     8.456E-01  Aqueous 
  K+                    -5.000     -5.019     9.999E-06     9.563E-06     9.564E-01  Aqueous 
  Na+                   -3.000     -3.019     1.001E-03     9.577E-04     9.570E-01  Aqueous 
  OH-                   -5.980     -5.999     1.047E-06     1.002E-06     9.567E-01  Aqueous 
  HSO4-                 -9.359     -9.378     4.376E-10     4.189E-10     9.572E-01  Aqueous 
  CaSO4(aq)            -11.162    -11.161     6.894E-12     6.896E-12     1.000E+00  Aqueous 
  CaOH+                -14.867    -14.886     1.359E-15     1.302E-15     9.580E-01  Aqueous 
  CaHSO4+              -18.381    -18.401     4.159E-19     3.971E-19     9.548E-01  Aqueous 
  KSO4-                 -7.517     -7.536     3.043E-08     2.914E-08     9.577E-01  Aqueous 
  KOH(aq)              -11.481    -11.481     3.305E-12     3.306E-12     1.000E+00  Aqueous 
  MgSO4(aq)             -6.098     -6.098     7.985E-07     7.988E-07     1.000E+00  Aqueous 
  MgOH+                 -8.530     -8.549     2.948E-09     2.825E-09     9.582E-01  Aqueous 
  NaSO4-                -5.666     -5.685     2.157E-06     2.066E-06     9.577E-01  Aqueous 
  NaOH(aq)              -9.819     -9.819     1.518E-10     1.518E-10     1.000E+00  Aqueous 
  PbOH+                 -7.240     -7.259     5.754E-08     5.507E-08     9.570E-01  Aqueous 
  PbSO4(aq)             -8.164     -8.164     6.853E-09     6.855E-09     1.000E+00  Aqueous 
  Pb(OH)2(aq)           -8.671     -8.670     2.135E-09     2.136E-09     1.000E+00  Aqueous 
  Pb(SO4)2--           -10.730    -10.810     1.863E-11     1.548E-11     8.310E-01  Aqueous 
  Pb(OH)3-             -11.593    -11.612     2.555E-12     2.445E-12     9.570E-01  Aqueous 
  Pb2OH+++             -13.287    -13.457     5.164E-14     3.492E-14     6.763E-01  Aqueous 
  Pb(OH)4--            -15.173    -15.253     6.722E-16     5.586E-16     8.310E-01  Aqueous 
  ZnOH+                 -8.124     -8.144     7.509E-09     7.186E-09     9.570E-01  Aqueous 
  ZnSO4(aq)             -8.185     -8.185     6.530E-09     6.532E-09     1.000E+00  Aqueous 
  Zn(OH)2(aq)           -8.085     -8.085     8.219E-09     8.222E-09     1.000E+00  Aqueous 
  Zn(SO4)2--           -10.554    -10.635     2.790E-11     2.319E-11     8.310E-01  Aqueous 
  Zn(OH)3-             -11.567    -11.586     2.709E-12     2.592E-12     9.570E-01  Aqueous 
  Zn(OH)4--            -16.311    -16.388     4.885E-17     4.097E-17     8.386E-01  Aqueous 
 
  ****** Partial pressure of gases (bars) *****
 
 
  ***** Saturation state of minerals (log[Q/K] *****
 
 
 
  ***** Volum of minerals added or subtracted *****
 
 
 **************************************************************
 ------> GRID LOCATION:    81:  1:  1
 
  Temperature (C)    =     25.000
  Porosity           =      0.250
  Liquid Saturation  =      1.000
  Liquid Density     =    997.075
  Ionic Strength     =      0.002
  Solution pH        =      7.999
  Total Charge       = -1.219E-07
 
 Total Aqueous Concentrations of Primary Species 
 --------------------------------------- 
 
   Species              Molality       Type 
 H+                  -1.1250E-06     Aqueous      
 SO4--                5.1621E-04     Aqueous      
 Zn++                 1.0029E-07     Aqueous      
 Pb++                 1.0029E-07     Aqueous      
 Ca++                 1.0029E-10     Aqueous      
 Mg++                 1.0029E-05     Aqueous      
 K+                   1.0029E-05     Aqueous      
 Na+                  1.0029E-03     Aqueous      
 
 Exchangers           Equiv/kgw        Equiv/g solid    Equiv/m^3 bulk
 X-                   2.2055E-02       2.9320E-06       5.4975E+00
 Y-                   3.3082E-02       4.3980E-06       8.2462E+00
 
 Total Concentrations in Exchange Sites 
 -------------------------------------- 
 
 Exchangers           Equiv/kgw        Equiv/g solid    Equiv/m^3 bulk
 Zn++                 3.5564E-04       4.7280E-08       8.8650E-02
 Pb++                 3.2850E-04       4.3672E-08       8.1886E-02
 Ca++                 4.2582E-07       5.6610E-11       1.0614E-04
 Mg++                 2.3025E-02       3.0611E-06       5.7395E+00
 K+                   5.8644E-04       7.7963E-08       1.4618E-01
 Na+                  7.1302E-03       9.4792E-07       1.7773E+00
 
 Concentrations of Individual Species, Exchangers, and Surface Complexes 
 ----------------------------------------------------------------------- 
 
                           Log        Log                 Concentration     
 Species              Molality   Activity      Molality    Mol/m^3 blk  Type
  NaX                   -2.465     -0.809     3.427E-03     8.542E-01  Exchange
  NaY                   -2.431     -0.951     3.704E-03     9.232E-01  Exchange
  KX                    -3.766     -2.109     1.715E-04     4.275E-02  Exchange
  KY                    -3.382     -1.902     4.149E-04     1.034E-01  Exchange
  CaX2                  -6.841     -4.884     1.441E-07     3.591E-05  Exchange
  CaY2                  -6.550     -4.769     2.818E-07     7.024E-05  Exchange
  MgX2                  -2.045     -0.087     9.016E-03     2.247E+00  Exchange
  MgY2                  -1.854     -0.072     1.401E-02     3.492E+00  Exchange
  ZnX2                  -3.920     -1.962     1.203E-04     2.999E-02  Exchange
  ZnY2                  -3.628     -1.847     2.353E-04     5.866E-02  Exchange
  PbX2                  -4.039     -2.082     9.136E-05     2.277E-02  Exchange
  PbY2                  -3.625     -1.844     2.371E-04     5.911E-02  Exchange
                           Log        Log                                 Activity
 Species              Molality   Activity      Molality      Activity   Coefficient    Type
  H+                    -7.981     -7.999     1.045E-08     1.003E-08     9.594E-01  Aqueous 
  SO4--                 -3.290     -3.366     5.132E-04     4.304E-04     8.386E-01  Aqueous 
  Zn++                  -7.108     -7.182     7.801E-08     6.569E-08     8.422E-01  Aqueous 
  Pb++                  -7.472     -7.548     3.374E-08     2.832E-08     8.395E-01  Aqueous 
  Ca++                 -10.030    -10.104     9.340E-11     7.866E-11     8.422E-01  Aqueous 
  Mg++                  -5.035     -5.108     9.228E-06     7.803E-06     8.456E-01  Aqueous 
  K+                    -5.000     -5.019     9.999E-06     9.563E-06     9.564E-01  Aqueous 
  Na+                   -3.000     -3.019     1.001E-03     9.577E-04     9.570E-01  Aqueous 
  OH-                   -5.980     -5.999     1.047E-06     1.002E-06     9.567E-01  Aqueous 
  HSO4-                 -9.359     -9.378     4.376E-10     4.189E-10     9.572E-01  Aqueous 
  CaSO4(aq)            -11.162    -11.161     6.894E-12     6.896E-12     1.000E+00  Aqueous 
  CaOH+                -14.867    -14.886     1.359E-15     1.302E-15     9.580E-01  Aqueous 
  CaHSO4+              -18.381    -18.401     4.159E-19     3.971E-19     9.548E-01  Aqueous 
  KSO4-                 -7.517     -7.536     3.043E-08     2.914E-08     9.577E-01  Aqueous 
  KOH(aq)              -11.481    -11.481     3.305E-12     3.306E-12     1.000E+00  Aqueous 
  MgSO4(aq)             -6.098     -6.098     7.985E-07     7.988E-07     1.000E+00  Aqueous 
  MgOH+                 -8.530     -8.549     2.948E-09     2.825E-09     9.582E-01  Aqueous 
  NaSO4-                -5.666     -5.685     2.157E-06     2.066E-06     9.577E-01  Aqueous 
  NaOH(aq)              -9.819     -9.819     1.518E-10     1.518E-10     1.000E+00  Aqueous 
  PbOH+                 -7.240     -7.259     5.754E-08     5.507E-08     9.570E-01  Aqueous 
  PbSO4(aq)             -8.164     -8.164     6.853E-09     6.855E-09     1.000E+00  Aqueous 
  Pb(OH)2(aq)           -8.671     -8.670     2.135E-09     2.136E-09     1.000E+00  Aqueous 
  Pb(SO4)2--           -10.730    -10.810     1.863E-11     1.548E-11     8.310E-01  Aqueous 
  Pb(OH)3-             -11.593    -11.612     2.555E-12     2.445E-12     9.570E-01  Aqueous 
  Pb2OH+++             -13.287    -13.457     5.164E-14     3.492E-14     6.763E-01  Aqueous 
  Pb(OH)4--            -15.173    -15.253     6.722E-16     5.586E-16     8.310E-01  Aqueous 
  ZnOH+                 -8.124     -8.144     7.509E-09     7.186E-09     9.570E-01  Aqueous 
  ZnSO4(aq)             -8.185     -8.185     6.530E-09     6.532E-09     1.000E+00  Aqueous 
  Zn(OH)2(aq)           -8.085     -8.085     8.219E-09     8.222E-09     1.000E+00  Aqueous 
  Zn(SO4)2--           -10.554    -10.635     2.790E-11     2.319E-11     8.310E-01  Aqueous 
  Zn(OH)3-             -11.567    -11.586     2.709E-12     2.592E-12     9.570E-01  Aqueous 
  Zn(OH)4--            -16.311    -16.388     4.885E-17     4.097E-17     8.386E-01  Aqueous 
 
  ****** Partial pressure of gases (bars) *****
 
 
  ***** Saturation state of minerals (log[Q/K] *****
 
 
 
  ***** Volum of minerals added or subtracted *****
 
 
 **************************************************************
 ------> GRID LOCATION:    82:  1:  1
 
  Temperature (C)    =     25.000
  Porosity           =      0.250
  Liquid Saturation  =      1.000
  Liquid Density     =    997.075
  Ionic Strength     =      0.002
  Solution pH        =      7.999
  Total Charge       = -1.219E-07
 
 Total Aqueous Concentrations of Primary Species 
 --------------------------------------- 
 
   Species              Molality       Type 
 H+                  -1.1250E-06     Aqueous      
 SO4--                5.1621E-04     Aqueous      
 Zn++                 1.0029E-07     Aqueous      
 Pb++                 1.0029E-07     Aqueous      
 Ca++                 1.0029E-10     Aqueous      
 Mg++                 1.0029E-05     Aqueous      
 K+                   1.0029E-05     Aqueous      
 Na+                  1.0029E-03     Aqueous      
 
 Exchangers           Equiv/kgw        Equiv/g solid    Equiv/m^3 bulk
 X-                   2.2055E-02       2.9320E-06       5.4975E+00
 Y-                   3.3082E-02       4.3980E-06       8.2462E+00
 
 Total Concentrations in Exchange Sites 
 -------------------------------------- 
 
 Exchangers           Equiv/kgw        Equiv/g solid    Equiv/m^3 bulk
 Zn++                 3.5564E-04       4.7280E-08       8.8650E-02
 Pb++                 3.2850E-04       4.3672E-08       8.1886E-02
 Ca++                 4.2582E-07       5.6610E-11       1.0614E-04
 Mg++                 2.3025E-02       3.0611E-06       5.7395E+00
 K+                   5.8644E-04       7.7963E-08       1.4618E-01
 Na+                  7.1302E-03       9.4792E-07       1.7773E+00
 
 Concentrations of Individual Species, Exchangers, and Surface Complexes 
 ----------------------------------------------------------------------- 
 
                           Log        Log                 Concentration     
 Species              Molality   Activity      Molality    Mol/m^3 blk  Type
  NaX                   -2.465     -0.809     3.427E-03     8.542E-01  Exchange
  NaY                   -2.431     -0.951     3.704E-03     9.232E-01  Exchange
  KX                    -3.766     -2.109     1.715E-04     4.275E-02  Exchange
  KY                    -3.382     -1.902     4.149E-04     1.034E-01  Exchange
  CaX2                  -6.841     -4.884     1.441E-07     3.591E-05  Exchange
  CaY2                  -6.550     -4.769     2.818E-07     7.024E-05  Exchange
  MgX2                  -2.045     -0.087     9.016E-03     2.247E+00  Exchange
  MgY2                  -1.854     -0.072     1.401E-02     3.492E+00  Exchange
  ZnX2                  -3.920     -1.962     1.203E-04     2.999E-02  Exchange
  ZnY2                  -3.628     -1.847     2.353E-04     5.866E-02  Exchange
  PbX2                  -4.039     -2.082     9.136E-05     2.277E-02  Exchange
  PbY2                  -3.625     -1.844     2.371E-04     5.911E-02  Exchange
                           Log        Log                                 Activity
 Species              Molality   Activity      Molality      Activity   Coefficient    Type
  H+                    -7.981     -7.999     1.045E-08     1.003E-08     9.594E-01  Aqueous 
  SO4--                 -3.290     -3.366     5.132E-04     4.304E-04     8.386E-01  Aqueous 
  Zn++                  -7.108     -7.182     7.801E-08     6.569E-08     8.422E-01  Aqueous 
  Pb++                  -7.472     -7.548     3.374E-08     2.832E-08     8.395E-01  Aqueous 
  Ca++                 -10.030    -10.104     9.340E-11     7.866E-11     8.422E-01  Aqueous 
  Mg++                  -5.035     -5.108     9.228E-06     7.803E-06     8.456E-01  Aqueous 
  K+                    -5.000     -5.019     9.999E-06     9.563E-06     9.564E-01  Aqueous 
  Na+                   -3.000     -3.019     1.001E-03     9.577E-04     9.570E-01  Aqueous 
  OH-                   -5.980     -5.999     1.047E-06     1.002E-06     9.567E-01  Aqueous 
  HSO4-                 -9.359     -9.378     4.376E-10     4.189E-10     9.572E-01  Aqueous 
  CaSO4(aq)            -11.162    -11.161     6.894E-12     6.896E-12     1.000E+00  Aqueous 
  CaOH+                -14.867    -14.886     1.359E-15     1.302E-15     9.580E-01  Aqueous 
  CaHSO4+              -18.381    -18.401     4.159E-19     3.971E-19     9.548E-01  Aqueous 
  KSO4-                 -7.517     -7.536     3.043E-08     2.914E-08     9.577E-01  Aqueous 
  KOH(aq)              -11.481    -11.481     3.305E-12     3.306E-12     1.000E+00  Aqueous 
  MgSO4(aq)             -6.098     -6.098     7.985E-07     7.988E-07     1.000E+00  Aqueous 
  MgOH+                 -8.530     -8.549     2.948E-09     2.825E-09     9.582E-01  Aqueous 
  NaSO4-                -5.666     -5.685     2.157E-06     2.066E-06     9.577E-01  Aqueous 
  NaOH(aq)              -9.819     -9.819     1.518E-10     1.518E-10     1.000E+00  Aqueous 
  PbOH+                 -7.240     -7.259     5.754E-08     5.507E-08     9.570E-01  Aqueous 
  PbSO4(aq)             -8.164     -8.164     6.853E-09     6.855E-09     1.000E+00  Aqueous 
  Pb(OH)2(aq)           -8.671     -8.670     2.135E-09     2.136E-09     1.000E+00  Aqueous 
  Pb(SO4)2--           -10.730    -10.810     1.863E-11     1.548E-11     8.310E-01  Aqueous 
  Pb(OH)3-             -11.593    -11.612     2.555E-12     2.445E-12     9.570E-01  Aqueous 
  Pb2OH+++             -13.287    -13.457     5.164E-14     3.492E-14     6.763E-01  Aqueous 
  Pb(OH)4--            -15.173    -15.253     6.722E-16     5.586E-16     8.310E-01  Aqueous 
  ZnOH+                 -8.124     -8.144     7.509E-09     7.186E-09     9.570E-01  Aqueous 
  ZnSO4(aq)             -8.185     -8.185     6.530E-09     6.532E-09     1.000E+00  Aqueous 
  Zn(OH)2(aq)           -8.085     -8.085     8.219E-09     8.222E-09     1.000E+00  Aqueous 
  Zn(SO4)2--           -10.554    -10.635     2.790E-11     2.319E-11     8.310E-01  Aqueous 
  Zn(OH)3-             -11.567    -11.586     2.709E-12     2.592E-12     9.570E-01  Aqueous 
  Zn(OH)4--            -16.311    -16.388     4.885E-17     4.097E-17     8.386E-01  Aqueous 
 
  ****** Partial pressure of gases (bars) *****
 
 
  ***** Saturation state of minerals (log[Q/K] *****
 
 
 
  ***** Volum of minerals added or subtracted *****
 
 
 **************************************************************
 ------> GRID LOCATION:    83:  1:  1
 
  Temperature (C)    =     25.000
  Porosity           =      0.250
  Liquid Saturation  =      1.000
  Liquid Density     =    997.075
  Ionic Strength     =      0.002
  Solution pH        =      7.999
  Total Charge       = -1.219E-07
 
 Total Aqueous Concentrations of Primary Species 
 --------------------------------------- 
 
   Species              Molality       Type 
 H+                  -1.1250E-06     Aqueous      
 SO4--                5.1621E-04     Aqueous      
 Zn++                 1.0029E-07     Aqueous      
 Pb++                 1.0029E-07     Aqueous      
 Ca++                 1.0029E-10     Aqueous      
 Mg++                 1.0029E-05     Aqueous      
 K+                   1.0029E-05     Aqueous      
 Na+                  1.0029E-03     Aqueous      
 
 Exchangers           Equiv/kgw        Equiv/g solid    Equiv/m^3 bulk
 X-                   2.2055E-02       2.9320E-06       5.4975E+00
 Y-                   3.3082E-02       4.3980E-06       8.2462E+00
 
 Total Concentrations in Exchange Sites 
 -------------------------------------- 
 
 Exchangers           Equiv/kgw        Equiv/g solid    Equiv/m^3 bulk
 Zn++                 3.5564E-04       4.7280E-08       8.8650E-02
 Pb++                 3.2850E-04       4.3672E-08       8.1886E-02
 Ca++                 4.2582E-07       5.6610E-11       1.0614E-04
 Mg++                 2.3025E-02       3.0611E-06       5.7395E+00
 K+                   5.8644E-04       7.7963E-08       1.4618E-01
 Na+                  7.1302E-03       9.4792E-07       1.7773E+00
 
 Concentrations of Individual Species, Exchangers, and Surface Complexes 
 ----------------------------------------------------------------------- 
 
                           Log        Log                 Concentration     
 Species              Molality   Activity      Molality    Mol/m^3 blk  Type
  NaX                   -2.465     -0.809     3.427E-03     8.542E-01  Exchange
  NaY                   -2.431     -0.951     3.704E-03     9.232E-01  Exchange
  KX                    -3.766     -2.109     1.715E-04     4.275E-02  Exchange
  KY                    -3.382     -1.902     4.149E-04     1.034E-01  Exchange
  CaX2                  -6.841     -4.884     1.441E-07     3.591E-05  Exchange
  CaY2                  -6.550     -4.769     2.818E-07     7.024E-05  Exchange
  MgX2                  -2.045     -0.087     9.016E-03     2.247E+00  Exchange
  MgY2                  -1.854     -0.072     1.401E-02     3.492E+00  Exchange
  ZnX2                  -3.920     -1.962     1.203E-04     2.999E-02  Exchange
  ZnY2                  -3.628     -1.847     2.353E-04     5.866E-02  Exchange
  PbX2                  -4.039     -2.082     9.136E-05     2.277E-02  Exchange
  PbY2                  -3.625     -1.844     2.371E-04     5.911E-02  Exchange
                           Log        Log                                 Activity
 Species              Molality   Activity      Molality      Activity   Coefficient    Type
  H+                    -7.981     -7.999     1.045E-08     1.003E-08     9.594E-01  Aqueous 
  SO4--                 -3.290     -3.366     5.132E-04     4.304E-04     8.386E-01  Aqueous 
  Zn++                  -7.108     -7.182     7.801E-08     6.569E-08     8.422E-01  Aqueous 
  Pb++                  -7.472     -7.548     3.374E-08     2.832E-08     8.395E-01  Aqueous 
  Ca++                 -10.030    -10.104     9.340E-11     7.866E-11     8.422E-01  Aqueous 
  Mg++                  -5.035     -5.108     9.228E-06     7.803E-06     8.456E-01  Aqueous 
  K+                    -5.000     -5.019     9.999E-06     9.563E-06     9.564E-01  Aqueous 
  Na+                   -3.000     -3.019     1.001E-03     9.577E-04     9.570E-01  Aqueous 
  OH-                   -5.980     -5.999     1.047E-06     1.002E-06     9.567E-01  Aqueous 
  HSO4-                 -9.359     -9.378     4.376E-10     4.189E-10     9.572E-01  Aqueous 
  CaSO4(aq)            -11.162    -11.161     6.894E-12     6.896E-12     1.000E+00  Aqueous 
  CaOH+                -14.867    -14.886     1.359E-15     1.302E-15     9.580E-01  Aqueous 
  CaHSO4+              -18.381    -18.401     4.159E-19     3.971E-19     9.548E-01  Aqueous 
  KSO4-                 -7.517     -7.536     3.043E-08     2.914E-08     9.577E-01  Aqueous 
  KOH(aq)              -11.481    -11.481     3.305E-12     3.306E-12     1.000E+00  Aqueous 
  MgSO4(aq)             -6.098     -6.098     7.985E-07     7.988E-07     1.000E+00  Aqueous 
  MgOH+                 -8.530     -8.549     2.948E-09     2.825E-09     9.582E-01  Aqueous 
  NaSO4-                -5.666     -5.685     2.157E-06     2.066E-06     9.577E-01  Aqueous 
  NaOH(aq)              -9.819     -9.819     1.518E-10     1.518E-10     1.000E+00  Aqueous 
  PbOH+                 -7.240     -7.259     5.754E-08     5.507E-08     9.570E-01  Aqueous 
  PbSO4(aq)             -8.164     -8.164     6.853E-09     6.855E-09     1.000E+00  Aqueous 
  Pb(OH)2(aq)           -8.671     -8.670     2.135E-09     2.136E-09     1.000E+00  Aqueous 
  Pb(SO4)2--           -10.730    -10.810     1.863E-11     1.548E-11     8.310E-01  Aqueous 
  Pb(OH)3-             -11.593    -11.612     2.555E-12     2.445E-12     9.570E-01  Aqueous 
  Pb2OH+++             -13.287    -13.457     5.164E-14     3.492E-14     6.763E-01  Aqueous 
  Pb(OH)4--            -15.173    -15.253     6.722E-16     5.586E-16     8.310E-01  Aqueous 
  ZnOH+                 -8.124     -8.144     7.509E-09     7.186E-09     9.570E-01  Aqueous 
  ZnSO4(aq)             -8.185     -8.185     6.530E-09     6.532E-09     1.000E+00  Aqueous 
  Zn(OH)2(aq)           -8.085     -8.085     8.219E-09     8.222E-09     1.000E+00  Aqueous 
  Zn(SO4)2--           -10.554    -10.635     2.790E-11     2.319E-11     8.310E-01  Aqueous 
  Zn(OH)3-             -11.567    -11.586     2.709E-12     2.592E-12     9.570E-01  Aqueous 
  Zn(OH)4--            -16.311    -16.388     4.885E-17     4.097E-17     8.386E-01  Aqueous 
 
  ****** Partial pressure of gases (bars) *****
 
 
  ***** Saturation state of minerals (log[Q/K] *****
 
 
 
  ***** Volum of minerals added or subtracted *****
 
 
 **************************************************************
 ------> GRID LOCATION:    84:  1:  1
 
  Temperature (C)    =     25.000
  Porosity           =      0.250
  Liquid Saturation  =      1.000
  Liquid Density     =    997.075
  Ionic Strength     =      0.002
  Solution pH        =      7.999
  Total Charge       = -1.219E-07
 
 Total Aqueous Concentrations of Primary Species 
 --------------------------------------- 
 
   Species              Molality       Type 
 H+                  -1.1250E-06     Aqueous      
 SO4--                5.1621E-04     Aqueous      
 Zn++                 1.0029E-07     Aqueous      
 Pb++                 1.0029E-07     Aqueous      
 Ca++                 1.0029E-10     Aqueous      
 Mg++                 1.0029E-05     Aqueous      
 K+                   1.0029E-05     Aqueous      
 Na+                  1.0029E-03     Aqueous      
 
 Exchangers           Equiv/kgw        Equiv/g solid    Equiv/m^3 bulk
 X-                   2.2055E-02       2.9320E-06       5.4975E+00
 Y-                   3.3082E-02       4.3980E-06       8.2462E+00
 
 Total Concentrations in Exchange Sites 
 -------------------------------------- 
 
 Exchangers           Equiv/kgw        Equiv/g solid    Equiv/m^3 bulk
 Zn++                 3.5564E-04       4.7280E-08       8.8650E-02
 Pb++                 3.2850E-04       4.3672E-08       8.1886E-02
 Ca++                 4.2582E-07       5.6610E-11       1.0614E-04
 Mg++                 2.3025E-02       3.0611E-06       5.7395E+00
 K+                   5.8644E-04       7.7963E-08       1.4618E-01
 Na+                  7.1302E-03       9.4792E-07       1.7773E+00
 
 Concentrations of Individual Species, Exchangers, and Surface Complexes 
 ----------------------------------------------------------------------- 
 
                           Log        Log                 Concentration     
 Species              Molality   Activity      Molality    Mol/m^3 blk  Type
  NaX                   -2.465     -0.809     3.427E-03     8.542E-01  Exchange
  NaY                   -2.431     -0.951     3.704E-03     9.232E-01  Exchange
  KX                    -3.766     -2.109     1.715E-04     4.275E-02  Exchange
  KY                    -3.382     -1.902     4.149E-04     1.034E-01  Exchange
  CaX2                  -6.841     -4.884     1.441E-07     3.591E-05  Exchange
  CaY2                  -6.550     -4.769     2.818E-07     7.024E-05  Exchange
  MgX2                  -2.045     -0.087     9.016E-03     2.247E+00  Exchange
  MgY2                  -1.854     -0.072     1.401E-02     3.492E+00  Exchange
  ZnX2                  -3.920     -1.962     1.203E-04     2.999E-02  Exchange
  ZnY2                  -3.628     -1.847     2.353E-04     5.866E-02  Exchange
  PbX2                  -4.039     -2.082     9.136E-05     2.277E-02  Exchange
  PbY2                  -3.625     -1.844     2.371E-04     5.911E-02  Exchange
                           Log        Log                                 Activity
 Species              Molality   Activity      Molality      Activity   Coefficient    Type
  H+                    -7.981     -7.999     1.045E-08     1.003E-08     9.594E-01  Aqueous 
  SO4--                 -3.290     -3.366     5.132E-04     4.304E-04     8.386E-01  Aqueous 
  Zn++                  -7.108     -7.182     7.801E-08     6.569E-08     8.422E-01  Aqueous 
  Pb++                  -7.472     -7.548     3.374E-08     2.832E-08     8.395E-01  Aqueous 
  Ca++                 -10.030    -10.104     9.340E-11     7.866E-11     8.422E-01  Aqueous 
  Mg++                  -5.035     -5.108     9.228E-06     7.803E-06     8.456E-01  Aqueous 
  K+                    -5.000     -5.019     9.999E-06     9.563E-06     9.564E-01  Aqueous 
  Na+                   -3.000     -3.019     1.001E-03     9.577E-04     9.570E-01  Aqueous 
  OH-                   -5.980     -5.999     1.047E-06     1.002E-06     9.567E-01  Aqueous 
  HSO4-                 -9.359     -9.378     4.376E-10     4.189E-10     9.572E-01  Aqueous 
  CaSO4(aq)            -11.162    -11.161     6.894E-12     6.896E-12     1.000E+00  Aqueous 
  CaOH+                -14.867    -14.886     1.359E-15     1.302E-15     9.580E-01  Aqueous 
  CaHSO4+              -18.381    -18.401     4.159E-19     3.971E-19     9.548E-01  Aqueous 
  KSO4-                 -7.517     -7.536     3.043E-08     2.914E-08     9.577E-01  Aqueous 
  KOH(aq)              -11.481    -11.481     3.305E-12     3.306E-12     1.000E+00  Aqueous 
  MgSO4(aq)             -6.098     -6.098     7.985E-07     7.988E-07     1.000E+00  Aqueous 
  MgOH+                 -8.530     -8.549     2.948E-09     2.825E-09     9.582E-01  Aqueous 
  NaSO4-                -5.666     -5.685     2.157E-06     2.066E-06     9.577E-01  Aqueous 
  NaOH(aq)              -9.819     -9.819     1.518E-10     1.518E-10     1.000E+00  Aqueous 
  PbOH+                 -7.240     -7.259     5.754E-08     5.507E-08     9.570E-01  Aqueous 
  PbSO4(aq)             -8.164     -8.164     6.853E-09     6.855E-09     1.000E+00  Aqueous 
  Pb(OH)2(aq)           -8.671     -8.670     2.135E-09     2.136E-09     1.000E+00  Aqueous 
  Pb(SO4)2--           -10.730    -10.810     1.863E-11     1.548E-11     8.310E-01  Aqueous 
  Pb(OH)3-             -11.593    -11.612     2.555E-12     2.445E-12     9.570E-01  Aqueous 
  Pb2OH+++             -13.287    -13.457     5.164E-14     3.492E-14     6.763E-01  Aqueous 
  Pb(OH)4--            -15.173    -15.253     6.722E-16     5.586E-16     8.310E-01  Aqueous 
  ZnOH+                 -8.124     -8.144     7.509E-09     7.186E-09     9.570E-01  Aqueous 
  ZnSO4(aq)             -8.185     -8.185     6.530E-09     6.532E-09     1.000E+00  Aqueous 
  Zn(OH)2(aq)           -8.085     -8.085     8.219E-09     8.222E-09     1.000E+00  Aqueous 
  Zn(SO4)2--           -10.554    -10.635     2.790E-11     2.319E-11     8.310E-01  Aqueous 
  Zn(OH)3-             -11.567    -11.586     2.709E-12     2.592E-12     9.570E-01  Aqueous 
  Zn(OH)4--            -16.311    -16.388     4.885E-17     4.097E-17     8.386E-01  Aqueous 
 
  ****** Partial pressure of gases (bars) *****
 
 
  ***** Saturation state of minerals (log[Q/K] *****
 
 
 
  ***** Volum of minerals added or subtracted *****
 
 
 **************************************************************
 ------> GRID LOCATION:    85:  1:  1
 
  Temperature (C)    =     25.000
  Porosity           =      0.250
  Liquid Saturation  =      1.000
  Liquid Density     =    997.075
  Ionic Strength     =      0.002
  Solution pH        =      7.999
  Total Charge       = -1.219E-07
 
 Total Aqueous Concentrations of Primary Species 
 --------------------------------------- 
 
   Species              Molality       Type 
 H+                  -1.1250E-06     Aqueous      
 SO4--                5.1621E-04     Aqueous      
 Zn++                 1.0029E-07     Aqueous      
 Pb++                 1.0029E-07     Aqueous      
 Ca++                 1.0029E-10     Aqueous      
 Mg++                 1.0029E-05     Aqueous      
 K+                   1.0029E-05     Aqueous      
 Na+                  1.0029E-03     Aqueous      
 
 Exchangers           Equiv/kgw        Equiv/g solid    Equiv/m^3 bulk
 X-                   2.2055E-02       2.9320E-06       5.4975E+00
 Y-                   3.3082E-02       4.3980E-06       8.2462E+00
 
 Total Concentrations in Exchange Sites 
 -------------------------------------- 
 
 Exchangers           Equiv/kgw        Equiv/g solid    Equiv/m^3 bulk
 Zn++                 3.5564E-04       4.7280E-08       8.8650E-02
 Pb++                 3.2850E-04       4.3672E-08       8.1886E-02
 Ca++                 4.2582E-07       5.6610E-11       1.0614E-04
 Mg++                 2.3025E-02       3.0611E-06       5.7395E+00
 K+                   5.8644E-04       7.7963E-08       1.4618E-01
 Na+                  7.1302E-03       9.4792E-07       1.7773E+00
 
 Concentrations of Individual Species, Exchangers, and Surface Complexes 
 ----------------------------------------------------------------------- 
 
                           Log        Log                 Concentration     
 Species              Molality   Activity      Molality    Mol/m^3 blk  Type
  NaX                   -2.465     -0.809     3.427E-03     8.542E-01  Exchange
  NaY                   -2.431     -0.951     3.704E-03     9.232E-01  Exchange
  KX                    -3.766     -2.109     1.715E-04     4.275E-02  Exchange
  KY                    -3.382     -1.902     4.149E-04     1.034E-01  Exchange
  CaX2                  -6.841     -4.884     1.441E-07     3.591E-05  Exchange
  CaY2                  -6.550     -4.769     2.818E-07     7.024E-05  Exchange
  MgX2                  -2.045     -0.087     9.016E-03     2.247E+00  Exchange
  MgY2                  -1.854     -0.072     1.401E-02     3.492E+00  Exchange
  ZnX2                  -3.920     -1.962     1.203E-04     2.999E-02  Exchange
  ZnY2                  -3.628     -1.847     2.353E-04     5.866E-02  Exchange
  PbX2                  -4.039     -2.082     9.136E-05     2.277E-02  Exchange
  PbY2                  -3.625     -1.844     2.371E-04     5.911E-02  Exchange
                           Log        Log                                 Activity
 Species              Molality   Activity      Molality      Activity   Coefficient    Type
  H+                    -7.981     -7.999     1.045E-08     1.003E-08     9.594E-01  Aqueous 
  SO4--                 -3.290     -3.366     5.132E-04     4.304E-04     8.386E-01  Aqueous 
  Zn++                  -7.108     -7.182     7.801E-08     6.569E-08     8.422E-01  Aqueous 
  Pb++                  -7.472     -7.548     3.374E-08     2.832E-08     8.395E-01  Aqueous 
  Ca++                 -10.030    -10.104     9.340E-11     7.866E-11     8.422E-01  Aqueous 
  Mg++                  -5.035     -5.108     9.228E-06     7.803E-06     8.456E-01  Aqueous 
  K+                    -5.000     -5.019     9.999E-06     9.563E-06     9.564E-01  Aqueous 
  Na+                   -3.000     -3.019     1.001E-03     9.577E-04     9.570E-01  Aqueous 
  OH-                   -5.980     -5.999     1.047E-06     1.002E-06     9.567E-01  Aqueous 
  HSO4-                 -9.359     -9.378     4.376E-10     4.189E-10     9.572E-01  Aqueous 
  CaSO4(aq)            -11.162    -11.161     6.894E-12     6.896E-12     1.000E+00  Aqueous 
  CaOH+                -14.867    -14.886     1.359E-15     1.302E-15     9.580E-01  Aqueous 
  CaHSO4+              -18.381    -18.401     4.159E-19     3.971E-19     9.548E-01  Aqueous 
  KSO4-                 -7.517     -7.536     3.043E-08     2.914E-08     9.577E-01  Aqueous 
  KOH(aq)              -11.481    -11.481     3.305E-12     3.306E-12     1.000E+00  Aqueous 
  MgSO4(aq)             -6.098     -6.098     7.985E-07     7.988E-07     1.000E+00  Aqueous 
  MgOH+                 -8.530     -8.549     2.948E-09     2.825E-09     9.582E-01  Aqueous 
  NaSO4-                -5.666     -5.685     2.157E-06     2.066E-06     9.577E-01  Aqueous 
  NaOH(aq)              -9.819     -9.819     1.518E-10     1.518E-10     1.000E+00  Aqueous 
  PbOH+                 -7.240     -7.259     5.754E-08     5.507E-08     9.570E-01  Aqueous 
  PbSO4(aq)             -8.164     -8.164     6.853E-09     6.855E-09     1.000E+00  Aqueous 
  Pb(OH)2(aq)           -8.671     -8.670     2.135E-09     2.136E-09     1.000E+00  Aqueous 
  Pb(SO4)2--           -10.730    -10.810     1.863E-11     1.548E-11     8.310E-01  Aqueous 
  Pb(OH)3-             -11.593    -11.612     2.555E-12     2.445E-12     9.570E-01  Aqueous 
  Pb2OH+++             -13.287    -13.457     5.164E-14     3.492E-14     6.763E-01  Aqueous 
  Pb(OH)4--            -15.173    -15.253     6.722E-16     5.586E-16     8.310E-01  Aqueous 
  ZnOH+                 -8.124     -8.144     7.509E-09     7.186E-09     9.570E-01  Aqueous 
  ZnSO4(aq)             -8.185     -8.185     6.530E-09     6.532E-09     1.000E+00  Aqueous 
  Zn(OH)2(aq)           -8.085     -8.085     8.219E-09     8.222E-09     1.000E+00  Aqueous 
  Zn(SO4)2--           -10.554    -10.635     2.790E-11     2.319E-11     8.310E-01  Aqueous 
  Zn(OH)3-             -11.567    -11.586     2.709E-12     2.592E-12     9.570E-01  Aqueous 
  Zn(OH)4--            -16.311    -16.388     4.885E-17     4.097E-17     8.386E-01  Aqueous 
 
  ****** Partial pressure of gases (bars) *****
 
 
  ***** Saturation state of minerals (log[Q/K] *****
 
 
 
  ***** Volum of minerals added or subtracted *****
 
 
 **************************************************************
 ------> GRID LOCATION:    86:  1:  1
 
  Temperature (C)    =     25.000
  Porosity           =      0.250
  Liquid Saturation  =      1.000
  Liquid Density     =    997.075
  Ionic Strength     =      0.002
  Solution pH        =      7.999
  Total Charge       = -1.219E-07
 
 Total Aqueous Concentrations of Primary Species 
 --------------------------------------- 
 
   Species              Molality       Type 
 H+                  -1.1250E-06     Aqueous      
 SO4--                5.1621E-04     Aqueous      
 Zn++                 1.0029E-07     Aqueous      
 Pb++                 1.0029E-07     Aqueous      
 Ca++                 1.0029E-10     Aqueous      
 Mg++                 1.0029E-05     Aqueous      
 K+                   1.0029E-05     Aqueous      
 Na+                  1.0029E-03     Aqueous      
 
 Exchangers           Equiv/kgw        Equiv/g solid    Equiv/m^3 bulk
 X-                   2.2055E-02       2.9320E-06       5.4975E+00
 Y-                   3.3082E-02       4.3980E-06       8.2462E+00
 
 Total Concentrations in Exchange Sites 
 -------------------------------------- 
 
 Exchangers           Equiv/kgw        Equiv/g solid    Equiv/m^3 bulk
 Zn++                 3.5564E-04       4.7280E-08       8.8650E-02
 Pb++                 3.2850E-04       4.3672E-08       8.1886E-02
 Ca++                 4.2582E-07       5.6610E-11       1.0614E-04
 Mg++                 2.3025E-02       3.0611E-06       5.7395E+00
 K+                   5.8644E-04       7.7963E-08       1.4618E-01
 Na+                  7.1302E-03       9.4792E-07       1.7773E+00
 
 Concentrations of Individual Species, Exchangers, and Surface Complexes 
 ----------------------------------------------------------------------- 
 
                           Log        Log                 Concentration     
 Species              Molality   Activity      Molality    Mol/m^3 blk  Type
  NaX                   -2.465     -0.809     3.427E-03     8.542E-01  Exchange
  NaY                   -2.431     -0.951     3.704E-03     9.232E-01  Exchange
  KX                    -3.766     -2.109     1.715E-04     4.275E-02  Exchange
  KY                    -3.382     -1.902     4.149E-04     1.034E-01  Exchange
  CaX2                  -6.841     -4.884     1.441E-07     3.591E-05  Exchange
  CaY2                  -6.550     -4.769     2.818E-07     7.024E-05  Exchange
  MgX2                  -2.045     -0.087     9.016E-03     2.247E+00  Exchange
  MgY2                  -1.854     -0.072     1.401E-02     3.492E+00  Exchange
  ZnX2                  -3.920     -1.962     1.203E-04     2.999E-02  Exchange
  ZnY2                  -3.628     -1.847     2.353E-04     5.866E-02  Exchange
  PbX2                  -4.039     -2.082     9.136E-05     2.277E-02  Exchange
  PbY2                  -3.625     -1.844     2.371E-04     5.911E-02  Exchange
                           Log        Log                                 Activity
 Species              Molality   Activity      Molality      Activity   Coefficient    Type
  H+                    -7.981     -7.999     1.045E-08     1.003E-08     9.594E-01  Aqueous 
  SO4--                 -3.290     -3.366     5.132E-04     4.304E-04     8.386E-01  Aqueous 
  Zn++                  -7.108     -7.182     7.801E-08     6.569E-08     8.422E-01  Aqueous 
  Pb++                  -7.472     -7.548     3.374E-08     2.832E-08     8.395E-01  Aqueous 
  Ca++                 -10.030    -10.104     9.340E-11     7.866E-11     8.422E-01  Aqueous 
  Mg++                  -5.035     -5.108     9.228E-06     7.803E-06     8.456E-01  Aqueous 
  K+                    -5.000     -5.019     9.999E-06     9.563E-06     9.564E-01  Aqueous 
  Na+                   -3.000     -3.019     1.001E-03     9.577E-04     9.570E-01  Aqueous 
  OH-                   -5.980     -5.999     1.047E-06     1.002E-06     9.567E-01  Aqueous 
  HSO4-                 -9.359     -9.378     4.376E-10     4.189E-10     9.572E-01  Aqueous 
  CaSO4(aq)            -11.162    -11.161     6.894E-12     6.896E-12     1.000E+00  Aqueous 
  CaOH+                -14.867    -14.886     1.359E-15     1.302E-15     9.580E-01  Aqueous 
  CaHSO4+              -18.381    -18.401     4.159E-19     3.971E-19     9.548E-01  Aqueous 
  KSO4-                 -7.517     -7.536     3.043E-08     2.914E-08     9.577E-01  Aqueous 
  KOH(aq)              -11.481    -11.481     3.305E-12     3.306E-12     1.000E+00  Aqueous 
  MgSO4(aq)             -6.098     -6.098     7.985E-07     7.988E-07     1.000E+00  Aqueous 
  MgOH+                 -8.530     -8.549     2.948E-09     2.825E-09     9.582E-01  Aqueous 
  NaSO4-                -5.666     -5.685     2.157E-06     2.066E-06     9.577E-01  Aqueous 
  NaOH(aq)              -9.819     -9.819     1.518E-10     1.518E-10     1.000E+00  Aqueous 
  PbOH+                 -7.240     -7.259     5.754E-08     5.507E-08     9.570E-01  Aqueous 
  PbSO4(aq)             -8.164     -8.164     6.853E-09     6.855E-09     1.000E+00  Aqueous 
  Pb(OH)2(aq)           -8.671     -8.670     2.135E-09     2.136E-09     1.000E+00  Aqueous 
  Pb(SO4)2--           -10.730    -10.810     1.863E-11     1.548E-11     8.310E-01  Aqueous 
  Pb(OH)3-             -11.593    -11.612     2.555E-12     2.445E-12     9.570E-01  Aqueous 
  Pb2OH+++             -13.287    -13.457     5.164E-14     3.492E-14     6.763E-01  Aqueous 
  Pb(OH)4--            -15.173    -15.253     6.722E-16     5.586E-16     8.310E-01  Aqueous 
  ZnOH+                 -8.124     -8.144     7.509E-09     7.186E-09     9.570E-01  Aqueous 
  ZnSO4(aq)             -8.185     -8.185     6.530E-09     6.532E-09     1.000E+00  Aqueous 
  Zn(OH)2(aq)           -8.085     -8.085     8.219E-09     8.222E-09     1.000E+00  Aqueous 
  Zn(SO4)2--           -10.554    -10.635     2.790E-11     2.319E-11     8.310E-01  Aqueous 
  Zn(OH)3-             -11.567    -11.586     2.709E-12     2.592E-12     9.570E-01  Aqueous 
  Zn(OH)4--            -16.311    -16.388     4.885E-17     4.097E-17     8.386E-01  Aqueous 
 
  ****** Partial pressure of gases (bars) *****
 
 
  ***** Saturation state of minerals (log[Q/K] *****
 
 
 
  ***** Volum of minerals added or subtracted *****
 
 
 **************************************************************
 ------> GRID LOCATION:    87:  1:  1
 
  Temperature (C)    =     25.000
  Porosity           =      0.250
  Liquid Saturation  =      1.000
  Liquid Density     =    997.075
  Ionic Strength     =      0.002
  Solution pH        =      7.999
  Total Charge       = -1.219E-07
 
 Total Aqueous Concentrations of Primary Species 
 --------------------------------------- 
 
   Species              Molality       Type 
 H+                  -1.1250E-06     Aqueous      
 SO4--                5.1621E-04     Aqueous      
 Zn++                 1.0029E-07     Aqueous      
 Pb++                 1.0029E-07     Aqueous      
 Ca++                 1.0029E-10     Aqueous      
 Mg++                 1.0029E-05     Aqueous      
 K+                   1.0029E-05     Aqueous      
 Na+                  1.0029E-03     Aqueous      
 
 Exchangers           Equiv/kgw        Equiv/g solid    Equiv/m^3 bulk
 X-                   2.2055E-02       2.9320E-06       5.4975E+00
 Y-                   3.3082E-02       4.3980E-06       8.2462E+00
 
 Total Concentrations in Exchange Sites 
 -------------------------------------- 
 
 Exchangers           Equiv/kgw        Equiv/g solid    Equiv/m^3 bulk
 Zn++                 3.5564E-04       4.7280E-08       8.8650E-02
 Pb++                 3.2850E-04       4.3672E-08       8.1886E-02
 Ca++                 4.2582E-07       5.6610E-11       1.0614E-04
 Mg++                 2.3025E-02       3.0611E-06       5.7395E+00
 K+                   5.8644E-04       7.7963E-08       1.4618E-01
 Na+                  7.1302E-03       9.4792E-07       1.7773E+00
 
 Concentrations of Individual Species, Exchangers, and Surface Complexes 
 ----------------------------------------------------------------------- 
 
                           Log        Log                 Concentration     
 Species              Molality   Activity      Molality    Mol/m^3 blk  Type
  NaX                   -2.465     -0.809     3.427E-03     8.542E-01  Exchange
  NaY                   -2.431     -0.951     3.704E-03     9.232E-01  Exchange
  KX                    -3.766     -2.109     1.715E-04     4.275E-02  Exchange
  KY                    -3.382     -1.902     4.149E-04     1.034E-01  Exchange
  CaX2                  -6.841     -4.884     1.441E-07     3.591E-05  Exchange
  CaY2                  -6.550     -4.769     2.818E-07     7.024E-05  Exchange
  MgX2                  -2.045     -0.087     9.016E-03     2.247E+00  Exchange
  MgY2                  -1.854     -0.072     1.401E-02     3.492E+00  Exchange
  ZnX2                  -3.920     -1.962     1.203E-04     2.999E-02  Exchange
  ZnY2                  -3.628     -1.847     2.353E-04     5.866E-02  Exchange
  PbX2                  -4.039     -2.082     9.136E-05     2.277E-02  Exchange
  PbY2                  -3.625     -1.844     2.371E-04     5.911E-02  Exchange
                           Log        Log                                 Activity
 Species              Molality   Activity      Molality      Activity   Coefficient    Type
  H+                    -7.981     -7.999     1.045E-08     1.003E-08     9.594E-01  Aqueous 
  SO4--                 -3.290     -3.366     5.132E-04     4.304E-04     8.386E-01  Aqueous 
  Zn++                  -7.108     -7.182     7.801E-08     6.569E-08     8.422E-01  Aqueous 
  Pb++                  -7.472     -7.548     3.374E-08     2.832E-08     8.395E-01  Aqueous 
  Ca++                 -10.030    -10.104     9.340E-11     7.866E-11     8.422E-01  Aqueous 
  Mg++                  -5.035     -5.108     9.228E-06     7.803E-06     8.456E-01  Aqueous 
  K+                    -5.000     -5.019     9.999E-06     9.563E-06     9.564E-01  Aqueous 
  Na+                   -3.000     -3.019     1.001E-03     9.577E-04     9.570E-01  Aqueous 
  OH-                   -5.980     -5.999     1.047E-06     1.002E-06     9.567E-01  Aqueous 
  HSO4-                 -9.359     -9.378     4.376E-10     4.189E-10     9.572E-01  Aqueous 
  CaSO4(aq)            -11.162    -11.161     6.894E-12     6.896E-12     1.000E+00  Aqueous 
  CaOH+                -14.867    -14.886     1.359E-15     1.302E-15     9.580E-01  Aqueous 
  CaHSO4+              -18.381    -18.401     4.159E-19     3.971E-19     9.548E-01  Aqueous 
  KSO4-                 -7.517     -7.536     3.043E-08     2.914E-08     9.577E-01  Aqueous 
  KOH(aq)              -11.481    -11.481     3.305E-12     3.306E-12     1.000E+00  Aqueous 
  MgSO4(aq)             -6.098     -6.098     7.985E-07     7.988E-07     1.000E+00  Aqueous 
  MgOH+                 -8.530     -8.549     2.948E-09     2.825E-09     9.582E-01  Aqueous 
  NaSO4-                -5.666     -5.685     2.157E-06     2.066E-06     9.577E-01  Aqueous 
  NaOH(aq)              -9.819     -9.819     1.518E-10     1.518E-10     1.000E+00  Aqueous 
  PbOH+                 -7.240     -7.259     5.754E-08     5.507E-08     9.570E-01  Aqueous 
  PbSO4(aq)             -8.164     -8.164     6.853E-09     6.855E-09     1.000E+00  Aqueous 
  Pb(OH)2(aq)           -8.671     -8.670     2.135E-09     2.136E-09     1.000E+00  Aqueous 
  Pb(SO4)2--           -10.730    -10.810     1.863E-11     1.548E-11     8.310E-01  Aqueous 
  Pb(OH)3-             -11.593    -11.612     2.555E-12     2.445E-12     9.570E-01  Aqueous 
  Pb2OH+++             -13.287    -13.457     5.164E-14     3.492E-14     6.763E-01  Aqueous 
  Pb(OH)4--            -15.173    -15.253     6.722E-16     5.586E-16     8.310E-01  Aqueous 
  ZnOH+                 -8.124     -8.144     7.509E-09     7.186E-09     9.570E-01  Aqueous 
  ZnSO4(aq)             -8.185     -8.185     6.530E-09     6.532E-09     1.000E+00  Aqueous 
  Zn(OH)2(aq)           -8.085     -8.085     8.219E-09     8.222E-09     1.000E+00  Aqueous 
  Zn(SO4)2--           -10.554    -10.635     2.790E-11     2.319E-11     8.310E-01  Aqueous 
  Zn(OH)3-             -11.567    -11.586     2.709E-12     2.592E-12     9.570E-01  Aqueous 
  Zn(OH)4--            -16.311    -16.388     4.885E-17     4.097E-17     8.386E-01  Aqueous 
 
  ****** Partial pressure of gases (bars) *****
 
 
  ***** Saturation state of minerals (log[Q/K] *****
 
 
 
  ***** Volum of minerals added or subtracted *****
 
 
 **************************************************************
 ------> GRID LOCATION:    88:  1:  1
 
  Temperature (C)    =     25.000
  Porosity           =      0.250
  Liquid Saturation  =      1.000
  Liquid Density     =    997.075
  Ionic Strength     =      0.002
  Solution pH        =      7.999
  Total Charge       = -1.219E-07
 
 Total Aqueous Concentrations of Primary Species 
 --------------------------------------- 
 
   Species              Molality       Type 
 H+                  -1.1250E-06     Aqueous      
 SO4--                5.1621E-04     Aqueous      
 Zn++                 1.0029E-07     Aqueous      
 Pb++                 1.0029E-07     Aqueous      
 Ca++                 1.0029E-10     Aqueous      
 Mg++                 1.0029E-05     Aqueous      
 K+                   1.0029E-05     Aqueous      
 Na+                  1.0029E-03     Aqueous      
 
 Exchangers           Equiv/kgw        Equiv/g solid    Equiv/m^3 bulk
 X-                   2.2055E-02       2.9320E-06       5.4975E+00
 Y-                   3.3082E-02       4.3980E-06       8.2462E+00
 
 Total Concentrations in Exchange Sites 
 -------------------------------------- 
 
 Exchangers           Equiv/kgw        Equiv/g solid    Equiv/m^3 bulk
 Zn++                 3.5564E-04       4.7280E-08       8.8650E-02
 Pb++                 3.2850E-04       4.3672E-08       8.1886E-02
 Ca++                 4.2582E-07       5.6610E-11       1.0614E-04
 Mg++                 2.3025E-02       3.0611E-06       5.7395E+00
 K+                   5.8644E-04       7.7963E-08       1.4618E-01
 Na+                  7.1302E-03       9.4792E-07       1.7773E+00
 
 Concentrations of Individual Species, Exchangers, and Surface Complexes 
 ----------------------------------------------------------------------- 
 
                           Log        Log                 Concentration     
 Species              Molality   Activity      Molality    Mol/m^3 blk  Type
  NaX                   -2.465     -0.809     3.427E-03     8.542E-01  Exchange
  NaY                   -2.431     -0.951     3.704E-03     9.232E-01  Exchange
  KX                    -3.766     -2.109     1.715E-04     4.275E-02  Exchange
  KY                    -3.382     -1.902     4.149E-04     1.034E-01  Exchange
  CaX2                  -6.841     -4.884     1.441E-07     3.591E-05  Exchange
  CaY2                  -6.550     -4.769     2.818E-07     7.024E-05  Exchange
  MgX2                  -2.045     -0.087     9.016E-03     2.247E+00  Exchange
  MgY2                  -1.854     -0.072     1.401E-02     3.492E+00  Exchange
  ZnX2                  -3.920     -1.962     1.203E-04     2.999E-02  Exchange
  ZnY2                  -3.628     -1.847     2.353E-04     5.866E-02  Exchange
  PbX2                  -4.039     -2.082     9.136E-05     2.277E-02  Exchange
  PbY2                  -3.625     -1.844     2.371E-04     5.911E-02  Exchange
                           Log        Log                                 Activity
 Species              Molality   Activity      Molality      Activity   Coefficient    Type
  H+                    -7.981     -7.999     1.045E-08     1.003E-08     9.594E-01  Aqueous 
  SO4--                 -3.290     -3.366     5.132E-04     4.304E-04     8.386E-01  Aqueous 
  Zn++                  -7.108     -7.182     7.801E-08     6.569E-08     8.422E-01  Aqueous 
  Pb++                  -7.472     -7.548     3.374E-08     2.832E-08     8.395E-01  Aqueous 
  Ca++                 -10.030    -10.104     9.340E-11     7.866E-11     8.422E-01  Aqueous 
  Mg++                  -5.035     -5.108     9.228E-06     7.803E-06     8.456E-01  Aqueous 
  K+                    -5.000     -5.019     9.999E-06     9.563E-06     9.564E-01  Aqueous 
  Na+                   -3.000     -3.019     1.001E-03     9.577E-04     9.570E-01  Aqueous 
  OH-                   -5.980     -5.999     1.047E-06     1.002E-06     9.567E-01  Aqueous 
  HSO4-                 -9.359     -9.378     4.376E-10     4.189E-10     9.572E-01  Aqueous 
  CaSO4(aq)            -11.162    -11.161     6.894E-12     6.896E-12     1.000E+00  Aqueous 
  CaOH+                -14.867    -14.886     1.359E-15     1.302E-15     9.580E-01  Aqueous 
  CaHSO4+              -18.381    -18.401     4.159E-19     3.971E-19     9.548E-01  Aqueous 
  KSO4-                 -7.517     -7.536     3.043E-08     2.914E-08     9.577E-01  Aqueous 
  KOH(aq)              -11.481    -11.481     3.305E-12     3.306E-12     1.000E+00  Aqueous 
  MgSO4(aq)             -6.098     -6.098     7.985E-07     7.988E-07     1.000E+00  Aqueous 
  MgOH+                 -8.530     -8.549     2.948E-09     2.825E-09     9.582E-01  Aqueous 
  NaSO4-                -5.666     -5.685     2.157E-06     2.066E-06     9.577E-01  Aqueous 
  NaOH(aq)              -9.819     -9.819     1.518E-10     1.518E-10     1.000E+00  Aqueous 
  PbOH+                 -7.240     -7.259     5.754E-08     5.507E-08     9.570E-01  Aqueous 
  PbSO4(aq)             -8.164     -8.164     6.853E-09     6.855E-09     1.000E+00  Aqueous 
  Pb(OH)2(aq)           -8.671     -8.670     2.135E-09     2.136E-09     1.000E+00  Aqueous 
  Pb(SO4)2--           -10.730    -10.810     1.863E-11     1.548E-11     8.310E-01  Aqueous 
  Pb(OH)3-             -11.593    -11.612     2.555E-12     2.445E-12     9.570E-01  Aqueous 
  Pb2OH+++             -13.287    -13.457     5.164E-14     3.492E-14     6.763E-01  Aqueous 
  Pb(OH)4--            -15.173    -15.253     6.722E-16     5.586E-16     8.310E-01  Aqueous 
  ZnOH+                 -8.124     -8.144     7.509E-09     7.186E-09     9.570E-01  Aqueous 
  ZnSO4(aq)             -8.185     -8.185     6.530E-09     6.532E-09     1.000E+00  Aqueous 
  Zn(OH)2(aq)           -8.085     -8.085     8.219E-09     8.222E-09     1.000E+00  Aqueous 
  Zn(SO4)2--           -10.554    -10.635     2.790E-11     2.319E-11     8.310E-01  Aqueous 
  Zn(OH)3-             -11.567    -11.586     2.709E-12     2.592E-12     9.570E-01  Aqueous 
  Zn(OH)4--            -16.311    -16.388     4.885E-17     4.097E-17     8.386E-01  Aqueous 
 
  ****** Partial pressure of gases (bars) *****
 
 
  ***** Saturation state of minerals (log[Q/K] *****
 
 
 
  ***** Volum of minerals added or subtracted *****
 
 
 **************************************************************
 ------> GRID LOCATION:    89:  1:  1
 
  Temperature (C)    =     25.000
  Porosity           =      0.250
  Liquid Saturation  =      1.000
  Liquid Density     =    997.075
  Ionic Strength     =      0.002
  Solution pH        =      7.999
  Total Charge       = -1.219E-07
 
 Total Aqueous Concentrations of Primary Species 
 --------------------------------------- 
 
   Species              Molality       Type 
 H+                  -1.1250E-06     Aqueous      
 SO4--                5.1621E-04     Aqueous      
 Zn++                 1.0029E-07     Aqueous      
 Pb++                 1.0029E-07     Aqueous      
 Ca++                 1.0029E-10     Aqueous      
 Mg++                 1.0029E-05     Aqueous      
 K+                   1.0029E-05     Aqueous      
 Na+                  1.0029E-03     Aqueous      
 
 Exchangers           Equiv/kgw        Equiv/g solid    Equiv/m^3 bulk
 X-                   2.2055E-02       2.9320E-06       5.4975E+00
 Y-                   3.3082E-02       4.3980E-06       8.2462E+00
 
 Total Concentrations in Exchange Sites 
 -------------------------------------- 
 
 Exchangers           Equiv/kgw        Equiv/g solid    Equiv/m^3 bulk
 Zn++                 3.5564E-04       4.7280E-08       8.8650E-02
 Pb++                 3.2850E-04       4.3672E-08       8.1886E-02
 Ca++                 4.2582E-07       5.6610E-11       1.0614E-04
 Mg++                 2.3025E-02       3.0611E-06       5.7395E+00
 K+                   5.8644E-04       7.7963E-08       1.4618E-01
 Na+                  7.1302E-03       9.4792E-07       1.7773E+00
 
 Concentrations of Individual Species, Exchangers, and Surface Complexes 
 ----------------------------------------------------------------------- 
 
                           Log        Log                 Concentration     
 Species              Molality   Activity      Molality    Mol/m^3 blk  Type
  NaX                   -2.465     -0.809     3.427E-03     8.542E-01  Exchange
  NaY                   -2.431     -0.951     3.704E-03     9.232E-01  Exchange
  KX                    -3.766     -2.109     1.715E-04     4.275E-02  Exchange
  KY                    -3.382     -1.902     4.149E-04     1.034E-01  Exchange
  CaX2                  -6.841     -4.884     1.441E-07     3.591E-05  Exchange
  CaY2                  -6.550     -4.769     2.818E-07     7.024E-05  Exchange
  MgX2                  -2.045     -0.087     9.016E-03     2.247E+00  Exchange
  MgY2                  -1.854     -0.072     1.401E-02     3.492E+00  Exchange
  ZnX2                  -3.920     -1.962     1.203E-04     2.999E-02  Exchange
  ZnY2                  -3.628     -1.847     2.353E-04     5.866E-02  Exchange
  PbX2                  -4.039     -2.082     9.136E-05     2.277E-02  Exchange
  PbY2                  -3.625     -1.844     2.371E-04     5.911E-02  Exchange
                           Log        Log                                 Activity
 Species              Molality   Activity      Molality      Activity   Coefficient    Type
  H+                    -7.981     -7.999     1.045E-08     1.003E-08     9.594E-01  Aqueous 
  SO4--                 -3.290     -3.366     5.132E-04     4.304E-04     8.386E-01  Aqueous 
  Zn++                  -7.108     -7.182     7.801E-08     6.569E-08     8.422E-01  Aqueous 
  Pb++                  -7.472     -7.548     3.374E-08     2.832E-08     8.395E-01  Aqueous 
  Ca++                 -10.030    -10.104     9.340E-11     7.866E-11     8.422E-01  Aqueous 
  Mg++                  -5.035     -5.108     9.228E-06     7.803E-06     8.456E-01  Aqueous 
  K+                    -5.000     -5.019     9.999E-06     9.563E-06     9.564E-01  Aqueous 
  Na+                   -3.000     -3.019     1.001E-03     9.577E-04     9.570E-01  Aqueous 
  OH-                   -5.980     -5.999     1.047E-06     1.002E-06     9.567E-01  Aqueous 
  HSO4-                 -9.359     -9.378     4.376E-10     4.189E-10     9.572E-01  Aqueous 
  CaSO4(aq)            -11.162    -11.161     6.894E-12     6.896E-12     1.000E+00  Aqueous 
  CaOH+                -14.867    -14.886     1.359E-15     1.302E-15     9.580E-01  Aqueous 
  CaHSO4+              -18.381    -18.401     4.159E-19     3.971E-19     9.548E-01  Aqueous 
  KSO4-                 -7.517     -7.536     3.043E-08     2.914E-08     9.577E-01  Aqueous 
  KOH(aq)              -11.481    -11.481     3.305E-12     3.306E-12     1.000E+00  Aqueous 
  MgSO4(aq)             -6.098     -6.098     7.985E-07     7.988E-07     1.000E+00  Aqueous 
  MgOH+                 -8.530     -8.549     2.948E-09     2.825E-09     9.582E-01  Aqueous 
  NaSO4-                -5.666     -5.685     2.157E-06     2.066E-06     9.577E-01  Aqueous 
  NaOH(aq)              -9.819     -9.819     1.518E-10     1.518E-10     1.000E+00  Aqueous 
  PbOH+                 -7.240     -7.259     5.754E-08     5.507E-08     9.570E-01  Aqueous 
  PbSO4(aq)             -8.164     -8.164     6.853E-09     6.855E-09     1.000E+00  Aqueous 
  Pb(OH)2(aq)           -8.671     -8.670     2.135E-09     2.136E-09     1.000E+00  Aqueous 
  Pb(SO4)2--           -10.730    -10.810     1.863E-11     1.548E-11     8.310E-01  Aqueous 
  Pb(OH)3-             -11.593    -11.612     2.555E-12     2.445E-12     9.570E-01  Aqueous 
  Pb2OH+++             -13.287    -13.457     5.164E-14     3.492E-14     6.763E-01  Aqueous 
  Pb(OH)4--            -15.173    -15.253     6.722E-16     5.586E-16     8.310E-01  Aqueous 
  ZnOH+                 -8.124     -8.144     7.509E-09     7.186E-09     9.570E-01  Aqueous 
  ZnSO4(aq)             -8.185     -8.185     6.530E-09     6.532E-09     1.000E+00  Aqueous 
  Zn(OH)2(aq)           -8.085     -8.085     8.219E-09     8.222E-09     1.000E+00  Aqueous 
  Zn(SO4)2--           -10.554    -10.635     2.790E-11     2.319E-11     8.310E-01  Aqueous 
  Zn(OH)3-             -11.567    -11.586     2.709E-12     2.592E-12     9.570E-01  Aqueous 
  Zn(OH)4--            -16.311    -16.388     4.885E-17     4.097E-17     8.386E-01  Aqueous 
 
  ****** Partial pressure of gases (bars) *****
 
 
  ***** Saturation state of minerals (log[Q/K] *****
 
 
 
  ***** Volum of minerals added or subtracted *****
 
 
 **************************************************************
 ------> GRID LOCATION:    90:  1:  1
 
  Temperature (C)    =     25.000
  Porosity           =      0.250
  Liquid Saturation  =      1.000
  Liquid Density     =    997.075
  Ionic Strength     =      0.002
  Solution pH        =      7.999
  Total Charge       = -1.219E-07
 
 Total Aqueous Concentrations of Primary Species 
 --------------------------------------- 
 
   Species              Molality       Type 
 H+                  -1.1250E-06     Aqueous      
 SO4--                5.1621E-04     Aqueous      
 Zn++                 1.0029E-07     Aqueous      
 Pb++                 1.0029E-07     Aqueous      
 Ca++                 1.0029E-10     Aqueous      
 Mg++                 1.0029E-05     Aqueous      
 K+                   1.0029E-05     Aqueous      
 Na+                  1.0029E-03     Aqueous      
 
 Exchangers           Equiv/kgw        Equiv/g solid    Equiv/m^3 bulk
 X-                   2.2055E-02       2.9320E-06       5.4975E+00
 Y-                   3.3082E-02       4.3980E-06       8.2462E+00
 
 Total Concentrations in Exchange Sites 
 -------------------------------------- 
 
 Exchangers           Equiv/kgw        Equiv/g solid    Equiv/m^3 bulk
 Zn++                 3.5564E-04       4.7280E-08       8.8650E-02
 Pb++                 3.2850E-04       4.3672E-08       8.1886E-02
 Ca++                 4.2582E-07       5.6610E-11       1.0614E-04
 Mg++                 2.3025E-02       3.0611E-06       5.7395E+00
 K+                   5.8644E-04       7.7963E-08       1.4618E-01
 Na+                  7.1302E-03       9.4792E-07       1.7773E+00
 
 Concentrations of Individual Species, Exchangers, and Surface Complexes 
 ----------------------------------------------------------------------- 
 
                           Log        Log                 Concentration     
 Species              Molality   Activity      Molality    Mol/m^3 blk  Type
  NaX                   -2.465     -0.809     3.427E-03     8.542E-01  Exchange
  NaY                   -2.431     -0.951     3.704E-03     9.232E-01  Exchange
  KX                    -3.766     -2.109     1.715E-04     4.275E-02  Exchange
  KY                    -3.382     -1.902     4.149E-04     1.034E-01  Exchange
  CaX2                  -6.841     -4.884     1.441E-07     3.591E-05  Exchange
  CaY2                  -6.550     -4.769     2.818E-07     7.024E-05  Exchange
  MgX2                  -2.045     -0.087     9.016E-03     2.247E+00  Exchange
  MgY2                  -1.854     -0.072     1.401E-02     3.492E+00  Exchange
  ZnX2                  -3.920     -1.962     1.203E-04     2.999E-02  Exchange
  ZnY2                  -3.628     -1.847     2.353E-04     5.866E-02  Exchange
  PbX2                  -4.039     -2.082     9.136E-05     2.277E-02  Exchange
  PbY2                  -3.625     -1.844     2.371E-04     5.911E-02  Exchange
                           Log        Log                                 Activity
 Species              Molality   Activity      Molality      Activity   Coefficient    Type
  H+                    -7.981     -7.999     1.045E-08     1.003E-08     9.594E-01  Aqueous 
  SO4--                 -3.290     -3.366     5.132E-04     4.304E-04     8.386E-01  Aqueous 
  Zn++                  -7.108     -7.182     7.801E-08     6.569E-08     8.422E-01  Aqueous 
  Pb++                  -7.472     -7.548     3.374E-08     2.832E-08     8.395E-01  Aqueous 
  Ca++                 -10.030    -10.104     9.340E-11     7.866E-11     8.422E-01  Aqueous 
  Mg++                  -5.035     -5.108     9.228E-06     7.803E-06     8.456E-01  Aqueous 
  K+                    -5.000     -5.019     9.999E-06     9.563E-06     9.564E-01  Aqueous 
  Na+                   -3.000     -3.019     1.001E-03     9.577E-04     9.570E-01  Aqueous 
  OH-                   -5.980     -5.999     1.047E-06     1.002E-06     9.567E-01  Aqueous 
  HSO4-                 -9.359     -9.378     4.376E-10     4.189E-10     9.572E-01  Aqueous 
  CaSO4(aq)            -11.162    -11.161     6.894E-12     6.896E-12     1.000E+00  Aqueous 
  CaOH+                -14.867    -14.886     1.359E-15     1.302E-15     9.580E-01  Aqueous 
  CaHSO4+              -18.381    -18.401     4.159E-19     3.971E-19     9.548E-01  Aqueous 
  KSO4-                 -7.517     -7.536     3.043E-08     2.914E-08     9.577E-01  Aqueous 
  KOH(aq)              -11.481    -11.481     3.305E-12     3.306E-12     1.000E+00  Aqueous 
  MgSO4(aq)             -6.098     -6.098     7.985E-07     7.988E-07     1.000E+00  Aqueous 
  MgOH+                 -8.530     -8.549     2.948E-09     2.825E-09     9.582E-01  Aqueous 
  NaSO4-                -5.666     -5.685     2.157E-06     2.066E-06     9.577E-01  Aqueous 
  NaOH(aq)              -9.819     -9.819     1.518E-10     1.518E-10     1.000E+00  Aqueous 
  PbOH+                 -7.240     -7.259     5.754E-08     5.507E-08     9.570E-01  Aqueous 
  PbSO4(aq)             -8.164     -8.164     6.853E-09     6.855E-09     1.000E+00  Aqueous 
  Pb(OH)2(aq)           -8.671     -8.670     2.135E-09     2.136E-09     1.000E+00  Aqueous 
  Pb(SO4)2--           -10.730    -10.810     1.863E-11     1.548E-11     8.310E-01  Aqueous 
  Pb(OH)3-             -11.593    -11.612     2.555E-12     2.445E-12     9.570E-01  Aqueous 
  Pb2OH+++             -13.287    -13.457     5.164E-14     3.492E-14     6.763E-01  Aqueous 
  Pb(OH)4--            -15.173    -15.253     6.722E-16     5.586E-16     8.310E-01  Aqueous 
  ZnOH+                 -8.124     -8.144     7.509E-09     7.186E-09     9.570E-01  Aqueous 
  ZnSO4(aq)             -8.185     -8.185     6.530E-09     6.532E-09     1.000E+00  Aqueous 
  Zn(OH)2(aq)           -8.085     -8.085     8.219E-09     8.222E-09     1.000E+00  Aqueous 
  Zn(SO4)2--           -10.554    -10.635     2.790E-11     2.319E-11     8.310E-01  Aqueous 
  Zn(OH)3-             -11.567    -11.586     2.709E-12     2.592E-12     9.570E-01  Aqueous 
  Zn(OH)4--            -16.311    -16.388     4.885E-17     4.097E-17     8.386E-01  Aqueous 
 
  ****** Partial pressure of gases (bars) *****
 
 
  ***** Saturation state of minerals (log[Q/K] *****
 
 
 
  ***** Volum of minerals added or subtracted *****
 
 
 **************************************************************
 ------> GRID LOCATION:    91:  1:  1
 
  Temperature (C)    =     25.000
  Porosity           =      0.250
  Liquid Saturation  =      1.000
  Liquid Density     =    997.075
  Ionic Strength     =      0.002
  Solution pH        =      7.999
  Total Charge       = -1.219E-07
 
 Total Aqueous Concentrations of Primary Species 
 --------------------------------------- 
 
   Species              Molality       Type 
 H+                  -1.1250E-06     Aqueous      
 SO4--                5.1621E-04     Aqueous      
 Zn++                 1.0029E-07     Aqueous      
 Pb++                 1.0029E-07     Aqueous      
 Ca++                 1.0029E-10     Aqueous      
 Mg++                 1.0029E-05     Aqueous      
 K+                   1.0029E-05     Aqueous      
 Na+                  1.0029E-03     Aqueous      
 
 Exchangers           Equiv/kgw        Equiv/g solid    Equiv/m^3 bulk
 X-                   2.2055E-02       2.9320E-06       5.4975E+00
 Y-                   3.3082E-02       4.3980E-06       8.2462E+00
 
 Total Concentrations in Exchange Sites 
 -------------------------------------- 
 
 Exchangers           Equiv/kgw        Equiv/g solid    Equiv/m^3 bulk
 Zn++                 3.5564E-04       4.7280E-08       8.8650E-02
 Pb++                 3.2850E-04       4.3672E-08       8.1886E-02
 Ca++                 4.2582E-07       5.6610E-11       1.0614E-04
 Mg++                 2.3025E-02       3.0611E-06       5.7395E+00
 K+                   5.8644E-04       7.7963E-08       1.4618E-01
 Na+                  7.1302E-03       9.4792E-07       1.7773E+00
 
 Concentrations of Individual Species, Exchangers, and Surface Complexes 
 ----------------------------------------------------------------------- 
 
                           Log        Log                 Concentration     
 Species              Molality   Activity      Molality    Mol/m^3 blk  Type
  NaX                   -2.465     -0.809     3.427E-03     8.542E-01  Exchange
  NaY                   -2.431     -0.951     3.704E-03     9.232E-01  Exchange
  KX                    -3.766     -2.109     1.715E-04     4.275E-02  Exchange
  KY                    -3.382     -1.902     4.149E-04     1.034E-01  Exchange
  CaX2                  -6.841     -4.884     1.441E-07     3.591E-05  Exchange
  CaY2                  -6.550     -4.769     2.818E-07     7.024E-05  Exchange
  MgX2                  -2.045     -0.087     9.016E-03     2.247E+00  Exchange
  MgY2                  -1.854     -0.072     1.401E-02     3.492E+00  Exchange
  ZnX2                  -3.920     -1.962     1.203E-04     2.999E-02  Exchange
  ZnY2                  -3.628     -1.847     2.353E-04     5.866E-02  Exchange
  PbX2                  -4.039     -2.082     9.136E-05     2.277E-02  Exchange
  PbY2                  -3.625     -1.844     2.371E-04     5.911E-02  Exchange
                           Log        Log                                 Activity
 Species              Molality   Activity      Molality      Activity   Coefficient    Type
  H+                    -7.981     -7.999     1.045E-08     1.003E-08     9.594E-01  Aqueous 
  SO4--                 -3.290     -3.366     5.132E-04     4.304E-04     8.386E-01  Aqueous 
  Zn++                  -7.108     -7.182     7.801E-08     6.569E-08     8.422E-01  Aqueous 
  Pb++                  -7.472     -7.548     3.374E-08     2.832E-08     8.395E-01  Aqueous 
  Ca++                 -10.030    -10.104     9.340E-11     7.866E-11     8.422E-01  Aqueous 
  Mg++                  -5.035     -5.108     9.228E-06     7.803E-06     8.456E-01  Aqueous 
  K+                    -5.000     -5.019     9.999E-06     9.563E-06     9.564E-01  Aqueous 
  Na+                   -3.000     -3.019     1.001E-03     9.577E-04     9.570E-01  Aqueous 
  OH-                   -5.980     -5.999     1.047E-06     1.002E-06     9.567E-01  Aqueous 
  HSO4-                 -9.359     -9.378     4.376E-10     4.189E-10     9.572E-01  Aqueous 
  CaSO4(aq)            -11.162    -11.161     6.894E-12     6.896E-12     1.000E+00  Aqueous 
  CaOH+                -14.867    -14.886     1.359E-15     1.302E-15     9.580E-01  Aqueous 
  CaHSO4+              -18.381    -18.401     4.159E-19     3.971E-19     9.548E-01  Aqueous 
  KSO4-                 -7.517     -7.536     3.043E-08     2.914E-08     9.577E-01  Aqueous 
  KOH(aq)              -11.481    -11.481     3.305E-12     3.306E-12     1.000E+00  Aqueous 
  MgSO4(aq)             -6.098     -6.098     7.985E-07     7.988E-07     1.000E+00  Aqueous 
  MgOH+                 -8.530     -8.549     2.948E-09     2.825E-09     9.582E-01  Aqueous 
  NaSO4-                -5.666     -5.685     2.157E-06     2.066E-06     9.577E-01  Aqueous 
  NaOH(aq)              -9.819     -9.819     1.518E-10     1.518E-10     1.000E+00  Aqueous 
  PbOH+                 -7.240     -7.259     5.754E-08     5.507E-08     9.570E-01  Aqueous 
  PbSO4(aq)             -8.164     -8.164     6.853E-09     6.855E-09     1.000E+00  Aqueous 
  Pb(OH)2(aq)           -8.671     -8.670     2.135E-09     2.136E-09     1.000E+00  Aqueous 
  Pb(SO4)2--           -10.730    -10.810     1.863E-11     1.548E-11     8.310E-01  Aqueous 
  Pb(OH)3-             -11.593    -11.612     2.555E-12     2.445E-12     9.570E-01  Aqueous 
  Pb2OH+++             -13.287    -13.457     5.164E-14     3.492E-14     6.763E-01  Aqueous 
  Pb(OH)4--            -15.173    -15.253     6.722E-16     5.586E-16     8.310E-01  Aqueous 
  ZnOH+                 -8.124     -8.144     7.509E-09     7.186E-09     9.570E-01  Aqueous 
  ZnSO4(aq)             -8.185     -8.185     6.530E-09     6.532E-09     1.000E+00  Aqueous 
  Zn(OH)2(aq)           -8.085     -8.085     8.219E-09     8.222E-09     1.000E+00  Aqueous 
  Zn(SO4)2--           -10.554    -10.635     2.790E-11     2.319E-11     8.310E-01  Aqueous 
  Zn(OH)3-             -11.567    -11.586     2.709E-12     2.592E-12     9.570E-01  Aqueous 
  Zn(OH)4--            -16.311    -16.388     4.885E-17     4.097E-17     8.386E-01  Aqueous 
 
  ****** Partial pressure of gases (bars) *****
 
 
  ***** Saturation state of minerals (log[Q/K] *****
 
 
 
  ***** Volum of minerals added or subtracted *****
 
 
 **************************************************************
 ------> GRID LOCATION:    92:  1:  1
 
  Temperature (C)    =     25.000
  Porosity           =      0.250
  Liquid Saturation  =      1.000
  Liquid Density     =    997.075
  Ionic Strength     =      0.002
  Solution pH        =      7.999
  Total Charge       = -1.219E-07
 
 Total Aqueous Concentrations of Primary Species 
 --------------------------------------- 
 
   Species              Molality       Type 
 H+                  -1.1250E-06     Aqueous      
 SO4--                5.1621E-04     Aqueous      
 Zn++                 1.0029E-07     Aqueous      
 Pb++                 1.0029E-07     Aqueous      
 Ca++                 1.0029E-10     Aqueous      
 Mg++                 1.0029E-05     Aqueous      
 K+                   1.0029E-05     Aqueous      
 Na+                  1.0029E-03     Aqueous      
 
 Exchangers           Equiv/kgw        Equiv/g solid    Equiv/m^3 bulk
 X-                   2.2055E-02       2.9320E-06       5.4975E+00
 Y-                   3.3082E-02       4.3980E-06       8.2462E+00
 
 Total Concentrations in Exchange Sites 
 -------------------------------------- 
 
 Exchangers           Equiv/kgw        Equiv/g solid    Equiv/m^3 bulk
 Zn++                 3.5564E-04       4.7280E-08       8.8650E-02
 Pb++                 3.2850E-04       4.3672E-08       8.1886E-02
 Ca++                 4.2582E-07       5.6610E-11       1.0614E-04
 Mg++                 2.3025E-02       3.0611E-06       5.7395E+00
 K+                   5.8644E-04       7.7963E-08       1.4618E-01
 Na+                  7.1302E-03       9.4792E-07       1.7773E+00
 
 Concentrations of Individual Species, Exchangers, and Surface Complexes 
 ----------------------------------------------------------------------- 
 
                           Log        Log                 Concentration     
 Species              Molality   Activity      Molality    Mol/m^3 blk  Type
  NaX                   -2.465     -0.809     3.427E-03     8.542E-01  Exchange
  NaY                   -2.431     -0.951     3.704E-03     9.232E-01  Exchange
  KX                    -3.766     -2.109     1.715E-04     4.275E-02  Exchange
  KY                    -3.382     -1.902     4.149E-04     1.034E-01  Exchange
  CaX2                  -6.841     -4.884     1.441E-07     3.591E-05  Exchange
  CaY2                  -6.550     -4.769     2.818E-07     7.024E-05  Exchange
  MgX2                  -2.045     -0.087     9.016E-03     2.247E+00  Exchange
  MgY2                  -1.854     -0.072     1.401E-02     3.492E+00  Exchange
  ZnX2                  -3.920     -1.962     1.203E-04     2.999E-02  Exchange
  ZnY2                  -3.628     -1.847     2.353E-04     5.866E-02  Exchange
  PbX2                  -4.039     -2.082     9.136E-05     2.277E-02  Exchange
  PbY2                  -3.625     -1.844     2.371E-04     5.911E-02  Exchange
                           Log        Log                                 Activity
 Species              Molality   Activity      Molality      Activity   Coefficient    Type
  H+                    -7.981     -7.999     1.045E-08     1.003E-08     9.594E-01  Aqueous 
  SO4--                 -3.290     -3.366     5.132E-04     4.304E-04     8.386E-01  Aqueous 
  Zn++                  -7.108     -7.182     7.801E-08     6.569E-08     8.422E-01  Aqueous 
  Pb++                  -7.472     -7.548     3.374E-08     2.832E-08     8.395E-01  Aqueous 
  Ca++                 -10.030    -10.104     9.340E-11     7.866E-11     8.422E-01  Aqueous 
  Mg++                  -5.035     -5.108     9.228E-06     7.803E-06     8.456E-01  Aqueous 
  K+                    -5.000     -5.019     9.999E-06     9.563E-06     9.564E-01  Aqueous 
  Na+                   -3.000     -3.019     1.001E-03     9.577E-04     9.570E-01  Aqueous 
  OH-                   -5.980     -5.999     1.047E-06     1.002E-06     9.567E-01  Aqueous 
  HSO4-                 -9.359     -9.378     4.376E-10     4.189E-10     9.572E-01  Aqueous 
  CaSO4(aq)            -11.162    -11.161     6.894E-12     6.896E-12     1.000E+00  Aqueous 
  CaOH+                -14.867    -14.886     1.359E-15     1.302E-15     9.580E-01  Aqueous 
  CaHSO4+              -18.381    -18.401     4.159E-19     3.971E-19     9.548E-01  Aqueous 
  KSO4-                 -7.517     -7.536     3.043E-08     2.914E-08     9.577E-01  Aqueous 
  KOH(aq)              -11.481    -11.481     3.305E-12     3.306E-12     1.000E+00  Aqueous 
  MgSO4(aq)             -6.098     -6.098     7.985E-07     7.988E-07     1.000E+00  Aqueous 
  MgOH+                 -8.530     -8.549     2.948E-09     2.825E-09     9.582E-01  Aqueous 
  NaSO4-                -5.666     -5.685     2.157E-06     2.066E-06     9.577E-01  Aqueous 
  NaOH(aq)              -9.819     -9.819     1.518E-10     1.518E-10     1.000E+00  Aqueous 
  PbOH+                 -7.240     -7.259     5.754E-08     5.507E-08     9.570E-01  Aqueous 
  PbSO4(aq)             -8.164     -8.164     6.853E-09     6.855E-09     1.000E+00  Aqueous 
  Pb(OH)2(aq)           -8.671     -8.670     2.135E-09     2.136E-09     1.000E+00  Aqueous 
  Pb(SO4)2--           -10.730    -10.810     1.863E-11     1.548E-11     8.310E-01  Aqueous 
  Pb(OH)3-             -11.593    -11.612     2.555E-12     2.445E-12     9.570E-01  Aqueous 
  Pb2OH+++             -13.287    -13.457     5.164E-14     3.492E-14     6.763E-01  Aqueous 
  Pb(OH)4--            -15.173    -15.253     6.722E-16     5.586E-16     8.310E-01  Aqueous 
  ZnOH+                 -8.124     -8.144     7.509E-09     7.186E-09     9.570E-01  Aqueous 
  ZnSO4(aq)             -8.185     -8.185     6.530E-09     6.532E-09     1.000E+00  Aqueous 
  Zn(OH)2(aq)           -8.085     -8.085     8.219E-09     8.222E-09     1.000E+00  Aqueous 
  Zn(SO4)2--           -10.554    -10.635     2.790E-11     2.319E-11     8.310E-01  Aqueous 
  Zn(OH)3-             -11.567    -11.586     2.709E-12     2.592E-12     9.570E-01  Aqueous 
  Zn(OH)4--            -16.311    -16.388     4.885E-17     4.097E-17     8.386E-01  Aqueous 
 
  ****** Partial pressure of gases (bars) *****
 
 
  ***** Saturation state of minerals (log[Q/K] *****
 
 
 
  ***** Volum of minerals added or subtracted *****
 
 
 **************************************************************
 ------> GRID LOCATION:    93:  1:  1
 
  Temperature (C)    =     25.000
  Porosity           =      0.250
  Liquid Saturation  =      1.000
  Liquid Density     =    997.075
  Ionic Strength     =      0.002
  Solution pH        =      7.999
  Total Charge       = -1.219E-07
 
 Total Aqueous Concentrations of Primary Species 
 --------------------------------------- 
 
   Species              Molality       Type 
 H+                  -1.1250E-06     Aqueous      
 SO4--                5.1621E-04     Aqueous      
 Zn++                 1.0029E-07     Aqueous      
 Pb++                 1.0029E-07     Aqueous      
 Ca++                 1.0029E-10     Aqueous      
 Mg++                 1.0029E-05     Aqueous      
 K+                   1.0029E-05     Aqueous      
 Na+                  1.0029E-03     Aqueous      
 
 Exchangers           Equiv/kgw        Equiv/g solid    Equiv/m^3 bulk
 X-                   2.2055E-02       2.9320E-06       5.4975E+00
 Y-                   3.3082E-02       4.3980E-06       8.2462E+00
 
 Total Concentrations in Exchange Sites 
 -------------------------------------- 
 
 Exchangers           Equiv/kgw        Equiv/g solid    Equiv/m^3 bulk
 Zn++                 3.5564E-04       4.7280E-08       8.8650E-02
 Pb++                 3.2850E-04       4.3672E-08       8.1886E-02
 Ca++                 4.2582E-07       5.6610E-11       1.0614E-04
 Mg++                 2.3025E-02       3.0611E-06       5.7395E+00
 K+                   5.8644E-04       7.7963E-08       1.4618E-01
 Na+                  7.1302E-03       9.4792E-07       1.7773E+00
 
 Concentrations of Individual Species, Exchangers, and Surface Complexes 
 ----------------------------------------------------------------------- 
 
                           Log        Log                 Concentration     
 Species              Molality   Activity      Molality    Mol/m^3 blk  Type
  NaX                   -2.465     -0.809     3.427E-03     8.542E-01  Exchange
  NaY                   -2.431     -0.951     3.704E-03     9.232E-01  Exchange
  KX                    -3.766     -2.109     1.715E-04     4.275E-02  Exchange
  KY                    -3.382     -1.902     4.149E-04     1.034E-01  Exchange
  CaX2                  -6.841     -4.884     1.441E-07     3.591E-05  Exchange
  CaY2                  -6.550     -4.769     2.818E-07     7.024E-05  Exchange
  MgX2                  -2.045     -0.087     9.016E-03     2.247E+00  Exchange
  MgY2                  -1.854     -0.072     1.401E-02     3.492E+00  Exchange
  ZnX2                  -3.920     -1.962     1.203E-04     2.999E-02  Exchange
  ZnY2                  -3.628     -1.847     2.353E-04     5.866E-02  Exchange
  PbX2                  -4.039     -2.082     9.136E-05     2.277E-02  Exchange
  PbY2                  -3.625     -1.844     2.371E-04     5.911E-02  Exchange
                           Log        Log                                 Activity
 Species              Molality   Activity      Molality      Activity   Coefficient    Type
  H+                    -7.981     -7.999     1.045E-08     1.003E-08     9.594E-01  Aqueous 
  SO4--                 -3.290     -3.366     5.132E-04     4.304E-04     8.386E-01  Aqueous 
  Zn++                  -7.108     -7.182     7.801E-08     6.569E-08     8.422E-01  Aqueous 
  Pb++                  -7.472     -7.548     3.374E-08     2.832E-08     8.395E-01  Aqueous 
  Ca++                 -10.030    -10.104     9.340E-11     7.866E-11     8.422E-01  Aqueous 
  Mg++                  -5.035     -5.108     9.228E-06     7.803E-06     8.456E-01  Aqueous 
  K+                    -5.000     -5.019     9.999E-06     9.563E-06     9.564E-01  Aqueous 
  Na+                   -3.000     -3.019     1.001E-03     9.577E-04     9.570E-01  Aqueous 
  OH-                   -5.980     -5.999     1.047E-06     1.002E-06     9.567E-01  Aqueous 
  HSO4-                 -9.359     -9.378     4.376E-10     4.189E-10     9.572E-01  Aqueous 
  CaSO4(aq)            -11.162    -11.161     6.894E-12     6.896E-12     1.000E+00  Aqueous 
  CaOH+                -14.867    -14.886     1.359E-15     1.302E-15     9.580E-01  Aqueous 
  CaHSO4+              -18.381    -18.401     4.159E-19     3.971E-19     9.548E-01  Aqueous 
  KSO4-                 -7.517     -7.536     3.043E-08     2.914E-08     9.577E-01  Aqueous 
  KOH(aq)              -11.481    -11.481     3.305E-12     3.306E-12     1.000E+00  Aqueous 
  MgSO4(aq)             -6.098     -6.098     7.985E-07     7.988E-07     1.000E+00  Aqueous 
  MgOH+                 -8.530     -8.549     2.948E-09     2.825E-09     9.582E-01  Aqueous 
  NaSO4-                -5.666     -5.685     2.157E-06     2.066E-06     9.577E-01  Aqueous 
  NaOH(aq)              -9.819     -9.819     1.518E-10     1.518E-10     1.000E+00  Aqueous 
  PbOH+                 -7.240     -7.259     5.754E-08     5.507E-08     9.570E-01  Aqueous 
  PbSO4(aq)             -8.164     -8.164     6.853E-09     6.855E-09     1.000E+00  Aqueous 
  Pb(OH)2(aq)           -8.671     -8.670     2.135E-09     2.136E-09     1.000E+00  Aqueous 
  Pb(SO4)2--           -10.730    -10.810     1.863E-11     1.548E-11     8.310E-01  Aqueous 
  Pb(OH)3-             -11.593    -11.612     2.555E-12     2.445E-12     9.570E-01  Aqueous 
  Pb2OH+++             -13.287    -13.457     5.164E-14     3.492E-14     6.763E-01  Aqueous 
  Pb(OH)4--            -15.173    -15.253     6.722E-16     5.586E-16     8.310E-01  Aqueous 
  ZnOH+                 -8.124     -8.144     7.509E-09     7.186E-09     9.570E-01  Aqueous 
  ZnSO4(aq)             -8.185     -8.185     6.530E-09     6.532E-09     1.000E+00  Aqueous 
  Zn(OH)2(aq)           -8.085     -8.085     8.219E-09     8.222E-09     1.000E+00  Aqueous 
  Zn(SO4)2--           -10.554    -10.635     2.790E-11     2.319E-11     8.310E-01  Aqueous 
  Zn(OH)3-             -11.567    -11.586     2.709E-12     2.592E-12     9.570E-01  Aqueous 
  Zn(OH)4--            -16.311    -16.388     4.885E-17     4.097E-17     8.386E-01  Aqueous 
 
  ****** Partial pressure of gases (bars) *****
 
 
  ***** Saturation state of minerals (log[Q/K] *****
 
 
 
  ***** Volum of minerals added or subtracted *****
 
 
 **************************************************************
 ------> GRID LOCATION:    94:  1:  1
 
  Temperature (C)    =     25.000
  Porosity           =      0.250
  Liquid Saturation  =      1.000
  Liquid Density     =    997.075
  Ionic Strength     =      0.002
  Solution pH        =      7.999
  Total Charge       = -1.219E-07
 
 Total Aqueous Concentrations of Primary Species 
 --------------------------------------- 
 
   Species              Molality       Type 
 H+                  -1.1250E-06     Aqueous      
 SO4--                5.1621E-04     Aqueous      
 Zn++                 1.0029E-07     Aqueous      
 Pb++                 1.0029E-07     Aqueous      
 Ca++                 1.0029E-10     Aqueous      
 Mg++                 1.0029E-05     Aqueous      
 K+                   1.0029E-05     Aqueous      
 Na+                  1.0029E-03     Aqueous      
 
 Exchangers           Equiv/kgw        Equiv/g solid    Equiv/m^3 bulk
 X-                   2.2055E-02       2.9320E-06       5.4975E+00
 Y-                   3.3082E-02       4.3980E-06       8.2462E+00
 
 Total Concentrations in Exchange Sites 
 -------------------------------------- 
 
 Exchangers           Equiv/kgw        Equiv/g solid    Equiv/m^3 bulk
 Zn++                 3.5564E-04       4.7280E-08       8.8650E-02
 Pb++                 3.2850E-04       4.3672E-08       8.1886E-02
 Ca++                 4.2582E-07       5.6610E-11       1.0614E-04
 Mg++                 2.3025E-02       3.0611E-06       5.7395E+00
 K+                   5.8644E-04       7.7963E-08       1.4618E-01
 Na+                  7.1302E-03       9.4792E-07       1.7773E+00
 
 Concentrations of Individual Species, Exchangers, and Surface Complexes 
 ----------------------------------------------------------------------- 
 
                           Log        Log                 Concentration     
 Species              Molality   Activity      Molality    Mol/m^3 blk  Type
  NaX                   -2.465     -0.809     3.427E-03     8.542E-01  Exchange
  NaY                   -2.431     -0.951     3.704E-03     9.232E-01  Exchange
  KX                    -3.766     -2.109     1.715E-04     4.275E-02  Exchange
  KY                    -3.382     -1.902     4.149E-04     1.034E-01  Exchange
  CaX2                  -6.841     -4.884     1.441E-07     3.591E-05  Exchange
  CaY2                  -6.550     -4.769     2.818E-07     7.024E-05  Exchange
  MgX2                  -2.045     -0.087     9.016E-03     2.247E+00  Exchange
  MgY2                  -1.854     -0.072     1.401E-02     3.492E+00  Exchange
  ZnX2                  -3.920     -1.962     1.203E-04     2.999E-02  Exchange
  ZnY2                  -3.628     -1.847     2.353E-04     5.866E-02  Exchange
  PbX2                  -4.039     -2.082     9.136E-05     2.277E-02  Exchange
  PbY2                  -3.625     -1.844     2.371E-04     5.911E-02  Exchange
                           Log        Log                                 Activity
 Species              Molality   Activity      Molality      Activity   Coefficient    Type
  H+                    -7.981     -7.999     1.045E-08     1.003E-08     9.594E-01  Aqueous 
  SO4--                 -3.290     -3.366     5.132E-04     4.304E-04     8.386E-01  Aqueous 
  Zn++                  -7.108     -7.182     7.801E-08     6.569E-08     8.422E-01  Aqueous 
  Pb++                  -7.472     -7.548     3.374E-08     2.832E-08     8.395E-01  Aqueous 
  Ca++                 -10.030    -10.104     9.340E-11     7.866E-11     8.422E-01  Aqueous 
  Mg++                  -5.035     -5.108     9.228E-06     7.803E-06     8.456E-01  Aqueous 
  K+                    -5.000     -5.019     9.999E-06     9.563E-06     9.564E-01  Aqueous 
  Na+                   -3.000     -3.019     1.001E-03     9.577E-04     9.570E-01  Aqueous 
  OH-                   -5.980     -5.999     1.047E-06     1.002E-06     9.567E-01  Aqueous 
  HSO4-                 -9.359     -9.378     4.376E-10     4.189E-10     9.572E-01  Aqueous 
  CaSO4(aq)            -11.162    -11.161     6.894E-12     6.896E-12     1.000E+00  Aqueous 
  CaOH+                -14.867    -14.886     1.359E-15     1.302E-15     9.580E-01  Aqueous 
  CaHSO4+              -18.381    -18.401     4.159E-19     3.971E-19     9.548E-01  Aqueous 
  KSO4-                 -7.517     -7.536     3.043E-08     2.914E-08     9.577E-01  Aqueous 
  KOH(aq)              -11.481    -11.481     3.305E-12     3.306E-12     1.000E+00  Aqueous 
  MgSO4(aq)             -6.098     -6.098     7.985E-07     7.988E-07     1.000E+00  Aqueous 
  MgOH+                 -8.530     -8.549     2.948E-09     2.825E-09     9.582E-01  Aqueous 
  NaSO4-                -5.666     -5.685     2.157E-06     2.066E-06     9.577E-01  Aqueous 
  NaOH(aq)              -9.819     -9.819     1.518E-10     1.518E-10     1.000E+00  Aqueous 
  PbOH+                 -7.240     -7.259     5.754E-08     5.507E-08     9.570E-01  Aqueous 
  PbSO4(aq)             -8.164     -8.164     6.853E-09     6.855E-09     1.000E+00  Aqueous 
  Pb(OH)2(aq)           -8.671     -8.670     2.135E-09     2.136E-09     1.000E+00  Aqueous 
  Pb(SO4)2--           -10.730    -10.810     1.863E-11     1.548E-11     8.310E-01  Aqueous 
  Pb(OH)3-             -11.593    -11.612     2.555E-12     2.445E-12     9.570E-01  Aqueous 
  Pb2OH+++             -13.287    -13.457     5.164E-14     3.492E-14     6.763E-01  Aqueous 
  Pb(OH)4--            -15.173    -15.253     6.722E-16     5.586E-16     8.310E-01  Aqueous 
  ZnOH+                 -8.124     -8.144     7.509E-09     7.186E-09     9.570E-01  Aqueous 
  ZnSO4(aq)             -8.185     -8.185     6.530E-09     6.532E-09     1.000E+00  Aqueous 
  Zn(OH)2(aq)           -8.085     -8.085     8.219E-09     8.222E-09     1.000E+00  Aqueous 
  Zn(SO4)2--           -10.554    -10.635     2.790E-11     2.319E-11     8.310E-01  Aqueous 
  Zn(OH)3-             -11.567    -11.586     2.709E-12     2.592E-12     9.570E-01  Aqueous 
  Zn(OH)4--            -16.311    -16.388     4.885E-17     4.097E-17     8.386E-01  Aqueous 
 
  ****** Partial pressure of gases (bars) *****
 
 
  ***** Saturation state of minerals (log[Q/K] *****
 
 
 
  ***** Volum of minerals added or subtracted *****
 
 
 **************************************************************
 ------> GRID LOCATION:    95:  1:  1
 
  Temperature (C)    =     25.000
  Porosity           =      0.250
  Liquid Saturation  =      1.000
  Liquid Density     =    997.075
  Ionic Strength     =      0.002
  Solution pH        =      7.999
  Total Charge       = -1.219E-07
 
 Total Aqueous Concentrations of Primary Species 
 --------------------------------------- 
 
   Species              Molality       Type 
 H+                  -1.1250E-06     Aqueous      
 SO4--                5.1621E-04     Aqueous      
 Zn++                 1.0029E-07     Aqueous      
 Pb++                 1.0029E-07     Aqueous      
 Ca++                 1.0029E-10     Aqueous      
 Mg++                 1.0029E-05     Aqueous      
 K+                   1.0029E-05     Aqueous      
 Na+                  1.0029E-03     Aqueous      
 
 Exchangers           Equiv/kgw        Equiv/g solid    Equiv/m^3 bulk
 X-                   2.2055E-02       2.9320E-06       5.4975E+00
 Y-                   3.3082E-02       4.3980E-06       8.2462E+00
 
 Total Concentrations in Exchange Sites 
 -------------------------------------- 
 
 Exchangers           Equiv/kgw        Equiv/g solid    Equiv/m^3 bulk
 Zn++                 3.5564E-04       4.7280E-08       8.8650E-02
 Pb++                 3.2850E-04       4.3672E-08       8.1886E-02
 Ca++                 4.2582E-07       5.6610E-11       1.0614E-04
 Mg++                 2.3025E-02       3.0611E-06       5.7395E+00
 K+                   5.8644E-04       7.7963E-08       1.4618E-01
 Na+                  7.1302E-03       9.4792E-07       1.7773E+00
 
 Concentrations of Individual Species, Exchangers, and Surface Complexes 
 ----------------------------------------------------------------------- 
 
                           Log        Log                 Concentration     
 Species              Molality   Activity      Molality    Mol/m^3 blk  Type
  NaX                   -2.465     -0.809     3.427E-03     8.542E-01  Exchange
  NaY                   -2.431     -0.951     3.704E-03     9.232E-01  Exchange
  KX                    -3.766     -2.109     1.715E-04     4.275E-02  Exchange
  KY                    -3.382     -1.902     4.149E-04     1.034E-01  Exchange
  CaX2                  -6.841     -4.884     1.441E-07     3.591E-05  Exchange
  CaY2                  -6.550     -4.769     2.818E-07     7.024E-05  Exchange
  MgX2                  -2.045     -0.087     9.016E-03     2.247E+00  Exchange
  MgY2                  -1.854     -0.072     1.401E-02     3.492E+00  Exchange
  ZnX2                  -3.920     -1.962     1.203E-04     2.999E-02  Exchange
  ZnY2                  -3.628     -1.847     2.353E-04     5.866E-02  Exchange
  PbX2                  -4.039     -2.082     9.136E-05     2.277E-02  Exchange
  PbY2                  -3.625     -1.844     2.371E-04     5.911E-02  Exchange
                           Log        Log                                 Activity
 Species              Molality   Activity      Molality      Activity   Coefficient    Type
  H+                    -7.981     -7.999     1.045E-08     1.003E-08     9.594E-01  Aqueous 
  SO4--                 -3.290     -3.366     5.132E-04     4.304E-04     8.386E-01  Aqueous 
  Zn++                  -7.108     -7.182     7.801E-08     6.569E-08     8.422E-01  Aqueous 
  Pb++                  -7.472     -7.548     3.374E-08     2.832E-08     8.395E-01  Aqueous 
  Ca++                 -10.030    -10.104     9.340E-11     7.866E-11     8.422E-01  Aqueous 
  Mg++                  -5.035     -5.108     9.228E-06     7.803E-06     8.456E-01  Aqueous 
  K+                    -5.000     -5.019     9.999E-06     9.563E-06     9.564E-01  Aqueous 
  Na+                   -3.000     -3.019     1.001E-03     9.577E-04     9.570E-01  Aqueous 
  OH-                   -5.980     -5.999     1.047E-06     1.002E-06     9.567E-01  Aqueous 
  HSO4-                 -9.359     -9.378     4.376E-10     4.189E-10     9.572E-01  Aqueous 
  CaSO4(aq)            -11.162    -11.161     6.894E-12     6.896E-12     1.000E+00  Aqueous 
  CaOH+                -14.867    -14.886     1.359E-15     1.302E-15     9.580E-01  Aqueous 
  CaHSO4+              -18.381    -18.401     4.159E-19     3.971E-19     9.548E-01  Aqueous 
  KSO4-                 -7.517     -7.536     3.043E-08     2.914E-08     9.577E-01  Aqueous 
  KOH(aq)              -11.481    -11.481     3.305E-12     3.306E-12     1.000E+00  Aqueous 
  MgSO4(aq)             -6.098     -6.098     7.985E-07     7.988E-07     1.000E+00  Aqueous 
  MgOH+                 -8.530     -8.549     2.948E-09     2.825E-09     9.582E-01  Aqueous 
  NaSO4-                -5.666     -5.685     2.157E-06     2.066E-06     9.577E-01  Aqueous 
  NaOH(aq)              -9.819     -9.819     1.518E-10     1.518E-10     1.000E+00  Aqueous 
  PbOH+                 -7.240     -7.259     5.754E-08     5.507E-08     9.570E-01  Aqueous 
  PbSO4(aq)             -8.164     -8.164     6.853E-09     6.855E-09     1.000E+00  Aqueous 
  Pb(OH)2(aq)           -8.671     -8.670     2.135E-09     2.136E-09     1.000E+00  Aqueous 
  Pb(SO4)2--           -10.730    -10.810     1.863E-11     1.548E-11     8.310E-01  Aqueous 
  Pb(OH)3-             -11.593    -11.612     2.555E-12     2.445E-12     9.570E-01  Aqueous 
  Pb2OH+++             -13.287    -13.457     5.164E-14     3.492E-14     6.763E-01  Aqueous 
  Pb(OH)4--            -15.173    -15.253     6.722E-16     5.586E-16     8.310E-01  Aqueous 
  ZnOH+                 -8.124     -8.144     7.509E-09     7.186E-09     9.570E-01  Aqueous 
  ZnSO4(aq)             -8.185     -8.185     6.530E-09     6.532E-09     1.000E+00  Aqueous 
  Zn(OH)2(aq)           -8.085     -8.085     8.219E-09     8.222E-09     1.000E+00  Aqueous 
  Zn(SO4)2--           -10.554    -10.635     2.790E-11     2.319E-11     8.310E-01  Aqueous 
  Zn(OH)3-             -11.567    -11.586     2.709E-12     2.592E-12     9.570E-01  Aqueous 
  Zn(OH)4--            -16.311    -16.388     4.885E-17     4.097E-17     8.386E-01  Aqueous 
 
  ****** Partial pressure of gases (bars) *****
 
 
  ***** Saturation state of minerals (log[Q/K] *****
 
 
 
  ***** Volum of minerals added or subtracted *****
 
 
 **************************************************************
 ------> GRID LOCATION:    96:  1:  1
 
  Temperature (C)    =     25.000
  Porosity           =      0.250
  Liquid Saturation  =      1.000
  Liquid Density     =    997.075
  Ionic Strength     =      0.002
  Solution pH        =      7.999
  Total Charge       = -1.219E-07
 
 Total Aqueous Concentrations of Primary Species 
 --------------------------------------- 
 
   Species              Molality       Type 
 H+                  -1.1250E-06     Aqueous      
 SO4--                5.1621E-04     Aqueous      
 Zn++                 1.0029E-07     Aqueous      
 Pb++                 1.0029E-07     Aqueous      
 Ca++                 1.0029E-10     Aqueous      
 Mg++                 1.0029E-05     Aqueous      
 K+                   1.0029E-05     Aqueous      
 Na+                  1.0029E-03     Aqueous      
 
 Exchangers           Equiv/kgw        Equiv/g solid    Equiv/m^3 bulk
 X-                   2.2055E-02       2.9320E-06       5.4975E+00
 Y-                   3.3082E-02       4.3980E-06       8.2462E+00
 
 Total Concentrations in Exchange Sites 
 -------------------------------------- 
 
 Exchangers           Equiv/kgw        Equiv/g solid    Equiv/m^3 bulk
 Zn++                 3.5564E-04       4.7280E-08       8.8650E-02
 Pb++                 3.2850E-04       4.3672E-08       8.1886E-02
 Ca++                 4.2582E-07       5.6610E-11       1.0614E-04
 Mg++                 2.3025E-02       3.0611E-06       5.7395E+00
 K+                   5.8644E-04       7.7963E-08       1.4618E-01
 Na+                  7.1302E-03       9.4792E-07       1.7773E+00
 
 Concentrations of Individual Species, Exchangers, and Surface Complexes 
 ----------------------------------------------------------------------- 
 
                           Log        Log                 Concentration     
 Species              Molality   Activity      Molality    Mol/m^3 blk  Type
  NaX                   -2.465     -0.809     3.427E-03     8.542E-01  Exchange
  NaY                   -2.431     -0.951     3.704E-03     9.232E-01  Exchange
  KX                    -3.766     -2.109     1.715E-04     4.275E-02  Exchange
  KY                    -3.382     -1.902     4.149E-04     1.034E-01  Exchange
  CaX2                  -6.841     -4.884     1.441E-07     3.591E-05  Exchange
  CaY2                  -6.550     -4.769     2.818E-07     7.024E-05  Exchange
  MgX2                  -2.045     -0.087     9.016E-03     2.247E+00  Exchange
  MgY2                  -1.854     -0.072     1.401E-02     3.492E+00  Exchange
  ZnX2                  -3.920     -1.962     1.203E-04     2.999E-02  Exchange
  ZnY2                  -3.628     -1.847     2.353E-04     5.866E-02  Exchange
  PbX2                  -4.039     -2.082     9.136E-05     2.277E-02  Exchange
  PbY2                  -3.625     -1.844     2.371E-04     5.911E-02  Exchange
                           Log        Log                                 Activity
 Species              Molality   Activity      Molality      Activity   Coefficient    Type
  H+                    -7.981     -7.999     1.045E-08     1.003E-08     9.594E-01  Aqueous 
  SO4--                 -3.290     -3.366     5.132E-04     4.304E-04     8.386E-01  Aqueous 
  Zn++                  -7.108     -7.182     7.801E-08     6.569E-08     8.422E-01  Aqueous 
  Pb++                  -7.472     -7.548     3.374E-08     2.832E-08     8.395E-01  Aqueous 
  Ca++                 -10.030    -10.104     9.340E-11     7.866E-11     8.422E-01  Aqueous 
  Mg++                  -5.035     -5.108     9.228E-06     7.803E-06     8.456E-01  Aqueous 
  K+                    -5.000     -5.019     9.999E-06     9.563E-06     9.564E-01  Aqueous 
  Na+                   -3.000     -3.019     1.001E-03     9.577E-04     9.570E-01  Aqueous 
  OH-                   -5.980     -5.999     1.047E-06     1.002E-06     9.567E-01  Aqueous 
  HSO4-                 -9.359     -9.378     4.376E-10     4.189E-10     9.572E-01  Aqueous 
  CaSO4(aq)            -11.162    -11.161     6.894E-12     6.896E-12     1.000E+00  Aqueous 
  CaOH+                -14.867    -14.886     1.359E-15     1.302E-15     9.580E-01  Aqueous 
  CaHSO4+              -18.381    -18.401     4.159E-19     3.971E-19     9.548E-01  Aqueous 
  KSO4-                 -7.517     -7.536     3.043E-08     2.914E-08     9.577E-01  Aqueous 
  KOH(aq)              -11.481    -11.481     3.305E-12     3.306E-12     1.000E+00  Aqueous 
  MgSO4(aq)             -6.098     -6.098     7.985E-07     7.988E-07     1.000E+00  Aqueous 
  MgOH+                 -8.530     -8.549     2.948E-09     2.825E-09     9.582E-01  Aqueous 
  NaSO4-                -5.666     -5.685     2.157E-06     2.066E-06     9.577E-01  Aqueous 
  NaOH(aq)              -9.819     -9.819     1.518E-10     1.518E-10     1.000E+00  Aqueous 
  PbOH+                 -7.240     -7.259     5.754E-08     5.507E-08     9.570E-01  Aqueous 
  PbSO4(aq)             -8.164     -8.164     6.853E-09     6.855E-09     1.000E+00  Aqueous 
  Pb(OH)2(aq)           -8.671     -8.670     2.135E-09     2.136E-09     1.000E+00  Aqueous 
  Pb(SO4)2--           -10.730    -10.810     1.863E-11     1.548E-11     8.310E-01  Aqueous 
  Pb(OH)3-             -11.593    -11.612     2.555E-12     2.445E-12     9.570E-01  Aqueous 
  Pb2OH+++             -13.287    -13.457     5.164E-14     3.492E-14     6.763E-01  Aqueous 
  Pb(OH)4--            -15.173    -15.253     6.722E-16     5.586E-16     8.310E-01  Aqueous 
  ZnOH+                 -8.124     -8.144     7.509E-09     7.186E-09     9.570E-01  Aqueous 
  ZnSO4(aq)             -8.185     -8.185     6.530E-09     6.532E-09     1.000E+00  Aqueous 
  Zn(OH)2(aq)           -8.085     -8.085     8.219E-09     8.222E-09     1.000E+00  Aqueous 
  Zn(SO4)2--           -10.554    -10.635     2.790E-11     2.319E-11     8.310E-01  Aqueous 
  Zn(OH)3-             -11.567    -11.586     2.709E-12     2.592E-12     9.570E-01  Aqueous 
  Zn(OH)4--            -16.311    -16.388     4.885E-17     4.097E-17     8.386E-01  Aqueous 
 
  ****** Partial pressure of gases (bars) *****
 
 
  ***** Saturation state of minerals (log[Q/K] *****
 
 
 
  ***** Volum of minerals added or subtracted *****
 
 
 **************************************************************
 ------> GRID LOCATION:    97:  1:  1
 
  Temperature (C)    =     25.000
  Porosity           =      0.250
  Liquid Saturation  =      1.000
  Liquid Density     =    997.075
  Ionic Strength     =      0.002
  Solution pH        =      7.999
  Total Charge       = -1.219E-07
 
 Total Aqueous Concentrations of Primary Species 
 --------------------------------------- 
 
   Species              Molality       Type 
 H+                  -1.1250E-06     Aqueous      
 SO4--                5.1621E-04     Aqueous      
 Zn++                 1.0029E-07     Aqueous      
 Pb++                 1.0029E-07     Aqueous      
 Ca++                 1.0029E-10     Aqueous      
 Mg++                 1.0029E-05     Aqueous      
 K+                   1.0029E-05     Aqueous      
 Na+                  1.0029E-03     Aqueous      
 
 Exchangers           Equiv/kgw        Equiv/g solid    Equiv/m^3 bulk
 X-                   2.2055E-02       2.9320E-06       5.4975E+00
 Y-                   3.3082E-02       4.3980E-06       8.2462E+00
 
 Total Concentrations in Exchange Sites 
 -------------------------------------- 
 
 Exchangers           Equiv/kgw        Equiv/g solid    Equiv/m^3 bulk
 Zn++                 3.5564E-04       4.7280E-08       8.8650E-02
 Pb++                 3.2850E-04       4.3672E-08       8.1886E-02
 Ca++                 4.2582E-07       5.6610E-11       1.0614E-04
 Mg++                 2.3025E-02       3.0611E-06       5.7395E+00
 K+                   5.8644E-04       7.7963E-08       1.4618E-01
 Na+                  7.1302E-03       9.4792E-07       1.7773E+00
 
 Concentrations of Individual Species, Exchangers, and Surface Complexes 
 ----------------------------------------------------------------------- 
 
                           Log        Log                 Concentration     
 Species              Molality   Activity      Molality    Mol/m^3 blk  Type
  NaX                   -2.465     -0.809     3.427E-03     8.542E-01  Exchange
  NaY                   -2.431     -0.951     3.704E-03     9.232E-01  Exchange
  KX                    -3.766     -2.109     1.715E-04     4.275E-02  Exchange
  KY                    -3.382     -1.902     4.149E-04     1.034E-01  Exchange
  CaX2                  -6.841     -4.884     1.441E-07     3.591E-05  Exchange
  CaY2                  -6.550     -4.769     2.818E-07     7.024E-05  Exchange
  MgX2                  -2.045     -0.087     9.016E-03     2.247E+00  Exchange
  MgY2                  -1.854     -0.072     1.401E-02     3.492E+00  Exchange
  ZnX2                  -3.920     -1.962     1.203E-04     2.999E-02  Exchange
  ZnY2                  -3.628     -1.847     2.353E-04     5.866E-02  Exchange
  PbX2                  -4.039     -2.082     9.136E-05     2.277E-02  Exchange
  PbY2                  -3.625     -1.844     2.371E-04     5.911E-02  Exchange
                           Log        Log                                 Activity
 Species              Molality   Activity      Molality      Activity   Coefficient    Type
  H+                    -7.981     -7.999     1.045E-08     1.003E-08     9.594E-01  Aqueous 
  SO4--                 -3.290     -3.366     5.132E-04     4.304E-04     8.386E-01  Aqueous 
  Zn++                  -7.108     -7.182     7.801E-08     6.569E-08     8.422E-01  Aqueous 
  Pb++                  -7.472     -7.548     3.374E-08     2.832E-08     8.395E-01  Aqueous 
  Ca++                 -10.030    -10.104     9.340E-11     7.866E-11     8.422E-01  Aqueous 
  Mg++                  -5.035     -5.108     9.228E-06     7.803E-06     8.456E-01  Aqueous 
  K+                    -5.000     -5.019     9.999E-06     9.563E-06     9.564E-01  Aqueous 
  Na+                   -3.000     -3.019     1.001E-03     9.577E-04     9.570E-01  Aqueous 
  OH-                   -5.980     -5.999     1.047E-06     1.002E-06     9.567E-01  Aqueous 
  HSO4-                 -9.359     -9.378     4.376E-10     4.189E-10     9.572E-01  Aqueous 
  CaSO4(aq)            -11.162    -11.161     6.894E-12     6.896E-12     1.000E+00  Aqueous 
  CaOH+                -14.867    -14.886     1.359E-15     1.302E-15     9.580E-01  Aqueous 
  CaHSO4+              -18.381    -18.401     4.159E-19     3.971E-19     9.548E-01  Aqueous 
  KSO4-                 -7.517     -7.536     3.043E-08     2.914E-08     9.577E-01  Aqueous 
  KOH(aq)              -11.481    -11.481     3.305E-12     3.306E-12     1.000E+00  Aqueous 
  MgSO4(aq)             -6.098     -6.098     7.985E-07     7.988E-07     1.000E+00  Aqueous 
  MgOH+                 -8.530     -8.549     2.948E-09     2.825E-09     9.582E-01  Aqueous 
  NaSO4-                -5.666     -5.685     2.157E-06     2.066E-06     9.577E-01  Aqueous 
  NaOH(aq)              -9.819     -9.819     1.518E-10     1.518E-10     1.000E+00  Aqueous 
  PbOH+                 -7.240     -7.259     5.754E-08     5.507E-08     9.570E-01  Aqueous 
  PbSO4(aq)             -8.164     -8.164     6.853E-09     6.855E-09     1.000E+00  Aqueous 
  Pb(OH)2(aq)           -8.671     -8.670     2.135E-09     2.136E-09     1.000E+00  Aqueous 
  Pb(SO4)2--           -10.730    -10.810     1.863E-11     1.548E-11     8.310E-01  Aqueous 
  Pb(OH)3-             -11.593    -11.612     2.555E-12     2.445E-12     9.570E-01  Aqueous 
  Pb2OH+++             -13.287    -13.457     5.164E-14     3.492E-14     6.763E-01  Aqueous 
  Pb(OH)4--            -15.173    -15.253     6.722E-16     5.586E-16     8.310E-01  Aqueous 
  ZnOH+                 -8.124     -8.144     7.509E-09     7.186E-09     9.570E-01  Aqueous 
  ZnSO4(aq)             -8.185     -8.185     6.530E-09     6.532E-09     1.000E+00  Aqueous 
  Zn(OH)2(aq)           -8.085     -8.085     8.219E-09     8.222E-09     1.000E+00  Aqueous 
  Zn(SO4)2--           -10.554    -10.635     2.790E-11     2.319E-11     8.310E-01  Aqueous 
  Zn(OH)3-             -11.567    -11.586     2.709E-12     2.592E-12     9.570E-01  Aqueous 
  Zn(OH)4--            -16.311    -16.388     4.885E-17     4.097E-17     8.386E-01  Aqueous 
 
  ****** Partial pressure of gases (bars) *****
 
 
  ***** Saturation state of minerals (log[Q/K] *****
 
 
 
  ***** Volum of minerals added or subtracted *****
 
 
 **************************************************************
 ------> GRID LOCATION:    98:  1:  1
 
  Temperature (C)    =     25.000
  Porosity           =      0.250
  Liquid Saturation  =      1.000
  Liquid Density     =    997.075
  Ionic Strength     =      0.002
  Solution pH        =      7.999
  Total Charge       = -1.219E-07
 
 Total Aqueous Concentrations of Primary Species 
 --------------------------------------- 
 
   Species              Molality       Type 
 H+                  -1.1250E-06     Aqueous      
 SO4--                5.1621E-04     Aqueous      
 Zn++                 1.0029E-07     Aqueous      
 Pb++                 1.0029E-07     Aqueous      
 Ca++                 1.0029E-10     Aqueous      
 Mg++                 1.0029E-05     Aqueous      
 K+                   1.0029E-05     Aqueous      
 Na+                  1.0029E-03     Aqueous      
 
 Exchangers           Equiv/kgw        Equiv/g solid    Equiv/m^3 bulk
 X-                   2.2055E-02       2.9320E-06       5.4975E+00
 Y-                   3.3082E-02       4.3980E-06       8.2462E+00
 
 Total Concentrations in Exchange Sites 
 -------------------------------------- 
 
 Exchangers           Equiv/kgw        Equiv/g solid    Equiv/m^3 bulk
 Zn++                 3.5564E-04       4.7280E-08       8.8650E-02
 Pb++                 3.2850E-04       4.3672E-08       8.1886E-02
 Ca++                 4.2582E-07       5.6610E-11       1.0614E-04
 Mg++                 2.3025E-02       3.0611E-06       5.7395E+00
 K+                   5.8644E-04       7.7963E-08       1.4618E-01
 Na+                  7.1302E-03       9.4792E-07       1.7773E+00
 
 Concentrations of Individual Species, Exchangers, and Surface Complexes 
 ----------------------------------------------------------------------- 
 
                           Log        Log                 Concentration     
 Species              Molality   Activity      Molality    Mol/m^3 blk  Type
  NaX                   -2.465     -0.809     3.427E-03     8.542E-01  Exchange
  NaY                   -2.431     -0.951     3.704E-03     9.232E-01  Exchange
  KX                    -3.766     -2.109     1.715E-04     4.275E-02  Exchange
  KY                    -3.382     -1.902     4.149E-04     1.034E-01  Exchange
  CaX2                  -6.841     -4.884     1.441E-07     3.591E-05  Exchange
  CaY2                  -6.550     -4.769     2.818E-07     7.024E-05  Exchange
  MgX2                  -2.045     -0.087     9.016E-03     2.247E+00  Exchange
  MgY2                  -1.854     -0.072     1.401E-02     3.492E+00  Exchange
  ZnX2                  -3.920     -1.962     1.203E-04     2.999E-02  Exchange
  ZnY2                  -3.628     -1.847     2.353E-04     5.866E-02  Exchange
  PbX2                  -4.039     -2.082     9.136E-05     2.277E-02  Exchange
  PbY2                  -3.625     -1.844     2.371E-04     5.911E-02  Exchange
                           Log        Log                                 Activity
 Species              Molality   Activity      Molality      Activity   Coefficient    Type
  H+                    -7.981     -7.999     1.045E-08     1.003E-08     9.594E-01  Aqueous 
  SO4--                 -3.290     -3.366     5.132E-04     4.304E-04     8.386E-01  Aqueous 
  Zn++                  -7.108     -7.182     7.801E-08     6.569E-08     8.422E-01  Aqueous 
  Pb++                  -7.472     -7.548     3.374E-08     2.832E-08     8.395E-01  Aqueous 
  Ca++                 -10.030    -10.104     9.340E-11     7.866E-11     8.422E-01  Aqueous 
  Mg++                  -5.035     -5.108     9.228E-06     7.803E-06     8.456E-01  Aqueous 
  K+                    -5.000     -5.019     9.999E-06     9.563E-06     9.564E-01  Aqueous 
  Na+                   -3.000     -3.019     1.001E-03     9.577E-04     9.570E-01  Aqueous 
  OH-                   -5.980     -5.999     1.047E-06     1.002E-06     9.567E-01  Aqueous 
  HSO4-                 -9.359     -9.378     4.376E-10     4.189E-10     9.572E-01  Aqueous 
  CaSO4(aq)            -11.162    -11.161     6.894E-12     6.896E-12     1.000E+00  Aqueous 
  CaOH+                -14.867    -14.886     1.359E-15     1.302E-15     9.580E-01  Aqueous 
  CaHSO4+              -18.381    -18.401     4.159E-19     3.971E-19     9.548E-01  Aqueous 
  KSO4-                 -7.517     -7.536     3.043E-08     2.914E-08     9.577E-01  Aqueous 
  KOH(aq)              -11.481    -11.481     3.305E-12     3.306E-12     1.000E+00  Aqueous 
  MgSO4(aq)             -6.098     -6.098     7.985E-07     7.988E-07     1.000E+00  Aqueous 
  MgOH+                 -8.530     -8.549     2.948E-09     2.825E-09     9.582E-01  Aqueous 
  NaSO4-                -5.666     -5.685     2.157E-06     2.066E-06     9.577E-01  Aqueous 
  NaOH(aq)              -9.819     -9.819     1.518E-10     1.518E-10     1.000E+00  Aqueous 
  PbOH+                 -7.240     -7.259     5.754E-08     5.507E-08     9.570E-01  Aqueous 
  PbSO4(aq)             -8.164     -8.164     6.853E-09     6.855E-09     1.000E+00  Aqueous 
  Pb(OH)2(aq)           -8.671     -8.670     2.135E-09     2.136E-09     1.000E+00  Aqueous 
  Pb(SO4)2--           -10.730    -10.810     1.863E-11     1.548E-11     8.310E-01  Aqueous 
  Pb(OH)3-             -11.593    -11.612     2.555E-12     2.445E-12     9.570E-01  Aqueous 
  Pb2OH+++             -13.287    -13.457     5.164E-14     3.492E-14     6.763E-01  Aqueous 
  Pb(OH)4--            -15.173    -15.253     6.722E-16     5.586E-16     8.310E-01  Aqueous 
  ZnOH+                 -8.124     -8.144     7.509E-09     7.186E-09     9.570E-01  Aqueous 
  ZnSO4(aq)             -8.185     -8.185     6.530E-09     6.532E-09     1.000E+00  Aqueous 
  Zn(OH)2(aq)           -8.085     -8.085     8.219E-09     8.222E-09     1.000E+00  Aqueous 
  Zn(SO4)2--           -10.554    -10.635     2.790E-11     2.319E-11     8.310E-01  Aqueous 
  Zn(OH)3-             -11.567    -11.586     2.709E-12     2.592E-12     9.570E-01  Aqueous 
  Zn(OH)4--            -16.311    -16.388     4.885E-17     4.097E-17     8.386E-01  Aqueous 
 
  ****** Partial pressure of gases (bars) *****
 
 
  ***** Saturation state of minerals (log[Q/K] *****
 
 
 
  ***** Volum of minerals added or subtracted *****
 
 
 **************************************************************
 ------> GRID LOCATION:    99:  1:  1
 
  Temperature (C)    =     25.000
  Porosity           =      0.250
  Liquid Saturation  =      1.000
  Liquid Density     =    997.075
  Ionic Strength     =      0.002
  Solution pH        =      7.999
  Total Charge       = -1.219E-07
 
 Total Aqueous Concentrations of Primary Species 
 --------------------------------------- 
 
   Species              Molality       Type 
 H+                  -1.1250E-06     Aqueous      
 SO4--                5.1621E-04     Aqueous      
 Zn++                 1.0029E-07     Aqueous      
 Pb++                 1.0029E-07     Aqueous      
 Ca++                 1.0029E-10     Aqueous      
 Mg++                 1.0029E-05     Aqueous      
 K+                   1.0029E-05     Aqueous      
 Na+                  1.0029E-03     Aqueous      
 
 Exchangers           Equiv/kgw        Equiv/g solid    Equiv/m^3 bulk
 X-                   2.2055E-02       2.9320E-06       5.4975E+00
 Y-                   3.3082E-02       4.3980E-06       8.2462E+00
 
 Total Concentrations in Exchange Sites 
 -------------------------------------- 
 
 Exchangers           Equiv/kgw        Equiv/g solid    Equiv/m^3 bulk
 Zn++                 3.5564E-04       4.7280E-08       8.8650E-02
 Pb++                 3.2850E-04       4.3672E-08       8.1886E-02
 Ca++                 4.2582E-07       5.6610E-11       1.0614E-04
 Mg++                 2.3025E-02       3.0611E-06       5.7395E+00
 K+                   5.8644E-04       7.7963E-08       1.4618E-01
 Na+                  7.1302E-03       9.4792E-07       1.7773E+00
 
 Concentrations of Individual Species, Exchangers, and Surface Complexes 
 ----------------------------------------------------------------------- 
 
                           Log        Log                 Concentration     
 Species              Molality   Activity      Molality    Mol/m^3 blk  Type
  NaX                   -2.465     -0.809     3.427E-03     8.542E-01  Exchange
  NaY                   -2.431     -0.951     3.704E-03     9.232E-01  Exchange
  KX                    -3.766     -2.109     1.715E-04     4.275E-02  Exchange
  KY                    -3.382     -1.902     4.149E-04     1.034E-01  Exchange
  CaX2                  -6.841     -4.884     1.441E-07     3.591E-05  Exchange
  CaY2                  -6.550     -4.769     2.818E-07     7.024E-05  Exchange
  MgX2                  -2.045     -0.087     9.016E-03     2.247E+00  Exchange
  MgY2                  -1.854     -0.072     1.401E-02     3.492E+00  Exchange
  ZnX2                  -3.920     -1.962     1.203E-04     2.999E-02  Exchange
  ZnY2                  -3.628     -1.847     2.353E-04     5.866E-02  Exchange
  PbX2                  -4.039     -2.082     9.136E-05     2.277E-02  Exchange
  PbY2                  -3.625     -1.844     2.371E-04     5.911E-02  Exchange
                           Log        Log                                 Activity
 Species              Molality   Activity      Molality      Activity   Coefficient    Type
  H+                    -7.981     -7.999     1.045E-08     1.003E-08     9.594E-01  Aqueous 
  SO4--                 -3.290     -3.366     5.132E-04     4.304E-04     8.386E-01  Aqueous 
  Zn++                  -7.108     -7.182     7.801E-08     6.569E-08     8.422E-01  Aqueous 
  Pb++                  -7.472     -7.548     3.374E-08     2.832E-08     8.395E-01  Aqueous 
  Ca++                 -10.030    -10.104     9.340E-11     7.866E-11     8.422E-01  Aqueous 
  Mg++                  -5.035     -5.108     9.228E-06     7.803E-06     8.456E-01  Aqueous 
  K+                    -5.000     -5.019     9.999E-06     9.563E-06     9.564E-01  Aqueous 
  Na+                   -3.000     -3.019     1.001E-03     9.577E-04     9.570E-01  Aqueous 
  OH-                   -5.980     -5.999     1.047E-06     1.002E-06     9.567E-01  Aqueous 
  HSO4-                 -9.359     -9.378     4.376E-10     4.189E-10     9.572E-01  Aqueous 
  CaSO4(aq)            -11.162    -11.161     6.894E-12     6.896E-12     1.000E+00  Aqueous 
  CaOH+                -14.867    -14.886     1.359E-15     1.302E-15     9.580E-01  Aqueous 
  CaHSO4+              -18.381    -18.401     4.159E-19     3.971E-19     9.548E-01  Aqueous 
  KSO4-                 -7.517     -7.536     3.043E-08     2.914E-08     9.577E-01  Aqueous 
  KOH(aq)              -11.481    -11.481     3.305E-12     3.306E-12     1.000E+00  Aqueous 
  MgSO4(aq)             -6.098     -6.098     7.985E-07     7.988E-07     1.000E+00  Aqueous 
  MgOH+                 -8.530     -8.549     2.948E-09     2.825E-09     9.582E-01  Aqueous 
  NaSO4-                -5.666     -5.685     2.157E-06     2.066E-06     9.577E-01  Aqueous 
  NaOH(aq)              -9.819     -9.819     1.518E-10     1.518E-10     1.000E+00  Aqueous 
  PbOH+                 -7.240     -7.259     5.754E-08     5.507E-08     9.570E-01  Aqueous 
  PbSO4(aq)             -8.164     -8.164     6.853E-09     6.855E-09     1.000E+00  Aqueous 
  Pb(OH)2(aq)           -8.671     -8.670     2.135E-09     2.136E-09     1.000E+00  Aqueous 
  Pb(SO4)2--           -10.730    -10.810     1.863E-11     1.548E-11     8.310E-01  Aqueous 
  Pb(OH)3-             -11.593    -11.612     2.555E-12     2.445E-12     9.570E-01  Aqueous 
  Pb2OH+++             -13.287    -13.457     5.164E-14     3.492E-14     6.763E-01  Aqueous 
  Pb(OH)4--            -15.173    -15.253     6.722E-16     5.586E-16     8.310E-01  Aqueous 
  ZnOH+                 -8.124     -8.144     7.509E-09     7.186E-09     9.570E-01  Aqueous 
  ZnSO4(aq)             -8.185     -8.185     6.530E-09     6.532E-09     1.000E+00  Aqueous 
  Zn(OH)2(aq)           -8.085     -8.085     8.219E-09     8.222E-09     1.000E+00  Aqueous 
  Zn(SO4)2--           -10.554    -10.635     2.790E-11     2.319E-11     8.310E-01  Aqueous 
  Zn(OH)3-             -11.567    -11.586     2.709E-12     2.592E-12     9.570E-01  Aqueous 
  Zn(OH)4--            -16.311    -16.388     4.885E-17     4.097E-17     8.386E-01  Aqueous 
 
  ****** Partial pressure of gases (bars) *****
 
 
  ***** Saturation state of minerals (log[Q/K] *****
 
 
 
  ***** Volum of minerals added or subtracted *****
 
 
 **************************************************************
 ------> GRID LOCATION:   100:  1:  1
 
  Temperature (C)    =     25.000
  Porosity           =      0.250
  Liquid Saturation  =      1.000
  Liquid Density     =    997.075
  Ionic Strength     =      0.002
  Solution pH        =      7.999
  Total Charge       = -1.219E-07
 
 Total Aqueous Concentrations of Primary Species 
 --------------------------------------- 
 
   Species              Molality       Type 
 H+                  -1.1250E-06     Aqueous      
 SO4--                5.1621E-04     Aqueous      
 Zn++                 1.0029E-07     Aqueous      
 Pb++                 1.0029E-07     Aqueous      
 Ca++                 1.0029E-10     Aqueous      
 Mg++                 1.0029E-05     Aqueous      
 K+                   1.0029E-05     Aqueous      
 Na+                  1.0029E-03     Aqueous      
 
 Exchangers           Equiv/kgw        Equiv/g solid    Equiv/m^3 bulk
 X-                   2.2055E-02       2.9320E-06       5.4975E+00
 Y-                   3.3082E-02       4.3980E-06       8.2462E+00
 
 Total Concentrations in Exchange Sites 
 -------------------------------------- 
 
 Exchangers           Equiv/kgw        Equiv/g solid    Equiv/m^3 bulk
 Zn++                 3.5564E-04       4.7280E-08       8.8650E-02
 Pb++                 3.2850E-04       4.3672E-08       8.1886E-02
 Ca++                 4.2582E-07       5.6610E-11       1.0614E-04
 Mg++                 2.3025E-02       3.0611E-06       5.7395E+00
 K+                   5.8644E-04       7.7963E-08       1.4618E-01
 Na+                  7.1302E-03       9.4792E-07       1.7773E+00
 
 Concentrations of Individual Species, Exchangers, and Surface Complexes 
 ----------------------------------------------------------------------- 
 
                           Log        Log                 Concentration     
 Species              Molality   Activity      Molality    Mol/m^3 blk  Type
  NaX                   -2.465     -0.809     3.427E-03     8.542E-01  Exchange
  NaY                   -2.431     -0.951     3.704E-03     9.232E-01  Exchange
  KX                    -3.766     -2.109     1.715E-04     4.275E-02  Exchange
  KY                    -3.382     -1.902     4.149E-04     1.034E-01  Exchange
  CaX2                  -6.841     -4.884     1.441E-07     3.591E-05  Exchange
  CaY2                  -6.550     -4.769     2.818E-07     7.024E-05  Exchange
  MgX2                  -2.045     -0.087     9.016E-03     2.247E+00  Exchange
  MgY2                  -1.854     -0.072     1.401E-02     3.492E+00  Exchange
  ZnX2                  -3.920     -1.962     1.203E-04     2.999E-02  Exchange
  ZnY2                  -3.628     -1.847     2.353E-04     5.866E-02  Exchange
  PbX2                  -4.039     -2.082     9.136E-05     2.277E-02  Exchange
  PbY2                  -3.625     -1.844     2.371E-04     5.911E-02  Exchange
                           Log        Log                                 Activity
 Species              Molality   Activity      Molality      Activity   Coefficient    Type
  H+                    -7.981     -7.999     1.045E-08     1.003E-08     9.594E-01  Aqueous 
  SO4--                 -3.290     -3.366     5.132E-04     4.304E-04     8.386E-01  Aqueous 
  Zn++                  -7.108     -7.182     7.801E-08     6.569E-08     8.422E-01  Aqueous 
  Pb++                  -7.472     -7.548     3.374E-08     2.832E-08     8.395E-01  Aqueous 
  Ca++                 -10.030    -10.104     9.340E-11     7.866E-11     8.422E-01  Aqueous 
  Mg++                  -5.035     -5.108     9.228E-06     7.803E-06     8.456E-01  Aqueous 
  K+                    -5.000     -5.019     9.999E-06     9.563E-06     9.564E-01  Aqueous 
  Na+                   -3.000     -3.019     1.001E-03     9.577E-04     9.570E-01  Aqueous 
  OH-                   -5.980     -5.999     1.047E-06     1.002E-06     9.567E-01  Aqueous 
  HSO4-                 -9.359     -9.378     4.376E-10     4.189E-10     9.572E-01  Aqueous 
  CaSO4(aq)            -11.162    -11.161     6.894E-12     6.896E-12     1.000E+00  Aqueous 
  CaOH+                -14.867    -14.886     1.359E-15     1.302E-15     9.580E-01  Aqueous 
  CaHSO4+              -18.381    -18.401     4.159E-19     3.971E-19     9.548E-01  Aqueous 
  KSO4-                 -7.517     -7.536     3.043E-08     2.914E-08     9.577E-01  Aqueous 
  KOH(aq)              -11.481    -11.481     3.305E-12     3.306E-12     1.000E+00  Aqueous 
  MgSO4(aq)             -6.098     -6.098     7.985E-07     7.988E-07     1.000E+00  Aqueous 
  MgOH+                 -8.530     -8.549     2.948E-09     2.825E-09     9.582E-01  Aqueous 
  NaSO4-                -5.666     -5.685     2.157E-06     2.066E-06     9.577E-01  Aqueous 
  NaOH(aq)              -9.819     -9.819     1.518E-10     1.518E-10     1.000E+00  Aqueous 
  PbOH+                 -7.240     -7.259     5.754E-08     5.507E-08     9.570E-01  Aqueous 
  PbSO4(aq)             -8.164     -8.164     6.853E-09     6.855E-09     1.000E+00  Aqueous 
  Pb(OH)2(aq)           -8.671     -8.670     2.135E-09     2.136E-09     1.000E+00  Aqueous 
  Pb(SO4)2--           -10.730    -10.810     1.863E-11     1.548E-11     8.310E-01  Aqueous 
  Pb(OH)3-             -11.593    -11.612     2.555E-12     2.445E-12     9.570E-01  Aqueous 
  Pb2OH+++             -13.287    -13.457     5.164E-14     3.492E-14     6.763E-01  Aqueous 
  Pb(OH)4--            -15.173    -15.253     6.722E-16     5.586E-16     8.310E-01  Aqueous 
  ZnOH+                 -8.124     -8.144     7.509E-09     7.186E-09     9.570E-01  Aqueous 
  ZnSO4(aq)             -8.185     -8.185     6.530E-09     6.532E-09     1.000E+00  Aqueous 
  Zn(OH)2(aq)           -8.085     -8.085     8.219E-09     8.222E-09     1.000E+00  Aqueous 
  Zn(SO4)2--           -10.554    -10.635     2.790E-11     2.319E-11     8.310E-01  Aqueous 
  Zn(OH)3-             -11.567    -11.586     2.709E-12     2.592E-12     9.570E-01  Aqueous 
  Zn(OH)4--            -16.311    -16.388     4.885E-17     4.097E-17     8.386E-01  Aqueous 
 
  ****** Partial pressure of gases (bars) *****
 
 
  ***** Saturation state of minerals (log[Q/K] *****
 
 
 
  ***** Volum of minerals added or subtracted *****
 
 
 **************************************************************
 ------> GRID LOCATION:   101:  1:  1
 
  Temperature (C)    =     25.000
  Porosity           =      0.250
  Liquid Saturation  =      1.000
  Liquid Density     =    997.075
  Ionic Strength     =      0.002
  Solution pH        =      7.999
  Total Charge       = -1.219E-07
 
 Total Aqueous Concentrations of Primary Species 
 --------------------------------------- 
 
   Species              Molality       Type 
 H+                  -1.1250E-06     Aqueous      
 SO4--                5.1621E-04     Aqueous      
 Zn++                 1.0029E-07     Aqueous      
 Pb++                 1.0029E-07     Aqueous      
 Ca++                 1.0029E-10     Aqueous      
 Mg++                 1.0029E-05     Aqueous      
 K+                   1.0029E-05     Aqueous      
 Na+                  1.0029E-03     Aqueous      
 
 Exchangers           Equiv/kgw        Equiv/g solid    Equiv/m^3 bulk
 X-                   2.2055E-02       2.9320E-06       5.4975E+00
 Y-                   3.3082E-02       4.3980E-06       8.2462E+00
 
 Total Concentrations in Exchange Sites 
 -------------------------------------- 
 
 Exchangers           Equiv/kgw        Equiv/g solid    Equiv/m^3 bulk
 Zn++                 3.5564E-04       4.7280E-08       8.8650E-02
 Pb++                 3.2850E-04       4.3672E-08       8.1886E-02
 Ca++                 4.2582E-07       5.6610E-11       1.0614E-04
 Mg++                 2.3025E-02       3.0611E-06       5.7395E+00
 K+                   5.8644E-04       7.7963E-08       1.4618E-01
 Na+                  7.1302E-03       9.4792E-07       1.7773E+00
 
 Concentrations of Individual Species, Exchangers, and Surface Complexes 
 ----------------------------------------------------------------------- 
 
                           Log        Log                 Concentration     
 Species              Molality   Activity      Molality    Mol/m^3 blk  Type
  NaX                   -2.465     -0.809     3.427E-03     8.542E-01  Exchange
  NaY                   -2.431     -0.951     3.704E-03     9.232E-01  Exchange
  KX                    -3.766     -2.109     1.715E-04     4.275E-02  Exchange
  KY                    -3.382     -1.902     4.149E-04     1.034E-01  Exchange
  CaX2                  -6.841     -4.884     1.441E-07     3.591E-05  Exchange
  CaY2                  -6.550     -4.769     2.818E-07     7.024E-05  Exchange
  MgX2                  -2.045     -0.087     9.016E-03     2.247E+00  Exchange
  MgY2                  -1.854     -0.072     1.401E-02     3.492E+00  Exchange
  ZnX2                  -3.920     -1.962     1.203E-04     2.999E-02  Exchange
  ZnY2                  -3.628     -1.847     2.353E-04     5.866E-02  Exchange
  PbX2                  -4.039     -2.082     9.136E-05     2.277E-02  Exchange
  PbY2                  -3.625     -1.844     2.371E-04     5.911E-02  Exchange
                           Log        Log                                 Activity
 Species              Molality   Activity      Molality      Activity   Coefficient    Type
  H+                    -7.981     -7.999     1.045E-08     1.003E-08     9.594E-01  Aqueous 
  SO4--                 -3.290     -3.366     5.132E-04     4.304E-04     8.386E-01  Aqueous 
  Zn++                  -7.108     -7.182     7.801E-08     6.569E-08     8.422E-01  Aqueous 
  Pb++                  -7.472     -7.548     3.374E-08     2.832E-08     8.395E-01  Aqueous 
  Ca++                 -10.030    -10.104     9.340E-11     7.866E-11     8.422E-01  Aqueous 
  Mg++                  -5.035     -5.108     9.228E-06     7.803E-06     8.456E-01  Aqueous 
  K+                    -5.000     -5.019     9.999E-06     9.563E-06     9.564E-01  Aqueous 
  Na+                   -3.000     -3.019     1.001E-03     9.577E-04     9.570E-01  Aqueous 
  OH-                   -5.980     -5.999     1.047E-06     1.002E-06     9.567E-01  Aqueous 
  HSO4-                 -9.359     -9.378     4.376E-10     4.189E-10     9.572E-01  Aqueous 
  CaSO4(aq)            -11.162    -11.161     6.894E-12     6.896E-12     1.000E+00  Aqueous 
  CaOH+                -14.867    -14.886     1.359E-15     1.302E-15     9.580E-01  Aqueous 
  CaHSO4+              -18.381    -18.401     4.159E-19     3.971E-19     9.548E-01  Aqueous 
  KSO4-                 -7.517     -7.536     3.043E-08     2.914E-08     9.577E-01  Aqueous 
  KOH(aq)              -11.481    -11.481     3.305E-12     3.306E-12     1.000E+00  Aqueous 
  MgSO4(aq)             -6.098     -6.098     7.985E-07     7.988E-07     1.000E+00  Aqueous 
  MgOH+                 -8.530     -8.549     2.948E-09     2.825E-09     9.582E-01  Aqueous 
  NaSO4-                -5.666     -5.685     2.157E-06     2.066E-06     9.577E-01  Aqueous 
  NaOH(aq)              -9.819     -9.819     1.518E-10     1.518E-10     1.000E+00  Aqueous 
  PbOH+                 -7.240     -7.259     5.754E-08     5.507E-08     9.570E-01  Aqueous 
  PbSO4(aq)             -8.164     -8.164     6.853E-09     6.855E-09     1.000E+00  Aqueous 
  Pb(OH)2(aq)           -8.671     -8.670     2.135E-09     2.136E-09     1.000E+00  Aqueous 
  Pb(SO4)2--           -10.730    -10.810     1.863E-11     1.548E-11     8.310E-01  Aqueous 
  Pb(OH)3-             -11.593    -11.612     2.555E-12     2.445E-12     9.570E-01  Aqueous 
  Pb2OH+++             -13.287    -13.457     5.164E-14     3.492E-14     6.763E-01  Aqueous 
  Pb(OH)4--            -15.173    -15.253     6.722E-16     5.586E-16     8.310E-01  Aqueous 
  ZnOH+                 -8.124     -8.144     7.509E-09     7.186E-09     9.570E-01  Aqueous 
  ZnSO4(aq)             -8.185     -8.185     6.530E-09     6.532E-09     1.000E+00  Aqueous 
  Zn(OH)2(aq)           -8.085     -8.085     8.219E-09     8.222E-09     1.000E+00  Aqueous 
  Zn(SO4)2--           -10.554    -10.635     2.790E-11     2.319E-11     8.310E-01  Aqueous 
  Zn(OH)3-             -11.567    -11.586     2.709E-12     2.592E-12     9.570E-01  Aqueous 
  Zn(OH)4--            -16.311    -16.388     4.885E-17     4.097E-17     8.386E-01  Aqueous 
 
  ****** Partial pressure of gases (bars) *****
 
 
  ***** Saturation state of minerals (log[Q/K] *****
 
 
 
  ***** Volum of minerals added or subtracted *****
 
 
