# Time          1.0000E+01
 
 **************************************************************
 ------> GRID LOCATION:     1:  1:  1
 
  Temperature (C)    =     25.000
  Porosity           =      0.250
  Liquid Saturation  =      1.000
  Liquid Density     =    997.075
  Ionic Strength     =      0.010
  Solution pH        =      2.999
  Total Charge       = -2.351E-06
 
 Total Aqueous Concentrations of Primary Species 
 --------------------------------------- 
 
   Species              Molality       Type 
 H+                   1.2884E-03     Aqueous      
 SO4--                3.6542E-03     Aqueous      
 Zn++                 1.0029E-03     Aqueous      
 Pb++                 1.0029E-03     Aqueous      
 Ca++                 1.0029E-03     Aqueous      
 Mg++                 1.0039E-10     Aqueous      
 K+                   1.0029E-10     Aqueous      
 Na+                  1.0029E-10     Aqueous      
 
 Exchangers           Equiv/kgw        Equiv/g solid    Equiv/m^3 bulk
 X-                   4.9623E-02       6.5970E-06       1.2369E+01
 Y-                   5.5136E-03       7.3300E-07       1.3744E+00
 
 Total Concentrations in Exchange Sites 
 -------------------------------------- 
 
 Exchangers           Equiv/kgw        Equiv/g solid    Equiv/m^3 bulk
 Zn++                 8.0989E-03       1.0767E-06       2.0188E+00
 Pb++                 1.1132E-02       1.4799E-06       2.7748E+00
 Ca++                 8.3375E-03       1.1084E-06       2.0783E+00
 Mg++                 5.0969E-10       6.7760E-14       1.2705E-07
 K+                   2.3959E-10       3.1852E-14       5.9722E-08
 Na+                  4.4700E-11       5.9426E-15       1.1142E-08
 
 Concentrations of Individual Species, Exchangers, and Surface Complexes 
 ----------------------------------------------------------------------- 
 
                           Log        Log                 Concentration     
 Species              Molality   Activity      Molality    Mol/m^3 blk  Type
  NaX                  -10.377     -9.073     4.193E-11     1.045E-08  Exchange
  NaY                  -11.558     -9.300     2.766E-12     6.894E-10  Exchange
  KX                    -9.680     -8.376     2.088E-10     5.204E-08  Exchange
  KY                   -10.511     -8.253     3.083E-11     7.684E-09  Exchange
  CaX2                  -2.120     -0.514     7.591E-03     1.892E+00  Exchange
  CaY2                  -3.127     -0.567     7.465E-04     1.861E-01  Exchange
  MgX2                  -9.325     -7.720     4.728E-10     1.178E-07  Exchange
  MgY2                 -10.433     -7.873     3.693E-11     9.206E-09  Exchange
  ZnX2                  -2.132     -0.527     7.374E-03     1.838E+00  Exchange
  ZnY2                  -3.140     -0.580     7.252E-04     1.808E-01  Exchange
  PbX2                  -2.007     -0.401     9.847E-03     2.454E+00  Exchange
  PbY2                  -2.891     -0.331     1.285E-03     3.203E-01  Exchange
                           Log        Log                                 Activity
 Species              Molality   Activity      Molality      Activity   Coefficient    Type
  H+                    -2.959     -2.999     1.100E-03     1.003E-03     9.122E-01  Aqueous 
  SO4--                 -2.577     -2.760     2.650E-03     1.738E-03     6.557E-01  Aqueous 
  Zn++                  -3.104     -3.277     7.865E-04     5.280E-04     6.713E-01  Aqueous 
  Pb++                  -3.217     -3.398     6.068E-04     4.004E-04     6.598E-01  Aqueous 
  Ca++                  -3.092     -3.265     8.097E-04     5.436E-04     6.713E-01  Aqueous 
  Mg++                 -10.106    -10.270     7.826E-11     5.366E-11     6.856E-01  Aqueous 
  K+                   -10.004    -10.051     9.908E-11     8.888E-11     8.970E-01  Aqueous 
  Na+                  -10.002    -10.048     9.943E-11     8.948E-11     8.999E-01  Aqueous 
  OH-                  -10.953    -10.999     1.115E-11     1.002E-11     8.985E-01  Aqueous 
  HSO4-                 -3.727     -3.772     1.877E-04     1.691E-04     9.013E-01  Aqueous 
  CaSO4(aq)             -3.717     -3.716     1.920E-04     1.924E-04     1.002E+00  Aqueous 
  CaOH+                -13.003    -13.046     9.937E-14     8.995E-14     9.052E-01  Aqueous 
  CaHSO4+               -5.903     -5.955     1.249E-06     1.108E-06     8.872E-01  Aqueous 
  KSO4-                -11.917    -11.961     1.210E-12     1.093E-12     9.037E-01  Aqueous 
  KOH(aq)              -21.514    -21.512     3.065E-22     3.073E-22     1.002E+00  Aqueous 
  MgSO4(aq)            -10.655    -10.654     2.213E-11     2.218E-11     1.002E+00  Aqueous 
  MgOH+                -18.669    -18.712     2.143E-19     1.942E-19     9.064E-01  Aqueous 
  NaSO4-               -12.064    -12.108     8.624E-13     7.793E-13     9.037E-01  Aqueous 
  NaOH(aq)             -21.849    -21.848     1.415E-22     1.418E-22     1.002E+00  Aqueous 
  PbOH+                 -8.063     -8.109     8.650E-09     7.784E-09     8.999E-01  Aqueous 
  PbSO4(aq)             -3.409     -3.408     3.903E-04     3.913E-04     1.002E+00  Aqueous 
  Pb(OH)2(aq)          -14.521    -14.520     3.012E-15     3.019E-15     1.002E+00  Aqueous 
  Pb(SO4)2--            -5.240     -5.448     5.758E-06     3.568E-06     6.197E-01  Aqueous 
  Pb(OH)3-             -22.416    -22.461     3.841E-23     3.457E-23     8.999E-01  Aqueous 
  Pb2OH+++              -9.756    -10.156     1.755E-10     6.977E-11     3.976E-01  Aqueous 
  Pb(OH)4--            -30.895    -31.103     1.274E-31     7.895E-32     6.197E-01  Aqueous 
  ZnOH+                 -9.193     -9.238     6.418E-10     5.776E-10     8.999E-01  Aqueous 
  ZnSO4(aq)             -3.675     -3.674     2.115E-04     2.120E-04     1.002E+00  Aqueous 
  Zn(OH)2(aq)          -14.181    -14.180     6.593E-15     6.609E-15     1.002E+00  Aqueous 
  Zn(SO4)2--            -5.310     -5.517     4.903E-06     3.039E-06     6.197E-01  Aqueous 
  Zn(OH)3-             -22.635    -22.681     2.316E-23     2.084E-23     8.999E-01  Aqueous 
  Zn(OH)4--            -32.299    -32.482     5.022E-33     3.293E-33     6.557E-01  Aqueous 
 
  ****** Partial pressure of gases (bars) *****
 
 
  ***** Saturation state of minerals (log[Q/K] *****
 
 
 
  ***** Volum of minerals added or subtracted *****
 
 
 **************************************************************
 ------> GRID LOCATION:     2:  1:  1
 
  Temperature (C)    =     25.000
  Porosity           =      0.250
  Liquid Saturation  =      1.000
  Liquid Density     =    997.075
  Ionic Strength     =      0.010
  Solution pH        =      2.999
  Total Charge       = -2.351E-06
 
 Total Aqueous Concentrations of Primary Species 
 --------------------------------------- 
 
   Species              Molality       Type 
 H+                   1.2884E-03     Aqueous      
 SO4--                3.6542E-03     Aqueous      
 Zn++                 1.0034E-03     Aqueous      
 Pb++                 1.0019E-03     Aqueous      
 Ca++                 1.0034E-03     Aqueous      
 Mg++                 6.5990E-08     Aqueous      
 K+                   1.0042E-10     Aqueous      
 Na+                  1.0029E-10     Aqueous      
 
 Exchangers           Equiv/kgw        Equiv/g solid    Equiv/m^3 bulk
 X-                   4.9623E-02       6.5970E-06       1.2369E+01
 Y-                   5.5136E-03       7.3300E-07       1.3744E+00
 
 Total Concentrations in Exchange Sites 
 -------------------------------------- 
 
 Exchangers           Equiv/kgw        Equiv/g solid    Equiv/m^3 bulk
 Zn++                 8.1037E-03       1.0773E-06       2.0200E+00
 Pb++                 1.1122E-02       1.4786E-06       2.7723E+00
 Ca++                 8.3422E-03       1.1090E-06       2.0794E+00
 Mg++                 3.3509E-07       4.4548E-11       8.3528E-05
 K+                   2.3991E-10       3.1894E-14       5.9801E-08
 Na+                  4.4703E-11       5.9429E-15       1.1143E-08
 
 Concentrations of Individual Species, Exchangers, and Surface Complexes 
 ----------------------------------------------------------------------- 
 
                           Log        Log                 Concentration     
 Species              Molality   Activity      Molality    Mol/m^3 blk  Type
  NaX                  -10.377     -9.073     4.194E-11     1.045E-08  Exchange
  NaY                  -11.558     -9.300     2.766E-12     6.895E-10  Exchange
  KX                    -9.680     -8.375     2.090E-10     5.211E-08  Exchange
  KY                   -10.510     -8.252     3.087E-11     7.694E-09  Exchange
  CaX2                  -2.119     -0.514     7.595E-03     1.893E+00  Exchange
  CaY2                  -3.127     -0.567     7.470E-04     1.862E-01  Exchange
  MgX2                  -6.508     -4.902     3.108E-07     7.747E-05  Exchange
  MgY2                  -7.615     -5.055     2.428E-08     6.053E-06  Exchange
  ZnX2                  -2.132     -0.527     7.378E-03     1.839E+00  Exchange
  ZnY2                  -3.139     -0.580     7.257E-04     1.809E-01  Exchange
  PbX2                  -2.007     -0.402     9.838E-03     2.452E+00  Exchange
  PbY2                  -2.891     -0.332     1.284E-03     3.201E-01  Exchange
                           Log        Log                                 Activity
 Species              Molality   Activity      Molality      Activity   Coefficient    Type
  H+                    -2.959     -2.999     1.099E-03     1.003E-03     9.122E-01  Aqueous 
  SO4--                 -2.577     -2.760     2.650E-03     1.738E-03     6.557E-01  Aqueous 
  Zn++                  -3.104     -3.277     7.869E-04     5.283E-04     6.713E-01  Aqueous 
  Pb++                  -3.217     -3.398     6.062E-04     4.000E-04     6.598E-01  Aqueous 
  Ca++                  -3.091     -3.265     8.101E-04     5.438E-04     6.713E-01  Aqueous 
  Mg++                  -7.289     -7.453     5.144E-08     3.527E-08     6.856E-01  Aqueous 
  K+                   -10.003    -10.051     9.921E-11     8.899E-11     8.970E-01  Aqueous 
  Na+                  -10.002    -10.048     9.943E-11     8.948E-11     8.999E-01  Aqueous 
  OH-                  -10.953    -10.999     1.115E-11     1.002E-11     8.984E-01  Aqueous 
  HSO4-                 -3.727     -3.772     1.877E-04     1.692E-04     9.013E-01  Aqueous 
  CaSO4(aq)             -3.717     -3.716     1.921E-04     1.925E-04     1.002E+00  Aqueous 
  CaOH+                -13.003    -13.046     9.942E-14     8.999E-14     9.052E-01  Aqueous 
  CaHSO4+               -5.903     -5.955     1.249E-06     1.109E-06     8.872E-01  Aqueous 
  KSO4-                -11.917    -11.961     1.212E-12     1.095E-12     9.036E-01  Aqueous 
  KOH(aq)              -21.513    -21.512     3.069E-22     3.077E-22     1.002E+00  Aqueous 
  MgSO4(aq)             -7.837     -7.836     1.455E-08     1.458E-08     1.002E+00  Aqueous 
  MgOH+                -15.851    -15.894     1.409E-16     1.277E-16     9.064E-01  Aqueous 
  NaSO4-               -12.064    -12.108     8.624E-13     7.793E-13     9.036E-01  Aqueous 
  NaOH(aq)             -21.849    -21.848     1.415E-22     1.418E-22     1.002E+00  Aqueous 
  PbOH+                 -8.063     -8.109     8.641E-09     7.776E-09     8.999E-01  Aqueous 
  PbSO4(aq)             -3.409     -3.408     3.899E-04     3.909E-04     1.002E+00  Aqueous 
  Pb(OH)2(aq)          -14.522    -14.521     3.009E-15     3.016E-15     1.002E+00  Aqueous 
  Pb(SO4)2--            -5.240     -5.448     5.753E-06     3.565E-06     6.197E-01  Aqueous 
  Pb(OH)3-             -22.416    -22.462     3.837E-23     3.453E-23     8.999E-01  Aqueous 
  Pb2OH+++              -9.757    -10.157     1.751E-10     6.963E-11     3.976E-01  Aqueous 
  Pb(OH)4--            -30.895    -31.103     1.273E-31     7.888E-32     6.197E-01  Aqueous 
  ZnOH+                 -9.192     -9.238     6.421E-10     5.778E-10     8.999E-01  Aqueous 
  ZnSO4(aq)             -3.674     -3.673     2.116E-04     2.121E-04     1.002E+00  Aqueous 
  Zn(OH)2(aq)          -14.181    -14.180     6.596E-15     6.612E-15     1.002E+00  Aqueous 
  Zn(SO4)2--            -5.309     -5.517     4.906E-06     3.040E-06     6.197E-01  Aqueous 
  Zn(OH)3-             -22.635    -22.681     2.317E-23     2.085E-23     8.999E-01  Aqueous 
  Zn(OH)4--            -32.299    -32.482     5.024E-33     3.295E-33     6.557E-01  Aqueous 
 
  ****** Partial pressure of gases (bars) *****
 
 
  ***** Saturation state of minerals (log[Q/K] *****
 
 
 
  ***** Volum of minerals added or subtracted *****
 
 
 **************************************************************
 ------> GRID LOCATION:     3:  1:  1
 
  Temperature (C)    =     25.000
  Porosity           =      0.250
  Liquid Saturation  =      1.000
  Liquid Density     =    997.075
  Ionic Strength     =      0.010
  Solution pH        =      2.999
  Total Charge       = -2.351E-06
 
 Total Aqueous Concentrations of Primary Species 
 --------------------------------------- 
 
   Species              Molality       Type 
 H+                   1.2884E-03     Aqueous      
 SO4--                3.6542E-03     Aqueous      
 Zn++                 1.0065E-03     Aqueous      
 Pb++                 9.9526E-04     Aqueous      
 Ca++                 1.0061E-03     Aqueous      
 Mg++                 9.6546E-07     Aqueous      
 K+                   1.0356E-10     Aqueous      
 Na+                  1.0030E-10     Aqueous      
 
 Exchangers           Equiv/kgw        Equiv/g solid    Equiv/m^3 bulk
 X-                   4.9623E-02       6.5970E-06       1.2369E+01
 Y-                   5.5136E-03       7.3300E-07       1.3744E+00
 
 Total Concentrations in Exchange Sites 
 -------------------------------------- 
 
 Exchangers           Equiv/kgw        Equiv/g solid    Equiv/m^3 bulk
 Zn++                 8.1353E-03       1.0815E-06       2.0279E+00
 Pb++                 1.1057E-02       1.4699E-06       2.7560E+00
 Ca++                 8.3714E-03       1.1129E-06       2.0867E+00
 Mg++                 4.9065E-06       6.5228E-10       1.2230E-03
 K+                   2.4752E-10       3.2906E-14       6.1699E-08
 Na+                  4.4724E-11       5.9457E-15       1.1148E-08
 
 Concentrations of Individual Species, Exchangers, and Surface Complexes 
 ----------------------------------------------------------------------- 
 
                           Log        Log                 Concentration     
 Species              Molality   Activity      Molality    Mol/m^3 blk  Type
  NaX                  -10.377     -9.073     4.196E-11     1.046E-08  Exchange
  NaY                  -11.558     -9.299     2.768E-12     6.901E-10  Exchange
  KX                    -9.666     -8.362     2.157E-10     5.376E-08  Exchange
  KY                   -10.497     -8.238     3.186E-11     7.941E-09  Exchange
  CaX2                  -2.118     -0.513     7.621E-03     1.900E+00  Exchange
  CaY2                  -3.125     -0.565     7.501E-04     1.870E-01  Exchange
  MgX2                  -5.342     -3.737     4.551E-06     1.134E-03  Exchange
  MgY2                  -6.449     -3.889     3.558E-07     8.869E-05  Exchange
  ZnX2                  -2.130     -0.525     7.406E-03     1.846E+00  Exchange
  ZnY2                  -3.137     -0.578     7.290E-04     1.817E-01  Exchange
  PbX2                  -2.010     -0.404     9.779E-03     2.438E+00  Exchange
  PbY2                  -2.894     -0.334     1.277E-03     3.184E-01  Exchange
                           Log        Log                                 Activity
 Species              Molality   Activity      Molality      Activity   Coefficient    Type
  H+                    -2.959     -2.999     1.099E-03     1.003E-03     9.122E-01  Aqueous 
  SO4--                 -2.577     -2.760     2.651E-03     1.738E-03     6.557E-01  Aqueous 
  Zn++                  -3.103     -3.276     7.893E-04     5.298E-04     6.713E-01  Aqueous 
  Pb++                  -3.220     -3.401     6.021E-04     3.972E-04     6.597E-01  Aqueous 
  Ca++                  -3.090     -3.263     8.122E-04     5.452E-04     6.713E-01  Aqueous 
  Mg++                  -6.123     -6.287     7.526E-07     5.160E-07     6.856E-01  Aqueous 
  K+                    -9.990    -10.037     1.023E-10     9.177E-11     8.970E-01  Aqueous 
  Na+                  -10.002    -10.048     9.943E-11     8.948E-11     8.999E-01  Aqueous 
  OH-                  -10.953    -10.999     1.115E-11     1.002E-11     8.984E-01  Aqueous 
  HSO4-                 -3.726     -3.772     1.877E-04     1.692E-04     9.012E-01  Aqueous 
  CaSO4(aq)             -3.715     -3.714     1.926E-04     1.931E-04     1.002E+00  Aqueous 
  CaOH+                -13.001    -13.045     9.968E-14     9.023E-14     9.052E-01  Aqueous 
  CaHSO4+               -5.902     -5.954     1.253E-06     1.112E-06     8.872E-01  Aqueous 
  KSO4-                -11.903    -11.947     1.250E-12     1.129E-12     9.036E-01  Aqueous 
  KOH(aq)              -21.500    -21.499     3.165E-22     3.173E-22     1.002E+00  Aqueous 
  MgSO4(aq)             -6.672     -6.671     2.129E-07     2.134E-07     1.002E+00  Aqueous 
  MgOH+                -14.686    -14.729     2.061E-15     1.868E-15     9.064E-01  Aqueous 
  NaSO4-               -12.064    -12.108     8.627E-13     7.796E-13     9.036E-01  Aqueous 
  NaOH(aq)             -21.849    -21.848     1.415E-22     1.419E-22     1.002E+00  Aqueous 
  PbOH+                 -8.066     -8.112     8.583E-09     7.723E-09     8.999E-01  Aqueous 
  PbSO4(aq)             -3.412     -3.411     3.874E-04     3.883E-04     1.002E+00  Aqueous 
  Pb(OH)2(aq)          -14.524    -14.523     2.989E-15     2.996E-15     1.002E+00  Aqueous 
  Pb(SO4)2--            -5.243     -5.451     5.718E-06     3.543E-06     6.196E-01  Aqueous 
  Pb(OH)3-             -22.419    -22.465     3.812E-23     3.430E-23     8.999E-01  Aqueous 
  Pb2OH+++              -9.763    -10.163     1.728E-10     6.868E-11     3.975E-01  Aqueous 
  Pb(OH)4--            -30.898    -31.106     1.265E-31     7.836E-32     6.196E-01  Aqueous 
  ZnOH+                 -9.191     -9.237     6.441E-10     5.796E-10     8.999E-01  Aqueous 
  ZnSO4(aq)             -3.673     -3.672     2.123E-04     2.128E-04     1.002E+00  Aqueous 
  Zn(OH)2(aq)          -14.179    -14.178     6.617E-15     6.632E-15     1.002E+00  Aqueous 
  Zn(SO4)2--            -5.308     -5.516     4.924E-06     3.051E-06     6.196E-01  Aqueous 
  Zn(OH)3-             -22.634    -22.680     2.324E-23     2.091E-23     8.999E-01  Aqueous 
  Zn(OH)4--            -32.297    -32.481     5.041E-33     3.305E-33     6.557E-01  Aqueous 
 
  ****** Partial pressure of gases (bars) *****
 
 
  ***** Saturation state of minerals (log[Q/K] *****
 
 
 
  ***** Volum of minerals added or subtracted *****
 
 
 **************************************************************
 ------> GRID LOCATION:     4:  1:  1
 
  Temperature (C)    =     25.000
  Porosity           =      0.250
  Liquid Saturation  =      1.000
  Liquid Density     =    997.075
  Ionic Strength     =      0.010
  Solution pH        =      2.999
  Total Charge       = -2.351E-06
 
 Total Aqueous Concentrations of Primary Species 
 --------------------------------------- 
 
   Species              Molality       Type 
 H+                   1.2884E-03     Aqueous      
 SO4--                3.6542E-03     Aqueous      
 Zn++                 1.0162E-03     Aqueous      
 Pb++                 9.7145E-04     Aqueous      
 Ca++                 1.0137E-03     Aqueous      
 Mg++                 7.4409E-06     Aqueous      
 K+                   1.4503E-10     Aqueous      
 Na+                  1.0031E-10     Aqueous      
 
 Exchangers           Equiv/kgw        Equiv/g solid    Equiv/m^3 bulk
 X-                   4.9623E-02       6.5970E-06       1.2369E+01
 Y-                   5.5136E-03       7.3300E-07       1.3744E+00
 
 Total Concentrations in Exchange Sites 
 -------------------------------------- 
 
 Exchangers           Equiv/kgw        Equiv/g solid    Equiv/m^3 bulk
 Zn++                 8.2412E-03       1.0956E-06       2.0543E+00
 Pb++                 1.0826E-02       1.4393E-06       2.6987E+00
 Ca++                 8.4627E-03       1.1251E-06       2.1095E+00
 Mg++                 3.7939E-05       5.0437E-09       9.4569E-03
 K+                   3.4728E-10       4.6168E-14       8.6565E-08
 Na+                  4.4807E-11       5.9568E-15       1.1169E-08
 
 Concentrations of Individual Species, Exchangers, and Surface Complexes 
 ----------------------------------------------------------------------- 
 
                           Log        Log                 Concentration     
 Species              Molality   Activity      Molality    Mol/m^3 blk  Type
  NaX                  -10.376     -9.072     4.203E-11     1.048E-08  Exchange
  NaY                  -11.556     -9.298     2.777E-12     6.922E-10  Exchange
  KX                    -9.519     -8.215     3.025E-10     7.541E-08  Exchange
  KY                   -10.349     -8.091     4.475E-11     1.115E-08  Exchange
  CaX2                  -2.113     -0.508     7.703E-03     1.920E+00  Exchange
  CaY2                  -3.119     -0.560     7.601E-04     1.895E-01  Exchange
  MgX2                  -4.454     -2.848     3.518E-05     8.769E-03  Exchange
  MgY2                  -5.559     -3.000     2.758E-06     6.874E-04  Exchange
  ZnX2                  -2.125     -0.520     7.501E-03     1.870E+00  Exchange
  ZnY2                  -3.131     -0.571     7.402E-04     1.845E-01  Exchange
  PbX2                  -2.019     -0.414     9.573E-03     2.386E+00  Exchange
  PbY2                  -2.902     -0.342     1.254E-03     3.125E-01  Exchange
                           Log        Log                                 Activity
 Species              Molality   Activity      Molality      Activity   Coefficient    Type
  H+                    -2.959     -2.999     1.099E-03     1.003E-03     9.121E-01  Aqueous 
  SO4--                 -2.576     -2.759     2.655E-03     1.740E-03     6.555E-01  Aqueous 
  Zn++                  -3.099     -3.272     7.968E-04     5.347E-04     6.711E-01  Aqueous 
  Pb++                  -3.231     -3.412     5.875E-04     3.875E-04     6.595E-01  Aqueous 
  Ca++                  -3.087     -3.260     8.182E-04     5.491E-04     6.711E-01  Aqueous 
  Mg++                  -5.237     -5.401     5.799E-06     3.975E-06     6.854E-01  Aqueous 
  K+                    -9.844     -9.891     1.433E-10     1.285E-10     8.969E-01  Aqueous 
  Na+                  -10.002    -10.048     9.944E-11     8.948E-11     8.998E-01  Aqueous 
  OH-                  -10.953    -10.999     1.115E-11     1.002E-11     8.984E-01  Aqueous 
  HSO4-                 -3.726     -3.771     1.879E-04     1.694E-04     9.012E-01  Aqueous 
  CaSO4(aq)             -3.712     -3.711     1.942E-04     1.947E-04     1.002E+00  Aqueous 
  CaOH+                -12.998    -13.041     1.004E-13     9.089E-14     9.051E-01  Aqueous 
  CaHSO4+               -5.899     -5.951     1.263E-06     1.121E-06     8.871E-01  Aqueous 
  KSO4-                -11.756    -11.800     1.752E-12     1.583E-12     9.036E-01  Aqueous 
  KOH(aq)              -21.353    -21.352     4.433E-22     4.444E-22     1.002E+00  Aqueous 
  MgSO4(aq)             -5.785     -5.784     1.642E-06     1.646E-06     1.002E+00  Aqueous 
  MgOH+                -13.799    -13.842     1.588E-14     1.439E-14     9.064E-01  Aqueous 
  NaSO4-               -12.064    -12.108     8.638E-13     7.805E-13     9.036E-01  Aqueous 
  NaOH(aq)             -21.849    -21.848     1.415E-22     1.419E-22     1.002E+00  Aqueous 
  PbOH+                 -8.077     -8.123     8.375E-09     7.536E-09     8.998E-01  Aqueous 
  PbSO4(aq)             -3.422     -3.421     3.783E-04     3.792E-04     1.002E+00  Aqueous 
  Pb(OH)2(aq)          -14.535    -14.534     2.917E-15     2.924E-15     1.002E+00  Aqueous 
  Pb(SO4)2--            -5.252     -5.460     5.592E-06     3.464E-06     6.194E-01  Aqueous 
  Pb(OH)3-             -22.429    -22.475     3.721E-23     3.348E-23     8.998E-01  Aqueous 
  Pb2OH+++              -9.784    -10.185     1.645E-10     6.537E-11     3.973E-01  Aqueous 
  Pb(OH)4--            -30.908    -31.116     1.235E-31     7.651E-32     6.194E-01  Aqueous 
  ZnOH+                 -9.187     -9.233     6.502E-10     5.851E-10     8.998E-01  Aqueous 
  ZnSO4(aq)             -3.669     -3.668     2.145E-04     2.150E-04     1.002E+00  Aqueous 
  Zn(OH)2(aq)          -14.175    -14.174     6.681E-15     6.697E-15     1.002E+00  Aqueous 
  Zn(SO4)2--            -5.303     -5.511     4.983E-06     3.086E-06     6.194E-01  Aqueous 
  Zn(OH)3-             -22.629    -22.675     2.347E-23     2.112E-23     8.998E-01  Aqueous 
  Zn(OH)4--            -32.293    -32.476     5.093E-33     3.339E-33     6.555E-01  Aqueous 
 
  ****** Partial pressure of gases (bars) *****
 
 
  ***** Saturation state of minerals (log[Q/K] *****
 
 
 
  ***** Volum of minerals added or subtracted *****
 
 
 **************************************************************
 ------> GRID LOCATION:     5:  1:  1
 
  Temperature (C)    =     25.000
  Porosity           =      0.250
  Liquid Saturation  =      1.000
  Liquid Density     =    997.075
  Ionic Strength     =      0.010
  Solution pH        =      2.999
  Total Charge       = -2.351E-06
 
 Total Aqueous Concentrations of Primary Species 
 --------------------------------------- 
 
   Species              Molality       Type 
 H+                   1.2884E-03     Aqueous      
 SO4--                3.6542E-03     Aqueous      
 Zn++                 1.0337E-03     Aqueous      
 Pb++                 9.1110E-04     Aqueous      
 Ca++                 1.0239E-03     Aqueous      
 Mg++                 4.0059E-05     Aqueous      
 K+                   5.3438E-10     Aqueous      
 Na+                  1.0034E-10     Aqueous      
 
 Exchangers           Equiv/kgw        Equiv/g solid    Equiv/m^3 bulk
 X-                   4.9623E-02       6.5970E-06       1.2369E+01
 Y-                   5.5136E-03       7.3300E-07       1.3744E+00
 
 Total Concentrations in Exchange Sites 
 -------------------------------------- 
 
 Exchangers           Equiv/kgw        Equiv/g solid    Equiv/m^3 bulk
 Zn++                 8.4690E-03       1.1259E-06       2.1111E+00
 Pb++                 1.0256E-02       1.3634E-06       2.5564E+00
 Ca++                 8.6370E-03       1.1482E-06       2.1529E+00
 Mg++                 2.0634E-04       2.7431E-08       5.1433E-02
 K+                   1.2868E-09       1.7107E-13       3.2075E-07
 Na+                  4.5065E-11       5.9910E-15       1.1233E-08
 
 Concentrations of Individual Species, Exchangers, and Surface Complexes 
 ----------------------------------------------------------------------- 
 
                           Log        Log                 Concentration     
 Species              Molality   Activity      Molality    Mol/m^3 blk  Type
  NaX                  -10.374     -9.070     4.226E-11     1.053E-08  Exchange
  NaY                  -11.552     -9.294     2.802E-12     6.985E-10  Exchange
  KX                    -8.951     -7.646     1.120E-09     2.793E-07  Exchange
  KY                    -9.779     -7.520     1.663E-10     4.146E-08  Exchange
  CaX2                  -2.105     -0.499     7.856E-03     1.958E+00  Exchange
  CaY2                  -3.107     -0.548     7.809E-04     1.946E-01  Exchange
  MgX2                  -3.718     -2.113     1.912E-04     4.767E-02  Exchange
  MgY2                  -4.821     -2.261     1.510E-05     3.764E-03  Exchange
  ZnX2                  -2.113     -0.508     7.703E-03     1.920E+00  Exchange
  ZnY2                  -3.116     -0.556     7.657E-04     1.909E-01  Exchange
  PbX2                  -2.043     -0.437     9.061E-03     2.259E+00  Exchange
  PbY2                  -2.923     -0.363     1.195E-03     2.979E-01  Exchange
                           Log        Log                                 Activity
 Species              Molality   Activity      Molality      Activity   Coefficient    Type
  H+                    -2.959     -2.999     1.099E-03     1.002E-03     9.120E-01  Aqueous 
  SO4--                 -2.574     -2.758     2.665E-03     1.745E-03     6.551E-01  Aqueous 
  Zn++                  -3.091     -3.265     8.101E-04     5.433E-04     6.707E-01  Aqueous 
  Pb++                  -3.259     -3.440     5.505E-04     3.629E-04     6.591E-01  Aqueous 
  Ca++                  -3.083     -3.256     8.261E-04     5.541E-04     6.707E-01  Aqueous 
  Mg++                  -4.506     -4.670     3.120E-05     2.138E-05     6.851E-01  Aqueous 
  K+                    -9.277     -9.325     5.279E-10     4.734E-10     8.967E-01  Aqueous 
  Na+                  -10.002    -10.048     9.948E-11     8.949E-11     8.996E-01  Aqueous 
  OH-                  -10.952    -10.999     1.116E-11     1.003E-11     8.982E-01  Aqueous 
  HSO4-                 -3.725     -3.770     1.884E-04     1.697E-04     9.010E-01  Aqueous 
  CaSO4(aq)             -3.707     -3.706     1.965E-04     1.970E-04     1.002E+00  Aqueous 
  CaOH+                -12.994    -13.037     1.014E-13     9.177E-14     9.050E-01  Aqueous 
  CaHSO4+               -5.894     -5.946     1.278E-06     1.133E-06     8.870E-01  Aqueous 
  KSO4-                -11.189    -11.233     6.475E-12     5.850E-12     9.034E-01  Aqueous 
  KOH(aq)              -20.787    -20.786     1.634E-21     1.638E-21     1.002E+00  Aqueous 
  MgSO4(aq)             -5.053     -5.052     8.854E-06     8.875E-06     1.002E+00  Aqueous 
  MgOH+                -13.068    -13.111     8.547E-14     7.746E-14     9.062E-01  Aqueous 
  NaSO4-               -12.062    -12.106     8.665E-13     7.829E-13     9.034E-01  Aqueous 
  NaOH(aq)             -21.849    -21.848     1.416E-22     1.420E-22     1.002E+00  Aqueous 
  PbOH+                 -8.105     -8.151     7.848E-09     7.061E-09     8.996E-01  Aqueous 
  PbSO4(aq)             -3.449     -3.448     3.553E-04     3.561E-04     1.002E+00  Aqueous 
  Pb(OH)2(aq)          -14.563    -14.562     2.735E-15     2.741E-15     1.002E+00  Aqueous 
  Pb(SO4)2--            -5.278     -5.486     5.271E-06     3.262E-06     6.189E-01  Aqueous 
  Pb(OH)3-             -22.457    -22.503     3.491E-23     3.141E-23     8.996E-01  Aqueous 
  Pb2OH+++              -9.840    -10.241     1.446E-10     5.736E-11     3.967E-01  Aqueous 
  Pb(OH)4--            -30.935    -31.144     1.160E-31     7.180E-32     6.189E-01  Aqueous 
  ZnOH+                 -9.180     -9.226     6.612E-10     5.948E-10     8.996E-01  Aqueous 
  ZnSO4(aq)             -3.660     -3.659     2.186E-04     2.191E-04     1.002E+00  Aqueous 
  Zn(OH)2(aq)          -14.168    -14.167     6.795E-15     6.812E-15     1.002E+00  Aqueous 
  Zn(SO4)2--            -5.293     -5.501     5.096E-06     3.154E-06     6.189E-01  Aqueous 
  Zn(OH)3-             -22.622    -22.668     2.389E-23     2.150E-23     8.996E-01  Aqueous 
  Zn(OH)4--            -32.285    -32.469     5.190E-33     3.400E-33     6.551E-01  Aqueous 
 
  ****** Partial pressure of gases (bars) *****
 
 
  ***** Saturation state of minerals (log[Q/K] *****
 
 
 
  ***** Volum of minerals added or subtracted *****
 
 
 **************************************************************
 ------> GRID LOCATION:     6:  1:  1
 
  Temperature (C)    =     25.000
  Porosity           =      0.250
  Liquid Saturation  =      1.000
  Liquid Density     =    997.075
  Ionic Strength     =      0.011
  Solution pH        =      3.000
  Total Charge       = -2.351E-06
 
 Total Aqueous Concentrations of Primary Species 
 --------------------------------------- 
 
   Species              Molality       Type 
 H+                   1.2884E-03     Aqueous      
 SO4--                3.6542E-03     Aqueous      
 Zn++                 1.0401E-03     Aqueous      
 Pb++                 7.8940E-04     Aqueous      
 Ca++                 1.0136E-03     Aqueous      
 Mg++                 1.6562E-04     Aqueous      
 K+                   3.4326E-09     Aqueous      
 Na+                  1.0045E-10     Aqueous      
 
 Exchangers           Equiv/kgw        Equiv/g solid    Equiv/m^3 bulk
 X-                   4.9623E-02       6.5970E-06       1.2369E+01
 Y-                   5.5136E-03       7.3300E-07       1.3744E+00
 
 Total Concentrations in Exchange Sites 
 -------------------------------------- 
 
 Exchangers           Equiv/kgw        Equiv/g solid    Equiv/m^3 bulk
 Zn++                 8.7633E-03       1.1650E-06       2.1844E+00
 Pb++                 9.1339E-03       1.2143E-06       2.2768E+00
 Ca++                 8.7938E-03       1.1691E-06       2.1920E+00
 Mg++                 8.7711E-04       1.1661E-07       2.1864E-01
 K+                   8.3900E-09       1.1154E-12       2.0914E-06
 Na+                  4.5768E-11       6.0846E-15       1.1409E-08
 
 Concentrations of Individual Species, Exchangers, and Surface Complexes 
 ----------------------------------------------------------------------- 
 
                           Log        Log                 Concentration     
 Species              Molality   Activity      Molality    Mol/m^3 blk  Type
  NaX                  -10.368     -9.063     4.290E-11     1.069E-08  Exchange
  NaY                  -11.542     -9.284     2.868E-12     7.150E-10  Exchange
  KX                    -8.137     -6.832     7.298E-09     1.819E-06  Exchange
  KY                    -8.962     -6.703     1.092E-09     2.723E-07  Exchange
  CaX2                  -2.098     -0.492     7.987E-03     1.991E+00  Exchange
  CaY2                  -3.093     -0.533     8.071E-04     2.012E-01  Exchange
  MgX2                  -3.090     -1.485     8.119E-04     2.024E-01  Exchange
  MgY2                  -4.186     -1.626     6.518E-05     1.625E-02  Exchange
  ZnX2                  -2.099     -0.494     7.959E-03     1.984E+00  Exchange
  ZnY2                  -3.095     -0.535     8.043E-04     2.005E-01  Exchange
  PbX2                  -2.094     -0.489     8.054E-03     2.008E+00  Exchange
  PbY2                  -2.967     -0.407     1.080E-03     2.692E-01  Exchange
                           Log        Log                                 Activity
 Species              Molality   Activity      Molality      Activity   Coefficient    Type
  H+                    -2.959     -3.000     1.098E-03     1.001E-03     9.118E-01  Aqueous 
  SO4--                 -2.571     -2.756     2.683E-03     1.755E-03     6.542E-01  Aqueous 
  Zn++                  -3.089     -3.263     8.143E-04     5.455E-04     6.699E-01  Aqueous 
  Pb++                  -3.322     -3.504     4.762E-04     3.134E-04     6.583E-01  Aqueous 
  Ca++                  -3.088     -3.262     8.171E-04     5.474E-04     6.699E-01  Aqueous 
  Mg++                  -3.890     -4.055     1.289E-04     8.820E-05     6.843E-01  Aqueous 
  K+                    -8.470     -8.517     3.391E-09     3.040E-09     8.964E-01  Aqueous 
  Na+                  -10.002    -10.048     9.958E-11     8.955E-11     8.993E-01  Aqueous 
  OH-                  -10.952    -10.998     1.118E-11     1.004E-11     8.979E-01  Aqueous 
  HSO4-                 -3.723     -3.768     1.893E-04     1.705E-04     9.007E-01  Aqueous 
  CaSO4(aq)             -3.709     -3.708     1.952E-04     1.957E-04     1.002E+00  Aqueous 
  CaOH+                -12.999    -13.042     1.003E-13     9.076E-14     9.047E-01  Aqueous 
  CaHSO4+               -5.897     -5.949     1.269E-06     1.125E-06     8.866E-01  Aqueous 
  KSO4-                -10.379    -10.423     4.182E-11     3.777E-11     9.032E-01  Aqueous 
  KOH(aq)              -19.979    -19.978     1.050E-20     1.053E-20     1.002E+00  Aqueous 
  MgSO4(aq)             -4.435     -4.434     3.673E-05     3.682E-05     1.002E+00  Aqueous 
  MgOH+                -12.452    -12.495     3.531E-13     3.199E-13     9.060E-01  Aqueous 
  NaSO4-               -12.059    -12.104     8.722E-13     7.877E-13     9.032E-01  Aqueous 
  NaOH(aq)             -21.848    -21.847     1.419E-22     1.422E-22     1.002E+00  Aqueous 
  PbOH+                 -8.168     -8.214     6.789E-09     6.106E-09     8.993E-01  Aqueous 
  PbSO4(aq)             -3.511     -3.510     3.086E-04     3.094E-04     1.002E+00  Aqueous 
  Pb(OH)2(aq)          -14.626    -14.625     2.367E-15     2.373E-15     1.002E+00  Aqueous 
  Pb(SO4)2--            -5.336     -5.545     4.612E-06     2.849E-06     6.178E-01  Aqueous 
  Pb(OH)3-             -22.519    -22.565     3.026E-23     2.722E-23     8.993E-01  Aqueous 
  Pb2OH+++              -9.965    -10.368     1.083E-10     4.285E-11     3.956E-01  Aqueous 
  Pb(OH)4--            -30.996    -31.206     1.008E-31     6.229E-32     6.178E-01  Aqueous 
  ZnOH+                 -9.177     -9.223     6.648E-10     5.979E-10     8.993E-01  Aqueous 
  ZnSO4(aq)             -3.656     -3.655     2.207E-04     2.212E-04     1.002E+00  Aqueous 
  Zn(OH)2(aq)          -14.165    -14.164     6.838E-15     6.854E-15     1.002E+00  Aqueous 
  Zn(SO4)2--            -5.285     -5.495     5.183E-06     3.202E-06     6.178E-01  Aqueous 
  Zn(OH)3-             -22.618    -22.664     2.408E-23     2.165E-23     8.993E-01  Aqueous 
  Zn(OH)4--            -32.281    -32.465     5.240E-33     3.428E-33     6.542E-01  Aqueous 
 
  ****** Partial pressure of gases (bars) *****
 
 
  ***** Saturation state of minerals (log[Q/K] *****
 
 
 
  ***** Volum of minerals added or subtracted *****
 
 
 **************************************************************
 ------> GRID LOCATION:     7:  1:  1
 
  Temperature (C)    =     25.000
  Porosity           =      0.250
  Liquid Saturation  =      1.000
  Liquid Density     =    997.075
  Ionic Strength     =      0.011
  Solution pH        =      3.000
  Total Charge       = -2.351E-06
 
 Total Aqueous Concentrations of Primary Species 
 --------------------------------------- 
 
   Species              Molality       Type 
 H+                   1.2884E-03     Aqueous      
 SO4--                3.6542E-03     Aqueous      
 Zn++                 9.7171E-04     Aqueous      
 Pb++                 5.9005E-04     Aqueous      
 Ca++                 9.1951E-04     Aqueous      
 Mg++                 5.2752E-04     Aqueous      
 K+                   2.0956E-08     Aqueous      
 Na+                  1.0071E-10     Aqueous      
 
 Exchangers           Equiv/kgw        Equiv/g solid    Equiv/m^3 bulk
 X-                   4.9623E-02       6.5970E-06       1.2369E+01
 Y-                   5.5136E-03       7.3300E-07       1.3744E+00
 
 Total Concentrations in Exchange Sites 
 -------------------------------------- 
 
 Exchangers           Equiv/kgw        Equiv/g solid    Equiv/m^3 bulk
 Zn++                 8.7536E-03       1.1637E-06       2.1820E+00
 Pb++                 7.2974E-03       9.7014E-07       1.8190E+00
 Ca++                 8.5314E-03       1.1342E-06       2.1266E+00
 Mg++                 2.9857E-03       3.9693E-07       7.4425E-01
 K+                   5.3053E-08       7.0531E-12       1.3224E-05
 Na+                  4.7473E-11       6.3112E-15       1.1833E-08
 
 Concentrations of Individual Species, Exchangers, and Surface Complexes 
 ----------------------------------------------------------------------- 
 
                           Log        Log                 Concentration     
 Species              Molality   Activity      Molality    Mol/m^3 blk  Type
  NaX                  -10.352     -9.048     4.445E-11     1.108E-08  Exchange
  NaY                  -11.519     -9.261     3.024E-12     7.539E-10  Exchange
  KX                    -7.337     -6.033     4.604E-08     1.148E-05  Exchange
  KY                    -8.154     -5.896     7.013E-09     1.748E-06  Exchange
  CaX2                  -2.112     -0.507     7.723E-03     1.925E+00  Exchange
  CaY2                  -3.092     -0.533     8.083E-04     2.015E-01  Exchange
  MgX2                  -2.560     -0.954     2.757E-03     6.871E-01  Exchange
  MgY2                  -3.640     -1.080     2.292E-04     5.712E-02  Exchange
  ZnX2                  -2.101     -0.496     7.924E-03     1.975E+00  Exchange
  ZnY2                  -3.081     -0.522     8.294E-04     2.067E-01  Exchange
  PbX2                  -2.193     -0.588     6.407E-03     1.597E+00  Exchange
  PbY2                  -3.051     -0.491     8.900E-04     2.218E-01  Exchange
                           Log        Log                                 Activity
 Species              Molality   Activity      Molality      Activity   Coefficient    Type
  H+                    -2.960     -3.000     1.097E-03     9.994E-04     9.114E-01  Aqueous 
  SO4--                 -2.567     -2.752     2.711E-03     1.770E-03     6.529E-01  Aqueous 
  Zn++                  -3.119     -3.294     7.596E-04     5.080E-04     6.688E-01  Aqueous 
  Pb++                  -3.450     -3.632     3.550E-04     2.332E-04     6.570E-01  Aqueous 
  Ca++                  -3.131     -3.305     7.403E-04     4.951E-04     6.688E-01  Aqueous 
  Mg++                  -3.387     -3.553     4.099E-04     2.801E-04     6.833E-01  Aqueous 
  K+                    -7.684     -7.732     2.070E-08     1.854E-08     8.960E-01  Aqueous 
  Na+                  -10.001    -10.047     9.982E-11     8.973E-11     8.989E-01  Aqueous 
  OH-                  -10.951    -10.998     1.120E-11     1.005E-11     8.975E-01  Aqueous 
  HSO4-                 -3.720     -3.765     1.907E-04     1.717E-04     9.003E-01  Aqueous 
  CaSO4(aq)             -3.749     -3.748     1.781E-04     1.785E-04     1.002E+00  Aqueous 
  CaOH+                -13.041    -13.085     9.091E-14     8.221E-14     9.043E-01  Aqueous 
  CaHSO4+               -5.937     -5.990     1.156E-06     1.024E-06     8.860E-01  Aqueous 
  KSO4-                 -9.589     -9.634     2.574E-10     2.324E-10     9.028E-01  Aqueous 
  KOH(aq)              -19.193    -19.192     6.418E-20     6.434E-20     1.002E+00  Aqueous 
  MgSO4(aq)             -3.929     -3.928     1.176E-04     1.179E-04     1.002E+00  Aqueous 
  MgOH+                -11.949    -11.992     1.123E-12     1.017E-12     9.056E-01  Aqueous 
  NaSO4-               -12.055    -12.099     8.818E-13     7.960E-13     9.028E-01  Aqueous 
  NaOH(aq)             -21.847    -21.845     1.424E-22     1.427E-22     1.002E+00  Aqueous 
  PbOH+                 -8.296     -8.342     5.062E-09     4.550E-09     8.989E-01  Aqueous 
  PbSO4(aq)             -3.635     -3.634     2.316E-04     2.321E-04     1.002E+00  Aqueous 
  Pb(OH)2(aq)          -14.753    -14.752     1.767E-15     1.771E-15     1.002E+00  Aqueous 
  Pb(SO4)2--            -5.456     -5.666     3.499E-06     2.157E-06     6.163E-01  Aqueous 
  Pb(OH)3-             -22.645    -22.692     2.263E-23     2.035E-23     8.989E-01  Aqueous 
  Pb2OH+++             -10.220    -10.624     6.030E-11     2.376E-11     3.940E-01  Aqueous 
  Pb(OH)4--            -31.121    -31.331     7.568E-32     4.664E-32     6.163E-01  Aqueous 
  ZnOH+                 -9.207     -9.254     6.203E-10     5.576E-10     8.989E-01  Aqueous 
  ZnSO4(aq)             -3.684     -3.683     2.072E-04     2.077E-04     1.002E+00  Aqueous 
  Zn(OH)2(aq)          -14.195    -14.194     6.387E-15     6.402E-15     1.002E+00  Aqueous 
  Zn(SO4)2--            -5.308     -5.518     4.921E-06     3.033E-06     6.163E-01  Aqueous 
  Zn(OH)3-             -22.647    -22.693     2.253E-23     2.026E-23     8.989E-01  Aqueous 
  Zn(OH)4--            -32.308    -32.493     4.920E-33     3.212E-33     6.529E-01  Aqueous 
 
  ****** Partial pressure of gases (bars) *****
 
 
  ***** Saturation state of minerals (log[Q/K] *****
 
 
 
  ***** Volum of minerals added or subtracted *****
 
 
 **************************************************************
 ------> GRID LOCATION:     8:  1:  1
 
  Temperature (C)    =     25.000
  Porosity           =      0.250
  Liquid Saturation  =      1.000
  Liquid Density     =    997.075
  Ionic Strength     =      0.011
  Solution pH        =      3.001
  Total Charge       = -2.351E-06
 
 Total Aqueous Concentrations of Primary Species 
 --------------------------------------- 
 
   Species              Molality       Type 
 H+                   1.2884E-03     Aqueous      
 SO4--                3.6542E-03     Aqueous      
 Zn++                 7.5553E-04     Aqueous      
 Pb++                 3.4798E-04     Aqueous      
 Ca++                 6.8399E-04     Aqueous      
 Mg++                 1.2212E-03     Aqueous      
 K+                   1.0337E-07     Aqueous      
 Na+                  1.0113E-10     Aqueous      
 
 Exchangers           Equiv/kgw        Equiv/g solid    Equiv/m^3 bulk
 X-                   4.9623E-02       6.5970E-06       1.2369E+01
 Y-                   5.5136E-03       7.3300E-07       1.3744E+00
 
 Total Concentrations in Exchange Sites 
 -------------------------------------- 
 
 Exchangers           Equiv/kgw        Equiv/g solid    Equiv/m^3 bulk
 Zn++                 7.7013E-03       1.0238E-06       1.9197E+00
 Pb++                 4.8709E-03       6.4755E-07       1.2142E+00
 Ca++                 7.1824E-03       9.5486E-07       1.7904E+00
 Mg++                 7.8134E-03       1.0387E-06       1.9476E+00
 K+                   2.7901E-07       3.7093E-11       6.9549E-05
 Na+                  5.0717E-11       6.7425E-15       1.2642E-08
 
 Concentrations of Individual Species, Exchangers, and Surface Complexes 
 ----------------------------------------------------------------------- 
 
                           Log        Log                 Concentration     
 Species              Molality   Activity      Molality    Mol/m^3 blk  Type
  NaX                  -10.324     -9.020     4.739E-11     1.181E-08  Exchange
  NaY                  -11.478     -9.219     3.328E-12     8.296E-10  Exchange
  KX                    -6.618     -5.313     2.411E-07     6.010E-05  Exchange
  KY                    -7.421     -5.163     3.791E-08     9.449E-06  Exchange
  CaX2                  -2.190     -0.584     6.462E-03     1.611E+00  Exchange
  CaY2                  -3.142     -0.583     7.206E-04     1.796E-01  Exchange
  MgX2                  -2.144     -0.539     7.178E-03     1.789E+00  Exchange
  MgY2                  -3.197     -0.637     6.358E-04     1.585E-01  Exchange
  ZnX2                  -2.159     -0.554     6.929E-03     1.727E+00  Exchange
  ZnY2                  -3.112     -0.552     7.726E-04     1.926E-01  Exchange
  PbX2                  -2.372     -0.767     4.243E-03     1.058E+00  Exchange
  PbY2                  -3.202     -0.643     6.279E-04     1.565E-01  Exchange
                           Log        Log                                 Activity
 Species              Molality   Activity      Molality      Activity   Coefficient    Type
  H+                    -2.960     -3.001     1.095E-03     9.978E-04     9.111E-01  Aqueous 
  SO4--                 -2.562     -2.748     2.743E-03     1.787E-03     6.515E-01  Aqueous 
  Zn++                  -3.229     -3.405     5.896E-04     3.936E-04     6.675E-01  Aqueous 
  Pb++                  -3.680     -3.864     2.087E-04     1.368E-04     6.557E-01  Aqueous 
  Ca++                  -3.260     -3.435     5.499E-04     3.670E-04     6.675E-01  Aqueous 
  Mg++                  -3.024     -3.190     9.473E-04     6.462E-04     6.821E-01  Aqueous 
  K+                    -6.991     -7.039     1.021E-07     9.142E-08     8.955E-01  Aqueous 
  Na+                   -9.999    -10.045     1.002E-10     9.005E-11     8.984E-01  Aqueous 
  OH-                  -10.950    -10.997     1.122E-11     1.007E-11     8.970E-01  Aqueous 
  HSO4-                 -3.716     -3.762     1.923E-04     1.730E-04     8.999E-01  Aqueous 
  CaSO4(aq)             -3.875     -3.874     1.333E-04     1.336E-04     1.002E+00  Aqueous 
  CaOH+                -13.170    -13.214     6.754E-14     6.105E-14     9.039E-01  Aqueous 
  CaHSO4+               -6.063     -6.116     8.644E-07     7.654E-07     8.854E-01  Aqueous 
  KSO4-                 -8.892     -8.937     1.282E-09     1.156E-09     9.023E-01  Aqueous 
  KOH(aq)              -18.499    -18.498     3.169E-19     3.177E-19     1.002E+00  Aqueous 
  MgSO4(aq)             -3.562     -3.561     2.740E-04     2.747E-04     1.002E+00  Aqueous 
  MgOH+                -11.585    -11.629     2.597E-12     2.351E-12     9.052E-01  Aqueous 
  NaSO4-               -12.049    -12.093     8.938E-13     8.065E-13     9.023E-01  Aqueous 
  NaOH(aq)             -21.844    -21.843     1.431E-22     1.435E-22     1.002E+00  Aqueous 
  PbOH+                 -8.526     -8.573     2.976E-09     2.674E-09     8.984E-01  Aqueous 
  PbSO4(aq)             -3.863     -3.862     1.372E-04     1.375E-04     1.002E+00  Aqueous 
  Pb(OH)2(aq)          -14.983    -14.982     1.040E-15     1.043E-15     1.002E+00  Aqueous 
  Pb(SO4)2--            -5.678     -5.890     2.098E-06     1.290E-06     6.146E-01  Aqueous 
  Pb(OH)3-             -22.874    -22.921     1.335E-23     1.200E-23     8.984E-01  Aqueous 
  Pb2OH+++             -10.680    -11.087     2.088E-11     8.192E-12     3.922E-01  Aqueous 
  Pb(OH)4--            -31.349    -31.560     4.481E-32     2.754E-32     6.146E-01  Aqueous 
  ZnOH+                 -9.317     -9.364     4.816E-10     4.327E-10     8.984E-01  Aqueous 
  ZnSO4(aq)             -3.790     -3.789     1.621E-04     1.625E-04     1.002E+00  Aqueous 
  Zn(OH)2(aq)          -14.304    -14.303     4.964E-15     4.976E-15     1.002E+00  Aqueous 
  Zn(SO4)2--            -5.409     -5.621     3.896E-06     2.394E-06     6.146E-01  Aqueous 
  Zn(OH)3-             -22.756    -22.802     1.755E-23     1.577E-23     8.984E-01  Aqueous 
  Zn(OH)4--            -32.415    -32.601     3.844E-33     2.505E-33     6.515E-01  Aqueous 
 
  ****** Partial pressure of gases (bars) *****
 
 
  ***** Saturation state of minerals (log[Q/K] *****
 
 
 
  ***** Volum of minerals added or subtracted *****
 
 
 **************************************************************
 ------> GRID LOCATION:     9:  1:  1
 
  Temperature (C)    =     25.000
  Porosity           =      0.250
  Liquid Saturation  =      1.000
  Liquid Density     =    997.075
  Ionic Strength     =      0.011
  Solution pH        =      3.001
  Total Charge       = -2.351E-06
 
 Total Aqueous Concentrations of Primary Species 
 --------------------------------------- 
 
   Species              Molality       Type 
 H+                   1.2884E-03     Aqueous      
 SO4--                3.6542E-03     Aqueous      
 Zn++                 4.5720E-04     Aqueous      
 Pb++                 1.5804E-04     Aqueous      
 Ca++                 3.8861E-04     Aqueous      
 Mg++                 2.0047E-03     Aqueous      
 K+                   3.8998E-07     Aqueous      
 Na+                  1.0155E-10     Aqueous      
 
 Exchangers           Equiv/kgw        Equiv/g solid    Equiv/m^3 bulk
 X-                   4.9623E-02       6.5970E-06       1.2369E+01
 Y-                   5.5136E-03       7.3300E-07       1.3744E+00
 
 Total Concentrations in Exchange Sites 
 -------------------------------------- 
 
 Exchangers           Equiv/kgw        Equiv/g solid    Equiv/m^3 bulk
 Zn++                 5.4063E-03       7.1873E-07       1.3476E+00
 Pb++                 2.5698E-03       3.4164E-07       6.4058E-01
 Ca++                 4.7347E-03       6.2945E-07       1.1802E+00
 Mg++                 1.4857E-02       1.9751E-06       3.7033E+00
 K+                   1.1362E-06       1.5105E-10       2.8322E-04
 Na+                  5.4816E-11       7.2874E-15       1.3664E-08
 
 Concentrations of Individual Species, Exchangers, and Surface Complexes 
 ----------------------------------------------------------------------- 
 
                           Log        Log                 Concentration     
 Species              Molality   Activity      Molality    Mol/m^3 blk  Type
  NaX                  -10.292     -8.987     5.108E-11     1.273E-08  Exchange
  NaY                  -11.427     -9.169     3.740E-12     9.322E-10  Exchange
  KX                    -6.010     -4.706     9.762E-07     2.433E-04  Exchange
  KY                    -6.796     -4.537     1.600E-07     3.989E-05  Exchange
  CaX2                  -2.374     -0.769     4.223E-03     1.053E+00  Exchange
  CaY2                  -3.291     -0.731     5.118E-04     1.276E-01  Exchange
  MgX2                  -1.868     -0.263     1.355E-02     3.378E+00  Exchange
  MgY2                  -2.885     -0.325     1.305E-03     3.252E-01  Exchange
  ZnX2                  -2.317     -0.711     4.822E-03     1.202E+00  Exchange
  ZnY2                  -3.233     -0.674     5.844E-04     1.457E-01  Exchange
  PbX2                  -2.655     -1.050     2.214E-03     5.518E-01  Exchange
  PbY2                  -3.449     -0.889     3.560E-04     8.875E-02  Exchange
                           Log        Log                                 Activity
 Species              Molality   Activity      Molality      Activity   Coefficient    Type
  H+                    -2.961     -3.001     1.094E-03     9.969E-04     9.108E-01  Aqueous 
  SO4--                 -2.558     -2.745     2.765E-03     1.799E-03     6.506E-01  Aqueous 
  Zn++                  -3.448     -3.624     3.563E-04     2.376E-04     6.667E-01  Aqueous 
  Pb++                  -4.024     -4.208     9.458E-05     6.193E-05     6.548E-01  Aqueous 
  Ca++                  -3.506     -3.682     3.121E-04     2.081E-04     6.667E-01  Aqueous 
  Mg++                  -2.809     -2.975     1.553E-03     1.058E-03     6.814E-01  Aqueous 
  K+                    -6.414     -6.463     3.851E-07     3.447E-07     8.951E-01  Aqueous 
  Na+                   -9.997    -10.044     1.006E-10     9.040E-11     8.981E-01  Aqueous 
  OH-                  -10.949    -10.997     1.124E-11     1.008E-11     8.966E-01  Aqueous 
  HSO4-                 -3.713     -3.759     1.935E-04     1.740E-04     8.995E-01  Aqueous 
  CaSO4(aq)             -4.119     -4.118     7.605E-05     7.624E-05     1.003E+00  Aqueous 
  CaOH+                -13.416    -13.460     3.833E-14     3.464E-14     9.036E-01  Aqueous 
  CaHSO4+               -6.307     -6.360     4.930E-07     4.363E-07     8.850E-01  Aqueous 
  KSO4-                 -8.313     -8.358     4.867E-09     4.390E-09     9.020E-01  Aqueous 
  KOH(aq)              -17.922    -17.921     1.196E-18     1.199E-18     1.003E+00  Aqueous 
  MgSO4(aq)             -3.345     -3.344     4.517E-04     4.528E-04     1.003E+00  Aqueous 
  MgOH+                -11.371    -11.414     4.259E-12     3.854E-12     9.049E-01  Aqueous 
  NaSO4-               -12.044    -12.089     9.035E-13     8.150E-13     9.020E-01  Aqueous 
  NaOH(aq)             -21.842    -21.841     1.438E-22     1.442E-22     1.003E+00  Aqueous 
  PbOH+                 -8.870     -8.917     1.349E-09     1.211E-09     8.981E-01  Aqueous 
  PbSO4(aq)             -4.204     -4.203     6.249E-05     6.265E-05     1.003E+00  Aqueous 
  Pb(OH)2(aq)          -15.326    -15.325     4.716E-16     4.728E-16     1.003E+00  Aqueous 
  Pb(SO4)2--            -6.016     -6.228     9.640E-07     5.914E-07     6.135E-01  Aqueous 
  Pb(OH)3-             -23.217    -23.264     6.063E-24     5.445E-24     8.981E-01  Aqueous 
  Pb2OH+++             -11.367    -11.775     4.294E-12     1.679E-12     3.911E-01  Aqueous 
  Pb(OH)4--            -31.690    -31.903     2.040E-32     1.251E-32     6.135E-01  Aqueous 
  ZnOH+                 -9.536     -9.583     2.911E-10     2.614E-10     8.981E-01  Aqueous 
  ZnSO4(aq)             -4.007     -4.006     9.848E-05     9.873E-05     1.003E+00  Aqueous 
  Zn(OH)2(aq)          -14.523    -14.521     3.002E-15     3.010E-15     1.003E+00  Aqueous 
  Zn(SO4)2--            -5.622     -5.834     2.388E-06     1.465E-06     6.135E-01  Aqueous 
  Zn(OH)3-             -22.973    -23.020     1.063E-23     9.547E-24     8.981E-01  Aqueous 
  Zn(OH)4--            -32.632    -32.819     2.333E-33     1.518E-33     6.506E-01  Aqueous 
 
  ****** Partial pressure of gases (bars) *****
 
 
  ***** Saturation state of minerals (log[Q/K] *****
 
 
 
  ***** Volum of minerals added or subtracted *****
 
 
 **************************************************************
 ------> GRID LOCATION:    10:  1:  1
 
  Temperature (C)    =     25.000
  Porosity           =      0.250
  Liquid Saturation  =      1.000
  Liquid Density     =    997.075
  Ionic Strength     =      0.011
  Solution pH        =      3.002
  Total Charge       = -2.351E-06
 
 Total Aqueous Concentrations of Primary Species 
 --------------------------------------- 
 
   Species              Molality       Type 
 H+                   1.2884E-03     Aqueous      
 SO4--                3.6542E-03     Aqueous      
 Zn++                 2.2823E-04     Aqueous      
 Pb++                 6.2856E-05     Aqueous      
 Ca++                 1.7572E-04     Aqueous      
 Mg++                 2.5414E-03     Aqueous      
 K+                   1.1446E-06     Aqueous      
 Na+                  1.0185E-10     Aqueous      
 
 Exchangers           Equiv/kgw        Equiv/g solid    Equiv/m^3 bulk
 X-                   4.9623E-02       6.5970E-06       1.2369E+01
 Y-                   5.5136E-03       7.3300E-07       1.3744E+00
 
 Total Concentrations in Exchange Sites 
 -------------------------------------- 
 
 Exchangers           Equiv/kgw        Equiv/g solid    Equiv/m^3 bulk
 Zn++                 3.0155E-03       4.0089E-07       7.5166E-01
 Pb++                 1.1440E-03       1.5209E-07       2.8517E-01
 Ca++                 2.3923E-03       3.1805E-07       5.9633E-01
 Mg++                 2.1015E-02       2.7937E-06       5.2383E+00
 K+                   3.5302E-06       4.6931E-10       8.7996E-04
 Na+                  5.8048E-11       7.7171E-15       1.4470E-08
 
 Concentrations of Individual Species, Exchangers, and Surface Complexes 
 ----------------------------------------------------------------------- 
 
                           Log        Log                 Concentration     
 Species              Molality   Activity      Molality    Mol/m^3 blk  Type
  NaX                  -10.268     -8.964     5.396E-11     1.345E-08  Exchange
  NaY                  -11.388     -9.130     4.091E-12     1.020E-09  Exchange
  KX                    -5.520     -4.216     3.018E-06     7.523E-04  Exchange
  KY                    -6.291     -4.032     5.123E-07     1.277E-04  Exchange
  CaX2                  -2.674     -1.069     2.117E-03     5.278E-01  Exchange
  CaY2                  -3.560     -1.001     2.751E-04     6.858E-02  Exchange
  MgX2                  -1.720     -0.115     1.905E-02     4.748E+00  Exchange
  MgY2                  -2.706     -0.147     1.966E-03     4.901E-01  Exchange
  ZnX2                  -2.574     -0.968     2.669E-03     6.652E-01  Exchange
  ZnY2                  -3.460     -0.900     3.468E-04     8.645E-02  Exchange
  PbX2                  -3.011     -1.405     9.757E-04     2.432E-01  Exchange
  PbY2                  -3.774     -1.214     1.683E-04     4.195E-02  Exchange
                           Log        Log                                 Activity
 Species              Molality   Activity      Molality      Activity   Coefficient    Type
  H+                    -2.961     -3.002     1.094E-03     9.965E-04     9.107E-01  Aqueous 
  SO4--                 -2.557     -2.744     2.775E-03     1.804E-03     6.503E-01  Aqueous 
  Zn++                  -3.750     -3.926     1.778E-04     1.185E-04     6.664E-01  Aqueous 
  Pb++                  -4.425     -4.609     3.758E-05     2.459E-05     6.544E-01  Aqueous 
  Ca++                  -3.851     -4.027     1.410E-04     9.398E-05     6.664E-01  Aqueous 
  Mg++                  -2.706     -2.873     1.968E-03     1.340E-03     6.811E-01  Aqueous 
  K+                    -5.947     -5.995     1.130E-06     1.012E-06     8.950E-01  Aqueous 
  Na+                   -9.996    -10.043     1.009E-10     9.064E-11     8.980E-01  Aqueous 
  OH-                  -10.949    -10.996     1.124E-11     1.008E-11     8.965E-01  Aqueous 
  HSO4-                 -3.712     -3.758     1.940E-04     1.745E-04     8.994E-01  Aqueous 
  CaSO4(aq)             -4.463     -4.462     3.445E-05     3.454E-05     1.003E+00  Aqueous 
  CaOH+                -13.761    -13.805     1.732E-14     1.565E-14     9.035E-01  Aqueous 
  CaHSO4+               -6.651     -6.704     2.233E-07     1.976E-07     8.849E-01  Aqueous 
  KSO4-                 -7.844     -7.889     1.433E-08     1.292E-08     9.019E-01  Aqueous 
  KOH(aq)              -17.455    -17.453     3.511E-18     3.520E-18     1.003E+00  Aqueous 
  MgSO4(aq)             -3.241     -3.240     5.737E-04     5.751E-04     1.003E+00  Aqueous 
  MgOH+                -11.268    -11.311     5.397E-12     4.883E-12     9.048E-01  Aqueous 
  NaSO4-               -12.042    -12.086     9.088E-13     8.196E-13     9.019E-01  Aqueous 
  NaOH(aq)             -21.841    -21.840     1.443E-22     1.446E-22     1.003E+00  Aqueous 
  PbOH+                 -9.271     -9.318     5.359E-10     4.812E-10     8.980E-01  Aqueous 
  PbSO4(aq)             -4.604     -4.603     2.489E-05     2.495E-05     1.003E+00  Aqueous 
  Pb(OH)2(aq)          -15.727    -15.726     1.874E-16     1.879E-16     1.003E+00  Aqueous 
  Pb(SO4)2--            -6.414     -6.627     3.854E-07     2.363E-07     6.130E-01  Aqueous 
  Pb(OH)3-             -23.618    -23.665     2.410E-24     2.165E-24     8.980E-01  Aqueous 
  Pb2OH+++             -12.169    -12.577     6.783E-13     2.650E-13     3.906E-01  Aqueous 
  Pb(OH)4--            -32.091    -32.303     8.117E-33     4.976E-33     6.130E-01  Aqueous 
  ZnOH+                 -9.838     -9.885     1.452E-10     1.304E-10     8.980E-01  Aqueous 
  ZnSO4(aq)             -4.308     -4.306     4.925E-05     4.938E-05     1.003E+00  Aqueous 
  Zn(OH)2(aq)          -14.824    -14.823     1.498E-15     1.502E-15     1.003E+00  Aqueous 
  Zn(SO4)2--            -5.921     -6.134     1.199E-06     7.347E-07     6.130E-01  Aqueous 
  Zn(OH)3-             -23.275    -23.322     5.307E-24     4.766E-24     8.980E-01  Aqueous 
  Zn(OH)4--            -32.933    -33.120     1.166E-33     7.580E-34     6.503E-01  Aqueous 
 
  ****** Partial pressure of gases (bars) *****
 
 
  ***** Saturation state of minerals (log[Q/K] *****
 
 
 
  ***** Volum of minerals added or subtracted *****
 
 
 **************************************************************
 ------> GRID LOCATION:    11:  1:  1
 
  Temperature (C)    =     25.000
  Porosity           =      0.250
  Liquid Saturation  =      1.000
  Liquid Density     =    997.075
  Ionic Strength     =      0.011
  Solution pH        =      3.002
  Total Charge       = -2.351E-06
 
 Total Aqueous Concentrations of Primary Species 
 --------------------------------------- 
 
   Species              Molality       Type 
 H+                   1.2884E-03     Aqueous      
 SO4--                3.6542E-03     Aqueous      
 Zn++                 1.0711E-04     Aqueous      
 Pb++                 2.8017E-05     Aqueous      
 Ca++                 6.8744E-05     Aqueous      
 Mg++                 2.8035E-03     Aqueous      
 K+                   2.7655E-06     Aqueous      
 Na+                  1.0217E-10     Aqueous      
 
 Exchangers           Equiv/kgw        Equiv/g solid    Equiv/m^3 bulk
 X-                   4.9623E-02       6.5970E-06       1.2369E+01
 Y-                   5.5136E-03       7.3300E-07       1.3744E+00
 
 Total Concentrations in Exchange Sites 
 -------------------------------------- 
 
 Exchangers           Equiv/kgw        Equiv/g solid    Equiv/m^3 bulk
 Zn++                 1.4989E-03       1.9926E-07       3.7362E-01
 Pb++                 5.4069E-04       7.1881E-08       1.3478E-01
 Ca++                 9.9131E-04       1.3179E-07       2.4710E-01
 Mg++                 2.4533E-02       3.2615E-06       6.1153E+00
 K+                   8.7840E-06       1.1678E-09       2.1896E-03
 Na+                  5.9881E-11       7.9608E-15       1.4926E-08
 
 Concentrations of Individual Species, Exchangers, and Surface Complexes 
 ----------------------------------------------------------------------- 
 
                           Log        Log                 Concentration     
 Species              Molality   Activity      Molality    Mol/m^3 blk  Type
  NaX                  -10.255     -8.951     5.558E-11     1.386E-08  Exchange
  NaY                  -11.367     -9.108     4.297E-12     1.071E-09  Exchange
  KX                    -5.126     -3.821     7.488E-06     1.867E-03  Exchange
  KY                    -5.887     -3.629     1.296E-06     3.230E-04  Exchange
  CaX2                  -3.059     -1.453     8.733E-04     2.177E-01  Exchange
  CaY2                  -3.928     -1.369     1.180E-04     2.941E-02  Exchange
  MgX2                  -1.655     -0.049     2.216E-02     5.523E+00  Exchange
  MgY2                  -2.624     -0.064     2.378E-03     5.927E-01  Exchange
  ZnX2                  -2.879     -1.274     1.320E-03     3.291E-01  Exchange
  ZnY2                  -3.749     -1.189     1.784E-04     4.447E-02  Exchange
  PbX2                  -3.339     -1.733     4.585E-04     1.143E-01  Exchange
  PbY2                  -4.085     -1.526     8.220E-05     2.049E-02  Exchange
                           Log        Log                                 Activity
 Species              Molality   Activity      Molality      Activity   Coefficient    Type
  H+                    -2.961     -3.002     1.094E-03     9.965E-04     9.107E-01  Aqueous 
  SO4--                 -2.556     -2.743     2.777E-03     1.806E-03     6.502E-01  Aqueous 
  Zn++                  -4.079     -4.255     8.342E-05     5.558E-05     6.663E-01  Aqueous 
  Pb++                  -4.776     -4.960     1.675E-05     1.096E-05     6.543E-01  Aqueous 
  Ca++                  -4.258     -4.435     5.517E-05     3.676E-05     6.663E-01  Aqueous 
  Mg++                  -2.663     -2.830     2.170E-03     1.478E-03     6.810E-01  Aqueous 
  K+                    -5.564     -5.612     2.731E-06     2.444E-06     8.950E-01  Aqueous 
  Na+                   -9.995    -10.041     1.013E-10     9.092E-11     8.980E-01  Aqueous 
  OH-                  -10.949    -10.996     1.125E-11     1.008E-11     8.965E-01  Aqueous 
  HSO4-                 -3.712     -3.758     1.942E-04     1.746E-04     8.994E-01  Aqueous 
  CaSO4(aq)             -4.870     -4.869     1.349E-05     1.352E-05     1.003E+00  Aqueous 
  CaOH+                -14.169    -14.213     6.776E-15     6.122E-15     9.035E-01  Aqueous 
  CaHSO4+               -7.058     -7.112     8.742E-08     7.735E-08     8.848E-01  Aqueous 
  KSO4-                 -7.460     -7.505     3.464E-08     3.124E-08     9.019E-01  Aqueous 
  KOH(aq)              -17.071    -17.070     8.483E-18     8.504E-18     1.003E+00  Aqueous 
  MgSO4(aq)             -3.198     -3.197     6.333E-04     6.348E-04     1.003E+00  Aqueous 
  MgOH+                -11.225    -11.269     5.952E-12     5.385E-12     9.048E-01  Aqueous 
  NaSO4-               -12.040    -12.085     9.125E-13     8.229E-13     9.019E-01  Aqueous 
  NaOH(aq)             -21.839    -21.838     1.447E-22     1.451E-22     1.003E+00  Aqueous 
  PbOH+                 -9.622     -9.669     2.388E-10     2.144E-10     8.980E-01  Aqueous 
  PbSO4(aq)             -4.955     -4.954     1.110E-05     1.113E-05     1.003E+00  Aqueous 
  Pb(OH)2(aq)          -16.078    -16.077     8.350E-17     8.371E-17     1.003E+00  Aqueous 
  Pb(SO4)2--            -6.764     -6.977     1.720E-07     1.055E-07     6.129E-01  Aqueous 
  Pb(OH)3-             -23.969    -24.016     1.074E-24     9.646E-25     8.980E-01  Aqueous 
  Pb2OH+++             -12.871    -13.279     1.347E-13     5.260E-14     3.905E-01  Aqueous 
  Pb(OH)4--            -32.442    -32.654     3.618E-33     2.218E-33     6.129E-01  Aqueous 
  ZnOH+                -10.167    -10.213     6.814E-11     6.119E-11     8.980E-01  Aqueous 
  ZnSO4(aq)             -4.636     -4.635     2.313E-05     2.319E-05     1.003E+00  Aqueous 
  Zn(OH)2(aq)          -15.153    -15.152     7.029E-16     7.047E-16     1.003E+00  Aqueous 
  Zn(SO4)2--            -6.249     -6.462     5.634E-07     3.453E-07     6.129E-01  Aqueous 
  Zn(OH)3-             -23.604    -23.650     2.490E-24     2.236E-24     8.980E-01  Aqueous 
  Zn(OH)4--            -33.262    -33.449     5.471E-34     3.557E-34     6.502E-01  Aqueous 
 
  ****** Partial pressure of gases (bars) *****
 
 
  ***** Saturation state of minerals (log[Q/K] *****
 
 
 
  ***** Volum of minerals added or subtracted *****
 
 
 **************************************************************
 ------> GRID LOCATION:    12:  1:  1
 
  Temperature (C)    =     25.000
  Porosity           =      0.250
  Liquid Saturation  =      1.000
  Liquid Density     =    997.075
  Ionic Strength     =      0.011
  Solution pH        =      3.002
  Total Charge       = -2.351E-06
 
 Total Aqueous Concentrations of Primary Species 
 --------------------------------------- 
 
   Species              Molality       Type 
 H+                   1.2884E-03     Aqueous      
 SO4--                3.6542E-03     Aqueous      
 Zn++                 5.4735E-05     Aqueous      
 Pb++                 1.7268E-05     Aqueous      
 Ca++                 2.4590E-05     Aqueous      
 Mg++                 2.9093E-03     Aqueous      
 K+                   5.7821E-06     Aqueous      
 Na+                  1.0326E-10     Aqueous      
 
 Exchangers           Equiv/kgw        Equiv/g solid    Equiv/m^3 bulk
 X-                   4.9623E-02       6.5970E-06       1.2369E+01
 Y-                   5.5136E-03       7.3300E-07       1.3744E+00
 
 Total Concentrations in Exchange Sites 
 -------------------------------------- 
 
 Exchangers           Equiv/kgw        Equiv/g solid    Equiv/m^3 bulk
 Zn++                 7.8462E-04       1.0431E-07       1.9558E-01
 Pb++                 3.4155E-04       4.5407E-08       8.5137E-02
 Ca++                 3.6324E-04       4.8290E-08       9.0543E-02
 Mg++                 2.6069E-02       3.4658E-06       6.4983E+00
 K+                   1.8593E-05       2.4718E-09       4.6347E-03
 Na+                  6.1234E-11       8.1406E-15       1.5264E-08
 
 Concentrations of Individual Species, Exchangers, and Surface Complexes 
 ----------------------------------------------------------------------- 
 
                           Log        Log                 Concentration     
 Species              Molality   Activity      Molality    Mol/m^3 blk  Type
  NaX                  -10.246     -8.941     5.681E-11     1.416E-08  Exchange
  NaY                  -11.354     -9.095     4.428E-12     1.104E-09  Exchange
  KX                    -4.800     -3.496     1.583E-05     3.946E-03  Exchange
  KY                    -5.559     -3.300     2.762E-06     6.886E-04  Exchange
  CaX2                  -3.496     -1.890     3.194E-04     7.961E-02  Exchange
  CaY2                  -4.358     -1.798     4.386E-05     1.093E-02  Exchange
  MgX2                  -1.629     -0.023     2.351E-02     5.859E+00  Exchange
  MgY2                  -2.591     -0.031     2.564E-03     6.392E-01  Exchange
  ZnX2                  -3.161     -1.556     6.899E-04     1.720E-01  Exchange
  ZnY2                  -4.023     -1.464     9.474E-05     2.362E-02  Exchange
  PbX2                  -3.539     -1.934     2.889E-04     7.201E-02  Exchange
  PbY2                  -4.279     -1.719     5.265E-05     1.312E-02  Exchange
                           Log        Log                                 Activity
 Species              Molality   Activity      Molality      Activity   Coefficient    Type
  H+                    -2.961     -3.002     1.094E-03     9.965E-04     9.107E-01  Aqueous 
  SO4--                 -2.556     -2.743     2.778E-03     1.806E-03     6.502E-01  Aqueous 
  Zn++                  -4.370     -4.547     4.262E-05     2.840E-05     6.663E-01  Aqueous 
  Pb++                  -4.986     -5.171     1.032E-05     6.753E-06     6.543E-01  Aqueous 
  Ca++                  -4.705     -4.881     1.973E-05     1.315E-05     6.663E-01  Aqueous 
  Mg++                  -2.647     -2.814     2.252E-03     1.534E-03     6.810E-01  Aqueous 
  K+                    -5.243     -5.292     5.710E-06     5.110E-06     8.950E-01  Aqueous 
  Na+                   -9.990    -10.037     1.023E-10     9.190E-11     8.980E-01  Aqueous 
  OH-                  -10.949    -10.996     1.125E-11     1.008E-11     8.965E-01  Aqueous 
  HSO4-                 -3.712     -3.758     1.942E-04     1.747E-04     8.994E-01  Aqueous 
  CaSO4(aq)             -5.316     -5.315     4.826E-06     4.838E-06     1.003E+00  Aqueous 
  CaOH+                -14.616    -14.660     2.424E-15     2.190E-15     9.035E-01  Aqueous 
  CaHSO4+               -7.505     -7.558     3.128E-08     2.768E-08     8.848E-01  Aqueous 
  KSO4-                 -7.140     -7.185     7.246E-08     6.535E-08     9.019E-01  Aqueous 
  KOH(aq)              -16.751    -16.750     1.774E-17     1.778E-17     1.003E+00  Aqueous 
  MgSO4(aq)             -3.182     -3.181     6.573E-04     6.589E-04     1.003E+00  Aqueous 
  MgOH+                -11.209    -11.253     6.176E-12     5.588E-12     9.048E-01  Aqueous 
  NaSO4-               -12.035    -12.080     9.225E-13     8.320E-13     9.019E-01  Aqueous 
  NaOH(aq)             -21.835    -21.834     1.463E-22     1.466E-22     1.003E+00  Aqueous 
  PbOH+                 -9.832     -9.879     1.472E-10     1.321E-10     8.980E-01  Aqueous 
  PbSO4(aq)             -5.165     -5.164     6.842E-06     6.859E-06     1.003E+00  Aqueous 
  Pb(OH)2(aq)          -16.289    -16.287     5.146E-17     5.159E-17     1.003E+00  Aqueous 
  Pb(SO4)2--            -6.974     -7.187     1.061E-07     6.503E-08     6.129E-01  Aqueous 
  Pb(OH)3-             -24.179    -24.226     6.620E-25     5.944E-25     8.980E-01  Aqueous 
  Pb2OH+++             -13.291    -13.699     5.116E-14     1.998E-14     3.905E-01  Aqueous 
  Pb(OH)4--            -32.652    -32.864     2.230E-33     1.367E-33     6.129E-01  Aqueous 
  ZnOH+                -10.458    -10.505     3.482E-11     3.127E-11     8.980E-01  Aqueous 
  ZnSO4(aq)             -4.927     -4.926     1.182E-05     1.185E-05     1.003E+00  Aqueous 
  Zn(OH)2(aq)          -15.445    -15.444     3.592E-16     3.601E-16     1.003E+00  Aqueous 
  Zn(SO4)2--            -6.540     -6.753     2.881E-07     1.766E-07     6.129E-01  Aqueous 
  Zn(OH)3-             -23.895    -23.942     1.273E-24     1.143E-24     8.980E-01  Aqueous 
  Zn(OH)4--            -33.554    -33.741     2.795E-34     1.818E-34     6.502E-01  Aqueous 
 
  ****** Partial pressure of gases (bars) *****
 
 
  ***** Saturation state of minerals (log[Q/K] *****
 
 
 
  ***** Volum of minerals added or subtracted *****
 
 
 **************************************************************
 ------> GRID LOCATION:    13:  1:  1
 
  Temperature (C)    =     25.000
  Porosity           =      0.250
  Liquid Saturation  =      1.000
  Liquid Density     =    997.075
  Ionic Strength     =      0.011
  Solution pH        =      3.002
  Total Charge       = -2.351E-06
 
 Total Aqueous Concentrations of Primary Species 
 --------------------------------------- 
 
   Species              Molality       Type 
 H+                   1.2884E-03     Aqueous      
 SO4--                3.6542E-03     Aqueous      
 Zn++                 3.4472E-05     Aqueous      
 Pb++                 1.4231E-05     Aqueous      
 Ca++                 8.2452E-06     Aqueous      
 Mg++                 2.9464E-03     Aqueous      
 K+                   1.0811E-05     Aqueous      
 Na+                  1.0822E-10     Aqueous      
 
 Exchangers           Equiv/kgw        Equiv/g solid    Equiv/m^3 bulk
 X-                   4.9623E-02       6.5970E-06       1.2369E+01
 Y-                   5.5136E-03       7.3300E-07       1.3744E+00
 
 Total Concentrations in Exchange Sites 
 -------------------------------------- 
 
 Exchangers           Equiv/kgw        Equiv/g solid    Equiv/m^3 bulk
 Zn++                 4.9876E-04       6.6307E-08       1.2433E-01
 Pb++                 2.8414E-04       3.7774E-08       7.0827E-02
 Ca++                 1.2293E-04       1.6343E-08       3.0643E-02
 Mg++                 2.6645E-02       3.5423E-06       6.6417E+00
 K+                   3.4928E-05       4.6435E-09       8.7065E-03
 Na+                  6.4463E-11       8.5699E-15       1.6069E-08
 
 Concentrations of Individual Species, Exchangers, and Surface Complexes 
 ----------------------------------------------------------------------- 
 
                           Log        Log                 Concentration     
 Species              Molality   Activity      Molality    Mol/m^3 blk  Type
  NaX                  -10.223     -8.919     5.979E-11     1.490E-08  Exchange
  NaY                  -11.330     -9.072     4.674E-12     1.165E-09  Exchange
  KX                    -4.527     -3.223     2.973E-05     7.410E-03  Exchange
  KY                    -5.284     -3.025     5.202E-06     1.297E-03  Exchange
  CaX2                  -3.967     -2.361     1.080E-04     2.692E-02  Exchange
  CaY2                  -4.826     -2.267     1.492E-05     3.719E-03  Exchange
  MgX2                  -1.620     -0.014     2.401E-02     5.985E+00  Exchange
  MgY2                  -2.579     -0.020     2.635E-03     6.568E-01  Exchange
  ZnX2                  -3.358     -1.753     4.382E-04     1.092E-01  Exchange
  ZnY2                  -4.218     -1.658     6.054E-05     1.509E-02  Exchange
  PbX2                  -3.620     -2.014     2.401E-04     5.985E-02  Exchange
  PbY2                  -4.356     -1.797     4.402E-05     1.097E-02  Exchange
                           Log        Log                                 Activity
 Species              Molality   Activity      Molality      Activity   Coefficient    Type
  H+                    -2.961     -3.002     1.094E-03     9.964E-04     9.107E-01  Aqueous 
  SO4--                 -2.556     -2.743     2.779E-03     1.807E-03     6.502E-01  Aqueous 
  Zn++                  -4.571     -4.747     2.684E-05     1.789E-05     6.663E-01  Aqueous 
  Pb++                  -5.070     -5.255     8.504E-06     5.565E-06     6.543E-01  Aqueous 
  Ca++                  -5.179     -5.356     6.616E-06     4.408E-06     6.663E-01  Aqueous 
  Mg++                  -2.642     -2.809     2.281E-03     1.553E-03     6.810E-01  Aqueous 
  K+                    -4.972     -5.020     1.068E-05     9.554E-06     8.950E-01  Aqueous 
  Na+                   -9.970    -10.016     1.073E-10     9.631E-11     8.980E-01  Aqueous 
  OH-                  -10.949    -10.996     1.125E-11     1.008E-11     8.965E-01  Aqueous 
  HSO4-                 -3.712     -3.758     1.943E-04     1.747E-04     8.994E-01  Aqueous 
  CaSO4(aq)             -5.791     -5.790     1.618E-06     1.622E-06     1.003E+00  Aqueous 
  CaOH+                -15.090    -15.134     8.127E-16     7.342E-16     9.035E-01  Aqueous 
  CaHSO4+               -7.979     -8.032     1.049E-08     9.281E-09     8.848E-01  Aqueous 
  KSO4-                 -6.868     -6.913     1.355E-07     1.222E-07     9.019E-01  Aqueous 
  KOH(aq)              -16.479    -16.478     3.316E-17     3.325E-17     1.003E+00  Aqueous 
  MgSO4(aq)             -3.177     -3.176     6.658E-04     6.675E-04     1.003E+00  Aqueous 
  MgOH+                -11.204    -11.247     6.255E-12     5.659E-12     9.048E-01  Aqueous 
  NaSO4-               -12.015    -12.059     9.669E-13     8.721E-13     9.019E-01  Aqueous 
  NaOH(aq)             -21.815    -21.813     1.533E-22     1.537E-22     1.003E+00  Aqueous 
  PbOH+                 -9.916     -9.963     1.213E-10     1.089E-10     8.980E-01  Aqueous 
  PbSO4(aq)             -5.249     -5.248     5.639E-06     5.653E-06     1.003E+00  Aqueous 
  Pb(OH)2(aq)          -16.373    -16.371     4.241E-17     4.251E-17     1.003E+00  Aqueous 
  Pb(SO4)2--            -7.058     -7.271     8.745E-08     5.360E-08     6.129E-01  Aqueous 
  Pb(OH)3-             -24.263    -24.310     5.455E-25     4.899E-25     8.980E-01  Aqueous 
  Pb2OH+++             -13.459    -13.868     3.474E-14     1.356E-14     3.905E-01  Aqueous 
  Pb(OH)4--            -32.736    -32.948     1.837E-33     1.126E-33     6.129E-01  Aqueous 
  ZnOH+                -10.659    -10.706     2.193E-11     1.969E-11     8.980E-01  Aqueous 
  ZnSO4(aq)             -5.128     -5.127     7.446E-06     7.465E-06     1.003E+00  Aqueous 
  Zn(OH)2(aq)          -15.645    -15.644     2.262E-16     2.268E-16     1.003E+00  Aqueous 
  Zn(SO4)2--            -6.741     -6.954     1.815E-07     1.112E-07     6.129E-01  Aqueous 
  Zn(OH)3-             -24.096    -24.143     8.015E-25     7.197E-25     8.980E-01  Aqueous 
  Zn(OH)4--            -33.754    -33.941     1.761E-34     1.145E-34     6.502E-01  Aqueous 
 
  ****** Partial pressure of gases (bars) *****
 
 
  ***** Saturation state of minerals (log[Q/K] *****
 
 
 
  ***** Volum of minerals added or subtracted *****
 
 
 **************************************************************
 ------> GRID LOCATION:    14:  1:  1
 
  Temperature (C)    =     25.000
  Porosity           =      0.250
  Liquid Saturation  =      1.000
  Liquid Density     =    997.075
  Ionic Strength     =      0.011
  Solution pH        =      3.002
  Total Charge       = -2.351E-06
 
 Total Aqueous Concentrations of Primary Species 
 --------------------------------------- 
 
   Species              Molality       Type 
 H+                   1.2884E-03     Aqueous      
 SO4--                3.6542E-03     Aqueous      
 Zn++                 2.7184E-05     Aqueous      
 Pb++                 1.3410E-05     Aqueous      
 Ca++                 2.6223E-06     Aqueous      
 Mg++                 2.9564E-03     Aqueous      
 K+                   1.8454E-05     Aqueous      
 Na+                  1.2937E-10     Aqueous      
 
 Exchangers           Equiv/kgw        Equiv/g solid    Equiv/m^3 bulk
 X-                   4.9623E-02       6.5970E-06       1.2369E+01
 Y-                   5.5136E-03       7.3300E-07       1.3744E+00
 
 Total Concentrations in Exchange Sites 
 -------------------------------------- 
 
 Exchangers           Equiv/kgw        Equiv/g solid    Equiv/m^3 bulk
 Zn++                 3.9482E-04       5.2489E-08       9.8417E-02
 Pb++                 2.6878E-04       3.5732E-08       6.6998E-02
 Ca++                 3.9248E-05       5.2177E-09       9.7832E-03
 Mg++                 2.6835E-02       3.5676E-06       6.6892E+00
 K+                   5.9740E-05       7.9420E-09       1.4891E-02
 Na+                  7.7205E-11       1.0264E-14       1.9245E-08
 
 Concentrations of Individual Species, Exchangers, and Surface Complexes 
 ----------------------------------------------------------------------- 
 
                           Log        Log                 Concentration     
 Species              Molality   Activity      Molality    Mol/m^3 blk  Type
  NaX                  -10.145     -8.841     7.160E-11     1.785E-08  Exchange
  NaY                  -11.252     -8.993     5.602E-12     1.396E-09  Exchange
  KX                    -4.294     -2.990     5.084E-05     1.267E-02  Exchange
  KY                    -5.050     -2.792     8.904E-06     2.220E-03  Exchange
  CaX2                  -4.462     -2.857     3.448E-05     8.594E-03  Exchange
  CaY2                  -5.321     -2.762     4.771E-06     1.189E-03  Exchange
  MgX2                  -1.617     -0.011     2.418E-02     6.027E+00  Exchange
  MgY2                  -2.575     -0.016     2.658E-03     6.625E-01  Exchange
  ZnX2                  -3.460     -1.855     3.468E-04     8.645E-02  Exchange
  ZnY2                  -4.319     -1.759     4.800E-05     1.196E-02  Exchange
  PbX2                  -3.644     -2.038     2.271E-04     5.660E-02  Exchange
  PbY2                  -4.380     -1.820     4.170E-05     1.040E-02  Exchange
                           Log        Log                                 Activity
 Species              Molality   Activity      Molality      Activity   Coefficient    Type
  H+                    -2.961     -3.002     1.094E-03     9.964E-04     9.107E-01  Aqueous 
  SO4--                 -2.556     -2.743     2.779E-03     1.807E-03     6.502E-01  Aqueous 
  Zn++                  -4.674     -4.851     2.117E-05     1.410E-05     6.663E-01  Aqueous 
  Pb++                  -5.096     -5.280     8.013E-06     5.243E-06     6.544E-01  Aqueous 
  Ca++                  -5.677     -5.853     2.104E-06     1.402E-06     6.663E-01  Aqueous 
  Mg++                  -2.641     -2.807     2.288E-03     1.558E-03     6.810E-01  Aqueous 
  K+                    -4.739     -4.788     1.822E-05     1.631E-05     8.950E-01  Aqueous 
  Na+                   -9.892     -9.939     1.282E-10     1.151E-10     8.980E-01  Aqueous 
  OH-                  -10.949    -10.996     1.125E-11     1.008E-11     8.965E-01  Aqueous 
  HSO4-                 -3.712     -3.758     1.943E-04     1.748E-04     8.994E-01  Aqueous 
  CaSO4(aq)             -6.288     -6.287     5.148E-07     5.161E-07     1.003E+00  Aqueous 
  CaOH+                -15.588    -15.632     2.585E-16     2.335E-16     9.035E-01  Aqueous 
  CaHSO4+               -8.477     -8.530     3.337E-09     2.952E-09     8.848E-01  Aqueous 
  KSO4-                 -6.636     -6.681     2.313E-07     2.086E-07     9.019E-01  Aqueous 
  KOH(aq)              -16.247    -16.246     5.661E-17     5.675E-17     1.003E+00  Aqueous 
  MgSO4(aq)             -3.175     -3.174     6.682E-04     6.698E-04     1.003E+00  Aqueous 
  MgOH+                -11.202    -11.246     6.276E-12     5.678E-12     9.048E-01  Aqueous 
  NaSO4-               -11.937    -11.982     1.156E-12     1.043E-12     9.019E-01  Aqueous 
  NaOH(aq)             -21.737    -21.736     1.832E-22     1.837E-22     1.003E+00  Aqueous 
  PbOH+                 -9.942     -9.989     1.143E-10     1.026E-10     8.980E-01  Aqueous 
  PbSO4(aq)             -5.275     -5.273     5.315E-06     5.328E-06     1.003E+00  Aqueous 
  Pb(OH)2(aq)          -16.398    -16.397     3.996E-17     4.006E-17     1.003E+00  Aqueous 
  Pb(SO4)2--            -7.084     -7.296     8.244E-08     5.053E-08     6.130E-01  Aqueous 
  Pb(OH)3-             -24.289    -24.336     5.140E-25     4.616E-25     8.980E-01  Aqueous 
  Pb2OH+++             -13.511    -13.919     3.084E-14     1.204E-14     3.905E-01  Aqueous 
  Pb(OH)4--            -32.762    -32.974     1.731E-33     1.061E-33     6.130E-01  Aqueous 
  ZnOH+                -10.762    -10.809     1.729E-11     1.553E-11     8.980E-01  Aqueous 
  ZnSO4(aq)             -5.231     -5.230     5.873E-06     5.888E-06     1.003E+00  Aqueous 
  Zn(OH)2(aq)          -15.749    -15.748     1.784E-16     1.788E-16     1.003E+00  Aqueous 
  Zn(SO4)2--            -6.844     -7.057     1.432E-07     8.776E-08     6.130E-01  Aqueous 
  Zn(OH)3-             -24.199    -24.246     6.320E-25     5.676E-25     8.980E-01  Aqueous 
  Zn(OH)4--            -33.857    -34.044     1.388E-34     9.027E-35     6.502E-01  Aqueous 
 
  ****** Partial pressure of gases (bars) *****
 
 
  ***** Saturation state of minerals (log[Q/K] *****
 
 
 
  ***** Volum of minerals added or subtracted *****
 
 
 **************************************************************
 ------> GRID LOCATION:    15:  1:  1
 
  Temperature (C)    =     25.000
  Porosity           =      0.250
  Liquid Saturation  =      1.000
  Liquid Density     =    997.075
  Ionic Strength     =      0.011
  Solution pH        =      3.002
  Total Charge       = -2.351E-06
 
 Total Aqueous Concentrations of Primary Species 
 --------------------------------------- 
 
   Species              Molality       Type 
 H+                   1.2884E-03     Aqueous      
 SO4--                3.6542E-03     Aqueous      
 Zn++                 2.4702E-05     Aqueous      
 Pb++                 1.3186E-05     Aqueous      
 Ca++                 8.0253E-07     Aqueous      
 Mg++                 2.9555E-03     Aqueous      
 K+                   2.9162E-05     Aqueous      
 Na+                  2.1282E-10     Aqueous      
 
 Exchangers           Equiv/kgw        Equiv/g solid    Equiv/m^3 bulk
 X-                   4.9623E-02       6.5970E-06       1.2369E+01
 Y-                   5.5136E-03       7.3300E-07       1.3744E+00
 
 Total Concentrations in Exchange Sites 
 -------------------------------------- 
 
 Exchangers           Equiv/kgw        Equiv/g solid    Equiv/m^3 bulk
 Zn++                 3.5953E-04       4.7797E-08       8.9618E-02
 Pb++                 2.6484E-04       3.5208E-08       6.6016E-02
 Ca++                 1.2037E-05       1.6002E-09       3.0004E-03
 Mg++                 2.6884E-02       3.5741E-06       6.7015E+00
 K+                   9.4505E-05       1.2564E-08       2.3557E-02
 Na+                  1.2714E-10       1.6903E-14       3.1693E-08
 
 Concentrations of Individual Species, Exchangers, and Surface Complexes 
 ----------------------------------------------------------------------- 
 
                           Log        Log                 Concentration     
 Species              Molality   Activity      Molality    Mol/m^3 blk  Type
  NaX                   -9.928     -8.624     1.179E-10     2.939E-08  Exchange
  NaY                  -11.035     -8.776     9.227E-12     2.300E-09  Exchange
  KX                    -4.095     -2.790     8.042E-05     2.005E-02  Exchange
  KY                    -4.851     -2.593     1.409E-05     3.512E-03  Exchange
  CaX2                  -4.976     -3.370     1.057E-05     2.636E-03  Exchange
  CaY2                  -5.835     -3.275     1.464E-06     3.649E-04  Exchange
  MgX2                  -1.616     -0.010     2.422E-02     6.038E+00  Exchange
  MgY2                  -2.575     -0.015     2.663E-03     6.639E-01  Exchange
  ZnX2                  -3.501     -1.895     3.158E-04     7.872E-02  Exchange
  ZnY2                  -4.359     -1.800     4.372E-05     1.090E-02  Exchange
  PbX2                  -3.650     -2.045     2.237E-04     5.577E-02  Exchange
  PbY2                  -4.386     -1.827     4.110E-05     1.025E-02  Exchange
                           Log        Log                                 Activity
 Species              Molality   Activity      Molality      Activity   Coefficient    Type
  H+                    -2.961     -3.002     1.094E-03     9.964E-04     9.107E-01  Aqueous 
  SO4--                 -2.556     -2.743     2.780E-03     1.808E-03     6.502E-01  Aqueous 
  Zn++                  -4.716     -4.892     1.923E-05     1.282E-05     6.663E-01  Aqueous 
  Pb++                  -5.104     -5.288     7.878E-06     5.155E-06     6.544E-01  Aqueous 
  Ca++                  -6.191     -6.367     6.439E-07     4.290E-07     6.663E-01  Aqueous 
  Mg++                  -2.641     -2.808     2.287E-03     1.558E-03     6.810E-01  Aqueous 
  K+                    -4.541     -4.589     2.880E-05     2.577E-05     8.950E-01  Aqueous 
  Na+                   -9.676     -9.723     2.109E-10     1.894E-10     8.980E-01  Aqueous 
  OH-                  -10.949    -10.996     1.125E-11     1.008E-11     8.965E-01  Aqueous 
  HSO4-                 -3.711     -3.757     1.944E-04     1.748E-04     8.994E-01  Aqueous 
  CaSO4(aq)             -6.802     -6.801     1.576E-07     1.580E-07     1.003E+00  Aqueous 
  CaOH+                -16.102    -16.146     7.910E-17     7.146E-17     9.035E-01  Aqueous 
  CaHSO4+               -8.991     -9.044     1.021E-09     9.038E-10     8.848E-01  Aqueous 
  KSO4-                 -6.437     -6.482     3.657E-07     3.298E-07     9.019E-01  Aqueous 
  KOH(aq)              -16.048    -16.047     8.946E-17     8.969E-17     1.003E+00  Aqueous 
  MgSO4(aq)             -3.175     -3.174     6.681E-04     6.698E-04     1.003E+00  Aqueous 
  MgOH+                -11.202    -11.246     6.274E-12     5.676E-12     9.048E-01  Aqueous 
  NaSO4-               -11.721    -11.766     1.903E-12     1.716E-12     9.019E-01  Aqueous 
  NaOH(aq)             -21.521    -21.520     3.015E-22     3.022E-22     1.003E+00  Aqueous 
  PbOH+                 -9.949     -9.996     1.123E-10     1.009E-10     8.980E-01  Aqueous 
  PbSO4(aq)             -5.282     -5.281     5.227E-06     5.240E-06     1.003E+00  Aqueous 
  Pb(OH)2(aq)          -16.406    -16.405     3.929E-17     3.939E-17     1.003E+00  Aqueous 
  Pb(SO4)2--            -7.091     -7.304     8.110E-08     4.971E-08     6.130E-01  Aqueous 
  Pb(OH)3-             -24.296    -24.343     5.055E-25     4.539E-25     8.980E-01  Aqueous 
  Pb2OH+++             -13.526    -13.934     2.981E-14     1.164E-14     3.905E-01  Aqueous 
  Pb(OH)4--            -32.769    -32.981     1.702E-33     1.044E-33     6.130E-01  Aqueous 
  ZnOH+                -10.804    -10.850     1.571E-11     1.411E-11     8.980E-01  Aqueous 
  ZnSO4(aq)             -5.273     -5.271     5.338E-06     5.352E-06     1.003E+00  Aqueous 
  Zn(OH)2(aq)          -15.790    -15.789     1.621E-16     1.625E-16     1.003E+00  Aqueous 
  Zn(SO4)2--            -6.885     -7.098     1.302E-07     7.980E-08     6.130E-01  Aqueous 
  Zn(OH)3-             -24.241    -24.288     5.744E-25     5.158E-25     8.980E-01  Aqueous 
  Zn(OH)4--            -33.899    -34.086     1.262E-34     8.204E-35     6.502E-01  Aqueous 
 
  ****** Partial pressure of gases (bars) *****
 
 
  ***** Saturation state of minerals (log[Q/K] *****
 
 
 
  ***** Volum of minerals added or subtracted *****
 
 
 **************************************************************
 ------> GRID LOCATION:    16:  1:  1
 
  Temperature (C)    =     25.000
  Porosity           =      0.250
  Liquid Saturation  =      1.000
  Liquid Density     =    997.075
  Ionic Strength     =      0.011
  Solution pH        =      3.002
  Total Charge       = -2.351E-06
 
 Total Aqueous Concentrations of Primary Species 
 --------------------------------------- 
 
   Species              Molality       Type 
 H+                   1.2884E-03     Aqueous      
 SO4--                3.6542E-03     Aqueous      
 Zn++                 2.3878E-05     Aqueous      
 Pb++                 1.3113E-05     Aqueous      
 Ca++                 2.4648E-07     Aqueous      
 Mg++                 2.9500E-03     Aqueous      
 K+                   4.3089E-05     Aqueous      
 Na+                  5.2015E-10     Aqueous      
 
 Exchangers           Equiv/kgw        Equiv/g solid    Equiv/m^3 bulk
 X-                   4.9623E-02       6.5970E-06       1.2369E+01
 Y-                   5.5136E-03       7.3300E-07       1.3744E+00
 
 Total Concentrations in Exchange Sites 
 -------------------------------------- 
 
 Exchangers           Equiv/kgw        Equiv/g solid    Equiv/m^3 bulk
 Zn++                 3.4816E-04       4.6286E-08       8.6786E-02
 Pb++                 2.6382E-04       3.5073E-08       6.5762E-02
 Ca++                 3.7036E-06       4.9237E-10       9.2319E-04
 Mg++                 2.6883E-02       3.5739E-06       6.7010E+00
 K+                   1.3977E-04       1.8581E-08       3.4840E-02
 Na+                  3.1105E-10       4.1352E-14       7.7535E-08
 
 Concentrations of Individual Species, Exchangers, and Surface Complexes 
 ----------------------------------------------------------------------- 
 
                           Log        Log                 Concentration     
 Species              Molality   Activity      Molality    Mol/m^3 blk  Type
  NaX                   -9.540     -8.236     2.885E-10     7.191E-08  Exchange
  NaY                  -10.646     -8.388     2.257E-11     5.626E-09  Exchange
  KX                    -3.925     -2.620     1.189E-04     2.965E-02  Exchange
  KY                    -4.681     -2.423     2.083E-05     5.193E-03  Exchange
  CaX2                  -5.488     -3.882     3.253E-06     8.110E-04  Exchange
  CaY2                  -6.347     -3.787     4.503E-07     1.122E-04  Exchange
  MgX2                  -1.616     -0.010     2.422E-02     6.037E+00  Exchange
  MgY2                  -2.575     -0.015     2.663E-03     6.637E-01  Exchange
  ZnX2                  -3.515     -1.909     3.058E-04     7.623E-02  Exchange
  ZnY2                  -4.373     -1.814     4.233E-05     1.055E-02  Exchange
  PbX2                  -3.652     -2.047     2.229E-04     5.556E-02  Exchange
  PbY2                  -4.388     -1.828     4.094E-05     1.020E-02  Exchange
                           Log        Log                                 Activity
 Species              Molality   Activity      Molality      Activity   Coefficient    Type
  H+                    -2.961     -3.002     1.094E-03     9.963E-04     9.107E-01  Aqueous 
  SO4--                 -2.556     -2.743     2.781E-03     1.808E-03     6.502E-01  Aqueous 
  Zn++                  -4.731     -4.907     1.859E-05     1.239E-05     6.663E-01  Aqueous 
  Pb++                  -5.106     -5.290     7.833E-06     5.126E-06     6.544E-01  Aqueous 
  Ca++                  -6.704     -6.880     1.977E-07     1.318E-07     6.663E-01  Aqueous 
  Mg++                  -2.642     -2.808     2.283E-03     1.555E-03     6.810E-01  Aqueous 
  K+                    -4.371     -4.419     4.255E-05     3.808E-05     8.950E-01  Aqueous 
  Na+                   -9.288     -9.335     5.155E-10     4.629E-10     8.980E-01  Aqueous 
  OH-                  -10.949    -10.996     1.125E-11     1.008E-11     8.965E-01  Aqueous 
  HSO4-                 -3.711     -3.757     1.944E-04     1.749E-04     8.994E-01  Aqueous 
  CaSO4(aq)             -7.315     -7.314     4.842E-08     4.854E-08     1.003E+00  Aqueous 
  CaOH+                -16.615    -16.659     2.429E-17     2.195E-17     9.035E-01  Aqueous 
  CaHSO4+               -9.503     -9.556     3.138E-10     2.777E-10     8.848E-01  Aqueous 
  KSO4-                 -6.267     -6.312     5.406E-07     4.875E-07     9.019E-01  Aqueous 
  KOH(aq)              -15.879    -15.878     1.322E-16     1.325E-16     1.003E+00  Aqueous 
  MgSO4(aq)             -3.176     -3.175     6.671E-04     6.688E-04     1.003E+00  Aqueous 
  MgOH+                -11.203    -11.247     6.262E-12     5.666E-12     9.048E-01  Aqueous 
  NaSO4-               -11.332    -11.377     4.652E-12     4.196E-12     9.019E-01  Aqueous 
  NaOH(aq)             -21.133    -21.132     7.368E-22     7.387E-22     1.003E+00  Aqueous 
  PbOH+                 -9.952     -9.999     1.117E-10     1.003E-10     8.980E-01  Aqueous 
  PbSO4(aq)             -5.284     -5.283     5.200E-06     5.213E-06     1.003E+00  Aqueous 
  Pb(OH)2(aq)          -16.408    -16.407     3.907E-17     3.917E-17     1.003E+00  Aqueous 
  Pb(SO4)2--            -7.093     -7.306     8.071E-08     4.947E-08     6.130E-01  Aqueous 
  Pb(OH)3-             -24.299    -24.345     5.027E-25     4.514E-25     8.980E-01  Aqueous 
  Pb2OH+++             -13.531    -13.939     2.947E-14     1.151E-14     3.906E-01  Aqueous 
  Pb(OH)4--            -32.771    -32.984     1.693E-33     1.038E-33     6.130E-01  Aqueous 
  ZnOH+                -10.818    -10.865     1.519E-11     1.364E-11     8.980E-01  Aqueous 
  ZnSO4(aq)             -5.287     -5.286     5.162E-06     5.175E-06     1.003E+00  Aqueous 
  Zn(OH)2(aq)          -15.805    -15.804     1.567E-16     1.571E-16     1.003E+00  Aqueous 
  Zn(SO4)2--            -6.900     -7.112     1.259E-07     7.720E-08     6.130E-01  Aqueous 
  Zn(OH)3-             -24.256    -24.302     5.553E-25     4.986E-25     8.980E-01  Aqueous 
  Zn(OH)4--            -33.914    -34.101     1.220E-34     7.932E-35     6.502E-01  Aqueous 
 
  ****** Partial pressure of gases (bars) *****
 
 
  ***** Saturation state of minerals (log[Q/K] *****
 
 
 
  ***** Volum of minerals added or subtracted *****
 
 
 **************************************************************
 ------> GRID LOCATION:    17:  1:  1
 
  Temperature (C)    =     25.000
  Porosity           =      0.250
  Liquid Saturation  =      1.000
  Liquid Density     =    997.075
  Ionic Strength     =      0.011
  Solution pH        =      3.002
  Total Charge       = -2.351E-06
 
 Total Aqueous Concentrations of Primary Species 
 --------------------------------------- 
 
   Species              Molality       Type 
 H+                   1.2884E-03     Aqueous      
 SO4--                3.6542E-03     Aqueous      
 Zn++                 2.3589E-05     Aqueous      
 Pb++                 1.3075E-05     Aqueous      
 Ca++                 8.5899E-08     Aqueous      
 Mg++                 2.9421E-03     Aqueous      
 K+                   5.9998E-05     Aqueous      
 Na+                  1.5865E-09     Aqueous      
 
 Exchangers           Equiv/kgw        Equiv/g solid    Equiv/m^3 bulk
 X-                   4.9623E-02       6.5970E-06       1.2369E+01
 Y-                   5.5136E-03       7.3300E-07       1.3744E+00
 
 Total Concentrations in Exchange Sites 
 -------------------------------------- 
 
 Exchangers           Equiv/kgw        Equiv/g solid    Equiv/m^3 bulk
 Zn++                 3.4461E-04       4.5814E-08       8.5901E-02
 Pb++                 2.6351E-04       3.5032E-08       6.5686E-02
 Ca++                 1.2932E-06       1.7192E-10       3.2235E-04
 Mg++                 2.6861E-02       3.5710E-06       6.6957E+00
 K+                   1.9481E-04       2.5899E-08       4.8561E-02
 Na+                  9.4966E-10       1.2625E-13       2.3672E-07
 
 Concentrations of Individual Species, Exchangers, and Surface Complexes 
 ----------------------------------------------------------------------- 
 
                           Log        Log                 Concentration     
 Species              Molality   Activity      Molality    Mol/m^3 blk  Type
  NaX                   -9.055     -7.751     8.808E-10     2.195E-07  Exchange
  NaY                  -10.162     -7.903     6.890E-11     1.717E-08  Exchange
  KX                    -3.780     -2.476     1.658E-04     4.132E-02  Exchange
  KY                    -4.537     -2.279     2.903E-05     7.237E-03  Exchange
  CaX2                  -5.945     -4.339     1.136E-06     2.832E-04  Exchange
  CaY2                  -6.804     -4.244     1.572E-07     3.917E-05  Exchange
  MgX2                  -1.616     -0.011     2.420E-02     6.033E+00  Exchange
  MgY2                  -2.575     -0.016     2.659E-03     6.629E-01  Exchange
  ZnX2                  -3.519     -1.914     3.027E-04     7.546E-02  Exchange
  ZnY2                  -4.378     -1.818     4.188E-05     1.044E-02  Exchange
  PbX2                  -3.652     -2.047     2.226E-04     5.550E-02  Exchange
  PbY2                  -4.389     -1.829     4.087E-05     1.019E-02  Exchange
                           Log        Log                                 Activity
 Species              Molality   Activity      Molality      Activity   Coefficient    Type
  H+                    -2.961     -3.002     1.094E-03     9.963E-04     9.107E-01  Aqueous 
  SO4--                 -2.556     -2.742     2.783E-03     1.809E-03     6.503E-01  Aqueous 
  Zn++                  -4.736     -4.912     1.836E-05     1.224E-05     6.664E-01  Aqueous 
  Pb++                  -5.107     -5.292     7.808E-06     5.110E-06     6.544E-01  Aqueous 
  Ca++                  -7.162     -7.338     6.891E-08     4.592E-08     6.664E-01  Aqueous 
  Mg++                  -2.643     -2.810     2.276E-03     1.550E-03     6.811E-01  Aqueous 
  K+                    -4.227     -4.276     5.925E-05     5.302E-05     8.950E-01  Aqueous 
  Na+                   -8.803     -8.850     1.572E-09     1.412E-09     8.980E-01  Aqueous 
  OH-                  -10.949    -10.996     1.125E-11     1.008E-11     8.965E-01  Aqueous 
  HSO4-                 -3.711     -3.757     1.945E-04     1.749E-04     8.994E-01  Aqueous 
  CaSO4(aq)             -7.773     -7.771     1.688E-08     1.692E-08     1.003E+00  Aqueous 
  CaOH+                -17.072    -17.116     8.466E-18     7.649E-18     9.035E-01  Aqueous 
  CaHSO4+               -9.961    -10.014     1.094E-10     9.680E-11     8.849E-01  Aqueous 
  KSO4-                 -6.123     -6.168     7.531E-07     6.792E-07     9.019E-01  Aqueous 
  KOH(aq)              -15.735    -15.734     1.841E-16     1.845E-16     1.003E+00  Aqueous 
  MgSO4(aq)             -3.177     -3.176     6.656E-04     6.673E-04     1.003E+00  Aqueous 
  MgOH+                -11.204    -11.248     6.245E-12     5.650E-12     9.048E-01  Aqueous 
  NaSO4-               -10.848    -10.893     1.420E-11     1.280E-11     9.019E-01  Aqueous 
  NaOH(aq)             -20.648    -20.647     2.248E-21     2.253E-21     1.003E+00  Aqueous 
  PbOH+                 -9.953    -10.000     1.114E-10     1.000E-10     8.980E-01  Aqueous 
  PbSO4(aq)             -5.285     -5.284     5.186E-06     5.199E-06     1.003E+00  Aqueous 
  Pb(OH)2(aq)          -16.409    -16.408     3.895E-17     3.905E-17     1.003E+00  Aqueous 
  Pb(SO4)2--            -7.094     -7.307     8.053E-08     4.937E-08     6.130E-01  Aqueous 
  Pb(OH)3-             -24.300    -24.347     5.012E-25     4.501E-25     8.980E-01  Aqueous 
  Pb2OH+++             -13.533    -13.942     2.929E-14     1.144E-14     3.906E-01  Aqueous 
  Pb(OH)4--            -32.773    -32.985     1.688E-33     1.035E-33     6.130E-01  Aqueous 
  ZnOH+                -10.824    -10.871     1.500E-11     1.347E-11     8.980E-01  Aqueous 
  ZnSO4(aq)             -5.292     -5.291     5.102E-06     5.115E-06     1.003E+00  Aqueous 
  Zn(OH)2(aq)          -15.810    -15.809     1.548E-16     1.552E-16     1.003E+00  Aqueous 
  Zn(SO4)2--            -6.905     -7.117     1.245E-07     7.634E-08     6.130E-01  Aqueous 
  Zn(OH)3-             -24.261    -24.307     5.486E-25     4.926E-25     8.980E-01  Aqueous 
  Zn(OH)4--            -33.919    -34.106     1.205E-34     7.837E-35     6.503E-01  Aqueous 
 
  ****** Partial pressure of gases (bars) *****
 
 
  ***** Saturation state of minerals (log[Q/K] *****
 
 
 
  ***** Volum of minerals added or subtracted *****
 
 
 **************************************************************
 ------> GRID LOCATION:    18:  1:  1
 
  Temperature (C)    =     25.000
  Porosity           =      0.250
  Liquid Saturation  =      1.000
  Liquid Density     =    997.075
  Ionic Strength     =      0.011
  Solution pH        =      3.002
  Total Charge       = -2.351E-06
 
 Total Aqueous Concentrations of Primary Species 
 --------------------------------------- 
 
   Species              Molality       Type 
 H+                   1.2884E-03     Aqueous      
 SO4--                3.6542E-03     Aqueous      
 Zn++                 2.3460E-05     Aqueous      
 Pb++                 1.3041E-05     Aqueous      
 Ca++                 4.2021E-08     Aqueous      
 Mg++                 2.9326E-03     Aqueous      
 K+                   7.9248E-05     Aqueous      
 Na+                  5.0993E-09     Aqueous      
 
 Exchangers           Equiv/kgw        Equiv/g solid    Equiv/m^3 bulk
 X-                   4.9623E-02       6.5970E-06       1.2369E+01
 Y-                   5.5136E-03       7.3300E-07       1.3744E+00
 
 Total Concentrations in Exchange Sites 
 -------------------------------------- 
 
 Exchangers           Equiv/kgw        Equiv/g solid    Equiv/m^3 bulk
 Zn++                 3.4345E-04       4.5659E-08       8.5610E-02
 Pb++                 2.6336E-04       3.5012E-08       6.5648E-02
 Ca++                 6.3395E-07       8.4280E-11       1.5802E-04
 Mg++                 2.6832E-02       3.5671E-06       6.6884E+00
 K+                   2.5760E-04       3.4246E-08       6.4211E-02
 Na+                  3.0559E-09       4.0626E-13       7.6173E-07
 
 Concentrations of Individual Species, Exchangers, and Surface Complexes 
 ----------------------------------------------------------------------- 
 
                           Log        Log                 Concentration     
 Species              Molality   Activity      Molality    Mol/m^3 blk  Type
  NaX                   -8.548     -7.243     2.834E-09     7.065E-07  Exchange
  NaY                   -9.654     -7.396     2.216E-10     5.525E-08  Exchange
  KX                    -3.659     -2.355     2.192E-04     5.464E-02  Exchange
  KY                    -4.416     -2.157     3.838E-05     9.567E-03  Exchange
  CaX2                  -6.254     -4.649     5.570E-07     1.388E-04  Exchange
  CaY2                  -7.114     -4.554     7.700E-08     1.919E-05  Exchange
  MgX2                  -1.617     -0.011     2.418E-02     6.027E+00  Exchange
  MgY2                  -2.576     -0.016     2.655E-03     6.618E-01  Exchange
  ZnX2                  -3.520     -1.915     3.017E-04     7.521E-02  Exchange
  ZnY2                  -4.380     -1.820     4.171E-05     1.040E-02  Exchange
  PbX2                  -3.653     -2.047     2.225E-04     5.547E-02  Exchange
  PbY2                  -4.389     -1.829     4.083E-05     1.018E-02  Exchange
                           Log        Log                                 Activity
 Species              Molality   Activity      Molality      Activity   Coefficient    Type
  H+                    -2.961     -3.002     1.094E-03     9.962E-04     9.107E-01  Aqueous 
  SO4--                 -2.555     -2.742     2.784E-03     1.810E-03     6.503E-01  Aqueous 
  Zn++                  -4.739     -4.915     1.826E-05     1.217E-05     6.664E-01  Aqueous 
  Pb++                  -5.109     -5.293     7.786E-06     5.096E-06     6.545E-01  Aqueous 
  Ca++                  -7.472     -7.649     3.370E-08     2.246E-08     6.664E-01  Aqueous 
  Mg++                  -2.644     -2.811     2.269E-03     1.545E-03     6.811E-01  Aqueous 
  K+                    -4.107     -4.155     7.825E-05     7.004E-05     8.950E-01  Aqueous 
  Na+                   -8.296     -8.343     5.054E-09     4.538E-09     8.980E-01  Aqueous 
  OH-                  -10.949    -10.996     1.125E-11     1.008E-11     8.965E-01  Aqueous 
  HSO4-                 -3.711     -3.757     1.946E-04     1.750E-04     8.994E-01  Aqueous 
  CaSO4(aq)             -8.083     -8.082     8.263E-09     8.284E-09     1.003E+00  Aqueous 
  CaOH+                -17.383    -17.427     4.141E-18     3.742E-18     9.035E-01  Aqueous 
  CaHSO4+              -10.271    -10.324     5.354E-11     4.738E-11     8.849E-01  Aqueous 
  KSO4-                 -6.002     -6.047     9.953E-07     8.977E-07     9.019E-01  Aqueous 
  KOH(aq)              -15.614    -15.613     2.432E-16     2.438E-16     1.003E+00  Aqueous 
  MgSO4(aq)             -3.178     -3.177     6.638E-04     6.655E-04     1.003E+00  Aqueous 
  MgOH+                -11.206    -11.249     6.225E-12     5.632E-12     9.048E-01  Aqueous 
  NaSO4-               -10.340    -10.385     4.566E-11     4.118E-11     9.019E-01  Aqueous 
  NaOH(aq)             -20.141    -20.140     7.225E-21     7.243E-21     1.003E+00  Aqueous 
  PbOH+                 -9.954    -10.001     1.111E-10     9.974E-11     8.980E-01  Aqueous 
  PbSO4(aq)             -5.286     -5.285     5.175E-06     5.188E-06     1.003E+00  Aqueous 
  Pb(OH)2(aq)          -16.411    -16.409     3.885E-17     3.895E-17     1.003E+00  Aqueous 
  Pb(SO4)2--            -7.095     -7.307     8.040E-08     4.929E-08     6.131E-01  Aqueous 
  Pb(OH)3-             -24.301    -24.348     4.999E-25     4.489E-25     8.980E-01  Aqueous 
  Pb2OH+++             -13.536    -13.944     2.913E-14     1.138E-14     3.907E-01  Aqueous 
  Pb(OH)4--            -32.774    -32.986     1.684E-33     1.032E-33     6.131E-01  Aqueous 
  ZnOH+                -10.826    -10.873     1.492E-11     1.340E-11     8.980E-01  Aqueous 
  ZnSO4(aq)             -5.294     -5.293     5.077E-06     5.089E-06     1.003E+00  Aqueous 
  Zn(OH)2(aq)          -15.813    -15.811     1.540E-16     1.544E-16     1.003E+00  Aqueous 
  Zn(SO4)2--            -6.907     -7.119     1.240E-07     7.600E-08     6.131E-01  Aqueous 
  Zn(OH)3-             -24.263    -24.310     5.457E-25     4.900E-25     8.980E-01  Aqueous 
  Zn(OH)4--            -33.921    -34.108     1.199E-34     7.796E-35     6.503E-01  Aqueous 
 
  ****** Partial pressure of gases (bars) *****
 
 
  ***** Saturation state of minerals (log[Q/K] *****
 
 
 
  ***** Volum of minerals added or subtracted *****
 
 
 **************************************************************
 ------> GRID LOCATION:    19:  1:  1
 
  Temperature (C)    =     25.000
  Porosity           =      0.250
  Liquid Saturation  =      1.000
  Liquid Density     =    997.075
  Ionic Strength     =      0.011
  Solution pH        =      3.002
  Total Charge       = -2.351E-06
 
 Total Aqueous Concentrations of Primary Species 
 --------------------------------------- 
 
   Species              Molality       Type 
 H+                   1.2884E-03     Aqueous      
 SO4--                3.6542E-03     Aqueous      
 Zn++                 2.3375E-05     Aqueous      
 Pb++                 1.3008E-05     Aqueous      
 Ca++                 3.0639E-08     Aqueous      
 Mg++                 2.9224E-03     Aqueous      
 K+                   9.9869E-05     Aqueous      
 Na+                  1.6164E-08     Aqueous      
 
 Exchangers           Equiv/kgw        Equiv/g solid    Equiv/m^3 bulk
 X-                   4.9623E-02       6.5970E-06       1.2369E+01
 Y-                   5.5136E-03       7.3300E-07       1.3744E+00
 
 Total Concentrations in Exchange Sites 
 -------------------------------------- 
 
 Exchangers           Equiv/kgw        Equiv/g solid    Equiv/m^3 bulk
 Zn++                 3.4297E-04       4.5595E-08       8.5491E-02
 Pb++                 2.6325E-04       3.4997E-08       6.5619E-02
 Ca++                 4.6328E-07       6.1591E-11       1.1548E-04
 Mg++                 2.6799E-02       3.5627E-06       6.6801E+00
 K+                   3.2501E-04       4.3208E-08       8.1014E-02
 Na+                  9.6984E-09       1.2893E-12       2.4175E-06
 
 Concentrations of Individual Species, Exchangers, and Surface Complexes 
 ----------------------------------------------------------------------- 
 
                           Log        Log                 Concentration     
 Species              Molality   Activity      Molality    Mol/m^3 blk  Type
  NaX                   -8.046     -6.742     8.995E-09     2.242E-06  Exchange
  NaY                   -9.153     -6.894     7.032E-10     1.753E-07  Exchange
  KX                    -3.558     -2.254     2.766E-04     6.895E-02  Exchange
  KY                    -4.315     -2.057     4.841E-05     1.207E-02  Exchange
  CaX2                  -6.390     -4.785     4.070E-07     1.015E-04  Exchange
  CaY2                  -7.250     -4.690     5.624E-08     1.402E-05  Exchange
  MgX2                  -1.617     -0.012     2.415E-02     6.020E+00  Exchange
  MgY2                  -2.577     -0.017     2.650E-03     6.606E-01  Exchange
  ZnX2                  -3.521     -1.916     3.013E-04     7.511E-02  Exchange
  ZnY2                  -4.381     -1.821     4.163E-05     1.038E-02  Exchange
  PbX2                  -3.653     -2.047     2.225E-04     5.545E-02  Exchange
  PbY2                  -4.389     -1.830     4.079E-05     1.017E-02  Exchange
                           Log        Log                                 Activity
 Species              Molality   Activity      Molality      Activity   Coefficient    Type
  H+                    -2.961     -3.002     1.094E-03     9.961E-04     9.107E-01  Aqueous 
  SO4--                 -2.555     -2.742     2.786E-03     1.812E-03     6.503E-01  Aqueous 
  Zn++                  -4.740     -4.916     1.819E-05     1.212E-05     6.664E-01  Aqueous 
  Pb++                  -5.110     -5.294     7.764E-06     5.082E-06     6.545E-01  Aqueous 
  Ca++                  -7.610     -7.786     2.457E-08     1.638E-08     6.664E-01  Aqueous 
  Mg++                  -2.646     -2.813     2.261E-03     1.540E-03     6.811E-01  Aqueous 
  K+                    -4.006     -4.054     9.861E-05     8.826E-05     8.950E-01  Aqueous 
  Na+                   -7.795     -7.842     1.602E-08     1.439E-08     8.980E-01  Aqueous 
  OH-                  -10.949    -10.996     1.125E-11     1.009E-11     8.965E-01  Aqueous 
  HSO4-                 -3.711     -3.757     1.947E-04     1.751E-04     8.994E-01  Aqueous 
  CaSO4(aq)             -8.220     -8.219     6.028E-09     6.043E-09     1.003E+00  Aqueous 
  CaOH+                -17.520    -17.564     3.020E-18     2.728E-18     9.035E-01  Aqueous 
  CaHSO4+              -10.408    -10.461     3.905E-11     3.456E-11     8.849E-01  Aqueous 
  KSO4-                 -5.901     -5.946     1.255E-06     1.132E-06     9.019E-01  Aqueous 
  KOH(aq)              -15.514    -15.513     3.065E-16     3.072E-16     1.003E+00  Aqueous 
  MgSO4(aq)             -3.179     -3.178     6.619E-04     6.635E-04     1.003E+00  Aqueous 
  MgOH+                -11.207    -11.251     6.203E-12     5.612E-12     9.048E-01  Aqueous 
  NaSO4-                -9.839     -9.884     1.448E-10     1.306E-10     9.019E-01  Aqueous 
  NaOH(aq)             -19.640    -19.639     2.290E-20     2.296E-20     1.003E+00  Aqueous 
  PbOH+                 -9.956    -10.002     1.108E-10     9.947E-11     8.980E-01  Aqueous 
  PbSO4(aq)             -5.287     -5.286     5.164E-06     5.177E-06     1.003E+00  Aqueous 
  Pb(OH)2(aq)          -16.412    -16.411     3.875E-17     3.885E-17     1.003E+00  Aqueous 
  Pb(SO4)2--            -7.095     -7.308     8.028E-08     4.922E-08     6.131E-01  Aqueous 
  Pb(OH)3-             -24.302    -24.349     4.987E-25     4.478E-25     8.980E-01  Aqueous 
  Pb2OH+++             -13.538    -13.946     2.896E-14     1.132E-14     3.907E-01  Aqueous 
  Pb(OH)4--            -32.775    -32.987     1.680E-33     1.030E-33     6.131E-01  Aqueous 
  ZnOH+                -10.828    -10.874     1.487E-11     1.335E-11     8.980E-01  Aqueous 
  ZnSO4(aq)             -5.296     -5.295     5.061E-06     5.074E-06     1.003E+00  Aqueous 
  Zn(OH)2(aq)          -15.814    -15.813     1.534E-16     1.538E-16     1.003E+00  Aqueous 
  Zn(SO4)2--            -6.908     -7.120     1.236E-07     7.581E-08     6.131E-01  Aqueous 
  Zn(OH)3-             -24.265    -24.311     5.438E-25     4.883E-25     8.980E-01  Aqueous 
  Zn(OH)4--            -33.923    -34.110     1.195E-34     7.770E-35     6.503E-01  Aqueous 
 
  ****** Partial pressure of gases (bars) *****
 
 
  ***** Saturation state of minerals (log[Q/K] *****
 
 
 
  ***** Volum of minerals added or subtracted *****
 
 
 **************************************************************
 ------> GRID LOCATION:    20:  1:  1
 
  Temperature (C)    =     25.000
  Porosity           =      0.250
  Liquid Saturation  =      1.000
  Liquid Density     =    997.075
  Ionic Strength     =      0.011
  Solution pH        =      3.002
  Total Charge       = -2.351E-06
 
 Total Aqueous Concentrations of Primary Species 
 --------------------------------------- 
 
   Species              Molality       Type 
 H+                   1.2884E-03     Aqueous      
 SO4--                3.6542E-03     Aqueous      
 Zn++                 2.3303E-05     Aqueous      
 Pb++                 1.2975E-05     Aqueous      
 Ca++                 2.7801E-08     Aqueous      
 Mg++                 2.9121E-03     Aqueous      
 K+                   1.2072E-04     Aqueous      
 Na+                  4.9700E-08     Aqueous      
 
 Exchangers           Equiv/kgw        Equiv/g solid    Equiv/m^3 bulk
 X-                   4.9623E-02       6.5970E-06       1.2369E+01
 Y-                   5.5136E-03       7.3300E-07       1.3744E+00
 
 Total Concentrations in Exchange Sites 
 -------------------------------------- 
 
 Exchangers           Equiv/kgw        Equiv/g solid    Equiv/m^3 bulk
 Zn++                 3.4268E-04       4.5557E-08       8.5419E-02
 Pb++                 2.6313E-04       3.4982E-08       6.5591E-02
 Ca++                 4.2133E-07       5.6012E-11       1.0502E-04
 Mg++                 2.6765E-02       3.5583E-06       6.6717E+00
 K+                   3.9333E-04       5.2291E-08       9.8045E-02
 Na+                  2.9856E-08       3.9691E-12       7.4421E-06
 
 Concentrations of Individual Species, Exchangers, and Surface Complexes 
 ----------------------------------------------------------------------- 
 
                           Log        Log                 Concentration     
 Species              Molality   Activity      Molality    Mol/m^3 blk  Type
  NaX                   -7.558     -6.253     2.769E-08     6.903E-06  Exchange
  NaY                   -8.665     -6.406     2.164E-09     5.394E-07  Exchange
  KX                    -3.475     -2.171     3.348E-04     8.345E-02  Exchange
  KY                    -4.232     -1.974     5.857E-05     1.460E-02  Exchange
  CaX2                  -6.432     -4.826     3.702E-07     9.228E-05  Exchange
  CaY2                  -7.291     -4.732     5.111E-08     1.274E-05  Exchange
  MgX2                  -1.618     -0.012     2.412E-02     6.012E+00  Exchange
  MgY2                  -2.578     -0.018     2.645E-03     6.594E-01  Exchange
  ZnX2                  -3.521     -1.916     3.011E-04     7.506E-02  Exchange
  ZnY2                  -4.381     -1.822     4.157E-05     1.036E-02  Exchange
  PbX2                  -3.653     -2.048     2.224E-04     5.543E-02  Exchange
  PbY2                  -4.390     -1.830     4.075E-05     1.016E-02  Exchange
                           Log        Log                                 Activity
 Species              Molality   Activity      Molality      Activity   Coefficient    Type
  H+                    -2.961     -3.002     1.094E-03     9.960E-04     9.108E-01  Aqueous 
  SO4--                 -2.555     -2.742     2.787E-03     1.813E-03     6.504E-01  Aqueous 
  Zn++                  -4.742     -4.918     1.813E-05     1.208E-05     6.665E-01  Aqueous 
  Pb++                  -5.111     -5.295     7.742E-06     5.067E-06     6.545E-01  Aqueous 
  Ca++                  -7.652     -7.828     2.229E-08     1.486E-08     6.665E-01  Aqueous 
  Mg++                  -2.647     -2.814     2.252E-03     1.534E-03     6.811E-01  Aqueous 
  K+                    -3.924     -3.972     1.192E-04     1.067E-04     8.950E-01  Aqueous 
  Na+                   -7.308     -7.354     4.925E-08     4.423E-08     8.980E-01  Aqueous 
  OH-                  -10.949    -10.996     1.125E-11     1.009E-11     8.966E-01  Aqueous 
  HSO4-                 -3.710     -3.756     1.948E-04     1.752E-04     8.995E-01  Aqueous 
  CaSO4(aq)             -8.262     -8.261     5.473E-09     5.486E-09     1.003E+00  Aqueous 
  CaOH+                -17.562    -17.606     2.740E-18     2.476E-18     9.035E-01  Aqueous 
  CaHSO4+              -10.450    -10.503     3.545E-11     3.137E-11     8.849E-01  Aqueous 
  KSO4-                 -5.819     -5.864     1.518E-06     1.369E-06     9.019E-01  Aqueous 
  KOH(aq)              -15.431    -15.430     3.705E-16     3.714E-16     1.003E+00  Aqueous 
  MgSO4(aq)             -3.181     -3.179     6.599E-04     6.615E-04     1.003E+00  Aqueous 
  MgOH+                -11.209    -11.252     6.181E-12     5.592E-12     9.048E-01  Aqueous 
  NaSO4-                -9.351     -9.396     4.456E-10     4.019E-10     9.019E-01  Aqueous 
  NaOH(aq)             -19.152    -19.151     7.043E-20     7.061E-20     1.003E+00  Aqueous 
  PbOH+                 -9.957    -10.003     1.105E-10     9.920E-11     8.980E-01  Aqueous 
  PbSO4(aq)             -5.288     -5.287     5.153E-06     5.166E-06     1.003E+00  Aqueous 
  Pb(OH)2(aq)          -16.413    -16.412     3.865E-17     3.875E-17     1.003E+00  Aqueous 
  Pb(SO4)2--            -7.096     -7.309     8.015E-08     4.915E-08     6.132E-01  Aqueous 
  Pb(OH)3-             -24.303    -24.350     4.974E-25     4.467E-25     8.980E-01  Aqueous 
  Pb2OH+++             -13.541    -13.949     2.880E-14     1.125E-14     3.907E-01  Aqueous 
  Pb(OH)4--            -32.776    -32.988     1.676E-33     1.027E-33     6.132E-01  Aqueous 
  ZnOH+                -10.829    -10.876     1.482E-11     1.331E-11     8.980E-01  Aqueous 
  ZnSO4(aq)             -5.297     -5.296     5.048E-06     5.061E-06     1.003E+00  Aqueous 
  Zn(OH)2(aq)          -15.815    -15.814     1.530E-16     1.533E-16     1.003E+00  Aqueous 
  Zn(SO4)2--            -6.909     -7.121     1.234E-07     7.567E-08     6.132E-01  Aqueous 
  Zn(OH)3-             -24.266    -24.313     5.422E-25     4.869E-25     8.980E-01  Aqueous 
  Zn(OH)4--            -33.924    -34.111     1.191E-34     7.747E-35     6.504E-01  Aqueous 
 
  ****** Partial pressure of gases (bars) *****
 
 
  ***** Saturation state of minerals (log[Q/K] *****
 
 
 
  ***** Volum of minerals added or subtracted *****
 
 
 **************************************************************
 ------> GRID LOCATION:    21:  1:  1
 
  Temperature (C)    =     25.000
  Porosity           =      0.250
  Liquid Saturation  =      1.000
  Liquid Density     =    997.075
  Ionic Strength     =      0.011
  Solution pH        =      3.002
  Total Charge       = -2.351E-06
 
 Total Aqueous Concentrations of Primary Species 
 --------------------------------------- 
 
   Species              Molality       Type 
 H+                   1.2884E-03     Aqueous      
 SO4--                3.6542E-03     Aqueous      
 Zn++                 2.3236E-05     Aqueous      
 Pb++                 1.2944E-05     Aqueous      
 Ca++                 2.7087E-08     Aqueous      
 Mg++                 2.9022E-03     Aqueous      
 K+                   1.4068E-04     Aqueous      
 Na+                  1.4808E-07     Aqueous      
 
 Exchangers           Equiv/kgw        Equiv/g solid    Equiv/m^3 bulk
 X-                   4.9623E-02       6.5970E-06       1.2369E+01
 Y-                   5.5136E-03       7.3300E-07       1.3744E+00
 
 Total Concentrations in Exchange Sites 
 -------------------------------------- 
 
 Exchangers           Equiv/kgw        Equiv/g solid    Equiv/m^3 bulk
 Zn++                 3.4245E-04       4.5526E-08       8.5362E-02
 Pb++                 2.6303E-04       3.4968E-08       6.5565E-02
 Ca++                 4.1142E-07       5.4695E-11       1.0255E-04
 Mg++                 2.6733E-02       3.5539E-06       6.6636E+00
 K+                   4.5888E-04       6.1005E-08       1.1438E-01
 Na+                  8.9059E-08       1.1840E-11       2.2200E-05
 
 Concentrations of Individual Species, Exchangers, and Surface Complexes 
 ----------------------------------------------------------------------- 
 
                           Log        Log                 Concentration     
 Species              Molality   Activity      Molality    Mol/m^3 blk  Type
  NaX                   -7.083     -5.779     8.261E-08     2.059E-05  Exchange
  NaY                   -8.190     -5.932     6.453E-09     1.609E-06  Exchange
  KX                    -3.408     -2.104     3.906E-04     9.736E-02  Exchange
  KY                    -4.166     -1.907     6.831E-05     1.703E-02  Exchange
  CaX2                  -6.442     -4.836     3.615E-07     9.012E-05  Exchange
  CaY2                  -7.302     -4.742     4.988E-08     1.243E-05  Exchange
  MgX2                  -1.618     -0.013     2.409E-02     6.005E+00  Exchange
  MgY2                  -2.578     -0.019     2.640E-03     6.582E-01  Exchange
  ZnX2                  -3.522     -1.916     3.009E-04     7.501E-02  Exchange
  ZnY2                  -4.382     -1.822     4.152E-05     1.035E-02  Exchange
  PbX2                  -3.653     -2.048     2.223E-04     5.542E-02  Exchange
  PbY2                  -4.390     -1.831     4.071E-05     1.015E-02  Exchange
                           Log        Log                                 Activity
 Species              Molality   Activity      Molality      Activity   Coefficient    Type
  H+                    -2.961     -3.002     1.094E-03     9.959E-04     9.108E-01  Aqueous 
  SO4--                 -2.555     -2.741     2.789E-03     1.814E-03     6.504E-01  Aqueous 
  Zn++                  -4.743     -4.919     1.808E-05     1.205E-05     6.665E-01  Aqueous 
  Pb++                  -5.112     -5.296     7.721E-06     5.054E-06     6.546E-01  Aqueous 
  Ca++                  -7.663     -7.839     2.172E-08     1.447E-08     6.665E-01  Aqueous 
  Mg++                  -2.649     -2.816     2.244E-03     1.529E-03     6.812E-01  Aqueous 
  K+                    -3.857     -3.905     1.389E-04     1.243E-04     8.950E-01  Aqueous 
  Na+                   -6.833     -6.880     1.468E-07     1.318E-07     8.980E-01  Aqueous 
  OH-                  -10.949    -10.996     1.125E-11     1.009E-11     8.966E-01  Aqueous 
  HSO4-                 -3.710     -3.756     1.949E-04     1.753E-04     8.995E-01  Aqueous 
  CaSO4(aq)             -8.273     -8.272     5.335E-09     5.348E-09     1.003E+00  Aqueous 
  CaOH+                -17.574    -17.618     2.669E-18     2.412E-18     9.035E-01  Aqueous 
  CaHSO4+              -10.461    -10.515     3.456E-11     3.058E-11     8.849E-01  Aqueous 
  KSO4-                 -5.752     -5.797     1.770E-06     1.597E-06     9.020E-01  Aqueous 
  KOH(aq)              -15.365    -15.364     4.318E-16     4.329E-16     1.003E+00  Aqueous 
  MgSO4(aq)             -3.182     -3.181     6.580E-04     6.596E-04     1.003E+00  Aqueous 
  MgOH+                -11.210    -11.254     6.159E-12     5.573E-12     9.048E-01  Aqueous 
  NaSO4-                -8.877     -8.922     1.328E-09     1.198E-09     9.020E-01  Aqueous 
  NaOH(aq)             -18.678    -18.677     2.099E-19     2.104E-19     1.003E+00  Aqueous 
  PbOH+                 -9.958    -10.005     1.102E-10     9.895E-11     8.980E-01  Aqueous 
  PbSO4(aq)             -5.289     -5.288     5.142E-06     5.155E-06     1.003E+00  Aqueous 
  Pb(OH)2(aq)          -16.414    -16.413     3.856E-17     3.865E-17     1.003E+00  Aqueous 
  Pb(SO4)2--            -7.097     -7.309     8.003E-08     4.908E-08     6.132E-01  Aqueous 
  Pb(OH)3-             -24.304    -24.351     4.962E-25     4.456E-25     8.980E-01  Aqueous 
  Pb2OH+++             -13.543    -13.951     2.865E-14     1.120E-14     3.908E-01  Aqueous 
  Pb(OH)4--            -32.777    -32.989     1.672E-33     1.025E-33     6.132E-01  Aqueous 
  ZnOH+                -10.830    -10.877     1.478E-11     1.327E-11     8.980E-01  Aqueous 
  ZnSO4(aq)             -5.298     -5.297     5.036E-06     5.049E-06     1.003E+00  Aqueous 
  Zn(OH)2(aq)          -15.817    -15.816     1.525E-16     1.529E-16     1.003E+00  Aqueous 
  Zn(SO4)2--            -6.909     -7.122     1.232E-07     7.554E-08     6.132E-01  Aqueous 
  Zn(OH)3-             -24.267    -24.314     5.407E-25     4.856E-25     8.980E-01  Aqueous 
  Zn(OH)4--            -33.925    -34.112     1.188E-34     7.727E-35     6.504E-01  Aqueous 
 
  ****** Partial pressure of gases (bars) *****
 
 
  ***** Saturation state of minerals (log[Q/K] *****
 
 
 
  ***** Volum of minerals added or subtracted *****
 
 
 **************************************************************
 ------> GRID LOCATION:    22:  1:  1
 
  Temperature (C)    =     25.000
  Porosity           =      0.250
  Liquid Saturation  =      1.000
  Liquid Density     =    997.075
  Ionic Strength     =      0.011
  Solution pH        =      3.002
  Total Charge       = -2.351E-06
 
 Total Aqueous Concentrations of Primary Species 
 --------------------------------------- 
 
   Species              Molality       Type 
 H+                   1.2884E-03     Aqueous      
 SO4--                3.6542E-03     Aqueous      
 Zn++                 2.3176E-05     Aqueous      
 Pb++                 1.2914E-05     Aqueous      
 Ca++                 2.6877E-08     Aqueous      
 Mg++                 2.8931E-03     Aqueous      
 K+                   1.5880E-04     Aqueous      
 Na+                  4.2900E-07     Aqueous      
 
 Exchangers           Equiv/kgw        Equiv/g solid    Equiv/m^3 bulk
 X-                   4.9623E-02       6.5970E-06       1.2369E+01
 Y-                   5.5136E-03       7.3300E-07       1.3744E+00
 
 Total Concentrations in Exchange Sites 
 -------------------------------------- 
 
 Exchangers           Equiv/kgw        Equiv/g solid    Equiv/m^3 bulk
 Zn++                 3.4225E-04       4.5500E-08       8.5312E-02
 Pb++                 2.6293E-04       3.4955E-08       6.5541E-02
 Ca++                 4.0907E-07       5.4383E-11       1.0197E-04
 Mg++                 2.6703E-02       3.5500E-06       6.6563E+00
 K+                   5.1855E-04       6.8937E-08       1.2926E-01
 Na+                  2.5829E-07       3.4338E-11       6.4384E-05
 
 Concentrations of Individual Species, Exchangers, and Surface Complexes 
 ----------------------------------------------------------------------- 
 
                           Log        Log                 Concentration     
 Species              Molality   Activity      Molality    Mol/m^3 blk  Type
  NaX                   -6.621     -5.316     2.396E-07     5.972E-05  Exchange
  NaY                   -7.728     -5.469     1.871E-08     4.664E-06  Exchange
  KX                    -3.355     -2.051     4.414E-04     1.100E-01  Exchange
  KY                    -4.113     -1.854     7.717E-05     1.924E-02  Exchange
  CaX2                  -6.444     -4.839     3.595E-07     8.961E-05  Exchange
  CaY2                  -7.305     -4.745     4.957E-08     1.236E-05  Exchange
  MgX2                  -1.619     -0.013     2.407E-02     5.999E+00  Exchange
  MgY2                  -2.579     -0.019     2.636E-03     6.571E-01  Exchange
  ZnX2                  -3.522     -1.916     3.008E-04     7.497E-02  Exchange
  ZnY2                  -4.382     -1.823     4.147E-05     1.034E-02  Exchange
  PbX2                  -3.653     -2.048     2.223E-04     5.540E-02  Exchange
  PbY2                  -4.391     -1.831     4.067E-05     1.014E-02  Exchange
                           Log        Log                                 Activity
 Species              Molality   Activity      Molality      Activity   Coefficient    Type
  H+                    -2.961     -3.002     1.093E-03     9.958E-04     9.108E-01  Aqueous 
  SO4--                 -2.554     -2.741     2.790E-03     1.815E-03     6.504E-01  Aqueous 
  Zn++                  -4.744     -4.920     1.803E-05     1.202E-05     6.665E-01  Aqueous 
  Pb++                  -5.113     -5.297     7.702E-06     5.041E-06     6.546E-01  Aqueous 
  Ca++                  -7.667     -7.843     2.155E-08     1.436E-08     6.665E-01  Aqueous 
  Mg++                  -2.650     -2.817     2.237E-03     1.524E-03     6.812E-01  Aqueous 
  K+                    -3.805     -3.853     1.568E-04     1.403E-04     8.951E-01  Aqueous 
  Na+                   -6.371     -6.418     4.251E-07     3.818E-07     8.981E-01  Aqueous 
  OH-                  -10.949    -10.996     1.125E-11     1.009E-11     8.966E-01  Aqueous 
  HSO4-                 -3.710     -3.756     1.950E-04     1.754E-04     8.995E-01  Aqueous 
  CaSO4(aq)             -8.276     -8.275     5.296E-09     5.310E-09     1.003E+00  Aqueous 
  CaOH+                -17.577    -17.621     2.649E-18     2.393E-18     9.035E-01  Aqueous 
  CaHSO4+              -10.465    -10.518     3.430E-11     3.036E-11     8.849E-01  Aqueous 
  KSO4-                 -5.699     -5.744     1.999E-06     1.803E-06     9.020E-01  Aqueous 
  KOH(aq)              -15.312    -15.311     4.874E-16     4.887E-16     1.003E+00  Aqueous 
  MgSO4(aq)             -3.183     -3.182     6.562E-04     6.578E-04     1.003E+00  Aqueous 
  MgOH+                -11.212    -11.255     6.140E-12     5.555E-12     9.048E-01  Aqueous 
  NaSO4-                -8.414     -8.459     3.851E-09     3.473E-09     9.020E-01  Aqueous 
  NaOH(aq)             -18.216    -18.215     6.080E-19     6.096E-19     1.003E+00  Aqueous 
  PbOH+                 -9.959    -10.006     1.099E-10     9.871E-11     8.981E-01  Aqueous 
  PbSO4(aq)             -5.290     -5.289     5.133E-06     5.145E-06     1.003E+00  Aqueous 
  Pb(OH)2(aq)          -16.415    -16.414     3.847E-17     3.856E-17     1.003E+00  Aqueous 
  Pb(SO4)2--            -7.097     -7.310     7.992E-08     4.901E-08     6.133E-01  Aqueous 
  Pb(OH)3-             -24.305    -24.352     4.951E-25     4.446E-25     8.981E-01  Aqueous 
  Pb2OH+++             -13.545    -13.953     2.851E-14     1.114E-14     3.908E-01  Aqueous 
  Pb(OH)4--            -32.778    -32.990     1.668E-33     1.023E-33     6.133E-01  Aqueous 
  ZnOH+                -10.832    -10.878     1.474E-11     1.324E-11     8.981E-01  Aqueous 
  ZnSO4(aq)             -5.299     -5.298     5.025E-06     5.038E-06     1.003E+00  Aqueous 
  Zn(OH)2(aq)          -15.818    -15.817     1.521E-16     1.525E-16     1.003E+00  Aqueous 
  Zn(SO4)2--            -6.910     -7.123     1.230E-07     7.542E-08     6.133E-01  Aqueous 
  Zn(OH)3-             -24.268    -24.315     5.393E-25     4.844E-25     8.981E-01  Aqueous 
  Zn(OH)4--            -33.926    -34.113     1.185E-34     7.708E-35     6.504E-01  Aqueous 
 
  ****** Partial pressure of gases (bars) *****
 
 
  ***** Saturation state of minerals (log[Q/K] *****
 
 
 
  ***** Volum of minerals added or subtracted *****
 
 
 **************************************************************
 ------> GRID LOCATION:    23:  1:  1
 
  Temperature (C)    =     25.000
  Porosity           =      0.250
  Liquid Saturation  =      1.000
  Liquid Density     =    997.075
  Ionic Strength     =      0.011
  Solution pH        =      3.002
  Total Charge       = -2.351E-06
 
 Total Aqueous Concentrations of Primary Species 
 --------------------------------------- 
 
   Species              Molality       Type 
 H+                   1.2884E-03     Aqueous      
 SO4--                3.6542E-03     Aqueous      
 Zn++                 2.3121E-05     Aqueous      
 Pb++                 1.2888E-05     Aqueous      
 Ca++                 2.6786E-08     Aqueous      
 Mg++                 2.8849E-03     Aqueous      
 K+                   1.7444E-04     Aqueous      
 Na+                  1.2139E-06     Aqueous      
 
 Exchangers           Equiv/kgw        Equiv/g solid    Equiv/m^3 bulk
 X-                   4.9623E-02       6.5970E-06       1.2369E+01
 Y-                   5.5136E-03       7.3300E-07       1.3744E+00
 
 Total Concentrations in Exchange Sites 
 -------------------------------------- 
 
 Exchangers           Equiv/kgw        Equiv/g solid    Equiv/m^3 bulk
 Zn++                 3.4208E-04       4.5477E-08       8.5269E-02
 Pb++                 2.6285E-04       3.4944E-08       6.5520E-02
 Ca++                 4.0843E-07       5.4298E-11       1.0181E-04
 Mg++                 2.6677E-02       3.5466E-06       6.6498E+00
 K+                   5.7018E-04       7.5801E-08       1.4213E-01
 Na+                  7.3156E-07       9.7256E-11       1.8236E-04
 
 Concentrations of Individual Species, Exchangers, and Surface Complexes 
 ----------------------------------------------------------------------- 
 
                           Log        Log                 Concentration     
 Species              Molality   Activity      Molality    Mol/m^3 blk  Type
  NaX                   -6.168     -4.864     6.786E-07     1.691E-04  Exchange
  NaY                   -7.276     -5.017     5.298E-08     1.321E-05  Exchange
  KX                    -3.314     -2.010     4.853E-04     1.210E-01  Exchange
  KY                    -4.071     -1.813     8.484E-05     2.115E-02  Exchange
  CaX2                  -6.445     -4.840     3.590E-07     8.948E-05  Exchange
  CaY2                  -7.306     -4.746     4.947E-08     1.233E-05  Exchange
  MgX2                  -1.619     -0.014     2.405E-02     5.994E+00  Exchange
  MgY2                  -2.580     -0.020     2.632E-03     6.561E-01  Exchange
  ZnX2                  -3.522     -1.917     3.006E-04     7.494E-02  Exchange
  ZnY2                  -4.383     -1.823     4.143E-05     1.033E-02  Exchange
  PbX2                  -3.653     -2.048     2.222E-04     5.539E-02  Exchange
  PbY2                  -4.391     -1.831     4.064E-05     1.013E-02  Exchange
                           Log        Log                                 Activity
 Species              Molality   Activity      Molality      Activity   Coefficient    Type
  H+                    -2.961     -3.002     1.093E-03     9.958E-04     9.108E-01  Aqueous 
  SO4--                 -2.554     -2.741     2.792E-03     1.816E-03     6.505E-01  Aqueous 
  Zn++                  -4.745     -4.921     1.798E-05     1.199E-05     6.665E-01  Aqueous 
  Pb++                  -5.114     -5.298     7.684E-06     5.030E-06     6.546E-01  Aqueous 
  Ca++                  -7.668     -7.844     2.147E-08     1.431E-08     6.665E-01  Aqueous 
  Mg++                  -2.652     -2.818     2.230E-03     1.519E-03     6.812E-01  Aqueous 
  K+                    -3.764     -3.812     1.722E-04     1.542E-04     8.951E-01  Aqueous 
  Na+                   -5.920     -5.966     1.203E-06     1.080E-06     8.981E-01  Aqueous 
  OH-                  -10.949    -10.996     1.125E-11     1.009E-11     8.966E-01  Aqueous 
  HSO4-                 -3.710     -3.756     1.951E-04     1.755E-04     8.995E-01  Aqueous 
  CaSO4(aq)             -8.277     -8.276     5.281E-09     5.294E-09     1.003E+00  Aqueous 
  CaOH+                -17.578    -17.622     2.640E-18     2.385E-18     9.036E-01  Aqueous 
  CaHSO4+              -10.466    -10.519     3.420E-11     3.026E-11     8.849E-01  Aqueous 
  KSO4-                 -5.658     -5.703     2.197E-06     1.982E-06     9.020E-01  Aqueous 
  KOH(aq)              -15.271    -15.270     5.355E-16     5.368E-16     1.003E+00  Aqueous 
  MgSO4(aq)             -3.184     -3.183     6.546E-04     6.563E-04     1.003E+00  Aqueous 
  MgOH+                -11.213    -11.257     6.122E-12     5.540E-12     9.048E-01  Aqueous 
  NaSO4-                -7.963     -8.007     1.090E-08     9.832E-09     9.020E-01  Aqueous 
  NaOH(aq)             -17.764    -17.763     1.721E-18     1.725E-18     1.003E+00  Aqueous 
  PbOH+                 -9.960    -10.007     1.097E-10     9.850E-11     8.981E-01  Aqueous 
  PbSO4(aq)             -5.290     -5.289     5.124E-06     5.137E-06     1.003E+00  Aqueous 
  Pb(OH)2(aq)          -16.416    -16.415     3.839E-17     3.848E-17     1.003E+00  Aqueous 
  Pb(SO4)2--            -7.098     -7.310     7.982E-08     4.895E-08     6.133E-01  Aqueous 
  Pb(OH)3-             -24.306    -24.353     4.941E-25     4.437E-25     8.981E-01  Aqueous 
  Pb2OH+++             -13.547    -13.955     2.838E-14     1.109E-14     3.909E-01  Aqueous 
  Pb(OH)4--            -32.779    -32.991     1.664E-33     1.021E-33     6.133E-01  Aqueous 
  ZnOH+                -10.833    -10.879     1.470E-11     1.320E-11     8.981E-01  Aqueous 
  ZnSO4(aq)             -5.300     -5.299     5.016E-06     5.028E-06     1.003E+00  Aqueous 
  Zn(OH)2(aq)          -15.819    -15.818     1.518E-16     1.522E-16     1.003E+00  Aqueous 
  Zn(SO4)2--            -6.911     -7.123     1.228E-07     7.531E-08     6.133E-01  Aqueous 
  Zn(OH)3-             -24.269    -24.316     5.381E-25     4.833E-25     8.981E-01  Aqueous 
  Zn(OH)4--            -33.927    -34.114     1.183E-34     7.692E-35     6.505E-01  Aqueous 
 
  ****** Partial pressure of gases (bars) *****
 
 
  ***** Saturation state of minerals (log[Q/K] *****
 
 
 
  ***** Volum of minerals added or subtracted *****
 
 
 **************************************************************
 ------> GRID LOCATION:    24:  1:  1
 
  Temperature (C)    =     25.000
  Porosity           =      0.250
  Liquid Saturation  =      1.000
  Liquid Density     =    997.075
  Ionic Strength     =      0.011
  Solution pH        =      3.002
  Total Charge       = -2.351E-06
 
 Total Aqueous Concentrations of Primary Species 
 --------------------------------------- 
 
   Species              Molality       Type 
 H+                   1.2884E-03     Aqueous      
 SO4--                3.6542E-03     Aqueous      
 Zn++                 2.3071E-05     Aqueous      
 Pb++                 1.2863E-05     Aqueous      
 Ca++                 2.6722E-08     Aqueous      
 Mg++                 2.8775E-03     Aqueous      
 K+                   1.8729E-04     Aqueous      
 Na+                  3.3697E-06     Aqueous      
 
 Exchangers           Equiv/kgw        Equiv/g solid    Equiv/m^3 bulk
 X-                   4.9623E-02       6.5970E-06       1.2369E+01
 Y-                   5.5136E-03       7.3300E-07       1.3744E+00
 
 Total Concentrations in Exchange Sites 
 -------------------------------------- 
 
 Exchangers           Equiv/kgw        Equiv/g solid    Equiv/m^3 bulk
 Zn++                 3.4193E-04       4.5458E-08       8.5233E-02
 Pb++                 2.6278E-04       3.4935E-08       6.5503E-02
 Ca++                 4.0818E-07       5.4265E-11       1.0175E-04
 Mg++                 2.6656E-02       3.5437E-06       6.6444E+00
 K+                   6.1272E-04       8.1457E-08       1.5273E-01
 Na+                  2.0327E-06       2.7023E-10       5.0669E-04
 
 Concentrations of Individual Species, Exchangers, and Surface Complexes 
 ----------------------------------------------------------------------- 
 
                           Log        Log                 Concentration     
 Species              Molality   Activity      Molality    Mol/m^3 blk  Type
  NaX                   -5.725     -4.420     1.886E-06     4.700E-04  Exchange
  NaY                   -6.832     -4.574     1.472E-07     3.669E-05  Exchange
  KX                    -3.283     -1.978     5.216E-04     1.300E-01  Exchange
  KY                    -4.040     -1.782     9.115E-05     2.272E-02  Exchange
  CaX2                  -6.445     -4.840     3.588E-07     8.943E-05  Exchange
  CaY2                  -7.306     -4.746     4.942E-08     1.232E-05  Exchange
  MgX2                  -1.619     -0.014     2.403E-02     5.989E+00  Exchange
  MgY2                  -2.580     -0.021     2.629E-03     6.554E-01  Exchange
  ZnX2                  -3.522     -1.917     3.005E-04     7.491E-02  Exchange
  ZnY2                  -4.383     -1.823     4.140E-05     1.032E-02  Exchange
  PbX2                  -3.653     -2.048     2.222E-04     5.538E-02  Exchange
  PbY2                  -4.391     -1.832     4.062E-05     1.012E-02  Exchange
                           Log        Log                                 Activity
 Species              Molality   Activity      Molality      Activity   Coefficient    Type
  H+                    -2.961     -3.002     1.093E-03     9.957E-04     9.108E-01  Aqueous 
  SO4--                 -2.554     -2.741     2.793E-03     1.817E-03     6.505E-01  Aqueous 
  Zn++                  -4.746     -4.922     1.794E-05     1.196E-05     6.666E-01  Aqueous 
  Pb++                  -5.115     -5.299     7.668E-06     5.020E-06     6.546E-01  Aqueous 
  Ca++                  -7.669     -7.845     2.142E-08     1.428E-08     6.666E-01  Aqueous 
  Mg++                  -2.653     -2.820     2.224E-03     1.515E-03     6.812E-01  Aqueous 
  K+                    -3.733     -3.781     1.849E-04     1.655E-04     8.951E-01  Aqueous 
  Na+                   -5.476     -5.523     3.339E-06     2.999E-06     8.981E-01  Aqueous 
  OH-                  -10.949    -10.996     1.125E-11     1.009E-11     8.966E-01  Aqueous 
  HSO4-                 -3.710     -3.756     1.952E-04     1.756E-04     8.995E-01  Aqueous 
  CaSO4(aq)             -8.278     -8.277     5.270E-09     5.283E-09     1.003E+00  Aqueous 
  CaOH+                -17.579    -17.624     2.633E-18     2.379E-18     9.036E-01  Aqueous 
  CaHSO4+              -10.467    -10.520     3.413E-11     3.020E-11     8.850E-01  Aqueous 
  KSO4-                 -5.627     -5.672     2.360E-06     2.129E-06     9.020E-01  Aqueous 
  KOH(aq)              -15.240    -15.239     5.750E-16     5.764E-16     1.003E+00  Aqueous 
  MgSO4(aq)             -3.185     -3.184     6.532E-04     6.548E-04     1.003E+00  Aqueous 
  MgOH+                -11.214    -11.258     6.106E-12     5.525E-12     9.048E-01  Aqueous 
  NaSO4-                -7.519     -7.564     3.027E-08     2.731E-08     9.020E-01  Aqueous 
  NaOH(aq)             -17.321    -17.320     4.777E-18     4.789E-18     1.003E+00  Aqueous 
  PbOH+                 -9.961    -10.007     1.095E-10     9.830E-11     8.981E-01  Aqueous 
  PbSO4(aq)             -5.291     -5.290     5.115E-06     5.128E-06     1.003E+00  Aqueous 
  Pb(OH)2(aq)          -16.417    -16.416     3.831E-17     3.841E-17     1.003E+00  Aqueous 
  Pb(SO4)2--            -7.098     -7.311     7.972E-08     4.890E-08     6.133E-01  Aqueous 
  Pb(OH)3-             -24.307    -24.354     4.931E-25     4.429E-25     8.981E-01  Aqueous 
  Pb2OH+++             -13.549    -13.957     2.826E-14     1.105E-14     3.909E-01  Aqueous 
  Pb(OH)4--            -32.780    -32.992     1.661E-33     1.019E-33     6.133E-01  Aqueous 
  ZnOH+                -10.834    -10.880     1.467E-11     1.318E-11     8.981E-01  Aqueous 
  ZnSO4(aq)             -5.300     -5.299     5.007E-06     5.019E-06     1.003E+00  Aqueous 
  Zn(OH)2(aq)          -15.820    -15.819     1.515E-16     1.519E-16     1.003E+00  Aqueous 
  Zn(SO4)2--            -6.911     -7.124     1.226E-07     7.521E-08     6.133E-01  Aqueous 
  Zn(OH)3-             -24.270    -24.317     5.370E-25     4.823E-25     8.981E-01  Aqueous 
  Zn(OH)4--            -33.928    -34.115     1.180E-34     7.676E-35     6.505E-01  Aqueous 
 
  ****** Partial pressure of gases (bars) *****
 
 
  ***** Saturation state of minerals (log[Q/K] *****
 
 
 
  ***** Volum of minerals added or subtracted *****
 
 
 **************************************************************
 ------> GRID LOCATION:    25:  1:  1
 
  Temperature (C)    =     25.000
  Porosity           =      0.250
  Liquid Saturation  =      1.000
  Liquid Density     =    997.075
  Ionic Strength     =      0.011
  Solution pH        =      3.002
  Total Charge       = -2.351E-06
 
 Total Aqueous Concentrations of Primary Species 
 --------------------------------------- 
 
   Species              Molality       Type 
 H+                   1.2884E-03     Aqueous      
 SO4--                3.6542E-03     Aqueous      
 Zn++                 2.3016E-05     Aqueous      
 Pb++                 1.2835E-05     Aqueous      
 Ca++                 2.6656E-08     Aqueous      
 Mg++                 2.8697E-03     Aqueous      
 K+                   1.9728E-04     Aqueous      
 Na+                  9.2143E-06     Aqueous      
 
 Exchangers           Equiv/kgw        Equiv/g solid    Equiv/m^3 bulk
 X-                   4.9623E-02       6.5970E-06       1.2369E+01
 Y-                   5.5136E-03       7.3300E-07       1.3744E+00
 
 Total Concentrations in Exchange Sites 
 -------------------------------------- 
 
 Exchangers           Equiv/kgw        Equiv/g solid    Equiv/m^3 bulk
 Zn++                 3.4181E-04       4.5441E-08       8.5203E-02
 Pb++                 2.6272E-04       3.4927E-08       6.5487E-02
 Ca++                 4.0802E-07       5.4244E-11       1.0171E-04
 Mg++                 2.6637E-02       3.5413E-06       6.6399E+00
 K+                   6.4610E-04       8.5895E-08       1.6105E-01
 Na+                  5.5643E-06       7.3974E-10       1.3870E-03
 
 Concentrations of Individual Species, Exchangers, and Surface Complexes 
 ----------------------------------------------------------------------- 
 
                           Log        Log                 Concentration     
 Species              Molality   Activity      Molality    Mol/m^3 blk  Type
  NaX                   -5.287     -3.983     5.161E-06     1.287E-03  Exchange
  NaY                   -6.395     -4.136     4.028E-07     1.004E-04  Exchange
  KX                    -3.260     -1.955     5.500E-04     1.371E-01  Exchange
  KY                    -4.017     -1.759     9.610E-05     2.396E-02  Exchange
  CaX2                  -6.445     -4.840     3.586E-07     8.940E-05  Exchange
  CaY2                  -7.306     -4.747     4.939E-08     1.231E-05  Exchange
  MgX2                  -1.620     -0.014     2.401E-02     5.985E+00  Exchange
  MgY2                  -2.581     -0.021     2.627E-03     6.547E-01  Exchange
  ZnX2                  -3.522     -1.917     3.004E-04     7.489E-02  Exchange
  ZnY2                  -4.383     -1.824     4.137E-05     1.031E-02  Exchange
  PbX2                  -3.653     -2.048     2.221E-04     5.537E-02  Exchange
  PbY2                  -4.392     -1.832     4.059E-05     1.012E-02  Exchange
                           Log        Log                                 Activity
 Species              Molality   Activity      Molality      Activity   Coefficient    Type
  H+                    -2.961     -3.002     1.093E-03     9.956E-04     9.108E-01  Aqueous 
  SO4--                 -2.554     -2.740     2.794E-03     1.818E-03     6.505E-01  Aqueous 
  Zn++                  -4.747     -4.923     1.790E-05     1.193E-05     6.666E-01  Aqueous 
  Pb++                  -5.116     -5.300     7.650E-06     5.008E-06     6.547E-01  Aqueous 
  Ca++                  -7.670     -7.846     2.136E-08     1.424E-08     6.666E-01  Aqueous 
  Mg++                  -2.654     -2.821     2.218E-03     1.511E-03     6.813E-01  Aqueous 
  K+                    -3.710     -3.759     1.948E-04     1.744E-04     8.951E-01  Aqueous 
  Na+                   -5.039     -5.086     9.131E-06     8.201E-06     8.981E-01  Aqueous 
  OH-                  -10.949    -10.996     1.125E-11     1.009E-11     8.966E-01  Aqueous 
  HSO4-                 -3.709     -3.755     1.953E-04     1.756E-04     8.995E-01  Aqueous 
  CaSO4(aq)             -8.279     -8.278     5.259E-09     5.273E-09     1.003E+00  Aqueous 
  CaOH+                -17.581    -17.625     2.627E-18     2.374E-18     9.036E-01  Aqueous 
  CaHSO4+              -10.468    -10.521     3.406E-11     3.014E-11     8.850E-01  Aqueous 
  KSO4-                 -5.604     -5.649     2.487E-06     2.244E-06     9.020E-01  Aqueous 
  KOH(aq)              -15.218    -15.217     6.057E-16     6.072E-16     1.003E+00  Aqueous 
  MgSO4(aq)             -3.186     -3.185     6.517E-04     6.533E-04     1.003E+00  Aqueous 
  MgOH+                -11.215    -11.259     6.090E-12     5.510E-12     9.049E-01  Aqueous 
  NaSO4-                -7.082     -7.127     8.283E-08     7.471E-08     9.020E-01  Aqueous 
  NaOH(aq)             -16.884    -16.883     1.306E-17     1.310E-17     1.003E+00  Aqueous 
  PbOH+                 -9.962    -10.008     1.092E-10     9.807E-11     8.981E-01  Aqueous 
  PbSO4(aq)             -5.292     -5.291     5.106E-06     5.119E-06     1.003E+00  Aqueous 
  Pb(OH)2(aq)          -16.418    -16.417     3.823E-17     3.832E-17     1.003E+00  Aqueous 
  Pb(SO4)2--            -7.099     -7.311     7.961E-08     4.883E-08     6.133E-01  Aqueous 
  Pb(OH)3-             -24.308    -24.355     4.921E-25     4.419E-25     8.981E-01  Aqueous 
  Pb2OH+++             -13.551    -13.959     2.813E-14     1.100E-14     3.909E-01  Aqueous 
  Pb(OH)4--            -32.780    -32.993     1.658E-33     1.017E-33     6.133E-01  Aqueous 
  ZnOH+                -10.835    -10.881     1.464E-11     1.314E-11     8.981E-01  Aqueous 
  ZnSO4(aq)             -5.301     -5.300     4.997E-06     5.009E-06     1.003E+00  Aqueous 
  Zn(OH)2(aq)          -15.821    -15.820     1.511E-16     1.515E-16     1.003E+00  Aqueous 
  Zn(SO4)2--            -6.912     -7.124     1.224E-07     7.510E-08     6.133E-01  Aqueous 
  Zn(OH)3-             -24.271    -24.318     5.358E-25     4.812E-25     8.981E-01  Aqueous 
  Zn(OH)4--            -33.929    -34.116     1.177E-34     7.659E-35     6.505E-01  Aqueous 
 
  ****** Partial pressure of gases (bars) *****
 
 
  ***** Saturation state of minerals (log[Q/K] *****
 
 
 
  ***** Volum of minerals added or subtracted *****
 
 
 **************************************************************
 ------> GRID LOCATION:    26:  1:  1
 
  Temperature (C)    =     25.000
  Porosity           =      0.250
  Liquid Saturation  =      1.000
  Liquid Density     =    997.075
  Ionic Strength     =      0.011
  Solution pH        =      3.002
  Total Charge       = -2.351E-06
 
 Total Aqueous Concentrations of Primary Species 
 --------------------------------------- 
 
   Species              Molality       Type 
 H+                   1.2884E-03     Aqueous      
 SO4--                3.6542E-03     Aqueous      
 Zn++                 2.2931E-05     Aqueous      
 Pb++                 1.2792E-05     Aqueous      
 Ca++                 2.6558E-08     Aqueous      
 Mg++                 2.8583E-03     Aqueous      
 K+                   2.0454E-04     Aqueous      
 Na+                  2.4899E-05     Aqueous      
 
 Exchangers           Equiv/kgw        Equiv/g solid    Equiv/m^3 bulk
 X-                   4.9623E-02       6.5970E-06       1.2369E+01
 Y-                   5.5136E-03       7.3300E-07       1.3744E+00
 
 Total Concentrations in Exchange Sites 
 -------------------------------------- 
 
 Exchangers           Equiv/kgw        Equiv/g solid    Equiv/m^3 bulk
 Zn++                 3.4169E-04       4.5426E-08       8.5173E-02
 Pb++                 2.6266E-04       3.4919E-08       6.5472E-02
 Ca++                 4.0788E-07       5.4225E-11       1.0167E-04
 Mg++                 2.6620E-02       3.5390E-06       6.6356E+00
 K+                   6.7102E-04       8.9207E-08       1.6726E-01
 Na+                  1.5062E-05       2.0024E-09       3.7545E-03
 
 Concentrations of Individual Species, Exchangers, and Surface Complexes 
 ----------------------------------------------------------------------- 
 
                           Log        Log                 Concentration     
 Species              Molality   Activity      Molality    Mol/m^3 blk  Type
  NaX                   -4.855     -3.550     1.397E-05     3.483E-03  Exchange
  NaY                   -5.962     -3.704     1.090E-06     2.718E-04  Exchange
  KX                    -3.243     -1.939     5.712E-04     1.424E-01  Exchange
  KY                    -4.001     -1.742     9.980E-05     2.488E-02  Exchange
  CaX2                  -6.445     -4.840     3.585E-07     8.937E-05  Exchange
  CaY2                  -7.307     -4.747     4.936E-08     1.230E-05  Exchange
  MgX2                  -1.620     -0.015     2.400E-02     5.981E+00  Exchange
  MgY2                  -2.581     -0.021     2.624E-03     6.542E-01  Exchange
  ZnX2                  -3.522     -1.917     3.003E-04     7.487E-02  Exchange
  ZnY2                  -4.383     -1.824     4.135E-05     1.031E-02  Exchange
  PbX2                  -3.653     -2.048     2.221E-04     5.536E-02  Exchange
  PbY2                  -4.392     -1.832     4.058E-05     1.012E-02  Exchange
                           Log        Log                                 Activity
 Species              Molality   Activity      Molality      Activity   Coefficient    Type
  H+                    -2.961     -3.002     1.093E-03     9.955E-04     9.108E-01  Aqueous 
  SO4--                 -2.553     -2.740     2.796E-03     1.819E-03     6.506E-01  Aqueous 
  Zn++                  -4.749     -4.925     1.783E-05     1.188E-05     6.666E-01  Aqueous 
  Pb++                  -5.118     -5.302     7.621E-06     4.990E-06     6.547E-01  Aqueous 
  Ca++                  -7.672     -7.848     2.128E-08     1.419E-08     6.666E-01  Aqueous 
  Mg++                  -2.656     -2.823     2.209E-03     1.505E-03     6.813E-01  Aqueous 
  K+                    -3.695     -3.743     2.020E-04     1.808E-04     8.951E-01  Aqueous 
  Na+                   -4.608     -4.654     2.467E-05     2.216E-05     8.981E-01  Aqueous 
  OH-                  -10.949    -10.996     1.125E-11     1.009E-11     8.966E-01  Aqueous 
  HSO4-                 -3.709     -3.755     1.954E-04     1.757E-04     8.995E-01  Aqueous 
  CaSO4(aq)             -8.280     -8.279     5.243E-09     5.256E-09     1.003E+00  Aqueous 
  CaOH+                -17.582    -17.626     2.617E-18     2.365E-18     9.036E-01  Aqueous 
  CaHSO4+              -10.469    -10.522     3.395E-11     3.004E-11     8.850E-01  Aqueous 
  KSO4-                 -5.588     -5.633     2.581E-06     2.328E-06     9.020E-01  Aqueous 
  KOH(aq)              -15.202    -15.201     6.280E-16     6.296E-16     1.003E+00  Aqueous 
  MgSO4(aq)             -3.187     -3.186     6.495E-04     6.511E-04     1.003E+00  Aqueous 
  MgOH+                -11.217    -11.261     6.065E-12     5.488E-12     9.049E-01  Aqueous 
  NaSO4-                -6.650     -6.695     2.240E-07     2.020E-07     9.020E-01  Aqueous 
  NaOH(aq)             -16.452    -16.451     3.530E-17     3.539E-17     1.003E+00  Aqueous 
  PbOH+                 -9.963    -10.010     1.088E-10     9.773E-11     8.981E-01  Aqueous 
  PbSO4(aq)             -5.293     -5.292     5.091E-06     5.104E-06     1.003E+00  Aqueous 
  Pb(OH)2(aq)          -16.419    -16.418     3.809E-17     3.819E-17     1.003E+00  Aqueous 
  Pb(SO4)2--            -7.100     -7.312     7.943E-08     4.872E-08     6.134E-01  Aqueous 
  Pb(OH)3-             -24.309    -24.356     4.904E-25     4.404E-25     8.981E-01  Aqueous 
  Pb2OH+++             -13.554    -13.962     2.792E-14     1.092E-14     3.910E-01  Aqueous 
  Pb(OH)4--            -32.782    -32.994     1.652E-33     1.013E-33     6.134E-01  Aqueous 
  ZnOH+                -10.836    -10.883     1.458E-11     1.310E-11     8.981E-01  Aqueous 
  ZnSO4(aq)             -5.303     -5.302     4.982E-06     4.994E-06     1.003E+00  Aqueous 
  Zn(OH)2(aq)          -15.822    -15.821     1.506E-16     1.510E-16     1.003E+00  Aqueous 
  Zn(SO4)2--            -6.913     -7.125     1.221E-07     7.492E-08     6.134E-01  Aqueous 
  Zn(OH)3-             -24.273    -24.319     5.339E-25     4.795E-25     8.981E-01  Aqueous 
  Zn(OH)4--            -33.931    -34.117     1.173E-34     7.634E-35     6.506E-01  Aqueous 
 
  ****** Partial pressure of gases (bars) *****
 
 
  ***** Saturation state of minerals (log[Q/K] *****
 
 
 
  ***** Volum of minerals added or subtracted *****
 
 
 **************************************************************
 ------> GRID LOCATION:    27:  1:  1
 
  Temperature (C)    =     25.000
  Porosity           =      0.250
  Liquid Saturation  =      1.000
  Liquid Density     =    997.075
  Ionic Strength     =      0.011
  Solution pH        =      3.002
  Total Charge       = -2.351E-06
 
 Total Aqueous Concentrations of Primary Species 
 --------------------------------------- 
 
   Species              Molality       Type 
 H+                   1.2884E-03     Aqueous      
 SO4--                3.6542E-03     Aqueous      
 Zn++                 2.2756E-05     Aqueous      
 Pb++                 1.2699E-05     Aqueous      
 Ca++                 2.6354E-08     Aqueous      
 Mg++                 2.8355E-03     Aqueous      
 K+                   2.0907E-04     Aqueous      
 Na+                  6.6598E-05     Aqueous      
 
 Exchangers           Equiv/kgw        Equiv/g solid    Equiv/m^3 bulk
 X-                   4.9623E-02       6.5970E-06       1.2369E+01
 Y-                   5.5136E-03       7.3300E-07       1.3744E+00
 
 Total Concentrations in Exchange Sites 
 -------------------------------------- 
 
 Exchangers           Equiv/kgw        Equiv/g solid    Equiv/m^3 bulk
 Zn++                 3.4154E-04       4.5405E-08       8.5134E-02
 Pb++                 2.6258E-04       3.4908E-08       6.5452E-02
 Ca++                 4.0770E-07       5.4201E-11       1.0163E-04
 Mg++                 2.6599E-02       3.5362E-06       6.6303E+00
 K+                   6.8847E-04       9.1527E-08       1.7161E-01
 Na+                  4.0439E-05       5.3761E-09       1.0080E-02
 
 Concentrations of Individual Species, Exchangers, and Surface Complexes 
 ----------------------------------------------------------------------- 
 
                           Log        Log                 Concentration     
 Species              Molality   Activity      Molality    Mol/m^3 blk  Type
  NaX                   -4.426     -3.122     3.751E-05     9.350E-03  Exchange
  NaY                   -5.534     -3.275     2.927E-06     7.297E-04  Exchange
  KX                    -3.232     -1.928     5.861E-04     1.461E-01  Exchange
  KY                    -3.990     -1.731     1.024E-04     2.552E-02  Exchange
  CaX2                  -6.446     -4.840     3.584E-07     8.933E-05  Exchange
  CaY2                  -7.307     -4.747     4.934E-08     1.230E-05  Exchange
  MgX2                  -1.620     -0.015     2.398E-02     5.977E+00  Exchange
  MgY2                  -2.581     -0.022     2.622E-03     6.536E-01  Exchange
  ZnX2                  -3.523     -1.917     3.002E-04     7.483E-02  Exchange
  ZnY2                  -4.384     -1.824     4.133E-05     1.030E-02  Exchange
  PbX2                  -3.654     -2.048     2.220E-04     5.534E-02  Exchange
  PbY2                  -4.392     -1.832     4.056E-05     1.011E-02  Exchange
                           Log        Log                                 Activity
 Species              Molality   Activity      Molality      Activity   Coefficient    Type
  H+                    -2.961     -3.002     1.093E-03     9.953E-04     9.108E-01  Aqueous 
  SO4--                 -2.553     -2.740     2.800E-03     1.822E-03     6.506E-01  Aqueous 
  Zn++                  -4.752     -4.928     1.768E-05     1.179E-05     6.667E-01  Aqueous 
  Pb++                  -5.121     -5.305     7.561E-06     4.951E-06     6.548E-01  Aqueous 
  Ca++                  -7.675     -7.852     2.111E-08     1.407E-08     6.667E-01  Aqueous 
  Mg++                  -2.659     -2.826     2.190E-03     1.492E-03     6.814E-01  Aqueous 
  K+                    -3.685     -3.733     2.064E-04     1.848E-04     8.951E-01  Aqueous 
  Na+                   -4.180     -4.227     6.600E-05     5.927E-05     8.981E-01  Aqueous 
  OH-                  -10.949    -10.996     1.126E-11     1.009E-11     8.966E-01  Aqueous 
  HSO4-                 -3.709     -3.755     1.956E-04     1.760E-04     8.995E-01  Aqueous 
  CaSO4(aq)             -8.283     -8.282     5.210E-09     5.223E-09     1.003E+00  Aqueous 
  CaOH+                -17.586    -17.630     2.597E-18     2.347E-18     9.036E-01  Aqueous 
  CaHSO4+              -10.472    -10.525     3.372E-11     2.984E-11     8.850E-01  Aqueous 
  KSO4-                 -5.578     -5.623     2.642E-06     2.383E-06     9.020E-01  Aqueous 
  KOH(aq)              -15.192    -15.191     6.421E-16     6.437E-16     1.003E+00  Aqueous 
  MgSO4(aq)             -3.190     -3.189     6.451E-04     6.467E-04     1.003E+00  Aqueous 
  MgOH+                -11.221    -11.264     6.016E-12     5.444E-12     9.049E-01  Aqueous 
  NaSO4-                -6.222     -6.267     5.999E-07     5.412E-07     9.020E-01  Aqueous 
  NaOH(aq)             -16.025    -16.024     9.444E-17     9.468E-17     1.003E+00  Aqueous 
  PbOH+                 -9.967    -10.013     1.080E-10     9.699E-11     8.981E-01  Aqueous 
  PbSO4(aq)             -5.296     -5.295     5.059E-06     5.072E-06     1.003E+00  Aqueous 
  Pb(OH)2(aq)          -16.422    -16.421     3.781E-17     3.791E-17     1.003E+00  Aqueous 
  Pb(SO4)2--            -7.102     -7.314     7.903E-08     4.849E-08     6.135E-01  Aqueous 
  Pb(OH)3-             -24.313    -24.359     4.869E-25     4.373E-25     8.981E-01  Aqueous 
  Pb2OH+++             -13.561    -13.969     2.749E-14     1.075E-14     3.911E-01  Aqueous 
  Pb(OH)4--            -32.785    -32.997     1.641E-33     1.006E-33     6.135E-01  Aqueous 
  ZnOH+                -10.840    -10.886     1.447E-11     1.299E-11     8.981E-01  Aqueous 
  ZnSO4(aq)             -5.305     -5.304     4.949E-06     4.962E-06     1.003E+00  Aqueous 
  Zn(OH)2(aq)          -15.826    -15.824     1.494E-16     1.498E-16     1.003E+00  Aqueous 
  Zn(SO4)2--            -6.915     -7.128     1.215E-07     7.455E-08     6.135E-01  Aqueous 
  Zn(OH)3-             -24.276    -24.322     5.300E-25     4.760E-25     8.981E-01  Aqueous 
  Zn(OH)4--            -33.934    -34.120     1.165E-34     7.579E-35     6.506E-01  Aqueous 
 
  ****** Partial pressure of gases (bars) *****
 
 
  ***** Saturation state of minerals (log[Q/K] *****
 
 
 
  ***** Volum of minerals added or subtracted *****
 
 
 **************************************************************
 ------> GRID LOCATION:    28:  1:  1
 
  Temperature (C)    =     25.000
  Porosity           =      0.250
  Liquid Saturation  =      1.000
  Liquid Density     =    997.075
  Ionic Strength     =      0.011
  Solution pH        =      3.002
  Total Charge       = -2.351E-06
 
 Total Aqueous Concentrations of Primary Species 
 --------------------------------------- 
 
   Species              Molality       Type 
 H+                   1.2884E-03     Aqueous      
 SO4--                3.6542E-03     Aqueous      
 Zn++                 2.2329E-05     Aqueous      
 Pb++                 1.2473E-05     Aqueous      
 Ca++                 2.5858E-08     Aqueous      
 Mg++                 2.7808E-03     Aqueous      
 K+                   2.1038E-04     Aqueous      
 Na+                  1.7605E-04     Aqueous      
 
 Exchangers           Equiv/kgw        Equiv/g solid    Equiv/m^3 bulk
 X-                   4.9623E-02       6.5970E-06       1.2369E+01
 Y-                   5.5136E-03       7.3300E-07       1.3744E+00
 
 Total Concentrations in Exchange Sites 
 -------------------------------------- 
 
 Exchangers           Equiv/kgw        Equiv/g solid    Equiv/m^3 bulk
 Zn++                 3.4124E-04       4.5366E-08       8.5061E-02
 Pb++                 2.6242E-04       3.4887E-08       6.5414E-02
 Ca++                 4.0735E-07       5.4155E-11       1.0154E-04
 Mg++                 2.6560E-02       3.5310E-06       6.6207E+00
 K+                   6.9931E-04       9.2969E-08       1.7432E-01
 Na+                  1.0791E-04       1.4346E-08       2.6898E-02
 
 Concentrations of Individual Species, Exchangers, and Surface Complexes 
 ----------------------------------------------------------------------- 
 
                           Log        Log                 Concentration     
 Species              Molality   Activity      Molality    Mol/m^3 blk  Type
  NaX                   -4.000     -2.695     1.001E-04     2.495E-02  Exchange
  NaY                   -5.107     -2.849     7.812E-06     1.947E-03  Exchange
  KX                    -3.225     -1.921     5.953E-04     1.484E-01  Exchange
  KY                    -3.983     -1.724     1.040E-04     2.593E-02  Exchange
  CaX2                  -6.446     -4.841     3.580E-07     8.925E-05  Exchange
  CaY2                  -7.307     -4.747     4.931E-08     1.229E-05  Exchange
  MgX2                  -1.621     -0.015     2.394E-02     5.968E+00  Exchange
  MgY2                  -2.582     -0.022     2.619E-03     6.528E-01  Exchange
  ZnX2                  -3.523     -1.918     2.999E-04     7.476E-02  Exchange
  ZnY2                  -4.384     -1.824     4.131E-05     1.030E-02  Exchange
  PbX2                  -3.654     -2.049     2.219E-04     5.531E-02  Exchange
  PbY2                  -4.392     -1.832     4.055E-05     1.011E-02  Exchange
                           Log        Log                                 Activity
 Species              Molality   Activity      Molality      Activity   Coefficient    Type
  H+                    -2.962     -3.002     1.092E-03     9.949E-04     9.109E-01  Aqueous 
  SO4--                 -2.551     -2.738     2.809E-03     1.828E-03     6.508E-01  Aqueous 
  Zn++                  -4.761     -4.937     1.734E-05     1.156E-05     6.669E-01  Aqueous 
  Pb++                  -5.130     -5.314     7.415E-06     4.856E-06     6.550E-01  Aqueous 
  Ca++                  -7.684     -7.860     2.070E-08     1.380E-08     6.669E-01  Aqueous 
  Mg++                  -2.668     -2.835     2.146E-03     1.463E-03     6.815E-01  Aqueous 
  K+                    -3.683     -3.731     2.077E-04     1.859E-04     8.952E-01  Aqueous 
  Na+                   -3.758     -3.805     1.745E-04     1.567E-04     8.982E-01  Aqueous 
  OH-                  -10.948    -10.996     1.126E-11     1.010E-11     8.967E-01  Aqueous 
  HSO4-                 -3.707     -3.753     1.962E-04     1.765E-04     8.996E-01  Aqueous 
  CaSO4(aq)             -8.290     -8.289     5.127E-09     5.140E-09     1.002E+00  Aqueous 
  CaOH+                -17.594    -17.638     2.548E-18     2.302E-18     9.037E-01  Aqueous 
  CaHSO4+              -10.479    -10.532     3.317E-11     2.936E-11     8.851E-01  Aqueous 
  KSO4-                 -5.574     -5.619     2.668E-06     2.406E-06     9.021E-01  Aqueous 
  KOH(aq)              -15.189    -15.188     6.464E-16     6.481E-16     1.002E+00  Aqueous 
  MgSO4(aq)             -3.198     -3.197     6.345E-04     6.361E-04     1.002E+00  Aqueous 
  MgOH+                -11.229    -11.273     5.899E-12     5.338E-12     9.049E-01  Aqueous 
  NaSO4-                -5.798     -5.843     1.592E-06     1.436E-06     9.021E-01  Aqueous 
  NaOH(aq)             -15.602    -15.601     2.498E-16     2.504E-16     1.002E+00  Aqueous 
  PbOH+                 -9.975    -10.021     1.060E-10     9.518E-11     8.982E-01  Aqueous 
  PbSO4(aq)             -5.303     -5.302     4.980E-06     4.992E-06     1.002E+00  Aqueous 
  Pb(OH)2(aq)          -16.430    -16.429     3.713E-17     3.722E-17     1.002E+00  Aqueous 
  Pb(SO4)2--            -7.108     -7.320     7.805E-08     4.790E-08     6.137E-01  Aqueous 
  Pb(OH)3-             -24.320    -24.367     4.782E-25     4.296E-25     8.982E-01  Aqueous 
  Pb2OH+++             -13.578    -13.985     2.644E-14     1.035E-14     3.913E-01  Aqueous 
  Pb(OH)4--            -32.793    -33.005     1.612E-33     9.891E-34     6.137E-01  Aqueous 
  ZnOH+                -10.848    -10.895     1.419E-11     1.275E-11     8.982E-01  Aqueous 
  ZnSO4(aq)             -5.312     -5.311     4.871E-06     4.883E-06     1.002E+00  Aqueous 
  Zn(OH)2(aq)          -15.834    -15.832     1.467E-16     1.471E-16     1.002E+00  Aqueous 
  Zn(SO4)2--            -6.921     -7.133     1.200E-07     7.363E-08     6.137E-01  Aqueous 
  Zn(OH)3-             -24.284    -24.330     5.204E-25     4.675E-25     8.982E-01  Aqueous 
  Zn(OH)4--            -33.941    -34.128     1.144E-34     7.447E-35     6.508E-01  Aqueous 
 
  ****** Partial pressure of gases (bars) *****
 
 
  ***** Saturation state of minerals (log[Q/K] *****
 
 
 
  ***** Volum of minerals added or subtracted *****
 
 
 **************************************************************
 ------> GRID LOCATION:    29:  1:  1
 
  Temperature (C)    =     25.000
  Porosity           =      0.250
  Liquid Saturation  =      1.000
  Liquid Density     =    997.075
  Ionic Strength     =      0.011
  Solution pH        =      3.003
  Total Charge       = -2.351E-06
 
 Total Aqueous Concentrations of Primary Species 
 --------------------------------------- 
 
   Species              Molality       Type 
 H+                   1.2884E-03     Aqueous      
 SO4--                3.6542E-03     Aqueous      
 Zn++                 2.1261E-05     Aqueous      
 Pb++                 1.1904E-05     Aqueous      
 Ca++                 2.4616E-08     Aqueous      
 Mg++                 2.6444E-03     Aqueous      
 K+                   2.0653E-04     Aqueous      
 Na+                  4.5591E-04     Aqueous      
 
 Exchangers           Equiv/kgw        Equiv/g solid    Equiv/m^3 bulk
 X-                   4.9623E-02       6.5970E-06       1.2369E+01
 Y-                   5.5136E-03       7.3300E-07       1.3744E+00
 
 Total Concentrations in Exchange Sites 
 -------------------------------------- 
 
 Exchangers           Equiv/kgw        Equiv/g solid    Equiv/m^3 bulk
 Zn++                 3.4054E-04       4.5272E-08       8.4885E-02
 Pb++                 2.6205E-04       3.4838E-08       6.5321E-02
 Ca++                 4.0654E-07       5.4046E-11       1.0134E-04
 Mg++                 2.6470E-02       3.5190E-06       6.5982E+00
 K+                   7.0342E-04       9.3515E-08       1.7534E-01
 Na+                  2.8632E-04       3.8064E-08       7.1371E-02
 
 Concentrations of Individual Species, Exchangers, and Surface Complexes 
 ----------------------------------------------------------------------- 
 
                           Log        Log                 Concentration     
 Species              Molality   Activity      Molality    Mol/m^3 blk  Type
  NaX                   -3.576     -2.271     2.656E-04     6.620E-02  Exchange
  NaY                   -4.683     -2.425     2.074E-05     5.169E-03  Exchange
  KX                    -3.223     -1.918     5.988E-04     1.493E-01  Exchange
  KY                    -3.980     -1.722     1.047E-04     2.609E-02  Exchange
  CaX2                  -6.447     -4.842     3.573E-07     8.906E-05  Exchange
  CaY2                  -7.308     -4.748     4.925E-08     1.228E-05  Exchange
  MgX2                  -1.622     -0.017     2.386E-02     5.947E+00  Exchange
  MgY2                  -2.583     -0.023     2.612E-03     6.512E-01  Exchange
  ZnX2                  -3.524     -1.919     2.993E-04     7.460E-02  Exchange
  ZnY2                  -4.385     -1.825     4.125E-05     1.028E-02  Exchange
  PbX2                  -3.655     -2.049     2.215E-04     5.522E-02  Exchange
  PbY2                  -4.392     -1.833     4.052E-05     1.010E-02  Exchange
                           Log        Log                                 Activity
 Species              Molality   Activity      Molality      Activity   Coefficient    Type
  H+                    -2.962     -3.003     1.091E-03     9.936E-04     9.110E-01  Aqueous 
  SO4--                 -2.548     -2.734     2.832E-03     1.844E-03     6.512E-01  Aqueous 
  Zn++                  -4.783     -4.959     1.647E-05     1.099E-05     6.672E-01  Aqueous 
  Pb++                  -5.152     -5.335     7.049E-06     4.620E-06     6.554E-01  Aqueous 
  Ca++                  -7.706     -7.882     1.967E-08     1.312E-08     6.672E-01  Aqueous 
  Mg++                  -2.691     -2.857     2.037E-03     1.389E-03     6.819E-01  Aqueous 
  K+                    -3.691     -3.739     2.039E-04     1.826E-04     8.954E-01  Aqueous 
  Na+                   -3.345     -3.392     4.518E-04     4.058E-04     8.983E-01  Aqueous 
  OH-                  -10.948    -10.995     1.127E-11     1.011E-11     8.969E-01  Aqueous 
  HSO4-                 -3.704     -3.750     1.977E-04     1.779E-04     8.998E-01  Aqueous 
  CaSO4(aq)             -8.308     -8.307     4.918E-09     4.930E-09     1.002E+00  Aqueous 
  CaOH+                -17.615    -17.659     2.425E-18     2.192E-18     9.038E-01  Aqueous 
  CaHSO4+              -10.498    -10.551     3.177E-11     2.812E-11     8.853E-01  Aqueous 
  KSO4-                 -5.578     -5.623     2.642E-06     2.384E-06     9.022E-01  Aqueous 
  KOH(aq)              -15.197    -15.196     6.354E-16     6.370E-16     1.002E+00  Aqueous 
  MgSO4(aq)             -3.216     -3.215     6.078E-04     6.093E-04     1.002E+00  Aqueous 
  MgOH+                -11.251    -11.295     5.607E-12     5.074E-12     9.051E-01  Aqueous 
  NaSO4-                -5.381     -5.426     4.158E-06     3.751E-06     9.022E-01  Aqueous 
  NaOH(aq)             -15.189    -15.188     6.477E-16     6.493E-16     1.002E+00  Aqueous 
  PbOH+                 -9.996    -10.043     1.009E-10     9.065E-11     8.983E-01  Aqueous 
  PbSO4(aq)             -5.321     -5.320     4.779E-06     4.791E-06     1.002E+00  Aqueous 
  Pb(OH)2(aq)          -16.451    -16.450     3.540E-17     3.549E-17     1.002E+00  Aqueous 
  Pb(SO4)2--            -7.122     -7.334     7.551E-08     4.638E-08     6.142E-01  Aqueous 
  Pb(OH)3-             -24.341    -24.387     4.565E-25     4.101E-25     8.983E-01  Aqueous 
  Pb2OH+++             -13.621    -14.028     2.392E-14     9.375E-15     3.919E-01  Aqueous 
  Pb(OH)4--            -32.813    -33.024     1.539E-33     9.455E-34     6.142E-01  Aqueous 
  ZnOH+                -10.869    -10.916     1.351E-11     1.213E-11     8.983E-01  Aqueous 
  ZnSO4(aq)             -5.331     -5.329     4.672E-06     4.684E-06     1.002E+00  Aqueous 
  Zn(OH)2(aq)          -15.854    -15.853     1.398E-16     1.402E-16     1.002E+00  Aqueous 
  Zn(SO4)2--            -6.936     -7.147     1.160E-07     7.125E-08     6.142E-01  Aqueous 
  Zn(OH)3-             -24.304    -24.351     4.965E-25     4.460E-25     8.983E-01  Aqueous 
  Zn(OH)4--            -33.962    -34.148     1.092E-34     7.114E-35     6.512E-01  Aqueous 
 
  ****** Partial pressure of gases (bars) *****
 
 
  ***** Saturation state of minerals (log[Q/K] *****
 
 
 
  ***** Volum of minerals added or subtracted *****
 
 
 **************************************************************
 ------> GRID LOCATION:    30:  1:  1
 
  Temperature (C)    =     25.000
  Porosity           =      0.250
  Liquid Saturation  =      1.000
  Liquid Density     =    997.075
  Ionic Strength     =      0.011
  Solution pH        =      3.004
  Total Charge       = -2.351E-06
 
 Total Aqueous Concentrations of Primary Species 
 --------------------------------------- 
 
   Species              Molality       Type 
 H+                   1.2884E-03     Aqueous      
 SO4--                3.6542E-03     Aqueous      
 Zn++                 1.8719E-05     Aqueous      
 Pb++                 1.0540E-05     Aqueous      
 Ca++                 2.1661E-08     Aqueous      
 Mg++                 2.3207E-03     Aqueous      
 K+                   1.9240E-04     Aqueous      
 Na+                  1.1252E-03     Aqueous      
 
 Exchangers           Equiv/kgw        Equiv/g solid    Equiv/m^3 bulk
 X-                   4.9623E-02       6.5970E-06       1.2369E+01
 Y-                   5.5136E-03       7.3300E-07       1.3744E+00
 
 Total Concentrations in Exchange Sites 
 -------------------------------------- 
 
 Exchangers           Equiv/kgw        Equiv/g solid    Equiv/m^3 bulk
 Zn++                 3.3876E-04       4.5035E-08       8.4441E-02
 Pb++                 2.6110E-04       3.4712E-08       6.5084E-02
 Ca++                 4.0446E-07       5.3771E-11       1.0082E-04
 Mg++                 2.6243E-02       3.4888E-06       6.5414E+00
 K+                   6.9803E-04       9.2799E-08       1.7400E-01
 Na+                  7.5269E-04       1.0006E-07       1.8762E-01
 
 Concentrations of Individual Species, Exchangers, and Surface Complexes 
 ----------------------------------------------------------------------- 
 
                           Log        Log                 Concentration     
 Species              Molality   Activity      Molality    Mol/m^3 blk  Type
  NaX                   -3.156     -1.852     6.981E-04     1.740E-01  Exchange
  NaY                   -4.263     -2.004     5.458E-05     1.361E-02  Exchange
  KX                    -3.226     -1.922     5.941E-04     1.481E-01  Exchange
  KY                    -3.983     -1.724     1.040E-04     2.592E-02  Exchange
  CaX2                  -6.449     -4.844     3.554E-07     8.858E-05  Exchange
  CaY2                  -7.309     -4.749     4.911E-08     1.224E-05  Exchange
  MgX2                  -1.626     -0.021     2.365E-02     5.894E+00  Exchange
  MgY2                  -2.586     -0.026     2.596E-03     6.471E-01  Exchange
  ZnX2                  -3.526     -1.921     2.976E-04     7.419E-02  Exchange
  ZnY2                  -4.386     -1.826     4.113E-05     1.025E-02  Exchange
  PbX2                  -3.656     -2.051     2.206E-04     5.500E-02  Exchange
  PbY2                  -4.393     -1.833     4.047E-05     1.009E-02  Exchange
                           Log        Log                                 Activity
 Species              Molality   Activity      Molality      Activity   Coefficient    Type
  H+                    -2.964     -3.004     1.087E-03     9.907E-04     9.112E-01  Aqueous 
  SO4--                 -2.539     -2.725     2.889E-03     1.884E-03     6.522E-01  Aqueous 
  Zn++                  -4.841     -5.016     1.443E-05     9.640E-06     6.681E-01  Aqueous 
  Pb++                  -5.209     -5.392     6.182E-06     4.058E-06     6.563E-01  Aqueous 
  Ca++                  -7.764     -7.939     1.723E-08     1.151E-08     6.681E-01  Aqueous 
  Mg++                  -2.750     -2.916     1.778E-03     1.214E-03     6.827E-01  Aqueous 
  K+                    -3.721     -3.769     1.899E-04     1.701E-04     8.957E-01  Aqueous 
  Na+                   -2.953     -2.999     1.115E-03     1.002E-03     8.987E-01  Aqueous 
  OH-                  -10.947    -10.994     1.130E-11     1.014E-11     8.972E-01  Aqueous 
  HSO4-                 -3.696     -3.742     2.012E-04     1.811E-04     9.001E-01  Aqueous 
  CaSO4(aq)             -8.356     -8.355     4.406E-09     4.417E-09     1.002E+00  Aqueous 
  CaOH+                -17.671    -17.715     2.133E-18     1.928E-18     9.041E-01  Aqueous 
  CaHSO4+              -10.547    -10.600     2.836E-11     2.512E-11     8.857E-01  Aqueous 
  KSO4-                 -5.600     -5.644     2.513E-06     2.268E-06     9.025E-01  Aqueous 
  KOH(aq)              -15.226    -15.225     5.938E-16     5.953E-16     1.002E+00  Aqueous 
  MgSO4(aq)             -3.266     -3.264     5.426E-04     5.440E-04     1.002E+00  Aqueous 
  MgOH+                -11.309    -11.352     4.914E-12     4.449E-12     9.054E-01  Aqueous 
  NaSO4-                -4.980     -5.024     1.048E-05     9.458E-06     9.025E-01  Aqueous 
  NaOH(aq)             -14.795    -14.794     1.604E-15     1.608E-15     1.002E+00  Aqueous 
  PbOH+                -10.051    -10.098     8.887E-11     7.986E-11     8.987E-01  Aqueous 
  PbSO4(aq)             -5.368     -5.367     4.288E-06     4.299E-06     1.002E+00  Aqueous 
  Pb(OH)2(aq)          -16.505    -16.504     3.128E-17     3.136E-17     1.002E+00  Aqueous 
  Pb(SO4)2--            -7.161     -7.372     6.906E-08     4.250E-08     6.154E-01  Aqueous 
  Pb(OH)3-             -24.393    -24.440     4.045E-25     3.635E-25     8.987E-01  Aqueous 
  Pb2OH+++             -13.734    -14.139     1.846E-14     7.255E-15     3.931E-01  Aqueous 
  Pb(OH)4--            -32.865    -33.075     1.366E-33     8.405E-34     6.154E-01  Aqueous 
  ZnOH+                -10.925    -10.972     1.188E-11     1.067E-11     8.987E-01  Aqueous 
  ZnSO4(aq)             -5.378     -5.377     4.185E-06     4.195E-06     1.002E+00  Aqueous 
  Zn(OH)2(aq)          -15.909    -15.908     1.233E-16     1.237E-16     1.002E+00  Aqueous 
  Zn(SO4)2--            -6.975     -7.186     1.059E-07     6.519E-08     6.154E-01  Aqueous 
  Zn(OH)3-             -24.357    -24.404     4.392E-25     3.947E-25     8.987E-01  Aqueous 
  Zn(OH)4--            -34.014    -34.200     9.682E-35     6.314E-35     6.522E-01  Aqueous 
 
  ****** Partial pressure of gases (bars) *****
 
 
  ***** Saturation state of minerals (log[Q/K] *****
 
 
 
  ***** Volum of minerals added or subtracted *****
 
 
 **************************************************************
 ------> GRID LOCATION:    31:  1:  1
 
  Temperature (C)    =     25.000
  Porosity           =      0.250
  Liquid Saturation  =      1.000
  Liquid Density     =    997.075
  Ionic Strength     =      0.011
  Solution pH        =      3.007
  Total Charge       = -2.351E-06
 
 Total Aqueous Concentrations of Primary Species 
 --------------------------------------- 
 
   Species              Molality       Type 
 H+                   1.2884E-03     Aqueous      
 SO4--                3.6542E-03     Aqueous      
 Zn++                 1.3652E-05     Aqueous      
 Pb++                 7.7798E-06     Aqueous      
 Ca++                 1.5782E-08     Aqueous      
 Mg++                 1.6785E-03     Aqueous      
 K+                   1.5903E-04     Aqueous      
 Na+                  2.4586E-03     Aqueous      
 
 Exchangers           Equiv/kgw        Equiv/g solid    Equiv/m^3 bulk
 X-                   4.9623E-02       6.5970E-06       1.2369E+01
 Y-                   5.5136E-03       7.3300E-07       1.3744E+00
 
 Total Concentrations in Exchange Sites 
 -------------------------------------- 
 
 Exchangers           Equiv/kgw        Equiv/g solid    Equiv/m^3 bulk
 Zn++                 3.3432E-04       4.4445E-08       8.3335E-02
 Pb++                 2.5872E-04       3.4396E-08       6.4492E-02
 Ca++                 3.9930E-07       5.3085E-11       9.9534E-05
 Mg++                 2.5677E-02       3.4136E-06       6.4005E+00
 K+                   6.7413E-04       8.9621E-08       1.6804E-01
 Na+                  1.9214E-03       2.5544E-07       4.7894E-01
 
 Concentrations of Individual Species, Exchangers, and Surface Complexes 
 ----------------------------------------------------------------------- 
 
                           Log        Log                 Concentration     
 Species              Molality   Activity      Molality    Mol/m^3 blk  Type
  NaX                   -2.749     -1.445     1.782E-03     4.441E-01  Exchange
  NaY                   -3.855     -1.596     1.398E-04     3.484E-02  Exchange
  KX                    -3.242     -1.937     5.734E-04     1.429E-01  Exchange
  KY                    -3.997     -1.738     1.007E-04     2.510E-02  Exchange
  CaX2                  -6.455     -4.850     3.505E-07     8.738E-05  Exchange
  CaY2                  -7.312     -4.752     4.877E-08     1.216E-05  Exchange
  MgX2                  -1.636     -0.031     2.312E-02     5.763E+00  Exchange
  MgY2                  -2.593     -0.033     2.555E-03     6.370E-01  Exchange
  ZnX2                  -3.532     -1.927     2.935E-04     7.316E-02  Exchange
  ZnY2                  -4.389     -1.829     4.083E-05     1.018E-02  Exchange
  PbX2                  -3.661     -2.055     2.184E-04     5.444E-02  Exchange
  PbY2                  -4.394     -1.835     4.033E-05     1.005E-02  Exchange
                           Log        Log                                 Activity
 Species              Molality   Activity      Molality      Activity   Coefficient    Type
  H+                    -2.967     -3.007     1.080E-03     9.845E-04     9.117E-01  Aqueous 
  SO4--                 -2.522     -2.706     3.007E-03     1.966E-03     6.538E-01  Aqueous 
  Zn++                  -4.983     -5.157     1.041E-05     6.971E-06     6.696E-01  Aqueous 
  Pb++                  -5.349     -5.531     4.477E-06     2.945E-06     6.579E-01  Aqueous 
  Ca++                  -7.905     -8.080     1.243E-08     8.326E-09     6.696E-01  Aqueous 
  Mg++                  -2.895     -3.060     1.273E-03     8.704E-04     6.840E-01  Aqueous 
  K+                    -3.804     -3.852     1.569E-04     1.406E-04     8.963E-01  Aqueous 
  Na+                   -2.614     -2.660     2.435E-03     2.189E-03     8.992E-01  Aqueous 
  OH-                  -10.944    -10.991     1.137E-11     1.020E-11     8.978E-01  Aqueous 
  HSO4-                 -3.681     -3.726     2.086E-04     1.878E-04     9.006E-01  Aqueous 
  CaSO4(aq)             -8.478     -8.477     3.326E-09     3.334E-09     1.002E+00  Aqueous 
  CaOH+                -17.809    -17.853     1.552E-18     1.404E-18     9.046E-01  Aqueous 
  CaHSO4+              -10.672    -10.725     2.126E-11     1.884E-11     8.864E-01  Aqueous 
  KSO4-                 -5.664     -5.708     2.167E-06     1.957E-06     9.030E-01  Aqueous 
  KOH(aq)              -15.306    -15.305     4.940E-16     4.952E-16     1.002E+00  Aqueous 
  MgSO4(aq)             -3.391     -3.390     4.060E-04     4.070E-04     1.002E+00  Aqueous 
  MgOH+                -11.451    -11.493     3.544E-12     3.210E-12     9.058E-01  Aqueous 
  NaSO4-                -4.622     -4.666     2.389E-05     2.157E-05     9.030E-01  Aqueous 
  NaOH(aq)             -14.453    -14.452     3.527E-15     3.536E-15     1.002E+00  Aqueous 
  PbOH+                -10.188    -10.234     6.488E-11     5.834E-11     8.992E-01  Aqueous 
  PbSO4(aq)             -5.488     -5.487     3.248E-06     3.256E-06     1.002E+00  Aqueous 
  Pb(OH)2(aq)          -16.638    -16.637     2.300E-17     2.305E-17     1.002E+00  Aqueous 
  Pb(SO4)2--            -7.264     -7.474     5.442E-08     3.359E-08     6.173E-01  Aqueous 
  Pb(OH)3-             -24.524    -24.570     2.990E-25     2.689E-25     8.992E-01  Aqueous 
  Pb2OH+++             -14.012    -14.415     9.736E-15     3.847E-15     3.951E-01  Aqueous 
  Pb(OH)4--            -32.994    -33.204     1.014E-33     6.257E-34     6.173E-01  Aqueous 
  ZnOH+                -11.064    -11.110     8.638E-12     7.768E-12     8.992E-01  Aqueous 
  ZnSO4(aq)             -5.501     -5.500     3.158E-06     3.166E-06     1.002E+00  Aqueous 
  Zn(OH)2(aq)          -16.044    -16.043     9.033E-17     9.055E-17     1.002E+00  Aqueous 
  Zn(SO4)2--            -7.080     -7.290     8.315E-08     5.133E-08     6.173E-01  Aqueous 
  Zn(OH)3-             -24.490    -24.536     3.235E-25     2.909E-25     8.992E-01  Aqueous 
  Zn(OH)4--            -34.145    -34.330     7.162E-35     4.682E-35     6.538E-01  Aqueous 
 
  ****** Partial pressure of gases (bars) *****
 
 
  ***** Saturation state of minerals (log[Q/K] *****
 
 
 
  ***** Volum of minerals added or subtracted *****
 
 
 **************************************************************
 ------> GRID LOCATION:    32:  1:  1
 
  Temperature (C)    =     25.000
  Porosity           =      0.250
  Liquid Saturation  =      1.000
  Liquid Density     =    997.075
  Ionic Strength     =      0.010
  Solution pH        =      3.010
  Total Charge       = -2.351E-06
 
 Total Aqueous Concentrations of Primary Species 
 --------------------------------------- 
 
   Species              Molality       Type 
 H+                   1.2884E-03     Aqueous      
 SO4--                3.6542E-03     Aqueous      
 Zn++                 7.3851E-06     Aqueous      
 Pb++                 4.2851E-06     Aqueous      
 Ca++                 8.5292E-09     Aqueous      
 Mg++                 8.9179E-04     Aqueous      
 K+                   1.0734E-04     Aqueous      
 Na+                  4.1033E-03     Aqueous      
 
 Exchangers           Equiv/kgw        Equiv/g solid    Equiv/m^3 bulk
 X-                   4.9623E-02       6.5970E-06       1.2369E+01
 Y-                   5.5136E-03       7.3300E-07       1.3744E+00
 
 Total Concentrations in Exchange Sites 
 -------------------------------------- 
 
 Exchangers           Equiv/kgw        Equiv/g solid    Equiv/m^3 bulk
 Zn++                 3.2518E-04       4.3231E-08       8.1058E-02
 Pb++                 2.5374E-04       3.3733E-08       6.3249E-02
 Ca++                 3.8871E-07       5.1677E-11       9.6893E-05
 Mg++                 2.4520E-02       3.2598E-06       6.1121E+00
 K+                   6.1377E-04       8.1597E-08       1.5299E-01
 Na+                  4.3238E-03       5.7482E-07       1.0778E+00
 
 Concentrations of Individual Species, Exchangers, and Surface Complexes 
 ----------------------------------------------------------------------- 
 
                           Log        Log                 Concentration     
 Species              Molality   Activity      Molality    Mol/m^3 blk  Type
  NaX                   -2.397     -1.093     4.007E-03     9.989E-01  Exchange
  NaY                   -3.499     -1.241     3.166E-04     7.893E-02  Exchange
  KX                    -3.283     -1.978     5.215E-04     1.300E-01  Exchange
  KY                    -4.035     -1.776     9.226E-05     2.300E-02  Exchange
  CaX2                  -6.468     -4.862     3.406E-07     8.491E-05  Exchange
  CaY2                  -7.318     -4.758     4.808E-08     1.199E-05  Exchange
  MgX2                  -1.657     -0.051     2.205E-02     5.496E+00  Exchange
  MgY2                  -2.607     -0.047     2.472E-03     6.162E-01  Exchange
  ZnX2                  -3.545     -1.940     2.850E-04     7.103E-02  Exchange
  ZnY2                  -4.396     -1.836     4.022E-05     1.003E-02  Exchange
  PbX2                  -3.670     -2.065     2.137E-04     5.327E-02  Exchange
  PbY2                  -4.398     -1.838     4.003E-05     9.979E-03  Exchange
                           Log        Log                                 Activity
 Species              Molality   Activity      Molality      Activity   Coefficient    Type
  H+                    -2.970     -3.010     1.070E-03     9.763E-04     9.120E-01  Aqueous 
  SO4--                 -2.500     -2.683     3.164E-03     2.073E-03     6.551E-01  Aqueous 
  Zn++                  -5.255     -5.429     5.556E-06     3.727E-06     6.708E-01  Aqueous 
  Pb++                  -5.618     -5.799     2.407E-06     1.587E-06     6.591E-01  Aqueous 
  Ca++                  -8.178     -8.351     6.641E-09     4.455E-09     6.708E-01  Aqueous 
  Mg++                  -3.176     -3.340     6.670E-04     4.570E-04     6.851E-01  Aqueous 
  K+                    -3.976     -4.023     1.058E-04     9.488E-05     8.968E-01  Aqueous 
  Na+                   -2.391     -2.437     4.061E-03     3.654E-03     8.997E-01  Aqueous 
  OH-                  -10.941    -10.988     1.146E-11     1.029E-11     8.982E-01  Aqueous 
  HSO4-                 -3.662     -3.707     2.180E-04     1.964E-04     9.010E-01  Aqueous 
  CaSO4(aq)             -8.727     -8.726     1.876E-09     1.881E-09     1.002E+00  Aqueous 
  CaOH+                -18.077    -18.121     8.367E-19     7.572E-19     9.050E-01  Aqueous 
  CaHSO4+              -10.925    -10.977     1.189E-11     1.054E-11     8.870E-01  Aqueous 
  KSO4-                 -5.812     -5.856     1.541E-06     1.392E-06     9.034E-01  Aqueous 
  KOH(aq)              -15.473    -15.472     3.362E-16     3.370E-16     1.002E+00  Aqueous 
  MgSO4(aq)             -3.648     -3.647     2.248E-04     2.253E-04     1.002E+00  Aqueous 
  MgOH+                -11.727    -11.770     1.875E-12     1.699E-12     9.062E-01  Aqueous 
  NaSO4-                -4.377     -4.421     4.201E-05     3.796E-05     9.034E-01  Aqueous 
  NaOH(aq)             -14.227    -14.225     5.936E-15     5.950E-15     1.002E+00  Aqueous 
  PbOH+                -10.453    -10.499     3.523E-11     3.169E-11     8.997E-01  Aqueous 
  PbSO4(aq)             -5.734     -5.733     1.845E-06     1.850E-06     1.002E+00  Aqueous 
  Pb(OH)2(aq)          -16.900    -16.899     1.260E-17     1.263E-17     1.002E+00  Aqueous 
  Pb(SO4)2--            -7.488     -7.696     3.251E-08     2.012E-08     6.189E-01  Aqueous 
  Pb(OH)3-             -24.782    -24.828     1.651E-25     1.485E-25     8.997E-01  Aqueous 
  Pb2OH+++             -14.547    -14.949     2.838E-15     1.126E-15     3.968E-01  Aqueous 
  Pb(OH)4--            -33.249    -33.458     5.632E-34     3.485E-34     6.189E-01  Aqueous 
  ZnOH+                -11.332    -11.378     4.654E-12     4.187E-12     8.997E-01  Aqueous 
  ZnSO4(aq)             -5.750     -5.748     1.780E-06     1.784E-06     1.002E+00  Aqueous 
  Zn(OH)2(aq)          -16.309    -16.308     4.910E-17     4.922E-17     1.002E+00  Aqueous 
  Zn(SO4)2--            -7.307     -7.516     4.929E-08     3.051E-08     6.189E-01  Aqueous 
  Zn(OH)3-             -24.751    -24.797     1.772E-25     1.594E-25     8.997E-01  Aqueous 
  Zn(OH)4--            -34.403    -34.587     3.951E-35     2.588E-35     6.551E-01  Aqueous 
 
  ****** Partial pressure of gases (bars) *****
 
 
  ***** Saturation state of minerals (log[Q/K] *****
 
 
 
  ***** Volum of minerals added or subtracted *****
 
 
 **************************************************************
 ------> GRID LOCATION:    33:  1:  1
 
  Temperature (C)    =     25.000
  Porosity           =      0.250
  Liquid Saturation  =      1.000
  Liquid Density     =    997.075
  Ionic Strength     =      0.010
  Solution pH        =      3.012
  Total Charge       = -2.351E-06
 
 Total Aqueous Concentrations of Primary Species 
 --------------------------------------- 
 
   Species              Molality       Type 
 H+                   1.2884E-03     Aqueous      
 SO4--                3.6542E-03     Aqueous      
 Zn++                 4.1198E-06     Aqueous      
 Pb++                 2.4231E-06     Aqueous      
 Ca++                 4.7584E-09     Aqueous      
 Mg++                 4.8739E-04     Aqueous      
 K+                   6.9702E-05     Aqueous      
 Na+                  4.9600E-03     Aqueous      
 
 Exchangers           Equiv/kgw        Equiv/g solid    Equiv/m^3 bulk
 X-                   4.9623E-02       6.5970E-06       1.2369E+01
 Y-                   5.5136E-03       7.3300E-07       1.3744E+00
 
 Total Concentrations in Exchange Sites 
 -------------------------------------- 
 
 Exchangers           Equiv/kgw        Equiv/g solid    Equiv/m^3 bulk
 Zn++                 3.1532E-04       4.1920E-08       7.8600E-02
 Pb++                 2.4820E-04       3.2997E-08       6.1869E-02
 Ca++                 3.7731E-07       5.0160E-11       9.4050E-05
 Mg++                 2.3286E-02       3.0957E-06       5.8044E+00
 K+                   5.2719E-04       7.0086E-08       1.3141E-01
 Na+                  6.9100E-03       9.1863E-07       1.7224E+00
 
 Concentrations of Individual Species, Exchangers, and Surface Complexes 
 ----------------------------------------------------------------------- 
 
                           Log        Log                 Concentration     
 Species              Molality   Activity      Molality    Mol/m^3 blk  Type
  NaX                   -2.194     -0.889     6.400E-03     1.595E+00  Exchange
  NaY                   -3.293     -1.034     5.099E-04     1.271E-01  Exchange
  KX                    -3.349     -2.045     4.474E-04     1.115E-01  Exchange
  KY                    -4.098     -1.839     7.980E-05     1.989E-02  Exchange
  CaX2                  -6.482     -4.876     3.300E-07     8.225E-05  Exchange
  CaY2                  -7.325     -4.765     4.735E-08     1.180E-05  Exchange
  MgX2                  -1.680     -0.074     2.090E-02     5.210E+00  Exchange
  MgY2                  -2.623     -0.063     2.383E-03     5.939E-01  Exchange
  ZnX2                  -3.559     -1.954     2.758E-04     6.874E-02  Exchange
  ZnY2                  -4.403     -1.843     3.957E-05     9.864E-03  Exchange
  PbX2                  -3.681     -2.076     2.085E-04     5.197E-02  Exchange
  PbY2                  -4.401     -1.842     3.971E-05     9.897E-03  Exchange
                           Log        Log                                 Activity
 Species              Molality   Activity      Molality      Activity   Coefficient    Type
  H+                    -2.972     -3.012     1.065E-03     9.718E-04     9.121E-01  Aqueous 
  SO4--                 -2.488     -2.671     3.250E-03     2.131E-03     6.555E-01  Aqueous 
  Zn++                  -5.512     -5.685     3.077E-06     2.065E-06     6.711E-01  Aqueous 
  Pb++                  -5.872     -6.052     1.344E-06     8.866E-07     6.595E-01  Aqueous 
  Ca++                  -8.434     -8.607     3.682E-09     2.471E-09     6.711E-01  Aqueous 
  Mg++                  -3.441     -3.605     3.620E-04     2.481E-04     6.854E-01  Aqueous 
  K+                    -4.163     -4.210     6.867E-05     6.159E-05     8.969E-01  Aqueous 
  Na+                   -2.309     -2.355     4.908E-03     4.416E-03     8.998E-01  Aqueous 
  OH-                  -10.939    -10.986     1.151E-11     1.034E-11     8.984E-01  Aqueous 
  HSO4-                 -3.652     -3.697     2.230E-04     2.009E-04     9.012E-01  Aqueous 
  CaSO4(aq)             -8.971     -8.970     1.070E-09     1.072E-09     1.002E+00  Aqueous 
  CaOH+                -18.331    -18.375     4.662E-19     4.220E-19     9.051E-01  Aqueous 
  CaHSO4+              -11.171    -11.223     6.744E-12     5.983E-12     8.871E-01  Aqueous 
  KSO4-                 -5.988     -6.032     1.028E-06     9.290E-07     9.036E-01  Aqueous 
  KOH(aq)              -15.659    -15.658     2.192E-16     2.198E-16     1.002E+00  Aqueous 
  MgSO4(aq)             -3.902     -3.901     1.254E-04     1.257E-04     1.002E+00  Aqueous 
  MgOH+                -11.990    -12.033     1.023E-12     9.269E-13     9.064E-01  Aqueous 
  NaSO4-                -4.282     -4.326     5.219E-05     4.716E-05     9.036E-01  Aqueous 
  NaOH(aq)             -14.142    -14.141     7.207E-15     7.225E-15     1.002E+00  Aqueous 
  PbOH+                -10.704    -10.750     1.977E-11     1.779E-11     8.998E-01  Aqueous 
  PbSO4(aq)             -5.975     -5.974     1.060E-06     1.062E-06     1.002E+00  Aqueous 
  Pb(OH)2(aq)          -17.148    -17.147     7.104E-18     7.121E-18     1.002E+00  Aqueous 
  Pb(SO4)2--            -7.717     -7.925     1.917E-08     1.188E-08     6.194E-01  Aqueous 
  Pb(OH)3-             -25.029    -25.075     9.351E-26     8.414E-26     8.998E-01  Aqueous 
  Pb2OH+++             -15.051    -15.452     8.886E-16     3.531E-16     3.973E-01  Aqueous 
  Pb(OH)4--            -33.495    -33.703     3.202E-34     1.983E-34     6.194E-01  Aqueous 
  ZnOH+                -11.587    -11.632     2.591E-12     2.331E-12     8.998E-01  Aqueous 
  ZnSO4(aq)             -5.994     -5.993     1.014E-06     1.016E-06     1.002E+00  Aqueous 
  Zn(OH)2(aq)          -16.561    -16.560     2.746E-17     2.753E-17     1.002E+00  Aqueous 
  Zn(SO4)2--            -7.540     -7.748     2.884E-08     1.786E-08     6.194E-01  Aqueous 
  Zn(OH)3-             -25.002    -25.048     9.955E-26     8.958E-26     8.998E-01  Aqueous 
  Zn(OH)4--            -34.652    -34.835     2.229E-35     1.461E-35     6.555E-01  Aqueous 
 
  ****** Partial pressure of gases (bars) *****
 
 
  ***** Saturation state of minerals (log[Q/K] *****
 
 
 
  ***** Volum of minerals added or subtracted *****
 
 
 **************************************************************
 ------> GRID LOCATION:    34:  1:  1
 
  Temperature (C)    =     25.000
  Porosity           =      0.250
  Liquid Saturation  =      1.000
  Liquid Density     =    997.075
  Ionic Strength     =      0.010
  Solution pH        =      3.013
  Total Charge       = -2.351E-06
 
 Total Aqueous Concentrations of Primary Species 
 --------------------------------------- 
 
   Species              Molality       Type 
 H+                   1.2884E-03     Aqueous      
 SO4--                3.6542E-03     Aqueous      
 Zn++                 3.3096E-06     Aqueous      
 Pb++                 1.9557E-06     Aqueous      
 Ca++                 3.8235E-09     Aqueous      
 Mg++                 3.8811E-04     Aqueous      
 K+                   5.6657E-05     Aqueous      
 Na+                  5.1742E-03     Aqueous      
 
 Exchangers           Equiv/kgw        Equiv/g solid    Equiv/m^3 bulk
 X-                   4.9623E-02       6.5970E-06       1.2369E+01
 Y-                   5.5136E-03       7.3300E-07       1.3744E+00
 
 Total Concentrations in Exchange Sites 
 -------------------------------------- 
 
 Exchangers           Equiv/kgw        Equiv/g solid    Equiv/m^3 bulk
 Zn++                 3.1119E-04       4.1371E-08       7.7570E-02
 Pb++                 2.4584E-04       3.2683E-08       6.1280E-02
 Ca++                 3.7254E-07       4.9526E-11       9.2862E-05
 Mg++                 2.2776E-02       3.0279E-06       5.6773E+00
 K+                   4.7539E-04       6.3199E-08       1.1850E-01
 Na+                  7.9945E-03       1.0628E-06       1.9928E+00
 
 Concentrations of Individual Species, Exchangers, and Surface Complexes 
 ----------------------------------------------------------------------- 
 
                           Log        Log                 Concentration     
 Species              Molality   Activity      Molality    Mol/m^3 blk  Type
  NaX                   -2.131     -0.826     7.403E-03     1.845E+00  Exchange
  NaY                   -3.228     -0.969     5.919E-04     1.476E-01  Exchange
  KX                    -3.394     -2.090     4.032E-04     1.005E-01  Exchange
  KY                    -4.142     -1.883     7.218E-05     1.799E-02  Exchange
  CaX2                  -6.487     -4.882     3.255E-07     8.113E-05  Exchange
  CaY2                  -7.327     -4.768     4.705E-08     1.173E-05  Exchange
  MgX2                  -1.690     -0.084     2.043E-02     5.093E+00  Exchange
  MgY2                  -2.630     -0.070     2.346E-03     5.847E-01  Exchange
  ZnX2                  -3.566     -1.960     2.719E-04     6.777E-02  Exchange
  ZnY2                  -4.406     -1.846     3.930E-05     9.797E-03  Exchange
  PbX2                  -3.686     -2.080     2.063E-04     5.142E-02  Exchange
  PbY2                  -4.403     -1.843     3.957E-05     9.864E-03  Exchange
                           Log        Log                                 Activity
 Species              Molality   Activity      Molality      Activity   Coefficient    Type
  H+                    -2.973     -3.013     1.064E-03     9.707E-04     9.121E-01  Aqueous 
  SO4--                 -2.485     -2.669     3.272E-03     2.145E-03     6.556E-01  Aqueous 
  Zn++                  -5.608     -5.781     2.467E-06     1.656E-06     6.712E-01  Aqueous 
  Pb++                  -5.966     -6.147     1.082E-06     7.134E-07     6.596E-01  Aqueous 
  Ca++                  -8.530     -8.703     2.954E-09     1.983E-09     6.712E-01  Aqueous 
  Mg++                  -3.541     -3.705     2.877E-04     1.972E-04     6.855E-01  Aqueous 
  K+                    -4.253     -4.300     5.582E-05     5.006E-05     8.969E-01  Aqueous 
  Na+                   -2.291     -2.337     5.119E-03     4.606E-03     8.998E-01  Aqueous 
  OH-                  -10.939    -10.985     1.152E-11     1.035E-11     8.984E-01  Aqueous 
  HSO4-                 -3.649     -3.694     2.242E-04     2.021E-04     9.012E-01  Aqueous 
  CaSO4(aq)             -9.063     -9.062     8.642E-10     8.663E-10     1.002E+00  Aqueous 
  CaOH+                -18.427    -18.470     3.745E-19     3.390E-19     9.051E-01  Aqueous 
  CaHSO4+              -11.264    -11.316     5.442E-12     4.828E-12     8.872E-01  Aqueous 
  KSO4-                 -6.075     -6.119     8.414E-07     7.603E-07     9.036E-01  Aqueous 
  KOH(aq)              -15.749    -15.748     1.784E-16     1.788E-16     1.002E+00  Aqueous 
  MgSO4(aq)             -3.998     -3.997     1.004E-04     1.006E-04     1.002E+00  Aqueous 
  MgOH+                -12.089    -12.132     8.139E-13     7.377E-13     9.064E-01  Aqueous 
  NaSO4-                -4.261     -4.305     5.481E-05     4.952E-05     9.036E-01  Aqueous 
  NaOH(aq)             -14.123    -14.122     7.527E-15     7.545E-15     1.002E+00  Aqueous 
  PbOH+                -10.798    -10.844     1.593E-11     1.433E-11     8.998E-01  Aqueous 
  PbSO4(aq)             -6.066     -6.065     8.585E-07     8.605E-07     1.002E+00  Aqueous 
  Pb(OH)2(aq)          -17.242    -17.241     5.730E-18     5.744E-18     1.002E+00  Aqueous 
  Pb(SO4)2--            -7.806     -8.014     1.564E-08     9.688E-09     6.195E-01  Aqueous 
  Pb(OH)3-             -25.122    -25.168     7.550E-26     6.794E-26     8.998E-01  Aqueous 
  Pb2OH+++             -15.240    -15.640     5.759E-16     2.289E-16     3.974E-01  Aqueous 
  Pb(OH)4--            -33.587    -33.795     2.588E-34     1.603E-34     6.195E-01  Aqueous 
  ZnOH+                -11.682    -11.728     2.080E-12     1.872E-12     8.998E-01  Aqueous 
  ZnSO4(aq)             -6.087     -6.086     8.187E-07     8.207E-07     1.002E+00  Aqueous 
  Zn(OH)2(aq)          -16.656    -16.655     2.207E-17     2.213E-17     1.002E+00  Aqueous 
  Zn(SO4)2--            -7.630     -7.838     2.344E-08     1.452E-08     6.195E-01  Aqueous 
  Zn(OH)3-             -25.096    -25.142     8.011E-26     7.209E-26     8.998E-01  Aqueous 
  Zn(OH)4--            -34.746    -34.929     1.795E-35     1.177E-35     6.556E-01  Aqueous 
 
  ****** Partial pressure of gases (bars) *****
 
 
  ***** Saturation state of minerals (log[Q/K] *****
 
 
 
  ***** Volum of minerals added or subtracted *****
 
 
 **************************************************************
 ------> GRID LOCATION:    35:  1:  1
 
  Temperature (C)    =     25.000
  Porosity           =      0.250
  Liquid Saturation  =      1.000
  Liquid Density     =    997.075
  Ionic Strength     =      0.010
  Solution pH        =      3.013
  Total Charge       = -2.351E-06
 
 Total Aqueous Concentrations of Primary Species 
 --------------------------------------- 
 
   Species              Molality       Type 
 H+                   1.2884E-03     Aqueous      
 SO4--                3.6542E-03     Aqueous      
 Zn++                 3.1552E-06     Aqueous      
 Pb++                 1.8663E-06     Aqueous      
 Ca++                 3.6454E-09     Aqueous      
 Mg++                 3.6927E-04     Aqueous      
 K+                   5.3536E-05     Aqueous      
 Na+                  5.2155E-03     Aqueous      
 
 Exchangers           Equiv/kgw        Equiv/g solid    Equiv/m^3 bulk
 X-                   4.9623E-02       6.5970E-06       1.2369E+01
 Y-                   5.5136E-03       7.3300E-07       1.3744E+00
 
 Total Concentrations in Exchange Sites 
 -------------------------------------- 
 
 Exchangers           Equiv/kgw        Equiv/g solid    Equiv/m^3 bulk
 Zn++                 3.1026E-04       4.1247E-08       7.7338E-02
 Pb++                 2.4530E-04       3.2611E-08       6.1146E-02
 Ca++                 3.7146E-07       4.9383E-11       9.2594E-05
 Mg++                 2.2662E-02       3.0127E-06       5.6489E+00
 K+                   4.5944E-04       6.1080E-08       1.1452E-01
 Na+                  8.2415E-03       1.0957E-06       2.0544E+00
 
 Concentrations of Individual Species, Exchangers, and Surface Complexes 
 ----------------------------------------------------------------------- 
 
                           Log        Log                 Concentration     
 Species              Molality   Activity      Molality    Mol/m^3 blk  Type
  NaX                   -2.117     -0.813     7.631E-03     1.902E+00  Exchange
  NaY                   -3.214     -0.956     6.107E-04     1.522E-01  Exchange
  KX                    -3.409     -2.105     3.896E-04     9.712E-02  Exchange
  KY                    -4.156     -1.898     6.981E-05     1.740E-02  Exchange
  CaX2                  -6.489     -4.883     3.245E-07     8.088E-05  Exchange
  CaY2                  -7.328     -4.768     4.699E-08     1.171E-05  Exchange
  MgX2                  -1.692     -0.087     2.032E-02     5.066E+00  Exchange
  MgY2                  -2.631     -0.072     2.338E-03     5.827E-01  Exchange
  ZnX2                  -3.567     -1.962     2.710E-04     6.756E-02  Exchange
  ZnY2                  -4.406     -1.847     3.924E-05     9.782E-03  Exchange
  PbX2                  -3.687     -2.081     2.058E-04     5.129E-02  Exchange
  PbY2                  -4.403     -1.843     3.954E-05     9.856E-03  Exchange
                           Log        Log                                 Activity
 Species              Molality   Activity      Molality      Activity   Coefficient    Type
  H+                    -2.973     -3.013     1.064E-03     9.705E-04     9.121E-01  Aqueous 
  SO4--                 -2.485     -2.668     3.276E-03     2.148E-03     6.556E-01  Aqueous 
  Zn++                  -5.629     -5.802     2.352E-06     1.578E-06     6.712E-01  Aqueous 
  Pb++                  -5.987     -6.167     1.032E-06     6.804E-07     6.596E-01  Aqueous 
  Ca++                  -8.550     -8.724     2.815E-09     1.890E-09     6.712E-01  Aqueous 
  Mg++                  -3.563     -3.727     2.737E-04     1.876E-04     6.855E-01  Aqueous 
  K+                    -4.278     -4.325     5.274E-05     4.730E-05     8.969E-01  Aqueous 
  Na+                   -2.287     -2.333     5.160E-03     4.643E-03     8.998E-01  Aqueous 
  OH-                  -10.938    -10.985     1.152E-11     1.035E-11     8.984E-01  Aqueous 
  HSO4-                 -3.649     -3.694     2.245E-04     2.023E-04     9.012E-01  Aqueous 
  CaSO4(aq)             -9.084     -9.083     8.248E-10     8.268E-10     1.002E+00  Aqueous 
  CaOH+                -18.447    -18.491     3.570E-19     3.232E-19     9.051E-01  Aqueous 
  CaHSO4+              -11.285    -11.337     5.192E-12     4.606E-12     8.872E-01  Aqueous 
  KSO4-                 -6.099     -6.143     7.960E-07     7.193E-07     9.036E-01  Aqueous 
  KOH(aq)              -15.773    -15.772     1.686E-16     1.690E-16     1.002E+00  Aqueous 
  MgSO4(aq)             -4.019     -4.018     9.561E-05     9.584E-05     1.002E+00  Aqueous 
  MgOH+                -12.111    -12.154     7.743E-13     7.018E-13     9.064E-01  Aqueous 
  NaSO4-                -4.257     -4.301     5.532E-05     4.998E-05     9.036E-01  Aqueous 
  NaOH(aq)             -14.120    -14.119     7.589E-15     7.607E-15     1.002E+00  Aqueous 
  PbOH+                -10.818    -10.864     1.519E-11     1.367E-11     8.998E-01  Aqueous 
  PbSO4(aq)             -6.086     -6.085     8.198E-07     8.218E-07     1.002E+00  Aqueous 
  Pb(OH)2(aq)          -17.262    -17.261     5.467E-18     5.480E-18     1.002E+00  Aqueous 
  Pb(SO4)2--            -7.825     -8.033     1.495E-08     9.264E-09     6.195E-01  Aqueous 
  Pb(OH)3-             -25.142    -25.188     7.206E-26     6.484E-26     8.998E-01  Aqueous 
  Pb2OH+++             -15.281    -15.681     5.240E-16     2.082E-16     3.974E-01  Aqueous 
  Pb(OH)4--            -33.607    -33.815     2.471E-34     1.531E-34     6.195E-01  Aqueous 
  ZnOH+                -11.703    -11.749     1.983E-12     1.784E-12     8.998E-01  Aqueous 
  ZnSO4(aq)             -6.107     -6.106     7.813E-07     7.832E-07     1.002E+00  Aqueous 
  Zn(OH)2(aq)          -16.677    -16.676     2.105E-17     2.110E-17     1.002E+00  Aqueous 
  Zn(SO4)2--            -7.650     -7.858     2.240E-08     1.387E-08     6.195E-01  Aqueous 
  Zn(OH)3-             -25.117    -25.163     7.640E-26     6.875E-26     8.998E-01  Aqueous 
  Zn(OH)4--            -34.766    -34.950     1.713E-35     1.123E-35     6.556E-01  Aqueous 
 
  ****** Partial pressure of gases (bars) *****
 
 
  ***** Saturation state of minerals (log[Q/K] *****
 
 
 
  ***** Volum of minerals added or subtracted *****
 
 
 **************************************************************
 ------> GRID LOCATION:    36:  1:  1
 
  Temperature (C)    =     25.000
  Porosity           =      0.250
  Liquid Saturation  =      1.000
  Liquid Density     =    997.075
  Ionic Strength     =      0.010
  Solution pH        =      3.013
  Total Charge       = -2.351E-06
 
 Total Aqueous Concentrations of Primary Species 
 --------------------------------------- 
 
   Species              Molality       Type 
 H+                   1.2884E-03     Aqueous      
 SO4--                3.6542E-03     Aqueous      
 Zn++                 3.1269E-06     Aqueous      
 Pb++                 1.8499E-06     Aqueous      
 Ca++                 3.6127E-09     Aqueous      
 Mg++                 3.6583E-04     Aqueous      
 K+                   5.2886E-05     Aqueous      
 Na+                  5.2231E-03     Aqueous      
 
 Exchangers           Equiv/kgw        Equiv/g solid    Equiv/m^3 bulk
 X-                   4.9623E-02       6.5970E-06       1.2369E+01
 Y-                   5.5136E-03       7.3300E-07       1.3744E+00
 
 Total Concentrations in Exchange Sites 
 -------------------------------------- 
 
 Exchangers           Equiv/kgw        Equiv/g solid    Equiv/m^3 bulk
 Zn++                 3.1008E-04       4.1224E-08       7.7294E-02
 Pb++                 2.4520E-04       3.2597E-08       6.1120E-02
 Ca++                 3.7126E-07       4.9356E-11       9.2543E-05
 Mg++                 2.2640E-02       3.0099E-06       5.6435E+00
 K+                   4.5580E-04       6.0595E-08       1.1362E-01
 Na+                  8.2886E-03       1.1019E-06       2.0661E+00
 
 Concentrations of Individual Species, Exchangers, and Surface Complexes 
 ----------------------------------------------------------------------- 
 
                           Log        Log                 Concentration     
 Species              Molality   Activity      Molality    Mol/m^3 blk  Type
  NaX                   -2.115     -0.811     7.674E-03     1.913E+00  Exchange
  NaY                   -3.212     -0.953     6.143E-04     1.531E-01  Exchange
  KX                    -3.413     -2.108     3.865E-04     9.635E-02  Exchange
  KY                    -4.159     -1.901     6.927E-05     1.727E-02  Exchange
  CaX2                  -6.489     -4.884     3.243E-07     8.083E-05  Exchange
  CaY2                  -7.328     -4.769     4.697E-08     1.171E-05  Exchange
  MgX2                  -1.692     -0.087     2.030E-02     5.061E+00  Exchange
  MgY2                  -2.631     -0.072     2.336E-03     5.823E-01  Exchange
  ZnX2                  -3.567     -1.962     2.708E-04     6.751E-02  Exchange
  ZnY2                  -4.406     -1.847     3.923E-05     9.780E-03  Exchange
  PbX2                  -3.687     -2.081     2.057E-04     5.127E-02  Exchange
  PbY2                  -4.403     -1.843     3.954E-05     9.855E-03  Exchange
                           Log        Log                                 Activity
 Species              Molality   Activity      Molality      Activity   Coefficient    Type
  H+                    -2.973     -3.013     1.064E-03     9.704E-04     9.121E-01  Aqueous 
  SO4--                 -2.485     -2.668     3.277E-03     2.148E-03     6.556E-01  Aqueous 
  Zn++                  -5.633     -5.806     2.330E-06     1.564E-06     6.712E-01  Aqueous 
  Pb++                  -5.990     -6.171     1.022E-06     6.744E-07     6.596E-01  Aqueous 
  Ca++                  -8.554     -8.728     2.790E-09     1.873E-09     6.712E-01  Aqueous 
  Mg++                  -3.567     -3.731     2.711E-04     1.858E-04     6.855E-01  Aqueous 
  K+                    -4.283     -4.330     5.210E-05     4.673E-05     8.969E-01  Aqueous 
  Na+                   -2.287     -2.333     5.168E-03     4.650E-03     8.998E-01  Aqueous 
  OH-                  -10.938    -10.985     1.152E-11     1.035E-11     8.984E-01  Aqueous 
  HSO4-                 -3.649     -3.694     2.245E-04     2.023E-04     9.012E-01  Aqueous 
  CaSO4(aq)             -9.087     -9.086     8.176E-10     8.195E-10     1.002E+00  Aqueous 
  CaOH+                -18.451    -18.495     3.538E-19     3.203E-19     9.051E-01  Aqueous 
  CaHSO4+              -11.288    -11.340     5.147E-12     4.566E-12     8.872E-01  Aqueous 
  KSO4-                 -6.104     -6.148     7.865E-07     7.107E-07     9.036E-01  Aqueous 
  KOH(aq)              -15.778    -15.777     1.666E-16     1.670E-16     1.002E+00  Aqueous 
  MgSO4(aq)             -4.023     -4.022     9.474E-05     9.496E-05     1.002E+00  Aqueous 
  MgOH+                -12.115    -12.158     7.671E-13     6.953E-13     9.064E-01  Aqueous 
  NaSO4-                -4.256     -4.300     5.541E-05     5.007E-05     9.036E-01  Aqueous 
  NaOH(aq)             -14.119    -14.118     7.600E-15     7.618E-15     1.002E+00  Aqueous 
  PbOH+                -10.822    -10.868     1.506E-11     1.355E-11     8.998E-01  Aqueous 
  PbSO4(aq)             -6.090     -6.089     8.127E-07     8.147E-07     1.002E+00  Aqueous 
  Pb(OH)2(aq)          -17.266    -17.265     5.419E-18     5.432E-18     1.002E+00  Aqueous 
  Pb(SO4)2--            -7.829     -8.037     1.483E-08     9.186E-09     6.195E-01  Aqueous 
  Pb(OH)3-             -25.146    -25.192     7.143E-26     6.427E-26     8.998E-01  Aqueous 
  Pb2OH+++             -15.288    -15.689     5.147E-16     2.046E-16     3.974E-01  Aqueous 
  Pb(OH)4--            -33.611    -33.819     2.449E-34     1.517E-34     6.195E-01  Aqueous 
  ZnOH+                -11.707    -11.752     1.965E-12     1.768E-12     8.998E-01  Aqueous 
  ZnSO4(aq)             -6.111     -6.110     7.744E-07     7.763E-07     1.002E+00  Aqueous 
  Zn(OH)2(aq)          -16.681    -16.680     2.086E-17     2.091E-17     1.002E+00  Aqueous 
  Zn(SO4)2--            -7.654     -7.862     2.220E-08     1.376E-08     6.195E-01  Aqueous 
  Zn(OH)3-             -25.121    -25.167     7.572E-26     6.814E-26     8.998E-01  Aqueous 
  Zn(OH)4--            -34.770    -34.954     1.697E-35     1.113E-35     6.556E-01  Aqueous 
 
  ****** Partial pressure of gases (bars) *****
 
 
  ***** Saturation state of minerals (log[Q/K] *****
 
 
 
  ***** Volum of minerals added or subtracted *****
 
 
 **************************************************************
 ------> GRID LOCATION:    37:  1:  1
 
  Temperature (C)    =     25.000
  Porosity           =      0.250
  Liquid Saturation  =      1.000
  Liquid Density     =    997.075
  Ionic Strength     =      0.010
  Solution pH        =      3.013
  Total Charge       = -2.351E-06
 
 Total Aqueous Concentrations of Primary Species 
 --------------------------------------- 
 
   Species              Molality       Type 
 H+                   1.2884E-03     Aqueous      
 SO4--                3.6542E-03     Aqueous      
 Zn++                 3.1215E-06     Aqueous      
 Pb++                 1.8468E-06     Aqueous      
 Ca++                 3.6065E-09     Aqueous      
 Mg++                 3.6517E-04     Aqueous      
 K+                   5.2756E-05     Aqueous      
 Na+                  5.2246E-03     Aqueous      
 
 Exchangers           Equiv/kgw        Equiv/g solid    Equiv/m^3 bulk
 X-                   4.9623E-02       6.5970E-06       1.2369E+01
 Y-                   5.5136E-03       7.3300E-07       1.3744E+00
 
 Total Concentrations in Exchange Sites 
 -------------------------------------- 
 
 Exchangers           Equiv/kgw        Equiv/g solid    Equiv/m^3 bulk
 Zn++                 3.1005E-04       4.1219E-08       7.7286E-02
 Pb++                 2.4518E-04       3.2595E-08       6.1115E-02
 Ca++                 3.7122E-07       4.9351E-11       9.2534E-05
 Mg++                 2.2636E-02       3.0093E-06       5.6425E+00
 K+                   4.5505E-04       6.0496E-08       1.1343E-01
 Na+                  8.2977E-03       1.1031E-06       2.0684E+00
 
 Concentrations of Individual Species, Exchangers, and Surface Complexes 
 ----------------------------------------------------------------------- 
 
                           Log        Log                 Concentration     
 Species              Molality   Activity      Molality    Mol/m^3 blk  Type
  NaX                   -2.114     -0.810     7.683E-03     1.915E+00  Exchange
  NaY                   -3.211     -0.953     6.150E-04     1.533E-01  Exchange
  KX                    -3.414     -2.109     3.859E-04     9.619E-02  Exchange
  KY                    -4.160     -1.902     6.916E-05     1.724E-02  Exchange
  CaX2                  -6.489     -4.884     3.242E-07     8.082E-05  Exchange
  CaY2                  -7.328     -4.769     4.697E-08     1.171E-05  Exchange
  MgX2                  -1.692     -0.087     2.030E-02     5.060E+00  Exchange
  MgY2                  -2.632     -0.072     2.336E-03     5.823E-01  Exchange
  ZnX2                  -3.567     -1.962     2.708E-04     6.751E-02  Exchange
  ZnY2                  -4.406     -1.847     3.923E-05     9.779E-03  Exchange
  PbX2                  -3.687     -2.082     2.056E-04     5.126E-02  Exchange
  PbY2                  -4.403     -1.843     3.953E-05     9.855E-03  Exchange
                           Log        Log                                 Activity
 Species              Molality   Activity      Molality      Activity   Coefficient    Type
  H+                    -2.973     -3.013     1.064E-03     9.704E-04     9.121E-01  Aqueous 
  SO4--                 -2.484     -2.668     3.277E-03     2.148E-03     6.556E-01  Aqueous 
  Zn++                  -5.633     -5.806     2.326E-06     1.561E-06     6.712E-01  Aqueous 
  Pb++                  -5.991     -6.172     1.021E-06     6.732E-07     6.596E-01  Aqueous 
  Ca++                  -8.555     -8.728     2.785E-09     1.869E-09     6.712E-01  Aqueous 
  Mg++                  -3.568     -3.732     2.706E-04     1.855E-04     6.855E-01  Aqueous 
  K+                    -4.284     -4.331     5.197E-05     4.662E-05     8.969E-01  Aqueous 
  Na+                   -2.287     -2.332     5.169E-03     4.651E-03     8.998E-01  Aqueous 
  OH-                  -10.938    -10.985     1.152E-11     1.035E-11     8.984E-01  Aqueous 
  HSO4-                 -3.649     -3.694     2.245E-04     2.023E-04     9.012E-01  Aqueous 
  CaSO4(aq)             -9.088     -9.087     8.162E-10     8.182E-10     1.002E+00  Aqueous 
  CaOH+                -18.452    -18.495     3.532E-19     3.197E-19     9.051E-01  Aqueous 
  CaHSO4+              -11.289    -11.341     5.138E-12     4.558E-12     8.872E-01  Aqueous 
  KSO4-                 -6.105     -6.149     7.847E-07     7.090E-07     9.036E-01  Aqueous 
  KOH(aq)              -15.779    -15.778     1.662E-16     1.666E-16     1.002E+00  Aqueous 
  MgSO4(aq)             -4.024     -4.023     9.457E-05     9.480E-05     1.002E+00  Aqueous 
  MgOH+                -12.116    -12.159     7.657E-13     6.940E-13     9.064E-01  Aqueous 
  NaSO4-                -4.256     -4.300     5.543E-05     5.008E-05     9.036E-01  Aqueous 
  NaOH(aq)             -14.119    -14.118     7.602E-15     7.621E-15     1.002E+00  Aqueous 
  PbOH+                -10.823    -10.869     1.503E-11     1.353E-11     8.998E-01  Aqueous 
  PbSO4(aq)             -6.091     -6.090     8.114E-07     8.133E-07     1.002E+00  Aqueous 
  Pb(OH)2(aq)          -17.267    -17.266     5.410E-18     5.423E-18     1.002E+00  Aqueous 
  Pb(SO4)2--            -7.830     -8.038     1.480E-08     9.171E-09     6.195E-01  Aqueous 
  Pb(OH)3-             -25.147    -25.193     7.130E-26     6.416E-26     8.998E-01  Aqueous 
  Pb2OH+++             -15.290    -15.691     5.130E-16     2.039E-16     3.974E-01  Aqueous 
  Pb(OH)4--            -33.612    -33.820     2.445E-34     1.515E-34     6.195E-01  Aqueous 
  ZnOH+                -11.707    -11.753     1.962E-12     1.765E-12     8.998E-01  Aqueous 
  ZnSO4(aq)             -6.112     -6.111     7.731E-07     7.750E-07     1.002E+00  Aqueous 
  Zn(OH)2(aq)          -16.681    -16.680     2.082E-17     2.087E-17     1.002E+00  Aqueous 
  Zn(SO4)2--            -7.654     -7.862     2.217E-08     1.373E-08     6.195E-01  Aqueous 
  Zn(OH)3-             -25.122    -25.167     7.559E-26     6.802E-26     8.998E-01  Aqueous 
  Zn(OH)4--            -34.771    -34.954     1.695E-35     1.111E-35     6.556E-01  Aqueous 
 
  ****** Partial pressure of gases (bars) *****
 
 
  ***** Saturation state of minerals (log[Q/K] *****
 
 
 
  ***** Volum of minerals added or subtracted *****
 
 
 **************************************************************
 ------> GRID LOCATION:    38:  1:  1
 
  Temperature (C)    =     25.000
  Porosity           =      0.250
  Liquid Saturation  =      1.000
  Liquid Density     =    997.075
  Ionic Strength     =      0.010
  Solution pH        =      3.013
  Total Charge       = -2.351E-06
 
 Total Aqueous Concentrations of Primary Species 
 --------------------------------------- 
 
   Species              Molality       Type 
 H+                   1.2884E-03     Aqueous      
 SO4--                3.6542E-03     Aqueous      
 Zn++                 3.1203E-06     Aqueous      
 Pb++                 1.8461E-06     Aqueous      
 Ca++                 3.6050E-09     Aqueous      
 Mg++                 3.6502E-04     Aqueous      
 K+                   5.2729E-05     Aqueous      
 Na+                  5.2249E-03     Aqueous      
 
 Exchangers           Equiv/kgw        Equiv/g solid    Equiv/m^3 bulk
 X-                   4.9623E-02       6.5970E-06       1.2369E+01
 Y-                   5.5136E-03       7.3300E-07       1.3744E+00
 
 Total Concentrations in Exchange Sites 
 -------------------------------------- 
 
 Exchangers           Equiv/kgw        Equiv/g solid    Equiv/m^3 bulk
 Zn++                 3.1004E-04       4.1218E-08       7.7284E-02
 Pb++                 2.4517E-04       3.2594E-08       6.1114E-02
 Ca++                 3.7121E-07       4.9350E-11       9.2531E-05
 Mg++                 2.2635E-02       3.0092E-06       5.6422E+00
 K+                   4.5490E-04       6.0476E-08       1.1339E-01
 Na+                  8.2998E-03       1.1034E-06       2.0689E+00
 
 Concentrations of Individual Species, Exchangers, and Surface Complexes 
 ----------------------------------------------------------------------- 
 
                           Log        Log                 Concentration     
 Species              Molality   Activity      Molality    Mol/m^3 blk  Type
  NaX                   -2.114     -0.810     7.685E-03     1.916E+00  Exchange
  NaY                   -3.211     -0.952     6.152E-04     1.533E-01  Exchange
  KX                    -3.414     -2.109     3.858E-04     9.616E-02  Exchange
  KY                    -4.160     -1.902     6.913E-05     1.723E-02  Exchange
  CaX2                  -6.489     -4.884     3.242E-07     8.082E-05  Exchange
  CaY2                  -7.328     -4.769     4.697E-08     1.171E-05  Exchange
  MgX2                  -1.693     -0.087     2.030E-02     5.060E+00  Exchange
  MgY2                  -2.632     -0.072     2.336E-03     5.823E-01  Exchange
  ZnX2                  -3.567     -1.962     2.708E-04     6.750E-02  Exchange
  ZnY2                  -4.406     -1.847     3.923E-05     9.779E-03  Exchange
  PbX2                  -3.687     -2.082     2.056E-04     5.126E-02  Exchange
  PbY2                  -4.403     -1.843     3.953E-05     9.855E-03  Exchange
                           Log        Log                                 Activity
 Species              Molality   Activity      Molality      Activity   Coefficient    Type
  H+                    -2.973     -3.013     1.064E-03     9.704E-04     9.121E-01  Aqueous 
  SO4--                 -2.484     -2.668     3.277E-03     2.148E-03     6.556E-01  Aqueous 
  Zn++                  -5.634     -5.807     2.325E-06     1.561E-06     6.712E-01  Aqueous 
  Pb++                  -5.991     -6.172     1.020E-06     6.729E-07     6.596E-01  Aqueous 
  Ca++                  -8.555     -8.728     2.784E-09     1.869E-09     6.712E-01  Aqueous 
  Mg++                  -3.568     -3.732     2.705E-04     1.854E-04     6.855E-01  Aqueous 
  K+                    -4.284     -4.332     5.194E-05     4.659E-05     8.969E-01  Aqueous 
  Na+                   -2.287     -2.332     5.169E-03     4.652E-03     8.998E-01  Aqueous 
  OH-                  -10.938    -10.985     1.152E-11     1.035E-11     8.984E-01  Aqueous 
  HSO4-                 -3.649     -3.694     2.245E-04     2.023E-04     9.012E-01  Aqueous 
  CaSO4(aq)             -9.088     -9.087     8.159E-10     8.178E-10     1.002E+00  Aqueous 
  CaOH+                -18.452    -18.495     3.531E-19     3.196E-19     9.051E-01  Aqueous 
  CaHSO4+              -11.289    -11.341     5.136E-12     4.556E-12     8.872E-01  Aqueous 
  KSO4-                 -6.106     -6.150     7.843E-07     7.087E-07     9.036E-01  Aqueous 
  KOH(aq)              -15.780    -15.779     1.661E-16     1.665E-16     1.002E+00  Aqueous 
  MgSO4(aq)             -4.024     -4.023     9.453E-05     9.476E-05     1.002E+00  Aqueous 
  MgOH+                -12.116    -12.159     7.654E-13     6.937E-13     9.064E-01  Aqueous 
  NaSO4-                -4.256     -4.300     5.543E-05     5.009E-05     9.036E-01  Aqueous 
  NaOH(aq)             -14.119    -14.118     7.603E-15     7.621E-15     1.002E+00  Aqueous 
  PbOH+                -10.823    -10.869     1.503E-11     1.352E-11     8.998E-01  Aqueous 
  PbSO4(aq)             -6.091     -6.090     8.111E-07     8.130E-07     1.002E+00  Aqueous 
  Pb(OH)2(aq)          -17.267    -17.266     5.408E-18     5.421E-18     1.002E+00  Aqueous 
  Pb(SO4)2--            -7.830     -8.038     1.480E-08     9.167E-09     6.195E-01  Aqueous 
  Pb(OH)3-             -25.147    -25.193     7.128E-26     6.414E-26     8.998E-01  Aqueous 
  Pb2OH+++             -15.290    -15.691     5.126E-16     2.037E-16     3.974E-01  Aqueous 
  Pb(OH)4--            -33.612    -33.820     2.444E-34     1.514E-34     6.195E-01  Aqueous 
  ZnOH+                -11.708    -11.753     1.961E-12     1.764E-12     8.998E-01  Aqueous 
  ZnSO4(aq)             -6.112     -6.111     7.728E-07     7.747E-07     1.002E+00  Aqueous 
  Zn(OH)2(aq)          -16.682    -16.681     2.081E-17     2.086E-17     1.002E+00  Aqueous 
  Zn(SO4)2--            -7.654     -7.862     2.216E-08     1.373E-08     6.195E-01  Aqueous 
  Zn(OH)3-             -25.122    -25.168     7.556E-26     6.799E-26     8.998E-01  Aqueous 
  Zn(OH)4--            -34.771    -34.954     1.694E-35     1.110E-35     6.556E-01  Aqueous 
 
  ****** Partial pressure of gases (bars) *****
 
 
  ***** Saturation state of minerals (log[Q/K] *****
 
 
 
  ***** Volum of minerals added or subtracted *****
 
 
 **************************************************************
 ------> GRID LOCATION:    39:  1:  1
 
  Temperature (C)    =     25.000
  Porosity           =      0.250
  Liquid Saturation  =      1.000
  Liquid Density     =    997.075
  Ionic Strength     =      0.010
  Solution pH        =      3.013
  Total Charge       = -2.351E-06
 
 Total Aqueous Concentrations of Primary Species 
 --------------------------------------- 
 
   Species              Molality       Type 
 H+                   1.2884E-03     Aqueous      
 SO4--                3.6542E-03     Aqueous      
 Zn++                 3.1198E-06     Aqueous      
 Pb++                 1.8458E-06     Aqueous      
 Ca++                 3.6045E-09     Aqueous      
 Mg++                 3.6496E-04     Aqueous      
 K+                   5.2722E-05     Aqueous      
 Na+                  5.2250E-03     Aqueous      
 
 Exchangers           Equiv/kgw        Equiv/g solid    Equiv/m^3 bulk
 X-                   4.9623E-02       6.5970E-06       1.2369E+01
 Y-                   5.5136E-03       7.3300E-07       1.3744E+00
 
 Total Concentrations in Exchange Sites 
 -------------------------------------- 
 
 Exchangers           Equiv/kgw        Equiv/g solid    Equiv/m^3 bulk
 Zn++                 3.1004E-04       4.1218E-08       7.7283E-02
 Pb++                 2.4517E-04       3.2594E-08       6.1113E-02
 Ca++                 3.7121E-07       4.9350E-11       9.2530E-05
 Mg++                 2.2635E-02       3.0091E-06       5.6421E+00
 K+                   4.5487E-04       6.0472E-08       1.1339E-01
 Na+                  8.3006E-03       1.1035E-06       2.0691E+00
 
 Concentrations of Individual Species, Exchangers, and Surface Complexes 
 ----------------------------------------------------------------------- 
 
                           Log        Log                 Concentration     
 Species              Molality   Activity      Molality    Mol/m^3 blk  Type
  NaX                   -2.114     -0.810     7.685E-03     1.916E+00  Exchange
  NaY                   -3.211     -0.952     6.152E-04     1.534E-01  Exchange
  KX                    -3.414     -2.109     3.857E-04     9.615E-02  Exchange
  KY                    -4.160     -1.902     6.913E-05     1.723E-02  Exchange
  CaX2                  -6.489     -4.884     3.242E-07     8.082E-05  Exchange
  CaY2                  -7.328     -4.769     4.697E-08     1.171E-05  Exchange
  MgX2                  -1.693     -0.087     2.030E-02     5.060E+00  Exchange
  MgY2                  -2.632     -0.072     2.336E-03     5.822E-01  Exchange
  ZnX2                  -3.567     -1.962     2.708E-04     6.750E-02  Exchange
  ZnY2                  -4.406     -1.847     3.923E-05     9.779E-03  Exchange
  PbX2                  -3.687     -2.082     2.056E-04     5.126E-02  Exchange
  PbY2                  -4.403     -1.843     3.953E-05     9.855E-03  Exchange
                           Log        Log                                 Activity
 Species              Molality   Activity      Molality      Activity   Coefficient    Type
  H+                    -2.973     -3.013     1.064E-03     9.704E-04     9.121E-01  Aqueous 
  SO4--                 -2.484     -2.668     3.277E-03     2.148E-03     6.556E-01  Aqueous 
  Zn++                  -5.634     -5.807     2.325E-06     1.560E-06     6.712E-01  Aqueous 
  Pb++                  -5.991     -6.172     1.020E-06     6.728E-07     6.596E-01  Aqueous 
  Ca++                  -8.555     -8.729     2.784E-09     1.868E-09     6.712E-01  Aqueous 
  Mg++                  -3.568     -3.732     2.704E-04     1.854E-04     6.855E-01  Aqueous 
  K+                    -4.285     -4.332     5.194E-05     4.658E-05     8.969E-01  Aqueous 
  Na+                   -2.287     -2.332     5.170E-03     4.652E-03     8.998E-01  Aqueous 
  OH-                  -10.938    -10.985     1.152E-11     1.035E-11     8.984E-01  Aqueous 
  HSO4-                 -3.649     -3.694     2.245E-04     2.023E-04     9.012E-01  Aqueous 
  CaSO4(aq)             -9.088     -9.087     8.157E-10     8.177E-10     1.002E+00  Aqueous 
  CaOH+                -18.452    -18.495     3.530E-19     3.195E-19     9.051E-01  Aqueous 
  CaHSO4+              -11.289    -11.341     5.135E-12     4.556E-12     8.872E-01  Aqueous 
  KSO4-                 -6.106     -6.150     7.842E-07     7.086E-07     9.036E-01  Aqueous 
  KOH(aq)              -15.780    -15.779     1.661E-16     1.665E-16     1.002E+00  Aqueous 
  MgSO4(aq)             -4.024     -4.023     9.452E-05     9.474E-05     1.002E+00  Aqueous 
  MgOH+                -12.116    -12.159     7.653E-13     6.936E-13     9.064E-01  Aqueous 
  NaSO4-                -4.256     -4.300     5.543E-05     5.009E-05     9.036E-01  Aqueous 
  NaOH(aq)             -14.119    -14.118     7.603E-15     7.621E-15     1.002E+00  Aqueous 
  PbOH+                -10.823    -10.869     1.502E-11     1.352E-11     8.998E-01  Aqueous 
  PbSO4(aq)             -6.091     -6.090     8.109E-07     8.129E-07     1.002E+00  Aqueous 
  Pb(OH)2(aq)          -17.267    -17.266     5.407E-18     5.420E-18     1.002E+00  Aqueous 
  Pb(SO4)2--            -7.830     -8.038     1.480E-08     9.166E-09     6.195E-01  Aqueous 
  Pb(OH)3-             -25.147    -25.193     7.127E-26     6.413E-26     8.998E-01  Aqueous 
  Pb2OH+++             -15.290    -15.691     5.124E-16     2.036E-16     3.974E-01  Aqueous 
  Pb(OH)4--            -33.612    -33.820     2.444E-34     1.514E-34     6.195E-01  Aqueous 
  ZnOH+                -11.708    -11.753     1.960E-12     1.764E-12     8.998E-01  Aqueous 
  ZnSO4(aq)             -6.112     -6.111     7.727E-07     7.746E-07     1.002E+00  Aqueous 
  Zn(OH)2(aq)          -16.682    -16.681     2.081E-17     2.086E-17     1.002E+00  Aqueous 
  Zn(SO4)2--            -7.655     -7.862     2.216E-08     1.373E-08     6.195E-01  Aqueous 
  Zn(OH)3-             -25.122    -25.168     7.555E-26     6.798E-26     8.998E-01  Aqueous 
  Zn(OH)4--            -34.771    -34.955     1.694E-35     1.110E-35     6.556E-01  Aqueous 
 
  ****** Partial pressure of gases (bars) *****
 
 
  ***** Saturation state of minerals (log[Q/K] *****
 
 
 
  ***** Volum of minerals added or subtracted *****
 
 
 **************************************************************
 ------> GRID LOCATION:    40:  1:  1
 
  Temperature (C)    =     25.000
  Porosity           =      0.250
  Liquid Saturation  =      1.000
  Liquid Density     =    997.075
  Ionic Strength     =      0.010
  Solution pH        =      3.013
  Total Charge       = -2.351E-06
 
 Total Aqueous Concentrations of Primary Species 
 --------------------------------------- 
 
   Species              Molality       Type 
 H+                   1.2884E-03     Aqueous      
 SO4--                3.6542E-03     Aqueous      
 Zn++                 3.1194E-06     Aqueous      
 Pb++                 1.8456E-06     Aqueous      
 Ca++                 3.6041E-09     Aqueous      
 Mg++                 3.6492E-04     Aqueous      
 K+                   5.2718E-05     Aqueous      
 Na+                  5.2251E-03     Aqueous      
 
 Exchangers           Equiv/kgw        Equiv/g solid    Equiv/m^3 bulk
 X-                   4.9623E-02       6.5970E-06       1.2369E+01
 Y-                   5.5136E-03       7.3300E-07       1.3744E+00
 
 Total Concentrations in Exchange Sites 
 -------------------------------------- 
 
 Exchangers           Equiv/kgw        Equiv/g solid    Equiv/m^3 bulk
 Zn++                 3.1004E-04       4.1217E-08       7.7282E-02
 Pb++                 2.4517E-04       3.2594E-08       6.1113E-02
 Ca++                 3.7120E-07       4.9349E-11       9.2530E-05
 Mg++                 2.2635E-02       3.0091E-06       5.6421E+00
 K+                   4.5486E-04       6.0471E-08       1.1338E-01
 Na+                  8.3012E-03       1.1036E-06       2.0692E+00
 
 Concentrations of Individual Species, Exchangers, and Surface Complexes 
 ----------------------------------------------------------------------- 
 
                           Log        Log                 Concentration     
 Species              Molality   Activity      Molality    Mol/m^3 blk  Type
  NaX                   -2.114     -0.810     7.686E-03     1.916E+00  Exchange
  NaY                   -3.211     -0.952     6.153E-04     1.534E-01  Exchange
  KX                    -3.414     -2.109     3.857E-04     9.615E-02  Exchange
  KY                    -4.160     -1.902     6.913E-05     1.723E-02  Exchange
  CaX2                  -6.489     -4.884     3.242E-07     8.082E-05  Exchange
  CaY2                  -7.328     -4.769     4.697E-08     1.171E-05  Exchange
  MgX2                  -1.693     -0.087     2.030E-02     5.060E+00  Exchange
  MgY2                  -2.632     -0.072     2.336E-03     5.822E-01  Exchange
  ZnX2                  -3.567     -1.962     2.708E-04     6.750E-02  Exchange
  ZnY2                  -4.406     -1.847     3.923E-05     9.779E-03  Exchange
  PbX2                  -3.687     -2.082     2.056E-04     5.126E-02  Exchange
  PbY2                  -4.403     -1.843     3.953E-05     9.854E-03  Exchange
                           Log        Log                                 Activity
 Species              Molality   Activity      Molality      Activity   Coefficient    Type
  H+                    -2.973     -3.013     1.064E-03     9.704E-04     9.121E-01  Aqueous 
  SO4--                 -2.484     -2.668     3.277E-03     2.149E-03     6.556E-01  Aqueous 
  Zn++                  -5.634     -5.807     2.325E-06     1.560E-06     6.712E-01  Aqueous 
  Pb++                  -5.991     -6.172     1.020E-06     6.728E-07     6.596E-01  Aqueous 
  Ca++                  -8.555     -8.729     2.783E-09     1.868E-09     6.712E-01  Aqueous 
  Mg++                  -3.568     -3.732     2.704E-04     1.854E-04     6.855E-01  Aqueous 
  K+                    -4.285     -4.332     5.193E-05     4.658E-05     8.969E-01  Aqueous 
  Na+                   -2.287     -2.332     5.170E-03     4.652E-03     8.998E-01  Aqueous 
  OH-                  -10.938    -10.985     1.152E-11     1.035E-11     8.984E-01  Aqueous 
  HSO4-                 -3.649     -3.694     2.245E-04     2.023E-04     9.012E-01  Aqueous 
  CaSO4(aq)             -9.088     -9.087     8.157E-10     8.176E-10     1.002E+00  Aqueous 
  CaOH+                -18.452    -18.496     3.530E-19     3.195E-19     9.051E-01  Aqueous 
  CaHSO4+              -11.290    -11.341     5.134E-12     4.555E-12     8.872E-01  Aqueous 
  KSO4-                 -6.106     -6.150     7.841E-07     7.085E-07     9.036E-01  Aqueous 
  KOH(aq)              -15.780    -15.779     1.660E-16     1.664E-16     1.002E+00  Aqueous 
  MgSO4(aq)             -4.025     -4.023     9.451E-05     9.473E-05     1.002E+00  Aqueous 
  MgOH+                -12.116    -12.159     7.652E-13     6.935E-13     9.064E-01  Aqueous 
  NaSO4-                -4.256     -4.300     5.543E-05     5.009E-05     9.036E-01  Aqueous 
  NaOH(aq)             -14.119    -14.118     7.603E-15     7.621E-15     1.002E+00  Aqueous 
  PbOH+                -10.823    -10.869     1.502E-11     1.352E-11     8.998E-01  Aqueous 
  PbSO4(aq)             -6.091     -6.090     8.109E-07     8.128E-07     1.002E+00  Aqueous 
  Pb(OH)2(aq)          -17.267    -17.266     5.406E-18     5.419E-18     1.002E+00  Aqueous 
  Pb(SO4)2--            -7.830     -8.038     1.479E-08     9.165E-09     6.195E-01  Aqueous 
  Pb(OH)3-             -25.147    -25.193     7.126E-26     6.412E-26     8.998E-01  Aqueous 
  Pb2OH+++             -15.290    -15.691     5.123E-16     2.036E-16     3.974E-01  Aqueous 
  Pb(OH)4--            -33.612    -33.820     2.443E-34     1.514E-34     6.195E-01  Aqueous 
  ZnOH+                -11.708    -11.754     1.960E-12     1.764E-12     8.998E-01  Aqueous 
  ZnSO4(aq)             -6.112     -6.111     7.726E-07     7.745E-07     1.002E+00  Aqueous 
  Zn(OH)2(aq)          -16.682    -16.681     2.081E-17     2.086E-17     1.002E+00  Aqueous 
  Zn(SO4)2--            -7.655     -7.863     2.215E-08     1.372E-08     6.195E-01  Aqueous 
  Zn(OH)3-             -25.122    -25.168     7.554E-26     6.797E-26     8.998E-01  Aqueous 
  Zn(OH)4--            -34.771    -34.955     1.693E-35     1.110E-35     6.556E-01  Aqueous 
 
  ****** Partial pressure of gases (bars) *****
 
 
  ***** Saturation state of minerals (log[Q/K] *****
 
 
 
  ***** Volum of minerals added or subtracted *****
 
 
 **************************************************************
 ------> GRID LOCATION:    41:  1:  1
 
  Temperature (C)    =     25.000
  Porosity           =      0.250
  Liquid Saturation  =      1.000
  Liquid Density     =    997.075
  Ionic Strength     =      0.010
  Solution pH        =      3.013
  Total Charge       = -2.351E-06
 
 Total Aqueous Concentrations of Primary Species 
 --------------------------------------- 
 
   Species              Molality       Type 
 H+                   1.2884E-03     Aqueous      
 SO4--                3.6542E-03     Aqueous      
 Zn++                 3.1191E-06     Aqueous      
 Pb++                 1.8454E-06     Aqueous      
 Ca++                 3.6038E-09     Aqueous      
 Mg++                 3.6488E-04     Aqueous      
 K+                   5.2716E-05     Aqueous      
 Na+                  5.2252E-03     Aqueous      
 
 Exchangers           Equiv/kgw        Equiv/g solid    Equiv/m^3 bulk
 X-                   4.9623E-02       6.5970E-06       1.2369E+01
 Y-                   5.5136E-03       7.3300E-07       1.3744E+00
 
 Total Concentrations in Exchange Sites 
 -------------------------------------- 
 
 Exchangers           Equiv/kgw        Equiv/g solid    Equiv/m^3 bulk
 Zn++                 3.1003E-04       4.1217E-08       7.7282E-02
 Pb++                 2.4517E-04       3.2593E-08       6.1113E-02
 Ca++                 3.7120E-07       4.9349E-11       9.2529E-05
 Mg++                 2.2634E-02       3.0091E-06       5.6420E+00
 K+                   4.5486E-04       6.0471E-08       1.1338E-01
 Na+                  8.3017E-03       1.1036E-06       2.0693E+00
 
 Concentrations of Individual Species, Exchangers, and Surface Complexes 
 ----------------------------------------------------------------------- 
 
                           Log        Log                 Concentration     
 Species              Molality   Activity      Molality    Mol/m^3 blk  Type
  NaX                   -2.114     -0.810     7.686E-03     1.916E+00  Exchange
  NaY                   -3.211     -0.952     6.153E-04     1.534E-01  Exchange
  KX                    -3.414     -2.109     3.857E-04     9.615E-02  Exchange
  KY                    -4.160     -1.902     6.913E-05     1.723E-02  Exchange
  CaX2                  -6.489     -4.884     3.242E-07     8.082E-05  Exchange
  CaY2                  -7.328     -4.769     4.697E-08     1.171E-05  Exchange
  MgX2                  -1.693     -0.087     2.030E-02     5.060E+00  Exchange
  MgY2                  -2.632     -0.072     2.336E-03     5.822E-01  Exchange
  ZnX2                  -3.567     -1.962     2.708E-04     6.750E-02  Exchange
  ZnY2                  -4.406     -1.847     3.923E-05     9.779E-03  Exchange
  PbX2                  -3.687     -2.082     2.056E-04     5.126E-02  Exchange
  PbY2                  -4.403     -1.843     3.953E-05     9.854E-03  Exchange
                           Log        Log                                 Activity
 Species              Molality   Activity      Molality      Activity   Coefficient    Type
  H+                    -2.973     -3.013     1.064E-03     9.704E-04     9.121E-01  Aqueous 
  SO4--                 -2.484     -2.668     3.277E-03     2.149E-03     6.556E-01  Aqueous 
  Zn++                  -5.634     -5.807     2.324E-06     1.560E-06     6.712E-01  Aqueous 
  Pb++                  -5.991     -6.172     1.020E-06     6.727E-07     6.596E-01  Aqueous 
  Ca++                  -8.555     -8.729     2.783E-09     1.868E-09     6.712E-01  Aqueous 
  Mg++                  -3.568     -3.732     2.704E-04     1.853E-04     6.855E-01  Aqueous 
  K+                    -4.285     -4.332     5.193E-05     4.658E-05     8.969E-01  Aqueous 
  Na+                   -2.287     -2.332     5.170E-03     4.652E-03     8.998E-01  Aqueous 
  OH-                  -10.938    -10.985     1.152E-11     1.035E-11     8.984E-01  Aqueous 
  HSO4-                 -3.649     -3.694     2.245E-04     2.023E-04     9.012E-01  Aqueous 
  CaSO4(aq)             -9.089     -9.087     8.156E-10     8.175E-10     1.002E+00  Aqueous 
  CaOH+                -18.452    -18.496     3.529E-19     3.195E-19     9.051E-01  Aqueous 
  CaHSO4+              -11.290    -11.342     5.134E-12     4.555E-12     8.872E-01  Aqueous 
  KSO4-                 -6.106     -6.150     7.841E-07     7.085E-07     9.036E-01  Aqueous 
  KOH(aq)              -15.780    -15.779     1.660E-16     1.664E-16     1.002E+00  Aqueous 
  MgSO4(aq)             -4.025     -4.024     9.450E-05     9.472E-05     1.002E+00  Aqueous 
  MgOH+                -12.116    -12.159     7.651E-13     6.935E-13     9.064E-01  Aqueous 
  NaSO4-                -4.256     -4.300     5.544E-05     5.009E-05     9.036E-01  Aqueous 
  NaOH(aq)             -14.119    -14.118     7.603E-15     7.621E-15     1.002E+00  Aqueous 
  PbOH+                -10.823    -10.869     1.502E-11     1.352E-11     8.998E-01  Aqueous 
  PbSO4(aq)             -6.091     -6.090     8.108E-07     8.127E-07     1.002E+00  Aqueous 
  Pb(OH)2(aq)          -17.267    -17.266     5.406E-18     5.419E-18     1.002E+00  Aqueous 
  Pb(SO4)2--            -7.830     -8.038     1.479E-08     9.164E-09     6.195E-01  Aqueous 
  Pb(OH)3-             -25.147    -25.193     7.125E-26     6.411E-26     8.998E-01  Aqueous 
  Pb2OH+++             -15.291    -15.691     5.122E-16     2.036E-16     3.974E-01  Aqueous 
  Pb(OH)4--            -33.612    -33.820     2.443E-34     1.514E-34     6.195E-01  Aqueous 
  ZnOH+                -11.708    -11.754     1.960E-12     1.764E-12     8.998E-01  Aqueous 
  ZnSO4(aq)             -6.112     -6.111     7.725E-07     7.744E-07     1.002E+00  Aqueous 
  Zn(OH)2(aq)          -16.682    -16.681     2.081E-17     2.086E-17     1.002E+00  Aqueous 
  Zn(SO4)2--            -7.655     -7.863     2.215E-08     1.372E-08     6.195E-01  Aqueous 
  Zn(OH)3-             -25.122    -25.168     7.554E-26     6.797E-26     8.998E-01  Aqueous 
  Zn(OH)4--            -34.771    -34.955     1.693E-35     1.110E-35     6.556E-01  Aqueous 
 
  ****** Partial pressure of gases (bars) *****
 
 
  ***** Saturation state of minerals (log[Q/K] *****
 
 
 
  ***** Volum of minerals added or subtracted *****
 
 
 **************************************************************
 ------> GRID LOCATION:    42:  1:  1
 
  Temperature (C)    =     25.000
  Porosity           =      0.250
  Liquid Saturation  =      1.000
  Liquid Density     =    997.075
  Ionic Strength     =      0.010
  Solution pH        =      3.013
  Total Charge       = -2.351E-06
 
 Total Aqueous Concentrations of Primary Species 
 --------------------------------------- 
 
   Species              Molality       Type 
 H+                   1.2884E-03     Aqueous      
 SO4--                3.6542E-03     Aqueous      
 Zn++                 3.1189E-06     Aqueous      
 Pb++                 1.8452E-06     Aqueous      
 Ca++                 3.6034E-09     Aqueous      
 Mg++                 3.6484E-04     Aqueous      
 K+                   5.2713E-05     Aqueous      
 Na+                  5.2252E-03     Aqueous      
 
 Exchangers           Equiv/kgw        Equiv/g solid    Equiv/m^3 bulk
 X-                   4.9623E-02       6.5970E-06       1.2369E+01
 Y-                   5.5136E-03       7.3300E-07       1.3744E+00
 
 Total Concentrations in Exchange Sites 
 -------------------------------------- 
 
 Exchangers           Equiv/kgw        Equiv/g solid    Equiv/m^3 bulk
 Zn++                 3.1003E-04       4.1217E-08       7.7281E-02
 Pb++                 2.4517E-04       3.2593E-08       6.1112E-02
 Ca++                 3.7120E-07       4.9349E-11       9.2529E-05
 Mg++                 2.2634E-02       3.0091E-06       5.6420E+00
 K+                   4.5486E-04       6.0470E-08       1.1338E-01
 Na+                  8.3021E-03       1.1037E-06       2.0695E+00
 
 Concentrations of Individual Species, Exchangers, and Surface Complexes 
 ----------------------------------------------------------------------- 
 
                           Log        Log                 Concentration     
 Species              Molality   Activity      Molality    Mol/m^3 blk  Type
  NaX                   -2.114     -0.810     7.687E-03     1.916E+00  Exchange
  NaY                   -3.211     -0.952     6.153E-04     1.534E-01  Exchange
  KX                    -3.414     -2.109     3.857E-04     9.615E-02  Exchange
  KY                    -4.160     -1.902     6.913E-05     1.723E-02  Exchange
  CaX2                  -6.489     -4.884     3.242E-07     8.082E-05  Exchange
  CaY2                  -7.328     -4.769     4.697E-08     1.171E-05  Exchange
  MgX2                  -1.693     -0.087     2.030E-02     5.060E+00  Exchange
  MgY2                  -2.632     -0.072     2.336E-03     5.822E-01  Exchange
  ZnX2                  -3.567     -1.962     2.708E-04     6.750E-02  Exchange
  ZnY2                  -4.406     -1.847     3.923E-05     9.779E-03  Exchange
  PbX2                  -3.687     -2.082     2.056E-04     5.126E-02  Exchange
  PbY2                  -4.403     -1.843     3.953E-05     9.854E-03  Exchange
                           Log        Log                                 Activity
 Species              Molality   Activity      Molality      Activity   Coefficient    Type
  H+                    -2.973     -3.013     1.064E-03     9.704E-04     9.121E-01  Aqueous 
  SO4--                 -2.484     -2.668     3.277E-03     2.149E-03     6.556E-01  Aqueous 
  Zn++                  -5.634     -5.807     2.324E-06     1.560E-06     6.712E-01  Aqueous 
  Pb++                  -5.992     -6.172     1.020E-06     6.726E-07     6.596E-01  Aqueous 
  Ca++                  -8.556     -8.729     2.783E-09     1.868E-09     6.712E-01  Aqueous 
  Mg++                  -3.568     -3.732     2.704E-04     1.853E-04     6.855E-01  Aqueous 
  K+                    -4.285     -4.332     5.193E-05     4.658E-05     8.969E-01  Aqueous 
  Na+                   -2.287     -2.332     5.170E-03     4.652E-03     8.998E-01  Aqueous 
  OH-                  -10.938    -10.985     1.152E-11     1.035E-11     8.984E-01  Aqueous 
  HSO4-                 -3.649     -3.694     2.245E-04     2.023E-04     9.012E-01  Aqueous 
  CaSO4(aq)             -9.089     -9.088     8.155E-10     8.175E-10     1.002E+00  Aqueous 
  CaOH+                -18.452    -18.496     3.529E-19     3.194E-19     9.051E-01  Aqueous 
  CaHSO4+              -11.290    -11.342     5.133E-12     4.554E-12     8.872E-01  Aqueous 
  KSO4-                 -6.106     -6.150     7.840E-07     7.084E-07     9.036E-01  Aqueous 
  KOH(aq)              -15.780    -15.779     1.660E-16     1.664E-16     1.002E+00  Aqueous 
  MgSO4(aq)             -4.025     -4.024     9.449E-05     9.471E-05     1.002E+00  Aqueous 
  MgOH+                -12.116    -12.159     7.650E-13     6.934E-13     9.064E-01  Aqueous 
  NaSO4-                -4.256     -4.300     5.544E-05     5.009E-05     9.036E-01  Aqueous 
  NaOH(aq)             -14.119    -14.118     7.603E-15     7.622E-15     1.002E+00  Aqueous 
  PbOH+                -10.823    -10.869     1.502E-11     1.352E-11     8.998E-01  Aqueous 
  PbSO4(aq)             -6.091     -6.090     8.107E-07     8.127E-07     1.002E+00  Aqueous 
  Pb(OH)2(aq)          -17.267    -17.266     5.405E-18     5.418E-18     1.002E+00  Aqueous 
  Pb(SO4)2--            -7.830     -8.038     1.479E-08     9.163E-09     6.195E-01  Aqueous 
  Pb(OH)3-             -25.147    -25.193     7.125E-26     6.411E-26     8.998E-01  Aqueous 
  Pb2OH+++             -15.291    -15.691     5.121E-16     2.035E-16     3.974E-01  Aqueous 
  Pb(OH)4--            -33.612    -33.820     2.443E-34     1.513E-34     6.195E-01  Aqueous 
  ZnOH+                -11.708    -11.754     1.960E-12     1.764E-12     8.998E-01  Aqueous 
  ZnSO4(aq)             -6.112     -6.111     7.725E-07     7.743E-07     1.002E+00  Aqueous 
  Zn(OH)2(aq)          -16.682    -16.681     2.081E-17     2.086E-17     1.002E+00  Aqueous 
  Zn(SO4)2--            -7.655     -7.863     2.215E-08     1.372E-08     6.195E-01  Aqueous 
  Zn(OH)3-             -25.122    -25.168     7.553E-26     6.796E-26     8.998E-01  Aqueous 
  Zn(OH)4--            -34.771    -34.955     1.693E-35     1.110E-35     6.556E-01  Aqueous 
 
  ****** Partial pressure of gases (bars) *****
 
 
  ***** Saturation state of minerals (log[Q/K] *****
 
 
 
  ***** Volum of minerals added or subtracted *****
 
 
 **************************************************************
 ------> GRID LOCATION:    43:  1:  1
 
  Temperature (C)    =     25.000
  Porosity           =      0.250
  Liquid Saturation  =      1.000
  Liquid Density     =    997.075
  Ionic Strength     =      0.010
  Solution pH        =      3.013
  Total Charge       = -2.351E-06
 
 Total Aqueous Concentrations of Primary Species 
 --------------------------------------- 
 
   Species              Molality       Type 
 H+                   1.2884E-03     Aqueous      
 SO4--                3.6542E-03     Aqueous      
 Zn++                 3.1186E-06     Aqueous      
 Pb++                 1.8451E-06     Aqueous      
 Ca++                 3.6031E-09     Aqueous      
 Mg++                 3.6481E-04     Aqueous      
 K+                   5.2711E-05     Aqueous      
 Na+                  5.2253E-03     Aqueous      
 
 Exchangers           Equiv/kgw        Equiv/g solid    Equiv/m^3 bulk
 X-                   4.9623E-02       6.5970E-06       1.2369E+01
 Y-                   5.5136E-03       7.3300E-07       1.3744E+00
 
 Total Concentrations in Exchange Sites 
 -------------------------------------- 
 
 Exchangers           Equiv/kgw        Equiv/g solid    Equiv/m^3 bulk
 Zn++                 3.1003E-04       4.1216E-08       7.7281E-02
 Pb++                 2.4517E-04       3.2593E-08       6.1112E-02
 Ca++                 3.7120E-07       4.9348E-11       9.2528E-05
 Mg++                 2.2634E-02       3.0090E-06       5.6419E+00
 K+                   4.5486E-04       6.0470E-08       1.1338E-01
 Na+                  8.3025E-03       1.1038E-06       2.0696E+00
 
 Concentrations of Individual Species, Exchangers, and Surface Complexes 
 ----------------------------------------------------------------------- 
 
                           Log        Log                 Concentration     
 Species              Molality   Activity      Molality    Mol/m^3 blk  Type
  NaX                   -2.114     -0.810     7.687E-03     1.916E+00  Exchange
  NaY                   -3.211     -0.952     6.154E-04     1.534E-01  Exchange
  KX                    -3.414     -2.109     3.857E-04     9.615E-02  Exchange
  KY                    -4.160     -1.902     6.913E-05     1.723E-02  Exchange
  CaX2                  -6.489     -4.884     3.242E-07     8.082E-05  Exchange
  CaY2                  -7.328     -4.769     4.697E-08     1.171E-05  Exchange
  MgX2                  -1.693     -0.087     2.030E-02     5.060E+00  Exchange
  MgY2                  -2.632     -0.072     2.336E-03     5.822E-01  Exchange
  ZnX2                  -3.567     -1.962     2.708E-04     6.750E-02  Exchange
  ZnY2                  -4.406     -1.847     3.923E-05     9.779E-03  Exchange
  PbX2                  -3.687     -2.082     2.056E-04     5.126E-02  Exchange
  PbY2                  -4.403     -1.843     3.953E-05     9.854E-03  Exchange
                           Log        Log                                 Activity
 Species              Molality   Activity      Molality      Activity   Coefficient    Type
  H+                    -2.973     -3.013     1.064E-03     9.704E-04     9.121E-01  Aqueous 
  SO4--                 -2.484     -2.668     3.277E-03     2.149E-03     6.556E-01  Aqueous 
  Zn++                  -5.634     -5.807     2.324E-06     1.560E-06     6.712E-01  Aqueous 
  Pb++                  -5.992     -6.172     1.020E-06     6.726E-07     6.596E-01  Aqueous 
  Ca++                  -8.556     -8.729     2.783E-09     1.868E-09     6.712E-01  Aqueous 
  Mg++                  -3.568     -3.732     2.703E-04     1.853E-04     6.855E-01  Aqueous 
  K+                    -4.285     -4.332     5.193E-05     4.657E-05     8.969E-01  Aqueous 
  Na+                   -2.287     -2.332     5.170E-03     4.652E-03     8.998E-01  Aqueous 
  OH-                  -10.938    -10.985     1.152E-11     1.035E-11     8.984E-01  Aqueous 
  HSO4-                 -3.649     -3.694     2.245E-04     2.023E-04     9.012E-01  Aqueous 
  CaSO4(aq)             -9.089     -9.088     8.154E-10     8.174E-10     1.002E+00  Aqueous 
  CaOH+                -18.452    -18.496     3.529E-19     3.194E-19     9.051E-01  Aqueous 
  CaHSO4+              -11.290    -11.342     5.133E-12     4.554E-12     8.872E-01  Aqueous 
  KSO4-                 -6.106     -6.150     7.840E-07     7.084E-07     9.036E-01  Aqueous 
  KOH(aq)              -15.780    -15.779     1.660E-16     1.664E-16     1.002E+00  Aqueous 
  MgSO4(aq)             -4.025     -4.024     9.448E-05     9.471E-05     1.002E+00  Aqueous 
  MgOH+                -12.116    -12.159     7.650E-13     6.933E-13     9.064E-01  Aqueous 
  NaSO4-                -4.256     -4.300     5.544E-05     5.009E-05     9.036E-01  Aqueous 
  NaOH(aq)             -14.119    -14.118     7.603E-15     7.622E-15     1.002E+00  Aqueous 
  PbOH+                -10.823    -10.869     1.502E-11     1.351E-11     8.998E-01  Aqueous 
  PbSO4(aq)             -6.091     -6.090     8.106E-07     8.126E-07     1.002E+00  Aqueous 
  Pb(OH)2(aq)          -17.267    -17.266     5.405E-18     5.418E-18     1.002E+00  Aqueous 
  Pb(SO4)2--            -7.830     -8.038     1.479E-08     9.162E-09     6.195E-01  Aqueous 
  Pb(OH)3-             -25.147    -25.193     7.124E-26     6.410E-26     8.998E-01  Aqueous 
  Pb2OH+++             -15.291    -15.691     5.120E-16     2.035E-16     3.974E-01  Aqueous 
  Pb(OH)4--            -33.612    -33.820     2.443E-34     1.513E-34     6.195E-01  Aqueous 
  ZnOH+                -11.708    -11.754     1.960E-12     1.763E-12     8.998E-01  Aqueous 
  ZnSO4(aq)             -6.112     -6.111     7.724E-07     7.743E-07     1.002E+00  Aqueous 
  Zn(OH)2(aq)          -16.682    -16.681     2.080E-17     2.085E-17     1.002E+00  Aqueous 
  Zn(SO4)2--            -7.655     -7.863     2.215E-08     1.372E-08     6.195E-01  Aqueous 
  Zn(OH)3-             -25.122    -25.168     7.552E-26     6.796E-26     8.998E-01  Aqueous 
  Zn(OH)4--            -34.771    -34.955     1.693E-35     1.110E-35     6.556E-01  Aqueous 
 
  ****** Partial pressure of gases (bars) *****
 
 
  ***** Saturation state of minerals (log[Q/K] *****
 
 
 
  ***** Volum of minerals added or subtracted *****
 
 
 **************************************************************
 ------> GRID LOCATION:    44:  1:  1
 
  Temperature (C)    =     25.000
  Porosity           =      0.250
  Liquid Saturation  =      1.000
  Liquid Density     =    997.075
  Ionic Strength     =      0.010
  Solution pH        =      3.013
  Total Charge       = -2.351E-06
 
 Total Aqueous Concentrations of Primary Species 
 --------------------------------------- 
 
   Species              Molality       Type 
 H+                   1.2884E-03     Aqueous      
 SO4--                3.6541E-03     Aqueous      
 Zn++                 3.1183E-06     Aqueous      
 Pb++                 1.8449E-06     Aqueous      
 Ca++                 3.6028E-09     Aqueous      
 Mg++                 3.6478E-04     Aqueous      
 K+                   5.2708E-05     Aqueous      
 Na+                  5.2253E-03     Aqueous      
 
 Exchangers           Equiv/kgw        Equiv/g solid    Equiv/m^3 bulk
 X-                   4.9623E-02       6.5970E-06       1.2369E+01
 Y-                   5.5136E-03       7.3300E-07       1.3744E+00
 
 Total Concentrations in Exchange Sites 
 -------------------------------------- 
 
 Exchangers           Equiv/kgw        Equiv/g solid    Equiv/m^3 bulk
 Zn++                 3.1003E-04       4.1216E-08       7.7280E-02
 Pb++                 2.4516E-04       3.2593E-08       6.1112E-02
 Ca++                 3.7120E-07       4.9348E-11       9.2528E-05
 Mg++                 2.2634E-02       3.0090E-06       5.6419E+00
 K+                   4.5486E-04       6.0470E-08       1.1338E-01
 Na+                  8.3029E-03       1.1038E-06       2.0697E+00
 
 Concentrations of Individual Species, Exchangers, and Surface Complexes 
 ----------------------------------------------------------------------- 
 
                           Log        Log                 Concentration     
 Species              Molality   Activity      Molality    Mol/m^3 blk  Type
  NaX                   -2.114     -0.810     7.688E-03     1.916E+00  Exchange
  NaY                   -3.211     -0.952     6.154E-04     1.534E-01  Exchange
  KX                    -3.414     -2.109     3.857E-04     9.615E-02  Exchange
  KY                    -4.160     -1.902     6.913E-05     1.723E-02  Exchange
  CaX2                  -6.489     -4.884     3.242E-07     8.082E-05  Exchange
  CaY2                  -7.328     -4.769     4.697E-08     1.171E-05  Exchange
  MgX2                  -1.693     -0.087     2.030E-02     5.060E+00  Exchange
  MgY2                  -2.632     -0.072     2.336E-03     5.822E-01  Exchange
  ZnX2                  -3.567     -1.962     2.708E-04     6.750E-02  Exchange
  ZnY2                  -4.406     -1.847     3.923E-05     9.779E-03  Exchange
  PbX2                  -3.687     -2.082     2.056E-04     5.126E-02  Exchange
  PbY2                  -4.403     -1.843     3.953E-05     9.854E-03  Exchange
                           Log        Log                                 Activity
 Species              Molality   Activity      Molality      Activity   Coefficient    Type
  H+                    -2.973     -3.013     1.064E-03     9.704E-04     9.121E-01  Aqueous 
  SO4--                 -2.484     -2.668     3.277E-03     2.148E-03     6.556E-01  Aqueous 
  Zn++                  -5.634     -5.807     2.324E-06     1.560E-06     6.712E-01  Aqueous 
  Pb++                  -5.992     -6.172     1.020E-06     6.725E-07     6.596E-01  Aqueous 
  Ca++                  -8.556     -8.729     2.782E-09     1.867E-09     6.712E-01  Aqueous 
  Mg++                  -3.568     -3.732     2.703E-04     1.853E-04     6.855E-01  Aqueous 
  K+                    -4.285     -4.332     5.192E-05     4.657E-05     8.969E-01  Aqueous 
  Na+                   -2.287     -2.332     5.170E-03     4.652E-03     8.998E-01  Aqueous 
  OH-                  -10.938    -10.985     1.152E-11     1.035E-11     8.984E-01  Aqueous 
  HSO4-                 -3.649     -3.694     2.245E-04     2.023E-04     9.012E-01  Aqueous 
  CaSO4(aq)             -9.089     -9.088     8.154E-10     8.173E-10     1.002E+00  Aqueous 
  CaOH+                -18.452    -18.496     3.529E-19     3.194E-19     9.051E-01  Aqueous 
  CaHSO4+              -11.290    -11.342     5.132E-12     4.553E-12     8.872E-01  Aqueous 
  KSO4-                 -6.106     -6.150     7.840E-07     7.084E-07     9.036E-01  Aqueous 
  KOH(aq)              -15.780    -15.779     1.660E-16     1.664E-16     1.002E+00  Aqueous 
  MgSO4(aq)             -4.025     -4.024     9.447E-05     9.470E-05     1.002E+00  Aqueous 
  MgOH+                -12.116    -12.159     7.649E-13     6.933E-13     9.064E-01  Aqueous 
  NaSO4-                -4.256     -4.300     5.544E-05     5.009E-05     9.036E-01  Aqueous 
  NaOH(aq)             -14.119    -14.118     7.604E-15     7.622E-15     1.002E+00  Aqueous 
  PbOH+                -10.823    -10.869     1.502E-11     1.351E-11     8.998E-01  Aqueous 
  PbSO4(aq)             -6.091     -6.090     8.106E-07     8.125E-07     1.002E+00  Aqueous 
  Pb(OH)2(aq)          -17.267    -17.266     5.405E-18     5.418E-18     1.002E+00  Aqueous 
  Pb(SO4)2--            -7.830     -8.038     1.479E-08     9.162E-09     6.195E-01  Aqueous 
  Pb(OH)3-             -25.147    -25.193     7.124E-26     6.410E-26     8.998E-01  Aqueous 
  Pb2OH+++             -15.291    -15.692     5.119E-16     2.034E-16     3.974E-01  Aqueous 
  Pb(OH)4--            -33.612    -33.820     2.443E-34     1.513E-34     6.195E-01  Aqueous 
  ZnOH+                -11.708    -11.754     1.960E-12     1.763E-12     8.998E-01  Aqueous 
  ZnSO4(aq)             -6.112     -6.111     7.723E-07     7.742E-07     1.002E+00  Aqueous 
  Zn(OH)2(aq)          -16.682    -16.681     2.080E-17     2.085E-17     1.002E+00  Aqueous 
  Zn(SO4)2--            -7.655     -7.863     2.215E-08     1.372E-08     6.195E-01  Aqueous 
  Zn(OH)3-             -25.122    -25.168     7.552E-26     6.795E-26     8.998E-01  Aqueous 
  Zn(OH)4--            -34.771    -34.955     1.693E-35     1.110E-35     6.556E-01  Aqueous 
 
  ****** Partial pressure of gases (bars) *****
 
 
  ***** Saturation state of minerals (log[Q/K] *****
 
 
 
  ***** Volum of minerals added or subtracted *****
 
 
 **************************************************************
 ------> GRID LOCATION:    45:  1:  1
 
  Temperature (C)    =     25.000
  Porosity           =      0.250
  Liquid Saturation  =      1.000
  Liquid Density     =    997.075
  Ionic Strength     =      0.010
  Solution pH        =      3.013
  Total Charge       = -2.351E-06
 
 Total Aqueous Concentrations of Primary Species 
 --------------------------------------- 
 
   Species              Molality       Type 
 H+                   1.2884E-03     Aqueous      
 SO4--                3.6541E-03     Aqueous      
 Zn++                 3.1180E-06     Aqueous      
 Pb++                 1.8447E-06     Aqueous      
 Ca++                 3.6024E-09     Aqueous      
 Mg++                 3.6474E-04     Aqueous      
 K+                   5.2706E-05     Aqueous      
 Na+                  5.2253E-03     Aqueous      
 
 Exchangers           Equiv/kgw        Equiv/g solid    Equiv/m^3 bulk
 X-                   4.9623E-02       6.5970E-06       1.2369E+01
 Y-                   5.5136E-03       7.3300E-07       1.3744E+00
 
 Total Concentrations in Exchange Sites 
 -------------------------------------- 
 
 Exchangers           Equiv/kgw        Equiv/g solid    Equiv/m^3 bulk
 Zn++                 3.1003E-04       4.1216E-08       7.7280E-02
 Pb++                 2.4516E-04       3.2593E-08       6.1111E-02
 Ca++                 3.7119E-07       4.9348E-11       9.2527E-05
 Mg++                 2.2633E-02       3.0090E-06       5.6418E+00
 K+                   4.5485E-04       6.0470E-08       1.1338E-01
 Na+                  8.3033E-03       1.1039E-06       2.0698E+00
 
 Concentrations of Individual Species, Exchangers, and Surface Complexes 
 ----------------------------------------------------------------------- 
 
                           Log        Log                 Concentration     
 Species              Molality   Activity      Molality    Mol/m^3 blk  Type
  NaX                   -2.114     -0.810     7.688E-03     1.916E+00  Exchange
  NaY                   -3.211     -0.952     6.154E-04     1.534E-01  Exchange
  KX                    -3.414     -2.109     3.857E-04     9.615E-02  Exchange
  KY                    -4.160     -1.902     6.913E-05     1.723E-02  Exchange
  CaX2                  -6.489     -4.884     3.242E-07     8.082E-05  Exchange
  CaY2                  -7.328     -4.769     4.697E-08     1.171E-05  Exchange
  MgX2                  -1.693     -0.087     2.030E-02     5.060E+00  Exchange
  MgY2                  -2.632     -0.072     2.336E-03     5.822E-01  Exchange
  ZnX2                  -3.567     -1.962     2.708E-04     6.750E-02  Exchange
  ZnY2                  -4.406     -1.847     3.923E-05     9.779E-03  Exchange
  PbX2                  -3.687     -2.082     2.056E-04     5.126E-02  Exchange
  PbY2                  -4.403     -1.843     3.953E-05     9.854E-03  Exchange
                           Log        Log                                 Activity
 Species              Molality   Activity      Molality      Activity   Coefficient    Type
  H+                    -2.973     -3.013     1.064E-03     9.704E-04     9.121E-01  Aqueous 
  SO4--                 -2.484     -2.668     3.277E-03     2.148E-03     6.556E-01  Aqueous 
  Zn++                  -5.634     -5.807     2.324E-06     1.560E-06     6.712E-01  Aqueous 
  Pb++                  -5.992     -6.172     1.019E-06     6.724E-07     6.596E-01  Aqueous 
  Ca++                  -8.556     -8.729     2.782E-09     1.867E-09     6.712E-01  Aqueous 
  Mg++                  -3.568     -3.732     2.703E-04     1.853E-04     6.855E-01  Aqueous 
  K+                    -4.285     -4.332     5.192E-05     4.657E-05     8.969E-01  Aqueous 
  Na+                   -2.287     -2.332     5.170E-03     4.652E-03     8.998E-01  Aqueous 
  OH-                  -10.938    -10.985     1.152E-11     1.035E-11     8.984E-01  Aqueous 
  HSO4-                 -3.649     -3.694     2.245E-04     2.023E-04     9.012E-01  Aqueous 
  CaSO4(aq)             -9.089     -9.088     8.153E-10     8.172E-10     1.002E+00  Aqueous 
  CaOH+                -18.452    -18.496     3.528E-19     3.194E-19     9.051E-01  Aqueous 
  CaHSO4+              -11.290    -11.342     5.132E-12     4.553E-12     8.872E-01  Aqueous 
  KSO4-                 -6.106     -6.150     7.839E-07     7.083E-07     9.036E-01  Aqueous 
  KOH(aq)              -15.780    -15.779     1.660E-16     1.664E-16     1.002E+00  Aqueous 
  MgSO4(aq)             -4.025     -4.024     9.446E-05     9.469E-05     1.002E+00  Aqueous 
  MgOH+                -12.116    -12.159     7.648E-13     6.932E-13     9.064E-01  Aqueous 
  NaSO4-                -4.256     -4.300     5.544E-05     5.009E-05     9.036E-01  Aqueous 
  NaOH(aq)             -14.119    -14.118     7.604E-15     7.622E-15     1.002E+00  Aqueous 
  PbOH+                -10.823    -10.869     1.502E-11     1.351E-11     8.998E-01  Aqueous 
  PbSO4(aq)             -6.091     -6.090     8.105E-07     8.124E-07     1.002E+00  Aqueous 
  Pb(OH)2(aq)          -17.267    -17.266     5.404E-18     5.417E-18     1.002E+00  Aqueous 
  Pb(SO4)2--            -7.830     -8.038     1.479E-08     9.161E-09     6.195E-01  Aqueous 
  Pb(OH)3-             -25.147    -25.193     7.123E-26     6.410E-26     8.998E-01  Aqueous 
  Pb2OH+++             -15.291    -15.692     5.118E-16     2.034E-16     3.974E-01  Aqueous 
  Pb(OH)4--            -33.612    -33.820     2.442E-34     1.513E-34     6.195E-01  Aqueous 
  ZnOH+                -11.708    -11.754     1.959E-12     1.763E-12     8.998E-01  Aqueous 
  ZnSO4(aq)             -6.112     -6.111     7.723E-07     7.741E-07     1.002E+00  Aqueous 
  Zn(OH)2(aq)          -16.682    -16.681     2.080E-17     2.085E-17     1.002E+00  Aqueous 
  Zn(SO4)2--            -7.655     -7.863     2.214E-08     1.372E-08     6.195E-01  Aqueous 
  Zn(OH)3-             -25.122    -25.168     7.551E-26     6.795E-26     8.998E-01  Aqueous 
  Zn(OH)4--            -34.771    -34.955     1.693E-35     1.110E-35     6.556E-01  Aqueous 
 
  ****** Partial pressure of gases (bars) *****
 
 
  ***** Saturation state of minerals (log[Q/K] *****
 
 
 
  ***** Volum of minerals added or subtracted *****
 
 
 **************************************************************
 ------> GRID LOCATION:    46:  1:  1
 
  Temperature (C)    =     25.000
  Porosity           =      0.250
  Liquid Saturation  =      1.000
  Liquid Density     =    997.075
  Ionic Strength     =      0.010
  Solution pH        =      3.013
  Total Charge       = -2.351E-06
 
 Total Aqueous Concentrations of Primary Species 
 --------------------------------------- 
 
   Species              Molality       Type 
 H+                   1.2884E-03     Aqueous      
 SO4--                3.6540E-03     Aqueous      
 Zn++                 3.1177E-06     Aqueous      
 Pb++                 1.8445E-06     Aqueous      
 Ca++                 3.6021E-09     Aqueous      
 Mg++                 3.6470E-04     Aqueous      
 K+                   5.2703E-05     Aqueous      
 Na+                  5.2253E-03     Aqueous      
 
 Exchangers           Equiv/kgw        Equiv/g solid    Equiv/m^3 bulk
 X-                   4.9623E-02       6.5970E-06       1.2369E+01
 Y-                   5.5136E-03       7.3300E-07       1.3744E+00
 
 Total Concentrations in Exchange Sites 
 -------------------------------------- 
 
 Exchangers           Equiv/kgw        Equiv/g solid    Equiv/m^3 bulk
 Zn++                 3.1003E-04       4.1216E-08       7.7280E-02
 Pb++                 2.4516E-04       3.2593E-08       6.1111E-02
 Ca++                 3.7119E-07       4.9348E-11       9.2527E-05
 Mg++                 2.2633E-02       3.0089E-06       5.6418E+00
 K+                   4.5485E-04       6.0470E-08       1.1338E-01
 Na+                  8.3037E-03       1.1039E-06       2.0698E+00
 
 Concentrations of Individual Species, Exchangers, and Surface Complexes 
 ----------------------------------------------------------------------- 
 
                           Log        Log                 Concentration     
 Species              Molality   Activity      Molality    Mol/m^3 blk  Type
  NaX                   -2.114     -0.810     7.688E-03     1.916E+00  Exchange
  NaY                   -3.211     -0.952     6.154E-04     1.534E-01  Exchange
  KX                    -3.414     -2.109     3.857E-04     9.615E-02  Exchange
  KY                    -4.160     -1.902     6.913E-05     1.723E-02  Exchange
  CaX2                  -6.489     -4.884     3.242E-07     8.082E-05  Exchange
  CaY2                  -7.328     -4.769     4.697E-08     1.171E-05  Exchange
  MgX2                  -1.693     -0.087     2.030E-02     5.060E+00  Exchange
  MgY2                  -2.632     -0.072     2.336E-03     5.822E-01  Exchange
  ZnX2                  -3.567     -1.962     2.708E-04     6.750E-02  Exchange
  ZnY2                  -4.406     -1.847     3.923E-05     9.779E-03  Exchange
  PbX2                  -3.687     -2.082     2.056E-04     5.126E-02  Exchange
  PbY2                  -4.403     -1.843     3.953E-05     9.854E-03  Exchange
                           Log        Log                                 Activity
 Species              Molality   Activity      Molality      Activity   Coefficient    Type
  H+                    -2.973     -3.013     1.064E-03     9.704E-04     9.121E-01  Aqueous 
  SO4--                 -2.484     -2.668     3.277E-03     2.148E-03     6.556E-01  Aqueous 
  Zn++                  -5.634     -5.807     2.323E-06     1.559E-06     6.712E-01  Aqueous 
  Pb++                  -5.992     -6.172     1.019E-06     6.724E-07     6.596E-01  Aqueous 
  Ca++                  -8.556     -8.729     2.782E-09     1.867E-09     6.712E-01  Aqueous 
  Mg++                  -3.568     -3.732     2.703E-04     1.853E-04     6.855E-01  Aqueous 
  K+                    -4.285     -4.332     5.192E-05     4.657E-05     8.969E-01  Aqueous 
  Na+                   -2.287     -2.332     5.170E-03     4.652E-03     8.998E-01  Aqueous 
  OH-                  -10.938    -10.985     1.152E-11     1.035E-11     8.984E-01  Aqueous 
  HSO4-                 -3.649     -3.694     2.245E-04     2.023E-04     9.012E-01  Aqueous 
  CaSO4(aq)             -9.089     -9.088     8.152E-10     8.171E-10     1.002E+00  Aqueous 
  CaOH+                -18.452    -18.496     3.528E-19     3.193E-19     9.051E-01  Aqueous 
  CaHSO4+              -11.290    -11.342     5.131E-12     4.552E-12     8.872E-01  Aqueous 
  KSO4-                 -6.106     -6.150     7.839E-07     7.083E-07     9.036E-01  Aqueous 
  KOH(aq)              -15.780    -15.779     1.660E-16     1.664E-16     1.002E+00  Aqueous 
  MgSO4(aq)             -4.025     -4.024     9.445E-05     9.468E-05     1.002E+00  Aqueous 
  MgOH+                -12.116    -12.159     7.648E-13     6.932E-13     9.064E-01  Aqueous 
  NaSO4-                -4.256     -4.300     5.544E-05     5.009E-05     9.036E-01  Aqueous 
  NaOH(aq)             -14.119    -14.118     7.604E-15     7.622E-15     1.002E+00  Aqueous 
  PbOH+                -10.823    -10.869     1.501E-11     1.351E-11     8.998E-01  Aqueous 
  PbSO4(aq)             -6.091     -6.090     8.104E-07     8.123E-07     1.002E+00  Aqueous 
  Pb(OH)2(aq)          -17.267    -17.266     5.404E-18     5.417E-18     1.002E+00  Aqueous 
  Pb(SO4)2--            -7.830     -8.038     1.478E-08     9.159E-09     6.195E-01  Aqueous 
  Pb(OH)3-             -25.147    -25.193     7.123E-26     6.409E-26     8.998E-01  Aqueous 
  Pb2OH+++             -15.291    -15.692     5.117E-16     2.034E-16     3.974E-01  Aqueous 
  Pb(OH)4--            -33.612    -33.820     2.442E-34     1.513E-34     6.195E-01  Aqueous 
  ZnOH+                -11.708    -11.754     1.959E-12     1.763E-12     8.998E-01  Aqueous 
  ZnSO4(aq)             -6.112     -6.111     7.722E-07     7.740E-07     1.002E+00  Aqueous 
  Zn(OH)2(aq)          -16.682    -16.681     2.080E-17     2.085E-17     1.002E+00  Aqueous 
  Zn(SO4)2--            -7.655     -7.863     2.214E-08     1.372E-08     6.195E-01  Aqueous 
  Zn(OH)3-             -25.122    -25.168     7.551E-26     6.795E-26     8.998E-01  Aqueous 
  Zn(OH)4--            -34.771    -34.955     1.693E-35     1.110E-35     6.556E-01  Aqueous 
 
  ****** Partial pressure of gases (bars) *****
 
 
  ***** Saturation state of minerals (log[Q/K] *****
 
 
 
  ***** Volum of minerals added or subtracted *****
 
 
 **************************************************************
 ------> GRID LOCATION:    47:  1:  1
 
  Temperature (C)    =     25.000
  Porosity           =      0.250
  Liquid Saturation  =      1.000
  Liquid Density     =    997.075
  Ionic Strength     =      0.010
  Solution pH        =      3.013
  Total Charge       = -2.351E-06
 
 Total Aqueous Concentrations of Primary Species 
 --------------------------------------- 
 
   Species              Molality       Type 
 H+                   1.2883E-03     Aqueous      
 SO4--                3.6539E-03     Aqueous      
 Zn++                 3.1173E-06     Aqueous      
 Pb++                 1.8443E-06     Aqueous      
 Ca++                 3.6016E-09     Aqueous      
 Mg++                 3.6465E-04     Aqueous      
 K+                   5.2700E-05     Aqueous      
 Na+                  5.2252E-03     Aqueous      
 
 Exchangers           Equiv/kgw        Equiv/g solid    Equiv/m^3 bulk
 X-                   4.9623E-02       6.5970E-06       1.2369E+01
 Y-                   5.5136E-03       7.3300E-07       1.3744E+00
 
 Total Concentrations in Exchange Sites 
 -------------------------------------- 
 
 Exchangers           Equiv/kgw        Equiv/g solid    Equiv/m^3 bulk
 Zn++                 3.1002E-04       4.1216E-08       7.7279E-02
 Pb++                 2.4516E-04       3.2592E-08       6.1111E-02
 Ca++                 3.7119E-07       4.9347E-11       9.2526E-05
 Mg++                 2.2633E-02       3.0089E-06       5.6417E+00
 K+                   4.5485E-04       6.0470E-08       1.1338E-01
 Na+                  8.3040E-03       1.1040E-06       2.0699E+00
 
 Concentrations of Individual Species, Exchangers, and Surface Complexes 
 ----------------------------------------------------------------------- 
 
                           Log        Log                 Concentration     
 Species              Molality   Activity      Molality    Mol/m^3 blk  Type
  NaX                   -2.114     -0.810     7.689E-03     1.917E+00  Exchange
  NaY                   -3.211     -0.952     6.155E-04     1.534E-01  Exchange
  KX                    -3.414     -2.109     3.857E-04     9.615E-02  Exchange
  KY                    -4.160     -1.902     6.913E-05     1.723E-02  Exchange
  CaX2                  -6.489     -4.884     3.242E-07     8.082E-05  Exchange
  CaY2                  -7.328     -4.769     4.697E-08     1.171E-05  Exchange
  MgX2                  -1.693     -0.087     2.030E-02     5.060E+00  Exchange
  MgY2                  -2.632     -0.072     2.336E-03     5.822E-01  Exchange
  ZnX2                  -3.567     -1.962     2.708E-04     6.750E-02  Exchange
  ZnY2                  -4.406     -1.847     3.923E-05     9.779E-03  Exchange
  PbX2                  -3.687     -2.082     2.056E-04     5.126E-02  Exchange
  PbY2                  -4.403     -1.843     3.953E-05     9.854E-03  Exchange
                           Log        Log                                 Activity
 Species              Molality   Activity      Molality      Activity   Coefficient    Type
  H+                    -2.973     -3.013     1.064E-03     9.703E-04     9.121E-01  Aqueous 
  SO4--                 -2.485     -2.668     3.277E-03     2.148E-03     6.556E-01  Aqueous 
  Zn++                  -5.634     -5.807     2.323E-06     1.559E-06     6.712E-01  Aqueous 
  Pb++                  -5.992     -6.172     1.019E-06     6.723E-07     6.596E-01  Aqueous 
  Ca++                  -8.556     -8.729     2.781E-09     1.867E-09     6.712E-01  Aqueous 
  Mg++                  -3.568     -3.732     2.702E-04     1.852E-04     6.855E-01  Aqueous 
  K+                    -4.285     -4.332     5.192E-05     4.657E-05     8.969E-01  Aqueous 
  Na+                   -2.287     -2.332     5.170E-03     4.652E-03     8.998E-01  Aqueous 
  OH-                  -10.938    -10.985     1.152E-11     1.035E-11     8.984E-01  Aqueous 
  HSO4-                 -3.649     -3.694     2.245E-04     2.023E-04     9.012E-01  Aqueous 
  CaSO4(aq)             -9.089     -9.088     8.151E-10     8.170E-10     1.002E+00  Aqueous 
  CaOH+                -18.453    -18.496     3.528E-19     3.193E-19     9.051E-01  Aqueous 
  CaHSO4+              -11.290    -11.342     5.130E-12     4.552E-12     8.872E-01  Aqueous 
  KSO4-                 -6.106     -6.150     7.838E-07     7.082E-07     9.036E-01  Aqueous 
  KOH(aq)              -15.780    -15.779     1.660E-16     1.664E-16     1.002E+00  Aqueous 
  MgSO4(aq)             -4.025     -4.024     9.444E-05     9.466E-05     1.002E+00  Aqueous 
  MgOH+                -12.117    -12.159     7.647E-13     6.931E-13     9.064E-01  Aqueous 
  NaSO4-                -4.256     -4.300     5.543E-05     5.009E-05     9.036E-01  Aqueous 
  NaOH(aq)             -14.119    -14.118     7.604E-15     7.622E-15     1.002E+00  Aqueous 
  PbOH+                -10.824    -10.869     1.501E-11     1.351E-11     8.998E-01  Aqueous 
  PbSO4(aq)             -6.091     -6.090     8.103E-07     8.122E-07     1.002E+00  Aqueous 
  Pb(OH)2(aq)          -17.267    -17.266     5.404E-18     5.417E-18     1.002E+00  Aqueous 
  Pb(SO4)2--            -7.830     -8.038     1.478E-08     9.158E-09     6.195E-01  Aqueous 
  Pb(OH)3-             -25.147    -25.193     7.123E-26     6.409E-26     8.998E-01  Aqueous 
  Pb2OH+++             -15.291    -15.692     5.116E-16     2.033E-16     3.974E-01  Aqueous 
  Pb(OH)4--            -33.612    -33.820     2.442E-34     1.513E-34     6.195E-01  Aqueous 
  ZnOH+                -11.708    -11.754     1.959E-12     1.763E-12     8.998E-01  Aqueous 
  ZnSO4(aq)             -6.112     -6.111     7.721E-07     7.739E-07     1.002E+00  Aqueous 
  Zn(OH)2(aq)          -16.682    -16.681     2.080E-17     2.085E-17     1.002E+00  Aqueous 
  Zn(SO4)2--            -7.655     -7.863     2.214E-08     1.371E-08     6.195E-01  Aqueous 
  Zn(OH)3-             -25.122    -25.168     7.551E-26     6.794E-26     8.998E-01  Aqueous 
  Zn(OH)4--            -34.771    -34.955     1.693E-35     1.110E-35     6.556E-01  Aqueous 
 
  ****** Partial pressure of gases (bars) *****
 
 
  ***** Saturation state of minerals (log[Q/K] *****
 
 
 
  ***** Volum of minerals added or subtracted *****
 
 
 **************************************************************
 ------> GRID LOCATION:    48:  1:  1
 
  Temperature (C)    =     25.000
  Porosity           =      0.250
  Liquid Saturation  =      1.000
  Liquid Density     =    997.075
  Ionic Strength     =      0.010
  Solution pH        =      3.013
  Total Charge       = -2.351E-06
 
 Total Aqueous Concentrations of Primary Species 
 --------------------------------------- 
 
   Species              Molality       Type 
 H+                   1.2882E-03     Aqueous      
 SO4--                3.6537E-03     Aqueous      
 Zn++                 3.1168E-06     Aqueous      
 Pb++                 1.8440E-06     Aqueous      
 Ca++                 3.6011E-09     Aqueous      
 Mg++                 3.6460E-04     Aqueous      
 K+                   5.2696E-05     Aqueous      
 Na+                  5.2251E-03     Aqueous      
 
 Exchangers           Equiv/kgw        Equiv/g solid    Equiv/m^3 bulk
 X-                   4.9623E-02       6.5970E-06       1.2369E+01
 Y-                   5.5136E-03       7.3300E-07       1.3744E+00
 
 Total Concentrations in Exchange Sites 
 -------------------------------------- 
 
 Exchangers           Equiv/kgw        Equiv/g solid    Equiv/m^3 bulk
 Zn++                 3.1002E-04       4.1215E-08       7.7279E-02
 Pb++                 2.4516E-04       3.2592E-08       6.1111E-02
 Ca++                 3.7119E-07       4.9347E-11       9.2526E-05
 Mg++                 2.2633E-02       3.0089E-06       5.6417E+00
 K+                   4.5485E-04       6.0470E-08       1.1338E-01
 Na+                  8.3043E-03       1.1040E-06       2.0700E+00
 
 Concentrations of Individual Species, Exchangers, and Surface Complexes 
 ----------------------------------------------------------------------- 
 
                           Log        Log                 Concentration     
 Species              Molality   Activity      Molality    Mol/m^3 blk  Type
  NaX                   -2.114     -0.810     7.689E-03     1.917E+00  Exchange
  NaY                   -3.211     -0.952     6.155E-04     1.534E-01  Exchange
  KX                    -3.414     -2.109     3.857E-04     9.615E-02  Exchange
  KY                    -4.160     -1.902     6.913E-05     1.723E-02  Exchange
  CaX2                  -6.489     -4.884     3.242E-07     8.082E-05  Exchange
  CaY2                  -7.328     -4.769     4.697E-08     1.171E-05  Exchange
  MgX2                  -1.693     -0.087     2.030E-02     5.059E+00  Exchange
  MgY2                  -2.632     -0.072     2.336E-03     5.822E-01  Exchange
  ZnX2                  -3.567     -1.962     2.708E-04     6.750E-02  Exchange
  ZnY2                  -4.406     -1.847     3.923E-05     9.779E-03  Exchange
  PbX2                  -3.687     -2.082     2.056E-04     5.126E-02  Exchange
  PbY2                  -4.403     -1.843     3.953E-05     9.854E-03  Exchange
                           Log        Log                                 Activity
 Species              Molality   Activity      Molality      Activity   Coefficient    Type
  H+                    -2.973     -3.013     1.064E-03     9.703E-04     9.121E-01  Aqueous 
  SO4--                 -2.485     -2.668     3.277E-03     2.148E-03     6.556E-01  Aqueous 
  Zn++                  -5.634     -5.807     2.323E-06     1.559E-06     6.712E-01  Aqueous 
  Pb++                  -5.992     -6.172     1.019E-06     6.722E-07     6.596E-01  Aqueous 
  Ca++                  -8.556     -8.729     2.781E-09     1.867E-09     6.712E-01  Aqueous 
  Mg++                  -3.568     -3.732     2.702E-04     1.852E-04     6.855E-01  Aqueous 
  K+                    -4.285     -4.332     5.191E-05     4.656E-05     8.969E-01  Aqueous 
  Na+                   -2.287     -2.332     5.170E-03     4.652E-03     8.998E-01  Aqueous 
  OH-                  -10.938    -10.985     1.152E-11     1.035E-11     8.984E-01  Aqueous 
  HSO4-                 -3.649     -3.694     2.245E-04     2.023E-04     9.012E-01  Aqueous 
  CaSO4(aq)             -9.089     -9.088     8.149E-10     8.169E-10     1.002E+00  Aqueous 
  CaOH+                -18.453    -18.496     3.527E-19     3.193E-19     9.051E-01  Aqueous 
  CaHSO4+              -11.290    -11.342     5.129E-12     4.551E-12     8.872E-01  Aqueous 
  KSO4-                 -6.106     -6.150     7.837E-07     7.082E-07     9.036E-01  Aqueous 
  KOH(aq)              -15.780    -15.779     1.660E-16     1.664E-16     1.002E+00  Aqueous 
  MgSO4(aq)             -4.025     -4.024     9.442E-05     9.465E-05     1.002E+00  Aqueous 
  MgOH+                -12.117    -12.159     7.646E-13     6.930E-13     9.064E-01  Aqueous 
  NaSO4-                -4.256     -4.300     5.543E-05     5.009E-05     9.036E-01  Aqueous 
  NaOH(aq)             -14.119    -14.118     7.604E-15     7.622E-15     1.002E+00  Aqueous 
  PbOH+                -10.824    -10.869     1.501E-11     1.351E-11     8.998E-01  Aqueous 
  PbSO4(aq)             -6.091     -6.090     8.101E-07     8.121E-07     1.002E+00  Aqueous 
  Pb(OH)2(aq)          -17.267    -17.266     5.403E-18     5.416E-18     1.002E+00  Aqueous 
  Pb(SO4)2--            -7.830     -8.038     1.478E-08     9.156E-09     6.195E-01  Aqueous 
  Pb(OH)3-             -25.147    -25.193     7.123E-26     6.409E-26     8.998E-01  Aqueous 
  Pb2OH+++             -15.291    -15.692     5.115E-16     2.033E-16     3.974E-01  Aqueous 
  Pb(OH)4--            -33.612    -33.820     2.443E-34     1.513E-34     6.195E-01  Aqueous 
  ZnOH+                -11.708    -11.754     1.959E-12     1.763E-12     8.998E-01  Aqueous 
  ZnSO4(aq)             -6.112     -6.111     7.719E-07     7.738E-07     1.002E+00  Aqueous 
  Zn(OH)2(aq)          -16.682    -16.681     2.080E-17     2.085E-17     1.002E+00  Aqueous 
  Zn(SO4)2--            -7.655     -7.863     2.213E-08     1.371E-08     6.195E-01  Aqueous 
  Zn(OH)3-             -25.122    -25.168     7.551E-26     6.795E-26     8.998E-01  Aqueous 
  Zn(OH)4--            -34.771    -34.955     1.693E-35     1.110E-35     6.556E-01  Aqueous 
 
  ****** Partial pressure of gases (bars) *****
 
 
  ***** Saturation state of minerals (log[Q/K] *****
 
 
 
  ***** Volum of minerals added or subtracted *****
 
 
 **************************************************************
 ------> GRID LOCATION:    49:  1:  1
 
  Temperature (C)    =     25.000
  Porosity           =      0.250
  Liquid Saturation  =      1.000
  Liquid Density     =    997.075
  Ionic Strength     =      0.010
  Solution pH        =      3.013
  Total Charge       = -2.351E-06
 
 Total Aqueous Concentrations of Primary Species 
 --------------------------------------- 
 
   Species              Molality       Type 
 H+                   1.2881E-03     Aqueous      
 SO4--                3.6534E-03     Aqueous      
 Zn++                 3.1161E-06     Aqueous      
 Pb++                 1.8436E-06     Aqueous      
 Ca++                 3.6003E-09     Aqueous      
 Mg++                 3.6452E-04     Aqueous      
 K+                   5.2691E-05     Aqueous      
 Na+                  5.2248E-03     Aqueous      
 
 Exchangers           Equiv/kgw        Equiv/g solid    Equiv/m^3 bulk
 X-                   4.9623E-02       6.5970E-06       1.2369E+01
 Y-                   5.5136E-03       7.3300E-07       1.3744E+00
 
 Total Concentrations in Exchange Sites 
 -------------------------------------- 
 
 Exchangers           Equiv/kgw        Equiv/g solid    Equiv/m^3 bulk
 Zn++                 3.1002E-04       4.1215E-08       7.7279E-02
 Pb++                 2.4516E-04       3.2592E-08       6.1110E-02
 Ca++                 3.7119E-07       4.9347E-11       9.2526E-05
 Mg++                 2.2633E-02       3.0089E-06       5.6417E+00
 K+                   4.5485E-04       6.0470E-08       1.1338E-01
 Na+                  8.3047E-03       1.1040E-06       2.0701E+00
 
 Concentrations of Individual Species, Exchangers, and Surface Complexes 
 ----------------------------------------------------------------------- 
 
                           Log        Log                 Concentration     
 Species              Molality   Activity      Molality    Mol/m^3 blk  Type
  NaX                   -2.114     -0.810     7.689E-03     1.917E+00  Exchange
  NaY                   -3.211     -0.952     6.155E-04     1.534E-01  Exchange
  KX                    -3.414     -2.109     3.857E-04     9.615E-02  Exchange
  KY                    -4.160     -1.902     6.913E-05     1.723E-02  Exchange
  CaX2                  -6.489     -4.884     3.242E-07     8.082E-05  Exchange
  CaY2                  -7.328     -4.769     4.697E-08     1.171E-05  Exchange
  MgX2                  -1.693     -0.087     2.030E-02     5.059E+00  Exchange
  MgY2                  -2.632     -0.072     2.336E-03     5.822E-01  Exchange
  ZnX2                  -3.567     -1.962     2.708E-04     6.750E-02  Exchange
  ZnY2                  -4.406     -1.847     3.923E-05     9.779E-03  Exchange
  PbX2                  -3.687     -2.082     2.056E-04     5.126E-02  Exchange
  PbY2                  -4.403     -1.843     3.953E-05     9.854E-03  Exchange
                           Log        Log                                 Activity
 Species              Molality   Activity      Molality      Activity   Coefficient    Type
  H+                    -2.973     -3.013     1.064E-03     9.702E-04     9.121E-01  Aqueous 
  SO4--                 -2.485     -2.668     3.277E-03     2.148E-03     6.556E-01  Aqueous 
  Zn++                  -5.634     -5.807     2.322E-06     1.559E-06     6.712E-01  Aqueous 
  Pb++                  -5.992     -6.173     1.019E-06     6.721E-07     6.596E-01  Aqueous 
  Ca++                  -8.556     -8.729     2.780E-09     1.866E-09     6.712E-01  Aqueous 
  Mg++                  -3.568     -3.732     2.701E-04     1.852E-04     6.855E-01  Aqueous 
  K+                    -4.285     -4.332     5.191E-05     4.656E-05     8.969E-01  Aqueous 
  Na+                   -2.287     -2.332     5.169E-03     4.652E-03     8.998E-01  Aqueous 
  OH-                  -10.938    -10.985     1.153E-11     1.035E-11     8.984E-01  Aqueous 
  HSO4-                 -3.649     -3.694     2.244E-04     2.023E-04     9.012E-01  Aqueous 
  CaSO4(aq)             -9.089     -9.088     8.147E-10     8.167E-10     1.002E+00  Aqueous 
  CaOH+                -18.453    -18.496     3.527E-19     3.192E-19     9.051E-01  Aqueous 
  CaHSO4+              -11.290    -11.342     5.128E-12     4.549E-12     8.872E-01  Aqueous 
  KSO4-                 -6.106     -6.150     7.836E-07     7.081E-07     9.036E-01  Aqueous 
  KOH(aq)              -15.780    -15.779     1.660E-16     1.664E-16     1.002E+00  Aqueous 
  MgSO4(aq)             -4.025     -4.024     9.440E-05     9.462E-05     1.002E+00  Aqueous 
  MgOH+                -12.117    -12.159     7.645E-13     6.930E-13     9.064E-01  Aqueous 
  NaSO4-                -4.256     -4.300     5.542E-05     5.008E-05     9.036E-01  Aqueous 
  NaOH(aq)             -14.119    -14.118     7.604E-15     7.623E-15     1.002E+00  Aqueous 
  PbOH+                -10.824    -10.869     1.501E-11     1.351E-11     8.998E-01  Aqueous 
  PbSO4(aq)             -6.092     -6.090     8.100E-07     8.119E-07     1.002E+00  Aqueous 
  Pb(OH)2(aq)          -17.267    -17.266     5.403E-18     5.416E-18     1.002E+00  Aqueous 
  Pb(SO4)2--            -7.830     -8.038     1.477E-08     9.153E-09     6.195E-01  Aqueous 
  Pb(OH)3-             -25.147    -25.193     7.123E-26     6.410E-26     8.998E-01  Aqueous 
  Pb2OH+++             -15.291    -15.692     5.113E-16     2.032E-16     3.974E-01  Aqueous 
  Pb(OH)4--            -33.612    -33.820     2.443E-34     1.513E-34     6.195E-01  Aqueous 
  ZnOH+                -11.708    -11.754     1.959E-12     1.762E-12     8.998E-01  Aqueous 
  ZnSO4(aq)             -6.113     -6.111     7.717E-07     7.736E-07     1.002E+00  Aqueous 
  Zn(OH)2(aq)          -16.682    -16.681     2.080E-17     2.085E-17     1.002E+00  Aqueous 
  Zn(SO4)2--            -7.655     -7.863     2.212E-08     1.371E-08     6.195E-01  Aqueous 
  Zn(OH)3-             -25.122    -25.168     7.551E-26     6.795E-26     8.998E-01  Aqueous 
  Zn(OH)4--            -34.771    -34.955     1.693E-35     1.110E-35     6.556E-01  Aqueous 
 
  ****** Partial pressure of gases (bars) *****
 
 
  ***** Saturation state of minerals (log[Q/K] *****
 
 
 
  ***** Volum of minerals added or subtracted *****
 
 
 **************************************************************
 ------> GRID LOCATION:    50:  1:  1
 
  Temperature (C)    =     25.000
  Porosity           =      0.250
  Liquid Saturation  =      1.000
  Liquid Density     =    997.075
  Ionic Strength     =      0.010
  Solution pH        =      3.013
  Total Charge       = -2.350E-06
 
 Total Aqueous Concentrations of Primary Species 
 --------------------------------------- 
 
   Species              Molality       Type 
 H+                   1.2879E-03     Aqueous      
 SO4--                3.6530E-03     Aqueous      
 Zn++                 3.1152E-06     Aqueous      
 Pb++                 1.8430E-06     Aqueous      
 Ca++                 3.5993E-09     Aqueous      
 Mg++                 3.6442E-04     Aqueous      
 K+                   5.2684E-05     Aqueous      
 Na+                  5.2243E-03     Aqueous      
 
 Exchangers           Equiv/kgw        Equiv/g solid    Equiv/m^3 bulk
 X-                   4.9623E-02       6.5970E-06       1.2369E+01
 Y-                   5.5136E-03       7.3300E-07       1.3744E+00
 
 Total Concentrations in Exchange Sites 
 -------------------------------------- 
 
 Exchangers           Equiv/kgw        Equiv/g solid    Equiv/m^3 bulk
 Zn++                 3.1002E-04       4.1215E-08       7.7278E-02
 Pb++                 2.4516E-04       3.2592E-08       6.1110E-02
 Ca++                 3.7119E-07       4.9347E-11       9.2525E-05
 Mg++                 2.2633E-02       3.0089E-06       5.6416E+00
 K+                   4.5485E-04       6.0470E-08       1.1338E-01
 Na+                  8.3050E-03       1.1041E-06       2.0702E+00
 
 Concentrations of Individual Species, Exchangers, and Surface Complexes 
 ----------------------------------------------------------------------- 
 
                           Log        Log                 Concentration     
 Species              Molality   Activity      Molality    Mol/m^3 blk  Type
  NaX                   -2.114     -0.810     7.689E-03     1.917E+00  Exchange
  NaY                   -3.211     -0.952     6.155E-04     1.534E-01  Exchange
  KX                    -3.414     -2.109     3.857E-04     9.615E-02  Exchange
  KY                    -4.160     -1.902     6.913E-05     1.723E-02  Exchange
  CaX2                  -6.489     -4.884     3.242E-07     8.082E-05  Exchange
  CaY2                  -7.328     -4.769     4.697E-08     1.171E-05  Exchange
  MgX2                  -1.693     -0.087     2.030E-02     5.059E+00  Exchange
  MgY2                  -2.632     -0.072     2.336E-03     5.822E-01  Exchange
  ZnX2                  -3.567     -1.962     2.708E-04     6.750E-02  Exchange
  ZnY2                  -4.406     -1.847     3.923E-05     9.779E-03  Exchange
  PbX2                  -3.687     -2.082     2.056E-04     5.126E-02  Exchange
  PbY2                  -4.403     -1.843     3.953E-05     9.854E-03  Exchange
                           Log        Log                                 Activity
 Species              Molality   Activity      Molality      Activity   Coefficient    Type
  H+                    -2.973     -3.013     1.064E-03     9.701E-04     9.121E-01  Aqueous 
  SO4--                 -2.485     -2.668     3.276E-03     2.148E-03     6.556E-01  Aqueous 
  Zn++                  -5.634     -5.807     2.322E-06     1.558E-06     6.712E-01  Aqueous 
  Pb++                  -5.992     -6.173     1.019E-06     6.719E-07     6.597E-01  Aqueous 
  Ca++                  -8.556     -8.729     2.780E-09     1.866E-09     6.712E-01  Aqueous 
  Mg++                  -3.569     -3.733     2.701E-04     1.851E-04     6.855E-01  Aqueous 
  K+                    -4.285     -4.332     5.190E-05     4.655E-05     8.969E-01  Aqueous 
  Na+                   -2.287     -2.332     5.169E-03     4.651E-03     8.998E-01  Aqueous 
  OH-                  -10.938    -10.985     1.153E-11     1.036E-11     8.984E-01  Aqueous 
  HSO4-                 -3.649     -3.694     2.244E-04     2.022E-04     9.012E-01  Aqueous 
  CaSO4(aq)             -9.089     -9.088     8.145E-10     8.164E-10     1.002E+00  Aqueous 
  CaOH+                -18.453    -18.496     3.526E-19     3.192E-19     9.051E-01  Aqueous 
  CaHSO4+              -11.290    -11.342     5.125E-12     4.547E-12     8.872E-01  Aqueous 
  KSO4-                 -6.106     -6.150     7.834E-07     7.079E-07     9.036E-01  Aqueous 
  KOH(aq)              -15.780    -15.779     1.660E-16     1.664E-16     1.002E+00  Aqueous 
  MgSO4(aq)             -4.025     -4.024     9.436E-05     9.459E-05     1.002E+00  Aqueous 
  MgOH+                -12.117    -12.159     7.644E-13     6.929E-13     9.064E-01  Aqueous 
  NaSO4-                -4.256     -4.300     5.541E-05     5.007E-05     9.036E-01  Aqueous 
  NaOH(aq)             -14.119    -14.118     7.605E-15     7.623E-15     1.002E+00  Aqueous 
  PbOH+                -10.824    -10.869     1.501E-11     1.351E-11     8.998E-01  Aqueous 
  PbSO4(aq)             -6.092     -6.091     8.097E-07     8.116E-07     1.002E+00  Aqueous 
  Pb(OH)2(aq)          -17.267    -17.266     5.403E-18     5.416E-18     1.002E+00  Aqueous 
  Pb(SO4)2--            -7.831     -8.039     1.477E-08     9.150E-09     6.196E-01  Aqueous 
  Pb(OH)3-             -25.147    -25.193     7.124E-26     6.410E-26     8.998E-01  Aqueous 
  Pb2OH+++             -15.291    -15.692     5.111E-16     2.031E-16     3.975E-01  Aqueous 
  Pb(OH)4--            -33.612    -33.820     2.443E-34     1.514E-34     6.196E-01  Aqueous 
  ZnOH+                -11.708    -11.754     1.958E-12     1.762E-12     8.998E-01  Aqueous 
  ZnSO4(aq)             -6.113     -6.112     7.715E-07     7.733E-07     1.002E+00  Aqueous 
  Zn(OH)2(aq)          -16.682    -16.681     2.080E-17     2.085E-17     1.002E+00  Aqueous 
  Zn(SO4)2--            -7.655     -7.863     2.211E-08     1.370E-08     6.196E-01  Aqueous 
  Zn(OH)3-             -25.122    -25.168     7.552E-26     6.796E-26     8.998E-01  Aqueous 
  Zn(OH)4--            -34.771    -34.955     1.693E-35     1.110E-35     6.556E-01  Aqueous 
 
  ****** Partial pressure of gases (bars) *****
 
 
  ***** Saturation state of minerals (log[Q/K] *****
 
 
 
  ***** Volum of minerals added or subtracted *****
 
 
 **************************************************************
 ------> GRID LOCATION:    51:  1:  1
 
  Temperature (C)    =     25.000
  Porosity           =      0.250
  Liquid Saturation  =      1.000
  Liquid Density     =    997.075
  Ionic Strength     =      0.010
  Solution pH        =      3.013
  Total Charge       = -2.350E-06
 
 Total Aqueous Concentrations of Primary Species 
 --------------------------------------- 
 
   Species              Molality       Type 
 H+                   1.2877E-03     Aqueous      
 SO4--                3.6523E-03     Aqueous      
 Zn++                 3.1141E-06     Aqueous      
 Pb++                 1.8423E-06     Aqueous      
 Ca++                 3.5980E-09     Aqueous      
 Mg++                 3.6428E-04     Aqueous      
 K+                   5.2674E-05     Aqueous      
 Na+                  5.2235E-03     Aqueous      
 
 Exchangers           Equiv/kgw        Equiv/g solid    Equiv/m^3 bulk
 X-                   2.2055E-02       2.9320E-06       5.4975E+00
 Y-                   3.3082E-02       4.3980E-06       8.2462E+00
 
 Total Concentrations in Exchange Sites 
 -------------------------------------- 
 
 Exchangers           Equiv/kgw        Equiv/g solid    Equiv/m^3 bulk
 Zn++                 3.5573E-04       4.7292E-08       8.8672E-02
 Pb++                 3.2858E-04       4.3682E-08       8.1904E-02
 Ca++                 4.2591E-07       5.6622E-11       1.0617E-04
 Mg++                 2.3035E-02       3.0623E-06       5.7419E+00
 K+                   5.8618E-04       7.7929E-08       1.4612E-01
 Na+                  7.1110E-03       9.4535E-07       1.7725E+00
 
 Concentrations of Individual Species, Exchangers, and Surface Complexes 
 ----------------------------------------------------------------------- 
 
                           Log        Log                 Concentration     
 Species              Molality   Activity      Molality    Mol/m^3 blk  Type
  NaX                   -2.466     -0.810     3.418E-03     8.519E-01  Exchange
  NaY                   -2.433     -0.952     3.693E-03     9.206E-01  Exchange
  KX                    -3.766     -2.109     1.714E-04     4.273E-02  Exchange
  KY                    -3.382     -1.902     4.147E-04     1.034E-01  Exchange
  CaX2                  -6.841     -4.884     1.441E-07     3.592E-05  Exchange
  CaY2                  -6.550     -4.769     2.818E-07     7.025E-05  Exchange
  MgX2                  -2.045     -0.087     9.021E-03     2.249E+00  Exchange
  MgY2                  -1.853     -0.072     1.401E-02     3.493E+00  Exchange
  ZnX2                  -3.920     -1.962     1.204E-04     3.000E-02  Exchange
  ZnY2                  -3.628     -1.847     2.354E-04     5.867E-02  Exchange
  PbX2                  -4.039     -2.082     9.139E-05     2.278E-02  Exchange
  PbY2                  -3.625     -1.843     2.372E-04     5.912E-02  Exchange
                           Log        Log                                 Activity
 Species              Molality   Activity      Molality      Activity   Coefficient    Type
  H+                    -2.973     -3.013     1.063E-03     9.699E-04     9.121E-01  Aqueous 
  SO4--                 -2.485     -2.668     3.276E-03     2.148E-03     6.556E-01  Aqueous 
  Zn++                  -5.634     -5.807     2.321E-06     1.558E-06     6.713E-01  Aqueous 
  Pb++                  -5.992     -6.173     1.018E-06     6.717E-07     6.597E-01  Aqueous 
  Ca++                  -8.556     -8.729     2.779E-09     1.865E-09     6.713E-01  Aqueous 
  Mg++                  -3.569     -3.733     2.700E-04     1.851E-04     6.855E-01  Aqueous 
  K+                    -4.285     -4.332     5.189E-05     4.654E-05     8.970E-01  Aqueous 
  Na+                   -2.287     -2.333     5.168E-03     4.650E-03     8.998E-01  Aqueous 
  OH-                  -10.938    -10.985     1.153E-11     1.036E-11     8.984E-01  Aqueous 
  HSO4-                 -3.649     -3.694     2.243E-04     2.022E-04     9.012E-01  Aqueous 
  CaSO4(aq)             -9.089     -9.088     8.141E-10     8.161E-10     1.002E+00  Aqueous 
  CaOH+                -18.453    -18.496     3.526E-19     3.192E-19     9.052E-01  Aqueous 
  CaHSO4+              -11.291    -11.343     5.122E-12     4.544E-12     8.872E-01  Aqueous 
  KSO4-                 -6.106     -6.150     7.832E-07     7.077E-07     9.036E-01  Aqueous 
  KOH(aq)              -15.780    -15.779     1.660E-16     1.664E-16     1.002E+00  Aqueous 
  MgSO4(aq)             -4.025     -4.024     9.432E-05     9.455E-05     1.002E+00  Aqueous 
  MgOH+                -12.117    -12.159     7.643E-13     6.928E-13     9.064E-01  Aqueous 
  NaSO4-                -4.257     -4.301     5.540E-05     5.006E-05     9.036E-01  Aqueous 
  NaOH(aq)             -14.119    -14.118     7.605E-15     7.623E-15     1.002E+00  Aqueous 
  PbOH+                -10.824    -10.870     1.501E-11     1.350E-11     8.998E-01  Aqueous 
  PbSO4(aq)             -6.092     -6.091     8.093E-07     8.112E-07     1.002E+00  Aqueous 
  Pb(OH)2(aq)          -17.267    -17.266     5.403E-18     5.416E-18     1.002E+00  Aqueous 
  Pb(SO4)2--            -7.831     -8.039     1.476E-08     9.144E-09     6.196E-01  Aqueous 
  Pb(OH)3-             -25.147    -25.193     7.125E-26     6.412E-26     8.998E-01  Aqueous 
  Pb2OH+++             -15.292    -15.692     5.108E-16     2.030E-16     3.975E-01  Aqueous 
  Pb(OH)4--            -33.612    -33.820     2.444E-34     1.514E-34     6.196E-01  Aqueous 
  ZnOH+                -11.708    -11.754     1.958E-12     1.762E-12     8.998E-01  Aqueous 
  ZnSO4(aq)             -6.113     -6.112     7.711E-07     7.730E-07     1.002E+00  Aqueous 
  Zn(OH)2(aq)          -16.682    -16.681     2.080E-17     2.085E-17     1.002E+00  Aqueous 
  Zn(SO4)2--            -7.656     -7.863     2.210E-08     1.369E-08     6.196E-01  Aqueous 
  Zn(OH)3-             -25.122    -25.168     7.554E-26     6.797E-26     8.998E-01  Aqueous 
  Zn(OH)4--            -34.771    -34.954     1.694E-35     1.111E-35     6.556E-01  Aqueous 
 
  ****** Partial pressure of gases (bars) *****
 
 
  ***** Saturation state of minerals (log[Q/K] *****
 
 
 
  ***** Volum of minerals added or subtracted *****
 
 
 **************************************************************
 ------> GRID LOCATION:    52:  1:  1
 
  Temperature (C)    =     25.000
  Porosity           =      0.250
  Liquid Saturation  =      1.000
  Liquid Density     =    997.075
  Ionic Strength     =      0.010
  Solution pH        =      3.013
  Total Charge       = -2.349E-06
 
 Total Aqueous Concentrations of Primary Species 
 --------------------------------------- 
 
   Species              Molality       Type 
 H+                   1.2873E-03     Aqueous      
 SO4--                3.6514E-03     Aqueous      
 Zn++                 3.1125E-06     Aqueous      
 Pb++                 1.8413E-06     Aqueous      
 Ca++                 3.5962E-09     Aqueous      
 Mg++                 3.6410E-04     Aqueous      
 K+                   5.2661E-05     Aqueous      
 Na+                  5.2223E-03     Aqueous      
 
 Exchangers           Equiv/kgw        Equiv/g solid    Equiv/m^3 bulk
 X-                   2.2055E-02       2.9320E-06       5.4975E+00
 Y-                   3.3082E-02       4.3980E-06       8.2462E+00
 
 Total Concentrations in Exchange Sites 
 -------------------------------------- 
 
 Exchangers           Equiv/kgw        Equiv/g solid    Equiv/m^3 bulk
 Zn++                 3.5573E-04       4.7292E-08       8.8672E-02
 Pb++                 3.2858E-04       4.3682E-08       8.1904E-02
 Ca++                 4.2591E-07       5.6623E-11       1.0617E-04
 Mg++                 2.3035E-02       3.0623E-06       5.7419E+00
 K+                   5.8616E-04       7.7926E-08       1.4611E-01
 Na+                  7.1109E-03       9.4535E-07       1.7725E+00
 
 Concentrations of Individual Species, Exchangers, and Surface Complexes 
 ----------------------------------------------------------------------- 
 
                           Log        Log                 Concentration     
 Species              Molality   Activity      Molality    Mol/m^3 blk  Type
  NaX                   -2.466     -0.810     3.418E-03     8.519E-01  Exchange
  NaY                   -2.433     -0.952     3.693E-03     9.206E-01  Exchange
  KX                    -3.766     -2.109     1.714E-04     4.273E-02  Exchange
  KY                    -3.382     -1.902     4.147E-04     1.034E-01  Exchange
  CaX2                  -6.841     -4.884     1.441E-07     3.592E-05  Exchange
  CaY2                  -6.550     -4.769     2.818E-07     7.025E-05  Exchange
  MgX2                  -2.045     -0.087     9.021E-03     2.249E+00  Exchange
  MgY2                  -1.853     -0.072     1.401E-02     3.493E+00  Exchange
  ZnX2                  -3.920     -1.962     1.204E-04     3.000E-02  Exchange
  ZnY2                  -3.628     -1.847     2.354E-04     5.867E-02  Exchange
  PbX2                  -4.039     -2.082     9.139E-05     2.278E-02  Exchange
  PbY2                  -3.625     -1.843     2.372E-04     5.912E-02  Exchange
                           Log        Log                                 Activity
 Species              Molality   Activity      Molality      Activity   Coefficient    Type
  H+                    -2.973     -3.013     1.063E-03     9.697E-04     9.122E-01  Aqueous 
  SO4--                 -2.485     -2.668     3.275E-03     2.147E-03     6.557E-01  Aqueous 
  Zn++                  -5.635     -5.808     2.320E-06     1.557E-06     6.713E-01  Aqueous 
  Pb++                  -5.992     -6.173     1.018E-06     6.714E-07     6.597E-01  Aqueous 
  Ca++                  -8.556     -8.729     2.777E-09     1.864E-09     6.713E-01  Aqueous 
  Mg++                  -3.569     -3.733     2.698E-04     1.850E-04     6.856E-01  Aqueous 
  K+                    -4.285     -4.332     5.188E-05     4.653E-05     8.970E-01  Aqueous 
  Na+                   -2.287     -2.333     5.167E-03     4.649E-03     8.999E-01  Aqueous 
  OH-                  -10.938    -10.985     1.153E-11     1.036E-11     8.984E-01  Aqueous 
  HSO4-                 -3.649     -3.694     2.242E-04     2.021E-04     9.012E-01  Aqueous 
  CaSO4(aq)             -9.090     -9.089     8.136E-10     8.156E-10     1.002E+00  Aqueous 
  CaOH+                -18.453    -18.496     3.525E-19     3.191E-19     9.052E-01  Aqueous 
  CaHSO4+              -11.291    -11.343     5.117E-12     4.540E-12     8.872E-01  Aqueous 
  KSO4-                 -6.106     -6.150     7.828E-07     7.074E-07     9.036E-01  Aqueous 
  KOH(aq)              -15.780    -15.779     1.660E-16     1.664E-16     1.002E+00  Aqueous 
  MgSO4(aq)             -4.026     -4.025     9.427E-05     9.449E-05     1.002E+00  Aqueous 
  MgOH+                -12.117    -12.159     7.642E-13     6.927E-13     9.064E-01  Aqueous 
  NaSO4-                -4.257     -4.301     5.538E-05     5.004E-05     9.036E-01  Aqueous 
  NaOH(aq)             -14.119    -14.118     7.605E-15     7.624E-15     1.002E+00  Aqueous 
  PbOH+                -10.824    -10.870     1.500E-11     1.350E-11     8.999E-01  Aqueous 
  PbSO4(aq)             -6.092     -6.091     8.088E-07     8.107E-07     1.002E+00  Aqueous 
  Pb(OH)2(aq)          -17.267    -17.266     5.404E-18     5.417E-18     1.002E+00  Aqueous 
  Pb(SO4)2--            -7.831     -8.039     1.475E-08     9.137E-09     6.196E-01  Aqueous 
  Pb(OH)3-             -25.147    -25.193     7.128E-26     6.414E-26     8.999E-01  Aqueous 
  Pb2OH+++             -15.292    -15.693     5.105E-16     2.029E-16     3.975E-01  Aqueous 
  Pb(OH)4--            -33.612    -33.819     2.446E-34     1.515E-34     6.196E-01  Aqueous 
  ZnOH+                -11.708    -11.754     1.958E-12     1.762E-12     8.999E-01  Aqueous 
  ZnSO4(aq)             -6.113     -6.112     7.707E-07     7.725E-07     1.002E+00  Aqueous 
  Zn(OH)2(aq)          -16.682    -16.681     2.080E-17     2.085E-17     1.002E+00  Aqueous 
  Zn(SO4)2--            -7.656     -7.864     2.208E-08     1.368E-08     6.196E-01  Aqueous 
  Zn(OH)3-             -25.122    -25.167     7.557E-26     6.800E-26     8.999E-01  Aqueous 
  Zn(OH)4--            -34.771    -34.954     1.695E-35     1.111E-35     6.557E-01  Aqueous 
 
  ****** Partial pressure of gases (bars) *****
 
 
  ***** Saturation state of minerals (log[Q/K] *****
 
 
 
  ***** Volum of minerals added or subtracted *****
 
 
 **************************************************************
 ------> GRID LOCATION:    53:  1:  1
 
  Temperature (C)    =     25.000
  Porosity           =      0.250
  Liquid Saturation  =      1.000
  Liquid Density     =    997.075
  Ionic Strength     =      0.010
  Solution pH        =      3.014
  Total Charge       = -2.348E-06
 
 Total Aqueous Concentrations of Primary Species 
 --------------------------------------- 
 
   Species              Molality       Type 
 H+                   1.2867E-03     Aqueous      
 SO4--                3.6499E-03     Aqueous      
 Zn++                 3.1104E-06     Aqueous      
 Pb++                 1.8399E-06     Aqueous      
 Ca++                 3.5938E-09     Aqueous      
 Mg++                 3.6385E-04     Aqueous      
 K+                   5.2644E-05     Aqueous      
 Na+                  5.2206E-03     Aqueous      
 
 Exchangers           Equiv/kgw        Equiv/g solid    Equiv/m^3 bulk
 X-                   2.2055E-02       2.9320E-06       5.4975E+00
 Y-                   3.3082E-02       4.3980E-06       8.2462E+00
 
 Total Concentrations in Exchange Sites 
 -------------------------------------- 
 
 Exchangers           Equiv/kgw        Equiv/g solid    Equiv/m^3 bulk
 Zn++                 3.5573E-04       4.7292E-08       8.8672E-02
 Pb++                 3.2858E-04       4.3682E-08       8.1904E-02
 Ca++                 4.2592E-07       5.6623E-11       1.0617E-04
 Mg++                 2.3035E-02       3.0623E-06       5.7419E+00
 K+                   5.8616E-04       7.7926E-08       1.4611E-01
 Na+                  7.1107E-03       9.4532E-07       1.7725E+00
 
 Concentrations of Individual Species, Exchangers, and Surface Complexes 
 ----------------------------------------------------------------------- 
 
                           Log        Log                 Concentration     
 Species              Molality   Activity      Molality    Mol/m^3 blk  Type
  NaX                   -2.466     -0.810     3.417E-03     8.519E-01  Exchange
  NaY                   -2.433     -0.952     3.693E-03     9.206E-01  Exchange
  KX                    -3.766     -2.109     1.714E-04     4.273E-02  Exchange
  KY                    -3.382     -1.902     4.147E-04     1.034E-01  Exchange
  CaX2                  -6.841     -4.884     1.441E-07     3.592E-05  Exchange
  CaY2                  -6.550     -4.769     2.818E-07     7.025E-05  Exchange
  MgX2                  -2.045     -0.087     9.021E-03     2.249E+00  Exchange
  MgY2                  -1.853     -0.072     1.401E-02     3.493E+00  Exchange
  ZnX2                  -3.920     -1.962     1.204E-04     3.000E-02  Exchange
  ZnY2                  -3.628     -1.847     2.354E-04     5.867E-02  Exchange
  PbX2                  -4.039     -2.082     9.139E-05     2.278E-02  Exchange
  PbY2                  -3.625     -1.843     2.372E-04     5.912E-02  Exchange
                           Log        Log                                 Activity
 Species              Molality   Activity      Molality      Activity   Coefficient    Type
  H+                    -2.974     -3.014     1.063E-03     9.693E-04     9.122E-01  Aqueous 
  SO4--                 -2.485     -2.668     3.274E-03     2.147E-03     6.557E-01  Aqueous 
  Zn++                  -5.635     -5.808     2.318E-06     1.556E-06     6.713E-01  Aqueous 
  Pb++                  -5.993     -6.173     1.017E-06     6.710E-07     6.598E-01  Aqueous 
  Ca++                  -8.557     -8.730     2.776E-09     1.863E-09     6.713E-01  Aqueous 
  Mg++                  -3.569     -3.733     2.697E-04     1.849E-04     6.856E-01  Aqueous 
  K+                    -4.285     -4.332     5.186E-05     4.652E-05     8.970E-01  Aqueous 
  Na+                   -2.287     -2.333     5.165E-03     4.648E-03     8.999E-01  Aqueous 
  OH-                  -10.938    -10.984     1.154E-11     1.036E-11     8.984E-01  Aqueous 
  HSO4-                 -3.650     -3.695     2.241E-04     2.019E-04     9.012E-01  Aqueous 
  CaSO4(aq)             -9.090     -9.089     8.129E-10     8.149E-10     1.002E+00  Aqueous 
  CaOH+                -18.453    -18.496     3.525E-19     3.191E-19     9.052E-01  Aqueous 
  CaHSO4+              -11.292    -11.343     5.111E-12     4.535E-12     8.872E-01  Aqueous 
  KSO4-                 -6.107     -6.151     7.824E-07     7.070E-07     9.036E-01  Aqueous 
  KOH(aq)              -15.780    -15.779     1.660E-16     1.664E-16     1.002E+00  Aqueous 
  MgSO4(aq)             -4.026     -4.025     9.419E-05     9.441E-05     1.002E+00  Aqueous 
  MgOH+                -12.117    -12.160     7.641E-13     6.926E-13     9.064E-01  Aqueous 
  NaSO4-                -4.257     -4.301     5.534E-05     5.001E-05     9.036E-01  Aqueous 
  NaOH(aq)             -14.119    -14.118     7.606E-15     7.624E-15     1.002E+00  Aqueous 
  PbOH+                -10.824    -10.870     1.500E-11     1.350E-11     8.999E-01  Aqueous 
  PbSO4(aq)             -6.093     -6.091     8.081E-07     8.101E-07     1.002E+00  Aqueous 
  Pb(OH)2(aq)          -17.267    -17.266     5.405E-18     5.418E-18     1.002E+00  Aqueous 
  Pb(SO4)2--            -7.832     -8.040     1.473E-08     9.126E-09     6.197E-01  Aqueous 
  Pb(OH)3-             -25.147    -25.193     7.132E-26     6.418E-26     8.999E-01  Aqueous 
  Pb2OH+++             -15.292    -15.693     5.100E-16     2.028E-16     3.976E-01  Aqueous 
  Pb(OH)4--            -33.611    -33.819     2.448E-34     1.517E-34     6.197E-01  Aqueous 
  ZnOH+                -11.708    -11.754     1.957E-12     1.761E-12     8.999E-01  Aqueous 
  ZnSO4(aq)             -6.114     -6.112     7.700E-07     7.719E-07     1.002E+00  Aqueous 
  Zn(OH)2(aq)          -16.682    -16.681     2.081E-17     2.086E-17     1.002E+00  Aqueous 
  Zn(SO4)2--            -7.657     -7.864     2.205E-08     1.367E-08     6.197E-01  Aqueous 
  Zn(OH)3-             -25.121    -25.167     7.561E-26     6.804E-26     8.999E-01  Aqueous 
  Zn(OH)4--            -34.770    -34.954     1.697E-35     1.113E-35     6.557E-01  Aqueous 
 
  ****** Partial pressure of gases (bars) *****
 
 
  ***** Saturation state of minerals (log[Q/K] *****
 
 
 
  ***** Volum of minerals added or subtracted *****
 
 
 **************************************************************
 ------> GRID LOCATION:    54:  1:  1
 
  Temperature (C)    =     25.000
  Porosity           =      0.250
  Liquid Saturation  =      1.000
  Liquid Density     =    997.075
  Ionic Strength     =      0.010
  Solution pH        =      3.014
  Total Charge       = -2.347E-06
 
 Total Aqueous Concentrations of Primary Species 
 --------------------------------------- 
 
   Species              Molality       Type 
 H+                   1.2858E-03     Aqueous      
 SO4--                3.6479E-03     Aqueous      
 Zn++                 3.1073E-06     Aqueous      
 Pb++                 1.8380E-06     Aqueous      
 Ca++                 3.5903E-09     Aqueous      
 Mg++                 3.6350E-04     Aqueous      
 K+                   5.2623E-05     Aqueous      
 Na+                  5.2181E-03     Aqueous      
 
 Exchangers           Equiv/kgw        Equiv/g solid    Equiv/m^3 bulk
 X-                   2.2055E-02       2.9320E-06       5.4975E+00
 Y-                   3.3082E-02       4.3980E-06       8.2462E+00
 
 Total Concentrations in Exchange Sites 
 -------------------------------------- 
 
 Exchangers           Equiv/kgw        Equiv/g solid    Equiv/m^3 bulk
 Zn++                 3.5573E-04       4.7292E-08       8.8672E-02
 Pb++                 3.2858E-04       4.3682E-08       8.1904E-02
 Ca++                 4.2592E-07       5.6623E-11       1.0617E-04
 Mg++                 2.3035E-02       3.0624E-06       5.7419E+00
 K+                   5.8618E-04       7.7929E-08       1.4612E-01
 Na+                  7.1104E-03       9.4528E-07       1.7724E+00
 
 Concentrations of Individual Species, Exchangers, and Surface Complexes 
 ----------------------------------------------------------------------- 
 
                           Log        Log                 Concentration     
 Species              Molality   Activity      Molality    Mol/m^3 blk  Type
  NaX                   -2.466     -0.810     3.417E-03     8.518E-01  Exchange
  NaY                   -2.433     -0.952     3.693E-03     9.206E-01  Exchange
  KX                    -3.766     -2.109     1.714E-04     4.273E-02  Exchange
  KY                    -3.382     -1.902     4.148E-04     1.034E-01  Exchange
  CaX2                  -6.841     -4.884     1.441E-07     3.592E-05  Exchange
  CaY2                  -6.550     -4.769     2.818E-07     7.025E-05  Exchange
  MgX2                  -2.045     -0.087     9.021E-03     2.249E+00  Exchange
  MgY2                  -1.853     -0.072     1.401E-02     3.493E+00  Exchange
  ZnX2                  -3.920     -1.962     1.204E-04     3.000E-02  Exchange
  ZnY2                  -3.628     -1.847     2.354E-04     5.867E-02  Exchange
  PbX2                  -4.039     -2.082     9.139E-05     2.278E-02  Exchange
  PbY2                  -3.625     -1.843     2.372E-04     5.912E-02  Exchange
                           Log        Log                                 Activity
 Species              Molality   Activity      Molality      Activity   Coefficient    Type
  H+                    -2.974     -3.014     1.062E-03     9.687E-04     9.122E-01  Aqueous 
  SO4--                 -2.485     -2.668     3.272E-03     2.146E-03     6.558E-01  Aqueous 
  Zn++                  -5.635     -5.808     2.316E-06     1.555E-06     6.714E-01  Aqueous 
  Pb++                  -5.993     -6.174     1.016E-06     6.705E-07     6.598E-01  Aqueous 
  Ca++                  -8.557     -8.730     2.773E-09     1.862E-09     6.714E-01  Aqueous 
  Mg++                  -3.570     -3.733     2.694E-04     1.847E-04     6.857E-01  Aqueous 
  K+                    -4.285     -4.333     5.184E-05     4.650E-05     8.970E-01  Aqueous 
  Na+                   -2.287     -2.333     5.163E-03     4.646E-03     8.999E-01  Aqueous 
  OH-                  -10.938    -10.984     1.154E-11     1.037E-11     8.985E-01  Aqueous 
  HSO4-                 -3.650     -3.695     2.238E-04     2.017E-04     9.013E-01  Aqueous 
  CaSO4(aq)             -9.090     -9.089     8.119E-10     8.139E-10     1.002E+00  Aqueous 
  CaOH+                -18.453    -18.496     3.524E-19     3.190E-19     9.052E-01  Aqueous 
  CaHSO4+              -11.292    -11.344     5.102E-12     4.526E-12     8.873E-01  Aqueous 
  KSO4-                 -6.107     -6.151     7.817E-07     7.064E-07     9.037E-01  Aqueous 
  KOH(aq)              -15.780    -15.779     1.660E-16     1.664E-16     1.002E+00  Aqueous 
  MgSO4(aq)             -4.027     -4.026     9.407E-05     9.430E-05     1.002E+00  Aqueous 
  MgOH+                -12.117    -12.160     7.639E-13     6.924E-13     9.064E-01  Aqueous 
  NaSO4-                -4.257     -4.301     5.529E-05     4.997E-05     9.037E-01  Aqueous 
  NaOH(aq)             -14.119    -14.118     7.607E-15     7.625E-15     1.002E+00  Aqueous 
  PbOH+                -10.824    -10.870     1.500E-11     1.350E-11     8.999E-01  Aqueous 
  PbSO4(aq)             -6.093     -6.092     8.071E-07     8.091E-07     1.002E+00  Aqueous 
  Pb(OH)2(aq)          -17.267    -17.266     5.407E-18     5.420E-18     1.002E+00  Aqueous 
  Pb(SO4)2--            -7.833     -8.040     1.470E-08     9.111E-09     6.198E-01  Aqueous 
  Pb(OH)3-             -25.146    -25.192     7.138E-26     6.424E-26     8.999E-01  Aqueous 
  Pb2OH+++             -15.293    -15.693     5.094E-16     2.026E-16     3.977E-01  Aqueous 
  Pb(OH)4--            -33.611    -33.818     2.451E-34     1.519E-34     6.198E-01  Aqueous 
  ZnOH+                -11.708    -11.754     1.957E-12     1.761E-12     8.999E-01  Aqueous 
  ZnSO4(aq)             -6.114     -6.113     7.691E-07     7.709E-07     1.002E+00  Aqueous 
  Zn(OH)2(aq)          -16.682    -16.681     2.081E-17     2.086E-17     1.002E+00  Aqueous 
  Zn(SO4)2--            -7.657     -7.865     2.202E-08     1.364E-08     6.198E-01  Aqueous 
  Zn(OH)3-             -25.121    -25.167     7.568E-26     6.810E-26     8.999E-01  Aqueous 
  Zn(OH)4--            -34.770    -34.953     1.699E-35     1.114E-35     6.558E-01  Aqueous 
 
  ****** Partial pressure of gases (bars) *****
 
 
  ***** Saturation state of minerals (log[Q/K] *****
 
 
 
  ***** Volum of minerals added or subtracted *****
 
 
 **************************************************************
 ------> GRID LOCATION:    55:  1:  1
 
  Temperature (C)    =     25.000
  Porosity           =      0.250
  Liquid Saturation  =      1.000
  Liquid Density     =    997.075
  Ionic Strength     =      0.010
  Solution pH        =      3.014
  Total Charge       = -2.345E-06
 
 Total Aqueous Concentrations of Primary Species 
 --------------------------------------- 
 
   Species              Molality       Type 
 H+                   1.2846E-03     Aqueous      
 SO4--                3.6450E-03     Aqueous      
 Zn++                 3.1029E-06     Aqueous      
 Pb++                 1.8352E-06     Aqueous      
 Ca++                 3.5852E-09     Aqueous      
 Mg++                 3.6299E-04     Aqueous      
 K+                   5.2592E-05     Aqueous      
 Na+                  5.2145E-03     Aqueous      
 
 Exchangers           Equiv/kgw        Equiv/g solid    Equiv/m^3 bulk
 X-                   2.2055E-02       2.9320E-06       5.4975E+00
 Y-                   3.3082E-02       4.3980E-06       8.2462E+00
 
 Total Concentrations in Exchange Sites 
 -------------------------------------- 
 
 Exchangers           Equiv/kgw        Equiv/g solid    Equiv/m^3 bulk
 Zn++                 3.5573E-04       4.7292E-08       8.8673E-02
 Pb++                 3.2858E-04       4.3682E-08       8.1904E-02
 Ca++                 4.2592E-07       5.6623E-11       1.0617E-04
 Mg++                 2.3035E-02       3.0624E-06       5.7420E+00
 K+                   5.8621E-04       7.7933E-08       1.4612E-01
 Na+                  7.1100E-03       9.4523E-07       1.7723E+00
 
 Concentrations of Individual Species, Exchangers, and Surface Complexes 
 ----------------------------------------------------------------------- 
 
                           Log        Log                 Concentration     
 Species              Molality   Activity      Molality    Mol/m^3 blk  Type
  NaX                   -2.466     -0.810     3.417E-03     8.518E-01  Exchange
  NaY                   -2.433     -0.952     3.693E-03     9.205E-01  Exchange
  KX                    -3.766     -2.109     1.714E-04     4.273E-02  Exchange
  KY                    -3.382     -1.902     4.148E-04     1.034E-01  Exchange
  CaX2                  -6.841     -4.884     1.441E-07     3.592E-05  Exchange
  CaY2                  -6.550     -4.769     2.818E-07     7.025E-05  Exchange
  MgX2                  -2.045     -0.087     9.021E-03     2.249E+00  Exchange
  MgY2                  -1.853     -0.072     1.401E-02     3.493E+00  Exchange
  ZnX2                  -3.920     -1.962     1.204E-04     3.000E-02  Exchange
  ZnY2                  -3.628     -1.847     2.354E-04     5.867E-02  Exchange
  PbX2                  -4.039     -2.082     9.139E-05     2.278E-02  Exchange
  PbY2                  -3.625     -1.843     2.372E-04     5.912E-02  Exchange
                           Log        Log                                 Activity
 Species              Molality   Activity      Molality      Activity   Coefficient    Type
  H+                    -2.974     -3.014     1.061E-03     9.680E-04     9.122E-01  Aqueous 
  SO4--                 -2.485     -2.669     3.270E-03     2.145E-03     6.559E-01  Aqueous 
  Zn++                  -5.636     -5.809     2.313E-06     1.553E-06     6.715E-01  Aqueous 
  Pb++                  -5.994     -6.174     1.015E-06     6.697E-07     6.599E-01  Aqueous 
  Ca++                  -8.558     -8.731     2.770E-09     1.860E-09     6.715E-01  Aqueous 
  Mg++                  -3.570     -3.734     2.691E-04     1.845E-04     6.857E-01  Aqueous 
  K+                    -4.286     -4.333     5.181E-05     4.648E-05     8.970E-01  Aqueous 
  Na+                   -2.287     -2.333     5.159E-03     4.643E-03     8.999E-01  Aqueous 
  OH-                  -10.937    -10.984     1.155E-11     1.038E-11     8.985E-01  Aqueous 
  HSO4-                 -3.651     -3.696     2.235E-04     2.015E-04     9.013E-01  Aqueous 
  CaSO4(aq)             -9.091     -9.090     8.105E-10     8.125E-10     1.002E+00  Aqueous 
  CaOH+                -18.453    -18.496     3.522E-19     3.189E-19     9.052E-01  Aqueous 
  CaHSO4+              -11.293    -11.345     5.088E-12     4.515E-12     8.873E-01  Aqueous 
  KSO4-                 -6.107     -6.151     7.809E-07     7.057E-07     9.037E-01  Aqueous 
  KOH(aq)              -15.780    -15.779     1.661E-16     1.665E-16     1.002E+00  Aqueous 
  MgSO4(aq)             -4.027     -4.026     9.391E-05     9.413E-05     1.002E+00  Aqueous 
  MgOH+                -12.117    -12.160     7.636E-13     6.921E-13     9.065E-01  Aqueous 
  NaSO4-                -4.258     -4.302     5.522E-05     4.991E-05     9.037E-01  Aqueous 
  NaOH(aq)             -14.119    -14.118     7.608E-15     7.626E-15     1.002E+00  Aqueous 
  PbOH+                -10.824    -10.870     1.499E-11     1.349E-11     8.999E-01  Aqueous 
  PbSO4(aq)             -6.094     -6.093     8.057E-07     8.077E-07     1.002E+00  Aqueous 
  Pb(OH)2(aq)          -17.267    -17.266     5.409E-18     5.422E-18     1.002E+00  Aqueous 
  Pb(SO4)2--            -7.834     -8.041     1.466E-08     9.090E-09     6.199E-01  Aqueous 
  Pb(OH)3-             -25.146    -25.192     7.147E-26     6.431E-26     8.999E-01  Aqueous 
  Pb2OH+++             -15.294    -15.694     5.084E-16     2.023E-16     3.978E-01  Aqueous 
  Pb(OH)4--            -33.610    -33.818     2.456E-34     1.522E-34     6.199E-01  Aqueous 
  ZnOH+                -11.709    -11.754     1.956E-12     1.760E-12     8.999E-01  Aqueous 
  ZnSO4(aq)             -6.115     -6.114     7.677E-07     7.696E-07     1.002E+00  Aqueous 
  Zn(OH)2(aq)          -16.682    -16.680     2.082E-17     2.087E-17     1.002E+00  Aqueous 
  Zn(SO4)2--            -7.658     -7.866     2.196E-08     1.361E-08     6.199E-01  Aqueous 
  Zn(OH)3-             -25.121    -25.166     7.577E-26     6.818E-26     8.999E-01  Aqueous 
  Zn(OH)4--            -34.769    -34.952     1.702E-35     1.116E-35     6.559E-01  Aqueous 
 
  ****** Partial pressure of gases (bars) *****
 
 
  ***** Saturation state of minerals (log[Q/K] *****
 
 
 
  ***** Volum of minerals added or subtracted *****
 
 
 **************************************************************
 ------> GRID LOCATION:    56:  1:  1
 
  Temperature (C)    =     25.000
  Porosity           =      0.250
  Liquid Saturation  =      1.000
  Liquid Density     =    997.075
  Ionic Strength     =      0.010
  Solution pH        =      3.015
  Total Charge       = -2.342E-06
 
 Total Aqueous Concentrations of Primary Species 
 --------------------------------------- 
 
   Species              Molality       Type 
 H+                   1.2830E-03     Aqueous      
 SO4--                3.6410E-03     Aqueous      
 Zn++                 3.0966E-06     Aqueous      
 Pb++                 1.8313E-06     Aqueous      
 Ca++                 3.5781E-09     Aqueous      
 Mg++                 3.6226E-04     Aqueous      
 K+                   5.2547E-05     Aqueous      
 Na+                  5.2097E-03     Aqueous      
 
 Exchangers           Equiv/kgw        Equiv/g solid    Equiv/m^3 bulk
 X-                   2.2055E-02       2.9320E-06       5.4975E+00
 Y-                   3.3082E-02       4.3980E-06       8.2462E+00
 
 Total Concentrations in Exchange Sites 
 -------------------------------------- 
 
 Exchangers           Equiv/kgw        Equiv/g solid    Equiv/m^3 bulk
 Zn++                 3.5573E-04       4.7292E-08       8.8673E-02
 Pb++                 3.2858E-04       4.3682E-08       8.1904E-02
 Ca++                 4.2592E-07       5.6623E-11       1.0617E-04
 Mg++                 2.3035E-02       3.0624E-06       5.7420E+00
 K+                   5.8624E-04       7.7936E-08       1.4613E-01
 Na+                  7.1099E-03       9.4521E-07       1.7723E+00
 
 Concentrations of Individual Species, Exchangers, and Surface Complexes 
 ----------------------------------------------------------------------- 
 
                           Log        Log                 Concentration     
 Species              Molality   Activity      Molality    Mol/m^3 blk  Type
  NaX                   -2.466     -0.810     3.417E-03     8.518E-01  Exchange
  NaY                   -2.433     -0.952     3.693E-03     9.205E-01  Exchange
  KX                    -3.766     -2.109     1.714E-04     4.274E-02  Exchange
  KY                    -3.382     -1.902     4.148E-04     1.034E-01  Exchange
  CaX2                  -6.841     -4.884     1.441E-07     3.592E-05  Exchange
  CaY2                  -6.550     -4.769     2.818E-07     7.025E-05  Exchange
  MgX2                  -2.045     -0.087     9.021E-03     2.249E+00  Exchange
  MgY2                  -1.853     -0.072     1.401E-02     3.493E+00  Exchange
  ZnX2                  -3.920     -1.962     1.204E-04     3.000E-02  Exchange
  ZnY2                  -3.628     -1.847     2.354E-04     5.867E-02  Exchange
  PbX2                  -4.039     -2.082     9.139E-05     2.278E-02  Exchange
  PbY2                  -3.625     -1.843     2.372E-04     5.912E-02  Exchange
                           Log        Log                                 Activity
 Species              Molality   Activity      Molality      Activity   Coefficient    Type
  H+                    -2.975     -3.015     1.060E-03     9.669E-04     9.122E-01  Aqueous 
  SO4--                 -2.486     -2.669     3.267E-03     2.143E-03     6.560E-01  Aqueous 
  Zn++                  -5.637     -5.809     2.309E-06     1.551E-06     6.716E-01  Aqueous 
  Pb++                  -5.994     -6.175     1.013E-06     6.686E-07     6.600E-01  Aqueous 
  Ca++                  -8.558     -8.731     2.764E-09     1.857E-09     6.716E-01  Aqueous 
  Mg++                  -3.571     -3.735     2.686E-04     1.842E-04     6.858E-01  Aqueous 
  K+                    -4.286     -4.333     5.177E-05     4.644E-05     8.971E-01  Aqueous 
  Na+                   -2.288     -2.334     5.155E-03     4.639E-03     9.000E-01  Aqueous 
  OH-                  -10.937    -10.983     1.156E-11     1.039E-11     8.985E-01  Aqueous 
  HSO4-                 -3.652     -3.697     2.231E-04     2.011E-04     9.013E-01  Aqueous 
  CaSO4(aq)             -9.092     -9.091     8.085E-10     8.104E-10     1.002E+00  Aqueous 
  CaOH+                -18.453    -18.497     3.520E-19     3.187E-19     9.053E-01  Aqueous 
  CaHSO4+              -11.295    -11.347     5.070E-12     4.499E-12     8.874E-01  Aqueous 
  KSO4-                 -6.108     -6.152     7.796E-07     7.045E-07     9.037E-01  Aqueous 
  KOH(aq)              -15.780    -15.778     1.661E-16     1.665E-16     1.002E+00  Aqueous 
  MgSO4(aq)             -4.028     -4.027     9.367E-05     9.390E-05     1.002E+00  Aqueous 
  MgOH+                -12.117    -12.160     7.631E-13     6.917E-13     9.065E-01  Aqueous 
  NaSO4-                -4.259     -4.303     5.513E-05     4.982E-05     9.037E-01  Aqueous 
  NaOH(aq)             -14.119    -14.118     7.610E-15     7.628E-15     1.002E+00  Aqueous 
  PbOH+                -10.824    -10.870     1.498E-11     1.348E-11     9.000E-01  Aqueous 
  PbSO4(aq)             -6.095     -6.094     8.037E-07     8.057E-07     1.002E+00  Aqueous 
  Pb(OH)2(aq)          -17.267    -17.266     5.412E-18     5.425E-18     1.002E+00  Aqueous 
  Pb(SO4)2--            -7.835     -8.043     1.461E-08     9.061E-09     6.200E-01  Aqueous 
  Pb(OH)3-             -25.145    -25.191     7.158E-26     6.442E-26     9.000E-01  Aqueous 
  Pb2OH+++             -15.295    -15.695     5.071E-16     2.018E-16     3.980E-01  Aqueous 
  Pb(OH)4--            -33.609    -33.816     2.462E-34     1.526E-34     6.200E-01  Aqueous 
  ZnOH+                -11.709    -11.755     1.955E-12     1.759E-12     9.000E-01  Aqueous 
  ZnSO4(aq)             -6.116     -6.115     7.658E-07     7.677E-07     1.002E+00  Aqueous 
  Zn(OH)2(aq)          -16.681    -16.680     2.083E-17     2.088E-17     1.002E+00  Aqueous 
  Zn(SO4)2--            -7.660     -7.867     2.188E-08     1.357E-08     6.200E-01  Aqueous 
  Zn(OH)3-             -25.120    -25.166     7.589E-26     6.829E-26     9.000E-01  Aqueous 
  Zn(OH)4--            -34.768    -34.951     1.707E-35     1.119E-35     6.560E-01  Aqueous 
 
  ****** Partial pressure of gases (bars) *****
 
 
  ***** Saturation state of minerals (log[Q/K] *****
 
 
 
  ***** Volum of minerals added or subtracted *****
 
 
 **************************************************************
 ------> GRID LOCATION:    57:  1:  1
 
  Temperature (C)    =     25.000
  Porosity           =      0.250
  Liquid Saturation  =      1.000
  Liquid Density     =    997.075
  Ionic Strength     =      0.010
  Solution pH        =      3.015
  Total Charge       = -2.338E-06
 
 Total Aqueous Concentrations of Primary Species 
 --------------------------------------- 
 
   Species              Molality       Type 
 H+                   1.2808E-03     Aqueous      
 SO4--                3.6355E-03     Aqueous      
 Zn++                 3.0879E-06     Aqueous      
 Pb++                 1.8258E-06     Aqueous      
 Ca++                 3.5681E-09     Aqueous      
 Mg++                 3.6126E-04     Aqueous      
 K+                   5.2483E-05     Aqueous      
 Na+                  5.2031E-03     Aqueous      
 
 Exchangers           Equiv/kgw        Equiv/g solid    Equiv/m^3 bulk
 X-                   2.2055E-02       2.9320E-06       5.4975E+00
 Y-                   3.3082E-02       4.3980E-06       8.2462E+00
 
 Total Concentrations in Exchange Sites 
 -------------------------------------- 
 
 Exchangers           Equiv/kgw        Equiv/g solid    Equiv/m^3 bulk
 Zn++                 3.5573E-04       4.7292E-08       8.8673E-02
 Pb++                 3.2858E-04       4.3682E-08       8.1904E-02
 Ca++                 4.2592E-07       5.6623E-11       1.0617E-04
 Mg++                 2.3035E-02       3.0624E-06       5.7420E+00
 K+                   5.8625E-04       7.7939E-08       1.4614E-01
 Na+                  7.1098E-03       9.4520E-07       1.7723E+00
 
 Concentrations of Individual Species, Exchangers, and Surface Complexes 
 ----------------------------------------------------------------------- 
 
                           Log        Log                 Concentration     
 Species              Molality   Activity      Molality    Mol/m^3 blk  Type
  NaX                   -2.466     -0.810     3.417E-03     8.518E-01  Exchange
  NaY                   -2.433     -0.952     3.693E-03     9.205E-01  Exchange
  KX                    -3.766     -2.109     1.715E-04     4.274E-02  Exchange
  KY                    -3.382     -1.902     4.148E-04     1.034E-01  Exchange
  CaX2                  -6.841     -4.884     1.441E-07     3.592E-05  Exchange
  CaY2                  -6.550     -4.769     2.818E-07     7.025E-05  Exchange
  MgX2                  -2.045     -0.087     9.021E-03     2.249E+00  Exchange
  MgY2                  -1.853     -0.072     1.401E-02     3.493E+00  Exchange
  ZnX2                  -3.920     -1.962     1.204E-04     3.000E-02  Exchange
  ZnY2                  -3.628     -1.847     2.354E-04     5.867E-02  Exchange
  PbX2                  -4.039     -2.082     9.139E-05     2.278E-02  Exchange
  PbY2                  -3.625     -1.843     2.372E-04     5.912E-02  Exchange
                           Log        Log                                 Activity
 Species              Molality   Activity      Molality      Activity   Coefficient    Type
  H+                    -2.975     -3.015     1.058E-03     9.654E-04     9.123E-01  Aqueous 
  SO4--                 -2.486     -2.669     3.262E-03     2.141E-03     6.562E-01  Aqueous 
  Zn++                  -5.638     -5.811     2.303E-06     1.547E-06     6.717E-01  Aqueous 
  Pb++                  -5.996     -6.176     1.010E-06     6.670E-07     6.602E-01  Aqueous 
  Ca++                  -8.560     -8.732     2.757E-09     1.852E-09     6.717E-01  Aqueous 
  Mg++                  -3.572     -3.736     2.679E-04     1.838E-04     6.860E-01  Aqueous 
  K+                    -4.286     -4.334     5.170E-05     4.639E-05     8.971E-01  Aqueous 
  Na+                   -2.288     -2.334     5.148E-03     4.633E-03     9.000E-01  Aqueous 
  OH-                  -10.936    -10.983     1.158E-11     1.041E-11     8.986E-01  Aqueous 
  HSO4-                 -3.653     -3.698     2.225E-04     2.006E-04     9.014E-01  Aqueous 
  CaSO4(aq)             -9.094     -9.093     8.057E-10     8.077E-10     1.002E+00  Aqueous 
  CaOH+                -18.454    -18.497     3.517E-19     3.184E-19     9.053E-01  Aqueous 
  CaHSO4+              -11.297    -11.349     5.044E-12     4.477E-12     8.874E-01  Aqueous 
  KSO4-                 -6.109     -6.153     7.778E-07     7.030E-07     9.038E-01  Aqueous 
  KOH(aq)              -15.779    -15.778     1.662E-16     1.666E-16     1.002E+00  Aqueous 
  MgSO4(aq)             -4.030     -4.029     9.335E-05     9.358E-05     1.002E+00  Aqueous 
  MgOH+                -12.118    -12.160     7.624E-13     6.912E-13     9.066E-01  Aqueous 
  NaSO4-                -4.260     -4.304     5.500E-05     4.971E-05     9.038E-01  Aqueous 
  NaOH(aq)             -14.118    -14.117     7.612E-15     7.630E-15     1.002E+00  Aqueous 
  PbOH+                -10.825    -10.871     1.497E-11     1.347E-11     9.000E-01  Aqueous 
  PbSO4(aq)             -6.096     -6.095     8.010E-07     8.029E-07     1.002E+00  Aqueous 
  Pb(OH)2(aq)          -17.266    -17.265     5.416E-18     5.428E-18     1.002E+00  Aqueous 
  Pb(SO4)2--            -7.837     -8.045     1.454E-08     9.020E-09     6.202E-01  Aqueous 
  Pb(OH)3-             -25.144    -25.190     7.173E-26     6.456E-26     9.000E-01  Aqueous 
  Pb2OH+++             -15.297    -15.696     5.052E-16     2.011E-16     3.982E-01  Aqueous 
  Pb(OH)4--            -33.607    -33.815     2.470E-34     1.532E-34     6.202E-01  Aqueous 
  ZnOH+                -11.709    -11.755     1.953E-12     1.758E-12     9.000E-01  Aqueous 
  ZnSO4(aq)             -6.117     -6.116     7.632E-07     7.650E-07     1.002E+00  Aqueous 
  Zn(OH)2(aq)          -16.681    -16.680     2.085E-17     2.090E-17     1.002E+00  Aqueous 
  Zn(SO4)2--            -7.662     -7.869     2.178E-08     1.351E-08     6.202E-01  Aqueous 
  Zn(OH)3-             -25.119    -25.165     7.605E-26     6.844E-26     9.000E-01  Aqueous 
  Zn(OH)4--            -34.766    -34.949     1.712E-35     1.124E-35     6.562E-01  Aqueous 
 
  ****** Partial pressure of gases (bars) *****
 
 
  ***** Saturation state of minerals (log[Q/K] *****
 
 
 
  ***** Volum of minerals added or subtracted *****
 
 
 **************************************************************
 ------> GRID LOCATION:    58:  1:  1
 
  Temperature (C)    =     25.000
  Porosity           =      0.250
  Liquid Saturation  =      1.000
  Liquid Density     =    997.075
  Ionic Strength     =      0.010
  Solution pH        =      3.016
  Total Charge       = -2.333E-06
 
 Total Aqueous Concentrations of Primary Species 
 --------------------------------------- 
 
   Species              Molality       Type 
 H+                   1.2778E-03     Aqueous      
 SO4--                3.6282E-03     Aqueous      
 Zn++                 3.0762E-06     Aqueous      
 Pb++                 1.8185E-06     Aqueous      
 Ca++                 3.5547E-09     Aqueous      
 Mg++                 3.5990E-04     Aqueous      
 K+                   5.2394E-05     Aqueous      
 Na+                  5.1944E-03     Aqueous      
 
 Exchangers           Equiv/kgw        Equiv/g solid    Equiv/m^3 bulk
 X-                   2.2055E-02       2.9320E-06       5.4975E+00
 Y-                   3.3082E-02       4.3980E-06       8.2462E+00
 
 Total Concentrations in Exchange Sites 
 -------------------------------------- 
 
 Exchangers           Equiv/kgw        Equiv/g solid    Equiv/m^3 bulk
 Zn++                 3.5573E-04       4.7292E-08       8.8673E-02
 Pb++                 3.2858E-04       4.3682E-08       8.1904E-02
 Ca++                 4.2592E-07       5.6623E-11       1.0617E-04
 Mg++                 2.3035E-02       3.0624E-06       5.7420E+00
 K+                   5.8627E-04       7.7940E-08       1.4614E-01
 Na+                  7.1099E-03       9.4521E-07       1.7723E+00
 
 Concentrations of Individual Species, Exchangers, and Surface Complexes 
 ----------------------------------------------------------------------- 
 
                           Log        Log                 Concentration     
 Species              Molality   Activity      Molality    Mol/m^3 blk  Type
  NaX                   -2.466     -0.810     3.417E-03     8.518E-01  Exchange
  NaY                   -2.433     -0.952     3.693E-03     9.205E-01  Exchange
  KX                    -3.766     -2.109     1.715E-04     4.274E-02  Exchange
  KY                    -3.382     -1.902     4.148E-04     1.034E-01  Exchange
  CaX2                  -6.841     -4.884     1.441E-07     3.592E-05  Exchange
  CaY2                  -6.550     -4.769     2.818E-07     7.025E-05  Exchange
  MgX2                  -2.045     -0.087     9.021E-03     2.249E+00  Exchange
  MgY2                  -1.853     -0.072     1.401E-02     3.493E+00  Exchange
  ZnX2                  -3.920     -1.962     1.204E-04     3.000E-02  Exchange
  ZnY2                  -3.628     -1.847     2.354E-04     5.867E-02  Exchange
  PbX2                  -4.039     -2.082     9.139E-05     2.278E-02  Exchange
  PbY2                  -3.625     -1.843     2.372E-04     5.912E-02  Exchange
                           Log        Log                                 Activity
 Species              Molality   Activity      Molality      Activity   Coefficient    Type
  H+                    -2.976     -3.016     1.056E-03     9.635E-04     9.123E-01  Aqueous 
  SO4--                 -2.487     -2.670     3.256E-03     2.137E-03     6.564E-01  Aqueous 
  Zn++                  -5.639     -5.812     2.295E-06     1.542E-06     6.720E-01  Aqueous 
  Pb++                  -5.997     -6.177     1.007E-06     6.649E-07     6.604E-01  Aqueous 
  Ca++                  -8.561     -8.734     2.748E-09     1.846E-09     6.720E-01  Aqueous 
  Mg++                  -3.574     -3.737     2.670E-04     1.832E-04     6.862E-01  Aqueous 
  K+                    -4.287     -4.334     5.162E-05     4.631E-05     8.972E-01  Aqueous 
  Na+                   -2.289     -2.335     5.140E-03     4.626E-03     9.001E-01  Aqueous 
  OH-                  -10.935    -10.982     1.160E-11     1.043E-11     8.987E-01  Aqueous 
  HSO4-                 -3.654     -3.699     2.217E-04     1.999E-04     9.015E-01  Aqueous 
  CaSO4(aq)             -9.096     -9.095     8.020E-10     8.039E-10     1.002E+00  Aqueous 
  CaOH+                -18.454    -18.498     3.513E-19     3.180E-19     9.054E-01  Aqueous 
  CaHSO4+              -11.300    -11.352     5.010E-12     4.447E-12     8.875E-01  Aqueous 
  KSO4-                 -6.110     -6.154     7.754E-07     7.008E-07     9.039E-01  Aqueous 
  KOH(aq)              -15.779    -15.778     1.663E-16     1.667E-16     1.002E+00  Aqueous 
  MgSO4(aq)             -4.032     -4.031     9.292E-05     9.314E-05     1.002E+00  Aqueous 
  MgOH+                -12.118    -12.161     7.614E-13     6.904E-13     9.066E-01  Aqueous 
  NaSO4-                -4.261     -4.305     5.483E-05     4.956E-05     9.039E-01  Aqueous 
  NaOH(aq)             -14.118    -14.117     7.616E-15     7.634E-15     1.002E+00  Aqueous 
  PbOH+                -10.825    -10.871     1.495E-11     1.346E-11     9.001E-01  Aqueous 
  PbSO4(aq)             -6.098     -6.097     7.973E-07     7.992E-07     1.002E+00  Aqueous 
  Pb(OH)2(aq)          -17.266    -17.265     5.420E-18     5.433E-18     1.002E+00  Aqueous 
  Pb(SO4)2--            -7.840     -8.047     1.445E-08     8.965E-09     6.205E-01  Aqueous 
  Pb(OH)3-             -25.143    -25.189     7.193E-26     6.475E-26     9.001E-01  Aqueous 
  Pb2OH+++             -15.299    -15.698     5.026E-16     2.003E-16     3.985E-01  Aqueous 
  Pb(OH)4--            -33.605    -33.813     2.481E-34     1.539E-34     6.205E-01  Aqueous 
  ZnOH+                -11.710    -11.756     1.951E-12     1.756E-12     9.001E-01  Aqueous 
  ZnSO4(aq)             -6.119     -6.118     7.597E-07     7.615E-07     1.002E+00  Aqueous 
  Zn(OH)2(aq)          -16.681    -16.680     2.086E-17     2.091E-17     1.002E+00  Aqueous 
  Zn(SO4)2--            -7.665     -7.872     2.164E-08     1.343E-08     6.205E-01  Aqueous 
  Zn(OH)3-             -25.118    -25.163     7.626E-26     6.864E-26     9.001E-01  Aqueous 
  Zn(OH)4--            -34.764    -34.947     1.720E-35     1.129E-35     6.564E-01  Aqueous 
 
  ****** Partial pressure of gases (bars) *****
 
 
  ***** Saturation state of minerals (log[Q/K] *****
 
 
 
  ***** Volum of minerals added or subtracted *****
 
 
 **************************************************************
 ------> GRID LOCATION:    59:  1:  1
 
  Temperature (C)    =     25.000
  Porosity           =      0.250
  Liquid Saturation  =      1.000
  Liquid Density     =    997.075
  Ionic Strength     =      0.010
  Solution pH        =      3.017
  Total Charge       = -2.326E-06
 
 Total Aqueous Concentrations of Primary Species 
 --------------------------------------- 
 
   Species              Molality       Type 
 H+                   1.2738E-03     Aqueous      
 SO4--                3.6186E-03     Aqueous      
 Zn++                 3.0608E-06     Aqueous      
 Pb++                 1.8088E-06     Aqueous      
 Ca++                 3.5371E-09     Aqueous      
 Mg++                 3.5810E-04     Aqueous      
 K+                   5.2276E-05     Aqueous      
 Na+                  5.1828E-03     Aqueous      
 
 Exchangers           Equiv/kgw        Equiv/g solid    Equiv/m^3 bulk
 X-                   2.2055E-02       2.9320E-06       5.4975E+00
 Y-                   3.3082E-02       4.3980E-06       8.2462E+00
 
 Total Concentrations in Exchange Sites 
 -------------------------------------- 
 
 Exchangers           Equiv/kgw        Equiv/g solid    Equiv/m^3 bulk
 Zn++                 3.5573E-04       4.7292E-08       8.8672E-02
 Pb++                 3.2858E-04       4.3682E-08       8.1904E-02
 Ca++                 4.2592E-07       5.6623E-11       1.0617E-04
 Mg++                 2.3035E-02       3.0624E-06       5.7420E+00
 K+                   5.8627E-04       7.7941E-08       1.4614E-01
 Na+                  7.1100E-03       9.4523E-07       1.7723E+00
 
 Concentrations of Individual Species, Exchangers, and Surface Complexes 
 ----------------------------------------------------------------------- 
 
                           Log        Log                 Concentration     
 Species              Molality   Activity      Molality    Mol/m^3 blk  Type
  NaX                   -2.466     -0.810     3.417E-03     8.518E-01  Exchange
  NaY                   -2.433     -0.952     3.693E-03     9.205E-01  Exchange
  KX                    -3.766     -2.109     1.715E-04     4.274E-02  Exchange
  KY                    -3.382     -1.902     4.148E-04     1.034E-01  Exchange
  CaX2                  -6.841     -4.884     1.441E-07     3.592E-05  Exchange
  CaY2                  -6.550     -4.769     2.818E-07     7.025E-05  Exchange
  MgX2                  -2.045     -0.087     9.021E-03     2.249E+00  Exchange
  MgY2                  -1.853     -0.072     1.401E-02     3.493E+00  Exchange
  ZnX2                  -3.920     -1.962     1.204E-04     3.000E-02  Exchange
  ZnY2                  -3.628     -1.847     2.354E-04     5.867E-02  Exchange
  PbX2                  -4.039     -2.082     9.139E-05     2.278E-02  Exchange
  PbY2                  -3.625     -1.843     2.372E-04     5.912E-02  Exchange
                           Log        Log                                 Activity
 Species              Molality   Activity      Molality      Activity   Coefficient    Type
  H+                    -2.978     -3.017     1.053E-03     9.609E-04     9.124E-01  Aqueous 
  SO4--                 -2.488     -2.671     3.249E-03     2.133E-03     6.567E-01  Aqueous 
  Zn++                  -5.641     -5.814     2.284E-06     1.536E-06     6.722E-01  Aqueous 
  Pb++                  -5.999     -6.179     1.002E-06     6.621E-07     6.607E-01  Aqueous 
  Ca++                  -8.563     -8.736     2.735E-09     1.839E-09     6.722E-01  Aqueous 
  Mg++                  -3.576     -3.739     2.657E-04     1.824E-04     6.864E-01  Aqueous 
  K+                    -4.288     -4.335     5.150E-05     4.622E-05     8.973E-01  Aqueous 
  Na+                   -2.290     -2.336     5.128E-03     4.616E-03     9.002E-01  Aqueous 
  OH-                  -10.934    -10.981     1.163E-11     1.045E-11     8.988E-01  Aqueous 
  HSO4-                 -3.656     -3.701     2.207E-04     1.990E-04     9.016E-01  Aqueous 
  CaSO4(aq)             -9.098     -9.097     7.971E-10     7.990E-10     1.002E+00  Aqueous 
  CaOH+                -18.455    -18.498     3.507E-19     3.175E-19     9.055E-01  Aqueous 
  CaHSO4+              -11.304    -11.356     4.966E-12     4.408E-12     8.877E-01  Aqueous 
  KSO4-                 -6.112     -6.156     7.722E-07     6.980E-07     9.040E-01  Aqueous 
  KOH(aq)              -15.779    -15.778     1.664E-16     1.668E-16     1.002E+00  Aqueous 
  MgSO4(aq)             -4.035     -4.034     9.235E-05     9.257E-05     1.002E+00  Aqueous 
  MgOH+                -12.119    -12.162     7.602E-13     6.893E-13     9.067E-01  Aqueous 
  NaSO4-                -4.263     -4.307     5.460E-05     4.936E-05     9.040E-01  Aqueous 
  NaOH(aq)             -14.118    -14.117     7.620E-15     7.638E-15     1.002E+00  Aqueous 
  PbOH+                -10.826    -10.872     1.492E-11     1.343E-11     9.002E-01  Aqueous 
  PbSO4(aq)             -6.101     -6.100     7.924E-07     7.943E-07     1.002E+00  Aqueous 
  Pb(OH)2(aq)          -17.265    -17.264     5.426E-18     5.439E-18     1.002E+00  Aqueous 
  Pb(SO4)2--            -7.844     -8.051     1.432E-08     8.893E-09     6.209E-01  Aqueous 
  Pb(OH)3-             -25.141    -25.187     7.220E-26     6.499E-26     9.002E-01  Aqueous 
  Pb2OH+++             -15.302    -15.701     4.992E-16     1.991E-16     3.989E-01  Aqueous 
  Pb(OH)4--            -33.603    -33.810     2.496E-34     1.549E-34     6.209E-01  Aqueous 
  ZnOH+                -11.711    -11.756     1.947E-12     1.753E-12     9.002E-01  Aqueous 
  ZnSO4(aq)             -6.122     -6.121     7.550E-07     7.568E-07     1.002E+00  Aqueous 
  Zn(OH)2(aq)          -16.680    -16.679     2.089E-17     2.094E-17     1.002E+00  Aqueous 
  Zn(SO4)2--            -7.669     -7.876     2.145E-08     1.332E-08     6.209E-01  Aqueous 
  Zn(OH)3-             -25.116    -25.162     7.654E-26     6.890E-26     9.002E-01  Aqueous 
  Zn(OH)4--            -34.762    -34.944     1.731E-35     1.136E-35     6.567E-01  Aqueous 
 
  ****** Partial pressure of gases (bars) *****
 
 
  ***** Saturation state of minerals (log[Q/K] *****
 
 
 
  ***** Volum of minerals added or subtracted *****
 
 
 **************************************************************
 ------> GRID LOCATION:    60:  1:  1
 
  Temperature (C)    =     25.000
  Porosity           =      0.250
  Liquid Saturation  =      1.000
  Liquid Density     =    997.075
  Ionic Strength     =      0.010
  Solution pH        =      3.019
  Total Charge       = -2.317E-06
 
 Total Aqueous Concentrations of Primary Species 
 --------------------------------------- 
 
   Species              Molality       Type 
 H+                   1.2686E-03     Aqueous      
 SO4--                3.6061E-03     Aqueous      
 Zn++                 3.0407E-06     Aqueous      
 Pb++                 1.7962E-06     Aqueous      
 Ca++                 3.5142E-09     Aqueous      
 Mg++                 3.5578E-04     Aqueous      
 K+                   5.2122E-05     Aqueous      
 Na+                  5.1678E-03     Aqueous      
 
 Exchangers           Equiv/kgw        Equiv/g solid    Equiv/m^3 bulk
 X-                   2.2055E-02       2.9320E-06       5.4975E+00
 Y-                   3.3082E-02       4.3980E-06       8.2462E+00
 
 Total Concentrations in Exchange Sites 
 -------------------------------------- 
 
 Exchangers           Equiv/kgw        Equiv/g solid    Equiv/m^3 bulk
 Zn++                 3.5573E-04       4.7292E-08       8.8672E-02
 Pb++                 3.2858E-04       4.3682E-08       8.1904E-02
 Ca++                 4.2592E-07       5.6623E-11       1.0617E-04
 Mg++                 2.3035E-02       3.0624E-06       5.7419E+00
 K+                   5.8627E-04       7.7941E-08       1.4614E-01
 Na+                  7.1102E-03       9.4526E-07       1.7724E+00
 
 Concentrations of Individual Species, Exchangers, and Surface Complexes 
 ----------------------------------------------------------------------- 
 
                           Log        Log                 Concentration     
 Species              Molality   Activity      Molality    Mol/m^3 blk  Type
  NaX                   -2.466     -0.810     3.417E-03     8.518E-01  Exchange
  NaY                   -2.433     -0.952     3.693E-03     9.205E-01  Exchange
  KX                    -3.766     -2.109     1.715E-04     4.274E-02  Exchange
  KY                    -3.382     -1.902     4.148E-04     1.034E-01  Exchange
  CaX2                  -6.841     -4.884     1.441E-07     3.592E-05  Exchange
  CaY2                  -6.550     -4.769     2.818E-07     7.025E-05  Exchange
  MgX2                  -2.045     -0.087     9.021E-03     2.249E+00  Exchange
  MgY2                  -1.853     -0.072     1.401E-02     3.493E+00  Exchange
  ZnX2                  -3.920     -1.962     1.204E-04     3.000E-02  Exchange
  ZnY2                  -3.628     -1.847     2.354E-04     5.867E-02  Exchange
  PbX2                  -4.039     -2.082     9.139E-05     2.278E-02  Exchange
  PbY2                  -3.625     -1.843     2.372E-04     5.912E-02  Exchange
                           Log        Log                                 Activity
 Species              Molality   Activity      Molality      Activity   Coefficient    Type
  H+                    -2.979     -3.019     1.049E-03     9.576E-04     9.125E-01  Aqueous 
  SO4--                 -2.490     -2.672     3.238E-03     2.128E-03     6.571E-01  Aqueous 
  Zn++                  -5.644     -5.816     2.271E-06     1.527E-06     6.726E-01  Aqueous 
  Pb++                  -6.002     -6.181     9.959E-07     6.584E-07     6.611E-01  Aqueous 
  Ca++                  -8.566     -8.738     2.718E-09     1.828E-09     6.726E-01  Aqueous 
  Mg++                  -3.578     -3.741     2.642E-04     1.814E-04     6.868E-01  Aqueous 
  K+                    -4.289     -4.336     5.135E-05     4.609E-05     8.975E-01  Aqueous 
  Na+                   -2.291     -2.337     5.114E-03     4.604E-03     9.003E-01  Aqueous 
  OH-                  -10.933    -10.979     1.167E-11     1.049E-11     8.989E-01  Aqueous 
  HSO4-                 -3.659     -3.704     2.193E-04     1.978E-04     9.017E-01  Aqueous 
  CaSO4(aq)             -9.102     -9.101     7.908E-10     7.926E-10     1.002E+00  Aqueous 
  CaOH+                -18.456    -18.499     3.499E-19     3.169E-19     9.056E-01  Aqueous 
  CaHSO4+              -11.309    -11.361     4.908E-12     4.357E-12     8.878E-01  Aqueous 
  KSO4-                 -6.115     -6.158     7.680E-07     6.944E-07     9.041E-01  Aqueous 
  KOH(aq)              -15.779    -15.778     1.665E-16     1.669E-16     1.002E+00  Aqueous 
  MgSO4(aq)             -4.038     -4.037     9.162E-05     9.183E-05     1.002E+00  Aqueous 
  MgOH+                -12.120    -12.162     7.586E-13     6.879E-13     9.068E-01  Aqueous 
  NaSO4-                -4.265     -4.309     5.431E-05     4.910E-05     9.041E-01  Aqueous 
  NaOH(aq)             -14.118    -14.117     7.626E-15     7.644E-15     1.002E+00  Aqueous 
  PbOH+                -10.827    -10.873     1.489E-11     1.341E-11     9.003E-01  Aqueous 
  PbSO4(aq)             -6.105     -6.104     7.861E-07     7.879E-07     1.002E+00  Aqueous 
  Pb(OH)2(aq)          -17.265    -17.264     5.434E-18     5.447E-18     1.002E+00  Aqueous 
  Pb(SO4)2--            -7.849     -8.056     1.416E-08     8.800E-09     6.214E-01  Aqueous 
  Pb(OH)3-             -25.139    -25.185     7.255E-26     6.532E-26     9.003E-01  Aqueous 
  Pb2OH+++             -15.306    -15.704     4.948E-16     1.976E-16     3.994E-01  Aqueous 
  Pb(OH)4--            -33.599    -33.806     2.515E-34     1.563E-34     6.214E-01  Aqueous 
  ZnOH+                -11.711    -11.757     1.943E-12     1.750E-12     9.003E-01  Aqueous 
  ZnSO4(aq)             -6.126     -6.124     7.490E-07     7.508E-07     1.002E+00  Aqueous 
  Zn(OH)2(aq)          -16.679    -16.678     2.092E-17     2.097E-17     1.002E+00  Aqueous 
  Zn(SO4)2--            -7.674     -7.880     2.121E-08     1.318E-08     6.214E-01  Aqueous 
  Zn(OH)3-             -25.114    -25.160     7.691E-26     6.925E-26     9.003E-01  Aqueous 
  Zn(OH)4--            -34.758    -34.941     1.744E-35     1.146E-35     6.571E-01  Aqueous 
 
  ****** Partial pressure of gases (bars) *****
 
 
  ***** Saturation state of minerals (log[Q/K] *****
 
 
 
  ***** Volum of minerals added or subtracted *****
 
 
 **************************************************************
 ------> GRID LOCATION:    61:  1:  1
 
  Temperature (C)    =     25.000
  Porosity           =      0.250
  Liquid Saturation  =      1.000
  Liquid Density     =    997.075
  Ionic Strength     =      0.010
  Solution pH        =      3.021
  Total Charge       = -2.306E-06
 
 Total Aqueous Concentrations of Primary Species 
 --------------------------------------- 
 
   Species              Molality       Type 
 H+                   1.2621E-03     Aqueous      
 SO4--                3.5901E-03     Aqueous      
 Zn++                 3.0152E-06     Aqueous      
 Pb++                 1.7802E-06     Aqueous      
 Ca++                 3.4850E-09     Aqueous      
 Mg++                 3.5282E-04     Aqueous      
 K+                   5.1925E-05     Aqueous      
 Na+                  5.1486E-03     Aqueous      
 
 Exchangers           Equiv/kgw        Equiv/g solid    Equiv/m^3 bulk
 X-                   2.2055E-02       2.9320E-06       5.4975E+00
 Y-                   3.3082E-02       4.3980E-06       8.2462E+00
 
 Total Concentrations in Exchange Sites 
 -------------------------------------- 
 
 Exchangers           Equiv/kgw        Equiv/g solid    Equiv/m^3 bulk
 Zn++                 3.5573E-04       4.7292E-08       8.8672E-02
 Pb++                 3.2857E-04       4.3682E-08       8.1903E-02
 Ca++                 4.2592E-07       5.6623E-11       1.0617E-04
 Mg++                 2.3035E-02       3.0624E-06       5.7419E+00
 K+                   5.8627E-04       7.7941E-08       1.4614E-01
 Na+                  7.1104E-03       9.4529E-07       1.7724E+00
 
 Concentrations of Individual Species, Exchangers, and Surface Complexes 
 ----------------------------------------------------------------------- 
 
                           Log        Log                 Concentration     
 Species              Molality   Activity      Molality    Mol/m^3 blk  Type
  NaX                   -2.466     -0.810     3.417E-03     8.518E-01  Exchange
  NaY                   -2.433     -0.952     3.693E-03     9.206E-01  Exchange
  KX                    -3.766     -2.109     1.715E-04     4.274E-02  Exchange
  KY                    -3.382     -1.902     4.148E-04     1.034E-01  Exchange
  CaX2                  -6.841     -4.884     1.441E-07     3.592E-05  Exchange
  CaY2                  -6.550     -4.769     2.818E-07     7.025E-05  Exchange
  MgX2                  -2.045     -0.087     9.021E-03     2.249E+00  Exchange
  MgY2                  -1.853     -0.072     1.401E-02     3.493E+00  Exchange
  ZnX2                  -3.920     -1.962     1.204E-04     3.000E-02  Exchange
  ZnY2                  -3.628     -1.847     2.354E-04     5.867E-02  Exchange
  PbX2                  -4.039     -2.082     9.139E-05     2.278E-02  Exchange
  PbY2                  -3.625     -1.843     2.372E-04     5.912E-02  Exchange
                           Log        Log                                 Activity
 Species              Molality   Activity      Molality      Activity   Coefficient    Type
  H+                    -2.981     -3.021     1.044E-03     9.533E-04     9.127E-01  Aqueous 
  SO4--                 -2.491     -2.673     3.225E-03     2.121E-03     6.576E-01  Aqueous 
  Zn++                  -5.647     -5.819     2.253E-06     1.516E-06     6.731E-01  Aqueous 
  Pb++                  -6.005     -6.185     9.882E-07     6.538E-07     6.616E-01  Aqueous 
  Ca++                  -8.569     -8.741     2.697E-09     1.816E-09     6.731E-01  Aqueous 
  Mg++                  -3.581     -3.744     2.621E-04     1.801E-04     6.872E-01  Aqueous 
  K+                    -4.291     -4.338     5.116E-05     4.593E-05     8.977E-01  Aqueous 
  Na+                   -2.293     -2.338     5.095E-03     4.588E-03     9.005E-01  Aqueous 
  OH-                  -10.931    -10.977     1.172E-11     1.054E-11     8.991E-01  Aqueous 
  HSO4-                 -3.662     -3.707     2.176E-04     1.962E-04     9.019E-01  Aqueous 
  CaSO4(aq)             -9.106     -9.105     7.827E-10     7.845E-10     1.002E+00  Aqueous 
  CaOH+                -18.457    -18.500     3.490E-19     3.161E-19     9.058E-01  Aqueous 
  CaHSO4+              -11.316    -11.367     4.835E-12     4.294E-12     8.881E-01  Aqueous 
  KSO4-                 -6.118     -6.161     7.627E-07     6.897E-07     9.043E-01  Aqueous 
  KOH(aq)              -15.778    -15.777     1.667E-16     1.671E-16     1.002E+00  Aqueous 
  MgSO4(aq)             -4.042     -4.041     9.068E-05     9.089E-05     1.002E+00  Aqueous 
  MgOH+                -12.121    -12.164     7.565E-13     6.861E-13     9.070E-01  Aqueous 
  NaSO4-                -4.268     -4.312     5.394E-05     4.877E-05     9.043E-01  Aqueous 
  NaOH(aq)             -14.117    -14.116     7.634E-15     7.652E-15     1.002E+00  Aqueous 
  PbOH+                -10.828    -10.874     1.485E-11     1.337E-11     9.005E-01  Aqueous 
  PbSO4(aq)             -6.109     -6.108     7.780E-07     7.799E-07     1.002E+00  Aqueous 
  Pb(OH)2(aq)          -17.264    -17.263     5.445E-18     5.458E-18     1.002E+00  Aqueous 
  Pb(SO4)2--            -7.855     -8.061     1.396E-08     8.682E-09     6.220E-01  Aqueous 
  Pb(OH)3-             -25.137    -25.182     7.300E-26     6.574E-26     9.005E-01  Aqueous 
  Pb2OH+++             -15.310    -15.708     4.893E-16     1.957E-16     4.001E-01  Aqueous 
  Pb(OH)4--            -33.595    -33.801     2.540E-34     1.580E-34     6.220E-01  Aqueous 
  ZnOH+                -11.713    -11.758     1.938E-12     1.745E-12     9.005E-01  Aqueous 
  ZnSO4(aq)             -6.130     -6.129     7.414E-07     7.431E-07     1.002E+00  Aqueous 
  Zn(OH)2(aq)          -16.679    -16.678     2.096E-17     2.101E-17     1.002E+00  Aqueous 
  Zn(SO4)2--            -7.680     -7.886     2.090E-08     1.300E-08     6.220E-01  Aqueous 
  Zn(OH)3-             -25.111    -25.157     7.739E-26     6.969E-26     9.005E-01  Aqueous 
  Zn(OH)4--            -34.754    -34.936     1.762E-35     1.159E-35     6.576E-01  Aqueous 
 
  ****** Partial pressure of gases (bars) *****
 
 
  ***** Saturation state of minerals (log[Q/K] *****
 
 
 
  ***** Volum of minerals added or subtracted *****
 
 
 **************************************************************
 ------> GRID LOCATION:    62:  1:  1
 
  Temperature (C)    =     25.000
  Porosity           =      0.250
  Liquid Saturation  =      1.000
  Liquid Density     =    997.075
  Ionic Strength     =      0.010
  Solution pH        =      3.023
  Total Charge       = -2.291E-06
 
 Total Aqueous Concentrations of Primary Species 
 --------------------------------------- 
 
   Species              Molality       Type 
 H+                   1.2538E-03     Aqueous      
 SO4--                3.5699E-03     Aqueous      
 Zn++                 2.9832E-06     Aqueous      
 Pb++                 1.7601E-06     Aqueous      
 Ca++                 3.4484E-09     Aqueous      
 Mg++                 3.4911E-04     Aqueous      
 K+                   5.1677E-05     Aqueous      
 Na+                  5.1243E-03     Aqueous      
 
 Exchangers           Equiv/kgw        Equiv/g solid    Equiv/m^3 bulk
 X-                   2.2055E-02       2.9320E-06       5.4975E+00
 Y-                   3.3082E-02       4.3980E-06       8.2462E+00
 
 Total Concentrations in Exchange Sites 
 -------------------------------------- 
 
 Exchangers           Equiv/kgw        Equiv/g solid    Equiv/m^3 bulk
 Zn++                 3.5573E-04       4.7292E-08       8.8672E-02
 Pb++                 3.2857E-04       4.3682E-08       8.1903E-02
 Ca++                 4.2592E-07       5.6623E-11       1.0617E-04
 Mg++                 2.3035E-02       3.0623E-06       5.7419E+00
 K+                   5.8627E-04       7.7941E-08       1.4614E-01
 Na+                  7.1107E-03       9.4532E-07       1.7725E+00
 
 Concentrations of Individual Species, Exchangers, and Surface Complexes 
 ----------------------------------------------------------------------- 
 
                           Log        Log                 Concentration     
 Species              Molality   Activity      Molality    Mol/m^3 blk  Type
  NaX                   -2.466     -0.810     3.417E-03     8.519E-01  Exchange
  NaY                   -2.433     -0.952     3.693E-03     9.206E-01  Exchange
  KX                    -3.766     -2.109     1.715E-04     4.274E-02  Exchange
  KY                    -3.382     -1.902     4.148E-04     1.034E-01  Exchange
  CaX2                  -6.841     -4.884     1.441E-07     3.592E-05  Exchange
  CaY2                  -6.550     -4.769     2.818E-07     7.025E-05  Exchange
  MgX2                  -2.045     -0.087     9.021E-03     2.249E+00  Exchange
  MgY2                  -1.853     -0.072     1.401E-02     3.493E+00  Exchange
  ZnX2                  -3.920     -1.962     1.204E-04     3.000E-02  Exchange
  ZnY2                  -3.628     -1.847     2.354E-04     5.867E-02  Exchange
  PbX2                  -4.039     -2.082     9.139E-05     2.278E-02  Exchange
  PbY2                  -3.625     -1.843     2.372E-04     5.912E-02  Exchange
                           Log        Log                                 Activity
 Species              Molality   Activity      Molality      Activity   Coefficient    Type
  H+                    -2.984     -3.023     1.038E-03     9.479E-04     9.128E-01  Aqueous 
  SO4--                 -2.494     -2.675     3.209E-03     2.113E-03     6.583E-01  Aqueous 
  Zn++                  -5.652     -5.823     2.231E-06     1.503E-06     6.737E-01  Aqueous 
  Pb++                  -6.009     -6.188     9.784E-07     6.480E-07     6.623E-01  Aqueous 
  Ca++                  -8.573     -8.745     2.671E-09     1.799E-09     6.737E-01  Aqueous 
  Mg++                  -3.586     -3.748     2.596E-04     1.785E-04     6.878E-01  Aqueous 
  K+                    -4.293     -4.340     5.092E-05     4.572E-05     8.979E-01  Aqueous 
  Na+                   -2.295     -2.340     5.071E-03     4.568E-03     9.007E-01  Aqueous 
  OH-                  -10.929    -10.975     1.178E-11     1.060E-11     8.994E-01  Aqueous 
  HSO4-                 -3.667     -3.711     2.154E-04     1.943E-04     9.021E-01  Aqueous 
  CaSO4(aq)             -9.112     -9.111     7.726E-10     7.744E-10     1.002E+00  Aqueous 
  CaOH+                -18.459    -18.502     3.478E-19     3.151E-19     9.060E-01  Aqueous 
  CaHSO4+              -11.324    -11.375     4.744E-12     4.214E-12     8.884E-01  Aqueous 
  KSO4-                 -6.121     -6.165     7.560E-07     6.838E-07     9.045E-01  Aqueous 
  KOH(aq)              -15.778    -15.777     1.669E-16     1.673E-16     1.002E+00  Aqueous 
  MgSO4(aq)             -4.048     -4.047     8.951E-05     8.972E-05     1.002E+00  Aqueous 
  MgOH+                -12.123    -12.165     7.539E-13     6.839E-13     9.072E-01  Aqueous 
  NaSO4-                -4.272     -4.316     5.347E-05     4.836E-05     9.045E-01  Aqueous 
  NaOH(aq)             -14.117    -14.116     7.643E-15     7.661E-15     1.002E+00  Aqueous 
  PbOH+                -10.830    -10.875     1.480E-11     1.333E-11     9.007E-01  Aqueous 
  PbSO4(aq)             -6.115     -6.114     7.680E-07     7.698E-07     1.002E+00  Aqueous 
  Pb(OH)2(aq)          -17.263    -17.262     5.458E-18     5.471E-18     1.002E+00  Aqueous 
  Pb(SO4)2--            -7.863     -8.069     1.370E-08     8.534E-09     6.228E-01  Aqueous 
  Pb(OH)3-             -25.133    -25.179     7.358E-26     6.627E-26     9.007E-01  Aqueous 
  Pb2OH+++             -15.317    -15.714     4.823E-16     1.934E-16     4.009E-01  Aqueous 
  Pb(OH)4--            -33.590    -33.795     2.572E-34     1.602E-34     6.228E-01  Aqueous 
  ZnOH+                -11.714    -11.760     1.931E-12     1.739E-12     9.007E-01  Aqueous 
  ZnSO4(aq)             -6.136     -6.135     7.318E-07     7.335E-07     1.002E+00  Aqueous 
  Zn(OH)2(aq)          -16.678    -16.677     2.101E-17     2.106E-17     1.002E+00  Aqueous 
  Zn(SO4)2--            -7.688     -7.893     2.052E-08     1.278E-08     6.228E-01  Aqueous 
  Zn(OH)3-             -25.108    -25.153     7.800E-26     7.026E-26     9.007E-01  Aqueous 
  Zn(OH)4--            -34.748    -34.930     1.785E-35     1.175E-35     6.583E-01  Aqueous 
 
  ****** Partial pressure of gases (bars) *****
 
 
  ***** Saturation state of minerals (log[Q/K] *****
 
 
 
  ***** Volum of minerals added or subtracted *****
 
 
 **************************************************************
 ------> GRID LOCATION:    63:  1:  1
 
  Temperature (C)    =     25.000
  Porosity           =      0.250
  Liquid Saturation  =      1.000
  Liquid Density     =    997.075
  Ionic Strength     =      0.010
  Solution pH        =      3.026
  Total Charge       = -2.274E-06
 
 Total Aqueous Concentrations of Primary Species 
 --------------------------------------- 
 
   Species              Molality       Type 
 H+                   1.2435E-03     Aqueous      
 SO4--                3.5448E-03     Aqueous      
 Zn++                 2.9438E-06     Aqueous      
 Pb++                 1.7354E-06     Aqueous      
 Ca++                 3.4033E-09     Aqueous      
 Mg++                 3.4452E-04     Aqueous      
 K+                   5.1369E-05     Aqueous      
 Na+                  5.0941E-03     Aqueous      
 
 Exchangers           Equiv/kgw        Equiv/g solid    Equiv/m^3 bulk
 X-                   2.2055E-02       2.9320E-06       5.4975E+00
 Y-                   3.3082E-02       4.3980E-06       8.2462E+00
 
 Total Concentrations in Exchange Sites 
 -------------------------------------- 
 
 Exchangers           Equiv/kgw        Equiv/g solid    Equiv/m^3 bulk
 Zn++                 3.5573E-04       4.7291E-08       8.8671E-02
 Pb++                 3.2857E-04       4.3682E-08       8.1903E-02
 Ca++                 4.2591E-07       5.6622E-11       1.0617E-04
 Mg++                 2.3035E-02       3.0623E-06       5.7419E+00
 K+                   5.8628E-04       7.7941E-08       1.4614E-01
 Na+                  7.1109E-03       9.4535E-07       1.7725E+00
 
 Concentrations of Individual Species, Exchangers, and Surface Complexes 
 ----------------------------------------------------------------------- 
 
                           Log        Log                 Concentration     
 Species              Molality   Activity      Molality    Mol/m^3 blk  Type
  NaX                   -2.466     -0.810     3.418E-03     8.519E-01  Exchange
  NaY                   -2.433     -0.952     3.693E-03     9.206E-01  Exchange
  KX                    -3.766     -2.109     1.715E-04     4.274E-02  Exchange
  KY                    -3.382     -1.902     4.148E-04     1.034E-01  Exchange
  CaX2                  -6.841     -4.884     1.441E-07     3.592E-05  Exchange
  CaY2                  -6.550     -4.769     2.818E-07     7.025E-05  Exchange
  MgX2                  -2.045     -0.087     9.021E-03     2.249E+00  Exchange
  MgY2                  -1.853     -0.072     1.401E-02     3.493E+00  Exchange
  ZnX2                  -3.920     -1.962     1.204E-04     3.000E-02  Exchange
  ZnY2                  -3.628     -1.847     2.354E-04     5.867E-02  Exchange
  PbX2                  -4.039     -2.082     9.139E-05     2.278E-02  Exchange
  PbY2                  -3.625     -1.843     2.372E-04     5.912E-02  Exchange
                           Log        Log                                 Activity
 Species              Molality   Activity      Molality      Activity   Coefficient    Type
  H+                    -2.987     -3.026     1.031E-03     9.411E-04     9.131E-01  Aqueous 
  SO4--                 -2.496     -2.677     3.189E-03     2.102E-03     6.591E-01  Aqueous 
  Zn++                  -5.657     -5.828     2.204E-06     1.486E-06     6.744E-01  Aqueous 
  Pb++                  -6.015     -6.193     9.664E-07     6.408E-07     6.631E-01  Aqueous 
  Ca++                  -8.579     -8.750     2.639E-09     1.779E-09     6.744E-01  Aqueous 
  Mg++                  -3.591     -3.753     2.565E-04     1.766E-04     6.884E-01  Aqueous 
  K+                    -4.296     -4.342     5.062E-05     4.547E-05     8.982E-01  Aqueous 
  Na+                   -2.297     -2.343     5.041E-03     4.542E-03     9.010E-01  Aqueous 
  OH-                  -10.926    -10.972     1.187E-11     1.067E-11     8.996E-01  Aqueous 
  HSO4-                 -3.672     -3.717     2.127E-04     1.920E-04     9.024E-01  Aqueous 
  CaSO4(aq)             -9.119     -9.118     7.601E-10     7.619E-10     1.002E+00  Aqueous 
  CaOH+                -18.461    -18.503     3.463E-19     3.138E-19     9.062E-01  Aqueous 
  CaHSO4+              -11.334    -11.385     4.632E-12     4.116E-12     8.887E-01  Aqueous 
  KSO4-                 -6.126     -6.170     7.478E-07     6.765E-07     9.047E-01  Aqueous 
  KOH(aq)              -15.777    -15.776     1.671E-16     1.675E-16     1.002E+00  Aqueous 
  MgSO4(aq)             -4.055     -4.054     8.806E-05     8.827E-05     1.002E+00  Aqueous 
  MgOH+                -12.125    -12.167     7.506E-13     6.811E-13     9.074E-01  Aqueous 
  NaSO4-                -4.277     -4.320     5.289E-05     4.785E-05     9.047E-01  Aqueous 
  NaOH(aq)             -14.116    -14.115     7.656E-15     7.673E-15     1.002E+00  Aqueous 
  PbOH+                -10.832    -10.877     1.473E-11     1.328E-11     9.010E-01  Aqueous 
  PbSO4(aq)             -6.122     -6.121     7.556E-07     7.574E-07     1.002E+00  Aqueous 
  Pb(OH)2(aq)          -17.262    -17.261     5.475E-18     5.488E-18     1.002E+00  Aqueous 
  Pb(SO4)2--            -7.873     -8.078     1.339E-08     8.354E-09     6.238E-01  Aqueous 
  Pb(OH)3-             -25.129    -25.174     7.431E-26     6.695E-26     9.010E-01  Aqueous 
  Pb2OH+++             -15.324    -15.720     4.738E-16     1.905E-16     4.020E-01  Aqueous 
  Pb(OH)4--            -33.583    -33.788     2.613E-34     1.630E-34     6.238E-01  Aqueous 
  ZnOH+                -11.716    -11.761     1.923E-12     1.732E-12     9.010E-01  Aqueous 
  ZnSO4(aq)             -6.143     -6.142     7.200E-07     7.216E-07     1.002E+00  Aqueous 
  Zn(OH)2(aq)          -16.676    -16.675     2.108E-17     2.112E-17     1.002E+00  Aqueous 
  Zn(SO4)2--            -7.698     -7.903     2.005E-08     1.251E-08     6.238E-01  Aqueous 
  Zn(OH)3-             -25.104    -25.149     7.878E-26     7.098E-26     9.010E-01  Aqueous 
  Zn(OH)4--            -34.741    -34.923     1.814E-35     1.195E-35     6.591E-01  Aqueous 
 
  ****** Partial pressure of gases (bars) *****
 
 
  ***** Saturation state of minerals (log[Q/K] *****
 
 
 
  ***** Volum of minerals added or subtracted *****
 
 
 **************************************************************
 ------> GRID LOCATION:    64:  1:  1
 
  Temperature (C)    =     25.000
  Porosity           =      0.250
  Liquid Saturation  =      1.000
  Liquid Density     =    997.075
  Ionic Strength     =      0.010
  Solution pH        =      3.030
  Total Charge       = -2.252E-06
 
 Total Aqueous Concentrations of Primary Species 
 --------------------------------------- 
 
   Species              Molality       Type 
 H+                   1.2309E-03     Aqueous      
 SO4--                3.5141E-03     Aqueous      
 Zn++                 2.8958E-06     Aqueous      
 Pb++                 1.7054E-06     Aqueous      
 Ca++                 3.3484E-09     Aqueous      
 Mg++                 3.3896E-04     Aqueous      
 K+                   5.0991E-05     Aqueous      
 Na+                  5.0570E-03     Aqueous      
 
 Exchangers           Equiv/kgw        Equiv/g solid    Equiv/m^3 bulk
 X-                   2.2055E-02       2.9320E-06       5.4975E+00
 Y-                   3.3082E-02       4.3980E-06       8.2462E+00
 
 Total Concentrations in Exchange Sites 
 -------------------------------------- 
 
 Exchangers           Equiv/kgw        Equiv/g solid    Equiv/m^3 bulk
 Zn++                 3.5573E-04       4.7291E-08       8.8671E-02
 Pb++                 3.2857E-04       4.3681E-08       8.1903E-02
 Ca++                 4.2591E-07       5.6622E-11       1.0617E-04
 Mg++                 2.3035E-02       3.0623E-06       5.7418E+00
 K+                   5.8628E-04       7.7941E-08       1.4614E-01
 Na+                  7.1111E-03       9.4538E-07       1.7726E+00
 
 Concentrations of Individual Species, Exchangers, and Surface Complexes 
 ----------------------------------------------------------------------- 
 
                           Log        Log                 Concentration     
 Species              Molality   Activity      Molality    Mol/m^3 blk  Type
  NaX                   -2.466     -0.810     3.418E-03     8.519E-01  Exchange
  NaY                   -2.433     -0.952     3.693E-03     9.207E-01  Exchange
  KX                    -3.766     -2.109     1.715E-04     4.274E-02  Exchange
  KY                    -3.382     -1.902     4.148E-04     1.034E-01  Exchange
  CaX2                  -6.841     -4.884     1.441E-07     3.592E-05  Exchange
  CaY2                  -6.550     -4.769     2.818E-07     7.025E-05  Exchange
  MgX2                  -2.045     -0.087     9.021E-03     2.249E+00  Exchange
  MgY2                  -1.853     -0.072     1.401E-02     3.493E+00  Exchange
  ZnX2                  -3.920     -1.962     1.204E-04     3.000E-02  Exchange
  ZnY2                  -3.628     -1.847     2.354E-04     5.867E-02  Exchange
  PbX2                  -4.039     -2.082     9.139E-05     2.278E-02  Exchange
  PbY2                  -3.625     -1.843     2.372E-04     5.912E-02  Exchange
                           Log        Log                                 Activity
 Species              Molality   Activity      Molality      Activity   Coefficient    Type
  H+                    -2.991     -3.030     1.021E-03     9.329E-04     9.133E-01  Aqueous 
  SO4--                 -2.500     -2.680     3.164E-03     2.089E-03     6.601E-01  Aqueous 
  Zn++                  -5.663     -5.834     2.171E-06     1.466E-06     6.753E-01  Aqueous 
  Pb++                  -6.021     -6.199     9.518E-07     6.320E-07     6.640E-01  Aqueous 
  Ca++                  -8.585     -8.756     2.599E-09     1.755E-09     6.753E-01  Aqueous 
  Mg++                  -3.597     -3.759     2.526E-04     1.741E-04     6.893E-01  Aqueous 
  K+                    -4.299     -4.345     5.025E-05     4.516E-05     8.986E-01  Aqueous 
  Na+                   -2.301     -2.346     5.005E-03     4.511E-03     9.014E-01  Aqueous 
  OH-                  -10.922    -10.968     1.197E-11     1.077E-11     9.000E-01  Aqueous 
  HSO4-                 -3.679     -3.723     2.095E-04     1.891E-04     9.027E-01  Aqueous 
  CaSO4(aq)             -9.128     -9.127     7.450E-10     7.467E-10     1.002E+00  Aqueous 
  CaOH+                -18.463    -18.506     3.444E-19     3.122E-19     9.065E-01  Aqueous 
  CaHSO4+              -11.347    -11.398     4.498E-12     3.999E-12     8.891E-01  Aqueous 
  KSO4-                 -6.132     -6.175     7.377E-07     6.677E-07     9.050E-01  Aqueous 
  KOH(aq)              -15.776    -15.775     1.675E-16     1.678E-16     1.002E+00  Aqueous 
  MgSO4(aq)             -4.064     -4.063     8.631E-05     8.651E-05     1.002E+00  Aqueous 
  MgOH+                -12.127    -12.169     7.467E-13     6.778E-13     9.077E-01  Aqueous 
  NaSO4-                -4.283     -4.326     5.218E-05     4.722E-05     9.050E-01  Aqueous 
  NaOH(aq)             -14.115    -14.114     7.671E-15     7.688E-15     1.002E+00  Aqueous 
  PbOH+                -10.834    -10.879     1.466E-11     1.321E-11     9.014E-01  Aqueous 
  PbSO4(aq)             -6.130     -6.129     7.406E-07     7.423E-07     1.002E+00  Aqueous 
  Pb(OH)2(aq)          -17.260    -17.259     5.496E-18     5.509E-18     1.002E+00  Aqueous 
  Pb(SO4)2--            -7.885     -8.090     1.302E-08     8.136E-09     6.250E-01  Aqueous 
  Pb(OH)3-             -25.124    -25.169     7.523E-26     6.781E-26     9.014E-01  Aqueous 
  Pb2OH+++             -15.334    -15.728     4.635E-16     1.869E-16     4.033E-01  Aqueous 
  Pb(OH)4--            -33.574    -33.779     2.664E-34     1.665E-34     6.250E-01  Aqueous 
  ZnOH+                -11.718    -11.764     1.912E-12     1.724E-12     9.014E-01  Aqueous 
  ZnSO4(aq)             -6.151     -6.150     7.057E-07     7.073E-07     1.002E+00  Aqueous 
  Zn(OH)2(aq)          -16.675    -16.674     2.116E-17     2.121E-17     1.002E+00  Aqueous 
  Zn(SO4)2--            -7.710     -7.914     1.949E-08     1.218E-08     6.250E-01  Aqueous 
  Zn(OH)3-             -25.098    -25.143     7.975E-26     7.188E-26     9.014E-01  Aqueous 
  Zn(OH)4--            -34.733    -34.913     1.850E-35     1.221E-35     6.601E-01  Aqueous 
 
  ****** Partial pressure of gases (bars) *****
 
 
  ***** Saturation state of minerals (log[Q/K] *****
 
 
 
  ***** Volum of minerals added or subtracted *****
 
 
 **************************************************************
 ------> GRID LOCATION:    65:  1:  1
 
  Temperature (C)    =     25.000
  Porosity           =      0.250
  Liquid Saturation  =      1.000
  Liquid Density     =    997.075
  Ionic Strength     =      0.010
  Solution pH        =      3.035
  Total Charge       = -2.225E-06
 
 Total Aqueous Concentrations of Primary Species 
 --------------------------------------- 
 
   Species              Molality       Type 
 H+                   1.2157E-03     Aqueous      
 SO4--                3.4771E-03     Aqueous      
 Zn++                 2.8384E-06     Aqueous      
 Pb++                 1.6695E-06     Aqueous      
 Ca++                 3.2827E-09     Aqueous      
 Mg++                 3.3229E-04     Aqueous      
 K+                   5.0535E-05     Aqueous      
 Na+                  5.0122E-03     Aqueous      
 
 Exchangers           Equiv/kgw        Equiv/g solid    Equiv/m^3 bulk
 X-                   2.2055E-02       2.9320E-06       5.4975E+00
 Y-                   3.3082E-02       4.3980E-06       8.2462E+00
 
 Total Concentrations in Exchange Sites 
 -------------------------------------- 
 
 Exchangers           Equiv/kgw        Equiv/g solid    Equiv/m^3 bulk
 Zn++                 3.5572E-04       4.7291E-08       8.8671E-02
 Pb++                 3.2857E-04       4.3681E-08       8.1903E-02
 Ca++                 4.2591E-07       5.6622E-11       1.0617E-04
 Mg++                 2.3035E-02       3.0623E-06       5.7418E+00
 K+                   5.8628E-04       7.7942E-08       1.4614E-01
 Na+                  7.1114E-03       9.4541E-07       1.7726E+00
 
 Concentrations of Individual Species, Exchangers, and Surface Complexes 
 ----------------------------------------------------------------------- 
 
                           Log        Log                 Concentration     
 Species              Molality   Activity      Molality    Mol/m^3 blk  Type
  NaX                   -2.466     -0.810     3.418E-03     8.519E-01  Exchange
  NaY                   -2.433     -0.952     3.694E-03     9.207E-01  Exchange
  KX                    -3.766     -2.109     1.715E-04     4.274E-02  Exchange
  KY                    -3.382     -1.902     4.148E-04     1.034E-01  Exchange
  CaX2                  -6.841     -4.884     1.441E-07     3.592E-05  Exchange
  CaY2                  -6.550     -4.769     2.818E-07     7.025E-05  Exchange
  MgX2                  -2.045     -0.087     9.021E-03     2.249E+00  Exchange
  MgY2                  -1.853     -0.072     1.401E-02     3.493E+00  Exchange
  ZnX2                  -3.920     -1.962     1.203E-04     3.000E-02  Exchange
  ZnY2                  -3.628     -1.847     2.354E-04     5.867E-02  Exchange
  PbX2                  -4.039     -2.082     9.139E-05     2.278E-02  Exchange
  PbY2                  -3.625     -1.843     2.372E-04     5.912E-02  Exchange
                           Log        Log                                 Activity
 Species              Molality   Activity      Molality      Activity   Coefficient    Type
  H+                    -2.996     -3.035     1.010E-03     9.229E-04     9.136E-01  Aqueous 
  SO4--                 -2.504     -2.684     3.134E-03     2.072E-03     6.613E-01  Aqueous 
  Zn++                  -5.671     -5.841     2.131E-06     1.441E-06     6.765E-01  Aqueous 
  Pb++                  -6.030     -6.207     9.343E-07     6.215E-07     6.652E-01  Aqueous 
  Ca++                  -8.593     -8.763     2.551E-09     1.726E-09     6.765E-01  Aqueous 
  Mg++                  -3.605     -3.766     2.481E-04     1.712E-04     6.903E-01  Aqueous 
  K+                    -4.303     -4.349     4.981E-05     4.478E-05     8.990E-01  Aqueous 
  Na+                   -2.304     -2.349     4.961E-03     4.474E-03     9.018E-01  Aqueous 
  OH-                  -10.918    -10.963     1.209E-11     1.089E-11     9.004E-01  Aqueous 
  HSO4-                 -3.687     -3.731     2.055E-04     1.856E-04     9.031E-01  Aqueous 
  CaSO4(aq)             -9.138     -9.137     7.270E-10     7.286E-10     1.002E+00  Aqueous 
  CaOH+                -18.466    -18.508     3.422E-19     3.104E-19     9.069E-01  Aqueous 
  CaHSO4+              -11.363    -11.413     4.339E-12     3.861E-12     8.897E-01  Aqueous 
  KSO4-                 -6.139     -6.182     7.256E-07     6.570E-07     9.054E-01  Aqueous 
  KOH(aq)              -15.775    -15.774     1.679E-16     1.682E-16     1.002E+00  Aqueous 
  MgSO4(aq)             -4.075     -4.074     8.423E-05     8.442E-05     1.002E+00  Aqueous 
  MgOH+                -12.130    -12.172     7.419E-13     6.737E-13     9.081E-01  Aqueous 
  NaSO4-                -4.290     -4.333     5.132E-05     4.647E-05     9.054E-01  Aqueous 
  NaOH(aq)             -14.114    -14.113     7.689E-15     7.707E-15     1.002E+00  Aqueous 
  PbOH+                -10.837    -10.882     1.456E-11     1.313E-11     9.018E-01  Aqueous 
  PbSO4(aq)             -6.141     -6.140     7.227E-07     7.243E-07     1.002E+00  Aqueous 
  Pb(OH)2(aq)          -17.258    -17.257     5.523E-18     5.535E-18     1.002E+00  Aqueous 
  Pb(SO4)2--            -7.900     -8.104     1.258E-08     7.878E-09     6.265E-01  Aqueous 
  Pb(OH)3-             -25.117    -25.162     7.636E-26     6.886E-26     9.018E-01  Aqueous 
  Pb2OH+++             -15.346    -15.738     4.513E-16     1.827E-16     4.048E-01  Aqueous 
  Pb(OH)4--            -33.564    -33.767     2.729E-34     1.709E-34     6.265E-01  Aqueous 
  ZnOH+                -11.721    -11.766     1.900E-12     1.713E-12     9.018E-01  Aqueous 
  ZnSO4(aq)             -6.162     -6.161     6.886E-07     6.902E-07     1.002E+00  Aqueous 
  Zn(OH)2(aq)          -16.672    -16.671     2.126E-17     2.131E-17     1.002E+00  Aqueous 
  Zn(SO4)2--            -7.725     -7.928     1.883E-08     1.180E-08     6.265E-01  Aqueous 
  Zn(OH)3-             -25.092    -25.137     8.096E-26     7.301E-26     9.018E-01  Aqueous 
  Zn(OH)4--            -34.722    -34.902     1.896E-35     1.254E-35     6.613E-01  Aqueous 
 
  ****** Partial pressure of gases (bars) *****
 
 
  ***** Saturation state of minerals (log[Q/K] *****
 
 
 
  ***** Volum of minerals added or subtracted *****
 
 
 **************************************************************
 ------> GRID LOCATION:    66:  1:  1
 
  Temperature (C)    =     25.000
  Porosity           =      0.250
  Liquid Saturation  =      1.000
  Liquid Density     =    997.075
  Ionic Strength     =      0.010
  Solution pH        =      3.040
  Total Charge       = -2.194E-06
 
 Total Aqueous Concentrations of Primary Species 
 --------------------------------------- 
 
   Species              Molality       Type 
 H+                   1.1976E-03     Aqueous      
 SO4--                3.4331E-03     Aqueous      
 Zn++                 2.7708E-06     Aqueous      
 Pb++                 1.6273E-06     Aqueous      
 Ca++                 3.2053E-09     Aqueous      
 Mg++                 3.2444E-04     Aqueous      
 K+                   4.9990E-05     Aqueous      
 Na+                  4.9587E-03     Aqueous      
 
 Exchangers           Equiv/kgw        Equiv/g solid    Equiv/m^3 bulk
 X-                   2.2055E-02       2.9320E-06       5.4975E+00
 Y-                   3.3082E-02       4.3980E-06       8.2462E+00
 
 Total Concentrations in Exchange Sites 
 -------------------------------------- 
 
 Exchangers           Equiv/kgw        Equiv/g solid    Equiv/m^3 bulk
 Zn++                 3.5572E-04       4.7291E-08       8.8671E-02
 Pb++                 3.2857E-04       4.3681E-08       8.1902E-02
 Ca++                 4.2591E-07       5.6622E-11       1.0617E-04
 Mg++                 2.3034E-02       3.0623E-06       5.7418E+00
 K+                   5.8628E-04       7.7942E-08       1.4614E-01
 Na+                  7.1116E-03       9.4544E-07       1.7727E+00
 
 Concentrations of Individual Species, Exchangers, and Surface Complexes 
 ----------------------------------------------------------------------- 
 
                           Log        Log                 Concentration     
 Species              Molality   Activity      Molality    Mol/m^3 blk  Type
  NaX                   -2.466     -0.810     3.418E-03     8.520E-01  Exchange
  NaY                   -2.433     -0.952     3.694E-03     9.207E-01  Exchange
  KX                    -3.766     -2.109     1.715E-04     4.274E-02  Exchange
  KY                    -3.382     -1.902     4.148E-04     1.034E-01  Exchange
  CaX2                  -6.841     -4.884     1.441E-07     3.592E-05  Exchange
  CaY2                  -6.550     -4.769     2.818E-07     7.025E-05  Exchange
  MgX2                  -2.045     -0.087     9.021E-03     2.249E+00  Exchange
  MgY2                  -1.853     -0.072     1.401E-02     3.493E+00  Exchange
  ZnX2                  -3.920     -1.962     1.203E-04     3.000E-02  Exchange
  ZnY2                  -3.628     -1.847     2.354E-04     5.867E-02  Exchange
  PbX2                  -4.039     -2.082     9.138E-05     2.278E-02  Exchange
  PbY2                  -3.625     -1.843     2.372E-04     5.912E-02  Exchange
                           Log        Log                                 Activity
 Species              Molality   Activity      Molality      Activity   Coefficient    Type
  H+                    -3.001     -3.040     9.967E-04     9.110E-04     9.140E-01  Aqueous 
  SO4--                 -2.509     -2.688     3.098E-03     2.053E-03     6.628E-01  Aqueous 
  Zn++                  -5.681     -5.850     2.084E-06     1.413E-06     6.778E-01  Aqueous 
  Pb++                  -6.039     -6.215     9.136E-07     6.090E-07     6.667E-01  Aqueous 
  Ca++                  -8.603     -8.772     2.495E-09     1.691E-09     6.778E-01  Aqueous 
  Mg++                  -3.615     -3.775     2.427E-04     1.678E-04     6.915E-01  Aqueous 
  K+                    -4.307     -4.353     4.928E-05     4.433E-05     8.995E-01  Aqueous 
  Na+                   -2.309     -2.354     4.908E-03     4.429E-03     9.023E-01  Aqueous 
  OH-                  -10.912    -10.958     1.224E-11     1.103E-11     9.009E-01  Aqueous 
  HSO4-                 -3.697     -3.741     2.009E-04     1.815E-04     9.036E-01  Aqueous 
  CaSO4(aq)             -9.151     -9.150     7.058E-10     7.074E-10     1.002E+00  Aqueous 
  CaOH+                -18.469    -18.511     3.396E-19     3.081E-19     9.073E-01  Aqueous 
  CaHSO4+              -11.381    -11.432     4.156E-12     3.700E-12     8.903E-01  Aqueous 
  KSO4-                 -6.148     -6.191     7.113E-07     6.444E-07     9.059E-01  Aqueous 
  KOH(aq)              -15.774    -15.773     1.683E-16     1.687E-16     1.002E+00  Aqueous 
  MgSO4(aq)             -4.087     -4.086     8.178E-05     8.196E-05     1.002E+00  Aqueous 
  MgOH+                -12.133    -12.175     7.362E-13     6.688E-13     9.085E-01  Aqueous 
  NaSO4-                -4.298     -4.341     5.031E-05     4.558E-05     9.059E-01  Aqueous 
  NaOH(aq)             -14.113    -14.112     7.712E-15     7.729E-15     1.002E+00  Aqueous 
  PbOH+                -10.840    -10.885     1.445E-11     1.304E-11     9.023E-01  Aqueous 
  PbSO4(aq)             -6.154     -6.153     7.016E-07     7.032E-07     1.002E+00  Aqueous 
  Pb(OH)2(aq)          -17.255    -17.254     5.555E-18     5.567E-18     1.002E+00  Aqueous 
  Pb(SO4)2--            -7.919     -8.120     1.206E-08     7.578E-09     6.283E-01  Aqueous 
  Pb(OH)3-             -25.109    -25.154     7.777E-26     7.017E-26     9.023E-01  Aqueous 
  Pb2OH+++             -15.360    -15.750     4.370E-16     1.777E-16     4.068E-01  Aqueous 
  Pb(OH)4--            -33.552    -33.753     2.809E-34     1.765E-34     6.283E-01  Aqueous 
  ZnOH+                -11.725    -11.769     1.885E-12     1.701E-12     9.023E-01  Aqueous 
  ZnSO4(aq)             -6.175     -6.174     6.686E-07     6.701E-07     1.002E+00  Aqueous 
  Zn(OH)2(aq)          -16.670    -16.669     2.138E-17     2.143E-17     1.002E+00  Aqueous 
  Zn(SO4)2--            -7.743     -7.945     1.806E-08     1.135E-08     6.283E-01  Aqueous 
  Zn(OH)3-             -25.084    -25.129     8.244E-26     7.439E-26     9.023E-01  Aqueous 
  Zn(OH)4--            -34.709    -34.888     1.953E-35     1.294E-35     6.628E-01  Aqueous 
 
  ****** Partial pressure of gases (bars) *****
 
 
  ***** Saturation state of minerals (log[Q/K] *****
 
 
 
  ***** Volum of minerals added or subtracted *****
 
 
 **************************************************************
 ------> GRID LOCATION:    67:  1:  1
 
  Temperature (C)    =     25.000
  Porosity           =      0.250
  Liquid Saturation  =      1.000
  Liquid Density     =    997.075
  Ionic Strength     =      0.010
  Solution pH        =      3.047
  Total Charge       = -2.157E-06
 
 Total Aqueous Concentrations of Primary Species 
 --------------------------------------- 
 
   Species              Molality       Type 
 H+                   1.1763E-03     Aqueous      
 SO4--                3.3814E-03     Aqueous      
 Zn++                 2.6923E-06     Aqueous      
 Pb++                 1.5784E-06     Aqueous      
 Ca++                 3.1155E-09     Aqueous      
 Mg++                 3.1533E-04     Aqueous      
 K+                   4.9349E-05     Aqueous      
 Na+                  4.8957E-03     Aqueous      
 
 Exchangers           Equiv/kgw        Equiv/g solid    Equiv/m^3 bulk
 X-                   2.2055E-02       2.9320E-06       5.4975E+00
 Y-                   3.3082E-02       4.3980E-06       8.2462E+00
 
 Total Concentrations in Exchange Sites 
 -------------------------------------- 
 
 Exchangers           Equiv/kgw        Equiv/g solid    Equiv/m^3 bulk
 Zn++                 3.5572E-04       4.7291E-08       8.8670E-02
 Pb++                 3.2857E-04       4.3681E-08       8.1902E-02
 Ca++                 4.2591E-07       5.6622E-11       1.0617E-04
 Mg++                 2.3034E-02       3.0623E-06       5.7417E+00
 K+                   5.8628E-04       7.7942E-08       1.4614E-01
 Na+                  7.1119E-03       9.4548E-07       1.7728E+00
 
 Concentrations of Individual Species, Exchangers, and Surface Complexes 
 ----------------------------------------------------------------------- 
 
                           Log        Log                 Concentration     
 Species              Molality   Activity      Molality    Mol/m^3 blk  Type
  NaX                   -2.466     -0.810     3.418E-03     8.520E-01  Exchange
  NaY                   -2.433     -0.952     3.694E-03     9.208E-01  Exchange
  KX                    -3.766     -2.109     1.715E-04     4.274E-02  Exchange
  KY                    -3.382     -1.902     4.148E-04     1.034E-01  Exchange
  CaX2                  -6.841     -4.884     1.441E-07     3.592E-05  Exchange
  CaY2                  -6.550     -4.769     2.818E-07     7.025E-05  Exchange
  MgX2                  -2.045     -0.087     9.021E-03     2.249E+00  Exchange
  MgY2                  -1.853     -0.072     1.401E-02     3.493E+00  Exchange
  ZnX2                  -3.920     -1.962     1.203E-04     3.000E-02  Exchange
  ZnY2                  -3.628     -1.847     2.354E-04     5.867E-02  Exchange
  PbX2                  -4.039     -2.082     9.138E-05     2.278E-02  Exchange
  PbY2                  -3.625     -1.843     2.372E-04     5.912E-02  Exchange
                           Log        Log                                 Activity
 Species              Molality   Activity      Molality      Activity   Coefficient    Type
  H+                    -3.008     -3.047     9.808E-04     8.969E-04     9.145E-01  Aqueous 
  SO4--                 -2.515     -2.692     3.056E-03     2.031E-03     6.645E-01  Aqueous 
  Zn++                  -5.693     -5.860     2.030E-06     1.379E-06     6.794E-01  Aqueous 
  Pb++                  -6.051     -6.226     8.895E-07     5.945E-07     6.684E-01  Aqueous 
  Ca++                  -8.614     -8.782     2.430E-09     1.651E-09     6.794E-01  Aqueous 
  Mg++                  -3.626     -3.786     2.364E-04     1.638E-04     6.930E-01  Aqueous 
  K+                    -4.313     -4.359     4.865E-05     4.380E-05     9.002E-01  Aqueous 
  Na+                   -2.315     -2.359     4.847E-03     4.376E-03     9.029E-01  Aqueous 
  OH-                  -10.906    -10.951     1.242E-11     1.120E-11     9.015E-01  Aqueous 
  HSO4-                 -3.709     -3.753     1.955E-04     1.768E-04     9.042E-01  Aqueous 
  CaSO4(aq)             -9.167     -9.166     6.814E-10     6.829E-10     1.002E+00  Aqueous 
  CaOH+                -18.473    -18.515     3.365E-19     3.055E-19     9.079E-01  Aqueous 
  CaHSO4+              -11.404    -11.454     3.947E-12     3.517E-12     8.910E-01  Aqueous 
  KSO4-                 -6.158     -6.201     6.946E-07     6.296E-07     9.064E-01  Aqueous 
  KOH(aq)              -15.772    -15.771     1.689E-16     1.693E-16     1.002E+00  Aqueous 
  MgSO4(aq)             -4.103     -4.102     7.895E-05     7.912E-05     1.002E+00  Aqueous 
  MgOH+                -12.137    -12.178     7.294E-13     6.631E-13     9.091E-01  Aqueous 
  NaSO4-                -4.309     -4.351     4.913E-05     4.453E-05     9.064E-01  Aqueous 
  NaOH(aq)             -14.111    -14.110     7.739E-15     7.757E-15     1.002E+00  Aqueous 
  PbOH+                -10.844    -10.889     1.431E-11     1.292E-11     9.029E-01  Aqueous 
  PbSO4(aq)             -6.169     -6.168     6.774E-07     6.789E-07     1.002E+00  Aqueous 
  Pb(OH)2(aq)          -17.252    -17.251     5.593E-18     5.606E-18     1.002E+00  Aqueous 
  Pb(SO4)2--            -7.940     -8.141     1.148E-08     7.235E-09     6.304E-01  Aqueous 
  Pb(OH)3-             -25.100    -25.144     7.948E-26     7.176E-26     9.029E-01  Aqueous 
  Pb2OH+++             -15.376    -15.764     4.206E-16     1.720E-16     4.090E-01  Aqueous 
  Pb(OH)4--            -33.536    -33.737     2.908E-34     1.833E-34     6.304E-01  Aqueous 
  ZnOH+                -11.729    -11.773     1.868E-12     1.686E-12     9.029E-01  Aqueous 
  ZnSO4(aq)             -6.190     -6.189     6.454E-07     6.469E-07     1.002E+00  Aqueous 
  Zn(OH)2(aq)          -16.667    -16.666     2.153E-17     2.158E-17     1.002E+00  Aqueous 
  Zn(SO4)2--            -7.765     -7.965     1.719E-08     1.083E-08     6.304E-01  Aqueous 
  Zn(OH)3-             -25.074    -25.119     8.426E-26     7.608E-26     9.029E-01  Aqueous 
  Zn(OH)4--            -34.694    -34.872     2.023E-35     1.344E-35     6.645E-01  Aqueous 
 
  ****** Partial pressure of gases (bars) *****
 
 
  ***** Saturation state of minerals (log[Q/K] *****
 
 
 
  ***** Volum of minerals added or subtracted *****
 
 
 **************************************************************
 ------> GRID LOCATION:    68:  1:  1
 
  Temperature (C)    =     25.000
  Porosity           =      0.250
  Liquid Saturation  =      1.000
  Liquid Density     =    997.075
  Ionic Strength     =      0.009
  Solution pH        =      3.055
  Total Charge       = -2.115E-06
 
 Total Aqueous Concentrations of Primary Species 
 --------------------------------------- 
 
   Species              Molality       Type 
 H+                   1.1517E-03     Aqueous      
 SO4--                3.3215E-03     Aqueous      
 Zn++                 2.6027E-06     Aqueous      
 Pb++                 1.5227E-06     Aqueous      
 Ca++                 3.0129E-09     Aqueous      
 Mg++                 3.0492E-04     Aqueous      
 K+                   4.8604E-05     Aqueous      
 Na+                  4.8225E-03     Aqueous      
 
 Exchangers           Equiv/kgw        Equiv/g solid    Equiv/m^3 bulk
 X-                   2.2055E-02       2.9320E-06       5.4975E+00
 Y-                   3.3082E-02       4.3980E-06       8.2462E+00
 
 Total Concentrations in Exchange Sites 
 -------------------------------------- 
 
 Exchangers           Equiv/kgw        Equiv/g solid    Equiv/m^3 bulk
 Zn++                 3.5572E-04       4.7291E-08       8.8670E-02
 Pb++                 3.2857E-04       4.3681E-08       8.1902E-02
 Ca++                 4.2591E-07       5.6622E-11       1.0617E-04
 Mg++                 2.3034E-02       3.0622E-06       5.7417E+00
 K+                   5.8628E-04       7.7942E-08       1.4614E-01
 Na+                  7.1122E-03       9.4552E-07       1.7729E+00
 
 Concentrations of Individual Species, Exchangers, and Surface Complexes 
 ----------------------------------------------------------------------- 
 
                           Log        Log                 Concentration     
 Species              Molality   Activity      Molality    Mol/m^3 blk  Type
  NaX                   -2.466     -0.810     3.418E-03     8.521E-01  Exchange
  NaY                   -2.432     -0.952     3.694E-03     9.208E-01  Exchange
  KX                    -3.766     -2.109     1.715E-04     4.274E-02  Exchange
  KY                    -3.382     -1.902     4.148E-04     1.034E-01  Exchange
  CaX2                  -6.841     -4.884     1.441E-07     3.592E-05  Exchange
  CaY2                  -6.550     -4.769     2.818E-07     7.025E-05  Exchange
  MgX2                  -2.045     -0.087     9.021E-03     2.249E+00  Exchange
  MgY2                  -1.853     -0.072     1.401E-02     3.493E+00  Exchange
  ZnX2                  -3.920     -1.962     1.203E-04     3.000E-02  Exchange
  ZnY2                  -3.628     -1.847     2.354E-04     5.867E-02  Exchange
  PbX2                  -4.039     -2.082     9.138E-05     2.278E-02  Exchange
  PbY2                  -3.625     -1.843     2.372E-04     5.912E-02  Exchange
                           Log        Log                                 Activity
 Species              Molality   Activity      Molality      Activity   Coefficient    Type
  H+                    -3.017     -3.055     9.624E-04     8.806E-04     9.150E-01  Aqueous 
  SO4--                 -2.522     -2.698     3.007E-03     2.004E-03     6.666E-01  Aqueous 
  Zn++                  -5.706     -5.873     1.967E-06     1.340E-06     6.813E-01  Aqueous 
  Pb++                  -6.064     -6.238     8.620E-07     5.779E-07     6.704E-01  Aqueous 
  Ca++                  -8.628     -8.795     2.356E-09     1.605E-09     6.813E-01  Aqueous 
  Mg++                  -3.640     -3.798     2.292E-04     1.592E-04     6.947E-01  Aqueous 
  K+                    -4.319     -4.365     4.793E-05     4.318E-05     9.009E-01  Aqueous 
  Na+                   -2.321     -2.365     4.775E-03     4.314E-03     9.036E-01  Aqueous 
  OH-                  -10.898    -10.943     1.264E-11     1.141E-11     9.023E-01  Aqueous 
  HSO4-                 -3.723     -3.766     1.893E-04     1.713E-04     9.049E-01  Aqueous 
  CaSO4(aq)             -9.185     -9.184     6.537E-10     6.551E-10     1.002E+00  Aqueous 
  CaOH+                -18.478    -18.519     3.329E-19     3.024E-19     9.085E-01  Aqueous 
  CaHSO4+              -11.430    -11.480     3.714E-12     3.312E-12     8.919E-01  Aqueous 
  KSO4-                 -6.170     -6.213     6.754E-07     6.126E-07     9.071E-01  Aqueous 
  KOH(aq)              -15.770    -15.770     1.696E-16     1.700E-16     1.002E+00  Aqueous 
  MgSO4(aq)             -4.121     -4.120     7.574E-05     7.590E-05     1.002E+00  Aqueous 
  MgOH+                -12.142    -12.183     7.216E-13     6.564E-13     9.097E-01  Aqueous 
  NaSO4-                -4.321     -4.363     4.777E-05     4.334E-05     9.071E-01  Aqueous 
  NaOH(aq)             -14.109    -14.109     7.772E-15     7.789E-15     1.002E+00  Aqueous 
  PbOH+                -10.849    -10.893     1.416E-11     1.279E-11     9.036E-01  Aqueous 
  PbSO4(aq)             -6.187     -6.186     6.498E-07     6.513E-07     1.002E+00  Aqueous 
  Pb(OH)2(aq)          -17.249    -17.248     5.640E-18     5.652E-18     1.002E+00  Aqueous 
  Pb(SO4)2--            -7.966     -8.164     1.082E-08     6.850E-09     6.328E-01  Aqueous 
  Pb(OH)3-             -25.089    -25.133     8.156E-26     7.370E-26     9.036E-01  Aqueous 
  Pb2OH+++             -15.396    -15.781     4.020E-16     1.655E-16     4.117E-01  Aqueous 
  Pb(OH)4--            -33.519    -33.717     3.029E-34     1.917E-34     6.328E-01  Aqueous 
  ZnOH+                -11.733    -11.777     1.848E-12     1.670E-12     9.036E-01  Aqueous 
  ZnSO4(aq)             -6.208     -6.207     6.192E-07     6.205E-07     1.002E+00  Aqueous 
  Zn(OH)2(aq)          -16.663    -16.662     2.171E-17     2.176E-17     1.002E+00  Aqueous 
  Zn(SO4)2--            -7.790     -7.989     1.621E-08     1.026E-08     6.328E-01  Aqueous 
  Zn(OH)3-             -25.063    -25.107     8.647E-26     7.813E-26     9.036E-01  Aqueous 
  Zn(OH)4--            -34.676    -34.852     2.109E-35     1.406E-35     6.666E-01  Aqueous 
 
  ****** Partial pressure of gases (bars) *****
 
 
  ***** Saturation state of minerals (log[Q/K] *****
 
 
 
  ***** Volum of minerals added or subtracted *****
 
 
 **************************************************************
 ------> GRID LOCATION:    69:  1:  1
 
  Temperature (C)    =     25.000
  Porosity           =      0.250
  Liquid Saturation  =      1.000
  Liquid Density     =    997.075
  Ionic Strength     =      0.009
  Solution pH        =      3.065
  Total Charge       = -2.066E-06
 
 Total Aqueous Concentrations of Primary Species 
 --------------------------------------- 
 
   Species              Molality       Type 
 H+                   1.1236E-03     Aqueous      
 SO4--                3.2531E-03     Aqueous      
 Zn++                 2.5020E-06     Aqueous      
 Pb++                 1.4601E-06     Aqueous      
 Ca++                 2.8975E-09     Aqueous      
 Mg++                 2.9321E-04     Aqueous      
 K+                   4.7749E-05     Aqueous      
 Na+                  4.7384E-03     Aqueous      
 
 Exchangers           Equiv/kgw        Equiv/g solid    Equiv/m^3 bulk
 X-                   2.2055E-02       2.9320E-06       5.4975E+00
 Y-                   3.3082E-02       4.3980E-06       8.2462E+00
 
 Total Concentrations in Exchange Sites 
 -------------------------------------- 
 
 Exchangers           Equiv/kgw        Equiv/g solid    Equiv/m^3 bulk
 Zn++                 3.5572E-04       4.7290E-08       8.8670E-02
 Pb++                 3.2857E-04       4.3681E-08       8.1902E-02
 Ca++                 4.2591E-07       5.6621E-11       1.0616E-04
 Mg++                 2.3034E-02       3.0622E-06       5.7417E+00
 K+                   5.8628E-04       7.7943E-08       1.4614E-01
 Na+                  7.1126E-03       9.4557E-07       1.7730E+00
 
 Concentrations of Individual Species, Exchangers, and Surface Complexes 
 ----------------------------------------------------------------------- 
 
                           Log        Log                 Concentration     
 Species              Molality   Activity      Molality    Mol/m^3 blk  Type
  NaX                   -2.466     -0.810     3.418E-03     8.521E-01  Exchange
  NaY                   -2.432     -0.952     3.694E-03     9.209E-01  Exchange
  KX                    -3.766     -2.109     1.715E-04     4.274E-02  Exchange
  KY                    -3.382     -1.902     4.148E-04     1.034E-01  Exchange
  CaX2                  -6.841     -4.884     1.441E-07     3.592E-05  Exchange
  CaY2                  -6.550     -4.769     2.818E-07     7.025E-05  Exchange
  MgX2                  -2.045     -0.087     9.020E-03     2.249E+00  Exchange
  MgY2                  -1.853     -0.072     1.401E-02     3.493E+00  Exchange
  ZnX2                  -3.920     -1.962     1.203E-04     3.000E-02  Exchange
  ZnY2                  -3.628     -1.847     2.354E-04     5.867E-02  Exchange
  PbX2                  -4.039     -2.082     9.138E-05     2.278E-02  Exchange
  PbY2                  -3.625     -1.843     2.372E-04     5.912E-02  Exchange
                           Log        Log                                 Activity
 Species              Molality   Activity      Molality      Activity   Coefficient    Type
  H+                    -3.026     -3.065     9.413E-04     8.619E-04     9.157E-01  Aqueous 
  SO4--                 -2.530     -2.705     2.950E-03     1.974E-03     6.689E-01  Aqueous 
  Zn++                  -5.722     -5.887     1.897E-06     1.296E-06     6.834E-01  Aqueous 
  Pb++                  -6.080     -6.253     8.310E-07     5.590E-07     6.727E-01  Aqueous 
  Ca++                  -8.644     -8.809     2.271E-09     1.552E-09     6.834E-01  Aqueous 
  Mg++                  -3.655     -3.812     2.211E-04     1.540E-04     6.967E-01  Aqueous 
  K+                    -4.327     -4.372     4.709E-05     4.247E-05     9.017E-01  Aqueous 
  Na+                   -2.329     -2.372     4.692E-03     4.243E-03     9.044E-01  Aqueous 
  OH-                  -10.889    -10.933     1.291E-11     1.166E-11     9.031E-01  Aqueous 
  HSO4-                 -3.739     -3.782     1.823E-04     1.651E-04     9.056E-01  Aqueous 
  CaSO4(aq)             -9.206     -9.205     6.227E-10     6.241E-10     1.002E+00  Aqueous 
  CaOH+                -18.483    -18.524     3.287E-19     2.989E-19     9.092E-01  Aqueous 
  CaHSO4+              -11.461    -11.510     3.458E-12     3.088E-12     8.929E-01  Aqueous 
  KSO4-                 -6.185     -6.227     6.536E-07     5.934E-07     9.078E-01  Aqueous 
  KOH(aq)              -15.768    -15.767     1.705E-16     1.708E-16     1.002E+00  Aqueous 
  MgSO4(aq)             -4.142     -4.141     7.215E-05     7.231E-05     1.002E+00  Aqueous 
  MgOH+                -12.147    -12.188     7.127E-13     6.488E-13     9.104E-01  Aqueous 
  NaSO4-                -4.335     -4.377     4.624E-05     4.198E-05     9.078E-01  Aqueous 
  NaOH(aq)             -14.107    -14.106     7.811E-15     7.828E-15     1.002E+00  Aqueous 
  PbOH+                -10.854    -10.898     1.398E-11     1.265E-11     9.044E-01  Aqueous 
  PbSO4(aq)             -6.208     -6.207     6.191E-07     6.204E-07     1.002E+00  Aqueous 
  Pb(OH)2(aq)          -17.244    -17.244     5.696E-18     5.708E-18     1.002E+00  Aqueous 
  Pb(SO4)2--            -7.995     -8.192     1.011E-08     6.426E-09     6.357E-01  Aqueous 
  Pb(OH)3-             -25.075    -25.119     8.408E-26     7.604E-26     9.044E-01  Aqueous 
  Pb2OH+++             -15.419    -15.801     3.815E-16     1.582E-16     4.148E-01  Aqueous 
  Pb(OH)4--            -33.498    -33.694     3.179E-34     2.021E-34     6.357E-01  Aqueous 
  ZnOH+                -11.739    -11.782     1.825E-12     1.650E-12     9.044E-01  Aqueous 
  ZnSO4(aq)             -6.229     -6.228     5.899E-07     5.911E-07     1.002E+00  Aqueous 
  Zn(OH)2(aq)          -16.659    -16.658     2.192E-17     2.197E-17     1.002E+00  Aqueous 
  Zn(SO4)2--            -7.820     -8.017     1.514E-08     9.623E-09     6.357E-01  Aqueous 
  Zn(OH)3-             -25.050    -25.094     8.914E-26     8.061E-26     9.044E-01  Aqueous 
  Zn(OH)4--            -34.654    -34.829     2.216E-35     1.482E-35     6.689E-01  Aqueous 
 
  ****** Partial pressure of gases (bars) *****
 
 
  ***** Saturation state of minerals (log[Q/K] *****
 
 
 
  ***** Volum of minerals added or subtracted *****
 
 
 **************************************************************
 ------> GRID LOCATION:    70:  1:  1
 
  Temperature (C)    =     25.000
  Porosity           =      0.250
  Liquid Saturation  =      1.000
  Liquid Density     =    997.075
  Ionic Strength     =      0.009
  Solution pH        =      3.075
  Total Charge       = -2.011E-06
 
 Total Aqueous Concentrations of Primary Species 
 --------------------------------------- 
 
   Species              Molality       Type 
 H+                   1.0919E-03     Aqueous      
 SO4--                3.1759E-03     Aqueous      
 Zn++                 2.3906E-06     Aqueous      
 Pb++                 1.3911E-06     Aqueous      
 Ca++                 2.7697E-09     Aqueous      
 Mg++                 2.8024E-04     Aqueous      
 K+                   4.6779E-05     Aqueous      
 Na+                  4.6430E-03     Aqueous      
 
 Exchangers           Equiv/kgw        Equiv/g solid    Equiv/m^3 bulk
 X-                   2.2055E-02       2.9320E-06       5.4975E+00
 Y-                   3.3082E-02       4.3980E-06       8.2462E+00
 
 Total Concentrations in Exchange Sites 
 -------------------------------------- 
 
 Exchangers           Equiv/kgw        Equiv/g solid    Equiv/m^3 bulk
 Zn++                 3.5572E-04       4.7290E-08       8.8669E-02
 Pb++                 3.2857E-04       4.3681E-08       8.1901E-02
 Ca++                 4.2590E-07       5.6621E-11       1.0616E-04
 Mg++                 2.3034E-02       3.0622E-06       5.7416E+00
 K+                   5.8629E-04       7.7943E-08       1.4614E-01
 Na+                  7.1130E-03       9.4563E-07       1.7731E+00
 
 Concentrations of Individual Species, Exchangers, and Surface Complexes 
 ----------------------------------------------------------------------- 
 
                           Log        Log                 Concentration     
 Species              Molality   Activity      Molality    Mol/m^3 blk  Type
  NaX                   -2.466     -0.810     3.419E-03     8.521E-01  Exchange
  NaY                   -2.432     -0.952     3.694E-03     9.209E-01  Exchange
  KX                    -3.766     -2.109     1.715E-04     4.274E-02  Exchange
  KY                    -3.382     -1.902     4.148E-04     1.034E-01  Exchange
  CaX2                  -6.841     -4.884     1.441E-07     3.592E-05  Exchange
  CaY2                  -6.550     -4.769     2.818E-07     7.025E-05  Exchange
  MgX2                  -2.045     -0.087     9.020E-03     2.248E+00  Exchange
  MgY2                  -1.853     -0.072     1.401E-02     3.493E+00  Exchange
  ZnX2                  -3.920     -1.962     1.203E-04     3.000E-02  Exchange
  ZnY2                  -3.628     -1.847     2.354E-04     5.867E-02  Exchange
  PbX2                  -4.039     -2.082     9.138E-05     2.278E-02  Exchange
  PbY2                  -3.625     -1.843     2.372E-04     5.912E-02  Exchange
                           Log        Log                                 Activity
 Species              Molality   Activity      Molality      Activity   Coefficient    Type
  H+                    -3.037     -3.075     9.174E-04     8.406E-04     9.164E-01  Aqueous 
  SO4--                 -2.540     -2.712     2.887E-03     1.939E-03     6.717E-01  Aqueous 
  Zn++                  -5.740     -5.904     1.819E-06     1.248E-06     6.859E-01  Aqueous 
  Pb++                  -6.099     -6.269     7.965E-07     5.379E-07     6.753E-01  Aqueous 
  Ca++                  -8.662     -8.826     2.178E-09     1.494E-09     6.859E-01  Aqueous 
  Mg++                  -3.674     -3.829     2.120E-04     1.482E-04     6.990E-01  Aqueous 
  K+                    -4.336     -4.380     4.615E-05     4.166E-05     9.027E-01  Aqueous 
  Na+                   -2.337     -2.381     4.598E-03     4.163E-03     9.053E-01  Aqueous 
  OH-                  -10.879    -10.923     1.322E-11     1.195E-11     9.040E-01  Aqueous 
  HSO4-                 -3.758     -3.801     1.745E-04     1.582E-04     9.065E-01  Aqueous 
  CaSO4(aq)             -9.230     -9.229     5.888E-10     5.900E-10     1.002E+00  Aqueous 
  CaOH+                -18.489    -18.530     3.240E-19     2.949E-19     9.101E-01  Aqueous 
  CaHSO4+              -11.497    -11.546     3.185E-12     2.847E-12     8.941E-01  Aqueous 
  KSO4-                 -6.201     -6.243     6.293E-07     5.719E-07     9.087E-01  Aqueous 
  KOH(aq)              -15.766    -15.765     1.715E-16     1.718E-16     1.002E+00  Aqueous 
  MgSO4(aq)             -4.166     -4.165     6.821E-05     6.836E-05     1.002E+00  Aqueous 
  MgOH+                -12.153    -12.194     7.025E-13     6.401E-13     9.112E-01  Aqueous 
  NaSO4-                -4.351     -4.393     4.452E-05     4.046E-05     9.087E-01  Aqueous 
  NaOH(aq)             -14.105    -14.104     7.857E-15     7.873E-15     1.002E+00  Aqueous 
  PbOH+                -10.861    -10.904     1.378E-11     1.248E-11     9.053E-01  Aqueous 
  PbSO4(aq)             -6.233     -6.232     5.853E-07     5.865E-07     1.002E+00  Aqueous 
  Pb(OH)2(aq)          -17.239    -17.239     5.762E-18     5.774E-18     1.002E+00  Aqueous 
  Pb(SO4)2--            -8.030     -8.224     9.340E-09     5.968E-09     6.390E-01  Aqueous 
  Pb(OH)3-             -25.060    -25.103     8.712E-26     7.887E-26     9.053E-01  Aqueous 
  Pb2OH+++             -15.445    -15.823     3.591E-16     1.502E-16     4.184E-01  Aqueous 
  Pb(OH)4--            -33.473    -33.668     3.364E-34     2.149E-34     6.390E-01  Aqueous 
  ZnOH+                -11.745    -11.788     1.798E-12     1.628E-12     9.053E-01  Aqueous 
  ZnSO4(aq)             -6.254     -6.253     5.577E-07     5.589E-07     1.002E+00  Aqueous 
  Zn(OH)2(aq)          -16.654    -16.653     2.218E-17     2.223E-17     1.002E+00  Aqueous 
  Zn(SO4)2--            -7.854     -8.049     1.399E-08     8.938E-09     6.390E-01  Aqueous 
  Zn(OH)3-             -25.035    -25.078     9.236E-26     8.361E-26     9.053E-01  Aqueous 
  Zn(OH)4--            -34.630    -34.802     2.347E-35     1.576E-35     6.717E-01  Aqueous 
 
  ****** Partial pressure of gases (bars) *****
 
 
  ***** Saturation state of minerals (log[Q/K] *****
 
 
 
  ***** Volum of minerals added or subtracted *****
 
 
 **************************************************************
 ------> GRID LOCATION:    71:  1:  1
 
  Temperature (C)    =     25.000
  Porosity           =      0.250
  Liquid Saturation  =      1.000
  Liquid Density     =    997.075
  Ionic Strength     =      0.009
  Solution pH        =      3.088
  Total Charge       = -1.950E-06
 
 Total Aqueous Concentrations of Primary Species 
 --------------------------------------- 
 
   Species              Molality       Type 
 H+                   1.0565E-03     Aqueous      
 SO4--                3.0899E-03     Aqueous      
 Zn++                 2.2691E-06     Aqueous      
 Pb++                 1.3162E-06     Aqueous      
 Ca++                 2.6304E-09     Aqueous      
 Mg++                 2.6611E-04     Aqueous      
 K+                   4.5693E-05     Aqueous      
 Na+                  4.5362E-03     Aqueous      
 
 Exchangers           Equiv/kgw        Equiv/g solid    Equiv/m^3 bulk
 X-                   2.2055E-02       2.9320E-06       5.4975E+00
 Y-                   3.3082E-02       4.3980E-06       8.2462E+00
 
 Total Concentrations in Exchange Sites 
 -------------------------------------- 
 
 Exchangers           Equiv/kgw        Equiv/g solid    Equiv/m^3 bulk
 Zn++                 3.5571E-04       4.7290E-08       8.8669E-02
 Pb++                 3.2856E-04       4.3680E-08       8.1901E-02
 Ca++                 4.2590E-07       5.6621E-11       1.0616E-04
 Mg++                 2.3034E-02       3.0622E-06       5.7415E+00
 K+                   5.8629E-04       7.7943E-08       1.4614E-01
 Na+                  7.1135E-03       9.4570E-07       1.7732E+00
 
 Concentrations of Individual Species, Exchangers, and Surface Complexes 
 ----------------------------------------------------------------------- 
 
                           Log        Log                 Concentration     
 Species              Molality   Activity      Molality    Mol/m^3 blk  Type
  NaX                   -2.466     -0.810     3.419E-03     8.522E-01  Exchange
  NaY                   -2.432     -0.952     3.695E-03     9.210E-01  Exchange
  KX                    -3.766     -2.109     1.715E-04     4.274E-02  Exchange
  KY                    -3.382     -1.902     4.148E-04     1.034E-01  Exchange
  CaX2                  -6.841     -4.884     1.441E-07     3.592E-05  Exchange
  CaY2                  -6.550     -4.769     2.818E-07     7.025E-05  Exchange
  MgX2                  -2.045     -0.087     9.020E-03     2.248E+00  Exchange
  MgY2                  -1.853     -0.072     1.401E-02     3.493E+00  Exchange
  ZnX2                  -3.920     -1.962     1.203E-04     3.000E-02  Exchange
  ZnY2                  -3.628     -1.847     2.354E-04     5.867E-02  Exchange
  PbX2                  -4.039     -2.082     9.138E-05     2.278E-02  Exchange
  PbY2                  -3.625     -1.843     2.372E-04     5.912E-02  Exchange
                           Log        Log                                 Activity
 Species              Molality   Activity      Molality      Activity   Coefficient    Type
  H+                    -3.050     -3.088     8.906E-04     8.168E-04     9.172E-01  Aqueous 
  SO4--                 -2.550     -2.721     2.816E-03     1.900E-03     6.748E-01  Aqueous 
  Zn++                  -5.761     -5.923     1.733E-06     1.194E-06     6.888E-01  Aqueous 
  Pb++                  -6.120     -6.288     7.588E-07     5.148E-07     6.784E-01  Aqueous 
  Ca++                  -8.683     -8.845     2.075E-09     1.429E-09     6.888E-01  Aqueous 
  Mg++                  -3.694     -3.848     2.021E-04     1.418E-04     7.016E-01  Aqueous 
  K+                    -4.346     -4.390     4.509E-05     4.075E-05     9.038E-01  Aqueous 
  Na+                   -2.347     -2.390     4.494E-03     4.073E-03     9.063E-01  Aqueous 
  OH-                  -10.867    -10.910     1.359E-11     1.230E-11     9.051E-01  Aqueous 
  HSO4-                 -3.780     -3.822     1.660E-04     1.506E-04     9.075E-01  Aqueous 
  CaSO4(aq)             -9.258     -9.257     5.521E-10     5.532E-10     1.002E+00  Aqueous 
  CaOH+                -18.496    -18.537     3.188E-19     2.904E-19     9.110E-01  Aqueous 
  CaHSO4+              -11.538    -11.586     2.897E-12     2.594E-12     8.954E-01  Aqueous 
  KSO4-                 -6.220     -6.261     6.026E-07     5.481E-07     9.096E-01  Aqueous 
  KOH(aq)              -15.763    -15.762     1.726E-16     1.730E-16     1.002E+00  Aqueous 
  MgSO4(aq)             -4.194     -4.193     6.396E-05     6.409E-05     1.002E+00  Aqueous 
  MgOH+                -12.160    -12.200     6.912E-13     6.304E-13     9.121E-01  Aqueous 
  NaSO4-                -4.370     -4.411     4.263E-05     3.878E-05     9.096E-01  Aqueous 
  NaOH(aq)             -14.102    -14.101     7.911E-15     7.927E-15     1.002E+00  Aqueous 
  PbOH+                -10.868    -10.911     1.356E-11     1.229E-11     9.063E-01  Aqueous 
  PbSO4(aq)             -6.261     -6.260     5.488E-07     5.500E-07     1.002E+00  Aqueous 
  Pb(OH)2(aq)          -17.234    -17.233     5.841E-18     5.853E-18     1.002E+00  Aqueous 
  Pb(SO4)2--            -8.069     -8.261     8.532E-09     5.483E-09     6.427E-01  Aqueous 
  Pb(OH)3-             -25.042    -25.085     9.077E-26     8.227E-26     9.063E-01  Aqueous 
  Pb2OH+++             -15.475    -15.849     3.351E-16     1.416E-16     4.226E-01  Aqueous 
  Pb(OH)4--            -33.445    -33.637     3.590E-34     2.307E-34     6.427E-01  Aqueous 
  ZnOH+                -11.752    -11.795     1.769E-12     1.603E-12     9.063E-01  Aqueous 
  ZnSO4(aq)             -6.282     -6.281     5.230E-07     5.240E-07     1.002E+00  Aqueous 
  Zn(OH)2(aq)          -16.648    -16.647     2.248E-17     2.253E-17     1.002E+00  Aqueous 
  Zn(SO4)2--            -7.894     -8.086     1.278E-08     8.212E-09     6.427E-01  Aqueous 
  Zn(OH)3-             -25.017    -25.059     9.623E-26     8.722E-26     9.063E-01  Aqueous 
  Zn(OH)4--            -34.601    -34.772     2.508E-35     1.692E-35     6.748E-01  Aqueous 
 
  ****** Partial pressure of gases (bars) *****
 
 
  ***** Saturation state of minerals (log[Q/K] *****
 
 
 
  ***** Volum of minerals added or subtracted *****
 
 
 **************************************************************
 ------> GRID LOCATION:    72:  1:  1
 
  Temperature (C)    =     25.000
  Porosity           =      0.250
  Liquid Saturation  =      1.000
  Liquid Density     =    997.075
  Ionic Strength     =      0.009
  Solution pH        =      3.102
  Total Charge       = -1.883E-06
 
 Total Aqueous Concentrations of Primary Species 
 --------------------------------------- 
 
   Species              Molality       Type 
 H+                   1.0177E-03     Aqueous      
 SO4--                2.9953E-03     Aqueous      
 Zn++                 2.1389E-06     Aqueous      
 Pb++                 1.2360E-06     Aqueous      
 Ca++                 2.4809E-09     Aqueous      
 Mg++                 2.5094E-04     Aqueous      
 K+                   4.4492E-05     Aqueous      
 Na+                  4.4180E-03     Aqueous      
 
 Exchangers           Equiv/kgw        Equiv/g solid    Equiv/m^3 bulk
 X-                   2.2055E-02       2.9320E-06       5.4975E+00
 Y-                   3.3082E-02       4.3980E-06       8.2462E+00
 
 Total Concentrations in Exchange Sites 
 -------------------------------------- 
 
 Exchangers           Equiv/kgw        Equiv/g solid    Equiv/m^3 bulk
 Zn++                 3.5571E-04       4.7290E-08       8.8668E-02
 Pb++                 3.2856E-04       4.3680E-08       8.1900E-02
 Ca++                 4.2590E-07       5.6620E-11       1.0616E-04
 Mg++                 2.3033E-02       3.0621E-06       5.7415E+00
 K+                   5.8630E-04       7.7944E-08       1.4615E-01
 Na+                  7.1141E-03       9.4577E-07       1.7733E+00
 
 Concentrations of Individual Species, Exchangers, and Surface Complexes 
 ----------------------------------------------------------------------- 
 
                           Log        Log                 Concentration     
 Species              Molality   Activity      Molality    Mol/m^3 blk  Type
  NaX                   -2.466     -0.810     3.419E-03     8.523E-01  Exchange
  NaY                   -2.432     -0.952     3.695E-03     9.211E-01  Exchange
  KX                    -3.766     -2.109     1.715E-04     4.274E-02  Exchange
  KY                    -3.382     -1.902     4.148E-04     1.034E-01  Exchange
  CaX2                  -6.841     -4.884     1.441E-07     3.592E-05  Exchange
  CaY2                  -6.550     -4.769     2.818E-07     7.025E-05  Exchange
  MgX2                  -2.045     -0.087     9.020E-03     2.248E+00  Exchange
  MgY2                  -1.853     -0.072     1.401E-02     3.493E+00  Exchange
  ZnX2                  -3.920     -1.962     1.203E-04     3.000E-02  Exchange
  ZnY2                  -3.628     -1.847     2.354E-04     5.867E-02  Exchange
  PbX2                  -4.039     -2.082     9.138E-05     2.278E-02  Exchange
  PbY2                  -3.625     -1.843     2.372E-04     5.912E-02  Exchange
                           Log        Log                                 Activity
 Species              Molality   Activity      Molality      Activity   Coefficient    Type
  H+                    -3.065     -3.102     8.609E-04     7.904E-04     9.181E-01  Aqueous 
  SO4--                 -2.563     -2.731     2.737E-03     1.856E-03     6.783E-01  Aqueous 
  Zn++                  -5.785     -5.945     1.641E-06     1.136E-06     6.920E-01  Aqueous 
  Pb++                  -6.144     -6.310     7.182E-07     4.897E-07     6.818E-01  Aqueous 
  Ca++                  -8.707     -8.867     1.965E-09     1.360E-09     6.920E-01  Aqueous 
  Mg++                  -3.718     -3.870     1.915E-04     1.349E-04     7.046E-01  Aqueous 
  K+                    -4.357     -4.401     4.392E-05     3.975E-05     9.051E-01  Aqueous 
  Na+                   -2.359     -2.401     4.377E-03     3.973E-03     9.075E-01  Aqueous 
  OH-                  -10.853    -10.896     1.402E-11     1.271E-11     9.063E-01  Aqueous 
  HSO4-                 -3.805     -3.846     1.567E-04     1.424E-04     9.087E-01  Aqueous 
  CaSO4(aq)             -9.290     -9.289     5.132E-10     5.142E-10     1.002E+00  Aqueous 
  CaOH+                -18.504    -18.544     3.130E-19     2.855E-19     9.121E-01  Aqueous 
  CaHSO4+              -11.585    -11.632     2.602E-12     2.333E-12     8.968E-01  Aqueous 
  KSO4-                 -6.241     -6.282     5.736E-07     5.224E-07     9.107E-01  Aqueous 
  KOH(aq)              -15.759    -15.759     1.740E-16     1.744E-16     1.002E+00  Aqueous 
  MgSO4(aq)             -4.226     -4.225     5.946E-05     5.957E-05     1.002E+00  Aqueous 
  MgOH+                -12.168    -12.208     6.787E-13     6.197E-13     9.131E-01  Aqueous 
  NaSO4-                -4.392     -4.432     4.058E-05     3.696E-05     9.107E-01  Aqueous 
  NaOH(aq)             -14.098    -14.097     7.975E-15     7.990E-15     1.002E+00  Aqueous 
  PbOH+                -10.876    -10.918     1.331E-11     1.208E-11     9.075E-01  Aqueous 
  PbSO4(aq)             -6.292     -6.291     5.102E-07     5.112E-07     1.002E+00  Aqueous 
  Pb(OH)2(aq)          -17.227    -17.226     5.933E-18     5.945E-18     1.002E+00  Aqueous 
  Pb(SO4)2--            -8.114     -8.303     7.698E-09     4.980E-09     6.469E-01  Aqueous 
  Pb(OH)3-             -25.022    -25.064     9.516E-26     8.636E-26     9.075E-01  Aqueous 
  Pb2OH+++             -15.509    -15.878     3.099E-16     1.324E-16     4.272E-01  Aqueous 
  Pb(OH)4--            -33.412    -33.602     3.869E-34     2.503E-34     6.469E-01  Aqueous 
  ZnOH+                -11.760    -11.802     1.737E-12     1.576E-12     9.075E-01  Aqueous 
  ZnSO4(aq)             -6.313     -6.312     4.861E-07     4.871E-07     1.002E+00  Aqueous 
  Zn(OH)2(aq)          -16.641    -16.640     2.284E-17     2.288E-17     1.002E+00  Aqueous 
  Zn(SO4)2--            -7.938     -8.127     1.153E-08     7.458E-09     6.469E-01  Aqueous 
  Zn(OH)3-             -24.996    -25.038     1.009E-25     9.155E-26     9.075E-01  Aqueous 
  Zn(OH)4--            -34.568    -34.736     2.706E-35     1.836E-35     6.783E-01  Aqueous 
 
  ****** Partial pressure of gases (bars) *****
 
 
  ***** Saturation state of minerals (log[Q/K] *****
 
 
 
  ***** Volum of minerals added or subtracted *****
 
 
 **************************************************************
 ------> GRID LOCATION:    73:  1:  1
 
  Temperature (C)    =     25.000
  Porosity           =      0.250
  Liquid Saturation  =      1.000
  Liquid Density     =    997.075
  Ionic Strength     =      0.008
  Solution pH        =      3.118
  Total Charge       = -1.810E-06
 
 Total Aqueous Concentrations of Primary Species 
 --------------------------------------- 
 
   Species              Molality       Type 
 H+                   9.7545E-04     Aqueous      
 SO4--                2.8926E-03     Aqueous      
 Zn++                 2.0014E-06     Aqueous      
 Pb++                 1.1518E-06     Aqueous      
 Ca++                 2.3229E-09     Aqueous      
 Mg++                 2.3491E-04     Aqueous      
 K+                   4.3179E-05     Aqueous      
 Na+                  4.2886E-03     Aqueous      
 
 Exchangers           Equiv/kgw        Equiv/g solid    Equiv/m^3 bulk
 X-                   2.2055E-02       2.9320E-06       5.4975E+00
 Y-                   3.3082E-02       4.3980E-06       8.2462E+00
 
 Total Concentrations in Exchange Sites 
 -------------------------------------- 
 
 Exchangers           Equiv/kgw        Equiv/g solid    Equiv/m^3 bulk
 Zn++                 3.5571E-04       4.7289E-08       8.8667E-02
 Pb++                 3.2856E-04       4.3680E-08       8.1900E-02
 Ca++                 4.2590E-07       5.6620E-11       1.0616E-04
 Mg++                 2.3033E-02       3.0621E-06       5.7414E+00
 K+                   5.8630E-04       7.7945E-08       1.4615E-01
 Na+                  7.1148E-03       9.4586E-07       1.7735E+00
 
 Concentrations of Individual Species, Exchangers, and Surface Complexes 
 ----------------------------------------------------------------------- 
 
                           Log        Log                 Concentration     
 Species              Molality   Activity      Molality    Mol/m^3 blk  Type
  NaX                   -2.466     -0.810     3.419E-03     8.523E-01  Exchange
  NaY                   -2.432     -0.952     3.695E-03     9.211E-01  Exchange
  KX                    -3.766     -2.109     1.715E-04     4.274E-02  Exchange
  KY                    -3.382     -1.902     4.148E-04     1.034E-01  Exchange
  CaX2                  -6.841     -4.884     1.441E-07     3.592E-05  Exchange
  CaY2                  -6.550     -4.769     2.818E-07     7.025E-05  Exchange
  MgX2                  -2.045     -0.087     9.020E-03     2.248E+00  Exchange
  MgY2                  -1.853     -0.072     1.401E-02     3.493E+00  Exchange
  ZnX2                  -3.920     -1.962     1.203E-04     3.000E-02  Exchange
  ZnY2                  -3.628     -1.847     2.354E-04     5.867E-02  Exchange
  PbX2                  -4.039     -2.082     9.138E-05     2.278E-02  Exchange
  PbY2                  -3.625     -1.843     2.372E-04     5.912E-02  Exchange
                           Log        Log                                 Activity
 Species              Molality   Activity      Molality      Activity   Coefficient    Type
  H+                    -3.082     -3.118     8.286E-04     7.616E-04     9.191E-01  Aqueous 
  SO4--                 -2.577     -2.743     2.651E-03     1.808E-03     6.822E-01  Aqueous 
  Zn++                  -5.812     -5.969     1.543E-06     1.074E-06     6.956E-01  Aqueous 
  Pb++                  -6.171     -6.335     6.751E-07     4.629E-07     6.856E-01  Aqueous 
  Ca++                  -8.733     -8.891     1.848E-09     1.285E-09     6.956E-01  Aqueous 
  Mg++                  -3.744     -3.894     1.802E-04     1.275E-04     7.079E-01  Aqueous 
  K+                    -4.370     -4.413     4.264E-05     3.865E-05     9.064E-01  Aqueous 
  Na+                   -2.372     -2.413     4.250E-03     3.863E-03     9.088E-01  Aqueous 
  OH-                  -10.838    -10.880     1.453E-11     1.319E-11     9.076E-01  Aqueous 
  HSO4-                 -3.833     -3.874     1.469E-04     1.337E-04     9.100E-01  Aqueous 
  CaSO4(aq)             -9.325     -9.325     4.726E-10     4.735E-10     1.002E+00  Aqueous 
  CaOH+                -18.513    -18.553     3.067E-19     2.801E-19     9.132E-01  Aqueous 
  CaHSO4+              -11.637    -11.684     2.304E-12     2.070E-12     8.985E-01  Aqueous 
  KSO4-                 -6.266     -6.306     5.426E-07     4.948E-07     9.120E-01  Aqueous 
  KOH(aq)              -15.755    -15.755     1.756E-16     1.760E-16     1.002E+00  Aqueous 
  MgSO4(aq)             -4.262     -4.261     5.475E-05     5.486E-05     1.002E+00  Aqueous 
  MgOH+                -12.177    -12.216     6.650E-13     6.080E-13     9.143E-01  Aqueous 
  NaSO4-                -4.416     -4.456     3.839E-05     3.501E-05     9.120E-01  Aqueous 
  NaOH(aq)             -14.094    -14.093     8.049E-15     8.064E-15     1.002E+00  Aqueous 
  PbOH+                -10.885    -10.926     1.304E-11     1.185E-11     9.088E-01  Aqueous 
  PbSO4(aq)             -6.328     -6.327     4.698E-07     4.707E-07     1.002E+00  Aqueous 
  Pb(OH)2(aq)          -17.219    -17.218     6.043E-18     6.054E-18     1.002E+00  Aqueous 
  Pb(SO4)2--            -8.164     -8.350     6.856E-09     4.468E-09     6.516E-01  Aqueous 
  Pb(OH)3-             -24.998    -25.040     1.004E-25     9.128E-26     9.088E-01  Aqueous 
  Pb2OH+++             -15.547    -15.911     2.839E-16     1.228E-16     4.325E-01  Aqueous 
  Pb(OH)4--            -33.375    -33.561     4.214E-34     2.746E-34     6.516E-01  Aqueous 
  ZnOH+                -11.769    -11.811     1.702E-12     1.546E-12     9.088E-01  Aqueous 
  ZnSO4(aq)             -6.349     -6.348     4.477E-07     4.485E-07     1.002E+00  Aqueous 
  Zn(OH)2(aq)          -16.633    -16.633     2.326E-17     2.330E-17     1.002E+00  Aqueous 
  Zn(SO4)2--            -7.989     -8.175     1.027E-08     6.690E-09     6.516E-01  Aqueous 
  Zn(OH)3-             -24.973    -25.014     1.065E-25     9.677E-26     9.088E-01  Aqueous 
  Zn(OH)4--            -34.530    -34.696     2.952E-35     2.014E-35     6.822E-01  Aqueous 
 
  ****** Partial pressure of gases (bars) *****
 
 
  ***** Saturation state of minerals (log[Q/K] *****
 
 
 
  ***** Volum of minerals added or subtracted *****
 
 
 **************************************************************
 ------> GRID LOCATION:    74:  1:  1
 
  Temperature (C)    =     25.000
  Porosity           =      0.250
  Liquid Saturation  =      1.000
  Liquid Density     =    997.075
  Ionic Strength     =      0.008
  Solution pH        =      3.137
  Total Charge       = -1.732E-06
 
 Total Aqueous Concentrations of Primary Species 
 --------------------------------------- 
 
   Species              Molality       Type 
 H+                   9.3016E-04     Aqueous      
 SO4--                2.7824E-03     Aqueous      
 Zn++                 1.8585E-06     Aqueous      
 Pb++                 1.0646E-06     Aqueous      
 Ca++                 2.1586E-09     Aqueous      
 Mg++                 2.1825E-04     Aqueous      
 K+                   4.1759E-05     Aqueous      
 Na+                  4.1488E-03     Aqueous      
 
 Exchangers           Equiv/kgw        Equiv/g solid    Equiv/m^3 bulk
 X-                   2.2055E-02       2.9320E-06       5.4975E+00
 Y-                   3.3082E-02       4.3980E-06       8.2462E+00
 
 Total Concentrations in Exchange Sites 
 -------------------------------------- 
 
 Exchangers           Equiv/kgw        Equiv/g solid    Equiv/m^3 bulk
 Zn++                 3.5571E-04       4.7289E-08       8.8666E-02
 Pb++                 3.2856E-04       4.3680E-08       8.1899E-02
 Ca++                 4.2589E-07       5.6619E-11       1.0616E-04
 Mg++                 2.3033E-02       3.0620E-06       5.7413E+00
 K+                   5.8631E-04       7.7946E-08       1.4615E-01
 Na+                  7.1155E-03       9.4596E-07       1.7737E+00
 
 Concentrations of Individual Species, Exchangers, and Surface Complexes 
 ----------------------------------------------------------------------- 
 
                           Log        Log                 Concentration     
 Species              Molality   Activity      Molality    Mol/m^3 blk  Type
  NaX                   -2.466     -0.810     3.420E-03     8.524E-01  Exchange
  NaY                   -2.432     -0.952     3.696E-03     9.212E-01  Exchange
  KX                    -3.766     -2.109     1.715E-04     4.274E-02  Exchange
  KY                    -3.382     -1.902     4.148E-04     1.034E-01  Exchange
  CaX2                  -6.841     -4.884     1.441E-07     3.592E-05  Exchange
  CaY2                  -6.550     -4.769     2.818E-07     7.025E-05  Exchange
  MgX2                  -2.045     -0.087     9.020E-03     2.248E+00  Exchange
  MgY2                  -1.853     -0.072     1.401E-02     3.493E+00  Exchange
  ZnX2                  -3.920     -1.962     1.203E-04     3.000E-02  Exchange
  ZnY2                  -3.628     -1.847     2.354E-04     5.867E-02  Exchange
  PbX2                  -4.039     -2.082     9.138E-05     2.278E-02  Exchange
  PbY2                  -3.625     -1.843     2.372E-04     5.912E-02  Exchange
                           Log        Log                                 Activity
 Species              Molality   Activity      Molality      Activity   Coefficient    Type
  H+                    -3.100     -3.137     7.936E-04     7.303E-04     9.203E-01  Aqueous 
  SO4--                 -2.592     -2.755     2.558E-03     1.756E-03     6.865E-01  Aqueous 
  Zn++                  -5.841     -5.996     1.441E-06     1.008E-06     6.995E-01  Aqueous 
  Pb++                  -6.201     -6.362     6.301E-07     4.347E-07     6.898E-01  Aqueous 
  Ca++                  -8.763     -8.918     1.726E-09     1.207E-09     6.995E-01  Aqueous 
  Mg++                  -3.774     -3.922     1.683E-04     1.198E-04     7.115E-01  Aqueous 
  K+                    -4.385     -4.427     4.125E-05     3.745E-05     9.079E-01  Aqueous 
  Na+                   -2.386     -2.427     4.113E-03     3.744E-03     9.102E-01  Aqueous 
  OH-                  -10.820    -10.861     1.513E-11     1.376E-11     9.091E-01  Aqueous 
  HSO4-                 -3.865     -3.905     1.366E-04     1.245E-04     9.114E-01  Aqueous 
  CaSO4(aq)             -9.365     -9.365     4.310E-10     4.318E-10     1.002E+00  Aqueous 
  CaOH+                -18.523    -18.562     2.999E-19     2.743E-19     9.145E-01  Aqueous 
  CaHSO4+              -11.697    -11.742     2.011E-12     1.811E-12     9.002E-01  Aqueous 
  KSO4-                 -6.293     -6.332     5.099E-07     4.657E-07     9.133E-01  Aqueous 
  KOH(aq)              -15.751    -15.750     1.775E-16     1.778E-16     1.002E+00  Aqueous 
  MgSO4(aq)             -4.302     -4.301     4.994E-05     5.003E-05     1.002E+00  Aqueous 
  MgOH+                -12.187    -12.225     6.503E-13     5.954E-13     9.155E-01  Aqueous 
  NaSO4-                -4.443     -4.482     3.608E-05     3.295E-05     9.133E-01  Aqueous 
  NaOH(aq)             -14.090    -14.089     8.135E-15     8.150E-15     1.002E+00  Aqueous 
  PbOH+                -10.894    -10.935     1.275E-11     1.161E-11     9.102E-01  Aqueous 
  PbSO4(aq)             -6.368     -6.367     4.285E-07     4.293E-07     1.002E+00  Aqueous 
  Pb(OH)2(aq)          -17.210    -17.209     6.171E-18     6.183E-18     1.002E+00  Aqueous 
  Pb(SO4)2--            -8.220     -8.403     6.025E-09     3.957E-09     6.568E-01  Aqueous 
  Pb(OH)3-             -24.971    -25.012     1.068E-25     9.720E-26     9.102E-01  Aqueous 
  Pb2OH+++             -15.589    -15.947     2.576E-16     1.129E-16     4.384E-01  Aqueous 
  Pb(OH)4--            -33.333    -33.516     4.643E-34     3.049E-34     6.568E-01  Aqueous 
  ZnOH+                -11.779    -11.820     1.664E-12     1.514E-12     9.102E-01  Aqueous 
  ZnSO4(aq)             -6.389     -6.388     4.083E-07     4.090E-07     1.002E+00  Aqueous 
  Zn(OH)2(aq)          -16.624    -16.623     2.375E-17     2.380E-17     1.002E+00  Aqueous 
  Zn(SO4)2--            -8.045     -8.227     9.022E-09     5.925E-09     6.568E-01  Aqueous 
  Zn(OH)3-             -24.946    -24.987     1.132E-25     1.030E-25     9.102E-01  Aqueous 
  Zn(OH)4--            -34.487    -34.650     3.258E-35     2.236E-35     6.865E-01  Aqueous 
 
  ****** Partial pressure of gases (bars) *****
 
 
  ***** Saturation state of minerals (log[Q/K] *****
 
 
 
  ***** Volum of minerals added or subtracted *****
 
 
 **************************************************************
 ------> GRID LOCATION:    75:  1:  1
 
  Temperature (C)    =     25.000
  Porosity           =      0.250
  Liquid Saturation  =      1.000
  Liquid Density     =    997.075
  Ionic Strength     =      0.008
  Solution pH        =      3.157
  Total Charge       = -1.649E-06
 
 Total Aqueous Concentrations of Primary Species 
 --------------------------------------- 
 
   Species              Molality       Type 
 H+                   8.8214E-04     Aqueous      
 SO4--                2.6655E-03     Aqueous      
 Zn++                 1.7124E-06     Aqueous      
 Pb++                 9.7592E-07     Aqueous      
 Ca++                 1.9904E-09     Aqueous      
 Mg++                 2.0119E-04     Aqueous      
 K+                   4.0241E-05     Aqueous      
 Na+                  3.9993E-03     Aqueous      
 
 Exchangers           Equiv/kgw        Equiv/g solid    Equiv/m^3 bulk
 X-                   2.2055E-02       2.9320E-06       5.4975E+00
 Y-                   3.3082E-02       4.3980E-06       8.2462E+00
 
 Total Concentrations in Exchange Sites 
 -------------------------------------- 
 
 Exchangers           Equiv/kgw        Equiv/g solid    Equiv/m^3 bulk
 Zn++                 3.5570E-04       4.7288E-08       8.8665E-02
 Pb++                 3.2856E-04       4.3679E-08       8.1899E-02
 Ca++                 4.2589E-07       5.6619E-11       1.0616E-04
 Mg++                 2.3032E-02       3.0620E-06       5.7412E+00
 K+                   5.8631E-04       7.7947E-08       1.4615E-01
 Na+                  7.1163E-03       9.4607E-07       1.7739E+00
 
 Concentrations of Individual Species, Exchangers, and Surface Complexes 
 ----------------------------------------------------------------------- 
 
                           Log        Log                 Concentration     
 Species              Molality   Activity      Molality    Mol/m^3 blk  Type
  NaX                   -2.466     -0.809     3.420E-03     8.525E-01  Exchange
  NaY                   -2.432     -0.952     3.696E-03     9.213E-01  Exchange
  KX                    -3.766     -2.109     1.715E-04     4.274E-02  Exchange
  KY                    -3.382     -1.902     4.148E-04     1.034E-01  Exchange
  CaX2                  -6.841     -4.884     1.441E-07     3.592E-05  Exchange
  CaY2                  -6.550     -4.769     2.818E-07     7.024E-05  Exchange
  MgX2                  -2.045     -0.087     9.020E-03     2.248E+00  Exchange
  MgY2                  -1.853     -0.072     1.401E-02     3.493E+00  Exchange
  ZnX2                  -3.920     -1.962     1.203E-04     3.000E-02  Exchange
  ZnY2                  -3.628     -1.847     2.354E-04     5.867E-02  Exchange
  PbX2                  -4.039     -2.082     9.138E-05     2.278E-02  Exchange
  PbY2                  -3.625     -1.843     2.372E-04     5.912E-02  Exchange
                           Log        Log                                 Activity
 Species              Molality   Activity      Molality      Activity   Coefficient    Type
  H+                    -3.121     -3.157     7.562E-04     6.968E-04     9.215E-01  Aqueous 
  SO4--                 -2.609     -2.770     2.460E-03     1.700E-03     6.912E-01  Aqueous 
  Zn++                  -5.874     -6.027     1.336E-06     9.403E-07     7.039E-01  Aqueous 
  Pb++                  -6.234     -6.392     5.838E-07     4.054E-07     6.945E-01  Aqueous 
  Ca++                  -8.796     -8.949     1.600E-09     1.126E-09     7.039E-01  Aqueous 
  Mg++                  -3.807     -3.952     1.561E-04     1.117E-04     7.155E-01  Aqueous 
  K+                    -4.400     -4.442     3.977E-05     3.617E-05     9.096E-01  Aqueous 
  Na+                   -2.402     -2.442     3.966E-03     3.616E-03     9.118E-01  Aqueous 
  OH-                  -10.801    -10.841     1.583E-11     1.442E-11     9.107E-01  Aqueous 
  HSO4-                 -3.900     -3.939     1.259E-04     1.150E-04     9.129E-01  Aqueous 
  CaSO4(aq)             -9.410     -9.409     3.892E-10     3.899E-10     1.002E+00  Aqueous 
  CaOH+                -18.534    -18.572     2.927E-19     2.681E-19     9.160E-01  Aqueous 
  CaHSO4+              -11.762    -11.807     1.729E-12     1.560E-12     9.022E-01  Aqueous 
  KSO4-                 -6.322     -6.361     4.759E-07     4.353E-07     9.147E-01  Aqueous 
  KOH(aq)              -15.746    -15.745     1.797E-16     1.800E-16     1.002E+00  Aqueous 
  MgSO4(aq)             -4.346     -4.345     4.509E-05     4.517E-05     1.002E+00  Aqueous 
  MgOH+                -12.197    -12.235     6.347E-13     5.820E-13     9.169E-01  Aqueous 
  NaSO4-                -4.473     -4.511     3.368E-05     3.081E-05     9.147E-01  Aqueous 
  NaOH(aq)             -14.084    -14.084     8.235E-15     8.250E-15     1.002E+00  Aqueous 
  PbOH+                -10.905    -10.945     1.244E-11     1.134E-11     9.118E-01  Aqueous 
  PbSO4(aq)             -6.412     -6.412     3.869E-07     3.876E-07     1.002E+00  Aqueous 
  Pb(OH)2(aq)          -17.199    -17.198     6.322E-18     6.334E-18     1.002E+00  Aqueous 
  Pb(SO4)2--            -8.282     -8.461     5.221E-09     3.458E-09     6.624E-01  Aqueous 
  Pb(OH)3-             -24.941    -24.981     1.145E-25     1.044E-25     9.118E-01  Aqueous 
  Pb2OH+++             -15.636    -15.987     2.315E-16     1.030E-16     4.448E-01  Aqueous 
  Pb(OH)4--            -33.286    -33.465     5.180E-34     3.431E-34     6.624E-01  Aqueous 
  ZnOH+                -11.790    -11.830     1.623E-12     1.480E-12     9.118E-01  Aqueous 
  ZnSO4(aq)             -6.433     -6.433     3.687E-07     3.693E-07     1.002E+00  Aqueous 
  Zn(OH)2(aq)          -16.614    -16.613     2.434E-17     2.438E-17     1.002E+00  Aqueous 
  Zn(SO4)2--            -8.107     -8.286     7.818E-09     5.179E-09     6.624E-01  Aqueous 
  Zn(OH)3-             -24.916    -24.956     1.213E-25     1.106E-25     9.118E-01  Aqueous 
  Zn(OH)4--            -34.439    -34.599     3.641E-35     2.516E-35     6.912E-01  Aqueous 
 
  ****** Partial pressure of gases (bars) *****
 
 
  ***** Saturation state of minerals (log[Q/K] *****
 
 
 
  ***** Volum of minerals added or subtracted *****
 
 
 **************************************************************
 ------> GRID LOCATION:    76:  1:  1
 
  Temperature (C)    =     25.000
  Porosity           =      0.250
  Liquid Saturation  =      1.000
  Liquid Density     =    997.075
  Ionic Strength     =      0.007
  Solution pH        =      3.180
  Total Charge       = -1.562E-06
 
 Total Aqueous Concentrations of Primary Species 
 --------------------------------------- 
 
   Species              Molality       Type 
 H+                   8.3182E-04     Aqueous      
 SO4--                2.5431E-03     Aqueous      
 Zn++                 1.5653E-06     Aqueous      
 Pb++                 8.8708E-07     Aqueous      
 Ca++                 1.8209E-09     Aqueous      
 Mg++                 1.8401E-04     Aqueous      
 K+                   3.8639E-05     Aqueous      
 Na+                  3.8413E-03     Aqueous      
 
 Exchangers           Equiv/kgw        Equiv/g solid    Equiv/m^3 bulk
 X-                   2.2055E-02       2.9320E-06       5.4975E+00
 Y-                   3.3082E-02       4.3980E-06       8.2462E+00
 
 Total Concentrations in Exchange Sites 
 -------------------------------------- 
 
 Exchangers           Equiv/kgw        Equiv/g solid    Equiv/m^3 bulk
 Zn++                 3.5570E-04       4.7288E-08       8.8665E-02
 Pb++                 3.2855E-04       4.3679E-08       8.1898E-02
 Ca++                 4.2588E-07       5.6618E-11       1.0616E-04
 Mg++                 2.3032E-02       3.0619E-06       5.7411E+00
 K+                   5.8632E-04       7.7948E-08       1.4615E-01
 Na+                  7.1172E-03       9.4619E-07       1.7741E+00
 
 Concentrations of Individual Species, Exchangers, and Surface Complexes 
 ----------------------------------------------------------------------- 
 
                           Log        Log                 Concentration     
 Species              Molality   Activity      Molality    Mol/m^3 blk  Type
  NaX                   -2.466     -0.809     3.421E-03     8.526E-01  Exchange
  NaY                   -2.432     -0.952     3.697E-03     9.215E-01  Exchange
  KX                    -3.766     -2.109     1.715E-04     4.274E-02  Exchange
  KY                    -3.382     -1.902     4.149E-04     1.034E-01  Exchange
  CaX2                  -6.841     -4.884     1.441E-07     3.592E-05  Exchange
  CaY2                  -6.550     -4.769     2.818E-07     7.024E-05  Exchange
  MgX2                  -2.045     -0.087     9.019E-03     2.248E+00  Exchange
  MgY2                  -1.853     -0.072     1.401E-02     3.493E+00  Exchange
  ZnX2                  -3.920     -1.962     1.203E-04     3.000E-02  Exchange
  ZnY2                  -3.628     -1.847     2.354E-04     5.867E-02  Exchange
  PbX2                  -4.039     -2.082     9.138E-05     2.278E-02  Exchange
  PbY2                  -3.625     -1.843     2.372E-04     5.912E-02  Exchange
                           Log        Log                                 Activity
 Species              Molality   Activity      Molality      Activity   Coefficient    Type
  H+                    -3.145     -3.180     7.167E-04     6.614E-04     9.228E-01  Aqueous 
  SO4--                 -2.628     -2.785     2.355E-03     1.640E-03     6.963E-01  Aqueous 
  Zn++                  -5.910     -6.060     1.229E-06     8.710E-07     7.086E-01  Aqueous 
  Pb++                  -6.270     -6.425     5.368E-07     3.755E-07     6.995E-01  Aqueous 
  Ca++                  -8.832     -8.982     1.472E-09     1.043E-09     7.086E-01  Aqueous 
  Mg++                  -3.843     -3.985     1.437E-04     1.035E-04     7.199E-01  Aqueous 
  K+                    -4.418     -4.458     3.820E-05     3.481E-05     9.114E-01  Aqueous 
  Na+                   -2.419     -2.458     3.810E-03     3.480E-03     9.135E-01  Aqueous 
  OH-                  -10.779    -10.818     1.665E-11     1.519E-11     9.124E-01  Aqueous 
  HSO4-                 -3.939     -3.978     1.151E-04     1.053E-04     9.145E-01  Aqueous 
  CaSO4(aq)             -9.459     -9.458     3.478E-10     3.484E-10     1.002E+00  Aqueous 
  CaOH+                -18.545    -18.582     2.852E-19     2.617E-19     9.175E-01  Aqueous 
  CaHSO4+              -11.835    -11.878     1.463E-12     1.323E-12     9.042E-01  Aqueous 
  KSO4-                 -6.355     -6.393     4.411E-07     4.042E-07     9.163E-01  Aqueous 
  KOH(aq)              -15.739    -15.739     1.822E-16     1.825E-16     1.002E+00  Aqueous 
  MgSO4(aq)             -4.395     -4.394     4.030E-05     4.036E-05     1.002E+00  Aqueous 
  MgOH+                -12.209    -12.246     6.184E-13     5.680E-13     9.184E-01  Aqueous 
  NaSO4-                -4.506     -4.543     3.122E-05     2.861E-05     9.163E-01  Aqueous 
  NaOH(aq)             -14.078    -14.077     8.352E-15     8.366E-15     1.002E+00  Aqueous 
  PbOH+                -10.917    -10.956     1.212E-11     1.107E-11     9.135E-01  Aqueous 
  PbSO4(aq)             -6.461     -6.460     3.458E-07     3.464E-07     1.002E+00  Aqueous 
  Pb(OH)2(aq)          -17.187    -17.186     6.501E-18     6.512E-18     1.002E+00  Aqueous 
  Pb(SO4)2--            -8.351     -8.526     4.459E-09     2.981E-09     6.685E-01  Aqueous 
  Pb(OH)3-             -24.907    -24.947     1.237E-25     1.130E-25     9.135E-01  Aqueous 
  Pb2OH+++             -15.686    -16.031     2.059E-16     9.307E-17     4.520E-01  Aqueous 
  Pb(OH)4--            -33.232    -33.407     5.857E-34     3.915E-34     6.685E-01  Aqueous 
  ZnOH+                -11.801    -11.840     1.581E-12     1.445E-12     9.135E-01  Aqueous 
  ZnSO4(aq)             -6.482     -6.481     3.295E-07     3.300E-07     1.002E+00  Aqueous 
  Zn(OH)2(aq)          -16.602    -16.601     2.502E-17     2.507E-17     1.002E+00  Aqueous 
  Zn(SO4)2--            -8.175     -8.350     6.678E-09     4.464E-09     6.685E-01  Aqueous 
  Zn(OH)3-             -24.882    -24.921     1.312E-25     1.198E-25     9.135E-01  Aqueous 
  Zn(OH)4--            -34.385    -34.542     4.124E-35     2.872E-35     6.963E-01  Aqueous 
 
  ****** Partial pressure of gases (bars) *****
 
 
  ***** Saturation state of minerals (log[Q/K] *****
 
 
 
  ***** Volum of minerals added or subtracted *****
 
 
 **************************************************************
 ------> GRID LOCATION:    77:  1:  1
 
  Temperature (C)    =     25.000
  Porosity           =      0.250
  Liquid Saturation  =      1.000
  Liquid Density     =    997.075
  Ionic Strength     =      0.007
  Solution pH        =      3.205
  Total Charge       = -1.472E-06
 
 Total Aqueous Concentrations of Primary Species 
 --------------------------------------- 
 
   Species              Molality       Type 
 H+                   7.7972E-04     Aqueous      
 SO4--                2.4163E-03     Aqueous      
 Zn++                 1.4195E-06     Aqueous      
 Pb++                 7.9956E-07     Aqueous      
 Ca++                 1.6528E-09     Aqueous      
 Mg++                 1.6696E-04     Aqueous      
 K+                   3.6964E-05     Aqueous      
 Na+                  3.6761E-03     Aqueous      
 
 Exchangers           Equiv/kgw        Equiv/g solid    Equiv/m^3 bulk
 X-                   2.2055E-02       2.9320E-06       5.4975E+00
 Y-                   3.3082E-02       4.3980E-06       8.2462E+00
 
 Total Concentrations in Exchange Sites 
 -------------------------------------- 
 
 Exchangers           Equiv/kgw        Equiv/g solid    Equiv/m^3 bulk
 Zn++                 3.5569E-04       4.7287E-08       8.8663E-02
 Pb++                 3.2855E-04       4.3679E-08       8.1897E-02
 Ca++                 4.2588E-07       5.6618E-11       1.0616E-04
 Mg++                 2.3031E-02       3.0618E-06       5.7410E+00
 K+                   5.8633E-04       7.7949E-08       1.4615E-01
 Na+                  7.1182E-03       9.4632E-07       1.7743E+00
 
 Concentrations of Individual Species, Exchangers, and Surface Complexes 
 ----------------------------------------------------------------------- 
 
                           Log        Log                 Concentration     
 Species              Molality   Activity      Molality    Mol/m^3 blk  Type
  NaX                   -2.466     -0.809     3.421E-03     8.528E-01  Exchange
  NaY                   -2.432     -0.952     3.697E-03     9.216E-01  Exchange
  KX                    -3.766     -2.109     1.715E-04     4.274E-02  Exchange
  KY                    -3.382     -1.902     4.149E-04     1.034E-01  Exchange
  CaX2                  -6.841     -4.884     1.441E-07     3.591E-05  Exchange
  CaY2                  -6.550     -4.769     2.818E-07     7.024E-05  Exchange
  MgX2                  -2.045     -0.087     9.019E-03     2.248E+00  Exchange
  MgY2                  -1.853     -0.072     1.401E-02     3.493E+00  Exchange
  ZnX2                  -3.920     -1.962     1.203E-04     3.000E-02  Exchange
  ZnY2                  -3.628     -1.847     2.354E-04     5.867E-02  Exchange
  PbX2                  -4.039     -2.082     9.138E-05     2.278E-02  Exchange
  PbY2                  -3.625     -1.843     2.372E-04     5.912E-02  Exchange
                           Log        Log                                 Activity
 Species              Molality   Activity      Molality      Activity   Coefficient    Type
  H+                    -3.170     -3.205     6.755E-04     6.243E-04     9.243E-01  Aqueous 
  SO4--                 -2.648     -2.802     2.247E-03     1.577E-03     7.019E-01  Aqueous 
  Zn++                  -5.950     -6.096     1.122E-06     8.011E-07     7.137E-01  Aqueous 
  Pb++                  -6.310     -6.462     4.900E-07     3.454E-07     7.049E-01  Aqueous 
  Ca++                  -8.872     -9.018     1.344E-09     9.592E-10     7.137E-01  Aqueous 
  Mg++                  -3.882     -4.022     1.313E-04     9.516E-05     7.246E-01  Aqueous 
  K+                    -4.437     -4.476     3.656E-05     3.339E-05     9.133E-01  Aqueous 
  Na+                   -2.438     -2.476     3.647E-03     3.338E-03     9.153E-01  Aqueous 
  OH-                  -10.754    -10.793     1.760E-11     1.609E-11     9.143E-01  Aqueous 
  HSO4-                 -3.982     -4.020     1.043E-04     9.554E-05     9.163E-01  Aqueous 
  CaSO4(aq)             -9.512     -9.511     3.076E-10     3.081E-10     1.002E+00  Aqueous 
  CaOH+                -18.557    -18.593     2.774E-19     2.550E-19     9.191E-01  Aqueous 
  CaHSO4+              -11.914    -11.957     1.218E-12     1.104E-12     9.064E-01  Aqueous 
  KSO4-                 -6.391     -6.429     4.060E-07     3.727E-07     9.180E-01  Aqueous 
  KOH(aq)              -15.733    -15.732     1.851E-16     1.854E-16     1.002E+00  Aqueous 
  MgSO4(aq)             -4.448     -4.447     3.564E-05     3.570E-05     1.002E+00  Aqueous 
  MgOH+                -12.221    -12.257     6.015E-13     5.534E-13     9.200E-01  Aqueous 
  NaSO4-                -4.542     -4.579     2.874E-05     2.638E-05     9.180E-01  Aqueous 
  NaOH(aq)             -14.071    -14.070     8.488E-15     8.502E-15     1.002E+00  Aqueous 
  PbOH+                -10.929    -10.967     1.179E-11     1.079E-11     9.153E-01  Aqueous 
  PbSO4(aq)             -6.515     -6.514     3.058E-07     3.063E-07     1.002E+00  Aqueous 
  Pb(OH)2(aq)          -17.173    -17.172     6.712E-18     6.723E-18     1.002E+00  Aqueous 
  Pb(SO4)2--            -8.425     -8.596     3.755E-09     2.535E-09     6.751E-01  Aqueous 
  Pb(OH)3-             -24.869    -24.908     1.351E-25     1.236E-25     9.153E-01  Aqueous 
  Pb2OH+++             -15.741    -16.079     1.815E-16     8.342E-17     4.597E-01  Aqueous 
  Pb(OH)4--            -33.173    -33.343     6.720E-34     4.537E-34     6.751E-01  Aqueous 
  ZnOH+                -11.813    -11.851     1.538E-12     1.408E-12     9.153E-01  Aqueous 
  ZnSO4(aq)             -6.536     -6.535     2.914E-07     2.918E-07     1.002E+00  Aqueous 
  Zn(OH)2(aq)          -16.588    -16.587     2.583E-17     2.588E-17     1.002E+00  Aqueous 
  Zn(SO4)2--            -8.250     -8.421     5.623E-09     3.796E-09     6.751E-01  Aqueous 
  Zn(OH)3-             -24.844    -24.882     1.432E-25     1.311E-25     9.153E-01  Aqueous 
  Zn(OH)4--            -34.324    -34.478     4.741E-35     3.327E-35     7.019E-01  Aqueous 
 
  ****** Partial pressure of gases (bars) *****
 
 
  ***** Saturation state of minerals (log[Q/K] *****
 
 
 
  ***** Volum of minerals added or subtracted *****
 
 
 **************************************************************
 ------> GRID LOCATION:    78:  1:  1
 
  Temperature (C)    =     25.000
  Porosity           =      0.250
  Liquid Saturation  =      1.000
  Liquid Density     =    997.075
  Ionic Strength     =      0.007
  Solution pH        =      3.232
  Total Charge       = -1.380E-06
 
 Total Aqueous Concentrations of Primary Species 
 --------------------------------------- 
 
   Species              Molality       Type 
 H+                   7.2638E-04     Aqueous      
 SO4--                2.2865E-03     Aqueous      
 Zn++                 1.2772E-06     Aqueous      
 Pb++                 7.1471E-07     Aqueous      
 Ca++                 1.4885E-09     Aqueous      
 Mg++                 1.5031E-04     Aqueous      
 K+                   3.5235E-05     Aqueous      
 Na+                  3.5054E-03     Aqueous      
 
 Exchangers           Equiv/kgw        Equiv/g solid    Equiv/m^3 bulk
 X-                   2.2055E-02       2.9320E-06       5.4975E+00
 Y-                   3.3082E-02       4.3980E-06       8.2462E+00
 
 Total Concentrations in Exchange Sites 
 -------------------------------------- 
 
 Exchangers           Equiv/kgw        Equiv/g solid    Equiv/m^3 bulk
 Zn++                 3.5569E-04       4.7287E-08       8.8662E-02
 Pb++                 3.2855E-04       4.3678E-08       8.1897E-02
 Ca++                 4.2587E-07       5.6617E-11       1.0616E-04
 Mg++                 2.3031E-02       3.0618E-06       5.7408E+00
 K+                   5.8634E-04       7.7950E-08       1.4616E-01
 Na+                  7.1192E-03       9.4645E-07       1.7746E+00
 
 Concentrations of Individual Species, Exchangers, and Surface Complexes 
 ----------------------------------------------------------------------- 
 
                           Log        Log                 Concentration     
 Species              Molality   Activity      Molality    Mol/m^3 blk  Type
  NaX                   -2.466     -0.809     3.422E-03     8.529E-01  Exchange
  NaY                   -2.432     -0.952     3.698E-03     9.217E-01  Exchange
  KX                    -3.766     -2.109     1.715E-04     4.274E-02  Exchange
  KY                    -3.382     -1.902     4.149E-04     1.034E-01  Exchange
  CaX2                  -6.841     -4.884     1.441E-07     3.591E-05  Exchange
  CaY2                  -6.550     -4.769     2.818E-07     7.024E-05  Exchange
  MgX2                  -2.045     -0.087     9.019E-03     2.248E+00  Exchange
  MgY2                  -1.854     -0.072     1.401E-02     3.493E+00  Exchange
  ZnX2                  -3.920     -1.962     1.203E-04     3.000E-02  Exchange
  ZnY2                  -3.628     -1.847     2.354E-04     5.867E-02  Exchange
  PbX2                  -4.039     -2.082     9.137E-05     2.278E-02  Exchange
  PbY2                  -3.625     -1.843     2.372E-04     5.912E-02  Exchange
                           Log        Log                                 Activity
 Species              Molality   Activity      Molality      Activity   Coefficient    Type
  H+                    -3.199     -3.232     6.328E-04     5.859E-04     9.258E-01  Aqueous 
  SO4--                 -2.671     -2.821     2.135E-03     1.511E-03     7.078E-01  Aqueous 
  Zn++                  -5.992     -6.136     1.018E-06     7.318E-07     7.192E-01  Aqueous 
  Pb++                  -6.353     -6.501     4.439E-07     3.155E-07     7.107E-01  Aqueous 
  Ca++                  -8.914     -9.057     1.218E-09     8.762E-10     7.192E-01  Aqueous 
  Mg++                  -3.924     -4.061     1.191E-04     8.692E-05     7.297E-01  Aqueous 
  K+                    -4.458     -4.496     3.486E-05     3.191E-05     9.153E-01  Aqueous 
  Na+                   -2.459     -2.496     3.479E-03     3.191E-03     9.172E-01  Aqueous 
  OH-                  -10.728    -10.766     1.871E-11     1.715E-11     9.163E-01  Aqueous 
  HSO4-                 -4.029     -4.066     9.356E-05     8.591E-05     9.182E-01  Aqueous 
  CaSO4(aq)             -9.570     -9.569     2.692E-10     2.697E-10     1.002E+00  Aqueous 
  CaOH+                -18.569    -18.605     2.695E-19     2.482E-19     9.209E-01  Aqueous 
  CaHSO4+              -12.001    -12.042     9.980E-13     9.070E-13     9.088E-01  Aqueous 
  KSO4-                 -6.431     -6.467     3.711E-07     3.413E-07     9.198E-01  Aqueous 
  KOH(aq)              -15.725    -15.724     1.886E-16     1.889E-16     1.002E+00  Aqueous 
  MgSO4(aq)             -4.506     -4.505     3.119E-05     3.124E-05     1.002E+00  Aqueous 
  MgOH+                -12.233    -12.269     5.844E-13     5.387E-13     9.218E-01  Aqueous 
  NaSO4-                -4.581     -4.617     2.627E-05     2.416E-05     9.198E-01  Aqueous 
  NaOH(aq)             -14.063    -14.062     8.647E-15     8.660E-15     1.002E+00  Aqueous 
  PbOH+                -10.941    -10.979     1.145E-11     1.050E-11     9.172E-01  Aqueous 
  PbSO4(aq)             -6.572     -6.572     2.676E-07     2.681E-07     1.002E+00  Aqueous 
  Pb(OH)2(aq)          -17.157    -17.157     6.962E-18     6.973E-18     1.002E+00  Aqueous 
  Pb(SO4)2--            -8.506     -8.673     3.116E-09     2.125E-09     6.821E-01  Aqueous 
  Pb(OH)3-             -24.827    -24.864     1.490E-25     1.366E-25     9.172E-01  Aqueous 
  Pb2OH+++             -15.800    -16.130     1.585E-16     7.417E-17     4.680E-01  Aqueous 
  Pb(OH)4--            -33.106    -33.272     7.834E-34     5.343E-34     6.821E-01  Aqueous 
  ZnOH+                -11.826    -11.863     1.494E-12     1.370E-12     9.172E-01  Aqueous 
  ZnSO4(aq)             -6.593     -6.593     2.550E-07     2.554E-07     1.002E+00  Aqueous 
  Zn(OH)2(aq)          -16.572    -16.571     2.680E-17     2.684E-17     1.002E+00  Aqueous 
  Zn(SO4)2--            -8.331     -8.497     4.666E-09     3.183E-09     6.821E-01  Aqueous 
  Zn(OH)3-             -24.802    -24.839     1.579E-25     1.449E-25     9.172E-01  Aqueous 
  Zn(OH)4--            -34.257    -34.407     5.537E-35     3.919E-35     7.078E-01  Aqueous 
 
  ****** Partial pressure of gases (bars) *****
 
 
  ***** Saturation state of minerals (log[Q/K] *****
 
 
 
  ***** Volum of minerals added or subtracted *****
 
 
 **************************************************************
 ------> GRID LOCATION:    79:  1:  1
 
  Temperature (C)    =     25.000
  Porosity           =      0.250
  Liquid Saturation  =      1.000
  Liquid Density     =    997.075
  Ionic Strength     =      0.006
  Solution pH        =      3.262
  Total Charge       = -1.286E-06
 
 Total Aqueous Concentrations of Primary Species 
 --------------------------------------- 
 
   Species              Molality       Type 
 H+                   6.7238E-04     Aqueous      
 SO4--                2.1551E-03     Aqueous      
 Zn++                 1.1405E-06     Aqueous      
 Pb++                 6.3374E-07     Aqueous      
 Ca++                 1.3305E-09     Aqueous      
 Mg++                 1.3430E-04     Aqueous      
 K+                   3.3469E-05     Aqueous      
 Na+                  3.3309E-03     Aqueous      
 
 Exchangers           Equiv/kgw        Equiv/g solid    Equiv/m^3 bulk
 X-                   2.2055E-02       2.9320E-06       5.4975E+00
 Y-                   3.3082E-02       4.3980E-06       8.2462E+00
 
 Total Concentrations in Exchange Sites 
 -------------------------------------- 
 
 Exchangers           Equiv/kgw        Equiv/g solid    Equiv/m^3 bulk
 Zn++                 3.5569E-04       4.7286E-08       8.8661E-02
 Pb++                 3.2854E-04       4.3678E-08       8.1896E-02
 Ca++                 4.2587E-07       5.6616E-11       1.0616E-04
 Mg++                 2.3030E-02       3.0617E-06       5.7407E+00
 K+                   5.8635E-04       7.7951E-08       1.4616E-01
 Na+                  7.1203E-03       9.4660E-07       1.7749E+00
 
 Concentrations of Individual Species, Exchangers, and Surface Complexes 
 ----------------------------------------------------------------------- 
 
                           Log        Log                 Concentration     
 Species              Molality   Activity      Molality    Mol/m^3 blk  Type
  NaX                   -2.466     -0.809     3.422E-03     8.530E-01  Exchange
  NaY                   -2.432     -0.952     3.698E-03     9.219E-01  Exchange
  KX                    -3.766     -2.109     1.715E-04     4.274E-02  Exchange
  KY                    -3.382     -1.902     4.149E-04     1.034E-01  Exchange
  CaX2                  -6.841     -4.884     1.441E-07     3.591E-05  Exchange
  CaY2                  -6.550     -4.769     2.818E-07     7.024E-05  Exchange
  MgX2                  -2.045     -0.087     9.019E-03     2.248E+00  Exchange
  MgY2                  -1.854     -0.072     1.401E-02     3.493E+00  Exchange
  ZnX2                  -3.920     -1.962     1.203E-04     2.999E-02  Exchange
  ZnY2                  -3.628     -1.847     2.354E-04     5.867E-02  Exchange
  PbX2                  -4.039     -2.082     9.137E-05     2.278E-02  Exchange
  PbY2                  -3.625     -1.843     2.372E-04     5.912E-02  Exchange
                           Log        Log                                 Activity
 Species              Molality   Activity      Molality      Activity   Coefficient    Type
  H+                    -3.230     -3.262     5.892E-04     5.465E-04     9.274E-01  Aqueous 
  SO4--                 -2.695     -2.841     2.020E-03     1.443E-03     7.141E-01  Aqueous 
  Zn++                  -6.038     -6.178     9.158E-07     6.639E-07     7.250E-01  Aqueous 
  Pb++                  -6.399     -6.543     3.993E-07     2.862E-07     7.169E-01  Aqueous 
  Ca++                  -8.960     -9.100     1.096E-09     7.949E-10     7.250E-01  Aqueous 
  Mg++                  -3.969     -4.103     1.073E-04     7.886E-05     7.351E-01  Aqueous 
  K+                    -4.480     -4.517     3.313E-05     3.039E-05     9.174E-01  Aqueous 
  Na+                   -2.481     -2.517     3.307E-03     3.040E-03     9.192E-01  Aqueous 
  OH-                  -10.699    -10.736     2.002E-11     1.838E-11     9.183E-01  Aqueous 
  HSO4-                 -4.080     -4.116     8.315E-05     7.651E-05     9.202E-01  Aqueous 
  CaSO4(aq)             -9.632     -9.632     2.333E-10     2.336E-10     1.001E+00  Aqueous 
  CaOH+                -18.582    -18.617     2.616E-19     2.414E-19     9.227E-01  Aqueous 
  CaHSO4+              -12.095    -12.135     8.043E-13     7.329E-13     9.112E-01  Aqueous 
  KSO4-                 -6.473     -6.508     3.368E-07     3.104E-07     9.217E-01  Aqueous 
  KOH(aq)              -15.715    -15.715     1.926E-16     1.929E-16     1.001E+00  Aqueous 
  MgSO4(aq)             -4.568     -4.568     2.702E-05     2.706E-05     1.001E+00  Aqueous 
  MgOH+                -12.246    -12.281     5.673E-13     5.239E-13     9.236E-01  Aqueous 
  NaSO4-                -4.623     -4.658     2.385E-05     2.198E-05     9.217E-01  Aqueous 
  NaOH(aq)             -14.054    -14.053     8.832E-15     8.845E-15     1.001E+00  Aqueous 
  PbOH+                -10.954    -10.991     1.111E-11     1.021E-11     9.192E-01  Aqueous 
  PbSO4(aq)             -6.635     -6.634     2.319E-07     2.322E-07     1.001E+00  Aqueous 
  Pb(OH)2(aq)          -17.139    -17.138     7.260E-18     7.271E-18     1.001E+00  Aqueous 
  Pb(SO4)2--            -8.593     -8.755     2.550E-09     1.758E-09     6.895E-01  Aqueous 
  Pb(OH)3-             -24.779    -24.816     1.662E-25     1.528E-25     9.192E-01  Aqueous 
  Pb2OH+++             -15.863    -16.184     1.372E-16     6.545E-17     4.769E-01  Aqueous 
  Pb(OH)4--            -33.032    -33.194     9.288E-34     6.404E-34     6.895E-01  Aqueous 
  ZnOH+                -11.839    -11.875     1.450E-12     1.333E-12     9.192E-01  Aqueous 
  ZnSO4(aq)             -6.656     -6.655     2.209E-07     2.213E-07     1.001E+00  Aqueous 
  Zn(OH)2(aq)          -16.554    -16.553     2.795E-17     2.799E-17     1.001E+00  Aqueous 
  Zn(SO4)2--            -8.418     -8.580     3.818E-09     2.633E-09     6.895E-01  Aqueous 
  Zn(OH)3-             -24.754    -24.791     1.762E-25     1.619E-25     9.192E-01  Aqueous 
  Zn(OH)4--            -34.182    -34.328     6.578E-35     4.697E-35     7.141E-01  Aqueous 
 
  ****** Partial pressure of gases (bars) *****
 
 
  ***** Saturation state of minerals (log[Q/K] *****
 
 
 
  ***** Volum of minerals added or subtracted *****
 
 
 **************************************************************
 ------> GRID LOCATION:    80:  1:  1
 
  Temperature (C)    =     25.000
  Porosity           =      0.250
  Liquid Saturation  =      1.000
  Liquid Density     =    997.075
  Ionic Strength     =      0.006
  Solution pH        =      3.295
  Total Charge       = -1.193E-06
 
 Total Aqueous Concentrations of Primary Species 
 --------------------------------------- 
 
   Species              Molality       Type 
 H+                   6.1833E-04     Aqueous      
 SO4--                2.0236E-03     Aqueous      
 Zn++                 1.0112E-06     Aqueous      
 Pb++                 5.5768E-07     Aqueous      
 Ca++                 1.1808E-09     Aqueous      
 Mg++                 1.1914E-04     Aqueous      
 K+                   3.1684E-05     Aqueous      
 Na+                  3.1545E-03     Aqueous      
 
 Exchangers           Equiv/kgw        Equiv/g solid    Equiv/m^3 bulk
 X-                   2.2055E-02       2.9320E-06       5.4975E+00
 Y-                   3.3082E-02       4.3980E-06       8.2462E+00
 
 Total Concentrations in Exchange Sites 
 -------------------------------------- 
 
 Exchangers           Equiv/kgw        Equiv/g solid    Equiv/m^3 bulk
 Zn++                 3.5568E-04       4.7285E-08       8.8660E-02
 Pb++                 3.2854E-04       4.3677E-08       8.1895E-02
 Ca++                 4.2586E-07       5.6616E-11       1.0615E-04
 Mg++                 2.3030E-02       3.0616E-06       5.7406E+00
 K+                   5.8636E-04       7.7953E-08       1.4616E-01
 Na+                  7.1214E-03       9.4674E-07       1.7751E+00
 
 Concentrations of Individual Species, Exchangers, and Surface Complexes 
 ----------------------------------------------------------------------- 
 
                           Log        Log                 Concentration     
 Species              Molality   Activity      Molality    Mol/m^3 blk  Type
  NaX                   -2.466     -0.809     3.423E-03     8.531E-01  Exchange
  NaY                   -2.432     -0.952     3.699E-03     9.220E-01  Exchange
  KX                    -3.766     -2.109     1.715E-04     4.274E-02  Exchange
  KY                    -3.382     -1.902     4.149E-04     1.034E-01  Exchange
  CaX2                  -6.841     -4.884     1.441E-07     3.591E-05  Exchange
  CaY2                  -6.550     -4.769     2.818E-07     7.024E-05  Exchange
  MgX2                  -2.045     -0.087     9.018E-03     2.248E+00  Exchange
  MgY2                  -1.854     -0.072     1.401E-02     3.493E+00  Exchange
  ZnX2                  -3.920     -1.962     1.203E-04     2.999E-02  Exchange
  ZnY2                  -3.628     -1.847     2.354E-04     5.867E-02  Exchange
  PbX2                  -4.039     -2.082     9.137E-05     2.278E-02  Exchange
  PbY2                  -3.625     -1.844     2.372E-04     5.912E-02  Exchange
                           Log        Log                                 Activity
 Species              Molality   Activity      Molality      Activity   Coefficient    Type
  H+                    -3.263     -3.295     5.451E-04     5.065E-04     9.292E-01  Aqueous 
  SO4--                 -2.720     -2.862     1.905E-03     1.373E-03     7.206E-01  Aqueous 
  Zn++                  -6.087     -6.223     8.185E-07     5.984E-07     7.311E-01  Aqueous 
  Pb++                  -6.448     -6.588     3.567E-07     2.580E-07     7.233E-01  Aqueous 
  Ca++                  -9.009     -9.145     9.801E-10     7.165E-10     7.311E-01  Aqueous 
  Mg++                  -4.018     -4.148     9.596E-05     7.108E-05     7.407E-01  Aqueous 
  K+                    -4.503     -4.540     3.138E-05     2.886E-05     9.196E-01  Aqueous 
  Na+                   -2.504     -2.540     3.133E-03     2.887E-03     9.214E-01  Aqueous 
  OH-                  -10.667    -10.703     2.155E-11     1.983E-11     9.205E-01  Aqueous 
  HSO4-                 -4.136     -4.171     7.318E-05     6.749E-05     9.222E-01  Aqueous 
  CaSO4(aq)             -9.699     -9.698     2.001E-10     2.004E-10     1.001E+00  Aqueous 
  CaOH+                -18.595    -18.629     2.539E-19     2.347E-19     9.247E-01  Aqueous 
  CaHSO4+              -12.195    -12.235     6.376E-13     5.827E-13     9.138E-01  Aqueous 
  KSO4-                 -6.518     -6.552     3.036E-07     2.805E-07     9.237E-01  Aqueous 
  KOH(aq)              -15.705    -15.704     1.973E-16     1.975E-16     1.001E+00  Aqueous 
  MgSO4(aq)             -4.635     -4.634     2.318E-05     2.321E-05     1.001E+00  Aqueous 
  MgOH+                -12.259    -12.293     5.505E-13     5.095E-13     9.255E-01  Aqueous 
  NaSO4-                -4.668     -4.702     2.150E-05     1.986E-05     9.237E-01  Aqueous 
  NaOH(aq)             -14.043    -14.043     9.048E-15     9.061E-15     1.001E+00  Aqueous 
  PbOH+                -10.967    -11.003     1.078E-11     9.932E-12     9.214E-01  Aqueous 
  PbSO4(aq)             -6.701     -6.701     1.989E-07     1.992E-07     1.001E+00  Aqueous 
  Pb(OH)2(aq)          -17.118    -17.118     7.618E-18     7.628E-18     1.001E+00  Aqueous 
  Pb(SO4)2--            -8.686     -8.843     2.058E-09     1.435E-09     6.972E-01  Aqueous 
  Pb(OH)3-             -24.727    -24.762     1.877E-25     1.729E-25     9.214E-01  Aqueous 
  Pb2OH+++             -15.928    -16.241     1.179E-16     5.737E-17     4.864E-01  Aqueous 
  Pb(OH)4--            -32.950    -33.107     1.122E-33     7.820E-34     6.972E-01  Aqueous 
  ZnOH+                -11.852    -11.887     1.407E-12     1.296E-12     9.214E-01  Aqueous 
  ZnSO4(aq)             -6.722     -6.722     1.895E-07     1.898E-07     1.001E+00  Aqueous 
  Zn(OH)2(aq)          -16.533    -16.532     2.932E-17     2.936E-17     1.001E+00  Aqueous 
  Zn(SO4)2--            -8.511     -8.668     3.082E-09     2.149E-09     6.972E-01  Aqueous 
  Zn(OH)3-             -24.701    -24.737     1.990E-25     1.833E-25     9.214E-01  Aqueous 
  Zn(OH)4--            -34.099    -34.241     7.959E-35     5.736E-35     7.206E-01  Aqueous 
 
  ****** Partial pressure of gases (bars) *****
 
 
  ***** Saturation state of minerals (log[Q/K] *****
 
 
 
  ***** Volum of minerals added or subtracted *****
 
 
 **************************************************************
 ------> GRID LOCATION:    81:  1:  1
 
  Temperature (C)    =     25.000
  Porosity           =      0.250
  Liquid Saturation  =      1.000
  Liquid Density     =    997.075
  Ionic Strength     =      0.006
  Solution pH        =      3.331
  Total Charge       = -1.100E-06
 
 Total Aqueous Concentrations of Primary Species 
 --------------------------------------- 
 
   Species              Molality       Type 
 H+                   5.6481E-04     Aqueous      
 SO4--                1.8933E-03     Aqueous      
 Zn++                 8.9052E-07     Aqueous      
 Pb++                 4.8731E-07     Aqueous      
 Ca++                 1.0410E-09     Aqueous      
 Mg++                 1.0498E-04     Aqueous      
 K+                   2.9901E-05     Aqueous      
 Na+                  2.9782E-03     Aqueous      
 
 Exchangers           Equiv/kgw        Equiv/g solid    Equiv/m^3 bulk
 X-                   2.2055E-02       2.9320E-06       5.4975E+00
 Y-                   3.3082E-02       4.3980E-06       8.2462E+00
 
 Total Concentrations in Exchange Sites 
 -------------------------------------- 
 
 Exchangers           Equiv/kgw        Equiv/g solid    Equiv/m^3 bulk
 Zn++                 3.5568E-04       4.7285E-08       8.8659E-02
 Pb++                 3.2854E-04       4.3677E-08       8.1894E-02
 Ca++                 4.2586E-07       5.6615E-11       1.0615E-04
 Mg++                 2.3029E-02       3.0616E-06       5.7404E+00
 K+                   5.8637E-04       7.7954E-08       1.4616E-01
 Na+                  7.1224E-03       9.4688E-07       1.7754E+00
 
 Concentrations of Individual Species, Exchangers, and Surface Complexes 
 ----------------------------------------------------------------------- 
 
                           Log        Log                 Concentration     
 Species              Molality   Activity      Molality    Mol/m^3 blk  Type
  NaX                   -2.466     -0.809     3.423E-03     8.533E-01  Exchange
  NaY                   -2.432     -0.951     3.699E-03     9.221E-01  Exchange
  KX                    -3.766     -2.109     1.715E-04     4.274E-02  Exchange
  KY                    -3.382     -1.902     4.149E-04     1.034E-01  Exchange
  CaX2                  -6.841     -4.884     1.441E-07     3.591E-05  Exchange
  CaY2                  -6.550     -4.769     2.818E-07     7.024E-05  Exchange
  MgX2                  -2.045     -0.087     9.018E-03     2.248E+00  Exchange
  MgY2                  -1.854     -0.072     1.401E-02     3.492E+00  Exchange
  ZnX2                  -3.920     -1.962     1.203E-04     2.999E-02  Exchange
  ZnY2                  -3.628     -1.847     2.353E-04     5.867E-02  Exchange
  PbX2                  -4.039     -2.082     9.137E-05     2.278E-02  Exchange
  PbY2                  -3.625     -1.844     2.372E-04     5.912E-02  Exchange
                           Log        Log                                 Activity
 Species              Molality   Activity      Molality      Activity   Coefficient    Type
  H+                    -3.300     -3.331     5.010E-04     4.664E-04     9.309E-01  Aqueous 
  SO4--                 -2.747     -2.885     1.790E-03     1.302E-03     7.275E-01  Aqueous 
  Zn++                  -6.138     -6.271     7.270E-07     5.361E-07     7.374E-01  Aqueous 
  Pb++                  -6.499     -6.636     3.166E-07     2.311E-07     7.300E-01  Aqueous 
  Ca++                  -9.060     -9.193     8.704E-10     6.419E-10     7.374E-01  Aqueous 
  Mg++                  -4.069     -4.196     8.529E-05     6.368E-05     7.466E-01  Aqueous 
  K+                    -4.528     -4.564     2.963E-05     2.731E-05     9.219E-01  Aqueous 
  Na+                   -2.529     -2.563     2.959E-03     2.733E-03     9.235E-01  Aqueous 
  OH-                  -10.632    -10.667     2.334E-11     2.154E-11     9.227E-01  Aqueous 
  HSO4-                 -4.195     -4.230     6.377E-05     5.895E-05     9.243E-01  Aqueous 
  CaSO4(aq)             -9.769     -9.769     1.700E-10     1.703E-10     1.001E+00  Aqueous 
  CaOH+                -18.608    -18.641     2.465E-19     2.284E-19     9.267E-01  Aqueous 
  CaHSO4+              -12.303    -12.341     4.975E-13     4.559E-13     9.164E-01  Aqueous 
  KSO4-                 -6.565     -6.599     2.720E-07     2.518E-07     9.258E-01  Aqueous 
  KOH(aq)              -15.693    -15.692     2.028E-16     2.030E-16     1.001E+00  Aqueous 
  MgSO4(aq)             -4.706     -4.705     1.970E-05     1.972E-05     1.001E+00  Aqueous 
  MgOH+                -12.272    -12.305     5.345E-13     4.957E-13     9.274E-01  Aqueous 
  NaSO4-                -4.715     -4.749     1.926E-05     1.783E-05     9.258E-01  Aqueous 
  NaOH(aq)             -14.031    -14.031     9.303E-15     9.315E-15     1.001E+00  Aqueous 
  PbOH+                -10.980    -11.015     1.046E-11     9.663E-12     9.235E-01  Aqueous 
  PbSO4(aq)             -6.772     -6.771     1.690E-07     1.693E-07     1.001E+00  Aqueous 
  Pb(OH)2(aq)          -17.094    -17.094     8.049E-18     8.059E-18     1.001E+00  Aqueous 
  Pb(SO4)2--            -8.785     -8.937     1.640E-09     1.157E-09     7.052E-01  Aqueous 
  Pb(OH)3-             -24.668    -24.702     2.148E-25     1.984E-25     9.235E-01  Aqueous 
  Pb2OH+++             -15.997    -16.301     1.007E-16     5.000E-17     4.964E-01  Aqueous 
  Pb(OH)4--            -32.860    -33.011     1.382E-33     9.744E-34     7.052E-01  Aqueous 
  ZnOH+                -11.865    -11.899     1.365E-12     1.261E-12     9.235E-01  Aqueous 
  ZnSO4(aq)             -6.793     -6.792     1.611E-07     1.613E-07     1.001E+00  Aqueous 
  Zn(OH)2(aq)          -16.509    -16.508     3.098E-17     3.102E-17     1.001E+00  Aqueous 
  Zn(SO4)2--            -8.610     -8.761     2.456E-09     1.732E-09     7.052E-01  Aqueous 
  Zn(OH)3-             -24.643    -24.677     2.277E-25     2.103E-25     9.235E-01  Aqueous 
  Zn(OH)4--            -34.008    -34.146     9.824E-35     7.147E-35     7.275E-01  Aqueous 
 
  ****** Partial pressure of gases (bars) *****
 
 
  ***** Saturation state of minerals (log[Q/K] *****
 
 
 
  ***** Volum of minerals added or subtracted *****
 
 
 **************************************************************
 ------> GRID LOCATION:    82:  1:  1
 
  Temperature (C)    =     25.000
  Porosity           =      0.250
  Liquid Saturation  =      1.000
  Liquid Density     =    997.075
  Ionic Strength     =      0.005
  Solution pH        =      3.370
  Total Charge       = -1.010E-06
 
 Total Aqueous Concentrations of Primary Species 
 --------------------------------------- 
 
   Species              Molality       Type 
 H+                   5.1239E-04     Aqueous      
 SO4--                1.7658E-03     Aqueous      
 Zn++                 7.7963E-07     Aqueous      
 Pb++                 4.2317E-07     Aqueous      
 Ca++                 9.1232E-10     Aqueous      
 Mg++                 9.1963E-05     Aqueous      
 K+                   2.8139E-05     Aqueous      
 Na+                  2.8037E-03     Aqueous      
 
 Exchangers           Equiv/kgw        Equiv/g solid    Equiv/m^3 bulk
 X-                   2.2055E-02       2.9320E-06       5.4975E+00
 Y-                   3.3082E-02       4.3980E-06       8.2462E+00
 
 Total Concentrations in Exchange Sites 
 -------------------------------------- 
 
 Exchangers           Equiv/kgw        Equiv/g solid    Equiv/m^3 bulk
 Zn++                 3.5567E-04       4.7284E-08       8.8658E-02
 Pb++                 3.2853E-04       4.3676E-08       8.1893E-02
 Ca++                 4.2585E-07       5.6614E-11       1.0615E-04
 Mg++                 2.3029E-02       3.0615E-06       5.7403E+00
 K+                   5.8638E-04       7.7955E-08       1.4617E-01
 Na+                  7.1235E-03       9.4702E-07       1.7757E+00
 
 Concentrations of Individual Species, Exchangers, and Surface Complexes 
 ----------------------------------------------------------------------- 
 
                           Log        Log                 Concentration     
 Species              Molality   Activity      Molality    Mol/m^3 blk  Type
  NaX                   -2.466     -0.809     3.424E-03     8.534E-01  Exchange
  NaY                   -2.432     -0.951     3.700E-03     9.223E-01  Exchange
  KX                    -3.766     -2.109     1.715E-04     4.275E-02  Exchange
  KY                    -3.382     -1.902     4.149E-04     1.034E-01  Exchange
  CaX2                  -6.841     -4.884     1.441E-07     3.591E-05  Exchange
  CaY2                  -6.550     -4.769     2.818E-07     7.024E-05  Exchange
  MgX2                  -2.045     -0.087     9.018E-03     2.248E+00  Exchange
  MgY2                  -1.854     -0.072     1.401E-02     3.492E+00  Exchange
  ZnX2                  -3.920     -1.962     1.203E-04     2.999E-02  Exchange
  ZnY2                  -3.628     -1.847     2.353E-04     5.866E-02  Exchange
  PbX2                  -4.039     -2.082     9.137E-05     2.278E-02  Exchange
  PbY2                  -3.625     -1.844     2.372E-04     5.912E-02  Exchange
                           Log        Log                                 Activity
 Species              Molality   Activity      Molality      Activity   Coefficient    Type
  H+                    -3.340     -3.370     4.574E-04     4.266E-04     9.328E-01  Aqueous 
  SO4--                 -2.776     -2.910     1.676E-03     1.231E-03     7.345E-01  Aqueous 
  Zn++                  -6.192     -6.321     6.420E-07     4.776E-07     7.440E-01  Aqueous 
  Pb++                  -6.554     -6.686     2.794E-07     2.059E-07     7.370E-01  Aqueous 
  Ca++                  -9.114     -9.243     7.687E-10     5.719E-10     7.440E-01  Aqueous 
  Mg++                  -4.123     -4.246     7.536E-05     5.673E-05     7.528E-01  Aqueous 
  K+                    -4.554     -4.589     2.790E-05     2.578E-05     9.242E-01  Aqueous 
  Na+                   -2.555     -2.588     2.787E-03     2.580E-03     9.258E-01  Aqueous 
  OH-                  -10.594    -10.628     2.546E-11     2.355E-11     9.250E-01  Aqueous 
  HSO4-                 -4.259     -4.293     5.503E-05     5.098E-05     9.265E-01  Aqueous 
  CaSO4(aq)             -9.844     -9.843     1.433E-10     1.435E-10     1.001E+00  Aqueous 
  CaOH+                -18.621    -18.653     2.395E-19     2.225E-19     9.287E-01  Aqueous 
  CaHSO4+              -12.418    -12.454     3.823E-13     3.513E-13     9.190E-01  Aqueous 
  KSO4-                 -6.616     -6.648     2.422E-07     2.248E-07     9.279E-01  Aqueous 
  KOH(aq)              -15.679    -15.679     2.093E-16     2.096E-16     1.001E+00  Aqueous 
  MgSO4(aq)             -4.780     -4.779     1.660E-05     1.662E-05     1.001E+00  Aqueous 
  MgOH+                -12.284    -12.316     5.195E-13     4.828E-13     9.294E-01  Aqueous 
  NaSO4-                -4.766     -4.798     1.716E-05     1.592E-05     9.279E-01  Aqueous 
  NaOH(aq)             -14.018    -14.017     9.603E-15     9.614E-15     1.001E+00  Aqueous 
  PbOH+                -10.993    -11.026     1.017E-11     9.412E-12     9.258E-01  Aqueous 
  PbSO4(aq)             -6.846     -6.846     1.424E-07     1.426E-07     1.001E+00  Aqueous 
  Pb(OH)2(aq)          -17.067    -17.066     8.573E-18     8.584E-18     1.001E+00  Aqueous 
  Pb(SO4)2--            -8.889     -9.035     1.292E-09     9.216E-10     7.134E-01  Aqueous 
  Pb(OH)3-             -24.603    -24.636     2.495E-25     2.310E-25     9.258E-01  Aqueous 
  Pb2OH+++             -16.067    -16.363     8.561E-17     4.339E-17     5.069E-01  Aqueous 
  Pb(OH)4--            -32.760    -32.906     1.739E-33     1.241E-33     7.134E-01  Aqueous 
  ZnOH+                -11.877    -11.911     1.327E-12     1.228E-12     9.258E-01  Aqueous 
  ZnSO4(aq)             -6.867     -6.867     1.357E-07     1.359E-07     1.001E+00  Aqueous 
  Zn(OH)2(aq)          -16.481    -16.481     3.300E-17     3.304E-17     1.001E+00  Aqueous 
  Zn(SO4)2--            -8.713     -8.860     1.934E-09     1.380E-09     7.134E-01  Aqueous 
  Zn(OH)3-             -24.578    -24.611     2.645E-25     2.449E-25     9.258E-01  Aqueous 
  Zn(OH)4--            -33.907    -34.041     1.239E-34     9.098E-35     7.345E-01  Aqueous 
 
  ****** Partial pressure of gases (bars) *****
 
 
  ***** Saturation state of minerals (log[Q/K] *****
 
 
 
  ***** Volum of minerals added or subtracted *****
 
 
 **************************************************************
 ------> GRID LOCATION:    83:  1:  1
 
  Temperature (C)    =     25.000
  Porosity           =      0.250
  Liquid Saturation  =      1.000
  Liquid Density     =    997.075
  Ionic Strength     =      0.005
  Solution pH        =      3.412
  Total Charge       = -9.218E-07
 
 Total Aqueous Concentrations of Primary Species 
 --------------------------------------- 
 
   Species              Molality       Type 
 H+                   4.6160E-04     Aqueous      
 SO4--                1.6422E-03     Aqueous      
 Zn++                 6.7912E-07     Aqueous      
 Pb++                 3.6553E-07     Aqueous      
 Ca++                 7.9553E-10     Aqueous      
 Mg++                 8.0149E-05     Aqueous      
 K+                   2.6416E-05     Aqueous      
 Na+                  2.6331E-03     Aqueous      
 
 Exchangers           Equiv/kgw        Equiv/g solid    Equiv/m^3 bulk
 X-                   2.2055E-02       2.9320E-06       5.4975E+00
 Y-                   3.3082E-02       4.3980E-06       8.2462E+00
 
 Total Concentrations in Exchange Sites 
 -------------------------------------- 
 
 Exchangers           Equiv/kgw        Equiv/g solid    Equiv/m^3 bulk
 Zn++                 3.5567E-04       4.7284E-08       8.8657E-02
 Pb++                 3.2853E-04       4.3676E-08       8.1893E-02
 Ca++                 4.2585E-07       5.6614E-11       1.0615E-04
 Mg++                 2.3028E-02       3.0614E-06       5.7402E+00
 K+                   5.8639E-04       7.7956E-08       1.4617E-01
 Na+                  7.1245E-03       9.4715E-07       1.7759E+00
 
 Concentrations of Individual Species, Exchangers, and Surface Complexes 
 ----------------------------------------------------------------------- 
 
                           Log        Log                 Concentration     
 Species              Molality   Activity      Molality    Mol/m^3 blk  Type
  NaX                   -2.465     -0.809     3.424E-03     8.535E-01  Exchange
  NaY                   -2.432     -0.951     3.700E-03     9.224E-01  Exchange
  KX                    -3.766     -2.109     1.715E-04     4.275E-02  Exchange
  KY                    -3.382     -1.902     4.149E-04     1.034E-01  Exchange
  CaX2                  -6.841     -4.884     1.441E-07     3.591E-05  Exchange
  CaY2                  -6.550     -4.769     2.818E-07     7.024E-05  Exchange
  MgX2                  -2.045     -0.087     9.018E-03     2.248E+00  Exchange
  MgY2                  -1.854     -0.072     1.401E-02     3.492E+00  Exchange
  ZnX2                  -3.920     -1.962     1.203E-04     2.999E-02  Exchange
  ZnY2                  -3.628     -1.847     2.353E-04     5.866E-02  Exchange
  PbX2                  -4.039     -2.082     9.137E-05     2.278E-02  Exchange
  PbY2                  -3.625     -1.844     2.372E-04     5.912E-02  Exchange
                           Log        Log                                 Activity
 Species              Molality   Activity      Molality      Activity   Coefficient    Type
  H+                    -3.382     -3.412     4.146E-04     3.875E-04     9.346E-01  Aqueous 
  SO4--                 -2.805     -2.935     1.566E-03     1.161E-03     7.418E-01  Aqueous 
  Zn++                  -6.249     -6.373     5.641E-07     4.235E-07     7.507E-01  Aqueous 
  Pb++                  -6.610     -6.739     2.454E-07     1.826E-07     7.441E-01  Aqueous 
  Ca++                  -9.170     -9.295     6.754E-10     5.070E-10     7.507E-01  Aqueous 
  Mg++                  -4.179     -4.298     6.627E-05     5.030E-05     7.591E-01  Aqueous 
  K+                    -4.582     -4.615     2.620E-05     2.428E-05     9.266E-01  Aqueous 
  Na+                   -2.582     -2.614     2.618E-03     2.429E-03     9.280E-01  Aqueous 
  OH-                  -10.553    -10.586     2.796E-11     2.593E-11     9.273E-01  Aqueous 
  HSO4-                 -4.328     -4.360     4.702E-05     4.367E-05     9.288E-01  Aqueous 
  CaSO4(aq)             -9.921     -9.921     1.198E-10     1.199E-10     1.001E+00  Aqueous 
  CaOH+                -18.632    -18.663     2.333E-19     2.172E-19     9.308E-01  Aqueous 
  CaHSO4+              -12.538    -12.574     2.895E-13     2.668E-13     9.217E-01  Aqueous 
  KSO4-                 -6.668     -6.700     2.146E-07     1.996E-07     9.300E-01  Aqueous 
  KOH(aq)              -15.664    -15.663     2.170E-16     2.173E-16     1.001E+00  Aqueous 
  MgSO4(aq)             -4.858     -4.857     1.388E-05     1.390E-05     1.001E+00  Aqueous 
  MgOH+                -12.296    -12.327     5.060E-13     4.713E-13     9.315E-01  Aqueous 
  NaSO4-                -4.818     -4.850     1.520E-05     1.414E-05     9.300E-01  Aqueous 
  NaOH(aq)             -14.002    -14.001     9.958E-15     9.969E-15     1.001E+00  Aqueous 
  PbOH+                -11.004    -11.037     9.901E-12     9.188E-12     9.280E-01  Aqueous 
  PbSO4(aq)             -6.924     -6.924     1.191E-07     1.192E-07     1.001E+00  Aqueous 
  Pb(OH)2(aq)          -17.035    -17.035     9.215E-18     9.226E-18     1.001E+00  Aqueous 
  Pb(SO4)2--            -8.997     -9.139     1.007E-09     7.268E-10     7.218E-01  Aqueous 
  Pb(OH)3-             -24.531    -24.563     2.946E-25     2.734E-25     9.280E-01  Aqueous 
  Pb2OH+++             -16.139    -16.425     7.255E-17     3.756E-17     5.177E-01  Aqueous 
  Pb(OH)4--            -32.650    -32.791     2.239E-33     1.616E-33     7.218E-01  Aqueous 
  ZnOH+                -11.889    -11.921     1.292E-12     1.199E-12     9.280E-01  Aqueous 
  ZnSO4(aq)             -6.945     -6.945     1.135E-07     1.136E-07     1.001E+00  Aqueous 
  Zn(OH)2(aq)          -16.450    -16.450     3.547E-17     3.551E-17     1.001E+00  Aqueous 
  Zn(SO4)2--            -8.822     -8.963     1.508E-09     1.088E-09     7.218E-01  Aqueous 
  Zn(OH)3-             -24.505    -24.538     3.123E-25     2.898E-25     9.280E-01  Aqueous 
  Zn(OH)4--            -33.796    -33.926     1.598E-34     1.185E-34     7.418E-01  Aqueous 
 
  ****** Partial pressure of gases (bars) *****
 
 
  ***** Saturation state of minerals (log[Q/K] *****
 
 
 
  ***** Volum of minerals added or subtracted *****
 
 
 **************************************************************
 ------> GRID LOCATION:    84:  1:  1
 
  Temperature (C)    =     25.000
  Porosity           =      0.250
  Liquid Saturation  =      1.000
  Liquid Density     =    997.075
  Ionic Strength     =      0.004
  Solution pH        =      3.457
  Total Charge       = -8.376E-07
 
 Total Aqueous Concentrations of Primary Species 
 --------------------------------------- 
 
   Species              Molality       Type 
 H+                   4.1289E-04     Aqueous      
 SO4--                1.5237E-03     Aqueous      
 Zn++                 5.8920E-07     Aqueous      
 Pb++                 3.1442E-07     Aqueous      
 Ca++                 6.9093E-10     Aqueous      
 Mg++                 6.9572E-05     Aqueous      
 K+                   2.4751E-05     Aqueous      
 Na+                  2.4679E-03     Aqueous      
 
 Exchangers           Equiv/kgw        Equiv/g solid    Equiv/m^3 bulk
 X-                   2.2055E-02       2.9320E-06       5.4975E+00
 Y-                   3.3082E-02       4.3980E-06       8.2462E+00
 
 Total Concentrations in Exchange Sites 
 -------------------------------------- 
 
 Exchangers           Equiv/kgw        Equiv/g solid    Equiv/m^3 bulk
 Zn++                 3.5566E-04       4.7283E-08       8.8656E-02
 Pb++                 3.2853E-04       4.3676E-08       8.1892E-02
 Ca++                 4.2584E-07       5.6613E-11       1.0615E-04
 Mg++                 2.3028E-02       3.0614E-06       5.7401E+00
 K+                   5.8640E-04       7.7958E-08       1.4617E-01
 Na+                  7.1254E-03       9.4727E-07       1.7761E+00
 
 Concentrations of Individual Species, Exchangers, and Surface Complexes 
 ----------------------------------------------------------------------- 
 
                           Log        Log                 Concentration     
 Species              Molality   Activity      Molality    Mol/m^3 blk  Type
  NaX                   -2.465     -0.809     3.424E-03     8.536E-01  Exchange
  NaY                   -2.432     -0.951     3.701E-03     9.225E-01  Exchange
  KX                    -3.766     -2.109     1.715E-04     4.275E-02  Exchange
  KY                    -3.382     -1.902     4.149E-04     1.034E-01  Exchange
  CaX2                  -6.841     -4.884     1.441E-07     3.591E-05  Exchange
  CaY2                  -6.550     -4.769     2.818E-07     7.024E-05  Exchange
  MgX2                  -2.045     -0.087     9.017E-03     2.248E+00  Exchange
  MgY2                  -1.854     -0.072     1.401E-02     3.492E+00  Exchange
  ZnX2                  -3.920     -1.962     1.203E-04     2.999E-02  Exchange
  ZnY2                  -3.628     -1.847     2.353E-04     5.866E-02  Exchange
  PbX2                  -4.039     -2.082     9.137E-05     2.277E-02  Exchange
  PbY2                  -3.625     -1.844     2.372E-04     5.912E-02  Exchange
                           Log        Log                                 Activity
 Species              Molality   Activity      Molality      Activity   Coefficient    Type
  H+                    -3.428     -3.457     3.731E-04     3.494E-04     9.365E-01  Aqueous 
  SO4--                 -2.836     -2.962     1.459E-03     1.093E-03     7.491E-01  Aqueous 
  Zn++                  -6.307     -6.427     4.937E-07     3.740E-07     7.575E-01  Aqueous 
  Pb++                  -6.668     -6.792     2.147E-07     1.613E-07     7.512E-01  Aqueous 
  Ca++                  -9.228     -9.349     5.911E-10     4.478E-10     7.575E-01  Aqueous 
  Mg++                  -4.236     -4.352     5.804E-05     4.443E-05     7.654E-01  Aqueous 
  K+                    -4.610     -4.642     2.456E-05     2.282E-05     9.289E-01  Aqueous 
  Na+                   -2.610     -2.641     2.455E-03     2.283E-03     9.303E-01  Aqueous 
  OH-                  -10.510    -10.541     3.093E-11     2.875E-11     9.296E-01  Aqueous 
  HSO4-                 -4.400     -4.431     3.980E-05     3.705E-05     9.310E-01  Aqueous 
  CaSO4(aq)            -10.002    -10.001     9.956E-11     9.967E-11     1.001E+00  Aqueous 
  CaOH+                -18.642    -18.672     2.280E-19     2.127E-19     9.329E-01  Aqueous 
  CaHSO4+              -12.665    -12.699     2.163E-13     1.999E-13     9.244E-01  Aqueous 
  KSO4-                 -6.723     -6.753     1.893E-07     1.765E-07     9.322E-01  Aqueous 
  KOH(aq)              -15.646    -15.645     2.262E-16     2.264E-16     1.001E+00  Aqueous 
  MgSO4(aq)             -4.938     -4.938     1.153E-05     1.155E-05     1.001E+00  Aqueous 
  MgOH+                -12.306    -12.336     4.945E-13     4.616E-13     9.336E-01  Aqueous 
  NaSO4-                -4.872     -4.903     1.341E-05     1.250E-05     9.322E-01  Aqueous 
  NaOH(aq)             -13.984    -13.983     1.038E-14     1.039E-14     1.001E+00  Aqueous 
  PbOH+                -11.014    -11.046     9.673E-12     8.999E-12     9.303E-01  Aqueous 
  PbSO4(aq)             -7.004     -7.004     9.898E-08     9.908E-08     1.001E+00  Aqueous 
  Pb(OH)2(aq)          -17.000    -16.999     1.001E-17     1.002E-17     1.001E+00  Aqueous 
  Pb(SO4)2--            -9.109     -9.246     7.779E-10     5.681E-10     7.303E-01  Aqueous 
  Pb(OH)3-             -24.451    -24.482     3.539E-25     3.293E-25     9.303E-01  Aqueous 
  Pb2OH+++             -16.212    -16.488     6.144E-17     3.249E-17     5.288E-01  Aqueous 
  Pb(OH)4--            -32.529    -32.666     2.956E-33     2.159E-33     7.303E-01  Aqueous 
  ZnOH+                -11.899    -11.930     1.262E-12     1.174E-12     9.303E-01  Aqueous 
  ZnSO4(aq)             -7.025     -7.025     9.431E-08     9.440E-08     1.001E+00  Aqueous 
  Zn(OH)2(aq)          -16.414    -16.414     3.853E-17     3.857E-17     1.001E+00  Aqueous 
  Zn(SO4)2--            -8.934     -9.070     1.165E-09     8.507E-10     7.303E-01  Aqueous 
  Zn(OH)3-             -24.426    -24.457     3.752E-25     3.490E-25     9.303E-01  Aqueous 
  Zn(OH)4--            -33.675    -33.800     2.114E-34     1.583E-34     7.491E-01  Aqueous 
 
  ****** Partial pressure of gases (bars) *****
 
 
  ***** Saturation state of minerals (log[Q/K] *****
 
 
 
  ***** Volum of minerals added or subtracted *****
 
 
 **************************************************************
 ------> GRID LOCATION:    85:  1:  1
 
  Temperature (C)    =     25.000
  Porosity           =      0.250
  Liquid Saturation  =      1.000
  Liquid Density     =    997.075
  Ionic Strength     =      0.004
  Solution pH        =      3.505
  Total Charge       = -7.577E-07
 
 Total Aqueous Concentrations of Primary Species 
 --------------------------------------- 
 
   Species              Molality       Type 
 H+                   3.6667E-04     Aqueous      
 SO4--                1.4112E-03     Aqueous      
 Zn++                 5.0976E-07     Aqueous      
 Pb++                 2.6969E-07     Aqueous      
 Ca++                 5.9840E-10     Aqueous      
 Mg++                 6.0222E-05     Aqueous      
 K+                   2.3157E-05     Aqueous      
 Na+                  2.3098E-03     Aqueous      
 
 Exchangers           Equiv/kgw        Equiv/g solid    Equiv/m^3 bulk
 X-                   2.2055E-02       2.9320E-06       5.4975E+00
 Y-                   3.3082E-02       4.3980E-06       8.2462E+00
 
 Total Concentrations in Exchange Sites 
 -------------------------------------- 
 
 Exchangers           Equiv/kgw        Equiv/g solid    Equiv/m^3 bulk
 Zn++                 3.5566E-04       4.7283E-08       8.8655E-02
 Pb++                 3.2853E-04       4.3675E-08       8.1891E-02
 Ca++                 4.2584E-07       5.6613E-11       1.0615E-04
 Mg++                 2.3027E-02       3.0613E-06       5.7400E+00
 K+                   5.8640E-04       7.7959E-08       1.4617E-01
 Na+                  7.1262E-03       9.4738E-07       1.7763E+00
 
 Concentrations of Individual Species, Exchangers, and Surface Complexes 
 ----------------------------------------------------------------------- 
 
                           Log        Log                 Concentration     
 Species              Molality   Activity      Molality    Mol/m^3 blk  Type
  NaX                   -2.465     -0.809     3.425E-03     8.537E-01  Exchange
  NaY                   -2.432     -0.951     3.701E-03     9.226E-01  Exchange
  KX                    -3.766     -2.109     1.715E-04     4.275E-02  Exchange
  KY                    -3.382     -1.902     4.149E-04     1.034E-01  Exchange
  CaX2                  -6.841     -4.884     1.441E-07     3.591E-05  Exchange
  CaY2                  -6.550     -4.769     2.818E-07     7.024E-05  Exchange
  MgX2                  -2.045     -0.087     9.017E-03     2.248E+00  Exchange
  MgY2                  -1.854     -0.072     1.401E-02     3.492E+00  Exchange
  ZnX2                  -3.920     -1.962     1.203E-04     2.999E-02  Exchange
  ZnY2                  -3.628     -1.847     2.353E-04     5.866E-02  Exchange
  PbX2                  -4.039     -2.082     9.137E-05     2.277E-02  Exchange
  PbY2                  -3.625     -1.844     2.372E-04     5.912E-02  Exchange
                           Log        Log                                 Activity
 Species              Molality   Activity      Molality      Activity   Coefficient    Type
  H+                    -3.477     -3.505     3.333E-04     3.128E-04     9.384E-01  Aqueous 
  SO4--                 -2.868     -2.989     1.356E-03     1.026E-03     7.564E-01  Aqueous 
  Zn++                  -6.366     -6.482     4.309E-07     3.294E-07     7.644E-01  Aqueous 
  Pb++                  -6.728     -6.848     1.872E-07     1.420E-07     7.585E-01  Aqueous 
  Ca++                  -9.287     -9.404     5.159E-10     3.944E-10     7.644E-01  Aqueous 
  Mg++                  -4.295     -4.408     5.068E-05     3.912E-05     7.719E-01  Aqueous 
  K+                    -4.638     -4.669     2.299E-05     2.141E-05     9.313E-01  Aqueous 
  Na+                   -2.639     -2.669     2.298E-03     2.143E-03     9.326E-01  Aqueous 
  OH-                  -10.463    -10.493     3.446E-11     3.212E-11     9.319E-01  Aqueous 
  HSO4-                 -4.477     -4.507     3.337E-05     3.114E-05     9.332E-01  Aqueous 
  CaSO4(aq)            -10.084    -10.084     8.233E-11     8.241E-11     1.001E+00  Aqueous 
  CaOH+                -18.650    -18.679     2.238E-19     2.092E-19     9.350E-01  Aqueous 
  CaHSO4+              -12.797    -12.830     1.596E-13     1.480E-13     9.271E-01  Aqueous 
  KSO4-                 -6.779     -6.808     1.664E-07     1.555E-07     9.343E-01  Aqueous 
  KOH(aq)              -15.625    -15.625     2.371E-16     2.374E-16     1.001E+00  Aqueous 
  MgSO4(aq)             -5.021     -5.020     9.537E-06     9.547E-06     1.001E+00  Aqueous 
  MgOH+                -12.314    -12.343     4.854E-13     4.541E-13     9.356E-01  Aqueous 
  NaSO4-                -4.928     -4.958     1.179E-05     1.102E-05     9.343E-01  Aqueous 
  NaOH(aq)             -13.963    -13.963     1.088E-14     1.089E-14     1.001E+00  Aqueous 
  PbOH+                -11.023    -11.053     9.493E-12     8.853E-12     9.326E-01  Aqueous 
  PbSO4(aq)             -7.087     -7.087     8.185E-08     8.192E-08     1.001E+00  Aqueous 
  Pb(OH)2(aq)          -16.959    -16.958     1.100E-17     1.101E-17     1.001E+00  Aqueous 
  Pb(SO4)2--            -9.224     -9.356     5.970E-10     4.411E-10     7.387E-01  Aqueous 
  Pb(OH)3-             -24.363    -24.393     4.335E-25     4.042E-25     9.326E-01  Aqueous 
  Pb2OH+++             -16.283    -16.551     5.212E-17     2.815E-17     5.401E-01  Aqueous 
  Pb(OH)4--            -32.397    -32.529     4.008E-33     2.961E-33     7.387E-01  Aqueous 
  ZnOH+                -11.907    -11.937     1.239E-12     1.155E-12     9.326E-01  Aqueous 
  ZnSO4(aq)             -7.108     -7.108     7.798E-08     7.806E-08     1.001E+00  Aqueous 
  Zn(OH)2(aq)          -16.373    -16.373     4.235E-17     4.239E-17     1.001E+00  Aqueous 
  Zn(SO4)2--            -9.049     -9.180     8.940E-10     6.605E-10     7.387E-01  Aqueous 
  Zn(OH)3-             -24.338    -24.368     4.595E-25     4.285E-25     9.326E-01  Aqueous 
  Zn(OH)4--            -33.542    -33.663     2.871E-34     2.171E-34     7.564E-01  Aqueous 
 
  ****** Partial pressure of gases (bars) *****
 
 
  ***** Saturation state of minerals (log[Q/K] *****
 
 
 
  ***** Volum of minerals added or subtracted *****
 
 
 **************************************************************
 ------> GRID LOCATION:    86:  1:  1
 
  Temperature (C)    =     25.000
  Porosity           =      0.250
  Liquid Saturation  =      1.000
  Liquid Density     =    997.075
  Ionic Strength     =      0.004
  Solution pH        =      3.556
  Total Charge       = -6.827E-07
 
 Total Aqueous Concentrations of Primary Species 
 --------------------------------------- 
 
   Species              Molality       Type 
 H+                   3.2326E-04     Aqueous      
 SO4--                1.3056E-03     Aqueous      
 Zn++                 4.4041E-07     Aqueous      
 Pb++                 2.3099E-07     Aqueous      
 Ca++                 5.1751E-10     Aqueous      
 Mg++                 5.2052E-05     Aqueous      
 K+                   2.1649E-05     Aqueous      
 Na+                  2.1601E-03     Aqueous      
 
 Exchangers           Equiv/kgw        Equiv/g solid    Equiv/m^3 bulk
 X-                   2.2055E-02       2.9320E-06       5.4975E+00
 Y-                   3.3082E-02       4.3980E-06       8.2462E+00
 
 Total Concentrations in Exchange Sites 
 -------------------------------------- 
 
 Exchangers           Equiv/kgw        Equiv/g solid    Equiv/m^3 bulk
 Zn++                 3.5566E-04       4.7282E-08       8.8654E-02
 Pb++                 3.2852E-04       4.3675E-08       8.1891E-02
 Ca++                 4.2584E-07       5.6612E-11       1.0615E-04
 Mg++                 2.3027E-02       3.0613E-06       5.7399E+00
 K+                   5.8641E-04       7.7959E-08       1.4617E-01
 Na+                  7.1269E-03       9.4748E-07       1.7765E+00
 
 Concentrations of Individual Species, Exchangers, and Surface Complexes 
 ----------------------------------------------------------------------- 
 
                           Log        Log                 Concentration     
 Species              Molality   Activity      Molality    Mol/m^3 blk  Type
  NaX                   -2.465     -0.809     3.425E-03     8.538E-01  Exchange
  NaY                   -2.432     -0.951     3.702E-03     9.227E-01  Exchange
  KX                    -3.766     -2.109     1.715E-04     4.275E-02  Exchange
  KY                    -3.382     -1.902     4.149E-04     1.034E-01  Exchange
  CaX2                  -6.841     -4.884     1.441E-07     3.591E-05  Exchange
  CaY2                  -6.550     -4.769     2.818E-07     7.024E-05  Exchange
  MgX2                  -2.045     -0.087     9.017E-03     2.248E+00  Exchange
  MgY2                  -1.854     -0.072     1.401E-02     3.492E+00  Exchange
  ZnX2                  -3.920     -1.962     1.203E-04     2.999E-02  Exchange
  ZnY2                  -3.628     -1.847     2.353E-04     5.866E-02  Exchange
  PbX2                  -4.039     -2.082     9.136E-05     2.277E-02  Exchange
  PbY2                  -3.625     -1.844     2.372E-04     5.912E-02  Exchange
                           Log        Log                                 Activity
 Species              Molality   Activity      Molality      Activity   Coefficient    Type
  H+                    -3.529     -3.556     2.955E-04     2.779E-04     9.403E-01  Aqueous 
  SO4--                 -2.900     -3.017     1.259E-03     9.618E-04     7.637E-01  Aqueous 
  Zn++                  -6.425     -6.538     3.754E-07     2.896E-07     7.712E-01  Aqueous 
  Pb++                  -6.788     -6.904     1.631E-07     1.248E-07     7.657E-01  Aqueous 
  Ca++                  -9.347     -9.460     4.495E-10     3.467E-10     7.712E-01  Aqueous 
  Mg++                  -4.355     -4.464     4.419E-05     3.439E-05     7.783E-01  Aqueous 
  K+                    -4.667     -4.697     2.150E-05     2.008E-05     9.336E-01  Aqueous 
  Na+                   -2.668     -2.697     2.150E-03     2.010E-03     9.348E-01  Aqueous 
  OH-                  -10.412    -10.442     3.870E-11     3.615E-11     9.342E-01  Aqueous 
  HSO4-                 -4.557     -4.586     2.773E-05     2.594E-05     9.354E-01  Aqueous 
  CaSO4(aq)            -10.168    -10.168     6.787E-11     6.793E-11     1.001E+00  Aqueous 
  CaOH+                -18.656    -18.684     2.209E-19     2.071E-19     9.371E-01  Aqueous 
  CaHSO4+              -12.933    -12.965     1.166E-13     1.084E-13     9.297E-01  Aqueous 
  KSO4-                 -6.836     -6.864     1.460E-07     1.367E-07     9.365E-01  Aqueous 
  KOH(aq)              -15.602    -15.601     2.503E-16     2.505E-16     1.001E+00  Aqueous 
  MgSO4(aq)             -5.104     -5.104     7.862E-06     7.869E-06     1.001E+00  Aqueous 
  MgOH+                -12.319    -12.347     4.792E-13     4.494E-13     9.377E-01  Aqueous 
  NaSO4-                -4.985     -5.014     1.034E-05     9.687E-06     9.365E-01  Aqueous 
  NaOH(aq)             -13.940    -13.939     1.149E-14     1.150E-14     1.001E+00  Aqueous 
  PbOH+                -11.028    -11.057     9.371E-12     8.760E-12     9.348E-01  Aqueous 
  PbSO4(aq)             -7.171     -7.171     6.747E-08     6.753E-08     1.001E+00  Aqueous 
  Pb(OH)2(aq)          -16.912    -16.911     1.225E-17     1.226E-17     1.001E+00  Aqueous 
  Pb(SO4)2--            -9.341     -9.467     4.562E-10     3.408E-10     7.471E-01  Aqueous 
  Pb(OH)3-             -24.266    -24.295     5.421E-25     5.068E-25     9.348E-01  Aqueous 
  Pb2OH+++             -16.353    -16.611     4.440E-17     2.449E-17     5.514E-01  Aqueous 
  Pb(OH)4--            -32.252    -32.379     5.592E-33     4.178E-33     7.471E-01  Aqueous 
  ZnOH+                -11.913    -11.942     1.223E-12     1.143E-12     9.348E-01  Aqueous 
  ZnSO4(aq)             -7.192     -7.192     6.428E-08     6.434E-08     1.001E+00  Aqueous 
  Zn(OH)2(aq)          -16.326    -16.326     4.717E-17     4.721E-17     1.001E+00  Aqueous 
  Zn(SO4)2--            -9.165     -9.292     6.832E-10     5.104E-10     7.471E-01  Aqueous 
  Zn(OH)3-             -24.241    -24.270     5.747E-25     5.372E-25     9.348E-01  Aqueous 
  Zn(OH)4--            -33.397    -33.514     4.012E-34     3.064E-34     7.637E-01  Aqueous 
 
  ****** Partial pressure of gases (bars) *****
 
 
  ***** Saturation state of minerals (log[Q/K] *****
 
 
 
  ***** Volum of minerals added or subtracted *****
 
 
 **************************************************************
 ------> GRID LOCATION:    87:  1:  1
 
  Temperature (C)    =     25.000
  Porosity           =      0.250
  Liquid Saturation  =      1.000
  Liquid Density     =    997.075
  Ionic Strength     =      0.004
  Solution pH        =      3.611
  Total Charge       = -6.129E-07
 
 Total Aqueous Concentrations of Primary Species 
 --------------------------------------- 
 
   Species              Molality       Type 
 H+                   2.8289E-04     Aqueous      
 SO4--                1.2073E-03     Aqueous      
 Zn++                 3.8051E-07     Aqueous      
 Pb++                 1.9788E-07     Aqueous      
 Ca++                 4.4757E-10     Aqueous      
 Mg++                 4.4991E-05     Aqueous      
 K+                   2.0237E-05     Aqueous      
 Na+                  2.0198E-03     Aqueous      
 
 Exchangers           Equiv/kgw        Equiv/g solid    Equiv/m^3 bulk
 X-                   2.2055E-02       2.9320E-06       5.4975E+00
 Y-                   3.3082E-02       4.3980E-06       8.2462E+00
 
 Total Concentrations in Exchange Sites 
 -------------------------------------- 
 
 Exchangers           Equiv/kgw        Equiv/g solid    Equiv/m^3 bulk
 Zn++                 3.5565E-04       4.7282E-08       8.8653E-02
 Pb++                 3.2852E-04       4.3675E-08       8.1891E-02
 Ca++                 4.2583E-07       5.6612E-11       1.0615E-04
 Mg++                 2.3027E-02       3.0612E-06       5.7398E+00
 K+                   5.8642E-04       7.7960E-08       1.4618E-01
 Na+                  7.1276E-03       9.4757E-07       1.7767E+00
 
 Concentrations of Individual Species, Exchangers, and Surface Complexes 
 ----------------------------------------------------------------------- 
 
                           Log        Log                 Concentration     
 Species              Molality   Activity      Molality    Mol/m^3 blk  Type
  NaX                   -2.465     -0.809     3.425E-03     8.539E-01  Exchange
  NaY                   -2.432     -0.951     3.702E-03     9.228E-01  Exchange
  KX                    -3.766     -2.109     1.715E-04     4.275E-02  Exchange
  KY                    -3.382     -1.902     4.149E-04     1.034E-01  Exchange
  CaX2                  -6.841     -4.884     1.441E-07     3.591E-05  Exchange
  CaY2                  -6.550     -4.769     2.818E-07     7.024E-05  Exchange
  MgX2                  -2.045     -0.087     9.017E-03     2.248E+00  Exchange
  MgY2                  -1.854     -0.072     1.401E-02     3.492E+00  Exchange
  ZnX2                  -3.920     -1.962     1.203E-04     2.999E-02  Exchange
  ZnY2                  -3.628     -1.847     2.353E-04     5.866E-02  Exchange
  PbX2                  -4.039     -2.082     9.136E-05     2.277E-02  Exchange
  PbY2                  -3.625     -1.844     2.372E-04     5.912E-02  Exchange
                           Log        Log                                 Activity
 Species              Molality   Activity      Molality      Activity   Coefficient    Type
  H+                    -3.585     -3.611     2.600E-04     2.450E-04     9.421E-01  Aqueous 
  SO4--                 -2.932     -3.045     1.169E-03     9.010E-04     7.709E-01  Aqueous 
  Zn++                  -6.485     -6.594     3.271E-07     2.545E-07     7.780E-01  Aqueous 
  Pb++                  -6.848     -6.960     1.420E-07     1.097E-07     7.727E-01  Aqueous 
  Ca++                  -9.407     -9.516     3.916E-10     3.047E-10     7.780E-01  Aqueous 
  Mg++                  -4.414     -4.520     3.852E-05     3.022E-05     7.846E-01  Aqueous 
  K+                    -4.697     -4.725     2.011E-05     1.882E-05     9.359E-01  Aqueous 
  Na+                   -2.697     -2.725     2.011E-03     1.884E-03     9.370E-01  Aqueous 
  OH-                  -10.359    -10.387     4.379E-11     4.101E-11     9.365E-01  Aqueous 
  HSO4-                 -4.641     -4.669     2.285E-05     2.142E-05     9.376E-01  Aqueous 
  CaSO4(aq)            -10.253    -10.252     5.587E-11     5.592E-11     1.001E+00  Aqueous 
  CaOH+                -18.658    -18.685     2.198E-19     2.064E-19     9.392E-01  Aqueous 
  CaHSO4+              -13.074    -13.104     8.436E-14     7.865E-14     9.322E-01  Aqueous 
  KSO4-                 -6.893     -6.921     1.279E-07     1.200E-07     9.385E-01  Aqueous 
  KOH(aq)              -15.575    -15.575     2.661E-16     2.664E-16     1.001E+00  Aqueous 
  MgSO4(aq)             -5.189     -5.189     6.472E-06     6.477E-06     1.001E+00  Aqueous 
  MgOH+                -12.322    -12.349     4.767E-13     4.479E-13     9.397E-01  Aqueous 
  NaSO4-                -5.043     -5.070     9.065E-06     8.508E-06     9.385E-01  Aqueous 
  NaOH(aq)             -13.913    -13.913     1.222E-14     1.223E-14     1.001E+00  Aqueous 
  PbOH+                -11.031    -11.059     9.319E-12     8.732E-12     9.370E-01  Aqueous 
  PbSO4(aq)             -7.255     -7.255     5.554E-08     5.559E-08     1.001E+00  Aqueous 
  Pb(OH)2(aq)          -16.858    -16.858     1.385E-17     1.387E-17     1.001E+00  Aqueous 
  Pb(SO4)2--            -9.458     -9.580     3.480E-10     2.628E-10     7.553E-01  Aqueous 
  Pb(OH)3-             -24.159    -24.187     6.935E-25     6.498E-25     9.370E-01  Aqueous 
  Pb2OH+++             -16.419    -16.669     3.811E-17     2.145E-17     5.627E-01  Aqueous 
  Pb(OH)4--            -32.094    -32.216     8.045E-33     6.076E-33     7.553E-01  Aqueous 
  ZnOH+                -11.915    -11.943     1.216E-12     1.139E-12     9.370E-01  Aqueous 
  ZnSO4(aq)             -7.276     -7.276     5.292E-08     5.296E-08     1.001E+00  Aqueous 
  Zn(OH)2(aq)          -16.273    -16.273     5.333E-17     5.337E-17     1.001E+00  Aqueous 
  Zn(SO4)2--            -9.283     -9.405     5.211E-10     3.936E-10     7.553E-01  Aqueous 
  Zn(OH)3-             -24.134    -24.162     7.352E-25     6.889E-25     9.370E-01  Aqueous 
  Zn(OH)4--            -33.238    -33.351     5.781E-34     4.457E-34     7.709E-01  Aqueous 
 
  ****** Partial pressure of gases (bars) *****
 
 
  ***** Saturation state of minerals (log[Q/K] *****
 
 
 
  ***** Volum of minerals added or subtracted *****
 
 
 **************************************************************
 ------> GRID LOCATION:    88:  1:  1
 
  Temperature (C)    =     25.000
  Porosity           =      0.250
  Liquid Saturation  =      1.000
  Liquid Density     =    997.075
  Ionic Strength     =      0.003
  Solution pH        =      3.669
  Total Charge       = -5.486E-07
 
 Total Aqueous Concentrations of Primary Species 
 --------------------------------------- 
 
   Species              Molality       Type 
 H+                   2.4573E-04     Aqueous      
 SO4--                1.1169E-03     Aqueous      
 Zn++                 3.2930E-07     Aqueous      
 Pb++                 1.6983E-07     Aqueous      
 Ca++                 3.8768E-10     Aqueous      
 Mg++                 3.8950E-05     Aqueous      
 K+                   1.8929E-05     Aqueous      
 Na+                  1.8897E-03     Aqueous      
 
 Exchangers           Equiv/kgw        Equiv/g solid    Equiv/m^3 bulk
 X-                   2.2055E-02       2.9320E-06       5.4975E+00
 Y-                   3.3082E-02       4.3980E-06       8.2462E+00
 
 Total Concentrations in Exchange Sites 
 -------------------------------------- 
 
 Exchangers           Equiv/kgw        Equiv/g solid    Equiv/m^3 bulk
 Zn++                 3.5565E-04       4.7281E-08       8.8653E-02
 Pb++                 3.2852E-04       4.3675E-08       8.1890E-02
 Ca++                 4.2583E-07       5.6611E-11       1.0615E-04
 Mg++                 2.3026E-02       3.0612E-06       5.7397E+00
 K+                   5.8642E-04       7.7961E-08       1.4618E-01
 Na+                  7.1281E-03       9.4764E-07       1.7768E+00
 
 Concentrations of Individual Species, Exchangers, and Surface Complexes 
 ----------------------------------------------------------------------- 
 
                           Log        Log                 Concentration     
 Species              Molality   Activity      Molality    Mol/m^3 blk  Type
  NaX                   -2.465     -0.809     3.426E-03     8.539E-01  Exchange
  NaY                   -2.432     -0.951     3.702E-03     9.229E-01  Exchange
  KX                    -3.766     -2.109     1.715E-04     4.275E-02  Exchange
  KY                    -3.382     -1.902     4.149E-04     1.034E-01  Exchange
  CaX2                  -6.841     -4.884     1.441E-07     3.591E-05  Exchange
  CaY2                  -6.550     -4.769     2.818E-07     7.024E-05  Exchange
  MgX2                  -2.045     -0.087     9.017E-03     2.248E+00  Exchange
  MgY2                  -1.854     -0.072     1.401E-02     3.492E+00  Exchange
  ZnX2                  -3.920     -1.962     1.203E-04     2.999E-02  Exchange
  ZnY2                  -3.628     -1.847     2.353E-04     5.866E-02  Exchange
  PbX2                  -4.039     -2.082     9.136E-05     2.277E-02  Exchange
  PbY2                  -3.625     -1.844     2.372E-04     5.912E-02  Exchange
                           Log        Log                                 Activity
 Species              Molality   Activity      Molality      Activity   Coefficient    Type
  H+                    -3.644     -3.669     2.270E-04     2.143E-04     9.439E-01  Aqueous 
  SO4--                 -2.965     -3.074     1.085E-03     8.438E-04     7.779E-01  Aqueous 
  Zn++                  -6.545     -6.650     2.853E-07     2.238E-07     7.846E-01  Aqueous 
  Pb++                  -6.907     -7.015     1.238E-07     9.651E-08     7.796E-01  Aqueous 
  Ca++                  -9.466     -9.572     3.416E-10     2.680E-10     7.846E-01  Aqueous 
  Mg++                  -4.473     -4.575     3.362E-05     2.659E-05     7.908E-01  Aqueous 
  K+                    -4.725     -4.753     1.882E-05     1.765E-05     9.381E-01  Aqueous 
  Na+                   -2.725     -2.753     1.882E-03     1.767E-03     9.391E-01  Aqueous 
  OH-                  -10.302    -10.329     4.994E-11     4.688E-11     9.386E-01  Aqueous 
  HSO4-                 -4.729     -4.756     1.868E-05     1.755E-05     9.397E-01  Aqueous 
  CaSO4(aq)            -10.337    -10.337     4.603E-11     4.607E-11     1.001E+00  Aqueous 
  CaOH+                -18.657    -18.683     2.205E-19     2.075E-19     9.411E-01  Aqueous 
  CaHSO4+              -13.217    -13.247     6.064E-14     5.668E-14     9.347E-01  Aqueous 
  KSO4-                 -6.950     -6.977     1.121E-07     1.054E-07     9.406E-01  Aqueous 
  KOH(aq)              -15.545    -15.544     2.854E-16     2.856E-16     1.001E+00  Aqueous 
  MgSO4(aq)             -5.273     -5.273     5.332E-06     5.336E-06     1.001E+00  Aqueous 
  MgOH+                -12.320    -12.346     4.783E-13     4.504E-13     9.416E-01  Aqueous 
  NaSO4-                -5.100     -5.126     7.946E-06     7.474E-06     9.406E-01  Aqueous 
  NaOH(aq)             -13.883    -13.882     1.310E-14     1.311E-14     1.001E+00  Aqueous 
  PbOH+                -11.029    -11.056     9.350E-12     8.781E-12     9.391E-01  Aqueous 
  PbSO4(aq)             -7.340     -7.339     4.576E-08     4.580E-08     1.001E+00  Aqueous 
  Pb(OH)2(aq)          -16.798    -16.798     1.593E-17     1.594E-17     1.001E+00  Aqueous 
  Pb(SO4)2--            -9.576     -9.693     2.657E-10     2.028E-10     7.633E-01  Aqueous 
  Pb(OH)3-             -24.041    -24.069     9.092E-25     8.539E-25     9.391E-01  Aqueous 
  Pb2OH+++             -16.481    -16.722     3.306E-17     1.897E-17     5.739E-01  Aqueous 
  Pb(OH)4--            -31.922    -32.040     1.196E-32     9.128E-33     7.633E-01  Aqueous 
  ZnOH+                -11.914    -11.941     1.220E-12     1.146E-12     9.391E-01  Aqueous 
  ZnSO4(aq)             -7.360     -7.360     4.360E-08     4.363E-08     1.001E+00  Aqueous 
  Zn(OH)2(aq)          -16.213    -16.212     6.130E-17     6.135E-17     1.001E+00  Aqueous 
  Zn(SO4)2--            -9.400     -9.518     3.979E-10     3.037E-10     7.633E-01  Aqueous 
  Zn(OH)3-             -24.016    -24.043     9.639E-25     9.052E-25     9.391E-01  Aqueous 
  Zn(OH)4--            -33.065    -33.174     8.606E-34     6.694E-34     7.779E-01  Aqueous 
 
  ****** Partial pressure of gases (bars) *****
 
 
  ***** Saturation state of minerals (log[Q/K] *****
 
 
 
  ***** Volum of minerals added or subtracted *****
 
 
 **************************************************************
 ------> GRID LOCATION:    89:  1:  1
 
  Temperature (C)    =     25.000
  Porosity           =      0.250
  Liquid Saturation  =      1.000
  Liquid Density     =    997.075
  Ionic Strength     =      0.003
  Solution pH        =      3.730
  Total Charge       = -4.901E-07
 
 Total Aqueous Concentrations of Primary Species 
 --------------------------------------- 
 
   Species              Molality       Type 
 H+                   2.1185E-04     Aqueous      
 SO4--                1.0345E-03     Aqueous      
 Zn++                 2.8589E-07     Aqueous      
 Pb++                 1.4627E-07     Aqueous      
 Ca++                 3.3688E-10     Aqueous      
 Mg++                 3.3827E-05     Aqueous      
 K+                   1.7729E-05     Aqueous      
 Na+                  1.7703E-03     Aqueous      
 
 Exchangers           Equiv/kgw        Equiv/g solid    Equiv/m^3 bulk
 X-                   2.2055E-02       2.9320E-06       5.4975E+00
 Y-                   3.3082E-02       4.3980E-06       8.2462E+00
 
 Total Concentrations in Exchange Sites 
 -------------------------------------- 
 
 Exchangers           Equiv/kgw        Equiv/g solid    Equiv/m^3 bulk
 Zn++                 3.5565E-04       4.7281E-08       8.8652E-02
 Pb++                 3.2852E-04       4.3675E-08       8.1890E-02
 Ca++                 4.2583E-07       5.6611E-11       1.0615E-04
 Mg++                 2.3026E-02       3.0612E-06       5.7397E+00
 K+                   5.8643E-04       7.7962E-08       1.4618E-01
 Na+                  7.1286E-03       9.4770E-07       1.7769E+00
 
 Concentrations of Individual Species, Exchangers, and Surface Complexes 
 ----------------------------------------------------------------------- 
 
                           Log        Log                 Concentration     
 Species              Molality   Activity      Molality    Mol/m^3 blk  Type
  NaX                   -2.465     -0.809     3.426E-03     8.540E-01  Exchange
  NaY                   -2.431     -0.951     3.703E-03     9.230E-01  Exchange
  KX                    -3.766     -2.109     1.715E-04     4.275E-02  Exchange
  KY                    -3.382     -1.902     4.149E-04     1.034E-01  Exchange
  CaX2                  -6.841     -4.884     1.441E-07     3.591E-05  Exchange
  CaY2                  -6.550     -4.769     2.818E-07     7.024E-05  Exchange
  MgX2                  -2.045     -0.087     9.017E-03     2.248E+00  Exchange
  MgY2                  -1.854     -0.072     1.401E-02     3.492E+00  Exchange
  ZnX2                  -3.920     -1.962     1.203E-04     2.999E-02  Exchange
  ZnY2                  -3.628     -1.847     2.353E-04     5.866E-02  Exchange
  PbX2                  -4.039     -2.082     9.136E-05     2.277E-02  Exchange
  PbY2                  -3.625     -1.844     2.372E-04     5.912E-02  Exchange
                           Log        Log                                 Activity
 Species              Molality   Activity      Molality      Activity   Coefficient    Type
  H+                    -3.706     -3.730     1.967E-04     1.860E-04     9.456E-01  Aqueous 
  SO4--                 -2.997     -3.102     1.008E-03     7.907E-04     7.846E-01  Aqueous 
  Zn++                  -6.603     -6.705     2.496E-07     1.974E-07     7.909E-01  Aqueous 
  Pb++                  -6.966     -7.070     1.082E-07     8.510E-08     7.862E-01  Aqueous 
  Ca++                  -9.525     -9.626     2.988E-10     2.363E-10     7.909E-01  Aqueous 
  Mg++                  -4.531     -4.630     2.942E-05     2.344E-05     7.968E-01  Aqueous 
  K+                    -4.754     -4.781     1.763E-05     1.658E-05     9.402E-01  Aqueous 
  Na+                   -2.754     -2.780     1.763E-03     1.660E-03     9.412E-01  Aqueous 
  OH-                  -10.241    -10.268     5.742E-11     5.401E-11     9.407E-01  Aqueous 
  HSO4-                 -4.819     -4.845     1.516E-05     1.427E-05     9.416E-01  Aqueous 
  CaSO4(aq)            -10.420    -10.419     3.804E-11     3.806E-11     1.001E+00  Aqueous 
  CaOH+                -18.651    -18.676     2.236E-19     2.109E-19     9.430E-01  Aqueous 
  CaHSO4+              -13.363    -13.391     4.338E-14     4.065E-14     9.370E-01  Aqueous 
  KSO4-                 -7.007     -7.033     9.845E-08     9.279E-08     9.425E-01  Aqueous 
  KOH(aq)              -15.510    -15.510     3.088E-16     3.090E-16     1.001E+00  Aqueous 
  MgSO4(aq)             -5.356     -5.356     4.406E-06     4.409E-06     1.001E+00  Aqueous 
  MgOH+                -12.314    -12.339     4.850E-13     4.576E-13     9.435E-01  Aqueous 
  NaSO4-                -5.156     -5.182     6.978E-06     6.577E-06     9.425E-01  Aqueous 
  NaOH(aq)             -13.848    -13.848     1.418E-14     1.419E-14     1.001E+00  Aqueous 
  PbOH+                -11.023    -11.050     9.479E-12     8.921E-12     9.412E-01  Aqueous 
  PbSO4(aq)             -7.422     -7.422     3.781E-08     3.784E-08     1.001E+00  Aqueous 
  Pb(OH)2(aq)          -16.729    -16.729     1.865E-17     1.866E-17     1.001E+00  Aqueous 
  Pb(SO4)2--            -9.691     -9.804     2.037E-10     1.570E-10     7.709E-01  Aqueous 
  Pb(OH)3-             -23.912    -23.939     1.224E-24     1.152E-24     9.412E-01  Aqueous 
  Pb2OH+++             -16.537    -16.770     2.907E-17     1.700E-17     5.847E-01  Aqueous 
  Pb(OH)4--            -31.735    -31.848     1.840E-32     1.419E-32     7.709E-01  Aqueous 
  ZnOH+                -11.908    -11.934     1.237E-12     1.164E-12     9.412E-01  Aqueous 
  ZnSO4(aq)             -7.443     -7.443     3.603E-08     3.605E-08     1.001E+00  Aqueous 
  Zn(OH)2(aq)          -16.144    -16.144     7.177E-17     7.182E-17     1.001E+00  Aqueous 
  Zn(SO4)2--            -9.516     -9.629     3.050E-10     2.351E-10     7.709E-01  Aqueous 
  Zn(OH)3-             -23.887    -23.913     1.297E-24     1.221E-24     9.412E-01  Aqueous 
  Zn(OH)4--            -32.877    -32.983     1.326E-33     1.041E-33     7.846E-01  Aqueous 
 
  ****** Partial pressure of gases (bars) *****
 
 
  ***** Saturation state of minerals (log[Q/K] *****
 
 
 
  ***** Volum of minerals added or subtracted *****
 
 
 **************************************************************
 ------> GRID LOCATION:    90:  1:  1
 
  Temperature (C)    =     25.000
  Porosity           =      0.250
  Liquid Saturation  =      1.000
  Liquid Density     =    997.075
  Ionic Strength     =      0.003
  Solution pH        =      3.796
  Total Charge       = -4.372E-07
 
 Total Aqueous Concentrations of Primary Species 
 --------------------------------------- 
 
   Species              Molality       Type 
 H+                   1.8126E-04     Aqueous      
 SO4--                9.6003E-04     Aqueous      
 Zn++                 2.4939E-07     Aqueous      
 Pb++                 1.2663E-07     Aqueous      
 Ca++                 2.9412E-10     Aqueous      
 Mg++                 2.9518E-05     Aqueous      
 K+                   1.6640E-05     Aqueous      
 Na+                  1.6619E-03     Aqueous      
 
 Exchangers           Equiv/kgw        Equiv/g solid    Equiv/m^3 bulk
 X-                   2.2055E-02       2.9320E-06       5.4975E+00
 Y-                   3.3082E-02       4.3980E-06       8.2462E+00
 
 Total Concentrations in Exchange Sites 
 -------------------------------------- 
 
 Exchangers           Equiv/kgw        Equiv/g solid    Equiv/m^3 bulk
 Zn++                 3.5565E-04       4.7281E-08       8.8652E-02
 Pb++                 3.2852E-04       4.3674E-08       8.1890E-02
 Ca++                 4.2583E-07       5.6611E-11       1.0615E-04
 Mg++                 2.3026E-02       3.0611E-06       5.7396E+00
 K+                   5.8643E-04       7.7962E-08       1.4618E-01
 Na+                  7.1290E-03       9.4775E-07       1.7770E+00
 
 Concentrations of Individual Species, Exchangers, and Surface Complexes 
 ----------------------------------------------------------------------- 
 
                           Log        Log                 Concentration     
 Species              Molality   Activity      Molality    Mol/m^3 blk  Type
  NaX                   -2.465     -0.809     3.426E-03     8.540E-01  Exchange
  NaY                   -2.431     -0.951     3.703E-03     9.230E-01  Exchange
  KX                    -3.766     -2.109     1.715E-04     4.275E-02  Exchange
  KY                    -3.382     -1.902     4.149E-04     1.034E-01  Exchange
  CaX2                  -6.841     -4.884     1.441E-07     3.591E-05  Exchange
  CaY2                  -6.550     -4.769     2.818E-07     7.024E-05  Exchange
  MgX2                  -2.045     -0.087     9.017E-03     2.248E+00  Exchange
  MgY2                  -1.854     -0.072     1.401E-02     3.492E+00  Exchange
  ZnX2                  -3.920     -1.962     1.203E-04     2.999E-02  Exchange
  ZnY2                  -3.628     -1.847     2.353E-04     5.866E-02  Exchange
  PbX2                  -4.039     -2.082     9.136E-05     2.277E-02  Exchange
  PbY2                  -3.625     -1.844     2.372E-04     5.912E-02  Exchange
                           Log        Log                                 Activity
 Species              Molality   Activity      Molality      Activity   Coefficient    Type
  H+                    -3.772     -3.796     1.690E-04     1.601E-04     9.473E-01  Aqueous 
  SO4--                 -3.028     -3.130     9.378E-04     7.419E-04     7.910E-01  Aqueous 
  Zn++                  -6.659     -6.758     2.192E-07     1.747E-07     7.970E-01  Aqueous 
  Pb++                  -7.022     -7.123     9.505E-08     7.533E-08     7.926E-01  Aqueous 
  Ca++                  -9.581     -9.679     2.625E-10     2.092E-10     7.970E-01  Aqueous 
  Mg++                  -4.587     -4.683     2.586E-05     2.075E-05     8.025E-01  Aqueous 
  K+                    -4.781     -4.807     1.655E-05     1.560E-05     9.422E-01  Aqueous 
  Na+                   -2.781     -2.806     1.656E-03     1.562E-03     9.431E-01  Aqueous 
  OH-                  -10.177    -10.202     6.656E-11     6.274E-11     9.426E-01  Aqueous 
  HSO4-                 -4.913     -4.938     1.222E-05     1.153E-05     9.435E-01  Aqueous 
  CaSO4(aq)            -10.500    -10.500     3.159E-11     3.161E-11     1.001E+00  Aqueous 
  CaOH+                -18.639    -18.664     2.295E-19     2.168E-19     9.448E-01  Aqueous 
  CaHSO4+              -13.509    -13.537     3.095E-14     2.906E-14     9.392E-01  Aqueous 
  KSO4-                 -7.062     -7.087     8.674E-08     8.191E-08     9.443E-01  Aqueous 
  KOH(aq)              -15.472    -15.471     3.375E-16     3.377E-16     1.001E+00  Aqueous 
  MgSO4(aq)             -5.437     -5.436     3.660E-06     3.662E-06     1.001E+00  Aqueous 
  MgOH+                -12.303    -12.327     4.978E-13     4.705E-13     9.453E-01  Aqueous 
  NaSO4-                -5.211     -5.236     6.148E-06     5.806E-06     9.443E-01  Aqueous 
  NaOH(aq)             -13.810    -13.810     1.549E-14     1.550E-14     1.001E+00  Aqueous 
  PbOH+                -11.012    -11.037     9.727E-12     9.173E-12     9.431E-01  Aqueous 
  PbSO4(aq)             -7.503     -7.503     3.141E-08     3.143E-08     1.001E+00  Aqueous 
  Pb(OH)2(aq)          -16.652    -16.652     2.227E-17     2.229E-17     1.001E+00  Aqueous 
  Pb(SO4)2--            -9.803     -9.912     1.573E-10     1.224E-10     7.781E-01  Aqueous 
  Pb(OH)3-             -23.771    -23.796     1.694E-24     1.598E-24     9.431E-01  Aqueous 
  Pb2OH+++             -16.585    -16.810     2.599E-17     1.547E-17     5.952E-01  Aqueous 
  Pb(OH)4--            -31.532    -31.641     2.938E-32     2.286E-32     7.781E-01  Aqueous 
  ZnOH+                -11.896    -11.922     1.269E-12     1.197E-12     9.431E-01  Aqueous 
  ZnSO4(aq)             -7.524     -7.524     2.993E-08     2.995E-08     1.001E+00  Aqueous 
  Zn(OH)2(aq)          -16.067    -16.067     8.572E-17     8.578E-17     1.001E+00  Aqueous 
  Zn(SO4)2--            -9.628     -9.737     2.355E-10     1.832E-10     7.781E-01  Aqueous 
  Zn(OH)3-             -23.746    -23.771     1.796E-24     1.694E-24     9.431E-01  Aqueous 
  Zn(OH)4--            -32.674    -32.776     2.120E-33     1.677E-33     7.910E-01  Aqueous 
 
  ****** Partial pressure of gases (bars) *****
 
 
  ***** Saturation state of minerals (log[Q/K] *****
 
 
 
  ***** Volum of minerals added or subtracted *****
 
 
 **************************************************************
 ------> GRID LOCATION:    91:  1:  1
 
  Temperature (C)    =     25.000
  Porosity           =      0.250
  Liquid Saturation  =      1.000
  Liquid Density     =    997.075
  Ionic Strength     =      0.003
  Solution pH        =      3.864
  Total Charge       = -3.899E-07
 
 Total Aqueous Concentrations of Primary Species 
 --------------------------------------- 
 
   Species              Molality       Type 
 H+                   1.5391E-04     Aqueous      
 SO4--                8.9347E-04     Aqueous      
 Zn++                 2.1892E-07     Aqueous      
 Pb++                 1.1036E-07     Aqueous      
 Ca++                 2.5838E-10     Aqueous      
 Mg++                 2.5918E-05     Aqueous      
 K+                   1.5661E-05     Aqueous      
 Na+                  1.5645E-03     Aqueous      
 
 Exchangers           Equiv/kgw        Equiv/g solid    Equiv/m^3 bulk
 X-                   2.2055E-02       2.9320E-06       5.4975E+00
 Y-                   3.3082E-02       4.3980E-06       8.2462E+00
 
 Total Concentrations in Exchange Sites 
 -------------------------------------- 
 
 Exchangers           Equiv/kgw        Equiv/g solid    Equiv/m^3 bulk
 Zn++                 3.5565E-04       4.7281E-08       8.8652E-02
 Pb++                 3.2852E-04       4.3674E-08       8.1889E-02
 Ca++                 4.2582E-07       5.6611E-11       1.0614E-04
 Mg++                 2.3026E-02       3.0611E-06       5.7396E+00
 K+                   5.8643E-04       7.7962E-08       1.4618E-01
 Na+                  7.1293E-03       9.4779E-07       1.7771E+00
 
 Concentrations of Individual Species, Exchangers, and Surface Complexes 
 ----------------------------------------------------------------------- 
 
                           Log        Log                 Concentration     
 Species              Molality   Activity      Molality    Mol/m^3 blk  Type
  NaX                   -2.465     -0.809     3.426E-03     8.541E-01  Exchange
  NaY                   -2.431     -0.951     3.703E-03     9.230E-01  Exchange
  KX                    -3.766     -2.109     1.715E-04     4.275E-02  Exchange
  KY                    -3.382     -1.902     4.149E-04     1.034E-01  Exchange
  CaX2                  -6.841     -4.884     1.441E-07     3.591E-05  Exchange
  CaY2                  -6.550     -4.769     2.818E-07     7.024E-05  Exchange
  MgX2                  -2.045     -0.087     9.017E-03     2.248E+00  Exchange
  MgY2                  -1.854     -0.072     1.401E-02     3.492E+00  Exchange
  ZnX2                  -3.920     -1.962     1.203E-04     2.999E-02  Exchange
  ZnY2                  -3.628     -1.847     2.353E-04     5.866E-02  Exchange
  PbX2                  -4.039     -2.082     9.136E-05     2.277E-02  Exchange
  PbY2                  -3.625     -1.844     2.372E-04     5.912E-02  Exchange
                           Log        Log                                 Activity
 Species              Molality   Activity      Molality      Activity   Coefficient    Type
  H+                    -3.841     -3.864     1.441E-04     1.367E-04     9.488E-01  Aqueous 
  SO4--                 -3.058     -3.156     8.750E-04     6.975E-04     7.971E-01  Aqueous 
  Zn++                  -6.713     -6.808     1.937E-07     1.555E-07     8.027E-01  Aqueous 
  Pb++                  -7.076     -7.174     8.395E-08     6.704E-08     7.985E-01  Aqueous 
  Ca++                  -9.635     -9.730     2.319E-10     1.862E-10     8.027E-01  Aqueous 
  Mg++                  -4.641     -4.734     2.286E-05     1.847E-05     8.079E-01  Aqueous 
  K+                    -4.807     -4.832     1.558E-05     1.471E-05     9.440E-01  Aqueous 
  Na+                   -2.807     -2.832     1.559E-03     1.473E-03     9.449E-01  Aqueous 
  OH-                  -10.109    -10.134     7.779E-11     7.347E-11     9.444E-01  Aqueous 
  HSO4-                 -5.009     -5.034     9.792E-06     9.256E-06     9.453E-01  Aqueous 
  CaSO4(aq)            -10.578    -10.578     2.643E-11     2.645E-11     1.001E+00  Aqueous 
  CaOH+                -18.622    -18.646     2.387E-19     2.259E-19     9.465E-01  Aqueous 
  CaHSO4+              -13.656    -13.683     2.206E-14     2.076E-14     9.413E-01  Aqueous 
  KSO4-                 -7.115     -7.139     7.679E-08     7.264E-08     9.460E-01  Aqueous 
  KOH(aq)              -15.429    -15.428     3.728E-16     3.730E-16     1.001E+00  Aqueous 
  MgSO4(aq)             -5.514     -5.514     3.062E-06     3.064E-06     1.001E+00  Aqueous 
  MgOH+                -12.286    -12.310     5.178E-13     4.903E-13     9.469E-01  Aqueous 
  NaSO4-                -5.264     -5.288     5.443E-06     5.149E-06     9.460E-01  Aqueous 
  NaOH(aq)             -13.767    -13.766     1.712E-14     1.713E-14     1.001E+00  Aqueous 
  PbOH+                -10.995    -11.020     1.012E-11     9.559E-12     9.449E-01  Aqueous 
  PbSO4(aq)             -7.580     -7.580     2.628E-08     2.629E-08     1.001E+00  Aqueous 
  Pb(OH)2(aq)          -16.566    -16.565     2.718E-17     2.720E-17     1.001E+00  Aqueous 
  Pb(SO4)2--            -9.911    -10.017     1.226E-10     9.624E-11     7.849E-01  Aqueous 
  Pb(OH)3-             -23.617    -23.641     2.417E-24     2.283E-24     9.449E-01  Aqueous 
  Pb2OH+++             -16.625    -16.843     2.371E-17     1.435E-17     6.051E-01  Aqueous 
  Pb(OH)4--            -31.312    -31.417     4.874E-32     3.826E-32     7.849E-01  Aqueous 
  ZnOH+                -11.879    -11.904     1.320E-12     1.247E-12     9.449E-01  Aqueous 
  ZnSO4(aq)             -7.601     -7.601     2.504E-08     2.505E-08     1.001E+00  Aqueous 
  Zn(OH)2(aq)          -15.980    -15.980     1.046E-16     1.047E-16     1.001E+00  Aqueous 
  Zn(SO4)2--            -9.736     -9.841     1.836E-10     1.441E-10     7.849E-01  Aqueous 
  Zn(OH)3-             -23.591    -23.616     2.562E-24     2.421E-24     9.449E-01  Aqueous 
  Zn(OH)4--            -32.453    -32.552     3.520E-33     2.806E-33     7.971E-01  Aqueous 
 
  ****** Partial pressure of gases (bars) *****
 
 
  ***** Saturation state of minerals (log[Q/K] *****
 
 
 
  ***** Volum of minerals added or subtracted *****
 
 
 **************************************************************
 ------> GRID LOCATION:    92:  1:  1
 
  Temperature (C)    =     25.000
  Porosity           =      0.250
  Liquid Saturation  =      1.000
  Liquid Density     =    997.075
  Ionic Strength     =      0.002
  Solution pH        =      3.936
  Total Charge       = -3.480E-07
 
 Total Aqueous Concentrations of Primary Species 
 --------------------------------------- 
 
   Species              Molality       Type 
 H+                   1.2968E-04     Aqueous      
 SO4--                8.3452E-04     Aqueous      
 Zn++                 1.9363E-07     Aqueous      
 Pb++                 9.6970E-08     Aqueous      
 Ca++                 2.2869E-10     Aqueous      
 Mg++                 2.2930E-05     Aqueous      
 K+                   1.4790E-05     Aqueous      
 Na+                  1.4778E-03     Aqueous      
 
 Exchangers           Equiv/kgw        Equiv/g solid    Equiv/m^3 bulk
 X-                   2.2055E-02       2.9320E-06       5.4975E+00
 Y-                   3.3082E-02       4.3980E-06       8.2462E+00
 
 Total Concentrations in Exchange Sites 
 -------------------------------------- 
 
 Exchangers           Equiv/kgw        Equiv/g solid    Equiv/m^3 bulk
 Zn++                 3.5565E-04       4.7281E-08       8.8651E-02
 Pb++                 3.2852E-04       4.3674E-08       8.1889E-02
 Ca++                 4.2582E-07       5.6610E-11       1.0614E-04
 Mg++                 2.3026E-02       3.0611E-06       5.7396E+00
 K+                   5.8643E-04       7.7963E-08       1.4618E-01
 Na+                  7.1295E-03       9.4782E-07       1.7772E+00
 
 Concentrations of Individual Species, Exchangers, and Surface Complexes 
 ----------------------------------------------------------------------- 
 
                           Log        Log                 Concentration     
 Species              Molality   Activity      Molality    Mol/m^3 blk  Type
  NaX                   -2.465     -0.809     3.426E-03     8.541E-01  Exchange
  NaY                   -2.431     -0.951     3.703E-03     9.231E-01  Exchange
  KX                    -3.766     -2.109     1.715E-04     4.275E-02  Exchange
  KY                    -3.382     -1.902     4.149E-04     1.034E-01  Exchange
  CaX2                  -6.841     -4.884     1.441E-07     3.591E-05  Exchange
  CaY2                  -6.550     -4.769     2.818E-07     7.024E-05  Exchange
  MgX2                  -2.045     -0.087     9.016E-03     2.248E+00  Exchange
  MgY2                  -1.854     -0.072     1.401E-02     3.492E+00  Exchange
  ZnX2                  -3.920     -1.962     1.203E-04     2.999E-02  Exchange
  ZnY2                  -3.628     -1.847     2.353E-04     5.866E-02  Exchange
  PbX2                  -4.039     -2.082     9.136E-05     2.277E-02  Exchange
  PbY2                  -3.625     -1.844     2.372E-04     5.912E-02  Exchange
                           Log        Log                                 Activity
 Species              Molality   Activity      Molality      Activity   Coefficient    Type
  H+                    -3.914     -3.936     1.219E-04     1.158E-04     9.503E-01  Aqueous 
  SO4--                 -3.087     -3.182     8.192E-04     6.575E-04     8.027E-01  Aqueous 
  Zn++                  -6.764     -6.856     1.723E-07     1.392E-07     8.080E-01  Aqueous 
  Pb++                  -7.127     -7.222     7.467E-08     6.004E-08     8.040E-01  Aqueous 
  Ca++                  -9.685     -9.778     2.064E-10     1.667E-10     8.080E-01  Aqueous 
  Mg++                  -4.692     -4.781     2.034E-05     1.654E-05     8.130E-01  Aqueous 
  K+                    -4.832     -4.856     1.472E-05     1.392E-05     9.457E-01  Aqueous 
  Na+                   -2.832     -2.856     1.473E-03     1.394E-03     9.465E-01  Aqueous 
  OH-                  -10.038    -10.062     9.168E-11     8.674E-11     9.461E-01  Aqueous 
  HSO4-                 -5.108     -5.131     7.805E-06     7.391E-06     9.469E-01  Aqueous 
  CaSO4(aq)            -10.651    -10.651     2.232E-11     2.233E-11     1.001E+00  Aqueous 
  CaOH+                -18.599    -18.622     2.520E-19     2.389E-19     9.481E-01  Aqueous 
  CaHSO4+              -13.803    -13.828     1.574E-14     1.485E-14     9.431E-01  Aqueous 
  KSO4-                 -7.165     -7.188     6.839E-08     6.481E-08     9.476E-01  Aqueous 
  KOH(aq)              -15.380    -15.380     4.166E-16     4.168E-16     1.001E+00  Aqueous 
  MgSO4(aq)             -5.587     -5.587     2.585E-06     2.587E-06     1.001E+00  Aqueous 
  MgOH+                -12.262    -12.285     5.467E-13     5.185E-13     9.485E-01  Aqueous 
  NaSO4-                -5.314     -5.338     4.848E-06     4.594E-06     9.476E-01  Aqueous 
  NaOH(aq)             -13.718    -13.718     1.913E-14     1.914E-14     1.001E+00  Aqueous 
  PbOH+                -10.971    -10.995     1.068E-11     1.011E-11     9.465E-01  Aqueous 
  PbSO4(aq)             -7.654     -7.654     2.219E-08     2.220E-08     1.001E+00  Aqueous 
  Pb(OH)2(aq)          -16.469    -16.469     3.394E-17     3.396E-17     1.001E+00  Aqueous 
  Pb(SO4)2--           -10.014    -10.116     9.683E-11     7.661E-11     7.912E-01  Aqueous 
  Pb(OH)3-             -23.449    -23.473     3.556E-24     3.366E-24     9.465E-01  Aqueous 
  Pb2OH+++             -16.655    -16.867     2.211E-17     1.359E-17     6.144E-01  Aqueous 
  Pb(OH)4--            -31.075    -31.177     8.416E-32     6.659E-32     7.912E-01  Aqueous 
  ZnOH+                -11.856    -11.880     1.393E-12     1.319E-12     9.465E-01  Aqueous 
  ZnSO4(aq)             -7.675     -7.675     2.114E-08     2.115E-08     1.001E+00  Aqueous 
  Zn(OH)2(aq)          -15.884    -15.884     1.306E-16     1.307E-16     1.001E+00  Aqueous 
  Zn(SO4)2--            -9.839     -9.940     1.450E-10     1.147E-10     7.912E-01  Aqueous 
  Zn(OH)3-             -23.424    -23.448     3.770E-24     3.569E-24     9.465E-01  Aqueous 
  Zn(OH)4--            -32.216    -32.311     6.084E-33     4.883E-33     8.027E-01  Aqueous 
 
  ****** Partial pressure of gases (bars) *****
 
 
  ***** Saturation state of minerals (log[Q/K] *****
 
 
 
  ***** Volum of minerals added or subtracted *****
 
 
 **************************************************************
 ------> GRID LOCATION:    93:  1:  1
 
  Temperature (C)    =     25.000
  Porosity           =      0.250
  Liquid Saturation  =      1.000
  Liquid Density     =    997.075
  Ionic Strength     =      0.002
  Solution pH        =      4.012
  Total Charge       = -3.113E-07
 
 Total Aqueous Concentrations of Primary Species 
 --------------------------------------- 
 
   Species              Molality       Type 
 H+                   1.0842E-04     Aqueous      
 SO4--                7.8278E-04     Aqueous      
 Zn++                 1.7276E-07     Aqueous      
 Pb++                 8.5995E-08     Aqueous      
 Ca++                 2.0416E-10     Aqueous      
 Mg++                 2.0462E-05     Aqueous      
 K+                   1.4024E-05     Aqueous      
 Na+                  1.4014E-03     Aqueous      
 
 Exchangers           Equiv/kgw        Equiv/g solid    Equiv/m^3 bulk
 X-                   2.2055E-02       2.9320E-06       5.4975E+00
 Y-                   3.3082E-02       4.3980E-06       8.2462E+00
 
 Total Concentrations in Exchange Sites 
 -------------------------------------- 
 
 Exchangers           Equiv/kgw        Equiv/g solid    Equiv/m^3 bulk
 Zn++                 3.5564E-04       4.7281E-08       8.8651E-02
 Pb++                 3.2852E-04       4.3674E-08       8.1889E-02
 Ca++                 4.2582E-07       5.6610E-11       1.0614E-04
 Mg++                 2.3025E-02       3.0611E-06       5.7395E+00
 K+                   5.8644E-04       7.7963E-08       1.4618E-01
 Na+                  7.1297E-03       9.4785E-07       1.7772E+00
 
 Concentrations of Individual Species, Exchangers, and Surface Complexes 
 ----------------------------------------------------------------------- 
 
                           Log        Log                 Concentration     
 Species              Molality   Activity      Molality    Mol/m^3 blk  Type
  NaX                   -2.465     -0.809     3.426E-03     8.541E-01  Exchange
  NaY                   -2.431     -0.951     3.703E-03     9.231E-01  Exchange
  KX                    -3.766     -2.109     1.715E-04     4.275E-02  Exchange
  KY                    -3.382     -1.902     4.149E-04     1.034E-01  Exchange
  CaX2                  -6.841     -4.884     1.441E-07     3.591E-05  Exchange
  CaY2                  -6.550     -4.769     2.818E-07     7.024E-05  Exchange
  MgX2                  -2.045     -0.087     9.016E-03     2.248E+00  Exchange
  MgY2                  -1.854     -0.072     1.401E-02     3.492E+00  Exchange
  ZnX2                  -3.920     -1.962     1.203E-04     2.999E-02  Exchange
  ZnY2                  -3.628     -1.847     2.353E-04     5.866E-02  Exchange
  PbX2                  -4.039     -2.082     9.136E-05     2.277E-02  Exchange
  PbY2                  -3.625     -1.844     2.372E-04     5.912E-02  Exchange
                           Log        Log                                 Activity
 Species              Molality   Activity      Molality      Activity   Coefficient    Type
  H+                    -3.990     -4.012     1.022E-04     9.728E-05     9.516E-01  Aqueous 
  SO4--                 -3.114     -3.206     7.699E-04     6.220E-04     8.078E-01  Aqueous 
  Zn++                  -6.811     -6.901     1.546E-07     1.257E-07     8.128E-01  Aqueous 
  Pb++                  -7.174     -7.266     6.697E-08     5.418E-08     8.091E-01  Aqueous 
  Ca++                  -9.733     -9.823     1.851E-10     1.505E-10     8.128E-01  Aqueous 
  Mg++                  -4.739     -4.826     1.826E-05     1.493E-05     8.176E-01  Aqueous 
  K+                    -4.855     -4.879     1.396E-05     1.323E-05     9.473E-01  Aqueous 
  Na+                   -2.855     -2.878     1.397E-03     1.324E-03     9.480E-01  Aqueous 
  OH-                   -9.963     -9.986     1.090E-10     1.033E-10     9.477E-01  Aqueous 
  HSO4-                 -5.208     -5.231     6.191E-06     5.872E-06     9.484E-01  Aqueous 
  CaSO4(aq)            -10.720    -10.720     1.905E-11     1.906E-11     1.001E+00  Aqueous 
  CaOH+                -18.568    -18.591     2.703E-19     2.567E-19     9.495E-01  Aqueous 
  CaHSO4+              -13.948    -13.973     1.127E-14     1.065E-14     9.448E-01  Aqueous 
  KSO4-                 -7.212     -7.235     6.136E-08     5.824E-08     9.491E-01  Aqueous 
  KOH(aq)              -15.327    -15.327     4.712E-16     4.714E-16     1.001E+00  Aqueous 
  MgSO4(aq)             -5.656     -5.656     2.207E-06     2.208E-06     1.001E+00  Aqueous 
  MgOH+                -12.232    -12.254     5.865E-13     5.571E-13     9.499E-01  Aqueous 
  NaSO4-                -5.362     -5.384     4.350E-06     4.129E-06     9.491E-01  Aqueous 
  NaOH(aq)             -13.665    -13.665     2.163E-14     2.165E-14     1.001E+00  Aqueous 
  PbOH+                -10.941    -10.964     1.146E-11     1.086E-11     9.480E-01  Aqueous 
  PbSO4(aq)             -7.723     -7.722     1.894E-08     1.895E-08     1.001E+00  Aqueous 
  Pb(OH)2(aq)          -16.362    -16.362     4.341E-17     4.343E-17     1.001E+00  Aqueous 
  Pb(SO4)2--           -10.110    -10.209     7.762E-11     6.186E-11     7.969E-01  Aqueous 
  Pb(OH)3-             -23.267    -23.290     5.407E-24     5.126E-24     9.480E-01  Aqueous 
  Pb2OH+++             -16.675    -16.880     2.114E-17     1.317E-17     6.231E-01  Aqueous 
  Pb(OH)4--            -30.820    -30.918     1.515E-31     1.207E-31     7.969E-01  Aqueous 
  ZnOH+                -11.825    -11.849     1.495E-12     1.417E-12     9.480E-01  Aqueous 
  ZnSO4(aq)             -7.744     -7.743     1.805E-08     1.806E-08     1.001E+00  Aqueous 
  Zn(OH)2(aq)          -15.777    -15.777     1.671E-16     1.672E-16     1.001E+00  Aqueous 
  Zn(SO4)2--            -9.935    -10.033     1.162E-10     9.263E-11     7.969E-01  Aqueous 
  Zn(OH)3-             -23.242    -23.265     5.732E-24     5.434E-24     9.480E-01  Aqueous 
  Zn(OH)4--            -31.960    -32.053     1.096E-32     8.853E-33     8.078E-01  Aqueous 
 
  ****** Partial pressure of gases (bars) *****
 
 
  ***** Saturation state of minerals (log[Q/K] *****
 
 
 
  ***** Volum of minerals added or subtracted *****
 
 
 **************************************************************
 ------> GRID LOCATION:    94:  1:  1
 
  Temperature (C)    =     25.000
  Porosity           =      0.250
  Liquid Saturation  =      1.000
  Liquid Density     =    997.075
  Ionic Strength     =      0.002
  Solution pH        =      4.091
  Total Charge       = -2.793E-07
 
 Total Aqueous Concentrations of Primary Species 
 --------------------------------------- 
 
   Species              Molality       Type 
 H+                   8.9937E-05     Aqueous      
 SO4--                7.3780E-04     Aqueous      
 Zn++                 1.5561E-07     Aqueous      
 Pb++                 7.7036E-08     Aqueous      
 Ca++                 1.8400E-10     Aqueous      
 Mg++                 1.8434E-05     Aqueous      
 K+                   1.3355E-05     Aqueous      
 Na+                  1.3347E-03     Aqueous      
 
 Exchangers           Equiv/kgw        Equiv/g solid    Equiv/m^3 bulk
 X-                   2.2055E-02       2.9320E-06       5.4975E+00
 Y-                   3.3082E-02       4.3980E-06       8.2462E+00
 
 Total Concentrations in Exchange Sites 
 -------------------------------------- 
 
 Exchangers           Equiv/kgw        Equiv/g solid    Equiv/m^3 bulk
 Zn++                 3.5564E-04       4.7281E-08       8.8651E-02
 Pb++                 3.2852E-04       4.3674E-08       8.1889E-02
 Ca++                 4.2582E-07       5.6610E-11       1.0614E-04
 Mg++                 2.3025E-02       3.0611E-06       5.7395E+00
 K+                   5.8644E-04       7.7963E-08       1.4618E-01
 Na+                  7.1299E-03       9.4787E-07       1.7772E+00
 
 Concentrations of Individual Species, Exchangers, and Surface Complexes 
 ----------------------------------------------------------------------- 
 
                           Log        Log                 Concentration     
 Species              Molality   Activity      Molality    Mol/m^3 blk  Type
  NaX                   -2.465     -0.809     3.427E-03     8.541E-01  Exchange
  NaY                   -2.431     -0.951     3.703E-03     9.231E-01  Exchange
  KX                    -3.766     -2.109     1.715E-04     4.275E-02  Exchange
  KY                    -3.382     -1.902     4.149E-04     1.034E-01  Exchange
  CaX2                  -6.841     -4.884     1.441E-07     3.591E-05  Exchange
  CaY2                  -6.550     -4.769     2.818E-07     7.024E-05  Exchange
  MgX2                  -2.045     -0.087     9.016E-03     2.248E+00  Exchange
  MgY2                  -1.854     -0.072     1.401E-02     3.492E+00  Exchange
  ZnX2                  -3.920     -1.962     1.203E-04     2.999E-02  Exchange
  ZnY2                  -3.628     -1.847     2.353E-04     5.866E-02  Exchange
  PbX2                  -4.039     -2.082     9.136E-05     2.277E-02  Exchange
  PbY2                  -3.625     -1.844     2.372E-04     5.912E-02  Exchange
                           Log        Log                                 Activity
 Species              Molality   Activity      Molality      Activity   Coefficient    Type
  H+                    -4.070     -4.091     8.505E-05     8.103E-05     9.528E-01  Aqueous 
  SO4--                 -3.138     -3.229     7.270E-04     5.907E-04     8.125E-01  Aqueous 
  Zn++                  -6.854     -6.942     1.399E-07     1.143E-07     8.173E-01  Aqueous 
  Pb++                  -7.218     -7.307     6.059E-08     4.930E-08     8.137E-01  Aqueous 
  Ca++                  -9.776     -9.864     1.675E-10     1.369E-10     8.173E-01  Aqueous 
  Mg++                  -4.782     -4.867     1.653E-05     1.358E-05     8.218E-01  Aqueous 
  K+                    -4.876     -4.899     1.330E-05     1.262E-05     9.487E-01  Aqueous 
  Na+                   -2.876     -2.898     1.331E-03     1.263E-03     9.494E-01  Aqueous 
  OH-                   -9.884     -9.907     1.306E-10     1.240E-10     9.490E-01  Aqueous 
  HSO4-                 -5.311     -5.333     4.891E-06     4.645E-06     9.498E-01  Aqueous 
  CaSO4(aq)            -10.783    -10.783     1.646E-11     1.647E-11     1.001E+00  Aqueous 
  CaOH+                -18.530    -18.552     2.949E-19     2.804E-19     9.508E-01  Aqueous 
  CaHSO4+              -14.092    -14.116     8.098E-15     7.663E-15     9.464E-01  Aqueous 
  KSO4-                 -7.256     -7.278     5.551E-08     5.276E-08     9.504E-01  Aqueous 
  KOH(aq)              -15.268    -15.268     5.396E-16     5.399E-16     1.001E+00  Aqueous 
  MgSO4(aq)             -5.720     -5.719     1.907E-06     1.908E-06     1.001E+00  Aqueous 
  MgOH+                -12.194    -12.216     6.398E-13     6.086E-13     9.511E-01  Aqueous 
  NaSO4-                -5.405     -5.427     3.935E-06     3.740E-06     9.504E-01  Aqueous 
  NaOH(aq)             -13.606    -13.606     2.478E-14     2.479E-14     1.001E+00  Aqueous 
  PbOH+                -10.903    -10.926     1.250E-11     1.186E-11     9.494E-01  Aqueous 
  PbSO4(aq)             -7.786     -7.786     1.637E-08     1.638E-08     1.001E+00  Aqueous 
  Pb(OH)2(aq)          -16.245    -16.244     5.694E-17     5.696E-17     1.001E+00  Aqueous 
  Pb(SO4)2--           -10.199    -10.294     6.329E-11     5.076E-11     8.021E-01  Aqueous 
  Pb(OH)3-             -23.070    -23.093     8.502E-24     8.072E-24     9.494E-01  Aqueous 
  Pb2OH+++             -16.683    -16.883     2.076E-17     1.310E-17     6.309E-01  Aqueous 
  Pb(OH)4--            -30.546    -30.642     2.845E-31     2.282E-31     8.021E-01  Aqueous 
  ZnOH+                -11.788    -11.810     1.631E-12     1.548E-12     9.494E-01  Aqueous 
  ZnSO4(aq)             -7.807     -7.807     1.560E-08     1.560E-08     1.001E+00  Aqueous 
  Zn(OH)2(aq)          -15.659    -15.659     2.191E-16     2.193E-16     1.001E+00  Aqueous 
  Zn(SO4)2--           -10.023    -10.119     9.477E-11     7.602E-11     8.021E-01  Aqueous 
  Zn(OH)3-             -23.045    -23.068     9.013E-24     8.557E-24     9.494E-01  Aqueous 
  Zn(OH)4--            -31.686    -31.776     2.060E-32     1.674E-32     8.125E-01  Aqueous 
 
  ****** Partial pressure of gases (bars) *****
 
 
  ***** Saturation state of minerals (log[Q/K] *****
 
 
 
  ***** Volum of minerals added or subtracted *****
 
 
 **************************************************************
 ------> GRID LOCATION:    95:  1:  1
 
  Temperature (C)    =     25.000
  Porosity           =      0.250
  Liquid Saturation  =      1.000
  Liquid Density     =    997.075
  Ionic Strength     =      0.002
  Solution pH        =      4.174
  Total Charge       = -2.518E-07
 
 Total Aqueous Concentrations of Primary Species 
 --------------------------------------- 
 
   Species              Molality       Type 
 H+                   7.4010E-05     Aqueous      
 SO4--                6.9904E-04     Aqueous      
 Zn++                 1.4157E-07     Aqueous      
 Pb++                 6.9749E-08     Aqueous      
 Ca++                 1.6749E-10     Aqueous      
 Mg++                 1.6774E-05     Aqueous      
 K+                   1.2777E-05     Aqueous      
 Na+                  1.2771E-03     Aqueous      
 
 Exchangers           Equiv/kgw        Equiv/g solid    Equiv/m^3 bulk
 X-                   2.2055E-02       2.9320E-06       5.4975E+00
 Y-                   3.3082E-02       4.3980E-06       8.2462E+00
 
 Total Concentrations in Exchange Sites 
 -------------------------------------- 
 
 Exchangers           Equiv/kgw        Equiv/g solid    Equiv/m^3 bulk
 Zn++                 3.5564E-04       4.7280E-08       8.8651E-02
 Pb++                 3.2852E-04       4.3674E-08       8.1889E-02
 Ca++                 4.2582E-07       5.6610E-11       1.0614E-04
 Mg++                 2.3025E-02       3.0611E-06       5.7395E+00
 K+                   5.8644E-04       7.7963E-08       1.4618E-01
 Na+                  7.1300E-03       9.4788E-07       1.7773E+00
 
 Concentrations of Individual Species, Exchangers, and Surface Complexes 
 ----------------------------------------------------------------------- 
 
                           Log        Log                 Concentration     
 Species              Molality   Activity      Molality    Mol/m^3 blk  Type
  NaX                   -2.465     -0.809     3.427E-03     8.541E-01  Exchange
  NaY                   -2.431     -0.951     3.703E-03     9.231E-01  Exchange
  KX                    -3.766     -2.109     1.715E-04     4.275E-02  Exchange
  KY                    -3.382     -1.902     4.149E-04     1.034E-01  Exchange
  CaX2                  -6.841     -4.884     1.441E-07     3.591E-05  Exchange
  CaY2                  -6.550     -4.769     2.818E-07     7.024E-05  Exchange
  MgX2                  -2.045     -0.087     9.016E-03     2.248E+00  Exchange
  MgY2                  -1.854     -0.072     1.401E-02     3.492E+00  Exchange
  ZnX2                  -3.920     -1.962     1.203E-04     2.999E-02  Exchange
  ZnY2                  -3.628     -1.847     2.353E-04     5.866E-02  Exchange
  PbX2                  -4.039     -2.082     9.136E-05     2.277E-02  Exchange
  PbY2                  -3.625     -1.844     2.372E-04     5.912E-02  Exchange
                           Log        Log                                 Activity
 Species              Molality   Activity      Molality      Activity   Coefficient    Type
  H+                    -4.154     -4.174     7.016E-05     6.692E-05     9.538E-01  Aqueous 
  SO4--                 -3.161     -3.249     6.899E-04     5.634E-04     8.167E-01  Aqueous 
  Zn++                  -6.893     -6.979     1.278E-07     1.050E-07     8.212E-01  Aqueous 
  Pb++                  -7.257     -7.344     5.535E-08     4.527E-08     8.178E-01  Aqueous 
  Ca++                  -9.815     -9.901     1.531E-10     1.257E-10     8.212E-01  Aqueous 
  Mg++                  -4.821     -4.904     1.510E-05     1.247E-05     8.256E-01  Aqueous 
  K+                    -4.895     -4.918     1.273E-05     1.209E-05     9.499E-01  Aqueous 
  Na+                   -2.895     -2.917     1.273E-03     1.211E-03     9.506E-01  Aqueous 
  OH-                   -9.801     -9.824     1.580E-10     1.501E-10     9.503E-01  Aqueous 
  HSO4-                 -5.415     -5.437     3.848E-06     3.659E-06     9.510E-01  Aqueous 
  CaSO4(aq)            -10.841    -10.841     1.442E-11     1.443E-11     1.000E+00  Aqueous 
  CaOH+                -18.485    -18.506     3.274E-19     3.117E-19     9.520E-01  Aqueous 
  CaHSO4+              -14.233    -14.256     5.848E-15     5.542E-15     9.477E-01  Aqueous 
  KSO4-                 -7.295     -7.317     5.067E-08     4.822E-08     9.516E-01  Aqueous 
  KOH(aq)              -15.203    -15.203     6.261E-16     6.264E-16     1.000E+00  Aqueous 
  MgSO4(aq)             -5.777     -5.777     1.670E-06     1.671E-06     1.000E+00  Aqueous 
  MgOH+                -12.148    -12.170     7.104E-13     6.765E-13     9.523E-01  Aqueous 
  NaSO4-                -5.445     -5.466     3.592E-06     3.418E-06     9.516E-01  Aqueous 
  NaOH(aq)             -13.541    -13.541     2.875E-14     2.876E-14     1.000E+00  Aqueous 
  PbOH+                -10.858    -10.880     1.387E-11     1.319E-11     9.506E-01  Aqueous 
  PbSO4(aq)             -7.844     -7.843     1.433E-08     1.434E-08     1.000E+00  Aqueous 
  Pb(OH)2(aq)          -16.116    -16.115     7.663E-17     7.667E-17     1.000E+00  Aqueous 
  Pb(SO4)2--           -10.279    -10.373     5.255E-11     4.240E-11     8.068E-01  Aqueous 
  Pb(OH)3-             -22.859    -22.881     1.384E-23     1.315E-23     9.506E-01  Aqueous 
  Pb2OH+++             -16.679    -16.874     2.095E-17     1.336E-17     6.380E-01  Aqueous 
  Pb(OH)4--            -30.253    -30.347     5.581E-31     4.503E-31     8.068E-01  Aqueous 
  ZnOH+                -11.742    -11.764     1.810E-12     1.721E-12     9.506E-01  Aqueous 
  ZnSO4(aq)             -7.865     -7.864     1.366E-08     1.366E-08     1.000E+00  Aqueous 
  Zn(OH)2(aq)          -15.530    -15.530     2.950E-16     2.951E-16     1.000E+00  Aqueous 
  Zn(SO4)2--           -10.104    -10.197     7.870E-11     6.349E-11     8.068E-01  Aqueous 
  Zn(OH)3-             -22.834    -22.856     1.467E-23     1.394E-23     9.506E-01  Aqueous 
  Zn(OH)4--            -31.393    -31.481     4.044E-32     3.302E-32     8.167E-01  Aqueous 
 
  ****** Partial pressure of gases (bars) *****
 
 
  ***** Saturation state of minerals (log[Q/K] *****
 
 
 
  ***** Volum of minerals added or subtracted *****
 
 
 **************************************************************
 ------> GRID LOCATION:    96:  1:  1
 
  Temperature (C)    =     25.000
  Porosity           =      0.250
  Liquid Saturation  =      1.000
  Liquid Density     =    997.075
  Ionic Strength     =      0.002
  Solution pH        =      4.261
  Total Charge       = -2.283E-07
 
 Total Aqueous Concentrations of Primary Species 
 --------------------------------------- 
 
   Species              Molality       Type 
 H+                   6.0410E-05     Aqueous      
 SO4--                6.6595E-04     Aqueous      
 Zn++                 1.3013E-07     Aqueous      
 Pb++                 6.3841E-08     Aqueous      
 Ca++                 1.5402E-10     Aqueous      
 Mg++                 1.5420E-05     Aqueous      
 K+                   1.2282E-05     Aqueous      
 Na+                  1.2277E-03     Aqueous      
 
 Exchangers           Equiv/kgw        Equiv/g solid    Equiv/m^3 bulk
 X-                   2.2055E-02       2.9320E-06       5.4975E+00
 Y-                   3.3082E-02       4.3980E-06       8.2462E+00
 
 Total Concentrations in Exchange Sites 
 -------------------------------------- 
 
 Exchangers           Equiv/kgw        Equiv/g solid    Equiv/m^3 bulk
 Zn++                 3.5564E-04       4.7280E-08       8.8651E-02
 Pb++                 3.2852E-04       4.3674E-08       8.1889E-02
 Ca++                 4.2582E-07       5.6610E-11       1.0614E-04
 Mg++                 2.3025E-02       3.0611E-06       5.7395E+00
 K+                   5.8644E-04       7.7963E-08       1.4618E-01
 Na+                  7.1300E-03       9.4789E-07       1.7773E+00
 
 Concentrations of Individual Species, Exchangers, and Surface Complexes 
 ----------------------------------------------------------------------- 
 
                           Log        Log                 Concentration     
 Species              Molality   Activity      Molality    Mol/m^3 blk  Type
  NaX                   -2.465     -0.809     3.427E-03     8.542E-01  Exchange
  NaY                   -2.431     -0.951     3.703E-03     9.231E-01  Exchange
  KX                    -3.766     -2.109     1.715E-04     4.275E-02  Exchange
  KY                    -3.382     -1.902     4.149E-04     1.034E-01  Exchange
  CaX2                  -6.841     -4.884     1.441E-07     3.591E-05  Exchange
  CaY2                  -6.550     -4.769     2.818E-07     7.024E-05  Exchange
  MgX2                  -2.045     -0.087     9.016E-03     2.247E+00  Exchange
  MgY2                  -1.854     -0.072     1.401E-02     3.492E+00  Exchange
  ZnX2                  -3.920     -1.962     1.203E-04     2.999E-02  Exchange
  ZnY2                  -3.628     -1.847     2.353E-04     5.866E-02  Exchange
  PbX2                  -4.039     -2.082     9.136E-05     2.277E-02  Exchange
  PbY2                  -3.625     -1.844     2.372E-04     5.912E-02  Exchange
                           Log        Log                                 Activity
 Species              Molality   Activity      Molality      Activity   Coefficient    Type
  H+                    -4.241     -4.261     5.739E-05     5.480E-05     9.548E-01  Aqueous 
  SO4--                 -3.182     -3.268     6.581E-04     5.398E-04     8.203E-01  Aqueous 
  Zn++                  -6.928     -7.012     1.179E-07     9.727E-08     8.247E-01  Aqueous 
  Pb++                  -7.292     -7.377     5.105E-08     4.194E-08     8.215E-01  Aqueous 
  Ca++                  -9.850     -9.934     1.412E-10     1.165E-10     8.247E-01  Aqueous 
  Mg++                  -4.856     -4.937     1.394E-05     1.155E-05     8.289E-01  Aqueous 
  K+                    -4.912     -4.934     1.224E-05     1.164E-05     9.510E-01  Aqueous 
  Na+                   -2.912     -2.934     1.224E-03     1.165E-03     9.517E-01  Aqueous 
  OH-                   -9.715     -9.737     1.927E-10     1.833E-10     9.514E-01  Aqueous 
  HSO4-                 -5.521     -5.542     3.016E-06     2.871E-06     9.520E-01  Aqueous 
  CaSO4(aq)            -10.893    -10.893     1.280E-11     1.281E-11     1.000E+00  Aqueous 
  CaOH+                -18.432    -18.453     3.701E-19     3.527E-19     9.530E-01  Aqueous 
  CaHSO4+              -14.372    -14.395     4.246E-15     4.029E-15     9.489E-01  Aqueous 
  KSO4-                 -7.331     -7.352     4.669E-08     4.447E-08     9.526E-01  Aqueous 
  KOH(aq)              -15.133    -15.133     7.360E-16     7.363E-16     1.000E+00  Aqueous 
  MgSO4(aq)             -5.829     -5.829     1.483E-06     1.484E-06     1.000E+00  Aqueous 
  MgOH+                -12.095    -12.116     8.030E-13     7.655E-13     9.533E-01  Aqueous 
  NaSO4-                -5.480     -5.501     3.310E-06     3.153E-06     9.526E-01  Aqueous 
  NaOH(aq)             -13.471    -13.471     3.379E-14     3.381E-14     1.000E+00  Aqueous 
  PbOH+                -10.805    -10.826     1.568E-11     1.492E-11     9.517E-01  Aqueous 
  PbSO4(aq)             -7.895     -7.895     1.273E-08     1.273E-08     1.000E+00  Aqueous 
  Pb(OH)2(aq)          -15.975    -15.975     1.059E-16     1.059E-16     1.000E+00  Aqueous 
  Pb(SO4)2--           -10.352    -10.443     4.448E-11     3.607E-11     8.109E-01  Aqueous 
  Pb(OH)3-             -22.632    -22.654     2.333E-23     2.220E-23     9.517E-01  Aqueous 
  Pb2OH+++             -16.663    -16.854     2.174E-17     1.401E-17     6.444E-01  Aqueous 
  Pb(OH)4--            -29.941    -30.032     1.145E-30     9.281E-31     8.109E-01  Aqueous 
  ZnOH+                -11.689    -11.711     2.046E-12     1.947E-12     9.517E-01  Aqueous 
  ZnSO4(aq)             -7.916     -7.916     1.213E-08     1.213E-08     1.000E+00  Aqueous 
  Zn(OH)2(aq)          -15.390    -15.390     4.076E-16     4.078E-16     1.000E+00  Aqueous 
  Zn(SO4)2--           -10.176    -10.268     6.661E-11     5.401E-11     8.109E-01  Aqueous 
  Zn(OH)3-             -22.607    -22.628     2.473E-23     2.353E-23     9.517E-01  Aqueous 
  Zn(OH)4--            -31.081    -31.167     8.297E-32     6.806E-32     8.203E-01  Aqueous 
 
  ****** Partial pressure of gases (bars) *****
 
 
  ***** Saturation state of minerals (log[Q/K] *****
 
 
 
  ***** Volum of minerals added or subtracted *****
 
 
 **************************************************************
 ------> GRID LOCATION:    97:  1:  1
 
  Temperature (C)    =     25.000
  Porosity           =      0.250
  Liquid Saturation  =      1.000
  Liquid Density     =    997.075
  Ionic Strength     =      0.002
  Solution pH        =      4.352
  Total Charge       = -2.084E-07
 
 Total Aqueous Concentrations of Primary Species 
 --------------------------------------- 
 
   Species              Molality       Type 
 H+                   4.8900E-05     Aqueous      
 SO4--                6.3794E-04     Aqueous      
 Zn++                 1.2084E-07     Aqueous      
 Pb++                 5.9065E-08     Aqueous      
 Ca++                 1.4307E-10     Aqueous      
 Mg++                 1.4321E-05     Aqueous      
 K+                   1.1863E-05     Aqueous      
 Na+                  1.1859E-03     Aqueous      
 
 Exchangers           Equiv/kgw        Equiv/g solid    Equiv/m^3 bulk
 X-                   2.2055E-02       2.9320E-06       5.4975E+00
 Y-                   3.3082E-02       4.3980E-06       8.2462E+00
 
 Total Concentrations in Exchange Sites 
 -------------------------------------- 
 
 Exchangers           Equiv/kgw        Equiv/g solid    Equiv/m^3 bulk
 Zn++                 3.5564E-04       4.7280E-08       8.8651E-02
 Pb++                 3.2852E-04       4.3674E-08       8.1889E-02
 Ca++                 4.2582E-07       5.6610E-11       1.0614E-04
 Mg++                 2.3025E-02       3.0611E-06       5.7395E+00
 K+                   5.8644E-04       7.7963E-08       1.4618E-01
 Na+                  7.1301E-03       9.4790E-07       1.7773E+00
 
 Concentrations of Individual Species, Exchangers, and Surface Complexes 
 ----------------------------------------------------------------------- 
 
                           Log        Log                 Concentration     
 Species              Molality   Activity      Molality    Mol/m^3 blk  Type
  NaX                   -2.465     -0.809     3.427E-03     8.542E-01  Exchange
  NaY                   -2.431     -0.951     3.703E-03     9.231E-01  Exchange
  KX                    -3.766     -2.109     1.715E-04     4.275E-02  Exchange
  KY                    -3.382     -1.902     4.149E-04     1.034E-01  Exchange
  CaX2                  -6.841     -4.884     1.441E-07     3.591E-05  Exchange
  CaY2                  -6.550     -4.769     2.818E-07     7.024E-05  Exchange
  MgX2                  -2.045     -0.087     9.016E-03     2.247E+00  Exchange
  MgY2                  -1.854     -0.072     1.401E-02     3.492E+00  Exchange
  ZnX2                  -3.920     -1.962     1.203E-04     2.999E-02  Exchange
  ZnY2                  -3.628     -1.847     2.353E-04     5.866E-02  Exchange
  PbX2                  -4.039     -2.082     9.136E-05     2.277E-02  Exchange
  PbY2                  -3.625     -1.844     2.372E-04     5.912E-02  Exchange
                           Log        Log                                 Activity
 Species              Molality   Activity      Molality      Activity   Coefficient    Type
  H+                    -4.332     -4.352     4.655E-05     4.448E-05     9.556E-01  Aqueous 
  SO4--                 -3.200     -3.284     6.311E-04     5.197E-04     8.235E-01  Aqueous 
  Zn++                  -6.959     -7.041     1.099E-07     9.095E-08     8.278E-01  Aqueous 
  Pb++                  -7.323     -7.407     4.755E-08     3.921E-08     8.246E-01  Aqueous 
  Ca++                  -9.881     -9.963     1.315E-10     1.089E-10     8.278E-01  Aqueous 
  Mg++                  -4.887     -4.966     1.299E-05     1.080E-05     8.318E-01  Aqueous 
  K+                    -4.927     -4.949     1.182E-05     1.125E-05     9.520E-01  Aqueous 
  Na+                   -2.927     -2.948     1.183E-03     1.127E-03     9.526E-01  Aqueous 
  OH-                   -9.625     -9.646     2.372E-10     2.259E-10     9.523E-01  Aqueous 
  HSO4-                 -5.628     -5.649     2.354E-06     2.244E-06     9.529E-01  Aqueous 
  CaSO4(aq)            -10.938    -10.938     1.152E-11     1.153E-11     1.000E+00  Aqueous 
  CaOH+                -18.371    -18.391     4.260E-19     4.063E-19     9.538E-01  Aqueous 
  CaHSO4+              -14.509    -14.531     3.099E-15     2.944E-15     9.500E-01  Aqueous 
  KSO4-                 -7.362     -7.383     4.342E-08     4.140E-08     9.535E-01  Aqueous 
  KOH(aq)              -15.057    -15.057     8.768E-16     8.772E-16     1.000E+00  Aqueous 
  MgSO4(aq)             -5.875     -5.874     1.335E-06     1.335E-06     1.000E+00  Aqueous 
  MgOH+                -12.034    -12.055     9.242E-13     8.818E-13     9.541E-01  Aqueous 
  NaSO4-                -5.512     -5.532     3.078E-06     2.935E-06     9.535E-01  Aqueous 
  NaOH(aq)             -13.395    -13.395     4.026E-14     4.028E-14     1.000E+00  Aqueous 
  PbOH+                -10.744    -10.765     1.805E-11     1.719E-11     9.526E-01  Aqueous 
  PbSO4(aq)             -7.941     -7.941     1.146E-08     1.146E-08     1.000E+00  Aqueous 
  Pb(OH)2(aq)          -15.823    -15.823     1.503E-16     1.504E-16     1.000E+00  Aqueous 
  Pb(SO4)2--           -10.416    -10.505     3.839E-11     3.126E-11     8.144E-01  Aqueous 
  Pb(OH)3-             -22.390    -22.411     4.075E-23     3.882E-23     9.526E-01  Aqueous 
  Pb2OH+++             -16.634    -16.821     2.322E-17     1.509E-17     6.499E-01  Aqueous 
  Pb(OH)4--            -29.610    -29.699     2.455E-30     1.999E-30     8.144E-01  Aqueous 
  ZnOH+                -11.628    -11.649     2.355E-12     2.243E-12     9.526E-01  Aqueous 
  ZnSO4(aq)             -7.962     -7.962     1.092E-08     1.092E-08     1.000E+00  Aqueous 
  Zn(OH)2(aq)          -15.238    -15.238     5.785E-16     5.788E-16     1.000E+00  Aqueous 
  Zn(SO4)2--           -10.240    -10.330     5.748E-11     4.681E-11     8.144E-01  Aqueous 
  Zn(OH)3-             -22.365    -22.386     4.319E-23     4.115E-23     9.526E-01  Aqueous 
  Zn(OH)4--            -30.749    -30.834     1.780E-31     1.466E-31     8.235E-01  Aqueous 
 
  ****** Partial pressure of gases (bars) *****
 
 
  ***** Saturation state of minerals (log[Q/K] *****
 
 
 
  ***** Volum of minerals added or subtracted *****
 
 
 **************************************************************
 ------> GRID LOCATION:    98:  1:  1
 
  Temperature (C)    =     25.000
  Porosity           =      0.250
  Liquid Saturation  =      1.000
  Liquid Density     =    997.075
  Ionic Strength     =      0.002
  Solution pH        =      4.446
  Total Charge       = -1.917E-07
 
 Total Aqueous Concentrations of Primary Species 
 --------------------------------------- 
 
   Species              Molality       Type 
 H+                   3.9243E-05     Aqueous      
 SO4--                6.1444E-04     Aqueous      
 Zn++                 1.1332E-07     Aqueous      
 Pb++                 5.5217E-08     Aqueous      
 Ca++                 1.3421E-10     Aqueous      
 Mg++                 1.3431E-05     Aqueous      
 K+                   1.1510E-05     Aqueous      
 Na+                  1.1507E-03     Aqueous      
 
 Exchangers           Equiv/kgw        Equiv/g solid    Equiv/m^3 bulk
 X-                   2.2055E-02       2.9320E-06       5.4975E+00
 Y-                   3.3082E-02       4.3980E-06       8.2462E+00
 
 Total Concentrations in Exchange Sites 
 -------------------------------------- 
 
 Exchangers           Equiv/kgw        Equiv/g solid    Equiv/m^3 bulk
 Zn++                 3.5564E-04       4.7280E-08       8.8651E-02
 Pb++                 3.2852E-04       4.3674E-08       8.1889E-02
 Ca++                 4.2582E-07       5.6610E-11       1.0614E-04
 Mg++                 2.3025E-02       3.0611E-06       5.7395E+00
 K+                   5.8644E-04       7.7963E-08       1.4618E-01
 Na+                  7.1301E-03       9.4790E-07       1.7773E+00
 
 Concentrations of Individual Species, Exchangers, and Surface Complexes 
 ----------------------------------------------------------------------- 
 
                           Log        Log                 Concentration     
 Species              Molality   Activity      Molality    Mol/m^3 blk  Type
  NaX                   -2.465     -0.809     3.427E-03     8.542E-01  Exchange
  NaY                   -2.431     -0.951     3.703E-03     9.232E-01  Exchange
  KX                    -3.766     -2.109     1.715E-04     4.275E-02  Exchange
  KY                    -3.382     -1.902     4.149E-04     1.034E-01  Exchange
  CaX2                  -6.841     -4.884     1.441E-07     3.591E-05  Exchange
  CaY2                  -6.550     -4.769     2.818E-07     7.024E-05  Exchange
  MgX2                  -2.045     -0.087     9.016E-03     2.247E+00  Exchange
  MgY2                  -1.854     -0.072     1.401E-02     3.492E+00  Exchange
  ZnX2                  -3.920     -1.962     1.203E-04     2.999E-02  Exchange
  ZnY2                  -3.628     -1.847     2.353E-04     5.866E-02  Exchange
  PbX2                  -4.039     -2.082     9.136E-05     2.277E-02  Exchange
  PbY2                  -3.625     -1.844     2.372E-04     5.912E-02  Exchange
                           Log        Log                                 Activity
 Species              Molality   Activity      Molality      Activity   Coefficient    Type
  H+                    -4.427     -4.446     3.741E-05     3.578E-05     9.563E-01  Aqueous 
  SO4--                 -3.216     -3.299     6.084E-04     5.028E-04     8.263E-01  Aqueous 
  Zn++                  -6.986     -7.067     1.033E-07     8.579E-08     8.304E-01  Aqueous 
  Pb++                  -7.350     -7.432     4.471E-08     3.699E-08     8.274E-01  Aqueous 
  Ca++                  -9.908     -9.988     1.237E-10     1.027E-10     8.304E-01  Aqueous 
  Mg++                  -4.913     -4.992     1.221E-05     1.019E-05     8.343E-01  Aqueous 
  K+                    -4.940     -4.961     1.147E-05     1.093E-05     9.528E-01  Aqueous 
  Na+                   -2.940     -2.961     1.148E-03     1.094E-03     9.534E-01  Aqueous 
  OH-                   -9.531     -9.552     2.946E-10     2.808E-10     9.531E-01  Aqueous 
  HSO4-                 -5.737     -5.758     1.830E-06     1.746E-06     9.537E-01  Aqueous 
  CaSO4(aq)            -10.978    -10.978     1.052E-11     1.052E-11     1.000E+00  Aqueous 
  CaOH+                -18.302    -18.322     4.991E-19     4.765E-19     9.546E-01  Aqueous 
  CaHSO4+              -14.644    -14.665     2.272E-15     2.161E-15     9.509E-01  Aqueous 
  KSO4-                 -7.390     -7.410     4.076E-08     3.890E-08     9.543E-01  Aqueous 
  KOH(aq)              -14.975    -14.975     1.059E-15     1.059E-15     1.000E+00  Aqueous 
  MgSO4(aq)             -5.914     -5.914     1.218E-06     1.219E-06     1.000E+00  Aqueous 
  MgOH+                -11.965    -11.985     1.083E-12     1.034E-12     9.549E-01  Aqueous 
  NaSO4-                -5.539     -5.559     2.890E-06     2.758E-06     9.543E-01  Aqueous 
  NaOH(aq)             -13.313    -13.313     4.861E-14     4.863E-14     1.000E+00  Aqueous 
  PbOH+                -10.675    -10.696     2.114E-11     2.016E-11     9.534E-01  Aqueous 
  PbSO4(aq)             -7.981     -7.981     1.045E-08     1.046E-08     1.000E+00  Aqueous 
  Pb(OH)2(aq)          -15.659    -15.659     2.191E-16     2.192E-16     1.000E+00  Aqueous 
  Pb(SO4)2--           -10.472    -10.559     3.376E-11     2.759E-11     8.175E-01  Aqueous 
  Pb(OH)3-             -22.132    -22.153     7.379E-23     7.035E-23     9.534E-01  Aqueous 
  Pb2OH+++             -16.593    -16.777     2.550E-17     1.669E-17     6.547E-01  Aqueous 
  Pb(OH)4--            -29.259    -29.346     5.510E-30     4.504E-30     8.175E-01  Aqueous 
  ZnOH+                -11.559    -11.580     2.759E-12     2.630E-12     9.534E-01  Aqueous 
  ZnSO4(aq)             -8.002     -8.002     9.960E-09     9.964E-09     1.000E+00  Aqueous 
  Zn(OH)2(aq)          -15.074    -15.074     8.434E-16     8.437E-16     1.000E+00  Aqueous 
  Zn(SO4)2--           -10.296    -10.384     5.055E-11     4.132E-11     8.175E-01  Aqueous 
  Zn(OH)3-             -22.107    -22.127     7.822E-23     7.458E-23     9.534E-01  Aqueous 
  Zn(OH)4--            -30.398    -30.481     3.998E-31     3.304E-31     8.263E-01  Aqueous 
 
  ****** Partial pressure of gases (bars) *****
 
 
  ***** Saturation state of minerals (log[Q/K] *****
 
 
 
  ***** Volum of minerals added or subtracted *****
 
 
 **************************************************************
 ------> GRID LOCATION:    99:  1:  1
 
  Temperature (C)    =     25.000
  Porosity           =      0.250
  Liquid Saturation  =      1.000
  Liquid Density     =    997.075
  Ionic Strength     =      0.002
  Solution pH        =      4.545
  Total Charge       = -1.778E-07
 
 Total Aqueous Concentrations of Primary Species 
 --------------------------------------- 
 
   Species              Molality       Type 
 H+                   3.1212E-05     Aqueous      
 SO4--                5.9490E-04     Aqueous      
 Zn++                 1.0726E-07     Aqueous      
 Pb++                 5.2126E-08     Aqueous      
 Ca++                 1.2706E-10     Aqueous      
 Mg++                 1.2713E-05     Aqueous      
 K+                   1.1217E-05     Aqueous      
 Na+                  1.1214E-03     Aqueous      
 
 Exchangers           Equiv/kgw        Equiv/g solid    Equiv/m^3 bulk
 X-                   2.2055E-02       2.9320E-06       5.4975E+00
 Y-                   3.3082E-02       4.3980E-06       8.2462E+00
 
 Total Concentrations in Exchange Sites 
 -------------------------------------- 
 
 Exchangers           Equiv/kgw        Equiv/g solid    Equiv/m^3 bulk
 Zn++                 3.5564E-04       4.7280E-08       8.8651E-02
 Pb++                 3.2852E-04       4.3674E-08       8.1889E-02
 Ca++                 4.2582E-07       5.6610E-11       1.0614E-04
 Mg++                 2.3025E-02       3.0611E-06       5.7395E+00
 K+                   5.8644E-04       7.7963E-08       1.4618E-01
 Na+                  7.1302E-03       9.4791E-07       1.7773E+00
 
 Concentrations of Individual Species, Exchangers, and Surface Complexes 
 ----------------------------------------------------------------------- 
 
                           Log        Log                 Concentration     
 Species              Molality   Activity      Molality    Mol/m^3 blk  Type
  NaX                   -2.465     -0.809     3.427E-03     8.542E-01  Exchange
  NaY                   -2.431     -0.951     3.703E-03     9.232E-01  Exchange
  KX                    -3.766     -2.109     1.715E-04     4.275E-02  Exchange
  KY                    -3.382     -1.902     4.149E-04     1.034E-01  Exchange
  CaX2                  -6.841     -4.884     1.441E-07     3.591E-05  Exchange
  CaY2                  -6.550     -4.769     2.818E-07     7.024E-05  Exchange
  MgX2                  -2.045     -0.087     9.016E-03     2.247E+00  Exchange
  MgY2                  -1.854     -0.072     1.401E-02     3.492E+00  Exchange
  ZnX2                  -3.920     -1.962     1.203E-04     2.999E-02  Exchange
  ZnY2                  -3.628     -1.847     2.353E-04     5.866E-02  Exchange
  PbX2                  -4.039     -2.082     9.136E-05     2.277E-02  Exchange
  PbY2                  -3.625     -1.844     2.372E-04     5.912E-02  Exchange
                           Log        Log                                 Activity
 Species              Molality   Activity      Molality      Activity   Coefficient    Type
  H+                    -4.526     -4.545     2.980E-05     2.851E-05     9.569E-01  Aqueous 
  SO4--                 -3.229     -3.311     5.896E-04     4.885E-04     8.287E-01  Aqueous 
  Zn++                  -7.009     -7.088     9.800E-08     8.160E-08     8.327E-01  Aqueous 
  Pb++                  -7.373     -7.454     4.241E-08     3.519E-08     8.297E-01  Aqueous 
  Ca++                  -9.931    -10.010     1.173E-10     9.771E-11     8.327E-01  Aqueous 
  Mg++                  -4.936     -5.014     1.159E-05     9.692E-06     8.365E-01  Aqueous 
  K+                    -4.952     -4.972     1.118E-05     1.066E-05     9.535E-01  Aqueous 
  Na+                   -2.951     -2.972     1.119E-03     1.067E-03     9.541E-01  Aqueous 
  OH-                   -9.432     -9.453     3.694E-10     3.524E-10     9.538E-01  Aqueous 
  HSO4-                 -5.849     -5.869     1.416E-06     1.352E-06     9.544E-01  Aqueous 
  CaSO4(aq)            -11.012    -11.012     9.720E-12     9.724E-12     1.000E+00  Aqueous 
  CaOH+                -18.225    -18.245     5.954E-19     5.687E-19     9.553E-01  Aqueous 
  CaHSO4+              -14.777    -14.798     1.673E-15     1.592E-15     9.516E-01  Aqueous 
  KSO4-                 -7.413     -7.433     3.860E-08     3.686E-08     9.549E-01  Aqueous 
  KOH(aq)              -14.888    -14.887     1.296E-15     1.296E-15     1.000E+00  Aqueous 
  MgSO4(aq)             -5.948     -5.948     1.126E-06     1.126E-06     1.000E+00  Aqueous 
  MgOH+                -11.889    -11.909     1.292E-12     1.234E-12     9.555E-01  Aqueous 
  NaSO4-                -5.563     -5.583     2.737E-06     2.613E-06     9.549E-01  Aqueous 
  NaOH(aq)             -13.226    -13.225     5.950E-14     5.952E-14     1.000E+00  Aqueous 
  PbOH+                -10.598    -10.619     2.522E-11     2.406E-11     9.541E-01  Aqueous 
  PbSO4(aq)             -8.015     -8.015     9.663E-09     9.666E-09     1.000E+00  Aqueous 
  Pb(OH)2(aq)          -15.484    -15.484     3.282E-16     3.283E-16     1.000E+00  Aqueous 
  Pb(SO4)2--           -10.520    -10.606     3.022E-11     2.478E-11     8.201E-01  Aqueous 
  Pb(OH)3-             -21.858    -21.879     1.386E-22     1.322E-22     9.541E-01  Aqueous 
  Pb2OH+++             -16.541    -16.722     2.877E-17     1.895E-17     6.588E-01  Aqueous 
  Pb(OH)4--            -28.888    -28.974     1.296E-29     1.062E-29     8.201E-01  Aqueous 
  ZnOH+                -11.483    -11.503     3.291E-12     3.140E-12     9.541E-01  Aqueous 
  ZnSO4(aq)             -8.036     -8.036     9.206E-09     9.210E-09     1.000E+00  Aqueous 
  Zn(OH)2(aq)          -14.899    -14.898     1.263E-15     1.264E-15     1.000E+00  Aqueous 
  Zn(SO4)2--           -10.344    -10.430     4.526E-11     3.711E-11     8.201E-01  Aqueous 
  Zn(OH)3-             -21.833    -21.853     1.469E-22     1.402E-22     9.541E-01  Aqueous 
  Zn(OH)4--            -30.027    -30.108     9.403E-31     7.792E-31     8.287E-01  Aqueous 
 
  ****** Partial pressure of gases (bars) *****
 
 
  ***** Saturation state of minerals (log[Q/K] *****
 
 
 
  ***** Volum of minerals added or subtracted *****
 
 
 **************************************************************
 ------> GRID LOCATION:   100:  1:  1
 
  Temperature (C)    =     25.000
  Porosity           =      0.250
  Liquid Saturation  =      1.000
  Liquid Density     =    997.075
  Ionic Strength     =      0.002
  Solution pH        =      4.648
  Total Charge       = -1.663E-07
 
 Total Aqueous Concentrations of Primary Species 
 --------------------------------------- 
 
   Species              Molality       Type 
 H+                   2.4590E-05     Aqueous      
 SO4--                5.7878E-04     Aqueous      
 Zn++                 1.0239E-07     Aqueous      
 Pb++                 4.9653E-08     Aqueous      
 Ca++                 1.2132E-10     Aqueous      
 Mg++                 1.2137E-05     Aqueous      
 K+                   1.0974E-05     Aqueous      
 Na+                  1.0973E-03     Aqueous      
 
 Exchangers           Equiv/kgw        Equiv/g solid    Equiv/m^3 bulk
 X-                   2.2055E-02       2.9320E-06       5.4975E+00
 Y-                   3.3082E-02       4.3980E-06       8.2462E+00
 
 Total Concentrations in Exchange Sites 
 -------------------------------------- 
 
 Exchangers           Equiv/kgw        Equiv/g solid    Equiv/m^3 bulk
 Zn++                 3.5564E-04       4.7280E-08       8.8651E-02
 Pb++                 3.2852E-04       4.3674E-08       8.1889E-02
 Ca++                 4.2582E-07       5.6610E-11       1.0614E-04
 Mg++                 2.3025E-02       3.0611E-06       5.7395E+00
 K+                   5.8644E-04       7.7963E-08       1.4618E-01
 Na+                  7.1302E-03       9.4791E-07       1.7773E+00
 
 Concentrations of Individual Species, Exchangers, and Surface Complexes 
 ----------------------------------------------------------------------- 
 
                           Log        Log                 Concentration     
 Species              Molality   Activity      Molality    Mol/m^3 blk  Type
  NaX                   -2.465     -0.809     3.427E-03     8.542E-01  Exchange
  NaY                   -2.431     -0.951     3.703E-03     9.232E-01  Exchange
  KX                    -3.766     -2.109     1.715E-04     4.275E-02  Exchange
  KY                    -3.382     -1.902     4.149E-04     1.034E-01  Exchange
  CaX2                  -6.841     -4.884     1.441E-07     3.591E-05  Exchange
  CaY2                  -6.550     -4.769     2.818E-07     7.024E-05  Exchange
  MgX2                  -2.045     -0.087     9.016E-03     2.247E+00  Exchange
  MgY2                  -1.854     -0.072     1.401E-02     3.492E+00  Exchange
  ZnX2                  -3.920     -1.962     1.203E-04     2.999E-02  Exchange
  ZnY2                  -3.628     -1.847     2.353E-04     5.866E-02  Exchange
  PbX2                  -4.039     -2.082     9.136E-05     2.277E-02  Exchange
  PbY2                  -3.625     -1.844     2.372E-04     5.912E-02  Exchange
                           Log        Log                                 Activity
 Species              Molality   Activity      Molality      Activity   Coefficient    Type
  H+                    -4.629     -4.648     2.350E-05     2.250E-05     9.574E-01  Aqueous 
  SO4--                 -3.241     -3.322     5.740E-04     4.768E-04     8.306E-01  Aqueous 
  Zn++                  -7.028     -7.107     9.373E-08     7.822E-08     8.346E-01  Aqueous 
  Pb++                  -7.392     -7.472     4.056E-08     3.373E-08     8.316E-01  Aqueous 
  Ca++                  -9.950    -10.028     1.122E-10     9.366E-11     8.346E-01  Aqueous 
  Mg++                  -4.955     -5.032     1.108E-05     9.291E-06     8.383E-01  Aqueous 
  K+                    -4.961     -4.981     1.094E-05     1.044E-05     9.541E-01  Aqueous 
  Na+                   -2.961     -2.981     1.095E-03     1.045E-03     9.547E-01  Aqueous 
  OH-                   -9.330     -9.350     4.679E-10     4.465E-10     9.544E-01  Aqueous 
  HSO4-                 -5.963     -5.983     1.090E-06     1.041E-06     9.550E-01  Aqueous 
  CaSO4(aq)            -11.041    -11.041     9.092E-12     9.096E-12     1.000E+00  Aqueous 
  CaOH+                -18.141    -18.161     7.228E-19     6.909E-19     9.558E-01  Aqueous 
  CaHSO4+              -14.909    -14.930     1.234E-15     1.175E-15     9.522E-01  Aqueous 
  KSO4-                 -7.433     -7.453     3.686E-08     3.522E-08     9.555E-01  Aqueous 
  KOH(aq)              -14.794    -14.794     1.608E-15     1.608E-15     1.000E+00  Aqueous 
  MgSO4(aq)             -5.977     -5.977     1.053E-06     1.054E-06     1.000E+00  Aqueous 
  MgOH+                -11.805    -11.824     1.568E-12     1.499E-12     9.561E-01  Aqueous 
  NaSO4-                -5.583     -5.603     2.613E-06     2.497E-06     9.555E-01  Aqueous 
  NaOH(aq)             -13.132    -13.132     7.382E-14     7.385E-14     1.000E+00  Aqueous 
  PbOH+                -10.514    -10.534     3.062E-11     2.923E-11     9.547E-01  Aqueous 
  PbSO4(aq)             -8.044     -8.044     9.039E-09     9.043E-09     1.000E+00  Aqueous 
  Pb(OH)2(aq)          -15.296    -15.296     5.052E-16     5.055E-16     1.000E+00  Aqueous 
  Pb(SO4)2--           -10.560    -10.645     2.752E-11     2.263E-11     8.222E-01  Aqueous 
  Pb(OH)3-             -21.568    -21.588     2.702E-22     2.579E-22     9.547E-01  Aqueous 
  Pb2OH+++             -16.477    -16.656     3.333E-17     2.207E-17     6.622E-01  Aqueous 
  Pb(OH)4--            -28.496    -28.581     3.194E-29     2.626E-29     8.222E-01  Aqueous 
  ZnOH+                -11.398    -11.419     3.995E-12     3.814E-12     9.547E-01  Aqueous 
  ZnSO4(aq)             -8.065     -8.065     8.612E-09     8.616E-09     1.000E+00  Aqueous 
  Zn(OH)2(aq)          -14.711    -14.711     1.945E-15     1.945E-15     1.000E+00  Aqueous 
  Zn(SO4)2--           -10.385    -10.470     4.120E-11     3.388E-11     8.222E-01  Aqueous 
  Zn(OH)3-             -21.543    -21.563     2.864E-22     2.734E-22     9.547E-01  Aqueous 
  Zn(OH)4--            -29.635    -29.715     2.319E-30     1.926E-30     8.306E-01  Aqueous 
 
  ****** Partial pressure of gases (bars) *****
 
 
  ***** Saturation state of minerals (log[Q/K] *****
 
 
 
  ***** Volum of minerals added or subtracted *****
 
 
 **************************************************************
 ------> GRID LOCATION:   101:  1:  1
 
  Temperature (C)    =     25.000
  Porosity           =      0.250
  Liquid Saturation  =      1.000
  Liquid Density     =    997.075
  Ionic Strength     =      0.002
  Solution pH        =      4.704
  Total Charge       = -1.612E-07
 
 Total Aqueous Concentrations of Primary Species 
 --------------------------------------- 
 
   Species              Molality       Type 
 H+                   2.1605E-05     Aqueous      
 SO4--                5.7152E-04     Aqueous      
 Zn++                 1.0023E-07     Aqueous      
 Pb++                 4.8560E-08     Aqueous      
 Ca++                 1.1878E-10     Aqueous      
 Mg++                 1.1881E-05     Aqueous      
 K+                   1.0865E-05     Aqueous      
 Na+                  1.0863E-03     Aqueous      
 
 Exchangers           Equiv/kgw        Equiv/g solid    Equiv/m^3 bulk
 X-                   2.2055E-02       2.9320E-06       5.4975E+00
 Y-                   3.3082E-02       4.3980E-06       8.2462E+00
 
 Total Concentrations in Exchange Sites 
 -------------------------------------- 
 
 Exchangers           Equiv/kgw        Equiv/g solid    Equiv/m^3 bulk
 Zn++                 3.5564E-04       4.7280E-08       8.8650E-02
 Pb++                 3.2851E-04       4.3673E-08       8.1888E-02
 Ca++                 4.2582E-07       5.6610E-11       1.0614E-04
 Mg++                 2.3025E-02       3.0611E-06       5.7395E+00
 K+                   5.8644E-04       7.7963E-08       1.4618E-01
 Na+                  7.1302E-03       9.4791E-07       1.7773E+00
 
 Concentrations of Individual Species, Exchangers, and Surface Complexes 
 ----------------------------------------------------------------------- 
 
                           Log        Log                 Concentration     
 Species              Molality   Activity      Molality    Mol/m^3 blk  Type
  NaX                   -2.465     -0.809     3.427E-03     8.542E-01  Exchange
  NaY                   -2.431     -0.951     3.703E-03     9.232E-01  Exchange
  KX                    -3.766     -2.109     1.715E-04     4.275E-02  Exchange
  KY                    -3.382     -1.902     4.149E-04     1.034E-01  Exchange
  CaX2                  -6.841     -4.884     1.441E-07     3.591E-05  Exchange
  CaY2                  -6.550     -4.769     2.818E-07     7.024E-05  Exchange
  MgX2                  -2.045     -0.087     9.016E-03     2.247E+00  Exchange
  MgY2                  -1.854     -0.072     1.401E-02     3.492E+00  Exchange
  ZnX2                  -3.920     -1.962     1.203E-04     2.999E-02  Exchange
  ZnY2                  -3.628     -1.847     2.353E-04     5.866E-02  Exchange
  PbX2                  -4.039     -2.082     9.136E-05     2.277E-02  Exchange
  PbY2                  -3.625     -1.844     2.372E-04     5.911E-02  Exchange
                           Log        Log                                 Activity
 Species              Molality   Activity      Molality      Activity   Coefficient    Type
  H+                    -4.685     -4.704     2.066E-05     1.978E-05     9.576E-01  Aqueous 
  SO4--                 -3.246     -3.327     5.669E-04     4.714E-04     8.315E-01  Aqueous 
  Zn++                  -7.037     -7.115     9.183E-08     7.672E-08     8.354E-01  Aqueous 
  Pb++                  -7.401     -7.480     3.973E-08     3.308E-08     8.325E-01  Aqueous 
  Ca++                  -9.959    -10.037     1.100E-10     9.186E-11     8.354E-01  Aqueous 
  Mg++                  -4.964     -5.040     1.086E-05     9.112E-06     8.391E-01  Aqueous 
  K+                    -4.965     -4.986     1.083E-05     1.033E-05     9.544E-01  Aqueous 
  Na+                   -2.965     -2.985     1.084E-03     1.035E-03     9.549E-01  Aqueous 
  OH-                   -9.274     -9.294     5.320E-10     5.078E-10     9.546E-01  Aqueous 
  HSO4-                 -6.023     -6.043     9.475E-07     9.051E-07     9.552E-01  Aqueous 
  CaSO4(aq)            -11.055    -11.054     8.818E-12     8.822E-12     1.000E+00  Aqueous 
  CaOH+                -18.094    -18.113     8.061E-19     7.706E-19     9.560E-01  Aqueous 
  CaHSO4+              -14.978    -14.999     1.052E-15     1.002E-15     9.525E-01  Aqueous 
  KSO4-                 -7.443     -7.462     3.609E-08     3.449E-08     9.557E-01  Aqueous 
  KOH(aq)              -14.742    -14.742     1.811E-15     1.811E-15     1.000E+00  Aqueous 
  MgSO4(aq)             -5.991     -5.991     1.021E-06     1.022E-06     1.000E+00  Aqueous 
  MgOH+                -11.757    -11.777     1.749E-12     1.673E-12     9.563E-01  Aqueous 
  NaSO4-                -5.592     -5.612     2.559E-06     2.445E-06     9.557E-01  Aqueous 
  NaOH(aq)             -13.080    -13.080     8.315E-14     8.318E-14     1.000E+00  Aqueous 
  PbOH+                -10.467    -10.487     3.414E-11     3.261E-11     9.549E-01  Aqueous 
  PbSO4(aq)             -8.057     -8.057     8.766E-09     8.770E-09     1.000E+00  Aqueous 
  Pb(OH)2(aq)          -15.193    -15.193     6.410E-16     6.412E-16     1.000E+00  Aqueous 
  Pb(SO4)2--           -10.579    -10.664     2.636E-11     2.170E-11     8.232E-01  Aqueous 
  Pb(OH)3-             -21.409    -21.429     3.897E-22     3.722E-22     9.549E-01  Aqueous 
  Pb2OH+++             -16.439    -16.617     3.638E-17     2.415E-17     6.638E-01  Aqueous 
  Pb(OH)4--            -28.281    -28.366     5.236E-29     4.310E-29     8.232E-01  Aqueous 
  ZnOH+                -11.351    -11.371     4.455E-12     4.254E-12     9.549E-01  Aqueous 
  ZnSO4(aq)             -8.078     -8.078     8.352E-09     8.356E-09     1.000E+00  Aqueous 
  Zn(OH)2(aq)          -14.608    -14.608     2.467E-15     2.468E-15     1.000E+00  Aqueous 
  Zn(SO4)2--           -10.404    -10.488     3.947E-11     3.249E-11     8.232E-01  Aqueous 
  Zn(OH)3-             -21.384    -21.404     4.132E-22     3.946E-22     9.549E-01  Aqueous 
  Zn(OH)4--            -29.420    -29.500     3.801E-30     3.161E-30     8.315E-01  Aqueous 
 
  ****** Partial pressure of gases (bars) *****
 
 
  ***** Saturation state of minerals (log[Q/K] *****
 
 
 
  ***** Volum of minerals added or subtracted *****
 
 
