watercontent,saturation,elevation[m],elevation[m]
0.100279,0.349404181,38.0621,0.380621
0.115063,0.400916376,41.9337,0.419337
0.148497,0.51741115,44.0997,0.440997
0.183616,0.639777003,45.5199,0.455199
0.201178,0.700968641,46.4156,0.464156
0.222709,0.775989547,47.6753,0.476753
0.245389,0.855013937,49.8613,0.498613
0.255609,0.890623693,51.699,0.51699
