watercontent,elevation[m]
0.100560,0.215368
0.115341,0.252228
0.148199,0.268328
0.183318,0.282530
0.200874,0.287774
0.222968,0.298504
0.245650,0.322220
0.255308,0.342465
