watercontent,elevation[m]
0.100403,0.124392
0.115200,0.170535
0.148627,0.188482
0.183180,0.202694
0.200739,0.209795
0.222837,0.222381
0.245513,0.242384
0.255743,0.266332
