# vtk DataFile Version 2.0
CGAL constrained delaunay mesh generation 2d
ASCII
DATASET UNSTRUCTURED_GRID
POINTS 3021 double
0 0 0
0.001 0 0
0.002 0 0
0.003 0 0
0.004 0 0
0.005 0 0
0.006 0 0
0.007 0 0
0.008 0 0
0.009 0 0
0.01 0 0
0.011 0 0
0.012 0 0
0.013 0 0
0.014 0 0
0.015 0 0
0.016 0 0
0.017 0 0
0.018 0 0
0.019 0 0
0.02 0 0
0.03 0 0
0.04 0 0
0.05 0 0
0.06 0 0
0.07 0 0
0.08 0 0
0.09 0 0
0.1 0 0
0.1 0 0.01
0.1 0 0.02
0.1 0 0.03
0.1 0 0.04
0.1 0 0.05
0.1 0 0.06
0.1 0 0.07
0.1 0 0.08
0.1 0 0.09
0.1 0 0.1
0.1 0 0.11
0.1 0 0.12
0.1 0 0.13
0.1 0 0.14
0.1 0 0.15
0.1 0 0.16
0.1 0 0.17
0.1 0 0.18
0.1 0 0.19
0.1 0 0.2
0.09 0 0.2
0.08 0 0.2
0.07 0 0.2
0.06 0 0.2
0.05 0 0.2
0.04 0 0.2
0.03 0 0.2
0.02 0 0.2
0.019 0 0.2
0.018 0 0.2
0.017 0 0.2
0.016 0 0.2
0.015 0 0.2
0.014 0 0.2
0.013 0 0.2
0.012 0 0.2
0.011 0 0.2
0.01 0 0.2
0.009 0 0.2
0.008 0 0.2
0.007 0 0.2
0.006 0 0.2
0.005 0 0.2
0.004 0 0.2
0.003 0 0.2
0.002 0 0.2
0.001 0 0.2
0 0 0.2
0 0 0.19
0 0 0.18
0 0 0.17
0 0 0.16
0 0 0.15
0 0 0.14
0 0 0.13
0 0 0.12
0 0 0.11
0 0 0.1
0 0 0.09
0 0 0.08
0 0 0.07
0 0 0.06
0 0 0.05
0 0 0.04
0 0 0.03
0 0 0.02
0 0 0.01
0.02 0 0.001
0.02 0 0.002
0.02 0 0.003
0.02 0 0.004
0.02 0 0.005
0.02 0 0.006
0.02 0 0.007
0.02 0 0.008
0.02 0 0.009
0.02 0 0.01
0.02 0 0.011
0.02 0 0.012
0.02 0 0.013
0.02 0 0.014
0.02 0 0.015
0.02 0 0.016
0.02 0 0.017
0.02 0 0.018
0.02 0 0.019
0.02 0 0.02
0.02 0 0.021
0.02 0 0.022
0.02 0 0.023
0.02 0 0.024
0.02 0 0.025
0.02 0 0.026
0.02 0 0.027
0.02 0 0.028
0.02 0 0.029
0.02 0 0.03
0.02 0 0.031
0.02 0 0.032
0.02 0 0.033
0.02 0 0.034
0.02 0 0.035
0.02 0 0.036
0.02 0 0.037
0.02 0 0.038
0.02 0 0.039
0.02 0 0.04
0.02 0 0.041
0.02 0 0.042
0.02 0 0.043
0.02 0 0.044
0.02 0 0.045
0.02 0 0.046
0.02 0 0.047
0.02 0 0.048
0.02 0 0.049
0.02 0 0.05
0.02 0 0.051
0.02 0 0.052
0.02 0 0.053
0.02 0 0.054
0.02 0 0.055
0.02 0 0.056
0.02 0 0.057
0.02 0 0.058
0.02 0 0.059
0.02 0 0.06
0.02 0 0.061
0.02 0 0.062
0.02 0 0.063
0.02 0 0.064
0.02 0 0.065
0.02 0 0.066
0.02 0 0.067
0.02 0 0.068
0.02 0 0.069
0.02 0 0.07
0.02 0 0.071
0.02 0 0.072
0.02 0 0.073
0.02 0 0.074
0.02 0 0.075
0.02 0 0.076
0.02 0 0.077
0.02 0 0.078
0.02 0 0.079
0.02 0 0.08
0.02 0 0.081
0.02 0 0.082
0.02 0 0.083
0.02 0 0.084
0.02 0 0.085
0.02 0 0.086
0.02 0 0.087
0.02 0 0.088
0.02 0 0.089
0.02 0 0.09
0.02 0 0.091
0.02 0 0.092
0.02 0 0.093
0.02 0 0.094
0.02 0 0.095
0.02 0 0.096
0.02 0 0.097
0.02 0 0.098
0.02 0 0.099
0.02 0 0.1
0.02 0 0.101
0.02 0 0.102
0.02 0 0.103
0.02 0 0.104
0.02 0 0.105
0.02 0 0.106
0.02 0 0.107
0.02 0 0.108
0.02 0 0.109
0.02 0 0.11
0.02 0 0.111
0.02 0 0.112
0.02 0 0.113
0.02 0 0.114
0.02 0 0.115
0.02 0 0.116
0.02 0 0.117
0.02 0 0.118
0.02 0 0.119
0.02 0 0.12
0.02 0 0.121
0.02 0 0.122
0.02 0 0.123
0.02 0 0.124
0.02 0 0.125
0.02 0 0.126
0.02 0 0.127
0.02 0 0.128
0.02 0 0.129
0.02 0 0.13
0.02 0 0.131
0.02 0 0.132
0.02 0 0.133
0.02 0 0.134
0.02 0 0.135
0.02 0 0.136
0.02 0 0.137
0.02 0 0.138
0.02 0 0.139
0.02 0 0.14
0.02 0 0.141
0.02 0 0.142
0.02 0 0.143
0.02 0 0.144
0.02 0 0.145
0.02 0 0.146
0.02 0 0.147
0.02 0 0.148
0.02 0 0.149
0.02 0 0.15
0.02 0 0.151
0.02 0 0.152
0.02 0 0.153
0.02 0 0.154
0.02 0 0.155
0.02 0 0.156
0.02 0 0.157
0.02 0 0.158
0.02 0 0.159
0.02 0 0.16
0.02 0 0.161
0.02 0 0.162
0.02 0 0.163
0.02 0 0.164
0.02 0 0.165
0.02 0 0.166
0.02 0 0.167
0.02 0 0.168
0.02 0 0.169
0.02 0 0.17
0.02 0 0.171
0.02 0 0.172
0.02 0 0.173
0.02 0 0.174
0.02 0 0.175
0.02 0 0.176
0.02 0 0.177
0.02 0 0.178
0.02 0 0.179
0.02 0 0.18
0.02 0 0.181
0.02 0 0.182
0.02 0 0.183
0.02 0 0.184
0.02 0 0.185
0.02 0 0.186
0.02 0 0.187
0.02 0 0.188
0.02 0 0.189
0.02 0 0.19
0.02 0 0.191
0.02 0 0.192
0.02 0 0.193
0.02 0 0.194
0.02 0 0.195
0.02 0 0.196
0.02 0 0.197
0.02 0 0.198
0.02 0 0.199
0.0602442 0 0.0460562
0.060131 0 0.114604
0.06039 0 0.154591
0.0553054 0 0.0799668
0.0751655 0 0.0248094
0.0758261 0 0.175066
0.0754859 0 0.135313
0.0757023 0 0.0657666
0.0752031 0 0.0943451
0.0515924 0 0.0232019
0.0458205 0 0.175492
0.0442775 0 0.134316
0.0425133 0 0.0993848
0.0423718 0 0.0606257
0.0805685 0 0.044289
0.0805531 0 0.155707
0.0396558 0 0.155955
0.0806861 0 0.114645
0.0402637 0 0.0406849
0.0431851 0 0.117429
0.0369363 0 0.0822923
0.0586884 0 0.0621345
0.0588635 0 0.0960542
0.0368214 0 0.0161256
0.0602953 0 0.1303
0.0599437 0 0.170186
0.0637004 0 0.184547
0.0338402 0 0.185741
0.0850842 0 0.0139982
0.0711411 0 0.0803974
0.0847178 0 0.0769964
0.0639618 0 0.0146873
0.0849587 0 0.186932
0.0333465 0 0.142474
0.0339994 0 0.168222
0.0337823 0 0.126494
0.0866462 0 0.0328461
0.0857983 0 0.168167
0.0691687 0 0.0368646
0.0708944 0 0.16366
0.0874277 0 0.142939
0.0704602 0 0.123038
0.0505938 0 0.187131
0.0864811 0 0.102582
0.0868462 0 0.0564018
0.0545521 0 0.142374
0.0704381 0 0.146559
0.08714 0 0.127446
0.0680353 0 0.104136
0.07113 0 0.0524095
0.0875368 0 0.089627
0.0498037 0 0.163483
0.0332998 0 0.0695572
0.040026 0 0.0284829
0.0321135 0 0.108349
0.0334967 0 0.0519667
0.0447819 0 0.0726968
0.0580864 0 0.0337759
0.0520155 0 0.0115312
0.0314504 0 0.094523
0.0522532 0 0.105909
0.0486916 0 0.0897234
0.051834 0 0.0528797
0.0743789 0 0.0104181
0.0523095 0 0.122047
0.0437792 0 0.14534
0.0737809 0 0.189116
0.030398 0 0.0348649
0.0657808 0 0.0702609
0.00972655 0 0.145496
0.00913967 0 0.0754851
0.00996449 0 0.045476
0.00957402 0 0.0150034
0.00960911 0 0.104683
0.0101936 0 0.125367
0.00914338 0 0.0649705
0.0093474 0 0.174406
0.00974974 0 0.0344582
0.0100751 0 0.185531
0.0507929 0 0.0409662
0.00877262 0 0.114567
0.0904368 0 0.0448402
0.0103769 0 0.164128
0.00945019 0 0.08631
0.0298873 0 0.152517
0.0903548 0 0.115379
0.0901676 0 0.15737
0.0850825 0 0.0672247
0.0102362 0 0.135561
0.0613344 0 0.0239737
0.0622381 0 0.0866468
0.0100725 0 0.0242444
0.0789436 0 0.0850737
0.0649778 0 0.1389
0.0326103 0 0.117914
0.0549338 0 0.177567
0.0298138 0 0.024296
0.00863721 0 0.0550908
0.0500817 0 0.153262
0.0846304 0 0.176802
0.0772343 0 0.103627
0.0434044 0 0.0517454
0.0542569 0 0.0707607
0.0921301 0 0.134526
0.0107563 0 0.0957051
0.0916624 0 0.0229707
0.0289607 0 0.0781143
0.00834582 0 0.153894
0.0299638 0 0.0608695
0.0412855 0 0.0912946
0.0705864 0 0.11252
0.0293361 0 0.00945312
0.0416766 0 0.107626
0.0414985 0 0.125897
0.0466156 0 0.0807524
0.0294536 0 0.178029
0.0492708 0 0.032177
0.0774564 0 0.0335351
0.0774337 0 0.125345
0.0288456 0 0.0433873
0.0772668 0 0.166223
0.0413629 0 0.167098
0.0434478 0 0.0094869
0.092137 0 0.172608
0.0430542 0 0.191144
0.0449575 0 0.0164891
0.0519102 0 0.114179
0.0303541 0 0.0855147
0.0281345 0 0.160777
0.078095 0 0.146489
0.0711865 0 0.0452665
0.0939098 0 0.0951294
0.0681228 0 0.0608451
0.0595735 0 0.0536633
0.0509421 0 0.0614201
0.0673909 0 0.0936827
0.0919149 0 0.071799
0.092285 0 0.062325
0.0426061 0 0.182514
0.0926015 0 0.182388
0.0284881 0 0.191819
0.0787136 0 0.0529073
0.0663803 0 0.192903
0.0502881 0 0.098559
0.0917262 0 0.0830749
0.0543771 0 0.193747
0.0664594 0 0.00660289
0.0714896 0 0.15426
0.0678219 0 0.130514
0.0602492 0 0.122082
0.0522121 0 0.130877
0.0284797 0 0.135292
0.0365653 0 0.135471
0.0370276 0 0.175435
0.0864912 0 0.150607
0.0678253 0 0.170008
0.0584104 0 0.162383
0.0833324 0 0.0215629
0.0593882 0 0.00818933
0.0828145 0 0.134479
0.0935236 0 0.0346848
0.0620371 0 0.147417
0.0914527 0 0.189124
0.0677874 0 0.178455
0.0826925 0 0.00724747
0.0939738 0 0.0165103
0.0910635 0 0.00787859
0.0940011 0 0.145249
0.0522364 0 0.17077
0.0937558 0 0.107044
0.0734214 0 0.0723785
0.0626863 0 0.0791284
0.0937764 0 0.164786
0.060604 0 0.103415
0.0919565 0 0.0524706
0.0120138 0 0.00714575
0.0680524 0 0.0208693
0.0675748 0 0.0281327
0.0561172 0 0.017995
0.0924147 0 0.122583
0.0794324 0 0.181298
0.0816555 0 0.192489
0.0130121 0 0.192743
0.0288902 0 0.0166906
0.0368297 0 0.162034
0.0273752 0 0.101506
0.0356165 0 0.101976
0.0379619 0 0.148796
0.076033 0 0.0180091
0.0270816 0 0.145384
0.0276129 0 0.123098
0.0347044 0 0.195458
0.0721369 0 0.0889978
0.0357609 0 0.00572225
0.0272922 0 0.183766
0.0851461 0 0.0496798
0.0263293 0 0.112457
0.0808111 0 0.061543
0.0557843 0 0.0871194
0.0815728 0 0.162152
0.0811732 0 0.0978768
0.0824665 0 0.108223
0.0261387 0 0.170323
0.0376548 0 0.0753265
0.0824695 0 0.0377083
0.0825318 0 0.121652
0.0775027 0 0.0779736
0.0802546 0 0.0705047
0.0254317 0 0.0675274
0.0263051 0 0.0532311
0.0612953 0 0.179372
0.0370271 0 0.0630597
0.0746575 0 0.0586246
0.0382021 0 0.0563388
0.0372928 0 0.0467249
0.0562685 0 0.136051
0.049993 0 0.13804
0.0555029 0 0.14949
0.0665131 0 0.0480233
0.1 0 0.195
0.0378685 0 0.113019
0.0938583 0 0.151222
0.0570647 0 0.184193
0.07463 0 0.141672
0.0750889 0 0.0399842
0.0624038 0 0.0391742
0.0421497 0 0.0667965
0.0485922 0 0.0468369
0.0413528 0 0.14
0.0854822 0 0.0832917
0.0813843 0 0.0908453
0.048696 0 0.180732
0.0695927 0 0.18454
0.0494601 0 0.1938
0.00561047 0 0.194377
0.0934892 0 0.0883039
0.0641957 0 0.165553
0.0664192 0 0.15749
0.0756859 0 0.159366
0.0763207 0 0.119121
0.0658569 0 0.117951
0.0483901 0 0.0668507
0.0876587 0 0.0962975
0.0151364 0 0.151133
0.0701827 0 0.0985602
0.0629767 0 0.108681
0.094167 0 0.128288
0.012991 0 0.157983
0.0456678 0 0.157747
0.0136504 0 0.0591314
0.0142356 0 0.0521579
0.0253776 0 0.0916888
0.093136 0 0.101513
0.0565878 0 0.0398443
0.0939605 0 0.0285904
0.0535775 0 0.00560692
0.0813192 0 0.0283089
0.0430972 0 0.0344704
0.0457865 0 0.0262662
0.0405775 0 0.021474
0.0382658 0 0.120623
0.0503011 0 0.0765077
0.0262562 0 0.12885
0.095 0 0
0.0602827 0 0.189539
0.00571218 0 0.092056
0.0765601 0 0.110383
0.0699634 0 0.0147004
0.0143127 0 0.110242
0.0642343 0 0.0985202
0.075 0 0.2
0.0544052 0 0.0287207
0.0499577 0 0.14731
0.0803491 0 0.171735
0.0542046 0 0.0457436
0.0763816 0 0.00488705
0.036787 0 0.0346909
0.0131819 0 0.120554
0.080898 0 0.140324
0.026069 0 0.0296359
0.0144675 0 0.0807751
0.0134929 0 0.0702024
0.0141704 0 0.169346
0.0128951 0 0.0396935
0.0135714 0 0.1805
0.0338426 0 0.156887
0.0547842 0 0.157497
0.0137794 0 0.0192491
0.00620723 0 0.0093952
0.00629338 0 0.168503
0.00671804 0 0.0807478
0.0871203 0 0.193993
0.0585131 0 0.074665
0 0 0.015
0.0696153 0 0.135879
0.1 0 0.185
0.0465892 0 0.104374
0.0562113 0 0.110046
0.0888381 0 0.0387786
0.0341035 0 0.040849
0.024909 0 0.0377165
0.0798762 0 0.0126432
0.00611236 0 0.0290697
0.00561021 0 0.100025
0 0 0.105
0.045 0 0
0.0482047 0 0.00561557
0.0278868 0 0.0723751
0.046018 0 0.0951475
0.0538682 0 0.0933603
0.0472556 0 0.0576254
0.0553164 0 0.0582729
0.0150607 0 0.029768
0.0143418 0 0.130176
0.0135369 0 0.140382
0.00599449 0 0.131197
0.0464962 0 0.112114
0.0153781 0 0.10147
0.0729559 0 0.194791
0.059916 0 0.0678152
0.1 0 0.075
0.0645473 0 0.1262
0.0663506 0 0.151187
0.00618326 0 0.0197549
0.0144281 0 0.0905591
0.0650699 0 0.033282
0.1 0 0.005
0.025 0 0
0.095 0 0.2
0 0 0.025
0.0421971 0 0.0849391
0.085 0 0
0 0 0.135
0.0637377 0 0.17437
0.045 0 0.2
0.055878 0 0.100764
0.0351158 0 0.0896732
0.0937822 0 0.0777569
0.0506678 0 0.0174272
0.0792019 0 0.187435
0.0945785 0 0.0404476
0.0566644 0 0.118357
0.0483348 0 0.118117
0.0563139 0 0.126004
0.0141727 0 0.0125467
0.0333576 0 0.0293501
0.0380319 0 0.0965048
0.0059356 0 0.0399742
0 0 0.045
0 0 0.035
0.00603393 0 0.0702554
0 0 0.065
0 0 0.075
0.00609511 0 0.179965
0 0 0.185
0 0 0.175
0.0254996 0 0.155583
0.00632364 0 0.120432
0 0 0.125
0.00589477 0 0.140145
0 0 0.145
0 0 0.165
0 0 0.085
0.0437427 0 0.151594
0.1 0 0.045
0.0632553 0 0.0584206
0.0254664 0 0.107514
0.0350546 0 0.180171
0.0931248 0 0.194717
0.067218 0 0.041758
0.1 0 0.125
0.1 0 0.085
0.0346059 0 0.0217024
0.025 0 0.2
0.0256256 0 0.0211459
0.0462737 0 0.129146
0.0508364 0 0.0840618
0.0876661 0 0.110527
0.0427381 0 0.0454516
0.0470057 0 0.123429
0.094871 0 0.0674224
0.0673887 0 0.0755918
0.0709108 0 0.0677067
0.0263079 0 0.00470631
0.0246318 0 0.0826051
0.1 0 0.025
0.0731782 0 0.17989
0.00469137 0 0.10767
0.0759082 0 0.0485942
0.015205 0 0.187374
0.0723947 0 0.0317028
0.1 0 0.155
0.0253538 0 0.140221
0.00483206 0 0.188812
0.00513761 0 0.149326
0.0153485 0 0.0755206
0.00450205 0 0.0471405
0.0153179 0 0.0465688
0.0154942 0 0.0653361
0.0156061 0 0.175589
0.00486967 0 0.0622429
0 0 0.115
0.0851313 0 0.043568
0.0947626 0 0.0471628
0.0948239 0 0.0580867
0.0414785 0 0.0787879
0 0 0.005
0.065 0 0
0.0529622 0 0.0360334
0.0452023 0 0.0395875
0.0737326 0 0.129765
0.1 0 0.115
0.0947607 0 0.117684
0.0953045 0 0.112269
0.0853751 0 0.116894
0.1 0 0.105
0.027194 0 0.117619
0.0694486 0 0.141058
0.0464273 0 0.169999
0.0549318 0 0.166429
0.0765903 0 0.151605
0 0 0.095
0.0273463 0 0.0481455
0.0264863 0 0.09694
0.0950515 0 0.157475
0.00566193 0 0.159797
0.0158821 0 0.0855076
0.0154226 0 0.16345
0.0317177 0 0.148059
0.0414372 0 0.131685
0.0813267 0 0.129628
0.094682 0 0.139772
0.1 0 0.135
0.0725361 0 0.106642
0.0654654 0 0.0537456
0.058613 0 0.0132547
0.0872202 0 0.0270589
0.0248254 0 0.0124303
0.0602552 0 0.195332
0.0617095 0 0.0299196
0.0241279 0 0.175319
0.0643797 0 0.0648733
0.0851596 0 0.157354
0.0876338 0 0.162656
0.025384 0 0.150159
0.0152851 0 0.146152
0.0951454 0 0.177672
0.0157508 0 0.0354259
0.0156146 0 0.125851
0.0619887 0 0.091599
0.0589292 0 0.0829479
0.0679376 0 0.0844435
0.00687628 0 0.00423654
0.0870647 0 0.072263
0.0862535 0 0.0623371
0 0 0.195
0.0736522 0 0.170147
0.0157903 0 0.135507
0.085 0 0.2
0.035 0 0.2
0.1 0 0.095
0.1 0 0.165
0.1 0 0.065
0.035 0 0
0.1 0 0.035
0.055 0 0.2
0.065 0 0.2
0.1 0 0.015
0.1 0 0.055
0.075 0 0
0.055 0 0
0.1 0 0.145
0 0 0.155
0 0 0.055
0.1 0 0.175
0.089051 0 0.0182007
0.0949636 0 0.022505
0.0874834 0 0.12139
0.0250054 0 0.0584274
0.0881873 0 0.00332242
0.0351263 0 0.0105638
0.0613434 0 0.159986
0.0616865 0 0.0191618
0.0567655 0 0.0230662
0.0625788 0 0.00343065
0.0319831 0 0.173885
0.00555633 0 0.086795
0.0159278 0 0.0238633
0.0417293 0 0.161772
0.0577183 0 0.0502086
0.0892018 0 0.0671931
0.0285215 0 0.16565
0.0732881 0 0.0836568
0.0603516 0 0.141593
0.0647672 0 0.133324
0.0147489 0 0.115494
0.0946033 0 0.00439395
0.0807681 0 0.0811759
0.0548893 0 0.0649925
0.0328145 0 0.12196
0.0319563 0 0.114164
0.0906383 0 0.0765842
0.0577933 0 0.1749
0.0512 0 0.175762
0.0328705 0 0.0582075
0.031609 0 0.0648602
0.0456965 0 0.0218405
0.00492015 0 0.135436
0.0760341 0 0.0894351
0.0792902 0 0.177474
0.0368988 0 0.105482
0.076689 0 0.195107
0.0476787 0 0.0097857
0.0424246 0 0.00329889
0.0384925 0 0.0127218
0.00407142 0 0.0577046
0.00347472 0 0.0524973
0.00896665 0 0.0495056
0.00863086 0 0.0597693
0.0144598 0 0.10654
0.0246827 0 0.0765372
0.00531791 0 0.126208
0.00515567 0 0.17379
0.00524591 0 0.0339057
0.00484184 0 0.0747067
0.0726982 0 0.00629096
0.0871987 0 0.181277
0.0897819 0 0.177152
0.0848485 0 0.171938
0.0397502 0 0.144031
0.0247193 0 0.0453404
0.0802955 0 0.065611
0.0898031 0 0.131131
0.0872168 0 0.137398
0.0249367 0 0.181056
0.0474554 0 0.052399
0.0423277 0 0.0551923
0.0650677 0 0.113996
0.0953155 0 0.0105266
0.0542659 0 0.188667
0.0413243 0 0.172231
0.0249701 0 0.163512
0.00341167 0 0.0142812
0.0374464 0 0.0503851
0.0156656 0 0.0952695
0.0325905 0 0.0737528
0.0345468 0 0.079264
0.00508671 0 0.16408
0.00928858 0 0.111039
0.00459417 0 0.113308
0.0768348 0 0.0996857
0.0812342 0 0.104376
0.0488809 0 0.108147
0.0246734 0 0.188333
0.0751924 0 0.184398
0.0480438 0 0.143621
0.0470235 0 0.139682
0.0403144 0 0.0173644
0.0242373 0 0.194967
0.0413016 0 0.178319
0.0684427 0 0.109559
0.0754787 0 0.115594
0.0703558 0 0.118342
0.0462239 0 0.188806
0.03736 0 0.190433
0.0402943 0 0.195321
0.0506848 0 0.0726555
0.046677 0 0.0632058
0.00552461 0 0.145489
0.0438523 0 0.194756
0.0327381 0 0.0828462
0.00604763 0 0.0253276
0.0951712 0 0.185102
0.0520719 0 0.182616
0.0615387 0 0.0715945
0.0243689 0 0.133906
0.0446765 0 0.089859
0.0334664 0 0.045525
0.0307748 0 0.0390534
0.0816285 0 0.0183301
0.0291578 0 0.055843
0.0320261 0 0.190755
0.0396967 0 0.185239
0.0825095 0 0.0871332
0.0858193 0 0.00884871
0.025084 0 0.0878226
0.0842369 0 0.146238
0.0668227 0 0.0884352
0.0510769 0 0.159255
0.0433629 0 0.122637
0.0376623 0 0.126331
0.0824446 0 0.150552
0.0905893 0 0.148789
0.0155751 0 0.0054725
0.0312904 0 0.131282
0.0290773 0 0.139495
0.0793948 0 0.057862
0.0610113 0 0.0496443
0.0921282 0 0.168885
0.0964914 0 0.1686
0.0965768 0 0.132898
0.0349515 0 0.151982
0.0656716 0 0.144906
0.0319502 0 0.00350731
0.0431361 0 0.104532
0.0379147 0 0.0696803
0.0474902 0 0.0427456
0.096501 0 0.191959
0.059726 0 0.137894
0.0675196 0 0.189314
0.0774443 0 0.0280788
0.082369 0 0.0317108
0.0478311 0 0.0863196
0.0741477 0 0.124473
0.0746371 0 0.163702
0.0823325 0 0.168368
0.0840206 0 0.111656
0.0727529 0 0.020805
0.0236835 0 0.0170077
0.0412878 0 0.112765
0.00854782 0 0.18905
0.0331362 0 0.162678
0.0916148 0 0.141807
0.0301692 0 0.156492
0.0968849 0 0.0728072
0.0964237 0 0.0830016
0.046272 0 0.164139
0.0377674 0 0.167076
0.0463692 0 0.18533
0.0238541 0 0.0706973
0.0718145 0 0.0619071
0.0706265 0 0.0579926
0.0899739 0 0.0864928
0.0365706 0 0.171623
0.0281587 0 0.194979
0.0765389 0 0.0441923
0.0451391 0 0.0128005
0.0246153 0 0.0252549
0.049997 0 0.0282613
0.0448255 0 0.0773013
0.024524 0 0.0628641
0.0720351 0 0.04061
0.0750635 0 0.145148
0.0903809 0 0.0563699
0.0879887 0 0.052714
0.0705279 0 0.0102036
0.0379909 0 0.0878492
0.0821152 0 0.197345
0.0812119 0 0.0483926
0.0842651 0 0.0538399
0.0752867 0 0.0521658
0.0649579 0 0.160942
0.0570823 0 0.00282113
0.0700356 0 0.0485419
0.0706459 0 0.167545
0.0534022 0 0.0749204
0.0713 0 0.093031
0.0779384 0 0.130293
0.0957717 0 0.104187
0.0307848 0 0.0909619
0.0387175 0 0.181394
0.0824989 0 0.125721
0.0382802 0 0.117227
0.0824685 0 0.0737847
0.0148622 0 0.196137
0.0795176 0 0.136001
0.064731 0 0.0444255
0.0358989 0 0.13905
0.0238499 0 0.10104
0.0639109 0 0.0266153
0.0243676 0 0.115734
0.0877106 0 0.189852
0.0888865 0 0.18623
0.00877489 0 0.195892
0.0896711 0 0.04929
0.0510116 0 0.127418
0.0876493 0 0.0793605
0.00935723 0 0.158847
0.0575545 0 0.0273225
0.006901 0 0.095811
0.0584666 0 0.0919453
0.00362039 0 0.183307
0.0972371 0 0.092691
0.0969361 0 0.0986764
0.0903764 0 0.0933866
0.0247878 0 0.0505074
0.0554063 0 0.0533715
0.0362804 0 0.129813
0.056276 0 0.113697
0.0820012 0 0.00344618
0.0535021 0 0.161284
0.0490443 0 0.0358193
0.0236623 0 0.00791175
0.0759063 0 0.0746299
0.06491 0 0.169168
0.0703198 0 0.175086
0.0237808 0 0.120479
0.0973905 0 0.0626695
0.083965 0 0.0951264
0.00263158 0 0.116742
0.0601893 0 0.16636
0.0699993 0 0.126712
0.0312986 0 0.0981588
0.0294402 0 0.104875
0.023909 0 0.126528
0.0719256 0 0.158772
0.0766513 0 0.154729
0.0720898 0 0.149933
0.0381181 0 0.0250869
0.0736888 0 0.102086
0.0620611 0 0.151048
0.0591087 0 0.14509
0.090274 0 0.0125463
0.0433101 0 0.1551
0.0864969 0 0.0233926
0.0796409 0 0.024726
0.0742947 0 0.0362809
0.0328861 0 0.136416
0.0566589 0 0.131567
0.0500559 0 0.13399
0.0904402 0 0.0293441
0.0408748 0 0.134834
0.0516358 0 0.118163
0.0247593 0 0.0412783
0.00325838 0 0.0423278
0.00302519 0 0.0662908
0.0030292 0 0.1768
0.0541918 0 0.153233
0.0711513 0 0.19137
0.067943 0 0.197037
0.0235253 0 0.184356
0.0522692 0 0.101729
0.046409 0 0.0984222
0.0503033 0 0.0932544
0.0231563 0 0.159317
0.0651072 0 0.12247
0.0435309 0 0.0309392
0.00300237 0 0.102855
0.0517302 0 0.196476
0.0640904 0 0.0106015
0.0679338 0 0.00315505
0.0708479 0 0.0250346
0.0852535 0 0.0173053
0.0669087 0 0.182512
0.0315201 0 0.187619
0.0107974 0 0.0903112
0.00406263 0 0.153673
0.0106467 0 0.151221
0.0506682 0 0.0580705
0.0565011 0 0.0106922
0.0878167 0 0.154818
0.0834241 0 0.182434
0.0600347 0 0.0574417
0.0572395 0 0.171637
0.0671982 0 0.0668742
0.0899101 0 0.0351288
0.0965695 0 0.0318163
0.0974226 0 0.038154
0.0813016 0 0.0772388
0.0112445 0 0.101106
0.0962527 0 0.181107
0.0306256 0 0.181855
0.0371564 0 0.0313023
0.0598597 0 0.118414
0.0556892 0 0.12288
0.0600575 0 0.126452
0.0646934 0 0.0826054
0.0918928 0 0.0196725
0.0973158 0 0.0177911
0.047501 0 0.150313
0.0969456 0 0.148164
0.0954062 0 0.174279
0.0264527 0 0.0339222
0.00278217 0 0.0076467
0.0487675 0 0.014289
0.0572255 0 0.10618
0.0646164 0 0.103263
0.0591933 0 0.100496
0.0159644 0 0.0554548
0.0591673 0 0.0783144
0.0660301 0 0.0790166
0.0919945 0 0.111783
0.0889027 0 0.106531
0.096692 0 0.109115
0.0538489 0 0.0495391
0.00334362 0 0.0972177
0.0779539 0 0.0100281
0.00997179 0 0.00425671
0.041914 0 0.0945284
0.0974315 0 0.16238
0.0908902 0 0.161742
0.0535362 0 0.0201076
0.031671 0 0.0150978
0.0522952 0 0.191281
0.0551969 0 0.0144188
0.0643367 0 0.195895
0.0644934 0 0.0228401
0.066943 0 0.0170853
0.0969708 0 0.0526025
0.0671319 0 0.0130024
0.0641888 0 0.189646
0.0716263 0 0.132635
0.0541371 0 0.173609
0.0517094 0 0.167533
0.0974768 0 0.122263
0.0729345 0 0.0770897
0.0685954 0 0.0724422
0.0740912 0 0.0688307
0.0162085 0 0.190927
0.0286756 0 0.172708
0.0233561 0 0.11038
0.0833749 0 0.0112588
0.0339996 0 0.0251812
0.00304001 0 0.0366636
0.0864443 0 0.0364162
0.00974347 0 0.0104764
0.0101345 0 0.0209729
0.0919046 0 0.118777
0.0894886 0 0.124372
0.0421989 0 0.0247411
0.073637 0 0.0285402
0.010958 0 0.0304104
0.0235325 0 0.1436
0.09747 0 0.142105
0.0686548 0 0.0323309
0.03646 0 0.0932744
0.049702 0 0.0207654
0.0234857 0 0.12947
0.0625242 0 0.0956309
0.0450618 0 0.17874
0.0333747 0 0.104585
0.0508082 0 0.00752596
0.0860835 0 0.131753
0.0421821 0 0.0747829
0.077179 0 0.189885
0.0824008 0 0.188892
0.0124537 0 0.0554574
0.00319767 0 0.123107
0.0551977 0 0.0964147
0.0238863 0 0.00284357
0.0303814 0 0.12474
0.0294258 0 0.120289
0.0101328 0 0.131735
0.00269598 0 0.0276874
0.0526751 0 0.109743
0.0100818 0 0.139342
0.0430028 0 0.186851
0.0578091 0 0.0710248
0.0416281 0 0.0704317
0.0345029 0 0.096404
0.0391579 0 0.099709
0.091386 0 0.00499667
0.03061 0 0.0200164
0.00311725 0 0.0823629
0.00278978 0 0.167445
0.0850756 0 0.139518
0.0499934 0 0.080714
0.0967544 0 0.0866519
0.0768696 0 0.0216046
0.052238 0 0.144528
0.0302289 0 0.0276323
0.0594864 0 0.13405
0.0235466 0 0.0943583
0.0366051 0 0.0592356
0.002834 0 0.132644
0.0283435 0 0.0126636
0.0102338 0 0.12149
0.0327284 0 0.00788296
0.040818 0 0.0069872
0.0375095 0 0.00213933
0.00341586 0 0.0217928
0.0547424 0 0.032735
0.0352655 0 0.0662737
0.0899673 0 0.16542
0.0287933 0 0.108155
0.0597685 0 0.108884
0.0238872 0 0.168412
0.0165994 0 0.0422645
0.0887088 0 0.171648
0.0968914 0 0.126
0.0736439 0 0.138276
0.0557201 0 0.0616499
0.0736871 0 0.0027632
0.0161713 0 0.153906
0.0164869 0 0.184145
0.0762749 0 0.0138947
0.0760574 0 0.178409
0.0957158 0 0.136241
0.0643226 0 0.154097
0.0892418 0 0.0603017
0.0368467 0 0.10957
0.0643061 0 0.130173
0.0370762 0 0.158096
0.0381898 0 0.152075
0.0359099 0 0.145629
0.00281718 0 0.157485
0.0830938 0 0.0575871
0.0103986 0 0.0823686
0.0164214 0 0.172147
0.0968503 0 0.15416
0.0940638 0 0.0441511
0.0450401 0 0.0691346
0.0126542 0 0.0487286
0.0969734 0 0.195778
0.00259617 0 0.0770379
0.0125035 0 0.177062
0.0237534 0 0.0322922
0.0101029 0 0.181111
0.0336318 0 0.0368248
0.0300839 0 0.143289
0.0349809 0 0.0556119
0.0586747 0 0.1578
0.0518022 0 0.150382
0.0324548 0 0.197326
0.0970037 0 0.0258771
0.0475506 0 0.196736
0.0409714 0 0.147285
0.0810484 0 0.144225
0.0779691 0 0.142754
0.0334786 0 0.0329638
0.028679 0 0.149503
0.0280838 0 0.0816771
0.00297875 0 0.0178646
0.0121828 0 0.161446
0.0165211 0 0.0156662
0.0663286 0 0.0385446
0.0597619 0 0.0369166
0.0614777 0 0.0427943
0.0663968 0 0.0575112
0.0790485 0 0.0405265
0.078002 0 0.0369403
0.0233433 0 0.146955
0.0781256 0 0.162701
0.0325383 0 0.177047
0.0927439 0 0.154848
0.0233695 0 0.0654923
0.0580318 0 0.197611
0.0595893 0 0.0888859
0.0405869 0 0.063514
0.0350548 0 0.0859666
0.0973371 0 0.0423996
0.0157919 0 0.00907573
0.0911471 0 0.0974172
0.0883833 0 0.134268
0.0772665 0 0.138845
0.0764953 0 0.17186
0.0975 0 0
0.0842476 0 0.070763
0.0920179 0 0.138205
0.0233629 0 0.171485
0.0537673 0 0.133567
0.0876584 0 0.146795
0.0103698 0 0.170699
0.0102018 0 0.167637
0.0559398 0 0.0832802
0.0520095 0 0.0874755
0.0962329 0 0.014054
0.0100081 0 0.079104
0 0 0.1475
0.00621221 0 0.043851
0.00944442 0 0.0418351
0.00960419 0 0.0382268
0.0436493 0 0.0422555
0.0167494 0 0.0717955
0.016689 0 0.0386804
0.0165097 0 0.0683539
0.0779723 0 0.0636182
0.0788405 0 0.10742
0.0848155 0 0.10523
0.0803157 0 0.111173
0.0479622 0 0.173199
0.0163678 0 0.166635
0.0840225 0 0.164588
0.0821299 0 0.158682
0.00997632 0 0.0715532
0.00940386 0 0.0683398
0.0731353 0 0.0164581
0.00210174 0 0.092161
0.0452435 0 0.107895
0.0168281 0 0.108569
0.0164452 0 0.112612
0.016594 0 0.117901
0.0825226 0 0.0415969
0.00361961 0 0.196569
0.061496 0 0.0332653
0.0777344 0 0.0815899
0.0298178 0 0.168976
0.0798844 0 0.100941
0.0850859 0 0.0988364
0.0781878 0 0.0960693
0.0804539 0 0.132637
0.0580269 0 0.151954
0.0164877 0 0.0781435
0.0167032 0 0.178764
0.0717713 0 0.143883
0.0894067 0 0.0638517
0.011334 0 0.107807
0.0234042 0 0.0541505
0.0167281 0 0.0610841
0.0164578 0 0.0493868
0.0604552 0 0.182867
0.0578541 0 0.180681
0.0601613 0 0.186271
0.0293672 0 0.0677288
0.0617279 0 0.163315
0.085488 0 0.124004
0.0798391 0 0.123595
0.08215 0 0.117902
0.0168131 0 0.160338
0.0721659 0 0.109673
0.0311805 0 0.159786
0.00648043 0 0.176391
0.0127757 0 0.0429044
0.0166776 0 0.148482
0.0509493 0 0.0443273
0.0498429 0 0.0501317
0.0463776 0 0.0492174
0.0370999 0 0.197205
0.08367 0 0.0642835
0.0778349 0 0.0681298
0.0168129 0 0.122042
0.0730714 0 0.0551929
0.0129974 0 0.173105
0.1 0 0.0075
0.0570315 0 0.139496
0.0537049 0 0.139243
0.0580681 0 0.0304024
0.0834606 0 0.046318
0.0669563 0 0.100669
0.0673508 0 0.0973505
0.0425049 0 0.0379451
0.046246 0 0.0333792
0.0336561 0 0.0180083
0.0422701 0 0.158465
0.0236868 0 0.0274933
0.0167774 0 0.142994
0.0166326 0 0.128237
0.0735929 0 0.117844
0.0031046 0 0.142501
0.0371844 0 0.0386023
0.0133845 0 0.184155
0.0870586 0 0.11421
0.0680367 0 0.154216
0.0681231 0 0.0450722
0.0301677 0 0.0525245
0.00607494 0 0.104468
0.0586513 0 0.148467
0.012534 0 0.0160854
0.0767942 0 0.0556602
0.0376068 0 0.00861011
0.0908318 0 0.026486
0.0358667 0 0.0726491
0.0641597 0 0.177629
0.0846739 0 0.191303
0.083712 0 0.0256956
0.00291325 0 0.191463
0.0127949 0 0.154314
0.00625471 0 0.0776487
0.0672418 0 0.0245057
0.0405032 0 0.0487716
0.0344433 0 0.048833
0.0399712 0 0.0444792
0.0380669 0 0.0789001
0 0 0.1375
0.0289345 0 0.114324
0.067738 0 0.0514301
0.06966 0 0.0647261
0.090256 0 0.152171
0.092864 0 0.0317521
0.0407429 0 0.0820929
0.0373175 0 0.0194112
0.0432143 0 0.019454
0.0609102 0 0.0162711
0.00279767 0 0.16141
0.1 0 0.1875
0.0229791 0 0.103734
0.0745105 0 0.0807272
0.0109893 0 0.0617447
0.0129152 0 0.0774306
0.031198 0 0.101521
0.0481422 0 0.167088
0.074955 0 0.0864884
0.0837201 0 0.154193
0.0337314 0 0.061929
0.00299824 0 0.0716483
0.0751439 0 0.192409
0.0171869 0 0.0821902
0.0317423 0 0.193732
0.0125611 0 0.148043
0.0398721 0 0.0530931
0.0165426 0 0.0324126
0.0116326 0 0.11745
0.0517816 0 0.0655085
0.034413 0 0.132662
0.00311193 0 0.13868
0.0685816 0 0.115203
0.069131 0 0.160369
0.0165536 0 0.132552
0.0171715 0 0.139177
0.0703794 0 0.187526
0.0131087 0 0.16557
0.0871907 0 0.175001
0.00322754 0 0.0109767
0.0672999 0 0.166713
0.022795 0 0.136774
0.0164739 0 0.0268156
0.0820566 0 0.178818
0.089206 0 0.100002
0.0232982 0 0.0899859
0.0787005 0 0.116975
0.0439291 0 0.141882
0.0352244 0 0.11523
0.085384 0 0.00544212
0.0486329 0 0.114831
0.0437279 0 0.0632918
0.0650638 0 0.0302171
0.090232 0 0.192741
0.0875 0 0.2
0.0900013 0 0.196845
0.0028432 0 0.00330919
0.0122633 0 0.113183
0.0168381 0 0.10437
0.0616037 0 0.0756841
0.0885683 0 0.0830821
0.0855562 0 0.0398303
0.0705823 0 0.0745495
0.0780065 0 0.0924224
0.0841551 0 0.0919011
0.0789922 0 0.0884707
0.0126075 0 0.0660287
0.039478 0 0.163984
0.0282755 0 0.187316
0.0863462 0 0.0863217
0.0841888 0 0.0803186
0.069881 0 0.181077
0.0478299 0 0.160467
0.0488 0 0.156671
0.0166318 0 0.0207266
0.0168985 0 0.0922159
0.0565466 0 0.0063196
0.0525 0 0
0.0509884 0 0.00309951
0.0934367 0 0.131418
0.0926519 0 0.12556
0.0593497 0 0.02167
0.00647125 0 0.0839275
0.0905351 0 0.0900114
0.0935664 0 0.0850616
0.0938518 0 0.091566
0.0419639 0 0.197893
0.0132336 0 0.133581
0.0857644 0 0.197084
0.0229317 0 0.0350378
0.0540272 0 0.185351
0.0636459 0 0.141862
0.0517574 0 0.179117
0.0325821 0 0.139767
0.0167359 0 0.0986119
0.0725454 0 0.0960716
0.012988 0 0.137232
0.0464116 0 0.192424
0.00322492 0 0.170932
0.0847051 0 0.0297856
0.0296759 0 0.0058809
0.0649628 0 0.148281
0.0680268 0 0.173016
0.0285045 0 0.0926401
0.0947054 0 0.188414
0.0295321 0 0.0312687
0.0408064 0 0.0578904
0.00741245 0 0.133781
0.0635874 0 0.181292
0.0111505 0 0.142498
0.011006 0 0.12887
0.0509759 0 0.069076
0.0104985 0 0.0523967
0.0899096 0 0.103178
0.00725995 0 0.182979
0.00266579 0 0.180113
0.0623612 0 0.192671
0.0558032 0 0.145679
0.0626911 0 0.116188
0.0627028 0 0.120106
0.0622368 0 0.111976
0.0627476 0 0.106062
0.0660751 0 0.107246
0.0774615 0 0.0602505
0.0727192 0 0.0131008
0.0272518 0 0.157878
0.0632639 0 0.067889
0.0906877 0 0.127899
0.05542 0 0.0904442
0.0913662 0 0.0414064
0.0919758 0 0.0379576
0.02267 0 0.0234365
0.0228177 0 0.0804751
0.0647159 0 0.0734274
0.0553783 0 0.163474
0.0396311 0 0.170042
0.0972532 0 0.129602
0.0561424 0 0.0364303
0.057427 0 0.0434215
0.0539655 0 0.0424493
0.0535535 0 0.0391667
0.0128493 0 0.0365725
0.0482139 0 0.06052
0.0488325 0 0.0247543
0.0466847 0 0.0296468
0.0788812 0 0.00299876
0.0364625 0 0.154833
0.0228599 0 0.0848061
0.0166218 0 0.0892792
0.00676005 0 0.0364575
0.040383 0 0.0320962
0.0131704 0 0.0329788
0.0131191 0 0.0264899
0.0907731 0 0.145269
0.00746472 0 0.0893897
0.0968446 0 0.0896634
0.0233637 0 0.178074
0.050062 0 0.111747
0.047048 0 0.136114
0.0643602 0 0.0614834
0.027415 0 0.0643526
0.0399128 0 0.110138
0.041153 0 0.119543
0.0397534 0 0.123198
0.0355763 0 0.119292
0.0932893 0 0.0131443
0.00901603 0 0.0928878
0.0679616 0 0.120668
0.097121 0 0.165481
0.0232822 0 0.153279
0.00890771 0 0.118474
0.0880667 0 0.0422797
0.0553708 0 0.025488
0.0705051 0 0.0830552
0.0738292 0 0.16686
0.0122634 0 0.0738998
0.0381525 0 0.178033
0.00322943 0 0.129127
0.00770621 0 0.12824
0.0804986 0 0.165431
0.0227285 0 0.060873
0.0674416 0 0.124375
0.0934482 0 0.0742786
0.0792742 0 0.0311131
0.00762693 0 0.0319936
0.0077563 0 0.142517
0.00717782 0 0.137349
0.0298522 0 0.128563
0.0274244 0 0.126208
0.0281828 0 0.131964
0.00341593 0 0.0311784
0.00918983 0 0.0276333
0.047481 0 0.0745547
0.0525869 0 0.0786317
0.0447895 0 0.101558
0.0497218 0 0.104259
0.0484075 0 0.10129
0.0493039 0 0.184028
0.0396748 0 0.129138
0.0549557 0 0.196975
0.04449 0 0.131429
0.0872424 0 0.0464564
0.0578712 0 0.0648746
0.0565572 0 0.0679882
0.0674461 0 0.163518
0.0034275 0 0.0890852
0.0908762 0 0.0799501
0.00848922 0 0.0180752
0.0123115 0 0.189371
0.0251332 0 0.0731207
0.0175545 0 0.0523899
0.0131603 0 0.0222627
0.0924588 0 0.178966
0.00904595 0 0.0985941
0.0364688 0 0.0279616
0.0568458 0 0.191131
0.0741728 0 0.112667
0.0733704 0 0.121021
0.0128727 0 0.103924
0.0132826 0 0.0981628
0.0509838 0 0.141246
0.0120665 0 0.195866
0.0256109 0 0.0790811
0.0747223 0 0.19739
0.043589 0 0.137584
0.0223869 0 0.181756
0.023016 0 0.0395711
0.0938083 0 0.0252709
0.052099 0 0.090528
0.0132386 0 0.123609
0.0780165 0 0.15727
0.00718602 0 0.123639
0.096981 0 0.0959309
0.0363316 0 0.142349
0.0966291 0 0.101398
0.0331363 0 0.182844
0.0701392 0 0.0181411
0.0282595 0 0.0888462
0.1 0 0.1375
0.0825492 0 0.0840726
0.0521435 0 0.030416
0.0825376 0 0.1376
0.0754323 0 0.107519
0.0793378 0 0.00654138
0.0760893 0 0.00773371
0.097075 0 0.145096
0.0398756 0 0.0356948
0.0139237 0 0.00277104
0.0820748 0 0.174859
0.0790192 0 0.168943
0.0549146 0 0.103951
0.0731117 0 0.0991993
0.0789288 0 0.149658
0.0459208 0 0.11641
0.0382121 0 0.102604
0.0318527 0 0.0117167
0.077656 0 0.113508
0.0125845 0 0.0875808
0.012933 0 0.0931307
0.00593885 0 0.0648009
0.0466716 0 0.147133
0.0427956 0 0.175192
0.0696988 0 0.151483
0.0169377 0 0.156964
0.0689088 0 0.0548002
0.00614349 0 0.197424
0.0230265 0 0.192207
0.00691988 0 0.0127908
0.00854113 0 0.00708536
0.0458177 0 0.00324746
0.0758383 0 0.181666
0.0520618 0 0.155872
0.0636891 0 0.0362796
0.0973387 0 0.0694343
0.1 0 0.0675
0.0478703 0 0.0707361
0.092279 0 0.0589133
0.0324153 0 0.154205
0.0735128 0 0.0467515
0.0275181 0 0.0582892
0.0490956 0 0.1902
0.0239387 0 0.0969121
0.0753592 0 0.148983
0.0871107 0 0.0927781
0.00688439 0 0.0226166
0.0059084 0 0.117123
0.031185 0 0.0800601
0.0628006 0 0.00692593
0 0 0.0875
0.0707977 0 0.178289
0.0228084 0 0.122537
0.0280511 0 0.0370843
0.0920789 0 0.0475283
0.0445403 0 0.00628117
0.0638781 0 0.0891588
0.0883125 0 0.118097
0.00244149 0 0.147382
0.070378 0 0.101577
0.0363574 0 0.183877
0.00716437 0 0.171725
0.0661665 0 0.136051
0.067963 0 0.13337
0.0679889 0 0.13855
0.0352708 0 0.164896
0.034659 0 0.148568
0.056922 0 0.155037
0.0837194 0 0.0607805
0.0587506 0 0.0856258
0.0612278 0 0.176226
0.055973 0 0.0772455
0.0968244 0 0.0348436
0.0750762 0 0.0625904
0.0229377 0 0.156464
0.0740639 0 0.0916391
0.0761447 0 0.187045
0.0781014 0 0.184465
0.0820984 0 0.0149244
0.0230591 0 0.140846
0.0789871 0 0.0159957
0.0231716 0 0.107782
0.0465976 0 0.15392
0.045536 0 0.119872
0.062641 0 0.15703
0.0095246 0 0.19286
0.0433283 0 0.110687
0.0446765 0 0.161227
0.0227761 0 0.197621
0.0588484 0 0.111881
0.0392815 0 0.137567
0 0 0.1875
0.0459771 0 0.182071
0.0367656 0 0.0429538
0.0515153 0 0.0474367
0.00611787 0 0.0161423
0.00699205 0 0.0728804
0.0564531 0 0.160126
0.0973859 0 0.13891
0.0571109 0 0.0468932
0.0664993 0 0.186116
0.0547331 0 0.10743
0.023029 0 0.0105374
0.016786 0 0.0109892
0.0608074 0 0.0812367
0.0970953 0 0.056372
0.0277044 0 0.0405392
0.0393909 0 0.160105
0.0273119 0 0.0852556
0.0766689 0 0.0712072
0.096664 0 0.0760417
0.0968252 0 0.0793015
0.0939312 0 0.0809001
0.0312003 0 0.0424667
0.0484205 0 0.177183
0.0757901 0 0.0309809
0.0584265 0 0.177844
0.1 0 0.1975
0.0787054 0 0.174524
0.0257581 0 0.104368
0.025568 0 0.137128
0.026967 0 0.142685
0.0653165 0 0.086019
0.0927737 0 0.00199712
0.0165735 0 0.0583328
0.0258 0 0.00947049
0.0806608 0 0.0344182
0.0878488 0 0.159456
0.0644504 0 0.0765004
0.0789089 0 0.0191664
0.0401116 0 0.18882
0.0282549 0 0.0219625
0.0643788 0 0.0411672
0.0796121 0 0.120213
0.0269747 0 0.0702765
0.0302694 0 0.0712352
0.0295174 0 0.0749408
0.0623703 0 0.100851
0.0519793 0 0.0960318
0.0222244 0 0.0879747
0.0494883 0 0.0551868
0.0531885 0 0.0597121
0.0442562 0 0.0579268
0.0532536 0 0.0559938
0.0471032 0 0.0925855
0.0487792 0 0.0958285
0.0437656 0 0.0966537
0.0261693 0 0.0149292
0.00265922 0 0.10991
0.0223746 0 0.0422008
0.0228381 0 0.0189742
0.0974023 0 0.00292191
0.0448938 0 0.0837235
0.0411447 0 0.0878745
0.016656 0 0.00278816
0.0445372 0 0.172451
0.0949085 0 0.171283
0.0978477 0 0.172522
0.0870475 0 0.0692394
0.057324 0 0.187859
0.0880874 0 0.0150592
0.0491177 0 0.121126
0.0776624 0 0.133241
0.0817209 0 0.185101
0.0632958 0 0.047298
0.0277009 0 0.154374
0.0700054 0 0.156925
0.0925 0 0.2
0.0972522 0 0.0458811
0.0696406 0 0.0955407
0.0695957 0 0.194261
0.0713281 0 0.1972
0.0809569 0 0.0549402
0.0129095 0 0.0845521
0.0728278 0 0.161253
0.09249 0 0.159032
0.0897117 0 0.0735819
0.0944938 0 0.16124
0.0667647 0 0.127798
0.0621096 0 0.124377
0.0268995 0 0.110191
0.0859065 0 0.108147
0.0908685 0 0.108962
0.0394147 0 0.0729264
0.0265386 0 0.197725
0.0431738 0 0.128685
0.0450273 0 0.126054
0.0971792 0 0.0288277
0 0 0.1125
0.0801462 0 0.194976
0.0792008 0 0.0739107
0.0870536 0 0.0117833
0.0673352 0 0.0353347
0.0830981 0 0.101528
0.0705812 0 0.00301191
0.09747 0 0.0597234
0.0939386 0 0.0551453
0.0970308 0 0.00635517
0.0818248 0 0.0514032
0.0321917 0 0.0882433
0.0382852 0 0.0906708
0.033553 0 0.0921782
0.00652114 0 0.156548
0.00816803 0 0.16199
0.00768861 0 0.0623853
0.0453597 0 0.0660141
0.0119792 0 0.0129039
0.0607373 0 0.0106149
0.0304812 0 0.18489
0.062752 0 0.135956
0.01791 0 0.186206
0.0948604 0 0.0610352
0.0539542 0 0.00875089
0.00278777 0 0.186228
0.0175638 0 0.115238
0.0975 0 0.2
0.00678243 0 0.15142
0.00280378 0 0.150768
0.00842426 0 0.148408
0.0606767 0 0.173196
0.0273019 0 0.0193987
0.0538989 0 0.00281581
0.0480141 0 0.0780678
0.0693783 0 0.0064761
0.0680942 0 0.081236
0.0730314 0 0.127187
0.0839732 0 0.0342528
0.0947903 0 0.0640349
0.0920949 0 0.0688723
0.00621717 0 0.18594
0.092155 0 0.185631
0.0531729 0 0.147317
0.0559401 0 0.0735292
0.0440669 0 0.0930655
0.057817 0 0.103239
0.0536834 0 0.0986469
0.0320302 0 0.0226408
0.0374741 0 0.0223955
0.047445 0 0.0182319
0.0974781 0 0.0655218
0.0456865 0 0.0458359
0.0435752 0 0.048311
0.0388367 0 0.0665242
0.0637805 0 0.0174023
0.0525 0 0.2
0.0407107 0 0.096985
0.0346208 0 0.159955
0.0533161 0 0.125081
0.0578078 0 0.128279
0.0544851 0 0.128481
0.0526049 0 0.164431
0.0570825 0 0.0561665
0.0610664 0 0.0605603
0.0627172 0 0.055415
0.062598 0 0.0524322
0.0526754 0 0.136332
0.0519803 0 0.0145654
0.0644529 0 0.0504147
0.0969867 0 0.115634
0.1 0 0.1175
0.0577217 0 0.120896
0.0578581 0 0.116118
0.0545564 0 0.119846
0.0408183 0 0.15318
0.0439021 0 0.148624
0.0475 0 0
0.0479153 0 0.126472
0.0430765 0 0.169693
0.0222903 0 0.14987
0.0221897 0 0.0749944
0.07932 0 0.159724
0.0733404 0 0.173252
0.0456471 0 0.0550058
0.039368 0 0.0937173
0.043911 0 0.114227
0.0775 0 0.2
0.0481505 0 0.0389864
0.0517038 0 0.0335968
0.0490251 0 0.13008
0.0319035 0 0.0770103
0.0971643 0 0.151141
0.0568026 0 0.094307
0.0849437 0 0.119763
0.0835811 0 0.114833
0.0539133 0 0.112352
0.0131611 0 0.00987986
0.030932 0 0.0491805
0.0695661 0 0.10694
0.0836719 0 0.194479
0.0942834 0 0.197545
0.0933823 0 0.191597
0.0612767 0 0.0640694
0.0178567 0 0.0659442
0.0444913 0 0.0868558
0.0536287 0 0.0170011
0.0179689 0 0.174459
0.00618626 0 0.110366
0.0297605 0 0.111369
0.0169935 0 0.0454754
0.069199 0 0.0779675
0 0 0.1825
0.0338065 0 0.11121
0.1 0 0.0475
0 0 0.1525
0.0407557 0 0.115607
0.0391377 0 0.0850591
0.0222663 0 0.0131308
0.00786895 0 0.107426
0.0728355 0 0.0653901
0.0936487 0 0.148016
0.0729195 0 0.0498824
0.0785403 0 0.0499305
0.0787329 0 0.0466809
0.0622068 0 0.16843
0.033188 0 0.129636
0.0447153 0 0.167195
0.0666119 0 0.141543
0.0945627 0 0.142647
0.0974552 0 0.176031
0.0701683 0 0.0424847
0.0693478 0 0.0396589
0.0320465 0 0.150815
0.0705092 0 0.0293438
0.0711148 0 0.0346264
0.074462 0 0.0335323
0.0768171 0 0.122171
0.0455854 0 0.03664
0.0847887 0 0.161146
0.0691001 0 0.0872047
0.0733322 0 0.0432537
0.0227544 0 0.0474803
0.0178639 0 0.125576
0.0480161 0 0.0831847
0.0531032 0 0.0819447
0.0349626 0 0.07605
0.0748719 0 0.13229
0.0708592 0 0.129665
0.076063 0 0.128053
0.1 0 0.0575
0.1 0 0.1475
0.062268 0 0.127976
0.065343 0 0.110501
0.0719696 0 0.140862
0.0687591 0 0.144088
0.0594534 0 0.0403924
0.0812103 0 0.147542
0 0 0.1725
0.1 0 0.0975
0.071259 0 0.104307
0.0795398 0 0.127295
0.0842842 0 0.128665
0.0808017 0 0.094073
0.0739971 0 0.156355
0.0608142 0 0.0979808
0.0381203 0 0.132536
0.0785041 0 0.197379
0.0179104 0 0.146737
0.0409946 0 0.150259
0.0435671 0 0.0811455
0.0471013 0 0.132659
0.0605349 0 0.0270713
0.1 0 0.0875
0.087555 0 0.0756716
0.0686499 0 0.0693554
0.071221 0 0.0707168
0.0221734 0 0.174285
0.0431471 0 0.0279257
0.0738746 0 0.152633
0.0796573 0 0.152772
0.0576151 0 0.168301
0.054729 0 0.169522
0.0291432 0 0.00280966
0.0275 0 0
0.0263092 0 0.00220466
0.0733307 0 0.17665
0.0726304 0 0.182875
0.039963 0 0.192157
0.0374649 0 0.193676
0.034819 0 0.192177
0.0899369 0 0.174395
0.0890874 0 0.0244051
0.0876672 0 0.0300624
0.0895791 0 0.0704773
0.0399823 0 0.0764717
0.0574034 0 0.0982292
0.00343236 0 0.119772
0.0103528 0 0.0577653
0.00709983 0 0.0573706
0.00586398 0 0.0598821
0.0837588 0 0.142395
0 0 0.1075
0.00268392 0 0.105829
0.0402223 0 0.00993851
0.0978041 0 0.186529
0.0936034 0 0.114841
0.0316971 0 0.165942
0.0252265 0 0.173161
0.0536809 0 0.0677061
0.0529723 0 0.0628465
0.0254113 0 0.165887
0.0271416 0 0.16341
0.0176928 0 0.0077051
0.0181061 0 0.0343309
0.0493567 0 0.170248
0.0896385 0 0.180147
0.0894514 0 0.183144
0.0862602 0 0.184074
0.0127995 0 0.144939
0.0775 0 0
0.0621139 0 0.13263
0.0682806 0 0.148276
0.0250964 0 0.0562585
0.0707484 0 0.17127
0.0178007 0 0.0760178
0.0178315 0 0.0136534
0.0418182 0 0.0120901
0.0163141 0 0.181489
0.00891599 0 0.177889
0.0548054 0 0.181215
0.0978008 0 0.156944
0.0972363 0 0.159485
0.0347505 0 0.0138072
0.0574741 0 0.165395
0.00633003 0 0.191483
0.0361117 0 0.123215
0.0922094 0 0.065779
0.0761448 0 0.168844
0.0972298 0 0.0487917
0.0941684 0 0.0502693
0.00722624 0 0.0469906
0.00254171 0 0.0452907
0 0 0.0475
0.00274636 0 0.0492651
0.00566989 0 0.0500707
0.00696993 0 0.0525133
0.0026315 0 0.063546
0.00268021 0 0.0603861
0.0429595 0 0.164408
0.0865759 0 0.0201658
0.0670281 0 0.0635708
0.0279592 0 0.0507209
0.0269169 0 0.0453754
0.0301069 0 0.0460116
0.0536674 0 0.0849058
0.0808058 0 0.00957485
0.0605835 0 0.0940292
0.0642109 0 0.0933093
0.0337147 0 0.0998825
0.0509017 0 0.0381603
0.0618632 0 0.083988
0.0254463 0 0.191868
0.0251796 0 0.160867
0.0224588 0 0.0569716
0.00791277 0 0.00205822
0.1 0 0.1825
0.0948536 0 0.120792
0.0974001 0 0.118872
0.0627742 0 0.171285
0.0801784 0 0.0216486
0.0743986 0 0.104857
0.0263656 0 0.115189
0.0299112 0 0.116903
0.0262323 0 0.120262
0.0647779 0 0.0198523
0.0418916 0 0.0147347
0.0981182 0 0.112404
0.0937502 0 0.109764
0.00322416 0 0.0246523
0.1 0 0.1075
0.0973281 0 0.106317
0.094966 0 0.123962
0.1 0 0.1675
0.00267358 0 0.0555668
0 0 0.0575
0.00556862 0 0.054999
0.0177023 0 0.0850876
0.1 0 0.0725
0.0364604 0 0.0991222
0.0945347 0 0.0708665
0.0269525 0 0.0765095
0.0978361 0 0.178585
0.0926521 0 0.175853
0.1 0 0.0275
0.0178139 0 0.136947
0.00228273 0 0.194246
0.084661 0 0.089098
0.0920297 0 0.105152
0.0384626 0 0.10752
0.0390609 0 0.0047597
0.0343514 0 0.188887
0.069068 0 0.0905621
0.0111461 0 0.0184593
0.0281593 0 0.180408
0.0948212 0 0.0196716
0.0798722 0 0.190283
0.0889071 0 0.139769
0.0285755 0 0.0988688
0.0288661 0 0.0958591
0.026342 0 0.0946243
0.0729521 0 0.186145
0 0 0.1275
0.0222847 0 0.0513297
0.0132807 0 0.127112
0.0266968 0 0.0609476
0.087228 0 0.178283
0.0658446 0 0.0911781
0.1 0 0.1275
0.0580417 0 0.0159757
0.0613695 0 0.0134346
0.03503 0 0.177436
0.089029 0 0.00968426
0.0881924 0 0.00679241
0.0255081 0 0.186573
0.0318724 0 0.179463
0.0177813 0 0.164516
0.0294685 0 0.146233
0.0325629 0 0.145483
0.0393445 0 0.0604715
0.0851941 0 0.0741247
0.0507444 0 0.173091
0.026631 0 0.147842
0.0273605 0 0.151701
0 0 0.0325
0.0523598 0 0.0262018
0.0270541 0 0.175829
0.00773126 0 0.165545
0.0947302 0 0.0372583
0.0940146 0 0.0984196
0.0453402 0 0.0605137
0.0714641 0 0.0859039
0 0 0.0675
0.00302057 0 0.0688564
0.061852 0 0.197798
0.0923499 0 0.0102259
0.0942776 0 0.00774288
0.086871 0 0.16533
0.0480991 0 0.00241015
0.0295899 0 0.189622
0.0583158 0 0.124275
0.1 0 0.1925
0.0546282 0 0.116199
0.0786281 0 0.192807
0.017771 0 0.193366
0.00351524 0 0.0795975
0.00827495 0 0.101974
0.0897494 0 0.0322132
0.0716318 0 0.0378027
0 0 0.1975
0 0 0.0025
0.0225 0 0
0.0370317 0 0.187211
0.0976552 0 0.0233926
0.0974933 0 0.0209192
0.0665228 0 0.175558
0.0346143 0 0.00281977
0.091032 0 0.0157258
0.0890614 0 0.0214339
0.0572526 0 0.194612
0.0593264 0 0.192501
0.0301017 0 0.163191
0.0500795 0 0.124188
0.0652991 0 0.00354953
0.0725673 0 0.135375
0.0849595 0 0.00255185
0.0178387 0 0.0188371
0.00377014 0 0.0944741
0.0894712 0 0.112286
0.0579919 0 0.059417
0.0221831 0 0.11313
0.0886688 0 0.168679
0.0622797 0 0.144386
0.0575185 0 0.14238
0.0623194 0 0.139358
0.0833202 0 0.13171
0.0349415 0 0.107563
0.0399091 0 0.105027
0.060052 0 0.106067
0.0256791 0 0.131628
0.0140191 0 0.062584
0.0707782 0 0.138277
0.0677284 0 0.112264
0.002236 0 0.0999576
0.0495108 0 0.0636408
0.0674301 0 0.00960291
0.0848087 0 0.179877
0.0764251 0 0.00221588
0.0323407 0 0.0546996
0.0852567 0 0.135286
0.0897892 0 0.136662
0.0022896 0 0.164384
0.027595 0 0.00734503
0.065638 0 0.179878
0.0576261 0 0.0807936
0.00529489 0 0.00652419
0.0597585 0 0.00521804
0.0601096 0 0.00253807
0.0625 0 0
0.0313357 0 0.133819
0.0386436 0 0.140731
0.0323908 0 0.171129
0.0344802 0 0.174537
0.0299258 0 0.175562
0.0129623 0 0.0454894
0.0269206 0 0.167759
0.0752768 0 0.0971331
0.0900814 0 0.121169
0.0224188 0 0.187058
0.0655097 0 0.172144
0.0862153 0 0.0592769
0.0867416 0 0.0651332
0.00617896 0 0.0673833
0.0365315 0 0.0531839
0.072222 0 0.1151
0.0396548 0 0.174529
0.0621048 0 0.0213956
0.0565483 0 0.0206726
0.0589074 0 0.0188093
0.0585925 0 0.0246929
0.0541827 0 0.0231498
0.0222304 0 0.162192
0.0220493 0 0.164567
0.0729458 0 0.147129
0.0411666 0 0.102092
0.0025298 0 0.0855022
0.0220806 0 0.0775889
0.0102806 0 0.156111
0.0630529 0 0.187405
0.0167914 0 0.106501
0.0652627 0 0.0957475
0.00249715 0 0.0397351
0.0761237 0 0.0837922
0.0822348 0 0.0678602
0 0 0.0625
0.1 0 0.1575
0.1 0 0.1525
0.0725 0 0.2
0.1 0 0.1025
0 0 0.1625
0 0 0.1425
0.0375 0 0.2
0 0 0.0125
0 0 0.0175
0.0325 0 0.2
0 0 0.1325
0 0 0.1675
0 0 0.0725
0 0 0.0775
0 0 0.0825
0.1 0 0.1425
0.1 0 0.1225
0.1 0 0.1625
0 0 0.0075
0.1 0 0.0325
0.0675 0 0
0 0 0.0975
0 0 0.1025
0.0725 0 0
0.0675 0 0.2
0 0 0.1775
0 0 0.0375
0 0 0.0425
0.1 0 0.0625
0.0825 0 0
0.1 0 0.0925
0.0825 0 0.2
0.0325 0 0
0.1 0 0.1325
0.0875 0 0
0.1 0 0.1775
0 0 0.1925
0.1 0 0.0225
0.0225 0 0.2
0.1 0 0.0175
0.0219853 0 0.117437
0.0222671 0 0.0681345
0.0177995 0 0.169494
0.0178882 0 0.197776
0.0181684 0 0.0246935
0.0218941 0 0.127604
0.0180979 0 0.0964836
0.0219702 0 0.134687
0.0219839 0 0.194006
0.0115853 0 0.197983
0.0055425 0 0.00208605
0.0182005 0 0.152545
0.0218789 0 0.00539547
0.015107 0 0.198007
0.0179141 0 0.0631176
0.0219706 0 0.0632729
0.0180147 0 0.134413
0.0180605 0 0.110497
0.0219564 0 0.0716961
0.0218862 0 0.169392
0.0179674 0 0.040873
0.0179714 0 0.080299
0.0218257 0 0.0964391
0.0218863 0 0.131259
0.018124 0 0.176664
0.0180249 0 0.101168
0.0181861 0 0.056574
0.0219188 0 0.145696
0.0182275 0 0.189865
0.0180837 0 0.0295244
0.0180181 0 0.0904142
0.0219352 0 0.0170027
0.0220913 0 0.189796
0.0218188 0 0.0926899
0.0179712 0 0.130532
0.017953 0 0.00501414
0.0220535 0 0.0827165
0.0217792 0 0.101689
0.0181523 0 0.144018
0.0218658 0 0.0304164
0.0182701 0 0.18249
0.021944 0 0.0255787
0.0218269 0 0.12081
0.0217258 0 0.0454375
0.0182982 0 0.0705592
0.0181996 0 0.120555
0.0115077 0 0.00170415
0.0216615 0 0.183604
0.021735 0 0.158423
0.0216882 0 0.0332978
0.0183003 0 0.161052
0.00821489 0 0.198222
0.0216629 0 0.138628
0.021828 0 0.0215919
0.0181252 0 0.0732817
0.0182537 0 0.0595781
0.0218227 0 0.0372594
0.0216514 0 0.105661
0.0220519 0 0.00221844
0.0184555 0 0.0474727
0.0218323 0 0.00861877
0.0217388 0 0.10955
0.0221155 0 0.176713
0.0182002 0 0.0365942
0.0216086 0 0.142468
0.021605 0 0.0494309
0.0217678 0 0.115351
0.0179984 0 0.123307
0.0179109 0 0.196021
0.0182257 0 0.155787
0.01836 0 0.0436837
0.0218476 0 0.166594
0.0217625 0 0.154368
0.021924 0 0.125542
0.0182873 0 0.0165501
0.0182001 0 0.0943581
0.0219212 0 0.151571
0.00250643 0 0.19823
0.0219611 0 0.0983338
0.01842 0 0.158467
0.0181967 0 0.0546331
0.0217082 0 0.0595336
0.0183408 0 0.184281
0.018236 0 0.191552
0.0218711 0 0.147415
0.00424652 0 0.198422
0.0181952 0 0.180731
0.0182858 0 0.141389
0.021702 0 0.0946037
0.00251359 0 0.00173777
0.0183351 0 0.171444
0.0184043 0 0.0264808
0.0183819 0 0.0503145
0.0181464 0 0.0226152
0.0216644 0 0.0663606
0.0216926 0 0.12953
0.0183421 0 0.113435
0.0184392 0 0.107366
0.0180509 0 0.167373
0.0214331 0 0.172371
0.0212296 0 0.179495
0.018819 0 0.06764
0.0180399 0 0.00969314
0.0181345 0 0.117311
0.0219907 0 0.0534412
0.0187811 0 0.0874682
0.0178976 0 0.150484
0.0211749 0 0.1365
0.0213528 0 0.103492
0.0187924 0 0.148755
0.00998246 0 0.00199931
0.0185794 0 0.0614444
0.0212401 0 0.0804272
0.0212456 0 0.0403526
0.0214447 0 0.028517
0.0187101 0 0.127586
0.0187982 0 0.104494
0.0213209 0 0.055223
0.0220384 0 0.111221
0.017929 0 0.00321177
0.0210996 0 0.192354
0.0187877 0 0.0994073
0.0188446 0 0.0323833
0.0186361 0 0.138645
0.021202 0 0.0896551
0.0185916 0 0.1786
0.0189392 0 0.0775482
0.0187074 0 0.0205295
0.018719 0 0.0825185
0.0211542 0 0.0853764
0.0187166 0 0.13249
0.0186139 0 0.0384424
0.0212394 0 0.0113468
0.0218502 0 0.19579
0.0145375 0 0.00132309
0.0213662 0 0.0186395
0.0211242 0 0.198572
0.0212297 0 0.185379
0.0212676 0 0.0233618
0.0188502 0 0.0122978
0.0212141 0 0.122561
0.0210811 0 0.0355924
0.0187095 0 0.0926042
0.0215919 0 0.16031
0.0212488 0 0.0615103
0.0190802 0 0.115804
0.0211766 0 0.0734882
0.0211913 0 0.0437582
0.0175819 0 0.00146866
0.019002 0 0.0524314
0.0190049 0 0.187506
0.00659584 0 0.19902
0.0190015 0 0.165837
0.0209363 0 0.075568
0.0210235 0 0.0145297
0.0209497 0 0.181376
0.0190389 0 0.163492
0.0191377 0 0.173373
0.0190604 0 0.0145713
0.0209504 0 0.162514
0.0209524 0 0.118461
0.0208707 0 0.0695325
0.020924 0 0.113454
0.0209904 0 0.156483
0.0188361 0 0.198814
0.0165759 0 0.198795
0.0209513 0 0.140541
0.0209427 0 0.107552
0.0209407 0 0.0784262
0.021006 0 0.0872964
0.0209318 0 0.187651
0.0210055 0 0.0475082
0.0191319 0 0.0653681
0.0191699 0 0.097512
0.0210576 0 0.1494
0.0210139 0 0.13351
0.0190342 0 0.00745552
0.0191542 0 0.14636
0.0208957 0 0.0576346
0.0105299 0 0.199104
0.0124535 0 0.199085
0.00658271 0 0.000903807
0.00437545 0 0.000835662
0.019204 0 0.153597
0.020969 0 0.00443658
0.0209259 0 0.00646415
0.019114 0 0.0753574
0.0190052 0 0.0855887
0.0207496 0 0.0645431
0.0189648 0 0.13555
0.0192422 0 0.109427
0.0191276 0 0.111568
0.0208154 0 0.170541
0.0209046 0 0.168422
0.0191339 0 0.0416534
0.0191162 0 0.0794425
0.0190472 0 0.0183141
0.0190494 0 0.193689
0.0191105 0 0.0455021
0.0191354 0 0.175537
0.0191591 0 0.102569
0.0191627 0 0.0575574
0.020885 0 0.144504
0.0192062 0 0.0305131
0.0191521 0 0.0284124
0.019223 0 0.125459
0.019022 0 0.0894055
0.0208901 0 0.190451
0.020824 0 0.0914728
0.0208243 0 0.174563
0.0208878 0 0.0516081
0.019206 0 0.129444
0.0207926 0 0.083544
0.0209729 0 0.100529
0.0192954 0 0.0345182
0.0191434 0 0.143423
0.0208693 0 0.0315009
0 0 0.00125
0 0 0.19875
0.02125 0 0
0.0207891 0 0.026585
0.0191196 0 0.0695416
0.0192672 0 0.0715407
0.01907 0 0.11953
0.0190183 0 0.1214
0.0125456 0 0.00102447
0.0191475 0 0.160355
0.019184 0 0.169439
0.0210805 0 0.0205394
0.0208502 0 0.0385292
0.0209717 0 0.0013044
0.0192282 0 0.0484777
0.0208878 0 0.00949857
0.0188559 0 0.00127715
0.020897 0 0.177586
0.0210819 0 0.116336
0.0190768 0 0.196537
0.0191413 0 0.156526
0.0210679 0 0.165558
0.0208686 0 0.153517
0.0209145 0 0.124563
0.0209179 0 0.126483
0.0191414 0 0.0954716
0.00124523 0 0.199044
0.0208481 0 0.0975077
0.0191044 0 0.055532
0.0191202 0 0.185365
0.0192471 0 0.183459
0.0192162 0 0.190579
0.0193118 0 0.0245288
0.0208698 0 0.146546
0.00340175 0 0.199267
0.0191787 0 0.1815
0.0191137 0 0.140477
0.0207946 0 0.0935785
0.0207999 0 0.0954712
0.00139139 0 0.00103165
0.0208523 0 0.0673633
0.0208033 0 0.13046
0.0208585 0 0.128563
0.0192295 0 0.106525
0.0207764 0 0.194738
0.0191041 0 0.0102919
0.019174 0 0.151248
0.0208697 0 0.137688
0.0209882 0 0.135471
0.0209763 0 0.104656
0.0209156 0 0.102528
0.0190695 0 0.150019
0.0104618 0 0.000876937
0.00909407 0 0.000844293
0.0190232 0 0.0604401
0.0190912 0 0.0625775
0.0209653 0 0.0815608
0.0209494 0 0.0415399
0.0209435 0 0.0295622
0.0208979 0 0.0540645
0.014498 0 0.19922
0.0208669 0 0.110639
0.0191105 0 0.00414297
0.0191522 0 0.100528
0.0207428 0 0.0715373
0.0191488 0 0.137592
0.0191246 0 0.177515
0.0189333 0 0.17962
0.0190158 0 0.0215763
0.0190405 0 0.0814657
0.0191061 0 0.0835358
0.019026 0 0.133555
0.0191051 0 0.131412
0.0191119 0 0.0396337
0.0191573 0 0.0374621
0.0210043 0 0.0124703
0.0155638 0 0.000888324
0.0208467 0 0.0175309
0.0209205 0 0.197001
0.02125 0 0.2
0.0208162 0 0.18438
0.0208784 0 0.0245233
0.0208732 0 0.0223769
0.0209067 0 0.121505
0.020831 0 0.0366051
0.0208164 0 0.0343565
0.0191439 0 0.0914486
0.0191606 0 0.0935705
0.0209012 0 0.159391
0.0208842 0 0.06255
0.020863 0 0.0603611
0.0191427 0 0.114441
0.0192363 0 0.117093
0.0208618 0 0.0446965
0.01789 0 0.0837184
0.0164362 0 0.0837133
0.0149182 0 0.0832158
0.0191934 0 0.0512971
0.0190842 0 0.0536045
0.0190669 0 0.188654
0.00536134 0 0.199191
0.00757642 0 0.19915
0.0192175 0 0.167075
0.0223346 0 0.132819
0.023785 0 0.131453
0.0100032 0 0.197788
0.020992 0 0.0745148
0.0208477 0 0.0765314
0.0133825 0 0.197887
0.021015 0 0.0156916
0.0221856 0 0.0998796
0.020861 0 0.182518
0.02093 0 0.180438
0.0190869 0 0.164579
0.0190496 0 0.16232
0.0191575 0 0.0735309
0.019054 0 0.1724
0.0190719 0 0.0134408
0.0190551 0 0.0156115
0.0210387 0 0.16142
0.0208529 0 0.163526
0.0209059 0 0.1196
0.0221991 0 0.0069513
0.0235018 0 0.0054316
0.0254355 0 0.00653096
0.0209407 0 0.112137
0.0208969 0 0.114505
0.0208637 0 0.15546
0.0209375 0 0.157469
0.017637 0 0.199013
0.0208541 0 0.141554
0.0209026 0 0.13953
0.0208867 0 0.108582
0.0208957 0 0.106495
0.0208862 0 0.0794337
0.0178597 0 0.119305
0.0160276 0 0.119738
0.0209436 0 0.0884467
0.0209766 0 0.0863996
0.0209492 0 0.186567
0.0208064 0 0.188587
0.0219939 0 0.086371
0.0234854 0 0.0864149
0.0251104 0 0.0850105
0.0208524 0 0.0484984
0.0208473 0 0.0465255
0.0222186 0 0.119086
0.0240563 0 0.117789
0.019204 0 0.0644574
0.0190869 0 0.0664565
0.0191426 0 0.0984478
0.0181109 0 0.098056
0.0210301 0 0.150525
0.020971 0 0.148449
0.0209868 0 0.13242
0.0191518 0 0.00641565
0.0190905 0 0.00875209
0.0192306 0 0.145435
0.0189623 0 0.147525
0.0208135 0 0.0585628
0.020967 0 0.056509
0.00941175 0 0.199137
0.0114673 0 0.199161
0.0033749 0 0.000865903
0.00382843 0 0.00199283
0.00543593 0 0.000846887
0.0191437 0 0.15461
0.0181767 0 0.15447
0.0169223 0 0.155415
0.015143 0 0.15614
0.0209845 0 0.00347174
0.0207762 0 0.00545462
0.0209419 0 0.00755539
0.0190788 0 0.0764291
0.0222053 0 0.00395624
0.0191176 0 0.0865226
0.0180946 0 0.0864203
0.017089 0 0.0874308
0.0150801 0 0.0875154
0.0191716 0 0.123409
0.0219281 0 0.0583781
0.0233033 0 0.0589364
0.0247759 0 0.0602804
0.0143168 0 0.118424
0.0208394 0 0.0655201
0.0218166 0 0.0649685
0.0192439 0 0.110478
0.0191109 0 0.112536
0.0179976 0 0.112066
0.0192192 0 0.10841
0.0182927 0 0.108797
0.0207835 0 0.169504
0.020936 0 0.167385
0.0219435 0 0.167671
0.0208805 0 0.171492
0.021941 0 0.170903
0.0191623 0 0.0426185
0.0180743 0 0.0424761
0.0191324 0 0.0785615
0.0180585 0 0.0786474
0.0191182 0 0.0174161
0.0190361 0 0.0193876
0.0190695 0 0.192547
0.0191861 0 0.194569
0.0191536 0 0.0445
0.019163 0 0.0464924
0.0182787 0 0.145342
0.0168523 0 0.144993
0.0151015 0 0.143874
0.0182082 0 0.00635472
0.0168482 0 0.00619166
0.015412 0 0.00720609
0.0137671 0 0.00588768
0.0192095 0 0.174455
0.0190145 0 0.103509
0.0180779 0 0.103024
0.0165503 0 0.197023
0.0191869 0 0.0585414
0.0180755 0 0.0580846
0.0208599 0 0.143427
0.0220283 0 0.143892
0.0192159 0 0.0294921
0.0190755 0 0.0274347
0.0179756 0 0.0279205
0.0191141 0 0.0314089
0.0180981 0 0.0310761
0.0219914 0 0.0790216
0.0183011 0 0.0644648
0.0169968 0 0.0643774
0.0159432 0 0.0630255
0.019055 0 0.126481
0.0191084 0 0.0884512
0.0180033 0 0.0885725
0.0208885 0 0.191359
0.0219953 0 0.191082
0.0220305 0 0.148624
0.0231649 0 0.14838
0.0221303 0 0.124036
0.0235684 0 0.124375
0.0249483 0 0.122792
0.0256358 0 0.124937
0.0209288 0 0.0905961
0.021973 0 0.0910539
0.0209125 0 0.175615
0.0208877 0 0.173483
0.0208134 0 0.0528106
0.020757 0 0.0504181
0.0190976 0 0.128549
0.0180091 0 0.128961
0.0208497 0 0.0844307
0.0218454 0 0.0841014
0.0209591 0 0.0994526
0.019119 0 0.0334949
0.0191097 0 0.0355371
0.0191784 0 0.142418
0.0181038 0 0.142562
0.0180641 0 0.0176345
0.0168988 0 0.0173617
0.0149008 0 0.0169637
0.0159776 0 0.0186352
0.0208699 0 0.032457
0.0219749 0 0.0318404
0.0209188 0 0.0275398
0.0220494 0 0.0271443
0.0192815 0 0.0705358
0.0190751 0 0.0686279
0.017965 0 0.0690552
0.0191901 0 0.120473
0.0190376 0 0.118363
0.0135125 0 0.000938894
0.0132802 0 0.00199293
0.0237015 0 0.098789
0.0256382 0 0.0991332
0.0191576 0 0.159376
0.0181319 0 0.159653
0.0172122 0 0.15859
0.0155725 0 0.158445
0.0149439 0 0.160695
0.0191478 0 0.168281
0.0191982 0 0.170554
0.0209144 0 0.0196144
0.0209153 0 0.039429
0.0219384 0 0.03886
0.0218166 0 0.163413
0.0231358 0 0.163564
0.0235765 0 0.165109
0.0237446 0 0.162281
0.021848 0 0.0467821
0.0229976 0 0.0460124
0.0244512 0 0.0474819
0.02285 0 0.0443503
0.0246039 0 0.0434743
0.0192291 0 0.0494661
0.0181842 0 0.048787
0.0217453 0 0.188593
0.0231182 0 0.188589
0.0237419 0 0.190177
0.0265785 0 0.18947
0.0175836 0 0.162404
0.0208576 0 0.0104167
0.0218176 0 0.0100089
0.0190364 0 0.00257626
0.00117418 0 0.0023766
0 0 0.00375
0.0014995 0 0.00411356
0.00143325 0 0.00575043
0.0209313 0 0.17851
0.0220126 0 0.178336
0.0208697 0 0.1174
0.0189875 0 0.197624
0.0191875 0 0.157586
0.0181851 0 0.15726
0.0208906 0 0.152506
0.0219214 0 0.152949
0.0208026 0 0.125514
0.0209554 0 0.123601
0.0192549 0 0.0964895
0.0192635 0 0.0565336
0.0191936 0 0.186436
0.0193222 0 0.184422
0.0191397 0 0.0234901
0.0192689 0 0.0255917
0.0227241 0 0.0733622
0.0208063 0 0.145497
0.0023619 0 0.199245
0.0193194 0 0.182495
0.0190799 0 0.139435
0.0180216 0 0.140122
0.0170522 0 0.141231
0.0157961 0 0.140352
0.0155015 0 0.138239
0.015315 0 0.142026
0.0134393 0 0.14272
0.0207133 0 0.0964906
0.0206923 0 0.0925035
0.0223355 0 0.0151951
0.0240537 0 0.0146885
0.0208686 0 0.0684623
0.0207423 0 0.127513
0.0192165 0 0.10554
0.0182989 0 0.105925
0.023796 0 0.149531
0.0233155 0 0.15127
0.0250631 0 0.152915
0.0208277 0 0.195759
0.0207608 0 0.193607
0.0191119 0 0.0112712
0.0182284 0 0.0112598
0.0173563 0 0.0123531
0.0157798 0 0.0121483
0.0147817 0 0.010919
0.0163213 0 0.0136253
0.0145003 0 0.0146106
0.0218202 0 0.141229
0.0227844 0 0.142314
0.024488 0 0.142272
0.0250907 0 0.144335
0.0218899 0 0.108194
0.0231114 0 0.109024
0.0246054 0 0.109292
0.0193619 0 0.152418
0.0207351 0 0.13451
0.0218717 0 0.10702
0.0232109 0 0.106082
0.0206858 0 0.101526
0.0218572 0 0.139996
0.0231879 0 0.13904
0.0206932 0 0.094491
0.00778125 0 0.000787928
0.0114979 0 0.00075966
0.0207967 0 0.0825284
0.0208668 0 0.0425943
0.0207469 0 0.0305286
0.024633 0 0.148103
0.0250142 0 0.146352
0.0234129 0 0.145246
0.0155167 0 0.199135
0.0135616 0 0.199072
0.0218674 0 0.155788
0.0232991 0 0.155082
0.0192296 0 0.101558
0.0219488 0 0.0199667
0.0208908 0 0.0724557
0.0209816 0 0.0705992
0.0191411 0 0.136564
0.0219364 0 0.157081
0.0231525 0 0.157717
0.0250206 0 0.158301
0.0243643 0 0.156691
0.0218667 0 0.114298
0.0229677 0 0.114701
0.0241012 0 0.113835
0.0226653 0 0.116058
0.023593 0 0.111952
0.0192792 0 0.180522
0.019334 0 0.176546
0.0229841 0 0.160939
0.0190478 0 0.0845001
0.0192294 0 0.0804878
0.0192843 0 0.130449
0.019296 0 0.134517
0.0191894 0 0.0405774
0.0209033 0 0.013491
0.0218254 0 0.0481559
0.0229776 0 0.0490294
0.00112093 0 0.197848
0 0 0.19625
0.00152028 0 0.196457
0.0181824 0 0.19467
0.0168037 0 0.195045
0.0153054 0 0.193798
0.0179983 0 0.172849
0.0165724 0 0.000890097
0.0124671 0 0.00242725
0.0127371 0 0.00392811
0.0113026 0 0.0030619
0.0189707 0 0.1224
0.0179649 0 0.121711
0.0169597 0 0.120745
0.0153873 0 0.121319
0.0159557 0 0.123412
0.0021537 0 0.188785
0.0207541 0 0.0214484
0.0206931 0 0.0255298
0.0222183 0 0.0700074
0.0160423 0 0.00180796
0.0152402 0 0.00266567
0.0164405 0 0.0042264
0.0146992 0 0.00411507
0.0218311 0 0.0763894
0.0231053 0 0.0763527
0.0234283 0 0.0781064
0.0239053 0 0.0749637
0.0256794 0 0.0750589
0.0272222 0 0.0743017
0.0206971 0 0.0375431
0.0193367 0 0.0945013
0.0192749 0 0.0904653
0.0190402 0 0.124388
0.0207195 0 0.0635322
0.026465 0 0.0431062
0.023173 0 0.0298953
0.00239699 0 0.0336965
0.00252093 0 0.126398
0.0175415 0 0.188308
0.09753 0 0.0089739
0.0982475 0 0.0119895
0.0192708 0 0.0545195
0.0179529 0 0.0151615
0.0192926 0 0.189575
0.00446312 0 0.199398
0.00312824 0 0.0051343
0.00446159 0 0.00391876
0.022725 0 0.020587
0.0235628 0 0.0218199
0.023865 0 0.0202509
0.0248662 0 0.0188921
0.0251451 0 0.0230249
0.0260969 0 0.0172453
0.027106 0 0.0238882
0.0271091 0 0.0265689
0.0209491 0 0.0774065
0.0231004 0 0.166681
0.02237 0 0.165709
0.0207413 0 0.016589
0.0206169 0 0.183446
0.0252633 0 0.110746
0.0192482 0 0.1614
0.0192124 0 0.0725518
0.0182733 0 0.0720356
0.0191803 0 0.0744288
0.0182185 0 0.0745328
0.0166964 0 0.0741589
0.0148163 0 0.073096
0.00240125 0 0.17363
0.0209201 0 0.164452
0.0181843 0 0.0460755
0.0173616 0 0.0471644
0.0182032 0 0.0449521
0.0170488 0 0.0439482
0.0152652 0 0.0439795
0.015228 0 0.0413152
0.0206933 0 0.120549
0.0208482 0 0.115401
0.0206886 0 0.158439
0.0207755 0 0.154542
0.0207057 0 0.138601
0.00237504 0 0.135792
0.0207519 0 0.109574
0.0206743 0 0.10555
0.020686 0 0.129522
0.0208486 0 0.189451
0.0207281 0 0.0456106
0.0191802 0 0.063592
0.0208266 0 0.147528
0.0207553 0 0.131444
0.0190923 0 0.00542508
0.019168 0 0.14452
0.0206683 0 0.0594636
0.0084865 0 0.199345
0.0024236 0 0.000756478
0.0192095 0 0.155497
0.0208639 0 0.00248614
0.0207435 0 0.00852065
0.0978105 0 0.183829
0.0975505 0 0.189122
0.0207198 0 0.0664325
0.0208472 0 0.166503
0.0192988 0 0.0165049
0.01907 0 0.19544
0.0192708 0 0.191525
0.0192677 0 0.0435306
0.0193454 0 0.0474623
0.0193203 0 0.0594839
0.020686 0 0.142489
0.0193151 0 0.10751
0.0193222 0 0.113487
0.0207842 0 0.176589
0.020661 0 0.0494425
0.0208081 0 0.0984922
0.0193702 0 0.0365225
0.019238 0 0.141494
0.0206696 0 0.0334447
0.0193113 0 0.171516
0.00218777 0 0.0741438
0.0193885 0 0.0504316
0.0193401 0 0.158488
0.0208668 0 0.151552
0.0220297 0 0.180511
0.0228453 0 0.179555
0.0246803 0 0.178964
0.0267549 0 0.178332
0.024681 0 0.177155
0.0193757 0 0.0265303
0.019342 0 0.02249

CELLS 5795 23180
3 2126 2127 89
3 2604 110 111
3 1706 36 1707
3 2836 1699 2835
3 2869 165 2430
3 2472 2298 2707
3 1577 1571 399
3 553 933 1502
3 556 1151 1818
3 2360 3019 2708
3 938 939 469
3 1549 866 386
3 2959 1258 2958
3 2197 410 2120
3 1758 952 1285
3 2887 2463 2289
3 351 1550 934
3 1138 866 597
3 2900 2914 2698
3 800 1167 347
3 2927 1201 2747
3 1745 2857 2543
3 1594 912 471
3 1119 1788 620
3 1093 2024 2023
3 1487 593 1488
3 984 1601 1503
3 1787 879 2106
3 5 2651 2451
3 2499 97 96
3 1080 2177 2250
3 2754 2621 2372
3 2838 1802 639
3 2281 2453 2660
3 20 96 19
3 2010 2834 2408
3 2280 2846 2452
3 1679 674 884
3 2435 235 2617
3 2971 2508 2341
3 3017 3016 3018
3 2681 2461 2288
3 2478 1961 2729
3 1396 2100 394
3 1024 51 2253
3 2461 2677 2288
3 2605 257 256
3 2734 2384 2733
3 2694 1330 2693
3 2110 2784 2425
3 2886 2285 2557
3 1190 1798 720
3 1317 577 1193
3 2652 249 250
3 1395 722 1266
3 598 1080 974
3 1178 2655 1351
3 78 2254 1473
3 269 2699 2426
3 1306 648 1021
3 275 2553 274
3 2810 73 74
3 2138 2896 1103
3 2936 2354 2586
3 2337 2272 2702
3 1896 976 649
3 982 330 885
3 2420 70 2586
3 1473 1021 648
3 1566 1681 915
3 2688 2138 2352
3 200 201 2825
3 2603 109 2427
3 2832 2408 2833
3 2911 2403 2562
3 99 100 2548
3 1082 2901 2900
3 106 2832 2531
3 2743 2745 2744
3 2832 107 2408
3 2835 2834 2837
3 2790 701 2789
3 2189 1626 583
3 2502 97 2787
3 2362 2273 782
3 470 2698 2697
3 14 2403 2755
3 1414 2358 2650
3 2642 2371 1997
3 15 2562 2403
3 2950 2300 2563
3 2982 101 2641
3 2944 913 1743
3 2610 2186 1721
3 2994 112 2686
3 98 2988 2656
3 888 2913 2696
3 808 2084 22
3 1605 2899 2756
3 488 1162 898
3 6 2651 5
3 932 2310 1489
3 1414 2938 2937
3 2499 2145 2327
3 1068 95 2247
3 1832 1727 1147
3 9 10 2539
3 1808 1126 550
3 552 1508 1031
3 2837 2834 2010
3 732 1698 1721
3 94 1217 1165
3 1613 1160 406
3 2343 2743 1219
3 1613 406 1162
3 2371 1236 1997
3 2300 2950 2595
3 139 2690 2997
3 2926 1018 1702
3 2583 146 147
3 2037 2926 414
3 2400 134 2559
3 2767 134 2498
3 1397 2236 95
3 118 2568 2407
3 2502 19 96
3 1698 2786 2329
3 2707 2298 2473
3 2308 2544 2383
3 2739 131 3006
3 2767 135 134
3 2391 1998 1385
3 2746 127 2485
3 1565 1111 618
3 2942 669 2941
3 2745 582 2744
3 2497 115 2766
3 1010 551 905
3 1165 618 1642
3 1463 1067 574
3 2708 122 123
3 2124 605 1500
3 2709 2473 2298
3 2926 825 2777
3 1962 1502 1031
3 2642 2531 2371
3 2036 1882 1339
3 93 1138 1548
3 1508 1057 348
3 2887 2289 2559
3 838 350 1355
3 1259 742 2332
3 1031 1508 348
3 1385 2711 2391
3 2596 2347 2757
3 2634 2441 2713
3 742 1385 1998
3 1689 1356 509
3 2739 130 131
3 1114 801 553
3 2361 1294 2779
3 2746 2318 3008
3 118 2806 3020
3 2749 1329 2383
3 2150 758 1164
3 2979 2713 2283
3 2567 120 119
3 2400 1259 2332
3 1833 667 1365
3 2779 2778 2361
3 2048 1292 2007
3 2739 2332 1998
3 2858 125 2544
3 2328 2963 2962
3 2630 2334 3004
3 785 1290 2021
3 2025 2029 691
3 1277 499 1419
3 2283 2541 2979
3 36 1706 615
3 1720 2295 2704
3 2200 845 1609
3 2714 2283 2713
3 1845 1013 445
3 2324 2540 2380
3 1059 1858 1856
3 2635 1888 2441
3 1897 795 1893
3 2715 2283 2714
3 2843 2844 2330
3 1507 1256 642
3 941 1234 1901
3 1982 392 1131
3 2377 2306 1370
3 1509 607 1385
3 2623 184 183
3 2324 2703 2999
3 1875 1732 840
3 175 2884 2464
3 1689 872 594
3 2324 2704 2703
3 1580 679 1490
3 151 2803 2514
3 935 1518 1230
3 1270 645 2206
3 2048 2007 773
3 598 2140 1340
3 2007 504 875
3 1548 597 1542
3 164 2430 165
3 1470 1197 545
3 1298 347 1731
3 165 2490 164
3 211 2504 212
3 695 2032 1984
3 2031 1617 1020
3 2915 2947 2593
3 146 2583 3011
3 2178 862 1500
3 2313 2955 1258
3 172 2947 173
3 1800 1984 813
3 2592 169 2415
3 861 1550 1633
3 2127 645 1379
3 2592 1865 2422
3 2580 2397 2556
3 1818 1151 409
3 1424 370 1372
3 1730 1567 924
3 171 2455 170
3 2163 1047 1848
3 1452 2294 612
3 1378 506 1167
3 2684 173 174
3 660 1849 1223
3 2582 721 1769
3 2808 1865 2415
3 368 1291 1903
3 2440 2889 2630
3 2395 2659 172
3 2773 2889 2440
3 585 1352 1252
3 2576 155 2984
3 1433 1616 619
3 1739 1736 357
3 2718 2299 1506
3 2737 2596 2482
3 2634 160 2441
3 520 1221 1630
3 2661 181 182
3 313 1325 1257
3 974 2161 560
3 2571 130 129
3 2916 2220 2915
3 2275 1452 839
3 2856 178 177
3 2582 1381 2581
3 2917 1490 2712
3 802 1465 1544
3 2628 1735 2627
3 2242 647 1199
3 2550 2868 167
3 2573 2344 2411
3 480 1715 963
3 2826 2366 2223
3 661 2849 1715
3 1616 1524 1040
3 2758 2757 1639
3 2456 2071 2883
3 1796 631 941
3 2922 189 190
3 259 2961 260
3 2700 2701 2469
3 2398 181 180
3 1563 560 1272
3 2879 491 2877
3 2299 2923 2572
3 2092 2758 718
3 2573 188 189
3 2628 880 1735
3 2752 2751 2490
3 2952 1105 2845
3 2397 178 2556
3 1729 1302 500
3 2802 2442 2275
3 2269 2504 2878
3 202 2529 201
3 2975 200 2535
3 2675 2366 3001
3 914 1519 1682
3 1814 1042 1812
3 223 2824 2528
3 885 330 2020
3 2794 2269 2429
3 743 1587 2906
3 2057 711 1359
3 194 2636 193
3 1169 998 349
3 2622 2621 2904
3 2170 805 2083
3 368 1054 1576
3 2086 2101 882
3 2753 216 2493
3 2876 2335 2875
3 2793 3015 2369
3 2547 2330 2387
3 2303 2558 2399
3 1776 661 1169
3 1274 2366 2676
3 2073 641 1145
3 2336 2903 2902
3 1245 510 1851
3 2365 1810 1275
3 1267 2131 332
3 1987 1986 599
3 1194 1229 516
3 1589 1132 652
3 1557 1231 760
3 244 2378 243
3 2345 2638 1864
3 2390 2637 2636
3 2342 2724 999
3 2219 2243 1148
3 1556 982 885
3 584 2121 1248
3 1757 2156 674
3 1383 364 2003
3 2861 1226 2296
3 2669 572 1386
3 3013 2345 2798
3 2904 2314 2903
3 2721 2353 2722
3 2716 1927 2474
3 2616 236 2435
3 2303 2885 2558
3 2722 1226 2859
3 1340 1903 682
3 2799 2828 1527
3 2870 2079 2458
3 2809 240 2471
3 1467 2818 2003
3 2809 2296 2519
3 716 1080 2250
3 2333 2705 3000
3 2399 2285 1392
3 2117 1215 379
3 2812 234 235
3 1226 2353 2296
3 776 946 1299
3 484 1717 1204
3 225 2480 224
3 2864 2613 2341
3 2740 237 238
3 2183 2169 1127
3 2676 2366 2675
3 2721 1864 2443
3 2458 230 231
3 447 1686 962
3 2644 243 2378
3 2569 2311 2409
3 2378 1308 2644
3 2611 206 2547
3 2902 218 2665
3 2633 2632 2269
3 1582 306 1516
3 2643 2692 2983
3 2981 226 2527
3 542 2221 1351
3 1408 1515 421
3 2987 2506 2338
3 2534 230 2847
3 2003 2694 740
3 2824 222 2510
3 2741 2484 2307
3 2607 215 214
3 2885 2303 2480
3 1556 885 408
3 743 2098 1587
3 1122 999 557
3 1536 1468 1137
3 2843 2330 2618
3 1654 655 1333
3 377 2121 1799
3 2800 2510 221
3 2426 2897 2602
3 2723 2409 1648
3 2818 609 2817
3 413 1933 908
3 2280 2653 1178
3 883 581 985
3 2654 2653 2338
3 2014 1448 868
3 650 2960 1021
3 967 2002 2001
3 1041 1812 402
3 1341 1286 512
3 1042 1351 402
3 322 1804 1593
3 584 842 2121
3 1680 297 1183
3 242 2644 2446
3 2424 276 2598
3 1358 2973 1389
3 877 1656 955
3 1389 1333 82
3 255 2574 2412
3 2797 2506 2796
3 2606 258 2428
3 2221 402 1351
3 1917 723 1662
3 2599 259 260
3 2462 264 263
3 2495 2953 2319
3 2598 275 2369
3 269 2478 270
3 798 2115 1097
3 2907 1809 688
3 2799 2341 2508
3 264 265 2496
3 2961 2769 2216
3 281 2515 280
3 2873 2047 1029
3 1317 371 1247
3 1953 1859 1188
3 2804 281 282
3 1917 1215 723
3 280 2805 279
3 1297 321 2222
3 2309 2811 2516
3 2977 284 2626
3 2896 2138 2895
3 2389 1624 2277
3 1825 688 1809
3 1555 337 923
3 2880 2355 2553
3 2597 1583 2316
3 2804 282 2419
3 2729 270 2478
3 2271 2359 1193
3 2951 2316 2566
3 2515 1806 2351
3 1426 1804 1039
3 2512 74 75
3 858 1141 923
3 2702 2272 2434
3 1025 489 2108
3 2935 284 285
3 2678 263 262
3 2930 2419 2585
3 1056 2088 2109
3 2505 2337 2995
3 876 1974 1382
3 2795 2433 2272
3 923 433 1688
3 66 2647 2448
3 929 2046 435
3 2615 2272 2433
3 1966 1098 714
3 279 2516 278
3 2530 2831 2277
3 968 1623 529
3 2626 284 283
3 2521 2811 2309
3 1382 435 876
3 2587 69 2420
3 292 2564 293
3 373 1825 1472
3 52 760 1231
3 287 2688 2996
3 2133 435 2783
3 968 1579 2591
3 2702 2434 2282
3 56 294 2565
3 2448 65 66
3 57 294 56
3 2594 2449 2278
3 2926 1702 414
3 3004 144 2630
3 1641 345 1441
3 728 1883 1944
3 1084 1773 2016
3 2076 1914 2264
3 2915 2593 2422
3 1371 787 324
3 2151 770 1756
3 1115 1711 685
3 2991 1369 47
3 1767 1024 1766
3 2136 636 1858
3 39 2061 1078
3 302 1904 1669
3 499 1277 1224
3 1304 405 855
3 1841 1742 307
3 1177 820 1790
3 26 984 1503
3 1782 674 1862
3 1281 2199 786
3 207 206 2611
3 1586 1486 604
3 193 2513 3005
3 2393 2728 2727
3 471 1353 1091
3 961 513 1760
3 1622 729 1360
3 792 501 1053
3 894 1526 2067
3 1773 467 1085
3 1805 789 1658
3 1856 636 1058
3 755 977 2259
3 2086 1924 487
3 2749 2489 2310
3 1201 2318 2747
3 2850 196 2482
3 2547 2974 2330
3 1993 1387 793
3 1196 351 1143
3 1934 1791 1701
3 785 2205 1290
3 525 1947 1421
3 2224 2042 430
3 2401 107 106
3 801 1834 1121
3 1694 1182 1596
3 2972 233 2533
3 960 1239 301
3 909 1532 334
3 1046 821 2002
3 2783 435 2046
3 2053 320 1909
3 1815 628 1666
3 912 1153 299
3 2163 1176 606
3 2074 1540 431
3 302 1669 1261
3 2205 785 382
3 1051 31 2248
3 1205 350 2207
3 565 1581 1871
3 849 1971 1628
3 1204 2112 2111
3 1558 670 1955
3 2288 2462 2679
3 2730 269 268
3 1741 1740 1028
3 2723 1648 2724
3 1920 412 1011
3 1783 1051 549
3 1570 1055 434
3 332 823 910
3 1034 2179 1094
3 1954 1364 700
3 505 1295 1296
3 1653 1878 709
3 413 1945 1933
3 1175 2158 301
3 1072 1830 630
3 1614 1404 856
3 1557 1840 1033
3 1663 581 1022
3 1422 345 1641
3 953 2082 547
3 1481 492 1261
3 891 1481 1343
3 1014 1874 445
3 2533 232 2376
3 1941 1212 881
3 1762 532 1337
3 1603 1065 462
3 1921 1575 534
3 899 1273 407
3 2188 1667 1074
3 1709 873 594
3 304 2214 2119
3 1004 395 2055
3 324 1820 1895
3 479 1842 1187
3 1039 2085 876
3 152 2646 2447
3 556 861 950
3 1081 358 1602
3 1107 1832 667
3 3005 2737 194
3 2438 183 182
3 2382 135 2767
3 2890 2889 1926
3 1779 1979 498
3 1387 536 2178
3 1003 1572 1107
3 664 1728 1220
3 1069 807 353
3 2536 2850 2306
3 2291 1157 1639
3 2769 2428 2215
3 2728 2477 2727
3 997 1144 2043
3 495 993 1283
3 1649 873 1702
3 1711 1541 412
3 30 2148 1063
3 2104 1034 326
3 445 970 1845
3 1910 330 982
3 2194 962 1686
3 2073 1612 481
3 754 1208 486
3 2410 1447 2325
3 2103 1089 730
3 403 1378 800
3 1958 748 1772
3 377 1799 1218
3 2551 232 233
3 2958 1258 2323
3 2954 2601 2323
3 691 2028 2026
3 1509 1116 607
3 1165 624 94
3 2379 1082 2049
3 610 1536 1137
3 247 2846 2532
3 1386 790 2669
3 2883 2071 2580
3 1373 1287 575
3 684 1566 1335
3 2320 1623 968
3 2690 139 140
3 2483 2739 1998
3 2320 2985 2587
3 2420 69 70
3 2044 374 1872
3 2163 1848 316
3 219 2924 2665
3 1529 1487 376
3 635 1052 1235
3 1368 2233 80
3 2602 267 268
3 839 2344 2275
3 1903 1892 682
3 489 1056 1804
3 497 1171 2199
3 1323 539 1655
3 1059 359 1858
3 956 725 1945
3 1290 749 1184
3 2035 1517 427
3 1392 2285 752
3 1654 863 689
3 498 1357 1930
3 931 417 807
3 1170 1070 2172
3 1027 1742 603
3 1605 2900 2899
3 2298 2472 2711
3 1883 1480 343
3 971 1958 796
3 1663 297 1206
3 1683 1328 543
3 2968 2311 2569
3 2849 1370 1715
3 2613 251 250
3 1647 990 1970
3 2327 2145 1134
3 2821 913 2300
3 2710 126 127
3 1299 451 776
3 1635 918 379
3 894 893 467
3 1606 1401 804
3 1113 2201 474
3 2226 387 1376
3 569 1079 1690
3 429 2178 1500
3 1376 1423 803
3 606 1176 1737
3 1964 886 1377
3 1537 1227 494
3 1269 645 1270
3 1784 1744 844
3 425 1636 948
3 1419 697 1277
3 173 2437 174
3 2668 935 1538
3 720 972 1799
3 980 2097 2890
3 2992 162 161
3 704 1922 1872
3 356 1586 1028
3 1765 951 1453
3 1946 725 956
3 2660 2453 2656
3 622 1969 1134
3 385 2045 1718
3 1697 1139 355
3 1782 884 674
3 1611 1408 637
3 1738 308 1464
3 354 1461 954
3 2108 489 1426
3 2783 2046 2782
3 2040 459 1106
3 809 2060 852
3 344 1622 1360
3 562 1092 1094
3 43 1065 1935
3 1268 1866 310
3 504 1339 875
3 2312 2579 2416
3 394 823 1396
3 2016 719 2015
3 2720 2719 2476
3 2014 1450 390
3 472 1918 1119
3 374 1498 1497
3 1723 1085 738
3 434 2000 1570
3 1714 1606 804
3 1310 1079 357
3 808 22 600
3 1675 2852 687
3 1232 1652 744
3 2305 679 1505
3 1795 954 1595
3 780 1228 2197
3 1948 1001 1588
3 1150 335 1985
3 726 1243 1182
3 1907 945 683
3 1920 685 1711
3 1030 1525 1539
3 1443 979 1441
3 318 852 1365
3 1232 744 975
3 981 1079 784
3 1561 614 1142
3 1423 1421 803
3 927 1441 345
3 592 1170 1685
3 1791 992 1807
3 2034 770 2152
3 2257 992 34
3 713 1911 1375
3 1974 859 1973
3 1886 902 663
3 2830 290 2530
3 713 1375 1999
3 1322 490 943
3 1093 2023 33
3 2137 476 1785
3 1830 1070 1608
3 2878 2633 2269
3 2082 1778 1077
3 1343 1481 507
3 1684 668 2267
3 1817 1435 765
3 1964 1610 886
3 1909 989 2053
3 1525 857 336
3 561 1304 1600
3 1486 493 1232
3 907 1250 356
3 1710 1265 798
3 1558 1955 306
3 223 2528 224
3 230 2534 231
3 962 1591 328
3 2829 1761 651
3 658 1678 1008
3 1965 320 1048
3 1575 1921 908
3 1265 1751 713
3 1448 1755 834
3 511 1516 1014
3 451 1299 995
3 1866 533 1588
3 1529 1419 593
3 912 1271 483
3 2119 1501 304
3 1678 393 1431
3 1243 2091 2184
3 1487 1488 635
3 1289 518 937
3 1660 589 2175
3 565 2231 1581
3 1672 634 1129
3 1106 459 879
3 2159 2258 626
3 823 332 1173
3 2961 2507 260
3 1328 1703 311
3 493 1486 1250
3 1176 2163 316
3 1887 1848 1517
3 1123 2042 2224
3 1249 1929 298
3 1267 1923 738
3 2513 2291 2347
3 772 1653 2201
3 1978 1772 748
3 1631 1835 1632
3 2982 2695 2304
3 2388 2787 2548
3 1119 1919 1788
3 1353 472 964
3 1541 551 906
3 1031 1502 1326
3 1988 1163 417
3 141 2978 2631
3 2172 540 1170
3 1150 2091 335
3 798 390 1450
3 2149 458 1347
3 1095 2222 1696
3 1809 1687 649
3 2862 2282 2434
3 2943 932 1489
3 1969 622 1968
3 916 1991 2155
3 1917 1662 896
3 795 1359 1893
3 611 847 1515
3 2794 2504 2269
3 2415 169 168
3 2638 246 245
3 225 2527 226
3 596 2040 1106
3 2179 1034 441
3 235 2435 236
3 1117 2861 2706
3 999 1546 557
3 1648 2725 2724
3 829 2088 489
3 2389 287 2719
3 2045 1665 745
3 2101 744 1652
3 1435 1436 23
3 2331 735 3018
3 1154 567 850
3 945 1906 683
3 927 1418 439
3 1145 2218 1612
3 208 2431 209
3 1184 339 938
3 1772 1978 431
3 1933 705 1821
3 1697 1070 592
3 1362 1229 1045
3 518 1938 1175
3 533 1000 1948
3 466 1724 1075
3 1944 2055 728
3 2169 725 1946
3 2606 2769 2961
3 1863 416 1911
3 1072 1980 1949
3 950 1828 1667
3 2213 1530 778
3 1225 499 1224
3 1262 395 846
3 1438 1174 541
3 697 1559 1322
3 925 926 507
3 2123 1590 978
3 1786 501 988
3 2918 1865 2808
3 2284 2671 2457
3 1922 1326 986
3 1205 799 2182
3 1097 1048 797
3 1297 1295 321
3 2207 508 1205
3 784 1079 1695
3 1920 1919 685
3 1695 1496 295
3 2731 147 2479
3 1143 351 1128
3 2857 1745 2416
3 2776 2774 2312
3 1603 766 1935
3 1827 1475 512
3 897 1459 456
3 511 1320 1578
3 532 1680 1183
3 1449 1912 897
3 1848 660 1517
3 1482 1180 1271
3 1951 1581 806
3 1679 314 1611
3 1857 296 1058
3 533 1227 909
3 2203 450 1460
3 876 2133 1039
3 2184 398 1243
3 772 1113 1300
3 1457 551 1349
3 1153 912 483
3 2142 1919 1011
3 1177 2181 570
3 351 934 1128
3 1644 1216 401
3 1327 667 1147
3 1484 363 869
3 359 1843 2156
3 2196 1228 780
3 1634 1807 432
3 979 1237 537
3 1590 755 1943
3 1944 1883 343
3 2196 2195 928
3 1448 2014 517
3 419 1141 858
3 1666 797 1815
3 1312 2235 754
3 2080 529 1278
3 2272 2615 2434
3 1152 666 1957
3 1696 527 1394
3 658 1860 1064
3 310 1964 1377
3 2166 1006 788
3 1097 2115 463
3 886 881 449
3 1319 903 788
3 772 1878 1653
3 1422 1947 525
3 407 2171 899
3 1469 536 1387
3 746 1924 1718
3 1786 1705 502
3 1978 785 1824
3 2983 2307 2484
3 2537 246 2532
3 1614 1264 312
3 2081 1427 345
3 1000 1391 1762
3 310 1377 1268
3 1402 1283 537
3 2280 1178 538
3 2079 2816 752
3 2842 484 2860
3 883 346 1430
3 370 2206 1617
3 2715 2174 1293
3 1019 1254 2026
3 2998 2500 2328
3 2627 2438 2624
3 1796 1749 404
3 855 1937 1480
3 1990 1112 380
3 566 1321 1166
3 520 1728 1222
3 1407 879 459
3 570 2181 1503
3 912 1594 1271
3 905 551 1541
3 1977 331 1457
3 1572 348 1057
3 1329 2946 574
3 1834 801 1366
3 1344 775 488
3 595 1067 1649
3 801 1114 554
3 2056 711 965
3 2058 2633 711
3 625 1901 1364
3 1128 1979 1779
3 228 2640 2444
3 2876 2164 2877
3 621 1747 28
3 2932 29 762
3 2199 1171 1995
3 1673 1628 475
3 2032 810 1984
3 1262 496 1264
3 1127 1946 342
3 1086 473 2211
3 1146 2107 774
3 212 213 2578
3 202 203 3001
3 1878 500 1302
3 564 1949 1123
3 1328 1008 543
3 1972 859 1726
3 420 1069 1834
3 1598 933 2119
3 2018 1965 714
3 463 1098 1966
3 2090 634 1130
3 894 1752 893
3 1384 1354 396
3 1530 566 2119
3 2157 1035 441
3 2775 717 980
3 347 1167 900
3 2903 2493 2902
3 2375 2280 538
3 1460 2008 990
3 681 1647 1970
3 2946 1329 932
3 1584 595 1018
3 2659 2455 171
3 1571 2140 598
3 690 2959 2958
3 2717 183 184
3 260 2421 2599
3 2760 2319 1303
3 2690 140 2467
3 1256 578 1255
3 261 2588 2421
3 2516 2351 2309
3 1562 1391 334
3 1717 890 1204
3 715 1963 1640
3 2047 1483 423
3 2686 113 2465
3 99 2548 98
3 2087 367 1342
3 276 2521 2880
3 2764 2496 2271
3 2323 2957 2958
3 1095 1696 904
3 1901 1234 315
3 355 1608 1697
3 1219 2837 2934
3 2697 888 2696
3 1227 533 1866
3 2168 903 1805
3 559 2222 1095
3 2218 1552 899
3 2170 1125 805
3 2083 1519 1185
3 1945 1301 956
3 2024 698 2023
3 425 948 1338
3 799 1158 1378
3 2943 1489 2940
3 2945 2943 669
3 1746 2300 913
3 1224 309 930
3 905 1115 299
3 137 2682 2463
3 1542 1116 372
3 1415 1386 375
3 1274 814 2223
3 1036 1918 472
3 2084 1344 488
3 1627 1861 2132
3 2060 809 2011
3 1868 396 830
3 2627 1735 2438
3 1388 1910 982
3 1522 1406 957
3 465 1420 1960
3 1937 832 1478
3 1501 801 1121
3 318 1365 1327
3 774 2107 1407
3 1463 1155 640
3 2198 366 1307
3 588 1217 2237
3 84 1981 1132
3 222 2384 2716
3 2740 2356 3007
3 689 1814 1812
3 2096 1535 83
3 306 1955 1516
3 307 1552 2218
3 198 2700 2469
3 2537 2532 2375
3 52 2128 761
3 1095 437 1474
3 683 930 1908
3 736 1049 1484
3 1754 785 1978
3 672 911 1777
3 1608 355 1026
3 921 346 1375
3 408 884 1782
3 106 2531 105
3 781 378 1512
3 1252 575 1192
3 1601 1602 570
3 1220 520 1630
3 1146 1719 791
3 2150 488 898
3 663 1413 1411
3 1411 966 457
3 2604 111 2994
3 3020 117 118
3 1849 428 1850
3 401 2075 1732
3 1318 1793 621
3 2759 255 2495
3 598 1032 2177
3 1534 2209 854
3 543 1431 1430
3 291 2564 292
3 1696 1394 904
3 1145 1841 307
3 1453 951 303
3 1716 1399 870
3 349 1125 2170
3 979 1641 1441
3 1835 1631 675
3 521 1838 1233
3 2036 1339 504
3 686 2015 1194
3 733 1090 2128
3 799 1205 1158
3 1406 1522 389
3 1897 2170 1185
3 1781 724 1556
3 1929 1151 1551
3 1740 871 356
3 641 1120 1869
3 2838 2744 1342
3 2854 2049 2450
3 2568 2322 2407
3 2746 128 127
3 911 312 1264
3 397 1993 1561
3 2778 144 145
3 1888 2714 2713
3 2966 1894 692
3 2994 111 112
3 647 2241 3010
3 1800 370 1617
3 161 2441 160
3 392 2030 1470
3 2521 276 277
3 2930 1806 2419
3 1657 371 817
3 2013 648 1306
3 1029 2047 2882
3 2432 2871 2614
3 843 375 1892
3 1275 1415 563
3 1253 655 1654
3 1351 538 1178
3 256 2495 255
3 1379 819 3010
3 1299 946 531
3 2874 2872 1670
3 1792 1634 938
3 1313 2227 826
3 1290 1184 432
3 295 1496 1222
3 2542 1490 2305
3 998 1715 480
3 293 2564 2405
3 1097 1966 1048
3 2153 1557 440
3 1811 1198 1713
3 736 1517 2035
3 1916 2142 936
3 1186 1774 443
3 757 1835 992
3 547 1592 953
3 2011 931 2060
3 2207 838 1384
3 2564 2402 1684
3 2202 1025 2108
3 2567 119 2407
3 2410 130 2571
3 1206 581 1663
3 2952 1776 491
3 671 1928 1151
3 2523 2853 189
3 1280 501 792
3 1946 956 1300
3 554 852 1366
3 2182 350 1205
3 2172 1479 540
3 2519 2980 242
3 958 502 1242
3 1847 428 1047
3 2224 564 1123
3 744 2042 2041
3 1907 1794 436
3 1327 478 1087
3 1498 703 1495
3 1505 2627 2398
3 2270 503 924
3 1277 697 309
3 1407 2107 879
3 2131 2165 332
3 769 1914 1753
3 221 2474 220
3 1433 2344 839
3 1049 2035 1361
3 1669 1481 1261
3 2930 1103 684
3 2351 1806 1179
3 1918 685 1119
3 596 1180 1081
3 310 1588 1001
3 1227 415 909
3 2877 965 2876
3 1670 2865 2874
3 2699 2468 1891
3 1200 1202 2013
3 2761 1303 2762
3 2653 2452 2652
3 819 365 1352
3 1199 88 2242
3 1499 1256 372
3 1542 372 818
3 2738 129 2483
3 2711 2472 2710
3 545 1568 1073
3 2490 2750 2313
3 1335 1566 373
3 2655 2762 542
3 2959 576 1258
3 1691 837 1625
3 839 1577 399
3 1576 1291 368
3 1220 1916 664
3 1529 593 1487
3 1093 33 763
3 2204 1184 749
3 1792 1701 699
3 602 1732 2920
3 1387 1994 793
3 1400 607 1510
3 148 2418 147
3 1725 1676 874
3 488 2150 1164
3 1630 1279 620
3 1367 326 1839
3 350 2182 1339
3 2777 1745 1018
3 983 2136 1880
3 39 1078 2064
3 1494 1437 541
3 2162 380 1336
3 1653 709 1336
3 39 706 2061
3 2065 464 953
3 2125 1531 787
3 1323 343 1071
3 792 1597 387
3 1422 1641 993
3 530 1513 1443
3 2757 2347 1639
3 1546 485 1135
3 1941 424 1212
3 463 1999 1098
3 1683 1430 921
3 923 1688 1555
3 1286 1022 512
3 305 1124 1619
3 1239 518 1175
3 2217 937 1640
3 2636 2442 193
3 2926 2037 825
3 1151 1928 409
3 2629 2628 1505
3 192 191 2819
3 1181 1970 300
3 1771 1229 719
3 1798 1190 1041
3 262 263 2588
3 572 2622 2905
3 2663 721 2662
3 1813 1899 81
3 2602 2359 3009
3 1029 2882 2412
3 2772 2047 836
3 1451 1012 962
3 1591 962 2194
3 616 1539 1774
3 1759 1130 634
3 524 971 1418
3 709 1879 1336
3 1184 1634 432
3 1109 499 1822
3 1988 809 1344
3 1501 553 801
3 331 2141 1050
3 1209 771 2147
3 2499 96 2488
3 1311 1837 1836
3 51 1024 1767
3 337 834 1088
3 1321 734 1279
3 1967 678 1969
3 1514 3018 3016
3 2146 1656 877
3 1309 1497 569
3 1484 1049 363
3 319 1936 1186
3 424 1640 937
3 737 1045 1723
3 2187 1466 1347
3 2980 2353 2639
3 2508 249 248
3 1544 1389 802
3 1393 2815 2816
3 394 1401 1606
3 2559 1259 2400
3 2899 2315 2494
3 1587 2098 369
3 743 1927 1331
3 1100 465 988
3 1830 1072 468
3 1100 1895 1420
3 1671 303 951
3 2041 1123 317
3 303 1421 1284
3 1217 588 837
3 2807 121 3019
3 878 1427 2081
3 927 345 1427
3 2257 757 992
3 1768 891 1343
3 2891 2487 2143
3 909 334 1770
3 2076 1055 741
3 2551 233 2392
3 2885 226 2558
3 2260 50 942
3 929 55 1780
3 479 1187 1703
3 845 495 1282
3 2022 1240 751
3 469 2024 1792
3 1852 1069 353
3 852 318 809
3 2024 1093 1792
3 1316 1622 344
3 2301 2782 2720
3 1097 390 798
3 1712 797 1666
3 2159 2263 774
3 1707 36 920
3 635 1235 1195
3 29 2932 2931
3 2040 1601 459
3 779 702 2157
3 2051 1112 707
3 1814 1383 1042
3 2973 802 1389
3 2029 2025 812
3 2256 2225 1019
3 1753 1752 894
3 1413 1885 1763
3 2210 2059 1091
3 2147 680 1209
3 309 1322 943
3 1653 1336 380
3 1127 342 827
3 159 2457 160
3 2270 1230 503
3 2059 1092 471
3 2130 1146 791
3 2595 110 2423
3 1458 2186 678
3 2949 2771 2948
3 1774 996 443
3 2213 1956 973
3 358 1180 1482
3 1344 1163 1988
3 1434 453 1044
3 702 779 2192
3 2940 2322 2939
3 2369 274 2792
3 1619 1124 854
3 2071 2662 721
3 2070 2068 811
3 386 1111 1569
3 2473 2708 123
3 2345 1864 2828
3 289 2831 2530
3 2946 391 1155
3 1718 882 1652
3 1708 1442 439
3 1632 35 1631
3 1661 479 1425
3 896 1188 1504
3 1849 660 1047
3 539 1765 1453
3 1821 996 908
3 2167 1319 788
3 296 1478 1476
3 1729 500 1301
3 2816 2815 609
3 2904 2903 1315
3 774 1719 1146
3 1062 460 2089
3 1765 539 1324
3 374 1309 901
3 2920 1567 602
3 2915 1865 2916
3 446 1716 870
3 2735 180 179
3 723 1215 2111
3 2726 485 1546
3 1423 1376 387
3 1191 1664 492
3 1532 949 334
3 1088 528 1638
3 2146 1726 859
3 415 1227 1537
3 165 2869 166
3 1311 1310 830
3 148 2731 2545
3 2410 131 130
3 550 1434 1808
3 1801 536 1196
3 2557 2285 2399
3 1331 2303 608
3 2045 1061 1718
3 2101 2042 744
3 1129 634 2090
3 1885 663 1198
3 1083 1829 1742
3 1324 539 1323
3 1497 1309 374
3 1803 1034 2104
3 734 964 1410
3 2179 1819 940
3 1089 1852 353
3 1743 478 2944
3 2290 1381 575
3 1307 1255 578
3 91 2027 2028
3 1293 2380 2283
3 2225 1108 642
3 1197 812 366
3 158 2541 157
3 2779 2963 2328
3 2385 199 200
3 2460 206 207
3 167 2868 168
3 2856 177 2542
3 244 2537 2378
3 2814 2356 2741
3 2760 2348 2759
3 2600 258 2425
3 2396 2687 115
3 2343 2934 2604
3 2802 192 2442
3 1269 365 1692
3 2059 471 1091
3 1832 1147 667
3 1055 2990 867
3 2077 1066 741
3 1923 1268 737
3 1411 1413 586
3 475 1401 1046
3 751 1867 2008
3 1843 359 1059
3 1996 1995 836
3 133 2498 134
3 411 1873 986
3 2123 1592 547
3 431 1540 1772
3 2134 638 1059
3 312 1879 1302
3 398 1238 827
3 1913 1118 1603
3 1751 305 1619
3 2503 272 3003
3 1366 801 554
3 1221 1940 548
3 2543 136 2382
3 1737 1739 606
3 1841 1083 1742
3 1939 1912 712
3 2130 2129 461
3 1756 770 1037
3 1712 505 1296
3 1380 361 1129
3 2195 1281 329
3 1999 1265 713
3 2792 273 2503
3 2288 2677 2462
3 2562 2898 2911
3 2273 2360 1400
3 1836 1257 901
3 2416 138 2857
3 2294 2866 2469
3 1524 974 560
3 1954 625 1364
3 1128 1779 1143
3 1682 1870 914
3 1105 2952 2879
3 2784 1303 2319
3 1456 79 1149
3 1274 2676 2286
3 2385 2701 2700
3 652 1981 1643
3 1340 1987 1032
3 1851 510 1320
3 1655 539 1609
3 1074 587 1417
3 501 1371 1100
3 1476 832 535
3 1758 301 1931
3 2402 853 1684
3 1466 505 1347
3 1023 437 904
3 531 1909 995
3 789 1659 1658
3 340 1319 2167
3 2638 245 2443
3 1213 424 937
3 1922 1325 552
3 326 1367 2104
3 829 3015 3016
3 780 2195 2196
3 1688 433 1124
3 864 1972 419
3 1990 708 1854
3 1302 1404 312
3 789 2005 1186
3 1708 1707 920
3 1332 857 2208
3 1301 500 956
3 1208 55 929
3 2405 1684 2267
3 1696 1038 527
3 1130 1759 327
3 1493 2209 928
3 2719 287 286
3 907 1889 1748
3 1760 513 1853
3 1409 862 1801
3 1133 1831 1734
3 274 2553 2394
3 743 1331 2098
3 1555 1688 526
3 918 1305 1483
3 2188 1249 298
3 1490 2542 2381
3 1691 367 1565
3 2928 1548 818
3 1871 1581 1951
3 1429 527 1038
3 858 1455 419
3 2331 2793 2503
3 428 1849 1047
3 385 1652 1232
3 2155 423 1305
3 231 2534 2376
3 1949 1980 317
3 2156 1862 674
3 1089 1890 1852
3 1360 513 948
3 1746 2939 2867
3 1508 1604 571
3 2021 1823 675
3 2059 777 1839
3 1230 2671 2284
3 2910 2287 2869
3 2977 2780 2301
3 848 2783 2782
3 2406 2202 2625
3 1815 797 1048
3 1224 519 1225
3 1947 1422 993
3 1457 331 906
3 1719 558 791
3 2302 2820 2477
3 1374 1125 998
3 1238 1127 827
3 1175 1938 2175
3 745 1700 2045
3 1237 979 426
3 2215 2772 2770
3 2217 1289 937
3 2094 1639 1157
3 1012 446 2193
3 2112 328 1189
3 2533 233 232
3 1846 1492 714
3 1390 832 2176
3 1596 1182 727
3 1866 1588 310
3 1 2 2525
3 2695 1997 2696
3 1405 1582 851
3 1388 2193 889
3 208 2611 2431
3 1609 845 1004
3 1695 1079 569
3 944 1191 1768
3 1155 391 1107
3 1011 1919 1920
3 1714 804 300
3 2149 990 458
3 1753 45 769
3 727 895 2262
3 855 1480 1883
3 341 1289 2217
3 2706 2471 2705
3 2006 1002 1620
3 494 1268 1923
3 1833 554 1003
3 349 1897 1893
3 1845 638 1844
3 1298 503 1518
3 1796 1869 1120
3 2774 2773 2312
3 1836 522 1311
3 1886 1411 457
3 457 967 1826
3 2873 1029 2872
3 1683 2033 783
3 2231 51 1767
3 1380 1023 361
3 299 1153 1010
3 2107 2106 879
3 698 1195 1764
3 1669 507 1481
3 2162 1336 672
3 1232 493 1665
3 1718 1061 746
3 1026 438 1831
3 868 1450 2014
3 381 1229 1771
3 1084 2246 756
3 1401 2180 1046
3 611 1515 1408
3 672 1336 911
3 872 1689 509
3 2213 384 1956
3 2766 114 2404
3 2944 478 1816
3 1013 1845 1844
3 1406 795 1897
3 2012 2355 2309
3 2893 2346 2891
3 2589 870 2276
3 2566 2316 2406
3 1112 1990 707
3 894 467 1526
3 1693 1492 985
3 2574 2317 2412
3 919 1706 1540
3 1235 1052 32
3 1564 971 796
3 547 1471 1402
3 531 1562 1398
3 1909 320 995
3 1966 714 1965
3 543 1678 1431
3 2133 1426 1039
3 379 1761 2117
3 2575 157 2413
3 2667 1538 2350
3 2035 1049 736
3 1705 465 1102
3 1925 425 1915
3 1722 412 1541
3 1262 561 1600
3 1152 1957 1513
3 1860 1953 1211
3 279 2951 2566
3 2046 929 853
3 2566 280 279
3 1036 472 1353
3 1114 1962 348
3 2609 2608 2281
3 1861 1627 600
3 2945 932 2943
3 128 2746 3008
3 1447 2571 2318
3 664 1338 961
3 2947 2915 2220
3 1250 2039 493
3 1292 2373 2097
3 2731 2479 2097
3 770 2034 1037
3 552 1604 1508
3 1045 1377 449
3 1493 928 922
3 33 2023 1898
3 1343 507 1316
3 1724 466 1417
3 2227 1314 826
3 2932 833 2931
3 2190 1645 453
3 830 357 1736
3 1580 2075 401
3 2180 394 2100
3 1413 1412 1446
3 1631 2074 675
3 2074 1824 675
3 1764 1195 1235
3 2114 748 1958
3 1622 1316 926
3 1994 2178 429
3 909 1770 533
3 928 329 922
3 1890 1089 473
3 2159 1407 984
3 1349 1010 452
3 1919 333 1788
3 1168 1085 467
3 1460 2149 2203
3 1142 869 587
3 614 1560 1887
3 1453 2200 1609
3 387 1280 792
3 2183 1127 1238
3 342 1946 1300
3 1471 1077 338
3 1921 1301 413
3 1875 401 1732
3 1901 315 1364
3 1973 859 1972
3 3014 2369 3015
3 1775 2134 444
3 303 1284 2200
3 870 1547 446
3 1827 567 1154
3 1947 495 1284
3 1671 487 803
3 688 2019 1350
3 64 2449 63
3 1575 857 1332
3 1240 1714 300
3 508 1384 831
3 940 1482 562
3 1781 670 1558
3 2981 2292 2640
3 188 2820 2523
3 997 354 1144
3 2119 2214 1530
3 1353 471 1036
3 2875 2164 2876
3 2969 210 2612
3 849 1628 1673
3 1198 902 2135
3 1380 2137 806
3 2001 2000 434
3 77 1687 2907
3 2996 2688 2352
3 1280 387 2226
3 1916 936 1915
3 1558 306 724
3 379 1215 1917
3 604 1486 1877
3 1423 878 525
3 2367 2764 2271
3 2734 2480 2303
3 1930 1346 498
3 471 1092 1594
3 185 2475 184
3 2251 1032 599
3 1519 515 1185
3 1950 1016 447
3 1288 2012 579
3 2553 2355 1288
3 683 1908 1907
3 37 977 1513
3 1437 1485 541
3 1152 1513 530
3 2052 707 1854
3 2857 137 2543
3 1926 2889 2773
3 397 1828 950
3 1760 1853 892
3 1662 1189 482
3 1012 890 446
3 481 1612 805
3 723 2111 2112
3 731 1457 1349
3 1793 1318 2931
3 2165 1168 893
3 2115 1265 1999
3 1808 1044 353
3 498 1346 1779
3 2656 99 98
3 1967 21 898
3 525 2081 1422
3 981 784 428
3 458 1038 2187
3 1911 921 1375
3 586 1348 966
3 1002 2217 1640
3 2276 870 1399
3 1704 422 1595
3 1418 1427 524
3 1664 749 1313
3 755 1590 977
3 1553 1554 1026
3 572 2669 2622
3 2366 1274 2223
3 327 967 966
3 960 1758 1285
3 617 1620 1337
3 1805 2005 789
3 201 200 2975
3 2437 2712 2620
3 2620 174 2437
3 2291 2524 2357
3 2877 2056 965
3 1547 1545 889
3 1683 543 1430
3 1963 442 1620
3 456 1459 1005
3 1377 737 1268
3 301 2158 1931
3 1948 1588 533
3 1817 947 1434
3 2124 1409 308
3 1078 2061 708
3 1304 1883 728
3 1300 1113 342
3 1337 1620 442
3 1117 2840 2841
3 1860 360 1618
3 734 1956 964
3 1793 1747 621
3 1966 1097 463
3 2006 1620 617
3 548 1498 1495
3 1602 358 820
3 1363 1051 455
3 24 2192 2191
3 830 1736 1868
3 1322 1559 490
3 1060 1775 1936
3 1390 2176 405
3 890 1012 1451
3 884 408 1521
3 2345 2828 2799
3 658 1859 1953
3 1345 549 1015
3 1934 1701 763
3 2841 687 1717
3 889 2193 1547
3 1586 356 1250
3 1945 952 1933
3 147 146 2479
3 2748 122 2489
3 742 1509 1385
3 1289 1939 712
3 1939 1289 341
3 568 1606 1714
3 1767 1581 2231
3 2090 1130 476
3 2681 2368 2680
3 2088 1056 489
3 1280 2226 1371
3 1741 603 1740
3 2134 1775 1060
3 1704 1216 422
3 1476 1478 832
3 1889 1749 625
3 482 1211 1953
3 257 2428 258
3 1860 1618 1064
3 2218 1145 307
3 571 1334 1203
3 396 1311 830
3 1646 2219 1563
3 1973 1312 486
3 778 1439 2213
3 640 1057 1214
3 596 1676 1180
3 1037 1674 323
3 1220 1728 520
3 1366 852 420
3 1559 969 490
3 1091 964 384
3 390 1097 797
3 346 1846 1098
3 2781 2301 2780
3 410 2109 2088
3 399 1571 974
3 2955 2954 2323
3 2817 609 2815
3 1395 1218 722
3 2761 2797 2348
3 2319 2600 2784
3 1158 2113 506
3 777 2059 2210
3 1787 1106 879
3 1214 1203 362
3 2076 2264 46
3 1267 332 910
3 458 2187 1347
3 53 1033 1840
3 841 1357 315
3 1115 905 1711
3 1842 1305 580
3 783 2033 1425
3 1960 1101 1959
3 1561 793 1560
3 1195 1487 635
3 2141 1363 1050
3 1184 938 1634
3 635 2122 1052
3 32 1052 759
3 892 428 784
3 323 1674 1106
3 814 563 1291
3 1291 563 843
3 494 1866 1268
3 285 2977 2476
3 1534 854 955
3 1043 1736 1739
3 1003 348 1572
3 1169 349 1893
3 970 2156 1843
3 2629 1505 679
3 456 1006 2166
3 1985 573 1150
3 405 2176 855
3 2041 1877 975
3 1904 925 1669
3 2268 30 1063
3 1585 549 1345
3 1783 2078 31
3 1063 2148 2089
3 297 1663 1286
3 1917 1635 379
3 1055 2076 46
3 2091 917 335
3 586 966 1411
3 613 1767 1766
3 2950 112 111
3 2908 116 2497
3 1075 1061 466
3 1882 872 1355
3 1189 824 482
3 1480 1479 1071
3 1420 1895 676
3 1733 1071 468
3 1652 882 2101
3 592 1685 983
3 2583 1568 2361
3 2225 2255 1108
3 865 841 315
3 1376 787 2226
3 1765 430 951
3 2125 746 1531
3 1597 1427 878
3 468 1479 2172
3 1494 2262 895
3 1824 785 2021
3 1932 996 1821
3 1309 522 901
3 1203 1334 594
3 1571 598 974
3 2957 2601 2956
3 2212 1439 2211
3 323 1756 1037
3 1881 1802 1110
3 888 2914 2913
3 2879 2387 1105
3 1889 625 1748
3 1532 751 949
3 2016 44 1084
3 1240 1607 568
3 2050 590 2990
3 2142 1011 519
3 1166 1321 352
3 1816 1147 1727
3 1721 1160 732
3 753 942 1446
3 280 2566 2406
3 1107 1572 640
3 1572 1057 640
3 2095 1971 849
3 1766 437 1023
3 2191 2192 779
3 1808 1434 1044
3 1503 1601 570
3 2190 453 1434
3 1906 1636 683
3 1102 1904 302
3 2210 1091 384
3 1321 566 973
3 733 2128 1231
3 1573 1088 834
3 1936 616 1186
3 1511 887 1246
3 2195 1104 1281
3 341 2006 1939
3 305 1265 1710
3 1680 946 776
3 2169 1946 1127
3 708 1076 2062
3 1820 1061 1075
3 2073 481 2043
3 925 507 1669
3 945 1907 436
3 1484 869 614
3 530 1441 927
3 2466 288 289
3 2591 2320 968
3 1514 3015 2793
3 269 2730 2478
3 1682 1273 611
3 354 1797 1144
3 1225 1722 499
3 1050 1363 455
3 1003 1107 1833
3 2310 1329 2749
3 103 2445 102
3 1548 1542 818
3 984 26 2258
3 1768 1191 891
3 2642 105 2531
3 2937 2790 1414
3 2742 2160 2743
3 1165 1642 2063
3 2066 1099 1174
3 1659 789 443
3 1004 2055 1944
3 443 996 1932
3 1790 2252 1177
3 1727 2945 669
3 874 2054 1725
3 299 1010 905
3 1108 1507 642
3 2518 2273 2806
3 739 2116 1215
3 2640 2589 2444
3 1084 467 1773
3 1603 1935 1065
3 765 947 1817
3 1834 1366 420
3 356 871 907
3 2667 2350 2666
3 980 2036 504
3 1502 411 1326
3 1591 824 1189
3 2632 2607 2429
3 1552 1554 591
3 454 1285 2169
3 1840 1557 760
3 1444 54 860
3 234 2972 2617
3 567 1064 1618
3 1819 1035 1790
3 520 1940 1221
3 2184 2091 828
3 1478 540 1937
3 363 1959 1101
3 1828 587 1667
3 864 419 1455
3 451 1492 1693
3 1460 990 2149
3 1755 1448 517
3 2009 1287 690
3 1432 2362 782
3 239 2484 238
3 1315 2903 2336
3 847 1553 355
3 355 1139 847
3 2261 898 21
3 678 2610 2609
3 2847 229 2444
3 2726 2724 2725
3 2409 2311 1648
3 2611 2547 2387
3 3002 208 209
3 1981 994 1643
3 644 2928 1108
3 1204 1451 328
3 1887 1484 614
3 1535 1159 83
3 2452 248 249
3 2783 1426 2133
3 2085 1039 322
3 969 376 1650
3 941 1901 1749
3 2382 136 135
3 2092 1374 480
3 2618 204 203
3 1735 880 1403
3 1574 405 1304
3 1324 430 1765
3 1089 1044 730
3 2089 2148 771
3 1344 2084 1163
3 1902 2888 2561
3 2954 167 168
3 2600 257 258
3 694 1891 2293
3 1182 1243 398
3 822 2100 1396
3 1633 536 1469
3 1801 521 1409
3 426 2123 1237
3 1924 882 1718
3 326 1092 1839
3 2054 1153 1725
3 903 510 1156
3 1207 1064 567
3 2945 391 2946
3 2942 1746 913
3 1945 725 952
3 2208 405 1574
3 2523 2820 2302
3 718 2094 2093
3 1374 998 480
3 1928 907 1748
3 2484 2741 2740
3 1816 478 1147
3 1126 807 601
3 2672 205 206
3 2669 1276 2622
3 2132 601 1627
3 550 1817 1434
3 2017 809 318
3 1044 1803 730
3 101 2454 102
3 2191 947 24
3 2834 1699 2833
3 2525 2986 2358
3 1969 1968 1967
3 1674 874 1676
3 161 2670 2992
3 166 2869 2550
3 2077 822 1975
3 434 1055 867
3 1406 1897 515
3 1546 1135 1545
3 983 1857 2136
3 636 1857 1058
3 2288 2679 1171
3 2598 3014 2424
3 2709 2708 2473
3 2500 2998 143
3 1911 713 1863
3 2008 1460 450
3 1285 952 725
3 1774 1539 996
3 442 1963 1948
3 1578 1320 340
3 892 1695 295
3 1561 1560 614
3 460 1523 1251
3 2953 2600 2319
3 2784 2600 2425
3 2466 289 2689
3 1806 684 1179
3 1803 1645 1034
3 2103 730 1367
3 1173 1975 1396
3 327 1348 1130
3 2165 1173 332
3 2051 2066 474
3 2006 617 1459
3 1655 343 1323
3 1960 1959 677
3 1442 927 439
3 946 1391 1562
3 404 1829 1083
3 1341 456 1005
3 884 1520 1679
3 916 479 1661
3 2199 1995 786
3 1991 916 1661
3 497 1281 1104
3 918 1635 580
3 355 1553 1026
3 80 767 1190
3 2204 1191 339
3 1778 2162 672
3 2395 1287 2009
3 2555 1381 2290
3 266 2765 265
3 2254 650 1021
3 726 1913 917
3 2078 1783 1209
3 519 1925 936
3 1384 838 1354
3 950 1551 556
3 2962 2467 2691
3 2467 2964 2690
3 1148 88 2139
3 2713 2441 1888
3 2588 2764 2367
3 371 1657 1247
3 2748 123 122
3 2921 2325 2498
3 2468 271 2881
3 2293 2394 1288
3 1114 348 1003
3 2777 1018 2926
3 2105 2196 448
3 2847 2276 2534
3 924 2808 2287
3 2182 799 875
3 1211 360 1860
3 445 1245 1014
3 261 2507 2993
3 1425 416 922
3 492 1664 1313
3 680 2147 2266
3 2720 2389 2719
3 1088 1638 337
3 1281 1991 329
3 2175 1938 712
3 1878 1300 500
3 1610 424 1941
3 1936 319 1060
3 952 1931 705
3 2383 124 123
3 1355 509 838
3 1504 1188 311
3 638 1060 1844
3 546 2728 1403
3 1417 587 869
3 2790 2788 1414
3 1138 597 1548
3 1395 1248 377
3 1266 577 1395
3 108 109 2603
3 2063 1642 866
3 317 1133 1877
3 1069 931 807
3 2568 118 117
3 1225 1011 412
3 1650 376 1195
3 673 1354 1356
3 1223 1517 660
3 1119 685 1919
3 992 1791 34
3 1925 519 930
3 930 1636 1925
3 574 1155 1463
3 1635 1917 896
3 3000 2616 2333
3 1430 346 921
3 415 1532 909
3 2085 859 1974
3 2424 1583 2597
3 1905 1065 516
3 475 804 1401
3 2645 154 153
3 2576 156 155
3 1884 476 1348
3 1181 300 804
3 920 666 1152
3 975 1486 1232
3 521 1801 1196
3 1043 1739 1737
3 152 2447 153
3 508 2113 1158
3 1764 1235 659
3 1277 309 1224
3 2408 2834 2833
3 2686 112 113
3 2082 953 464
3 464 1778 2082
3 828 2091 1150
3 1990 1854 707
3 388 1912 1449
3 1246 335 1511
3 1537 1267 910
3 1773 1085 1771
3 2107 1146 461
3 2151 1062 770
3 1641 979 537
3 1314 1261 826
3 1714 1240 568
3 1511 335 917
3 985 346 883
3 2864 2432 2613
3 2134 1059 1856
3 1319 340 1320
3 917 2091 1243
3 1437 895 398
3 976 1825 1809
3 579 1200 1288
3 77 2907 1350
3 2221 542 972
3 630 1026 1831
3 1612 2073 1145
3 1406 389 795
3 1609 539 1453
3 461 2129 2106
3 452 1010 2054
3 89 2127 1379
3 392 2070 2030
3 2622 1276 2621
3 128 2391 127
3 2704 2324 1720
3 119 120 2518
3 2778 3011 2361
3 2708 3019 122
3 1720 1293 544
3 2570 131 2410
3 1166 1873 1598
3 1983 1982 813
3 1984 810 1983
3 2965 2964 1894
3 2087 1342 582
3 575 1252 1373
3 2966 1172 2965
3 1417 466 1074
3 1754 748 1242
3 1820 324 1531
3 1263 338 1077
3 2176 1937 855
3 2201 1653 1112
3 1264 1614 561
3 1694 1118 726
3 2626 283 2439
3 1297 559 1755
3 3012 253 254
3 2496 2765 2271
3 1923 1723 738
3 867 2990 1989
3 789 1186 443
3 824 2194 523
3 1148 585 1440
3 813 1984 1983
3 90 2069 2032
3 1373 1252 365
3 1081 1602 1601
3 730 1803 2104
3 2395 173 2684
3 2637 2275 2442
3 630 1608 1026
3 2136 1857 636
3 1903 843 1892
3 2685 2395 2684
3 1276 2372 2621
3 2924 2336 2665
3 3007 237 2740
3 2336 2906 1315
3 729 1853 1360
3 1363 549 1051
3 71 2936 2586
3 2894 2466 2689
3 358 940 820
3 304 1501 1121
3 1420 465 1100
3 1237 547 1402
3 1341 1005 1286
3 780 1104 2195
3 846 1282 1789
3 952 705 1933
3 524 1427 1597
3 977 426 1443
3 1531 746 1820
3 1072 630 1980
3 827 342 1485
3 772 1300 1878
3 1245 1851 1014
3 715 1640 1610
3 2664 619 1615
3 180 2456 2883
3 1288 1200 694
3 284 2935 2585
3 1660 2175 712
3 636 1856 1858
3 1290 432 2021
3 927 1427 1418
3 1535 1536 610
3 652 1161 1589
3 2038 1709 872
3 150 2545 2386
3 2241 1379 3010
3 1294 692 2963
3 1131 1470 545
3 1073 2349 2295
3 823 1606 568
3 1581 613 806
3 1188 1859 311
3 1581 1767 613
3 1299 531 995
3 2146 322 1656
3 2869 2430 2910
3 1954 934 409
3 995 1965 2018
3 949 1398 334
3 2201 1112 474
3 1150 573 1599
3 993 495 1947
3 1515 847 1139
3 1078 2062 464
3 978 1592 2123
3 2121 842 1799
3 263 2764 2588
3 1724 1491 676
3 908 1933 1821
3 2771 836 1995
3 2519 2296 2353
3 1473 648 976
3 1200 1317 694
3 2711 2710 2391
3 2332 2560 2400
3 1454 1445 752
3 2458 231 2870
3 358 1482 940
3 1419 499 1109
3 2038 717 2037
3 2777 825 2776
3 569 1690 1309
3 1689 1334 313
3 291 2830 2564
3 263 2678 2462
3 978 38 1592
3 1960 1420 1101
3 1848 1887 316
3 606 1847 2163
3 740 1383 2003
3 218 2902 217
3 436 1343 945
3 1314 1102 302
3 2763 2762 1303
3 2655 1178 2654
3 1062 2151 460
3 27 774 2263
3 532 1391 946
3 1213 573 1212
3 970 445 1874
3 1475 1341 512
3 2054 874 452
3 601 2132 1436
3 1419 1529 697
3 1223 926 427
3 1831 438 1734
3 1590 426 977
3 2227 1313 382
3 708 2062 1078
3 115 2497 116
3 2890 2097 2334
3 2084 1164 22
3 1035 2157 2249
3 1902 2822 2821
3 2179 940 1094
3 2047 423 1996
3 2155 1305 916
3 2867 2497 2766
3 2322 2940 1489
3 655 2234 1333
3 2693 1952 740
3 1544 1140 654
3 2303 1392 608
3 856 2208 1574
3 846 496 1262
3 2532 2846 2280
3 2701 2294 2469
3 1334 571 1604
3 1916 1220 333
3 2585 283 284
3 1456 1149 584
3 474 1438 1113
3 1390 405 2208
3 1762 1948 1000
3 1999 1375 1098
3 677 1361 1904
3 2024 1650 698
3 2857 138 137
3 1387 2178 1994
3 2674 2365 1275
3 1054 368 2140
3 2175 2158 1175
3 1302 1879 709
3 701 2790 2791
3 2911 2898 2417
3 333 1919 2142
3 1420 676 1101
3 2888 108 2561
3 2157 702 2249
3 731 1976 1345
3 1062 771 400
3 162 2992 2526
3 2646 152 151
3 1455 528 1210
3 1006 456 1341
3 2187 1038 1466
3 2137 2090 476
3 1279 1410 620
3 31 1051 1783
3 915 1825 373
3 1368 1190 720
3 3012 2796 253
3 1470 2030 812
3 1287 1373 690
3 926 1223 1622
3 729 1850 1853
3 2919 815 2918
3 1803 1044 453
3 2363 1230 2270
3 2670 160 2457
3 2670 161 160
3 1257 1356 313
3 298 1551 1667
3 1464 508 831
3 81 1654 1813
3 2557 229 2886
3 2969 2335 2504
3 871 1749 1889
3 2141 1015 1363
3 1353 964 1091
3 1994 1176 793
3 436 1768 1343
3 1660 1658 589
3 917 1913 462
3 1668 2248 759
3 1488 455 2122
3 2170 1897 349
3 1954 409 1748
3 931 2011 417
3 964 1956 384
3 808 1163 2084
3 1436 1126 601
3 1890 633 1852
3 1962 1031 348
3 2506 251 252
3 1149 842 584
3 1886 1462 902
3 623 1885 1811
3 2619 2975 2326
3 217 2409 218
3 1223 729 1622
3 487 951 2086
3 1260 2370 2752
3 1260 1424 693
3 1199 1352 2139
3 2581 1381 2580
3 2627 2624 2398
3 491 1893 1359
3 1647 681 1429
3 1842 580 1187
3 1831 1980 630
3 1443 1441 530
3 1396 823 1173
3 1301 1945 413
3 1490 679 2305
3 2758 963 2757
3 2955 2323 1258
3 2031 2032 695
3 1951 942 50
3 2153 733 1231
3 2717 2718 2374
3 2663 2662 2374
3 2530 2277 2402
3 291 290 2830
3 2098 608 1468
3 1393 2392 2813
3 2182 875 1339
3 676 1491 1101
3 639 2836 2835
3 2396 2160 2687
3 1987 1340 682
3 682 1744 1987
3 298 1667 2188
3 1364 1357 700
3 2722 1864 2721
3 1060 638 2134
3 1903 1291 843
3 2643 240 241
3 398 2184 1238
3 1844 1060 319
3 320 2053 1815
3 1846 985 1492
3 2392 234 2812
3 229 2557 228
3 2814 1393 2813
3 2870 232 2551
3 1008 1678 543
3 1297 2222 559
3 1383 740 1308
3 2764 264 2496
3 1989 590 1369
3 2991 1462 1989
3 2649 3 4
3 2063 624 1165
3 1751 1265 305
3 533 1770 1000
3 234 2617 235
3 1012 2193 1388
3 2583 147 2418
3 2400 133 134
3 2246 1084 44
3 1755 1573 834
3 1724 676 1075
3 728 2055 1600
3 1298 1731 1730
3 880 1704 1595
3 1729 534 1404
3 2123 547 1237
3 2105 448 1534
3 1842 479 916
3 1049 1959 363
3 1250 671 2039
3 1674 1037 874
3 1523 833 1251
3 1665 493 1249
3 1870 1611 314
3 2918 2916 1865
3 1695 569 1496
3 2181 2004 1503
3 441 1819 2179
3 1182 895 727
3 1785 1884 942
3 516 1876 1194
3 2260 942 753
3 2153 440 1573
3 1095 1474 559
3 0 1 2486
3 2986 3 2649
3 2366 2826 2529
3 1646 1563 87
3 196 2549 195
3 1524 1512 1040
3 501 1786 1053
3 429 1737 1994
3 2227 1242 502
3 953 710 2065
3 1822 1722 906
3 926 1316 507
3 677 1049 1361
3 2188 1700 745
3 1985 881 1212
3 803 1421 1671
3 1477 1476 535
3 462 1905 1511
3 1592 38 2232
3 395 1262 1600
3 2555 176 177
3 1020 1617 2206
3 2852 1399 1716
3 1320 510 1319
3 1780 55 668
3 265 264 2677
3 1849 729 1223
3 787 1531 324
3 1791 699 1701
3 1513 977 1443
3 1198 663 902
3 2016 2229 44
3 2166 788 1449
3 1431 883 1430
3 360 1405 850
3 1555 526 868
3 130 2483 129
3 115 2687 114
3 781 2219 1440
3 2140 368 1340
3 1503 2004 26
3 1497 548 1496
3 566 1598 2119
3 1166 1598 566
3 1114 1003 554
3 2245 1099 40
3 1599 960 454
3 1880 421 1515
3 1282 395 845
3 777 1439 2212
3 901 522 1836
3 1379 645 1692
3 2028 2027 2026
3 1592 2232 953
3 2082 1471 547
3 927 1442 530
3 869 363 1491
3 665 1174 1099
3 971 1564 1418
3 922 1661 1425
3 1951 50 1871
3 2693 2307 2692
3 2098 1468 369
3 1672 2095 849
3 2203 628 2053
3 2939 2941 2940
3 1329 2310 932
3 1446 942 1884
3 1141 433 923
3 1475 2167 1006
3 996 336 908
3 1884 1348 586
3 1474 1090 733
3 2321 1399 2852
3 2976 224 2528
3 974 1080 2161
3 2637 2390 1452
3 387 878 1423
3 534 1729 1921
3 2816 2079 1393
3 1137 608 1445
3 1684 1780 668
3 1972 864 860
3 579 1202 1200
3 1051 2248 1668
3 2106 1007 1787
3 406 1458 1162
3 898 2261 2150
3 1118 766 1603
3 1762 1391 532
3 1429 1038 458
3 1975 822 1396
3 2393 184 2623
3 2727 185 2393
3 1628 681 1181
3 990 1647 458
3 2944 1816 2942
3 2318 1201 1447
3 901 1872 374
3 1354 838 509
3 816 1535 2929
3 2653 2280 2452
3 1023 1380 613
3 849 1673 1672
3 247 2532 246
3 2348 2797 2796
3 2251 2177 1032
3 249 2652 2452
3 1257 704 901
3 1142 587 1828
3 2982 2641 2695
3 2685 2464 2290
3 1830 1608 630
3 2051 474 1112
3 2012 1179 1335
3 2881 271 272
3 1657 584 1247
3 2936 2520 2354
3 1466 1295 505
3 505 1666 1347
3 1843 1059 638
3 851 1516 511
3 1539 336 996
3 1185 515 1897
3 493 2039 1249
3 438 1026 1554
3 534 1575 1332
3 671 1151 1929
3 1883 1304 855
3 2227 502 1314
3 2114 1242 748
3 1442 920 1152
3 620 1410 1119
3 988 1705 1786
3 2210 1439 777
3 1367 2212 2103
3 2873 651 1483
3 346 985 1846
3 1551 1151 556
3 2776 2312 2416
3 2158 2175 589
3 338 1789 1283
3 1139 1697 592
3 975 744 2041
3 1053 1786 958
3 1488 2122 635
3 1191 944 339
3 1343 1316 945
3 112 2563 113
3 595 2325 1447
3 2542 176 2381
3 1378 403 799
3 382 1313 2205
3 2035 427 1361
3 1022 393 1207
3 776 451 1206
3 2022 415 1607
3 2730 2368 1961
3 1774 1186 616
3 2051 2052 1099
3 1676 596 1674
3 570 1602 820
3 1201 574 1067
3 1651 807 417
3 352 1279 1221
3 473 1086 1890
3 1326 552 1031
3 304 1086 2214
3 2559 134 135
3 2806 2362 3020
3 2207 350 838
3 1518 503 1230
3 677 1959 1049
3 595 1702 1018
3 1419 1109 593
3 2034 452 1037
3 1094 940 562
3 2861 2860 1226
3 1635 896 1504
3 1346 1930 840
3 862 1409 2124
3 2572 187 2411
3 2469 197 198
3 2472 126 2710
3 2584 1568 2418
3 1109 1822 331
3 936 2142 519
3 1259 2559 2289
3 2683 2463 2682
3 2998 142 143
3 126 2472 125
3 881 335 1246
3 2990 590 1989
3 2290 575 1287
3 1379 1692 819
3 1708 1564 632
3 2793 2369 2792
3 2340 2948 2679
3 1552 307 1027
3 307 1742 1027
3 1211 824 360
3 385 1232 1665
3 1738 1464 831
3 2122 455 1668
3 1378 1158 506
3 2820 187 2477
3 429 1500 1043
3 1117 2842 2861
3 1611 611 1408
3 2841 2840 1675
3 851 1582 1516
3 2724 2342 2723
3 1781 408 1782
3 2387 2879 2164
3 2054 1010 1153
3 2130 791 1793
3 195 2390 194
3 2700 198 199
3 1880 1515 1139
3 1525 535 857
3 1466 1038 321
3 1173 893 418
3 1856 1058 444
3 1404 534 856
3 1577 839 1452
3 816 1536 1535
3 2024 969 1650
3 1585 1209 549
3 933 553 1501
3 1495 1166 352
3 2125 1376 487
3 1263 496 846
3 1970 1181 681
3 2203 2149 628
3 88 1148 2243
3 169 2601 168
3 2197 1104 780
3 824 1405 360
3 236 2522 235
3 1274 2286 563
3 1813 1654 689
3 1416 612 2701
3 1752 1066 418
3 634 1673 1759
3 1567 2918 2808
3 1538 2576 2350
3 380 1076 1990
3 2169 1285 725
3 1597 878 387
3 524 1597 1428
3 734 1321 1956
3 1601 984 459
3 2928 2118 1548
3 2328 2500 2779
3 1333 1543 863
3 1467 609 2818
3 2522 236 3007
3 1454 1140 383
3 2875 2431 2164
3 1910 1545 330
3 1135 794 330
3 205 2547 206
3 1016 1950 724
3 485 2058 1136
3 1217 618 1165
3 583 1625 1397
3 2691 2328 2962
3 2998 2691 142
3 422 1216 865
3 2044 1872 986
3 1639 2094 718
3 1779 900 1143
3 1980 1831 1133
3 591 847 1273
3 1554 1027 438
3 1028 604 1734
3 1156 319 2005
3 192 2819 2513
3 2977 2301 2476
3 860 54 1312
3 2193 446 1547
3 1829 404 871
3 1726 877 1141
3 1231 2128 52
3 1950 1556 724
3 723 2112 1662
3 992 1823 1807
3 1225 412 1722
3 1906 948 1636
3 1100 988 501
3 1700 1074 466
3 1877 2041 317
3 1066 1752 1753
3 1000 1770 1391
3 191 192 2802
3 2026 2256 1019
3 443 1096 1659
3 2021 675 1824
3 2315 2901 2379
3 1549 1542 597
3 373 1566 915
3 2893 2143 2892
3 1518 403 800
3 1801 862 536
3 148 2584 2418
3 2540 2999 155
3 618 1111 1642
3 1699 1236 2371
3 1666 628 1347
3 822 2000 2100
3 2390 2294 1452
3 1386 572 1161
3 1495 1221 548
3 2946 1155 574
3 1124 433 854
3 1712 390 797
3 1013 319 1156
3 1575 336 857
3 1855 40 2052
3 2218 2171 1612
3 1415 1275 790
3 2223 814 1416
3 1589 1536 816
3 2223 1416 2826
3 883 1629 581
3 1955 1874 1014
3 72 2520 2936
3 60 2434 59
3 1797 1795 631
3 1061 1700 466
3 2128 1090 761
3 761 1090 1024
3 1761 379 918
3 254 2970 2574
3 735 1961 1992
3 2412 2317 1029
3 2498 133 2921
3 357 1079 981
3 1711 905 1541
3 1822 499 1722
3 1949 317 1123
3 1910 1388 889
3 2643 2446 2692
3 1454 2816 609
3 1229 381 1045
3 1213 937 518
3 85 1986 1744
3 383 1445 1454
3 1283 1402 338
3 1402 537 1237
3 1591 2194 824
3 1399 2533 2376
3 827 1437 398
3 526 1688 1124
3 1474 733 2154
3 2103 2212 473
3 522 1690 1310
3 2393 1735 1403
3 178 2481 179
3 1485 1113 1438
3 541 1485 1438
3 787 1376 2125
3 2081 345 1422
3 808 600 1627
3 2561 107 2401
3 1931 1096 705
3 2002 327 1759
3 1949 564 1733
3 1757 1017 359
3 771 1209 1585
3 1271 1180 483
3 1793 791 1747
3 1036 471 912
3 2015 686 2229
3 145 2732 146
3 605 1736 1043
3 2304 2913 2388
3 2787 2417 2502
3 1876 43 2230
3 967 457 966
3 2053 628 1815
3 568 910 823
3 1491 363 1101
3 1421 1947 1284
3 298 1929 1551
3 1332 2208 856
3 1758 960 301
3 1876 2230 1194
3 1877 1486 975
3 1408 1017 637
3 1776 2845 661
3 871 1740 1829
3 2821 2595 2423
3 2657 101 100
3 1614 856 1574
3 2065 2064 1078
3 2219 1646 657
3 819 1352 1199
3 2922 2344 2573
3 2442 192 193
3 2206 645 2127
3 2580 1381 2397
3 1539 616 1030
3 1459 617 1005
3 1863 713 1751
3 528 1033 1210
3 2839 2840 2333
3 724 1781 1558
3 2552 272 273
3 2233 2185 656
3 1495 352 1221
3 969 939 490
3 77 1350 2265
3 2591 2278 2448
3 265 2461 266
3 1039 1804 322
3 2525 2486 1
3 2087 1565 367
3 116 2396 115
3 2641 2445 2695
3 1728 961 1222
3 1436 550 1126
3 1628 1181 475
3 300 1970 1867
3 2047 1996 836
3 1048 1966 1965
3 1594 1092 562
3 1321 1279 352
3 382 1242 2227
3 971 1428 325
3 2074 1631 919
3 625 1954 1748
3 1700 1061 2045
3 615 1706 919
3 1428 1053 325
3 1171 2679 2948
3 447 1388 1950
3 1898 1764 659
3 939 339 944
3 593 1109 1050
3 2774 2775 1926
3 2781 2202 848
3 1474 2154 559
3 1900 914 1870
3 2758 2092 480
3 726 1182 1694
3 1610 1640 424
3 1708 632 1707
3 1777 911 496
3 837 2236 1397
3 624 1138 93
3 209 2577 3002
3 2866 197 2469
3 2083 407 1519
3 2092 718 2093
3 2159 774 1407
3 1630 1221 1279
3 2374 182 183
3 2957 2323 2601
3 1210 1033 53
3 1923 737 1723
3 216 2569 217
3 1547 557 1545
3 2544 2308 2858
3 414 1702 1709
3 1360 948 344
3 698 1650 1195
3 417 1163 1651
3 2011 1988 417
3 2041 2042 1123
3 880 546 1403
3 1076 2162 1778
3 1438 2066 1174
3 1528 1161 652
3 2079 2870 2551
3 1667 1551 950
3 1442 1152 530
3 2155 1991 786
3 1996 786 1995
3 2586 1623 2420
3 2013 1202 648
3 1016 306 1582
3 1939 897 1912
3 1964 1001 715
3 1262 1264 561
3 1680 1206 297
3 1662 2112 1189
3 1228 2196 2105
3 651 1761 1483
3 2435 2851 2839
3 1686 1582 523
3 423 2155 1996
3 1511 1905 887
3 1631 2072 919
3 1895 1100 324
3 1820 746 1061
3 925 427 926
3 1181 804 475
3 559 2154 1573
3 1560 316 1887
3 997 2093 354
3 344 945 1316
3 1235 32 659
3 1847 606 1739
3 1676 483 1180
3 580 1504 1187
3 1215 2117 739
3 1304 561 1574
3 1718 1652 385
3 517 1297 1755
3 955 854 433
3 867 1989 1462
3 1759 1673 475
3 2152 1009 2034
3 1976 2152 400
3 1675 2840 2839
3 225 2976 2527
3 1094 326 1034
3 1787 1007 1756
3 201 2619 202
3 2853 2357 2524
3 2155 786 1996
3 1659 1096 589
3 2039 671 1929
3 957 555 1522
3 523 1582 1405
3 2217 1002 341
3 2648 2278 2449
3 2553 1288 2394
3 1017 1757 637
3 1017 421 2136
3 1710 1450 526
3 1211 482 824
3 2597 277 2424
3 388 1658 1660
3 1070 1170 592
3 2860 484 2116
3 1781 1556 408
3 1473 2254 1021
3 1566 1103 477
3 450 2203 989
3 629 54 1444
3 194 2737 195
3 1180 358 1081
3 1868 1736 605
3 807 1651 601
3 1691 1217 837
3 1642 1111 386
3 1270 370 1424
3 1131 545 1073
3 850 1618 360
3 1207 393 1064
3 893 1168 467
3 1183 297 1005
3 2775 2890 1926
3 1257 1325 704
3 1023 613 1766
3 1826 1462 457
3 1680 532 946
3 1521 2020 555
3 1967 1968 21
3 99 2656 2453
3 2934 2343 1219
3 2836 1236 1699
3 671 1250 907
3 1249 2039 1929
3 1705 1102 1314
3 1873 703 986
3 2124 308 1738
3 1851 1320 511
3 2729 1961 2331
3 2438 182 2624
3 1715 1370 963
3 796 1540 632
3 1904 1361 925
3 1428 1597 792
3 1590 2123 426
3 1371 501 1280
3 1191 2204 1664
3 1978 1824 431
3 2023 698 1764
3 2867 2322 2497
3 1598 1873 411
3 2606 2428 2769
3 2008 949 751
3 943 490 1794
3 2040 596 1081
3 1295 517 1296
3 2253 761 1024
3 1046 2180 821
3 2991 902 1462
3 1411 1886 663
3 437 1766 1024
3 404 1749 871
3 2629 880 2628
3 2020 330 794
3 2376 2276 1399
3 2432 251 2613
3 2276 2847 2444
3 2086 951 430
3 438 1027 1741
3 1719 774 27
3 1037 452 874
3 2703 153 154
3 1172 2289 2683
3 1344 809 775
3 2011 809 1988
3 1322 309 697
3 1222 961 295
3 2180 2100 821
3 1194 2230 686
3 2021 432 1823
3 1877 1133 604
3 1722 1541 906
3 339 1184 2204
3 864 1455 1210
3 3014 3015 1583
3 2747 2318 2746
3 2768 2382 2767
3 1115 1036 299
3 430 2042 2101
3 1614 1574 561
3 468 2172 1830
3 2545 2373 2386
3 1538 2667 2668
3 2007 875 1637
3 1128 934 700
3 1838 506 1233
3 166 2550 167
3 1284 495 845
3 1665 2045 385
3 1869 1083 1841
3 1112 1653 380
3 1889 907 871
3 671 907 1928
3 1338 513 961
3 1115 1918 1036
3 1838 1167 506
3 950 861 397
3 2668 2667 773
3 943 1908 309
3 683 1636 930
3 2163 1847 1047
3 2125 487 1924
3 641 1869 1841
3 983 1685 296
3 1480 1071 343
3 1484 1887 736
3 1679 1520 314
3 109 2423 110
3 2950 111 2595
3 1892 844 1744
3 1339 1882 350
3 403 1637 875
3 2308 2485 2858
3 121 2489 122
3 558 1241 1747
3 2152 1976 1009
3 1704 679 1216
3 188 187 2820
3 1644 401 1875
3 1732 602 1731
3 2417 2388 1750
3 2548 2982 2304
3 2022 1532 415
3 1703 1425 479
3 434 867 1826
3 1713 1198 514
3 769 2264 1914
3 47 902 2991
3 431 1824 2074
3 1737 429 1043
3 835 1619 2209
3 2108 2783 848
3 1976 731 1009
3 2148 2147 771
3 2094 1461 2093
3 1685 1170 1478
3 715 1610 1964
3 500 1300 956
3 949 450 1398
3 1607 415 1537
3 1410 472 1119
3 1121 633 1086
3 2364 2976 2528
3 1950 1388 982
3 442 1948 1762
3 2002 1759 1046
3 623 1763 1885
3 528 1088 440
3 1195 376 1487
3 911 1264 496
3 312 911 1879
3 1090 437 1024
3 2001 2002 821
3 1951 806 1785
3 1672 1129 361
3 1908 930 309
3 1794 1768 436
3 2866 2294 2549
3 1258 2752 2313
3 715 1001 1963
3 897 2166 1449
3 719 1229 1194
3 893 1752 418
3 2052 2051 707
3 1898 2023 1764
3 2050 2990 1055
3 321 1295 1466
3 1004 1655 1609
3 1539 1525 336
3 611 1870 1682
3 424 1213 1212
3 356 1028 1740
3 2879 2877 2164
3 1879 911 1336
3 1777 1077 672
3 2102 1494 1174
3 2055 395 1600
3 1409 521 1233
3 2550 2287 2868
3 2831 288 2389
3 1382 1974 486
3 523 1405 824
3 1013 1156 510
3 670 1782 1862
3 445 1013 1245
3 2038 1882 717
3 2754 214 2492
3 2161 1080 716
3 868 337 1555
3 942 1951 1785
3 1360 1853 513
3 615 919 2072
3 764 2181 1177
3 1594 562 1271
3 1203 594 873
3 483 1676 1725
3 2259 977 37
3 2183 828 1150
3 2130 2931 833
3 1756 1007 2151
3 664 961 1728
3 1442 1708 920
3 1632 1835 757
3 1706 632 1540
3 2034 1009 452
3 2129 1007 2106
3 1807 699 1791
3 1850 729 1849
3 865 315 1234
3 954 1797 354
3 1930 841 1875
3 546 1461 2094
3 1796 941 1749
3 521 1196 1143
3 1306 1021 817
3 1543 1467 364
3 1288 694 2293
3 1218 542 2763
3 1769 378 1192
3 2962 1894 2964
3 1498 2044 703
3 2284 1538 935
3 96 97 2502
3 1569 1111 582
3 1940 1222 1496
3 554 1833 1365
3 278 2597 2951
3 1296 390 1712
3 2176 832 1937
3 712 1938 1289
3 291 2505 2995
3 2891 2143 2893
3 1313 826 492
3 34 1791 1934
3 640 1155 1107
3 1407 459 984
3 1248 577 1247
3 275 2880 2553
3 2905 2622 2904
3 2672 2459 205
3 1970 990 1867
3 1713 48 1811
3 1308 2375 538
3 863 1654 1333
3 1042 538 1351
3 2987 2653 2652
3 1587 369 1161
3 2285 2079 752
3 1911 416 2033
3 517 2014 1296
3 2401 1698 1902
3 732 1743 2822
3 453 1645 1803
3 24 947 765
3 308 1233 2113
3 1176 1560 793
3 626 2263 2159
3 27 558 1719
3 354 2093 1461
3 2536 2306 2377
3 589 1096 2158
3 1921 413 908
3 469 939 969
3 891 1191 492
3 439 1564 1708
3 2205 1313 749
3 1053 958 325
3 2205 749 1290
3 2013 1306 371
3 1317 1200 371
3 1607 910 568
3 49 1413 1763
3 1921 1729 1301
3 1992 1961 1244
3 564 2224 1324
3 2124 1500 862
3 1058 1476 1477
3 1880 592 983
3 540 1478 1170
3 1697 1608 1070
3 983 296 1857
3 564 1323 1733
3 987 2329 2608
3 1327 1365 667
3 2132 23 1436
3 1458 1967 898
3 1731 347 840
3 551 1010 1349
3 339 939 938
3 2114 325 958
3 1979 700 1357
3 1709 1702 873
3 428 1847 981
3 1378 1167 800
3 1346 347 900
3 602 1567 1730
3 1367 730 2104
3 1530 2213 973
3 1312 1973 860
3 2154 733 2153
3 534 1332 856
3 1074 1667 587
3 1583 3015 829
3 1025 2316 1583
3 388 1805 1658
3 1757 674 1679
3 832 1390 535
3 1741 1027 603
3 1136 794 1135
3 1030 616 1775
3 361 1394 2095
3 1029 2317 2872
3 873 362 1203
3 498 1979 1357
3 316 1560 1176
3 1930 1875 840
3 430 2101 2086
3 1739 357 981
3 397 1561 1142
3 734 1410 1279
3 1629 393 1022
3 1156 1805 903
3 1695 892 784
3 947 2190 1434
3 333 2142 1916
3 344 948 1906
3 1390 2208 857
3 1789 1282 495
3 1895 1820 1075
3 745 1665 1249
3 1014 1851 511
3 555 1520 1521
3 1895 1075 676
3 1475 1006 1341
3 1250 1486 1586
3 442 1762 1337
3 1206 1693 581
3 1022 1207 512
3 1761 2829 2117
3 1126 353 807
3 1158 1205 508
3 443 1932 1096
3 712 1912 1660
3 2088 829 3017
3 1953 1860 658
3 231 2376 232
3 3013 247 246
3 1196 536 1633
3 149 148 2545
3 1118 1694 42
3 2244 1118 42
3 788 903 2168
3 1444 864 629
3 2868 2287 2415
3 1788 333 1220
3 2291 2819 2524
3 1058 296 1476
3 1125 349 998
3 2171 805 1612
3 1785 806 2137
3 1446 586 1413
3 1463 640 1214
3 2657 2281 2454
3 2821 2300 2595
3 1852 633 1069
3 1183 1005 617
3 1845 970 1843
3 900 1167 1838
3 2667 2048 773
3 738 2131 1267
3 457 1462 1886
3 1546 999 2726
3 1829 1740 603
3 1854 1855 2052
3 1963 1001 1948
3 1480 540 1479
3 1239 1175 301
3 1734 1741 1028
3 592 1880 1139
3 2279 747 2938
3 2548 2304 2388
3 1498 374 2044
3 2927 2383 1329
3 908 336 1575
3 395 1282 846
3 1348 476 1130
3 1412 753 1446
3 514 1198 2135
3 2016 1773 719
3 628 2149 1347
3 663 1885 1413
3 2576 1538 2413
3 1491 1417 869
3 1983 2070 392
3 175 2464 174
3 1924 2086 882
3 861 556 1550
3 703 1166 1495
3 1604 313 1334
3 2552 273 2394
3 2348 2796 3012
3 1987 1744 1986
3 1892 1744 682
3 1357 1364 315
3 2326 2849 2848
3 818 1507 1108
3 2030 2070 811
3 920 36 666
3 2065 710 2064
3 2880 275 276
3 2012 1335 579
3 2326 1370 2849
3 2952 491 2879
3 988 465 1705
3 944 490 939
3 2221 1798 402
3 2692 1952 2693
3 2043 1144 2073
3 1818 1550 556
3 1733 1323 1071
3 404 1083 1869
3 1087 1160 1613
3 2017 1613 775
3 1903 1340 368
3 2665 218 219
3 1497 1496 569
3 1361 427 925
3 1905 516 887
3 1863 1751 835
3 1517 1223 427
3 938 469 1792
3 1907 943 1794
3 1925 1915 936
3 1540 2074 919
3 1794 944 1768
3 1619 835 1751
3 1672 1673 634
3 2170 2083 1185
3 2218 899 2171
3 1863 1493 416
3 1755 559 1573
3 1337 1183 617
3 1425 2033 416
3 449 1246 887
3 1511 917 462
3 1369 2991 1989
3 2077 418 1066
3 2141 331 1977
3 552 1326 1922
3 455 1488 1050
3 664 1915 1338
3 340 2167 1475
3 1521 408 885
3 731 1977 1457
3 441 1034 1645
3 548 1940 1496
3 1690 1079 1310
3 973 566 1530
3 376 969 1559
3 1479 468 1071
3 1844 319 1013
3 1649 362 873
3 1310 357 830
3 1885 1198 1811
3 1723 1045 381
3 746 2125 1924
3 1249 2188 745
3 1760 295 961
3 1900 1520 957
3 118 2407 119
3 1745 1584 1018
3 802 610 1465
3 221 2716 2474
3 1374 2043 481
3 1518 800 1298
3 37 1513 1957
3 2062 1076 1778
3 1779 1346 900
3 800 347 1298
3 1778 672 1077
3 1599 573 960
3 1076 380 2162
3 1289 1938 518
3 1227 1866 494
3 573 1239 960
3 1823 432 1807
3 1904 1102 677
3 1753 1914 1066
3 2165 2131 1168
3 1869 1796 404
3 1239 573 1213
3 1659 589 1658
3 2020 794 1522
3 1610 1941 886
3 1859 658 1008
3 1475 1154 340
3 1911 2033 921
3 1922 986 1872
3 703 2044 986
3 1398 989 531
3 1449 2168 388
3 261 2421 260
3 650 1942 2960
3 1471 338 1402
3 1772 1540 796
3 1944 343 1655
3 1777 496 1263
3 709 1878 1302
3 1841 1145 641
3 705 1932 1821
3 573 1985 1212
3 993 537 1283
3 1423 525 1421
3 1213 518 1239
3 1629 883 1431
3 1004 1944 1655
3 1520 555 957
3 890 1451 1204
3 1830 2172 1070
3 2095 1672 361
3 864 1210 629
3 2693 1330 2307
3 2557 2399 228
3 567 1827 1207
3 3014 2598 2369
3 1142 614 869
3 861 1633 1469
3 2333 2706 2705
3 1591 1189 328
3 121 2909 2489
3 1651 1163 808
3 1517 736 1887
3 1958 971 325
3 2081 525 878
3 1850 428 892
3 302 1261 1314
3 1261 492 826
3 1529 1559 697
3 1993 397 1469
3 2772 836 2770
3 662 1656 1593
3 1177 570 820
3 1225 519 1011
3 1931 952 1758
3 1693 1206 451
3 1065 43 1876
3 2033 1683 921
3 1827 512 1207
3 1965 995 320
3 416 1493 922
3 297 1286 1005
3 2150 2261 758
3 601 1651 1627
3 2888 1902 2423
3 2561 108 107
3 1902 1698 732
3 1537 494 1267
3 1045 737 1377
3 2018 714 1492
3 989 1398 450
3 1231 1557 2153
3 834 337 1448
3 2095 1394 527
3 2238 1208 754
3 1297 517 1295
3 1210 53 629
3 1975 418 2077
3 1526 467 1084
3 1363 1015 549
3 731 1349 1009
3 1783 549 1209
3 376 1559 1529
3 1564 439 1418
3 1428 792 1053
3 2712 2220 2917
3 164 2823 2430
3 2200 1453 303
3 482 1953 1188
3 383 1465 1137
3 2716 221 222
3 2964 2467 2962
3 2958 2957 2009
3 544 1131 1073
3 2714 693 2715
3 2884 176 2555
3 2206 370 1270
3 1990 1076 708
3 300 1867 1240
3 619 1506 1433
3 2846 248 2452
3 1987 599 1032
3 2549 196 2866
3 1839 1092 2059
3 1508 571 1057
3 910 1607 1537
3 1826 867 1462
3 40 1099 2052
3 1240 1867 751
3 2961 2216 2507
3 1405 851 850
3 1104 2197 2120
3 2861 2842 2860
3 487 1671 951
3 605 2124 1738
3 1142 1828 397
3 1133 317 1980
3 1717 687 890
3 557 1546 1545
3 2321 2852 2851
3 2770 2769 2215
3 2755 2756 2494
3 1432 1569 582
3 2807 2273 2518
3 2837 639 2835
3 1319 510 903
3 1493 1863 835
3 741 1914 2076
3 1826 2001 434
3 1573 2154 2153
3 904 437 1095
3 2015 719 1194
3 1183 1337 532
3 2761 2348 2760
3 2588 2367 2421
3 1498 548 1497
3 764 2004 2181
3 1096 1932 705
3 1936 1775 616
3 1362 516 1229
3 1663 1022 1286
3 2732 2334 2097
3 396 1868 831
3 681 1971 1429
3 45 1753 894
3 1260 2752 1258
3 2659 2009 2455
3 1432 2745 2160
3 1997 2697 2696
3 2658 2454 2608
3 1788 1630 620
3 1179 2309 2351
3 2505 291 292
3 2468 270 271
3 3012 254 2759
3 435 2133 876
3 2203 2053 989
3 1923 1267 494
3 1606 823 394
3 821 2100 2000
3 809 2017 775
3 2186 406 1721
3 1562 334 1398
3 526 1450 868
3 2862 61 2546
3 371 1200 2013
3 2840 1117 2706
3 970 1862 2156
3 1835 1823 992
3 1338 1915 425
3 1526 1084 756
3 1562 531 946
3 2204 749 1664
3 958 1242 2114
3 1958 1772 796
3 891 492 1481
3 2396 1432 2160
3 2025 366 812
3 1372 1982 544
3 2198 1197 366
3 2704 2470 2703
3 1294 1197 692
3 1256 1499 578
3 1254 642 1255
3 2324 1293 1720
3 545 1197 1294
3 2541 2380 157
3 2139 585 1148
3 1054 2140 1571
3 646 2031 1020
3 1002 1963 1620
3 783 1328 1683
3 1907 1908 943
3 1052 2122 1668
3 1916 1915 664
3 1847 1739 981
3 2978 2312 2631
3 2776 1745 2777
3 1309 1690 522
3 1311 396 1837
3 1745 2543 2382
3 1067 1463 362
3 1144 1797 1120
3 2302 2728 546
3 1977 731 1015
3 1062 2089 771
3 1550 1818 934
3 591 1553 847
3 2057 795 389
3 1937 540 1480
3 195 2482 196
3 2612 209 2431
3 1036 912 299
3 1367 1839 777
3 1734 604 1133
3 2093 997 2092
3 293 2405 294
3 281 2625 282
3 2507 261 260
3 2216 2771 2949
3 2869 2287 2550
3 2381 175 2620
3 11 2855 2538
3 2403 14 15
3 2050 1055 46
3 2001 821 2000
3 398 895 1182
3 1985 335 881
3 2184 828 1238
3 1485 342 1113
3 1770 334 1391
3 1693 985 581
3 2213 1439 384
3 1115 685 1918
3 464 2065 1078
3 2169 2183 454
3 212 2504 2794
3 870 2173 1547
3 1677 2844 2843
3 2590 870 2589
3 1245 1013 510
3 2528 2274 2364
3 1674 596 1106
3 441 1035 1819
3 2773 2440 2631
3 488 1164 2084
3 474 2066 1438
3 2061 706 1854
3 1590 1943 978
3 395 1004 845
3 782 1510 1569
3 2236 837 588
3 1855 1854 706
3 1485 1437 827
3 41 2262 1494
3 2200 1284 845
3 1285 454 960
3 665 2102 1174
3 462 1065 1905
3 2067 1526 756
3 2380 156 157
3 2999 2540 2324
3 1524 560 1512
3 1510 782 1400
3 839 1616 1433
3 2511 2802 2275
3 1576 612 1416
3 325 2114 1958
3 35 2072 1631
3 2381 176 175
3 1749 1901 625
3 1102 1960 677
3 1488 593 1050
3 2823 164 163
3 700 934 1954
3 2229 2016 2015
3 2000 822 1570
3 1785 476 1884
3 2135 902 47
3 1794 490 944
3 1081 1601 2040
3 2493 2314 2753
3 228 2399 227
3 2896 477 1103
3 74 2512 2810
3 1371 2226 787
3 2082 1077 1471
3 1283 1789 495
3 1174 1494 541
3 957 515 1900
3 296 1685 1478
3 778 2214 2211
3 779 2157 1645
3 2830 2530 2402
3 1141 877 433
3 1789 1263 846
3 2224 430 1324
3 2898 16 17
3 1549 1116 1542
3 2368 268 267
3 329 1991 1661
3 2151 1007 1523
3 1109 331 1050
3 1129 2090 2137
3 1380 806 613
3 1001 1964 310
3 1246 449 881
3 2436 202 2619
3 1735 2623 2438
3 1157 546 2094
3 2596 2306 2482
3 1567 2920 2919
3 1403 2728 2393
3 440 1088 1573
3 798 1265 2115
3 2929 2096 653
3 2929 1535 2096
3 1709 594 872
3 142 2440 143
3 2460 2672 206
3 1340 1032 598
3 2645 153 2447
3 2992 2670 2363
3 894 2067 45
3 451 2018 1492
3 1376 803 487
3 1586 604 1028
3 1694 1596 42
3 887 516 1362
3 473 2212 2211
3 1349 452 1009
3 2190 779 1645
3 2214 1086 2211
3 1431 393 1629
3 1992 497 1104
3 1410 964 472
3 2152 1062 400
3 2129 1523 1007
3 2130 833 2129
3 923 337 858
3 2598 276 275
3 1030 1775 1477
3 2368 267 2680
3 694 1193 1891
3 2784 2763 1303
3 2829 1527 2828
3 2296 2809 2471
3 851 1578 850
3 1483 1761 918
3 2916 2917 2220
3 1356 1257 673
3 1850 892 1853
3 382 1754 1242
3 1033 440 1557
3 1098 1846 714
3 447 1016 1686
3 1064 393 1678
3 889 1545 1910
3 1504 311 1187
3 2742 2343 2686
3 644 2118 2928
3 25 1790 1035
3 1819 820 940
3 2597 278 277
3 2782 1624 2720
3 2881 2293 2468
3 2763 2784 722
3 519 1224 930
3 1668 455 1051
3 1443 426 979
3 748 1754 1978
3 1837 1354 673
3 872 1882 2038
3 1960 1102 465
3 953 2232 710
3 1270 576 1269
3 1563 2219 781
3 1470 1131 392
3 2957 2455 2009
3 751 1532 2022
3 2014 390 1296
3 2152 770 1062
3 1345 1015 731
3 1585 400 771
3 1668 759 1052
3 505 1712 1666
3 719 1773 1771
3 1630 1788 1220
3 1689 313 1356
3 2406 1025 2202
3 2424 3014 1583
3 1064 1678 658
3 2158 1096 1931
3 1723 381 1085
3 738 1168 2131
3 1156 2005 1805
3 1682 407 1273
3 1771 1085 381
3 949 2008 450
3 2546 61 62
3 2647 67 2985
3 1199 3010 819
3 2395 2009 2659
3 1465 610 1137
3 1589 369 1536
3 1106 1787 323
3 1977 1015 2141
3 777 2212 1367
3 1925 1636 425
3 75 2487 2512
3 2144 2486 2788
3 114 2465 113
3 2786 2401 2785
3 1394 361 1023
3 282 2439 283
3 906 551 1457
3 2148 2266 2147
3 1146 2130 461
3 1328 783 1703
3 2008 1867 990
3 1126 1808 353
3 304 1121 1086
3 1209 680 2078
3 412 1920 1711
3 973 1956 1321
3 1725 1153 483
3 860 1973 1972
3 294 2405 2565
3 1394 1023 904
3 1448 337 868
3 2872 2317 2871
3 1804 1056 1593
3 1991 1281 786
3 2020 1521 885
3 2151 1523 460
3 1251 762 1063
3 341 1002 2006
3 1599 454 2183
3 2258 2159 984
3 400 1585 1345
3 2744 2838 1219
3 2687 2465 114
3 2661 182 2374
3 1040 619 1616
3 1030 535 1525
3 1733 468 1072
3 1848 1047 660
3 1733 1072 1949
3 2073 1144 641
3 205 2974 2547
3 893 1173 2165
3 1815 1048 320
3 788 2168 1449
3 1858 359 1017
3 1404 1302 1729
3 970 1874 1862
3 444 2134 1856
3 1660 1912 388
3 1477 444 1058
3 1477 535 1030
3 1671 1421 303
3 1120 1797 631
3 1868 605 1738
3 1682 1519 407
3 2005 319 1186
3 2057 1136 711
3 2569 216 2968
3 2083 805 2171
3 2174 693 1424
3 576 1270 1424
3 726 917 1243
3 887 1362 449
3 1390 857 535
3 2245 665 1099
3 2071 2581 2580
3 716 1272 2161
3 1838 1143 900
3 148 147 2731
3 933 411 1502
3 1817 550 1436
3 822 2077 1570
3 449 1362 1045
3 520 1222 1940
3 1819 1790 820
3 815 1580 2917
3 2631 2312 2773
3 2244 766 1118
3 638 1845 1843
3 886 1941 881
3 444 1477 1775
3 256 2953 2495
3 2796 2506 252
3 102 2658 103
3 678 1134 1969
3 458 1647 1429
3 1628 1971 681
3 502 1705 1314
3 1741 1734 438
3 2744 582 1342
3 1397 95 1068
3 2191 779 2190
3 1035 2249 25
3 1089 353 1044
3 1435 1817 1436
3 1832 1107 391
3 2882 2047 2772
3 2845 1776 2952
3 328 1451 962
3 591 1554 1553
3 2167 788 1006
3 2368 1244 1961
3 2792 274 273
3 2680 266 2461
3 497 2199 1281
3 848 2782 2781
3 812 2030 2029
3 3006 131 132
3 662 2109 2105
3 877 1726 2146
3 38 978 1943
3 1371 324 1100
3 564 1324 1323
3 1599 2183 1150
3 835 2209 1493
3 1244 2368 2681
3 776 1206 1680
3 321 1038 1696
3 708 2061 1854
3 469 969 2024
3 675 1823 1835
3 1634 1792 699
3 2956 2455 2957
3 2031 695 1617
3 2543 137 136
3 1234 422 865
3 312 1404 1614
3 1494 895 1437
3 928 2209 448
3 1328 311 1008
3 1501 2119 933
3 2909 2567 2310
3 344 1906 945
3 1365 852 554
3 2214 778 1530
3 764 1177 2252
3 1094 1092 326
3 1439 2210 384
3 1790 25 2252
3 331 1822 906
3 1171 2948 1995
3 2793 2331 1514
3 2197 1228 410
3 2980 2639 243
3 1578 851 511
3 897 2006 1459
3 1554 1552 1027
3 1880 2136 421
3 89 1379 2241
3 1199 647 3010
3 2542 177 176
3 2287 2910 924
3 1799 972 1218
3 2532 2280 2375
3 1909 531 989
3 2095 527 1971
3 204 205 2459
3 2866 196 197
3 1263 1789 338
3 1077 1777 1263
3 2779 2500 2778
3 1255 366 1254
3 993 1641 537
3 632 1564 796
3 1707 632 1706
3 1428 971 524
3 544 2174 1372
3 2032 2228 90
3 1129 2137 1380
3 886 449 1377
3 1240 2022 1607
3 1066 1914 741
3 1055 1570 741
3 1474 437 1090
3 1099 2066 2051
3 1494 2102 41
3 1814 863 364
3 656 2185 1149
3 2817 2814 1330
3 538 1042 1383
3 2146 859 2085
3 2389 288 287
3 2744 1219 2743
3 2465 2742 2686
3 2806 2273 2362
3 1432 582 2745
3 2238 55 1208
3 2951 2597 2316
3 1576 1054 612
3 2973 1159 802
3 817 1456 1657
3 1472 1825 976
3 1533 576 2959
3 1352 365 1252
3 1260 1258 576
3 2883 179 180
3 2955 2313 2491
3 2752 2490 2313
3 1168 738 1085
3 462 1913 1603
3 1238 828 2183
3 1600 1304 728
3 1876 516 1065
3 1570 2077 741
3 2756 2899 2494
3 2937 2189 1068
3 1807 1634 699
3 763 1701 1093
3 1251 833 2932
3 323 1787 1756
3 2475 2299 2718
3 86 2250 2177
3 2578 2372 2414
3 2558 226 227
3 2268 1063 762
3 833 1523 2129
3 1638 528 1455
3 967 327 2002
3 1368 842 2185
3 371 1306 817
3 146 3011 145
3 92 2255 2225
3 1881 2697 1236
3 644 1108 2255
3 1792 1093 1701
3 1786 502 958
3 1976 400 1345
3 1482 1271 562
3 464 2062 1778
3 785 1754 382
3 1413 49 1412
3 586 1446 1884
3 778 2211 1439
3 1645 2157 441
3 388 2168 1805
3 2201 1113 772
3 1251 2932 762
3 461 2106 2107
3 2001 1826 967
3 1401 394 2180
3 1247 577 1317
3 2433 58 2615
3 2089 460 1063
3 30 2266 2148
3 1382 1208 929
3 955 1656 662
3 1251 1063 460
3 2931 1318 29
3 2844 1105 2330
3 2377 1370 2535
3 409 1928 1748
3 2671 2363 2670
3 266 267 3009
3 1149 79 2240
3 2648 2448 2278
3 2591 1579 2278
3 582 1111 2087
3 2807 120 121
3 2801 2509 219
3 2274 2824 2510
3 1433 2572 2411
3 657 2243 2219
3 991 2725 1648
3 2726 999 2724
3 2202 2780 2439
3 289 288 2831
3 286 2996 2517
3 1623 1278 529
3 2788 2486 2525
3 2650 2938 1414
3 2797 2338 2506
3 1544 1465 383
3 2988 2499 2327
3 318 1327 2017
3 73 2810 2520
3 2586 70 71
3 2956 170 2455
3 1424 1260 576
3 2284 935 1230
3 1292 504 2007
3 2392 233 234
3 1132 2929 653
3 1415 375 843
3 1276 1810 2372
3 1818 409 934
3 2413 156 2576
3 2770 836 2771
3 2116 2111 1215
3 2709 2360 2708
3 2514 150 151
3 2685 1287 2395
3 2959 690 1533
3 1644 1875 841
3 2758 1639 718
3 1648 2311 991
3 1234 941 631
3 2654 2338 1621
3 915 688 1825
3 2161 1272 560
3 2701 2385 1416
3 2704 2295 2470
3 150 2514 2933
3 2638 2345 3013
3 1662 482 896
3 2862 2434 60
3 2895 2894 2337
3 135 2887 2559
3 2298 2711 607
3 2549 2294 2390
3 2923 2299 2475
3 391 1727 1832
3 2909 120 2567
3 2439 2780 2626
3 1382 486 1208
3 2477 186 2727
3 1795 1595 422
3 2734 1331 2384
3 1927 2906 2336
3 2049 1082 747
3 1802 1342 367
3 184 2393 185
3 1157 2357 2302
3 190 2524 191
3 1169 661 998
3 2643 241 2446
3 251 2506 2987
3 2383 123 2748
3 2766 115 114
3 1806 2804 2419
3 1809 649 976
3 2567 1489 2310
3 1584 2768 595
3 2504 211 2969
3 1900 515 914
3 2485 2747 2746
3 1598 411 933
3 2634 159 160
3 1888 1260 693
3 2753 2492 215
3 1315 2905 2904
3 782 1569 1432
3 1605 2912 2914
3 2679 2462 2678
3 1514 2331 3018
3 2018 451 995
3 2574 255 254
3 2440 142 2631
3 2489 2909 2310
3 1190 767 1041
3 2973 1358 627
3 1896 1473 976
3 2893 2080 1278
3 2444 229 228
3 2800 2342 2510
3 1890 1086 633
3 2404 2300 1746
3 173 2395 172
3 2491 2954 2955
3 2540 155 156
3 2470 152 153
3 2325 2570 2410
3 138 2416 139
3 2596 963 2306
3 2737 2347 2596
3 2657 2453 2281
3 2609 987 2608
3 2295 1720 1073
3 2999 154 155
3 1962 1114 553
3 2989 2329 2501
3 198 2377 199
3 2848 1677 2843
3 489 1804 1426
3 2605 2412 2215
3 2887 135 136
3 2966 692 2198
3 2874 2865 651
3 2859 739 2827
3 1709 2038 414
3 2775 2037 717
3 1677 2849 661
3 2056 2877 491
3 743 2906 1927
3 220 2924 219
3 1103 2930 2297
3 1579 959 2594
3 1248 2121 377
3 1303 2761 2760
3 2683 2682 2339
3 2228 2032 2031
3 2196 928 448
3 1375 346 1098
3 2798 247 3013
3 2970 2614 2317
3 795 2057 1359
3 219 2509 220
3 110 2604 2427
3 2982 2548 100
3 598 2177 1080
3 1615 619 1040
3 2864 2871 2432
3 2971 2613 250
3 1472 976 648
3 2080 2265 1350
3 195 2737 2482
3 2398 180 2735
3 654 1543 1333
3 1178 2653 2654
3 642 1256 1255
3 1568 2349 1073
3 2526 2270 2823
3 2350 2984 2645
3 283 2585 2419
3 2293 2552 2394
3 2515 2805 280
3 2689 2995 2894
3 1527 2341 2799
3 2722 2353 1226
3 2420 2320 2587
3 1681 1566 477
3 2352 1103 2297
3 78 1473 1896
3 722 1218 2763
3 2079 2551 2392
3 2523 189 188
3 2757 963 2596
3 2755 13 14
3 2650 2358 2649
3 269 2426 268
3 266 3009 2765
3 2738 1998 2391
3 3019 2360 2807
3 2963 692 1894
3 2803 2295 2514
3 1549 1510 1116
3 125 2707 124
3 2592 2415 1865
3 2188 1074 1700
3 485 2726 2725
3 999 2274 2342
3 2511 2275 2344
3 2637 2442 2636
3 1415 843 563
3 1274 563 814
3 262 2588 261
3 1041 402 1798
3 2681 2680 2461
3 2680 267 266
3 2202 2108 848
3 1995 2948 2771
3 690 2958 2009
3 1020 2126 646
3 106 107 2832
3 1565 618 1691
3 213 214 2754
3 2924 1927 2336
3 2666 2048 2667
3 2917 1580 1490
3 191 2511 190
3 1616 399 1524
3 654 1140 1543
3 245 246 2537
3 2173 557 1547
3 223 222 2824
3 197 196 2850
3 637 1757 1679
3 2814 2813 2356
3 609 1467 1140
3 1068 2189 583
3 2937 1068 2791
3 2540 156 2380
3 1983 392 1982
3 1216 1580 401
3 1745 2776 2416
3 594 1334 1689
3 986 1326 411
3 1902 2821 2423
3 2908 2322 2568
3 2674 2460 2673
3 211 2578 2414
3 2577 209 210
3 1132 1981 652
3 162 2526 163
3 935 2099 1518
3 1359 711 2056
3 2535 1370 2326
3 97 98 2787
3 2914 888 2698
3 1780 853 929
3 2782 2301 2781
3 86 2177 2251
3 2826 1416 2385
3 3020 2362 2554
3 607 2711 1385
3 1643 375 1528
3 2694 2693 740
3 1795 1797 954
3 2136 1858 1017
3 2515 2351 2805
3 1335 1202 579
3 1452 2275 2637
3 2581 2071 721
3 2472 2707 125
3 2237 1217 94
3 172 2659 171
3 2555 2290 2884
3 2523 2302 2357
3 1567 2919 2918
3 2644 242 243
3 2644 1952 2446
3 2339 2964 2965
3 2997 2339 2682
3 1327 1147 478
3 2329 2658 2608
3 2046 853 1624
3 280 2406 281
3 367 1691 1625
3 7 2854 2450
3 1069 420 931
3 2563 2404 113
3 289 2530 290
3 2202 2781 2780
3 1312 754 486
3 2369 275 274
3 2941 1746 2942
3 1458 898 1162
3 104 105 2642
3 2934 2010 2427
3 1370 2306 963
3 2725 991 2058
3 403 875 799
3 126 2485 127
3 1769 2664 1615
3 1533 1269 576
3 2605 256 2412
3 2721 2443 2639
3 2382 1584 1745
3 2036 980 717
3 2577 210 2414
3 84 994 1981
3 2919 2075 815
3 1196 1633 351
3 2732 2479 146
3 2544 125 124
3 1881 639 1802
3 18 2502 2417
3 2174 1424 1372
3 144 2500 143
3 1681 1579 968
3 277 2811 2521
3 2895 959 2896
3 63 2449 2863
3 259 2599 2425
3 972 1798 2221
3 1292 2386 2373
3 2593 171 2422
3 97 2499 2988
3 478 1160 1087
3 1025 829 489
3 2406 2625 281
3 2897 1193 2359
3 259 2425 258
3 274 2394 273
3 2271 1193 577
3 2806 119 2518
3 3019 121 122
3 2288 1171 1244
3 265 2677 2461
3 213 2794 2429
3 1273 847 611
3 2284 2575 2413
3 2447 2666 2645
3 213 2429 214
3 2848 2843 2436
3 3000 238 237
3 2614 2871 2317
3 2688 287 288
3 2520 2346 2354
3 2594 959 2282
3 58 2433 57
3 1955 670 1874
3 2173 1122 557
3 202 2436 203
3 2618 2436 2843
3 1865 2915 2422
3 2422 170 2592
3 2845 2844 1677
3 2306 2850 2482
3 1154 1475 1827
3 2277 2831 2389
3 504 1292 980
3 1338 948 513
3 2139 1352 585
3 2751 163 164
3 2718 2663 2374
3 844 696 1784
3 234 233 2972
3 687 1716 890
3 1483 1305 423
3 2841 2842 1117
3 2696 2913 2304
3 108 2603 2408
3 239 2983 2484
3 1218 1395 377
3 2579 139 2416
3 2579 2978 140
3 2996 286 287
3 1350 529 2080
3 1681 968 529
3 2907 1687 1809
3 2450 2049 2279
3 1626 470 1110
3 2144 2788 2789
3 13 2755 2494
3 82 1333 2234
3 2654 1621 2655
3 2988 2327 2656
3 2329 987 1698
3 1721 1698 987
3 2329 2989 2658
3 2714 1888 693
3 2556 178 179
3 585 1252 1192
3 1381 2582 575
3 1469 1387 1993
3 2920 2075 2919
3 3007 2356 2522
3 1140 1454 609
3 2366 2529 3001
3 199 2385 2700
3 203 204 2675
3 2673 207 208
3 1782 670 1781
3 1661 922 329
3 2874 651 2873
3 1710 1124 305
3 768 811 2068
3 811 768 91
3 191 2802 2511
3 2456 181 2661
3 2913 1750 2388
3 2687 2160 2465
3 2995 2337 2894
3 2985 68 2587
3 2965 2683 2339
3 2328 2691 2998
3 1395 577 1248
3 2419 282 283
3 2582 1769 575
3 2673 208 3002
3 149 2584 148
3 2026 1254 691
3 1188 896 482
3 724 306 1016
3 1400 2360 2709
3 2289 2967 1259
3 2739 3006 2332
3 470 2697 1881
3 215 2492 214
3 2665 2336 2902
3 378 781 1440
3 2923 185 186
3 876 2085 1974
3 1312 54 2235
3 2481 178 2856
3 1120 631 1796
3 2970 2317 2574
3 2770 2216 2769
3 2579 2312 2978
3 2630 144 143
3 242 2446 241
3 2392 1393 2079
3 2291 2357 1157
3 2735 179 2481
3 2819 191 2524
3 2302 546 1157
3 2560 133 2400
3 141 2691 2467
3 842 720 1799
3 2983 2692 2307
3 3008 129 128
3 2038 2037 414
3 1802 367 1110
3 104 2642 103
3 2080 750 2265
3 75 76 2487
3 2609 2610 987
3 96 20 2488
3 2749 2383 2748
3 2563 112 2950
3 1984 1800 695
3 2464 2685 2684
3 2370 162 163
3 159 2634 2979
3 572 1587 1161
3 216 2753 215
3 2906 1587 2905
3 217 2902 2493
3 2403 1605 2756
3 2539 2379 2049
3 3009 267 2602
3 1813 1812 1041
3 2599 2421 2110
3 1813 689 1812
3 1134 2660 2327
3 2308 2927 2747
3 2318 2571 3008
3 2544 124 2383
3 101 2657 2454
3 1651 808 1627
3 2026 2027 643
3 2964 2339 2690
3 2060 420 852
3 2281 2660 2609
3 2417 17 18
3 1625 837 1397
3 255 2412 256
3 735 2331 1961
3 2535 199 2377
3 2431 2611 2164
3 2795 2272 2505
3 2863 2449 2594
3 2741 2356 2740
3 1389 82 1358
3 2120 735 1992
3 2993 2340 2678
3 2865 1670 2864
3 247 2798 248
3 218 2801 219
3 2311 2968 2607
3 2058 485 2725
3 220 2800 221
3 839 399 1616
3 1506 2663 2718
3 2891 2346 2512
3 1350 2907 688
3 1216 679 1580
3 1461 546 1595
3 1470 812 1197
3 2683 2965 1172
3 2811 278 2516
3 2587 68 69
3 2012 1288 2355
3 684 1806 2930
3 285 2517 2935
3 2487 2891 2512
3 2933 2349 2584
3 2560 2332 3006
3 2860 2116 2859
3 1950 982 1556
3 2346 2893 1278
3 688 915 2019
3 2359 2271 2765
3 2688 288 2466
3 863 1814 689
3 1330 2814 2741
3 2736 2481 2305
3 1520 1900 314
3 190 2853 2524
3 2624 181 2398
3 2788 2358 1414
3 2986 2649 2358
3 2984 2350 2576
3 1230 2363 2671
3 1012 1388 447
3 2274 2510 2342
3 2875 2335 2612
3 1374 481 1125
3 994 84 696
3 2286 2459 2672
3 2405 2564 1684
3 2402 2277 853
3 386 1569 1510
3 2834 2835 1699
3 2815 1393 2814
3 250 2987 2652
3 687 2841 1675
3 2640 227 2981
3 1703 1187 311
3 2872 2874 2873
3 661 2845 1677
3 611 1611 1870
3 997 2043 1374
3 2623 1735 2393
3 2378 2375 1308
3 2644 1308 1952
3 2538 2315 2379
3 1881 1110 470
3 2641 102 2445
3 2855 12 2494
3 691 1254 2025
3 545 1294 1568
3 2715 693 2174
3 2581 721 2582
3 2856 2305 2481
3 2620 175 174
3 2646 2048 2447
3 2207 1384 508
3 2946 932 2945
3 1447 1201 1067
3 2270 2526 2363
3 2889 2334 2630
3 2935 2297 2585
3 2546 2863 2594
3 2431 2875 2612
3 1406 515 957
3 2938 747 2189
3 2695 2445 1997
3 1528 375 1386
3 1577 1054 1571
3 2920 1732 2075
3 2925 158 2575
3 1536 369 1468
3 2816 1454 752
3 1891 1193 2897
3 972 542 1218
3 2689 289 290
3 2935 2517 2297
3 116 2554 2396
3 2933 2514 2349
3 2662 2661 2374
3 2663 1506 2664
3 2662 2456 2661
3 88 1199 2139
3 2558 227 2399
3 2813 2522 2356
3 2885 225 226
3 2285 2458 2079
3 2778 145 3011
3 742 1998 2332
3 1108 2928 818
3 1499 742 1259
3 2888 109 108
3 2608 2454 2281
3 1750 2912 2911
3 2697 2698 888
3 2145 2499 2488
3 2822 913 2821
3 1971 527 1429
3 2277 1624 853
3 3016 3017 829
3 2565 2405 2267
3 2730 1961 2478
3 2424 277 276
3 121 120 2909
3 2867 2404 1746
3 2858 126 125
3 1698 2401 2786
3 2509 2800 220
3 1900 1870 314
3 2325 2921 2570
3 1447 1067 595
3 2571 1447 2410
3 2322 2908 2497
3 2573 189 2922
3 2286 2672 2460
3 87 1272 716
3 2344 2922 2511
3 2827 1864 2722
3 1593 2109 662
3 2925 159 158
3 980 1292 2097
3 509 1355 872
3 815 2917 2916
3 2578 2754 2372
3 2754 2492 2621
3 2716 2384 1927
3 790 1810 1276
3 1836 1837 673
3 1584 2382 2768
3 2664 1506 619
3 2923 186 2572
3 1692 645 1269
3 2956 169 170
3 2411 2344 1433
3 2025 1254 366
3 2256 2026 643
3 2514 2295 2349
3 1294 2361 1568
3 2803 151 152
3 292 2795 2505
3 65 2448 2648
3 477 1579 1681
3 529 2019 1681
3 684 1103 1566
3 2810 2512 2346
3 1266 2367 2271
3 2599 2110 2425
3 2723 2342 2509
3 207 2611 208
3 2510 222 221
3 2878 2876 965
3 2019 915 1681
3 2893 2892 750
3 717 1882 2036
3 2823 2270 2430
3 2075 1580 815
3 1128 700 1979
3 290 2995 2689
3 286 2517 285
3 987 2610 1721
3 2989 104 103
3 1704 880 2629
3 2712 2381 2620
3 2046 1624 2782
3 2406 2316 1025
3 322 2146 2085
3 2729 271 270
3 2760 2495 2319
3 2762 2655 1621
3 2759 2348 3012
3 2818 2817 2694
3 168 2601 2954
3 167 2954 2491
3 972 720 1798
3 2602 268 2426
3 2603 2427 2010
3 1605 2914 2900
3 1019 642 1254
3 3020 2554 117
3 1992 1104 2120
3 2519 2353 2980
3 1619 854 2209
3 662 1534 955
3 2632 2311 2607
3 422 1234 1795
3 622 1134 2145
3 2453 100 99
3 678 2186 2610
3 362 1463 1214
3 704 1872 901
3 2132 1861 23
3 2171 407 2083
3 914 515 1519
3 1893 491 1776
3 2972 2533 2321
3 2705 239 238
3 2508 2971 249
3 2970 254 253
3 253 2614 2970
3 2546 2282 2862
3 2647 66 67
3 2799 2508 2798
3 2640 2292 2589
3 890 1716 446
3 2839 2333 2616
3 1234 631 1795
3 1136 1135 485
3 1993 793 1561
3 794 389 1522
3 1730 924 503
3 2305 2856 2542
3 572 2905 1587
3 1643 844 375
3 1291 1576 814
3 2621 2492 2314
3 1679 1611 637
3 1829 603 1742
3 2712 2437 2220
3 186 2477 187
3 1618 850 567
3 2625 2439 282
3 2109 1228 2105
3 435 1382 929
3 2623 183 2438
3 2523 2357 2853
3 2727 186 185
3 2481 2736 2735
3 1505 2628 2627
3 1644 841 865
3 2668 773 2099
3 2890 2775 980
3 1214 571 1203
3 1604 1325 313
3 2589 2276 2444
3 2020 1522 555
3 2611 2387 2164
3 805 1125 481
3 1381 2555 2397
3 544 1982 1131
3 2031 646 2228
3 1800 1372 370
3 696 844 994
3 790 1386 1415
3 2717 184 2475
3 1563 1272 87
3 2616 3000 237
3 687 2852 1716
3 2639 244 243
3 2828 1864 2827
3 2801 2723 2509
3 2968 216 215
3 2709 607 1400
3 9 2539 8
3 2445 2642 1997
3 2698 470 2900
3 2741 2307 1330
3 2762 1621 2761
3 2987 2338 2653
3 80 1190 1368
3 2007 1637 773
3 1994 1737 1176
3 150 2386 151
3 1409 1233 308
3 373 1202 1335
3 1472 648 1202
3 2985 67 68
3 2893 750 2080
3 2 3 2986
3 2315 2855 2494
3 11 12 2855
3 2494 12 13
3 2450 2651 6
3 2755 2403 2756
3 1456 1942 79
3 2293 2881 2552
3 1317 1193 694
3 383 1137 1445
3 2110 722 2784
3 2240 656 1149
3 1899 1813 1041
3 2655 542 1351
3 100 2453 2657
3 678 2609 1134
3 1458 406 2186
3 2609 2660 1134
3 2329 2786 2501
3 1834 633 1121
3 2071 2456 2662
3 2601 169 2956
3 2401 106 2785
3 2660 2656 2327
3 2718 2717 2475
3 1615 1040 378
3 2572 1433 2299
3 399 974 1524
3 200 2825 2385
3 91 2028 811
3 1512 378 1040
3 1563 1512 560
3 2365 2674 2673
3 2098 1331 608
3 840 347 1346
3 2984 155 154
3 2099 773 1637
3 295 1760 892
3 1469 397 861
3 1325 1922 704
3 2384 1331 1927
3 752 1445 1392
3 935 2668 2099
3 2984 154 2645
3 2732 145 3004
3 2099 1637 403
3 2825 201 2529
3 2549 2390 195
3 1810 790 1275
3 212 2578 211
3 2577 1810 2365
3 1589 1161 369
3 2676 2675 2459
3 3001 203 2675
3 1810 2414 2372
3 994 844 1643
3 2809 241 240
3 2706 2861 2296
3 448 2209 1534
3 1425 1703 783
3 1244 2681 2288
3 528 440 1033
3 271 2729 3003
3 1244 1171 497
3 2120 3018 735
3 2606 259 258
3 2029 811 2028
3 1499 1259 578
3 141 2467 140
3 92 2225 2256
3 2464 2884 2290
3 2290 1287 2685
3 2884 175 176
3 1192 1440 585
3 2901 2899 2900
3 2315 2899 2901
3 2807 2360 2273
3 117 2554 116
3 2505 2272 2337
3 2309 1179 2012
3 61 2862 60
3 2896 959 1579
3 2584 2349 1568
3 2965 1894 2966
3 153 2703 2470
3 2967 578 1259
3 240 2983 239
3 2740 238 2484
3 610 802 1159
3 654 1333 1389
3 2399 1392 2303
3 1389 1544 654
3 2502 18 19
3 1082 1626 747
3 2938 2189 2937
3 2 2986 2525
3 101 102 2641
3 1750 2913 2912
3 5 2451 4
3 2063 866 1138
3 2953 257 2600
3 269 270 2699
3 2456 180 181
3 1275 2286 2674
3 2414 1810 2577
3 2826 2825 2529
3 2594 2282 2546
3 2930 2585 2297
3 365 1269 1533
3 2370 1260 1888
3 1020 2206 2127
3 165 166 2750
3 2981 227 226
3 2617 2972 2321
3 2534 2276 2376
3 2640 228 227
3 2742 2465 2160
3 2391 128 2738
3 2273 1400 782
3 2806 118 119
3 2396 2554 1432
3 3006 132 2560
3 2966 2967 1172
3 2583 2361 3011
3 2738 128 129
3 2418 1568 2583
3 170 2422 171
3 1930 1357 841
3 158 2979 2541
3 162 2370 2635
3 1983 810 2070
3 161 2635 2441
3 2635 161 162
3 2752 2370 2751
3 1452 612 1577
3 2384 223 2733
3 1440 1192 378
3 1373 365 1533
3 1769 1615 378
3 781 1512 1563
3 337 1638 858
3 2719 286 2476
3 2216 2949 2507
3 486 1974 1973
3 2412 2882 2215
3 2590 2589 2292
3 2865 2864 2341
3 1939 2006 897
3 523 2194 1686
3 1955 1014 1516
3 1122 2292 2364
3 711 2633 965
3 2173 870 2590
3 2269 2632 2429
3 1670 2871 2864
3 1122 2590 2292
3 2808 924 1567
3 591 899 1552
3 602 1730 1731
3 2947 2437 173
3 3003 272 271
3 2993 2507 2340
3 1483 2047 2873
3 2340 2679 2678
3 2774 1926 2773
3 825 2775 2774
3 149 2545 150
3 2666 2447 2048
3 814 1576 1416
3 2733 223 224
3 1161 1528 1386
3 83 1159 2239
3 2624 182 181
3 1144 1120 641
3 2099 403 1518
3 2736 2398 2735
3 189 2853 190
3 3005 194 193
3 1509 742 1499
3 2463 136 137
3 2997 138 139
3 2030 811 2029
3 2886 229 230
3 2692 2446 1952
3 1577 612 1054
3 2003 2818 2694
3 124 2473 123
3 124 2707 2473
3 639 2837 2838
3 2427 109 110
3 2343 2994 2686
3 2696 2304 2695
3 2934 2427 2604
3 1082 470 1626
3 2776 825 2774
3 2921 133 132
3 2921 132 2570
3 2383 2927 2308
3 2407 2322 1489
3 1489 2567 2407
3 2822 1902 732
3 2308 2747 2485
3 2313 2750 2491
3 2541 2283 2380
3 2750 166 2491
3 2635 2370 1888
3 159 2979 158
3 1800 1617 695
3 2493 216 217
3 2474 1927 2924
3 207 2673 2460
3 211 2414 210
3 2912 1605 2403
3 2914 2912 2913
3 2649 4 2451
3 2379 2901 1082
3 1704 2629 679
3 480 963 2758
3 330 1545 1135
3 2633 2058 991
3 2759 254 255
3 863 1543 364
3 402 1812 1042
3 2763 542 2762
3 2495 2760 2759
3 2421 1266 2110
3 2271 577 1266
3 2765 3009 2359
3 1368 2185 2233
3 1021 2960 817
3 1266 2421 2367
3 263 264 2764
3 2897 2426 1891
3 2003 364 1467
3 113 2404 114
3 1743 732 1160
3 1214 1057 571
3 2113 508 1464
3 1837 396 1354
3 396 831 1384
3 1640 1963 1002
3 1056 2109 1593
3 2882 2772 2215
3 1154 1578 340
3 2105 1534 662
3 1226 2860 2859
3 242 2980 243
3 463 2115 1999
3 2890 2334 2889
3 2630 143 2440
3 2768 2767 2498
3 2570 132 131
3 1882 1355 350
3 552 1325 1604
3 595 2768 2325
3 1311 522 1310
3 1730 503 1298
3 1257 1836 673
3 813 1982 1372
3 2933 149 150
3 1307 2967 2966
3 2500 144 2778
3 3018 2120 3017
3 2301 2720 2476
3 285 2476 286
3 1710 798 1450
3 1638 1455 858
3 284 2977 285
3 1141 419 1726
3 1624 2389 2720
3 2496 265 2765
3 1891 2468 2293
3 1160 1721 406
3 2017 1327 1087
3 2988 98 97
3 1834 1069 633
3 2371 2833 1699
3 1082 2900 470
3 2450 2279 2651
3 2938 2650 2279
3 2650 2451 2279
3 2791 2247 701
3 2790 2789 2788
3 2087 1111 1565
3 16 2898 2562
3 3015 1514 3016
3 2677 264 2462
3 1629 1022 581
3 2503 2793 2792
3 991 2632 2633
3 2975 2535 2326
3 2546 62 2863
3 2615 59 2434
3 2110 1266 722
3 2797 2761 1621
3 1253 1654 81
3 1621 2338 2797
3 2851 1675 2839
3 2333 2840 2706
3 2829 2828 739
3 2839 2616 2435
3 991 2311 2632
3 2612 210 209
3 2619 2848 2436
3 2569 2409 217
3 188 2573 2411
3 2390 2636 194
3 152 2470 2803
3 2803 2470 2295
3 684 1335 1179
3 2895 2702 959
3 373 1472 1202
3 2702 2895 2337
3 2682 137 138
3 1509 372 1116
3 130 2739 2483
3 1510 607 1116
3 2430 2270 2910
3 2545 2731 2373
3 1204 328 2112
3 2617 2851 2435
3 2985 2320 2647
3 2420 1623 2320
3 2515 281 2804
3 2804 1806 2515
3 2817 1330 2694
3 2285 2886 2458
3 2870 231 232
3 1468 608 1137
3 1543 1140 1467
3 2886 230 2458
3 247 248 2846
3 2537 2375 2378
3 610 1159 1535
3 2669 790 1276
3 2813 2812 2522
3 364 1383 1814
3 1132 1589 816
3 1445 608 1392
3 2056 491 1359
3 2513 2819 2291
3 2302 2477 2728
3 840 1732 1731
3 102 2454 2658
3 1902 2561 2401
3 2060 931 420
3 2989 103 2658
3 2925 2284 2457
3 2666 2350 2645
3 2633 2878 965
3 2409 2723 2801
3 2675 204 2459
3 202 3001 2529
3 3002 2365 2673
3 2754 2578 213
3 2443 245 244
3 3013 246 2638
3 241 2519 242
3 1859 1008 311
3 916 1305 1842
3 1656 322 1593
3 864 1444 860
3 419 1972 1726
3 2564 2830 2402
3 2783 2108 1426
3 2912 2403 2911
3 624 2063 1138
3 2408 2603 2010
3 1802 2838 1342
3 2189 747 1626
3 747 2279 2049
3 2029 2028 691
3 2994 2343 2604
3 100 101 2982
3 136 2463 2887
3 2833 2371 2531
3 2833 2531 2832
3 2790 2937 2791
3 2838 2837 1219
3 3000 2705 238
3 2519 241 2809
3 2116 484 2111
3 2527 2976 2364
3 1686 1016 1582
3 2638 2443 1864
3 252 2432 2614
3 2829 739 2117
3 2305 1505 2736
3 2536 2377 198
3 661 1715 998
3 197 2536 198
3 197 2850 2536
3 2878 2335 2876
3 245 2537 244
3 2960 1942 1456
3 2828 2827 739
3 2527 2364 2292
3 2335 2969 2612
3 201 2975 2619
3 1461 1595 954
3 2968 215 2607
3 359 2156 1757
3 1639 2347 2291
3 2851 2852 1675
3 2321 2851 2617
3 884 1521 1520
3 1874 670 1862
3 2326 2848 2619
3 1677 2848 2849
3 1110 1625 583
3 1236 2697 1997
3 11 2538 10
3 583 1626 1110
3 1595 546 880
3 2736 1505 2398
3 126 2858 2485
3 151 2386 2646
3 669 2943 2940
3 2927 574 1201
3 2296 2471 2706
3 2827 2722 2859
3 2345 2799 2798
3 739 2859 2116
3 1717 484 2842
3 1635 1504 580
3 2896 1579 477
3 1623 2354 1278
3 2996 2352 2517
3 64 2648 2449
3 2971 250 249
3 2471 240 239
3 2432 252 251
3 2353 2721 2639
3 2664 721 2663
3 84 1132 653
3 2631 142 141
3 775 1162 488
3 2413 1538 2284
3 2220 2437 2947
3 1633 1550 351
3 2284 2925 2575
3 2983 240 2643
3 2813 2392 2812
3 2798 2508 248
3 2872 2871 1670
3 2166 897 456
3 239 2705 2471
3 1305 918 580
3 1717 2842 2841
3 244 2639 2443
3 257 2605 2428
3 389 1136 2057
3 591 1273 899
3 1105 2387 2330
3 2974 2618 2330
3 1136 389 794
3 2058 711 1136
3 2878 2504 2335
3 2845 1105 2844
3 205 204 2974
3 2607 214 2429
3 279 2805 2516
3 277 278 2811
3 2897 2359 2602
3 2426 2699 1891
3 2829 2865 1527
3 2614 253 252
3 2572 186 187
3 2684 174 2464
3 2219 1148 1440
3 2664 1769 721
3 1159 627 2239
3 2480 225 2885
3 2701 612 2294
3 1140 1544 383
3 2560 132 133
3 149 2933 2584
3 473 1089 2103
3 2423 109 2888
3 2568 117 2908
3 2579 140 139
3 2646 2386 2048
3 1500 605 1043
3 2282 959 2702
3 2936 71 72
3 2520 72 73
3 2517 2352 2297
3 57 2433 294
3 2810 2346 2520
3 1350 2019 529
3 1278 2354 2346
3 2591 2448 2647
3 2995 290 291
3 2138 1103 2352
3 2880 2521 2355
3 2699 270 2468
3 2854 2539 2049
3 2417 2787 2388
3 2788 2525 2358
3 2651 2279 2451
3 2787 98 2548
3 2554 2362 1432
3 2450 6 7
3 8 2539 2854
3 2733 224 2480
3 2753 2314 2492
3 2384 222 223
3 1315 2906 2905
3 2314 2493 2903
3 2480 2734 2733
3 2674 2286 2460
3 627 1159 2973
3 2286 2676 2459
3 2924 220 2474
3 2521 2309 2355
3 2466 2138 2688
3 678 1967 1458
3 2940 2941 669
3 2785 105 2501
3 1329 574 2927
3 1417 1491 1724
3 2575 158 157
3 2836 639 1881
3 2650 2649 2451
3 2539 10 2538
3 17 2417 2898
3 2538 2855 2315
3 1881 1236 2836
3 1750 2911 2417
3 103 2642 2445
3 2593 172 171
3 172 2593 2947
3 2373 2731 2097
3 2592 170 169
3 2415 2287 2808
3 2910 2270 924
3 1166 703 1873
3 865 1216 1644
3 2113 1233 506
3 1464 308 2113
3 2178 536 862
3 1143 1838 521
3 2908 117 116
3 1868 1738 831
3 2374 183 2717
3 2299 1433 1506
3 1533 690 1373
3 2475 185 2923
3 1383 1308 538
3 2303 1331 2734
3 2918 815 2916
3 2457 159 2925
3 2571 129 3008
3 1833 1107 667
3 2939 1746 2941
3 2766 2404 2867
3 1642 386 866
3 2934 2837 2010
3 652 1643 1528
3 2929 1132 816
3 2320 2591 2647
3 2805 2351 2516
3 1747 1241 28
3 947 2191 2190
3 1793 2931 2130
3 1747 791 558
3 2683 2289 2463
3 2963 1894 2962
3 1397 1068 583
3 1691 618 1217
3 294 2433 293
3 2594 2278 1579
3 2615 58 59
3 293 2433 2795
3 2743 2343 2742
3 2854 7 8
3 2247 2791 1068
3 2562 15 16
3 2017 1087 1613
3 2939 2322 2867
3 2822 1743 913
3 553 1502 1962
3 2942 1816 669
3 3004 2334 2732
3 2786 2785 2501
3 22 1164 758
3 1649 1067 362
3 2563 2300 2404
3 104 2501 105
3 669 1816 1727
3 2732 2097 2479
3 2489 2749 2748
3 391 2945 1727
3 913 2944 2942
3 2868 2415 168
3 2712 1490 2381
3 2961 259 2606
3 3017 410 2088
3 1992 1244 497
3 1124 1710 526
3 1743 1160 478
3 2595 111 110
3 2993 262 261
3 2120 410 3017
3 2618 203 2436
3 1374 2092 997
3 2185 842 1149
3 256 257 2953
3 2555 177 2397
3 2751 164 2490
3 178 2397 177
3 165 2750 2490
3 2491 166 167
3 2556 2883 2580
3 575 1769 1192
3 188 2411 187
3 179 2883 2556
3 2979 2634 2713
3 818 372 1507
3 866 1549 597
3 817 2960 1456
3 1657 1456 584
3 955 433 877
3 2428 2605 2215
3 1172 2967 2289
3 1307 578 2967
3 2070 810 2068
3 692 1197 2198
3 2068 2069 768
3 1019 2225 642
3 2069 2068 810
3 2691 141 142
3 120 2807 2518
3 2966 2198 1307
3 1307 366 1255
3 2963 2779 1294
3 1776 1169 1893
3 2969 211 210
3 1408 421 1017
3 2801 218 2409
3 2507 2949 2340
3 2341 2613 2971
3 2865 2341 1527
3 2865 2829 651
3 2533 1399 2321
3 225 224 2976
3 1892 375 844
3 1744 1784 85
3 2974 204 2618
3 2535 200 199
3 3005 2347 2737
3 2794 213 212
3 2528 2824 2274
3 2509 2342 2800
3 1583 829 1025
3 2626 2780 2977
3 140 2978 141
3 2768 2498 2325
3 365 819 1692
3 2370 163 2751
3 2173 2590 1122
3 2616 237 236
3 2292 2981 2527
3 2364 2274 1122
3 2539 2538 2379
3 2710 127 2391
3 235 2522 2812
3 1952 1308 740
3 2413 157 156
3 3004 145 144
3 1623 2586 2354
3 63 2863 62
3 1625 1110 367
3 108 2408 107
3 253 2796 252
3 1248 1247 584
3 2785 106 105
3 1356 1354 509
3 1613 1162 775
3 2501 104 2989
3 726 1118 1913
3 1975 1173 418
3 1046 1759 475
3 966 1348 327
3 2671 2670 2457
3 2823 163 2526
3 928 2195 329
3 410 1228 2109
3 2160 2745 2743
3 386 1510 1549
3 2795 292 293
3 2648 64 65
3 2895 2138 2894
3 2894 2138 2466
3 2999 2703 154
3 1998 2738 2483
3 2032 2069 810
3 2324 2380 1293
3 1720 544 1073
3 813 1372 1800
3 2847 230 229
3 999 1122 2274
3 2826 2385 2825
3 2286 1275 563
3 2904 2621 2314
3 2577 2365 3002
3 3003 2331 2503
3 2340 2949 2948
3 2048 2386 1292
3 2992 2363 2526
3 2513 2347 3005
3 2513 193 192
3 1499 372 1509
3 607 2709 2298
3 236 237 3007
3 2815 2814 2817
3 1702 595 1649
3 825 2037 2775
3 1899 1041 767
3 2881 272 2552
3 2127 2126 1020
3 2922 190 2511
3 1293 2174 544
3 2283 2715 1293
3 720 842 1368
3 2987 250 251
3 1012 447 962
3 2111 484 1204
3 272 2503 273
3 2625 2202 2439
3 2729 2331 3003
3 2951 279 278
3 2222 321 1696
3 262 2993 2678
3 268 2368 2730
3 2771 2216 2770
3 1780 1684 853
3 1578 1154 850
3 1507 372 1256
3 138 2997 2682
3 2997 2690 2339
3 1548 2118 93

CELL_TYPES 5795
5
5
5
5
5
5
5
5
5
5
5
5
5
5
5
5
5
5
5
5
5
5
5
5
5
5
5
5
5
5
5
5
5
5
5
5
5
5
5
5
5
5
5
5
5
5
5
5
5
5
5
5
5
5
5
5
5
5
5
5
5
5
5
5
5
5
5
5
5
5
5
5
5
5
5
5
5
5
5
5
5
5
5
5
5
5
5
5
5
5
5
5
5
5
5
5
5
5
5
5
5
5
5
5
5
5
5
5
5
5
5
5
5
5
5
5
5
5
5
5
5
5
5
5
5
5
5
5
5
5
5
5
5
5
5
5
5
5
5
5
5
5
5
5
5
5
5
5
5
5
5
5
5
5
5
5
5
5
5
5
5
5
5
5
5
5
5
5
5
5
5
5
5
5
5
5
5
5
5
5
5
5
5
5
5
5
5
5
5
5
5
5
5
5
5
5
5
5
5
5
5
5
5
5
5
5
5
5
5
5
5
5
5
5
5
5
5
5
5
5
5
5
5
5
5
5
5
5
5
5
5
5
5
5
5
5
5
5
5
5
5
5
5
5
5
5
5
5
5
5
5
5
5
5
5
5
5
5
5
5
5
5
5
5
5
5
5
5
5
5
5
5
5
5
5
5
5
5
5
5
5
5
5
5
5
5
5
5
5
5
5
5
5
5
5
5
5
5
5
5
5
5
5
5
5
5
5
5
5
5
5
5
5
5
5
5
5
5
5
5
5
5
5
5
5
5
5
5
5
5
5
5
5
5
5
5
5
5
5
5
5
5
5
5
5
5
5
5
5
5
5
5
5
5
5
5
5
5
5
5
5
5
5
5
5
5
5
5
5
5
5
5
5
5
5
5
5
5
5
5
5
5
5
5
5
5
5
5
5
5
5
5
5
5
5
5
5
5
5
5
5
5
5
5
5
5
5
5
5
5
5
5
5
5
5
5
5
5
5
5
5
5
5
5
5
5
5
5
5
5
5
5
5
5
5
5
5
5
5
5
5
5
5
5
5
5
5
5
5
5
5
5
5
5
5
5
5
5
5
5
5
5
5
5
5
5
5
5
5
5
5
5
5
5
5
5
5
5
5
5
5
5
5
5
5
5
5
5
5
5
5
5
5
5
5
5
5
5
5
5
5
5
5
5
5
5
5
5
5
5
5
5
5
5
5
5
5
5
5
5
5
5
5
5
5
5
5
5
5
5
5
5
5
5
5
5
5
5
5
5
5
5
5
5
5
5
5
5
5
5
5
5
5
5
5
5
5
5
5
5
5
5
5
5
5
5
5
5
5
5
5
5
5
5
5
5
5
5
5
5
5
5
5
5
5
5
5
5
5
5
5
5
5
5
5
5
5
5
5
5
5
5
5
5
5
5
5
5
5
5
5
5
5
5
5
5
5
5
5
5
5
5
5
5
5
5
5
5
5
5
5
5
5
5
5
5
5
5
5
5
5
5
5
5
5
5
5
5
5
5
5
5
5
5
5
5
5
5
5
5
5
5
5
5
5
5
5
5
5
5
5
5
5
5
5
5
5
5
5
5
5
5
5
5
5
5
5
5
5
5
5
5
5
5
5
5
5
5
5
5
5
5
5
5
5
5
5
5
5
5
5
5
5
5
5
5
5
5
5
5
5
5
5
5
5
5
5
5
5
5
5
5
5
5
5
5
5
5
5
5
5
5
5
5
5
5
5
5
5
5
5
5
5
5
5
5
5
5
5
5
5
5
5
5
5
5
5
5
5
5
5
5
5
5
5
5
5
5
5
5
5
5
5
5
5
5
5
5
5
5
5
5
5
5
5
5
5
5
5
5
5
5
5
5
5
5
5
5
5
5
5
5
5
5
5
5
5
5
5
5
5
5
5
5
5
5
5
5
5
5
5
5
5
5
5
5
5
5
5
5
5
5
5
5
5
5
5
5
5
5
5
5
5
5
5
5
5
5
5
5
5
5
5
5
5
5
5
5
5
5
5
5
5
5
5
5
5
5
5
5
5
5
5
5
5
5
5
5
5
5
5
5
5
5
5
5
5
5
5
5
5
5
5
5
5
5
5
5
5
5
5
5
5
5
5
5
5
5
5
5
5
5
5
5
5
5
5
5
5
5
5
5
5
5
5
5
5
5
5
5
5
5
5
5
5
5
5
5
5
5
5
5
5
5
5
5
5
5
5
5
5
5
5
5
5
5
5
5
5
5
5
5
5
5
5
5
5
5
5
5
5
5
5
5
5
5
5
5
5
5
5
5
5
5
5
5
5
5
5
5
5
5
5
5
5
5
5
5
5
5
5
5
5
5
5
5
5
5
5
5
5
5
5
5
5
5
5
5
5
5
5
5
5
5
5
5
5
5
5
5
5
5
5
5
5
5
5
5
5
5
5
5
5
5
5
5
5
5
5
5
5
5
5
5
5
5
5
5
5
5
5
5
5
5
5
5
5
5
5
5
5
5
5
5
5
5
5
5
5
5
5
5
5
5
5
5
5
5
5
5
5
5
5
5
5
5
5
5
5
5
5
5
5
5
5
5
5
5
5
5
5
5
5
5
5
5
5
5
5
5
5
5
5
5
5
5
5
5
5
5
5
5
5
5
5
5
5
5
5
5
5
5
5
5
5
5
5
5
5
5
5
5
5
5
5
5
5
5
5
5
5
5
5
5
5
5
5
5
5
5
5
5
5
5
5
5
5
5
5
5
5
5
5
5
5
5
5
5
5
5
5
5
5
5
5
5
5
5
5
5
5
5
5
5
5
5
5
5
5
5
5
5
5
5
5
5
5
5
5
5
5
5
5
5
5
5
5
5
5
5
5
5
5
5
5
5
5
5
5
5
5
5
5
5
5
5
5
5
5
5
5
5
5
5
5
5
5
5
5
5
5
5
5
5
5
5
5
5
5
5
5
5
5
5
5
5
5
5
5
5
5
5
5
5
5
5
5
5
5
5
5
5
5
5
5
5
5
5
5
5
5
5
5
5
5
5
5
5
5
5
5
5
5
5
5
5
5
5
5
5
5
5
5
5
5
5
5
5
5
5
5
5
5
5
5
5
5
5
5
5
5
5
5
5
5
5
5
5
5
5
5
5
5
5
5
5
5
5
5
5
5
5
5
5
5
5
5
5
5
5
5
5
5
5
5
5
5
5
5
5
5
5
5
5
5
5
5
5
5
5
5
5
5
5
5
5
5
5
5
5
5
5
5
5
5
5
5
5
5
5
5
5
5
5
5
5
5
5
5
5
5
5
5
5
5
5
5
5
5
5
5
5
5
5
5
5
5
5
5
5
5
5
5
5
5
5
5
5
5
5
5
5
5
5
5
5
5
5
5
5
5
5
5
5
5
5
5
5
5
5
5
5
5
5
5
5
5
5
5
5
5
5
5
5
5
5
5
5
5
5
5
5
5
5
5
5
5
5
5
5
5
5
5
5
5
5
5
5
5
5
5
5
5
5
5
5
5
5
5
5
5
5
5
5
5
5
5
5
5
5
5
5
5
5
5
5
5
5
5
5
5
5
5
5
5
5
5
5
5
5
5
5
5
5
5
5
5
5
5
5
5
5
5
5
5
5
5
5
5
5
5
5
5
5
5
5
5
5
5
5
5
5
5
5
5
5
5
5
5
5
5
5
5
5
5
5
5
5
5
5
5
5
5
5
5
5
5
5
5
5
5
5
5
5
5
5
5
5
5
5
5
5
5
5
5
5
5
5
5
5
5
5
5
5
5
5
5
5
5
5
5
5
5
5
5
5
5
5
5
5
5
5
5
5
5
5
5
5
5
5
5
5
5
5
5
5
5
5
5
5
5
5
5
5
5
5
5
5
5
5
5
5
5
5
5
5
5
5
5
5
5
5
5
5
5
5
5
5
5
5
5
5
5
5
5
5
5
5
5
5
5
5
5
5
5
5
5
5
5
5
5
5
5
5
5
5
5
5
5
5
5
5
5
5
5
5
5
5
5
5
5
5
5
5
5
5
5
5
5
5
5
5
5
5
5
5
5
5
5
5
5
5
5
5
5
5
5
5
5
5
5
5
5
5
5
5
5
5
5
5
5
5
5
5
5
5
5
5
5
5
5
5
5
5
5
5
5
5
5
5
5
5
5
5
5
5
5
5
5
5
5
5
5
5
5
5
5
5
5
5
5
5
5
5
5
5
5
5
5
5
5
5
5
5
5
5
5
5
5
5
5
5
5
5
5
5
5
5
5
5
5
5
5
5
5
5
5
5
5
5
5
5
5
5
5
5
5
5
5
5
5
5
5
5
5
5
5
5
5
5
5
5
5
5
5
5
5
5
5
5
5
5
5
5
5
5
5
5
5
5
5
5
5
5
5
5
5
5
5
5
5
5
5
5
5
5
5
5
5
5
5
5
5
5
5
5
5
5
5
5
5
5
5
5
5
5
5
5
5
5
5
5
5
5
5
5
5
5
5
5
5
5
5
5
5
5
5
5
5
5
5
5
5
5
5
5
5
5
5
5
5
5
5
5
5
5
5
5
5
5
5
5
5
5
5
5
5
5
5
5
5
5
5
5
5
5
5
5
5
5
5
5
5
5
5
5
5
5
5
5
5
5
5
5
5
5
5
5
5
5
5
5
5
5
5
5
5
5
5
5
5
5
5
5
5
5
5
5
5
5
5
5
5
5
5
5
5
5
5
5
5
5
5
5
5
5
5
5
5
5
5
5
5
5
5
5
5
5
5
5
5
5
5
5
5
5
5
5
5
5
5
5
5
5
5
5
5
5
5
5
5
5
5
5
5
5
5
5
5
5
5
5
5
5
5
5
5
5
5
5
5
5
5
5
5
5
5
5
5
5
5
5
5
5
5
5
5
5
5
5
5
5
5
5
5
5
5
5
5
5
5
5
5
5
5
5
5
5
5
5
5
5
5
5
5
5
5
5
5
5
5
5
5
5
5
5
5
5
5
5
5
5
5
5
5
5
5
5
5
5
5
5
5
5
5
5
5
5
5
5
5
5
5
5
5
5
5
5
5
5
5
5
5
5
5
5
5
5
5
5
5
5
5
5
5
5
5
5
5
5
5
5
5
5
5
5
5
5
5
5
5
5
5
5
5
5
5
5
5
5
5
5
5
5
5
5
5
5
5
5
5
5
5
5
5
5
5
5
5
5
5
5
5
5
5
5
5
5
5
5
5
5
5
5
5
5
5
5
5
5
5
5
5
5
5
5
5
5
5
5
5
5
5
5
5
5
5
5
5
5
5
5
5
5
5
5
5
5
5
5
5
5
5
5
5
5
5
5
5
5
5
5
5
5
5
5
5
5
5
5
5
5
5
5
5
5
5
5
5
5
5
5
5
5
5
5
5
5
5
5
5
5
5
5
5
5
5
5
5
5
5
5
5
5
5
5
5
5
5
5
5
5
5
5
5
5
5
5
5
5
5
5
5
5
5
5
5
5
5
5
5
5
5
5
5
5
5
5
5
5
5
5
5
5
5
5
5
5
5
5
5
5
5
5
5
5
5
5
5
5
5
5
5
5
5
5
5
5
5
5
5
5
5
5
5
5
5
5
5
5
5
5
5
5
5
5
5
5
5
5
5
5
5
5
5
5
5
5
5
5
5
5
5
5
5
5
5
5
5
5
5
5
5
5
5
5
5
5
5
5
5
5
5
5
5
5
5
5
5
5
5
5
5
5
5
5
5
5
5
5
5
5
5
5
5
5
5
5
5
5
5
5
5
5
5
5
5
5
5
5
5
5
5
5
5
5
5
5
5
5
5
5
5
5
5
5
5
5
5
5
5
5
5
5
5
5
5
5
5
5
5
5
5
5
5
5
5
5
5
5
5
5
5
5
5
5
5
5
5
5
5
5
5
5
5
5
5
5
5
5
5
5
5
5
5
5
5
5
5
5
5
5
5
5
5
5
5
5
5
5
5
5
5
5
5
5
5
5
5
5
5
5
5
5
5
5
5
5
5
5
5
5
5
5
5
5
5
5
5
5
5
5
5
5
5
5
5
5
5
5
5
5
5
5
5
5
5
5
5
5
5
5
5
5
5
5
5
5
5
5
5
5
5
5
5
5
5
5
5
5
5
5
5
5
5
5
5
5
5
5
5
5
5
5
5
5
5
5
5
5
5
5
5
5
5
5
5
5
5
5
5
5
5
5
5
5
5
5
5
5
5
5
5
5
5
5
5
5
5
5
5
5
5
5
5
5
5
5
5
5
5
5
5
5
5
5
5
5
5
5
5
5
5
5
5
5
5
5
5
5
5
5
5
5
5
5
5
5
5
5
5
5
5
5
5
5
5
5
5
5
5
5
5
5
5
5
5
5
5
5
5
5
5
5
5
5
5
5
5
5
5
5
5
5
5
5
5
5
5
5
5
5
5
5
5
5
5
5
5
5
5
5
5
5
5
5
5
5
5
5
5
5
5
5
5
5
5
5
5
5
5
5
5
5
5
5
5
5
5
5
5
5
5
5
5
5
5
5
5
5
5
5
5
5
5
5
5
5
5
5
5
5
5
5
5
5
5
5
5
5
5
5
5
5
5
5
5
5
5
5
5
5
5
5
5
5
5
5
5
5
5
5
5
5
5
5
5
5
5
5
5
5
5
5
5
5
5
5
5
5
5
5
5
5
5
5
5
5
5
5
5
5
5
5
5
5
5
5
5
5
5
5
5
5
5
5
5
5
5
5
5
5
5
5
5
5
5
5
5
5
5
5
5
5
5
5
5
5
5
5
5
5
5
5
5
5
5
5
5
5
5
5
5
5
5
5
5
5
5
5
5
5
5
5
5
5
5
5
5
5
5
5
5
5
5
5
5
5
5
5
5
5
5
5
5
5
5
5
5
5
5
5
5
5
5
5
5
5
5
5
5
5
5
5
5
5
5
5
5
5
5
5
5
5
5
5
5
5
5
5
5
5
5
5
5
5
5
5
5
5
5
5
5
5
5
5
5
5
5
5
5
5
5
5
5
5
5
5
5
5
5
5
5
5
5
5
5
5
5
5
5
5
5
5
5
5
5
5
5
5
5
5
5
5
5
5
5
5
5
5
5
5
5
5
5
5
5
5
5
5
5
5
5
5
5
5
5
5
5
5
5
5
5
5
5
5
5
5
5
5
5
5
5
5
5
5
5
5
5
5
5
5
5
5
5
5
5
5
5
5
5
5
5
5
5
5
5
5
5
5
5
5
5
5
5
5
5
5
5
5
5
5
5
5
5
5
5
5
5
5
5
5
5
5
5
5
5
5
5
5
5
5
5
5
5
5
5
5
5
5
5
5
5
5
5
5
5
5
5
5
5
5
5
5
5
5
5
5
5
5
5
5
5
5
5
5
5
5
5
5
5
5
5
5
5
5
5
5
5
5
5
5
5
5
5
5
5
5
5
5
5
5
5
5
5
5
5
5
5
5
5
5
5
5
5
5
5
5
5
5
5
5
5
5
5
5
5
5
5
5
5
5
5
5
5
5
5
5
5
5
5
5
5
5
5
5
5
5
5
5
5
5
5
5
5
5
5
5
5
5
5
5
5
5
5
5
5
5
5
5
5
5
5
5
5
5
5
5
5
5
5
5
5
5
5
5
5
5
5
5
5
5
5
5
5
5
5
5
5
5
5
5
5
5
5
5
5
5
5
5
5
5
5
5
5
5
5
5
5
5
5
5
5
5
5
5
5
5
5
5
5
5
5
5
5
5
5
5
5
5
5
5
5
5
5
5
5
5
5
5
5
5
5
5
5
5
5
5
5
5
5
5
5
5
5
5
5
5
5
5
5
5
5
5
5
5
5
5
5
5
5
5
5
5
5
5
5
5
5
5
5
5
5
5
5
5
5
5
5
5
5
5
5
5
5
5
5
5
5
5
5
5
5
5
5
5
5
5
5
5
5
5
5
5
5
5
5
5
5
5
5
5
5
5
5
5
5
5
5
5
5
5
5
5
5
5
5
5
5
5
5
5
5
5
5
5
5
5
5
5
5
5
5
5
5
5
5
5
5
5
5
5
5
5
5
5
5
5
5
5
5
5
5
5
5
5
5
5
5
5
5
5
5
5
5
5
5
5
5
5
5
5
5
5
5
5
5
5
5
5
5
5
5
5
5
5
5
5
5
5
5
5
5
5
5
5
5
5
5
5
5
5
5
5
5
5
5
5
5
5
5
5
5
5
5
5
5
5
5
5
5
5
5
5
5
5
5
5
5
5
5
5
5
5
5
5
5
5
5
5
5
5
5
5
5
5
5
5
5
5
5
5
5
5
5
5
5
5
5
5
5
5
5
5
5
5
5
5
5
5
5
5
5
5
5
5
5
5
5
5
5
5
5
5
5
5
5
5
5
5
5
5
5
5
5
5
5
5
5
5
5
5
5
5
5
5
5
5
5
5
5
5
5
5
5
5
5
5
5
5
5
5
5
5
5
5
5
5
5
5
5
5
5
5
5
5
5
5
5
5
5
5
5
5
5
5
5
5
5
5
5
5
5
5
5
5
5
5
5
5
5
5
5
5
5
5
5
5
5
5
5
5
5
5
5
5
5
5
5
5
5
5
5
5
5
5
5
5
5
5
5
5
5
5
5
5
5
5
5
5
5
5
5
5
5
5
5
5
5
5
5
5
5
5
5
5
5
5
5
5
5
5
5
5
5
5
5
5
5
5
5
5
5
5
5
5
5
5
5
5
5
5
5
5
5
5
5
5
5
5
5
5
5
5
5
5
5
5
5
5
5
5
5
5
5
5
5
5
5
5
5
5
5
5
5
5
5
5
5
5
5
5
5
5
5
5
5
5
5
5
5
5
5
5
5
5
5
5
5
5
5
5
5
5
5
5
5
5
5
5
5
5
5
5
5
5
5
5
5
5
5
5
5
5
5
5
5
5
5
5
5
5
5
5
5
5
5
5
5
5
5
5
5
5
5
5
5
5
5
5
5
5
5
5
5
5
5
5
5
5
5
5
5
5
5
5
5
5
5
5
5
5
5
5
5
5
5
5
5
5
5
5
5
5
5
5
5
5
5
5
5
5
5
5
5
5
5
5
5
5
5
5
5
5
5
5
5
5
5
5
5
5
5
5
5
5
5
5
5
5
5
5
5
5
5
5
5
5
5
5
5
5
5
5
5
5
5
5
5
5
5
5
5
5
5
5
5
5
5
5
5
5
5
5
5
5
5
5
5
5
5
5
5
5
5
5
5
5
5
5
5
5
5
5
5
5
5
5
5
5
5
5
5
5
5
5
5
5
5
5
5
5
5
5
5
5
5
5
5
5
5
5
5
5
5
5
5
5
5
5
5
5
5
5
5
5
5
5
5
5
5
5
5
5
5
5
5
5
5
5
5
5
5
5
5
5
5
5
5
5
5
5
5
5
5
5
5
5
5
5
5
5
5
5
5
5
5
5
5
5
5
5
5
5
5
5
5
5
5
5
5
5
5
5
5
5
5
5
5
5
5
5
5
5
5
5
5
5
5
5
5
5
5
5
5
5
5
5
5
5
5
5
5
5
5
5
5
5
5
5
5
5
5
5
5
5
5
5
5
5
5
5
5
5
5
5
5
5
5
5
5
5
5
5
5
5
5
5
5
5
5
5
5
5
5
5
5
5
5
5
5
5
5
5
5
5
5
5
5
5
5
5
5
5
5
5
5
5
5
5
5
5
5
5
5
5
5
5
5
5
5
5
5
5
5
5
5
5
5
5
5
5
5
5
5
5
5
5
5
5
5
5
5
5
5
5
5
5
5
5
5
5
5
5
5
5
5
5
5
5
5
5
5
5
5
5
5
5
5
5
5
5
5
5
5
5
5
5
5
5
5
5
5
5
5
5
5
5
5
5
5
5
5
5
5
5
5
5
5
5
5
5
5
5
5
5
5
5
5
5
5
5
5
5
5
5
5
5
5
5
5
5
5
5
5
5
5
5
5
5
5
5
5
5
5
5
5
5
5
5
5
5
5
5
5
5
5
5
5
5
5
5
5
5
5
5
5
5
5
5
5
5
5
5
5
5
5
5
5
5
5
5
5
5
5
5
5
5
5
5
5
5
5
5
5
5
5
5
5
5
5
5
5
5
5
5
5
5
5
5
5
5
5
5
5
5
5
5
5
5
5
5
5
5
5
5
5
5
5
5
5
5
5
5
5
5
5
5
5
5
5
5
5
5
5
5
5
5
5
5
5
5
5
5
5
5
5
5
5
5
5
5
5
5
5
5
5
5
5
5
5
5
5
5
5
5
5
5
5
5
5
5
5
5
5
5
5
5
5
5
5
5
5
5
5
5
5
5
5
5
5
5
5
5
5
5
5
5
5
5
5
5
5
5
5
5
5
5
5
5
5
5
5
5
5
5
5
5
5
5
5
5
5
5
5
5
5
5
5
5
5
5
5
5
5
5
5
5
5
5
5
5
5
5
5
5
5
5
5
5
5
5
5
5
5
5
5
5
5
5
5
5
5
5
5
5
5
5
5
5
5
5
5
5
5
5
5
5
5
5
5
5
5
5
5
5
5
5
5
5
5
5
5
5
5
5
5
5
5
5
5
5
5
5
5
5
5
5
5
5
5
5
5
5
5
5
5
5
5
5
5
5
5
5
5
5
5
5
5
5
5
5
5
5
5
5
5
5
5
5
5
5
5
5
5
5
5
5
5
5
5
5
5
5
5
5
5
5
5
5
5
5
5
5
5
5
5
5
5
5
5
5
5
5
5
5
5
5
5
5
5
5
5
5
5
5
5
5
5
5
5
5
5
5
5
5
5
5
5
5
5
5
5
5
5
5
5
5
5
5
5
5
5
5
5
5
5
5
5
5
5
5
5
5
5
5
5
5
5
5
5
5
5
5
5
5
5
5
5
5
5
5
5
5
5
5
5
5
5
5
5
5
5
5
5
5
5
5
5
5
5
5
5
5
5
5
5
5
5
5
5
5
5
5
5
5
5
5
5
5
5
5
5
5
5
5
5
5
5
5
5
5
5
5
5
5
5
5
5
5
5
5
5
5
5
5
5
5
5
5
5
5
5
5
5
5
5
5
5
5
5
5
5
5
5
5
5
5
5
5
5
5
5
5
5
5
5
5
5
5
5
5
5
5
5
5
5
5
5
5
5
5
5
5
5
5
5
5
5
5
5
5
5
5
5
5
5
5
5
5
5
5
5
5
5
5
5
5
5
5
5
5
5
5
5
5
5
5
5
5
5
5
5
5
5
5
5
5
5
5
5
5
5
5
5
5
5
5
5
5
5
5
5
5
5
5
5
5
5
5
5
5
5
5
5
5
5
5
5
5
5
5
5
5
5
5
5
5
5
5
5
5
5
5
5
5
5
5
5
5
5
5
5
5
5
5
5
5
5
5
5
5
5
5
5
5
5
5
5
5
5
5
5
5
5
5
5
5
5
5
5
5
5
5
5
5
5
5
5
5
5
5
5
5
5
5
5
5
5
5
5
5
5
5
5
5
5
5
5
5
5
5
5
5
5
5
5
5
5
5
5
5
5
5
5
5
5
5
5
5
5
5
5
5
5
5
5
5
5
5
5
5
5
5
5
5
5
5
5
5
5
5
5
5
5
5
5
5
5
5
5
5
5
5
5
5
5
5
5
5
5
5
5
5
5
5
5
5
5
5
5
5
5
5
5
5
5
5
5
5
5
5
5
5
5
5
5
5
5
5
5
5
5
5
5
5
5
5
5
5
5
5
5
5
5
5
5
5
5
5
5
5
5
5
5
5
5
5
5
5
5
5
5
5
5
5
5
5
5
5
5
5
5
5
5
5
5
5
5
5
5
5
5
5
5
5
5
5
5
5
5
5
5
5
5
5
5
5
5
5
5
5
5
5
5
5
5
5
5
5
5
5
5
5
5
5
5
5
5
5
5
5
5
5
5
5
5
5
5
5
5
5
5
5
5
5
5
5
5
5
5
5
5
5
5
5
5
5
5
5
5
5
5
5
5
5
5
5
5
5
5
5
5
5
5
5
5
5
5
5
5
5
5
5
5
5
5
5
5
5
5
5
5
5
5
5
5
5
5
5
5
5
5
5
5
5
5
5
5
5
5
5
5
5
5
5
5
5
5
5
5
5
5
5
5
5
5
5
5
5
5
5
5
5
5
5
5
5
5
5
5
5
5
5
5
5
5
5
5
5
5
5
5
5
5
5
5
5
5
5
5
5
5
5
5
5
5
5
5
5
5
5
5
5
5
5
5
5
5
5
5
5
5
5
5
5
5
5
5
5
5
5
5
5
5
5
5
5
5
5
5
5
5
5
5
5
5
5
5
5
5
5
5
5
5
5
5
5
5
5
5
5
5
5
5
5
5
5
5
5
5
5
5
5
5
5
5
5
5
5
5
5
5
5
5
5
5
5
5
5
5
5
5
5
5
5
5
5
5
5
5
5
5
5
5
5
5
5
5
5
5
5
5
5
5
5
5
5
5
5
5
5
5
5
5
5
5
5
5
5
5
5
5
5
5
5
5
5
5
5
5
5
5
5
5
5
5
5
5
5
5
5
5
5
5
5
5
5
5
5
5
5
5
5
5
5
5
5
5
5
5
5
5
5
5
5
5
5
5
5
5
5
5
5
5
5
5
5
5
5
5
5
5
5
5
5
5
5
5
5
5
5
5
5
5
5
5
5
5
5
5
5
5
5
5
5
5
5
5
5
5
5
5
5
5
5
5
5
5
5
5
5
5
5
5
5
5
5
5
5
5
5
5
5
5
5
5
5
5
5
5
5
5
5
5
5
5
5
5
5
5
5
5
5
5
5
5
5
5
5
5
5
5
5
5
5
5
5
5
5
5
5
5
5
5
5
5
5
5
5
5
5
5
5
5
5
5
5
5
5
5
5
5
5
5
5
5
5
5
5
5
5
5
5
5
5
5
5
5
5
5
5
5
5
5
5
5
5
5
5
5
5
5
5
5
5
5
5
5
5
5
5
5
5
5
5
5
5
5
5
5
5
5
5
5
5
5
5
5
5
5
5
5
5
5
5
5
5
5
5
5
5
5
5
5
5
5
5
5
5
5
5
5
5
5
5
5
5
5
5
5
5
5
5
5
5
5
5
5
5
5
5
5
5
5
5
5
5
5
5
5
5
5
5
5
5
5
5
5
5
5
5
5
5
5

