# vtk DataFile Version 2.0
ana-diff, Created by Gmsh
ASCII
DATASET UNSTRUCTURED_GRID
POINTS 6423 double
-1 -1 0
1 -1 0
1 1 0
-1 1 0
-0.12 -0.12 0
0.12 -0.12 0
0.12 0.12 0
-0.12 0.12 0
-0.1 0.1 0
-0.1 -0.1 0
0.1 -0.1 0
0.1 0.1 0
0 0 0
0.2 0 0
0.4 0 0
0 0.2 0
0 0.4 0
0.2 0.2 0
0.4 0.4 0
-0.9718309859155712 -1 0
-0.9436619718311424 -1 0
-0.9154929577467136 -1 0
-0.8873239436622848 -1 0
-0.859154929577856 -1 0
-0.8309859154934273 -1 0
-0.8028169014089984 -1 0
-0.7746478873245697 -1 0
-0.7464788732401408 -1 0
-0.718309859155712 -1 0
-0.6901408450712833 -1 0
-0.6619718309868545 -1 0
-0.6338028169024257 -1 0
-0.6056338028179968 -1 0
-0.5774647887335681 -1 0
-0.5492957746491394 -1 0
-0.5211267605647105 -1 0
-0.4929577464802817 -1 0
-0.4647887323958529 -1 0
-0.4366197183114241 -1 0
-0.4084507042269954 -1 0
-0.3802816901425665 -1 0
-0.3521126760581377 -1 0
-0.3239436619737089 -1 0
-0.2957746478892801 -1 0
-0.2676056338048514 -1 0
-0.2394366197204225 -1 0
-0.2112676056359937 -1 0
-0.1830985915515649 -1 0
-0.1549295774671362 -1 0
-0.1267605633827074 -1 0
-0.09859154929827862 -1 0
-0.07042253521384978 -1 0
-0.04225352112942105 -1 0
-0.01408450704498998 -1 0
0.01408450703951702 -1 0
0.04225352112409997 -1 0
0.07042253520868536 -1 0
0.09859154929327074 -1 0
0.1267605633778561 -1 0
0.1549295774624413 -1 0
0.1830985915470265 -1 0
0.2112676056316118 -1 0
0.2394366197161972 -1 0
0.2676056338007826 -1 0
0.2957746478853678 -1 0
0.3239436619699529 -1 0
0.3521126760545383 -1 0
0.3802816901391237 -1 0
0.4084507042237091 -1 0
0.4366197183082943 -1 0
0.4647887323928794 -1 0
0.4929577464774648 -1 0
0.5211267605620502 -1 0
0.5492957746466354 -1 0
0.5774647887312208 -1 0
0.6056338028158059 -1 0
0.6338028169003913 -1 0
0.6619718309849767 -1 0
0.6901408450695619 -1 0
0.7183098591541472 -1 0
0.7464788732387324 -1 0
0.7746478873233178 -1 0
0.802816901407903 -1 0
0.8309859154924883 -1 0
0.8591549295770735 -1 0
0.8873239436616587 -1 0
0.9154929577462438 -1 0
0.9436619718308292 -1 0
0.9718309859154148 -1 0
1 -0.9718309859155712 0
1 -0.9436619718311424 0
1 -0.9154929577467136 0
1 -0.8873239436622848 0
1 -0.859154929577856 0
1 -0.8309859154934273 0
1 -0.8028169014089984 0
1 -0.7746478873245697 0
1 -0.7464788732401408 0
1 -0.718309859155712 0
1 -0.6901408450712833 0
1 -0.6619718309868545 0
1 -0.6338028169024257 0
1 -0.6056338028179968 0
1 -0.5774647887335681 0
1 -0.5492957746491394 0
1 -0.5211267605647105 0
1 -0.4929577464802817 0
1 -0.4647887323958529 0
1 -0.4366197183114241 0
1 -0.4084507042269954 0
1 -0.3802816901425665 0
1 -0.3521126760581377 0
1 -0.3239436619737089 0
1 -0.2957746478892801 0
1 -0.2676056338048514 0
1 -0.2394366197204225 0
1 -0.2112676056359937 0
1 -0.1830985915515649 0
1 -0.1549295774671362 0
1 -0.1267605633827074 0
1 -0.09859154929827862 0
1 -0.07042253521384978 0
1 -0.04225352112942105 0
1 -0.01408450704498998 0
1 0.01408450703951702 0
1 0.04225352112409997 0
1 0.07042253520868536 0
1 0.09859154929327074 0
1 0.1267605633778561 0
1 0.1549295774624413 0
1 0.1830985915470265 0
1 0.2112676056316118 0
1 0.2394366197161972 0
1 0.2676056338007826 0
1 0.2957746478853678 0
1 0.3239436619699529 0
1 0.3521126760545383 0
1 0.3802816901391237 0
1 0.4084507042237091 0
1 0.4366197183082943 0
1 0.4647887323928794 0
1 0.4929577464774648 0
1 0.5211267605620502 0
1 0.5492957746466354 0
1 0.5774647887312208 0
1 0.6056338028158059 0
1 0.6338028169003913 0
1 0.6619718309849767 0
1 0.6901408450695619 0
1 0.7183098591541472 0
1 0.7464788732387324 0
1 0.7746478873233178 0
1 0.802816901407903 0
1 0.8309859154924883 0
1 0.8591549295770735 0
1 0.8873239436616587 0
1 0.9154929577462438 0
1 0.9436619718308292 0
1 0.9718309859154148 0
0.9718309859155712 1 0
0.9436619718311424 1 0
0.9154929577467136 1 0
0.8873239436622848 1 0
0.859154929577856 1 0
0.8309859154934273 1 0
0.8028169014089984 1 0
0.7746478873245697 1 0
0.7464788732401408 1 0
0.718309859155712 1 0
0.6901408450712833 1 0
0.6619718309868545 1 0
0.6338028169024257 1 0
0.6056338028179968 1 0
0.5774647887335681 1 0
0.5492957746491394 1 0
0.5211267605647105 1 0
0.4929577464802817 1 0
0.4647887323958529 1 0
0.4366197183114241 1 0
0.4084507042269954 1 0
0.3802816901425665 1 0
0.3521126760581377 1 0
0.3239436619737089 1 0
0.2957746478892801 1 0
0.2676056338048514 1 0
0.2394366197204225 1 0
0.2112676056359937 1 0
0.1830985915515649 1 0
0.1549295774671362 1 0
0.1267605633827074 1 0
0.09859154929827862 1 0
0.07042253521384978 1 0
0.04225352112942105 1 0
0.01408450704498998 1 0
-0.01408450703951702 1 0
-0.04225352112409997 1 0
-0.07042253520868536 1 0
-0.09859154929327074 1 0
-0.1267605633778561 1 0
-0.1549295774624413 1 0
-0.1830985915470265 1 0
-0.2112676056316118 1 0
-0.2394366197161972 1 0
-0.2676056338007826 1 0
-0.2957746478853678 1 0
-0.3239436619699529 1 0
-0.3521126760545383 1 0
-0.3802816901391237 1 0
-0.4084507042237091 1 0
-0.4366197183082943 1 0
-0.4647887323928794 1 0
-0.4929577464774648 1 0
-0.5211267605620502 1 0
-0.5492957746466354 1 0
-0.5774647887312208 1 0
-0.6056338028158059 1 0
-0.6338028169003913 1 0
-0.6619718309849767 1 0
-0.6901408450695619 1 0
-0.7183098591541472 1 0
-0.7464788732387324 1 0
-0.7746478873233178 1 0
-0.802816901407903 1 0
-0.8309859154924883 1 0
-0.8591549295770735 1 0
-0.8873239436616587 1 0
-0.9154929577462438 1 0
-0.9436619718308292 1 0
-0.9718309859154148 1 0
-1 0.9718309859155712 0
-1 0.9436619718311424 0
-1 0.9154929577467136 0
-1 0.8873239436622848 0
-1 0.859154929577856 0
-1 0.8309859154934273 0
-1 0.8028169014089984 0
-1 0.7746478873245697 0
-1 0.7464788732401408 0
-1 0.718309859155712 0
-1 0.6901408450712833 0
-1 0.6619718309868545 0
-1 0.6338028169024257 0
-1 0.6056338028179968 0
-1 0.5774647887335681 0
-1 0.5492957746491394 0
-1 0.5211267605647105 0
-1 0.4929577464802817 0
-1 0.4647887323958529 0
-1 0.4366197183114241 0
-1 0.4084507042269954 0
-1 0.3802816901425665 0
-1 0.3521126760581377 0
-1 0.3239436619737089 0
-1 0.2957746478892801 0
-1 0.2676056338048514 0
-1 0.2394366197204225 0
-1 0.2112676056359937 0
-1 0.1830985915515649 0
-1 0.1549295774671362 0
-1 0.1267605633827074 0
-1 0.09859154929827862 0
-1 0.07042253521384978 0
-1 0.04225352112942105 0
-1 0.01408450704498998 0
-1 -0.01408450703951702 0
-1 -0.04225352112409997 0
-1 -0.07042253520868536 0
-1 -0.09859154929327074 0
-1 -0.1267605633778561 0
-1 -0.1549295774624413 0
-1 -0.1830985915470265 0
-1 -0.2112676056316118 0
-1 -0.2394366197161972 0
-1 -0.2676056338007826 0
-1 -0.2957746478853678 0
-1 -0.3239436619699529 0
-1 -0.3521126760545383 0
-1 -0.3802816901391237 0
-1 -0.4084507042237091 0
-1 -0.4366197183082943 0
-1 -0.4647887323928794 0
-1 -0.4929577464774648 0
-1 -0.5211267605620502 0
-1 -0.5492957746466354 0
-1 -0.5774647887312208 0
-1 -0.6056338028158059 0
-1 -0.6338028169003913 0
-1 -0.6619718309849767 0
-1 -0.6901408450695619 0
-1 -0.7183098591541472 0
-1 -0.7464788732387324 0
-1 -0.7746478873233178 0
-1 -0.802816901407903 0
-1 -0.8309859154924883 0
-1 -0.8591549295770735 0
-1 -0.8873239436616587 0
-1 -0.9154929577462438 0
-1 -0.9436619718308292 0
-1 -0.9718309859154148 0
-0.09333333333339053 -0.12 0
-0.06666666666680275 -0.12 0
-0.04000000000021675 -0.12 0
-0.01333333333363257 -0.12 0
0.01333333333304251 -0.12 0
0.0399999999997796 -0.12 0
0.06666666666651611 -0.12 0
0.0933333333332538 -0.12 0
0.12 -0.09333333333339053 0
0.12 -0.06666666666680275 0
0.12 -0.04000000000021675 0
0.12 -0.01333333333363257 0
0.12 0.01333333333304251 0
0.12 0.0399999999997796 0
0.12 0.06666666666651611 0
0.12 0.0933333333332538 0
0.09333333333339053 0.12 0
0.06666666666680275 0.12 0
0.04000000000021675 0.12 0
0.01333333333363257 0.12 0
-0.01333333333304251 0.12 0
-0.0399999999997796 0.12 0
-0.06666666666651611 0.12 0
-0.0933333333332538 0.12 0
-0.12 0.09333333333339053 0
-0.12 0.06666666666680275 0
-0.12 0.04000000000021675 0
-0.12 0.01333333333363257 0
-0.12 -0.01333333333304251 0
-0.12 -0.0399999999997796 0
-0.12 -0.06666666666651611 0
-0.12 -0.0933333333332538 0
-0.07500000000005211 -0.1 0
-0.05000000000012052 -0.1 0
-0.02500000000019435 -0.1 0
-2.654682029756827e-13 -0.1 0
0.02499999999979893 -0.1 0
0.04999999999986596 -0.1 0
0.0749999999999357 -0.1 0
0.1 -0.07500000000005211 0
0.1 -0.05000000000012052 0
0.1 -0.02500000000019435 0
0.1 -2.654682029756827e-13 0
0.1 0.02499999999979893 0
0.1 0.04999999999986596 0
0.1 0.0749999999999357 0
0.07500000000005211 0.1 0
0.05000000000012052 0.1 0
0.02500000000019435 0.1 0
2.654682029756827e-13 0.1 0
-0.02499999999979893 0.1 0
-0.04999999999986596 0.1 0
-0.0749999999999357 0.1 0
-0.1 0.07500000000005211 0
-0.1 0.05000000000012052 0
-0.1 0.02500000000019435 0
-0.1 2.654682029756827e-13 0
-0.1 -0.02499999999979893 0
-0.1 -0.04999999999986596 0
-0.1 -0.0749999999999357 0
-0.1385106511660623 0.08000000000009663 0
-0.08000000000009667 -0.1385106511660623 0
0.07999999999988493 -0.1385106511661094 0
-0.1389419290609208 -0.08000036622275473 0
-0.4832728459770498 -0.9748245173428419 0
-0.9761654682277641 -0.4503471979196899 0
-0.9754424161664454 0.478823261757052 0
0.4775109845571127 -0.9766095578071896 0
-0.9758857198743383 0.2821376357686364 0
-0.2780965676702716 -0.9743005671951316 0
0.2861198220580154 -0.975083739338976 0
-0.9761997144704373 -0.2802243646454902 0
0.9787905386724588 -0.4795110438214906 0
-0.4788846940011462 0.9755953238568147 0
0.001012370046944325 -0.9742300530518144 0
-0.9756211893689908 -0.0001048592523416776 0
0.1412901140489493 -0.9750574664699011 0
-0.9756201939797713 -0.1409527367960747 0
-0.1396766831662545 -0.9751836666743354 0
-0.9755409957292138 0.1409084530621997 0
-0.9764508593016441 -0.5902121556359234 0
0.9749728315808015 -0.3386489388241356 0
-0.3379150422201448 0.9783011242588042 0
0.6194905093495697 -0.9757343220676584 0
-0.6197155945137558 0.9763982687068919 0
-0.6197183098602113 -0.9756049182033231 0
-0.9771046098646933 0.6187168010733946 0
0.9710954608085304 -0.6225994323214172 0
0.6488837278982778 0.9746418772555466 0
0.9749395905048571 0.6194570092714338 0
0.9779098283096441 -0.1931828062143409 0
0.1951546927359561 0.9768104686543625 0
0.9759613550004824 0.1971830985893193 0
-0.1964402196491947 0.9766401038209255 0
0.5070422535224962 0.9756049182033231 0
0.9767838958894891 0.4837990376154218 0
0.3378168835999923 0.9769481584151098 0
0.9756049182031875 0.3380281690122456 0
0.05682530766879535 0.9779093131508534 0
0.9749034264751484 -0.05661133440017781 0
-0.976353487178904 -0.7042252779272308 0
-0.05550316325140731 0.9775917892031495 0
0.9764312816086791 0.0563380281663917 0
-0.7318883632737263 0.9758970528519513 0
0.7310801560716015 -0.9720773017049288 0
0.9749936209065284 0.7328169923022749 0
-0.7323667512183437 -0.9767293201535744 0
-0.9756049182033231 0.7323943661979264 0
0.9764999054075343 -0.7324434026539521 0
0.00315486524699088 -0.1397484257117839 0
-0.1400520156925233 2.950278664861117e-13 0
0.7605395183450201 0.9733171119239983 0
-0.9762620987212463 -0.8169022615076615 0
-0.8450697289008058 0.9764963026496156 0
0.8437129243869973 -0.9763886693792632 0
0.9739855791520853 0.8461433512794844 0
0.3666694440838789 -0.9808243693087549 0
-0.3656477060924561 -0.9758068958865819 0
-0.9755087663088498 0.3660579920625091 0
-0.9786948481301616 -0.3647183544662561 0
-0.8210855052394348 -0.9735192381467878 0
-0.9763185911798611 0.8178425349328273 0
0.9756049182033231 -0.8169014084512128 0
0.4230037524929793 0.9758926761413482 0
0.8448828687373968 0.9783088079205565 0
0.1416145331937897 -0.1060393417114118 0
0.1428371351371157 -0.1323414044091687 0
0.1652609230654681 -0.1175522905536021 0
0.1668636622369952 -0.1443525307315408 0
0.1894067130206832 -0.1289661459715145 0
0.191382852051468 -0.1561459460517051 0
0.1689854564699671 -0.1714123821364308 0
0.1930220298071779 -0.1829837830688435 0
0.1710937954472133 -0.1978927145798147 0
0.1949512598616976 -0.2095813541368562 0
0.173292136813616 -0.2246696270008675 0
0.1970710346850257 -0.2362436135498316 0
0.1753227601626827 -0.2513450352523875 0
0.1993192197928907 -0.2629158215560438 0
0.1773361533532909 -0.2780322004071584 0
0.2012008889530425 -0.2896765620094348 0
0.1792950320669304 -0.3047956311931627 0
0.2034991854041388 -0.3164495460962674 0
0.1812644556011168 -0.3316699029406915 0
0.2055650073392337 -0.3432974851084915 0
0.1832505810010083 -0.3585466131272087 0
0.20754397775701 -0.370112382090867 0
0.2299029281685758 -0.3549618730936839 0
0.2314162236010721 -0.3822844051417179 0
0.2543257875505054 -0.3666628454770744 0
0.2563662960321346 -0.393697131340235 0
0.2787960306492843 -0.3784095506442761 0
0.1852270672789023 -0.3852473846507947 0
0.280533945997371 -0.4061461249752361 0
0.303258210892306 -0.3902915281209188 0
0.3049887206430702 -0.4180945998328223 0
0.3277948970686485 -0.4021245452546545 0
0.3298874808510924 -0.4292260706624463 0
0.3524513457801705 -0.4138213237283619 0
0.3545569946641072 -0.4409532459514849 0
0.3771011018493868 -0.4256231503849635 0
0.3789124837431178 -0.4534504612747069 0
0.4017084467676879 -0.4375755905994896 0
0.3057027872177074 -0.4465430594030537 0
0.4035415339922191 -0.4654724025027966 0
0.4264271350938683 -0.4494837795633758 0
0.4285185567582884 -0.4767711349784176 0
0.1610295571218319 -0.373739279398876 0
0.1629994855753026 -0.4002984482047136 0
0.13920461716063 -0.3891158145665632 0
0.14094896973102 -0.4153213675307039 0
0.1172376048068039 -0.4041618686114903 0
0.1189526203287733 -0.4303387480085731 0
0.09499092974925386 -0.4187861060351566 0
0.09684309646925289 -0.4452832593990437 0
0.07283873627206505 -0.4337871586808567 0
0.07483105691777407 -0.4604713125275161 0
0.05067125333494095 -0.4488381005416647 0
0.05255521831039975 -0.4754457730943958 0
0.02863760029475131 -0.4638727801817464 0
0.4512098491510351 -0.4612165150013879 0
0.4533452133831125 -0.48868465245775 0
0.03032018074861906 -0.4905030449344193 0
0.006403824042109663 -0.4789654167342208 0
0.05179649917916544 -0.5044333461694188 0
0.4489689016088941 -0.4336982617694082 0
0.4739230479132062 -0.4456514244150063 0
0.4716977942723862 -0.4180779074364532 0
0.008074668805049194 -0.5056518604079582 0
-0.01602227470298207 -0.494198133101006 0
0.4043581454354206 -0.4939207917941941 0
0.4968019227336512 -0.4302271381800747 0
0.4945155360148 -0.4024036404840418 0
-0.01410398663308013 -0.5210509284614131 0
-0.03836071206116447 -0.5094148813385855 0
-0.03644437341905462 -0.5362872266932905 0
-0.06076536612105149 -0.524502336777033 0
0.5196128574696752 -0.4146049601159891 0
0.5173424980839461 -0.3867601491537918 0
-0.06280241288935691 -0.4985857174969841 0
-0.0850350311127004 -0.5129133373932956 0
-0.08312414696386636 -0.5396693207465442 0
-0.1073043743237807 -0.5278654619313601 0
-0.1095594634845581 -0.5017483880516079 0
-0.13155186379379 -0.5162059274083806 0
-0.1297208213220077 -0.5429774618024475 0
-0.1538629324428095 -0.5311574281833363 0
-0.155727470659113 -0.5043090654866504 0
-0.1780460272210337 -0.5193588620298618 0
-0.179888697838055 -0.4925548525731616 0
-0.2021519961596111 -0.507590620903317 0
-0.2040221536239044 -0.4808888165916597 0
-0.2261807441698939 -0.4958406870729207 0
-0.2274750307759629 -0.4701300230584163 0
-0.2500302332392831 -0.4843149181032982 0
-0.2505668621907984 -0.4548720939188505 0
-0.2737534078351408 -0.4721079313015324 0
-0.2759216115147147 -0.4460792909895703 0
-0.2977988215973232 -0.4608795270988612 0
-0.2997434146094348 -0.4345807178037404 0
-0.3210466947291302 -0.4482229288580071 0
-0.3233988407140012 -0.4228946481189074 0
-0.3451973704468796 -0.43737691291778 0
-0.3471743972092149 -0.4114585295491884 0
-0.3695717743613265 -0.4271520041355966 0
-0.3710593467752386 -0.4001161470070628 0
-0.3929276978902747 -0.4149555233175202 0
-0.3946885121636242 -0.3884517300923904 0
-0.3916571557358582 -0.4414518188952994 0
-0.4166284257567857 -0.4032779004636629 0
-0.4185418489645125 -0.3767238870676011 0
-0.4404553128143447 -0.3916567686718147 0
-0.4424161419329092 -0.3649980466313197 0
-0.4643449683829569 -0.38003350121838 0
-0.4662526456866865 -0.3534404362826717 0
-0.272186684950306 -0.4990957759883771 0
-0.4882811598941307 -0.3684125161732828 0
-0.4901344398091944 -0.341874130117418 0
-0.468159407591708 -0.3269501002808555 0
-0.4919375015521477 -0.3154236854864784 0
-0.470017330936231 -0.3006247911744174 0
-0.4936973279001059 -0.2891410249192148 0
-0.4719604995814414 -0.2744805238684175 0
-0.4949672895929247 -0.2637697403545004 0
-0.4742826471833638 -0.2496039425616641 0
-0.498868426825301 -0.2376291534758486 0
-0.472736810583147 -0.22295715994497 0
-0.4971982515018785 -0.2113823843425431 0
-0.477611971135443 -0.196921852411611 0
-0.5003752647310583 -0.185738235471816 0
-0.4794702718683376 -0.1714019777741554 0
-0.5023583845751589 -0.1602618764619898 0
-0.4813074368227432 -0.1460503486474481 0
-0.5039043043064975 -0.135294336175393 0
-0.4828536074116259 -0.1206635789287803 0
-0.5093324413237014 -0.1081602885568418 0
-0.4850348695670361 -0.09487419872485262 0
-0.5078201982868712 -0.0839836996075624 0
-0.4864384976755107 -0.06948043956873834 0
-0.5094841728356413 -0.05851099393063738 0
-0.4882443506676883 -0.04380870356312005 0
-0.5121801560768376 -0.03353976636097709 0
-0.490047701423151 -0.0179904241824142 0
-0.5144156564243949 -0.007402710378169858 0
-0.4918649417183644 0.00810075944531698 0
-0.5162384171605947 0.01961484403981551 0
-0.4930695251808667 0.03506177649878484 0
-0.5180217400802379 0.04619332967820916 0
-0.4952368758746771 0.06092657556459458 0
-0.5192387974556139 0.07262663919053292 0
-0.4976803583070511 0.08745718373425698 0
-0.5214329247274345 0.09921068686383905 0
-0.4989647387080651 0.1141834045871606 0
-0.523301202776523 0.1259490573695682 0
-0.5006759276287007 0.1409947831589538 0
-0.5247814489829633 0.1527929110401124 0
-0.5024089598889253 0.1678791781564724 0
-0.5269046448561374 0.1793833782191988 0
-0.5042473004481138 0.1948774613325241 0
-0.5289505821218601 0.2065026483322774 0
-0.5071028589953255 0.2219358349847805 0
-0.5308628598966902 0.2339635638561399 0
-0.5091190445675399 0.2491978586990574 0
-0.5328086296220373 0.261280942539958 0
-0.5100159821430663 0.2765872271483518 0
-0.534484829484708 0.288632263483178 0
-0.5116913154581915 0.3039644598291169 0
-0.5363256004464432 0.3160154642120502 0
-0.5144870050146824 0.3312987673507446 0
-0.5383809362393582 0.3434201663906316 0
-0.5165454362541481 0.3587206017383678 0
-0.5403502117909336 0.370866452767503 0
-0.5175134289496048 0.3862530688808721 0
-0.5421247043554265 0.3983614546634338 0
-0.519232781239412 0.4137696731746153 0
-0.5439938593107148 0.4258856378970933 0
-0.5210833298689483 0.4413103207188382 0
-0.5459022420691855 0.4534417270068376 0
-0.5229694099341212 0.4688845964862373 0
-0.5478211008712774 0.4810290954331001 0
-0.5248714281448068 0.4964889623445906 0
-0.4999986242164761 0.4843280243277926 0
-0.5497440791177136 0.5086467106919754 0
-0.4867245246397746 -0.3945109034300076 0
-0.4882772223318713 0.3230984330646116 0
-0.5018989967130885 0.5119627628419819 0
-0.4769998897303912 0.4997813187949892 0
-0.5220333915362194 -0.1996701407482092 0
-0.5104598171486757 -0.3832753874020969 0
-0.5089066787351919 -0.4094618993103947 0
-0.4788991429324308 0.5274544972534815 0
-0.4539722647125677 0.5152565914895635 0
-0.5310817120860898 -0.07274350291067552 0
-0.176144236404336 -0.5462732918440668 0
-0.5320596157001491 -0.399164805354303 0
-0.5306864242700626 -0.4251112543807154 0
-0.5445915060525879 0.08328589632287793 0
-0.4558703363846289 0.5429669109985147 0
-0.4309059567646775 0.5307242501433429 0
0.5424590788251042 -0.3989991851242998 0
0.5404002472335898 -0.3713953389932012 0
0.5445826774112387 -0.4266617941622506 0
-0.5540232400765432 0.2179607824240927 0
-0.4322785209513849 0.5577059729703098 0
-0.4077191203442836 0.546105318402221 0
-0.4548861220438714 0.5686543474273147 0
-0.5545124555252816 -0.4139029047365233 0
-0.5528963700942859 -0.440331707000427 0
-0.4097266873887856 0.5740480561562875 0
-0.3846782646624782 0.5617949023090452 0
-0.3827689582493218 0.5339539455473337 0
-0.3596484379777596 0.5495450744389586 0
-0.3577541619931979 0.5217336289634372 0
-0.3615565189818596 0.5773903579944915 0
-0.3364815765868945 0.565116279570417 0
-0.561014755161955 0.3280547580515037 0
0.5674665363345971 -0.4110512474671402 0
0.5695505609069763 -0.4386856769571564 0
-0.5688138170386682 0.4379886492323444 0
-0.3383799462081888 0.5929881366596034 0
-0.3132759491262198 0.5806974074886011 0
-0.5765190193408318 -0.4295033289456164 0
-0.5751631754991245 -0.4556035623527422 0
-0.4803969820164786 0.2100824372377614 0
0.2183949941664091 -0.219323733276733 0
-0.4567640709354622 -0.1837532163770903 0
0.5924553155637069 -0.4230619040128896 0
0.5945406147988702 -0.4507328663271788 0
-0.3151747797090119 0.6085998176928409 0
-0.2900432701748747 0.5962957203995614 0
-0.2061960212163817 -0.4554243791864575 0
-0.5994824933929753 -0.4437896646453739 0
-0.5976522671126019 -0.4706466390102111 0
-0.5732940242642843 -0.4824590120608241 0
-0.5957562240299366 -0.4976379570948253 0
-0.5713401812895823 -0.5094776478977325 0
-0.5938217006340647 -0.5247109043163296 0
-0.5693575611530381 -0.5365703150863843 0
-0.591878624164222 -0.5518398498276111 0
-0.5679927414386083 -0.5633122804077479 0
-0.5900301760884925 -0.5789472009761859 0
-0.5663240670637072 -0.5908788417752345 0
-0.5881490240268223 -0.6062349235627382 0
-0.5637588616489162 -0.6186166332880487 0
-0.4774143209116113 0.1026678808288109 0
-0.4648869658449272 -0.05501211695046097 0
-0.3499017420691573 -0.3867230639636046 0
0.5151741108167859 -0.3592232831139775 0
0.5382938972330714 -0.3437847278501231 0
-0.6183717303808016 -0.5126597969514528 0
-0.6013042652368155 -0.4189022209430527 0
-0.2919471102123563 0.6242254241203858 0
-0.2667947928969452 0.6119082795620718 0
-0.3170980229417219 0.6365278898318756 0
0.6174695834604873 -0.4350854539866556 0
0.619553670461752 -0.462783279572721 0
-0.5861131678422107 -0.6336254669245404 0
-0.6107505865053068 -0.621442315950446 0
0.02787716148972353 -0.4387709171272748 0
-0.5614436043253899 -0.6455814864490087 0
0.5129693716897142 -0.3316221974372727 0
0.5361456523783634 -0.3160931214871239 0
-0.60871301204079 -0.6489610209333484 0
-0.6334898564714407 -0.6367808086466356 0
-0.2686996329993258 0.6398640672222071 0
-0.2435230743677753 0.6275361861780606 0
-0.2650336673430009 0.5839384822945554 0
0.6425061961192919 -0.4471193844347841 0
0.6445889002544661 -0.4748303513020646 0
-0.2454313416621828 0.6555164046741186 0
-0.2202384364523692 0.6431761801296451 0
0.5109947410962393 -0.3040418716614178 0
0.534110201014147 -0.2883924231472578 0
-0.6314569211733874 -0.6643871194571626 0
-0.6562579858579055 -0.6523287509106714 0
-0.5388259780387403 -0.6303546430158826 0
-0.5367004960884875 -0.6574386753921312 0
-0.2221439395690992 0.6711814609056727 0
-0.1969179879587107 0.6588265583258184 0
-0.5142640875504814 -0.6425342560958484 0
-0.5120345081031272 -0.6693988746703292 0
0.6216261344082449 -0.4904901078060343 0
0.6466301959143542 -0.5025518371753435 0
0.6236597549599721 -0.5182133966737302 0
0.6487458933340035 -0.5302734250324672 0
0.6257255058424034 -0.545950066292225 0
0.6507818650508026 -0.558028709589283 0
0.6278308421994084 -0.573699840768272 0
0.6529070615746571 -0.5857869691936024 0
0.6298575008491618 -0.6015140309621331 0
0.6550109458651452 -0.6135596431904641 0
0.6319469364322642 -0.6293107796959381 0
0.6571170945381384 -0.6413839896172994 0
0.6340377120810013 -0.657131517767509 0
0.6591936722667211 -0.6692520400847758 0
0.6404145676399408 -0.4194051127873247 0
0.6654829782912124 -0.4314476707511381 0
0.6633833693168983 -0.403698724993525 0
-0.1988356675518791 0.6868569004933699 0
-0.1735972928266653 0.6744990040059561 0
-0.4893469718317568 -0.6539658564503215 0
-0.4872870080940652 -0.6811762694334849 0
-0.4646017719155288 -0.6658038509795905 0
-0.6542604839842392 -0.6798558380708124 0
0.6088885183809152 -0.6450263075214784 0
0.6109728891880062 -0.672847023558893 0
0.5858381191858936 -0.6607302724661561 0
-0.4626736685818506 -0.6932313378385865 0
-0.4399998143548824 -0.6778288895738306 0
0.6758253741477992 -0.5700948008033613 0
0.5878983807896883 -0.6885365932882666 0
0.5627794542013955 -0.6764372803362809 0
-0.5092814686061936 -0.6968564070587601 0
0.5088469356970053 -0.2763319461958832 0
0.5320351042726472 -0.2606433908297337 0
-0.2240741409748679 0.6992067782606071 0
0.6884816068761266 -0.4157606350452849 0
0.6863860685734854 -0.3879785517725405 0
-0.6791045025003086 -0.6677941144826021 0
-0.1716826524818322 0.6464546067733252 0
-0.1483502616542357 0.662127960850914 0
-0.1502631969175387 0.6901831391373175 0
-0.1250080627153745 0.6778126382451588 0
-0.4379243762683181 -0.7050446006228338 0
-0.4152622946166669 -0.6897374014020461 0
-0.6771137364377433 -0.6953622130011774 0
0.1531563598535248 -0.2674723901160443 0
0.5648374478696466 -0.7042408844830956 0
0.5397879222745089 -0.6922488441956227 0
-0.41319649973189 -0.7169506675459725 0
-0.3905350120513815 -0.7016674927847346 0
-0.4698791682720359 0.02247016792258839 0
-0.2778972808932009 -0.4197942826109141 0
0.6822888505301636 -0.6534900511942583 0
0.6843667336061443 -0.6813813338688697 0
-0.5403391967136864 0.002797668406923222 0
-0.01207675690022674 -0.548042256135628 0
-0.6238894216138944 -0.4321654684062103 0
-0.6263634366900903 -0.4063409251892305 0
-0.648271213499814 -0.4198975139115049 0
-0.6500618929702388 -0.3942569775516367 0
-0.6726364685924054 -0.4080637121322029 0
-0.6722180689589122 -0.3781217008233608 0
-0.6966794303068742 -0.395755054353787 0
-0.6989741663720012 -0.3691007651678152 0
0.1210019534474378 -0.4570100850824702 0
-0.1269215829116842 0.7058753126249491 0
-0.1016570948679041 0.6935024313863895 0
-0.09975204355720675 0.6654246411262079 0
-0.07638980442243212 0.6811180575716511 0
-0.07840051707082087 0.7089984695383609 0
-0.05303993983355509 0.696787327386527 0
-0.05111479249546991 0.6687230570130629 0
-0.02773929611543983 0.6844298070717963 0
-0.02582402885389042 0.6563362837307944 0
-0.002440966902265342 0.6720470019461233 0
-0.004358371332637391 0.7001502969455348 0
0.020944304909207 0.6877628959312406 0
0.02286255443043174 0.6596514314567615 0
0.04625410534518598 0.6753678965092709 0
0.04817430427238571 0.6472471139797115 0
0.07157241241481135 0.6629679959333092 0
0.07349172243175103 0.6348404514597895 0
0.09689727043012669 0.6505679993572118 0
0.09881426283371056 0.6224317951141296 0
0.1222249056862865 0.6381633989707224 0
0.1241415328935203 0.6100208852054367 0
0.1475545270600339 0.6257552255432073 0
0.145634863325611 0.6538972364703933 0
0.1709663608842277 0.6414897618364348 0
0.1494760277971074 0.5976101744072532 0
0.1690554183048767 0.6696332355040131 0
0.1943773116628191 0.6572289749697691 0
0.1924688047800412 0.6853698339553135 0
0.2177895363878011 0.672965727909584 0
0.2158697737830964 0.7011047225128927 0
0.2412024363771104 0.6886982833536308 0
0.2431424634422899 0.6605708766694725 0
0.2665438772749967 0.6762983908992691 0
0.1905733617105723 0.7135233628710431 0
0.2646189897782122 0.7044386867494752 0
0.2899553125743657 0.6920317974622121 0
0.2918826645258997 0.6638939543381307 0
0.3152930941684734 0.6796250292104702 0
0.3133683933469333 0.7077711317917339 0
0.3387070144415941 0.6953653601817573 0
0.3406321713313905 0.6672160609634179 0
0.3640488600916898 0.6829589375410997 0
0.3659755669379946 0.6548059053910459 0
0.3893928352948777 0.6705515059098024 0
0.3874653391727674 0.6987029500456222 0
0.4128100593208311 0.6862968565501585 0
0.4147377262704069 0.6581454766459331 0
0.4381554972721488 0.6738908057243408 0
0.4400836229271882 0.6457380714855295 0
0.463501307667351 0.6614848396991451 0
0.4654312513000403 0.63333334653359 0
0.4888414494146468 0.6490777039116378 0
0.4907899175405742 0.6209527213522908 0
0.5141919741548147 0.636672867497684 0
0.5161376409721786 0.6085475487196526 0
0.5395419530141018 0.6242687834201884 0
0.5414718531884113 0.5961165927011134 0
0.5648852425605373 0.6118585300413453 0
0.5668143512195938 0.5837071859805061 0
0.5902286098080758 0.5994508628699597 0
0.5921569500323459 0.5713013143311252 0
0.5883002898713944 0.6275997834477255 0
0.6136389688187651 0.6151946103808843 0
0.6117108590920233 0.643339428918928 0
0.6370474217512194 0.630937011862671 0
0.6351062992200489 0.6590973966271699 0
0.6604499804497543 0.6466801554539862 0
0.6585091791217028 0.6748377354016706 0
0.4869004195714486 0.6772380575416912 0
0.683851576705006 0.6624198370175096 0
0.6857834866135727 0.6342801514517832 0
0.6819253209884337 0.6905529298149388 0
0.6566012396431758 0.7029487323395804 0
0.4108809845426525 0.7144464589521596 0
-0.3885253978743146 -0.7289962691982723 0
-0.3658281562553264 -0.713639739100222 0
-0.7019726775043007 -0.6832933152545922 0
-0.7039402797496237 -0.6557056766935377 0
-0.7000163158144544 -0.7108956739163212 0
-0.6750828169349414 -0.7229755243573273 0
0.5068202526894163 -0.2485391796967936 0
0.5298978135765895 -0.2327703251263253 0
0.5551233315909909 -0.2449114571022389 0
0.5529706870115942 -0.2169959351123061 0
0.5781790739928275 -0.2291019556296308 0
0.576052281601501 -0.2011954511148205 0
0.6012887431205818 -0.2133300259598299 0
0.5991600456762499 -0.1854005917747195 0
0.624410629532795 -0.1975540141179132 0
0.6222810147419979 -0.1696020406522252 0
0.6475256851571111 -0.18172432055592 0
0.6454081604722638 -0.1537867291585062 0
0.6706679025970053 -0.1659212159736171 0
0.6685496241325202 -0.1379725265363637 0
0.6432753491525338 -0.1258335503588937 0
0.6664356447796664 -0.110001398224425 0
0.6411379692320369 -0.0978557768297505 0
0.6643164242951822 -0.08201209322909658 0
0.6389967294901227 -0.06985368407572551 0
0.6622251330228088 -0.05399348315645619 0
0.6368558588705427 -0.04182687615116008 0
0.6601050757116441 -0.02595607420066779 0
0.6347147361500899 -0.01378160590306407 0
0.657962102267355 0.002098007066901746 0
0.6325699489207319 0.01427884492061126 0
0.6558284688238674 0.03016782332050347 0
0.6304288259683377 0.04235429756350606 0
0.653676983992888 0.05824410994107737 0
0.6282857356982695 0.07043783686641331 0
0.6515545141326602 0.08633990502155081 0
0.6261992724913985 0.09845479954961718 0
0.6494075109181454 0.1144285475360162 0
0.6241560550313345 0.1265460095801294 0
0.647271908434679 0.1425299411123332 0
0.6219778172612072 0.1547250470377544 0
0.6451547615650771 0.1706377842648094 0
0.6197911199945225 0.182771732569128 0
0.6430123170640276 0.1987390789332651 0
0.6726927041136311 0.130343615290554 0
0.5968310547128106 0.1667701064419812 0
0.6833516691690904 -0.0100823990170221 0
0.6177663757036198 0.2108147492474581 0
0.6409368130492608 0.2267750238949198 0
0.6917139183366611 -0.1221565905842416 0
0.6662914387252333 0.214644102796584 0
0.6641545512416134 0.2427557764847091 0
0.638855349233897 0.2549027323741399 0
0.6620028189162994 0.2708878306575406 0
0.6874199092908608 0.2586770242597754 0
0.6852826301030773 0.2867912348906696 0
0.6598682553711949 0.2990003160094572 0
0.6831487282365339 0.3149049879384567 0
0.7115105922222582 -0.4000556009034861 0
0.7072547216584899 0.6781523025657255 0
0.7053283964869651 0.7062827492884554 0
0.7106946845579989 0.2745833283437391 0
0.2138555802524641 -0.1409113030346374 0
0.7074727613900389 -0.6656198242453342 0
0.7095589144194239 -0.6935233099474822 0
0.01902395907634914 0.7158718662765446 0
0.5418045895983743 -0.7199825165374367 0
0.5167025957989991 -0.7079121709584805 0
0.5668381747567066 -0.7321019910376304 0
-0.4510937342898016 -0.2600960179390218 0
0.6577345190034585 0.3271142130774927 0
0.6810158061302118 0.3430196215221453 0
-0.7215252286462664 -0.3843207964385256 0
-0.7234755289704771 -0.3570337241494712 0
-0.7195511321268508 -0.4114536780262906 0
-0.7008621855207166 -0.3419252940943399 0
-0.7253042360458408 -0.3299727867240846 0
-0.3637459839564894 -0.7408784895673783 0
-0.3410767507601187 -0.7255875598365196 0
-0.4348740720414515 -0.7327213249164318 0
0.3012446948837516 -0.3630583010678001 0
-0.7033964546670584 -0.3148671180020092 0
-0.7272593239162776 -0.3029390048400135 0
-0.7048377030923052 -0.2878111560913308 0
-0.7290569606619225 -0.2759201931034485 0
-0.7066531354568705 -0.2608192234679113 0
-0.7308821401634986 -0.2489522888933591 0
-0.7085332854588834 -0.2338723816305902 0
-0.7327405908791185 -0.222017888371014 0
-0.7104178162645927 -0.2069531839915181 0
-0.7345826449719942 -0.1951056536283299 0
-0.7122963828677471 -0.1800497635646379 0
-0.7364514642795172 -0.1682083319640837 0
-0.7141695538533821 -0.1531507665158928 0
-0.7382724463594258 -0.1413071449493026 0
-0.7160207375280101 -0.1262225282858299 0
-0.740204596615917 -0.1144008465237575 0
-0.7178872342456004 -0.09928784803324386 0
-0.7420169501439206 -0.0874501259917826 0
-0.7197393757957646 -0.07234314934967445 0
-0.7436837183487828 -0.06046078078763096 0
-0.7215693585934762 -0.04536540895101349 0
-0.7455834311662697 -0.03345173124897374 0
-0.7268526175322887 -0.6711861341981568 0
-0.7288084306254895 -0.6435543969028031 0
0.7326837030021254 -0.6777487251078782 0
0.7347721554700959 -0.7056732002038555 0
0.5187498421592984 -0.7356858482895172 0
0.4936890508559264 -0.7236717699749559 0
-0.7234257541941176 -0.01835092211980694 0
-0.7474889115559995 -0.006389291750488234 0
-0.7252751374295699 0.008746677261556663 0
-0.7491700234977731 0.02074102003515334 0
-0.7270668589209103 0.03589541455757497 0
-0.7511215648219765 0.0479046426711031 0
-0.7289231551021167 0.06309922115660951 0
-0.7530487782632945 0.07513993114332748 0
-0.6980397275909557 -0.7385420378814291 0
0.7094970364497257 -0.3723695424644789 0
-0.7308150403203979 0.09039075543884897 0
-0.7549652197091219 0.102434869821943 0
0.7306517225606237 0.6938868546638013 0
0.7287263562125147 0.722013190724053 0
0.7345697689972224 -0.3843550620865353 0
0.732912557843526 -0.3568835047284757 0
0.736655660831779 -0.4121703841182576 0
0.5047165711531739 -0.2206936068449209 0
0.4816479986580414 -0.236462030915838 0
-0.7326916480511196 0.117713592008803 0
-0.7568813803291849 0.1297760626122622 0
-0.7345693162626152 0.1450791514165908 0
-0.7587562627883058 0.1571641758635137 0
-0.7364419262578795 0.1724898910112753 0
-0.7612712541226275 0.184540448554716 0
-0.7384225296053248 0.1999366652096735 0
-0.7626523294987503 0.2120641930750176 0
-0.6730378929838259 -0.750647471069809 0
-0.3390662892339869 -0.7529980927639177 0
-0.3163371823448428 -0.7375376496562774 0
-0.7402315889100641 0.2274439814164392 0
-0.7645599023057731 0.2395870481332402 0
-0.7421072289795282 0.2549850920899323 0
-0.766481689918353 0.2671486978839568 0
-0.7440000599907921 0.282571715224576 0
-0.7683799699188529 0.2947524763636507 0
-0.7458921337765227 0.3101953916477456 0
-0.7703047767493568 0.3223924164760048 0
-0.7477908095710508 0.3378550908388712 0
-0.7722028072882892 0.3500703231181461 0
-0.7496885332643207 0.3655505723447178 0
-0.7744674207916648 0.3777505771525486 0
-0.7516495779300124 0.3932742349061612 0
-0.7761160249753931 0.4055191591154175 0
-0.7535214223728972 0.4210378180809453 0
-0.7779702972570852 0.4332987512927124 0
-0.7561653968354503 0.4487726453731947 0
-0.780013201213986 0.4610888843164166 0
-0.7586494908831927 0.4772101573571592 0
-0.7820401615765915 0.4890119915849114 0
-0.7599300781703087 0.5052125040013173 0
-0.7442298718711707 -0.3994906494638836 0
-0.7422313568686825 -0.426851634499837 0
-0.7570568222305252 -0.2101777156825555 0
0.5687436527302714 0.5555557865272871 0
-0.7844581099315235 0.5166992158305148 0
-0.7613885197867234 0.5324318292177241 0
0.4956997680895058 -0.7513977281532003 0
0.4705882809054168 -0.7392786427412364 0
0.4684996225189683 -0.711469929032701 0
0.445541198451449 -0.7272413239138024 0
0.09305676755238511 -0.3921869564928555 0
-0.7498020948553955 -0.317890975242619 0
0.4474883064170377 -0.754947580216361 0
0.4224549844928341 -0.742817337351557 0
0.4204098099622395 -0.71505802670184 0
0.3973275752157944 -0.7307549847367403 0
0.3951412458449349 -0.7030155733330665 0
0.3722445375997066 -0.7186450860409817 0
0.3702874006547714 -0.6909440493197329 0
0.3473650846115642 -0.7065125195438978 0
0.3453642196097622 -0.6788838916011266 0
0.3224613418465444 -0.6944643405526684 0
0.3243417833109563 -0.7221192608788696 0
0.2995226516719846 -0.7100038869669888 0
0.2975554722301744 -0.6824283667492543 0
0.2746586024950728 -0.6979873769310238 0
0.2765157398505193 -0.7255609534740837 0
0.2517659921309672 -0.7134747468396475 0
0.2497939222567356 -0.6859520921213039 0
0.2269225409044175 -0.7014532234163238 0
0.2289116103840303 -0.7289484047677167 0
0.204069237023759 -0.7169317657205858 0
0.2249687443647666 -0.6739460741897798 0
0.206076822069454 -0.7444592131811947 0
0.1812267024313351 -0.7324123520016733 0
-0.7858189059965732 0.5446243266637025 0
-0.7631341242641771 0.5602090579990813 0
-0.7882137987590015 0.5724383592618179 0
-0.7651107704888505 0.5880683434918274 0
-0.7902570657739705 0.6002618322298298 0
-0.7670577133715102 0.6159412086042879 0
-0.741942288089356 0.6036711674071775 0
-0.743863826735607 0.6315760134033621 0
-0.7690103929314256 0.6438347891012769 0
-0.7457853294646879 0.6594933284545335 0
-0.7210916483903003 0.6478540734433691 0
-0.722627779561421 0.6752288502291166 0
-0.7477164840713392 0.6874477767297273 0
-0.724480431201717 0.7030753595446504 0
-0.6993300078287921 0.6907606716120567 0
-0.7496253655366852 0.7153793330588402 0
-0.7012236782077065 0.718674551244891 0
-0.6760730765262399 0.7063628016332866 0
-0.6779761649867666 0.7342969308075722 0
-0.6528222037377962 0.7219811743903763 0
-0.654729793462806 0.7499263055510321 0
-0.6295651242207525 0.7376010508067382 0
0.7116385177188012 -0.7214411153533661 0
0.7368657638609412 -0.7336031358890042 0
0.7136941854647818 -0.7493849908285961 0
0.7389590958836952 -0.7615492446015747 0
-0.3143172901361738 -0.7649974054580541 0
-0.2915789726898643 -0.7494435788794707 0
-0.4172238377875304 -0.6624195746750847 0
-0.7517575989050045 -0.6590790460324183 0
-0.7537130454182468 -0.6314190748676043 0
0.6137329296788636 -0.05785534206051261 0
-0.6799021550473341 0.7622233161249052 0
-0.7660773333771337 -0.07351118137501619 0
0.3991974461093384 -0.7585750117073384 0
-0.2895523032654171 -0.7769887620909075 0
-0.2667874726090292 -0.7614453979136987 0
0.4795333990649684 -0.2086402415202518 0
0.4565199722403034 -0.224393098041747 0
0.1832228062299671 -0.75994719116648 0
0.1583813127203304 -0.747885479762505 0
0.1564017277363337 -0.7203734381484744 0
0.1335766680756723 -0.7358271042444406 0
0.1355286929819458 -0.7633412801214071 0
0.1107163118783892 -0.7512740078581237 0
0.1126652898819284 -0.7788053736236061 0
0.08783480167196656 -0.7667199642469583 0
0.757901773134114 -0.6899000634433846 0
0.05007108086442337 0.6191112544983903 0
-0.3184095289637466 -0.710105582053556 0
0.7597194079092949 -0.3964256819894131 0
0.7618123980949774 -0.4243267769370241 0
-0.2647597333963989 -0.7889973536487437 0
-0.2419770396505773 -0.7734987058739137 0
0.6031041727712831 0.082482449582333 0
0.442028985724881 0.6176138826814439 0
-0.3608445505597819 -0.768597946769473 0
-0.6314757605136995 0.7655575759036186 0
-0.6063114867479085 0.7532279570387035 0
0.2080826896251918 -0.7720242759624685 0
0.1316288663663673 -0.7083432386137558 0
0.1260558993767513 0.5818727443160026 0
0.151397174603514 0.5694578874465588 0
0.7540464802311606 0.7096179999954924 0
0.7559736561278638 0.6814931012519294 0
0.7521200073248562 0.7377426193121545 0
0.7268022366136276 0.7501375354151476 0
0.7501950006858866 0.7658647777493283 0
-0.6276695444234495 0.7096557967933325 0
0.6556001559805323 0.355229851283061 0
0.6788823747526516 0.3711342205065398 0
0.7042964752264027 0.3589247293462175 0
0.7021646609509533 0.387036363651419 0
0.7275762784036305 0.3748285836070887 0
0.7254454848483866 0.4029386878935198 0
0.632315988455504 0.3393224708254306 0
0.7508556176187128 0.3907315810201472 0
0.7487236034475925 0.4188418258882602 0
-0.6960308567897242 -0.7662390877517686 0
-0.106205851107282 0.1424261802815046 0
-0.1336201048099608 0.1437652752745995 0
-0.1178066831993384 0.1658163971611602 0
-0.1449216577967453 0.1674804338132651 0
-0.1294078811028083 0.1895809333310362 0
-0.1563381243792027 0.1914791332240413 0
-0.1716654412190334 0.169418190932406 0
-0.1839477969943387 0.1939370985239463 0
-0.1682022363504096 0.215777766328124 0
-0.1963699719329617 0.2179352819384334 0
-0.1802133172857702 0.2400298167167033 0
-0.2082640526831435 0.2418001720002944 0
-0.1922333672779659 0.2642669520093572 0
-0.1989563559305842 0.1720385141115498 0
-0.2198640663460896 0.2658484359147095 0
-0.2041899687303536 0.2885937278585746 0
-0.2319226906441001 0.2901972885460604 0
-0.216207217305311 0.3130343795009175 0
-0.2348785242210173 0.2431608726736137 0
-0.2434970739313457 0.314801734563019 0
-0.2281994798540896 0.3375616358824896 0
-0.2554346723138116 0.3393156556550914 0
-0.2706211781743835 0.3165387505180225 0
-0.2827563801109187 0.3410537241680088 0
-0.240257055698339 0.3621128402600998 0
-0.2128938922157745 0.3603525711754363 0
-0.1650045459908308 0.262876853688317 0
0.715770353968721 -0.7773400626947917 0
0.7558066524019394 -0.6619608575776393 0
0.7741331377171674 0.4066340342731301 0
0.7720009546151947 0.4347428948672524 0
0.7762651683348127 0.3785251783456616 0
-0.4520927967182906 0.4875682174939855 0
-0.7210493564395264 -0.7541075840402158 0
-0.5472174211295235 -0.5479368457183567 0
-0.2439670610999666 -0.745956312891869 0
-0.2191636996044975 -0.7579609830437486 0
-0.7772643595593201 0.09025575866876898 0
-0.6082160608809405 0.7811948523351125 0
-0.5830286931587479 0.7688591821705033 0
-0.766860602731666 -0.4148914423229659 0
0.7248784311093543 0.7782591465518458 0
-0.7650933207282744 -0.4419412625298443 0
-0.6710217032672148 -0.7783517573352046 0
0.7410543113628614 -0.78950685446153 0
0.7642308626773988 -0.7737117564557774 0
0.4543887145986667 -0.1966068781964916 0
0.431394973992774 -0.212316656727384 0
-0.2979341366331216 0.3182579062557097 0
-0.7766933673732541 -0.6469761094327939 0
-0.7786613501757893 -0.6192939034962819 0
-0.2171477340844589 -0.7854643404177694 0
-0.1943847479782749 -0.7699672187956553 0
-0.1964108083213243 -0.7424908414721996 0
-0.1716150809187882 -0.754457644306216 0
-0.1695453636585074 -0.7818883980772129 0
-0.146811456922752 -0.7663989755980644 0
-0.1488691785974511 -0.7389542860968892 0
-0.1249220875450418 -0.750946362864368 0
-0.1243769637079856 -0.7775449625929267 0
-0.2250459148058913 0.3850035740491115 0
-0.1975621905705545 0.3832204982044451 0
-0.3100977084441612 0.3427965065660442 0
0.7849131603498339 -0.4085361608677368 0
0.7870041247106695 -0.4364718861669216 0
-0.7884967791941009 0.2237835992036364 0
-0.5849429387741252 0.7968391556635079 0
-0.5597555290685875 0.7844962410413887 0
-0.5578435034635749 0.7565199107725262 0
-0.5345722830395763 0.7721557773233726 0
-0.7712379379152596 0.008223275063821856 0
-0.7190462201268565 -0.7818540772918243 0
-0.7440986288482734 -0.769697975733904 0
0.7810423864348734 -0.6741146701955639 0
0.7789416278828015 -0.6461643445020393 0
0.08977974288697999 -0.7942836109495186 0
0.1279708172778787 0.553717605090865 0
0.1533197825759217 0.5412974489801325 0
0.6301811872574585 0.3674441271768146 0
0.6068917381191623 0.3515330396335733 0
0.775511179778688 0.7534718524074585 0
0.7735856127232322 0.7815927736037719 0
0.4292145998071984 -0.1845522403382373 0
0.4522513860646687 -0.168826766197464 0
0.7465916497259372 0.4469518165319314 0
0.769869132064674 0.462852342122724 0
-0.5140289522641602 -0.2778174674873369 0
0.5373792929549306 -0.6647147521557294 0
-0.1262931258965694 -0.7234777240889368 0
-0.1029677234575982 -0.7346084620612944 0
0.3926650076722989 -0.6753742724108088 0
-0.2097591967611931 0.407972981160865 0
-0.1821610005352902 0.4061886361204282 0
0.7995409610300261 0.3944265517140287 0
0.8016739446853609 0.3663196001611128 0
0.4335609547850378 -0.2400418279740767 0
0.4085082524088488 -0.2280431383188302 0
-0.7420915427954882 -0.7974958326955416 0
-0.767182139718349 -0.785325121261744 0
0.7663367482392607 -0.8016611707303698 0
0.7895197995388467 -0.7858756834846577 0
-0.5326664200208876 0.7441827722679921 0
-0.5093860410330509 0.7598113578395782 0
-0.5112829205757593 0.7877874475685678 0
-0.4861014329656809 0.7754471832121677 0
-0.484202221176081 0.7474614304477347 0
-0.4609326824464729 0.7630937557048069 0
-0.462807328488625 0.7910884917057119 0
-0.4376339355784651 0.7787329870381461 0
-0.4394978163108483 0.8067353434970406 0
-0.4142947902308705 0.7943717528239476 0
0.7178688125091575 -0.8052970368485531 0
-0.6923230636394007 -0.1381115184937405 0
-0.2875571464274166 -0.8044936311738257 0
0.6047566951677805 0.3796618670558275 0
-0.7364799963838061 0.5204065543554692 0
-0.7896798914400961 -0.4302045003709119 0
0.5814602970102991 0.3637462055150736 0
-0.810233849916143 0.5579348951656378 0
-0.7100464388337908 0.1329985343382055 0
-0.7958674934267972 0.3345028648951024 0
0.129887363701224 0.525552228594073 0
0.1552420992518595 0.5131278056521891 0
0.1786802794740822 0.5288803153393201 0
0.1806028260510903 0.5007028935775076 0
0.2040474169129255 0.5164606656457226 0
0.2059703656869291 0.4882783403347062 0
0.1825226729232731 0.4725199189563203 0
0.2078956983478328 0.4600919229857159 0
0.1844430246456636 0.4443307452485057 0
0.2098222696590467 0.4318997150396309 0
0.18636542210763 0.4161355899052098 0
0.2117487085189712 0.403702743111339 0
0.2294134372600485 0.5040366517763075 0
0.1882885991233347 0.3879367859420297 0
0.2136741596387325 0.3755029268524995 0
0.8101332250957471 -0.4206823662758541 0
0.808024330173936 -0.3927468136740548 0
0.8122203870410175 -0.4485999940982852 0
-0.8016576435395387 -0.6348574502267356 0
-0.8036279966797988 -0.6071356982825783 0
-0.1943051058208488 0.4309705221026472 0
-0.1666411408930432 0.4292110098461952 0
0.1146433510402151 -0.806371155402275 0
-0.610140411808103 0.8091774828406106 0
-0.8017556432282837 0.4176786002725141 0
0.7988991735689366 0.7691999575152904 0
0.7969748272118802 0.7973172237162662 0
-0.178881500873485 0.454110745807757 0
-0.1511274377625366 0.4523480696901093 0
0.06494353626616811 -0.7821773532333465 0
0.06299681023350079 -0.7546451235393451 0
0.1416293605120807 0.106319586500797 0
0.106016232219289 0.1406982195594033 0
-0.5868440059516615 0.8248319162754385 0
0.5793236059896756 0.3918821317211772 0
-0.1036702182597331 -0.7078988678089416 0
-0.7556626958584062 -0.6036516088498605 0
-0.6848407820000155 -0.2457689400010402 0
-0.3252754333614992 0.3199827936440336 0
-0.3374473716123361 0.3445326911110188 0
0.5940867885986024 0.5431510467199843 0
0.09169530025387912 -0.8218747465646763 0
0.6727877822951847 -0.1938767249558953 0
-0.6973643714682148 -0.0572831320700788 0
0.8041980800746871 -0.6583213267114725 0
0.8020899998358439 -0.6303696013570834 0
-0.7199320114436546 0.2703652182353808 0
-0.702763997949152 0.023915472607941 0
0.1901878842775336 0.3597339403961633 0
0.2155698281948135 0.3472987331351824 0
0.7916296576468632 -0.8138491701678714 0
-0.7267588042266119 0.3810449450679342 0
-0.1546252805222059 0.4043355654341728 0
-0.4590588633077466 0.7351041527897615 0
-0.9768420116462808 -0.8998814806025234 0
0.3750317423688687 -0.3983537469817042 0
0.7444591227979532 0.4750614913992633 0
0.7677372951689964 0.4909618147239622 0
0.7931458447170119 0.4787530925065977 0
0.791014493899569 0.5068611552694275 0
-0.7653172652508424 -0.8129584876607817 0
-0.790328817438755 -0.800936406440153 0
-0.4161772135829176 0.8223894520743896 0
-0.3909602543884813 0.8100127126052026 0
0.6026521086431752 -0.5616715914014779 0
0.5739327863527393 -0.1733008086032813 0
0.4270639616676141 -0.156793055181913 0
0.4501154696799106 -0.1410191611441489 0
-0.1629591034274329 0.4770242861652121 0
-0.1355567594306565 0.4755246725478713 0
-0.5083660299007634 -0.4363620089698297 0
0.6847010724815191 -0.3605110273056352 0
0.8222856952504669 0.7849257660559791 0
0.8242118541245993 0.7568106739554075 0
0.8203602832546634 0.8130407742336256 0
0.1648192334071366 0.3721642090585293 0
0.1667040480407436 0.3439885054948797 0
-0.7383109946739658 -0.8226523027206031 0
-0.2351866956802217 0.4098482888728189 0
-0.127533930067786 -0.6971534340674908 0
0.2352058789634129 0.4194699164579117 0
-0.62623950578871 -0.3789761115871452 0
-0.9747514863946543 0.9031230633068548 0
0.9730119708468602 -0.9011036459000277 0
0.8332717943755866 -0.4049071253776411 0
0.8311633025015072 -0.3769578673564835 0
0.8249473261147928 0.3822195594282332 0
0.8270804483590944 0.3541148949006376 0
0.814822397790823 -0.7980515842435767 0
0.7890791249764215 -0.4643995608107161 0
0.8143115875511142 -0.4765251679836141 0
-0.3890975358113506 0.7820057089802646 0
-0.3657390786356706 0.7976262024574808 0
-0.6480237372248778 -0.7627480613658949 0
-0.6457480008527032 -0.7899333495598513 0
0.8169186225152151 -0.8260635455621952 0
0.7950513006850756 0.8254319634777421 0
0.8164210625848691 0.4946531501298899 0
0.8142901296256166 0.522759771336287 0
0.5560214628549448 0.3759624795106882 0
0.5581597758659802 0.3478211581840487 0
0.5541452401559136 0.4032847661127144 0
-0.7879006855498807 -0.4573314124403967 0
-0.8125395494420287 -0.4456067125993475 0
-0.8144358074680154 -0.418142822747293 0
-0.8266625688509768 -0.6227173684349329 0
-0.8246759645804089 -0.6504767950283231 0
-0.8286179159846904 -0.5949809009070849 0
-0.3676211185782142 0.8256610096187369 0
-0.3423968546383165 0.8132771533630671 0
0.1166410496980787 -0.8339969968846928 0
0.09362460399987722 -0.8495269250458876 0
0.6925848335759036 -0.7931260984903401 0
0.6946847425426502 -0.8210961121107683 0
0.669404594085024 -0.8089183070425663 0
-0.07960286439119044 -0.7188986488860718 0
-0.08098215832306495 -0.6923582608451195 0
-0.6229763704955883 -0.7747584884675616 0
-0.6206812723020577 -0.8019360159589146 0
-0.597942810636766 -0.7868296941931054 0
-0.5959045851885771 -0.8145471954900857 0
-0.5729584630098734 -0.7989954055314306 0
-0.5709238892086799 -0.8267511262774621 0
-0.6180480280898361 -0.8289947671260653 0
0.1413959709790116 0.3563766310609424 0
0.1433290285885063 0.3282895486610147 0
-0.5479378635893781 -0.8111285546318918 0
-0.5459007630336109 -0.838895020178936 0
-0.5228307869841542 -0.8232659675081103 0
-0.6120647688650405 0.8371779425065015 0
0.791167855774368 -0.4923065702707189 0
-0.7411628906014291 -0.4532743947052747 0
-0.7884660668897598 -0.8286046976547279 0
-0.8134962726679049 -0.8165910823808398 0
-0.8153910557824396 -0.7887957760843338 0
0.8164089335737212 -0.5044522763372742 0
0.410637893085019 -0.2556475199269585 0
0.3857232866874111 -0.2437258876485312 0
-0.4413987685475678 0.8347663141731239 0
-0.5887477820668725 0.8528433368301723 0
-0.3405118075059412 0.78523128169384 0
-0.3171628208939498 0.8008780747668649 0
-0.3190484236607549 0.8289334619579641 0
-0.2938049060476152 0.8165259228474888 0
-0.2956930537925845 0.8445916474922477 0
-0.2704458313880386 0.8321865684495744 0
-0.1473673541483443 0.5002338020564177 0
-0.1199819214156308 0.4987741743861872 0
0.8273642129781684 -0.6425205969995245 0
0.8294699406468038 -0.6704926333194554 0
-0.3526104846659535 0.3217066896161578 0
-0.3404602515356579 0.2971927046007324 0
-0.3648119367543877 0.346263674941347 0
-0.3496191754024497 0.3691250255799083 0
-0.377056464964741 0.3708604031636467 0
0.6715011433049698 -0.8368971041435884 0
0.6462274292018721 -0.8247125349726345 0
0.6026254007693442 0.40779663525402 0
0.7937264774792816 -0.8418421167644548 0
0.1181060334342591 0.3406781785851618 0
0.1200550702893025 0.3127144501860903 0
0.09487962185782514 0.3250505640919916 0
-0.4929866533818454 -0.6266925110370025 0
-0.3677367001991213 0.298896683852884 0
-0.3556070318802575 0.2744175996809121 0
0.7888837306385053 0.5349681652894442 0
0.812160047535231 0.5508659220009837 0
0.8375646445818814 0.5386580116013612 0
0.8354350309235548 0.5667624794172563 0
0.5327140108122586 0.3600395814459323 0
0.534853396079053 0.3318889778437335 0
0.6034475536338819 -0.2412811205582374 0
0.1045304828238489 0.5379692857649422 0
0.1064503886846537 0.509806647046955 0
0.0810933758919247 0.5222223554036861 0
-0.8497460204119414 -0.6383074207927111 0
-0.8477500456080321 -0.6661435462579757 0
0.1161415004802967 0.3687526994876301 0
-0.0562695250308904 -0.7042168607399814 0
-0.05596177520332095 -0.7298199241876413 0
0.09677538605723657 0.2971335173727103 0
0.07160906884467855 0.3094503295464067 0
-0.05751060193387256 -0.678063314095811 0
-0.8371352437392329 -0.4331485619715903 0
-0.8392474993858594 -0.4059239711041179 0
-0.8363602288587619 -0.4593951240511681 0
0.8475969929610019 0.7725355798390049 0
0.8495228980934302 0.7444224183798583 0
-0.03339802818531719 -0.6890856832556225 0
0.8184359440830096 0.8411554665365947 0
0.4249101411804065 -0.1289866435072383 0
0.4018915558060635 -0.1447738643068081 0
0.4479482780643068 -0.1131566786597931 0
0.8608375954961717 0.5545547107148423 0
0.8587079393780617 0.5826576350606898 0
-0.8114935035242181 -0.8445029668314228 0
-0.8366696464405834 -0.8323107149975704 0
-0.2723388199338659 0.8602599862734088 0
-0.2470819473621304 0.8478538663771849 0
0.8395526350120068 -0.4886917990159295 0
0.8416584639101031 -0.5166301363356696 0
0.8401368358304078 -0.8102365102487999 0
0.8422380491191165 -0.8382635435083041 0
0.6968118401521526 -0.8490672822696785 0
-0.5208538480895272 -0.8510208126454315 0
-0.497735633896975 -0.835386297927912 0
0.5094010743098349 0.3441123510180933 0
0.5115403600082165 0.3159541874028892 0
0.4860824345408427 0.3281812699381976 0
0.4882226684703377 0.3000170953122595 0
0.4627583337587726 0.3122466949771627 0
0.4649735967909519 0.2840571803949411 0
0.4394424899709252 0.2963045931891364 0
0.4417775243719531 0.2681186021325525 0
0.416134836542478 0.2803633183443719 0
0.4183982722055901 0.2521932411725029 0
0.3927971107200526 0.2644226865345564 0
0.3949376440658291 0.2362417687481089 0
0.4205319060235677 0.2240168284737648 0
0.3970791983531953 0.2080615340385675 0
0.422555274464556 0.1958280560925678 0
0.3991959810829024 0.1798812045447046 0
0.4248327520437659 0.1676589631622673 0
0.3694360790961171 0.2484749538234833 0
0.3672937614244915 0.2766600854920538 0
0.4013617280368711 0.1517000617491064 0
0.3758598412550409 0.163934176575932 0
0.4277903866446352 0.1404533779127055 0
0.3439489292775423 0.2607120519993418 0
0.3780021477505405 0.1357476069976595 0
0.3525049793175102 0.1479666466745042 0
0.3546573857528162 0.1197949834816287 0
0.3291955587680457 0.1319697091272362 0
0.3313836480638255 0.1039078345577001 0
0.306075483227665 0.1159450550574537 0
0.3418080384285414 0.2888998023587476 0
0.4479996911737768 0.1835910400736792 0
0.3184670818872599 0.2729522005760392 0
0.3082817900357711 0.08808712106285541 0
0.2830714911002445 0.1000331226179558 0
0.4904663394256104 0.271842213393393 0
-0.1321347631569489 0.5237346931198694 0
-0.104452410283002 0.5221045042749332 0
-0.09213333184464337 0.4969572830507381 0
-0.0765220032760075 0.520317273281025 0
-0.1914155086271956 0.4791857381798203 0
0.856431229856222 -0.3891233248147798 0
0.854322246391266 -0.361155773281882 0
0.8290466859244866 -0.3490030161830927 0
0.8522096923429286 -0.3331883022844487 0
0.8269263756331126 -0.3210366243069737 0
0.8500938219349329 -0.3052145515109085 0
0.8248025313233092 -0.2930587837798538 0
0.8479781260947479 -0.2772314431248286 0
0.8226789011468597 -0.2650725675731368 0
0.8458618290295647 -0.2492399119243352 0
0.8205548387079126 -0.237076044777016 0
0.8437478980814486 -0.2212415835515388 0
0.8184311881975411 -0.2090735153914851 0
0.8416316000895901 -0.1932341964303527 0
0.8163066416813727 -0.1810652297196432 0
0.8395061575725529 -0.1652197744037624 0
0.8141809639474951 -0.15305253356514 0
0.8373858941072881 -0.1372004005031086 0
0.812052363177413 -0.1250300085070981 0
0.8352653477662995 -0.1091730382434052 0
0.8099266017822733 -0.09699809641283988 0
0.8331443513703723 -0.08113654195568733 0
0.8077962865878174 -0.06895543997154849 0
0.8310221176159486 -0.05309099823696339 0
0.8056660407587365 -0.04090629998443421 0
0.8288990657403869 -0.02503733225996737 0
0.803535369890109 -0.01284899770968794 0
0.8267753893288488 0.003024691232383133 0
0.801404416517225 0.01521624394521275 0
0.824650143333763 0.03109411045169161 0
0.7992741905818601 0.04328776060165525 0
0.8225296619744717 0.05917086067542802 0
0.797602224868136 -0.2528583592329822 0
0.7971440425276285 0.07136562930917278 0
0.8204050212244637 0.08725274156737353 0
0.7953118204501568 0.09947125698709042 0
0.8183227375992519 0.1153408428489744 0
0.7934100718658833 0.1273116757482282 0
0.8162383463017805 0.1433884235377614 0
0.841558512550892 0.1312190596974341 0
0.8394259644348937 0.1593078735436173 0
0.814030987471857 0.1715098619151719 0
0.8372842093363775 0.1874057837292194 0
0.8521427555489193 -0.009169311140069115 0
0.8606023759113341 -0.1213518836647242 0
-0.5438802512246352 -0.8665979043010262 0
0.2274913152963626 0.5322180054819571 0
0.2528553353721493 0.5197944926544265 0
0.8503538771592161 0.3700220196817364 0
0.8521852285948347 0.3418890237769406 0
0.8291640804662879 0.3260085276819849 0
0.8536985482260301 0.3138201628542113 0
0.3878227815981824 -0.2712173336378713 0
0.3629881760031551 -0.2593093395629061 0
0.3608600071053445 -0.2318749457029288 0
0.5614476300838069 -0.3283138194611598 0
0.3997166208867899 -0.1169850001450863 0
0.3767523569089266 -0.1327755369976387 0
0.3745567415749586 -0.104997853923976 0
0.3516882242694284 -0.1210144195224884 0
0.3494159731337719 -0.09303955635147777 0
-0.834650878492748 -0.8602714688393909 0
0.7931272083910752 0.8535452198242177 0
0.8120576166994038 0.1993584949968566 0
-0.3618101026143287 0.3937573476385735 0
-0.2451990092461001 0.819779658480537 0
-0.221829756990006 0.8354475038139839 0
0.8711692989361411 -0.2614047464683079 0
0.852653706533642 -0.6546824140546343 0
0.8547584951776369 -0.6826759818858814 0
-0.904193916991104 -0.9767428966473904 0
0.2117623602672144 -0.1134939064084611 0
0.3381993717935434 -0.2474141140700563 0
-0.4954242550227638 0.4035465733962896 0
0.6483142212494986 -0.8526965040801009 0
0.6230403023604129 -0.8405112254771672 0
0.5706724240724127 0.5274050830150994 0
0.08301637482646956 0.4940617002464502 0
0.05766930492537546 0.5064866775768624 0
0.3038687785037808 0.1440026778320202 0
0.7867535591111681 0.5630747485558288 0
0.8647995275438383 0.14711059354263 0
-0.4474219930927779 -0.3122014525090152 0
-0.8598911754229177 -0.8480324079892252 0
0.1591458542322289 -0.3200678409660518 0
0.487472886945374 -0.3193684709373916 0
-0.6803984351501701 -0.2996407354538668 0
-0.4602948530107549 -0.1317687888778151 0
0.1494413303887954 -0.2131384560696996 0
-0.01560160137319208 -0.4668149520669403 0
0.3360706731669894 -0.2200444132831006 0
0.1686059005053092 0.3159432149801299 0
-0.1576859334466968 -0.4775965959880153 0
0.1186097695516856 -0.8616752750501189 0
0.09560067876089534 -0.8772397452444368 0
0.07058291823293025 -0.8650679049929348 0
-0.688614887980284 -0.1919387296811496 0
0.1867451951340912 -0.4126517582643843 0
-0.4788047217546393 0.1553516304544046 0
-0.9756755007280749 -0.05629245782429444 0
0.1961965187607457 -0.9761975393396691 0
-0.975676106342761 -0.1971364832344192 0
-0.226296565963199 -0.9743071187010848 0
-0.9762612866400777 0.2249404715588903 0
-0.05594411587742519 -0.9787305832281571 0
-0.9754065066194395 0.05611867126489018 0
-0.3678446788570688 -0.6862794636659224 0
-0.07925019717092048 -0.667986456758048 0
0.2477638414671783 -0.658494836293694 0
0.2229229652011981 -0.6465201579231736 0
0.2457220824690771 -0.6310705096637105 0
0.2209325980002526 -0.6191270327673442 0
0.2436892486644213 -0.6037121871411792 0
0.2190284123572604 -0.5917818352526389 0
0.1962972345554416 -0.607097294103821 0
0.241682174652606 -0.5763975017938949 0
0.2663094940740592 -0.588307611781923 0
0.2170725515949952 -0.5644898380241865 0
0.2396748938425595 -0.5491348066085703 0
0.2151412555257521 -0.5372946983221348 0
0.1925338676838123 -0.5525487746508251 0
-0.4250230471721976 -0.9743423309456416 0
-0.2199533762796399 0.8073740830308787 0
-0.1965784654975018 0.8230367671585275 0
-0.198455979298914 0.8511159474245309 0
-0.1731960845443938 0.8387024421528678 0
-0.1750756819804319 0.8667876435234261 0
-0.1498122474098131 0.854372387478194 0
-0.1484986890633765 0.82745687710333 0
-0.1245483613189895 0.8423396459301672 0
-0.1266219293746999 0.8697064102445589 0
-0.1013892771821957 0.8572316987022413 0
-0.09922684957908719 0.829722116410748 0
-0.07611425459487146 0.8447762323835818 0
-0.3966315690722729 -0.3619017619032019 0
-0.9754120213943618 0.4224282402324547 0
-0.7063865522376106 0.07835251845206044 0
-0.7137263161027839 0.1878233855653351 0
-0.8055883846534579 -0.5794134147353238 0
-0.7332081663020197 0.4372766779130292 0
-0.5336424940943658 -0.3757297940733928 0
-0.7059950383731534 -0.6277845133677952 0
-0.482320521207968 0.7194926375084185 0
-0.4571663911786839 0.7071449399313785 0
-0.4804178171044742 0.6915506034490395 0
-0.3828358961670758 0.2761343238636994 0
-0.370667776514909 0.2517583048522438 0
-0.3435697856558028 0.2500332983262162 0
-0.3586180664302568 0.2273908296631834 0
-0.3317352000201531 0.2256413483344687 0
-0.3465276531980456 0.203190440033544 0
-0.3200516508079673 0.2012314986851098 0
-0.3346970050961182 0.1790885411375128 0
-0.3613325642549195 0.1808041265602968 0
-0.3494399185154374 0.1569368747826315 0
-0.3229444055062197 0.1552052968394029 0
-0.3375771019724086 0.1332897828949808 0
-0.3113647050347437 0.1316316368073189 0
-0.3257690869930031 0.1100036890924932 0
-0.3000146795203562 0.1084610954373103 0
-0.3141260598554999 0.08716638231692972 0
-0.2890506812119872 0.08561194304130877 0
-0.3028325767669523 0.06479117401799281 0
-0.2782066562723555 0.06311116119756593 0
-0.2919121838269474 0.0427253860909738 0
-0.3163589735710502 0.04415708170861099 0
-0.3052975614552738 0.02236016343586258 0
-0.2811351501827685 0.02091773644134894 0
-0.2943409680797783 0.0007760043917326076 0
-0.2704076307995615 -0.0005543300778034846 0
-0.2834809077187607 -0.02058946176624992 0
-0.3073503831433638 -0.01933992555381977 0
-0.2963872244701211 -0.04065734426032022 0
-0.2725647562942855 -0.04176221069775493 0
-0.2855152855326094 -0.06194482498854204 0
-0.309431725983831 -0.06048257127043395 0
-0.2985336127259096 -0.08213846072429964 0
-0.2745117201755652 -0.08314911768262734 0
-0.28745742208438 -0.1034890245711836 0
-0.311566891905082 -0.1024573309596626 0
-0.3004760052880536 -0.1239459344778629 0
-0.2763101968494795 -0.1249485077377828 0
-0.2892853845148107 -0.1456599936425539 0
-0.2647166627316925 -0.1466599294928169 0
-0.2777863452273828 -0.1675543666584954 0
-0.2523518306895267 -0.1683284149697256 0
-0.266090743962858 -0.189423569840217 0
-0.2407536970754879 -0.1902541642872217 0
-0.2546994868138143 -0.2113400182313704 0
-0.2300795991489775 -0.2124321415976938 0
-0.2435456434009359 -0.2332741458058192 0
-0.2187274892957926 -0.2343396901573896 0
-0.2684121668695011 -0.2320495727852321 0
-0.2321560359970968 -0.2551886957344796 0
-0.2073189583365105 -0.2562582819263359 0
-0.30231600285854 -0.1661006025404606 0
-0.2207320896631544 -0.2772428526468707 0
-0.1958829477685484 -0.2782423377512004 0
-0.1825497122459592 -0.2573253993383484 0
-0.1711278447953176 -0.2791124361238487 0
-0.1579844503344437 -0.2583485642442319 0
-0.1465531507132687 -0.2799927826446575 0
-0.1334955659308343 -0.2593984816788023 0
-0.122122908405888 -0.2810142400286123 0
-0.1090473187636532 -0.2604347226109374 0
-0.09759947913720231 -0.2819524274312505 0
-0.1107426090011913 -0.3027136510343999 0
-0.08624842673383361 -0.3036103318561809 0
-0.0730896541632467 -0.2828546032418622 0
-0.06172806799356172 -0.3044841457635358 0
-0.04871474278063814 -0.2837182566725475 0
-0.09939679119215239 -0.3244904023837231 0
-0.03723118127766489 -0.3053501821716219 0
-0.0243272348170524 -0.2845591524490207 0
-0.1843317839636532 -0.3000778701453718 0
-0.03568668434132791 -0.2631213996878866 0
-0.01137539036777816 -0.2638005804990911 0
4.576629826238965e-05 -0.2852991536431864 0
0.01299147541004176 -0.2644342083904369 0
0.0245580557182459 -0.2860826412086294 0
-0.2399235990616985 -0.1475581164295996 0
-0.3516525007475976 0.112006823990769 0
0.03736892468945319 -0.2651551797362089 0
-0.1197610154196434 -0.2391932981443126 0
-0.2644826486915787 0.0837145657348537 0
0.02583789500343293 -0.2436156764858737 0
0.04918923219884451 -0.2869072921664629 0
0.03637456398416299 -0.3079499302418001 0
-0.2165222124830833 -0.1919547804307586 0
-0.2572705540616728 0.01932406456854605 0
-0.3297961211919836 0.0236651722749994 0
-0.7230103615227756 0.3256495034025664 0
-0.9764859322835724 -0.5070426758469452 0
-0.674171253096174 0.6784196210012361 0
-0.3634800020271757 0.6052662412547637 0
0.5376121486980519 0.6524155894482913 0
0.3855398805575423 0.7268512140015582 0
0.4089519722252535 0.7425937009187003 0
0.3836113790516517 0.754995158615694 0
0.4070216315407043 0.7707354727270141 0
0.3816858503526777 0.7831350907382932 0
0.4050953682732078 0.7988726217076326 0
0.4304247055037701 0.7864743867099199 0
0.3797651677069108 0.811270854024853 0
0.4284979197682703 0.8146084983954008 0
0.4538238614542079 0.8022113555012536 0
0.4518982790643199 0.8303408784883968 0
0.4772209440411993 0.8179458871484033 0
0.3563569905969997 0.7955383052784241 0
0.354437259600949 0.823670142869673 0
0.3310373094296905 0.8079397725425664 0
0.3291134128682649 0.8360666016963949 0
0.3057164455399356 0.820337793458657 0
0.3037915992144744 0.8484629862866968 0
0.2803963758994736 0.8327357863668776 0
0.2784721117003171 0.8608605545698752 0
0.2550766540881786 0.8451329033096481 0
0.352512905709969 0.8518000517659933 0
0.4752936459000739 0.8460734682106716 0
0.5006155171003268 0.8336781824646928 0
0.5025429645376642 0.8055522322461857 0
0.5259371228829638 0.8212853255925326 0
0.5278652610719711 0.7931599825193008 0
0.5512585245984113 0.808892996086751 0
0.5493302224385801 0.8370170114225717 0
0.5746499320051588 0.8246257985004848 0
0.5727218194360253 0.8527478609591523 0
0.5980401785421477 0.840357112095784 0
0.5531853692941138 0.780770083893281 0
0.4499733712747874 0.8584675295564224 0
0.8482215815577382 0.3981215410907921 0
0.6097124209808521 0.6715388558814365 0
0.6382714841989908 0.6032337931780283 0
0.1437511963433967 0.6820505833601074 0
0.8669317381096195 0.1190216317978777 0
0.2569871409069175 0.8170077893360148 0
0.2316790630610754 0.8294073084553764 0
0.2297579338133006 0.8575297821771084 0
0.2063602333004012 0.841796398727835 0
0.8437446940626485 0.8287625942045889 0
0.8418190580722773 0.856876348110063 0
0.8629684664946956 0.5264528764684531 0
-0.9756049182031875 -0.6478873239426839 0
0.5999689239572759 0.8122354932726261 0
0.6234123779886895 0.8279706982728308 0
0.6214376571534919 0.8560883266116361 0
0.6467454738970251 0.8436985716139936 0
0.7423273160108479 0.5031715816209252 0
0.7190470602296364 0.4872698884730301 0
-0.9767709699645557 -0.7605632907801519 0
-0.6779198284042091 -0.9746009101318577 0
0.7890720580134536 0.1827237068009637 0
-0.9011959493165012 0.9761197663043447 0
0.902900427571079 -0.9754810637358475 0
-0.9777030419995506 0.6750166341205289 0
-0.7897812316549653 0.9762104635543072 0
0.7887323943656102 -0.975860266093275 0
0.900330169415793 0.9751450028493173 0
0.9765582831404422 0.9013558326726425 0
-0.9760031657735905 0.5627010138957484 0
-0.6772841895417678 0.9753471727933407 0
-0.5633750905249808 0.9756064180106377 0
0.6750858929991608 -0.9759210193513198 0
0.5598530017701134 -0.9732989799274614 0
0.9729469677403425 -0.5653209937592484 0
0.9729867409331436 0.7898094843808682 0
-0.006278541249649107 0.7282591538556455 0
0.01710291933021551 0.7439825777764778 0
0.7768341332852773 -0.6182179641423791 0
0.423243652004931 -0.9773502942698752 0
-0.4250570445607032 0.9766529063829263 0
0.9762983344010117 -0.4224851763091758 0
0.0009676741223683388 0.9713748250082229 0
0.9745467559407723 -0.0002086508779644106 0
0.973740603990534 0.3934109718630055 0
0.9731723187751923 0.6753885193688527 0
0.9761321658556463 0.2535569952587596 0
0.589655115590065 0.9765095847302453 0
0.1408450704249218 0.9756049182033231 0
0.7039965854317944 0.9756231865596116 0
0.5180971715908591 0.5803980499316952 0
0.2390563615442955 0.363068661510499 0
0.8479177751678973 0.04696883448456404 0
0.04240709147058944 0.731592010342671 0
0.04048584185324991 0.7597043526003442 0
0.06579271145886395 0.7473126880306759 0
0.06386963703651194 0.7754257044985445 0
0.03856312116596924 0.7878158269202085 0
0.06194531308096277 0.803536429802424 0
0.03663986191760503 0.8159252058038177 0
0.06002143632924697 0.8316461225780409 0
0.03471638653659315 0.8440346331149359 0
0.08728253818576233 0.791180015863334 0
0.05809770633193997 0.8597557050167099 0
0.08340395491350495 0.8473668448443715 0
0.3425557898254674 0.6390602688634256 0
-0.270628335854228 0.66784205036781 0
-0.3209333981754127 0.8569851144675824 0
0.6072966314967745 0.02630612081717059 0
0.5072047054475213 0.3714630052268872 0
-0.4180632067842542 0.8504243226615831 0
-0.7728756595219906 0.6997388064978894 0
-0.7747961930364637 0.7277027932775126 0
-0.7980637563144315 0.7120466958149293 0
-0.7999854524259247 0.7400341820024452 0
-0.8232634592744876 0.7243748998808488 0
-0.8251885967253534 0.7523742400799442 0
-0.8018973126373685 0.7680359062789864 0
-0.8271109377621784 0.7803838397508993 0
-0.8038015731569357 0.7960564500803919 0
-0.8290332448953552 0.8084085161504868 0
-0.80571243281493 0.8240868542443558 0
-0.8309559981826418 0.8364439610152219 0
-0.8504039635789781 0.7647158268313869 0
-0.8076306606718699 0.8521254788189969 0
-0.7823847410565065 0.8397645890487994 0
-0.8617957811090312 -0.8201806937942058 0
0.5716198282762667 -0.4663451330842333 0
-0.04920138559865207 0.6406301726424624 0
-0.8213358980526619 0.6963794892594745 0
-0.8465483229109492 0.7087142849506207 0
-0.8446214960384104 0.6806994784392284 0
-0.2184277553328352 0.6151859369175627 0
-0.5572284412381566 0.2732107253780082 0
-0.5727093963791458 0.493167374091813 0
-0.57463799965003 0.5208136324129773 0
-0.5976292281145827 0.5053124888244823 0
-0.5995679824001272 0.5329934064604938 0
-0.5765413075646038 0.5485060954370052 0
-0.6014983015695731 0.5607033918576017 0
-0.5785013967666184 0.5761036165923904 0
-0.3114635515868018 0.5528000582144135 0
-0.1233145848699451 0.4505040845557255 0
0.5369969236957199 0.303733272132785 0
0.2509314980647939 0.5479725279793988 0
0.2762946760754275 0.5355515784949898 0
0.2782220791527799 0.5073726672714322 0
0.3016628494028954 0.5231312407455905 0
0.3035907413364761 0.494948698035808 0
0.3270356078080838 0.5107091826051828 0
0.6695501652601077 -0.4869893260450516 0
-0.2627054465970442 -0.8165176211396101 0
-0.2855863616376674 -0.8320557297647126 0
-0.2606410062547724 -0.8440989062859048 0
-0.2835669840534017 -0.8596732967947571 0
-0.3085186433426704 -0.8475915417067508 0
-0.8056621216580778 0.4732764673524449 0
-0.7842792937111922 -0.8584792716438551 0
0.6612252682106982 -0.6971140201040831 0
-0.5649095296554427 0.3829516801553831 0
0.3559291996260108 -0.468802514234853 0
0.5208286353764247 -0.7635089141126256 0
0.4977253624861178 -0.7792046129077007 0
-0.7919420868886923 0.2792267901910689 0
-0.1890850964889661 0.3116921732355245 0
-0.781056870603156 0.1450472494247625 0
-0.6144706984013273 -0.5671061670282116 0
0.2561129742282953 -0.423446050786946 0
-0.5478967157740153 0.1371106953074105 0
-0.2466539087414321 -0.00191182894891149 0
-0.2337381791720549 0.01762119103698106 0
-0.5591486690064692 -0.6728295603124543 0
0.4731950096425539 -0.1252280493572629 0
0.4710302907904974 -0.09731282452844066 0
0.2247886251608887 -0.3006311052810369 0
0.1416133069509234 -0.8461100827849265 0
-0.7746488629359778 -0.6746378256847281 0
-0.7534562462052068 -0.2638165304653023 0
0.4963145913894175 -0.1094142324222562 0
0.4941503600448812 -0.08145595356838009 0
-0.7607916690625571 -0.1563915130795399 0
0.522911459062138 -0.791355041060636 0
0.4997994185394247 -0.8070784665240329 0
-0.495781643401007 -0.8631553659783355 0
-0.4727149399893993 -0.8475138847218494 0
-0.5238376790931019 -0.1481469171121304 0
-0.2243824565197446 -0.5225486750635542 0
-0.03468902030884945 -0.6626206540886574 0
-0.01071018831419311 -0.6736953843272731 0
-0.3223286219356909 -0.4749122154956877 0
0.5249308243348401 -0.8192423550144344 0
0.5018256965666241 -0.8349337129698761 0
0.5266921013328684 -0.8472789993957109 0
0.4766409209068762 -0.8228002300819266 0
0.4786889446844929 -0.8506695135241933 0
0.4535140133801696 -0.8385559924126956 0
-0.613976418609827 0.8651979624608163 0
-0.637293785020578 0.8495224096815913 0
-0.05024918271238228 -0.3263116957681523 0
-0.02282945370564892 -0.2426246502849138 0
-0.4432993818430601 0.8628060074375521 0
-0.8542789118428116 0.8207594269747759 0
-0.8562038575114225 0.8488042500727242 0
0.8505423560881802 -0.6266946028194103 0
0.6959315714572177 -0.1780609070389054 0
0.9764510372756989 -0.6771625619435135 0
-0.2456443034705918 -0.2761080592737422 0
-0.2341419868707495 -0.298325442355807 0
-0.2593289229874068 -0.2971876340478031 0
-0.3247541495019177 -0.1228979367168271 0
-0.3359248405580764 -0.101190397985462 0
-0.3492250232276826 -0.1218221410922999 0
-0.3605083705744879 -0.09984612797114542 0
0.6978223537992447 -0.2060276405664856 0
0.6876279487074379 -0.06615588884695769 0
0.679095534078984 0.04606518353934768 0
-0.06412707677879839 0.4951549782996257 0
-0.1167846761693039 0.542011610150567 0
0.5474043059984757 0.8651388085614335 0
0.8563744882016932 -0.0652772637252728 0
-0.8619855756494138 -0.4209694140213822 0
-0.8641296891592207 -0.3937511147188236 0
-0.8411861753654577 -0.3783605963923361 0
-0.8660741607152769 -0.366199500758474 0
-0.8431300554996581 -0.3507586853855345 0
-0.8679832058174003 -0.3386109781554808 0
-0.8450624507835395 -0.3231762762431302 0
-0.8688763976657508 -0.3109702983209502 0
-0.8468043122663588 -0.295621021561058 0
-0.871787540610929 -0.2834855833362304 0
-0.8488645082259973 -0.2680960891348155 0
-0.8752032110051866 -0.2559466032776032 0
-0.8510785465554639 -0.2405644401945075 0
-0.875967086367084 -0.2284191473298082 0
-0.8528521083755329 -0.2130528183900534 0
-0.8775098203155871 -0.2009458074774292 0
-0.854648848543316 -0.185539525741585 0
0.2853086117716199 0.07242027291229799 0
0.2603149953071097 0.08443402618623209 0
0.05008707712365984 -0.2442835509188154 0
0.2535211267626369 0.9756049182033231 0
-0.04850750569430183 0.5185093110861696 0
-0.8305706911190038 -0.5672453608286762 0
-0.8536224096306146 -0.5827988803936082 0
-0.8555804102374142 -0.5550168824060213 0
0.03869808525279318 -0.2228835040119002 0
-0.3065100359398734 -0.8752544247518809 0
-0.331495654487264 -0.8631464083994935 0
-0.8793085882648559 -0.1734353141312691 0
-0.8565597454778445 -0.1580364646425182 0
-0.8808417403674472 -0.1459024889660198 0
-0.8583738976494777 -0.1305541948980328 0
-0.8826784162676669 -0.1183892883523918 0
-0.8601618817837953 -0.103024619492711 0
0.235980600262034 -0.1248902137089888 0
0.2334047153519266 -0.09819653308299532 0
-0.2502108146498945 0.9754721516593092 0
-0.3893088421942881 0.3955050790953417 0
0.9756049182033231 -0.1408450704249218 0
0.7169146179930668 0.5153830584032254 0
-0.2233033241838116 -0.003148511149754076 0
0.5957204595792578 0.515439056564822 0
-0.2475924966079076 -0.3196852563594849 0
-0.784301358469955 0.8678076453108596 0
-0.7590955155227049 0.8554400743723322 0
-0.4552715344817622 0.6792192715730161 0
-0.4320282130703268 0.6948077071337019 0
-0.624545467895208 0.5451705837113394 0
-0.62648674422821 0.5729136434473056 0
0.8333058672721375 0.5948658657796568 0
0.8566623803782552 0.6101826652509985 0
0.08148009407783287 0.8754772087508061 0
0.1435960126573907 -0.8738095628057146 0
0.1666138137716277 -0.8582303272272177 0
0.1219594005890223 0.2847645040470398 0
0.09875185312287323 0.2691770121932033 0
-0.3152899684117994 0.77283413852162 0
-0.3386260790047373 0.7571950014578622 0
0.204417016704209 0.869902553347347 0
0.4555430389526184 -0.8664060784632938 0
0.4303730235560309 -0.8543026019037747 0
0.9759419229269056 0.5626960452504232 0
0.3796729417757655 0.1082454084494384 0
0.8648301531509285 -0.1773902601277574 0
-0.3760698231950779 0.1585538184708687 0
0.8648302384047124 -0.5008523638564503 0
0.8668303689077838 -0.5286692671202015 0
0.07254725862877952 -0.8928248086174585 0
0.04753369766806048 -0.8806251028052102 0
-0.2586076148370547 -0.8717538354977755 0
-0.235652037074853 -0.8561440023696193 0
0.6251177965577704 -0.8685005686911094 0
-0.2729451474098815 -0.318538562977569 0
-0.2845975914421424 -0.2959898040058542 0
-0.4707241409500837 -0.8752875550047685 0
-0.447682792483539 -0.8596360481404732 0
-0.1590793319262309 0.52242065700398 0
0.3104429847374629 0.06019217217990686 0
-0.1521815610298172 0.7182444549952459 0
-0.5633802816913537 -0.9756049182033231 0
-0.03606855869099945 0.4932935230822496 0
-0.07404176470395958 0.8170711801421461 0
0.06135243549743422 -0.3088225310342469 0
-0.186826577532664 0.1476097508733424 0
0.2873456007078952 0.04446752820753719 0
0.03279237664385724 0.8721435906042189 0
0.9761488370729982 0.1408450704201487 0
0.04012900276355197 -0.7700809091732284 0
-0.478503129417325 0.6636338152923847 0
-0.5036280161249185 0.6759428428561783 0
-0.5017089380997984 0.6480646889405555 0
-0.5267952401838514 0.6603505825870171 0
-0.8841633451100863 -0.09083537937685512 0
-0.8617672731156716 -0.07552872496964787 0
-0.8865172087487015 -0.06332722844043814 0
-0.864189979486803 -0.04793186317779086 0
0.865464086187901 -0.8224289784955774 0
0.8675675102157802 -0.8504684276068299 0
0.863345987359349 -0.7944106341594062 0
0.8443314621860188 -0.8663050801583005 0
-0.2968164923761175 0.1534016285746769 0
0.1393619613209881 -0.05380289750951428 0
0.05380262350012319 0.1392806084241133 0
0.1389827513598813 0.05366362139180134 0
-0.05391448723803181 0.1405459361760568 0
0.6448170707944276 0.8718165738477814 0
0.6701893925181981 0.8593830578160373 0
0.4803942324212708 -0.8787318778030563 0
0.3289643040093505 0.482522136175505 0
0.3524100549989191 0.4982863211804043 0
0.3504809973344583 0.5264706389172829 0
0.3758530098845529 0.5140503589309893 0
-0.8578714399295491 -0.8760259911386379 0
0.2376884091360603 -0.5219245777142252 0
0.2622586665288477 -0.5337825614330327 0
0.2131370044764742 -0.5100399381582648 0
-0.2003390665446764 0.8792024991030424 0
-0.102472457659242 0.187911240766878 0
0.8671260970597522 0.8444884199647661 0
0.8652014702527742 0.8725975393130082 0
-0.03446045129092946 -0.5632739104066955 0
-0.01020887186260095 -0.5748333261597528 0
0.2582929899373774 0.1116238606205321 0
0.8729067634009127 0.7601462051140555 0
0.8748324041361897 0.7320347371208854 0
0.8514489986721816 0.7163098193480276 0
0.8767589328382028 0.7039217595143112 0
0.9735700788539363 -0.2825479974314504 0
-0.8698446015751093 0.6930458654495768 0
-0.8679151013429466 0.6650166821646535 0
0.4733710222014767 0.8741955490769798 0
-0.1417054956948737 0.9765552923233983 0
0.2359929233155982 0.09604111220045619 0
-0.639210484609823 0.8775546698417611 0
-0.3748589712446138 0.4224462816424346 0
-0.3448556165130747 0.4137218698575355 0
-0.07776778946238196 0.8733002193584414 0
-0.482652301589645 0.2607458198011355 0
0.03764488357607726 0.08019839160913958 0
-0.08019839160913958 0.03764488357607726 0
-0.03764488357607727 -0.08019839160913958 0
0.08019839160913958 -0.03764488357607727 0
0.3018757088417655 0.8765850793735648 0
-0.8878630726372896 -0.03572471792391275 0
-0.8657326670925959 -0.02034605505028621 0
-0.8906911651254826 -0.008208069660069693 0
-0.8674288571246216 0.007222926703397208 0
-0.4496951889465029 -0.8318896568567388 0
0.8754043475138011 -0.317455353385134 0
-0.3879730016244125 0.1824034223180484 0
0.8796055780560315 -0.3733119908613381 0
0.881711212635458 -0.4013023683852073 0
0.8696676860858751 -0.8785159722098609 0
0.3123217518514834 0.03237774686902802 0
0.2891880610527934 0.0163223458766883 0
0.3151120728928318 0.005074972360952993 0
0.290836033381733 -0.01495239496603602 0
-0.5248680257880904 -0.7955408109489079 0
-0.419950705863062 0.878472332988915 0
0.3206070664026536 0.2447654524141655 0
0.2951281229242654 0.257006035235918 0
-0.3921852956141849 0.3479645707772268 0
0.3651100855885951 -0.2867331419116819 0
0.3898949477159676 -0.298683169683942 0
0.6253516588498238 0.7998495353601781 0
0.2082827116573513 0.8136816459491412 0
0.1829645214000585 0.8260690451500188 0
0.5044694881856899 0.7774296192790798 0
-0.210492281031254 0.01607240911723042 0
0.8752404044596657 0.358060820086428 0
0.7783993045893811 0.3504175525374089 0
-0.8728831407476131 -0.6539250187598415 0
-0.8708855402022326 -0.6818057767510568 0
0.06262361494561566 -0.2235536150009322 0
-0.7785864636927726 0.7836968751315765 0
0.2743674372719671 0.5637272740223108 0
0.373899685942392 0.5422340392200786 0
0.3992904477826844 0.5298120034096061 0
0.4012236895929416 0.5016319906868426 0
0.4246642226318432 0.517392630515832 0
0.426594474776836 0.4892124046766462 0
0.4500337587405145 0.504974127994915 0
0.451964795662792 0.476794656916258 0
0.475352244718352 0.4925416294680892 0
-0.8095454569402607 0.8801723342147214 0
0.6441333089823906 -0.7967461956906395 0
0.5194607609262201 -0.09357203908570157 0
0.5172956328954228 -0.06558290972613143 0
0.4919631112199437 -0.05346439619996549 0
0.515136839125272 -0.03756546392965973 0
0.4897671019973255 -0.02543069352654077 0
0.5129846437772293 -0.009506382500334358 0
0.4887860043783401 0.002739908779552594 0
0.5110200610937937 0.01859904900688478 0
0.4868339562823164 0.03085837506640472 0
0.5089166546308523 0.04671143079418975 0
0.6383537101993525 -0.3918449941230307 0
-0.8831377273048275 -0.8637691824546692 0
-0.5750034511773883 -0.7713435191960363 0
0.8398823627898742 0.8850165095965329 0
0.7725754642819211 0.0833576356061811 0
-0.8457313822737695 -0.6940082880902987 0
-0.8688842666360325 -0.7097005421838501 0
-0.8871462694854038 -0.409252333470557 0
-0.8859550853949845 -0.4355965721142584 0
0.793262114428535 -0.5202211314910148 0
0.7680360164135585 -0.5080741883765706 0
0.8758481098577791 -0.6388601870379715 0
0.8350988775667015 0.215294222939839 0
0.8102522592614199 0.2267984098258775 0
0.860537506879274 0.2032636554497674 0
0.6504094563144307 -0.880693305745738 0
-0.3739313023981697 -0.1206866845727412 0
-0.3625352542410836 -0.1427222356064217 0
-0.385295681419863 -0.09862489181556494 0
-0.3717843561162563 -0.07771516754707536 0
0.7888508123650766 -0.1408871384768766 0
0.3163243838923983 0.3011404427147758 0
0.3396659070841169 0.3170881823048436 0
0.7848672961502512 -0.08480091812493634 0
0.780301868658844 -0.02872586050145823 0
0.7760267367217225 0.02740412577687019 0
0.7128299396881936 0.2464736605463992 0
-0.8927372840445671 0.01938720314778782 0
-0.86949319120604 0.03484407600199575 0
-0.8955960844227603 0.04696667993630155 0
-0.8716972205413092 0.06251916398765228 0
-0.8977266642520005 0.07462870868169888 0
-0.8737193684255947 0.09019973067904899 0
-0.05173461871138447 0.4698825362913662 0
-0.8786781311930111 -0.5705954695578548 0
-0.8806307461938103 -0.5427620867154734 0
-0.2336093655393793 -0.8838402851966884 0
-0.2106310313418456 -0.8682100933125476 0
0.6936325279964657 0.4994795479805022 0
-0.1288365560937824 0.7339402280491579 0
0.3134540317581617 -0.2355734164041398 0
0.3113132776573635 -0.2082529573507729 0
0.315549679250762 -0.2628504186305383 0
-0.2131082401060325 0.1500538667901537 0
-0.2018061595933237 0.1277874133675238 0
-0.5906617375345015 0.8808740114658669 0
-0.565424042599848 0.8685096695184794 0
-0.8075331395846767 -0.55172581512 0
-0.2085786342131472 -0.8959388366962431 0
-0.1866614399781829 -0.8803728179321372 0
0.05958182887162195 0.4783217829113652 0
0.08493851785590363 0.4658891973039053 0
0.4773066816064509 0.4643575862530749 0
0.5725508855248911 0.4993260283410162 0
0.8929118421700371 -0.8626721585939041 0
-0.6495552687454519 0.5573530834229258 0
-0.6475676888806556 0.5296380096678344 0
-0.4249645885548381 -0.8435900219822055 0
-0.4238500372573309 -0.8710884513887904 0
0.5707934254849382 0.8808676807099385 0
-0.2983655140510364 -0.3174035406957405 0
-0.3100800970716833 -0.2946686477142595 0
0.1237685934196257 0.2568783670587928 0
0.1007066915846245 0.2414749519449373 0
0.07564832737925989 0.253780044871137 0
0.07823911220348587 0.227156310572334 0
0.4838448354899411 0.05891114412598587 0
0.5066204229729732 0.07482443026637567 0
0.8321262181936351 0.621196028955368 0
-0.06063032850427114 0.5434921060546559 0
-0.03410947050193414 0.5436566406851624 0
-0.8795370819609105 0.8331134663924944 0
-0.8814626628475595 0.8611761051861595 0
0.4324228215456239 -0.8821860775424324 0
0.4072418102722461 -0.8700497533191586 0
0.196311890454524 0.6290977842958467 0
-0.3977437061179648 0.2534604354351878 0
0.8315700861782288 -0.6984859145446334 0
-0.7609762568278884 0.8834911818072873 0
0.445775794947088 -0.08527769016396375 0
0.1686113792777164 -0.8859664325192479 0
0.1913981621824143 -0.8703883831777859 0
-0.6625257254507377 0.8618732075077108 0
-0.8946257315004734 -0.3230969841908743 0
-0.4937857176294275 -0.8909634632848187 0
0.1315823330481602 0.1428188386248048 0
0.8819939455383109 0.5984546398832303 0
0.793117224111497 -0.196913815360967 0
-0.6515001198916089 0.5851278210782898 0
-0.6284061783104327 0.6006960197297446 0
0.06971169442089532 0.3374214862889888 0
0.0471262255795389 0.3218445645922898 0
0.6682087994444148 0.8875394599440378 0
0.6935575249632803 0.8751334745258316 0
0.4480491892468366 0.886589725051516 0
0.04816277639737877 -0.3303071802074871 0
0.890113950300877 -0.5129863858104697 0
0.8921060235961892 -0.540667653666303 0
-0.04673337225683161 -0.241880497654226 0
-0.03409246813368517 -0.2217618849661331 0
-0.05749281267474755 -0.2210054470228384 0
-0.04505145108961318 -0.200893024621615 0
-0.02205954244757738 -0.2020814056610254 0
-0.06813017415266326 -0.1998340540647851 0
0.2278301555166793 0.8856467256995402 0
0.2566765277443057 -0.1064277291218568 0
-0.8994589159465241 0.1024421334702304 0
-0.8756436369719452 0.1179106871120802 0
-0.3238923296538871 -0.316229773173146 0
-0.3355710211906113 -0.2935000998516311 0
-0.1464485733989797 0.6340760743462058 0
0.0743719698980892 -0.2446893933418035 0
-0.833888721995661 -0.8883670406380199 0
-0.3294804002363646 -0.8908418365524691 0
-0.9013363342604939 0.1302071232088525 0
-0.8773470762416178 0.1456295395036875 0
-0.9026007488868659 0.1578777444382442 0
-0.8792348310623473 0.1733610090724006 0
-0.4301487139758446 0.6668830231822076 0
-0.4068314656544972 0.6824920061343622 0
-0.1693214535694006 -0.2365906464812598 0
-0.4451979851562181 0.8908584240976023 0
-0.4685041355602836 0.8751576799717851 0
0.8862390503483486 0.5423479539482919 0
0.8883696713765346 0.5142483318330171 0
-0.410016073360406 0.2778430214322959 0
-0.3217507792688487 -0.2720136678491949 0
-0.3472006410890767 -0.2708042790191143 0
-0.3334159206805924 -0.2493904380510141 0
-0.358815934625239 -0.2481597684242114 0
-0.3610761576729407 -0.292235757654203 0
-0.2206956210583262 0.0368116831264054 0
-0.197756519775061 0.03520140627698656 0
0.8950144817004265 -0.8907298268380806 0
-0.66445272492606 0.8899132868504164 0
-0.3168064816612209 0.248025029920222 0
0.691870975979743 0.5276240868944427 0
0.209543763165331 -0.08632737624169082 0
0.2972511490090314 0.2288189949099955 0
0.1544069590421481 -0.6929099387020067 0
0.1296695355297001 -0.6809036706338039 0
0.4051870383583654 -0.8421507806663768 0
0.3820698495219512 -0.8578828211348729 0
0.3841180073576543 -0.8857662381506085 0
0.3589534531272202 -0.8735971370928546 0
0.3569149194059493 -0.8457165135458677 0
0.33382267080239 -0.8614281623677736 0
0.3317845435298953 -0.8335902132150901 0
0.308719763164402 -0.8492670193579596 0
0.306677252122434 -0.8214838063029966 0
0.3108416761125192 -0.8768598046466469 0
0.2836446869644686 -0.8371293898977965 0
0.5454790004754045 0.8932577241869644 0
0.3298008470328402 -0.8057594232747667 0
0.1069097853969769 -0.6963097910606559 0
0.1049608722024443 -0.6689185226586487 0
0.08222618122136649 -0.6842884295691234 0
0.0802751157696765 -0.6569281751346738 0
0.1029696729474028 -0.6415834655441144 0
0.07834084003472781 -0.6296223911878263 0
0.1009797984398562 -0.6143038570071422 0
0.07640718799518587 -0.6023381819200677 0
0.09901158724934589 -0.5870817963878907 0
0.5837612108157769 -0.6329240015699846 0
-0.5559366681989565 0.7285528974743301 0
0.1067795752689965 0.8630992146183348 0
0.1048725951610882 0.8912294991833841 0
-0.6250458040991159 -0.7471390796079769 0
0.05574913663735968 0.5346331013381479 0
-0.3808692000133285 0.5061745630609826 0
0.4692164409442264 -0.3901105585478777 0
-0.1140036832286006 0.211976071487935 0
-0.08688015264157958 0.2098866985026901 0
-0.09848465106613792 0.234531562672353 0
-0.07100534994103921 0.2322914607581062 0
-0.08285445242472973 0.2572616085867191 0
-0.05521137541424673 0.2549963076930472 0
-0.06713380997440023 0.2800879737345197 0
-0.03938345812683125 0.2778218055114058 0
-0.05130363335477162 0.302929848412635 0
-0.07907674578658418 0.3051936827132721 0
-0.06324992736488254 0.3280784465320258 0
-0.09099475198370428 0.330274758321096 0
-0.07522241455894599 0.3530512262146447 0
0.674873494077262 -0.2218307959932756 0
0.7001143308126765 -0.2339568695055187 0
0.677021487362652 -0.2497560961047914 0
0.7022567096762726 -0.2618801074164192 0
0.8016379440064987 -0.308889321349733 0
-0.2433185610383075 0.7917117269426144 0
0.4988750779527657 -0.4577403858634221 0
0.3076332788046862 0.792206616228579 0
0.1848860443895357 0.7979571510521879 0
0.2101794818616685 0.7855534560652506 0
0.70148545594888 0.7625327314815955 0
0.7697428815952703 0.8378228108854382 0
0.7677226294205572 0.8660091556268543 0
-0.5495059921748932 -0.4938993786733111 0
0.4139689023527702 0.3085455931303545 0
0.7148452932138821 0.5435013971839421 0
0.4342900734792718 0.7301909715841156 0
0.6767516221480429 0.399246393955927 0
-0.02391337165657108 0.6282385894764473 0
0.6092056706973461 0.3233586241424254 0
0.1609856013379476 0.4285708050147991 0
0.3055149545484566 0.4667599385567712 0
0.6180528148881084 -0.1138154263673331 0
0.7053747966355943 -0.6377118430361499 0
0.04558445700308545 -0.8528893978787002 0
0.02255681834181462 -0.8684229578624749 0
0.02069057713610496 -0.8406954363912181 0
-0.002380562601218781 -0.8562315988283045 0
-0.00418792480878824 -0.8285413614910624 0
-0.02730983262279962 -0.8440612387102679 0
-0.02540789288708004 -0.8717414418797046 0
-0.05035019570207519 -0.8595611919631443 0
-0.04843813862291353 -0.8872769928978588 0
-0.07339594083089429 -0.8750723826952563 0
-0.02925151923675776 -0.8164051915546877 0
0.3679035378905375 0.6266486260952236 0
0.7387010777198464 -0.4401213988525274 0
0.344483804418207 0.6109103515163399 0
0.5478741250441432 -0.8035838255703027 0
-0.007528459683756469 0.7553751835802685 0
-0.668633200972267 -0.8098013488287783 0
-0.2180774460904095 0.7793061710987912 0
-0.5038639773167789 0.5394920378273642 0
0.8880127262736504 -0.4850339177682417 0
-0.6464373641669814 -0.4461632139108174 0
-0.2273253808273509 0.1734345421357484 0
0.3355050462093103 0.04823484973225598 0
-0.7688601964964532 -0.3873406029547372 0
-0.9002707762193021 -0.2426881919360738 0
-0.4385544267820963 -0.4181363951413942 0
0.4481036370668836 0.5331517024657744 0
0.5025734589310579 -0.1928696397523491 0
0.8568611530248904 -0.7106791507854588 0
0.8800668463890859 -0.6948618939234424 0
-0.2950210669513499 0.364088935356074 0
-0.768993182680789 -0.7575722555072804 0
0.8821723444657585 -0.7228759035906367 0
-0.3873822089838424 -0.1416219604002377 0
-0.3758797313131037 -0.1632612846455332 0
0.5383630858659876 -0.02167638366406111 0
-0.3409693362022744 0.04554199572865623 0
-0.3545734033320428 0.02490731150659915 0
-0.3658132472063542 0.04709368260309833 0
-0.3795338703075996 0.02625862190245364 0
-0.390940050436603 0.04870854501066484 0
-0.3680781615868092 0.00422549421938476 0
-0.3931930392668473 0.005255586894443618 0
0.3671991731708811 -0.3141574197216315 0
0.3919699815085809 -0.3261033543443546 0
0.1179140980136008 0.1624130533599406 0
0.3308928226037871 0.4543310471653119 0
0.3075889741851298 0.438872159126903 0
0.2377721089444991 -0.1509516523755793 0
0.01061825304294795 -0.5606313737489734 0
0.2817485954651753 -0.809134770961768 0
0.7700471670964989 -0.5358587888357664 0
0.7449148095615439 -0.5238047325709917 0
0.7469276327823478 -0.5513504365686573 0
0.05142777732996684 -0.2024472834898358 0
0.075005515816642 -0.2031535258355119 0
0.2409853133384875 0.3348660376962843 0
0.7999128152557208 -0.6025561235313381 0
0.6791454852704388 -0.2776622908776963 0
0.05376414042425801 -0.617580032497534 0
0.01530137499080308 -0.07795639249011513 0
0.07795633040368645 0.01530158936847905 0
-0.01530588518597078 0.07795242378739985 0
-0.07796352406384822 -0.01527675066422862 0
0.3144062098949609 0.3293452920825277 0
0.2311597227225074 -0.07124674976136598 0
-0.1240836677146328 -0.3235806630923894 0
-0.1126054240072805 -0.3456336273589409 0
-0.1375785345097646 -0.3446602342740133 0
-0.1258842850309015 -0.3669581400766663 0
-0.1511403713063937 -0.3659635065054766 0
-0.1007002872963337 -0.3679287936991565 0
-0.1141237367120287 -0.3894787866183256 0
-0.08869939997856281 -0.3904956339860209 0
-0.1019270256614365 -0.4120375819604065 0
-0.02544475175858871 -0.3271710853424872 0
-0.1266615506239187 -0.4107385936681877 0
-0.3134225380342828 0.7448115651245812 0
-0.3367195078902734 0.7291814335271183 0
-0.4015529719673279 0.4201987425231216 0
0.8902430123731631 -0.8065233501752915 0
-0.1769553211746558 0.8948772909684501 0
-0.261251975559704 -0.3411452572559274 0
-0.2357480848123429 -0.342245235964787 0
0.2585989711507431 -0.8250077649656041 0
0.2606193476901812 -0.8527505705252213 0
0.8584982368386731 0.2309358175759087 0
0.8838243522453226 0.2191071930678699 0
-0.0365058726176215 0.3260404832316478 0
0.8905060078610557 0.8602100692083952 0
0.8924348473190895 0.832093924863883 0
0.8885819213413539 0.8883175368866498 0
-0.0386251574745822 -0.3483130849958987 0
-0.8811233751727864 -0.8917899184670404 0
0.7361047038681923 0.2623769909281898 0
-0.4267785277521658 -0.8162248290248005 0
-0.4517209056493604 -0.8041834900890735 0
-0.9044344076243251 0.1855869692597663 0
-0.8813167154606135 0.2011506283111738 0
0.2337779465369829 0.1229459063694619 0
-0.009293750436266675 -0.7000725859759747 0
0.9049049313346519 -0.3854803985465773 0
0.2717876949116148 0.2410588498948298 0
0.2739002100545046 0.2128889566304807 0
-0.01368282764294077 -0.3490994651864164 0
-0.02663253644028194 -0.3706080389497416 0
-0.07674251968375727 -0.4129509837429804 0
0.3375622841696775 0.3452802330573369 0
0.3120411218429031 0.3575178778718456 0
-0.835345879216433 -0.1153520595203042 0
0.8818711077314689 0.2469435165649783 0
-0.05085644216858091 0.8323112338041294 0
-0.4018919953058081 -0.8281398554196635 0
0.8901886590015899 0.1349083422541292 0
0.8923171736352754 0.1068190473266983 0
0.05360627982079087 -0.9739772590282776 0
0.4603929477882588 0.3396486470232616 0
-0.001898483503174954 -0.3715359672511503 0
0.8464217433480652 -0.8943585864946633 0
-0.200388620768575 -0.004576191197457691 0
-0.2129169435936104 -0.02361609254399761 0
-0.1901939911126582 -0.02490912636559001 0
-0.2026240918129305 -0.04393884813972002 0
-0.8960438979368626 -0.6695844840132568 0
-0.8980134400011968 -0.6417062524908075 0
-0.4168262321806587 0.3972265171232215 0
0.597347778982106 0.4887407865111879 0
0.2909218036985917 -0.2510661389400557 0
0.2930071551434579 -0.2782245572070395 0
0.6428882419769505 0.8999319546352462 0
-0.4686648416534767 -0.9031230752667644 0
-0.8407186527875503 -0.03269513555174264 0
-0.07530995872355487 -0.8473696939765185 0
-0.09760406634952674 -0.8636369889711633 0
-0.09632482419317001 -0.8907197486359808 0
0.1936044686482785 -0.8981452403825883 0
0.0252771900940389 -0.897480615593406 0
-0.2078794605450617 0.05593744633344927 0
-0.9063788239076838 0.2133683535059643 0
-0.8832626463798796 0.2289507215712075 0
-0.3558619890249688 0.4939473652542525 0
-0.3450665883278147 -0.2273609369799265 0
-0.3705092665781594 -0.2262016809642801 0
0.09758782946692303 -0.9050202023735811 0
0.2024953638364875 0.8980253452885221 0
-0.8461777313929381 0.05017716683665648 0
-0.9083231348220437 0.241174656627677 0
-0.8851964676465469 0.256740180642774 0
0.907005033633843 -0.4134845327857816 0
-0.4026674797778471 0.1601398882207301 0
0.06149189977554393 0.4501405319692542 0
0.0322970033548283 0.4641724834661796 0
-0.5673241108973296 0.896532663515365 0
-0.8931479146999801 0.677362846135983 0
-0.8912158274747161 0.6493354998097641 0
-0.8950789242323767 0.7053997967571598 0
-0.8659841547776558 0.6369945369539551 0
-0.8892770625262798 0.6213139169940763 0
0.3723850935245935 -0.07719049719480009 0
-0.9034717376573311 -0.5583633376840418 0
-0.9050105081880409 -0.530476728478221 0
0.6271996844269075 -0.8965042119086786 0
0.6019033116888173 -0.8843045200051242 0
0.8804222584117503 0.6259989686614831 0
-0.6735856593581968 0.5685395945922075 0
0.2381385796430237 0.06934653756760684 0
0.2139082806768574 0.08078026435687266 0
0.4714483774742256 0.9023158553675539 0
-0.8555964483964151 0.1887161498797602 0
-0.3964600292985664 -0.07660503371372283 0
-0.2570430959376349 -0.9003685584853749 0
0.2602442426375892 -0.5065765921472151 0
0.2848549113997989 -0.5184271548390762 0
-0.1847654433566105 -0.908148039851602 0
-0.524969425627861 0.6295056560978785 0
-0.5499640893327225 0.6447810023977575 0
0.8982144083912341 0.7477589773117559 0
-0.9055884702300673 -0.102989383565761 0
0.3609925621281743 -0.9014855840402475 0
0.1256501548827568 0.2292564624784171 0
0.3354368846517173 0.3731536303328505 0
0.1487930348937913 0.24456902986603 0
0.4597699913461654 0.04248811159357309 0
0.915420743978602 -0.5251315061508368 0
0.07341353262829743 -0.3312165505855766 0
0.08683317284704406 -0.3094149292102286 0
-0.4281791882777831 0.4213221431253454 0
-0.8503879544544253 0.1056331361545864 0
-0.8601641063384622 0.2445193723821403 0
-0.8620794427713557 0.2722958646501357 0
-0.8871068027840714 0.284539214648351 0
-0.8639766612345522 0.3000935036379819 0
-0.8890165403627608 0.3123511044491379 0
-0.8658649244675863 0.3279188490452611 0
-0.890927915093161 0.3401853103838685 0
-0.867756040917611 0.3557664939156108 0
-0.8928425127385708 0.3680440877149234 0
-0.869650213990903 0.3836365518098527 0
-0.8947596201413851 0.3959285526503836 0
-0.8715451688813878 0.4115340181112337 0
-0.8966782446617725 0.4238393388976014 0
-0.8734443608177591 0.4394595592608516 0
-0.8984895208222261 0.4517831374307971 0
-0.8753287124397381 0.4674108287244061 0
-0.9001292776497751 0.4797608881901717 0
-0.8771835144214024 0.4953824989157221 0
-0.9021055522827006 0.5077319700865125 0
-0.8790939445733839 0.523357619542312 0
-0.903714475438374 0.5357389783041648 0
-0.9135968304810445 0.3246393061321593 0
-0.9043538335433895 0.8455061500449912 0
-0.9023283892888766 0.8174861106742726 0
-0.9058524545421875 0.8736059116397469 0
-0.8832346043377904 0.8892585320441149 0
-0.907681559751052 0.9016900366635672 0
0.9049008576969992 -0.7070875597880648 0
0.9074174270434346 -0.7350858389776566 0
-0.903566380082961 -0.1586558445022882 0
0.3471693623040195 -0.0651912689524588 0
-0.8299238332075349 -0.1977216077005992 0
0.07955938956219732 0.9036259130671694 0
-0.4707696383527515 0.902229679113584 0
-0.0325031946325759 -0.5902944579791403 0
-0.826104156116241 -0.2526680080801803 0
-0.15344924379983 0.7453443075136807 0
-0.8805516222028131 0.54913310685901 0
0.4031550825596886 0.4734492624424818 0
0.4146994717678946 -0.3106134471813717 0
0.4167715892666041 -0.3380641696984836 0
0.1235505736683168 -0.598990019192557 0
0.1215795022417942 -0.5718044011000047 0
-0.2022241080772995 0.907292870884137 0
-0.8221491338311822 -0.3077844354522144 0
0.4815055522588343 0.08702534663862463 0
0.5043973232662973 0.1029527055953469 0
-0.1067795178914211 0.3074344092521164 0
-0.1186881748306857 0.3324619389186323 0
-0.3842039510437594 -0.2470193880460104 0
-0.3958817739588712 -0.2244371911376074 0
-0.414693907488263 0.1840615331154353 0
0.1524149241434848 -0.6655048321377934 0
-0.01466569957207856 -0.3932306325890403 0
0.3337920148660521 -0.1925416483367493 0
0.3091162584864571 -0.1808580144474105 0
-0.2414384822924578 0.7636517578746328 0
0.1595729518989947 0.8103500194922704 0
0.1614912982402039 0.7822327781187828 0
0.6954998028183584 0.8470080285226659 0
0.1301666556693439 0.8788175218941147 0
0.08688055273887063 0.4377508958464869 0
0.06355407402751251 0.4219841627225912 0
0.0745214818499884 -0.5750736086874708 0
0.4246568661445765 0.8708620488896434 0
0.4227323839199225 0.8989828557570345 0
-0.4087126175062464 0.7104554636762892 0
0.7339706551155355 0.2904852111065546 0
0.7593824776806423 0.278284648251914 0
0.2490089456912285 0.5761462060299163 0
0.8185521916616352 0.4665455100884165 0
0.3226757617040159 0.2165541546705283 0
0.7793650385658635 0.6972305951643728 0
0.2865618598469697 -0.1964413728319304 0
0.6957652689582595 0.4713638957874099 0
0.2724233954979364 0.5918958870467028 0
-0.6606057935311742 0.8338444566977474 0
0.9116387550242735 0.530142706161891 0
0.7873818577509211 -0.7579226224235782 0
0.3973477377256458 0.5579885598325942 0
0.4538901098641327 0.4486113722033664 0
-0.5420940892066641 0.8841810761582618 0
-0.5462282235988989 0.9110526349767509 0
-0.5401865999275161 0.8561410669729268 0
0.1852047305652136 -0.7874971796834338 0
0.5472450057164218 0.5116707541141077 0
0.5492111025582886 0.4835435338548998 0
-0.187832358987006 -0.8525895891889415 0
0.6915907429892107 0.9032689788627063 0
-0.3330169680414674 -0.8354510350302659 0
-0.01032467528715767 -0.6023461578345117 0
0.5426111267028376 -0.07770928120349252 0
-0.6857983916599354 0.8461883008746995 0
0.5447741263759501 -0.1056978174102922 0
-0.1307368298962553 0.7616562696733996 0
-0.08989913813334666 -0.4349064399161867 0
0.5319601650292127 0.06263610540284376 0
0.3241800278872509 -0.08105253130373932 0
0.7225241308612619 -0.2178621243847254 0
0.8308857330174799 0.2978889834719563 0
-0.03295342875945043 -0.1805377545917888 0
-0.8437149686948779 -0.7218969433894888 0
-0.8668710815257432 -0.737611959171282 0
-0.8920734494019201 -0.7253943105458589 0
-0.8899956554830897 -0.7532092491066995 0
-0.6411226324708681 0.9055987091306102 0
-0.9064044523850094 -0.8795209993676247 0
-0.9084163011812452 -0.8514869084603023 0
0.7043712256550997 -0.2897881247296891 0
0.7274924686615396 -0.2740079931101094 0
-0.8824481573107584 -0.5149046802899777 0
-0.9068526840015442 -0.5026132782196916 0
0.8435356570009859 -0.5441374700968724 0
0.09906237472297008 -0.3320446955673805 0
0.8737325473107243 -0.6108556242846663 0
0.899054582467247 -0.623025699548611 0
0.6048777000386705 -0.9104542967505618 0
0.579022390414621 -0.899401065014535 0
-0.4218456119653964 0.9065327861562015 0
-0.3965918405066692 0.8941395781078758 0
0.6703476038928291 0.4835744145601591 0
-0.9105912582150323 -0.4241880062250221 0
-0.9122616615507717 -0.3969949754564535 0
0.6192583135291935 0.5309991089785502 0
0.386177271728373 -0.9136655375449001 0
-0.9043924961892187 -0.9075616220564979 0
-0.8790947391921782 -0.9198321918307111 0
0.6525065571892058 -0.9087088971915824 0
0.2696450526289976 0.2692437769309014 0
0.246433749565369 0.2533050501960183 0
0.9128972712734029 0.5033202896532858 0
0.890355195283572 0.486362468417778 0
0.9192123072313748 0.4758127013228164 0
0.8931592452803098 0.4583981441510864 0
0.918030553464252 0.4458477514347894 0
0.7382385284241593 0.234269346114254 0
0.03265918626644435 0.5195632121386269 0
0.03047671815643532 0.5471528227817806 0
-0.8640444711751687 0.6089912623283886 0
-0.9066071505009173 0.5597263408636691 0
0.9071123793188252 0.2350092124248861 0
0.904988074530826 0.2631069428313387 0
0.9092090783702198 0.2069780783889039 0
-0.04683772552956877 0.6134597137800708 0
-0.2489041222759699 -0.3635325459960502 0
-0.2240908696643742 -0.36465704667944 0
-0.2771753128624364 -0.3661736424235587 0
0.05296286538250609 0.2385111619614505 0
0.1283271153901873 0.9070029785911562 0
0.5688654225721712 0.9089842242570461 0
-0.6534460472765575 0.6129316162117798 0
-0.6303885806612313 0.6283792643181295 0
0.9053481146601913 0.6143202887087236 0
0.9037049433808196 0.6424511801586124 0
0.05757682194708056 -0.6722937832266612 0
0.4792672367126872 0.436197063242616 0
-0.4766020816860919 0.6357506553763163 0
-0.9139885825825744 -0.02467112539934097 0
-0.3544997438756968 -0.8787241298410986 0
-0.3520572819698026 -0.9055690875423712 0
-0.3269835632846625 -0.9178908407841548 0
-0.383084056091291 -0.05555704265251254 0
-0.9276657048379591 -0.5418487201119591 0
0.6898111174034967 0.555746562653341 0
0.712737281508252 0.5716211147335942 0
0.1434796909229438 0.1637381597065547 0
0.1566979441166514 0.1443383695455747 0
-0.8539762686911713 0.5110130082990563 0
-0.9285954392675526 0.5204119430617624 0
-0.398569438122842 0.922037735989987 0
-0.3732571021827497 0.9097823611539617 0
0.1698020755326166 -0.9123054105637822 0
0.8529879584400604 0.6887723277559765 0
-0.2291649439217361 0.1261072362309162 0
-0.8445674053899659 0.371344642802528 0
-0.1810310393937801 -0.04503184262369911 0
-0.1932990188405815 -0.06375605939474753 0
-0.2152280656312012 -0.063325299115436 0
-0.2047855385632185 -0.0834555660539458 0
0.7812931472807102 0.669105717844555 0
0.757901758521171 0.6533688684025676 0
-0.4073499842925821 -0.05338518323672116 0
0.9124576896196421 0.8758330343620579 0
0.9117226658902321 0.90402102912687 0
0.8866186521042771 0.9164213448721409 0
-0.4248068505501455 0.2550944532204146 0
-0.4098462394265548 -0.09639071631986942 0
0.2259093303890669 0.9137646166107716 0
-0.885238777274346 0.9176835942003241 0
0.9175129903925453 -0.5528110488986091 0
-0.02127590568021596 0.6011685083083775 0
-0.9310683325598276 0.8586464369258249 0
0.04462353659969498 0.349847072103761 0
0.45582544351031 0.420430340315589 0
0.05536660845758075 0.2113483548601336 0
-0.1850085961510825 0.05413456060288636 0
0.9182658119586977 -0.8748793327249481 0
0.920369590097635 -0.9029464005453329 0
0.4615731139960296 -0.01053462214150835 0
-0.9132649229394719 0.031356430530985 0
-0.4008697773883498 -0.1626432410707988 0
0.1400520156925233 -2.950277791983077e-13 0
0.001349577969706149 0.1408120844524531 0
-0.4138273480060419 0.4449285328094959 0
0.2661872342150875 0.001034286693956669 0
0.01036125208319672 0.8559566240207888 0
0.007840077853728901 0.8848476399118268 0
-0.2370072783398643 -0.386217475968784 0
-0.2125338476207331 -0.3868238144509424 0
0.0924573369136367 0.1610851021817229 0
0.543553207789351 0.9213729984599875 0
-0.1645953230367159 -0.8637302444656212 0
0.03818495430260428 -0.7425579826017009 0
0.01494234644967819 -0.7587910283860204 0
-0.9241750629334609 0.08657527059267969 0
-0.4049866784836988 0.6545431558469762 0
-0.3816015258921842 0.6700938930934122 0
0.2075238237927974 -0.05961113055812123 0
-0.9150401865781297 -0.7405790509171003 0
-0.9132769029581906 -0.7690966804062971 0
-0.3115370072002576 0.7167985096159859 0
-0.4917751160251811 -0.9188225871624671 0
-0.01018597021044592 -0.1824767021088231 0
-0.1766310956411301 0.1250599221117255 0
0.9155775822683003 0.1227063610522782 0
0.9177050266670088 0.09461664552164181 0
-0.04945895016873273 0.805605136699263 0
-0.07083389455583383 0.7892566065221982 0
-0.1788359190464862 0.9229707058333722 0
-0.9145195875209825 0.6336452915675237 0
0.9360196025107427 0.519427555337429 0
-0.0236301213158929 0.4680447365434393 0
-0.03929472539528617 0.4446502082579283 0
-0.06013993247930055 0.2081261490236729 0
-0.09899106241696637 -0.8378878937941439 0
-0.02747614442883721 0.2526542294804366 0
-0.01156388653740276 0.2755685988348739 0
-0.175105098950337 0.03376377421710506 0
0.9581151425642596 -0.9757650331527781 0
-0.974084621772777 -0.9549578569561092 0
0.9780004212136043 0.9574192027887498 0
-0.959869691082001 0.9769021830301077 0
0.3692596376640426 -0.3415709128627714 0
-0.1950290544936787 0.07493198192906844 0
0.05987212019178825 -0.3529626158765044 0
-0.4287887176362584 -0.7886272035433797 0
-0.3197661058130133 -0.2281240606165379 0
0.2684625384455112 -0.266463846386704 0
0.1209279120330372 -0.146599849083239 0
-0.9354031867680943 -0.4125759963865406 0
-0.6663780011522652 0.9179658216074125 0
-0.6897148366775735 0.9022679276736186 0
-0.3907060632233537 0.1367837760194001 0
-0.4172256909357056 0.138011747372551 0
-0.4034255091503237 0.1151012540573325 0
0.478928454936854 0.1151319560768361 0
0.5021434334751688 0.131084685355458 0
0.5275919144165843 0.1189024133935071 0
0.5254003114256049 0.1470403186449805 0
0.4999364373799027 0.1592247262217802 0
0.5232154110275056 0.1751816253414795 0
0.4975915229085451 0.1873658053120946 0
0.5210113815162326 0.2033278922013573 0
0.06146527923918683 -0.07899033248099112 0
0.07899033248099112 0.06146527923918683 0
-0.06146527923918683 0.07899033248099112 0
-0.07899033248099112 -0.06146527923918683 0
0.3608686641019619 0.3612260732704342 0
0.1463589895049373 -0.5836156398219097 0
0.1443611420043025 -0.556505054012939 0
0.1196416918879119 -0.5446420352823843 0
0.1423682333332288 -0.5294085111609796 0
0.1177191006111459 -0.5175730905161646 0
0.8977598735731981 -0.9174521768676147 0
-0.178785824152246 -0.0827118974563681 0
-0.1936479508468033 -0.1036557537793328 0
-0.2167482419325107 -0.1036623123805179 0
-0.1711814446490942 -0.1056971943271362 0
-0.1834389438752617 -0.125134407451086 0
-0.9172811138726968 0.3803653082146495 0
0.3445098072658055 -0.3295307509063528 0
-0.2866237390922894 0.2933342183384522 0
0.1852593811279154 -0.07520029264390243 0
0.1835928645455553 -0.04977928291802684 0
-0.4370419510864641 0.2794107822363343 0
0.2174040143996122 0.3192286499246569 0
0.4533617993517455 0.09764944193754506 0
0.7169604913084671 0.8908697439716083 0
0.714977607304758 0.9189935946401687 0
0.7402939345782525 0.9066230198832861 0
-0.8183077375961514 -0.3628965269287706 0
-0.3348286543636159 0.7011795646073994 0
-0.7825822878824742 -0.5639047974147274 0
-0.784542411173955 -0.5362354954166698 0
-0.7596484739935766 -0.548394086288296 0
-0.7615961364542407 -0.5207693753389059 0
-0.7367779379350911 -0.5329043712402237 0
-0.8096358773448068 -0.524388638958791 0
-0.7347829457556868 -0.560411130271438 0
-0.7119962810288001 -0.5449284445901756 0
-0.7139454650552415 -0.5175055917981022 0
-0.6892332879494112 -0.5295335894367361 0
-0.6872692634333135 -0.5569215193250363 0
-0.6911842869203678 -0.5021489599247199 0
-0.06490884629304429 -0.4357246508346037 0
0.06363085425320936 -0.1825670569355711 0
0.03971466178371605 -0.1822316652055309 0
-0.07703438695297794 -0.8201644296776596 0
0.7428335741773442 -0.4959423786397156 0
0.7197514228393358 -0.511677157345383 0
0.6539273999536397 -0.2655520150842678 0
0.6560468094497289 -0.2934381898398983 0
0.6308475983927904 -0.2813359004334254 0
0.6329640713644813 -0.3091931724355098 0
-0.05692068320481007 -0.5785231576330105 0
-0.05492415289242995 -0.6055965929168263 0
-0.07937058512359324 -0.5937927430060714 0
0.6995613803925785 0.7906545491707032 0
0.6761689198778211 0.7749278615007849 0
-0.4282539727623525 0.638974959664604 0
-0.9316784148316772 -0.8672010574458839 0
-0.361987589949772 0.7416239032651397 0
-0.551868242964777 0.6726381363256441 0
-0.5766085878134208 0.6573616133389275 0
0.229729263758796 -0.04430086090296621 0
0.252986453215863 -0.05507340222013693 0
-0.6294457895707095 -0.6918843789907367 0
0.4514084769671001 -0.8106675276237774 0
-0.2881917613186911 0.7324060984986048 0
0.5981930590168447 -0.5061410729734799 0
-0.07249701569184988 0.6250894644705354 0
0.2706124695951964 -0.6429635315706768 0
0.05383818806458691 0.5627900929323839 0
-0.7571670621992528 0.827389307359252 0
0.3993415264783808 0.883256341836316 0
0.3974175877881397 0.9113754536823434 0
-0.5151035291752131 -0.3305348782316307 0
0.1485743661474891 -0.6107064311859183 0
0.6077820972664868 -0.2970974582709633 0
0.6099042233644707 -0.3249318648595599 0
0.8948515666852896 0.430011547911019 0
0.9201610512694909 0.4177500464468583 0
0.360199306103676 0.7392553701647178 0
0.8962893358653083 0.7758685320617335 0
0.9215949247798958 0.7634810539037949 0
0.9238257722319025 0.7359960934882741 0
0.9196697052331052 0.7915895572195746 0
-0.1650241213444148 -0.8368239632631314 0
0.8944458521666087 0.07872903831426926 0
0.9198316207283921 0.06652746997644048 0
0.8965722432217943 0.05064058062085489 0
0.921959024246232 0.03844076498183871 0
0.8986999891757443 0.02255552574204767 0
0.01450441873324685 0.8002904406130722 0
0.2765483023814092 0.8889820779474451 0
0.2999485022780812 0.9047075332629637 0
0.2746271838967677 0.9171017400202603 0
0.2980286718193758 0.9328287691274524 0
0.3233791540945512 0.9204361480933536 0
0.3740273231092017 0.8956494415970186 0
0.3721041084125259 0.9237671669865165 0
-0.03120184536627824 0.7400889009898398 0
0.2139574331462842 0.7292491298286128 0
0.09497127852024435 0.6786959261252516 0
0.9095089675421636 0.5582409097857102 0
-0.6583989825040417 -0.6243292790447302 0
0.7229560393169792 0.8063790004571783 0
0.729709506070138 0.3467162289865074 0
0.7910966353691504 0.881743124215548 0
0.03092567666679236 0.9003037952845834 0
0.005633081438343836 0.9126989198592321 0
-0.01755023053473849 0.8973758743994096 0
-0.01968166361691842 0.9251099081533721 0
0.7149656825582391 0.2183669460573235 0
-0.819405263307612 0.6683815817497911 0
0.9134523911231931 0.1507966468290064 0
-0.1770792060694577 0.730069686294574 0
0.805858653299536 0.3101092461310631 0
-0.1698021496936782 0.6184447041580359 0
-0.1445431200836984 0.6060254205108293 0
-0.1680358917371576 0.5904758283062643 0
-0.3583098517456292 -0.05679101993316419 0
0.8080748700774327 0.6063672612440874 0
-0.3327598674689908 0.5094652802800583 0
-0.3308895254815502 0.4817054706541624 0
-0.3077888517378266 0.4972015243941375 0
-0.3059167908948654 0.4694626875696424 0
-0.2828258764755686 0.484951913615985 0
-0.2809686313165591 0.4572239162910259 0
-0.2578712077292944 0.4727000563897426 0
-0.2597271108051977 0.5004700725203562 0
-0.06738198335115544 0.4464675655100798 0
-0.05495988554540841 0.4212837677429711 0
-0.08297253882933234 0.4231199254822998 0
0.6019088835857838 0.7841136893525557 0
0.6272183726223216 0.7717220998040187 0
0.603828162018645 0.755988020946842 0
0.8694653923545751 0.4422154207401255 0
0.4557554505513824 0.7740787818548274 0
0.1087345541881945 0.8350268937305156 0
-0.15356415818979 0.9105517934521508 0
0.9161611821260809 -0.8468159627418109 0
0.8210845585579132 -0.8821449202970785 0
0.8224489299070241 -0.9091390101403551 0
0.7977610745893291 -0.8977564502790607 0
-0.2256023707549208 0.8916139450025353 0
-0.2274926718551578 0.9197072598393073 0
-0.2508727225415387 0.9040282444168302 0
0.1748220214541068 0.5852052288863615 0
0.6884104525160037 -0.7372299837261883 0
-0.7515184682224044 0.7433409515943166 0
0.6724822087343818 0.4554579023245956 0
-0.6838992369154895 0.8181775185822296 0
0.1103102893841669 0.4534620350110228 0
-0.8599948022757579 0.9050097460281064 0
-0.8205891930322109 -0.7062290045974153 0
0.2820945126249134 0.4510503341315949 0
0.02853135071329114 0.5752135698632014 0
0.4953660895585141 0.2155541082411169 0
0.5188267012625765 0.2314824795242762 0
0.5443137910793543 0.2192887294012438 0
0.5421418385495166 0.2474321902804037 0
-0.5920666821471445 0.9081326558989651 0
-0.5956985012781405 0.477653097812608 0
0.9011677831168639 -0.6510400414113251 0
-0.8407734708058723 0.6246620636092434 0
0.4355816571187743 -0.2676607419557712 0
0.6129625501671703 -0.7006780088867861 0
0.6757272820480485 -0.8928831309442232 0
-0.1103839923214722 0.2594301195452953 0
0.2470799313430459 0.6043067513036209 0
0.2839943156938299 0.4234427225354578 0
0.902770770318599 -0.3575298592043306 0
0.9281117541389275 -0.3696512126379444 0
0.9259696382645002 -0.3417986598713761 0
-0.6206252317185758 0.489803426710206 0
-0.6187031143355552 0.4621216253495014 0
-0.6436328017813253 0.4742853386927454 0
-0.6416922035640988 0.4466035596626268 0
-0.6666446041660368 0.4587671623017211 0
-0.6646974097246139 0.4310775997108122 0
-0.6397647020462437 0.4189234856402778 0
-0.6627432635187267 0.4034093004515132 0
-0.6378296961447958 0.3912681547995432 0
-0.6607874647075389 0.3757700734073289 0
-0.6359047993150219 0.3636459937459023 0
-0.6588327485412276 0.3481634027043699 0
-0.6339932748035518 0.3360503257527826 0
-0.6568818552342837 0.3205916168388333 0
-0.6320776523977092 0.3084947536436401 0
-0.6548601753596329 0.2932242846150931 0
-0.6301406809067038 0.2810133303339314 0
-0.6522182936229597 0.265815406666095 0
-0.6281133090728938 0.2535618273701168 0
-0.6502097808663767 0.238224025637132 0
-0.6262001482619994 0.2261126706730907 0
-0.6489193414967513 0.210755430377742 0
-0.6244172971836064 0.1987312351366397 0
-0.647101547833385 0.1834141248144599 0
-0.622550804447534 0.1714128979542251 0
-0.6451830423553823 0.1561542393912545 0
-0.6206979909301644 0.1442094929910191 0
-0.6432536794770649 0.1289773204883117 0
-0.6188369068745896 0.1170550910064439 0
-0.6413216683469127 0.1018771260468168 0
-0.616961798592933 0.08999818027813777 0
-0.6393906887973482 0.07486433568116553 0
-0.6151208853249672 0.06303316282781302 0
-0.6369602579887578 0.04798312070967722 0
-0.612850888537499 0.03635311203150969 0
-0.6352644159364955 0.02113182561511308 0
-0.6108319710956618 0.009941980927291861 0
-0.6330158132086244 -0.005473288747039104 0
-0.6092926011475264 -0.01686539231304131 0
-0.6311505413922588 -0.03210512053906934 0
-0.6076793686573505 -0.0438008219066102 0
-0.6296125307063247 -0.05875979895536712 0
-0.6059451657512506 -0.07034916645235263 0
-0.627514228631461 -0.08517481594723519 0
-0.6041095077441974 -0.09674782451019966 0
-0.6256281028685544 -0.1115344269026791 0
-0.6023412810327284 -0.1231398957592168 0
-0.6237855489847191 -0.1378461691576816 0
-0.6004938152925665 -0.1493850404786571 0
-0.6219390391540711 -0.1641143586442338 0
-0.5986572275604518 -0.1756455696549769 0
-0.6201137739308052 -0.1903861048597486 0
-0.5968491971902533 -0.2019292681854508 0
-0.6182692304706054 -0.2166856049188964 0
-0.5949879960335256 -0.2282493467608317 0
-0.6164534461288158 -0.2430423845702554 0
-0.59306294219392 -0.2547051877145683 0
-0.6145736434348442 -0.2694818298311552 0
-0.591133799884825 -0.2811947802798507 0
-0.612734409169055 -0.2960006474969054 0
-0.5892780086307779 -0.3077218547299118 0
-0.571325030795852 -0.2398647191422273 0
-0.5805158896573337 -0.1083683064253973 0
-0.5855688092508862 -0.02862423868002445 0
-0.6486070635968593 -0.1025981837246207 0
-0.5907717975689206 0.05177663556321581 0
-0.6541387867748263 -0.0226795194509338 0
-0.5999132538714421 0.1867039778082262 0
-0.6114179769036574 -0.3226307453589121 0
-0.587507382491899 -0.3343195674269717 0
-0.5945333227657488 0.1051339083464341 0
-0.575099817453949 -0.1871301508134079 0
-0.6034939620570196 0.2414836724045778 0
-0.6073142200450619 0.2963983891835286 0
-0.6110645542062658 0.3515021807703532 0
-0.6148617445128781 0.4067683186044678 0
0.2561016187045159 0.1387390467594289 0
0.2313755789026042 0.1504480033611966 0
-0.9183961810235255 0.68971218633753 0
-0.9206493315807257 0.7177365800568732 0
0.783135310195935 -0.7020603691165743 0
-0.8970579364919049 0.7334339081903283 0
-0.9226388007426765 0.7457879716501059 0
0.1122303499793964 0.4252729613208088 0
-0.3713620542733581 0.881738369774261 0
-0.3480206232903976 0.8974180906319356 0
0.3484973810357967 0.5546582390137133 0
-0.9275254509402648 0.170161728753798 0
0.690520965501849 -0.4435668064900824 0
0.5903538178469446 -0.3954377000559424 0
0.1891335200585166 -0.8426177712894219 0
-0.9172462667486598 -0.7130621603947939 0
-0.5772246007082242 0.6849617299720909 0
0.3191592963528416 0.6233576636052811 0
0.2977614184674467 0.5794832538617402 0
-0.8989096022850362 0.761510609282931 0
-0.4221695859042079 0.3022703249923005 0
-0.02346093436134588 -0.8994681553371364 0
-0.04651575255977094 -0.915029319466 0
0.2868790297506161 -0.5456728406299961 0
0.3095169666657656 -0.5302907059183088 0
0.3115306386320149 -0.5576122113273696 0
0.3342167826387707 -0.5421936349671739 0
0.3362223099740175 -0.5695928213187331 0
0.3589624978044691 -0.5541229939350237 0
0.3609743755556176 -0.5815691669269427 0
0.3837537662793532 -0.5660755688974578 0
0.3382288840570359 -0.5969749184163377 0
0.3857693640024918 -0.5935695196206432 0
0.408584450852968 -0.5780544723937051 0
0.4106050015096129 -0.605590498132391 0
0.433455971141519 -0.590050962398212 0
0.4354800463663581 -0.6176281750421391 0
0.4583469146227774 -0.602078701666 0
0.4563122132525024 -0.5744903296197853 0
0.4812131147217265 -0.5865129060349655 0
0.4791731634611077 -0.5589186387614011 0
0.5040951433028626 -0.5709440158118867 0
0.5020496191478896 -0.5433365663463748 0
0.4603920433208581 -0.629684591498007 0
0.5269036705074409 -0.5552451391240557 0
0.524933548489378 -0.5277494406513769 0
0.5292901645728234 -0.5824049802038345 0
0.454262342847269 -0.5469090671934558 0
0.3077994604967547 -0.5021555135575204 0
0.3569256576365538 -0.5266985143404527 0
0.5509142694878758 -0.5387051911032295 0
0.4065430807601962 -0.5505399618088036 0
0.8336558521172472 -0.7264989271048635 0
0.5026430733333384 0.4519472219789167 0
0.3789619830643487 -0.1605264959384391 0
-0.5169338040080561 -0.9066358462135375 0
-0.5149250683053341 -0.9345480886803099 0
-0.5389238490681005 -0.9207014093389558 0
0.2516117288381594 -0.3391424283390797 0
-0.5535179443706372 0.5639852663714069 0
-0.6685984822900287 0.4864501228296881 0
0.8837896214919898 -0.4292759617215205 0
0.6778752652986528 -0.9208176116662736 0
0.7010686924214049 -0.9050704490682577 0
-0.2104738965279475 -0.3431076861596057 0
0.4984379304515481 -0.1373208919751202 0
0.2161493372770575 0.05426952249807183 0
0.1930562171892528 0.0668165653409083 0
0.19065876201226 0.09149099784673401 0
-0.1855120716726048 0.3585580940792469 0
0.9090806967027595 -0.4414409281099715 0
-0.9242615769783322 0.7738366903218208 0
-0.9015018080324402 -0.5861026418987705 0
-0.6723399267876877 0.2213478641554602 0
0.5508232691531778 0.1347973001337596 0
0.04775520181597022 0.2931046831451535 0
0.387793362255615 -0.6210292809103761 0
-0.6039443839909592 0.6155326363601017 0
0.9415218343654017 -0.8590257176709244 0
-0.6013480239948579 0.6696898835519309 0
-0.7358746066656191 0.8710442999249279 0
-0.6645773825922483 -0.541537760590257 0
-0.6626041214809516 -0.5689133784921812 0
0.9239104284621646 0.01034230607679541 0
0.9007996366749482 -0.005530637275676609 0
0.9260031198577533 -0.01774315558349781 0
0.9029181983968494 -0.03361254889566179 0
0.1402778745043599 -0.5025285481211791 0
0.5679277196711313 -0.0898398410178041 0
0.5699193277243166 -0.1177751336316949 0
0.06782638298130422 0.365474187293623 0
0.07508138907257124 -0.9194406620993034 0
0.09967700166932572 -0.932657090095575 0
0.5675339604464474 0.2352674749015014 0
0.5654193423865558 0.2633865163557264 0
0.5767499752489113 -0.8719706049565137 0
0.5535428241185341 -0.8877434375776947 0
0.5554595395279931 -0.9159001271333262 0
0.5302738716463921 -0.9036599278966719 0
0.5316122155407603 -0.9317491040313862 0
0.5069297204762125 -0.9194848730139193 0
-0.3121321090718804 -0.3385349937194448 0
-0.336914567169586 -0.3373289812087013 0
-0.7377501228996991 0.8990946507296128 0
-0.7629119973506594 0.9115368670080202 0
-0.07058208322467055 0.5977661581223749 0
0.5468963539428013 -0.1336547651080416 0
0.2100173689974531 -0.7994579975926313 0
0.2328054263453156 -0.7840451194873593 0
0.08718717778432541 -0.1828453257064234 0
0.09895596055034774 -0.2037628009426204 0
0.7296550139933978 -0.3018092299740326 0
0.5529486799470237 0.1067619144247642 0
-0.1526168622224769 0.7737402614868101 0
-0.8185552729501046 -0.7340795449241294 0
0.5657783004798832 -0.06184137166840682 0
-0.1343115270763879 0.3096053061381626 0
0.09536322117508185 -0.532956912133993 0
-0.1013079753116122 0.7520890535334098 0
0.3701978268950706 -0.04929975050189241 0
0.3954329696148646 -0.06133392696010229 0
0.6349818932395509 -0.3369864377150782 0
-0.864880428740979 -0.7653516251247494 0
-0.3304559856074712 -0.2066066906660094 0
0.8487458763995558 -0.9276284218129689 0
0.02105350053502694 0.3346844877595765 0
0.7951737695586388 -0.5477511030248539 0
-0.7955445689271565 -0.7181494413818452 0
0.8483387749171364 -0.5988747297792416 0
0.4375707440086497 -0.6450680493624734 0
0.4625372967001018 -0.6571031960305398 0
0.4853817038089575 -0.6416979003074136 0
0.500062222138314 -0.5158298205627037 0
0.5229952185662023 -0.500026034763272 0
0.9220111359413659 -0.9299606350586174 0
-0.453793486660699 -0.7767356692843191 0
0.752609669872748 -0.2855671658011309 0
0.7545916353439643 -0.3132422211750213 0
0.1508343618542178 0.2170317903869153 0
0.9443668865094907 0.4334052143920332 0
-0.6915021397435287 0.4711977806250458 0
-0.2180034239376783 0.0769590822877266 0
0.8078120024123685 0.2822497214343783 0
-0.5653995176331678 -0.3193951570384359 0
0.2910957279159939 0.3131279799039952 0
0.2161595219218887 -0.8825714368980293 0
0.21861758797922 -0.9103368514681618 0
0.2411786913661823 -0.8947451267792027 0
0.2436212179367874 -0.922433482752117 0
0.2091964369649227 0.1335607780460949 0
0.2660299930888797 -0.9070349851662118 0
0.7500612874888881 -0.2575459483127254 0
-0.9218508510724935 0.43613634351491 0
-0.9212390221490316 -0.6573435345248201 0
-0.9232142785062181 -0.6294448480685405 0
-0.4123634624657496 -0.1404213424869728 0
0.7400717835657591 0.2061406329716086 0
0.7170516337735539 0.1902586785666237 0
0.7423352265634053 0.1780466116085861 0
0.7192011444285411 0.1621574983146999 0
0.7442198119558853 0.1499969257785225 0
0.7212980982970361 0.1340671645912108 0
-0.2067645609558066 -0.923738937351634 0
-0.1816873590894793 -0.9358838049925483 0
-0.1617142753077178 -0.9166557474114067 0
-0.377227349047953 0.06961624739195313 0
-0.1623332902921843 -0.3437303667154528 0
0.2666877746157341 -0.2392442155755199 0
-0.0003255871600278452 0.2511689160738547 0
0.3329585879628124 0.4271386793170176 0
0.3564625759485429 0.4424105044044908 0
-0.691643216309566 0.9303318003505772 0
-0.2257144882721769 -0.4090426545853747 0
-0.1998905085159944 -0.4105440705074336 0
0.02858851790980463 0.9276102920064738 0
-0.04286488094666768 0.9097967891140974 0
0.1045241947254087 0.1867203294057973 0
0.6473847971991892 0.4676924490200832 0
0.6492548911019664 0.439562470791577 0
0.9238341973181958 -0.6363615452721052 0
0.9238272534992118 -0.608010985073464 0
0.9299905889240291 -0.6662885085136326 0
0.504636506719935 0.4237848936136875 0
-0.3758437508106912 0.9363418774750614 0
-0.02151524209365557 -0.9272567878792373 0
0.2848979271500978 -0.1690379564050867 0
0.3069641340134753 -0.1535012017627714 0
-0.4437843610804004 0.3985742110763533 0
-0.4319214510362915 0.3742172642279775 0
-0.4540902115618206 0.4265226364346251 0
-0.3772042599214521 -0.894605536705446 0
-0.3722408053319964 -0.9257747394084612 0
-0.4006519146040293 -0.9099681277690101 0
-0.4024658667096501 0.07102756730263922 0
-0.4164183737374847 0.05000444103173831 0
-0.4279934535793893 0.07292688840587214 0
-0.3510859725940061 -0.1641526454573521 0
0.93162412617139 0.2230735548420255 0
0.1121561732969148 -0.3098060183053643 0
0.1001201632058384 -0.2875701952727345 0
-0.08094653672081713 -0.2199174014431815 0
-0.09138913347133028 -0.1992431176541902 0
0.6873151994819783 0.5835835686825409 0
-0.4599588560985951 0.3750571709459183 0
-0.4472014855038366 0.3512332270601677 0
-0.3034681096084521 0.4418010610646982 0
0.927739778554869 -0.04585239809213233 0
0.9049811754775627 -0.06169536915044369 0
0.9297897111581668 -0.07393401207520837 0
0.9070871716474548 -0.0897703184324781 0
0.9315110956470203 -0.1020359629427358 0
0.909145154048305 -0.1178447070567654 0
0.6900606784764562 0.9307613552736292 0
0.1365242096345191 -0.3587815212612234 0
0.01086089456803747 -0.3942083101192765 0
-0.35424449314558 0.466618290854608 0
-0.8845788903924547 -0.4875541869473084 0
-0.9083783961841616 -0.4758827418429148 0
-0.8596558200816548 -0.49984871251466 0
-0.4666403801919824 -0.930432519568881 0
0.3220799680161806 -0.05313252091872586 0
-0.6603672996650206 0.05793051911039793 0
-0.6449076732881485 -0.1556352619894887 0
0.0006499037374540911 -0.2025934637883799 0
-0.6653753434968159 0.1120735702515628 0
-0.5544565526127031 0.5917719905510002 0
-0.5266002175938616 0.5826161247151065 0
0.2009606030794947 0.9256139941891434 0
-0.07894276563321841 -0.1787510416179254 0
-0.1021259501979664 -0.1787079020128109 0
-0.1157128961556974 -0.1984332426769007 0
-0.1265176222310127 -0.1776382798247995 0
-0.1408219894305572 -0.1976565984722283 0
-0.1501682006152966 -0.176710308109804 0
-0.1652370196425257 -0.1966330636277861 0
-0.1742667184177556 -0.172575932121155 0
0.7037763148880629 -0.931852631628698 0
0.7265075521343116 -0.9170702535545621 0
0.7243178782208981 -0.8892082070869148 0
0.2536548172209463 0.1670050070578264 0
0.2705877755748081 -0.2942770080329941 0
0.2950630001082382 -0.305359586299252 0
-0.6692618428964583 0.166549793517028 0
-0.9105833631775843 0.9297058704785559 0
0.7999206900116747 -0.9260454709260916 0
-0.641192343696902 -0.2085973818453685 0
0.05266817133434193 -0.160776366878684 0
-0.6789444693079255 0.3039663361187313 0
0.1648260525344105 -0.5141578245084316 0
0.1627170035028946 -0.4873339924908837 0
0.655471231863505 -0.9353574051603253 0
-0.8375726689565106 0.2600315272719379 0
-0.8354072325178669 0.2322736839894257 0
-0.6829403157328771 0.358972898560096 0
0.5276906103861703 0.4404409604560151 0
0.2400744205158916 0.04271829907091082 0
-0.6868464831630449 0.4143112486116973 0
-0.6390446915477752 -0.257860346584507 0
0.6239503318780666 0.4515558573182006 0
0.3465863069785469 -0.3570343488518296 0
-0.6923056830041993 0.4982398501653569 0
-0.8413574925685749 0.3156128196884731 0
0.4205052810845099 0.9264841394184106 0
0.4395230430583368 -0.3225897432818954 0
0.4415999262678032 -0.3500490624662733 0
0.4188248547899245 -0.3655042393189554 0
0.04294922041524081 0.3772967470503175 0
-0.7403004309886435 0.9281805655152363 0
0.7106169269139591 0.5993620803341786 0
0.7359659042944759 0.587453490755667 0
-0.6852946291334912 -0.584311340920368 0
0.6646126383834732 0.56625183427661 0
-0.1781725325685405 -0.006044493247218986 0
-0.6342276457098639 -0.3118919591386149 0
-0.4766344234606019 -0.7921313807760495 0
-0.4787103021415914 -0.764703048235441 0
0.2000643649921046 -0.6619859489157141 0
-0.8507889360766199 0.4550421803748065 0
-0.9332400696805501 -0.8398706804624634 0
-0.9104156885847045 -0.8237236366615537 0
0.05951073799447212 -0.6996396618259756 0
0.1772133282456752 0.9104392250916176 0
0.177138929853635 0.9364389345225179 0
0.7443709668820175 0.8502732839981869 0
0.01717691892457929 -0.7856215692581718 0
-0.007609636896414637 -0.7735636698212894 0
0.6742325305228691 0.8030753116297737 0
0.1361332138634372 0.7946092901015371 0
0.1380917302329018 0.7664992919888465 0
-0.2798969148751658 0.4294967173647775 0
-0.3021166729123315 0.4141025092043618 0
0.7176588857896676 -0.4837409758560259 0
0.6291493516157294 0.7435954731276966 0
0.6057547046456607 0.7278598323160209 0
0.5804307542666789 0.7402520644523004 0
0.5823574636091435 0.712121240858369 0
0.5570289935037952 0.7245156312370497 0
-0.4000876962120925 0.206526033734866 0
-0.4269267824293824 0.2081286258627896 0
-0.4400064420106428 0.1863837021796267 0
-0.1899517877197839 -0.824896924896413 0
0.488095989276175 -0.6690435055562993 0
-0.5307787960311482 0.7162278529667726 0
-0.008582143784930456 0.4895187083047267 0
0.9280547177250862 0.630259517066377 0
0.9300091044599652 0.6021590075500043 0
0.926216729099135 0.658393298510445 0
0.3698524402312436 0.5985184846519043 0
0.223637731800515 0.5885583176456388 0
-0.3055928377966242 -0.207446836557475 0
0.8969108524233727 0.401866033231304 0
0.9223710613096663 0.3898142685101689 0
-0.0959036347277723 0.6094355824875421 0
0.04381326508477797 -0.8251935526461442 0
-0.2666860902710857 0.7760588298355047 0
0.5201679428705678 0.9056475061049705 0
0.757249978297271 0.3063921064186545 0
0.4012648063276008 0.8551358795962286 0
0.6938275237291541 0.1743589855466894 0
0.558959354163407 0.6963860049505926 0
0.5336332649624886 0.7087799806513259 0
0.5941781123561902 0.8965965598361834 0
0.5920290063689875 0.9242595546161494 0
-0.6586467638276514 0.8058525714429311 0
0.6780925382093246 0.7468047864800097 0
0.8418261591073094 0.4824507770343592 0
0.001486831532306393 0.6159783361275593 0
0.7634756124588776 0.5471779304106844 0
0.8280006452093893 0.7006790706342577 0
0.8301983047287177 0.6731482363864006 0
0.1576265041296162 0.8384621331260403 0
0.06771674073909949 0.7192004106053795 0
0.0911723319931784 0.7349644757469573 0
0.3503117005675418 0.17611952102495 0
0.9398222279003204 0.1105601057838919 0
0.6979008541889853 0.4432495300060272 0
0.1633943302740676 0.7541012632336633 0
0.1400072798159758 0.7383745806325047 0
0.3932582779411518 0.6142542731008849 0
0.5317074217073393 0.7369109474118687 0
0.5083281118379899 0.7211707312430595 0
-0.2542547215420684 0.06053527502687385 0
0.2704848873097776 0.6200550567580989 0
-0.009409834654159859 -0.7485105375310104 0
-0.8388006689633857 0.5967134845389725 0
-0.5168591301151118 0.8718114516033917 0
-0.5149885287598026 0.8437675375192348 0
-0.5383301611079366 0.8281204028210218 0
-0.9330933048010139 -0.4405352903940581 0
0.2999922973860377 -0.0701093198341983 0
0.3012541280183419 -0.09678818992392685 0
0.1224198902508934 -0.9167968557711699 0
0.5239030361815795 0.4959042697745103 0
0.5219387041341381 0.5240716701990507 0
0.6115987005580636 -0.3525446793784274 0
0.7496429281961766 -0.9014377284161843 0
0.7475219046828239 -0.8733949926962684 0
0.7510850748395632 -0.9301471417026898 0
0.884263684870047 -0.7509140056014691 0
0.9095983748777428 -0.7631209279154848 0
0.7064648945972283 -0.3173834166771402 0
0.3634338533041467 -0.9285569564610989 0
0.3379086835341705 -0.9170635795962452 0
0.3891707881877265 -0.9412959401171942 0
0.4114095574820233 -0.9258335767988625 0
-0.4289606004360567 0.1158535557783016 0
-0.7090345111323972 0.8305372373608209 0
-0.7070359236138946 0.8024931848572617 0
0.4308430341850508 0.4336472124748872 0
0.5695196255371981 0.2071158209597397 0
0.3398780729500526 -0.9446488684269347 0
0.3149782687542944 -0.9327988873500602 0
-0.645483157039029 0.9293717758976903 0
-0.1613518016275333 -0.1254593572293632 0
0.2643587234248491 0.3516463013333556 0
0.2623248839781264 0.3798567654462301 0
0.1668061589224203 0.1642659783346841 0
0.5906267929722722 0.2511808111728425 0
0.5885039283381646 0.2792952710663207 0
0.575994545630981 0.1226687277410184 0
0.7744434609257278 -0.5907064443986842 0
0.7515377735822448 -0.6061755428136858 0
-0.409336320456352 -0.2455508142594876 0
-0.4208404750931223 -0.2228418874572251 0
-0.3980415438423964 -0.2694069497064783 0
-0.1629475785410783 0.05250496277015343 0
0.9295676742432499 -0.7148885416346935 0
0.02762524816583307 -0.1612152365586943 0
-0.01255151806870669 0.4439138659585018 0
0.2444722615997706 -0.2562546609577898 0
0.01379008635373952 -0.6844853123150267 0
0.01173325513070454 -0.6580533134869374 0
-0.2793873574779342 0.4025497143711433 0
0.171729038649521 0.079493912930709 0
-0.934832210462567 -0.8124792315870488 0
-0.06313572857920791 -0.3474100989750488 0
0.4401632250460964 -0.6721798109428569 0
-0.4054799440717159 0.6260280191440593 0
-0.0770448169138182 -0.6202010416259144 0
-0.1017783651047479 -0.6089506261729715 0
-0.1037431205163005 -0.5819178056252192 0
-0.1262701443302995 -0.5972262769440739 0
-0.1243094683675364 -0.624328983763792 0
-0.1487842997664878 -0.6124856211451821 0
-0.1464958643374176 -0.6389692316753645 0
-0.1712648311595484 -0.6276492029125823 0
-0.1672292904163271 -0.6574014166221717 0
-0.193182704641767 -0.6427881975776786 0
-0.1958217339342441 -0.6158683020551592 0
-0.2183211175338521 -0.6310736619623537 0
-0.2143235342972641 -0.6609148151537173 0
-0.2402654623661072 -0.6462182394351257 0
-0.2428580597114025 -0.6192411831304769 0
-0.2650058739425517 -0.6339040273113797 0
-0.2672893890429353 -0.6072955145864398 0
-0.2894691670658096 -0.6219299069689187 0
-0.2916687374509886 -0.595421278762638 0
-0.3138702586773563 -0.6100786882211663 0
-0.3160442996825942 -0.5835894380379073 0
-0.3382198077036292 -0.5982301517132905 0
-0.3404002164325072 -0.5717744598488576 0
-0.362549651491362 -0.5864183135874315 0
-0.3647069622432224 -0.5599768388066371 0
-0.3870062162037058 -0.5749283357448769 0
-0.3890223400651689 -0.5482384430658014 0
-0.4111478836188873 -0.5628697479413434 0
-0.4132764155358396 -0.5364194613484438 0
-0.435623635273376 -0.5515167112623117 0
-0.4375702387784426 -0.524693698494797 0
-0.392591261551683 -0.5214176619124127 0
-0.4599300315778772 -0.5398090321244297 0
-0.4618490962780212 -0.512920093022557 0
-0.4345119844904303 -0.5802174006424841 0
-0.4395224032335584 -0.4978477054269968 0
-0.2634914272173172 -0.6616571087654057 0
-0.3180668301551747 -0.5567435179681792 0
-0.3123007815236554 -0.6377915065955256 0
-0.3609626951610425 -0.6140340696813618 0
-0.2692956394616056 -0.5803458239124164 0
-0.4637294084547454 -0.4860833626870358 0
-0.4842261295791668 -0.5280319351139414 0
-0.4823105816728264 -0.5549903985492584 0
-0.4414471189163039 -0.4710607652916681 0
-0.417827776863782 -0.4828261754054942 0
-0.4651850856313903 -0.4598536206421042 0
-0.4863749040117967 -0.4754954260664573 0
-0.1507261194721279 -0.5853791143026167 0
0.9105736100997632 0.9312722774255932 0
0.9332555143580522 0.1949992938814342 0
0.8714263076195186 -0.5831283968315817 0
-0.1464881556316071 0.333839573650022 0
-0.1308215906001726 0.3568439970334346 0
-0.9328216602062355 -0.4911603817679706 0
0.3584255097821489 0.3881767554571223 0
0.2358980628245053 -0.8401251085643899 0
0.738954182718371 0.9333197863399 0
0.7636790308642203 0.9218215563061519 0
0.7627378554462416 0.2220895371401689 0
-0.1755372558885827 -0.3650532852346182 0
-0.1643564812034344 -0.3863364457205033 0
0.939550580080263 -0.5372994020765283 0
0.9381177894995372 -0.51003898853153 0
0.174386264620953 0.2332165030762459 0
0.1721430149699829 0.2601201434819741 0
0.1983743427823085 0.249313200609912 0
0.1957391885308291 0.2764724251936352 0
-0.001004485892498528 -0.3278338209274672 0
-0.1528411706807174 0.03494728065755177 0
0.1102308114323248 -0.1844751433100971 0
0.2441925065103499 0.2809889125771601 0
0.2626002940843629 -0.1851806234126582 0
-0.3121923332316414 0.6882088064333498 0
-0.8598921440573563 0.9337200931839764 0
-0.8366586578666668 0.9206494035734867 0
0.879921191910755 0.2747335500162432 0
0.9030619515081948 0.2909016420756445 0
0.9281260963833482 0.2791673228120378 0
0.9261158487404312 0.3071174706920587 0
0.951326957560602 0.2947988784929432 0
0.9013071308704277 0.318663736964191 0
0.9250622198983145 0.3349358001697553 0
0.8321152722074109 0.2702826275481209 0
-0.07809202860254158 -0.458236717719856 0
-0.1017103054616861 -0.4568858908937435 0
0.7460593046110754 0.1223806778685919 0
0.7231250789179949 0.1061333680417737 0
0.9345557584760519 0.9223268815335244 0
0.9332230258323486 0.9507333970537892 0
-0.06342631386552465 -0.3911224909305261 0
-0.9382369606593356 -0.7288442758216572 0
-0.1235916427233353 -0.6490790538700163 0
-0.2188160193402263 0.7506902507545121 0
-0.253287863770608 0.9310497831712922 0
-0.2762342239710773 0.9162672696743439 0
-0.2789551948607785 0.9437525565435785 0
-0.3015732004588911 0.9287007634773629 0
-0.2995320859573973 0.9007717821851137 0
-0.07101717179741429 0.3984636506523216 0
-0.09898840682553584 0.400463053608903 0
-0.04461117672486076 0.3960176252708205 0
0.2242983011982698 0.9416549287083219 0
-0.02817447822169933 0.8222173094621348 0
0.3106844827634128 0.3847949524334987 0
-0.2355004532248627 0.4883934528815508 0
-0.2366963820145008 0.5160421028236907 0
-0.2616375517207828 0.528292726111494 0
-0.2384563486801577 0.5438673233619471 0
-0.2133730417450924 0.5315586421808923 0
-0.2152344346291279 0.5594568937421524 0
-0.2334857400790373 0.4572977688429503 0
-0.3973029654489715 -0.9401470145833237 0
0.9341167635225778 -0.1300676283113283 0
0.9113422802396489 -0.1459049967407002 0
0.9355790582226217 -0.1581817611459035 0
0.913371820308073 -0.1739791145578075 0
-0.1205667078987269 -0.879217759167691 0
-0.4290384277116561 0.610541418258451 0
-0.3781305753700317 -0.8667980420407819 0
-0.3657464306555581 -0.1839958701777004 0
0.7353948663643892 0.6140568785088416 0
0.7602928018952474 0.6020839247657633 0
-0.1182703142377282 -0.9062079513217265 0
-0.09431297134507244 -0.9183938239885139 0
-0.1176405293565115 -0.9339013963664625 0
-0.09242205087936611 -0.9460914603018996 0
0.03472332391097285 -0.3517627511895655 0
0.04391305458460745 -0.3736803735590182 0
-0.7158393785944386 -0.4907027843314337 0
-0.6929244369034965 -0.4751308396890476 0
-0.6681417726960526 -0.4871038579742145 0
0.222394759204102 -0.9398920356332225 0
0.2468741538176019 -0.9509551329225505 0
-0.9310426011276478 0.225620226227291 0
-0.9311796154342236 0.2542621786196366 0
-0.6341606899249885 -0.3367814648464607 0
-0.9132833862305989 0.6066575809182428 0
-0.13635622632662 -0.1588461353410501 0
-0.936035133466304 -0.3847370899069179 0
-0.9139426482957906 -0.3693441620695548 0
-0.9365852209147443 -0.3585862406393153 0
-0.4058821396754535 -0.2021729889037325 0
0.09335576597655632 -0.5057632760699604 0
0.518831810709879 0.9328850905387821 0
0.5416259262094711 0.9494866506948968 0
-0.93494952069134 0.9115371694156659 0
-0.3695147418303083 -0.03468455102871708 0
-0.3446979647951921 -0.03652222009389826 0
-0.4484289963098898 0.304023080899697 0
-0.44129527303732 0.05179022142353693 0
-0.4306739680212122 0.02846790752716714 0
-0.3359070292200709 0.6724989892666804 0
-0.4442339892051922 -0.9145144820918634 0
0.9316190018045392 -0.4251279102299254 0
0.9331801482883781 -0.4531427749490003 0
-0.7627215367829111 0.941174521153164 0
-0.7889601569702319 0.9277476233215065 0
-0.9560850861985775 -0.8560778439046413 0
0.6453400787592418 0.4948862919752962 0
0.1951901940501603 0.04251045151188154 0
-0.9436637248411104 0.7020578821244277 0
-0.2425987341310622 0.7349420140722143 0
-0.4214326527209844 0.9342460306444285 0
-0.002539148674583686 -0.414455293647892 0
-0.02831365127573554 -0.4149847443840482 0
-0.1398358134497145 -0.0567539513293808 0
-0.1444149958873867 -0.03413640944318564 0
-0.05368077609321315 -0.1391130610999646 0
-0.6535526454415181 0.6412483701829028 0
-0.6758638543116035 0.6252574800282823 0
0.006583090451222354 0.5595693745103569 0
-0.1311421612106203 0.7897343154472918 0
-0.2316022835847949 0.9491679393318568 0
0.783221760259163 0.6409764459262257 0
-0.71421578611736 0.4830147199903549 0
0.5090079935064662 -0.9475087937448823 0
0.4842580197657354 -0.9341282656928894 0
-0.03119185088539051 -0.1406183337352833 0
-0.4268192208703643 -0.1604357560369361 0
0.8547751978953104 0.6632234741178078 0
-0.04549252910038264 0.5644183823924795 0
-0.03279614423206255 -0.763373520935364 0
0.901791874270429 0.6694569458375788 0
0.9251313628141223 0.6843852792172577 0
0.9480716588479684 0.02578325459061625 0
-0.5623630204974568 -0.3447979103082771 0
-0.5848582596763965 -0.3607402041995798 0
-0.09351706886855989 0.5807465996567728 0
0.9394152331826341 -0.8309562862668137 0
-0.9017123218694525 -0.9342500506229945 0
-0.9272366698497627 -0.9230844625085548 0
-0.8761205152722347 -0.9463144640272696 0
-0.8537714871363035 -0.9321015548846776 0
0.0802565882087994 0.1785651438570904 0
-0.9580230874767213 -0.4024390555931588 0
-0.4413940862035797 0.1400048657248822 0
0.2086515550989871 0.1610383027308133 0
-0.303670617902824 0.9551762818032286 0
-0.3258835521743519 0.9394113546364142 0
-0.03135645691268093 0.8496745226875387 0
-0.1426943120051806 0.5785270720978387 0
-0.0442482245282434 0.9364068431042882 0
-0.06804475250695477 0.9220072525408327 0
0.2835723352133006 -0.1422056018116324 0
0.3144599468498095 -0.9602131645767735 0
-0.5053846714900743 -0.5437754395843764 0
-0.5040901762498686 -0.570967213225789 0
-0.4803266554531766 -0.5820345248825548 0
-0.5062805308187659 -0.5167919866584557 0
-0.9342914330973888 0.9410100512411046 0
0.937176542362626 -0.186285720320233 0
0.9153961893027345 -0.2020520472239764 0
0.9391977641016169 -0.2143561936768723 0
0.9174906768095443 -0.2301083999206803 0
0.9439641216815371 -0.242112689379354 0
0.920053916743147 -0.2581142353064541 0
0.8925008229869935 -0.2178986769612455 0
0.9497365341788261 -0.6473941378571484 0
-0.1553416466987298 0.9370166257467367 0
-0.1324909182063898 0.9262190603960896 0
0.1385106511661094 0.07999999999988498 0
-0.9475259462897399 0.7581801236571406 0
-0.9497960122853203 0.7851330822305043 0
0.03480123898081074 0.2212622853379749 0
-0.05006839046983023 0.7773131810654539 0
-0.8497546361433053 -0.95906417819506 0
-0.4745660018446002 0.3506619379519137 0
-0.07026247152229724 0.7609183058862075 0
-0.6572160471420652 -0.3297126417728374 0
-0.140747890385992 0.1017609068783375 0
-0.1589720226813898 0.08744668399893943 0
-0.1023417883088948 -0.1397690634944259 0
0.8861265357044855 0.9480820121694225 0
0.861356389071751 0.928811238363542 0
-0.1424621573479406 -0.8469360194489221 0
-0.1427884231421348 -0.8212293010986829 0
-0.9222524712503818 -0.953340909426394 0
-0.167821983672535 0.5637190221777169 0
-0.1400352641639757 -0.101632442866293 0
0.0145510076724397 -0.7089939658686319 0
0.02100649296224183 0.2772624428040755 0
0.001056319374018087 0.2962234698613497 0
0.9558403059943027 -0.08607897574167189 0
0.9515954956888846 -0.02992632158207552 0
0.9530071588303186 0.6462229735395537 0
-0.3225897418804542 -0.3592508260642662 0
-0.9373115141668886 0.6180331901175975 0
-0.9355308752994914 0.5905004402814964 0
-0.9391092210519754 0.6460481718261343 0
0.1291390847423654 -0.2838555104996812 0
0.1109504859621224 -0.2633995922919283 0
-0.4521360905939338 0.07317548254848452 0
-0.441501678836626 -0.94677371552948 0
-0.1965462643558172 0.7672328042209635 0
-0.04119073574521901 0.8812021581228977 0
0.1401053338454724 0.02753249403713778 0
0.159757364552531 0.01558436933907399 0
0.1604912363370095 -0.01321352484612676 0
0.157914732056014 0.04232016404078432 0
0.02778064924972691 0.1402839145491772 0
0.04237219380870715 0.1604725441688186 0
0.0157033743171903 0.1610299124111949 0
-0.01256455199213894 0.1608812636195828 0
0.02998689961472033 0.1803996575055549 0
-0.07950443758763677 0.141561064381527 0
-0.06576540451680922 0.1622975204593033 0
0.1392934652607265 -0.07995558050401055 0
-0.05363525800056208 -0.4572341314649898 0
-0.8276058679224741 -0.9428302331990874 0
-0.800229348891386 -0.9505106263881744 0
-0.8076819283619796 -0.924259753495319 0
-0.7811248272456786 -0.9301564266205451 0
-0.7880657046063644 -0.9045433725687353 0
-0.7615501191031532 -0.9101773201891737 0
-0.7540505130857016 -0.93560645887059 0
-0.7343014333876301 -0.9162708096747499 0
-0.7423741875976253 -0.8896213333816254 0
-0.7150402333454555 -0.895969581049379 0
-0.7068517047589756 -0.9227875895784265 0
-0.6877133549016017 -0.9022931819929272 0
-0.6958959862195537 -0.8754996703929541 0
-0.6685892871240304 -0.881804526436571 0
-0.660396652174821 -0.9085983495460723 0
-0.6412858152857488 -0.8880995651360126 0
-0.6333163037907774 -0.9158871542606841 0
-0.6140245630033233 -0.8945549547077642 0
-0.606055851851093 -0.9223707826009627 0
-0.586680129867832 -0.9006682757212174 0
-0.5950480732877074 -0.8701750547351141 0
-0.6755333680421042 -0.8561898575738633 0
-0.652189670080799 -0.935401633342966 0
-0.7008028116094366 -0.8476657691194645 0
-0.5784749948610373 -0.9274587862072028 0
-0.5768267493870471 0.6304186633941112 0
-0.5396861035146944 -0.9501361178267 0
-0.5116896575391953 -0.9611097308218914 0
-0.6307929697749706 0.6561844222756803 0
-0.1010300020270138 -0.8110601199974163 0
-0.07836049456614835 -0.7936437222396089 0
0.9593518091467059 -0.5234633251571272 0
-0.8121265803564199 0.2478411838225456 0
0.2706883301069364 0.9495418042690581 0
0.2963924993882567 0.9572954444755007 0
-0.5975773219478899 -0.9479804318746416 0
-0.4523393625811489 0.2567689991800488 0
-0.04022328467936684 0.1614044523493906 0
-0.9397976935436179 -0.7014227054018148 0
-0.8620988932871492 0.5810018223564828 0
-0.6559761451104555 -0.3526471488858749 0
-0.2051805710206233 0.09583187804527647 0
-0.2283227205896761 0.09845239871572366 0
0.01398170750489294 -0.1824229232451701 0
-0.04457649474451393 -0.9409662312652673 0
-0.1581404965618189 -0.07052048261241296 0
0.9469002113352093 0.7510946261308147 0
-0.05406311447243451 -0.6302458332551258 0
0.1232198960883848 -0.3332115333850078 0
0.1262323695141231 -0.9488649568148879 0
0.1003187998031369 -0.9570869494772968 0
0.9428000417681404 -0.5658530340139286 0
0.1402665849791677 -0.02821066211856106 0
-0.06233635335808938 -0.08068787844666571 0
-0.05213713402887491 -0.06031577910106876 0
-0.02686966792361196 -0.05911805696485695 0
-0.04072845124078208 -0.03895311928669927 0
-0.01681659821111938 -0.03900465837650186 0
-0.02499608486669399 -0.0158948388073782 0
-0.0651452138225323 -0.03878982363929866 0
0.08068787844666571 -0.06233635335808938 0
0.06031577910106876 -0.05213713402887491 0
0.05911805696485695 -0.02686966792361196 0
0.03899232196622813 -0.04073768411348787 0
0.03903498073192566 -0.01683659512687068 0
0.03881991047680937 -0.06514376500390291 0
0.01962192796487294 -0.02958405604910341 0
0.06233635335808936 0.08068787844666571 0
0.0521371340288749 0.06031577910106876 0
0.02686966792361194 0.05911805696485695 0
0.04073774156708044 0.03899260802322763 0
0.01678158909690947 0.0390357599930113 0
0.06514374856939033 0.03882016320532278 0
0.02953971640883702 0.01961641509697191 0
-0.08068787844666571 0.06233635335808936 0
-0.06031976250985669 0.05213688498878268 0
-0.05911805696485695 0.02686966792361193 0
-0.03904105787700052 0.04073883084376763 0
-0.03883289787300435 0.06513989693586449 0
-0.03833798746253814 0.01723114208416208 0
-0.01913215557125036 0.03065689536201074 0
-0.4187568206744924 -0.4560630343495742 0
0.3932920382171531 -0.03340229686611615 0
0.4179917706038126 -0.04670303806920378 0
0.3706186157431375 -0.0190295784036302 0
0.3684596815892281 0.01021416049929803 0
0.3915356864169295 0.02823398827446086 0
0.4192808449957144 0.01995681616994361 0
0.4122796734438139 0.04741726624349202 0
0.3852302625405207 0.05527501618168169 0
0.4070964552082828 0.07412672465446553 0
0.4296292139606892 -0.00595317263172586 0
0.4352173991796902 0.06681345394890695 0
0.4290208721605129 0.4042599678558328 0
0.4577634612386121 0.392239203704062 0
0.4343134446153554 0.3764662179570065 0
-0.1890279525831925 -0.1950648481962244 0
0.1676925244143564 0.1016772577121307 0
-0.5028082047572736 -0.5972785608766396 0
-0.525199565419566 -0.5866045327497561 0
0.5327325081769096 -0.9591147900897858 0
0.07997173558948817 0.1388717256678736 0
-0.06682623014176833 -0.1587048060385585 0
-0.4339671688462774 -0.1991819327033583 0
0.947076513244177 -0.9156533696829602 0
0.9471349589682803 -0.9481448965505266 0
0.9470791426805035 -0.2701153173737464 0
0.9223832384397928 -0.2860925116519382 0
0.948235240671025 -0.2981075876930897 0
0.4459434599709289 0.01664868346448221 0
0.2517968209321848 -0.02923472943458256 0
0.2761637415247863 -0.03966188982239854 0
-0.04362257164102357 -0.1596305056012814 0
0.2256534541714968 -0.01796694982194172 0
-0.4465307224595624 -0.221618370101295 0
0.3420482545524198 -0.007284149577002637 0
-0.1729542948325784 -0.1469930317095174 0
-0.1973200574431466 -0.145451372798758 0
-0.204026639644098 -0.9524143148890498 0
-0.2296164254287031 -0.9424629356065145 0
-0.1814133182536642 -0.965464364362572 0
-0.2529112138900614 -0.9593709925985527 0
-0.2583094417500852 -0.9305397228088784 0
0.9678279721941285 -0.2247310585410593 0
0.27763271229281 -0.08768888068255941 0
-0.0156120956426405 0.2272959122986908 0
-0.02199425551434151 -0.1619171397761858 0
-0.1396370566058263 0.05368088318199732 0
0.4979443218893242 -0.4881347621128366 0
-0.02166739481149298 0.9521774502420921 0
0.05333333333314784 -0.1390472039587488 0
0.1450194579807143 -0.1578626302610684 0
0.1463548518582806 -0.18558321766155 0
-0.9509995839478526 -0.9391169396306089 0
0.9609596349196725 -0.1700822942712661 0
0.1618506998260715 -0.06576016244581778 0
-0.09636982935223422 -0.2400522188135899 0
-0.4261313153508388 -0.2703278640703046 0
-0.4089016555201508 -0.2896769506937458 0
-0.02644767987877559 0.1406072894329139 0
-0.02215388400920386 0.1820767337025699 0
-0.2535720181558279 -0.4080445530892517 0
-0.2391602061632108 -0.4310430009849642 0
0.1884113467556965 0.1167652449121516 0
-0.01523676864958449 -0.4388040836476462 0
-0.1408816040484655 -0.897793557888107 0
0.1252706840168261 -0.203919499940021 0
0.1101605284572851 -0.2250212105520117 0
-0.4685319275999693 0.05017449704186235 0
0.3712761532194229 -0.3689320990835218 0
0.1032117861618921 0.2151806207392208 0
0.001356890404300249 -0.1628854210159929 0
-0.9583970689827002 0.9256309822210461 0
0.3047848341229584 -0.1260674743104875 0
0.1874101198338949 -0.1013032257894453 0
-0.01851085414622483 0.05222939210941732 0
0.0520580933911319 0.01855990786264637 0
0.01857035569642793 -0.05207242434834256 0
-0.1614838278518409 0.01248527850257789 0
0.4438201520858532 -0.3776982870266732 0
0.4208603626725532 -0.3930513852872913 0
0.4665677984261078 -0.3621306763970471 0
-0.2945922036804569 -0.2291890686884289 0
0.3193012584179576 -0.02495474673994811 0
-0.1609883270422525 0.1460043852142727 0
0.0269334008395129 -0.2021124195428176 0
-0.05592110356962286 -0.1797251977559923 0
-0.3899501262124097 0.09222262535267013 0
-0.06842609420408616 0.9528271786426477 0
-0.09135452806728964 0.9338750717578971 0
-0.09397974562225585 0.9591415995820811 0
-0.0891048114415591 0.9047790754997813 0
-0.6398658003363533 -0.5535233678722342 0
-0.05393264696551012 -0.01874519173858766 0
0.1689893656649535 -0.5682959903491887 0
-0.4317374857292676 -0.7607832117956645 0
-0.4071127189380191 -0.772588195135419 0
-0.07956566215643501 0.01250000000022991 0
0.5116307593121251 -0.653124788754887 0
0.5087682924226564 -0.6256653767238635 0
0.1545066813161707 0.1874617639259968 0
-0.01250000000022991 -0.07956566215643501 0
0.07956566215643501 -0.01250000000022991 0
0.01250000000022991 0.07956566215643501 0
0.1872644668781376 -0.4988592322874569 0
0.1849867626277238 -0.4719318324583449 0
0.1605698204577539 -0.4601800833415922 0
0.1829219744695337 -0.445000569349707 0
0.2079504742577896 -0.4565080285085824 0
-0.1811676500750251 0.9521529369392783 0
0.02666666666641106 -0.1388361629358332 0
-0.6605499840267008 -0.5964638386346627 0
0.1518253239657971 -0.2398809413375497 0
-0.2000567251343416 -0.1719065579324164 0
-0.2280401637793863 -0.1693804186628406 0
0.09977603053938469 -0.1602133904210407 0
-0.9474025415421001 -0.6447442443511945 0
-0.9463827617832219 -0.6181774869009619 0
-0.05978618684176561 -0.2622980363573861 0
-0.1872331468242681 0.01448369727820388 0
0.4534057244123083 0.1281738369293325 0
0.2905324938650157 -0.9466419129711912 0
-0.1448550510437681 -0.2380425959668727 0
0.4743679300246256 0.1714094540403789 0
0.4459707248134807 -0.4054469951666235 0
-0.5414470608756117 -0.3310371110880014 0
-0.5433541411012227 -0.3044651162231502 0
0.0139912941386574 -0.2226402079054111 0
0.00129003408720092 -0.2433087270849457 0
-0.2854829926312487 0.1300153787697546 0
-0.2699926630913534 0.1519798092220865 0
-0.2822031637939575 0.1750061252731567 0
-0.2583723049032564 0.1288617621121315 0
-0.254711363842803 0.1740570722247133 0
-0.2673150540558576 0.1971050282591251 0
-0.2407760516522129 0.1968513835582286 0
-0.2526072675860493 0.2195122075176941 0
-0.279008276333288 0.2211734148221692 0
-0.2638846915910379 0.243845597758644 0
-0.2490015953908104 0.2668080965161476 0
-0.2421124827820887 0.1507490481192916 0
-0.2131428518141725 0.1963513054538052 0
0.1609104467740476 -0.3461939994726185 0
-0.1819377641168481 -0.4661644884284448 0
-0.1597987493706749 -0.4510913430109848 0
-0.1372643472005149 -0.463794574477615 0
-0.1859949936739099 -0.4348785318299312 0
-0.1628921742065028 -0.4265760014986293 0
-0.1388765133810458 -0.4349180330695674 0
-0.1939712281625897 -0.2358239740178733 0
-0.2759875521532213 0.2680295734952136 0
-0.4524919590838564 0.2101718928848977 0
0.5166182054897331 0.2596254580760414 0
0.9512831122158822 -0.3540216032587715 0
0.9528395957488582 -0.3816015572018994 0
0.1103676316603469 -0.3548872320935428 0
0.5630246580605311 0.2914794799768289 0
-0.08431617287608995 -0.2613649464982152 0
-0.1134938307755601 -0.9605207740151955 0
0.5866544544628921 -0.3405034755294852 0
-0.2678080959065386 0.04089161626313786 0
0.2728374138818987 -0.3213969243477441 0
0.2975181769051212 -0.3332089747581354 0
0.8960467486862387 -0.9465100056044475 0
0.1554592555494446 -0.2935493002845131 0
0.4267384683707692 0.09271142990744642 0
-0.3393113935107834 0.08871206538251697 0
-0.4445955530801288 -0.3384562376348534 0
-0.4240774000445676 -0.3245406974646298 0
-0.4207421378681777 -0.3503698473214947 0
-0.399154641196541 -0.3365003619033012 0
-0.3758553930171321 -0.3477874050243608 0
-0.3761733294694302 -0.3194788357725298 0
0.3197227381471821 -0.3173558223303026 0
0.4821245869462791 -0.9068111310118205 0
0.4586329758168886 -0.9228298199490931 0
0.4609746051497155 -0.9514861216935809 0
0.1836850724245262 0.1448661449301567 0
-0.2596154036291952 -0.02168952822686281 0
-0.2488281799628015 -0.04247330261253775 0
-0.2617351767709695 -0.06282280014651073 0
-0.2508904757938167 -0.08352427041387331 0
0.5285575288350358 -0.8754206390834606 0
-0.1223480597973643 0.2844908782059019 0
-0.1496440025727855 0.2860792564473385 0
-0.558362170165964 -0.3685858610868314 0
-0.5804011870847621 -0.3834701340500138 0
-0.191210472530206 0.5486582603559351 0
-0.1863934587893551 0.524920436729853 0
-0.602415439886981 0.6974804184966141 0
-0.191979360205641 0.5750639354373827 0
-0.449624847014464 -0.2859315628665915 0
-0.2747362241473921 0.1071529491956817 0
-0.1109715660859204 0.4252146014344408 0
-0.1684605835997558 -0.02790006261168768 0
0.8967645753798434 -0.2740126077454239 0
-0.3948958649780471 -0.4695784806681255 0
-0.3664999619221422 -0.4559922442004873 0
-0.3726889724710779 -0.4837504744601515 0
-0.3493909225919077 -0.4754348843625846 0
-0.3537338888643484 -0.5011434538177861 0
0.07522445350862084 -0.1628025690670083 0
0.2646709097619552 -0.2120558162956674 0
0.24016780886394 -0.2018397257296141 0
-0.3640134816628359 0.1354525572122879 0
-0.5016027871017072 -0.7800509164872318 0
-0.5035067404191638 -0.7524532503442223 0
-0.4815197810890748 -0.7366048442316362 0
-0.5065004580904459 -0.7245835852346385 0
-0.5290244480751808 -0.7403568421337334 0
0.1771964484533797 -0.6774710776687087 0
0.1752236052920133 -0.6499669052636174 0
-0.2050549312262953 -0.2139860628363146 0
-0.3016311287755072 -0.4083304617911795 0
-0.2789356316778069 -0.3947054849777735 0
-0.3052961650245369 -0.3804717340199584 0
0.9729935310812348 -0.2541152946898377 0
-0.02010958492144625 -0.9547786234813553 0
0.003429358736711666 -0.9404599687716712 0
0.02692111199242046 -0.9593549988496438 0
0.03066176604625988 -0.9299155683886564 0
-0.23610044691045 -0.02258151651480521 0
0.1522084576091661 0.9222722645590512 0
-0.2517773118543996 -0.1257567460217457 0
-0.2280409597226744 -0.1259115536950991 0
0.1535544163631917 0.894531600727137 0
0.12700790484388 0.9340448135794208 0
0.9485516834953936 0.7224811878983918 0
0.9740119522933131 0.7062039487976528 0
0.9607458568608873 -0.8404935286318767 0
0.9486808832129604 -0.8011946977611973 0
0.9720081626178001 -0.8684661361921243 0
-0.5839334165626592 -0.05538054014113504 0
-0.5609307597637541 -0.04002681491415348 0
-0.5629180124895199 -0.01307981597870799 0
-0.5580750294753838 -0.06539696872379734 0
-0.5370936150266927 -0.02331645715288399 0
-0.5647763135579591 0.01460355095343453 0
-0.5414733650008232 0.03040610023327267 0
-0.5820588458741167 -0.08172830171376509 0
-0.5527702239384666 -0.09199966305426217 0
-0.5576277697933066 -0.1197975376653738 0
-0.5354668628694279 -0.1085428442727158 0
-0.5865573085661535 -0.000379546974275178 0
-0.4542421213693991 -0.1593160810515702 0
-0.6830196444168731 -0.2727174908236067 0
-0.6589169856205933 -0.2809662850222351 0
-0.6832406166379674 -0.6121397135648233 0
-0.7079877982622952 -0.6000061979527781 0
-0.6356192705088519 -0.6090277148709614 0
-0.461562852416022 0.3277426344827112 0
-0.6868998424631612 -0.2188449225617361 0
-0.6620852784770014 -0.2306184626895622 0
-0.3264492283700776 -0.3981303344467907 0
-0.4343293905406565 0.3266608103573586 0
-0.1270211815668091 0.4026387074382736 0
-0.5788401412238617 -0.1345675768858541 0
-0.5561234310237905 -0.1461040898755813 0
-0.5770996668926507 -0.1609061250626969 0
-0.55426230388203 -0.1726165232817533 0
-0.5498774974082554 -0.1996517283125083 0
-0.1341588164683226 -0.4903423161890662 0
-0.9756805697869756 -0.02819064665280574 0
-0.9527158275619234 -0.042205365711809 0
-0.9516057884542751 -0.07019288630920743 0
-0.9272403237738936 -0.05407854444629138 0
-0.9286614949243176 -0.08605842037506195 0
-0.9523791503820906 -0.09886163848749588 0
-0.9521753675879617 -0.01416334402315562 0
-0.9512873407125918 0.01381055560988168 0
-0.9755670156051233 0.02799015339493663 0
-0.9525703924163077 0.04239393296931589 0
-0.9507666945618403 0.07032831985850001 0
-0.9751837468604433 0.08430082792870937 0
-0.9506111457130564 0.09935752589719021 0
-0.926404469847474 0.1148714287286412 0
-0.9244730556918057 0.05427768579910611 0
-0.9752068441497366 0.1127671998154614 0
-0.9756805048245274 -0.1690360107604064 0
-0.9517627326384357 -0.1830497915677033 0
-0.9514498745474783 -0.211036260638521 0
-0.9272100347465462 -0.1970247090696035 0
-0.926729970815207 -0.2256709568770798 0
-0.9512171831516083 -0.2389036568809003 0
-0.9280594031992991 -0.253872766797508 0
-0.901021754416937 -0.2733116131838157 0
-0.9306094865686978 -0.2813046076193854 0
-0.9111468392310409 -0.298516927380006 0
-0.9353639118369552 -0.3075716922497695 0
-0.9518038378975382 -0.155039050367301 0
-0.9523381837002143 -0.1269113506606182 0
-0.9286426234560256 -0.1426493986846805 0
-0.9758287689209995 -0.1127883681407419 0
0.04897279311493605 -0.4233425657189974 0
0.07122760663515421 -0.4070758891800924 0
-0.6906383109750955 -0.1650373749845397 0
-0.6672300528527948 -0.1742306604054382 0
0.1146428033755282 0.7507372487160071 0
0.116555119795769 0.7226115680597784 0
-0.4161848811026894 -0.5096409351030751 0
-0.3471439506606371 -0.07907621395728869 0
-0.8608353284461012 -0.4736333532276679 0
-0.5672522232936106 -0.2928680536104925 0
-0.5452680924774533 -0.2780031731541253 0
-0.5692038254256886 -0.2663823500774088 0
-0.5489378746043825 -0.2516903667064405 0
-0.5500081155244517 -0.2264691062211516 0
-0.5256287750930106 -0.2366983776013775 0
0.6311543563143704 0.7154313720561924 0
-0.3429061318723114 0.003507856564118163 0
-0.8280919659862498 -0.2251747685556115 0
-0.803481627580048 -0.237234873202244 0
-0.8014397539231374 -0.2646520929430829 0
-0.778751906801906 -0.2492854587722816 0
-0.8054100767697033 -0.2098291593814166 0
-0.8072709342986688 -0.1824633644442892 0
-0.7825833442055318 -0.1945004794829988 0
-0.8317720598795044 -0.1702936060887706 0
-0.8090968030361678 -0.155062650323077 0
-0.8335871927981628 -0.1428328092678015 0
-0.8107516242544428 -0.1276223526945931 0
-0.8125726515641905 -0.1002494595654205 0
-0.7879136028295906 -0.1124816004032838 0
-0.8369643720334954 -0.0878891391203987 0
-0.8139442955576852 -0.07267928158723586 0
-0.8386022390711116 -0.06035008075072552 0
-0.8156151280859728 -0.04491200939709004 0
-0.8176424513301048 -0.01766408308767808 0
-0.7924373349009344 -0.03202614528693049 0
-0.7906289068240812 -0.05870660353523274 0
-0.8422781511450628 -0.0051797695553243 0
-0.8190830561202527 0.01011175956736914 0
-0.8436826714698948 0.02249441796573208 0
-0.8207567401513868 0.03809718036804276 0
-0.8230765688225075 0.06533600370862767 0
-0.7976130682255961 0.05050140309452278 0
-0.7960519788432772 0.02280634834260114 0
-0.7861283321769504 -0.1397492954782062 0
-0.8479914804054823 0.07793281350389712 0
-0.8255207609147855 0.09318682927463681 0
-0.8275148909616761 0.1209595575156686 0
-0.80284371495701 0.1058316463857753 0
-0.8521344415704333 0.1332829011948055 0
-0.8291882085068984 0.1484752843289329 0
-0.8537439024102816 0.1609744042762231 0
-0.8303752486842227 0.1761176187529741 0
-0.805883519032687 0.1610039272802083 0
-0.8062859763830087 0.19168286336893 0
-0.8331277483654032 0.2043754935412871 0
-0.05393053266669677 -0.8045941424298046 0
-0.05617980915768523 -0.7781505696942972 0
-0.07998884278220958 -0.7693878032094514 0
-0.5927120162846533 0.07820977422916248 0
-0.5679706571308808 0.06762281561820727 0
-0.5699409542036581 0.09392834645448343 0
-0.5716965961504517 0.1208469343420175 0
-0.4790823363772159 0.1289532919551341 0
0.8860704003195417 -0.1336851779099417 0
0.1920441584371066 0.3316247408949783 0
0.3539947401643096 -0.1489740381267281 0
-0.8202581579267536 -0.3353151462651205 0
-0.7955687383350061 -0.3474001994034963 0
-0.7974441238979574 -0.3198236987363019 0
-0.7993671994093334 -0.2924130880203527 0
-0.7747239482182742 -0.3049846732167079 0
-0.7935599566030677 -0.3750987593771261 0
-0.7708792623088356 -0.3597743510963659 0
-0.8240379374317494 -0.2802918431392368 0
-0.3081236721852931 -0.2503540601765487 0
-0.2964995481498956 -0.2732213835903501 0
-0.2710432186258042 -0.2747150488943058 0
0.9743062858110655 -0.3108569579603244 0
-0.5730246090677145 -0.2138823865725963 0
-0.3586209086644817 0.6855131031862454 0
-0.3593990638531298 0.6569351747701097 0
-0.3835312295832923 0.6980472808357889 0
-0.3830941193683904 0.6413442464518779 0
0.2119909493770529 0.1069307172886285 0
0.7656964654772095 0.8941054039646464 0
0.7890957231044897 0.9098159258955132 0
0.7860770708847951 0.9361876461119231 0
0.8123262465192529 0.9253103379064844 0
0.8070675003525055 0.9536663456468741 0
0.8346255461247474 0.9394241517545009 0
0.06605496843746725 0.393622592641695 0
0.7407534081233977 -0.4680506811220136 0
0.5843308293542229 0.6839659881116839 0
-0.2936761352807586 -0.5685205292725579 0
-0.2712960542440656 -0.5534164632927956 0
-0.2469864893715138 -0.5651868222152814 0
-0.2485252685749769 -0.5381737017212197 0
-0.224392503491413 -0.5499688645925603 0
-0.2226441548673044 -0.5769396173084917 0
-0.2001037372950921 -0.5617288615851712 0
-0.2725349371098971 -0.5263702850170067 0
-0.2955393099430608 -0.5416281465065068 0
-0.319579978420598 -0.5304607395174434 0
-0.2966844111855444 -0.5147168314416315 0
-0.31891685373418 -0.5031920899294506 0
-0.341885260256516 -0.5456027676775832 0
-0.3655571235623005 -0.5291678505190064 0
0.4040593614152271 -0.1725149754254561 0
0.3812568923531715 -0.188379158909331 0
0.4063287853601392 -0.200343051565483 0
-0.9764120069630977 0.2537295764564571 0
0.2461863883968149 -0.2827112806743426 0
-0.09476276303266196 0.2823164453396374 0
-0.3854781458537357 0.7261359846168157 0
-0.4106174460891142 0.7384145763566774 0
0.1689282398394187 -0.9756523961524926 0
0.1830986262205687 -0.9513041886745324 0
0.1555728934053824 -0.9519572150646654 0
0.07144903828848484 -0.3771683970200007 0
0.6056121862631889 -0.2691970941979192 0
0.5824809558412232 -0.284949413596546 0
0.1030913090879606 0.9192063583117354 0
0.1006925636525509 0.9498444021718512 0
0.07718298859212581 0.9312627751961182 0
-0.9009674743460967 -0.21557775297906 0
0.3403085186900489 -0.2748356832029582 0
-0.125744638728921 0.2365093480767509 0
0.1790229463043091 0.8822578533043873 0
-0.9475341135031853 -0.9672141773713993 0
-0.4684064195120133 -0.003604380185180684 0
-0.4666744395167071 -0.02931321513573436 0
-0.445223797493596 -0.01514134273598811 0
-0.4447273910384842 -0.04075377145891055 0
-0.443377817837094 -0.06611254494129185 0
-0.4210547319087573 -0.02993101999634643 0
-0.4222283208338066 0.0004877390228334147 0
-0.463394671099221 -0.08054528396062105 0
-0.4363961496330921 -0.09422371070175456 0
-0.4610849728421195 -0.1067616661146247 0
-0.4430843873435097 -0.1181254535588775 0
-0.5980826216795152 0.1594681878977357 0
-0.5750365581940732 0.1749134897074927 0
-0.5770313508421664 0.2021690719434828 0
-0.5517550130220332 0.1908146040618529 0
-0.5787713037624809 0.2297560402682642 0
-0.5733907955551745 0.1476934676771053 0
-0.7307203551982412 -0.6157434974435014 0
0.1157447877382215 -0.4906106812302766 0
0.9734595803712369 0.7610262597551315 0
-0.09056551452284584 -0.1589451896558355 0
-0.3289371280695258 0.4541156661265136 0
-0.4517465168917376 0.6234555069407548 0
0.8818157898224612 -0.07755607776664754 0
-0.6664992540812855 -0.5141894179196124 0
-0.6431776362306985 -0.4997742290665902 0
-0.3961191701356559 -0.9706301014437353 0
-0.3431425341156402 -0.6982112905498521 0
-0.3454518837566423 -0.6714563451508029 0
-0.3701093549336947 -0.6596131486385871 0
-0.3471975111654432 -0.6436553255665648 0
-0.320823385740703 -0.6834266353887257 0
-0.296138992956468 -0.6953054603278269 0
-0.297922433583375 -0.6673272536893465 0
-0.2937325265221977 -0.7220731265458695 0
-0.271282769192715 -0.7072331299104589 0
-0.2688653182868855 -0.734117172777856 0
-0.2461026741225481 -0.7185952580693848 0
-0.2481206370345746 -0.6910810403924932 0
-0.222362445117851 -0.7041392332877732 0
-0.3925604976620339 -0.6744600295276736 0
-0.3947731426652999 -0.647725792508107 0
-0.4191240952333047 -0.6352555510746167 0
-0.396399350583397 -0.6198257453306171 0
-0.424704429215747 -0.607483742088789 0
-0.4444372816165113 -0.6235512215133077 0
-0.4419511278504403 -0.6504934917703872 0
-0.4668614194722217 -0.6385601992104143 0
-0.4707501702977369 -0.6076037626485237 0
-0.3135494283124963 0.2952648562534909 0
-0.8575395347402712 -0.5272715427210555 0
-0.8347527319743596 -0.5123667577291323 0
-0.1032334202822658 -0.6829261118491555 0
0.1980534766234197 -0.6344969636705422 0
0.1734465293249335 -0.6224544732354306 0
-0.6959953314981684 -0.0842269953706806 0
-0.6738122454147759 -0.06675045853408131 0
-0.6758957668501464 -0.03991262309864404 0
-0.6943248339081955 -0.111182113788093 0
-0.670910346505156 -0.1207416395700861 0
-0.6998278230563987 -0.02995013589268083 0
-0.7015831095052324 -0.003209855839611046 0
-0.6792914929265883 0.01391153242479525 0
-0.681466319420395 0.04098570523148597 0
-0.7053175275635787 0.05139241088661257 0
0.4918377435126826 -0.3743035186609596 0
-0.6000273425539625 -0.7592220487180728 0
-0.5770993319718382 -0.7436799111834344 0
-0.5519569401572025 -0.7557829686012107 0
-0.5542121180071254 -0.7281136313158244 0
-0.5792621971647127 -0.7160068575567867 0
-0.5567466967865137 -0.7004787190130253 0
-0.5498487020883469 -0.7834463020234783 0
0.6507244068901892 0.7874222476056063 0
-0.9759207353489595 -0.2526549063272377 0
-0.9774018554224325 -0.3086305458692323 0
-0.9791238347205091 -0.3374642528509789 0
-0.3092078877652353 -0.9754101576679231 0
-0.2955661761907585 -0.9520000544580582 0
-0.3247917161384649 -0.9469567381519257 0
-0.3379170043727334 -0.9748969982446409 0
-0.3536003218887862 -0.9509039817772678 0
-0.9756049182033231 0.3098591549314945 0
-0.953119992431387 0.2961515189699844 0
-0.9523763791412541 0.3237671041356026 0
-0.9757820290818517 0.3379301788630321 0
-0.952421537808839 0.3517689392763255 0
-0.9524396396352434 0.3798486693701975 0
-0.975688130357061 0.3941810675978843 0
-0.9524617424559259 0.4079309911401978 0
-0.9497386954756613 0.4369531613656897 0
-0.9757248581731006 0.1688955187175036 0
-0.9512970715545827 0.1553878580563536 0
-0.9760886415946161 0.1967649850477714 0
-0.08761632912404753 -0.9748252568985141 0
-0.8163772514279716 -0.3905516540581111 0
0.6945960828544538 -0.4992703268038515 0
0.6966200658152784 -0.5270293153893352 0
0.1452765155480308 0.3003331399077283 0
0.2889349428897959 -0.2237723195663476 0
0.6526586331919854 0.7592689652830077 0
-0.2440693095534195 0.03873607425351866 0
-0.2128072868752377 -0.8405333491489367 0
0.06869593224512835 -0.8373833090574405 0
0.1943472886626758 -0.5798926080421843 0
-0.780619959821776 -0.5915363470272407 0
-0.1507973990949994 -0.7117253942273152 0
-0.1518672586213395 -0.6832334360134092 0
-0.1746583716258096 -0.700555401926241 0
-0.173439065268469 -0.7271931839885215 0
-0.1980270384557122 -0.7153892331192608 0
-0.1989844569348265 -0.686905335969842 0
0.2020687403797592 -0.689448181605993 0
-0.1983080046230161 -0.5887395392871733 0
-0.17509709035618 -0.5734315917713022 0
0.3924906654631833 -0.9719391449258286 0
-0.8581458162431066 0.2166643416124991 0
-0.3732863948389578 -0.374068727461095 0
0.1277181444309658 -0.6535097151747883 0
0.09713927954389291 -0.5599045951129367 0
0.07286587372639089 -0.5481504781740416 0
0.05163765317774858 -0.5620018310769286 0
0.0504825162579087 -0.5338369669449351 0
0.05324687457036065 -0.5900470421048831 0
0.03241764838028637 -0.6040378674179212 0
0.02916846303457334 -0.6350011991838868 0
0.05560919020903436 -0.6448922838597025 0
-0.6500819327073304 -0.7350652128126305 0
-0.3787324145195374 0.4790039843520849 0
-0.4037046122379496 0.4913027901263072 0
-0.3760199390813088 0.4523752486259665 0
-0.4058358182600164 0.5185459765611344 0
-0.1733336798852673 -0.6005922285790025 0
-0.2223722258113743 -0.3207613726124716 0
-0.7082023887568681 0.105676471188819 0
-0.6053884835146578 0.2689430688954984 0
-0.5825844303725943 0.2843036386543535 0
-0.5843053625647172 0.3120113897159795 0
-0.9750969189289065 0.4506770846311414 0
-0.9503383137726528 0.465667787559844 0
-0.9512176730857523 0.4976025740941105 0
-0.9759745178134321 0.5078690408201612 0
0.5355868212918901 0.680625946639155 0
-0.2590061962870474 0.4438913739520328 0
0.3678483786715959 -0.6633409378283119 0
0.3429802685925797 -0.6513231071597743 0
0.320399794757605 -0.6668607993217522 0
0.3181301494305257 -0.6393355975733753 0
0.2955171011320399 -0.6548682278690993 0
0.2931934526056547 -0.6274862065877936 0
-0.6249743640651155 -0.8677837522644759 0
-0.6501814338564715 -0.8616200486178205 0
-0.657681539236291 -0.8345927666258351 0
0.4283066700247436 -0.8264225898368087 0
0.4031341748258524 -0.8142841503965186 0
0.4262760909038348 -0.7985200929597001 0
0.4010847131862887 -0.786449645504842 0
0.3780236201179204 -0.8021403432592334 0
0.3760099459365165 -0.7743377202417783 0
0.3529207964720998 -0.7900377203920398 0
0.3509916288055757 -0.7621830510131457 0
0.3278486364925096 -0.7779487391004803 0
0.3259397423195657 -0.7501128585295089 0
0.3029355885772544 -0.7656720940293794 0
0.3741858229780919 -0.7464237456567266 0
0.354899615274848 -0.8178600016808716 0
0.3800273162931892 -0.8299931862628789 0
0.5606704428876618 -0.6486970115142392 0
0.5581509610348994 -0.6210625765707676 0
0.5815863155514431 -0.605196556293696 0
0.5562073719727355 -0.5932593512654712 0
0.5790177539164916 -0.5776447773164334 0
0.5356042978113118 -0.6365499011091179 0
0.6046215063327407 -0.5894941910496301 0
0.5766868302318606 -0.5500339208720925 0
-0.6020719725803011 -0.7315937236061514 0
-0.6043713968119138 -0.703929940880444 0
-0.6272147714073628 -0.7194959297007939 0
-0.6066550388418431 -0.6763507413889891 0
-0.1211944562302118 0.6216945548646506 0
0.3047942496537293 -0.79353883101253 0
0.280000816958809 -0.7811045319161625 0
0.2783155756642833 -0.7532037214150853 0
-0.4507198432037006 -0.9756139351732599 0
0.3835598992292442 -0.2161462300599687 0
0.65461037926354 0.7311210569877106 0
-0.4041434843639985 -0.8007857354302952 0
-0.3798572744359821 -0.8119974612393236 0
0.322099287755699 -0.3453337982397227 0
-0.08799799682458896 -0.4832546137209411 0
0.8775526270176531 -0.02139903373263293 0
-0.08123634401027095 -0.5666572349626442 0
0.3269869284940004 0.1600679991879362 0
0.3014382477558669 0.172106932394514 0
0.3248210415225901 0.1883039156782236 0
-0.6129642927902319 0.3791223728106677 0
-0.5880713521881327 0.3670576333080871 0
-0.5861419905322857 0.3395890697205056 0
0.3487088686422218 0.9080403107794703 0
0.3475502638589792 0.9350242558526873 0
0.3707276574819892 0.9501960172601995 0
0.323762985480953 0.9511160485465856 0
-0.9767197944466051 -0.4788182294125747 0
-0.9512576873224402 -0.4648127282395333 0
-0.786423360867174 -0.5094031626182765 0
-0.7632702925457684 -0.494054519048891 0
-0.7576694980268952 -0.5759354663851119 0
0.1419201883129651 0.7102370874852502 0
0.7221620740770526 -0.8612288528083002 0
0.7453664998384548 -0.8453866841824926 0
0.4772022387092485 -0.5314405065470065 0
0.4522127196571953 -0.5193508872477608 0
0.429870850667868 -0.5343251918437879 0
0.4585792918225449 -0.252126913333473 0
0.4604852182346555 -0.2797566230058479 0
0.4836446304142424 -0.2642152163695274 0
0.4856121289722284 -0.2918170110020011 0
0.4494525540043853 -0.78275160011647 0
0.4746078645463497 -0.7949248973483002 0
-0.6167803503900049 0.4344355429378403 0
-0.5918725924783323 0.4222913339661286 0
0.08587673609051157 -0.7391861790938714 0
0.3253057902423059 0.8923090240213215 0
-0.5806396584159661 0.2569978489811645 0
-0.7220555432328754 -0.8695567438348721 0
-0.7516789279773499 -0.8644151605896027 0
-0.7696656497478883 -0.8832759642116328 0
0.05195900055335317 0.59095880770233 0
0.07728500750447166 0.5785418379296052 0
0.8144830987060825 0.8973744421583154 0
-0.8226507711130223 -0.6783378626935904 0
-0.09539338820728546 0.4483848509882925 0
-0.07975899629113774 0.4717654492285768 0
-0.4981377298779016 0.6198276093744115 0
-0.4755347807641184 0.6076704656847627 0
-0.497908791743991 0.5923839838487909 0
-0.4534118522830526 0.6513068833087059 0
0.1088124023165272 -0.7237747391361875 0
-0.5899401482255312 0.3947292014014127 0
0.7536991312202932 -0.6340291038219519 0
0.728467650856736 -0.6218546493252136 0
0.7263405636623066 -0.5940223720041133 0
0.7032720397822501 -0.6098059321386609 0
0.06182391674198133 -0.7270286513826067 0
0.2216952787665928 0.6167074503312695 0
0.584667064074874 -0.3128023524191331 0
0.5634885351478741 -0.3559133807820974 0
0.214866139921202 -0.167025260148442 0
-0.8527671969024208 0.4829952864600811 0
-0.8296159816562381 0.4942815555712308 0
-0.8301051097395948 0.5204793236673492 0
-0.5810649080313001 0.7408594836378335 0
-0.05228090050087773 -0.8318866465447042 0
0.1644778292679862 -0.8305290039791986 0
-0.8325252170284807 -0.5395753622556834 0
-0.60431929200707 0.7252602066154231 0
-0.5074990448127855 0.7318419236372087 0
-0.5055583841494558 0.7038735703592502 0
0.3131963051962426 -0.9046442216633914 0
-0.8426980699015855 0.652680234210557 0
-0.8174842477261026 0.6403735497517675 0
0.6813109405190751 -0.3053997024443666 0
-0.9756811542095488 -0.08437499761459333 0
0.2250055536964826 -0.9711847286682542 0
-0.2378044377991079 -0.8285293050620518 0
-0.651243775962732 0.6948601344863548 0
-0.2635539260901553 -0.1042591875509249 0
-0.7118785102067685 0.1604114880071355 0
-0.9762715702785935 -0.5351961732168966 0
-0.9504442571340265 -0.5198574185297983 0
-0.9763695790133413 -0.5631437468743259 0
-0.9512228719467624 -0.5774441368899085 0
0.3940270065458059 -0.3534980363595447 0
-0.8552365640299967 0.5353973726114714 0
0.6580904993177198 -0.3211038186955612 0
-0.848984928111006 0.4271000143042091 0
-0.825085513438704 0.4427432256548604 0
-0.8471241305318485 0.3991805497243699 0
-0.8213763069401 0.3868822641108343 0
-0.8199942419762574 0.3549344688765895 0
-0.8433934894784363 0.3427553066372238 0
-0.9757106498984679 -0.2250725887381479 0
0.6005336234521071 -0.5338862960521727 0
0.5744211615895863 -0.522376901295742 0
0.5482988562061144 -0.5111168362610599 0
0.5468865471942717 -0.4832329719045316 0
-0.5509457080941811 -0.4672145147468542 0
-0.528827321321401 -0.4786824622863479 0
0.6517918227259502 -0.2376473491421801 0
0.6496594822606434 -0.209696851888908 0
0.7217795714998603 -0.5392179607025456 0
0.620955599568652 -0.8125331376609854 0
0.61888650807844 -0.7845816684674645 0
0.6420383006986452 -0.7688013552575825 0
0.5978278604262186 -0.8283238151768387 0
0.616850003608812 -0.7566441619906963 0
0.5938024869241073 -0.7722817637424813 0
0.6400031962670605 -0.7408371970561279 0
0.6652063819838511 -0.7530149392628724 0
0.6148111691546059 -0.7286840033301318 0
0.6632398214813653 -0.7250298947599401 0
0.5958448479371317 -0.8002661273775815 0
0.03424500659309876 0.490768053713312 0
-0.7388262120700705 -0.50597238471915 0
0.5215971282149781 -0.121530905461616 0
0.5236800541496149 -0.149485480907234 0
-0.4997174951451429 -0.8076873699468143 0
0.715613544666152 -0.4557552687623384 0
0.8733058923346469 0.03476203886862461 0
0.1678073062673992 -0.5411832554129482 0
-0.5897424888254938 -0.9751804034850911 0
-0.6261750810574713 -0.9467376630219583 0
-0.6472767967343972 -0.9677102285069186 0
-0.8396297149630756 0.2877950088830628 0
-0.8158462420300655 0.3033597060146841 0
-0.3638808171335522 0.7696264304312266 0
0.3266699925203939 -0.1091640712228866 0
-0.3799117340156973 0.3234017428880879 0
0.8988656476848021 0.374229397686624 0
0.76386758542747 -0.4522807382908774 0
-0.6353759088675465 0.8215008488524205 0
0.890331779439006 -0.189824336640654 0
-0.7300178771428102 0.4088142253035411 0
-0.3551901618397 -0.850896616450204 0
0.8882046885899383 -0.1617446348215686 0
-0.5485901149930945 -0.5204642984844284 0
-0.7400062516227761 0.575796863261764 0
-0.716839394579777 0.591389403806498 0
-0.714923615501959 0.5635198717841877 0
-0.7381633758357986 0.5479912892276191 0
-0.7138076669760827 0.5358168118568447 0
-0.720070325877006 0.6200006040695315 0
-0.4878544267066192 0.2919384387823798 0
0.1504497038464751 -0.6381120391631103 0
0.7996213500547695 -0.2808930195853587 0
-0.6976622661367012 0.6631908505691595 0
-0.718169375228127 0.2427942348227056 0
-0.6973805714788108 0.2596900825767989 0
0.4949447504758098 0.9178936745603659 0
0.4943572253018377 0.9499729890975745 0
0.007020010575605955 0.5313217086468827 0
0.2493199549095384 0.9294954520488066 0
-0.8875544245004467 0.595747218606257 0
-0.2653205579098692 0.7479081965873757 0
-0.2661184095420048 0.7192926281202779 0
-0.2898289127149407 0.7036023079188749 0
-0.7159384879380797 0.2152991658874193 0
0.6904736278192634 -0.7651738478178766 0
-0.3287647477738315 0.2725041179363828 0
0.8839341461761342 -0.1056175500430392 0
0.803970945587163 -0.3368412243252643 0
0.8059354900401738 -0.3647999934207274 0
0.7809890403542472 -0.3528471937252554 0
-0.7248747142248499 0.3533478920170643 0
0.5082378049541508 -0.97456270433623 0
0.4967859018636534 0.8898973198054022 0
-0.796145372181452 0.6840594975217368 0
0.795299850779253 -0.2248675884124442 0
0.7700610136862488 -0.212977748191832 0
0.7678432327719358 -0.1847559040810979 0
0.5998718315009908 -0.8562854099366259 0
0.5747451494679821 -0.844019740107773 0
-0.4802183315843913 0.1804788632349554 0
-0.4660651840071595 0.2344747195704975 0
0.2353410750566257 -0.494832119580078 0
0.2581309848106215 -0.4794050748228382 0
0.2330459634496599 -0.4678222906465524 0
0.2567589732254056 -0.451932901018305 0
0.2809132399967876 -0.4638796284682866 0
0.2319945499717145 -0.4402411951430357 0
0.2320355757430685 -0.4110541575059776 0
-0.721522372032894 0.2979959349544875 0
0.8796762189639052 -0.04947512668930953 0
0.6175282792436632 0.9122468278399897 0
0.6140457106435928 0.9377904972956954 0
-0.2685607612132481 0.8041155903194573 0
0.8943632868437092 0.8039787893923434 0
0.9177418702893982 0.8197023368718473 0
0.9434092048906221 0.806822965630241 0
0.9427150413431717 0.8370669281129959 0
0.4315048182537203 -0.5623949975429583 0
0.4054134365517704 -0.5220199619467691 0
0.3367817037101891 0.7235120985370062 0
0.3114438266632207 0.7359159157909416 0
0.3348594566668165 0.7516591524716403 0
-0.05883528134204524 -0.5514719803008785 0
0.7909934835817923 -0.1689031038852965 0
0.7656749677890728 -0.1567479015785569 0
0.7635261784246288 -0.1287304797407131 0
0.740523376614434 -0.1452438215501527 0
0.7383887724101699 -0.1171028691537216 0
0.7427195072989449 -0.1732964256092357 0
0.7867668320597133 -0.1128557284991861 0
-0.8365078771569373 0.569417907819473 0
-0.5635327148052245 0.8404880858244224 0
0.2641836654568817 0.02874570577307974 0
0.2416910740019788 0.01460788536364034 0
0.346074157509418 0.2325240582176245 0
0.5803754907680992 -0.2570723821714295 0
0.5572000131303236 -0.2727582697762069 0
0.6980302148555437 0.1181861015181359 0
0.7001654799657702 0.09009542785227345 0
0.7251890919026156 0.07834053910865088 0
0.7022854048940826 0.06205647179457287 0
0.7274371628402632 0.05058859181123238 0
0.7044426075589244 0.03403661352167125 0
0.729594347552059 0.02257770025068356 0
0.7065824470785829 0.005983932310070427 0
0.7317329214526805 -0.005477719081522593 0
0.7087274094554337 -0.02207120944758976 0
0.7338688985548097 -0.03353378452801794 0
0.7108645807750579 -0.05011678588065625 0
0.7359165568754223 -0.06177628537932925 0
0.7124072179670777 -0.07811290298270251 0
0.6769372251454225 0.07417421137381319 0
0.4458573703796667 0.2117717055456791 0
0.471519966374811 0.1995617132961086 0
0.4696784372157672 0.22772527207602 0
0.4508404648675908 0.1557587150419729 0
0.4441826708784107 0.2399702844513888 0
0.8690545607668078 0.816369814849111 0
-0.0543323519489133 0.7235874035566809 0
0.5463791944108913 0.1911807211643418 0
0.7318383143442183 0.3185929090299072 0
0.6404125469155075 0.9270477597274988 0
0.5297676691618984 0.09077054068391953 0
0.5550109126968407 0.0786348228876627 0
0.5572261508236129 0.05044448173142616 0
0.4734351358845051 0.5207357291762473 0
0.4714936737258743 0.5489046298744458 0
0.4461310245002751 0.5613359608569763 0
0.4694340263257022 0.577091022882646 0
0.3095319537383616 0.7640634610450664 0
0.2861143619263968 0.7483218003386678 0
0.284207077240391 0.7764647266453482 0
0.2607923120503981 0.7607264761358115 0
0.2588869613425944 0.7888699210359267 0
-0.4044594490908319 0.3725734191651203 0
-0.9769893069385871 0.5900909608346152 0
-0.8417208861648932 -0.749722896092412 0
-0.1231033901163461 0.6497391569904145 0
-0.09782357957647975 0.6374006480820749 0
0.2675262794459091 0.2967807863370619 0
0.617080149336975 0.5589118829027415 0
0.6417914792201614 0.5486207374060446 0
-0.01201993950692391 -0.649660273051523 0
0.1792283025111191 -0.7049244589745736 0
0.5909203284184495 -0.9752473205717946 0
0.5783914134369986 -0.9539464288662812 0
0.602244312258 -0.9523644431126664 0
0.8754199316079456 0.006686034617003822 0
0.2627021177792389 0.7325828536101664 0
0.2373761818602213 0.7449925286140344 0
0.8065553499263889 0.6579576739578541 0
0.5485521537923316 0.1629710905564132 0
-0.1187854114009693 0.5945020071571648 0
0.7463395960633712 0.822111388039908 0
0.3250987167966581 0.5388922868003556 0
0.3231078465360767 0.5670747127092085 0
0.9776483231562249 -0.4508021869242034 0
0.5629352137720405 0.6400270678200466 0
0.9765900565251933 -0.704417895508576 0
0.949810958240865 -0.6915862118037875 0
0.1395321314520281 -0.8184564670218402 0
0.134157850472664 0.8227060510900533 0
0.9756049182033231 -0.5915492957757824 0
0.9512125663709626 -0.6056338028179967 0
0.2531514283774661 0.8732547766126173 0
0.3952311521863077 0.9384910199186467 0
0.3941772862211839 0.9697175313205713 0
0.6331237443390378 0.6872843018927146 0
0.3563423050129214 -0.1767085867495148 0
0.5341251151166567 0.034521055207369 0
0.5594423025696293 0.02232915164476403 0
-0.2742541806735655 0.8883160963076406 0
0.4615655500021104 0.6896370100811806 0
-0.5352152479544978 0.975606862228622 0
-0.546199761689423 0.9524852742354782 0
-0.5204075551386446 0.9515968817603525 0
-0.5739681587401091 0.9490001454639434 0
-0.5909652051468158 0.9753687163741191 0
-0.6056337955550228 0.9512074660632424 0
-0.5069293046207296 0.9756678049014489 0
-0.4928362206683308 0.951571402134762 0
-0.505902391637683 0.9280952287385353 0
-0.4647602022099258 0.9505632120112427 0
-0.4507072457654775 0.9755730827290496 0
0.5508530393512514 -0.1891728648699612 0
0.01550112257668235 0.7719424670247405 0
-0.006511726279296077 0.7836271830198333 0
0.6194936546089747 0.8841933288168904 0
0.03828839960673117 0.4341602472640567 0
0.04139160983368401 0.4053845799686345 0
0.3621228537421175 0.7111082580816915 0
0.7615297817714508 0.5750600463686655 0
0.7958004664149169 -0.8698342059119044 0
0.225571548316651 0.5603956716727766 0
0.2002204428726018 0.5728224938006992 0
0.2021252432824037 0.5446369697478116 0
-0.07446310355701508 0.653064340150999 0
0.4460725399910734 0.9146063944405995 0
0.4428443324363474 0.9404592993226714 0
0.4695488464484928 0.9306350238628336 0
0.4624107295338347 0.9561281890156091 0
0.3715731242534622 0.2202926991488504 0
0.3818769556271279 -0.5384295065527684 0
0.380508567981518 -0.5106412252730193 0
0.3558052945954042 -0.4982457902320047 0
0.3797891495833231 -0.482247383501194 0
0.3318610475182629 -0.4833997581272698 0
-0.2210056211203166 -0.7307553103140393 0
0.5961108079302946 0.8684751448382642 0
-0.726355436519204 -0.9407314848628882 0
-0.6975805004346207 -0.9510423562475832 0
0.01370279865977358 0.8274752283935302 0
0.8711858415593879 0.06284543639415915 0
0.8457949122202304 0.07505177147962645 0
0.5666800043869715 0.9365719045234318 0
0.5642583853561987 0.9624006158790401 0
0.6488677675561387 0.8155348917396822 0
0.3778350585095369 0.839403882421434 0
0.6149915567753037 0.5870958351631221 0
0.5863151331278387 0.6557908439468285 0
0.6662531714381935 0.915389743999365 0
0.6641717658018959 0.9474331500642907 0
0.9773119981391863 -0.1085601703997119 0
0.5603032894469946 0.3196698718859278 0
-0.3973184006824867 0.9737274706310499 0
0.5240117477633646 0.8494084436272957 0
-0.3104009058683576 -0.8199845020619332 0
-0.3351305020501401 -0.8078380602404059 0
0.761917976372134 -0.1010018563776968 0
0.4362240030948855 0.7020412332357645 0
0.4596256693984709 0.7177967587986808 0
0.4576871965698063 0.7459503613173749 0
0.422728762451673 0.5455708719597352 0
0.4206734771232211 0.5737376663990946 0
0.7774368460400827 0.7253516370840178 0
0.251225403206458 0.9013759952718112 0
-0.2919337659478551 0.7884747911760762 0
0.7610606563366917 0.250153369729619 0
0.7842049875110713 0.2663554421946154 0
0.2392878221206939 0.716844367444802 0
0.2120670575336699 0.7574034698166071 0
0.9337691842196297 0.5462107066567289 0
0.9609987756076175 0.5339734128659033 0
0.9564476023811497 0.5038839070040912 0
0.9471116561251608 0.4815639812698285 0
0.9315133242409603 0.5740780274527202 0
0.9070804457228796 0.5862834278244917 0
0.9560446337024672 0.5900310275416212 0
0.7551209082670219 0.3345094809620296 0
-0.1716855034079454 0.8111786537786978 0
0.7159025832333561 0.9494270787580309 0
0.8396956602652442 0.5105517652983893 0
0.7091045876516591 0.6510401627014873 0
0.2997154907584119 0.5513100577723659 0
0.9473223758350049 0.4057280699784712 0
0.9485178937637031 0.3778429578745978 0
0.9748418242493566 0.3653351124110933 0
0.697615577511898 0.818775856195189 0
0.7210282750580143 0.8345006180912959 0
0.7190613885181486 0.862659621101693 0
-0.7804848613499025 0.8117228351924158 0
-0.7553255624636309 0.7992903483047332 0
0.4812025241831842 0.408020355392671 0
0.797409120057976 0.4225341116619743 0
-0.2805544469198614 0.9726374817532526 0
0.9456695363034893 0.7782334346964823 0
0.9706427899060266 0.8174323111818178 0
0.9534332017343434 0.8662527757250827 0
0.8164740512352449 0.8692851850735451 0
0.7064298552747358 0.3308110321977703 0
0.7825081626560568 0.2942845631869556 0
0.6366707546410579 0.2830937692424 0
0.5136830306508707 0.287790034073578 0
0.1629068820091051 0.4003646473856435 0
0.6812104714961339 0.01804486012357875 0
0.8228158542304912 0.4103259381320582 0
0.8461075343229334 0.4262503883563734 0
0.8206860141191201 0.438438390392769 0
0.7952772095392686 0.4506443902732889 0
0.3582781482634714 0.7674001522209197 0
0.1203106750063196 0.6663024847728686 0
0.1183942144770718 0.6944428163112019 0
0.6895594724796947 0.2305636053084176 0
0.9000937388116834 0.7209744368501615 0
0.9297217238538351 0.2512834303049223 0
0.662105075683789 0.6189099588832223 0
0.6280495455114029 0.3955601470241353 0
-0.200408187695187 0.7143713404873929 0
-0.5937863536559053 0.4499769113564347 0
-0.7459506189483972 -0.7419392282218784 0
0.4031721977748645 0.8270040016930893 0
0.9144132858403943 0.8479773387798941 0
-0.9764702632322591 -0.6760557473803347 0
0.8008253195461139 0.7410821886729914 0
0.8859401049105831 0.1910735743016472 0
0.9111076808166869 0.1789219096636237 0
0.9354292047777559 0.1668321598405914 0
0.5362609888496968 0.006411245438642428 0
0.5615725150942769 -0.005797094136747809 0
0.3651476380056552 0.3048471401152305 0
-0.3666708444957304 0.9772546647650288 0
0.6684182001975645 0.186545999674521 0
0.6705504596849965 0.1584400366562404 0
0.937262868322897 0.8916515586842707 0
0.949890573172181 0.3228554696772419 0
-0.5432784640764194 0.05694067723577632 0
0.5458299775113572 -0.4550957086034844 0
0.5726703999102796 -0.4946109544668001 0
0.05618282891270985 0.8878795764305036 0
0.7529874695656706 0.3626218741085919 0
-0.9766388699035102 -0.7323941459188342 0
0.9314104254634881 -0.975579787437076 0
-0.09847184826313357 0.799519016338154 0
0.1590780312480269 0.4567705692327389 0
-0.9769192554069993 -0.7887325237528559 0
-0.9566940866965329 -0.7735412346644708 0
0.1127509465491906 0.7788813339764282 0
-0.7606182803178991 -0.9777827608058973 0
0.9365396985439843 0.1387642357243442 0
0.139467246803576 0.3845568579575139 0
0.1142143797600167 0.3970476183657186 0
-0.9322726681749379 0.9709814790072505 0
-0.9760956281682032 0.8735254728622144 0
-0.9512115557475549 0.8873239436622833 0
-0.9764383818558184 0.8452752171204365 0
-0.9525749958015673 0.8349651672754093 0
0.9739376478325632 -0.9300703275825463 0
-0.8732039041157953 0.9767302741719229 0
-0.8862124309914575 0.9492591806021629 0
0.8726900360146692 -0.9713826313650031 0
0.868681337529266 -0.9453863336251829 0
-0.8170754054254499 0.9758548059800238 0
-0.8039003731618841 0.9528808873105349 0
-0.8339162884516879 0.9496534728971412 0
0.8169014084501964 -0.9756049182031884 0
0.8309859154924875 -0.951209832658921 0
0.9754386736193507 -0.7881595546154767 0
0.9533934519611889 -0.7690837657092191 0
-0.9756049182033231 0.7605633802823552 0
-0.9475146550791366 0.7299868847162266 0
-0.7045186414913833 0.9762166439715567 0
-0.7167922030916861 0.9475846544582116 0
-0.7614145227193645 0.9715839759216247 0
0.7005699531787211 -0.9751006293096005 0
0.7605633802810252 -0.97560491820319 0
0.7752801737587196 -0.9480812031641297 0
0.8732394366200704 0.9756049182033242 0
0.8626745495281827 0.1751930360029417 0
-0.9717758198286799 0.7049839459954268 0
0.6959333575181504 0.1462589003195884 0
0.9769050999356444 0.9295451608671351 0
-0.978005594467499 0.6465293445007194 0
-0.6491463835379773 0.975625752450581 0
0.6472180035167686 -0.9768987950170362 0
0.7902887116114001 0.9771199701443456 0
0.9762661888226843 0.1126760563355634 0
0.9416746555682221 0.08246183818843106 0
0.4986952139154517 0.8617973426965613 0
0.3565393225623271 0.09213173799462798 0
0.9767199811469662 0.08450704225097794 0
0.863279592984643 0.9007052827044094 0
0.8709801605706455 0.7882578146142623 0
0.8840613240043226 0.5704232128695427 0
-0.4899852645770677 0.3742272972620633 0
-0.9761303544938948 0.5352947155191951 0
-0.9507842623419541 0.5487439550310008 0
0.3506206353931623 0.8799202545732834 0
0.6286990067908348 -0.253426897664049 0
0.8650745902133348 0.4983869115148244 0
0.4323544407668807 0.7583401280907971 0
0.8456701209999472 0.8006481636223622 0
0.7310035394731546 0.9757200271856857 0
0.6760563380290693 0.975604918203323 0
0.8037862180225186 0.3382143393505525 0
-0.8154765499868679 0.6124628891188569 0
-0.3947193323136906 0.8660834487695716 0
0.7085596871007749 0.3026932420794719 0
0.9738297714391497 0.4219491259360773 0
0.9688021258128074 0.4543102181012701 0
0.6916953133740288 0.2024641217057142 0
0.1676523136538525 0.9768573334016631 0
0.1130262253995385 0.9764781373131866 0
0.08546253235237396 0.9765225291160436 0
0.2332690222772386 0.447665492966287 0
0.7328215032393058 0.6664517749701276 0
-0.4665946020831698 0.8471058695495681 0
0.2880342321314027 0.7201774030630099 0
0.2242458659403411 0.9711726879448797 0
-0.1282558707322672 -0.5701836582258024 0
0.4037415890934783 0.1253915312968979 0
0.5774537296105728 0.419034753834586 0
0.2486699590656478 0.2251316411225451 0
0.2508886167495347 0.1966328088207708 0
0.2762276286191762 0.1842186808842128 0
0.229961296956914 0.1775723413196545 0
0.9756049182032335 0.0281690140818085 0
0.9765640344393045 0.1690140845047339 0
0.9754660422523235 0.3095151613134711 0
0.976431009735133 0.2253563827334604 0
0.03021792585295908 0.9770911078561344 0
0.6204587797731209 0.9772033815544352 0
0.791229408216629 0.1548134707050119 0
0.3759384483096394 0.8675283727805858 0
0.8673059356154704 0.4703600311813894 0
-0.6876923574705456 0.8742227330542036 0
0.6800061566066551 0.7186770126397772 0
0.003105673291547385 0.9401485306348365 0
0.7482701728318256 0.7939861011636724 0
0.04432949358700251 0.7034809850255984 0
-0.858092812597398 0.876882174982261 0
0.7849503869529603 0.590268421437689 0
0.282304546622333 0.8046037721785672 0
0.8100327603930793 0.578970905213555 0
-0.6091677429296593 0.3239830345551842 0
0.08532973798507583 0.8192803921295084 0
0.7716607318517759 0.8097103768144663 0
0.3906314596098602 0.2926036260210431 0
0.5970315945713977 -0.1574824523296979 0
0.003864390994442191 0.5878832260404272 0
0.3630138854620784 0.3330370493715644 0
0.3862309784449481 0.3489329807372757 0
0.3884855705893875 0.3207961812743402 0
0.4115247884872701 0.3363356096620949 0
0.08925182809983924 0.7630835778053244 0
0.7826035952388974 -0.05676219679828494 0
0.5434078262874587 0.5679676265014124 0
0.8261270647833525 0.7287118891296516 0
0.7656055788599552 0.5190702942212694 0
0.5220934486638154 0.8775310929943263 0
0.2370942557128194 0.3914402576806222 0
0.7034068566796612 0.7344080010048396 0
-0.7941899218113658 0.6561054426125661 0
0.2929807235927688 0.2851966705610444 0
0.4265806797966983 0.8427381585581796 0
0.8380094587391893 -0.7822483551906672 0
0.6201878413323757 -0.1417241339959253 0
0.5765800945849052 0.7965035514188179 0
0.7804872041886309 0.3223212147644439 0
0.7211810848993243 0.4591597587028131 0
-0.3346256815455493 0.5372714218823724 0
-0.02526993331960413 0.4168217020909002 0
0.1026201331812917 0.5661258625298984 0
0.9436623811847851 0.05432083385711514 0
0.8880271521540122 0.163000683765663 0
0.2547808814842204 0.4916152102993252 0
0.5740521071220209 0.4719726248466313 0
0.7402060906978344 0.5312821264149552 0
0.5398099149887425 0.2755721384280329 0
0.7781637307081188 -0.0006609109272291865 0
0.47914838674471 0.7898190050984135 0
0.8439731469689182 0.454361918156392 0
0.3913224734690151 0.6424000716848877 0
0.3543713103519456 0.470182230673813 0
0.6052100753257599 0.05435346872276857 0
0.6077389198738812 0.6997002651860695 0
-0.1960377364027525 0.796087787761434 0
0.6687359637071559 0.5111072320621287 0
0.7740852734382482 0.05548271894139228 0
0.6534684401282701 0.383343478925244 0
0.8252282091955552 -0.6146041892166898 0
0.1571616077090298 0.484955350296431 0
-0.8774906922073251 0.8051014146360848 0
-0.1517207005727532 0.8824054788991296 0
-0.9099689118647998 0.2690343220733015 0
0.7286545850685997 -0.9431899119593213 0
0.8946374542420806 -0.2459288717355738 0
-0.5182637284512048 0.9022710952834601 0
0.317226756935893 0.6514939098717968 0
-0.2043622273422498 0.9352086987706462 0
0.6345642205681647 0.3112047198408736 0
0.8669690764387723 -0.2054141849316186 0
0.1728903326071118 0.6133510340544795 0
-0.5962063723259405 0.1324011803767926 0
0.8969740949453042 -0.5953940797297494 0
0.8436798352563907 0.1031364694719124 0
0.5966029471785942 -0.4784528112817541 0
0.2313386535626001 0.4758537211570718 0
-0.5265887979561763 -0.7679130643836399 0
0.7233134318584185 0.4310472020372059 0
0.05412255463646767 0.9157846269484828 0
-0.3442769107735839 0.8413159552940892 0
-0.1029897520311424 0.721746799980802 0
-0.3402946984494037 0.6208688194226328 0
-0.02953917627840344 0.7123052345697297 0
0.609457629593113 -0.001808005287117579 0
-0.4646959866484632 0.8190838288958713 0
0.1007208741615452 0.5942837208016821 0
0.9140602842632504 -0.8187577295814714 0
0.9132124282944206 -0.7897642194549476 0
0.85003531455367 0.01889439975236635 0
0.4370269748585222 0.3239090890236207 0
-0.1301799321072479 0.8975814741905699 0
0.6854836361402454 -0.03806264009155829 0
0.377788233100675 0.4858791567123173 0
-0.7534221694382941 0.7712816789116098 0
0.802739808897456 0.7129854376408835 0
0.5785066941308619 0.7683781611345412 0
0.3359525584834527 -0.8891797482345265 0
0.674828126123643 0.1022504132930367 0
0.1767608240437717 0.5570500573668139 0
0.3271938844798262 0.8641883154113115 0
0.6614948359069402 -0.3762178607697789 0
0.7381266606574621 0.559349350977918 0
0.5453316024890109 0.5398117532592356 0
0.8585296592681065 -0.4171103580502594 0
0.8605956541997919 -0.4450388301300634 0
0.2801513502427186 0.4791977862479163 0
-0.4751713580576709 0.4722079851205093 0
-0.4530064954532337 0.4582628803876921 0
-0.4268639690751688 0.4705750134871928 0
0.1318051289173702 0.4973848145926272 0
0.6673068411908463 -0.7809634572603127 0
-0.2237109228657763 0.8635273639786295 0
0.8126779656159001 -0.7701045636179162 0
0.9453756471884285 -0.8870124337860529 0
-0.000508270719942089 0.6439647756168123 0
0.5305704249659065 0.3870908467011594 0
0.4285893147787189 0.4611649651551029 0
0.5837331129756987 0.3355429211104766 0
0.4838139571942883 0.3553010410176057 0
0.6801742843662613 -0.6256285651677779 0
0.07539032472487583 0.6066946445843211 0
0.2764701087292233 -0.3509782848675429 0
0.4166715155470632 0.6300018086129425 0
0.4766463049064332 0.143265618133474 0
-0.7709538599970435 0.6717799401529549 0
0.02479208587992745 0.6315631375474106 0
0.8542505388135964 -0.03722811493853831 0
0.2726337567218027 -0.6704707624309598 0
0.7621048586770163 -0.7457607150837313 0
0.5551069010350447 0.7526415567434499 0
-0.1755189830953509 0.7025353677649375 0
0.7828051685448638 -0.3806056791114162 0
0.8717654183674771 -0.9065683802424147 0
-0.6714558174948477 0.5405744111545375 0
0.3481959764294834 0.2043179648699625 0
0.6938128646048395 -0.1501124014661947 0
0.891067986222702 -0.8346111011991475 0
0.3737200730198728 0.1921134404795986 0
-0.2489768273552996 0.8759332503927049 0
-0.5116948730041391 -0.3583697954466482 0
0.8046920491014209 0.6851844552713873 0
-0.4490061094204519 0.9237362228974304 0
0.871531882225337 0.4140713113040413 0
0.06964445523212207 0.6910843705915164 0
0.8690611867320051 0.09093357636202316 0
0.8584795548002363 -0.09332017088032338 0
0.4810782999029499 0.7616980520722989 0
0.8376588726993918 0.9127736604139641 0
0.8736343660081139 0.3859629364946344 0
-0.1486357792614524 -0.3225866257666602 0
0.7305986281046803 -0.6498083962331472 0
-0.1459859297172694 -0.793639525494813 0
0.8589666454751026 -0.7386881928836744 0
0.3797543275075841 0.4577797337713365 0
0.3838985195331107 0.4264747766262836 0
0.3326875349252519 -0.5138306528571216 0
0.306886563439599 -0.4738289746154403 0
0.2808351068847728 -0.4350070607474416 0
0.8183471692705045 -0.5321255956545182 0
0.7000346554758086 0.4151440979576188 0
-0.4981851247919368 0.4568067040646865 0
-0.6807301246682501 0.3309469291330078 0
-0.2473511763849108 0.6835016967729427 0
-0.8328723649743017 0.8644904721553033 0
-0.4432581599603898 -0.4443936804112833 0
-0.4648632580315583 -0.4329106416112326 0
-0.6846288570445164 0.3862054726573528 0
0.9328349200282477 -0.7472802054185845 0
-0.01718813081245246 0.5182364121919458 0
0.2857312811145426 -0.8647657069489223 0
-0.3928398680666209 0.8380429176916514 0
-0.487987368977859 0.8034175266548981 0
-0.7863575666614273 0.896492641118401 0
0.5297872975225922 0.7650372269526635 0
-0.8717807892950976 0.7210604595282928 0
0.6067769980603837 -0.6172443111821433 0
0.07918605401724726 0.5503804226497772 0
-0.0308976329443722 -0.789505417536144 0
-0.005945976635309564 -0.801088312414177 0
0.09306030655057865 0.7068269816633128 0
-0.7767096838560111 0.7556722448071741 0
-0.7282677634009076 0.7588989722100383 0
-0.49750413459053 0.4298758811109419 0
-0.6333944401126143 0.7935255297171694 0
-0.6649880710337067 0.9484956956793306 0
-0.8562849184099484 -0.9040780097282903 0
-0.7263715937762206 0.730993375581607 0
-0.6158082062762005 0.8931072140575325 0
-0.2938629548538563 0.6521613440769509 0
0.6265495396774479 -0.2254893765551862 0
-0.7179564772865555 -0.4382905932961144 0
0.8627055714540884 -0.1493753578727872 0
-0.6889509326589476 0.4427215476332219 0
0.520050566283653 0.552228447161909 0
0.3329495229166709 0.7798012432978659 0
0.8083911246408501 -0.7142726517561131 0
0.8190166060454103 -0.8540755687003727 0
-0.8851474174398805 -0.8357647174420813 0
-0.8868639742831662 -0.8082130255896424 0
0.7659562608154264 -0.4801756862517687 0
-0.3866093040675986 0.5896659769134543 0
0.1083731365032848 0.4816385747112355 0
-0.8523332122044011 0.7927291581057172 0
-0.2883012525988289 0.5683421993366045 0
-0.6016378859964524 0.2141594447057136 0
0.5458393923950914 -0.7756432807590451 0
0.6746283311281196 0.4273510881067886 0
0.6159096306724946 -0.08589820374843828 0
0.6893192777433992 -0.0941496810187565 0
0.2567078154310719 0.4634381822254146 0
0.2831382337968584 -0.4907121564083961 0
0.6304697426347925 -0.9224213471923159 0
0.7599937027786403 -0.717822636225068 0
-0.208428095072599 0.5028318363129546 0
0.6116152020059042 -0.02989921348624208 0
-0.1950538699298667 0.6308376958286377 0
0.877960830337942 -0.666861232071073 0
-0.9292573821628642 -0.8951705370296492 0
0.02678412342295729 0.6034513886298863 0
0.8774709261265545 -0.345402142593462 0
-0.297590061830182 0.8726546724623205 0
-0.9163498337545268 0.661689216333796 0
0.1603591323754037 -0.7754004489689621 0
-0.2901407803155972 0.760415603290627 0
0.898861022842951 -0.3019566258834874 0
0.6736002847719673 -0.8648802486505482 0
-0.65663766222499 0.7778716560243706 0
0.8228892577376105 -0.586955851831918 0
0.9132075559019599 -0.4973450264846511 0
0.4643567092131765 -0.3346844153058182 0
-0.7921046920053763 -0.7732787063683952 0
-0.8748166364641101 -0.6261046536036172 0
-0.8890791432272112 -0.3815995495507526 0
-0.670876163062574 0.1934054561210488 0
-0.7165356707303805 -0.8079653468061765 0
0.6864066179920727 -0.7092866096266548 0
0.8733049419239082 -0.2894495020777813 0
0.01987719661108441 0.3613887325654194 0
0.000447250511274399 0.3486313838417623 0
0.4662604253814143 -0.04112130872542334 0
-0.5616550235338019 0.8124829690353421 0
0.4753217488289487 -0.1530771599649521 0
0.07458367002851338 -0.2871627913033903 0
-0.4462896158902935 -0.8868686034894047 0
0.4050883916238135 0.4452748822169781 0
0.6513456926386947 0.4114525632859166 0
-0.8385411018758444 -0.8045148860790322 0
0.5063984254468794 0.749307658329011 0
0.7249480990098955 -0.2459454900549687 0
0.9297682629490345 -0.3972013174165205 0
-0.6225612171208217 0.5174771518416514 0
0.4674154133431999 0.6052465432725668 0
-0.2418107489404304 0.5995282258021281 0
0.8690459235646236 -0.2334112108957505 0
0.7135805746363351 -0.4279050156953295 0
0.521051178014587 -0.4429612573763165 0
-0.6811427763462041 -0.6400731097529332 0
-0.0911875246867679 0.5495613924276427 0
0.4833708710794925 -0.6140272488526747 0
0.1982481548973647 0.6009544737467802 0
0.8063011546952296 -0.6862912609406353 0
-0.2553070486302209 0.3887503710464333 0
-0.4290470619505373 0.5030149920866197 0
0.4849512892225652 0.7054140769294893 0
0.8353569789794723 -0.4328298949208295 0
-0.8347736176152631 0.8925659063141909 0
0.4931724907871111 0.2436695834636182 0
-0.1003685264327415 -0.6339047455800805 0
0.6360897792739664 -0.6849580686755964 0
-0.8484792855939638 0.7367170134460648 0
0.3503906997692645 -0.3865668520981094 0
-0.7230023389746587 -0.7264090078723682 0
-0.7477748678487484 -0.7142376926708522 0
0.2335844294662681 0.8012750882705493 0
-0.6749150250388489 0.5962146621368957 0
0.08419329329363925 -0.7117045753447366 0
0.04200528451419894 -0.7976188960584831 0
0.5404571569254371 -0.04971291980378237 0
0.2683889013466485 -0.6156335110247879 0
-0.5590312852608971 0.3006621366898296 0
0.5438091058496506 -0.7477993825548316 0
0.4227356456809624 -0.1011716010430014 0
-0.6671831295123273 0.1387480206855681 0
-0.5516529215567176 0.5362935685470999 0
-0.412469041663339 0.766389136818155 0
-0.5364592942925455 0.8001298901485452 0
-0.5267878209906548 0.5240993651714817 0
0.3135652052370734 -0.5848659293145316 0
0.2354860407832068 0.7731336815068128 0
-0.6032609833572892 0.5881931432682617 0
0.2586313617125366 0.435266601823964 0
0.133723408939793 0.4692165618219746 0
0.698948008615254 -0.8770563618046539 0
0.4186445979080522 0.6018798600767754 0
0.5122256772571706 0.6648230113757935 0
0.002631109815474221 0.4658387396577971 0
-0.000325766099865282 -0.8841695984577553 0
0.1375745312995893 0.4128067469673474 0
-0.6818829885825984 0.790185535977395 0
-0.5707885685487204 0.4655428091555229 0
0.2197430601317538 0.6448346068852412 0
0.04947138477620889 -0.9083855325524656 0
-0.4798791266080545 0.5538952014231886 0
-0.1563096547699526 -0.9479793615662189 0
0.7010947632474709 -0.5820523282077357 0
0.6675185619025314 -0.4591947642604826 0
0.6004699634941069 0.4348128285952135 0
-0.3096552896674055 0.5249650310803561 0
0.4092641408371471 -0.8978776798294357 0
0.560940755485601 0.668222487585638 0
-0.2230244675248216 0.9763742999259231 0
0.245105379733099 0.6324446460423793 0
0.325776511382119 -0.3748404004537274 0
-0.3694954550486104 0.8536960184446074 0
0.4725936894081355 -0.767084176913878 0
0.6259211758603552 0.4236672321460608 0
0.2603469278759138 0.4076203125103484 0
-0.8112817011697887 -0.8725426640866405 0
-0.485053403023835 -0.5020339816062532 0
0.3952711300689682 0.5861343278868506 0
-0.6179216914787294 0.9251141402360357 0
-0.8940499431887126 -0.6974796446790135 0
0.008763749319385304 -0.532792746918417 0
-0.03248254284959396 -0.7147998617047949 0
-0.679179294525322 -0.9286555604166429 0
0.07445364835658677 -0.9484754527802562 0
0.6153591887077974 -0.4074933866085231 0
0.3452358809881309 -0.03648200251560967 0
-0.5629236970842046 0.3554892728861354 0
0.1809703422292647 0.8541629783792739 0
0.5277632692165178 -0.2049564834998545 0
0.1356503686981533 0.4410166132281153 0
0.1867828522915937 0.7698194113299206 0
0.2308094840285624 -0.756480332047898 0
0.125707043246751 -0.6262009212112717 0
-0.5668214546851953 0.4104550384446876 0
0.9032855296397809 -0.6794379374971473 0
-0.663152921437221 0.08436732506288611 0
0.1205686051036705 -0.889340306173162 0
0.4126978210777403 -0.6329666105060138 0
-0.9151107001571823 0.3525123371556617 0
-0.9112890369616543 0.296849102800233 0
-0.9198721785641319 0.408216303352177 0
-0.7976059091118197 -0.6903079569975274 0
0.3630185137013892 -0.608933896431644 0
0.2993856731108642 0.2004819391946591 0
-0.07142558878901339 -0.9028446720243971 0
-0.239920957998543 -0.8009867118985686 0
-0.3047185545961491 -0.9024292539829034 0
0.4688270686771642 -0.0693652153963808 0
-0.394394131232402 -0.03357186708660281 0
0.1886778648865358 0.7416780427572551 0
-0.9409408757003584 0.6740831077920417 0
-0.3344143241555951 0.3898685091433492 0
0.06682217687518874 -0.8097552447516014 0
0.3424716070489308 -0.3021314022111299 0
-0.6698396866909724 -0.4601615992827051 0
0.4830114987297769 0.7335562731149858 0
0.5102688006075738 0.6930337072732666 0
-0.6938763101849847 -0.7943002089029135 0
-0.474703097847997 -0.8197986800530728 0
-0.8114501734095688 0.9082001950480112 0
0.1652929577992223 0.7259491677047469 0
0.5636530443834851 -0.03383036902602461 0
-0.3123219890218769 -0.7924701852569205 0
0.7199869543523332 -0.8332544772472511 0
-0.333656738938668 -0.05885121630285476 0
-0.6521999218403878 -0.7074398494889129 0
-0.7099886934439181 -0.5723239173034916 0
0.1671847217952176 0.6977806692487656 0
-0.1389501986167434 0.4273753397331529 0
-0.2816578420971415 -0.8874750883041657 0
-0.7031232885206831 0.7465894230534664 0
0.412647616225474 -0.2831666989246711 0
-0.5694020558491237 -0.8544441317516697 0
0.1374961633252718 -0.7908652174768968 0
0.2642835939130905 -0.5610324292638904 0
-0.4888488609904652 -0.9458714660656767 0
-0.1030126594781949 0.3549050350339262 0
0.05004793652863476 0.9404705875315292 0
-0.5299272827939524 -0.4516576892390736 0
-0.3949708340336107 0.300595835189206 0
-0.8122791645333317 -0.4717624327466036 0
-0.5188265300190215 -0.8787788955696825 0
0.2684994662828913 0.6481789011595677 0
-0.3222912737357926 0.3667383415643281 0
-0.2847046943543157 0.5127086165773709 0
-0.3461462123349381 0.8693594927767343 0
-0.267589584213677 0.3638574662962295 0
-0.3246251523240227 0.9127978306196122 0
-0.1922481773016219 -0.797373562427184 0
-0.8516850757724975 -0.6105422286474937 0
-0.5556674377189941 0.2457593030542924 0
-0.5936977884354062 -0.8407561050410155 0
-0.07094081845374767 -0.2410864246315728 0
-0.528736107272242 0.6882494150431142 0
0.7431822586310284 -0.8174431086273837 0
-0.4339052102547516 0.7227766918108217 0
-0.9289878313924064 0.1978541667615826 0
-0.7916289510278782 -0.4027049636385241 0
-0.6951354257859355 -0.4227400082968532 0
-0.8737023160112609 0.7490832305261632 0
0.1945519439627547 -0.9288246472481315 0
0.2272830227985417 -0.3279256377610047 0
-0.2323202539707927 -0.9128148793575555 0
-0.2795007672187356 -0.9153711603123023 0
-0.2449652986275507 -0.5921371143065054 0
-0.6165318100147057 -0.5396313889301119 0
-0.79965541977567 -0.6625990000106163 0
-0.1076898303432165 0.4736517524595653 0
-0.7248936166812483 -0.6987748491750974 0
-0.8913056030008673 -0.3534050689851662 0
-0.2202053136523854 0.4318791326538511 0
0.8374536077721046 -0.4607757166732012 0
-0.6455922992731449 0.5019588079539334 0
0.7578299841320923 -0.3687926948256151 0
-0.322807922318725 0.884997830523883 0
0.07349998676923733 0.2814503451865769 0
0.3586469652889538 -0.2042824971735989 0
0.5062238831382611 -0.598256434934929 0
0.2810198966439614 0.1275066608269124 0
0.3176871163981033 -0.2901262449802034 0
-0.1410883140177717 0.2138180145976185 0
0.1106912328755958 0.8069412484751728 0
0.4773976018032128 -0.1808548496689491 0
0.7852381314143613 -0.7299884747022465 0
-0.03260273196276989 -0.6153922370259031 0
-0.3379876875119223 -0.1435036373940646 0
-0.5145023370037048 -0.3036732192170064 0
-0.7461186820204185 -0.3721540260829611 0
-0.5538719973735358 0.7005332115588626 0
0.1321493285443016 0.8507669501798456 0
-0.513154161745486 0.8157640850262933 0
-0.6219142232845337 -0.4585480993102267 0
0.9267813054635978 0.9762209537444066 0
-0.875609713164949 0.7770888996762735 0
0.1555816988733378 0.8664998396017998 0
-0.541369154017887 -0.8937698488263415 0
-0.4589810965814443 -0.5657640614429236 0
-0.9584610702522521 -0.4283423567750954 0
-0.1701547106345933 0.3814728049346695 0
0.09294007993117549 0.3530802727717927 0
0.2938369044839526 0.6357957945648598 0
-0.1055641129780822 -0.5548784905490028 0
0.7423207309045448 0.8784700547109698 0
-0.1529590872572084 0.2383024403474845 0
-0.546476649947445 0.1100552694433661 0
-0.2010316831707279 0.3358902432094393 0
-0.04909849036176423 0.3510325585282447 0
-0.6417612406832166 -0.5265346620173148 0
-0.9139944964926744 0.007554810215201428 0
0.3975652926909524 -0.08918024611330135 0
-0.9157111873291215 -0.3426849402796053 0
-0.3499539047836819 0.9252793320734333 0
-0.4146984169627034 -0.4295971145061998 0
0.2957850852745167 0.6076402171456541 0
-0.9290068817249567 -0.5995266283158657 0
-0.7922459819335403 0.6281632852364308 0
-0.4357695298899815 0.750751883419728 0
-0.6120314467608484 -0.3525136771012974 0
-0.06983617063351612 -0.9297361694944224 0
-0.5840200853887074 -0.6608731793581654 0
0.396202359746639 -0.3810158783161476 0
0.3211098148972785 0.595239211555508 0
-0.02393976642073701 0.3003136477942108 0
-0.9187985408518509 -0.6853074405284222 0
-0.2002848355278003 -0.5344546762263339 0
0.6780474114972639 -0.5978213731169336 0
-0.620125383881284 -0.4853414285709494 0
-0.5791388177010113 0.712941324625859 0
0.3718640558312266 0.5704163967597714 0
0.145228082207383 -0.900896585302193 0
-0.387322811893842 0.7540764847327727 0
0.5653722148225819 -0.3834813850332561 0
0.06718181101129701 0.1595839560721323 0
0.127989522629996 0.2027174788923376 0
-0.4898705674648557 0.8313957035478164 0
-0.1376807211114304 0.2612814827185146 0
-0.3601943393841952 0.7136135450064179 0
0.002344395387023952 -0.9131251157379771 0
-0.900793189156551 0.7894745140898687 0
-0.3365552082278932 -0.7803887912853091 0
0.8627057906035216 -0.472926087361237 0
0.3464786159498885 0.5828170675074317 0
-0.01087561595549949 -0.2227370389439477 0
0.1704679222009981 0.2880200698367235 0
-0.3854527247030659 0.2290961799680326 0
0.6380552974258111 -0.7128835321354441 0
-0.4917674518400037 0.8594312027104211 0
-0.6697123587298626 0.5133052871879138 0
0.4375275613084981 -0.2951625320319161 0
0.4243256825189531 -0.7706768779760447 0
-0.6379263054665439 -0.5810583966203096 0
0.8105185639720675 -0.7421724451160799 0
-0.3183678168026645 0.002213202822815597 0
-0.9261786971810265 0.800724799549466 0
-0.04348386055969705 0.2306152107819027 0
-0.4292537057443772 0.1617696403986487 0
-0.3978924268716272 -0.118932548267733 0
-0.8766908752803203 -0.5983498254272571 0
0.2888957059906431 -0.5729533238143707 0
-0.3494290641399292 -0.3150207195139648 0
-0.3866398223446825 -0.2947582455658185 0
-0.7050323620885031 0.7744859498974486 0
0.7684724656909747 -0.8296044411586767 0
0.3996242363609433 -0.4102072066034496 0
-0.220486394882895 -0.6039999030083599 0
-0.5280864399163996 0.552179918622474 0
0.1937527468698522 0.3038169775204037 0
-0.372663008436349 -0.2703973980693059 0
0.6721917574707478 0.8312459529195568 0
0.4440545874875552 0.5894841560282504 0
-0.5702414046633032 0.9213908016427782 0
-0.3227096267953673 -0.08069936520000028 0
-0.5215269264392732 -0.1728242340465413 0
-0.4930279698295619 0.8868168232859486 0
0.5508383129509906 0.4565109777313391 0
0.5259231195795426 0.4677613282649443 0
0.5006304899245037 0.480140589139857 0
-0.2969448002063642 -0.4874840618759234 0
-0.248262276604369 -0.5106550972844295 0
-0.4071708747771973 0.3250933274679146 0
0.8858612160475511 -0.4571733189226797 0
-0.6127273201880636 -0.5940537802018028 0
0.8358258130095182 -0.7543751613586892 0
0.4967254104964292 0.5364941965226296 0
-0.7497428824130395 -0.686627271138295 0
0.589873995356287 -0.7163976905475994 0
0.4947636750782423 0.5646734080350437 0
-0.4054979371005922 0.02653047356488349 0
0.4927729741417927 0.5928182156989824 0
-0.9423145230669869 -0.6733351085211107 0
-0.2867772032227436 -0.3400238728319573 0
0.4986641702232513 0.5083146807133974 0
0.770581353497348 -0.8575913282855265 0
-0.2149800636297922 -0.8129640323084872 0
-0.6951877522211412 -0.8208625846079523 0
-0.4635672893712842 -0.4059903678677558 0
0.1623871848207461 -0.8029478404241225 0
-0.8132483017593841 0.5848715613557647 0
-0.3733133867520482 0.2048407419635802 0
0.3491780999375768 -0.7343327536105217 0
0.5918283051020878 -0.7443305592068792 0
-0.1933132152396685 0.6028936619782921 0
-0.2591596154324116 0.2918938140907371 0
0.5004964732399704 -0.1651407585936448 0
0.910961409957825 -0.4692780875263973 0
-0.2092265651425657 -0.2993276524618871 0
0.7726240698645223 -0.241220603782492 0
0.6925763676624603 -0.4714195780363054 0
-0.4194584085548272 0.349666680603308 0
0.3013187343141341 -0.7376933599680103 0
0.424019356154543 -0.4216924170952436 0
0.8611335633691679 -0.7665472816661595 0
-0.7729001515456335 -0.3322206707198821 0
-0.7340278517796422 0.8429636705174978 0
0.7726396170914436 -0.8856128303623202 0
0.744849852906561 -0.2008195883120746 0
-0.2865457496782107 0.5404700908787368 0
-0.7328019977575737 -0.5880119697010302 0
0.8869661751906485 -0.7785467364954597 0
-0.7302053843642551 0.7868841217045699 0
0.01892535736926056 -0.8131265213765428 0
-0.3083915209098612 0.1771152168516498 0
0.1470648690901929 0.2724179034928255 0
0.5256341733312251 -0.177201834722835 0
-0.7108447526617226 0.8585898337307261 0
-0.8998411905892484 -0.6139550784621983 0
0.2536063335277734 -0.7410339365611447 0
0.5593419194204563 -0.3005515666479045 0
-0.1973674585089786 -0.3215829441358216 0
0.3335073241682831 0.07604315267743125 0
0.9352267722888638 -0.4820214957219296 0
0.7743882597478177 -0.914846804141746 0
-0.4123321269871671 0.2307534760326715 0
-0.1817650007478273 0.09280303824004135 0
0.4205368519637133 -0.07352997320831639 0
0.5488215081161647 -0.1613908666747275 0
-0.1618611591263655 0.310402023999555 0
0.18716257578719 -0.8149713632500977 0
-0.1391368877734963 -0.3874746243093031 0
0.5728284386986364 -0.816061943168683 0
0.1905866706405052 -0.5256534972002977 0
-0.7519245655700547 -0.2903918336146556 0
0.6715743072715533 -0.5147116889736847 0
-0.777082686647644 -0.2770055254911484 0
0.3867290605597298 0.3786616465432747 0
-0.7321404592339802 0.8148911856573964 0
0.5688132042393388 -0.7599853248863232 0
0.08893696729583656 0.409669839849032 0
-0.2633566330539975 0.5560689823919123 0
0.3587838625505136 0.06481786359018345 0
-0.9539092403430585 -0.8837433876093543 0
0.2055512581233867 -0.03263612306834541 0
-0.135116161883377 -0.3016406583560693 0
0.4624962579553782 -0.3072297992608117 0
-0.1523011784549547 -0.5582337576882619 0
0.5719644461643884 -0.1456134438700739 0
-0.01278197122566618 -0.306158409302829 0
0.291009763174432 -0.6001890055739525 0
-0.2573740796939002 -0.2538518725804187 0
0.20973974082668 -0.4834120094711262 0
0.6736810579814383 -0.5424681116198827 0
0.1610843617649779 -0.04039305783485975 0
-0.9268073801182523 0.1426795665336496 0
-0.2381724402432973 -0.06291644138956143 0
0.4674899983464598 0.2557883151361859 0
-0.1770030233645445 0.2873184978731111 0
0.9005989392315357 -0.3297366404707271 0
0.22401838923487 0.2377600487754125 0
-0.07480871435424433 -0.3254191138320335 0
0.5950220723034572 -0.1297605228768586 0
0.4435720712399907 -0.05767020789964025 0
0.5517009975778893 -0.8596892139663146 0
-0.240135301340956 0.5716595508475129 0
-0.3136053747449644 -0.1445323890207383 0
0.9759738045779708 0.2816901408430751 0
0.1715718207318394 -0.5952860755752766 0
0.5860601324598603 0.3074475156550024 0
-0.3273703436909715 0.06600040858869789 0
0.5738126520783748 0.1508743176927292 0
-0.7480799926244335 -0.344841089002564 0
-0.4391603776064766 0.2325653611252199 0
-0.1675906338139554 -0.8093086125429061 0
0.08513959924385331 -0.3532924581088386 0
-0.2256450280257151 -0.043141916719343 0
0.9241846072017392 -0.31396848992015 0
-0.7126407972621964 0.8865827606522071 0
0.5928625400580061 -0.1019600016545898 0
0.09101904648101614 0.3812745350682485 0
-0.7553128018063761 -0.236540072995188 0
-0.2168168026147765 0.5872980341208384 0
0.2178769171646415 0.02991369903720712 0
0.2345013009926096 -0.8117922269003703 0
-0.3806689627279621 -0.2043279945003728 0
0.5035855710883128 -0.8630792904926718 0
0.9498252859575023 -0.3262337062546412 0
-0.5817006806666932 -0.6884114997516442 0
0.3627085085659216 0.03802995296522252 0
0.05010680974480659 0.265774311132095 0
-0.7148069345382273 0.9156737265632439 0
0.5497952727427264 -0.8316460128705363 0
0.5907435052657899 -0.07395928707984106 0
-0.7812594547775366 -0.2219039973989191 0
0.6115559593961148 0.2953209036165509 0
0.5053109185689171 -0.8911979565502667 0
0.5884293100624514 -0.3680009625774173 0
-0.04069519570128819 -0.4795129993758286 0
0.6136529233774596 0.2670797140155042 0
-0.5342223139471631 -0.6850666978612924 0
0.06220431684879557 -0.2656829431720028 0
-0.9716615040954394 -0.6197334421929706 0
0.5708337492064082 -0.7879703775840695 0
0.6157347301694733 0.2389037778324771 0
0.2074114844641839 -0.4292663561624159 0
-0.3497611108701397 -0.3597255667454629 0
0.6134454879878063 -0.3799669629012419 0
-0.7726409024272685 -0.7022726623390763 0
0.5926282042773927 0.2229857174663526 0
0.4572221720532739 -0.8944549800650577 0
0.4341176045622533 -0.9103304977879262 0
0.5946793926595856 0.1949385329434786 0
0.5885918934903192 -0.04598555392948426 0
-0.4759114369204243 0.4437600982142083 0
0.3315395900168336 -0.165088089181839 0
-0.5316645839187704 -0.7125759804362122 0
0.5716290121985319 0.1789750982931139 0
0.5989717918002222 0.1386417648293247 0
-0.1687643651719956 0.9775466945307839 0
-0.7589630450874079 -0.1825838768477607 0
0.2787184979080412 0.1555965009591525 0
0.2627469792629908 0.05743986255566781 0
-0.2832429427860756 -0.2518940113013419 0
0.4427842985890789 -0.6995365858123122 0
0.6010788103117434 0.1106102342171629 0
0.435739390024829 -0.9370621836078323 0
0.2554180166947219 -0.7686397617686919 0
-0.7707118508564342 -0.7298902752416778 0
0.5780228783016146 0.0945808398050394 0
0.08667093245113741 -0.265566553649292 0
0.586491680809755 -0.01792761543056838 0
0.9760457674021874 -0.3668387771117153 0
-0.5667239656657779 -0.8818600339850144 0
0.4113207547077278 0.3626556629918314 0
0.5800612230076233 0.06639049035104959 0
0.5843641199009343 0.0101745430762295 0
0.5821893300435317 0.03825688560351147 0
0.2211527009609204 0.2650133640400245 0
0.2116792934594706 -0.8271534753965111 0
0.6987403226034968 -0.5546247215437378 0
0.4756178689696346 -0.5038808545514297 0
-0.07632336062928675 0.1860140376814561 0
-0.2937392871489405 0.1991923017172919 0
0.0864854297385742 -0.2241791586977954 0
0.4755909501682034 -0.4731183456053352 0
0.4917294493653811 -0.6962620526565032 0
0.429806751075906 -0.5044503276998386 0
-0.7938074303772 -0.7456851451222569 0
0.3157233536713439 -0.6119473306688201 0
0.6829905281237731 -0.3330617602377171 0
-0.951178619004752 0.1276361512537995 0
0.2083965873297213 -0.3984360739693596 0
0.6831247331573508 -0.9501519588777626 0
-0.1505267241518194 0.1236127355561862 0
-0.7851477166399526 -0.1672956944388502 0
0.538083413376708 0.9756463283311274 0
0.5142210014970199 -0.6805510190462536 0
-0.2794435601225765 -0.2101082560417996 0
0.1634142178660652 -0.09135652315027958 0
-0.9233667056709934 0.4631635511430404 0
-0.8169341627035104 -0.7613937377037746 0
0.7312362050717425 -0.3293560340685054 0
0.6365758212066928 -0.3644353623735259 0
0.2237096396347987 0.2060236883917186 0
0.3292735858512331 -0.1373015490212001 0
0.3312100109565509 -0.4567437177249721 0
0.7239793786169352 -0.566718672933533 0
-0.07583793591734179 -0.3690134538797665 0
-0.2308693353909704 0.05800681767929183 0
0.3405348241481236 -0.6239521262720313 0
0.4897297701006401 -0.3468887603087445 0
-0.2054560450109923 0.4550920060702629 0
0.2571868006726074 -0.7965065689872836 0
0.7491374993037647 -0.5788297824635977 0
0.6598057750460327 -0.3487193778495494 0
0.01183739205624847 -0.3070281668363484 0
0.006603339234395569 -0.4533291154089091 0
0.9770107034178939 -0.7596448375843933 0
-0.1598134106198132 -0.3008072302391588 0
0.2677012551653201 -0.9341270130725121 0
0.7720655838348169 -0.5632664884046223 0
-0.8401316377330519 -0.7770973341732574 0
-0.305411912468879 0.2234721140640507 0
0.5323741618254478 -0.6095331034679972 0
-0.9022796663352813 -0.1872600656390832 0
-0.8633221911306461 -0.7928050839552424 0
-0.9520540975656671 0.1831932451706476 0
-0.08796777379410164 -0.346368810034634 0
-0.6262846658385216 0.6827962623342549 0
0.1419422482131516 -0.442409941656611 0
-0.7049754267508312 -0.9769351219233099 0
-0.5026663294133258 0.5664629220611661 0
-0.5880537224477322 0.02558282853204418 0
0.163894518973718 -0.4274926949372059 0
-0.5339783767653451 0.6061007239337779 0
0.7974354722627073 -0.5751795180462623 0
-0.4514909579890237 0.5956872402438111 0
-0.873998662011936 -0.9742301844971407 0
0.3653549227232316 -0.6359802054908061 0
-0.5793343595554052 0.6035526999316194 0
-0.8885346767293038 -0.7808322787674706 0
-0.7622372507297968 -0.1288459973592055 0
0.25352112675849 -0.9766078053849473 0
-0.7890671376166172 -0.9761564511900939 0
-0.6045371340368321 0.6430269977634252 0
0.8202908206066941 -0.5596001187310982 0
0.7079670490945857 -0.3449275475803253 0
0.9504796098526223 0.3502918538631095 0
-0.5499608627307327 0.1637847576688621 0
0.450704225350587 -0.9765925210883919 0
0.139181550020008 -0.4754867752156646 0
0.5523119136079558 -0.5664326167911171 0
-0.4846966728979808 -0.7084549405789455 0
-0.9754823945480373 -0.9273335294700626 0
-0.2907987468184531 -0.188066717310064 0
0.3902051362702225 -0.6479455172644065 0
0.5212092070420887 -0.4726215816662422 0
-0.9764723071733468 0.7894729756437633 0
0.1532774882018069 0.9516666367248434 0
-0.9113111694218612 -0.7971994448412754 0
-0.4596493029243559 -0.7210089142596996 0
-0.2906009579894723 0.2455638966088195 0
0.9247158133324418 0.3624757657935261 0
-0.3523194556634965 0.06773346480361153 0
0.9458518743563513 -0.002228781819136249 0
0.845806113151285 -0.5715024443601455 0
-0.7642780116739625 -0.1014147183854215 0
-0.3266657335344347 -0.1647046069247302 0
-0.4567140717644067 -0.748759502120532 0
0.8687106079183928 -0.5559663215412258 0
0.09786709958957814 -0.4720721980509682 0
0.3391180732133171 -0.9755243759289154 0
0.8337449146918536 0.2427826018474224 0
-0.2401950886165441 -0.1045873468258233 0
0.7562077693713962 -0.3409582399851892 0
-0.6759296872973595 0.2764453524057764 0
-0.4473688850449891 0.01024456204864899 0
0.4395629505884062 -0.03084632581778685 0
0.8943084408724331 -0.5680362113124167 0
0.4150528342699761 -0.6600438294876212 0
-0.3989196313834882 0.9468226538697886 0
0.9449763320203065 0.6724952719257596 0
-0.4104186727973694 -0.7442936166478127 0
0.7794962385282116 -0.3247288086636497 0
-0.3203399620674086 -0.0389238886095544 0
-0.05107947075690334 -0.3696636197357775 0
0.9186105833173479 -0.5803329915862631 0
0.7775819438611357 -0.2966516961910849 0
0.07493030300215098 -0.4882173982806468 0
-0.3853511389071532 -0.756953758881945 0
0.9753877247693297 -0.6519233257474806 0
0.4177027368974374 -0.6875346831147509 0
-0.1729014958722759 0.07182606533028787 0
-0.3514012944053856 0.9538651941835639 0
0.7752438359397984 -0.2688932227165801 0
-0.1237466501112961 0.8152444852237379 0
-0.1092219576137798 0.7757170508837852 0
-0.3824932992617225 -0.7843923591132566 0
-0.7892358003044406 -0.08650714080860174 0
0.7475114089695629 -0.2293952505064696 0
0.2900388694859968 0.3416697028694778 0
-0.07669538086191874 0.7357315001544549 0
0.4656349802493002 -0.6842658466718686 0
0.07243551707124385 -0.5203961105063726 0
-0.09134636578326585 0.1643377401219715 0
-0.02057446704513792 0.5701280676955628 0
0.7199481718358978 -0.1901562644102979 0
0.9525779600806887 0.2670130973232443 0
-0.005766535607587314 0.3730745871591893 0
-0.463286509407435 0.2824767899977139 0
0.05717983888816978 0.1844912012576226 0
-0.1740673519266341 0.3345934101082164 0
0.9771623448934077 0.8744480788850226 0
0.7178345884390642 -0.1621837565110985 0
0.2873798254483411 0.368621868512052 0
-0.1610370220391855 -0.04946726791330779 0
-0.302595507597554 0.2700912188367232 0
0.7157503455119076 -0.1341446701824488 0
-0.6449393444917537 -0.4728487380192505 0
0.0236250006806927 -0.3289256130716809 0
-0.5320368052469315 -0.9783830240559254 0
-0.2276699751300981 -0.08357853936319296 0
0.2134734592328413 -0.8549201151599128 0
-0.1059611511403061 -0.2193288426834796 0
0.6322416945237245 -0.9502983055072944 0
0.7135920366350289 -0.1063254203933187 0
-0.7592958531802969 -0.8388106985650406 0
0.8047025374132178 -0.9518168073968722 0
0.2382529241583929 -0.8670303741431498 0
-0.173151277636415 -0.3218239032319175 0
0.2186012736604931 0.292258600257502 0
0.02964378302027408 -0.5187005043633479 0
0.9769506009086386 -0.3944465552375424 0
-0.9259588269549044 0.4890564523559069 0
0.2632953571058903 -0.8791366220399117 0
0.976415363684333 -0.9572716988536436 0
0.9559996638659677 0.9744059086672842 0
-0.3310837048975527 -0.01760625168703617 0
-0.6705653429816987 -0.4340737691693013 0
-0.1584660354570321 0.3575915113332158 0
0.2883554464661787 -0.8914947368360294 0
-0.1310704710691061 -0.2187806723110188 0
-0.1432139469144313 0.3802191755111398 0
0.7613087783822883 0.9475718151561239 0
-0.4791263842860238 0.9279404894818963 0
-0.1434251497782109 0.5491371961370898 0
0.2419195731190908 0.3081352596974111 0
0.7371969889953975 -0.08947262769212472 0
0.76076732353989 -0.07265454140549413 0
-0.3648493845842301 0.09090591567276642 0
0.7587052905999938 -0.04460059849710157 0
0.003496663806277834 0.05810669098156318 0
0.756695864038357 -0.01641036999997145 0
0.2901322937559885 -0.9194569595098991 0
0.7545609287095111 0.01165574741038656 0
-0.2137439255444445 -0.4310620827187615 0
0.02766581734285321 0.2470501087325354 0
0.7524284659122598 0.03973172119807343 0
0.7501769646850923 0.06758206355247151 0
0.8768401673829556 0.3302615005015581 0
-0.3048810984416271 0.389279035174426 0
-0.7124836533107063 0.4537161712919002 0
0.8551130385034816 0.2857685515318359 0
0.7705447777157702 0.1108325412121205 0
0.7858264352826549 0.2385176640338084 0
0.7662706755274697 0.165921010597279 0
0.7642262327294942 0.193961552847344 0
0.8089926452277965 0.2544977444807038 0
0.9003385639381012 0.3464378368670137 0
0.01090638792713278 -0.5900309668188624 0
0.05810366832518089 -0.003601864283604777 0
-0.003598377094624411 -0.0581050203100888 0
0.878361223193326 0.3022480153160121 0
0.7479451136857449 0.09477113756496491 0
0.8568772936472737 0.2585744441807515 0
0.7685191579187022 0.1382272225817656 0
0.7874060201125366 0.2104980830752689 0
-0.979091815821912 0.9581697447578458 0
0.2654967609493829 0.3240907472966752 0
0.01063536637235362 -0.3499901989420406 0
-0.6938379075739231 -0.4491404513617261 0
-0.9275442125261312 -0.1706131433051099 0
-0.927856862792083 -0.5687558195043194 0
0.3393592192768658 0.02110792214162581 0
0.2488824924418519 -0.3110140640727003 0
0.6219538141622437 0.4782373134185478 0
0.2858328918515377 0.3960912479915305 0
-0.05814447730444333 0.003751295847135773 0
-0.9529183908993279 0.2107903315301945 0
0.05019032961955051 -0.9499344844576673 0
0.309096712904583 0.411685380224159 0
-0.9522878804163093 -0.9113883894751256 0
0.2223967445388383 -0.2737216067997744 0
-0.7172081921325809 -0.4644061216568233 0
-0.4201886379351694 -0.07319270154750566 0
-0.7941530723363238 -0.005002348448132641 0
-0.2505501726270639 0.1056382997839193 0
-0.7687406056997321 -0.02095934831866252 0
0.1764671896650123 0.2064054629014092 0
-0.05975209020638555 0.3743059295265739 0
-0.4562509134831763 0.1654698432333888 0
-0.1560690569221969 -0.2178491078541644 0
-0.1865066332760713 -0.3432666972674849 0
0.220951441408303 -0.24597771953408 0
-0.1150937830197941 0.3783056738414941 0
-0.08726132156729999 0.3764860489777018 0
-0.7400372968272462 -0.4793549698873062 0
0.4627399155252753 0.07057749964892711 0
-0.03926589306707252 -0.391913840557899 0
0.09772591053791402 -0.2446598638541335 0
0.3343010282673193 0.4001150151300184 0
0.980209135620961 -0.02861686700692576 0
-0.5678262419293374 -0.9502849217203411 0
-0.06734664606771844 0.5709926830626433 0
0.2425575317360186 -0.2291159785615673 0
0.6666231905806845 0.5384086698368924 0
0.1160437924962617 -0.378993299374236 0
0.364696045473818 0.9763239230760716 0
-0.3158481558899595 -0.1860524984488937 0
0.3592039915392417 0.4157406930154627 0
-0.4391102946959982 -0.1420234080891807 0
0.4498724864408244 0.9776379758152416 0
-0.1131563528551304 -0.1592276736052301 0
0.9802238136220738 0.6473686300130417 0
-0.3774328442634583 0.113745492050871 0
0.6398611572505886 0.5762203787190994 0
0.381722642373289 0.0822909623753207 0
-0.1803101695262176 -0.2165649809986579 0
-0.2000129881104044 -0.3647111796098358 0
-0.4344060559273945 -0.2434159554852253 0
-0.7678585550528221 -0.04651929842540777 0
-0.04934402196101421 0.1847076831089759 0
-0.3561114768922107 -0.01608983291545014 0
0.181637565994462 -0.0221298393102727 0
-0.7640194268494431 -0.4680507578253155 0
0.02246652169958552 -0.3728339003944708 0
0.4148725100832638 -0.9522617383467865 0
-0.5348075742107332 -0.04892241733218747 0
-0.8322568848087842 -0.9157225832701851 0
0.009288562550827176 -0.617403887594113 0
0.9535440376691586 0.2385918443490041 0
0.9538401026062708 -0.4090894926356281 0
-0.1883334858641504 -0.3853718468183417 0
-0.2260900120540496 0.2192753510558808 0
-0.05235347820747563 -0.4133327067825589 0
0.4350662480707499 0.3507362726507822 0
-0.9565404494005172 0.521984445705246 0
-0.787707402254065 -0.4832136778092294 0
-0.3584237037199238 -0.7960605148487081 0
-0.812006143943785 -0.498404928590373 0
0.2165635567076015 -0.1928771270667379 0
-0.02888999578049083 0.9771205625041838 0
0.02505992662563549 -0.4130334263512178 0
-0.01413133998911466 0.8692672495295179 0
-0.2063048453420961 -0.1250159796720192 0
-0.05545713577674686 0.8562528732713178 0
0.5834236942185708 -0.9296868195759093 0
-0.9525080779216656 -0.2653773529908656 0
0.1472234323392045 -0.9274163501240826 0
-0.1134694164218264 -0.4332673787730019 0
-0.7999805324879221 0.07751921587383956 0
-0.0637945940205565 0.8982170989272101 0
-0.3775015648650907 -0.9524857303552575 0
0.4581990450336375 0.3662733128254405 0
-0.1052597829780957 0.8846707336311068 0
-0.5660540532971226 0.04115543468932513 0
-0.3563741169343556 -0.8233228130739005 0
-0.6685882216075438 -0.1466558267535265 0
-0.005957094343710404 0.3228558892266906 0
-0.926991901035805 0.8287709014433489 0
-0.2410805037965059 0.08055107320473148 0
0.4817571431056107 0.382062951460864 0
-0.8039907694481153 0.1326507325032082 0
-0.6721512253469386 -0.09315949214374043 0
-0.9535559437662618 0.2676422790422996 0
-0.6470711594751635 -0.1291685846830138 0
0.1012590388833181 -0.1387727404956219 0
-0.3786621311793979 -0.8388430977740058 0
-0.4147223898669389 0.0927779492429337 0
0.8786676389009076 0.6526320932056739 0
-0.7739405432104627 0.06061736607402755 0
0.5051456433251493 0.39790701531214 0
-0.7795003857676513 0.11766605323612 0
-0.350429633109846 0.4392976801886704 0
-0.6437149812534853 -0.1828136008534723 0
-0.6496991825724192 -0.07422700111760196 0
-0.6659117120075857 -0.2025178997725929 0
-0.7847214077326679 0.2515174638468896 0
-0.8364510345808643 -0.4860495845103284 0
0.5522074289288189 0.4297655272624074 0
-0.3809257635836869 -0.01475407974855545 0
0.5287197146751315 0.4137639488046407 0
-0.04121153288535745 -0.4357350997511947 0
0.08189373733192375 -0.9771137105016778 0
0.01828283475311764 0.4151873616276577 0
-0.4694471984579579 0.3990397517581066 0
-0.4014039816786373 -0.8555242178618713 0
-0.8194234586389527 0.2756508432366599 0
-0.6523848422851253 -0.04907242028261626 0
-0.9529284489717964 -0.5501635084497742 0
0.8169014084512127 0.9785843488484967 0
-0.5420051081996707 -0.605442759964462 0
0.925103177023312 -0.6915390848919158 0
0.5890031660637034 0.9497813741945972 0
-0.978000742351866 -0.8722650780686324 0
-0.5173359797194289 -0.6174202664814358 0
-0.6775940749165793 -0.01259180343589014 0
-0.7884681138027529 0.3068468507881022 0
-0.8616823544485089 -0.4474767936278727 0
-0.9535616408051062 0.2394975105724615 0
0.8550152281604015 0.9552697926830335 0
-0.63540899806422 -0.2313608361217179 0
0.5751477142812491 0.4455372625830009 0
-0.40063711043727 -0.8825910641349447 0
-0.341098914394457 -0.1854811180008167 0
-0.4554441370699575 0.116736183412104 0
-0.9054936703810622 -0.1301980589863958 0
0.04825539463863848 -0.3974118462617012 0
-0.1549955293665326 -0.01222264963178512 0
-0.81508886336336 0.219991364785165 0
-0.782666559400635 0.1727134786885994 0
-0.4396399473717668 0.09402620876410391 0
-0.3007941064124103 -0.3568910138118371 0
-0.8232917918960262 0.3302330332224146 0
0.5986177716863536 0.4616691756345238 0
-0.6655814764124517 -0.2575863050241903 0
0.6198925250913417 0.5051099847589561 0
-0.6552520761897298 0.005660007928272319 0
-0.4225818937921387 -0.8975620090437681 0
-0.8851662039286263 -0.4616677334073694 0
-0.02816901408720552 -0.9789188545919553 0
-0.3952880192846225 -0.4953200351639589 0
-0.7967406757994706 0.3657146155914063 0
0.2609039365037887 -0.159606528109004 0
0.643606925147963 0.5215220041696447 0
0.1372280478271532 -0.3124748404303795 0
-0.1353799546599114 0.9540076436572275 0
-0.7940912143469824 0.3907090432485442 0
-0.6581003103544978 0.03126711850329029 0
-0.3241818713438443 0.4271573822442195 0
-0.3555910247152371 -0.2056623818815176 0
0.03489620966967209 -0.6626496358453839 0
0.9479737435742742 -0.05848060837825319 0
-0.4208164924813785 -0.9267656812254645 0
0.6629893424709882 0.5928723423497964 0
-0.6848163318230832 0.06669796669791946 0
-0.3993294434210733 0.4637823109799583 0
-0.6353592138127239 -0.2861020018496788 0
-0.8288653044499883 0.4147169308133576 0
-0.7802745797198245 0.1969569165781799 0
-0.9366324604737389 -0.7552963705871958 0
-0.7731891860857242 0.03513234254687162 0
-0.6866558745282655 0.09401085928391349 0
0.948411041044539 0.617625906993798 0
0.6859710208806605 0.6090138199235002 0
0.7351489425371565 0.6402278799419848 0
-0.7980973553592273 0.4456171857777896 0
-0.7426234113712663 0.9528841539800376 0
-0.9244681832205934 0.5466641690434224 0
-0.9093281369709287 -0.4499248186270264 0
0.03771243921662652 -0.6885035592101575 0
-0.4062597194667571 -0.5907503607239459 0
-0.5237462724852704 -0.1263643404629238 0
-0.3038884531755664 -0.9279779164856684 0
-0.1134209653056684 0.9746828740852483 0
-0.03169447996868329 0.2062865454721097 0
-0.8327839499464121 0.4696677430826848 0
-0.3826355265812529 -0.5971913650136467 0
-0.6819229462734122 -0.3269593782800621 0
0.9545404259280301 0.2106363118402547 0
0.710336638493566 0.6246634954769625 0
-0.201220544209704 -0.9784371595905414 0
-0.3738884109017755 -0.6369708163450476 0
-0.3898875924333873 -0.1823087088796035 0
0.7602632774317517 0.6281266165136461 0
-0.4471175113282809 -0.6009744856179215 0
-0.8046534575780558 0.5019937690502339 0
0.281273916002427 -0.1150041580862808 0
-0.6890734864809825 0.1206908015189632 0
-0.6418736972184698 -0.8165508058842801 0
0.9547864466143989 -0.4373004282608576 0
-0.7719281633995704 -0.9547508483014218 0
-0.8077293753181444 0.5316310923117936 0
-0.6789357415673837 -0.3518939675082954 0
-0.03420617317002105 0.3728522938394737 0
-0.9379575930566753 -0.333452799746447 0
0.6325591156129785 0.9538888369441209 0
-0.3345102108462254 -0.6207579483555818 0
-0.6907173807585718 0.148328964416856 0
-0.5617939827593599 -0.9091085591482155 0
-0.3247391991539638 -0.6607314132781932 0
0.037142556336643 -0.7170016822391273 0
0.1337054257657531 -0.2544256810281691 0
-0.9574777788265942 0.8599472475692336 0
-0.9266270862645053 -0.9794595966890367 0
0.8308234039064546 0.6471313108876917 0
-0.4155591000993276 -0.1810869498587993 0
0.7836168672872896 0.6164545520344596 0
-0.4866613363247287 -0.4216640440811544 0
-0.6928712427936168 0.1754609750812268 0
-0.9142179494215441 0.9542989256090636 0
0.2008665843961354 0.9510193680122253 0
0.5559852778284987 -0.9440217082191735 0
-0.2856379366665417 -0.6445219606661152 0
-0.08186720882064949 -0.08186720882061749 0
0.08186720882061749 -0.08186720882064949 0
0.08186720882064949 0.08186720882061749 0
-0.08186720882061749 0.08186720882064949 0
-0.6943904309763054 0.2032879614585702 0
0.01234556727013392 0.4408087320935439 0
0.8068794834971494 0.6317717845638084 0
-0.21863291823218 -0.1462804779273218 0
-0.6020568141717141 -0.3744199571218028 0
-0.4401269542647874 0.9531798717092355 0
-0.9245589628735612 -0.5171913054215281 0
-0.9783080708186858 -0.8445905485705806 0
-0.1726098099578595 0.5002411454859065 0
-0.4759869202213032 0.07668407893330324 0
-0.0664735208944742 -0.9553973263869719 0
-0.6949894954374487 0.2321429908566786 0
0.9395226707263615 0.4580457167943565 0
-0.2753912519968899 -0.6845207986171062 0
-0.340152250676259 -0.5180156363010833 0
0.4170695078030535 0.9515174144870933 0
-0.4865487428305429 -0.4480883215701743 0
0.8555795162810522 0.6367274235131705 0
-0.9296488254275085 -0.1140372536182588 0
0.9536726173273966 -0.7229452998304327 0
0.9241016400609607 0.7095089652349215 0
0.1316981786725941 -0.2293990234514436 0
0.8763602790226198 0.6792663638041293 0
-0.6998956860553518 0.28625236233065 0
-0.4661967218399647 -0.9547032307360279 0
-0.6738446259151072 0.2489442870496569 0
0.2793291825706107 0.9774455829032037 0
-0.1565139514409809 -0.09116288783269857 0
-0.9318639326662087 0.2822158967443128 0
-0.2373154654023972 -0.668419606213681 0
0.1886672898875414 0.1782567078079501 0
-0.691045264293622 0.9555951934506034 0
0.2388123075042323 -0.1762468194736726 0
-0.1384647745550565 0.02028162862632634 0
-0.6708292180358697 -0.9514821377291937 0
0.9001904945760404 0.6948525050207337 0
-0.7024350977672107 0.3131696157768491 0
0.01085125586683134 0.5071261113282279 0
-0.7040938877815044 0.3410652885391685 0
0.2545516964096014 -0.08021763541103805 0
0.02604268991293927 0.3067505899521402 0
0.47974976681808 0.9769157099405996 0
-0.4042630306935437 -0.01365930857439105 0
-0.507984104976495 -0.4638611657034925 0
-0.1756870908713822 -0.4081798616069164 0
-0.2591188726623811 -0.3837347404910836 0
-0.4179825515825434 -0.9516555579964696 0
0.3126194589057244 0.9776501460956688 0
-0.4031526925718827 -0.3123755369688105 0
-0.7062698430842632 0.3685260960789415 0
0.164838519707166 0.1234146475626502 0
-0.1895529205007453 -0.6656381065352934 0
0.9581102866028215 -0.4943525079145169 0
0.6901408450712838 0.9557339244171108 0
-0.7352693261392136 0.4660024332978819 0
0.9816111461217276 -0.08405291301073801 0
-0.7079912738065839 0.3964802645820046 0
-0.1429889335788501 -0.6613632215506688 0
0.2593632374450592 -0.133180980535557 0
-0.5070950915430933 -0.4901347261388998 0
-0.7100110571666411 0.4248028803264363 0
0.403013009602325 0.09914902338152723 0
-0.1147650075297411 -0.4755121364519049 0
-0.7367086234471165 0.4952533299558942 0
0.4344982737872626 0.03866486628407958 0
0.9813852294268459 0.591056534722101 0
0.9554484834147644 0.1822657543531292 0
-0.7140819582528234 0.5104215759823634 0
-0.3103662429669373 0.9790790163254129 0
-0.9545338539435957 0.5772314805171336 0
0.9562904192705242 -0.466188406265333 0
-0.6338113635379953 0.9524487145762059 0
-0.6926996729292805 0.5243254342271884 0
-0.6981256130530282 0.6379077549993095 0
0.2005469895799234 0.2226547644337486 0
0.2995239468051538 -0.0428873223757292 0
0.01997686545014059 0.3863938834272307 0
-0.07813289187458951 -0.6442189790049835 0
-0.6944799756767368 0.5511275038437515 0
-0.6749653512267856 0.6545064689057526 0
-0.6965924540388316 0.5787805861575565 0
-0.9261526846583923 0.8865606996614176 0
-0.6517686076353419 0.6696008135917526 0
-0.6974775599707387 0.607799117929273 0
-0.7289107403527417 -0.8456832625170728 0
-0.5277280499927518 -0.5051551868766393 0
-0.9561453104398185 -0.8301979898425007 0
0.2451761311329738 0.9531191320359256 0
0.0247938247071789 0.9519197885396264 0
0.7497747139783435 -0.953800273649952 0
0.9577271538606991 -0.7466596033284689 0
-0.5257546435066581 -0.5588978890384035 0
-0.9575458662785761 -0.4923382867593644 0
0.9473540905827641 0.6980862889926891 0
-0.9551965289904244 -0.2944876547915396 0
-0.5268259053218113 -0.5321702743934431 0
-0.8111994897671546 -0.8988563353424639 0
-0.1021358165968145 -0.7599846717831622 0
-0.124009949183768 -0.1404491986488396 0
-0.551811320591149 0.6199664782789073 0
-0.9325370284272237 0.3101546183203975 0
-0.2594733963384771 0.4169685435237257 0
0.1160964299210577 -0.9777989009804647 0
0.4097701635004976 0.4219313678347963 0
-0.1545937609733265 0.06909171905629494 0
-0.8596588993034207 0.9571718647009638 0
0.01423793191747109 -0.733199972804681 0
-0.05626625358153073 -0.7536165999134952 0
-0.1526549017643011 -0.40537227326666 0
-0.5465667776456531 -0.5731450339337496 0
0.9566516136737589 0.9436619718308271 0
-0.8151730300293134 0.9317093909687826 0
0.08123614600782088 0.2024699699768252 0
0.06876567487324695 0.9562253879340832 0
-0.9062854522229836 -0.07468238289524534 0
-0.5916469501484165 0.9320271036549325 0
-0.9812124157458296 -0.4225352112660017 0
0.978574406367127 -0.537915799276406 0
-0.272519638126825 -0.9501143810614534 0
0.1542389084858957 0.06727750113362782 0
0.3666337323668243 -0.9540605462920608 0
-0.1163254278481 0.5681158913589393 0
0.9546022643385124 -0.1183867174682799 0
-0.4575221487919784 -0.2048865063076649 0
-0.125011357876675 -0.8056336158130012 0
-0.4778034195814846 0.5800546189191914 0
0.9563577795763637 0.1540803113701338 0
-0.2148571684029374 0.4765601604575078 0
-0.4313297930836946 0.5823951239842853 0
0.9516535681395161 0.5613978439534794 0
-0.5132845721380289 -0.2559560268086459 0
-0.4363300016325586 -0.1789918255273335 0
-0.4964416754118042 0.3463119761629754 0
-0.03766160257681415 0.08530671745663911 0
0.0853071213638555 0.03766071594180929 0
0.03766069162349457 -0.08530712545178457 0
0.2689497703328886 -0.9566831207380355 0
-0.9559816997202457 0.6037755332105424 0
-0.08530757216109124 -0.03765784327051221 0
0.1760410193623099 0.02966793908090621 0
-0.07930656238656858 0.9786074166528193 0
-0.4081192865881603 0.5980877425396455 0
-0.009162492825460201 -0.7240574553865252 0
0.1434727426279975 0.1271630295958973 0
-0.9572723465981795 -0.802816902818947 0
0.01138087990792328 0.2249471627979539 0
-0.3759718531468065 -0.5061598951746631 0
0.9211570941002367 -0.9540877311833047 0
-0.03267984055768804 -0.7390296499431385 0
0.4314116883827466 0.1162383539537539 0
-0.3850814576961911 0.6130816144353952 0
-0.04403831009289522 0.5881096191632524 0
-0.06492410343005313 -0.4755499967595065 0
-0.1215134637373465 -0.8296686756283995 0
-0.4893638704048418 0.2368578609077757 0
-0.1668140119469576 0.1068051463287029 0
0.9791378401315187 -0.508221197202422 0
-0.3473350198870433 -0.9289409353729786 0
-0.140655935954394 -0.1223110351244031 0
0.9116125630418878 0.9550433506873764 0
0.12486272785552 -0.1693469497951483 0
-0.8894916526850262 -0.2978762812823754 0
-0.3618208949156433 0.6287606269132127 0
-0.0794872126687774 -0.7443860183401859 0
-0.9809673892242088 0.9303216580936347 0
-0.9333108441358565 0.338005094901347 0
0.5199881258240784 0.9567191953731409 0
-0.3576266929332435 -0.3358683016530039 0
-0.5296900065151605 0.9300342843593434 0
-0.8457721379720673 -0.9817764984083236 0
-0.4510191304091884 0.0323257353106185 0
-0.1004661005767973 -0.7852204669507746 0
-0.2271141682348705 -0.4483433091795179 0
0.129682837521624 0.1806101570581254 0
-0.9274710773090256 -0.4639699279180558 0
-0.02197076376441465 0.3917532416720767 0
-0.1363201403063914 -0.01931040205578293 0
0.9570753591617105 0.9133550172111403 0
-0.9536657594243606 0.8087272971639241 0
-0.3385190498093945 0.6442789530476853 0
0.2768084746057087 -0.06260640839101007 0
-0.1633916268257273 -0.8895553057265626 0
0.03083662966553963 -0.5476052765675868 0
-0.3152190355631625 0.6598994734729453 0
0.1267605633827083 0.9578145853006235 0
-0.9043789279930886 -0.05049679982104571 0
-0.9813579263628217 -0.3936852879527415 0
0.03161057446066932 -0.5757257262891926 0
-0.2921287611905485 0.6746458354857373 0
-0.4920037346580161 0.9099998310330508 0
-0.1744586801975224 -0.06229751000010711 0
0.5352112676043436 -0.9823221455801657 0
0.3098591549276605 -0.9823624714650696 0
0.0281690140818085 -0.9823735902848781 0
0.205348091986629 -0.9546405873973908 0
0.1745200117030741 0.05554160079559629 0
-0.1381428333958411 -0.9252564577125306 0
0.3774314978842574 0.4022449493280544 0
-0.4197278330470647 -0.1165012894989302 0
0.178595678461476 0.004881102250580668 0
-0.2688052038065011 0.6902619693592935 0
-0.429933934409262 -0.2982015404742945 0
-0.4358966535408316 0.4430022359719657 0
-0.2602903014489384 -0.431777221912259 0
-0.9188408350440997 -0.3202790164089497 0
0.95737268165351 0.1259195548212256 0
-0.1630053706139616 -0.9790740507883089 0
-0.5342075622614441 -0.3507991943632132 0
0.003237924209059663 0.1791069347930826 0
-0.2454886196809894 0.7058435218015168 0
-0.133052706292824 -0.9485683312669485 0
0.9521725278413415 -0.1435126943243399 0
0.09667289797123249 -0.3714752575100269 0
-0.2220324228967309 0.7220862654436485 0
-0.1986687425899532 0.7380389403562151 0
-0.9579913547759936 -0.7460481275603674 0
-0.9342193945702455 -0.7878678062780472 0
0.02101018736587356 0.2016224589517453 0
-0.2533514561689063 -0.9823775545230351 0
-0.9574294426973868 0.6319993904589006 0
-0.1754573109977031 0.752869368159317 0
0.9841550100741714 0.5348268493689539 0
-0.4698820014343674 0.3058558754454227 0
-0.6361099843295652 -0.843018849613012 0
0.9599265811314217 0.8885683634237924 0
-0.1737247128641549 0.784200102614559 0
-0.5543682202861566 -0.3917422576684831 0
-0.7446099579105854 -0.9580055851949054 0
-0.2142142521510813 0.1123270025154071 0
-0.1501225402821172 0.8021363196996587 0
0.01384591299934909 -0.1506862327611578 0
-0.4558099940886538 -0.2395382892064352 0
-0.5766176488258412 -0.4066579377352759 0
-0.9573951197303914 0.9499417527178227 0
-0.2578050644117225 0.9537819411351448 0
-0.05225539528680036 0.7492056314174838 0
-0.02917781126993513 0.7673149434845805 0
0.1527158786646054 0.09092776323922881 0
-0.02799383107100859 0.7948637819630662 0
-0.1131805549472568 0.9435382054063105 0
-0.7810920237410882 0.9545065181792043 0
-0.1567153338023221 -0.1585130288007366 0
-0.208235235242737 0.9574468246486915 0
-0.02448343373450957 0.351518565452366 0
-0.1204781888295297 -0.8546631273034702 0
0.4694197951215797 0.01535976274250235 0
-0.01092050345743867 0.5442288822102024 0
-0.001438609873011852 0.4233463323541207 0
0.9557610345018441 -0.5840499433712735 0
-0.1420626013311843 -0.8719826690000623 0
-0.9342058854341865 0.3659487313466161 0
-0.007317719245737622 0.8106689120355118 0
-0.1910685151834906 0.1101024001014462 0
-0.9679331149269328 -0.9783565586239213 0
-0.009485990604377039 0.8392099743548369 0
0.4152836926605867 -0.02360513563866991 0
0.9793788504909342 -0.9793788504909754 0
0.9793788504909753 0.9793788504909343 0
-0.9095633772958769 0.5823362559637326 0
-0.1108890298238929 0.9145941404743003 0
-0.6358418834157726 -0.3584395328971632 0
0.9553640296819599 -0.6681567001658371 0
-0.9795222742379237 0.9795222742379657 0
-0.05603440840125846 -0.6535927122718929 0
-0.112676056340493 -0.9833424708238898 0
-0.4784754473106994 0.4205489881828342 0
-0.4277016071231274 -0.05243902037167419 0
0.6604958753097415 -0.9577729912707753 0
0.9311677753422238 -0.7729917492412617 0
-0.9364387114907013 -0.02706968298660247 0
-0.9586630240997769 -0.3233950442336677 0
-0.03344164074956218 -0.6394935089056973 0
-0.6564311283798604 -0.3054261662724642 0
0.7094411484728672 -0.9544744866960623 0
0.9440365800635355 -0.6246556565157135 0
0.1168481058791337 -0.2433810742355373 0
0.8209201688133719 -0.9318788445439656 0
0.4891173737947097 -0.9563836431315869 0
-0.9583743988998092 -0.3759548236549647 0
-0.6044119052647593 -0.3955807245383803 0
0.9587301059256784 -0.5477166696124713 0
-0.3802820983433913 0.9590232428221204 0
-0.507042253522496 -0.9834473774836383 0
-0.02012344563240223 0.008433279601031679 0
0.002909297234554663 0.02047675462567771 0
0.02077600712385969 -0.002861552757671845 0
-0.002798667956442258 -0.02074014648089285 0
0.2205095926202172 0.005998366538834943 0
-0.2802093361970061 0.380912169951905 0
0.9586741353635218 0.09775785543146227 0
-0.1256990482082376 -0.6742869511800282 0
-0.04339910141242685 0.9591378557865804 0
-0.1017126211153484 -0.6587337163737186 0
0.168997998167868 -0.9351482166172439 0
-0.8316994744749281 0.5472579270661835 0
-0.9585220957657348 0.6601096332133679 0
-0.174347208472258 -0.6787594267105057 0
0.05486319681034116 -0.9290729311072408 0
-0.01229214233546176 -0.6273363284413672 0
-0.9585405218984662 -0.7175021798145512 0
0.9837118858291678 -0.1690140845093506 0
0.2701356716609262 -0.01947028829319893 0
-0.9317680003178607 0.5682747539259854 0
-0.8579765449735769 0.5591490773114728 0
0.0133388792387559 0.4857768791549812 0
-0.5317636062642388 -0.2175119855854515 0
-0.2223380220460392 -0.6822600818532134 0
0.3494573490353572 0.9574478509123467 0
0.9809033009951936 0.5104129907549169 0
-0.883403288763799 0.5716120246589933 0
0.1980355669431341 0.01882859306990174 0
0.4371539917340379 -0.9596743054632282 0
0.741541720430438 0.9558711638727477 0
-0.6480674992488179 -0.3724882943490362 0
0.2463337895943963 -0.007628352064591068 0
-0.1552446566034126 0.9599318341011025 0
-0.1377357504604 0.03722744811652304 0
-0.3403821200922111 -0.457619970092075 0
-0.7913916442957565 -0.8829115415939082 0
-0.186424304482083 -0.1598920188934042 0
-0.9586094458020384 -0.3496812509146413 0
-0.935277329615114 0.3939092921665537 0
-0.0891472259684989 0.7750467267483584 0
0.9309970612865186 0.8631656182357879 0
-0.4611618145531311 0.1908102741302526 0
0.4150518693459267 0.3851641268916228 0
-0.7143250280902012 -0.8299200652528675 0
-0.3369732369413633 -0.492444420702474 0
-0.01385479322994491 -0.1451907248916514 0
0.1813291776444843 0.958633607507304 0
-0.9351087732516072 -0.001545011240617928 0
-0.03327607132199686 -0.4556202532613199 0
-0.394084284330696 0.4393167735483226 0
-0.2414714684074337 0.4319770215690758 0
0.8773203988351042 -0.9273521095743227 0
0.9597400627577755 0.06960651983640938 0
0.06530648954399888 -0.1502841977676376 0
-0.1489310279574681 -0.1413799874341686 0
0.8298605927039578 0.9613876276868547 0
0.04007335487493346 -0.14996874258299 0
-0.4629172925314727 0.1434899265109519 0
-0.9580945217902606 0.6860099641145974 0
-0.9591222195455917 -0.6890854492872968 0
-0.9551862535039812 -0.6000637685061855 0
0.007539819602565482 -0.4327465426956265 0
-0.8963722699011263 -0.9554759960365024 0
0.9339373323175548 0.4974972014162081 0
0.955066106614302 -0.1990415775658281 0
0.1442480230535809 -0.3343588391416595 0
0.8515183947913252 -0.9555184567890984 0
0.7797590537860947 0.9571520144467054 0
0.6073821626454767 0.9592163557672588 0
-0.04146172941621132 -0.9624001798957493 0
0.9826670340401025 -0.8437346804882546 0
-0.3251080693841513 0.9612460711022282 0
-0.6130463621739086 -0.8497600667800662 0
-0.3207276576613808 0.4066930666298213 0
-0.002555848453307367 0.04061111620865787 0
-0.331041311333571 -0.3778610875083709 0
-0.5388104215728022 -0.1836732984210214 0
0.9378132623300588 -0.5896665625488211 0
-0.9354034177284993 0.4211457495754845 0
-0.4597315443930376 -0.5866808654058799 0
-0.5413977215283485 -0.1583836966900641 0
0.5635155637065803 0.9845043673170568 0
0.6103021867336942 -0.9315388347302833 0
-0.5417823714608854 -0.1329847158969525 0
0.04017778471999015 0.002789131928674566 0
-0.4175710826933597 0.9565354377927997 0
0.002820439588424832 -0.04018870020481431 0
-0.4601242832337145 0.09265796689736129 0
0.2099260676676635 0.18357781901192 0
-0.5573410344265058 -0.9315379588482831 0
-0.04093042712253295 -0.002255666501101462 0
-0.5317513900276439 -0.2643055563579709 0
-0.1217419652695249 -0.4501177331299202 0
-0.2842095186766293 -0.9347190637006926 0
-0.960977274200024 -0.6630779600028187 0
-0.7178552061318643 -0.9617443644030838 0
0.9612779416744787 0.04225352112407818 0
-0.5150984902441297 -0.220578408350686 0
-0.5266891521358334 -0.09226491188526302 0
-0.9548274079540625 0.9069037896514626 0
-0.5296889380611409 -0.2908450493051787 0
-0.1545720942177035 -0.109700043039387 0
-0.1700832347781205 0.5423556323274714 0
-0.5518260946785262 0.9320259167957854 0
0.04165864267951394 0.1974593609489528 0
-0.6785673093330475 -0.8344907930545704 0
0.005175639774743878 -0.6374910003515656 0
0.02890994858301286 -0.3901704257408809 0
-0.5146355846717544 0.6057196416475965 0
0.1272236342177533 -0.1862373714649299 0
-0.9344419740654092 0.02613677568908335 0
0.04429466609865505 0.9610266574607274 0
0.4370035052526161 0.9609332226748006 0
-0.5292287154926608 -0.3168057633914829 0
0.955892162032641 -0.8197629067847526 0

CELLS 12931 51334
1 0
1 1
1 2
1 3
1 4
1 5
1 6
1 7
1 8
1 9
1 10
1 11
1 12
1 13
1 14
1 15
1 16
1 17
1 18
2 0 19
2 19 20
2 20 21
2 21 22
2 22 23
2 23 24
2 24 25
2 25 26
2 26 27
2 27 28
2 28 29
2 29 30
2 30 31
2 31 32
2 32 33
2 33 34
2 34 35
2 35 36
2 36 37
2 37 38
2 38 39
2 39 40
2 40 41
2 41 42
2 42 43
2 43 44
2 44 45
2 45 46
2 46 47
2 47 48
2 48 49
2 49 50
2 50 51
2 51 52
2 52 53
2 53 54
2 54 55
2 55 56
2 56 57
2 57 58
2 58 59
2 59 60
2 60 61
2 61 62
2 62 63
2 63 64
2 64 65
2 65 66
2 66 67
2 67 68
2 68 69
2 69 70
2 70 71
2 71 72
2 72 73
2 73 74
2 74 75
2 75 76
2 76 77
2 77 78
2 78 79
2 79 80
2 80 81
2 81 82
2 82 83
2 83 84
2 84 85
2 85 86
2 86 87
2 87 88
2 88 1
2 1 89
2 89 90
2 90 91
2 91 92
2 92 93
2 93 94
2 94 95
2 95 96
2 96 97
2 97 98
2 98 99
2 99 100
2 100 101
2 101 102
2 102 103
2 103 104
2 104 105
2 105 106
2 106 107
2 107 108
2 108 109
2 109 110
2 110 111
2 111 112
2 112 113
2 113 114
2 114 115
2 115 116
2 116 117
2 117 118
2 118 119
2 119 120
2 120 121
2 121 122
2 122 123
2 123 124
2 124 125
2 125 126
2 126 127
2 127 128
2 128 129
2 129 130
2 130 131
2 131 132
2 132 133
2 133 134
2 134 135
2 135 136
2 136 137
2 137 138
2 138 139
2 139 140
2 140 141
2 141 142
2 142 143
2 143 144
2 144 145
2 145 146
2 146 147
2 147 148
2 148 149
2 149 150
2 150 151
2 151 152
2 152 153
2 153 154
2 154 155
2 155 156
2 156 157
2 157 158
2 158 2
2 2 159
2 159 160
2 160 161
2 161 162
2 162 163
2 163 164
2 164 165
2 165 166
2 166 167
2 167 168
2 168 169
2 169 170
2 170 171
2 171 172
2 172 173
2 173 174
2 174 175
2 175 176
2 176 177
2 177 178
2 178 179
2 179 180
2 180 181
2 181 182
2 182 183
2 183 184
2 184 185
2 185 186
2 186 187
2 187 188
2 188 189
2 189 190
2 190 191
2 191 192
2 192 193
2 193 194
2 194 195
2 195 196
2 196 197
2 197 198
2 198 199
2 199 200
2 200 201
2 201 202
2 202 203
2 203 204
2 204 205
2 205 206
2 206 207
2 207 208
2 208 209
2 209 210
2 210 211
2 211 212
2 212 213
2 213 214
2 214 215
2 215 216
2 216 217
2 217 218
2 218 219
2 219 220
2 220 221
2 221 222
2 222 223
2 223 224
2 224 225
2 225 226
2 226 227
2 227 228
2 228 3
2 3 229
2 229 230
2 230 231
2 231 232
2 232 233
2 233 234
2 234 235
2 235 236
2 236 237
2 237 238
2 238 239
2 239 240
2 240 241
2 241 242
2 242 243
2 243 244
2 244 245
2 245 246
2 246 247
2 247 248
2 248 249
2 249 250
2 250 251
2 251 252
2 252 253
2 253 254
2 254 255
2 255 256
2 256 257
2 257 258
2 258 259
2 259 260
2 260 261
2 261 262
2 262 263
2 263 264
2 264 265
2 265 266
2 266 267
2 267 268
2 268 269
2 269 270
2 270 271
2 271 272
2 272 273
2 273 274
2 274 275
2 275 276
2 276 277
2 277 278
2 278 279
2 279 280
2 280 281
2 281 282
2 282 283
2 283 284
2 284 285
2 285 286
2 286 287
2 287 288
2 288 289
2 289 290
2 290 291
2 291 292
2 292 293
2 293 294
2 294 295
2 295 296
2 296 297
2 297 298
2 298 0
2 4 299
2 299 300
2 300 301
2 301 302
2 302 303
2 303 304
2 304 305
2 305 306
2 306 5
2 5 307
2 307 308
2 308 309
2 309 310
2 310 311
2 311 312
2 312 313
2 313 314
2 314 6
2 6 315
2 315 316
2 316 317
2 317 318
2 318 319
2 319 320
2 320 321
2 321 322
2 322 7
2 7 323
2 323 324
2 324 325
2 325 326
2 326 327
2 327 328
2 328 329
2 329 330
2 330 4
2 9 331
2 331 332
2 332 333
2 333 334
2 334 335
2 335 336
2 336 337
2 337 10
2 10 338
2 338 339
2 339 340
2 340 341
2 341 342
2 342 343
2 343 344
2 344 11
2 11 345
2 345 346
2 346 347
2 347 348
2 348 349
2 349 350
2 350 351
2 351 8
2 8 352
2 352 353
2 353 354
2 354 355
2 355 356
2 356 357
2 357 358
2 358 9
3 5120 1479 6033
3 3681 745 6009
3 4851 3277 5480
3 3725 2845 5661
3 3798 1396 4251
3 3782 14 3784
3 2414 4994 5467
3 3108 3672 5546
3 3784 14 3785
3 4293 3185 5616
3 3968 5120 6033
3 4835 3943 4836
3 3639 3798 4251
3 4000 2470 5386
3 3617 3965 6232
3 298 0 6278
3 115 116 3823
3 4209 2376 5436
3 4342 4293 5616
3 1939 1941 4065
3 3158 5885 6065
3 0 19 6278
3 3110 3725 5661
3 3620 4010 4993
3 3657 419 3700
3 5727 3625 6137
3 3736 2067 4566
3 5885 3673 6065
3 4993 4010 4994
3 4074 4192 5934
3 2716 5727 6137
3 92 93 4011
3 3735 4513 5829
3 1601 3684 4386
3 5227 4684 6096
3 1762 3896 5558
3 3974 3598 5935
3 3689 3752 5510
3 3743 3420 3851
3 3994 2668 3995
3 3896 3897 5558
3 3582 4209 5436
3 3672 3108 6065
3 3206 3926 6069
3 3564 3563 4466
3 3592 4845 4854
3 4229 3543 6071
3 3965 1620 6232
3 3641 4827 6258
3 30 31 4515
3 2695 3912 5813
3 3893 3817 6028
3 2760 3805 4817
3 5935 3598 6201
3 1773 3943 4835
3 611 4015 4020
3 139 140 4884
3 3792 2808 3945
3 4127 1178 5936
3 745 3681 3944
3 3742 2695 5813
3 1178 4127 5966
3 4827 2763 6258
3 3616 1793 4901
3 2808 3792 5824
3 3815 3863 5234
3 611 4020 6406
3 1793 3616 5681
3 3894 3893 6028
3 3204 4847 5547
3 300 331 299
3 324 352 323
3 345 315 316
3 307 308 338
3 306 337 305
3 313 314 344
3 330 358 329
3 351 321 322
3 179 180 4672
3 1785 4581 4771
3 2786 3767 3768
3 2787 3774 3775
3 2785 3760 3761
3 2788 3753 3754
3 414 4582 4772
3 4013 4015 5854
3 4342 5616 5750
3 369 3636 3901
3 3390 4851 5480
3 3675 1793 5681
3 3684 1601 6071
3 4343 4342 5750
3 1793 3675 5828
3 5799 2684 5916
3 4688 5048 6030
3 4474 5799 5916
3 3405 5227 6096
3 3403 5688 6145
3 3543 4229 5879
3 3653 406 4845
3 406 3653 4844
3 3636 369 6217
3 4845 406 4854
3 5164 3619 6146
3 419 3657 6194
3 3676 1795 5698
3 3791 2720 3809
3 1582 3819 3821
3 1795 3676 5840
3 387 4727 4878
3 5048 4688 5761
3 4858 5091 6096
3 3689 2723 3752
3 3912 2695 3920
3 3610 4024 6156
3 3998 373 3999
3 2828 3420 3743
3 2787 3775 3778
3 2786 3768 3772
3 2785 3761 3765
3 3689 5510 5850
3 4284 3224 5879
3 2788 3754 3759
3 4847 3300 5547
3 3858 409 6058
3 4406 3381 5346
3 1582 3818 3819
3 3895 361 3981
3 386 3649 5707
3 4466 3563 6219
3 3649 386 6299
3 1873 3732 5904
3 562 754 4016
3 1317 92 4011
3 3224 4284 6182
3 3732 1873 5914
3 4192 3559 5934
3 4581 1785 4772
3 4513 2009 5829
3 5837 3188 6223
3 352 8 323
3 299 331 9
3 10 307 338
3 11 315 345
3 8 351 322
3 9 358 330
3 344 314 11
3 306 10 337
3 5815 3880 6055
3 3658 603 4030
3 3926 3927 6069
3 754 4014 4016
3 2723 310 3752
3 311 2723 3687
3 2724 318 3691
3 4032 3290 5928
3 3278 5901 5903
3 4428 1867 4429
3 116 389 3823
3 329 328 3597
3 3222 5014 5570
3 5901 4076 5903
3 3290 4032 5942
3 4871 2690 5975
3 2690 4871 5863
3 3928 2410 6133
3 3682 3681 6009
3 5705 483 5720
3 3574 5705 5720
3 364 4406 5346
3 4213 5837 6223
3 3727 363 5284
3 3664 1777 4852
3 3172 4760 4883
3 2720 3791 5694
3 394 4750 4884
3 1265 3797 6075
3 4015 611 5854
3 3740 3660 6000
3 3660 5985 6000
3 5014 3222 6227
3 3646 3806 3996
3 4582 414 4773
3 1233 4517 5924
3 3632 5762 6146
3 4517 1233 5940
3 603 3658 6157
3 2470 4000 5208
3 3995 2668 5939
3 3686 2066 5872
3 2066 3686 5878
3 3926 3206 5772
3 5688 415 6145
3 3804 1317 5020
3 3417 5409 5416
3 4318 3396 6145
3 4994 3392 5467
3 3138 5830 6176
3 521 523 3977
3 3778 2396 6158
3 3772 2395 6159
3 3765 2394 6160
3 2396 3778 3855
3 2734 6008 6131
3 2414 4993 4994
3 1770 30 4515
3 3505 3506 4839
3 560 562 4016
3 5753 3520 6135
3 2395 3772 3856
3 2394 3765 3857
3 4246 3470 5984
3 3759 2397 6163
3 3603 4818 5712
3 321 2034 3696
3 4818 3603 5713
3 3470 4246 5989
3 409 3858 5935
3 322 321 3696
3 1966 3604 5217
3 5743 4428 6109
3 3659 3151 5718
3 3661 7 5610
3 3927 3928 6133
3 3880 3409 6055
3 4817 3805 6172
3 4858 1780 5091
3 5653 4437 6150
3 1939 4065 6186
3 4014 754 4017
3 3997 373 3998
3 3851 3420 6255
3 3653 3654 4844
3 2397 3759 3873
3 197 5981 6165
3 3694 3737 3839
3 302 301 3609
3 1875 5889 5899
3 1950 3733 6051
3 3886 5646 5667
3 5646 764 5667
3 308 309 339
3 301 332 300
3 325 353 324
3 346 316 317
3 304 305 336
3 312 313 343
3 329 357 328
3 350 320 321
3 3515 3516 4392
3 1665 1667 3894
3 4570 1877 4572
3 6008 3671 6131
3 5889 4121 5899
3 3718 3716 4514
3 4566 2067 6179
3 1126 1120 3921
3 4453 4452 5993
3 3151 3659 6347
3 1311 5743 6109
3 4453 5993 5999
3 3957 3628 6055
3 3409 3957 6055
3 4844 3654 5674
3 306 305 361
3 330 329 362
3 300 299 360
3 324 323 359
3 4869 3236 5912
3 1258 4481 5954
3 3806 2057 3996
3 1792 4912 6113
3 2708 4211 6223
3 4481 1258 5965
3 4884 4750 6037
3 361 3895 5893
3 5402 5886 6203
3 2256 3952 5408
3 3998 4000 5386
3 1317 4011 5020
3 4020 4022 6406
3 3910 3912 3920
3 5786 2612 5856
3 5341 3520 5753
3 3815 2085 3863
3 3604 1966 6259
3 422 179 4672
3 4760 1794 4883
3 5884 3255 5892
3 1792 3829 4912
3 2504 3822 5311
3 4262 5884 5892
3 4208 2703 5257
3 462 5063 5622
3 5981 3870 6165
3 1265 6075 6168
3 1122 1124 5860
3 375 3749 6127
3 3419 5074 6044
3 1867 4428 5743
3 3597 328 3598
3 6044 5074 6115
3 1941 2358 4065
3 3574 4221 5687
3 1782 4849 5609
3 3533 4893 6018
3 4327 5786 5856
3 4481 4482 5949
3 3574 5687 5705
3 4233 3469 6004
3 2724 3691 3693
3 3687 2723 3688
3 4481 5949 5954
3 5830 3612 6176
3 3469 4233 6007
3 462 4571 5063
3 115 3823 3996
3 4665 3214 5919
3 4024 3610 5837
3 3749 375 4191
3 5561 4573 5608
3 47 3820 5988
3 2727 5870 6279
3 3952 2256 5409
3 4222 1785 4771
3 324 359 3827
3 6058 325 6341
3 4883 139 4884
3 140 394 4884
3 4 9 330
3 306 5 10
3 314 6 11
3 8 322 7
3 4 299 9
3 5 307 10
3 11 6 315
3 323 8 7
3 1866 4479 5973
3 300 360 3599
3 4479 1866 5983
3 4572 1877 4573
3 5762 1927 6146
3 2422 5885 6268
3 3820 47 6231
3 5656 3258 6124
3 3214 4665 6286
3 361 305 3830
3 1265 314 3652
3 152 153 4772
3 183 6051 6072
3 4712 3081 5062
3 1317 3804 4832
3 384 3735 4514
3 751 3841 3994
3 363 3727 6307
3 5910 57 6127
3 7 1114 5610
3 328 327 6201
3 3980 4180 6039
3 314 313 3652
3 1150 5877 5897
3 2358 4062 4064
3 3619 5164 5830
3 4180 3980 6171
3 3276 2710 4834
3 2713 4829 6010
3 4848 3587 5974
3 148 149 4008
3 3813 13 5500
3 1568 3832 3846
3 4829 2713 6106
3 5886 4831 6203
3 5609 4849 6298
3 565 750 3848
3 2155 2157 4056
3 325 324 3827
3 5877 4115 5897
3 5870 3631 6279
3 2690 4343 5750
3 4343 2690 5863
3 3557 3938 4297
3 301 300 3599
3 4052 2736 4054
3 3785 5545 5800
3 338 308 339
3 345 316 346
3 353 352 324
3 300 332 331
3 305 337 336
3 343 313 344
3 351 350 321
3 358 357 329
3 1566 5985 6297
3 3599 360 3802
3 3735 384 4513
3 2741 5967 6241
3 3726 2009 5737
3 4071 5933 6043
3 3587 4848 6265
3 2710 3505 4834
3 305 304 3830
3 5985 3660 6297
3 326 325 6058
3 310 309 3752
3 3745 2796 6052
3 3837 3971 6226
3 764 4221 5667
3 3815 3785 5800
3 3598 328 6201
3 2845 3112 5661
3 1927 5164 6146
3 3485 4472 6031
3 4236 3467 6020
3 483 4325 5720
3 312 311 3687
3 2804 2805 3835
3 318 317 3691
3 3277 4851 5744
3 31 384 4515
3 3467 4236 6038
3 3886 3887 5650
3 4472 3485 6117
3 3837 908 3971
3 5646 3886 5650
3 4221 764 5687
3 4584 4415 5603
3 2057 3806 3808
3 4994 4010 6293
3 315 1266 3801
3 4325 483 5748
3 3675 398 5828
3 5885 5145 6268
3 1799 4756 4877
3 4010 4843 6293
3 3733 1950 6112
3 4727 387 6003
3 3172 4883 4884
3 303 302 408
3 327 326 409
3 5933 2511 6043
3 3676 388 5840
3 4211 4213 6223
3 3505 4839 6130
3 5091 3405 6096
3 1795 4008 6118
3 316 315 3801
3 4584 489 4709
3 2725 5015 6227
3 4247 4246 5978
3 303 408 3890
3 5978 4246 5984
3 3674 398 5959
3 4812 5162 5673
3 2009 3726 5829
3 3686 3631 5870
3 3631 3686 5872
3 398 3675 5959
3 1794 4760 4761
3 2828 3743 3865
3 5890 3021 5902
3 3786 3789 5545
3 1577 3887 5561
3 624 5653 6150
3 3419 4665 5919
3 3871 2066 5878
3 4438 3259 5648
3 1700 1665 3894
3 2066 3871 5881
3 4259 5890 5902
3 4062 2358 4198
3 3792 2516 5824
3 3805 2760 5752
3 388 3676 5970
3 3865 3256 3907
3 4474 5363 5799
3 398 3674 6080
3 3720 5281 5300
3 1577 5561 5608
3 5698 1795 6118
3 4753 388 5970
3 4665 3419 6044
3 4392 3516 6087
3 3737 3694 3840
3 564 566 4018
3 351 8 6024
3 358 9 6021
3 337 10 6022
3 344 11 6023
3 8 352 6024
3 9 331 6021
3 10 338 6022
3 11 345 6023
3 4672 180 5834
3 1703 5740 5758
3 415 4318 6145
3 489 4584 5603
3 3700 419 3701
3 3846 3832 6417
3 3728 3112 5645
3 2355 3913 3920
3 3913 2355 3915
3 3804 3805 4832
3 361 3830 6361
3 3725 3110 5656
3 388 4753 6090
3 6051 3734 6072
3 3830 304 3890
3 3112 3728 5661
3 4582 4581 4772
3 2695 3742 6253
3 3696 2034 3697
3 3685 6245 6250
3 3396 4318 5853
3 6245 3146 6250
3 313 312 2033
3 317 316 2032
3 2679 4045 6210
3 5363 4474 6368
3 6246 4748 6333
3 4748 4749 6333
3 4011 93 6378
3 3495 5815 6099
3 6211 3626 6303
3 3948 6073 6226
3 2516 3792 6089
3 3840 15 5982
3 3800 1783 6019
3 454 452 5064
3 761 3740 6000
3 309 308 2031
3 321 320 2034
3 4045 2679 6294
3 3750 5910 6127
3 3656 6261 6263
3 5366 1315 6029
3 6261 4692 6263
3 347 317 318
3 301 302 333
3 309 310 340
3 326 354 325
3 349 319 320
3 311 312 342
3 304 335 303
3 328 356 327
3 2736 4052 4056
3 418 6211 6303
3 5813 1704 5887
3 5500 13 5850
3 4024 644 6156
3 567 565 3848
3 3259 4438 6416
3 4571 462 5064
3 404 3746 4007
3 5409 2256 5416
3 3746 404 4222
3 4061 5641 5798
3 4542 393 6066
3 3830 3890 6364
3 313 2033 3652
3 3598 3974 5732
3 5897 4115 5968
3 3740 761 6338
3 1877 4570 5064
3 3887 1577 5650
3 3916 1131 3918
3 4224 5900 5956
3 177 5838 6066
3 1315 5366 6285
3 2067 3736 5726
3 6073 3838 6226
3 4115 4116 5968
3 3246 3748 3935
3 4133 615 4134
3 3273 4185 5801
3 1777 3664 6184
3 3746 4222 4771
3 5063 4712 5622
3 3921 1122 5860
3 5967 4821 6241
3 5071 3781 5361
3 1183 5812 5814
3 1266 2731 3801
3 4282 2682 6182
3 3417 3838 5409
3 1770 4716 5647
3 4651 4652 5873
3 615 4133 4811
3 3157 4841 6374
3 5546 3672 5773
3 3823 3646 3996
3 527 3781 3976
3 3743 3256 3865
3 2359 5071 5361
3 5873 3130 6019
3 4 330 3670
3 5071 2359 5072
3 5048 3594 6030
3 3673 3672 6065
3 1120 1122 3921
3 449 447 4573
3 5641 2551 5798
3 3784 3815 5234
3 3781 527 5361
3 3716 3722 4514
3 3735 3718 4514
3 1968 4728 6147
3 4074 1009 4192
3 3658 3236 4869
3 3424 3423 5958
3 5740 3263 5758
3 5812 4108 5814
3 4196 4887 4888
3 3822 3819 5311
3 523 527 3977
3 3725 5656 6124
3 1553 4869 5912
3 4026 3290 5942
3 2724 3694 3839
3 5958 3423 5977
3 5923 3023 5944
3 4265 5923 5944
3 5072 2359 5444
3 1968 6147 6236
3 2229 2227 3866
3 3799 5918 5922
3 5099 5778 6085
3 4895 6086 6174
3 4018 4811 5882
3 1866 4452 5983
3 2232 2240 4055
3 3798 3799 5922
3 3850 3209 5382
3 4710 4712 5062
3 521 3977 6342
3 308 307 3698
3 2355 1126 3921
3 4452 1866 5993
3 1873 4517 5914
3 1233 4482 5940
3 4545 6283 6334
3 1708 3796 3893
3 3423 3671 5977
3 304 303 3890
3 1258 4479 5965
3 463 460 4711
3 4893 390 6018
3 1795 148 4008
3 6283 2661 6334
3 4811 4133 5882
3 4479 1258 5973
3 4517 1873 5924
3 4482 1233 5949
3 302 3609 6353
3 3812 2622 3826
3 3732 1178 5904
3 299 4 3663
3 3290 4026 5964
3 3913 3910 3920
3 3796 1708 3992
3 2032 316 3801
3 5977 3671 6008
3 1127 1129 3919
3 6 314 1265
3 315 6 1266
3 4127 4126 5937
3 3439 4310 6082
3 4488 4812 5673
3 3994 3841 6070
3 4333 2064 5900
3 1667 1708 3894
3 15 3825 5982
3 2703 4208 6291
3 4374 4377 5668
3 153 414 4772
3 1785 152 4772
3 1870 4710 4711
3 4709 489 4711
3 5232 2449 5910
3 3880 3171 5382
3 3443 4314 6076
3 2622 2744 3826
3 4127 5937 5966
3 2713 4831 5886
3 669 6257 6304
3 5061 18 6128
3 1877 449 4573
3 3822 2504 5312
3 20 4202 6278
3 4241 3467 6038
3 1178 3732 5936
3 3835 2805 5510
3 2682 4282 5980
3 5873 4652 6390
3 6257 3966 6304
3 2755 5848 5982
3 5281 3720 5589
3 4061 4062 4198
3 3083 4377 4486
3 4032 3278 5903
3 3999 2449 5806
3 3233 3836 5301
3 4716 1770 6059
3 5 306 5893
3 2086 3811 6100
3 4710 1870 4712
3 660 5918 6134
3 301 333 332
3 339 309 340
3 347 346 317
3 354 353 325
3 342 312 343
3 349 320 350
3 357 356 328
3 304 336 335
3 320 319 3839
3 4488 1837 4812
3 4310 3439 6321
3 4831 2713 6010
3 3687 3688 3690
3 4371 4373 5640
3 1150 4121 5877
3 4324 6207 6212
3 2721 2155 4056
3 1601 4229 6071
3 2157 2736 4056
3 2622 3812 3866
3 3467 4241 6054
3 6119 4278 6295
3 323 7 3661
3 3785 3786 5545
3 3081 4712 5063
3 6207 2383 6212
3 2796 3745 6215
3 3758 12 6308
3 327 355 326
3 302 303 334
3 310 311 341
3 348 318 319
3 3691 3692 3693
3 4893 3533 6112
3 2449 3999 6218
3 3083 4486 4487
3 2804 3835 5615
3 4135 1878 4219
3 2057 3808 4151
3 5015 2725 5963
3 4314 3443 6331
3 3418 3500 3827
3 3827 359 6129
3 4236 3469 6007
3 3278 4032 5928
3 5814 4108 5847
3 12 3758 6311
3 4108 4109 5847
3 3500 3858 6058
3 3843 3182 3957
3 18 5061 6222
3 3838 3837 6226
3 4297 3938 6289
3 4905 1792 6113
3 4543 5075 6062
3 4514 3722 4515
3 4068 6119 6295
3 3425 3323 5777
3 4233 3470 5989
3 4877 4756 6337
3 3863 3253 5234
3 2684 4472 5916
3 1794 4761 4762
3 149 404 4008
3 4016 4013 5854
3 3469 4236 6020
3 4565 1578 5817
3 4211 2708 5811
3 3918 1131 3919
3 2376 4209 6067
3 3612 2196 5722
3 331 332 3753
3 338 339 3760
3 345 346 3767
3 352 353 3774
3 3749 3750 6127
3 343 344 2786
3 350 351 2787
3 336 337 2785
3 357 358 2788
3 4832 3805 5752
3 3693 3692 3695
3 311 310 2723
3 319 318 2724
3 3826 2744 3851
3 4102 5683 5715
3 3775 3777 3778
3 3768 3770 3772
3 3761 3763 3765
3 3470 4233 6004
3 3729 6149 6178
3 754 564 4018
3 2034 320 3839
3 4178 4177 5426
3 5683 1067 5715
3 6086 3945 6174
3 3748 3246 6373
3 3724 3735 5829
3 4061 4198 5641
3 2555 5048 5761
3 15 3840 6233
3 5072 6015 6041
3 2668 3994 6070
3 3802 3261 3866
3 3941 3091 5028
3 3890 408 6255
3 4209 3582 5693
3 3677 3995 5939
3 6142 105 6181
3 3668 1550 6370
3 649 3926 5772
3 4878 4727 6078
3 3942 3941 5028
3 1568 432 3832
3 2449 5232 5806
3 1550 3668 6011
3 430 427 3831
3 4056 4051 6418
3 430 3831 3832
3 5820 3422 5831
3 4572 4573 5561
3 4185 1884 5801
3 4215 4219 5665
3 4472 2684 6031
3 3942 919 4391
3 4898 3272 4899
3 1899 4178 5426
3 4174 534 4177
3 5815 17 6099
3 3737 2034 3839
3 919 3942 5028
3 3564 4466 5659
3 6015 1304 6041
3 4377 3083 5668
3 3754 3756 3759
3 3261 2229 3866
3 452 1877 5064
3 4010 421 4842
3 5848 3840 5982
3 2733 6206 6274
3 2756 3729 6178
3 2995 3020 4023
3 643 5820 5831
3 2736 2232 4055
3 4827 3641 6017
3 3778 3777 3855
3 3821 368 6243
3 4054 2736 4055
3 3784 3785 3815
3 3209 3850 6137
3 4067 2209 6186
3 3182 3843 4157
3 1183 4116 5812
3 2991 2993 5649
3 462 454 5064
3 4076 3255 5884
3 4813 2851 4981
3 4081 5925 5946
3 4847 3204 6056
3 3772 3770 3856
3 4373 3079 5640
3 3765 3763 3857
3 5015 5014 6227
3 4121 1150 5899
3 1131 1127 3919
3 4177 534 5426
3 1837 4488 4813
3 3272 4898 4900
3 4134 615 5353
3 3836 3937 5301
3 2227 2622 3866
3 3785 14 3786
3 3878 1200 4375
3 3879 3878 4375
3 5891 4184 5926
3 4018 566 4811
3 5925 2134 5946
3 3801 2731 5381
3 5479 6077 6095
3 5597 3828 5601
3 5900 2065 5956
3 4096 5576 5611
3 3465 4247 5978
3 2803 3930 5451
3 2031 308 3698
3 480 5597 5601
3 3789 5498 5545
3 4247 3465 5992
3 2031 3698 3835
3 4836 3157 6374
3 3197 5210 6221
3 5838 4706 6066
3 368 3821 6143
3 4202 20 6011
3 6206 3845 6274
3 4386 3684 6049
3 3812 3802 3866
3 112 113 4151
3 5576 1890 5611
3 377 5210 6231
3 578 621 4217
3 3698 424 5615
3 6221 5210 6235
3 5202 2485 6329
3 3995 3677 6383
3 4841 3157 6301
3 3255 4076 5901
3 4052 4051 4056
3 14 3782 6280
3 4004 2798 5690
3 2796 2799 6052
3 1878 4135 5353
3 3930 3919 5451
3 4174 4170 5427
3 2032 3801 5381
3 4102 4117 5658
3 1067 4109 5715
3 621 4216 4217
3 3759 3756 3873
3 4567 4569 5508
3 4260 4259 5915
3 4415 4414 5603
3 3800 3607 4557
3 4259 5902 5915
3 3629 3527 4770
3 4706 4542 6066
3 4651 5873 6019
3 4770 3527 6259
3 3674 4728 6080
3 4328 3424 5958
3 3731 6142 6181
3 3821 3819 3822
3 460 1870 4711
3 16 4946 6200
3 1114 3864 5610
3 2209 4067 6229
3 3888 4569 4572
3 3742 5813 5887
3 150 151 4222
3 2731 3625 5381
3 534 4174 5427
3 4102 5658 5683
3 5263 3562 5735
3 489 463 4711
3 3503 5950 6057
3 3664 4852 5927
3 2479 4113 4114
3 4748 1991 6154
3 3576 4721 5612
3 1875 4126 5889
3 3156 5931 5957
3 3998 3999 4000
3 3844 1569 5633
3 4093 5537 5550
3 136 137 4762
3 4753 1991 6090
3 4219 1878 5665
3 5706 3876 5714
3 319 2724 3839
3 1396 3798 5922
3 3869 6264 6284
3 3635 5994 6083
3 5162 2316 5673
3 3835 3698 5615
3 2502 4128 4319
3 5778 1619 6085
3 1890 4117 5611
3 2721 4056 6418
3 3182 3628 3957
3 5931 3551 5957
3 4728 3674 6147
3 2497 5896 6042
3 1783 4651 6019
3 5537 1001 5550
3 3036 3039 4845
3 5670 3833 5808
3 1991 4748 6246
3 3382 6100 6205
3 2358 4064 4065
3 4569 3888 5508
3 576 578 4217
3 6264 3651 6284
3 332 2070 3753
3 339 2071 3760
3 346 2068 3767
3 353 2069 3774
3 396 4810 4903
3 4126 1875 5937
3 2154 2076 4112
3 6036 3106 6050
3 3425 5777 6313
3 1090 5706 5714
3 3733 3734 6051
3 3919 1129 5451
3 4540 6036 6050
3 1991 4753 6154
3 332 333 2070
3 339 340 2071
3 346 347 2068
3 353 354 2069
3 480 4414 5597
3 4170 1896 5427
3 3513 5664 5679
3 4680 4682 6411
3 1783 3800 6216
3 3907 3256 5391
3 570 572 5353
3 4900 5620 6396
3 426 428 3854
3 4682 5419 6411
3 3291 5802 5941
3 5918 3799 6134
3 5766 1701 5841
3 432 430 3832
3 491 497 4268
3 1955 3865 3907
3 4598 3288 4599
3 1001 4096 5550
3 4404 395 6072
3 1896 4170 4171
3 6132 3613 6173
3 4565 5817 6349
3 4128 3285 4319
3 4695 5911 6101
3 4899 3272 5577
3 3859 2296 3861
3 1115 1113 5721
3 3840 3694 6233
3 5722 2196 6271
3 3292 4391 5219
3 5510 2805 5850
3 4391 919 5219
3 4414 480 5603
3 3833 2761 4202
3 4396 4899 5577
3 3824 2231 5994
3 4886 1798 5675
3 666 679 5627
3 4284 4282 6182
3 1703 3836 5740
3 3599 3802 3812
3 4262 3021 5890
3 4962 5832 5951
3 4055 2240 5511
3 4317 3479 5503
3 4561 5464 5716
3 4216 621 4218
3 3803 644 6148
3 2433 3182 4157
3 5075 3336 6062
3 2479 4112 4113
3 4116 4111 5812
3 3261 3802 4223
3 554 4022 5979
3 4017 754 4018
3 2502 4125 4128
3 2465 4106 4107
3 3809 2516 6089
3 4570 4571 5064
3 4886 5675 6354
3 1896 4171 5373
3 4117 1890 5658
3 3158 5145 5885
3 2790 2859 5524
3 4196 4888 6138
3 4150 5507 5579
3 5177 3292 5219
3 4144 5490 5492
3 3020 4014 4023
3 5677 3987 5685
3 2759 2258 3899
3 3767 2068 3768
3 3774 2069 3775
3 3753 2070 3754
3 3760 2071 3761
3 394 4749 4750
3 4838 3588 6265
3 3849 3292 5177
3 5511 4295 5607
3 1288 5670 5808
3 2296 3859 3904
3 3403 3636 5688
3 3828 2316 5601
3 6098 4534 6108
3 2064 4333 6357
3 18 3793 6128
3 2189 2191 3850
3 1114 1116 3864
3 6116 3637 6120
3 4096 1001 5576
3 1124 1131 5860
3 1600 3874 4307
3 6039 4178 6352
3 4135 4134 5353
3 3905 3617 6232
3 918 5677 5685
3 1784 3751 6273
3 3513 4810 5664
3 1202 6122 6188
3 4486 2851 4813
3 1909 1696 3908
3 606 4040 6330
3 2076 4110 4112
3 4171 4173 5373
3 1887 4093 5492
3 301 3599 3609
3 2993 2995 4023
3 484 486 3904
3 2521 4119 4120
3 3849 1289 5369
3 996 6079 6088
3 393 4542 6191
3 2993 4023 5649
3 1837 4813 4981
3 3964 1139 5384
3 5319 3542 6358
3 3305 3858 3899
3 3854 2804 5615
3 3883 2396 5768
3 2695 2169 3920
3 4573 447 5608
3 3021 4262 5892
3 4710 4709 4711
3 3908 3907 5391
3 1289 3849 5177
3 4900 4898 5620
3 3882 2395 5787
3 3881 2394 5788
3 2465 4105 4106
3 2085 3815 5800
3 2025 2023 4105
3 3860 5369 5412
3 5381 3625 5727
3 4017 4018 5882
3 4014 4017 4023
3 4515 3722 6059
3 428 1551 3854
3 434 1568 3892
3 341 311 342
3 349 348 319
3 356 355 327
3 303 335 334
3 302 334 333
3 340 310 341
3 347 318 348
3 355 354 326
3 668 4228 5356
3 4010 4842 4843
3 4750 2654 6037
3 2803 4252 5733
3 3166 3078 4487
3 2776 3398 5895
3 408 302 6353
3 2516 3809 6270
3 5490 1887 5492
3 4003 4004 5690
3 403 4970 6298
3 1539 4519 5621
3 3078 3083 4487
3 113 2057 4151
3 2761 3833 5670
3 2479 2154 4112
3 4113 4111 4116
3 380 112 4151
3 2169 2355 3920
3 2793 2791 4512
3 3877 2397 5804
3 3383 3853 4519
3 5369 1289 5412
3 3281 4512 5489
3 2243 2241 4124
3 555 553 4212
3 259 260 4057
3 3817 3893 6344
3 5273 4080 5420
3 3700 3701 3702
3 307 424 3698
3 2744 3743 3851
3 3425 5168 6126
3 6079 3606 6088
3 1007 5602 5719
3 2887 3891 4027
3 4946 16 6272
3 3736 4566 5529
3 4173 612 5373
3 366 3956 5666
3 380 4151 5543
3 2551 4071 5798
3 612 4173 4317
3 3478 6068 6084
3 3858 2759 3899
3 2158 2156 4118
3 4972 4687 6193
3 4684 5227 6140
3 3880 5382 6198
3 4054 4055 5607
3 545 3814 6148
3 151 1785 4222
3 404 150 4222
3 3100 3101 3426
3 2076 2074 4110
3 3872 5314 5356
3 4228 668 5375
3 5981 5953 6264
3 3100 2500 3101
3 3980 6039 6352
3 4109 4104 5715
3 560 4016 5854
3 3904 3860 5459
3 3342 3862 5614
3 2396 3855 5768
3 3958 3959 4001
3 4265 5944 5955
3 3661 5610 6180
3 3247 3595 5869
3 5314 668 5356
3 4065 4067 6186
3 4266 4265 5955
3 3497 5516 5594
3 4211 4212 4213
3 2887 4027 5163
3 137 1794 4762
3 3961 5690 5738
3 396 136 4762
3 3858 3305 5935
3 3891 2887 4029
3 4375 4371 5640
3 4599 3288 5539
3 529 1614 3949
3 2485 5202 6026
3 2465 2025 4105
3 486 2296 3904
3 362 329 3597
3 3613 4130 5084
3 4093 1887 5537
3 3797 1265 6262
3 3101 2500 4157
3 2316 3828 5673
3 4373 4374 5668
3 3601 6098 6108
3 4130 4129 5084
3 3628 3034 4900
3 2521 4118 4119
3 3814 545 6256
3 1013 5580 5708
3 4271 3989 4272
3 3550 5913 5930
3 1461 3900 4621
3 1172 6149 6196
3 4185 3422 5809
3 3834 1968 6236
3 6045 4789 6060
3 2502 4124 4125
3 3592 3036 4845
3 378 259 4057
3 3039 3653 4845
3 2395 3856 5787
3 1696 1698 3908
3 1682 1703 3902
3 2394 3857 5788
3 3926 3924 3927
3 644 3803 6156
3 1684 1685 3937
3 354 355 3877
3 3836 1684 3937
3 5758 3265 5818
3 5895 3398 5938
3 333 334 3881
3 340 341 3882
3 347 348 3883
3 5556 4274 5572
3 3177 5717 5795
3 5399 4029 5430
3 3034 3272 4900
3 3334 5602 5613
3 2296 491 4268
3 1569 482 5633
3 2241 4122 4124
3 2761 298 6278
3 5913 2184 5930
3 3965 3966 6251
3 4116 1183 5968
3 3832 3831 6185
3 3875 3876 5699
3 3829 1792 5868
3 4109 1067 5847
3 1655 5273 5420
3 1456 1461 4621
3 2354 5263 5735
3 3963 3964 5384
3 5485 1874 5514
3 3863 2086 6100
3 3915 2355 3921
3 2023 4103 4105
3 497 666 4268
3 4055 5511 5607
3 2762 5753 6135
3 615 570 5353
3 682 676 4029
3 3498 3497 5594
3 1843 4339 4426
3 6294 2679 6355
3 3776 2069 3877
3 2783 2940 4619
3 4210 555 4212
3 6100 3811 6205
3 2787 3778 6158
3 7 322 1113
3 307 5 424
3 612 4317 5503
3 4273 4274 5544
3 2786 3772 6159
3 2785 3765 6160
3 2069 354 3877
3 6251 3966 6257
3 3959 5512 5532
3 3426 3101 3797
3 1672 3862 5579
3 3878 3334 5613
3 3888 4572 5561
3 3948 3949 3950
3 1968 3834 6325
3 1119 1126 2013
3 442 1564 3922
3 1639 1641 3972
3 2859 4257 5524
3 3374 3940 4304
3 2070 333 3881
3 2071 340 3882
3 2068 347 3883
3 3749 4191 5875
3 3777 3780 3855
3 3974 2697 5732
3 2263 2739 2804
3 553 1567 4212
3 3755 2070 3881
3 3762 2071 3882
3 3769 2068 3883
3 260 4053 4057
3 3989 4271 4983
3 4106 4104 4109
3 3874 1600 4512
3 3927 3924 3928
3 5699 3876 5706
3 649 510 3923
3 3988 731 5572
3 4339 1843 5186
3 3949 1614 3950
3 4086 4040 4152
3 4022 554 6406
3 334 335 2394
3 355 356 2397
3 341 342 2395
3 348 349 2396
3 3566 5891 5926
3 2388 2827 2828
3 4340 4339 5186
3 6012 4656 6027
3 4070 4047 4072
3 3770 3773 3856
3 3485 4406 6117
3 3577 4829 6106
3 6102 5174 6317
3 3763 3766 3857
3 1876 3872 5399
3 3923 3924 3926
3 3816 3268 6266
3 5809 3422 5820
3 2013 2169 2170
3 2045 4567 5508
3 427 425 3831
3 3848 750 6195
3 3861 2296 4268
3 572 1878 5353
3 3342 5614 5671
3 1637 1639 3909
3 6077 371 6095
3 2388 2389 2827
3 2788 3759 6163
3 2502 2243 4124
3 2828 2827 3279
3 3964 5485 5514
3 3542 5319 5628
3 2802 3953 4391
3 3991 4257 4536
3 3018 4086 4152
3 3953 3942 4391
3 4045 4046 6139
3 3860 5412 5459
3 5461 4146 5528
3 3669 2902 3970
3 4271 4275 4983
3 4385 4366 5458
3 4810 3511 4903
3 5620 17 6396
3 3967 3669 3970
3 1641 1704 3972
3 2241 2233 4122
3 3099 2500 3100
3 4268 666 5627
3 2258 2098 3899
3 3884 3281 5489
3 2013 2745 3864
3 649 3923 3926
3 3930 2803 5733
3 3933 380 5543
3 3625 3209 6137
3 1671 3929 3992
3 5507 1672 5579
3 4340 634 4400
3 4598 2014 5578
3 1010 4144 5461
3 1396 4250 4251
3 1876 5399 5430
3 1565 4419 5502
3 3288 4598 5578
3 2023 1963 4103
3 3872 1876 5314
3 2045 3884 5489
3 3941 3273 5801
3 19 20 6278
3 2887 682 4029
3 1147 6116 6120
3 634 4340 5186
3 5136 1565 5502
3 2013 2170 2745
3 4027 1621 5163
3 3407 5717 5731
3 3520 3519 6135
3 3912 3909 3972
3 3720 5300 6380
3 731 5556 5572
3 3988 3987 5669
3 1654 1657 3960
3 3918 3919 3930
3 4218 621 5299
3 4057 4054 5607
3 4003 1700 4004
3 1265 3652 6262
3 3374 1643 3940
3 3944 3681 5952
3 5972 4758 5987
3 434 432 1568
3 1639 1640 1641
3 5866 5289 5905
3 3001 3019 4019
3 2397 3873 5804
3 330 362 3670
3 1843 4426 5299
3 4365 4363 5448
3 1131 3916 5860
3 3487 5540 5595
3 438 745 3944
3 1449 1452 4622
3 557 555 4210
3 2521 2158 4118
3 4773 414 5729
3 3408 3407 5731
3 3281 2793 4512
3 2499 2062 2500
3 3662 3661 6180
3 365 4342 4343
3 4619 2940 4620
3 3960 1657 3961
3 3751 1784 6305
3 3487 2418 5540
3 3843 3101 4157
3 5105 5657 5676
3 719 721 4250
3 2679 5357 6355
3 3166 4487 4488
3 531 529 3949
3 425 2770 3831
3 2156 2479 4118
3 745 436 3892
3 3542 4346 6358
3 260 261 4053
3 2717 2258 2759
3 1966 4770 6259
3 2187 2003 4149
3 4257 2859 4536
3 2804 2739 2805
3 1708 3893 3894
3 1621 4027 4028
3 5512 2699 5532
3 4217 4215 5665
3 3018 4085 4086
3 4519 3853 5621
3 1955 2103 2388
3 5024 4729 5525
3 2828 3279 3420
3 5669 3987 5677
3 1637 1638 1639
3 3007 3028 4038
3 2654 4750 6371
3 1671 1674 3929
3 4015 4019 4020
3 3237 4030 4034
3 3688 2723 3689
3 3786 14 3787
3 4894 3433 5350
3 1680 1682 3902
3 4071 2551 5933
3 2074 2465 4110
3 5464 2620 5716
3 2791 3874 4512
3 3018 4084 4085
3 17 5815 6055
3 4145 2357 4146
3 2513 2189 3850
3 4274 1881 5544
3 4487 4486 4813
3 1641 1642 1643
3 2604 4972 6193
3 3884 2045 5508
3 2188 1985 2189
3 4019 3019 4020
3 2418 2384 5629
3 1695 2224 3898
3 2717 2759 3418
3 1621 4028 4220
3 690 732 4419
3 1948 2052 2062
3 4037 4038 4039
3 2485 4505 6329
3 4030 3580 4034
3 1200 3878 5613
3 4129 2344 5084
3 3887 3888 5561
3 642 3931 4566
3 4114 4113 4115
3 3909 1639 3972
3 1705 1955 3907
3 1685 1688 3937
3 4618 4619 4620
3 1669 1671 3992
3 2869 3667 5530
3 1116 1119 3864
3 1615 4292 4293
3 3697 2034 3737
3 5657 2741 5676
3 2226 2225 2227
3 1955 2388 3865
3 4426 4218 5299
3 4072 4047 4465
3 3479 4317 4335
3 392 3889 5575
3 3825 15 6170
3 4860 4162 5917
3 1021 4365 5448
3 3022 2991 5649
3 4038 3028 4039
3 484 3904 5459
3 3983 643 5831
3 1639 1638 1640
3 2443 4099 4100
3 4238 4240 4241
3 4164 2584 4695
3 3874 2790 5524
3 908 541 3971
3 1470 3903 4619
3 3424 4328 6414
3 1663 1700 4003
3 1695 1696 1909
3 2189 2190 2191
3 3958 1653 3959
3 1589 1591 4256
3 3903 1470 4621
3 2064 2065 5900
3 4204 664 4206
3 2227 2228 2622
3 1641 1640 1642
3 3767 2786 6023
3 3774 2787 6024
3 3760 2785 6022
3 3753 2788 6021
3 4149 2003 4150
3 1270 4220 5466
3 267 4072 4465
3 1650 1653 3958
3 4399 4400 5235
3 3859 3860 3904
3 1068 1014 4367
3 1113 3696 5721
3 3903 2783 4619
3 2098 1970 2453
3 1701 1636 3984
3 3972 1704 5813
3 4448 4194 5476
3 999 911 5336
3 4206 664 4207
3 1682 1684 1703
3 2224 1909 2225
3 2062 2433 4157
3 444 442 3922
3 4001 3959 5532
3 1535 3939 4448
3 2443 4100 4101
3 247 248 4341
3 4379 2848 4380
3 1396 719 4250
3 3720 3719 5589
3 3299 4164 4695
3 5950 2382 6057
3 1025 4385 5458
3 510 508 3923
3 4045 6139 6210
3 4566 3931 5529
3 1470 1456 4621
3 1474 3932 4778
3 1880 1879 1970
3 1119 2013 3864
3 4400 634 5235
3 1853 4778 4953
3 5962 5244 5969
3 1551 1965 2263
3 3932 1474 5173
3 1116 1118 1119
3 1880 1970 2098
3 4361 1068 4367
3 6135 3519 6202
3 4299 3324 5456
3 3079 4373 5668
3 4135 4219 4978
3 4778 3932 4953
3 4618 4620 4622
3 4144 1010 5490
3 4182 4674 5325
3 1636 1634 3984
3 2999 3001 4019
3 2357 4145 5306
3 4145 4298 5306
3 436 434 3892
3 3937 3898 5301
3 1010 5461 5528
3 4107 4106 4108
3 1139 3964 5514
3 4730 1790 6393
3 1615 4291 4292
3 365 4341 4342
3 504 4894 5350
3 1472 1468 1473
3 3862 1672 5614
3 4277 4063 4484
3 429 427 430
3 3018 3013 4084
3 1663 1665 1700
3 3263 3265 5758
3 1853 3936 4729
3 4151 3808 5543
3 1647 1709 3940
3 1014 1016 4367
3 3936 1853 4953
3 3953 2802 5262
3 4216 4218 5111
3 4218 3029 5111
3 1585 4050 4051
3 2479 4114 4118
3 2188 2189 2513
3 4829 3577 6407
3 384 4514 4515
3 3817 5871 6028
3 3442 3441 5413
3 2350 4355 5996
3 3265 3267 5818
3 3939 1535 4449
3 4316 3441 4335
3 1647 1648 1649
3 3011 3018 4152
3 1703 1684 3836
3 2455 2697 3974
3 3867 5766 5841
3 4399 1869 4441
3 2233 2521 4122
3 1585 4051 4052
3 3254 5244 5962
3 1698 1705 3908
3 4175 4174 4177
3 3300 4847 5974
3 5994 2231 6083
3 3818 1582 5988
3 1947 1473 1948
3 3224 3543 5879
3 2013 1126 2169
3 1635 1636 1637
3 580 582 5299
3 1070 1148 4239
3 5618 3393 5663
3 2951 3963 5384
3 1551 2263 3854
3 4674 2576 5325
3 2226 2227 2229
3 4275 2087 4983
3 5482 2765 5709
3 1705 1949 1955
3 541 539 3971
3 245 246 4344
3 1585 262 4050
3 533 531 3947
3 3991 4256 4257
3 4242 4313 4314
3 5690 2798 5738
3 5911 16 6101
3 2087 1362 4509
3 3875 918 5685
3 3044 4295 5511
3 3985 2087 4509
3 4260 3023 5923
3 2036 1766 5417
3 2724 3693 3694
3 908 3837 5846
3 3305 2455 3974
3 2263 1965 2399
3 1695 1909 2224
3 4065 4064 4066
3 3005 3007 4038
3 1690 1695 3898
3 2848 4379 4381
3 1909 3908 5391
3 732 4418 4419
3 1286 4035 5277
3 1637 1636 1638
3 2227 2225 2228
3 5168 1312 6126
3 3947 531 3949
3 249 250 4291
3 4359 1068 4361
3 5606 4477 5631
3 3701 419 5660
3 4120 4119 4121
3 3773 6309 6310
3 3990 3309 3991
3 1688 3898 3937
3 4317 4316 4335
3 2588 2245 4155
3 4238 4239 4240
3 3800 4557 6216
3 4810 396 5664
3 4359 4358 5398
3 2224 2225 2226
3 3925 1572 4041
3 1102 3969 4458
3 3276 4834 6017
3 2770 5 5893
3 2453 2455 3305
3 3560 5810 5823
3 6355 5357 6418
3 1467 1466 1468
3 2443 1961 4099
3 2231 3824 6064
3 2622 2228 2744
3 2500 2062 4157
3 2338 2336 5469
3 6164 3591 6220
3 559 664 4204
3 847 733 4602
3 1565 690 4419
3 1869 4399 5235
3 438 436 745
3 1643 1642 1644
3 1902 3962 5520
3 1879 3958 4001
3 1644 1646 1647
3 1948 1473 2052
3 4454 4458 5376
3 524 665 4320
3 1061 1070 4239
3 4153 2738 4154
3 4143 4092 4147
3 5818 3267 5844
3 6122 4131 6188
3 664 557 4210
3 4154 2738 4156
3 1708 1669 3992
3 2191 2669 2716
3 2853 4351 4352
3 1709 1649 1879
3 508 1572 3923
3 3609 3599 3812
3 1690 1693 1695
3 4502 4500 5394
3 3982 3200 4302
3 2853 4352 5185
3 1709 1879 1880
3 1452 4618 4622
3 3632 3669 5762
3 1688 1690 3898
3 3013 3015 4084
3 2037 3954 5552
3 5896 3611 6042
3 472 1009 4074
3 1678 1679 1680
3 1447 1449 4622
3 2246 1680 3902
3 3316 2322 5351
3 1148 1149 4713
3 2843 4187 5385
3 4168 4174 4175
3 571 663 4136
3 1963 2443 4103
3 1564 440 3944
3 2557 1940 4147
3 3963 2951 4186
3 4021 3019 4036
3 4364 4366 4383
3 2595 3982 4302
3 3950 1614 3951
3 3955 3954 5566
3 5289 1419 5905
3 1615 249 4291
3 1209 1160 4183
3 4219 4214 4978
3 1445 1447 5513
3 2279 4364 4383
3 3960 3961 5512
3 2465 4107 4110
3 425 5 2770
3 2252 2187 4149
3 3970 2902 5450
3 2301 2303 4186
3 1572 506 4041
3 2344 2338 5085
3 1591 1594 4256
3 5210 3820 6231
3 3221 3237 5457
3 3891 4029 5399
3 416 4283 4284
3 1644 1647 3940
3 4305 3333 5442
3 512 510 649
3 2263 2804 3854
3 4313 4242 4713
3 1678 1680 2246
3 721 4249 4250
3 3418 2759 3500
3 4407 5864 5866
3 2393 2287 4326
3 3955 5566 5567
3 1643 1644 3940
3 2513 3850 5382
3 750 563 4203
3 3923 1572 3924
3 4834 3505 6130
3 1647 1649 1709
3 395 4404 6332
3 2322 2890 4158
3 360 299 3663
3 4899 4396 5252
3 3842 514 6197
3 1764 2094 4722
3 3665 4163 5054
3 2388 2103 2389
3 2057 114 3996
3 261 1585 4053
3 3202 5827 5836
3 4183 4182 4387
3 416 41 4283
3 1567 551 4024
3 3879 4375 5640
3 3702 3701 3703
3 3993 751 3994
3 1704 1643 3374
3 1062 4243 4244
3 1635 1634 1636
3 4146 2357 5336
3 1271 924 4025
3 114 115 3996
3 3377 4596 5446
3 2030 1637 3909
3 4158 2890 4159
3 5084 2344 5085
3 1918 1916 4150
3 2776 3867 5841
3 3237 4034 5457
3 4020 3019 4021
3 508 506 1572
3 4021 4036 4037
3 1616 954 4267
3 4488 4487 4813
3 4212 1567 4213
3 4423 4441 5242
3 2521 4120 4122
3 467 466 468
3 665 522 4033
3 1674 1678 3929
3 1632 1634 1635
3 4510 2346 5161
3 3962 3129 5520
3 1062 4244 4245
3 1062 4245 4249
3 4128 4127 5936
3 2167 2595 4302
3 4330 4380 5274
3 1647 1646 1648
3 3802 360 4223
3 4163 4161 5054
3 1680 1681 1682
3 1653 1654 3960
3 2819 4254 4457
3 4203 4204 4205
3 4446 4424 5182
3 732 845 4418
3 2384 4383 4384
3 3029 4218 4426
3 3910 3909 3912
3 1661 4003 4469
3 1535 4448 5476
3 4162 4860 6375
3 2809 2219 4765
3 1698 1702 1705
3 2816 2814 4409
3 4086 4085 4087
3 365 247 4341
3 4245 4248 4249
3 1710 4089 5401
3 3309 3990 4315
3 2433 3034 3182
3 267 268 4072
3 4002 2670 4005
3 2219 2581 4765
3 4132 4133 4134
3 2670 4002 4006
3 1665 1666 1667
3 2471 2258 2717
3 4397 3366 5041
3 3309 1589 4256
3 4149 4150 5579
3 468 466 3246
3 1860 4299 5456
3 262 263 4050
3 3314 4002 4005
3 4261 1225 4262
3 417 4288 4289
3 2257 2098 2258
3 2003 1918 4150
3 2393 4326 4327
3 2224 2226 5301
3 679 1565 5627
3 4239 1148 4240
3 4205 4204 4206
3 1068 4359 5398
3 3320 4667 5330
3 3314 4005 4201
3 4729 3936 5525
3 4029 676 5430
3 4187 4155 5385
3 2228 2225 5391
3 1547 3975 4971
3 527 3976 3977
3 5602 3334 5719
3 677 476 4073
3 549 547 644
3 248 1615 4341
3 1160 1195 4183
3 4148 2252 4149
3 376 4058 4069
3 4203 561 4204
3 4205 4206 4208
3 2581 4763 4764
3 350 2787 6158
3 2581 4764 4765
3 538 537 539
3 1576 928 4031
3 2322 4158 5351
3 5802 2460 5941
3 1695 1693 1696
3 343 2786 6159
3 336 2785 6160
3 1119 1120 1126
3 417 251 4288
3 374 4042 4048
3 3954 3133 5552
3 911 912 5336
3 540 539 541
3 1852 3973 4434
3 934 1225 4261
3 4351 2853 5034
3 4366 4365 5458
3 1062 743 4243
3 1682 1683 1684
3 5542 2037 5552
3 1959 4097 4099
3 539 1562 3971
3 1028 1031 4315
3 2588 4155 4187
3 4458 3969 5376
3 5131 3975 5143
3 2903 4080 5273
3 2593 4397 5041
3 3950 3951 3952
3 5697 4730 6393
3 2078 5131 5143
3 4035 3973 5277
3 5567 3397 5582
3 3441 4316 5413
3 3989 3988 5572
3 2279 4362 4364
3 4387 4182 5325
3 2953 5803 5807
3 4433 5250 5315
3 4194 4193 4601
3 4441 1869 5242
3 4240 1148 4713
3 1948 2062 2499
3 918 3875 5699
3 2226 3233 5301
3 1064 943 4220
3 3476 3466 4079
3 431 430 432
3 4020 4021 4022
3 542 541 543
3 374 264 4042
3 376 269 4058
3 1281 4264 4265
3 2553 4090 4094
3 2245 2738 4155
3 440 438 3944
3 2989 3022 4132
3 1943 1945 4198
3 845 966 4418
3 3015 4082 4084
3 3019 3003 4036
3 2997 2999 4012
3 518 751 3993
3 3267 3796 5844
3 2774 2775 2776
3 3991 3309 4256
3 3304 4647 5832
3 3836 3233 5740
3 2949 4502 5394
3 4237 1061 4239
3 4193 1405 4601
3 539 537 1562
3 357 2788 6163
3 246 365 4344
3 4092 2557 4147
3 272 4277 4484
3 1225 932 4075
3 4090 4091 4094
3 276 418 4279
3 1359 1358 1393
3 4140 4141 4142
3 4380 2848 5274
3 2062 2052 2433
3 4254 4253 4457
3 4657 5527 5573
3 4503 2931 5142
3 1959 1946 4097
3 544 543 545
3 4167 4168 4175
3 4282 4281 5980
3 1119 1118 1120
3 4073 474 4074
3 1994 2774 3984
3 3898 2224 5301
3 4307 3874 5524
3 977 1061 4237
3 2903 2145 4080
3 2951 2301 4186
3 1129 1132 5451
3 1706 2012 5149
3 4406 3485 6199
3 4744 5781 5784
3 2566 4140 4142
3 543 541 908
3 2840 3319 4276
3 500 4394 4588
3 417 4289 4290
3 2099 5776 5785
3 2052 1473 5327
3 551 549 4024
3 4220 4028 5466
3 4115 4113 4116
3 1360 2087 4275
3 1922 1920 4080
3 4058 4059 4069
3 2840 4276 4303
3 499 498 4392
3 2303 2306 4186
3 386 4669 6299
3 4101 4100 4102
3 2358 1943 4198
3 3975 1547 5143
3 1310 1358 1359
3 3462 3457 4180
3 4374 1298 4377
3 4822 1812 4929
3 1023 4351 5034
3 5580 3429 5708
3 4647 3304 5842
3 1281 950 4264
3 4077 4822 4929
3 4971 3648 5160
3 5691 4555 5700
3 1362 1439 4509
3 2553 1944 4090
3 546 545 547
3 4132 3022 4133
3 1359 1394 4301
3 1940 1938 4147
3 3313 4446 5182
3 4712 1870 5622
3 4012 2999 4019
3 621 580 5299
3 2566 1936 4140
3 2170 2169 2695
3 4165 2346 4510
3 2254 2252 4148
3 1961 1959 4099
3 3756 3758 3873
3 4463 4880 5364
3 4039 3028 4040
3 3468 4176 4179
3 4042 4043 4048
3 3578 2903 3579
3 4614 1924 4616
3 4362 2279 4368
3 3667 5058 5530
3 1994 2483 2774
3 509 508 510
3 245 4344 4870
3 1674 1677 1678
3 5262 4199 5328
3 3468 4167 4175
3 5764 4734 5765
3 2737 3430 4156
3 5612 4721 6389
3 2807 1283 4138
3 1993 4524 4527
3 478 476 677
3 4616 1924 5115
3 3924 3925 3928
3 2098 2453 3899
3 6202 4809 6249
3 3365 4077 4929
3 4077 3365 4078
3 1547 4971 5160
3 2802 2377 5262
3 733 691 4602
3 2145 1922 4080
3 3040 4826 5204
3 3468 3451 4167
3 2087 3985 4983
3 429 430 431
3 4423 637 4794
3 4667 2921 5330
3 250 417 4291
3 451 444 466
3 2805 2739 5500
3 2129 4432 4774
3 1634 1994 3984
3 2730 3206 5859
3 4394 2836 4588
3 5236 4201 5343
3 548 547 549
3 2987 2989 4132
3 1649 1650 3958
3 2344 4129 4455
3 4108 4106 4109
3 1631 1630 1632
3 2820 2816 4409
3 1649 1648 1650
3 954 952 4267
3 2357 999 5336
3 2159 1926 4435
3 4383 4366 4384
3 3023 4260 5915
3 4088 837 4388
3 1310 1359 1571
3 3973 1852 5277
3 2585 4323 4324
3 375 59 4189
3 273 370 4277
3 466 444 3922
3 4078 3365 5086
3 4013 4012 4015
3 6068 4490 6084
3 2263 2399 2739
3 518 516 751
3 4601 847 4602
3 1632 1633 1634
3 4099 4098 4100
3 3466 3461 4079
3 1705 3907 3908
3 2453 1970 2454
3 2738 2737 4156
3 511 510 512
3 3015 3017 4082
3 1473 1468 5327
3 3433 4394 5350
3 1298 4374 4376
3 5757 3183 5770
3 1667 1668 1669
3 1552 2168 4199
3 488 482 1569
3 1468 1559 5327
3 4787 4078 5086
3 1195 4181 4183
3 1394 1984 4301
3 2130 5780 5790
3 4512 1600 5489
3 704 702 4485
3 1650 1652 1653
3 4633 4634 5418
3 4377 4485 4486
3 2455 2456 2697
3 2453 3305 3899
3 943 1621 4220
3 1405 4193 4873
3 520 518 3993
3 51 1584 4297
3 3045 4510 5161
3 404 4007 4008
3 1628 5393 5447
3 3489 4159 4160
3 2554 2292 4195
3 3993 3994 3995
3 2432 2502 4319
3 3811 2086 6326
3 4195 4196 4197
3 4363 4367 5448
3 4166 1751 4960
3 2475 2254 2768
3 4097 4098 4099
3 1031 3309 4315
3 575 1578 4565
3 4849 403 6298
3 5450 1842 5538
3 4100 4098 4117
3 4395 3366 4397
3 5969 3257 5995
3 1766 4722 5417
3 43 368 4280
3 1751 4166 4725
3 3787 14 3791
3 924 922 4025
3 3648 4524 4976
3 1879 1649 3958
3 4527 4137 5098
3 4338 3029 4426
3 550 549 551
3 375 4189 4191
3 1262 1255 5277
3 5015 4332 5169
3 866 864 4998
3 4280 368 4281
3 4663 4725 5216
3 3359 4924 5125
3 4207 4210 4211
3 3489 4158 4159
3 4145 2812 4298
3 3084 4415 4584
3 258 378 4294
3 582 1843 5299
3 1903 1892 4421
3 2738 4153 4155
3 4084 4083 4085
3 4294 378 4295
3 1852 4434 5316
3 3993 3995 4033
3 5832 4647 5951
3 3692 5381 5727
3 2843 4518 5379
3 1926 1477 4435
3 743 749 4243
3 3001 3003 3019
3 495 498 499
3 549 644 4024
3 2453 2454 2455
3 442 440 1564
3 706 1298 4376
3 3020 2997 4012
3 253 367 4285
3 4143 4144 5492
3 4501 2931 4503
3 1917 1972 4336
3 1359 1393 1394
3 1766 1764 4722
3 4379 4273 5544
3 255 1583 4184
3 2769 3422 4185
3 1578 573 4136
3 365 4343 4344
3 3786 3787 3788
3 3648 4976 5160
3 3003 3005 4036
3 5250 1886 5315
3 2812 1932 4298
3 4524 1993 4976
3 2094 4276 4722
3 1638 1701 3946
3 3953 5262 5328
3 3232 3681 3682
3 708 706 4376
3 1868 4503 5142
3 1011 4420 5221
3 2707 3736 5529
3 2683 2145 2903
3 2585 4322 4323
3 3020 4012 4013
3 4340 4400 4919
3 3793 18 6350
3 1586 4230 4231
3 711 752 5026
3 2902 2900 5450
3 536 533 537
3 1688 1689 1690
3 514 3842 6228
3 495 493 498
3 1270 1064 4220
3 563 561 4203
3 41 42 4283
3 507 506 508
3 3562 2825 4227
3 451 466 467
3 4285 367 4286
3 1209 4183 4387
3 1149 1166 4713
3 2333 4443 4445
3 4461 5757 5770
3 1524 4137 4552
3 3562 4227 4228
3 1195 1300 4181
3 667 619 4449
3 522 520 4033
3 4058 1581 4059
3 474 472 4074
3 637 4423 5242
3 681 692 4381
3 3963 3149 3964
3 4415 3084 4583
3 1166 4312 4313
3 3156 2768 3342
3 1277 4258 4259
3 538 539 540
3 4396 4397 5252
3 1993 4527 5098
3 4161 4432 5054
3 4303 3325 4388
3 4044 1579 4465
3 2564 2792 4322
3 4321 4536 5241
3 4245 4244 4246
3 1177 1085 4522
3 1535 667 4449
3 1641 1643 1704
3 1533 1552 4199
3 3238 2908 4224
3 4042 1579 4043
3 4241 4240 4242
3 5244 3257 5969
3 571 569 663
3 537 533 3947
3 1892 1872 4421
3 4207 664 4210
3 4258 936 4261
3 4536 2859 5241
3 2981 2983 4214
3 513 512 514
3 2803 1161 4252
3 4031 1271 4032
3 1537 1539 4139
3 3383 3382 3824
3 3940 1709 4304
3 1586 840 4230
3 4596 1231 5446
3 1629 1628 1630
3 4060 1581 4484
3 830 832 4673
3 4082 3906 4083
3 2995 2997 3020
3 4725 4166 5216
3 1661 1663 4003
3 2619 3383 4519
3 2475 2768 3156
3 2189 1985 2190
3 1629 1630 1631
3 1350 1587 4255
3 2437 4897 4898
3 4924 2939 5125
3 540 541 542
3 4075 1576 4076
3 3453 3468 4179
3 4269 2128 4270
3 5357 2721 6418
3 2792 3150 4322
3 4047 4044 4465
3 1163 1270 4308
3 4189 4190 4191
3 565 563 750
3 926 924 1271
3 4408 2817 4506
3 3982 3503 3983
3 5085 2338 5469
3 2945 4794 5206
3 2993 2994 2995
3 4445 5211 5374
3 629 623 4334
3 3325 4088 4388
3 561 559 4204
3 3009 3011 4152
3 2995 2996 2997
3 3977 3979 6342
3 623 617 4334
3 536 537 538
3 4063 4060 4484
3 3007 3009 3028
3 1355 1360 4275
3 4225 2678 4437
3 1988 2478 4201
3 2478 3314 4201
3 257 4294 4296
3 2814 4308 4409
3 2619 3382 3383
3 4410 4078 4787
3 4137 1524 5098
3 1753 4410 4787
3 3610 3188 5837
3 4214 2983 4978
3 515 514 516
3 1439 1894 5267
3 4382 2901 4658
3 251 252 4288
3 2619 3253 3382
3 3082 4709 4710
3 6233 3695 6242
3 837 4088 4673
3 4187 2843 5379
3 1638 1636 1701
3 526 524 4320
3 2999 3000 3001
3 2287 2585 4326
3 2997 2998 2999
3 4272 3989 5572
3 1694 5454 5477
3 265 1579 4042
3 270 1581 4058
3 936 934 4261
3 1601 39 4229
3 692 2848 4381
3 355 2397 3877
3 2991 2992 2993
3 4559 4937 5031
3 1972 2417 4336
3 542 543 544
3 3176 3905 3906
3 4025 1566 4026
3 4826 4825 5204
3 4378 4379 4380
3 4610 885 4612
3 922 1566 4025
3 2346 4165 4522
3 517 516 518
3 922 920 1566
3 1597 1600 4307
3 4270 4273 4378
3 4552 4226 5052
3 2676 2283 4329
3 4118 4114 4119
3 4434 4435 5316
3 2989 2990 2991
3 476 474 4073
3 3468 4175 4176
3 928 926 4031
3 467 468 469
3 3416 2572 3573
3 1627 1626 1628
3 958 1616 4337
3 1468 1466 1559
3 3479 4894 5503
3 2554 4195 4197
3 1277 938 4258
3 1353 2128 4269
3 1635 1637 2030
3 2566 4142 4143
3 1030 1028 4315
3 2595 3503 3982
3 2609 3333 4305
3 4095 4094 4096
3 4269 4270 4378
3 519 518 520
3 3451 3449 4167
3 2569 2570 3149
3 2987 2988 2989
3 4432 2890 4774
3 4102 4100 4117
3 1479 5120 6152
3 3027 2987 4132
3 2012 2519 5149
3 3357 4303 4388
3 5557 5149 5586
3 1023 4349 4351
3 2553 4094 4095
3 1208 2948 4416
3 3342 2768 3862
3 1751 4673 4960
3 376 4069 4070
3 926 1271 4031
3 1936 1934 4140
3 2504 5278 5312
3 1624 1622 4460
3 3142 3895 3981
3 2774 2483 2775
3 4880 1038 5364
3 3475 3476 3781
3 3001 3002 3003
3 3256 2228 5391
3 1467 1468 1472
3 853 851 5096
3 4253 1954 4457
3 1685 1687 1688
3 1345 1275 4306
3 544 545 546
3 4420 4421 5221
3 415 67 4318
3 3357 2840 4303
3 4090 2557 4091
3 1398 1625 1626
3 702 2851 4485
3 4409 1270 5466
3 3457 3455 4180
3 4070 4069 4071
3 2519 3231 3232
3 4765 3316 5351
3 334 2394 3881
3 341 2395 3882
3 348 2396 3883
3 2273 2271 4368
3 1524 4552 5052
3 1072 1208 4416
3 2284 2281 4321
3 4194 4601 4602
3 4546 2850 4547
3 4176 4175 4177
3 2437 4898 4899
3 4249 4248 4250
3 4143 4142 4144
3 5278 5255 5312
3 1615 4293 4341
3 2166 2167 4302
3 4036 3005 4038
3 930 928 1576
3 520 3993 4033
3 4332 4334 5169
3 1640 1638 3946
3 2569 3149 3963
3 1678 1677 1679
3 559 557 664
3 502 499 4392
3 263 374 4050
3 1627 2261 4551
3 529 526 1614
3 5063 4571 5117
3 4400 3031 4919
3 2985 2986 2987
3 708 4376 5082
3 2161 1954 4253
3 1140 1058 4550
3 1627 1628 1629
3 1644 1645 1646
3 2769 3200 3422
3 1166 1167 4312
3 1253 1163 4308
3 1425 1537 3087
3 1593 1597 4307
3 4324 4323 4325
3 1398 1626 1627
3 1023 1020 4349
3 2794 3120 4221
3 4230 1083 4234
3 3387 3939 5553
3 2825 2823 4227
3 5173 1474 5513
3 2989 2991 3022
3 2292 2670 4195
3 3876 2767 4389
3 1405 4873 5096
3 1632 1630 1633
3 3702 3703 3704
3 2306 2308 2569
3 3959 1653 3960
3 265 266 1579
3 58 59 375
3 268 269 376
3 53 54 373
3 263 264 374
3 270 271 1581
3 63 64 369
3 273 274 370
3 43 44 368
3 253 254 367
3 48 49 377
3 258 259 378
3 51 52 1584
3 5318 2209 5359
3 1929 4226 4575
3 2417 2667 3097
3 1665 1664 1666
3 1634 1633 1994
3 2235 2187 2252
3 3781 3476 3976
3 4168 4170 4174
3 1398 1627 4551
3 3652 2033 6144
3 4059 4060 4061
3 4234 1083 4235
3 2462 2461 2769
3 4547 2850 4548
3 934 932 1225
3 3087 1537 4139
3 4309 1313 4310
3 4489 4490 5287
3 2255 2254 2475
3 1370 1209 1371
3 3011 3013 3018
3 2417 3097 4336
3 364 4405 4406
3 2168 2166 2461
3 367 254 4184
3 2975 3029 4338
3 915 914 920
3 3345 4382 4658
3 2283 2285 4329
3 3979 1899 6342
3 3082 4708 4709
3 4043 4044 4045
3 2678 4225 4439
3 4140 2812 4141
3 4065 4066 4067
3 1447 4622 5513
3 4091 4092 4093
3 4773 4809 6348
3 3333 5297 5442
3 3721 4354 4355
3 1208 1160 1209
3 1571 1359 4301
3 380 3933 5588
3 2776 2775 3398
3 4276 2917 4303
3 2931 4501 4550
3 507 508 509
3 3273 2769 4185
3 3341 4447 5166
3 4242 4240 4713
3 573 571 4136
3 938 936 4258
3 2917 3325 4303
3 268 376 4072
3 2473 2432 4319
3 5488 4504 5559
3 1575 1345 4306
3 4176 4177 4178
3 374 4048 4049
3 370 274 4278
3 5363 3187 5474
3 4215 4214 4219
3 2084 2014 4598
3 2106 2601 5377
3 1532 1371 1533
3 1298 704 4485
3 1946 1944 2553
3 2299 2951 4200
3 2601 4739 5226
3 4205 4208 4209
3 3472 3466 3475
3 4167 3471 4168
3 4398 4399 4441
3 2983 2984 2985
3 524 522 665
3 546 547 548
3 3615 6045 6060
3 1944 1942 4090
3 4226 1929 5052
3 1255 1286 5277
3 1942 1940 2557
3 1139 5352 5384
3 1938 1936 2566
3 3459 3457 3462
3 3924 1572 3925
3 3087 4139 4674
3 1085 2346 4522
3 2985 2987 3027
3 921 920 922
3 4407 2817 4408
3 4201 4005 5343
3 4082 4083 4084
3 1552 1570 2166
3 2253 2252 2254
3 2807 4138 5415
3 3721 3713 4354
3 3639 4251 6387
3 4397 2593 5252
3 3453 3451 3468
3 932 930 4075
3 1586 4231 4232
3 1653 1652 1654
3 3455 3453 4179
3 4322 3150 4323
3 4620 2940 5173
3 1924 4614 4998
3 4232 4231 4233
3 2092 1533 4199
3 1654 1656 1657
3 3359 2712 4924
3 2767 2429 4389
3 4256 1594 4257
3 1283 1282 4138
3 4110 4107 4111
3 3232 3682 5586
3 4509 1439 5267
3 2581 2036 5417
3 4189 1580 4190
3 3027 4132 4134
3 1200 4370 4375
3 2981 2982 2983
3 1072 1160 1208
3 3061 3063 4708
3 4546 3347 5130
3 731 3988 5669
3 3475 3466 3476
3 4245 4246 4247
3 4356 2849 4358
3 4365 1021 5458
3 1934 1932 2812
3 1277 4260 4263
3 3530 2915 3531
3 4378 4273 4379
3 38 1601 4386
3 1552 2166 2168
3 3416 3573 3803
3 2268 2267 4369
3 737 693 5163
3 930 1576 4075
3 1201 1313 4309
3 2836 2050 4588
3 2792 2793 2794
3 4937 1042 5031
3 4430 4431 5027
3 1705 1702 1949
3 2271 2268 4369
3 1385 1397 1398
3 4360 4362 4368
3 1388 1967 4640
3 4370 4371 4375
3 3017 3176 4082
3 3455 4179 4180
3 1934 2812 4140
3 969 1232 4470
3 709 711 5026
3 2279 2273 4368
3 1640 3946 5526
3 4014 4013 4016
3 4059 1581 4060
3 3571 5318 5359
3 2019 1624 4460
3 2085 2084 2086
3 3449 3471 4167
3 4432 2129 5054
3 4043 1579 4044
3 1082 4430 5027
3 272 273 4277
3 1269 1350 4255
3 3445 3442 5413
3 4384 4366 4385
3 2979 2980 2981
3 1533 1534 1552
3 1963 1961 2443
3 4278 275 4279
3 2388 2828 3865
3 1208 1209 1370
3 3282 3885 3886
3 2527 3294 4483
3 1955 1949 2103
3 3962 5542 5552
3 3704 3705 4429
3 3436 3479 4335
3 4443 2333 5057
3 2901 3632 4658
3 864 1924 4998
3 4667 3363 5338
3 1562 3947 3948
3 5211 728 5374
3 4015 4012 4019
3 4228 4227 5356
3 3024 2981 4214
3 2973 2975 4338
3 3176 3906 4082
3 2371 2375 4089
3 4129 2829 4455
3 940 938 1277
3 4181 3087 4182
3 3449 3447 3471
3 923 922 924
3 1464 3366 4395
3 844 975 4330
3 3464 3461 3466
3 4794 637 5206
3 1200 730 4370
3 4141 4145 4146
3 1083 977 4237
3 2595 3218 3503
3 4473 379 4474
3 3080 4413 4414
3 1033 1030 4649
3 2443 4101 4103
3 1942 2557 4090
3 60 1580 4189
3 3234 2229 3261
3 3962 1902 5542
3 1300 1425 4181
3 2085 2086 3863
3 2967 3031 4398
3 3171 2513 5382
3 275 276 4279
3 2281 2266 4321
3 2815 2817 4407
3 4298 1338 5306
3 3433 2838 4394
3 2276 4461 5003
3 3346 4306 5261
3 3561 2825 3562
3 4358 4420 5398
3 1905 2849 4356
3 4575 4393 5033
3 870 868 4780
3 2333 4445 5026
3 2726 4598 4599
3 844 4330 5274
3 2794 2793 3120
3 2977 2978 2979
3 2168 2461 2462
3 2822 2823 2825
3 4368 2271 4369
3 4416 2948 4417
3 2985 3027 4978
3 4822 3320 5330
3 3574 2794 4221
3 885 866 4998
3 1072 1159 1160
3 4424 1078 4440
3 1370 1371 1532
3 3955 5567 5582
3 2914 2913 2915
3 2091 1388 4640
3 4045 4044 4046
3 5338 3363 5343
3 2908 2906 4224
3 3477 5071 5072
3 2323 654 4528
3 4308 1270 4409
3 1364 1323 5106
3 2880 4401 4402
3 2838 2836 4394
3 506 503 4041
3 2913 2159 4435
3 3531 3973 4035
3 3734 2879 4404
3 4139 1539 5621
3 4234 4235 4236
3 2829 2466 4455
3 4447 2201 5166
3 4531 4532 4533
3 3459 3462 4079
3 40 416 4229
3 3150 2794 3574
3 3717 3720 4353
3 2850 4546 5130
3 3588 3587 6265
3 3322 3238 3323
3 4739 5200 5226
3 1413 6132 6173
3 2817 2816 2818
3 1680 1679 1681
3 2896 4462 4463
3 2822 2821 2823
3 2823 3114 4227
3 2989 2988 2990
3 1620 607 5046
3 2288 2564 4322
3 2569 2308 2570
3 2764 2377 2802
3 3843 3957 6075
3 832 837 4673
3 4141 4146 5461
3 4061 4060 4062
3 4398 3031 4399
3 4276 3319 4722
3 2769 2461 3200
3 4252 1385 4551
3 1532 1533 2092
3 3446 3445 3447
3 5210 377 6235
3 50 51 4297
3 2792 2791 2793
3 2339 2344 4455
3 5434 907 5449
3 1932 1418 4298
3 3080 3073 4413
3 1585 4052 4053
3 1264 4424 4446
3 2815 2814 2816
3 1587 6102 6317
3 2167 2577 2595
3 2163 2609 4305
3 3082 3061 4708
3 503 502 4041
3 4382 3345 4644
3 759 757 1315
3 2670 4006 4195
3 3081 5063 5117
3 1135 1161 2803
3 2074 2025 2465
3 4122 4120 4123
3 1751 830 4673
3 2267 4357 4369
3 1166 4313 4713
3 885 4610 4780
3 2564 2791 2792
3 1975 2018 4439
3 4606 1925 4608
3 4091 2557 4092
3 548 549 550
3 917 1083 4230
3 3003 3004 3005
3 3448 3447 3449
3 3322 3323 3425
3 1568 3846 6046
3 40 41 416
3 2815 2816 2817
3 3139 4507 4508
3 4300 4299 5491
3 3168 2767 3875
3 2910 2908 3238
3 3816 2800 3817
3 1232 967 4337
3 2462 2769 3273
3 2818 2821 2822
3 3066 3068 4583
3 912 763 914
3 710 708 5082
3 1929 4575 5033
3 3249 2632 3251
3 1323 1177 4522
3 1176 1250 5038
3 4159 2890 4432
3 1425 1536 1537
3 1004 1228 4532
3 2987 2986 2988
3 2430 2429 2767
3 1058 2931 4550
3 2237 5557 5586
3 4492 853 5096
3 4411 1437 5199
3 2991 2990 2992
3 3461 3459 4079
3 1597 1598 1599
3 1593 1595 1597
3 2993 2992 2994
3 693 2887 5163
3 4826 5496 5536
3 2764 2802 3292
3 1591 1592 1593
3 727 1062 4249
3 2290 4454 5376
3 2995 2994 2996
3 3542 2911 4346
3 752 2333 5026
3 2287 2288 2585
3 4431 4992 5027
3 42 43 4280
3 4231 4230 4234
3 4388 837 4911
3 4270 4271 4272
3 1589 1590 1591
3 575 573 1578
3 3787 3791 3809
3 1599 2043 2045
3 2173 1618 2814
3 2914 2915 3530
3 3027 4135 4978
3 1583 256 4296
3 364 280 4405
3 1957 2611 4526
3 2173 2814 2815
3 4199 2168 5328
3 925 924 926
3 264 265 4042
3 269 270 4058
3 1281 4265 4266
3 4358 2849 4420
3 1938 2566 4147
3 2849 1903 4421
3 4360 4368 4369
3 3363 5236 5343
3 4273 4272 4274
3 4270 2128 4271
3 1031 1588 1589
3 276 277 418
3 3986 3308 3987
3 2531 2696 4480
3 3084 3066 4583
3 1537 1538 1539
3 3335 2290 5337
3 1946 2553 4097
3 3531 2915 3973
3 3251 4253 4254
3 1201 1269 1313
3 1170 1201 4309
3 3149 2570 3483
3 3249 3251 4081
3 698 719 1396
3 2910 3238 3322
3 3450 3449 3451
3 4424 4440 5182
3 2965 2967 4398
3 2975 2976 2977
3 966 1071 1072
3 1313 1269 4255
3 2985 2984 2986
3 257 258 4294
3 1272 1385 4252
3 2593 2264 5252
3 2906 2474 3248
3 2244 1975 4439
3 4330 2293 4380
3 1028 1027 1031
3 2585 2288 4322
3 2285 2286 2287
3 1161 1272 4252
3 3024 4214 4215
3 2983 2982 2984
3 1350 1416 1587
3 2523 3284 4516
3 902 944 5057
3 3939 2861 4448
3 3057 3059 5062
3 840 917 4230
3 4312 4311 4313
3 917 977 1083
3 4480 2696 4481
3 3729 2829 3730
3 2609 2869 3333
3 749 840 1586
3 2255 2475 2476
3 2077 2183 2429
3 1925 4606 4617
3 4355 2350 6413
3 3357 4388 4911
3 973 1617 4549
3 521 520 522
3 2156 2154 2479
3 3441 3438 4335
3 1622 4459 4460
3 1030 4315 4649
3 4569 4570 4572
3 4250 4248 4251
3 4500 4503 5394
3 3464 3466 3472
3 4351 4350 4352
3 66 67 415
3 250 251 417
3 3284 3285 3732
3 500 499 501
3 2430 2767 3168
3 2906 3248 4224
3 4168 4169 4170
3 4053 4052 4054
3 2756 2829 3729
3 2283 2284 2285
3 1712 4471 4472
3 3324 4510 5456
3 2981 2980 2982
3 2877 2072 4425
3 252 253 4285
3 2979 2978 2980
3 1715 4345 5201
3 1594 1593 4307
3 2742 3504 4548
3 1523 4393 4653
3 727 743 1062
3 5183 3346 5261
3 3452 3451 3453
3 2266 2574 4321
3 3345 2852 4644
3 1276 855 4492
3 1277 4259 4260
3 1055 1102 4458
3 3292 2802 4391
3 3248 4331 4333
3 509 510 511
3 1214 3335 4459
3 2979 2981 3024
3 1597 1599 1600
3 261 262 1585
3 2896 1841 4462
3 4401 2880 4425
3 2287 2286 2288
3 3986 3987 3988
3 2537 3310 4451
3 2880 4402 4404
3 2818 2820 2821
3 59 60 4189
3 2306 2569 4186
3 721 727 4249
3 3560 2825 3561
3 3730 4130 4131
3 1861 1863 4467
3 1094 2265 2266
3 2293 4269 4378
3 4280 4281 4282
3 1580 61 4466
3 2756 2466 2829
3 851 1405 5096
3 4313 4311 4314
3 2077 2429 2430
3 284 379 4473
3 3284 2522 3285
3 3472 3475 3477
3 1035 1004 4532
3 4349 4348 4350
3 1026 1024 1027
3 4377 1298 4485
3 1935 1934 1936
3 3030 2973 4338
3 2233 2158 2521
3 4454 1092 4458
3 4422 3032 4423
3 1327 1351 2293
3 3454 3453 3455
3 1201 1202 1269
3 1020 1019 4349
3 967 958 4337
3 1353 1355 2128
3 3444 3442 3445
3 4567 4568 4569
3 2519 3232 5149
3 1933 1932 1934
3 4093 4092 5492
3 2973 2974 2975
3 2841 2244 4439
3 1360 1362 2087
3 2632 2161 4253
3 1170 1171 1201
3 749 1586 4243
3 1715 4663 5216
3 4211 4210 4212
3 2997 2996 2998
3 1937 1936 1938
3 3271 4411 5199
3 1346 1140 4550
3 1348 1346 5017
3 4399 3031 4400
3 1863 2000 4467
3 927 926 928
3 4393 1523 5033
3 2285 2284 2286
3 1894 2005 2077
3 2823 2824 3114
3 3081 3057 5062
3 2879 2880 4404
3 469 468 470
3 4461 3395 5003
3 1528 2099 5055
3 3903 4621 5030
3 4431 4947 4992
3 1591 1593 1594
3 952 1281 4267
3 4495 4499 4504
3 2283 2281 2284
3 550 551 552
3 855 853 4492
3 2329 5024 5525
3 68 1789 4318
3 2336 2334 3346
3 2266 2265 2574
3 1264 1080 4424
3 975 1327 4330
3 4422 4423 4794
3 2588 4187 4188
3 1094 1075 2265
3 3886 3885 3887
3 4460 3335 5302
3 2299 2301 2951
3 4532 1228 4533
3 3080 4414 4415
3 1626 1625 2202
3 952 950 1281
3 1988 4201 5236
3 2831 4300 4493
3 3438 3436 4335
3 1019 4347 4348
3 2809 4765 5351
3 940 1277 4263
3 4481 2696 4482
3 464 484 5459
3 2971 2972 2973
3 1351 1353 4269
3 4194 4602 5476
3 1398 1397 1625
3 958 954 1616
3 626 641 4489
3 45 46 1582
3 2429 2446 4389
3 2939 4430 5125
3 2609 2733 2869
3 2861 2860 4448
3 4270 4272 4273
3 2282 2281 2283
3 42 4280 4283
3 2835 3154 4477
3 2869 3666 3667
3 1340 1410 4433
3 4673 4088 4960
3 1076 1075 1094
3 4621 3900 5030
3 966 1072 4416
3 3456 3455 3457
3 2963 3032 4422
3 3221 3236 3237
3 3712 3713 3721
3 2529 2527 4483
3 1018 1017 1019
3 2850 2742 4548
3 4309 4311 4312
3 2280 2266 2281
3 3860 3298 5369
3 1074 1033 1075
3 4141 2812 4145
3 3393 2630 4464
3 2131 2937 4433
3 986 1711 4556
3 2977 2976 2978
3 1326 1325 4518
3 472 470 1009
3 3434 3433 4894
3 3717 3719 3720
3 4478 2533 4480
3 1533 1371 1534
3 3704 3703 3705
3 3715 3717 4353
3 4489 2323 4490
3 1022 1020 1023
3 2975 2977 3029
3 2683 2903 3578
3 2459 3220 3221
3 2017 1264 2734
3 1618 1253 4308
3 4331 2295 4332
3 5540 2418 5629
3 2697 2456 2698
3 4494 4495 4504
3 3176 3617 3905
3 982 1280 4574
3 1017 1203 4347
3 2275 2279 4383
3 1269 1349 1350
3 4701 4700 5005
3 2474 2295 4331
3 3954 2037 5566
3 2969 2970 2971
3 38 39 1601
3 3114 3115 3872
3 255 256 1583
3 4349 4350 4351
3 1939 1938 1940
3 1425 3087 4181
3 2386 2831 4493
3 3432 2838 3433
3 1983 3047 4456
3 1272 1384 1385
3 3080 4415 4583
3 4125 4123 4126
3 2000 4305 4467
3 4410 1753 5276
3 990 1285 4525
3 1080 1078 4424
3 4612 885 4998
3 2295 629 4334
3 2018 2678 4439
3 2792 2794 3150
3 1852 1262 5277
3 2754 2913 2914
3 4411 4412 5272
3 1031 1589 3309
3 3730 4129 4130
3 4364 4363 4365
3 868 885 4780
3 4700 2930 5005
3 3479 3434 4894
3 2390 1283 2807
3 4423 3032 4441
3 1031 1027 1588
3 3975 3647 4971
3 929 928 930
3 4459 3335 4460
3 4160 4159 4161
3 2293 1351 4269
3 252 4285 4288
3 3075 3165 4413
3 2277 2275 2384
3 3237 3658 4030
3 1998 1575 2334
3 3951 1614 4320
3 2999 2998 3000
3 1051 1713 4468
3 2929 4677 5045
3 583 2067 4535
3 2335 2334 2336
3 2020 2508 4436
3 3713 3715 4354
3 4559 2896 4937
3 3709 3711 3712
3 631 2295 2474
3 2574 3991 4536
3 433 432 434
3 2163 2175 2609
3 4362 4361 4363
3 2293 4378 4380
3 2833 2835 4477
3 1215 1214 4459
3 2337 2336 2338
3 3712 3723 4427
3 4243 4232 4244
3 2116 1888 4507
3 2274 2273 2275
3 1141 1187 4442
3 4653 4511 4995
3 2339 2338 2344
3 2967 2968 2969
3 2880 2877 4425
3 3032 2965 4398
3 4339 4338 4426
3 3030 4338 4339
3 1327 2293 4330
3 1410 2131 4433
3 641 652 4489
3 4744 3175 4776
3 4639 4637 4917
3 1377 1375 4742
3 1016 1015 1017
3 2971 2973 3030
3 2000 2163 4305
3 1898 3424 4648
3 2432 2243 2502
3 3440 3438 3441
3 2590 4744 4776
3 1941 1940 1942
3 674 646 4981
3 1019 4348 4349
3 2099 4521 5055
3 1841 2059 4462
3 2272 2271 2273
3 1167 1170 4312
3 4103 4101 4104
3 4181 4182 4183
3 4360 4359 4361
3 3477 3475 5071
3 2333 902 5057
3 1888 3098 4507
3 2533 2531 4480
3 33 2009 4513
3 2979 3024 5111
3 4494 2115 4495
3 2937 3147 3160
3 2523 2522 3284
3 1167 1169 1170
3 1014 1013 1015
3 1006 947 1007
3 363 37 4386
3 4634 5158 5418
3 2481 2473 2522
3 1552 1534 1570
3 2030 3909 3910
3 3251 2632 4253
3 1350 1412 1416
3 1406 4947 5083
3 2235 2252 2253
3 1152 1092 4454
3 1026 1027 1028
3 4541 4542 4705
3 3875 2767 3876
3 2093 2092 2377
3 2501 4541 4705
3 1022 1023 1024
3 5352 4200 5384
3 679 690 1565
3 1952 1618 2173
3 2905 2474 2906
3 2467 2466 2756
3 1712 282 4471
3 4524 3547 4527
3 60 61 1580
3 1018 1019 1020
3 2819 2815 4407
3 652 2323 4489
3 1084 1176 5038
3 2965 2966 2967
3 730 725 4370
3 747 730 1200
3 4188 4187 5379
3 1416 1422 1897
3 4370 2289 4371
3 4736 5170 5264
3 3458 3457 3459
3 631 629 2295
3 4144 4142 5461
3 3318 2735 3376
3 966 4416 4418
3 2429 2183 2446
3 2267 4356 4357
3 1862 1226 4732
3 1066 5133 5205
3 3294 4516 4517
3 1589 1588 1590
3 1263 1080 1264
3 2077 2005 2183
3 281 1712 4405
3 3715 4353 4354
3 1755 4639 4917
3 2378 2377 2764
3 2975 2974 2976
3 3310 4478 4479
3 3073 3075 4413
3 4698 2924 5103
3 3705 3707 3708
3 876 874 5004
3 4357 4358 4359
3 2288 2563 2564
3 2831 3324 4299
3 4635 4587 5101
3 2564 2790 2791
3 1753 790 5276
3 2896 4463 4937
3 3786 3788 3789
3 1710 2371 4089
3 1931 1418 1932
3 1280 980 4539
3 1897 1898 4648
3 1092 1055 4458
3 950 948 4264
3 256 257 4296
3 2963 2964 2965
3 3430 2841 3549
3 2734 1264 4446
3 2971 3030 4919
3 1280 4539 4540
3 4677 1431 5045
3 2689 4451 4452
3 2835 2860 2861
3 3571 2644 5139
3 3001 3000 3002
3 55 56 2449
3 2384 2275 4383
3 3712 3711 3713
3 4947 4431 5083
3 254 255 4184
3 3071 3073 3080
3 3154 2861 3387
3 3310 2535 4478
3 4364 4365 4366
3 2973 2972 2974
3 1588 1027 5034
3 1591 1590 1592
3 4371 4372 4373
3 2131 2623 2937
3 3859 3298 3860
3 3063 3084 4708
3 943 842 1621
3 2200 1990 2267
3 3005 3006 3007
3 1019 1017 4347
3 1975 1624 2018
3 1418 1338 4298
3 1579 266 4465
3 4635 2317 4637
3 1523 4653 4995
3 1149 1165 1166
3 281 282 1712
3 2921 4667 5338
3 1070 1087 1148
3 2967 2969 3031
3 2402 2400 5056
3 4733 4732 5271
3 1593 1592 1595
3 2499 2500 3099
3 2341 2339 4455
3 756 669 757
3 1597 1595 1598
3 4362 4363 4364
3 4285 4286 4287
3 4485 2851 4486
3 3032 4398 4441
3 4507 3098 4508
3 1390 2115 4494
3 1094 2280 4440
3 1044 1041 4534
3 1540 2552 2619
3 1016 1017 1018
3 969 967 1232
3 1623 1622 1624
3 3387 2861 3939
3 2270 2268 2271
3 2535 2533 4478
3 2860 4194 4448
3 2386 2830 2831
3 3029 2977 5111
3 2275 2273 2279
3 1925 870 4780
3 4315 3990 4649
3 3708 3709 4427
3 2909 2908 2910
3 3165 3166 3828
3 4433 2937 5250
3 2963 2965 3032
3 3708 3707 3709
3 1017 1015 1203
3 1943 1942 1944
3 646 1837 4981
3 2297 4200 5329
3 4620 5173 5513
3 3248 2474 4331
3 4608 1925 4780
3 2045 2043 4567
3 1990 1905 4356
3 1967 2459 4640
3 971 969 4470
3 2128 1355 4275
3 2466 2341 4455
3 1905 1903 2849
3 1385 1384 1397
3 2393 4327 4328
3 4637 2317 4917
3 6149 3729 6196
3 725 723 2289
3 2678 2020 4436
3 1983 2207 3047
3 4225 2841 4439
3 67 68 4318
3 980 978 4539
3 3298 2562 4475
3 3221 3220 3236
3 1163 1064 1270
3 2971 2970 2972
3 4360 4361 4362
3 1599 1598 2043
3 656 1147 4528
3 1256 1344 4666
3 5191 1221 5365
3 4437 4436 4438
3 4704 4705 4706
3 274 275 4278
3 2907 2906 2908
3 1012 1008 1013
3 2960 2963 4422
3 4589 2146 4590
3 3031 2969 4919
3 2083 2084 2085
3 4357 4360 4369
3 2958 2960 4422
3 4746 4655 5195
3 3712 3721 3723
3 1812 4822 5330
3 2285 2287 2393
3 2689 2539 4451
3 3128 4563 4564
3 3265 3264 3266
3 39 40 4229
3 540 1199 5335
3 61 62 4466
3 2525 2523 4516
3 3709 3712 4427
3 1581 271 4484
3 1323 4522 5106
3 2314 1486 4537
3 209 210 4689
3 2754 2159 2913
3 2633 2632 3249
3 4529 1035 4532
3 1496 2146 4589
3 4385 1025 5475
3 3570 2644 3571
3 3017 3026 3176
3 2737 2244 2841
3 4389 2446 4390
3 5133 3356 5205
3 3708 4427 4428
3 5102 2203 5167
3 2334 1575 4306
3 3307 3168 3308
3 1617 971 4470
3 2814 1618 4308
3 2539 2537 4451
3 796 5207 5218
3 3436 3434 3479
3 1737 4872 5006
3 1375 1986 4742
3 4578 1377 4742
3 4674 4139 5571
3 1257 1363 4523
3 2818 2816 2820
3 4590 4592 4594
3 3030 4340 4919
3 3099 3100 3591
3 2574 3990 3991
3 4357 4359 4360
3 912 914 915
3 4808 883 4855
3 501 499 502
3 2277 2384 2418
3 2680 1957 4526
3 1006 1007 1008
3 2343 2341 2466
3 4443 4444 4445
3 3446 3447 3448
3 1301 1196 5148
3 1250 4554 5038
3 874 4617 5004
3 2678 4436 4437
3 417 4290 4291
3 2969 2968 2970
3 1346 4550 5017
3 3075 3078 3165
3 2831 2830 3324
3 883 4603 4855
3 2018 2020 2678
3 2833 2834 2835
3 1341 1253 1618
3 1287 1218 1622
3 3227 3581 3582
3 1678 2246 3929
3 2960 2962 2963
3 1363 1907 4523
3 2166 1570 2167
3 3985 3308 3986
3 4562 4590 4594
3 4309 4310 4311
3 1898 3423 3424
3 1014 1015 1016
3 725 2289 4370
3 3444 3445 3446
3 4530 4529 4531
3 915 920 921
3 2272 2273 2274
3 874 872 4617
3 3099 3591 5539
3 2501 2060 4558
3 68 69 1789
3 248 249 1615
3 2274 2275 2277
3 2817 2818 4506
3 2835 2834 2860
3 2385 2136 2386
3 1758 1988 5236
3 872 1925 4617
3 2945 2958 4794
3 2284 4321 5241
3 2485 2176 4505
3 1374 1326 4518
3 4357 4356 4358
3 3084 4584 4708
3 4644 2852 4702
3 2853 1588 5034
3 4541 2501 4558
3 1074 1075 1076
3 3549 2841 4225
3 4363 4361 4367
3 818 1715 5201
3 4511 1802 4995
3 2267 1990 4356
3 4334 617 5169
3 2253 2254 2255
3 3294 2525 4516
3 3068 3071 4583
3 4872 4425 5006
3 1718 1720 4785
3 1094 2266 2280
3 2200 2267 2268
3 4539 978 4549
3 3128 2496 4563
3 4062 4063 4064
3 1623 1624 1975
3 3237 3236 3658
3 4442 4443 5057
3 2018 2019 2020
3 2522 2473 4319
3 3122 2615 3139
3 2947 2660 3377
3 1045 1044 4538
3 931 930 932
3 2270 2271 2272
3 4569 4568 4570
3 1040 4529 4530
3 2948 1370 5280
3 1786 2883 4989
3 2319 4746 5195
3 652 654 2323
3 2659 3602 4543
3 2967 2966 2968
3 1214 1181 2290
3 1945 1944 1946
3 33 34 2009
3 1802 4511 4718
3 1514 1511 4719
3 2386 2136 2830
3 3350 4723 4796
3 4554 4553 4555
3 1012 1013 1014
3 4345 1715 5216
3 37 38 4386
3 1484 2314 4553
3 1287 1622 1623
3 3297 2562 3298
3 4606 4604 4617
3 1040 1037 4529
3 4443 3414 4444
3 4682 4683 4684
3 2490 2660 2947
3 2701 4656 5047
3 1214 2290 3335
3 3583 4153 4154
3 4168 3471 4169
3 2282 2283 2676
3 2280 2281 2282
3 3404 3395 4461
3 1300 1424 1425
3 4705 4542 4706
3 1392 4698 5103
3 2737 2841 3430
3 1667 1669 1708
3 2884 4655 4746
3 4676 4803 4804
3 3533 2709 4544
3 4700 3341 5166
3 2008 2898 5037
3 1788 3413 3414
3 2494 2161 2632
3 4825 4779 5204
3 654 656 4528
3 2869 2733 3666
3 2965 2964 2966
3 1379 1377 4578
3 4497 4494 4504
3 2020 2021 2508
3 5000 2104 5087
3 1500 2149 4595
3 4708 4584 4709
3 2135 1364 2136
3 4495 4496 4498
3 4425 2072 5006
3 992 990 4525
3 3138 3345 3619
3 4683 383 4684
3 4097 4095 4098
3 2392 2832 2833
3 2313 2312 2392
3 2823 2821 2824
3 2172 1373 4597
3 4464 2833 4477
3 4782 2919 4956
3 3550 2680 4526
3 2194 6012 6027
3 978 973 4549
3 2202 2707 5481
3 4471 283 4473
3 4523 3356 5090
3 3632 2902 3669
3 4498 4500 4502
3 1160 1159 1195
3 845 965 966
3 4754 2100 4815
3 2218 2610 4726
3 2822 2825 3560
3 656 658 1147
3 1790 209 4689
3 1885 1983 4456
3 3349 2590 4776
3 1309 4779 4825
3 2541 2539 2689
3 2609 2175 2733
3 3387 5553 5563
3 5393 3330 5447
3 2566 4143 4147
3 4627 4726 4727
3 4655 2884 4745
3 279 280 364
3 36 37 363
3 2017 2734 2735
3 1102 1053 4468
3 3730 2829 4129
3 1076 1094 4440
3 2527 2525 3294
3 2901 2900 2902
3 4463 2947 4880
3 4137 3244 4552
3 4593 4591 4734
3 4482 2696 4483
3 948 4263 4264
3 1263 1264 2017
3 3705 3708 4429
3 1250 1319 4554
3 2297 2299 4200
3 694 695 698
3 988 986 4556
3 2317 4635 5101
3 3145 4628 4629
3 2387 2386 4493
3 1865 1862 4732
3 3158 5144 5145
3 4371 2289 4372
3 698 699 719
3 4580 4582 4797
3 4495 2115 4496
3 2123 2121 4803
3 1682 1681 1683
3 1619 992 4525
3 2537 2535 3310
3 1269 1202 1349
3 3024 4216 5111
3 1667 1666 1668
3 5272 4412 5303
3 1201 1171 1202
3 1851 633 4945
3 2554 4197 4985
3 1555 1390 4494
3 4341 4293 4342
3 4754 3349 4943
3 4661 3051 4759
3 4562 4589 4590
3 799 4654 4745
3 1512 1490 4560
3 1075 1033 4649
3 1344 1885 4666
3 1958 1946 1959
3 1037 1035 4529
3 921 922 923
3 2481 2522 2523
3 1218 1215 4459
3 849 847 4601
3 1390 1348 2115
3 2963 2962 2964
3 2310 1276 4492
3 4125 4126 4127
3 3448 3449 3450
3 5191 4188 5379
3 3504 2813 3583
3 984 982 4574
3 3553 3302 4697
3 3440 3441 3442
3 215 383 4683
3 2835 2861 3154
3 1998 2334 2335
3 4563 4497 4564
3 1405 849 4601
3 1145 5013 5014
3 2630 2392 4464
3 3144 2630 3393
3 1465 1464 1466
3 2615 2116 4507
3 1831 1829 4766
3 3318 3376 3613
3 2424 4580 4797
3 2689 4453 4476
3 2531 2529 2696
3 1072 1071 1159
3 2883 4624 4989
3 1663 1664 1665
3 4677 3529 5127
3 603 585 4535
3 3608 3133 3954
3 2833 2832 2834
3 4321 2574 4536
3 2639 2496 3128
3 4373 4372 4374
3 372 4686 4688
3 2658 2659 4543
3 585 583 4535
3 2696 2529 4483
3 1737 4723 4908
3 2831 4299 4300
3 2018 1624 2019
3 1021 1020 1022
3 2595 2577 3218
3 4660 4661 4759
3 1482 4553 4554
3 4654 4655 4745
3 3131 3129 3962
3 2611 4732 4733
3 1829 2104 4766
3 2136 1364 5106
3 4462 2947 4463
3 2742 2412 2813
3 2411 1987 2412
3 1170 1169 1171
3 1053 1051 4468
3 2311 2310 2312
3 2937 2623 3147
3 2659 2939 3602
3 1373 1267 4597
3 2285 2393 4329
3 4783 4782 4956
3 1048 1045 4538
3 833 5201 5265
3 2086 2084 2726
3 3553 4697 4916
3 1821 1823 4559
3 1051 1048 1713
3 1614 526 4320
3 1957 1865 2611
3 511 512 513
3 1055 1053 1102
3 4442 3414 4443
3 2392 2312 2832
3 4195 4006 4196
3 4226 3240 4575
3 3199 2402 5056
3 3349 4776 4943
3 1187 1788 4442
3 2236 2900 2901
3 2335 2336 2337
3 1713 1048 4538
3 4495 4498 4499
3 2424 4579 4580
3 1319 1482 4554
3 1025 1024 1026
3 4585 2864 4587
3 3274 3273 3941
3 3020 4013 4014
3 2326 4737 4875
3 3223 2680 3550
3 1622 1218 4459
3 3138 2852 3345
3 2665 2852 3138
3 3114 3872 5356
3 1558 2294 2658
3 1208 1370 2948
3 2651 2650 3502
3 4591 4595 4734
3 1960 1959 1961
3 1236 4701 5005
3 4421 1872 5221
3 3608 3954 3955
3 3265 3266 3267
3 3351 4808 4855
3 283 284 4473
3 2855 4766 4767
3 2888 4659 4764
3 1386 2091 4520
3 1779 4870 4871
3 1769 4820 4821
3 2509 2845 3725
3 944 1141 5057
3 1385 1398 4551
3 3583 2813 4153
3 842 737 5163
3 2236 738 2900
3 1839 2896 4559
3 4498 4496 4500
3 4656 3362 5047
3 2490 2491 2660
3 1170 4309 4312
3 2598 2934 3356
3 2658 2294 2659
3 2135 2136 2385
3 1823 1839 4559
3 2193 2618 4628
3 4558 2060 4863
3 1555 4497 4563
3 4872 1737 4908
3 3120 3281 3282
3 2272 2276 5003
3 1555 4494 4497
3 282 283 4471
3 1986 1374 1987
3 1783 4650 4651
3 1488 1512 4537
3 2059 2490 4462
3 1285 988 4556
3 2901 2902 3632
3 1913 3161 4965
3 3037 5102 5167
3 697 689 5122
3 1236 1238 4701
3 3593 4546 4547
3 1486 1488 4537
3 2337 2338 2339
3 1720 1728 4785
3 2270 2272 5003
3 1181 1152 4454
3 2392 2833 4464
3 2121 2369 4803
3 1711 984 4574
3 973 971 1617
3 1327 1328 1351
3 1788 2391 3413
3 4659 3316 4764
3 4274 4272 5572
3 3302 2686 5008
3 372 4685 4686
3 2876 2878 4741
3 2412 1987 2843
3 3346 2334 4306
3 1545 1379 4578
3 2385 2386 2387
3 4630 4675 4676
3 889 4807 4885
3 2665 1838 2852
3 4664 1915 4665
3 1558 1408 2294
3 3588 4838 6136
3 723 710 5082
3 280 281 4405
3 5337 2290 5376
3 994 992 1619
3 3351 4807 4808
3 488 1569 5554
3 1750 1528 5055
3 243 1779 4641
3 1511 1802 4719
3 1514 4719 4980
3 372 211 4685
3 4679 1781 4680
3 1166 1165 1167
3 1148 1087 1149
3 2568 2193 4628
3 4531 4529 4532
3 3717 3718 3719
3 724 723 725
3 538 540 5335
3 1005 947 1006
3 2578 3347 4546
3 3271 3389 4411
3 1540 2619 4519
3 577 575 4565
3 4560 2213 4561
3 4615 4614 4616
3 4411 3389 4412
3 1484 1486 2314
3 4737 2920 4875
3 2798 4004 5871
3 1351 1352 1353
3 3460 3459 3461
3 1182 1181 1214
3 3645 3643 3648
3 2885 4787 5086
3 4544 2709 4741
3 1885 4456 4666
3 2326 4736 4737
3 4367 1016 5448
3 2377 2092 5262
3 1986 1987 2411
3 3379 2605 3380
3 4782 1750 5049
3 2371 2373 2375
3 3121 2615 3122
3 4283 4282 4284
3 2313 2392 2630
3 2265 1075 4649
3 4182 3087 4674
3 3464 3472 5225
3 3790 3788 3792
3 771 768 4702
3 1498 1500 4595
3 729 725 730
3 2932 5000 5087
3 3402 2942 4625
3 4610 4608 4780
3 746 730 747
3 3285 2522 4319
3 2610 3245 4726
3 384 32 4513
3 1482 1484 4553
3 1187 1279 1788
3 1839 1841 2896
3 3807 3647 3975
3 3450 3451 3452
3 3324 4165 4510
3 905 747 906
3 2860 4193 4194
3 3709 3710 3711
3 4613 4612 4614
3 2173 2819 4457
3 1962 1961 1963
3 3071 3080 4583
3 2541 2689 4476
3 636 620 4812
3 946 906 947
3 2311 2312 2313
3 3338 4751 4753
3 986 984 1711
3 4037 4036 4038
3 3244 3242 4552
3 3139 2615 4507
3 3705 3706 3707
3 2515 2513 3171
3 3114 2824 3115
3 719 720 721
3 2689 4452 4453
3 613 607 1620
3 2048 1759 4623
3 4630 2618 4675
3 4707 5041 5044
3 4216 4215 4217
3 2742 2813 3504
3 700 674 4981
3 32 33 4513
3 4723 3350 4908
3 1024 1023 5034
3 4576 2463 4627
3 2411 2412 2742
3 1350 1349 1412
3 2020 2019 2021
3 4618 1470 4619
3 2864 1718 4785
3 2463 4576 4693
3 4579 2424 4623
3 3547 3545 4527
3 3789 3788 3790
3 2889 4754 4815
3 2100 4754 4943
3 4628 2618 4629
3 2601 4738 4739
3 2639 3128 3129
3 1492 2213 4560
3 5207 4447 5218
3 1838 771 4702
3 4629 2618 4630
3 1039 1037 1040
3 702 700 2851
3 3636 3404 3901
3 386 4668 4669
3 990 988 1285
3 2931 1056 5142
3 1141 4442 5057
3 426 3854 5615
3 2326 4735 4736
3 3643 3547 4524
3 2328 1838 2665
3 213 1781 4679
3 923 924 925
3 1586 4232 4243
3 4697 3302 5008
3 2864 4585 4696
3 4160 4161 4162
3 2611 1865 4732
3 2463 2218 4726
3 3240 3119 4575
3 1557 1408 1558
3 4751 3338 4752
3 2173 2815 2819
3 2958 4422 4794
3 2605 2172 4597
3 2898 4793 5037
3 1490 1492 4560
3 1180 1152 1181
3 214 215 4683
3 2885 4786 4787
3 2780 3107 4657
3 1457 4600 4707
3 4723 1723 4796
3 4670 2876 4741
3 2598 2614 2934
3 1923 1276 2310
3 1004 998 1228
3 3593 2578 4546
3 3165 3078 3166
3 4611 4610 4612
3 210 372 4689
3 1416 1412 1422
3 3715 3716 3717
3 2199 1990 2200
3 2059 2488 2490
3 1454 1470 4618
3 3380 4597 5147
3 591 589 4869
3 5049 1750 5055
3 3713 3714 3715
3 99 1915 4664
3 2923 4993 5043
3 3502 2650 4645
3 1219 1218 1287
3 4393 3117 4653
3 2349 4691 4692
3 4092 4143 5492
3 4660 3043 4661
3 1897 1422 1898
3 4613 4614 4615
3 3447 3445 5313
3 1907 2598 4523
3 2459 2520 3220
3 4654 799 4892
3 103 1784 4668
3 1145 605 5013
3 3338 2674 4752
3 4651 4650 4652
3 4430 1082 5125
3 2674 2212 4752
3 982 980 1280
3 2343 2466 2467
3 4807 3351 4885
3 2822 3560 4506
3 4766 2104 4767
3 3500 2759 3858
3 2927 2929 5045
3 3537 3536 5120
3 4590 4591 4592
3 2050 494 4588
3 4568 2505 5117
3 4611 4612 4613
3 2508 2021 2509
3 3524 2578 3593
3 243 244 1779
3 891 5555 5560
3 4617 4604 5004
3 108 1791 4662
3 4161 4159 4432
3 3545 3244 4137
3 883 876 5004
3 2459 3221 4640
3 712 710 723
3 2852 1838 4702
3 1407 1406 1408
3 3545 4137 4527
3 2288 2286 2563
3 3647 3645 4971
3 4595 2149 4734
3 1185 1146 4795
3 2934 3399 3400
3 1494 1496 4589
3 4803 2369 4804
3 706 704 1298
3 2290 1181 4454
3 3059 3082 5062
3 2351 2315 2578
3 211 212 4685
3 587 585 603
3 4680 1781 4682
3 3107 3145 3412
3 3432 3433 3434
3 3347 4742 5130
3 4603 883 5004
3 2040 3043 4660
3 2878 4544 4741
3 4801 2897 4802
3 4764 3316 4765
3 2490 2947 4462
3 1974 1835 2855
3 4659 2888 4913
3 4686 4681 4687
3 5000 2932 5088
3 3990 2265 4649
3 2601 2107 4738
3 2942 2784 4625
3 1457 1462 4600
3 495 499 500
3 1788 3414 4442
3 2424 2048 4623
3 1976 1975 2244
3 1989 1905 1990
3 2578 2315 3347
3 4300 5491 5509
3 1857 4660 4759
3 3242 4226 4552
3 4609 4608 4610
3 73 74 1783
3 4626 2889 4775
3 4623 1759 4876
3 3536 2911 3542
3 1217 1215 1218
3 3227 3582 5436
3 1907 2208 2598
3 3380 2605 4597
3 822 826 4663
3 1835 1831 4766
3 4873 4491 5096
3 27 405 4823
3 4801 4800 4949
3 3619 3345 4658
3 4401 4425 4872
3 1735 2876 4670
3 3242 3240 4226
3 26 27 4823
3 4609 4610 4611
3 4053 4054 4057
3 3526 3529 4677
3 1853 1441 4778
3 2269 2268 2270
3 2915 2913 4434
3 1408 1406 5083
3 4587 2864 4785
3 1488 1490 1512
3 4403 4671 4672
3 4646 2645 4647
3 3562 4228 5735
3 1627 1629 2261
3 1480 1318 5010
3 631 2474 2905
3 3107 2779 3145
3 3246 466 3922
3 4403 2882 4671
3 3790 3792 3945
3 2349 1787 4691
3 1802 4718 4719
3 1493 1491 4976
3 4372 2289 5082
3 3648 3643 4524
3 1492 1494 2213
3 4650 382 4652
3 1602 1545 2315
3 838 810 4735
3 5041 3366 5044
3 2559 2541 4476
3 3271 3388 3389
3 2491 3568 4545
3 2245 2244 2737
3 2764 3849 4475
3 2484 2485 4694
3 3646 3645 3647
3 208 1790 4730
3 3452 3453 3454
3 3377 2660 3739
3 933 932 934
3 2111 2113 4631
3 75 382 4650
3 1238 1526 4701
3 2312 2310 4491
3 4802 2897 4824
3 2779 2568 4628
3 2889 4626 4754
3 2484 2176 2485
3 1913 2636 3161
3 1837 636 4812
3 799 800 4892
3 1454 1456 1470
3 782 784 4786
3 3463 3461 3464
3 108 109 1791
3 3311 2629 3312
3 3529 5296 5323
3 71 72 4557
3 99 100 1915
3 4607 4608 4609
3 1043 1041 1044
3 3295 4703 4704
3 113 114 2057
3 3096 3270 3271
3 3644 3643 3645
3 3117 2874 4653
3 4850 1776 4851
3 3597 3598 5732
3 2782 2780 4657
3 4663 826 4725
3 103 104 1784
3 1274 2645 4646
3 1684 1683 1685
3 2885 782 4786
3 4796 1724 4939
3 3378 2605 3379
3 809 1716 4696
3 2326 838 4735
3 366 71 4557
3 4752 2212 4868
3 767 741 4643
3 1553 591 4869
3 4625 2782 4657
3 2613 2116 2615
3 1452 1454 4618
3 2943 2942 3126
3 4783 2592 4784
3 2022 1963 2023
3 2201 4447 5207
3 3119 4393 4575
3 3295 2587 4703
3 1923 2310 2311
3 828 1751 4725
3 4838 4837 4839
3 2556 2050 2836
3 1353 1354 1355
3 3126 2942 3402
3 1783 74 4650
3 4755 1603 4961
3 3241 3240 3242
3 2060 1738 4863
3 4830 420 4831
3 4679 4680 4681
3 2592 4783 4956
3 4590 2146 4591
3 1516 1514 4980
3 4846 402 4847
3 3003 3002 3004
3 3243 3242 3244
3 3350 4796 4939
3 4863 4731 4934
3 4576 3354 4693
3 3127 3126 3410
3 689 1842 5122
3 1967 2413 2459
3 2983 2985 4978
3 2574 2265 3990
3 4607 4606 4608
3 3377 3739 4596
3 2648 3624 5092
3 2888 1154 4913
3 1011 1008 1012
3 4558 4863 4934
3 1779 244 4870
3 2598 3356 4523
3 2306 2307 2308
3 1933 1934 1935
3 3576 4720 4721
3 1292 1198 4784
3 1717 2326 4875
3 1029 1028 1030
3 1787 1804 4691
3 1752 827 4724
3 2591 2597 2952
3 956 843 5178
3 3576 2732 4720
3 3239 3119 3240
3 1904 1903 1905
3 814 833 4678
3 213 214 1781
3 212 213 4679
3 2585 4324 4326
3 741 739 4643
3 4993 2414 5043
3 2419 2418 3487
3 2618 2125 4675
3 2008 2558 2898
3 2104 1827 5087
3 2818 2822 4506
3 5239 3369 5258
3 826 828 4725
3 5302 3335 5337
3 1775 4837 4838
3 3082 4710 5062
3 2564 2563 2790
3 890 889 4788
3 1786 2349 2883
3 4775 896 4882
3 1811 2727 4717
3 2351 2578 3524
3 1558 2658 4505
3 3544 3244 3545
3 4500 4501 4503
3 2941 2784 2942
3 1952 2173 4457
3 4627 2463 4726
3 1754 4980 5051
3 1496 1498 2146
3 1744 1928 4731
3 4693 3354 4714
3 2929 3526 4677
3 948 940 4263
3 1425 1424 1536
3 3341 2952 4447
3 3119 3117 4393
3 5090 3356 5133
3 1854 2105 2591
3 2365 1185 4795
3 3526 3528 3529
3 4699 3341 4700
3 2360 4631 4632
3 3086 3215 3287
3 4699 4700 4701
3 4814 2554 4985
3 1465 1466 1467
3 1602 2315 2351
3 2780 2779 3107
3 827 824 4724
3 2579 3363 4667
3 877 5574 5581
3 2088 1820 4881
3 4561 2213 4562
3 1334 4729 5024
3 2591 2105 2597
3 2149 1502 4930
3 1404 1853 4729
3 662 678 694
3 2837 2836 2838
3 3282 3884 3885
3 3806 3647 3807
3 2784 2782 4625
3 2897 4801 4949
3 3642 3547 3643
3 2043 2505 4567
3 1355 1356 1360
3 975 1156 1327
3 3145 2779 4628
3 3007 3008 3009
3 886 5565 5568
3 2115 1348 5017
3 1462 1471 2089
3 1859 2040 4660
3 1736 1735 4670
3 2952 2597 3375
3 2360 2111 4631
3 1451 1457 4707
3 1716 2864 4696
3 5170 3373 5264
3 2109 2111 2360
3 2592 1292 4784
3 2089 2090 2264
3 2764 3292 3849
3 878 883 4808
3 2584 4694 4695
3 2212 1428 4868
3 2603 2172 2605
3 2924 2029 5103
3 1759 1308 4876
3 242 243 4641
3 4605 4606 4607
3 1193 1099 4740
3 650 640 669
3 2657 3490 4743
3 806 809 4696
3 385 242 4641
3 4604 4603 5004
3 2882 2857 4671
3 2198 1912 4915
3 2591 3341 4699
3 820 822 4663
3 2185 1746 4714
3 4567 2505 4568
3 1274 1971 2645
3 1882 1301 5148
3 775 1786 4989
3 1360 1361 1362
3 4626 4775 4882
3 2178 2677 3086
3 4840 413 4841
3 1316 4828 4829
3 4738 4633 4739
3 1746 1747 4714
3 3118 3117 3119
3 4587 4785 5101
3 1462 2089 4600
3 605 600 5013
3 3518 4604 4605
3 2919 4782 5049
3 4805 4922 4927
3 487 492 5229
3 1761 1401 4757
3 4703 2501 4705
3 2024 2023 2025
3 1765 2035 4693
3 2040 2041 2106
3 4788 889 4885
3 1032 1030 1033
3 889 882 4807
3 1420 4867 4876
3 1741 1744 4731
3 795 799 4745
3 1041 1040 4534
3 2106 2107 2601
3 818 820 1715
3 4605 4604 4606
3 118 119 1968
3 3977 3976 3978
3 1453 1451 4707
3 627 628 5107
3 2040 2106 3043
3 4747 2752 4748
3 2874 4511 4653
3 2107 2109 4738
3 825 1274 4646
3 4675 2123 4803
3 1401 1332 4757
3 208 209 1790
3 266 267 4465
3 810 812 4735
3 1968 119 4728
3 835 831 4791
3 2659 2854 2939
3 2328 2665 2712
3 2111 2112 2113
3 814 816 833
3 1526 4699 4701
3 1747 1765 4714
3 2089 2264 2593
3 1375 1374 1986
3 4735 4678 4736
3 5972 3552 5991
3 1716 838 1717
3 4763 2888 4764
3 4586 4587 4635
3 1894 2004 2005
3 1760 2129 4774
3 4633 4632 4634
3 2430 3168 3307
3 3394 2512 3395
3 2926 2924 4698
3 1085 964 2346
3 2587 2220 4703
3 2943 3126 3127
3 2035 2463 4693
3 1716 1717 1718
3 1721 1722 1724
3 1608 1605 4755
3 812 814 4678
3 1526 1854 4699
3 1758 1757 1988
3 1935 1936 1937
3 1715 820 4663
3 1605 1603 4755
3 1720 1719 1721
3 1389 1348 1390
3 1718 1717 1719
3 804 806 4696
3 1522 1520 4853
3 1718 1719 1720
3 809 838 1716
3 4833 1772 4834
3 1720 1721 1723
3 3517 3194 3518
3 4585 804 4696
3 4586 4585 4587
3 4245 4247 4248
3 2749 2011 4818
3 1362 1438 1439
3 1554 1390 1555
3 3193 3194 3517
3 3127 3410 3411
3 3472 3478 5225
3 1297 1223 1325
3 3320 2579 4667
3 2599 2752 4747
3 2360 4633 4738
3 4581 2868 4771
3 3116 2874 3117
3 2591 2952 3341
3 2490 2488 2491
3 1981 2554 4814
3 5180 2319 5195
3 1391 1227 4792
3 2876 2877 2878
3 2919 4909 4956
3 1320 1750 4781
3 98 99 4664
3 787 790 1753
3 407 98 4664
3 4781 4782 4783
3 2941 2942 2943
3 3733 2879 3734
3 4922 2324 4927
3 2876 2072 2877
3 1723 1721 4796
3 207 208 4730
3 1724 1725 1726
3 826 827 828
3 2428 2657 4743
3 2264 2436 2437
3 1735 2072 2876
3 2732 2671 4720
3 1931 1932 1933
3 1526 1527 1854
3 4757 3358 4874
3 1198 1143 4784
3 2878 2879 3733
3 4726 3245 4727
3 1988 2230 2478
3 4402 2882 4403
3 2857 3295 4671
3 2874 2872 4511
3 3546 3545 3547
3 2878 2877 2879
3 4162 4161 4163
3 2778 2568 2779
3 1749 1738 2060
3 2927 2928 2929
3 2579 2096 3363
3 803 4585 4586
3 2220 2060 2501
3 1854 1855 2105
3 2106 2041 2107
3 4636 4635 4637
3 102 103 4668
3 887 882 889
3 4786 1753 4787
3 1073 1033 1074
3 1040 4530 4534
3 826 824 827
3 831 829 4791
3 1859 2039 2040
3 1987 1374 4518
3 4867 4623 4876
3 1423 1760 4774
3 2857 2587 3295
3 2839 2888 4763
3 1099 1097 4740
3 95 96 4842
3 421 95 4842
3 2594 2701 5047
3 828 827 829
3 828 829 830
3 1765 4693 4714
3 1731 1729 1737
3 1461 1459 4895
3 386 102 4668
3 2810 3488 4756
3 1537 1536 1538
3 1439 1893 1894
3 2220 2501 4703
3 1307 1259 4799
3 1441 1443 4778
3 1443 1474 4778
3 4288 4287 4289
3 2346 964 5161
3 1726 1727 1738
3 822 824 826
3 1749 2060 2220
3 830 831 832
3 2947 3377 4880
3 809 810 838
3 832 834 836
3 798 794 2884
3 4638 4637 4639
3 1227 1191 4792
3 1735 1733 2072
3 1728 1723 1729
3 1206 1320 4781
3 1161 1175 1272
3 830 829 831
3 832 831 834
3 3656 2749 3659
3 767 4643 4644
3 812 4678 4735
3 236 237 4844
3 2303 2305 2306
3 1854 2591 4699
3 1730 1729 1731
3 237 406 4844
3 4691 2875 4692
3 3634 3869 3871
3 2478 2709 3260
3 2855 1835 4766
3 2969 2971 4919
3 2478 2230 2709
3 898 4758 4890
3 3191 3192 3193
3 836 898 899
3 4837 412 4839
3 523 522 524
3 1520 1561 4853
3 2081 1480 5010
3 3260 2709 3533
3 899 960 961
3 3575 2732 3576
3 202 203 1966
3 1220 1222 4991
3 2109 2360 4738
3 1193 4740 4799
3 2278 2185 2671
3 784 787 4786
3 2598 2208 2614
3 4769 1206 4781
3 244 245 4870
3 1966 203 4770
3 910 896 4775
3 1732 1731 1733
3 4781 1750 4782
3 836 834 898
3 1857 1859 4660
3 2315 1545 4578
3 1726 1738 1749
3 1142 1206 4769
3 4420 2849 4421
3 1804 1806 1807
3 3189 3190 3191
3 1807 1809 2875
3 792 794 798
3 892 890 893
3 1928 1746 2185
3 1988 1757 2230
3 1724 1722 1725
3 1788 1279 2391
3 3552 3302 3553
3 2893 3208 3686
3 1259 1193 4799
3 825 4646 4724
3 899 898 960
3 1347 1346 1348
3 961 960 1097
3 2428 2152 2657
3 1739 1741 4731
3 2715 3794 4768
3 1741 1743 1744
3 893 890 4788
3 775 904 1786
3 372 4688 4689
3 4077 3321 4822
3 2871 2870 2872
3 1097 2594 4740
3 3297 3298 3859
3 2278 2671 2732
3 961 1097 1099
3 1928 2185 2278
3 2671 3355 4720
3 822 823 824
3 107 108 4662
3 880 878 4808
3 3301 2686 3302
3 2193 2125 2618
3 2040 2039 2041
3 2873 2872 2874
3 2590 4743 4744
3 4911 899 4936
3 1238 1246 1526
3 1734 1733 1735
3 1744 1745 1746
3 4105 4104 4106
3 1101 1193 1194
3 1452 1453 1454
3 820 821 822
3 1334 1404 4729
3 3086 2677 3215
3 2641 2088 4881
3 2590 2428 4743
3 3354 2185 4714
3 3454 3455 3456
3 4704 4703 4705
3 2671 3354 3355
3 4401 2882 4402
3 803 804 4585
3 3509 2663 4790
3 900 2152 2428
3 1194 1193 1259
3 4909 3358 4956
3 2657 2895 3189
3 1404 1441 1853
3 2090 1471 4938
3 1341 1618 1952
3 3321 3320 4822
3 21 22 1550
3 1811 2015 2727
3 3314 3260 3315
3 2881 2857 2882
3 1245 1248 4935
3 3518 4603 4604
3 2360 4632 4633
3 1756 1757 1758
3 1194 1259 1260
3 824 825 4724
3 2657 3189 3490
3 1726 1725 1727
3 1809 1811 4717
3 2701 3605 4656
3 1721 1719 1722
3 1101 1099 1193
3 806 808 809
3 2601 5226 5377
3 3193 3192 3194
3 1443 1445 1474
3 2436 2650 2651
3 3177 4645 4938
3 2599 2652 2752
3 4760 3344 4761
3 1744 1746 1928
3 1100 1099 1101
3 2934 2614 3399
3 2875 1809 4717
3 900 893 2152
3 2035 2036 2218
3 2480 2473 2481
3 2656 2863 3172
3 2218 2219 2610
3 1427 1761 2249
3 1738 1727 1739
3 2610 2809 2810
3 1786 1787 2349
3 1765 1766 2035
3 2692 2641 3041
3 3319 2839 4763
3 2856 2587 2857
3 2810 2811 3488
3 2886 2599 4747
3 3245 2810 4756
3 1097 1098 2594
3 2100 1144 4815
3 2378 2764 4475
3 1402 1401 1427
3 2249 2250 2599
3 2580 2579 3320
3 4980 4719 5051
3 4571 4568 5117
3 2113 2112 2178
3 2648 3623 3624
3 271 272 4484
3 2586 2220 2587
3 4586 4635 4636
3 1993 1493 4976
3 2929 3525 3526
3 1747 1764 1765
3 2150 1506 4954
3 1260 1259 1306
3 1752 5842 5961
3 1804 1807 4691
3 1717 838 2326
3 3191 3190 3192
3 2868 2866 4771
3 3071 3072 3073
3 2839 1154 2888
3 2872 2870 4718
3 3301 3302 3552
3 232 233 4828
3 1316 232 4828
3 2865 2510 2866
3 1142 1144 1206
3 1260 1306 1308
3 1423 1759 1760
3 2727 2015 2728
3 3355 4576 4577
3 1744 1743 1745
3 3339 3337 3676
3 2054 2056 4789
3 1331 2592 3358
3 4926 4927 4928
3 2863 3344 4760
3 4636 4637 4638
3 2011 1612 4818
3 1528 1529 2099
3 1729 1723 4723
3 1400 1332 1401
3 2157 2156 2158
3 1050 1048 1051
3 1144 1110 4815
3 832 836 837
3 1756 1736 1757
3 2728 2892 2893
3 536 538 2858
3 2596 3368 4944
3 1107 2889 4815
3 4748 2752 4749
3 1449 1451 1452
3 1104 910 1105
3 2675 2674 3337
3 2866 2867 3746
3 5201 4345 5265
3 2497 2212 2674
3 1971 2179 2460
3 2109 2110 2111
3 1980 1428 2212
3 3239 3240 3241
3 3172 2863 4760
3 787 1753 4786
3 818 819 820
3 3241 3242 3243
3 1320 1321 1528
3 1293 1292 1331
3 1206 1207 1320
3 1332 1331 4757
3 2893 2894 3208
3 1143 1142 4769
3 1291 1198 1292
3 834 835 4758
3 2589 2428 2590
3 2053 2054 2510
3 1244 2330 4779
3 4707 4600 5041
3 3068 3070 3071
3 3510 3511 4810
3 2053 2510 2865
3 1111 1110 1142
3 1528 1321 1529
3 1330 1308 1423
3 1760 1759 2048
3 1471 2147 4938
3 2675 3337 3339
3 1142 1110 1144
3 234 420 4830
3 3370 3321 4077
3 1454 1455 1456
3 824 823 825
3 1107 1105 2889
3 1829 1827 2104
3 2125 2123 4675
3 1274 1556 1971
3 1306 1307 1420
3 4491 2310 4492
3 4916 1560 4918
3 3189 2895 3190
3 828 830 1751
3 2035 2218 2463
3 2709 2230 4741
3 1052 1051 1053
3 1420 1421 2053
3 1423 1308 1759
3 2322 1542 2890
3 3986 3988 3989
3 3314 3315 4002
3 1746 1745 1747
3 2218 2036 2219
3 2610 2219 2809
3 2865 2866 2868
3 2497 2674 2675
3 1206 1144 1207
3 1427 1401 1761
3 2035 1766 2036
3 2810 2809 2811
3 894 893 900
3 1728 1729 1730
3 792 793 794
3 1980 2212 2497
3 4541 3575 4542
3 284 285 379
3 1529 1530 1531
3 1100 1101 1154
3 1720 1723 1728
3 3510 3509 3511
3 2866 3746 4771
3 2610 2810 3245
3 4913 1194 4921
3 1765 1764 1766
3 1757 1736 4670
3 490 2316 5162
3 2478 3260 3314
3 1106 1105 1107
3 1320 1207 1321
3 4580 2868 4581
3 1730 1731 1732
3 816 817 818
3 2146 1498 4595
3 1561 1519 1754
3 1807 1808 1809
3 851 849 1405
3 1108 1107 1110
3 3488 2811 3489
3 2886 4747 4751
3 1456 1459 1461
3 1331 1292 2592
3 2249 2599 2886
3 2748 2011 2749
3 1760 2048 2049
3 3357 4911 4936
3 829 1752 4791
3 2464 3584 5150
3 2330 1242 4819
3 4828 233 4830
3 2671 2185 3354
3 1807 2875 4691
3 3208 3633 3634
3 829 827 1752
3 288 399 4798
3 3337 2674 3338
3 1058 1056 2931
3 2249 1761 2250
3 3063 3066 3084
3 4676 4675 4803
3 1716 1718 2864
3 2889 1105 4775
3 3348 2732 3575
3 4376 4372 5082
3 800 802 803
3 207 4730 4806
3 3634 3868 3869
3 800 803 4892
3 2657 2152 2895
3 961 1099 1100
3 1469 1458 4805
3 780 782 2885
3 1105 910 4775
3 3355 3354 4576
3 1532 2092 2093
3 1542 1423 4774
3 1732 1733 1734
3 2049 2048 2423
3 1331 3358 4757
3 119 120 4728
3 1400 1401 1402
3 1402 1427 1428
3 822 821 823
3 3118 3119 3239
3 898 834 4758
3 1330 1423 1542
3 2746 3367 4824
3 834 831 835
3 2594 1098 2701
3 2599 2250 2652
3 977 1060 1061
3 2129 2049 4866
3 3271 3270 3388
3 3481 4801 4802
3 2621 3175 3514
3 1855 1857 4759
3 2318 2096 2579
3 966 965 1071
3 3312 2629 5104
3 2049 2423 2425
3 4586 4636 4892
3 2878 3733 4544
3 1293 1331 1332
3 3746 2867 4007
3 2890 1542 4774
3 4769 4781 4783
3 2596 2933 3368
3 2747 2448 2870
3 4580 4581 4582
3 2442 2514 3535
3 1291 1292 1293
3 1260 1308 1330
3 1111 1142 1143
3 2881 4401 4872
3 31 32 384
3 767 4644 4702
3 1981 2292 2554
3 2866 2510 2867
3 198 199 2061
3 1738 1739 4863
3 2425 2423 2704
3 809 808 810
3 3105 5363 5474
3 2664 4800 4801
3 1320 1528 1750
3 1721 1724 4796
3 2879 2877 2880
3 1813 1981 4814
3 795 797 799
3 4719 4718 5051
3 1854 1527 1855
3 4718 2870 5051
3 1420 2053 4867
3 2249 2886 4868
3 2362 3085 5059
3 2140 1522 4853
3 1428 1427 4868
3 814 815 816
3 1207 2100 4879
3 892 893 894
3 1308 1306 4876
3 3614 3339 3615
3 887 889 890
3 1734 1735 1736
3 4577 4576 4627
3 2425 2704 2705
3 3705 3703 3706
3 1108 1110 1111
3 1420 1307 1421
3 2421 2140 4800
3 2597 2105 3051
3 203 204 4770
3 2662 2421 2664
3 2230 4670 4741
3 2053 1421 2054
3 74 75 4650
3 286 287 1762
3 1737 1729 4723
3 2001 1555 4563
3 5776 3512 5785
3 2111 2110 2112
3 1180 1181 1182
3 2747 2870 2871
3 3508 2663 3509
3 1762 287 4798
3 4511 2872 4718
3 1268 1227 1391
3 1097 960 1098
3 740 2008 5037
3 2095 1758 2096
3 2656 2862 2863
3 87 2760 4817
3 2039 2038 4958
3 1104 1105 1106
3 2881 2882 4401
3 784 786 787
3 1306 1259 1307
3 2663 2662 4790
3 2662 2664 3230
3 3513 3510 4810
3 1760 2049 2129
3 3480 2705 3519
3 2654 2655 2656
3 882 880 4807
3 4579 2868 4580
3 2886 4752 4868
3 1531 1530 2621
3 1106 1107 1108
3 837 836 4911
3 1464 1460 3366
3 1526 1246 1527
3 4659 4913 4921
3 3243 3244 3544
3 4636 4654 4892
3 1143 4769 4784
3 1809 1810 1811
3 1801 3407 3408
3 2046 2565 2927
3 3230 2664 3481
3 900 2428 2589
3 2631 2630 3144
3 2710 2547 2936
3 2706 2705 3480
3 768 767 4702
3 3324 2830 4165
3 2589 2590 3349
3 1529 1321 1530
3 2664 2421 4800
3 1272 1273 1384
3 3033 2052 5327
3 90 91 4832
3 91 1317 4832
3 3116 3117 3118
3 3480 3519 3520
3 2547 2198 4915
3 2423 2424 4797
3 721 726 727
3 1979 1428 1980
3 3481 2664 4801
3 1561 1754 2447
3 2871 2872 2873
3 2705 2704 4809
3 1749 2220 2586
3 2652 2653 2654
3 4731 1928 4934
3 290 1769 4816
3 29 30 1770
3 2925 2924 2926
3 1244 1242 2330
3 3235 2686 3301
3 2893 2892 2894
3 2856 2857 2881
3 2863 3343 3344
3 2444 2421 2662
3 2728 2891 2892
3 1786 904 1787
3 2840 2839 3319
3 2686 2325 5008
3 1910 2248 4891
3 1807 1806 1808
3 2423 2048 2424
3 1154 1101 4913
3 1242 1240 4819
3 87 88 2760
3 1268 1391 4896
3 2897 2746 4824
3 1741 1742 1743
3 4579 4623 4867
3 812 813 814
3 687 674 700
3 4807 880 4808
3 1110 1107 4815
3 371 107 4662
3 820 819 821
3 2706 3480 3664
3 1546 1545 1602
3 2704 2423 4797
3 2778 2779 2780
3 1811 1813 2015
3 1039 1040 1041
3 794 795 4745
3 2425 2705 2706
3 2884 794 4745
3 2791 2790 3874
3 1747 1763 1764
3 3869 3868 3870
3 3526 3527 3528
3 4874 3358 4909
3 3508 3509 3510
3 2321 1542 2322
3 2701 2702 3605
3 2586 2587 2856
3 1739 1740 1741
3 3519 2705 4809
3 1047 1045 1048
3 2569 3963 4186
3 2292 2582 2670
3 1224 1140 1346
3 2873 2874 3116
3 2398 2441 2442
3 2685 2325 2686
3 399 289 4816
3 288 289 399
3 2320 1154 2839
3 212 4679 4685
3 1314 1245 4935
3 803 802 804
3 2230 1757 4670
3 1607 1605 1608
3 2482 2081 3094
3 1343 1326 1374
3 2447 1754 2448
3 2444 2662 2663
3 297 298 2761
3 4927 2324 4928
3 3311 3312 3427
3 1781 214 4683
3 2093 2377 2378
3 1432 1379 1545
3 3570 3571 3572
3 1769 291 4820
3 287 288 4798
3 773 1838 2328
3 1500 1502 2149
3 2662 3230 4790
3 1973 1835 1974
3 3353 3329 3372
3 1207 1144 2100
3 2278 2732 3348
3 1290 1198 1291
3 86 87 4817
3 1773 86 4817
3 2675 3339 3614
3 773 771 1838
3 2089 1471 2090
3 2138 1522 2140
3 1399 1332 1400
3 2865 2868 4579
3 794 793 795
3 1197 1143 1198
3 233 234 4830
3 2094 2917 4276
3 2728 2015 2891
3 290 291 1769
3 1977 2181 2182
3 2638 2496 2639
3 878 876 883
3 2107 2108 2109
3 4800 2140 4853
3 825 1002 1274
3 900 2589 4882
3 289 290 4816
3 2148 1469 4805
3 2147 2398 3177
3 4654 4638 4655
3 3634 3633 3868
3 292 411 4820
3 1981 2291 2292
3 2452 2029 2924
3 2929 2928 3525
3 291 292 4820
3 3518 3194 4603
3 27 28 405
3 3967 3540 3968
3 3208 2894 3633
3 2510 2054 4789
3 3041 2641 4881
3 2496 2001 4563
3 2054 2055 2056
3 2904 4916 4918
3 1801 2390 3407
3 2420 2140 2421
3 1739 4731 4863
3 790 791 792
3 2148 4805 4925
3 24 25 419
3 1018 1020 1021
3 292 293 411
3 3347 4578 4742
3 3161 2636 3482
3 295 296 1288
3 583 581 2067
3 227 228 2763
3 231 232 1316
3 226 227 4827
3 227 2763 4827
3 91 92 1317
3 225 226 1772
3 85 86 1773
3 1772 226 4827
3 224 225 4833
3 84 85 4835
3 223 224 412
3 225 1772 4833
3 83 84 413
3 85 1773 4835
3 412 224 4833
3 413 84 4835
3 234 235 420
3 222 223 4837
3 223 412 4837
3 82 83 4840
3 94 95 421
3 787 788 790
3 83 413 4840
3 221 222 1775
3 886 882 887
3 81 82 1776
3 220 221 4848
3 1775 222 4837
3 1761 4757 4874
3 237 238 406
3 219 220 402
3 80 81 4850
3 1776 82 4840
3 221 1775 4848
3 79 80 403
3 97 98 407
3 1731 1737 5006
3 81 1776 4850
3 402 220 4848
3 163 164 423
3 153 154 414
3 403 80 4850
3 1247 1244 4779
3 238 239 4854
3 218 219 4846
3 406 238 4854
3 3348 3575 4541
3 78 79 4849
3 219 402 4846
3 2072 1733 5006
3 79 403 4849
3 239 240 1774
3 3505 2936 3506
3 217 218 1780
3 3540 3537 5120
3 77 78 1782
3 2262 1969 2325
3 240 241 4857
3 810 811 812
3 1427 2249 4868
3 239 1774 4854
3 157 158 2762
3 216 217 4858
3 1520 1519 1561
3 156 157 4856
3 2442 2441 2514
3 1780 218 4846
3 155 156 1778
3 76 77 4859
3 241 242 385
3 2706 3664 3665
3 2715 3793 3794
3 1237 1235 4966
3 1782 78 4849
3 1248 1801 4935
3 215 216 383
3 3512 3510 3513
3 2447 2448 2746
3 2589 4626 4882
3 75 76 382
3 151 152 1785
3 1774 240 4857
3 101 102 386
3 1804 1805 1806
3 217 1780 4858
3 3646 3647 3806
3 2580 3320 3321
3 166 167 410
3 2656 2655 2862
3 77 1782 4859
3 3370 4077 4078
3 1809 1808 1810
3 241 385 4857
3 157 2762 4856
3 860 888 5115
3 2694 3362 3611
3 739 2236 4643
3 1778 156 4856
3 1103 910 1104
3 799 797 800
3 909 896 910
3 383 216 4858
3 4740 2594 5001
3 1813 1814 1981
3 850 852 1299
3 382 76 4859
3 128 129 2016
3 2881 4872 4908
3 149 150 404
3 895 894 896
3 1324 1323 1364
3 1189 1095 4947
3 2863 2862 3343
3 2892 2891 3207
3 917 976 977
3 2654 2653 2655
3 3489 2811 4158
3 162 163 4852
3 760 762 5307
3 2219 2036 2581
3 1834 1831 1835
3 127 128 4861
3 1369 1364 2135
3 2746 2747 3367
3 163 423 4852
3 2860 2834 4193
3 2621 2899 3175
3 1811 1810 1813
3 2748 2749 3656
3 1471 1469 2147
3 2152 893 4788
3 4626 3349 4754
3 1844 2945 5206
3 1459 1463 4895
3 1518 1516 1519
3 3347 2315 4578
3 739 738 2236
3 165 166 4860
3 1330 1542 2321
3 2652 2250 2653
3 2073 2025 2074
3 2927 2565 2928
3 1724 1726 4939
3 1502 1504 4930
3 1979 1980 2194
3 3164 3878 3879
3 1756 1758 2095
3 4592 4591 4593
3 381 206 4806
3 2420 2421 2444
3 3507 2663 3508
3 4769 4783 4784
3 2049 2425 4866
3 3644 3645 3646
3 1611 1609 1612
3 2960 2961 2962
3 896 894 4882
3 2318 2579 2580
3 3344 3343 4521
3 1078 1076 4440
3 1560 1400 4918
3 497 619 666
3 1251 1177 1323
3 2886 4751 4752
3 4800 4853 4949
3 1407 1408 1557
3 128 2016 4861
3 2746 2448 2747
3 166 410 4860
3 1402 1428 1979
3 3120 2793 3281
3 161 162 1777
3 1719 1717 4875
3 2624 3155 4642
3 2603 2605 3378
3 2138 2140 2420
3 2867 2510 4789
3 2015 1813 4814
3 1100 1154 2320
3 1747 1745 1763
3 1519 1516 4980
3 1135 1136 1161
3 2321 2322 3316
3 785 783 4992
3 1306 1420 4876
3 2054 1421 2055
3 1111 1143 1197
3 818 817 819
3 2380 3202 3203
3 1992 1465 4864
3 2670 2582 4005
3 167 168 4877
3 1755 1736 1756
3 1293 1332 1399
3 4291 4290 4292
3 206 207 4806
3 2706 3665 4866
3 2147 1469 2148
3 2320 2839 2840
3 2747 2871 4862
3 2447 2746 2897
3 1801 1283 2390
3 1764 1763 2094
3 2425 2706 4866
3 1399 1400 1560
3 3602 2939 4924
3 4968 1610 4997
3 4926 4925 4927
3 2891 2015 4814
3 1777 162 4852
3 2232 2158 2233
3 1767 4933 4952
3 2958 2959 2960
3 2613 2615 3121
3 894 900 4882
3 2701 1098 2702
3 2176 1558 4505
3 410 167 4877
3 2053 2865 4867
3 2940 2784 2941
3 2783 2782 2784
3 792 791 793
3 1562 537 3947
3 899 961 4936
3 3367 2747 4862
3 646 636 1837
3 2789 4925 4926
3 1739 1727 1740
3 2292 2291 2582
3 2685 2686 3235
3 872 870 1925
3 3508 3510 3512
3 1743 1742 1748
3 2444 2663 3507
3 2621 1530 2899
3 1197 1198 1290
3 1725 1722 2920
3 2910 3322 4346
3 2056 2055 2694
3 850 1299 4690
3 1309 1247 4779
3 1452 1451 1453
3 4805 1458 4922
3 3637 3473 3640
3 1194 1260 4921
3 1372 1910 4891
3 1749 2586 4939
3 2381 2331 2938
3 1321 1207 4879
3 891 890 892
3 2147 2148 2398
3 1787 1803 1804
3 1248 1283 1801
3 1626 2202 5393
3 2058 1840 5081
3 2922 4968 4997
3 1914 1276 1923
3 1406 1189 4947
3 2895 2152 4788
3 803 4586 4892
3 1282 1247 1309
3 2589 3349 4626
3 143 144 1991
3 892 894 895
3 1901 1892 1903
3 960 898 4890
3 1290 1291 1767
3 1543 1522 2138
3 1981 1814 2291
3 1022 1024 1025
3 3353 3372 3373
3 816 815 817
3 168 169 1799
3 1563 1836 5104
3 1741 1740 1742
3 892 895 4777
3 129 130 4902
3 2781 2780 2782
3 147 148 1795
3 1463 1465 1992
3 857 855 1276
3 1386 1388 2091
3 3192 3190 3351
3 138 139 4883
3 189 190 4887
3 126 127 4865
3 2865 4579 4867
3 2345 3340 3371
3 4636 4638 4654
3 2347 1815 3050
3 137 138 1794
3 132 133 1796
3 2495 2001 2496
3 3327 5002 5036
3 2278 3348 4934
3 70 71 366
3 246 247 365
3 2262 2325 2685
3 2894 2892 4912
3 3642 3643 3644
3 2514 2789 3486
3 3829 2894 4912
3 188 189 1798
3 1462 1469 1471
3 2934 3400 5205
3 3175 2899 4776
3 2105 1855 4759
3 1894 2077 5267
3 2692 3041 3042
3 3130 3129 3131
3 2250 1761 4874
3 2016 129 4902
3 3633 2894 3829
3 2856 2881 4908
3 4792 1191 4964
3 2095 2096 2318
3 134 135 4903
3 1248 1247 1282
3 1518 1519 1520
3 1504 1506 2150
3 1813 1810 1814
3 2213 1494 4589
3 2936 2547 4915
3 2584 2484 4694
3 775 776 904
3 2460 2179 4951
3 2178 2602 2677
3 127 4861 4865
3 2945 2957 2958
3 1307 4799 4932
3 2083 2014 2084
3 804 805 806
3 836 899 4911
3 1222 1372 4991
3 1530 1321 4879
3 1319 1481 1482
3 1859 2038 2039
3 172 173 1797
3 2177 2583 2935
3 4170 4169 4171
3 806 807 808
3 1245 1244 1247
3 895 896 909
3 1521 1520 1522
3 2862 2655 2919
3 2653 2250 4874
3 1101 1194 4913
3 5104 1836 5105
3 1808 1806 1812
3 1506 1508 4954
3 2107 2041 2108
3 1855 1856 1857
3 1611 1612 1613
3 184 185 1950
3 2437 2436 4897
3 169 170 4878
3 4188 5191 5365
3 2436 2651 4897
3 190 191 4888
3 2892 3207 4912
3 1734 1736 1755
3 3169 3144 3170
3 2325 1969 4952
3 1730 1732 2317
3 1743 1748 4942
3 1330 2321 4921
3 131 132 4904
3 3192 3351 4855
3 2046 2927 5018
3 2398 2148 2441
3 1462 1458 1469
3 4933 3360 4952
3 2441 2148 4925
3 187 188 4886
3 814 813 815
3 168 1799 4877
3 1217 1218 1219
3 881 880 882
3 1613 1612 2011
3 171 172 4906
3 1767 1291 4933
3 1400 1402 4918
3 3526 3525 3527
3 1241 1243 4889
3 909 910 1103
3 1979 2194 2904
3 210 211 372
3 106 107 371
3 3650 2922 3651
3 1971 1556 2179
3 185 186 4893
3 2899 1530 4879
3 2596 2642 2933
3 1260 1330 4921
3 1521 1543 1771
3 2094 2916 2917
3 3190 2895 4885
3 787 786 788
3 2291 1814 2921
3 740 765 2008
3 3360 1560 4697
3 2321 3316 4659
3 1928 2278 4934
3 1543 2138 2139
3 1768 2164 2596
3 821 819 1800
3 2008 2165 2558
3 1607 1608 1609
3 2905 2906 2907
3 1291 1293 4933
3 3039 3038 3052
3 630 629 631
3 790 788 791
3 1801 3408 4935
3 2514 2441 2789
3 2694 3361 3362
3 4685 4681 4686
3 1421 1307 4932
3 1100 2320 4936
3 1857 1858 1859
3 2204 1974 3113
3 2109 2108 2110
3 1521 1522 1543
3 812 811 813
3 4879 2100 4943
3 1910 2247 2248
3 2586 3350 4939
3 1511 1509 1802
3 1451 1450 1457
3 2055 1421 4932
3 1492 1493 1494
3 2464 3252 3584
3 2933 3210 3211
3 2871 2873 4948
3 1513 1515 2130
3 1243 1245 1314
3 2694 2055 3361
3 2583 2484 2584
3 2917 2918 3325
3 2089 2593 4600
3 205 206 381
3 111 112 380
3 124 125 4901
3 123 124 1793
3 193 194 1792
3 125 126 401
3 195 196 400
3 135 136 396
3 140 141 394
3 130 131 391
3 145 146 388
3 200 201 392
3 116 117 389
3 121 122 398
3 181 182 395
3 186 187 390
3 191 192 397
3 178 179 422
3 170 171 387
3 175 176 393
3 192 193 4905
3 3325 3326 4088
3 1449 1448 1450
3 1293 1399 4933
3 2750 2415 2922
3 961 1100 4936
3 3385 2607 3386
3 1248 1282 1283
3 2320 2840 3357
3 3194 3192 4855
3 1274 1002 1556
3 1098 960 4890
3 1245 1247 1248
3 1399 1560 3360
3 1763 1745 4942
3 1508 1510 2151
3 3544 3545 3546
3 3348 4541 4558
3 1182 1214 1215
3 1104 1106 2327
3 3348 4558 4934
3 2659 2294 2854
3 2038 2380 4958
3 800 801 802
3 1282 1309 1310
3 1240 1237 4966
3 1449 1450 1451
3 1996 1434 2634
3 810 808 811
3 1310 1309 1358
3 1238 1239 1246
3 2655 2653 4909
3 1726 1749 4939
3 2381 2938 2953
3 3366 1460 5044
3 1463 1464 1465
3 3528 3629 3630
3 2094 1763 2916
3 2445 3534 3631
3 2702 1098 4890
3 4812 620 5162
3 3326 2918 3327
3 1561 2447 4949
3 1243 1314 4889
3 1745 1743 4942
3 1447 1448 1449
3 4925 4805 4927
3 2586 2856 3350
3 3456 3457 3458
3 3369 3321 3370
3 1457 1450 1458
3 1463 1460 1464
3 4853 1561 4949
3 2650 2090 4938
3 2895 4788 4885
3 2558 2616 3146
3 2938 2331 5012
3 1448 1446 2324
3 1454 1453 1455
3 3328 3352 4166
3 1794 138 4883
3 1518 1520 1521
3 1768 1767 1969
3 1236 1237 1238
3 632 638 1714
3 1804 1803 1805
3 4697 1560 4916
3 1402 1979 4918
3 1722 1719 4875
3 712 723 724
3 1463 1992 4895
3 1798 189 4887
3 3328 3327 3329
3 1610 1609 1611
3 1504 2150 4930
3 2321 4659 4921
3 2744 3256 3743
3 825 823 1002
3 2873 3116 3616
3 2164 1969 2262
3 795 796 797
3 1888 1882 3098
3 1243 1244 1245
3 782 783 784
3 2180 2923 5043
3 3088 5290 5344
3 2180 2718 2923
3 1447 1446 1448
3 780 2885 5050
3 597 595 5067
3 1290 1767 1768
3 3127 3411 3936
3 3645 3648 4971
3 4862 2871 4948
3 2891 4814 4985
3 2685 3235 3304
3 1054 1053 1055
3 3215 2677 4768
3 1799 169 4878
3 4819 1240 4966
3 2411 2742 2850
3 2919 2655 4909
3 2653 4874 4909
3 3210 2642 3590
3 2917 2916 2918
3 840 916 917
3 1297 1325 1326
3 784 785 786
3 2851 700 4981
3 2540 2539 2541
3 1611 1613 2066
3 4887 190 4888
3 1806 1805 4929
3 3352 3329 3353
3 2750 2922 3650
3 1810 1808 4920
3 804 802 805
3 3351 3190 4885
3 3307 3308 3985
3 1459 1460 1463
3 780 781 782
3 1517 1516 1518
3 772 774 775
3 2843 1987 4518
3 749 839 840
3 1108 1111 4984
3 1234 1189 1406
3 132 1796 4904
3 3358 2592 4956
3 2320 3357 4936
3 1727 1725 4955
3 3036 2489 3038
3 3325 2918 3326
3 2873 3616 4948
3 891 892 4777
3 4500 4496 4501
3 868 866 885
3 1517 1518 4907
3 3361 2055 4932
3 2445 2011 2748
3 2596 2164 2642
3 188 1798 4886
3 823 821 4931
3 1814 1810 4920
3 2351 3524 3685
3 1432 1546 5018
3 1445 1446 1447
3 3051 2105 4759
3 1606 1605 1607
3 2832 2312 4491
3 1812 1806 4929
3 5132 2950 5199
3 1103 1104 4964
3 1043 1044 1045
3 1521 1771 4907
3 2933 2642 3210
3 1457 1458 1462
3 1145 5014 5015
3 1740 1727 4955
3 1732 1734 4917
3 1855 1527 1856
3 4603 3194 4855
3 1725 2920 4955
3 3350 2856 4908
3 1432 1545 1546
3 3326 3327 3328
3 2095 2318 2319
3 2916 1763 4942
3 1399 3360 4933
3 2921 1814 4920
3 1742 1740 2097
3 1343 1374 1375
3 1979 2904 4918
3 795 793 796
3 1494 1495 1496
3 1768 1969 2164
3 2447 2897 4949
3 1613 2011 2445
3 3624 3657 3700
3 3110 2215 5196
3 1243 1242 1244
3 1456 1455 1459
3 4944 3368 4984
3 3361 4932 5001
3 1490 1491 1492
3 2941 2943 3932
3 1431 4677 5127
3 130 391 4902
3 172 1797 4906
3 3794 3793 3795
3 401 126 4865
3 2264 2090 2436
3 1518 1521 4907
3 3546 3547 3642
3 800 797 801
3 1197 1290 4944
3 593 591 1553
3 1095 785 4992
3 2710 2936 3505
3 1808 1812 4920
3 2789 2441 4925
3 1515 1514 1516
3 1787 904 1803
3 2362 2203 3085
3 1844 1846 2945
3 5002 1748 5036
3 2445 2748 3534
3 1623 1975 1976
3 4932 4799 5001
3 1950 185 4893
3 3328 3329 3352
3 2147 3177 4938
3 3211 3210 3291
3 2920 1722 4875
3 1839 1840 1841
3 3370 4078 4410
3 2542 2541 2559
3 2673 2215 3110
3 1607 1609 1610
3 4502 5434 5449
3 135 396 4903
3 1190 1235 1236
3 752 902 2333
3 887 890 891
3 2580 3321 3369
3 904 776 4914
3 3380 5147 5192
3 2380 3203 4958
3 3386 2607 5009
3 3372 3329 5036
3 1911 4967 5109
3 808 807 4957
3 1335 1268 4896
3 1482 1483 1484
3 701 700 702
3 2380 2381 3202
3 1322 1435 4940
3 3352 3353 4345
3 1823 1825 1839
3 1549 1383 2203
3 3263 3264 3265
3 4776 2899 4943
3 1435 2026 2028
3 3164 3879 5165
3 1513 1511 1514
3 1450 1448 4922
3 1515 1516 1517
3 170 387 4878
3 5435 1800 5437
3 806 805 807
3 1937 1938 1939
3 2550 2366 3391
3 2899 4879 4943
3 191 397 4888
3 2046 2415 2565
3 2046 1606 2415
3 391 131 4904
3 1734 1755 4917
3 3327 2918 5002
3 1437 5132 5199
3 881 882 886
3 2236 2901 4382
3 2750 3650 3889
3 390 187 4886
3 821 1800 4931
3 1158 1213 2600
3 2317 1732 4917
3 2477 3125 3384
3 777 5021 5032
3 1604 1606 2046
3 1768 2596 4944
3 879 878 880
3 1435 2028 4940
3 2345 3371 4957
3 1027 1024 5034
3 4682 1781 4683
3 1546 1602 1603
3 387 171 4906
3 1805 3364 3365
3 2179 2607 2608
3 1488 1489 1490
3 186 390 4893
3 1911 2197 4967
3 3050 1815 4973
3 2935 2583 3040
3 1969 1767 4952
3 2558 2165 2616
3 789 1096 2930
3 4518 1325 5379
3 877 876 878
3 1857 1856 1858
3 1513 1514 1515
3 3395 2512 5003
3 2565 2415 2750
3 1805 3365 4929
3 2781 2782 2783
3 2345 2347 3340
3 1238 1237 1239
3 1334 1403 1404
3 875 874 876
3 2677 2715 4768
3 125 401 4901
3 1793 124 4901
3 193 1792 4905
3 397 192 4905
3 3360 4697 5008
3 1805 1803 3364
3 1510 1509 1511
3 2783 2784 2940
3 5021 3359 5032
3 2043 2044 2505
3 811 808 4957
3 2178 2112 2602
3 2129 4866 5054
3 1754 1519 4980
3 925 926 927
3 2272 2274 2276
3 2345 1815 2347
3 1513 2130 4963
3 1510 1511 1513
3 1834 1835 1973
3 1859 1858 2038
3 1445 1444 1446
3 1104 2327 4964
3 1604 1603 1605
3 5296 3042 5323
3 1448 2324 4922
3 2151 1510 4963
3 873 872 874
3 1508 2151 4954
3 3059 3061 3082
3 807 805 1815
3 775 774 776
3 2197 2544 2545
3 3137 3587 3588
3 2380 2331 2381
3 2922 2415 4968
3 2977 2979 5111
3 1604 1605 1606
3 2494 2632 2633
3 1404 1440 1441
3 1443 1444 1445
3 3167 2795 3943
3 4947 1095 4992
3 3118 3239 3675
3 2097 1740 4955
3 1290 1768 4944
3 807 1815 2345
3 1111 1197 4984
3 1821 4559 5031
3 791 788 2201
3 2008 765 2165
3 2778 2780 2781
3 4767 2104 5000
3 2768 2254 4148
3 727 742 743
3 1453 4707 5044
3 2489 2058 5081
3 815 813 1089
3 2448 1754 5051
3 4088 3326 4960
3 3207 2891 4985
3 3146 2616 3603
3 3525 2928 3604
3 2546 2198 2547
3 1441 1442 1443
3 2197 2545 4967
3 1459 1455 1460
3 802 801 4973
3 2634 1434 5065
3 869 871 1818
3 3577 3641 3852
3 496 490 5162
3 1230 1333 1334
3 2200 2268 2269
3 1109 1192 2329
3 1458 1450 4922
3 3766 6310 6311
3 1803 904 4914
3 3328 4166 4960
3 4550 4501 5017
3 1546 1604 5018
3 743 748 749
3 2608 2607 3385
3 1246 1239 4982
3 778 779 780
3 2677 2602 2715
3 610 605 1145
3 1132 1134 1135
3 2452 2924 2925
3 4928 2324 4996
3 1484 1485 1486
3 2038 1858 2331
3 4434 2913 4435
3 1077 1076 1078
3 639 633 1851
3 2179 1556 2607
3 3073 3074 3075
3 1486 1487 1488
3 4952 3360 5008
3 1557 1558 2176
3 3528 3527 3629
3 2164 2262 4962
3 2939 2854 4430
3 2640 2088 2641
3 1109 1103 1191
3 3709 3707 3710
3 2923 3111 3620
3 1002 823 4931
3 786 785 789
3 769 770 4624
3 2131 2132 2623
3 1372 4891 4991
3 1907 2063 2208
3 2920 4737 5053
3 909 1103 1109
3 2509 2844 2845
3 1241 1242 1243
3 805 802 4973
3 2584 4164 5496
3 1527 1246 4950
3 1508 1509 1510
3 2179 2608 4951
3 784 783 785
3 3804 3167 3805
3 3132 3131 3133
3 935 934 936
3 3094 5010 5011
3 3806 3807 3808
3 1607 1610 4968
3 3403 3395 3404
3 2777 2568 2778
3 3241 3243 3674
3 3590 2642 4962
3 2719 2259 2795
3 628 632 5107
3 1061 1069 1070
3 740 741 765
3 1236 1235 1237
3 1239 1237 1240
3 1006 1008 1011
3 2436 2090 2650
3 1508 1507 1509
3 696 717 734
3 1241 4889 4982
3 4679 4681 4685
3 2925 2926 3277
3 1410 2102 2131
3 2041 2039 4999
3 2038 2331 2380
3 1012 1014 1068
3 2039 4958 4999
3 2845 3049 3112
3 2461 2166 4302
3 782 781 783
3 513 514 515
3 2108 2041 4999
3 765 741 766
3 1496 1497 1498
3 1192 1191 1227
3 2719 3167 3804
3 2366 2362 5059
3 776 778 4914
3 3096 3271 5199
3 1197 4944 4984
3 2260 2772 2773
3 683 688 1816
3 1363 1906 1907
3 2616 2165 3151
3 895 909 4975
3 2507 3196 3197
3 1230 1227 1268
3 1444 1442 2450
3 1241 1240 1242
3 1733 1731 5006
3 2719 2795 3167
3 1333 1268 1335
3 3326 3328 4960
3 871 870 872
3 857 1276 1914
3 879 880 881
3 1606 1607 4968
3 1376 1378 1817
3 3577 3276 3641
3 2548 3276 3577
3 1234 1406 1407
3 2567 2193 2568
3 2110 2108 2560
3 2928 2565 4974
3 2642 2164 4962
3 1191 1103 4964
3 807 2345 4957
3 1108 4984 5066
3 1507 1505 1523
3 877 878 879
3 2750 3889 4974
3 4554 4555 5038
3 1239 1240 1241
3 1431 1379 1432
3 873 874 875
3 1211 1185 2365
3 766 768 769
3 875 876 877
3 1440 1403 1819
3 4777 895 4975
3 2548 2547 2710
3 2911 2910 4346
3 2571 2476 2572
3 1669 1670 1671
3 2923 2718 3111
3 724 725 729
3 2943 3127 4953
3 2415 1606 4968
3 2862 2919 5049
3 4645 2650 4938
3 1506 1507 1508
3 4799 4740 5001
3 5290 1525 5344
3 2633 3249 3250
3 3475 3781 5071
3 3096 3269 3270
3 1443 1442 1444
3 1510 1513 4963
3 4965 3161 5134
3 4614 4612 4998
3 3364 4914 5050
3 1603 1602 4961
3 2832 4491 4873
3 718 739 740
3 4880 3377 5446
3 729 730 746
3 871 872 873
3 2660 2491 4545
3 1494 1493 1495
3 1856 1527 4950
3 4678 833 5170
3 862 860 5115
3 746 747 905
3 1802 1509 4995
3 944 1081 1141
3 2324 1446 4996
3 2192 2125 2193
3 3415 2572 3416
3 2027 1436 2029
3 5013 600 5067
3 780 779 781
3 2027 2082 2180
3 789 785 1095
3 788 786 4977
3 2171 1373 2172
3 498 493 5554
3 2691 2641 2692
3 1923 2311 2620
3 2248 2247 2555
3 3651 2922 4997
3 789 2930 4977
3 4999 4958 5060
3 905 906 946
3 864 862 1924
3 1441 1440 1442
3 1378 1377 1379
3 1503 1501 1929
3 1502 1503 1504
3 3364 1803 4914
3 946 947 1005
3 2548 2710 3276
3 1465 1467 4864
3 1973 1974 2204
3 4112 4111 4113
3 1404 1403 1440
3 1334 1333 1403
3 2325 4952 5008
3 2781 2783 3903
3 1815 805 4973
3 1500 1501 1502
3 1124 1127 1131
3 1602 2351 4961
3 776 777 778
3 2260 2773 4910
3 2565 2750 4974
3 859 861 2332
3 4914 778 5050
3 4562 2213 4589
3 1224 1346 1347
3 1378 1379 1431
3 1546 1603 1604
3 4235 4237 4238
3 769 768 770
3 2486 2172 2603
3 2155 2154 2156
3 4942 1748 5002
3 1498 1499 1500
3 2918 2916 5002
3 5001 2594 5047
3 4950 1246 4982
3 2112 2110 5023
3 3094 2081 5010
3 628 623 629
3 2538 2537 2539
3 4009 3111 4011
3 3579 2903 5273
3 1478 1951 2195
3 1109 1191 1192
3 3030 4339 4340
3 2472 2432 2473
3 1050 1051 1052
3 1506 1505 1507
3 776 774 777
3 2180 2259 2718
3 3668 3833 4202
3 1239 1241 4982
3 2217 2714 3158
3 1504 1505 1506
3 1047 1048 1050
3 3127 3936 4953
3 789 1095 1096
3 1492 1491 1493
3 5011 5010 5171
3 1052 1053 1054
3 786 789 4977
3 1841 2058 2059
3 3607 3133 3608
3 1190 1234 1235
3 3604 2928 4974
3 781 779 1082
3 1504 1503 1505
3 1096 1189 1190
3 3362 3361 5047
3 4785 1728 5101
3 2082 2029 2452
3 3932 2943 4953
3 1091 1055 1092
3 1502 1501 1503
3 3039 3052 3104
3 1192 1227 1230
3 1977 2182 5157
3 867 869 4990
3 3317 2735 3318
3 869 1818 4990
3 1389 1390 1554
3 1096 1095 1189
3 1230 1268 1333
3 4639 5180 5195
3 1997 1575 1998
3 2603 3378 4972
3 1371 1209 4387
3 3180 3181 3183
3 1325 1223 5191
3 1190 1189 1234
3 5454 4336 5477
3 3312 5104 5105
3 1179 1152 1180
3 856 857 858
3 2907 2908 2909
3 3713 3711 3714
3 1539 1540 4519
3 2640 2691 3594
3 2351 3685 4961
3 2204 3113 3136
3 1539 1538 1540
3 2546 2547 2548
3 2950 3095 3096
3 2127 1563 5104
3 740 739 741
3 4639 1755 5180
3 2327 1106 5066
3 1376 1375 1377
3 4430 2854 4431
3 2715 3401 3793
3 1728 1730 5101
3 2177 2484 2583
3 647 670 672
3 1342 1326 1343
3 515 516 517
3 1496 1495 1497
3 2624 2626 3155
3 2916 4942 5002
3 2491 2751 3568
3 2313 2630 2631
3 1141 1186 1187
3 1446 1444 4996
3 1939 1940 1941
3 3620 3111 4009
3 2544 2198 2546
3 1818 871 4959
3 1146 956 5178
3 1976 2244 2245
3 2203 1383 5167
3 4046 4044 4047
3 2550 3391 3392
3 1509 1507 4995
3 766 741 767
3 1296 1223 1297
3 2240 2233 2241
3 1826 1824 1827
3 2715 2602 3401
3 1500 1499 1501
3 1343 1375 1376
3 1872 1005 5221
3 770 768 771
3 714 716 2126
3 4624 770 4989
3 1190 1236 5005
3 4332 2295 4334
3 4271 2128 4275
3 1554 1555 2001
3 3506 2936 5172
3 1498 1497 1499
3 3708 4428 4429
3 2180 2082 2259
3 2289 723 5082
3 3977 3978 3979
3 2933 3211 5113
3 2027 2029 2082
3 2245 2737 2738
3 2560 4999 5060
3 1989 1990 2199
3 1188 1080 1263
3 452 449 1877
3 765 766 4987
3 2560 2108 4999
3 2201 788 4977
3 813 811 5029
3 1347 1348 1389
3 879 881 884
3 2028 2026 2414
3 4746 2319 5239
3 860 858 888
3 854 855 856
3 1376 1377 1378
3 1499 1497 1524
3 3258 3092 3259
3 2777 2778 5030
3 2202 2251 2707
3 2923 3620 4993
3 2075 2074 2076
3 1187 1278 1279
3 1322 4940 5019
3 2718 2259 2719
3 3568 3678 3679
3 2269 2270 2512
3 942 842 943
3 1830 1829 1831
3 2607 1556 5009
3 2524 2523 2525
3 4591 2146 4595
3 1490 1489 1491
3 1089 813 5029
3 2165 765 4987
3 1222 1221 1223
3 811 4957 5029
3 873 875 1088
3 3343 2862 5049
3 2930 1096 5005
3 909 1109 4975
3 1109 2329 4975
3 4050 4049 4051
3 2909 2910 2911
3 2870 2448 5051
3 1748 1742 5080
3 859 2332 4941
3 1151 1092 1152
3 927 928 929
3 2972 2970 3280
3 3388 3270 3390
3 1830 1832 1911
3 1604 2046 5018
3 1556 1002 5009
3 2544 2546 2713
3 772 775 4989
3 2602 2112 5023
3 2059 2487 2488
3 2640 2641 2691
3 3624 3623 3657
3 2639 3129 3130
3 2452 2925 3157
3 778 777 779
3 734 717 4793
3 1455 1453 5044
3 2553 4095 4097
3 772 773 774
3 1222 1296 1372
3 1444 2450 4996
3 2778 2781 5030
3 2614 2208 4910
3 4866 3665 5054
3 3329 3327 5036
3 1913 2137 2636
3 766 769 4987
3 2124 2123 2125
3 2691 2692 3216
3 517 518 519
3 1380 1475 2006
3 777 774 5021
3 3176 3026 3617
3 770 771 772
3 3361 5001 5047
3 1507 1523 4995
3 2482 3094 3103
3 2600 1213 5019
3 4600 2593 5041
3 4984 3368 5066
3 2141 2649 2950
3 2197 1912 2198
3 2192 2193 2567
3 1832 1831 1834
3 4966 1235 5016
3 1549 2203 2362
3 2506 3057 3081
3 2567 2568 2777
3 2177 2176 2484
3 4521 3343 5055
3 1342 1343 4986
3 1834 1973 2114
3 1002 4931 5009
3 3036 3038 3039
3 1216 1215 1217
3 2331 1858 5012
3 3668 3622 3833
3 778 780 5050
3 869 870 871
3 4124 4123 4125
3 1230 1334 5024
3 618 496 620
3 2197 2198 2544
3 2247 2088 2640
3 2637 3212 3213
3 2294 1408 5083
3 2277 2418 2419
3 4418 4417 4419
3 2163 2174 2175
3 1460 1455 5044
3 3075 3077 3078
3 3151 2165 4987
3 773 2328 5021
3 1382 1548 1913
3 1742 2097 5080
3 766 767 768
3 1482 1481 1483
3 5070 2114 5172
3 2567 2777 2808
3 1828 1827 1829
3 770 772 4989
3 2177 2935 5108
3 2329 1192 5024
3 2628 2127 2629
3 3719 3718 3724
3 1038 1037 1039
3 1299 852 4923
3 2495 2496 2638
3 871 873 4959
3 1858 1856 5012
3 2328 2712 3359
3 4957 3371 5029
3 1488 1487 1489
3 1106 1108 5066
3 2648 3621 3623
3 1079 1078 1080
3 2121 2119 2369
3 1367 1295 1368
3 3343 5049 5055
3 852 853 854
3 1904 1905 1989
3 1830 1831 1832
3 2110 2560 5023
3 4306 1275 5261
3 2968 2966 3286
3 1042 1041 1043
3 2135 2385 3159
3 1437 4411 5272
3 2327 5066 5113
3 2773 2772 3204
3 997 996 998
3 856 855 857
3 1158 2600 5035
3 718 697 738
3 3546 3642 3834
3 1910 2088 2247
3 3137 3588 5079
3 3644 3646 3823
3 5018 2927 5045
3 1222 1223 1296
3 3653 3104 3654
3 4737 4736 5264
3 1839 1825 1840
3 995 994 996
3 2964 2962 3289
3 1329 1284 1392
3 1065 865 5121
3 1911 1912 2197
3 3608 3955 3956
3 3851 408 6353
3 2619 2552 3253
3 816 818 5201
3 1856 4950 5012
3 1297 1326 1342
3 1096 1190 5005
3 687 700 701
3 869 868 870
3 2204 3136 3137
3 718 740 5037
3 1907 1906 2063
3 1220 1219 1221
3 647 672 4988
3 519 520 521
3 1082 779 5032
3 2124 2125 2192
3 1828 1829 1830
3 848 850 4690
3 2026 1436 2027
3 3717 3716 3718
3 2208 2063 2260
3 1910 1820 2088
3 2427 2647 2648
3 2930 4700 5166
3 1372 1820 1910
3 2698 2700 2796
3 1822 1049 2932
3 1333 1335 5022
3 1484 1483 1485
3 1850 1848 3092
3 1911 1832 1912
3 3028 3009 4152
3 1486 1485 1487
3 2486 2603 2604
3 1063 943 1064
3 1235 1234 5016
3 1431 1432 5045
3 841 737 842
3 2808 2777 3900
3 2171 2172 2486
3 2182 2181 5040
3 4431 2854 5083
3 854 853 855
3 1234 1407 5016
3 1563 1430 1836
3 3137 3136 3300
3 2536 2535 2537
3 3391 2366 5059
3 1819 1403 5022
3 3137 3300 3587
3 5050 2885 5086
3 2952 3375 5218
3 1343 1376 4986
3 1376 1817 4986
3 4062 4060 4063
3 4746 5239 5258
3 1054 1055 1091
3 2450 1442 5025
3 1495 1493 1993
3 1059 1157 1158
3 1251 1323 1324
3 2526 2525 2527
3 3212 2946 3214
3 1440 1819 5025
3 3372 5036 5080
3 718 738 739
3 4915 5070 5172
3 852 851 853
3 5074 4843 6115
3 3270 3269 4970
3 2781 3903 5030
3 2027 2180 5043
3 4955 2920 5053
3 758 757 759
3 945 903 1056
3 3386 5009 5100
3 2631 3144 3169
3 1261 1302 1479
3 772 771 773
3 1435 1436 2026
3 698 695 699
3 738 697 5122
3 798 2884 5258
3 1372 1296 1820
3 3111 2718 5020
3 1322 1329 1435
3 1257 4523 5090
3 4992 783 5027
3 783 781 5027
3 2462 3273 3274
3 1351 1328 1352
3 202 1966 5217
3 1324 1364 1369
3 5036 1748 5080
3 2795 2259 5039
3 1213 1284 1322
3 1220 1221 1222
3 4915 1912 5070
3 1149 1164 1165
3 1167 1168 1169
3 1432 5018 5045
3 693 682 2887
3 5060 3203 5061
3 2407 2440 3521
3 2153 2076 2154
3 1036 1035 1037
3 2097 4955 5053
3 4643 4382 4644
3 1442 1440 5025
3 1151 1179 1257
3 850 851 852
3 1403 1333 5022
3 1192 1230 5024
3 2236 4382 4643
3 867 866 868
3 3096 3095 3269
3 2604 2603 4972
3 1901 1903 1904
3 1994 2079 2483
3 1983 2206 2207
3 4958 3203 5060
3 1382 1913 4965
3 781 1082 5027
3 4655 4638 5195
3 865 867 5121
3 1057 1059 5035
3 2978 2976 3106
3 2640 3594 5048
3 3039 3104 3653
3 3130 3131 3132
3 774 773 5021
3 1070 1086 1087
3 1158 1212 1213
3 5204 2330 5238
3 2328 3359 5021
3 2842 2629 3311
3 3401 2602 5023
3 3900 2777 5030
3 3482 2636 4979
3 3390 3270 4970
3 2208 2260 4910
3 1151 1152 1179
3 779 777 5032
3 1046 1045 1047
3 2171 2486 2944
3 5184 3148 5270
3 2719 3804 5020
3 689 684 1842
3 2260 2063 2627
3 1003 998 1004
3 1755 1756 5180
3 3496 3497 3498
3 1327 1156 1328
3 2340 2339 2341
3 4011 3111 5020
3 3038 2489 5081
3 4496 2115 5017
3 1523 1505 5033
3 2854 2294 5083
3 1549 2362 2363
3 2637 3213 4979
3 1841 1840 2058
3 3493 2711 3751
3 2718 2719 5020
3 2242 2241 2243
3 2517 2223 2711
3 1941 1942 1943
3 1257 1267 1363
3 2509 2021 2844
3 1503 1929 5033
3 1505 1503 5033
3 1826 1827 1828
3 1557 2176 2177
3 1435 1329 1436
3 2834 2832 4873
3 617 610 5169
3 1026 1028 1029
3 4894 504 5503
3 1986 2411 5130
3 1730 2317 5101
3 1906 1373 2171
3 1825 1824 1826
3 1995 2222 2353
3 1216 1217 5078
3 1489 1487 1547
3 850 849 851
3 2363 2362 2366
3 1322 1284 1329
3 1057 1056 1058
3 3403 3404 3636
3 2540 2541 2542
3 1257 1179 1267
3 2082 2452 5039
3 1162 1064 1163
3 888 858 5042
3 696 734 5069
3 1826 1828 1833
3 1091 1092 1151
3 863 865 1065
3 703 702 704
3 1213 1212 1284
3 492 755 5229
3 2938 5012 5116
3 937 936 938
3 873 1088 4959
3 3373 3372 5154
3 2117 2116 2613
3 1141 1081 1186
3 2534 2533 2535
3 5009 4931 5100
3 3973 2915 4434
3 2260 2627 2772
3 3933 2955 3934
3 2940 2941 5173
3 641 651 652
3 4931 1800 5100
3 3158 2714 5144
3 3217 3997 3998
3 1363 1267 1373
3 2549 2366 2550
3 4881 1820 5077
3 2195 2196 3612
3 2637 2137 2946
3 2772 2627 3405
3 1929 1501 5052
3 856 858 859
3 3443 3442 3444
3 717 697 718
3 3071 3070 3072
3 3220 2520 3222
3 2528 2527 2529
3 1059 1140 1157
3 1344 1573 1885
3 1363 1373 1906
3 1059 1058 1140
3 1213 1322 5019
3 865 864 866
3 2468 2467 3548
3 1157 1140 1224
3 5066 3368 5113
3 4374 4372 4376
3 2452 3157 5039
3 1046 1049 1821
3 4522 4165 5106
3 694 678 695
3 3365 3364 5086
3 1052 1054 1066
3 2026 2027 5043
3 867 868 869
3 2512 2270 5003
3 1378 1431 5127
3 2431 2243 2432
3 2259 2082 5039
3 3431 2838 3432
3 5032 3359 5125
3 2532 2531 2533
3 2842 3311 3589
3 3368 2933 5113
3 1557 2177 5108
3 3035 2489 3036
3 3715 3714 3716
3 4793 717 5037
3 2517 3493 3494
3 1217 1219 1220
3 854 856 4941
3 1823 1822 1824
3 2363 2366 2549
3 2542 2559 2661
3 5080 2097 5154
3 616 622 624
3 3621 2647 3622
3 639 1851 5110
3 3212 3214 3649
3 3739 2660 4545
3 1891 1900 2348
3 1821 1822 1823
3 635 620 636
3 1057 1058 1059
3 1823 1824 1825
3 2459 2413 2520
3 3027 4134 4135
3 993 992 994
3 2549 2550 3419
3 753 713 1868
3 1466 1464 4395
3 1501 1499 5052
3 1034 1004 1035
3 3621 3622 3668
3 2830 2136 5106
3 1816 688 5069
3 2950 2649 3095
3 2414 2026 5043
3 719 699 720
3 2491 2488 2751
3 2435 2081 2482
3 1043 1045 1046
3 435 434 436
3 2982 2980 3275
3 1541 2042 2238
3 2247 2640 5048
3 5113 3211 5152
3 2487 2058 2489
3 3112 3049 3969
3 4235 1083 4237
3 1714 638 4988
3 2477 3384 5245
3 701 702 703
3 2096 1758 5236
3 5088 2932 5093
3 2648 2647 3621
3 1889 1888 2116
3 1548 1383 1549
3 2391 1279 4965
3 2059 2058 2487
3 2960 2959 2961
3 815 1089 5158
3 711 713 752
3 2555 2247 5048
3 3371 3340 5226
3 1091 1151 5090
3 3085 2203 5102
3 2636 2137 2637
3 2095 2319 5180
3 736 957 1305
3 4819 5198 5238
3 1158 1157 1212
3 2530 2529 2531
3 1279 1278 1382
3 4491 4492 5096
3 3458 3459 3460
3 2958 2957 2959
3 1187 1186 1278
3 1303 1262 1852
3 1397 1384 4520
3 2391 4965 5134
3 717 718 5037
3 1407 1557 5108
3 5213 1391 5222
3 5520 4564 5548
3 632 1714 5107
3 4155 4153 5385
3 2183 2005 2184
3 1499 1524 5052
3 1082 5032 5125
3 1220 4991 5078
3 486 491 2296
3 852 854 4923
3 1182 1215 1216
3 2845 2844 3049
3 1913 1548 2137
3 1369 2135 5065
3 2222 1996 2223
3 4935 3408 5223
3 2945 1846 2957
3 683 1816 5095
3 1296 1297 5077
3 642 577 4565
3 4475 3849 5369
3 650 669 756
3 1297 1342 5077
3 945 1056 1057
3 858 857 5042
3 1319 1480 1481
3 3095 2649 3283
3 1039 1041 1042
3 2080 1480 2081
3 1590 1588 2853
3 2628 2629 2842
3 2538 2539 2540
3 1347 1389 1437
3 2342 2341 2343
3 2369 5184 5270
3 1250 1318 1319
3 865 866 867
3 4501 4496 5017
3 671 648 685
3 1832 1834 5070
3 2914 3530 3532
3 2000 2162 2163
3 2480 2481 4969
3 2124 2192 2516
3 3494 3493 3731
3 1382 1278 1383
3 1834 2114 5070
3 2900 738 5122
3 1176 1249 1250
3 3274 3941 3942
3 1821 1049 1822
3 1217 1220 5078
3 711 710 712
3 1000 1365 5097
3 4982 4889 5116
3 392 201 5217
3 4950 4982 5116
3 4742 1986 5130
3 5012 4950 5116
3 755 2051 2383
3 2637 2946 3212
3 2556 2836 2837
3 709 708 710
3 735 715 3045
3 2517 2711 3493
3 696 697 717
3 3364 5050 5086
3 5116 4889 5197
3 3807 3975 5131
3 1912 1832 5070
3 1358 1309 4825
3 1644 1642 1645
3 863 862 864
3 633 630 4945
3 2141 2001 2495
3 2472 2473 2480
3 1871 1891 5112
3 1046 1047 1049
3 3035 3036 3592
3 1036 1037 1038
3 2332 861 5114
3 1029 1030 1032
3 2101 1409 5138
3 2550 3392 5074
3 2080 2435 2954
3 2195 1951 2196
3 2010 2753 3336
3 2029 1436 5103
3 2487 2489 3035
3 1885 1982 1983
3 796 793 5207
3 2122 2123 2124
3 2427 2127 2628
3 944 945 1081
3 688 689 696
3 3678 2751 3680
3 711 712 713
3 3968 3540 5120
3 1042 1043 5031
3 553 551 1567
3 3568 2751 3678
3 5269 4410 5276
3 3439 3438 3440
3 3043 5377 5390
3 929 930 931
3 446 448 3091
3 2482 3103 3585
3 1032 1033 1073
3 4280 4282 4283
3 593 1553 5089
3 1817 1378 5127
3 4435 1477 5316
3 1394 1393 1395
3 2753 2159 2754
3 645 636 646
3 867 4990 5121
3 4394 500 5350
3 1554 2001 2141
3 1871 1005 1872
3 3372 5080 5154
3 1973 2204 5079
3 1353 1352 1354
3 1340 4433 5315
3 709 710 711
3 2563 2286 5241
3 582 584 1843
3 1889 2116 2117
3 2636 2637 4979
3 683 684 688
3 3073 3072 3074
3 2427 2628 2647
3 2411 2850 5130
3 857 1914 5042
3 3585 3103 3586
3 672 670 5095
3 863 864 865
3 962 897 964
3 2222 2223 2517
3 1005 1006 5221
3 1186 1081 3037
3 1621 842 5163
3 505 503 506
3 1059 1158 5035
3 2954 2955 2956
3 1827 1824 5087
3 2114 1973 5079
3 944 903 945
3 5016 1407 5108
3 1898 2434 3423
3 1485 1483 2078
3 5060 5061 5151
3 3330 5393 5481
3 2672 3600 3601
3 490 485 2316
3 991 990 992
3 3437 3436 3438
3 673 646 674
3 1964 901 2382
3 2938 5116 5197
3 2214 1978 2215
3 4819 4966 5198
3 3182 3034 3628
3 1382 1383 1548
3 2118 2120 5146
3 1995 1434 1996
3 716 735 736
3 1820 1296 5077
3 3352 4345 5216
3 2042 2127 2427
3 1497 1495 5098
3 2754 2914 4946
3 3554 3548 3845
3 902 903 944
3 2141 2495 2649
3 1074 1076 1077
3 1524 1497 5098
3 686 674 687
3 791 2201 5207
3 1279 1382 4965
3 3384 3125 3749
3 5496 4164 5536
3 670 671 683
3 736 1305 5007
3 3609 3812 3826
3 1433 1369 1434
3 552 551 553
3 1176 1085 1177
3 1595 1592 1596
3 913 1000 5097
3 1924 862 5115
3 1943 1944 1945
3 1249 1177 1251
3 4597 1267 5147
3 1822 2932 5087
3 647 648 670
3 4792 4964 5152
3 1830 1911 5109
3 2740 2625 3048
3 705 707 728
3 2620 2311 5155
3 598 601 1844
3 1084 964 1085
3 1000 1155 1365
3 705 704 706
3 2204 3137 5079
3 666 667 679
3 4937 4463 5364
3 2629 2127 5104
3 638 639 647
3 1211 2365 5137
3 714 2126 5233
3 1864 1862 1865
3 1329 1392 5103
3 2122 2121 2123
3 902 753 903
3 3147 2623 4642
3 2631 3169 3184
3 1151 1257 5090
3 3435 3434 3436
3 1179 1180 5147
3 3089 3088 3090
3 1891 2348 5112
3 1047 1050 5093
3 2707 2806 3736
3 2962 2961 5099
3 3132 3133 3607
3 997 998 1003
3 1475 1476 1927
3 3419 2550 5074
3 3291 5213 5222
3 790 792 5276
3 2672 2215 2673
3 707 706 708
3 696 689 697
3 1043 1046 5031
3 995 996 997
3 2319 2318 5239
3 2080 2081 2435
3 2327 5113 5152
3 721 720 726
3 3707 3706 4715
3 1434 1369 5065
3 859 858 860
3 3204 2772 5091
3 2511 4046 6043
3 2207 2469 3178
3 3394 3395 3403
3 1384 1273 1386
3 4301 1984 5471
3 2042 1563 2127
3 1272 1175 1273
3 598 597 599
3 4285 4287 4288
3 2580 3369 5239
3 752 753 902
3 2276 2274 5076
3 2126 716 5007
3 2118 5146 5256
3 861 860 862
3 2623 2132 2624
3 798 5269 5276
3 2131 2102 2132
3 4923 854 4941
3 688 696 5069
3 2311 2313 5155
3 707 708 709
3 856 859 4941
3 1976 2245 2588
3 848 849 850
3 2481 2523 2524
3 607 535 5046
3 1824 1822 5087
3 2613 3121 3148
3 1495 1993 5098
3 1574 1345 1575
3 2141 2950 5132
3 688 684 689
3 1828 1830 5109
3 4193 2834 4873
3 4976 1491 5160
3 3268 3816 6344
3 465 463 489
3 2313 2631 5155
3 2986 2984 3257
3 989 988 990
3 1161 1136 1175
3 1324 1369 1433
3 1436 1329 5103
3 1998 2335 2470
3 817 815 5158
3 2181 2214 2498
3 2772 3405 5091
3 5023 2560 5151
3 4964 2327 5152
3 525 524 526
3 1906 2171 5094
3 2171 2944 5094
3 3040 5204 5238
3 1850 3092 3258
3 610 1145 5169
3 3075 3074 3077
3 2427 2648 5092
3 2063 1906 5094
3 5205 3400 5410
3 4795 1146 5178
3 599 597 600
3 1847 1849 1977
3 3331 3330 5481
3 752 713 753
3 2954 2435 2955
3 2932 1049 5093
3 724 729 2949
3 1034 1035 1036
3 4091 4093 5550
3 1319 1318 1480
3 1481 1480 2080
3 2956 2955 3933
3 1195 1196 1300
3 1995 1996 2222
3 5075 4543 6271
3 2274 2277 5076
3 2536 2537 2538
3 450 453 919
3 638 647 4988
3 4736 4678 5170
3 1549 2363 5123
3 2238 2042 5092
3 3115 3303 3891
3 1433 1434 1995
3 861 862 863
3 3566 2480 4969
3 1267 1179 5147
3 683 671 684
3 987 986 988
3 1250 1249 1318
3 1355 1354 1356
3 1034 1036 1231
3 993 994 995
3 1003 1004 1034
3 2135 3159 5065
3 1491 1489 5160
3 4122 4123 4124
3 1360 1356 1361
3 3353 3373 5265
3 2758 3672 3673
3 3178 3179 3180
3 2488 2487 5128
3 670 683 5095
3 460 458 1870
3 1384 1386 4520
3 2627 2063 5094
3 977 976 1060
3 2196 1951 5075
3 1475 1381 1476
3 2181 2498 5040
3 1894 1893 2004
3 1362 1361 1438
3 703 704 705
3 736 735 897
3 4792 5152 5222
3 2646 2512 3394
3 1891 1872 1892
3 2282 2676 3313
3 2506 3081 5117
3 628 629 630
3 1368 1295 5137
3 374 4049 4050
3 1176 1177 1249
3 598 599 601
3 1061 1060 1069
3 1945 1946 1958
3 3552 3553 5991
3 716 736 5007
3 1046 1821 5031
3 2010 1926 2159
3 3584 3252 3684
3 596 595 597
3 946 1005 1871
3 1093 3140 3141
3 3369 3370 5269
3 985 984 986
3 1084 1085 1176
3 848 847 849
3 1954 1952 4457
3 5067 595 5089
3 670 648 671
3 1483 1481 5126
3 3680 2751 5128
3 1439 1438 1893
3 2157 2158 2232
3 1287 5304 5365
3 618 620 635
3 3522 3048 3738
3 3132 3607 3800
3 3024 4215 4216
3 1977 1978 2181
3 2560 5060 5151
3 600 597 5067
3 2481 2524 4969
3 1871 1872 1891
3 3078 3077 3083
3 1049 1047 5093
3 3600 2673 3728
3 2017 2735 3317
3 1252 1163 1253
3 5077 1342 5220
3 579 577 642
3 939 938 940
3 2120 2122 2720
3 1756 2095 5180
3 647 639 648
3 1478 1926 1951
3 5170 833 5265
3 2042 2427 5092
3 1833 1828 5109
3 376 4070 4072
3 630 631 4945
3 2941 3932 5173
3 2561 2378 2562
3 746 905 907
3 632 633 638
3 3528 3630 5296
3 705 706 707
3 4165 2830 5106
3 716 715 735
3 2751 2488 5128
3 5152 3211 5222
3 4739 4633 5418
3 863 1065 5114
3 712 724 5175
3 1411 4825 4826
3 608 614 1304
3 1366 1429 1867
3 2199 2200 5215
3 509 1896 5373
3 2524 2525 2526
3 1826 1833 5176
3 3282 3281 3884
3 859 860 861
3 5094 2944 5227
3 2966 2964 5073
3 635 636 645
3 4977 2930 5166
3 2562 2378 4475
3 1210 1294 1311
3 2623 2624 4642
3 1548 1549 5123
3 1195 1159 1196
3 3401 5023 5151
3 2043 1598 2044
3 2458 2101 5138
3 2964 3289 5073
3 1868 713 5175
3 588 587 589
3 2097 5053 5154
3 3180 3179 3181
3 2201 4977 5166
3 3985 3986 4983
3 2968 3286 5068
3 4396 4395 4397
3 687 701 1860
3 1367 1368 5153
3 3296 2562 3297
3 673 674 686
3 645 646 673
3 1863 1999 2000
3 941 940 948
3 4067 4066 4068
3 2646 3396 3397
3 714 715 716
3 2946 2137 5123
3 3173 3293 3606
3 596 597 598
3 3318 3613 5084
3 1380 1381 1475
3 983 982 984
3 2953 2938 5197
3 840 839 916
3 638 633 639
3 1844 1845 1846
3 4638 4639 5195
3 736 897 957
3 917 916 976
3 5147 1180 5192
3 5198 2935 5238
3 3170 5691 5700
3 1391 4792 5222
3 3356 2934 5205
3 2961 3093 3173
3 604 609 2352
3 3041 4881 5220
3 2404 2402 3199
3 1056 903 5142
3 3714 3711 5231
3 2277 2419 5076
3 2627 5094 5227
3 3052 3038 5308
3 4445 4444 5211
3 2330 4819 5238
3 2495 2638 5118
3 2337 2339 2340
3 1836 1430 5153
3 5127 3529 5323
3 962 964 1084
3 2214 2215 2672
3 590 589 591
3 1900 1901 1902
3 594 593 595
3 2936 4915 5172
3 2457 2101 2458
3 592 591 593
3 957 962 963
3 2672 2673 3600
3 3463 3464 3473
3 1840 1825 5176
3 833 816 5201
3 2526 2527 2528
3 5081 1840 5176
3 586 585 587
3 594 596 637
3 2010 2159 2753
3 4169 3471 5313
3 1958 1959 1960
3 3460 3461 3463
3 2353 2222 5135
3 3060 3058 5194
3 2961 3173 5099
3 1057 5035 5119
3 1489 1547 5160
3 1339 1253 1341
3 1953 1952 1954
3 981 980 982
3 2626 2740 2741
3 685 648 5110
3 437 436 438
3 3541 3540 3967
3 1900 1892 1901
3 5123 2363 5243
3 3283 2649 5118
3 4795 5178 5179
3 1541 1563 2042
3 3005 3004 3006
3 3640 3473 5225
3 1077 1078 1079
3 749 748 839
3 2336 3346 5469
3 3163 3162 3429
3 1476 1381 1477
3 846 733 847
3 1184 1210 5141
3 2534 2535 2536
3 2430 3307 5267
3 4779 2330 5204
3 1389 1554 5132
3 1054 1091 5133
3 1825 1826 5176
3 2181 1978 2214
3 797 796 5291
3 1180 1182 5192
3 945 1057 5119
3 2821 2820 5275
3 724 2949 5175
3 2175 2174 2507
3 3076 3163 3164
3 2961 2959 3093
3 3565 2480 3566
3 995 997 1866
3 3042 3041 5294
3 1073 1074 5129
3 2113 5425 5440
3 762 913 5307
3 4502 2949 5434
3 4889 1314 5197
3 3076 3069 3162
3 2505 2044 2506
3 3098 1882 5148
3 2120 2720 5146
3 2970 2968 5068
3 5038 4555 5322
3 2628 2842 5124
3 1167 1165 1168
3 2631 3184 5155
3 3289 2962 5099
3 450 919 5028
3 1066 1054 5133
3 1842 684 5159
3 1960 1961 1962
3 1845 601 5190
3 793 791 5207
3 2137 1548 5123
3 1487 1485 5143
3 1149 1087 1164
3 957 897 962
3 2517 3494 5135
3 2540 2542 2690
3 3186 2458 3187
3 3622 2647 5124
3 1171 1169 1172
3 1081 945 5119
3 584 583 585
3 1091 5090 5133
3 3051 4661 5370
3 590 592 1869
3 979 978 980
3 4110 4111 4112
3 2649 2495 5118
3 1951 1926 2010
3 2647 2628 5124
3 673 686 714
3 1891 1892 1900
3 2019 4460 5302
3 727 726 742
3 3173 3093 3293
3 2343 2467 2468
3 620 496 5162
3 3197 3196 5210
3 991 992 993
3 2532 2533 2534
3 743 742 748
3 1547 1487 5143
3 4881 5077 5220
3 1844 601 1845
3 2269 2512 2646
3 1135 1134 1136
3 2528 2529 2530
3 1079 1080 1188
3 1630 1628 5447
3 622 623 627
3 616 617 622
3 3710 4715 4716
3 609 610 616
3 2120 2119 2121
3 586 588 634
3 3067 3065 3109
3 3062 3060 3064
3 3164 3334 3878
3 4416 4417 4418
3 1182 1216 5192
3 1437 1389 5132
3 604 605 609
3 2530 2531 2532
3 2526 2528 2543
3 931 932 933
3 456 454 462
3 1089 5029 5200
3 4440 2280 5182
3 949 948 950
3 3009 3010 3011
3 1951 2010 5075
3 2487 3035 5128
3 2950 3096 5199
3 2232 2233 2240
3 5108 2935 5198
3 3037 1081 5119
3 3068 3069 3070
3 2007 2083 2356
3 679 680 690
3 1256 4666 5282
3 3934 2955 5156
3 4896 1391 5213
3 2953 5197 5223
3 753 1868 5142
3 2743 2210 3088
3 1883 1888 1889
3 2482 3585 5156
3 3541 3967 3970
3 2160 1954 2161
3 991 993 1258
3 4125 4127 4128
3 2155 2156 2157
3 635 645 3046
3 1481 2080 5126
3 4447 2952 5218
3 1904 1989 2037
3 599 600 604
3 1478 2195 5164
3 2120 2121 2122
3 1846 1845 1847
3 2505 2506 5117
3 2859 2563 5241
3 1977 1849 1978
3 1889 2117 2118
3 1287 1623 5304
3 4166 3352 5216
3 1223 1221 5191
3 631 2905 4945
3 666 619 667
3 501 502 503
3 1847 1845 1848
3 974 973 978
3 713 712 5175
3 2435 2482 5156
3 1880 2098 2257
3 201 202 5217
3 652 653 654
3 3539 3537 3540
3 4640 3221 5457
3 1120 1121 1122
3 968 967 969
3 798 5258 5269
3 1956 1865 1957
3 3066 3067 3068
3 1070 1069 1086
3 1554 2141 5132
3 3970 5450 5538
3 2753 2754 3421
3 1962 1963 2022
3 841 842 942
3 4570 4568 4571
3 861 863 5114
3 671 685 5159
3 3379 3380 5339
3 756 757 758
3 604 600 605
3 2080 2954 5126
3 5029 3371 5200
3 690 691 732
3 2493 2161 2494
3 595 593 5089
3 3472 3477 3478
3 1849 1848 1850
3 3286 2966 5073
3 1541 1430 1563
3 5197 1314 5223
3 4966 5016 5198
3 2530 2532 2801
3 5218 3375 5291
3 744 843 844
3 2946 5123 5243
3 2264 2437 5252
3 609 605 610
3 627 623 628
3 622 617 623
3 616 610 617
3 1883 1882 1888
3 3948 3947 3949
3 1394 1414 1984
3 1210 1185 1211
3 970 969 971
3 2990 2988 3254
3 2914 3532 4946
3 2573 3331 3332
3 2010 3336 5075
3 2534 2536 3185
3 628 630 632
3 594 595 596
3 942 943 1063
3 2239 1957 2680
3 2222 2517 5135
3 2681 2680 3223
3 2775 2483 5404
3 3710 3707 4715
3 732 733 845
3 903 753 5142
3 959 958 967
3 2431 2432 2472
3 972 971 973
3 692 722 2848
3 1153 999 2357
3 497 496 618
3 632 630 633
3 461 463 464
3 989 990 991
3 1294 1211 1295
3 2382 901 4450
3 5016 5108 5198
3 845 846 965
3 3561 3562 5263
3 1476 1477 1478
3 2078 1483 5126
3 3224 3223 3225
3 2393 4328 4329
3 2646 3394 3396
3 3506 5172 5268
3 439 438 440
3 1366 1295 1367
3 487 482 488
3 1429 1367 1430
3 3077 3074 3079
3 3440 3442 3443
3 505 506 507
3 492 488 493
3 981 983 1873
3 1709 1880 4304
3 3317 3318 5085
3 1314 4935 5223
3 3092 1848 5190
3 494 493 495
3 464 465 479
3 985 987 1233
3 3267 3266 3268
3 1006 1011 5221
3 1412 1349 1413
3 2740 3048 3522
3 481 478 482
3 1898 1422 2434
3 2340 2341 2342
3 2167 2576 2577
3 3211 3291 5222
3 1063 1064 1162
3 588 589 590
3 2369 2119 5184
3 2937 3160 5250
3 592 593 594
3 3896 3187 3897
3 1485 2078 5143
3 760 759 761
3 3373 5170 5265
3 590 591 592
3 2837 2838 3431
3 1383 1278 5167
3 648 639 5110
3 586 587 588
3 3333 2869 5530
3 4103 4104 4105
3 1093 1073 2606
3 2117 2613 5184
3 1927 1476 5164
3 714 686 715
3 3363 2096 5236
3 2022 2023 2024
3 3181 3563 3564
3 3042 5294 5323
3 3214 2946 5243
3 3063 3065 3066
3 1394 1395 1414
3 844 956 975
3 3200 2461 4302
3 528 526 529
3 1188 1263 5261
3 846 847 848
3 455 457 5177
3 2286 2284 5241
3 2118 2117 2119
3 3043 2106 5377
3 3818 3195 3819
3 2318 2580 5239
3 3280 2970 5068
3 1071 965 2361
3 1032 1073 1093
3 4661 3043 5390
3 2306 2305 2307
3 987 988 989
3 2024 2025 2073
3 1429 1430 1541
3 1342 4986 5220
3 2005 2004 5150
3 1688 1687 1689
3 1210 1311 5141
3 2207 2206 2469
3 1871 5112 5187
3 1843 584 5186
3 1426 1301 1882
3 2092 4199 5262
3 1851 4945 5214
3 5010 1318 5171
3 2468 3548 3554
3 1380 1303 1381
3 1278 1186 5167
3 1112 956 1146
3 1145 5015 5169
3 985 986 987
3 1885 1573 1982
3 1173 1204 1312
3 1847 1848 1849
3 441 440 442
3 2624 2625 2626
3 735 3045 5161
3 3711 3710 5231
3 1249 1251 5171
3 3091 448 5028
3 4238 4237 4239
3 161 1777 5341
3 1366 1367 1429
3 1294 1295 1366
3 974 979 1178
3 464 463 465
3 479 465 480
3 1186 3037 5167
3 457 459 1289
3 975 1112 1156
3 2935 3040 5238
3 3076 3162 3163
3 1210 1211 1294
3 2624 2132 2625
3 3336 2753 5202
3 3061 3062 3063
3 2790 2563 2859
3 5258 3369 5269
3 4117 4098 5611
3 1931 1933 5139
3 2626 2625 2740
3 684 671 5159
3 2955 2435 5156
3 1184 1146 1185
3 3064 3060 5194
3 2912 2911 3536
3 2291 2921 5338
3 3089 3090 3726
3 584 585 586
3 3164 3163 3334
3 2240 2241 2242
3 983 984 985
3 2978 3106 5140
3 443 442 444
3 2884 4746 5258
3 459 460 461
3 1669 1668 1670
3 3539 3540 3541
3 2672 3601 5181
3 3070 3069 3076
3 1410 2101 2102
3 491 490 496
3 2007 2014 2083
3 2498 2214 5181
3 1478 1477 1926
3 1169 1168 5058
3 3068 3067 3069
3 461 460 463
3 445 444 451
3 4920 1812 5330
3 3872 3115 5399
3 2606 1073 5129
3 1079 1188 1256
3 1295 1211 5137
3 4153 2813 5385
3 3318 5084 5085
3 905 946 5187
3 1476 1478 5164
3 1184 1185 1210
3 1052 1066 5279
3 981 982 983
3 3405 2627 5227
3 3297 3859 3861
3 1328 1156 2350
3 2021 2019 5302
3 2412 2843 5385
3 3086 3287 5424
3 3444 3446 3467
3 2957 1846 5157
3 2811 2809 5351
3 1074 1077 5129
3 1302 1303 1380
3 848 4690 5237
3 4096 4094 5550
3 1212 1157 5303
3 616 624 5209
3 494 495 4588
3 4417 2948 5397
3 2242 2243 2431
3 3716 3714 3722
3 2118 2119 2120
3 1417 1338 1418
3 951 950 952
3 964 897 5161
3 654 655 656
3 1318 1249 5171
3 1347 1437 5272
3 845 733 846
3 2163 2162 2174
3 1256 1275 1344
3 1430 1367 5153
3 3072 3070 5165
3 3115 2824 3303
3 1631 1632 5470
3 4173 4316 4317
3 1967 2064 2413
3 3423 2434 3671
3 497 618 619
3 979 980 981
3 1574 1575 1997
3 1256 1188 1275
3 3722 3714 5231
3 2215 1978 5196
3 2912 3537 3538
3 1983 1982 2206
3 3437 3438 3439
3 1337 1229 1338
3 1599 2045 5489
3 457 458 459
3 455 456 457
3 530 529 531
3 453 454 455
3 1930 1418 1931
3 2457 2458 3186
3 2613 3148 5184
3 1386 1387 1388
3 3555 3556 3557
3 450 452 453
3 2340 2342 3054
3 3059 3060 3061
3 3887 3885 3888
3 2363 2549 5243
3 3680 5128 5259
3 2468 3554 3555
3 3862 2768 4148
3 1282 1310 4138
3 3045 715 5212
3 2073 2074 2075
3 3435 3436 3437
3 933 934 935
3 2202 1625 2251
3 3007 3006 3008
3 3066 3065 3067
3 2234 2187 2235
3 5176 1833 5308
3 2743 3088 3089
3 5128 3035 5259
3 2469 2206 2693
3 652 651 653
3 762 761 763
3 1997 1998 5208
3 2477 3124 3125
3 3217 3744 3997
3 796 5218 5291
3 1087 1086 5254
3 897 735 5161
3 955 954 958
3 3724 3718 3735
3 492 494 755
3 3421 2754 4946
3 1162 1163 1252
3 3571 5139 5318
3 3181 3179 3563
3 5093 1050 5279
3 2077 2430 5267
3 974 978 979
3 2771 2644 3570
3 5011 5171 5320
3 3054 3055 3217
3 1541 2238 5224
3 464 479 484
3 2093 2378 2561
3 2225 1909 5391
3 598 1844 5206
3 2308 2307 2309
3 946 1871 5187
3 1341 1952 1953
3 1093 2606 3140
3 3057 3058 3059
3 1970 1879 4001
3 448 449 450
3 2200 2269 5215
3 1174 1138 3102
3 3432 3434 3435
3 4172 4169 5313
3 2153 2154 2155
3 2597 3051 5362
3 477 481 483
3 3217 3055 3744
3 2239 2681 2682
3 1344 1345 1573
3 656 657 658
3 2102 2101 2457
3 2214 2672 5181
3 975 956 1112
3 3299 3123 4164
3 686 687 5212
3 2004 2464 5150
3 1388 1544 1967
3 907 905 5187
3 732 691 733
3 582 583 584
3 477 476 478
3 443 444 445
3 2119 2117 5184
3 491 496 497
3 3555 3554 3556
3 3054 2342 3055
3 4345 3353 5265
3 3063 3062 3065
3 532 531 533
3 3186 3187 3896
3 2520 2413 2725
3 2506 3056 3057
3 2707 2251 2806
3 1574 1997 2477
3 1847 1977 5157
3 2186 2003 2187
3 2561 2562 3296
3 755 2383 5229
3 3557 3556 3938
3 1165 1164 5297
3 3089 3726 3727
3 911 763 912
3 2000 1999 2162
3 3296 3297 5136
3 3986 3989 4983
3 486 485 490
3 4171 4172 4173
3 1534 1371 4387
3 2064 1544 2065
3 3370 4410 5269
3 1846 1847 5157
3 972 973 974
3 953 952 954
3 2692 3042 5360
3 3448 3450 3469
3 4804 2369 5270
3 1172 1169 5058
3 5053 4737 5264
3 968 969 970
3 658 659 660
3 5200 3371 5226
3 959 967 968
3 1544 1387 5260
3 1263 2017 5183
3 3373 5154 5264
3 459 458 460
3 457 456 458
3 455 454 456
3 3307 4509 5267
3 453 452 454
3 3178 2469 3179
3 1849 1850 5196
3 535 533 536
3 3307 3985 4509
3 2280 2282 5182
3 1086 1069 1226
3 695 678 1881
3 844 843 956
3 3259 3092 5414
3 2643 2133 2644
3 970 971 972
3 687 1860 5212
3 2472 2480 3565
3 4449 619 5380
3 450 449 452
3 3041 5220 5294
3 680 667 1535
3 1978 1849 5196
3 487 488 492
3 492 493 494
3 792 798 5276
3 1864 1865 1956
3 481 482 487
3 1112 1146 1184
3 2507 3195 3196
3 2004 2210 2464
3 3538 3537 3539
3 755 2050 2051
3 1137 1173 5168
3 448 450 5028
3 3483 2570 3484
3 660 661 662
3 1354 1352 1357
3 3891 3303 4027
3 662 675 678
3 521 522 523
3 609 616 5209
3 505 507 612
3 3819 3195 5311
3 935 936 937
3 4318 1789 5853
3 1595 1596 5283
3 1477 1381 5316
3 441 442 443
3 601 599 5193
3 3050 5349 5362
3 2506 2044 3056
3 3050 4973 5349
3 3383 3824 5994
3 5026 4445 5374
3 2160 2493 3105
3 2464 2743 3252
3 1426 1883 2205
3 2909 2911 2912
3 1438 1361 1525
3 3061 3060 3062
3 1224 1347 5272
3 1590 2853 5185
3 1386 1273 1387
3 1063 1162 1886
3 2335 2337 5203
3 5079 3588 5268
3 1275 1188 5261
3 596 598 5206
3 1093 3141 5240
3 2343 2468 5253
3 4040 3028 4152
3 976 916 1090
3 1848 1845 5190
3 507 509 5373
3 5781 2139 5784
3 675 661 676
3 3011 3012 3013
3 2075 2076 2153
3 576 4217 5665
3 1559 4395 4396
3 5383 4891 5395
3 2132 2102 5228
3 2633 3250 3485
3 1867 1429 5224
3 3035 3592 5259
3 1592 1590 5185
3 2588 4188 5304
3 690 680 691
3 2162 1999 2504
3 477 478 481
3 578 580 621
3 1300 1196 1301
3 1596 1592 5185
3 2342 2343 5253
3 1861 4467 5254
3 2184 2005 5150
3 1050 1052 5279
3 637 596 5206
3 744 737 841
3 722 693 737
3 3076 3164 5165
3 2980 2978 5140
3 5081 5176 5308
3 626 4489 5287
3 1252 1253 1339
3 692 682 693
3 1132 1133 1134
3 2982 3275 5189
3 968 970 1875
3 2239 2680 2681
3 1956 1957 2239
3 599 604 5193
3 5370 4661 5390
3 504 503 505
3 2681 3223 3224
3 1953 1954 2160
3 1998 2470 5208
3 1863 1862 1864
3 1536 1424 5188
3 3435 3437 3523
3 501 503 504
3 3218 3219 3635
3 1255 1205 1286
3 3070 3076 5165
3 5154 5053 5264
3 720 699 731
3 5515 2956 5533
3 2714 2216 3123
3 2905 2907 5214
3 3059 3058 3060
3 2114 5079 5268
3 2493 2494 2684
3 1129 1130 1132
3 448 447 449
3 4763 2581 5417
3 2352 609 5209
3 1164 1087 5254
3 2051 2050 2556
3 1415 1395 2216
3 2004 1893 2210
3 658 657 659
3 3224 3225 3543
3 1344 1275 1345
3 3580 3053 4034
3 3529 3528 5296
3 2160 2161 2493
3 748 742 918
3 484 479 485
3 3207 4985 5286
3 2361 965 5237
3 656 655 657
3 659 657 1876
3 1861 1226 1862
3 3474 3638 3639
3 2646 3397 5215
3 1340 1409 1410
3 955 959 1150
3 2753 3421 5202
3 654 653 655
3 5179 5178 5317
3 681 676 682
3 755 494 2050
3 1426 1882 1883
3 3048 2625 5228
3 586 634 5186
3 3057 3056 3058
3 1415 2217 3108
3 1976 2588 5304
3 660 659 661
3 486 490 491
3 536 2858 5046
3 2242 2431 3044
3 2912 3536 3537
3 4027 3303 4028
3 801 797 5291
3 582 581 583
3 5088 5093 5279
3 1252 1339 1340
3 4985 4197 5286
3 662 661 675
3 5342 4967 5387
3 2217 2216 2714
3 955 958 959
3 1281 4266 4267
3 3471 3447 5313
3 715 686 5212
3 2470 2335 5203
3 744 841 843
3 722 737 744
3 1029 1032 5240
3 692 693 722
3 5291 3375 5349
3 937 938 939
3 5220 4986 5294
3 3710 4716 5231
3 1086 1226 1861
3 3473 3464 5225
3 3232 3231 3681
3 1173 1312 5168
3 1956 2239 5255
3 965 846 5237
3 681 682 692
3 655 653 668
3 1410 1409 2101
3 1300 1301 1424
3 2468 3555 5253
3 2051 2556 2612
3 3431 3432 5174
3 3017 3025 3026
3 679 667 680
3 4732 1226 5271
3 439 440 441
3 5172 2114 5268
3 941 948 949
3 1127 1128 1129
3 1132 1135 5451
3 2507 2174 3195
3 2477 1997 3124
3 2806 3053 3580
3 604 2352 5193
3 5190 601 5193
3 3617 3618 3965
3 1370 1532 5280
3 484 485 486
3 2017 3317 5183
3 451 467 1577
3 1429 1541 5224
3 1042 4937 5364
3 495 500 4588
3 3297 3861 5136
3 2282 3313 5182
3 2144 1922 2145
3 3015 3016 3017
3 5192 1216 5339
3 5304 4188 5365
3 1168 1165 5297
3 1388 1387 1544
3 962 1084 5322
3 641 650 651
3 1324 1433 5320
3 535 536 5046
3 4826 3040 5496
3 939 940 941
3 1696 1697 1698
3 2269 2646 5215
3 1302 1262 1303
3 1157 1224 5303
3 475 474 476
3 1540 2492 2552
3 846 848 5237
3 5332 2600 5400
3 3782 3153 3783
3 3627 2775 5404
3 584 586 5186
3 3452 3454 3470
3 1084 5038 5322
3 2837 3431 3747
3 1339 1341 5298
3 645 673 5233
3 1573 1345 1574
3 3162 3069 5246
3 1472 1473 1947
3 1881 4274 5556
3 2464 2210 2743
3 4420 1011 5398
3 1422 1412 5230
3 594 637 5242
3 3474 3473 3637
3 1424 1301 1426
3 2002 1918 2003
3 2102 2457 5228
3 3798 3638 3799
3 3496 3495 3497
3 2301 2302 2303
3 1224 5272 5303
3 2337 2340 5203
3 634 588 5235
3 1310 1571 4138
3 949 950 951
3 1930 2133 2134
3 1175 1136 2364
3 473 472 474
3 4969 2524 5248
3 3067 3109 5246
3 3749 3125 3750
3 5035 2600 5332
3 1623 1976 5304
3 4986 1817 5294
3 1869 592 5242
3 919 453 5219
3 590 1869 5235
3 5157 2182 5321
3 5171 1251 5320
3 523 524 525
3 1039 1042 5364
3 5296 3630 5360
3 2526 2543 5248
3 3062 3064 5251
3 2984 2982 5189
3 1261 1262 1302
3 1967 1544 2064
3 1861 1862 1863
3 5294 1817 5323
3 5109 4967 5342
3 1304 614 5287
3 673 714 5233
3 5362 3051 5370
3 1263 5183 5261
3 3013 3014 3015
3 3125 3124 5232
3 2543 2528 5247
3 1340 1339 1409
3 2844 2021 5302
3 457 1289 5177
3 4171 4169 4172
3 1303 1852 5316
3 3109 3065 5251
3 1654 1655 1656
3 1598 1595 5283
3 675 676 681
3 4945 2905 5214
3 1221 1219 5365
3 1863 1864 1999
3 3152 3782 3784
3 3046 645 5233
3 3275 2980 5140
3 1124 1125 1127
3 2524 2526 5248
3 572 574 1878
3 2806 2251 3053
3 1071 2361 5331
3 2405 5624 5644
3 446 3091 5310
3 588 590 5235
3 1132 1130 1133
3 681 4381 5368
3 1134 1133 1137
3 3088 2210 5290
3 1935 1937 2209
3 2643 2771 3381
3 3274 3942 3953
3 2530 2801 5247
3 3196 3820 5210
3 3093 2959 5321
3 439 441 1884
3 2801 2532 5249
3 1032 1093 5240
3 525 526 528
3 592 594 5242
3 4991 4891 5383
3 1414 1395 1415
3 1982 1573 5245
3 3196 3195 3818
3 540 542 1199
3 3432 3435 5174
3 4467 4305 5442
3 1889 2118 5256
3 2437 4899 5252
3 4080 1920 5420
3 758 759 760
3 1129 1128 1130
3 2714 3299 5144
3 5717 3407 5795
3 1512 4560 5455
3 3052 5308 5342
3 1657 1656 1658
3 471 470 472
3 2534 3185 5249
3 3196 3818 3820
3 953 954 955
3 1337 1417 1419
3 2065 1544 5260
3 1883 1889 5256
3 3979 3978 3980
3 1984 1985 2188
3 2528 2530 5247
3 1984 1414 1985
3 4733 5271 5388
3 475 476 477
3 5138 1409 5298
3 915 921 1010
3 1397 4520 5288
3 4634 5435 5437
3 5110 1851 5465
3 1184 5141 5266
3 528 529 530
3 3738 3048 5372
3 2858 538 5335
3 2625 2132 5228
3 1474 1445 5513
3 3149 3483 5485
3 2532 2534 5249
3 473 474 475
3 3009 3008 3010
3 530 531 532
3 2758 3201 3672
3 2167 1570 2576
3 626 640 641
3 532 533 535
3 1069 1060 5271
3 5165 3879 5326
3 3380 5192 5339
3 913 5097 5307
3 4499 4498 5449
3 951 952 953
3 437 438 439
3 1337 1338 1417
3 1251 1324 5320
3 5320 1433 5389
3 2503 2145 2683
3 453 455 5219
3 3152 2492 3153
3 443 445 446
3 5995 5189 6005
3 4903 3511 5523
3 3463 3473 3474
3 446 447 448
3 1417 1418 1930
3 3069 3067 5246
3 1690 1692 1693
3 471 472 473
3 1930 1931 2133
3 2157 2232 2736
3 2921 4920 5330
3 2959 2957 5321
3 1361 1356 5281
3 2168 2462 5328
3 641 640 650
3 4767 5468 5494
3 1415 2216 2217
3 4173 4172 4316
3 1011 1012 5398
3 1156 1112 5266
3 2239 2682 5255
3 1127 1125 1128
3 1212 5303 5411
3 1155 1229 1336
3 429 431 4450
3 1336 1337 5289
3 3055 2342 5253
3 2350 1156 5266
3 2771 3570 3626
3 5527 884 5573
3 3038 5081 5308
3 2986 3257 5244
3 2643 2644 2771
3 3124 1997 5208
3 801 5291 5349
3 5462 2855 5494
3 3458 3460 3465
3 2957 5157 5321
3 3217 3998 5386
3 1635 2030 5470
3 668 653 5375
3 760 761 762
3 1393 1358 1411
3 2303 2304 2305
3 963 962 5322
3 744 844 5274
3 3257 2984 5189
3 2434 1422 5230
3 1412 1413 5230
3 1995 2353 5389
3 3103 5429 5453
3 3102 1138 5354
3 2007 1947 2014
3 3042 5296 5360
3 1817 5127 5323
3 3052 5342 5387
3 762 763 911
3 2143 2368 3229
3 707 709 5374
3 901 429 4450
3 3519 4809 6202
3 2848 722 5274
3 1426 2205 5188
3 455 5177 5219
3 2044 1598 5283
3 2409 2438 3499
3 2133 1931 5139
3 1086 1861 5254
3 4142 4141 5461
3 1381 1303 5316
3 5250 3160 5564
3 2996 2994 3023
3 3074 3072 5326
3 2714 3123 3299
3 3079 3074 5326
3 709 5026 5374
3 5148 1196 5331
3 2582 2291 5338
3 2644 2133 5139
3 1000 1153 1155
3 3639 3638 3798
3 2340 3054 5203
3 1941 1943 2358
3 2255 2476 2571
3 532 535 602
3 3617 3026 3618
3 2824 2821 5275
3 3065 3062 5251
3 1341 1953 5298
3 841 942 5317
3 4227 3114 5356
3 2667 2729 2730
3 3218 2577 3219
3 676 661 5430
3 160 161 5341
3 2722 2367 3188
3 1153 2357 5306
3 2073 2075 2679
3 762 911 913
3 2134 2133 2643
3 3474 3637 3638
3 949 951 1183
3 2582 5338 5343
3 4005 2582 5343
3 1077 1079 5282
3 2307 2305 2422
3 2608 3385 5424
3 1657 1658 4469
3 5178 843 5317
3 1136 1134 5295
3 5428 2091 5457
3 2417 2666 2667
3 1424 1426 5188
3 1089 5200 5418
3 1573 1574 5245
3 3072 5165 5326
3 2988 2986 5244
3 2226 2229 3233
3 1112 1184 5266
3 528 530 2359
3 1472 2007 5478
3 1305 5606 5631
3 546 548 606
3 4503 1868 5394
3 1336 1229 1337
3 2153 2155 2721
3 756 758 2354
3 3379 5339 5383
3 626 625 640
3 1079 1256 5282
3 1574 2477 5245
3 614 613 625
3 580 581 582
3 1800 819 5437
3 3049 2844 5337
3 1216 5078 5339
3 1273 1175 5292
3 3416 3803 3814
3 3298 4475 5369
3 913 999 1000
3 614 625 626
3 1155 1153 1229
3 608 613 614
3 3253 2552 5234
3 2912 3538 5293
3 3262 3261 4223
3 568 570 615
3 5200 4739 5418
3 1392 1284 5411
3 2205 1883 5256
3 5102 5332 5400
3 2348 5488 5559
3 5129 1077 5282
3 608 607 613
3 927 929 1001
3 3103 3094 5429
3 1130 1128 1874
3 1088 5585 5591
3 5102 3037 5332
3 3435 3523 5174
3 843 841 5317
3 1137 1133 1138
3 2907 2909 5293
3 1658 1661 4469
3 580 579 581
3 578 579 580
3 3093 5321 5396
3 4158 2811 5351
3 1646 1645 1710
3 5392 4301 5471
3 1226 1069 5271
3 602 607 608
3 1958 1960 2551
3 4973 801 5349
3 5349 3375 5362
3 1962 2022 2511
3 1000 999 1153
3 2944 2486 5419
3 446 445 447
3 1409 1339 5298
3 2308 2309 5285
3 1994 1633 2079
3 5425 3385 5440
3 1893 1438 5290
3 5056 2400 5501
3 3965 3618 3966
3 2844 5302 5337
3 1338 1229 5306
3 1532 2093 5280
3 1356 1354 5300
3 2572 2476 5541
3 1525 1361 5281
3 469 470 471
3 1540 1538 2492
3 2303 2302 2304
3 3017 3016 3025
3 3089 3727 5284
3 602 535 607
3 5260 1387 5292
3 2726 2084 4598
3 1972 2416 2417
3 1833 5109 5342
3 2900 5122 5450
3 3252 2743 5284
3 4200 2951 5384
3 722 744 5274
3 566 568 4811
3 3201 2757 3825
3 1312 1204 5319
3 2552 2492 3152
3 923 925 1887
3 1254 1255 1261
3 578 577 579
3 3090 3088 5344
3 2730 3205 3206
3 509 511 1896
3 3496 3498 5392
3 3254 2988 5244
3 5119 5035 5332
3 2743 3089 5284
3 913 911 999
3 1261 1255 1262
3 1864 1956 5278
3 2766 2221 3558
3 4666 4456 5445
3 435 436 437
3 2470 5203 5386
3 3750 3125 5232
3 2469 2693 5309
3 4456 3047 5486
3 3152 3153 3782
3 1625 1397 5288
3 1016 1018 5448
3 562 564 754
3 5253 3555 5367
3 523 525 527
3 3037 5119 5332
3 1137 5168 5295
3 653 651 5375
3 619 618 5380
3 635 3046 5380
3 3303 2824 5275
3 3056 2044 5283
3 1337 1419 5289
3 461 464 5459
3 1196 1159 5331
3 2431 2472 5305
3 817 5158 5437
3 5308 1833 5342
3 576 577 578
3 1134 1137 5295
3 643 3983 5867
3 937 939 1067
3 2909 2912 5293
3 4891 2248 5395
3 3375 2597 5362
3 3011 3010 3012
3 1392 5411 5441
3 2571 2572 3415
3 1438 1525 5290
3 3025 3016 3306
3 2251 1625 5288
3 2299 2300 2301
3 1125 1123 1139
3 3216 2692 5360
3 1559 4396 5577
3 2570 2308 5285
3 1122 1123 1124
3 2093 2561 5280
3 5377 3340 5390
3 5011 5320 5389
3 2556 2837 5333
3 1354 1357 5300
3 3015 3014 3016
3 3055 5253 5367
3 5472 4690 5484
3 1999 1864 5278
3 2683 3578 5257
3 2365 5584 5604
3 4561 4562 5464
3 2722 3188 3610
3 4299 1860 5491
3 2948 5280 5397
3 5158 4634 5437
3 5410 3400 5468
3 3961 1657 4469
3 2612 2556 5333
3 651 650 5340
3 1467 1472 5478
3 1021 1022 5458
3 1219 1287 5365
3 2504 1999 5278
3 1159 1071 5331
3 1204 1205 1254
3 3288 3099 5539
3 1173 1174 1204
3 1038 1039 5364
3 2758 3673 5371
3 650 756 5340
3 1137 1138 1173
3 4508 3098 5452
3 5214 2907 5293
3 1387 1273 5292
3 2210 1893 5290
3 1124 1123 1125
3 1701 3984 5841
3 1881 678 5368
3 1038 4880 5446
3 2162 2504 5311
3 3152 3784 5234
3 3013 3012 3014
3 2347 3050 5370
3 3563 3179 5309
3 2472 3565 5305
3 3113 1974 5462
3 3179 2469 5309
3 1123 1121 5352
3 3635 3219 3853
3 3257 5189 5995
3 4520 2091 5428
3 1984 2188 5471
3 5110 5465 5497
3 5228 2457 5372
3 576 575 577
3 5303 4412 5411
3 4028 3303 5275
3 3044 2431 5305
3 5245 3384 5378
3 1933 1935 5318
3 2113 2178 5425
3 2248 2555 5422
3 544 4087 6155
3 1886 1162 5315
3 3572 3571 5359
3 3474 3639 5345
3 2368 2367 2722
3 1956 5255 5278
3 2174 2162 5311
3 5194 3058 5407
3 2949 729 5434
3 471 473 764
3 614 626 5287
3 2758 2757 3201
3 574 575 576
3 3379 5383 5395
3 5281 1356 5300
3 1116 1117 1118
3 5226 3340 5377
3 459 461 5412
3 2301 2300 2302
3 2462 3274 5328
3 1254 1205 1255
3 1162 1252 5315
3 513 515 534
3 1036 1038 5446
3 746 907 5434
3 5203 3054 5386
3 3053 2251 5288
3 1175 2364 5292
3 5574 3412 5581
3 1174 3102 5347
3 657 655 5314
3 1325 5191 5379
3 1173 1138 1174
3 5585 4629 5591
3 2364 1136 5295
3 3048 5228 5372
3 2182 5040 5396
3 3332 3331 3931
3 1628 1626 5393
3 728 707 5374
3 5321 2182 5396
3 3567 3306 3660
3 5395 2248 5422
3 3049 5337 5376
3 675 681 5368
3 1570 1534 5325
3 2693 2206 5378
3 3267 3268 3796
3 1252 1340 5315
3 1204 1174 1205
3 5139 1933 5318
3 3195 2174 5311
3 428 427 429
3 3050 5362 5370
3 574 573 575
3 2837 3747 5333
3 3229 2368 3551
3 931 933 1890
3 2552 3152 5234
3 4138 1571 5415
3 3025 3306 3567
3 655 668 5314
3 2483 2079 2573
3 3484 2570 5285
3 1876 657 5314
3 441 443 5310
3 1985 1414 5324
3 678 675 5368
3 3555 3557 5367
3 2235 2253 2256
3 572 573 574
3 3969 3049 5376
3 2347 5370 5390
3 2813 2412 5385
3 1868 5175 5394
3 4564 4497 5488
3 1902 5520 5548
3 5331 2361 5452
3 4698 1392 5441
3 5869 3595 6369
3 976 1090 5388
3 756 2354 5340
3 963 5618 5663
3 1286 1205 5347
3 3796 3268 3893
3 1650 1651 1652
3 3014 3012 3290
3 3897 3187 5363
3 4150 1916 5507
3 1414 1415 5324
3 3002 3000 3021
3 618 635 5380
3 3567 3660 3740
3 572 571 573
3 570 571 572
3 1229 1153 5306
3 3744 3055 5367
3 5283 1596 5407
3 4767 5000 5468
3 3460 3463 5345
3 3287 5423 5424
3 1415 3108 5324
3 3169 5704 5711
3 4615 5764 5765
3 3104 3052 5387
3 1025 1026 5475
3 1117 2297 5329
3 2404 3199 3491
3 5339 5078 5383
3 433 434 435
3 4034 5428 5457
3 5485 3483 5728
3 1536 5188 5358
3 2191 2716 6137
3 3129 3128 5520
3 3340 2347 5390
3 4967 2545 5387
3 1060 976 5388
3 1122 1121 1123
3 2178 3086 5425
3 500 501 5350
3 1706 5149 5557
3 359 323 3661
3 4121 4119 5877
3 2457 3186 5372
3 5780 3517 5790
3 1411 1358 4825
3 1982 5245 5378
3 570 569 571
3 5288 4520 5428
3 2847 6064 6205
3 5271 1060 5388
3 2600 5019 5400
3 1935 2209 5318
3 1880 2257 4304
3 1204 1254 5319
3 1690 1689 1692
3 5078 4991 5383
3 3832 6185 6417
3 1884 441 5310
3 651 5340 5375
3 2143 3229 5334
3 431 432 433
3 2583 2584 5496
3 3170 5700 5704
3 568 569 570
3 2160 3105 5406
3 5387 2545 5402
3 3486 2789 5493
3 1671 1673 1674
3 1433 1995 5389
3 2304 2302 2757
3 3738 5372 5438
3 1965 1964 2231
3 2304 2757 2758
3 3104 5387 5402
3 568 615 4811
3 1571 4301 5392
3 2206 1982 5378
3 3378 3379 5395
3 3398 2775 3627
3 3381 2771 5346
3 1538 1536 5358
3 428 429 901
3 1534 4387 5325
3 1118 1117 5329
3 556 558 611
3 3187 2458 5474
3 3006 3004 3255
3 3618 3026 5366
3 3279 2827 3981
3 661 659 5430
3 3026 3025 5366
3 2573 3332 5404
3 3274 3953 5328
3 2186 2187 2234
3 5329 4200 5352
3 685 5110 5497
3 1012 1068 5398
3 550 552 1895
3 517 519 1899
3 1121 5329 5352
3 2576 1570 5325
3 3399 2614 5473
3 5400 5019 5431
3 3054 3217 5386
3 3463 3474 5345
3 2143 2367 2368
3 2332 5114 5535
3 501 504 5350
3 3010 3008 3278
3 1571 5392 5415
3 5389 2353 5429
3 568 567 569
3 443 446 5310
3 3153 2492 5358
3 2144 2145 2503
3 5564 3160 5584
3 1063 1886 5433
3 2002 2003 2186
3 566 567 568
3 5565 3402 5568
3 3399 5462 5494
3 5999 1231 6319
3 564 563 565
3 3586 3103 5453
3 564 565 566
3 562 563 564
3 2926 4698 5463
3 3654 3104 5402
3 566 565 567
3 5175 2949 5394
3 1164 5254 5442
3 3056 5283 5407
3 2375 2373 2376
3 2309 2307 5355
3 3465 3460 5345
3 562 561 563
3 2030 3911 5470
3 3293 3093 5396
3 4698 5441 5463
3 2771 3626 5346
3 2455 2454 2456
3 4843 4842 5634
3 612 507 5373
3 2384 4384 5629
3 2573 3330 3331
3 4722 3319 5417
3 3319 4763 5417
3 4634 4632 5435
3 4419 4417 5502
3 3115 3891 5399
3 1770 4515 6059
3 2075 2153 5357
3 5190 5193 5414
3 5193 2352 5414
3 5279 1066 5410
3 2561 3296 5397
3 3085 5102 5400
3 1284 1212 5411
3 5298 1953 5406
3 2305 2304 5371
3 5159 685 5521
3 3378 5395 5422
3 2253 2255 5416
3 2422 2305 5371
3 2486 2604 5419
3 5313 3445 5413
3 2307 2422 5355
3 1133 1130 5354
3 5148 5331 5452
3 5158 1089 5418
3 3595 2575 3596
3 5317 942 5433
3 5179 5317 5433
3 560 561 562
3 5429 2353 5453
3 3085 5400 5431
3 1696 1693 1697
3 1066 5205 5410
3 4631 2113 5440
3 2190 5324 5546
3 4951 2608 5423
3 5280 2561 5397
3 1289 459 5412
3 2234 2235 5408
3 4632 4631 5432
3 3053 5288 5428
3 2679 2075 5357
3 5194 5407 5506
3 5424 3385 5425
3 5445 4456 5486
3 560 559 561
3 5535 5114 5549
3 3825 2757 5403
3 4972 3378 5422
3 5555 3410 5560
3 1139 1123 5352
3 5282 4666 5445
3 1654 1652 1655
3 525 528 5361
3 2730 2729 3205
3 3911 3910 3913
3 2926 5463 5480
3 1650 1648 1651
3 2573 2079 3330
3 5019 4940 5431
3 2492 1538 5358
3 3277 2926 5480
3 2143 2142 2367
3 3552 5972 5987
3 552 553 554
3 1921 2142 2143
3 2667 2666 2729
3 3094 5011 5429
3 558 557 559
3 5432 4631 5440
3 4602 691 5476
3 2153 2721 5357
3 18 5493 6350
3 5059 3085 5431
3 5411 4412 5441
3 528 2359 5361
3 1860 701 5491
3 5129 5282 5445
3 3925 6087 6400
3 1205 1174 5347
3 5124 2842 5499
3 1664 1662 1675
3 4510 3045 5456
3 3159 5637 5652
3 1674 1676 1677
3 2304 2758 5371
3 5392 3498 5415
3 4970 403 6114
3 3496 5392 5471
3 819 817 5437
3 2417 2416 2666
3 3386 5432 5440
3 5138 5298 5406
3 4657 3107 5527
3 558 559 560
3 1953 2160 5406
3 3092 5190 5414
3 309 2031 3752
3 3058 3056 5407
3 3142 3501 3895
3 4412 3389 5441
3 527 525 5361
3 729 746 5434
3 2571 3415 3417
3 3417 3415 3837
3 554 553 555
3 3385 3386 5440
3 5100 1800 5435
3 659 1876 5430
3 2954 2956 5515
3 1796 133 5523
3 2144 2503 2708
3 134 4903 5523
3 3386 5100 5432
3 5372 3186 5438
3 5159 5521 5538
3 3885 3884 5508
3 3025 3567 5366
3 1395 1393 5348
3 556 555 557
3 5088 5279 5410
3 3169 3170 5704
3 1842 5159 5538
3 1102 4468 5645
3 5185 4352 5506
3 4508 5472 5484
3 1029 5240 5475
3 3579 5273 5701
3 532 602 5444
3 5406 3105 5474
3 1130 1874 5354
3 2503 2683 2703
3 1138 1133 5354
3 3515 2617 3516
3 2300 2298 2755
3 1135 2803 5451
3 2359 530 5444
3 3184 3169 5711
3 1121 1118 5329
3 1679 1677 1694
3 691 680 5476
3 4498 4502 5449
3 942 1063 5433
3 1018 1021 5448
3 556 557 558
3 4034 3053 5428
3 705 728 5509
3 504 505 5503
3 5183 3317 5469
3 1231 1036 5446
3 4508 5452 5472
3 3045 5212 5456
3 3205 2729 3841
3 5237 4690 5472
3 5432 5100 5435
3 5011 5389 5429
3 2297 2298 2299
3 530 532 5444
3 5275 2820 5466
3 5431 4940 5460
3 2855 4767 5494
3 685 5497 5521
3 4499 5449 5495
3 3123 2216 5348
3 2408 2406 2410
3 2255 2571 5416
3 554 555 556
3 2666 2416 2668
3 3808 3807 5533
3 2374 3226 3227
3 5468 3400 5494
3 5114 1065 5549
3 426 427 428
3 4320 665 5562
3 2515 3495 3496
3 3186 3896 5438
3 5297 1164 5442
3 3914 3913 3915
3 2257 2258 2471
3 3409 2688 3957
3 1917 4336 5454
3 4632 5432 5435
3 5014 5013 5570
3 3803 3573 6013
3 1671 1670 1673
3 1633 1630 5447
3 1551 901 1964
3 1116 1115 1117
3 2186 2234 3134
3 5059 5431 5460
3 433 435 643
3 2091 4640 5457
3 1921 1922 2142
3 4864 1467 5478
3 2820 4409 5466
3 5122 1842 5450
3 4940 2028 5460
3 2606 5129 5445
3 2142 1922 2144
3 3188 2367 5405
3 5441 3389 5463
3 4560 4561 5455
3 1559 1466 4395
3 1685 1686 1687
3 5254 4467 5442
3 4594 4592 5730
3 3134 2234 3135
3 3417 3837 3838
3 2299 2298 2300
3 1948 2499 5578
3 1658 1659 1660
3 2703 2683 5257
3 1065 5121 5569
3 2401 2403 2405
3 1120 1118 1121
3 5460 2028 5467
3 2235 2256 5408
3 4417 5397 5502
3 1972 1918 2002
3 1022 1025 5458
3 2216 1395 5348
3 2240 2242 5511
3 1921 1920 1922
3 1393 1411 5348
3 4941 2332 5518
3 2033 312 3687
3 3134 3135 3677
3 3586 5453 5479
3 2371 2372 2373
3 3139 4508 5484
3 3227 3228 3581
3 1646 1710 5401
3 2353 5135 5453
3 379 285 5558
3 3133 3131 5552
3 4009 4011 6378
3 5358 5188 5483
3 286 1762 5558
3 1919 1921 5334
3 2403 2402 2404
3 5512 3961 5738
3 4172 5313 5413
3 1896 511 5427
3 5728 3483 5756
3 4316 4172 5413
3 1113 322 3696
3 3783 3153 5483
3 3086 5424 5425
3 1010 921 5490
3 5481 2707 5529
3 2827 2389 3142
3 3205 3841 3842
3 5088 5410 5468
3 1972 2002 2416
3 5563 2126 5619
3 3748 2635 3935
3 2350 5266 5443
3 5131 2078 5515
3 1658 1656 1659
3 5689 2420 5791
3 428 901 1551
3 1632 1635 5470
3 2404 3491 3492
3 534 515 5426
3 3123 5348 5536
3 4592 4593 5734
3 2426 1908 3428
3 317 2032 3691
3 5393 2202 5481
3 3346 5183 5469
3 1917 1918 1972
3 2256 2253 5416
3 1551 1964 1965
3 3033 5327 5577
3 2348 1900 5548
3 1902 1901 5542
3 5138 5406 5474
3 5131 5515 5533
3 907 5187 5495
3 3391 5460 5467
3 4414 4413 5597
3 3391 5059 5460
3 2744 2228 3256
3 1974 2855 5462
3 5212 1860 5456
3 2483 2573 5404
3 1674 1673 1676
3 1917 1916 1918
3 3098 5148 5452
3 4562 4594 5464
3 5266 5141 5443
3 2028 2414 5467
3 887 891 5560
3 1698 1699 1702
3 4975 2329 5551
3 2078 5126 5515
3 5587 4990 5592
3 1677 1676 5454
3 3389 3388 5463
3 1676 1673 1916
3 4504 4499 5559
3 2614 4910 5473
3 3306 5964 6297
3 1904 2037 5542
3 2515 3171 3495
3 2367 2142 5405
3 3862 4148 5579
3 3914 3916 3917
3 3931 3331 5529
3 606 548 5421
3 2223 5686 5695
3 5000 5088 5468
3 5412 461 5459
3 2687 2211 2688
3 1117 1115 2047
3 5571 4139 5621
3 513 534 5427
3 2826 3515 3699
3 923 1887 5490
3 3153 5358 5483
3 3374 4304 5625
3 1013 1008 5580
3 4028 5275 5466
3 3392 3391 5467
3 750 4203 5693
3 3165 3828 5597
3 4095 4096 5611
3 5423 2608 5424
3 3964 3149 5485
3 2606 5445 5486
3 3917 3916 3918
3 2405 2406 2407
3 2169 1126 2355
3 3113 5462 5473
3 2471 2717 2765
3 2739 2846 5500
3 2007 2356 5478
3 5348 1411 5536
3 5463 3388 5480
3 2515 3496 5471
3 548 550 5421
3 515 517 5426
3 1117 2047 2297
3 2454 1970 4001
3 881 886 5568
3 3266 3264 3569
3 517 1899 5426
3 5592 1818 5593
3 2302 2300 5403
3 5067 5089 5570
3 3581 3683 3848
3 2796 2700 2797
3 5679 4521 5785
3 2698 2699 2700
3 1670 1668 1672
3 1921 2143 5334
3 5293 3538 5465
3 5462 3399 5473
3 426 425 427
3 5214 5293 5465
3 2401 2400 2402
3 4690 1299 5484
3 1168 5297 5530
3 5723 4594 5730
3 1026 1029 5475
3 3317 5085 5469
3 3122 3139 5504
3 5734 4593 5742
3 3483 3484 5756
3 1676 1916 1917
3 5256 5146 5519
3 2407 2408 2440
3 2519 2635 3231
3 5755 5307 5797
3 1600 1599 5489
3 1114 1115 1116
3 3388 3390 5480
3 2440 2617 2826
3 5493 5590 6350
3 1007 947 5602
3 3809 2720 6270
3 5121 4990 5587
3 2061 199 5575
3 4225 4437 5653
3 2079 1633 5447
3 912 915 5528
3 3595 3596 3844
3 5407 1596 5506
3 2571 3417 5416
3 2361 5237 5472
3 5569 5121 5587
3 680 1535 5476
3 1851 5214 5465
3 2757 2302 5403
3 200 392 5575
3 5453 5135 5479
3 4497 4504 5488
3 511 513 5427
3 2766 3558 3559
3 921 923 5490
3 2846 2399 2847
3 1685 1683 1686
3 3135 2234 5408
3 3783 5483 5519
3 4336 3097 5477
3 5135 3494 5479
3 2433 3033 3034
3 1710 2370 2371
3 4926 4928 5590
3 5827 3486 5836
3 5397 3296 5502
3 2012 2518 2519
3 5730 4592 5734
3 3136 3113 5534
3 1125 1139 5514
3 1919 1659 1920
3 879 884 5574
3 3136 5534 5547
3 5452 2361 5472
3 5794 6189 6258
3 2789 4926 5493
3 2576 4674 5571
3 2037 1989 5566
3 1691 1686 2400
3 2458 5138 5474
3 1874 1128 5514
3 3581 3228 3683
3 5465 3538 5497
3 695 1881 5556
3 1676 1917 5454
3 2401 2402 2403
3 701 703 5491
3 875 877 5581
3 3400 3399 5494
3 2755 2298 5598
3 3810 2847 3811
3 731 699 5556
3 747 1200 5613
3 2826 2617 3515
3 4464 4477 5606
3 5549 1065 5569
3 3140 2606 5486
3 2297 2047 2298
3 5484 1299 5504
3 1694 1677 5454
3 1919 1920 1921
3 3951 4320 5562
3 3331 5481 5529
3 2142 2144 5405
3 2634 5662 5682
3 1648 1646 5401
3 4990 1818 5592
3 3040 2583 5496
3 3231 2635 3748
3 2144 2708 5405
3 3868 400 6165
3 3227 3226 3228
3 5473 4910 5534
3 4094 4091 5550
3 2365 4795 5584
3 550 1895 5421
3 5336 912 5528
3 2405 2403 2406
3 2409 3499 5505
3 2030 3910 3911
3 2300 2755 5403
3 927 1001 5537
3 5449 907 5495
3 2842 3589 5499
3 2061 5953 5981
3 362 3597 3745
3 1884 4185 5809
3 5187 5112 5495
3 5475 5240 5583
3 4564 5488 5548
3 2451 2575 3247
3 2577 2576 5571
3 5455 4561 5716
3 4221 3120 5667
3 5188 2205 5483
3 3330 2079 5447
3 1887 925 5537
3 422 4672 6040
3 4040 606 6384
3 3300 3136 5547
3 4499 5495 5559
3 5518 2332 5535
3 2698 2456 2699
3 2191 2190 2669
3 3538 3539 5497
3 2373 2372 2374
3 63 369 5659
3 3139 5484 5504
3 2438 2439 2451
3 3914 3915 3916
3 3112 3969 5645
3 2407 2406 2408
3 3272 3033 5577
3 3122 5504 5518
3 3662 5482 5709
3 3911 3913 3914
3 1687 1686 1691
3 2440 2408 2617
3 5297 3333 5530
3 3113 5473 5534
3 5233 2126 5563
3 4959 5591 5593
3 2002 2186 5439
3 3247 2575 3595
3 2451 2439 2575
3 1299 4923 5504
3 4006 4002 5675
3 1691 2400 2401
3 2188 2513 2515
3 3296 5136 5502
3 3144 3393 5618
3 5483 2205 5519
3 5491 703 5509
3 4622 4620 5513
3 1660 1659 1919
3 3797 3101 3843
3 2316 485 5601
3 3410 3126 5565
3 1818 4959 5593
3 1651 1648 5401
3 505 612 5503
3 1596 5185 5506
3 5871 4004 6028
3 1656 1655 5420
3 2668 2416 5439
3 3138 3619 5830
3 703 705 5509
3 3657 3623 5654
3 5509 728 5596
3 4146 5336 5528
3 175 393 5612
3 5624 3428 5644
3 2416 2002 5439
3 1594 4307 5524
3 1706 1699 1707
3 4352 4350 5605
3 2374 2372 3198
3 4493 5596 5623
3 2376 2373 5436
3 3145 4629 5585
3 1658 1660 1661
3 424 426 5615
3 1698 1697 1699
3 1472 1947 2007
3 1881 5368 5544
3 4296 4294 5643
3 479 480 5601
3 3846 3143 3847
3 3095 3283 5609
3 4257 1594 5524
3 5464 4594 5723
3 3226 3198 3867
3 2012 1707 2221
3 3888 3885 5508
3 4959 1088 5591
3 6005 3275 6016
3 1128 1125 5514
3 5189 3275 6005
3 1411 4826 5536
3 5488 2348 5548
3 3263 3262 3264
3 5215 3397 5567
3 2186 3134 5439
3 1663 1662 1664
3 4897 2651 5516
3 2190 1985 5324
3 5497 3539 5521
3 2739 2399 2846
3 3128 4564 5520
3 4466 62 5659
3 2242 3044 5511
3 2374 3198 3226
3 5599 3917 5639
3 2407 3521 5624
3 2438 2426 2439
3 2518 2221 2766
3 2766 3559 4192
3 3282 3886 5667
3 480 465 5603
3 5504 4923 5518
3 4923 4941 5518
3 2371 2370 2372
3 5126 2954 5515
3 4615 5765 5767
3 4403 4672 5834
3 133 134 5523
3 3808 5533 5543
3 2519 2518 2635
3 1692 1908 2409
3 2499 3288 5578
3 2409 2426 2438
3 5803 3535 5807
3 3936 3411 5525
3 3414 3413 5630
3 3107 3412 5527
3 1659 1656 5420
3 3573 2572 5541
3 4613 4615 5767
3 4493 4300 5596
3 111 380 5588
3 1870 458 5622
3 4384 4385 5583
3 1692 1689 1908
3 451 1577 5608
3 4613 5767 5769
3 3959 3960 5512
3 1001 929 5576
3 3539 3541 5521
3 4625 4657 5573
3 3864 2745 5610
3 1702 1699 1706
3 1710 1645 2370
3 5495 5112 5559
3 3402 4625 5573
3 4611 4613 5769
3 2846 2847 3810
3 2404 3492 5487
3 3185 2536 5616
3 4616 5742 5764
3 2433 2052 3033
3 1693 1692 5505
3 3034 3033 3272
3 456 462 5622
3 2205 5256 5519
3 4842 96 5634
3 4164 3123 5536
3 5675 3315 6354
3 3126 3402 5565
3 4381 4379 5544
3 3121 3122 5535
3 4350 4348 5626
3 1631 5599 5639
3 3411 3410 5555
3 5586 3682 5826
3 4611 5769 5771
3 97 407 5634
3 4910 2773 5534
3 925 927 5537
3 5534 2773 5547
3 5551 3411 5555
3 1261 1479 5628
3 2410 2406 5487
3 3387 5563 5619
3 2374 3227 5436
3 447 445 5608
3 378 4057 5607
3 4609 4611 5771
3 13 3813 6312
3 5058 1168 5530
3 5105 1836 5642
3 3734 4404 6072
3 2373 2374 5436
3 5584 3160 5604
3 3497 3495 6099
3 2261 1629 5639
3 1697 1693 5505
3 4609 5771 5774
3 1661 1660 1662
3 3807 5131 5533
3 5380 3046 5553
3 2403 2404 5487
3 5521 3541 5538
3 5368 4381 5544
3 3541 3970 5538
3 4607 4609 5774
3 931 1890 5576
3 3141 3140 5540
3 915 1010 5528
3 29 1770 5647
3 405 28 5647
3 1901 1904 5542
3 4348 4347 5655
3 2409 1908 2426
3 482 478 5633
3 3159 2385 5637
3 2329 5525 5551
3 2773 3204 5547
3 1512 5455 5711
3 2012 2221 2518
3 1706 1707 2012
3 2956 3933 5543
3 2188 2515 5471
3 3121 5535 5549
3 3181 3564 5636
3 1789 69 5666
3 4605 4607 5775
3 5605 4350 5626
3 4385 5475 5583
3 3939 4449 5553
3 5327 1559 5577
3 5478 2356 5498
3 2797 2700 2798
3 4607 5774 5775
3 22 23 5654
3 26 4823 5660
3 4777 4975 5551
3 1900 1902 5548
3 2846 3810 3813
3 1565 5136 5627
3 1920 1659 5420
3 3148 3121 5549
3 3876 4389 5714
3 5194 5506 5605
3 2716 2669 3655
3 2687 2688 3409
3 3987 3308 5685
3 419 25 5660
3 2103 1949 2237
3 4777 5551 5555
3 3915 3921 5860
3 3131 3962 5552
3 5146 2720 5694
3 5782 1771 5783
3 2391 5134 5652
3 3168 3875 5685
3 3999 373 6218
3 4907 1771 5782
3 3312 5105 5676
3 891 4777 5555
3 5756 3484 5759
3 1582 3821 6243
3 1642 1640 5526
3 70 366 5666
3 5344 1525 5589
3 4864 5478 5498
3 1675 1662 5522
3 699 695 5556
3 1661 1662 1663
3 2031 3835 5510
3 3122 5518 5535
3 4449 5380 5553
3 4205 4209 5693
3 285 286 5558
3 297 2761 5670
3 1288 296 5670
3 3728 2673 5661
3 1850 3258 5656
3 886 887 5560
3 5655 4347 5672
3 5516 2651 5594
3 2626 2741 5657
3 884 5527 5574
3 3826 3851 6353
3 5319 1254 5628
3 5433 1886 5564
3 5664 4761 5679
3 236 4844 5674
3 2634 5065 5662
3 3490 5783 5793
3 2352 5209 5648
3 1305 957 5663
3 3161 3482 5682
3 5112 2348 5559
3 5324 3108 5546
3 420 235 5674
3 3110 5196 5656
3 4347 1203 5672
3 3428 1908 5517
3 3956 366 6302
3 4325 4323 5720
3 3412 3145 5585
3 2406 2403 5487
3 2731 3209 3625
3 4384 5583 5629
3 1916 1673 5507
3 1989 2199 5566
3 1886 5250 5564
3 5566 2199 5567
3 3344 4521 5679
3 4300 5509 5596
3 5553 3046 5563
3 1673 1670 5507
3 3616 3116 5681
3 2199 5215 5567
3 1689 1687 5517
3 1577 467 5650
3 3118 3675 5681
3 4252 4551 5733
3 65 66 5688
3 3573 5990 6013
3 5850 13 6224
3 2974 2972 5692
3 2827 3142 3981
3 3077 3079 5668
3 110 111 5588
3 884 881 5568
3 493 488 5554
3 3046 5233 5563
3 2669 2190 5546
3 3677 3135 5562
3 4555 4553 5700
3 4924 2712 5722
3 5013 5067 5570
3 2138 2420 5689
3 1958 2551 5641
3 1670 1672 5507
3 1531 5779 5789
3 1683 1681 5501
3 4148 4149 5579
3 5506 4352 5605
3 3148 5549 5569
3 2400 1686 5501
3 2223 1996 5686
3 3573 5541 5990
3 4198 1945 5641
3 5773 3201 6170
3 5270 3148 5569
3 5455 3184 5711
3 2456 2454 5532
3 1692 2409 5505
3 3246 3935 5833
3 1687 1691 5517
3 3690 3688 6164
3 720 731 5669
3 2396 349 6158
3 5179 5433 5564
3 1686 1683 5501
3 2395 342 6159
3 2394 335 6160
3 3406 2800 3816
3 3339 3676 5698
3 3429 3162 5696
3 877 879 5574
3 1662 1660 5522
3 199 200 5575
3 5540 3140 5595
3 3219 2577 5571
3 471 764 5646
3 3969 1102 5645
3 5470 3911 5599
3 3935 2635 5531
3 4130 3613 6132
3 6016 5140 6025
3 1015 1013 5708
3 4997 5881 6284
3 2691 3216 5697
3 918 742 5677
3 1008 1007 5580
3 3429 5696 5708
3 4277 370 5874
3 1915 100 5707
3 5284 363 6049
3 5596 5211 5623
3 4676 5592 5593
3 5533 2956 5543
3 574 576 5665
3 4897 5516 5620
3 5498 2356 5545
3 929 931 5576
3 2397 356 6163
3 1088 875 5581
3 101 386 5707
3 5179 5564 5584
3 1266 2379 2731
3 4804 5587 5592
3 3275 5140 6016
3 5626 4348 5655
3 5560 3410 5565
3 4676 4804 5592
3 3911 3914 5599
3 5525 3411 5551
3 3672 3201 5773
3 3154 3387 5619
3 3867 2776 5895
3 5137 2365 5604
3 2454 4001 5532
3 5270 5569 5587
3 1890 933 5658
3 4616 5115 5742
3 3259 5414 5648
3 4818 1612 5712
3 4208 5257 6067
3 5527 3412 5574
3 3956 3955 5582
3 5637 3413 5652
3 1609 1608 5712
3 1660 1919 5522
3 2387 4493 5623
3 1919 5334 5522
3 1631 5470 5599
3 3933 3934 5588
3 5591 4630 5593
3 4629 4630 5591
3 4795 5179 5584
3 4630 4676 5593
3 4266 3254 5962
3 2774 2776 5841
3 5649 4017 5882
3 3579 5701 5754
3 1908 1689 5517
3 1645 1642 5526
3 5137 5604 5617
3 4477 3154 5631
3 5240 3141 5583
3 3603 2616 5713
3 5810 1365 5823
3 4035 5759 5821
3 2766 4192 5531
3 2387 5623 5630
3 3741 2765 5482
3 3150 3574 5720
3 3775 2069 3776
3 2651 3502 5594
3 748 918 5699
3 5486 3047 5595
3 3177 2398 5717
3 4804 5270 5587
3 4413 3165 5597
3 3982 3983 5831
3 4295 378 5607
3 4295 3044 5643
3 937 1067 5683
3 769 4624 5718
3 5754 4089 5849
3 1679 1694 5635
3 1525 5281 5589
3 728 5211 5596
3 4450 5867 6057
3 477 483 5705
3 3172 4884 6037
3 2410 3928 5876
3 5326 3879 5640
3 947 906 5602
3 2699 2456 5532
3 485 479 5601
3 5602 906 5613
3 3393 4464 5606
3 1090 916 5706
3 1672 1668 5614
3 2401 2405 5644
3 4101 4102 5715
3 2518 2766 5531
3 3151 4987 5718
3 3487 5595 5739
3 1702 1706 5557
3 3091 3941 5801
3 2499 3099 3288
3 5136 3861 5627
3 424 425 426
3 1923 2620 5723
3 2846 3813 5500
3 3174 2765 3741
3 3823 389 6372
3 5747 3502 5763
3 414 154 5729
3 155 1778 5729
3 1114 1113 1115
3 764 473 5687
3 4836 3943 6359
3 3768 2068 3769
3 3754 2070 3755
3 3761 2071 3762
3 5568 3402 5573
3 3160 3147 5604
3 3750 5232 5910
3 3154 5619 5631
3 465 489 5603
3 4898 4897 5620
3 3992 3929 5844
3 3163 3429 5719
3 963 5322 5691
3 5630 3413 5637
3 5796 2451 5852
3 5583 3141 5629
3 3952 5409 6073
3 5672 1203 5696
3 4835 4836 6374
3 3916 3915 5860
3 4344 4343 5863
3 5273 1655 5701
3 1664 1675 5671
3 3233 2229 3234
3 3489 4160 5760
3 2635 2518 5531
3 3157 4836 6359
3 1947 1948 5578
3 4437 4438 6150
3 5155 3184 5716
3 3501 3143 3846
3 4098 4095 5611
3 382 4859 5741
3 5864 5289 5866
3 3269 3095 5609
3 1368 5137 5617
3 3914 3917 5599
3 2207 3178 5739
3 906 747 5613
3 445 451 5608
3 3796 3992 5844
3 174 175 5612
3 1949 1702 5557
3 4851 1776 5744
3 4840 4841 5744
3 5739 3178 5745
3 3064 5194 5605
3 2471 2765 3174
3 1266 2211 2379
3 2014 1947 5578
3 3509 4790 5724
3 5604 3147 5617
3 1791 109 5749
3 5554 1569 6356
3 5153 5638 5642
3 5056 5501 5635
3 468 3246 5833
3 2806 3580 5726
3 5149 3232 5586
3 4469 4003 5690
3 3219 5571 5621
3 4059 4061 5798
3 3861 4268 5627
3 2536 2538 5616
3 3180 3183 5751
3 1366 1867 5743
3 3170 3144 5618
3 886 5560 5565
3 89 90 5752
3 3064 5605 5626
3 159 160 5753
3 1311 1294 5743
3 5517 1691 5644
3 3147 4642 5617
3 5678 3930 5733
3 3178 3180 5745
3 4071 4069 5798
3 5493 4926 5590
3 5309 4190 6219
3 2765 2717 5709
3 5662 5134 5682
3 3592 4854 6366
3 458 456 5622
3 5526 3946 5680
3 4023 4017 5649
3 2126 5007 5619
3 5153 1368 5638
3 1368 5617 5638
3 4461 2276 5757
3 5590 4928 5862
3 3775 3776 3777
3 5140 3106 6025
3 5346 3626 6141
3 5645 4468 6107
3 5671 1675 5835
3 2620 5464 5723
3 2540 2690 5750
3 5862 2450 5880
3 4686 4687 5761
3 3184 5455 5716
3 5652 5134 5662
3 5623 4444 5630
3 1668 1666 5614
3 3901 3404 5770
3 3140 5486 5595
3 3514 5689 5791
3 3430 3549 6166
3 3558 2221 5736
3 3768 3769 3770
3 5401 4089 5754
3 2370 1645 5526
3 3761 3762 3763
3 4294 4295 5643
3 487 5229 5748
3 1655 1652 5701
3 5211 4444 5623
3 483 481 5748
3 5686 3482 5695
3 3513 5679 5785
3 5581 3412 5585
3 3917 3918 5678
3 6025 3106 6036
3 3853 3219 5621
3 4734 2149 5765
3 5682 3482 5686
3 884 5568 5573
3 1707 1699 5632
3 4444 3414 5630
3 5251 3064 5626
3 4010 3620 6422
3 2006 1475 5762
3 2261 5678 5733
3 5606 1305 5663
3 5751 3183 5757
3 2687 3409 3880
3 478 677 5633
3 421 4010 6422
3 1254 1261 5628
3 5745 3180 5751
3 4156 3430 6175
3 5619 5007 5631
3 5638 3155 5642
3 5617 4642 5638
3 4744 4743 5781
3 2099 1529 5776
3 3700 3702 5855
3 3514 3175 5784
3 3490 3189 5783
3 1531 2621 5779
3 2237 1949 5557
3 3428 5517 5644
3 2009 34 5737
3 2130 1515 5780
3 3142 3143 3501
3 4229 416 5879
3 5007 1305 5631
3 3430 6166 6175
3 3777 3779 3780
3 2426 3428 5702
3 3508 3512 5789
3 5124 5499 5808
3 2444 3507 5791
3 96 97 5634
3 6104 3600 6107
3 3183 3181 5636
3 5099 3173 5778
3 3197 3845 6206
3 1543 2139 5793
3 4704 4706 6420
3 1517 4907 5792
3 2385 2387 5637
3 1697 5505 5632
3 4035 1286 5759
3 3422 3200 5831
3 5595 3047 5739
3 1335 5906 5908
3 3142 2389 3143
3 2796 2797 2799
3 1707 5632 5736
3 4642 3155 5638
3 760 5307 5755
3 3550 4526 5894
3 1950 4893 6112
3 2083 2085 5800
3 3918 3930 5678
3 5360 3630 5710
3 1629 1631 5639
3 3847 3143 5600
3 3171 3880 5815
3 396 4762 5664
3 4762 4761 5664
3 5263 2354 5755
3 2354 758 5755
3 5375 5340 5735
3 3198 5680 5766
3 110 5588 5749
3 1266 6 2211
3 3699 5554 6356
3 4582 4773 6348
3 3828 3166 5673
3 6098 3601 6104
3 3569 3264 5839
3 3950 3952 6073
3 3174 3741 3742
3 469 471 5646
3 2405 2407 5624
3 5541 2476 5957
3 1945 1958 5641
3 28 29 5647
3 467 469 5650
3 1088 5581 5585
3 4262 1225 5884
3 4506 3560 5823
3 5501 1681 5635
3 4154 4156 6187
3 1836 5153 5642
3 3166 4488 5673
3 3291 3210 5802
3 2051 2612 5786
3 1675 5522 5684
3 3079 5326 5640
3 3234 3261 3262
3 3198 2372 5680
3 3600 3728 6107
3 2711 2223 5695
3 6123 6183 6362
3 3258 3259 5651
3 5105 5642 5657
3 3549 4225 5653
3 3413 2391 5652
3 4304 2257 5625
3 3583 4154 6204
3 1550 22 5654
3 3845 3197 6221
3 3549 6153 6166
3 1681 1679 5635
3 4261 4262 5890
3 5223 3408 5803
3 2047 1115 5721
3 3044 5305 5643
3 4535 2067 5726
3 3601 3600 6104
3 2381 2953 5807
3 3751 2711 5703
3 3550 5894 5913
3 5580 1007 5719
3 3902 1703 5758
3 3833 3622 5808
3 3583 6204 6208
3 2673 3110 5661
3 25 26 5660
3 5196 1850 5656
3 5251 5626 5655
3 4228 5375 5735
3 933 935 5658
3 2711 5695 5703
3 3155 2626 5657
3 3254 4266 5955
3 5588 3934 5749
3 5354 1874 5728
3 1316 3852 6189
3 5498 3789 5843
3 4843 5074 6293
3 3109 5251 5655
3 1699 1697 5632
3 5522 5334 5684
3 62 63 5659
3 3429 5580 5719
3 3504 3583 6208
3 4851 3390 6114
3 3109 5655 5672
3 2298 2047 5598
3 5065 3159 5662
3 3696 3697 5721
3 5906 3287 5908
3 2493 2684 5799
3 4548 3504 6213
3 957 963 5663
3 5414 2352 5648
3 373 3997 5947
3 4156 6175 6187
3 469 5646 5650
3 3563 5309 6219
3 4075 4076 5884
3 3925 4041 6087
3 3754 3755 3756
3 3120 3282 5667
3 6141 3626 6211
3 69 70 5666
3 4040 4086 6330
3 5614 1666 5671
3 2389 2103 5600
3 5505 3499 5632
3 370 4278 6119
3 5263 5755 5797
3 4046 2511 6139
3 296 297 5670
3 5164 2195 5830
3 1691 2401 5644
3 2567 2808 5824
3 3083 3077 5668
3 1878 574 5665
3 123 1793 5828
3 398 122 5828
3 5415 3498 5747
3 726 720 5669
3 1874 5485 5728
3 4076 1576 5903
3 3156 3342 5835
3 5499 1288 5808
3 3234 3262 3263
3 4031 4032 5903
3 2516 2192 5824
3 3141 5540 5629
3 2685 3304 5832
3 4962 2262 5832
3 181 395 5834
3 3777 3776 3779
3 3504 6208 6213
3 5724 4790 5857
3 5618 963 5691
3 1009 470 5833
3 2974 5692 6050
3 3834 389 6325
3 4548 6213 6225
3 3870 3868 6165
3 3203 3202 5836
3 2799 2797 2800
3 5635 1694 5746
3 2103 2237 5600
3 439 1884 5809
3 177 178 5838
3 235 236 5674
3 4002 3315 5675
3 306 361 5893
3 2699 5512 5738
3 2261 5639 5678
3 3427 3312 5676
3 5260 5292 5777
3 1419 4081 5905
3 1752 4724 5842
3 4646 4647 5842
3 367 4184 5891
3 4259 4258 5890
3 147 1795 5840
3 5651 3259 6416
3 388 146 5840
3 2700 2699 5738
3 5246 3109 5672
3 4154 6187 6204
3 949 1183 5814
3 742 726 5677
3 3283 5118 5741
3 1666 1664 5671
3 4547 4548 6225
3 3627 5404 5817
3 4073 4074 5934
3 726 5669 5677
3 3593 4547 6234
3 2667 2730 5845
3 4761 3344 5679
3 4025 4026 5942
3 3624 3700 5855
3 3116 3118 5681
3 3205 3842 5772
3 1797 4721 5920
3 3143 2389 5600
3 5842 3304 5961
3 3770 3771 3773
3 3593 6234 6238
3 4263 4260 5923
3 4296 5643 5805
3 4265 4264 5923
3 3763 3764 3766
3 2257 2471 5625
3 3308 3168 5685
3 4203 4205 5693
3 5658 935 5683
3 4046 4047 6043
3 66 415 5688
3 3393 5606 5663
3 5310 3091 5801
3 4070 4071 6043
3 4066 4064 5874
3 5134 3161 5682
3 2717 3418 5709
3 5443 3723 6413
3 3551 5541 5957
3 389 3834 6372
3 3428 5624 5702
3 3795 5590 5862
3 4332 5015 5963
3 935 937 5683
3 1996 2634 5686
3 2387 5630 5637
3 3524 3593 6238
3 3512 3513 5785
3 4223 3663 5839
3 3262 4223 5839
3 2139 2138 5689
3 473 475 5687
3 5322 4555 5691
3 4032 1271 5942
3 2238 5092 5855
3 3512 5776 5789
3 4079 3462 5948
3 3685 6239 6245
3 4547 6225 6234
3 5722 2712 6176
3 3685 3524 6239
3 5334 3229 5684
3 3507 5779 5791
3 5639 3917 5678
3 4749 394 6333
3 2972 3280 5692
3 4996 2450 5862
3 3384 3749 5875
3 3524 6238 6239
3 3783 5519 5694
3 5632 3499 5736
3 5594 3502 5747
3 1704 3374 5887
3 5545 2356 5800
3 6003 4906 6376
3 5624 3521 5702
3 2893 3686 5870
3 3596 2575 5825
3 2727 2728 5870
3 3502 4645 5763
3 195 400 5868
3 1792 194 5868
3 643 435 5820
3 4526 2611 5883
3 3416 3814 5846
3 5742 4593 5764
3 4064 4063 5874
3 4081 3251 5905
3 4238 4241 6038
3 3841 751 6228
3 4429 1867 6343
3 3482 4979 5695
3 2438 2451 5796
3 2445 3631 5872
3 2819 4407 5866
3 3634 3871 5878
3 4126 4123 5889
3 3686 3208 5878
3 4553 2314 5700
3 5616 2538 5750
3 2066 1613 5872
3 4267 4266 5962
3 3615 3339 5698
3 4224 3248 5900
3 4207 4211 5811
3 3594 2691 5697
3 6250 3146 6254
3 5156 3585 5858
3 2139 5781 5793
3 5700 2314 5704
3 2639 3130 5873
3 5246 5672 5696
3 4473 4474 5916
3 5696 1203 5708
3 1611 2066 5881
3 839 748 5699
3 3170 5618 5691
3 4615 4616 5764
3 3697 5598 5721
3 4907 5782 5792
3 4997 1610 5881
3 3162 5246 5696
3 3146 3603 6254
3 1067 939 5847
3 2503 2703 5811
3 2314 4537 5704
3 3398 5932 5938
3 5725 6001 6268
3 3579 5754 5849
3 5695 4979 5703
3 4517 4516 5914
3 5858 3585 5997
3 5763 4645 5795
3 2372 2370 5680
3 2544 2713 5886
3 5680 3946 5766
3 698 1396 5922
3 4453 5999 6319
3 2471 3174 5625
3 3695 3692 5727
3 5704 4537 5711
3 3557 4297 6035
3 3258 5651 6124
3 3517 3518 5790
3 4979 3213 5703
3 3284 3732 5914
3 3498 5594 5747
3 3216 5360 5710
3 53 373 5947
3 1584 52 5947
3 5687 475 5705
3 5519 5146 5694
3 4472 4471 5916
3 5363 3105 5799
3 2497 2675 5896
3 100 101 5707
3 1203 1015 5708
3 2799 2800 3406
3 3745 3597 5732
3 475 477 5705
3 916 839 5706
3 5636 3901 5770
3 3591 3100 6220
3 387 4906 6003
3 839 5699 5706
3 3238 4224 5956
3 3827 3500 6341
3 3837 3415 5846
3 2370 5526 5680
3 6170 15 6242
3 2006 3968 6033
3 3549 5653 6153
3 56 57 5910
3 4160 4162 6375
3 3159 5652 5662
3 3692 2032 5381
3 5759 3484 5821
3 4537 1512 5711
3 4081 1419 5925
3 4482 4483 5940
3 5964 4026 6297
3 360 3663 4223
3 2734 4446 6008
3 381 4806 5710
3 6048 3280 6061
3 2475 3156 5957
3 1612 1609 5712
3 1652 1651 5701
3 1583 4296 5805
3 3817 2800 5871
3 660 662 5918
3 4645 3177 5795
3 3220 3222 5912
3 3532 3530 5816
3 423 164 5917
3 165 4860 5917
3 3897 5363 6368
3 4721 4720 5920
3 6138 397 6419
3 3355 4577 5920
3 4107 4108 5812
3 3769 3883 5768
3 3294 4517 5940
3 295 1288 5921
3 558 560 5854
3 3223 3550 5930
3 981 1873 5904
3 3249 4081 5946
3 2183 2184 5913
3 3902 5758 5818
3 2616 3151 5713
3 3530 3531 5822
3 3229 3551 5931
3 3183 5636 5770
3 5816 3530 5822
3 2549 3419 5919
3 968 1875 5899
3 1178 979 5904
3 4329 4328 5958
3 3976 3476 5948
3 4104 4101 5715
3 4389 4390 5714
3 955 1150 5897
3 4864 5498 5843
3 1150 959 5899
3 3342 5671 5835
3 1365 1155 5851
3 1566 920 5985
3 4871 4870 5863
3 3889 392 6267
3 5861 2826 5909
3 3762 3882 5787
3 3511 3509 5724
3 3503 3218 5950
3 5598 3697 5848
3 3755 3881 5788
3 5091 1780 6056
3 2440 2826 5861
3 4246 4244 5989
3 3978 3976 5948
3 3961 4469 5690
3 4323 3150 5720
3 2398 2442 5717
3 1971 2460 5943
3 2620 5155 5716
3 2439 2426 5702
3 6144 3426 6262
3 985 1233 5924
3 3912 3972 5813
3 4987 769 5718
3 4480 4481 5965
3 3690 6164 6220
3 2033 3687 3690
3 34 35 5737
3 3199 5056 5746
3 567 3848 6034
3 1873 983 5924
3 5145 5144 5725
3 3214 5243 5919
3 663 569 6034
3 6061 5068 6063
3 5402 2545 5886
3 3656 6260 6261
3 4839 3506 6136
3 4479 4478 5965
3 3334 3163 5719
3 3516 2617 5876
3 3656 3659 6260
3 3280 5068 6061
3 4333 4331 5963
3 3602 4924 5722
3 2996 3023 5915
3 5056 5635 5746
3 3943 1773 6172
3 2807 5747 5763
3 3418 3827 6129
3 1914 1923 5723
3 1930 2134 5925
3 3002 3021 5892
3 1567 4024 5837
3 4232 4233 5989
3 1796 5523 5724
3 5717 2442 5731
3 4452 4451 5983
3 433 643 5867
3 2770 3895 6185
3 5865 4390 5883
3 4641 6094 6162
3 1461 4895 6174
3 2634 5682 5686
3 65 5688 6217
3 5642 3155 5657
3 3462 4180 6171
3 5748 5229 6207
3 1875 970 5937
3 5689 3514 5784
3 3736 2806 5726
3 1419 1417 5925
3 3255 3004 5892
3 154 155 5729
3 4180 4179 6039
3 1914 5723 5730
3 3021 3000 5902
3 5783 1771 5793
3 2731 2379 3209
3 3675 3239 5959
3 3776 3877 5804
3 3241 3674 5959
3 3310 4479 5983
3 3246 3922 6373
3 3728 5645 6107
3 3278 3008 5901
3 3770 3769 3771
3 3763 3762 3764
3 4551 2261 5733
3 5042 1914 5730
3 1233 987 5949
3 3006 3255 5901
3 3635 3853 5994
3 3102 5728 5756
3 4450 431 5867
3 3102 5354 5728
3 1962 2511 5933
3 3338 4753 5970
3 2408 2410 5876
3 2807 5415 5747
3 2551 1960 5933
3 991 1258 5954
3 3676 3337 5970
3 6064 3824 6205
3 2442 3535 5731
3 2990 3254 5955
3 4234 4236 6007
3 4890 4758 5972
3 763 761 6000
3 402 4848 5974
3 3752 2031 5510
3 3518 4605 5790
3 3756 3757 3758
3 46 47 5988
3 5499 3589 5921
3 1288 5499 5921
3 3290 3012 5928
3 197 198 5981
3 2693 5378 5875
3 3193 3517 5792
3 5779 3507 5789
3 4233 4231 6007
3 4627 4727 6003
3 5718 4624 6260
3 3756 3755 3757
3 5042 5730 5734
3 4887 4196 6209
3 3023 2994 5944
3 5168 3425 6313
3 2741 2740 5967
3 3199 5746 5819
3 4706 5838 6420
3 888 5042 5734
3 6088 3606 6092
3 3047 2207 5739
3 3487 5739 5745
3 2422 5371 5885
3 974 1178 5966
3 3691 2032 3692
3 6063 3286 6074
3 3531 4035 5821
3 5388 1090 5865
3 995 1866 5973
3 5712 1608 6254
3 3727 3726 5737
3 5068 3286 6063
3 2690 2542 5975
3 1258 993 5973
3 888 5734 5742
3 4652 382 5741
3 4946 3532 6200
3 3010 3278 5928
3 5115 888 5742
3 1899 3979 6352
3 3606 3293 6092
3 4809 4773 6249
3 3558 5796 5852
3 3134 3677 5939
3 400 3868 6316
3 1776 4840 5744
3 1294 1366 5743
3 4687 4972 6214
3 3477 5072 6041
3 5382 3209 6198
3 3535 2514 5827
3 3629 4770 6093
3 5643 5305 5805
3 1866 997 5993
3 2419 3487 5745
3 4829 4828 6010
3 4830 4831 6010
3 1034 1231 5999
3 5340 2354 5735
3 1915 5707 6286
3 5523 3511 5724
3 4120 4121 5889
3 3306 3016 5964
3 2858 3905 6232
3 4176 4178 6039
3 20 21 6011
3 5881 3871 6284
3 1328 2350 5996
3 5286 6138 6419
3 3470 3454 5984
3 1357 1352 5996
3 1183 951 5968
3 109 110 5749
3 420 5674 6203
3 3458 3465 5978
3 3362 4656 6012
3 1790 4689 6030
3 4540 4539 6036
3 5654 3623 6370
3 4000 3999 5806
3 359 3661 3662
3 481 487 5748
3 5867 3983 6057
3 3315 3260 6018
3 608 1304 6015
3 3469 3450 6004
3 2538 2540 5750
3 90 4832 5752
3 3014 3290 5964
3 2419 5745 5751
3 6087 3516 6400
3 5076 2419 5751
3 4526 5883 5894
3 3226 3867 5895
3 2221 1707 5736
3 3452 3470 6004
3 3130 3132 6019
3 4248 4247 5992
3 502 4392 6087
3 6074 5073 6081
3 3706 3703 5998
3 5654 23 6194
3 4694 2485 6026
3 5701 1651 5754
3 5692 4540 6050
3 411 293 6032
3 4236 4235 6038
3 1380 2006 6033
3 3655 5773 6170
3 3286 5073 6074
3 4672 4671 6040
3 1280 4540 6048
3 4664 4665 6044
3 2654 2656 6037
3 3295 4704 6040
3 1479 1302 6033
3 160 5341 5753
3 6312 5539 6335
3 3531 5821 5822
3 758 760 5755
3 1694 5477 5746
3 3467 3446 6020
3 5444 602 6015
3 3551 2368 5990
3 4114 4115 5877
3 2276 5076 5757
3 4197 4196 6138
3 2694 3611 6047
3 2867 4789 6045
3 5076 5751 5757
3 4353 3720 6380
3 183 184 6051
3 2798 2700 5738
3 5312 5255 5980
3 3448 3469 6020
3 2450 5025 5880
3 3946 1701 5766
3 514 512 6197
3 3945 2808 6174
3 2684 2494 6031
3 2514 3486 5827
3 1700 3894 6028
3 3408 5731 5803
3 3744 6035 6377
3 552 554 5979
3 5880 5025 5888
3 5403 2755 5982
3 3697 3737 5848
3 5921 3589 6032
3 1796 5724 5857
3 3231 3748 5952
3 5347 3102 5756
3 4505 2658 6062
3 3938 377 6289
3 5648 5209 6150
3 2633 3485 6031
3 3106 2976 6050
3 4688 4686 5761
3 2390 2807 5763
3 3488 3489 5760
3 5746 5477 5819
3 6081 3289 6085
3 3596 5825 5861
3 2217 3158 6065
3 4593 4734 5764
3 5072 5444 6015
3 1475 1927 5762
3 2149 4930 5765
3 176 177 6066
3 3618 5366 6029
3 994 1619 6079
3 5073 3289 6081
3 5765 4930 5767
3 182 183 6072
3 2379 2211 2687
3 3957 2688 6075
3 3566 4969 6053
3 3444 3467 6054
3 3404 4461 5770
3 4728 120 6080
3 4930 2150 5767
3 5767 2150 5769
3 1651 5401 5754
3 1044 4534 6098
3 121 398 6080
3 2150 4954 5769
3 2139 5689 5784
3 2350 5443 6413
3 4669 3213 6299
3 998 996 6088
3 3732 3285 5936
3 5769 4954 5771
3 1286 5347 5759
3 2797 2798 5871
3 3175 4744 5784
3 4241 4242 6331
3 5025 1819 5888
3 4641 1779 6094
3 5225 3478 6084
3 5771 2151 5774
3 4954 2151 5771
3 4069 4059 5798
3 2151 4963 5774
3 5702 3521 5825
3 4963 2130 5775
3 4521 2099 5785
3 4087 544 6405
3 1529 1531 5776
3 6 1265 6168
3 5774 4963 5775
3 4770 204 6093
3 4743 3490 5781
3 1991 144 6090
3 547 545 6148
3 145 388 6090
3 2621 3514 5779
3 3191 5782 5783
3 3191 3193 5782
3 1515 1517 5780
3 3189 3191 5783
3 4406 4405 6117
3 2390 5763 5795
3 205 381 6093
3 1712 4472 6117
3 3173 3606 5778
3 1964 2382 6083
3 4684 383 6096
3 3440 3443 6076
3 1773 4817 6172
3 4428 4427 6109
3 5888 1819 5898
3 3234 3263 5740
3 3507 3508 5789
3 2383 2051 5786
3 5231 4716 6059
3 2420 2444 5791
3 4324 4325 6207
3 3515 4392 6177
3 1771 1543 5793
3 3792 3788 6089
3 5150 3584 5945
3 3558 5736 5796
3 4033 3995 6383
3 1583 5805 5926
3 3737 3840 5848
3 4327 4326 6212
3 3206 3205 5772
3 229 230 5794
3 5692 3280 6048
3 5541 3551 5990
3 3981 361 6361
3 2669 5546 5773
3 4727 3245 6078
3 2826 3699 5909
3 1965 2231 6064
3 5292 2364 5777
3 2439 5702 5825
3 2548 3577 6106
3 4544 3733 6112
3 3289 5099 6085
3 1819 5022 5898
3 2713 2546 6106
3 3437 3439 6082
3 3407 2390 5795
3 3867 3198 5766
3 545 543 6256
3 3744 5367 6035
3 5347 5756 5759
3 3846 3847 6046
3 5224 2238 6121
3 2716 3655 6412
3 5898 5022 5908
3 3853 3383 5994
3 364 5346 6141
3 403 4850 6114
3 3311 3427 6111
3 5797 5097 5810
3 3612 5722 6176
3 2134 2643 5976
3 3584 3684 5960
3 4658 3632 6146
3 2246 3902 5818
3 5688 3636 6217
3 5307 5097 5797
3 57 58 6127
3 2508 2509 6124
3 5713 3151 6347
3 4346 3322 6126
3 2735 2734 6131
3 3431 5174 6102
3 3200 3982 5831
3 3665 3664 5927
3 4087 4085 6399
3 4208 4206 6291
3 516 514 6228
3 3207 5286 6113
3 5479 3494 6077
3 5945 3584 5960
3 4896 5213 5929
3 3105 2493 5799
3 3210 3590 5802
3 1202 1171 6122
3 4839 412 6130
3 3895 2770 5893
3 4790 3230 5857
3 4833 4834 6130
3 3499 2438 5796
3 5022 1335 5908
3 5929 5213 5941
3 3638 3637 6116
3 3561 5797 5810
3 3841 2729 6070
3 279 364 6141
3 5562 665 6383
3 2668 5439 5939
3 3787 3809 6089
3 2356 2083 5800
3 1620 3965 6251
3 3793 3401 6128
3 2808 3900 6174
3 3561 5263 5797
3 3677 5562 6383
3 4184 1583 5926
3 2953 5223 5803
3 3658 4869 6157
3 1884 5310 5801
3 5151 5061 6128
3 1562 3948 6226
3 5213 3291 5941
3 104 105 6142
3 2666 2668 6070
3 424 5 425
3 379 5558 6368
3 7 1113 1114
3 3491 5819 5845
3 3491 3199 5819
3 1791 5749 5858
3 4111 4107 5812
3 5305 3565 5805
3 4408 4506 5823
3 2755 5598 5848
3 3202 2381 5807
3 3560 3561 5810
3 3374 5625 5887
3 3847 5600 5826
3 3674 3243 6147
3 6189 3852 6258
3 5097 1365 5810
3 4753 4751 6154
3 4869 589 6157
3 2847 2399 6064
3 4747 4748 6154
3 3622 5124 5808
3 4022 4021 6391
3 437 439 5809
3 373 54 6218
3 369 64 6217
3 3394 3403 6145
3 587 603 6157
3 642 4566 6179
3 5600 2237 5826
3 1550 5654 6370
3 4821 4820 6169
3 542 544 6155
3 2698 2796 6215
3 5674 3654 6203
3 3657 5654 6194
3 3299 4695 6101
3 4750 4749 6371
3 941 949 5814
3 3795 5862 5880
3 1580 4466 6219
3 624 622 6153
3 196 197 6165
3 368 44 6243
3 2665 3138 6176
3 2708 2503 5811
3 3779 3776 5804
3 418 277 6211
3 3730 4131 6196
3 2309 5816 5822
3 3931 642 6349
3 3603 5712 6254
3 3805 3167 6172
3 3659 5718 6260
3 4089 2375 5849
3 3968 2006 6410
3 4325 5748 6207
3 2067 581 6179
3 5710 3630 6379
3 5707 3649 6286
3 3654 5402 6203
3 5227 2944 6140
3 409 326 6058
3 5714 4390 5865
3 5776 1531 5789
3 2511 2022 6139
3 55 2449 6218
3 3895 3501 6185
3 5409 3838 6073
3 5404 3332 5817
3 3664 3480 6184
3 5268 3588 6136
3 5779 3514 5791
3 4043 4045 6294
3 5625 3174 5887
3 4163 3665 5927
3 4542 3575 6191
3 1090 5714 5865
3 231 1316 6189
3 4721 1797 6389
3 4681 4680 6193
3 437 5809 5820
3 4213 1567 5837
3 45 1582 6243
3 377 49 6289
3 5423 3287 5906
3 3789 3790 5843
3 2192 2567 5824
3 24 419 6194
3 435 437 5820
3 4438 5648 6150
3 4354 4353 6248
3 5582 3397 5853
3 579 642 6179
3 5285 2309 5822
3 2309 5355 5816
3 47 48 6231
3 2733 2175 6206
3 2507 3197 6206
3 5819 3097 5845
3 1315 757 6304
3 5781 3490 5793
3 3984 2774 5841
3 50 4297 6289
3 122 123 5828
3 3671 2434 6167
3 3285 4128 5936
3 73 1783 6216
3 3398 3627 5932
3 4557 72 6216
3 5046 2858 6232
3 3484 5285 5821
3 5782 3193 5792
3 421 4009 6378
3 3233 3234 5740
3 2262 2685 5832
3 1769 4821 6240
3 669 640 6257
3 180 181 5834
3 2195 3612 5830
3 1413 1349 6188
3 1587 1416 6288
3 6111 3427 6169
3 5851 1336 5864
3 5558 3897 6368
3 2681 3224 6182
3 4310 1313 6315
3 2246 5818 5844
3 3723 3721 6413
3 3870 5981 6264
3 470 468 5833
3 2196 5075 6271
3 4540 5692 6048
3 5061 3203 5836
3 2558 3146 6245
3 2033 3690 6144
3 4436 2508 6416
3 3546 3834 6236
3 2209 1937 6186
3 613 1620 6251
3 143 1991 6246
3 2349 4692 6261
3 1155 1336 5851
3 5943 3590 5951
3 178 422 5838
3 3652 6144 6262
3 4314 4311 6321
3 4545 3568 6283
3 3655 2669 5773
3 4961 3685 6250
3 3693 3695 6233
3 3523 6315 6317
3 3554 3845 6221
3 3929 2246 5844
3 4063 4277 5874
3 4668 1784 6273
3 4848 1775 6265
3 2805 5500 5850
3 5821 5285 5822
3 6097 5040 6103
3 3525 3604 6259
3 3222 2520 6227
3 2748 3656 6263
3 2451 3247 5852
3 941 5814 5847
3 36 363 6307
3 5859 3206 6069
3 4974 3889 6267
3 146 147 5840
3 6315 4255 6317
3 4692 2875 6276
3 3590 4962 5951
3 5741 5118 6390
3 2124 2516 6270
3 88 1 6281
3 1 89 6281
3 158 2 6282
3 2 159 6282
3 4724 4646 5842
3 2073 2679 6210
3 3495 3171 5815
3 2575 2439 5825
3 1564 3944 5952
3 1992 4864 5843
3 2720 2122 6270
3 3097 2667 5845
3 3415 3416 5846
3 4797 4582 6348
3 4404 4402 6332
3 3581 3848 6195
3 3868 3633 6316
3 6103 2498 6105
3 3157 2925 6301
3 118 1968 6325
3 3213 3212 6299
3 389 117 6325
3 1797 173 6389
3 3608 3956 6302
3 3757 3755 5788
3 2749 4818 6347
3 94 421 6378
3 394 141 6333
3 349 350 6158
3 5396 5040 6097
3 413 4835 6374
3 342 343 6159
3 335 336 6160
3 3578 3579 5849
3 4809 2704 6348
3 4749 2752 6371
3 5477 3097 5819
3 2652 2654 6371
3 5845 2730 5859
3 3943 2795 6359
3 2460 5802 5943
3 4254 2819 5866
3 5598 2047 5721
3 3834 3642 6372
3 3644 3823 6372
3 356 357 6163
3 3621 3668 6370
3 939 941 5847
3 4408 5851 5864
3 3268 3266 6266
3 416 4284 5879
3 3771 3769 5768
3 3626 3570 6303
3 2237 5586 5826
3 4254 5866 5905
3 5039 3157 6359
3 1357 5996 6248
3 5731 3535 5803
3 3649 3214 6286
3 5823 1365 5851
3 5040 2498 6103
3 5857 3230 5986
3 5651 2508 6124
3 5092 3624 5855
3 3764 3762 5787
3 3264 3262 5839
3 3397 3396 5853
3 4605 5775 5790
3 3706 5998 6252
3 2413 2064 6357
3 5232 3124 6322
3 4846 4847 6056
3 677 4073 5869
3 3517 5780 5792
3 2375 2376 5907
3 3689 5850 6224
3 1336 5289 5864
3 3951 5562 6192
3 3090 5344 6006
3 4904 1796 5857
3 4328 4327 5856
3 3967 3968 6410
3 5736 3499 5796
3 4834 1772 6017
3 3934 5156 5858
3 381 5710 6379
3 554 556 6406
3 1791 5858 5997
3 228 3 6287
3 3 229 6287
3 4870 4344 5863
3 611 558 5854
3 4928 4996 5862
3 4407 4408 5864
3 6105 5181 6108
3 5805 3565 5926
3 411 6032 6111
3 5366 3567 6285
3 4733 5865 5883
3 5849 2375 5907
3 1225 4075 5884
3 4972 5422 6214
3 546 606 6405
3 3521 2440 5861
3 3553 4916 6014
3 2498 5181 6105
3 4133 3022 5882
3 1899 519 6342
3 3596 5861 5909
3 4756 3488 6337
3 3559 3558 5852
3 498 5554 6177
3 5727 2716 6412
3 5653 624 6153
3 3382 3253 6100
3 1172 5058 6149
3 194 195 5868
3 4119 4114 5877
3 2728 2893 5870
3 3492 3491 5859
3 5295 5168 6313
3 3304 3235 5961
3 1569 3844 6356
3 642 4565 6349
3 1613 2445 5872
3 2638 2639 5873
3 3585 3586 5997
3 3208 3634 5878
3 2687 3880 6198
3 3663 4 6123
3 1576 4031 5903
3 5562 3135 6192
3 3794 3795 5880
3 5181 3601 6108
3 5961 3235 5971
3 5807 3535 5827
3 4577 6003 6376
3 15 6233 6242
3 4733 5388 5865
3 1610 1611 5881
3 4163 5927 6363
3 3794 5880 5888
3 377 3938 6235
3 4756 1799 6078
3 3803 6013 6156
3 6309 12 6310
3 4652 5741 6390
3 4258 4261 5890
3 4286 367 5891
3 4123 4120 5889
3 3235 3301 5971
3 2611 4733 5883
3 2508 5651 6416
3 1619 5778 6079
3 2545 2544 5886
3 4768 3794 5888
3 3465 5345 6387
3 5741 4859 6292
3 3188 5405 6223
3 5938 5932 6395
3 5371 3673 5885
3 5378 3384 5875
3 3814 3803 6148
3 5224 6121 6343
3 431 433 5867
3 2194 1980 6042
3 5971 3301 5987
3 3156 5835 5931
3 5825 3521 5861
3 106 371 6181
3 3485 3250 6199
3 3783 5694 6280
3 4768 5888 5898
3 3305 3974 5935
3 6263 4692 6276
3 3578 5849 5907
3 2617 2408 5876
3 4 3670 6183
3 4136 663 5932
3 2675 3614 5896
3 3004 3002 5892
3 3301 3552 5987
3 4390 2446 5894
3 2184 5150 5945
3 3248 4333 5900
3 3215 4768 5898
3 4190 5309 6318
3 3251 4254 5905
3 5145 5725 6268
3 5355 2422 6268
3 2800 2797 5871
3 959 968 5899
3 3820 3818 5988
3 5554 3699 6177
3 3253 3863 6100
3 953 955 5897
3 5620 5516 6099
3 5786 4327 6212
3 5344 5589 6006
3 5775 2130 5790
3 3215 5898 5908
3 5725 5144 6101
3 3000 2998 5902
3 3892 1568 6046
3 3773 3771 6309
3 5780 1517 5792
3 4916 2904 6014
3 979 981 5904
3 1271 4025 5942
3 3008 3006 5901
3 3269 5609 6298
3 4516 3284 5914
3 1335 4896 5906
3 5894 2446 5913
3 2410 5487 6133
3 2449 56 5910
3 3287 3215 5908
3 5918 694 5922
3 4695 4694 5911
3 3236 3220 5912
3 2446 2183 5913
3 16 5725 6101
3 6014 2904 6027
3 174 5612 6389
3 6009 3892 6046
3 3228 3226 5895
3 3731 3493 6305
3 662 694 5918
3 2998 2996 5915
3 4471 4473 5916
3 3426 3797 6262
3 164 165 5917
3 327 409 6201
3 2904 2194 6027
3 1675 5684 5835
3 5257 3578 5907
3 3587 3300 5974
3 3684 3252 6049
3 5902 2998 5915
3 694 698 5922
3 4904 5857 5986
3 4720 3355 5920
3 4281 368 6143
3 3230 3481 5986
3 294 295 5921
3 3252 5284 6049
3 4264 4263 5923
3 5243 2549 5919
3 1772 4827 6017
3 5726 3580 6247
3 5749 3934 5858
3 4047 4070 6043
3 5874 370 6119
3 4821 6169 6241
3 1980 2497 6042
3 1304 5287 6068
3 4852 423 5927
3 3476 4079 5948
3 4483 3294 5940
3 3565 3566 5926
3 983 985 5924
3 5737 35 6307
3 3225 3223 5930
3 5997 3586 6095
3 5694 3791 6280
3 4818 5713 6347
3 3668 4202 6011
3 3844 3596 5909
3 5778 3606 6079
3 1417 1930 5925
3 1960 1962 5933
3 4951 5929 5941
3 3012 3010 5928
3 970 972 5937
3 5287 4490 6068
3 5589 3719 6006
3 3948 3950 6073
3 6035 1584 6377
3 5309 2693 6318
3 2460 4951 5941
3 4717 2727 6279
3 2383 5786 6212
3 5843 3790 6086
3 2645 1971 5943
3 5927 423 6363
3 5676 2741 6241
3 2994 2992 5944
3 1616 4267 5962
3 3766 3764 6310
3 2643 3381 5976
3 6002 6295 6345
3 4951 5423 5929
3 3727 5737 6307
3 3250 3249 5946
3 6026 3421 6272
3 3611 5896 6047
3 3174 3742 5887
3 331 3753 6021
3 338 3760 6022
3 345 3767 6023
3 352 3774 6024
3 2323 4528 6110
3 953 5897 5968
3 3228 5895 5938
3 745 3892 6009
3 5202 3421 6026
3 2645 5943 5951
3 2785 337 6022
3 2786 344 6023
3 2787 351 6024
3 2788 358 6021
3 5883 4390 5894
3 3848 3683 6034
3 3216 5710 6306
3 3683 3228 5938
3 3747 6288 6296
3 52 53 5947
3 6310 12 6311
3 2676 4329 5958
3 3218 3635 5950
3 987 989 5949
3 5891 3566 6053
3 6069 3927 6133
3 5341 1777 6184
3 3381 4406 6199
3 6288 1897 6296
3 4196 4006 6209
3 3871 3869 6284
3 2476 2475 5957
3 5944 2992 5955
3 4647 2645 5951
3 3983 3503 6057
3 3225 5945 5960
3 5937 972 5966
3 3323 3238 5956
3 5408 3952 6192
3 3022 5649 5882
3 3650 3651 5953
3 2992 2990 5955
3 5949 989 5954
3 1616 5962 5969
3 5120 3536 6152
3 6047 3614 6060
3 1992 5843 6086
3 5439 3134 5939
3 3520 5341 6184
3 989 991 5954
3 5710 4806 6306
3 3726 3090 6397
3 6110 4528 6120
3 3614 3615 6060
3 2467 2756 6269
3 3602 5722 6271
3 4528 1147 6120
3 4331 4332 5963
3 3239 3241 5959
3 4337 1616 5969
3 4791 1752 5961
3 5660 4823 5998
3 4478 4480 5965
3 6144 3690 6220
3 3543 3225 5960
3 2676 5958 5977
3 4791 5961 5971
3 4337 5969 5995
3 658 660 6134
3 5802 3590 5943
3 4888 397 6138
3 3681 3231 5952
3 5985 914 6000
3 359 3662 6129
3 409 5935 6201
3 972 974 5966
3 3016 3014 5964
3 2740 3522 5967
3 13 6312 6335
3 3337 3338 5970
3 835 4791 5971
3 920 914 5985
3 17 5620 6099
3 3202 5807 5827
3 4451 3310 5983
3 2702 4890 5972
3 4847 402 5974
3 951 953 5968
3 2382 5950 6083
3 5979 4022 6391
3 5986 3481 6091
3 294 5921 6032
3 4297 1584 6035
3 993 995 5973
3 2542 2661 5975
3 3758 3757 6311
3 198 2061 5981
3 3313 2676 5977
3 835 5971 5987
3 5794 230 6189
3 4209 4208 6067
3 3456 3458 5978
3 6054 4241 6331
3 2702 5972 5991
3 1582 46 5988
3 3703 3701 5998
3 4244 4232 5989
3 4251 4248 5992
3 1895 552 5979
3 5806 5232 6322
3 3454 3456 5984
3 4758 835 5987
3 391 4904 5986
3 5255 2682 5980
3 5208 4000 6322
3 5744 4841 6301
3 914 763 6000
3 1232 4337 5995
3 3605 2702 5991
3 1780 4846 6056
3 1232 5995 6005
3 3456 5978 5984
3 3791 14 6280
3 5960 3684 6071
3 6155 4087 6399
3 997 1003 5993
3 3825 5403 5982
3 4662 1791 5997
3 410 4877 6337
3 4333 5963 6357
3 4470 1232 6005
3 1352 1328 5996
3 3758 6308 6398
3 2368 2722 5990
3 4490 2323 6110
3 5993 1003 5999
3 5911 6026 6272
3 5946 2134 5976
3 3850 2191 6137
3 1003 1034 5999
3 5359 2209 6229
3 4577 4627 6003
3 3450 3452 6004
3 4004 1700 6028
3 4470 6005 6016
3 4446 3313 6008
3 3283 5741 6292
3 3719 3724 6006
3 2211 6 6168
3 385 4641 6162
3 4231 4234 6007
3 5932 3627 6365
3 3655 6242 6412
3 5952 3748 6373
3 4828 4830 6010
3 3572 5359 6002
3 5990 2722 6013
3 21 1550 6011
3 2065 5260 6381
3 3611 3362 6012
3 4192 1009 6237
3 5811 2703 6291
3 6094 3679 6162
3 4408 5823 5851
3 1617 4470 6016
3 1617 6016 6025
3 2238 5855 6121
3 369 3901 6161
3 2722 3610 6013
3 5777 2364 6313
3 4549 1617 6025
3 602 608 6015
3 3491 5845 5859
3 3641 3276 6017
3 3842 3841 6228
3 3569 6123 6362
3 3313 5977 6008
3 3260 3533 6018
3 3605 6014 6027
3 4179 4176 6039
3 5684 3229 5931
3 3132 3800 6019
3 407 6044 6115
3 4535 5726 6247
3 3446 3448 6020
3 4656 3605 6027
3 3586 5479 6095
3 5948 3462 6171
3 5817 3332 6349
3 4549 6025 6036
3 4689 4688 6030
3 3723 5443 6351
3 3966 3618 6029
3 4821 5967 6240
3 293 294 6032
3 3481 4802 6091
3 2494 2633 6031
3 1302 1380 6033
3 3532 5816 6001
3 6131 3671 6167
3 391 5986 6091
3 4235 4238 6038
3 4539 4549 6036
3 2656 3172 6037
3 6180 2745 6277
3 4671 3295 6040
3 3701 5660 5998
3 1147 658 6134
3 3478 3477 6041
3 4662 5997 6095
3 407 4664 6044
3 4574 1280 6048
3 3822 5312 6401
3 363 4386 6049
3 569 567 6034
3 6029 1315 6304
3 4007 2867 6045
3 2056 2694 6047
3 385 6162 6244
3 5367 3557 6035
3 2976 2974 6050
3 3406 3816 6362
3 5570 5089 6290
3 184 1950 6051
3 4574 6048 6061
3 4843 5634 6115
3 677 5869 6369
3 6388 1895 6391
3 2056 6047 6060
3 663 6034 6395
3 5482 6180 6277
3 4026 1566 6297
3 5835 5684 5931
3 3443 3444 6054
3 3855 3780 6382
3 2006 5762 6410
3 4969 5248 6053
3 4789 2056 6060
3 6009 6046 6300
3 3204 5091 6056
3 1711 4574 6061
3 1711 6061 6063
3 4476 6319 6328
3 2658 4543 6062
3 4556 1711 6063
3 5992 3465 6387
3 3722 5231 6059
3 5531 4192 6237
3 3852 1316 6407
3 3486 5493 6222
3 3889 3650 6340
3 4556 6063 6074
3 4008 4007 6118
3 3830 3279 6361
3 2382 4450 6057
3 5906 4896 5929
3 5423 5906 5929
3 393 176 6066
3 6076 4314 6321
3 5539 3591 6335
3 3790 3945 6086
3 6082 4310 6315
3 395 182 6072
3 3245 4756 6078
3 3108 2217 6065
3 6384 5421 6388
3 1285 4556 6074
3 1285 6074 6081
3 6001 5725 6200
3 4525 1285 6081
3 3420 3890 6255
3 606 6330 6405
3 4525 6081 6085
3 3494 3731 6077
3 4838 4839 6136
3 996 994 6079
3 2399 1965 6064
3 6102 1587 6288
3 3439 3440 6076
3 120 121 6080
3 1799 4878 6078
3 5141 1311 6351
3 4041 502 6087
3 6091 4802 6151
3 4476 4453 6319
3 5998 4823 6252
3 2729 2666 6070
3 3788 3787 6089
3 2638 5873 6390
3 1619 4525 6085
3 3222 5570 6290
3 3856 3773 6392
3 3797 3843 6075
3 3640 5225 6084
3 4557 3607 6302
3 5996 4355 6248
3 3536 3542 6152
3 3209 2379 6198
3 1228 998 6088
3 4895 1992 6086
3 2231 1964 6083
3 3523 3437 6082
3 4857 385 6244
3 6312 3813 6339
3 4533 1228 6092
3 3293 5396 6097
3 366 4557 6302
3 1228 6088 6092
3 5493 18 6222
3 3857 3766 6394
3 144 145 6090
3 4902 391 6091
3 4136 5932 6365
3 4286 6053 6125
3 1779 4871 6094
3 204 205 6093
3 6248 4353 6380
3 5834 395 6332
3 3569 5839 6123
3 4131 6122 6196
3 371 4662 6095
3 4531 4533 6103
3 5829 3726 6397
3 4533 6097 6103
3 3655 6170 6242
3 4531 6103 6105
3 3277 5744 6301
3 3745 5732 6215
3 3900 1461 6174
3 4538 1044 6098
3 6132 1413 6188
3 383 4858 6096
3 4538 6098 6104
3 3821 3822 6143
3 3279 3830 6364
3 1713 6104 6107
3 5907 2376 6067
3 4392 498 6177
3 1713 4538 6104
3 750 5693 6195
3 4468 1713 6107
3 1867 5224 6343
3 3615 5698 6118
3 4530 4531 6105
3 3390 4970 6114
3 4006 5675 6209
3 4530 6105 6108
3 5930 2184 5945
3 761 759 6338
3 3747 3431 6102
3 5760 410 6337
3 4427 3723 6109
3 5575 3889 6340
3 6053 5248 6125
3 2559 4476 6328
3 2546 2548 6106
3 4534 4530 6108
3 5991 3553 6014
3 5144 3299 6101
3 2661 2559 6334
3 2559 6328 6334
3 4287 4286 6125
3 3533 4544 6112
3 362 3745 6052
3 3392 4994 6293
3 408 3851 6255
3 3613 3376 6173
3 5612 393 6191
3 3589 3311 6111
3 5061 5836 6222
3 5659 369 6161
3 4860 410 6375
3 4715 3706 6252
3 3640 6110 6120
3 5634 407 6115
3 4405 1712 6117
3 4850 4851 6114
3 4912 3207 6113
3 6149 3667 6178
3 5869 4073 5934
3 4857 6244 6320
3 3824 3382 6205
3 3799 3638 6116
3 4802 4824 6151
3 5516 3497 6099
3 3751 5703 6385
3 3702 3704 6121
3 4902 6091 6151
3 3831 2770 6185
3 3376 6167 6173
3 3637 3640 6120
3 4715 6252 6403
3 4068 4066 6119
3 58 375 6127
3 3492 6069 6133
3 1171 1172 6122
3 3595 3844 6369
3 4599 6312 6339
3 2509 3725 6124
3 325 3827 6341
3 3322 3425 6126
3 3795 3793 6350
3 1778 6202 6249
3 2763 5794 6258
3 6012 2194 6042
3 2745 2170 6277
3 5248 2543 6125
3 5896 3614 6047
3 4207 5811 6291
3 412 4833 6130
3 3542 5628 6152
3 4131 4130 6132
3 5816 5355 6001
3 3376 2735 6131
3 3401 5151 6128
3 5826 3682 6300
3 4030 603 6247
3 2688 2211 6168
3 6032 3589 6111
3 3670 362 6052
3 6164 3688 6224
3 2944 5419 6140
3 4856 2762 6135
3 3901 5636 6161
3 411 6111 6169
3 3225 5930 5945
3 3506 5268 6136
3 4682 4684 6140
3 3662 5709 6129
3 1774 4857 6320
3 4287 6125 6190
3 644 547 6148
3 5257 5907 6067
3 371 6077 6181
3 3543 5960 6071
3 5286 4197 6138
3 278 279 6141
3 6151 4824 6230
3 3580 4030 6247
3 392 5217 6267
3 2022 2024 6139
3 3873 3758 6398
3 4178 1899 6352
3 1784 104 6142
3 3572 6002 6345
3 5419 4682 6140
3 5846 3814 6256
3 105 106 6181
3 3896 1762 6402
3 5217 3604 6267
3 3952 3951 6192
3 3619 4658 6146
3 5421 1895 6388
3 6240 3522 6324
3 3396 3394 6145
3 5953 3651 6264
3 3243 3544 6147
3 3576 5612 6191
3 2016 4902 6151
3 5762 3669 6410
3 4255 1587 6317
3 5209 624 6150
3 5487 3492 6133
3 5058 3667 6149
3 5628 1479 6152
3 6125 2543 6190
3 4751 4747 6154
3 5089 1553 6290
3 3100 3426 6220
3 6041 1304 6068
3 622 627 6153
3 3844 5633 6369
3 1199 542 6155
3 589 587 6157
3 4856 6135 6202
3 5582 5853 6336
3 5732 2697 6215
3 5636 3564 6161
3 4289 4287 6190
3 6153 627 6166
3 3679 3678 6162
3 3185 4293 6386
3 278 6141 6211
3 3250 5946 5976
3 627 5107 6166
3 400 196 6165
3 4066 5874 6119
3 5855 3702 6121
3 1774 6320 6366
3 5956 2065 6381
3 4820 411 6169
3 5610 2745 6180
3 512 649 6197
3 759 1315 6338
3 6166 5107 6175
3 3167 3943 6172
3 3890 3420 6364
3 1897 4648 6296
3 6142 3731 6305
3 3905 2858 6421
3 3564 5659 6161
3 3667 3666 6178
3 2434 5230 6167
3 2712 2665 6176
3 5868 400 6316
3 4824 3367 6230
3 5107 1714 6175
3 5675 1798 6209
3 6139 2024 6210
3 3980 3978 6171
3 4009 421 6422
3 1564 5952 6373
3 5230 1413 6173
3 3201 3825 6170
3 3420 3279 6364
3 6175 1714 6187
3 2016 6151 6230
3 6167 5230 6173
3 581 579 6179
3 6147 3544 6236
3 5963 2725 6357
3 3480 3520 6184
3 6121 3704 6343
3 2682 2681 6182
3 3522 3738 6324
3 5693 3582 6195
3 2612 5333 6323
3 230 231 6189
3 2170 2695 6253
3 3845 3548 6274
3 1714 4988 6187
3 3575 3576 6191
3 1349 1202 6188
3 3548 2467 6269
3 3729 3730 6196
3 4687 4681 6193
3 4854 1774 6366
3 1937 1939 6186
3 4037 4039 6388
3 23 24 6194
3 3213 4669 6385
3 2543 5247 6190
3 3699 3515 6177
3 3922 1564 6373
3 3582 3581 6195
3 5911 4694 6026
3 2697 2698 6215
3 5482 3662 6180
3 6162 3678 6244
3 4859 1782 6292
3 6187 4988 6204
3 3971 1562 6226
3 5709 3418 6129
3 4286 5891 6053
3 4831 420 6203
3 1778 4856 6202
3 5761 4687 6214
3 4988 672 6204
3 6204 672 6208
3 3956 5582 6336
3 2175 2507 6206
3 3620 4009 6422
3 6324 3738 6367
3 277 278 6211
3 5950 3635 6083
3 606 5421 6384
3 4328 5856 6414
3 6252 405 6403
3 672 5095 6208
3 1798 4887 6209
3 6230 3367 6314
3 3279 3981 6361
3 751 516 6228
3 4326 4324 6212
3 89 5752 6281
3 6002 4068 6295
3 159 5753 6282
3 4190 1580 6219
3 48 377 6231
3 5229 2383 6207
3 5095 1816 6213
3 6213 1816 6225
3 2693 5875 6318
3 6208 5095 6213
3 1620 5046 6232
3 64 65 6217
3 3811 2847 6205
3 54 55 6218
3 2024 2073 6210
3 72 73 6216
3 4289 6190 6275
3 1009 5833 6237
3 6193 4680 6411
3 3548 6269 6274
3 3935 5531 6237
3 410 5760 6375
3 543 908 6256
3 1816 5069 6225
3 3556 3554 6221
3 4290 4289 6275
3 5422 2555 6214
3 4861 2016 6230
3 3135 5408 6192
3 6093 381 6379
3 2520 2725 6227
3 4067 4068 6229
3 3556 6221 6235
3 6234 734 6238
3 5074 3392 6293
3 6225 5069 6234
3 3605 5991 6014
3 3492 5859 6069
3 5069 734 6234
3 3544 3546 6236
3 734 4793 6238
3 3938 3556 6235
3 6239 2898 6245
3 5772 3842 6197
3 4403 5834 6332
3 6164 6224 6335
3 4355 4354 6248
3 4793 2898 6239
3 4039 6384 6388
3 4816 1769 6240
3 44 45 6243
3 5729 1778 6249
3 6238 4793 6239
3 3628 4900 6396
3 2898 2558 6245
3 4346 6126 6358
3 603 4535 6247
3 5666 3956 6336
3 142 143 6246
3 3678 3680 6244
3 4755 4961 6250
3 4755 6250 6254
3 4823 405 6252
3 5839 3663 6123
3 6190 5247 6275
3 4206 4207 6291
3 1608 4755 6254
3 5697 3216 6306
3 625 613 6251
3 6260 2883 6261
3 625 6251 6257
3 4624 2883 6260
3 5853 1789 6336
3 3852 3641 6258
3 5405 2708 6223
3 3527 3525 6259
3 3367 4862 6314
3 2883 2349 6261
3 4048 4043 6294
3 640 625 6257
3 4037 6388 6391
3 4505 6062 6329
3 6123 4 6183
3 1775 4838 6265
3 3534 2748 6263
3 3869 3870 6264
3 3604 4974 6267
3 3669 3967 6410
3 4861 6230 6314
3 4543 3602 6271
3 4202 2761 6278
3 3493 3751 6305
3 5912 3222 6290
3 390 4886 6354
3 2122 2124 6270
3 6084 4490 6110
3 5443 5141 6351
3 3688 3689 6224
3 4669 4668 6273
3 6319 4596 6328
3 4242 4314 6331
3 5975 2661 6327
3 3627 5817 6365
3 4871 5975 6327
3 3810 6326 6339
3 6045 3615 6118
3 4816 6240 6324
3 4279 418 6345
3 2756 6178 6269
3 3421 4946 6272
3 3666 2733 6274
3 2875 4717 6276
3 4290 6275 6346
3 2763 228 6287
3 4278 4279 6295
3 6367 5438 6402
3 3631 3534 6279
3 2760 88 6281
3 2762 158 6282
3 6244 3680 6320
3 3568 3679 6283
3 142 6246 6333
3 6113 5286 6419
3 1416 1897 6288
3 1782 5609 6292
3 5247 2801 6275
3 3978 5948 6171
3 3651 4997 6284
3 4191 4190 6318
3 4665 1915 6286
3 757 669 6304
3 49 50 6289
3 3738 5438 6367
3 3782 3783 6280
3 4086 4087 6330
3 3611 6012 6042
3 6314 4862 6360
3 1316 4829 6407
3 6269 3666 6274
3 5609 3283 6292
3 3567 3740 6285
3 3266 3569 6266
3 4970 3269 6298
3 2925 3277 6301
3 3212 3649 6299
3 3607 3608 6302
3 1313 4255 6315
3 4806 4730 6306
3 35 36 6307
3 2379 2687 6198
3 3694 3693 6233
3 1584 5947 6377
3 3315 6018 6354
3 3570 3572 6303
3 1199 6399 6408
3 3660 3306 6297
3 3336 5202 6329
3 4865 4861 6314
3 6040 4704 6420
3 3928 3925 6400
3 4048 6294 6355
3 4906 1797 6376
3 1790 6030 6393
3 3633 3829 6316
3 665 4033 6383
3 4311 4310 6321
3 1231 4596 6319
3 4292 4290 6346
3 6275 2801 6346
3 3816 3817 6344
3 5333 3747 6296
3 423 5917 6363
3 2086 2726 6326
3 399 4816 6324
3 4293 4292 6386
3 117 118 6325
3 1789 5666 6336
3 3704 4429 6343
3 4773 5729 6249
3 2364 5295 6313
3 4596 3739 6328
3 3680 5259 6320
3 5335 6408 6421
3 4402 4403 6332
3 141 142 6333
3 6328 3739 6334
3 3997 3744 6377
3 4862 4948 6360
3 3816 6266 6362
3 5174 3523 6317
3 4716 4715 6403
3 3739 4545 6334
3 3609 3826 6353
3 3124 5208 6322
3 5260 5777 6381
3 6143 3822 6401
3 6169 3427 6241
3 4865 6314 6360
3 3742 3741 6253
3 2061 5575 6340
3 4021 4037 6391
3 6326 2726 6339
3 399 6324 6367
3 2726 4599 6339
3 1578 4136 6365
3 3616 4901 6404
3 3893 3268 6344
3 5760 4160 6375
3 5920 4577 6376
3 3659 2749 6347
3 2704 4797 6348
3 4039 4040 6384
3 4049 4048 6355
3 6360 4948 6404
3 5335 1199 6408
3 6094 4871 6327
3 1895 5979 6391
3 6320 5259 6366
3 6399 4083 6408
3 2801 5249 6346
3 6034 3683 6395
3 6408 3906 6421
3 4085 4083 6399
3 3478 6041 6068
3 519 521 6342
3 3332 3931 6349
3 4474 379 6368
3 4083 3906 6408
3 4007 6045 6118
3 3979 3980 6352
3 401 4865 6360
3 3906 3905 6421
3 4292 6346 6386
3 2795 5039 6359
3 4162 4163 6363
3 5438 3896 6402
3 4798 399 6367
3 6295 4279 6345
3 2725 2413 6357
3 3426 6144 6220
3 6116 1147 6134
3 4049 6355 6418
3 3810 3811 6326
3 3623 3621 6370
3 6253 3741 6277
3 3813 3810 6339
3 2752 2652 6371
3 1312 5319 6358
3 3427 5676 6241
3 4948 3616 6404
3 4798 6367 6402
3 4841 413 6374
3 401 6360 6404
3 3642 3644 6372
3 3721 4355 6413
3 5259 3592 6366
3 5725 16 6200
3 908 5846 6256
3 3741 5482 6277
3 93 94 6378
3 4051 4049 6418
3 4648 3424 6414
3 405 5647 6403
3 3630 3629 6379
3 4438 4436 6416
3 6346 5249 6386
3 2661 6283 6327
3 173 174 6389
3 1311 6109 6351
3 1762 4798 6402
3 5768 3855 6382
3 4251 5992 6387
3 3577 3852 6407
3 4901 401 6404
3 397 4905 6419
3 5118 2638 6390
3 2858 5335 6421
3 6075 2688 6168
3 556 611 6406
3 5249 3185 6386
3 544 546 6405
3 5300 1357 6380
3 5345 3639 6387
3 4730 5697 6306
3 6092 3293 6097
3 3534 6263 6276
3 5932 663 6395
3 5312 5980 6401
3 5787 3856 6392
3 5967 3522 6240
3 5752 2760 6281
3 5753 2762 6282
3 5833 3935 6237
3 3516 5876 6400
3 4000 5806 6322
3 2555 5761 6214
3 2170 6253 6277
3 5419 2604 6411
3 5788 3857 6394
3 4599 5539 6312
3 649 5772 6197
3 3966 6029 6304
3 3780 3779 6308
3 1553 5912 6290
3 5856 2612 6323
3 6013 3610 6156
3 4533 6092 6097
3 5590 3795 6350
3 5647 4716 6403
3 3640 6084 6110
3 6308 3779 6398
3 2799 3406 6409
3 3829 5868 6316
3 5875 4191 6318
3 6052 2799 6409
3 5804 3873 6398
3 3559 5852 6415
3 5976 3381 6199
3 6002 5359 6229
3 5909 3699 6356
3 5836 3486 6222
3 4068 6002 6229
3 6273 3751 6385
3 5633 677 6369
3 3247 5869 6415
3 3090 6006 6397
3 3501 3846 6417
3 6046 3847 6300
3 5794 2763 6287
3 5934 3559 6415
3 3376 6131 6167
3 229 5794 6287
3 5817 1578 6365
3 3844 5909 6356
3 5777 3323 6381
3 3250 5976 6199
3 3443 6054 6331
3 3682 6009 6300
3 3594 5697 6393
3 3439 6076 6321
3 3799 6116 6134
3 3488 5760 6337
3 5869 5934 6415
3 5703 3213 6385
3 3523 6082 6315
3 3847 5826 6300
3 3780 6308 6309
3 3532 6001 6200
3 16 5911 6272
3 3650 5953 6340
3 5953 2061 6340
3 6077 3731 6181
3 3747 6102 6288
3 5333 6296 6323
3 6296 4648 6323
3 3779 5804 6398
3 5876 3928 6400
3 3771 5768 6382
3 4131 6132 6188
3 6001 5355 6268
3 1797 5920 6376
3 6122 1172 6196
3 3764 5787 6392
3 3757 5788 6394
3 6018 390 6354
3 3670 6052 6409
3 5947 3997 6377
3 1357 6248 6380
3 5852 3247 6415
3 5917 4162 6363
3 3724 5829 6397
3 3695 5727 6412
3 5838 422 6420
3 6006 3724 6397
3 1315 6285 6338
3 6062 3336 6329
3 6308 12 6309
3 3629 6093 6379
3 3500 6058 6341
3 3323 5956 6381
3 3683 5938 6395
3 3679 6094 6327
3 6178 3666 6269
3 5980 4281 6401
3 6030 3594 6393
3 1784 6142 6305
3 6183 3406 6362
3 422 6040 6420
3 3534 6276 6279
3 6276 4717 6279
3 6283 3679 6327
3 6185 3501 6417
3 6126 1312 6358
3 6109 3723 6351
3 6183 3670 6409
3 17 6055 6396
3 1199 6155 6399
3 6055 3628 6396
3 6242 3695 6412
3 3591 6164 6335
3 3780 6309 6382
3 3766 6311 6394
3 3773 6310 6392
3 6309 3771 6382
3 6311 3757 6394
3 6310 3764 6392
3 6224 13 6335
3 4905 6113 6419
3 418 6303 6345
3 6330 4087 6405
3 6285 3740 6338
3 5856 6323 6414
3 6323 4648 6414
3 4281 6143 6401
3 6303 3572 6345
3 3406 6183 6409
3 2604 6193 6411
3 6266 3569 6362
3 4669 6273 6385

CELL_TYPES 12931
1
1
1
1
1
1
1
1
1
1
1
1
1
1
1
1
1
1
1
3
3
3
3
3
3
3
3
3
3
3
3
3
3
3
3
3
3
3
3
3
3
3
3
3
3
3
3
3
3
3
3
3
3
3
3
3
3
3
3
3
3
3
3
3
3
3
3
3
3
3
3
3
3
3
3
3
3
3
3
3
3
3
3
3
3
3
3
3
3
3
3
3
3
3
3
3
3
3
3
3
3
3
3
3
3
3
3
3
3
3
3
3
3
3
3
3
3
3
3
3
3
3
3
3
3
3
3
3
3
3
3
3
3
3
3
3
3
3
3
3
3
3
3
3
3
3
3
3
3
3
3
3
3
3
3
3
3
3
3
3
3
3
3
3
3
3
3
3
3
3
3
3
3
3
3
3
3
3
3
3
3
3
3
3
3
3
3
3
3
3
3
3
3
3
3
3
3
3
3
3
3
3
3
3
3
3
3
3
3
3
3
3
3
3
3
3
3
3
3
3
3
3
3
3
3
3
3
3
3
3
3
3
3
3
3
3
3
3
3
3
3
3
3
3
3
3
3
3
3
3
3
3
3
3
3
3
3
3
3
3
3
3
3
3
3
3
3
3
3
3
3
3
3
3
3
3
3
3
3
3
3
3
3
3
3
3
3
3
3
3
3
3
3
3
3
3
3
3
3
3
3
3
3
3
3
3
3
3
3
3
3
3
3
3
3
3
3
3
3
3
3
3
3
3
3
3
3
3
3
3
3
3
3
3
3
3
3
3
3
3
3
3
3
3
3
3
3
3
3
3
3
3
3
3
3
3
3
3
3
3
3
3
3
3
3
3
3
3
3
3
3
5
5
5
5
5
5
5
5
5
5
5
5
5
5
5
5
5
5
5
5
5
5
5
5
5
5
5
5
5
5
5
5
5
5
5
5
5
5
5
5
5
5
5
5
5
5
5
5
5
5
5
5
5
5
5
5
5
5
5
5
5
5
5
5
5
5
5
5
5
5
5
5
5
5
5
5
5
5
5
5
5
5
5
5
5
5
5
5
5
5
5
5
5
5
5
5
5
5
5
5
5
5
5
5
5
5
5
5
5
5
5
5
5
5
5
5
5
5
5
5
5
5
5
5
5
5
5
5
5
5
5
5
5
5
5
5
5
5
5
5
5
5
5
5
5
5
5
5
5
5
5
5
5
5
5
5
5
5
5
5
5
5
5
5
5
5
5
5
5
5
5
5
5
5
5
5
5
5
5
5
5
5
5
5
5
5
5
5
5
5
5
5
5
5
5
5
5
5
5
5
5
5
5
5
5
5
5
5
5
5
5
5
5
5
5
5
5
5
5
5
5
5
5
5
5
5
5
5
5
5
5
5
5
5
5
5
5
5
5
5
5
5
5
5
5
5
5
5
5
5
5
5
5
5
5
5
5
5
5
5
5
5
5
5
5
5
5
5
5
5
5
5
5
5
5
5
5
5
5
5
5
5
5
5
5
5
5
5
5
5
5
5
5
5
5
5
5
5
5
5
5
5
5
5
5
5
5
5
5
5
5
5
5
5
5
5
5
5
5
5
5
5
5
5
5
5
5
5
5
5
5
5
5
5
5
5
5
5
5
5
5
5
5
5
5
5
5
5
5
5
5
5
5
5
5
5
5
5
5
5
5
5
5
5
5
5
5
5
5
5
5
5
5
5
5
5
5
5
5
5
5
5
5
5
5
5
5
5
5
5
5
5
5
5
5
5
5
5
5
5
5
5
5
5
5
5
5
5
5
5
5
5
5
5
5
5
5
5
5
5
5
5
5
5
5
5
5
5
5
5
5
5
5
5
5
5
5
5
5
5
5
5
5
5
5
5
5
5
5
5
5
5
5
5
5
5
5
5
5
5
5
5
5
5
5
5
5
5
5
5
5
5
5
5
5
5
5
5
5
5
5
5
5
5
5
5
5
5
5
5
5
5
5
5
5
5
5
5
5
5
5
5
5
5
5
5
5
5
5
5
5
5
5
5
5
5
5
5
5
5
5
5
5
5
5
5
5
5
5
5
5
5
5
5
5
5
5
5
5
5
5
5
5
5
5
5
5
5
5
5
5
5
5
5
5
5
5
5
5
5
5
5
5
5
5
5
5
5
5
5
5
5
5
5
5
5
5
5
5
5
5
5
5
5
5
5
5
5
5
5
5
5
5
5
5
5
5
5
5
5
5
5
5
5
5
5
5
5
5
5
5
5
5
5
5
5
5
5
5
5
5
5
5
5
5
5
5
5
5
5
5
5
5
5
5
5
5
5
5
5
5
5
5
5
5
5
5
5
5
5
5
5
5
5
5
5
5
5
5
5
5
5
5
5
5
5
5
5
5
5
5
5
5
5
5
5
5
5
5
5
5
5
5
5
5
5
5
5
5
5
5
5
5
5
5
5
5
5
5
5
5
5
5
5
5
5
5
5
5
5
5
5
5
5
5
5
5
5
5
5
5
5
5
5
5
5
5
5
5
5
5
5
5
5
5
5
5
5
5
5
5
5
5
5
5
5
5
5
5
5
5
5
5
5
5
5
5
5
5
5
5
5
5
5
5
5
5
5
5
5
5
5
5
5
5
5
5
5
5
5
5
5
5
5
5
5
5
5
5
5
5
5
5
5
5
5
5
5
5
5
5
5
5
5
5
5
5
5
5
5
5
5
5
5
5
5
5
5
5
5
5
5
5
5
5
5
5
5
5
5
5
5
5
5
5
5
5
5
5
5
5
5
5
5
5
5
5
5
5
5
5
5
5
5
5
5
5
5
5
5
5
5
5
5
5
5
5
5
5
5
5
5
5
5
5
5
5
5
5
5
5
5
5
5
5
5
5
5
5
5
5
5
5
5
5
5
5
5
5
5
5
5
5
5
5
5
5
5
5
5
5
5
5
5
5
5
5
5
5
5
5
5
5
5
5
5
5
5
5
5
5
5
5
5
5
5
5
5
5
5
5
5
5
5
5
5
5
5
5
5
5
5
5
5
5
5
5
5
5
5
5
5
5
5
5
5
5
5
5
5
5
5
5
5
5
5
5
5
5
5
5
5
5
5
5
5
5
5
5
5
5
5
5
5
5
5
5
5
5
5
5
5
5
5
5
5
5
5
5
5
5
5
5
5
5
5
5
5
5
5
5
5
5
5
5
5
5
5
5
5
5
5
5
5
5
5
5
5
5
5
5
5
5
5
5
5
5
5
5
5
5
5
5
5
5
5
5
5
5
5
5
5
5
5
5
5
5
5
5
5
5
5
5
5
5
5
5
5
5
5
5
5
5
5
5
5
5
5
5
5
5
5
5
5
5
5
5
5
5
5
5
5
5
5
5
5
5
5
5
5
5
5
5
5
5
5
5
5
5
5
5
5
5
5
5
5
5
5
5
5
5
5
5
5
5
5
5
5
5
5
5
5
5
5
5
5
5
5
5
5
5
5
5
5
5
5
5
5
5
5
5
5
5
5
5
5
5
5
5
5
5
5
5
5
5
5
5
5
5
5
5
5
5
5
5
5
5
5
5
5
5
5
5
5
5
5
5
5
5
5
5
5
5
5
5
5
5
5
5
5
5
5
5
5
5
5
5
5
5
5
5
5
5
5
5
5
5
5
5
5
5
5
5
5
5
5
5
5
5
5
5
5
5
5
5
5
5
5
5
5
5
5
5
5
5
5
5
5
5
5
5
5
5
5
5
5
5
5
5
5
5
5
5
5
5
5
5
5
5
5
5
5
5
5
5
5
5
5
5
5
5
5
5
5
5
5
5
5
5
5
5
5
5
5
5
5
5
5
5
5
5
5
5
5
5
5
5
5
5
5
5
5
5
5
5
5
5
5
5
5
5
5
5
5
5
5
5
5
5
5
5
5
5
5
5
5
5
5
5
5
5
5
5
5
5
5
5
5
5
5
5
5
5
5
5
5
5
5
5
5
5
5
5
5
5
5
5
5
5
5
5
5
5
5
5
5
5
5
5
5
5
5
5
5
5
5
5
5
5
5
5
5
5
5
5
5
5
5
5
5
5
5
5
5
5
5
5
5
5
5
5
5
5
5
5
5
5
5
5
5
5
5
5
5
5
5
5
5
5
5
5
5
5
5
5
5
5
5
5
5
5
5
5
5
5
5
5
5
5
5
5
5
5
5
5
5
5
5
5
5
5
5
5
5
5
5
5
5
5
5
5
5
5
5
5
5
5
5
5
5
5
5
5
5
5
5
5
5
5
5
5
5
5
5
5
5
5
5
5
5
5
5
5
5
5
5
5
5
5
5
5
5
5
5
5
5
5
5
5
5
5
5
5
5
5
5
5
5
5
5
5
5
5
5
5
5
5
5
5
5
5
5
5
5
5
5
5
5
5
5
5
5
5
5
5
5
5
5
5
5
5
5
5
5
5
5
5
5
5
5
5
5
5
5
5
5
5
5
5
5
5
5
5
5
5
5
5
5
5
5
5
5
5
5
5
5
5
5
5
5
5
5
5
5
5
5
5
5
5
5
5
5
5
5
5
5
5
5
5
5
5
5
5
5
5
5
5
5
5
5
5
5
5
5
5
5
5
5
5
5
5
5
5
5
5
5
5
5
5
5
5
5
5
5
5
5
5
5
5
5
5
5
5
5
5
5
5
5
5
5
5
5
5
5
5
5
5
5
5
5
5
5
5
5
5
5
5
5
5
5
5
5
5
5
5
5
5
5
5
5
5
5
5
5
5
5
5
5
5
5
5
5
5
5
5
5
5
5
5
5
5
5
5
5
5
5
5
5
5
5
5
5
5
5
5
5
5
5
5
5
5
5
5
5
5
5
5
5
5
5
5
5
5
5
5
5
5
5
5
5
5
5
5
5
5
5
5
5
5
5
5
5
5
5
5
5
5
5
5
5
5
5
5
5
5
5
5
5
5
5
5
5
5
5
5
5
5
5
5
5
5
5
5
5
5
5
5
5
5
5
5
5
5
5
5
5
5
5
5
5
5
5
5
5
5
5
5
5
5
5
5
5
5
5
5
5
5
5
5
5
5
5
5
5
5
5
5
5
5
5
5
5
5
5
5
5
5
5
5
5
5
5
5
5
5
5
5
5
5
5
5
5
5
5
5
5
5
5
5
5
5
5
5
5
5
5
5
5
5
5
5
5
5
5
5
5
5
5
5
5
5
5
5
5
5
5
5
5
5
5
5
5
5
5
5
5
5
5
5
5
5
5
5
5
5
5
5
5
5
5
5
5
5
5
5
5
5
5
5
5
5
5
5
5
5
5
5
5
5
5
5
5
5
5
5
5
5
5
5
5
5
5
5
5
5
5
5
5
5
5
5
5
5
5
5
5
5
5
5
5
5
5
5
5
5
5
5
5
5
5
5
5
5
5
5
5
5
5
5
5
5
5
5
5
5
5
5
5
5
5
5
5
5
5
5
5
5
5
5
5
5
5
5
5
5
5
5
5
5
5
5
5
5
5
5
5
5
5
5
5
5
5
5
5
5
5
5
5
5
5
5
5
5
5
5
5
5
5
5
5
5
5
5
5
5
5
5
5
5
5
5
5
5
5
5
5
5
5
5
5
5
5
5
5
5
5
5
5
5
5
5
5
5
5
5
5
5
5
5
5
5
5
5
5
5
5
5
5
5
5
5
5
5
5
5
5
5
5
5
5
5
5
5
5
5
5
5
5
5
5
5
5
5
5
5
5
5
5
5
5
5
5
5
5
5
5
5
5
5
5
5
5
5
5
5
5
5
5
5
5
5
5
5
5
5
5
5
5
5
5
5
5
5
5
5
5
5
5
5
5
5
5
5
5
5
5
5
5
5
5
5
5
5
5
5
5
5
5
5
5
5
5
5
5
5
5
5
5
5
5
5
5
5
5
5
5
5
5
5
5
5
5
5
5
5
5
5
5
5
5
5
5
5
5
5
5
5
5
5
5
5
5
5
5
5
5
5
5
5
5
5
5
5
5
5
5
5
5
5
5
5
5
5
5
5
5
5
5
5
5
5
5
5
5
5
5
5
5
5
5
5
5
5
5
5
5
5
5
5
5
5
5
5
5
5
5
5
5
5
5
5
5
5
5
5
5
5
5
5
5
5
5
5
5
5
5
5
5
5
5
5
5
5
5
5
5
5
5
5
5
5
5
5
5
5
5
5
5
5
5
5
5
5
5
5
5
5
5
5
5
5
5
5
5
5
5
5
5
5
5
5
5
5
5
5
5
5
5
5
5
5
5
5
5
5
5
5
5
5
5
5
5
5
5
5
5
5
5
5
5
5
5
5
5
5
5
5
5
5
5
5
5
5
5
5
5
5
5
5
5
5
5
5
5
5
5
5
5
5
5
5
5
5
5
5
5
5
5
5
5
5
5
5
5
5
5
5
5
5
5
5
5
5
5
5
5
5
5
5
5
5
5
5
5
5
5
5
5
5
5
5
5
5
5
5
5
5
5
5
5
5
5
5
5
5
5
5
5
5
5
5
5
5
5
5
5
5
5
5
5
5
5
5
5
5
5
5
5
5
5
5
5
5
5
5
5
5
5
5
5
5
5
5
5
5
5
5
5
5
5
5
5
5
5
5
5
5
5
5
5
5
5
5
5
5
5
5
5
5
5
5
5
5
5
5
5
5
5
5
5
5
5
5
5
5
5
5
5
5
5
5
5
5
5
5
5
5
5
5
5
5
5
5
5
5
5
5
5
5
5
5
5
5
5
5
5
5
5
5
5
5
5
5
5
5
5
5
5
5
5
5
5
5
5
5
5
5
5
5
5
5
5
5
5
5
5
5
5
5
5
5
5
5
5
5
5
5
5
5
5
5
5
5
5
5
5
5
5
5
5
5
5
5
5
5
5
5
5
5
5
5
5
5
5
5
5
5
5
5
5
5
5
5
5
5
5
5
5
5
5
5
5
5
5
5
5
5
5
5
5
5
5
5
5
5
5
5
5
5
5
5
5
5
5
5
5
5
5
5
5
5
5
5
5
5
5
5
5
5
5
5
5
5
5
5
5
5
5
5
5
5
5
5
5
5
5
5
5
5
5
5
5
5
5
5
5
5
5
5
5
5
5
5
5
5
5
5
5
5
5
5
5
5
5
5
5
5
5
5
5
5
5
5
5
5
5
5
5
5
5
5
5
5
5
5
5
5
5
5
5
5
5
5
5
5
5
5
5
5
5
5
5
5
5
5
5
5
5
5
5
5
5
5
5
5
5
5
5
5
5
5
5
5
5
5
5
5
5
5
5
5
5
5
5
5
5
5
5
5
5
5
5
5
5
5
5
5
5
5
5
5
5
5
5
5
5
5
5
5
5
5
5
5
5
5
5
5
5
5
5
5
5
5
5
5
5
5
5
5
5
5
5
5
5
5
5
5
5
5
5
5
5
5
5
5
5
5
5
5
5
5
5
5
5
5
5
5
5
5
5
5
5
5
5
5
5
5
5
5
5
5
5
5
5
5
5
5
5
5
5
5
5
5
5
5
5
5
5
5
5
5
5
5
5
5
5
5
5
5
5
5
5
5
5
5
5
5
5
5
5
5
5
5
5
5
5
5
5
5
5
5
5
5
5
5
5
5
5
5
5
5
5
5
5
5
5
5
5
5
5
5
5
5
5
5
5
5
5
5
5
5
5
5
5
5
5
5
5
5
5
5
5
5
5
5
5
5
5
5
5
5
5
5
5
5
5
5
5
5
5
5
5
5
5
5
5
5
5
5
5
5
5
5
5
5
5
5
5
5
5
5
5
5
5
5
5
5
5
5
5
5
5
5
5
5
5
5
5
5
5
5
5
5
5
5
5
5
5
5
5
5
5
5
5
5
5
5
5
5
5
5
5
5
5
5
5
5
5
5
5
5
5
5
5
5
5
5
5
5
5
5
5
5
5
5
5
5
5
5
5
5
5
5
5
5
5
5
5
5
5
5
5
5
5
5
5
5
5
5
5
5
5
5
5
5
5
5
5
5
5
5
5
5
5
5
5
5
5
5
5
5
5
5
5
5
5
5
5
5
5
5
5
5
5
5
5
5
5
5
5
5
5
5
5
5
5
5
5
5
5
5
5
5
5
5
5
5
5
5
5
5
5
5
5
5
5
5
5
5
5
5
5
5
5
5
5
5
5
5
5
5
5
5
5
5
5
5
5
5
5
5
5
5
5
5
5
5
5
5
5
5
5
5
5
5
5
5
5
5
5
5
5
5
5
5
5
5
5
5
5
5
5
5
5
5
5
5
5
5
5
5
5
5
5
5
5
5
5
5
5
5
5
5
5
5
5
5
5
5
5
5
5
5
5
5
5
5
5
5
5
5
5
5
5
5
5
5
5
5
5
5
5
5
5
5
5
5
5
5
5
5
5
5
5
5
5
5
5
5
5
5
5
5
5
5
5
5
5
5
5
5
5
5
5
5
5
5
5
5
5
5
5
5
5
5
5
5
5
5
5
5
5
5
5
5
5
5
5
5
5
5
5
5
5
5
5
5
5
5
5
5
5
5
5
5
5
5
5
5
5
5
5
5
5
5
5
5
5
5
5
5
5
5
5
5
5
5
5
5
5
5
5
5
5
5
5
5
5
5
5
5
5
5
5
5
5
5
5
5
5
5
5
5
5
5
5
5
5
5
5
5
5
5
5
5
5
5
5
5
5
5
5
5
5
5
5
5
5
5
5
5
5
5
5
5
5
5
5
5
5
5
5
5
5
5
5
5
5
5
5
5
5
5
5
5
5
5
5
5
5
5
5
5
5
5
5
5
5
5
5
5
5
5
5
5
5
5
5
5
5
5
5
5
5
5
5
5
5
5
5
5
5
5
5
5
5
5
5
5
5
5
5
5
5
5
5
5
5
5
5
5
5
5
5
5
5
5
5
5
5
5
5
5
5
5
5
5
5
5
5
5
5
5
5
5
5
5
5
5
5
5
5
5
5
5
5
5
5
5
5
5
5
5
5
5
5
5
5
5
5
5
5
5
5
5
5
5
5
5
5
5
5
5
5
5
5
5
5
5
5
5
5
5
5
5
5
5
5
5
5
5
5
5
5
5
5
5
5
5
5
5
5
5
5
5
5
5
5
5
5
5
5
5
5
5
5
5
5
5
5
5
5
5
5
5
5
5
5
5
5
5
5
5
5
5
5
5
5
5
5
5
5
5
5
5
5
5
5
5
5
5
5
5
5
5
5
5
5
5
5
5
5
5
5
5
5
5
5
5
5
5
5
5
5
5
5
5
5
5
5
5
5
5
5
5
5
5
5
5
5
5
5
5
5
5
5
5
5
5
5
5
5
5
5
5
5
5
5
5
5
5
5
5
5
5
5
5
5
5
5
5
5
5
5
5
5
5
5
5
5
5
5
5
5
5
5
5
5
5
5
5
5
5
5
5
5
5
5
5
5
5
5
5
5
5
5
5
5
5
5
5
5
5
5
5
5
5
5
5
5
5
5
5
5
5
5
5
5
5
5
5
5
5
5
5
5
5
5
5
5
5
5
5
5
5
5
5
5
5
5
5
5
5
5
5
5
5
5
5
5
5
5
5
5
5
5
5
5
5
5
5
5
5
5
5
5
5
5
5
5
5
5
5
5
5
5
5
5
5
5
5
5
5
5
5
5
5
5
5
5
5
5
5
5
5
5
5
5
5
5
5
5
5
5
5
5
5
5
5
5
5
5
5
5
5
5
5
5
5
5
5
5
5
5
5
5
5
5
5
5
5
5
5
5
5
5
5
5
5
5
5
5
5
5
5
5
5
5
5
5
5
5
5
5
5
5
5
5
5
5
5
5
5
5
5
5
5
5
5
5
5
5
5
5
5
5
5
5
5
5
5
5
5
5
5
5
5
5
5
5
5
5
5
5
5
5
5
5
5
5
5
5
5
5
5
5
5
5
5
5
5
5
5
5
5
5
5
5
5
5
5
5
5
5
5
5
5
5
5
5
5
5
5
5
5
5
5
5
5
5
5
5
5
5
5
5
5
5
5
5
5
5
5
5
5
5
5
5
5
5
5
5
5
5
5
5
5
5
5
5
5
5
5
5
5
5
5
5
5
5
5
5
5
5
5
5
5
5
5
5
5
5
5
5
5
5
5
5
5
5
5
5
5
5
5
5
5
5
5
5
5
5
5
5
5
5
5
5
5
5
5
5
5
5
5
5
5
5
5
5
5
5
5
5
5
5
5
5
5
5
5
5
5
5
5
5
5
5
5
5
5
5
5
5
5
5
5
5
5
5
5
5
5
5
5
5
5
5
5
5
5
5
5
5
5
5
5
5
5
5
5
5
5
5
5
5
5
5
5
5
5
5
5
5
5
5
5
5
5
5
5
5
5
5
5
5
5
5
5
5
5
5
5
5
5
5
5
5
5
5
5
5
5
5
5
5
5
5
5
5
5
5
5
5
5
5
5
5
5
5
5
5
5
5
5
5
5
5
5
5
5
5
5
5
5
5
5
5
5
5
5
5
5
5
5
5
5
5
5
5
5
5
5
5
5
5
5
5
5
5
5
5
5
5
5
5
5
5
5
5
5
5
5
5
5
5
5
5
5
5
5
5
5
5
5
5
5
5
5
5
5
5
5
5
5
5
5
5
5
5
5
5
5
5
5
5
5
5
5
5
5
5
5
5
5
5
5
5
5
5
5
5
5
5
5
5
5
5
5
5
5
5
5
5
5
5
5
5
5
5
5
5
5
5
5
5
5
5
5
5
5
5
5
5
5
5
5
5
5
5
5
5
5
5
5
5
5
5
5
5
5
5
5
5
5
5
5
5
5
5
5
5
5
5
5
5
5
5
5
5
5
5
5
5
5
5
5
5
5
5
5
5
5
5
5
5
5
5
5
5
5
5
5
5
5
5
5
5
5
5
5
5
5
5
5
5
5
5
5
5
5
5
5
5
5
5
5
5
5
5
5
5
5
5
5
5
5
5
5
5
5
5
5
5
5
5
5
5
5
5
5
5
5
5
5
5
5
5
5
5
5
5
5
5
5
5
5
5
5
5
5
5
5
5
5
5
5
5
5
5
5
5
5
5
5
5
5
5
5
5
5
5
5
5
5
5
5
5
5
5
5
5
5
5
5
5
5
5
5
5
5
5
5
5
5
5
5
5
5
5
5
5
5
5
5
5
5
5
5
5
5
5
5
5
5
5
5
5
5
5
5
5
5
5
5
5
5
5
5
5
5
5
5
5
5
5
5
5
5
5
5
5
5
5
5
5
5
5
5
5
5
5
5
5
5
5
5
5
5
5
5
5
5
5
5
5
5
5
5
5
5
5
5
5
5
5
5
5
5
5
5
5
5
5
5
5
5
5
5
5
5
5
5
5
5
5
5
5
5
5
5
5
5
5
5
5
5
5
5
5
5
5
5
5
5
5
5
5
5
5
5
5
5
5
5
5
5
5
5
5
5
5
5
5
5
5
5
5
5
5
5
5
5
5
5
5
5
5
5
5
5
5
5
5
5
5
5
5
5
5
5
5
5
5
5
5
5
5
5
5
5
5
5
5
5
5
5
5
5
5
5
5
5
5
5
5
5
5
5
5
5
5
5
5
5
5
5
5
5
5
5
5
5
5
5
5
5
5
5
5
5
5
5
5
5
5
5
5
5
5
5
5
5
5
5
5
5
5
5
5
5
5
5
5
5
5
5
5
5
5
5
5
5
5
5
5
5
5
5
5
5
5
5
5
5
5
5
5
5
5
5
5
5
5
5
5
5
5
5
5
5
5
5
5
5
5
5
5
5
5
5
5
5
5
5
5
5
5
5
5
5
5
5
5
5
5
5
5
5
5
5
5
5
5
5
5
5
5
5
5
5
5
5
5
5
5
5
5
5
5
5
5
5
5
5
5
5
5
5
5
5
5
5
5
5
5
5
5
5
5
5
5
5
5
5
5
5
5
5
5
5
5
5
5
5
5
5
5
5
5
5
5
5
5
5
5
5
5
5
5
5
5
5
5
5
5
5
5
5
5
5
5
5
5
5
5
5
5
5
5
5
5
5
5
5
5
5
5
5
5
5
5
5
5
5
5
5
5
5
5
5
5
5
5
5
5
5
5
5
5
5
5
5
5
5
5
5
5
5
5
5
5
5
5
5
5
5
5
5
5
5
5
5
5
5
5
5
5
5
5
5
5
5
5
5
5
5
5
5
5
5
5
5
5
5
5
5
5
5
5
5
5
5
5
5
5
5
5
5
5
5
5
5
5
5
5
5
5
5
5
5
5
5
5
5
5
5
5
5
5
5
5
5
5
5
5
5
5
5
5
5
5
5
5
5
5
5
5
5
5
5
5
5
5
5
5
5
5
5
5
5
5
5
5
5
5
5
5
5
5
5
5
5
5
5
5
5
5
5
5
5
5
5
5
5
5
5
5
5
5
5
5
5
5
5
5
5
5
5
5
5
5
5
5
5
5
5
5
5
5
5
5
5
5
5
5
5
5
5
5
5
5
5
5
5
5
5
5
5
5
5
5
5
5
5
5
5
5
5
5
5
5
5
5
5
5
5
5
5
5
5
5
5
5
5
5
5
5
5
5
5
5
5
5
5
5
5
5
5
5
5
5
5
5
5
5
5
5
5
5
5
5
5
5
5
5
5
5
5
5
5
5
5
5
5
5
5
5
5
5
5
5
5
5
5
5
5
5
5
5
5
5
5
5
5
5
5
5
5
5
5
5
5
5
5
5
5
5
5
5
5
5
5
5
5
5
5
5
5
5
5
5
5
5
5
5
5
5
5
5
5
5
5
5
5
5
5
5
5
5
5
5
5
5
5
5
5
5
5
5
5
5
5
5
5
5
5
5
5
5
5
5
5
5
5
5
5
5
5
5
5
5
5
5
5
5
5
5
5
5
5
5
5
5
5
5
5
5
5
5
5
5
5
5
5
5
5
5
5
5
5
5
5
5
5
5
5
5
5
5
5
5
5
5
5
5
5
5
5
5
5
5
5
5
5
5
5
5
5
5
5
5
5
5
5
5
5
5
5
5
5
5
5
5
5
5
5
5
5
5
5
5
5
5
5
5
5
5
5
5
5
5
5
5
5
5
5
5
5
5
5
5
5
5
5
5
5
5
5
5
5
5
5
5
5
5
5
5
5
5
5
5
5
5
5
5
5
5
5
5
5
5
5
5
5
5
5
5
5
5
5
5
5
5
5
5
5
5
5
5
5
5
5
5
5
5
5
5
5
5
5
5
5
5
5
5
5
5
5
5
5
5
5
5
5
5
5
5
5
5
5
5
5
5
5
5
5
5
5
5
5
5
5
5
5
5
5
5
5
5
5
5
5
5
5
5
5
5
5
5
5
5
5
5
5
5
5
5
5
5
5
5
5
5
5
5
5
5
5
5
5
5
5
5
5
5
5
5
5
5
5
5
5
5
5
5
5
5
5
5
5
5
5
5
5
5
5
5
5
5
5
5
5
5
5
5
5
5
5
5
5
5
5
5
5
5
5
5
5
5
5
5
5
5
5
5
5
5
5
5
5
5
5
5
5
5
5
5
5
5
5
5
5
5
5
5
5
5
5
5
5
5
5
5
5
5
5
5
5
5
5
5
5
5
5
5
5
5
5
5
5
5
5
5
5
5
5
5
5
5
5
5
5
5
5
5
5
5
5
5
5
5
5
5
5
5
5
5
5
5
5
5
5
5
5
5
5
5
5
5
5
5
5
5
5
5
5
5
5
5
5
5
5
5
5
5
5
5
5
5
5
5
5
5
5
5
5
5
5
5
5
5
5
5
5
5
5
5
5
5
5
5
5
5
5
5
5
5
5
5
5
5
5
5
5
5
5
5
5
5
5
5
5
5
5
5
5
5
5
5
5
5
5
5
5
5
5
5
5
5
5
5
5
5
5
5
5
5
5
5
5
5
5
5
5
5
5
5
5
5
5
5
5
5
5
5
5
5
5
5
5
5
5
5
5
5
5
5
5
5
5
5
5
5
5
5
5
5
5
5
5
5
5
5
5
5
5
5
5
5
5
5
5
5
5
5
5
5
5
5
5
5
5
5
5
5
5
5
5
5
5
5
5
5
5
5
5
5
5
5
5
5
5
5
5
5
5
5
5
5
5
5
5
5
5
5
5
5
5
5
5
5
5
5
5
5
5
5
5
5
5
5
5
5
5
5
5
5
5
5
5
5
5
5
5
5
5
5
5
5
5
5
5
5
5
5
5
5
5
5
5
5
5
5
5
5
5
5
5
5
5
5
5
5
5
5
5
5
5
5
5
5
5
5
5
5
5
5
5
5
5
5
5
5
5
5
5
5
5
5
5
5
5
5
5
5
5
5
5
5
5
5
5
5
5
5
5
5
5
5
5
5
5
5
5
5
5
5
5
5
5
5
5
5
5
5
5
5
5
5
5
5
5
5
5
5
5
5
5
5
5
5
5
5
5
5
5
5
5
5
5
5
5
5
5
5
5
5
5
5
5
5
5
5
5
5
5
5
5
5
5
5
5
5
5
5
5
5
5
5
5
5
5
5
5
5
5
5
5
5
5
5
5
5
5
5
5
5
5
5
5
5
5
5
5
5
5
5
5
5
5
5
5
5
5
5
5
5
5
5
5
5
5
5
5
5
5
5
5
5
5
5
5
5
5
5
5
5
5
5
5
5
5
5
5
5
5
5
5
5
5
5
5
5
5
5
5
5
5
5
5
5
5
5
5
5
5
5
5
5
5
5
5
5
5
5
5
5
5
5
5
5
5
5
5
5
5
5
5
5
5
5
5
5
5
5
5
5
5
5
5
5
5
5
5
5
5
5
5
5
5
5
5
5
5
5
5
5
5
5
5
5
5
5
5
5
5
5
5
5
5
5
5
5
5
5
5
5
5
5
5
5
5
5
5
5
5
5
5
5
5
5
5
5
5
5
5
5
5
5
5
5
5
5
5
5
5
5
5
5
5
5
5
5
5
5
5
5
5
5
5
5
5
5
5
5
5
5
5
5
5
5
5
5
5
5
5
5
5
5
5
5
5
5
5
5
5
5
5
5
5
5
5
5
5
5
5
5
5
5
5
5
5
5
5
5
5
5
5
5
5
5
5
5
5
5
5
5
5
5
5
5
5
5
5
5
5
5
5
5
5
5
5
5
5
5
5
5
5
5
5
5
5
5
5
5
5
5
5
5
5
5
5
5
5
5
5
5
5
5
5
5
5
5
5
5
5
5
5
5
5
5
5
5
5
5
5
5
5
5
5
5
5
5
5
5
5
5
5
5
5
5
5
5
5
5
5
5
5
5
5
5
5
5
5
5
5
5
5
5
5
5
5
5
5
5
5
5
5
5
5
5
5
5
5
5
5
5
5
5
5
5
5
5
5
5
5
5
5
5
5
5
5
5
5
5
5
5
5
5
5
5
5
5
5
5
5
5
5
5
5
5
5
5
5
5
5
5
5
5
5
5
5
5
5
5
5
5
5
5
5
5
5
5
5
5
5
5
5
5
5
5
5
5
5
5
5
5
5
5
5
5
5
5
5
5
5
5
5
5
5
5
5
5
5
5
5
5
5
5
5
5
5
5
5
5
5
5
5
5
5
5
5
5
5
5
5
5
5
5
5
5
5
5
5
5
5
5
5
5
5
5
5
5
5
5
5
5
5
5
5
5
5
5
5
5
5
5
5
5
5
5
5
5
5
5
5
5
5
5
5
5
5
5
5
5
5
5
5
5
5
5
5
5
5
5
5
5
5
5
5
5
5
5
5
5
5
5
5
5
5
5
5
5
5
5
5
5
5
5
5
5
5
5
5
5
5
5
5
5
5
5
5
5
5
5
5
5
5
5
5
5
5
5
5
5
5
5
5
5
5
5
5
5
5
5
5
5
5
5
5
5
5
5
5
5
5
5
5
5
5
5
5
5
5
5
5
5
5
5
5
5
5
5
5
5
5
5
5
5
5
5
5
5
5
5
5
5
5
5
5
5
5
5
5
5
5
5
5
5
5
5
5
5
5
5
5
5
5
5
5
5
5
5
5
5
5
5
5
5
5
5
5
5
5
5
5
5
5
5
5
5
5
5
5
5
5
5
5
5
5
5
5
5
5
5
5
5
5
5
5
5
5
5
5
5
5
5
5
5
5
5
5
5
5
5
5
5
5
5
5
5
5
5
5
5
5
5
5
5
5
5
5
5
5
5
5
5
5
5
5
5
5
5
5
5
5
5
5
5
5
5
5
5
5
5
5
5
5
5
5
5
5
5
5
5
5
5
5
5
5
5
5
5
5
5
5
5
5
5
5
5
5
5
5
5
5
5
5
5
5
5
5
5
5
5
5
5
5
5
5
5
5
5
5
5
5
5
5
5
5
5
5
5
5
5
5
5
5
5
5
5
5
5
5
5
5
5
5
5
5
5
5
5
5
5
5
5
5
5
5
5
5
5
5
5
5
5
5
5
5
5
5
5
5
5
5
5
5
5
5
5
5
5
5
5
5
5
5
5
5
5
5
5
5
5
5
5
5
5
5
5
5
5
5
5
5
5
5
5
5
5
5
5
5
5
5
5
5
5
5
5
5
5
5
5
5
5
5
5
5
5
5
5
5
5
5
5
5
5
5
5
5
5
5
5
5
5
5
5
5
5
5
5
5
5
5
5
5
5
5
5
5
5
5
5
5
5
5
5
5
5
5
5
5
5
5
5
5
5
5
5
5
5
5
5
5
5
5
5
5
5
5
5
5
5
5
5
5
5
5
5
5
5
5
5
5
5
5
5
5
5
5
5
5
5
5
5
5
5
5
5
5
5
5
5
5
5
5
5
5
5
5
5
5
5
5
5
5
5
5
5
5
5
5
5
5
5
5
5
5
5
5
5
5
5
5
5
5
5
5
5
5
5
5
5
5
5
5
5
5
5
5
5
5
5
5
5
5
5
5
5
5
5
5
5
5
5
5
5
5
5
5
5
5
5
5
5
5
5
5
5
5
5
5
5
5
5
5
5
5
5
5
5
5
5
5
5
5
5
5
5
5
5
5
5
5
5
5
5
5
5
5
5
5
5
5
5
5
5
5
5
5
5
5
5
5
5
5
5
5
5
5
5
5
5
5
5
5
5
5
5
5
5
5
5
5
5
5
5
5
5
5
5
5
5
5
5
5
5
5
5
5
5
5
5
5
5
5
5
5
5
5
5
5
5
5
5
5
5
5
5
5
5
5
5
5
5
5
5
5
5
5
5
5
5
5
5
5
5
5
5
5
5
5
5
5
5
5
5
5
5
5
5
5
5
5
5
5
5
5
5
5
5
5
5
5
5
5
5
5
5
5
5
5
5
5
5
5
5
5
5
5
5
5
5
5
5
5
5
5
5
5
5
5
5
5
5
5
5
5
5
5
5
5
5
5
5
5
5
5
5
5
5
5
5
5
5
5
5
5
5
5
5
5
5
5
5
5
5
5
5
5
5
5
5
5
5
5
5
5
5
5
5
5
5
5
5
5
5
5
5
5
5
5
5
5
5
5
5
5
5
5
5
5
5
5
5
5
5
5
5
5
5
5
5
5
5
5
5
5
5
5
5
5
5
5
5
5
5
5
5
5
5
5
5
5
5
5
5
5
5
5
5
5
5
5
5
5
5
5
5
5
5
5
5
5
5
5
5
5
5
5
5
5
5
5
5
5
5
5
5
5
5
5
5
5
5
5
5
5
5
5
5
5
5
5
5
5
5
5
5
5
5
5
5
5
5
5
5
5
5
5
5
5
5
5
5
5
5
5
5
5
5
5
5
5
5
5
5
5
5
5
5
5
5
5
5
5
5
5
5
5
5
5
5
5
5
5
5
5
5
5
5
5
5
5
5
5
5
5
5
5
5
5
5
5
5
5
5
5
5
5
5
5
5
5
5
5
5
5
5
5
5
5
5
5
5
5
5
5
5
5
5
5
5
5
5
5
5
5
5
5
5
5
5
5
5
5
5
5
5
5
5
5
5
5
5
5
5
5
5
5
5
5
5
5
5
5
5
5
5
5
5
5
5
5
5
5
5
5
5
5
5
5
5
5
5
5
5
5
5
5
5
5
5
5
5
5
5
5
5
5
5
5
5
5
5
5
5
5
5
5
5
5
5
5
5
5
5
5
5
5
5
5
5
5
5
5
5
5
5
5
5
5
5
5
5
5
5
5
5
5
5
5
5
5
5
5
5
5
5
5
5
5
5
5
5
5
5
5
5
5
5
5
5
5
5
5
5
5
5
5
5
5
5
5
5
5
5
5
5
5
5
5
5
5
5
5
5
5
5
5
5
5
5
5
5
5
5
5
5
5
5
5
5
5
5
5
5
5
5
5
5
5
5
5
5
5
5
5
5
5
5
5
5
5
5
5
5
5
5
5
5
5
5
5
5
5
5
5
5
5
5
5
5
5
5
5
5
5
5
5
5
5
5
5
5
5
5
5
5
5
5
5
5
5
5
5
5
5
5
5
5
5
5
5
5
5
5
5
5
5
5
5
5
5
5
5
5
5
5
5
5
5
5
5
5
5
5
5
5
5
5
5
5
5
5
5
5
5
5
5
5
5
5
5
5
5
5
5
5
5
5
5
5
5
5
5
5
5
5
5
5
5
5
5
5
5
5
5
5
5
5
5
5
5
5
5
5
5
5
5
5
5
5
5
5
5
5
5
5
5
5
5
5
5
5
5
5
5
5
5
5
5
5
5
5
5
5
5
5
5
5
5
5
5
5
5
5
5
5
5
5
5
5
5
5
5
5
5
5
5
5
5
5
5
5
5
5
5
5
5
5
5
5
5
5
5
5
5
5
5
5
5
5
5
5
5
5
5
5
5
5
5
5
5
5
5
5
5
5
5
5
5
5
5
5
5
5
5
5
5
5
5
5
5
5
5
5
5
5
5
5
5
5
5
5
5
5
5
5
5
5
5
5
5
5
5
5
5
5
5
5
5
5
5
5
5
5
5
5
5
5
5
5
5
5
5
5
5
5
5
5
5
5
5
5
5
5
5
5
5
5
5
5
5
5
5
5
5
5
5
5
5
5
5
5
5
5
5
5
5
5
5
5
5
5
5
5
5
5
5
5
5
5
5
5
5
5
5
5
5
5
5
5
5
5
5
5
5
5
5
5
5
5
5
5
5
5
5
5
5
5
5
5
5
5
5
5
5
5
5
5
5
5
5
5
5
5
5
5
5
5
5
5
5
5
5
5
5
5
5
5
5
5
5
5
5
5
5
5
5
5
5
5
5
5
5
5
5
5
5
5
5
5
5
5
5
5
5
5
5
5
5
5
5
5
5
5
5
5
5
5
5
5
5
5
5
5
5
5
5
5
5
5
5
5
5
5
5
5
5
5
5
5
5
5
5
5
5
5
5
5
5
5
5
5
5
5
5
5
5
5
5
5
5
5
5
5
5
5
5
5
5
5
5
5
5
5
5
5
5
5
5
5
5
5
5
5
5
5
5
5
5
5
5
5
5
5
5
5
5
5
5
5
5
5
5
5
5
5
5
5
5
5
5
5
5
5
5
5
5
5
5
5
5
5
5
5
5
5
5
5
5
5
5
5
5
5
5
5
5
5
5
5
5
5
5
5
5
5
5
5
5
5
5
5
5
5
5
5
5
5
5
5
5
5
5
5
5
5
5
5
5
5
5
5
5
5
5
5
5
5
5
5
5
5
5
5
5
5
5
5
5
5
5
5
5
5
5
5
5
5
5
5
5
5
5
5
5
5
5
5
5
5
5
5
5
5
5
5
5
5
5
5
5
5
5
5
5
5
5
5
5
5
5
5
5
5
5
5
5
5
5
5
5
5
5
5
5
5
5
5
5
5
5
5
5
5
5
5
5
5
5
5
5
5
5
5
5
5
5
5
5
5
5
5
5
5
5
5
5
5
5
5
5
5
5
5
5
5
5
5
5
5
5
5
5
5
5
5
5
5
5
5
5
5
5
5
5
5
5
5
5
5
5
5
5
5
5
5
5
5
5
5
5
5
5
5
5
5
5
5
5
5
5
5
5
5
5
5
5
5
5
5
5
5
5
5
5
5
5
5
5
5
5
5
5
5
5
5
5
5
5
5
5
5
5
5
5
5
5
5
5
5
5
5
5
5
5
5
5
5
5
5
5
5
5
5
5
5
5
5
5
5
5
5
5
5
5
5
5
5
5
5
5
5
5
5
5
5
5
5
5
5
5
5
5
5
5
5
5
5
5
5
5
5
5
5
5
5
5
5
5
5
5
5
5
5
5
5
5
5
5
5
5
5
5
5
5
5
5
5
5
5
5
5
5
5
5
5
5
5
5
5
5
5
5
5
5
5
5
5
5
5
5
5
5
5
5
5
5
5
5
5
5
5
5
5
5
5
5
5
5
5
5
5
5
5
5
5
5
5
5
5
5
5
5
5
5
5
5
5
5
5
5
5
5
5
5
5
5
5
5
5
5
5
5
5
5
5
5
5
5
5
5
5
5
5
5
5
5
5
5
5
5
5
5
5
5
5
5
5
5
5
5
5
5
5
5
5
5
5
5
5
5
5
5
5
5
5
5
5
5
5
5
5
5
5
5
5
5
5
5
5
5
5
5
5
5
5
5
5
5
5
5
5
5
5
5
5
5
5
5
5
5
5
5
5
5
5
5
5
5
5
5
5
5
5
5
5
5
5
5
5
5
5
5
5
5
5
5
5
5
5
5
5
5
5
5
5
5
5
5
5
5
5
5
5
5
5
5
5
5
5
5
5
5
5
5
5
5
5
5
5
5
5
5
5
5
5
5
5
5
5
5
5
5
5
5
5
5
5
5
5
5
5
5
5
5
5
5
5
5
5
5
5
5
5
5
5
5
5
5
5
5
5
5
5
5
5
5
5
5
5
5
5
5
5
5
5
5
5
5
5
5
5
5
5
5
5
5
5
5
5
5
5
5
5
5
5
5
5
5
5
5
5
5
5
5
5
5
5
5
5
5
5
5
5
5
5
5
5
5
5
5
5
5
5
5
5
5
5
5
5
5
5
5
5
5
5
5
5
5
5
5
5
5
5
5
5
5
5
5
5
5
5
5
5
5
5
5
5
5
5
5
5
5
5
5
5
5
5
5
5
5
5
5
5
5
5
5
5
5
5
5
5
5
5
5
5
5
5
5
5
5
5
5
5
5
5
5
5
5
5
5
5
5
5
5
5
5
5
5
5
5
5
5
5
5
5
5
5
5
5
5
5
5
5
5
5
5
5
5
5
5
5
5
5
5
5
5
5
5
5
5
5
5
5
5
5
5
5
5
5
5
5
5
5
5
5
5
5
5
5
5
5
5
5
5
5
5
5
5
5
5
5
5
5
5
5
5
5
5
5
5
5
5
5
5
5
5
5
5
5
5
5
5
5
5
5
5
5
5
5
5
5
5
5
5
5
5
5
5
5
5
5
5
5
5
5
5
5
5
5
5
5
5
5
5
5
5
5
5
5
5
5
5
5
5
5
5
5
5
5
5
5
5
5
5
5
5
5
5
5
5
5
5
5
5
5
5
5
5
5
5
5
5
5
5
5
5
5
5
5
5
5
5
5
5
5
5
5
5
5
5
5
5
5
5
5
5
5
5
5
5
5
5
5
5
5
5
5
5
5
5
5
5
5
5
5
5
5
5
5
5
5
5
5
5
5
5
5
5
5
5
5
5
5
5
5
5
5
5
5
5
5
5
5
5
5
5
5
5
5
5
5
5
5
5
5
5
5
5
5
5
5
5
5
5
5
5
5
5
5
5
5
5
5
5
5
5
5
5
5
5
5
5
5
5
5
5
5
5
5
5
5
5
5
5
5
5
5
5
5
5
5
5
5
5
5
5
5
5
5
5
5
5
5
5
5
5
5
5
5
5
5
5
5
5
5
5
5
5
5
5
5
5
5
5
5
5
5
5
5
5
5
5
5
5
5
5
5
5
5
5
5
5
5
5
5
5
5
5
5
5
5
5
5
5
5
5
5
5
5
5
5
5
5
5
5
5
5
5
5
5
5
5
5
5
5
5
5
5
5
5
5
5
5
5
5
5
5
5
5
5
5
5
5
5
5
5
5
5
5
5
5
5
5
5
5
5
5
5
5
5
5
5
5
5
5
5
5
5
5
5
5
5
5
5
5
5
5
5
5
5
5
5
5
5
5
5
5
5
5
5
5
5
5
5
5
5
5
5
5
5
5
5
5
5
5
5
5
5
5
5
5
5
5
5
5
5
5
5
5
5
5
5
5
5
5
5
5
5
5
5
5
5
5
5
5
5
5
5
5
5
5
5
5
5
5
5
5
5
5
5
5
5
5
5
5
5
5
5
5
5
5
5
5
5
5
5
5
5
5
5
5
5
5
5
5
5
5
5
5
5
5
5
5
5
5
5
5
5
5
5
5
5
5
5
5
5
5
5
5
5
5
5
5
5
5
5
5
5
5
5
5
5
5
5
5
5
5
5
5
5
5
5
5
5
5
5
5
5
5
5
5
5
5
5
5
5
5
5
5
5
5
5
5
5
5
5
5
5
5
5
5
5
5
5
5
5
5
5
5
5
5
5
5
5
5
5
5
5
5
5
5
5
5
5
5
5
5
5
5
5
5
5
5
5
5
5
5
5
5
5
5
5
5
5
5
5
5
5
5
5
5
5
5
5
5
5
5
5
5
5
5
5
5
5
5
5
5
5
5
5
5
5
5
5
5
5
5
5
5
5
5
5
5
5
5
5
5
5
5
5
5
5
5
5
5
5
5
5
5
5
5
5
5
5
5
5
5
5
5
5
5
5
5
5
5
5
5
5
5
5
5
5
5
5
5
5
5
5
5
5
5
5
5
5
5
5
5
5
5
5
5
5
5
5
5
5
5
5
5
5
5
5
5
5
5
5
5
5
5
5
5
5
5
5
5
5
5
5
5
5
5
5
5
5
5
5
5
5
5
5
5
5
5
5
5
5
5
5
5
5
5
5
5
5
5
5
5
5
5
5
5
5
5
5
5
5
5
5
5
5
5
5
5
5
5
5
5
5
5
5
5
5
5
5
5
5
5
5
5
5
5
5
5
5
5
5
5
5
5
5
5
5
5
5
5
5
5
5
5
5
5
5
5
5
5
5
5
5
5
5
5
5
5
5
5
5
5
5
5
5
5
5
5
5
5
5
5
5
5
5
5
5
5
5
5
5
5
5
5
5
5
5
5
5
5
5
5
5
5
5
5
5
5
5
5
5
5
5
5
5
5
5
5
5
5
5
5
5
5
5
5
5
5
5
5
5
5
5
5
5
5
5
5
5
5
5
5
5
5
5
5
5
5
5
5
5
5
5
5
5
5
5
5
5
5
5
5
5
5
5
5
5
5
5
5
5
5
5
5
5
5
5
5
5
5
5
5
5
5
5
5
5
5
5
5
5
5
5
5
5
5
5
5
5
5
5
5
5
5
5
5
5
5
5
5
5
5
5
5
5
5
5
5
5
5
5
5
5
5
5
5
5
5
5
5
5
5
5
5
5
5
5
5
5
5
5
5
5
5
5
5
5
5
5
5
5
5
5
5
5
5
5
5
5
5
5
5
5
5
5
5
5
5
5
5
5
5
5
5
5
5
5
5
5
5
5
5
5
5
5
5
5
5
5
5
5
5
5
5
5
5
5
5
5
5
5
5
5
5
5
5
5
5
5
5
5
5
5
5
5
5
5
5
5
5
5
5
5
5
5
5
5
5
5
5
5
5
5
5
5
5
5
5
5
5
5
5
5
5
5
5
5
5
5
5
5
5
5
5
5
5
5
5
5
5
5
5
5
5
5
5
5
5
5
5
5
5
5
5
5
5
5
5
5
5
5
5
5
5
5
5
5
5
5
5
5
5
5
5
5
5
5
5
5
5
5
5
5
5
5
5
5
5
5
5
5
5
5
5
5
5
5
5
5
5
5
5
5
5
5
5
5
5
5
5
5
5
5
5
5
5
5
5
5
5
5
5
5
5
5
5
5
5
5
5
5
5
5
5
5
5
5
5
5
5
5
5
5
5
5
5
5
5
5
5
5
5
5
5
5
5
5
5
5
5
5
5
5
5
5
5
5
5
5
5
5
5
5
5
5
5
5
5
5
5
5
5
5
5
5
5
5
5
5
5
5
5
5
5
5
5
5
5
5
5
5
5
5
5
5
5
5
5
5
5
5
5
5
5
5
5
5
5
5
5
5
5
5
5
5
5
5
5
5
5
5
5
5
5
5
5
5
5
5
5
5
5
5
5
5
5
5
5
5
5
5
5
5
5
5
5
5
5
5
5
5
5
5
5
5
5
5
5
5
5
5
5
5
5
5
5
5
5
5
5
5
5
5
5
5
5
5
5
5
5
5
5
5
5
5
5
5
5
5
5
5
5
5
5
5
5
5
5
5
5
5
5
5
5
5
5
5
5
5
5
5
5
5
5
5
5
5
5
5
5
5
5
5
5
5
5
5
5
5
5
5
5
5
5
5
5
5
5
5
5
5
5
5
5
5
5
5
5
5
5
5
5
5
5
5
5
5
5
5
5
5
5
5
5
5
5
5
5
5
5
5
5
5
5
5
5
5
5
5
5
5
5
5
5
5
5
5
5
5
5
5
5
5
5
5
5
5
5
5
5
5
5
5
5
5
5
5
5
5
5
5
5
5
5
5
5
5
5
5
5
5
5
5
5
5
5
5
5
5
5
5
5
5
5
5
5
5
5
5
5
5
5
5
5
5
5
5
5
5
5
5
5
5
5
5
5
5
5
5
5
5
5
5
5
5
5
5
5
5
5
5
5
5
5
5
5
5
5
5
5
5
5
5
5
5
5
5
5
5
5
5
5
5
5
5
5
5
5
5
5
5
5
5
5
5
5
5
5
5
5
5
5
5
5
5
5
5
5
5
5
5
5
5
5
5
5
5
5
5
5
5
5
5
5
5
5
5
5
5
5
5
5
5
5
5
5
5
5
5
5
5
5
5
5
5
5
5
5
5
5
5
5
5
5
5
5
5
5
5
5
5
5
5
5
5
5
5
5
5
5
5
5
5
5
5
5
5
5
5
5
5
5
5
5
5
5
5
5
5
5
5
5
5
5
5
5
5
5
5
5
5
5
5
5
5
5
5
5
5
5
5
5
5
5
5
5
5
5
5
5
5
5
5
5
5
5
5
5
5
5
5
5
5
5
5
5
5
5
5
5
5
5
5
5
5
5
5
5
5
5
5
5
5
5
5
5
5
5
5
5
5
5
5
5
5
5
5
5
5
5
5
5
5
5
5
5
5
5
5
5
5
5
5
5
5
5
5
5
5
5
5
5
5
5
5
5
5
5
5
5
5
5
5
5
5
5
5
5
5
5
5
5
5
5
5
5
5
5
5
5
5
5
5
5
5
5
5
5
5
5
5
5
5
5
5
5
5
5
5
5
5
5
5
5
5
5
5
5
5
5
5
5
5
5
5
5
5
5
5
5
5
5
5
5
5
5
5
5
5
5
5
5
5
5
5
5
5
5
5
5
5
5
5
5
5
5
5
5
5
5
5
5
5
5
5
5
5
5
5
5
5
5
5
5
5
5
5
5
5
5
5
5
5
5
5
5
5
5
5
5
5
5
5
5
5
5
5
5
5
5
5
5
5
5
5
5
5
5
5
5
5
5
5
5
5
5
5
5
5
5
5
5
5
5
5
5
5
5
5
5
5
5
5
5
5
5
5
5
5
5
5
5
5
5
5
5
5
5
5
5
5
5
5
5
5
5
5
5
5
5
5
5
5
5
5
5
5
5
5
5
5
5
5
5
5
5
5
5
5
5
5
5
5
5
5
5
5
5
5
5
5
5
5
5
5
5
5
5
5
5
5
5
5
5
5
5
5
5
5
5
5
5
5
5
5
5
5
5
5
5
5
5
5
5
5
5
5
5
5
5
5
5
5
5
5
5
5
5
5
5
5
5
5
5
5
5
5
5
5
5
5
5
5
5
5
5
5
5
5
5
5
5
5
5
5
5
5
5
5
5
5
5
5
5
5
5
5
5
5
5
5
5
5
5
5
5
5
5
5
5
5
5
5
5
5
5
5
5
5
5
5
5
5
5
5
5
5
5
5
5
5
5
5
5
5
5
5
5
5
5
5
5
5
5
5
5
5
5
5
5
5
5
5
5
5
5
5
5
5
5
5
5
5
5
5
5
5
5
5
5
5
5
5
5
5
5
5
5
5
5
5
5
5
5
5
5
5
5
5
5
5
5
5
5
5
5
5
5
5
5
5
5
5
5
5
5
5
5
5
5
5
5
5
5
5
5
5
5
5
5
5
5
5
5
5
5
5
5
5
5
5
5
5
5
5
5
5
5
5
5
5
5
5
5
5
5
5
5
5
5
5
5
5
5
5
5
5
5
5
5
5
5
5
5
5
5
5
5
5
5
5
5
5
5
5
5
5
5
5
5
5
5
5
5
5
5
5
5
5
5
5
5
5
5
5
5
5
5
5
5
5
5
5
5
5
5
5
5
5
5
5
5
5
5
5
5
5
5
5
5
5
5
5
5
5
5
5
5
5
5
5
5
5
5
5
5
5
5
5
5
5
5
5
5
5
5
5
5
5
5
5
5
5
5
5
5
5
5
5
5
5
5
5
5
5
5
5
5
5
5
5
5
5
5
5
5
5
5
5
5
5
5
5
5
5
5
5
5
5
5
5
5
5
5
5
5
5
5
5
5
5
5
5
5
5
5
5
5
5
5
5
5
5
5
5
5
5
5
5
5
5
5
5
5
5
5
5
5
5
5
5
5
5
5
5
5
5
5
5
5
5
5
5
5
5
5
5
5
5
5
5
5
5
5
5
5
5
5
5
5
5
5
5
5
5
5
5
5
5
5
5
5
5
5
5
5
5
5
5
5
5
5
5
5
5
5
5
5
5
5
5
5
5
5
5
5
5
5
5
5
5
5
5
5
5
5
5
5
5
5
5
5
5
5
5
5
5
5
5
5
5
5
5
5
5
5
5
5
5
5
5
5
5
5
5
5
5
5
5
5
5
5
5
5
5
5
5
5
5
5
5
5
5
5
5
5
5
5
5
5
5
5
5
5
5
5
5
5
5
5
5
5
5
5
5
5
5
5
5
5
5
5
5
5
5
5
5
5
5
5
5
5
5
5
5
5
5
5
5
5
5
5
5
5
5
5
5
5
5
5
5
5
5
5
5
5
5
5
5
5
5
5
5
5
5
5
5
5
5
5
5
5
5
5
5
5
5
5
5
5
5
5
5
5
5
5
5
5
5
5
5
5
5
5
5
5
5
5
5
5
5
5
5
5
5
5
5
5
5
5
5
5
5
5
5
5
5
5
5
5
5
5
5
5
5
5
5
5
5
5
5
5
5
5
5
5
5
5
5
5
5
5
5
5
5
5
5
5
5
5
5
5
5
5
5
5
5
5
5
5
5
5
5
5
5
5
5
5
5
5
5
5
5
5
5
5
5
5
5
5
5
5
5
5
5
5
5
5
5
5
5
5
5
5
5
5
5
5
5
5
5
5
5
5
5
5
5
5
5
5
5
5
5
5
5
5
5
5
5
5
5
5
5
5
5
5
5
5
5
5
5
5
5
5
5
5
5
5
5
5
5
5
5
5
5
5
5
5
5
5
5
5
5
5
5
5
5
5
5
5
5
5
5
5
5
5
5
5
5
5
5
5
5
5
5
5
5
5
5
5
5
5
5
5
5
5
5
5
5
5
5
5
5
5
5
5
5
5
5
5
5
5
5
5
5
5
5
5
5
5
5
5
5
5
5
5
5
5
5
5
5
5
5
5
5
5
5
5
5
5
5
5
5
5
5
5
5
5
5
5
5
5
5
5
5
5
5
5
5
5
5
5
5
5
5
5
5
5
5
5
5
5
5
5
5
5
5
5
5
5
5
5
5
5
5
5
5
5
5
5
5
5
5
5
5
5
5
5
5
5
5
5
5
5
5
5
5
5
5
5
5
5
5
5
5
5
5
5
5
5
5
5
5
5
5
5
5
5
5
5
5
5
5
5
5
5
5
5
5
5
5
5
5
5
5
5
5
5
5
5
5
5
5
5
5
5
5
5
5
5
5
5
5
5
5
5
5
5
5
5
5
5
5
5
5
5
5
5
5
5
5
5
5
5
5
5
5
5
5
5
5
5
5
5
5
5
5
5
5
5
5
5
5
5
5
5
5
5
5
5
5
5
5
5
5
5
5
5
5
5
5
5
5
5
5
5
5
5
5
5
5
5
5
5
5
5
5
5
5
5
5
5
5
5
5
5
5
5
5
5
5
5
5
5
5
5
5
5
5
5
5
5
5
5
5
5
5
5
5
5
5
5
5
5
5
5
5
5
5
5
5
5
5
5
5
5
5
5
5
5
5
5
5
5
5
5
5
5
5
5
5
5
5
5
5
5
5
5
5
5
5
5
5
5
5
5
5
5
5
5
5
5
5
5
5
5
5
5
5
5
5
5
5
5
5
5
5
5
5
5
5
5
5
5
5
5
5
5
5
5
5
5
5
5
5
5
5
5
5
5
5
5
5
5
5
5
5
5
5
5
5
5
5
5
5
5
5
5
5
5
5
5
5
5
5
5
5
5
5
5
5
5
5
5
5
5
5
5
5
5
5
5
5
5
5
5
5
5
5
5
5
5
5
5
5
5
5
5
5
5
5
5
5
5
5
5
5
5
5
5
5
5
5
5
5
5
5
5
5
5
5
5
5
5
5
5
5
5
5
5
5
5
5
5
5
5
5
5
5
5
5
5
5
5
5
5
5
5
5
5
5
5
5
5
5
5
5
5
5
5
5
5
5
5
5
5
5
5
5
5
5
5
5
5
5
5
5
5
5
5
5
5
5
5
5
5
5
5
5
5
5
5
5
5
5
5
5
5
5
5
5
5
5
5
5
5
5
5
5
5
5
5
5
5
5
5
5
5
5
5
5
5
5
5
5
5
5
5
5
5
5
5
5
5
5
5
5
5
5
5
5
5
5
5
5
5
5
5
5
5
5
5
5
5
5
5
5
5
5
5
5
5
5
5
5
5
5
5
5
5
5
5
5
5
5
5
5
5
5
5
5
5
5
5
5
5
5
5
5
5
5
5
5
5
5
5
5
5
5
5
5
5
5
5
5
5
5
5
5
5
5
5
5
5
5
5
5
5
5
5
5
5
5
5
5
5
5
5
5
5
5
5
5
5
5
5
5
5
5
5
5
5
5
5
5
5
5
5
5
5
5
5
5
5
5
5
5
5
5
5
5
5
5
5
5
5
5
5
5
5
5
5
5
5
5
5
5
5
