$MeshFormat
4.1 0 8
$EndMeshFormat
$Entities
5 5 1 0
1 0 0 0 0 
2 0 0 0.192 0 
3 3 0 1.2 0 
4 6 0 1.2 0 
5 6 0 0 0 
1 -1e-07 -1e-07 -1.000000000028756e-07 1e-07 1e-07 0.1920001 0 2 1 -2 
2 -1.000000000583867e-07 -1e-07 0.1919999 3.0000001 1e-07 1.2000001 0 2 2 -3 
3 2.9999999 -1e-07 1.1999999 6.0000001 1e-07 1.2000001 0 2 3 -4 
4 5.9999999 -1e-07 -9.999999994736442e-08 6.0000001 1e-07 1.2000001 0 2 4 -5 
5 -9.999999983634211e-08 -1e-07 -1e-07 6.0000001 1e-07 1e-07 0 2 5 -1 
1 -9.999999983634211e-08 -1e-07 -9.999999994736442e-08 6.0000001 1e-07 1.2000001 0 5 3 4 5 1 2 
$EndEntities
$Nodes
11 5304 1 5304
0 1 0 1
1
0 0 0
0 2 0 1
2
0 0 0.192
0 3 0 1
3
3 0 1.2
0 4 0 1
4
6 0 1.2
0 5 0 1
5
6 0 0
1 1 0 9
6
7
8
9
10
11
12
13
14
0 0 0.01919999999999998
0 0 0.03839999999999998
0 0 0.05759999999999998
0 0 0.07679999999999998
0 0 0.09599999999999999
0 0 0.1152
0 0 0.1344
0 0 0.1536
0 0 0.1728
1 2 0 98
15
16
17
18
19
20
21
22
23
24
25
26
27
28
29
30
31
32
33
34
35
36
37
38
39
40
41
42
43
44
45
46
47
48
49
50
51
52
53
54
55
56
57
58
59
60
61
62
63
64
65
66
67
68
69
70
71
72
73
74
75
76
77
78
79
80
81
82
83
84
85
86
87
88
89
90
91
92
93
94
95
96
97
98
99
100
101
102
103
104
105
106
107
108
109
110
111
112
0.01816773945138138 0 0.1981043604556642
0.03651196323220879 0 0.2042680196460221
0.05503439622718389 0 0.2104915571323338
0.07373677006238528 0 0.2167755547409615
0.09262082558275303 0 0.223120597395805
0.1116883370666116 0 0.2295272812543815
0.1309410933183364 0 0.235996207354961
0.1503808756963036 0 0.242527974233958
0.1700095084932128 0 0.2491231948537195
0.1898288305549989 0 0.2557824870664797
0.2098406823200809 0 0.2625064692595472
0.2300469550036252 0 0.2692957768812181
0.2504495189740127 0 0.2761510383752683
0.2710502902438929 0 0.283072897521948
0.2918511882195162 0 0.2900619992417575
0.3128541678494225 0 0.297119000397406
0.3340611785097882 0 0.3042445559792888
0.3554742116212182 0 0.3114393351047293
0.3770952636482768 0 0.318704008585821
0.3989263586182543 0 0.3260392564957335
0.420969536020502 0 0.3334457641028887
0.4432268541764313 0 0.3409242230032809
0.4657003966143582 0 0.3484753332624244
0.4883922626150095 0 0.3560998002386432
0.511304570757619 0 0.36379833577456
0.5344394689140614 0 0.3715716615551246
0.5577991106398028 0 0.3794205011749738
0.5813856897542319 0 0.3873455917574219
0.6052014019898253 0 0.3953476710685813
0.6292484754755361 0 0.4034274877597801
0.6535291613007284 0 0.4115857981970447
0.6780457252489056 0 0.4198233636836323
0.7028004560016436 0 0.4281409532165523
0.7277956786325102 0 0.4365393480205234
0.7530337178884374 0 0.445019329210515
0.7785169353298164 0 0.4535816902708183
0.8042477167023654 0 0.4622272328119948
0.8302284634951073 0 0.4709567637343561
0.8564616095839067 0 0.4797711008201926
0.8829495951352555 0 0.4886710639654459
0.9096949080629361 0 0.4976574891091465
0.9367000446608225 0 0.5067312150060364
0.9639675269224489 0 0.5158930890459429
0.9914999042920517 0 0.5251439678421295
1.019299748628857 0 0.5344847155392959
1.047369655240408 0 0.5439162041607772
1.075712262452942 0 0.5534393201841884
1.104330204175208 0 0.5630549486028698
1.133226160259057 0 0.5727639898470431
1.162402828622052 0 0.5825673504170095
1.191862945021389 0 0.5924659495271868
1.221609252558975 0 0.6024607088598156
1.251644537969161 0 0.6125525647576382
1.28197160891361 0 0.622742460594973
1.312593295198817 0 0.6330313471868027
1.343512463092959 0 0.6434201875992341
1.374731997349464 0 0.65390995110942
1.406254821974509 0 0.6645016201834352
1.43808388315125 0 0.6751961847388199
1.47022215563321 0 0.6859946442927585
1.502672638306964 0 0.6968980064711399
1.535438366831578 0 0.7079072912554103
1.568522420645529 0 0.7190235333368979
1.601927851116444 0 0.7302477579751252
1.635657816028523 0 0.741581026185584
1.669715456967379 0 0.7530243935410394
1.704103956262687 0 0.7645789293042629
1.73882651662351 0 0.7762457095854995
1.773886405665913 0 0.7880258323037468
1.809286903192569 0 0.7999203994727031
1.845031285308264 0 0.8119305118635769
1.881122933293574 0 0.8240573055866409
1.917565180108956 0 0.836301900516609
1.954361470171652 0 0.848665453977675
1.991515205051063 0 0.8611491088971572
2.029029897130405 0 0.8737540454358161
2.06690901025462 0 0.8864814274455524
2.105156131498133 0 0.8993324601833728
2.143774790386881 0 0.9123083295699919
2.182768636570683 0 0.9254102618877496
2.222141278496756 0 0.9386394695749101
2.261896431678582 0 0.9519972010440036
2.302037775179247 0 0.9654846924602272
2.342569100519129 0 0.9791032177744274
2.383494160001261 0 0.9928540377604236
2.424816797887299 0 1.006738444090133
2.466540871642301 0 1.020757732871813
2.508670275898426 0 1.034913212701871
2.551208962370543 0 1.049206211356503
2.594160890531693 0 1.063638059218649
2.637530089155372 0 1.078210109956205
2.681320605792598 0 1.092923723546313
2.725536539874051 0 1.107780277397681
2.77018201064049 0 1.122781155575205
2.815261199887617 0 1.137927763162239
2.860778313524429 0 1.153221513344208
2.906737625756326 0 1.168663842254126
2.95314339909669 0 1.184256182096488
1 3 0 59
113
114
115
116
117
118
119
120
121
122
123
124
125
126
127
128
129
130
131
132
133
134
135
136
137
138
139
140
141
142
143
144
145
146
147
148
149
150
151
152
153
154
155
156
157
158
159
160
161
162
163
164
165
166
167
168
169
170
171
3.05 0 1.2
3.1 0 1.2
3.15 0 1.2
3.2 0 1.2
3.25 0 1.2
3.3 0 1.2
3.35 0 1.2
3.4 0 1.2
3.45 0 1.2
3.5 0 1.2
3.55 0 1.2
3.6 0 1.2
3.65 0 1.2
3.7 0 1.2
3.75 0 1.2
3.8 0 1.2
3.85 0 1.2
3.9 0 1.2
3.95 0 1.2
4 0 1.2
4.05 0 1.2
4.1 0 1.2
4.15 0 1.2
4.2 0 1.2
4.25 0 1.2
4.3 0 1.2
4.35 0 1.2
4.4 0 1.2
4.45 0 1.2
4.5 0 1.2
4.55 0 1.2
4.6 0 1.2
4.65 0 1.2
4.7 0 1.2
4.75 0 1.2
4.8 0 1.2
4.85 0 1.2
4.9 0 1.2
4.95 0 1.2
5 0 1.2
5.05 0 1.2
5.1 0 1.2
5.15 0 1.2
5.2 0 1.2
5.25 0 1.2
5.3 0 1.2
5.35 0 1.2
5.4 0 1.2
5.45 0 1.2
5.5 0 1.2
5.55 0 1.2
5.6 0 1.2
5.65 0 1.2
5.7 0 1.2
5.75 0 1.2
5.8 0 1.2
5.85 0 1.2
5.9 0 1.2
5.95 0 1.2
1 4 0 23
172
173
174
175
176
177
178
179
180
181
182
183
184
185
186
187
188
189
190
191
192
193
194
6 0 1.15
6 0 1.1
6 0 1.05
6 0 0.9999999999999999
6 0 0.9499999999999998
6 0 0.8999999999999997
6 0 0.8499999999999996
6 0 0.7999999999999995
6 0 0.7499999999999994
6 0 0.6999999999999994
6 0 0.6499999999999994
6 0 0.5999999999999993
6 0 0.549999999999999
6 0 0.499999999999999
6 0 0.4499999999999988
6 0 0.3999999999999987
6 0 0.3499999999999988
6 0 0.2999999999999988
6 0 0.2499999999999987
6 0 0.1999999999999986
6 0 0.149999999999999
6 0 0.09999999999999942
6 0 0.04999999999999982
1 5 0 186
195
196
197
198
199
200
201
202
203
204
205
206
207
208
209
210
211
212
213
214
215
216
217
218
219
220
221
222
223
224
225
226
227
228
229
230
231
232
233
234
235
236
237
238
239
240
241
242
243
244
245
246
247
248
249
250
251
252
253
254
255
256
257
258
259
260
261
262
263
264
265
266
267
268
269
270
271
272
273
274
275
276
277
278
279
280
281
282
283
284
285
286
287
288
289
290
291
292
293
294
295
296
297
298
299
300
301
302
303
304
305
306
307
308
309
310
311
312
313
314
315
316
317
318
319
320
321
322
323
324
325
326
327
328
329
330
331
332
333
334
335
336
337
338
339
340
341
342
343
344
345
346
347
348
349
350
351
352
353
354
355
356
357
358
359
360
361
362
363
364
365
366
367
368
369
370
371
372
373
374
375
376
377
378
379
380
5.950274285395989 0 0
5.900802440441151 0 0
5.851583142926505 0 0
5.802615113554498 0 0
5.753897057117645 0 0
5.7054277442424 0 0
5.657205858514341 0 0
5.60923018101059 0 0
5.561499414414774 0 0
5.514012310528813 0 0
5.46676762369346 0 0
5.419764156483595 0 0
5.373000633569614 0 0
5.326475870052112 0 0
5.280188616636743 0 0
5.234137647521016 0 0
5.18832178230234 0 0
5.142739830200601 0 0
5.097390569476194 0 0
5.052272811660817 0 0
5.007385430173295 0 0
4.962727163623901 0 0
4.91829692008473 0 0
4.874093481221422 0 0
4.830115709221863 0 0
4.786362454605618 0 0
4.742832541697308 0 0
4.699524879828065 0 0
4.656438311202406 0 0
4.613571701188866 0 0
4.570923941018997 0 0
4.528493900922056 0 0
4.486280478756147 0 0
4.444282555710448 0 0
4.402499044829321 0 0
4.360928844773387 0 0
4.319570871793281 0 0
4.278424035297148 0 0
4.237487259586697 0 0
4.196759466031507 0 0
4.156239609178847 0 0
4.115926606789159 0 0
4.075819405101841 0 0
4.03591696515353 0 0
3.996218227222676 0 0
3.95672216295532 0 0
3.917427733429269 0 0
3.878333904379032 0 0
3.839439656132265 0 0
3.800743975798478 0 0
3.762245840059276 0 0
3.723944245565506 0 0
3.685838185682964 0 0
3.647926663749666 0 0
3.610208682917384 0 0
3.572683261826485 0 0
3.535349414874216 0 0
3.498206168429518 0 0
3.461252541241267 0 0
3.424487570795699 0 0
3.38791028907899 0 0
3.351519734413886 0 0
3.315314973969765 0 0
3.27929503670257 0 0
3.24345898929647 0 0
3.207805888843162 0 0
3.17233480554344 0 0
3.137044803757725 0 0
3.101934969527414 0 0
3.067004379501986 0 0
3.032252103555518 0 0
2.997677256805922 0 0
2.963278915432598 0 0
2.929056184574542 0 0
2.895008171041014 0 0
2.861133974746757 0 0
2.827432711473739 0 0
2.793903499149026 0 0
2.760545451943864 0 0
2.727357715836778 0 0
2.694339405164935 0 0
2.66148965422371 0 0
2.628807610521249 0 0
2.596292413758761 0 0
2.563943215961035 0 0
2.531759162507276 0 0
2.499739406897552 0 0
2.467883135632774 0 0
2.43618948281352 0 0
2.404657633775725 0 0
2.37328676550486 0 0
2.342076046506887 0 0
2.311024664955844 0 0
2.280131801213522 0 0
2.249396656298659 0 0
2.218818423023389 0 0
2.188396285866137 0 0
2.158129472328079 0 0
2.128017169573944 0 0
2.098058595259063 0 0
2.06825295899066 0 0
2.038599496348935 0 0
2.009097407699107 0 0
1.979745936246591 0 0
1.950544317444852 0 0
1.92149177887567 0 0
1.892587541351251 0 0
1.86383088450434 0 0
1.835221028431363 0 0
1.8067572259388 0 0
1.778438739090687 0 0
1.750264827179531 0 0
1.722234745877944 0 0
1.694347760612716 0 0
1.666603145164236 0 0
1.639000165836333 0 0
1.611538110076964 0 0
1.584216241744456 0 0
1.557033870561712 0 0
1.529990262100425 0 0
1.503084725066852 0 0
1.47631654247653 0 0
1.449685012648717 0 0
1.423189436837307 0 0
1.396829131037042 0 0
1.370603404221336 0 0
1.344511558233601 0 0
1.318552915696459 0 0
1.292726787024583 0 0
1.267032519037621 0 0
1.241469418240094 0 0
1.216036834571474 0 0
1.190734077444841 0 0
1.165560498963808 0 0
1.140515428739246 0 0
1.115598221863721 0 0
1.09080822681549 0 0
1.066144785356198 0 0
1.041607248254152 0 0
1.017194987403008 0 0
0.9929073577592638 0 0
0.9687437163968928 0 0
0.9447034297798762 0 0
0.9207858785101672 0 0
0.896990433780509 0 0
0.8733164662547876 0 0
0.8497633534673898 0 0
0.8263304874824788 0 0
0.803017254124101 0 0
0.7798230328796141 0 0
0.7567472221138232 0 0
0.733789216350142 0 0
0.7109484243955153 0 0
0.6882242331298176 0 0
0.6656160487179781 0 0
0.6431232807065657 0 0
0.6207453589135552 0 0
0.598481660915084 0 0
0.5763316308964006 0 0
0.554294684919479 0 0
0.5323702349603057 0 0
0.5105577130841619 0 0
0.4888565472129303 0 0
0.4672661722920015 0 0
0.4457860231123654 0 0
0.4244155289363949 0 0
0.4031541379802759 0 0
0.3820012893399705 0 0
0.3609564317071792 0 0
0.3400190101175786 0 0
0.3191884771922915 0 0
0.2984642840222973 0 0
0.2778458986777723 0 0
0.2573327705412645 0 0
0.2369243624161914 0 0
0.2166201493197715 0 0
0.196419588850973 0 0
0.1763221564443853 0 0
0.1563273221392256 0 0
0.1364345697761333 0 0
0.1166433710410306 0 0
0.09695320870411095 0 0
0.07736356913103393 0 0
0.05787393530832308 0 0
0.03848380299965637 0 0
0.01919266278892451 0 0
2 1 0 4924
381
382
383
384
385
386
387
388
389
390
391
392
393
394
395
396
397
398
399
400
401
402
403
404
405
406
407
408
409
410
411
412
413
414
415
416
417
418
419
420
421
422
423
424
425
426
427
428
429
430
431
432
433
434
435
436
437
438
439
440
441
442
443
444
445
446
447
448
449
450
451
452
453
454
455
456
457
458
459
460
461
462
463
464
465
466
467
468
469
470
471
472
473
474
475
476
477
478
479
480
481
482
483
484
485
486
487
488
489
490
491
492
493
494
495
496
497
498
499
500
501
502
503
504
505
506
507
508
509
510
511
512
513
514
515
516
517
518
519
520
521
522
523
524
525
526
527
528
529
530
531
532
533
534
535
536
537
538
539
540
541
542
543
544
545
546
547
548
549
550
551
552
553
554
555
556
557
558
559
560
561
562
563
564
565
566
567
568
569
570
571
572
573
574
575
576
577
578
579
580
581
582
583
584
585
586
587
588
589
590
591
592
593
594
595
596
597
598
599
600
601
602
603
604
605
606
607
608
609
610
611
612
613
614
615
616
617
618
619
620
621
622
623
624
625
626
627
628
629
630
631
632
633
634
635
636
637
638
639
640
641
642
643
644
645
646
647
648
649
650
651
652
653
654
655
656
657
658
659
660
661
662
663
664
665
666
667
668
669
670
671
672
673
674
675
676
677
678
679
680
681
682
683
684
685
686
687
688
689
690
691
692
693
694
695
696
697
698
699
700
701
702
703
704
705
706
707
708
709
710
711
712
713
714
715
716
717
718
719
720
721
722
723
724
725
726
727
728
729
730
731
732
733
734
735
736
737
738
739
740
741
742
743
744
745
746
747
748
749
750
751
752
753
754
755
756
757
758
759
760
761
762
763
764
765
766
767
768
769
770
771
772
773
774
775
776
777
778
779
780
781
782
783
784
785
786
787
788
789
790
791
792
793
794
795
796
797
798
799
800
801
802
803
804
805
806
807
808
809
810
811
812
813
814
815
816
817
818
819
820
821
822
823
824
825
826
827
828
829
830
831
832
833
834
835
836
837
838
839
840
841
842
843
844
845
846
847
848
849
850
851
852
853
854
855
856
857
858
859
860
861
862
863
864
865
866
867
868
869
870
871
872
873
874
875
876
877
878
879
880
881
882
883
884
885
886
887
888
889
890
891
892
893
894
895
896
897
898
899
900
901
902
903
904
905
906
907
908
909
910
911
912
913
914
915
916
917
918
919
920
921
922
923
924
925
926
927
928
929
930
931
932
933
934
935
936
937
938
939
940
941
942
943
944
945
946
947
948
949
950
951
952
953
954
955
956
957
958
959
960
961
962
963
964
965
966
967
968
969
970
971
972
973
974
975
976
977
978
979
980
981
982
983
984
985
986
987
988
989
990
991
992
993
994
995
996
997
998
999
1000
1001
1002
1003
1004
1005
1006
1007
1008
1009
1010
1011
1012
1013
1014
1015
1016
1017
1018
1019
1020
1021
1022
1023
1024
1025
1026
1027
1028
1029
1030
1031
1032
1033
1034
1035
1036
1037
1038
1039
1040
1041
1042
1043
1044
1045
1046
1047
1048
1049
1050
1051
1052
1053
1054
1055
1056
1057
1058
1059
1060
1061
1062
1063
1064
1065
1066
1067
1068
1069
1070
1071
1072
1073
1074
1075
1076
1077
1078
1079
1080
1081
1082
1083
1084
1085
1086
1087
1088
1089
1090
1091
1092
1093
1094
1095
1096
1097
1098
1099
1100
1101
1102
1103
1104
1105
1106
1107
1108
1109
1110
1111
1112
1113
1114
1115
1116
1117
1118
1119
1120
1121
1122
1123
1124
1125
1126
1127
1128
1129
1130
1131
1132
1133
1134
1135
1136
1137
1138
1139
1140
1141
1142
1143
1144
1145
1146
1147
1148
1149
1150
1151
1152
1153
1154
1155
1156
1157
1158
1159
1160
1161
1162
1163
1164
1165
1166
1167
1168
1169
1170
1171
1172
1173
1174
1175
1176
1177
1178
1179
1180
1181
1182
1183
1184
1185
1186
1187
1188
1189
1190
1191
1192
1193
1194
1195
1196
1197
1198
1199
1200
1201
1202
1203
1204
1205
1206
1207
1208
1209
1210
1211
1212
1213
1214
1215
1216
1217
1218
1219
1220
1221
1222
1223
1224
1225
1226
1227
1228
1229
1230
1231
1232
1233
1234
1235
1236
1237
1238
1239
1240
1241
1242
1243
1244
1245
1246
1247
1248
1249
1250
1251
1252
1253
1254
1255
1256
1257
1258
1259
1260
1261
1262
1263
1264
1265
1266
1267
1268
1269
1270
1271
1272
1273
1274
1275
1276
1277
1278
1279
1280
1281
1282
1283
1284
1285
1286
1287
1288
1289
1290
1291
1292
1293
1294
1295
1296
1297
1298
1299
1300
1301
1302
1303
1304
1305
1306
1307
1308
1309
1310
1311
1312
1313
1314
1315
1316
1317
1318
1319
1320
1321
1322
1323
1324
1325
1326
1327
1328
1329
1330
1331
1332
1333
1334
1335
1336
1337
1338
1339
1340
1341
1342
1343
1344
1345
1346
1347
1348
1349
1350
1351
1352
1353
1354
1355
1356
1357
1358
1359
1360
1361
1362
1363
1364
1365
1366
1367
1368
1369
1370
1371
1372
1373
1374
1375
1376
1377
1378
1379
1380
1381
1382
1383
1384
1385
1386
1387
1388
1389
1390
1391
1392
1393
1394
1395
1396
1397
1398
1399
1400
1401
1402
1403
1404
1405
1406
1407
1408
1409
1410
1411
1412
1413
1414
1415
1416
1417
1418
1419
1420
1421
1422
1423
1424
1425
1426
1427
1428
1429
1430
1431
1432
1433
1434
1435
1436
1437
1438
1439
1440
1441
1442
1443
1444
1445
1446
1447
1448
1449
1450
1451
1452
1453
1454
1455
1456
1457
1458
1459
1460
1461
1462
1463
1464
1465
1466
1467
1468
1469
1470
1471
1472
1473
1474
1475
1476
1477
1478
1479
1480
1481
1482
1483
1484
1485
1486
1487
1488
1489
1490
1491
1492
1493
1494
1495
1496
1497
1498
1499
1500
1501
1502
1503
1504
1505
1506
1507
1508
1509
1510
1511
1512
1513
1514
1515
1516
1517
1518
1519
1520
1521
1522
1523
1524
1525
1526
1527
1528
1529
1530
1531
1532
1533
1534
1535
1536
1537
1538
1539
1540
1541
1542
1543
1544
1545
1546
1547
1548
1549
1550
1551
1552
1553
1554
1555
1556
1557
1558
1559
1560
1561
1562
1563
1564
1565
1566
1567
1568
1569
1570
1571
1572
1573
1574
1575
1576
1577
1578
1579
1580
1581
1582
1583
1584
1585
1586
1587
1588
1589
1590
1591
1592
1593
1594
1595
1596
1597
1598
1599
1600
1601
1602
1603
1604
1605
1606
1607
1608
1609
1610
1611
1612
1613
1614
1615
1616
1617
1618
1619
1620
1621
1622
1623
1624
1625
1626
1627
1628
1629
1630
1631
1632
1633
1634
1635
1636
1637
1638
1639
1640
1641
1642
1643
1644
1645
1646
1647
1648
1649
1650
1651
1652
1653
1654
1655
1656
1657
1658
1659
1660
1661
1662
1663
1664
1665
1666
1667
1668
1669
1670
1671
1672
1673
1674
1675
1676
1677
1678
1679
1680
1681
1682
1683
1684
1685
1686
1687
1688
1689
1690
1691
1692
1693
1694
1695
1696
1697
1698
1699
1700
1701
1702
1703
1704
1705
1706
1707
1708
1709
1710
1711
1712
1713
1714
1715
1716
1717
1718
1719
1720
1721
1722
1723
1724
1725
1726
1727
1728
1729
1730
1731
1732
1733
1734
1735
1736
1737
1738
1739
1740
1741
1742
1743
1744
1745
1746
1747
1748
1749
1750
1751
1752
1753
1754
1755
1756
1757
1758
1759
1760
1761
1762
1763
1764
1765
1766
1767
1768
1769
1770
1771
1772
1773
1774
1775
1776
1777
1778
1779
1780
1781
1782
1783
1784
1785
1786
1787
1788
1789
1790
1791
1792
1793
1794
1795
1796
1797
1798
1799
1800
1801
1802
1803
1804
1805
1806
1807
1808
1809
1810
1811
1812
1813
1814
1815
1816
1817
1818
1819
1820
1821
1822
1823
1824
1825
1826
1827
1828
1829
1830
1831
1832
1833
1834
1835
1836
1837
1838
1839
1840
1841
1842
1843
1844
1845
1846
1847
1848
1849
1850
1851
1852
1853
1854
1855
1856
1857
1858
1859
1860
1861
1862
1863
1864
1865
1866
1867
1868
1869
1870
1871
1872
1873
1874
1875
1876
1877
1878
1879
1880
1881
1882
1883
1884
1885
1886
1887
1888
1889
1890
1891
1892
1893
1894
1895
1896
1897
1898
1899
1900
1901
1902
1903
1904
1905
1906
1907
1908
1909
1910
1911
1912
1913
1914
1915
1916
1917
1918
1919
1920
1921
1922
1923
1924
1925
1926
1927
1928
1929
1930
1931
1932
1933
1934
1935
1936
1937
1938
1939
1940
1941
1942
1943
1944
1945
1946
1947
1948
1949
1950
1951
1952
1953
1954
1955
1956
1957
1958
1959
1960
1961
1962
1963
1964
1965
1966
1967
1968
1969
1970
1971
1972
1973
1974
1975
1976
1977
1978
1979
1980
1981
1982
1983
1984
1985
1986
1987
1988
1989
1990
1991
1992
1993
1994
1995
1996
1997
1998
1999
2000
2001
2002
2003
2004
2005
2006
2007
2008
2009
2010
2011
2012
2013
2014
2015
2016
2017
2018
2019
2020
2021
2022
2023
2024
2025
2026
2027
2028
2029
2030
2031
2032
2033
2034
2035
2036
2037
2038
2039
2040
2041
2042
2043
2044
2045
2046
2047
2048
2049
2050
2051
2052
2053
2054
2055
2056
2057
2058
2059
2060
2061
2062
2063
2064
2065
2066
2067
2068
2069
2070
2071
2072
2073
2074
2075
2076
2077
2078
2079
2080
2081
2082
2083
2084
2085
2086
2087
2088
2089
2090
2091
2092
2093
2094
2095
2096
2097
2098
2099
2100
2101
2102
2103
2104
2105
2106
2107
2108
2109
2110
2111
2112
2113
2114
2115
2116
2117
2118
2119
2120
2121
2122
2123
2124
2125
2126
2127
2128
2129
2130
2131
2132
2133
2134
2135
2136
2137
2138
2139
2140
2141
2142
2143
2144
2145
2146
2147
2148
2149
2150
2151
2152
2153
2154
2155
2156
2157
2158
2159
2160
2161
2162
2163
2164
2165
2166
2167
2168
2169
2170
2171
2172
2173
2174
2175
2176
2177
2178
2179
2180
2181
2182
2183
2184
2185
2186
2187
2188
2189
2190
2191
2192
2193
2194
2195
2196
2197
2198
2199
2200
2201
2202
2203
2204
2205
2206
2207
2208
2209
2210
2211
2212
2213
2214
2215
2216
2217
2218
2219
2220
2221
2222
2223
2224
2225
2226
2227
2228
2229
2230
2231
2232
2233
2234
2235
2236
2237
2238
2239
2240
2241
2242
2243
2244
2245
2246
2247
2248
2249
2250
2251
2252
2253
2254
2255
2256
2257
2258
2259
2260
2261
2262
2263
2264
2265
2266
2267
2268
2269
2270
2271
2272
2273
2274
2275
2276
2277
2278
2279
2280
2281
2282
2283
2284
2285
2286
2287
2288
2289
2290
2291
2292
2293
2294
2295
2296
2297
2298
2299
2300
2301
2302
2303
2304
2305
2306
2307
2308
2309
2310
2311
2312
2313
2314
2315
2316
2317
2318
2319
2320
2321
2322
2323
2324
2325
2326
2327
2328
2329
2330
2331
2332
2333
2334
2335
2336
2337
2338
2339
2340
2341
2342
2343
2344
2345
2346
2347
2348
2349
2350
2351
2352
2353
2354
2355
2356
2357
2358
2359
2360
2361
2362
2363
2364
2365
2366
2367
2368
2369
2370
2371
2372
2373
2374
2375
2376
2377
2378
2379
2380
2381
2382
2383
2384
2385
2386
2387
2388
2389
2390
2391
2392
2393
2394
2395
2396
2397
2398
2399
2400
2401
2402
2403
2404
2405
2406
2407
2408
2409
2410
2411
2412
2413
2414
2415
2416
2417
2418
2419
2420
2421
2422
2423
2424
2425
2426
2427
2428
2429
2430
2431
2432
2433
2434
2435
2436
2437
2438
2439
2440
2441
2442
2443
2444
2445
2446
2447
2448
2449
2450
2451
2452
2453
2454
2455
2456
2457
2458
2459
2460
2461
2462
2463
2464
2465
2466
2467
2468
2469
2470
2471
2472
2473
2474
2475
2476
2477
2478
2479
2480
2481
2482
2483
2484
2485
2486
2487
2488
2489
2490
2491
2492
2493
2494
2495
2496
2497
2498
2499
2500
2501
2502
2503
2504
2505
2506
2507
2508
2509
2510
2511
2512
2513
2514
2515
2516
2517
2518
2519
2520
2521
2522
2523
2524
2525
2526
2527
2528
2529
2530
2531
2532
2533
2534
2535
2536
2537
2538
2539
2540
2541
2542
2543
2544
2545
2546
2547
2548
2549
2550
2551
2552
2553
2554
2555
2556
2557
2558
2559
2560
2561
2562
2563
2564
2565
2566
2567
2568
2569
2570
2571
2572
2573
2574
2575
2576
2577
2578
2579
2580
2581
2582
2583
2584
2585
2586
2587
2588
2589
2590
2591
2592
2593
2594
2595
2596
2597
2598
2599
2600
2601
2602
2603
2604
2605
2606
2607
2608
2609
2610
2611
2612
2613
2614
2615
2616
2617
2618
2619
2620
2621
2622
2623
2624
2625
2626
2627
2628
2629
2630
2631
2632
2633
2634
2635
2636
2637
2638
2639
2640
2641
2642
2643
2644
2645
2646
2647
2648
2649
2650
2651
2652
2653
2654
2655
2656
2657
2658
2659
2660
2661
2662
2663
2664
2665
2666
2667
2668
2669
2670
2671
2672
2673
2674
2675
2676
2677
2678
2679
2680
2681
2682
2683
2684
2685
2686
2687
2688
2689
2690
2691
2692
2693
2694
2695
2696
2697
2698
2699
2700
2701
2702
2703
2704
2705
2706
2707
2708
2709
2710
2711
2712
2713
2714
2715
2716
2717
2718
2719
2720
2721
2722
2723
2724
2725
2726
2727
2728
2729
2730
2731
2732
2733
2734
2735
2736
2737
2738
2739
2740
2741
2742
2743
2744
2745
2746
2747
2748
2749
2750
2751
2752
2753
2754
2755
2756
2757
2758
2759
2760
2761
2762
2763
2764
2765
2766
2767
2768
2769
2770
2771
2772
2773
2774
2775
2776
2777
2778
2779
2780
2781
2782
2783
2784
2785
2786
2787
2788
2789
2790
2791
2792
2793
2794
2795
2796
2797
2798
2799
2800
2801
2802
2803
2804
2805
2806
2807
2808
2809
2810
2811
2812
2813
2814
2815
2816
2817
2818
2819
2820
2821
2822
2823
2824
2825
2826
2827
2828
2829
2830
2831
2832
2833
2834
2835
2836
2837
2838
2839
2840
2841
2842
2843
2844
2845
2846
2847
2848
2849
2850
2851
2852
2853
2854
2855
2856
2857
2858
2859
2860
2861
2862
2863
2864
2865
2866
2867
2868
2869
2870
2871
2872
2873
2874
2875
2876
2877
2878
2879
2880
2881
2882
2883
2884
2885
2886
2887
2888
2889
2890
2891
2892
2893
2894
2895
2896
2897
2898
2899
2900
2901
2902
2903
2904
2905
2906
2907
2908
2909
2910
2911
2912
2913
2914
2915
2916
2917
2918
2919
2920
2921
2922
2923
2924
2925
2926
2927
2928
2929
2930
2931
2932
2933
2934
2935
2936
2937
2938
2939
2940
2941
2942
2943
2944
2945
2946
2947
2948
2949
2950
2951
2952
2953
2954
2955
2956
2957
2958
2959
2960
2961
2962
2963
2964
2965
2966
2967
2968
2969
2970
2971
2972
2973
2974
2975
2976
2977
2978
2979
2980
2981
2982
2983
2984
2985
2986
2987
2988
2989
2990
2991
2992
2993
2994
2995
2996
2997
2998
2999
3000
3001
3002
3003
3004
3005
3006
3007
3008
3009
3010
3011
3012
3013
3014
3015
3016
3017
3018
3019
3020
3021
3022
3023
3024
3025
3026
3027
3028
3029
3030
3031
3032
3033
3034
3035
3036
3037
3038
3039
3040
3041
3042
3043
3044
3045
3046
3047
3048
3049
3050
3051
3052
3053
3054
3055
3056
3057
3058
3059
3060
3061
3062
3063
3064
3065
3066
3067
3068
3069
3070
3071
3072
3073
3074
3075
3076
3077
3078
3079
3080
3081
3082
3083
3084
3085
3086
3087
3088
3089
3090
3091
3092
3093
3094
3095
3096
3097
3098
3099
3100
3101
3102
3103
3104
3105
3106
3107
3108
3109
3110
3111
3112
3113
3114
3115
3116
3117
3118
3119
3120
3121
3122
3123
3124
3125
3126
3127
3128
3129
3130
3131
3132
3133
3134
3135
3136
3137
3138
3139
3140
3141
3142
3143
3144
3145
3146
3147
3148
3149
3150
3151
3152
3153
3154
3155
3156
3157
3158
3159
3160
3161
3162
3163
3164
3165
3166
3167
3168
3169
3170
3171
3172
3173
3174
3175
3176
3177
3178
3179
3180
3181
3182
3183
3184
3185
3186
3187
3188
3189
3190
3191
3192
3193
3194
3195
3196
3197
3198
3199
3200
3201
3202
3203
3204
3205
3206
3207
3208
3209
3210
3211
3212
3213
3214
3215
3216
3217
3218
3219
3220
3221
3222
3223
3224
3225
3226
3227
3228
3229
3230
3231
3232
3233
3234
3235
3236
3237
3238
3239
3240
3241
3242
3243
3244
3245
3246
3247
3248
3249
3250
3251
3252
3253
3254
3255
3256
3257
3258
3259
3260
3261
3262
3263
3264
3265
3266
3267
3268
3269
3270
3271
3272
3273
3274
3275
3276
3277
3278
3279
3280
3281
3282
3283
3284
3285
3286
3287
3288
3289
3290
3291
3292
3293
3294
3295
3296
3297
3298
3299
3300
3301
3302
3303
3304
3305
3306
3307
3308
3309
3310
3311
3312
3313
3314
3315
3316
3317
3318
3319
3320
3321
3322
3323
3324
3325
3326
3327
3328
3329
3330
3331
3332
3333
3334
3335
3336
3337
3338
3339
3340
3341
3342
3343
3344
3345
3346
3347
3348
3349
3350
3351
3352
3353
3354
3355
3356
3357
3358
3359
3360
3361
3362
3363
3364
3365
3366
3367
3368
3369
3370
3371
3372
3373
3374
3375
3376
3377
3378
3379
3380
3381
3382
3383
3384
3385
3386
3387
3388
3389
3390
3391
3392
3393
3394
3395
3396
3397
3398
3399
3400
3401
3402
3403
3404
3405
3406
3407
3408
3409
3410
3411
3412
3413
3414
3415
3416
3417
3418
3419
3420
3421
3422
3423
3424
3425
3426
3427
3428
3429
3430
3431
3432
3433
3434
3435
3436
3437
3438
3439
3440
3441
3442
3443
3444
3445
3446
3447
3448
3449
3450
3451
3452
3453
3454
3455
3456
3457
3458
3459
3460
3461
3462
3463
3464
3465
3466
3467
3468
3469
3470
3471
3472
3473
3474
3475
3476
3477
3478
3479
3480
3481
3482
3483
3484
3485
3486
3487
3488
3489
3490
3491
3492
3493
3494
3495
3496
3497
3498
3499
3500
3501
3502
3503
3504
3505
3506
3507
3508
3509
3510
3511
3512
3513
3514
3515
3516
3517
3518
3519
3520
3521
3522
3523
3524
3525
3526
3527
3528
3529
3530
3531
3532
3533
3534
3535
3536
3537
3538
3539
3540
3541
3542
3543
3544
3545
3546
3547
3548
3549
3550
3551
3552
3553
3554
3555
3556
3557
3558
3559
3560
3561
3562
3563
3564
3565
3566
3567
3568
3569
3570
3571
3572
3573
3574
3575
3576
3577
3578
3579
3580
3581
3582
3583
3584
3585
3586
3587
3588
3589
3590
3591
3592
3593
3594
3595
3596
3597
3598
3599
3600
3601
3602
3603
3604
3605
3606
3607
3608
3609
3610
3611
3612
3613
3614
3615
3616
3617
3618
3619
3620
3621
3622
3623
3624
3625
3626
3627
3628
3629
3630
3631
3632
3633
3634
3635
3636
3637
3638
3639
3640
3641
3642
3643
3644
3645
3646
3647
3648
3649
3650
3651
3652
3653
3654
3655
3656
3657
3658
3659
3660
3661
3662
3663
3664
3665
3666
3667
3668
3669
3670
3671
3672
3673
3674
3675
3676
3677
3678
3679
3680
3681
3682
3683
3684
3685
3686
3687
3688
3689
3690
3691
3692
3693
3694
3695
3696
3697
3698
3699
3700
3701
3702
3703
3704
3705
3706
3707
3708
3709
3710
3711
3712
3713
3714
3715
3716
3717
3718
3719
3720
3721
3722
3723
3724
3725
3726
3727
3728
3729
3730
3731
3732
3733
3734
3735
3736
3737
3738
3739
3740
3741
3742
3743
3744
3745
3746
3747
3748
3749
3750
3751
3752
3753
3754
3755
3756
3757
3758
3759
3760
3761
3762
3763
3764
3765
3766
3767
3768
3769
3770
3771
3772
3773
3774
3775
3776
3777
3778
3779
3780
3781
3782
3783
3784
3785
3786
3787
3788
3789
3790
3791
3792
3793
3794
3795
3796
3797
3798
3799
3800
3801
3802
3803
3804
3805
3806
3807
3808
3809
3810
3811
3812
3813
3814
3815
3816
3817
3818
3819
3820
3821
3822
3823
3824
3825
3826
3827
3828
3829
3830
3831
3832
3833
3834
3835
3836
3837
3838
3839
3840
3841
3842
3843
3844
3845
3846
3847
3848
3849
3850
3851
3852
3853
3854
3855
3856
3857
3858
3859
3860
3861
3862
3863
3864
3865
3866
3867
3868
3869
3870
3871
3872
3873
3874
3875
3876
3877
3878
3879
3880
3881
3882
3883
3884
3885
3886
3887
3888
3889
3890
3891
3892
3893
3894
3895
3896
3897
3898
3899
3900
3901
3902
3903
3904
3905
3906
3907
3908
3909
3910
3911
3912
3913
3914
3915
3916
3917
3918
3919
3920
3921
3922
3923
3924
3925
3926
3927
3928
3929
3930
3931
3932
3933
3934
3935
3936
3937
3938
3939
3940
3941
3942
3943
3944
3945
3946
3947
3948
3949
3950
3951
3952
3953
3954
3955
3956
3957
3958
3959
3960
3961
3962
3963
3964
3965
3966
3967
3968
3969
3970
3971
3972
3973
3974
3975
3976
3977
3978
3979
3980
3981
3982
3983
3984
3985
3986
3987
3988
3989
3990
3991
3992
3993
3994
3995
3996
3997
3998
3999
4000
4001
4002
4003
4004
4005
4006
4007
4008
4009
4010
4011
4012
4013
4014
4015
4016
4017
4018
4019
4020
4021
4022
4023
4024
4025
4026
4027
4028
4029
4030
4031
4032
4033
4034
4035
4036
4037
4038
4039
4040
4041
4042
4043
4044
4045
4046
4047
4048
4049
4050
4051
4052
4053
4054
4055
4056
4057
4058
4059
4060
4061
4062
4063
4064
4065
4066
4067
4068
4069
4070
4071
4072
4073
4074
4075
4076
4077
4078
4079
4080
4081
4082
4083
4084
4085
4086
4087
4088
4089
4090
4091
4092
4093
4094
4095
4096
4097
4098
4099
4100
4101
4102
4103
4104
4105
4106
4107
4108
4109
4110
4111
4112
4113
4114
4115
4116
4117
4118
4119
4120
4121
4122
4123
4124
4125
4126
4127
4128
4129
4130
4131
4132
4133
4134
4135
4136
4137
4138
4139
4140
4141
4142
4143
4144
4145
4146
4147
4148
4149
4150
4151
4152
4153
4154
4155
4156
4157
4158
4159
4160
4161
4162
4163
4164
4165
4166
4167
4168
4169
4170
4171
4172
4173
4174
4175
4176
4177
4178
4179
4180
4181
4182
4183
4184
4185
4186
4187
4188
4189
4190
4191
4192
4193
4194
4195
4196
4197
4198
4199
4200
4201
4202
4203
4204
4205
4206
4207
4208
4209
4210
4211
4212
4213
4214
4215
4216
4217
4218
4219
4220
4221
4222
4223
4224
4225
4226
4227
4228
4229
4230
4231
4232
4233
4234
4235
4236
4237
4238
4239
4240
4241
4242
4243
4244
4245
4246
4247
4248
4249
4250
4251
4252
4253
4254
4255
4256
4257
4258
4259
4260
4261
4262
4263
4264
4265
4266
4267
4268
4269
4270
4271
4272
4273
4274
4275
4276
4277
4278
4279
4280
4281
4282
4283
4284
4285
4286
4287
4288
4289
4290
4291
4292
4293
4294
4295
4296
4297
4298
4299
4300
4301
4302
4303
4304
4305
4306
4307
4308
4309
4310
4311
4312
4313
4314
4315
4316
4317
4318
4319
4320
4321
4322
4323
4324
4325
4326
4327
4328
4329
4330
4331
4332
4333
4334
4335
4336
4337
4338
4339
4340
4341
4342
4343
4344
4345
4346
4347
4348
4349
4350
4351
4352
4353
4354
4355
4356
4357
4358
4359
4360
4361
4362
4363
4364
4365
4366
4367
4368
4369
4370
4371
4372
4373
4374
4375
4376
4377
4378
4379
4380
4381
4382
4383
4384
4385
4386
4387
4388
4389
4390
4391
4392
4393
4394
4395
4396
4397
4398
4399
4400
4401
4402
4403
4404
4405
4406
4407
4408
4409
4410
4411
4412
4413
4414
4415
4416
4417
4418
4419
4420
4421
4422
4423
4424
4425
4426
4427
4428
4429
4430
4431
4432
4433
4434
4435
4436
4437
4438
4439
4440
4441
4442
4443
4444
4445
4446
4447
4448
4449
4450
4451
4452
4453
4454
4455
4456
4457
4458
4459
4460
4461
4462
4463
4464
4465
4466
4467
4468
4469
4470
4471
4472
4473
4474
4475
4476
4477
4478
4479
4480
4481
4482
4483
4484
4485
4486
4487
4488
4489
4490
4491
4492
4493
4494
4495
4496
4497
4498
4499
4500
4501
4502
4503
4504
4505
4506
4507
4508
4509
4510
4511
4512
4513
4514
4515
4516
4517
4518
4519
4520
4521
4522
4523
4524
4525
4526
4527
4528
4529
4530
4531
4532
4533
4534
4535
4536
4537
4538
4539
4540
4541
4542
4543
4544
4545
4546
4547
4548
4549
4550
4551
4552
4553
4554
4555
4556
4557
4558
4559
4560
4561
4562
4563
4564
4565
4566
4567
4568
4569
4570
4571
4572
4573
4574
4575
4576
4577
4578
4579
4580
4581
4582
4583
4584
4585
4586
4587
4588
4589
4590
4591
4592
4593
4594
4595
4596
4597
4598
4599
4600
4601
4602
4603
4604
4605
4606
4607
4608
4609
4610
4611
4612
4613
4614
4615
4616
4617
4618
4619
4620
4621
4622
4623
4624
4625
4626
4627
4628
4629
4630
4631
4632
4633
4634
4635
4636
4637
4638
4639
4640
4641
4642
4643
4644
4645
4646
4647
4648
4649
4650
4651
4652
4653
4654
4655
4656
4657
4658
4659
4660
4661
4662
4663
4664
4665
4666
4667
4668
4669
4670
4671
4672
4673
4674
4675
4676
4677
4678
4679
4680
4681
4682
4683
4684
4685
4686
4687
4688
4689
4690
4691
4692
4693
4694
4695
4696
4697
4698
4699
4700
4701
4702
4703
4704
4705
4706
4707
4708
4709
4710
4711
4712
4713
4714
4715
4716
4717
4718
4719
4720
4721
4722
4723
4724
4725
4726
4727
4728
4729
4730
4731
4732
4733
4734
4735
4736
4737
4738
4739
4740
4741
4742
4743
4744
4745
4746
4747
4748
4749
4750
4751
4752
4753
4754
4755
4756
4757
4758
4759
4760
4761
4762
4763
4764
4765
4766
4767
4768
4769
4770
4771
4772
4773
4774
4775
4776
4777
4778
4779
4780
4781
4782
4783
4784
4785
4786
4787
4788
4789
4790
4791
4792
4793
4794
4795
4796
4797
4798
4799
4800
4801
4802
4803
4804
4805
4806
4807
4808
4809
4810
4811
4812
4813
4814
4815
4816
4817
4818
4819
4820
4821
4822
4823
4824
4825
4826
4827
4828
4829
4830
4831
4832
4833
4834
4835
4836
4837
4838
4839
4840
4841
4842
4843
4844
4845
4846
4847
4848
4849
4850
4851
4852
4853
4854
4855
4856
4857
4858
4859
4860
4861
4862
4863
4864
4865
4866
4867
4868
4869
4870
4871
4872
4873
4874
4875
4876
4877
4878
4879
4880
4881
4882
4883
4884
4885
4886
4887
4888
4889
4890
4891
4892
4893
4894
4895
4896
4897
4898
4899
4900
4901
4902
4903
4904
4905
4906
4907
4908
4909
4910
4911
4912
4913
4914
4915
4916
4917
4918
4919
4920
4921
4922
4923
4924
4925
4926
4927
4928
4929
4930
4931
4932
4933
4934
4935
4936
4937
4938
4939
4940
4941
4942
4943
4944
4945
4946
4947
4948
4949
4950
4951
4952
4953
4954
4955
4956
4957
4958
4959
4960
4961
4962
4963
4964
4965
4966
4967
4968
4969
4970
4971
4972
4973
4974
4975
4976
4977
4978
4979
4980
4981
4982
4983
4984
4985
4986
4987
4988
4989
4990
4991
4992
4993
4994
4995
4996
4997
4998
4999
5000
5001
5002
5003
5004
5005
5006
5007
5008
5009
5010
5011
5012
5013
5014
5015
5016
5017
5018
5019
5020
5021
5022
5023
5024
5025
5026
5027
5028
5029
5030
5031
5032
5033
5034
5035
5036
5037
5038
5039
5040
5041
5042
5043
5044
5045
5046
5047
5048
5049
5050
5051
5052
5053
5054
5055
5056
5057
5058
5059
5060
5061
5062
5063
5064
5065
5066
5067
5068
5069
5070
5071
5072
5073
5074
5075
5076
5077
5078
5079
5080
5081
5082
5083
5084
5085
5086
5087
5088
5089
5090
5091
5092
5093
5094
5095
5096
5097
5098
5099
5100
5101
5102
5103
5104
5105
5106
5107
5108
5109
5110
5111
5112
5113
5114
5115
5116
5117
5118
5119
5120
5121
5122
5123
5124
5125
5126
5127
5128
5129
5130
5131
5132
5133
5134
5135
5136
5137
5138
5139
5140
5141
5142
5143
5144
5145
5146
5147
5148
5149
5150
5151
5152
5153
5154
5155
5156
5157
5158
5159
5160
5161
5162
5163
5164
5165
5166
5167
5168
5169
5170
5171
5172
5173
5174
5175
5176
5177
5178
5179
5180
5181
5182
5183
5184
5185
5186
5187
5188
5189
5190
5191
5192
5193
5194
5195
5196
5197
5198
5199
5200
5201
5202
5203
5204
5205
5206
5207
5208
5209
5210
5211
5212
5213
5214
5215
5216
5217
5218
5219
5220
5221
5222
5223
5224
5225
5226
5227
5228
5229
5230
5231
5232
5233
5234
5235
5236
5237
5238
5239
5240
5241
5242
5243
5244
5245
5246
5247
5248
5249
5250
5251
5252
5253
5254
5255
5256
5257
5258
5259
5260
5261
5262
5263
5264
5265
5266
5267
5268
5269
5270
5271
5272
5273
5274
5275
5276
5277
5278
5279
5280
5281
5282
5283
5284
5285
5286
5287
5288
5289
5290
5291
5292
5293
5294
5295
5296
5297
5298
5299
5300
5301
5302
5303
5304
3.0844696745147 0 0.5977162851737966
3.666882424716315 0 0.5823080829085502
2.579554459510241 0 0.5120423838554105
4.258821828496308 0 0.5937188830911331
2.143665940340781 0 0.4409855728109946
4.851571375006888 0 0.5944637308335478
1.764351783135105 0 0.3818234914617938
5.432877025910789 0 0.5667276148747192
1.435467252469101 0 0.3295792175533341
1.151991074349764 0 0.283972196690635
0.907840443046211 0 0.2421684775163502
3.369715011746438 0 0.3666443450923875
2.834130185991644 0 0.3245302613736707
2.385814893441692 0 0.2888888147964306
0.6985201425607808 0 0.2082090287916936
3.979488468247226 0 0.3649633288298917
4.549708920970525 0 0.3670492060061951
3.381910919331849 0 0.8256832607918697
3.959042623995689 0 0.8221262537864539
1.964959254887046 0 0.2450765731920007
2.794881653776419 0 0.7677595489199713
0.5238813990856714 0 0.1761340992874041
4.55557174205614 0 0.8239398678300891
5.113701811240527 0 0.358336505400065
5.145958189895229 0 0.8242215978961021
2.331532634407928 0 0.6667147275874229
1.623436971315382 0 0.2248107641797475
3.666882424716315 0 0.2908455098673272
3.119489886642569 0 0.2682879424432134
1.920311759815748 0 0.5751853778243041
5.658517102138037 0 0.8529308829021292
0.3519640665460706 0 0.1476992532235851
4.265143442933151 0 0.2806101937259641
2.609472802452473 0 0.2329747001655715
1.305639851360522 0 0.1819868249284947
5.657474261011941 0 0.3397084845223439
2.173262879097108 0 0.2102084572181107
1.57725579785578 0 0.4926533707833217
3.062519279010182 0 0.8939957480544116
4.826272816643248 0 0.2953528541640411
3.668653270635715 0 0.8730063385728346
4.253473373860167 0 0.8927854858636901
1.276829502957319 0 0.4224348191787671
0.2219563724159754 0 0.1300204392168466
4.840104894250463 0 0.885892194684594
1.05532500376479 0 0.159074371219543
1.791167576636794 0 0.1715348748077759
2.553458365045888 0 0.7479992732967657
5.389442023979713 0 0.2797314388261814
1.465149237585365 0 0.1621332128191028
1.014183844210862 0 0.3621041503116402
0.8135093580275345 0 0.1326058047804479
2.112660832340885 0 0.6539418908619443
2.804180336284358 0 0.5469475537904549
0.1106650198721058 0 0.1126859677916784
3.333221661817319 0 0.5937084072827464
1.747757651962633 0 0.5616535525429693
5.398994780392409 0 0.9341312529087866
5.728851049258529 0 0.5984523921480568
0.7899802127785933 0 0.3120139252167159
3.905959197955926 0 0.5879561146621761
2.338335144514525 0 0.4767283936613574
3.475430962090083 0 0.2012872344694678
4.487407504379101 0 0.5977875235619181
1.421338949801711 0 0.4847382580991879
0.6235307442185771 0 0.1197092278080362
2.945772102468388 0 0.179774682550315
1.17814728820433 0 0.1274008488948861
1.929917212664616 0 0.4096943817664553
5.094491493835681 0 0.5968549409842646
3.291834995149632 0 0.1890332372321821
3.855193736751736 0 0.1879064453018752
0.9353498169942229 0 0.1202547927678936
0.6001881796858757 0 0.2648332177697508
2.778896499230546 0 0.1692871211269734
3.007954694082938 0 0.4292362227816546
3.195269726347436 0 0.4393344142499252
1.143185788609714 0 0.4185481665496341
0.4455756909950463 0 0.1052077089210922
4.080912774806471 0 0.1925183807986873
2.32705478428274 0 0.1488375131430615
0.4319884695339953 0 0.224964727373164
1.578123129160458 0 0.3488429437190564
4.43634892183966 0 0.1989580083439947
2.480051911935297 0 0.1530330312680708
2.051264094227913 0 0.1352725688497661
3.545716104058364 0 0.4369823934278261
2.693579864133969 0 0.3819076810846568
3.799669302220487 0 0.4386803997133999
4.647316792815964 0 0.2002333352298845
3.196261309369036 0 0.7601775906310682
0.8983063453118465 0 0.3612954803243012
3.257482363832232 0 0.9929398788013302
2.526725717817688 0 0.3664082598578993
3.500485290024034 0 0.6731487528586038
3.501713570593899 0 0.9936737206791624
2.245748557794767 0 0.3381865985879061
3.838083577382244 0 0.990278930092759
2.88051649294118 0 0.9518083695640049
1.27418007639169 0 0.2986912108359455
5.001662528509613 0 0.1890711444674986
4.089830646729953 0 0.5097632648483614
4.0732487574486 0 0.9945198550720946
4.367889271284307 0 0.4458377859372294
0.7232230870618235 0 0.1008062700022102
4.436560940183139 0 0.9937282089816797
1.907039660113462 0 0.1235634115954234
4.671566624377428 0 0.5214715777565131
4.667318940379539 0 0.9950722692628984
5.029738687919133 0 0.9946384167592734
2.667851554639553 0 0.8892305523407296
2.084542606592464 0 0.3168433935576601
4.134468430596147 0 0.7360292134660047
2.969511811307124 0 0.7463839498579639
5.804424739944827 0 0.9893616968428558
5.211740200416074 0 0.1778173865878112
2.409452305489946 0 0.8130591481431371
4.370922832868579 0 0.740046594226098
1.563851003238107 0 0.1154218484217253
3.790793809072924 0 0.7255534449608594
1.694872376205355 0 0.1108476451727783
0.29467514130857 0 0.08566284240486027
4.729991059222504 0 0.743686144942457
0.6891234605942973 0 0.3174330928086839
5.327144410198116 0 0.7446197664847459
4.969421997032505 0 0.7384990214631098
0.5308932048073407 0 0.09180264759567058
0.2774067459849547 0 0.1934600355783293
2.674418962303431 0 0.6421171595792383
1.015451332178078 0 0.2546256094656406
4.950698131327855 0 0.4368547813364992
5.253182389115951 0 0.4936675532423064
1.841847984406021 0 0.2881541808738755
5.805541671865941 0 0.1835555349857832
2.216195674419014 0 0.7749408252023823
1.989913519790322 0 0.6997644086562689
5.554374199852775 0 0.1816751523005107
0.5027024470540105 0 0.2703426416540291
2.44098855442418 0 0.5614415163035318
5.219622394460062 0 1.010470482628526
3.629067673333525 0 0.1472696012252158
1.378845124284514 0 0.1015930947703828
3.081903034398835 0 0.129341344363385
1.728529932520153 0 0.2733834667274033
2.23370958572317 0 0.5514662978960134
5.561925105837576 0 1.015132329749762
1.819802043097615 0 0.6672826244609943
1.517908119311835 0 0.2579803854774883
5.813837602880259 0 0.7625970907383445
5.572308158555824 0 0.6859363046973979
5.826159606231706 0 0.4366139642571648
1.633426532045861 0 0.6101755537539727
5.514001768258327 0 0.4201621940085087
2.026771934674057 0 0.4890127870814406
0.3787624886725882 0 0.07563416847848825
0.7936207848493453 0 0.2226665068937457
0.1776540701565779 0 0.06921138283421518
0.1566267785736573 0 0.171066517967456
1.83618463065916 0 0.4791878174749387
1.389490307919403 0 0.2361848671975857
1.265114984492225 0 0.1043815343633657
4.295760364582594 0 0.140687503728667
0.3466534306521001 0 0.2277911499667752
4.12941718494691 0 0.3794087602101988
1.494562724172079 0 0.5761575877343357
2.64514863237248 0 0.1170086624644342
2.941121906284484 0 0.5508966692120634
2.22295915355204 0 0.1103995168729351
1.32203228344539 0 0.5247907491827041
3.243937720898841 0 0.3143651568199777
1.657363173883053 0 0.422124228630527
1.217544155734542 0 0.2099722505684118
1.101470867140778 0 0.08374551689947735
1.008930543097982 0 0.08334392182367878
3.649549398768321 0 1.0427214741841
1.499814275219696 0 0.4079996164638341
4.792921406987073 0 0.1436017151344018
3.428225472904281 0 0.4922945624536835
2.99202841376826 0 0.2936470351296119
4.708235885203718 0 0.3821629691843987
0.06406459101181028 0 0.06451155755585886
1.199255126179012 0 0.4897887288450844
3.63554618490682 0 0.7286088601285572
0.6034422915506639 0 0.1930032680288997
3.005461934695787 0 1.039140415152727
2.5249763210347 0 0.8785136676373598
3.968839588731544 0 0.1303410941028301
1.130195965502494 0 0.1992056538648889
1.051845805682264 0 0.4478435812495307
3.756835253120461 0 0.1283695238894576
2.720187536312927 0 0.2678976308338064
3.541399514679851 0 0.8305608971968106
1.352161185650837 0 0.3605452158785898
2.885700332916266 0 0.4438498152877544
0.8678078848392063 0 0.07932879114553593
2.447049908737522 0 0.4499391667330954
4.218720272737547 0 1.048121297453277
3.202326310831839 0 0.1117659633436467
2.867974283841622 0 0.6589829668756478
3.390331342789053 0 0.1207481195328203
0.06297986656436017 0 0.1483692781725056
2.088638358424446 0 0.7582913942811054
5.475405606150952 0 0.7966754268278275
1.205650814078282 0 0.3522290747950355
4.809824284515484 0 1.049607904854462
3.544206264321488 0 0.3109686403030162
0.9713952646276054 0 0.1874674051199371
2.490062520248919 0 0.2578497739643759
4.035729530948286 0 0.6457866562022843
0.9529391417136583 0 0.4225664452584559
2.269867054729949 0 0.2362182217627863
5.346442352579337 0 0.1380699661795882
2.553187705504782 0 0.6313572885850676
1.821803060787354 0 0.08903630601488083
4.241388576787757 0 0.4446884935505825
2.456508385254325 0 0.6946637869189438
5.590144267636459 0 0.5507454022326914
0.2361451763912905 0 0.06325716513475793
4.801462937667582 0 0.4553901950834179
2.863889581412989 0 0.1059035718223415
3.669711127546849 0 0.4219981286023411
5.266345231016059 0 0.3452840172408825
5.227655240309191 0 0.6364331445826577
3.791597157497869 0 0.3056732367942032
2.699783897246168 0 0.4975653700057257
4.620069882310215 0 0.654598659787613
4.547894285742282 0 0.1337467028302181
0.2122715706141758 0 0.1988225357891497
1.489700633771692 0 0.08095328851915651
0.8841778432275205 0 0.1731446470773094
1.094806701503176 0 0.3409413348752939
0.8191157566138121 0 0.3896003296374272
0.7859033392796277 0 0.07062162921564757
2.13220708747936 0 0.08786630585339722
2.112061268645386 0 0.5413913391109764
4.176499537605178 0 0.1191120799883032
1.721053238510709 0 0.6598345226629734
3.830438894962072 0 0.8521884278822467
2.407686278391414 0 0.09574416830844262
0.9536319558209758 0 0.3050882941087993
3.205770511278223 0 0.5567591553208077
0.4137587694458622 0 0.1602501835977664
3.378223217825353 0 1.061030372107314
4.385610847268782 0 0.3134459557784764
2.028956168284083 0 0.5991779552917249
2.673304232533824 0 0.7611159787340767
0.6613916243745122 0 0.06633896262620648
1.993776661774128 0 0.3359590127117231
3.381914742062115 0 0.2548505474684113
0.7483662104647468 0 0.16199611283814
2.05631017371719 0 0.2283570049787108
1.985139450364953 0 0.08519153693363124
5.670144365869392 0 0.1309541356953751
1.664478439517314 0 0.3299744912445594
0.1203064652029355 0 0.05592977611020272
3.543506498256477 0 0.5595820891419533
2.555278952378484 0 0.09079753555529546
3.914734080676221 0 0.4688951460161661
3.790635996516269 0 0.555632712664528
1.874711846508665 0 0.2033456907092258
3.142362361124808 0 1.062631171483313
2.755545192710493 0 0.9864039191429224
3.96576108670063 0 0.2473058724462003
0.7427595853171582 0 0.3649095552058775
5.3716069943828 0 0.4286799932191037
0.5956539154043052 0 0.06559700856044048
3.307935028829003 0 0.4692496068746175
1.740687405343709 0 0.4712743732680999
2.338887300302517 0 0.3725485912382417
4.082601932716266 0 0.8648428406017421
2.241762426169366 0 0.436609688039695
5.354056465655153 0 1.065027045510147
3.963592073170966 0 1.06039467879531
0.7359901033018761 0 0.2661931851183417
3.196839651223256 0 0.8804553523380386
3.10786858090627 0 0.3767055309392815
0.860625120928054 0 0.2959336437826978
2.224088881366969 0 0.6567951802859574
3.533515735596803 0 0.1087358060156597
5.862875539876835 0 0.6328064733770202
3.323987732271207 0 0.7190424741571191
5.274388099389317 0 0.8689440436506056
4.551788422198503 0 1.065606636343072
4.429804826271476 0 0.861335285128477
1.394864586182237 0 0.5688908306244491
1.666544874991332 0 0.516791295184027
4.674081711636457 0 0.8679038534659844
2.85800930578099 0 0.2239908930283777
4.964335790301448 0 0.3112808838744565
3.08800168283189 0 0.7123137250084908
4.537093788994591 0 0.246310448303128
2.05212797987575 0 0.4030979427842487
2.77479039682291 0 0.4253320798929581
3.096399504998016 0 0.4853501897050655
5.105130641112994 0 0.1233018298129888
0.6186879960205123 0 0.3309510260346181
2.893052991293121 0 0.8280445336203035
0.4794121618999299 0 0.05706768987313032
4.49057736213452 0 0.4745697787876574
3.903579302552467 0 0.7125537129667643
0.6802250882764418 0 0.1472475372244977
2.99710597434188 0 0.0960183950716455
4.983610785231108 0 0.8684258994471037
4.375316339525833 0 0.5578394945334353
2.40549692239362 0 0.194736842020534
5.683874331724263 0 1.068620249300695
4.912110648760561 0 0.1176525925260724
0.2746638960681169 0 0.1386570891752727
5.873824034276324 0 0.8948793461240128
1.703020417581105 0 0.1970827440413185
2.297141142695923 0 0.8489012334611787
5.860690031253326 0 0.3163413140199784
1.085289706756603 0 0.2563231298246602
1.847798553892501 0 0.3738455179541716
2.728422933500283 0 0.09396001725727882
4.252167760680096 0 0.717203898364063
5.074370612944832 0 0.4721220434272604
1.415786790133431 0 0.4024579178417265
1.839266621049574 0 0.5706879778984726
4.97103969159375 0 0.5561297406330694
0.551253836917815 0 0.3116374586905701
2.169008139250658 0 0.2995773543192762
0.5682195118410744 0 0.1353300760061615
1.53694121756752 0 0.1861431877643285
4.489801156006296 0 0.7170778066287791
4.851453887100952 0 0.7241220971042441
1.203355415187509 0 0.06695139641648112
4.143525925030217 0 0.6238261672160863
3.300650477254667 0 0.08791438750743613
0.6632670181582343 0 0.2614331402679311
0.1068564291287659 0 0.1728549855249307
2.321744473456735 0 0.574656433311356
0.4504773853211406 0 0.2835070008049179
5.705980657240874 0 0.7253099773210833
1.629516878116361 0 0.07297292261176658
1.978523981769164 0 0.1693088472433438
1.74700812544563 0 0.07541351900448851
2.613156728351851 0 0.3210924943754795
1.350993142806397 0 0.4501369580814697
0.5518940095255167 0 0.2307331239642156
1.114965870688335 0 0.4886495979613935
0.4202748906028781 0 0.05787375835276337
5.695252744135081 0 0.4526954901437313
3.861882047855961 0 0.09746289255940788
5.094297788273396 0 0.707330482546948
3.193486460927399 0 0.2186333995832679
4.335568145987909 0 1.082937426631383
3.951702045671221 0 0.941245856640947
4.741841192828302 0 0.6192883101413329
4.949763497238184 0 1.071579254233654
2.296144249177832 0 0.07958495654485515
1.895641508065088 0 0.7309787455584711
0.4697091632823986 0 0.1559508748985329
3.363248695735973 0 0.94402736277189
1.317724288577779 0 0.2536169623674733
0.9543112300571464 0 0.06336827253624799
2.604804911218315 0 0.4285789945725655
3.021717234769898 0 0.2190520032875504
4.545350239221086 0 0.9397021444178277
1.499160053780991 0 0.4881440306873306
2.438260493245448 0 0.3639928776595786
4.394051972911821 0 0.1055989690177601
5.105858650013852 0 0.2426866747605239
5.498276175253578 0 0.2991095060800275
5.11692982993751 0 1.076431972991164
0.3869233759340496 0 0.2602753238493206
4.058413996386429 0 0.2955996430303431
1.913261141428697 0 0.4876030471999589
2.693742628418819 0 0.1891869242780075
5.459151082336096 0 0.1137310623306592
2.934649301368351 0 0.3641934307308927
4.068829568180623 0 0.09559938147045027
4.155569028467952 0 0.2693519901691285
5.878229416957881 0 1.070854745367993
2.796615771891218 0 0.8835482095502989
2.770158766624067 0 0.6750816954969641
1.324707310331321 0 0.06421042807328409
0.8528053917213372 0 0.226030912649352
0.4801156059714846 0 0.2173337956622157
3.739795276052622 0 0.2201351219664538
1.373660568632009 0 0.1769883453948965
3.870665874362459 0 0.3624948342016781
1.589300544098343 0 0.2813236790233075
3.456508543445201 0 0.3806121221190916
1.506227340477353 0 0.3235429258437413
3.773036306828401 0 1.076865838284429
1.419848812635735 0 0.06920979533768584
1.239099604671033 0 0.1515209610888082
0.1543011262043268 0 0.1181438929146645
5.538141430691419 0 0.9066430352218529
1.914649055048931 0 0.3185951591421157
2.994361808963594 0 0.641488057750079
5.434841091058715 0 0.6980436465630518
4.704485283942697 0 0.1166530067499131
5.462786541357126 0 1.082372733650695
0.3302609633854465 0 0.04811142901053905
3.430102923156457 0 0.5996001540416299
0.8883316172056914 0 0.4224333416463072
3.569378726613881 0 0.222284714006761
1.554884504156008 0 0.6210212025088986
2.483515818500255 0 0.07260293467766393
0.04461512151441394 0 0.1036156407692619
5.884984547750291 0 0.1177233448292618
5.13311537207802 0 0.9342933162580724
2.558021019218183 0 0.1703091174965851
1.199389813005276 0 0.4234859595282409
1.375853747653413 0 0.3019379452738825
2.30927133509445 0 0.7585208676673811
3.239714630362295 0 0.6578427430843211
1.460133939672708 0 0.2253482734368847
1.626821211179598 0 0.1477262101288407
2.055440130760851 0 0.06245312566147654
0.2980440805285736 0 0.2402620065813011
4.734336738919898 0 0.2692008196043998
5.887480331993817 0 0.5255203745870244
1.558044936786512 0 0.4189657081927886
5.756493635678286 0 0.8873818831219393
3.558688394806887 0 1.084209945755145
3.729463252032031 0 0.9570524159001463
2.761145835260146 0 0.3465022644918242
1.211475824031468 0 0.2773702591727552
3.276767879481957 0 0.8233451988212551
2.124525451861702 0 0.164331728198724
3.615951860009289 0 0.4883206546775805
4.910826432222457 0 0.224462747974935
2.421493705105851 0 0.9119153008949747
1.790650505784645 0 0.2368865898601224
4.047561942695992 0 0.4280295201577127
2.898026946028809 0 1.054668579090823
1.046587235498985 0 0.3116568057147904
1.109026336146883 0 0.1431557674540814
5.658672887888197 0 0.9589383587511768
4.219069685095878 0 0.2054673786927213
4.634752134457461 0 0.2919637616865732
2.172505740474599 0 0.3761563887088783
3.12177198523172 0 0.8110039343566984
0.9890236535071768 0 0.1368756472264395
5.320057158948601 0 0.581667263275116
1.25567350722804 0 0.5327470590539565
1.913351405368805 0 0.6517883496693503
2.576513961953112 0 0.9559192588257607
5.220037394025129 0 0.7452706961905635
4.116535284320366 0 1.09477660455154
3.583703632662701 0 0.9285780485711619
4.591004190149624 0 0.4589871395238604
4.038904710835405 0 0.7508589508649692
2.965608360747928 0 0.9041831375800211
4.292599781063912 0 0.3799050989907128
3.422378976449131 0 0.7317023382286445
3.984847429739734 0 0.5355700231257875
1.060706553590522 0 0.04709043832114279
4.456276887849293 0 0.3743262920300198
4.331405017116957 0 0.9689690298032794
1.882385786732234 0 0.06193765058205536
1.784885162586626 0 0.3111562764820937
2.315710784417956 0 0.2897046941232875
0.7384507070994264 0 0.0501514962455028
0.6482930018153277 0 0.1939136230847872
0.3898915176116939 0 0.1226983003171164
4.713045800079379 0 1.093127912607358
5.01115178344841 0 0.1004687819252147
3.278842060956238 0 1.0953273911222
4.913504484056507 0 0.9687134623019387
1.316521393475677 0 0.1252998911412649
1.545079361021738 0 0.05984317128437289
3.453652387028875 0 0.8965346191757803
5.253606179495459 0 0.0996666305149948
4.158875990148768 0 0.9355913152727409
4.329608990598555 0 0.2391629370260427
5.701146251189494 0 0.2361283744240678
0.3341857591080282 0 0.1092416179831384
1.145827153955893 0 0.0522129052631834
0.3762776791360176 0 0.1905085882533104
0.9553806170191095 0 0.3628895876700716
4.629773919583483 0 0.7513817599044755
2.918263672776188 0 0.2903130413903557
5.294672648966481 0 0.2479771129341027
0.2769355581799302 0 0.04466339455835278
3.745060580594326 0 0.6450968910394885
4.326313983217783 0 0.6556217389540044
3.71316041408324 0 0.4995926818174043
3.677926135318008 0 0.08569542248648954
4.177223024823455 0 0.5292627672000377
0.4922602066228374 0 0.1148382971036101
2.593313111624827 0 0.8319689987744741
3.593228690146781 0 0.6411292657625595
2.152835246671686 0 0.8278521482426735
0.3201442569566759 0 0.186849431989573
4.210297445380744 0 0.7997158137743559
1.263053659624596 0 0.3593800407420817
4.7483825405351 0 0.9324990984555178
3.461510305211918 0 0.2791381441138965
3.13070976929239 0 0.08600773172893755
4.586843794350641 0 0.5589144437859292
3.135706197257177 0 0.96164528164142
2.235101342827567 0 0.179477991585963
5.756835822422431 0 0.332095454819341
4.938099658807984 0 0.6330708356954569
2.805104209170574 0 0.07053634030005468
2.642559216740872 0 0.5638401423725439
1.665793227300695 0 0.2659785813311532
0.2440118873017143 0 0.2281404906716337
4.457193624165405 0 1.094132262777666
5.164743880725608 0 0.4470445126167852
4.873134870449599 0 0.381307733818991
2.474248103162265 0 0.7690553736269339
1.560630647926669 0 0.5621610512781976
2.013247217297265 0 0.7892797124400484
3.456905521909466 0 0.07886205150374259
1.045411490206427 0 0.2173632460096942
2.526714773394541 0 0.4406356802975593
2.493488243529981 0 0.5046185664466841
0.9965873147244824 0 0.4571487985428369
2.72687543770315 0 0.5720352906869401
4.337954593782285 0 0.8339903595533493
5.774489375996124 0 0.09947711049620056
0.5433324599398972 0 0.04466974146337238
3.703779684667814 0 0.7868228638432804
1.850700355769595 0 0.1477284724886058
4.893510068336491 0 0.8078903180961086
0.8206810684777222 0 0.2575334006470614
2.928692802212201 0 0.06756794230083257
2.342419993751488 0 0.2361120921154707
2.121072887120556 0 0.2530763861452993
1.687043841603043 0 0.05823422116358551
0.253786233615521 0 0.09970702403244486
1.266733176041087 0 0.2394729248499061
3.614637410779122 0 0.3532101522184518
2.154842865512738 0 0.7236616210628771
5.053822336982541 0 0.8028708512164029
3.833987049815643 0 0.6503971980787276
4.766490811883516 0 0.827028675729089
1.745974251131317 0 0.1309779640259294
5.02430756316638 0 0.3709792155051629
0.2440524985688008 0 0.1649122736140331
3.881600601876809 0 0.2799293261755963
0.9613214913114088 0 0.2403436271438514
3.013411052435464 0 0.5044037597736479
1.770298197307713 0 0.7097588615858834
0.6886451796106035 0 0.3683928319553271
5.590243281210732 0 0.1055197501099777
5.602386532387327 0 0.4144443286915224
5.377512999119359 0 0.8336590398920045
0.7702265855096528 0 0.1154099920098322
0.204923637437576 0 0.04014737306570587
5.77977983042295 0 1.10032142805559
5.574487103163754 0 0.7777201156817866
0.9063954337126647 0 0.04836308107437348
0.1717301311681405 0 0.20701757665787
3.030233051322733 0 0.8159783448921376
1.06214337162913 0 0.3936070921485265
5.198461524117079 0 0.2703859505195684
5.897119794831706 0 0.982120771058166
3.29375239747577 0 0.3823531509054595
3.151958671043911 0 0.6539439004301139
2.888629074283285 0 0.7492539389605715
4.470325478548729 0 0.2944516611159713
2.404224714683098 0 0.5090754321177866
2.796399860057658 0 0.2667570374704071
0.8297049860061065 0 0.04740209086367775
5.462628572698756 0 0.2060799052048004
3.860114607075578 0 1.107344259621005
5.893241346103203 0 0.2168495976032505
5.179690600126403 0 0.5547935620896959
4.89241973757556 0 0.5050821683992034
5.526148316984647 0 0.5960042453195856
3.720372986626287 0 0.3564857383997819
2.724130539150974 0 0.8336056222548114
1.905854929580611 0 0.2595166495552061
1.055914548308048 0 0.1008763457873028
2.05947664479869 0 0.7065782172818798
3.162370888668565 0 0.3225499714898022
2.606448267865155 0 0.6805228647200057
0.8625498190328904 0 0.1228811960441887
3.302436702569764 0 0.2631609325154904
3.593740033481378 0 0.0731041378693672
0.8203828916323568 0 0.1836723551072524
5.257212253887046 0 1.101644821878589
4.25133591234091 0 0.07142098022501547
4.477466336834053 0 0.08314421729094273
2.184560769593719 0 0.05823217897532557
5.903765225673283 0 0.7230877465755574
1.257340519195735 0 0.4749828045372259
2.380230846311147 0 0.7383734869035026
1.648577638622387 0 0.6738263499099069
4.625708106903524 0 0.07214754963887199
2.113894228424683 0 0.3754917124822051
4.220950568452906 0 0.357661524394175
1.770346520177471 0 0.6275659963635336
0.03383432567651967 0 0.0393276387858284
1.440311055307843 0 0.6106751617031393
1.150568344565559 0 0.3351564219835
2.203507190273732 0 0.4886303803515254
3.460536741125394 0 1.109792475168701
1.993946741380021 0 0.4311604256398268
3.054510093115138 0 0.06730985023908703
1.425729911634836 0 0.116273145523635
2.660491109688891 0 0.9961735343802698
0.7387666998831715 0 0.3153356823545088
2.566332497367918 0 0.276842549975178
0.6297220624530442 0 0.232574130690883
1.375780603807244 0 0.05767889287253847
5.597261935999486 0 0.2694228272024823
4.427594226110557 0 0.6550389383446038
0.153817571979264 0 0.0400118278639906
3.551622889725833 0 0.7424835293584011
5.301760887239924 0 0.9608957510459426
2.376200326699927 0 0.6118740822660045
4.309181481598499 0 0.5031471443711174
3.129602293038838 0 0.1909043947875291
1.470025997962644 0 0.2818209515495584
1.516212681986935 0 0.1225224171206687
5.039714279412542 0 1.111670613172898
2.615903233259877 0 0.06645538833684361
5.500590528054316 0 0.5153838251010661
2.264489826640441 0 0.4923143089321087
0.2053504873726659 0 0.09010682705636119
4.757140371116805 0 0.5277868740816094
5.603504126676095 0 1.113004484887809
0.4817248200369155 0 0.3051663924042122
1.177761234923039 0 0.1791664281693878
2.354853358428378 0 0.06461785345747934
2.017144694315718 0 0.2758297274396947
5.644514613244475 0 0.6078399235789872
2.879354327347479 0 0.5187514984491552
1.724622295837371 0 0.3247310191213744
0.1973752843626877 0 0.1614729108721791
5.468223239654091 0 0.9892717501982078
1.568948173537935 0 0.2276372093175707
1.933407417998372 0 0.0566035561404914
1.248665848911384 0 0.05067564033001642
2.385343845320237 0 0.4280141347518983
5.432796117481248 0 0.3557785564106358
0.9279008663933803 0 0.1665223372202398
3.064680180318372 0 0.3180759950402334
5.916514251574272 0 0.3931760383658954
5.029522328229834 0 0.6506184134289352
1.170504589161154 0 0.2316824105184729
5.800317094293969 0 0.5275072424528983
0.089559844933226 0 0.03685471235745791
1.810813268254509 0 0.4206491302307326
0.6302053037822617 0 0.03845801246115216
3.66134465661663 0 0.2175905467824
2.154876250214196 0 0.5973155182694139
5.786480995262451 0 0.6774317559518128
2.676818958640607 0 0.06149677703091622
4.795180285596678 0 0.3765130169586963
3.280213422542796 0 0.9083115873371514
0.8321196536329012 0 0.3355262352193313
4.127422649810356 0 0.4517855939763414
3.613375055276969 0 0.8058860898442184
0.130310232574057 0 0.1975015779162464
1.990787131554636 0 0.5524536087820395
1.697814568896068 0 0.6076563245375011
0.7696828981381292 0 0.4023529259383534
4.726123943456119 0 0.4585698577637647
2.221826075627714 0 0.8600551827667866
2.814389850006763 0 1.047761032684746
2.087585396898049 0 0.4866457859472424
0.7435688327226329 0 0.2028945141673837
2.35096062677369 0 0.9053721551464218
3.059994071943272 0 1.110504939858167
3.359190224804152 0 0.1969169886665907
0.3858570384242093 0 0.03952259398126406
1.445617883033456 0 0.5393217100092144
0.1309222288983607 0 0.1496974126050147
0.1393109398392109 0 0.08718435908867023
2.179108091259595 0 0.1579605277445246
1.004440753764417 0 0.4141898493649603
1.422203889234797 0 0.1882383974952332
5.041026578307813 0 0.2986563194045996
1.334114450172023 0 0.57820114395442
1.874385526673057 0 0.4293866994354892
0.8217585678723567 0 0.09406416715149074
3.281159179476572 0 0.5315342681111466
3.500247884176678 0 0.5003248139500562
1.152317017845218 0 0.5223871692516207
2.954820739748436 0 0.4759458159245577
4.844596407951685 0 0.07868907238779826
2.216896706859905 0 0.2480579264940982
3.925497340149154 0 0.06851956065705284
5.722079529903974 0 0.8037227236357273
0.697942530571952 0 0.0387116730407347
0.9084920591625814 0 0.2863493097960541
3.843808230352132 0 0.490739887521817
2.242640958236485 0 0.05590188672838459
3.84489191592354 0 0.777102684980033
4.325089081604775 0 0.07553214459522722
4.033744316312472 0 1.116015635942786
1.783053675918436 0 0.5135778061761774
0.4456444688450003 0 0.1886452336888528
4.628915786615556 0 1.108062814739237
2.835285927767921 0 0.3908727464355806
0.6606856049752343 0 0.1061129246595693
1.926904643595218 0 0.2034439807082238
3.367883756363453 0 0.6620015568955557
1.704259803519785 0 0.3809173988882344
1.631617588851014 0 0.3775199635246933
5.341594801547035 0 0.661839854337988
0.5259610945740856 0 0.1396963835519395
2.656420198155578 0 0.2756881968142577
1.977799232671831 0 0.6478990620013285
1.63257371968147 0 0.4763179291791286
1.82666805992976 0 0.7380238571987057
0.573407497690213 0 0.0994587322508737
0.07880191999083053 0 0.09751723188973699
3.352190280996325 0 0.521981437086572
5.177950188286304 0 0.07864158174725905
0.9913229914409345 0 0.03876075154964315
3.800517603862822 0 0.07393215254066937
0.3172098194457043 0 0.1371576834243024
3.238823373583423 0 0.06527342191086033
3.414103677853725 0 0.4259332170843925
0.5737160126683229 0 0.3411402131861228
0.3487039591745411 0 0.2673925880524536
2.837590722627404 0 0.1652027030256401
0.03302882100549676 0 0.16884372173638
1.319880103277676 0 0.3138907143346211
4.006224520248379 0 0.1875101862149378
0.07458256862207246 0 0.1815948065770628
2.486838114541299 0 0.6288521549500096
1.221593655135457 0 0.1084835113032925
1.01421333657072 0 0.1789575117002722
1.374441417387518 0 0.5161466525148284
1.585620417087803 0 0.1775471000843306
3.349421311947421 0 0.06355625100396894
2.461553892044809 0 0.2098617413862009
3.059475358171022 0 0.9803955741738819
0.6260960695861515 0 0.1606499237187737
2.450774953485241 0 0.3019099239645459
1.158653865987241 0 0.4601079089730751
1.419288476849131 0 0.276352020468684
5.148214181470435 0 0.6565370843752745
1.947126235013568 0 0.776893300854066
2.619375739515925 0 0.1724825139537453
5.338403609526357 0 0.3489724219113026
2.868820525214458 0 0.5848207633774994
5.062743551044859 0 0.8816767500495279
4.626617717341954 0 0.3862423432633642
4.731506283215631 0 0.1961509271415256
1.098203204476271 0 0.04288303080203343
2.506789447384378 0 0.9517254939846818
0.9990374850197741 0 0.3184447900192309
2.522857792017403 0 0.6892716043334535
0.7843155771852008 0 0.3532073394275874
2.259477065303165 0 0.6045130194669134
3.939619394550149 0 0.6574945269276804
5.914741231017211 0 0.8097799667404444
2.054365837997825 0 0.5461789119520872
1.108094367297451 0 0.2983086646857904
2.277831569006378 0 0.3878697819547805
3.652291005846374 0 0.9569978811503916
1.479569553846843 0 0.3675434411417151
2.962059201928183 0 0.2399866264083167
0.410683569498107 0 0.09111883362703482
2.272162994135641 0 0.1253515437309083
1.791007377452377 0 0.04769715011869019
1.755161477835696 0 0.2061489257923799
1.26233186738611 0 0.1917522698013148
1.067246600580663 0 0.499177860478455
4.264921412325005 0 1.110841930588996
0.5446659617212677 0 0.2705622913642767
3.995221701589299 0 0.06349828566145038
2.026936646593953 0 0.1785494140874366
2.663418789667152 0 0.4409766498625997
3.452304147832181 0 0.8005787459822089
3.928746231051774 0 0.1954363956002756
5.369860250746225 0 0.5094536140720183
0.09712980951845651 0 0.1452080627775461
3.690473257480003 0 1.114604812144065
3.581958281870931 0 1.009204930313386
4.441479856147284 0 0.783788806784798
0.6324672924497894 0 0.2905309474655483
4.543476618694134 0 0.661322047651262
4.123689810414188 0 0.0651806328610296
3.669204251210294 0 0.6528006430387621
1.53040882856224 0 0.3742380918347103
5.213233782324256 0 0.9266389058863678
0.4489410758521348 0 0.03835900269826004
1.496359409259762 0 0.6331569987187634
0.03011820567322143 0 0.07511639627898292
3.218247873273658 0 0.3760432433791542
3.171120015032406 0 0.5013541245346584
3.755046696416057 0 0.8843482744911277
1.144265338424058 0 0.09796478739950071
4.860287994898408 0 1.116417488468509
3.906157964613994 0 0.8776435847767139
2.951961337668015 0 0.9804371158521852
3.014490511413947 0 0.5762179207506268
4.03456161561242 0 0.9305062911834603
2.380573707388259 0 0.1470055199571346
0.8444164561595757 0 0.4261261892723209
2.827040058459064 0 0.4747248939189926
1.451911117754871 0 0.4435501109502298
0.5608763907515528 0 0.1794191283787465
3.79287635194368 0 0.1831505026090529
1.589986395600497 0 0.04127406925722282
4.363840796638346 0 0.1685030560235663
1.088558676585972 0 0.183454992087603
0.3886188899826473 0 0.224631180280859
4.80385438731917 0 0.2239342659124264
1.321978332014986 0 0.4056465286575634
2.536775018984942 0 0.5600094847142614
4.769032316253705 0 0.0719354346399575
1.870361497180497 0 0.5257964818779913
3.695022430930362 0 0.1568265195159252
4.156055601686706 0 0.1863011256210372
3.002744868557119 0 0.1563473235771619
2.099619973550579 0 0.05349258269663909
5.391898891020994 0 0.07789867001356648
5.456941872841663 0 0.8855326575435674
3.44454569241484 0 0.1451879494913576
3.010988634278716 0 0.354745379776672
2.257019442232621 0 0.7140157641852505
4.406195513724028 0 0.5049698945012648
2.463376740945343 0 0.8386666122041075
2.927349162250558 0 0.6199669032814884
0.625582683977338 0 0.07728134103383338
4.628655117944523 0 0.9296254998503837
2.762078725281117 0 0.4953404726121983
0.7186658948571765 0 0.1391139943395523
5.297707628299754 0 0.4245429472293541
0.6471565752062314 0 0.3622924251809084
4.780465244796233 0 0.6834424292314194
1.339018911902925 0 0.2129357519922023
2.089783921680785 0 0.5967722202677026
1.620200299876363 0 0.5592146654795288
1.397043179150811 0 0.3586320097958278
3.200876350987484 0 1.123573250457985
3.981002589346711 0 0.428287957659638
5.503878202744083 0 0.7268679819665765
0.9040259665413188 0 0.09139797924325616
2.965544146586109 0 1.111459855189268
3.421769127918488 0 1.00068073401737
3.599707892756556 0 0.2802514639468862
0.03357644146817362 0 0.1322639178204517
2.532950192604602 0 0.8133568728049629
4.177313385027612 0 0.6814161325275329
5.678948908971255 0 0.5397574722364585
1.465209492714765 0 0.04325531529599308
5.563511034781228 0 0.3486631907855364
2.703429925876473 0 0.6939740327116622
4.256146661805889 0 0.9708157241647315
0.7010024588580341 0 0.2446452113057049
1.09779994132333 0 0.4439699373792429
2.744561103158522 0 0.2167848090090275
0.8658319240714092 0 0.03951712312234751
5.63002947068195 0 0.197449199954306
2.796508294225421 0 0.6148718638748922
0.969752389225699 0 0.09746697738604621
4.508840737675678 0 0.1901663561982189
1.688331840243656 0 0.4660472507477955
4.586886213457979 0 0.189079045100663
3.259002671805995 0 0.1363677105786105
1.592623549482413 0 0.6682152669609143
2.731567655246487 0 0.9156518137754723
4.069999952967975 0 0.5901535981879577
1.95910869731566 0 0.2914204964488727
3.137335063347844 0 0.135353041718843
1.203858911514102 0 0.5383321064861176
0.9196938860701152 0 0.4535083718866207
0.7761872971995989 0 0.2594826671225077
0.9325805142779049 0 0.2077879885905639
1.231909071785561 0 0.3187901108790764
3.532266842827921 0 0.1731185766943594
4.09966899751001 0 0.6746824877458248
4.842701966922462 0 0.9723280433928496
4.160718684923169 0 0.8591152885934625
1.617750843752532 0 0.3199257049754161
0.5098849867225561 0 0.03353918404763118
2.432557163096355 0 0.05186894875445874
2.694043282303799 0 0.3240027973500216
2.287202155071342 0 0.1859049978551313
4.145656688661077 0 1.013367198331229
0.2464489191967392 0 0.03010628460033027
2.539532390366787 0 0.2234673314497551
2.936370914747163 0 0.6873728124576761
3.409307943663625 0 0.3134590330809853
1.281659429752884 0 0.1434477622281672
0.4553153598347102 0 0.2441742348418561
3.32509495909252 0 0.3242121815106186
0.4125621083680424 0 0.2919815547018421
2.920054070470769 0 0.131863754985888
2.697687629223452 0 0.1339128611870696
2.48578862886667 0 0.3990585699818223
2.878599404351966 0 0.05245626887406818
3.205261439578055 0 0.2707930146862775
4.508538803481914 0 0.8711020644993033
2.619489621658078 0 0.620462696755354
2.04226688299217 0 0.3531942400040952
0.2964449729276368 0 0.1660308791617404
1.188593497047834 0 0.3086929723033941
0.5188530054168106 0 0.2147371447064867
1.128193870727685 0 0.2430429150724457
4.688542075161179 0 0.6798635049327103
0.8651784111237633 0 0.3866798616755686
0.5163016535536262 0 0.3281738419245628
1.793312009143437 0 0.1255519379320726
5.191000731399967 0 0.3647414300537902
3.785262274915977 0 0.8002899625581372
2.524025128479155 0 0.05127146164682261
1.16574780366207 0 0.3805324945653207
3.492892628351906 0 0.6029283305540134
0.7722321874792963 0 0.03622611109059148
2.061334485537643 0 0.8240551439029798
3.808490488480448 0 0.2453459210362124
4.667745711485725 0 0.5903346161533267
4.739174459002452 0 1.01376921751747
3.517571969655549 0 0.2520128193857044
1.840293242358445 0 0.04573782151111244
1.861338277763851 0 0.6229545934450149
0.9207554312600461 0 0.3946217170258448
1.722893118557476 0 0.5176539318644839
4.289558198499592 0 0.7759111124093507
0.5886491111123329 0 0.3084699950846985
1.289558564141352 0 0.0419717428615623
2.012623409671952 0 0.04904852759735112
1.545412224502748 0 0.294834065677195
3.070135178852148 0 0.4259102034457009
1.532089841154128 0 0.4578900630712314
2.428535307768967 0 0.2488266531795423
5.181631194337621 0 1.128023380549894
2.070528433163314 0 0.1829289423524301
3.710303028665142 0 0.7198048896122621
1.495953054570645 0 0.1993415298231391
4.99753753060221 0 0.4902685140206431
1.971536782539109 0 0.4831807948162189
0.7802722481078832 0 0.1858173723939606
0.1912024235217249 0 0.1172186649241627
3.534985569460527 0 0.3749425781719239
5.397905632278028 0 1.118859346696023
5.281449431500548 0 0.1748797438478596
1.824830624994303 0 0.2049352251548163
2.387810995952576 0 0.3456421218136601
4.063289537220593 0 0.3627516209654521
3.732542524848031 0 0.2858776946101437
5.384664432945915 0 0.2045347860612448
3.416414067358121 0 0.2018011226347645
1.668101203659144 0 0.1642523594078836
3.253097746446484 0 0.2344922288046685
0.8990665168098082 0 0.1386273375248854
4.549657387598253 0 0.06195647031899437
3.133278205364402 0 0.4390177814721847
0.2087537628282714 0 0.2299826679450612
0.9971461403498321 0 0.2195401469198487
2.005390184114218 0 0.129664987299071
3.998657690626144 0 1.004502721859437
2.826135945098415 0 0.7091979898859636
2.087671206596036 0 0.1050114576873717
1.507733352335446 0 0.04186793477570711
4.36590416625212 0 0.9045498019892022
5.402166761611504 0 0.7608689007204615
0.4494285590126355 0 0.07367615702249763
2.96110639184765 0 0.814958901311122
3.183660028586603 0 0.05472554806751612
5.799591472886592 0 0.2728742053613191
4.190726021788558 0 1.123888672653764
1.956891458619732 0 0.1182407975225374
3.809512836543193 0 0.9271911875709465
2.390047496713239 0 0.6723294696121681
3.328052224320317 0 1.006792976313887
4.781247343708594 0 1.132850268041482
1.107690921263878 0 0.3856389050676926
2.63594235132654 0 0.498114066384883
0.4432777652999067 0 0.1409349617846205
5.440985225850217 0 0.4540487001254285
2.511923054032648 0 0.3120359884334907
0.8727404013414803 0 0.2579711515715878
3.804333918039531 0 0.3684875190995685
3.737108465562829 0 0.06108591901832716
3.965946789953039 0 0.7454099051235891
1.310720486464058 0 0.4762107910748832
3.05966321459036 0 0.6571331833398644
1.025569463766013 0 0.1308258030049231
0.09595776722894556 0 0.07207740142847802
4.864089198389733 0 0.1629795697339831
3.736660249424712 0 0.4424192175025107
2.71980477655417 0 0.434703460478477
3.607491441400224 0 0.4199382221636601
1.978851712038641 0 0.3796310516540723
4.595677730722409 0 1.003056938256637
0.5880644880408084 0 0.2236466846187652
2.431321115512065 0 0.1458008567989934
4.555973363383998 0 0.7513849206639873
2.257619746895656 0 0.2841346993973777
3.476555110007304 0 0.4365325869378431
0.88712992258308 0 0.2118909044434344
3.139212559094711 0 0.563318376346101
5.646299670191333 0 0.7727834638643356
4.240900867121979 0 0.5165224939641435
5.92542333692513 0 0.5962503298455042
3.861359520863866 0 0.4278115223643005
1.369868110242833 0 0.4034295396224828
3.944571115613393 0 0.3069414523909121
3.240952552944586 0 0.4830096323383226
5.32080773627996 0 0.07051577959169686
1.287278540053874 0 0.5749739209496514
3.908860914323808 0 1.009142376837778
5.518106103933061 0 0.07555355803849617
0.4099403108789192 0 0.1946603139910721
4.110359518099672 0 0.1344121897209758
0.7171617639725696 0 0.176578667182053
5.39884822760653 0 1.008013096267482
5.274578468895649 0 0.6962168774254516
3.062572385844113 0 0.2610087575280421
1.055326771028691 0 0.3515934719542131
5.220563591337378 0 0.8188188697825828
0.573392411449563 0 0.03578779615173794
3.334968480363095 0 0.1362600135556668
1.469167225019003 0 0.1185451770609395
2.592427952899377 0 0.1244995803132938
2.355284916695083 0 0.1102048922600306
5.070127785634792 0 0.06713025143879942
2.892105148157739 0 0.1803016767979084
5.723393283287585 0 0.9972749012682882
5.073521816047517 0 0.1823098131124115
0.3560940214848065 0 0.03207127053364761
4.79509350552052 0 0.7669400538250142
5.556731455723376 0 0.471987707134001
5.523182727036925 0 1.128777485971449
4.400957112105801 0 0.251554695815031
5.809973472560317 0 0.8371071467396476
3.344580388979804 0 1.126548608011252
2.807018673085341 0 0.1229980159694723
2.345769487123852 0 0.8093678533705966
4.657093646150769 0 0.4490871264057317
2.832047655016585 0 0.8277821045768951
0.7527073057926117 0 0.08349448875078797
5.1124104801119 0 1.01113812329762
2.588410666496531 0 0.8943501321171402
4.509072708225089 0 1.006446638494944
5.144434186620398 0 0.1802397804550271
3.211548748485034 0 1.048614249852131
0.4227387101476605 0 0.2566417449313599
4.089340935420141 0 0.7935945468351266
0.2657273984206645 0 0.07258420369720214
0.3027022569264313 0 0.02932761224771141
2.170487186529545 0 0.5381140931911071
1.73934230779179 0 0.4212815700268655
1.827947065177028 0 0.3302819703300595
5.112032060856266 0 0.5248401935827345
2.812938180197072 0 0.9499929090627632
0.6669956946931332 0 0.2249607867418564
3.257919180561745 0 0.5975828228052079
1.611924195767999 0 0.4298130231620722
3.909893943319311 0 0.131132462443496
3.506662429904526 0 0.05606628382251549
4.320951073137529 0 0.3119186804931887
3.773730385885342 0 0.49078537349478
2.582037880074647 0 0.3733476513925688
4.234345300367881 0 0.141481340571785
3.454927136008657 0 0.5478799660831359
2.806445216712971 0 0.2134549113960947
1.398531119682028 0 0.4454705242323714
4.953148374301688 0 0.06501500622681805
5.251087409659106 0 0.5643106536275218
3.067063523878018 0 0.5390519475718785
1.519375929158233 0 0.5362896627541892
2.659199843290879 0 0.8205849714751778
0.700106610792588 0 0.07427400867677597
1.148131799704779 0 0.1522753529426075
3.409493791337042 0 0.05346354456007923
4.187246855645722 0 0.05777289379322442
0.4874304389281039 0 0.1855888595294042
2.614525171778694 0 0.7709071736837143
0.3826514393067311 0 0.1529761126891176
0.9209869422593546 0 0.3286495571441292
0.126538970408558 0 0.02743673677492325
1.231606427510453 0 0.3894486482725257
5.65194552670371 0 0.07065598256251715
2.133397686295733 0 0.3313144290191127
4.517219460060945 0 1.128486925802941
4.364299172588805 0 0.3778453432194376
0.9812266727828511 0 0.2773245429323752
2.024385896830408 0 0.6605964310306665
2.857483852508323 0 0.890138289464911
1.718353950517785 0 0.7160541778048122
0.6610091439588617 0 0.03228532379251753
2.509136479592339 0 0.1134724956454414
4.027825313213244 0 0.8238900547504064
2.973996159783972 0 0.04536476045522991
5.717112841688413 0 0.3886846823033459
1.614555884357774 0 0.1095470010695156
1.667909224320627 0 0.2221743853156294
2.146538548415184 0 0.04329327070616634
1.862270655853755 0 0.1010166352783697
5.323944589138613 0 1.131098684678937
3.350753567524502 0 0.4217468828818866
2.002998356256969 0 0.2207831132413643
4.447277873172069 0 0.1388492712813164
2.191606777507808 0 0.4251827266648469
0.247730691347809 0 0.1965687732194026
2.139743668387631 0 0.4924932561297654
1.786217447451714 0 0.461795320348017
3.43524997273899 0 0.6638837541513113
5.151357481984753 0 0.7526049876821584
3.61723534423597 0 1.130446718806911
3.300533699337612 0 0.6535322849009999
4.683407826841108 0 0.7951331765423115
3.944129227234394 0 1.125180481631882
4.518573198356952 0 0.5311826622064768
0.2687073312577253 0 0.2510686613263117
2.224705556093229 0 0.383828278420189
2.722683829617796 0 1.039301818344936
2.736557534119714 0 0.7546376036881622
1.180094598915399 0 0.03512840620456315
2.091473272323783 0 0.4310599001784477
4.384602156865923 0 1.125581765963083
0.8501039580107834 0 0.158863754693475
2.320749173392816 0 0.4234168571223284
3.483704151962759 0 0.7335572758959128
2.758294533058389 0 0.04909559437701944
3.919228344174079 0 0.3985166687762025
2.178802733587517 0 0.108442627651743
5.038993816334161 0 0.5477855355890455
2.375988131347052 0 0.5597719892912997
3.035870252719022 0 0.7516269370487949
5.802893515513439 0 0.5959075259717397
3.608701117950928 0 0.5618568878779504
0.7061546528057794 0 0.2857529199100153
3.984285682701039 0 0.5989453686144653
3.213853042047692 0 0.8162240924648816
3.270383007071909 0 0.7488738072477481
0.7163803688786543 0 0.3933727915025764
1.721177435273539 0 0.04040497274156851
2.354249315819207 0 0.18910800447727
1.65188486678244 0 0.03830533333623959
1.898988451354116 0 0.1672610406590604
1.051057472720327 0 0.2726884560180761
1.895856725623419 0 0.369524721154701
4.82640846737366 0 0.5254269525902329
1.027950415955258 0 0.03246755154012432
3.849984955520251 0 0.5593051144740906
5.926464705449957 0 1.130540547820412
0.317796204440087 0 0.2652409476932497
5.934177900636271 0 0.4690418530813941
3.558879342817209 0 0.4965029255499562
4.571119195466583 0 0.3070289703015882
3.129259037494587 0 1.132652664490375
3.32983424655359 0 0.7836791383078942
4.023073531683654 0 0.4889185831116049
4.182573002587897 0 0.4183661901962343
5.611661211506226 0 0.90772872342806
3.337785740366103 0 0.8754709888402366
4.116633674428813 0 0.3123680836471103
4.622382543160966 0 0.825985045201725
5.736475813045805 0 0.1762672720178655
0.3247127992847023 0 0.07933674550963826
2.175038314100468 0 0.6663989274588922
2.27090867294666 0 0.7984331387907526
0.8705981474548281 0 0.332457289575425
3.726995061820529 0 0.5614060823433626
2.637225409715106 0 0.3718941315926278
0.5048820008582098 0 0.07704218975948679
3.217872064521752 0 0.9425354183295834
0.7821246885000299 0 0.1468814396839139
3.13018058539327 0 0.8757376446077394
2.909819924006976 0 0.2307292775481095
4.463950872320355 0 0.9358184856047709
3.815299760026652 0 0.1372882638968193
3.923004791473632 0 0.5296981660477448
5.716874920977144 0 1.12885902780038
4.899996700964708 0 0.2895069836417919
5.928392577185154 0 0.2821991767189416
1.305255062695064 0 0.3497082432205584
0.7135073453189982 0 0.3424085695219453
2.113093579210177 0 0.2071287422911506
4.968778145090366 0 0.248035080756016
5.933419082507303 0 0.9180815381454401
1.849481207313138 0 0.2433509703040526
2.957102144138492 0 0.4100600729360316
0.1712022372134521 0 0.1462257396437688
2.067636684031573 0 0.2756671303021636
3.14827828509443 0 0.7232775832093441
4.0969691545663 0 0.2523601001449903
5.287221648022015 0 0.8012023374208679
4.646745820331787 0 0.1369406741247632
3.777183455169454 0 1.017736761463478
4.305507932147926 0 0.4400995683277651
2.73040754492256 0 0.6338376523185587
0.2944089194217092 0 0.1147938591367224
1.938282378293941 0 0.6995189622338872
1.02459901038318 0 0.4927061215346635
5.813724613457403 0 0.9272124059630173
1.390791336012253 0 0.1377567320748335
4.936657641148857 0 0.3737367613234415
1.69527651755548 0 0.2982781539880022
2.572276924505058 0 0.04320660506823631
4.281619181974427 0 0.2042418702786899
3.515284704625096 0 0.9251167696360021
5.832510351890591 0 0.06590068674398736
5.291418753205456 0 1.030366010104387
0.06280507467293361 0 0.02844790355551813
5.929582400782291 0 0.66601198506792
0.9565961748083733 0 0.472116658130412
4.534790180648173 0 0.4270362277303982
2.662375490988744 0 0.2319574990598072
5.630305136064234 0 1.022440938754027
1.370158208768027 0 0.6070327925330445
1.298066195828571 0 0.216756471636725
3.161916975028948 0 0.3848349951262187
4.283889334100267 0 1.039975573622089
4.448883836914858 0 0.562648859862066
0.3027150770831688 0 0.2104561877503888
0.803452658676056 0 0.4252917748259682
0.5607427587987499 0 0.07096884437397771
5.338278689268339 0 0.8877070828367097
4.030936667084191 0 0.2478565950118171
4.956180852270455 0 0.1742833142030323
0.8290901512985562 0 0.3050169333856244
3.879318268432609 0 0.9424640881923337
0.6574729878016945 0 0.3370583343985383
0.9350991617651014 0 0.02984614998393004
1.338272147510787 0 0.1567214314907873
5.490450437164069 0 0.6563645758729246
3.576695669701097 0 0.1380975870121867
2.302169144230209 0 0.906084298341993
4.877045779236289 0 0.4539373315012537
4.424759348180347 0 0.05427276081470916
4.917763831088637 0 0.9019516824722961
4.960423336600337 0 0.8117512031736119
1.242209554658964 0 0.4514650309606157
3.076991365799995 0 0.1866012764962601
0.9430360379461997 0 0.2700804647418653
3.982425128484036 0 0.8799398858729486
0.6496835234932421 0 0.138757332591368
4.240650817098981 0 0.6498003116738479
1.364140107315363 0 0.2528391898029099
5.931472834673416 0 0.06506273505491605
4.882484219593863 0 1.034518271251475
2.279646646784811 0 0.6588475131035003
2.8584514326325 0 0.2766194998138747
4.981842266077139 0 0.9423917498196352
3.075988366699279 0 1.05838416822437
0.6032921374083715 0 0.1342256790396576
0.6812665356547232 0 0.1802936828959023
2.145827633444622 0 0.774607596494832
4.320767494356338 0 0.5913460826498433
0.06667714271974079 0 0.1245640919338059
4.435736022432074 0 0.440914676948701
2.207471404651297 0 0.3309333355790102
0.4162560482522935 0 0.027164522003504
1.623421389454323 0 0.2563722898692282
2.504312386722859 0 0.1910626186375441
2.298545678370149 0 0.3428177144954112
1.945782350591216 0 0.5317800476932097
5.715536767568091 0 0.07317789916590428
3.250062735400428 0 0.4241835279625886
3.840201525744408 0 0.7131322328369858
0.607542834637365 0 0.362588948575336
5.630655843506157 0 0.4787620360543413
0.1131148475895625 0 0.1998624048540251
5.835601438233535 0 0.3602686489257466
1.794468143643294 0 0.5729577382937205
2.044262682797718 0 0.4557366785660143
1.530880337844286 0 0.09077769731199303
0.6945327573422349 0 0.117487048873644
5.088506669608815 0 0.4037281099675187
0.504997457426458 0 0.1507292658188544
4.866373357243408 0 0.6588383045730978
4.31279899290463 0 0.7131969715186387
3.004170292089158 0 0.6977910995755259
0.5226033452916998 0 0.2940528304309547
4.202214847782437 0 0.576053264274026
1.804069455730786 0 0.3690999645064748
1.410600936541344 0 0.03466700740320666
0.2548808094676631 0 0.132138010156008
1.659306706087347 0 0.5714212726525802
1.183452799937475 0 0.08540590662583958
1.651866658378699 0 0.1053227032397315
4.398107981331716 0 1.051101973208231
1.882872574330978 0 0.6944364021577775
0.4140164215203641 0 0.1221155904801325
5.841887921717488 0 0.7089303893418338
1.973293533008859 0 0.5919593206856091
5.841511919546114 0 1.144674537226002
4.916143619220005 0 0.588467020178251
3.110279657045329 0 0.325016012744423
2.161579019610052 0 0.249149954134214
4.578295997665078 0 0.881040262764673
4.026881436702634 0 0.145520909175928
4.915613304747104 0 0.7176769554378
2.877752626581829 0 0.3641906634216392
4.192002336840474 0 0.3073442873512291
2.429141724724617 0 0.6285630655111678
3.182767934380103 0 0.1661464087488617
2.312880727574093 0 0.5207872635767782
5.93214075265182 0 1.048460586919532
3.672570162064856 0 0.3483326616934538
0.3038200771960744 0 0.0587757934141489
3.561820865701074 0 0.05316747392478222
5.23199147323103 0 0.4181662333735999
2.270642809839954 0 0.5512488118400729
3.983467705954838 0 0.6948644357864846
2.741102828726304 0 0.1429037000075496
4.109789200426668 0 0.9305513466564941
1.715297138626662 0 0.1594131714215463
5.764587514343975 0 0.4678535150161595
2.56112659011828 0 0.325945772360321
0.763285214779434 0 0.291548091024185
4.967036645651916 0 1.136965297614777
2.218124444512705 0 0.6141613229586972
3.006888249549494 0 0.9618979510744144
1.704649986068846 0 0.2382941340309665
1.222753713009782 0 0.03552149803069898
5.68893375778569 0 0.8925295882418192
3.899503706253194 0 0.8044152543121197
3.035586572007448 0 0.1266380726572692
2.449262844407082 0 0.5040435348919723
4.661441221373582 0 0.05199640062324351
0.4530206427697689 0 0.3059008311002547
0.9525195649808218 0 0.144663112503623
1.870296679206929 0 0.3222614104676275
3.025158655300524 0 0.05131559062570112
5.639132442766074 0 0.6800690477762662
2.2839011284011 0 0.4601834581402952
4.970953290220573 0 1.020664468119068
4.442226213980522 0 0.7205383535314122
5.700282254992528 0 0.6552525053858153
4.204968244294036 0 0.7530225378747366
4.003953816265981 0 0.3022884829489548
3.297175633992778 0 0.05249209160203239
1.712134247960261 0 0.08729700060816992
0.667910255411976 0 0.2854490530957943
2.035104488424088 0 0.7325025802465821
4.121678895983775 0 0.5606468443447625
5.944475498808615 0 0.1557574695831948
0.3646381710486271 0 0.1043592377126006
2.584629154186806 0 0.4604373893025847
2.397307546778757 0 0.04233648717571165
4.604200911560483 0 0.242735213588727
1.454825021999133 0 0.4004337194077353
4.784825108841848 0 0.5916873106062638
3.813757568325125 0 1.126307746452025
0.4736109252125744 0 0.08813457603324459
5.519264670801187 0 0.8300050316402818
1.336268793917928 0 0.03430700288191585
2.314598331516649 0 0.03980371457850179
2.594825680002967 0 0.5627176717334904
0.5474811782806079 0 0.116620212276143
1.302619465796758 0 0.09200858171056842
3.845200034329772 0 0.3203771253188893
3.490795756810356 0 0.3271655512213388
1.196974855258643 0 0.1524729225486124
1.558583713881915 0 0.1507056702912967
1.972332306104972 0 0.04177461576024893
1.0930058754925 0 0.1202427900820061
5.076487899519367 0 1.130702850858437
3.236930589965067 0 0.1834042103009972
1.585251933715648 0 0.6029705538118746
3.550868219037651 0 0.6880696291598207
0.2772428995910294 0 0.2232574627229534
0.4788360736124364 0 0.02631873971691934
1.936612885496801 0 0.4390436024329342
0.8554746661936501 0 0.1925691551118066
0.8023734576079793 0 0.0294551196449449
3.648237868830958 0 0.0455057058436954
0.5488974000422453 0 0.3428450346133277
4.889420582204476 0 0.05759991962549765
4.683695890050118 0 0.2512700364916804
4.698645031976448 0 0.9320062457165539
0.1807115543575111 0 0.02540394455695666
4.836341790262181 0 0.8415554980020117
1.342983318372742 0 0.093947707711595
1.094451933180689 0 0.2202068678807534
3.578665070524891 0 0.859629380196179
2.611052115402445 0 0.2764586344861963
3.196697893538461 0 0.6254533068588504
0.4716231894420422 0 0.1246843369225804
5.312964844943883 0 0.4831511987180249
5.133610920530578 0 0.3050472733279567
0.3518079347509344 0 0.1830318580740966
2.116246778095943 0 0.6994475488438801
2.965653508920868 0 0.1291059512513051
3.887244977299811 0 0.651027708911766
1.768414765123183 0 0.2758344198550335
3.8601327103614 0 0.05583926486957708
5.723941682355006 0 0.303867964132789
5.024735405354077 0 0.7491089670465108
2.707860325230985 0 0.04576503738005061
1.8271712340997 0 0.5204944734203482
1.519172894561174 0 0.2102175747055633
2.953878628799735 0 0.3140758998678761
2.20386021883689 0 0.7070269440463541
0.4683442934505742 0 0.2717080242569331
2.871077850971278 0 1.015062143034983
1.8764171188218 0 0.564458689007889
1.951203568948392 0 0.355273940241147
4.077204568557097 0 1.051256394609695
4.693240413735659 0 0.3141880422332803
2.074165072645942 0 0.6461141473957488
5.393296997099641 0 0.1550204661709519
4.475168989362484 0 0.237915622602838
0.7952733788382353 0 0.1035700741074627
3.369163772250553 0 0.4769503749018996
2.351644947104401 0 0.7177492528750399
3.409403444616395 0 1.130620657034377
3.517968549688459 0 1.137547977819725
5.525903912113019 0 0.1514966729846662
5.649602704364315 0 1.135401788608934
3.391181994848806 0 0.5455057069820556
3.511164719209928 0 1.048514172802292
2.314776432026683 0 0.6093943664973773
4.499994189833232 0 0.7935912113427577
1.909235178715709 0 0.08547147054573012
4.665883976478592 0 1.053672719844937
0.5246325384721522 0 0.2430734121343211
4.501711116844572 0 0.3496175092483043
1.12322162778852 0 0.5259440619332051
4.388297072200307 0 0.7961634925889808
2.422160038648675 0 0.4085623225006124
0.727839803039557 0 0.2403768437432697
1.295921021915973 0 0.2713373968797862
4.057169669085213 0 0.03826111216321576
5.835583242812069 0 0.1451608688693715
0.9788841271990405 0 0.3957677098031767
2.502501511386685 0 0.5879791313102705
5.16663044366936 0 0.8915385481113496
4.581891545004675 0 0.6960765203245476
5.299022181572695 0 0.6236498809875735
1.436676213346628 0 0.361136158205725
1.873149608324022 0 0.7602451635282417
3.784940783607002 0 0.5920895778169148
1.587258393588933 0 0.08197279074295294
4.78515642154723 0 0.3032933927140929
2.02511584608353 0 0.09437025755829581
3.76125269312509 0 0.3821782732690884
0.3962671407039169 0 0.06253647597244588
5.401770753892504 0 0.6310075557315662
1.456447194888776 0 0.4981903875778737
5.836301732464054 0 1.049697043030767
1.778045799250597 0 0.09246381263024361
2.102551856062061 0 0.8383575518891229
0.1978571766526844 0 0.07196857067876328
0.5218944625296684 0 0.06175882750986045
5.183871416970516 0 1.062796086778547
5.530770967500788 0 0.9512570801897708
2.662641958984548 0 0.7157622535069994
5.761550239437329 0 0.7325186500558849
5.076613059364121 0 0.6657051459457775
2.663372117342339 0 0.1599299391377481
0.1344573917308942 0 0.1688951440273311
0.6012668239599162 0 0.02460445844997511
3.720658293104944 0 1.038958924456464
1.588076126995639 0 0.3896349576273523
0.1787955492418143 0 0.1812536266649181
4.155673321750085 0 0.8020724309121922
3.620273364600085 0 0.1917529422639576
5.057449489721288 0 1.051648742748783
2.759806958104085 0 0.2956939392971011
4.325035434190598 0 1.158377896976525
0.5686988469930263 0 0.2526611098593982
3.0978509015487 0 0.04329502552209336
1.611469061109023 0 0.5075250606031269
0.1428637629311371 0 0.06224615886208057
3.161289149704779 0 0.2308922672572168
5.447601300323858 0 0.2770522644928642
3.326495698423637 0 0.2207667925776103
0.8156547671528189 0 0.2299424340921642
2.826483191685969 0 0.04947722098541651
0.2213183208147411 0 0.02558889758051303
1.8288495972177 0 0.612912541740377
3.019454298911323 0 0.8744353301022132
0.9387842970299474 0 0.08153641371548986
1.232376349783074 0 0.07832216987879875
1.905647689054613 0 0.03714928136022555
5.517091295486333 0 0.235875484238528
0.3699185821066084 0 0.2858785162846921
1.536124391565005 0 0.5919497250031798
2.757908513481995 0 0.3953728821238709
1.668083841664942 0 0.3695136054986711
4.485264636838401 0 0.6477812096980975
5.441317522811357 0 0.06737403105760303
1.87730595720591 0 0.4787892462171574
1.589955711432486 0 0.4543070169281301
1.42454700176634 0 0.1565870506021652
2.140977802892694 0 0.1287484857139891
2.612051217639423 0 1.010795875597239
2.467639792827905 0 0.967290476143278
1.646071351565602 0 0.18388222545548
2.853061350154155 0 1.087560439696044
0.6248038075317122 0 0.2641426096664159
5.521360266006765 0 1.061760840754692
5.019514514412295 0 0.4357419696589315
5.206548161502789 0 0.1290898683077652
2.981545264879338 0 0.1986508712700203
0.9686626358971751 0 0.02935405294873056
1.934821801263392 0 0.1566484272006599
1.976685207326994 0 0.2036478698850253
5.937763583610831 0 0.3472431691648695
3.667494841889768 0 0.4654226541960103
5.596546879779869 0 0.5926930077028828
3.828238759355435 0 1.050309908292442
5.485680847395635 0 0.3498042100515667
2.766214369370107 0 0.8308243746940924
0.6023412744426948 0 0.09748218363324307
1.348066353997226 0 0.4826755638515082
2.261124201371853 0 0.09334039093215862
2.473301110143143 0 0.3611404242512611
1.664166508386306 0 0.6331795127464104
1.454490878429445 0 0.08285836771997646
1.226171109650799 0 0.2397586037273776
1.736730292917175 0 0.6057198076336852
1.699945416132526 0 0.5559255759354526
0.175452236314309 0 0.1051883082502558
3.903711057166898 0 0.2348495522035655
4.255776807755304 0 0.8395810055681074
0.1124645092372556 0 0.08778956851493092
3.662259434171762 0 0.5239669955246373
3.852487996646268 0 0.1437203995289746
0.7223688203728238 0 0.02636805946783066
1.183198218441693 0 0.2645749032703708
5.19449244402618 0 0.6946402812805754
1.250621225277771 0 0.2790022321099748
4.205643122147857 0 0.2433525601822841
1.432947520211606 0 0.2447006091944374
5.193699427064926 0 0.4977035312261384
2.214265028045706 0 0.2146712252546228
0.4530667039202414 0 0.2134795544556258
5.044194289900608 0 0.2374544744161019
4.364167839276351 0 0.05083760058962322
1.76043578039554 0 0.6673404941104121
5.422665397653073 0 0.5086558453326352
1.017814422346334 0 0.2882636449351826
3.361014803795339 0 0.2998827596498999
5.122251325213176 0 0.05814886565352573
1.815729738884593 0 0.2772793394617237
1.50747967918765 0 0.2891331247980829
3.545702929285052 0 0.6124935698784653
1.495360340640873 0 0.1536240961038245
5.746619535605404 0 0.95402745162756
3.057272143783988 0 0.3846029700204122
2.273173369949858 0 0.03984608118668831
5.647402170537569 0 0.2827016279710215
1.59212269140577 0 0.1410840705173314
4.379161528509912 0 0.6162679534893643
2.802230472234655 0 0.3520274298965395
4.04273896720784 0 0.5607997323259685
2.643579702451686 0 0.9477332505815841
1.470026319122703 0 0.3176307970662252
0.7617455132379467 0 0.231238452496906
1.39471190351666 0 0.08077583431767243
1.679872397193211 0 0.707802682290249
2.482678768657545 0 0.02656198518983427
5.152392841451736 0 0.9860866002384627
0.5441092657694102 0 0.202068006234857
0.3653317056360645 0 0.2472825511609346
2.40307496160047 0 0.8734775738056983
4.618640746302541 0 0.5105832442867124
3.009812490483401 0 0.257063624514321
0.2651141670363 0 0.1655980607308295
5.304570330619675 0 0.3117560234103085
2.352555183705403 0 0.3365343592804119
1.291800296226809 0 0.3919637051164692
2.445158921998455 0 0.1029171346159899
3.739296694642932 0 0.1720918074239234
3.507045891832733 0 0.1411990472518807
3.417756878477594 0 0.3583911296585763
2.926646095034507 0 0.886334271585038
1.398392951040133 0 0.3283376638595684
0.7656102148276327 0 0.3308232757617545
1.281122573156898 0 0.5190382024465916
1.762221184436522 0 0.03518208381586657
4.191183448120303 0 0.4841486851888354
1.75661981158181 0 0.1716866330743401
1.549341266655158 0 0.2618054751828355
1.078972861476 0 0.0340613067802723
5.172421159365713 0 0.2343408529026619
0.9787964615157834 0 0.07620029414628987
1.534191233482757 0 0.4849661616183297
4.577631149587846 0 0.6164395340442353
0.5827323164098992 0 0.1661336533988189
5.059864616438109 0 0.9621045975238471
2.041681213089123 0 0.3083803263411588
1.531092377670683 0 0.6518318477323735
1.351307756687387 0 0.1324221794542547
3.201970542111833 0 0.699436799537335
2.550990423924686 0 0.3993162662459817
4.355366670815085 0 0.1257380380741324
0.3266081137667296 0 0.02357033885056009
2.389931898081269 0 0.9408688677134072
1.487384174895829 0 0.4549919182335149
5.583983178578539 0 0.8498429888413327
3.009162912318887 0 1.139035677638452
2.380764631777168 0 0.2375647294274825
2.307295871700449 0 0.1161117616856764
4.745341346061669 0 0.1453788292035814
2.175100017040727 0 0.8771459590307848
4.990780257786763 0 0.6180417821205669
4.38797265779395 0 0.9478462870320257
2.444677879585166 0 0.7398178692594366
4.738412425753516 0 0.8816775084311788
0.3521079037680979 0 0.04987917607341791
0.3261155487083798 0 0.1636656699059029
2.304543895728761 0 0.256324374267449
4.256661740218587 0 0.4071010049847258
1.078359313905353 0 0.3151840679741684
0.7429451142260453 0 0.4084884666612075
5.252759737809218 0 0.2489504708817304
0.131906730514403 0 0.1175482830272389
3.741573327252327 0 1.139940784366523
2.926889585740452 0 0.766195732447338
2.536123102265495 0 0.1358204070208723
1.331498284252155 0 0.2900409522254961
3.953579251681436 0 0.4813730514574799
1.130645675253273 0 0.02351294572315649
4.680072204089371 0 1.142706996893129
1.484338735339529 0 0.5327244863169009
5.860000741519364 0 0.4579357563395254
3.698817533838577 0 0.2373322428678346
1.037563687034793 0 0.4148576398245048
3.402731380837333 0 0.8749475667296807
0.9698907380480772 0 0.3308206894806567
5.7274582570325 0 0.5219959157936379
4.380902825307036 0 0.6964853454024191
3.077679274983441 0 0.844346759645749
3.265666069415606 0 0.7098585007589834
4.857087092248504 0 0.2399722400901087
1.034350665033897 0 0.07943392667724741
4.083291680172181 0 1.146238995269615
2.899497397663706 0 0.4039966850815642
1.2232047761582 0 0.1852844008451978
2.817111312239846 0 0.6617144859171135
4.776340084215106 0 0.4146825899217434
4.098277992720153 0 0.4165721277947558
3.934945872496596 0 0.3493033369938507
1.171427199230954 0 0.4320797270477039
4.43299968134586 0 0.3300545352837363
2.350269278471789 0 0.2837438075784014
4.8113479815089 0 0.6460059684526986
1.245848172072663 0 0.1239057285718438
0.8764592088276064 0 0.4619072615943464
1.574386423048125 0 0.3111118307713234
0.4861595515217356 0 0.2407645114069876
1.927484448484497 0 0.6188892674982445
3.430959082362393 0 1.053035826561892
5.596704294166528 0 0.9680976080910628
4.571626872082175 0 1.145561238228507
2.018141191298601 0 0.3822932077407287
0.1494071554047331 0 0.2215197218306659
3.094817570992464 0 0.2278077513528256
2.11390039466412 0 0.2974836914745765
2.783086461612497 0 0.09794248299922842
3.456184162665521 0 0.9578272739026827
4.31397553973118 0 0.9177946458631467
2.685884401174309 0 0.5411615765452318
4.361257173228082 0 0.4930139847626654
0.9069318589952133 0 0.1893777562332445
1.705807750909042 0 0.4340983851593883
2.481150593597416 0 0.7286400401562317
1.078858273469522 0 0.08009736889526237
2.645113178140258 0 0.03797078251148417
3.786236162648813 0 0.6732310323753669
2.536795334204486 0 1.000067637218597
1.193411647181342 0 0.4575728601883853
1.388874192577792 0 0.2013515707417714
2.499900397110025 0 0.4682540421264949
3.089386531774876 0 0.7771957302166823
2.777965949282376 0 0.7252529992684215
4.709528097887475 0 0.5570987060981771
0.2350194747441603 0 0.08686008526944872
3.644917335246648 0 0.1135420674571687
2.147917505983134 0 0.4006552495754287
0.0281828239155355 0 0.09879335100216752
2.295866768685296 0 0.6898110557408711
3.371587445670762 0 0.5957160064871838
2.43693005240585 0 0.1789412851232693
3.212369151788897 0 0.5166307148532556
4.729468295428042 0 0.04404910822695279
0.2194315950753838 0 0.1548340738025794
2.383217991924265 0 0.4682369619737092
1.308365260250588 0 0.4368402825106413
5.036413533951642 0 0.1546561331907025
3.40992101654195 0 0.1605495025873615
0.05260601468773007 0 0.1853388774536623
5.621145121390427 0 0.1459843286226296
1.544101639196404 0 0.3276480715687199
1.404722419020689 0 0.6237446910056728
1.485350565686242 0 0.2500339056293535
2.924577111756507 0 0.5109491401385159
1.238493400660944 0 0.5075424275395284
2.67971389014181 0 0.5978332917046444
5.477202886662019 0 1.142830063438263
0.1867696285050355 0 0.2329611698983051
4.98091458104545 0 0.6980651298242008
3.036379809303241 0 0.4578222385050326
5.603285205551659 0 0.7324862473573379
4.599925286229025 0 0.133642335514466
5.253156838538204 0 0.2983487866934597
0.5695683287277395 0 0.2829131655605445
2.735732851985537 0 0.1695842122662333
4.083753648465505 0 0.4636976397564685
2.528672922486363 0 0.4818702422768594
4.948223389835498 0 0.4885239196275329
4.263071188694226 0 0.3435296352067378
5.225834486763625 0 0.05896084339366781
1.410869020198572 0 0.5235621085357071
2.19957390298222 0 0.8177241062219808
1.454789837741404 0 0.1923510587149629
4.200750881925142 0 0.9777488424031586
2.571615190026334 0 0.213413997308439
5.864601322869964 0 0.5622308845028511
3.248341704687311 0 0.8662663978719805
2.485300176558769 0 0.9143456068552711
0.9882687369270839 0 0.1674157325972737
4.545469272879283 0 0.4895893585388594
2.096272011600659 0 0.1403459610653197
2.053426227669798 0 0.03229701485141295
1.136577491312018 0 0.3687661453483078
2.704164613608312 0 0.2261742874995643
0.8806580305408063 0 0.1019680841981054
5.752866946102614 0 1.035925108509454
1.348249609793621 0 0.5429663994767832
2.903830184412775 0 0.5675579207619204
0.5190061090474001 0 0.1115365871193968
5.332831835233454 0 0.2148965221796547
0.3224954582694606 0 0.2422176657191078
4.056363576755091 0 0.7069635630322475
1.646021000529937 0 0.3014280318678852
0.6273502347092821 0 0.2003421610415257
5.096686103850119 0 0.7743927218007625
5.76358096841685 0 0.3988776373862025
0.7402097460486292 0 0.119037623743765
0.5709003330675779 0 0.2049907658257187
1.758868945608671 0 0.3506698431422522
5.5405232760569 0 0.5447007396945193
2.801836319627109 0 0.3088180180360754
5.405890946553354 0 1.067512717899691
3.152823101972356 0 0.7685671541473729
2.211411109059171 0 0.03793354715588598
5.067732027702414 0 0.3381474388337315
3.70602758671731 0 0.8372240112593885
4.794612129518955 0 0.9764500439225959
5.096219019167612 0 0.8444761119014814
1.436141099076004 0 0.02756838301580983
2.393875260363108 0 0.3845843666295592
4.784830645298523 0 0.8921565756132381
0.05900766478525554 0 0.08711148328361024
4.496901025955218 0 0.1298353249916133
2.759444535892956 0 1.072908576399773
0.2858114978759425 0 0.2630348691660875
1.363268571782059 0 0.3323525814918915
1.622985258211588 0 0.02877254850609851
3.361247593569638 0 0.707726638959189
1.758992239535631 0 0.2422667963929439
1.531890294007177 0 0.4109144678320354
2.888550631204924 0 0.3197694377321871
3.648602237224601 0 0.7751193356867527
2.214218872479151 0 0.2974713791971866
5.945598281078134 0 0.5171625133362951
5.852156969047423 0 0.2373298094643778
4.525347679710016 0 0.2903725711986839
0.1770918621388287 0 0.05151659433168515
4.292261098762149 0 0.0567884413061725
2.970335141572912 0 0.596766686182428
1.433238091678118 0 0.5739719308938216
2.910864189780459 0 1.108832417733757
0.08804746024614829 0 0.1170734196419222
5.648573976146478 0 0.3915300392663017
3.10058203884274 0 0.1036868400704201
5.338485994923364 0 0.9999954600087324
0.02297720439390893 0 0.05620273694704248
5.856536916904886 0 0.8021667253140474
1.973751789354946 0 0.7490319618352622
1.56259108678767 0 0.0353833442157051
4.156525986674736 0 0.3358517007856071
4.81877541606443 0 0.4123561194634294
2.254752841185856 0 0.9092682434158539
0.5405119653934927 0 0.1606560658555458
1.788620890188466 0 0.7457598699240418
1.977673298758075 0 0.8093953500837526
3.909515389704175 0 0.7643243581520036
0.6561991735237833 0 0.1641543644734126
5.367192416058012 0 0.7163068236530655
3.19652435759226 0 1.00887784597944
3.614832668040519 0 1.082738120799713
2.362102347335227 0 0.5046761990748561
1.379482935647579 0 0.4855307656139531
0.2660620481951561 0 0.01805971178398369
0.3655631549652107 0 0.1262454018971836
0.02297961736099685 0 0.02297570296591306
4.47549840227752 0 0.8329453090324479
4.022251924820608 0 0.3875316920347878
3.386823203387527 0 0.7707293809476745
3.702743226798446 0 0.924051914846052
2.759958190318617 0 0.5327481890642614
2.562538555488047 0 0.6744052055529157
2.691691860231852 0 0.9491422718786033
4.354553586678946 0 1.016057481481954
3.455285203169458 0 0.2401500979625633
0.3441795437089539 0 0.0825056243739638
3.525701493527576 0 0.7835019381596984
1.945945649894817 0 0.08824636645731382
1.121366924971518 0 0.1155065860130755
3.291662412024855 0 1.036179705696725
1.08430409045422 0 0.158479395161937
3.310462166699506 0 0.9497563781775352
1.199523814783721 0 0.3924337647622053
2.079143101397806 0 0.3553240053847953
0.08181390419937129 0 0.1601046740084092
5.147980991134234 0 0.6060375647307639
4.199601812106249 0 0.8983123933042576
3.474969401163015 0 0.8505182832390698
1.844913293261707 0 0.1815468629483855
2.216640411066506 0 0.1494747516789604
0.2270916922284369 0 0.2451763844426195
2.153859748994732 0 0.1784568816337473
3.981656569777077 0 1.152489344292299
4.072008874829618 0 0.1522242900361405
0.8516530645495743 0 0.0989856429957236
4.637855197419616 0 0.703487639690895
1.233145227775915 0 0.560161901001173
5.940583886848176 0 0.8540163388087729
4.70002980089346 0 0.1599049522577167
0.8477853530687844 0 0.2590525473217511
1.018895767228971 0 0.4393892779479123
2.909323232788697 0 0.03401083174601011
1.791863765046876 0 0.2055049637577542
4.972036803948653 0 0.1230249717652162
2.952151995130886 0 1.032732186632278
2.340639605158251 0 0.8541668523903163
2.306429447023626 0 0.2197113062395233
2.649786352677038 0 0.3339410726380969
4.294321773010815 0 0.5494604754722502
3.960280308123282 0 0.0465382463811454
2.721334985216655 0 0.3564624613673866
4.482484767258238 0 0.4275947683010762
2.2334045085519 0 0.475182060145694
1.113795434497883 0 0.1748423262156953
0.8540871734451669 0 0.3582452281647498
4.131401108306721 0 0.5089578718239665
3.687647690431382 0 1.001338219502572
0.3550232357377268 0 0.2051686664276995
1.869716501330878 0 0.03462809419380031
1.904255351433349 0 0.2222668284062964
3.767137287554992 0 0.2583730715771687
2.972206648231275 0 0.375060450082086
1.073582645223636 0 0.4232374008762741
5.767435334570971 0 0.245093117277487
3.62504868398943 0 0.2411186074013139
2.819582873078198 0 0.4301906194781386
1.773182330648127 0 0.4152468555100467
4.468746133716587 0 1.038969544543527
3.897456145802116 0 1.062615573676459
2.549473999670322 0 0.9301911909232672
4.868837503274767 0 0.3309866395338942
4.849923256124848 0 0.7711685005085256
0.1078957449272759 0 0.01875993523084851
3.103376700137531 0 0.6421411843830053
1.892199931949002 0 0.2992581322189246
1.029200963990558 0 0.3359352852650587
3.998882663033231 0 1.048252451462667
3.125954527326967 0 1.013838642433058
4.510448837014168 0 0.04352574471381182
0.8073180042978758 0 0.1679138787584795
5.377459158415855 0 0.5905096480125285
4.90151333686565 0 1.140824859958341
5.487915508795684 0 0.5693262731164402
1.274148966310422 0 0.06600425802614734
3.601151403221841 0 0.7594356526961938
0.74856089071318 0 0.02492187733069873
0.326973836400442 0 0.2153101877886782
0.7233790558000237 0 0.07128525843773809
5.041668966251704 0 0.5977600224803664
2.678286279330792 0 0.1007764804321188
2.970367331459475 0 0.5120242583857049
1.906047638718005 0 0.7949220140589721
0.8859890587180628 0 0.02664729033039714
5.87876259288754 0 0.1682254027757408
1.003821329126196 0 0.1128901840533647
1.577117112852932 0 0.5317883942537779
1.281595924287542 0 0.3334998092349491
4.647475644099714 0 0.3339495592731786
3.249572209852197 0 1.144173778917649
5.024626766734778 0 0.04867458252638662
3.166641064568084 0 0.8385048355993935
3.560113867424848 0 0.2579673117636896
1.042038923688364 0 0.2474580560942967
1.745608267515585 0 0.2952304521864406
1.122151135939259 0 0.06446734568934126
5.451574688028233 0 0.938400014671922
4.288026668767126 0 0.6308418599413128
3.698084612219757 0 0.0422184288317598
4.288291327467197 0 0.25217582454653
5.946991200137038 0 0.7684092820171184
3.627427701245472 0 0.910755838381934
3.153267068974618 0 0.03286100339063264
1.135921614607211 0 0.3098833863792168
1.159673273500105 0 0.2034294342503901
1.902944155002867 0 0.5389735700810945
0.7909598948746606 0 0.2875773805912416
0.9819179610176967 0 0.4364273774285789
4.588539606557539 0 0.04147126441729032
0.8436904683736879 0 0.02547772964131045
1.128780840008645 0 0.4462394643341295
0.1597024899938946 0 0.1890958863412449
2.927918767058542 0 0.935944606373714
4.169793477197839 0 1.068273287111072
2.199046825893303 0 0.1830972657854081
5.283064351878085 0 0.5392320458007455
1.077875764602144 0 0.2801676671093868
4.085337454361921 0 0.7521064781125161
1.814021021480389 0 0.7021115464566768
5.847547957062459 0 1.001293696730161
2.018510142698371 0 0.8275781398999199
1.696349898657299 0 0.349635829977948
0.6662592339489599 0 0.3860641874102662
1.086627384470094 0 0.521982011153247
0.3849235459473901 0 0.09347611028661007
2.87830796564929 0 0.1465315226431597
1.199609723949642 0 0.2347763491815831
0.3382221099660709 0 0.1291981518326009
4.336592871423393 0 0.7837733072237132
1.464254493149019 0 0.6456856583802004
0.09010115054413914 0 0.2004055531453459
5.123956259895907 0 0.4750044455976695
0.3124759586273327 0 0.100378966224611
2.842642746258825 0 0.7806210321521709
3.85582832971729 0 0.9004763128589934
4.410306472329697 0 0.4008782475114847
5.005391645198797 0 0.3288237830947683
2.803248718173439 0 0.996740312247951
3.706720117983418 0 0.1162861560233266
4.478235626963605 0 0.5182086207675927
0.1529456344388045 0 0.140733887050395
4.602964185757321 0 1.054160134488097
3.573972751468842 0 0.3868128685003324
4.807737160063327 0 0.04548159379588163
2.43281981753612 0 0.7833295825589784
2.620532972522643 0 0.4651270602018618
1.825350244757587 0 0.1205251251858769
2.119189252913905 0 0.8034891348636808
5.453151100808332 0 0.7445640453525952
5.688199902248169 0 0.19684505654372
5.704797614054394 0 0.8456010663042015
0.4374629382374557 0 0.1638482611797841
3.950586897803855 0 0.5704855295824616
1.124826812031261 0 0.2690956973288904
1.233950845371429 0 0.3490695262806914
4.141029480827169 0 1.143476159613124
5.558509448943939 0 0.394375062613577
3.539828393872754 0 0.8815910752066694
5.154142502719134 0 0.1331495489207703
3.03494916458189 0 0.1633956605533354
5.226342573834105 0 0.8716938247541994
3.170163199368661 0 0.2838986322224886
4.34922727814125 0 0.2851272085917813
0.8113912443409861 0 0.0660232206681805
3.328201325831305 0 1.07563988465277
4.760505769577374 0 1.059478571446986
3.706307362744623 0 0.6285923116624228
3.444533828059146 0 0.03934739511894997
1.076906966784111 0 0.4677254802209158
3.772105103003519 0 0.3446178647637178
0.2775254192678434 0 0.100291451120559
0.8951781786296911 0 0.3145993508398435
3.631848476509095 0 0.6290977219730551
4.193135599353838 0 0.1620697968748518
1.621531498984358 0 0.6439527606492124
1.043129971459245 0 0.1856924466453491
3.860873376877096 0 0.6064684108312053
3.038808157770858 0 0.6176978350512055
3.087749961065637 0 0.9447165601879735
5.29505569643803 0 0.1338362932283032
1.678083830447057 0 0.02914807098317029
3.856663994424568 0 0.2347601014245871
3.546315306755762 0 0.9626073960507981
0.02090954648011589 0 0.1164212286444622
5.27342912959231 0 0.7494535220310085
0.9238321376811114 0 0.3536335535228975
2.756298598100504 0 0.2539247811783669
0.8423102334489654 0 0.07093120047812207
3.409403905332262 0 0.9234102452592423
0.5305823971420813 0 0.02411871514250058
3.719719090399501 0 0.4087533960421431
1.657675511130712 0 0.07542045485919818
4.920541491654966 0 0.8482602769888863
2.060457066517843 0 0.5124659518906665
0.2005363332122894 0 0.1364889708823888
4.138867860768365 0 0.2315104791028689
2.574097736319605 0 0.7942856953716322
0.6464348883370508 0 0.08639519213927022
3.263484062912251 0 0.2775216758781073
1.018198763505302 0 0.06361876131388361
4.577748484763913 0 0.4085846434332253
5.275761283252498 0 0.05528493035071996
3.160140861419057 0 0.9132082407031843
0.2328088597225682 0 0.1096389850978893
3.661258232904387 0 0.8228272253360212
5.431197611107678 0 0.8318086370041071
1.291188297958707 0 0.1147635811309409
5.463387547460323 0 0.6125416171687457
4.719453777984851 0 0.5040262415469984
0.4018454785271572 0 0.1407402944808948
4.734263547998299 0 0.7926501482825393
3.584737814778947 0 0.3224429020225505
1.311361873183249 0 0.02880092984374805
4.680823736061606 0 0.7417038811418707
1.844702006676933 0 0.4088614231713215
4.736524028463265 0 1.148465675614178
2.7937396355563 0 0.3942963002608413
4.767285829191194 0 0.4812367173268842
4.591877069466981 0 0.3494748240355771
3.574090180481918 0 0.1802316063468822
1.067600232248294 0 0.1310934039113588
3.62520586061557 0 0.6779774150194593
5.859143919336326 0 0.9424186672403765
2.838752940037558 0 0.08063656158969185
3.629020477663147 0 0.3132010342910179
5.222558479190814 0 1.149425684539248
0.7631562537830385 0 0.06068205092959306
2.119426149556105 0 0.5805146240650545
4.468087078296977 0 1.147963757856582
2.646713833573456 0 0.08051104492058309
3.331097105508949 0 0.8267542381631707
2.517407807411685 0 0.1592729456914648
0.2556359247643436 0 0.05311200595723231
3.256493037366955 0 0.351356101235642
2.558016665531394 0 0.8536337526602831
0.142942286873021 0 0.01999680821614563
3.153070887875259 0 0.6087003902132432
4.723159312121172 0 0.3427717297998938
5.476802184848999 0 0.1630217797633772
1.893746405339687 0 0.602490644912171
3.583153596912696 0 0.4614129845839335
5.134875066824417 0 0.4056514911475055
0.3957106994533897 0 0.1739584733453169
5.402976952632137 0 0.8818260675603863
2.231515064145583 0 0.5117687928044945
1.599294740878667 0 0.238720436060366
2.212277098572341 0 0.07584066937509731
4.923818736613326 0 0.7652272614429947
2.414163344919249 0 0.3173423023126515
1.176111434606735 0 0.05940969570990301
2.890762384197455 0 0.7001879885820835
5.785867584411573 0 0.05043741146268055
5.321293572402838 0 0.8372331701205483
5.33267343046178 0 0.2696588707872433
5.023886580996956 0 0.8525211018756578
3.109961869118457 0 0.5272879960549975
0.804518247274137 0 0.3361798185850959
1.939133978836 0 0.2649248548530407
1.75614503926078 0 0.1046718797525393
1.561976727539784 0 0.09075777959692061
3.29338589205924 0 0.1477472417560587
2.792704297509881 0 0.04004901836120373
5.262989447882318 0 0.9187960013362655
0.9206111687340104 0 0.4252407581039424
4.444284321080588 0 0.6124485113331344
1.618084609939175 0 0.6961103679065501
0.9858383790303789 0 0.3595607593514741
2.726836359479367 0 0.4728013408349482
0.4340041068432732 0 0.01879411622801808
0.2278971939887802 0 0.213841175521451
4.286756785484069 0 0.1011925564497243
0.2232807545906468 0 0.177198706926861
3.419218350275611 0 0.09131718471553196
3.970630949826771 0 0.1734262266604584
4.323636639356921 0 0.1956130386009558
2.595193708379336 0 0.7333726774733011
4.989839861735241 0 1.062518774230016
3.894520267940655 0 0.03574333095720439
1.934556279606073 0 0.7343193220821778
4.640373687410311 0 0.5563956795183457
1.148868256867476 0 0.4901248920490283
3.440559254905032 0 0.3256873203563135
1.032342602185129 0 0.384485319757348
3.172623805075369 0 0.09162851703683506
3.700057168646983 0 0.1977162992178523
1.983142967111902 0 0.2722390361248337
1.721566527558196 0 0.1162460770631364
1.349562094484769 0 0.06907611442173167
4.032866669080728 0 0.8737138176815453
2.093343250449901 0 0.2344245749563058
4.507481360606687 0 0.962002257737735
2.95713078157651 0 0.85880843900305
5.521344321191973 0 0.7759092064985973
2.643060222225772 0 0.1984587630244408
2.344159689614135 0 0.7623032217969601
3.420832367725822 0 0.2733521888523134
2.58961925411733 0 0.09392579233933984
0.04251422499708202 0 0.0584616510084694
0.1971822695270609 0 0.2130257303399051
2.170197197098141 0 0.3343878273989841
1.839900575906599 0 0.4413351770519492
5.609020223287286 0 0.317633300342948
4.979000768099705 0 0.4000529226729603
2.175453087751646 0 0.02948659848218343
2.516612885729106 0 0.771534357001966
3.239004318029104 0 0.1045562360108502
4.533902810367387 0 0.5735703414724984
3.516343388676919 0 0.2091553738279792
0.9838194645525817 0 0.5017707527431017
0.9557007982729484 0 0.2191452798694504
1.187772446220951 0 0.2072049521993056
2.70935400765754 0 0.8793445611932247
2.634346860864633 0 0.8597391765297591
4.217945411092405 0 0.03951262899797736
0.933430791767198 0 0.234324736981443
2.335222990729438 0 0.0903904432372194
0.6821226001999441 0 0.3415092792988368
3.038711767923532 0 0.2853956691150349
1.476258030585109 0 0.6032647681026846
0.9280449647502396 0 0.06291514661454861
2.524302179400709 0 0.2759704680305962
3.567999730043859 0 0.7912186253251103
2.407100156797467 0 0.5464494845645405
1.53485492659083 0 0.02939073563104749
5.774121326774396 0 1.164567806145141
2.140881984141409 0 0.2257012428801289
1.901978960889888 0 0.4556256234152724
4.1899113417586 0 0.63542003926228
1.817155348845767 0 0.151876681852389
0.490269201053199 0 0.3312011506776501
2.478234723656267 0 0.1222581702074368
3.878980638512258 0 1.158589740661834
2.996274522932853 0 0.4660175443723588
2.049369093206644 0 0.7673523067252597
0.4284049132255729 0 0.07780671024777469
5.950453975920087 0 0.9691117605330881
2.426570966405881 0 0.475331415545445
2.248626641020235 0 0.2102291815105394
3.570016256973977 0 1.152832963668584
3.506606916957656 0 0.542460632002377
2.709250307479975 0 0.7871106319831447
2.456455597886681 0 0.2700210013424669
0.02214893105055671 0 0.1510325869719172
1.557804342538479 0 0.6837737118088139
2.054640811519076 0 0.09823154874060425
0.5537159345845994 0 0.02615033823072793
5.209931701310547 0 0.3275449946593169
1.282452251073315 0 0.4562994427267177
3.009260280878137 0 1.088004782488807
4.097358417688373 0 0.03692317169619647
1.173111029866001 0 0.5520237864190094
0.8337742949588001 0 0.1221545013067927
1.247293307246181 0 0.221446661789434
5.950910021887919 0 0.2219202809236432
5.128414710196852 0 1.150273761757636
4.118399868959859 0 0.97293140952674
1.883955969465637 0 0.1407574373320514
5.566951502827621 0 1.152213766320903
1.02993988313428 0 0.1578081446634898
0.2210001985593952 0 0.0510478024332332
5.585343348573717 0 0.03700955088832797
5.72643335976969 0 0.1190348242221929
3.492064339150808 0 0.09462573329084556
0.8831756947677163 0 0.05787147177916274
2.960594748615539 0 0.09116505452446316
2.673003277655131 0 1.045111567357915
4.503988782523484 0 1.081642233619325
5.879689817323952 0 0.04750377247365817
2.954008498756051 0 0.2788430334943214
2.757322236783444 0 0.8730917064935926
5.090798253391807 0 0.2881626693648068
0.4671392764057583 0 0.1954427501183019
1.730697845202618 0 0.3640775698180422
5.416519326093951 0 0.4124716084298781
3.337375641802561 0 0.3906336759698514
3.891616763425399 0 0.3312180775578855
3.513598424982639 0 0.4104347647328955
1.029221329460245 0 0.1056439458303146
1.699166108795521 0 0.2694620583783032
1.151036815003375 0 0.1261259351221686
3.823225342530423 0 0.03709083718413747
1.565340005977286 0 0.1967451951991513
3.310454312494697 0 0.508898077004448
3.739704134212055 0 0.7520969980460097
3.9980683588558 0 0.7859106903871707
1.07270267832786 0 0.2345104116312739
1.2665891342306 0 0.02722561816221591
5.143229364771711 0 0.707792161044946
4.841705059766406 0 0.1278111916443638
2.118574206168814 0 0.7424100701207532
2.024711681986239 0 0.5292400149355069
3.263259179697711 0 0.03505215447903148
3.211074824538538 0 0.3378786222910276
2.894550214612873 0 0.0845538906927169
0.8097120168790113 0 0.2061554959905224
0.8944614027702946 0 0.384743483643138
4.59135724697859 0 0.7893124360284964
5.003721228355069 0 0.7854013649602869
1.443200117891796 0 0.2974775291582266
2.776935613067921 0 0.5764733860503873
4.424734022755663 0 0.2809831959325472
4.690229466015049 0 0.4244741051766648
2.834155028580871 0 0.2534569217218976
5.386637155219677 0 0.3300186544413795
1.363969753294215 0 0.2232040708452688
3.965164662666746 0 0.08812250936984017
2.640599304297344 0 0.4107429173717737
1.817691913769506 0 0.02808579411152284
0.6759579395788089 0 0.08684620452211556
3.329945167950752 0 0.03442443479025814
1.312059522177979 0 0.5532894256102471
4.387000630412888 0 0.8568779503962863
1.749371616857757 0 0.7377752651642426
2.155805891299902 0 0.6373471434158924
4.626521338066316 0 0.8755071224092574
2.911239306600294 0 1.006189284439802
2.184521253317772 0 0.7546990172565355
2.262058276485869 0 0.1604608441418774
2.466197924693712 0 0.5361834095279784
1.655528111717448 0 0.1372176439605116
1.850282904601346 0 0.07502265742911746
2.846353398886346 0 0.5508268738569355
1.557962304156901 0 0.4613913470355495
1.225972295125758 0 0.4767887586132615
1.308583938888975 0 0.5997093890825421
2.411823868037259 0 0.7099902806308221
1.245014061013446 0 0.4212459076779015
1.74891313939104 0 0.5033438753647932
0.4285314204152337 0 0.3100626642847885
3.592678234476112 0 0.03556144067654549
0.5826533855006666 0 0.1215361736304407
0.4837196364751981 0 0.1407402062611377
3.430934262434917 0 0.8426721276285776
3.88962390619576 0 0.5044987564655561
2.279275378849389 0 0.3148169108625152
3.000251930614229 0 0.7825026809345772
5.114256618182566 0 0.8902597478975536
1.15733531908608 0 0.02494387098035189
4.416332477021101 0 0.1648388016647
0.6778434848988972 0 0.02197460012039204
0.3714197293690198 0 0.02121239818861193
4.710779076578675 0 0.9734198412522364
3.320536012668002 0 0.5487567464304065
5.637847558000772 0 0.5652438004012883
2.026272468860483 0 0.5655544325449374
5.24849253742227 0 0.9724790867710338
1.788820489386508 0 0.6558132814171627
1.388927787099736 0 0.2692508486342546
4.332179363739776 0 0.4124376048751341
0.2991281948624116 0 0.1897304768459431
4.933097853998968 0 0.5443252662011157
1.018858880886694 0 0.2051834622239838
0.9070441018399444 0 0.1156863015866018
3.311164992417768 0 0.4257269771269716
3.469066658818064 0 0.4830757696932113
1.309405432388772 0 0.1513294884420578
5.349468584460534 0 0.7910852712855576
4.536657163588953 0 0.7073058256478131
1.490554981517072 0 0.1075646835228545
5.684613359062296 0 0.580196125241824
5.301029289421868 0 0.3767811184069372
0.6115276390049393 0 0.3062626195913662
2.176275266155581 0 0.4572173608168665
0.3900784060113107 0 0.3008669347460083
0.07158883216040168 0 0.0433118589090708
5.197300228499165 0 0.6025437060598408
3.336221241848442 0 0.09625146309136134
0.1989366735271174 0 0.02034774275268419
0.7295018999140828 0 0.2892447650820942
2.635864796891366 0 0.6543193840728057
0.04452940871191036 0 0.01910811474114743
2.118669657643908 0 0.1141958231154012
4.210923914702212 0 0.8535528989592258
3.106934221838058 0 0.1623372743045181
4.908951259478077 0 0.4125405627008991
4.819912280774632 0 1.153482317338509
0.7636748537967493 0 0.3765869335271452
4.3951628814453 0 0.2104348569867329
1.384708870983289 0 0.02707058167773507
2.86530754261998 0 0.480993337348487
1.895154991466504 0 0.4058816980029966
0.6054921274960958 0 0.2405063422877118
5.060406609555903 0 0.1117415664580514
2.582130487302344 0 0.2496369057641366
2.540430254969929 0 0.5199369954272854
0.792815003242417 0 0.3801903396949763
1.795876202842775 0 0.5439043261066863
2.023347522317673 0 0.6955088310617716
1.932409460818513 0 0.2347809263971901
3.371144649430249 0 0.9936018374385527
0.6881355268754503 0 0.2688506839216498
0.6385595478076715 0 0.06235617456379627
3.647448142712364 0 0.378159681758234
3.929320084010226 0 0.2669836222174737
3.220950804333686 0 0.1485895307687569
2.322322153801547 0 0.1819358920042063
0.9896608489678678 0 0.2482944811741346
5.954763090213573 0 0.4299463789311689
1.616607154394656 0 0.285260876924456
4.762464523302326 0 0.2367901738587833
0.4018059358058634 0 0.245583947833958
1.597431270623953 0 0.2045804038808339
3.698443633053815 0 0.3142544843465578
2.254020011218333 0 0.7610205860832875
1.560076217227269 0 0.391693676626204
0.117183583250934 0 0.1343307768275641
1.503966607518035 0 0.3568953451501425
5.538832144028749 0 0.6452294567485475
1.079335133421775 0 0.3677442468504523
0.1115016536933964 0 0.1532842142263934
3.057689763993491 0 0.03430216779303497
2.262979937799857 0 0.8354490579482472
4.878889064814107 0 0.9350074353193276
3.056668046346853 0 0.4986684726702102
5.552902575267911 0 0.2984276423324679
3.659405836370786 0 0.1754030644408315
3.217710084668345 0 0.03660448236030373
2.360746028290469 0 0.03182436252649601
5.443237094423917 0 1.032349444186924
4.247557612636731 0 0.2375580624530975
5.571158833619747 0 0.1438562406300551
2.582748589672903 0 0.6022091457712481
5.585596825734978 0 0.2196993743839538
3.591658993203638 0 0.7126131364426893
1.261523412499446 0 0.1641202811261078
4.814920206889935 0 0.9323888985646871
2.610858637752731 0 0.5281294360610593
1.420614529557634 0 0.09414538665674849
1.080383862072432 0 0.05686844838659583
0.7579915131499928 0 0.184985874657436
5.550735347920724 0 0.7311294118950633
0.757114396541168 0 0.1380287359863044
2.929120850712092 0 0.4345006635286712
1.868168675083408 0 0.2695311980796011
5.606579246093033 0 0.3677257343703716
1.674021146553284 0 0.1954254262078411
1.122058638507552 0 0.3398396474183345
0.6546589066982027 0 0.2387266202678144
3.775192497957693 0 0.04088706802818093
0.690316018427791 0 0.3966022584835913
4.181486699026064 0 0.212807841226454
0.6996277488585987 0 0.1612800534711568
4.84370782616916 0 0.4872181709834723
2.04688156498715 0 0.2597710859231217
4.803228048628443 0 0.09942311439459578
3.29923259133876 0 1.144626994622648
2.519095835601183 0 0.65073632998414
5.521769417039017 0 1.006882825981255
4.995986742162868 0 0.2810938264911582
1.181388881881541 0 0.3366734347002772
0.1017348931002502 0 0.05537813447921314
1.611141972494026 0 0.3495569048272336
4.879731731513266 0 0.5590602772566512
2.085352032369228 0 0.02730652467354505
4.226686850728985 0 1.150168782176326
4.816079514185102 0 0.3369707502534757
2.490229511316768 0 0.2200091293876917
3.12262616774532 0 0.6917278800385706
3.478422597550402 0 1.16141514449318
1.108812150256245 0 0.4171615075735913
1.008100471984918 0 0.02109721210994392
1.587227218103148 0 0.6350103578669023
0.6144152030972623 0 0.05767088217985855
1.397690823294113 0 0.1633289152382735
2.35459820271191 0 0.4023661850990066
5.225361144476467 0 1.05363774605552
0.8391570753586359 0 0.2832628395290725
2.082059429894334 0 0.3971251273778899
3.942460265580099 0 0.7020016894892074
3.605608234420666 0 0.962216031992184
4.075379931574071 0 0.6321516265548688
5.162799837975496 0 0.3387615726879044
5.396292870430589 0 0.4681837460749028
1.546960645355802 0 0.5160977146311628
3.676352526842285 0 0.1232759159477378
4.462902578319515 0 0.03827722266193523
1.458488601666997 0 0.2548109831476701
2.064964534999185 0 0.7373021616169527
3.56430985837863 0 0.08686142776203637
0.8972236624310739 0 0.2640787668819839
0.8497505378961545 0 0.4527758100622286
4.3370911776707 0 0.5425999202404604
1.150875499182543 0 0.2534217295221188
5.044788391710084 0 0.701588333533059
5.591156951176151 0 1.053873848617076
5.457778535900555 0 0.3207870341820952
3.50259987041713 0 0.2939511430496424
2.947392896914842 0 0.03387938562118198
2.156762967043139 0 0.07166917208062468
5.780136101350505 0 0.1460409619877814
5.250207632908965 0 0.1516548465214279
5.496018833912703 0 0.9197375705195701
1.488041563726364 0 0.0257854791746836
5.862636376253779 0 0.7536149090555191
0.6349964375958237 0 0.01686088257295315
2.889976414838395 0 0.7909555264844899
4.243624023665657 0 0.7581937097737534
0.05151604193288462 0 0.1640676870674699
4.205772872012052 0 0.08659802021319207
1.965663239746114 0 0.4156472081056613
4.178093454688971 0 0.3781817601321905
1.052508821272691 0 0.0239863687663513
1.5428845163713 0 0.112445256581618
0.8736172016301205 0 0.1492495540422017
3.328946252876797 0 0.1742117172199681
4.115062993096894 0 0.8301604823337044
2.026076998285746 0 0.423139280666388
0.7926710138537665 0 0.1248985838154262
4.518625826282215 0 0.09270942324585507
1.936018048160261 0 0.02554664343245922
5.734240315987457 0 1.084854948940483
2.738561298125203 0 0.3241272962960487
5.812233536608031 0 0.4825039852298704
1.470132900996145 0 0.5663147038109413
4.064875496419934 0 0.2254790582066802
0.7105151816709854 0 0.308880402276863
0.7159109022166361 0 0.3668922877627906
5.885770495873088 0 1.159604835977005
2.979201336035385 0 0.6751157004127193
0.9531628875342535 0 0.1705487393348877
4.299259763964162 0 0.8686425108879923
3.598551048644894 0 0.6013379036669614
5.02165905282449 0 1.153193999264458
2.003715885598512 0 0.1588088468969537
0.8190348404801489 0 0.3611074941016282
2.34556115251391 0 0.5968081938285305
1.617391587830611 0 0.175843825255404
3.789738764504638 0 0.973627804989383
1.685162344843591 0 0.6705419524959797
5.956960553135912 0 1.091344716072683
2.60355375173243 0 0.03335668360468913
1.304165178166873 0 0.2946988669657008
3.782243937991584 0 0.84252614825606
5.614854303249925 0 0.8124178045541808
5.688967304821078 0 0.7660545505842176
0.648932477024331 0 0.2150708284598874
5.307888469462602 0 1.080088645797338
3.165564398598876 0 0.4617271571604048
3.553500574424398 0 1.040990962747547
0.7762048242918214 0 0.4279392142155606
4.66621403578927 0 0.6356164320193838
4.267067671720644 0 0.4835163613001526
0.3298023406382149 0 0.2811065149986743
2.010217027275054 0 0.4555777333011629
0.2706265810799153 0 0.1190351578478858
5.942365785828727 0 0.1113031069070036
1.262397579574927 0 0.3895549072203729
3.164197236214676 0 0.1958536264164983
3.342206899655585 0 0.2602346612407288
3.708225811295623 0 0.6738952490739931
4.749802787400792 0 0.3792612725235561
2.486982416255147 0 0.6686796112000106
3.616454188574203 0 0.855491105568551
3.451730148872223 0 0.7053130975240787
2.776220353788129 0 0.9203823844537106
0.5039134952213256 0 0.2894165767123247
4.285629806957536 0 0.6807905218713622
0.6401996222080393 0 0.3158551551331897
2.682745013650226 0 0.02720816805686582
5.806542746159904 0 0.3162782376979815
4.144953550390204 0 0.6617752482367661
1.990025059521847 0 0.509467743048989
2.88694863363095 0 0.624335890592236
0.9524861641404625 0 0.3934826349232054
5.954563381313969 0 0.7093137360065718
5.281576262992136 0 1.152161718739925
2.515732622605895 0 0.08250833645280858
1.436332944015338 0 0.2142029731025953
1.491597747577779 0 0.2215364359239044
3.893528932019045 0 0.1627258883742023
3.749294861679919 0 0.5253407188268219
5.349265519990321 0 0.9486450560064257
0.01613824560338006 0 0.180716429618201
1.147731911165676 0 0.1755432679089945
4.579990336781607 0 0.09368983966880545
0.7194688794735717 0 0.1999851027742136
1.663065125620488 0 0.4866379178838011
4.92161778813651 0 0.3316670194778336
2.385727616795939 0 0.7843927492973741
4.435131994134028 0 0.09496351272116815
1.255439677737959 0 0.5847175366453037
3.376133950290872 0 0.03547645454935966
0.1353019036574072 0 0.04312875287944334
0.9147416114359159 0 0.02322795069201672
4.87267445030623 0 0.848742166291286
0.7970870747657397 0 0.2454670975286432
3.743480099303255 0 0.6015092592568552
3.258232307247556 0 0.9514305514405892
3.765387722001352 0 0.08635547135883065
1.726774810187245 0 0.1828227382404382
4.123980048298871 0 0.8886916237449043
4.511799124997183 0 0.3908470846727065
5.513527988872827 0 0.4669769480735463
5.602505650853909 0 0.6458359355202097
2.325206812476424 0 0.9404129368583052
0.2098711325748526 0 0.1118100743023264
2.085314259641331 0 0.5645107261387031
2.373724770965203 0 0.08666854052065054
4.795280773276571 0 0.2654699683397926
0.1867246073447597 0 0.08717095907027622
1.9436560864909 0 0.6600527449726958
4.737333602017967 0 0.6631947225796815
0.126985352976742 0 0.2159500094157227
2.984872961946711 0 0.3347939312655329
5.186028103304838 0 0.7856711154838285
5.353387534696715 0 0.04524989117238509
5.887556770905971 0 0.2695714124683817
3.138083469979428 0 0.3532770636489301
0.2501949408087438 0 0.2530277550201913
4.856890416231591 0 0.03426827282581107
3.287015692712203 0 0.3099849800907316
4.684560734941257 0 0.2081622260480537
3.02948564985102 0 0.08453485224037621
0.2598294010517819 0 0.1831514096461037
5.880891738882335 0 0.671051267366775
0.9210188106340058 0 0.1412325287393806
1.816565731225924 0 0.2524695686172374
3.078053300777903 0 1.162259961721589
3.7780827979839 0 0.2204022502266608
5.756049145821367 0 0.8463769160144659
3.290252234461261 0 0.2266806273180039
2.450768563340204 0 0.02572097179742328
2.365703202654482 0 0.649717631994313
0.2020731896534427 0 0.180291509257673
0.9025848153520868 0 0.1608152701210342
1.994667804288694 0 0.3041253137508804
4.826647754473713 0 0.1816100040923946
2.90524655393642 0 0.476907797086494
4.547452336599966 0 0.1722568002612943
0.2183566572836249 0 0.07344418282255516
5.77181517862738 0 0.6222054951169582
4.145779060120058 0 0.4150721005423301
5.636972550435763 0 1.076763594760268
5.421964335265132 0 0.2358957365267222
4.778452493210977 0 0.188054430378896
1.399917720280996 0 0.1129119413725228
3.297544518782244 0 0.8667695843378898
2.408898385744949 0 0.5883906269262033
3.456452806139879 0 0.6269394873188249
0.4679329168091875 0 0.2895998517088398
5.817726634851849 0 0.6319474600594751
4.123006260091188 0 1.04871016503768
0.8738739579321155 0 0.2318105528801148
0.2891407998064328 0 0.01526263425484681
0.3670850607314575 0 0.1658563367054792
2.712650140746438 0 0.9854489842889604
0.08605470910947277 0 0.01596408418440276
2.798019239463145 0 0.5070831765919218
1.658161782907828 0 0.4560278818098374
1.175696191962091 0 0.504402829871351
4.023596129257748 0 0.3435078017425846
3.83018372877111 0 0.2766118845941816
1.040995024285838 0 0.5134627626548472
3.511015748886734 0 0.4610972792603334
0.0963300838513339 0 0.100322479895788
1.172619109507273 0 0.152992830873352
1.001027480799268 0 0.3843729236711987
1.445059587067176 0 0.137726118995228
2.349184197753056 0 0.4420475645795667
1.338406484091125 0 0.6111615194512803
3.20805534314146 0 0.08004756171754829
2.59125378129266 0 0.1552356535908965
0.768967034092392 0 0.2116802534931005
4.222908669644609 0 0.936674407090184
3.445182791012602 0 0.1798559787476643
4.029151783669102 0 0.6045116223876512
5.728459189117552 0 0.6868838938526686
4.438204513170573 0 0.2364780099401531
2.805294036936989 0 1.092936507961176
1.047130959243963 0 0.4815379629383902
4.715829969662618 0 1.046804001206378
2.090688846589574 0 0.5157798096447958
2.243779226912857 0 0.1345645820485729
0.958761530182473 0 0.1194729591159645
1.770293380695556 0 0.1466577404745676
0.3690904325404469 0 0.2259765300382033
1.531309995001046 0 0.157708861985452
3.088275363216095 0 0.2870160308995111
1.24245851224005 0 0.02414741318386338
3.835277987883016 0 0.4544505233239688
0.6222718244419609 0 0.3773737923439557
1.42251781710431 0 0.4342184491983064
3.84015592553802 0 0.3909401156904645
0.5954986270072609 0 0.3259466297170225
2.838388936708726 0 0.1325897315359528
5.384011027552056 0 0.3770939390028547
0.2591760414256798 0 0.1497165309385309
3.808266873886964 0 0.7713245979347436
1.923285545814767 0 0.380316332636292
0.1561919206361209 0 0.09664283022299924
2.280987964337641 0 0.4285135519337515
1.761468897296011 0 0.448390994536752
5.85979742754775 0 0.4064587975795079
3.516316594590533 0 0.7124915964421623
0.7376462418100909 0 0.3412800619849173
5.884699461828742 0 0.3565154873289022
2.492437141861855 0 0.8076768812292447
0.04833049198385542 0 0.1211914150279398
2.422489191549496 0 0.2812874935519852
1.513500399641249 0 0.06719206935577809
1.864281573067977 0 0.723761666638904
2.520214289098092 0 0.6183890807062331
2.822730645476943 0 0.5825445234277274
0.4973162420531905 0 0.2050870331647763
5.319391888993875 0 0.7005222325936494
2.129132920288866 0 0.8708542064951796
2.721169510316789 0 0.5290104792732638
1.319319083545729 0 0.3722871354538343
2.686426643737709 0 0.2593592935512947
2.788501638113516 0 0.4635549905349442
2.843585705183155 0 0.6213266996161954
2.193640856186885 0 0.5747276716143376
2.438988352079218 0 0.8707580525776731
3.168194456615565 0 1.157002318426854
4.624986744770035 0 0.601717961150694
5.469935621983232 0 0.4022375060955203
4.665096955152513 0 0.09957852064118261
0.8425653062394907 0 0.4014890177659822
0.3969640689251435 0 0.020512268173842
2.757686793581926 0 0.7915459821088495
2.119308042403806 0 0.02898733881053844
2.143490196565777 0 0.3621778201958618
3.995020521491383 0 0.9604575313511172
5.01219066093214 0 0.9047730630324891
4.155732932641641 0 0.04173459535456631
4.017095147898143 0 0.03391692078831166
2.295222685612774 0 0.1539034399730611
3.386851824237917 0 0.2183077541333254
1.202303767486405 0 0.1265219518271565
4.332313120577924 0 0.4614065288963617
0.8214092243343751 0 0.4416566447790292
2.079912569751555 0 0.07566973881912248
3.821231321038668 0 0.8111642559830555
4.629139789445183 0 0.0331230429358812
0.9102951468786893 0 0.2191357510810847
3.632961432260802 0 0.9996385162202885
0.2962574431875939 0 0.1446847488016908
0.9316855357362464 0 0.4782466164235251
4.619721000920308 0 0.1708248224445588
1.997607329498322 0 0.672171306110272
3.671180021685709 0 0.7001764702127229
3.230733281512415 0 0.9063795662928966
0.4626155371112839 0 0.3258569251079474
5.35034530996144 0 0.3080274818752831
3.367802226461027 0 0.1545460295316999
0.6742630713587507 0 0.04759385952566436
2.521010568297782 0 0.7295121513562427
4.715953634239405 0 0.8442015328125834
1.690989964295017 0 0.5004890319617127
3.021657048559876 0 1.000470003840359
3.63293119048407 0 0.4525043863833996
3.888536238236692 0 0.07159813122572084
5.158693487556921 0 0.03190288102151367
1.741602150300681 0 0.6378013782262644
1.697528316027837 0 0.6399516765607165
2.986836409788885 0 0.5479650733625742
4.767539569085544 0 0.7320839591046318
2.211074959441937 0 0.4498143822316118
5.073118708776493 0 0.5147020803212594
5.841517889423083 0 0.532150081839229
3.747299622873646 0 0.6969002888783009
1.638899443380621 0 0.3476887303785116
4.417646439083093 0 0.9071603576052695
1.538266941972186 0 0.2345465008918665
1.860742488546729 0 0.6594283142319017
5.775080294180659 0 0.792612183683435
2.057335104893483 0 0.5809063500514048
2.580523939608427 0 0.3064636216352974
1.282646854502046 0 0.5454835321609491
2.211317769784347 0 0.902103823335217
5.767220195292589 0 0.5620223869553779
4.470038515254278 0 0.1695032355350827
4.225024134953339 0 1.09320100685754
3.576261886128203 0 0.5351325557659813
2.765418607704831 0 1.025691061159269
2.929133545885125 0 0.7269141120510016
5.886676458815314 0 1.026081914123659
1.662311985544356 0 0.5966866642576492
0.3730915416305596 0 0.05693406388279165
1.274835530352156 0 0.2178324055286925
3.662570857295299 0 1.156060242086565
0.04212940467420268 0 0.1504100504472103
1.816877680774484 0 0.06011792809791588
0.3916639635521233 0 0.2055246772108297
3.045034608820812 0 0.9388914332081186
2.940658036940394 0 0.2121172118676418
1.463795023913375 0 0.4751827472602209
2.304348131362681 0 0.4898209575311588
1.684217053760925 0 0.08818070475280798
1.837837056163955 0 0.7795943678496697
4.328274970853493 0 0.03479951295836775
3.217475960291321 0 0.2402049806998224
4.920633422040241 0 1.005379591662319
2.115998661879654 0 0.4614450807139149
0.5723856163540786 0 0.3193481037577139
2.509480173547539 0 0.8450876749771385
2.806935670293861 0 0.1831817644352929
0.7745135180808655 0 0.08966699191663324
0.8824296158386651 0 0.2863395410439587
4.805386808269351 0 1.096823547837658
1.33318404611215 0 0.1844362880449583
5.698227854026305 0 0.9476966080069535
4.589844509241887 0 0.9591932936985312
0.08254037540272829 0 0.1370894702743559
4.265871936921696 0 0.1658860048888904
2.144777480091137 0 0.2789790800128547
2.247066766250269 0 0.2565215248668686
3.081311316198343 0 0.3532502287383777
0.9422473502493554 0 0.3391579553806737
0.4396085728405437 0 0.0570857410030679
0.9781025089684645 0 0.3023187854313756
0.2862480070444864 0 0.06556982551833934
2.593269058134492 0 0.6462591942237812
1.955430890356535 0 0.5604322099426793
2.83167259928154 0 0.2892189315024613
1.372945554226982 0 0.3741146901818369
0.4291915965611404 0 0.203477779161242
2.648732888662367 0 0.5271018546546826
0.8496266303751847 0 0.3182723032320986
2.483762975354672 0 0.4398572505263443
3.768807039117393 0 0.9239401145883623
4.004825643544915 0 0.1097884675811798
0.1213560780774539 0 0.1826853497248658
5.143010602942711 0 1.04297035837171
2.407135722294888 0 0.1613574074597612
2.548126120353715 0 0.02894987464187082
0.9944350263443575 0 0.1943706053434628
1.301298394188391 0 0.06870578418156714
2.432037753091 0 0.2167603500607693
0.7139020090299675 0 0.05299114654731907
0.8127139328120183 0 0.1139941408267233
2.834695601210622 0 0.1992035243333419
3.244935228150789 0 0.554336368888507
0.07831735871539758 0 0.07804423454326859
0.6745320068477123 0 0.2022195137213654
0.5258142279313365 0 0.346377953086926
1.925527345160517 0 0.2924239681909593
4.10181057352666 0 0.09863752462773118
3.483862555603273 0 0.0311590830775596
3.599928937026874 0 0.1128289457584817
4.905466188021197 0 0.1609756475354266
4.834500042220604 0 0.6795516331348813
3.226838065236966 0 0.7310236596955968
3.110005687910699 0 1.092762886641604
1.206886896374648 0 0.0896665577781135
3.805627717552221 0 0.5165386421055099
2.910241479755201 0 0.656397289278811
1.208685113548736 0 0.3278815898949828
2.255842962202435 0 0.6775544935312992
1.371179398246044 0 0.432607677713433
0.1656594598534853 0 0.2306299274949037
5.676578164415187 0 0.8081677953665567
2.865207369946872 0 0.4126098455100824
0.5404600000431876 0 0.06957264705900434
2.193488487974338 0 0.6423441461105621
0.1273971623403236 0 0.1021078105979102
4.295071181460307 0 1.076064657787804
4.62612297255742 0 1.159266209972174
0.4242818722331694 0 0.1793544084340584
2.778968933302889 0 0.1999932945779374
3.833415871305105 0 0.07343363673598619
5.264519244024561 0 0.3982460174689199
3.98367835863808 0 1.09483423950693
0.1758813468788949 0 0.1609865410239033
5.734389060002743 0 0.4343540846556971
1.883144820433466 0 0.1097144403074001
5.367106442718574 0 1.155051179165171
0.640063776208891 0 0.1067278816603874
2.380409640926638 0 0.1165360018326426
2.705032290204152 0 0.07820106876998162
3.94579273260901 0 0.6120411165389477
3.202239443574193 0 0.4755523279285536
3.332765126953666 0 0.6378375746159544
3.953266365609884 0 0.9923597579545442
3.463985257052616 0 1.017768798743066
1.501270653453603 0 0.3827020252144788
0.1263457562989316 0 0.07272867223522134
0.6165465677802118 0 0.177182568796658
3.448350057796261 0 0.4155328811717147
4.116305773634537 0 0.1807740841491545
0.8360763360832415 0 0.2076991953261251
0.2624000455688091 0 0.2097961749117347
3.820084503699467 0 0.1693173932924453
3.022645171645747 0 0.3231261585784908
2.116950319122378 0 0.4106132529306314
1.64886297164918 0 0.2419538688465284
2.049809565774428 0 0.1667368138467835
1.488121283986307 0 0.1287282121202423
5.6738197338115 0 0.9985691132516827
2.704278921149716 0 0.6588013695404067
0.3217418889432357 0 0.1202536428592393
3.377391922544709 0 0.08280344945862878
0.4958864745947724 0 0.0184887295640544
3.231049392104394 0 1.089538582203489
1.143097613729799 0 0.2248856146812734
4.582133477904716 0 1.098025127948713
5.955684555179404 0 0.626619397612438
0.6890605685659725 0 0.2279558346931406
1.870987546489725 0 0.355863851285354
2.24353298154838 0 0.02534047723632632
2.051238967490232 0 0.1961230383874488
0.790084421613237 0 0.04759820409390619
3.269330987496892 0 0.07633130958771656
2.996943985977188 0 0.8382214974260148
2.619012719696724 0 0.09935817874770148
2.485465458712008 0 0.29007878125527
1.793293862335826 0 0.3404741116566696
2.307555010063037 0 0.7939388187381867
1.963519372756549 0 0.06657214346078166
1.411784469806746 0 0.5934781278927133
5.651936699790539 0 0.7223642747347169
2.189803053913403 0 0.2363410939802005
5.485768057706526 0 0.04115816058662736
0.4595557143579407 0 0.05637018751123551
0.1581638935225809 0 0.07647549259742553
1.982519020570347 0 0.1132172117929874
1.997621614450333 0 0.616023121262138
4.029937781263627 0 1.159881988720473
1.138296102106696 0 0.5485779087820514
2.836709150510062 0 0.5132212223259912
3.860403549847718 0 1.025366634474912
2.517216707429674 0 0.3956489614032071
5.663895478534057 0 0.2372896442684278
4.400853825421853 0 0.358274620838321
0.4060008979517229 0 0.0436993592711718
5.353529482055743 0 0.09756222826085642
0.864324329888567 0 0.4142073467917732
1.801732758941106 0 0.484680609399422
3.26623327538635 0 0.6345474608234491
2.45627242967682 0 0.6013418847102951
2.693252960348052 0 0.4561699783289017
0.9250024472262584 0 0.3065990289502527
0.5096060800782891 0 0.1300331276761065
1.497388319758841 0 0.6672354974708625
1.365802842418506 0 0.5692759559300765
3.113531613947706 0 0.7413770986096127
2.556720469301795 0 0.713049099571669
2.446301526495385 0 0.3358349609256556
5.477822711386089 0 0.8439359789440996
0.5824350556078701 0 0.3648770173991445
2.418470209931579 0 0.02294832576098738
3.876721389792216 0 0.8483847660019533
3.33059611431945 0 0.6789243617982406
0.9478595715309299 0 0.4495314282583647
0.4619606129288645 0 0.1746816322865818
4.881570520773748 0 0.09518233153692496
1.159133909333162 0 0.07905150803194244
1.210733190418857 0 0.301971161568559
3.998016559955801 0 0.2656573499551838
4.014902701106198 0 0.4485511471996623
3.410561183317342 0 1.090915057864236
2.68419652896949 0 0.4153745864513438
4.978569503170163 0 0.03685538947873684
5.764657527489246 0 0.2905982068628368
3.404078496087175 0 0.6308183815791777
5.577271686580076 0 0.9347221704318478
1.633948234330398 0 0.4105864126368775
2.501733530426996 0 0.5459044195470931
2.622607472044037 0 0.1392496761739127
3.866864142351844 0 0.6901050450509256
3.658793833111201 0 1.08322597129864
4.138122388697823 0 0.1074681864570945
1.575226354699766 0 0.06198844642635121
2.641385265693194 0 0.59948002310149
2.95427519516782 0 0.6482350348123267
4.915958406186395 0 0.4603584028998995
4.551228988688282 0 0.9828504480089115
2.190130305602431 0 0.2741227171291007
3.452310851251725 0 0.7518639186983727
0.1131308597472218 0 0.03924761085091477
4.900294505449911 0 1.084010688492123
5.649653230353208 0 0.4422412140647711
5.798913378084404 0 0.8811561194255435
1.9929727416534 0 0.02750771318285494
1.81398612175709 0 0.1830797217042242
1.724500671523713 0 0.218089905608276
3.385307458939091 0 0.3995939147593862
1.75733840422015 0 0.5349849904554768
3.35124683012229 0 0.7537744694893291
4.048121460805245 0 0.1857408787545285
1.734180766246916 0 0.3929722231198162
3.053125184011511 0 0.575101994720146
1.522717099122098 0 0.6204631973778518
5.682739616885851 0 0.04426260587215608
0.9005182253722346 0 0.4699358904752738
3.867873501303075 0 0.7406166488877919
0.6064482065683698 0 0.2158608470277779
5.800292218902396 0 0.7192902122809627
5.3374774598117 0 0.3993495072368503
4.413999436109926 0 1.156069243763868
3.402883196286425 0 0.466087831315456
0.5530510755256683 0 0.09418743809423274
2.023747950181006 0 0.0256766145386077
2.126933272189302 0 0.06285605099694352
3.968320132810585 0 0.2104744822674144
3.237018665485387 0 0.7864286349406928
2.740092629619864 0 0.7080264208004985
0.5877267273388709 0 0.08468031004116616
0.3430842771075047 0 0.2478297640258103
3.664186063895922 0 0.256582430417328
3.27182257721204 0 0.4506428702271268
2.842916132682713 0 0.3552129919502305
3.950525914121294 0 0.8603455354257619
0.5611331780898228 0 0.05066735437869357
3.958492649692128 0 0.3969587300928957
2.121380580698981 0 0.6151691410145478
4.620775802164412 0 0.4297337867752362
2.636363221618176 0 0.2484357412219163
1.682600346379096 0 0.4050292304813079
5.55447681227885 0 0.2519716447755543
0.6999295547870212 0 0.09701851380893556
0.437786233571146 0 0.2427504251632034
5.136117912368787 0 0.09488949053421253
1.589150566690147 0 0.5672286847049779
3.190779929095876 0 0.3996037485876449
2.403113981620546 0 0.06934319515949566
3.029176297415449 0 0.5412251712219425
4.214904257237306 0 0.5393841649806903
0.821140035729111 0 0.022239621769995
5.226895932632079 0 0.5307648008523782
5.421540559582069 0 1.156457901168228
3.873963926810331 0 0.4633944321473512
2.772738201868608 0 0.1362696530538633
0.4608361538777501 0 0.01923854329969121
4.993630294749498 0 0.1513859373993972
3.734918773457443 0 1.084381788213691
2.23656037508141 0 0.8074595288090558
1.487873348536914 0 0.05559512151476065
2.916312003262455 0 0.1637218548216837
2.670255058768902 0 0.6760086375521783
1.018160697202466 0 0.2316694000063095
3.17343732036915 0 0.5407224004187461
0.069212180028702 0 0.1989212698098732
1.812927149018665 0 0.3071077419955623
3.938608377622644 0 0.151111195017423
1.949990022876901 0 0.1811787271632541
2.626965796694033 0 0.9041637618988039
3.532044403391855 0 0.6530220600367997
4.460363040603509 0 0.6856832474336951
3.198877771500812 0 0.6692794484955606
0.3504754873188443 0 0.2917651032010968
3.888274442989077 0 0.5502931393367518
1.597194961284529 0 0.01771582624184842
2.285994304417798 0 0.2815919608994497
4.577826738937215 0 0.5118039677403683
0.7027753257551597 0 0.01919709054208213
4.278911977791861 0 1.155751048736023
2.354101919139532 0 0.1363848222407015
1.941837609457636 0 0.8119392526920047
2.218713773966113 0 0.7324199310697501
1.706096117766182 0 0.02275562751522553
5.340010689342176 0 0.6177630729502598
5.173449220008866 0 0.9427552757047546
3.409149138378447 0 0.8008561611025187
4.150113180915715 0 0.1481053486592452
1.102344519020535 0 0.02173704300408213
0.6701666208892418 0 0.128424359596138
4.351291719244954 0 0.3375319280748604
1.255547504948963 0 0.3269090738496172
4.299996598773934 0 1.00115541667809
2.063309931349741 0 0.6134650661629234
1.792956211998462 0 0.3902252647698571
3.103912341363058 0 0.4137003631211395
2.767913207886161 0 0.6387677947739467
3.555337821610884 0 0.3444493460660722
2.341983971661823 0 0.5388811740397049
1.319066144064112 0 0.2286204260978822
3.046935216473483 0 0.704895767086184
5.006787733620389 0 0.2361140787670921
3.065102450614577 0 0.09681756706083183
1.929917764089377 0 0.1091054414015011
3.679835678316764 0 0.744314717446825
1.90018083449896 0 0.1914253944335235
4.035506417365669 0 0.9775898654037525
1.604772849142451 0 0.4799415492023133
0.5023098174049103 0 0.2286886197237174
1.430725334520662 0 0.6439606632022535
2.418351444353649 0 0.4415592826990714
1.20181416433752 0 0.02114816811879688
2.194655505438015 0 0.1257113058994176
2.250032460212834 0 0.3700760534803112
2.82439922564914 0 0.9088392956816511
2.021342562611165 0 0.3285677852224232
2.877745237864031 0 0.2494815890606155
1.163943973887236 0 0.3106293181362526
3.796438306618283 0 0.8868525608595615
4.037030124849084 0 1.024457723086794
2.362272524579898 0 0.3058138414026177
2.378498537778234 0 0.7035465868540951
1.148316203638235 0 0.3941547256203707
4.776858072317772 0 0.6359072170948725
5.887920194163057 0 0.8474440528677074
4.359850205489685 0 0.0902429181039367
1.346394998795801 0 0.310105101675729
1.400556897131905 0 0.2960633940129801
0.2386357756275945 0 0.142715964854589
0.7280185683450924 0 0.1592772447908497
2.268538812769027 0 0.06755202283899314
1.342301001452154 0 0.4248781003958381
3.322682766598812 0 0.06692772559901145
1.875928143898814 0 0.2356484803211622
2.234274907270043 0 0.5848165062550967
4.764597498151467 0 0.03281179200914985
2.42869613169939 0 0.9638303942903503
2.639161186658079 0 0.3026852007829518
0.5855570263525389 0 0.01965203440210311
2.490297940806294 0 0.9945103132901978
5.523592031717586 0 0.6897486652306374
2.306170217281033 0 0.371812461455043
3.991982775506743 0 0.6422207759517322
2.609260647674438 0 0.201662370968602
5.336691600032442 0 0.539058865901809
1.171265103821662 0 0.4068724730122459
5.960197267506832 0 0.8165710357027689
4.747968210745178 0 0.5756795701905568
1.329927275796998 0 0.3406975793564974
0.5489103769587702 0 0.1351378661193502
0.502414393254206 0 0.05577489874169628
0.09137652881781921 0 0.1793008847787757
5.710032394797883 0 0.3445659367711799
0.08219664701920104 0 0.05914443815148013
5.148970111778133 0 0.5161584313314118
4.403992531746074 0 0.5865966961615314
2.485413641803754 0 0.8798857688096704
3.404204757248729 0 0.6916773096075441
5.24402944493762 0 0.7818750151964327
2.145895866051531 0 0.6796501465819894
3.93877146735413 0 0.2294003503471431
5.18594000069136 0 0.8457818628022353
3.068695256410629 0 0.807191679838996
4.685657204319159 0 0.4779476988402155
3.18527648148259 0 1.07811201724207
3.016402670810526 0 0.3886284441456896
0.6123091182956273 0 0.2834190025113157
1.24855850873472 0 0.3024786399082189
1.008974334698292 0 0.1505235462872263
3.703975963611047 0 0.4590956541938836
0.06194801654396098 0 0.1059087986821681
1.074029821999392 0 0.2030165626026218
1.224991741977641 0 0.05683563507747924
3.389390397044248 0 0.5084954640507962
0.9733337903632706 0 0.05169933363306189
0.849377543601824 0 0.0500169708546469
4.271077786179486 0 0.935298894848135
0.6272782448399155 0 0.1385147693420119
0.4102277539555153 0 0.2197624370246786
5.076201200651951 0 1.086782810146806
0.01353194363604482 0 0.07037111655940775
1.523557866576341 0 0.5648285395735435
5.508826036408998 0 0.198934918840806
0.4069294882295194 0 0.2686361387588289
2.821677297556108 0 0.7456244558280445
1.384952483745599 0 0.545195913839538
1.288639419498308 0 0.1962498755604063
2.08467432828644 0 0.6828471571169441
5.247383234022177 0 0.6041764645143857
1.460228799530973 0 0.3471180839883998
4.737664721874376 0 0.09588451393221115
2.437310857386897 0 0.8163201352636593
3.354620986386205 0 0.3370381900578274
2.002683584072545 0 0.1901752731975045
3.101302665314015 0 0.4524156931369036
4.884537790676704 0 0.7438740368534342
2.179562346591297 0 0.7898960185054669
3.377965340648319 0 1.155381079734746
2.722819260480076 0 0.3950498257739221
0.1666344683596672 0 0.01930387903362402
2.473927302396771 0 0.1840691524681861
5.429058910968509 0 0.186371719636401
5.334972680574333 0 0.4421452163359618
4.630410006968532 0 0.9774844571340123
4.069968566985109 0 0.3244212973609431
4.632524052322083 0 1.019393905181063
3.008540196307726 0 0.9134513325499118
5.524264160292143 0 0.3349454605563305
3.125863151070931 0 0.1117805639162106
1.939794059465664 0 0.3216866068595563
5.537680170255793 0 0.03715022979788724
1.714322816931071 0 0.4587062696386451
0.9885335710389449 0 0.0967522443902879
3.148710631710385 0 0.1651307192511498
2.854691436960693 0 1.047452332262903
1.735448928800096 0 0.6868763736091752
2.22475051384079 0 0.3560295034761517
2.535314357144473 0 0.1956185177834071
5.016131115265808 0 1.036492407424369
3.095851451937625 0 0.5640923705367298
2.5145897689408 0 0.02655838602717436
4.538658188353066 0 0.3294567242531244
1.368503220489083 0 0.152008845259185
2.847646427010631 0 0.9786994048851969
0.4274490261278285 0 0.2771749236393246
4.668122506571767 0 0.3814749065172092
1.123337471485194 0 0.08859771793044025
2.288063099693249 0 0.5834268787176629
1.343890832618583 0 0.5135926516168526
5.420058909656406 0 0.9699309641570528
1.463078742128476 0 0.01932183549729732
2.647889757219065 0 0.7836151606058157
1.874877908009606 0 0.1705989592322779
1.786589888454785 0 0.02100456527373123
3.782875025999703 0 0.1563276077142357
0.785147996129222 0 0.02002414778378653
4.397343774632234 0 0.997722499653813
4.431889226895956 0 0.8215845083039108
3.294802341342399 0 0.3467274471729094
3.818565312213966 0 0.2068137689818056
0.4250568925510332 0 0.102016514832089
5.417525977353856 0 0.1131629687537531
1.415487426493139 0 0.5503335359553841
0.5206746287782607 0 0.1579965348723303
1.244333167000962 0 0.09834387863831667
1.021192347747717 0 0.4683119714919294
0.6234938018428124 0 0.3527332667581567
1.844731293408908 0 0.6975074018574934
3.132054931229523 0 0.4849764910360725
3.946840432137195 0 0.8996596884933874
3.844171929666024 0 0.9506181970824841
3.066474730972055 0 0.2231041692392183
1.634839481157207 0 0.4418854761214754
1.087122743068492 0 0.401939976162208
5.403841446641394 0 0.03624356540690432
4.54498033433367 0 0.2073867699026756
3.820129343624489 0 0.5800976669028284
4.929452191251482 0 0.2576694813315649
0.3685100901630167 0 0.2663670435653446
0.5247404899398154 0 0.2699489629366478
2.941841142785993 0 1.144441031942897
0.8635720255662713 0 0.01838343164273087
4.286009183781203 0 0.7315901030860337
4.526015801881913 0 0.6193859028980508
4.472139370451986 0 0.7579259118114781
3.769636162065867 0 0.4576962380099827
3.496320829928059 0 0.8892930129498449
3.325338791251584 0 0.9117507321752716
5.249197714560252 0 0.1978837888136604
0.3379873718059891 0 0.06544773654351654
4.971463609491101 0 0.3530653281039391
1.067936883160236 0 0.1780593538387243
4.415461068157216 0 0.7546928094100382
3.458645006510276 0 0.5860494649927928
1.10014350307517 0 0.269469206909833
2.639138856533084 0 0.746312877683367
0.603094635889998 0 0.1152768927477176
0.4007382078270769 0 0.1067460034816043
3.944423241995943 0 0.4388731820008896
0.6684456620003592 0 0.3588822879247401
4.21073443158496 0 0.5106589410124739
0.03129055679603931 0 0.187454281781986
5.388440809211371 0 0.5447544412291542
3.814585298636463 0 1.084469370388967
1.393924387543885 0 0.3879798883017362
5.632979020721056 0 0.5214018819292733
0.01601285235204442 0 0.03851218996415151
4.943181924122186 0 0.2185661755188992
1.698491202337956 0 0.7368469670517745
1.359016950417516 0 0.195366424619036
1.000921736639011 0 0.341850809500919
2.25298820094374 0 0.6384917361152453
1.60720882324984 0 0.06100283989746264
3.170365187455982 0 1.034776305567912
1.291862009557684 0 0.2417309744717887
4.800470235682101 0 0.502272227410331
3.323113498112598 0 0.2921664301886435
5.677311751292216 0 0.4911750877320462
1.769649253749132 0 0.06186466567448407
0.5474328372749682 0 0.2493038365031809
2.688893331398913 0 0.2899488682146935
1.221335059896205 0 0.1372241252040198
1.636283620711952 0 0.579649297207573
5.262180793656348 0 0.4498770483593821
4.879792015467105 0 0.9891964457027724
1.103552220577895 0 0.2000985512806439
2.106963535546904 0 0.0848161278882581
0.5463501008878922 0 0.2890396994631638
0.8269455852149474 0 0.1538938393032642
2.467262978109446 0 0.0507723414055527
2.7039336029279 0 0.7375411497124363
2.781469880772126 0 0.2328471082649688
4.642902277811523 0 0.2461960775507804
2.152971096909814 0 0.5651833539154661
3.708441156611507 0 1.16183292788444
5.682853891850058 0 0.09143828459259234
1.443603706399388 0 0.06025676875866243
2.567048194998534 0 0.4322060143350718
4.038421997222318 0 0.07477429426715748
3.181394861445713 0 0.7968177070233513
3.74792496077173 0 0.8053520646262043
0.6398372886614601 0 0.1758214421172411
1.693069763862409 0 0.1396993712820526
4.87572957344546 0 0.2036575508082083
1.285292805249392 0 0.1694488038369802
0.7143347976630476 0 0.2643476697482607
4.450949294166302 0 0.4774913051694845
0.7364785317972107 0 0.1824907612941831
2.680340005921237 0 0.8513210642359756
2.739108708924355 0 0.0272525264982349
4.961052112240787 0 0.9059328610085848
4.671979441815725 0 1.099392611021165
4.866342722507738 0 1.162144933153072
5.189098041626956 0 0.6442759783928826
2.918769819176178 0 0.338940479616239
1.713362861453836 0 0.06310753708804512
1.911387523425999 0 0.6811875878776382
0.8218412397841282 0 0.4137884542665085
0.7542615003780084 0 0.2481248909860755
2.550170827222784 0 0.06047736511502733
4.521604919925208 0 0.8282306167808562
3.744411125082644 0 0.3180302064095127
2.029157609601009 0 0.1186489726325059
1.644506039402296 0 0.7120303033233841
4.144101962357746 0 0.6997306991981977
3.992866115375942 0 0.8451526438888806
5.441649746918449 0 0.653176296375363
1.973428259504162 0 0.4543965857375286
0.6667660129377744 0 0.3125237633680178
2.928697818109751 0 0.5859422802846683
5.357942561266647 0 1.104179565747871
1.857811101954763 0 0.4982804050089295
4.406983948758297 0 0.5427478315623014
1.193708251436332 0 0.2882603905350863
2.932940216846204 0 0.2542156514905131
2.198444527194369 0 0.3946208333613656
4.072278822798838 0 1.097480966516935
3.278270486725694 0 0.111850223572561
2.284181829096444 0 0.1035971632233997
2.970004890099225 0 0.9424656417667312
1.636785016129376 0 0.531144521792507
0.769478733944954 0 0.1642323969112743
0.1633211674359134 0 0.05639327105844694
1.631679070220917 0 0.1212506233831359
0.1471367905310839 0 0.1570770076230272
3.500721080797716 0 0.176975122421436
5.107204250829411 0 0.1637695985656795
1.346398142321553 0 0.3897378150975079
3.446038860105341 0 0.1099321427233648
0.6068155538118321 0 0.07912013548994618
4.227512765410355 0 0.6122948170848574
4.051174859034048 0 0.7888900165855095
2.533790048281341 0 0.3337451098883846
0.6769030452834772 0 0.2443303270548486
0.6497370248743781 0 0.2765730089899094
1.091415888623455 0 0.4914023059059662
4.405282568938421 0 0.4654756436271948
1.430727155650563 0 0.4600261773508038
5.314038705882115 0 0.9096537855484987
5.393814115219281 0 0.6738487154718664
3.000972034172064 0 0.1271800919751263
2.143141182741617 0 0.5229575579284279
3.231030167646467 0 0.2848728125387552
4.885627914977824 0 0.6192863249095681
1.847151434787845 0 0.02201808271948463
5.632648809145233 0 0.03681564568700008
2.519662689674814 0 0.2428292461907709
4.490862554807066 0 0.5568615898264501
3.417846698623989 0 0.2330401365246211
1.908188190030576 0 0.06000378753662511
1.194971165104741 0 0.5171297843528765
5.592447032110327 0 0.1779662961582225
2.969773067251934 0 0.1620411283287633
1.717688994607703 0 0.4867801613182696
1.762534475505448 0 0.587420768854759
1.89060318172116 0 0.5050462549640965
4.155560230914698 0 0.5802195341043732
5.178485517213649 0 0.1638872993677427
1.855614845117379 0 0.5926672636043346
5.430671867287495 0 0.7887486631753414
1.552155254973348 0 0.3610419604975412
0.8841586732184474 0 0.1241902959227819
3.935064389314677 0 0.1088410885537105
3.685964301869971 0 0.3827459212991908
5.475022524999478 0 0.6948873501278189
0.1760426590007746 0 0.1292643681980912
0.04226189946914172 0 0.08760848351331418
1.696143634068664 0 0.5308644603522062
0.936598920654363 0 0.1863297526607722
3.307865420999765 0 0.7541901152330734
4.808381568229893 0 0.8085846773108831
3.738168938682946 0 1.003674186046649
3.528226459663732 0 0.03272361303847021
2.6092629723617 0 0.3905448324634219
1.738615083986303 0 0.02347247443139949
0.2489747322567495 0 0.0768541405328817
4.725674456102954 0 0.7031115979327711
0.7588012945873666 0 0.3533614331814564
0.7122268347212612 0 0.1184952725177873
1.470517741470009 0 0.4237572723492809
0.540139951084786 0 0.1823471028643143
2.829029315789578 0 0.8669667068857522
2.057187183117777 0 0.3759241074865196
0.7106562378255696 0 0.2238222605696349
2.081129075214198 0 0.205194749329436
5.896934189997239 0 0.7714117259405373
5.961808185079735 0 0.3840731172923862
5.216468268516333 0 0.4537434399476525
0.9859474346958366 0 0.01784240332166359
1.8227074775996 0 0.3880631225724901
3.710574369958019 0 0.8848314208738977
5.181380571595867 0 0.7302463525632308
1.366393114577217 0 0.0843543592188099
1.996476199964567 0 0.4048865582761103
2.287160999796093 0 0.7314134562969112
0.5940406002395675 0 0.04318592253412518
0.7411530233149524 0 0.09787217002838738
1.442070535158193 0 0.1710005501606827
1.106513263973768 0 0.3209891761546437
0.4475912451778976 0 0.2611837693689088
0.05322274287177642 0 0.04219478742598221
3.930889562519536 0 0.03016022759908049
1.950364090432063 0 0.5046496767121218
4.466232624098126 0 0.8875216238446946
5.021783428413574 0 0.9508150594685385
0.5638313562899135 0 0.1541302983545756
4.243411307594932 0 1.017277309104463
1.996427945240009 0 0.3604674953308222
4.581626501489191 0 0.65731369544533
0.7390182788273516 0 0.3851910000862333
5.10755402828706 0 0.2012021157877314
2.451124544121231 0 0.3899620128384734
5.001650882460613 0 0.5325196513281254
0.878578798071056 0 0.3680233888993393
2.103453343309798 0 0.3375557213774772
4.628016610445538 0 0.4713630008097602
2.007157454966513 0 0.07474230471072557
3.881788555471485 0 0.3974260691893898
0.9049136506669417 0 0.07023434797725397
5.544168965954642 0 0.1098951857472486
5.95752585055113 0 0.5746633721104263
2.926517588730532 0 0.8034684951255331
3.278245908951424 0 0.490984366725108
1.848031717696014 0 0.5454898419552997
2.878637999190918 0 0.02314742712859114
4.223162278250963 0 0.6873674501000602
1.870485377962185 0 0.3922358320305152
3.511655368535739 0 1.094256100517599
1.282399315668429 0 0.4898349523058868
0.4278579591696108 0 0.04021601482500253
1.411589533216175 0 0.2203765266714582
1.446607237186967 0 0.1039655092177654
3.545943546174149 0 0.1413072207840817
2.738071770368368 0 0.9530011061528918
3.360400612508891 0 0.5648779267000537
0.9637311270641269 0 0.2623977396961059
2.460584015921104 0 0.2376313657456842
4.543679299677411 0 0.8987649965793725
2.889500981065107 0 0.9134898414473011
0.5377349548218096 0 0.3274683055302577
3.488998218489727 0 0.2325069526944215
2.42551979947218 0 0.6664556316953377
3.666882424716315 0 0.02645408717797582
0.3099182993450245 0 0.2264826962119805
0.5067932812758338 0 0.3100413368020775
5.717418353923434 0 0.560484858475071
3.741076339458354 0 0.4791549806408972
1.579750062046489 0 0.2577327091148485
4.373946759831684 0 1.089827981467249
4.356840121822263 0 0.206099432460425
3.49629062408928 0 0.366867699244586
0.423347386312976 0 0.1424425285069102
3.18287700414211 0 0.3602242891137359
3.53569560775553 0 0.5208844346326854
3.535514345300049 0 0.07195196509174207
0.9237057007028802 0 0.2620908785199125
1.996858372569768 0 0.2476194133696628
5.108334871942885 0 0.6374662445328796
5.215496948320652 0 0.09158757279405466
0.7193468771372782 0 0.4152375075784833
5.614011666773607 0 1.160124007963529
2.70860412756244 0 0.1612612254397148
1.166488281017664 0 0.1062226763026856
3.438849652957039 0 0.4522314556316315
1.202409462549946 0 0.5682346267930772
5.824331239464141 0 1.095046230117103
0.2479949697265034 0 0.0124393196351813
2.997171128003535 0 0.03204149537386686
5.825394870293035 0 0.9656577350347266
2.937936972307363 0 1.074291348173115
0.4685688721478627 0 0.1056365055604531
2.275976322853378 0 0.8728934988681771
1.229255950429435 0 0.5298416079432717
2.059660006907001 0 0.4803412557106571
5.125649368095479 0 0.5604007602816609
3.898979834890993 0 0.4339707571922988
2.659786037023051 0 0.4719066650871513
5.646969945192302 0 0.8891134893485197
4.929334286026437 0 0.03701378437393382
2.372317248720131 0 0.209589797858427
5.595103186182667 0 0.4576427142083749
2.169132235938918 0 0.500338043397144
1.299562048834391 0 0.4142908318178936
5.234184421043413 0 0.6752185362820107
4.644489641201613 0 0.7883246678709783
0.8996837684115722 0 0.4433113537049348
2.380233317470928 0 0.8363570239014446
5.174977157840384 0 1.165688920404224
4.587368500670172 0 0.8466509988912453
5.200620575698372 0 0.9757859282036965
2.075139760535883 0 0.05001359024038565
2.975064859607802 0 1.068818740794973
4.571491050350524 0 0.2659968838708925
3.612761955838842 0 1.037657098888368
5.685210204509925 0 1.160183257808646
2.027712330985006 0 0.1479469339354195
4.38771370339534 0 0.1389153527560802
2.102260047254374 0 0.18220619301057
0.4676414709691241 0 0.07324605202556278
4.06647878376022 0 0.8291819597980057
5.004222844640548 0 0.5745408187576275
4.880988323142329 0 0.1329202665953542
1.238358541213247 0 0.1968179370837694
4.834482907843305 0 1.01531871027681
2.991244241492967 0 0.06655296287272477
1.847887275031121 0 0.216043311672139
5.109224712254664 0 0.437895583175167
5.840161735855345 0 0.276020045407283
0.6967999682306809 0 0.1375081843386167
1.646995740703284 0 0.2097337691462782
4.951627396279578 0 0.9749155197158714
1.356158974673386 0 0.01950190741565644
4.255172940528566 0 1.064246962569028
4.081213339352896 0 0.06822935284763015
3.712213482816707 0 0.08186906670133492
5.357097189609432 0 0.4684088763943171
2.074145231597359 0 0.853313849779165
1.588404713308376 0 0.6979669884802885
4.983672208072121 0 0.4527629376958822
4.848793453428387 0 1.066116101863506
2.86097028376333 0 0.8489498788802257
0.957832806780321 0 0.08360751785430093
4.178165464061361 0 1.164039815149544
3.791246431906945 0 0.1106363597012978
0.3501971716908492 0 0.1135464297072589
3.421267074840689 0 0.1277826211859669
2.574550556400256 0 1.022118742527057
0.1114953185641374 0 0.06870694059581273
1.420407676145409 0 0.3073310123834412
3.591142263950073 0 0.2454975650496521
4.310368183895403 0 0.2803518324660295
0.7004353824774241 0 0.1872955293886596
2.987624113120812 0 1.002935534510393
2.316048711439095 0 0.8775719043800156
5.551989894833381 0 1.093562007118146
1.768637617786878 0 0.4810363452400277
2.706319611666631 0 0.1062745877291926
1.132128104945601 0 0.1384972004545955
2.677512011281023 0 0.3551111629270802
1.835537957495053 0 0.6392641010265834
1.04419190490202 0 0.1220079931146345
1.39930301398805 0 0.05372797680017133
3.2025224228811 0 0.3027329717078531
5.550434663785248 0 0.4361893031211783
3.28897367999307 0 0.5732767791844927
4.109260021151457 0 0.5973832887417141
4.073527571587062 0 0.9046689006856874
3.942930879071945 0 0.7850795348815165
4.775689712331908 0 1.166278914790581
1.689793827005054 0 0.324097721745244
5.079866481847443 0 0.5565129348020067
4.575726890020755 0 0.2252869158471843
4.085347995127835 0 0.5534838163300552
5.005385287356317 0 0.7162086337245115
3.809769824611117 0 0.3389633592343241
3.635702505787531 0 0.2775383875274408
1.31504380531913 0 0.2030444888060639
4.004836203226697 0 0.7318282586041174
0.5844428843600995 0 0.1872507265986778
2.414556298713743 0 0.1266945291474029
1.417395187382772 0 0.3487004505949494
0.3496760903736504 0 0.01732819317828832
2.752752172304996 0 0.4514867935202267
2.852736808864113 0 0.4493665323333478
4.091764388189745 0 0.3810224356787848
3.786156687786634 0 1.157315966407562
3.118033874969444 0 0.6006888934822124
0.2805593527811032 0 0.1758364686326722
2.601735099878693 0 0.4917833104706249
1.107958955790879 0 0.3606231172833762
5.906966632651038 0 0.6314699723498216
0.6436930540746828 0 0.388148738178391
1.911304253945351 0 0.7594717092163857
1.983172925997838 0 0.1401405791522098
3.004484538752943 0 0.6082017971064844
1.810780638536577 0 0.4548683031017775
0.01608038093599129 0 0.132173674204196
1.722141148638622 0 0.5774775097077868
3.017875402640267 0 0.1853401620252282
2.615899175976383 0 0.5894116653390941
1.259191643835905 0 0.1421920641575745
3.693693193005744 0 0.5412275960085901
2.378102556463455 0 0.1777009310940212
1.057652460203588 0 0.3301544282375093
3.173678473064813 0 0.1326849281310314
1.679504011854034 0 0.243407037403726
3.182624885712426 0 0.250609134554134
0.6544661700448944 0 0.01572297669800471
0.4341331002018514 0 0.1222782955442956
2.366903500723235 0 0.3689328010399818
0.9798746545146204 0 0.1161429923732204
2.886093674076686 0 0.2108955760022503
5.20995649569206 0 1.098557457140346
2.609206553767446 0 0.3546318214905425
1.107018798252396 0 0.4683159996045098
0.8399962975804764 0 0.3794243862690712
5.42285102658101 0 0.3126735896706312
4.266912060259052 0 0.1312843226131599
2.931429243032481 0 0.1018054893447056
4.496321326583898 0 0.2592723897563141
0.4573275223475415 0 0.08930455139487853
4.812753048772466 0 0.7289962162374708
0.6215279440010573 0 0.09883059357561974
3.265118608654292 0 0.1683154989465503
0.6051092088550254 0 0.157093605242453
3.220213424727169 0 0.5892902118359079
4.296069577260052 0 0.8171741893328826
0.04938568145728528 0 0.07340554623254819
2.297595553196126 0 0.02366040066084851
2.39934802696633 0 0.2572565314459882
1.510570913480637 0 0.1802408650394843
3.207171342125454 0 0.1853644896830551
3.163196902791424 0 0.4204214945741264
5.35513218071751 0 0.1769807884528622
2.338926799048286 0 0.2077981289602339
1.484003724099181 0 0.3425461186380448
2.693107383467544 0 0.9114005100114098
5.260929392256373 0 0.830511681850872
0.3125949477385364 0 0.1732457460436789
3.914172002253026 0 0.9630426475295968
1.508263253546732 0 0.5983034694183931
3.450045614634976 0 0.5154369852170365
4.614177237779558 0 0.211466009746463
0.7685022658630269 0 0.01623442724101537
4.919230190854536 0 0.08043148479580725
4.188906060586251 0 1.019495935943715
5.189658099336434 0 0.4063221151715198
4.113327216461632 0 0.6412014344538954
1.966574360419116 0 0.6843796517999154
3.39386984824504 0 1.026173410022746
4.516794917703578 0 0.7485100965334419
1.065458573465023 0 0.2573935637097927
0.6876719290705458 0 0.2960989512893071
3.071246180755295 0 0.4642120721419021
0.874912492307137 0 0.1927564767948122
1.165092731698802 0 0.3568043133020977
3.875975024294191 0 0.9805945880569409
3.213048723826258 0 1.163299214612864
5.710726669973497 0 1.041161800275015
0.5267861118827928 0 0.1936100825453836
0.193937779323754 0 0.1021099708541964
2.543729856123739 0 0.5954075703683603
0.5064163831821582 0 0.3451302163404685
5.478880028296537 0 0.08123868741742463
3.188700943618246 0 0.02483401302663324
5.637689394205012 0 0.1024793725522647
1.201541700057224 0 0.184202840507588
2.249719883744942 0 0.404310531163668
2.239486782618274 0 0.3086888289089317
0.3342898659099585 0 0.1946158449123482
0.3088263806073059 0 0.01375472185427667
0.8878792306005168 0 0.08037457552728494
1.395301270492089 0 0.4176939994850094
0.466490623819543 0 0.233420454252197
1.117353744734493 0 0.2218150797300737
3.251532404262454 0 0.5152990701832679
3.117233299171732 0 0.02502410825791951
0.8982937348401738 0 0.3399646870159226
4.088183747486764 0 0.2884209504917323
0.9706678399329647 0 0.1539748141977789
4.904004174267325 0 0.6690789398932165
2.035478350618341 0 0.04894579118351006
4.367408663649436 0 1.159945289617047
4.661424976611448 0 0.831114292576274
1.773961692308798 0 0.2228776207380444
4.184403341689052 0 0.8286141080598091
2.200482445392738 0 0.5321137179353583
2.755134639199802 0 0.08057982888887932
2.255812526223314 0 0.5271833888354636
3.181400432813829 0 0.580707306832276
5.506303796028967 0 0.8756581417047138
3.739315132273012 0 0.02883828317565357
3.498606189472631 0 0.8158063227778685
0.9773182725607796 0 0.2271662754490422
2.814230548918915 0 0.0956725509433754
1.512963328277075 0 0.02009520911841045
5.309576666555017 0 0.03410773646425108
2.671123664567266 0 0.1279069858053427
3.023392300209301 0 0.6637169478803315
2.722904875953589 0 0.1935136039920611
3.229426583100394 0 0.4490434551989106
2.397421581793015 0 0.6385614564937963
1.104630864688391 0 0.2434508756004372
0.7972429010179862 0 0.4040403719242119
3.835199594168466 0 0.3558150330445084
5.959923334148909 0 1.159923334148911
1.791508325312798 0 0.6872394083678125
1.317485636658493 0 0.2743726714184052
2.563415500305991 0 0.1165141971342306
4.549715350386942 0 0.028592879478955
0.9495961741726058 0 0.01942797578527472
1.933107178165498 0 0.1334709829620527
2.387915998401519 0 0.9034407611536355
0.8632539024982853 0 0.2103868148858274
0.799434298232033 0 0.1859401340378936
1.968901542315303 0 0.3260040044797742
3.580011783250661 0 0.825286080438233
3.112757356013775 0 0.910685204370717
4.338806281650478 0 0.8749071121777431
3.335631923431495 0 0.4867194384770738
3.369250822327668 0 0.8999226110729717
1.193366829460232 0 0.1071939848202557
2.003386183231679 0 0.5850336877132898
0.3195203938859454 0 0.0619724541260499
2.433395053113738 0 0.5319557211798842
4.262907072808918 0 0.03213853686404639
5.101460753216331 0 0.32242347173164
1.720624032392211 0 0.2946496518432608
1.802479654776671 0 0.1017259488228935
5.073496608788376 0 0.1470280555708546
2.633207722008678 0 1.041120852727672
0.5251618053136999 0 0.0440337211591128
1.434374989715995 0 0.5071074884466529
5.730153658806556 0 0.2602679776364155
3.132372182313006 0 0.39801087084838
4.665309429092877 0 0.9072166971607856
0.2381700370593345 0 0.04611077995456714
0.5690564894119103 0 0.3016034052526203
5.037897307818338 0 0.4901151089620134
0.1418538400645355 0 0.1853751538238382
3.250526660151384 0 0.3926946899062675
4.594410372463299 0 0.738303357609388
0.2043381628098109 0 0.2459296006257281
1.773238904196135 0 0.1886037913986534
1.69386429487899 0 0.172410744736222
4.706797834303638 0 0.6034572493003554
1.734213485056217 0 0.0959071191070836
3.995775900513039 0 0.1527706004560718
4.782057712664541 0 1.018661465067129
5.902539576474597 0 0.4395693232957351
3.260987222356327 0 0.2022544500017403
3.935547370044974 0 1.085017535786705
1.021448328697347 0 0.3066820268603567
2.580117814859898 0 0.02113530463583452
1.641846401628799 0 0.2756054515250592
0.9142087599077486 0 0.3738864960912307
1.088719620211613 0 0.1381118536358341
3.245251067078263 0 1.029511861664127
5.538207777451393 0 0.5001336137059907
3.391275324211005 0 0.2859485209508039
3.727196277701918 0 0.1405078101983516
4.234884540884019 0 0.3177520683783508
3.039915422171311 0 1.063994858362334
2.065406121006747 0 0.2995960398080419
0.763488553251312 0 0.3078880942871907
2.45333989483852 0 0.15648624905095
2.456877144987398 0 0.6480926891642941
1.037723414346722 0 0.0519176914824348
5.960385701359113 0 0.3097372241839034
5.07705714871565 0 0.03050539664518576
5.434849565670467 0 1.112919400550405
5.909156386961607 0 0.3138935263456153
5.91311576251122 0 0.8863536623516584
3.969977199020916 0 1.028988361841722
5.656189346179288 0 0.165260603751429
3.538787149060874 0 1.00902921974875
0.5359950711942782 0 0.2267290264072512
2.856505044974559 0 0.6926794663632115
2.863128500828463 0 0.1849537839669847
0.8695785474544313 0 0.4366745827681064
1.200192679481478 0 0.04483267614520248
3.911249933343725 0 0.6805201018208945
1.219857693700607 0 0.4427502277195093
0.4853013214334485 0 0.165228375249994
5.624837176297608 0 0.2413125347560383
1.304495055737706 0 0.3300581715785917
1.563476318512759 0 0.5889235245053694
4.799941944762169 0 0.8529505804464697
2.731302962795066 0 0.2411953771301913
4.103988084316184 0 0.7139024883109581
1.255707856232763 0 0.07701591815371511
2.715836243542225 0 0.6076907190313349
5.683723298697831 0 1.109041582082037
2.895152199671083 0 0.1138984030717985
0.461856181139054 0 0.1399174636377515
0.4094478297579607 0 0.3104694596314595
2.970466651286402 0 0.4378137731938763
2.911649893882942 0 0.970442771639723
0.410982739607507 0 0.07395370860110823
3.52150668848821 0 0.3364991211847873
2.198449222149581 0 0.1001675106043143
3.125804964044771 0 0.2292206773202013
1.288356852190464 0 0.01898558519996968
0.312489802449269 0 0.04458964519667108
3.51469003013033 0 0.5768032871806009
4.104780148864055 0 0.3492030105318041
1.671252934391572 0 0.2935108564359315
3.360074791378922 0 0.1178490428118885
0.3131179586352175 0 0.1553135882176683
5.371896235912811 0 0.2409967266756461
2.13680466683404 0 0.1978136963184412
1.510778587758511 0 0.4368173821397472
1.324794135876191 0 0.499914350036362
2.083588080353736 0 0.7977473558747138
5.153878794111057 0 1.095703965056679
0.810395398315773 0 0.04523071626399428
1.512384222049054 0 0.5105326288931233
3.623264877189109 0 0.5252746005587536
0.8605475133071239 0 0.2765119446498136
2.73294533491552 0 0.06256618885515991
0.9252262560259332 0 0.09854558818211068
3.637176320476661 0 0.590405397207362
1.131657526360819 0 0.4706875725844272
3.625038014809458 0 0.02696418674596363
2.059150872094571 0 0.3296326981139277
5.158407109355368 0 0.374762622892157
1.771492129896016 0 0.5604429790620098
4.793501508427076 0 0.5485612146465101
1.004231892734296 0 0.2735774417357113
1.399525846440419 0 0.499691427690194
0.5052747217683526 0 0.1712006643563425
2.915126814818773 0 0.1962567132646514
2.416619945245415 0 0.3524573050805533
2.570774090263746 0 0.5418684593085406
4.997050253220998 0 0.8239946752214715
4.217200414619295 0 0.4023742868472909
1.598264653200636 0 0.3038889980262802
2.063639924998162 0 0.4283649703983813
3.004660913906296 0 0.7326370022282869
4.001447586794209 0 0.5664116183024728
3.548551154011884 0 0.4051057869303812
1.712919174848388 0 0.4063386217655968
0.2938913610599898 0 0.04567726499438779
1.988957455919723 0 0.05747280694093221
4.016047439934739 0 0.528881811134767
1.528205252118357 0 0.278459501245608
5.099257406700188 0 0.0897037938885345
3.973535646781937 0 0.3256162656262062
0.3070440037255064 0 0.2772374637568706
2.275249987431875 0 0.2094577883585592
3.099937962541812 0 0.9824763030751984
0.5684964224025966 0 0.232062659265215
1.327324624282676 0 0.4557479010877684
1.631217115073423 0 0.09532774731638022
5.10884625606267 0 0.8079332979351714
2.05250020633978 0 0.6695588774244019
2.865940661047987 0 0.07722154745887494
5.481926842457105 0 0.2455918098011231
3.044589071638891 0 0.3520989411438598
3.805543762431316 0 0.476807066834383
2.027409402280951 0 0.209537559607972
0.7388534929667139 0 0.1433373130346058
3.228333726764165 0 0.2109757039110532
1.82625213109871 0 0.3568728035347655
2.556240330127512 0 0.3553777874774841
1.84539665175789 0 0.3138556100346692
4.506862267110228 0 0.6839904243728618
4.159413695341467 0 0.9778262795537287
1.963873729908491 0 0.7165952862303695
3.384543126672091 0 0.3370564747690282
4.122780533008165 0 0.2791480618825469
1.645257263424455 0 0.1610671087007325
4.558621925418685 0 1.026516420210297
0.6516789853185809 0 0.04619396203796206
5.227428471617636 0 0.3741137285837006
4.031893151396591 0 0.2155721704058174
4.25906521051227 0 0.7981151661716901
3.088342662748665 0 0.02052426031460958
5.688117453568053 0 0.4157945583756575
4.124140080814123 0 0.7785523120947191
3.549253576934948 0 0.1990883813974075
3.373683430657177 0 1.100095958448894
1.130162717292165 0 0.1568627829951948
3.038134569947323 0 0.2464848638155091
1.374572273409204 0 0.4605989751586179
1.953348606578855 0 0.2134566716683726
3.589420458966249 0 0.6767332038578536
2.042789298129053 0 0.7998487525517395
1.482606637177001 0 0.1819564290074748
2.804955830013157 0 0.1520025809007667
5.486418716507599 0 1.044826617491096
3.296565489060709 0 0.9864379539271186
0.09742150225103297 0 0.1617748590758205
2.143962215992164 0 0.3059972230294613
0.8409501271416127 0 0.1780945677560888
4.161255890920558 0 0.8973884458705766
0.9715731326364043 0 0.4586137705770179
2.966653132905903 0 0.7115522548116788
3.881442192370732 0 0.1262148263571032
1.276281044425797 0 0.5979311958656544
1.59538807454855 0 0.3279255206311676
3.037628899366568 0 0.4172400157796979
5.961801455827571 0 0.03826253118734396
4.168910761150643 0 0.7646644646573678
0.2779118194176631 0 0.08360401601567141
0.8632060480851376 0 0.1741130259126157
1.100650136147482 0 0.06263304808108872
1.524793935440963 0 0.3048074519017169
4.522726423300956 0 1.166060024862384
3.40851188591235 0 0.02565747884567776
1.63697411049962 0 0.05361101240266353
2.497967514215516 0 0.05171257423330944
1.692185793164234 0 0.2184417553520759
2.980160571434069 0 0.2639992904571393
4.164510732836101 0 0.07964440144456836
2.219649850158977 0 0.4158238363776047
4.50587219990093 0 0.9158185954472839
5.582965794919478 0 0.5027274929188138
1.890865372085978 0 0.6329923257918236
1.444194574065283 0 0.2718599542432976
5.813804556284786 0 0.09991903652426765
1.725020462831403 0 0.5470605244832003
4.673794864885641 0 0.5558567001498738
1.564524422619957 0 0.6522781548808958
3.85987459772094 0 0.8119931689247508
2.31286082865458 0 0.4535228548691004
3.836258311542376 0 1.162615767243026
2.55161938143547 0 0.2497003942755622
4.541992147674345 0 0.787976041532028
5.845792798261947 0 0.1970688981809564
1.17814728820433 0 0.01584241852395579
1.241418599541204 0 0.1756341024144889
2.145489264094532 0 0.02035344159977764
0.2925046348213529 0 0.2247365791382779
5.523476746632945 0 1.165126672159036
3.308699315650228 0 0.1160046658966168
2.610938176055419 0 0.9710045937629113
2.261503271480284 0 0.1881506306955705
3.085058388625703 0 0.680658859341829
3.799368468374253 0 0.4036815873265808
1.738799808742852 0 0.1554145710040282
2.95642247415078 0 0.348570119342129
5.469867082855384 0 0.4865322195290137
1.340491556946847 0 0.2394185300135496
1.544248534828731 0 0.4370254571588888
1.995813401980212 0 0.4792051278390768
1.080015682762143 0 0.1023683804723208
5.968854931887721 0 0.4749999999999989
3.16778433041913 0 0.6913951813987074
5.096553559883892 0 1.046063951302397
5.317978673937802 0 0.1730812746294104
2.365570477323466 0 0.2610885583496207
2.453138755870425 0 0.4212188267322083
2.285342381890619 0 0.5214271323888002
0.9024110843186648 0 0.4063779588120392
2.545913956005404 0 0.3033045867713958
2.428690221145321 0 0.0781402664075016
2.797842993311176 0 0.6928117926421157
1.545738500685545 0 0.2112324114782561
4.284708797630161 0 0.3141947137463172
2.619476808220165 0 0.8042215306879987
2.323180243021066 0 0.3498671340900539
1.527440857753007 0 0.3488681485765408
0.7556000097687354 0 0.04299538389909652
5.912755424959918 0 0.5608194617104456
1.565759225904386 0 0.2823772938136285
1.475818112600561 0 0.2046004431705521
3.47334245099963 0 0.1619302319178899
1.176362308894035 0 0.4797163773015096
4.751369465399467 0 0.9754037882456459
1.18826533503995 0 0.3677393231264688
4.063629992624273 0 0.3964495526360955
3.729084985435675 0 0.254600014493668
1.742163917742352 0 0.04962510203790271
0.06759096738664283 0 0.0134751859398845
0.5903586323296017 0 0.2878469512555824
0.8480145491594588 0 0.1391589071803599
1.958670303103227 0 0.1463285401803331
3.499328217823469 0 0.6385199518136264
2.236566321801885 0 0.2329633359002678
4.759938351983289 0 0.7659965317167103
4.518443594416469 0 1.043836294642233
0.5060240764540129 0 0.2516092129124716
3.85264180042223 0 0.5279469392250942
3.697970352146524 0 0.2741511582253537
1.511565343753871 0 0.4664330886872822
3.542024846886943 0 0.2311745739714547
4.358512041286573 0 0.5884840580134474
4.735078242012885 0 0.4178590942069305
5.726751687750614 0 0.4787970984762172
2.736046832679807 0 0.6680814942736728
3.797550096017196 0 0.2735855968156014
1.03644026329701 0 0.3638463553286818
3.599297451116804 0 0.1560990582996756
5.143581462484059 0 0.2645345446648673
2.583715337008027 0 0.3394765247886156
2.166001090802191 0 0.4248786403088516
1.063706512845316 0 0.5270570869305684
2.201952328757902 0 0.6779377747632023
0.8113165508174625 0 0.3157616352488063
0.9565681647972126 0 0.4940481474827974
4.332276319979704 0 0.744244404579034
2.959849735104705 0 0.7789594522702894
0.1847345393589119 0 0.01277647128860399
1.011076067849713 0 0.5118262447501637
3.820709716233833 0 0.682813585861836
0.5655352004516221 0 0.1157303780697058
1.028717816917062 0 0.2718471021590795
2.330579174281651 0 0.02402772512845514
0.2808654469805525 0 0.2394828192548258
2.582828876515577 0 0.4047987518019219
5.962818977437231 0 0.1866094857399913
0.5201846070109974 0 0.07918223542915709
0.2639037585847626 0 0.2341288939846085
4.474588113457801 0 0.9876211293289936
1.557348821455146 0 0.1728946639131878
5.728613013147809 0 1.164425952857222
2.943512950474883 0 0.153301474387591
0.2628781356862175 0 0.03663371298127083
3.426324070012688 0 0.5649612274494398
2.025067668726639 0 0.2409533339491691
4.03151312527686 0 0.2813492083648835
3.235654571357477 0 0.6207775742433714
4.154521066033483 0 1.107603680982375
0.5095721903021997 0 0.09482938971860805
1.919374148005178 0 0.3464020726544687
1.057089430312422 0 0.2918002743199994
2.072667772167764 0 0.1569214021858876
5.065997992925422 0 1.011476148620088
1.817399082278166 0 0.2271819217161519
1.864203978646733 0 0.2983552076837402
5.381180602759298 0 0.1170259318535876
5.102742560974706 0 0.969566736846261
2.077791971687414 0 0.4576267934851667
2.34884242216462 0 0.1644080147910002
1.328748994510858 0 0.01595814579316535
4.221743312024648 0 0.2769705185894881
3.404350108216499 0 0.9639094906779475
3.157516332011657 0 1.109206904364333
2.257516267238846 0 0.4602695072930263
1.373999375746975 0 0.1241294732273664
3.04828949266961 0 1.026525453446459
2.798437696397252 0 0.8078030036642529
2.719250973367587 0 0.3005123793533069
5.210023811846364 0 0.221419727045462
4.15572095772171 0 0.29758404172849
1.472192634723648 0 0.09504353648942654
0.9364254395007245 0 0.4088817589219655
2.114447745614383 0 0.4992893438745636
5.481663537563998 0 0.4459915135664035
3.380337679842972 0 0.438890343838215
4.355426880497806 0 0.9404489939493307
4.755613139033605 0 1.104295636966695
4.830671452020622 0 0.5644012846364614
1.470176024482956 0 0.06929162950264711
1.860288144459058 0 0.05414766378522773
0.307851349194189 0 0.07557337508178547
2.546755726878065 0 0.9628802080304228
5.969861583689027 0 0.9252270258511356
0.2651146671788669 0 0.2663366987436367
0.9476178493731 0 0.1001473748369677
1.920975616501453 0 0.1754167532568202
2.984826561709927 0 0.4081597926278676
5.410295252896793 0 0.7232867145366449
5.503823505400636 0 1.092354958070723
3.762677543797708 0 0.2911401891247216
1.611265182076044 0 0.3980053474937504
1.486425553236823 0 0.2987808799052989
1.848113104603797 0 0.3421635272677745
5.288490527313109 0 0.210220560582096
4.969892376805732 0 0.5229656617429936
3.346243645213999 0 1.04049227102884
0.4353151642105799 0 0.2936281246298718
5.292891834416494 0 0.09315259268857029
4.985086041671273 0 0.07418330248790972
2.14799276983944 0 0.149741760548941
2.752200650516185 0 0.6075130229817114
1.499079988882113 0 0.5541435126411072
1.585550968083897 0 0.4174732999332058
4.396511724739147 0 0.03338449158045059
0.8891668793879193 0 0.2459233263246176
0.3688167132948093 0 0.04025328039068676
0.8729548491069385 0 0.3110752579545268
0.4864583251364381 0 0.07469847137202873
3.390129635876661 0 0.1875781765932104
1.982848072880393 0 0.7771442666214271
3.619628052738605 0 1.167257496506875
1.271078767834748 0 0.2646859552076022
3.92478703132453 0 1.162819348726387
2.712298539031481 0 1.073953291548911
5.962506646866448 0 1.013711455885467
2.587210258748808 0 0.183001746529165
1.589662315685245 0 0.111640691290906
5.063396281204454 0 0.3770209211772828
1.435084969144549 0 0.3889833630922306
2.768965911654161 0 0.02411631067787895
4.100656404293167 0 0.2177320451460024
0.9740356473914069 0 0.4160086388083048
3.793782415796406 0 1.048830589747789
5.519659987346034 0 0.3783470869928034
1.908249989962956 0 0.4277150948009038
1.950409667173992 0 0.3907178512327014
4.95423443144897 0 0.590048075570108
4.609239074187111 0 0.3130054966451256
3.929719392306078 0 0.4988017216430375
2.285057988537053 0 0.6264221785295525
1.728766079302275 0 0.2475239871713041
3.827511915094422 0 0.4227650267232528
3.994595980518215 0 0.9185211750495452
0.3420858511214711 0 0.0347790656990527
5.813139394572165 0 1.167902548270166
5.827099128240501 0 0.02954628284257216
0.383306034681457 0 0.2421931741649974
3.292059857829968 0 0.7870237401585056
5.157842419866143 0 0.4839777301930012
0.3694470627062461 0 0.1460039699514739
4.428624500315459 0 0.9578547648574935
2.816022518768392 0 0.02394174509592034
0.1265389704085571 0 0.01193384700568484
5.040656577479363 0 0.2014121099656973
1.641166607877269 0 0.3241568816771715
2.044551326058765 0 0.8475463356030379
4.327844373968961 0 0.1527239669590441
4.34889822167202 0 1.121964673888262
0.5597295688544905 0 0.3600880834732408
4.307419247780668 0 0.344204340063477
0.2124482236436886 0 0.2151585623922425
4.837688553909308 0 0.37248733052908
4.290238165234545 0 0.4146750765822593
5.364047147280511 0 0.7582585502392858
3.340173595969149 0 0.453493853658011
5.765069490719633 0 0.9928792018463892
1.652447068742157 0 0.01743641714003491
5.731921337960939 0 0.03816997799268723
5.809470966855503 0 0.2312921753872146
1.073209428311241 0 0.340902024084905
5.728496907820691 0 0.9128345726327229
3.965270142512935 0 0.282774711646928
3.574145069163722 0 0.4220265106560363
5.392304673991884 0 0.7942775379032407
2.07277860709201 0 0.1238791777739662
5.324869682802038 0 1.169190839956175
0.6934062509289318 0 0.05680773221251972
4.321512281365832 0 1.045347181321243
2.266540561945591 0 0.01820725720522831
0.957709449922286 0 0.2836764766638853
1.707744774551359 0 0.6883522787666986
0.4205102972629793 0 0.2380804804325835
1.911302081803799 0 0.1469392798718608
0.01358625035506922 0 0.08648808160191912
0.5694844653281232 0 0.01583454266860052
1.322168420540935 0 0.08488264820987534
3.56898605173859 0 0.2942705747951883
3.47260744690067 0 0.1305750209350677
0.7416628290150489 0 0.0694760305880589
0.6802544955145082 0 0.1071778102920805
3.826561800582717 0 0.1056157240771327
3.930777485445737 0 0.7357934519787582
0.7994240805282784 0 0.08341737973313329
5.060095089197764 0 0.4376659683888283
4.469159240094554 0 0.3308844331776871
4.514509926240773 0 0.1588718814931431
4.107503228743564 0 1.016157004515488
2.177765242280781 0 0.6968187337969995
0.4892172739413141 0 0.04111411662581183
3.09211078951749 0 0.2572163843164054
5.114137853164509 0 0.6749662236891651
3.331555836898578 0 0.3562636621679525
2.358187849931397 0 0.6829438342427122
4.342072326777226 0 0.6910881349331257
5.66038031323251 0 0.6473730573185557
2.185941210548602 0 0.8445952970816193
0.01276226202290198 0 0.1649490889084438
1.841435782537873 0 0.1023434632344453
2.778257408640824 0 0.958226539997846
3.433928774690618 0 1.164927533332886
0.3305544528296287 0 0.147767401895379
1.029401117828577 0 0.01458768229036339
1.611815923757444 0 0.5893311653667562
4.074066661264781 0 0.9513015644727187
5.608134720779825 0 0.770415805386679
3.700849182063478 0 0.5851062511559679
3.222661164663041 0 0.9795686386352962
2.51779800499494 0 0.9115195210804745
1.641866400607873 0 0.5040315722177366
3.042816417441905 0 0.8487937965991843
2.991058952698978 0 0.2357504831874695
2.666622623679387 0 0.3870060958854965
2.84929693091559 0 0.9350266382706253
1.982103973182382 0 0.2272956863384697
0.6429729507568869 0 0.1545013763185558
4.37748456975677 0 0.655293766995229
3.154669104420683 0 0.0637887228952923
1.354238931245207 0 0.1726964977100686
2.85475932316668 0 0.725645846357159
0.0123095545882439 0 0.1035368206161617
3.424405323302374 0 0.3960126529586322
2.153206986922279 0 0.1036960916814751
3.531985320372343 0 0.2802794711901807
3.916410887484485 0 0.3068751630671437
0.390097772993669 0 0.280159337597168
4.395745514121897 0 0.07155004213794131
0.9327446541450075 0 0.01420737155544977
1.150661879215425 0 0.4387841892987367
3.610959095466529 0 0.3850976127918456
3.478383521890248 0 0.06012577280964637
4.980756937821504 0 0.6616180638937592
1.287391466684059 0 0.3663068023990755
1.768819435548674 0 0.1208393982500555
3.437571165198372 0 0.2999478552628562
3.112880816880871 0 0.8450718283620035
5.560327069489919 0 0.8178375919823193
4.544802324767146 0 1.102462953619422
1.491794795318447 0 0.2734677974258707
4.061815364536747 0 0.2651775925417411
2.466765869325194 0 0.473974963411547
3.071531442102866 0 0.6285161657554427
1.611418829984159 0 0.1323254593324489
5.816169368214861 0 0.5611470201392421
5.37496640822018 0 1.038697956002376
2.601409367773118 0 0.8638131182284228
0.597965391171865 0 0.3774423299254288
0.1919723808275897 0 0.0547930728201505
4.858369647652617 0 0.4149077233444917
0.3809668680548799 0 0.1368076207488059
4.046641150170085 0 0.4644076292535355
2.772639629952121 0 0.3719820437379599
1.964216379941774 0 0.02103915544422369
2.093748353709368 0 0.2659926664579451
5.57720729637479 0 0.8881158467102391
5.968669718546955 0 1.126361719608401
5.924987598722914 0 1.169941658664596
4.936260817568916 0 1.115850593478914
4.365682460403278 0 0.2474728693438648
1.609798308956416 0 0.08800724900865581
1.526094054887868 0 0.04936680854575598
5.239642329910737 0 0.7122472400239269
0.1919019778284503 0 0.1951844820031222
1.212890547664354 0 0.2550066205257819
1.281618104964629 0 0.08717076586206357
5.217815823200369 0 0.5709683383447044
4.183789800448059 0 0.02861658125465921
1.858280762995847 0 0.1207151100738206
2.385113042888819 0 0.3177088522014409
0.786106063016391 0 0.3330560897477884
5.967600540397866 0 0.6708010542198765
0.3963238968859022 0 0.07934385939313748
3.358933452584414 0 0.2302056611013749
5.183420398939474 0 1.022217470695611
0.2855212393894249 0 0.2085458145818273
2.378325678667883 0 0.06010551896253397
0.5843063193841589 0 0.1447415809453512
5.914130152823894 0 1.093238035488075
4.944102152882126 0 0.6874232162821319
1.765347462479148 0 0.7611332959195889
2.00258988969196 0 0.1020588600469644
0.2323539735734386 0 0.1967496891672055
3.688188536107105 0 1.060028577522353
5.06933239964842 0 0.6278009993916966
5.843822770753638 0 0.8601052476407731
1.922277846444005 0 0.5193245474545742
0.9476234470515803 0 0.04316028022353785
3.636675025484943 0 0.4128661324307191
5.087159621838316 0 0.9218294285451798
5.773744598754227 0 0.9193814232032879
4.889176991561143 0 0.2503193004035845
1.103695850487663 0 0.5382732676392277
0.9973659113914763 0 0.05942847069808371
2.03595408978911 0 0.6315743726269054
3.240402991105876 0 0.8286479208233608
2.505539278391213 0 0.4216104470813771
4.861673065675644 0 0.2761370831653815
4.770135517971791 0 0.1147680835090286
5.788162974795755 0 0.9580866524196394
3.338809696836447 0 0.9742341720942786
0.7543496451040781 0 0.2764039400319952
5.967128015265944 0 0.0729256746298525
5.435606767873097 0 0.1462497055654603
4.588958876795445 0 0.9194824486867257
1.315526001287485 0 0.04843716970896567
5.563126702120305 0 0.9784915497703697
2.165848611507254 0 0.1294403737728355
5.735836622659941 0 0.6444925661606007
4.548850169717067 0 0.8587284408121388
1.790123959359523 0 0.2887372260499709
2.150235775157077 0 0.4692189593185253
3.12308648320539 0 1.168285808533454
4.384129243981034 0 0.2769795958496703
5.924840379450554 0 0.02943244837831754
1.789068372090358 0 0.4398152957161582
3.986257072103133 0 0.5033222764033514
4.007395493919973 0 0.417713097715737
3.269313392439699 0 0.6718179329499701
2.623518239723466 0 0.7143784396085036
1.818331593826266 0 0.5867933155000218
1.075033839753335 0 0.4456940999314908
3.27720811159644 0 0.4143196790666767
3.099975544971214 0 0.8745890103950857
2.587247729136095 0 0.06383107219636758
4.195045422795967 0 0.3388307146835646
4.247550374952448 0 0.5592584564014141
2.37794627943836 0 0.5303841245033503
4.415718116110829 0 0.1285775482218357
3.216548132263955 0 0.8511927745565748
3.145157338968849 0 0.5235318776781152
1.108068274229859 0 0.5121474439852647
4.374240615462214 0 0.5283267440818491
4.05933181236418 0 0.4909014017785754
2.933061049161028 0 0.3934032899271063
3.484991397342335 0 0.2591510768689263
2.63210647699192 0 0.2226978148880676
1.796515809788675 0 0.07502914760504625
5.681028592856679 0 0.6862087927315176
2.973938320157536 0 1.155838549373421
1.413874531286521 0 0.1365182162038555
5.137187317697902 0 0.8608921234908574
5.960637934097182 0 0.2689341926882413
3.233730078511202 0 0.6898765140869612
2.828332919414996 0 0.2261039215197304
3.334277933228527 0 1.165268647533934
1.792982078830389 0 0.1489053087667013
2.636853529502086 0 0.4422896527402689
1.380776701675551 0 0.6296584605489657
2.534568184996026 0 0.1108399280778328
1.217443942226811 0 0.3702575798425675
3.815829700789282 0 0.6153843578954492
2.315717556071988 0 0.8247207054443977
5.818672333947804 0 0.800203048316491
0.8110867507752078 0 0.2897660712560269
2.69140519062687 0 0.8181826137126158
3.814499900959344 0 1.018359579719213
0.5158569256899517 0 0.01540922831089597
4.66743689549598 0 0.9543655375632196
2.307858686004905 0 0.6467875755360446
4.691037785799606 0 0.03329662545305095
4.577114548845699 0 0.1573547021950774
0.778811275154851 0 0.2381159878411481
0.9999760735723568 0 0.2946079168352228
2.848637625846668 0 0.02949473952631004
1.435728303565754 0 0.4148666017628333
2.302816432891922 0 0.4016853850329704
1.263005863182009 0 0.5048290891766378
2.808359444789526 0 0.2404133571189398
2.902733412788704 0 0.0597044357810404
3.29660777067496 0 0.6150808882688084
4.700160986667683 0 1.015285883187407
1.664864747477567 0 0.05368572906846397
2.192084579689268 0 0.307890421467614
3.297158777421123 0 0.6934056412606258
5.787949699378179 0 0.3644749285271252
0.6154756708601083 0 0.01732549039837133
2.797152960379651 0 0.8482849795335383
3.543836012408418 0 0.4691396961240277
0.7540609506369211 0 0.393240461447357
2.555654118882811 0 0.8964107455326346
3.474297631893089 0 1.065591536151381
5.903423892578864 0 0.9424493277601084
2.478787961326697 0 0.3241828083524123
1.421899513728104 0 0.04908598626310723
2.593076631743417 0 0.9285389905203001
2.005480396923522 0 0.6447484393456355
4.902767733244463 0 0.3650232808045205
4.155500883873144 0 0.4844298699213284
0.2646343661020771 0 0.08684635969809712
4.469991149852772 0 0.2067850340996509
4.415703826102066 0 1.103001996593229
4.716846453581713 0 0.2399058177150113
3.935487202664355 0 1.039432199136653
1.410083370504705 0 0.01584908204409874
1.055968201542688 0 0.3721802605740854
0.7962653958799155 0 0.4433715155180917
1.269620157426303 0 0.04669113628729998
1.244407475605767 0 0.3711860259391435
4.704514551061049 0 0.2778607231456247
5.041261340827304 0 0.08175218390740452
3.312750044446127 0 1.108926295580579
1.607044700225027 0 0.6165805408312159
4.506119922912283 0 0.2244514678488191
4.975000000000003 0 1.17152578990455
0.1607585575271786 0 0.15521793866171
2.296445098913385 0 0.05269801610616526
1.400699048680725 0 0.4724467614468288
0.2904701305721566 0 0.1308097816942257
4.701618976830268 0 0.8927760166801002
4.080107148325663 0 0.1193721513013034
0.7906868553245348 0 0.2028120996697517
0.1062900401455185 0 0.2146820503028533
0.9757460496350303 0 0.2076018181641988
2.501473888601048 0 0.1376124613932345
0.4416727980986441 0 0.323238081519832
3.668734322799663 0 0.9130723035668498
3.689209521870168 0 0.9583267005865562
3.161030587494783 0 0.9963708426165454
5.075076459892133 0 0.2229240114695037
4.167783559810496 0 0.4495976316708295
3.366242328040658 0 0.6252066455663765
1.456172331811668 0 0.3780146309453091
4.667763485202586 0 0.2859047000635196
4.698199043928469 0 0.07357636260442574
5.176055613630208 0 0.1988313104536579
2.775785754498945 0 0.3215899359166517
0.0671417801136629 0 0.1668246385693421
1.128483023321087 0 0.5066334193185491
2.043305239424696 0 0.2867947128049925
2.483848634273788 0 0.09594817611957462
3.36908863560261 0 0.8597115341246667
2.958578939558111 0 0.06309993163838362
3.069731665373212 0 0.7439234659561302
2.090462857992498 0 0.7214596677099619
0.8821326581983349 0 0.4031567837471484
5.112260478591975 0 1.109819466070828
5.898756566673772 0 0.4853132299434169
3.783130906441995 0 0.6334030330769558
5.731718420984965 0 0.2164674314878357
5.785620820164215 0 0.4365316474295495
0.5994334732608322 0 0.3457543968661896
4.511797138266934 0 0.4976539280935177
0.3044658047917248 0 0.2562152318833998
1.796914618536592 0 0.6035654653345068
3.955048836069202 0 0.5210802267789231
4.204931593757918 0 0.4471919801970725
0.7956709448745682 0 0.2691056917868424
5.630183673577249 0 0.9826336983217026
5.070952641555062 0 0.746721354792343
5.597613004165185 0 1.004147039083024
4.044711767205921 0 0.1139338361732989
4.207080973882656 0 0.1260077722218476
1.545528440373995 0 0.5422330724981742
4.238684112201258 0 0.110128396286612
1.220816295221307 0 0.4123328274387873
1.358006517478415 0 0.2809096845073182
0.3331522599071435 0 0.2612714447263189
3.470498179975354 0 0.6665402874752143
3.762933454196498 0 0.4205134744347894
0.3317140925402708 0 0.1776378471335047
5.770242901464748 0 0.1993384109783155
5.280250941672818 0 0.5824348968830666
1.759738136869799 0 0.3205603260920574
5.115661886367872 0 0.7425506353906817
5.746932221575319 0 0.3677784428822047
2.334818505936027 0 0.122240097639334
1.72041025074872 0 0.7427746523185093
5.85264742730147 0 0.09866748870382169
3.110523501899682 0 0.1284998128746753
1.869217710501748 0 0.7958955164925154
5.691680020250553 0 0.2708600020156676
5.875442606983581 0 1.116204670561794
0.611080720387823 0 0.03624895320469645
3.583281490036829 0 1.116102364624044
0.233377144995897 0 0.0139255149974476
2.563427125598615 0 0.4875669114210033
2.88609186549433 0 0.2853809038843789
0.4694664089235845 0 0.03974471328750806
0.2068220101521741 0 0.0582802003640816
1.888418327419609 0 0.02140615939849605
0.2112185494929637 0 0.1678005255876172
0.9452310286058005 0 0.2530057625478294
1.043141077663041 0 0.1412260074764653
4.521948752708797 0 0.4604077634808931
0.05043441155740158 0 0.1361217177127135
4.466320395817975 0 0.1132050953035461
4.248342927929642 0 0.3745611326936227
5.075368619625439 0 1.169798643446426
3.764486186657781 0 0.1934394031866532
3.047930476291336 0 0.1895216567614059
2.903129264723698 0 0.5965247516595625
0.7294310111435043 0 0.2164428991000977
5.461527275244652 0 0.5290778118915846
3.900648824876292 0 0.1004256070853622
2.768434997560933 0 0.7556905131801748
4.555905477875204 0 0.4521476457444714
5.283038000633213 0 0.9932163286876294
2.420119223212945 0 0.8432904633100261
2.904893919011189 0 0.5376681005309677
5.623986985367849 0 0.943609131999243
3.878054367620614 0 0.7810133749657344
0.4853811805126895 0 0.2813373644213784
5.266711517707606 0 1.060049068861921
0.4414449327648695 0 0.0894138626281018
5.841934767597863 0 0.5966866241466
2.175563419127048 0 0.4033538720185338
3.182325939033959 0 0.7289796614365707
2.411516509923611 0 0.75322815166471
2.7333456251417 0 0.50154197006416
1.803668769727364 0 0.7715507585422761
3.221844664919951 0 0.4143755763916921
2.638205763962889 0 0.6862170182216625
2.584075245168768 0 0.7641359851136686
0.2791066921100498 0 0.1563120946495012
3.830405525186182 0 0.7455459219200827
3.47911387569115 0 0.402397225835072
3.584906600868893 0 0.8922468340080483
1.29967947179156 0 0.1335194750417366
0.2701519949927365 0 0.05858835252116801
4.233107113459851 0 0.1738008478366969
1.516560075382511 0 0.3934458815560818
0.3757461013528505 0 0.2092010042020861
4.127008038632789 0 0.02850655962320853
1.332169125899481 0 0.1369657129487357
5.730731605116783 0 0.7640436170560696
3.631591047678501 0 0.06873698365677616
2.863738018234051 0 0.8152706151428171
4.276633706497988 0 0.443330874454555
3.08854731547228 0 0.06939444279445334
3.119378308231664 0 0.7745359793325916
2.284460533995977 0 0.7710755731964682
0.2411747398851425 0 0.1828127949260503
1.002735494174584 0 0.484908432026159
0.5857016652959794 0 0.2461652771420456
5.299345968341559 0 0.6672468783811258
1.018843630945902 0 0.3994764331545029
2.423527442264367 0 0.3814150029702824
3.417913555852236 0 0.7665532706175442
0.4780613597524686 0 0.01199127121102356
4.227712535567592 0 0.4825197393784317
4.663003926775872 0 0.1681707531325938
5.563604809684211 0 0.07204829573368526
2.289358724906203 0 0.9358568667813227
3.039197182561286 0 1.163985768202236
5.547537906994137 0 0.8613504393501232
3.082759957100271 0 0.5126047356742228
3.483735113290181 0 0.9250975475201648
1.893894014387197 0 0.335317557820532
1.701383095428116 0 0.04276723964181295
4.185228816705657 0 0.2752059394460028
2.085046832000854 0 0.2911165843200774
2.671102509056058 0 0.203061091573412
1.839491675150447 0 0.2652440460778483
0.7570510333531546 0 0.1009028545783813
4.836678725092256 0 0.2177486183261118
1.961091717677115 0 0.6212872905902088
2.9724772820504 0 0.02387490781343882
5.493671429226966 0 0.9611098483121452
4.990293751488837 0 1.103731385227751
5.361208785206792 0 0.9107751630899856
0.9335958491039111 0 0.3752852034333805
1.732844190797702 0 0.4466749480297617
0.4724906940815767 0 0.2515986402560346
1.545237982601501 0 0.1343980485527904
1.573943177718373 0 0.3730245641458749
1.685185172225096 0 0.5769060139669401
5.42762207347361 0 0.9099724981711655
3.129973355079791 0 0.2949717846634091
1.336664482486402 0 0.1169659762195902
5.562068769285371 0 0.5790514269434541
1.862537384639352 0 0.4550576888974359
1.454985019641804 0 0.5885566411276467
0.2208979478438033 0 0.09524912220765674
5.137690846232323 0 0.7851645765364414
3.733326916864389 0 0.9148448281399172
3.066755663151776 0 0.159637967549761
4.6246929340704 0 0.1091556192585618
4.115435805478091 0 0.4821691304114956
3.775868171295736 0 1.114124434396119
1.876908883307561 0 0.08584379092893246
4.329557856883623 0 0.3703848630447244
4.375219941103522 0 0.4116344362251547
2.241704998964748 0 0.08394080553570665
2.30326024216287 0 0.5487503886428899
3.498477319441962 0 0.9553124466381346
0.8938063092039115 0 0.2295044281566159
0.5558513723274472 0 0.2162448681800924
3.649300955871992 0 0.4961820362617977
4.67772234272532 0 0.1346376274103041
0.1861700410076179 0 0.1476175572322319
3.823738985578337 0 0.5485177961711456
4.059375025886408 0 0.6681497387489943
0.6457114212859345 0 0.1229770413864654
3.042473665405071 0 0.7853080894642095
2.406044930478544 0 0.2247607913184792
0.6808806348679068 0 0.06787558970507479
2.184147996008357 0 0.6130295843851159
2.389340869784915 0 0.01776354683833031
2.358432519570355 0 0.9517222430505972
3.574544696053111 0 0.5740806012662623
2.031667428854933 0 0.07140242234120237
4.93442015802471 0 0.293348566529283
5.366768250910793 0 0.8684802552706636
1.408559541270545 0 0.2502280493410969
3.551052311120303 0 0.9177171438949121
3.906835836665641 0 1.116927823350712
3.515091332499988 0 0.7481222381509176
2.749897904101225 0 0.1124012793744184
0.3701989415250972 0 0.3034222555049224
4.70712154253088 0 0.7682933377272947
1.318799161767082 0 0.1045072901852755
2.178975849605558 0 0.08397770432841373
0.2430075116985106 0 0.2103747661340799
3.421698380784056 0 0.5300337237954292
1.571178559465562 0 0.1349990275747229
2.340271645587658 0 0.629535611757543
0.4902070134664118 0 0.09457438130432705
0.3988244758638864 0 0.1560235772151274
3.432537872895316 0 0.06574754397457599
1.782612956622645 0 0.3664690243376044
1.164435334529586 0 0.04285980372887055
4.486622236261702 0 1.113056295014129
1.618116456745698 0 0.6705140460637692
5.29250260465397 0 1.114416644974294
3.773750064871027 0 0.7701024668291472
0.6512313296844203 0 0.2967660866997452
0.4140593411585098 0 0.01198700377234208
1.510459253821843 0 0.2348629605256352
0.5093630849581725 0 0.1915268513800674
2.710701141003928 0 0.01854450777658617
5.753031157170184 0 1.125343515293049
3.484799276798971 0 0.700923346561231
3.109285120364118 0 0.3516159997194523
1.268600505622477 0 0.1257381340903784
1.224739958735334 0 0.01671217792715757
3.670261822238575 0 0.0566939624164971
4.413185758145853 0 0.6879004529294345
2.317761159498708 0 0.3235390433760464
4.854013103177286 0 0.8129704949511645
3.98668938786743 0 0.02810485314378436
2.328833017590703 0 0.05705122921517675
5.900527845313814 0 0.08195770896206356
1.476895140644223 0 0.3963866035693932
3.856300357240826 0 1.066015201225566
2.001256105246605 0 0.7286623721064989
1.822494392814603 0 0.5523243578255449
0.5776259917181648 0 0.06206029305440575
2.272821716197226 0 0.2629791258466194
1.103996062411714 0 0.1035640233974078
3.584507998253637 0 1.053982452924351
1.262863204259274 0 0.4415574562551803
5.837885743181619 0 0.9011543572787446
3.183791045893545 0 0.9596889269774609
5.064192602418707 0 0.258731047005318
3.365010240547109 0 0.793579441467076
0.6376172934758593 0 0.3396785695916047
5.435865533369987 0 0.9998729476021933
2.371323018813603 0 0.5854846260131392
4.977446994437161 0 0.2160936633442092
1.743475566733157 0 0.7126402036754099
3.197036599828474 0 0.9187979302103031
4.324305104789934 0 0.112700569958872
1.790079489985584 0 0.2622456567061719
4.552523162978296 0 0.5330121547488265
4.844761175934189 0 0.6337052051222822
1.175483274520264 0 0.2898734597516044
3.100230600958577 0 0.2024228407204734
1.296041637203433 0 0.314127175019678
3.386864356660489 0 0.7402953999148523
0.1420742974489775 0 0.1045595195538436
2.927701295615607 0 0.841148500122375
5.30258711514599 0 0.3456983952423577
0.5301728621247799 0 0.3100689121402644
0.9251866594199027 0 0.04353176189996683
2.229606710638096 0 0.2748378753003138
1.626265384407766 0 0.1997701975835487
0.333128809557599 0 0.09340809531882044
4.404539739691841 0 0.7199327110998804
4.42738291912095 0 1.02915147622098
5.059167872047992 0 0.8453862037607675
1.577578541339024 0 0.1566073496378002
4.739043663164072 0 0.3030873156943883
0.9201990270028761 0 0.08092589514653187
0.8516079012270201 0 0.3361252640479012
1.262836761459567 0 0.5596167899622068
0.03538767030168444 0 0.1162230765633049
1.601766408507536 0 0.2635336791039399
2.891743497145569 0 0.8670635019953976
5.381130686513806 0 0.9721431658696958
5.618656428318197 0 0.8692692269328237
2.020400441570037 0 0.3018077308001673
2.496884071736048 0 0.7510010219475933
2.502319123321245 0 0.3731522781686405
3.652218190001007 0 1.118279739263666
2.123424248617932 0 0.3524143131656278
5.607960488017364 0 0.6957564337224552
0.8643654202414792 0 0.05991265043182487
2.75679512229206 0 0.1604897479379773
2.071584005379036 0 0.2528424925236494
4.768070330669175 0 0.3403162463240172
0.01343110491837374 0 0.01164491984415933
5.26369491903078 0 0.6504902970288675
0.9533257332674632 0 0.1971853358629435
3.906108626147879 0 0.9168201427484437
5.328710447707707 0 1.04026731832205
1.946695390956268 0 0.592900227121237
3.444805820296591 0 0.2101559838698459
2.228182771254426 0 0.6909411784029179
2.778343966662325 0 0.06754653274086675
2.860163202158188 0 0.3049387787434037
1.121394703535104 0 0.04493046052783839
0.5354264229672148 0 0.1065933912816249
0.4486660304927206 0 0.2315357607290418
2.458203189334661 0 0.9008108540951969
3.148128183007774 0 0.2593834701890375
4.021959136379677 0 0.6816355713876434
4.295812897380594 0 0.95805430663943
2.665660870238681 0 0.3052532271600043
0.8572004768798127 0 0.2424742181166606
2.198271159029823 0 0.01749798363119498
2.319045785112027 0 0.7263804559682077
0.6738830791670556 0 0.1635556482862083
4.000192019699363 0 0.2290627760502285
5.859997813243613 0 0.4966846855878132
3.163450540650917 0 0.8769765183120889
2.093665230805041 0 0.6262453513440541
3.276338568921981 0 0.2512665229593442
4.938530672964767 0 1.162106634355663
4.27320846688928 0 0.5220857935881639
3.484741177800556 0 0.5665518143261957
5.766428047553613 0 0.5067800239873602
1.138732519738309 0 0.07396921599204659
0.7019554425076864 0 0.3314955201716148
5.839436649438719 0 0.6653448085726048
1.480995786727813 0 0.5072350302291172
2.692901391651481 0 1.01694236604379
2.45683895618727 0 0.0753749669967903
2.165931608586427 0 0.05081184851497628
3.558151647308323 0 0.02429050552795958
0.6627522519900042 0 0.1800567957149959
0.5312442863194495 0 0.1230948608224574
1.338466007230777 0 0.05213468966309204
3.648662894585086 0 0.5541732600143072
2.664762853801321 0 0.9212767212070242
2.910788117904184 0 0.3731349301176758
4.859904579353704 0 0.5260112290497325
2.98605995281192 0 0.8766000112050678
0.5422411902328634 0 0.01273811792939877
2.563132659105668 0 0.8226615741468545
0.4543816938689997 0 0.1557274259796422
3.095305243472092 0 1.128904885440407
1.441336662794084 0 0.4850490117469478
5.698857509934706 0 0.1590830497471439
1.00683093428448 0 0.1312584385309595
1.230448942063511 0 0.2910764474556432
5.750021947521434 0 0.07338903098549038
4.708145748020072 0 0.6402840437946927
5.200832599500705 0 0.03196623633521145
3.589364928904494 0 0.5030377041764919
1.977329393072937 0 0.3508106320728459
3.887568790282804 0 0.2031356765809011
0.970870735536872 0 0.1699662051213455
2.737199519827539 0 1.011030708135286
5.314508703770499 0 0.778463563073521
4.408768119661654 0 0.6249658646787262
4.037055405181268 0 0.3104979908210762
2.123603676750021 0 0.139288804437306
1.722829053631718 0 0.1402369258704606
4.918542652372952 0 0.1945515471921799
0.7762043301179746 0 0.2799398843572303
5.911693023022909 0 0.1468604989567319
4.818757393627918 0 0.6055982774722921
3.149114349420148 0 0.110680532310238
2.37099738547963 0 0.8744397209930972
5.924145322640177 0 0.251281658429769
1.67750524515148 0 0.4385297641416314
0.8019553587258992 0 0.1489049000907233
0.483153271842041 0 0.2003802434948115
2.873783542889754 0 1.121085227269685
2.676328768905766 0 0.7942665264517912
3.757076817850834 0 0.5648706677028742
0.7028131172834211 0 0.3813150424260713
5.800063726540314 0 1.130270397979689
2.176319386311185 0 0.1824307830954477
5.499126430494249 0 0.6196872989682107
0.59055619149522 0 0.2048348111248097
4.296654483653816 0 0.02467605904310805
5.963889113256378 0 0.8889430272006971
0.7539344949882971 0 0.4257915185470301
0.6983924483873674 0 0.3518629287170861
1.35836552869254 0 0.1089021317669999
3.585115383884335 0 0.3572813724258042
1.013443661437436 0 0.04454840644901897
0.5984546537911797 0 0.1761327644131015
2.449826742391543 0 0.1298899790212745
2.553446132169513 0 0.4601942772312868
2.335263614229452 0 0.2642048290976727
4.499781195543209 0 0.3188329414741144
5.610245861587102 0 0.07075476625562882
5.027782105990568 0 1.074341164599545
2.461270423083089 0 0.8021430709922948
4.433426896887345 0 1.063271450668726
4.937938546173532 0 0.1401890624836178
2.016349543397722 0 0.3529535300208999
0.7216913690339557 0 0.3270418749086675
2.504713112742457 0 0.3446141387371914
3.292633826825678 0 0.7256006614411672
1.969632716757932 0 0.5310239390278478
1.940478855439421 0 0.4714432022430224
3.562252940165518 0 0.6542895457390998
5.664447506330857 0 1.039335490040236
5.247423462620191 0 0.03059092980185885
1.471982723933592 0 0.1399550661581155
1.220532083006438 0 0.163838269739539
5.657081226213359 0 0.9231090252377669
4.827550859819231 0 0.2519062857573083
1.036909153887292 0 0.2907519396021944
5.051249742431246 0 0.4053499511223104
1.129810494075538 0 0.2907735985129535
1.310509112823213 0 0.5765434698992151
5.3103795121978 0 0.8718134008735579
0.1875117361449967 0 0.03845062231803931
1.127574356751425 0 0.3974648863496673
1.796336434847402 0 0.7199449968537128
1.669655563456395 0 0.5484877728075966
0.07602911541589963 0 0.02768656824276966
5.925779525817076 0 1.007897297703982
1.376665278815983 0 0.3515695109428308
2.187197046483732 0 0.7242952023115231
1.248708663171573 0 0.2516810882811348
3.297125069565971 0 0.02334550869423224
5.255774057984178 0 1.020036453851503
4.764690411944269 0 0.2757838683927835
1.578204511195773 0 0.01887464794295529
3.525 0 1.174068571685099
4.652842836535241 0 0.668569391046166
1.230052718643246 0 0.2656492085454446
4.173359105423179 0 0.2464457620253477
1.912548052744416 0 0.7080882039819903
2.33125559704821 0 0.6967198652828508
4.449840757143102 0 0.06779835345451773
3.924322673945697 0 0.8328614132311962
2.576267495521793 0 0.9871310526603314
0.03223476563645278 0 0.01248756970044174
4.605617440638947 0 0.2778210672739478
3.756291363839932 0 1.04507468136875
3.742438635502842 0 0.8505244630659927
4.762636045288012 0 0.8614352466405724
2.649081982399627 0 0.6261691973384456
5.488806649803559 0 0.7603602983687907
0.1384876097372807 0 0.1325535774372508
0.0739289487170609 0 0.1111694984066643
5.564425111863833 0 0.6115275241273581
5.696140994961761 0 0.619848066671065
0.2947713596563641 0 0.1002817797216882
4.956502250874098 0 0.7775145650098223
0.6622883796942318 0 0.1493691163136689
4.948233305378751 0 0.09763943209212483
2.350319308246466 0 0.5707193887176178
0.9735638052524256 0 0.3768816371040921
5.13922880631905 0 0.2152828163632424
4.221252879511193 0 0.7253749962907463
3.1237129098134 0 0.05339517243155478
3.73596611174535 0 0.1027826289817635
1.752978407249292 0 0.4029920783806972
5.169655443409424 0 0.3017441569350648
0.1486700694372578 0 0.2030064469658847
0.2384203502985636 0 0.1259739378128026
2.667796678979058 0 0.5050204697110905
4.927251483952821 0 0.7999117307468853
4.289443989395696 0 0.5819265158416029
4.249445106017717 0 0.1973908328300192
3.479439805122506 0 0.5239074374019669
2.461353740485159 0 0.9349863543772921
3.083396856242161 0 0.3931821047815803
0.7482185780759103 0 0.2973694852437023
2.86070255572386 0 0.3337284266442263
2.51781026704514 0 0.2145973686898338
0.3582208520541714 0 0.06970936938272726
3.59961226588646 0 0.220104370316628
0.7450392501919496 0 0.2249112198244722
2.452815425156653 0 0.992508236124267
4.875627912319771 0 0.6977949816581024
2.837190460688608 0 0.10624935385843
0.2501045668368462 0 0.1172986229894061
4.894346583867829 0 0.02494691409490718
1.764058718134704 0 0.01497326574664026
4.438355491882279 0 0.5258553687514875
5.72500609628754 0 0.8770572891907669
4.34138781897475 0 0.6227432538189542
5.686255718923434 0 0.3081886914147795
2.199064877975123 0 0.3603878004188284
4.946350112017798 0 0.8765190856973972
0.3162276482623092 0 0.2007950165472663
5.682679351760008 0 0.3725052527766416
1.655391318187678 0 0.3961978027202804
0.5891367710769342 0 0.1048957567973751
3.918114672152972 0 0.560358617497317
4.840402030413865 0 0.4438263782719872
1.460354917941114 0 0.5169158205159519
5.370433748267997 0 0.6333917591742982
5.008273505232638 0 0.6856197148808931
3.27470120029774 0 1.172200193385075
1.719444919502508 0 0.6285460703607179
0.7748455087191619 0 0.1314979239479775
0.09192763888060052 0 0.08676631791391093
4.651806476571934 0 0.4148833790769391
4.305789034849274 0 0.2227984176130546
1.215108704968173 0 0.5104245456355831
5.095913135296954 0 0.4959422349643808
4.445471620832654 0 0.4110760853160759
1.614813191436323 0 0.456452998918624
2.23943625936062 0 0.1558727231039343
3.086985373079203 0 1.017257825343979
5.298533584877 0 0.7226247055033187
1.806957380849371 0 0.633742431254629
4.467938881400431 0 0.7982845189814496
1.302153103454885 0 0.5075630482724183
3.48795302775781 0 0.7722384066108297
0.8806295514256801 0 0.3498932915914299
1.599660655422284 0 0.3727412065023179
0.4876691105041244 0 0.2617906997919313
2.095379480073704 0 0.8701287900551324
2.0110514888505 0 0.7565318970728034
4.298938152878463 0 0.4699047419818451
4.308067728904616 0 1.117656272434832
2.701669611577676 0 0.6301722249819302
5.812774235381984 0 0.398986698032203
0.776783641160395 0 0.2957934750953127
4.961202836252673 0 0.8464452895116665
3.562615199908679 0 0.116513749553202
4.46095086608427 0 0.2618201758695647
2.565547647025781 0 0.5722458158773064
1.506710154025934 0 0.09252493111945781
0.2809439304096335 0 0.03043375964310852
1.674271488365179 0 0.1166365152929579
2.332099867562161 0 0.5019327669018685
4.113002914283058 0 1.167933766947486
1.952289301593241 0 0.0403469081425879
0.1704758018385921 0 0.08697167580630488
4.356737751039217 0 1.057054408822012
1.299743340895449 0 0.5300287511632986
0.932968879486149 0 0.2853848115381573
0.7324717428966476 0 0.08463596735734963
1.415985121117013 0 0.3746482979720326
4.543932507257748 0 0.3986473575929713
0.3483766633663103 0 0.09868773911077083
3.109614402629198 0 1.047055472630264
2.257669023346502 0 0.5752387845596076
0.7135164990318756 0 0.08506963749260227
0.3631835441330069 0 0.08739537489086013
5.034614453593851 0 0.3341516892095656
2.884425994281265 0 0.9844403947127418
5.500502046247059 0 0.1158228243803121
3.658064202820448 0 0.1457989467407481
0.5706923507062718 0 0.08353481534069879
3.255024666002777 0 1.061477668255276
0.3933981632551129 0 0.1911630132001323
4.932085030478749 0 0.936657221806649
1.961446413891027 0 0.2676136656143208
3.528671118196959 0 0.4913035913857883
3.899649081986003 0 0.3677917973438013
4.772825134542096 0 0.792920684531722
5.049343898802709 0 0.9242039772708335
2.289098789510491 0 0.8209666228612387
0.1038094969244971 0 0.1872179045144649
5.029342304575444 0 0.2624551002696791
5.79446351939272 0 1.029274486288539
4.398886855217604 0 0.432948158049953
1.179721076553349 0 0.5278947559430422
4.426924125004978 0 0.02470661362607102
3.66826630995967 0 0.6136376588725683
4.760133194137746 0 0.447364432944751
4.687285530536858 0 0.3498237864179857
3.659769526767432 0 0.3205097771948638
0.8363624621086787 0 0.2377230654778036
5.443583931164651 0 0.02796755081642005
0.6460951733355822 0 0.02972269958289969
1.891754140836519 0 0.6638003637558161
5.786997263972323 0 1.065853207490323
3.400244349465785 0 0.5807880063353675
4.653517991852016 0 0.4883927738552684
2.49183971196877 0 0.699494364949988
2.274067357929253 0 0.3510645865656795
2.837253098929736 0 1.017234808152562
0.4538396007589625 0 0.1228083429800818
0.9779799576156067 0 0.4781010932503875
3.859071092861686 0 0.0242982299907803
4.365404950874122 0 0.9794323925533825
0.9701645306101261 0 0.1342601439146906
4.29894649936092 0 0.1718304768912494
1.385786196844845 0 0.5901080252364838
0.9414601361271093 0 0.3203864338396977
2.546987681421317 0 0.77792675515612
1.966936285839095 0 0.0985205982636394
1.305639851360522 0 0.01313903461767157
5.284946094486678 0 0.2804218654334147
0.2245280244687979 0 0.2286723911925011
3.988371061775283 0 0.3984365691345506
4.18188080914419 0 0.7203939363689066
4.051219397344664 0 0.5230243198632182
3.984666664340627 0 0.4643124140889371
4.11249158125418 0 0.5327234082454612
1.644070020831781 0 0.5571889413095112
3.708720083451692 0 0.7527821194073837
5.544073033952387 0 0.2176313149078706
1.057038828057058 0 0.07247391075741388
4.991189013781999 0 0.9766850427764774
0.7028835094585295 0 0.4099124479537968
5.923650243357903 0 0.1827037892637588
0.1201384526532729 0 0.1655104309561504
3.469823144357538 0 0.346968901377594
2.879211096593653 0 0.5515418226365038
0.09930753549300197 0 0.1291750796433827
0.8446247444901078 0 0.3006214299823733
3.132221976256838 0 0.6281647542403985
2.567880245329629 0 0.1418712870786768
0.5603393579510891 0 0.2686601060941212
3.643956661261537 0 0.3428115578439459
3.681295620431646 0 0.4979058275468894
4.885994746422881 0 0.883970751151278
0.5801559181105045 0 0.2673010888664639
3.876272993335588 0 0.576005694826056
0.1714917501204094 0 0.03850811362824652
0.3798572998338727 0 0.1090506713466425
1.747348058073818 0 0.2663605073544426
2.473538790121679 0 0.5665700722798338
5.554582075856299 0 1.047832928353594
0.7891635024612391 0 0.167235854202808
1.930712159488027 0 0.547894688076964
2.987678951974642 0 0.4908040768015041
0.3066157975690436 0 0.1252917948315439
2.079331296662821 0 0.5383149573533924
4.141851681927785 0 0.5401643428046129
2.116996690067964 0 0.2300822047880864
2.722168926074476 0 0.1245225109995143
1.358169110196287 0 0.04208314293827059
1.99008111137284 0 0.8343329167116956
0.644437763943114 0 0.2546899019765907
2.325274826665568 0 0.3949280882755567
5.429087512305998 0 0.608632457528436
2.851682764594029 0 0.05785726768687233
2.338523280172782 0 0.3079186344242127
2.754846997316742 0 0.1845441194185677
2.112384080203296 0 0.7759736851016477
2.585263826582311 0 0.7037336854173351
0.3443119586328627 0 0.1648142471679108
1.524680487377455 0 0.6828006374699336
3.239945191962087 0 0.2589512436015605
2.746773135919679 0 0.3714624014801237
0.5561396210068281 0 0.3272909206152488
3.548322012008378 0 1.116989870477019
4.959564727612352 0 0.2788379585196254
4.943826950013624 0 0.40579625700845
1.436663492119059 0 0.08180899685737109
1.00174469442015 0 0.4339838272137116
2.245536579445834 0 0.1114378998572393
1.354399914075144 0 0.5906756302143322
3.021989781531798 0 0.0235318507585206
3.468026362594628 0 0.3103135469793491
5.321745420353913 0 0.106627371989803
1.321625369343058 0 0.1686185082265745
3.510614604243166 0 0.8551296843712037
1.768827736047656 0 0.2984716838407559
1.078324878667899 0 0.01485118488644727
4.253753019943193 0 0.6216639679477878
4.0338031423648 0 1.072049568520968
2.744892373435557 0 0.4194638950772477
5.520934740148755 0 0.2661952174455401
1.338224398538176 0 0.2651996650558587
1.568219704620231 0 0.4382540552932616
4.921983077781408 0 1.043702420517859
1.600488856801068 0 0.1588116568845775
2.904972183397546 0 0.2620240926747945
5.1200651998384 0 0.02266060239308537
1.607113037200752 0 0.5368100805623965
5.887342224260233 0 0.5960803808292722
3.908812802142949 0 0.622369370444125
$EndNodes
$Elements
11 10611 1 10611
0 1 15 1
1 1 
0 2 15 1
2 2 
0 3 15 1
3 3 
0 4 15 1
4 4 
0 5 15 1
5 5 
1 1 1 10
6 1 6 
7 6 7 
8 7 8 
9 8 9 
10 9 10 
11 10 11 
12 11 12 
13 12 13 
14 13 14 
15 14 2 
1 2 1 99
16 2 15 
17 15 16 
18 16 17 
19 17 18 
20 18 19 
21 19 20 
22 20 21 
23 21 22 
24 22 23 
25 23 24 
26 24 25 
27 25 26 
28 26 27 
29 27 28 
30 28 29 
31 29 30 
32 30 31 
33 31 32 
34 32 33 
35 33 34 
36 34 35 
37 35 36 
38 36 37 
39 37 38 
40 38 39 
41 39 40 
42 40 41 
43 41 42 
44 42 43 
45 43 44 
46 44 45 
47 45 46 
48 46 47 
49 47 48 
50 48 49 
51 49 50 
52 50 51 
53 51 52 
54 52 53 
55 53 54 
56 54 55 
57 55 56 
58 56 57 
59 57 58 
60 58 59 
61 59 60 
62 60 61 
63 61 62 
64 62 63 
65 63 64 
66 64 65 
67 65 66 
68 66 67 
69 67 68 
70 68 69 
71 69 70 
72 70 71 
73 71 72 
74 72 73 
75 73 74 
76 74 75 
77 75 76 
78 76 77 
79 77 78 
80 78 79 
81 79 80 
82 80 81 
83 81 82 
84 82 83 
85 83 84 
86 84 85 
87 85 86 
88 86 87 
89 87 88 
90 88 89 
91 89 90 
92 90 91 
93 91 92 
94 92 93 
95 93 94 
96 94 95 
97 95 96 
98 96 97 
99 97 98 
100 98 99 
101 99 100 
102 100 101 
103 101 102 
104 102 103 
105 103 104 
106 104 105 
107 105 106 
108 106 107 
109 107 108 
110 108 109 
111 109 110 
112 110 111 
113 111 112 
114 112 3 
1 3 1 60
115 3 113 
116 113 114 
117 114 115 
118 115 116 
119 116 117 
120 117 118 
121 118 119 
122 119 120 
123 120 121 
124 121 122 
125 122 123 
126 123 124 
127 124 125 
128 125 126 
129 126 127 
130 127 128 
131 128 129 
132 129 130 
133 130 131 
134 131 132 
135 132 133 
136 133 134 
137 134 135 
138 135 136 
139 136 137 
140 137 138 
141 138 139 
142 139 140 
143 140 141 
144 141 142 
145 142 143 
146 143 144 
147 144 145 
148 145 146 
149 146 147 
150 147 148 
151 148 149 
152 149 150 
153 150 151 
154 151 152 
155 152 153 
156 153 154 
157 154 155 
158 155 156 
159 156 157 
160 157 158 
161 158 159 
162 159 160 
163 160 161 
164 161 162 
165 162 163 
166 163 164 
167 164 165 
168 165 166 
169 166 167 
170 167 168 
171 168 169 
172 169 170 
173 170 171 
174 171 4 
1 4 1 24
175 4 172 
176 172 173 
177 173 174 
178 174 175 
179 175 176 
180 176 177 
181 177 178 
182 178 179 
183 179 180 
184 180 181 
185 181 182 
186 182 183 
187 183 184 
188 184 185 
189 185 186 
190 186 187 
191 187 188 
192 188 189 
193 189 190 
194 190 191 
195 191 192 
196 192 193 
197 193 194 
198 194 5 
1 5 1 187
199 5 195 
200 195 196 
201 196 197 
202 197 198 
203 198 199 
204 199 200 
205 200 201 
206 201 202 
207 202 203 
208 203 204 
209 204 205 
210 205 206 
211 206 207 
212 207 208 
213 208 209 
214 209 210 
215 210 211 
216 211 212 
217 212 213 
218 213 214 
219 214 215 
220 215 216 
221 216 217 
222 217 218 
223 218 219 
224 219 220 
225 220 221 
226 221 222 
227 222 223 
228 223 224 
229 224 225 
230 225 226 
231 226 227 
232 227 228 
233 228 229 
234 229 230 
235 230 231 
236 231 232 
237 232 233 
238 233 234 
239 234 235 
240 235 236 
241 236 237 
242 237 238 
243 238 239 
244 239 240 
245 240 241 
246 241 242 
247 242 243 
248 243 244 
249 244 245 
250 245 246 
251 246 247 
252 247 248 
253 248 249 
254 249 250 
255 250 251 
256 251 252 
257 252 253 
258 253 254 
259 254 255 
260 255 256 
261 256 257 
262 257 258 
263 258 259 
264 259 260 
265 260 261 
266 261 262 
267 262 263 
268 263 264 
269 264 265 
270 265 266 
271 266 267 
272 267 268 
273 268 269 
274 269 270 
275 270 271 
276 271 272 
277 272 273 
278 273 274 
279 274 275 
280 275 276 
281 276 277 
282 277 278 
283 278 279 
284 279 280 
285 280 281 
286 281 282 
287 282 283 
288 283 284 
289 284 285 
290 285 286 
291 286 287 
292 287 288 
293 288 289 
294 289 290 
295 290 291 
296 291 292 
297 292 293 
298 293 294 
299 294 295 
300 295 296 
301 296 297 
302 297 298 
303 298 299 
304 299 300 
305 300 301 
306 301 302 
307 302 303 
308 303 304 
309 304 305 
310 305 306 
311 306 307 
312 307 308 
313 308 309 
314 309 310 
315 310 311 
316 311 312 
317 312 313 
318 313 314 
319 314 315 
320 315 316 
321 316 317 
322 317 318 
323 318 319 
324 319 320 
325 320 321 
326 321 322 
327 322 323 
328 323 324 
329 324 325 
330 325 326 
331 326 327 
332 327 328 
333 328 329 
334 329 330 
335 330 331 
336 331 332 
337 332 333 
338 333 334 
339 334 335 
340 335 336 
341 336 337 
342 337 338 
343 338 339 
344 339 340 
345 340 341 
346 341 342 
347 342 343 
348 343 344 
349 344 345 
350 345 346 
351 346 347 
352 347 348 
353 348 349 
354 349 350 
355 350 351 
356 351 352 
357 352 353 
358 353 354 
359 354 355 
360 355 356 
361 356 357 
362 357 358 
363 358 359 
364 359 360 
365 360 361 
366 361 362 
367 362 363 
368 363 364 
369 364 365 
370 365 366 
371 366 367 
372 367 368 
373 368 369 
374 369 370 
375 370 371 
376 371 372 
377 372 373 
378 373 374 
379 374 375 
380 375 376 
381 376 377 
382 377 378 
383 378 379 
384 379 380 
385 380 1 
2 1 2 10226
386 1994 3529 1219 
387 1961 3368 806 
388 2515 3183 64 
389 313 2488 2145 
390 2645 2953 1510 
391 963 4877 1602 
392 717 3567 1703 
393 1298 2057 2013 
394 1786 2306 1072 
395 2527 3726 1427 
396 871 4635 1741 
397 1797 3913 1183 
398 754 3041 1811 
399 1714 4178 942 
400 878 4354 1657 
401 1905 4121 1258 
402 2509 2996 792 
403 180 2829 2265 
404 1791 2116 1012 
405 134 2000 133 
406 1765 3671 713 
407 1583 2429 444 
408 2697 4048 1551 
409 993 2787 1728 
410 1122 5100 1859 
411 2084 5100 1122 
412 845 2964 1636 
413 1799 2191 606 
414 898 2369 2112 
415 2902 3953 1665 
416 1337 3037 2278 
417 1830 2107 939 
418 1815 3382 1534 
419 1273 3340 1787 
420 506 4505 1662 
421 1624 2396 465 
422 961 2411 2110 
423 2398 2875 550 
424 833 3324 2169 
425 1073 3117 1663 
426 1682 3366 2976 
427 1891 2241 346 
428 811 2174 1727 
429 2795 4005 1568 
430 1688 4802 523 
431 1380 3123 2407 
432 238 1794 237 
433 538 2276 1826 
434 1081 2973 1577 
435 899 2493 2184 
436 1813 4065 1285 
437 562 2588 2035 
438 1636 5160 992 
439 1577 3272 1081 
440 1054 2516 2190 
441 909 2554 1617 
442 563 2240 2128 
443 3424 4121 1905 
444 444 2429 1852 
445 2616 3295 890 
446 607 2839 2773 
447 890 3295 2258 
448 1565 3454 2728 
449 1617 2312 867 
450 1073 2381 2221 
451 46 2287 45 
452 465 3432 1624 
453 1568 4550 2795 
454 1674 3374 1127 
455 407 2410 1623 
456 2106 4169 4010 
457 492 3686 2022 
458 3099 3162 395 
459 2110 2411 1066 
460 814 4649 3544 
461 707 2414 1649 
462 13 3848 12 
463 3183 4518 62 
464 449 2953 2645 
465 1852 2429 984 
466 1734 2764 449 
467 385 3149 3058 
468 988 3953 2902 
469 597 4169 2106 
470 1846 2214 834 
471 1632 2867 1032 
472 3547 3917 633 
473 1762 3882 1305 
474 1058 4048 2697 
475 2507 3848 13 
476 1574 2879 962 
477 2566 3395 1036 
478 593 3077 2686 
479 1802 2965 1084 
480 162 4186 2063 
481 1971 2030 596 
482 1826 2276 929 
483 1024 3270 2578 
484 2838 2920 1441 
485 1785 2173 1010 
486 2087 4279 3769 
487 477 3920 1621 
488 1777 4427 974 
489 1001 2920 2838 
490 2191 2378 1275 
491 704 3882 1762 
492 962 2829 1574 
493 1976 4087 595 
494 2005 2072 1030 
495 2359 2860 1309 
496 2330 4304 3064 
497 880 2062 2026 
498 64 3183 63 
499 3777 4281 1550 
500 64 3736 2515 
501 3332 4090 1497 
502 1789 4518 3183 
503 300 4706 1846 
504 1147 3259 2438 
505 1629 4257 500 
506 3403 3503 2340 
507 965 2793 1880 
508 1776 2459 964 
509 330 1986 329 
510 1615 3409 446 
511 1688 2877 682 
512 2217 3397 1193 
513 1674 2733 1351 
514 1597 2859 1041 
515 532 2339 1880 
516 162 2063 161 
517 837 2241 1891 
518 774 2194 1967 
519 1700 4155 869 
520 2022 3686 1451 
521 1187 3144 2360 
522 1689 2501 938 
523 841 3289 2053 
524 1821 3733 1264 
525 3368 5100 806 
526 1620 3558 2207 
527 2128 2240 1031 
528 2781 2959 1546 
529 732 2965 1802 
530 1994 4241 3529 
531 2398 3470 2875 
532 832 2856 1788 
533 2336 3196 1064 
534 2007 2035 786 
535 1999 2364 554 
536 1111 2035 2007 
537 2003 3328 756 
538 863 3628 1644 
539 1698 3504 3496 
540 543 2242 2097 
541 2407 3123 622 
542 1224 3557 1792 
543 446 3508 1615 
544 1716 2457 583 
545 2728 3454 761 
546 2544 2920 448 
547 3637 4816 2359 
548 1932 2069 602 
549 1147 3392 3259 
550 2338 2705 813 
551 2325 2427 662 
552 848 2855 1676 
553 2037 2073 891 
554 916 2916 1722 
555 4087 4672 595 
556 994 2394 2032 
557 2612 4682 787 
558 2087 3769 803 
559 2036 2569 540 
560 862 4862 4752 
561 886 2030 1971 
562 393 2107 1917 
563 540 2569 1608 
564 169 2782 1656 
565 1843 3438 419 
566 1006 3979 1567 
567 139 1831 138 
568 424 2860 2359 
569 3324 4395 2169 
570 1755 2341 911 
571 2221 2381 673 
572 2955 4177 1490 
573 1158 2427 2325 
574 1441 2920 2544 
575 1722 2916 604 
576 839 2374 1653 
577 370 2632 1841 
578 3058 3149 1487 
579 3144 4348 2360 
580 1991 2218 931 
581 2213 2242 543 
582 2040 3997 3379 
583 1291 3630 1842 
584 1227 2528 2248 
585 1029 3083 1590 
586 2207 3558 679 
587 1703 3998 717 
588 444 3619 1583 
589 959 2435 2134 
590 1686 2315 411 
591 1990 2449 1023 
592 3064 4304 1342 
593 932 2069 1979 
594 3127 4003 1480 
595 1752 2213 853 
596 2026 2062 894 
597 1567 3821 1006 
598 945 3230 1598 
599 4264 4276 507 
600 325 2943 324 
601 1668 2794 174 
602 1636 2424 845 
603 17 2055 16 
604 892 4467 1689 
605 862 4752 2042 
606 46 2704 2287 
607 2308 2709 1059 
608 2393 4617 3254 
609 1861 2137 809 
610 1926 2104 1175 
611 2480 2862 1002 
612 1598 2707 945 
613 644 2959 2781 
614 1120 2899 1967 
615 1967 2899 557 
616 914 2467 1864 
617 192 2810 1707 
618 3776 4658 2529 
619 1840 2426 879 
620 2032 2394 1026 
621 1638 2406 404 
622 1540 3466 3147 
623 1709 2310 737 
624 1017 2244 1969 
625 1972 4635 871 
626 2428 3208 590 
627 808 2072 2005 
628 1617 2581 909 
629 601 3015 1871 
630 1363 3831 3089 
631 2217 4314 3397 
632 1015 3072 1658 
633 2134 2435 1068 
634 404 4345 1638 
635 981 3251 2646 
636 2773 2839 1322 
637 1447 3196 2336 
638 1229 3328 2003 
639 2714 3349 972 
640 2675 4755 1833 
641 1792 3557 654 
642 1469 3425 1869 
643 324 2943 2551 
644 1406 3395 2566 
645 507 4276 2095 
646 592 3885 1772 
647 760 2449 1990 
648 883 4617 2393 
649 2591 4681 4034 
650 2199 3289 841 
651 1313 3239 2198 
652 2846 3156 1442 
653 1579 2924 70 
654 1818 3542 1222 
655 453 2880 1692 
656 1188 2324 1688 
657 787 2122 1940 
658 1520 4365 2395 
659 2248 2528 928 
660 1657 3615 878 
661 2098 4942 3829 
662 1608 2612 540 
663 995 2238 2106 
664 1103 3400 2085 
665 1698 3496 705 
666 2482 2942 1385 
667 952 4794 1658 
668 417 2490 1659 
669 890 3403 2340 
670 1081 3272 1747 
671 301 4706 300 
672 512 3284 2280 
673 3544 5071 814 
674 1136 2991 1966 
675 2000 3182 133 
676 692 2824 1633 
677 654 3570 1792 
678 481 3289 1589 
679 2966 3913 1797 
680 1880 2339 965 
681 70 4574 1579 
682 1833 4129 2675 
683 1592 4882 1203 
684 1769 4414 483 
685 496 2755 1865 
686 458 2724 2275 
687 2275 2724 1225 
688 3137 4596 1478 
689 901 5202 1839 
690 1654 4960 1025 
691 1203 3511 1592 
692 569 2218 1991 
693 1029 2789 2210 
694 3089 3831 1171 
695 2378 3648 1275 
696 1037 3291 2078 
697 1642 4090 3332 
698 1704 2655 710 
699 3379 3997 729 
700 2188 4340 131 
701 1088 2323 1865 
702 1602 2588 963 
703 1962 3051 740 
704 2106 2238 946 
705 2564 2967 434 
706 2052 4104 3363 
707 552 2291 1882 
708 992 5160 2623 
709 1041 3805 1597 
710 498 4421 4253 
711 1420 3298 3171 
712 1604 5169 4397 
713 1772 3885 1317 
714 411 3749 1686 
715 2280 3284 1436 
716 1805 2720 420 
717 1589 4885 481 
718 2793 3019 1880 
719 1080 3197 1639 
720 933 2387 2284 
721 2974 3834 1200 
722 1184 2709 2308 
723 749 3733 1821 
724 1659 2490 904 
725 3630 4546 1842 
726 769 3637 1885 
727 1951 2979 874 
728 2194 4767 2876 
729 2013 2057 463 
730 1099 3244 1661 
731 447 3050 1866 
732 1202 3535 1750 
733 1923 3575 80 
734 2132 3764 671 
735 1392 2862 2480 
736 1042 3108 1614 
737 1653 3509 839 
738 2294 2483 971 
739 1983 2396 785 
740 1747 3369 1081 
741 1408 3062 2391 
742 864 4843 3742 
743 1750 3535 512 
744 689 4608 4024 
745 2391 3062 613 
746 1663 3566 2127 
747 1830 2351 571 
748 1767 2270 1185 
749 512 2280 1750 
750 864 3742 1749 
751 637 3571 2831 
752 1767 2404 410 
753 2783 4149 1642 
754 626 3542 1818 
755 2291 2475 1018 
756 2188 3127 1480 
757 1838 2769 451 
758 4397 5169 620 
759 2778 4329 1988 
760 478 3482 2792 
761 1662 2412 506 
762 1690 2998 966 
763 2125 4889 807 
764 1590 4251 1029 
765 1786 4597 489 
766 2050 2359 1007 
767 2834 3299 1426 
768 1642 4149 4090 
769 2627 4537 3753 
770 1692 2880 1014 
771 1187 2705 2338 
772 311 2123 310 
773 1621 3448 477 
774 1309 3637 2359 
775 2198 3239 427 
776 498 2293 1790 
777 1623 3150 407 
778 22 2020 21 
779 1045 2778 1988 
780 892 2073 2037 
781 1676 2520 848 
782 3130 4494 2521 
783 424 2359 2050 
784 974 4427 2723 
785 1966 2991 461 
786 1819 3030 529 
787 922 3815 3752 
788 314 2488 313 
789 568 2838 2209 
790 414 2648 1747 
791 1885 3637 1309 
792 1158 2325 1798 
793 1550 4281 2881 
794 682 3612 1688 
795 1722 2540 916 
796 947 2355 1807 
797 1828 2220 1023 
798 1015 2942 2482 
799 1329 2996 2509 
800 94 1968 93 
801 2278 4275 1337 
802 1448 2847 2400 
803 1518 3764 2132 
804 939 2351 1830 
805 4656 4963 1935 
806 2128 2369 898 
807 3409 4819 446 
808 659 3726 2527 
809 1229 2975 2967 
810 1866 3050 1134 
811 1682 3523 1126 
812 2321 2699 1221 
813 1043 2769 1838 
814 869 4155 1827 
815 1607 3697 2821 
816 1619 4711 581 
817 2594 4752 4075 
818 2036 3521 2569 
819 871 2117 1972 
820 645 2737 2538 
821 1639 3475 1080 
822 1795 2249 783 
823 2052 3363 1182 
824 1782 4027 476 
825 146 2380 1987 
826 1104 2158 1877 
827 1947 2766 831 
828 3829 4942 1674 
829 1828 2680 521 
830 244 2703 2545 
831 65 3736 64 
832 1351 3829 1674 
833 572 2322 1746 
834 724 4408 1890 
835 410 2270 1767 
836 1658 2942 1015 
837 1049 2196 1991 
838 529 2758 1654 
839 922 2699 2321 
840 2190 2352 1054 
841 259 2681 2556 
842 2650 2789 1125 
843 1890 4408 1540 
844 1017 2748 1820 
845 2123 4384 310 
846 2060 2892 1005 
847 1995 4421 498 
848 1168 3804 1683 
849 1747 2648 980 
850 418 2251 1834 
851 1113 2552 1893 
852 2423 2451 913 
853 1106 3156 2846 
854 2024 3139 476 
855 1160 2483 2294 
856 1790 2293 895 
857 1439 4212 2477 
858 3602 4552 1644 
859 1654 2758 962 
860 983 2466 1914 
861 2538 2737 1346 
862 2387 4608 689 
863 3742 4843 1715 
864 3331 3526 735 
865 784 3317 1798 
866 2051 3342 1012 
867 575 2352 2190 
868 559 2482 1930 
869 2400 2847 985 
870 1798 3317 1158 
871 1696 4177 2955 
872 2591 4034 1602 
873 395 3803 3099 
874 976 4755 2675 
875 2392 3270 1024 
876 639 5007 1803 
877 2603 3036 1470 
878 658 3523 1682 
879 340 3493 2248 
880 1614 4014 1042 
881 949 2653 2215 
882 2646 3251 1362 
883 1647 2951 688 
884 2470 3167 1092 
885 2322 4831 4743 
886 2322 4743 1746 
887 2004 2147 1027 
888 869 2761 1700 
889 3570 5107 1792 
890 1898 2279 417 
891 3066 3153 1395 
892 1820 2748 725 
893 730 2441 1697 
894 330 3320 1986 
895 1765 4789 3671 
896 1697 5298 730 
897 1214 3139 2024 
898 2417 3889 662 
899 2627 3753 973 
900 559 2533 1763 
901 856 3566 1763 
902 1979 5223 857 
903 762 2540 1722 
904 2917 2934 1563 
905 1780 2897 999 
906 2290 3293 1263 
907 487 3130 2521 
908 1580 3526 3331 
909 910 4675 1759 
910 1683 3591 1168 
911 146 1987 145 
912 1423 3162 3099 
913 1914 2466 416 
914 1076 3389 3219 
915 1644 3282 863 
916 458 3377 3354 
917 2098 3829 826 
918 24 2064 23 
919 1077 2286 1851 
920 2324 4802 1688 
921 637 4550 3571 
922 2395 4365 802 
923 902 2752 2197 
924 1988 5126 1045 
925 978 2168 1919 
926 2069 5223 1979 
927 464 3036 2603 
928 1688 3612 1188 
929 4009 4434 2155 
930 604 3826 1722 
931 2312 4065 1813 
932 2195 5202 901 
933 2365 2383 397 
934 2702 3605 1423 
935 2166 2912 1200 
936 867 3428 1617 
937 581 3068 1619 
938 1130 2281 1977 
939 1691 2904 713 
940 602 4898 1932 
941 2523 3400 1103 
942 384 4552 3602 
943 1813 2970 867 
944 2176 2209 811 
945 347 1891 346 
946 633 3917 2056 
947 950 5233 1999 
948 500 4741 1629 
949 1023 2680 1828 
950 2080 2928 848 
951 1758 3384 877 
952 3491 3531 1787 
953 2659 3875 1234 
954 3010 4125 627 
955 1349 2334 1807 
956 1736 3283 343 
957 599 2147 2004 
958 2422 2653 949 
959 1663 4971 3566 
960 948 2534 1875 
961 2020 2867 21 
962 2098 4041 1246 
963 802 4365 3260 
964 2424 4344 1804 
965 1727 4008 811 
966 2495 4656 1935 
967 639 3110 2835 
968 748 2491 1854 
969 1991 2196 569 
970 1054 3095 2516 
971 1140 2934 2917 
972 729 3355 1713 
973 132 2188 131 
974 2789 3867 2210 
975 1760 2823 1026 
976 2567 3348 668 
977 442 2157 2051 
978 866 2386 2337 
979 1518 3453 2383 
980 3382 4335 1534 
981 710 3606 1704 
982 340 2248 339 
983 2766 4019 831 
984 392 3241 1938 
985 1630 4667 3204 
986 3496 3504 1152 
987 947 2667 1669 
988 781 4963 4656 
989 501 2451 1703 
990 787 3359 2612 
991 2492 3697 1607 
992 1969 4354 878 
993 2237 3235 1166 
994 783 4997 2810 
995 1119 2383 2365 
996 712 3459 1783 
997 682 3776 2529 
998 1872 2608 597 
999 1779 3414 517 
1000 2031 5233 950 
1001 904 3070 1659 
1002 2040 2373 488 
1003 1413 4009 2155 
1004 1374 4451 2006 
1005 2418 5223 1932 
1006 1417 4055 1960 
1007 476 3139 1782 
1008 3051 4961 740 
1009 1929 2444 488 
1010 2135 3229 772 
1011 1807 2334 947 
1012 1729 3875 2659 
1013 555 4509 2212 
1014 575 2190 2091 
1015 3118 3268 897 
1016 3099 3803 1616 
1017 1851 2286 634 
1018 546 3223 1821 
1019 3147 3466 1176 
1020 1179 2209 2176 
1021 590 3208 2272 
1022 1921 5107 3570 
1023 4636 4677 2189 
1024 2821 3697 696 
1025 1533 3810 2203 
1026 2212 4509 1824 
1027 2383 3453 397 
1028 4251 4580 440 
1029 1004 2608 1872 
1030 3103 3644 252 
1031 774 4815 2194 
1032 867 2312 1813 
1033 2337 2386 1156 
1034 1907 3298 513 
1035 499 4344 2424 
1036 1665 3194 2902 
1037 1748 2401 935 
1038 2676 3291 1037 
1039 2321 3815 922 
1040 2007 3377 458 
1041 871 2690 2117 
1042 2006 3269 396 
1043 1644 3628 2492 
1044 2470 3589 3167 
1045 1635 2808 534 
1046 2356 4598 4162 
1047 282 1924 281 
1048 2876 4767 470 
1049 2113 2690 871 
1050 1730 4038 780 
1051 737 3549 1709 
1052 857 4321 1979 
1053 1799 3993 2191 
1054 998 2373 2040 
1055 1677 3996 2854 
1056 405 3393 2869 
1057 942 4178 2496 
1058 2492 3628 708 
1059 1633 2960 692 
1060 1405 3758 2843 
1061 2423 3998 2451 
1062 2588 4034 2035 
1063 2717 3615 1657 
1064 1975 2202 591 
1065 2493 3239 2184 
1066 1000 2904 1691 
1067 3420 4492 2630 
1068 951 2652 1705 
1069 900 3427 2227 
1070 2065 4505 506 
1071 440 4580 2271 
1072 1087 3706 1781 
1073 1864 5044 914 
1074 1033 3078 1655 
1075 1967 2194 1120 
1076 1669 3635 947 
1077 1218 3697 2492 
1078 1756 4889 2125 
1079 619 3831 1935 
1080 1032 3087 1632 
1081 1802 3844 732 
1082 247 2263 246 
1083 434 2912 2166 
1084 1811 3041 2284 
1085 634 3026 1851 
1086 386 3615 2717 
1087 1025 3252 1654 
1088 956 2594 1671 
1089 1649 3109 707 
1090 1846 2774 300 
1091 820 2865 2015 
1092 903 2202 1975 
1093 1754 3870 1263 
1094 1862 5265 981 
1095 1256 4179 2081 
1096 1612 3348 2567 
1097 3769 4062 803 
1098 19 4638 2295 
1099 1126 3366 1682 
1100 1705 2742 951 
1101 834 4806 1785 
1102 848 2928 2182 
1103 17 3297 2055 
1104 96 4769 2148 
1105 2356 4162 715 
1106 2160 2292 412 
1107 1803 5007 2851 
1108 2019 2771 672 
1109 74 3198 2294 
1110 1659 3176 417 
1111 1821 3223 1115 
1112 1841 3988 1255 
1113 754 4504 1668 
1114 590 4349 2828 
1115 2935 4597 1786 
1116 2305 3637 769 
1117 2051 2157 938 
1118 3204 4473 1630 
1119 2838 4134 2209 
1120 96 2148 95 
1121 593 2711 2167 
1122 2091 2190 954 
1123 2810 4868 783 
1124 3260 4521 802 
1125 1428 3322 2327 
1126 2461 4550 637 
1127 480 3399 3323 
1128 2835 3110 1429 
1129 2236 3514 3376 
1130 1127 2733 1674 
1131 1870 2960 1016 
1132 1741 2606 871 
1133 2080 3897 3678 
1134 2263 3943 246 
1135 2194 2876 1120 
1136 1443 2763 2478 
1137 432 3540 2516 
1138 1984 2796 1098 
1139 2006 4451 2540 
1140 1596 3704 2384 
1141 713 4324 1691 
1142 838 3553 2100 
1143 2722 3200 1554 
1144 534 3745 1635 
1145 1493 3269 2006 
1146 1851 3026 1078 
1147 2282 4041 2098 
1148 3659 3898 884 
1149 2412 3427 900 
1150 992 2767 1636 
1151 670 3200 2722 
1152 1750 3376 1148 
1153 2278 3037 577 
1154 688 2809 1647 
1155 991 2563 1920 
1156 1533 4439 3810 
1157 707 3109 1845 
1158 825 3309 1929 
1159 1859 3371 1122 
1160 1556 3889 2417 
1161 2828 4349 1796 
1162 989 2746 2027 
1163 1892 2291 1018 
1164 986 2688 1731 
1165 717 2423 1812 
1166 1656 4362 169 
1167 1960 4055 776 
1168 452 3471 2346 
1169 2327 3322 624 
1170 1654 3252 529 
1171 1655 3974 1033 
1172 1979 4321 3500 
1173 2142 3518 8 
1174 2384 3704 1245 
1175 180 2265 179 
1176 3614 3814 550 
1177 2686 3077 1269 
1178 1018 2747 1892 
1179 962 2879 1654 
1180 876 2279 1898 
1181 539 3192 1761 
1182 1663 3266 1073 
1183 571 4295 1830 
1184 1689 2583 892 
1185 1552 3637 2305 
1186 981 2646 1862 
1187 1675 3733 2071 
1188 717 4225 3567 
1189 262 2267 261 
1190 1190 3473 1853 
1191 1877 4136 719 
1192 1761 3192 1070 
1193 1459 4640 1983 
1194 2134 3977 959 
1195 2619 2918 1366 
1196 981 5265 2702 
1197 682 2529 1754 
1198 1987 2380 840 
1199 590 4299 2428 
1200 3540 4228 2516 
1201 2842 3502 669 
1202 1130 3670 2268 
1203 1794 2514 237 
1204 1177 3524 2123 
1205 66 2845 2192 
1206 2335 2809 1561 
1207 2478 2763 959 
1208 1975 5023 903 
1209 174 4342 1668 
1210 718 3865 2203 
1211 1862 2646 454 
1212 80 3575 79 
1213 277 2032 276 
1214 942 3515 1714 
1215 2003 2975 1229 
1216 857 5223 2418 
1217 1920 2563 389 
1218 2080 3678 1223 
1219 2167 2711 1124 
1220 506 2562 1759 
1221 2170 2460 872 
1222 1673 3940 525 
1223 342 2274 341 
1224 1668 3041 754 
1225 1661 3999 1099 
1226 1594 3454 1956 
1227 435 2670 1980 
1228 2144 2443 1114 
1229 2189 4677 1661 
1230 1797 3194 1101 
1231 2221 3117 1073 
1232 1616 3803 2706 
1233 1743 4039 425 
1234 3337 3464 640 
1235 3615 3932 878 
1236 6 3518 2161 
1237 1663 3117 2001 
1238 2111 2535 1051 
1239 1812 4460 1278 
1240 103 2034 102 
1241 1001 3918 1724 
1242 1759 3825 506 
1243 517 2685 1779 
1244 2673 3485 1343 
1245 365 1960 364 
1246 223 2998 1690 
1247 2037 4467 892 
1248 2237 4484 3235 
1249 3057 5298 1697 
1250 1853 3473 750 
1251 1722 3956 762 
1252 999 3732 1780 
1253 1692 2938 453 
1254 2191 3993 855 
1255 1147 3299 2834 
1256 2477 4212 865 
1257 1606 4819 3409 
1258 2976 3366 525 
1259 652 3582 2108 
1260 3821 4058 634 
1261 1763 2533 856 
1262 1469 4112 3425 
1263 557 2891 2553 
1264 741 3683 1879 
1265 1787 4028 1273 
1266 1814 4474 537 
1267 523 3334 1688 
1268 3171 4115 1420 
1269 1892 2747 390 
1270 1586 3268 3118 
1271 1525 4057 2146 
1272 343 3467 1736 
1273 1887 2637 422 
1274 2631 3156 1106 
1275 1301 3708 3093 
1276 2712 4532 1817 
1277 2906 4414 1769 
1278 956 4752 2594 
1279 846 2597 1992 
1280 1747 3272 414 
1281 1807 4191 1349 
1282 1690 4586 223 
1283 1128 3356 2193 
1284 1913 3164 1066 
1285 1264 3949 1821 
1286 909 3391 1753 
1287 2174 2544 1165 
1288 976 2675 1694 
1289 1225 2724 2218 
1290 2512 4877 963 
1291 1761 3583 539 
1292 1671 2743 956 
1293 2116 2729 1012 
1294 1845 3109 1102 
1295 2661 3707 1454 
1296 2915 4099 396 
1297 1534 4264 1815 
1298 879 2388 1840 
1299 1185 3695 1767 
1300 1552 4816 3637 
1301 2208 2409 996 
1302 3853 4969 382 
1303 1858 3982 978 
1304 2267 3916 261 
1305 496 3500 2755 
1306 419 3438 3049 
1307 2236 3376 818 
1308 732 5065 1652 
1309 3358 3380 2122 
1310 924 2772 1774 
1311 3426 3480 1323 
1312 836 5023 1975 
1313 3373 5210 1131 
1314 2396 3449 785 
1315 3831 5021 1935 
1316 2746 4558 2027 
1317 3053 3567 905 
1318 1652 2965 732 
1319 525 5175 1673 
1320 1793 4339 480 
1321 1540 3147 1890 
1322 1696 4291 996 
1323 24 3994 2064 
1324 2045 4585 1611 
1325 1056 2918 2619 
1326 938 3976 1689 
1327 1425 4330 1855 
1328 2854 3996 690 
1329 448 2920 1724 
1330 2777 4666 1678 
1331 2553 2891 1356 
1332 1481 3619 2471 
1333 410 2404 2015 
1334 1821 4778 749 
1335 2416 4172 1571 
1336 494 3040 1982 
1337 2642 2932 464 
1338 2166 2564 434 
1339 603 3420 2630 
1340 2196 3477 569 
1341 480 3323 2252 
1342 2865 4782 2015 
1343 1014 2784 1692 
1344 852 2602 1986 
1345 2081 4179 2648 
1346 887 3413 1849 
1347 2831 4575 637 
1348 1986 2602 329 
1349 2481 3580 1592 
1350 2146 4057 544 
1351 522 2900 1922 
1352 2240 2486 1031 
1353 1759 2562 910 
1354 2203 3865 1533 
1355 1200 3834 2432 
1356 861 3718 3401 
1357 1879 3683 1265 
1358 634 4058 2099 
1359 3340 4234 1787 
1360 1682 3119 658 
1361 673 2381 1850 
1362 1658 2872 952 
1363 550 3814 2557 
1364 1754 3612 682 
1365 2718 2985 294 
1366 867 2970 1968 
1367 1915 4469 4344 
1368 1767 3695 699 
1369 1401 2932 2642 
1370 504 3580 2481 
1371 547 2246 2060 
1372 1011 2943 1685 
1373 2027 4558 1195 
1374 966 2981 1690 
1375 349 3859 2604 
1376 1566 3502 2842 
1377 3208 4148 2272 
1378 2207 2856 832 
1379 2186 2873 882 
1380 4577 4664 911 
1381 550 2557 2398 
1382 1115 2458 1821 
1383 959 3977 2478 
1384 1987 3122 145 
1385 181 2829 180 
1386 874 2979 2444 
1387 490 5234 1697 
1388 1186 2449 1936 
1389 3544 4649 1740 
1390 2055 4653 2762 
1391 1691 3007 1000 
1392 705 3303 1698 
1393 134 5164 2000 
1394 710 3605 2702 
1395 1788 4412 832 
1396 2000 2320 823 
1397 2063 4186 1400 
1398 1886 2346 916 
1399 2009 5023 836 
1400 1795 2754 514 
1401 1812 3530 717 
1402 2008 3188 832 
1403 2179 2732 967 
1404 406 4585 2045 
1405 383 4085 2691 
1406 471 3551 3260 
1407 38 2494 37 
1408 2670 5077 1980 
1409 1438 4068 1988 
1410 4260 4867 2682 
1411 859 2851 2331 
1412 1738 4376 1094 
1413 1837 2750 744 
1414 1100 4653 2055 
1415 2060 2246 1058 
1416 449 4352 1734 
1417 1197 3229 2135 
1418 1697 3450 490 
1419 1243 3640 2028 
1420 2501 3342 2051 
1421 3321 3780 1637 
1422 19 2295 18 
1423 1324 2463 2064 
1424 578 2659 2470 
1425 972 2701 2089 
1426 1744 3664 2452 
1427 1744 5017 3664 
1428 2282 3603 1415 
1429 880 2691 1719 
1430 1939 2277 827 
1431 514 4181 1795 
1432 222 2049 221 
1433 63 3183 62 
1434 2113 4000 3775 
1435 2255 4021 214 
1436 1749 2596 864 
1437 2635 3672 1573 
1438 2519 4714 154 
1439 1461 4658 3776 
1440 1713 3379 729 
1441 2253 2383 1119 
1442 2122 3380 573 
1443 215 2255 214 
1444 1768 4353 1360 
1445 772 3950 2342 
1446 1738 3100 40 
1447 2100 3553 3142 
1448 1048 2279 2185 
1449 1185 3583 1761 
1450 2268 3670 2701 
1451 1819 2931 714 
1452 1134 4438 1866 
1453 1104 3417 2077 
1454 1955 3247 1160 
1455 1753 2554 909 
1456 1724 2993 448 
1457 2330 3064 585 
1458 1909 4826 636 
1459 1625 5210 3373 
1460 1685 3404 1011 
1461 2073 5022 891 
1462 2631 4059 3156 
1463 234 2478 233 
1464 1615 3876 3409 
1465 74 2294 73 
1466 1539 4368 4266 
1467 2015 4170 820 
1468 2387 3740 2284 
1469 1138 3240 2125 
1470 1724 2920 1001 
1471 1787 4234 3491 
1472 1839 2850 901 
1473 433 3419 1753 
1474 1480 4340 2188 
1475 3386 3746 944 
1476 1142 3531 3491 
1477 780 4038 1849 
1478 2086 3309 825 
1479 526 4532 2712 
1480 1739 2874 1059 
1481 1046 5077 2670 
1482 2949 4141 1096 
1483 1917 2381 1073 
1484 1897 3659 884 
1485 759 2536 1899 
1486 1108 3049 1683 
1487 1025 2931 1819 
1488 1272 3349 2714 
1489 1005 2892 2644 
1490 1070 2651 1761 
1491 3171 3298 835 
1492 752 4677 4636 
1493 2110 2468 961 
1494 809 2580 1766 
1495 1703 3567 3053 
1496 3219 3389 1475 
1497 1934 2811 423 
1498 736 2484 1844 
1499 1263 4269 1754 
1500 4344 4841 1915 
1501 1860 2700 1319 
1502 1198 3874 2362 
1503 735 3526 1793 
1504 1964 2513 1213 
1505 1009 2666 2546 
1506 1958 4116 474 
1507 3221 3484 551 
1508 1467 3582 2801 
1509 859 3025 2033 
1510 4075 4752 1737 
1511 1869 4441 1469 
1512 8 3518 7 
1513 1306 3990 1864 
1514 2398 2557 1162 
1515 2763 4166 616 
1516 780 2726 1730 
1517 2809 4634 1561 
1518 1701 4099 2915 
1519 1694 2877 976 
1520 2265 3378 179 
1521 1650 3053 2356 
1522 500 4257 2033 
1523 911 3224 1755 
1524 1044 3189 2983 
1525 545 4329 2778 
1526 1675 5262 3733 
1527 1241 3208 2428 
1528 970 3672 2635 
1529 780 3247 1955 
1530 1188 3612 1754 
1531 4280 4284 1953 
1532 812 3153 3066 
1533 1772 4283 592 
1534 425 2690 2677 
1535 983 2679 2466 
1536 911 4664 2033 
1537 1821 3949 546 
1538 549 2575 2093 
1539 1251 3205 1710 
1540 744 2750 1874 
1541 583 3203 1716 
1542 1774 3062 924 
1543 3401 5246 861 
1544 2470 2659 1234 
1545 2466 2679 1221 
1546 718 3369 1747 
1547 1683 3014 1108 
1548 1989 2957 531 
1549 1855 2587 418 
1550 1703 3053 501 
1551 3748 4573 2310 
1552 144 2018 143 
1553 1776 4947 2459 
1554 2221 3835 3117 
1555 1992 2353 846 
1556 974 3215 1777 
1557 1294 4253 3494 
1558 1539 4266 2455 
1559 436 4596 3137 
1560 1936 2449 760 
1561 1728 3411 993 
1562 3579 4197 2808 
1563 2108 3582 1311 
1564 4068 4961 1988 
1565 2001 4971 1663 
1566 1958 3186 891 
1567 2075 4377 4211 
1568 2467 3790 1864 
1569 3417 3474 2077 
1570 1911 3066 1395 
1571 1933 3861 1314 
1572 1016 3658 1870 
1573 3007 4641 36 
1574 1731 3302 475 
1575 1293 3242 2592 
1576 1707 4263 192 
1577 1992 2597 398 
1578 2049 3422 1184 
1579 2113 3775 1247 
1580 1839 2559 536 
1581 1077 2537 2286 
1582 1748 3304 789 
1583 1172 3569 2995 
1584 54 2012 53 
1585 601 4514 3015 
1586 7 3518 6 
1587 1971 2309 886 
1588 597 4796 1872 
1589 919 2577 2150 
1590 2142 2462 970 
1591 2682 4867 1002 
1592 94 3034 1968 
1593 1161 2462 2142 
1594 3990 4411 1864 
1595 1148 3787 1750 
1596 454 3398 1862 
1597 719 4104 1877 
1598 2244 3822 1495 
1599 500 3025 2548 
1600 2337 2786 866 
1601 1458 4125 3010 
1602 828 4377 2075 
1603 1430 4116 1958 
1604 895 2576 1790 
1605 490 4280 1953 
1606 1790 3504 498 
1607 2066 2497 918 
1608 649 3861 1933 
1609 1154 2622 1799 
1610 1877 4104 1352 
1611 1044 3043 1808 
1612 1672 3898 3659 
1613 925 2524 1841 
1614 786 3377 2007 
1615 87 2247 86 
1616 1350 2853 2703 
1617 2112 2369 421 
1618 1811 3737 754 
1619 1094 5277 1738 
1620 2243 3094 1440 
1621 2596 4046 733 
1622 2185 2279 876 
1623 996 3052 1696 
1624 1195 4558 3584 
1625 826 3603 2282 
1626 2101 4675 910 
1627 404 2736 1751 
1628 552 2475 2291 
1629 2028 2999 1243 
1630 2539 3241 392 
1631 1983 4640 2396 
1632 1236 2819 2534 
1633 788 3172 2459 
1634 2058 4574 72 
1635 1798 2601 784 
1636 2175 4323 1341 
1637 2721 3432 1107 
1638 2052 2512 1352 
1639 3076 4094 858 
1640 2293 4253 1294 
1641 1624 3432 2721 
1642 2851 4433 2331 
1643 2326 4794 952 
1644 2464 4599 702 
1645 1808 3043 535 
1646 109 5005 1861 
1647 894 2971 2026 
1648 2377 4531 1717 
1649 450 3822 2244 
1650 816 3551 2109 
1651 662 5047 2417 
1652 346 2241 345 
1653 475 2958 1731 
1654 1025 4960 2905 
1655 553 4158 2031 
1656 2145 2488 845 
1657 1405 2843 2459 
1658 1783 2790 712 
1659 1664 4297 2146 
1660 3150 4006 881 
1661 1152 3504 1790 
1662 1940 5054 1208 
1663 2455 3231 739 
1664 1981 3546 127 
1665 2728 4566 1565 
1666 3524 4162 2123 
1667 1891 3094 837 
1668 2976 4823 1682 
1669 2362 3874 3132 
1670 1801 3421 389 
1671 2471 3619 444 
1672 2378 3756 1479 
1673 974 2723 1778 
1674 2115 3548 1220 
1675 425 2849 1743 
1676 2072 4804 1030 
1677 426 2523 2340 
1678 2213 3921 2242 
1679 527 3958 2283 
1680 2340 2523 1103 
1681 2703 2853 1090 
1682 1182 2972 1934 
1683 1805 4926 2720 
1684 1906 4021 1393 
1685 318 2115 317 
1686 1918 2930 1237 
1687 1305 2833 1762 
1688 2151 2285 888 
1689 1497 4659 3332 
1690 2995 3569 1585 
1691 1026 2394 2245 
1692 1710 3280 1251 
1693 975 3579 2808 
1694 1267 3858 2326 
1695 2318 3954 3506 
1696 2183 2597 846 
1697 1363 5021 3831 
1698 1882 2517 552 
1699 1799 2622 1364 
1700 1751 3978 404 
1701 2524 2894 598 
1702 480 4339 1894 
1703 891 3084 2037 
1704 2346 3471 1286 
1705 3491 4234 518 
1706 1815 3118 897 
1707 3261 3542 1485 
1708 1071 3081 1899 
1709 2494 3007 37 
1710 1731 2958 986 
1711 1411 3231 2455 
1712 1278 2493 2311 
1713 419 4437 1843 
1714 78 3575 2430 
1715 534 2555 2358 
1716 629 2813 1905 
1717 2093 2575 1052 
1718 3356 4024 2193 
1719 702 4145 2464 
1720 897 3983 1815 
1721 382 4433 3853 
1722 2036 2728 761 
1723 2611 3958 527 
1724 1862 3398 1153 
1725 1672 4126 3898 
1726 2091 2617 1212 
1727 238 2990 1794 
1728 2135 3020 547 
1729 744 4109 1837 
1730 2019 3654 1270 
1731 2901 3499 1524 
1732 535 4498 1808 
1733 1702 3167 709 
1734 2550 3954 1745 
1735 697 4411 3990 
1736 1468 3241 2539 
1737 1293 4173 3242 
1738 803 4062 2187 
1739 1993 3075 620 
1740 1966 2480 731 
1741 1965 3751 903 
1742 906 3647 2041 
1743 621 3097 2048 
1744 1875 2984 948 
1745 2413 4084 3202 
1746 2983 3189 1622 
1747 1793 3959 735 
1748 4531 4968 1717 
1749 1910 5039 430 
1750 1746 3968 572 
1751 2328 2352 940 
1752 2691 4085 1719 
1753 4602 4699 1022 
1754 1899 3081 462 
1755 1167 5068 3206 
1756 3135 3374 1501 
1757 1010 2774 1846 
1758 3219 5207 2046 
1759 1229 2967 2564 
1760 527 5142 2611 
1761 3858 4941 2326 
1762 3811 5142 527 
1763 2548 3025 1304 
1764 1750 3434 1202 
1765 831 2693 1947 
1766 2787 4785 1681 
1767 846 2353 2024 
1768 1749 4046 2596 
1769 709 3364 1702 
1770 1910 2941 992 
1771 1903 2737 1148 
1772 3283 4067 940 
1773 26 2186 25 
1774 1866 4438 738 
1775 1778 3699 974 
1776 1753 3391 433 
1777 783 4694 1795 
1778 1346 2980 2538 
1779 1716 4463 2457 
1780 2404 4170 2015 
1781 2176 2385 426 
1782 1771 3419 433 
1783 3070 3232 1659 
1784 1938 2446 1258 
1785 1018 2475 2269 
1786 1321 2880 2617 
1787 1346 2737 1903 
1788 733 4035 2596 
1789 2617 2880 453 
1790 1898 2502 876 
1791 2459 3172 1405 
1792 1762 4210 704 
1793 1059 3210 1739 
1794 569 3477 2934 
1795 789 4274 1748 
1796 1594 4445 3454 
1797 1719 3851 880 
1798 1785 3621 834 
1799 399 3577 2549 
1800 826 2282 2098 
1801 785 3449 2081 
1802 1827 2770 1248 
1803 1947 2693 1121 
1804 1621 3920 2129 
1805 1841 2632 925 
1806 824 2734 2266 
1807 2104 4103 1362 
1808 3206 5068 1687 
1809 1678 4957 2777 
1810 1364 3993 1799 
1811 693 3954 2550 
1812 1375 3136 2048 
1813 2182 2637 1248 
1814 1999 4019 2364 
1815 40 4376 1738 
1816 389 3832 1801 
1817 874 2444 1929 
1818 2574 2846 256 
1819 1664 4776 4297 
1820 2245 2394 546 
1821 1344 3748 2310 
1822 1360 4986 1768 
1823 1186 2680 2449 
1824 1489 4157 2768 
1825 1113 3565 2181 
1826 2286 2537 1006 
1827 234 4493 2478 
1828 2148 4769 1597 
1829 777 5207 3219 
1830 2127 3566 856 
1831 1314 4495 1933 
1832 1313 4281 3777 
1833 2015 4932 410 
1834 2677 2690 1247 
1835 945 2615 2074 
1836 416 2699 2139 
1837 2008 2565 624 
1838 764 5238 1938 
1839 1634 4872 2651 
1840 2116 3861 2729 
1841 2413 3202 1110 
1842 1285 3788 1813 
1843 2264 2684 413 
1844 726 2812 1836 
1845 2238 5011 946 
1846 1278 3980 1812 
1847 1319 4123 1860 
1848 980 3032 1747 
1849 296 2088 295 
1850 902 4658 2752 
1851 1018 3159 2747 
1852 2385 4198 950 
1853 884 4366 1897 
1854 1169 3020 2135 
1855 1763 2868 559 
1856 411 3116 2798 
1857 853 2909 1752 
1858 1050 2728 2036 
1859 1921 4588 2927 
1860 2023 3946 879 
1861 892 2649 2073 
1862 2372 5011 2238 
1863 2792 4582 478 
1864 2253 4649 814 
1865 847 2366 2076 
1866 2751 4051 586 
1867 2298 4446 3416 
1868 798 2803 1782 
1869 2534 2819 755 
1870 1123 3075 1993 
1871 1363 3089 2047 
1872 1054 2352 2328 
1873 2034 3371 102 
1874 713 2904 1765 
1875 1640 3932 3615 
1876 2122 5054 1940 
1877 29 2121 28 
1878 483 3351 1769 
1879 724 3016 1757 
1880 1121 3320 1947 
1881 1508 3464 3337 
1882 1902 3447 919 
1883 1307 3674 2826 
1884 1496 2902 2487 
1885 792 4827 2509 
1886 2266 2734 1132 
1887 2792 3482 1339 
1888 2158 4136 1877 
1889 1238 2890 2450 
1890 844 4837 2371 
1891 530 2695 2067 
1892 368 2159 367 
1893 2847 3234 635 
1894 823 2906 1769 
1895 672 3654 2019 
1896 1991 4762 1049 
1897 1322 2839 2273 
1898 1899 2536 1071 
1899 2329 4323 2175 
1900 537 2864 1814 
1901 874 2471 1951 
1902 618 3350 2299 
1903 610 3906 2028 
1904 2006 4099 1374 
1905 1063 3094 1891 
1906 3674 5034 2826 
1907 2299 3350 1339 
1908 72 4574 71 
1909 1127 5304 1755 
1910 2358 2555 1129 
1911 1936 3466 570 
1912 936 4446 2298 
1913 1889 4969 3853 
1914 770 2756 1817 
1915 1754 3624 1188 
1916 1028 2852 2177 
1917 1817 4784 2712 
1918 1948 4246 932 
1919 855 3756 2378 
1920 2295 4638 1632 
1921 702 3232 3070 
1922 2449 2680 1023 
1923 932 4296 1948 
1924 1355 5132 1888 
1925 714 4751 1819 
1926 67 2845 66 
1927 3877 3941 1748 
1928 2111 4345 404 
1929 1993 3522 1123 
1930 1831 3311 138 
1931 1956 4750 1594 
1932 699 4546 3630 
1933 2342 3846 772 
1934 2024 4289 1214 
1935 396 4099 2006 
1936 1770 4649 2253 
1937 738 4438 1930 
1938 948 3560 2476 
1939 948 4581 3560 
1940 1785 4806 3130 
1941 2081 3449 1256 
1942 1046 5237 1822 
1943 1859 5100 3368 
1944 1507 4384 2123 
1945 4253 4421 1641 
1946 1450 3917 3547 
1947 699 3630 1767 
1948 4034 4681 786 
1949 1608 4682 2612 
1950 418 2587 1950 
1951 2927 4588 536 
1952 436 4647 2046 
1953 2053 2647 841 
1954 2256 3551 816 
1955 1727 4198 2385 
1956 470 3544 2876 
1957 818 4688 1800 
1958 1856 4566 2728 
1959 558 3735 3255 
1960 1932 5223 2069 
1961 896 4172 2416 
1962 784 4284 1925 
1963 2041 2368 906 
1964 3241 4448 1938 
1965 990 4053 2812 
1966 2178 3377 786 
1967 964 3353 1776 
1968 2572 3616 303 
1969 3572 4180 1784 
1970 1125 2789 2421 
1971 2110 4946 2468 
1972 4546 4872 1634 
1973 1736 4067 3283 
1974 1899 3925 759 
1975 1163 3296 2048 
1976 1103 2616 2340 
1977 1917 4652 800 
1978 2258 2550 890 
1979 935 3304 1748 
1980 1335 2925 2681 
1981 1747 3032 718 
1982 1852 3495 444 
1983 79 3575 78 
1984 4513 4900 2484 
1985 1058 2892 2060 
1986 1810 4961 3051 
1987 2619 3735 558 
1988 2166 2971 894 
1989 2105 2537 387 
1990 1979 4296 932 
1991 2273 2839 966 
1992 2363 2875 955 
1993 1769 3588 823 
1994 2108 2683 1383 
1995 1925 4284 1409 
1996 620 5169 3196 
1997 910 4106 2101 
1998 877 3218 1758 
1999 715 4105 2356 
2000 1650 5162 3053 
2001 2869 3393 1387 
2002 3298 4117 513 
2003 1761 3695 1185 
2004 422 2785 1887 
2005 1781 3405 1087 
2006 1849 4038 887 
2007 1788 2856 397 
2008 499 4841 4344 
2009 2246 3020 918 
2010 1838 2885 955 
2011 1799 3680 1154 
2012 931 2447 1991 
2013 1814 2864 997 
2014 840 2935 1786 
2015 1512 4019 2766 
2016 1026 3134 1760 
2017 147 2380 146 
2018 433 3391 2578 
2019 420 2863 1805 
2020 4743 4831 824 
2021 2346 2916 916 
2022 832 3188 2300 
2023 2876 3544 1740 
2024 1827 3937 869 
2025 1985 3510 638 
2026 854 2431 1993 
2027 2114 4106 910 
2028 2497 5257 918 
2029 515 3291 2668 
2030 2895 3035 439 
2031 480 2796 1793 
2032 440 4016 1941 
2033 1853 3486 1190 
2034 2028 3906 1367 
2035 2984 4294 401 
2036 1404 3946 2023 
2037 2852 4143 2177 
2038 1010 3621 1785 
2039 3751 3886 903 
2040 659 2527 1937 
2041 827 2456 1939 
2042 1331 3027 2576 
2043 1937 3704 659 
2044 606 3680 1799 
2045 1927 2940 543 
2046 165 3766 1780 
2047 978 4188 1858 
2048 139 3934 1831 
2049 2873 4265 882 
2050 1263 4045 2290 
2051 1723 4051 2751 
2052 1728 4714 2519 
2053 2069 2511 602 
2054 3288 4704 1733 
2055 2028 3640 1014 
2056 342 3283 2274 
2057 2242 3715 2097 
2058 1782 3699 798 
2059 1498 3035 2895 
2060 1999 2542 950 
2061 869 2637 1887 
2062 2898 4109 941 
2063 2482 4135 1930 
2064 489 3437 1786 
2065 1800 3316 818 
2066 1866 3624 447 
2067 536 2850 1839 
2068 376 2228 375 
2069 2812 4053 1836 
2070 1038 2933 1861 
2071 1745 3537 3403 
2072 2564 4328 1229 
2073 1188 3624 1866 
2074 371 2632 370 
2075 3403 3537 1179 
2076 1803 3488 639 
2077 3706 5207 1781 
2078 2681 2925 1092 
2079 1003 4272 3728 
2080 2219 3218 1336 
2081 2803 4027 1782 
2082 1470 3036 2119 
2083 1154 3495 1852 
2084 422 2637 2182 
2085 1755 4033 1127 
2086 2768 4228 1489 
2087 3186 4522 891 
2088 1153 3606 1862 
2089 997 2894 1814 
2090 1981 3290 1150 
2091 3436 4992 2915 
2092 1057 4654 1789 
2093 2457 4463 927 
2094 537 4474 2133 
2095 2059 2833 790 
2096 1490 4592 2955 
2097 917 3707 2661 
2098 304 2572 303 
2099 1248 3937 1827 
2100 2805 2979 606 
2101 979 2959 1941 
2102 3709 4168 739 
2103 2524 4705 2894 
2104 1950 2738 418 
2105 1287 3997 2040 
2106 936 2760 1982 
2107 2230 3101 949 
2108 1775 3971 1087 
2109 1902 2611 969 
2110 1095 3305 1848 
2111 2524 3988 1841 
2112 433 4952 1771 
2113 1054 4410 1774 
2114 2039 3261 1485 
2115 2576 3027 664 
2116 1835 2847 635 
2117 2202 2660 1253 
2118 1757 3125 724 
2119 1585 3955 2804 
2120 4344 4469 1463 
2121 1229 4328 3328 
2122 1780 3732 165 
2123 1448 3234 2847 
2124 87 3313 2247 
2125 1792 3655 1224 
2126 1317 3433 1772 
2127 1244 3112 2319 
2128 2706 4948 1616 
2129 1835 3594 985 
2130 1820 4510 1017 
2131 1068 3055 2134 
2132 2281 3903 1509 
2133 1079 3316 1800 
2134 2391 3166 1284 
2135 142 4160 2393 
2136 2546 2666 1105 
2137 2020 3115 929 
2138 2163 2915 396 
2139 1042 2513 1964 
2140 416 5117 1914 
2141 1951 3495 1154 
2142 2340 2616 890 
2143 739 4168 2455 
2144 1837 4109 2898 
2145 2445 4220 1111 
2146 3363 4104 719 
2147 90 2285 89 
2148 1808 3189 1044 
2149 615 2861 2392 
2150 2696 3593 1536 
2151 1786 3563 840 
2152 1966 4692 2480 
2153 2031 4158 2693 
2154 3497 4111 469 
2155 693 3903 2281 
2156 2821 4421 860 
2157 2356 4105 1650 
2158 2578 3391 1529 
2159 1101 2966 1797 
2160 2262 2821 860 
2161 2048 3296 621 
2162 2458 4778 1821 
2163 521 4245 1828 
2164 1072 3122 1987 
2165 944 3284 1897 
2166 1049 2921 1796 
2167 451 2885 1838 
2168 2116 4084 1314 
2169 2759 4602 1022 
2170 2668 3291 1530 
2171 1970 3027 1331 
2172 2786 4826 1909 
2173 2115 4610 3548 
2174 2247 3844 1802 
2175 2104 4813 4103 
2176 1084 3054 1802 
2177 2189 3144 1381 
2178 498 4904 1995 
2179 2070 5244 3539 
2180 1837 2898 429 
2181 941 4109 3414 
2182 2596 4035 1639 
2183 2319 3112 584 
2184 832 4412 2008 
2185 2106 4796 597 
2186 254 2332 253 
2187 1645 4115 3171 
2188 3152 5039 1910 
2189 985 2847 1835 
2190 1661 3244 2189 
2191 2423 4460 1812 
2192 897 3268 2510 
2193 230 3055 1901 
2194 891 3549 1958 
2195 2868 3148 559 
2196 1315 3436 2915 
2197 1896 2741 790 
2198 915 2878 1931 
2199 1245 3704 1937 
2200 685 3093 2047 
2201 613 3166 2391 
2202 1183 3222 1797 
2203 1031 2369 2128 
2204 640 3777 3365 
2205 1766 3446 809 
2206 1426 4150 2834 
2207 1846 4706 2214 
2208 673 2974 2221 
2209 2499 3074 722 
2210 841 4326 2199 
2211 2708 4272 1003 
2212 1895 2684 813 
2213 1887 4128 869 
2214 696 3494 2821 
2215 929 3115 2064 
2216 108 2120 107 
2217 1875 4294 2984 
2218 2050 2436 915 
2219 1950 2587 1300 
2220 2480 4692 1392 
2221 1028 3499 2901 
2222 1454 4080 2661 
2223 2328 3166 613 
2224 1386 3855 2231 
2225 970 2635 2161 
2226 951 4660 3419 
2227 1644 4552 3282 
2228 2769 3009 1389 
2229 1874 2750 1013 
2230 1343 3841 2673 
2231 1774 3095 1054 
2232 1443 4166 2763 
2233 185 2130 184 
2234 2049 4650 3422 
2235 1087 3405 1775 
2236 1069 3182 2000 
2237 1395 4383 1911 
2238 1838 4499 1043 
2239 2798 3116 1369 
2240 1611 3113 2045 
2241 1803 4664 4577 
2242 1865 2755 847 
2243 2821 3494 1641 
2244 1222 3294 1818 
2245 1346 4301 2980 
2246 1855 5138 1425 
2247 1826 2888 1007 
2248 2724 3485 2218 
2249 635 3141 1835 
2250 3355 4998 1713 
2251 1856 3669 2922 
2252 397 3453 1788 
2253 2459 4947 788 
2254 2311 4494 4425 
2255 2132 3871 937 
2256 736 4513 2484 
2257 460 3144 2189 
2258 813 2705 1895 
2259 574 2697 2001 
2260 1689 4467 2501 
2261 2064 2463 929 
2262 816 3394 1996 
2263 2192 3736 66 
2264 1623 4006 3150 
2265 1041 4825 1961 
2266 4422 5080 1004 
2267 2967 2975 1117 
2268 2392 2861 1206 
2269 882 4265 3146 
2270 1901 4331 230 
2271 756 4209 2003 
2272 427 2939 1945 
2273 1278 4572 2493 
2274 722 3189 1808 
2275 3094 4394 1440 
2276 1856 2728 1050 
2277 1394 3293 2290 
2278 916 2658 1886 
2279 1204 3648 3021 
2280 1790 3469 1152 
2281 1577 2973 2090 
2282 429 3868 1837 
2283 1072 3563 1786 
2284 2526 4982 1627 
2285 857 2418 2096 
2286 2248 2848 339 
2287 1938 5238 2446 
2288 624 3322 3188 
2289 476 4811 2024 
2290 1012 3342 1791 
2291 1861 2933 109 
2292 1274 3954 2318 
2293 2313 3636 773 
2294 2795 4550 994 
2295 2549 3577 1460 
2296 842 2329 2175 
2297 227 2234 226 
2298 446 4819 3132 
2299 621 3941 3877 
2300 604 3573 2334 
2301 1955 4175 780 
2302 2635 4226 378 
2303 2032 2823 276 
2304 2534 4603 1875 
2305 1427 3644 3103 
2306 3409 3876 1109 
2307 1013 2980 1874 
2308 1352 4064 1877 
2309 2138 2919 1086 
2310 2801 3582 652 
2311 413 3802 2264 
2312 37 3007 36 
2313 1050 2832 2079 
2314 260 2681 259 
2315 2510 3268 1388 
2316 2020 5093 2867 
2317 942 4832 2224 
2318 1834 3339 418 
2319 155 2519 154 
2320 2914 4220 2445 
2321 1478 4596 3193 
2322 1605 4360 2453 
2323 1674 4942 3374 
2324 1890 4150 724 
2325 349 2604 348 
2326 352 3370 1823 
2327 2425 3589 1234 
2328 1333 3074 2499 
2329 554 2542 1999 
2330 807 3936 2125 
2331 245 2703 244 
2332 3320 4937 1986 
2333 2047 3093 1107 
2334 955 2813 1838 
2335 943 4181 2131 
2336 596 2590 1971 
2337 1007 3128 1826 
2338 2820 3491 518 
2339 2347 2734 824 
2340 539 3847 3192 
2341 1132 3000 2212 
2342 1839 5202 3145 
2343 222 4586 2049 
2344 2121 4261 1482 
2345 922 3752 3236 
2346 1996 4437 419 
2347 873 4755 2140 
2348 3072 4859 1658 
2349 1835 3141 1047 
2350 1978 5015 1035 
2351 2253 4355 2383 
2352 2179 3654 2732 
2353 1083 3339 1834 
2354 1637 4407 3321 
2355 1796 4349 1049 
2356 887 3278 2251 
2357 1789 3183 1057 
2358 2043 3149 385 
2359 1031 3968 2817 
2360 2064 3994 1324 
2361 1981 4805 3290 
2362 2254 2710 842 
2363 2355 4685 1807 
2364 957 3540 2235 
2365 2318 2747 1274 
2366 1920 4319 991 
2367 3157 4416 1250 
2368 1826 3128 538 
2369 1844 3793 736 
2370 2509 4827 1806 
2371 2224 4832 4003 
2372 3539 5244 1142 
2373 881 3857 3150 
2374 2331 2814 859 
2375 2181 3565 2630 
2376 2972 4459 1934 
2377 3331 4195 1205 
2378 1928 4724 3758 
2379 1156 2814 2331 
2380 1785 3130 487 
2381 423 2512 2052 
2382 1670 4094 3076 
2383 1817 3220 770 
2384 1202 3253 2625 
2385 2495 5021 465 
2386 2545 2703 1090 
2387 142 2393 141 
2388 1822 3991 538 
2389 3414 4109 1847 
2390 1823 4602 352 
2391 2556 2681 1092 
2392 388 4719 1903 
2393 2167 3077 593 
2394 2371 4837 1721 
2395 3555 4995 3105 
2396 2044 4912 782 
2397 2074 3790 511 
2398 1273 4028 1926 
2399 2186 3994 25 
2400 886 4918 2030 
2401 2337 4073 2786 
2402 1733 4416 3157 
2403 529 3252 1819 
2404 2425 4187 3589 
2405 2045 3113 1194 
2406 1800 4761 1079 
2407 2353 4289 2024 
2408 2082 4216 795 
2409 1845 4042 1011 
2410 1043 3009 2769 
2411 891 4522 3084 
2412 403 4180 3572 
2413 588 3170 2485 
2414 1687 3819 2152 
2415 2221 2974 1173 
2416 456 2497 2066 
2417 1549 4608 2500 
2418 2403 3414 1779 
2419 435 2919 2138 
2420 793 4261 2121 
2421 197 4363 2532 
2422 2660 2991 1253 
2423 630 3593 2696 
2424 188 4020 1870 
2425 2107 4652 1917 
2426 2743 5157 3104 
2427 2867 5093 1032 
2428 3137 4647 436 
2429 1840 4369 2426 
2430 969 3626 1883 
2431 1202 3434 3253 
2432 1839 3145 2559 
2433 3290 4805 766 
2434 2371 4744 844 
2435 2294 3198 1160 
2436 1627 3547 2526 
2437 1938 4448 764 
2438 1819 3252 1025 
2439 1516 4663 2130 
2440 1118 2601 2114 
2441 2039 3416 1328 
2442 503 3648 2378 
2443 1011 3404 1845 
2444 1243 2479 2474 
2445 1367 2999 2028 
2446 1962 3651 1174 
2447 604 4317 3573 
2448 1695 4422 2858 
2449 1982 3040 936 
2450 4330 5297 1855 
2451 1122 3371 2034 
2452 944 3746 2181 
2453 1822 3596 1046 
2454 1941 4496 440 
2455 501 3554 2451 
2456 750 3915 1853 
2457 1869 3425 716 
2458 899 4494 2311 
2459 1170 4431 3818 
2460 1643 3491 2820 
2461 1872 2858 1004 
2462 1425 3484 3221 
2463 254 4161 2332 
2464 2505 3542 626 
2465 1607 2821 2262 
2466 767 3813 1922 
2467 855 2378 2191 
2468 2875 3528 955 
2469 675 3598 2323 
2470 1933 4495 3352 
2471 1819 4751 3030 
2472 1923 2793 965 
2473 2212 3000 555 
2474 984 3303 1852 
2475 1983 4575 1459 
2476 1306 3790 2074 
2477 1850 5294 673 
2478 401 3416 2039 
2479 465 5021 4017 
2480 937 2565 2008 
2481 620 5219 1993 
2482 1919 4188 978 
2483 1139 3556 2689 
2484 932 2511 2069 
2485 1444 4035 3209 
2486 1089 3660 1867 
2487 2045 5066 406 
2488 2071 4924 1675 
2489 1221 4351 2321 
2490 398 4657 1992 
2491 2025 2785 422 
2492 1913 4396 3164 
2493 538 3596 1822 
2494 1127 3374 3135 
2495 1082 4782 2865 
2496 2038 3394 816 
2497 3108 4290 641 
2498 2248 3493 1227 
2499 2120 3039 1484 
2500 336 3962 1867 
2501 612 2789 2650 
2502 282 2886 1924 
2503 1151 2734 2347 
2504 1137 3465 1943 
2505 2019 3665 2771 
2506 2124 3389 1076 
2507 960 2773 2234 
2508 1922 2692 767 
2509 969 3018 1902 
2510 1283 4230 1909 
2511 2638 4802 1603 
2512 2046 5207 3706 
2513 1854 4797 539 
2514 2079 2832 790 
2515 3702 4830 1896 
2516 1148 3514 1903 
2517 2024 4773 846 
2518 403 3760 2561 
2519 487 3335 1785 
2520 2712 4784 1008 
2521 949 3101 2422 
2522 1688 3334 2877 
2523 3058 4300 1473 
2524 938 2501 2051 
2525 34 2628 33 
2526 1485 3542 2505 
2527 3260 3551 1502 
2528 992 3152 1910 
2529 3671 4789 1260 
2530 842 3158 2254 
2531 2031 4198 553 
2532 931 3485 2673 
2533 852 4847 2602 
2534 716 3300 1869 
2535 725 4418 1820 
2536 1845 3404 707 
2537 425 4039 2117 
2538 790 2832 1896 
2539 3419 4660 1753 
2540 1356 3555 3105 
2541 543 3263 1927 
2542 929 4489 1826 
2543 1908 4319 765 
2544 1968 4423 867 
2545 4326 5084 2199 
2546 390 2747 2318 
2547 1388 4873 3667 
2548 1603 4893 2638 
2549 1977 4278 810 
2550 2323 3598 1412 
2551 2770 2855 1248 
2552 2768 2889 1321 
2553 2234 2773 1322 
2554 1808 4050 722 
2555 1255 4701 1841 
2556 1964 4770 1042 
2557 2254 3158 1209 
2558 388 2372 2238 
2559 2817 3968 1746 
2560 2643 3813 1646 
2561 1834 4436 1083 
2562 873 5089 4755 
2563 1818 3507 626 
2564 982 3813 2643 
2565 528 4465 1908 
2566 4484 4785 730 
2567 2054 2929 1192 
2568 1734 3579 2764 
2569 1243 2999 2479 
2570 1846 3621 1010 
2571 2010 4998 3355 
2572 1121 4937 3320 
2573 1841 4701 370 
2574 2074 3230 945 
2575 1444 3209 2536 
2576 601 3401 2355 
2577 1848 3490 1095 
2578 765 4319 1920 
2579 1404 4141 2949 
2580 4263 5236 2518 
2581 1903 3514 388 
2582 460 3244 2779 
2583 2747 3159 1274 
2584 1398 3642 2227 
2585 1865 3730 1088 
2586 1883 3018 969 
2587 2720 4926 1027 
2588 3439 4351 1221 
2589 1287 2979 2805 
2590 1932 3008 2418 
2591 1903 4194 1346 
2592 2249 4181 943 
2593 973 2409 2208 
2594 1864 3790 1306 
2595 434 3184 2912 
2596 1107 3432 2047 
2597 2231 3855 810 
2598 1237 3824 1918 
2599 2485 3170 1347 
2600 1145 3216 2571 
2601 845 3227 2145 
2602 1973 4361 776 
2603 965 3575 1923 
2604 624 3188 2008 
2605 1888 2919 435 
2606 2397 3647 1416 
2607 2604 3859 1458 
2608 606 2979 1951 
2609 963 2588 2061 
2610 2697 4560 2001 
2611 3898 4126 1279 
2612 2022 3070 904 
2613 1885 2954 769 
2614 1968 3034 1037 
2615 1051 5178 2111 
2616 1942 4593 819 
2617 1047 3179 1835 
2618 2182 2928 422 
2619 2466 2699 416 
2620 3244 4127 2779 
2621 610 2889 2768 
2622 2474 2479 917 
2623 934 4419 3470 
2624 1323 3480 2802 
2625 978 3982 2530 
2626 1397 4361 1973 
2627 2479 2999 391 
2628 3278 5302 2251 
2629 1861 3446 1038 
2630 971 3174 2058 
2631 2172 2486 986 
2632 2022 4777 492 
2633 1866 3850 1188 
2634 3240 4358 2125 
2635 2145 3227 1177 
2636 1496 4884 2902 
2637 1035 4605 1978 
2638 1927 3263 1095 
2639 3447 4886 919 
2640 1830 4295 2776 
2641 3613 4300 615 
2642 531 4666 2777 
2643 1004 5080 2624 
2644 1343 5049 2089 
2645 2501 4467 576 
2646 1158 2610 2427 
2647 828 4713 1976 
2648 216 3750 3217 
2649 578 3856 2659 
2650 3459 4357 1783 
2651 1880 3042 532 
2652 2735 3817 1237 
2653 2951 4740 688 
2654 435 3120 1888 
2655 269 2197 268 
2656 3552 4851 2548 
2657 2922 3669 430 
2658 2067 4922 530 
2659 1427 4457 2527 
2660 1693 4774 2230 
2661 2486 3968 1031 
2662 1952 3677 1175 
2663 452 2834 1890 
2664 2355 3401 1357 
2665 2265 2829 962 
2666 1358 3216 3195 
2667 3554 5162 2584 
2668 1357 4685 2355 
2669 225 2273 224 
2670 1393 4021 2255 
2671 2170 3620 2460 
2672 2666 2791 1105 
2673 2083 3006 1028 
2674 1078 5122 1851 
2675 708 2825 2492 
2676 1205 4195 2569 
2677 829 3233 2818 
2678 2301 3502 914 
2679 2517 5056 907 
2680 1720 4258 3256 
2681 2002 3918 552 
2682 2042 2739 862 
2683 2108 4471 652 
2684 2058 5218 1579 
2685 1867 3660 336 
2686 1681 4630 2787 
2687 110 5005 109 
2688 3300 4229 1868 
2689 2403 3433 941 
2690 681 3780 3321 
2691 2683 4142 1008 
2692 1298 4159 2057 
2693 957 4146 3540 
2694 1290 3047 2585 
2695 636 4056 1909 
2696 834 3621 1846 
2697 2373 2382 1036 
2698 412 5273 2909 
2699 605 5095 2026 
2700 1008 4142 2712 
2701 1836 3858 726 
2702 866 2786 1909 
2703 1006 2537 2105 
2704 1842 3811 1291 
2705 1200 4735 2166 
2706 587 3091 2085 
2707 1888 3120 1047 
2708 3418 3556 1139 
2709 2818 3233 1491 
2710 3163 3698 1510 
2711 1100 3383 2180 
2712 966 2998 2273 
2713 1318 2929 2054 
2714 2180 3068 581 
2715 1984 3959 2796 
2716 2843 3758 497 
2717 2003 4029 579 
2718 1701 4389 4099 
2719 1112 4171 1896 
2720 809 3446 1861 
2721 3898 4077 2406 
2722 1624 3449 2396 
2723 511 3790 2467 
2724 2055 3297 1100 
2725 2626 4227 1295 
2726 1254 2906 2278 
2727 3268 4873 1388 
2728 1871 3401 601 
2729 2946 3924 1434 
2730 527 3479 3029 
2731 3012 5074 912 
2732 2315 2884 1062 
2733 773 4315 2313 
2734 1034 3042 1880 
2735 2110 3164 290 
2736 653 4003 3127 
2737 598 3647 2397 
2738 1775 3405 3255 
2739 2230 4774 771 
2740 1020 3385 2715 
2741 1161 4401 2044 
2742 1883 3849 1034 
2743 1166 3064 2640 
2744 1888 3799 1355 
2745 2640 3064 1342 
2746 430 4140 1910 
2747 2415 3111 579 
2748 1880 3019 1034 
2749 2109 3551 471 
2750 1960 3922 1417 
2751 3918 5040 1724 
2752 2743 3104 956 
2753 1660 4530 2579 
2754 1905 4011 629 
2755 1409 3088 1925 
2756 539 3583 1854 
2757 1909 4056 1283 
2758 3398 4227 2626 
2759 790 2741 2059 
2760 3554 4994 2451 
2761 2033 4664 859 
2762 2659 3856 1666 
2763 2477 4472 3301 
2764 1613 5185 3782 
2765 2701 3841 2089 
2766 2085 3091 1103 
2767 2370 2408 1191 
2768 1350 3943 2263 
2769 3029 3479 1652 
2770 561 3672 2462 
2771 2735 3899 3817 
2772 676 4667 3478 
2773 1618 2746 2204 
2774 1483 5118 3587 
2775 3036 4413 2119 
2776 703 4258 3381 
2777 530 2858 2672 
2778 1238 3967 2890 
2779 1908 4097 528 
2780 1328 4029 2003 
2781 706 3873 2227 
2782 3020 3281 918 
2783 3002 3208 1241 
2784 521 5181 2042 
2785 2535 4246 743 
2786 2085 4988 587 
2787 2148 3743 1037 
2788 2561 3760 1526 
2789 1380 3410 3081 
2790 1858 3798 104 
2791 2371 4491 541 
2792 2492 2825 1218 
2793 157 2390 156 
2794 572 2486 2172 
2795 2376 2389 1215 
2796 998 2382 2373 
2797 2280 3376 1750 
2798 1061 2570 2205 
2799 1473 4537 3058 
2800 2585 3047 594 
2801 1924 3452 281 
2802 2787 4714 1728 
2803 906 4615 3647 
2804 1334 3168 2600 
2805 3722 4742 2541 
2806 461 2991 2660 
2807 417 3176 1898 
2808 1879 3202 741 
2809 982 3664 1922 
2810 3441 4277 1768 
2811 1619 3068 2138 
2812 2684 4288 413 
2813 3758 4724 497 
2814 431 2921 2447 
2815 2227 3873 1398 
2816 3255 3405 558 
2817 615 4300 2936 
2818 2062 5075 509 
2819 640 3464 2184 
2820 1222 3542 3261 
2821 1902 3018 617 
2822 1149 3068 2180 
2823 738 3850 1866 
2824 580 3009 2054 
2825 197 2532 196 
2826 918 3281 2678 
2827 1168 2580 2200 
2828 1189 2985 2718 
2829 2162 3572 1784 
2830 898 3336 2128 
2831 730 4785 2441 
2832 847 3730 1865 
2833 1409 4284 4280 
2834 2244 3772 1969 
2835 3539 3989 2070 
2836 1795 4181 2249 
2837 2144 4120 2443 
2838 2068 2839 607 
2839 1102 3476 1845 
2840 2278 2906 823 
2841 3189 3701 1622 
2842 2362 2656 1198 
2843 2096 4061 1317 
2844 1852 4118 1154 
2845 3216 4439 2571 
2846 2962 3402 782 
2847 2117 2690 425 
2848 748 5035 2491 
2849 640 3365 2215 
2850 878 4458 1969 
2851 1944 4614 863 
2852 2569 3521 1205 
2853 1849 3247 780 
2854 884 3778 2296 
2855 2804 3955 1035 
2856 2791 4123 791 
2857 2814 3025 859 
2858 1721 4491 2371 
2859 2512 3700 1352 
2860 277 2795 2032 
2861 1751 4246 2535 
2862 2228 4370 375 
2863 120 4427 3429 
2864 2518 5236 943 
2865 2909 4367 412 
2866 863 5260 3628 
2867 921 2685 2056 
2868 2328 4067 3166 
2869 2346 4987 452 
2870 531 2777 1989 
2871 1865 3629 496 
2872 1931 4740 2951 
2873 1098 3358 1984 
2874 1931 2951 915 
2875 2205 2570 1143 
2876 3273 5002 2029 
2877 413 4211 3802 
2878 1922 2900 2692 
2879 627 2656 2362 
2880 2016 3215 974 
2881 1569 2684 2264 
2882 716 4229 3300 
2883 801 4490 1892 
2884 528 4097 1946 
2885 3236 3752 1631 
2886 1193 2868 2217 
2887 2109 4733 1554 
2888 2087 2636 1329 
2889 1288 2935 2330 
2890 1257 3111 2415 
2891 985 3431 2400 
2892 1945 2854 1138 
2893 964 4734 2590 
2894 2600 3168 930 
2895 3304 4569 789 
2896 390 4892 1892 
2897 2453 4360 1170 
2898 2678 3281 1437 
2899 1619 3402 2962 
2900 2506 3708 1301 
2901 898 3552 2548 
2902 2682 4502 1710 
2903 2362 2573 627 
2904 1199 4584 3987 
2905 1265 4919 1879 
2906 1870 3658 188 
2907 1347 4207 2485 
2908 3429 4427 1777 
2909 1575 3208 3002 
2910 1026 2823 2032 
2911 545 2778 2483 
2912 1310 3722 2541 
2913 736 3793 1949 
2914 3097 3927 2048 
2915 1050 3669 1856 
2916 1882 5056 2517 
2917 1874 3439 744 
2918 1859 5108 3371 
2919 1258 4011 1905 
2920 66 3736 65 
2921 1851 3273 1077 
2922 3871 5158 937 
2923 2078 3428 867 
2924 650 2855 2770 
2925 1733 4765 3288 
2926 513 4779 1907 
2927 1064 3063 2336 
2928 2902 3194 519 
2929 160 3285 3131 
2930 2137 5005 111 
2931 1551 4560 2697 
2932 949 2698 2230 
2933 2348 4912 2044 
2934 2539 4419 934 
2935 903 4203 1965 
2936 1258 4121 1938 
2937 77 2508 76 
2938 104 3982 1858 
2939 757 4403 2452 
2940 2200 2580 809 
2941 127 3546 126 
2942 363 3833 2605 
2943 2012 2745 53 
2944 904 4480 2022 
2945 1985 5228 3510 
2946 2107 3079 939 
2947 2586 3184 434 
2948 1901 3055 1068 
2949 1309 3912 1885 
2950 1021 2465 2379 
2951 2219 3985 3218 
2952 3211 3734 1649 
2953 2590 4734 1971 
2954 1823 4699 4602 
2955 2454 4925 4480 
2956 2126 2669 1157 
2957 2427 3610 662 
2958 2075 4713 828 
2959 2800 3099 838 
2960 1941 4016 979 
2961 914 3502 2467 
2962 1331 4303 1970 
2963 1147 4987 1886 
2964 3254 3934 140 
2965 2386 2688 563 
2966 2669 4330 1825 
2967 972 3349 2268 
2968 2629 3672 561 
2969 2801 4850 1467 
2970 1047 3141 1888 
2971 1886 4987 2346 
2972 494 4149 3040 
2973 2330 2935 840 
2974 329 2602 328 
2975 1300 4237 1950 
2976 2431 3522 1993 
2977 365 3922 1960 
2978 908 2389 2376 
2979 2068 3003 1557 
2980 2042 3104 521 
2981 2011 4860 541 
2982 379 2635 378 
2983 1854 3627 748 
2984 4090 4149 494 
2985 1313 3777 2184 
2986 2452 5263 4968 
2987 1832 4103 3531 
2988 2831 3571 1281 
2989 2706 3803 1382 
2990 1621 4599 2464 
2991 884 3898 2406 
2992 1103 3091 2616 
2993 607 2773 2119 
2994 2136 3174 971 
2995 1860 4123 2791 
2996 1914 4036 983 
2997 1959 3768 742 
2998 1335 3916 2267 
2999 1993 3073 854 
3000 731 3362 1878 
3001 2240 2688 986 
3002 959 4680 2435 
3003 986 2486 2240 
3004 961 4838 2411 
3005 368 3738 2159 
3006 1034 5130 1883 
3007 2234 2740 960 
3008 2075 4013 968 
3009 1777 4133 3429 
3010 1893 3565 1113 
3011 771 4277 3441 
3012 1912 4153 1299 
3013 3381 4258 1720 
3014 220 2308 219 
3015 1848 4452 3490 
3016 982 5263 2452 
3017 2005 2896 544 
3018 1079 2969 2154 
3019 3146 4265 1732 
3020 742 3357 1959 
3021 1319 3554 2584 
3022 2081 2648 414 
3023 1891 3310 1063 
3024 471 4733 2109 
3025 193 2810 192 
3026 1898 3176 1060 
3027 2067 2695 927 
3028 1946 3028 528 
3029 1088 3017 1906 
3030 2099 2663 1249 
3031 2410 2666 1009 
3032 2390 3759 156 
3033 418 3339 1855 
3034 1020 3234 2228 
3035 1495 3990 3684 
3036 3483 4893 1603 
3037 1027 2815 2004 
3038 2130 4199 1516 
3039 2190 2516 954 
3040 1926 3911 1273 
3041 1691 4641 3007 
3042 749 4778 2090 
3043 1980 5077 769 
3044 2407 5184 1380 
3045 796 4330 2669 
3046 1962 4063 3651 
3047 617 3019 2793 
3048 126 3045 125 
3049 1547 4062 3769 
3050 318 4620 2115 
3051 418 2738 2251 
3052 2406 3778 884 
3053 1074 2573 2362 
3054 894 2564 2166 
3055 3753 3938 973 
3056 1780 4044 2897 
3057 423 2811 2591 
3058 772 3846 2135 
3059 3166 3467 1284 
3060 2370 4391 923 
3061 2269 2475 1001 
3062 2184 3777 640 
3063 1938 4121 392 
3064 1886 3392 1147 
3065 2522 3806 1400 
3066 2027 2994 989 
3067 3107 3260 1503 
3068 1950 4237 740 
3069 2154 2969 505 
3070 1423 3099 2800 
3071 819 4593 2061 
3072 2121 4311 28 
3073 1946 4097 1298 
3074 4246 5092 932 
3075 1007 4707 2050 
3076 1960 3833 364 
3077 515 3428 2078 
3078 570 4012 1936 
3079 347 3310 1891 
3080 2616 3091 1325 
3081 2063 4316 775 
3082 2306 3160 1072 
3083 2500 4310 1549 
3084 923 2408 2370 
3085 822 4488 1893 
3086 731 4867 4632 
3087 981 2800 2100 
3088 2990 3550 1794 
3089 1867 3406 1089 
3090 458 4455 2007 
3091 4063 4196 2126 
3092 765 4159 1908 
3093 1629 3250 3224 
3094 1949 3793 1230 
3095 1927 4364 2940 
3096 2452 4403 1744 
3097 2090 2973 571 
3098 1246 3576 2825 
3099 2379 2465 1053 
3100 1724 5040 3533 
3101 1770 4908 4625 
3102 2117 5074 1972 
3103 1736 3467 3166 
3104 1400 4316 2063 
3105 806 2977 1928 
3106 1146 2597 2183 
3107 3490 4452 746 
3108 1871 5246 3401 
3109 1555 4122 2360 
3110 815 2986 2043 
3111 3224 3250 680 
3112 3723 3860 1653 
3113 534 2826 2555 
3114 2055 2762 1097 
3115 2274 3283 940 
3116 2039 4721 401 
3117 1009 3028 1946 
3118 2076 4984 1088 
3119 2599 3920 477 
3120 2090 4778 1577 
3121 2393 4160 1452 
3122 1890 3147 452 
3123 2174 3809 2544 
3124 2130 4663 795 
3125 1174 3051 1962 
3126 1878 5283 1136 
3127 2141 4723 1572 
3128 1481 4890 2086 
3129 800 4478 1917 
3130 3068 5240 2138 
3131 1922 3813 982 
3132 2029 4788 1419 
3133 551 5002 3273 
3134 4752 4862 1737 
3135 915 3360 2050 
3136 924 4780 2103 
3137 2529 3870 1754 
3138 1116 3008 1932 
3139 967 3686 2179 
3140 2390 2830 958 
3141 918 2678 2066 
3142 2058 3341 971 
3143 2812 3883 1666 
3144 2229 3838 381 
3145 2543 4358 1684 
3146 2250 2542 554 
3147 2089 5049 3354 
3148 591 4874 1975 
3149 2927 5107 1921 
3150 512 3659 1897 
3151 2125 5252 1756 
3152 1141 3037 2719 
3153 1618 4239 2746 
3154 292 2468 291 
3155 3035 4957 1994 
3156 544 2765 2146 
3157 2719 3037 1337 
3158 3604 4207 1347 
3159 2018 4160 143 
3160 728 4360 3481 
3161 2032 2795 994 
3162 1897 3284 512 
3163 2409 3940 996 
3164 1870 4023 2960 
3165 1500 3904 2780 
3166 776 4361 1960 
3167 987 4723 2141 
3168 1969 4458 1017 
3169 2059 2741 991 
3170 2018 3122 1072 
3171 1878 3590 731 
3172 1030 2896 2005 
3173 2408 4829 4786 
3174 2046 4647 3219 
3175 1936 4715 3466 
3176 2633 3557 1500 
3177 1324 3994 2186 
3178 3466 3795 570 
3179 473 4143 2852 
3180 2553 3210 1059 
3181 1457 4398 1923 
3182 2226 2842 1543 
3183 1976 4380 828 
3184 3110 4235 1065 
3185 922 3236 2139 
3186 1893 3663 822 
3187 1897 3386 944 
3188 2375 3012 912 
3189 1957 4569 3304 
3190 2111 3978 2535 
3191 1996 4462 816 
3192 265 2675 264 
3193 1451 2986 2464 
3194 796 2669 2126 
3195 2810 4997 1707 
3196 2116 4763 4084 
3197 2360 4122 753 
3198 559 3148 2482 
3199 775 2683 2108 
3200 929 5093 2020 
3201 722 3701 3189 
3202 1946 3719 1009 
3203 462 4939 1899 
3204 654 3557 2633 
3205 1940 3832 389 
3206 1919 4611 4188 
3207 1421 3746 3386 
3208 2629 3385 1020 
3209 883 2531 2223 
3210 1986 4937 852 
3211 1972 5074 3012 
3212 1683 3804 3014 
3213 1217 3060 2399 
3214 2339 2726 1235 
3215 2834 4150 1890 
3216 1896 4830 1112 
3217 2636 4449 614 
3218 90 4373 2285 
3219 664 3675 2162 
3220 2178 4576 4222 
3221 1545 4459 2972 
3222 2059 4465 528 
3223 3227 3524 1177 
3224 2435 4680 3869 
3225 2279 5010 417 
3226 3188 3322 1453 
3227 2522 3732 999 
3228 1136 3590 1878 
3229 2411 4838 4052 
3230 309 2345 308 
3231 576 4204 3342 
3232 2261 2756 1191 
3233 617 3447 1902 
3234 1905 3528 1261 
3235 777 3219 2903 
3236 913 4192 2939 
3237 1246 4041 3576 
3238 1208 3832 1940 
3239 1961 3964 1041 
3240 1940 3359 787 
3241 819 3033 1942 
3242 554 4519 1949 
3243 2453 3771 1460 
3244 2858 4422 1004 
3245 2953 4353 1768 
3246 2028 2889 610 
3247 1452 4160 2018 
3248 2088 2718 295 
3249 339 2848 338 
3250 1997 3107 1503 
3251 1022 2727 2656 
3252 1393 4098 1906 
3253 1037 4423 1968 
3254 2100 3251 981 
3255 863 3512 1944 
3256 1106 2846 2574 
3257 11 3848 2348 
3258 638 4356 1985 
3259 1576 2856 2207 
3260 3110 4817 4235 
3261 3429 4133 1403 
3262 1557 4803 2068 
3263 3342 4204 1791 
3264 2162 3675 1268 
3265 1877 3460 1104 
3266 2665 3410 1180 
3267 2287 2704 920 
3268 524 4358 2543 
3269 2408 4786 438 
3270 1175 3652 1926 
3271 2057 4159 765 
3272 1968 2970 93 
3273 1906 5301 4021 
3274 1917 3266 393 
3275 1724 3533 2993 
3276 1247 2690 2113 
3277 3721 4485 2642 
3278 481 4371 2053 
3279 144 3122 2018 
3280 1194 4934 3314 
3281 3531 4103 720 
3282 1571 4694 2532 
3283 1005 4725 2060 
3284 363 2605 362 
3285 1038 3039 2120 
3286 2417 4990 1556 
3287 2464 4145 1451 
3288 1225 3866 2275 
3289 2342 3950 1353 
3290 2403 4529 3433 
3291 3192 3847 1474 
3292 2103 2696 924 
3293 1447 3929 2350 
3294 2004 5199 599 
3295 2431 2921 431 
3296 2256 4462 1537 
3297 1929 3687 825 
3298 3818 4431 1676 
3299 2755 3500 1312 
3300 242 2442 241 
3301 2181 2630 944 
3302 828 4380 2613 
3303 1068 3357 1901 
3304 889 3600 2527 
3305 3642 4865 2227 
3306 2270 3627 1185 
3307 1375 3952 3136 
3308 2083 2901 802 
3309 726 3883 2812 
3310 1579 4574 2058 
3311 1503 5033 1997 
3312 928 2848 2248 
3313 2160 5251 1708 
3314 467 4604 2405 
3315 2980 4351 1874 
3316 4694 4868 2532 
3317 2727 3667 646 
3318 1165 3458 2174 
3319 1935 4208 619 
3320 1925 3317 784 
3321 571 4040 2090 
3322 974 4607 2016 
3323 1099 4949 4127 
3324 2450 3728 400 
3325 1299 5101 1912 
3326 1012 2923 2051 
3327 898 5231 3336 
3328 3192 3807 1070 
3329 598 2894 2041 
3330 1888 5132 2919 
3331 2053 4371 1396 
3332 2317 4091 830 
3333 650 3771 2453 
3334 3384 4691 877 
3335 488 5208 1929 
3336 2027 3608 484 
3337 740 4961 4068 
3338 2365 4722 825 
3339 740 4237 1962 
3340 755 4603 2534 
3341 1906 3277 1088 
3342 1571 4363 2416 
3343 1014 2889 2028 
3344 2754 4172 896 
3345 1949 3444 554 
3346 1415 4131 2282 
3347 1899 4939 3925 
3348 2922 4566 1856 
3349 2350 3929 472 
3350 1354 2542 2250 
3351 2095 4938 507 
3352 2916 4243 604 
3353 2139 2699 922 
3354 4480 4925 1553 
3355 4069 4985 3038 
3356 2289 4498 535 
3357 1573 4226 2635 
3358 2538 2950 645 
3359 2150 4736 1084 
3360 1804 3524 3227 
3361 3093 3708 1107 
3362 845 4487 2964 
3363 2236 5267 388 
3364 1930 4135 738 
3365 1261 3424 1905 
3366 2656 2727 1198 
3367 1892 3585 801 
3368 862 3786 2263 
3369 814 4355 2253 
3370 2263 3786 1350 
3371 2026 2971 605 
3372 1641 4421 2821 
3373 1933 4213 649 
3374 1936 4012 1186 
3375 2089 3907 972 
3376 2402 4908 1770 
3377 421 2817 2266 
3378 461 4692 1966 
3379 1857 4449 2636 
3380 973 3938 2409 
3381 1809 5267 2236 
3382 2939 4192 1945 
3383 3631 4391 2370 
3384 1165 3734 3211 
3385 569 2934 2333 
3386 170 2782 169 
3387 3397 4110 1193 
3388 396 5225 2163 
3389 2727 4699 3667 
3390 2552 3663 1893 
3391 474 3186 1958 
3392 174 2794 173 
3393 294 2985 293 
3394 1928 3964 806 
3395 2051 2923 442 
3396 2677 3536 843 
3397 2903 3219 1475 
3398 2399 3060 566 
3399 1013 3868 2568 
3400 2311 2493 899 
3401 1160 3198 1955 
3402 1149 5240 3068 
3403 1795 4172 2754 
3404 816 4756 2038 
3405 1128 3657 2143 
3406 1929 3309 874 
3407 2033 3025 500 
3408 1687 5068 3819 
3409 4443 4863 984 
3410 556 4063 2126 
3411 419 4549 1996 
3412 1755 5304 2341 
3413 4188 4611 821 
3414 897 2510 2354 
3415 901 2731 2195 
3416 3228 5075 2062 
3417 1213 4565 1964 
3418 2579 4530 1199 
3419 4028 4813 1926 
3420 839 5251 2160 
3421 806 3964 1961 
3422 4222 4576 584 
3423 360 2433 359 
3424 471 3260 3107 
3425 1893 3755 3565 
3426 1019 4957 3035 
3427 2662 3658 1016 
3428 1321 2889 2880 
3429 227 2740 2234 
3430 1060 4231 1898 
3431 1980 3120 435 
3432 2150 5050 919 
3433 2480 4867 731 
3434 1066 3362 1913 
3435 2532 4363 1571 
3436 2138 5078 1619 
3437 2357 5247 1600 
3438 579 2975 2003 
3439 1973 4333 1397 
3440 1298 4217 1946 
3441 1485 4721 2039 
3442 2621 4990 2417 
3443 967 4921 3686 
3444 2577 4506 2150 
3445 2166 4735 2971 
3446 3565 3755 603 
3447 1070 3242 2651 
3448 993 4785 2787 
3449 1035 5015 2804 
3450 1001 2838 2269 
3451 1797 5253 3194 
3452 848 4147 2855 
3453 1023 3264 1990 
3454 1195 3608 2027 
3455 1482 4311 2121 
3456 250 2594 249 
3457 2043 2986 967 
3458 650 3818 2855 
3459 1982 4254 494 
3460 1073 3266 1917 
3461 2160 3796 2292 
3462 533 4351 2980 
3463 26 2873 2186 
3464 1154 3680 1951 
3465 740 4068 1950 
3466 389 3421 1920 
3467 3204 4667 1094 
3468 2118 3098 561 
3469 1975 3308 836 
3470 2972 3380 1545 
3471 2021 4893 3483 
3472 1086 5078 2138 
3473 540 4830 3702 
3474 2120 2933 1038 
3475 124 2503 123 
3476 2231 4244 1386 
3477 2119 2773 960 
3478 2477 3301 491 
3479 562 5135 2588 
3480 2008 4412 937 
3481 2234 3961 226 
3482 3481 4360 1605 
3483 2264 3802 849 
3484 2386 3005 1156 
3485 2050 3360 424 
3486 694 3698 3163 
3487 2641 2650 1125 
3488 1801 4648 3421 
3489 2832 3702 1896 
3490 2079 4140 430 
3491 2360 2705 1187 
3492 1951 3680 606 
3493 2082 5303 4216 
3494 731 3590 1966 
3495 2100 2800 838 
3496 2139 5121 416 
3497 1922 3664 522 
3498 2215 2653 1075 
3499 1932 4898 1116 
3500 2013 4217 1298 
3501 1095 3490 1927 
3502 3448 5118 1483 
3503 3354 3377 1282 
3504 2655 3557 1224 
3505 2717 4972 4305 
3506 2034 4309 1122 
3507 996 4291 2208 
3508 2245 3134 1026 
3509 1084 3479 2283 
3510 2131 2871 943 
3511 967 3149 2043 
3512 469 4111 2944 
3513 1528 4308 2297 
3514 2238 4719 388 
3515 816 4462 2256 
3516 1945 3995 427 
3517 484 2994 2027 
3518 1894 3399 480 
3519 1477 4920 2156 
3520 256 2846 255 
3521 2025 4303 1331 
3522 1421 3386 2296 
3523 1784 5143 2162 
3524 2136 2778 1045 
3525 343 3283 342 
3526 2866 3648 1204 
3527 34 4047 2628 
3528 1640 4891 3106 
3529 1949 3406 736 
3530 1002 4502 2682 
3531 1204 3873 3106 
3532 763 4217 2013 
3533 1143 3550 2990 
3534 1561 5258 2297 
3535 825 4722 2086 
3536 1086 3098 2118 
3537 442 5163 2157 
3538 1944 4766 4672 
3539 2049 3367 221 
3540 1236 2534 2476 
3541 977 4566 2922 
3542 2060 4725 547 
3543 2665 4399 3410 
3544 3600 4405 2527 
3545 771 3101 2230 
3546 2297 4308 502 
3547 998 3527 2382 
3548 1236 3705 2819 
3549 793 4669 2097 
3550 1282 3907 2089 
3551 2143 2758 529 
3552 495 5194 2284 
3553 3314 4934 1764 
3554 2859 4825 1041 
3555 1053 4797 2491 
3556 296 3257 2088 
3557 968 4713 2075 
3558 3772 4354 1969 
3559 2002 5040 3918 
3560 1967 3422 774 
3561 2395 2901 1524 
3562 126 3546 3045 
3563 1958 4262 1430 
3564 910 4906 2114 
3565 1912 4110 3397 
3566 919 3958 1902 
3567 2849 5247 2357 
3568 2251 4679 887 
3569 1918 4091 2930 
3570 892 3222 2649 
3571 2284 5194 1811 
3572 389 3800 1940 
3573 1923 3520 1457 
3574 947 3635 2355 
3575 2642 4485 1401 
3576 1175 3830 1952 
3577 2115 4620 1646 
3578 2778 4798 2483 
3579 2855 3818 1676 
3580 2448 3856 578 
3581 2858 5079 2672 
3582 560 2815 2402 
3583 2333 2934 1140 
3584 1115 3375 2458 
3585 1178 3768 1959 
3586 2343 3969 419 
3587 985 5250 3431 
3588 2192 4911 819 
3589 573 3380 2972 
3590 423 3754 1934 
3591 2317 3135 1501 
3592 510 4259 2258 
3593 2880 2889 1014 
3594 1941 3649 1125 
3595 1909 5036 866 
3596 2127 5103 1663 
3597 2750 3868 1013 
3598 1993 5219 3073 
3599 2588 5135 2061 
3600 3083 5241 1590 
3601 2006 5188 1493 
3602 80 3520 1923 
3603 2471 3495 1951 
3604 900 2849 2357 
3605 833 4303 2025 
3606 1214 3901 2016 
3607 1223 2928 2080 
3608 2048 3136 1163 
3609 762 5188 2540 
3610 252 3644 251 
3611 2697 2892 1058 
3612 825 3271 2365 
3613 2235 3966 957 
3614 980 4179 2485 
3615 1035 2650 2641 
3616 1366 2918 2541 
3617 2016 3139 1214 
3618 108 2933 2120 
3619 2549 3819 399 
3620 1934 3754 1182 
3621 2940 4364 1180 
3622 563 3005 2386 
3623 2159 3738 1255 
3624 1989 4001 2957 
3625 2811 4459 870 
3626 4053 4417 409 
3627 2039 4209 756 
3628 746 4364 1927 
3629 2543 3979 524 
3630 1927 3490 746 
3631 862 2739 2303 
3632 1990 4224 760 
3633 2540 5188 2006 
3634 2332 4161 1442 
3635 800 2776 2206 
3636 1466 4494 3130 
3637 1501 4091 2317 
3638 3365 3777 1550 
3639 1131 5210 3345 
3640 2092 4383 1395 
3641 99 3368 1961 
3642 1500 3557 2655 
3643 2208 3022 973 
3644 810 3855 1977 
3645 1049 5282 2196 
3646 1378 3185 2224 
3647 3174 5218 2058 
3648 802 4521 2083 
3649 2140 3334 523 
3650 1920 3887 765 
3651 1270 5030 2019 
3652 3521 4445 3065 
3653 2026 3082 880 
3654 1572 4931 2141 
3655 1028 2901 2083 
3656 3232 4901 1060 
3657 2418 4061 2096 
3658 1082 3900 3004 
3659 3610 5047 662 
3660 2869 4800 405 
3661 1966 3590 1136 
3662 2865 3900 1082 
3663 3705 4426 2819 
3664 937 5024 2132 
3665 2541 2918 467 
3666 1184 3367 2049 
3667 2105 4689 1006 
3668 849 3802 2327 
3669 2186 5224 1324 
3670 2023 3287 1404 
3671 2745 2995 52 
3672 2040 3379 998 
3673 2226 4523 420 
3674 2192 3744 1240 
3675 1930 4165 559 
3676 292 4184 2468 
3677 2108 4022 775 
3678 746 3415 2665 
3679 3769 4279 1303 
3680 2061 4593 963 
3681 2488 4487 845 
3682 2664 2863 1181 
3683 700 4354 3772 
3684 3106 4891 2010 
3685 4024 4608 1549 
3686 2097 4669 1515 
3687 530 3372 2695 
3688 2141 2836 987 
3689 482 4804 2072 
3690 1071 3209 2316 
3691 2079 4218 4140 
3692 1978 3681 1504 
3693 1479 3012 2375 
3694 1311 4022 2108 
3695 8 3412 2142 
3696 208 2870 207 
3697 1580 3828 3418 
3698 875 3969 2343 
3699 1672 3535 3126 
3700 2207 4710 1576 
3701 1097 3513 2055 
3702 2839 4803 966 
3703 3126 4126 1672 
3704 2491 4797 1854 
3705 2395 4657 398 
3706 1504 3731 1978 
3707 1053 3698 2379 
3708 1953 3676 490 
3709 870 4459 2252 
3710 1331 3970 2025 
3711 1205 3521 3065 
3712 1391 3223 3169 
3713 1543 4523 2226 
3714 2162 3469 664 
3715 2671 3140 1157 
3716 1816 4066 3864 
3717 2258 4259 1509 
3718 3177 3442 204 
3719 1434 3609 2946 
3720 1448 4370 2228 
3721 779 5106 2384 
3722 515 3314 2581 
3723 1513 3488 2341 
3724 547 4725 2094 
3725 1237 2930 2735 
3726 1072 3160 2018 
3727 1711 5071 3544 
3728 1567 3979 2543 
3729 970 3518 2142 
3730 1709 3840 2310 
3731 2042 5181 2739 
3732 3126 3535 1202 
3733 940 3407 2274 
3734 728 4930 3891 
3735 3195 3216 1145 
3736 2068 4803 2839 
3737 1125 4496 1941 
3738 600 2949 2290 
3739 3423 4724 1196 
3740 1484 4341 2120 
3741 641 3525 2233 
3742 2316 3723 622 
3743 1639 3197 2596 
3744 776 3501 1973 
3745 1204 3106 2010 
3746 879 4935 2023 
3747 595 4754 1976 
3748 1076 3207 2124 
3749 3678 3897 577 
3750 374 2400 373 
3751 2508 4175 1955 
3752 926 5206 2775 
3753 2491 5035 1734 
3754 679 4710 2207 
3755 557 4524 1967 
3756 2016 3901 623 
3757 320 2643 319 
3758 15 2837 2 
3759 2204 2746 989 
3760 997 4799 2894 
3761 3256 4938 1720 
3762 1961 4825 99 
3763 1345 3723 2316 
3764 3383 4144 2180 
3765 1446 2909 2407 
3766 2691 3840 383 
3767 440 5155 4016 
3768 1040 5107 2927 
3769 2129 4901 3232 
3770 2 2837 14 
3771 994 3169 2394 
3772 2665 3415 1414 
3773 942 4870 3515 
3774 2252 4459 1545 
3775 1501 3374 2930 
3776 3 4770 1964 
3777 563 2688 2240 
3778 887 4679 3413 
3779 1937 3597 1245 
3780 1964 4565 3 
3781 1926 4813 2104 
3782 2539 2618 1468 
3783 1910 3882 2941 
3784 744 5295 4109 
3785 2799 3175 1369 
3786 2247 3313 1114 
3787 819 3744 2192 
3788 714 3175 2799 
3789 998 4079 3527 
3790 2797 2997 1280 
3791 1934 4459 2811 
3792 2367 3969 875 
3793 1988 4329 1438 
3794 4198 4875 553 
3795 420 2720 2226 
3796 2775 5206 2092 
3797 3545 3613 615 
3798 2325 3889 1387 
3799 1138 3995 1945 
3800 999 3806 2522 
3801 1987 3563 1072 
3802 1748 3941 2401 
3803 2184 3464 899 
3804 1547 3769 3656 
3805 2858 4922 1695 
3806 2128 3336 563 
3807 2274 3407 1227 
3808 769 4896 1980 
3809 3866 4074 2275 
3810 2226 4379 885 
3811 2018 4464 1452 
3812 2159 2908 367 
3813 3987 4584 1741 
3814 1385 4135 2482 
3815 2281 4278 1977 
3816 1159 4704 3288 
3817 3259 4949 1099 
3818 2047 3089 685 
3819 2078 4423 1037 
3820 48 5015 1978 
3821 2206 2776 1252 
3822 1651 3468 2169 
3823 2011 3476 1102 
3824 698 3924 2946 
3825 22 3115 2020 
3826 1436 4492 3420 
3827 1328 4209 2039 
3828 2436 2888 608 
3829 2735 2930 589 
3830 760 4715 1936 
3831 1531 3929 2336 
3832 2476 2534 948 
3833 1062 3116 2315 
3834 2511 2736 1279 
3835 2453 3577 1605 
3836 1597 3743 2148 
3837 2414 4032 1486 
3838 2148 3034 95 
3839 2384 5106 1828 
3840 2768 4157 610 
3841 2083 4555 655 
3842 948 2984 2505 
3843 1403 4133 2329 
3844 2558 4045 3870 
3845 662 3889 2325 
3846 1124 3201 2167 
3847 1128 3378 2265 
3848 906 2809 2335 
3849 1632 4638 2867 
3850 2407 2909 853 
3851 157 2830 2390 
3852 2661 4080 510 
3853 2000 3588 1069 
3854 2086 4668 1481 
3855 759 3925 2014 
3856 12 3848 11 
3857 2798 4916 411 
3858 4790 4841 499 
3859 400 2653 2422 
3860 1286 2883 2216 
3861 2046 3706 436 
3862 2307 3329 1310 
3863 2161 3518 970 
3864 2894 4799 2041 
3865 1230 3444 1949 
3866 3081 3410 462 
3867 2014 3340 759 
3868 984 4991 4443 
3869 808 4477 2072 
3870 655 3006 2083 
3871 2662 4199 186 
3872 1959 4374 1178 
3873 1943 3530 1137 
3874 1472 3146 2878 
3875 2767 4790 499 
3876 2282 4131 493 
3877 2666 4902 2791 
3878 909 4415 3391 
3879 2315 5115 2884 
3880 799 3643 2792 
3881 1500 2780 2633 
3882 2733 4409 1351 
3883 2001 3117 574 
3884 795 3024 2082 
3885 1977 4387 611 
3886 2124 3207 661 
3887 837 4215 2241 
3888 1978 3731 48 
3889 3220 4726 1523 
3890 1977 3670 1130 
3891 1462 3129 2102 
3892 840 3563 1987 
3893 1369 3175 2067 
3894 2930 3374 589 
3895 376 2911 2228 
3896 1479 3935 3012 
3897 3139 4607 1782 
3898 1196 4724 2977 
3899 2284 3041 933 
3900 225 3961 2273 
3901 2120 4341 107 
3902 1410 4472 2399 
3903 751 4560 2217 
3904 2405 4390 467 
3905 2485 4179 3618 
3906 3055 5013 2134 
3907 2229 2722 935 
3908 2746 4239 684 
3909 1252 3810 2206 
3910 1037 3743 2676 
3911 4305 4972 1511 
3912 2356 3053 905 
3913 618 2997 2797 
3914 237 2514 236 
3915 2781 3681 644 
3916 2290 2949 1096 
3917 1135 3472 2499 
3918 623 3215 2016 
3919 683 3562 2988 
3920 1150 3546 1981 
3921 2003 4209 1328 
3922 2197 2752 268 
3923 2066 4153 456 
3924 2368 2860 424 
3925 2081 4343 785 
3926 1376 3190 2870 
3927 946 4796 2106 
3928 2056 3623 1228 
3929 3728 4441 400 
3930 3510 5228 1210 
3931 3594 5250 985 
3932 963 3700 2512 
3933 2952 4741 500 
3934 2461 3169 994 
3935 756 3261 2039 
3936 2297 5258 3155 
3937 1804 3227 2424 
3938 2661 3295 1325 
3939 391 3727 2479 
3940 674 3480 3426 
3941 1742 5048 2632 
3942 1519 4290 3108 
3943 199 2416 198 
3944 1302 4066 2519 
3945 3758 5000 1928 
3946 2043 4732 815 
3947 2962 4711 1619 
3948 2013 4088 763 
3949 2222 3326 387 
3950 2301 2713 669 
3951 2198 4281 1313 
3952 1088 3277 2323 
3953 1861 5005 2137 
3954 3737 4698 754 
3955 1636 2767 2424 
3956 2261 3461 1008 
3957 544 3836 2005 
3958 187 2662 186 
3959 2103 4780 3668 
3960 2654 4323 3901 
3961 3753 4537 1473 
3962 2005 4223 808 
3963 2010 3355 1204 
3964 2643 4620 319 
3965 485 3650 2103 
3966 3478 4667 1630 
3967 2064 3115 23 
3968 3413 3892 1849 
3969 316 2757 315 
3970 2635 5070 2161 
3971 2033 4257 911 
3972 545 3892 3413 
3973 2169 5167 1651 
3974 1111 4220 2035 
3975 1102 3533 2011 
3976 2044 3638 1161 
3977 3651 4063 556 
3978 398 4881 2395 
3979 2361 4212 1445 
3980 1662 5109 3427 
3981 2878 3146 508 
3982 1597 3805 3743 
3983 137 2719 136 
3984 1963 4916 2798 
3985 2988 3562 1613 
3986 208 3948 2870 
3987 2102 4691 1462 
3988 673 3834 2974 
3989 1302 3759 2390 
3990 707 4032 2414 
3991 858 4745 3076 
3992 106 2530 105 
3993 69 2589 68 
3994 823 3588 2000 
3995 880 3228 2062 
3996 1219 3717 1994 
3997 111 3492 2137 
3998 1445 3507 2440 
3999 3150 3857 1464 
4000 2269 3159 1018 
4001 2792 3643 1558 
4002 1419 4093 2029 
4003 2420 3480 674 
4004 3153 5037 3910 
4005 2870 3190 1190 
4006 2854 4192 1677 
4007 820 3568 2865 
4008 2777 4957 1019 
4009 2766 5291 332 
4010 1051 2713 2301 
4011 1299 4153 2066 
4012 3752 3815 1399 
4013 2063 3285 161 
4014 3775 4000 585 
4015 552 3918 2475 
4016 124 4338 2503 
4017 2149 3381 1080 
4018 1157 4747 2126 
4019 782 3638 2044 
4020 927 4432 2067 
4021 2377 4054 1296 
4022 2454 4480 904 
4023 2828 4299 590 
4024 2047 4017 1363 
4025 2111 5178 914 
4026 1315 2915 2163 
4027 2299 3206 618 
4028 3562 5185 1613 
4029 54 3249 2012 
4030 393 3079 2107 
4031 611 3670 1977 
4032 2036 3702 1050 
4033 2780 3904 504 
4034 2130 3692 184 
4035 2579 3935 1526 
4036 1031 2817 2369 
4037 3432 4017 2047 
4038 1349 3826 2334 
4039 2776 4652 1830 
4040 847 2755 2344 
4041 2067 4432 1369 
4042 800 4652 2776 
4043 2091 3633 2617 
4044 886 2961 2469 
4045 1434 4633 3609 
4046 1045 3984 2077 
4047 856 4703 2127 
4048 1358 3195 2432 
4049 1771 4520 4107 
4050 395 3655 2840 
4051 488 4174 2040 
4052 242 5214 2442 
4053 1324 4378 2463 
4054 77 3789 2508 
4055 2615 2717 1657 
4056 1189 3258 2985 
4057 2026 5095 3082 
4058 797 3237 2884 
4059 2019 3679 1360 
4060 1055 2607 2547 
4061 2268 2701 972 
4062 2926 3223 1391 
4063 541 3476 2011 
4064 2259 3979 1006 
4065 2017 4726 3220 
4066 2620 3556 415 
4067 2674 5237 1046 
4068 2079 3669 1050 
4069 1024 4823 2976 
4070 2259 5252 524 
4071 1348 3063 2744 
4072 2021 4417 4053 
4073 422 3408 2025 
4074 2884 3237 1402 
4075 1960 4361 3833 
4076 2115 3462 317 
4077 2626 2822 1153 
4078 761 3521 2036 
4079 864 3197 2095 
4080 2392 3545 615 
4081 1704 3904 2655 
4082 991 4465 2059 
4083 1709 4702 3840 
4084 2103 3650 1201 
4085 1167 3206 2299 
4086 2715 3234 1020 
4087 3145 4146 957 
4088 2206 3810 468 
4089 127 3837 1981 
4090 2547 2607 1087 
4091 651 3022 2208 
4092 2985 3258 1465 
4093 2566 4240 560 
4094 2498 2742 1705 
4095 1458 3010 2604 
4096 667 3935 2579 
4097 936 3040 2415 
4098 2217 4560 1551 
4099 2029 4093 3273 
4100 2414 3211 1649 
4101 1345 3860 3723 
4102 680 3250 2152 
4103 612 3867 2789 
4104 2637 3937 1248 
4105 510 3295 2661 
4106 2187 4062 417 
4107 3140 4747 1157 
4108 185 4199 2130 
4109 2427 2610 987 
4110 1449 4576 2178 
4111 2341 5304 441 
4112 619 3280 2862 
4113 1329 4392 2087 
4114 2185 2937 548 
4115 2576 3469 1790 
4116 2302 3039 1038 
4117 71 4574 70 
4118 1156 3005 2814 
4119 2716 3026 1249 
4120 2783 3950 772 
4121 2007 4455 1111 
4122 2025 4943 833 
4123 3320 5291 1947 
4124 2053 3289 481 
4125 1592 3511 2481 
4126 1994 3717 3035 
4127 2597 3318 398 
4128 541 4860 2371 
4129 1037 3034 2148 
4130 2738 4679 2251 
4131 511 3230 2074 
4132 2344 2755 1312 
4133 911 4257 3224 
4134 2399 4606 1410 
4135 2030 5209 596 
4136 941 3414 2403 
4137 2424 2767 499 
4138 867 4423 2078 
4139 2100 3142 564 
4140 2448 4999 3856 
4141 3620 4933 1318 
4142 2291 4490 1882 
4143 2216 2883 760 
4144 923 2621 2417 
4145 2054 3797 580 
4146 132 3182 2188 
4147 2040 4174 1287 
4148 2729 3861 649 
4149 971 3341 2294 
4150 1527 2754 2526 
4151 1497 4090 2600 
4152 2173 3173 1010 
4153 1290 3616 2572 
4154 1300 4196 4063 
4155 2526 2754 896 
4156 1767 3630 2404 
4157 1488 3934 3254 
4158 85 4696 3054 
4159 2457 2695 1211 
4160 627 4125 2656 
4161 978 2910 2168 
4162 2147 4379 1027 
4163 2262 5116 1618 
4164 2077 3474 1045 
4165 1033 2609 2555 
4166 1756 5252 2259 
4167 2605 3833 1397 
4168 2650 3955 612 
4169 1537 4951 2256 
4170 250 4965 2594 
4171 1924 4163 3452 
4172 2334 3826 604 
4173 1791 4763 2116 
4174 2288 3607 1140 
4175 2011 3533 768 
4176 2276 5093 929 
4177 960 4712 2119 
4178 1504 3681 2781 
4179 3145 5202 758 
4180 676 2822 2626 
4181 2431 5086 2921 
4182 1130 3506 2281 
4183 2223 4266 486 
4184 1006 3821 2286 
4185 2865 3568 1562 
4186 3217 3750 1435 
4187 3795 4408 1090 
4188 2719 3794 136 
4189 927 2695 2457 
4190 1360 3665 2019 
4191 950 4198 2031 
4192 2009 3352 394 
4193 2078 3291 515 
4194 567 3634 3299 
4195 2072 4559 482 
4196 2706 3361 1201 
4197 765 4214 2057 
4198 2298 2760 936 
4199 1499 4069 3038 
4200 3256 4258 1085 
4201 1017 4510 2244 
4202 265 5285 2675 
4203 2370 3203 583 
4204 4120 4871 516 
4205 2604 3010 1063 
4206 3301 4472 1410 
4207 2144 4871 4120 
4208 1411 4266 2223 
4209 1322 3961 2234 
4210 664 3469 2576 
4211 178 3378 2193 
4212 769 5077 2305 
4213 2645 3698 1053 
4214 2035 4034 786 
4215 220 3367 2308 
4216 1995 4863 4443 
4217 1925 4500 3761 
4218 2052 3754 423 
4219 2175 4143 473 
4220 2377 5222 4054 
4221 1442 3156 2437 
4222 1149 2674 2670 
4223 891 5022 3549 
4224 1177 5060 2145 
4225 1042 4770 2882 
4226 1301 2963 2506 
4227 2205 3673 1061 
4228 2119 4712 1470 
4229 1590 4580 4251 
4230 1576 4722 2365 
4231 1059 2709 2553 
4232 3213 4389 1701 
4233 881 4058 2543 
4234 2578 3270 433 
4235 333 2766 332 
4236 1191 3203 2370 
4237 1618 5097 2262 
4238 2211 4804 482 
4239 2469 2961 1217 
4240 431 4244 2231 
4241 2170 4933 3620 
4242 896 4982 2526 
4243 4013 4551 968 
4244 1182 3754 2052 
4245 2500 4608 933 
4246 1115 3223 2926 
4247 394 4203 2009 
4248 2555 2609 1129 
4249 3260 4365 1503 
4250 2109 4756 816 
4251 520 4500 2730 
4252 2174 4875 1727 
4253 785 5243 1983 
4254 2303 2739 1186 
4255 1220 3462 2115 
4256 58 2473 57 
4257 2171 3501 1528 
4258 2161 4927 6 
4259 1341 4143 2175 
4260 2928 3408 422 
4261 1589 3289 2199 
4262 576 4467 3084 
4263 2252 3323 870 
4264 2814 3005 1304 
4265 244 2545 243 
4266 2055 3513 16 
4267 3314 5055 2581 
4268 2256 4555 1502 
4269 2444 4174 488 
4270 407 2666 2410 
4271 1192 3797 2054 
4272 3824 5227 1918 
4273 3063 4334 2336 
4274 2351 3543 1226 
4275 2404 3630 1291 
4276 3009 4336 2054 
4277 547 3581 2135 
4278 2425 2769 1389 
4279 836 5269 2009 
4280 2056 3917 921 
4281 2133 5250 3594 
4282 2214 4706 302 
4283 2730 4500 1816 
4284 1090 4408 3125 
4285 2269 2838 568 
4286 1554 3200 2109 
4287 2579 3760 1660 
4288 1830 4652 2107 
4289 552 3774 2002 
4290 1609 4868 2810 
4291 1642 3950 2783 
4292 939 3079 2567 
4293 311 3307 2123 
4294 644 3681 2641 
4295 4374 4888 542 
4296 1365 3920 2599 
4297 1388 3667 3370 
4298 1232 3443 2029 
4299 1045 3474 2136 
4300 2048 3927 1375 
4301 2749 3806 999 
4302 2151 3313 88 
4303 852 4937 2260 
4304 734 3499 2177 
4305 2085 3400 817 
4306 764 4448 3143 
4307 1382 3361 2706 
4308 3969 4549 419 
4309 3321 4407 1074 
4310 2872 3724 952 
4311 91 4373 90 
4312 2228 2911 1020 
4313 934 2618 2539 
4314 1999 5233 4019 
4315 2029 5002 1232 
4316 3113 3523 658 
4317 2553 3773 3210 
4318 564 3251 2100 
4319 3057 3782 843 
4320 1514 4698 2782 
4321 1429 3718 2835 
4322 3361 3559 630 
4323 692 3779 2824 
4324 2041 3647 598 
4325 4162 4598 1507 
4326 1094 4376 3204 
4327 2893 3487 1233 
4328 1097 3046 2507 
4329 2191 5062 606 
4330 3153 3910 1395 
4331 1327 4025 2232 
4332 4672 4766 595 
4333 688 4634 2809 
4334 3376 3514 1148 
4335 1144 3767 2788 
4336 3363 3599 1182 
4337 928 3690 2484 
4338 523 4695 2140 
4339 2819 3346 755 
4340 3206 4176 618 
4341 1327 3351 3338 
4342 2507 3046 1216 
4343 3412 4401 1161 
4344 1740 4625 4618 
4345 3370 3667 1823 
4346 3104 5157 1596 
4347 2670 2674 1046 
4348 560 4240 2815 
4349 907 3044 2517 
4350 1534 4276 4264 
4351 168 2489 167 
4352 547 3020 2246 
4353 3864 4066 1302 
4354 1425 5138 3484 
4355 509 5153 2062 
4356 832 5137 2207 
4357 1339 3482 2299 
4358 954 4228 2768 
4359 111 5005 110 
4360 2254 3909 117 
4361 426 3503 2176 
4362 259 2556 258 
4363 903 5023 4203 
4364 2877 3334 976 
4365 72 3341 2058 
4366 385 4248 2043 
4367 1812 4563 3530 
4368 1528 4903 2171 
4369 3664 5017 522 
4370 1697 3782 3057 
4371 543 2940 2213 
4372 1145 4573 3748 
4373 3084 4467 2037 
4374 230 4331 229 
4375 1006 4689 2259 
4376 451 2769 2425 
4377 3567 4225 1505 
4378 3242 4078 2651 
4379 775 4022 2063 
4380 1721 4403 3092 
4381 1280 3552 2797 
4382 2225 4611 4606 
4383 3151 3767 1144 
4384 1611 3523 3113 
4385 1228 4026 2056 
4386 2201 3805 1041 
4387 3345 3919 1131 
4388 1211 3636 2313 
4389 2950 3253 645 
4390 2543 4058 1567 
4391 1178 2642 2603 
4392 2086 4890 3309 
4393 2613 4807 828 
4394 848 4119 2080 
4395 2308 2874 219 
4396 1506 3886 3751 
4397 1096 4030 2290 
4398 1029 4251 2421 
4399 2077 4081 1104 
4400 176 2500 175 
4401 4504 4698 1514 
4402 2448 2925 1335 
4403 817 3931 2085 
4404 1028 3006 2852 
4405 683 2988 2419 
4406 1567 4058 3821 
4407 1011 4042 2239 
4408 1451 4145 2022 
4409 2235 5255 3966 
4410 1532 4433 2851 
4411 4099 4389 1374 
4412 1066 3164 2110 
4413 415 5288 2620 
4414 2185 3344 1048 
4415 2608 2624 1219 
4416 618 4176 2997 
4417 2056 4026 633 
4418 130 2496 129 
4419 594 4563 3980 
4420 1004 2624 2608 
4421 419 3049 2343 
4422 2095 4276 864 
4423 778 4031 3757 
4424 360 4853 2433 
4425 528 4854 2059 
4426 29 4100 2121 
4427 941 3433 2898 
4428 468 3430 2206 
4429 665 3174 2136 
4430 128 4178 3837 
4431 655 4555 2256 
4432 551 3484 2913 
4433 1179 3537 2209 
4434 1383 4471 2108 
4435 768 3852 2011 
4436 1207 5302 3278 
4437 3261 4242 1222 
4438 160 3131 159 
4439 1646 4610 2115 
4440 1098 3380 3358 
4441 2207 5137 1620 
4442 1558 4582 2792 
4443 2232 4025 653 
4444 2273 3961 1322 
4445 3169 3223 546 
4446 1341 4323 2654 
4447 463 4152 2013 
4448 2506 2963 1110 
4449 2419 2988 1118 
4450 1172 2995 2745 
4451 430 3669 2079 
4452 863 4614 2211 
4453 3388 4435 566 
4454 1595 3636 3372 
4455 2434 4839 4508 
4456 3788 4373 91 
4457 290 3164 289 
4458 2135 3581 1197 
4459 767 4610 3813 
4460 2807 4100 30 
4461 1048 4327 2187 
4462 3059 5277 1094 
4463 3347 4076 1954 
4464 1666 3856 3445 
4465 1419 2956 2222 
4466 3131 3285 1311 
4467 678 4335 3382 
4468 2673 3841 611 
4469 201 3617 3248 
4470 2187 5010 1048 
4471 1052 3199 2093 
4472 269 3696 2197 
4473 3044 3526 1580 
4474 2799 4751 714 
4475 2074 4322 1306 
4476 1396 3981 2053 
4477 1451 4921 2986 
4478 3401 3718 1357 
4479 203 2525 202 
4480 907 3526 3044 
4481 1193 3148 2868 
4482 4606 4611 1410 
4483 1581 3724 2872 
4484 1668 4504 2794 
4485 2664 2899 1120 
4486 2092 5194 4383 
4487 3454 4445 761 
4488 3699 4607 974 
4489 720 4813 4028 
4490 191 2518 190 
4491 2141 4471 1383 
4492 986 4833 2172 
4493 1657 4354 2615 
4494 2329 4133 623 
4495 2615 4354 700 
4496 2804 4622 1585 
4497 164 2522 163 
4498 2841 2913 1083 
4499 1970 4368 3027 
4500 2084 4435 3388 
4501 854 3073 2350 
4502 3566 4971 751 
4503 2613 4380 1559 
4504 2502 4231 591 
4505 2603 2642 464 
4506 1064 3727 2744 
4507 2097 3263 543 
4508 2076 3730 847 
4509 865 4212 2361 
4510 3021 3873 1204 
4511 1351 3819 2549 
4512 2068 4587 3003 
4513 910 4086 2419 
4514 2583 3222 892 
4515 2419 4086 683 
4516 607 4587 2068 
4517 2151 5264 2285 
4518 804 3015 2405 
4519 2309 2843 497 
4520 2062 4043 894 
4521 2168 4970 1919 
4522 540 3702 2036 
4523 3655 4718 2840 
4524 2137 3741 809 
4525 3651 4591 1174 
4526 455 3124 3061 
4527 1402 4511 2143 
4528 2290 4030 1394 
4529 4449 4838 2753 
4530 1652 5065 3568 
4531 2558 3870 902 
4532 843 5185 2677 
4533 2598 3306 1541 
4534 1221 2699 2466 
4535 2121 4669 793 
4536 3002 3249 55 
4537 535 5177 2289 
4538 482 5229 2211 
4539 2196 5282 893 
4540 1088 4984 3017 
4541 2035 4220 562 
4542 2498 4139 4065 
4543 2223 4233 1411 
4544 3421 4648 1133 
4545 876 5139 2185 
4546 414 3375 2081 
4547 2066 3905 1299 
4548 3248 3547 1627 
4549 798 4700 2156 
4550 1084 5050 2150 
4551 2156 4920 3225 
4552 2093 3460 549 
4553 1422 3346 2819 
4554 2176 3503 1179 
4555 2258 3903 2550 
4556 3323 3399 1244 
4557 2054 4336 1318 
4558 830 4671 2317 
4559 1373 3599 3363 
4560 2491 4352 1053 
4561 2694 2927 1308 
4562 3757 4031 2012 
4563 2347 4811 476 
4564 1042 4014 2513 
4565 2209 3537 568 
4566 1760 4856 2823 
4567 2089 3354 1282 
4568 2358 3745 534 
4569 1479 4836 2378 
4570 1559 2994 2613 
4571 344 3467 343 
4572 4066 4662 2519 
4573 1088 3730 2076 
4574 2413 2963 394 
4575 1136 2937 2582 
4576 665 3474 3417 
4577 1456 4440 3710 
4578 2374 3723 1653 
4579 1137 3047 2572 
4580 2178 4681 1449 
4581 2096 4321 857 
4582 2683 4883 1383 
4583 1232 2913 2841 
4584 1540 3795 3466 
4585 1181 2899 2664 
4586 2289 5177 1708 
4587 1257 3229 3111 
4588 953 3077 2167 
4589 787 3358 2122 
4590 1352 4104 2052 
4591 1069 3127 2188 
4592 1231 4413 3036 
4593 1270 4076 3347 
4594 477 5210 2599 
4595 599 5199 2382 
4596 1294 3878 2293 
4597 2206 5276 800 
4598 2308 3367 1184 
4599 2343 3049 1108 
4600 2287 3511 1203 
4601 2156 3225 555 
4602 2537 3245 387 
4603 2542 3812 950 
4604 661 3243 2124 
4605 290 4946 2110 
4606 1383 4915 2141 
4607 1036 3395 2373 
4608 3088 4066 1816 
4609 1658 4794 2942 
4610 3358 4682 1984 
4611 3618 5104 2721 
4612 745 4066 3088 
4613 31 2807 30 
4614 1059 2874 2308 
4615 1770 5200 2402 
4616 1450 3547 3248 
4617 2605 2983 362 
4618 2094 5239 1117 
4619 103 3798 2034 
4620 612 3955 3569 
4621 387 5091 2222 
4622 1547 3656 2454 
4623 4140 4218 1305 
4624 4302 4382 1775 
4625 2057 3632 463 
4626 578 2925 2448 
4627 1249 4372 2099 
4628 2565 2932 1401 
4629 1104 3460 2093 
4630 2197 3696 1266 
4631 1194 3666 2045 
4632 2440 3201 428 
4633 2708 4655 1553 
4634 506 3825 2065 
4635 2613 2994 484 
4636 2089 3841 1343 
4637 2845 4911 2192 
4638 870 3323 2319 
4639 106 4341 2530 
4640 804 4814 3015 
4641 2156 4700 1477 
4642 831 5233 2693 
4643 900 4865 2849 
4644 1735 4146 3145 
4645 588 3618 2721 
4646 2487 3976 938 
4647 4458 5128 1017 
4648 3054 4696 1802 
4649 2093 3417 1104 
4650 786 4681 2178 
4651 1631 3529 3236 
4652 2123 3307 1177 
4653 2572 3047 1290 
4654 2973 3532 571 
4655 1084 4736 3054 
4656 2299 3482 1591 
4657 534 4197 2826 
4658 2211 5260 863 
4659 1295 3059 2948 
4660 523 4802 2638 
4661 1314 3861 2116 
4662 1474 3807 3192 
4663 803 4993 2087 
4664 2091 3923 575 
4665 2442 5214 1757 
4666 122 2723 121 
4667 1122 4435 2084 
4668 2468 4184 1465 
4669 2749 2897 1578 
4670 3418 3828 415 
4671 2824 3218 877 
4672 3519 4885 1589 
4673 2229 5242 3838 
4674 3727 4708 2479 
4675 3375 4562 2458 
4676 1515 4683 2097 
4677 3039 4989 1484 
4678 2600 4090 494 
4679 2118 3402 1086 
4680 2104 3830 1175 
4681 1336 3218 2824 
4682 1892 4490 2291 
4683 802 2901 2395 
4684 2921 4762 2447 
4685 782 3402 2118 
4686 3236 3529 723 
4687 2771 4089 672 
4688 2262 5097 384 
4689 4659 4820 2038 
4690 2112 3552 898 
4691 2137 3492 1213 
4692 653 3127 2232 
4693 835 4689 3171 
4694 1947 5291 2766 
4695 3023 3990 1495 
4696 2720 4379 2226 
4697 1143 4866 2205 
4698 2199 5029 1589 
4699 2402 5200 560 
4700 1057 3183 2515 
4701 3104 4245 521 
4702 2061 3744 819 
4703 1718 4867 4260 
4704 2293 3878 895 
4705 2090 3951 749 
4706 2188 3182 1069 
4707 158 2830 157 
4708 538 3991 2276 
4709 215 3217 2255 
4710 1220 3292 2757 
4711 2270 4512 3627 
4712 4191 4359 2947 
4713 2097 3715 793 
4714 3506 3954 693 
4715 2380 4304 840 
4716 2129 4599 1621 
4717 1110 2963 2413 
4718 2965 3479 1084 
4719 1516 4199 2662 
4720 860 5116 2262 
4721 790 4218 2079 
4722 3951 5270 2071 
4723 3061 3124 1433 
4724 3280 4502 2862 
4725 3761 4500 520 
4726 616 3319 2338 
4727 2421 2789 1029 
4728 1114 3313 2151 
4729 257 2574 256 
4730 3458 4875 2174 
4731 920 3511 2287 
4732 1395 3910 2092 
4733 811 3809 2174 
4734 1213 3741 2137 
4735 2547 3694 1055 
4736 529 4579 2143 
4737 2369 2817 421 
4738 1162 3724 3279 
4739 2143 4579 1402 
4740 1490 2923 2729 
4741 1602 4034 2588 
4742 1053 4352 2645 
4743 2749 5254 3806 
4744 2163 4223 1315 
4745 1361 3437 3435 
4746 2332 3103 253 
4747 2948 3059 1094 
4748 3202 4084 741 
4749 2317 4671 1541 
4750 3171 4689 2105 
4751 2103 3668 485 
4752 2693 5233 2031 
4753 2220 3264 1023 
4754 2273 2998 224 
4755 2329 4627 1403 
4756 2813 3528 1905 
4757 1582 4395 3324 
4758 2835 3718 861 
4759 4791 5147 463 
4760 501 5162 3554 
4761 2403 5180 750 
4762 914 4345 2111 
4763 402 3652 2149 
4764 1179 3503 3403 
4765 1757 3016 2442 
4766 2757 3292 1330 
4767 1349 4191 2947 
4768 2553 2709 557 
4769 2296 3778 697 
4770 2210 5146 1531 
4771 400 4441 4137 
4772 2638 4893 990 
4773 3264 4236 1990 
4774 1212 3923 2091 
4775 3515 4870 1873 
4776 871 4221 2113 
4777 2114 4906 1118 
4778 2589 2924 1052 
4779 550 2875 2363 
4780 2573 3275 1440 
4781 2581 3428 515 
4782 2430 3575 965 
4783 309 4384 2345 
4784 2464 2986 815 
4785 421 3662 2112 
4786 122 5061 2723 
4787 228 2740 227 
4788 2554 4660 582 
4789 2562 4086 910 
4790 2503 4338 1477 
4791 2157 5163 3330 
4792 2365 3271 1119 
4793 1246 4818 2098 
4794 2136 3474 665 
4795 2338 3319 1187 
4796 2302 3455 1422 
4797 704 4210 2546 
4798 914 5178 2301 
4799 2210 4910 1029 
4800 1048 5010 2279 
4801 1538 4083 3863 
4802 1400 4186 2522 
4803 667 4635 3012 
4804 2799 3116 1062 
4805 1286 2916 2346 
4806 1593 4900 4513 
4807 2632 5048 925 
4808 2717 4305 386 
4809 3425 4112 1144 
4810 1635 4089 2771 
4811 2702 2800 981 
4812 2149 3475 402 
4813 1482 4265 2873 
4814 1779 5180 2403 
4815 2152 4727 1687 
4816 679 3558 2304 
4817 1226 5270 3951 
4818 2118 3638 782 
4819 2478 4493 1443 
4820 2325 3393 1798 
4821 2424 3227 845 
4822 3539 4899 701 
4823 4469 5299 791 
4824 555 3765 2156 
4825 2836 3610 987 
4826 2125 3936 1138 
4827 2106 4010 995 
4828 808 4223 2163 
4829 1158 3761 2610 
4830 3012 4635 1972 
4831 1119 3457 2253 
4832 1117 4717 2094 
4833 1092 2925 2470 
4834 408 4236 3264 
4835 724 4720 3016 
4836 1379 3442 3177 
4837 1232 3625 3443 
4838 1226 3951 2090 
4839 149 2640 148 
4840 2314 4665 1527 
4841 2143 3356 1128 
4842 231 3055 230 
4843 3076 4308 1670 
4844 1049 4349 2272 
4845 2514 3785 1155 
4846 935 5242 2229 
4847 2145 5060 313 
4848 561 3879 2118 
4849 3330 5163 1667 
4850 2149 3652 1175 
4851 417 5010 2187 
4852 2202 3886 2660 
4853 2857 4301 4194 
4854 2154 3611 1079 
4855 1348 4070 3063 
4856 428 3011 2469 
4857 1044 2983 2605 
4858 2173 3335 1338 
4859 2184 3239 1313 
4860 582 2742 2498 
4861 837 3094 2243 
4862 2549 3603 826 
4863 954 3633 2091 
4864 893 5282 2272 
4865 1282 3377 2178 
4866 1080 3475 2149 
4867 1570 4811 2347 
4868 410 5256 2270 
4869 1151 3000 2734 
4870 1531 4910 2210 
4871 2405 4604 1517 
4872 945 2717 2615 
4873 2358 2936 1039 
4874 973 3022 2627 
4875 2465 3847 539 
4876 2246 5257 1058 
4877 2619 5099 1056 
4878 525 3940 2409 
4879 2459 2843 964 
4880 2142 3412 1161 
4881 2204 5097 1618 
4882 3379 4079 998 
4883 799 4801 2165 
4884 1646 4620 2643 
4885 2710 4627 842 
4886 813 4746 2338 
4887 2114 4567 405 
4888 4150 4720 724 
4889 1538 3586 3050 
4890 2152 4409 680 
4891 548 3344 2185 
4892 405 4106 2114 
4893 2239 3092 1296 
4894 795 4216 2130 
4895 1075 3337 2215 
4896 743 4880 2535 
4897 1868 4313 3300 
4898 1242 4588 3570 
4899 2633 4527 654 
4900 1317 3885 2096 
4901 2143 3657 2758 
4902 690 4164 3240 
4903 384 5292 2262 
4904 1043 4336 3009 
4905 2146 4551 1664 
4906 544 2896 2765 
4907 2685 3691 1779 
4908 460 4348 3144 
4909 2094 3581 547 
4910 3366 5175 525 
4911 2433 4853 1622 
4912 3090 4005 279 
4913 1460 3577 2453 
4914 1992 3972 2353 
4915 2140 3440 873 
4916 3445 3856 1239 
4917 2315 3116 411 
4918 899 3464 2521 
4919 2099 4372 634 
4920 2151 4337 1114 
4921 1959 4888 4374 
4922 573 5054 2122 
4923 3833 4361 1397 
4924 1126 4357 3459 
4925 681 4948 2706 
4926 69 2924 2589 
4927 611 3841 2701 
4928 2189 3244 460 
4929 240 3673 2205 
4930 2470 2925 578 
4931 3466 4715 1176 
4932 2132 3453 1518 
4933 1785 3335 2173 
4934 3893 5099 2619 
4935 2945 4473 43 
4936 1740 4618 2876 
4937 663 3160 2306 
4938 2711 2816 1124 
4939 362 2983 361 
4940 3863 4030 668 
4941 1048 4533 4327 
4942 582 4660 2742 
4943 642 3039 2302 
4944 3541 4163 1924 
4945 1361 4124 2306 
4946 3372 3636 1211 
4947 2764 3579 975 
4948 2126 4747 556 
4949 507 3256 3118 
4950 3681 4605 2641 
4951 2295 3297 18 
4952 520 5058 2610 
4953 2237 3564 150 
4954 302 3616 2214 
4955 2141 4931 4471 
4956 3118 3256 1586 
4957 4211 4377 1428 
4958 1201 4113 2103 
4959 2180 4653 1100 
4960 2195 4070 1348 
4961 3570 4588 1921 
4962 669 3502 2301 
4963 1603 4716 3483 
4964 3782 5185 843 
4965 2869 3390 822 
4966 2088 3933 792 
4967 1295 2948 2626 
4968 3050 3586 1134 
4969 1553 4655 4015 
4970 1460 3603 2549 
4971 792 3762 2088 
4972 2146 4297 1525 
4973 851 3155 2292 
4974 1952 4503 3677 
4975 3452 4163 1281 
4976 2212 3643 799 
4977 404 3978 2111 
4978 1584 3715 2242 
4979 2445 4654 1057 
4980 2292 3155 1091 
4981 2090 4040 1226 
4982 1531 5146 3929 
4983 4155 5226 493 
4984 1405 4578 2201 
4985 1440 5176 2243 
4986 2385 4709 426 
4987 821 4611 2225 
4988 2242 5120 1584 
4989 1362 5012 2104 
4990 3487 3823 1233 
4991 2618 3265 647 
4992 1391 3169 2461 
4993 2205 4866 240 
4994 2516 3095 432 
4995 2526 3547 633 
4996 671 3871 2132 
4997 3145 3965 1735 
4998 2328 4410 1054 
4999 3443 4788 2029 
5000 1281 3571 3090 
5001 2770 4131 1415 
5002 3146 4839 882 
5003 387 4846 2105 
5004 2162 5143 3469 
5005 1387 3390 2869 
5006 2203 3369 718 
5007 2765 2896 1522 
5008 2306 4124 663 
5009 3574 4507 1326 
5010 1490 4177 2923 
5011 492 4076 2179 
5012 1273 4855 2968 
5013 1806 4507 3574 
5014 3279 3724 1581 
5015 3015 4814 1871 
5016 2714 4222 584 
5017 581 4653 2180 
5018 4508 4839 1472 
5019 1411 4233 4124 
5020 1411 4124 3231 
5021 882 5224 2186 
5022 85 3054 84 
5023 1809 3611 3578 
5024 27 2873 26 
5025 417 4062 2490 
5026 2177 3499 1028 
5027 2891 3555 1356 
5028 2138 5240 435 
5029 850 4665 2314 
5030 3552 5073 2797 
5031 505 4381 2154 
5032 1354 3400 2523 
5033 2149 3677 3381 
5034 2450 2890 1003 
5035 1827 4131 2770 
5036 2615 4322 2074 
5037 2954 3179 1047 
5038 2201 4578 691 
5039 2215 3365 949 
5040 2342 3246 1169 
5041 3117 3835 574 
5042 1597 4769 2859 
5043 2452 3664 982 
5044 2133 3594 537 
5045 2591 2811 1449 
5046 2374 4476 1446 
5047 1800 4688 3420 
5048 1895 4288 2684 
5049 2233 5174 641 
5050 2559 3145 957 
5051 3880 4260 287 
5052 3090 3571 1568 
5053 286 2682 285 
5054 2169 5215 833 
5055 749 3951 3733 
5056 548 4809 2411 
5057 1061 3673 2442 
5058 4703 5300 3348 
5059 2179 4076 1270 
5060 781 4163 3541 
5061 3086 3550 1143 
5062 1222 4242 3154 
5063 2530 4341 1484 
5064 4420 5066 1776 
5065 4273 4466 1588 
5066 2290 4045 600 
5067 3578 3611 773 
5068 2154 4381 1332 
5069 1253 2991 2582 
5070 2757 3947 315 
5071 2215 3337 640 
5072 575 4923 2352 
5073 670 4659 3200 
5074 1828 4245 2384 
5075 3733 3951 2071 
5076 3092 4403 757 
5077 473 4434 4009 
5078 2590 3713 1340 
5079 2178 4222 1282 
5080 2636 3538 1329 
5081 2163 4543 808 
5082 1096 4141 3061 
5083 872 4561 2170 
5084 2434 4508 608 
5085 568 3159 2269 
5086 2165 4643 799 
5087 2345 4384 1507 
5088 1016 4001 2662 
5089 53 2745 52 
5090 3013 3625 1232 
5091 2700 3996 1319 
5092 463 5147 2716 
5093 888 4337 2151 
5094 771 3441 3101 
5095 1259 3556 2620 
5096 807 4281 2198 
5097 3472 4730 2499 
5098 2326 3814 1267 
5099 2869 3663 1476 
5100 2634 3294 509 
5101 2857 4194 995 
5102 1280 4851 3552 
5103 554 3444 2250 
5104 486 4905 2223 
5105 758 3965 3145 
5106 1507 4598 2345 
5107 3810 4439 468 
5108 88 5264 2151 
5109 2639 3230 511 
5110 2193 3378 1128 
5111 2662 4001 1516 
5112 1114 4337 2144 
5113 3911 4855 1273 
5114 1429 4111 3497 
5115 2498 4065 582 
5116 1583 3619 2304 
5117 2193 5014 178 
5118 2439 5134 849 
5119 2909 5273 1752 
5120 1253 4101 2202 
5121 614 3538 2636 
5122 1332 3631 2313 
5123 3481 4930 728 
5124 1000 3007 2494 
5125 2119 4413 607 
5126 822 3663 2869 
5127 3558 5114 2304 
5128 1710 4824 2682 
5129 44 2945 43 
5130 2316 3123 1071 
5131 591 4231 3071 
5132 217 3750 216 
5133 4340 4832 2496 
5134 2623 3152 992 
5135 3579 5035 1307 
5136 1824 3643 2212 
5137 969 4670 3626 
5138 2176 4008 2385 
5139 1896 4171 2741 
5140 2228 3234 1448 
5141 2952 2997 1067 
5142 2626 2948 676 
5143 1515 4100 2807 
5144 4645 4880 743 
5145 2898 3433 1317 
5146 2511 5092 2736 
5147 1057 2914 2445 
5148 2555 2826 1033 
5149 1228 3187 2314 
5150 3012 3935 667 
5151 977 3703 2692 
5152 2251 5302 1834 
5153 2258 3295 510 
5154 4879 4887 2367 
5155 2723 5061 1778 
5156 2313 3631 583 
5157 2278 3897 1254 
5158 2515 3736 1240 
5159 1280 2997 2952 
5160 1247 3536 2677 
5161 868 5120 3921 
5162 539 4797 2465 
5163 2283 5050 1084 
5164 918 5257 2246 
5165 3197 4967 2095 
5166 1422 4426 2302 
5167 4202 4321 2096 
5168 409 4941 4053 
5169 40 3100 39 
5170 2197 4595 902 
5171 1708 3796 2160 
5172 1269 3077 2634 
5173 2561 3756 855 
5174 1255 4270 2159 
5175 3200 4659 2038 
5176 2187 4327 803 
5177 2589 4151 68 
5178 2420 4556 3480 
5179 278 2795 277 
5180 1354 3812 2542 
5181 834 4307 2585 
5182 1019 3024 2777 
5183 502 4308 3076 
5184 2180 4144 1149 
5185 3508 3874 1876 
5186 2156 4876 798 
5187 2302 4426 642 
5188 1104 4081 2158 
5189 608 4489 2463 
5190 2497 4048 1058 
5191 559 4165 2533 
5192 443 4933 2170 
5193 1909 4230 3302 
5194 381 3246 2342 
5195 1171 4286 3854 
5196 2405 3015 1359 
5197 4100 4669 2121 
5198 1344 3840 2691 
5199 1332 4315 2154 
5200 1524 4657 2395 
5201 1162 4737 3992 
5202 2123 4162 1507 
5203 2433 3701 1159 
5204 1307 4197 3579 
5205 1268 3572 2162 
5206 3921 5120 2242 
5207 818 3316 2236 
5208 1188 3850 2324 
5209 3837 4178 1714 
5210 596 3713 2590 
5211 2610 5058 4723 
5212 2607 3816 436 
5213 2253 5200 1770 
5214 3427 5109 706 
5215 3507 4545 2440 
5216 2350 3073 1447 
5217 577 3897 2278 
5218 1907 4779 2881 
5219 2177 4526 734 
5220 952 3814 2326 
5221 2259 5290 1756 
5222 1402 3030 2884 
5223 2959 3649 1941 
5224 1041 5000 2201 
5225 1140 4249 2288 
5226 2649 3222 1183 
5227 2314 3187 850 
5228 3290 4509 1150 
5229 1312 4321 4202 
5230 2633 2780 979 
5231 3512 4766 1944 
5232 2345 4598 905 
5233 3243 4881 2164 
5234 3456 3671 1414 
5235 1033 3974 2609 
5236 374 4370 2400 
5237 2612 3359 1112 
5238 2633 5102 4527 
5239 2504 3725 1056 
5240 2487 2902 519 
5241 2181 3729 1113 
5242 3694 3927 1055 
5243 2212 4643 1132 
5244 2218 3485 931 
5245 3532 4295 571 
5246 656 3986 2872 
5247 2300 3188 1453 
5248 2604 3310 348 
5249 1520 4881 3243 
5250 1745 3403 2550 
5251 1064 5169 3727 
5252 861 3853 2835 
5253 1043 4499 2992 
5254 412 4367 2160 
5255 335 2725 334 
5256 1497 4820 4659 
5257 2897 4044 686 
5258 1236 3888 2168 
5259 3238 4095 1297 
5260 849 3721 2439 
5261 799 4643 2212 
5262 4107 4520 1455 
5263 728 3138 2987 
5264 4 3957 171 
5265 172 3957 4 
5266 2471 4890 1481 
5267 2202 4101 591 
5268 2299 4930 1167 
5269 1526 3756 2561 
5270 2294 3341 73 
5271 1175 3677 2149 
5272 602 3126 2625 
5273 1659 3232 3176 
5274 3422 4650 774 
5275 885 4613 2226 
5276 2232 3351 1327 
5277 3003 4587 1233 
5278 2941 4267 1725 
5279 2594 4965 1671 
5280 807 4889 2881 
5281 958 3864 2390 
5282 1732 4501 3146 
5283 2695 3372 1211 
5284 2179 3686 492 
5285 4383 5194 495 
5286 622 3123 2316 
5287 903 3886 2202 
5288 2126 4196 796 
5289 2390 3864 1302 
5290 401 4294 2298 
5291 295 2718 294 
5292 759 5004 2536 
5293 1021 3326 2222 
5294 2200 3804 1168 
5295 2264 5134 1569 
5296 2585 4806 834 
5297 1009 3719 2410 
5298 3743 3805 691 
5299 3108 5174 1614 
5300 2170 3712 443 
5301 2135 3846 1169 
5302 2593 4047 35 
5303 2155 3525 1413 
5304 739 4530 3709 
5305 3104 4752 956 
5306 3980 4563 1812 
5307 60 2917 59 
5308 2168 3705 1236 
5309 1092 3167 2556 
5310 3656 3769 1303 
5311 1699 5080 4422 
5312 1114 3844 2247 
5313 446 3874 3508 
5314 760 4224 2216 
5315 2836 4786 3610 
5316 1080 4967 3197 
5317 377 2911 376 
5318 2297 3155 851 
5319 3085 3350 1164 
5320 280 3090 279 
5321 1455 3004 2652 
5322 1726 4095 3238 
5323 3684 3990 1306 
5324 150 4954 2237 
5325 2418 3008 429 
5326 2851 4664 1803 
5327 2556 3167 1702 
5328 2659 3883 1729 
5329 473 4009 2175 
5330 1637 3650 3275 
5331 875 4102 2233 
5332 2157 4553 938 
5333 3351 5293 1769 
5334 599 5125 2147 
5335 2386 4138 2688 
5336 434 2967 2586 
5337 3275 3650 485 
5338 811 4008 2176 
5339 1270 3654 2179 
5340 546 3949 2245 
5341 441 3135 2317 
5342 1123 3522 2231 
5343 2181 3746 450 
5344 2513 3763 1213 
5345 4471 4931 652 
5346 893 3477 2196 
5347 2300 5137 832 
5348 2625 3126 1202 
5349 1071 3123 3081 
5350 70 2924 69 
5351 2941 3882 704 
5352 704 4267 2941 
5353 3571 4550 1568 
5354 2183 3944 1146 
5355 3606 5265 1862 
5356 189 4020 188 
5357 2527 4457 889 
5358 2297 4903 1528 
5359 2232 5293 3351 
5360 116 2978 115 
5361 450 3729 2181 
5362 3646 4225 1943 
5363 3176 3232 1060 
5364 859 4664 2851 
5365 1612 4703 3348 
5366 868 3890 2614 
5367 637 3960 2461 
5368 1712 4591 3651 
5369 2198 3995 1138 
5370 2618 4382 1468 
5371 518 4728 2820 
5372 2444 2979 1287 
5373 2807 3305 1095 
5374 2872 3986 1581 
5375 869 4128 2761 
5376 1337 3794 2719 
5377 2262 5292 1607 
5378 2646 4760 454 
5379 2634 3077 953 
5380 3035 3717 439 
5381 518 5148 4728 
5382 530 4922 2858 
5383 2313 4315 1332 
5384 2400 4370 1448 
5385 1160 3892 2483 
5386 2590 3353 964 
5387 638 3286 2598 
5388 2227 3427 706 
5389 2160 4476 839 
5390 3233 4764 1146 
5391 351 2759 350 
5392 2987 3138 1327 
5393 1241 3249 3002 
5394 971 4798 2136 
5395 3907 4222 2714 
5396 2272 5282 1049 
5397 1591 4930 2299 
5398 1046 3596 2305 
5399 1381 4636 2189 
5400 846 3498 2183 
5401 1101 2816 2711 
5402 1240 3736 2192 
5403 429 3008 2568 
5404 2223 5028 883 
5405 2517 3044 1139 
5406 2268 5045 1130 
5407 3353 4420 1776 
5408 1248 4147 2182 
5409 300 2774 299 
5410 849 5134 2264 
5411 3248 3617 1450 
5412 1502 4521 3260 
5413 2415 3040 1257 
5414 1353 4190 2229 
5415 2441 3450 1697 
5416 2879 3842 660 
5417 2835 3853 1532 
5418 1013 2950 2538 
5419 1631 4169 3517 
5420 2652 3004 516 
5421 2664 5059 2863 
5422 1423 2800 2702 
5423 703 4503 2595 
5424 2353 3972 734 
5425 2783 3229 1257 
5426 2042 4752 3104 
5427 1620 5137 2300 
5428 3386 4366 2296 
5429 3254 4617 1488 
5430 804 4985 4069 
5431 2233 4644 875 
5432 3209 4035 733 
5433 4309 5069 821 
5434 818 3376 2280 
5435 2245 3808 3134 
5436 2861 3031 1206 
5437 1070 3807 2592 
5438 1189 3538 3258 
5439 2849 4865 1743 
5440 2881 4889 1907 
5441 614 4449 2753 
5442 268 2752 267 
5443 2225 4435 1122 
5444 2164 4881 3318 
5445 2725 3660 1089 
5446 975 2808 2771 
5447 2347 4831 1570 
5448 1350 5090 2853 
5449 2175 5183 842 
5450 1574 3842 2879 
5451 223 4586 222 
5452 1166 3564 2237 
5453 3021 3648 503 
5454 3135 5304 1127 
5455 1588 4466 2779 
5456 824 4831 2347 
5457 2274 3493 341 
5458 1261 3528 2875 
5459 3224 4257 1629 
5460 2930 4091 1501 
5461 2252 4894 480 
5462 1759 4675 2748 
5463 839 4476 2374 
5464 2748 4675 725 
5465 2216 4224 1316 
5466 2850 4673 901 
5467 2833 4218 790 
5468 2505 2984 1485 
5469 2917 4256 59 
5470 2551 4054 324 
5471 1939 3710 2277 
5472 1146 4764 3318 
5473 1483 3919 3345 
5474 1734 4352 2491 
5475 939 3543 2351 
5476 1215 3827 2220 
5477 2575 3033 1377 
5478 1554 4200 2722 
5479 3027 3675 664 
5480 2583 5253 3222 
5481 52 2995 51 
5482 2771 2808 1635 
5483 2245 3949 1264 
5484 668 4030 3096 
5485 2442 3016 1061 
5486 2951 3360 915 
5487 2224 4619 1378 
5488 1598 3230 2639 
5489 764 4742 3722 
5490 1155 3785 3102 
5491 2568 3008 1116 
5492 2395 4881 1520 
5493 2201 3758 1405 
5494 2806 5151 4754 
5495 2996 3538 1189 
5496 2456 3168 1334 
5497 2320 4275 823 
5498 1100 3297 2295 
5499 2323 3277 675 
5500 1459 4575 2831 
5501 1630 4473 2945 
5502 3053 5162 501 
5503 427 3995 2198 
5504 4755 5089 1833 
5505 2595 4503 1615 
5506 2298 4294 1407 
5507 2570 3634 567 
5508 4443 4991 1916 
5509 2249 4997 783 
5510 2568 2950 1013 
5511 2214 3616 1290 
5512 630 3559 2694 
5513 2280 4688 818 
5514 3942 4771 1716 
5515 2268 3349 390 
5516 565 3804 2200 
5517 2977 3388 1196 
5518 2507 4424 1097 
5519 2570 3086 1143 
5520 2393 3254 141 
5521 2349 3390 1556 
5522 2172 3944 572 
5523 2379 3661 1021 
5524 327 3343 326 
5525 2182 4147 848 
5526 2231 3522 431 
5527 2209 4134 811 
5528 1505 4225 3646 
5529 3299 3634 1426 
5530 2208 4291 651 
5531 3431 4255 372 
5532 1135 3509 3472 
5533 2227 4865 900 
5534 2644 2892 574 
5535 1116 2950 2568 
5536 153 2787 152 
5537 572 3968 2486 
5538 2815 4926 2402 
5539 1626 5034 3674 
5540 2285 5264 89 
5541 1713 4079 3379 
5542 542 4888 2435 
5543 2222 5091 1419 
5544 1445 4739 2361 
5545 2461 3960 1391 
5546 2586 2967 1117 
5547 4428 5273 412 
5548 2531 4233 2223 
5549 2339 4628 2726 
5550 2538 2980 1013 
5551 1195 5114 3558 
5552 9 3412 8 
5553 1802 4696 2247 
5554 1327 3338 2987 
5555 1828 5106 2220 
5556 3550 3785 1794 
5557 4470 4731 2082 
5558 2398 3992 934 
5559 443 3712 2472 
5560 2956 3807 1474 
5561 1539 3675 3027 
5562 2420 3451 1368 
5563 3318 4881 398 
5564 2362 3132 1074 
5565 2609 3031 1129 
5566 2217 4193 751 
5567 2551 2943 1011 
5568 50 2804 49 
5569 2830 4850 958 
5570 2912 3184 1173 
5571 1415 3771 2770 
5572 1150 4509 3225 
5573 1226 3543 3124 
5574 199 4385 2416 
5575 276 2823 275 
5576 628 3347 2890 
5577 3786 5090 1350 
5578 570 3795 2853 
5579 2130 4216 3692 
5580 3374 4942 589 
5581 1917 4478 2381 
5582 2655 3904 1500 
5583 2652 4871 1705 
5584 2732 3654 672 
5585 1607 3602 2492 
5586 989 4955 2204 
5587 1526 3760 2579 
5588 3146 4501 508 
5589 2545 5214 243 
5590 1275 5062 2191 
5591 1786 3437 2306 
5592 3578 3636 1595 
5593 219 2874 218 
5594 2277 3710 479 
5595 3081 3123 1380 
5596 727 5152 4375 
5597 2034 5069 4309 
5598 3334 4755 976 
5599 3465 5113 1943 
5600 1173 3184 2644 
5601 2957 2960 1633 
5602 2912 2974 1200 
5603 1378 3908 3185 
5604 2304 4668 679 
5605 35 4047 34 
5606 117 3909 116 
5607 1252 4944 2203 
5608 691 3805 2201 
5609 1173 3835 2221 
5610 567 3086 2570 
5611 3267 3577 399 
5612 1381 3319 3226 
5613 117 5129 2254 
5614 1245 3597 2472 
5615 2549 3829 1351 
5616 3312 4286 1171 
5617 4760 5248 454 
5618 851 4903 2297 
5619 2884 5115 797 
5620 1699 4564 2931 
5621 388 3514 2236 
5622 2433 3288 359 
5623 302 4706 301 
5624 1581 3986 3884 
5625 406 4842 4585 
5626 1336 4386 2219 
5627 2225 4309 821 
5628 1058 5257 2497 
5629 1705 5150 2498 
5630 3472 3509 1653 
5631 810 4004 2231 
5632 1510 3698 2645 
5633 2565 4539 624 
5634 666 3013 2841 
5635 2330 4000 1288 
5636 1957 4733 3107 
5637 2582 2991 1136 
5638 367 2908 366 
5639 2257 3801 779 
5640 686 4044 2775 
5641 1752 3921 2213 
5642 95 3034 94 
5643 557 2899 2891 
5644 1173 2974 2912 
5645 2472 3597 443 
5646 827 3591 3438 
5647 1216 3848 2507 
5648 2416 4363 198 
5649 574 2892 2697 
5650 1090 3125 2545 
5651 809 3741 2200 
5652 2289 3509 1135 
5653 2349 4990 505 
5654 3849 4792 1034 
5655 826 3829 2549 
5656 1876 3874 3601 
5657 1533 3645 2571 
5658 1016 2960 2957 
5659 3488 4577 2341 
5660 2754 4687 514 
5661 438 3461 2261 
5662 2711 2966 1101 
5663 2065 5128 4458 
5664 2250 4980 1354 
5665 1138 3936 2198 
5666 1708 5251 2289 
5667 2775 4044 1542 
5668 348 3310 347 
5669 2463 4489 929 
5670 272 4347 2426 
5671 2167 5272 953 
5672 4019 5233 831 
5673 1596 4245 3104 
5674 3240 4164 1684 
5675 2614 5120 868 
5676 3026 4372 1249 
5677 3483 4417 2021 
5678 2203 3810 1252 
5679 1132 4643 4642 
5680 1348 4945 2195 
5681 4137 4441 1869 
5682 752 3785 3550 
5683 2295 3383 1100 
5684 2545 3125 1757 
5685 1203 3843 2287 
5686 1267 5275 3056 
5687 2652 4107 1455 
5688 2722 4200 935 
5689 3601 3874 1198 
5690 585 4000 2330 
5691 1338 5221 2173 
5692 2319 3323 1244 
5693 2770 3771 650 
5694 694 3661 2379 
5695 2198 3936 807 
5696 1502 3551 2256 
5697 3382 3983 1250 
5698 98 2859 97 
5699 21 2867 20 
5700 2456 4897 1939 
5701 2417 4829 923 
5702 3111 3229 1197 
5703 2239 4623 1011 
5704 875 4879 2367 
5705 847 4325 2366 
5706 1481 4668 2304 
5707 1392 3312 3133 
5708 625 3031 2609 
5709 995 4719 2238 
5710 2298 3416 401 
5711 1587 4829 2417 
5712 2345 3315 308 
5713 569 4547 2218 
5714 1378 4619 3138 
5715 2669 3632 1157 
5716 1203 4882 3478 
5717 2945 3478 1630 
5718 2473 4252 57 
5719 4203 5023 2009 
5720 437 3849 3626 
5721 2422 3101 1238 
5722 2668 3666 1194 
5723 247 3714 2263 
5724 2140 4755 3334 
5725 2772 3095 1774 
5726 2561 4180 403 
5727 519 3976 2487 
5728 2472 3712 1289 
5729 1146 3318 2597 
5730 1040 2927 2694 
5731 1385 4417 3483 
5732 1782 4607 3699 
5733 1605 3577 3267 
5734 2658 3392 1886 
5735 2323 3629 1865 
5736 548 5283 4809 
5737 2891 2899 1181 
5738 932 5092 2511 
5739 2247 4696 86 
5740 1039 4300 3058 
5741 1159 3288 2433 
5742 2283 3479 527 
5743 739 3231 3067 
5744 2498 5150 888 
5745 2824 3779 1336 
5746 553 3458 2260 
5747 2281 3506 693 
5748 1168 3591 2277 
5749 262 3928 2267 
5750 1527 4979 2314 
5751 648 3625 2592 
5752 1974 5273 4428 
5753 581 3046 2762 
5754 1617 5271 2312 
5755 2023 4834 3287 
5756 999 2897 2749 
5757 1276 3685 2210 
5758 2571 3645 737 
5759 1509 3903 2258 
5760 2307 5018 3329 
5761 2316 4976 1345 
5762 1436 4688 2280 
5763 2692 2900 977 
5764 594 3980 2311 
5765 962 3657 2265 
5766 2399 4472 865 
5767 283 2886 282 
5768 1379 5180 3691 
5769 2394 3169 546 
5770 2200 3763 565 
5771 3107 4733 471 
5772 3531 5244 1832 
5773 390 5045 2268 
5774 885 4475 2639 
5775 4086 5156 683 
5776 2647 4626 841 
5777 567 3999 3086 
5778 1266 4595 2197 
5779 697 5136 2296 
5780 2357 5096 900 
5781 2760 3693 1982 
5782 1815 3983 3382 
5783 943 5236 2249 
5784 2644 3184 1005 
5785 502 5081 2297 
5786 1480 4832 4340 
5787 1468 4382 4302 
5788 2210 3867 1276 
5789 2292 4428 412 
5790 3778 4411 697 
5791 2275 4074 1111 
5792 1111 4455 2275 
5793 572 5289 2322 
5794 4010 4169 1399 
5795 4642 4643 2165 
5796 2508 3789 1235 
5797 2908 5161 1417 
5798 3438 3591 1683 
5799 2632 4255 1742 
5800 1382 3559 3361 
5801 2310 4573 737 
5802 1601 5096 2357 
5803 2931 4564 714 
5804 2921 5086 1796 
5805 55 3249 54 
5806 1632 5192 2295 
5807 1215 3801 2257 
5808 2263 4862 862 
5809 381 4468 2229 
5810 805 4995 3555 
5811 1549 5014 4024 
5812 1290 4307 2214 
5813 2213 4748 853 
5814 355 4583 2354 
5815 3067 3231 1361 
5816 2288 4249 61 
5817 1191 4793 2261 
5818 516 4871 2652 
5819 482 5227 3824 
5820 114 2882 113 
5821 3194 5253 519 
5822 1027 4379 2720 
5823 1203 3478 2945 
5824 643 3392 2658 
5825 1087 3971 2547 
5826 2231 4004 1123 
5827 1446 4844 2374 
5828 3315 3646 307 
5829 3626 3849 1883 
5830 2306 3437 1361 
5831 852 3211 2414 
5832 3690 4909 2484 
5833 2640 3820 148 
5834 58 4256 2473 
5835 1132 4642 2266 
5836 2230 4282 1693 
5837 1227 3493 2274 
5838 3614 5275 1267 
5839 2729 2923 1012 
5840 2437 3156 580 
5841 304 3465 2572 
5842 2305 5077 1046 
5843 2740 5067 960 
5844 2948 4667 676 
5845 4386 4687 2219 
5846 1495 3772 2244 
5847 2432 3195 605 
5848 2430 3789 78 
5849 2220 3801 1215 
5850 140 3934 139 
5851 2639 4475 1598 
5852 779 4238 2257 
5853 951 4107 2652 
5854 2387 4878 1564 
5855 2311 3980 1278 
5856 2796 4894 1098 
5857 2372 3578 1595 
5858 2297 5081 1561 
5859 1478 3207 3137 
5860 3086 3999 1661 
5861 4024 5014 2193 
5862 1359 4390 2405 
5863 2592 3625 1293 
5864 784 4515 4284 
5865 1583 3387 2429 
5866 3209 4976 2316 
5867 2556 5057 258 
5868 689 4878 2387 
5869 3086 4677 3550 
5870 684 4239 3387 
5871 2868 4193 2217 
5872 2714 3112 1272 
5873 2257 4238 1289 
5874 532 4628 2339 
5875 4266 4368 486 
5876 337 3962 336 
5877 133 3182 132 
5878 432 3095 2772 
5879 1563 4256 2917 
5880 2785 3878 1887 
5881 3133 3312 1171 
5882 690 3240 2854 
5883 1387 3393 2325 
5884 567 3299 2438 
5885 2292 3796 851 
5886 2627 3022 1471 
5887 2287 3843 45 
5888 2888 4489 608 
5889 2895 2905 1498 
5890 1564 3740 2387 
5891 1025 2905 2895 
5892 1568 4005 3090 
5893 2713 3333 1548 
5894 796 5297 4330 
5895 2266 4743 824 
5896 2256 4951 655 
5897 4897 4914 1939 
5898 3011 3201 1124 
5899 3137 3207 1076 
5900 944 4492 3284 
5901 2301 5178 1051 
5902 3030 4751 1062 
5903 1418 3613 3545 
5904 576 3342 2501 
5905 2764 3665 1360 
5906 1757 5214 2545 
5907 1206 3270 2392 
5908 2891 4781 3555 
5909 895 3878 2785 
5910 2820 3716 1643 
5911 3087 3991 1822 
5912 3338 3351 483 
5913 253 3103 252 
5914 1209 3909 2254 
5915 1816 3864 2730 
5916 930 4437 3394 
5917 2218 4547 1225 
5918 179 3378 178 
5919 2489 4268 167 
5920 1124 5209 3011 
5921 651 4291 2955 
5922 2265 3657 1128 
5923 130 4340 2496 
5924 3138 4619 4025 
5925 2255 4326 841 
5926 1622 3701 2433 
5927 2216 4243 1286 
5928 453 4312 4072 
5929 508 4501 2614 
5930 2352 3407 940 
5931 2277 3591 827 
5932 2742 4660 951 
5933 2271 5155 440 
5934 836 3308 2599 
5935 889 4457 2332 
5936 3525 4644 2233 
5937 586 3329 2376 
5938 1316 4317 2216 
5939 2224 4870 942 
5940 2598 4356 638 
5941 2229 4468 1353 
5942 2355 3635 601 
5943 1141 3784 3037 
5944 3278 4430 1207 
5945 1681 4785 4484 
5946 1441 4134 2838 
5947 3301 4611 1919 
5948 1413 3396 3158 
5949 2870 3948 1376 
5950 401 4721 2984 
5951 514 4687 4386 
5952 1569 5098 2684 
5953 497 3423 2309 
5954 3330 4553 2157 
5955 2583 3976 519 
5956 2285 4139 888 
5957 3181 4612 4520 
5958 176 4310 2500 
5959 1342 3820 2640 
5960 2494 3716 1000 
5961 2320 5164 135 
5962 3468 4368 1970 
5963 2438 3299 1147 
5964 2214 4307 834 
5965 3387 4239 1916 
5966 1339 3085 2792 
5967 1535 4887 4879 
5968 3048 3410 1380 
5969 1338 3845 3180 
5970 648 3807 2956 
5971 2277 4049 1168 
5972 2241 3895 345 
5973 1915 5299 4469 
5974 3144 3319 1381 
5975 1465 3258 2753 
5976 3011 5209 2030 
5977 2250 3862 817 
5978 766 5072 3290 
5979 593 2966 2711 
5980 3853 4433 1532 
5981 1417 5161 4094 
5982 1697 5234 3782 
5983 734 3972 3499 
5984 996 4205 3052 
5985 928 4900 2848 
5986 1339 3350 3085 
5987 2482 3148 1015 
5988 1110 3170 2506 
5989 1296 4623 2239 
5990 109 2933 108 
5991 324 4054 323 
5992 4538 4977 2882 
5993 822 3390 2349 
5994 2598 4235 3306 
5995 3703 5281 2692 
5996 1284 3895 2241 
5997 3333 4371 481 
5998 2932 4616 464 
5999 2322 3498 1570 
6000 56 3002 55 
6001 1541 5124 2317 
6002 692 4023 2871 
6003 1361 3435 3067 
6004 2300 5195 1620 
6005 1122 4309 2225 
6006 1551 4314 2217 
6007 3203 3942 1716 
6008 1420 4117 3298 
6009 2732 3149 967 
6010 2266 4642 421 
6011 400 4137 2653 
6012 3430 5276 2206 
6013 3548 4610 767 
6014 638 3747 3286 
6015 1831 5152 3311 
6016 1286 3471 2883 
6017 2522 4186 163 
6018 476 4027 2347 
6019 787 4682 3358 
6020 1423 3605 3162 
6021 2341 5249 1513 
6022 248 4075 3714 
6023 2792 3085 799 
6024 1279 4077 3898 
6025 3181 4520 625 
6026 2236 5127 1809 
6027 2261 4793 438 
6028 3381 3677 703 
6029 1556 4990 2349 
6030 3540 4146 1489 
6031 2806 4754 595 
6032 2942 4794 409 
6033 486 4368 3468 
6034 2835 5007 639 
6035 2900 4292 1565 
6036 2600 4820 1497 
6037 1373 3516 3080 
6038 195 4154 5 
6039 2506 3170 588 
6040 1330 3292 2964 
6041 2818 4858 4684 
6042 1008 4784 2261 
6043 2511 4126 602 
6044 212 3017 211 
6045 3394 4437 1996 
6046 841 4626 2255 
6047 2784 3931 1692 
6048 2101 4800 4690 
6049 2243 4406 837 
6050 2244 4510 450 
6051 2871 4023 1544 
6052 2960 4023 692 
6053 635 3234 2715 
6054 1662 3427 2412 
6055 3027 4368 1539 
6056 3346 4440 1456 
6057 1377 4151 2589 
6058 1267 3814 3614 
6059 2955 4291 1696 
6060 3050 4083 1538 
6061 3587 5118 815 
6062 2614 4501 1584 
6063 1271 4740 3839 
6064 1773 5158 3871 
6065 580 3797 2437 
6066 2567 3079 1612 
6067 584 3112 2714 
6068 2366 3948 209 
6069 3062 4410 613 
6070 1665 4018 3194 
6071 699 4872 4546 
6072 2255 4626 1393 
6073 3226 3319 616 
6074 1900 4371 3333 
6075 2408 4793 1191 
6076 575 3923 2528 
6077 2765 4087 968 
6078 1541 4356 2598 
6079 2364 4519 554 
6080 2649 4702 2073 
6081 2366 4325 1376 
6082 3870 4045 1263 
6083 1337 4275 2320 
6084 3536 3775 1610 
6085 496 4296 3500 
6086 2712 5254 526 
6087 2373 3395 488 
6088 5 4154 194 
6089 2222 4541 1021 
6090 1207 4430 3534 
6091 2080 4119 3897 
6092 524 3979 2259 
6093 975 3665 2764 
6094 1773 4616 2932 
6095 1117 2975 2827 
6096 1512 4429 2725 
6097 4648 4869 1133 
6098 2817 4743 2266 
6099 1863 5254 2712 
6100 1109 3876 3142 
6101 1187 3319 3144 
6102 2923 4177 442 
6103 1595 3372 2672 
6104 1494 4838 4449 
6105 3338 4431 1170 
6106 2318 3506 1130 
6107 93 2970 92 
6108 3897 4119 1254 
6109 1373 3924 3516 
6110 2438 3259 1099 
6111 3589 4187 709 
6112 166 3766 165 
6113 3158 3396 1209 
6114 1277 3716 2494 
6115 1097 4424 2837 
6116 472 3685 2560 
6117 2734 3000 1132 
6118 2124 4895 3389 
6119 3235 4484 730 
6120 2304 5114 1583 
6121 2272 4349 590 
6122 1853 5203 3486 
6123 4327 4533 1857 
6124 2753 3258 614 
6125 4277 4774 1510 
6126 757 4968 4531 
6127 1264 3808 2245 
6128 3194 4018 1101 
6129 1099 3999 2438 
6130 2560 3685 1276 
6131 1734 5035 3579 
6132 1169 3846 2342 
6133 2752 4658 1461 
6134 817 4980 2250 
6135 2340 3503 426 
6136 2451 3998 1703 
6137 1702 5057 2556 
6138 3500 4296 1979 
6139 507 4938 3256 
6140 773 3636 3578 
6141 1446 4367 2909 
6142 2204 4955 4552 
6143 1285 4139 2285 
6144 224 2998 223 
6145 2284 3740 495 
6146 2964 3292 609 
6147 2587 4196 1300 
6148 2303 3786 862 
6149 2521 4400 487 
6150 2343 4102 875 
6151 3469 5143 1152 
6152 4369 4590 271 
6153 1522 4087 2765 
6154 2715 3385 1355 
6155 2367 4951 1537 
6156 3031 3325 1206 
6157 1643 4899 3539 
6158 1498 4731 4470 
6159 2318 5045 390 
6160 1342 4304 2380 
6161 135 3794 2320 
6162 448 3973 3734 
6163 3121 3784 1141 
6164 563 3336 3005 
6165 2617 3633 1321 
6166 1975 4874 3308 
6167 2331 5198 1156 
6168 3121 5152 727 
6169 2304 3619 1481 
6170 2286 3821 634 
6171 1055 3927 3097 
6172 2561 3993 1364 
6173 436 3706 2607 
6174 3533 5040 768 
6175 1774 4410 3062 
6176 2000 5164 2320 
6177 88 3313 87 
6178 1973 5105 3043 
6179 655 4951 2367 
6180 701 3989 3539 
6181 239 2990 238 
6182 685 3854 3751 
6183 2536 3209 1071 
6184 1063 3310 2604 
6185 753 5064 2360 
6186 2338 4746 1431 
6187 1289 4450 2257 
6188 2771 3665 975 
6189 2434 5224 882 
6190 2313 5076 1211 
6191 3812 4709 2385 
6192 2842 4828 1543 
6193 2554 5271 1617 
6194 1545 4037 2252 
6195 3411 5026 993 
6196 3779 4386 1336 
6197 1684 3857 2543 
6198 1174 3609 3051 
6199 3389 4895 829 
6200 61 4518 2288 
6201 2317 5124 441 
6202 778 3757 2428 
6203 3307 5060 1177 
6204 901 4580 2731 
6205 1950 4068 2738 
6206 2691 3082 1344 
6207 2675 5285 1694 
6208 1510 4774 3163 
6209 855 3993 2561 
6210 1156 5198 2337 
6211 1453 4808 2300 
6212 2574 3364 1106 
6213 3052 4205 1667 
6214 383 4702 2649 
6215 427 3239 2493 
6216 588 3708 2506 
6217 1742 4255 3431 
6218 1250 3983 2354 
6219 2631 3364 709 
6220 2131 4386 3779 
6221 2955 4592 1131 
6222 2334 3573 947 
6223 183 3161 182 
6224 505 5141 2349 
6225 1923 4398 2793 
6226 565 4293 3014 
6227 4590 5268 1266 
6228 1702 3364 2574 
6229 2443 3844 1114 
6230 3925 4939 1260 
6231 2360 5064 2705 
6232 1971 4734 2309 
6233 1684 4164 3857 
6234 2982 3191 1276 
6235 2765 4551 2146 
6236 2595 4258 703 
6237 1529 3119 2578 
6238 83 4736 4506 
6239 1416 4745 2397 
6240 1476 3663 2552 
6241 1171 3831 3133 
6242 2926 4343 1115 
6243 1078 3026 2716 
6244 2627 4248 385 
6245 837 4406 2391 
6246 1144 3165 3151 
6247 921 3691 2685 
6248 3267 5068 1167 
6249 1914 4697 3187 
6250 3259 3392 643 
6251 1005 3184 2586 
6252 2335 5081 502 
6253 3461 4883 1008 
6254 647 4382 2618 
6255 1475 3389 2818 
6256 257 5057 2574 
6257 880 3082 2691 
6258 955 3528 2813 
6259 3043 5105 535 
6260 2241 4215 1284 
6261 1471 4248 2627 
6262 216 3217 215 
6263 1351 4409 3819 
6264 1392 3133 2862 
6265 1515 4669 4100 
6266 2260 4158 553 
6267 1355 3799 2715 
6268 2878 3839 1931 
6269 873 4999 2448 
6270 3819 4409 2152 
6271 1628 3952 3265 
6272 2389 3827 1215 
6273 2260 4958 852 
6274 4297 4776 753 
6275 1312 4202 2344 
6276 2275 4455 458 
6277 3187 4697 850 
6278 3300 4313 1075 
6279 3246 3451 1437 
6280 1691 4324 2593 
6281 887 4038 3278 
6282 1508 4400 2521 
6283 1569 5134 2439 
6284 2827 2975 579 
6285 298 3238 297 
6286 3517 4169 597 
6287 2464 5118 1621 
6288 1234 3875 2425 
6289 1580 3418 3044 
6290 204 3442 203 
6291 205 3177 204 
6292 1038 5211 2302 
6293 586 4450 2751 
6294 1390 3152 2623 
6295 3041 5053 933 
6296 716 3425 2788 
6297 478 4582 3185 
6298 1384 4488 2349 
6299 3168 4437 930 
6300 2862 3133 619 
6301 2852 3006 1535 
6302 1301 4821 3881 
6303 2400 3431 373 
6304 2344 4202 592 
6305 4014 4293 565 
6306 3167 3589 709 
6307 2786 4073 1499 
6308 1666 3445 2812 
6309 1806 3574 2509 
6310 3326 4846 387 
6311 3435 3437 489 
6312 2841 3013 1232 
6313 2349 4488 822 
6314 2352 4923 3407 
6315 705 3902 2622 
6316 2827 3111 1197 
6317 18 3297 17 
6318 2596 3197 864 
6319 1879 5032 4609 
6320 2738 4068 1438 
6321 1561 5081 2335 
6322 2667 3573 1316 
6323 3151 3165 1303 
6324 1412 3629 2323 
6325 566 4606 2399 
6326 2762 3046 1097 
6327 2715 3799 635 
6328 2354 3983 897 
6329 2257 4404 1215 
6330 3232 4599 2129 
6331 3325 4520 1771 
6332 3273 4093 1077 
6333 2761 3494 696 
6334 3693 4254 1982 
6335 1196 3060 2961 
6336 2694 3559 1040 
6337 308 3315 307 
6338 2961 3060 1217 
6339 3287 4834 1675 
6340 1592 3580 2822 
6341 537 5166 2864 
6342 283 3205 2886 
6343 1163 3136 2802 
6344 1371 3842 3161 
6345 1707 5236 4263 
6346 1118 4906 2419 
6347 2489 4857 4268 
6348 1509 4278 2281 
6349 3161 3842 1574 
6350 579 3111 2827 
6351 3529 4241 723 
6352 522 4292 2900 
6353 2698 4282 2230 
6354 2685 3623 2056 
6355 980 4207 3032 
6356 2837 3513 1097 
6357 508 3839 2878 
6358 4046 5212 1345 
6359 1223 3408 2928 
6360 408 3827 2389 
6361 1169 3281 3020 
6362 305 3465 304 
6363 1129 5259 2358 
6364 1374 4389 2658 
6365 2354 4583 1250 
6366 938 4553 2487 
6367 2574 5057 1702 
6368 2694 3593 630 
6369 2428 3757 1241 
6370 1111 4074 2445 
6371 1186 4012 2303 
6372 2864 5166 1885 
6373 3387 3584 684 
6374 1133 3140 2671 
6375 2382 3527 599 
6376 2622 3902 1364 
6377 2391 4406 1408 
6378 1129 3031 2861 
6379 314 3947 2488 
6380 1077 3245 2537 
6381 2887 4842 406 
6382 1194 3314 2668 
6383 3397 4153 1912 
6384 1364 4180 2561 
6385 2883 3471 1176 
6386 815 5118 2464 
6387 1768 4986 3967 
6388 4425 4494 1466 
6389 2267 4444 1335 
6390 498 4253 2293 
6391 2349 5141 1384 
6392 3185 4582 1873 
6393 2426 4369 272 
6394 373 3431 372 
6395 791 5299 2791 
6396 432 5003 3540 
6397 1530 3291 2676 
6398 1437 3451 2420 
6399 4506 4736 2150 
6400 3290 5072 1824 
6401 1583 3584 3387 
6402 2756 3942 1191 
6403 3891 4930 1591 
6404 493 4041 2282 
6405 672 4089 2732 
6406 1098 4894 4037 
6407 1599 4453 2844 
6408 2320 3794 1337 
6409 2818 3389 829 
6410 4625 4908 794 
6411 2667 5201 1669 
6412 1105 4267 2546 
6413 2744 3063 1064 
6414 3839 4740 1931 
6415 924 5131 2772 
6416 2380 3820 1342 
6417 3265 3952 1375 
6418 695 5262 4834 
6419 3175 4922 2067 
6420 3650 3780 1201 
6421 2790 4842 988 
6422 2296 5136 1421 
6423 298 4479 3238 
6424 1130 5045 2318 
6425 1493 3510 3269 
6426 1223 3678 3324 
6427 934 3470 2398 
6428 1843 4437 3168 
6429 1677 4994 3554 
6430 2576 3970 1331 
6431 3278 4038 1730 
6432 1294 3494 2761 
6433 1091 4428 2292 
6434 1140 3607 2333 
6435 2577 4693 82 
6436 1304 3025 2814 
6437 4006 4058 881 
6438 2884 3030 1062 
6439 2696 4113 630 
6440 2990 4866 1143 
6441 2520 4119 848 
6442 4042 4491 2239 
6443 3527 4079 1511 
6444 694 4115 3661 
6445 3127 5293 2232 
6446 441 5249 2341 
6447 947 3573 2667 
6448 1651 4905 3468 
6449 2598 3286 1065 
6450 2421 4496 1125 
6451 3062 4780 924 
6452 2025 3970 2785 
6453 2844 4453 742 
6454 388 5267 2372 
6455 4552 4955 1370 
6456 2487 4553 1496 
6457 4632 4867 1718 
6458 274 3561 273 
6459 3540 5003 2235 
6460 641 4290 3396 
6461 533 3815 2321 
6462 1218 5226 3697 
6463 1184 4524 2709 
6464 2425 3875 451 
6465 2379 3698 694 
6466 2382 5199 1036 
6467 381 3451 3246 
6468 1216 4912 2348 
6469 2338 4678 616 
6470 583 3631 2370 
6471 3697 5226 5088 
6472 2647 4098 1393 
6473 1718 4260 3880 
6474 1334 4254 3693 
6475 1032 3991 3087 
6476 3989 4227 2070 
6477 2668 3314 515 
6478 1382 3803 2840 
6479 202 3617 201 
6480 3840 4702 383 
6481 288 4396 3880 
6482 209 5038 2366 
6483 2272 4148 893 
6484 2327 3802 1428 
6485 1407 4753 2298 
6486 2436 4707 2888 
6487 1452 4464 2531 
6488 2599 4864 836 
6489 583 5076 2313 
6490 147 3820 2380 
6491 2658 4451 1374 
6492 1159 3701 3074 
6493 616 4166 3226 
6494 3032 4207 1679 
6495 2922 3703 977 
6496 1063 4394 3094 
6497 2954 5166 3179 
6498 493 5226 3576 
6499 3343 4861 326 
6500 1247 3775 3536 
6501 4158 4937 1121 
6502 1308 3593 2694 
6503 2311 4425 594 
6504 1418 3938 3753 
6505 1310 4092 2307 
6506 2886 3205 1251 
6507 2335 4615 906 
6508 2592 3242 1070 
6509 397 5172 2365 
6510 2363 3614 550 
6511 421 4642 3662 
6512 1135 4498 2289 
6513 2099 4058 4006 
6514 4065 4139 1285 
6515 3324 3678 1582 
6516 2347 4027 1151 
6517 1359 4456 2307 
6518 2296 4366 884 
6519 940 4067 2328 
6520 3269 3510 1210 
6521 1039 3745 2358 
6522 479 4049 2277 
6523 3049 3438 1683 
6524 722 4050 2499 
6525 823 4275 2278 
6526 3136 3952 457 
6527 2816 4018 596 
6528 3709 4530 1660 
6529 1295 4227 3989 
6530 336 3660 335 
6531 4072 4312 1844 
6532 2840 3803 395 
6533 541 4491 4042 
6534 2140 4695 3440 
6535 3390 3889 1556 
6536 734 4289 2353 
6537 1686 5115 2315 
6538 690 3996 2700 
6539 1024 3545 2392 
6540 3808 5262 695 
6541 2357 5156 1601 
6542 888 5150 4337 
6543 3592 5051 666 
6544 3221 5122 1078 
6545 988 4842 2887 
6546 2668 4757 3666 
6547 4284 4515 1953 
6548 3592 5230 5051 
6549 56 4252 3002 
6550 165 3732 164 
6551 1885 3912 2864 
6552 1112 4830 2612 
6553 4873 5182 3262 
6554 2314 4026 1228 
6555 1115 4343 3375 
6556 2599 5210 1625 
6557 1133 4869 3140 
6558 2599 3308 1365 
6559 3406 4519 1089 
6560 747 4992 3436 
6561 2768 3633 954 
6562 2700 4164 690 
6563 3435 4584 1199 
6564 1091 5258 3001 
6565 4523 5042 420 
6566 553 4875 3458 
6567 675 4098 2647 
6568 273 4347 272 
6569 2732 4089 1487 
6570 2492 3602 1644 
6571 2518 5001 4568 
6572 1431 4678 2338 
6573 1390 3703 2922 
6574 1365 4901 3920 
6575 141 3254 140 
6576 3397 4314 456 
6577 2510 4402 354 
6578 2285 4373 1285 
6579 2731 4580 1590 
6580 2639 4613 885 
6581 1536 5131 2696 
6582 2818 4684 1475 
6583 2307 4390 1359 
6584 1112 3800 2563 
6585 2365 5172 1576 
6586 1613 3676 2988 
6587 477 3448 3345 
6588 3195 3748 605 
6589 2385 4008 1727 
6590 1945 4192 2854 
6591 1255 3988 2397 
6592 2982 3569 1172 
6593 2354 4974 355 
6594 2625 3253 1116 
6595 1117 5239 2586 
6596 1522 4672 4087 
6597 1464 4164 2700 
6598 3459 4810 1673 
6599 1872 5079 2858 
6600 3214 5228 1521 
6601 2565 5158 2932 
6602 2439 3721 1178 
6603 3156 4059 580 
6604 3257 3933 2088 
6605 1625 4864 2599 
6606 2894 4705 1814 
6607 2518 4568 190 
6608 2366 5038 2076 
6609 1620 3608 3558 
6610 3106 5109 1640 
6611 4256 4759 2473 
6612 75 3198 74 
6613 1040 3559 2840 
6614 2731 4070 2195 
6615 2305 4631 1552 
6616 2327 4485 849 
6617 2310 3840 1344 
6618 503 4836 2375 
6619 1226 4040 2351 
6620 1637 3780 3650 
6621 2660 4286 461 
6622 4552 5097 2204 
6623 1505 3646 3315 
6624 1487 3149 2732 
6625 906 5111 2809 
6626 3561 4071 1492 
6627 3662 4642 2165 
6628 1949 4519 3406 
6629 2875 3470 1261 
6630 2397 3988 598 
6631 3253 3434 645 
6632 1695 4922 3175 
6633 1566 4613 2639 
6634 1369 3116 2799 
6635 3881 4821 1965 
6636 3491 3539 1142 
6637 2333 3866 1225 
6638 1884 4792 3849 
6639 1434 3924 3114 
6640 774 4650 2981 
6641 565 3763 2513 
6642 1225 4547 2333 
6643 1643 3539 3491 
6644 2759 3859 350 
6645 1164 3350 2797 
6646 895 3970 2576 
6647 2682 4824 285 
6648 599 3527 2707 
6649 2454 3656 631 
6650 2802 3136 457 
6651 445 4081 3984 
6652 2533 3586 856 
6653 2550 3403 890 
6654 1442 4845 2332 
6655 73 3341 72 
6656 2309 5027 886 
6657 23 3115 22 
6658 1562 5065 2443 
6659 1118 4515 2601 
6660 713 3671 3456 
6661 4690 4800 1476 
6662 2897 5037 1578 
6663 2476 3560 491 
6664 666 3639 3013 
6665 2333 4547 569 
6666 2686 3851 1719 
6667 3247 3892 1160 
6668 2361 5220 1217 
6669 2375 4836 1479 
6670 2467 3502 1566 
6671 312 3307 311 
6672 2348 3848 1216 
6673 129 4178 128 
6674 2779 4348 460 
6675 444 3495 2471 
6676 2552 4418 725 
6677 1116 4898 2625 
6678 1760 4071 3561 
6679 1778 5061 2503 
6680 3884 3986 1323 
6681 3391 4415 1529 
6682 1373 3363 3114 
6683 150 3564 149 
6684 1125 3649 2641 
6685 1743 4865 3642 
6686 1340 3353 2590 
6687 877 4601 2824 
6688 905 4775 2345 
6689 950 3812 2385 
6690 1338 4229 3845 
6691 431 3522 2431 
6692 145 3122 144 
6693 2384 4132 779 
6694 3531 4028 1787 
6695 1321 3633 2768 
6696 2895 4534 1025 
6697 161 3285 160 
6698 357 3157 356 
6699 2531 4464 663 
6700 2415 4446 936 
6701 78 3789 77 
6702 1946 4217 3719 
6703 3558 3608 1195 
6704 3696 4590 1266 
6705 1325 3295 2616 
6706 1648 3534 3042 
6707 2443 5065 732 
6708 3119 4250 658 
6709 2141 4915 2836 
6710 723 4241 3129 
6711 2591 4877 423 
6712 622 3723 2374 
6713 3028 4854 528 
6714 1166 3791 3064 
6715 3147 3471 452 
6716 1496 4553 3330 
6717 2302 5211 3455 
6718 1602 4877 2591 
6719 744 3439 2679 
6720 2321 4351 533 
6721 4337 5150 2144 
6722 3738 4701 1255 
6723 711 4144 3383 
6724 192 4263 191 
6725 4346 5171 698 
6726 3098 3385 561 
6727 104 3798 103 
6728 720 4028 3531 
6729 2113 4221 4000 
6730 1235 4849 2339 
6731 169 4362 168 
6732 1600 5119 2357 
6733 203 3442 2525 
6734 2336 4334 1531 
6735 3345 3448 1483 
6736 1615 3508 2595 
6737 2704 5008 920 
6738 175 4342 174 
6739 2499 4730 1333 
6740 2824 4601 1633 
6741 2618 4548 3265 
6742 2087 4993 2636 
6743 987 3610 2427 
6744 2707 3527 1511 
6745 949 3365 2698 
6746 424 5094 2368 
6747 100 3368 99 
6748 2336 3929 1447 
6749 2614 3890 1271 
6750 3920 4901 2129 
6751 3129 4241 1678 
6752 49 5015 48 
6753 1069 5293 3127 
6754 4000 4221 1288 
6755 1368 3838 2401 
6756 137 3311 2719 
6757 2608 3517 597 
6758 613 4410 2328 
6759 506 5082 2562 
6760 2460 3620 629 
6761 427 4572 2939 
6762 4984 5038 210 
6763 3984 4081 2077 
6764 502 4156 2335 
6765 1565 4566 2900 
6766 2957 4001 1016 
6767 3279 4737 1162 
6768 1517 4985 2405 
6769 2938 3862 1230 
6770 2344 4325 847 
6771 1025 4534 2931 
6772 3734 3973 1649 
6773 2725 4429 334 
6774 2517 3774 552 
6775 3876 5020 3142 
6776 1925 3761 3317 
6777 1170 3818 2453 
6778 584 4576 2319 
6779 2981 4650 1690 
6780 2620 4750 844 
6781 3165 4112 631 
6782 3714 4075 1737 
6783 2351 4040 571 
6784 592 5287 2344 
6785 3042 3534 532 
6786 2495 4640 1459 
6787 623 4323 2329 
6788 983 3274 2679 
6789 1762 4854 3028 
6790 3816 4596 436 
6791 3043 4333 1973 
6792 2260 4937 4158 
6793 1664 4551 4013 
6794 1998 4517 3555 
6795 3002 4252 1575 
6796 113 4770 3 
6797 1334 4897 2456 
6798 2679 3439 1221 
6799 2173 5221 3173 
6800 1045 5126 3984 
6801 715 4162 3524 
6802 2442 3673 241 
6803 2748 3825 1759 
6804 2332 4845 889 
6805 2288 4557 3607 
6806 1136 5283 2937 
6807 1573 3672 2629 
6808 3052 4177 1696 
6809 287 4260 286 
6810 1555 4348 2779 
6811 2718 3762 1189 
6812 1521 5228 4542 
6813 2593 4324 1262 
6814 1768 3967 3441 
6815 1219 3517 2608 
6816 1355 3385 3098 
6817 2437 3600 889 
6818 3555 4517 805 
6819 1215 4404 2376 
6820 2405 4985 804 
6821 737 4573 2571 
6822 1506 4286 2660 
6823 472 4007 2350 
6824 2687 3274 983 
6825 2503 5061 123 
6826 212 5301 3017 
6827 1676 4431 2520 
6828 594 4425 2585 
6829 1537 3969 2367 
6830 1151 3765 3000 
6831 392 4419 2539 
6832 2368 5111 906 
6833 3719 4217 763 
6834 1879 4609 3202 
6835 284 3205 283 
6836 4786 4829 1587 
6837 646 4873 3262 
6838 645 3787 2737 
6839 2041 4799 2368 
6840 491 3560 2477 
6841 82 4693 81 
6842 2477 3560 1439 
6843 1131 3919 2955 
6844 2389 5201 408 
6845 439 4534 2895 
6846 1353 3950 3332 
6847 2359 4816 1007 
6848 2348 4447 11 
6849 41 4376 40 
6850 2541 4092 1310 
6851 2844 4554 1470 
6852 1330 3947 2757 
6853 42 3204 41 
6854 3173 5221 632 
6855 991 4171 2563 
6856 1656 4698 3737 
6857 661 3641 3243 
6858 465 4017 3432 
6859 1343 3485 2724 
6860 1570 4831 2322 
6861 3001 5258 4634 
6862 46 5235 2704 
6863 2432 3834 1358 
6864 3662 5073 2112 
6865 3716 4899 1643 
6866 1842 5142 3811 
6867 905 4598 2356 
6868 1638 3778 2406 
6869 2677 5185 1600 
6870 4385 4982 2416 
6871 2350 4787 854 
6872 2721 3708 588 
6873 1235 3789 2430 
6874 2462 3879 561 
6875 465 4640 2495 
6876 1739 5112 2874 
6877 1269 3851 2686 
6878 99 4825 98 
6879 1217 4975 2361 
6880 1155 4749 2514 
6881 651 4167 3022 
6882 2485 3618 588 
6883 624 4539 2327 
6884 352 4602 351 
6885 2628 4452 1848 
6886 2521 3464 1508 
6887 937 5158 2565 
6888 3813 4610 1646 
6889 2787 4630 152 
6890 560 3457 2566 
6891 1311 3582 3131 
6892 1050 3702 2832 
6893 1182 3599 2972 
6894 3131 3582 1467 
6895 2859 4769 97 
6896 1623 4913 2663 
6897 2774 4479 299 
6898 759 3340 2968 
6899 153 4714 2787 
6900 1768 4277 2953 
6901 3457 5200 2253 
6902 2401 3941 1368 
6903 2367 4887 655 
6904 1595 5011 2372 
6905 2663 4913 763 
6906 1617 3428 2581 
6907 2339 4849 965 
6908 1108 4102 2343 
6909 1287 4174 2444 
6910 278 4005 2795 
6911 3332 3950 1642 
6912 438 4793 2408 
6913 1836 4941 3858 
6914 1106 3364 2631 
6915 3709 4535 1268 
6916 2745 4031 1172 
6917 772 3229 2783 
6918 2388 5268 1840 
6919 2044 4447 2348 
6920 2481 3511 920 
6921 1120 4618 2664 
6922 50 4622 2804 
6923 2520 4431 483 
6924 840 4304 2330 
6925 442 4177 3052 
6926 1083 4436 2841 
6927 138 3311 137 
6928 1598 5125 2707 
6929 3580 3904 1704 
6930 1401 4539 2565 
6931 1594 4750 2620 
6932 1376 3948 2366 
6933 2557 3724 1162 
6934 2462 3672 970 
6935 1486 4847 2414 
6936 2977 4940 3388 
6937 2360 4348 1555 
6938 3092 4491 1721 
6939 1711 3894 3823 
6940 2606 4221 871 
6941 1527 4687 2754 
6942 1955 5274 2508 
6943 2414 4847 852 
6944 2585 4425 1466 
6945 2628 4047 1262 
6946 4109 5295 1847 
6947 2828 5086 854 
6948 879 3946 2388 
6949 2573 4407 3275 
6950 3235 3791 1166 
6951 2342 4468 381 
6952 3101 3441 1238 
6953 2949 5110 1404 
6954 678 4704 3178 
6955 2399 4975 1217 
6956 4279 4392 466 
6957 1245 4132 2384 
6958 1127 4033 2733 
6959 2671 4214 765 
6960 1178 4374 2439 
6961 3058 4537 385 
6962 2867 4638 20 
6963 2341 4577 911 
6964 561 3385 2629 
6965 2719 3311 1141 
6966 908 5245 2389 
6967 866 4138 2386 
6968 842 4627 2329 
6969 657 4334 3063 
6970 2016 4607 3139 
6971 1153 3398 2626 
6972 1262 4452 2628 
6973 1333 3178 3074 
6974 2319 4624 870 
6975 267 4783 266 
6976 644 3649 2959 
6977 207 3486 206 
6978 2917 4249 1140 
6979 3431 5250 1742 
6980 2038 4820 3394 
6981 2968 3340 1273 
6982 2784 4929 587 
6983 2572 3465 1137 
6984 120 3429 119 
6985 968 4551 2765 
6986 3553 4966 2153 
6987 2393 4848 883 
6988 874 4890 2471 
6989 3047 4563 594 
6990 2834 4987 1147 
6991 2376 4404 586 
6992 2361 4975 865 
6993 353 3370 352 
6994 1850 5276 3430 
6995 912 5189 2375 
6996 3710 4914 1456 
6997 3 4565 112 
6998 3187 4036 1914 
6999 4112 4272 631 
7000 1234 3589 2470 
7001 3863 4083 1394 
7002 2375 4232 503 
7003 467 4092 2541 
7004 2381 4478 1850 
7005 698 5171 3516 
7006 1685 4032 3404 
7007 3243 3641 1520 
7008 408 5201 2667 
7009 3639 4173 1293 
7010 955 4953 2363 
7011 2559 4637 536 
7012 240 4866 239 
7013 3691 5180 1779 
7014 1296 4531 2377 
7015 3450 4280 490 
7016 2383 4355 1518 
7017 114 4538 2882 
7018 3017 5301 1906 
7019 1751 5092 4246 
7020 201 3248 200 
7021 579 4029 2415 
7022 3238 4479 1726 
7023 297 3257 296 
7024 1292 4206 2428 
7025 601 3635 2657 
7026 3205 4824 1710 
7027 3061 3096 1096 
7028 1452 4848 2393 
7029 1523 5041 3749 
7030 2391 4215 837 
7031 407 4902 2666 
7032 3685 5146 2210 
7033 1134 3586 2533 
7034 2384 4245 1596 
7035 2428 4206 778 
7036 2947 3689 762 
7037 596 5209 2816 
7038 2562 5082 1601 
7039 2509 3574 466 
7040 1256 5104 3618 
7041 2226 4613 2842 
7042 2614 3839 508 
7043 1271 3839 2614 
7044 47 5235 46 
7045 838 4966 3553 
7046 1884 5051 4792 
7047 151 4954 150 
7048 1003 3728 2450 
7049 2823 4856 275 
7050 303 3616 302 
7051 915 4758 2878 
7052 1519 4977 4538 
7053 1180 4748 2940 
7054 38 3914 2494 
7055 2535 3978 1751 
7056 2396 4640 465 
7057 1102 3973 2993 
7058 3410 4399 462 
7059 2927 4637 1308 
7060 3992 4548 934 
7061 1284 4215 2391 
7062 605 4735 2432 
7063 504 3904 3580 
7064 3744 5135 1240 
7065 2401 5242 935 
7066 2954 4896 769 
7067 1427 3726 3644 
7068 4726 5041 1523 
7069 1353 4468 2342 
7070 2672 3372 530 
7071 1829 4280 3450 
7072 2640 3564 1166 
7073 1492 4935 2426 
7074 990 3445 2638 
7075 3667 4873 646 
7076 2422 5186 400 
7077 2870 3486 207 
7078 2407 4844 1446 
7079 1489 4228 3540 
7080 2584 3595 791 
7081 241 3673 240 
7082 356 4583 355 
7083 717 3998 2423 
7084 1116 3253 2950 
7085 1027 4926 2815 
7086 1576 5172 2856 
7087 1437 3281 3246 
7088 2638 3445 1239 
7089 1796 5086 2828 
7090 1418 3545 2976 
7091 2698 3365 1550 
7092 2374 4844 622 
7093 4355 5071 1518 
7094 2154 4315 3611 
7095 3489 3519 805 
7096 732 3844 2443 
7097 370 4701 369 
7098 3404 4032 707 
7099 105 3982 104 
7100 3106 3873 706 
7101 1912 5101 3072 
7102 2508 5274 76 
7103 865 4975 2399 
7104 1381 3226 3102 
7105 2854 3240 1138 
7106 468 4439 3216 
7107 721 4074 3866 
7108 2406 4077 404 
7109 2378 4836 503 
7110 3611 4315 773 
7111 3733 5262 1264 
7112 1433 3096 3061 
7113 869 3937 2637 
7114 271 4590 270 
7115 3644 3726 1671 
7116 359 3288 358 
7117 615 5259 2861 
7118 263 4129 3928 
7119 3154 3294 1222 
7120 1884 4173 3639 
7121 2368 4799 2860 
7122 400 5186 2450 
7123 3880 4396 1913 
7124 4416 4704 678 
7125 1397 4333 2605 
7126 4456 5018 2307 
7127 3246 3281 1169 
7128 2601 4515 784 
7129 1387 3889 3390 
7130 1517 3725 3038 
7131 1021 3847 2465 
7132 1162 3992 2398 
7133 1149 4144 2674 
7134 1666 3883 2659 
7135 1154 4118 2622 
7136 1523 4481 3220 
7137 3072 5101 656 
7138 2229 4190 2722 
7139 1259 4744 2371 
7140 2525 3617 202 
7141 75 5274 3198 
7142 2453 3818 650 
7143 765 3887 2671 
7144 1164 5073 3662 
7145 2655 3605 710 
7146 931 4621 2447 
7147 629 4011 2460 
7148 32 3305 31 
7149 2903 4230 1283 
7150 700 4322 2615 
7151 178 5014 177 
7152 1414 3671 3276 
7153 4143 4526 2177 
7154 984 4863 3303 
7155 3160 4464 2018 
7156 2435 3869 542 
7157 674 4772 2420 
7158 1548 3519 3489 
7159 2440 5272 3201 
7160 1717 4287 2377 
7161 1372 3689 2947 
7162 4618 4625 794 
7163 4127 4949 1588 
7164 4053 4941 1836 
7165 236 4749 235 
7166 3499 3972 1524 
7167 2908 3922 366 
7168 596 4018 3713 
7169 1470 4712 2844 
7170 933 4608 2387 
7171 4003 4619 2224 
7172 622 4844 2407 
7173 435 5240 2670 
7174 1326 3845 2788 
7175 4012 5090 2303 
7176 3926 3954 1274 
7177 3019 5130 1034 
7178 2412 5082 506 
7179 331 3320 330 
7180 3910 5037 686 
7181 1650 3595 2584 
7182 2430 4849 1235 
7183 504 4959 2780 
7184 1584 5120 2614 
7185 653 4619 4003 
7186 3692 4216 1371 
7187 2546 4210 1009 
7188 582 5271 2554 
7189 1581 3884 3279 
7190 2903 3505 777 
7191 3677 4503 703 
7192 3332 4659 670 
7193 3463 4212 1439 
7194 3112 3212 1272 
7195 1172 3191 2982 
7196 2397 4270 1255 
7197 2438 3999 567 
7198 2426 4935 879 
7199 2886 3541 1924 
7200 2023 4935 3939 
7201 2437 4845 1442 
7202 16 3513 15 
7203 1535 4434 2852 
7204 4959 5031 2780 
7205 2605 4333 1044 
7206 2421 4251 440 
7207 3048 4748 1180 
7208 2601 4567 2114 
7209 647 3694 2547 
7210 2417 5047 1587 
7211 1238 5186 2422 
7212 31 3305 2807 
7213 570 5090 4012 
7214 1224 3605 2655 
7215 448 3734 2544 
7216 1161 3879 2462 
7217 2644 3835 1173 
7218 1341 4526 4143 
7219 2371 4860 1259 
7220 2439 5217 1569 
7221 315 3947 314 
7222 3661 4115 1645 
7223 2419 4906 910 
7224 2874 5112 218 
7225 709 4187 2631 
7226 2457 5076 583 
7227 3453 5024 1788 
7228 3286 3747 1372 
7229 2976 3938 1418 
7230 900 5096 2412 
7231 2416 4982 896 
7232 908 5018 4456 
7233 394 4495 2413 
7234 1061 3634 2570 
7235 2976 3545 1024 
7236 4754 5151 1559 
7237 3198 5274 1955 
7238 1283 3505 2903 
7239 2494 3914 1277 
7240 923 4829 2408 
7241 858 4270 2397 
7242 1417 3922 2908 
7243 440 4496 2421 
7244 930 4820 2600 
7245 1916 5116 4443 
7246 965 4849 2430 
7247 2936 5259 615 
7248 2544 3734 1165 
7249 1389 4187 2425 
7250 3475 4082 402 
7251 3725 5187 1056 
7252 2788 3845 716 
7253 1279 4126 2511 
7254 1764 5055 3314 
7255 2409 3938 525 
7256 913 4460 2423 
7257 4013 4211 413 
7258 2445 4074 721 
7259 3109 3973 1102 
7260 3966 5255 1308 
7261 15 3513 2837 
7262 341 3493 340 
7263 2447 4244 431 
7264 2087 4392 4279 
7265 3038 3725 636 
7266 600 4108 2388 
7267 1822 5237 3087 
7268 2749 4676 526 
7269 1813 5149 2970 
7270 1240 5135 3622 
7271 750 4529 2403 
7272 2762 4653 581 
7273 1217 5220 2469 
7274 1578 4676 2749 
7275 3357 4888 1959 
7276 1057 5196 2914 
7277 636 3725 2504 
7278 2450 5186 1238 
7279 1746 4743 2817 
7280 2446 4461 1258 
7281 3823 3894 1233 
7282 164 3732 2522 
7283 2376 5018 908 
7284 2420 4772 1437 
7285 2475 3918 1001 
7286 2987 4360 728 
7287 1204 3355 2866 
7288 2519 3759 1302 
7289 2528 3690 928 
7290 3347 4917 2890 
7291 211 4984 210 
7292 2483 3892 545 
7293 2803 4876 1151 
7294 3494 4253 1641 
7295 608 4378 2434 
7296 429 4061 2418 
7297 1065 3286 2944 
7298 1139 3774 2517 
7299 3857 4164 1464 
7300 3688 4827 1297 
7301 89 5264 88 
7302 2797 3350 618 
7303 1910 4140 3882 
7304 2657 5245 908 
7305 1235 4175 2508 
7306 677 3693 2760 
7307 854 5086 2431 
7308 3074 3178 1159 
7309 1794 3785 2514 
7310 1291 4170 2404 
7311 2443 4120 1562 
7312 3237 4511 1402 
7313 2900 4566 977 
7314 1244 3212 3112 
7315 491 3888 2476 
7316 3222 5253 1797 
7317 952 3724 2557 
7318 2426 4347 1492 
7319 1829 5026 3411 
7320 2411 4809 1066 
7321 2411 4052 548 
7322 135 5164 134 
7323 1068 4888 3357 
7324 2634 4738 3294 
7325 1669 5245 2657 
7326 3089 3854 685 
7327 2460 4011 1258 
7328 2902 4884 988 
7329 3570 4527 1242 
7330 3628 5260 1706 
7331 2563 3800 389 
7332 646 3601 2727 
7333 2852 4434 473 
7334 221 3367 220 
7335 4617 5028 1651 
7336 889 4845 2437 
7337 428 4739 2440 
7338 810 5043 4004 
7339 155 3759 2519 
7340 102 3371 101 
7341 1518 5071 3764 
7342 2428 4299 1292 
7343 3311 5152 1141 
7344 2075 4211 4013 
7345 2454 5261 1547 
7346 2143 4511 3356 
7347 625 3325 3031 
7348 3022 4167 1471 
7349 1741 4584 2606 
7350 2741 4171 991 
7351 525 3938 2976 
7352 902 3870 2529 
7353 3216 3430 468 
7354 2944 3286 1372 
7355 1168 4049 2580 
7356 2429 4991 984 
7357 2876 4618 1120 
7358 3720 4617 1651 
7359 1314 4084 2413 
7360 2050 4707 2436 
7361 354 4402 353 
7362 2397 4745 858 
7363 2388 5110 600 
7364 2452 4968 757 
7365 1368 4556 2420 
7366 660 5303 4731 
7367 209 3948 208 
7368 1199 3987 2579 
7369 3088 4500 1925 
7370 1550 4779 2698 
7371 2478 3977 233 
7372 13 4424 2507 
7373 1512 5019 4019 
7374 1566 5280 2467 
7375 3185 3908 478 
7376 384 5097 4552 
7377 3134 3808 695 
7378 2631 4187 1389 
7379 2802 3884 1323 
7380 428 3201 3011 
7381 1356 3773 2553 
7382 1079 4761 2969 
7383 2970 5149 92 
7384 1174 4591 2946 
7385 2532 4540 196 
7386 2866 3355 729 
7387 1781 4840 3405 
7388 3882 4140 1305 
7389 1739 3896 3750 
7390 3985 4665 850 
7391 2455 4168 1539 
7392 4527 4996 1242 
7393 609 4298 2623 
7394 2053 3981 2647 
7395 2435 4888 1068 
7396 1902 3958 2611 
7397 2606 4584 489 
7398 2469 4918 886 
7399 2557 3814 952 
7400 1639 4082 3475 
7401 1183 4085 2649 
7402 2513 4014 565 
7403 2788 3767 1326 
7404 995 4010 2857 
7405 1575 4148 3208 
7406 853 5184 2407 
7407 725 4690 2552 
7408 1335 4444 2448 
7409 3250 4727 2152 
7410 2448 4444 873 
7411 1727 4875 4198 
7412 2630 3565 603 
7413 2848 4900 1593 
7414 2812 3445 990 
7415 3492 4565 1213 
7416 1711 3823 3764 
7417 149 3564 2640 
7418 1954 4076 4015 
7419 1461 3776 3739 
7420 2413 4495 1314 
7421 316 3462 2757 
7422 2560 4007 472 
7423 3267 3481 1605 
7424 2566 5133 1406 
7425 2474 4929 1243 
7426 4019 5019 2364 
7427 2857 4010 1399 
7428 2476 3888 1236 
7429 61 4249 60 
7430 630 4113 3361 
7431 2219 4665 3985 
7432 3150 3781 407 
7433 2502 4189 876 
7434 3566 4193 1763 
7435 3024 4470 2082 
7436 2467 5280 511 
7437 2410 4913 1623 
7438 2488 3947 1330 
7439 1745 3954 3926 
7440 927 4463 2798 
7441 2440 4739 1445 
7442 2687 3623 517 
7443 3700 5144 1352 
7444 2641 3649 644 
7445 3085 4801 799 
7446 573 3599 3080 
7447 1609 4540 2532 
7448 2436 4758 915 
7449 457 3884 2802 
7450 1860 3781 2700 
7451 1211 5076 2457 
7452 2543 3857 881 
7453 3750 3896 1435 
7454 1939 4914 3710 
7455 2624 3717 1219 
7456 1893 4488 3755 
7457 3764 3823 671 
7458 1186 5181 2680 
7459 2552 4690 1476 
7460 3451 3838 1368 
7461 3422 4524 1184 
7462 3060 3388 566 
7463 2469 5220 428 
7464 3739 3776 1694 
7465 2992 3620 1318 
7466 288 3880 287 
7467 322 5222 4287 
7468 3710 4440 479 
7469 2490 4062 1547 
7470 2798 4463 1963 
7471 2607 3706 1087 
7472 3703 4298 1881 
7473 2809 5111 1647 
7474 3626 4670 1634 
7475 1402 4579 3030 
7476 2544 3809 1441 
7477 994 4550 2461 
7478 904 5261 2454 
7479 2623 4298 1390 
7480 3018 5130 617 
7481 1491 5145 4833 
7482 321 3783 320 
7483 2472 4132 1245 
7484 721 4654 2445 
7485 3393 4567 1798 
7486 291 4946 290 
7487 2937 5139 2582 
7488 2698 4779 513 
7489 617 5130 3019 
7490 2796 3959 1793 
7491 1547 5261 2490 
7492 235 4749 2989 
7493 118 4571 2710 
7494 281 3452 280 
7495 45 3843 44 
7496 2059 4854 2833 
7497 439 3717 2624 
7498 3102 3226 1155 
7499 4015 4076 492 
7500 1354 4980 3400 
7501 917 3945 2474 
7502 3549 5022 1709 
7503 2468 4946 291 
7504 2980 4301 533 
7505 2602 4182 328 
7506 608 4508 2436 
7507 456 4048 2497 
7508 3063 4070 657 
7509 631 4925 2454 
7510 1529 4250 3119 
7511 1189 3762 2996 
7512 2788 3425 1144 
7513 791 4123 2584 
7514 2725 5019 1512 
7515 3751 3854 1506 
7516 1021 3661 3326 
7517 2484 4900 928 
7518 345 3895 344 
7519 2689 3556 1259 
7520 2657 3635 1669 
7521 1228 3623 2687 
7522 2665 4364 746 
7523 1352 5144 4064 
7524 3303 4118 1852 
7525 1358 3430 3216 
7526 1638 4411 3778 
7527 2826 4197 1307 
7528 3065 3828 1205 
7529 3211 4958 1165 
7530 2592 3807 648 
7531 1366 3735 2619 
7532 1404 5110 3946 
7533 1464 3781 3150 
7534 882 4839 2434 
7535 2603 3768 1178 
7536 783 4868 4694 
7537 377 4226 2911 
7538 3157 4765 1733 
7539 3901 4323 623 
7540 671 4629 3871 
7541 313 5060 312 
7542 317 3462 316 
7543 4004 4589 1123 
7544 1201 3780 2706 
7545 751 4193 3566 
7546 1258 4461 2460 
7547 1473 4300 3613 
7548 2473 5213 4252 
7549 116 3909 2978 
7550 1178 3721 2642 
7551 188 3658 187 
7552 2757 3462 1220 
7553 3530 4563 1137 
7554 2827 4717 1117 
7555 2062 5153 4043 
7556 629 3620 2992 
7557 2890 3967 628 
7558 1684 4358 3240 
7559 1998 5042 4523 
7560 735 4195 3331 
7561 3161 4497 182 
7562 633 4979 2526 
7563 235 4493 234 
7564 3100 3711 1277 
7565 4568 5001 1544 
7566 2934 3477 1563 
7567 3850 4716 2324 
7568 1466 4806 2585 
7569 121 4427 120 
7570 1367 3965 2907 
7571 272 4369 271 
7572 2609 3974 625 
7573 2289 5251 3509 
7574 3819 5068 399 
7575 1935 5021 2495 
7576 712 4810 3459 
7577 2503 5278 1778 
7578 2499 4050 1135 
7579 4026 4979 633 
7580 1224 3655 3162 
7581 2432 4735 1200 
7582 2987 3338 1170 
7583 1292 4007 2560 
7584 2547 3971 647 
7585 702 4599 3232 
7586 2509 4392 1329 
7587 1002 4867 2480 
7588 2447 4762 1991 
7589 112 3492 111 
7590 517 3623 2685 
7591 320 3783 2643 
7592 2568 3868 429 
7593 3849 4173 1884 
7594 1227 4923 2528 
7595 3023 3822 1421 
7596 1700 5226 4155 
7597 3142 3553 1109 
7598 3097 3816 1055 
7599 2455 4266 1411 
7600 705 4118 3303 
7601 3238 3257 297 
7602 1390 4298 3703 
7603 3322 4807 1453 
7604 1647 3360 2951 
7605 1652 3479 2965 
7606 2314 4979 4026 
7607 81 3520 80 
7608 865 4472 2477 
7609 3080 3599 1373 
7610 1985 4671 4542 
7611 3029 4170 1291 
7612 511 5280 2639 
7613 3013 3639 1293 
7614 35 4641 2593 
7615 2584 4123 1319 
7616 2743 3726 659 
7617 2654 4289 734 
7618 2629 5052 1573 
7619 3057 3536 1610 
7620 2526 4979 1527 
7621 2515 5196 1057 
7622 794 5059 2664 
7623 2496 4832 942 
7624 2700 3781 1464 
7625 187 3658 2662 
7626 946 5011 2672 
7627 2483 4798 971 
7628 2531 4848 1452 
7629 27 4311 2873 
7630 1210 5225 3269 
7631 405 4567 3393 
7632 1055 3816 2607 
7633 1240 5196 2515 
7634 2820 4728 1000 
7635 2610 3761 520 
7636 957 3966 2559 
7637 3129 4666 2102 
7638 2578 4823 1024 
7639 2873 4311 1482 
7640 2672 5011 1595 
7641 1627 4385 3248 
7642 3609 4978 3051 
7643 2739 5181 1186 
7644 2758 3657 962 
7645 1476 4800 2869 
7646 3487 4629 671 
7647 2490 5261 904 
7648 466 4392 2509 
7649 3928 4129 1833 
7650 4684 4858 475 
7651 260 3916 2681 
7652 1465 4964 2468 
7653 1486 4182 2602 
7654 2332 4457 3103 
7655 1297 4827 3933 
7656 3470 4419 1261 
7657 439 5080 4534 
7658 4287 5222 2377 
7659 2693 4158 1121 
7660 1056 5099 2504 
7661 1462 5121 4130 
7662 1483 4167 3919 
7663 3005 3336 1304 
7664 437 4173 3849 
7665 2784 4988 3931 
7666 3215 4133 1777 
7667 2550 3903 693 
7668 2701 3670 611 
7669 2775 4857 926 
7670 2907 3965 758 
7671 2530 3982 105 
7672 3748 5095 605 
7673 3362 4809 1878 
7674 2460 4461 872 
7675 2684 5098 813 
7676 1706 3824 3817 
7677 2883 4715 760 
7678 1294 4128 3878 
7679 2945 3843 1203 
7680 2707 5125 599 
7681 4927 5070 380 
7682 1815 4264 3118 
7683 3237 4878 4511 
7684 1020 5052 2629 
7685 2802 3480 1163 
7686 1738 3711 3100 
7687 872 5286 2751 
7688 2496 4178 129 
7689 669 4828 2842 
7690 642 4426 3705 
7691 768 4183 2689 
7692 3483 4716 738 
7693 3817 3824 1237 
7694 136 3794 135 
7695 513 4282 2698 
7696 119 4571 118 
7697 912 4039 3642 
7698 4542 4671 830 
7699 4084 4763 741 
7700 598 3988 2524 
7701 249 4075 248 
7702 2485 4207 980 
7703 1142 5244 3531 
7704 2548 4851 500 
7705 357 4765 3157 
7706 2358 5259 2936 
7707 626 5006 2505 
7708 1172 4031 3191 
7709 1937 4405 4219 
7710 1421 3822 3746 
7711 3348 3863 668 
7712 549 5168 2575 
7713 509 3294 3154 
7714 3642 4039 1743 
7715 1066 4809 3362 
7716 888 4139 2498 
7717 3482 3908 1591 
7718 2481 4959 504 
7719 3175 4564 1695 
7720 42 4473 3204 
7721 827 4973 2456 
7722 3067 4530 739 
7723 2463 4378 608 
7724 1165 4958 3458 
7725 3360 5094 424 
7726 1424 3816 3097 
7727 1689 3976 2583 
7728 1668 5053 3041 
7729 2504 4056 636 
7730 1266 4108 2558 
7731 2671 3887 1133 
7732 2493 4572 427 
7733 1254 4119 2520 
7734 2533 4165 1134 
7735 1190 3486 2870 
7736 574 3835 2644 
7737 1388 4402 2510 
7738 2658 4389 643 
7739 3878 4128 1887 
7740 168 4362 2489 
7741 1898 4231 2502 
7742 2727 3601 1198 
7743 621 3877 3097 
7744 128 3837 127 
7745 2678 3905 2066 
7746 2465 4797 1053 
7747 1477 4700 2503 
7748 3163 4320 694 
7749 2520 4414 1254 
7750 714 4564 3175 
7751 335 3660 2725 
7752 2171 5105 3501 
7753 1231 3487 2893 
7754 1297 3257 3238 
7755 333 4429 2766 
7756 3729 4418 1113 
7757 1289 4238 2472 
7758 689 4024 3356 
7759 3087 5237 711 
7760 587 4929 4639 
7761 2468 4964 961 
7762 3078 4932 1655 
7763 4060 4428 1091 
7764 423 4877 2512 
7765 4130 5121 2139 
7766 2014 4234 3340 
7767 2092 3910 2775 
7768 2647 3981 675 
7769 2961 5027 1196 
7770 514 4386 4181 
7771 2529 4658 902 
7772 3024 4950 2777 
7773 3118 4264 507 
7774 2451 4994 913 
7775 2500 4342 175 
7776 1459 4656 2495 
7777 893 5213 4759 
7778 1107 3708 2721 
7779 2521 4494 899 
7780 494 4254 2600 
7781 2510 4974 2354 
7782 3173 5165 1010 
7783 591 4101 2502 
7784 1538 3863 3348 
7785 3463 3507 1445 
7786 2840 3559 1382 
7787 2830 4393 1467 
7788 478 3908 3482 
7789 3285 4022 1311 
7790 1840 4590 4369 
7791 1276 4661 2560 
7792 245 3943 2703 
7793 876 4189 2582 
7794 2579 3987 667 
7795 1262 4047 2593 
7796 3640 4929 2784 
7797 1000 4728 2904 
7798 943 5001 2518 
7799 2528 3923 3690 
7800 2063 4022 3285 
7801 4639 4929 2474 
7802 3992 4737 1628 
7803 354 4974 2510 
7804 3411 4201 1829 
7805 2751 5286 1723 
7806 4181 4386 2131 
7807 2563 4171 1112 
7808 2663 4088 1249 
7809 191 4263 2518 
7810 3766 4044 1780 
7811 1319 3996 3554 
7812 4585 4842 1783 
7813 2913 3484 1083 
7814 2484 4909 1844 
7815 1542 4044 3766 
7816 2585 4307 1290 
7817 933 5053 2500 
7818 2546 4267 704 
7819 158 4393 2830 
7820 3728 4272 1469 
7821 321 4287 3783 
7822 2938 5216 3862 
7823 284 4824 3205 
7824 3301 4970 491 
7825 1196 3388 3060 
7826 1706 3817 3628 
7827 1296 4054 2551 
7828 2761 4128 1294 
7829 745 4201 3411 
7830 626 3507 3463 
7831 2540 4451 916 
7832 2766 4429 1512 
7833 2676 3743 691 
7834 2910 3705 2168 
7835 2523 4709 1354 
7836 453 4072 2617 
7837 1315 4057 3436 
7838 1330 4487 2488 
7839 3255 4302 1775 
7840 3097 3877 1424 
7841 663 4233 2531 
7842 558 3893 2619 
7843 3248 4385 200 
7844 1014 3640 2784 
7845 1601 4086 2562 
7846 2885 4953 955 
7847 2516 4228 954 
7848 560 5200 3457 
7849 3044 3418 1139 
7850 2688 4138 1731 
7851 2706 3780 681 
7852 1333 3872 3770 
7853 3455 5211 1766 
7854 39 3914 38 
7855 2541 4742 1366 
7856 5170 5176 485 
7857 894 4328 2564 
7858 3346 3653 755 
7859 1151 4027 2803 
7860 2689 4183 1139 
7861 2594 4075 249 
7862 210 5038 209 
7863 1694 3776 2877 
7864 420 5042 2863 
7865 3554 3996 1677 
7866 674 3905 2678 
7867 2458 4562 1577 
7868 2558 4108 600 
7869 3161 3692 1371 
7870 3000 3765 555 
7871 3242 4173 437 
7872 919 5050 3958 
7873 1297 3933 3257 
7874 2295 5192 3383 
7875 1205 3828 3331 
7876 3080 5054 573 
7877 1577 4778 2458 
7878 2989 4493 235 
7879 414 4562 3375 
7880 2587 5297 4196 
7881 4759 5213 2473 
7882 2689 3852 768 
7883 2514 4749 236 
7884 1848 4835 2628 
7885 2661 3945 917 
7886 1325 3945 2661 
7887 677 4914 4897 
7888 3042 4792 1648 
7889 2097 4683 3263 
7890 2825 3576 1218 
7891 1105 4907 4267 
7892 2530 4962 978 
7893 3282 3512 863 
7894 3932 5109 1662 
7895 907 4339 3526 
7896 2744 3727 391 
7897 2709 4524 557 
7898 183 3692 3161 
7899 1671 3726 2743 
7900 600 4045 2558 
7901 3958 5050 2283 
7902 2989 4749 1155 
7903 2519 4662 1728 
7904 2261 4784 2756 
7905 4785 5026 2441 
7906 3560 4581 1439 
7907 920 5016 2481 
7908 1268 4168 3709 
7909 2479 4708 917 
7910 1180 3410 3048 
7911 2669 4791 3632 
7912 32 4835 3305 
7913 307 3646 306 
7914 1919 4970 3301 
7915 1474 4541 2956 
7916 483 4414 2520 
7917 1370 3512 3282 
7918 3434 3787 645 
7919 2600 4254 1334 
7920 992 4790 2767 
7921 3305 4835 1848 
7922 3628 3817 708 
7923 1268 4535 3572 
7924 2687 4036 1228 
7925 2816 5209 1124 
7926 4103 4813 720 
7927 3045 3546 1150 
7928 1259 3852 2689 
7929 3509 5251 839 
7930 2104 5012 3830 
7931 3770 3872 1715 
7932 925 4705 2524 
7933 62 4518 61 
7934 1904 4589 4004 
7935 1456 3653 3346 
7936 3480 4556 1163 
7937 2686 3913 593 
7938 1251 3541 2886 
7939 902 4595 2558 
7940 2617 4072 1212 
7941 1304 5231 2548 
7942 1413 3525 3396 
7943 883 4848 2531 
7944 2994 5151 989 
7945 1837 3868 2750 
7946 3132 3874 446 
7947 2807 4683 1515 
7948 4956 5099 1432 
7949 916 4451 2658 
7950 2132 5024 3453 
7951 3121 4395 1582 
7952 1333 3770 3178 
7953 2535 4880 1051 
7954 3396 3525 641 
7955 742 4554 2844 
7956 3199 3417 2093 
7957 770 4771 3942 
7958 3440 4999 873 
7959 3114 3363 719 
7960 2628 4835 33 
7961 2914 5196 3622 
7962 2877 3776 682 
7963 3371 5108 101 
7964 270 3696 269 
7965 3443 3625 648 
7966 3032 4247 718 
7967 2654 3901 1214 
7968 10 4447 4401 
7969 642 3705 2910 
7970 993 5026 4785 
7971 1825 5147 4791 
7972 1113 4418 2552 
7973 2504 5099 4956 
7974 426 4709 2523 
7975 3580 4852 2822 
7976 2527 4405 1937 
7977 4377 4807 3322 
7978 3288 4765 358 
7979 2088 3762 2718 
7980 680 4409 2733 
7981 1085 4258 2595 
7982 261 3916 260 
7983 3067 3435 1199 
7984 2582 5139 876 
7985 2620 4744 1259 
7986 627 4822 3010 
7987 3324 4943 1223 
7988 2569 4195 1608 
7989 3249 3757 2012 
7990 2660 3886 1506 
7991 2571 4439 1533 
7992 4518 4557 2288 
7993 2613 4808 1453 
7994 1403 4627 2710 
7995 1753 4660 2554 
7996 184 3692 183 
7997 3328 4328 1560 
7998 1393 4626 2647 
7999 825 3687 3271 
8000 371 4255 2632 
8001 443 4219 2929 
8002 68 4151 67 
8003 2984 4721 1485 
8004 3526 4339 1793 
8005 280 3452 3090 
8006 2887 3953 988 
8007 331 5291 3320 
8008 668 4570 2567 
8009 727 4395 3121 
8010 1034 4792 3042 
8011 2737 3787 1148 
8012 1035 3955 2650 
8013 1251 4963 3541 
8014 2860 3912 1309 
8015 808 4543 3214 
8016 248 3714 247 
8017 2726 4175 1235 
8018 3113 4934 1194 
8019 1470 4554 2603 
8020 2681 3916 1335 
8021 48 3731 47 
8022 1036 4240 2566 
8023 4268 4857 1542 
8024 1645 4846 3326 
8025 1305 4218 2833 
8026 1585 4622 2995 
8027 2551 4623 1296 
8028 2528 4923 575 
8029 2584 5162 1650 
8030 2581 5055 909 
8031 1275 3648 2866 
8032 4543 5225 1210 
8033 2558 4595 1266 
8034 3271 3687 1406 
8035 997 3912 2860 
8036 3963 4229 1338 
8037 1484 4962 2530 
8038 3802 4211 1428 
8039 2663 4006 1623 
8040 1239 4695 2638 
8041 1544 4023 4020 
8042 1519 4538 2978 
8043 1000 3716 2820 
8044 2857 3815 533 
8045 1081 3532 2973 
8046 266 4783 3739 
8047 2903 4684 4230 
8048 4020 4023 1870 
8049 1974 4428 4060 
8050 369 3738 368 
8051 1095 4683 2807 
8052 3302 5036 1909 
8053 84 4736 83 
8054 3179 3594 1835 
8055 3405 4840 558 
8056 1820 4418 3729 
8057 562 4220 2914 
8058 246 3943 245 
8059 1246 3899 2735 
8060 3587 4167 1483 
8061 1449 4681 2591 
8062 1223 4943 3408 
8063 3255 3735 1093 
8064 2505 4581 948 
8065 2567 4594 939 
8066 2560 4206 1292 
8067 4219 4405 1192 
8068 2580 5179 1766 
8069 2298 4753 2760 
8070 1457 4693 2577 
8071 2582 4189 1253 
8072 1065 4235 2598 
8073 4004 5043 1904 
8074 2815 4240 2004 
8075 1789 4557 4518 
8076 2993 3533 1102 
8077 2622 4118 705 
8078 1241 3757 3249 
8079 1574 4497 3161 
8080 2532 4868 1609 
8081 1665 3953 3713 
8082 972 3907 2714 
8083 2589 5046 1377 
8084 1399 3815 2857 
8085 1635 4285 4089 
8086 2893 4587 607 
8087 1093 3735 3143 
8088 2577 4886 1457 
8089 82 4506 2577 
8090 484 4808 2613 
8091 1868 4400 4313 
8092 3344 4533 1048 
8093 2437 3797 3600 
8094 2548 5231 898 
8095 2712 4142 1863 
8096 665 3417 3199 
8097 2914 3622 562 
8098 2924 5284 1052 
8099 264 4129 263 
8100 1032 5093 3991 
8101 963 4593 3700 
8102 2201 5000 3758 
8103 2730 3864 958 
8104 1962 4237 4063 
8105 2131 3779 2871 
8106 1375 3927 3694 
8107 393 4936 3079 
8108 612 3569 2982 
8109 2536 5004 1444 
8110 3444 3862 2250 
8111 4091 4096 830 
8112 1943 5113 3646 
8113 2656 4125 1022 
8114 3270 4952 433 
8115 2995 4622 51 
8116 36 4641 35 
8117 2947 3956 1349 
8118 67 4151 2845 
8119 1855 5297 2587 
8120 2076 5038 4984 
8121 3713 3953 1340 
8122 2573 4822 627 
8123 156 3759 155 
8124 607 4413 2893 
8125 3258 3538 614 
8126 537 3594 3179 
8127 747 4466 4273 
8128 2634 5075 1269 
8129 3359 3800 1112 
8130 3011 4918 2469 
8131 4194 4301 1346 
8132 1286 4243 2916 
8133 1542 4857 2775 
8134 2871 3779 692 
8135 2586 5239 1005 
8136 1604 4708 3727 
8137 1749 5212 4046 
8138 2926 5243 785 
8139 4191 4685 469 
8140 2170 4561 3712 
8141 1678 4666 3129 
8142 2703 3943 1350 
8143 1011 4623 2551 
8144 726 3858 3056 
8145 1155 4166 2989 
8146 2595 5123 1085 
8147 1394 4030 3863 
8148 1435 5084 4326 
8149 3944 5289 572 
8150 3015 4514 1359 
8151 4768 5025 2525 
8152 919 4886 2577 
8153 1863 4316 3806 
8154 676 4882 2822 
8155 3090 3452 1281 
8156 3143 3735 1366 
8157 3224 4033 1755 
8158 1772 4529 3473 
8159 1288 4221 2606 
8160 2677 5247 425 
8161 2606 4597 1288 
8162 686 5037 2897 
8163 1604 4397 3707 
8164 2653 4137 1075 
8165 4063 4237 1300 
8166 2774 5165 4479 
8167 1389 4059 2631 
8168 762 3956 2947 
8169 2649 4085 383 
8170 2667 4236 408 
8171 392 4121 3424 
8172 1329 3538 2996 
8173 921 5025 4768 
8174 3991 5093 2276 
8175 2220 3827 3264 
8176 3003 3894 470 
8177 3561 4347 273 
8178 1340 3953 2887 
8179 3639 5051 1884 
8180 3806 4316 1400 
8181 1918 4096 4091 
8182 1600 5247 2677 
8183 1047 4896 2954 
8184 3473 4529 750 
8185 2993 3973 448 
8186 2673 4387 1386 
8187 2675 4129 264 
8188 763 4088 2663 
8189 1015 4110 3072 
8190 2941 4790 992 
8191 849 4485 3721 
8192 1074 4407 2573 
8193 2716 4152 463 
8194 1176 3471 3147 
8195 326 4861 325 
8196 2972 3599 573 
8197 2978 4538 115 
8198 2989 4166 1443 
8199 694 4320 4115 
8200 2099 4006 2663 
8201 3836 4057 1315 
8202 1052 5046 2589 
8203 364 3833 363 
8204 2962 4912 1216 
8205 380 5070 379 
8206 1301 3881 2963 
8207 1292 4299 2828 
8208 1532 5007 2835 
8209 3641 4365 1520 
8210 1345 4976 4046 
8211 1316 4236 2667 
8212 3036 4616 1231 
8213 4136 4633 1434 
8214 3327 3426 1323 
8215 2946 3609 1174 
8216 2639 5280 1566 
8217 2136 4798 2778 
8218 2708 4925 631 
8219 148 3820 147 
8220 2825 3899 1246 
8221 1067 4727 3250 
8222 2938 4312 453 
8223 1440 4822 2573 
8224 1487 4285 3058 
8225 4208 4963 1251 
8226 4616 4629 1231 
8227 1377 5046 2575 
8228 843 3536 3057 
8229 3700 4593 1942 
8230 1022 5204 2759 
8231 5029 5084 687 
8232 2822 4882 1592 
8233 350 3859 349 
8234 1725 4841 4790 
8235 611 4387 2673 
8236 3080 3516 1208 
8237 4371 4645 1396 
8238 2801 4931 1572 
8239 1009 4210 3028 
8240 1685 4861 3343 
8241 466 3767 3151 
8242 2871 5001 943 
8243 983 4036 2687 
8244 701 4899 3711 
8245 3855 4387 1977 
8246 3604 4116 1679 
8247 756 4242 3261 
8248 3191 4661 1276 
8249 205 5203 3177 
8250 2853 3795 1090 
8251 3678 3784 1582 
8252 687 3773 3105 
8253 3415 4452 1262 
8254 4484 4954 1681 
8255 2621 4381 505 
8256 3105 3773 1356 
8257 577 3784 3678 
8258 1990 4236 4224 
8259 1430 4247 4116 
8260 3177 5203 1853 
8261 3083 4334 657 
8262 2651 4078 1634 
8263 3158 5183 1413 
8264 652 4931 2801 
8265 4226 5052 2911 
8266 2775 3910 686 
8267 1679 4247 3032 
8268 1049 4762 2921 
8269 680 4033 3224 
8270 2674 4144 711 
8271 3303 4863 1698 
8272 641 5174 3108 
8273 228 5197 2740 
8274 2963 3881 394 
8275 2611 5142 969 
8276 1537 4549 3969 
8277 2105 4846 3171 
8278 2158 4633 4136 
8279 880 3851 3228 
8280 632 4095 3173 
8281 2243 5176 5170 
8282 4833 5145 2172 
8283 770 3942 2756 
8284 1868 4229 3963 
8285 1250 4416 3382 
8286 1798 4567 2601 
8287 2575 5046 1052 
8288 2846 4161 255 
8289 1242 4996 4673 
8290 3262 3601 646 
8291 2103 4113 2696 
8292 3676 5190 2988 
8293 2735 4818 1246 
8294 3817 3899 708 
8295 696 5088 2761 
8296 4016 5155 1680 
8297 1232 5002 2913 
8298 1453 4807 2613 
8299 2648 4179 980 
8300 474 4116 3604 
8301 3775 3791 1610 
8302 2896 4646 1522 
8303 585 3791 3775 
8304 3666 4757 788 
8305 706 5109 3106 
8306 934 4548 2618 
8307 322 4287 321 
8308 3583 3627 1854 
8309 404 4077 2736 
8310 923 4391 2621 
8311 2679 5295 744 
8312 2761 5088 1700 
8313 14 4424 13 
8314 2740 5197 1599 
8315 1180 4364 2665 
8316 629 4499 2813 
8317 3040 4149 1257 
8318 2571 4573 1145 
8319 1030 4646 2896 
8320 708 3899 2825 
8321 775 4142 2683 
8322 1262 4324 3456 
8323 854 4787 2828 
8324 2623 5160 609 
8325 4073 5198 382 
8326 410 4932 3078 
8327 1615 4503 3876 
8328 1085 5123 3262 
8329 1655 4782 3181 
8330 3148 4110 1015 
8331 415 3556 3418 
8332 385 4537 2627 
8333 1196 5027 3423 
8334 3627 4512 748 
8335 366 3922 365 
8336 2713 5193 3333 
8337 3058 4285 1039 
8338 4401 4447 2044 
8339 4224 4236 1316 
8340 1299 3426 3327 
8341 4246 5087 743 
8342 1386 4621 2673 
8343 3516 3924 698 
8344 489 4597 2606 
8345 286 4260 2682 
8346 4235 4817 1513 
8347 1553 4925 2708 
8348 4731 5303 2082 
8349 2593 4641 1691 
8350 3220 4481 770 
8351 1249 4152 2716 
8352 2638 4695 523 
8353 2630 4492 944 
8354 4142 4316 1863 
8355 1493 3747 3510 
8356 3009 4059 1389 
8357 1214 4289 2654 
8358 2022 4145 3070 
8359 263 3928 262 
8360 3190 4283 1190 
8361 2776 4295 1252 
8362 1216 4711 2962 
8363 2733 4033 680 
8364 3876 4503 1952 
8365 1531 4334 3083 
8366 844 4744 2620 
8367 1877 4064 3460 
8368 2676 5191 1530 
8369 580 4059 3009 
8370 2785 3970 895 
8371 1220 4306 3292 
8372 2612 4830 540 
8373 1911 4516 4388 
8374 1874 4351 3439 
8375 801 3585 3212 
8376 2643 5263 982 
8377 2337 5198 4073 
8378 1816 4500 3088 
8379 2978 3909 1209 
8380 3262 5123 1876 
8381 2983 4853 361 
8382 519 5253 2583 
8383 1853 3915 3177 
8384 3595 4105 1463 
8385 2751 4450 1289 
8386 908 4456 2657 
8387 2850 4588 1242 
8388 1560 4242 3328 
8389 2012 4031 2745 
8390 517 5232 2687 
8391 1157 4214 2671 
8392 2722 4190 670 
8393 2183 5289 3944 
8394 2610 4723 987 
8395 1293 3625 3013 
8396 226 3961 225 
8397 3178 3770 678 
8398 505 4990 2621 
8399 631 4272 2708 
8400 1167 3481 3267 
8401 734 4526 2654 
8402 451 4002 2885 
8403 1763 4193 2868 
8404 1151 4876 3765 
8405 657 4070 2731 
8406 631 3656 3165 
8407 768 5040 4183 
8408 1726 5165 3173 
8409 1375 3694 3265 
8410 3460 4064 549 
8411 25 3994 24 
8412 2625 4898 602 
8413 2645 4352 449 
8414 3124 3543 1433 
8415 2844 4712 960 
8416 3265 3694 647 
8417 1185 3627 3583 
8418 1197 4717 2827 
8419 2996 3762 792 
8420 2760 4753 677 
8421 619 4208 3280 
8422 379 5070 2635 
8423 2237 4954 4484 
8424 2654 4526 1341 
8425 1442 4161 2846 
8426 1650 4105 3595 
8427 1007 4816 3128 
8428 1209 4290 2978 
8429 6 4927 1 
8430 2805 3997 1287 
8431 1 4927 380 
8432 4666 5154 2102 
8433 4065 5271 582 
8434 1488 4375 3934 
8435 2981 4815 774 
8436 1729 4002 3875 
8437 182 4497 181 
8438 958 4729 2730 
8439 2956 4541 2222 
8440 1362 4760 2646 
8441 2161 5070 4927 
8442 233 3977 232 
8443 1324 5224 4378 
8444 3177 3915 1379 
8445 1462 4130 3129 
8446 2978 4290 1519 
8447 1414 4399 2665 
8448 3102 3785 752 
8449 3129 4130 723 
8450 1098 4037 3380 
8451 4378 5224 2434 
8452 2736 4077 1279 
8453 2744 4332 1348 
8454 780 4175 2726 
8455 2710 4571 1403 
8456 3510 3747 638 
8457 3181 4782 1082 
8458 2575 5168 3033 
8459 2147 4475 4379 
8460 3004 3900 516 
8461 3830 5012 564 
8462 4216 5303 1371 
8463 1622 4853 2983 
8464 3069 3869 1431 
8465 2968 4855 1444 
8466 3610 4786 1587 
8467 1244 4981 3212 
8468 2860 4799 997 
8469 4379 4475 885 
8470 2673 4621 931 
8471 3415 3456 1414 
8472 2878 4758 1472 
8473 1469 4441 3728 
8474 279 4005 278 
8475 628 5030 3347 
8476 3436 3930 747 
8477 1391 5243 2926 
8478 3783 4287 1717 
8479 1653 3860 3472 
8480 325 4861 2943 
8481 3124 5270 1226 
8482 2885 4002 1320 
8483 391 4332 2744 
8484 1562 3900 2865 
8485 1536 5255 5003 
8486 4443 5116 860 
8487 1193 4110 3148 
8488 1250 4583 3157 
8489 214 4021 213 
8490 3037 3784 577 
8491 10 4401 9 
8492 2624 5080 439 
8493 2940 4748 2213 
8494 1276 3867 2982 
8495 181 4497 2829 
8496 469 4359 4191 
8497 3120 4896 1047 
8498 2602 4847 1486 
8499 3875 4002 451 
8500 2864 3912 997 
8501 1101 4018 2816 
8502 3472 3860 459 
8503 3424 4419 392 
8504 4294 4603 1407 
8505 3029 5205 4170 
8506 1546 5016 2781 
8507 2971 4735 605 
8508 691 5191 2676 
8509 1262 3456 3415 
8510 3071 4231 1060 
8511 509 5075 2634 
8512 542 5217 4374 
8513 3646 5113 306 
8514 1051 5193 2713 
8515 2309 4734 2843 
8516 542 3869 3069 
8517 2781 5016 920 
8518 1075 4313 3337 
8519 3380 4037 1545 
8520 1894 5063 4981 
8521 870 4624 2811 
8522 1719 5159 2686 
8523 1536 5003 2772 
8524 2831 4163 781 
8525 3328 4242 756 
8526 30 4100 29 
8527 2779 4127 1588 
8528 3046 4711 1216 
8529 1867 4513 3406 
8530 1291 3811 3029 
8531 3276 4939 462 
8532 3074 3701 722 
8533 3476 4042 1845 
8534 1525 3930 3436 
8535 2811 4624 1449 
8536 2670 5240 1149 
8537 1306 4322 3684 
8538 2312 5271 4065 
8539 1317 4061 2898 
8540 2664 4618 794 
8541 798 4876 2803 
8542 1511 4972 2707 
8543 2641 4605 1035 
8544 728 3891 3138 
8545 1289 4561 2751 
8546 2772 5003 432 
8547 2848 4454 338 
8548 2680 5181 521 
8549 1849 3892 3247 
8550 1230 3862 3444 
8551 2707 4972 945 
8552 2841 4436 666 
8553 1360 4353 2764 
8554 2764 4353 449 
8555 556 4747 3140 
8556 637 4575 3960 
8557 2805 5062 1275 
8558 1467 4850 2830 
8559 3497 3718 1429 
8560 44 3843 2945 
8561 3468 4905 486 
8562 4374 5217 2439 
8563 3162 3605 1224 
8564 1056 5187 2918 
8565 1257 4149 2783 
8566 2898 4061 429 
8567 2620 5288 1594 
8568 1437 4772 2678 
8569 3406 4513 736 
8570 344 3895 3467 
8571 3212 3585 1272 
8572 1825 4791 2669 
8573 3613 3753 1473 
8574 3967 4986 628 
8575 3029 3811 527 
8576 2982 3867 612 
8577 2657 4514 601 
8578 3162 3655 395 
8579 3165 3656 1303 
8580 729 4983 2866 
8581 2843 4734 964 
8582 3329 4051 1310 
8583 4435 4606 566 
8584 4968 5263 1717 
8585 4609 5032 1347 
8586 83 4506 82 
8587 1686 5041 3066 
8588 1089 5019 2725 
8589 1462 4691 3384 
8590 2651 4872 1761 
8591 3075 4589 1454 
8592 2801 4729 958 
8593 3199 5284 5218 
8594 953 4738 2634 
8595 1885 5166 2954 
8596 171 4483 170 
8597 173 4482 172 
8598 3066 5041 812 
8599 1326 3767 3574 
8600 4002 4114 1320 
8601 3890 4686 1974 
8602 541 4042 3476 
8603 3138 3891 1378 
8604 3003 4767 1557 
8605 4673 4996 2271 
8606 2810 4528 1609 
8607 255 4161 254 
8608 2672 5079 946 
8609 3934 4375 1831 
8610 3368 5108 1859 
8611 2856 5172 397 
8612 1345 5212 3860 
8613 406 5066 4420 
8614 3902 4180 1364 
8615 328 4182 327 
8616 2836 4915 438 
8617 143 4160 142 
8618 1093 4448 3241 
8619 1281 4163 2831 
8620 2939 4460 913 
8621 293 4184 292 
8622 3001 4060 1091 
8623 979 5102 2633 
8624 1876 3601 3262 
8625 868 4686 3890 
8626 775 4316 4142 
8627 381 3838 3451 
8628 2879 4960 1654 
8629 3079 4936 1612 
8630 2958 4833 986 
8631 1008 4883 2683 
8632 2888 4707 1007 
8633 660 4960 2879 
8634 3960 4575 1983 
8635 266 5285 265 
8636 1593 4454 2848 
8637 1495 3822 3023 
8638 3548 4306 1220 
8639 2955 3919 651 
8640 2992 4499 629 
8641 3084 4204 576 
8642 1701 4273 3213 
8643 1784 4180 3902 
8644 3984 5126 1810 
8645 3064 3791 585 
8646 3159 3926 1274 
8647 4313 4400 1508 
8648 1277 3914 3100 
8649 4580 4673 2271 
8650 901 4673 4580 
8651 59 4256 58 
8652 711 5237 2674 
8653 4809 5283 1878 
8654 3399 4981 1244 
8655 1906 4098 3277 
8656 57 4252 56 
8657 2239 4491 3092 
8658 1191 3942 3203 
8659 856 5300 4703 
8660 2828 4787 1292 
8661 3191 4031 778 
8662 500 4851 2952 
8663 163 4186 162 
8664 1913 4632 3880 
8665 1265 4204 3084 
8666 125 4338 124 
8667 2793 4398 617 
8668 193 4528 2810 
8669 2772 5131 1536 
8670 3972 4657 1524 
8671 3035 4470 1019 
8672 2636 4993 1857 
8673 186 4199 185 
8674 2806 4955 989 
8675 2782 4483 1514 
8676 470 4767 3003 
8677 378 4226 377 
8678 3014 3804 565 
8679 3836 4223 2005 
8680 100 5108 3368 
8681 1498 4470 3035 
8682 581 4711 3046 
8683 1992 4657 3972 
8684 170 4483 2782 
8685 4080 4259 510 
8686 1729 4114 4002 
8687 231 5013 3055 
8688 1333 4730 3872 
8689 1233 3894 3003 
8690 2225 4606 4435 
8691 1190 4283 3473 
8692 2855 4147 1248 
8693 3331 3828 1580 
8694 2964 4487 1330 
8695 3210 3896 1739 
8696 415 3828 3065 
8697 1418 3753 3613 
8698 3517 3529 1631 
8699 372 4255 371 
8700 1557 4815 2981 
8701 1633 5154 2957 
8702 593 3913 2966 
8703 2957 5154 531 
8704 1242 4673 2850 
8705 2845 4151 1377 
8706 1530 4757 2668 
8707 3411 4662 745 
8708 2692 5281 767 
8709 28 4311 27 
8710 625 3974 3181 
8711 2726 4628 1730 
8712 2905 4731 1498 
8713 3880 4632 1718 
8714 1254 4414 2906 
8715 107 4341 106 
8716 2723 4427 121 
8717 458 5049 2724 
8718 402 3911 3652 
8719 1679 4207 3604 
8720 781 4656 2831 
8721 1563 4759 4256 
8722 1145 3748 3195 
8723 4017 5021 1363 
8724 2777 4950 1989 
8725 3751 4821 685 
8726 1219 3529 3517 
8727 1398 3873 3021 
8728 1022 4699 2727 
8729 1514 4482 2794 
8730 190 4568 189 
8731 1003 4655 2708 
8732 1728 4662 3411 
8733 660 4731 2905 
8734 719 4136 3114 
8735 1272 4892 3349 
8736 635 3799 3141 
8737 2724 5049 1343 
8738 2794 4482 173 
8739 1582 3784 3121 
8740 167 4268 166 
8741 649 5266 2729 
8742 1843 4973 3438 
8743 632 4507 3688 
8744 1171 3854 3089 
8745 1548 5279 2713 
8746 2704 5235 1504 
8747 3679 5030 628 
8748 3217 4326 2255 
8749 3806 5254 1863 
8750 1275 4983 2805 
8751 11 4447 10 
8752 1486 4032 3343 
8753 3141 3799 1888 
8754 2798 4432 927 
8755 1299 3905 3426 
8756 2710 5129 118 
8757 3335 3963 1338 
8758 3626 4078 437 
8759 1590 5241 2731 
8760 3001 4740 1271 
8761 2134 5013 3977 
8762 687 3896 3210 
8763 3438 4973 827 
8764 3752 4169 1631 
8765 450 4510 3729 
8766 2751 4561 872 
8767 1832 5248 4760 
8768 1587 5047 3610 
8769 1904 4259 4080 
8770 945 4972 2717 
8771 1369 4432 2798 
8772 3326 3661 1645 
8773 3977 5013 232 
8774 3134 4071 1760 
8775 3293 4269 1263 
8776 3317 3761 1158 
8777 177 4310 176 
8778 4240 5199 2004 
8779 198 4363 197 
8780 2678 4772 674 
8781 375 4370 374 
8782 1307 5035 3674 
8783 4021 5301 213 
8784 3883 4114 1729 
8785 4527 5102 1680 
8786 3853 5246 1889 
8787 2254 5129 2710 
8788 2730 5058 520 
8789 131 4340 130 
8790 1544 5001 2871 
8791 2713 5279 669 
8792 2696 5131 924 
8793 2779 4466 1555 
8794 2808 4197 534 
8795 3114 4136 1434 
8796 4716 4802 2324 
8797 351 4602 2759 
8798 3056 3858 1267 
8799 726 4114 3883 
8800 200 4385 199 
8801 1965 4821 3751 
8802 3729 4510 1820 
8803 2489 5009 4857 
8804 3343 4032 1685 
8805 3186 4919 1265 
8806 1504 5008 2704 
8807 1908 4159 4097 
8808 3645 3865 1430 
8809 310 4384 309 
8810 2881 4281 807 
8811 2731 5241 657 
8812 3276 3671 1260 
8813 3688 4507 1806 
8814 592 4283 3190 
8815 3433 4529 1772 
8816 609 5160 2964 
8817 3652 3911 1926 
8818 4857 5009 926 
8819 43 4473 42 
8820 1989 4663 4001 
8821 1807 4685 4191 
8822 1894 4981 3399 
8823 3746 3822 450 
8824 289 4396 288 
8825 3337 4313 1508 
8826 533 4301 2857 
8827 3133 3831 619 
8828 2721 5104 1624 
8829 1409 4201 3088 
8830 1295 3989 3059 
8831 3325 4952 1206 
8832 196 4540 195 
8833 4116 4247 1679 
8834 1911 4388 3066 
8835 4519 5019 1089 
8836 1323 3986 3327 
8837 1634 4078 3626 
8838 1672 3659 3535 
8839 159 4393 158 
8840 1377 4911 2845 
8841 334 4429 333 
8842 1900 4645 4371 
8843 2729 5266 1490 
8844 4001 4663 1516 
8845 2831 4656 1459 
8846 3611 5127 1079 
8847 684 4558 2746 
8848 1771 4107 3419 
8849 1454 4397 3075 
8850 503 4232 3021 
8851 229 5197 228 
8852 2753 4964 1465 
8853 2929 4219 1192 
8854 776 3975 3501 
8855 3284 4492 1436 
8856 3688 4095 632 
8857 966 4803 2981 
8858 338 4454 337 
8859 1472 4839 3146 
8860 2702 5265 710 
8861 1533 3865 3645 
8862 609 4306 4298 
8863 4097 4159 1298 
8864 3088 4201 745 
8865 1881 5281 3703 
8866 3500 4321 1312 
8867 1099 4127 3244 
8868 4106 4800 2101 
8869 2705 5064 1895 
8870 3413 4679 1438 
8871 3075 4397 620 
8872 1438 4679 2738 
8873 4388 4516 797 
8874 355 4974 354 
8875 3535 3659 512 
8876 1675 4924 3287 
8877 299 4479 298 
8878 2759 5204 3859 
8879 1667 4810 3330 
8880 1228 4036 3187 
8881 1603 4802 4716 
8882 2794 4504 1514 
8883 697 3990 3023 
8884 603 4928 3420 
8885 2813 4499 1838 
8886 194 4528 193 
8887 3021 4232 1398 
8888 2736 5092 1751 
8889 1017 5128 2748 
8890 2964 5160 1636 
8891 3210 3773 687 
8892 3501 3975 1528 
8893 2837 4424 14 
8894 589 4818 2735 
8895 3151 4279 466 
8896 2199 5084 5029 
8897 1499 4826 2786 
8898 1413 5183 4009 
8899 2790 5085 712 
8900 2364 5019 4519 
8901 3306 4235 1513 
8902 51 4622 50 
8903 4088 4152 1249 
8904 2806 4766 1370 
8905 3420 4928 1800 
8906 3854 4286 1506 
8907 3588 5293 1069 
8908 939 4594 3543 
8909 1687 4176 3206 
8910 695 4071 3134 
8911 1771 4952 3325 
8912 470 3894 3544 
8913 115 4538 114 
8914 4792 5051 1648 
8915 1610 3791 3235 
8916 1432 4840 4271 
8917 1318 4336 2992 
8918 2862 4502 1002 
8919 4728 5148 1765 
8920 812 4674 3153 
8921 2944 4111 1065 
8922 3059 3989 701 
8923 2985 4184 293 
8924 1875 4603 4294 
8925 3114 3924 1373 
8926 20 4638 19 
8927 2756 4784 1817 
8928 2981 4803 1557 
8929 3153 4674 1578 
8930 3906 4157 1735 
8931 610 4157 3906 
8932 86 4696 85 
8933 2782 4698 1656 
8934 1288 4597 2935 
8935 3486 5203 206 
8936 3233 5145 1491 
8937 4292 5017 1956 
8938 2345 4775 3315 
8939 700 3772 3684 
8940 961 4964 2753 
8941 2829 4497 1574 
8942 3078 5034 1626 
8943 3419 4107 951 
8944 251 4965 250 
8945 3585 4892 1272 
8946 526 5254 2749 
8947 797 4516 3237 
8948 3597 4219 443 
8949 2887 4420 1340 
8950 616 4678 2763 
8951 3100 3914 39 
8952 3265 4548 1628 
8953 2919 5132 1086 
8954 3684 3772 1495 
8955 97 4769 96 
8956 2763 4680 959 
8957 2456 4973 3168 
8958 319 4620 318 
8959 568 3926 3159 
8960 3180 3845 1326 
8961 4200 4733 1957 
8962 1599 5067 2740 
8963 3052 5163 442 
8964 2716 5147 1078 
8965 1546 5031 4959 
8966 3237 4516 1564 
8967 3409 4442 1606 
8968 1271 4060 3001 
8969 1320 4114 3056 
8970 118 5129 117 
8971 1109 4442 3409 
8972 695 4834 3939 
8973 1494 4533 3344 
8974 595 4766 2806 
8975 1840 5268 4590 
8976 152 4630 151 
8977 2942 4417 1385 
8978 3330 4810 712 
8979 3287 4924 455 
8980 4183 5040 2002 
8981 2929 4933 443 
8982 1461 4783 2752 
8983 3128 4631 538 
8984 2752 4783 267 
8985 2819 4426 1422 
8986 3966 4637 2559 
8987 3016 4720 1061 
8988 33 4835 32 
8989 536 4588 2850 
8990 4081 4633 2158 
8991 1572 4729 2801 
8992 3128 4816 1552 
8993 2893 4413 1231 
8994 3119 4823 2578 
8995 406 4420 2887 
8996 1559 5151 2994 
8997 2753 4838 961 
8998 1748 4274 3877 
8999 447 4083 3050 
9000 1552 4631 3128 
9001 2936 4300 1039 
9002 1948 5087 4246 
9003 3357 4453 1901 
9004 3496 3902 705 
9005 659 5157 2743 
9006 3457 5133 2566 
9007 2944 4359 469 
9008 60 4249 2917 
9009 1628 4548 3992 
9010 2009 5269 3352 
9011 3693 4897 1334 
9012 4375 5152 1831 
9013 154 4714 153 
9014 3885 4202 2096 
9015 4089 4285 1487 
9016 358 4765 357 
9017 531 5154 4666 
9018 1826 4489 2888 
9019 2791 5299 1105 
9020 101 5108 100 
9021 1033 5034 3078 
9022 92 5149 91 
9023 3939 4834 2023 
9024 409 4417 2942 
9025 1649 3973 3109 
9026 76 5274 75 
9027 1230 4312 2938 
9028 2907 4945 1348 
9029 920 5008 2781 
9030 3199 5218 665 
9031 2953 4277 1510 
9032 1062 4751 2799 
9033 1667 5163 3052 
9034 1465 4184 2985 
9035 1372 4359 2944 
9036 2822 4852 1153 
9037 2997 4176 1067 
9038 4298 4306 1881 
9039 3362 4632 1913 
9040 3228 3851 1269 
9041 3010 4822 4394 
9042 2257 4450 4404 
9043 2842 4613 1566 
9044 445 4633 4081 
9045 785 4343 2926 
9046 1277 4899 3716 
9047 1627 4982 4385 
9048 3264 3827 408 
9049 361 4853 360 
9050 2748 5128 3825 
9051 285 4824 284 
9052 3598 3682 1412 
9053 5003 5255 2235 
9054 1348 4332 2907 
9055 1310 4051 3722 
9056 3603 3771 1415 
9057 4131 4155 493 
9058 2804 5015 49 
9059 2907 4812 1367 
9060 1784 3902 3496 
9061 3327 5101 1299 
9062 1783 4842 2790 
9063 275 4856 274 
9064 3096 4030 1096 
9065 2030 4918 3011 
9066 3056 4114 726 
9067 3638 3879 1161 
9068 1332 4391 3631 
9069 480 4894 2796 
9070 634 4372 3026 
9071 1491 4833 2958 
9072 3218 3985 1758 
9073 3369 4944 1081 
9074 3093 4821 1301 
9075 742 4453 3357 
9076 1750 3787 3434 
9077 1460 3771 3603 
9078 2851 5007 1532 
9079 438 4786 2836 
9080 3272 4562 414 
9081 958 4850 2801 
9082 3092 4531 1296 
9083 3028 4210 1762 
9084 2882 4977 1042 
9085 1456 3792 3653 
9086 988 4884 2790 
9087 3099 4966 838 
9088 232 5013 231 
9089 123 5061 122 
9090 3061 4141 455 
9091 953 5272 4545 
9092 3181 3974 1655 
9093 218 5112 217 
9094 3190 5287 592 
9095 1326 4507 3180 
9096 3569 3955 1585 
9097 206 5203 205 
9098 3544 3894 1711 
9099 2780 5031 979 
9100 1176 4715 2883 
9101 1357 3718 3497 
9102 1900 4880 4645 
9103 4404 4450 586 
9104 2013 4152 4088 
9105 3523 4357 1126 
9106 2863 5059 1805 
9107 213 5301 212 
9108 258 5057 257 
9109 3745 4285 1635 
9110 3344 4052 1494 
9111 1406 5208 3395 
9112 3647 4615 1416 
9113 1133 3887 3421 
9114 4029 4446 2415 
9115 4073 4969 1499 
9116 2118 3879 3638 
9117 306 5113 305 
9118 3373 5266 649 
9119 606 5062 2805 
9120 1577 4562 3272 
9121 2797 5073 1164 
9122 243 5214 242 
9123 1616 4966 3099 
9124 454 4227 3398 
9125 1827 4155 4131 
9126 2844 5067 1599 
9127 2781 5008 1504 
9128 323 5222 322 
9129 332 5291 331 
9130 1123 4589 3075 
9131 3416 4446 1328 
9132 1593 4513 3962 
9133 4165 4438 1134 
9134 3091 4639 1325 
9135 1370 4955 2806 
9136 2992 4336 1043 
9137 3076 4745 1416 
9138 989 5151 2806 
9139 587 4988 2784 
9140 2791 4902 1860 
9141 1658 4859 2872 
9142 1847 5232 3414 
9143 2861 5259 1129 
9144 3414 5232 517 
9145 1940 3800 3359 
9146 3467 3895 1284 
9147 1491 4858 2818 
9148 1468 4302 3241 
9149 1710 4502 3280 
9150 1077 4093 3245 
9151 731 4632 3362 
9152 1660 4535 3709 
9153 1712 4869 4648 
9154 1110 4609 3170 
9155 2872 4859 656 
9156 3138 4025 1327 
9157 2840 4718 1040 
9158 3501 5105 1973 
9159 3072 4110 1912 
9160 1416 4156 3076 
9161 1075 4137 3300 
9162 1396 3682 3598 
9163 3962 4513 1867 
9164 2833 4854 1762 
9165 1170 4360 2987 
9166 1579 5284 2924 
9167 4545 5272 2440 
9168 1278 4460 2939 
9169 1233 4587 2893 
9170 3881 4203 394 
9171 548 4052 3344 
9172 2931 4534 1699 
9173 2947 4359 1372 
9174 861 5246 3853 
9175 3004 4612 1082 
9176 3241 4302 1093 
9177 1010 5165 2774 
9178 3279 3884 457 
9179 327 4182 3343 
9180 2863 5042 1181 
9181 738 4135 3483 
9182 3489 5279 1548 
9183 1930 4438 4165 
9184 3316 5127 2236 
9185 960 5067 2844 
9186 2826 5034 1033 
9187 3110 4111 1429 
9188 1467 4393 3131 
9189 1647 5094 3360 
9190 3915 5180 1379 
9191 979 5031 2959 
9192 452 4987 2834 
9193 2882 4770 113 
9194 449 4353 2953 
9195 3173 4095 1726 
9196 1540 4408 3795 
9197 2918 4604 467 
9198 3201 5272 2167 
9199 2267 5089 4444 
9200 3070 4145 702 
9201 1065 4111 3110 
9202 3164 4396 289 
9203 2959 5031 1546 
9204 3689 3747 1493 
9205 1372 3747 3689 
9206 3214 4477 808 
9207 3030 4579 529 
9208 2853 5090 570 
9209 2881 4779 1550 
9210 1661 4677 3086 
9211 3131 4393 159 
9212 3045 4338 125 
9213 3236 4130 2139 
9214 1611 4357 3523 
9215 305 5113 3465 
9216 98 4825 2859 
9217 3300 4137 1869 
9218 2866 4983 1275 
9219 3014 4293 1108 
9220 382 5198 4433 
9221 3679 4986 1360 
9222 3076 4156 502 
9223 3166 4067 1736 
9224 1824 4509 3290 
9225 602 4126 3126 
9226 2904 4728 1765 
9227 3609 4633 445 
9228 2946 4591 698 
9229 1554 4733 4200 
9230 1144 4112 3165 
9231 4544 4569 1997 
9232 2922 5039 1390 
9233 3830 5020 1952 
9234 1907 4536 3298 
9235 3343 4182 1486 
9236 1455 4612 3004 
9237 425 5247 2849 
9238 3245 4093 1419 
9239 3084 4522 1265 
9240 878 4505 4458 
9241 3430 5294 1850 
9242 4444 5089 873 
9243 1181 4781 2891 
9244 3202 4609 1110 
9245 1521 4477 3214 
9246 2915 4992 1701 
9247 2939 4572 1278 
9248 1081 4944 3532 
9249 1475 4684 2903 
9250 1477 4338 3045 
9251 4124 4233 663 
9252 2402 4926 4908 
9253 3421 3887 1920 
9254 3842 5303 660 
9255 4433 5198 2331 
9256 3713 4018 1665 
9257 1044 4333 3043 
9258 4908 4926 1805 
9259 990 4893 4053 
9260 3573 4317 1316 
9261 4458 4505 2065 
9262 1368 3941 3296 
9263 2890 4917 1003 
9264 2216 4317 4243 
9265 858 5161 4270 
9266 2913 5002 551 
9267 3298 4536 835 
9268 710 5265 3606 
9269 1809 5127 3611 
9270 3287 4141 1404 
9271 1358 5294 3430 
9272 3381 4967 1080 
9273 3180 5221 1338 
9274 3010 4394 1063 
9275 758 4945 2907 
9276 4087 4713 968 
9277 1720 4967 3381 
9278 3304 4200 1957 
9279 1873 4350 3515 
9280 3327 3986 656 
9281 564 5020 3830 
9282 1320 4953 2885 
9283 536 4637 2927 
9284 1394 4083 3293 
9285 1379 4768 3442 
9286 3296 3941 621 
9287 4962 4989 2910 
9288 3574 3767 466 
9289 4053 4893 2021 
9290 2986 4921 967 
9291 3033 4911 1377 
9292 3168 4973 1843 
9293 671 3823 3487 
9294 711 5192 3087 
9295 4761 4928 1384 
9296 1443 4493 2989 
9297 1584 4185 3715 
9298 741 4763 3683 
9299 3742 3872 459 
9300 1860 4902 3781 
9301 4421 4443 860 
9302 2969 5141 505 
9303 586 4051 3329 
9304 3219 4647 1076 
9305 3515 4350 766 
9306 3584 4558 684 
9307 1586 5182 4873 
9308 3087 5192 1632 
9309 1094 4667 2948 
9310 1019 4470 3024 
9311 3384 5117 416 
9312 3293 4083 447 
9313 2905 4960 660 
9314 551 5122 3221 
9315 4270 5161 2159 
9316 675 3981 3598 
9317 487 3963 3335 
9318 1715 4335 3770 
9319 2159 5161 2908 
9320 1424 4274 3193 
9321 1591 3908 3891 
9322 761 4445 3521 
9323 1715 3872 3742 
9324 475 4858 2958 
9325 1626 5256 3078 
9326 623 4133 3215 
9327 2911 5052 1020 
9328 1929 5208 3687 
9329 3048 5184 853 
9330 1937 4219 3597 
9331 3275 4407 1637 
9332 1758 5117 3384 
9333 455 4141 3287 
9334 1212 4909 3690 
9335 1976 4713 4087 
9336 474 5032 4919 
9337 4243 4317 604 
9338 2977 4724 1928 
9339 3715 4185 793 
9340 1725 4790 2941 
9341 738 4716 3850 
9342 4239 5116 1916 
9343 3653 3792 1407 
9344 3687 5208 1406 
9345 649 4213 3373 
9346 522 5017 4292 
9347 3607 3866 2333 
9348 3756 3935 1479 
9349 1036 5199 4240 
9350 3066 4388 1686 
9351 3154 4242 1560 
9352 1086 5132 3098 
9353 1995 4443 4421 
9354 1526 3935 3756 
9355 3071 4901 1365 
9356 1997 4569 3107 
9357 1139 4183 3774 
9358 1067 4741 2952 
9359 2999 4812 391 
9360 3001 4634 688 
9361 1614 4293 4014 
9362 3683 4204 1265 
9363 3781 4902 407 
9364 1844 4312 3793 
9365 600 5110 2949 
9366 1365 4874 3071 
9367 3741 3763 2200 
9368 2988 5190 1118 
9369 3082 5095 1344 
9370 3407 4923 1227 
9371 1484 4989 4962 
9372 3524 4486 715 
9373 1409 4280 4201 
9374 978 4962 2910 
9375 3231 4124 1361 
9376 3423 5027 2309 
9377 723 4130 3236 
9378 655 4887 3006 
9379 2969 4761 1384 
9380 1366 4742 3143 
9381 789 4569 4544 
9382 1478 4600 3207 
9383 1419 4788 2956 
9384 3426 3905 674 
9385 437 4078 3242 
9386 1818 4545 3507 
9387 3065 4445 1594 
9388 1318 4933 2929 
9389 3226 4166 1155 
9390 2943 4861 1685 
9391 4201 4280 1829 
9392 3102 4636 1381 
9393 3683 4763 1791 
9394 3441 3967 1238 
9395 3576 4041 493 
9396 3600 3797 1192 
9397 3078 5256 410 
9398 3273 5122 551 
9399 3891 3908 1378 
9400 1693 4320 3163 
9401 469 4685 3497 
9402 3277 4098 675 
9403 886 5027 2961 
9404 2937 5283 548 
9405 4096 5227 1521 
9406 1078 4318 3221 
9407 1137 4563 3047 
9408 2958 4858 1491 
9409 3537 3926 568 
9410 2968 5004 759 
9411 811 4134 3809 
9412 1754 4269 3624 
9413 3193 4274 789 
9414 1265 4522 3186 
9415 3793 4312 1230 
9416 3361 4113 1201 
9417 3296 4556 1368 
9418 636 4826 3038 
9419 1269 5075 3228 
9420 688 4740 3001 
9421 789 4544 3193 
9422 2952 4851 1280 
9423 721 3866 3607 
9424 1384 4928 3755 
9425 1535 4879 4434 
9426 1303 4279 3151 
9427 274 4856 3561 
9428 1030 4804 4614 
9429 3865 4247 1430 
9430 1892 4892 3585 
9431 2910 4989 642 
9432 1901 4453 4331 
9433 1817 4532 3220 
9434 3038 4826 1499 
9435 670 4190 3332 
9436 642 4989 3039 
9437 673 5294 3834 
9438 430 5039 2922 
9439 782 4912 2962 
9440 3185 4870 2224 
9441 3193 4544 1478 
9442 1444 5004 2968 
9443 1199 4530 3067 
9444 3220 4532 2017 
9445 1417 4094 4055 
9446 2956 4788 648 
9447 3292 4306 609 
9448 1367 4812 2999 
9449 3387 4991 2429 
9450 1421 5136 3023 
9451 3826 3956 1722 
9452 3862 5216 817 
9453 1213 3763 3741 
9454 3105 5029 687 
9455 766 4805 3515 
9456 3207 4600 661 
9457 3294 4738 1818 
9458 1282 4222 3907 
9459 464 4616 3036 
9460 3919 4167 651 
9461 788 4757 3172 
9462 1803 4577 3488 
9463 4520 4612 1455 
9464 3006 4887 1535 
9465 239 4866 2990 
9466 1573 5052 4226 
9467 4331 4453 1599 
9468 4055 4094 1670 
9469 3221 4318 1425 
9470 1183 5159 4085 
9471 1745 3926 3537 
9472 2472 4238 4132 
9473 1499 4969 4069 
9474 3940 4205 996 
9475 1769 5293 3588 
9476 1469 4272 4112 
9477 4614 4804 2211 
9478 2932 5158 1773 
9479 3213 4273 1588 
9480 3624 4269 447 
9481 4794 4941 409 
9482 733 4976 3209 
9483 658 4934 3113 
9484 3251 5012 1362 
9485 3274 5295 2679 
9486 754 4698 4504 
9487 1492 4347 3561 
9488 3454 4292 1956 
9489 4434 4879 2155 
9490 2185 5139 2937 
9491 3280 4208 1251 
9492 3172 4757 1530 
9493 3125 4408 724 
9494 3561 4856 1760 
9495 4947 5066 2045 
9496 1773 4629 4616 
9497 1715 4843 4335 
9498 1589 5029 3105 
9499 853 4748 3048 
9500 1454 4589 4080 
9501 3370 4402 1388 
9502 1629 4741 3250 
9503 1029 4910 3083 
9504 3667 4699 1823 
9505 1530 5191 3172 
9506 3691 4768 1379 
9507 3515 4805 1714 
9508 1384 5141 2969 
9509 4132 4238 779 
9510 3581 4717 1197 
9511 3213 4949 643 
9512 935 4200 3304 
9513 663 4464 3160 
9514 3143 4448 1093 
9515 1152 5143 3496 
9516 3204 4376 41 
9517 3578 5267 1809 
9518 3332 4190 1353 
9519 1093 4302 3255 
9520 1435 4326 3217 
9521 1766 5211 3446 
9522 767 5281 3548 
9523 3266 5103 393 
9524 3103 4457 1427 
9525 3496 5143 1784 
9526 2372 5267 3578 
9527 3436 4057 1525 
9528 4319 4465 991 
9529 4267 4907 1725 
9530 2326 4941 4794 
9531 1692 5216 2938 
9532 1408 4780 3062 
9533 1825 4330 4318 
9534 5218 5284 1579 
9535 643 4389 3213 
9536 1463 4486 4344 
9537 587 4639 3091 
9538 1433 4570 3096 
9539 1444 4855 4082 
9540 1775 4382 3971 
9541 1594 5288 3065 
9542 3375 4343 2081 
9543 4953 5275 2363 
9544 3440 4695 1239 
9545 3446 5211 1038 
9546 1883 5130 3018 
9547 1588 4949 3213 
9548 3727 5169 1604 
9549 1521 5227 4559 
9550 3083 4910 1531 
9551 757 4531 3092 
9552 1431 4746 3069 
9553 1714 4805 3837 
9554 1673 4205 3940 
9555 3065 5288 415 
9556 1701 4992 4273 
9557 2038 4756 3200 
9558 3107 4569 1957 
9559 806 4940 2977 
9560 3837 4805 1981 
9561 3302 4230 475 
9562 3408 4943 2025 
9563 2687 5232 3274 
9564 3675 4168 1268 
9565 3073 5219 1447 
9566 2270 5256 4512 
9567 497 4724 3423 
9568 3038 4985 1517 
9569 1150 4920 3045 
9570 1943 4225 3530 
9571 3596 4631 2305 
9572 1297 4095 3688 
9573 3960 5243 1391 
9574 3250 4741 1067 
9575 1908 4465 4319 
9576 4512 5256 1626 
9577 842 5183 3158 
9578 3054 4736 84 
9579 3604 5032 474 
9580 3856 4999 1239 
9581 1834 5302 3592 
9582 3180 4507 632 
9583 1539 4168 3675 
9584 752 4636 3102 
9585 1698 4904 3504 
9586 3548 5281 1881 
9587 1164 4801 3085 
9588 3017 4984 211 
9589 538 4631 3596 
9590 3893 4840 1432 
9591 3504 4904 498 
9592 819 4911 3033 
9593 4723 5058 1572 
9594 3598 3981 1396 
9595 2057 4214 3632 
9596 438 4915 3461 
9597 3045 4920 1477 
9598 877 4691 4601 
9599 3373 4213 1625 
9600 447 4269 3293 
9601 1252 4295 3532 
9602 1523 4916 4481 
9603 795 4950 3024 
9604 666 4436 3592 
9605 4601 4691 2102 
9606 1663 5103 3266 
9607 1396 4645 3682 
9608 4318 4330 1425 
9609 3276 4399 1414 
9610 745 4662 4066 
9611 3618 4179 1256 
9612 1320 5275 4953 
9613 3402 5078 1086 
9614 461 4286 3312 
9615 3690 3923 1212 
9616 456 4153 3397 
9617 3193 4596 1424 
9618 3622 5196 1240 
9619 3157 4583 356 
9620 3530 4225 717 
9621 3643 5072 1558 
9622 1704 4852 3580 
9623 3096 4570 668 
9624 3023 5136 697 
9625 462 4399 3276 
9626 685 4821 3093 
9627 1426 4720 4150 
9628 3308 4874 1365 
9629 1525 4122 3930 
9630 3271 5133 1119 
9631 1928 5000 3964 
9632 1897 4366 3386 
9633 1060 4901 3071 
9634 3592 5302 1207 
9635 3071 4874 591 
9636 1824 5072 3643 
9637 3975 4055 1670 
9638 3632 4214 1157 
9639 428 5220 4739 
9640 3312 4692 461 
9641 3964 5000 1041 
9642 3214 4543 1210 
9643 1390 5039 3152 
9644 3033 5168 1942 
9645 3329 5018 2376 
9646 3225 4509 555 
9647 4125 5204 1022 
9648 3549 4262 1958 
9649 3352 4495 394 
9650 852 4958 3211 
9651 1428 4377 3322 
9652 1340 4420 3353 
9653 3336 5231 1304 
9654 3143 4742 764 
9655 771 4774 4277 
9656 3483 4135 1385 
9657 3455 5179 479 
9658 776 4055 3975 
9659 1076 4647 3137 
9660 3607 4557 721 
9661 4383 4525 1911 
9662 4344 4486 1804 
9663 2164 4895 3243 
9664 3130 4806 1466 
9665 4395 5167 2169 
9666 1445 4212 3463 
9667 4003 4832 1480 
9668 1422 4440 3346 
9669 495 4525 4383 
9670 1407 4603 3653 
9671 1954 4917 3347 
9672 639 4817 3110 
9673 1792 4718 3655 
9674 3963 4400 1868 
9675 617 4398 3447 
9676 4035 4082 1639 
9677 677 4753 3792 
9678 3069 5098 1569 
9679 3245 5091 387 
9680 1430 4262 3645 
9681 3163 4774 1693 
9682 656 4859 3072 
9683 3498 4773 1570 
9684 748 4512 3674 
9685 1061 4720 3634 
9686 3172 4578 1405 
9687 701 5277 3059 
9688 3142 5020 564 
9689 3051 4978 1810 
9690 1730 4430 3278 
9691 3666 4947 2045 
9692 3069 5217 542 
9693 3243 4895 2124 
9694 1243 4929 3640 
9695 1082 4612 3181 
9696 1444 4082 4035 
9697 1682 4823 3119 
9698 1562 4120 3900 
9699 2447 4621 4244 
9700 3532 4944 1252 
9701 4592 5266 3373 
9702 3178 4704 1159 
9703 727 5167 4395 
9704 4739 5220 2361 
9705 1380 5184 3048 
9706 1670 4308 3975 
9707 1376 5287 3190 
9708 737 4262 3549 
9709 3200 4756 2109 
9710 1456 4914 3792 
9711 403 4535 3760 
9712 1403 4571 3429 
9713 687 5084 3896 
9714 3838 5242 2401 
9715 3170 4609 1347 
9716 1153 4852 3606 
9717 1766 5179 3455 
9718 1349 3956 3826 
9719 4675 4690 725 
9720 3906 3965 1367 
9721 1208 5054 3080 
9722 657 5241 3083 
9723 4828 5279 3489 
9724 3593 5255 1536 
9725 1438 4329 3413 
9726 1606 5083 3321 
9727 1569 5217 3069 
9728 1933 5269 4864 
9729 3396 4290 1209 
9730 4013 4288 1664 
9731 353 4402 3370 
9732 1795 4694 4172 
9733 1652 5205 3029 
9734 1492 4071 3939 
9735 3455 4440 1422 
9736 715 4486 4105 
9737 778 4661 3191 
9738 1398 5189 3642 
9739 1163 4556 3296 
9740 2101 4690 4675 
9741 3722 4051 1723 
9742 413 4288 4013 
9743 3400 4980 817 
9744 4767 4815 1557 
9745 3760 4535 1660 
9746 4442 5083 1606 
9747 3468 5215 2169 
9748 4092 4390 2307 
9749 625 4520 3325 
9750 4532 4676 2017 
9751 3900 4120 516 
9752 3132 4819 1074 
9753 3282 4552 1370 
9754 805 4517 3489 
9755 526 4676 4532 
9756 3606 4852 1704 
9757 1690 4650 4586 
9758 1610 5298 3057 
9759 3413 4329 545 
9760 1980 4896 3120 
9761 3674 4512 1626 
9762 4981 5063 801 
9763 4230 4684 475 
9764 1447 5219 3196 
9765 1732 4265 4261 
9766 1565 4292 3454 
9767 3154 5153 509 
9768 1735 3965 3906 
9769 3056 5275 1320 
9770 3382 4416 678 
9771 483 4431 3338 
9772 1410 4611 3301 
9773 1608 5296 4682 
9774 3869 4680 1431 
9775 4644 4879 875 
9776 2194 4815 4767 
9777 3321 5083 681 
9778 9 4401 3412 
9779 1042 4977 3108 
9780 4586 4650 2049 
9781 4069 4814 804 
9782 3489 4517 1543 
9783 3473 4283 1772 
9784 1471 4167 3587 
9785 4261 4265 1482 
9786 1619 5078 3402 
9787 1419 5091 3245 
9788 1412 4651 3629 
9789 3617 5025 1450 
9790 1432 4271 3505 
9791 1560 5153 3154 
9792 455 5270 3124 
9793 3928 5089 2267 
9794 2153 5083 4442 
9795 1021 4541 3847 
9796 1525 4297 4122 
9797 3505 4271 777 
9798 2155 4644 3525 
9799 3105 4995 1589 
9800 3098 5132 1355 
9801 4117 4282 513 
9802 4170 5205 820 
9803 3456 4324 713 
9804 3921 4686 868 
9805 1261 4419 3424 
9806 746 4452 3415 
9807 474 4919 3186 
9808 1994 4957 4241 
9809 3108 4977 1519 
9810 4481 4916 1963 
9811 459 4730 3472 
9812 4241 4957 1678 
9813 2019 5030 3679 
9814 829 4764 3233 
9815 2155 4879 4644 
9816 4196 5297 796 
9817 2918 5187 4604 
9818 4156 4615 2335 
9819 3140 4869 556 
9820 1889 4814 4069 
9821 3235 5298 1610 
9822 3739 5285 266 
9823 544 4057 3836 
9824 1420 4320 4117 
9825 4668 4710 679 
9826 1873 4870 3185 
9827 3356 4511 689 
9828 1752 4686 3921 
9829 1578 5037 3153 
9830 1119 5133 3457 
9831 3315 4775 1505 
9832 743 5087 3682 
9833 3171 4846 1645 
9834 730 5298 3235 
9835 4117 4320 1693 
9836 3668 5170 485 
9837 2086 4710 4668 
9838 4271 4840 1781 
9839 3595 4469 791 
9840 3263 4683 1095 
9841 1601 5156 4086 
9842 4936 5103 2127 
9843 3959 5296 735 
9844 1392 4692 3312 
9845 1412 5087 4651 
9846 3997 4983 729 
9847 1439 5006 3463 
9848 3256 5182 1586 
9849 1916 4991 3387 
9850 1141 5152 3121 
9851 1791 4204 3683 
9852 3890 4060 1271 
9853 3447 4398 1457 
9854 1673 4810 4205 
9855 4115 4320 1420 
9856 3212 4981 801 
9857 3766 4268 1542 
9858 479 4440 3455 
9859 1693 4282 4117 
9860 3196 5169 1064 
9861 1974 4060 3890 
9862 665 5218 3174 
9863 3719 4913 2410 
9864 1399 4169 3752 
9865 441 5304 3135 
9866 3774 4183 2002 
9867 3354 5049 458 
9868 166 4268 3766 
9869 485 5176 3275 
9870 2147 5125 4475 
9871 4358 5252 2125 
9872 1624 5104 3449 
9873 1713 4305 4079 
9874 2014 5148 4234 
9875 3720 4375 1488 
9876 632 5221 3180 
9877 3553 4442 1109 
9878 2112 5073 3552 
9879 4350 4582 1558 
9880 3534 4430 532 
9881 4463 4771 1963 
9882 1881 4306 3548 
9883 2603 4554 3768 
9884 1564 4878 3237 
9885 524 5252 4358 
9886 3225 4920 1150 
9887 3809 4134 1441 
9888 1529 4415 4250 
9889 1732 4261 4185 
9890 1325 4639 3945 
9891 1283 4956 3505 
9892 4252 5213 1575 
9893 4052 4838 1494 
9894 1085 5182 3256 
9895 3155 5258 1091 
9896 3318 4764 2164 
9897 1967 4524 3422 
9898 1131 4592 3373 
9899 1984 5296 3959 
9900 3651 4869 1712 
9901 1895 4776 4288 
9902 3384 5121 1462 
9903 3932 4505 878 
9904 1873 4582 4350 
9905 457 4737 3279 
9906 1933 4864 4213 
9907 3587 4732 1471 
9908 3939 4071 695 
9909 1424 4596 3816 
9910 3712 4561 1289 
9911 2153 4442 3553 
9912 3845 4229 716 
9913 1716 4771 4463 
9914 3645 4262 737 
9915 4234 5148 518 
9916 3987 4635 667 
9917 1811 5206 3737 
9918 3737 5206 926 
9919 850 4697 3985 
9920 481 4885 3333 
9921 2441 5026 3450 
9922 1662 4505 3932 
9923 1801 5171 4346 
9924 1074 4819 3321 
9925 445 4978 3609 
9926 3333 4885 1548 
9927 3179 5166 537 
9928 3449 5104 1256 
9929 3985 4697 1758 
9930 3930 4122 1555 
9931 564 5012 3251 
9932 4288 4776 1664 
9933 3714 4862 2263 
9934 4185 4261 793 
9935 1206 4952 3270 
9936 3520 4693 1457 
9937 3798 5069 2034 
9938 556 4869 3651 
9939 1741 4635 3987 
9940 2621 4391 4381 
9941 846 4773 3498 
9942 4043 4328 894 
9943 4381 4391 1332 
9944 1503 4365 3641 
9945 1315 4223 3836 
9946 3321 4819 1606 
9947 712 5085 3330 
9948 3586 5300 856 
9949 1210 5228 3214 
9950 172 4482 3957 
9951 3957 4483 171 
9952 1586 4873 3268 
9953 1253 4189 4101 
9954 3684 4322 700 
9955 4250 4415 1764 
9956 1614 5174 5140 
9957 3196 5219 620 
9958 1450 5025 3917 
9959 489 4584 3435 
9960 399 5068 3267 
9961 4101 4189 2502 
9962 1965 4203 3881 
9963 4185 4501 1732 
9964 3592 4436 1834 
9965 3871 4629 1773 
9966 3429 4571 119 
9967 1126 5175 3366 
9968 3420 4688 1436 
9969 643 4949 3259 
9970 1370 4766 3512 
9971 3632 4791 463 
9972 1804 4486 3524 
9973 1052 5284 3199 
9974 592 4202 3885 
9975 1192 4405 3600 
9976 1260 4939 3276 
9977 312 5060 3307 
9978 1733 4704 4416 
9979 4456 4514 2657 
9980 1039 4285 3745 
9981 4449 4533 1494 
9982 1851 5122 3273 
9983 4096 4542 830 
9984 3309 4890 874 
9985 829 4895 4764 
9986 1383 4883 3461 
9987 833 4943 3324 
9988 1463 4469 3595 
9989 718 4247 3865 
9990 1857 4533 4449 
9991 4534 5080 1699 
9992 727 4375 3720 
9993 4276 4843 864 
9994 3349 4892 390 
9995 1359 4514 4456 
9996 4094 5161 858 
9997 3275 5176 1440 
9998 386 4891 3615 
9999 1231 4629 3487 
10000 112 4565 3492 
10001 3262 5182 1085 
10002 3770 4335 678 
10003 1146 5145 3233 
10004 1292 4787 4007 
10005 5238 5286 2446 
10006 4834 5262 1675 
10007 1493 5188 3689 
10008 4674 4726 2017 
10009 654 4527 3570 
10010 3348 5300 1538 
10011 812 4726 4674 
10012 3783 5263 2643 
10013 4764 4895 2164 
10014 4227 5248 2070 
10015 1680 4996 4527 
10016 3269 5225 396 
10017 4614 4646 1030 
10018 1406 5133 3271 
10019 1876 5123 3508 
10020 1723 5286 5238 
10021 3572 4535 403 
10022 81 4693 3520 
10023 3394 4820 930 
10024 454 5248 4227 
10025 3615 4891 1640 
10026 3508 5123 2595 
10027 3306 5249 441 
10028 656 5101 3327 
10029 3388 4940 2084 
10030 1208 5171 3832 
10031 3274 5232 1847 
10032 4048 4314 1551 
10033 2172 5145 3944 
10034 1731 5036 3302 
10035 3877 4274 1424 
10036 3707 4397 1454 
10037 3306 5124 1541 
10038 1285 4373 3788 
10039 4232 5189 1398 
10040 1344 5095 3748 
10041 1564 4525 3740 
10042 3488 4817 639 
10043 3442 4768 2525 
10044 3740 4525 495 
10045 4310 5014 1549 
10046 1737 4862 3714 
10047 3944 5145 1146 
10048 1944 4646 4614 
10049 3497 4685 1357 
10050 1505 4775 3567 
10051 4511 4878 689 
10052 893 4759 3477 
10053 1806 4827 3688 
10054 1847 5295 3274 
10055 3505 4956 1432 
10056 3459 5175 1126 
10057 2805 4983 3997 
10058 4544 4600 1478 
10059 441 5124 3306 
10060 3543 4594 1433 
10061 4072 4909 1212 
10062 3641 5033 1503 
10063 4015 4655 1954 
10064 3330 5085 1496 
10065 393 5103 4936 
10066 3832 5171 1801 
10067 4146 4157 1489 
10068 917 4708 3707 
10069 1079 5127 3316 
10070 814 5071 4355 
10071 1259 4860 3852 
10072 1976 4754 4380 
10073 3555 4781 1998 
10074 1844 4909 4072 
10075 3339 5138 1855 
10076 3699 5278 798 
10077 1513 5249 3306 
10078 5140 5174 2233 
10079 3644 4965 251 
10080 4646 4672 1522 
10081 3345 5210 477 
10082 1997 4600 4544 
10083 3707 4708 1604 
10084 4919 5032 1879 
10085 2203 4944 3369 
10086 648 4788 3443 
10087 3629 4651 496 
10088 3929 5146 472 
10089 883 5028 4617 
10090 3347 5030 1270 
10091 3477 4759 1563 
10092 2061 5135 3744 
10093 1308 4637 3966 
10094 2220 5106 3801 
10095 1735 4157 4146 
10096 4789 5148 2014 
10097 189 4568 4020 
10098 1944 4672 4646 
10099 1778 5278 3699 
10100 1776 5066 4947 
10101 3550 4677 752 
10102 1386 4387 3855 
10103 1723 5238 3722 
10104 3984 4978 445 
10105 1513 4817 3488 
10106 270 4590 3696 
10107 3755 4488 1384 
10108 1083 5138 3339 
10109 3478 4882 676 
10110 3653 4603 755 
10111 4479 5165 1726 
10112 3333 5193 1900 
10113 4682 5296 1984 
10114 3498 5289 2183 
10115 1903 4719 4194 
10116 815 4732 3587 
10117 2094 4717 3581 
10118 1543 4828 3489 
10119 3975 4308 1528 
10120 3458 4958 2260 
10121 1744 4837 4795 
10122 416 5121 3384 
10123 1555 4466 3930 
10124 4194 4719 995 
10125 3768 4554 742 
10126 2686 5159 3913 
10127 459 5212 3742 
10128 4356 4671 1985 
10129 1978 4605 3681 
10130 1457 4886 3447 
10131 3461 4915 1383 
10132 1833 5089 3928 
10133 5051 5230 1648 
10134 3722 5238 764 
10135 3749 4916 1523 
10136 4357 4585 1783 
10137 1167 4930 3481 
10138 2322 5289 3498 
10139 1810 4978 3984 
10140 3567 4775 905 
10141 4105 4486 1463 
10142 3971 4382 647 
10143 1589 4995 3519 
10144 4079 4305 1511 
10145 5088 5226 1700 
10146 1504 5235 3731 
10147 3945 4639 2474 
10148 1621 5118 3448 
10149 751 4971 4560 
10150 456 4314 4048 
10151 487 4400 3963 
10152 3519 4995 805 
10153 3534 5230 1207 
10154 1611 4585 4357 
10155 3450 5026 1829 
10156 4335 4843 1534 
10157 3463 5006 626 
10158 3682 4645 743 
10159 3742 5212 1749 
10160 1488 4617 3720 
10161 3395 5208 488 
10162 1354 4709 3812 
10163 3352 5269 1933 
10164 3913 5159 1183 
10165 4122 4297 753 
10166 3383 5192 711 
10167 3925 4789 2014 
10168 4651 5087 1948 
10169 1713 4998 4305 
10170 1239 4999 3440 
10171 1560 4328 4043 
10172 1808 4498 4050 
10173 2102 5154 4601 
10174 4485 4539 1401 
10175 2327 4539 4485 
10176 4560 4971 2001 
10177 3662 4801 1164 
10178 3634 4720 1426 
10179 926 5009 3737 
10180 4808 5195 2300 
10181 3930 4466 747 
10182 3737 5009 1656 
10183 820 5205 3568 
10184 1548 4885 3519 
10185 337 4454 3962 
10186 1538 5300 3586 
10187 4773 4811 1570 
10188 1673 5175 3459 
10189 4403 4837 1744 
10190 3847 4541 1474 
10191 1648 5230 3534 
10192 217 5112 3750 
10193 484 5195 4808 
10194 4015 4777 1553 
10195 4056 4956 1283 
10196 4085 5159 1719 
10197 3568 5205 1652 
10198 369 4701 3738 
10199 2024 4811 4773 
10200 3750 5112 1739 
10201 3957 4482 1514 
10202 1514 4483 3957 
10203 4303 5215 1970 
10204 3668 4780 1408 
10205 4350 5072 766 
10206 4050 4498 1135 
10207 833 5215 4303 
10208 3711 5277 701 
10209 4508 4758 2436 
10210 1709 5022 4702 
10211 4367 4476 2160 
10212 1328 4446 4029 
10213 4702 5022 2073 
10214 3962 4454 1593 
10215 1970 5215 3468 
10216 402 4855 3911 
10217 907 5056 4339 
10218 589 4942 4818 
10219 467 4390 4092 
10220 1471 4732 4248 
10221 921 4768 3691 
10222 2165 4801 3662 
10223 3484 5138 1083 
10224 2363 5275 3614 
10225 1738 5277 3711 
10226 4248 4732 2043 
10227 1761 4872 3695 
10228 1800 4928 4761 
10229 3682 5087 1412 
10230 3541 4963 781 
10231 382 4969 4073 
10232 4339 5056 1894 
10233 4818 4942 2098 
10234 1347 5032 3604 
10235 3516 5171 1208 
10236 3792 4753 1407 
10237 1997 5033 4600 
10238 195 4540 4154 
10239 1583 5114 3584 
10240 4346 4648 1801 
10241 1857 4993 4327 
10242 3888 4970 2168 
10243 683 5119 3562 
10244 4259 5043 1509 
10245 3739 4783 1461 
10246 3562 5119 1600 
10247 4025 4619 653 
10248 4273 4992 747 
10249 3796 5173 851 
10250 3711 4899 1277 
10251 3704 5157 659 
10252 4600 5033 661 
10253 4536 4889 1756 
10254 2525 5025 3617 
10255 1509 5043 4278 
10256 3695 4872 699 
10257 4948 5083 2153 
10258 628 4986 3679 
10259 681 5083 4948 
10260 1989 4950 4663 
10261 3584 5114 1195 
10262 4327 4993 803 
10263 666 5051 3639 
10264 4903 5173 2171 
10265 4663 4950 795 
10266 4020 4568 1544 
10267 677 4897 3693 
10268 661 5033 3641 
10269 821 5069 4188 
10270 1651 5167 3720 
10271 851 5173 4903 
10272 4154 4528 194 
10273 1671 4965 3644 
10274 1708 5173 3796 
10275 4686 5273 1974 
10276 1521 4542 4096 
10277 1765 5148 4789 
10278 4331 5197 229 
10279 3720 5167 727 
10280 4940 5100 2084 
10281 1907 4889 4536 
10282 3568 5065 1562 
10283 3686 4921 1451 
10284 1634 4670 4546 
10285 1600 5185 3562 
10286 4250 4934 658 
10287 3872 4730 459 
10288 3674 5035 748 
10289 1712 4648 4346 
10290 3608 5195 484 
10291 4422 4564 1699 
10292 4148 5213 893 
10293 4581 5006 1439 
10294 1609 4528 4154 
10295 788 4947 3666 
10296 763 4913 3719 
10297 4576 4624 2319 
10298 1620 5195 3608 
10299 4864 5269 836 
10300 1655 4932 4782 
10301 4750 4795 844 
10302 411 4916 3749 
10303 1584 4501 4185 
10304 4678 4680 2763 
10305 758 5202 4945 
10306 4782 4932 2015 
10307 4332 4812 2907 
10308 3622 5135 562 
10309 1607 5292 3602 
10310 1408 5170 3668 
10311 4154 4540 1609 
10312 4474 4705 925 
10313 3755 4928 603 
10314 3576 5226 1218 
10315 4103 4760 1362 
10316 1814 4705 4474 
10317 4188 5069 1858 
10318 1628 4737 3952 
10319 3824 5229 482 
10320 4411 5044 1864 
10321 1956 4795 4750 
10322 4945 5202 2195 
10323 3765 4876 2156 
10324 1832 4760 4103 
10325 4546 4670 1842 
10326 3952 4737 457 
10327 4080 4589 1904 
10328 3852 4860 2011 
10329 1449 4624 4576 
10330 1431 4680 4678 
10331 1260 4789 3925 
10332 1432 5099 3893 
10333 4542 5228 1985 
10334 1730 4628 4430 
10335 3792 4914 677 
10336 1207 5230 3592 
10337 4054 5222 323 
10338 3172 5191 4578 
10339 3642 5189 912 
10340 3602 5292 384 
10341 1416 4615 4156 
10342 4195 5296 1608 
10343 1517 5187 3725 
10344 1553 4777 4480 
10345 558 4840 3893 
10346 2560 4661 4206 
10347 1502 4555 4521 
10348 1613 5234 3676 
10349 3697 5088 696 
10350 3689 5188 762 
10351 698 4591 4346 
10352 1706 5229 3824 
10353 1308 5255 3593 
10354 472 5146 3685 
10355 3749 5041 1686 
10356 1446 4476 4367 
10357 3917 5025 921 
10358 1953 5190 3676 
10359 4461 5286 872 
10360 1005 5239 4725 
10361 1596 5157 3704 
10362 4430 4628 532 
10363 806 5100 4940 
10364 4346 4591 1712 
10365 3764 5071 1711 
10366 1911 4525 4516 
10367 1942 5144 3700 
10368 1108 5140 4102 
10369 496 4651 4296 
10370 4516 4525 1564 
10371 3676 5234 490 
10372 4206 4661 778 
10373 391 4812 4332 
10374 3933 4827 792 
10375 4244 4621 1386 
10376 4007 4787 2350 
10377 4477 4559 2072 
10378 4521 4555 2083 
10379 3801 5106 779 
10380 2446 5286 4461 
10381 4278 5043 810 
10382 1998 4523 4517 
10383 4037 4894 2252 
10384 3939 4935 1492 
10385 1858 5069 3798 
10386 1914 5117 4697 
10387 4176 4727 1067 
10388 4172 4694 1571 
10389 492 4777 4015 
10390 3731 5235 47 
10391 4725 5239 2094 
10392 491 4970 3888 
10393 912 5074 4039 
10394 2303 5090 3786 
10395 4462 4549 1537 
10396 1118 5190 4515 
10397 91 5149 3788 
10398 1003 4917 4655 
10399 4049 5179 2580 
10400 3788 5149 1813 
10401 4345 5044 1638 
10402 2171 5177 5105 
10403 1952 5020 3876 
10404 3782 5234 1613 
10405 3825 5128 2065 
10406 1996 4549 4462 
10407 4490 5063 1882 
10408 4517 4523 1543 
10409 1695 4564 4422 
10410 1687 4727 4176 
10411 4515 5190 1953 
10412 4039 5074 2117 
10413 5105 5177 535 
10414 4557 4654 721 
10415 4296 4651 1948 
10416 1521 4559 4477 
10417 1638 5044 4411 
10418 4474 5048 2133 
10419 3931 5216 1692 
10420 801 5063 4490 
10421 2017 4676 4674 
10422 1694 5285 3739 
10423 1681 4954 4630 
10424 405 4800 4106 
10425 4293 5140 1108 
10426 4674 4676 1578 
10427 1717 5263 3783 
10428 4305 4998 386 
10429 817 5216 3931 
10430 4064 5144 549 
10431 925 5048 4474 
10432 4325 5287 1376 
10433 3896 5084 1435 
10434 1935 4963 4208 
10435 4655 4917 1954 
10436 1541 4671 4356 
10437 3859 5204 1458 
10438 3931 4988 2085 
10439 1181 5042 4781 
10440 812 5041 4726 
10441 1789 4654 4557 
10442 1433 4594 4570 
10443 4545 4738 953 
10444 4318 5147 1825 
10445 4082 4855 402 
10446 4108 5268 2388 
10447 1078 5147 4318 
10448 4703 4936 2127 
10449 1640 5109 3932 
10450 3834 5294 1358 
10451 3860 5212 459 
10452 2504 4956 4056 
10453 2481 5016 4959 
10454 4781 5042 1998 
10455 1264 5262 3808 
10456 4205 4810 1667 
10457 2153 4966 4948 
10458 1740 4649 4625 
10459 866 5036 4138 
10460 4710 4722 1576 
10461 1781 5207 4271 
10462 4570 4594 2567 
10463 1371 5303 3842 
10464 4634 5258 1561 
10465 4271 5207 777 
10466 3946 5110 2388 
10467 4069 4969 1889 
10468 4959 5016 1546 
10469 1818 4738 4545 
10470 750 5180 3915 
10471 4625 4649 1770 
10472 4138 5036 1731 
10473 4046 4976 733 
10474 4948 4966 1616 
10475 2086 4722 4710 
10476 4795 4837 844 
10477 913 4994 4192 
10478 1963 4771 4481 
10479 4213 4864 1625 
10480 1614 5140 4293 
10481 1742 5250 5048 
10482 4380 4754 1559 
10483 1680 5102 4016 
10484 1534 4843 4276 
10485 5048 5250 2133 
10486 4665 4687 1527 
10487 4016 5102 979 
10488 386 4998 4891 
10489 4480 4777 2022 
10490 4891 4998 2010 
10491 2219 4687 4665 
10492 4388 5115 1686 
10493 2375 5189 4232 
10494 828 4807 4377 
10495 2500 5053 4342 
10496 1983 5243 3960 
10497 1725 4907 4841 
10498 4481 4771 770 
10499 1918 5227 4096 
10500 4009 5183 2175 
10501 4192 4994 1677 
10502 1721 4837 4403 
10503 4841 4907 1915 
10504 479 5179 4049 
10505 1472 4758 4508 
10506 1889 5246 4814 
10507 1764 4934 4250 
10508 4394 4822 1440 
10509 4362 5009 2489 
10510 5119 5156 2357 
10511 4043 5153 1560 
10512 683 5156 5119 
10513 4412 5024 937 
10514 4102 5140 2233 
10515 1956 5017 4795 
10516 4729 5058 2730 
10517 1904 5043 4259 
10518 1788 5024 4412 
10519 177 5014 4310 
10520 909 5055 4415 
10521 1458 5204 4125 
10522 1266 5268 4108 
10523 1618 5116 4239 
10524 1575 5213 4148 
10525 1656 5009 4362 
10526 4415 5055 1764 
10527 914 5044 4345 
10528 1995 4904 4863 
10529 2163 5225 4543 
10530 4342 5053 1668 
10531 1558 5072 4350 
10532 1805 5059 4908 
10533 4863 4904 1698 
10534 5173 5177 2171 
10535 835 5290 4689 
10536 4776 5064 753 
10537 1895 5064 4776 
10538 735 5296 4195 
10539 2505 5006 4581 
10540 1810 5126 4961 
10541 4406 5170 1408 
10542 1708 5177 5173 
10543 4746 5098 3069 
10544 1792 5107 4718 
10545 5229 5260 2211 
10546 797 5115 4388 
10547 2412 5096 5082 
10548 4689 5290 2259 
10549 2144 5150 4871 
10550 1612 4936 4703 
10551 5082 5096 1601 
10552 4630 4954 151 
10553 2243 5170 4406 
10554 1706 5260 5229 
10555 4961 5126 1988 
10556 1599 5197 4331 
10557 1490 5266 4592 
10558 4475 5125 1598 
10559 2344 5287 4325 
10560 2249 5236 4997 
10561 800 5276 4478 
10562 4905 5028 2223 
10563 969 5142 4670 
10564 4478 5276 1850 
10565 4670 5142 1842 
10566 946 5079 4796 
10567 4795 5017 1744 
10568 4536 5290 835 
10569 1572 5058 4729 
10570 4796 5079 1872 
10571 4601 5154 1633 
10572 4604 5187 1517 
10573 4718 5107 1040 
10574 2095 4967 4938 
10575 1900 5193 4880 
10576 4697 5117 1758 
10577 1496 5085 4884 
10578 813 5098 4746 
10579 1756 5290 4536 
10580 4880 5193 1051 
10581 4578 5191 691 
10582 4996 5155 2271 
10583 4559 5227 482 
10584 5244 5248 1832 
10585 4938 4967 1720 
10586 1651 5028 4905 
10587 4908 5059 794 
10588 2389 5245 5201 
10589 2070 5248 5244 
10590 4700 5278 2503 
10591 4884 5085 2790 
10592 4907 5299 1915 
10593 5094 5111 2368 
10594 1882 5063 5056 
10595 798 5278 4700 
10596 5201 5245 1669 
10597 4871 5150 1705 
10598 1752 5273 4686 
10599 1647 5111 5094 
10600 1105 5299 4907 
10601 2092 5206 5194 
10602 5194 5206 1811 
10603 5056 5063 1894 
10604 4814 5246 1871 
10605 1942 5168 5144 
10606 1680 5155 4996 
10607 4924 5270 455 
10608 5144 5168 549 
10609 669 5279 4828 
10610 2071 5270 4924 
10611 4997 5236 1707 
$EndElements
