# Time          2.0000E+01
 
 **************************************************************
 ------> GRID LOCATION:     1:  1:  1
 
  Temperature (C)    =     25.000
  Porosity           =      0.625
  Liquid Saturation  =      1.000
  Liquid Density     =    997.075
  Ionic Strength     =      0.016
  Solution pH        =      6.999
  Total Charge       =  9.944E-07
 
 Total Aqueous Concentrations of Primary Species 
 --------------------------------------- 
 
   Species              Molality       Type 
 H+                  -8.5807E-09     Aqueous      
 Ca++                 5.4098E-03     Aqueous      
 Na+                  1.4141E-04     Aqueous      
 Cl-                  1.0960E-02     Aqueous      
 
 Exchangers           Equiv/kgw        Equiv/g solid    Equiv/m^3 bulk
 X-                   1.4427E+00       9.2000E-04       8.9907E+02
 
 Total Concentrations in Exchange Sites 
 -------------------------------------- 
 
 Exchangers           Equiv/kgw        Equiv/g solid    Equiv/m^3 bulk
 Ca++                 7.2130E-01       4.5996E-04       4.4950E+02
 Na+                  1.2400E-03       7.9073E-07       7.7274E-01
 Cl-                  1.1119E-03       7.0903E-07       6.9290E-01
 
 Concentrations of Individual Species, Exchangers, and Surface Complexes 
 ----------------------------------------------------------------------- 
 
                           Log        Log                 Concentration     
 Species              Molality   Activity      Molality    Mol/m^3 blk  Type
  NaX                   -2.907     -3.066     1.240E-03     7.727E-01  Exchange
  CaX2                  -0.143     -0.001     7.202E-01     4.488E+02  Exchange
  CaClX                 -2.954     -3.113     1.112E-03     6.929E-01  Exchange
                           Log        Log                                 Activity
 Species              Molality   Activity      Molality      Activity   Coefficient    Type
  H+                    -6.951     -6.999     1.118E-07     1.003E-07     8.967E-01  Aqueous 
  Ca++                  -2.267     -2.476     5.402E-03     3.343E-03     6.189E-01  Aqueous 
  Na+                   -3.850     -3.905     1.414E-04     1.243E-04     8.793E-01  Aqueous 
  Cl-                   -1.960     -2.018     1.095E-02     9.585E-03     8.751E-01  Aqueous 
  OH-                   -6.942     -6.999     1.142E-07     1.002E-07     8.773E-01  Aqueous 
  CaOH+                 -8.205     -8.257     6.238E-09     5.533E-09     8.870E-01  Aqueous 
  NaOH(aq)             -11.707    -11.705     1.964E-12     1.971E-12     1.004E+00  Aqueous 
  CaCl+                 -5.139     -5.195     7.265E-06     6.388E-06     8.793E-01  Aqueous 
  CaCl2(aq)             -7.168     -7.166     6.796E-08     6.822E-08     1.004E+00  Aqueous 
 
  ****** Partial pressure of gases (bars) *****
 
 
  ***** Saturation state of minerals (log[Q/K] *****
 
 
 
  ***** Volum of minerals added or subtracted *****
 
 
 **************************************************************
 ------> GRID LOCATION:     2:  1:  1
 
  Temperature (C)    =     25.000
  Porosity           =      0.625
  Liquid Saturation  =      1.000
  Liquid Density     =    997.075
  Ionic Strength     =      0.016
  Solution pH        =      6.999
  Total Charge       =  9.944E-07
 
 Total Aqueous Concentrations of Primary Species 
 --------------------------------------- 
 
   Species              Molality       Type 
 H+                  -8.5807E-09     Aqueous      
 Ca++                 5.4101E-03     Aqueous      
 Na+                  1.4095E-04     Aqueous      
 Cl-                  1.0960E-02     Aqueous      
 
 Exchangers           Equiv/kgw        Equiv/g solid    Equiv/m^3 bulk
 X-                   1.4427E+00       9.2000E-04       8.9907E+02
 
 Total Concentrations in Exchange Sites 
 -------------------------------------- 
 
 Exchangers           Equiv/kgw        Equiv/g solid    Equiv/m^3 bulk
 Ca++                 7.2130E-01       4.5996E-04       4.4950E+02
 Na+                  1.2359E-03       7.8812E-07       7.7019E-01
 Cl-                  1.1119E-03       7.0905E-07       6.9292E-01
 
 Concentrations of Individual Species, Exchangers, and Surface Complexes 
 ----------------------------------------------------------------------- 
 
                           Log        Log                 Concentration     
 Species              Molality   Activity      Molality    Mol/m^3 blk  Type
  NaX                   -2.908     -3.067     1.236E-03     7.702E-01  Exchange
  CaX2                  -0.143     -0.001     7.202E-01     4.488E+02  Exchange
  CaClX                 -2.954     -3.113     1.112E-03     6.929E-01  Exchange
                           Log        Log                                 Activity
 Species              Molality   Activity      Molality      Activity   Coefficient    Type
  H+                    -6.951     -6.999     1.118E-07     1.003E-07     8.967E-01  Aqueous 
  Ca++                  -2.267     -2.476     5.403E-03     3.344E-03     6.189E-01  Aqueous 
  Na+                   -3.851     -3.907     1.410E-04     1.239E-04     8.793E-01  Aqueous 
  Cl-                   -1.960     -2.018     1.095E-02     9.585E-03     8.751E-01  Aqueous 
  OH-                   -6.942     -6.999     1.142E-07     1.002E-07     8.773E-01  Aqueous 
  CaOH+                 -8.205     -8.257     6.238E-09     5.533E-09     8.870E-01  Aqueous 
  NaOH(aq)             -11.708    -11.707     1.957E-12     1.965E-12     1.004E+00  Aqueous 
  CaCl+                 -5.139     -5.195     7.265E-06     6.389E-06     8.793E-01  Aqueous 
  CaCl2(aq)             -7.168     -7.166     6.796E-08     6.822E-08     1.004E+00  Aqueous 
 
  ****** Partial pressure of gases (bars) *****
 
 
  ***** Saturation state of minerals (log[Q/K] *****
 
 
 
  ***** Volum of minerals added or subtracted *****
 
 
 **************************************************************
 ------> GRID LOCATION:     3:  1:  1
 
  Temperature (C)    =     25.000
  Porosity           =      0.625
  Liquid Saturation  =      1.000
  Liquid Density     =    997.075
  Ionic Strength     =      0.016
  Solution pH        =      6.999
  Total Charge       =  9.944E-07
 
 Total Aqueous Concentrations of Primary Species 
 --------------------------------------- 
 
   Species              Molality       Type 
 H+                  -8.5807E-09     Aqueous      
 Ca++                 5.4113E-03     Aqueous      
 Na+                  1.3846E-04     Aqueous      
 Cl-                  1.0960E-02     Aqueous      
 
 Exchangers           Equiv/kgw        Equiv/g solid    Equiv/m^3 bulk
 X-                   1.4427E+00       9.2000E-04       8.9907E+02
 
 Total Concentrations in Exchange Sites 
 -------------------------------------- 
 
 Exchangers           Equiv/kgw        Equiv/g solid    Equiv/m^3 bulk
 Ca++                 7.2131E-01       4.5997E-04       4.4950E+02
 Na+                  1.2140E-03       7.7412E-07       7.5651E-01
 Cl-                  1.1120E-03       7.0913E-07       6.9299E-01
 
 Concentrations of Individual Species, Exchangers, and Surface Complexes 
 ----------------------------------------------------------------------- 
 
                           Log        Log                 Concentration     
 Species              Molality   Activity      Molality    Mol/m^3 blk  Type
  NaX                   -2.916     -3.075     1.214E-03     7.565E-01  Exchange
  CaX2                  -0.143     -0.001     7.202E-01     4.488E+02  Exchange
  CaClX                 -2.954     -3.113     1.112E-03     6.930E-01  Exchange
                           Log        Log                                 Activity
 Species              Molality   Activity      Molality      Activity   Coefficient    Type
  H+                    -6.951     -6.999     1.118E-07     1.003E-07     8.967E-01  Aqueous 
  Ca++                  -2.267     -2.476     5.404E-03     3.344E-03     6.189E-01  Aqueous 
  Na+                   -3.859     -3.915     1.385E-04     1.218E-04     8.793E-01  Aqueous 
  Cl-                   -1.960     -2.018     1.095E-02     9.585E-03     8.751E-01  Aqueous 
  OH-                   -6.942     -6.999     1.142E-07     1.002E-07     8.773E-01  Aqueous 
  CaOH+                 -8.205     -8.257     6.239E-09     5.534E-09     8.869E-01  Aqueous 
  NaOH(aq)             -11.716    -11.714     1.923E-12     1.930E-12     1.004E+00  Aqueous 
  CaCl+                 -5.139     -5.195     7.267E-06     6.390E-06     8.793E-01  Aqueous 
  CaCl2(aq)             -7.168     -7.166     6.798E-08     6.824E-08     1.004E+00  Aqueous 
 
  ****** Partial pressure of gases (bars) *****
 
 
  ***** Saturation state of minerals (log[Q/K] *****
 
 
 
  ***** Volum of minerals added or subtracted *****
 
 
 **************************************************************
 ------> GRID LOCATION:     4:  1:  1
 
  Temperature (C)    =     25.000
  Porosity           =      0.625
  Liquid Saturation  =      1.000
  Liquid Density     =    997.075
  Ionic Strength     =      0.016
  Solution pH        =      6.999
  Total Charge       =  9.944E-07
 
 Total Aqueous Concentrations of Primary Species 
 --------------------------------------- 
 
   Species              Molality       Type 
 H+                  -8.5807E-09     Aqueous      
 Ca++                 5.4148E-03     Aqueous      
 Na+                  1.3154E-04     Aqueous      
 Cl-                  1.0960E-02     Aqueous      
 
 Exchangers           Equiv/kgw        Equiv/g solid    Equiv/m^3 bulk
 X-                   1.4427E+00       9.2000E-04       8.9907E+02
 
 Total Concentrations in Exchange Sites 
 -------------------------------------- 
 
 Exchangers           Equiv/kgw        Equiv/g solid    Equiv/m^3 bulk
 Ca++                 7.2135E-01       4.5999E-04       4.4952E+02
 Na+                  1.1529E-03       7.3519E-07       7.1847E-01
 Cl-                  1.1124E-03       7.0935E-07       6.9321E-01
 
 Concentrations of Individual Species, Exchangers, and Surface Complexes 
 ----------------------------------------------------------------------- 
 
                           Log        Log                 Concentration     
 Species              Molality   Activity      Molality    Mol/m^3 blk  Type
  NaX                   -2.938     -3.097     1.153E-03     7.185E-01  Exchange
  CaX2                  -0.143     -0.001     7.202E-01     4.488E+02  Exchange
  CaClX                 -2.954     -3.113     1.112E-03     6.932E-01  Exchange
                           Log        Log                                 Activity
 Species              Molality   Activity      Molality      Activity   Coefficient    Type
  H+                    -6.951     -6.999     1.118E-07     1.003E-07     8.967E-01  Aqueous 
  Ca++                  -2.267     -2.475     5.407E-03     3.346E-03     6.188E-01  Aqueous 
  Na+                   -3.881     -3.937     1.315E-04     1.157E-04     8.793E-01  Aqueous 
  Cl-                   -1.960     -2.018     1.095E-02     9.585E-03     8.751E-01  Aqueous 
  OH-                   -6.942     -6.999     1.142E-07     1.002E-07     8.772E-01  Aqueous 
  CaOH+                 -8.205     -8.257     6.243E-09     5.537E-09     8.869E-01  Aqueous 
  NaOH(aq)             -11.738    -11.737     1.827E-12     1.833E-12     1.004E+00  Aqueous 
  CaCl+                 -5.138     -5.194     7.271E-06     6.394E-06     8.793E-01  Aqueous 
  CaCl2(aq)             -7.167     -7.166     6.802E-08     6.828E-08     1.004E+00  Aqueous 
 
  ****** Partial pressure of gases (bars) *****
 
 
  ***** Saturation state of minerals (log[Q/K] *****
 
 
 
  ***** Volum of minerals added or subtracted *****
 
 
 **************************************************************
 ------> GRID LOCATION:     5:  1:  1
 
  Temperature (C)    =     25.000
  Porosity           =      0.625
  Liquid Saturation  =      1.000
  Liquid Density     =    997.075
  Ionic Strength     =      0.016
  Solution pH        =      6.999
  Total Charge       =  9.944E-07
 
 Total Aqueous Concentrations of Primary Species 
 --------------------------------------- 
 
   Species              Molality       Type 
 H+                  -8.5807E-09     Aqueous      
 Ca++                 5.4214E-03     Aqueous      
 Na+                  1.1842E-04     Aqueous      
 Cl-                  1.0960E-02     Aqueous      
 
 Exchangers           Equiv/kgw        Equiv/g solid    Equiv/m^3 bulk
 X-                   1.4427E+00       9.2000E-04       8.9907E+02
 
 Total Concentrations in Exchange Sites 
 -------------------------------------- 
 
 Exchangers           Equiv/kgw        Equiv/g solid    Equiv/m^3 bulk
 Ca++                 7.2140E-01       4.6002E-04       4.4956E+02
 Na+                  1.0374E-03       6.6150E-07       6.4645E-01
 Cl-                  1.1130E-03       7.0977E-07       6.9362E-01
 
 Concentrations of Individual Species, Exchangers, and Surface Complexes 
 ----------------------------------------------------------------------- 
 
                           Log        Log                 Concentration     
 Species              Molality   Activity      Molality    Mol/m^3 blk  Type
  NaX                   -2.984     -3.143     1.037E-03     6.464E-01  Exchange
  CaX2                  -0.142     -0.001     7.203E-01     4.489E+02  Exchange
  CaClX                 -2.953     -3.113     1.113E-03     6.936E-01  Exchange
                           Log        Log                                 Activity
 Species              Molality   Activity      Molality      Activity   Coefficient    Type
  H+                    -6.951     -6.999     1.119E-07     1.003E-07     8.967E-01  Aqueous 
  Ca++                  -2.266     -2.475     5.414E-03     3.350E-03     6.188E-01  Aqueous 
  Na+                   -3.927     -3.982     1.184E-04     1.041E-04     8.793E-01  Aqueous 
  Cl-                   -1.960     -2.018     1.095E-02     9.585E-03     8.751E-01  Aqueous 
  OH-                   -6.942     -6.999     1.142E-07     1.002E-07     8.772E-01  Aqueous 
  CaOH+                 -8.204     -8.256     6.250E-09     5.543E-09     8.869E-01  Aqueous 
  NaOH(aq)             -11.784    -11.782     1.644E-12     1.651E-12     1.004E+00  Aqueous 
  CaCl+                 -5.138     -5.194     7.280E-06     6.401E-06     8.793E-01  Aqueous 
  CaCl2(aq)             -7.167     -7.165     6.809E-08     6.835E-08     1.004E+00  Aqueous 
 
  ****** Partial pressure of gases (bars) *****
 
 
  ***** Saturation state of minerals (log[Q/K] *****
 
 
 
  ***** Volum of minerals added or subtracted *****
 
 
 **************************************************************
 ------> GRID LOCATION:     6:  1:  1
 
  Temperature (C)    =     25.000
  Porosity           =      0.625
  Liquid Saturation  =      1.000
  Liquid Density     =    997.075
  Ionic Strength     =      0.016
  Solution pH        =      6.999
  Total Charge       =  9.944E-07
 
 Total Aqueous Concentrations of Primary Species 
 --------------------------------------- 
 
   Species              Molality       Type 
 H+                  -8.5807E-09     Aqueous      
 Ca++                 5.4309E-03     Aqueous      
 Na+                  9.9465E-05     Aqueous      
 Cl-                  1.0960E-02     Aqueous      
 
 Exchangers           Equiv/kgw        Equiv/g solid    Equiv/m^3 bulk
 X-                   1.4427E+00       9.2000E-04       8.9907E+02
 
 Total Concentrations in Exchange Sites 
 -------------------------------------- 
 
 Exchangers           Equiv/kgw        Equiv/g solid    Equiv/m^3 bulk
 Ca++                 7.2149E-01       4.6008E-04       4.4961E+02
 Na+                  8.7064E-04       5.5519E-07       5.4256E-01
 Cl-                  1.1140E-03       7.1037E-07       6.9421E-01
 
 Concentrations of Individual Species, Exchangers, and Surface Complexes 
 ----------------------------------------------------------------------- 
 
                           Log        Log                 Concentration     
 Species              Molality   Activity      Molality    Mol/m^3 blk  Type
  NaX                   -3.060     -3.219     8.706E-04     5.426E-01  Exchange
  CaX2                  -0.142     -0.001     7.204E-01     4.489E+02  Exchange
  CaClX                 -2.953     -3.112     1.114E-03     6.942E-01  Exchange
                           Log        Log                                 Activity
 Species              Molality   Activity      Molality      Activity   Coefficient    Type
  H+                    -6.951     -6.999     1.119E-07     1.003E-07     8.967E-01  Aqueous 
  Ca++                  -2.266     -2.474     5.424E-03     3.356E-03     6.187E-01  Aqueous 
  Na+                   -4.002     -4.058     9.947E-05     8.746E-05     8.793E-01  Aqueous 
  Cl-                   -1.960     -2.018     1.095E-02     9.584E-03     8.750E-01  Aqueous 
  OH-                   -6.942     -6.999     1.142E-07     1.002E-07     8.772E-01  Aqueous 
  CaOH+                 -8.203     -8.256     6.260E-09     5.552E-09     8.869E-01  Aqueous 
  NaOH(aq)             -11.860    -11.858     1.381E-12     1.386E-12     1.004E+00  Aqueous 
  CaCl+                 -5.137     -5.193     7.292E-06     6.411E-06     8.793E-01  Aqueous 
  CaCl2(aq)             -7.166     -7.165     6.820E-08     6.846E-08     1.004E+00  Aqueous 
 
  ****** Partial pressure of gases (bars) *****
 
 
  ***** Saturation state of minerals (log[Q/K] *****
 
 
 
  ***** Volum of minerals added or subtracted *****
 
 
 **************************************************************
 ------> GRID LOCATION:     7:  1:  1
 
  Temperature (C)    =     25.000
  Porosity           =      0.625
  Liquid Saturation  =      1.000
  Liquid Density     =    997.075
  Ionic Strength     =      0.016
  Solution pH        =      6.999
  Total Charge       =  9.944E-07
 
 Total Aqueous Concentrations of Primary Species 
 --------------------------------------- 
 
   Species              Molality       Type 
 H+                  -8.5807E-09     Aqueous      
 Ca++                 5.4421E-03     Aqueous      
 Na+                  7.7259E-05     Aqueous      
 Cl-                  1.0960E-02     Aqueous      
 
 Exchangers           Equiv/kgw        Equiv/g solid    Equiv/m^3 bulk
 X-                   1.4427E+00       9.2000E-04       8.9907E+02
 
 Total Concentrations in Exchange Sites 
 -------------------------------------- 
 
 Exchangers           Equiv/kgw        Equiv/g solid    Equiv/m^3 bulk
 Ca++                 7.2159E-01       4.6014E-04       4.4967E+02
 Na+                  6.7564E-04       4.3084E-07       4.2104E-01
 Cl-                  1.1151E-03       7.1108E-07       6.9491E-01
 
 Concentrations of Individual Species, Exchangers, and Surface Complexes 
 ----------------------------------------------------------------------- 
 
                           Log        Log                 Concentration     
 Species              Molality   Activity      Molality    Mol/m^3 blk  Type
  NaX                   -3.170     -3.329     6.756E-04     4.210E-01  Exchange
  CaX2                  -0.142     -0.001     7.205E-01     4.490E+02  Exchange
  CaClX                 -2.953     -3.112     1.115E-03     6.949E-01  Exchange
                           Log        Log                                 Activity
 Species              Molality   Activity      Molality      Activity   Coefficient    Type
  H+                    -6.951     -6.999     1.119E-07     1.003E-07     8.967E-01  Aqueous 
  Ca++                  -2.265     -2.473     5.435E-03     3.362E-03     6.186E-01  Aqueous 
  Na+                   -4.112     -4.168     7.726E-05     6.793E-05     8.792E-01  Aqueous 
  Cl-                   -1.960     -2.018     1.095E-02     9.584E-03     8.750E-01  Aqueous 
  OH-                   -6.942     -6.999     1.142E-07     1.002E-07     8.772E-01  Aqueous 
  CaOH+                 -8.203     -8.255     6.272E-09     5.562E-09     8.869E-01  Aqueous 
  NaOH(aq)             -11.970    -11.968     1.073E-12     1.077E-12     1.004E+00  Aqueous 
  CaCl+                 -5.136     -5.192     7.306E-06     6.423E-06     8.792E-01  Aqueous 
  CaCl2(aq)             -7.165     -7.164     6.833E-08     6.859E-08     1.004E+00  Aqueous 
 
  ****** Partial pressure of gases (bars) *****
 
 
  ***** Saturation state of minerals (log[Q/K] *****
 
 
 
  ***** Volum of minerals added or subtracted *****
 
 
 **************************************************************
 ------> GRID LOCATION:     8:  1:  1
 
  Temperature (C)    =     25.000
  Porosity           =      0.625
  Liquid Saturation  =      1.000
  Liquid Density     =    997.075
  Ionic Strength     =      0.016
  Solution pH        =      6.999
  Total Charge       =  9.944E-07
 
 Total Aqueous Concentrations of Primary Species 
 --------------------------------------- 
 
   Species              Molality       Type 
 H+                  -8.5807E-09     Aqueous      
 Ca++                 5.4531E-03     Aqueous      
 Na+                  5.5321E-05     Aqueous      
 Cl-                  1.0961E-02     Aqueous      
 
 Exchangers           Equiv/kgw        Equiv/g solid    Equiv/m^3 bulk
 X-                   1.4427E+00       9.2000E-04       8.9907E+02
 
 Total Concentrations in Exchange Sites 
 -------------------------------------- 
 
 Exchangers           Equiv/kgw        Equiv/g solid    Equiv/m^3 bulk
 Ca++                 7.2168E-01       4.6020E-04       4.4973E+02
 Na+                  4.8334E-04       3.0822E-07       3.0120E-01
 Cl-                  1.1162E-03       7.1178E-07       6.9559E-01
 
 Concentrations of Individual Species, Exchangers, and Surface Complexes 
 ----------------------------------------------------------------------- 
 
                           Log        Log                 Concentration     
 Species              Molality   Activity      Molality    Mol/m^3 blk  Type
  NaX                   -3.316     -3.475     4.833E-04     3.012E-01  Exchange
  CaX2                  -0.142      0.000     7.206E-01     4.490E+02  Exchange
  CaClX                 -2.952     -3.111     1.116E-03     6.956E-01  Exchange
                           Log        Log                                 Activity
 Species              Molality   Activity      Molality      Activity   Coefficient    Type
  H+                    -6.951     -6.999     1.119E-07     1.003E-07     8.966E-01  Aqueous 
  Ca++                  -2.264     -2.473     5.446E-03     3.368E-03     6.186E-01  Aqueous 
  Na+                   -4.257     -4.313     5.532E-05     4.864E-05     8.792E-01  Aqueous 
  Cl-                   -1.960     -2.018     1.095E-02     9.584E-03     8.750E-01  Aqueous 
  OH-                   -6.942     -6.999     1.142E-07     1.001E-07     8.771E-01  Aqueous 
  CaOH+                 -8.202     -8.254     6.284E-09     5.573E-09     8.868E-01  Aqueous 
  NaOH(aq)             -12.115    -12.113     7.679E-13     7.709E-13     1.004E+00  Aqueous 
  CaCl+                 -5.136     -5.191     7.320E-06     6.435E-06     8.792E-01  Aqueous 
  CaCl2(aq)             -7.165     -7.163     6.845E-08     6.871E-08     1.004E+00  Aqueous 
 
  ****** Partial pressure of gases (bars) *****
 
 
  ***** Saturation state of minerals (log[Q/K] *****
 
 
 
  ***** Volum of minerals added or subtracted *****
 
 
 **************************************************************
 ------> GRID LOCATION:     9:  1:  1
 
  Temperature (C)    =     25.000
  Porosity           =      0.625
  Liquid Saturation  =      1.000
  Liquid Density     =    997.075
  Ionic Strength     =      0.016
  Solution pH        =      6.999
  Total Charge       =  9.944E-07
 
 Total Aqueous Concentrations of Primary Species 
 --------------------------------------- 
 
   Species              Molality       Type 
 H+                  -8.5807E-09     Aqueous      
 Ca++                 5.4626E-03     Aqueous      
 Na+                  3.6557E-05     Aqueous      
 Cl-                  1.0961E-02     Aqueous      
 
 Exchangers           Equiv/kgw        Equiv/g solid    Equiv/m^3 bulk
 X-                   1.4427E+00       9.2000E-04       8.9907E+02
 
 Total Concentrations in Exchange Sites 
 -------------------------------------- 
 
 Exchangers           Equiv/kgw        Equiv/g solid    Equiv/m^3 bulk
 Ca++                 7.2176E-01       4.6025E-04       4.4978E+02
 Na+                  3.1915E-04       2.0351E-07       1.9888E-01
 Cl-                  1.1171E-03       7.1238E-07       6.9617E-01
 
 Concentrations of Individual Species, Exchangers, and Surface Complexes 
 ----------------------------------------------------------------------- 
 
                           Log        Log                 Concentration     
 Species              Molality   Activity      Molality    Mol/m^3 blk  Type
  NaX                   -3.496     -3.655     3.191E-04     1.989E-01  Exchange
  CaX2                  -0.142      0.000     7.206E-01     4.491E+02  Exchange
  CaClX                 -2.952     -3.111     1.117E-03     6.962E-01  Exchange
                           Log        Log                                 Activity
 Species              Molality   Activity      Molality      Activity   Coefficient    Type
  H+                    -6.951     -6.999     1.119E-07     1.003E-07     8.966E-01  Aqueous 
  Ca++                  -2.263     -2.472     5.455E-03     3.374E-03     6.185E-01  Aqueous 
  Na+                   -4.437     -4.493     3.656E-05     3.214E-05     8.792E-01  Aqueous 
  Cl-                   -1.960     -2.018     1.095E-02     9.583E-03     8.749E-01  Aqueous 
  OH-                   -6.942     -6.999     1.142E-07     1.001E-07     8.771E-01  Aqueous 
  CaOH+                 -8.201     -8.253     6.294E-09     5.581E-09     8.868E-01  Aqueous 
  NaOH(aq)             -12.295    -12.293     5.074E-13     5.094E-13     1.004E+00  Aqueous 
  CaCl+                 -5.135     -5.191     7.331E-06     6.446E-06     8.792E-01  Aqueous 
  CaCl2(aq)             -7.164     -7.162     6.856E-08     6.882E-08     1.004E+00  Aqueous 
 
  ****** Partial pressure of gases (bars) *****
 
 
  ***** Saturation state of minerals (log[Q/K] *****
 
 
 
  ***** Volum of minerals added or subtracted *****
 
 
 **************************************************************
 ------> GRID LOCATION:    10:  1:  1
 
  Temperature (C)    =     25.000
  Porosity           =      0.625
  Liquid Saturation  =      1.000
  Liquid Density     =    997.075
  Ionic Strength     =      0.016
  Solution pH        =      6.999
  Total Charge       =  9.944E-07
 
 Total Aqueous Concentrations of Primary Species 
 --------------------------------------- 
 
   Species              Molality       Type 
 H+                  -8.5807E-09     Aqueous      
 Ca++                 5.4697E-03     Aqueous      
 Na+                  2.2397E-05     Aqueous      
 Cl-                  1.0961E-02     Aqueous      
 
 Exchangers           Equiv/kgw        Equiv/g solid    Equiv/m^3 bulk
 X-                   1.4427E+00       9.2000E-04       8.9907E+02
 
 Total Concentrations in Exchange Sites 
 -------------------------------------- 
 
 Exchangers           Equiv/kgw        Equiv/g solid    Equiv/m^3 bulk
 Ca++                 7.2183E-01       4.6029E-04       4.4982E+02
 Na+                  1.9541E-04       1.2461E-07       1.2177E-01
 Cl-                  1.1179E-03       7.1283E-07       6.9662E-01
 
 Concentrations of Individual Species, Exchangers, and Surface Complexes 
 ----------------------------------------------------------------------- 
 
                           Log        Log                 Concentration     
 Species              Molality   Activity      Molality    Mol/m^3 blk  Type
  NaX                   -3.709     -3.868     1.954E-04     1.218E-01  Exchange
  CaX2                  -0.142      0.000     7.207E-01     4.491E+02  Exchange
  CaClX                 -2.952     -3.111     1.118E-03     6.966E-01  Exchange
                           Log        Log                                 Activity
 Species              Molality   Activity      Molality      Activity   Coefficient    Type
  H+                    -6.951     -6.999     1.119E-07     1.003E-07     8.966E-01  Aqueous 
  Ca++                  -2.263     -2.471     5.462E-03     3.378E-03     6.184E-01  Aqueous 
  Na+                   -4.650     -4.706     2.240E-05     1.969E-05     8.791E-01  Aqueous 
  Cl-                   -1.960     -2.018     1.095E-02     9.583E-03     8.749E-01  Aqueous 
  OH-                   -6.942     -6.999     1.142E-07     1.001E-07     8.771E-01  Aqueous 
  CaOH+                 -8.201     -8.253     6.301E-09     5.588E-09     8.868E-01  Aqueous 
  NaOH(aq)             -12.507    -12.506     3.109E-13     3.120E-13     1.004E+00  Aqueous 
  CaCl+                 -5.134     -5.190     7.340E-06     6.453E-06     8.791E-01  Aqueous 
  CaCl2(aq)             -7.163     -7.162     6.864E-08     6.890E-08     1.004E+00  Aqueous 
 
  ****** Partial pressure of gases (bars) *****
 
 
  ***** Saturation state of minerals (log[Q/K] *****
 
 
 
  ***** Volum of minerals added or subtracted *****
 
 
 **************************************************************
 ------> GRID LOCATION:    11:  1:  1
 
  Temperature (C)    =     25.000
  Porosity           =      0.625
  Liquid Saturation  =      1.000
  Liquid Density     =    997.075
  Ionic Strength     =      0.016
  Solution pH        =      6.999
  Total Charge       =  9.944E-07
 
 Total Aqueous Concentrations of Primary Species 
 --------------------------------------- 
 
   Species              Molality       Type 
 H+                  -8.5807E-09     Aqueous      
 Ca++                 5.4745E-03     Aqueous      
 Na+                  1.2833E-05     Aqueous      
 Cl-                  1.0961E-02     Aqueous      
 
 Exchangers           Equiv/kgw        Equiv/g solid    Equiv/m^3 bulk
 X-                   1.4427E+00       9.2000E-04       8.9907E+02
 
 Total Concentrations in Exchange Sites 
 -------------------------------------- 
 
 Exchangers           Equiv/kgw        Equiv/g solid    Equiv/m^3 bulk
 Ca++                 7.2187E-01       4.6032E-04       4.4985E+02
 Na+                  1.1192E-04       7.1370E-08       6.9747E-02
 Cl-                  1.1183E-03       7.1314E-07       6.9691E-01
 
 Concentrations of Individual Species, Exchangers, and Surface Complexes 
 ----------------------------------------------------------------------- 
 
                           Log        Log                 Concentration     
 Species              Molality   Activity      Molality    Mol/m^3 blk  Type
  NaX                   -3.951     -4.110     1.119E-04     6.975E-02  Exchange
  CaX2                  -0.142      0.000     7.208E-01     4.492E+02  Exchange
  CaClX                 -2.951     -3.111     1.118E-03     6.969E-01  Exchange
                           Log        Log                                 Activity
 Species              Molality   Activity      Molality      Activity   Coefficient    Type
  H+                    -6.951     -6.999     1.119E-07     1.003E-07     8.966E-01  Aqueous 
  Ca++                  -2.262     -2.471     5.467E-03     3.381E-03     6.184E-01  Aqueous 
  Na+                   -4.892     -4.948     1.283E-05     1.128E-05     8.791E-01  Aqueous 
  Cl-                   -1.960     -2.018     1.095E-02     9.583E-03     8.749E-01  Aqueous 
  OH-                   -6.942     -6.999     1.142E-07     1.001E-07     8.771E-01  Aqueous 
  CaOH+                 -8.200     -8.252     6.307E-09     5.593E-09     8.868E-01  Aqueous 
  NaOH(aq)             -12.749    -12.748     1.781E-13     1.788E-13     1.004E+00  Aqueous 
  CaCl+                 -5.134     -5.190     7.347E-06     6.459E-06     8.791E-01  Aqueous 
  CaCl2(aq)             -7.163     -7.161     6.870E-08     6.896E-08     1.004E+00  Aqueous 
 
  ****** Partial pressure of gases (bars) *****
 
 
  ***** Saturation state of minerals (log[Q/K] *****
 
 
 
  ***** Volum of minerals added or subtracted *****
 
 
 **************************************************************
 ------> GRID LOCATION:    12:  1:  1
 
  Temperature (C)    =     25.000
  Porosity           =      0.625
  Liquid Saturation  =      1.000
  Liquid Density     =    997.075
  Ionic Strength     =      0.016
  Solution pH        =      6.999
  Total Charge       =  9.944E-07
 
 Total Aqueous Concentrations of Primary Species 
 --------------------------------------- 
 
   Species              Molality       Type 
 H+                  -8.5807E-09     Aqueous      
 Ca++                 5.4774E-03     Aqueous      
 Na+                  6.9866E-06     Aqueous      
 Cl-                  1.0961E-02     Aqueous      
 
 Exchangers           Equiv/kgw        Equiv/g solid    Equiv/m^3 bulk
 X-                   1.4427E+00       9.2000E-04       8.9907E+02
 
 Total Concentrations in Exchange Sites 
 -------------------------------------- 
 
 Exchangers           Equiv/kgw        Equiv/g solid    Equiv/m^3 bulk
 Ca++                 7.2189E-01       4.6034E-04       4.4986E+02
 Na+                  6.0919E-05       3.8847E-08       3.7963E-02
 Cl-                  1.1186E-03       7.1332E-07       6.9709E-01
 
 Concentrations of Individual Species, Exchangers, and Surface Complexes 
 ----------------------------------------------------------------------- 
 
                           Log        Log                 Concentration     
 Species              Molality   Activity      Molality    Mol/m^3 blk  Type
  NaX                   -4.215     -4.374     6.092E-05     3.796E-02  Exchange
  CaX2                  -0.142      0.000     7.208E-01     4.492E+02  Exchange
  CaClX                 -2.951     -3.111     1.119E-03     6.971E-01  Exchange
                           Log        Log                                 Activity
 Species              Molality   Activity      Molality      Activity   Coefficient    Type
  H+                    -6.951     -6.999     1.119E-07     1.003E-07     8.966E-01  Aqueous 
  Ca++                  -2.262     -2.471     5.470E-03     3.383E-03     6.184E-01  Aqueous 
  Na+                   -5.156     -5.212     6.987E-06     6.142E-06     8.791E-01  Aqueous 
  Cl-                   -1.960     -2.018     1.095E-02     9.583E-03     8.749E-01  Aqueous 
  OH-                   -6.942     -6.999     1.142E-07     1.001E-07     8.770E-01  Aqueous 
  CaOH+                 -8.200     -8.252     6.310E-09     5.595E-09     8.868E-01  Aqueous 
  NaOH(aq)             -13.013    -13.012     9.697E-14     9.733E-14     1.004E+00  Aqueous 
  CaCl+                 -5.134     -5.190     7.350E-06     6.462E-06     8.791E-01  Aqueous 
  CaCl2(aq)             -7.163     -7.161     6.873E-08     6.899E-08     1.004E+00  Aqueous 
 
  ****** Partial pressure of gases (bars) *****
 
 
  ***** Saturation state of minerals (log[Q/K] *****
 
 
 
  ***** Volum of minerals added or subtracted *****
 
 
 **************************************************************
 ------> GRID LOCATION:    13:  1:  1
 
  Temperature (C)    =     25.000
  Porosity           =      0.625
  Liquid Saturation  =      1.000
  Liquid Density     =    997.075
  Ionic Strength     =      0.016
  Solution pH        =      6.999
  Total Charge       =  9.944E-07
 
 Total Aqueous Concentrations of Primary Species 
 --------------------------------------- 
 
   Species              Molality       Type 
 H+                  -8.5807E-09     Aqueous      
 Ca++                 5.4791E-03     Aqueous      
 Na+                  3.7227E-06     Aqueous      
 Cl-                  1.0961E-02     Aqueous      
 
 Exchangers           Equiv/kgw        Equiv/g solid    Equiv/m^3 bulk
 X-                   1.4427E+00       9.2000E-04       8.9907E+02
 
 Total Concentrations in Exchange Sites 
 -------------------------------------- 
 
 Exchangers           Equiv/kgw        Equiv/g solid    Equiv/m^3 bulk
 Ca++                 7.2191E-01       4.6035E-04       4.4987E+02
 Na+                  3.2456E-05       2.0696E-08       2.0225E-02
 Cl-                  1.1188E-03       7.1343E-07       6.9720E-01
 
 Concentrations of Individual Species, Exchangers, and Surface Complexes 
 ----------------------------------------------------------------------- 
 
                           Log        Log                 Concentration     
 Species              Molality   Activity      Molality    Mol/m^3 blk  Type
  NaX                   -4.489     -4.648     3.246E-05     2.023E-02  Exchange
  CaX2                  -0.142      0.000     7.208E-01     4.492E+02  Exchange
  CaClX                 -2.951     -3.110     1.119E-03     6.972E-01  Exchange
                           Log        Log                                 Activity
 Species              Molality   Activity      Molality      Activity   Coefficient    Type
  H+                    -6.951     -6.999     1.119E-07     1.003E-07     8.966E-01  Aqueous 
  Ca++                  -2.262     -2.471     5.472E-03     3.383E-03     6.184E-01  Aqueous 
  Na+                   -5.429     -5.485     3.723E-06     3.273E-06     8.791E-01  Aqueous 
  Cl-                   -1.960     -2.018     1.095E-02     9.583E-03     8.749E-01  Aqueous 
  OH-                   -6.942     -6.999     1.142E-07     1.001E-07     8.770E-01  Aqueous 
  CaOH+                 -8.200     -8.252     6.311E-09     5.597E-09     8.868E-01  Aqueous 
  NaOH(aq)             -13.287    -13.285     5.167E-14     5.186E-14     1.004E+00  Aqueous 
  CaCl+                 -5.134     -5.190     7.352E-06     6.464E-06     8.791E-01  Aqueous 
  CaCl2(aq)             -7.163     -7.161     6.875E-08     6.901E-08     1.004E+00  Aqueous 
 
  ****** Partial pressure of gases (bars) *****
 
 
  ***** Saturation state of minerals (log[Q/K] *****
 
 
 
  ***** Volum of minerals added or subtracted *****
 
 
 **************************************************************
 ------> GRID LOCATION:    14:  1:  1
 
  Temperature (C)    =     25.000
  Porosity           =      0.625
  Liquid Saturation  =      1.000
  Liquid Density     =    997.075
  Ionic Strength     =      0.016
  Solution pH        =      6.999
  Total Charge       =  9.944E-07
 
 Total Aqueous Concentrations of Primary Species 
 --------------------------------------- 
 
   Species              Molality       Type 
 H+                  -8.5807E-09     Aqueous      
 Ca++                 5.4799E-03     Aqueous      
 Na+                  2.0459E-06     Aqueous      
 Cl-                  1.0961E-02     Aqueous      
 
 Exchangers           Equiv/kgw        Equiv/g solid    Equiv/m^3 bulk
 X-                   1.4427E+00       9.2000E-04       8.9907E+02
 
 Total Concentrations in Exchange Sites 
 -------------------------------------- 
 
 Exchangers           Equiv/kgw        Equiv/g solid    Equiv/m^3 bulk
 Ca++                 7.2192E-01       4.6035E-04       4.4988E+02
 Na+                  1.7836E-05       1.1373E-08       1.1115E-02
 Cl-                  1.1189E-03       7.1348E-07       6.9725E-01
 
 Concentrations of Individual Species, Exchangers, and Surface Complexes 
 ----------------------------------------------------------------------- 
 
                           Log        Log                 Concentration     
 Species              Molality   Activity      Molality    Mol/m^3 blk  Type
  NaX                   -4.749     -4.908     1.784E-05     1.111E-02  Exchange
  CaX2                  -0.142      0.000     7.208E-01     4.492E+02  Exchange
  CaClX                 -2.951     -3.110     1.119E-03     6.972E-01  Exchange
                           Log        Log                                 Activity
 Species              Molality   Activity      Molality      Activity   Coefficient    Type
  H+                    -6.951     -6.999     1.119E-07     1.003E-07     8.966E-01  Aqueous 
  Ca++                  -2.262     -2.471     5.472E-03     3.384E-03     6.184E-01  Aqueous 
  Na+                   -5.689     -5.745     2.046E-06     1.799E-06     8.791E-01  Aqueous 
  Cl-                   -1.960     -2.018     1.095E-02     9.583E-03     8.749E-01  Aqueous 
  OH-                   -6.942     -6.999     1.142E-07     1.001E-07     8.770E-01  Aqueous 
  CaOH+                 -8.200     -8.252     6.312E-09     5.598E-09     8.868E-01  Aqueous 
  NaOH(aq)             -13.547    -13.545     2.839E-14     2.850E-14     1.004E+00  Aqueous 
  CaCl+                 -5.134     -5.189     7.353E-06     6.464E-06     8.791E-01  Aqueous 
  CaCl2(aq)             -7.163     -7.161     6.876E-08     6.902E-08     1.004E+00  Aqueous 
 
  ****** Partial pressure of gases (bars) *****
 
 
  ***** Saturation state of minerals (log[Q/K] *****
 
 
 
  ***** Volum of minerals added or subtracted *****
 
 
 **************************************************************
 ------> GRID LOCATION:    15:  1:  1
 
  Temperature (C)    =     25.000
  Porosity           =      0.625
  Liquid Saturation  =      1.000
  Liquid Density     =    997.075
  Ionic Strength     =      0.016
  Solution pH        =      6.999
  Total Charge       =  9.944E-07
 
 Total Aqueous Concentrations of Primary Species 
 --------------------------------------- 
 
   Species              Molality       Type 
 H+                  -8.5807E-09     Aqueous      
 Ca++                 5.4803E-03     Aqueous      
 Na+                  1.2482E-06     Aqueous      
 Cl-                  1.0961E-02     Aqueous      
 
 Exchangers           Equiv/kgw        Equiv/g solid    Equiv/m^3 bulk
 X-                   1.4427E+00       9.2000E-04       8.9907E+02
 
 Total Concentrations in Exchange Sites 
 -------------------------------------- 
 
 Exchangers           Equiv/kgw        Equiv/g solid    Equiv/m^3 bulk
 Ca++                 7.2192E-01       4.6035E-04       4.4988E+02
 Na+                  1.0881E-05       6.9385E-09       6.7806E-03
 Cl-                  1.1189E-03       7.1351E-07       6.9727E-01
 
 Concentrations of Individual Species, Exchangers, and Surface Complexes 
 ----------------------------------------------------------------------- 
 
                           Log        Log                 Concentration     
 Species              Molality   Activity      Molality    Mol/m^3 blk  Type
  NaX                   -4.963     -5.123     1.088E-05     6.781E-03  Exchange
  CaX2                  -0.142      0.000     7.208E-01     4.492E+02  Exchange
  CaClX                 -2.951     -3.110     1.119E-03     6.973E-01  Exchange
                           Log        Log                                 Activity
 Species              Molality   Activity      Molality      Activity   Coefficient    Type
  H+                    -6.951     -6.999     1.119E-07     1.003E-07     8.966E-01  Aqueous 
  Ca++                  -2.262     -2.471     5.473E-03     3.384E-03     6.184E-01  Aqueous 
  Na+                   -5.904     -5.960     1.248E-06     1.097E-06     8.791E-01  Aqueous 
  Cl-                   -1.960     -2.018     1.095E-02     9.583E-03     8.749E-01  Aqueous 
  OH-                   -6.942     -6.999     1.142E-07     1.001E-07     8.770E-01  Aqueous 
  CaOH+                 -8.200     -8.252     6.313E-09     5.598E-09     8.868E-01  Aqueous 
  NaOH(aq)             -13.761    -13.760     1.732E-14     1.739E-14     1.004E+00  Aqueous 
  CaCl+                 -5.133     -5.189     7.354E-06     6.465E-06     8.791E-01  Aqueous 
  CaCl2(aq)             -7.163     -7.161     6.876E-08     6.902E-08     1.004E+00  Aqueous 
 
  ****** Partial pressure of gases (bars) *****
 
 
  ***** Saturation state of minerals (log[Q/K] *****
 
 
 
  ***** Volum of minerals added or subtracted *****
 
 
 **************************************************************
 ------> GRID LOCATION:    16:  1:  1
 
  Temperature (C)    =     25.000
  Porosity           =      0.625
  Liquid Saturation  =      1.000
  Liquid Density     =    997.075
  Ionic Strength     =      0.016
  Solution pH        =      6.999
  Total Charge       =  9.944E-07
 
 Total Aqueous Concentrations of Primary Species 
 --------------------------------------- 
 
   Species              Molality       Type 
 H+                  -8.5807E-09     Aqueous      
 Ca++                 5.4805E-03     Aqueous      
 Na+                  8.9490E-07     Aqueous      
 Cl-                  1.0961E-02     Aqueous      
 
 Exchangers           Equiv/kgw        Equiv/g solid    Equiv/m^3 bulk
 X-                   1.4427E+00       9.2000E-04       8.9907E+02
 
 Total Concentrations in Exchange Sites 
 -------------------------------------- 
 
 Exchangers           Equiv/kgw        Equiv/g solid    Equiv/m^3 bulk
 Ca++                 7.2192E-01       4.6035E-04       4.4988E+02
 Na+                  7.8010E-06       4.9745E-09       4.8614E-03
 Cl-                  1.1189E-03       7.1352E-07       6.9728E-01
 
 Concentrations of Individual Species, Exchangers, and Surface Complexes 
 ----------------------------------------------------------------------- 
 
                           Log        Log                 Concentration     
 Species              Molality   Activity      Molality    Mol/m^3 blk  Type
  NaX                   -5.108     -5.267     7.801E-06     4.861E-03  Exchange
  CaX2                  -0.142      0.000     7.208E-01     4.492E+02  Exchange
  CaClX                 -2.951     -3.110     1.119E-03     6.973E-01  Exchange
                           Log        Log                                 Activity
 Species              Molality   Activity      Molality      Activity   Coefficient    Type
  H+                    -6.951     -6.999     1.119E-07     1.003E-07     8.966E-01  Aqueous 
  Ca++                  -2.262     -2.471     5.473E-03     3.384E-03     6.184E-01  Aqueous 
  Na+                   -6.048     -6.104     8.949E-07     7.867E-07     8.791E-01  Aqueous 
  Cl-                   -1.960     -2.018     1.095E-02     9.583E-03     8.749E-01  Aqueous 
  OH-                   -6.942     -6.999     1.142E-07     1.001E-07     8.770E-01  Aqueous 
  CaOH+                 -8.200     -8.252     6.313E-09     5.598E-09     8.868E-01  Aqueous 
  NaOH(aq)             -13.906    -13.904     1.242E-14     1.247E-14     1.004E+00  Aqueous 
  CaCl+                 -5.133     -5.189     7.354E-06     6.465E-06     8.791E-01  Aqueous 
  CaCl2(aq)             -7.163     -7.161     6.876E-08     6.903E-08     1.004E+00  Aqueous 
 
  ****** Partial pressure of gases (bars) *****
 
 
  ***** Saturation state of minerals (log[Q/K] *****
 
 
 
  ***** Volum of minerals added or subtracted *****
 
 
 **************************************************************
 ------> GRID LOCATION:    17:  1:  1
 
  Temperature (C)    =     25.000
  Porosity           =      0.625
  Liquid Saturation  =      1.000
  Liquid Density     =    997.075
  Ionic Strength     =      0.016
  Solution pH        =      6.999
  Total Charge       =  9.944E-07
 
 Total Aqueous Concentrations of Primary Species 
 --------------------------------------- 
 
   Species              Molality       Type 
 H+                  -8.5807E-09     Aqueous      
 Ca++                 5.4806E-03     Aqueous      
 Na+                  7.4865E-07     Aqueous      
 Cl-                  1.0961E-02     Aqueous      
 
 Exchangers           Equiv/kgw        Equiv/g solid    Equiv/m^3 bulk
 X-                   1.4427E+00       9.2000E-04       8.9907E+02
 
 Total Concentrations in Exchange Sites 
 -------------------------------------- 
 
 Exchangers           Equiv/kgw        Equiv/g solid    Equiv/m^3 bulk
 Ca++                 7.2192E-01       4.6035E-04       4.4988E+02
 Na+                  6.5261E-06       4.1616E-09       4.0669E-03
 Cl-                  1.1189E-03       7.1352E-07       6.9729E-01
 
 Concentrations of Individual Species, Exchangers, and Surface Complexes 
 ----------------------------------------------------------------------- 
 
                           Log        Log                 Concentration     
 Species              Molality   Activity      Molality    Mol/m^3 blk  Type
  NaX                   -5.185     -5.345     6.526E-06     4.067E-03  Exchange
  CaX2                  -0.142      0.000     7.208E-01     4.492E+02  Exchange
  CaClX                 -2.951     -3.110     1.119E-03     6.973E-01  Exchange
                           Log        Log                                 Activity
 Species              Molality   Activity      Molality      Activity   Coefficient    Type
  H+                    -6.951     -6.999     1.119E-07     1.003E-07     8.966E-01  Aqueous 
  Ca++                  -2.262     -2.471     5.473E-03     3.384E-03     6.184E-01  Aqueous 
  Na+                   -6.126     -6.182     7.487E-07     6.582E-07     8.791E-01  Aqueous 
  Cl-                   -1.960     -2.018     1.095E-02     9.583E-03     8.749E-01  Aqueous 
  OH-                   -6.942     -6.999     1.142E-07     1.001E-07     8.770E-01  Aqueous 
  CaOH+                 -8.200     -8.252     6.313E-09     5.598E-09     8.868E-01  Aqueous 
  NaOH(aq)             -13.983    -13.982     1.039E-14     1.043E-14     1.004E+00  Aqueous 
  CaCl+                 -5.133     -5.189     7.354E-06     6.465E-06     8.791E-01  Aqueous 
  CaCl2(aq)             -7.163     -7.161     6.877E-08     6.903E-08     1.004E+00  Aqueous 
 
  ****** Partial pressure of gases (bars) *****
 
 
  ***** Saturation state of minerals (log[Q/K] *****
 
 
 
  ***** Volum of minerals added or subtracted *****
 
 
 **************************************************************
 ------> GRID LOCATION:    18:  1:  1
 
  Temperature (C)    =     25.000
  Porosity           =      0.625
  Liquid Saturation  =      1.000
  Liquid Density     =    997.075
  Ionic Strength     =      0.016
  Solution pH        =      6.999
  Total Charge       =  9.944E-07
 
 Total Aqueous Concentrations of Primary Species 
 --------------------------------------- 
 
   Species              Molality       Type 
 H+                  -8.5807E-09     Aqueous      
 Ca++                 5.4806E-03     Aqueous      
 Na+                  6.9194E-07     Aqueous      
 Cl-                  1.0961E-02     Aqueous      
 
 Exchangers           Equiv/kgw        Equiv/g solid    Equiv/m^3 bulk
 X-                   1.4427E+00       9.2000E-04       8.9907E+02
 
 Total Concentrations in Exchange Sites 
 -------------------------------------- 
 
 Exchangers           Equiv/kgw        Equiv/g solid    Equiv/m^3 bulk
 Ca++                 7.2192E-01       4.6035E-04       4.4988E+02
 Na+                  6.0317E-06       3.8463E-09       3.7588E-03
 Cl-                  1.1189E-03       7.1352E-07       6.9729E-01
 
 Concentrations of Individual Species, Exchangers, and Surface Complexes 
 ----------------------------------------------------------------------- 
 
                           Log        Log                 Concentration     
 Species              Molality   Activity      Molality    Mol/m^3 blk  Type
  NaX                   -5.220     -5.379     6.032E-06     3.759E-03  Exchange
  CaX2                  -0.142      0.000     7.208E-01     4.492E+02  Exchange
  CaClX                 -2.951     -3.110     1.119E-03     6.973E-01  Exchange
                           Log        Log                                 Activity
 Species              Molality   Activity      Molality      Activity   Coefficient    Type
  H+                    -6.951     -6.999     1.119E-07     1.003E-07     8.966E-01  Aqueous 
  Ca++                  -2.262     -2.471     5.473E-03     3.384E-03     6.184E-01  Aqueous 
  Na+                   -6.160     -6.216     6.919E-07     6.083E-07     8.791E-01  Aqueous 
  Cl-                   -1.960     -2.018     1.095E-02     9.583E-03     8.749E-01  Aqueous 
  OH-                   -6.942     -6.999     1.142E-07     1.001E-07     8.770E-01  Aqueous 
  CaOH+                 -8.200     -8.252     6.313E-09     5.598E-09     8.868E-01  Aqueous 
  NaOH(aq)             -14.018    -14.016     9.603E-15     9.639E-15     1.004E+00  Aqueous 
  CaCl+                 -5.133     -5.189     7.354E-06     6.465E-06     8.791E-01  Aqueous 
  CaCl2(aq)             -7.163     -7.161     6.877E-08     6.903E-08     1.004E+00  Aqueous 
 
  ****** Partial pressure of gases (bars) *****
 
 
  ***** Saturation state of minerals (log[Q/K] *****
 
 
 
  ***** Volum of minerals added or subtracted *****
 
 
 **************************************************************
 ------> GRID LOCATION:    19:  1:  1
 
  Temperature (C)    =     25.000
  Porosity           =      0.625
  Liquid Saturation  =      1.000
  Liquid Density     =    997.075
  Ionic Strength     =      0.016
  Solution pH        =      6.999
  Total Charge       =  9.944E-07
 
 Total Aqueous Concentrations of Primary Species 
 --------------------------------------- 
 
   Species              Molality       Type 
 H+                  -8.5807E-09     Aqueous      
 Ca++                 5.4806E-03     Aqueous      
 Na+                  6.7135E-07     Aqueous      
 Cl-                  1.0961E-02     Aqueous      
 
 Exchangers           Equiv/kgw        Equiv/g solid    Equiv/m^3 bulk
 X-                   1.4427E+00       9.2000E-04       8.9907E+02
 
 Total Concentrations in Exchange Sites 
 -------------------------------------- 
 
 Exchangers           Equiv/kgw        Equiv/g solid    Equiv/m^3 bulk
 Ca++                 7.2192E-01       4.6035E-04       4.4988E+02
 Na+                  5.8522E-06       3.7318E-09       3.6469E-03
 Cl-                  1.1189E-03       7.1352E-07       6.9729E-01
 
 Concentrations of Individual Species, Exchangers, and Surface Complexes 
 ----------------------------------------------------------------------- 
 
                           Log        Log                 Concentration     
 Species              Molality   Activity      Molality    Mol/m^3 blk  Type
  NaX                   -5.233     -5.392     5.852E-06     3.647E-03  Exchange
  CaX2                  -0.142      0.000     7.208E-01     4.492E+02  Exchange
  CaClX                 -2.951     -3.110     1.119E-03     6.973E-01  Exchange
                           Log        Log                                 Activity
 Species              Molality   Activity      Molality      Activity   Coefficient    Type
  H+                    -6.951     -6.999     1.119E-07     1.003E-07     8.966E-01  Aqueous 
  Ca++                  -2.262     -2.471     5.473E-03     3.384E-03     6.184E-01  Aqueous 
  Na+                   -6.173     -6.229     6.713E-07     5.902E-07     8.791E-01  Aqueous 
  Cl-                   -1.960     -2.018     1.095E-02     9.583E-03     8.749E-01  Aqueous 
  OH-                   -6.942     -6.999     1.142E-07     1.001E-07     8.770E-01  Aqueous 
  CaOH+                 -8.200     -8.252     6.313E-09     5.598E-09     8.868E-01  Aqueous 
  NaOH(aq)             -14.031    -14.029     9.317E-15     9.353E-15     1.004E+00  Aqueous 
  CaCl+                 -5.133     -5.189     7.354E-06     6.465E-06     8.791E-01  Aqueous 
  CaCl2(aq)             -7.163     -7.161     6.877E-08     6.903E-08     1.004E+00  Aqueous 
 
  ****** Partial pressure of gases (bars) *****
 
 
  ***** Saturation state of minerals (log[Q/K] *****
 
 
 
  ***** Volum of minerals added or subtracted *****
 
 
 **************************************************************
 ------> GRID LOCATION:    20:  1:  1
 
  Temperature (C)    =     25.000
  Porosity           =      0.625
  Liquid Saturation  =      1.000
  Liquid Density     =    997.075
  Ionic Strength     =      0.016
  Solution pH        =      6.999
  Total Charge       =  9.944E-07
 
 Total Aqueous Concentrations of Primary Species 
 --------------------------------------- 
 
   Species              Molality       Type 
 H+                  -8.5807E-09     Aqueous      
 Ca++                 5.4806E-03     Aqueous      
 Na+                  6.6443E-07     Aqueous      
 Cl-                  1.0961E-02     Aqueous      
 
 Exchangers           Equiv/kgw        Equiv/g solid    Equiv/m^3 bulk
 X-                   1.4427E+00       9.2000E-04       8.9907E+02
 
 Total Concentrations in Exchange Sites 
 -------------------------------------- 
 
 Exchangers           Equiv/kgw        Equiv/g solid    Equiv/m^3 bulk
 Ca++                 7.2192E-01       4.6035E-04       4.4988E+02
 Na+                  5.7919E-06       3.6934E-09       3.6094E-03
 Cl-                  1.1189E-03       7.1352E-07       6.9729E-01
 
 Concentrations of Individual Species, Exchangers, and Surface Complexes 
 ----------------------------------------------------------------------- 
 
                           Log        Log                 Concentration     
 Species              Molality   Activity      Molality    Mol/m^3 blk  Type
  NaX                   -5.237     -5.396     5.792E-06     3.609E-03  Exchange
  CaX2                  -0.142      0.000     7.208E-01     4.492E+02  Exchange
  CaClX                 -2.951     -3.110     1.119E-03     6.973E-01  Exchange
                           Log        Log                                 Activity
 Species              Molality   Activity      Molality      Activity   Coefficient    Type
  H+                    -6.951     -6.999     1.119E-07     1.003E-07     8.966E-01  Aqueous 
  Ca++                  -2.262     -2.471     5.473E-03     3.384E-03     6.184E-01  Aqueous 
  Na+                   -6.178     -6.234     6.644E-07     5.841E-07     8.791E-01  Aqueous 
  Cl-                   -1.960     -2.018     1.095E-02     9.583E-03     8.749E-01  Aqueous 
  OH-                   -6.942     -6.999     1.142E-07     1.001E-07     8.770E-01  Aqueous 
  CaOH+                 -8.200     -8.252     6.313E-09     5.598E-09     8.868E-01  Aqueous 
  NaOH(aq)             -14.035    -14.034     9.221E-15     9.256E-15     1.004E+00  Aqueous 
  CaCl+                 -5.133     -5.189     7.354E-06     6.465E-06     8.791E-01  Aqueous 
  CaCl2(aq)             -7.163     -7.161     6.877E-08     6.903E-08     1.004E+00  Aqueous 
 
  ****** Partial pressure of gases (bars) *****
 
 
  ***** Saturation state of minerals (log[Q/K] *****
 
 
 
  ***** Volum of minerals added or subtracted *****
 
 
 **************************************************************
 ------> GRID LOCATION:    21:  1:  1
 
  Temperature (C)    =     25.000
  Porosity           =      0.625
  Liquid Saturation  =      1.000
  Liquid Density     =    997.075
  Ionic Strength     =      0.016
  Solution pH        =      6.999
  Total Charge       =  9.944E-07
 
 Total Aqueous Concentrations of Primary Species 
 --------------------------------------- 
 
   Species              Molality       Type 
 H+                  -8.5807E-09     Aqueous      
 Ca++                 5.4806E-03     Aqueous      
 Na+                  6.6237E-07     Aqueous      
 Cl-                  1.0961E-02     Aqueous      
 
 Exchangers           Equiv/kgw        Equiv/g solid    Equiv/m^3 bulk
 X-                   1.4427E+00       9.2000E-04       8.9907E+02
 
 Total Concentrations in Exchange Sites 
 -------------------------------------- 
 
 Exchangers           Equiv/kgw        Equiv/g solid    Equiv/m^3 bulk
 Ca++                 7.2192E-01       4.6035E-04       4.4988E+02
 Na+                  5.7740E-06       3.6819E-09       3.5982E-03
 Cl-                  1.1189E-03       7.1352E-07       6.9729E-01
 
 Concentrations of Individual Species, Exchangers, and Surface Complexes 
 ----------------------------------------------------------------------- 
 
                           Log        Log                 Concentration     
 Species              Molality   Activity      Molality    Mol/m^3 blk  Type
  NaX                   -5.239     -5.398     5.774E-06     3.598E-03  Exchange
  CaX2                  -0.142      0.000     7.208E-01     4.492E+02  Exchange
  CaClX                 -2.951     -3.110     1.119E-03     6.973E-01  Exchange
                           Log        Log                                 Activity
 Species              Molality   Activity      Molality      Activity   Coefficient    Type
  H+                    -6.951     -6.999     1.119E-07     1.003E-07     8.966E-01  Aqueous 
  Ca++                  -2.262     -2.471     5.473E-03     3.384E-03     6.184E-01  Aqueous 
  Na+                   -6.179     -6.235     6.624E-07     5.823E-07     8.791E-01  Aqueous 
  Cl-                   -1.960     -2.018     1.095E-02     9.583E-03     8.749E-01  Aqueous 
  OH-                   -6.942     -6.999     1.142E-07     1.001E-07     8.770E-01  Aqueous 
  CaOH+                 -8.200     -8.252     6.313E-09     5.598E-09     8.868E-01  Aqueous 
  NaOH(aq)             -14.037    -14.035     9.193E-15     9.228E-15     1.004E+00  Aqueous 
  CaCl+                 -5.133     -5.189     7.354E-06     6.465E-06     8.791E-01  Aqueous 
  CaCl2(aq)             -7.163     -7.161     6.877E-08     6.903E-08     1.004E+00  Aqueous 
 
  ****** Partial pressure of gases (bars) *****
 
 
  ***** Saturation state of minerals (log[Q/K] *****
 
 
 
  ***** Volum of minerals added or subtracted *****
 
 
 **************************************************************
 ------> GRID LOCATION:    22:  1:  1
 
  Temperature (C)    =     25.000
  Porosity           =      0.625
  Liquid Saturation  =      1.000
  Liquid Density     =    997.075
  Ionic Strength     =      0.016
  Solution pH        =      6.999
  Total Charge       =  9.944E-07
 
 Total Aqueous Concentrations of Primary Species 
 --------------------------------------- 
 
   Species              Molality       Type 
 H+                  -8.5807E-09     Aqueous      
 Ca++                 5.4806E-03     Aqueous      
 Na+                  6.6193E-07     Aqueous      
 Cl-                  1.0961E-02     Aqueous      
 
 Exchangers           Equiv/kgw        Equiv/g solid    Equiv/m^3 bulk
 X-                   1.4427E+00       9.2000E-04       8.9907E+02
 
 Total Concentrations in Exchange Sites 
 -------------------------------------- 
 
 Exchangers           Equiv/kgw        Equiv/g solid    Equiv/m^3 bulk
 Ca++                 7.2192E-01       4.6035E-04       4.4988E+02
 Na+                  5.7701E-06       3.6795E-09       3.5958E-03
 Cl-                  1.1189E-03       7.1352E-07       6.9729E-01
 
 Concentrations of Individual Species, Exchangers, and Surface Complexes 
 ----------------------------------------------------------------------- 
 
                           Log        Log                 Concentration     
 Species              Molality   Activity      Molality    Mol/m^3 blk  Type
  NaX                   -5.239     -5.398     5.770E-06     3.596E-03  Exchange
  CaX2                  -0.142      0.000     7.208E-01     4.492E+02  Exchange
  CaClX                 -2.951     -3.110     1.119E-03     6.973E-01  Exchange
                           Log        Log                                 Activity
 Species              Molality   Activity      Molality      Activity   Coefficient    Type
  H+                    -6.951     -6.999     1.119E-07     1.003E-07     8.966E-01  Aqueous 
  Ca++                  -2.262     -2.471     5.473E-03     3.384E-03     6.184E-01  Aqueous 
  Na+                   -6.179     -6.235     6.619E-07     5.819E-07     8.791E-01  Aqueous 
  Cl-                   -1.960     -2.018     1.095E-02     9.583E-03     8.749E-01  Aqueous 
  OH-                   -6.942     -6.999     1.142E-07     1.001E-07     8.770E-01  Aqueous 
  CaOH+                 -8.200     -8.252     6.313E-09     5.598E-09     8.868E-01  Aqueous 
  NaOH(aq)             -14.037    -14.035     9.186E-15     9.221E-15     1.004E+00  Aqueous 
  CaCl+                 -5.133     -5.189     7.354E-06     6.465E-06     8.791E-01  Aqueous 
  CaCl2(aq)             -7.163     -7.161     6.877E-08     6.903E-08     1.004E+00  Aqueous 
 
  ****** Partial pressure of gases (bars) *****
 
 
  ***** Saturation state of minerals (log[Q/K] *****
 
 
 
  ***** Volum of minerals added or subtracted *****
 
 
 **************************************************************
 ------> GRID LOCATION:    23:  1:  1
 
  Temperature (C)    =     25.000
  Porosity           =      0.625
  Liquid Saturation  =      1.000
  Liquid Density     =    997.075
  Ionic Strength     =      0.016
  Solution pH        =      6.999
  Total Charge       =  9.944E-07
 
 Total Aqueous Concentrations of Primary Species 
 --------------------------------------- 
 
   Species              Molality       Type 
 H+                  -8.5807E-09     Aqueous      
 Ca++                 5.4806E-03     Aqueous      
 Na+                  6.6198E-07     Aqueous      
 Cl-                  1.0961E-02     Aqueous      
 
 Exchangers           Equiv/kgw        Equiv/g solid    Equiv/m^3 bulk
 X-                   1.4427E+00       9.2000E-04       8.9907E+02
 
 Total Concentrations in Exchange Sites 
 -------------------------------------- 
 
 Exchangers           Equiv/kgw        Equiv/g solid    Equiv/m^3 bulk
 Ca++                 7.2192E-01       4.6035E-04       4.4988E+02
 Na+                  5.7706E-06       3.6798E-09       3.5960E-03
 Cl-                  1.1189E-03       7.1352E-07       6.9729E-01
 
 Concentrations of Individual Species, Exchangers, and Surface Complexes 
 ----------------------------------------------------------------------- 
 
                           Log        Log                 Concentration     
 Species              Molality   Activity      Molality    Mol/m^3 blk  Type
  NaX                   -5.239     -5.398     5.771E-06     3.596E-03  Exchange
  CaX2                  -0.142      0.000     7.208E-01     4.492E+02  Exchange
  CaClX                 -2.951     -3.110     1.119E-03     6.973E-01  Exchange
                           Log        Log                                 Activity
 Species              Molality   Activity      Molality      Activity   Coefficient    Type
  H+                    -6.951     -6.999     1.119E-07     1.003E-07     8.966E-01  Aqueous 
  Ca++                  -2.262     -2.471     5.473E-03     3.384E-03     6.184E-01  Aqueous 
  Na+                   -6.179     -6.235     6.620E-07     5.820E-07     8.791E-01  Aqueous 
  Cl-                   -1.960     -2.018     1.095E-02     9.583E-03     8.749E-01  Aqueous 
  OH-                   -6.942     -6.999     1.142E-07     1.001E-07     8.770E-01  Aqueous 
  CaOH+                 -8.200     -8.252     6.313E-09     5.598E-09     8.868E-01  Aqueous 
  NaOH(aq)             -14.037    -14.035     9.187E-15     9.222E-15     1.004E+00  Aqueous 
  CaCl+                 -5.133     -5.189     7.354E-06     6.465E-06     8.791E-01  Aqueous 
  CaCl2(aq)             -7.163     -7.161     6.877E-08     6.903E-08     1.004E+00  Aqueous 
 
  ****** Partial pressure of gases (bars) *****
 
 
  ***** Saturation state of minerals (log[Q/K] *****
 
 
 
  ***** Volum of minerals added or subtracted *****
 
 
 **************************************************************
 ------> GRID LOCATION:    24:  1:  1
 
  Temperature (C)    =     25.000
  Porosity           =      0.625
  Liquid Saturation  =      1.000
  Liquid Density     =    997.075
  Ionic Strength     =      0.016
  Solution pH        =      6.999
  Total Charge       =  9.944E-07
 
 Total Aqueous Concentrations of Primary Species 
 --------------------------------------- 
 
   Species              Molality       Type 
 H+                  -8.5807E-09     Aqueous      
 Ca++                 5.4806E-03     Aqueous      
 Na+                  6.6217E-07     Aqueous      
 Cl-                  1.0961E-02     Aqueous      
 
 Exchangers           Equiv/kgw        Equiv/g solid    Equiv/m^3 bulk
 X-                   1.4427E+00       9.2000E-04       8.9907E+02
 
 Total Concentrations in Exchange Sites 
 -------------------------------------- 
 
 Exchangers           Equiv/kgw        Equiv/g solid    Equiv/m^3 bulk
 Ca++                 7.2192E-01       4.6035E-04       4.4988E+02
 Na+                  5.7722E-06       3.6808E-09       3.5971E-03
 Cl-                  1.1189E-03       7.1352E-07       6.9729E-01
 
 Concentrations of Individual Species, Exchangers, and Surface Complexes 
 ----------------------------------------------------------------------- 
 
                           Log        Log                 Concentration     
 Species              Molality   Activity      Molality    Mol/m^3 blk  Type
  NaX                   -5.239     -5.398     5.772E-06     3.597E-03  Exchange
  CaX2                  -0.142      0.000     7.208E-01     4.492E+02  Exchange
  CaClX                 -2.951     -3.110     1.119E-03     6.973E-01  Exchange
                           Log        Log                                 Activity
 Species              Molality   Activity      Molality      Activity   Coefficient    Type
  H+                    -6.951     -6.999     1.119E-07     1.003E-07     8.966E-01  Aqueous 
  Ca++                  -2.262     -2.471     5.473E-03     3.384E-03     6.184E-01  Aqueous 
  Na+                   -6.179     -6.235     6.622E-07     5.821E-07     8.791E-01  Aqueous 
  Cl-                   -1.960     -2.018     1.095E-02     9.583E-03     8.749E-01  Aqueous 
  OH-                   -6.942     -6.999     1.142E-07     1.001E-07     8.770E-01  Aqueous 
  CaOH+                 -8.200     -8.252     6.313E-09     5.598E-09     8.868E-01  Aqueous 
  NaOH(aq)             -14.037    -14.035     9.190E-15     9.225E-15     1.004E+00  Aqueous 
  CaCl+                 -5.133     -5.189     7.354E-06     6.465E-06     8.791E-01  Aqueous 
  CaCl2(aq)             -7.163     -7.161     6.877E-08     6.903E-08     1.004E+00  Aqueous 
 
  ****** Partial pressure of gases (bars) *****
 
 
  ***** Saturation state of minerals (log[Q/K] *****
 
 
 
  ***** Volum of minerals added or subtracted *****
 
 
 **************************************************************
 ------> GRID LOCATION:    25:  1:  1
 
  Temperature (C)    =     25.000
  Porosity           =      0.625
  Liquid Saturation  =      1.000
  Liquid Density     =    997.075
  Ionic Strength     =      0.016
  Solution pH        =      6.999
  Total Charge       =  9.944E-07
 
 Total Aqueous Concentrations of Primary Species 
 --------------------------------------- 
 
   Species              Molality       Type 
 H+                  -8.5807E-09     Aqueous      
 Ca++                 5.4806E-03     Aqueous      
 Na+                  6.6238E-07     Aqueous      
 Cl-                  1.0961E-02     Aqueous      
 
 Exchangers           Equiv/kgw        Equiv/g solid    Equiv/m^3 bulk
 X-                   1.4427E+00       9.2000E-04       8.9907E+02
 
 Total Concentrations in Exchange Sites 
 -------------------------------------- 
 
 Exchangers           Equiv/kgw        Equiv/g solid    Equiv/m^3 bulk
 Ca++                 7.2192E-01       4.6035E-04       4.4988E+02
 Na+                  5.7741E-06       3.6820E-09       3.5982E-03
 Cl-                  1.1189E-03       7.1352E-07       6.9729E-01
 
 Concentrations of Individual Species, Exchangers, and Surface Complexes 
 ----------------------------------------------------------------------- 
 
                           Log        Log                 Concentration     
 Species              Molality   Activity      Molality    Mol/m^3 blk  Type
  NaX                   -5.239     -5.398     5.774E-06     3.598E-03  Exchange
  CaX2                  -0.142      0.000     7.208E-01     4.492E+02  Exchange
  CaClX                 -2.951     -3.110     1.119E-03     6.973E-01  Exchange
                           Log        Log                                 Activity
 Species              Molality   Activity      Molality      Activity   Coefficient    Type
  H+                    -6.951     -6.999     1.119E-07     1.003E-07     8.966E-01  Aqueous 
  Ca++                  -2.262     -2.471     5.473E-03     3.384E-03     6.184E-01  Aqueous 
  Na+                   -6.179     -6.235     6.624E-07     5.823E-07     8.791E-01  Aqueous 
  Cl-                   -1.960     -2.018     1.095E-02     9.583E-03     8.749E-01  Aqueous 
  OH-                   -6.942     -6.999     1.142E-07     1.001E-07     8.770E-01  Aqueous 
  CaOH+                 -8.200     -8.252     6.313E-09     5.598E-09     8.868E-01  Aqueous 
  NaOH(aq)             -14.037    -14.035     9.193E-15     9.228E-15     1.004E+00  Aqueous 
  CaCl+                 -5.133     -5.189     7.354E-06     6.465E-06     8.791E-01  Aqueous 
  CaCl2(aq)             -7.163     -7.161     6.877E-08     6.903E-08     1.004E+00  Aqueous 
 
  ****** Partial pressure of gases (bars) *****
 
 
  ***** Saturation state of minerals (log[Q/K] *****
 
 
 
  ***** Volum of minerals added or subtracted *****
 
 
 **************************************************************
 ------> GRID LOCATION:    26:  1:  1
 
  Temperature (C)    =     25.000
  Porosity           =      0.625
  Liquid Saturation  =      1.000
  Liquid Density     =    997.075
  Ionic Strength     =      0.016
  Solution pH        =      6.999
  Total Charge       =  9.944E-07
 
 Total Aqueous Concentrations of Primary Species 
 --------------------------------------- 
 
   Species              Molality       Type 
 H+                  -8.5807E-09     Aqueous      
 Ca++                 5.4806E-03     Aqueous      
 Na+                  6.6259E-07     Aqueous      
 Cl-                  1.0961E-02     Aqueous      
 
 Exchangers           Equiv/kgw        Equiv/g solid    Equiv/m^3 bulk
 X-                   1.4427E+00       9.2000E-04       8.9907E+02
 
 Total Concentrations in Exchange Sites 
 -------------------------------------- 
 
 Exchangers           Equiv/kgw        Equiv/g solid    Equiv/m^3 bulk
 Ca++                 7.2192E-01       4.6035E-04       4.4988E+02
 Na+                  5.7758E-06       3.6831E-09       3.5993E-03
 Cl-                  1.1189E-03       7.1352E-07       6.9729E-01
 
 Concentrations of Individual Species, Exchangers, and Surface Complexes 
 ----------------------------------------------------------------------- 
 
                           Log        Log                 Concentration     
 Species              Molality   Activity      Molality    Mol/m^3 blk  Type
  NaX                   -5.238     -5.398     5.776E-06     3.599E-03  Exchange
  CaX2                  -0.142      0.000     7.208E-01     4.492E+02  Exchange
  CaClX                 -2.951     -3.110     1.119E-03     6.973E-01  Exchange
                           Log        Log                                 Activity
 Species              Molality   Activity      Molality      Activity   Coefficient    Type
  H+                    -6.951     -6.999     1.119E-07     1.003E-07     8.966E-01  Aqueous 
  Ca++                  -2.262     -2.471     5.473E-03     3.384E-03     6.184E-01  Aqueous 
  Na+                   -6.179     -6.235     6.626E-07     5.825E-07     8.791E-01  Aqueous 
  Cl-                   -1.960     -2.019     1.095E-02     9.583E-03     8.749E-01  Aqueous 
  OH-                   -6.942     -6.999     1.142E-07     1.001E-07     8.770E-01  Aqueous 
  CaOH+                 -8.200     -8.252     6.313E-09     5.598E-09     8.868E-01  Aqueous 
  NaOH(aq)             -14.036    -14.035     9.196E-15     9.231E-15     1.004E+00  Aqueous 
  CaCl+                 -5.133     -5.189     7.354E-06     6.465E-06     8.791E-01  Aqueous 
  CaCl2(aq)             -7.163     -7.161     6.877E-08     6.903E-08     1.004E+00  Aqueous 
 
  ****** Partial pressure of gases (bars) *****
 
 
  ***** Saturation state of minerals (log[Q/K] *****
 
 
 
  ***** Volum of minerals added or subtracted *****
 
 
 **************************************************************
 ------> GRID LOCATION:    27:  1:  1
 
  Temperature (C)    =     25.000
  Porosity           =      0.625
  Liquid Saturation  =      1.000
  Liquid Density     =    997.075
  Ionic Strength     =      0.016
  Solution pH        =      6.999
  Total Charge       =  9.944E-07
 
 Total Aqueous Concentrations of Primary Species 
 --------------------------------------- 
 
   Species              Molality       Type 
 H+                  -8.5807E-09     Aqueous      
 Ca++                 5.4806E-03     Aqueous      
 Na+                  6.6278E-07     Aqueous      
 Cl-                  1.0961E-02     Aqueous      
 
 Exchangers           Equiv/kgw        Equiv/g solid    Equiv/m^3 bulk
 X-                   1.4427E+00       9.2000E-04       8.9907E+02
 
 Total Concentrations in Exchange Sites 
 -------------------------------------- 
 
 Exchangers           Equiv/kgw        Equiv/g solid    Equiv/m^3 bulk
 Ca++                 7.2192E-01       4.6035E-04       4.4988E+02
 Na+                  5.7775E-06       3.6842E-09       3.6004E-03
 Cl-                  1.1189E-03       7.1352E-07       6.9728E-01
 
 Concentrations of Individual Species, Exchangers, and Surface Complexes 
 ----------------------------------------------------------------------- 
 
                           Log        Log                 Concentration     
 Species              Molality   Activity      Molality    Mol/m^3 blk  Type
  NaX                   -5.238     -5.397     5.778E-06     3.600E-03  Exchange
  CaX2                  -0.142      0.000     7.208E-01     4.492E+02  Exchange
  CaClX                 -2.951     -3.110     1.119E-03     6.973E-01  Exchange
                           Log        Log                                 Activity
 Species              Molality   Activity      Molality      Activity   Coefficient    Type
  H+                    -6.951     -6.999     1.119E-07     1.003E-07     8.966E-01  Aqueous 
  Ca++                  -2.262     -2.471     5.473E-03     3.384E-03     6.184E-01  Aqueous 
  Na+                   -6.179     -6.235     6.628E-07     5.827E-07     8.791E-01  Aqueous 
  Cl-                   -1.960     -2.019     1.095E-02     9.583E-03     8.749E-01  Aqueous 
  OH-                   -6.942     -6.999     1.142E-07     1.001E-07     8.770E-01  Aqueous 
  CaOH+                 -8.200     -8.252     6.313E-09     5.598E-09     8.868E-01  Aqueous 
  NaOH(aq)             -14.036    -14.035     9.198E-15     9.233E-15     1.004E+00  Aqueous 
  CaCl+                 -5.133     -5.189     7.354E-06     6.465E-06     8.791E-01  Aqueous 
  CaCl2(aq)             -7.163     -7.161     6.876E-08     6.903E-08     1.004E+00  Aqueous 
 
  ****** Partial pressure of gases (bars) *****
 
 
  ***** Saturation state of minerals (log[Q/K] *****
 
 
 
  ***** Volum of minerals added or subtracted *****
 
 
 **************************************************************
 ------> GRID LOCATION:    28:  1:  1
 
  Temperature (C)    =     25.000
  Porosity           =      0.625
  Liquid Saturation  =      1.000
  Liquid Density     =    997.075
  Ionic Strength     =      0.016
  Solution pH        =      6.999
  Total Charge       =  9.944E-07
 
 Total Aqueous Concentrations of Primary Species 
 --------------------------------------- 
 
   Species              Molality       Type 
 H+                  -8.5807E-09     Aqueous      
 Ca++                 5.4805E-03     Aqueous      
 Na+                  6.6295E-07     Aqueous      
 Cl-                  1.0961E-02     Aqueous      
 
 Exchangers           Equiv/kgw        Equiv/g solid    Equiv/m^3 bulk
 X-                   1.4427E+00       9.2000E-04       8.9907E+02
 
 Total Concentrations in Exchange Sites 
 -------------------------------------- 
 
 Exchangers           Equiv/kgw        Equiv/g solid    Equiv/m^3 bulk
 Ca++                 7.2192E-01       4.6035E-04       4.4988E+02
 Na+                  5.7791E-06       3.6852E-09       3.6013E-03
 Cl-                  1.1189E-03       7.1351E-07       6.9728E-01
 
 Concentrations of Individual Species, Exchangers, and Surface Complexes 
 ----------------------------------------------------------------------- 
 
                           Log        Log                 Concentration     
 Species              Molality   Activity      Molality    Mol/m^3 blk  Type
  NaX                   -5.238     -5.397     5.779E-06     3.601E-03  Exchange
  CaX2                  -0.142      0.000     7.208E-01     4.492E+02  Exchange
  CaClX                 -2.951     -3.110     1.119E-03     6.973E-01  Exchange
                           Log        Log                                 Activity
 Species              Molality   Activity      Molality      Activity   Coefficient    Type
  H+                    -6.951     -6.999     1.119E-07     1.003E-07     8.966E-01  Aqueous 
  Ca++                  -2.262     -2.471     5.473E-03     3.384E-03     6.184E-01  Aqueous 
  Na+                   -6.179     -6.234     6.629E-07     5.828E-07     8.791E-01  Aqueous 
  Cl-                   -1.960     -2.019     1.095E-02     9.583E-03     8.749E-01  Aqueous 
  OH-                   -6.942     -6.999     1.142E-07     1.001E-07     8.770E-01  Aqueous 
  CaOH+                 -8.200     -8.252     6.313E-09     5.598E-09     8.868E-01  Aqueous 
  NaOH(aq)             -14.036    -14.035     9.201E-15     9.236E-15     1.004E+00  Aqueous 
  CaCl+                 -5.133     -5.189     7.354E-06     6.465E-06     8.791E-01  Aqueous 
  CaCl2(aq)             -7.163     -7.161     6.876E-08     6.902E-08     1.004E+00  Aqueous 
 
  ****** Partial pressure of gases (bars) *****
 
 
  ***** Saturation state of minerals (log[Q/K] *****
 
 
 
  ***** Volum of minerals added or subtracted *****
 
 
 **************************************************************
 ------> GRID LOCATION:    29:  1:  1
 
  Temperature (C)    =     25.000
  Porosity           =      0.625
  Liquid Saturation  =      1.000
  Liquid Density     =    997.075
  Ionic Strength     =      0.016
  Solution pH        =      6.999
  Total Charge       =  9.944E-07
 
 Total Aqueous Concentrations of Primary Species 
 --------------------------------------- 
 
   Species              Molality       Type 
 H+                  -8.5807E-09     Aqueous      
 Ca++                 5.4804E-03     Aqueous      
 Na+                  6.6311E-07     Aqueous      
 Cl-                  1.0961E-02     Aqueous      
 
 Exchangers           Equiv/kgw        Equiv/g solid    Equiv/m^3 bulk
 X-                   1.4427E+00       9.2000E-04       8.9907E+02
 
 Total Concentrations in Exchange Sites 
 -------------------------------------- 
 
 Exchangers           Equiv/kgw        Equiv/g solid    Equiv/m^3 bulk
 Ca++                 7.2192E-01       4.6035E-04       4.4988E+02
 Na+                  5.7805E-06       3.6861E-09       3.6022E-03
 Cl-                  1.1189E-03       7.1349E-07       6.9726E-01
 
 Concentrations of Individual Species, Exchangers, and Surface Complexes 
 ----------------------------------------------------------------------- 
 
                           Log        Log                 Concentration     
 Species              Molality   Activity      Molality    Mol/m^3 blk  Type
  NaX                   -5.238     -5.397     5.780E-06     3.602E-03  Exchange
  CaX2                  -0.142      0.000     7.208E-01     4.492E+02  Exchange
  CaClX                 -2.951     -3.110     1.119E-03     6.973E-01  Exchange
                           Log        Log                                 Activity
 Species              Molality   Activity      Molality      Activity   Coefficient    Type
  H+                    -6.951     -6.999     1.119E-07     1.003E-07     8.966E-01  Aqueous 
  Ca++                  -2.262     -2.471     5.473E-03     3.384E-03     6.184E-01  Aqueous 
  Na+                   -6.178     -6.234     6.631E-07     5.830E-07     8.791E-01  Aqueous 
  Cl-                   -1.960     -2.019     1.095E-02     9.583E-03     8.749E-01  Aqueous 
  OH-                   -6.942     -6.999     1.142E-07     1.001E-07     8.770E-01  Aqueous 
  CaOH+                 -8.200     -8.252     6.313E-09     5.598E-09     8.868E-01  Aqueous 
  NaOH(aq)             -14.036    -14.034     9.203E-15     9.238E-15     1.004E+00  Aqueous 
  CaCl+                 -5.133     -5.189     7.354E-06     6.465E-06     8.791E-01  Aqueous 
  CaCl2(aq)             -7.163     -7.161     6.876E-08     6.902E-08     1.004E+00  Aqueous 
 
  ****** Partial pressure of gases (bars) *****
 
 
  ***** Saturation state of minerals (log[Q/K] *****
 
 
 
  ***** Volum of minerals added or subtracted *****
 
 
 **************************************************************
 ------> GRID LOCATION:    30:  1:  1
 
  Temperature (C)    =     25.000
  Porosity           =      0.625
  Liquid Saturation  =      1.000
  Liquid Density     =    997.075
  Ionic Strength     =      0.016
  Solution pH        =      6.999
  Total Charge       =  9.944E-07
 
 Total Aqueous Concentrations of Primary Species 
 --------------------------------------- 
 
   Species              Molality       Type 
 H+                  -8.5807E-09     Aqueous      
 Ca++                 5.4803E-03     Aqueous      
 Na+                  6.6325E-07     Aqueous      
 Cl-                  1.0960E-02     Aqueous      
 
 Exchangers           Equiv/kgw        Equiv/g solid    Equiv/m^3 bulk
 X-                   1.4427E+00       9.2000E-04       8.9907E+02
 
 Total Concentrations in Exchange Sites 
 -------------------------------------- 
 
 Exchangers           Equiv/kgw        Equiv/g solid    Equiv/m^3 bulk
 Ca++                 7.2192E-01       4.6035E-04       4.4988E+02
 Na+                  5.7818E-06       3.6869E-09       3.6031E-03
 Cl-                  1.1188E-03       7.1346E-07       6.9723E-01
 
 Concentrations of Individual Species, Exchangers, and Surface Complexes 
 ----------------------------------------------------------------------- 
 
                           Log        Log                 Concentration     
 Species              Molality   Activity      Molality    Mol/m^3 blk  Type
  NaX                   -5.238     -5.397     5.782E-06     3.603E-03  Exchange
  CaX2                  -0.142      0.000     7.208E-01     4.492E+02  Exchange
  CaClX                 -2.951     -3.110     1.119E-03     6.972E-01  Exchange
                           Log        Log                                 Activity
 Species              Molality   Activity      Molality      Activity   Coefficient    Type
  H+                    -6.951     -6.999     1.119E-07     1.003E-07     8.966E-01  Aqueous 
  Ca++                  -2.262     -2.471     5.473E-03     3.384E-03     6.184E-01  Aqueous 
  Na+                   -6.178     -6.234     6.633E-07     5.831E-07     8.791E-01  Aqueous 
  Cl-                   -1.960     -2.019     1.095E-02     9.582E-03     8.749E-01  Aqueous 
  OH-                   -6.942     -6.999     1.142E-07     1.001E-07     8.770E-01  Aqueous 
  CaOH+                 -8.200     -8.252     6.313E-09     5.598E-09     8.868E-01  Aqueous 
  NaOH(aq)             -14.036    -14.034     9.205E-15     9.240E-15     1.004E+00  Aqueous 
  CaCl+                 -5.134     -5.189     7.353E-06     6.465E-06     8.791E-01  Aqueous 
  CaCl2(aq)             -7.163     -7.161     6.875E-08     6.902E-08     1.004E+00  Aqueous 
 
  ****** Partial pressure of gases (bars) *****
 
 
  ***** Saturation state of minerals (log[Q/K] *****
 
 
 
  ***** Volum of minerals added or subtracted *****
 
 
 **************************************************************
 ------> GRID LOCATION:    31:  1:  1
 
  Temperature (C)    =     25.000
  Porosity           =      0.625
  Liquid Saturation  =      1.000
  Liquid Density     =    997.075
  Ionic Strength     =      0.016
  Solution pH        =      6.999
  Total Charge       =  9.943E-07
 
 Total Aqueous Concentrations of Primary Species 
 --------------------------------------- 
 
   Species              Molality       Type 
 H+                  -8.5807E-09     Aqueous      
 Ca++                 5.4799E-03     Aqueous      
 Na+                  6.6338E-07     Aqueous      
 Cl-                  1.0960E-02     Aqueous      
 
 Exchangers           Equiv/kgw        Equiv/g solid    Equiv/m^3 bulk
 X-                   1.4427E+00       9.2000E-04       8.9907E+02
 
 Total Concentrations in Exchange Sites 
 -------------------------------------- 
 
 Exchangers           Equiv/kgw        Equiv/g solid    Equiv/m^3 bulk
 Ca++                 7.2192E-01       4.6035E-04       4.4988E+02
 Na+                  5.7831E-06       3.6877E-09       3.6038E-03
 Cl-                  1.1188E-03       7.1341E-07       6.9718E-01
 
 Concentrations of Individual Species, Exchangers, and Surface Complexes 
 ----------------------------------------------------------------------- 
 
                           Log        Log                 Concentration     
 Species              Molality   Activity      Molality    Mol/m^3 blk  Type
  NaX                   -5.238     -5.397     5.783E-06     3.604E-03  Exchange
  CaX2                  -0.142      0.000     7.208E-01     4.492E+02  Exchange
  CaClX                 -2.951     -3.110     1.119E-03     6.972E-01  Exchange
                           Log        Log                                 Activity
 Species              Molality   Activity      Molality      Activity   Coefficient    Type
  H+                    -6.951     -6.999     1.119E-07     1.003E-07     8.966E-01  Aqueous 
  Ca++                  -2.262     -2.471     5.473E-03     3.384E-03     6.184E-01  Aqueous 
  Na+                   -6.178     -6.234     6.634E-07     5.832E-07     8.791E-01  Aqueous 
  Cl-                   -1.961     -2.019     1.095E-02     9.582E-03     8.749E-01  Aqueous 
  OH-                   -6.942     -6.999     1.142E-07     1.001E-07     8.770E-01  Aqueous 
  CaOH+                 -8.200     -8.252     6.312E-09     5.598E-09     8.868E-01  Aqueous 
  NaOH(aq)             -14.036    -14.034     9.207E-15     9.242E-15     1.004E+00  Aqueous 
  CaCl+                 -5.134     -5.190     7.353E-06     6.464E-06     8.791E-01  Aqueous 
  CaCl2(aq)             -7.163     -7.161     6.874E-08     6.900E-08     1.004E+00  Aqueous 
 
  ****** Partial pressure of gases (bars) *****
 
 
  ***** Saturation state of minerals (log[Q/K] *****
 
 
 
  ***** Volum of minerals added or subtracted *****
 
 
 **************************************************************
 ------> GRID LOCATION:    32:  1:  1
 
  Temperature (C)    =     25.000
  Porosity           =      0.625
  Liquid Saturation  =      1.000
  Liquid Density     =    997.075
  Ionic Strength     =      0.016
  Solution pH        =      6.999
  Total Charge       =  9.943E-07
 
 Total Aqueous Concentrations of Primary Species 
 --------------------------------------- 
 
   Species              Molality       Type 
 H+                  -8.5807E-09     Aqueous      
 Ca++                 5.4794E-03     Aqueous      
 Na+                  6.6348E-07     Aqueous      
 Cl-                  1.0958E-02     Aqueous      
 
 Exchangers           Equiv/kgw        Equiv/g solid    Equiv/m^3 bulk
 X-                   1.4427E+00       9.2000E-04       8.9907E+02
 
 Total Concentrations in Exchange Sites 
 -------------------------------------- 
 
 Exchangers           Equiv/kgw        Equiv/g solid    Equiv/m^3 bulk
 Ca++                 7.2192E-01       4.6035E-04       4.4988E+02
 Na+                  5.7842E-06       3.6885E-09       3.6046E-03
 Cl-                  1.1186E-03       7.1331E-07       6.9708E-01
 
 Concentrations of Individual Species, Exchangers, and Surface Complexes 
 ----------------------------------------------------------------------- 
 
                           Log        Log                 Concentration     
 Species              Molality   Activity      Molality    Mol/m^3 blk  Type
  NaX                   -5.238     -5.397     5.784E-06     3.605E-03  Exchange
  CaX2                  -0.142      0.000     7.208E-01     4.492E+02  Exchange
  CaClX                 -2.951     -3.111     1.119E-03     6.971E-01  Exchange
                           Log        Log                                 Activity
 Species              Molality   Activity      Molality      Activity   Coefficient    Type
  H+                    -6.951     -6.999     1.119E-07     1.003E-07     8.966E-01  Aqueous 
  Ca++                  -2.262     -2.471     5.472E-03     3.384E-03     6.184E-01  Aqueous 
  Na+                   -6.178     -6.234     6.635E-07     5.833E-07     8.791E-01  Aqueous 
  Cl-                   -1.961     -2.019     1.095E-02     9.581E-03     8.749E-01  Aqueous 
  OH-                   -6.942     -6.999     1.142E-07     1.001E-07     8.771E-01  Aqueous 
  CaOH+                 -8.200     -8.252     6.312E-09     5.597E-09     8.868E-01  Aqueous 
  NaOH(aq)             -14.036    -14.034     9.208E-15     9.243E-15     1.004E+00  Aqueous 
  CaCl+                 -5.134     -5.190     7.351E-06     6.463E-06     8.791E-01  Aqueous 
  CaCl2(aq)             -7.163     -7.161     6.872E-08     6.899E-08     1.004E+00  Aqueous 
 
  ****** Partial pressure of gases (bars) *****
 
 
  ***** Saturation state of minerals (log[Q/K] *****
 
 
 
  ***** Volum of minerals added or subtracted *****
 
 
 **************************************************************
 ------> GRID LOCATION:    33:  1:  1
 
  Temperature (C)    =     25.000
  Porosity           =      0.625
  Liquid Saturation  =      1.000
  Liquid Density     =    997.075
  Ionic Strength     =      0.016
  Solution pH        =      6.999
  Total Charge       =  9.943E-07
 
 Total Aqueous Concentrations of Primary Species 
 --------------------------------------- 
 
   Species              Molality       Type 
 H+                  -8.5806E-09     Aqueous      
 Ca++                 5.4784E-03     Aqueous      
 Na+                  6.6355E-07     Aqueous      
 Cl-                  1.0957E-02     Aqueous      
 
 Exchangers           Equiv/kgw        Equiv/g solid    Equiv/m^3 bulk
 X-                   1.4427E+00       9.2000E-04       8.9907E+02
 
 Total Concentrations in Exchange Sites 
 -------------------------------------- 
 
 Exchangers           Equiv/kgw        Equiv/g solid    Equiv/m^3 bulk
 Ca++                 7.2192E-01       4.6035E-04       4.4988E+02
 Na+                  5.7853E-06       3.6892E-09       3.6052E-03
 Cl-                  1.1183E-03       7.1314E-07       6.9692E-01
 
 Concentrations of Individual Species, Exchangers, and Surface Complexes 
 ----------------------------------------------------------------------- 
 
                           Log        Log                 Concentration     
 Species              Molality   Activity      Molality    Mol/m^3 blk  Type
  NaX                   -5.238     -5.397     5.785E-06     3.605E-03  Exchange
  CaX2                  -0.142      0.000     7.208E-01     4.492E+02  Exchange
  CaClX                 -2.951     -3.111     1.118E-03     6.969E-01  Exchange
                           Log        Log                                 Activity
 Species              Molality   Activity      Molality      Activity   Coefficient    Type
  H+                    -6.951     -6.999     1.119E-07     1.003E-07     8.966E-01  Aqueous 
  Ca++                  -2.262     -2.471     5.471E-03     3.383E-03     6.184E-01  Aqueous 
  Na+                   -6.178     -6.234     6.636E-07     5.834E-07     8.791E-01  Aqueous 
  Cl-                   -1.961     -2.019     1.095E-02     9.579E-03     8.749E-01  Aqueous 
  OH-                   -6.942     -6.999     1.142E-07     1.001E-07     8.771E-01  Aqueous 
  CaOH+                 -8.200     -8.252     6.311E-09     5.596E-09     8.868E-01  Aqueous 
  NaOH(aq)             -14.036    -14.034     9.209E-15     9.244E-15     1.004E+00  Aqueous 
  CaCl+                 -5.134     -5.190     7.349E-06     6.461E-06     8.791E-01  Aqueous 
  CaCl2(aq)             -7.163     -7.161     6.869E-08     6.895E-08     1.004E+00  Aqueous 
 
  ****** Partial pressure of gases (bars) *****
 
 
  ***** Saturation state of minerals (log[Q/K] *****
 
 
 
  ***** Volum of minerals added or subtracted *****
 
 
 **************************************************************
 ------> GRID LOCATION:    34:  1:  1
 
  Temperature (C)    =     25.000
  Porosity           =      0.625
  Liquid Saturation  =      1.000
  Liquid Density     =    997.075
  Ionic Strength     =      0.016
  Solution pH        =      6.999
  Total Charge       =  9.943E-07
 
 Total Aqueous Concentrations of Primary Species 
 --------------------------------------- 
 
   Species              Molality       Type 
 H+                  -8.5805E-09     Aqueous      
 Ca++                 5.4768E-03     Aqueous      
 Na+                  6.6358E-07     Aqueous      
 Cl-                  1.0953E-02     Aqueous      
 
 Exchangers           Equiv/kgw        Equiv/g solid    Equiv/m^3 bulk
 X-                   1.4427E+00       9.2000E-04       8.9907E+02
 
 Total Concentrations in Exchange Sites 
 -------------------------------------- 
 
 Exchangers           Equiv/kgw        Equiv/g solid    Equiv/m^3 bulk
 Ca++                 7.2192E-01       4.6035E-04       4.4988E+02
 Na+                  5.7863E-06       3.6898E-09       3.6059E-03
 Cl-                  1.1179E-03       7.1287E-07       6.9665E-01
 
 Concentrations of Individual Species, Exchangers, and Surface Complexes 
 ----------------------------------------------------------------------- 
 
                           Log        Log                 Concentration     
 Species              Molality   Activity      Molality    Mol/m^3 blk  Type
  NaX                   -5.238     -5.397     5.786E-06     3.606E-03  Exchange
  CaX2                  -0.142      0.000     7.208E-01     4.492E+02  Exchange
  CaClX                 -2.952     -3.111     1.118E-03     6.966E-01  Exchange
                           Log        Log                                 Activity
 Species              Molality   Activity      Molality      Activity   Coefficient    Type
  H+                    -6.951     -6.999     1.119E-07     1.003E-07     8.966E-01  Aqueous 
  Ca++                  -2.262     -2.471     5.469E-03     3.383E-03     6.184E-01  Aqueous 
  Na+                   -6.178     -6.234     6.636E-07     5.834E-07     8.792E-01  Aqueous 
  Cl-                   -1.961     -2.019     1.095E-02     9.577E-03     8.749E-01  Aqueous 
  OH-                   -6.942     -6.999     1.142E-07     1.001E-07     8.771E-01  Aqueous 
  CaOH+                 -8.200     -8.252     6.309E-09     5.595E-09     8.868E-01  Aqueous 
  NaOH(aq)             -14.036    -14.034     9.210E-15     9.245E-15     1.004E+00  Aqueous 
  CaCl+                 -5.134     -5.190     7.345E-06     6.457E-06     8.792E-01  Aqueous 
  CaCl2(aq)             -7.163     -7.162     6.864E-08     6.890E-08     1.004E+00  Aqueous 
 
  ****** Partial pressure of gases (bars) *****
 
 
  ***** Saturation state of minerals (log[Q/K] *****
 
 
 
  ***** Volum of minerals added or subtracted *****
 
 
 **************************************************************
 ------> GRID LOCATION:    35:  1:  1
 
  Temperature (C)    =     25.000
  Porosity           =      0.625
  Liquid Saturation  =      1.000
  Liquid Density     =    997.075
  Ionic Strength     =      0.016
  Solution pH        =      6.999
  Total Charge       =  9.943E-07
 
 Total Aqueous Concentrations of Primary Species 
 --------------------------------------- 
 
   Species              Molality       Type 
 H+                  -8.5803E-09     Aqueous      
 Ca++                 5.4742E-03     Aqueous      
 Na+                  6.6354E-07     Aqueous      
 Cl-                  1.0948E-02     Aqueous      
 
 Exchangers           Equiv/kgw        Equiv/g solid    Equiv/m^3 bulk
 X-                   1.4427E+00       9.2000E-04       8.9907E+02
 
 Total Concentrations in Exchange Sites 
 -------------------------------------- 
 
 Exchangers           Equiv/kgw        Equiv/g solid    Equiv/m^3 bulk
 Ca++                 7.2192E-01       4.6035E-04       4.4988E+02
 Na+                  5.7873E-06       3.6904E-09       3.6065E-03
 Cl-                  1.1172E-03       7.1241E-07       6.9621E-01
 
 Concentrations of Individual Species, Exchangers, and Surface Complexes 
 ----------------------------------------------------------------------- 
 
                           Log        Log                 Concentration     
 Species              Molality   Activity      Molality    Mol/m^3 blk  Type
  NaX                   -5.238     -5.397     5.787E-06     3.606E-03  Exchange
  CaX2                  -0.142      0.000     7.208E-01     4.492E+02  Exchange
  CaClX                 -2.952     -3.111     1.117E-03     6.962E-01  Exchange
                           Log        Log                                 Activity
 Species              Molality   Activity      Molality      Activity   Coefficient    Type
  H+                    -6.951     -6.999     1.119E-07     1.003E-07     8.966E-01  Aqueous 
  Ca++                  -2.262     -2.471     5.467E-03     3.381E-03     6.185E-01  Aqueous 
  Na+                   -6.178     -6.234     6.635E-07     5.834E-07     8.792E-01  Aqueous 
  Cl-                   -1.961     -2.019     1.094E-02     9.573E-03     8.750E-01  Aqueous 
  OH-                   -6.942     -6.999     1.142E-07     1.001E-07     8.771E-01  Aqueous 
  CaOH+                 -8.200     -8.252     6.307E-09     5.593E-09     8.868E-01  Aqueous 
  NaOH(aq)             -14.036    -14.034     9.210E-15     9.245E-15     1.004E+00  Aqueous 
  CaCl+                 -5.134     -5.190     7.339E-06     6.452E-06     8.792E-01  Aqueous 
  CaCl2(aq)             -7.164     -7.162     6.855E-08     6.881E-08     1.004E+00  Aqueous 
 
  ****** Partial pressure of gases (bars) *****
 
 
  ***** Saturation state of minerals (log[Q/K] *****
 
 
 
  ***** Volum of minerals added or subtracted *****
 
 
 **************************************************************
 ------> GRID LOCATION:    36:  1:  1
 
  Temperature (C)    =     25.000
  Porosity           =      0.625
  Liquid Saturation  =      1.000
  Liquid Density     =    997.075
  Ionic Strength     =      0.016
  Solution pH        =      6.999
  Total Charge       =  9.943E-07
 
 Total Aqueous Concentrations of Primary Species 
 --------------------------------------- 
 
   Species              Molality       Type 
 H+                  -8.5799E-09     Aqueous      
 Ca++                 5.4702E-03     Aqueous      
 Na+                  6.6342E-07     Aqueous      
 Cl-                  1.0940E-02     Aqueous      
 
 Exchangers           Equiv/kgw        Equiv/g solid    Equiv/m^3 bulk
 X-                   1.4427E+00       9.2000E-04       8.9907E+02
 
 Total Concentrations in Exchange Sites 
 -------------------------------------- 
 
 Exchangers           Equiv/kgw        Equiv/g solid    Equiv/m^3 bulk
 Ca++                 7.2192E-01       4.6035E-04       4.4988E+02
 Na+                  5.7882E-06       3.6910E-09       3.6070E-03
 Cl-                  1.1161E-03       7.1171E-07       6.9551E-01
 
 Concentrations of Individual Species, Exchangers, and Surface Complexes 
 ----------------------------------------------------------------------- 
 
                           Log        Log                 Concentration     
 Species              Molality   Activity      Molality    Mol/m^3 blk  Type
  NaX                   -5.237     -5.397     5.788E-06     3.607E-03  Exchange
  CaX2                  -0.142      0.000     7.208E-01     4.492E+02  Exchange
  CaClX                 -2.952     -3.111     1.116E-03     6.955E-01  Exchange
                           Log        Log                                 Activity
 Species              Molality   Activity      Molality      Activity   Coefficient    Type
  H+                    -6.951     -6.999     1.119E-07     1.003E-07     8.967E-01  Aqueous 
  Ca++                  -2.263     -2.471     5.463E-03     3.379E-03     6.186E-01  Aqueous 
  Na+                   -6.178     -6.234     6.634E-07     5.833E-07     8.792E-01  Aqueous 
  Cl-                   -1.961     -2.019     1.093E-02     9.566E-03     8.750E-01  Aqueous 
  OH-                   -6.942     -6.999     1.142E-07     1.001E-07     8.771E-01  Aqueous 
  CaOH+                 -8.200     -8.253     6.303E-09     5.590E-09     8.869E-01  Aqueous 
  NaOH(aq)             -14.036    -14.034     9.209E-15     9.244E-15     1.004E+00  Aqueous 
  CaCl+                 -5.135     -5.191     7.329E-06     6.444E-06     8.792E-01  Aqueous 
  CaCl2(aq)             -7.165     -7.163     6.842E-08     6.868E-08     1.004E+00  Aqueous 
 
  ****** Partial pressure of gases (bars) *****
 
 
  ***** Saturation state of minerals (log[Q/K] *****
 
 
 
  ***** Volum of minerals added or subtracted *****
 
 
 **************************************************************
 ------> GRID LOCATION:    37:  1:  1
 
  Temperature (C)    =     25.000
  Porosity           =      0.625
  Liquid Saturation  =      1.000
  Liquid Density     =    997.075
  Ionic Strength     =      0.016
  Solution pH        =      6.999
  Total Charge       =  9.942E-07
 
 Total Aqueous Concentrations of Primary Species 
 --------------------------------------- 
 
   Species              Molality       Type 
 H+                  -8.5793E-09     Aqueous      
 Ca++                 5.4640E-03     Aqueous      
 Na+                  6.6317E-07     Aqueous      
 Cl-                  1.0928E-02     Aqueous      
 
 Exchangers           Equiv/kgw        Equiv/g solid    Equiv/m^3 bulk
 X-                   1.4427E+00       9.2000E-04       8.9907E+02
 
 Total Concentrations in Exchange Sites 
 -------------------------------------- 
 
 Exchangers           Equiv/kgw        Equiv/g solid    Equiv/m^3 bulk
 Ca++                 7.2192E-01       4.6035E-04       4.4988E+02
 Na+                  5.7890E-06       3.6915E-09       3.6075E-03
 Cl-                  1.1144E-03       7.1062E-07       6.9446E-01
 
 Concentrations of Individual Species, Exchangers, and Surface Complexes 
 ----------------------------------------------------------------------- 
 
                           Log        Log                 Concentration     
 Species              Molality   Activity      Molality    Mol/m^3 blk  Type
  NaX                   -5.237     -5.397     5.789E-06     3.608E-03  Exchange
  CaX2                  -0.142      0.000     7.208E-01     4.492E+02  Exchange
  CaClX                 -2.953     -3.112     1.114E-03     6.945E-01  Exchange
                           Log        Log                                 Activity
 Species              Molality   Activity      Molality      Activity   Coefficient    Type
  H+                    -6.951     -6.999     1.119E-07     1.003E-07     8.967E-01  Aqueous 
  Ca++                  -2.263     -2.472     5.457E-03     3.376E-03     6.187E-01  Aqueous 
  Na+                   -6.178     -6.234     6.632E-07     5.831E-07     8.793E-01  Aqueous 
  Cl-                   -1.962     -2.020     1.092E-02     9.556E-03     8.751E-01  Aqueous 
  OH-                   -6.942     -6.999     1.142E-07     1.001E-07     8.772E-01  Aqueous 
  CaOH+                 -8.201     -8.253     6.297E-09     5.585E-09     8.869E-01  Aqueous 
  NaOH(aq)             -14.036    -14.034     9.206E-15     9.241E-15     1.004E+00  Aqueous 
  CaCl+                 -5.136     -5.192     7.314E-06     6.431E-06     8.793E-01  Aqueous 
  CaCl2(aq)             -7.166     -7.165     6.821E-08     6.847E-08     1.004E+00  Aqueous 
 
  ****** Partial pressure of gases (bars) *****
 
 
  ***** Saturation state of minerals (log[Q/K] *****
 
 
 
  ***** Volum of minerals added or subtracted *****
 
 
 **************************************************************
 ------> GRID LOCATION:    38:  1:  1
 
  Temperature (C)    =     25.000
  Porosity           =      0.625
  Liquid Saturation  =      1.000
  Liquid Density     =    997.075
  Ionic Strength     =      0.016
  Solution pH        =      6.999
  Total Charge       =  9.941E-07
 
 Total Aqueous Concentrations of Primary Species 
 --------------------------------------- 
 
   Species              Molality       Type 
 H+                  -8.5782E-09     Aqueous      
 Ca++                 5.4547E-03     Aqueous      
 Na+                  6.6274E-07     Aqueous      
 Cl-                  1.0909E-02     Aqueous      
 
 Exchangers           Equiv/kgw        Equiv/g solid    Equiv/m^3 bulk
 X-                   1.4427E+00       9.2000E-04       8.9907E+02
 
 Total Concentrations in Exchange Sites 
 -------------------------------------- 
 
 Exchangers           Equiv/kgw        Equiv/g solid    Equiv/m^3 bulk
 Ca++                 7.2192E-01       4.6035E-04       4.4988E+02
 Na+                  5.7897E-06       3.6920E-09       3.6080E-03
 Cl-                  1.1119E-03       7.0901E-07       6.9288E-01
 
 Concentrations of Individual Species, Exchangers, and Surface Complexes 
 ----------------------------------------------------------------------- 
 
                           Log        Log                 Concentration     
 Species              Molality   Activity      Molality    Mol/m^3 blk  Type
  NaX                   -5.237     -5.397     5.790E-06     3.608E-03  Exchange
  CaX2                  -0.142      0.000     7.208E-01     4.492E+02  Exchange
  CaClX                 -2.954     -3.113     1.112E-03     6.929E-01  Exchange
                           Log        Log                                 Activity
 Species              Molality   Activity      Molality      Activity   Coefficient    Type
  H+                    -6.951     -6.999     1.119E-07     1.003E-07     8.968E-01  Aqueous 
  Ca++                  -2.264     -2.472     5.447E-03     3.372E-03     6.189E-01  Aqueous 
  Na+                   -6.179     -6.234     6.627E-07     5.828E-07     8.793E-01  Aqueous 
  Cl-                   -1.963     -2.020     1.090E-02     9.540E-03     8.751E-01  Aqueous 
  OH-                   -6.943     -6.999     1.142E-07     1.001E-07     8.773E-01  Aqueous 
  CaOH+                 -8.201     -8.254     6.289E-09     5.578E-09     8.870E-01  Aqueous 
  NaOH(aq)             -14.036    -14.034     9.202E-15     9.236E-15     1.004E+00  Aqueous 
  CaCl+                 -5.137     -5.193     7.292E-06     6.412E-06     8.793E-01  Aqueous 
  CaCl2(aq)             -7.168     -7.166     6.790E-08     6.816E-08     1.004E+00  Aqueous 
 
  ****** Partial pressure of gases (bars) *****
 
 
  ***** Saturation state of minerals (log[Q/K] *****
 
 
 
  ***** Volum of minerals added or subtracted *****
 
 
 **************************************************************
 ------> GRID LOCATION:    39:  1:  1
 
  Temperature (C)    =     25.000
  Porosity           =      0.625
  Liquid Saturation  =      1.000
  Liquid Density     =    997.075
  Ionic Strength     =      0.016
  Solution pH        =      6.999
  Total Charge       =  9.939E-07
 
 Total Aqueous Concentrations of Primary Species 
 --------------------------------------- 
 
   Species              Molality       Type 
 H+                  -8.5765E-09     Aqueous      
 Ca++                 5.4413E-03     Aqueous      
 Na+                  6.6207E-07     Aqueous      
 Cl-                  1.0882E-02     Aqueous      
 
 Exchangers           Equiv/kgw        Equiv/g solid    Equiv/m^3 bulk
 X-                   1.4427E+00       9.2000E-04       8.9907E+02
 
 Total Concentrations in Exchange Sites 
 -------------------------------------- 
 
 Exchangers           Equiv/kgw        Equiv/g solid    Equiv/m^3 bulk
 Ca++                 7.2192E-01       4.6035E-04       4.4988E+02
 Na+                  5.7904E-06       3.6924E-09       3.6084E-03
 Cl-                  1.1082E-03       7.0668E-07       6.9060E-01
 
 Concentrations of Individual Species, Exchangers, and Surface Complexes 
 ----------------------------------------------------------------------- 
 
                           Log        Log                 Concentration     
 Species              Molality   Activity      Molality    Mol/m^3 blk  Type
  NaX                   -5.237     -5.396     5.790E-06     3.608E-03  Exchange
  CaX2                  -0.142      0.000     7.208E-01     4.492E+02  Exchange
  CaClX                 -2.955     -3.115     1.108E-03     6.906E-01  Exchange
                           Log        Log                                 Activity
 Species              Molality   Activity      Molality      Activity   Coefficient    Type
  H+                    -6.951     -6.999     1.118E-07     1.003E-07     8.968E-01  Aqueous 
  Ca++                  -2.265     -2.473     5.434E-03     3.365E-03     6.192E-01  Aqueous 
  Na+                   -6.179     -6.235     6.621E-07     5.823E-07     8.795E-01  Aqueous 
  Cl-                   -1.964     -2.021     1.087E-02     9.519E-03     8.753E-01  Aqueous 
  OH-                   -6.943     -6.999     1.141E-07     1.002E-07     8.774E-01  Aqueous 
  CaOH+                 -8.202     -8.254     6.276E-09     5.567E-09     8.871E-01  Aqueous 
  NaOH(aq)             -14.036    -14.035     9.194E-15     9.229E-15     1.004E+00  Aqueous 
  CaCl+                 -5.139     -5.195     7.260E-06     6.385E-06     8.795E-01  Aqueous 
  CaCl2(aq)             -7.171     -7.169     6.745E-08     6.771E-08     1.004E+00  Aqueous 
 
  ****** Partial pressure of gases (bars) *****
 
 
  ***** Saturation state of minerals (log[Q/K] *****
 
 
 
  ***** Volum of minerals added or subtracted *****
 
 
 **************************************************************
 ------> GRID LOCATION:    40:  1:  1
 
  Temperature (C)    =     25.000
  Porosity           =      0.625
  Liquid Saturation  =      1.000
  Liquid Density     =    997.075
  Ionic Strength     =      0.016
  Solution pH        =      6.999
  Total Charge       =  9.935E-07
 
 Total Aqueous Concentrations of Primary Species 
 --------------------------------------- 
 
   Species              Molality       Type 
 H+                  -8.5737E-09     Aqueous      
 Ca++                 5.4225E-03     Aqueous      
 Na+                  6.6108E-07     Aqueous      
 Cl-                  1.0845E-02     Aqueous      
 
 Exchangers           Equiv/kgw        Equiv/g solid    Equiv/m^3 bulk
 X-                   1.4427E+00       9.2000E-04       8.9907E+02
 
 Total Concentrations in Exchange Sites 
 -------------------------------------- 
 
 Exchangers           Equiv/kgw        Equiv/g solid    Equiv/m^3 bulk
 Ca++                 7.2191E-01       4.6035E-04       4.4988E+02
 Na+                  5.7910E-06       3.6928E-09       3.6088E-03
 Cl-                  1.1031E-03       7.0339E-07       6.8739E-01
 
 Concentrations of Individual Species, Exchangers, and Surface Complexes 
 ----------------------------------------------------------------------- 
 
                           Log        Log                 Concentration     
 Species              Molality   Activity      Molality    Mol/m^3 blk  Type
  NaX                   -5.237     -5.396     5.791E-06     3.609E-03  Exchange
  CaX2                  -0.142      0.000     7.208E-01     4.492E+02  Exchange
  CaClX                 -2.957     -3.117     1.103E-03     6.874E-01  Exchange
                           Log        Log                                 Activity
 Species              Molality   Activity      Molality      Activity   Coefficient    Type
  H+                    -6.951     -6.999     1.118E-07     1.003E-07     8.970E-01  Aqueous 
  Ca++                  -2.266     -2.474     5.415E-03     3.355E-03     6.196E-01  Aqueous 
  Na+                   -6.180     -6.235     6.611E-07     5.815E-07     8.796E-01  Aqueous 
  Cl-                   -1.965     -2.023     1.084E-02     9.487E-03     8.755E-01  Aqueous 
  OH-                   -6.943     -6.999     1.141E-07     1.002E-07     8.776E-01  Aqueous 
  CaOH+                 -8.204     -8.256     6.258E-09     5.552E-09     8.872E-01  Aqueous 
  NaOH(aq)             -14.037    -14.035     9.183E-15     9.218E-15     1.004E+00  Aqueous 
  CaCl+                 -5.142     -5.197     7.214E-06     6.346E-06     8.796E-01  Aqueous 
  CaCl2(aq)             -7.175     -7.173     6.683E-08     6.708E-08     1.004E+00  Aqueous 
 
  ****** Partial pressure of gases (bars) *****
 
 
  ***** Saturation state of minerals (log[Q/K] *****
 
 
 
  ***** Volum of minerals added or subtracted *****
 
 
 **************************************************************
 ------> GRID LOCATION:    41:  1:  1
 
  Temperature (C)    =     25.000
  Porosity           =      0.625
  Liquid Saturation  =      1.000
  Liquid Density     =    997.075
  Ionic Strength     =      0.016
  Solution pH        =      6.999
  Total Charge       =  9.931E-07
 
 Total Aqueous Concentrations of Primary Species 
 --------------------------------------- 
 
   Species              Molality       Type 
 H+                  -8.5693E-09     Aqueous      
 Ca++                 5.3965E-03     Aqueous      
 Na+                  6.5969E-07     Aqueous      
 Cl-                  1.0793E-02     Aqueous      
 
 Exchangers           Equiv/kgw        Equiv/g solid    Equiv/m^3 bulk
 X-                   1.4427E+00       9.2000E-04       8.9907E+02
 
 Total Concentrations in Exchange Sites 
 -------------------------------------- 
 
 Exchangers           Equiv/kgw        Equiv/g solid    Equiv/m^3 bulk
 Ca++                 7.2191E-01       4.6035E-04       4.4987E+02
 Na+                  5.7915E-06       3.6931E-09       3.6091E-03
 Cl-                  1.0960E-03       6.9888E-07       6.8298E-01
 
 Concentrations of Individual Species, Exchangers, and Surface Complexes 
 ----------------------------------------------------------------------- 
 
                           Log        Log                 Concentration     
 Species              Molality   Activity      Molality    Mol/m^3 blk  Type
  NaX                   -5.237     -5.396     5.792E-06     3.609E-03  Exchange
  CaX2                  -0.142      0.000     7.208E-01     4.492E+02  Exchange
  CaClX                 -2.960     -3.119     1.096E-03     6.830E-01  Exchange
                           Log        Log                                 Activity
 Species              Molality   Activity      Molality      Activity   Coefficient    Type
  H+                    -6.952     -6.999     1.118E-07     1.003E-07     8.971E-01  Aqueous 
  Ca++                  -2.268     -2.476     5.389E-03     3.343E-03     6.202E-01  Aqueous 
  Na+                   -6.181     -6.236     6.597E-07     5.804E-07     8.799E-01  Aqueous 
  Cl-                   -1.967     -2.025     1.079E-02     9.445E-03     8.757E-01  Aqueous 
  OH-                   -6.943     -6.999     1.141E-07     1.002E-07     8.778E-01  Aqueous 
  CaOH+                 -8.205     -8.257     6.233E-09     5.531E-09     8.874E-01  Aqueous 
  NaOH(aq)             -14.038    -14.036     9.168E-15     9.202E-15     1.004E+00  Aqueous 
  CaCl+                 -5.146     -5.201     7.152E-06     6.293E-06     8.799E-01  Aqueous 
  CaCl2(aq)             -7.181     -7.179     6.597E-08     6.622E-08     1.004E+00  Aqueous 
 
  ****** Partial pressure of gases (bars) *****
 
 
  ***** Saturation state of minerals (log[Q/K] *****
 
 
 
  ***** Volum of minerals added or subtracted *****
 
 
 **************************************************************
 ------> GRID LOCATION:    42:  1:  1
 
  Temperature (C)    =     25.000
  Porosity           =      0.625
  Liquid Saturation  =      1.000
  Liquid Density     =    997.075
  Ionic Strength     =      0.016
  Solution pH        =      6.999
  Total Charge       =  9.923E-07
 
 Total Aqueous Concentrations of Primary Species 
 --------------------------------------- 
 
   Species              Molality       Type 
 H+                  -8.5627E-09     Aqueous      
 Ca++                 5.3616E-03     Aqueous      
 Na+                  6.5777E-07     Aqueous      
 Cl-                  1.0723E-02     Aqueous      
 
 Exchangers           Equiv/kgw        Equiv/g solid    Equiv/m^3 bulk
 X-                   1.4427E+00       9.2000E-04       8.9907E+02
 
 Total Concentrations in Exchange Sites 
 -------------------------------------- 
 
 Exchangers           Equiv/kgw        Equiv/g solid    Equiv/m^3 bulk
 Ca++                 7.2191E-01       4.6034E-04       4.4987E+02
 Na+                  5.7919E-06       3.6934E-09       3.6094E-03
 Cl-                  1.0865E-03       6.9282E-07       6.7705E-01
 
 Concentrations of Individual Species, Exchangers, and Surface Complexes 
 ----------------------------------------------------------------------- 
 
                           Log        Log                 Concentration     
 Species              Molality   Activity      Molality    Mol/m^3 blk  Type
  NaX                   -5.237     -5.396     5.792E-06     3.609E-03  Exchange
  CaX2                  -0.142      0.000     7.208E-01     4.492E+02  Exchange
  CaClX                 -2.964     -3.123     1.086E-03     6.771E-01  Exchange
                           Log        Log                                 Activity
 Species              Molality   Activity      Molality      Activity   Coefficient    Type
  H+                    -6.952     -6.999     1.117E-07     1.003E-07     8.974E-01  Aqueous 
  Ca++                  -2.271     -2.478     5.354E-03     3.325E-03     6.210E-01  Aqueous 
  Na+                   -6.182     -6.237     6.578E-07     5.790E-07     8.802E-01  Aqueous 
  Cl-                   -1.970     -2.027     1.072E-02     9.387E-03     8.760E-01  Aqueous 
  OH-                   -6.943     -6.999     1.141E-07     1.002E-07     8.782E-01  Aqueous 
  CaOH+                 -8.208     -8.259     6.200E-09     5.504E-09     8.877E-01  Aqueous 
  NaOH(aq)             -14.039    -14.037     9.146E-15     9.180E-15     1.004E+00  Aqueous 
  CaCl+                 -5.151     -5.206     7.069E-06     6.222E-06     8.802E-01  Aqueous 
  CaCl2(aq)             -7.188     -7.187     6.484E-08     6.508E-08     1.004E+00  Aqueous 
 
  ****** Partial pressure of gases (bars) *****
 
 
  ***** Saturation state of minerals (log[Q/K] *****
 
 
 
  ***** Volum of minerals added or subtracted *****
 
 
 **************************************************************
 ------> GRID LOCATION:    43:  1:  1
 
  Temperature (C)    =     25.000
  Porosity           =      0.625
  Liquid Saturation  =      1.000
  Liquid Density     =    997.075
  Ionic Strength     =      0.016
  Solution pH        =      6.999
  Total Charge       =  9.912E-07
 
 Total Aqueous Concentrations of Primary Species 
 --------------------------------------- 
 
   Species              Molality       Type 
 H+                  -8.5528E-09     Aqueous      
 Ca++                 5.3158E-03     Aqueous      
 Na+                  6.5522E-07     Aqueous      
 Cl-                  1.0631E-02     Aqueous      
 
 Exchangers           Equiv/kgw        Equiv/g solid    Equiv/m^3 bulk
 X-                   1.4427E+00       9.2000E-04       8.9907E+02
 
 Total Concentrations in Exchange Sites 
 -------------------------------------- 
 
 Exchangers           Equiv/kgw        Equiv/g solid    Equiv/m^3 bulk
 Ca++                 7.2190E-01       4.6034E-04       4.4987E+02
 Na+                  5.7922E-06       3.6936E-09       3.6096E-03
 Cl-                  1.0740E-03       6.8489E-07       6.6931E-01
 
 Concentrations of Individual Species, Exchangers, and Surface Complexes 
 ----------------------------------------------------------------------- 
 
                           Log        Log                 Concentration     
 Species              Molality   Activity      Molality    Mol/m^3 blk  Type
  NaX                   -5.237     -5.396     5.792E-06     3.610E-03  Exchange
  CaX2                  -0.142      0.000     7.208E-01     4.492E+02  Exchange
  CaClX                 -2.969     -3.128     1.074E-03     6.693E-01  Exchange
                           Log        Log                                 Activity
 Species              Molality   Activity      Molality      Activity   Coefficient    Type
  H+                    -6.952     -6.999     1.117E-07     1.002E-07     8.977E-01  Aqueous 
  Ca++                  -2.275     -2.481     5.309E-03     3.302E-03     6.220E-01  Aqueous 
  Na+                   -6.184     -6.239     6.552E-07     5.770E-07     8.806E-01  Aqueous 
  Cl-                   -1.974     -2.031     1.062E-02     9.312E-03     8.765E-01  Aqueous 
  OH-                   -6.943     -6.999     1.141E-07     1.002E-07     8.786E-01  Aqueous 
  CaOH+                 -8.211     -8.262     6.156E-09     5.467E-09     8.881E-01  Aqueous 
  NaOH(aq)             -14.040    -14.039     9.118E-15     9.151E-15     1.004E+00  Aqueous 
  CaCl+                 -5.157     -5.213     6.961E-06     6.130E-06     8.806E-01  Aqueous 
  CaCl2(aq)             -7.198     -7.197     6.336E-08     6.360E-08     1.004E+00  Aqueous 
 
  ****** Partial pressure of gases (bars) *****
 
 
  ***** Saturation state of minerals (log[Q/K] *****
 
 
 
  ***** Volum of minerals added or subtracted *****
 
 
 **************************************************************
 ------> GRID LOCATION:    44:  1:  1
 
  Temperature (C)    =     25.000
  Porosity           =      0.625
  Liquid Saturation  =      1.000
  Liquid Density     =    997.075
  Ionic Strength     =      0.016
  Solution pH        =      6.999
  Total Charge       =  9.895E-07
 
 Total Aqueous Concentrations of Primary Species 
 --------------------------------------- 
 
   Species              Molality       Type 
 H+                  -8.5383E-09     Aqueous      
 Ca++                 5.2571E-03     Aqueous      
 Na+                  6.5191E-07     Aqueous      
 Cl-                  1.0514E-02     Aqueous      
 
 Exchangers           Equiv/kgw        Equiv/g solid    Equiv/m^3 bulk
 X-                   1.4427E+00       9.2000E-04       8.9907E+02
 
 Total Concentrations in Exchange Sites 
 -------------------------------------- 
 
 Exchangers           Equiv/kgw        Equiv/g solid    Equiv/m^3 bulk
 Ca++                 7.2189E-01       4.6034E-04       4.4986E+02
 Na+                  5.7924E-06       3.6937E-09       3.6097E-03
 Cl-                  1.0581E-03       6.7475E-07       6.5940E-01
 
 Concentrations of Individual Species, Exchangers, and Surface Complexes 
 ----------------------------------------------------------------------- 
 
                           Log        Log                 Concentration     
 Species              Molality   Activity      Molality    Mol/m^3 blk  Type
  NaX                   -5.237     -5.396     5.792E-06     3.610E-03  Exchange
  CaX2                  -0.142      0.000     7.208E-01     4.492E+02  Exchange
  CaClX                 -2.975     -3.135     1.058E-03     6.594E-01  Exchange
                           Log        Log                                 Activity
 Species              Molality   Activity      Molality      Activity   Coefficient    Type
  H+                    -6.952     -6.999     1.116E-07     1.002E-07     8.981E-01  Aqueous 
  Ca++                  -2.280     -2.485     5.250E-03     3.273E-03     6.234E-01  Aqueous 
  Na+                   -6.186     -6.241     6.519E-07     5.744E-07     8.811E-01  Aqueous 
  Cl-                   -1.979     -2.035     1.051E-02     9.215E-03     8.771E-01  Aqueous 
  OH-                   -6.943     -6.999     1.140E-07     1.002E-07     8.791E-01  Aqueous 
  CaOH+                 -8.215     -8.266     6.100E-09     5.420E-09     8.886E-01  Aqueous 
  NaOH(aq)             -14.042    -14.040     9.080E-15     9.113E-15     1.004E+00  Aqueous 
  CaCl+                 -5.166     -5.221     6.823E-06     6.012E-06     8.811E-01  Aqueous 
  CaCl2(aq)             -7.211     -7.210     6.150E-08     6.173E-08     1.004E+00  Aqueous 
 
  ****** Partial pressure of gases (bars) *****
 
 
  ***** Saturation state of minerals (log[Q/K] *****
 
 
 
  ***** Volum of minerals added or subtracted *****
 
 
 **************************************************************
 ------> GRID LOCATION:    45:  1:  1
 
  Temperature (C)    =     25.000
  Porosity           =      0.625
  Liquid Saturation  =      1.000
  Liquid Density     =    997.075
  Ionic Strength     =      0.016
  Solution pH        =      6.999
  Total Charge       =  9.872E-07
 
 Total Aqueous Concentrations of Primary Species 
 --------------------------------------- 
 
   Species              Molality       Type 
 H+                  -8.5178E-09     Aqueous      
 Ca++                 5.1836E-03     Aqueous      
 Na+                  6.4772E-07     Aqueous      
 Cl-                  1.0367E-02     Aqueous      
 
 Exchangers           Equiv/kgw        Equiv/g solid    Equiv/m^3 bulk
 X-                   1.4427E+00       9.2000E-04       8.9907E+02
 
 Total Concentrations in Exchange Sites 
 -------------------------------------- 
 
 Exchangers           Equiv/kgw        Equiv/g solid    Equiv/m^3 bulk
 Ca++                 7.2188E-01       4.6033E-04       4.4986E+02
 Na+                  5.7924E-06       3.6937E-09       3.6097E-03
 Cl-                  1.0383E-03       6.6209E-07       6.4703E-01
 
 Concentrations of Individual Species, Exchangers, and Surface Complexes 
 ----------------------------------------------------------------------- 
 
                           Log        Log                 Concentration     
 Species              Molality   Activity      Molality    Mol/m^3 blk  Type
  NaX                   -5.237     -5.396     5.792E-06     3.610E-03  Exchange
  CaX2                  -0.142      0.000     7.208E-01     4.492E+02  Exchange
  CaClX                 -2.984     -3.143     1.038E-03     6.470E-01  Exchange
                           Log        Log                                 Activity
 Species              Molality   Activity      Molality      Activity   Coefficient    Type
  H+                    -6.953     -6.999     1.115E-07     1.002E-07     8.986E-01  Aqueous 
  Ca++                  -2.286     -2.490     5.177E-03     3.236E-03     6.250E-01  Aqueous 
  Na+                   -6.189     -6.243     6.477E-07     5.712E-07     8.818E-01  Aqueous 
  Cl-                   -1.985     -2.041     1.036E-02     9.094E-03     8.778E-01  Aqueous 
  OH-                   -6.943     -6.999     1.140E-07     1.003E-07     8.798E-01  Aqueous 
  CaOH+                 -8.220     -8.271     6.029E-09     5.360E-09     8.892E-01  Aqueous 
  NaOH(aq)             -14.044    -14.043     9.032E-15     9.065E-15     1.004E+00  Aqueous 
  CaCl+                 -5.177     -5.232     6.652E-06     5.866E-06     8.818E-01  Aqueous 
  CaCl2(aq)             -7.228     -7.226     5.922E-08     5.943E-08     1.004E+00  Aqueous 
 
  ****** Partial pressure of gases (bars) *****
 
 
  ***** Saturation state of minerals (log[Q/K] *****
 
 
 
  ***** Volum of minerals added or subtracted *****
 
 
 **************************************************************
 ------> GRID LOCATION:    46:  1:  1
 
  Temperature (C)    =     25.000
  Porosity           =      0.625
  Liquid Saturation  =      1.000
  Liquid Density     =    997.075
  Ionic Strength     =      0.015
  Solution pH        =      6.999
  Total Charge       =  9.839E-07
 
 Total Aqueous Concentrations of Primary Species 
 --------------------------------------- 
 
   Species              Molality       Type 
 H+                  -8.4892E-09     Aqueous      
 Ca++                 5.0934E-03     Aqueous      
 Na+                  6.4250E-07     Aqueous      
 Cl-                  1.0186E-02     Aqueous      
 
 Exchangers           Equiv/kgw        Equiv/g solid    Equiv/m^3 bulk
 X-                   1.4427E+00       9.2000E-04       8.9907E+02
 
 Total Concentrations in Exchange Sites 
 -------------------------------------- 
 
 Exchangers           Equiv/kgw        Equiv/g solid    Equiv/m^3 bulk
 Ca++                 7.2187E-01       4.6032E-04       4.4985E+02
 Na+                  5.7923E-06       3.6936E-09       3.6096E-03
 Cl-                  1.0141E-03       6.4664E-07       6.3193E-01
 
 Concentrations of Individual Species, Exchangers, and Surface Complexes 
 ----------------------------------------------------------------------- 
 
                           Log        Log                 Concentration     
 Species              Molality   Activity      Molality    Mol/m^3 blk  Type
  NaX                   -5.237     -5.396     5.792E-06     3.610E-03  Exchange
  CaX2                  -0.142      0.000     7.209E-01     4.492E+02  Exchange
  CaClX                 -2.994     -3.153     1.014E-03     6.319E-01  Exchange
                           Log        Log                                 Activity
 Species              Molality   Activity      Molality      Activity   Coefficient    Type
  H+                    -6.953     -6.999     1.114E-07     1.001E-07     8.992E-01  Aqueous 
  Ca++                  -2.294     -2.496     5.087E-03     3.190E-03     6.271E-01  Aqueous 
  Na+                   -6.192     -6.246     6.425E-07     5.671E-07     8.827E-01  Aqueous 
  Cl-                   -1.992     -2.048     1.018E-02     8.945E-03     8.787E-01  Aqueous 
  OH-                   -6.943     -6.999     1.139E-07     1.003E-07     8.807E-01  Aqueous 
  CaOH+                 -8.226     -8.277     5.941E-09     5.287E-09     8.899E-01  Aqueous 
  NaOH(aq)             -14.047    -14.046     8.972E-15     9.004E-15     1.004E+00  Aqueous 
  CaCl+                 -5.191     -5.245     6.444E-06     5.688E-06     8.827E-01  Aqueous 
  CaCl2(aq)             -7.248     -7.247     5.649E-08     5.669E-08     1.004E+00  Aqueous 
 
  ****** Partial pressure of gases (bars) *****
 
 
  ***** Saturation state of minerals (log[Q/K] *****
 
 
 
  ***** Volum of minerals added or subtracted *****
 
 
 **************************************************************
 ------> GRID LOCATION:    47:  1:  1
 
  Temperature (C)    =     25.000
  Porosity           =      0.625
  Liquid Saturation  =      1.000
  Liquid Density     =    997.075
  Ionic Strength     =      0.015
  Solution pH        =      7.000
  Total Charge       =  9.794E-07
 
 Total Aqueous Concentrations of Primary Species 
 --------------------------------------- 
 
   Species              Molality       Type 
 H+                  -8.4502E-09     Aqueous      
 Ca++                 4.9850E-03     Aqueous      
 Na+                  6.3615E-07     Aqueous      
 Cl-                  9.9696E-03     Aqueous      
 
 Exchangers           Equiv/kgw        Equiv/g solid    Equiv/m^3 bulk
 X-                   1.4427E+00       9.2000E-04       8.9907E+02
 
 Total Concentrations in Exchange Sites 
 -------------------------------------- 
 
 Exchangers           Equiv/kgw        Equiv/g solid    Equiv/m^3 bulk
 Ca++                 7.2186E-01       4.6031E-04       4.4984E+02
 Na+                  5.7921E-06       3.6935E-09       3.6094E-03
 Cl-                  9.8512E-04       6.2819E-07       6.1390E-01
 
 Concentrations of Individual Species, Exchangers, and Surface Complexes 
 ----------------------------------------------------------------------- 
 
                           Log        Log                 Concentration     
 Species              Molality   Activity      Molality    Mol/m^3 blk  Type
  NaX                   -5.237     -5.396     5.792E-06     3.609E-03  Exchange
  CaX2                  -0.142      0.000     7.209E-01     4.492E+02  Exchange
  CaClX                 -3.007     -3.166     9.851E-04     6.139E-01  Exchange
                           Log        Log                                 Activity
 Species              Molality   Activity      Molality      Activity   Coefficient    Type
  H+                    -6.954     -7.000     1.112E-07     1.001E-07     9.000E-01  Aqueous 
  Ca++                  -2.303     -2.504     4.979E-03     3.135E-03     6.297E-01  Aqueous 
  Na+                   -6.196     -6.250     6.362E-07     5.622E-07     8.837E-01  Aqueous 
  Cl-                   -2.002     -2.057     9.963E-03     8.766E-03     8.798E-01  Aqueous 
  OH-                   -6.944     -6.998     1.138E-07     1.004E-07     8.818E-01  Aqueous 
  CaOH+                 -8.234     -8.284     5.835E-09     5.198E-09     8.908E-01  Aqueous 
  NaOH(aq)             -14.051    -14.049     8.899E-15     8.930E-15     1.003E+00  Aqueous 
  CaCl+                 -5.208     -5.261     6.199E-06     5.478E-06     8.837E-01  Aqueous 
  CaCl2(aq)             -7.273     -7.272     5.331E-08     5.350E-08     1.003E+00  Aqueous 
 
  ****** Partial pressure of gases (bars) *****
 
 
  ***** Saturation state of minerals (log[Q/K] *****
 
 
 
  ***** Volum of minerals added or subtracted *****
 
 
 **************************************************************
 ------> GRID LOCATION:    48:  1:  1
 
  Temperature (C)    =     25.000
  Porosity           =      0.625
  Liquid Saturation  =      1.000
  Liquid Density     =    997.075
  Ionic Strength     =      0.015
  Solution pH        =      7.000
  Total Charge       =  9.735E-07
 
 Total Aqueous Concentrations of Primary Species 
 --------------------------------------- 
 
   Species              Molality       Type 
 H+                  -8.3982E-09     Aqueous      
 Ca++                 4.8574E-03     Aqueous      
 Na+                  6.2857E-07     Aqueous      
 Cl-                  9.7145E-03     Aqueous      
 
 Exchangers           Equiv/kgw        Equiv/g solid    Equiv/m^3 bulk
 X-                   1.4427E+00       9.2000E-04       8.9907E+02
 
 Total Concentrations in Exchange Sites 
 -------------------------------------- 
 
 Exchangers           Equiv/kgw        Equiv/g solid    Equiv/m^3 bulk
 Ca++                 7.2184E-01       4.6030E-04       4.4983E+02
 Na+                  5.7916E-06       3.6932E-09       3.6092E-03
 Cl-                  9.5129E-04       6.0662E-07       5.9282E-01
 
 Concentrations of Individual Species, Exchangers, and Surface Complexes 
 ----------------------------------------------------------------------- 
 
                           Log        Log                 Concentration     
 Species              Molality   Activity      Molality    Mol/m^3 blk  Type
  NaX                   -5.237     -5.396     5.792E-06     3.609E-03  Exchange
  CaX2                  -0.142      0.000     7.209E-01     4.492E+02  Exchange
  CaClX                 -3.022     -3.181     9.513E-04     5.928E-01  Exchange
                           Log        Log                                 Activity
 Species              Molality   Activity      Molality      Activity   Coefficient    Type
  H+                    -6.955     -7.000     1.110E-07     1.000E-07     9.009E-01  Aqueous 
  Ca++                  -2.314     -2.513     4.851E-03     3.070E-03     6.327E-01  Aqueous 
  Na+                   -6.202     -6.255     6.286E-07     5.562E-07     8.849E-01  Aqueous 
  Cl-                   -2.013     -2.068     9.708E-03     8.554E-03     8.811E-01  Aqueous 
  OH-                   -6.944     -6.998     1.137E-07     1.004E-07     8.830E-01  Aqueous 
  CaOH+                 -8.243     -8.293     5.710E-09     5.093E-09     8.919E-01  Aqueous 
  NaOH(aq)             -14.055    -14.054     8.811E-15     8.841E-15     1.003E+00  Aqueous 
  CaCl+                 -5.228     -5.281     5.915E-06     5.235E-06     8.849E-01  Aqueous 
  CaCl2(aq)             -7.303     -7.302     4.972E-08     4.989E-08     1.003E+00  Aqueous 
 
  ****** Partial pressure of gases (bars) *****
 
 
  ***** Saturation state of minerals (log[Q/K] *****
 
 
 
  ***** Volum of minerals added or subtracted *****
 
 
 **************************************************************
 ------> GRID LOCATION:    49:  1:  1
 
  Temperature (C)    =     25.000
  Porosity           =      0.625
  Liquid Saturation  =      1.000
  Liquid Density     =    997.075
  Ionic Strength     =      0.014
  Solution pH        =      7.000
  Total Charge       =  9.657E-07
 
 Total Aqueous Concentrations of Primary Species 
 --------------------------------------- 
 
   Species              Molality       Type 
 H+                  -8.3302E-09     Aqueous      
 Ca++                 4.7101E-03     Aqueous      
 Na+                  6.1966E-07     Aqueous      
 Cl-                  9.4199E-03     Aqueous      
 
 Exchangers           Equiv/kgw        Equiv/g solid    Equiv/m^3 bulk
 X-                   1.4427E+00       9.2000E-04       8.9907E+02
 
 Total Concentrations in Exchange Sites 
 -------------------------------------- 
 
 Exchangers           Equiv/kgw        Equiv/g solid    Equiv/m^3 bulk
 Ca++                 7.2182E-01       4.6029E-04       4.4982E+02
 Na+                  5.7910E-06       3.6928E-09       3.6088E-03
 Cl-                  9.1259E-04       5.8194E-07       5.6870E-01
 
 Concentrations of Individual Species, Exchangers, and Surface Complexes 
 ----------------------------------------------------------------------- 
 
                           Log        Log                 Concentration     
 Species              Molality   Activity      Molality    Mol/m^3 blk  Type
  NaX                   -5.237     -5.396     5.791E-06     3.609E-03  Exchange
  CaX2                  -0.142      0.000     7.209E-01     4.492E+02  Exchange
  CaClX                 -3.040     -3.199     9.126E-04     5.687E-01  Exchange
                           Log        Log                                 Activity
 Species              Molality   Activity      Molality      Activity   Coefficient    Type
  H+                    -6.955     -7.000     1.108E-07     9.997E-08     9.019E-01  Aqueous 
  Ca++                  -2.327     -2.524     4.704E-03     2.994E-03     6.364E-01  Aqueous 
  Na+                   -6.208     -6.260     6.197E-07     5.492E-07     8.864E-01  Aqueous 
  Cl-                   -2.026     -2.080     9.414E-03     8.309E-03     8.826E-01  Aqueous 
  OH-                   -6.945     -6.998     1.136E-07     1.005E-07     8.845E-01  Aqueous 
  CaOH+                 -8.255     -8.304     5.564E-09     4.970E-09     8.932E-01  Aqueous 
  NaOH(aq)             -14.060    -14.059     8.706E-15     8.735E-15     1.003E+00  Aqueous 
  CaCl+                 -5.252     -5.305     5.595E-06     4.959E-06     8.864E-01  Aqueous 
  CaCl2(aq)             -7.340     -7.338     4.576E-08     4.591E-08     1.003E+00  Aqueous 
 
  ****** Partial pressure of gases (bars) *****
 
 
  ***** Saturation state of minerals (log[Q/K] *****
 
 
 
  ***** Volum of minerals added or subtracted *****
 
 
 **************************************************************
 ------> GRID LOCATION:    50:  1:  1
 
  Temperature (C)    =     25.000
  Porosity           =      0.625
  Liquid Saturation  =      1.000
  Liquid Density     =    997.075
  Ionic Strength     =      0.014
  Solution pH        =      7.000
  Total Charge       =  9.558E-07
 
 Total Aqueous Concentrations of Primary Species 
 --------------------------------------- 
 
   Species              Molality       Type 
 H+                  -8.2430E-09     Aqueous      
 Ca++                 4.5433E-03     Aqueous      
 Na+                  6.0938E-07     Aqueous      
 Cl-                  9.0863E-03     Aqueous      
 
 Exchangers           Equiv/kgw        Equiv/g solid    Equiv/m^3 bulk
 X-                   1.4427E+00       9.2000E-04       8.9907E+02
 
 Total Concentrations in Exchange Sites 
 -------------------------------------- 
 
 Exchangers           Equiv/kgw        Equiv/g solid    Equiv/m^3 bulk
 Ca++                 7.2180E-01       4.6028E-04       4.4980E+02
 Na+                  5.7903E-06       3.6923E-09       3.6083E-03
 Cl-                  8.6920E-04       5.5427E-07       5.4166E-01
 
 Concentrations of Individual Species, Exchangers, and Surface Complexes 
 ----------------------------------------------------------------------- 
 
                           Log        Log                 Concentration     
 Species              Molality   Activity      Molality    Mol/m^3 blk  Type
  NaX                   -5.237     -5.396     5.790E-06     3.608E-03  Exchange
  CaX2                  -0.142      0.000     7.209E-01     4.493E+02  Exchange
  CaClX                 -3.061     -3.220     8.692E-04     5.417E-01  Exchange
                           Log        Log                                 Activity
 Species              Molality   Activity      Molality      Activity   Coefficient    Type
  H+                    -6.956     -7.000     1.106E-07     9.991E-08     9.032E-01  Aqueous 
  Ca++                  -2.343     -2.537     4.538E-03     2.907E-03     6.406E-01  Aqueous 
  Na+                   -6.215     -6.267     6.094E-07     5.412E-07     8.880E-01  Aqueous 
  Cl-                   -2.042     -2.095     9.081E-03     8.031E-03     8.844E-01  Aqueous 
  OH-                   -6.945     -6.998     1.135E-07     1.006E-07     8.863E-01  Aqueous 
  CaOH+                 -8.268     -8.316     5.398E-09     4.829E-09     8.946E-01  Aqueous 
  NaOH(aq)             -14.066    -14.065     8.585E-15     8.612E-15     1.003E+00  Aqueous 
  CaCl+                 -5.281     -5.332     5.241E-06     4.654E-06     8.880E-01  Aqueous 
  CaCl2(aq)             -7.382     -7.380     4.152E-08     4.165E-08     1.003E+00  Aqueous 
 
  ****** Partial pressure of gases (bars) *****
 
 
  ***** Saturation state of minerals (log[Q/K] *****
 
 
 
  ***** Volum of minerals added or subtracted *****
 
 
 **************************************************************
 ------> GRID LOCATION:    51:  1:  1
 
  Temperature (C)    =     25.000
  Porosity           =      0.625
  Liquid Saturation  =      1.000
  Liquid Density     =    997.075
  Ionic Strength     =      0.013
  Solution pH        =      7.001
  Total Charge       =  9.433E-07
 
 Total Aqueous Concentrations of Primary Species 
 --------------------------------------- 
 
   Species              Molality       Type 
 H+                  -8.1335E-09     Aqueous      
 Ca++                 4.3577E-03     Aqueous      
 Na+                  5.9769E-07     Aqueous      
 Cl-                  8.7151E-03     Aqueous      
 
 Exchangers           Equiv/kgw        Equiv/g solid    Equiv/m^3 bulk
 X-                   1.4427E+00       9.2000E-04       8.9907E+02
 
 Total Concentrations in Exchange Sites 
 -------------------------------------- 
 
 Exchangers           Equiv/kgw        Equiv/g solid    Equiv/m^3 bulk
 Ca++                 7.2177E-01       4.6026E-04       4.4979E+02
 Na+                  5.7894E-06       3.6918E-09       3.6078E-03
 Cl-                  8.2151E-04       5.2386E-07       5.1194E-01
 
 Concentrations of Individual Species, Exchangers, and Surface Complexes 
 ----------------------------------------------------------------------- 
 
                           Log        Log                 Concentration     
 Species              Molality   Activity      Molality    Mol/m^3 blk  Type
  NaX                   -5.237     -5.397     5.789E-06     3.608E-03  Exchange
  CaX2                  -0.142      0.000     7.210E-01     4.493E+02  Exchange
  CaClX                 -3.085     -3.245     8.215E-04     5.119E-01  Exchange
                           Log        Log                                 Activity
 Species              Molality   Activity      Molality      Activity   Coefficient    Type
  H+                    -6.957     -7.001     1.104E-07     9.984E-08     9.046E-01  Aqueous 
  Ca++                  -2.361     -2.551     4.353E-03     2.810E-03     6.455E-01  Aqueous 
  Na+                   -6.224     -6.274     5.977E-07     5.319E-07     8.899E-01  Aqueous 
  Cl-                   -2.060     -2.112     8.710E-03     7.721E-03     8.865E-01  Aqueous 
  OH-                   -6.946     -6.997     1.133E-07     1.006E-07     8.882E-01  Aqueous 
  CaOH+                 -8.283     -8.331     5.210E-09     4.670E-09     8.963E-01  Aqueous 
  NaOH(aq)             -14.073    -14.072     8.445E-15     8.471E-15     1.003E+00  Aqueous 
  CaCl+                 -5.313     -5.364     4.859E-06     4.324E-06     8.899E-01  Aqueous 
  CaCl2(aq)             -7.431     -7.429     3.709E-08     3.720E-08     1.003E+00  Aqueous 
 
  ****** Partial pressure of gases (bars) *****
 
 
  ***** Saturation state of minerals (log[Q/K] *****
 
 
 
  ***** Volum of minerals added or subtracted *****
 
 
 **************************************************************
 ------> GRID LOCATION:    52:  1:  1
 
  Temperature (C)    =     25.000
  Porosity           =      0.625
  Liquid Saturation  =      1.000
  Liquid Density     =    997.075
  Ionic Strength     =      0.012
  Solution pH        =      7.001
  Total Charge       =  9.279E-07
 
 Total Aqueous Concentrations of Primary Species 
 --------------------------------------- 
 
   Species              Molality       Type 
 H+                  -7.9985E-09     Aqueous      
 Ca++                 4.1549E-03     Aqueous      
 Na+                  5.8459E-07     Aqueous      
 Cl-                  8.3094E-03     Aqueous      
 
 Exchangers           Equiv/kgw        Equiv/g solid    Equiv/m^3 bulk
 X-                   1.4427E+00       9.2000E-04       8.9907E+02
 
 Total Concentrations in Exchange Sites 
 -------------------------------------- 
 
 Exchangers           Equiv/kgw        Equiv/g solid    Equiv/m^3 bulk
 Ca++                 7.2175E-01       4.6024E-04       4.4977E+02
 Na+                  5.7884E-06       3.6911E-09       3.6071E-03
 Cl-                  7.7010E-04       4.9108E-07       4.7990E-01
 
 Concentrations of Individual Species, Exchangers, and Surface Complexes 
 ----------------------------------------------------------------------- 
 
                           Log        Log                 Concentration     
 Species              Molality   Activity      Molality    Mol/m^3 blk  Type
  NaX                   -5.237     -5.397     5.788E-06     3.607E-03  Exchange
  CaX2                  -0.142      0.000     7.210E-01     4.493E+02  Exchange
  CaClX                 -3.113     -3.273     7.701E-04     4.799E-01  Exchange
                           Log        Log                                 Activity
 Species              Molality   Activity      Molality      Activity   Coefficient    Type
  H+                    -6.958     -7.001     1.101E-07     9.977E-08     9.062E-01  Aqueous 
  Ca++                  -2.382     -2.568     4.150E-03     2.702E-03     6.510E-01  Aqueous 
  Na+                   -6.233     -6.283     5.846E-07     5.215E-07     8.921E-01  Aqueous 
  Cl-                   -2.081     -2.132     8.305E-03     7.381E-03     8.887E-01  Aqueous 
  OH-                   -6.947     -6.997     1.131E-07     1.007E-07     8.904E-01  Aqueous 
  CaOH+                 -8.301     -8.347     5.003E-09     4.494E-09     8.982E-01  Aqueous 
  NaOH(aq)             -14.082    -14.080     8.287E-15     8.311E-15     1.003E+00  Aqueous 
  CaCl+                 -5.351     -5.401     4.456E-06     3.975E-06     8.921E-01  Aqueous 
  CaCl2(aq)             -7.487     -7.486     3.259E-08     3.269E-08     1.003E+00  Aqueous 
 
  ****** Partial pressure of gases (bars) *****
 
 
  ***** Saturation state of minerals (log[Q/K] *****
 
 
 
  ***** Volum of minerals added or subtracted *****
 
 
 **************************************************************
 ------> GRID LOCATION:    53:  1:  1
 
  Temperature (C)    =     25.000
  Porosity           =      0.625
  Liquid Saturation  =      1.000
  Liquid Density     =    997.075
  Ionic Strength     =      0.012
  Solution pH        =      7.001
  Total Charge       =  9.092E-07
 
 Total Aqueous Concentrations of Primary Species 
 --------------------------------------- 
 
   Species              Molality       Type 
 H+                  -7.8352E-09     Aqueous      
 Ca++                 3.9368E-03     Aqueous      
 Na+                  5.7010E-07     Aqueous      
 Cl-                  7.8732E-03     Aqueous      
 
 Exchangers           Equiv/kgw        Equiv/g solid    Equiv/m^3 bulk
 X-                   1.4427E+00       9.2000E-04       8.9907E+02
 
 Total Concentrations in Exchange Sites 
 -------------------------------------- 
 
 Exchangers           Equiv/kgw        Equiv/g solid    Equiv/m^3 bulk
 Ca++                 7.2172E-01       4.6023E-04       4.4976E+02
 Na+                  5.7872E-06       3.6904E-09       3.6064E-03
 Cl-                  7.1572E-04       4.5640E-07       4.4602E-01
 
 Concentrations of Individual Species, Exchangers, and Surface Complexes 
 ----------------------------------------------------------------------- 
 
                           Log        Log                 Concentration     
 Species              Molality   Activity      Molality    Mol/m^3 blk  Type
  NaX                   -5.238     -5.397     5.787E-06     3.606E-03  Exchange
  CaX2                  -0.142      0.000     7.210E-01     4.493E+02  Exchange
  CaClX                 -3.145     -3.304     7.157E-04     4.460E-01  Exchange
                           Log        Log                                 Activity
 Species              Molality   Activity      Molality      Activity   Coefficient    Type
  H+                    -6.959     -7.001     1.098E-07     9.970E-08     9.080E-01  Aqueous 
  Ca++                  -2.405     -2.588     3.933E-03     2.584E-03     6.572E-01  Aqueous 
  Na+                   -6.244     -6.292     5.701E-07     5.099E-07     8.945E-01  Aqueous 
  Cl-                   -2.104     -2.154     7.869E-03     7.014E-03     8.913E-01  Aqueous 
  OH-                   -6.947     -6.997     1.129E-07     1.008E-07     8.929E-01  Aqueous 
  CaOH+                 -8.321     -8.366     4.778E-09     4.302E-09     9.004E-01  Aqueous 
  NaOH(aq)             -14.091    -14.090     8.110E-15     8.132E-15     1.003E+00  Aqueous 
  CaCl+                 -5.394     -5.442     4.040E-06     3.613E-06     8.945E-01  Aqueous 
  CaCl2(aq)             -7.550     -7.549     2.816E-08     2.823E-08     1.003E+00  Aqueous 
 
  ****** Partial pressure of gases (bars) *****
 
 
  ***** Saturation state of minerals (log[Q/K] *****
 
 
 
  ***** Volum of minerals added or subtracted *****
 
 
 **************************************************************
 ------> GRID LOCATION:    54:  1:  1
 
  Temperature (C)    =     25.000
  Porosity           =      0.625
  Liquid Saturation  =      1.000
  Liquid Density     =    997.075
  Ionic Strength     =      0.011
  Solution pH        =      7.002
  Total Charge       =  8.871E-07
 
 Total Aqueous Concentrations of Primary Species 
 --------------------------------------- 
 
   Species              Molality       Type 
 H+                  -7.6411E-09     Aqueous      
 Ca++                 3.7061E-03     Aqueous      
 Na+                  5.5428E-07     Aqueous      
 Cl-                  7.4118E-03     Aqueous      
 
 Exchangers           Equiv/kgw        Equiv/g solid    Equiv/m^3 bulk
 X-                   1.4427E+00       9.2000E-04       8.9907E+02
 
 Total Concentrations in Exchange Sites 
 -------------------------------------- 
 
 Exchangers           Equiv/kgw        Equiv/g solid    Equiv/m^3 bulk
 Ca++                 7.2169E-01       4.6021E-04       4.4974E+02
 Na+                  5.7860E-06       3.6896E-09       3.6057E-03
 Cl-                  6.5924E-04       4.2039E-07       4.1082E-01
 
 Concentrations of Individual Species, Exchangers, and Surface Complexes 
 ----------------------------------------------------------------------- 
 
                           Log        Log                 Concentration     
 Species              Molality   Activity      Molality    Mol/m^3 blk  Type
  NaX                   -5.238     -5.397     5.786E-06     3.606E-03  Exchange
  CaX2                  -0.142      0.000     7.210E-01     4.493E+02  Exchange
  CaClX                 -3.181     -3.340     6.592E-04     4.108E-01  Exchange
                           Log        Log                                 Activity
 Species              Molality   Activity      Molality      Activity   Coefficient    Type
  H+                    -6.961     -7.002     1.095E-07     9.963E-08     9.100E-01  Aqueous 
  Ca++                  -2.432     -2.609     3.702E-03     2.459E-03     6.640E-01  Aqueous 
  Na+                   -6.256     -6.303     5.543E-07     4.973E-07     8.971E-01  Aqueous 
  Cl-                   -2.130     -2.179     7.408E-03     6.623E-03     8.941E-01  Aqueous 
  OH-                   -6.949     -6.996     1.126E-07     1.008E-07     8.956E-01  Aqueous 
  CaOH+                 -8.343     -8.388     4.537E-09     4.095E-09     9.027E-01  Aqueous 
  NaOH(aq)             -14.102    -14.100     7.915E-15     7.935E-15     1.003E+00  Aqueous 
  CaCl+                 -5.441     -5.489     3.618E-06     3.246E-06     8.971E-01  Aqueous 
  CaCl2(aq)             -7.622     -7.621     2.389E-08     2.395E-08     1.003E+00  Aqueous 
 
  ****** Partial pressure of gases (bars) *****
 
 
  ***** Saturation state of minerals (log[Q/K] *****
 
 
 
  ***** Volum of minerals added or subtracted *****
 
 
 **************************************************************
 ------> GRID LOCATION:    55:  1:  1
 
  Temperature (C)    =     25.000
  Porosity           =      0.625
  Liquid Saturation  =      1.000
  Liquid Density     =    997.075
  Ionic Strength     =      0.010
  Solution pH        =      7.002
  Total Charge       =  8.612E-07
 
 Total Aqueous Concentrations of Primary Species 
 --------------------------------------- 
 
   Species              Molality       Type 
 H+                  -7.4147E-09     Aqueous      
 Ca++                 3.4657E-03     Aqueous      
 Na+                  5.3722E-07     Aqueous      
 Cl-                  6.9311E-03     Aqueous      
 
 Exchangers           Equiv/kgw        Equiv/g solid    Equiv/m^3 bulk
 X-                   1.4427E+00       9.2000E-04       8.9907E+02
 
 Total Concentrations in Exchange Sites 
 -------------------------------------- 
 
 Exchangers           Equiv/kgw        Equiv/g solid    Equiv/m^3 bulk
 Ca++                 7.2166E-01       4.6019E-04       4.4972E+02
 Na+                  5.7847E-06       3.6888E-09       3.6048E-03
 Cl-                  6.0161E-04       3.8364E-07       3.7491E-01
 
 Concentrations of Individual Species, Exchangers, and Surface Complexes 
 ----------------------------------------------------------------------- 
 
                           Log        Log                 Concentration     
 Species              Molality   Activity      Molality    Mol/m^3 blk  Type
  NaX                   -5.238     -5.397     5.785E-06     3.605E-03  Exchange
  CaX2                  -0.142      0.000     7.211E-01     4.493E+02  Exchange
  CaClX                 -3.221     -3.380     6.016E-04     3.749E-01  Exchange
                           Log        Log                                 Activity
 Species              Molality   Activity      Molality      Activity   Coefficient    Type
  H+                    -6.962     -7.002     1.092E-07     9.957E-08     9.122E-01  Aqueous 
  Ca++                  -2.461     -2.634     3.462E-03     2.325E-03     6.716E-01  Aqueous 
  Na+                   -6.270     -6.316     5.372E-07     4.835E-07     9.000E-01  Aqueous 
  Cl-                   -2.159     -2.207     6.928E-03     6.215E-03     8.971E-01  Aqueous 
  OH-                   -6.950     -6.996     1.123E-07     1.009E-07     8.985E-01  Aqueous 
  CaOH+                 -8.368     -8.412     4.281E-09     3.876E-09     9.053E-01  Aqueous 
  NaOH(aq)             -14.113    -14.112     7.701E-15     7.720E-15     1.002E+00  Aqueous 
  CaCl+                 -5.495     -5.540     3.201E-06     2.881E-06     9.000E-01  Aqueous 
  CaCl2(aq)             -7.701     -7.700     1.990E-08     1.995E-08     1.002E+00  Aqueous 
 
  ****** Partial pressure of gases (bars) *****
 
 
  ***** Saturation state of minerals (log[Q/K] *****
 
 
 
  ***** Volum of minerals added or subtracted *****
 
 
 **************************************************************
 ------> GRID LOCATION:    56:  1:  1
 
  Temperature (C)    =     25.000
  Porosity           =      0.625
  Liquid Saturation  =      1.000
  Liquid Density     =    997.075
  Ionic Strength     =      0.010
  Solution pH        =      7.002
  Total Charge       =  8.316E-07
 
 Total Aqueous Concentrations of Primary Species 
 --------------------------------------- 
 
   Species              Molality       Type 
 H+                  -7.1552E-09     Aqueous      
 Ca++                 3.2190E-03     Aqueous      
 Na+                  5.1902E-07     Aqueous      
 Cl-                  6.4377E-03     Aqueous      
 
 Exchangers           Equiv/kgw        Equiv/g solid    Equiv/m^3 bulk
 X-                   1.4427E+00       9.2000E-04       8.9907E+02
 
 Total Concentrations in Exchange Sites 
 -------------------------------------- 
 
 Exchangers           Equiv/kgw        Equiv/g solid    Equiv/m^3 bulk
 Ca++                 7.2163E-01       4.6017E-04       4.4970E+02
 Na+                  5.7833E-06       3.6879E-09       3.6040E-03
 Cl-                  5.4382E-04       3.4678E-07       3.3889E-01
 
 Concentrations of Individual Species, Exchangers, and Surface Complexes 
 ----------------------------------------------------------------------- 
 
                           Log        Log                 Concentration     
 Species              Molality   Activity      Molality    Mol/m^3 blk  Type
  NaX                   -5.238     -5.397     5.783E-06     3.604E-03  Exchange
  CaX2                  -0.142      0.000     7.211E-01     4.494E+02  Exchange
  CaClX                 -3.265     -3.424     5.438E-04     3.389E-01  Exchange
                           Log        Log                                 Activity
 Species              Molality   Activity      Molality      Activity   Coefficient    Type
  H+                    -6.963     -7.002     1.088E-07     9.952E-08     9.146E-01  Aqueous 
  Ca++                  -2.493     -2.660     3.216E-03     2.186E-03     6.798E-01  Aqueous 
  Na+                   -6.285     -6.329     5.190E-07     4.687E-07     9.030E-01  Aqueous 
  Cl-                   -2.191     -2.237     6.435E-03     5.793E-03     9.003E-01  Aqueous 
  OH-                   -6.951     -6.996     1.120E-07     1.009E-07     9.017E-01  Aqueous 
  CaOH+                 -8.396     -8.438     4.015E-09     3.646E-09     9.080E-01  Aqueous 
  NaOH(aq)             -14.127    -14.126     7.471E-15     7.488E-15     1.002E+00  Aqueous 
  CaCl+                 -5.553     -5.598     2.796E-06     2.525E-06     9.030E-01  Aqueous 
  CaCl2(aq)             -7.789     -7.788     1.626E-08     1.630E-08     1.002E+00  Aqueous 
 
  ****** Partial pressure of gases (bars) *****
 
 
  ***** Saturation state of minerals (log[Q/K] *****
 
 
 
  ***** Volum of minerals added or subtracted *****
 
 
 **************************************************************
 ------> GRID LOCATION:    57:  1:  1
 
  Temperature (C)    =     25.000
  Porosity           =      0.625
  Liquid Saturation  =      1.000
  Liquid Density     =    997.075
  Ionic Strength     =      0.009
  Solution pH        =      7.002
  Total Charge       =  7.982E-07
 
 Total Aqueous Concentrations of Primary Species 
 --------------------------------------- 
 
   Species              Molality       Type 
 H+                  -6.8628E-09     Aqueous      
 Ca++                 2.9693E-03     Aqueous      
 Na+                  4.9980E-07     Aqueous      
 Cl-                  5.9383E-03     Aqueous      
 
 Exchangers           Equiv/kgw        Equiv/g solid    Equiv/m^3 bulk
 X-                   1.4427E+00       9.2000E-04       8.9907E+02
 
 Total Concentrations in Exchange Sites 
 -------------------------------------- 
 
 Exchangers           Equiv/kgw        Equiv/g solid    Equiv/m^3 bulk
 Ca++                 7.2161E-01       4.6015E-04       4.4968E+02
 Na+                  5.7819E-06       3.6870E-09       3.6031E-03
 Cl-                  4.8681E-04       3.1043E-07       3.0336E-01
 
 Concentrations of Individual Species, Exchangers, and Surface Complexes 
 ----------------------------------------------------------------------- 
 
                           Log        Log                 Concentration     
 Species              Molality   Activity      Molality    Mol/m^3 blk  Type
  NaX                   -5.238     -5.397     5.782E-06     3.603E-03  Exchange
  CaX2                  -0.142      0.000     7.211E-01     4.494E+02  Exchange
  CaClX                 -3.313     -3.472     4.868E-04     3.034E-01  Exchange
                           Log        Log                                 Activity
 Species              Molality   Activity      Molality      Activity   Coefficient    Type
  H+                    -6.965     -7.002     1.085E-07     9.948E-08     9.171E-01  Aqueous 
  Ca++                  -2.528     -2.690     2.967E-03     2.043E-03     6.886E-01  Aqueous 
  Na+                   -6.301     -6.344     4.998E-07     4.530E-07     9.063E-01  Aqueous 
  Cl-                   -2.227     -2.270     5.936E-03     5.365E-03     9.038E-01  Aqueous 
  OH-                   -6.952     -6.996     1.116E-07     1.010E-07     9.050E-01  Aqueous 
  CaOH+                 -8.427     -8.467     3.742E-09     3.409E-09     9.110E-01  Aqueous 
  NaOH(aq)             -14.141    -14.140     7.225E-15     7.239E-15     1.002E+00  Aqueous 
  CaCl+                 -5.618     -5.661     2.411E-06     2.185E-06     9.063E-01  Aqueous 
  CaCl2(aq)             -7.885     -7.884     1.303E-08     1.306E-08     1.002E+00  Aqueous 
 
  ****** Partial pressure of gases (bars) *****
 
 
  ***** Saturation state of minerals (log[Q/K] *****
 
 
 
  ***** Volum of minerals added or subtracted *****
 
 
 **************************************************************
 ------> GRID LOCATION:    58:  1:  1
 
  Temperature (C)    =     25.000
  Porosity           =      0.625
  Liquid Saturation  =      1.000
  Liquid Density     =    997.075
  Ionic Strength     =      0.008
  Solution pH        =      7.002
  Total Charge       =  7.612E-07
 
 Total Aqueous Concentrations of Primary Species 
 --------------------------------------- 
 
   Species              Molality       Type 
 H+                  -6.5390E-09     Aqueous      
 Ca++                 2.7200E-03     Aqueous      
 Na+                  4.7970E-07     Aqueous      
 Cl-                  5.4397E-03     Aqueous      
 
 Exchangers           Equiv/kgw        Equiv/g solid    Equiv/m^3 bulk
 X-                   1.4427E+00       9.2000E-04       8.9907E+02
 
 Total Concentrations in Exchange Sites 
 -------------------------------------- 
 
 Exchangers           Equiv/kgw        Equiv/g solid    Equiv/m^3 bulk
 Ca++                 7.2158E-01       4.6014E-04       4.4967E+02
 Na+                  5.7806E-06       3.6862E-09       3.6023E-03
 Cl-                  4.3147E-04       2.7514E-07       2.6888E-01
 
 Concentrations of Individual Species, Exchangers, and Surface Complexes 
 ----------------------------------------------------------------------- 
 
                           Log        Log                 Concentration     
 Species              Molality   Activity      Molality    Mol/m^3 blk  Type
  NaX                   -5.238     -5.397     5.781E-06     3.602E-03  Exchange
  CaX2                  -0.142      0.000     7.211E-01     4.494E+02  Exchange
  CaClX                 -3.365     -3.524     4.315E-04     2.689E-01  Exchange
                           Log        Log                                 Activity
 Species              Molality   Activity      Molality      Activity   Coefficient    Type
  H+                    -6.966     -7.002     1.081E-07     9.945E-08     9.199E-01  Aqueous 
  Ca++                  -2.566     -2.722     2.718E-03     1.897E-03     6.981E-01  Aqueous 
  Na+                   -6.319     -6.360     4.797E-07     4.364E-07     9.097E-01  Aqueous 
  Cl-                   -2.265     -2.307     5.438E-03     4.934E-03     9.074E-01  Aqueous 
  OH-                   -6.954     -6.996     1.112E-07     1.010E-07     9.086E-01  Aqueous 
  CaOH+                 -8.460     -8.499     3.464E-09     3.166E-09     9.141E-01  Aqueous 
  NaOH(aq)             -14.157    -14.156     6.964E-15     6.977E-15     1.002E+00  Aqueous 
  CaCl+                 -5.688     -5.729     2.051E-06     1.866E-06     9.097E-01  Aqueous 
  CaCl2(aq)             -7.990     -7.989     1.024E-08     1.026E-08     1.002E+00  Aqueous 
 
  ****** Partial pressure of gases (bars) *****
 
 
  ***** Saturation state of minerals (log[Q/K] *****
 
 
 
  ***** Volum of minerals added or subtracted *****
 
 
 **************************************************************
 ------> GRID LOCATION:    59:  1:  1
 
  Temperature (C)    =     25.000
  Porosity           =      0.625
  Liquid Saturation  =      1.000
  Liquid Density     =    997.075
  Ionic Strength     =      0.007
  Solution pH        =      7.002
  Total Charge       =  7.209E-07
 
 Total Aqueous Concentrations of Primary Species 
 --------------------------------------- 
 
   Species              Molality       Type 
 H+                  -6.1863E-09     Aqueous      
 Ca++                 2.4742E-03     Aqueous      
 Na+                  4.5887E-07     Aqueous      
 Cl-                  4.9481E-03     Aqueous      
 
 Exchangers           Equiv/kgw        Equiv/g solid    Equiv/m^3 bulk
 X-                   1.4427E+00       9.2000E-04       8.9907E+02
 
 Total Concentrations in Exchange Sites 
 -------------------------------------- 
 
 Exchangers           Equiv/kgw        Equiv/g solid    Equiv/m^3 bulk
 Ca++                 7.2155E-01       4.6012E-04       4.4965E+02
 Na+                  5.7793E-06       3.6853E-09       3.6015E-03
 Cl-                  3.7861E-04       2.4143E-07       2.3594E-01
 
 Concentrations of Individual Species, Exchangers, and Surface Complexes 
 ----------------------------------------------------------------------- 
 
                           Log        Log                 Concentration     
 Species              Molality   Activity      Molality    Mol/m^3 blk  Type
  NaX                   -5.238     -5.397     5.779E-06     3.601E-03  Exchange
  CaX2                  -0.142      0.000     7.212E-01     4.494E+02  Exchange
  CaClX                 -3.422     -3.581     3.786E-04     2.359E-01  Exchange
                           Log        Log                                 Activity
 Species              Molality   Activity      Molality      Activity   Coefficient    Type
  H+                    -6.968     -7.002     1.078E-07     9.943E-08     9.227E-01  Aqueous 
  Ca++                  -2.607     -2.757     2.472E-03     1.751E-03     7.081E-01  Aqueous 
  Na+                   -6.338     -6.378     4.589E-07     4.191E-07     9.133E-01  Aqueous 
  Cl-                   -2.306     -2.346     4.946E-03     4.507E-03     9.112E-01  Aqueous 
  OH-                   -6.956     -6.996     1.108E-07     1.010E-07     9.123E-01  Aqueous 
  CaOH+                 -8.497     -8.534     3.186E-09     2.922E-09     9.173E-01  Aqueous 
  NaOH(aq)             -14.175    -14.174     6.690E-15     6.702E-15     1.002E+00  Aqueous 
  CaCl+                 -5.764     -5.803     1.722E-06     1.573E-06     9.133E-01  Aqueous 
  CaCl2(aq)             -8.103     -8.102     7.886E-09     7.899E-09     1.002E+00  Aqueous 
 
  ****** Partial pressure of gases (bars) *****
 
 
  ***** Saturation state of minerals (log[Q/K] *****
 
 
 
  ***** Volum of minerals added or subtracted *****
 
 
 **************************************************************
 ------> GRID LOCATION:    60:  1:  1
 
  Temperature (C)    =     25.000
  Porosity           =      0.625
  Liquid Saturation  =      1.000
  Liquid Density     =    997.075
  Ionic Strength     =      0.007
  Solution pH        =      7.003
  Total Charge       =  6.778E-07
 
 Total Aqueous Concentrations of Primary Species 
 --------------------------------------- 
 
   Species              Molality       Type 
 H+                  -5.8083E-09     Aqueous      
 Ca++                 2.2348E-03     Aqueous      
 Na+                  4.3747E-07     Aqueous      
 Cl-                  4.4694E-03     Aqueous      
 
 Exchangers           Equiv/kgw        Equiv/g solid    Equiv/m^3 bulk
 X-                   1.4427E+00       9.2000E-04       8.9907E+02
 
 Total Concentrations in Exchange Sites 
 -------------------------------------- 
 
 Exchangers           Equiv/kgw        Equiv/g solid    Equiv/m^3 bulk
 Ca++                 7.2153E-01       4.6010E-04       4.4964E+02
 Na+                  5.7780E-06       3.6845E-09       3.6007E-03
 Cl-                  3.2887E-04       2.0971E-07       2.0494E-01
 
 Concentrations of Individual Species, Exchangers, and Surface Complexes 
 ----------------------------------------------------------------------- 
 
                           Log        Log                 Concentration     
 Species              Molality   Activity      Molality    Mol/m^3 blk  Type
  NaX                   -5.238     -5.397     5.778E-06     3.601E-03  Exchange
  CaX2                  -0.142      0.000     7.212E-01     4.494E+02  Exchange
  CaClX                 -3.483     -3.642     3.289E-04     2.049E-01  Exchange
                           Log        Log                                 Activity
 Species              Molality   Activity      Molality      Activity   Coefficient    Type
  H+                    -6.969     -7.003     1.074E-07     9.942E-08     9.257E-01  Aqueous 
  Ca++                  -2.651     -2.794     2.233E-03     1.605E-03     7.187E-01  Aqueous 
  Na+                   -6.359     -6.397     4.375E-07     4.012E-07     9.171E-01  Aqueous 
  Cl-                   -2.350     -2.388     4.468E-03     4.089E-03     9.151E-01  Aqueous 
  OH-                   -6.957     -6.995     1.103E-07     1.010E-07     9.161E-01  Aqueous 
  CaOH+                 -8.536     -8.572     2.910E-09     2.679E-09     9.207E-01  Aqueous 
  NaOH(aq)             -14.193    -14.193     6.406E-15     6.416E-15     1.002E+00  Aqueous 
  CaCl+                 -5.846     -5.883     1.427E-06     1.308E-06     9.171E-01  Aqueous 
  CaCl2(aq)             -8.225     -8.225     5.950E-09     5.959E-09     1.002E+00  Aqueous 
 
  ****** Partial pressure of gases (bars) *****
 
 
  ***** Saturation state of minerals (log[Q/K] *****
 
 
 
  ***** Volum of minerals added or subtracted *****
 
 
 **************************************************************
 ------> GRID LOCATION:    61:  1:  1
 
  Temperature (C)    =     25.000
  Porosity           =      0.625
  Liquid Saturation  =      1.000
  Liquid Density     =    997.075
  Ionic Strength     =      0.006
  Solution pH        =      7.002
  Total Charge       =  6.322E-07
 
 Total Aqueous Concentrations of Primary Species 
 --------------------------------------- 
 
   Species              Molality       Type 
 H+                  -5.4096E-09     Aqueous      
 Ca++                 2.0045E-03     Aqueous      
 Na+                  4.1566E-07     Aqueous      
 Cl-                  4.0087E-03     Aqueous      
 
 Exchangers           Equiv/kgw        Equiv/g solid    Equiv/m^3 bulk
 X-                   1.4427E+00       9.2000E-04       8.9907E+02
 
 Total Concentrations in Exchange Sites 
 -------------------------------------- 
 
 Exchangers           Equiv/kgw        Equiv/g solid    Equiv/m^3 bulk
 Ca++                 7.2150E-01       4.6009E-04       4.4962E+02
 Na+                  5.7769E-06       3.6838E-09       3.6000E-03
 Cl-                  2.8275E-04       1.8030E-07       1.7620E-01
 
 Concentrations of Individual Species, Exchangers, and Surface Complexes 
 ----------------------------------------------------------------------- 
 
                           Log        Log                 Concentration     
 Species              Molality   Activity      Molality    Mol/m^3 blk  Type
  NaX                   -5.238     -5.397     5.777E-06     3.600E-03  Exchange
  CaX2                  -0.142      0.000     7.212E-01     4.494E+02  Exchange
  CaClX                 -3.549     -3.708     2.827E-04     1.762E-01  Exchange
                           Log        Log                                 Activity
 Species              Molality   Activity      Molality      Activity   Coefficient    Type
  H+                    -6.970     -7.002     1.071E-07     9.943E-08     9.288E-01  Aqueous 
  Ca++                  -2.698     -2.835     2.003E-03     1.462E-03     7.297E-01  Aqueous 
  Na+                   -6.381     -6.417     4.157E-07     3.828E-07     9.209E-01  Aqueous 
  Cl-                   -2.397     -2.434     4.008E-03     3.683E-03     9.191E-01  Aqueous 
  OH-                   -6.959     -6.996     1.098E-07     1.010E-07     9.200E-01  Aqueous 
  CaOH+                 -8.578     -8.613     2.640E-09     2.440E-09     9.243E-01  Aqueous 
  NaOH(aq)             -14.214    -14.213     6.112E-15     6.121E-15     1.001E+00  Aqueous 
  CaCl+                 -5.933     -5.969     1.166E-06     1.073E-06     9.209E-01  Aqueous 
  CaCl2(aq)             -8.357     -8.356     4.399E-09     4.405E-09     1.001E+00  Aqueous 
 
  ****** Partial pressure of gases (bars) *****
 
 
  ***** Saturation state of minerals (log[Q/K] *****
 
 
 
  ***** Volum of minerals added or subtracted *****
 
 
 **************************************************************
 ------> GRID LOCATION:    62:  1:  1
 
  Temperature (C)    =     25.000
  Porosity           =      0.625
  Liquid Saturation  =      1.000
  Liquid Density     =    997.075
  Ionic Strength     =      0.005
  Solution pH        =      7.002
  Total Charge       =  5.850E-07
 
 Total Aqueous Concentrations of Primary Species 
 --------------------------------------- 
 
   Species              Molality       Type 
 H+                  -4.9959E-09     Aqueous      
 Ca++                 1.7853E-03     Aqueous      
 Na+                  3.9360E-07     Aqueous      
 Cl-                  3.5703E-03     Aqueous      
 
 Exchangers           Equiv/kgw        Equiv/g solid    Equiv/m^3 bulk
 X-                   1.4427E+00       9.2000E-04       8.9907E+02
 
 Total Concentrations in Exchange Sites 
 -------------------------------------- 
 
 Exchangers           Equiv/kgw        Equiv/g solid    Equiv/m^3 bulk
 Ca++                 7.2148E-01       4.6007E-04       4.4961E+02
 Na+                  5.7758E-06       3.6831E-09       3.5993E-03
 Cl-                  2.4059E-04       1.5342E-07       1.4993E-01
 
 Concentrations of Individual Species, Exchangers, and Surface Complexes 
 ----------------------------------------------------------------------- 
 
                           Log        Log                 Concentration     
 Species              Molality   Activity      Molality    Mol/m^3 blk  Type
  NaX                   -5.238     -5.398     5.776E-06     3.599E-03  Exchange
  CaX2                  -0.142      0.000     7.212E-01     4.495E+02  Exchange
  CaClX                 -3.619     -3.778     2.406E-04     1.499E-01  Exchange
                           Log        Log                                 Activity
 Species              Molality   Activity      Molality      Activity   Coefficient    Type
  H+                    -6.972     -7.002     1.067E-07     9.945E-08     9.320E-01  Aqueous 
  Ca++                  -2.749     -2.879     1.784E-03     1.322E-03     7.412E-01  Aqueous 
  Na+                   -6.405     -6.439     3.936E-07     3.640E-07     9.248E-01  Aqueous 
  Cl-                   -2.447     -2.482     3.569E-03     3.295E-03     9.232E-01  Aqueous 
  OH-                   -6.961     -6.996     1.093E-07     1.010E-07     9.240E-01  Aqueous 
  CaOH+                 -8.624     -8.656     2.379E-09     2.207E-09     9.279E-01  Aqueous 
  NaOH(aq)             -14.236    -14.235     5.812E-15     5.819E-15     1.001E+00  Aqueous 
  CaCl+                 -6.027     -6.061     9.394E-07     8.687E-07     9.248E-01  Aqueous 
  CaCl2(aq)             -8.497     -8.496     3.186E-09     3.189E-09     1.001E+00  Aqueous 
 
  ****** Partial pressure of gases (bars) *****
 
 
  ***** Saturation state of minerals (log[Q/K] *****
 
 
 
  ***** Volum of minerals added or subtracted *****
 
 
 **************************************************************
 ------> GRID LOCATION:    63:  1:  1
 
  Temperature (C)    =     25.000
  Porosity           =      0.625
  Liquid Saturation  =      1.000
  Liquid Density     =    997.075
  Ionic Strength     =      0.005
  Solution pH        =      7.002
  Total Charge       =  5.367E-07
 
 Total Aqueous Concentrations of Primary Species 
 --------------------------------------- 
 
   Species              Molality       Type 
 H+                  -4.5730E-09     Aqueous      
 Ca++                 1.5789E-03     Aqueous      
 Na+                  3.7143E-07     Aqueous      
 Cl-                  3.1576E-03     Aqueous      
 
 Exchangers           Equiv/kgw        Equiv/g solid    Equiv/m^3 bulk
 X-                   1.4427E+00       9.2000E-04       8.9907E+02
 
 Total Concentrations in Exchange Sites 
 -------------------------------------- 
 
 Exchangers           Equiv/kgw        Equiv/g solid    Equiv/m^3 bulk
 Ca++                 7.2146E-01       4.6006E-04       4.4960E+02
 Na+                  5.7748E-06       3.6825E-09       3.5987E-03
 Cl-                  2.0261E-04       1.2920E-07       1.2626E-01
 
 Concentrations of Individual Species, Exchangers, and Surface Complexes 
 ----------------------------------------------------------------------- 
 
                           Log        Log                 Concentration     
 Species              Molality   Activity      Molality    Mol/m^3 blk  Type
  NaX                   -5.238     -5.398     5.775E-06     3.599E-03  Exchange
  CaX2                  -0.142      0.000     7.213E-01     4.495E+02  Exchange
  CaClX                 -3.693     -3.853     2.026E-04     1.263E-01  Exchange
                           Log        Log                                 Activity
 Species              Molality   Activity      Molality      Activity   Coefficient    Type
  H+                    -6.973     -7.002     1.064E-07     9.948E-08     9.352E-01  Aqueous 
  Ca++                  -2.802     -2.925     1.578E-03     1.188E-03     7.530E-01  Aqueous 
  Na+                   -6.430     -6.462     3.714E-07     3.450E-07     9.288E-01  Aqueous 
  Cl-                   -2.501     -2.534     3.157E-03     2.928E-03     9.273E-01  Aqueous 
  OH-                   -6.963     -6.996     1.088E-07     1.010E-07     9.281E-01  Aqueous 
  CaOH+                 -8.672     -8.703     2.128E-09     1.982E-09     9.315E-01  Aqueous 
  NaOH(aq)             -14.259    -14.259     5.508E-15     5.514E-15     1.001E+00  Aqueous 
  CaCl+                 -6.127     -6.159     7.466E-07     6.935E-07     9.288E-01  Aqueous 
  CaCl2(aq)             -8.646     -8.646     2.259E-09     2.262E-09     1.001E+00  Aqueous 
 
  ****** Partial pressure of gases (bars) *****
 
 
  ***** Saturation state of minerals (log[Q/K] *****
 
 
 
  ***** Volum of minerals added or subtracted *****
 
 
 **************************************************************
 ------> GRID LOCATION:    64:  1:  1
 
  Temperature (C)    =     25.000
  Porosity           =      0.625
  Liquid Saturation  =      1.000
  Liquid Density     =    997.075
  Ionic Strength     =      0.004
  Solution pH        =      7.002
  Total Charge       =  4.881E-07
 
 Total Aqueous Concentrations of Primary Species 
 --------------------------------------- 
 
   Species              Molality       Type 
 H+                  -4.1473E-09     Aqueous      
 Ca++                 1.3866E-03     Aqueous      
 Na+                  3.4930E-07     Aqueous      
 Cl-                  2.7731E-03     Aqueous      
 
 Exchangers           Equiv/kgw        Equiv/g solid    Equiv/m^3 bulk
 X-                   1.4427E+00       9.2000E-04       8.9907E+02
 
 Total Concentrations in Exchange Sites 
 -------------------------------------- 
 
 Exchangers           Equiv/kgw        Equiv/g solid    Equiv/m^3 bulk
 Ca++                 7.2145E-01       4.6005E-04       4.4959E+02
 Na+                  5.7740E-06       3.6820E-09       3.5982E-03
 Cl-                  1.6885E-04       1.0767E-07       1.0522E-01
 
 Concentrations of Individual Species, Exchangers, and Surface Complexes 
 ----------------------------------------------------------------------- 
 
                           Log        Log                 Concentration     
 Species              Molality   Activity      Molality    Mol/m^3 blk  Type
  NaX                   -5.239     -5.398     5.774E-06     3.598E-03  Exchange
  CaX2                  -0.142      0.000     7.213E-01     4.495E+02  Exchange
  CaClX                 -3.773     -3.932     1.688E-04     1.052E-01  Exchange
                           Log        Log                                 Activity
 Species              Molality   Activity      Molality      Activity   Coefficient    Type
  H+                    -6.975     -7.002     1.060E-07     9.952E-08     9.386E-01  Aqueous 
  Ca++                  -2.858     -2.975     1.386E-03     1.060E-03     7.650E-01  Aqueous 
  Na+                   -6.457     -6.487     3.493E-07     3.258E-07     9.328E-01  Aqueous 
  Cl-                   -2.557     -2.588     2.773E-03     2.583E-03     9.315E-01  Aqueous 
  OH-                   -6.965     -6.996     1.083E-07     1.009E-07     9.322E-01  Aqueous 
  CaOH+                 -8.723     -8.752     1.891E-09     1.768E-09     9.352E-01  Aqueous 
  NaOH(aq)             -14.284    -14.284     5.200E-15     5.205E-15     1.001E+00  Aqueous 
  CaCl+                 -6.233     -6.263     5.852E-07     5.459E-07     9.328E-01  Aqueous 
  CaCl2(aq)             -8.804     -8.804     1.569E-09     1.571E-09     1.001E+00  Aqueous 
 
  ****** Partial pressure of gases (bars) *****
 
 
  ***** Saturation state of minerals (log[Q/K] *****
 
 
 
  ***** Volum of minerals added or subtracted *****
 
 
 **************************************************************
 ------> GRID LOCATION:    65:  1:  1
 
  Temperature (C)    =     25.000
  Porosity           =      0.625
  Liquid Saturation  =      1.000
  Liquid Density     =    997.075
  Ionic Strength     =      0.004
  Solution pH        =      7.002
  Total Charge       =  4.399E-07
 
 Total Aqueous Concentrations of Primary Species 
 --------------------------------------- 
 
   Species              Molality       Type 
 H+                  -3.7252E-09     Aqueous      
 Ca++                 1.2093E-03     Aqueous      
 Na+                  3.2736E-07     Aqueous      
 Cl-                  2.4184E-03     Aqueous      
 
 Exchangers           Equiv/kgw        Equiv/g solid    Equiv/m^3 bulk
 X-                   1.4427E+00       9.2000E-04       8.9907E+02
 
 Total Concentrations in Exchange Sites 
 -------------------------------------- 
 
 Exchangers           Equiv/kgw        Equiv/g solid    Equiv/m^3 bulk
 Ca++                 7.2143E-01       4.6004E-04       4.4958E+02
 Na+                  5.7733E-06       3.6815E-09       3.5978E-03
 Cl-                  1.3923E-04       8.8785E-08       8.6766E-02
 
 Concentrations of Individual Species, Exchangers, and Surface Complexes 
 ----------------------------------------------------------------------- 
 
                           Log        Log                 Concentration     
 Species              Molality   Activity      Molality    Mol/m^3 blk  Type
  NaX                   -5.239     -5.398     5.773E-06     3.598E-03  Exchange
  CaX2                  -0.142      0.000     7.213E-01     4.495E+02  Exchange
  CaClX                 -3.856     -4.015     1.392E-04     8.677E-02  Exchange
                           Log        Log                                 Activity
 Species              Molality   Activity      Molality      Activity   Coefficient    Type
  H+                    -6.976     -7.002     1.057E-07     9.957E-08     9.419E-01  Aqueous 
  Ca++                  -2.918     -3.027     1.209E-03     9.396E-04     7.773E-01  Aqueous 
  Na+                   -6.485     -6.513     3.274E-07     3.067E-07     9.368E-01  Aqueous 
  Cl-                   -2.617     -2.645     2.418E-03     2.262E-03     9.357E-01  Aqueous 
  OH-                   -6.968     -6.996     1.078E-07     1.009E-07     9.362E-01  Aqueous 
  CaOH+                 -8.778     -8.805     1.668E-09     1.566E-09     9.390E-01  Aqueous 
  NaOH(aq)             -14.310    -14.310     4.893E-15     4.897E-15     1.001E+00  Aqueous 
  CaCl+                 -6.345     -6.373     4.523E-07     4.237E-07     9.368E-01  Aqueous 
  CaCl2(aq)             -8.972     -8.971     1.067E-09     1.068E-09     1.001E+00  Aqueous 
 
  ****** Partial pressure of gases (bars) *****
 
 
  ***** Saturation state of minerals (log[Q/K] *****
 
 
 
  ***** Volum of minerals added or subtracted *****
 
 
 **************************************************************
 ------> GRID LOCATION:    66:  1:  1
 
  Temperature (C)    =     25.000
  Porosity           =      0.625
  Liquid Saturation  =      1.000
  Liquid Density     =    997.075
  Ionic Strength     =      0.003
  Solution pH        =      7.002
  Total Charge       =  3.928E-07
 
 Total Aqueous Concentrations of Primary Species 
 --------------------------------------- 
 
   Species              Molality       Type 
 H+                  -3.3128E-09     Aqueous      
 Ca++                 1.0472E-03     Aqueous      
 Na+                  3.0573E-07     Aqueous      
 Cl-                  2.0943E-03     Aqueous      
 
 Exchangers           Equiv/kgw        Equiv/g solid    Equiv/m^3 bulk
 X-                   1.4427E+00       9.2000E-04       8.9907E+02
 
 Total Concentrations in Exchange Sites 
 -------------------------------------- 
 
 Exchangers           Equiv/kgw        Equiv/g solid    Equiv/m^3 bulk
 Ca++                 7.2142E-01       4.6003E-04       4.4957E+02
 Na+                  5.7727E-06       3.6812E-09       3.5974E-03
 Cl-                  1.1360E-04       7.2440E-08       7.0792E-02
 
 Concentrations of Individual Species, Exchangers, and Surface Complexes 
 ----------------------------------------------------------------------- 
 
                           Log        Log                 Concentration     
 Species              Molality   Activity      Molality    Mol/m^3 blk  Type
  NaX                   -5.239     -5.398     5.773E-06     3.597E-03  Exchange
  CaX2                  -0.142      0.000     7.213E-01     4.495E+02  Exchange
  CaClX                 -3.945     -4.104     1.136E-04     7.079E-02  Exchange
                           Log        Log                                 Activity
 Species              Molality   Activity      Molality      Activity   Coefficient    Type
  H+                    -6.977     -7.002     1.054E-07     9.963E-08     9.453E-01  Aqueous 
  Ca++                  -2.980     -3.083     1.047E-03     8.267E-04     7.897E-01  Aqueous 
  Na+                   -6.515     -6.541     3.057E-07     2.876E-07     9.408E-01  Aqueous 
  Cl-                   -2.679     -2.706     2.094E-03     1.968E-03     9.398E-01  Aqueous 
  OH-                   -6.970     -6.996     1.072E-07     1.008E-07     9.403E-01  Aqueous 
  CaOH+                 -8.835     -8.861     1.461E-09     1.377E-09     9.427E-01  Aqueous 
  NaOH(aq)             -14.338    -14.338     4.587E-15     4.590E-15     1.001E+00  Aqueous 
  CaCl+                 -6.463     -6.489     3.447E-07     3.243E-07     9.408E-01  Aqueous 
  CaCl2(aq)             -9.148     -9.148     7.105E-10     7.110E-10     1.001E+00  Aqueous 
 
  ****** Partial pressure of gases (bars) *****
 
 
  ***** Saturation state of minerals (log[Q/K] *****
 
 
 
  ***** Volum of minerals added or subtracted *****
 
 
 **************************************************************
 ------> GRID LOCATION:    67:  1:  1
 
  Temperature (C)    =     25.000
  Porosity           =      0.625
  Liquid Saturation  =      1.000
  Liquid Density     =    997.075
  Ionic Strength     =      0.003
  Solution pH        =      7.001
  Total Charge       =  3.474E-07
 
 Total Aqueous Concentrations of Primary Species 
 --------------------------------------- 
 
   Species              Molality       Type 
 H+                  -2.9156E-09     Aqueous      
 Ca++                 9.0053E-04     Aqueous      
 Na+                  2.8453E-07     Aqueous      
 Cl-                  1.8010E-03     Aqueous      
 
 Exchangers           Equiv/kgw        Equiv/g solid    Equiv/m^3 bulk
 X-                   1.4427E+00       9.2000E-04       8.9907E+02
 
 Total Concentrations in Exchange Sites 
 -------------------------------------- 
 
 Exchangers           Equiv/kgw        Equiv/g solid    Equiv/m^3 bulk
 Ca++                 7.2141E-01       4.6003E-04       4.4956E+02
 Na+                  5.7723E-06       3.6809E-09       3.5971E-03
 Cl-                  9.1698E-05       5.8474E-08       5.7144E-02
 
 Concentrations of Individual Species, Exchangers, and Surface Complexes 
 ----------------------------------------------------------------------- 
 
                           Log        Log                 Concentration     
 Species              Molality   Activity      Molality    Mol/m^3 blk  Type
  NaX                   -5.239     -5.398     5.772E-06     3.597E-03  Exchange
  CaX2                  -0.142      0.000     7.213E-01     4.495E+02  Exchange
  CaClX                 -4.038     -4.197     9.170E-05     5.714E-02  Exchange
                           Log        Log                                 Activity
 Species              Molality   Activity      Molality      Activity   Coefficient    Type
  H+                    -6.978     -7.001     1.051E-07     9.969E-08     9.487E-01  Aqueous 
  Ca++                  -3.046     -3.141     9.003E-04     7.221E-04     8.021E-01  Aqueous 
  Na+                   -6.546     -6.571     2.845E-07     2.688E-07     9.447E-01  Aqueous 
  Cl-                   -2.745     -2.770     1.801E-03     1.700E-03     9.438E-01  Aqueous 
  OH-                   -6.972     -6.997     1.067E-07     1.008E-07     9.443E-01  Aqueous 
  CaOH+                 -8.896     -8.920     1.270E-09     1.202E-09     9.464E-01  Aqueous 
  NaOH(aq)             -14.368    -14.368     4.284E-15     4.287E-15     1.001E+00  Aqueous 
  CaCl+                 -6.587     -6.611     2.590E-07     2.446E-07     9.447E-01  Aqueous 
  CaCl2(aq)             -9.334     -9.334     4.630E-10     4.633E-10     1.001E+00  Aqueous 
 
  ****** Partial pressure of gases (bars) *****
 
 
  ***** Saturation state of minerals (log[Q/K] *****
 
 
 
  ***** Volum of minerals added or subtracted *****
 
 
 **************************************************************
 ------> GRID LOCATION:    68:  1:  1
 
  Temperature (C)    =     25.000
  Porosity           =      0.625
  Liquid Saturation  =      1.000
  Liquid Density     =    997.075
  Ionic Strength     =      0.002
  Solution pH        =      7.001
  Total Charge       =  3.044E-07
 
 Total Aqueous Concentrations of Primary Species 
 --------------------------------------- 
 
   Species              Molality       Type 
 H+                  -2.5385E-09     Aqueous      
 Ca++                 7.6895E-04     Aqueous      
 Na+                  2.6386E-07     Aqueous      
 Cl-                  1.5379E-03     Aqueous      
 
 Exchangers           Equiv/kgw        Equiv/g solid    Equiv/m^3 bulk
 X-                   1.4427E+00       9.2000E-04       8.9907E+02
 
 Total Concentrations in Exchange Sites 
 -------------------------------------- 
 
 Exchangers           Equiv/kgw        Equiv/g solid    Equiv/m^3 bulk
 Ca++                 7.2140E-01       4.6002E-04       4.4956E+02
 Na+                  5.7720E-06       3.6807E-09       3.5970E-03
 Cl-                  7.3223E-05       4.6693E-08       4.5630E-02
 
 Concentrations of Individual Species, Exchangers, and Surface Complexes 
 ----------------------------------------------------------------------- 
 
                           Log        Log                 Concentration     
 Species              Molality   Activity      Molality    Mol/m^3 blk  Type
  NaX                   -5.239     -5.398     5.772E-06     3.597E-03  Exchange
  CaX2                  -0.142      0.000     7.213E-01     4.495E+02  Exchange
  CaClX                 -4.135     -4.295     7.322E-05     4.563E-02  Exchange
                           Log        Log                                 Activity
 Species              Molality   Activity      Molality      Activity   Coefficient    Type
  H+                    -6.980     -7.001     1.048E-07     9.975E-08     9.520E-01  Aqueous 
  Ca++                  -3.114     -3.203     7.688E-04     6.262E-04     8.145E-01  Aqueous 
  Na+                   -6.579     -6.602     2.639E-07     2.503E-07     9.486E-01  Aqueous 
  Cl-                   -2.813     -2.836     1.538E-03     1.457E-03     9.478E-01  Aqueous 
  OH-                   -6.974     -6.997     1.062E-07     1.007E-07     9.482E-01  Aqueous 
  CaOH+                 -8.960     -8.982     1.097E-09     1.042E-09     9.500E-01  Aqueous 
  NaOH(aq)             -14.399    -14.399     3.987E-15     3.989E-15     1.001E+00  Aqueous 
  CaCl+                 -6.717     -6.740     1.918E-07     1.819E-07     9.486E-01  Aqueous 
  CaCl2(aq)             -9.530     -9.530     2.952E-10     2.954E-10     1.001E+00  Aqueous 
 
  ****** Partial pressure of gases (bars) *****
 
 
  ***** Saturation state of minerals (log[Q/K] *****
 
 
 
  ***** Volum of minerals added or subtracted *****
 
 
 **************************************************************
 ------> GRID LOCATION:    69:  1:  1
 
  Temperature (C)    =     25.000
  Porosity           =      0.625
  Liquid Saturation  =      1.000
  Liquid Density     =    997.075
  Ionic Strength     =      0.002
  Solution pH        =      7.001
  Total Charge       =  2.641E-07
 
 Total Aqueous Concentrations of Primary Species 
 --------------------------------------- 
 
   Species              Molality       Type 
 H+                  -2.1855E-09     Aqueous      
 Ca++                 6.5197E-04     Aqueous      
 Na+                  2.4382E-07     Aqueous      
 Cl-                  1.3039E-03     Aqueous      
 
 Exchangers           Equiv/kgw        Equiv/g solid    Equiv/m^3 bulk
 X-                   1.4427E+00       9.2000E-04       8.9907E+02
 
 Total Concentrations in Exchange Sites 
 -------------------------------------- 
 
 Exchangers           Equiv/kgw        Equiv/g solid    Equiv/m^3 bulk
 Ca++                 7.2139E-01       4.6002E-04       4.4955E+02
 Na+                  5.7718E-06       3.6806E-09       3.5968E-03
 Cl-                  5.7834E-05       3.6880E-08       3.6041E-02
 
 Concentrations of Individual Species, Exchangers, and Surface Complexes 
 ----------------------------------------------------------------------- 
 
                           Log        Log                 Concentration     
 Species              Molality   Activity      Molality    Mol/m^3 blk  Type
  NaX                   -5.239     -5.398     5.772E-06     3.597E-03  Exchange
  CaX2                  -0.142      0.000     7.213E-01     4.495E+02  Exchange
  CaClX                 -4.238     -4.397     5.783E-05     3.604E-02  Exchange
                           Log        Log                                 Activity
 Species              Molality   Activity      Molality      Activity   Coefficient    Type
  H+                    -6.981     -7.001     1.045E-07     9.981E-08     9.553E-01  Aqueous 
  Ca++                  -3.186     -3.268     6.518E-04     5.389E-04     8.268E-01  Aqueous 
  Na+                   -6.613     -6.634     2.438E-07     2.322E-07     9.523E-01  Aqueous 
  Cl-                   -2.885     -2.906     1.304E-03     1.241E-03     9.517E-01  Aqueous 
  OH-                   -6.976     -6.997     1.057E-07     1.007E-07     9.520E-01  Aqueous 
  CaOH+                 -9.027     -9.048     9.397E-10     8.961E-10     9.536E-01  Aqueous 
  NaOH(aq)             -14.432    -14.432     3.697E-15     3.699E-15     1.000E+00  Aqueous 
  CaCl+                 -6.854     -6.875     1.400E-07     1.333E-07     9.523E-01  Aqueous 
  CaCl2(aq)             -9.735     -9.735     1.842E-10     1.843E-10     1.000E+00  Aqueous 
 
  ****** Partial pressure of gases (bars) *****
 
 
  ***** Saturation state of minerals (log[Q/K] *****
 
 
 
  ***** Volum of minerals added or subtracted *****
 
 
 **************************************************************
 ------> GRID LOCATION:    70:  1:  1
 
  Temperature (C)    =     25.000
  Porosity           =      0.625
  Liquid Saturation  =      1.000
  Liquid Density     =    997.075
  Ionic Strength     =      0.002
  Solution pH        =      7.001
  Total Charge       =  2.268E-07
 
 Total Aqueous Concentrations of Primary Species 
 --------------------------------------- 
 
   Species              Molality       Type 
 H+                  -1.8596E-09     Aqueous      
 Ca++                 5.4885E-04     Aqueous      
 Na+                  2.2448E-07     Aqueous      
 Cl-                  1.0977E-03     Aqueous      
 
 Exchangers           Equiv/kgw        Equiv/g solid    Equiv/m^3 bulk
 X-                   1.4427E+00       9.2000E-04       8.9907E+02
 
 Total Concentrations in Exchange Sites 
 -------------------------------------- 
 
 Exchangers           Equiv/kgw        Equiv/g solid    Equiv/m^3 bulk
 Ca++                 7.2139E-01       4.6001E-04       4.4955E+02
 Na+                  5.7718E-06       3.6805E-09       3.5968E-03
 Cl-                  4.5177E-05       2.8809E-08       2.8153E-02
 
 Concentrations of Individual Species, Exchangers, and Surface Complexes 
 ----------------------------------------------------------------------- 
 
                           Log        Log                 Concentration     
 Species              Molality   Activity      Molality    Mol/m^3 blk  Type
  NaX                   -5.239     -5.398     5.772E-06     3.597E-03  Exchange
  CaX2                  -0.142      0.000     7.213E-01     4.495E+02  Exchange
  CaClX                 -4.345     -4.504     4.518E-05     2.815E-02  Exchange
                           Log        Log                                 Activity
 Species              Molality   Activity      Molality      Activity   Coefficient    Type
  H+                    -6.982     -7.001     1.042E-07     9.987E-08     9.585E-01  Aqueous 
  Ca++                  -3.261     -3.337     5.487E-04     4.604E-04     8.389E-01  Aqueous 
  Na+                   -6.649     -6.668     2.245E-07     2.146E-07     9.560E-01  Aqueous 
  Cl-                   -2.960     -2.979     1.098E-03     1.049E-03     9.554E-01  Aqueous 
  OH-                   -6.978     -6.997     1.053E-07     1.006E-07     9.557E-01  Aqueous 
  CaOH+                 -9.097     -9.116     7.993E-10     7.650E-10     9.570E-01  Aqueous 
  NaOH(aq)             -14.467    -14.466     3.415E-15     3.416E-15     1.000E+00  Aqueous 
  CaCl+                 -6.997     -7.017     1.007E-07     9.624E-08     9.560E-01  Aqueous 
  CaCl2(aq)             -9.949     -9.949     1.124E-10     1.124E-10     1.000E+00  Aqueous 
 
  ****** Partial pressure of gases (bars) *****
 
 
  ***** Saturation state of minerals (log[Q/K] *****
 
 
 
  ***** Volum of minerals added or subtracted *****
 
 
 **************************************************************
 ------> GRID LOCATION:    71:  1:  1
 
  Temperature (C)    =     25.000
  Porosity           =      0.625
  Liquid Saturation  =      1.000
  Liquid Density     =    997.075
  Ionic Strength     =      0.001
  Solution pH        =      7.000
  Total Charge       =  1.929E-07
 
 Total Aqueous Concentrations of Primary Species 
 --------------------------------------- 
 
   Species              Molality       Type 
 H+                  -1.5627E-09     Aqueous      
 Ca++                 4.5872E-04     Aqueous      
 Na+                  2.0592E-07     Aqueous      
 Cl-                  9.1745E-04     Aqueous      
 
 Exchangers           Equiv/kgw        Equiv/g solid    Equiv/m^3 bulk
 X-                   1.4427E+00       9.2000E-04       8.9907E+02
 
 Total Concentrations in Exchange Sites 
 -------------------------------------- 
 
 Exchangers           Equiv/kgw        Equiv/g solid    Equiv/m^3 bulk
 Ca++                 7.2138E-01       4.6001E-04       4.4954E+02
 Na+                  5.7718E-06       3.6806E-09       3.5968E-03
 Cl-                  3.4897E-05       2.2253E-08       2.1747E-02
 
 Concentrations of Individual Species, Exchangers, and Surface Complexes 
 ----------------------------------------------------------------------- 
 
                           Log        Log                 Concentration     
 Species              Molality   Activity      Molality    Mol/m^3 blk  Type
  NaX                   -5.239     -5.398     5.772E-06     3.597E-03  Exchange
  CaX2                  -0.142      0.000     7.213E-01     4.495E+02  Exchange
  CaClX                 -4.457     -4.616     3.490E-05     2.175E-02  Exchange
                           Log        Log                                 Activity
 Species              Molality   Activity      Molality      Activity   Coefficient    Type
  H+                    -6.983     -7.000     1.039E-07     9.993E-08     9.617E-01  Aqueous 
  Ca++                  -3.339     -3.409     4.586E-04     3.902E-04     8.508E-01  Aqueous 
  Na+                   -6.686     -6.704     2.059E-07     1.976E-07     9.595E-01  Aqueous 
  Cl-                   -3.037     -3.056     9.174E-04     8.798E-04     9.591E-01  Aqueous 
  OH-                   -6.980     -6.998     1.048E-07     1.005E-07     9.593E-01  Aqueous 
  CaOH+                 -9.171     -9.188     6.748E-10     6.481E-10     9.604E-01  Aqueous 
  NaOH(aq)             -14.503    -14.503     3.143E-15     3.144E-15     1.000E+00  Aqueous 
  CaCl+                 -7.147     -7.165     7.133E-08     6.844E-08     9.595E-01  Aqueous 
  CaCl2(aq)            -10.173    -10.173     6.707E-11     6.709E-11     1.000E+00  Aqueous 
 
  ****** Partial pressure of gases (bars) *****
 
 
  ***** Saturation state of minerals (log[Q/K] *****
 
 
 
  ***** Volum of minerals added or subtracted *****
 
 
 **************************************************************
 ------> GRID LOCATION:    72:  1:  1
 
  Temperature (C)    =     25.000
  Porosity           =      0.625
  Liquid Saturation  =      1.000
  Liquid Density     =    997.075
  Ionic Strength     =      0.001
  Solution pH        =      7.000
  Total Charge       =  1.625E-07
 
 Total Aqueous Concentrations of Primary Species 
 --------------------------------------- 
 
   Species              Molality       Type 
 H+                  -1.2959E-09     Aqueous      
 Ca++                 3.8061E-04     Aqueous      
 Na+                  1.8818E-07     Aqueous      
 Cl-                  7.6125E-04     Aqueous      
 
 Exchangers           Equiv/kgw        Equiv/g solid    Equiv/m^3 bulk
 X-                   1.4427E+00       9.2000E-04       8.9907E+02
 
 Total Concentrations in Exchange Sites 
 -------------------------------------- 
 
 Exchangers           Equiv/kgw        Equiv/g solid    Equiv/m^3 bulk
 Ca++                 7.2138E-01       4.6001E-04       4.4954E+02
 Na+                  5.7720E-06       3.6807E-09       3.5969E-03
 Cl-                  2.6652E-05       1.6995E-08       1.6609E-02
 
 Concentrations of Individual Species, Exchangers, and Surface Complexes 
 ----------------------------------------------------------------------- 
 
                           Log        Log                 Concentration     
 Species              Molality   Activity      Molality    Mol/m^3 blk  Type
  NaX                   -5.239     -5.398     5.772E-06     3.597E-03  Exchange
  CaX2                  -0.142      0.000     7.213E-01     4.495E+02  Exchange
  CaClX                 -4.574     -4.733     2.665E-05     1.661E-02  Exchange
                           Log        Log                                 Activity
 Species              Molality   Activity      Molality      Activity   Coefficient    Type
  H+                    -6.984     -7.000     1.036E-07     9.998E-08     9.648E-01  Aqueous 
  Ca++                  -3.420     -3.484     3.806E-04     3.282E-04     8.624E-01  Aqueous 
  Na+                   -6.725     -6.742     1.882E-07     1.812E-07     9.629E-01  Aqueous 
  Cl-                   -3.119     -3.135     7.612E-04     7.327E-04     9.625E-01  Aqueous 
  OH-                   -6.981     -6.998     1.044E-07     1.005E-07     9.627E-01  Aqueous 
  CaOH+                 -9.248     -9.264     5.653E-10     5.448E-10     9.637E-01  Aqueous 
  NaOH(aq)             -14.541    -14.540     2.881E-15     2.881E-15     1.000E+00  Aqueous 
  CaCl+                 -7.303     -7.319     4.978E-08     4.794E-08     9.629E-01  Aqueous 
  CaCl2(aq)            -10.408    -10.407     3.912E-11     3.913E-11     1.000E+00  Aqueous 
 
  ****** Partial pressure of gases (bars) *****
 
 
  ***** Saturation state of minerals (log[Q/K] *****
 
 
 
  ***** Volum of minerals added or subtracted *****
 
 
 **************************************************************
 ------> GRID LOCATION:    73:  1:  1
 
  Temperature (C)    =     25.000
  Porosity           =      0.625
  Liquid Saturation  =      1.000
  Liquid Density     =    997.075
  Ionic Strength     =      0.001
  Solution pH        =      7.000
  Total Charge       =  1.354E-07
 
 Total Aqueous Concentrations of Primary Species 
 --------------------------------------- 
 
   Species              Molality       Type 
 H+                  -1.0592E-09     Aqueous      
 Ca++                 3.1348E-04     Aqueous      
 Na+                  1.7132E-07     Aqueous      
 Cl-                  6.2700E-04     Aqueous      
 
 Exchangers           Equiv/kgw        Equiv/g solid    Equiv/m^3 bulk
 X-                   1.4427E+00       9.2000E-04       8.9907E+02
 
 Total Concentrations in Exchange Sites 
 -------------------------------------- 
 
 Exchangers           Equiv/kgw        Equiv/g solid    Equiv/m^3 bulk
 Ca++                 7.2137E-01       4.6000E-04       4.4954E+02
 Na+                  5.7722E-06       3.6808E-09       3.5971E-03
 Cl-                  2.0121E-05       1.2831E-08       1.2539E-02
 
 Concentrations of Individual Species, Exchangers, and Surface Complexes 
 ----------------------------------------------------------------------- 
 
                           Log        Log                 Concentration     
 Species              Molality   Activity      Molality    Mol/m^3 blk  Type
  NaX                   -5.239     -5.398     5.772E-06     3.597E-03  Exchange
  CaX2                  -0.142      0.000     7.214E-01     4.495E+02  Exchange
  CaClX                 -4.696     -4.856     2.012E-05     1.254E-02  Exchange
                           Log        Log                                 Activity
 Species              Molality   Activity      Molality      Activity   Coefficient    Type
  H+                    -6.986     -7.000     1.034E-07     1.000E-07     9.677E-01  Aqueous 
  Ca++                  -3.504     -3.562     3.135E-04     2.739E-04     8.737E-01  Aqueous 
  Na+                   -6.766     -6.781     1.713E-07     1.655E-07     9.662E-01  Aqueous 
  Cl-                   -3.203     -3.218     6.270E-04     6.056E-04     9.658E-01  Aqueous 
  OH-                   -6.983     -6.998     1.040E-07     1.004E-07     9.660E-01  Aqueous 
  CaOH+                 -9.328     -9.343     4.699E-10     4.543E-10     9.668E-01  Aqueous 
  NaOH(aq)             -14.580    -14.580     2.630E-15     2.631E-15     1.000E+00  Aqueous 
  CaCl+                 -7.466     -7.481     3.422E-08     3.306E-08     9.662E-01  Aqueous 
  CaCl2(aq)            -10.652    -10.652     2.230E-11     2.230E-11     1.000E+00  Aqueous 
 
  ****** Partial pressure of gases (bars) *****
 
 
  ***** Saturation state of minerals (log[Q/K] *****
 
 
 
  ***** Volum of minerals added or subtracted *****
 
 
 **************************************************************
 ------> GRID LOCATION:    74:  1:  1
 
  Temperature (C)    =     25.000
  Porosity           =      0.625
  Liquid Saturation  =      1.000
  Liquid Density     =    997.075
  Ionic Strength     =      0.001
  Solution pH        =      7.000
  Total Charge       =  1.118E-07
 
 Total Aqueous Concentrations of Primary Species 
 --------------------------------------- 
 
   Species              Molality       Type 
 H+                  -8.5202E-10     Aqueous      
 Ca++                 2.5627E-04     Aqueous      
 Na+                  1.5537E-07     Aqueous      
 Cl-                  5.1259E-04     Aqueous      
 
 Exchangers           Equiv/kgw        Equiv/g solid    Equiv/m^3 bulk
 X-                   1.4427E+00       9.2000E-04       8.9907E+02
 
 Total Concentrations in Exchange Sites 
 -------------------------------------- 
 
 Exchangers           Equiv/kgw        Equiv/g solid    Equiv/m^3 bulk
 Ca++                 7.2137E-01       4.6000E-04       4.4954E+02
 Na+                  5.7725E-06       3.6810E-09       3.5973E-03
 Cl-                  1.5013E-05       9.5737E-09       9.3559E-03
 
 Concentrations of Individual Species, Exchangers, and Surface Complexes 
 ----------------------------------------------------------------------- 
 
                           Log        Log                 Concentration     
 Species              Molality   Activity      Molality    Mol/m^3 blk  Type
  NaX                   -5.239     -5.398     5.773E-06     3.597E-03  Exchange
  CaX2                  -0.142      0.000     7.214E-01     4.495E+02  Exchange
  CaClX                 -4.824     -4.983     1.501E-05     9.356E-03  Exchange
                           Log        Log                                 Activity
 Species              Molality   Activity      Molality      Activity   Coefficient    Type
  H+                    -6.987     -7.000     1.031E-07     1.001E-07     9.705E-01  Aqueous 
  Ca++                  -3.591     -3.645     2.562E-04     2.266E-04     8.845E-01  Aqueous 
  Na+                   -6.809     -6.822     1.554E-07     1.506E-07     9.693E-01  Aqueous 
  Cl-                   -3.290     -3.304     5.126E-04     4.967E-04     9.690E-01  Aqueous 
  OH-                   -6.985     -6.998     1.036E-07     1.004E-07     9.691E-01  Aqueous 
  CaOH+                 -9.412     -9.425     3.876E-10     3.759E-10     9.698E-01  Aqueous 
  NaOH(aq)             -14.621    -14.621     2.392E-15     2.392E-15     1.000E+00  Aqueous 
  CaCl+                 -7.635     -7.649     2.315E-08     2.244E-08     9.693E-01  Aqueous 
  CaCl2(aq)            -10.906    -10.906     1.242E-11     1.242E-11     1.000E+00  Aqueous 
 
  ****** Partial pressure of gases (bars) *****
 
 
  ***** Saturation state of minerals (log[Q/K] *****
 
 
 
  ***** Volum of minerals added or subtracted *****
 
 
 **************************************************************
 ------> GRID LOCATION:    75:  1:  1
 
  Temperature (C)    =     25.000
  Porosity           =      0.625
  Liquid Saturation  =      1.000
  Liquid Density     =    997.075
  Ionic Strength     =      0.001
  Solution pH        =      6.999
  Total Charge       =  9.132E-08
 
 Total Aqueous Concentrations of Primary Species 
 --------------------------------------- 
 
   Species              Molality       Type 
 H+                  -6.7293E-10     Aqueous      
 Ca++                 2.0791E-04     Aqueous      
 Na+                  1.4035E-07     Aqueous      
 Cl-                  4.1588E-04     Aqueous      
 
 Exchangers           Equiv/kgw        Equiv/g solid    Equiv/m^3 bulk
 X-                   1.4427E+00       9.2000E-04       8.9907E+02
 
 Total Concentrations in Exchange Sites 
 -------------------------------------- 
 
 Exchangers           Equiv/kgw        Equiv/g solid    Equiv/m^3 bulk
 Ca++                 7.2137E-01       4.6000E-04       4.4954E+02
 Na+                  5.7729E-06       3.6813E-09       3.5975E-03
 Cl-                  1.1070E-05       7.0589E-09       6.8983E-03
 
 Concentrations of Individual Species, Exchangers, and Surface Complexes 
 ----------------------------------------------------------------------- 
 
                           Log        Log                 Concentration     
 Species              Molality   Activity      Molality    Mol/m^3 blk  Type
  NaX                   -5.239     -5.398     5.773E-06     3.598E-03  Exchange
  CaX2                  -0.142      0.000     7.214E-01     4.495E+02  Exchange
  CaClX                 -4.956     -5.115     1.107E-05     6.898E-03  Exchange
                           Log        Log                                 Activity
 Species              Molality   Activity      Molality      Activity   Coefficient    Type
  H+                    -6.988     -6.999     1.029E-07     1.001E-07     9.732E-01  Aqueous 
  Ca++                  -3.682     -3.730     2.079E-04     1.860E-04     8.949E-01  Aqueous 
  Na+                   -6.853     -6.865     1.404E-07     1.364E-07     9.722E-01  Aqueous 
  Cl-                   -3.381     -3.393     4.159E-04     4.042E-04     9.720E-01  Aqueous 
  OH-                   -6.986     -6.999     1.032E-07     1.003E-07     9.721E-01  Aqueous 
  CaOH+                 -9.499     -9.511     3.171E-10     3.084E-10     9.726E-01  Aqueous 
  NaOH(aq)             -14.664    -14.664     2.167E-15     2.167E-15     1.000E+00  Aqueous 
  CaCl+                 -7.812     -7.824     1.542E-08     1.499E-08     9.722E-01  Aqueous 
  CaCl2(aq)            -11.171    -11.171     6.750E-12     6.751E-12     1.000E+00  Aqueous 
 
  ****** Partial pressure of gases (bars) *****
 
 
  ***** Saturation state of minerals (log[Q/K] *****
 
 
 
  ***** Volum of minerals added or subtracted *****
 
 
 **************************************************************
 ------> GRID LOCATION:    76:  1:  1
 
  Temperature (C)    =     25.000
  Porosity           =      0.625
  Liquid Saturation  =      1.000
  Liquid Density     =    997.075
  Ionic Strength     =      0.000
  Solution pH        =      6.999
  Total Charge       =  7.387E-08
 
 Total Aqueous Concentrations of Primary Species 
 --------------------------------------- 
 
   Species              Molality       Type 
 H+                  -5.2006E-10     Aqueous      
 Ca++                 1.6739E-04     Aqueous      
 Na+                  1.2628E-07     Aqueous      
 Cl-                  3.3482E-04     Aqueous      
 
 Exchangers           Equiv/kgw        Equiv/g solid    Equiv/m^3 bulk
 X-                   1.4427E+00       9.2000E-04       8.9907E+02
 
 Total Concentrations in Exchange Sites 
 -------------------------------------- 
 
 Exchangers           Equiv/kgw        Equiv/g solid    Equiv/m^3 bulk
 Ca++                 7.2137E-01       4.6000E-04       4.4954E+02
 Na+                  5.7734E-06       3.6815E-09       3.5978E-03
 Cl-                  8.0636E-06       5.1420E-09       5.0250E-03
 
 Concentrations of Individual Species, Exchangers, and Surface Complexes 
 ----------------------------------------------------------------------- 
 
                           Log        Log                 Concentration     
 Species              Molality   Activity      Molality    Mol/m^3 blk  Type
  NaX                   -5.239     -5.398     5.773E-06     3.598E-03  Exchange
  CaX2                  -0.142      0.000     7.214E-01     4.495E+02  Exchange
  CaClX                 -5.093     -5.253     8.064E-06     5.025E-03  Exchange
                           Log        Log                                 Activity
 Species              Molality   Activity      Molality      Activity   Coefficient    Type
  H+                    -6.989     -6.999     1.026E-07     1.002E-07     9.758E-01  Aqueous 
  Ca++                  -3.776     -3.820     1.674E-04     1.514E-04     9.047E-01  Aqueous 
  Na+                   -6.899     -6.910     1.263E-07     1.231E-07     9.749E-01  Aqueous 
  Cl-                   -3.475     -3.486     3.348E-04     3.264E-04     9.748E-01  Aqueous 
  OH-                   -6.988     -6.999     1.029E-07     1.003E-07     9.748E-01  Aqueous 
  CaOH+                 -9.590     -9.600     2.573E-10     2.509E-10     9.753E-01  Aqueous 
  NaOH(aq)             -14.709    -14.709     1.954E-15     1.954E-15     1.000E+00  Aqueous 
  CaCl+                 -7.995     -8.006     1.010E-08     9.852E-09     9.749E-01  Aqueous 
  CaCl2(aq)            -11.446    -11.446     3.582E-12     3.582E-12     1.000E+00  Aqueous 
 
  ****** Partial pressure of gases (bars) *****
 
 
  ***** Saturation state of minerals (log[Q/K] *****
 
 
 
  ***** Volum of minerals added or subtracted *****
 
 
 **************************************************************
 ------> GRID LOCATION:    77:  1:  1
 
  Temperature (C)    =     25.000
  Porosity           =      0.625
  Liquid Saturation  =      1.000
  Liquid Density     =    997.075
  Ionic Strength     =      0.000
  Solution pH        =      6.999
  Total Charge       =  5.915E-08
 
 Total Aqueous Concentrations of Primary Species 
 --------------------------------------- 
 
   Species              Molality       Type 
 H+                  -3.9120E-10     Aqueous      
 Ca++                 1.3370E-04     Aqueous      
 Na+                  1.1315E-07     Aqueous      
 Cl-                  2.6746E-04     Aqueous      
 
 Exchangers           Equiv/kgw        Equiv/g solid    Equiv/m^3 bulk
 X-                   1.4427E+00       9.2000E-04       8.9907E+02
 
 Total Concentrations in Exchange Sites 
 -------------------------------------- 
 
 Exchangers           Equiv/kgw        Equiv/g solid    Equiv/m^3 bulk
 Ca++                 7.2137E-01       4.6000E-04       4.4954E+02
 Na+                  5.7738E-06       3.6818E-09       3.5981E-03
 Cl-                  5.8020E-06       3.6998E-09       3.6156E-03
 
 Concentrations of Individual Species, Exchangers, and Surface Complexes 
 ----------------------------------------------------------------------- 
 
                           Log        Log                 Concentration     
 Species              Molality   Activity      Molality    Mol/m^3 blk  Type
  NaX                   -5.239     -5.398     5.774E-06     3.598E-03  Exchange
  CaX2                  -0.142      0.000     7.214E-01     4.495E+02  Exchange
  CaClX                 -5.236     -5.396     5.802E-06     3.616E-03  Exchange
                           Log        Log                                 Activity
 Species              Molality   Activity      Molality      Activity   Coefficient    Type
  H+                    -6.990     -6.999     1.024E-07     1.002E-07     9.782E-01  Aqueous 
  Ca++                  -3.874     -3.913     1.337E-04     1.222E-04     9.140E-01  Aqueous 
  Na+                   -6.946     -6.956     1.132E-07     1.106E-07     9.775E-01  Aqueous 
  Cl-                   -3.573     -3.583     2.675E-04     2.614E-04     9.774E-01  Aqueous 
  OH-                   -6.989     -6.999     1.026E-07     1.003E-07     9.774E-01  Aqueous 
  CaOH+                 -9.684     -9.694     2.070E-10     2.024E-10     9.778E-01  Aqueous 
  NaOH(aq)             -14.756    -14.756     1.755E-15     1.755E-15     1.000E+00  Aqueous 
  CaCl+                 -8.186     -8.196     6.514E-09     6.368E-09     9.775E-01  Aqueous 
  CaCl2(aq)            -11.732    -11.732     1.854E-12     1.854E-12     1.000E+00  Aqueous 
 
  ****** Partial pressure of gases (bars) *****
 
 
  ***** Saturation state of minerals (log[Q/K] *****
 
 
 
  ***** Volum of minerals added or subtracted *****
 
 
 **************************************************************
 ------> GRID LOCATION:    78:  1:  1
 
  Temperature (C)    =     25.000
  Porosity           =      0.625
  Liquid Saturation  =      1.000
  Liquid Density     =    997.075
  Ionic Strength     =      0.000
  Solution pH        =      6.999
  Total Charge       =  4.690E-08
 
 Total Aqueous Concentrations of Primary Species 
 --------------------------------------- 
 
   Species              Molality       Type 
 H+                  -2.8389E-10     Aqueous      
 Ca++                 1.0595E-04     Aqueous      
 Na+                  1.0097E-07     Aqueous      
 Cl-                  2.1195E-04     Aqueous      
 
 Exchangers           Equiv/kgw        Equiv/g solid    Equiv/m^3 bulk
 X-                   1.4427E+00       9.2000E-04       8.9907E+02
 
 Total Concentrations in Exchange Sites 
 -------------------------------------- 
 
 Exchangers           Equiv/kgw        Equiv/g solid    Equiv/m^3 bulk
 Ca++                 7.2137E-01       4.6000E-04       4.4953E+02
 Na+                  5.7743E-06       3.6822E-09       3.5984E-03
 Cl-                  4.1227E-06       2.6290E-09       2.5692E-03
 
 Concentrations of Individual Species, Exchangers, and Surface Complexes 
 ----------------------------------------------------------------------- 
 
                           Log        Log                 Concentration     
 Species              Molality   Activity      Molality    Mol/m^3 blk  Type
  NaX                   -5.238     -5.398     5.774E-06     3.598E-03  Exchange
  CaX2                  -0.142      0.000     7.214E-01     4.495E+02  Exchange
  CaClX                 -5.385     -5.544     4.123E-06     2.569E-03  Exchange
                           Log        Log                                 Activity
 Species              Molality   Activity      Molality      Activity   Coefficient    Type
  H+                    -6.991     -6.999     1.022E-07     1.002E-07     9.804E-01  Aqueous 
  Ca++                  -3.975     -4.010     1.059E-04     9.777E-05     9.228E-01  Aqueous 
  Na+                   -6.996     -7.005     1.010E-07     9.894E-08     9.799E-01  Aqueous 
  Cl-                   -3.674     -3.683     2.119E-04     2.077E-04     9.798E-01  Aqueous 
  OH-                   -6.990     -6.999     1.023E-07     1.003E-07     9.798E-01  Aqueous 
  CaOH+                 -9.782     -9.791     1.652E-10     1.619E-10     9.801E-01  Aqueous 
  NaOH(aq)             -14.804    -14.804     1.570E-15     1.570E-15     1.000E+00  Aqueous 
  CaCl+                 -8.384     -8.393     4.130E-09     4.047E-09     9.799E-01  Aqueous 
  CaCl2(aq)            -12.029    -12.029     9.363E-13     9.364E-13     1.000E+00  Aqueous 
 
  ****** Partial pressure of gases (bars) *****
 
 
  ***** Saturation state of minerals (log[Q/K] *****
 
 
 
  ***** Volum of minerals added or subtracted *****
 
 
 **************************************************************
 ------> GRID LOCATION:    79:  1:  1
 
  Temperature (C)    =     25.000
  Porosity           =      0.625
  Liquid Saturation  =      1.000
  Liquid Density     =    997.075
  Ionic Strength     =      0.000
  Solution pH        =      6.999
  Total Charge       =  3.681E-08
 
 Total Aqueous Concentrations of Primary Species 
 --------------------------------------- 
 
   Species              Molality       Type 
 H+                  -1.9560E-10     Aqueous      
 Ca++                 8.3275E-05     Aqueous      
 Na+                  8.9717E-08     Aqueous      
 Cl-                  1.6660E-04     Aqueous      
 
 Exchangers           Equiv/kgw        Equiv/g solid    Equiv/m^3 bulk
 X-                   1.4427E+00       9.2000E-04       8.9907E+02
 
 Total Concentrations in Exchange Sites 
 -------------------------------------- 
 
 Exchangers           Equiv/kgw        Equiv/g solid    Equiv/m^3 bulk
 Ca++                 7.2136E-01       4.6000E-04       4.4953E+02
 Na+                  5.7748E-06       3.6825E-09       3.5987E-03
 Cl-                  2.8925E-06       1.8445E-09       1.8025E-03
 
 Concentrations of Individual Species, Exchangers, and Surface Complexes 
 ----------------------------------------------------------------------- 
 
                           Log        Log                 Concentration     
 Species              Molality   Activity      Molality    Mol/m^3 blk  Type
  NaX                   -5.238     -5.398     5.775E-06     3.599E-03  Exchange
  CaX2                  -0.142      0.000     7.214E-01     4.495E+02  Exchange
  CaClX                 -5.539     -5.698     2.892E-06     1.802E-03  Exchange
                           Log        Log                                 Activity
 Species              Molality   Activity      Molality      Activity   Coefficient    Type
  H+                    -6.991     -6.999     1.020E-07     1.002E-07     9.826E-01  Aqueous 
  Ca++                  -4.079     -4.111     8.327E-05     7.753E-05     9.310E-01  Aqueous 
  Na+                   -7.047     -7.055     8.972E-08     8.811E-08     9.821E-01  Aqueous 
  Cl-                   -3.778     -3.786     1.666E-04     1.636E-04     9.820E-01  Aqueous 
  OH-                   -6.991     -6.999     1.021E-07     1.002E-07     9.821E-01  Aqueous 
  CaOH+                 -9.884     -9.892     1.307E-10     1.284E-10     9.823E-01  Aqueous 
  NaOH(aq)             -14.855    -14.855     1.398E-15     1.398E-15     1.000E+00  Aqueous 
  CaCl+                 -8.589     -8.597     2.575E-09     2.529E-09     9.821E-01  Aqueous 
  CaCl2(aq)            -12.336    -12.336     4.609E-13     4.609E-13     1.000E+00  Aqueous 
 
  ****** Partial pressure of gases (bars) *****
 
 
  ***** Saturation state of minerals (log[Q/K] *****
 
 
 
  ***** Volum of minerals added or subtracted *****
 
 
 **************************************************************
 ------> GRID LOCATION:    80:  1:  1
 
  Temperature (C)    =     25.000
  Porosity           =      0.625
  Liquid Saturation  =      1.000
  Liquid Density     =    997.075
  Ionic Strength     =      0.000
  Solution pH        =      6.999
  Total Charge       =  2.862E-08
 
 Total Aqueous Concentrations of Primary Species 
 --------------------------------------- 
 
   Species              Molality       Type 
 H+                  -1.2383E-10     Aqueous      
 Ca++                 6.4915E-05     Aqueous      
 Na+                  7.9378E-08     Aqueous      
 Cl-                  1.2988E-04     Aqueous      
 
 Exchangers           Equiv/kgw        Equiv/g solid    Equiv/m^3 bulk
 X-                   1.4427E+00       9.2000E-04       8.9907E+02
 
 Total Concentrations in Exchange Sites 
 -------------------------------------- 
 
 Exchangers           Equiv/kgw        Equiv/g solid    Equiv/m^3 bulk
 Ca++                 7.2136E-01       4.6000E-04       4.4953E+02
 Na+                  5.7753E-06       3.6828E-09       3.5990E-03
 Cl-                  2.0033E-06       1.2774E-09       1.2484E-03
 
 Concentrations of Individual Species, Exchangers, and Surface Complexes 
 ----------------------------------------------------------------------- 
 
                           Log        Log                 Concentration     
 Species              Molality   Activity      Molality    Mol/m^3 blk  Type
  NaX                   -5.238     -5.398     5.775E-06     3.599E-03  Exchange
  CaX2                  -0.142      0.000     7.214E-01     4.495E+02  Exchange
  CaClX                 -5.698     -5.857     2.003E-06     1.248E-03  Exchange
                           Log        Log                                 Activity
 Species              Molality   Activity      Molality      Activity   Coefficient    Type
  H+                    -6.992     -6.999     1.018E-07     1.002E-07     9.845E-01  Aqueous 
  Ca++                  -4.188     -4.215     6.491E-05     6.093E-05     9.387E-01  Aqueous 
  Na+                   -7.100     -7.107     7.938E-08     7.812E-08     9.842E-01  Aqueous 
  Cl-                   -3.886     -3.893     1.299E-04     1.278E-04     9.841E-01  Aqueous 
  OH-                   -6.992     -6.999     1.018E-07     1.002E-07     9.841E-01  Aqueous 
  CaOH+                 -9.989     -9.996     1.025E-10     1.009E-10     9.843E-01  Aqueous 
  NaOH(aq)             -14.907    -14.907     1.239E-15     1.239E-15     1.000E+00  Aqueous 
  CaCl+                 -8.802     -8.809     1.577E-09     1.552E-09     9.842E-01  Aqueous 
  CaCl2(aq)            -12.655    -12.655     2.211E-13     2.211E-13     1.000E+00  Aqueous 
 
  ****** Partial pressure of gases (bars) *****
 
 
  ***** Saturation state of minerals (log[Q/K] *****
 
 
 
  ***** Volum of minerals added or subtracted *****
 
 
 **************************************************************
 ------> GRID LOCATION:    81:  1:  1
 
  Temperature (C)    =     25.000
  Porosity           =      0.625
  Liquid Saturation  =      1.000
  Liquid Density     =    997.075
  Ionic Strength     =      0.000
  Solution pH        =      6.999
  Total Charge       =  2.203E-08
 
 Total Aqueous Concentrations of Primary Species 
 --------------------------------------- 
 
   Species              Molality       Type 
 H+                  -6.6159E-11     Aqueous      
 Ca++                 5.0180E-05     Aqueous      
 Na+                  6.9925E-08     Aqueous      
 Cl-                  1.0041E-04     Aqueous      
 
 Exchangers           Equiv/kgw        Equiv/g solid    Equiv/m^3 bulk
 X-                   1.4427E+00       9.2000E-04       8.9907E+02
 
 Total Concentrations in Exchange Sites 
 -------------------------------------- 
 
 Exchangers           Equiv/kgw        Equiv/g solid    Equiv/m^3 bulk
 Ca++                 7.2136E-01       4.6000E-04       4.4953E+02
 Na+                  5.7759E-06       3.6831E-09       3.5994E-03
 Cl-                  1.3693E-06       8.7320E-10       8.5333E-04
 
 Concentrations of Individual Species, Exchangers, and Surface Complexes 
 ----------------------------------------------------------------------- 
 
                           Log        Log                 Concentration     
 Species              Molality   Activity      Molality    Mol/m^3 blk  Type
  NaX                   -5.238     -5.398     5.776E-06     3.599E-03  Exchange
  CaX2                  -0.142      0.000     7.214E-01     4.495E+02  Exchange
  CaClX                 -5.863     -6.023     1.369E-06     8.533E-04  Exchange
                           Log        Log                                 Activity
 Species              Molality   Activity      Molality      Activity   Coefficient    Type
  H+                    -6.993     -6.999     1.016E-07     1.003E-07     9.863E-01  Aqueous 
  Ca++                  -4.299     -4.324     5.018E-05     4.746E-05     9.457E-01  Aqueous 
  Na+                   -7.155     -7.161     6.992E-08     6.895E-08     9.860E-01  Aqueous 
  Cl-                   -3.998     -4.004     1.004E-04     9.900E-05     9.860E-01  Aqueous 
  OH-                   -6.993     -6.999     1.016E-07     1.002E-07     9.860E-01  Aqueous 
  CaOH+                -10.099    -10.105     7.966E-11     7.856E-11     9.861E-01  Aqueous 
  NaOH(aq)             -14.961    -14.961     1.093E-15     1.093E-15     1.000E+00  Aqueous 
  CaCl+                 -9.022     -9.028     9.498E-10     9.365E-10     9.860E-01  Aqueous 
  CaCl2(aq)            -12.986    -12.986     1.033E-13     1.033E-13     1.000E+00  Aqueous 
 
  ****** Partial pressure of gases (bars) *****
 
 
  ***** Saturation state of minerals (log[Q/K] *****
 
 
 
  ***** Volum of minerals added or subtracted *****
 
 
 **************************************************************
 ------> GRID LOCATION:    82:  1:  1
 
  Temperature (C)    =     25.000
  Porosity           =      0.625
  Liquid Saturation  =      1.000
  Liquid Density     =    997.075
  Ionic Strength     =      0.000
  Solution pH        =      6.999
  Total Charge       =  1.680E-08
 
 Total Aqueous Concentrations of Primary Species 
 --------------------------------------- 
 
   Species              Molality       Type 
 H+                  -2.0358E-11     Aqueous      
 Ca++                 3.8460E-05     Aqueous      
 Na+                  6.1325E-08     Aqueous      
 Cl-                  7.6965E-05     Aqueous      
 
 Exchangers           Equiv/kgw        Equiv/g solid    Equiv/m^3 bulk
 X-                   1.4427E+00       9.2000E-04       8.9907E+02
 
 Total Concentrations in Exchange Sites 
 -------------------------------------- 
 
 Exchangers           Equiv/kgw        Equiv/g solid    Equiv/m^3 bulk
 Ca++                 7.2136E-01       4.6000E-04       4.4953E+02
 Na+                  5.7764E-06       3.6835E-09       3.5997E-03
 Cl-                  9.2366E-07       5.8900E-10       5.7560E-04
 
 Concentrations of Individual Species, Exchangers, and Surface Complexes 
 ----------------------------------------------------------------------- 
 
                           Log        Log                 Concentration     
 Species              Molality   Activity      Molality    Mol/m^3 blk  Type
  NaX                   -5.238     -5.398     5.776E-06     3.600E-03  Exchange
  CaX2                  -0.142      0.000     7.214E-01     4.495E+02  Exchange
  CaClX                 -6.034     -6.194     9.237E-07     5.756E-04  Exchange
                           Log        Log                                 Activity
 Species              Molality   Activity      Molality      Activity   Coefficient    Type
  H+                    -6.994     -6.999     1.015E-07     1.003E-07     9.879E-01  Aqueous 
  Ca++                  -4.415     -4.436     3.846E-05     3.662E-05     9.522E-01  Aqueous 
  Na+                   -7.212     -7.218     6.133E-08     6.057E-08     9.877E-01  Aqueous 
  Cl-                   -4.114     -4.119     7.696E-05     7.602E-05     9.877E-01  Aqueous 
  OH-                   -6.994     -6.999     1.014E-07     1.002E-07     9.877E-01  Aqueous 
  CaOH+                -10.212    -10.217     6.136E-11     6.062E-11     9.878E-01  Aqueous 
  NaOH(aq)             -15.017    -15.017     9.605E-16     9.605E-16     1.000E+00  Aqueous 
  CaCl+                 -9.250     -9.256     5.618E-10     5.549E-10     9.877E-01  Aqueous 
  CaCl2(aq)            -13.328    -13.328     4.700E-14     4.700E-14     1.000E+00  Aqueous 
 
  ****** Partial pressure of gases (bars) *****
 
 
  ***** Saturation state of minerals (log[Q/K] *****
 
 
 
  ***** Volum of minerals added or subtracted *****
 
 
 **************************************************************
 ------> GRID LOCATION:    83:  1:  1
 
  Temperature (C)    =     25.000
  Porosity           =      0.625
  Liquid Saturation  =      1.000
  Liquid Density     =    997.075
  Ionic Strength     =      0.000
  Solution pH        =      6.999
  Total Charge       =  1.270E-08
 
 Total Aqueous Concentrations of Primary Species 
 --------------------------------------- 
 
   Species              Molality       Type 
 H+                   1.5603E-11     Aqueous      
 Ca++                 2.9223E-05     Aqueous      
 Na+                  5.3542E-08     Aqueous      
 Cl-                  5.8487E-05     Aqueous      
 
 Exchangers           Equiv/kgw        Equiv/g solid    Equiv/m^3 bulk
 X-                   1.4427E+00       9.2000E-04       8.9907E+02
 
 Total Concentrations in Exchange Sites 
 -------------------------------------- 
 
 Exchangers           Equiv/kgw        Equiv/g solid    Equiv/m^3 bulk
 Ca++                 7.2136E-01       4.6000E-04       4.4953E+02
 Na+                  5.7768E-06       3.6838E-09       3.6000E-03
 Cl-                  6.1471E-07       3.9199E-10       3.8307E-04
 
 Concentrations of Individual Species, Exchangers, and Surface Complexes 
 ----------------------------------------------------------------------- 
 
                           Log        Log                 Concentration     
 Species              Molality   Activity      Molality    Mol/m^3 blk  Type
  NaX                   -5.238     -5.397     5.777E-06     3.600E-03  Exchange
  CaX2                  -0.142      0.000     7.214E-01     4.495E+02  Exchange
  CaClX                 -6.211     -6.371     6.147E-07     3.831E-04  Exchange
                           Log        Log                                 Activity
 Species              Molality   Activity      Molality      Activity   Coefficient    Type
  H+                    -6.994     -6.999     1.013E-07     1.003E-07     9.894E-01  Aqueous 
  Ca++                  -4.534     -4.553     2.922E-05     2.800E-05     9.581E-01  Aqueous 
  Na+                   -7.271     -7.276     5.354E-08     5.297E-08     9.893E-01  Aqueous 
  Cl-                   -4.233     -4.238     5.849E-05     5.786E-05     9.893E-01  Aqueous 
  OH-                   -6.994     -6.999     1.013E-07     1.002E-07     9.893E-01  Aqueous 
  CaOH+                -10.329    -10.334     4.684E-11     4.634E-11     9.894E-01  Aqueous 
  NaOH(aq)             -15.076    -15.076     8.399E-16     8.399E-16     1.000E+00  Aqueous 
  CaCl+                 -9.486     -9.491     3.264E-10     3.229E-10     9.893E-01  Aqueous 
  CaCl2(aq)            -13.682    -13.682     2.082E-14     2.082E-14     1.000E+00  Aqueous 
 
  ****** Partial pressure of gases (bars) *****
 
 
  ***** Saturation state of minerals (log[Q/K] *****
 
 
 
  ***** Volum of minerals added or subtracted *****
 
 
 **************************************************************
 ------> GRID LOCATION:    84:  1:  1
 
  Temperature (C)    =     25.000
  Porosity           =      0.625
  Liquid Saturation  =      1.000
  Liquid Density     =    997.075
  Ionic Strength     =      0.000
  Solution pH        =      6.999
  Total Charge       =  9.507E-09
 
 Total Aqueous Concentrations of Primary Species 
 --------------------------------------- 
 
   Species              Molality       Type 
 H+                   4.3522E-11     Aqueous      
 Ca++                 2.2011E-05     Aqueous      
 Na+                  4.6536E-08     Aqueous      
 Cl-                  4.4059E-05     Aqueous      
 
 Exchangers           Equiv/kgw        Equiv/g solid    Equiv/m^3 bulk
 X-                   1.4427E+00       9.2000E-04       8.9907E+02
 
 Total Concentrations in Exchange Sites 
 -------------------------------------- 
 
 Exchangers           Equiv/kgw        Equiv/g solid    Equiv/m^3 bulk
 Ca++                 7.2136E-01       4.6000E-04       4.4953E+02
 Na+                  5.7773E-06       3.6841E-09       3.6003E-03
 Cl-                  4.0357E-07       2.5735E-10       2.5149E-04
 
 Concentrations of Individual Species, Exchangers, and Surface Complexes 
 ----------------------------------------------------------------------- 
 
                           Log        Log                 Concentration     
 Species              Molality   Activity      Molality    Mol/m^3 blk  Type
  NaX                   -5.238     -5.397     5.777E-06     3.600E-03  Exchange
  CaX2                  -0.142      0.000     7.214E-01     4.495E+02  Exchange
  CaClX                 -6.394     -6.553     4.036E-07     2.515E-04  Exchange
                           Log        Log                                 Activity
 Species              Molality   Activity      Molality      Activity   Coefficient    Type
  H+                    -6.995     -6.999     1.012E-07     1.003E-07     9.908E-01  Aqueous 
  Ca++                  -4.657     -4.674     2.201E-05     2.121E-05     9.634E-01  Aqueous 
  Na+                   -7.332     -7.336     4.654E-08     4.610E-08     9.907E-01  Aqueous 
  Cl-                   -4.356     -4.360     4.406E-05     4.365E-05     9.907E-01  Aqueous 
  OH-                   -6.995     -6.999     1.011E-07     1.002E-07     9.907E-01  Aqueous 
  CaOH+                -10.451    -10.455     3.542E-11     3.510E-11     9.907E-01  Aqueous 
  NaOH(aq)             -15.136    -15.136     7.309E-16     7.310E-16     1.000E+00  Aqueous 
  CaCl+                 -9.730     -9.734     1.862E-10     1.845E-10     9.907E-01  Aqueous 
  CaCl2(aq)            -14.047    -14.047     8.972E-15     8.972E-15     1.000E+00  Aqueous 
 
  ****** Partial pressure of gases (bars) *****
 
 
  ***** Saturation state of minerals (log[Q/K] *****
 
 
 
  ***** Volum of minerals added or subtracted *****
 
 
 **************************************************************
 ------> GRID LOCATION:    85:  1:  1
 
  Temperature (C)    =     25.000
  Porosity           =      0.625
  Liquid Saturation  =      1.000
  Liquid Density     =    997.075
  Ionic Strength     =      0.000
  Solution pH        =      6.999
  Total Charge       =  7.060E-09
 
 Total Aqueous Concentrations of Primary Species 
 --------------------------------------- 
 
   Species              Molality       Type 
 H+                   6.4957E-11     Aqueous      
 Ca++                 1.6432E-05     Aqueous      
 Na+                  4.0260E-08     Aqueous      
 Cl-                  3.2897E-05     Aqueous      
 
 Exchangers           Equiv/kgw        Equiv/g solid    Equiv/m^3 bulk
 X-                   1.4427E+00       9.2000E-04       8.9907E+02
 
 Total Concentrations in Exchange Sites 
 -------------------------------------- 
 
 Exchangers           Equiv/kgw        Equiv/g solid    Equiv/m^3 bulk
 Ca++                 7.2136E-01       4.6000E-04       4.4953E+02
 Na+                  5.7778E-06       3.6844E-09       3.6005E-03
 Cl-                  2.6133E-07       1.6665E-10       1.6286E-04
 
 Concentrations of Individual Species, Exchangers, and Surface Complexes 
 ----------------------------------------------------------------------- 
 
                           Log        Log                 Concentration     
 Species              Molality   Activity      Molality    Mol/m^3 blk  Type
  NaX                   -5.238     -5.397     5.778E-06     3.601E-03  Exchange
  CaX2                  -0.142      0.000     7.214E-01     4.495E+02  Exchange
  CaClX                 -6.583     -6.742     2.613E-07     1.629E-04  Exchange
                           Log        Log                                 Activity
 Species              Molality   Activity      Molality      Activity   Coefficient    Type
  H+                    -6.995     -6.999     1.011E-07     1.003E-07     9.920E-01  Aqueous 
  Ca++                  -4.784     -4.798     1.643E-05     1.591E-05     9.683E-01  Aqueous 
  Na+                   -7.395     -7.399     4.026E-08     3.994E-08     9.919E-01  Aqueous 
  Cl-                   -4.483     -4.486     3.290E-05     3.263E-05     9.919E-01  Aqueous 
  OH-                   -6.996     -6.999     1.010E-07     1.002E-07     9.919E-01  Aqueous 
  CaOH+                -10.576    -10.580     2.654E-11     2.633E-11     9.920E-01  Aqueous 
  NaOH(aq)             -15.198    -15.198     6.332E-16     6.332E-16     1.000E+00  Aqueous 
  CaCl+                 -9.982     -9.985     1.043E-10     1.035E-10     9.919E-01  Aqueous 
  CaCl2(aq)            -14.425    -14.425     3.762E-15     3.762E-15     1.000E+00  Aqueous 
 
  ****** Partial pressure of gases (bars) *****
 
 
  ***** Saturation state of minerals (log[Q/K] *****
 
 
 
  ***** Volum of minerals added or subtracted *****
 
 
 **************************************************************
 ------> GRID LOCATION:    86:  1:  1
 
  Temperature (C)    =     25.000
  Porosity           =      0.625
  Liquid Saturation  =      1.000
  Liquid Density     =    997.075
  Ionic Strength     =      0.000
  Solution pH        =      6.999
  Total Charge       =  5.201E-09
 
 Total Aqueous Concentrations of Primary Species 
 --------------------------------------- 
 
   Species              Molality       Type 
 H+                   8.1233E-11     Aqueous      
 Ca++                 1.2157E-05     Aqueous      
 Na+                  3.4671E-08     Aqueous      
 Cl-                  2.4343E-05     Aqueous      
 
 Exchangers           Equiv/kgw        Equiv/g solid    Equiv/m^3 bulk
 X-                   1.4427E+00       9.2000E-04       8.9907E+02
 
 Total Concentrations in Exchange Sites 
 -------------------------------------- 
 
 Exchangers           Equiv/kgw        Equiv/g solid    Equiv/m^3 bulk
 Ca++                 7.2136E-01       4.6000E-04       4.4953E+02
 Na+                  5.7782E-06       3.6846E-09       3.6008E-03
 Cl-                  1.6690E-07       1.0643E-10       1.0401E-04
 
 Concentrations of Individual Species, Exchangers, and Surface Complexes 
 ----------------------------------------------------------------------- 
 
                           Log        Log                 Concentration     
 Species              Molality   Activity      Molality    Mol/m^3 blk  Type
  NaX                   -5.238     -5.397     5.778E-06     3.601E-03  Exchange
  CaX2                  -0.142      0.000     7.214E-01     4.495E+02  Exchange
  CaClX                 -6.778     -6.937     1.669E-07     1.040E-04  Exchange
                           Log        Log                                 Activity
 Species              Molality   Activity      Molality      Activity   Coefficient    Type
  H+                    -6.996     -6.999     1.010E-07     1.003E-07     9.931E-01  Aqueous 
  Ca++                  -4.915     -4.927     1.216E-05     1.182E-05     9.726E-01  Aqueous 
  Na+                   -7.460     -7.463     3.467E-08     3.443E-08     9.931E-01  Aqueous 
  Cl-                   -4.614     -4.617     2.434E-05     2.417E-05     9.930E-01  Aqueous 
  OH-                   -6.996     -6.999     1.009E-07     1.002E-07     9.930E-01  Aqueous 
  CaOH+                -10.705    -10.708     1.970E-11     1.957E-11     9.931E-01  Aqueous 
  NaOH(aq)             -15.263    -15.263     5.458E-16     5.458E-16     1.000E+00  Aqueous 
  CaCl+                -10.241    -10.244     5.738E-11     5.698E-11     9.931E-01  Aqueous 
  CaCl2(aq)            -14.814    -14.814     1.535E-15     1.535E-15     1.000E+00  Aqueous 
 
  ****** Partial pressure of gases (bars) *****
 
 
  ***** Saturation state of minerals (log[Q/K] *****
 
 
 
  ***** Volum of minerals added or subtracted *****
 
 
 **************************************************************
 ------> GRID LOCATION:    87:  1:  1
 
  Temperature (C)    =     25.000
  Porosity           =      0.625
  Liquid Saturation  =      1.000
  Liquid Density     =    997.075
  Ionic Strength     =      0.000
  Solution pH        =      6.999
  Total Charge       =  3.805E-09
 
 Total Aqueous Concentrations of Primary Species 
 --------------------------------------- 
 
   Species              Molality       Type 
 H+                   9.3459E-11     Aqueous      
 Ca++                 8.9131E-06     Aqueous      
 Na+                  2.9718E-08     Aqueous      
 Cl-                  1.7852E-05     Aqueous      
 
 Exchangers           Equiv/kgw        Equiv/g solid    Equiv/m^3 bulk
 X-                   1.4427E+00       9.2000E-04       8.9907E+02
 
 Total Concentrations in Exchange Sites 
 -------------------------------------- 
 
 Exchangers           Equiv/kgw        Equiv/g solid    Equiv/m^3 bulk
 Ca++                 7.2136E-01       4.6000E-04       4.4953E+02
 Na+                  5.7786E-06       3.6849E-09       3.6010E-03
 Cl-                  1.0511E-07       6.7029E-11       6.5504E-05
 
 Concentrations of Individual Species, Exchangers, and Surface Complexes 
 ----------------------------------------------------------------------- 
 
                           Log        Log                 Concentration     
 Species              Molality   Activity      Molality    Mol/m^3 blk  Type
  NaX                   -5.238     -5.397     5.779E-06     3.601E-03  Exchange
  CaX2                  -0.142      0.000     7.214E-01     4.495E+02  Exchange
  CaClX                 -6.978     -7.138     1.051E-07     6.550E-05  Exchange
                           Log        Log                                 Activity
 Species              Molality   Activity      Molality      Activity   Coefficient    Type
  H+                    -6.996     -6.999     1.009E-07     1.003E-07     9.941E-01  Aqueous 
  Ca++                  -5.050     -5.060     8.913E-06     8.703E-06     9.764E-01  Aqueous 
  Na+                   -7.527     -7.530     2.972E-08     2.954E-08     9.940E-01  Aqueous 
  Cl-                   -4.748     -4.751     1.785E-05     1.775E-05     9.940E-01  Aqueous 
  OH-                   -6.997     -6.999     1.008E-07     1.002E-07     9.940E-01  Aqueous 
  CaOH+                -10.839    -10.842     1.449E-11     1.440E-11     9.941E-01  Aqueous 
  NaOH(aq)             -15.329    -15.329     4.683E-16     4.683E-16     1.000E+00  Aqueous 
  CaCl+                -10.509    -10.512     3.097E-11     3.079E-11     9.940E-01  Aqueous 
  CaCl2(aq)            -15.216    -15.216     6.087E-16     6.087E-16     1.000E+00  Aqueous 
 
  ****** Partial pressure of gases (bars) *****
 
 
  ***** Saturation state of minerals (log[Q/K] *****
 
 
 
  ***** Volum of minerals added or subtracted *****
 
 
 **************************************************************
 ------> GRID LOCATION:    88:  1:  1
 
  Temperature (C)    =     25.000
  Porosity           =      0.625
  Liquid Saturation  =      1.000
  Liquid Density     =    997.075
  Ionic Strength     =      0.000
  Solution pH        =      6.999
  Total Charge       =  2.767E-09
 
 Total Aqueous Concentrations of Primary Species 
 --------------------------------------- 
 
   Species              Molality       Type 
 H+                   1.0254E-10     Aqueous      
 Ca++                 6.4753E-06     Aqueous      
 Na+                  2.5353E-08     Aqueous      
 Cl-                  1.2973E-05     Aqueous      
 
 Exchangers           Equiv/kgw        Equiv/g solid    Equiv/m^3 bulk
 X-                   1.4427E+00       9.2000E-04       8.9907E+02
 
 Total Concentrations in Exchange Sites 
 -------------------------------------- 
 
 Exchangers           Equiv/kgw        Equiv/g solid    Equiv/m^3 bulk
 Ca++                 7.2136E-01       4.6000E-04       4.4953E+02
 Na+                  5.7789E-06       3.6851E-09       3.6013E-03
 Cl-                  6.5279E-08       4.1627E-11       4.0680E-05
 
 Concentrations of Individual Species, Exchangers, and Surface Complexes 
 ----------------------------------------------------------------------- 
 
                           Log        Log                 Concentration     
 Species              Molality   Activity      Molality    Mol/m^3 blk  Type
  NaX                   -5.238     -5.397     5.779E-06     3.601E-03  Exchange
  CaX2                  -0.142      0.000     7.214E-01     4.495E+02  Exchange
  CaClX                 -7.185     -7.344     6.528E-08     4.068E-05  Exchange
                           Log        Log                                 Activity
 Species              Molality   Activity      Molality      Activity   Coefficient    Type
  H+                    -6.997     -6.999     1.008E-07     1.003E-07     9.949E-01  Aqueous 
  Ca++                  -5.189     -5.198     6.475E-06     6.345E-06     9.799E-01  Aqueous 
  Na+                   -7.596     -7.598     2.535E-08     2.522E-08     9.949E-01  Aqueous 
  Cl-                   -4.887     -4.889     1.297E-05     1.291E-05     9.949E-01  Aqueous 
  OH-                   -6.997     -6.999     1.007E-07     1.002E-07     9.949E-01  Aqueous 
  CaOH+                -10.977    -10.979     1.055E-11     1.050E-11     9.949E-01  Aqueous 
  NaOH(aq)             -15.398    -15.398     3.999E-16     3.999E-16     1.000E+00  Aqueous 
  CaCl+                -10.785    -10.787     1.641E-11     1.632E-11     9.949E-01  Aqueous 
  CaCl2(aq)            -15.629    -15.629     2.348E-16     2.348E-16     1.000E+00  Aqueous 
 
  ****** Partial pressure of gases (bars) *****
 
 
  ***** Saturation state of minerals (log[Q/K] *****
 
 
 
  ***** Volum of minerals added or subtracted *****
 
 
 **************************************************************
 ------> GRID LOCATION:    89:  1:  1
 
  Temperature (C)    =     25.000
  Porosity           =      0.625
  Liquid Saturation  =      1.000
  Liquid Density     =    997.075
  Ionic Strength     =      0.000
  Solution pH        =      6.999
  Total Charge       =  2.004E-09
 
 Total Aqueous Concentrations of Primary Species 
 --------------------------------------- 
 
   Species              Molality       Type 
 H+                   1.0922E-10     Aqueous      
 Ca++                 4.6611E-06     Aqueous      
 Na+                  2.1528E-08     Aqueous      
 Cl-                  9.3418E-06     Aqueous      
 
 Exchangers           Equiv/kgw        Equiv/g solid    Equiv/m^3 bulk
 X-                   1.4427E+00       9.2000E-04       8.9907E+02
 
 Total Concentrations in Exchange Sites 
 -------------------------------------- 
 
 Exchangers           Equiv/kgw        Equiv/g solid    Equiv/m^3 bulk
 Ca++                 7.2136E-01       4.6000E-04       4.4953E+02
 Na+                  5.7792E-06       3.6853E-09       3.6015E-03
 Cl-                  3.9973E-08       2.5490E-11       2.4910E-05
 
 Concentrations of Individual Species, Exchangers, and Surface Complexes 
 ----------------------------------------------------------------------- 
 
                           Log        Log                 Concentration     
 Species              Molality   Activity      Molality    Mol/m^3 blk  Type
  NaX                   -5.238     -5.397     5.779E-06     3.601E-03  Exchange
  CaX2                  -0.142      0.000     7.214E-01     4.495E+02  Exchange
  CaClX                 -7.398     -7.557     3.997E-08     2.491E-05  Exchange
                           Log        Log                                 Activity
 Species              Molality   Activity      Molality      Activity   Coefficient    Type
  H+                    -6.997     -6.999     1.007E-07     1.003E-07     9.957E-01  Aqueous 
  Ca++                  -5.332     -5.339     4.661E-06     4.581E-06     9.828E-01  Aqueous 
  Na+                   -7.667     -7.669     2.153E-08     2.143E-08     9.957E-01  Aqueous 
  Cl-                   -5.030     -5.031     9.342E-06     9.301E-06     9.957E-01  Aqueous 
  OH-                   -6.997     -6.999     1.006E-07     1.002E-07     9.957E-01  Aqueous 
  CaOH+                -11.118    -11.120     7.614E-12     7.581E-12     9.957E-01  Aqueous 
  NaOH(aq)             -15.469    -15.469     3.398E-16     3.398E-16     1.000E+00  Aqueous 
  CaCl+                -11.069    -11.071     8.531E-12     8.494E-12     9.957E-01  Aqueous 
  CaCl2(aq)            -16.055    -16.055     8.802E-17     8.802E-17     1.000E+00  Aqueous 
 
  ****** Partial pressure of gases (bars) *****
 
 
  ***** Saturation state of minerals (log[Q/K] *****
 
 
 
  ***** Volum of minerals added or subtracted *****
 
 
 **************************************************************
 ------> GRID LOCATION:    90:  1:  1
 
  Temperature (C)    =     25.000
  Porosity           =      0.625
  Liquid Saturation  =      1.000
  Liquid Density     =    997.075
  Ionic Strength     =      0.000
  Solution pH        =      6.999
  Total Charge       =  1.449E-09
 
 Total Aqueous Concentrations of Primary Species 
 --------------------------------------- 
 
   Species              Molality       Type 
 H+                   1.1409E-10     Aqueous      
 Ca++                 3.3242E-06     Aqueous      
 Na+                  1.8194E-08     Aqueous      
 Cl-                  6.6653E-06     Aqueous      
 
 Exchangers           Equiv/kgw        Equiv/g solid    Equiv/m^3 bulk
 X-                   1.4427E+00       9.2000E-04       8.9907E+02
 
 Total Concentrations in Exchange Sites 
 -------------------------------------- 
 
 Exchangers           Equiv/kgw        Equiv/g solid    Equiv/m^3 bulk
 Ca++                 7.2136E-01       4.6000E-04       4.4953E+02
 Na+                  5.7795E-06       3.6855E-09       3.6016E-03
 Cl-                  2.4134E-08       1.5390E-11       1.5040E-05
 
 Concentrations of Individual Species, Exchangers, and Surface Complexes 
 ----------------------------------------------------------------------- 
 
                           Log        Log                 Concentration     
 Species              Molality   Activity      Molality    Mol/m^3 blk  Type
  NaX                   -5.238     -5.397     5.780E-06     3.602E-03  Exchange
  CaX2                  -0.142      0.000     7.214E-01     4.495E+02  Exchange
  CaClX                 -7.617     -7.777     2.413E-08     1.504E-05  Exchange
                           Log        Log                                 Activity
 Species              Molality   Activity      Molality      Activity   Coefficient    Type
  H+                    -6.997     -6.999     1.007E-07     1.003E-07     9.964E-01  Aqueous 
  Ca++                  -5.478     -5.485     3.324E-06     3.276E-06     9.855E-01  Aqueous 
  Na+                   -7.740     -7.742     1.819E-08     1.813E-08     9.963E-01  Aqueous 
  Cl-                   -5.176     -5.178     6.665E-06     6.641E-06     9.963E-01  Aqueous 
  OH-                   -6.998     -6.999     1.005E-07     1.002E-07     9.963E-01  Aqueous 
  CaOH+                -11.264    -11.266     5.441E-12     5.421E-12     9.963E-01  Aqueous 
  NaOH(aq)             -15.542    -15.542     2.874E-16     2.874E-16     1.000E+00  Aqueous 
  CaCl+                -11.361    -11.363     4.353E-12     4.337E-12     9.963E-01  Aqueous 
  CaCl2(aq)            -16.494    -16.494     3.209E-17     3.209E-17     1.000E+00  Aqueous 
 
  ****** Partial pressure of gases (bars) *****
 
 
  ***** Saturation state of minerals (log[Q/K] *****
 
 
 
  ***** Volum of minerals added or subtracted *****
 
 
 **************************************************************
 ------> GRID LOCATION:    91:  1:  1
 
  Temperature (C)    =     25.000
  Porosity           =      0.625
  Liquid Saturation  =      1.000
  Liquid Density     =    997.075
  Ionic Strength     =      0.000
  Solution pH        =      6.999
  Total Charge       =  1.049E-09
 
 Total Aqueous Concentrations of Primary Species 
 --------------------------------------- 
 
   Species              Molality       Type 
 H+                   1.1759E-10     Aqueous      
 Ca++                 2.3488E-06     Aqueous      
 Na+                  1.5303E-08     Aqueous      
 Cl-                  4.7121E-06     Aqueous      
 
 Exchangers           Equiv/kgw        Equiv/g solid    Equiv/m^3 bulk
 X-                   1.4427E+00       9.2000E-04       8.9907E+02
 
 Total Concentrations in Exchange Sites 
 -------------------------------------- 
 
 Exchangers           Equiv/kgw        Equiv/g solid    Equiv/m^3 bulk
 Ca++                 7.2136E-01       4.6000E-04       4.4953E+02
 Na+                  5.7798E-06       3.6857E-09       3.6018E-03
 Cl-                  1.4366E-08       9.1611E-12       8.9527E-06
 
 Concentrations of Individual Species, Exchangers, and Surface Complexes 
 ----------------------------------------------------------------------- 
 
                           Log        Log                 Concentration     
 Species              Molality   Activity      Molality    Mol/m^3 blk  Type
  NaX                   -5.238     -5.397     5.780E-06     3.602E-03  Exchange
  CaX2                  -0.142      0.000     7.214E-01     4.495E+02  Exchange
  CaClX                 -7.843     -8.002     1.437E-08     8.953E-06  Exchange
                           Log        Log                                 Activity
 Species              Molality   Activity      Molality      Activity   Coefficient    Type
  H+                    -6.997     -6.999     1.006E-07     1.003E-07     9.969E-01  Aqueous 
  Ca++                  -5.629     -5.635     2.349E-06     2.320E-06     9.877E-01  Aqueous 
  Na+                   -7.815     -7.817     1.530E-08     1.526E-08     9.969E-01  Aqueous 
  Cl-                   -5.327     -5.328     4.712E-06     4.697E-06     9.969E-01  Aqueous 
  OH-                   -6.998     -6.999     1.005E-07     1.002E-07     9.969E-01  Aqueous 
  CaOH+                -11.414    -11.416     3.851E-12     3.839E-12     9.969E-01  Aqueous 
  NaOH(aq)             -15.616    -15.616     2.418E-16     2.418E-16     1.000E+00  Aqueous 
  CaCl+                -11.662    -11.663     2.179E-12     2.173E-12     9.969E-01  Aqueous 
  CaCl2(aq)            -16.944    -16.944     1.137E-17     1.137E-17     1.000E+00  Aqueous 
 
  ****** Partial pressure of gases (bars) *****
 
 
  ***** Saturation state of minerals (log[Q/K] *****
 
 
 
  ***** Volum of minerals added or subtracted *****
 
 
 **************************************************************
 ------> GRID LOCATION:    92:  1:  1
 
  Temperature (C)    =     25.000
  Porosity           =      0.625
  Liquid Saturation  =      1.000
  Liquid Density     =    997.075
  Ionic Strength     =      0.000
  Solution pH        =      6.999
  Total Charge       =  7.644E-10
 
 Total Aqueous Concentrations of Primary Species 
 --------------------------------------- 
 
   Species              Molality       Type 
 H+                   1.2008E-10     Aqueous      
 Ca++                 1.6442E-06     Aqueous      
 Na+                  1.2810E-08     Aqueous      
 Cl-                  3.3006E-06     Aqueous      
 
 Exchangers           Equiv/kgw        Equiv/g solid    Equiv/m^3 bulk
 X-                   1.4427E+00       9.2000E-04       8.9907E+02
 
 Total Concentrations in Exchange Sites 
 -------------------------------------- 
 
 Exchangers           Equiv/kgw        Equiv/g solid    Equiv/m^3 bulk
 Ca++                 7.2136E-01       4.6000E-04       4.4953E+02
 Na+                  5.7800E-06       3.6858E-09       3.6020E-03
 Cl-                  8.4319E-09       5.3768E-12       5.2545E-06
 
 Concentrations of Individual Species, Exchangers, and Surface Complexes 
 ----------------------------------------------------------------------- 
 
                           Log        Log                 Concentration     
 Species              Molality   Activity      Molality    Mol/m^3 blk  Type
  NaX                   -5.238     -5.397     5.780E-06     3.602E-03  Exchange
  CaX2                  -0.142      0.000     7.214E-01     4.495E+02  Exchange
  CaClX                 -8.074     -8.233     8.432E-09     5.255E-06  Exchange
                           Log        Log                                 Activity
 Species              Molality   Activity      Molality      Activity   Coefficient    Type
  H+                    -6.998     -6.999     1.006E-07     1.003E-07     9.974E-01  Aqueous 
  Ca++                  -5.784     -5.789     1.644E-06     1.627E-06     9.897E-01  Aqueous 
  Na+                   -7.892     -7.894     1.281E-08     1.278E-08     9.974E-01  Aqueous 
  Cl-                   -5.481     -5.483     3.301E-06     3.292E-06     9.974E-01  Aqueous 
  OH-                   -6.998     -6.999     1.004E-07     1.002E-07     9.974E-01  Aqueous 
  CaOH+                -11.569    -11.570     2.700E-12     2.693E-12     9.974E-01  Aqueous 
  NaOH(aq)             -15.693    -15.693     2.025E-16     2.025E-16     1.000E+00  Aqueous 
  CaCl+                -11.970    -11.971     1.071E-12     1.068E-12     9.974E-01  Aqueous 
  CaCl2(aq)            -17.407    -17.407     3.917E-18     3.917E-18     1.000E+00  Aqueous 
 
  ****** Partial pressure of gases (bars) *****
 
 
  ***** Saturation state of minerals (log[Q/K] *****
 
 
 
  ***** Volum of minerals added or subtracted *****
 
 
 **************************************************************
 ------> GRID LOCATION:    93:  1:  1
 
  Temperature (C)    =     25.000
  Porosity           =      0.625
  Liquid Saturation  =      1.000
  Liquid Density     =    997.075
  Ionic Strength     =      0.000
  Solution pH        =      6.999
  Total Charge       =  5.633E-10
 
 Total Aqueous Concentrations of Primary Species 
 --------------------------------------- 
 
   Species              Molality       Type 
 H+                   1.2184E-10     Aqueous      
 Ca++                 1.1402E-06     Aqueous      
 Na+                  1.0672E-08     Aqueous      
 Cl-                  2.2907E-06     Aqueous      
 
 Exchangers           Equiv/kgw        Equiv/g solid    Equiv/m^3 bulk
 X-                   1.4427E+00       9.2000E-04       8.9907E+02
 
 Total Concentrations in Exchange Sites 
 -------------------------------------- 
 
 Exchangers           Equiv/kgw        Equiv/g solid    Equiv/m^3 bulk
 Ca++                 7.2136E-01       4.6000E-04       4.4953E+02
 Na+                  5.7802E-06       3.6859E-09       3.6021E-03
 Cl-                  4.8794E-09       3.1115E-12       3.0407E-06
 
 Concentrations of Individual Species, Exchangers, and Surface Complexes 
 ----------------------------------------------------------------------- 
 
                           Log        Log                 Concentration     
 Species              Molality   Activity      Molality    Mol/m^3 blk  Type
  NaX                   -5.238     -5.397     5.780E-06     3.602E-03  Exchange
  CaX2                  -0.142      0.000     7.214E-01     4.495E+02  Exchange
  CaClX                 -8.312     -8.471     4.879E-09     3.041E-06  Exchange
                           Log        Log                                 Activity
 Species              Molality   Activity      Molality      Activity   Coefficient    Type
  H+                    -6.998     -6.999     1.005E-07     1.003E-07     9.978E-01  Aqueous 
  Ca++                  -5.943     -5.947     1.140E-06     1.130E-06     9.914E-01  Aqueous 
  Na+                   -7.972     -7.973     1.067E-08     1.065E-08     9.978E-01  Aqueous 
  Cl-                   -5.640     -5.641     2.291E-06     2.286E-06     9.978E-01  Aqueous 
  OH-                   -6.998     -6.999     1.004E-07     1.002E-07     9.978E-01  Aqueous 
  CaOH+                -11.727    -11.728     1.875E-12     1.870E-12     9.978E-01  Aqueous 
  NaOH(aq)             -15.773    -15.773     1.688E-16     1.688E-16     1.000E+00  Aqueous 
  CaCl+                -12.287    -12.288     5.162E-13     5.150E-13     9.978E-01  Aqueous 
  CaCl2(aq)            -17.882    -17.882     1.312E-18     1.312E-18     1.000E+00  Aqueous 
 
  ****** Partial pressure of gases (bars) *****
 
 
  ***** Saturation state of minerals (log[Q/K] *****
 
 
 
  ***** Volum of minerals added or subtracted *****
 
 
 **************************************************************
 ------> GRID LOCATION:    94:  1:  1
 
  Temperature (C)    =     25.000
  Porosity           =      0.625
  Liquid Saturation  =      1.000
  Liquid Density     =    997.075
  Ionic Strength     =      0.000
  Solution pH        =      6.999
  Total Charge       =  4.228E-10
 
 Total Aqueous Concentrations of Primary Species 
 --------------------------------------- 
 
   Species              Molality       Type 
 H+                   1.2307E-10     Aqueous      
 Ca++                 7.8333E-07     Aqueous      
 Na+                  8.8494E-09     Aqueous      
 Cl-                  1.5752E-06     Aqueous      
 
 Exchangers           Equiv/kgw        Equiv/g solid    Equiv/m^3 bulk
 X-                   1.4427E+00       9.2000E-04       8.9907E+02
 
 Total Concentrations in Exchange Sites 
 -------------------------------------- 
 
 Exchangers           Equiv/kgw        Equiv/g solid    Equiv/m^3 bulk
 Ca++                 7.2136E-01       4.6000E-04       4.4953E+02
 Na+                  5.7804E-06       3.6861E-09       3.6022E-03
 Cl-                  2.7841E-09       1.7754E-12       1.7350E-06
 
 Concentrations of Individual Species, Exchangers, and Surface Complexes 
 ----------------------------------------------------------------------- 
 
                           Log        Log                 Concentration     
 Species              Molality   Activity      Molality    Mol/m^3 blk  Type
  NaX                   -5.238     -5.397     5.780E-06     3.602E-03  Exchange
  CaX2                  -0.142      0.000     7.214E-01     4.495E+02  Exchange
  CaClX                 -8.555     -8.714     2.784E-09     1.735E-06  Exchange
                           Log        Log                                 Activity
 Species              Molality   Activity      Molality      Activity   Coefficient    Type
  H+                    -6.998     -6.999     1.005E-07     1.003E-07     9.982E-01  Aqueous 
  Ca++                  -6.106     -6.109     7.833E-07     7.777E-07     9.928E-01  Aqueous 
  Na+                   -8.053     -8.054     8.849E-09     8.833E-09     9.982E-01  Aqueous 
  Cl-                   -5.803     -5.803     1.575E-06     1.572E-06     9.982E-01  Aqueous 
  OH-                   -6.998     -6.999     1.004E-07     1.002E-07     9.982E-01  Aqueous 
  CaOH+                -11.890    -11.890     1.289E-12     1.287E-12     9.982E-01  Aqueous 
  NaOH(aq)             -15.854    -15.854     1.400E-16     1.400E-16     1.000E+00  Aqueous 
  CaCl+                -12.612    -12.613     2.442E-13     2.438E-13     9.982E-01  Aqueous 
  CaCl2(aq)            -18.370    -18.370     4.270E-19     4.270E-19     1.000E+00  Aqueous 
 
  ****** Partial pressure of gases (bars) *****
 
 
  ***** Saturation state of minerals (log[Q/K] *****
 
 
 
  ***** Volum of minerals added or subtracted *****
 
 
 **************************************************************
 ------> GRID LOCATION:    95:  1:  1
 
  Temperature (C)    =     25.000
  Porosity           =      0.625
  Liquid Saturation  =      1.000
  Liquid Density     =    997.075
  Ionic Strength     =      0.000
  Solution pH        =      6.999
  Total Charge       =  3.256E-10
 
 Total Aqueous Concentrations of Primary Species 
 --------------------------------------- 
 
   Species              Molality       Type 
 H+                   1.2393E-10     Aqueous      
 Ca++                 5.3311E-07     Aqueous      
 Na+                  7.3028E-09     Aqueous      
 Cl-                  1.0733E-06     Aqueous      
 
 Exchangers           Equiv/kgw        Equiv/g solid    Equiv/m^3 bulk
 X-                   1.4427E+00       9.2000E-04       8.9907E+02
 
 Total Concentrations in Exchange Sites 
 -------------------------------------- 
 
 Exchangers           Equiv/kgw        Equiv/g solid    Equiv/m^3 bulk
 Ca++                 7.2136E-01       4.6000E-04       4.4953E+02
 Na+                  5.7806E-06       3.6862E-09       3.6023E-03
 Cl-                  1.5664E-09       9.9887E-13       9.7614E-07
 
 Concentrations of Individual Species, Exchangers, and Surface Complexes 
 ----------------------------------------------------------------------- 
 
                           Log        Log                 Concentration     
 Species              Molality   Activity      Molality    Mol/m^3 blk  Type
  NaX                   -5.238     -5.397     5.781E-06     3.602E-03  Exchange
  CaX2                  -0.142      0.000     7.214E-01     4.495E+02  Exchange
  CaClX                 -8.805     -8.964     1.566E-09     9.761E-07  Exchange
                           Log        Log                                 Activity
 Species              Molality   Activity      Molality      Activity   Coefficient    Type
  H+                    -6.998     -6.999     1.004E-07     1.003E-07     9.985E-01  Aqueous 
  Ca++                  -6.273     -6.276     5.331E-07     5.299E-07     9.940E-01  Aqueous 
  Na+                   -8.137     -8.137     7.303E-09     7.292E-09     9.985E-01  Aqueous 
  Cl-                   -5.969     -5.970     1.073E-06     1.072E-06     9.985E-01  Aqueous 
  OH-                   -6.999     -6.999     1.003E-07     1.002E-07     9.985E-01  Aqueous 
  CaOH+                -12.056    -12.057     8.782E-13     8.768E-13     9.985E-01  Aqueous 
  NaOH(aq)             -15.937    -15.937     1.156E-16     1.156E-16     1.000E+00  Aqueous 
  CaCl+                -12.945    -12.946     1.134E-13     1.132E-13     9.985E-01  Aqueous 
  CaCl2(aq)            -18.869    -18.869     1.352E-19     1.352E-19     1.000E+00  Aqueous 
 
  ****** Partial pressure of gases (bars) *****
 
 
  ***** Saturation state of minerals (log[Q/K] *****
 
 
 
  ***** Volum of minerals added or subtracted *****
 
 
 **************************************************************
 ------> GRID LOCATION:    96:  1:  1
 
  Temperature (C)    =     25.000
  Porosity           =      0.625
  Liquid Saturation  =      1.000
  Liquid Density     =    997.075
  Ionic Strength     =      0.000
  Solution pH        =      6.999
  Total Charge       =  2.589E-10
 
 Total Aqueous Concentrations of Primary Species 
 --------------------------------------- 
 
   Species              Molality       Type 
 H+                   1.2451E-10     Aqueous      
 Ca++                 3.5941E-07     Aqueous      
 Na+                  5.9979E-09     Aqueous      
 Cl-                  7.2469E-07     Aqueous      
 
 Exchangers           Equiv/kgw        Equiv/g solid    Equiv/m^3 bulk
 X-                   1.4427E+00       9.2000E-04       8.9907E+02
 
 Total Concentrations in Exchange Sites 
 -------------------------------------- 
 
 Exchangers           Equiv/kgw        Equiv/g solid    Equiv/m^3 bulk
 Ca++                 7.2136E-01       4.6000E-04       4.4953E+02
 Na+                  5.7807E-06       3.6862E-09       3.6024E-03
 Cl-                  8.6905E-10       5.5417E-13       5.4157E-07
 
 Concentrations of Individual Species, Exchangers, and Surface Complexes 
 ----------------------------------------------------------------------- 
 
                           Log        Log                 Concentration     
 Species              Molality   Activity      Molality    Mol/m^3 blk  Type
  NaX                   -5.238     -5.397     5.781E-06     3.602E-03  Exchange
  CaX2                  -0.142      0.000     7.214E-01     4.495E+02  Exchange
  CaClX                 -9.061     -9.220     8.690E-10     5.416E-07  Exchange
                           Log        Log                                 Activity
 Species              Molality   Activity      Molality      Activity   Coefficient    Type
  H+                    -6.998     -6.999     1.004E-07     1.003E-07     9.987E-01  Aqueous 
  Ca++                  -6.444     -6.447     3.594E-07     3.576E-07     9.950E-01  Aqueous 
  Na+                   -8.222     -8.223     5.998E-09     5.990E-09     9.987E-01  Aqueous 
  Cl-                   -6.140     -6.140     7.247E-07     7.238E-07     9.987E-01  Aqueous 
  OH-                   -6.999     -6.999     1.003E-07     1.002E-07     9.987E-01  Aqueous 
  CaOH+                -12.227    -12.228     5.925E-13     5.917E-13     9.987E-01  Aqueous 
  NaOH(aq)             -16.022    -16.022     9.496E-17     9.496E-17     1.000E+00  Aqueous 
  CaCl+                -13.287    -13.287     5.166E-14     5.160E-14     9.987E-01  Aqueous 
  CaCl2(aq)            -19.381    -19.381     4.161E-20     4.161E-20     1.000E+00  Aqueous 
 
  ****** Partial pressure of gases (bars) *****
 
 
  ***** Saturation state of minerals (log[Q/K] *****
 
 
 
  ***** Volum of minerals added or subtracted *****
 
 
 **************************************************************
 ------> GRID LOCATION:    97:  1:  1
 
  Temperature (C)    =     25.000
  Porosity           =      0.625
  Liquid Saturation  =      1.000
  Liquid Density     =    997.075
  Ionic Strength     =      0.000
  Solution pH        =      6.999
  Total Charge       =  2.137E-10
 
 Total Aqueous Concentrations of Primary Species 
 --------------------------------------- 
 
   Species              Molality       Type 
 H+                   1.2490E-10     Aqueous      
 Ca++                 2.4003E-07     Aqueous      
 Na+                  4.9027E-09     Aqueous      
 Cl-                  4.8488E-07     Aqueous      
 
 Exchangers           Equiv/kgw        Equiv/g solid    Equiv/m^3 bulk
 X-                   1.4427E+00       9.2000E-04       8.9907E+02
 
 Total Concentrations in Exchange Sites 
 -------------------------------------- 
 
 Exchangers           Equiv/kgw        Equiv/g solid    Equiv/m^3 bulk
 Ca++                 7.2136E-01       4.6000E-04       4.4953E+02
 Na+                  5.7808E-06       3.6863E-09       3.6025E-03
 Cl-                  4.7549E-10       3.0321E-13       2.9631E-07
 
 Concentrations of Individual Species, Exchangers, and Surface Complexes 
 ----------------------------------------------------------------------- 
 
                           Log        Log                 Concentration     
 Species              Molality   Activity      Molality    Mol/m^3 blk  Type
  NaX                   -5.238     -5.397     5.781E-06     3.602E-03  Exchange
  CaX2                  -0.142      0.000     7.214E-01     4.495E+02  Exchange
  CaClX                 -9.323     -9.482     4.755E-10     2.963E-07  Exchange
                           Log        Log                                 Activity
 Species              Molality   Activity      Molality      Activity   Coefficient    Type
  H+                    -6.998     -6.999     1.004E-07     1.003E-07     9.990E-01  Aqueous 
  Ca++                  -6.620     -6.622     2.400E-07     2.390E-07     9.958E-01  Aqueous 
  Na+                   -8.310     -8.310     4.903E-09     4.898E-09     9.989E-01  Aqueous 
  Cl-                   -6.314     -6.315     4.849E-07     4.844E-07     9.989E-01  Aqueous 
  OH-                   -6.999     -6.999     1.003E-07     1.002E-07     9.989E-01  Aqueous 
  CaOH+                -12.402    -12.403     3.959E-13     3.955E-13     9.989E-01  Aqueous 
  NaOH(aq)             -16.110    -16.110     7.764E-17     7.764E-17     1.000E+00  Aqueous 
  CaCl+                -13.636    -13.637     2.310E-14     2.308E-14     9.989E-01  Aqueous 
  CaCl2(aq)            -19.905    -19.905     1.246E-20     1.246E-20     1.000E+00  Aqueous 
 
  ****** Partial pressure of gases (bars) *****
 
 
  ***** Saturation state of minerals (log[Q/K] *****
 
 
 
  ***** Volum of minerals added or subtracted *****
 
 
 **************************************************************
 ------> GRID LOCATION:    98:  1:  1
 
  Temperature (C)    =     25.000
  Porosity           =      0.625
  Liquid Saturation  =      1.000
  Liquid Density     =    997.075
  Ionic Strength     =      0.000
  Solution pH        =      6.999
  Total Charge       =  1.832E-10
 
 Total Aqueous Concentrations of Primary Species 
 --------------------------------------- 
 
   Species              Molality       Type 
 H+                   1.2517E-10     Aqueous      
 Ca++                 1.5880E-07     Aqueous      
 Na+                  3.9885E-09     Aqueous      
 Cl-                  3.2153E-07     Aqueous      
 
 Exchangers           Equiv/kgw        Equiv/g solid    Equiv/m^3 bulk
 X-                   1.4427E+00       9.2000E-04       8.9907E+02
 
 Total Concentrations in Exchange Sites 
 -------------------------------------- 
 
 Exchangers           Equiv/kgw        Equiv/g solid    Equiv/m^3 bulk
 Ca++                 7.2136E-01       4.6000E-04       4.4953E+02
 Na+                  5.7809E-06       3.6864E-09       3.6025E-03
 Cl-                  2.5659E-10       1.6362E-13       1.5990E-07
 
 Concentrations of Individual Species, Exchangers, and Surface Complexes 
 ----------------------------------------------------------------------- 
 
                           Log        Log                 Concentration     
 Species              Molality   Activity      Molality    Mol/m^3 blk  Type
  NaX                   -5.238     -5.397     5.781E-06     3.603E-03  Exchange
  CaX2                  -0.142      0.000     7.214E-01     4.495E+02  Exchange
  CaClX                 -9.591     -9.750     2.566E-10     1.599E-07  Exchange
                           Log        Log                                 Activity
 Species              Molality   Activity      Molality      Activity   Coefficient    Type
  H+                    -6.998     -6.999     1.004E-07     1.003E-07     9.991E-01  Aqueous 
  Ca++                  -6.799     -6.801     1.588E-07     1.582E-07     9.965E-01  Aqueous 
  Na+                   -8.399     -8.400     3.988E-09     3.985E-09     9.991E-01  Aqueous 
  Cl-                   -6.493     -6.493     3.215E-07     3.212E-07     9.991E-01  Aqueous 
  OH-                   -6.999     -6.999     1.003E-07     1.002E-07     9.991E-01  Aqueous 
  CaOH+                -12.582    -12.582     2.621E-13     2.618E-13     9.991E-01  Aqueous 
  NaOH(aq)             -16.199    -16.199     6.317E-17     6.317E-17     1.000E+00  Aqueous 
  CaCl+                -13.994    -13.994     1.014E-14     1.013E-14     9.991E-01  Aqueous 
  CaCl2(aq)            -20.440    -20.440     3.627E-21     3.627E-21     1.000E+00  Aqueous 
 
  ****** Partial pressure of gases (bars) *****
 
 
  ***** Saturation state of minerals (log[Q/K] *****
 
 
 
  ***** Volum of minerals added or subtracted *****
 
 
 **************************************************************
 ------> GRID LOCATION:    99:  1:  1
 
  Temperature (C)    =     25.000
  Porosity           =      0.625
  Liquid Saturation  =      1.000
  Liquid Density     =    997.075
  Ionic Strength     =      0.000
  Solution pH        =      6.999
  Total Charge       =  1.629E-10
 
 Total Aqueous Concentrations of Primary Species 
 --------------------------------------- 
 
   Species              Molality       Type 
 H+                   1.2535E-10     Aqueous      
 Ca++                 1.0407E-07     Aqueous      
 Na+                  3.2293E-09     Aqueous      
 Cl-                  2.1133E-07     Aqueous      
 
 Exchangers           Equiv/kgw        Equiv/g solid    Equiv/m^3 bulk
 X-                   1.4427E+00       9.2000E-04       8.9907E+02
 
 Total Concentrations in Exchange Sites 
 -------------------------------------- 
 
 Exchangers           Equiv/kgw        Equiv/g solid    Equiv/m^3 bulk
 Ca++                 7.2136E-01       4.6000E-04       4.4953E+02
 Na+                  5.7810E-06       3.6864E-09       3.6026E-03
 Cl-                  1.3658E-10       8.7092E-14       8.5111E-08
 
 Concentrations of Individual Species, Exchangers, and Surface Complexes 
 ----------------------------------------------------------------------- 
 
                           Log        Log                 Concentration     
 Species              Molality   Activity      Molality    Mol/m^3 blk  Type
  NaX                   -5.238     -5.397     5.781E-06     3.603E-03  Exchange
  CaX2                  -0.142      0.000     7.214E-01     4.495E+02  Exchange
  CaClX                 -9.865    -10.024     1.366E-10     8.511E-08  Exchange
                           Log        Log                                 Activity
 Species              Molality   Activity      Molality      Activity   Coefficient    Type
  H+                    -6.998     -6.999     1.004E-07     1.003E-07     9.993E-01  Aqueous 
  Ca++                  -6.983     -6.984     1.041E-07     1.038E-07     9.970E-01  Aqueous 
  Na+                   -8.491     -8.491     3.229E-09     3.227E-09     9.993E-01  Aqueous 
  Cl-                   -6.675     -6.675     2.113E-07     2.112E-07     9.993E-01  Aqueous 
  OH-                   -6.999     -6.999     1.002E-07     1.002E-07     9.993E-01  Aqueous 
  CaOH+                -12.765    -12.765     1.718E-13     1.717E-13     9.993E-01  Aqueous 
  NaOH(aq)             -16.291    -16.291     5.115E-17     5.115E-17     1.000E+00  Aqueous 
  CaCl+                -14.359    -14.360     4.371E-15     4.368E-15     9.993E-01  Aqueous 
  CaCl2(aq)            -20.988    -20.988     1.028E-21     1.028E-21     1.000E+00  Aqueous 
 
  ****** Partial pressure of gases (bars) *****
 
 
  ***** Saturation state of minerals (log[Q/K] *****
 
 
 
  ***** Volum of minerals added or subtracted *****
 
 
 **************************************************************
 ------> GRID LOCATION:   100:  1:  1
 
  Temperature (C)    =     25.000
  Porosity           =      0.625
  Liquid Saturation  =      1.000
  Liquid Density     =    997.075
  Ionic Strength     =      0.000
  Solution pH        =      6.999
  Total Charge       =  1.495E-10
 
 Total Aqueous Concentrations of Primary Species 
 --------------------------------------- 
 
   Species              Molality       Type 
 H+                   1.2546E-10     Aqueous      
 Ca++                 6.7557E-08     Aqueous      
 Na+                  2.6022E-09     Aqueous      
 Cl-                  1.3769E-07     Aqueous      
 
 Exchangers           Equiv/kgw        Equiv/g solid    Equiv/m^3 bulk
 X-                   1.4427E+00       9.2000E-04       8.9907E+02
 
 Total Concentrations in Exchange Sites 
 -------------------------------------- 
 
 Exchangers           Equiv/kgw        Equiv/g solid    Equiv/m^3 bulk
 Ca++                 7.2136E-01       4.6000E-04       4.4953E+02
 Na+                  5.7811E-06       3.6865E-09       3.6026E-03
 Cl-                  7.1721E-11       4.5735E-14       4.4695E-08
 
 Concentrations of Individual Species, Exchangers, and Surface Complexes 
 ----------------------------------------------------------------------- 
 
                           Log        Log                 Concentration     
 Species              Molality   Activity      Molality    Mol/m^3 blk  Type
  NaX                   -5.238     -5.397     5.781E-06     3.603E-03  Exchange
  CaX2                  -0.142      0.000     7.214E-01     4.495E+02  Exchange
  CaClX                -10.144    -10.304     7.172E-11     4.469E-08  Exchange
                           Log        Log                                 Activity
 Species              Molality   Activity      Molality      Activity   Coefficient    Type
  H+                    -6.998     -6.999     1.004E-07     1.003E-07     9.994E-01  Aqueous 
  Ca++                  -7.170     -7.171     6.756E-08     6.738E-08     9.974E-01  Aqueous 
  Na+                   -8.585     -8.585     2.602E-09     2.600E-09     9.994E-01  Aqueous 
  Cl-                   -6.861     -6.861     1.377E-07     1.376E-07     9.994E-01  Aqueous 
  OH-                   -6.999     -6.999     1.002E-07     1.002E-07     9.994E-01  Aqueous 
  CaOH+                -12.952    -12.953     1.116E-13     1.115E-13     9.994E-01  Aqueous 
  NaOH(aq)             -16.385    -16.385     4.122E-17     4.122E-17     1.000E+00  Aqueous 
  CaCl+                -14.733    -14.733     1.850E-15     1.848E-15     9.994E-01  Aqueous 
  CaCl2(aq)            -21.548    -21.548     2.834E-22     2.834E-22     1.000E+00  Aqueous 
 
  ****** Partial pressure of gases (bars) *****
 
 
  ***** Saturation state of minerals (log[Q/K] *****
 
 
 
  ***** Volum of minerals added or subtracted *****
 
 
 **************************************************************
 ------> GRID LOCATION:   101:  1:  1
 
  Temperature (C)    =     25.000
  Porosity           =      0.625
  Liquid Saturation  =      1.000
  Liquid Density     =    997.075
  Ionic Strength     =      0.000
  Solution pH        =      6.999
  Total Charge       =  1.441E-10
 
 Total Aqueous Concentrations of Primary Species 
 --------------------------------------- 
 
   Species              Molality       Type 
 H+                   1.2551E-10     Aqueous      
 Ca++                 5.3007E-08     Aqueous      
 Na+                  2.3051E-09     Aqueous      
 Cl-                  1.0830E-07     Aqueous      
 
 Exchangers           Equiv/kgw        Equiv/g solid    Equiv/m^3 bulk
 X-                   1.4427E+00       9.2000E-04       8.9907E+02
 
 Total Concentrations in Exchange Sites 
 -------------------------------------- 
 
 Exchangers           Equiv/kgw        Equiv/g solid    Equiv/m^3 bulk
 Ca++                 7.2136E-01       4.6000E-04       4.4953E+02
 Na+                  5.7812E-06       3.6866E-09       3.6027E-03
 Cl-                  4.9975E-11       3.1868E-14       3.1143E-08
 
 Concentrations of Individual Species, Exchangers, and Surface Complexes 
 ----------------------------------------------------------------------- 
 
                           Log        Log                 Concentration     
 Species              Molality   Activity      Molality    Mol/m^3 blk  Type
  NaX                   -5.238     -5.397     5.781E-06     3.603E-03  Exchange
  CaX2                  -0.142      0.000     7.214E-01     4.495E+02  Exchange
  CaClX                -10.301    -10.460     4.998E-11     3.114E-08  Exchange
                           Log        Log                                 Activity
 Species              Molality   Activity      Molality      Activity   Coefficient    Type
  H+                    -6.998     -6.999     1.004E-07     1.003E-07     9.994E-01  Aqueous 
  Ca++                  -7.276     -7.277     5.301E-08     5.288E-08     9.976E-01  Aqueous 
  Na+                   -8.637     -8.638     2.305E-09     2.304E-09     9.994E-01  Aqueous 
  Cl-                   -6.965     -6.966     1.083E-07     1.082E-07     9.994E-01  Aqueous 
  OH-                   -6.999     -6.999     1.002E-07     1.002E-07     9.994E-01  Aqueous 
  CaOH+                -13.058    -13.058     8.756E-14     8.750E-14     9.994E-01  Aqueous 
  NaOH(aq)             -16.437    -16.437     3.652E-17     3.652E-17     1.000E+00  Aqueous 
  CaCl+                -14.942    -14.943     1.142E-15     1.141E-15     9.994E-01  Aqueous 
  CaCl2(aq)            -21.861    -21.861     1.376E-22     1.376E-22     1.000E+00  Aqueous 
 
  ****** Partial pressure of gases (bars) *****
 
 
  ***** Saturation state of minerals (log[Q/K] *****
 
 
 
  ***** Volum of minerals added or subtracted *****
 
 
