# Time          5.0000E+01
 
 **************************************************************
 ------> GRID LOCATION:     1:  1:  1
 
  Temperature (C)    =     25.000
  Porosity           =      0.625
  Liquid Saturation  =      1.000
  Liquid Density     =    997.075
  Ionic Strength     =      0.016
  Solution pH        =      6.999
  Total Charge       =  9.944E-07
 
 Total Aqueous Concentrations of Primary Species 
 --------------------------------------- 
 
   Species              Molality       Type 
 H+                  -8.5807E-09     Aqueous      
 Ca++                 5.4098E-03     Aqueous      
 Na+                  1.4141E-04     Aqueous      
 Cl-                  1.0960E-02     Aqueous      
 
 Exchangers           Equiv/kgw        Equiv/g solid    Equiv/m^3 bulk
 X-                   1.4427E+00       9.2000E-04       8.9907E+02
 
 Total Concentrations in Exchange Sites 
 -------------------------------------- 
 
 Exchangers           Equiv/kgw        Equiv/g solid    Equiv/m^3 bulk
 Ca++                 7.2130E-01       4.5996E-04       4.4950E+02
 Na+                  1.2400E-03       7.9073E-07       7.7274E-01
 Cl-                  1.1119E-03       7.0903E-07       6.9290E-01
 
 Concentrations of Individual Species, Exchangers, and Surface Complexes 
 ----------------------------------------------------------------------- 
 
                           Log        Log                 Concentration     
 Species              Molality   Activity      Molality    Mol/m^3 blk  Type
  NaX                   -2.907     -3.066     1.240E-03     7.727E-01  Exchange
  CaX2                  -0.143     -0.001     7.202E-01     4.488E+02  Exchange
  CaClX                 -2.954     -3.113     1.112E-03     6.929E-01  Exchange
                           Log        Log                                 Activity
 Species              Molality   Activity      Molality      Activity   Coefficient    Type
  H+                    -6.951     -6.999     1.118E-07     1.003E-07     8.967E-01  Aqueous 
  Ca++                  -2.267     -2.476     5.402E-03     3.343E-03     6.189E-01  Aqueous 
  Na+                   -3.850     -3.905     1.414E-04     1.243E-04     8.793E-01  Aqueous 
  Cl-                   -1.960     -2.018     1.095E-02     9.585E-03     8.751E-01  Aqueous 
  OH-                   -6.942     -6.999     1.142E-07     1.002E-07     8.773E-01  Aqueous 
  CaOH+                 -8.205     -8.257     6.238E-09     5.533E-09     8.870E-01  Aqueous 
  NaOH(aq)             -11.707    -11.705     1.964E-12     1.971E-12     1.004E+00  Aqueous 
  CaCl+                 -5.139     -5.195     7.265E-06     6.388E-06     8.793E-01  Aqueous 
  CaCl2(aq)             -7.168     -7.166     6.796E-08     6.822E-08     1.004E+00  Aqueous 
 
  ****** Partial pressure of gases (bars) *****
 
 
  ***** Saturation state of minerals (log[Q/K] *****
 
 
 
  ***** Volum of minerals added or subtracted *****
 
 
 **************************************************************
 ------> GRID LOCATION:     2:  1:  1
 
  Temperature (C)    =     25.000
  Porosity           =      0.625
  Liquid Saturation  =      1.000
  Liquid Density     =    997.075
  Ionic Strength     =      0.016
  Solution pH        =      6.999
  Total Charge       =  9.944E-07
 
 Total Aqueous Concentrations of Primary Species 
 --------------------------------------- 
 
   Species              Molality       Type 
 H+                  -8.5807E-09     Aqueous      
 Ca++                 5.4098E-03     Aqueous      
 Na+                  1.4141E-04     Aqueous      
 Cl-                  1.0960E-02     Aqueous      
 
 Exchangers           Equiv/kgw        Equiv/g solid    Equiv/m^3 bulk
 X-                   1.4427E+00       9.2000E-04       8.9907E+02
 
 Total Concentrations in Exchange Sites 
 -------------------------------------- 
 
 Exchangers           Equiv/kgw        Equiv/g solid    Equiv/m^3 bulk
 Ca++                 7.2130E-01       4.5996E-04       4.4950E+02
 Na+                  1.2400E-03       7.9073E-07       7.7274E-01
 Cl-                  1.1119E-03       7.0903E-07       6.9290E-01
 
 Concentrations of Individual Species, Exchangers, and Surface Complexes 
 ----------------------------------------------------------------------- 
 
                           Log        Log                 Concentration     
 Species              Molality   Activity      Molality    Mol/m^3 blk  Type
  NaX                   -2.907     -3.066     1.240E-03     7.727E-01  Exchange
  CaX2                  -0.143     -0.001     7.202E-01     4.488E+02  Exchange
  CaClX                 -2.954     -3.113     1.112E-03     6.929E-01  Exchange
                           Log        Log                                 Activity
 Species              Molality   Activity      Molality      Activity   Coefficient    Type
  H+                    -6.951     -6.999     1.118E-07     1.003E-07     8.967E-01  Aqueous 
  Ca++                  -2.267     -2.476     5.402E-03     3.343E-03     6.189E-01  Aqueous 
  Na+                   -3.850     -3.905     1.414E-04     1.243E-04     8.793E-01  Aqueous 
  Cl-                   -1.960     -2.018     1.095E-02     9.585E-03     8.751E-01  Aqueous 
  OH-                   -6.942     -6.999     1.142E-07     1.002E-07     8.773E-01  Aqueous 
  CaOH+                 -8.205     -8.257     6.238E-09     5.533E-09     8.870E-01  Aqueous 
  NaOH(aq)             -11.707    -11.705     1.964E-12     1.971E-12     1.004E+00  Aqueous 
  CaCl+                 -5.139     -5.195     7.265E-06     6.388E-06     8.793E-01  Aqueous 
  CaCl2(aq)             -7.168     -7.166     6.796E-08     6.822E-08     1.004E+00  Aqueous 
 
  ****** Partial pressure of gases (bars) *****
 
 
  ***** Saturation state of minerals (log[Q/K] *****
 
 
 
  ***** Volum of minerals added or subtracted *****
 
 
 **************************************************************
 ------> GRID LOCATION:     3:  1:  1
 
  Temperature (C)    =     25.000
  Porosity           =      0.625
  Liquid Saturation  =      1.000
  Liquid Density     =    997.075
  Ionic Strength     =      0.016
  Solution pH        =      6.999
  Total Charge       =  9.944E-07
 
 Total Aqueous Concentrations of Primary Species 
 --------------------------------------- 
 
   Species              Molality       Type 
 H+                  -8.5807E-09     Aqueous      
 Ca++                 5.4098E-03     Aqueous      
 Na+                  1.4141E-04     Aqueous      
 Cl-                  1.0960E-02     Aqueous      
 
 Exchangers           Equiv/kgw        Equiv/g solid    Equiv/m^3 bulk
 X-                   1.4427E+00       9.2000E-04       8.9907E+02
 
 Total Concentrations in Exchange Sites 
 -------------------------------------- 
 
 Exchangers           Equiv/kgw        Equiv/g solid    Equiv/m^3 bulk
 Ca++                 7.2130E-01       4.5996E-04       4.4950E+02
 Na+                  1.2400E-03       7.9073E-07       7.7274E-01
 Cl-                  1.1119E-03       7.0903E-07       6.9290E-01
 
 Concentrations of Individual Species, Exchangers, and Surface Complexes 
 ----------------------------------------------------------------------- 
 
                           Log        Log                 Concentration     
 Species              Molality   Activity      Molality    Mol/m^3 blk  Type
  NaX                   -2.907     -3.066     1.240E-03     7.727E-01  Exchange
  CaX2                  -0.143     -0.001     7.202E-01     4.488E+02  Exchange
  CaClX                 -2.954     -3.113     1.112E-03     6.929E-01  Exchange
                           Log        Log                                 Activity
 Species              Molality   Activity      Molality      Activity   Coefficient    Type
  H+                    -6.951     -6.999     1.118E-07     1.003E-07     8.967E-01  Aqueous 
  Ca++                  -2.267     -2.476     5.402E-03     3.343E-03     6.189E-01  Aqueous 
  Na+                   -3.850     -3.905     1.414E-04     1.243E-04     8.793E-01  Aqueous 
  Cl-                   -1.960     -2.018     1.095E-02     9.585E-03     8.751E-01  Aqueous 
  OH-                   -6.942     -6.999     1.142E-07     1.002E-07     8.773E-01  Aqueous 
  CaOH+                 -8.205     -8.257     6.238E-09     5.533E-09     8.870E-01  Aqueous 
  NaOH(aq)             -11.707    -11.705     1.964E-12     1.971E-12     1.004E+00  Aqueous 
  CaCl+                 -5.139     -5.195     7.265E-06     6.388E-06     8.793E-01  Aqueous 
  CaCl2(aq)             -7.168     -7.166     6.796E-08     6.822E-08     1.004E+00  Aqueous 
 
  ****** Partial pressure of gases (bars) *****
 
 
  ***** Saturation state of minerals (log[Q/K] *****
 
 
 
  ***** Volum of minerals added or subtracted *****
 
 
 **************************************************************
 ------> GRID LOCATION:     4:  1:  1
 
  Temperature (C)    =     25.000
  Porosity           =      0.625
  Liquid Saturation  =      1.000
  Liquid Density     =    997.075
  Ionic Strength     =      0.016
  Solution pH        =      6.999
  Total Charge       =  9.944E-07
 
 Total Aqueous Concentrations of Primary Species 
 --------------------------------------- 
 
   Species              Molality       Type 
 H+                  -8.5807E-09     Aqueous      
 Ca++                 5.4098E-03     Aqueous      
 Na+                  1.4141E-04     Aqueous      
 Cl-                  1.0960E-02     Aqueous      
 
 Exchangers           Equiv/kgw        Equiv/g solid    Equiv/m^3 bulk
 X-                   1.4427E+00       9.2000E-04       8.9907E+02
 
 Total Concentrations in Exchange Sites 
 -------------------------------------- 
 
 Exchangers           Equiv/kgw        Equiv/g solid    Equiv/m^3 bulk
 Ca++                 7.2130E-01       4.5996E-04       4.4950E+02
 Na+                  1.2400E-03       7.9071E-07       7.7272E-01
 Cl-                  1.1119E-03       7.0903E-07       6.9290E-01
 
 Concentrations of Individual Species, Exchangers, and Surface Complexes 
 ----------------------------------------------------------------------- 
 
                           Log        Log                 Concentration     
 Species              Molality   Activity      Molality    Mol/m^3 blk  Type
  NaX                   -2.907     -3.066     1.240E-03     7.727E-01  Exchange
  CaX2                  -0.143     -0.001     7.202E-01     4.488E+02  Exchange
  CaClX                 -2.954     -3.113     1.112E-03     6.929E-01  Exchange
                           Log        Log                                 Activity
 Species              Molality   Activity      Molality      Activity   Coefficient    Type
  H+                    -6.951     -6.999     1.118E-07     1.003E-07     8.967E-01  Aqueous 
  Ca++                  -2.267     -2.476     5.402E-03     3.343E-03     6.189E-01  Aqueous 
  Na+                   -3.850     -3.905     1.414E-04     1.243E-04     8.793E-01  Aqueous 
  Cl-                   -1.960     -2.018     1.095E-02     9.585E-03     8.751E-01  Aqueous 
  OH-                   -6.942     -6.999     1.142E-07     1.002E-07     8.773E-01  Aqueous 
  CaOH+                 -8.205     -8.257     6.238E-09     5.533E-09     8.870E-01  Aqueous 
  NaOH(aq)             -11.707    -11.705     1.964E-12     1.971E-12     1.004E+00  Aqueous 
  CaCl+                 -5.139     -5.195     7.265E-06     6.388E-06     8.793E-01  Aqueous 
  CaCl2(aq)             -7.168     -7.166     6.796E-08     6.822E-08     1.004E+00  Aqueous 
 
  ****** Partial pressure of gases (bars) *****
 
 
  ***** Saturation state of minerals (log[Q/K] *****
 
 
 
  ***** Volum of minerals added or subtracted *****
 
 
 **************************************************************
 ------> GRID LOCATION:     5:  1:  1
 
  Temperature (C)    =     25.000
  Porosity           =      0.625
  Liquid Saturation  =      1.000
  Liquid Density     =    997.075
  Ionic Strength     =      0.016
  Solution pH        =      6.999
  Total Charge       =  9.944E-07
 
 Total Aqueous Concentrations of Primary Species 
 --------------------------------------- 
 
   Species              Molality       Type 
 H+                  -8.5807E-09     Aqueous      
 Ca++                 5.4098E-03     Aqueous      
 Na+                  1.4139E-04     Aqueous      
 Cl-                  1.0960E-02     Aqueous      
 
 Exchangers           Equiv/kgw        Equiv/g solid    Equiv/m^3 bulk
 X-                   1.4427E+00       9.2000E-04       8.9907E+02
 
 Total Concentrations in Exchange Sites 
 -------------------------------------- 
 
 Exchangers           Equiv/kgw        Equiv/g solid    Equiv/m^3 bulk
 Ca++                 7.2130E-01       4.5996E-04       4.4950E+02
 Na+                  1.2398E-03       7.9060E-07       7.7262E-01
 Cl-                  1.1119E-03       7.0903E-07       6.9290E-01
 
 Concentrations of Individual Species, Exchangers, and Surface Complexes 
 ----------------------------------------------------------------------- 
 
                           Log        Log                 Concentration     
 Species              Molality   Activity      Molality    Mol/m^3 blk  Type
  NaX                   -2.907     -3.066     1.240E-03     7.726E-01  Exchange
  CaX2                  -0.143     -0.001     7.202E-01     4.488E+02  Exchange
  CaClX                 -2.954     -3.113     1.112E-03     6.929E-01  Exchange
                           Log        Log                                 Activity
 Species              Molality   Activity      Molality      Activity   Coefficient    Type
  H+                    -6.951     -6.999     1.118E-07     1.003E-07     8.967E-01  Aqueous 
  Ca++                  -2.267     -2.476     5.402E-03     3.343E-03     6.189E-01  Aqueous 
  Na+                   -3.850     -3.905     1.414E-04     1.243E-04     8.793E-01  Aqueous 
  Cl-                   -1.960     -2.018     1.095E-02     9.585E-03     8.751E-01  Aqueous 
  OH-                   -6.942     -6.999     1.142E-07     1.002E-07     8.773E-01  Aqueous 
  CaOH+                 -8.205     -8.257     6.238E-09     5.533E-09     8.870E-01  Aqueous 
  NaOH(aq)             -11.707    -11.705     1.963E-12     1.971E-12     1.004E+00  Aqueous 
  CaCl+                 -5.139     -5.195     7.265E-06     6.388E-06     8.793E-01  Aqueous 
  CaCl2(aq)             -7.168     -7.166     6.796E-08     6.822E-08     1.004E+00  Aqueous 
 
  ****** Partial pressure of gases (bars) *****
 
 
  ***** Saturation state of minerals (log[Q/K] *****
 
 
 
  ***** Volum of minerals added or subtracted *****
 
 
 **************************************************************
 ------> GRID LOCATION:     6:  1:  1
 
  Temperature (C)    =     25.000
  Porosity           =      0.625
  Liquid Saturation  =      1.000
  Liquid Density     =    997.075
  Ionic Strength     =      0.016
  Solution pH        =      6.999
  Total Charge       =  9.944E-07
 
 Total Aqueous Concentrations of Primary Species 
 --------------------------------------- 
 
   Species              Molality       Type 
 H+                  -8.5807E-09     Aqueous      
 Ca++                 5.4099E-03     Aqueous      
 Na+                  1.4132E-04     Aqueous      
 Cl-                  1.0960E-02     Aqueous      
 
 Exchangers           Equiv/kgw        Equiv/g solid    Equiv/m^3 bulk
 X-                   1.4427E+00       9.2000E-04       8.9907E+02
 
 Total Concentrations in Exchange Sites 
 -------------------------------------- 
 
 Exchangers           Equiv/kgw        Equiv/g solid    Equiv/m^3 bulk
 Ca++                 7.2130E-01       4.5996E-04       4.4950E+02
 Na+                  1.2392E-03       7.9023E-07       7.7225E-01
 Cl-                  1.1119E-03       7.0904E-07       6.9291E-01
 
 Concentrations of Individual Species, Exchangers, and Surface Complexes 
 ----------------------------------------------------------------------- 
 
                           Log        Log                 Concentration     
 Species              Molality   Activity      Molality    Mol/m^3 blk  Type
  NaX                   -2.907     -3.066     1.239E-03     7.722E-01  Exchange
  CaX2                  -0.143     -0.001     7.202E-01     4.488E+02  Exchange
  CaClX                 -2.954     -3.113     1.112E-03     6.929E-01  Exchange
                           Log        Log                                 Activity
 Species              Molality   Activity      Molality      Activity   Coefficient    Type
  H+                    -6.951     -6.999     1.118E-07     1.003E-07     8.967E-01  Aqueous 
  Ca++                  -2.267     -2.476     5.403E-03     3.343E-03     6.189E-01  Aqueous 
  Na+                   -3.850     -3.906     1.413E-04     1.243E-04     8.793E-01  Aqueous 
  Cl-                   -1.960     -2.018     1.095E-02     9.585E-03     8.751E-01  Aqueous 
  OH-                   -6.942     -6.999     1.142E-07     1.002E-07     8.773E-01  Aqueous 
  CaOH+                 -8.205     -8.257     6.238E-09     5.533E-09     8.870E-01  Aqueous 
  NaOH(aq)             -11.707    -11.706     1.963E-12     1.970E-12     1.004E+00  Aqueous 
  CaCl+                 -5.139     -5.195     7.265E-06     6.388E-06     8.793E-01  Aqueous 
  CaCl2(aq)             -7.168     -7.166     6.796E-08     6.822E-08     1.004E+00  Aqueous 
 
  ****** Partial pressure of gases (bars) *****
 
 
  ***** Saturation state of minerals (log[Q/K] *****
 
 
 
  ***** Volum of minerals added or subtracted *****
 
 
 **************************************************************
 ------> GRID LOCATION:     7:  1:  1
 
  Temperature (C)    =     25.000
  Porosity           =      0.625
  Liquid Saturation  =      1.000
  Liquid Density     =    997.075
  Ionic Strength     =      0.016
  Solution pH        =      6.999
  Total Charge       =  9.944E-07
 
 Total Aqueous Concentrations of Primary Species 
 --------------------------------------- 
 
   Species              Molality       Type 
 H+                  -8.5807E-09     Aqueous      
 Ca++                 5.4100E-03     Aqueous      
 Na+                  1.4112E-04     Aqueous      
 Cl-                  1.0960E-02     Aqueous      
 
 Exchangers           Equiv/kgw        Equiv/g solid    Equiv/m^3 bulk
 X-                   1.4427E+00       9.2000E-04       8.9907E+02
 
 Total Concentrations in Exchange Sites 
 -------------------------------------- 
 
 Exchangers           Equiv/kgw        Equiv/g solid    Equiv/m^3 bulk
 Ca++                 7.2130E-01       4.5996E-04       4.4950E+02
 Na+                  1.2374E-03       7.8908E-07       7.7113E-01
 Cl-                  1.1119E-03       7.0904E-07       6.9291E-01
 
 Concentrations of Individual Species, Exchangers, and Surface Complexes 
 ----------------------------------------------------------------------- 
 
                           Log        Log                 Concentration     
 Species              Molality   Activity      Molality    Mol/m^3 blk  Type
  NaX                   -2.907     -3.067     1.237E-03     7.711E-01  Exchange
  CaX2                  -0.143     -0.001     7.202E-01     4.488E+02  Exchange
  CaClX                 -2.954     -3.113     1.112E-03     6.929E-01  Exchange
                           Log        Log                                 Activity
 Species              Molality   Activity      Molality      Activity   Coefficient    Type
  H+                    -6.951     -6.999     1.118E-07     1.003E-07     8.967E-01  Aqueous 
  Ca++                  -2.267     -2.476     5.403E-03     3.344E-03     6.189E-01  Aqueous 
  Na+                   -3.850     -3.906     1.411E-04     1.241E-04     8.793E-01  Aqueous 
  Cl-                   -1.960     -2.018     1.095E-02     9.585E-03     8.751E-01  Aqueous 
  OH-                   -6.942     -6.999     1.142E-07     1.002E-07     8.773E-01  Aqueous 
  CaOH+                 -8.205     -8.257     6.238E-09     5.533E-09     8.870E-01  Aqueous 
  NaOH(aq)             -11.708    -11.706     1.960E-12     1.967E-12     1.004E+00  Aqueous 
  CaCl+                 -5.139     -5.195     7.265E-06     6.388E-06     8.793E-01  Aqueous 
  CaCl2(aq)             -7.168     -7.166     6.796E-08     6.822E-08     1.004E+00  Aqueous 
 
  ****** Partial pressure of gases (bars) *****
 
 
  ***** Saturation state of minerals (log[Q/K] *****
 
 
 
  ***** Volum of minerals added or subtracted *****
 
 
 **************************************************************
 ------> GRID LOCATION:     8:  1:  1
 
  Temperature (C)    =     25.000
  Porosity           =      0.625
  Liquid Saturation  =      1.000
  Liquid Density     =    997.075
  Ionic Strength     =      0.016
  Solution pH        =      6.999
  Total Charge       =  9.944E-07
 
 Total Aqueous Concentrations of Primary Species 
 --------------------------------------- 
 
   Species              Molality       Type 
 H+                  -8.5807E-09     Aqueous      
 Ca++                 5.4102E-03     Aqueous      
 Na+                  1.4060E-04     Aqueous      
 Cl-                  1.0960E-02     Aqueous      
 
 Exchangers           Equiv/kgw        Equiv/g solid    Equiv/m^3 bulk
 X-                   1.4427E+00       9.2000E-04       8.9907E+02
 
 Total Concentrations in Exchange Sites 
 -------------------------------------- 
 
 Exchangers           Equiv/kgw        Equiv/g solid    Equiv/m^3 bulk
 Ca++                 7.2131E-01       4.5996E-04       4.4950E+02
 Na+                  1.2329E-03       7.8617E-07       7.6828E-01
 Cl-                  1.1119E-03       7.0906E-07       6.9293E-01
 
 Concentrations of Individual Species, Exchangers, and Surface Complexes 
 ----------------------------------------------------------------------- 
 
                           Log        Log                 Concentration     
 Species              Molality   Activity      Molality    Mol/m^3 blk  Type
  NaX                   -2.909     -3.068     1.233E-03     7.683E-01  Exchange
  CaX2                  -0.143     -0.001     7.202E-01     4.488E+02  Exchange
  CaClX                 -2.954     -3.113     1.112E-03     6.929E-01  Exchange
                           Log        Log                                 Activity
 Species              Molality   Activity      Molality      Activity   Coefficient    Type
  H+                    -6.951     -6.999     1.118E-07     1.003E-07     8.967E-01  Aqueous 
  Ca++                  -2.267     -2.476     5.403E-03     3.344E-03     6.189E-01  Aqueous 
  Na+                   -3.852     -3.908     1.406E-04     1.236E-04     8.793E-01  Aqueous 
  Cl-                   -1.960     -2.018     1.095E-02     9.585E-03     8.751E-01  Aqueous 
  OH-                   -6.942     -6.999     1.142E-07     1.002E-07     8.773E-01  Aqueous 
  CaOH+                 -8.205     -8.257     6.238E-09     5.533E-09     8.870E-01  Aqueous 
  NaOH(aq)             -11.709    -11.708     1.953E-12     1.960E-12     1.004E+00  Aqueous 
  CaCl+                 -5.139     -5.195     7.266E-06     6.389E-06     8.793E-01  Aqueous 
  CaCl2(aq)             -7.168     -7.166     6.797E-08     6.822E-08     1.004E+00  Aqueous 
 
  ****** Partial pressure of gases (bars) *****
 
 
  ***** Saturation state of minerals (log[Q/K] *****
 
 
 
  ***** Volum of minerals added or subtracted *****
 
 
 **************************************************************
 ------> GRID LOCATION:     9:  1:  1
 
  Temperature (C)    =     25.000
  Porosity           =      0.625
  Liquid Saturation  =      1.000
  Liquid Density     =    997.075
  Ionic Strength     =      0.016
  Solution pH        =      6.999
  Total Charge       =  9.944E-07
 
 Total Aqueous Concentrations of Primary Species 
 --------------------------------------- 
 
   Species              Molality       Type 
 H+                  -8.5807E-09     Aqueous      
 Ca++                 5.4108E-03     Aqueous      
 Na+                  1.3948E-04     Aqueous      
 Cl-                  1.0960E-02     Aqueous      
 
 Exchangers           Equiv/kgw        Equiv/g solid    Equiv/m^3 bulk
 X-                   1.4427E+00       9.2000E-04       8.9907E+02
 
 Total Concentrations in Exchange Sites 
 -------------------------------------- 
 
 Exchangers           Equiv/kgw        Equiv/g solid    Equiv/m^3 bulk
 Ca++                 7.2131E-01       4.5996E-04       4.4950E+02
 Na+                  1.2229E-03       7.7982E-07       7.6208E-01
 Cl-                  1.1120E-03       7.0909E-07       6.9296E-01
 
 Concentrations of Individual Species, Exchangers, and Surface Complexes 
 ----------------------------------------------------------------------- 
 
                           Log        Log                 Concentration     
 Species              Molality   Activity      Molality    Mol/m^3 blk  Type
  NaX                   -2.913     -3.072     1.223E-03     7.621E-01  Exchange
  CaX2                  -0.143     -0.001     7.202E-01     4.488E+02  Exchange
  CaClX                 -2.954     -3.113     1.112E-03     6.930E-01  Exchange
                           Log        Log                                 Activity
 Species              Molality   Activity      Molality      Activity   Coefficient    Type
  H+                    -6.951     -6.999     1.118E-07     1.003E-07     8.967E-01  Aqueous 
  Ca++                  -2.267     -2.476     5.403E-03     3.344E-03     6.189E-01  Aqueous 
  Na+                   -3.856     -3.911     1.395E-04     1.226E-04     8.793E-01  Aqueous 
  Cl-                   -1.960     -2.018     1.095E-02     9.585E-03     8.751E-01  Aqueous 
  OH-                   -6.942     -6.999     1.142E-07     1.002E-07     8.773E-01  Aqueous 
  CaOH+                 -8.205     -8.257     6.239E-09     5.533E-09     8.870E-01  Aqueous 
  NaOH(aq)             -11.713    -11.711     1.937E-12     1.944E-12     1.004E+00  Aqueous 
  CaCl+                 -5.139     -5.195     7.266E-06     6.389E-06     8.793E-01  Aqueous 
  CaCl2(aq)             -7.168     -7.166     6.797E-08     6.823E-08     1.004E+00  Aqueous 
 
  ****** Partial pressure of gases (bars) *****
 
 
  ***** Saturation state of minerals (log[Q/K] *****
 
 
 
  ***** Volum of minerals added or subtracted *****
 
 
 **************************************************************
 ------> GRID LOCATION:    10:  1:  1
 
  Temperature (C)    =     25.000
  Porosity           =      0.625
  Liquid Saturation  =      1.000
  Liquid Density     =    997.075
  Ionic Strength     =      0.016
  Solution pH        =      6.999
  Total Charge       =  9.944E-07
 
 Total Aqueous Concentrations of Primary Species 
 --------------------------------------- 
 
   Species              Molality       Type 
 H+                  -8.5807E-09     Aqueous      
 Ca++                 5.4119E-03     Aqueous      
 Na+                  1.3732E-04     Aqueous      
 Cl-                  1.0960E-02     Aqueous      
 
 Exchangers           Equiv/kgw        Equiv/g solid    Equiv/m^3 bulk
 X-                   1.4427E+00       9.2000E-04       8.9907E+02
 
 Total Concentrations in Exchange Sites 
 -------------------------------------- 
 
 Exchangers           Equiv/kgw        Equiv/g solid    Equiv/m^3 bulk
 Ca++                 7.2132E-01       4.5997E-04       4.4951E+02
 Na+                  1.2039E-03       7.6770E-07       7.5024E-01
 Cl-                  1.1121E-03       7.0916E-07       6.9303E-01
 
 Concentrations of Individual Species, Exchangers, and Surface Complexes 
 ----------------------------------------------------------------------- 
 
                           Log        Log                 Concentration     
 Species              Molality   Activity      Molality    Mol/m^3 blk  Type
  NaX                   -2.919     -3.079     1.204E-03     7.502E-01  Exchange
  CaX2                  -0.143     -0.001     7.202E-01     4.488E+02  Exchange
  CaClX                 -2.954     -3.113     1.112E-03     6.930E-01  Exchange
                           Log        Log                                 Activity
 Species              Molality   Activity      Molality      Activity   Coefficient    Type
  H+                    -6.951     -6.999     1.118E-07     1.003E-07     8.967E-01  Aqueous 
  Ca++                  -2.267     -2.476     5.405E-03     3.345E-03     6.189E-01  Aqueous 
  Na+                   -3.862     -3.918     1.373E-04     1.207E-04     8.793E-01  Aqueous 
  Cl-                   -1.960     -2.018     1.095E-02     9.585E-03     8.751E-01  Aqueous 
  OH-                   -6.942     -6.999     1.142E-07     1.002E-07     8.773E-01  Aqueous 
  CaOH+                 -8.205     -8.257     6.240E-09     5.534E-09     8.869E-01  Aqueous 
  NaOH(aq)             -11.720    -11.718     1.907E-12     1.914E-12     1.004E+00  Aqueous 
  CaCl+                 -5.139     -5.194     7.268E-06     6.391E-06     8.793E-01  Aqueous 
  CaCl2(aq)             -7.168     -7.166     6.799E-08     6.824E-08     1.004E+00  Aqueous 
 
  ****** Partial pressure of gases (bars) *****
 
 
  ***** Saturation state of minerals (log[Q/K] *****
 
 
 
  ***** Volum of minerals added or subtracted *****
 
 
 **************************************************************
 ------> GRID LOCATION:    11:  1:  1
 
  Temperature (C)    =     25.000
  Porosity           =      0.625
  Liquid Saturation  =      1.000
  Liquid Density     =    997.075
  Ionic Strength     =      0.016
  Solution pH        =      6.999
  Total Charge       =  9.944E-07
 
 Total Aqueous Concentrations of Primary Species 
 --------------------------------------- 
 
   Species              Molality       Type 
 H+                  -8.5807E-09     Aqueous      
 Ca++                 5.4137E-03     Aqueous      
 Na+                  1.3365E-04     Aqueous      
 Cl-                  1.0960E-02     Aqueous      
 
 Exchangers           Equiv/kgw        Equiv/g solid    Equiv/m^3 bulk
 X-                   1.4427E+00       9.2000E-04       8.9907E+02
 
 Total Concentrations in Exchange Sites 
 -------------------------------------- 
 
 Exchangers           Equiv/kgw        Equiv/g solid    Equiv/m^3 bulk
 Ca++                 7.2134E-01       4.5998E-04       4.4952E+02
 Na+                  1.1715E-03       7.4707E-07       7.3007E-01
 Cl-                  1.1123E-03       7.0928E-07       6.9315E-01
 
 Concentrations of Individual Species, Exchangers, and Surface Complexes 
 ----------------------------------------------------------------------- 
 
                           Log        Log                 Concentration     
 Species              Molality   Activity      Molality    Mol/m^3 blk  Type
  NaX                   -2.931     -3.090     1.172E-03     7.301E-01  Exchange
  CaX2                  -0.143     -0.001     7.202E-01     4.488E+02  Exchange
  CaClX                 -2.954     -3.113     1.112E-03     6.931E-01  Exchange
                           Log        Log                                 Activity
 Species              Molality   Activity      Molality      Activity   Coefficient    Type
  H+                    -6.951     -6.999     1.118E-07     1.003E-07     8.967E-01  Aqueous 
  Ca++                  -2.267     -2.476     5.406E-03     3.346E-03     6.188E-01  Aqueous 
  Na+                   -3.874     -3.930     1.336E-04     1.175E-04     8.793E-01  Aqueous 
  Cl-                   -1.960     -2.018     1.095E-02     9.585E-03     8.751E-01  Aqueous 
  OH-                   -6.942     -6.999     1.142E-07     1.002E-07     8.772E-01  Aqueous 
  CaOH+                 -8.205     -8.257     6.242E-09     5.536E-09     8.869E-01  Aqueous 
  NaOH(aq)             -11.731    -11.730     1.856E-12     1.863E-12     1.004E+00  Aqueous 
  CaCl+                 -5.138     -5.194     7.270E-06     6.393E-06     8.793E-01  Aqueous 
  CaCl2(aq)             -7.167     -7.166     6.801E-08     6.826E-08     1.004E+00  Aqueous 
 
  ****** Partial pressure of gases (bars) *****
 
 
  ***** Saturation state of minerals (log[Q/K] *****
 
 
 
  ***** Volum of minerals added or subtracted *****
 
 
 **************************************************************
 ------> GRID LOCATION:    12:  1:  1
 
  Temperature (C)    =     25.000
  Porosity           =      0.625
  Liquid Saturation  =      1.000
  Liquid Density     =    997.075
  Ionic Strength     =      0.016
  Solution pH        =      6.999
  Total Charge       =  9.944E-07
 
 Total Aqueous Concentrations of Primary Species 
 --------------------------------------- 
 
   Species              Molality       Type 
 H+                  -8.5807E-09     Aqueous      
 Ca++                 5.4166E-03     Aqueous      
 Na+                  1.2801E-04     Aqueous      
 Cl-                  1.0960E-02     Aqueous      
 
 Exchangers           Equiv/kgw        Equiv/g solid    Equiv/m^3 bulk
 X-                   1.4427E+00       9.2000E-04       8.9907E+02
 
 Total Concentrations in Exchange Sites 
 -------------------------------------- 
 
 Exchangers           Equiv/kgw        Equiv/g solid    Equiv/m^3 bulk
 Ca++                 7.2136E-01       4.6000E-04       4.4953E+02
 Na+                  1.1218E-03       7.1538E-07       6.9911E-01
 Cl-                  1.1126E-03       7.0946E-07       6.9332E-01
 
 Concentrations of Individual Species, Exchangers, and Surface Complexes 
 ----------------------------------------------------------------------- 
 
                           Log        Log                 Concentration     
 Species              Molality   Activity      Molality    Mol/m^3 blk  Type
  NaX                   -2.950     -3.109     1.122E-03     6.991E-01  Exchange
  CaX2                  -0.143     -0.001     7.202E-01     4.488E+02  Exchange
  CaClX                 -2.954     -3.113     1.113E-03     6.933E-01  Exchange
                           Log        Log                                 Activity
 Species              Molality   Activity      Molality      Activity   Coefficient    Type
  H+                    -6.951     -6.999     1.118E-07     1.003E-07     8.967E-01  Aqueous 
  Ca++                  -2.267     -2.475     5.409E-03     3.347E-03     6.188E-01  Aqueous 
  Na+                   -3.893     -3.949     1.280E-04     1.126E-04     8.793E-01  Aqueous 
  Cl-                   -1.960     -2.018     1.095E-02     9.585E-03     8.751E-01  Aqueous 
  OH-                   -6.942     -6.999     1.142E-07     1.002E-07     8.772E-01  Aqueous 
  CaOH+                 -8.204     -8.257     6.245E-09     5.539E-09     8.869E-01  Aqueous 
  NaOH(aq)             -11.750    -11.749     1.778E-12     1.784E-12     1.004E+00  Aqueous 
  CaCl+                 -5.138     -5.194     7.274E-06     6.396E-06     8.793E-01  Aqueous 
  CaCl2(aq)             -7.167     -7.166     6.804E-08     6.830E-08     1.004E+00  Aqueous 
 
  ****** Partial pressure of gases (bars) *****
 
 
  ***** Saturation state of minerals (log[Q/K] *****
 
 
 
  ***** Volum of minerals added or subtracted *****
 
 
 **************************************************************
 ------> GRID LOCATION:    13:  1:  1
 
  Temperature (C)    =     25.000
  Porosity           =      0.625
  Liquid Saturation  =      1.000
  Liquid Density     =    997.075
  Ionic Strength     =      0.016
  Solution pH        =      6.999
  Total Charge       =  9.944E-07
 
 Total Aqueous Concentrations of Primary Species 
 --------------------------------------- 
 
   Species              Molality       Type 
 H+                  -8.5807E-09     Aqueous      
 Ca++                 5.4205E-03     Aqueous      
 Na+                  1.2011E-04     Aqueous      
 Cl-                  1.0960E-02     Aqueous      
 
 Exchangers           Equiv/kgw        Equiv/g solid    Equiv/m^3 bulk
 X-                   1.4427E+00       9.2000E-04       8.9907E+02
 
 Total Concentrations in Exchange Sites 
 -------------------------------------- 
 
 Exchangers           Equiv/kgw        Equiv/g solid    Equiv/m^3 bulk
 Ca++                 7.2140E-01       4.6002E-04       4.4955E+02
 Na+                  1.0523E-03       6.7103E-07       6.5577E-01
 Cl-                  1.1130E-03       7.0971E-07       6.9357E-01
 
 Concentrations of Individual Species, Exchangers, and Surface Complexes 
 ----------------------------------------------------------------------- 
 
                           Log        Log                 Concentration     
 Species              Molality   Activity      Molality    Mol/m^3 blk  Type
  NaX                   -2.978     -3.137     1.052E-03     6.558E-01  Exchange
  CaX2                  -0.142     -0.001     7.203E-01     4.489E+02  Exchange
  CaClX                 -2.954     -3.113     1.113E-03     6.936E-01  Exchange
                           Log        Log                                 Activity
 Species              Molality   Activity      Molality      Activity   Coefficient    Type
  H+                    -6.951     -6.999     1.119E-07     1.003E-07     8.967E-01  Aqueous 
  Ca++                  -2.267     -2.475     5.413E-03     3.350E-03     6.188E-01  Aqueous 
  Na+                   -3.920     -3.976     1.201E-04     1.056E-04     8.793E-01  Aqueous 
  Cl-                   -1.960     -2.018     1.095E-02     9.585E-03     8.751E-01  Aqueous 
  OH-                   -6.942     -6.999     1.142E-07     1.002E-07     8.772E-01  Aqueous 
  CaOH+                 -8.204     -8.256     6.249E-09     5.542E-09     8.869E-01  Aqueous 
  NaOH(aq)             -11.778    -11.776     1.668E-12     1.674E-12     1.004E+00  Aqueous 
  CaCl+                 -5.138     -5.194     7.279E-06     6.400E-06     8.793E-01  Aqueous 
  CaCl2(aq)             -7.167     -7.165     6.808E-08     6.834E-08     1.004E+00  Aqueous 
 
  ****** Partial pressure of gases (bars) *****
 
 
  ***** Saturation state of minerals (log[Q/K] *****
 
 
 
  ***** Volum of minerals added or subtracted *****
 
 
 **************************************************************
 ------> GRID LOCATION:    14:  1:  1
 
  Temperature (C)    =     25.000
  Porosity           =      0.625
  Liquid Saturation  =      1.000
  Liquid Density     =    997.075
  Ionic Strength     =      0.016
  Solution pH        =      6.999
  Total Charge       =  9.944E-07
 
 Total Aqueous Concentrations of Primary Species 
 --------------------------------------- 
 
   Species              Molality       Type 
 H+                  -8.5807E-09     Aqueous      
 Ca++                 5.4256E-03     Aqueous      
 Na+                  1.0995E-04     Aqueous      
 Cl-                  1.0960E-02     Aqueous      
 
 Exchangers           Equiv/kgw        Equiv/g solid    Equiv/m^3 bulk
 X-                   1.4427E+00       9.2000E-04       8.9907E+02
 
 Total Concentrations in Exchange Sites 
 -------------------------------------- 
 
 Exchangers           Equiv/kgw        Equiv/g solid    Equiv/m^3 bulk
 Ca++                 7.2144E-01       4.6005E-04       4.4958E+02
 Na+                  9.6287E-04       6.1400E-07       6.0003E-01
 Cl-                  1.1135E-03       7.1004E-07       6.9389E-01
 
 Concentrations of Individual Species, Exchangers, and Surface Complexes 
 ----------------------------------------------------------------------- 
 
                           Log        Log                 Concentration     
 Species              Molality   Activity      Molality    Mol/m^3 blk  Type
  NaX                   -3.016     -3.176     9.629E-04     6.000E-01  Exchange
  CaX2                  -0.142     -0.001     7.203E-01     4.489E+02  Exchange
  CaClX                 -2.953     -3.113     1.113E-03     6.939E-01  Exchange
                           Log        Log                                 Activity
 Species              Molality   Activity      Molality      Activity   Coefficient    Type
  H+                    -6.951     -6.999     1.119E-07     1.003E-07     8.967E-01  Aqueous 
  Ca++                  -2.266     -2.475     5.418E-03     3.353E-03     6.188E-01  Aqueous 
  Na+                   -3.959     -4.015     1.100E-04     9.668E-05     8.793E-01  Aqueous 
  Cl-                   -1.960     -2.018     1.095E-02     9.584E-03     8.751E-01  Aqueous 
  OH-                   -6.942     -6.999     1.142E-07     1.002E-07     8.772E-01  Aqueous 
  CaOH+                 -8.204     -8.256     6.255E-09     5.547E-09     8.869E-01  Aqueous 
  NaOH(aq)             -11.816    -11.815     1.527E-12     1.532E-12     1.004E+00  Aqueous 
  CaCl+                 -5.138     -5.193     7.285E-06     6.406E-06     8.793E-01  Aqueous 
  CaCl2(aq)             -7.167     -7.165     6.814E-08     6.840E-08     1.004E+00  Aqueous 
 
  ****** Partial pressure of gases (bars) *****
 
 
  ***** Saturation state of minerals (log[Q/K] *****
 
 
 
  ***** Volum of minerals added or subtracted *****
 
 
 **************************************************************
 ------> GRID LOCATION:    15:  1:  1
 
  Temperature (C)    =     25.000
  Porosity           =      0.625
  Liquid Saturation  =      1.000
  Liquid Density     =    997.075
  Ionic Strength     =      0.016
  Solution pH        =      6.999
  Total Charge       =  9.944E-07
 
 Total Aqueous Concentrations of Primary Species 
 --------------------------------------- 
 
   Species              Molality       Type 
 H+                  -8.5807E-09     Aqueous      
 Ca++                 5.4317E-03     Aqueous      
 Na+                  9.7846E-05     Aqueous      
 Cl-                  1.0960E-02     Aqueous      
 
 Exchangers           Equiv/kgw        Equiv/g solid    Equiv/m^3 bulk
 X-                   1.4427E+00       9.2000E-04       8.9907E+02
 
 Total Concentrations in Exchange Sites 
 -------------------------------------- 
 
 Exchangers           Equiv/kgw        Equiv/g solid    Equiv/m^3 bulk
 Ca++                 7.2149E-01       4.6008E-04       4.4962E+02
 Na+                  8.5641E-04       5.4611E-07       5.3369E-01
 Cl-                  1.1141E-03       7.1043E-07       6.9426E-01
 
 Concentrations of Individual Species, Exchangers, and Surface Complexes 
 ----------------------------------------------------------------------- 
 
                           Log        Log                 Concentration     
 Species              Molality   Activity      Molality    Mol/m^3 blk  Type
  NaX                   -3.067     -3.227     8.564E-04     5.337E-01  Exchange
  CaX2                  -0.142     -0.001     7.204E-01     4.489E+02  Exchange
  CaClX                 -2.953     -3.112     1.114E-03     6.943E-01  Exchange
                           Log        Log                                 Activity
 Species              Molality   Activity      Molality      Activity   Coefficient    Type
  H+                    -6.951     -6.999     1.119E-07     1.003E-07     8.967E-01  Aqueous 
  Ca++                  -2.266     -2.474     5.424E-03     3.356E-03     6.187E-01  Aqueous 
  Na+                   -4.009     -4.065     9.785E-05     8.603E-05     8.793E-01  Aqueous 
  Cl-                   -1.960     -2.018     1.095E-02     9.584E-03     8.750E-01  Aqueous 
  OH-                   -6.942     -6.999     1.142E-07     1.002E-07     8.772E-01  Aqueous 
  CaOH+                 -8.203     -8.255     6.261E-09     5.553E-09     8.869E-01  Aqueous 
  NaOH(aq)             -11.867    -11.865     1.359E-12     1.364E-12     1.004E+00  Aqueous 
  CaCl+                 -5.137     -5.193     7.293E-06     6.412E-06     8.793E-01  Aqueous 
  CaCl2(aq)             -7.166     -7.165     6.821E-08     6.847E-08     1.004E+00  Aqueous 
 
  ****** Partial pressure of gases (bars) *****
 
 
  ***** Saturation state of minerals (log[Q/K] *****
 
 
 
  ***** Volum of minerals added or subtracted *****
 
 
 **************************************************************
 ------> GRID LOCATION:    16:  1:  1
 
  Temperature (C)    =     25.000
  Porosity           =      0.625
  Liquid Saturation  =      1.000
  Liquid Density     =    997.075
  Ionic Strength     =      0.016
  Solution pH        =      6.999
  Total Charge       =  9.944E-07
 
 Total Aqueous Concentrations of Primary Species 
 --------------------------------------- 
 
   Species              Molality       Type 
 H+                  -8.5807E-09     Aqueous      
 Ca++                 5.4385E-03     Aqueous      
 Na+                  8.4413E-05     Aqueous      
 Cl-                  1.0960E-02     Aqueous      
 
 Exchangers           Equiv/kgw        Equiv/g solid    Equiv/m^3 bulk
 X-                   1.4427E+00       9.2000E-04       8.9907E+02
 
 Total Concentrations in Exchange Sites 
 -------------------------------------- 
 
 Exchangers           Equiv/kgw        Equiv/g solid    Equiv/m^3 bulk
 Ca++                 7.2155E-01       4.6012E-04       4.4965E+02
 Na+                  7.3842E-04       4.7087E-07       4.6016E-01
 Cl-                  1.1148E-03       7.1086E-07       6.9468E-01
 
 Concentrations of Individual Species, Exchangers, and Surface Complexes 
 ----------------------------------------------------------------------- 
 
                           Log        Log                 Concentration     
 Species              Molality   Activity      Molality    Mol/m^3 blk  Type
  NaX                   -3.132     -3.291     7.384E-04     4.602E-01  Exchange
  CaX2                  -0.142     -0.001     7.204E-01     4.490E+02  Exchange
  CaClX                 -2.953     -3.112     1.115E-03     6.947E-01  Exchange
                           Log        Log                                 Activity
 Species              Molality   Activity      Molality      Activity   Coefficient    Type
  H+                    -6.951     -6.999     1.119E-07     1.003E-07     8.967E-01  Aqueous 
  Ca++                  -2.265     -2.474     5.431E-03     3.360E-03     6.187E-01  Aqueous 
  Na+                   -4.074     -4.129     8.441E-05     7.422E-05     8.792E-01  Aqueous 
  Cl-                   -1.960     -2.018     1.095E-02     9.584E-03     8.750E-01  Aqueous 
  OH-                   -6.942     -6.999     1.142E-07     1.002E-07     8.772E-01  Aqueous 
  CaOH+                 -8.203     -8.255     6.268E-09     5.559E-09     8.869E-01  Aqueous 
  NaOH(aq)             -11.931    -11.929     1.172E-12     1.176E-12     1.004E+00  Aqueous 
  CaCl+                 -5.137     -5.192     7.301E-06     6.419E-06     8.792E-01  Aqueous 
  CaCl2(aq)             -7.166     -7.164     6.829E-08     6.855E-08     1.004E+00  Aqueous 
 
  ****** Partial pressure of gases (bars) *****
 
 
  ***** Saturation state of minerals (log[Q/K] *****
 
 
 
  ***** Volum of minerals added or subtracted *****
 
 
 **************************************************************
 ------> GRID LOCATION:    17:  1:  1
 
  Temperature (C)    =     25.000
  Porosity           =      0.625
  Liquid Saturation  =      1.000
  Liquid Density     =    997.075
  Ionic Strength     =      0.016
  Solution pH        =      6.999
  Total Charge       =  9.944E-07
 
 Total Aqueous Concentrations of Primary Species 
 --------------------------------------- 
 
   Species              Molality       Type 
 H+                  -8.5807E-09     Aqueous      
 Ca++                 5.4455E-03     Aqueous      
 Na+                  7.0460E-05     Aqueous      
 Cl-                  1.0960E-02     Aqueous      
 
 Exchangers           Equiv/kgw        Equiv/g solid    Equiv/m^3 bulk
 X-                   1.4427E+00       9.2000E-04       8.9907E+02
 
 Total Concentrations in Exchange Sites 
 -------------------------------------- 
 
 Exchangers           Equiv/kgw        Equiv/g solid    Equiv/m^3 bulk
 Ca++                 7.2162E-01       4.6016E-04       4.4969E+02
 Na+                  6.1600E-04       3.9281E-07       3.8387E-01
 Cl-                  1.1155E-03       7.1130E-07       6.9512E-01
 
 Concentrations of Individual Species, Exchangers, and Surface Complexes 
 ----------------------------------------------------------------------- 
 
                           Log        Log                 Concentration     
 Species              Molality   Activity      Molality    Mol/m^3 blk  Type
  NaX                   -3.210     -3.370     6.160E-04     3.839E-01  Exchange
  CaX2                  -0.142     -0.001     7.205E-01     4.490E+02  Exchange
  CaClX                 -2.953     -3.112     1.115E-03     6.951E-01  Exchange
                           Log        Log                                 Activity
 Species              Molality   Activity      Molality      Activity   Coefficient    Type
  H+                    -6.951     -6.999     1.119E-07     1.003E-07     8.967E-01  Aqueous 
  Ca++                  -2.265     -2.473     5.438E-03     3.364E-03     6.186E-01  Aqueous 
  Na+                   -4.152     -4.208     7.046E-05     6.195E-05     8.792E-01  Aqueous 
  Cl-                   -1.960     -2.018     1.095E-02     9.584E-03     8.750E-01  Aqueous 
  OH-                   -6.942     -6.999     1.142E-07     1.001E-07     8.771E-01  Aqueous 
  CaOH+                 -8.202     -8.254     6.276E-09     5.566E-09     8.869E-01  Aqueous 
  NaOH(aq)             -12.010    -12.008     9.782E-13     9.819E-13     1.004E+00  Aqueous 
  CaCl+                 -5.136     -5.192     7.310E-06     6.427E-06     8.792E-01  Aqueous 
  CaCl2(aq)             -7.165     -7.164     6.837E-08     6.863E-08     1.004E+00  Aqueous 
 
  ****** Partial pressure of gases (bars) *****
 
 
  ***** Saturation state of minerals (log[Q/K] *****
 
 
 
  ***** Volum of minerals added or subtracted *****
 
 
 **************************************************************
 ------> GRID LOCATION:    18:  1:  1
 
  Temperature (C)    =     25.000
  Porosity           =      0.625
  Liquid Saturation  =      1.000
  Liquid Density     =    997.075
  Ionic Strength     =      0.016
  Solution pH        =      6.999
  Total Charge       =  9.944E-07
 
 Total Aqueous Concentrations of Primary Species 
 --------------------------------------- 
 
   Species              Molality       Type 
 H+                  -8.5807E-09     Aqueous      
 Ca++                 5.4524E-03     Aqueous      
 Na+                  5.6833E-05     Aqueous      
 Cl-                  1.0961E-02     Aqueous      
 
 Exchangers           Equiv/kgw        Equiv/g solid    Equiv/m^3 bulk
 X-                   1.4427E+00       9.2000E-04       8.9907E+02
 
 Total Concentrations in Exchange Sites 
 -------------------------------------- 
 
 Exchangers           Equiv/kgw        Equiv/g solid    Equiv/m^3 bulk
 Ca++                 7.2168E-01       4.6020E-04       4.4973E+02
 Na+                  4.9658E-04       3.1666E-07       3.0945E-01
 Cl-                  1.1161E-03       7.1174E-07       6.9554E-01
 
 Concentrations of Individual Species, Exchangers, and Surface Complexes 
 ----------------------------------------------------------------------- 
 
                           Log        Log                 Concentration     
 Species              Molality   Activity      Molality    Mol/m^3 blk  Type
  NaX                   -3.304     -3.463     4.966E-04     3.095E-01  Exchange
  CaX2                  -0.142      0.000     7.206E-01     4.490E+02  Exchange
  CaClX                 -2.952     -3.111     1.116E-03     6.955E-01  Exchange
                           Log        Log                                 Activity
 Species              Molality   Activity      Molality      Activity   Coefficient    Type
  H+                    -6.951     -6.999     1.119E-07     1.003E-07     8.967E-01  Aqueous 
  Ca++                  -2.264     -2.473     5.445E-03     3.368E-03     6.186E-01  Aqueous 
  Na+                   -4.245     -4.301     5.683E-05     4.997E-05     8.792E-01  Aqueous 
  Cl-                   -1.960     -2.018     1.095E-02     9.584E-03     8.750E-01  Aqueous 
  OH-                   -6.942     -6.999     1.142E-07     1.001E-07     8.771E-01  Aqueous 
  CaOH+                 -8.202     -8.254     6.283E-09     5.572E-09     8.868E-01  Aqueous 
  NaOH(aq)             -12.103    -12.101     7.889E-13     7.919E-13     1.004E+00  Aqueous 
  CaCl+                 -5.136     -5.191     7.319E-06     6.435E-06     8.792E-01  Aqueous 
  CaCl2(aq)             -7.165     -7.163     6.845E-08     6.870E-08     1.004E+00  Aqueous 
 
  ****** Partial pressure of gases (bars) *****
 
 
  ***** Saturation state of minerals (log[Q/K] *****
 
 
 
  ***** Volum of minerals added or subtracted *****
 
 
 **************************************************************
 ------> GRID LOCATION:    19:  1:  1
 
  Temperature (C)    =     25.000
  Porosity           =      0.625
  Liquid Saturation  =      1.000
  Liquid Density     =    997.075
  Ionic Strength     =      0.016
  Solution pH        =      6.999
  Total Charge       =  9.944E-07
 
 Total Aqueous Concentrations of Primary Species 
 --------------------------------------- 
 
   Species              Molality       Type 
 H+                  -8.5807E-09     Aqueous      
 Ca++                 5.4587E-03     Aqueous      
 Na+                  4.4272E-05     Aqueous      
 Cl-                  1.0961E-02     Aqueous      
 
 Exchangers           Equiv/kgw        Equiv/g solid    Equiv/m^3 bulk
 X-                   1.4427E+00       9.2000E-04       8.9907E+02
 
 Total Concentrations in Exchange Sites 
 -------------------------------------- 
 
 Exchangers           Equiv/kgw        Equiv/g solid    Equiv/m^3 bulk
 Ca++                 7.2173E-01       4.6023E-04       4.4976E+02
 Na+                  3.8663E-04       2.4655E-07       2.4094E-01
 Cl-                  1.1168E-03       7.1214E-07       6.9594E-01
 
 Concentrations of Individual Species, Exchangers, and Surface Complexes 
 ----------------------------------------------------------------------- 
 
                           Log        Log                 Concentration     
 Species              Molality   Activity      Molality    Mol/m^3 blk  Type
  NaX                   -3.413     -3.572     3.866E-04     2.409E-01  Exchange
  CaX2                  -0.142      0.000     7.206E-01     4.491E+02  Exchange
  CaClX                 -2.952     -3.111     1.117E-03     6.959E-01  Exchange
                           Log        Log                                 Activity
 Species              Molality   Activity      Molality      Activity   Coefficient    Type
  H+                    -6.951     -6.999     1.119E-07     1.003E-07     8.966E-01  Aqueous 
  Ca++                  -2.264     -2.472     5.451E-03     3.372E-03     6.185E-01  Aqueous 
  Na+                   -4.354     -4.410     4.427E-05     3.892E-05     8.792E-01  Aqueous 
  Cl-                   -1.960     -2.018     1.095E-02     9.584E-03     8.750E-01  Aqueous 
  OH-                   -6.942     -6.999     1.142E-07     1.001E-07     8.771E-01  Aqueous 
  CaOH+                 -8.201     -8.254     6.290E-09     5.578E-09     8.868E-01  Aqueous 
  NaOH(aq)             -12.211    -12.210     6.145E-13     6.169E-13     1.004E+00  Aqueous 
  CaCl+                 -5.135     -5.191     7.327E-06     6.441E-06     8.792E-01  Aqueous 
  CaCl2(aq)             -7.164     -7.163     6.852E-08     6.878E-08     1.004E+00  Aqueous 
 
  ****** Partial pressure of gases (bars) *****
 
 
  ***** Saturation state of minerals (log[Q/K] *****
 
 
 
  ***** Volum of minerals added or subtracted *****
 
 
 **************************************************************
 ------> GRID LOCATION:    20:  1:  1
 
  Temperature (C)    =     25.000
  Porosity           =      0.625
  Liquid Saturation  =      1.000
  Liquid Density     =    997.075
  Ionic Strength     =      0.016
  Solution pH        =      6.999
  Total Charge       =  9.944E-07
 
 Total Aqueous Concentrations of Primary Species 
 --------------------------------------- 
 
   Species              Molality       Type 
 H+                  -8.5807E-09     Aqueous      
 Ca++                 5.4642E-03     Aqueous      
 Na+                  3.3311E-05     Aqueous      
 Cl-                  1.0961E-02     Aqueous      
 
 Exchangers           Equiv/kgw        Equiv/g solid    Equiv/m^3 bulk
 X-                   1.4427E+00       9.2000E-04       8.9907E+02
 
 Total Concentrations in Exchange Sites 
 -------------------------------------- 
 
 Exchangers           Equiv/kgw        Equiv/g solid    Equiv/m^3 bulk
 Ca++                 7.2178E-01       4.6026E-04       4.4979E+02
 Na+                  2.9077E-04       1.8542E-07       1.8120E-01
 Cl-                  1.1173E-03       7.1249E-07       6.9628E-01
 
 Concentrations of Individual Species, Exchangers, and Surface Complexes 
 ----------------------------------------------------------------------- 
 
                           Log        Log                 Concentration     
 Species              Molality   Activity      Molality    Mol/m^3 blk  Type
  NaX                   -3.536     -3.696     2.908E-04     1.812E-01  Exchange
  CaX2                  -0.142      0.000     7.207E-01     4.491E+02  Exchange
  CaClX                 -2.952     -3.111     1.117E-03     6.963E-01  Exchange
                           Log        Log                                 Activity
 Species              Molality   Activity      Molality      Activity   Coefficient    Type
  H+                    -6.951     -6.999     1.119E-07     1.003E-07     8.966E-01  Aqueous 
  Ca++                  -2.263     -2.472     5.457E-03     3.375E-03     6.185E-01  Aqueous 
  Na+                   -4.477     -4.533     3.331E-05     2.929E-05     8.792E-01  Aqueous 
  Cl-                   -1.960     -2.018     1.095E-02     9.583E-03     8.749E-01  Aqueous 
  OH-                   -6.942     -6.999     1.142E-07     1.001E-07     8.771E-01  Aqueous 
  CaOH+                 -8.201     -8.253     6.296E-09     5.583E-09     8.868E-01  Aqueous 
  NaOH(aq)             -12.335    -12.333     4.624E-13     4.641E-13     1.004E+00  Aqueous 
  CaCl+                 -5.135     -5.191     7.334E-06     6.447E-06     8.792E-01  Aqueous 
  CaCl2(aq)             -7.164     -7.162     6.858E-08     6.884E-08     1.004E+00  Aqueous 
 
  ****** Partial pressure of gases (bars) *****
 
 
  ***** Saturation state of minerals (log[Q/K] *****
 
 
 
  ***** Volum of minerals added or subtracted *****
 
 
 **************************************************************
 ------> GRID LOCATION:    21:  1:  1
 
  Temperature (C)    =     25.000
  Porosity           =      0.625
  Liquid Saturation  =      1.000
  Liquid Density     =    997.075
  Ionic Strength     =      0.016
  Solution pH        =      6.999
  Total Charge       =  9.944E-07
 
 Total Aqueous Concentrations of Primary Species 
 --------------------------------------- 
 
   Species              Molality       Type 
 H+                  -8.5807E-09     Aqueous      
 Ca++                 5.4687E-03     Aqueous      
 Na+                  2.4228E-05     Aqueous      
 Cl-                  1.0961E-02     Aqueous      
 
 Exchangers           Equiv/kgw        Equiv/g solid    Equiv/m^3 bulk
 X-                   1.4427E+00       9.2000E-04       8.9907E+02
 
 Total Concentrations in Exchange Sites 
 -------------------------------------- 
 
 Exchangers           Equiv/kgw        Equiv/g solid    Equiv/m^3 bulk
 Ca++                 7.2182E-01       4.6029E-04       4.4982E+02
 Na+                  2.1141E-04       1.3481E-07       1.3174E-01
 Cl-                  1.1178E-03       7.1277E-07       6.9656E-01
 
 Concentrations of Individual Species, Exchangers, and Surface Complexes 
 ----------------------------------------------------------------------- 
 
                           Log        Log                 Concentration     
 Species              Molality   Activity      Molality    Mol/m^3 blk  Type
  NaX                   -3.675     -3.834     2.114E-04     1.317E-01  Exchange
  CaX2                  -0.142      0.000     7.207E-01     4.491E+02  Exchange
  CaClX                 -2.952     -3.111     1.118E-03     6.966E-01  Exchange
                           Log        Log                                 Activity
 Species              Molality   Activity      Molality      Activity   Coefficient    Type
  H+                    -6.951     -6.999     1.119E-07     1.003E-07     8.966E-01  Aqueous 
  Ca++                  -2.263     -2.471     5.461E-03     3.378E-03     6.184E-01  Aqueous 
  Na+                   -4.616     -4.672     2.423E-05     2.130E-05     8.792E-01  Aqueous 
  Cl-                   -1.960     -2.018     1.095E-02     9.583E-03     8.749E-01  Aqueous 
  OH-                   -6.942     -6.999     1.142E-07     1.001E-07     8.771E-01  Aqueous 
  CaOH+                 -8.201     -8.253     6.300E-09     5.587E-09     8.868E-01  Aqueous 
  NaOH(aq)             -12.473    -12.472     3.363E-13     3.376E-13     1.004E+00  Aqueous 
  CaCl+                 -5.134     -5.190     7.339E-06     6.452E-06     8.792E-01  Aqueous 
  CaCl2(aq)             -7.163     -7.162     6.863E-08     6.889E-08     1.004E+00  Aqueous 
 
  ****** Partial pressure of gases (bars) *****
 
 
  ***** Saturation state of minerals (log[Q/K] *****
 
 
 
  ***** Volum of minerals added or subtracted *****
 
 
 **************************************************************
 ------> GRID LOCATION:    22:  1:  1
 
  Temperature (C)    =     25.000
  Porosity           =      0.625
  Liquid Saturation  =      1.000
  Liquid Density     =    997.075
  Ionic Strength     =      0.016
  Solution pH        =      6.999
  Total Charge       =  9.944E-07
 
 Total Aqueous Concentrations of Primary Species 
 --------------------------------------- 
 
   Species              Molality       Type 
 H+                  -8.5807E-09     Aqueous      
 Ca++                 5.4724E-03     Aqueous      
 Na+                  1.7064E-05     Aqueous      
 Cl-                  1.0961E-02     Aqueous      
 
 Exchangers           Equiv/kgw        Equiv/g solid    Equiv/m^3 bulk
 X-                   1.4427E+00       9.2000E-04       8.9907E+02
 
 Total Concentrations in Exchange Sites 
 -------------------------------------- 
 
 Exchangers           Equiv/kgw        Equiv/g solid    Equiv/m^3 bulk
 Ca++                 7.2185E-01       4.6031E-04       4.4984E+02
 Na+                  1.4885E-04       9.4919E-08       9.2760E-02
 Cl-                  1.1181E-03       7.1300E-07       6.9678E-01
 
 Concentrations of Individual Species, Exchangers, and Surface Complexes 
 ----------------------------------------------------------------------- 
 
                           Log        Log                 Concentration     
 Species              Molality   Activity      Molality    Mol/m^3 blk  Type
  NaX                   -3.827     -3.986     1.489E-04     9.276E-02  Exchange
  CaX2                  -0.142      0.000     7.207E-01     4.491E+02  Exchange
  CaClX                 -2.952     -3.111     1.118E-03     6.968E-01  Exchange
                           Log        Log                                 Activity
 Species              Molality   Activity      Molality      Activity   Coefficient    Type
  H+                    -6.951     -6.999     1.119E-07     1.003E-07     8.966E-01  Aqueous 
  Ca++                  -2.262     -2.471     5.465E-03     3.380E-03     6.184E-01  Aqueous 
  Na+                   -4.768     -4.824     1.706E-05     1.500E-05     8.791E-01  Aqueous 
  Cl-                   -1.960     -2.018     1.095E-02     9.583E-03     8.749E-01  Aqueous 
  OH-                   -6.942     -6.999     1.142E-07     1.001E-07     8.771E-01  Aqueous 
  CaOH+                 -8.200     -8.253     6.304E-09     5.591E-09     8.868E-01  Aqueous 
  NaOH(aq)             -12.626    -12.624     2.368E-13     2.377E-13     1.004E+00  Aqueous 
  CaCl+                 -5.134     -5.190     7.344E-06     6.456E-06     8.791E-01  Aqueous 
  CaCl2(aq)             -7.163     -7.162     6.867E-08     6.893E-08     1.004E+00  Aqueous 
 
  ****** Partial pressure of gases (bars) *****
 
 
  ***** Saturation state of minerals (log[Q/K] *****
 
 
 
  ***** Volum of minerals added or subtracted *****
 
 
 **************************************************************
 ------> GRID LOCATION:    23:  1:  1
 
  Temperature (C)    =     25.000
  Porosity           =      0.625
  Liquid Saturation  =      1.000
  Liquid Density     =    997.075
  Ionic Strength     =      0.016
  Solution pH        =      6.999
  Total Charge       =  9.944E-07
 
 Total Aqueous Concentrations of Primary Species 
 --------------------------------------- 
 
   Species              Molality       Type 
 H+                  -8.5807E-09     Aqueous      
 Ca++                 5.4751E-03     Aqueous      
 Na+                  1.1673E-05     Aqueous      
 Cl-                  1.0961E-02     Aqueous      
 
 Exchangers           Equiv/kgw        Equiv/g solid    Equiv/m^3 bulk
 X-                   1.4427E+00       9.2000E-04       8.9907E+02
 
 Total Concentrations in Exchange Sites 
 -------------------------------------- 
 
 Exchangers           Equiv/kgw        Equiv/g solid    Equiv/m^3 bulk
 Ca++                 7.2187E-01       4.6032E-04       4.4985E+02
 Na+                  1.0180E-04       6.4919E-08       6.3442E-02
 Cl-                  1.1184E-03       7.1317E-07       6.9695E-01
 
 Concentrations of Individual Species, Exchangers, and Surface Complexes 
 ----------------------------------------------------------------------- 
 
                           Log        Log                 Concentration     
 Species              Molality   Activity      Molality    Mol/m^3 blk  Type
  NaX                   -3.992     -4.151     1.018E-04     6.344E-02  Exchange
  CaX2                  -0.142      0.000     7.208E-01     4.492E+02  Exchange
  CaClX                 -2.951     -3.111     1.118E-03     6.969E-01  Exchange
                           Log        Log                                 Activity
 Species              Molality   Activity      Molality      Activity   Coefficient    Type
  H+                    -6.951     -6.999     1.119E-07     1.003E-07     8.966E-01  Aqueous 
  Ca++                  -2.262     -2.471     5.468E-03     3.381E-03     6.184E-01  Aqueous 
  Na+                   -4.933     -4.989     1.167E-05     1.026E-05     8.791E-01  Aqueous 
  Cl-                   -1.960     -2.018     1.095E-02     9.583E-03     8.749E-01  Aqueous 
  OH-                   -6.942     -6.999     1.142E-07     1.001E-07     8.771E-01  Aqueous 
  CaOH+                 -8.200     -8.252     6.307E-09     5.593E-09     8.868E-01  Aqueous 
  NaOH(aq)             -12.790    -12.789     1.620E-13     1.626E-13     1.004E+00  Aqueous 
  CaCl+                 -5.134     -5.190     7.347E-06     6.459E-06     8.791E-01  Aqueous 
  CaCl2(aq)             -7.163     -7.161     6.870E-08     6.896E-08     1.004E+00  Aqueous 
 
  ****** Partial pressure of gases (bars) *****
 
 
  ***** Saturation state of minerals (log[Q/K] *****
 
 
 
  ***** Volum of minerals added or subtracted *****
 
 
 **************************************************************
 ------> GRID LOCATION:    24:  1:  1
 
  Temperature (C)    =     25.000
  Porosity           =      0.625
  Liquid Saturation  =      1.000
  Liquid Density     =    997.075
  Ionic Strength     =      0.016
  Solution pH        =      6.999
  Total Charge       =  9.944E-07
 
 Total Aqueous Concentrations of Primary Species 
 --------------------------------------- 
 
   Species              Molality       Type 
 H+                  -8.5807E-09     Aqueous      
 Ca++                 5.4770E-03     Aqueous      
 Na+                  7.7959E-06     Aqueous      
 Cl-                  1.0961E-02     Aqueous      
 
 Exchangers           Equiv/kgw        Equiv/g solid    Equiv/m^3 bulk
 X-                   1.4427E+00       9.2000E-04       8.9907E+02
 
 Total Concentrations in Exchange Sites 
 -------------------------------------- 
 
 Exchangers           Equiv/kgw        Equiv/g solid    Equiv/m^3 bulk
 Ca++                 7.2189E-01       4.6033E-04       4.4986E+02
 Na+                  6.7978E-05       4.3348E-08       4.2362E-02
 Cl-                  1.1186E-03       7.1330E-07       6.9707E-01
 
 Concentrations of Individual Species, Exchangers, and Surface Complexes 
 ----------------------------------------------------------------------- 
 
                           Log        Log                 Concentration     
 Species              Molality   Activity      Molality    Mol/m^3 blk  Type
  NaX                   -4.168     -4.327     6.798E-05     4.236E-02  Exchange
  CaX2                  -0.142      0.000     7.208E-01     4.492E+02  Exchange
  CaClX                 -2.951     -3.111     1.119E-03     6.971E-01  Exchange
                           Log        Log                                 Activity
 Species              Molality   Activity      Molality      Activity   Coefficient    Type
  H+                    -6.951     -6.999     1.119E-07     1.003E-07     8.966E-01  Aqueous 
  Ca++                  -2.262     -2.471     5.470E-03     3.382E-03     6.184E-01  Aqueous 
  Na+                   -5.108     -5.164     7.796E-06     6.854E-06     8.791E-01  Aqueous 
  Cl-                   -1.960     -2.018     1.095E-02     9.583E-03     8.749E-01  Aqueous 
  OH-                   -6.942     -6.999     1.142E-07     1.001E-07     8.770E-01  Aqueous 
  CaOH+                 -8.200     -8.252     6.309E-09     5.595E-09     8.868E-01  Aqueous 
  NaOH(aq)             -12.966    -12.964     1.082E-13     1.086E-13     1.004E+00  Aqueous 
  CaCl+                 -5.134     -5.190     7.350E-06     6.461E-06     8.791E-01  Aqueous 
  CaCl2(aq)             -7.163     -7.161     6.873E-08     6.899E-08     1.004E+00  Aqueous 
 
  ****** Partial pressure of gases (bars) *****
 
 
  ***** Saturation state of minerals (log[Q/K] *****
 
 
 
  ***** Volum of minerals added or subtracted *****
 
 
 **************************************************************
 ------> GRID LOCATION:    25:  1:  1
 
  Temperature (C)    =     25.000
  Porosity           =      0.625
  Liquid Saturation  =      1.000
  Liquid Density     =    997.075
  Ionic Strength     =      0.016
  Solution pH        =      6.999
  Total Charge       =  9.944E-07
 
 Total Aqueous Concentrations of Primary Species 
 --------------------------------------- 
 
   Species              Molality       Type 
 H+                  -8.5807E-09     Aqueous      
 Ca++                 5.4784E-03     Aqueous      
 Na+                  5.1249E-06     Aqueous      
 Cl-                  1.0961E-02     Aqueous      
 
 Exchangers           Equiv/kgw        Equiv/g solid    Equiv/m^3 bulk
 X-                   1.4427E+00       9.2000E-04       8.9907E+02
 
 Total Concentrations in Exchange Sites 
 -------------------------------------- 
 
 Exchangers           Equiv/kgw        Equiv/g solid    Equiv/m^3 bulk
 Ca++                 7.2190E-01       4.6034E-04       4.4987E+02
 Na+                  4.4683E-05       2.8493E-08       2.7845E-02
 Cl-                  1.1187E-03       7.1338E-07       6.9715E-01
 
 Concentrations of Individual Species, Exchangers, and Surface Complexes 
 ----------------------------------------------------------------------- 
 
                           Log        Log                 Concentration     
 Species              Molality   Activity      Molality    Mol/m^3 blk  Type
  NaX                   -4.350     -4.509     4.468E-05     2.784E-02  Exchange
  CaX2                  -0.142      0.000     7.208E-01     4.492E+02  Exchange
  CaClX                 -2.951     -3.110     1.119E-03     6.972E-01  Exchange
                           Log        Log                                 Activity
 Species              Molality   Activity      Molality      Activity   Coefficient    Type
  H+                    -6.951     -6.999     1.119E-07     1.003E-07     8.966E-01  Aqueous 
  Ca++                  -2.262     -2.471     5.471E-03     3.383E-03     6.184E-01  Aqueous 
  Na+                   -5.290     -5.346     5.125E-06     4.505E-06     8.791E-01  Aqueous 
  Cl-                   -1.960     -2.018     1.095E-02     9.583E-03     8.749E-01  Aqueous 
  OH-                   -6.942     -6.999     1.142E-07     1.001E-07     8.770E-01  Aqueous 
  CaOH+                 -8.200     -8.252     6.311E-09     5.596E-09     8.868E-01  Aqueous 
  NaOH(aq)             -13.148    -13.146     7.113E-14     7.140E-14     1.004E+00  Aqueous 
  CaCl+                 -5.134     -5.190     7.351E-06     6.463E-06     8.791E-01  Aqueous 
  CaCl2(aq)             -7.163     -7.161     6.874E-08     6.900E-08     1.004E+00  Aqueous 
 
  ****** Partial pressure of gases (bars) *****
 
 
  ***** Saturation state of minerals (log[Q/K] *****
 
 
 
  ***** Volum of minerals added or subtracted *****
 
 
 **************************************************************
 ------> GRID LOCATION:    26:  1:  1
 
  Temperature (C)    =     25.000
  Porosity           =      0.625
  Liquid Saturation  =      1.000
  Liquid Density     =    997.075
  Ionic Strength     =      0.016
  Solution pH        =      6.999
  Total Charge       =  9.944E-07
 
 Total Aqueous Concentrations of Primary Species 
 --------------------------------------- 
 
   Species              Molality       Type 
 H+                  -8.5807E-09     Aqueous      
 Ca++                 5.4792E-03     Aqueous      
 Na+                  3.3597E-06     Aqueous      
 Cl-                  1.0961E-02     Aqueous      
 
 Exchangers           Equiv/kgw        Equiv/g solid    Equiv/m^3 bulk
 X-                   1.4427E+00       9.2000E-04       8.9907E+02
 
 Total Concentrations in Exchange Sites 
 -------------------------------------- 
 
 Exchangers           Equiv/kgw        Equiv/g solid    Equiv/m^3 bulk
 Ca++                 7.2191E-01       4.6035E-04       4.4987E+02
 Na+                  2.9290E-05       1.8678E-08       1.8253E-02
 Cl-                  1.1188E-03       7.1344E-07       6.9721E-01
 
 Concentrations of Individual Species, Exchangers, and Surface Complexes 
 ----------------------------------------------------------------------- 
 
                           Log        Log                 Concentration     
 Species              Molality   Activity      Molality    Mol/m^3 blk  Type
  NaX                   -4.533     -4.692     2.929E-05     1.825E-02  Exchange
  CaX2                  -0.142      0.000     7.208E-01     4.492E+02  Exchange
  CaClX                 -2.951     -3.110     1.119E-03     6.972E-01  Exchange
                           Log        Log                                 Activity
 Species              Molality   Activity      Molality      Activity   Coefficient    Type
  H+                    -6.951     -6.999     1.119E-07     1.003E-07     8.966E-01  Aqueous 
  Ca++                  -2.262     -2.471     5.472E-03     3.384E-03     6.184E-01  Aqueous 
  Na+                   -5.474     -5.530     3.360E-06     2.954E-06     8.791E-01  Aqueous 
  Cl-                   -1.960     -2.018     1.095E-02     9.583E-03     8.749E-01  Aqueous 
  OH-                   -6.942     -6.999     1.142E-07     1.001E-07     8.770E-01  Aqueous 
  CaOH+                 -8.200     -8.252     6.312E-09     5.597E-09     8.868E-01  Aqueous 
  NaOH(aq)             -13.331    -13.330     4.663E-14     4.680E-14     1.004E+00  Aqueous 
  CaCl+                 -5.134     -5.190     7.353E-06     6.464E-06     8.791E-01  Aqueous 
  CaCl2(aq)             -7.163     -7.161     6.875E-08     6.901E-08     1.004E+00  Aqueous 
 
  ****** Partial pressure of gases (bars) *****
 
 
  ***** Saturation state of minerals (log[Q/K] *****
 
 
 
  ***** Volum of minerals added or subtracted *****
 
 
 **************************************************************
 ------> GRID LOCATION:    27:  1:  1
 
  Temperature (C)    =     25.000
  Porosity           =      0.625
  Liquid Saturation  =      1.000
  Liquid Density     =    997.075
  Ionic Strength     =      0.016
  Solution pH        =      6.999
  Total Charge       =  9.944E-07
 
 Total Aqueous Concentrations of Primary Species 
 --------------------------------------- 
 
   Species              Molality       Type 
 H+                  -8.5807E-09     Aqueous      
 Ca++                 5.4798E-03     Aqueous      
 Na+                  2.2387E-06     Aqueous      
 Cl-                  1.0961E-02     Aqueous      
 
 Exchangers           Equiv/kgw        Equiv/g solid    Equiv/m^3 bulk
 X-                   1.4427E+00       9.2000E-04       8.9907E+02
 
 Total Concentrations in Exchange Sites 
 -------------------------------------- 
 
 Exchangers           Equiv/kgw        Equiv/g solid    Equiv/m^3 bulk
 Ca++                 7.2192E-01       4.6035E-04       4.4988E+02
 Na+                  1.9517E-05       1.2445E-08       1.2162E-02
 Cl-                  1.1189E-03       7.1347E-07       6.9724E-01
 
 Concentrations of Individual Species, Exchangers, and Surface Complexes 
 ----------------------------------------------------------------------- 
 
                           Log        Log                 Concentration     
 Species              Molality   Activity      Molality    Mol/m^3 blk  Type
  NaX                   -4.710     -4.869     1.952E-05     1.216E-02  Exchange
  CaX2                  -0.142      0.000     7.208E-01     4.492E+02  Exchange
  CaClX                 -2.951     -3.110     1.119E-03     6.972E-01  Exchange
                           Log        Log                                 Activity
 Species              Molality   Activity      Molality      Activity   Coefficient    Type
  H+                    -6.951     -6.999     1.119E-07     1.003E-07     8.966E-01  Aqueous 
  Ca++                  -2.262     -2.471     5.472E-03     3.384E-03     6.184E-01  Aqueous 
  Na+                   -5.650     -5.706     2.239E-06     1.968E-06     8.791E-01  Aqueous 
  Cl-                   -1.960     -2.018     1.095E-02     9.583E-03     8.749E-01  Aqueous 
  OH-                   -6.942     -6.999     1.142E-07     1.001E-07     8.770E-01  Aqueous 
  CaOH+                 -8.200     -8.252     6.312E-09     5.597E-09     8.868E-01  Aqueous 
  NaOH(aq)             -13.508    -13.506     3.107E-14     3.119E-14     1.004E+00  Aqueous 
  CaCl+                 -5.134     -5.189     7.353E-06     6.464E-06     8.791E-01  Aqueous 
  CaCl2(aq)             -7.163     -7.161     6.876E-08     6.902E-08     1.004E+00  Aqueous 
 
  ****** Partial pressure of gases (bars) *****
 
 
  ***** Saturation state of minerals (log[Q/K] *****
 
 
 
  ***** Volum of minerals added or subtracted *****
 
 
 **************************************************************
 ------> GRID LOCATION:    28:  1:  1
 
  Temperature (C)    =     25.000
  Porosity           =      0.625
  Liquid Saturation  =      1.000
  Liquid Density     =    997.075
  Ionic Strength     =      0.016
  Solution pH        =      6.999
  Total Charge       =  9.944E-07
 
 Total Aqueous Concentrations of Primary Species 
 --------------------------------------- 
 
   Species              Molality       Type 
 H+                  -8.5807E-09     Aqueous      
 Ca++                 5.4802E-03     Aqueous      
 Na+                  1.5537E-06     Aqueous      
 Cl-                  1.0961E-02     Aqueous      
 
 Exchangers           Equiv/kgw        Equiv/g solid    Equiv/m^3 bulk
 X-                   1.4427E+00       9.2000E-04       8.9907E+02
 
 Total Concentrations in Exchange Sites 
 -------------------------------------- 
 
 Exchangers           Equiv/kgw        Equiv/g solid    Equiv/m^3 bulk
 Ca++                 7.2192E-01       4.6035E-04       4.4988E+02
 Na+                  1.3544E-05       8.6370E-09       8.4405E-03
 Cl-                  1.1189E-03       7.1350E-07       6.9726E-01
 
 Concentrations of Individual Species, Exchangers, and Surface Complexes 
 ----------------------------------------------------------------------- 
 
                           Log        Log                 Concentration     
 Species              Molality   Activity      Molality    Mol/m^3 blk  Type
  NaX                   -4.868     -5.027     1.354E-05     8.441E-03  Exchange
  CaX2                  -0.142      0.000     7.208E-01     4.492E+02  Exchange
  CaClX                 -2.951     -3.110     1.119E-03     6.973E-01  Exchange
                           Log        Log                                 Activity
 Species              Molality   Activity      Molality      Activity   Coefficient    Type
  H+                    -6.951     -6.999     1.119E-07     1.003E-07     8.966E-01  Aqueous 
  Ca++                  -2.262     -2.471     5.473E-03     3.384E-03     6.184E-01  Aqueous 
  Na+                   -5.809     -5.865     1.554E-06     1.366E-06     8.791E-01  Aqueous 
  Cl-                   -1.960     -2.018     1.095E-02     9.583E-03     8.749E-01  Aqueous 
  OH-                   -6.942     -6.999     1.142E-07     1.001E-07     8.770E-01  Aqueous 
  CaOH+                 -8.200     -8.252     6.313E-09     5.598E-09     8.868E-01  Aqueous 
  NaOH(aq)             -13.666    -13.665     2.156E-14     2.165E-14     1.004E+00  Aqueous 
  CaCl+                 -5.133     -5.189     7.354E-06     6.465E-06     8.791E-01  Aqueous 
  CaCl2(aq)             -7.163     -7.161     6.876E-08     6.902E-08     1.004E+00  Aqueous 
 
  ****** Partial pressure of gases (bars) *****
 
 
  ***** Saturation state of minerals (log[Q/K] *****
 
 
 
  ***** Volum of minerals added or subtracted *****
 
 
 **************************************************************
 ------> GRID LOCATION:    29:  1:  1
 
  Temperature (C)    =     25.000
  Porosity           =      0.625
  Liquid Saturation  =      1.000
  Liquid Density     =    997.075
  Ionic Strength     =      0.016
  Solution pH        =      6.999
  Total Charge       =  9.944E-07
 
 Total Aqueous Concentrations of Primary Species 
 --------------------------------------- 
 
   Species              Molality       Type 
 H+                  -8.5807E-09     Aqueous      
 Ca++                 5.4804E-03     Aqueous      
 Na+                  1.1503E-06     Aqueous      
 Cl-                  1.0961E-02     Aqueous      
 
 Exchangers           Equiv/kgw        Equiv/g solid    Equiv/m^3 bulk
 X-                   1.4427E+00       9.2000E-04       8.9907E+02
 
 Total Concentrations in Exchange Sites 
 -------------------------------------- 
 
 Exchangers           Equiv/kgw        Equiv/g solid    Equiv/m^3 bulk
 Ca++                 7.2192E-01       4.6035E-04       4.4988E+02
 Na+                  1.0028E-05       6.3944E-09       6.2490E-03
 Cl-                  1.1189E-03       7.1351E-07       6.9728E-01
 
 Concentrations of Individual Species, Exchangers, and Surface Complexes 
 ----------------------------------------------------------------------- 
 
                           Log        Log                 Concentration     
 Species              Molality   Activity      Molality    Mol/m^3 blk  Type
  NaX                   -4.999     -5.158     1.003E-05     6.249E-03  Exchange
  CaX2                  -0.142      0.000     7.208E-01     4.492E+02  Exchange
  CaClX                 -2.951     -3.110     1.119E-03     6.973E-01  Exchange
                           Log        Log                                 Activity
 Species              Molality   Activity      Molality      Activity   Coefficient    Type
  H+                    -6.951     -6.999     1.119E-07     1.003E-07     8.966E-01  Aqueous 
  Ca++                  -2.262     -2.471     5.473E-03     3.384E-03     6.184E-01  Aqueous 
  Na+                   -5.939     -5.995     1.150E-06     1.011E-06     8.791E-01  Aqueous 
  Cl-                   -1.960     -2.018     1.095E-02     9.583E-03     8.749E-01  Aqueous 
  OH-                   -6.942     -6.999     1.142E-07     1.001E-07     8.770E-01  Aqueous 
  CaOH+                 -8.200     -8.252     6.313E-09     5.598E-09     8.868E-01  Aqueous 
  NaOH(aq)             -13.797    -13.795     1.596E-14     1.603E-14     1.004E+00  Aqueous 
  CaCl+                 -5.133     -5.189     7.354E-06     6.465E-06     8.791E-01  Aqueous 
  CaCl2(aq)             -7.163     -7.161     6.876E-08     6.902E-08     1.004E+00  Aqueous 
 
  ****** Partial pressure of gases (bars) *****
 
 
  ***** Saturation state of minerals (log[Q/K] *****
 
 
 
  ***** Volum of minerals added or subtracted *****
 
 
 **************************************************************
 ------> GRID LOCATION:    30:  1:  1
 
  Temperature (C)    =     25.000
  Porosity           =      0.625
  Liquid Saturation  =      1.000
  Liquid Density     =    997.075
  Ionic Strength     =      0.016
  Solution pH        =      6.999
  Total Charge       =  9.944E-07
 
 Total Aqueous Concentrations of Primary Species 
 --------------------------------------- 
 
   Species              Molality       Type 
 H+                  -8.5807E-09     Aqueous      
 Ca++                 5.4805E-03     Aqueous      
 Na+                  9.2113E-07     Aqueous      
 Cl-                  1.0961E-02     Aqueous      
 
 Exchangers           Equiv/kgw        Equiv/g solid    Equiv/m^3 bulk
 X-                   1.4427E+00       9.2000E-04       8.9907E+02
 
 Total Concentrations in Exchange Sites 
 -------------------------------------- 
 
 Exchangers           Equiv/kgw        Equiv/g solid    Equiv/m^3 bulk
 Ca++                 7.2192E-01       4.6035E-04       4.4988E+02
 Na+                  8.0297E-06       5.1203E-09       5.0039E-03
 Cl-                  1.1189E-03       7.1352E-07       6.9728E-01
 
 Concentrations of Individual Species, Exchangers, and Surface Complexes 
 ----------------------------------------------------------------------- 
 
                           Log        Log                 Concentration     
 Species              Molality   Activity      Molality    Mol/m^3 blk  Type
  NaX                   -5.095     -5.254     8.030E-06     5.004E-03  Exchange
  CaX2                  -0.142      0.000     7.208E-01     4.492E+02  Exchange
  CaClX                 -2.951     -3.110     1.119E-03     6.973E-01  Exchange
                           Log        Log                                 Activity
 Species              Molality   Activity      Molality      Activity   Coefficient    Type
  H+                    -6.951     -6.999     1.119E-07     1.003E-07     8.966E-01  Aqueous 
  Ca++                  -2.262     -2.471     5.473E-03     3.384E-03     6.184E-01  Aqueous 
  Na+                   -6.036     -6.092     9.211E-07     8.098E-07     8.791E-01  Aqueous 
  Cl-                   -1.960     -2.018     1.095E-02     9.583E-03     8.749E-01  Aqueous 
  OH-                   -6.942     -6.999     1.142E-07     1.001E-07     8.770E-01  Aqueous 
  CaOH+                 -8.200     -8.252     6.313E-09     5.598E-09     8.868E-01  Aqueous 
  NaOH(aq)             -13.893    -13.892     1.278E-14     1.283E-14     1.004E+00  Aqueous 
  CaCl+                 -5.133     -5.189     7.354E-06     6.465E-06     8.791E-01  Aqueous 
  CaCl2(aq)             -7.163     -7.161     6.876E-08     6.903E-08     1.004E+00  Aqueous 
 
  ****** Partial pressure of gases (bars) *****
 
 
  ***** Saturation state of minerals (log[Q/K] *****
 
 
 
  ***** Volum of minerals added or subtracted *****
 
 
 **************************************************************
 ------> GRID LOCATION:    31:  1:  1
 
  Temperature (C)    =     25.000
  Porosity           =      0.625
  Liquid Saturation  =      1.000
  Liquid Density     =    997.075
  Ionic Strength     =      0.016
  Solution pH        =      6.999
  Total Charge       =  9.944E-07
 
 Total Aqueous Concentrations of Primary Species 
 --------------------------------------- 
 
   Species              Molality       Type 
 H+                  -8.5807E-09     Aqueous      
 Ca++                 5.4805E-03     Aqueous      
 Na+                  7.9536E-07     Aqueous      
 Cl-                  1.0961E-02     Aqueous      
 
 Exchangers           Equiv/kgw        Equiv/g solid    Equiv/m^3 bulk
 X-                   1.4427E+00       9.2000E-04       8.9907E+02
 
 Total Concentrations in Exchange Sites 
 -------------------------------------- 
 
 Exchangers           Equiv/kgw        Equiv/g solid    Equiv/m^3 bulk
 Ca++                 7.2192E-01       4.6035E-04       4.4988E+02
 Na+                  6.9333E-06       4.4212E-09       4.3206E-03
 Cl-                  1.1189E-03       7.1352E-07       6.9729E-01
 
 Concentrations of Individual Species, Exchangers, and Surface Complexes 
 ----------------------------------------------------------------------- 
 
                           Log        Log                 Concentration     
 Species              Molality   Activity      Molality    Mol/m^3 blk  Type
  NaX                   -5.159     -5.318     6.933E-06     4.321E-03  Exchange
  CaX2                  -0.142      0.000     7.208E-01     4.492E+02  Exchange
  CaClX                 -2.951     -3.110     1.119E-03     6.973E-01  Exchange
                           Log        Log                                 Activity
 Species              Molality   Activity      Molality      Activity   Coefficient    Type
  H+                    -6.951     -6.999     1.119E-07     1.003E-07     8.966E-01  Aqueous 
  Ca++                  -2.262     -2.471     5.473E-03     3.384E-03     6.184E-01  Aqueous 
  Na+                   -6.099     -6.155     7.954E-07     6.992E-07     8.791E-01  Aqueous 
  Cl-                   -1.960     -2.018     1.095E-02     9.583E-03     8.749E-01  Aqueous 
  OH-                   -6.942     -6.999     1.142E-07     1.001E-07     8.770E-01  Aqueous 
  CaOH+                 -8.200     -8.252     6.313E-09     5.598E-09     8.868E-01  Aqueous 
  NaOH(aq)             -13.957    -13.955     1.104E-14     1.108E-14     1.004E+00  Aqueous 
  CaCl+                 -5.133     -5.189     7.354E-06     6.465E-06     8.791E-01  Aqueous 
  CaCl2(aq)             -7.163     -7.161     6.877E-08     6.903E-08     1.004E+00  Aqueous 
 
  ****** Partial pressure of gases (bars) *****
 
 
  ***** Saturation state of minerals (log[Q/K] *****
 
 
 
  ***** Volum of minerals added or subtracted *****
 
 
 **************************************************************
 ------> GRID LOCATION:    32:  1:  1
 
  Temperature (C)    =     25.000
  Porosity           =      0.625
  Liquid Saturation  =      1.000
  Liquid Density     =    997.075
  Ionic Strength     =      0.016
  Solution pH        =      6.999
  Total Charge       =  9.944E-07
 
 Total Aqueous Concentrations of Primary Species 
 --------------------------------------- 
 
   Species              Molality       Type 
 H+                  -8.5807E-09     Aqueous      
 Ca++                 5.4806E-03     Aqueous      
 Na+                  7.2866E-07     Aqueous      
 Cl-                  1.0961E-02     Aqueous      
 
 Exchangers           Equiv/kgw        Equiv/g solid    Equiv/m^3 bulk
 X-                   1.4427E+00       9.2000E-04       8.9907E+02
 
 Total Concentrations in Exchange Sites 
 -------------------------------------- 
 
 Exchangers           Equiv/kgw        Equiv/g solid    Equiv/m^3 bulk
 Ca++                 7.2192E-01       4.6035E-04       4.4988E+02
 Na+                  6.3519E-06       4.0504E-09       3.9583E-03
 Cl-                  1.1189E-03       7.1352E-07       6.9729E-01
 
 Concentrations of Individual Species, Exchangers, and Surface Complexes 
 ----------------------------------------------------------------------- 
 
                           Log        Log                 Concentration     
 Species              Molality   Activity      Molality    Mol/m^3 blk  Type
  NaX                   -5.197     -5.356     6.352E-06     3.958E-03  Exchange
  CaX2                  -0.142      0.000     7.208E-01     4.492E+02  Exchange
  CaClX                 -2.951     -3.110     1.119E-03     6.973E-01  Exchange
                           Log        Log                                 Activity
 Species              Molality   Activity      Molality      Activity   Coefficient    Type
  H+                    -6.951     -6.999     1.119E-07     1.003E-07     8.966E-01  Aqueous 
  Ca++                  -2.262     -2.471     5.473E-03     3.384E-03     6.184E-01  Aqueous 
  Na+                   -6.137     -6.193     7.287E-07     6.406E-07     8.791E-01  Aqueous 
  Cl-                   -1.960     -2.018     1.095E-02     9.583E-03     8.749E-01  Aqueous 
  OH-                   -6.942     -6.999     1.142E-07     1.001E-07     8.770E-01  Aqueous 
  CaOH+                 -8.200     -8.252     6.313E-09     5.598E-09     8.868E-01  Aqueous 
  NaOH(aq)             -13.995    -13.993     1.011E-14     1.015E-14     1.004E+00  Aqueous 
  CaCl+                 -5.133     -5.189     7.354E-06     6.465E-06     8.791E-01  Aqueous 
  CaCl2(aq)             -7.163     -7.161     6.877E-08     6.903E-08     1.004E+00  Aqueous 
 
  ****** Partial pressure of gases (bars) *****
 
 
  ***** Saturation state of minerals (log[Q/K] *****
 
 
 
  ***** Volum of minerals added or subtracted *****
 
 
 **************************************************************
 ------> GRID LOCATION:    33:  1:  1
 
  Temperature (C)    =     25.000
  Porosity           =      0.625
  Liquid Saturation  =      1.000
  Liquid Density     =    997.075
  Ionic Strength     =      0.016
  Solution pH        =      6.999
  Total Charge       =  9.944E-07
 
 Total Aqueous Concentrations of Primary Species 
 --------------------------------------- 
 
   Species              Molality       Type 
 H+                  -8.5807E-09     Aqueous      
 Ca++                 5.4806E-03     Aqueous      
 Na+                  6.9446E-07     Aqueous      
 Cl-                  1.0961E-02     Aqueous      
 
 Exchangers           Equiv/kgw        Equiv/g solid    Equiv/m^3 bulk
 X-                   1.4427E+00       9.2000E-04       8.9907E+02
 
 Total Concentrations in Exchange Sites 
 -------------------------------------- 
 
 Exchangers           Equiv/kgw        Equiv/g solid    Equiv/m^3 bulk
 Ca++                 7.2192E-01       4.6035E-04       4.4988E+02
 Na+                  6.0537E-06       3.8603E-09       3.7725E-03
 Cl-                  1.1189E-03       7.1352E-07       6.9729E-01
 
 Concentrations of Individual Species, Exchangers, and Surface Complexes 
 ----------------------------------------------------------------------- 
 
                           Log        Log                 Concentration     
 Species              Molality   Activity      Molality    Mol/m^3 blk  Type
  NaX                   -5.218     -5.377     6.054E-06     3.772E-03  Exchange
  CaX2                  -0.142      0.000     7.208E-01     4.492E+02  Exchange
  CaClX                 -2.951     -3.110     1.119E-03     6.973E-01  Exchange
                           Log        Log                                 Activity
 Species              Molality   Activity      Molality      Activity   Coefficient    Type
  H+                    -6.951     -6.999     1.119E-07     1.003E-07     8.966E-01  Aqueous 
  Ca++                  -2.262     -2.471     5.473E-03     3.384E-03     6.184E-01  Aqueous 
  Na+                   -6.158     -6.214     6.945E-07     6.105E-07     8.791E-01  Aqueous 
  Cl-                   -1.960     -2.018     1.095E-02     9.583E-03     8.749E-01  Aqueous 
  OH-                   -6.942     -6.999     1.142E-07     1.001E-07     8.770E-01  Aqueous 
  CaOH+                 -8.200     -8.252     6.313E-09     5.598E-09     8.868E-01  Aqueous 
  NaOH(aq)             -14.016    -14.014     9.638E-15     9.675E-15     1.004E+00  Aqueous 
  CaCl+                 -5.133     -5.189     7.354E-06     6.465E-06     8.791E-01  Aqueous 
  CaCl2(aq)             -7.163     -7.161     6.877E-08     6.903E-08     1.004E+00  Aqueous 
 
  ****** Partial pressure of gases (bars) *****
 
 
  ***** Saturation state of minerals (log[Q/K] *****
 
 
 
  ***** Volum of minerals added or subtracted *****
 
 
 **************************************************************
 ------> GRID LOCATION:    34:  1:  1
 
  Temperature (C)    =     25.000
  Porosity           =      0.625
  Liquid Saturation  =      1.000
  Liquid Density     =    997.075
  Ionic Strength     =      0.016
  Solution pH        =      6.999
  Total Charge       =  9.944E-07
 
 Total Aqueous Concentrations of Primary Species 
 --------------------------------------- 
 
   Species              Molality       Type 
 H+                  -8.5807E-09     Aqueous      
 Ca++                 5.4806E-03     Aqueous      
 Na+                  6.7751E-07     Aqueous      
 Cl-                  1.0961E-02     Aqueous      
 
 Exchangers           Equiv/kgw        Equiv/g solid    Equiv/m^3 bulk
 X-                   1.4427E+00       9.2000E-04       8.9907E+02
 
 Total Concentrations in Exchange Sites 
 -------------------------------------- 
 
 Exchangers           Equiv/kgw        Equiv/g solid    Equiv/m^3 bulk
 Ca++                 7.2192E-01       4.6035E-04       4.4988E+02
 Na+                  5.9060E-06       3.7661E-09       3.6804E-03
 Cl-                  1.1189E-03       7.1352E-07       6.9729E-01
 
 Concentrations of Individual Species, Exchangers, and Surface Complexes 
 ----------------------------------------------------------------------- 
 
                           Log        Log                 Concentration     
 Species              Molality   Activity      Molality    Mol/m^3 blk  Type
  NaX                   -5.229     -5.388     5.906E-06     3.680E-03  Exchange
  CaX2                  -0.142      0.000     7.208E-01     4.492E+02  Exchange
  CaClX                 -2.951     -3.110     1.119E-03     6.973E-01  Exchange
                           Log        Log                                 Activity
 Species              Molality   Activity      Molality      Activity   Coefficient    Type
  H+                    -6.951     -6.999     1.119E-07     1.003E-07     8.966E-01  Aqueous 
  Ca++                  -2.262     -2.471     5.473E-03     3.384E-03     6.184E-01  Aqueous 
  Na+                   -6.169     -6.225     6.775E-07     5.956E-07     8.791E-01  Aqueous 
  Cl-                   -1.960     -2.018     1.095E-02     9.583E-03     8.749E-01  Aqueous 
  OH-                   -6.942     -6.999     1.142E-07     1.001E-07     8.770E-01  Aqueous 
  CaOH+                 -8.200     -8.252     6.313E-09     5.598E-09     8.868E-01  Aqueous 
  NaOH(aq)             -14.027    -14.025     9.403E-15     9.439E-15     1.004E+00  Aqueous 
  CaCl+                 -5.133     -5.189     7.354E-06     6.465E-06     8.791E-01  Aqueous 
  CaCl2(aq)             -7.163     -7.161     6.877E-08     6.903E-08     1.004E+00  Aqueous 
 
  ****** Partial pressure of gases (bars) *****
 
 
  ***** Saturation state of minerals (log[Q/K] *****
 
 
 
  ***** Volum of minerals added or subtracted *****
 
 
 **************************************************************
 ------> GRID LOCATION:    35:  1:  1
 
  Temperature (C)    =     25.000
  Porosity           =      0.625
  Liquid Saturation  =      1.000
  Liquid Density     =    997.075
  Ionic Strength     =      0.016
  Solution pH        =      6.999
  Total Charge       =  9.944E-07
 
 Total Aqueous Concentrations of Primary Species 
 --------------------------------------- 
 
   Species              Molality       Type 
 H+                  -8.5807E-09     Aqueous      
 Ca++                 5.4806E-03     Aqueous      
 Na+                  6.6942E-07     Aqueous      
 Cl-                  1.0961E-02     Aqueous      
 
 Exchangers           Equiv/kgw        Equiv/g solid    Equiv/m^3 bulk
 X-                   1.4427E+00       9.2000E-04       8.9907E+02
 
 Total Concentrations in Exchange Sites 
 -------------------------------------- 
 
 Exchangers           Equiv/kgw        Equiv/g solid    Equiv/m^3 bulk
 Ca++                 7.2192E-01       4.6035E-04       4.4988E+02
 Na+                  5.8354E-06       3.7211E-09       3.6365E-03
 Cl-                  1.1189E-03       7.1352E-07       6.9729E-01
 
 Concentrations of Individual Species, Exchangers, and Surface Complexes 
 ----------------------------------------------------------------------- 
 
                           Log        Log                 Concentration     
 Species              Molality   Activity      Molality    Mol/m^3 blk  Type
  NaX                   -5.234     -5.393     5.835E-06     3.636E-03  Exchange
  CaX2                  -0.142      0.000     7.208E-01     4.492E+02  Exchange
  CaClX                 -2.951     -3.110     1.119E-03     6.973E-01  Exchange
                           Log        Log                                 Activity
 Species              Molality   Activity      Molality      Activity   Coefficient    Type
  H+                    -6.951     -6.999     1.119E-07     1.003E-07     8.966E-01  Aqueous 
  Ca++                  -2.262     -2.471     5.473E-03     3.384E-03     6.184E-01  Aqueous 
  Na+                   -6.174     -6.230     6.694E-07     5.885E-07     8.791E-01  Aqueous 
  Cl-                   -1.960     -2.018     1.095E-02     9.583E-03     8.749E-01  Aqueous 
  OH-                   -6.942     -6.999     1.142E-07     1.001E-07     8.770E-01  Aqueous 
  CaOH+                 -8.200     -8.252     6.313E-09     5.598E-09     8.868E-01  Aqueous 
  NaOH(aq)             -14.032    -14.030     9.290E-15     9.326E-15     1.004E+00  Aqueous 
  CaCl+                 -5.133     -5.189     7.354E-06     6.465E-06     8.791E-01  Aqueous 
  CaCl2(aq)             -7.163     -7.161     6.877E-08     6.903E-08     1.004E+00  Aqueous 
 
  ****** Partial pressure of gases (bars) *****
 
 
  ***** Saturation state of minerals (log[Q/K] *****
 
 
 
  ***** Volum of minerals added or subtracted *****
 
 
 **************************************************************
 ------> GRID LOCATION:    36:  1:  1
 
  Temperature (C)    =     25.000
  Porosity           =      0.625
  Liquid Saturation  =      1.000
  Liquid Density     =    997.075
  Ionic Strength     =      0.016
  Solution pH        =      6.999
  Total Charge       =  9.944E-07
 
 Total Aqueous Concentrations of Primary Species 
 --------------------------------------- 
 
   Species              Molality       Type 
 H+                  -8.5807E-09     Aqueous      
 Ca++                 5.4806E-03     Aqueous      
 Na+                  6.6572E-07     Aqueous      
 Cl-                  1.0961E-02     Aqueous      
 
 Exchangers           Equiv/kgw        Equiv/g solid    Equiv/m^3 bulk
 X-                   1.4427E+00       9.2000E-04       8.9907E+02
 
 Total Concentrations in Exchange Sites 
 -------------------------------------- 
 
 Exchangers           Equiv/kgw        Equiv/g solid    Equiv/m^3 bulk
 Ca++                 7.2192E-01       4.6035E-04       4.4988E+02
 Na+                  5.8032E-06       3.7006E-09       3.6164E-03
 Cl-                  1.1189E-03       7.1352E-07       6.9729E-01
 
 Concentrations of Individual Species, Exchangers, and Surface Complexes 
 ----------------------------------------------------------------------- 
 
                           Log        Log                 Concentration     
 Species              Molality   Activity      Molality    Mol/m^3 blk  Type
  NaX                   -5.236     -5.396     5.803E-06     3.616E-03  Exchange
  CaX2                  -0.142      0.000     7.208E-01     4.492E+02  Exchange
  CaClX                 -2.951     -3.110     1.119E-03     6.973E-01  Exchange
                           Log        Log                                 Activity
 Species              Molality   Activity      Molality      Activity   Coefficient    Type
  H+                    -6.951     -6.999     1.119E-07     1.003E-07     8.966E-01  Aqueous 
  Ca++                  -2.262     -2.471     5.473E-03     3.384E-03     6.184E-01  Aqueous 
  Na+                   -6.177     -6.233     6.657E-07     5.852E-07     8.791E-01  Aqueous 
  Cl-                   -1.960     -2.018     1.095E-02     9.583E-03     8.749E-01  Aqueous 
  OH-                   -6.942     -6.999     1.142E-07     1.001E-07     8.770E-01  Aqueous 
  CaOH+                 -8.200     -8.252     6.313E-09     5.598E-09     8.868E-01  Aqueous 
  NaOH(aq)             -14.034    -14.033     9.239E-15     9.274E-15     1.004E+00  Aqueous 
  CaCl+                 -5.133     -5.189     7.354E-06     6.465E-06     8.791E-01  Aqueous 
  CaCl2(aq)             -7.163     -7.161     6.877E-08     6.903E-08     1.004E+00  Aqueous 
 
  ****** Partial pressure of gases (bars) *****
 
 
  ***** Saturation state of minerals (log[Q/K] *****
 
 
 
  ***** Volum of minerals added or subtracted *****
 
 
 **************************************************************
 ------> GRID LOCATION:    37:  1:  1
 
  Temperature (C)    =     25.000
  Porosity           =      0.625
  Liquid Saturation  =      1.000
  Liquid Density     =    997.075
  Ionic Strength     =      0.016
  Solution pH        =      6.999
  Total Charge       =  9.944E-07
 
 Total Aqueous Concentrations of Primary Species 
 --------------------------------------- 
 
   Species              Molality       Type 
 H+                  -8.5807E-09     Aqueous      
 Ca++                 5.4806E-03     Aqueous      
 Na+                  6.6413E-07     Aqueous      
 Cl-                  1.0961E-02     Aqueous      
 
 Exchangers           Equiv/kgw        Equiv/g solid    Equiv/m^3 bulk
 X-                   1.4427E+00       9.2000E-04       8.9907E+02
 
 Total Concentrations in Exchange Sites 
 -------------------------------------- 
 
 Exchangers           Equiv/kgw        Equiv/g solid    Equiv/m^3 bulk
 Ca++                 7.2192E-01       4.6035E-04       4.4988E+02
 Na+                  5.7893E-06       3.6917E-09       3.6077E-03
 Cl-                  1.1189E-03       7.1352E-07       6.9729E-01
 
 Concentrations of Individual Species, Exchangers, and Surface Complexes 
 ----------------------------------------------------------------------- 
 
                           Log        Log                 Concentration     
 Species              Molality   Activity      Molality    Mol/m^3 blk  Type
  NaX                   -5.237     -5.397     5.789E-06     3.608E-03  Exchange
  CaX2                  -0.142      0.000     7.208E-01     4.492E+02  Exchange
  CaClX                 -2.951     -3.110     1.119E-03     6.973E-01  Exchange
                           Log        Log                                 Activity
 Species              Molality   Activity      Molality      Activity   Coefficient    Type
  H+                    -6.951     -6.999     1.119E-07     1.003E-07     8.966E-01  Aqueous 
  Ca++                  -2.262     -2.471     5.473E-03     3.384E-03     6.184E-01  Aqueous 
  Na+                   -6.178     -6.234     6.641E-07     5.839E-07     8.791E-01  Aqueous 
  Cl-                   -1.960     -2.018     1.095E-02     9.583E-03     8.749E-01  Aqueous 
  OH-                   -6.942     -6.999     1.142E-07     1.001E-07     8.770E-01  Aqueous 
  CaOH+                 -8.200     -8.252     6.313E-09     5.598E-09     8.868E-01  Aqueous 
  NaOH(aq)             -14.035    -14.034     9.217E-15     9.252E-15     1.004E+00  Aqueous 
  CaCl+                 -5.133     -5.189     7.354E-06     6.465E-06     8.791E-01  Aqueous 
  CaCl2(aq)             -7.163     -7.161     6.877E-08     6.903E-08     1.004E+00  Aqueous 
 
  ****** Partial pressure of gases (bars) *****
 
 
  ***** Saturation state of minerals (log[Q/K] *****
 
 
 
  ***** Volum of minerals added or subtracted *****
 
 
 **************************************************************
 ------> GRID LOCATION:    38:  1:  1
 
  Temperature (C)    =     25.000
  Porosity           =      0.625
  Liquid Saturation  =      1.000
  Liquid Density     =    997.075
  Ionic Strength     =      0.016
  Solution pH        =      6.999
  Total Charge       =  9.944E-07
 
 Total Aqueous Concentrations of Primary Species 
 --------------------------------------- 
 
   Species              Molality       Type 
 H+                  -8.5807E-09     Aqueous      
 Ca++                 5.4806E-03     Aqueous      
 Na+                  6.6352E-07     Aqueous      
 Cl-                  1.0961E-02     Aqueous      
 
 Exchangers           Equiv/kgw        Equiv/g solid    Equiv/m^3 bulk
 X-                   1.4427E+00       9.2000E-04       8.9907E+02
 
 Total Concentrations in Exchange Sites 
 -------------------------------------- 
 
 Exchangers           Equiv/kgw        Equiv/g solid    Equiv/m^3 bulk
 Ca++                 7.2192E-01       4.6035E-04       4.4988E+02
 Na+                  5.7840E-06       3.6883E-09       3.6044E-03
 Cl-                  1.1189E-03       7.1352E-07       6.9729E-01
 
 Concentrations of Individual Species, Exchangers, and Surface Complexes 
 ----------------------------------------------------------------------- 
 
                           Log        Log                 Concentration     
 Species              Molality   Activity      Molality    Mol/m^3 blk  Type
  NaX                   -5.238     -5.397     5.784E-06     3.604E-03  Exchange
  CaX2                  -0.142      0.000     7.208E-01     4.492E+02  Exchange
  CaClX                 -2.951     -3.110     1.119E-03     6.973E-01  Exchange
                           Log        Log                                 Activity
 Species              Molality   Activity      Molality      Activity   Coefficient    Type
  H+                    -6.951     -6.999     1.119E-07     1.003E-07     8.966E-01  Aqueous 
  Ca++                  -2.262     -2.471     5.473E-03     3.384E-03     6.184E-01  Aqueous 
  Na+                   -6.178     -6.234     6.635E-07     5.833E-07     8.791E-01  Aqueous 
  Cl-                   -1.960     -2.018     1.095E-02     9.583E-03     8.749E-01  Aqueous 
  OH-                   -6.942     -6.999     1.142E-07     1.001E-07     8.770E-01  Aqueous 
  CaOH+                 -8.200     -8.252     6.313E-09     5.598E-09     8.868E-01  Aqueous 
  NaOH(aq)             -14.036    -14.034     9.209E-15     9.244E-15     1.004E+00  Aqueous 
  CaCl+                 -5.133     -5.189     7.354E-06     6.465E-06     8.791E-01  Aqueous 
  CaCl2(aq)             -7.163     -7.161     6.877E-08     6.903E-08     1.004E+00  Aqueous 
 
  ****** Partial pressure of gases (bars) *****
 
 
  ***** Saturation state of minerals (log[Q/K] *****
 
 
 
  ***** Volum of minerals added or subtracted *****
 
 
 **************************************************************
 ------> GRID LOCATION:    39:  1:  1
 
  Temperature (C)    =     25.000
  Porosity           =      0.625
  Liquid Saturation  =      1.000
  Liquid Density     =    997.075
  Ionic Strength     =      0.016
  Solution pH        =      6.999
  Total Charge       =  9.944E-07
 
 Total Aqueous Concentrations of Primary Species 
 --------------------------------------- 
 
   Species              Molality       Type 
 H+                  -8.5807E-09     Aqueous      
 Ca++                 5.4806E-03     Aqueous      
 Na+                  6.6335E-07     Aqueous      
 Cl-                  1.0961E-02     Aqueous      
 
 Exchangers           Equiv/kgw        Equiv/g solid    Equiv/m^3 bulk
 X-                   1.4427E+00       9.2000E-04       8.9907E+02
 
 Total Concentrations in Exchange Sites 
 -------------------------------------- 
 
 Exchangers           Equiv/kgw        Equiv/g solid    Equiv/m^3 bulk
 Ca++                 7.2192E-01       4.6035E-04       4.4988E+02
 Na+                  5.7825E-06       3.6874E-09       3.6035E-03
 Cl-                  1.1189E-03       7.1352E-07       6.9729E-01
 
 Concentrations of Individual Species, Exchangers, and Surface Complexes 
 ----------------------------------------------------------------------- 
 
                           Log        Log                 Concentration     
 Species              Molality   Activity      Molality    Mol/m^3 blk  Type
  NaX                   -5.238     -5.397     5.782E-06     3.603E-03  Exchange
  CaX2                  -0.142      0.000     7.208E-01     4.492E+02  Exchange
  CaClX                 -2.951     -3.110     1.119E-03     6.973E-01  Exchange
                           Log        Log                                 Activity
 Species              Molality   Activity      Molality      Activity   Coefficient    Type
  H+                    -6.951     -6.999     1.119E-07     1.003E-07     8.966E-01  Aqueous 
  Ca++                  -2.262     -2.471     5.473E-03     3.384E-03     6.184E-01  Aqueous 
  Na+                   -6.178     -6.234     6.633E-07     5.832E-07     8.791E-01  Aqueous 
  Cl-                   -1.960     -2.018     1.095E-02     9.583E-03     8.749E-01  Aqueous 
  OH-                   -6.942     -6.999     1.142E-07     1.001E-07     8.770E-01  Aqueous 
  CaOH+                 -8.200     -8.252     6.313E-09     5.598E-09     8.868E-01  Aqueous 
  NaOH(aq)             -14.036    -14.034     9.206E-15     9.241E-15     1.004E+00  Aqueous 
  CaCl+                 -5.133     -5.189     7.354E-06     6.465E-06     8.791E-01  Aqueous 
  CaCl2(aq)             -7.163     -7.161     6.877E-08     6.903E-08     1.004E+00  Aqueous 
 
  ****** Partial pressure of gases (bars) *****
 
 
  ***** Saturation state of minerals (log[Q/K] *****
 
 
 
  ***** Volum of minerals added or subtracted *****
 
 
 **************************************************************
 ------> GRID LOCATION:    40:  1:  1
 
  Temperature (C)    =     25.000
  Porosity           =      0.625
  Liquid Saturation  =      1.000
  Liquid Density     =    997.075
  Ionic Strength     =      0.016
  Solution pH        =      6.999
  Total Charge       =  9.944E-07
 
 Total Aqueous Concentrations of Primary Species 
 --------------------------------------- 
 
   Species              Molality       Type 
 H+                  -8.5807E-09     Aqueous      
 Ca++                 5.4806E-03     Aqueous      
 Na+                  6.6336E-07     Aqueous      
 Cl-                  1.0961E-02     Aqueous      
 
 Exchangers           Equiv/kgw        Equiv/g solid    Equiv/m^3 bulk
 X-                   1.4427E+00       9.2000E-04       8.9907E+02
 
 Total Concentrations in Exchange Sites 
 -------------------------------------- 
 
 Exchangers           Equiv/kgw        Equiv/g solid    Equiv/m^3 bulk
 Ca++                 7.2192E-01       4.6035E-04       4.4988E+02
 Na+                  5.7826E-06       3.6874E-09       3.6035E-03
 Cl-                  1.1189E-03       7.1352E-07       6.9729E-01
 
 Concentrations of Individual Species, Exchangers, and Surface Complexes 
 ----------------------------------------------------------------------- 
 
                           Log        Log                 Concentration     
 Species              Molality   Activity      Molality    Mol/m^3 blk  Type
  NaX                   -5.238     -5.397     5.783E-06     3.604E-03  Exchange
  CaX2                  -0.142      0.000     7.208E-01     4.492E+02  Exchange
  CaClX                 -2.951     -3.110     1.119E-03     6.973E-01  Exchange
                           Log        Log                                 Activity
 Species              Molality   Activity      Molality      Activity   Coefficient    Type
  H+                    -6.951     -6.999     1.119E-07     1.003E-07     8.966E-01  Aqueous 
  Ca++                  -2.262     -2.471     5.473E-03     3.384E-03     6.184E-01  Aqueous 
  Na+                   -6.178     -6.234     6.634E-07     5.832E-07     8.791E-01  Aqueous 
  Cl-                   -1.960     -2.018     1.095E-02     9.583E-03     8.749E-01  Aqueous 
  OH-                   -6.942     -6.999     1.142E-07     1.001E-07     8.770E-01  Aqueous 
  CaOH+                 -8.200     -8.252     6.313E-09     5.598E-09     8.868E-01  Aqueous 
  NaOH(aq)             -14.036    -14.034     9.206E-15     9.241E-15     1.004E+00  Aqueous 
  CaCl+                 -5.133     -5.189     7.354E-06     6.465E-06     8.791E-01  Aqueous 
  CaCl2(aq)             -7.163     -7.161     6.877E-08     6.903E-08     1.004E+00  Aqueous 
 
  ****** Partial pressure of gases (bars) *****
 
 
  ***** Saturation state of minerals (log[Q/K] *****
 
 
 
  ***** Volum of minerals added or subtracted *****
 
 
 **************************************************************
 ------> GRID LOCATION:    41:  1:  1
 
  Temperature (C)    =     25.000
  Porosity           =      0.625
  Liquid Saturation  =      1.000
  Liquid Density     =    997.075
  Ionic Strength     =      0.016
  Solution pH        =      6.999
  Total Charge       =  9.944E-07
 
 Total Aqueous Concentrations of Primary Species 
 --------------------------------------- 
 
   Species              Molality       Type 
 H+                  -8.5807E-09     Aqueous      
 Ca++                 5.4806E-03     Aqueous      
 Na+                  6.6344E-07     Aqueous      
 Cl-                  1.0961E-02     Aqueous      
 
 Exchangers           Equiv/kgw        Equiv/g solid    Equiv/m^3 bulk
 X-                   1.4427E+00       9.2000E-04       8.9907E+02
 
 Total Concentrations in Exchange Sites 
 -------------------------------------- 
 
 Exchangers           Equiv/kgw        Equiv/g solid    Equiv/m^3 bulk
 Ca++                 7.2192E-01       4.6035E-04       4.4988E+02
 Na+                  5.7833E-06       3.6879E-09       3.6040E-03
 Cl-                  1.1189E-03       7.1352E-07       6.9729E-01
 
 Concentrations of Individual Species, Exchangers, and Surface Complexes 
 ----------------------------------------------------------------------- 
 
                           Log        Log                 Concentration     
 Species              Molality   Activity      Molality    Mol/m^3 blk  Type
  NaX                   -5.238     -5.397     5.783E-06     3.604E-03  Exchange
  CaX2                  -0.142      0.000     7.208E-01     4.492E+02  Exchange
  CaClX                 -2.951     -3.110     1.119E-03     6.973E-01  Exchange
                           Log        Log                                 Activity
 Species              Molality   Activity      Molality      Activity   Coefficient    Type
  H+                    -6.951     -6.999     1.119E-07     1.003E-07     8.966E-01  Aqueous 
  Ca++                  -2.262     -2.471     5.473E-03     3.384E-03     6.184E-01  Aqueous 
  Na+                   -6.178     -6.234     6.634E-07     5.832E-07     8.791E-01  Aqueous 
  Cl-                   -1.960     -2.018     1.095E-02     9.583E-03     8.749E-01  Aqueous 
  OH-                   -6.942     -6.999     1.142E-07     1.001E-07     8.770E-01  Aqueous 
  CaOH+                 -8.200     -8.252     6.313E-09     5.598E-09     8.868E-01  Aqueous 
  NaOH(aq)             -14.036    -14.034     9.207E-15     9.242E-15     1.004E+00  Aqueous 
  CaCl+                 -5.133     -5.189     7.354E-06     6.465E-06     8.791E-01  Aqueous 
  CaCl2(aq)             -7.163     -7.161     6.877E-08     6.903E-08     1.004E+00  Aqueous 
 
  ****** Partial pressure of gases (bars) *****
 
 
  ***** Saturation state of minerals (log[Q/K] *****
 
 
 
  ***** Volum of minerals added or subtracted *****
 
 
 **************************************************************
 ------> GRID LOCATION:    42:  1:  1
 
  Temperature (C)    =     25.000
  Porosity           =      0.625
  Liquid Saturation  =      1.000
  Liquid Density     =    997.075
  Ionic Strength     =      0.016
  Solution pH        =      6.999
  Total Charge       =  9.944E-07
 
 Total Aqueous Concentrations of Primary Species 
 --------------------------------------- 
 
   Species              Molality       Type 
 H+                  -8.5807E-09     Aqueous      
 Ca++                 5.4806E-03     Aqueous      
 Na+                  6.6356E-07     Aqueous      
 Cl-                  1.0961E-02     Aqueous      
 
 Exchangers           Equiv/kgw        Equiv/g solid    Equiv/m^3 bulk
 X-                   1.4427E+00       9.2000E-04       8.9907E+02
 
 Total Concentrations in Exchange Sites 
 -------------------------------------- 
 
 Exchangers           Equiv/kgw        Equiv/g solid    Equiv/m^3 bulk
 Ca++                 7.2192E-01       4.6035E-04       4.4988E+02
 Na+                  5.7843E-06       3.6885E-09       3.6046E-03
 Cl-                  1.1189E-03       7.1352E-07       6.9729E-01
 
 Concentrations of Individual Species, Exchangers, and Surface Complexes 
 ----------------------------------------------------------------------- 
 
                           Log        Log                 Concentration     
 Species              Molality   Activity      Molality    Mol/m^3 blk  Type
  NaX                   -5.238     -5.397     5.784E-06     3.605E-03  Exchange
  CaX2                  -0.142      0.000     7.208E-01     4.492E+02  Exchange
  CaClX                 -2.951     -3.110     1.119E-03     6.973E-01  Exchange
                           Log        Log                                 Activity
 Species              Molality   Activity      Molality      Activity   Coefficient    Type
  H+                    -6.951     -6.999     1.119E-07     1.003E-07     8.966E-01  Aqueous 
  Ca++                  -2.262     -2.471     5.473E-03     3.384E-03     6.184E-01  Aqueous 
  Na+                   -6.178     -6.234     6.636E-07     5.833E-07     8.791E-01  Aqueous 
  Cl-                   -1.960     -2.018     1.095E-02     9.583E-03     8.749E-01  Aqueous 
  OH-                   -6.942     -6.999     1.142E-07     1.001E-07     8.770E-01  Aqueous 
  CaOH+                 -8.200     -8.252     6.313E-09     5.598E-09     8.868E-01  Aqueous 
  NaOH(aq)             -14.036    -14.034     9.209E-15     9.244E-15     1.004E+00  Aqueous 
  CaCl+                 -5.133     -5.189     7.354E-06     6.465E-06     8.791E-01  Aqueous 
  CaCl2(aq)             -7.163     -7.161     6.877E-08     6.903E-08     1.004E+00  Aqueous 
 
  ****** Partial pressure of gases (bars) *****
 
 
  ***** Saturation state of minerals (log[Q/K] *****
 
 
 
  ***** Volum of minerals added or subtracted *****
 
 
 **************************************************************
 ------> GRID LOCATION:    43:  1:  1
 
  Temperature (C)    =     25.000
  Porosity           =      0.625
  Liquid Saturation  =      1.000
  Liquid Density     =    997.075
  Ionic Strength     =      0.016
  Solution pH        =      6.999
  Total Charge       =  9.944E-07
 
 Total Aqueous Concentrations of Primary Species 
 --------------------------------------- 
 
   Species              Molality       Type 
 H+                  -8.5807E-09     Aqueous      
 Ca++                 5.4806E-03     Aqueous      
 Na+                  6.6367E-07     Aqueous      
 Cl-                  1.0961E-02     Aqueous      
 
 Exchangers           Equiv/kgw        Equiv/g solid    Equiv/m^3 bulk
 X-                   1.4427E+00       9.2000E-04       8.9907E+02
 
 Total Concentrations in Exchange Sites 
 -------------------------------------- 
 
 Exchangers           Equiv/kgw        Equiv/g solid    Equiv/m^3 bulk
 Ca++                 7.2192E-01       4.6035E-04       4.4988E+02
 Na+                  5.7853E-06       3.6892E-09       3.6053E-03
 Cl-                  1.1189E-03       7.1352E-07       6.9729E-01
 
 Concentrations of Individual Species, Exchangers, and Surface Complexes 
 ----------------------------------------------------------------------- 
 
                           Log        Log                 Concentration     
 Species              Molality   Activity      Molality    Mol/m^3 blk  Type
  NaX                   -5.238     -5.397     5.785E-06     3.605E-03  Exchange
  CaX2                  -0.142      0.000     7.208E-01     4.492E+02  Exchange
  CaClX                 -2.951     -3.110     1.119E-03     6.973E-01  Exchange
                           Log        Log                                 Activity
 Species              Molality   Activity      Molality      Activity   Coefficient    Type
  H+                    -6.951     -6.999     1.119E-07     1.003E-07     8.966E-01  Aqueous 
  Ca++                  -2.262     -2.471     5.473E-03     3.384E-03     6.184E-01  Aqueous 
  Na+                   -6.178     -6.234     6.637E-07     5.834E-07     8.791E-01  Aqueous 
  Cl-                   -1.960     -2.018     1.095E-02     9.583E-03     8.749E-01  Aqueous 
  OH-                   -6.942     -6.999     1.142E-07     1.001E-07     8.770E-01  Aqueous 
  CaOH+                 -8.200     -8.252     6.313E-09     5.598E-09     8.868E-01  Aqueous 
  NaOH(aq)             -14.036    -14.034     9.211E-15     9.246E-15     1.004E+00  Aqueous 
  CaCl+                 -5.133     -5.189     7.354E-06     6.465E-06     8.791E-01  Aqueous 
  CaCl2(aq)             -7.163     -7.161     6.877E-08     6.903E-08     1.004E+00  Aqueous 
 
  ****** Partial pressure of gases (bars) *****
 
 
  ***** Saturation state of minerals (log[Q/K] *****
 
 
 
  ***** Volum of minerals added or subtracted *****
 
 
 **************************************************************
 ------> GRID LOCATION:    44:  1:  1
 
  Temperature (C)    =     25.000
  Porosity           =      0.625
  Liquid Saturation  =      1.000
  Liquid Density     =    997.075
  Ionic Strength     =      0.016
  Solution pH        =      6.999
  Total Charge       =  9.944E-07
 
 Total Aqueous Concentrations of Primary Species 
 --------------------------------------- 
 
   Species              Molality       Type 
 H+                  -8.5807E-09     Aqueous      
 Ca++                 5.4806E-03     Aqueous      
 Na+                  6.6379E-07     Aqueous      
 Cl-                  1.0961E-02     Aqueous      
 
 Exchangers           Equiv/kgw        Equiv/g solid    Equiv/m^3 bulk
 X-                   1.4427E+00       9.2000E-04       8.9907E+02
 
 Total Concentrations in Exchange Sites 
 -------------------------------------- 
 
 Exchangers           Equiv/kgw        Equiv/g solid    Equiv/m^3 bulk
 Ca++                 7.2192E-01       4.6035E-04       4.4988E+02
 Na+                  5.7863E-06       3.6898E-09       3.6059E-03
 Cl-                  1.1189E-03       7.1352E-07       6.9729E-01
 
 Concentrations of Individual Species, Exchangers, and Surface Complexes 
 ----------------------------------------------------------------------- 
 
                           Log        Log                 Concentration     
 Species              Molality   Activity      Molality    Mol/m^3 blk  Type
  NaX                   -5.238     -5.397     5.786E-06     3.606E-03  Exchange
  CaX2                  -0.142      0.000     7.208E-01     4.492E+02  Exchange
  CaClX                 -2.951     -3.110     1.119E-03     6.973E-01  Exchange
                           Log        Log                                 Activity
 Species              Molality   Activity      Molality      Activity   Coefficient    Type
  H+                    -6.951     -6.999     1.119E-07     1.003E-07     8.966E-01  Aqueous 
  Ca++                  -2.262     -2.471     5.473E-03     3.384E-03     6.184E-01  Aqueous 
  Na+                   -6.178     -6.234     6.638E-07     5.835E-07     8.791E-01  Aqueous 
  Cl-                   -1.960     -2.018     1.095E-02     9.583E-03     8.749E-01  Aqueous 
  OH-                   -6.942     -6.999     1.142E-07     1.001E-07     8.770E-01  Aqueous 
  CaOH+                 -8.200     -8.252     6.313E-09     5.598E-09     8.868E-01  Aqueous 
  NaOH(aq)             -14.036    -14.034     9.212E-15     9.247E-15     1.004E+00  Aqueous 
  CaCl+                 -5.133     -5.189     7.354E-06     6.465E-06     8.791E-01  Aqueous 
  CaCl2(aq)             -7.163     -7.161     6.877E-08     6.903E-08     1.004E+00  Aqueous 
 
  ****** Partial pressure of gases (bars) *****
 
 
  ***** Saturation state of minerals (log[Q/K] *****
 
 
 
  ***** Volum of minerals added or subtracted *****
 
 
 **************************************************************
 ------> GRID LOCATION:    45:  1:  1
 
  Temperature (C)    =     25.000
  Porosity           =      0.625
  Liquid Saturation  =      1.000
  Liquid Density     =    997.075
  Ionic Strength     =      0.016
  Solution pH        =      6.999
  Total Charge       =  9.944E-07
 
 Total Aqueous Concentrations of Primary Species 
 --------------------------------------- 
 
   Species              Molality       Type 
 H+                  -8.5807E-09     Aqueous      
 Ca++                 5.4806E-03     Aqueous      
 Na+                  6.6390E-07     Aqueous      
 Cl-                  1.0961E-02     Aqueous      
 
 Exchangers           Equiv/kgw        Equiv/g solid    Equiv/m^3 bulk
 X-                   1.4427E+00       9.2000E-04       8.9907E+02
 
 Total Concentrations in Exchange Sites 
 -------------------------------------- 
 
 Exchangers           Equiv/kgw        Equiv/g solid    Equiv/m^3 bulk
 Ca++                 7.2192E-01       4.6035E-04       4.4988E+02
 Na+                  5.7873E-06       3.6904E-09       3.6065E-03
 Cl-                  1.1189E-03       7.1352E-07       6.9729E-01
 
 Concentrations of Individual Species, Exchangers, and Surface Complexes 
 ----------------------------------------------------------------------- 
 
                           Log        Log                 Concentration     
 Species              Molality   Activity      Molality    Mol/m^3 blk  Type
  NaX                   -5.238     -5.397     5.787E-06     3.606E-03  Exchange
  CaX2                  -0.142      0.000     7.208E-01     4.492E+02  Exchange
  CaClX                 -2.951     -3.110     1.119E-03     6.973E-01  Exchange
                           Log        Log                                 Activity
 Species              Molality   Activity      Molality      Activity   Coefficient    Type
  H+                    -6.951     -6.999     1.119E-07     1.003E-07     8.966E-01  Aqueous 
  Ca++                  -2.262     -2.471     5.473E-03     3.384E-03     6.184E-01  Aqueous 
  Na+                   -6.178     -6.234     6.639E-07     5.836E-07     8.791E-01  Aqueous 
  Cl-                   -1.960     -2.018     1.095E-02     9.583E-03     8.749E-01  Aqueous 
  OH-                   -6.942     -6.999     1.142E-07     1.001E-07     8.770E-01  Aqueous 
  CaOH+                 -8.200     -8.252     6.313E-09     5.598E-09     8.868E-01  Aqueous 
  NaOH(aq)             -14.036    -14.034     9.214E-15     9.249E-15     1.004E+00  Aqueous 
  CaCl+                 -5.133     -5.189     7.354E-06     6.465E-06     8.791E-01  Aqueous 
  CaCl2(aq)             -7.163     -7.161     6.877E-08     6.903E-08     1.004E+00  Aqueous 
 
  ****** Partial pressure of gases (bars) *****
 
 
  ***** Saturation state of minerals (log[Q/K] *****
 
 
 
  ***** Volum of minerals added or subtracted *****
 
 
 **************************************************************
 ------> GRID LOCATION:    46:  1:  1
 
  Temperature (C)    =     25.000
  Porosity           =      0.625
  Liquid Saturation  =      1.000
  Liquid Density     =    997.075
  Ionic Strength     =      0.016
  Solution pH        =      6.999
  Total Charge       =  9.944E-07
 
 Total Aqueous Concentrations of Primary Species 
 --------------------------------------- 
 
   Species              Molality       Type 
 H+                  -8.5807E-09     Aqueous      
 Ca++                 5.4806E-03     Aqueous      
 Na+                  6.6401E-07     Aqueous      
 Cl-                  1.0961E-02     Aqueous      
 
 Exchangers           Equiv/kgw        Equiv/g solid    Equiv/m^3 bulk
 X-                   1.4427E+00       9.2000E-04       8.9907E+02
 
 Total Concentrations in Exchange Sites 
 -------------------------------------- 
 
 Exchangers           Equiv/kgw        Equiv/g solid    Equiv/m^3 bulk
 Ca++                 7.2192E-01       4.6035E-04       4.4988E+02
 Na+                  5.7882E-06       3.6910E-09       3.6071E-03
 Cl-                  1.1189E-03       7.1352E-07       6.9729E-01
 
 Concentrations of Individual Species, Exchangers, and Surface Complexes 
 ----------------------------------------------------------------------- 
 
                           Log        Log                 Concentration     
 Species              Molality   Activity      Molality    Mol/m^3 blk  Type
  NaX                   -5.237     -5.397     5.788E-06     3.607E-03  Exchange
  CaX2                  -0.142      0.000     7.208E-01     4.492E+02  Exchange
  CaClX                 -2.951     -3.110     1.119E-03     6.973E-01  Exchange
                           Log        Log                                 Activity
 Species              Molality   Activity      Molality      Activity   Coefficient    Type
  H+                    -6.951     -6.999     1.119E-07     1.003E-07     8.966E-01  Aqueous 
  Ca++                  -2.262     -2.471     5.473E-03     3.384E-03     6.184E-01  Aqueous 
  Na+                   -6.178     -6.234     6.640E-07     5.837E-07     8.791E-01  Aqueous 
  Cl-                   -1.960     -2.018     1.095E-02     9.583E-03     8.749E-01  Aqueous 
  OH-                   -6.942     -6.999     1.142E-07     1.001E-07     8.770E-01  Aqueous 
  CaOH+                 -8.200     -8.252     6.313E-09     5.598E-09     8.868E-01  Aqueous 
  NaOH(aq)             -14.035    -14.034     9.215E-15     9.250E-15     1.004E+00  Aqueous 
  CaCl+                 -5.133     -5.189     7.354E-06     6.465E-06     8.791E-01  Aqueous 
  CaCl2(aq)             -7.163     -7.161     6.877E-08     6.903E-08     1.004E+00  Aqueous 
 
  ****** Partial pressure of gases (bars) *****
 
 
  ***** Saturation state of minerals (log[Q/K] *****
 
 
 
  ***** Volum of minerals added or subtracted *****
 
 
 **************************************************************
 ------> GRID LOCATION:    47:  1:  1
 
  Temperature (C)    =     25.000
  Porosity           =      0.625
  Liquid Saturation  =      1.000
  Liquid Density     =    997.075
  Ionic Strength     =      0.016
  Solution pH        =      6.999
  Total Charge       =  9.944E-07
 
 Total Aqueous Concentrations of Primary Species 
 --------------------------------------- 
 
   Species              Molality       Type 
 H+                  -8.5807E-09     Aqueous      
 Ca++                 5.4806E-03     Aqueous      
 Na+                  6.6411E-07     Aqueous      
 Cl-                  1.0961E-02     Aqueous      
 
 Exchangers           Equiv/kgw        Equiv/g solid    Equiv/m^3 bulk
 X-                   1.4427E+00       9.2000E-04       8.9907E+02
 
 Total Concentrations in Exchange Sites 
 -------------------------------------- 
 
 Exchangers           Equiv/kgw        Equiv/g solid    Equiv/m^3 bulk
 Ca++                 7.2192E-01       4.6035E-04       4.4988E+02
 Na+                  5.7891E-06       3.6916E-09       3.6076E-03
 Cl-                  1.1189E-03       7.1352E-07       6.9729E-01
 
 Concentrations of Individual Species, Exchangers, and Surface Complexes 
 ----------------------------------------------------------------------- 
 
                           Log        Log                 Concentration     
 Species              Molality   Activity      Molality    Mol/m^3 blk  Type
  NaX                   -5.237     -5.397     5.789E-06     3.608E-03  Exchange
  CaX2                  -0.142      0.000     7.208E-01     4.492E+02  Exchange
  CaClX                 -2.951     -3.110     1.119E-03     6.973E-01  Exchange
                           Log        Log                                 Activity
 Species              Molality   Activity      Molality      Activity   Coefficient    Type
  H+                    -6.951     -6.999     1.119E-07     1.003E-07     8.966E-01  Aqueous 
  Ca++                  -2.262     -2.471     5.473E-03     3.384E-03     6.184E-01  Aqueous 
  Na+                   -6.178     -6.234     6.641E-07     5.838E-07     8.791E-01  Aqueous 
  Cl-                   -1.960     -2.018     1.095E-02     9.583E-03     8.749E-01  Aqueous 
  OH-                   -6.942     -6.999     1.142E-07     1.001E-07     8.770E-01  Aqueous 
  CaOH+                 -8.200     -8.252     6.313E-09     5.598E-09     8.868E-01  Aqueous 
  NaOH(aq)             -14.035    -14.034     9.217E-15     9.252E-15     1.004E+00  Aqueous 
  CaCl+                 -5.133     -5.189     7.354E-06     6.465E-06     8.791E-01  Aqueous 
  CaCl2(aq)             -7.163     -7.161     6.877E-08     6.903E-08     1.004E+00  Aqueous 
 
  ****** Partial pressure of gases (bars) *****
 
 
  ***** Saturation state of minerals (log[Q/K] *****
 
 
 
  ***** Volum of minerals added or subtracted *****
 
 
 **************************************************************
 ------> GRID LOCATION:    48:  1:  1
 
  Temperature (C)    =     25.000
  Porosity           =      0.625
  Liquid Saturation  =      1.000
  Liquid Density     =    997.075
  Ionic Strength     =      0.016
  Solution pH        =      6.999
  Total Charge       =  9.944E-07
 
 Total Aqueous Concentrations of Primary Species 
 --------------------------------------- 
 
   Species              Molality       Type 
 H+                  -8.5807E-09     Aqueous      
 Ca++                 5.4806E-03     Aqueous      
 Na+                  6.6420E-07     Aqueous      
 Cl-                  1.0961E-02     Aqueous      
 
 Exchangers           Equiv/kgw        Equiv/g solid    Equiv/m^3 bulk
 X-                   1.4427E+00       9.2000E-04       8.9907E+02
 
 Total Concentrations in Exchange Sites 
 -------------------------------------- 
 
 Exchangers           Equiv/kgw        Equiv/g solid    Equiv/m^3 bulk
 Ca++                 7.2192E-01       4.6035E-04       4.4988E+02
 Na+                  5.7899E-06       3.6921E-09       3.6081E-03
 Cl-                  1.1189E-03       7.1352E-07       6.9729E-01
 
 Concentrations of Individual Species, Exchangers, and Surface Complexes 
 ----------------------------------------------------------------------- 
 
                           Log        Log                 Concentration     
 Species              Molality   Activity      Molality    Mol/m^3 blk  Type
  NaX                   -5.237     -5.397     5.790E-06     3.608E-03  Exchange
  CaX2                  -0.142      0.000     7.208E-01     4.492E+02  Exchange
  CaClX                 -2.951     -3.110     1.119E-03     6.973E-01  Exchange
                           Log        Log                                 Activity
 Species              Molality   Activity      Molality      Activity   Coefficient    Type
  H+                    -6.951     -6.999     1.119E-07     1.003E-07     8.966E-01  Aqueous 
  Ca++                  -2.262     -2.471     5.473E-03     3.384E-03     6.184E-01  Aqueous 
  Na+                   -6.178     -6.234     6.642E-07     5.839E-07     8.791E-01  Aqueous 
  Cl-                   -1.960     -2.018     1.095E-02     9.583E-03     8.749E-01  Aqueous 
  OH-                   -6.942     -6.999     1.142E-07     1.001E-07     8.770E-01  Aqueous 
  CaOH+                 -8.200     -8.252     6.313E-09     5.598E-09     8.868E-01  Aqueous 
  NaOH(aq)             -14.035    -14.034     9.218E-15     9.253E-15     1.004E+00  Aqueous 
  CaCl+                 -5.133     -5.189     7.354E-06     6.465E-06     8.791E-01  Aqueous 
  CaCl2(aq)             -7.163     -7.161     6.877E-08     6.903E-08     1.004E+00  Aqueous 
 
  ****** Partial pressure of gases (bars) *****
 
 
  ***** Saturation state of minerals (log[Q/K] *****
 
 
 
  ***** Volum of minerals added or subtracted *****
 
 
 **************************************************************
 ------> GRID LOCATION:    49:  1:  1
 
  Temperature (C)    =     25.000
  Porosity           =      0.625
  Liquid Saturation  =      1.000
  Liquid Density     =    997.075
  Ionic Strength     =      0.016
  Solution pH        =      6.999
  Total Charge       =  9.944E-07
 
 Total Aqueous Concentrations of Primary Species 
 --------------------------------------- 
 
   Species              Molality       Type 
 H+                  -8.5807E-09     Aqueous      
 Ca++                 5.4806E-03     Aqueous      
 Na+                  6.6429E-07     Aqueous      
 Cl-                  1.0961E-02     Aqueous      
 
 Exchangers           Equiv/kgw        Equiv/g solid    Equiv/m^3 bulk
 X-                   1.4427E+00       9.2000E-04       8.9907E+02
 
 Total Concentrations in Exchange Sites 
 -------------------------------------- 
 
 Exchangers           Equiv/kgw        Equiv/g solid    Equiv/m^3 bulk
 Ca++                 7.2192E-01       4.6035E-04       4.4988E+02
 Na+                  5.7907E-06       3.6926E-09       3.6086E-03
 Cl-                  1.1189E-03       7.1352E-07       6.9729E-01
 
 Concentrations of Individual Species, Exchangers, and Surface Complexes 
 ----------------------------------------------------------------------- 
 
                           Log        Log                 Concentration     
 Species              Molality   Activity      Molality    Mol/m^3 blk  Type
  NaX                   -5.237     -5.396     5.791E-06     3.609E-03  Exchange
  CaX2                  -0.142      0.000     7.208E-01     4.492E+02  Exchange
  CaClX                 -2.951     -3.110     1.119E-03     6.973E-01  Exchange
                           Log        Log                                 Activity
 Species              Molality   Activity      Molality      Activity   Coefficient    Type
  H+                    -6.951     -6.999     1.119E-07     1.003E-07     8.966E-01  Aqueous 
  Ca++                  -2.262     -2.471     5.473E-03     3.384E-03     6.184E-01  Aqueous 
  Na+                   -6.178     -6.234     6.643E-07     5.840E-07     8.791E-01  Aqueous 
  Cl-                   -1.960     -2.018     1.095E-02     9.583E-03     8.749E-01  Aqueous 
  OH-                   -6.942     -6.999     1.142E-07     1.001E-07     8.770E-01  Aqueous 
  CaOH+                 -8.200     -8.252     6.313E-09     5.598E-09     8.868E-01  Aqueous 
  NaOH(aq)             -14.035    -14.034     9.219E-15     9.254E-15     1.004E+00  Aqueous 
  CaCl+                 -5.133     -5.189     7.354E-06     6.465E-06     8.791E-01  Aqueous 
  CaCl2(aq)             -7.163     -7.161     6.877E-08     6.903E-08     1.004E+00  Aqueous 
 
  ****** Partial pressure of gases (bars) *****
 
 
  ***** Saturation state of minerals (log[Q/K] *****
 
 
 
  ***** Volum of minerals added or subtracted *****
 
 
 **************************************************************
 ------> GRID LOCATION:    50:  1:  1
 
  Temperature (C)    =     25.000
  Porosity           =      0.625
  Liquid Saturation  =      1.000
  Liquid Density     =    997.075
  Ionic Strength     =      0.016
  Solution pH        =      6.999
  Total Charge       =  9.944E-07
 
 Total Aqueous Concentrations of Primary Species 
 --------------------------------------- 
 
   Species              Molality       Type 
 H+                  -8.5807E-09     Aqueous      
 Ca++                 5.4806E-03     Aqueous      
 Na+                  6.6438E-07     Aqueous      
 Cl-                  1.0961E-02     Aqueous      
 
 Exchangers           Equiv/kgw        Equiv/g solid    Equiv/m^3 bulk
 X-                   1.4427E+00       9.2000E-04       8.9907E+02
 
 Total Concentrations in Exchange Sites 
 -------------------------------------- 
 
 Exchangers           Equiv/kgw        Equiv/g solid    Equiv/m^3 bulk
 Ca++                 7.2192E-01       4.6035E-04       4.4988E+02
 Na+                  5.7915E-06       3.6931E-09       3.6091E-03
 Cl-                  1.1189E-03       7.1352E-07       6.9729E-01
 
 Concentrations of Individual Species, Exchangers, and Surface Complexes 
 ----------------------------------------------------------------------- 
 
                           Log        Log                 Concentration     
 Species              Molality   Activity      Molality    Mol/m^3 blk  Type
  NaX                   -5.237     -5.396     5.791E-06     3.609E-03  Exchange
  CaX2                  -0.142      0.000     7.208E-01     4.492E+02  Exchange
  CaClX                 -2.951     -3.110     1.119E-03     6.973E-01  Exchange
                           Log        Log                                 Activity
 Species              Molality   Activity      Molality      Activity   Coefficient    Type
  H+                    -6.951     -6.999     1.119E-07     1.003E-07     8.966E-01  Aqueous 
  Ca++                  -2.262     -2.471     5.473E-03     3.384E-03     6.184E-01  Aqueous 
  Na+                   -6.178     -6.234     6.644E-07     5.841E-07     8.791E-01  Aqueous 
  Cl-                   -1.960     -2.018     1.095E-02     9.583E-03     8.749E-01  Aqueous 
  OH-                   -6.942     -6.999     1.142E-07     1.001E-07     8.770E-01  Aqueous 
  CaOH+                 -8.200     -8.252     6.313E-09     5.598E-09     8.868E-01  Aqueous 
  NaOH(aq)             -14.035    -14.034     9.220E-15     9.256E-15     1.004E+00  Aqueous 
  CaCl+                 -5.133     -5.189     7.354E-06     6.465E-06     8.791E-01  Aqueous 
  CaCl2(aq)             -7.163     -7.161     6.877E-08     6.903E-08     1.004E+00  Aqueous 
 
  ****** Partial pressure of gases (bars) *****
 
 
  ***** Saturation state of minerals (log[Q/K] *****
 
 
 
  ***** Volum of minerals added or subtracted *****
 
 
 **************************************************************
 ------> GRID LOCATION:    51:  1:  1
 
  Temperature (C)    =     25.000
  Porosity           =      0.625
  Liquid Saturation  =      1.000
  Liquid Density     =    997.075
  Ionic Strength     =      0.016
  Solution pH        =      6.999
  Total Charge       =  9.944E-07
 
 Total Aqueous Concentrations of Primary Species 
 --------------------------------------- 
 
   Species              Molality       Type 
 H+                  -8.5807E-09     Aqueous      
 Ca++                 5.4806E-03     Aqueous      
 Na+                  6.6446E-07     Aqueous      
 Cl-                  1.0961E-02     Aqueous      
 
 Exchangers           Equiv/kgw        Equiv/g solid    Equiv/m^3 bulk
 X-                   1.4427E+00       9.2000E-04       8.9907E+02
 
 Total Concentrations in Exchange Sites 
 -------------------------------------- 
 
 Exchangers           Equiv/kgw        Equiv/g solid    Equiv/m^3 bulk
 Ca++                 7.2192E-01       4.6035E-04       4.4988E+02
 Na+                  5.7922E-06       3.6936E-09       3.6095E-03
 Cl-                  1.1189E-03       7.1352E-07       6.9729E-01
 
 Concentrations of Individual Species, Exchangers, and Surface Complexes 
 ----------------------------------------------------------------------- 
 
                           Log        Log                 Concentration     
 Species              Molality   Activity      Molality    Mol/m^3 blk  Type
  NaX                   -5.237     -5.396     5.792E-06     3.610E-03  Exchange
  CaX2                  -0.142      0.000     7.208E-01     4.492E+02  Exchange
  CaClX                 -2.951     -3.110     1.119E-03     6.973E-01  Exchange
                           Log        Log                                 Activity
 Species              Molality   Activity      Molality      Activity   Coefficient    Type
  H+                    -6.951     -6.999     1.119E-07     1.003E-07     8.966E-01  Aqueous 
  Ca++                  -2.262     -2.471     5.473E-03     3.384E-03     6.184E-01  Aqueous 
  Na+                   -6.178     -6.233     6.645E-07     5.841E-07     8.791E-01  Aqueous 
  Cl-                   -1.960     -2.018     1.095E-02     9.583E-03     8.749E-01  Aqueous 
  OH-                   -6.942     -6.999     1.142E-07     1.001E-07     8.770E-01  Aqueous 
  CaOH+                 -8.200     -8.252     6.313E-09     5.598E-09     8.868E-01  Aqueous 
  NaOH(aq)             -14.035    -14.034     9.222E-15     9.257E-15     1.004E+00  Aqueous 
  CaCl+                 -5.133     -5.189     7.354E-06     6.465E-06     8.791E-01  Aqueous 
  CaCl2(aq)             -7.163     -7.161     6.877E-08     6.903E-08     1.004E+00  Aqueous 
 
  ****** Partial pressure of gases (bars) *****
 
 
  ***** Saturation state of minerals (log[Q/K] *****
 
 
 
  ***** Volum of minerals added or subtracted *****
 
 
 **************************************************************
 ------> GRID LOCATION:    52:  1:  1
 
  Temperature (C)    =     25.000
  Porosity           =      0.625
  Liquid Saturation  =      1.000
  Liquid Density     =    997.075
  Ionic Strength     =      0.016
  Solution pH        =      6.999
  Total Charge       =  9.944E-07
 
 Total Aqueous Concentrations of Primary Species 
 --------------------------------------- 
 
   Species              Molality       Type 
 H+                  -8.5807E-09     Aqueous      
 Ca++                 5.4806E-03     Aqueous      
 Na+                  6.6454E-07     Aqueous      
 Cl-                  1.0961E-02     Aqueous      
 
 Exchangers           Equiv/kgw        Equiv/g solid    Equiv/m^3 bulk
 X-                   1.4427E+00       9.2000E-04       8.9907E+02
 
 Total Concentrations in Exchange Sites 
 -------------------------------------- 
 
 Exchangers           Equiv/kgw        Equiv/g solid    Equiv/m^3 bulk
 Ca++                 7.2192E-01       4.6035E-04       4.4988E+02
 Na+                  5.7929E-06       3.6940E-09       3.6100E-03
 Cl-                  1.1189E-03       7.1352E-07       6.9729E-01
 
 Concentrations of Individual Species, Exchangers, and Surface Complexes 
 ----------------------------------------------------------------------- 
 
                           Log        Log                 Concentration     
 Species              Molality   Activity      Molality    Mol/m^3 blk  Type
  NaX                   -5.237     -5.396     5.793E-06     3.610E-03  Exchange
  CaX2                  -0.142      0.000     7.208E-01     4.492E+02  Exchange
  CaClX                 -2.951     -3.110     1.119E-03     6.973E-01  Exchange
                           Log        Log                                 Activity
 Species              Molality   Activity      Molality      Activity   Coefficient    Type
  H+                    -6.951     -6.999     1.119E-07     1.003E-07     8.966E-01  Aqueous 
  Ca++                  -2.262     -2.471     5.473E-03     3.384E-03     6.184E-01  Aqueous 
  Na+                   -6.177     -6.233     6.645E-07     5.842E-07     8.791E-01  Aqueous 
  Cl-                   -1.960     -2.018     1.095E-02     9.583E-03     8.749E-01  Aqueous 
  OH-                   -6.942     -6.999     1.142E-07     1.001E-07     8.770E-01  Aqueous 
  CaOH+                 -8.200     -8.252     6.313E-09     5.598E-09     8.868E-01  Aqueous 
  NaOH(aq)             -14.035    -14.033     9.223E-15     9.258E-15     1.004E+00  Aqueous 
  CaCl+                 -5.133     -5.189     7.354E-06     6.465E-06     8.791E-01  Aqueous 
  CaCl2(aq)             -7.163     -7.161     6.877E-08     6.903E-08     1.004E+00  Aqueous 
 
  ****** Partial pressure of gases (bars) *****
 
 
  ***** Saturation state of minerals (log[Q/K] *****
 
 
 
  ***** Volum of minerals added or subtracted *****
 
 
 **************************************************************
 ------> GRID LOCATION:    53:  1:  1
 
  Temperature (C)    =     25.000
  Porosity           =      0.625
  Liquid Saturation  =      1.000
  Liquid Density     =    997.075
  Ionic Strength     =      0.016
  Solution pH        =      6.999
  Total Charge       =  9.944E-07
 
 Total Aqueous Concentrations of Primary Species 
 --------------------------------------- 
 
   Species              Molality       Type 
 H+                  -8.5807E-09     Aqueous      
 Ca++                 5.4806E-03     Aqueous      
 Na+                  6.6462E-07     Aqueous      
 Cl-                  1.0961E-02     Aqueous      
 
 Exchangers           Equiv/kgw        Equiv/g solid    Equiv/m^3 bulk
 X-                   1.4427E+00       9.2000E-04       8.9907E+02
 
 Total Concentrations in Exchange Sites 
 -------------------------------------- 
 
 Exchangers           Equiv/kgw        Equiv/g solid    Equiv/m^3 bulk
 Ca++                 7.2192E-01       4.6035E-04       4.4988E+02
 Na+                  5.7935E-06       3.6944E-09       3.6104E-03
 Cl-                  1.1189E-03       7.1352E-07       6.9729E-01
 
 Concentrations of Individual Species, Exchangers, and Surface Complexes 
 ----------------------------------------------------------------------- 
 
                           Log        Log                 Concentration     
 Species              Molality   Activity      Molality    Mol/m^3 blk  Type
  NaX                   -5.237     -5.396     5.794E-06     3.610E-03  Exchange
  CaX2                  -0.142      0.000     7.208E-01     4.492E+02  Exchange
  CaClX                 -2.951     -3.110     1.119E-03     6.973E-01  Exchange
                           Log        Log                                 Activity
 Species              Molality   Activity      Molality      Activity   Coefficient    Type
  H+                    -6.951     -6.999     1.119E-07     1.003E-07     8.966E-01  Aqueous 
  Ca++                  -2.262     -2.471     5.473E-03     3.384E-03     6.184E-01  Aqueous 
  Na+                   -6.177     -6.233     6.646E-07     5.843E-07     8.791E-01  Aqueous 
  Cl-                   -1.960     -2.018     1.095E-02     9.583E-03     8.749E-01  Aqueous 
  OH-                   -6.942     -6.999     1.142E-07     1.001E-07     8.770E-01  Aqueous 
  CaOH+                 -8.200     -8.252     6.313E-09     5.598E-09     8.868E-01  Aqueous 
  NaOH(aq)             -14.035    -14.033     9.224E-15     9.259E-15     1.004E+00  Aqueous 
  CaCl+                 -5.133     -5.189     7.354E-06     6.465E-06     8.791E-01  Aqueous 
  CaCl2(aq)             -7.163     -7.161     6.877E-08     6.903E-08     1.004E+00  Aqueous 
 
  ****** Partial pressure of gases (bars) *****
 
 
  ***** Saturation state of minerals (log[Q/K] *****
 
 
 
  ***** Volum of minerals added or subtracted *****
 
 
 **************************************************************
 ------> GRID LOCATION:    54:  1:  1
 
  Temperature (C)    =     25.000
  Porosity           =      0.625
  Liquid Saturation  =      1.000
  Liquid Density     =    997.075
  Ionic Strength     =      0.016
  Solution pH        =      6.999
  Total Charge       =  9.944E-07
 
 Total Aqueous Concentrations of Primary Species 
 --------------------------------------- 
 
   Species              Molality       Type 
 H+                  -8.5807E-09     Aqueous      
 Ca++                 5.4806E-03     Aqueous      
 Na+                  6.6469E-07     Aqueous      
 Cl-                  1.0961E-02     Aqueous      
 
 Exchangers           Equiv/kgw        Equiv/g solid    Equiv/m^3 bulk
 X-                   1.4427E+00       9.2000E-04       8.9907E+02
 
 Total Concentrations in Exchange Sites 
 -------------------------------------- 
 
 Exchangers           Equiv/kgw        Equiv/g solid    Equiv/m^3 bulk
 Ca++                 7.2192E-01       4.6035E-04       4.4988E+02
 Na+                  5.7942E-06       3.6948E-09       3.6108E-03
 Cl-                  1.1189E-03       7.1352E-07       6.9729E-01
 
 Concentrations of Individual Species, Exchangers, and Surface Complexes 
 ----------------------------------------------------------------------- 
 
                           Log        Log                 Concentration     
 Species              Molality   Activity      Molality    Mol/m^3 blk  Type
  NaX                   -5.237     -5.396     5.794E-06     3.611E-03  Exchange
  CaX2                  -0.142      0.000     7.208E-01     4.492E+02  Exchange
  CaClX                 -2.951     -3.110     1.119E-03     6.973E-01  Exchange
                           Log        Log                                 Activity
 Species              Molality   Activity      Molality      Activity   Coefficient    Type
  H+                    -6.951     -6.999     1.119E-07     1.003E-07     8.966E-01  Aqueous 
  Ca++                  -2.262     -2.471     5.473E-03     3.384E-03     6.184E-01  Aqueous 
  Na+                   -6.177     -6.233     6.647E-07     5.843E-07     8.791E-01  Aqueous 
  Cl-                   -1.960     -2.018     1.095E-02     9.583E-03     8.749E-01  Aqueous 
  OH-                   -6.942     -6.999     1.142E-07     1.001E-07     8.770E-01  Aqueous 
  CaOH+                 -8.200     -8.252     6.313E-09     5.598E-09     8.868E-01  Aqueous 
  NaOH(aq)             -14.035    -14.033     9.225E-15     9.260E-15     1.004E+00  Aqueous 
  CaCl+                 -5.133     -5.189     7.354E-06     6.465E-06     8.791E-01  Aqueous 
  CaCl2(aq)             -7.163     -7.161     6.877E-08     6.903E-08     1.004E+00  Aqueous 
 
  ****** Partial pressure of gases (bars) *****
 
 
  ***** Saturation state of minerals (log[Q/K] *****
 
 
 
  ***** Volum of minerals added or subtracted *****
 
 
 **************************************************************
 ------> GRID LOCATION:    55:  1:  1
 
  Temperature (C)    =     25.000
  Porosity           =      0.625
  Liquid Saturation  =      1.000
  Liquid Density     =    997.075
  Ionic Strength     =      0.016
  Solution pH        =      6.999
  Total Charge       =  9.944E-07
 
 Total Aqueous Concentrations of Primary Species 
 --------------------------------------- 
 
   Species              Molality       Type 
 H+                  -8.5807E-09     Aqueous      
 Ca++                 5.4806E-03     Aqueous      
 Na+                  6.6476E-07     Aqueous      
 Cl-                  1.0961E-02     Aqueous      
 
 Exchangers           Equiv/kgw        Equiv/g solid    Equiv/m^3 bulk
 X-                   1.4427E+00       9.2000E-04       8.9907E+02
 
 Total Concentrations in Exchange Sites 
 -------------------------------------- 
 
 Exchangers           Equiv/kgw        Equiv/g solid    Equiv/m^3 bulk
 Ca++                 7.2192E-01       4.6035E-04       4.4988E+02
 Na+                  5.7948E-06       3.6952E-09       3.6111E-03
 Cl-                  1.1189E-03       7.1352E-07       6.9729E-01
 
 Concentrations of Individual Species, Exchangers, and Surface Complexes 
 ----------------------------------------------------------------------- 
 
                           Log        Log                 Concentration     
 Species              Molality   Activity      Molality    Mol/m^3 blk  Type
  NaX                   -5.237     -5.396     5.795E-06     3.611E-03  Exchange
  CaX2                  -0.142      0.000     7.208E-01     4.492E+02  Exchange
  CaClX                 -2.951     -3.110     1.119E-03     6.973E-01  Exchange
                           Log        Log                                 Activity
 Species              Molality   Activity      Molality      Activity   Coefficient    Type
  H+                    -6.951     -6.999     1.119E-07     1.003E-07     8.966E-01  Aqueous 
  Ca++                  -2.262     -2.471     5.473E-03     3.384E-03     6.184E-01  Aqueous 
  Na+                   -6.177     -6.233     6.648E-07     5.844E-07     8.791E-01  Aqueous 
  Cl-                   -1.960     -2.018     1.095E-02     9.583E-03     8.749E-01  Aqueous 
  OH-                   -6.942     -6.999     1.142E-07     1.001E-07     8.770E-01  Aqueous 
  CaOH+                 -8.200     -8.252     6.313E-09     5.598E-09     8.868E-01  Aqueous 
  NaOH(aq)             -14.035    -14.033     9.226E-15     9.261E-15     1.004E+00  Aqueous 
  CaCl+                 -5.133     -5.189     7.354E-06     6.465E-06     8.791E-01  Aqueous 
  CaCl2(aq)             -7.163     -7.161     6.877E-08     6.903E-08     1.004E+00  Aqueous 
 
  ****** Partial pressure of gases (bars) *****
 
 
  ***** Saturation state of minerals (log[Q/K] *****
 
 
 
  ***** Volum of minerals added or subtracted *****
 
 
 **************************************************************
 ------> GRID LOCATION:    56:  1:  1
 
  Temperature (C)    =     25.000
  Porosity           =      0.625
  Liquid Saturation  =      1.000
  Liquid Density     =    997.075
  Ionic Strength     =      0.016
  Solution pH        =      6.999
  Total Charge       =  9.944E-07
 
 Total Aqueous Concentrations of Primary Species 
 --------------------------------------- 
 
   Species              Molality       Type 
 H+                  -8.5807E-09     Aqueous      
 Ca++                 5.4806E-03     Aqueous      
 Na+                  6.6482E-07     Aqueous      
 Cl-                  1.0961E-02     Aqueous      
 
 Exchangers           Equiv/kgw        Equiv/g solid    Equiv/m^3 bulk
 X-                   1.4427E+00       9.2000E-04       8.9907E+02
 
 Total Concentrations in Exchange Sites 
 -------------------------------------- 
 
 Exchangers           Equiv/kgw        Equiv/g solid    Equiv/m^3 bulk
 Ca++                 7.2192E-01       4.6035E-04       4.4988E+02
 Na+                  5.7953E-06       3.6956E-09       3.6115E-03
 Cl-                  1.1189E-03       7.1352E-07       6.9729E-01
 
 Concentrations of Individual Species, Exchangers, and Surface Complexes 
 ----------------------------------------------------------------------- 
 
                           Log        Log                 Concentration     
 Species              Molality   Activity      Molality    Mol/m^3 blk  Type
  NaX                   -5.237     -5.396     5.795E-06     3.611E-03  Exchange
  CaX2                  -0.142      0.000     7.208E-01     4.492E+02  Exchange
  CaClX                 -2.951     -3.110     1.119E-03     6.973E-01  Exchange
                           Log        Log                                 Activity
 Species              Molality   Activity      Molality      Activity   Coefficient    Type
  H+                    -6.951     -6.999     1.119E-07     1.003E-07     8.966E-01  Aqueous 
  Ca++                  -2.262     -2.471     5.473E-03     3.384E-03     6.184E-01  Aqueous 
  Na+                   -6.177     -6.233     6.648E-07     5.845E-07     8.791E-01  Aqueous 
  Cl-                   -1.960     -2.018     1.095E-02     9.583E-03     8.749E-01  Aqueous 
  OH-                   -6.942     -6.999     1.142E-07     1.001E-07     8.770E-01  Aqueous 
  CaOH+                 -8.200     -8.252     6.313E-09     5.598E-09     8.868E-01  Aqueous 
  NaOH(aq)             -14.035    -14.033     9.227E-15     9.262E-15     1.004E+00  Aqueous 
  CaCl+                 -5.133     -5.189     7.354E-06     6.465E-06     8.791E-01  Aqueous 
  CaCl2(aq)             -7.163     -7.161     6.877E-08     6.903E-08     1.004E+00  Aqueous 
 
  ****** Partial pressure of gases (bars) *****
 
 
  ***** Saturation state of minerals (log[Q/K] *****
 
 
 
  ***** Volum of minerals added or subtracted *****
 
 
 **************************************************************
 ------> GRID LOCATION:    57:  1:  1
 
  Temperature (C)    =     25.000
  Porosity           =      0.625
  Liquid Saturation  =      1.000
  Liquid Density     =    997.075
  Ionic Strength     =      0.016
  Solution pH        =      6.999
  Total Charge       =  9.944E-07
 
 Total Aqueous Concentrations of Primary Species 
 --------------------------------------- 
 
   Species              Molality       Type 
 H+                  -8.5807E-09     Aqueous      
 Ca++                 5.4806E-03     Aqueous      
 Na+                  6.6488E-07     Aqueous      
 Cl-                  1.0961E-02     Aqueous      
 
 Exchangers           Equiv/kgw        Equiv/g solid    Equiv/m^3 bulk
 X-                   1.4427E+00       9.2000E-04       8.9907E+02
 
 Total Concentrations in Exchange Sites 
 -------------------------------------- 
 
 Exchangers           Equiv/kgw        Equiv/g solid    Equiv/m^3 bulk
 Ca++                 7.2192E-01       4.6035E-04       4.4988E+02
 Na+                  5.7959E-06       3.6959E-09       3.6118E-03
 Cl-                  1.1189E-03       7.1352E-07       6.9729E-01
 
 Concentrations of Individual Species, Exchangers, and Surface Complexes 
 ----------------------------------------------------------------------- 
 
                           Log        Log                 Concentration     
 Species              Molality   Activity      Molality    Mol/m^3 blk  Type
  NaX                   -5.237     -5.396     5.796E-06     3.612E-03  Exchange
  CaX2                  -0.142      0.000     7.208E-01     4.492E+02  Exchange
  CaClX                 -2.951     -3.110     1.119E-03     6.973E-01  Exchange
                           Log        Log                                 Activity
 Species              Molality   Activity      Molality      Activity   Coefficient    Type
  H+                    -6.951     -6.999     1.119E-07     1.003E-07     8.966E-01  Aqueous 
  Ca++                  -2.262     -2.471     5.473E-03     3.384E-03     6.184E-01  Aqueous 
  Na+                   -6.177     -6.233     6.649E-07     5.845E-07     8.791E-01  Aqueous 
  Cl-                   -1.960     -2.018     1.095E-02     9.583E-03     8.749E-01  Aqueous 
  OH-                   -6.942     -6.999     1.142E-07     1.001E-07     8.770E-01  Aqueous 
  CaOH+                 -8.200     -8.252     6.313E-09     5.598E-09     8.868E-01  Aqueous 
  NaOH(aq)             -14.035    -14.033     9.227E-15     9.263E-15     1.004E+00  Aqueous 
  CaCl+                 -5.133     -5.189     7.354E-06     6.465E-06     8.791E-01  Aqueous 
  CaCl2(aq)             -7.163     -7.161     6.877E-08     6.903E-08     1.004E+00  Aqueous 
 
  ****** Partial pressure of gases (bars) *****
 
 
  ***** Saturation state of minerals (log[Q/K] *****
 
 
 
  ***** Volum of minerals added or subtracted *****
 
 
 **************************************************************
 ------> GRID LOCATION:    58:  1:  1
 
  Temperature (C)    =     25.000
  Porosity           =      0.625
  Liquid Saturation  =      1.000
  Liquid Density     =    997.075
  Ionic Strength     =      0.016
  Solution pH        =      6.999
  Total Charge       =  9.944E-07
 
 Total Aqueous Concentrations of Primary Species 
 --------------------------------------- 
 
   Species              Molality       Type 
 H+                  -8.5807E-09     Aqueous      
 Ca++                 5.4806E-03     Aqueous      
 Na+                  6.6495E-07     Aqueous      
 Cl-                  1.0961E-02     Aqueous      
 
 Exchangers           Equiv/kgw        Equiv/g solid    Equiv/m^3 bulk
 X-                   1.4427E+00       9.2000E-04       8.9907E+02
 
 Total Concentrations in Exchange Sites 
 -------------------------------------- 
 
 Exchangers           Equiv/kgw        Equiv/g solid    Equiv/m^3 bulk
 Ca++                 7.2192E-01       4.6035E-04       4.4988E+02
 Na+                  5.7964E-06       3.6962E-09       3.6122E-03
 Cl-                  1.1189E-03       7.1352E-07       6.9729E-01
 
 Concentrations of Individual Species, Exchangers, and Surface Complexes 
 ----------------------------------------------------------------------- 
 
                           Log        Log                 Concentration     
 Species              Molality   Activity      Molality    Mol/m^3 blk  Type
  NaX                   -5.237     -5.396     5.796E-06     3.612E-03  Exchange
  CaX2                  -0.142      0.000     7.208E-01     4.492E+02  Exchange
  CaClX                 -2.951     -3.110     1.119E-03     6.973E-01  Exchange
                           Log        Log                                 Activity
 Species              Molality   Activity      Molality      Activity   Coefficient    Type
  H+                    -6.951     -6.999     1.119E-07     1.003E-07     8.966E-01  Aqueous 
  Ca++                  -2.262     -2.471     5.473E-03     3.384E-03     6.184E-01  Aqueous 
  Na+                   -6.177     -6.233     6.649E-07     5.846E-07     8.791E-01  Aqueous 
  Cl-                   -1.960     -2.018     1.095E-02     9.583E-03     8.749E-01  Aqueous 
  OH-                   -6.942     -6.999     1.142E-07     1.001E-07     8.770E-01  Aqueous 
  CaOH+                 -8.200     -8.252     6.313E-09     5.598E-09     8.868E-01  Aqueous 
  NaOH(aq)             -14.035    -14.033     9.228E-15     9.263E-15     1.004E+00  Aqueous 
  CaCl+                 -5.133     -5.189     7.354E-06     6.465E-06     8.791E-01  Aqueous 
  CaCl2(aq)             -7.163     -7.161     6.877E-08     6.903E-08     1.004E+00  Aqueous 
 
  ****** Partial pressure of gases (bars) *****
 
 
  ***** Saturation state of minerals (log[Q/K] *****
 
 
 
  ***** Volum of minerals added or subtracted *****
 
 
 **************************************************************
 ------> GRID LOCATION:    59:  1:  1
 
  Temperature (C)    =     25.000
  Porosity           =      0.625
  Liquid Saturation  =      1.000
  Liquid Density     =    997.075
  Ionic Strength     =      0.016
  Solution pH        =      6.999
  Total Charge       =  9.944E-07
 
 Total Aqueous Concentrations of Primary Species 
 --------------------------------------- 
 
   Species              Molality       Type 
 H+                  -8.5807E-09     Aqueous      
 Ca++                 5.4806E-03     Aqueous      
 Na+                  6.6500E-07     Aqueous      
 Cl-                  1.0961E-02     Aqueous      
 
 Exchangers           Equiv/kgw        Equiv/g solid    Equiv/m^3 bulk
 X-                   1.4427E+00       9.2000E-04       8.9907E+02
 
 Total Concentrations in Exchange Sites 
 -------------------------------------- 
 
 Exchangers           Equiv/kgw        Equiv/g solid    Equiv/m^3 bulk
 Ca++                 7.2192E-01       4.6035E-04       4.4988E+02
 Na+                  5.7969E-06       3.6966E-09       3.6125E-03
 Cl-                  1.1189E-03       7.1352E-07       6.9729E-01
 
 Concentrations of Individual Species, Exchangers, and Surface Complexes 
 ----------------------------------------------------------------------- 
 
                           Log        Log                 Concentration     
 Species              Molality   Activity      Molality    Mol/m^3 blk  Type
  NaX                   -5.237     -5.396     5.797E-06     3.612E-03  Exchange
  CaX2                  -0.142      0.000     7.208E-01     4.492E+02  Exchange
  CaClX                 -2.951     -3.110     1.119E-03     6.973E-01  Exchange
                           Log        Log                                 Activity
 Species              Molality   Activity      Molality      Activity   Coefficient    Type
  H+                    -6.951     -6.999     1.119E-07     1.003E-07     8.966E-01  Aqueous 
  Ca++                  -2.262     -2.471     5.473E-03     3.384E-03     6.184E-01  Aqueous 
  Na+                   -6.177     -6.233     6.650E-07     5.846E-07     8.791E-01  Aqueous 
  Cl-                   -1.960     -2.018     1.095E-02     9.583E-03     8.749E-01  Aqueous 
  OH-                   -6.942     -6.999     1.142E-07     1.001E-07     8.770E-01  Aqueous 
  CaOH+                 -8.200     -8.252     6.313E-09     5.598E-09     8.868E-01  Aqueous 
  NaOH(aq)             -14.035    -14.033     9.229E-15     9.264E-15     1.004E+00  Aqueous 
  CaCl+                 -5.133     -5.189     7.354E-06     6.465E-06     8.791E-01  Aqueous 
  CaCl2(aq)             -7.163     -7.161     6.877E-08     6.903E-08     1.004E+00  Aqueous 
 
  ****** Partial pressure of gases (bars) *****
 
 
  ***** Saturation state of minerals (log[Q/K] *****
 
 
 
  ***** Volum of minerals added or subtracted *****
 
 
 **************************************************************
 ------> GRID LOCATION:    60:  1:  1
 
  Temperature (C)    =     25.000
  Porosity           =      0.625
  Liquid Saturation  =      1.000
  Liquid Density     =    997.075
  Ionic Strength     =      0.016
  Solution pH        =      6.999
  Total Charge       =  9.944E-07
 
 Total Aqueous Concentrations of Primary Species 
 --------------------------------------- 
 
   Species              Molality       Type 
 H+                  -8.5807E-09     Aqueous      
 Ca++                 5.4806E-03     Aqueous      
 Na+                  6.6506E-07     Aqueous      
 Cl-                  1.0961E-02     Aqueous      
 
 Exchangers           Equiv/kgw        Equiv/g solid    Equiv/m^3 bulk
 X-                   1.4427E+00       9.2000E-04       8.9907E+02
 
 Total Concentrations in Exchange Sites 
 -------------------------------------- 
 
 Exchangers           Equiv/kgw        Equiv/g solid    Equiv/m^3 bulk
 Ca++                 7.2192E-01       4.6035E-04       4.4988E+02
 Na+                  5.7974E-06       3.6969E-09       3.6128E-03
 Cl-                  1.1189E-03       7.1352E-07       6.9729E-01
 
 Concentrations of Individual Species, Exchangers, and Surface Complexes 
 ----------------------------------------------------------------------- 
 
                           Log        Log                 Concentration     
 Species              Molality   Activity      Molality    Mol/m^3 blk  Type
  NaX                   -5.237     -5.396     5.797E-06     3.613E-03  Exchange
  CaX2                  -0.142      0.000     7.208E-01     4.492E+02  Exchange
  CaClX                 -2.951     -3.110     1.119E-03     6.973E-01  Exchange
                           Log        Log                                 Activity
 Species              Molality   Activity      Molality      Activity   Coefficient    Type
  H+                    -6.951     -6.999     1.119E-07     1.003E-07     8.966E-01  Aqueous 
  Ca++                  -2.262     -2.471     5.473E-03     3.384E-03     6.184E-01  Aqueous 
  Na+                   -6.177     -6.233     6.651E-07     5.847E-07     8.791E-01  Aqueous 
  Cl-                   -1.960     -2.018     1.095E-02     9.583E-03     8.749E-01  Aqueous 
  OH-                   -6.942     -6.999     1.142E-07     1.001E-07     8.770E-01  Aqueous 
  CaOH+                 -8.200     -8.252     6.313E-09     5.598E-09     8.868E-01  Aqueous 
  NaOH(aq)             -14.035    -14.033     9.230E-15     9.265E-15     1.004E+00  Aqueous 
  CaCl+                 -5.133     -5.189     7.354E-06     6.465E-06     8.791E-01  Aqueous 
  CaCl2(aq)             -7.163     -7.161     6.877E-08     6.903E-08     1.004E+00  Aqueous 
 
  ****** Partial pressure of gases (bars) *****
 
 
  ***** Saturation state of minerals (log[Q/K] *****
 
 
 
  ***** Volum of minerals added or subtracted *****
 
 
 **************************************************************
 ------> GRID LOCATION:    61:  1:  1
 
  Temperature (C)    =     25.000
  Porosity           =      0.625
  Liquid Saturation  =      1.000
  Liquid Density     =    997.075
  Ionic Strength     =      0.016
  Solution pH        =      6.999
  Total Charge       =  9.944E-07
 
 Total Aqueous Concentrations of Primary Species 
 --------------------------------------- 
 
   Species              Molality       Type 
 H+                  -8.5807E-09     Aqueous      
 Ca++                 5.4806E-03     Aqueous      
 Na+                  6.6512E-07     Aqueous      
 Cl-                  1.0961E-02     Aqueous      
 
 Exchangers           Equiv/kgw        Equiv/g solid    Equiv/m^3 bulk
 X-                   1.4427E+00       9.2000E-04       8.9907E+02
 
 Total Concentrations in Exchange Sites 
 -------------------------------------- 
 
 Exchangers           Equiv/kgw        Equiv/g solid    Equiv/m^3 bulk
 Ca++                 7.2192E-01       4.6035E-04       4.4988E+02
 Na+                  5.7979E-06       3.6972E-09       3.6131E-03
 Cl-                  1.1189E-03       7.1352E-07       6.9729E-01
 
 Concentrations of Individual Species, Exchangers, and Surface Complexes 
 ----------------------------------------------------------------------- 
 
                           Log        Log                 Concentration     
 Species              Molality   Activity      Molality    Mol/m^3 blk  Type
  NaX                   -5.237     -5.396     5.798E-06     3.613E-03  Exchange
  CaX2                  -0.142      0.000     7.208E-01     4.492E+02  Exchange
  CaClX                 -2.951     -3.110     1.119E-03     6.973E-01  Exchange
                           Log        Log                                 Activity
 Species              Molality   Activity      Molality      Activity   Coefficient    Type
  H+                    -6.951     -6.999     1.119E-07     1.003E-07     8.966E-01  Aqueous 
  Ca++                  -2.262     -2.471     5.473E-03     3.384E-03     6.184E-01  Aqueous 
  Na+                   -6.177     -6.233     6.651E-07     5.847E-07     8.791E-01  Aqueous 
  Cl-                   -1.960     -2.018     1.095E-02     9.583E-03     8.749E-01  Aqueous 
  OH-                   -6.942     -6.999     1.142E-07     1.001E-07     8.770E-01  Aqueous 
  CaOH+                 -8.200     -8.252     6.313E-09     5.598E-09     8.868E-01  Aqueous 
  NaOH(aq)             -14.035    -14.033     9.231E-15     9.266E-15     1.004E+00  Aqueous 
  CaCl+                 -5.133     -5.189     7.354E-06     6.465E-06     8.791E-01  Aqueous 
  CaCl2(aq)             -7.163     -7.161     6.877E-08     6.903E-08     1.004E+00  Aqueous 
 
  ****** Partial pressure of gases (bars) *****
 
 
  ***** Saturation state of minerals (log[Q/K] *****
 
 
 
  ***** Volum of minerals added or subtracted *****
 
 
 **************************************************************
 ------> GRID LOCATION:    62:  1:  1
 
  Temperature (C)    =     25.000
  Porosity           =      0.625
  Liquid Saturation  =      1.000
  Liquid Density     =    997.075
  Ionic Strength     =      0.016
  Solution pH        =      6.999
  Total Charge       =  9.944E-07
 
 Total Aqueous Concentrations of Primary Species 
 --------------------------------------- 
 
   Species              Molality       Type 
 H+                  -8.5807E-09     Aqueous      
 Ca++                 5.4806E-03     Aqueous      
 Na+                  6.6517E-07     Aqueous      
 Cl-                  1.0961E-02     Aqueous      
 
 Exchangers           Equiv/kgw        Equiv/g solid    Equiv/m^3 bulk
 X-                   1.4427E+00       9.2000E-04       8.9907E+02
 
 Total Concentrations in Exchange Sites 
 -------------------------------------- 
 
 Exchangers           Equiv/kgw        Equiv/g solid    Equiv/m^3 bulk
 Ca++                 7.2192E-01       4.6035E-04       4.4988E+02
 Na+                  5.7983E-06       3.6975E-09       3.6134E-03
 Cl-                  1.1189E-03       7.1352E-07       6.9729E-01
 
 Concentrations of Individual Species, Exchangers, and Surface Complexes 
 ----------------------------------------------------------------------- 
 
                           Log        Log                 Concentration     
 Species              Molality   Activity      Molality    Mol/m^3 blk  Type
  NaX                   -5.237     -5.396     5.798E-06     3.613E-03  Exchange
  CaX2                  -0.142      0.000     7.208E-01     4.492E+02  Exchange
  CaClX                 -2.951     -3.110     1.119E-03     6.973E-01  Exchange
                           Log        Log                                 Activity
 Species              Molality   Activity      Molality      Activity   Coefficient    Type
  H+                    -6.951     -6.999     1.119E-07     1.003E-07     8.966E-01  Aqueous 
  Ca++                  -2.262     -2.471     5.473E-03     3.384E-03     6.184E-01  Aqueous 
  Na+                   -6.177     -6.233     6.652E-07     5.848E-07     8.791E-01  Aqueous 
  Cl-                   -1.960     -2.018     1.095E-02     9.583E-03     8.749E-01  Aqueous 
  OH-                   -6.942     -6.999     1.142E-07     1.001E-07     8.770E-01  Aqueous 
  CaOH+                 -8.200     -8.252     6.313E-09     5.598E-09     8.868E-01  Aqueous 
  NaOH(aq)             -14.035    -14.033     9.231E-15     9.266E-15     1.004E+00  Aqueous 
  CaCl+                 -5.133     -5.189     7.354E-06     6.465E-06     8.791E-01  Aqueous 
  CaCl2(aq)             -7.163     -7.161     6.877E-08     6.903E-08     1.004E+00  Aqueous 
 
  ****** Partial pressure of gases (bars) *****
 
 
  ***** Saturation state of minerals (log[Q/K] *****
 
 
 
  ***** Volum of minerals added or subtracted *****
 
 
 **************************************************************
 ------> GRID LOCATION:    63:  1:  1
 
  Temperature (C)    =     25.000
  Porosity           =      0.625
  Liquid Saturation  =      1.000
  Liquid Density     =    997.075
  Ionic Strength     =      0.016
  Solution pH        =      6.999
  Total Charge       =  9.944E-07
 
 Total Aqueous Concentrations of Primary Species 
 --------------------------------------- 
 
   Species              Molality       Type 
 H+                  -8.5807E-09     Aqueous      
 Ca++                 5.4806E-03     Aqueous      
 Na+                  6.6522E-07     Aqueous      
 Cl-                  1.0961E-02     Aqueous      
 
 Exchangers           Equiv/kgw        Equiv/g solid    Equiv/m^3 bulk
 X-                   1.4427E+00       9.2000E-04       8.9907E+02
 
 Total Concentrations in Exchange Sites 
 -------------------------------------- 
 
 Exchangers           Equiv/kgw        Equiv/g solid    Equiv/m^3 bulk
 Ca++                 7.2192E-01       4.6035E-04       4.4988E+02
 Na+                  5.7988E-06       3.6978E-09       3.6136E-03
 Cl-                  1.1189E-03       7.1352E-07       6.9729E-01
 
 Concentrations of Individual Species, Exchangers, and Surface Complexes 
 ----------------------------------------------------------------------- 
 
                           Log        Log                 Concentration     
 Species              Molality   Activity      Molality    Mol/m^3 blk  Type
  NaX                   -5.237     -5.396     5.799E-06     3.614E-03  Exchange
  CaX2                  -0.142      0.000     7.208E-01     4.492E+02  Exchange
  CaClX                 -2.951     -3.110     1.119E-03     6.973E-01  Exchange
                           Log        Log                                 Activity
 Species              Molality   Activity      Molality      Activity   Coefficient    Type
  H+                    -6.951     -6.999     1.119E-07     1.003E-07     8.966E-01  Aqueous 
  Ca++                  -2.262     -2.471     5.473E-03     3.384E-03     6.184E-01  Aqueous 
  Na+                   -6.177     -6.233     6.652E-07     5.848E-07     8.791E-01  Aqueous 
  Cl-                   -1.960     -2.018     1.095E-02     9.583E-03     8.749E-01  Aqueous 
  OH-                   -6.942     -6.999     1.142E-07     1.001E-07     8.770E-01  Aqueous 
  CaOH+                 -8.200     -8.252     6.313E-09     5.598E-09     8.868E-01  Aqueous 
  NaOH(aq)             -14.035    -14.033     9.232E-15     9.267E-15     1.004E+00  Aqueous 
  CaCl+                 -5.133     -5.189     7.354E-06     6.465E-06     8.791E-01  Aqueous 
  CaCl2(aq)             -7.163     -7.161     6.877E-08     6.903E-08     1.004E+00  Aqueous 
 
  ****** Partial pressure of gases (bars) *****
 
 
  ***** Saturation state of minerals (log[Q/K] *****
 
 
 
  ***** Volum of minerals added or subtracted *****
 
 
 **************************************************************
 ------> GRID LOCATION:    64:  1:  1
 
  Temperature (C)    =     25.000
  Porosity           =      0.625
  Liquid Saturation  =      1.000
  Liquid Density     =    997.075
  Ionic Strength     =      0.016
  Solution pH        =      6.999
  Total Charge       =  9.944E-07
 
 Total Aqueous Concentrations of Primary Species 
 --------------------------------------- 
 
   Species              Molality       Type 
 H+                  -8.5807E-09     Aqueous      
 Ca++                 5.4806E-03     Aqueous      
 Na+                  6.6527E-07     Aqueous      
 Cl-                  1.0961E-02     Aqueous      
 
 Exchangers           Equiv/kgw        Equiv/g solid    Equiv/m^3 bulk
 X-                   1.4427E+00       9.2000E-04       8.9907E+02
 
 Total Concentrations in Exchange Sites 
 -------------------------------------- 
 
 Exchangers           Equiv/kgw        Equiv/g solid    Equiv/m^3 bulk
 Ca++                 7.2192E-01       4.6035E-04       4.4988E+02
 Na+                  5.7992E-06       3.6980E-09       3.6139E-03
 Cl-                  1.1189E-03       7.1352E-07       6.9729E-01
 
 Concentrations of Individual Species, Exchangers, and Surface Complexes 
 ----------------------------------------------------------------------- 
 
                           Log        Log                 Concentration     
 Species              Molality   Activity      Molality    Mol/m^3 blk  Type
  NaX                   -5.237     -5.396     5.799E-06     3.614E-03  Exchange
  CaX2                  -0.142      0.000     7.208E-01     4.492E+02  Exchange
  CaClX                 -2.951     -3.110     1.119E-03     6.973E-01  Exchange
                           Log        Log                                 Activity
 Species              Molality   Activity      Molality      Activity   Coefficient    Type
  H+                    -6.951     -6.999     1.119E-07     1.003E-07     8.966E-01  Aqueous 
  Ca++                  -2.262     -2.471     5.473E-03     3.384E-03     6.184E-01  Aqueous 
  Na+                   -6.177     -6.233     6.653E-07     5.848E-07     8.791E-01  Aqueous 
  Cl-                   -1.960     -2.018     1.095E-02     9.583E-03     8.749E-01  Aqueous 
  OH-                   -6.942     -6.999     1.142E-07     1.001E-07     8.770E-01  Aqueous 
  CaOH+                 -8.200     -8.252     6.313E-09     5.598E-09     8.868E-01  Aqueous 
  NaOH(aq)             -14.035    -14.033     9.233E-15     9.268E-15     1.004E+00  Aqueous 
  CaCl+                 -5.133     -5.189     7.354E-06     6.465E-06     8.791E-01  Aqueous 
  CaCl2(aq)             -7.163     -7.161     6.877E-08     6.903E-08     1.004E+00  Aqueous 
 
  ****** Partial pressure of gases (bars) *****
 
 
  ***** Saturation state of minerals (log[Q/K] *****
 
 
 
  ***** Volum of minerals added or subtracted *****
 
 
 **************************************************************
 ------> GRID LOCATION:    65:  1:  1
 
  Temperature (C)    =     25.000
  Porosity           =      0.625
  Liquid Saturation  =      1.000
  Liquid Density     =    997.075
  Ionic Strength     =      0.016
  Solution pH        =      6.999
  Total Charge       =  9.944E-07
 
 Total Aqueous Concentrations of Primary Species 
 --------------------------------------- 
 
   Species              Molality       Type 
 H+                  -8.5807E-09     Aqueous      
 Ca++                 5.4806E-03     Aqueous      
 Na+                  6.6531E-07     Aqueous      
 Cl-                  1.0961E-02     Aqueous      
 
 Exchangers           Equiv/kgw        Equiv/g solid    Equiv/m^3 bulk
 X-                   1.4427E+00       9.2000E-04       8.9907E+02
 
 Total Concentrations in Exchange Sites 
 -------------------------------------- 
 
 Exchangers           Equiv/kgw        Equiv/g solid    Equiv/m^3 bulk
 Ca++                 7.2192E-01       4.6035E-04       4.4988E+02
 Na+                  5.7996E-06       3.6983E-09       3.6142E-03
 Cl-                  1.1189E-03       7.1352E-07       6.9729E-01
 
 Concentrations of Individual Species, Exchangers, and Surface Complexes 
 ----------------------------------------------------------------------- 
 
                           Log        Log                 Concentration     
 Species              Molality   Activity      Molality    Mol/m^3 blk  Type
  NaX                   -5.237     -5.396     5.800E-06     3.614E-03  Exchange
  CaX2                  -0.142      0.000     7.208E-01     4.492E+02  Exchange
  CaClX                 -2.951     -3.110     1.119E-03     6.973E-01  Exchange
                           Log        Log                                 Activity
 Species              Molality   Activity      Molality      Activity   Coefficient    Type
  H+                    -6.951     -6.999     1.119E-07     1.003E-07     8.966E-01  Aqueous 
  Ca++                  -2.262     -2.471     5.473E-03     3.384E-03     6.184E-01  Aqueous 
  Na+                   -6.177     -6.233     6.653E-07     5.849E-07     8.791E-01  Aqueous 
  Cl-                   -1.960     -2.018     1.095E-02     9.583E-03     8.749E-01  Aqueous 
  OH-                   -6.942     -6.999     1.142E-07     1.001E-07     8.770E-01  Aqueous 
  CaOH+                 -8.200     -8.252     6.313E-09     5.598E-09     8.868E-01  Aqueous 
  NaOH(aq)             -14.035    -14.033     9.233E-15     9.269E-15     1.004E+00  Aqueous 
  CaCl+                 -5.133     -5.189     7.354E-06     6.465E-06     8.791E-01  Aqueous 
  CaCl2(aq)             -7.163     -7.161     6.877E-08     6.903E-08     1.004E+00  Aqueous 
 
  ****** Partial pressure of gases (bars) *****
 
 
  ***** Saturation state of minerals (log[Q/K] *****
 
 
 
  ***** Volum of minerals added or subtracted *****
 
 
 **************************************************************
 ------> GRID LOCATION:    66:  1:  1
 
  Temperature (C)    =     25.000
  Porosity           =      0.625
  Liquid Saturation  =      1.000
  Liquid Density     =    997.075
  Ionic Strength     =      0.016
  Solution pH        =      6.999
  Total Charge       =  9.944E-07
 
 Total Aqueous Concentrations of Primary Species 
 --------------------------------------- 
 
   Species              Molality       Type 
 H+                  -8.5807E-09     Aqueous      
 Ca++                 5.4806E-03     Aqueous      
 Na+                  6.6536E-07     Aqueous      
 Cl-                  1.0961E-02     Aqueous      
 
 Exchangers           Equiv/kgw        Equiv/g solid    Equiv/m^3 bulk
 X-                   1.4427E+00       9.2000E-04       8.9907E+02
 
 Total Concentrations in Exchange Sites 
 -------------------------------------- 
 
 Exchangers           Equiv/kgw        Equiv/g solid    Equiv/m^3 bulk
 Ca++                 7.2192E-01       4.6035E-04       4.4988E+02
 Na+                  5.8000E-06       3.6986E-09       3.6144E-03
 Cl-                  1.1189E-03       7.1352E-07       6.9729E-01
 
 Concentrations of Individual Species, Exchangers, and Surface Complexes 
 ----------------------------------------------------------------------- 
 
                           Log        Log                 Concentration     
 Species              Molality   Activity      Molality    Mol/m^3 blk  Type
  NaX                   -5.237     -5.396     5.800E-06     3.614E-03  Exchange
  CaX2                  -0.142      0.000     7.208E-01     4.492E+02  Exchange
  CaClX                 -2.951     -3.110     1.119E-03     6.973E-01  Exchange
                           Log        Log                                 Activity
 Species              Molality   Activity      Molality      Activity   Coefficient    Type
  H+                    -6.951     -6.999     1.119E-07     1.003E-07     8.966E-01  Aqueous 
  Ca++                  -2.262     -2.471     5.473E-03     3.384E-03     6.184E-01  Aqueous 
  Na+                   -6.177     -6.233     6.654E-07     5.849E-07     8.791E-01  Aqueous 
  Cl-                   -1.960     -2.018     1.095E-02     9.583E-03     8.749E-01  Aqueous 
  OH-                   -6.942     -6.999     1.142E-07     1.001E-07     8.770E-01  Aqueous 
  CaOH+                 -8.200     -8.252     6.313E-09     5.598E-09     8.868E-01  Aqueous 
  NaOH(aq)             -14.035    -14.033     9.234E-15     9.269E-15     1.004E+00  Aqueous 
  CaCl+                 -5.133     -5.189     7.354E-06     6.465E-06     8.791E-01  Aqueous 
  CaCl2(aq)             -7.163     -7.161     6.877E-08     6.903E-08     1.004E+00  Aqueous 
 
  ****** Partial pressure of gases (bars) *****
 
 
  ***** Saturation state of minerals (log[Q/K] *****
 
 
 
  ***** Volum of minerals added or subtracted *****
 
 
 **************************************************************
 ------> GRID LOCATION:    67:  1:  1
 
  Temperature (C)    =     25.000
  Porosity           =      0.625
  Liquid Saturation  =      1.000
  Liquid Density     =    997.075
  Ionic Strength     =      0.016
  Solution pH        =      6.999
  Total Charge       =  9.944E-07
 
 Total Aqueous Concentrations of Primary Species 
 --------------------------------------- 
 
   Species              Molality       Type 
 H+                  -8.5807E-09     Aqueous      
 Ca++                 5.4806E-03     Aqueous      
 Na+                  6.6541E-07     Aqueous      
 Cl-                  1.0961E-02     Aqueous      
 
 Exchangers           Equiv/kgw        Equiv/g solid    Equiv/m^3 bulk
 X-                   1.4427E+00       9.2000E-04       8.9907E+02
 
 Total Concentrations in Exchange Sites 
 -------------------------------------- 
 
 Exchangers           Equiv/kgw        Equiv/g solid    Equiv/m^3 bulk
 Ca++                 7.2192E-01       4.6035E-04       4.4988E+02
 Na+                  5.8004E-06       3.6988E-09       3.6147E-03
 Cl-                  1.1189E-03       7.1352E-07       6.9729E-01
 
 Concentrations of Individual Species, Exchangers, and Surface Complexes 
 ----------------------------------------------------------------------- 
 
                           Log        Log                 Concentration     
 Species              Molality   Activity      Molality    Mol/m^3 blk  Type
  NaX                   -5.237     -5.396     5.800E-06     3.615E-03  Exchange
  CaX2                  -0.142      0.000     7.208E-01     4.492E+02  Exchange
  CaClX                 -2.951     -3.110     1.119E-03     6.973E-01  Exchange
                           Log        Log                                 Activity
 Species              Molality   Activity      Molality      Activity   Coefficient    Type
  H+                    -6.951     -6.999     1.119E-07     1.003E-07     8.966E-01  Aqueous 
  Ca++                  -2.262     -2.471     5.473E-03     3.384E-03     6.184E-01  Aqueous 
  Na+                   -6.177     -6.233     6.654E-07     5.850E-07     8.791E-01  Aqueous 
  Cl-                   -1.960     -2.018     1.095E-02     9.583E-03     8.749E-01  Aqueous 
  OH-                   -6.942     -6.999     1.142E-07     1.001E-07     8.770E-01  Aqueous 
  CaOH+                 -8.200     -8.252     6.313E-09     5.598E-09     8.868E-01  Aqueous 
  NaOH(aq)             -14.035    -14.033     9.235E-15     9.270E-15     1.004E+00  Aqueous 
  CaCl+                 -5.133     -5.189     7.354E-06     6.465E-06     8.791E-01  Aqueous 
  CaCl2(aq)             -7.163     -7.161     6.877E-08     6.903E-08     1.004E+00  Aqueous 
 
  ****** Partial pressure of gases (bars) *****
 
 
  ***** Saturation state of minerals (log[Q/K] *****
 
 
 
  ***** Volum of minerals added or subtracted *****
 
 
 **************************************************************
 ------> GRID LOCATION:    68:  1:  1
 
  Temperature (C)    =     25.000
  Porosity           =      0.625
  Liquid Saturation  =      1.000
  Liquid Density     =    997.075
  Ionic Strength     =      0.016
  Solution pH        =      6.999
  Total Charge       =  9.944E-07
 
 Total Aqueous Concentrations of Primary Species 
 --------------------------------------- 
 
   Species              Molality       Type 
 H+                  -8.5807E-09     Aqueous      
 Ca++                 5.4806E-03     Aqueous      
 Na+                  6.6545E-07     Aqueous      
 Cl-                  1.0961E-02     Aqueous      
 
 Exchangers           Equiv/kgw        Equiv/g solid    Equiv/m^3 bulk
 X-                   1.4427E+00       9.2000E-04       8.9907E+02
 
 Total Concentrations in Exchange Sites 
 -------------------------------------- 
 
 Exchangers           Equiv/kgw        Equiv/g solid    Equiv/m^3 bulk
 Ca++                 7.2192E-01       4.6035E-04       4.4988E+02
 Na+                  5.8008E-06       3.6990E-09       3.6149E-03
 Cl-                  1.1189E-03       7.1352E-07       6.9729E-01
 
 Concentrations of Individual Species, Exchangers, and Surface Complexes 
 ----------------------------------------------------------------------- 
 
                           Log        Log                 Concentration     
 Species              Molality   Activity      Molality    Mol/m^3 blk  Type
  NaX                   -5.237     -5.396     5.801E-06     3.615E-03  Exchange
  CaX2                  -0.142      0.000     7.208E-01     4.492E+02  Exchange
  CaClX                 -2.951     -3.110     1.119E-03     6.973E-01  Exchange
                           Log        Log                                 Activity
 Species              Molality   Activity      Molality      Activity   Coefficient    Type
  H+                    -6.951     -6.999     1.119E-07     1.003E-07     8.966E-01  Aqueous 
  Ca++                  -2.262     -2.471     5.473E-03     3.384E-03     6.184E-01  Aqueous 
  Na+                   -6.177     -6.233     6.654E-07     5.850E-07     8.791E-01  Aqueous 
  Cl-                   -1.960     -2.018     1.095E-02     9.583E-03     8.749E-01  Aqueous 
  OH-                   -6.942     -6.999     1.142E-07     1.001E-07     8.770E-01  Aqueous 
  CaOH+                 -8.200     -8.252     6.313E-09     5.598E-09     8.868E-01  Aqueous 
  NaOH(aq)             -14.035    -14.033     9.235E-15     9.270E-15     1.004E+00  Aqueous 
  CaCl+                 -5.133     -5.189     7.354E-06     6.465E-06     8.791E-01  Aqueous 
  CaCl2(aq)             -7.163     -7.161     6.877E-08     6.903E-08     1.004E+00  Aqueous 
 
  ****** Partial pressure of gases (bars) *****
 
 
  ***** Saturation state of minerals (log[Q/K] *****
 
 
 
  ***** Volum of minerals added or subtracted *****
 
 
 **************************************************************
 ------> GRID LOCATION:    69:  1:  1
 
  Temperature (C)    =     25.000
  Porosity           =      0.625
  Liquid Saturation  =      1.000
  Liquid Density     =    997.075
  Ionic Strength     =      0.016
  Solution pH        =      6.999
  Total Charge       =  9.944E-07
 
 Total Aqueous Concentrations of Primary Species 
 --------------------------------------- 
 
   Species              Molality       Type 
 H+                  -8.5807E-09     Aqueous      
 Ca++                 5.4806E-03     Aqueous      
 Na+                  6.6549E-07     Aqueous      
 Cl-                  1.0961E-02     Aqueous      
 
 Exchangers           Equiv/kgw        Equiv/g solid    Equiv/m^3 bulk
 X-                   1.4427E+00       9.2000E-04       8.9907E+02
 
 Total Concentrations in Exchange Sites 
 -------------------------------------- 
 
 Exchangers           Equiv/kgw        Equiv/g solid    Equiv/m^3 bulk
 Ca++                 7.2192E-01       4.6035E-04       4.4988E+02
 Na+                  5.8012E-06       3.6993E-09       3.6151E-03
 Cl-                  1.1189E-03       7.1352E-07       6.9729E-01
 
 Concentrations of Individual Species, Exchangers, and Surface Complexes 
 ----------------------------------------------------------------------- 
 
                           Log        Log                 Concentration     
 Species              Molality   Activity      Molality    Mol/m^3 blk  Type
  NaX                   -5.236     -5.396     5.801E-06     3.615E-03  Exchange
  CaX2                  -0.142      0.000     7.208E-01     4.492E+02  Exchange
  CaClX                 -2.951     -3.110     1.119E-03     6.973E-01  Exchange
                           Log        Log                                 Activity
 Species              Molality   Activity      Molality      Activity   Coefficient    Type
  H+                    -6.951     -6.999     1.119E-07     1.003E-07     8.966E-01  Aqueous 
  Ca++                  -2.262     -2.471     5.473E-03     3.384E-03     6.184E-01  Aqueous 
  Na+                   -6.177     -6.233     6.655E-07     5.850E-07     8.791E-01  Aqueous 
  Cl-                   -1.960     -2.018     1.095E-02     9.583E-03     8.749E-01  Aqueous 
  OH-                   -6.942     -6.999     1.142E-07     1.001E-07     8.770E-01  Aqueous 
  CaOH+                 -8.200     -8.252     6.313E-09     5.598E-09     8.868E-01  Aqueous 
  NaOH(aq)             -14.035    -14.033     9.236E-15     9.271E-15     1.004E+00  Aqueous 
  CaCl+                 -5.133     -5.189     7.354E-06     6.465E-06     8.791E-01  Aqueous 
  CaCl2(aq)             -7.163     -7.161     6.877E-08     6.903E-08     1.004E+00  Aqueous 
 
  ****** Partial pressure of gases (bars) *****
 
 
  ***** Saturation state of minerals (log[Q/K] *****
 
 
 
  ***** Volum of minerals added or subtracted *****
 
 
 **************************************************************
 ------> GRID LOCATION:    70:  1:  1
 
  Temperature (C)    =     25.000
  Porosity           =      0.625
  Liquid Saturation  =      1.000
  Liquid Density     =    997.075
  Ionic Strength     =      0.016
  Solution pH        =      6.999
  Total Charge       =  9.944E-07
 
 Total Aqueous Concentrations of Primary Species 
 --------------------------------------- 
 
   Species              Molality       Type 
 H+                  -8.5807E-09     Aqueous      
 Ca++                 5.4806E-03     Aqueous      
 Na+                  6.6553E-07     Aqueous      
 Cl-                  1.0961E-02     Aqueous      
 
 Exchangers           Equiv/kgw        Equiv/g solid    Equiv/m^3 bulk
 X-                   1.4427E+00       9.2000E-04       8.9907E+02
 
 Total Concentrations in Exchange Sites 
 -------------------------------------- 
 
 Exchangers           Equiv/kgw        Equiv/g solid    Equiv/m^3 bulk
 Ca++                 7.2192E-01       4.6035E-04       4.4988E+02
 Na+                  5.8015E-06       3.6995E-09       3.6153E-03
 Cl-                  1.1189E-03       7.1352E-07       6.9729E-01
 
 Concentrations of Individual Species, Exchangers, and Surface Complexes 
 ----------------------------------------------------------------------- 
 
                           Log        Log                 Concentration     
 Species              Molality   Activity      Molality    Mol/m^3 blk  Type
  NaX                   -5.236     -5.396     5.802E-06     3.615E-03  Exchange
  CaX2                  -0.142      0.000     7.208E-01     4.492E+02  Exchange
  CaClX                 -2.951     -3.110     1.119E-03     6.973E-01  Exchange
                           Log        Log                                 Activity
 Species              Molality   Activity      Molality      Activity   Coefficient    Type
  H+                    -6.951     -6.999     1.119E-07     1.003E-07     8.966E-01  Aqueous 
  Ca++                  -2.262     -2.471     5.473E-03     3.384E-03     6.184E-01  Aqueous 
  Na+                   -6.177     -6.233     6.655E-07     5.851E-07     8.791E-01  Aqueous 
  Cl-                   -1.960     -2.018     1.095E-02     9.583E-03     8.749E-01  Aqueous 
  OH-                   -6.942     -6.999     1.142E-07     1.001E-07     8.770E-01  Aqueous 
  CaOH+                 -8.200     -8.252     6.313E-09     5.598E-09     8.868E-01  Aqueous 
  NaOH(aq)             -14.034    -14.033     9.236E-15     9.272E-15     1.004E+00  Aqueous 
  CaCl+                 -5.133     -5.189     7.354E-06     6.465E-06     8.791E-01  Aqueous 
  CaCl2(aq)             -7.163     -7.161     6.877E-08     6.903E-08     1.004E+00  Aqueous 
 
  ****** Partial pressure of gases (bars) *****
 
 
  ***** Saturation state of minerals (log[Q/K] *****
 
 
 
  ***** Volum of minerals added or subtracted *****
 
 
 **************************************************************
 ------> GRID LOCATION:    71:  1:  1
 
  Temperature (C)    =     25.000
  Porosity           =      0.625
  Liquid Saturation  =      1.000
  Liquid Density     =    997.075
  Ionic Strength     =      0.016
  Solution pH        =      6.999
  Total Charge       =  9.944E-07
 
 Total Aqueous Concentrations of Primary Species 
 --------------------------------------- 
 
   Species              Molality       Type 
 H+                  -8.5807E-09     Aqueous      
 Ca++                 5.4806E-03     Aqueous      
 Na+                  6.6557E-07     Aqueous      
 Cl-                  1.0961E-02     Aqueous      
 
 Exchangers           Equiv/kgw        Equiv/g solid    Equiv/m^3 bulk
 X-                   1.4427E+00       9.2000E-04       8.9907E+02
 
 Total Concentrations in Exchange Sites 
 -------------------------------------- 
 
 Exchangers           Equiv/kgw        Equiv/g solid    Equiv/m^3 bulk
 Ca++                 7.2192E-01       4.6035E-04       4.4988E+02
 Na+                  5.8019E-06       3.6997E-09       3.6156E-03
 Cl-                  1.1189E-03       7.1352E-07       6.9729E-01
 
 Concentrations of Individual Species, Exchangers, and Surface Complexes 
 ----------------------------------------------------------------------- 
 
                           Log        Log                 Concentration     
 Species              Molality   Activity      Molality    Mol/m^3 blk  Type
  NaX                   -5.236     -5.396     5.802E-06     3.616E-03  Exchange
  CaX2                  -0.142      0.000     7.208E-01     4.492E+02  Exchange
  CaClX                 -2.951     -3.110     1.119E-03     6.973E-01  Exchange
                           Log        Log                                 Activity
 Species              Molality   Activity      Molality      Activity   Coefficient    Type
  H+                    -6.951     -6.999     1.119E-07     1.003E-07     8.966E-01  Aqueous 
  Ca++                  -2.262     -2.471     5.473E-03     3.384E-03     6.184E-01  Aqueous 
  Na+                   -6.177     -6.233     6.656E-07     5.851E-07     8.791E-01  Aqueous 
  Cl-                   -1.960     -2.018     1.095E-02     9.583E-03     8.749E-01  Aqueous 
  OH-                   -6.942     -6.999     1.142E-07     1.001E-07     8.770E-01  Aqueous 
  CaOH+                 -8.200     -8.252     6.313E-09     5.598E-09     8.868E-01  Aqueous 
  NaOH(aq)             -14.034    -14.033     9.237E-15     9.272E-15     1.004E+00  Aqueous 
  CaCl+                 -5.133     -5.189     7.354E-06     6.465E-06     8.791E-01  Aqueous 
  CaCl2(aq)             -7.163     -7.161     6.877E-08     6.903E-08     1.004E+00  Aqueous 
 
  ****** Partial pressure of gases (bars) *****
 
 
  ***** Saturation state of minerals (log[Q/K] *****
 
 
 
  ***** Volum of minerals added or subtracted *****
 
 
 **************************************************************
 ------> GRID LOCATION:    72:  1:  1
 
  Temperature (C)    =     25.000
  Porosity           =      0.625
  Liquid Saturation  =      1.000
  Liquid Density     =    997.075
  Ionic Strength     =      0.016
  Solution pH        =      6.999
  Total Charge       =  9.944E-07
 
 Total Aqueous Concentrations of Primary Species 
 --------------------------------------- 
 
   Species              Molality       Type 
 H+                  -8.5807E-09     Aqueous      
 Ca++                 5.4806E-03     Aqueous      
 Na+                  6.6561E-07     Aqueous      
 Cl-                  1.0961E-02     Aqueous      
 
 Exchangers           Equiv/kgw        Equiv/g solid    Equiv/m^3 bulk
 X-                   1.4427E+00       9.2000E-04       8.9907E+02
 
 Total Concentrations in Exchange Sites 
 -------------------------------------- 
 
 Exchangers           Equiv/kgw        Equiv/g solid    Equiv/m^3 bulk
 Ca++                 7.2192E-01       4.6035E-04       4.4988E+02
 Na+                  5.8022E-06       3.6999E-09       3.6158E-03
 Cl-                  1.1189E-03       7.1352E-07       6.9729E-01
 
 Concentrations of Individual Species, Exchangers, and Surface Complexes 
 ----------------------------------------------------------------------- 
 
                           Log        Log                 Concentration     
 Species              Molality   Activity      Molality    Mol/m^3 blk  Type
  NaX                   -5.236     -5.396     5.802E-06     3.616E-03  Exchange
  CaX2                  -0.142      0.000     7.208E-01     4.492E+02  Exchange
  CaClX                 -2.951     -3.110     1.119E-03     6.973E-01  Exchange
                           Log        Log                                 Activity
 Species              Molality   Activity      Molality      Activity   Coefficient    Type
  H+                    -6.951     -6.999     1.119E-07     1.003E-07     8.966E-01  Aqueous 
  Ca++                  -2.262     -2.471     5.473E-03     3.384E-03     6.184E-01  Aqueous 
  Na+                   -6.177     -6.233     6.656E-07     5.851E-07     8.791E-01  Aqueous 
  Cl-                   -1.960     -2.018     1.095E-02     9.583E-03     8.749E-01  Aqueous 
  OH-                   -6.942     -6.999     1.142E-07     1.001E-07     8.770E-01  Aqueous 
  CaOH+                 -8.200     -8.252     6.313E-09     5.598E-09     8.868E-01  Aqueous 
  NaOH(aq)             -14.034    -14.033     9.238E-15     9.273E-15     1.004E+00  Aqueous 
  CaCl+                 -5.133     -5.189     7.354E-06     6.465E-06     8.791E-01  Aqueous 
  CaCl2(aq)             -7.163     -7.161     6.877E-08     6.903E-08     1.004E+00  Aqueous 
 
  ****** Partial pressure of gases (bars) *****
 
 
  ***** Saturation state of minerals (log[Q/K] *****
 
 
 
  ***** Volum of minerals added or subtracted *****
 
 
 **************************************************************
 ------> GRID LOCATION:    73:  1:  1
 
  Temperature (C)    =     25.000
  Porosity           =      0.625
  Liquid Saturation  =      1.000
  Liquid Density     =    997.075
  Ionic Strength     =      0.016
  Solution pH        =      6.999
  Total Charge       =  9.944E-07
 
 Total Aqueous Concentrations of Primary Species 
 --------------------------------------- 
 
   Species              Molality       Type 
 H+                  -8.5807E-09     Aqueous      
 Ca++                 5.4806E-03     Aqueous      
 Na+                  6.6565E-07     Aqueous      
 Cl-                  1.0961E-02     Aqueous      
 
 Exchangers           Equiv/kgw        Equiv/g solid    Equiv/m^3 bulk
 X-                   1.4427E+00       9.2000E-04       8.9907E+02
 
 Total Concentrations in Exchange Sites 
 -------------------------------------- 
 
 Exchangers           Equiv/kgw        Equiv/g solid    Equiv/m^3 bulk
 Ca++                 7.2192E-01       4.6035E-04       4.4988E+02
 Na+                  5.8025E-06       3.7001E-09       3.6160E-03
 Cl-                  1.1189E-03       7.1352E-07       6.9729E-01
 
 Concentrations of Individual Species, Exchangers, and Surface Complexes 
 ----------------------------------------------------------------------- 
 
                           Log        Log                 Concentration     
 Species              Molality   Activity      Molality    Mol/m^3 blk  Type
  NaX                   -5.236     -5.396     5.803E-06     3.616E-03  Exchange
  CaX2                  -0.142      0.000     7.208E-01     4.492E+02  Exchange
  CaClX                 -2.951     -3.110     1.119E-03     6.973E-01  Exchange
                           Log        Log                                 Activity
 Species              Molality   Activity      Molality      Activity   Coefficient    Type
  H+                    -6.951     -6.999     1.119E-07     1.003E-07     8.966E-01  Aqueous 
  Ca++                  -2.262     -2.471     5.473E-03     3.384E-03     6.184E-01  Aqueous 
  Na+                   -6.177     -6.233     6.656E-07     5.852E-07     8.791E-01  Aqueous 
  Cl-                   -1.960     -2.018     1.095E-02     9.583E-03     8.749E-01  Aqueous 
  OH-                   -6.942     -6.999     1.142E-07     1.001E-07     8.770E-01  Aqueous 
  CaOH+                 -8.200     -8.252     6.313E-09     5.598E-09     8.868E-01  Aqueous 
  NaOH(aq)             -14.034    -14.033     9.238E-15     9.273E-15     1.004E+00  Aqueous 
  CaCl+                 -5.133     -5.189     7.354E-06     6.465E-06     8.791E-01  Aqueous 
  CaCl2(aq)             -7.163     -7.161     6.877E-08     6.903E-08     1.004E+00  Aqueous 
 
  ****** Partial pressure of gases (bars) *****
 
 
  ***** Saturation state of minerals (log[Q/K] *****
 
 
 
  ***** Volum of minerals added or subtracted *****
 
 
 **************************************************************
 ------> GRID LOCATION:    74:  1:  1
 
  Temperature (C)    =     25.000
  Porosity           =      0.625
  Liquid Saturation  =      1.000
  Liquid Density     =    997.075
  Ionic Strength     =      0.016
  Solution pH        =      6.999
  Total Charge       =  9.944E-07
 
 Total Aqueous Concentrations of Primary Species 
 --------------------------------------- 
 
   Species              Molality       Type 
 H+                  -8.5807E-09     Aqueous      
 Ca++                 5.4806E-03     Aqueous      
 Na+                  6.6568E-07     Aqueous      
 Cl-                  1.0961E-02     Aqueous      
 
 Exchangers           Equiv/kgw        Equiv/g solid    Equiv/m^3 bulk
 X-                   1.4427E+00       9.2000E-04       8.9907E+02
 
 Total Concentrations in Exchange Sites 
 -------------------------------------- 
 
 Exchangers           Equiv/kgw        Equiv/g solid    Equiv/m^3 bulk
 Ca++                 7.2192E-01       4.6035E-04       4.4988E+02
 Na+                  5.8028E-06       3.7003E-09       3.6162E-03
 Cl-                  1.1189E-03       7.1352E-07       6.9729E-01
 
 Concentrations of Individual Species, Exchangers, and Surface Complexes 
 ----------------------------------------------------------------------- 
 
                           Log        Log                 Concentration     
 Species              Molality   Activity      Molality    Mol/m^3 blk  Type
  NaX                   -5.236     -5.396     5.803E-06     3.616E-03  Exchange
  CaX2                  -0.142      0.000     7.208E-01     4.492E+02  Exchange
  CaClX                 -2.951     -3.110     1.119E-03     6.973E-01  Exchange
                           Log        Log                                 Activity
 Species              Molality   Activity      Molality      Activity   Coefficient    Type
  H+                    -6.951     -6.999     1.119E-07     1.003E-07     8.966E-01  Aqueous 
  Ca++                  -2.262     -2.471     5.473E-03     3.384E-03     6.184E-01  Aqueous 
  Na+                   -6.177     -6.233     6.657E-07     5.852E-07     8.791E-01  Aqueous 
  Cl-                   -1.960     -2.018     1.095E-02     9.583E-03     8.749E-01  Aqueous 
  OH-                   -6.942     -6.999     1.142E-07     1.001E-07     8.770E-01  Aqueous 
  CaOH+                 -8.200     -8.252     6.313E-09     5.598E-09     8.868E-01  Aqueous 
  NaOH(aq)             -14.034    -14.033     9.239E-15     9.274E-15     1.004E+00  Aqueous 
  CaCl+                 -5.133     -5.189     7.354E-06     6.465E-06     8.791E-01  Aqueous 
  CaCl2(aq)             -7.163     -7.161     6.877E-08     6.903E-08     1.004E+00  Aqueous 
 
  ****** Partial pressure of gases (bars) *****
 
 
  ***** Saturation state of minerals (log[Q/K] *****
 
 
 
  ***** Volum of minerals added or subtracted *****
 
 
 **************************************************************
 ------> GRID LOCATION:    75:  1:  1
 
  Temperature (C)    =     25.000
  Porosity           =      0.625
  Liquid Saturation  =      1.000
  Liquid Density     =    997.075
  Ionic Strength     =      0.016
  Solution pH        =      6.999
  Total Charge       =  9.944E-07
 
 Total Aqueous Concentrations of Primary Species 
 --------------------------------------- 
 
   Species              Molality       Type 
 H+                  -8.5807E-09     Aqueous      
 Ca++                 5.4806E-03     Aqueous      
 Na+                  6.6572E-07     Aqueous      
 Cl-                  1.0961E-02     Aqueous      
 
 Exchangers           Equiv/kgw        Equiv/g solid    Equiv/m^3 bulk
 X-                   1.4427E+00       9.2000E-04       8.9907E+02
 
 Total Concentrations in Exchange Sites 
 -------------------------------------- 
 
 Exchangers           Equiv/kgw        Equiv/g solid    Equiv/m^3 bulk
 Ca++                 7.2192E-01       4.6035E-04       4.4988E+02
 Na+                  5.8031E-06       3.7005E-09       3.6164E-03
 Cl-                  1.1189E-03       7.1352E-07       6.9729E-01
 
 Concentrations of Individual Species, Exchangers, and Surface Complexes 
 ----------------------------------------------------------------------- 
 
                           Log        Log                 Concentration     
 Species              Molality   Activity      Molality    Mol/m^3 blk  Type
  NaX                   -5.236     -5.396     5.803E-06     3.616E-03  Exchange
  CaX2                  -0.142      0.000     7.208E-01     4.492E+02  Exchange
  CaClX                 -2.951     -3.110     1.119E-03     6.973E-01  Exchange
                           Log        Log                                 Activity
 Species              Molality   Activity      Molality      Activity   Coefficient    Type
  H+                    -6.951     -6.999     1.119E-07     1.003E-07     8.966E-01  Aqueous 
  Ca++                  -2.262     -2.471     5.473E-03     3.384E-03     6.184E-01  Aqueous 
  Na+                   -6.177     -6.233     6.657E-07     5.852E-07     8.791E-01  Aqueous 
  Cl-                   -1.960     -2.018     1.095E-02     9.583E-03     8.749E-01  Aqueous 
  OH-                   -6.942     -6.999     1.142E-07     1.001E-07     8.770E-01  Aqueous 
  CaOH+                 -8.200     -8.252     6.313E-09     5.598E-09     8.868E-01  Aqueous 
  NaOH(aq)             -14.034    -14.033     9.239E-15     9.274E-15     1.004E+00  Aqueous 
  CaCl+                 -5.133     -5.189     7.354E-06     6.465E-06     8.791E-01  Aqueous 
  CaCl2(aq)             -7.163     -7.161     6.877E-08     6.903E-08     1.004E+00  Aqueous 
 
  ****** Partial pressure of gases (bars) *****
 
 
  ***** Saturation state of minerals (log[Q/K] *****
 
 
 
  ***** Volum of minerals added or subtracted *****
 
 
 **************************************************************
 ------> GRID LOCATION:    76:  1:  1
 
  Temperature (C)    =     25.000
  Porosity           =      0.625
  Liquid Saturation  =      1.000
  Liquid Density     =    997.075
  Ionic Strength     =      0.016
  Solution pH        =      6.999
  Total Charge       =  9.944E-07
 
 Total Aqueous Concentrations of Primary Species 
 --------------------------------------- 
 
   Species              Molality       Type 
 H+                  -8.5807E-09     Aqueous      
 Ca++                 5.4806E-03     Aqueous      
 Na+                  6.6575E-07     Aqueous      
 Cl-                  1.0961E-02     Aqueous      
 
 Exchangers           Equiv/kgw        Equiv/g solid    Equiv/m^3 bulk
 X-                   1.4427E+00       9.2000E-04       8.9907E+02
 
 Total Concentrations in Exchange Sites 
 -------------------------------------- 
 
 Exchangers           Equiv/kgw        Equiv/g solid    Equiv/m^3 bulk
 Ca++                 7.2192E-01       4.6035E-04       4.4988E+02
 Na+                  5.8034E-06       3.7007E-09       3.6165E-03
 Cl-                  1.1189E-03       7.1352E-07       6.9729E-01
 
 Concentrations of Individual Species, Exchangers, and Surface Complexes 
 ----------------------------------------------------------------------- 
 
                           Log        Log                 Concentration     
 Species              Molality   Activity      Molality    Mol/m^3 blk  Type
  NaX                   -5.236     -5.395     5.803E-06     3.617E-03  Exchange
  CaX2                  -0.142      0.000     7.208E-01     4.492E+02  Exchange
  CaClX                 -2.951     -3.110     1.119E-03     6.973E-01  Exchange
                           Log        Log                                 Activity
 Species              Molality   Activity      Molality      Activity   Coefficient    Type
  H+                    -6.951     -6.999     1.119E-07     1.003E-07     8.966E-01  Aqueous 
  Ca++                  -2.262     -2.471     5.473E-03     3.384E-03     6.184E-01  Aqueous 
  Na+                   -6.177     -6.233     6.658E-07     5.853E-07     8.791E-01  Aqueous 
  Cl-                   -1.960     -2.018     1.095E-02     9.583E-03     8.749E-01  Aqueous 
  OH-                   -6.942     -6.999     1.142E-07     1.001E-07     8.770E-01  Aqueous 
  CaOH+                 -8.200     -8.252     6.313E-09     5.598E-09     8.868E-01  Aqueous 
  NaOH(aq)             -14.034    -14.033     9.240E-15     9.275E-15     1.004E+00  Aqueous 
  CaCl+                 -5.133     -5.189     7.354E-06     6.465E-06     8.791E-01  Aqueous 
  CaCl2(aq)             -7.163     -7.161     6.877E-08     6.903E-08     1.004E+00  Aqueous 
 
  ****** Partial pressure of gases (bars) *****
 
 
  ***** Saturation state of minerals (log[Q/K] *****
 
 
 
  ***** Volum of minerals added or subtracted *****
 
 
 **************************************************************
 ------> GRID LOCATION:    77:  1:  1
 
  Temperature (C)    =     25.000
  Porosity           =      0.625
  Liquid Saturation  =      1.000
  Liquid Density     =    997.075
  Ionic Strength     =      0.016
  Solution pH        =      6.999
  Total Charge       =  9.944E-07
 
 Total Aqueous Concentrations of Primary Species 
 --------------------------------------- 
 
   Species              Molality       Type 
 H+                  -8.5807E-09     Aqueous      
 Ca++                 5.4806E-03     Aqueous      
 Na+                  6.6579E-07     Aqueous      
 Cl-                  1.0961E-02     Aqueous      
 
 Exchangers           Equiv/kgw        Equiv/g solid    Equiv/m^3 bulk
 X-                   1.4427E+00       9.2000E-04       8.9907E+02
 
 Total Concentrations in Exchange Sites 
 -------------------------------------- 
 
 Exchangers           Equiv/kgw        Equiv/g solid    Equiv/m^3 bulk
 Ca++                 7.2192E-01       4.6035E-04       4.4988E+02
 Na+                  5.8037E-06       3.7009E-09       3.6167E-03
 Cl-                  1.1189E-03       7.1352E-07       6.9729E-01
 
 Concentrations of Individual Species, Exchangers, and Surface Complexes 
 ----------------------------------------------------------------------- 
 
                           Log        Log                 Concentration     
 Species              Molality   Activity      Molality    Mol/m^3 blk  Type
  NaX                   -5.236     -5.395     5.804E-06     3.617E-03  Exchange
  CaX2                  -0.142      0.000     7.208E-01     4.492E+02  Exchange
  CaClX                 -2.951     -3.110     1.119E-03     6.973E-01  Exchange
                           Log        Log                                 Activity
 Species              Molality   Activity      Molality      Activity   Coefficient    Type
  H+                    -6.951     -6.999     1.119E-07     1.003E-07     8.966E-01  Aqueous 
  Ca++                  -2.262     -2.471     5.473E-03     3.384E-03     6.184E-01  Aqueous 
  Na+                   -6.177     -6.233     6.658E-07     5.853E-07     8.791E-01  Aqueous 
  Cl-                   -1.960     -2.018     1.095E-02     9.583E-03     8.749E-01  Aqueous 
  OH-                   -6.942     -6.999     1.142E-07     1.001E-07     8.770E-01  Aqueous 
  CaOH+                 -8.200     -8.252     6.313E-09     5.598E-09     8.868E-01  Aqueous 
  NaOH(aq)             -14.034    -14.033     9.240E-15     9.275E-15     1.004E+00  Aqueous 
  CaCl+                 -5.133     -5.189     7.354E-06     6.465E-06     8.791E-01  Aqueous 
  CaCl2(aq)             -7.163     -7.161     6.877E-08     6.903E-08     1.004E+00  Aqueous 
 
  ****** Partial pressure of gases (bars) *****
 
 
  ***** Saturation state of minerals (log[Q/K] *****
 
 
 
  ***** Volum of minerals added or subtracted *****
 
 
 **************************************************************
 ------> GRID LOCATION:    78:  1:  1
 
  Temperature (C)    =     25.000
  Porosity           =      0.625
  Liquid Saturation  =      1.000
  Liquid Density     =    997.075
  Ionic Strength     =      0.016
  Solution pH        =      6.999
  Total Charge       =  9.944E-07
 
 Total Aqueous Concentrations of Primary Species 
 --------------------------------------- 
 
   Species              Molality       Type 
 H+                  -8.5807E-09     Aqueous      
 Ca++                 5.4806E-03     Aqueous      
 Na+                  6.6582E-07     Aqueous      
 Cl-                  1.0961E-02     Aqueous      
 
 Exchangers           Equiv/kgw        Equiv/g solid    Equiv/m^3 bulk
 X-                   1.4427E+00       9.2000E-04       8.9907E+02
 
 Total Concentrations in Exchange Sites 
 -------------------------------------- 
 
 Exchangers           Equiv/kgw        Equiv/g solid    Equiv/m^3 bulk
 Ca++                 7.2192E-01       4.6035E-04       4.4988E+02
 Na+                  5.8040E-06       3.7011E-09       3.6169E-03
 Cl-                  1.1189E-03       7.1352E-07       6.9729E-01
 
 Concentrations of Individual Species, Exchangers, and Surface Complexes 
 ----------------------------------------------------------------------- 
 
                           Log        Log                 Concentration     
 Species              Molality   Activity      Molality    Mol/m^3 blk  Type
  NaX                   -5.236     -5.395     5.804E-06     3.617E-03  Exchange
  CaX2                  -0.142      0.000     7.208E-01     4.492E+02  Exchange
  CaClX                 -2.951     -3.110     1.119E-03     6.973E-01  Exchange
                           Log        Log                                 Activity
 Species              Molality   Activity      Molality      Activity   Coefficient    Type
  H+                    -6.951     -6.999     1.119E-07     1.003E-07     8.966E-01  Aqueous 
  Ca++                  -2.262     -2.471     5.473E-03     3.384E-03     6.184E-01  Aqueous 
  Na+                   -6.177     -6.233     6.658E-07     5.853E-07     8.791E-01  Aqueous 
  Cl-                   -1.960     -2.018     1.095E-02     9.583E-03     8.749E-01  Aqueous 
  OH-                   -6.942     -6.999     1.142E-07     1.001E-07     8.770E-01  Aqueous 
  CaOH+                 -8.200     -8.252     6.313E-09     5.598E-09     8.868E-01  Aqueous 
  NaOH(aq)             -14.034    -14.033     9.240E-15     9.276E-15     1.004E+00  Aqueous 
  CaCl+                 -5.133     -5.189     7.354E-06     6.465E-06     8.791E-01  Aqueous 
  CaCl2(aq)             -7.163     -7.161     6.877E-08     6.903E-08     1.004E+00  Aqueous 
 
  ****** Partial pressure of gases (bars) *****
 
 
  ***** Saturation state of minerals (log[Q/K] *****
 
 
 
  ***** Volum of minerals added or subtracted *****
 
 
 **************************************************************
 ------> GRID LOCATION:    79:  1:  1
 
  Temperature (C)    =     25.000
  Porosity           =      0.625
  Liquid Saturation  =      1.000
  Liquid Density     =    997.075
  Ionic Strength     =      0.016
  Solution pH        =      6.999
  Total Charge       =  9.944E-07
 
 Total Aqueous Concentrations of Primary Species 
 --------------------------------------- 
 
   Species              Molality       Type 
 H+                  -8.5807E-09     Aqueous      
 Ca++                 5.4806E-03     Aqueous      
 Na+                  6.6585E-07     Aqueous      
 Cl-                  1.0961E-02     Aqueous      
 
 Exchangers           Equiv/kgw        Equiv/g solid    Equiv/m^3 bulk
 X-                   1.4427E+00       9.2000E-04       8.9907E+02
 
 Total Concentrations in Exchange Sites 
 -------------------------------------- 
 
 Exchangers           Equiv/kgw        Equiv/g solid    Equiv/m^3 bulk
 Ca++                 7.2192E-01       4.6035E-04       4.4988E+02
 Na+                  5.8043E-06       3.7013E-09       3.6171E-03
 Cl-                  1.1189E-03       7.1352E-07       6.9729E-01
 
 Concentrations of Individual Species, Exchangers, and Surface Complexes 
 ----------------------------------------------------------------------- 
 
                           Log        Log                 Concentration     
 Species              Molality   Activity      Molality    Mol/m^3 blk  Type
  NaX                   -5.236     -5.395     5.804E-06     3.617E-03  Exchange
  CaX2                  -0.142      0.000     7.208E-01     4.492E+02  Exchange
  CaClX                 -2.951     -3.110     1.119E-03     6.973E-01  Exchange
                           Log        Log                                 Activity
 Species              Molality   Activity      Molality      Activity   Coefficient    Type
  H+                    -6.951     -6.999     1.119E-07     1.003E-07     8.966E-01  Aqueous 
  Ca++                  -2.262     -2.471     5.473E-03     3.384E-03     6.184E-01  Aqueous 
  Na+                   -6.177     -6.233     6.659E-07     5.854E-07     8.791E-01  Aqueous 
  Cl-                   -1.960     -2.018     1.095E-02     9.583E-03     8.749E-01  Aqueous 
  OH-                   -6.942     -6.999     1.142E-07     1.001E-07     8.770E-01  Aqueous 
  CaOH+                 -8.200     -8.252     6.313E-09     5.598E-09     8.868E-01  Aqueous 
  NaOH(aq)             -14.034    -14.033     9.241E-15     9.276E-15     1.004E+00  Aqueous 
  CaCl+                 -5.133     -5.189     7.354E-06     6.465E-06     8.791E-01  Aqueous 
  CaCl2(aq)             -7.163     -7.161     6.877E-08     6.903E-08     1.004E+00  Aqueous 
 
  ****** Partial pressure of gases (bars) *****
 
 
  ***** Saturation state of minerals (log[Q/K] *****
 
 
 
  ***** Volum of minerals added or subtracted *****
 
 
 **************************************************************
 ------> GRID LOCATION:    80:  1:  1
 
  Temperature (C)    =     25.000
  Porosity           =      0.625
  Liquid Saturation  =      1.000
  Liquid Density     =    997.075
  Ionic Strength     =      0.016
  Solution pH        =      6.999
  Total Charge       =  9.944E-07
 
 Total Aqueous Concentrations of Primary Species 
 --------------------------------------- 
 
   Species              Molality       Type 
 H+                  -8.5807E-09     Aqueous      
 Ca++                 5.4806E-03     Aqueous      
 Na+                  6.6588E-07     Aqueous      
 Cl-                  1.0961E-02     Aqueous      
 
 Exchangers           Equiv/kgw        Equiv/g solid    Equiv/m^3 bulk
 X-                   1.4427E+00       9.2000E-04       8.9907E+02
 
 Total Concentrations in Exchange Sites 
 -------------------------------------- 
 
 Exchangers           Equiv/kgw        Equiv/g solid    Equiv/m^3 bulk
 Ca++                 7.2192E-01       4.6035E-04       4.4988E+02
 Na+                  5.8046E-06       3.7015E-09       3.6172E-03
 Cl-                  1.1189E-03       7.1352E-07       6.9729E-01
 
 Concentrations of Individual Species, Exchangers, and Surface Complexes 
 ----------------------------------------------------------------------- 
 
                           Log        Log                 Concentration     
 Species              Molality   Activity      Molality    Mol/m^3 blk  Type
  NaX                   -5.236     -5.395     5.805E-06     3.617E-03  Exchange
  CaX2                  -0.142      0.000     7.208E-01     4.492E+02  Exchange
  CaClX                 -2.951     -3.110     1.119E-03     6.973E-01  Exchange
                           Log        Log                                 Activity
 Species              Molality   Activity      Molality      Activity   Coefficient    Type
  H+                    -6.951     -6.999     1.119E-07     1.003E-07     8.966E-01  Aqueous 
  Ca++                  -2.262     -2.471     5.473E-03     3.384E-03     6.184E-01  Aqueous 
  Na+                   -6.177     -6.233     6.659E-07     5.854E-07     8.791E-01  Aqueous 
  Cl-                   -1.960     -2.018     1.095E-02     9.583E-03     8.749E-01  Aqueous 
  OH-                   -6.942     -6.999     1.142E-07     1.001E-07     8.770E-01  Aqueous 
  CaOH+                 -8.200     -8.252     6.313E-09     5.598E-09     8.868E-01  Aqueous 
  NaOH(aq)             -14.034    -14.033     9.241E-15     9.276E-15     1.004E+00  Aqueous 
  CaCl+                 -5.133     -5.189     7.354E-06     6.465E-06     8.791E-01  Aqueous 
  CaCl2(aq)             -7.163     -7.161     6.877E-08     6.903E-08     1.004E+00  Aqueous 
 
  ****** Partial pressure of gases (bars) *****
 
 
  ***** Saturation state of minerals (log[Q/K] *****
 
 
 
  ***** Volum of minerals added or subtracted *****
 
 
 **************************************************************
 ------> GRID LOCATION:    81:  1:  1
 
  Temperature (C)    =     25.000
  Porosity           =      0.625
  Liquid Saturation  =      1.000
  Liquid Density     =    997.075
  Ionic Strength     =      0.016
  Solution pH        =      6.999
  Total Charge       =  9.944E-07
 
 Total Aqueous Concentrations of Primary Species 
 --------------------------------------- 
 
   Species              Molality       Type 
 H+                  -8.5807E-09     Aqueous      
 Ca++                 5.4806E-03     Aqueous      
 Na+                  6.6591E-07     Aqueous      
 Cl-                  1.0961E-02     Aqueous      
 
 Exchangers           Equiv/kgw        Equiv/g solid    Equiv/m^3 bulk
 X-                   1.4427E+00       9.2000E-04       8.9907E+02
 
 Total Concentrations in Exchange Sites 
 -------------------------------------- 
 
 Exchangers           Equiv/kgw        Equiv/g solid    Equiv/m^3 bulk
 Ca++                 7.2192E-01       4.6035E-04       4.4988E+02
 Na+                  5.8048E-06       3.7016E-09       3.6174E-03
 Cl-                  1.1189E-03       7.1352E-07       6.9729E-01
 
 Concentrations of Individual Species, Exchangers, and Surface Complexes 
 ----------------------------------------------------------------------- 
 
                           Log        Log                 Concentration     
 Species              Molality   Activity      Molality    Mol/m^3 blk  Type
  NaX                   -5.236     -5.395     5.805E-06     3.617E-03  Exchange
  CaX2                  -0.142      0.000     7.208E-01     4.492E+02  Exchange
  CaClX                 -2.951     -3.110     1.119E-03     6.973E-01  Exchange
                           Log        Log                                 Activity
 Species              Molality   Activity      Molality      Activity   Coefficient    Type
  H+                    -6.951     -6.999     1.119E-07     1.003E-07     8.966E-01  Aqueous 
  Ca++                  -2.262     -2.471     5.473E-03     3.384E-03     6.184E-01  Aqueous 
  Na+                   -6.177     -6.233     6.659E-07     5.854E-07     8.791E-01  Aqueous 
  Cl-                   -1.960     -2.018     1.095E-02     9.583E-03     8.749E-01  Aqueous 
  OH-                   -6.942     -6.999     1.142E-07     1.001E-07     8.770E-01  Aqueous 
  CaOH+                 -8.200     -8.252     6.313E-09     5.598E-09     8.868E-01  Aqueous 
  NaOH(aq)             -14.034    -14.033     9.242E-15     9.277E-15     1.004E+00  Aqueous 
  CaCl+                 -5.133     -5.189     7.354E-06     6.465E-06     8.791E-01  Aqueous 
  CaCl2(aq)             -7.163     -7.161     6.877E-08     6.903E-08     1.004E+00  Aqueous 
 
  ****** Partial pressure of gases (bars) *****
 
 
  ***** Saturation state of minerals (log[Q/K] *****
 
 
 
  ***** Volum of minerals added or subtracted *****
 
 
 **************************************************************
 ------> GRID LOCATION:    82:  1:  1
 
  Temperature (C)    =     25.000
  Porosity           =      0.625
  Liquid Saturation  =      1.000
  Liquid Density     =    997.075
  Ionic Strength     =      0.016
  Solution pH        =      6.999
  Total Charge       =  9.944E-07
 
 Total Aqueous Concentrations of Primary Species 
 --------------------------------------- 
 
   Species              Molality       Type 
 H+                  -8.5807E-09     Aqueous      
 Ca++                 5.4806E-03     Aqueous      
 Na+                  6.6594E-07     Aqueous      
 Cl-                  1.0961E-02     Aqueous      
 
 Exchangers           Equiv/kgw        Equiv/g solid    Equiv/m^3 bulk
 X-                   1.4427E+00       9.2000E-04       8.9907E+02
 
 Total Concentrations in Exchange Sites 
 -------------------------------------- 
 
 Exchangers           Equiv/kgw        Equiv/g solid    Equiv/m^3 bulk
 Ca++                 7.2192E-01       4.6035E-04       4.4988E+02
 Na+                  5.8051E-06       3.7018E-09       3.6176E-03
 Cl-                  1.1189E-03       7.1352E-07       6.9729E-01
 
 Concentrations of Individual Species, Exchangers, and Surface Complexes 
 ----------------------------------------------------------------------- 
 
                           Log        Log                 Concentration     
 Species              Molality   Activity      Molality    Mol/m^3 blk  Type
  NaX                   -5.236     -5.395     5.805E-06     3.618E-03  Exchange
  CaX2                  -0.142      0.000     7.208E-01     4.492E+02  Exchange
  CaClX                 -2.951     -3.110     1.119E-03     6.973E-01  Exchange
                           Log        Log                                 Activity
 Species              Molality   Activity      Molality      Activity   Coefficient    Type
  H+                    -6.951     -6.999     1.119E-07     1.003E-07     8.966E-01  Aqueous 
  Ca++                  -2.262     -2.471     5.473E-03     3.384E-03     6.184E-01  Aqueous 
  Na+                   -6.177     -6.233     6.659E-07     5.854E-07     8.791E-01  Aqueous 
  Cl-                   -1.960     -2.018     1.095E-02     9.583E-03     8.749E-01  Aqueous 
  OH-                   -6.942     -6.999     1.142E-07     1.001E-07     8.770E-01  Aqueous 
  CaOH+                 -8.200     -8.252     6.313E-09     5.598E-09     8.868E-01  Aqueous 
  NaOH(aq)             -14.034    -14.033     9.242E-15     9.277E-15     1.004E+00  Aqueous 
  CaCl+                 -5.133     -5.189     7.354E-06     6.465E-06     8.791E-01  Aqueous 
  CaCl2(aq)             -7.163     -7.161     6.877E-08     6.903E-08     1.004E+00  Aqueous 
 
  ****** Partial pressure of gases (bars) *****
 
 
  ***** Saturation state of minerals (log[Q/K] *****
 
 
 
  ***** Volum of minerals added or subtracted *****
 
 
 **************************************************************
 ------> GRID LOCATION:    83:  1:  1
 
  Temperature (C)    =     25.000
  Porosity           =      0.625
  Liquid Saturation  =      1.000
  Liquid Density     =    997.075
  Ionic Strength     =      0.016
  Solution pH        =      6.999
  Total Charge       =  9.944E-07
 
 Total Aqueous Concentrations of Primary Species 
 --------------------------------------- 
 
   Species              Molality       Type 
 H+                  -8.5807E-09     Aqueous      
 Ca++                 5.4806E-03     Aqueous      
 Na+                  6.6597E-07     Aqueous      
 Cl-                  1.0961E-02     Aqueous      
 
 Exchangers           Equiv/kgw        Equiv/g solid    Equiv/m^3 bulk
 X-                   1.4427E+00       9.2000E-04       8.9907E+02
 
 Total Concentrations in Exchange Sites 
 -------------------------------------- 
 
 Exchangers           Equiv/kgw        Equiv/g solid    Equiv/m^3 bulk
 Ca++                 7.2192E-01       4.6035E-04       4.4988E+02
 Na+                  5.8053E-06       3.7019E-09       3.6177E-03
 Cl-                  1.1189E-03       7.1352E-07       6.9729E-01
 
 Concentrations of Individual Species, Exchangers, and Surface Complexes 
 ----------------------------------------------------------------------- 
 
                           Log        Log                 Concentration     
 Species              Molality   Activity      Molality    Mol/m^3 blk  Type
  NaX                   -5.236     -5.395     5.805E-06     3.618E-03  Exchange
  CaX2                  -0.142      0.000     7.208E-01     4.492E+02  Exchange
  CaClX                 -2.951     -3.110     1.119E-03     6.973E-01  Exchange
                           Log        Log                                 Activity
 Species              Molality   Activity      Molality      Activity   Coefficient    Type
  H+                    -6.951     -6.999     1.119E-07     1.003E-07     8.966E-01  Aqueous 
  Ca++                  -2.262     -2.471     5.473E-03     3.384E-03     6.184E-01  Aqueous 
  Na+                   -6.177     -6.232     6.660E-07     5.855E-07     8.791E-01  Aqueous 
  Cl-                   -1.960     -2.018     1.095E-02     9.583E-03     8.749E-01  Aqueous 
  OH-                   -6.942     -6.999     1.142E-07     1.001E-07     8.770E-01  Aqueous 
  CaOH+                 -8.200     -8.252     6.313E-09     5.598E-09     8.868E-01  Aqueous 
  NaOH(aq)             -14.034    -14.033     9.243E-15     9.278E-15     1.004E+00  Aqueous 
  CaCl+                 -5.133     -5.189     7.354E-06     6.465E-06     8.791E-01  Aqueous 
  CaCl2(aq)             -7.163     -7.161     6.877E-08     6.903E-08     1.004E+00  Aqueous 
 
  ****** Partial pressure of gases (bars) *****
 
 
  ***** Saturation state of minerals (log[Q/K] *****
 
 
 
  ***** Volum of minerals added or subtracted *****
 
 
 **************************************************************
 ------> GRID LOCATION:    84:  1:  1
 
  Temperature (C)    =     25.000
  Porosity           =      0.625
  Liquid Saturation  =      1.000
  Liquid Density     =    997.075
  Ionic Strength     =      0.016
  Solution pH        =      6.999
  Total Charge       =  9.944E-07
 
 Total Aqueous Concentrations of Primary Species 
 --------------------------------------- 
 
   Species              Molality       Type 
 H+                  -8.5807E-09     Aqueous      
 Ca++                 5.4806E-03     Aqueous      
 Na+                  6.6600E-07     Aqueous      
 Cl-                  1.0961E-02     Aqueous      
 
 Exchangers           Equiv/kgw        Equiv/g solid    Equiv/m^3 bulk
 X-                   1.4427E+00       9.2000E-04       8.9907E+02
 
 Total Concentrations in Exchange Sites 
 -------------------------------------- 
 
 Exchangers           Equiv/kgw        Equiv/g solid    Equiv/m^3 bulk
 Ca++                 7.2192E-01       4.6035E-04       4.4988E+02
 Na+                  5.8056E-06       3.7021E-09       3.6179E-03
 Cl-                  1.1189E-03       7.1352E-07       6.9729E-01
 
 Concentrations of Individual Species, Exchangers, and Surface Complexes 
 ----------------------------------------------------------------------- 
 
                           Log        Log                 Concentration     
 Species              Molality   Activity      Molality    Mol/m^3 blk  Type
  NaX                   -5.236     -5.395     5.806E-06     3.618E-03  Exchange
  CaX2                  -0.142      0.000     7.208E-01     4.492E+02  Exchange
  CaClX                 -2.951     -3.110     1.119E-03     6.973E-01  Exchange
                           Log        Log                                 Activity
 Species              Molality   Activity      Molality      Activity   Coefficient    Type
  H+                    -6.951     -6.999     1.119E-07     1.003E-07     8.966E-01  Aqueous 
  Ca++                  -2.262     -2.471     5.473E-03     3.384E-03     6.184E-01  Aqueous 
  Na+                   -6.177     -6.232     6.660E-07     5.855E-07     8.791E-01  Aqueous 
  Cl-                   -1.960     -2.018     1.095E-02     9.583E-03     8.749E-01  Aqueous 
  OH-                   -6.942     -6.999     1.142E-07     1.001E-07     8.770E-01  Aqueous 
  CaOH+                 -8.200     -8.252     6.313E-09     5.598E-09     8.868E-01  Aqueous 
  NaOH(aq)             -14.034    -14.033     9.243E-15     9.278E-15     1.004E+00  Aqueous 
  CaCl+                 -5.133     -5.189     7.354E-06     6.465E-06     8.791E-01  Aqueous 
  CaCl2(aq)             -7.163     -7.161     6.877E-08     6.903E-08     1.004E+00  Aqueous 
 
  ****** Partial pressure of gases (bars) *****
 
 
  ***** Saturation state of minerals (log[Q/K] *****
 
 
 
  ***** Volum of minerals added or subtracted *****
 
 
 **************************************************************
 ------> GRID LOCATION:    85:  1:  1
 
  Temperature (C)    =     25.000
  Porosity           =      0.625
  Liquid Saturation  =      1.000
  Liquid Density     =    997.075
  Ionic Strength     =      0.016
  Solution pH        =      6.999
  Total Charge       =  9.944E-07
 
 Total Aqueous Concentrations of Primary Species 
 --------------------------------------- 
 
   Species              Molality       Type 
 H+                  -8.5807E-09     Aqueous      
 Ca++                 5.4806E-03     Aqueous      
 Na+                  6.6603E-07     Aqueous      
 Cl-                  1.0961E-02     Aqueous      
 
 Exchangers           Equiv/kgw        Equiv/g solid    Equiv/m^3 bulk
 X-                   1.4427E+00       9.2000E-04       8.9907E+02
 
 Total Concentrations in Exchange Sites 
 -------------------------------------- 
 
 Exchangers           Equiv/kgw        Equiv/g solid    Equiv/m^3 bulk
 Ca++                 7.2192E-01       4.6035E-04       4.4988E+02
 Na+                  5.8058E-06       3.7023E-09       3.6180E-03
 Cl-                  1.1189E-03       7.1352E-07       6.9729E-01
 
 Concentrations of Individual Species, Exchangers, and Surface Complexes 
 ----------------------------------------------------------------------- 
 
                           Log        Log                 Concentration     
 Species              Molality   Activity      Molality    Mol/m^3 blk  Type
  NaX                   -5.236     -5.395     5.806E-06     3.618E-03  Exchange
  CaX2                  -0.142      0.000     7.208E-01     4.492E+02  Exchange
  CaClX                 -2.951     -3.110     1.119E-03     6.973E-01  Exchange
                           Log        Log                                 Activity
 Species              Molality   Activity      Molality      Activity   Coefficient    Type
  H+                    -6.951     -6.999     1.119E-07     1.003E-07     8.966E-01  Aqueous 
  Ca++                  -2.262     -2.471     5.473E-03     3.384E-03     6.184E-01  Aqueous 
  Na+                   -6.177     -6.232     6.660E-07     5.855E-07     8.791E-01  Aqueous 
  Cl-                   -1.960     -2.018     1.095E-02     9.583E-03     8.749E-01  Aqueous 
  OH-                   -6.942     -6.999     1.142E-07     1.001E-07     8.770E-01  Aqueous 
  CaOH+                 -8.200     -8.252     6.313E-09     5.598E-09     8.868E-01  Aqueous 
  NaOH(aq)             -14.034    -14.033     9.243E-15     9.278E-15     1.004E+00  Aqueous 
  CaCl+                 -5.133     -5.189     7.354E-06     6.465E-06     8.791E-01  Aqueous 
  CaCl2(aq)             -7.163     -7.161     6.877E-08     6.903E-08     1.004E+00  Aqueous 
 
  ****** Partial pressure of gases (bars) *****
 
 
  ***** Saturation state of minerals (log[Q/K] *****
 
 
 
  ***** Volum of minerals added or subtracted *****
 
 
 **************************************************************
 ------> GRID LOCATION:    86:  1:  1
 
  Temperature (C)    =     25.000
  Porosity           =      0.625
  Liquid Saturation  =      1.000
  Liquid Density     =    997.075
  Ionic Strength     =      0.016
  Solution pH        =      6.999
  Total Charge       =  9.944E-07
 
 Total Aqueous Concentrations of Primary Species 
 --------------------------------------- 
 
   Species              Molality       Type 
 H+                  -8.5807E-09     Aqueous      
 Ca++                 5.4806E-03     Aqueous      
 Na+                  6.6605E-07     Aqueous      
 Cl-                  1.0961E-02     Aqueous      
 
 Exchangers           Equiv/kgw        Equiv/g solid    Equiv/m^3 bulk
 X-                   1.4427E+00       9.2000E-04       8.9907E+02
 
 Total Concentrations in Exchange Sites 
 -------------------------------------- 
 
 Exchangers           Equiv/kgw        Equiv/g solid    Equiv/m^3 bulk
 Ca++                 7.2192E-01       4.6035E-04       4.4988E+02
 Na+                  5.8061E-06       3.7024E-09       3.6182E-03
 Cl-                  1.1189E-03       7.1352E-07       6.9729E-01
 
 Concentrations of Individual Species, Exchangers, and Surface Complexes 
 ----------------------------------------------------------------------- 
 
                           Log        Log                 Concentration     
 Species              Molality   Activity      Molality    Mol/m^3 blk  Type
  NaX                   -5.236     -5.395     5.806E-06     3.618E-03  Exchange
  CaX2                  -0.142      0.000     7.208E-01     4.492E+02  Exchange
  CaClX                 -2.951     -3.110     1.119E-03     6.973E-01  Exchange
                           Log        Log                                 Activity
 Species              Molality   Activity      Molality      Activity   Coefficient    Type
  H+                    -6.951     -6.999     1.119E-07     1.003E-07     8.966E-01  Aqueous 
  Ca++                  -2.262     -2.471     5.473E-03     3.384E-03     6.184E-01  Aqueous 
  Na+                   -6.176     -6.232     6.661E-07     5.855E-07     8.791E-01  Aqueous 
  Cl-                   -1.960     -2.018     1.095E-02     9.583E-03     8.749E-01  Aqueous 
  OH-                   -6.942     -6.999     1.142E-07     1.001E-07     8.770E-01  Aqueous 
  CaOH+                 -8.200     -8.252     6.313E-09     5.598E-09     8.868E-01  Aqueous 
  NaOH(aq)             -14.034    -14.033     9.244E-15     9.279E-15     1.004E+00  Aqueous 
  CaCl+                 -5.133     -5.189     7.354E-06     6.465E-06     8.791E-01  Aqueous 
  CaCl2(aq)             -7.163     -7.161     6.877E-08     6.903E-08     1.004E+00  Aqueous 
 
  ****** Partial pressure of gases (bars) *****
 
 
  ***** Saturation state of minerals (log[Q/K] *****
 
 
 
  ***** Volum of minerals added or subtracted *****
 
 
 **************************************************************
 ------> GRID LOCATION:    87:  1:  1
 
  Temperature (C)    =     25.000
  Porosity           =      0.625
  Liquid Saturation  =      1.000
  Liquid Density     =    997.075
  Ionic Strength     =      0.016
  Solution pH        =      6.999
  Total Charge       =  9.944E-07
 
 Total Aqueous Concentrations of Primary Species 
 --------------------------------------- 
 
   Species              Molality       Type 
 H+                  -8.5807E-09     Aqueous      
 Ca++                 5.4806E-03     Aqueous      
 Na+                  6.6608E-07     Aqueous      
 Cl-                  1.0961E-02     Aqueous      
 
 Exchangers           Equiv/kgw        Equiv/g solid    Equiv/m^3 bulk
 X-                   1.4427E+00       9.2000E-04       8.9907E+02
 
 Total Concentrations in Exchange Sites 
 -------------------------------------- 
 
 Exchangers           Equiv/kgw        Equiv/g solid    Equiv/m^3 bulk
 Ca++                 7.2192E-01       4.6035E-04       4.4988E+02
 Na+                  5.8063E-06       3.7026E-09       3.6183E-03
 Cl-                  1.1189E-03       7.1352E-07       6.9729E-01
 
 Concentrations of Individual Species, Exchangers, and Surface Complexes 
 ----------------------------------------------------------------------- 
 
                           Log        Log                 Concentration     
 Species              Molality   Activity      Molality    Mol/m^3 blk  Type
  NaX                   -5.236     -5.395     5.806E-06     3.618E-03  Exchange
  CaX2                  -0.142      0.000     7.208E-01     4.492E+02  Exchange
  CaClX                 -2.951     -3.110     1.119E-03     6.973E-01  Exchange
                           Log        Log                                 Activity
 Species              Molality   Activity      Molality      Activity   Coefficient    Type
  H+                    -6.951     -6.999     1.119E-07     1.003E-07     8.966E-01  Aqueous 
  Ca++                  -2.262     -2.471     5.473E-03     3.384E-03     6.184E-01  Aqueous 
  Na+                   -6.176     -6.232     6.661E-07     5.856E-07     8.791E-01  Aqueous 
  Cl-                   -1.960     -2.018     1.095E-02     9.583E-03     8.749E-01  Aqueous 
  OH-                   -6.942     -6.999     1.142E-07     1.001E-07     8.770E-01  Aqueous 
  CaOH+                 -8.200     -8.252     6.313E-09     5.598E-09     8.868E-01  Aqueous 
  NaOH(aq)             -14.034    -14.032     9.244E-15     9.279E-15     1.004E+00  Aqueous 
  CaCl+                 -5.133     -5.189     7.354E-06     6.465E-06     8.791E-01  Aqueous 
  CaCl2(aq)             -7.163     -7.161     6.877E-08     6.903E-08     1.004E+00  Aqueous 
 
  ****** Partial pressure of gases (bars) *****
 
 
  ***** Saturation state of minerals (log[Q/K] *****
 
 
 
  ***** Volum of minerals added or subtracted *****
 
 
 **************************************************************
 ------> GRID LOCATION:    88:  1:  1
 
  Temperature (C)    =     25.000
  Porosity           =      0.625
  Liquid Saturation  =      1.000
  Liquid Density     =    997.075
  Ionic Strength     =      0.016
  Solution pH        =      6.999
  Total Charge       =  9.944E-07
 
 Total Aqueous Concentrations of Primary Species 
 --------------------------------------- 
 
   Species              Molality       Type 
 H+                  -8.5807E-09     Aqueous      
 Ca++                 5.4806E-03     Aqueous      
 Na+                  6.6610E-07     Aqueous      
 Cl-                  1.0961E-02     Aqueous      
 
 Exchangers           Equiv/kgw        Equiv/g solid    Equiv/m^3 bulk
 X-                   1.4427E+00       9.2000E-04       8.9907E+02
 
 Total Concentrations in Exchange Sites 
 -------------------------------------- 
 
 Exchangers           Equiv/kgw        Equiv/g solid    Equiv/m^3 bulk
 Ca++                 7.2192E-01       4.6035E-04       4.4988E+02
 Na+                  5.8065E-06       3.7027E-09       3.6185E-03
 Cl-                  1.1189E-03       7.1352E-07       6.9729E-01
 
 Concentrations of Individual Species, Exchangers, and Surface Complexes 
 ----------------------------------------------------------------------- 
 
                           Log        Log                 Concentration     
 Species              Molality   Activity      Molality    Mol/m^3 blk  Type
  NaX                   -5.236     -5.395     5.807E-06     3.618E-03  Exchange
  CaX2                  -0.142      0.000     7.208E-01     4.492E+02  Exchange
  CaClX                 -2.951     -3.110     1.119E-03     6.973E-01  Exchange
                           Log        Log                                 Activity
 Species              Molality   Activity      Molality      Activity   Coefficient    Type
  H+                    -6.951     -6.999     1.119E-07     1.003E-07     8.966E-01  Aqueous 
  Ca++                  -2.262     -2.471     5.473E-03     3.384E-03     6.184E-01  Aqueous 
  Na+                   -6.176     -6.232     6.661E-07     5.856E-07     8.791E-01  Aqueous 
  Cl-                   -1.960     -2.019     1.095E-02     9.583E-03     8.749E-01  Aqueous 
  OH-                   -6.942     -6.999     1.142E-07     1.001E-07     8.770E-01  Aqueous 
  CaOH+                 -8.200     -8.252     6.313E-09     5.598E-09     8.868E-01  Aqueous 
  NaOH(aq)             -14.034    -14.032     9.244E-15     9.280E-15     1.004E+00  Aqueous 
  CaCl+                 -5.133     -5.189     7.354E-06     6.465E-06     8.791E-01  Aqueous 
  CaCl2(aq)             -7.163     -7.161     6.877E-08     6.903E-08     1.004E+00  Aqueous 
 
  ****** Partial pressure of gases (bars) *****
 
 
  ***** Saturation state of minerals (log[Q/K] *****
 
 
 
  ***** Volum of minerals added or subtracted *****
 
 
 **************************************************************
 ------> GRID LOCATION:    89:  1:  1
 
  Temperature (C)    =     25.000
  Porosity           =      0.625
  Liquid Saturation  =      1.000
  Liquid Density     =    997.075
  Ionic Strength     =      0.016
  Solution pH        =      6.999
  Total Charge       =  9.944E-07
 
 Total Aqueous Concentrations of Primary Species 
 --------------------------------------- 
 
   Species              Molality       Type 
 H+                  -8.5807E-09     Aqueous      
 Ca++                 5.4806E-03     Aqueous      
 Na+                  6.6613E-07     Aqueous      
 Cl-                  1.0961E-02     Aqueous      
 
 Exchangers           Equiv/kgw        Equiv/g solid    Equiv/m^3 bulk
 X-                   1.4427E+00       9.2000E-04       8.9907E+02
 
 Total Concentrations in Exchange Sites 
 -------------------------------------- 
 
 Exchangers           Equiv/kgw        Equiv/g solid    Equiv/m^3 bulk
 Ca++                 7.2192E-01       4.6035E-04       4.4988E+02
 Na+                  5.8067E-06       3.7028E-09       3.6186E-03
 Cl-                  1.1189E-03       7.1352E-07       6.9729E-01
 
 Concentrations of Individual Species, Exchangers, and Surface Complexes 
 ----------------------------------------------------------------------- 
 
                           Log        Log                 Concentration     
 Species              Molality   Activity      Molality    Mol/m^3 blk  Type
  NaX                   -5.236     -5.395     5.807E-06     3.619E-03  Exchange
  CaX2                  -0.142      0.000     7.208E-01     4.492E+02  Exchange
  CaClX                 -2.951     -3.110     1.119E-03     6.973E-01  Exchange
                           Log        Log                                 Activity
 Species              Molality   Activity      Molality      Activity   Coefficient    Type
  H+                    -6.951     -6.999     1.119E-07     1.003E-07     8.966E-01  Aqueous 
  Ca++                  -2.262     -2.471     5.473E-03     3.384E-03     6.184E-01  Aqueous 
  Na+                   -6.176     -6.232     6.661E-07     5.856E-07     8.791E-01  Aqueous 
  Cl-                   -1.960     -2.019     1.095E-02     9.583E-03     8.749E-01  Aqueous 
  OH-                   -6.942     -6.999     1.142E-07     1.001E-07     8.770E-01  Aqueous 
  CaOH+                 -8.200     -8.252     6.313E-09     5.598E-09     8.868E-01  Aqueous 
  NaOH(aq)             -14.034    -14.032     9.245E-15     9.280E-15     1.004E+00  Aqueous 
  CaCl+                 -5.133     -5.189     7.354E-06     6.465E-06     8.791E-01  Aqueous 
  CaCl2(aq)             -7.163     -7.161     6.877E-08     6.903E-08     1.004E+00  Aqueous 
 
  ****** Partial pressure of gases (bars) *****
 
 
  ***** Saturation state of minerals (log[Q/K] *****
 
 
 
  ***** Volum of minerals added or subtracted *****
 
 
 **************************************************************
 ------> GRID LOCATION:    90:  1:  1
 
  Temperature (C)    =     25.000
  Porosity           =      0.625
  Liquid Saturation  =      1.000
  Liquid Density     =    997.075
  Ionic Strength     =      0.016
  Solution pH        =      6.999
  Total Charge       =  9.944E-07
 
 Total Aqueous Concentrations of Primary Species 
 --------------------------------------- 
 
   Species              Molality       Type 
 H+                  -8.5807E-09     Aqueous      
 Ca++                 5.4806E-03     Aqueous      
 Na+                  6.6615E-07     Aqueous      
 Cl-                  1.0961E-02     Aqueous      
 
 Exchangers           Equiv/kgw        Equiv/g solid    Equiv/m^3 bulk
 X-                   1.4427E+00       9.2000E-04       8.9907E+02
 
 Total Concentrations in Exchange Sites 
 -------------------------------------- 
 
 Exchangers           Equiv/kgw        Equiv/g solid    Equiv/m^3 bulk
 Ca++                 7.2192E-01       4.6035E-04       4.4988E+02
 Na+                  5.8070E-06       3.7030E-09       3.6187E-03
 Cl-                  1.1189E-03       7.1352E-07       6.9729E-01
 
 Concentrations of Individual Species, Exchangers, and Surface Complexes 
 ----------------------------------------------------------------------- 
 
                           Log        Log                 Concentration     
 Species              Molality   Activity      Molality    Mol/m^3 blk  Type
  NaX                   -5.236     -5.395     5.807E-06     3.619E-03  Exchange
  CaX2                  -0.142      0.000     7.208E-01     4.492E+02  Exchange
  CaClX                 -2.951     -3.110     1.119E-03     6.973E-01  Exchange
                           Log        Log                                 Activity
 Species              Molality   Activity      Molality      Activity   Coefficient    Type
  H+                    -6.951     -6.999     1.119E-07     1.003E-07     8.966E-01  Aqueous 
  Ca++                  -2.262     -2.471     5.473E-03     3.384E-03     6.184E-01  Aqueous 
  Na+                   -6.176     -6.232     6.662E-07     5.856E-07     8.791E-01  Aqueous 
  Cl-                   -1.960     -2.019     1.095E-02     9.583E-03     8.749E-01  Aqueous 
  OH-                   -6.942     -6.999     1.142E-07     1.001E-07     8.770E-01  Aqueous 
  CaOH+                 -8.200     -8.252     6.313E-09     5.598E-09     8.868E-01  Aqueous 
  NaOH(aq)             -14.034    -14.032     9.245E-15     9.280E-15     1.004E+00  Aqueous 
  CaCl+                 -5.133     -5.189     7.354E-06     6.465E-06     8.791E-01  Aqueous 
  CaCl2(aq)             -7.163     -7.161     6.876E-08     6.903E-08     1.004E+00  Aqueous 
 
  ****** Partial pressure of gases (bars) *****
 
 
  ***** Saturation state of minerals (log[Q/K] *****
 
 
 
  ***** Volum of minerals added or subtracted *****
 
 
 **************************************************************
 ------> GRID LOCATION:    91:  1:  1
 
  Temperature (C)    =     25.000
  Porosity           =      0.625
  Liquid Saturation  =      1.000
  Liquid Density     =    997.075
  Ionic Strength     =      0.016
  Solution pH        =      6.999
  Total Charge       =  9.944E-07
 
 Total Aqueous Concentrations of Primary Species 
 --------------------------------------- 
 
   Species              Molality       Type 
 H+                  -8.5807E-09     Aqueous      
 Ca++                 5.4806E-03     Aqueous      
 Na+                  6.6618E-07     Aqueous      
 Cl-                  1.0961E-02     Aqueous      
 
 Exchangers           Equiv/kgw        Equiv/g solid    Equiv/m^3 bulk
 X-                   1.4427E+00       9.2000E-04       8.9907E+02
 
 Total Concentrations in Exchange Sites 
 -------------------------------------- 
 
 Exchangers           Equiv/kgw        Equiv/g solid    Equiv/m^3 bulk
 Ca++                 7.2192E-01       4.6035E-04       4.4988E+02
 Na+                  5.8072E-06       3.7031E-09       3.6189E-03
 Cl-                  1.1189E-03       7.1352E-07       6.9728E-01
 
 Concentrations of Individual Species, Exchangers, and Surface Complexes 
 ----------------------------------------------------------------------- 
 
                           Log        Log                 Concentration     
 Species              Molality   Activity      Molality    Mol/m^3 blk  Type
  NaX                   -5.236     -5.395     5.807E-06     3.619E-03  Exchange
  CaX2                  -0.142      0.000     7.208E-01     4.492E+02  Exchange
  CaClX                 -2.951     -3.110     1.119E-03     6.973E-01  Exchange
                           Log        Log                                 Activity
 Species              Molality   Activity      Molality      Activity   Coefficient    Type
  H+                    -6.951     -6.999     1.119E-07     1.003E-07     8.966E-01  Aqueous 
  Ca++                  -2.262     -2.471     5.473E-03     3.384E-03     6.184E-01  Aqueous 
  Na+                   -6.176     -6.232     6.662E-07     5.856E-07     8.791E-01  Aqueous 
  Cl-                   -1.960     -2.019     1.095E-02     9.583E-03     8.749E-01  Aqueous 
  OH-                   -6.942     -6.999     1.142E-07     1.001E-07     8.770E-01  Aqueous 
  CaOH+                 -8.200     -8.252     6.313E-09     5.598E-09     8.868E-01  Aqueous 
  NaOH(aq)             -14.034    -14.032     9.245E-15     9.281E-15     1.004E+00  Aqueous 
  CaCl+                 -5.133     -5.189     7.354E-06     6.465E-06     8.791E-01  Aqueous 
  CaCl2(aq)             -7.163     -7.161     6.876E-08     6.903E-08     1.004E+00  Aqueous 
 
  ****** Partial pressure of gases (bars) *****
 
 
  ***** Saturation state of minerals (log[Q/K] *****
 
 
 
  ***** Volum of minerals added or subtracted *****
 
 
 **************************************************************
 ------> GRID LOCATION:    92:  1:  1
 
  Temperature (C)    =     25.000
  Porosity           =      0.625
  Liquid Saturation  =      1.000
  Liquid Density     =    997.075
  Ionic Strength     =      0.016
  Solution pH        =      6.999
  Total Charge       =  9.944E-07
 
 Total Aqueous Concentrations of Primary Species 
 --------------------------------------- 
 
   Species              Molality       Type 
 H+                  -8.5807E-09     Aqueous      
 Ca++                 5.4805E-03     Aqueous      
 Na+                  6.6620E-07     Aqueous      
 Cl-                  1.0961E-02     Aqueous      
 
 Exchangers           Equiv/kgw        Equiv/g solid    Equiv/m^3 bulk
 X-                   1.4427E+00       9.2000E-04       8.9907E+02
 
 Total Concentrations in Exchange Sites 
 -------------------------------------- 
 
 Exchangers           Equiv/kgw        Equiv/g solid    Equiv/m^3 bulk
 Ca++                 7.2192E-01       4.6035E-04       4.4988E+02
 Na+                  5.8074E-06       3.7032E-09       3.6190E-03
 Cl-                  1.1189E-03       7.1351E-07       6.9728E-01
 
 Concentrations of Individual Species, Exchangers, and Surface Complexes 
 ----------------------------------------------------------------------- 
 
                           Log        Log                 Concentration     
 Species              Molality   Activity      Molality    Mol/m^3 blk  Type
  NaX                   -5.236     -5.395     5.807E-06     3.619E-03  Exchange
  CaX2                  -0.142      0.000     7.208E-01     4.492E+02  Exchange
  CaClX                 -2.951     -3.110     1.119E-03     6.973E-01  Exchange
                           Log        Log                                 Activity
 Species              Molality   Activity      Molality      Activity   Coefficient    Type
  H+                    -6.951     -6.999     1.119E-07     1.003E-07     8.966E-01  Aqueous 
  Ca++                  -2.262     -2.471     5.473E-03     3.384E-03     6.184E-01  Aqueous 
  Na+                   -6.176     -6.232     6.662E-07     5.857E-07     8.791E-01  Aqueous 
  Cl-                   -1.960     -2.019     1.095E-02     9.583E-03     8.749E-01  Aqueous 
  OH-                   -6.942     -6.999     1.142E-07     1.001E-07     8.770E-01  Aqueous 
  CaOH+                 -8.200     -8.252     6.313E-09     5.598E-09     8.868E-01  Aqueous 
  NaOH(aq)             -14.034    -14.032     9.246E-15     9.281E-15     1.004E+00  Aqueous 
  CaCl+                 -5.133     -5.189     7.354E-06     6.465E-06     8.791E-01  Aqueous 
  CaCl2(aq)             -7.163     -7.161     6.876E-08     6.903E-08     1.004E+00  Aqueous 
 
  ****** Partial pressure of gases (bars) *****
 
 
  ***** Saturation state of minerals (log[Q/K] *****
 
 
 
  ***** Volum of minerals added or subtracted *****
 
 
 **************************************************************
 ------> GRID LOCATION:    93:  1:  1
 
  Temperature (C)    =     25.000
  Porosity           =      0.625
  Liquid Saturation  =      1.000
  Liquid Density     =    997.075
  Ionic Strength     =      0.016
  Solution pH        =      6.999
  Total Charge       =  9.944E-07
 
 Total Aqueous Concentrations of Primary Species 
 --------------------------------------- 
 
   Species              Molality       Type 
 H+                  -8.5807E-09     Aqueous      
 Ca++                 5.4805E-03     Aqueous      
 Na+                  6.6622E-07     Aqueous      
 Cl-                  1.0961E-02     Aqueous      
 
 Exchangers           Equiv/kgw        Equiv/g solid    Equiv/m^3 bulk
 X-                   1.4427E+00       9.2000E-04       8.9907E+02
 
 Total Concentrations in Exchange Sites 
 -------------------------------------- 
 
 Exchangers           Equiv/kgw        Equiv/g solid    Equiv/m^3 bulk
 Ca++                 7.2192E-01       4.6035E-04       4.4988E+02
 Na+                  5.8076E-06       3.7034E-09       3.6191E-03
 Cl-                  1.1189E-03       7.1351E-07       6.9727E-01
 
 Concentrations of Individual Species, Exchangers, and Surface Complexes 
 ----------------------------------------------------------------------- 
 
                           Log        Log                 Concentration     
 Species              Molality   Activity      Molality    Mol/m^3 blk  Type
  NaX                   -5.236     -5.395     5.808E-06     3.619E-03  Exchange
  CaX2                  -0.142      0.000     7.208E-01     4.492E+02  Exchange
  CaClX                 -2.951     -3.110     1.119E-03     6.973E-01  Exchange
                           Log        Log                                 Activity
 Species              Molality   Activity      Molality      Activity   Coefficient    Type
  H+                    -6.951     -6.999     1.119E-07     1.003E-07     8.966E-01  Aqueous 
  Ca++                  -2.262     -2.471     5.473E-03     3.384E-03     6.184E-01  Aqueous 
  Na+                   -6.176     -6.232     6.662E-07     5.857E-07     8.791E-01  Aqueous 
  Cl-                   -1.960     -2.019     1.095E-02     9.583E-03     8.749E-01  Aqueous 
  OH-                   -6.942     -6.999     1.142E-07     1.001E-07     8.770E-01  Aqueous 
  CaOH+                 -8.200     -8.252     6.313E-09     5.598E-09     8.868E-01  Aqueous 
  NaOH(aq)             -14.034    -14.032     9.246E-15     9.281E-15     1.004E+00  Aqueous 
  CaCl+                 -5.133     -5.189     7.354E-06     6.465E-06     8.791E-01  Aqueous 
  CaCl2(aq)             -7.163     -7.161     6.876E-08     6.902E-08     1.004E+00  Aqueous 
 
  ****** Partial pressure of gases (bars) *****
 
 
  ***** Saturation state of minerals (log[Q/K] *****
 
 
 
  ***** Volum of minerals added or subtracted *****
 
 
 **************************************************************
 ------> GRID LOCATION:    94:  1:  1
 
  Temperature (C)    =     25.000
  Porosity           =      0.625
  Liquid Saturation  =      1.000
  Liquid Density     =    997.075
  Ionic Strength     =      0.016
  Solution pH        =      6.999
  Total Charge       =  9.944E-07
 
 Total Aqueous Concentrations of Primary Species 
 --------------------------------------- 
 
   Species              Molality       Type 
 H+                  -8.5807E-09     Aqueous      
 Ca++                 5.4805E-03     Aqueous      
 Na+                  6.6624E-07     Aqueous      
 Cl-                  1.0961E-02     Aqueous      
 
 Exchangers           Equiv/kgw        Equiv/g solid    Equiv/m^3 bulk
 X-                   1.4427E+00       9.2000E-04       8.9907E+02
 
 Total Concentrations in Exchange Sites 
 -------------------------------------- 
 
 Exchangers           Equiv/kgw        Equiv/g solid    Equiv/m^3 bulk
 Ca++                 7.2192E-01       4.6035E-04       4.4988E+02
 Na+                  5.8078E-06       3.7035E-09       3.6192E-03
 Cl-                  1.1189E-03       7.1350E-07       6.9727E-01
 
 Concentrations of Individual Species, Exchangers, and Surface Complexes 
 ----------------------------------------------------------------------- 
 
                           Log        Log                 Concentration     
 Species              Molality   Activity      Molality    Mol/m^3 blk  Type
  NaX                   -5.236     -5.395     5.808E-06     3.619E-03  Exchange
  CaX2                  -0.142      0.000     7.208E-01     4.492E+02  Exchange
  CaClX                 -2.951     -3.110     1.119E-03     6.973E-01  Exchange
                           Log        Log                                 Activity
 Species              Molality   Activity      Molality      Activity   Coefficient    Type
  H+                    -6.951     -6.999     1.119E-07     1.003E-07     8.966E-01  Aqueous 
  Ca++                  -2.262     -2.471     5.473E-03     3.384E-03     6.184E-01  Aqueous 
  Na+                   -6.176     -6.232     6.662E-07     5.857E-07     8.791E-01  Aqueous 
  Cl-                   -1.960     -2.019     1.095E-02     9.583E-03     8.749E-01  Aqueous 
  OH-                   -6.942     -6.999     1.142E-07     1.001E-07     8.770E-01  Aqueous 
  CaOH+                 -8.200     -8.252     6.313E-09     5.598E-09     8.868E-01  Aqueous 
  NaOH(aq)             -14.034    -14.032     9.246E-15     9.281E-15     1.004E+00  Aqueous 
  CaCl+                 -5.133     -5.189     7.354E-06     6.465E-06     8.791E-01  Aqueous 
  CaCl2(aq)             -7.163     -7.161     6.876E-08     6.902E-08     1.004E+00  Aqueous 
 
  ****** Partial pressure of gases (bars) *****
 
 
  ***** Saturation state of minerals (log[Q/K] *****
 
 
 
  ***** Volum of minerals added or subtracted *****
 
 
 **************************************************************
 ------> GRID LOCATION:    95:  1:  1
 
  Temperature (C)    =     25.000
  Porosity           =      0.625
  Liquid Saturation  =      1.000
  Liquid Density     =    997.075
  Ionic Strength     =      0.016
  Solution pH        =      6.999
  Total Charge       =  9.944E-07
 
 Total Aqueous Concentrations of Primary Species 
 --------------------------------------- 
 
   Species              Molality       Type 
 H+                  -8.5807E-09     Aqueous      
 Ca++                 5.4804E-03     Aqueous      
 Na+                  6.6626E-07     Aqueous      
 Cl-                  1.0960E-02     Aqueous      
 
 Exchangers           Equiv/kgw        Equiv/g solid    Equiv/m^3 bulk
 X-                   1.4427E+00       9.2000E-04       8.9907E+02
 
 Total Concentrations in Exchange Sites 
 -------------------------------------- 
 
 Exchangers           Equiv/kgw        Equiv/g solid    Equiv/m^3 bulk
 Ca++                 7.2192E-01       4.6035E-04       4.4988E+02
 Na+                  5.8080E-06       3.7036E-09       3.6194E-03
 Cl-                  1.1189E-03       7.1349E-07       6.9725E-01
 
 Concentrations of Individual Species, Exchangers, and Surface Complexes 
 ----------------------------------------------------------------------- 
 
                           Log        Log                 Concentration     
 Species              Molality   Activity      Molality    Mol/m^3 blk  Type
  NaX                   -5.236     -5.395     5.808E-06     3.619E-03  Exchange
  CaX2                  -0.142      0.000     7.208E-01     4.492E+02  Exchange
  CaClX                 -2.951     -3.110     1.119E-03     6.973E-01  Exchange
                           Log        Log                                 Activity
 Species              Molality   Activity      Molality      Activity   Coefficient    Type
  H+                    -6.951     -6.999     1.119E-07     1.003E-07     8.966E-01  Aqueous 
  Ca++                  -2.262     -2.471     5.473E-03     3.384E-03     6.184E-01  Aqueous 
  Na+                   -6.176     -6.232     6.663E-07     5.857E-07     8.791E-01  Aqueous 
  Cl-                   -1.960     -2.019     1.095E-02     9.583E-03     8.749E-01  Aqueous 
  OH-                   -6.942     -6.999     1.142E-07     1.001E-07     8.770E-01  Aqueous 
  CaOH+                 -8.200     -8.252     6.313E-09     5.598E-09     8.868E-01  Aqueous 
  NaOH(aq)             -14.034    -14.032     9.247E-15     9.282E-15     1.004E+00  Aqueous 
  CaCl+                 -5.133     -5.189     7.354E-06     6.465E-06     8.791E-01  Aqueous 
  CaCl2(aq)             -7.163     -7.161     6.876E-08     6.902E-08     1.004E+00  Aqueous 
 
  ****** Partial pressure of gases (bars) *****
 
 
  ***** Saturation state of minerals (log[Q/K] *****
 
 
 
  ***** Volum of minerals added or subtracted *****
 
 
 **************************************************************
 ------> GRID LOCATION:    96:  1:  1
 
  Temperature (C)    =     25.000
  Porosity           =      0.625
  Liquid Saturation  =      1.000
  Liquid Density     =    997.075
  Ionic Strength     =      0.016
  Solution pH        =      6.999
  Total Charge       =  9.944E-07
 
 Total Aqueous Concentrations of Primary Species 
 --------------------------------------- 
 
   Species              Molality       Type 
 H+                  -8.5807E-09     Aqueous      
 Ca++                 5.4803E-03     Aqueous      
 Na+                  6.6628E-07     Aqueous      
 Cl-                  1.0960E-02     Aqueous      
 
 Exchangers           Equiv/kgw        Equiv/g solid    Equiv/m^3 bulk
 X-                   1.4427E+00       9.2000E-04       8.9907E+02
 
 Total Concentrations in Exchange Sites 
 -------------------------------------- 
 
 Exchangers           Equiv/kgw        Equiv/g solid    Equiv/m^3 bulk
 Ca++                 7.2192E-01       4.6035E-04       4.4988E+02
 Na+                  5.8082E-06       3.7037E-09       3.6195E-03
 Cl-                  1.1189E-03       7.1347E-07       6.9724E-01
 
 Concentrations of Individual Species, Exchangers, and Surface Complexes 
 ----------------------------------------------------------------------- 
 
                           Log        Log                 Concentration     
 Species              Molality   Activity      Molality    Mol/m^3 blk  Type
  NaX                   -5.236     -5.395     5.808E-06     3.619E-03  Exchange
  CaX2                  -0.142      0.000     7.208E-01     4.492E+02  Exchange
  CaClX                 -2.951     -3.110     1.119E-03     6.972E-01  Exchange
                           Log        Log                                 Activity
 Species              Molality   Activity      Molality      Activity   Coefficient    Type
  H+                    -6.951     -6.999     1.119E-07     1.003E-07     8.966E-01  Aqueous 
  Ca++                  -2.262     -2.471     5.473E-03     3.384E-03     6.184E-01  Aqueous 
  Na+                   -6.176     -6.232     6.663E-07     5.857E-07     8.791E-01  Aqueous 
  Cl-                   -1.960     -2.019     1.095E-02     9.582E-03     8.749E-01  Aqueous 
  OH-                   -6.942     -6.999     1.142E-07     1.001E-07     8.770E-01  Aqueous 
  CaOH+                 -8.200     -8.252     6.313E-09     5.598E-09     8.868E-01  Aqueous 
  NaOH(aq)             -14.034    -14.032     9.247E-15     9.282E-15     1.004E+00  Aqueous 
  CaCl+                 -5.134     -5.189     7.353E-06     6.465E-06     8.791E-01  Aqueous 
  CaCl2(aq)             -7.163     -7.161     6.876E-08     6.902E-08     1.004E+00  Aqueous 
 
  ****** Partial pressure of gases (bars) *****
 
 
  ***** Saturation state of minerals (log[Q/K] *****
 
 
 
  ***** Volum of minerals added or subtracted *****
 
 
 **************************************************************
 ------> GRID LOCATION:    97:  1:  1
 
  Temperature (C)    =     25.000
  Porosity           =      0.625
  Liquid Saturation  =      1.000
  Liquid Density     =    997.075
  Ionic Strength     =      0.016
  Solution pH        =      6.999
  Total Charge       =  9.944E-07
 
 Total Aqueous Concentrations of Primary Species 
 --------------------------------------- 
 
   Species              Molality       Type 
 H+                  -8.5807E-09     Aqueous      
 Ca++                 5.4801E-03     Aqueous      
 Na+                  6.6629E-07     Aqueous      
 Cl-                  1.0960E-02     Aqueous      
 
 Exchangers           Equiv/kgw        Equiv/g solid    Equiv/m^3 bulk
 X-                   1.4427E+00       9.2000E-04       8.9907E+02
 
 Total Concentrations in Exchange Sites 
 -------------------------------------- 
 
 Exchangers           Equiv/kgw        Equiv/g solid    Equiv/m^3 bulk
 Ca++                 7.2192E-01       4.6035E-04       4.4988E+02
 Na+                  5.8083E-06       3.7039E-09       3.6196E-03
 Cl-                  1.1188E-03       7.1344E-07       6.9721E-01
 
 Concentrations of Individual Species, Exchangers, and Surface Complexes 
 ----------------------------------------------------------------------- 
 
                           Log        Log                 Concentration     
 Species              Molality   Activity      Molality    Mol/m^3 blk  Type
  NaX                   -5.236     -5.395     5.808E-06     3.620E-03  Exchange
  CaX2                  -0.142      0.000     7.208E-01     4.492E+02  Exchange
  CaClX                 -2.951     -3.110     1.119E-03     6.972E-01  Exchange
                           Log        Log                                 Activity
 Species              Molality   Activity      Molality      Activity   Coefficient    Type
  H+                    -6.951     -6.999     1.119E-07     1.003E-07     8.966E-01  Aqueous 
  Ca++                  -2.262     -2.471     5.473E-03     3.384E-03     6.184E-01  Aqueous 
  Na+                   -6.176     -6.232     6.663E-07     5.857E-07     8.791E-01  Aqueous 
  Cl-                   -1.960     -2.019     1.095E-02     9.582E-03     8.749E-01  Aqueous 
  OH-                   -6.942     -6.999     1.142E-07     1.001E-07     8.770E-01  Aqueous 
  CaOH+                 -8.200     -8.252     6.313E-09     5.598E-09     8.868E-01  Aqueous 
  NaOH(aq)             -14.034    -14.032     9.247E-15     9.282E-15     1.004E+00  Aqueous 
  CaCl+                 -5.134     -5.189     7.353E-06     6.464E-06     8.791E-01  Aqueous 
  CaCl2(aq)             -7.163     -7.161     6.875E-08     6.901E-08     1.004E+00  Aqueous 
 
  ****** Partial pressure of gases (bars) *****
 
 
  ***** Saturation state of minerals (log[Q/K] *****
 
 
 
  ***** Volum of minerals added or subtracted *****
 
 
 **************************************************************
 ------> GRID LOCATION:    98:  1:  1
 
  Temperature (C)    =     25.000
  Porosity           =      0.625
  Liquid Saturation  =      1.000
  Liquid Density     =    997.075
  Ionic Strength     =      0.016
  Solution pH        =      6.999
  Total Charge       =  9.944E-07
 
 Total Aqueous Concentrations of Primary Species 
 --------------------------------------- 
 
   Species              Molality       Type 
 H+                  -8.5807E-09     Aqueous      
 Ca++                 5.4799E-03     Aqueous      
 Na+                  6.6630E-07     Aqueous      
 Cl-                  1.0960E-02     Aqueous      
 
 Exchangers           Equiv/kgw        Equiv/g solid    Equiv/m^3 bulk
 X-                   1.4427E+00       9.2000E-04       8.9907E+02
 
 Total Concentrations in Exchange Sites 
 -------------------------------------- 
 
 Exchangers           Equiv/kgw        Equiv/g solid    Equiv/m^3 bulk
 Ca++                 7.2192E-01       4.6035E-04       4.4988E+02
 Na+                  5.8085E-06       3.7040E-09       3.6197E-03
 Cl-                  1.1188E-03       7.1341E-07       6.9718E-01
 
 Concentrations of Individual Species, Exchangers, and Surface Complexes 
 ----------------------------------------------------------------------- 
 
                           Log        Log                 Concentration     
 Species              Molality   Activity      Molality    Mol/m^3 blk  Type
  NaX                   -5.236     -5.395     5.809E-06     3.620E-03  Exchange
  CaX2                  -0.142      0.000     7.208E-01     4.492E+02  Exchange
  CaClX                 -2.951     -3.110     1.119E-03     6.972E-01  Exchange
                           Log        Log                                 Activity
 Species              Molality   Activity      Molality      Activity   Coefficient    Type
  H+                    -6.951     -6.999     1.119E-07     1.003E-07     8.966E-01  Aqueous 
  Ca++                  -2.262     -2.471     5.472E-03     3.384E-03     6.184E-01  Aqueous 
  Na+                   -6.176     -6.232     6.663E-07     5.858E-07     8.791E-01  Aqueous 
  Cl-                   -1.961     -2.019     1.095E-02     9.582E-03     8.749E-01  Aqueous 
  OH-                   -6.942     -6.999     1.142E-07     1.001E-07     8.770E-01  Aqueous 
  CaOH+                 -8.200     -8.252     6.312E-09     5.598E-09     8.868E-01  Aqueous 
  NaOH(aq)             -14.034    -14.032     9.247E-15     9.282E-15     1.004E+00  Aqueous 
  CaCl+                 -5.134     -5.190     7.353E-06     6.464E-06     8.791E-01  Aqueous 
  CaCl2(aq)             -7.163     -7.161     6.874E-08     6.900E-08     1.004E+00  Aqueous 
 
  ****** Partial pressure of gases (bars) *****
 
 
  ***** Saturation state of minerals (log[Q/K] *****
 
 
 
  ***** Volum of minerals added or subtracted *****
 
 
 **************************************************************
 ------> GRID LOCATION:    99:  1:  1
 
  Temperature (C)    =     25.000
  Porosity           =      0.625
  Liquid Saturation  =      1.000
  Liquid Density     =    997.075
  Ionic Strength     =      0.016
  Solution pH        =      6.999
  Total Charge       =  9.944E-07
 
 Total Aqueous Concentrations of Primary Species 
 --------------------------------------- 
 
   Species              Molality       Type 
 H+                  -8.5807E-09     Aqueous      
 Ca++                 5.4796E-03     Aqueous      
 Na+                  6.6630E-07     Aqueous      
 Cl-                  1.0959E-02     Aqueous      
 
 Exchangers           Equiv/kgw        Equiv/g solid    Equiv/m^3 bulk
 X-                   1.4427E+00       9.2000E-04       8.9907E+02
 
 Total Concentrations in Exchange Sites 
 -------------------------------------- 
 
 Exchangers           Equiv/kgw        Equiv/g solid    Equiv/m^3 bulk
 Ca++                 7.2192E-01       4.6035E-04       4.4988E+02
 Na+                  5.8087E-06       3.7041E-09       3.6198E-03
 Cl-                  1.1187E-03       7.1336E-07       6.9713E-01
 
 Concentrations of Individual Species, Exchangers, and Surface Complexes 
 ----------------------------------------------------------------------- 
 
                           Log        Log                 Concentration     
 Species              Molality   Activity      Molality    Mol/m^3 blk  Type
  NaX                   -5.236     -5.395     5.809E-06     3.620E-03  Exchange
  CaX2                  -0.142      0.000     7.208E-01     4.492E+02  Exchange
  CaClX                 -2.951     -3.110     1.119E-03     6.971E-01  Exchange
                           Log        Log                                 Activity
 Species              Molality   Activity      Molality      Activity   Coefficient    Type
  H+                    -6.951     -6.999     1.119E-07     1.003E-07     8.966E-01  Aqueous 
  Ca++                  -2.262     -2.471     5.472E-03     3.384E-03     6.184E-01  Aqueous 
  Na+                   -6.176     -6.232     6.663E-07     5.858E-07     8.791E-01  Aqueous 
  Cl-                   -1.961     -2.019     1.095E-02     9.581E-03     8.749E-01  Aqueous 
  OH-                   -6.942     -6.999     1.142E-07     1.001E-07     8.770E-01  Aqueous 
  CaOH+                 -8.200     -8.252     6.312E-09     5.597E-09     8.868E-01  Aqueous 
  NaOH(aq)             -14.034    -14.032     9.247E-15     9.282E-15     1.004E+00  Aqueous 
  CaCl+                 -5.134     -5.190     7.352E-06     6.463E-06     8.791E-01  Aqueous 
  CaCl2(aq)             -7.163     -7.161     6.873E-08     6.899E-08     1.004E+00  Aqueous 
 
  ****** Partial pressure of gases (bars) *****
 
 
  ***** Saturation state of minerals (log[Q/K] *****
 
 
 
  ***** Volum of minerals added or subtracted *****
 
 
 **************************************************************
 ------> GRID LOCATION:   100:  1:  1
 
  Temperature (C)    =     25.000
  Porosity           =      0.625
  Liquid Saturation  =      1.000
  Liquid Density     =    997.075
  Ionic Strength     =      0.016
  Solution pH        =      6.999
  Total Charge       =  9.944E-07
 
 Total Aqueous Concentrations of Primary Species 
 --------------------------------------- 
 
   Species              Molality       Type 
 H+                  -8.5807E-09     Aqueous      
 Ca++                 5.4792E-03     Aqueous      
 Na+                  6.6630E-07     Aqueous      
 Cl-                  1.0958E-02     Aqueous      
 
 Exchangers           Equiv/kgw        Equiv/g solid    Equiv/m^3 bulk
 X-                   1.4427E+00       9.2000E-04       8.9907E+02
 
 Total Concentrations in Exchange Sites 
 -------------------------------------- 
 
 Exchangers           Equiv/kgw        Equiv/g solid    Equiv/m^3 bulk
 Ca++                 7.2192E-01       4.6035E-04       4.4988E+02
 Na+                  5.8089E-06       3.7042E-09       3.6199E-03
 Cl-                  1.1186E-03       7.1329E-07       6.9706E-01
 
 Concentrations of Individual Species, Exchangers, and Surface Complexes 
 ----------------------------------------------------------------------- 
 
                           Log        Log                 Concentration     
 Species              Molality   Activity      Molality    Mol/m^3 blk  Type
  NaX                   -5.236     -5.395     5.809E-06     3.620E-03  Exchange
  CaX2                  -0.142      0.000     7.208E-01     4.492E+02  Exchange
  CaClX                 -2.951     -3.111     1.119E-03     6.971E-01  Exchange
                           Log        Log                                 Activity
 Species              Molality   Activity      Molality      Activity   Coefficient    Type
  H+                    -6.951     -6.999     1.119E-07     1.003E-07     8.966E-01  Aqueous 
  Ca++                  -2.262     -2.471     5.472E-03     3.384E-03     6.184E-01  Aqueous 
  Na+                   -6.176     -6.232     6.663E-07     5.858E-07     8.791E-01  Aqueous 
  Cl-                   -1.961     -2.019     1.095E-02     9.581E-03     8.749E-01  Aqueous 
  OH-                   -6.942     -6.999     1.142E-07     1.001E-07     8.771E-01  Aqueous 
  CaOH+                 -8.200     -8.252     6.312E-09     5.597E-09     8.868E-01  Aqueous 
  NaOH(aq)             -14.034    -14.032     9.247E-15     9.282E-15     1.004E+00  Aqueous 
  CaCl+                 -5.134     -5.190     7.351E-06     6.462E-06     8.791E-01  Aqueous 
  CaCl2(aq)             -7.163     -7.161     6.872E-08     6.898E-08     1.004E+00  Aqueous 
 
  ****** Partial pressure of gases (bars) *****
 
 
  ***** Saturation state of minerals (log[Q/K] *****
 
 
 
  ***** Volum of minerals added or subtracted *****
 
 
 **************************************************************
 ------> GRID LOCATION:   101:  1:  1
 
  Temperature (C)    =     25.000
  Porosity           =      0.625
  Liquid Saturation  =      1.000
  Liquid Density     =    997.075
  Ionic Strength     =      0.016
  Solution pH        =      6.999
  Total Charge       =  9.944E-07
 
 Total Aqueous Concentrations of Primary Species 
 --------------------------------------- 
 
   Species              Molality       Type 
 H+                  -8.5807E-09     Aqueous      
 Ca++                 5.4790E-03     Aqueous      
 Na+                  6.6630E-07     Aqueous      
 Cl-                  1.0958E-02     Aqueous      
 
 Exchangers           Equiv/kgw        Equiv/g solid    Equiv/m^3 bulk
 X-                   1.4427E+00       9.2000E-04       8.9907E+02
 
 Total Concentrations in Exchange Sites 
 -------------------------------------- 
 
 Exchangers           Equiv/kgw        Equiv/g solid    Equiv/m^3 bulk
 Ca++                 7.2192E-01       4.6035E-04       4.4988E+02
 Na+                  5.8090E-06       3.7043E-09       3.6200E-03
 Cl-                  1.1185E-03       7.1325E-07       6.9702E-01
 
 Concentrations of Individual Species, Exchangers, and Surface Complexes 
 ----------------------------------------------------------------------- 
 
                           Log        Log                 Concentration     
 Species              Molality   Activity      Molality    Mol/m^3 blk  Type
  NaX                   -5.236     -5.395     5.809E-06     3.620E-03  Exchange
  CaX2                  -0.142      0.000     7.208E-01     4.492E+02  Exchange
  CaClX                 -2.951     -3.111     1.119E-03     6.970E-01  Exchange
                           Log        Log                                 Activity
 Species              Molality   Activity      Molality      Activity   Coefficient    Type
  H+                    -6.951     -6.999     1.119E-07     1.003E-07     8.966E-01  Aqueous 
  Ca++                  -2.262     -2.471     5.472E-03     3.384E-03     6.184E-01  Aqueous 
  Na+                   -6.176     -6.232     6.663E-07     5.858E-07     8.791E-01  Aqueous 
  Cl-                   -1.961     -2.019     1.095E-02     9.580E-03     8.749E-01  Aqueous 
  OH-                   -6.942     -6.999     1.142E-07     1.001E-07     8.771E-01  Aqueous 
  CaOH+                 -8.200     -8.252     6.312E-09     5.597E-09     8.868E-01  Aqueous 
  NaOH(aq)             -14.034    -14.032     9.247E-15     9.282E-15     1.004E+00  Aqueous 
  CaCl+                 -5.134     -5.190     7.350E-06     6.462E-06     8.791E-01  Aqueous 
  CaCl2(aq)             -7.163     -7.161     6.871E-08     6.897E-08     1.004E+00  Aqueous 
 
  ****** Partial pressure of gases (bars) *****
 
 
  ***** Saturation state of minerals (log[Q/K] *****
 
 
 
  ***** Volum of minerals added or subtracted *****
 
 
