# Time          1.0000E+01
 
 **************************************************************
 ------> GRID LOCATION:     1:  1:  1
 
  Temperature (C)    =     25.000
  Porosity           =      0.625
  Liquid Saturation  =      1.000
  Liquid Density     =    997.075
  Ionic Strength     =      0.016
  Solution pH        =      6.999
  Total Charge       =  9.944E-07
 
 Total Aqueous Concentrations of Primary Species 
 --------------------------------------- 
 
   Species              Molality       Type 
 H+                  -8.5807E-09     Aqueous      
 Ca++                 5.4099E-03     Aqueous      
 Na+                  1.4118E-04     Aqueous      
 Cl-                  1.0960E-02     Aqueous      
 
 Exchangers           Equiv/kgw        Equiv/g solid    Equiv/m^3 bulk
 X-                   1.4427E+00       9.2000E-04       8.9907E+02
 
 Total Concentrations in Exchange Sites 
 -------------------------------------- 
 
 Exchangers           Equiv/kgw        Equiv/g solid    Equiv/m^3 bulk
 Ca++                 7.2130E-01       4.5996E-04       4.4950E+02
 Na+                  1.2379E-03       7.8940E-07       7.7144E-01
 Cl-                  1.1119E-03       7.0904E-07       6.9291E-01
 
 Concentrations of Individual Species, Exchangers, and Surface Complexes 
 ----------------------------------------------------------------------- 
 
                           Log        Log                 Concentration     
 Species              Molality   Activity      Molality    Mol/m^3 blk  Type
  NaX                   -2.907     -3.066     1.238E-03     7.714E-01  Exchange
  CaX2                  -0.143     -0.001     7.202E-01     4.488E+02  Exchange
  CaClX                 -2.954     -3.113     1.112E-03     6.929E-01  Exchange
                           Log        Log                                 Activity
 Species              Molality   Activity      Molality      Activity   Coefficient    Type
  H+                    -6.951     -6.999     1.118E-07     1.003E-07     8.967E-01  Aqueous 
  Ca++                  -2.267     -2.476     5.403E-03     3.344E-03     6.189E-01  Aqueous 
  Na+                   -3.850     -3.906     1.412E-04     1.241E-04     8.793E-01  Aqueous 
  Cl-                   -1.960     -2.018     1.095E-02     9.585E-03     8.751E-01  Aqueous 
  OH-                   -6.942     -6.999     1.142E-07     1.002E-07     8.773E-01  Aqueous 
  CaOH+                 -8.205     -8.257     6.238E-09     5.533E-09     8.870E-01  Aqueous 
  NaOH(aq)             -11.708    -11.706     1.961E-12     1.968E-12     1.004E+00  Aqueous 
  CaCl+                 -5.139     -5.195     7.265E-06     6.388E-06     8.793E-01  Aqueous 
  CaCl2(aq)             -7.168     -7.166     6.796E-08     6.822E-08     1.004E+00  Aqueous 
 
  ****** Partial pressure of gases (bars) *****
 
 
  ***** Saturation state of minerals (log[Q/K] *****
 
 
 
  ***** Volum of minerals added or subtracted *****
 
 
 **************************************************************
 ------> GRID LOCATION:     2:  1:  1
 
  Temperature (C)    =     25.000
  Porosity           =      0.625
  Liquid Saturation  =      1.000
  Liquid Density     =    997.075
  Ionic Strength     =      0.016
  Solution pH        =      6.999
  Total Charge       =  9.944E-07
 
 Total Aqueous Concentrations of Primary Species 
 --------------------------------------- 
 
   Species              Molality       Type 
 H+                  -8.5807E-09     Aqueous      
 Ca++                 5.4154E-03     Aqueous      
 Na+                  1.3031E-04     Aqueous      
 Cl-                  1.0960E-02     Aqueous      
 
 Exchangers           Equiv/kgw        Equiv/g solid    Equiv/m^3 bulk
 X-                   1.4427E+00       9.2000E-04       8.9907E+02
 
 Total Concentrations in Exchange Sites 
 -------------------------------------- 
 
 Exchangers           Equiv/kgw        Equiv/g solid    Equiv/m^3 bulk
 Ca++                 7.2135E-01       4.5999E-04       4.4953E+02
 Na+                  1.1421E-03       7.2828E-07       7.1171E-01
 Cl-                  1.1125E-03       7.0939E-07       6.9325E-01
 
 Concentrations of Individual Species, Exchangers, and Surface Complexes 
 ----------------------------------------------------------------------- 
 
                           Log        Log                 Concentration     
 Species              Molality   Activity      Molality    Mol/m^3 blk  Type
  NaX                   -2.942     -3.101     1.142E-03     7.117E-01  Exchange
  CaX2                  -0.143     -0.001     7.202E-01     4.488E+02  Exchange
  CaClX                 -2.954     -3.113     1.112E-03     6.932E-01  Exchange
                           Log        Log                                 Activity
 Species              Molality   Activity      Molality      Activity   Coefficient    Type
  H+                    -6.951     -6.999     1.118E-07     1.003E-07     8.967E-01  Aqueous 
  Ca++                  -2.267     -2.475     5.408E-03     3.347E-03     6.188E-01  Aqueous 
  Na+                   -3.885     -3.941     1.303E-04     1.146E-04     8.793E-01  Aqueous 
  Cl-                   -1.960     -2.018     1.095E-02     9.585E-03     8.751E-01  Aqueous 
  OH-                   -6.942     -6.999     1.142E-07     1.002E-07     8.772E-01  Aqueous 
  CaOH+                 -8.205     -8.257     6.244E-09     5.538E-09     8.869E-01  Aqueous 
  NaOH(aq)             -11.742    -11.741     1.809E-12     1.816E-12     1.004E+00  Aqueous 
  CaCl+                 -5.138     -5.194     7.272E-06     6.394E-06     8.793E-01  Aqueous 
  CaCl2(aq)             -7.167     -7.166     6.803E-08     6.828E-08     1.004E+00  Aqueous 
 
  ****** Partial pressure of gases (bars) *****
 
 
  ***** Saturation state of minerals (log[Q/K] *****
 
 
 
  ***** Volum of minerals added or subtracted *****
 
 
 **************************************************************
 ------> GRID LOCATION:     3:  1:  1
 
  Temperature (C)    =     25.000
  Porosity           =      0.625
  Liquid Saturation  =      1.000
  Liquid Density     =    997.075
  Ionic Strength     =      0.016
  Solution pH        =      6.999
  Total Charge       =  9.944E-07
 
 Total Aqueous Concentrations of Primary Species 
 --------------------------------------- 
 
   Species              Molality       Type 
 H+                  -8.5807E-09     Aqueous      
 Ca++                 5.4282E-03     Aqueous      
 Na+                  1.0497E-04     Aqueous      
 Cl-                  1.0960E-02     Aqueous      
 
 Exchangers           Equiv/kgw        Equiv/g solid    Equiv/m^3 bulk
 X-                   1.4427E+00       9.2000E-04       8.9907E+02
 
 Total Concentrations in Exchange Sites 
 -------------------------------------- 
 
 Exchangers           Equiv/kgw        Equiv/g solid    Equiv/m^3 bulk
 Ca++                 7.2146E-01       4.6006E-04       4.4960E+02
 Na+                  9.1901E-04       5.8603E-07       5.7270E-01
 Cl-                  1.1137E-03       7.1020E-07       6.9404E-01
 
 Concentrations of Individual Species, Exchangers, and Surface Complexes 
 ----------------------------------------------------------------------- 
 
                           Log        Log                 Concentration     
 Species              Molality   Activity      Molality    Mol/m^3 blk  Type
  NaX                   -3.037     -3.196     9.190E-04     5.727E-01  Exchange
  CaX2                  -0.142     -0.001     7.203E-01     4.489E+02  Exchange
  CaClX                 -2.953     -3.112     1.114E-03     6.940E-01  Exchange
                           Log        Log                                 Activity
 Species              Molality   Activity      Molality      Activity   Coefficient    Type
  H+                    -6.951     -6.999     1.119E-07     1.003E-07     8.967E-01  Aqueous 
  Ca++                  -2.266     -2.474     5.421E-03     3.354E-03     6.187E-01  Aqueous 
  Na+                   -3.979     -4.035     1.050E-04     9.229E-05     8.793E-01  Aqueous 
  Cl-                   -1.960     -2.018     1.095E-02     9.584E-03     8.751E-01  Aqueous 
  OH-                   -6.942     -6.999     1.142E-07     1.002E-07     8.772E-01  Aqueous 
  CaOH+                 -8.204     -8.256     6.257E-09     5.550E-09     8.869E-01  Aqueous 
  NaOH(aq)             -11.836    -11.835     1.457E-12     1.463E-12     1.004E+00  Aqueous 
  CaCl+                 -5.137     -5.193     7.288E-06     6.408E-06     8.793E-01  Aqueous 
  CaCl2(aq)             -7.166     -7.165     6.817E-08     6.843E-08     1.004E+00  Aqueous 
 
  ****** Partial pressure of gases (bars) *****
 
 
  ***** Saturation state of minerals (log[Q/K] *****
 
 
 
  ***** Volum of minerals added or subtracted *****
 
 
 **************************************************************
 ------> GRID LOCATION:     4:  1:  1
 
  Temperature (C)    =     25.000
  Porosity           =      0.625
  Liquid Saturation  =      1.000
  Liquid Density     =    997.075
  Ionic Strength     =      0.016
  Solution pH        =      6.999
  Total Charge       =  9.944E-07
 
 Total Aqueous Concentrations of Primary Species 
 --------------------------------------- 
 
   Species              Molality       Type 
 H+                  -8.5807E-09     Aqueous      
 Ca++                 5.4446E-03     Aqueous      
 Na+                  7.2299E-05     Aqueous      
 Cl-                  1.0960E-02     Aqueous      
 
 Exchangers           Equiv/kgw        Equiv/g solid    Equiv/m^3 bulk
 X-                   1.4427E+00       9.2000E-04       8.9907E+02
 
 Total Concentrations in Exchange Sites 
 -------------------------------------- 
 
 Exchangers           Equiv/kgw        Equiv/g solid    Equiv/m^3 bulk
 Ca++                 7.2161E-01       4.6015E-04       4.4969E+02
 Na+                  6.3213E-04       4.0310E-07       3.9392E-01
 Cl-                  1.1154E-03       7.1124E-07       6.9506E-01
 
 Concentrations of Individual Species, Exchangers, and Surface Complexes 
 ----------------------------------------------------------------------- 
 
                           Log        Log                 Concentration     
 Species              Molality   Activity      Molality    Mol/m^3 blk  Type
  NaX                   -3.199     -3.358     6.321E-04     3.939E-01  Exchange
  CaX2                  -0.142     -0.001     7.205E-01     4.490E+02  Exchange
  CaClX                 -2.953     -3.112     1.115E-03     6.951E-01  Exchange
                           Log        Log                                 Activity
 Species              Molality   Activity      Molality      Activity   Coefficient    Type
  H+                    -6.951     -6.999     1.119E-07     1.003E-07     8.967E-01  Aqueous 
  Ca++                  -2.265     -2.473     5.437E-03     3.364E-03     6.186E-01  Aqueous 
  Na+                   -4.141     -4.197     7.230E-05     6.357E-05     8.792E-01  Aqueous 
  Cl-                   -1.960     -2.018     1.095E-02     9.584E-03     8.750E-01  Aqueous 
  OH-                   -6.942     -6.999     1.142E-07     1.001E-07     8.771E-01  Aqueous 
  CaOH+                 -8.202     -8.255     6.275E-09     5.565E-09     8.869E-01  Aqueous 
  NaOH(aq)             -11.998    -11.997     1.004E-12     1.008E-12     1.004E+00  Aqueous 
  CaCl+                 -5.136     -5.192     7.309E-06     6.426E-06     8.792E-01  Aqueous 
  CaCl2(aq)             -7.165     -7.164     6.836E-08     6.862E-08     1.004E+00  Aqueous 
 
  ****** Partial pressure of gases (bars) *****
 
 
  ***** Saturation state of minerals (log[Q/K] *****
 
 
 
  ***** Volum of minerals added or subtracted *****
 
 
 **************************************************************
 ------> GRID LOCATION:     5:  1:  1
 
  Temperature (C)    =     25.000
  Porosity           =      0.625
  Liquid Saturation  =      1.000
  Liquid Density     =    997.075
  Ionic Strength     =      0.016
  Solution pH        =      6.999
  Total Charge       =  9.944E-07
 
 Total Aqueous Concentrations of Primary Species 
 --------------------------------------- 
 
   Species              Molality       Type 
 H+                  -8.5807E-09     Aqueous      
 Ca++                 5.4594E-03     Aqueous      
 Na+                  4.2754E-05     Aqueous      
 Cl-                  1.0961E-02     Aqueous      
 
 Exchangers           Equiv/kgw        Equiv/g solid    Equiv/m^3 bulk
 X-                   1.4427E+00       9.2000E-04       8.9907E+02
 
 Total Concentrations in Exchange Sites 
 -------------------------------------- 
 
 Exchangers           Equiv/kgw        Equiv/g solid    Equiv/m^3 bulk
 Ca++                 7.2174E-01       4.6024E-04       4.4977E+02
 Na+                  3.7335E-04       2.3808E-07       2.3266E-01
 Cl-                  1.1168E-03       7.1218E-07       6.9598E-01
 
 Concentrations of Individual Species, Exchangers, and Surface Complexes 
 ----------------------------------------------------------------------- 
 
                           Log        Log                 Concentration     
 Species              Molality   Activity      Molality    Mol/m^3 blk  Type
  NaX                   -3.428     -3.587     3.733E-04     2.327E-01  Exchange
  CaX2                  -0.142      0.000     7.206E-01     4.491E+02  Exchange
  CaClX                 -2.952     -3.111     1.117E-03     6.960E-01  Exchange
                           Log        Log                                 Activity
 Species              Molality   Activity      Molality      Activity   Coefficient    Type
  H+                    -6.951     -6.999     1.119E-07     1.003E-07     8.966E-01  Aqueous 
  Ca++                  -2.263     -2.472     5.452E-03     3.372E-03     6.185E-01  Aqueous 
  Na+                   -4.369     -4.425     4.275E-05     3.759E-05     8.792E-01  Aqueous 
  Cl-                   -1.960     -2.018     1.095E-02     9.584E-03     8.750E-01  Aqueous 
  OH-                   -6.942     -6.999     1.142E-07     1.001E-07     8.771E-01  Aqueous 
  CaOH+                 -8.201     -8.253     6.291E-09     5.579E-09     8.868E-01  Aqueous 
  NaOH(aq)             -12.227    -12.225     5.935E-13     5.957E-13     1.004E+00  Aqueous 
  CaCl+                 -5.135     -5.191     7.328E-06     6.442E-06     8.792E-01  Aqueous 
  CaCl2(aq)             -7.164     -7.163     6.853E-08     6.879E-08     1.004E+00  Aqueous 
 
  ****** Partial pressure of gases (bars) *****
 
 
  ***** Saturation state of minerals (log[Q/K] *****
 
 
 
  ***** Volum of minerals added or subtracted *****
 
 
 **************************************************************
 ------> GRID LOCATION:     6:  1:  1
 
  Temperature (C)    =     25.000
  Porosity           =      0.625
  Liquid Saturation  =      1.000
  Liquid Density     =    997.075
  Ionic Strength     =      0.016
  Solution pH        =      6.999
  Total Charge       =  9.944E-07
 
 Total Aqueous Concentrations of Primary Species 
 --------------------------------------- 
 
   Species              Molality       Type 
 H+                  -8.5807E-09     Aqueous      
 Ca++                 5.4698E-03     Aqueous      
 Na+                  2.2050E-05     Aqueous      
 Cl-                  1.0961E-02     Aqueous      
 
 Exchangers           Equiv/kgw        Equiv/g solid    Equiv/m^3 bulk
 X-                   1.4427E+00       9.2000E-04       8.9907E+02
 
 Total Concentrations in Exchange Sites 
 -------------------------------------- 
 
 Exchangers           Equiv/kgw        Equiv/g solid    Equiv/m^3 bulk
 Ca++                 7.2183E-01       4.6030E-04       4.4982E+02
 Na+                  1.9238E-04       1.2268E-07       1.1989E-01
 Cl-                  1.1179E-03       7.1284E-07       6.9663E-01
 
 Concentrations of Individual Species, Exchangers, and Surface Complexes 
 ----------------------------------------------------------------------- 
 
                           Log        Log                 Concentration     
 Species              Molality   Activity      Molality    Mol/m^3 blk  Type
  NaX                   -3.716     -3.875     1.924E-04     1.199E-01  Exchange
  CaX2                  -0.142      0.000     7.207E-01     4.491E+02  Exchange
  CaClX                 -2.952     -3.111     1.118E-03     6.966E-01  Exchange
                           Log        Log                                 Activity
 Species              Molality   Activity      Molality      Activity   Coefficient    Type
  H+                    -6.951     -6.999     1.119E-07     1.003E-07     8.966E-01  Aqueous 
  Ca++                  -2.263     -2.471     5.462E-03     3.378E-03     6.184E-01  Aqueous 
  Na+                   -4.657     -4.713     2.205E-05     1.939E-05     8.791E-01  Aqueous 
  Cl-                   -1.960     -2.018     1.095E-02     9.583E-03     8.749E-01  Aqueous 
  OH-                   -6.942     -6.999     1.142E-07     1.001E-07     8.771E-01  Aqueous 
  CaOH+                 -8.201     -8.253     6.302E-09     5.588E-09     8.868E-01  Aqueous 
  NaOH(aq)             -12.514    -12.513     3.060E-13     3.072E-13     1.004E+00  Aqueous 
  CaCl+                 -5.134     -5.190     7.341E-06     6.454E-06     8.791E-01  Aqueous 
  CaCl2(aq)             -7.163     -7.162     6.864E-08     6.890E-08     1.004E+00  Aqueous 
 
  ****** Partial pressure of gases (bars) *****
 
 
  ***** Saturation state of minerals (log[Q/K] *****
 
 
 
  ***** Volum of minerals added or subtracted *****
 
 
 **************************************************************
 ------> GRID LOCATION:     7:  1:  1
 
  Temperature (C)    =     25.000
  Porosity           =      0.625
  Liquid Saturation  =      1.000
  Liquid Density     =    997.075
  Ionic Strength     =      0.016
  Solution pH        =      6.999
  Total Charge       =  9.944E-07
 
 Total Aqueous Concentrations of Primary Species 
 --------------------------------------- 
 
   Species              Molality       Type 
 H+                  -8.5807E-09     Aqueous      
 Ca++                 5.4758E-03     Aqueous      
 Na+                  1.0178E-05     Aqueous      
 Cl-                  1.0961E-02     Aqueous      
 
 Exchangers           Equiv/kgw        Equiv/g solid    Equiv/m^3 bulk
 X-                   1.4427E+00       9.2000E-04       8.9907E+02
 
 Total Concentrations in Exchange Sites 
 -------------------------------------- 
 
 Exchangers           Equiv/kgw        Equiv/g solid    Equiv/m^3 bulk
 Ca++                 7.2188E-01       4.6033E-04       4.4986E+02
 Na+                  8.8757E-05       5.6599E-08       5.5311E-02
 Cl-                  1.1185E-03       7.1322E-07       6.9700E-01
 
 Concentrations of Individual Species, Exchangers, and Surface Complexes 
 ----------------------------------------------------------------------- 
 
                           Log        Log                 Concentration     
 Species              Molality   Activity      Molality    Mol/m^3 blk  Type
  NaX                   -4.052     -4.211     8.876E-05     5.531E-02  Exchange
  CaX2                  -0.142      0.000     7.208E-01     4.492E+02  Exchange
  CaClX                 -2.951     -3.111     1.118E-03     6.970E-01  Exchange
                           Log        Log                                 Activity
 Species              Molality   Activity      Molality      Activity   Coefficient    Type
  H+                    -6.951     -6.999     1.119E-07     1.003E-07     8.966E-01  Aqueous 
  Ca++                  -2.262     -2.471     5.468E-03     3.382E-03     6.184E-01  Aqueous 
  Na+                   -4.992     -5.048     1.018E-05     8.948E-06     8.791E-01  Aqueous 
  Cl-                   -1.960     -2.018     1.095E-02     9.583E-03     8.749E-01  Aqueous 
  OH-                   -6.942     -6.999     1.142E-07     1.001E-07     8.771E-01  Aqueous 
  CaOH+                 -8.200     -8.252     6.308E-09     5.594E-09     8.868E-01  Aqueous 
  NaOH(aq)             -12.850    -12.848     1.413E-13     1.418E-13     1.004E+00  Aqueous 
  CaCl+                 -5.134     -5.190     7.348E-06     6.460E-06     8.791E-01  Aqueous 
  CaCl2(aq)             -7.163     -7.161     6.871E-08     6.897E-08     1.004E+00  Aqueous 
 
  ****** Partial pressure of gases (bars) *****
 
 
  ***** Saturation state of minerals (log[Q/K] *****
 
 
 
  ***** Volum of minerals added or subtracted *****
 
 
 **************************************************************
 ------> GRID LOCATION:     8:  1:  1
 
  Temperature (C)    =     25.000
  Porosity           =      0.625
  Liquid Saturation  =      1.000
  Liquid Density     =    997.075
  Ionic Strength     =      0.016
  Solution pH        =      6.999
  Total Charge       =  9.944E-07
 
 Total Aqueous Concentrations of Primary Species 
 --------------------------------------- 
 
   Species              Molality       Type 
 H+                  -8.5807E-09     Aqueous      
 Ca++                 5.4787E-03     Aqueous      
 Na+                  4.4125E-06     Aqueous      
 Cl-                  1.0961E-02     Aqueous      
 
 Exchangers           Equiv/kgw        Equiv/g solid    Equiv/m^3 bulk
 X-                   1.4427E+00       9.2000E-04       8.9907E+02
 
 Total Concentrations in Exchange Sites 
 -------------------------------------- 
 
 Exchangers           Equiv/kgw        Equiv/g solid    Equiv/m^3 bulk
 Ca++                 7.2191E-01       4.6034E-04       4.4987E+02
 Na+                  3.8471E-05       2.4532E-08       2.3974E-02
 Cl-                  1.1187E-03       7.1340E-07       6.9717E-01
 
 Concentrations of Individual Species, Exchangers, and Surface Complexes 
 ----------------------------------------------------------------------- 
 
                           Log        Log                 Concentration     
 Species              Molality   Activity      Molality    Mol/m^3 blk  Type
  NaX                   -4.415     -4.574     3.847E-05     2.397E-02  Exchange
  CaX2                  -0.142      0.000     7.208E-01     4.492E+02  Exchange
  CaClX                 -2.951     -3.110     1.119E-03     6.972E-01  Exchange
                           Log        Log                                 Activity
 Species              Molality   Activity      Molality      Activity   Coefficient    Type
  H+                    -6.951     -6.999     1.119E-07     1.003E-07     8.966E-01  Aqueous 
  Ca++                  -2.262     -2.471     5.471E-03     3.383E-03     6.184E-01  Aqueous 
  Na+                   -5.355     -5.411     4.413E-06     3.879E-06     8.791E-01  Aqueous 
  Cl-                   -1.960     -2.018     1.095E-02     9.583E-03     8.749E-01  Aqueous 
  OH-                   -6.942     -6.999     1.142E-07     1.001E-07     8.770E-01  Aqueous 
  CaOH+                 -8.200     -8.252     6.311E-09     5.596E-09     8.868E-01  Aqueous 
  NaOH(aq)             -13.213    -13.211     6.124E-14     6.147E-14     1.004E+00  Aqueous 
  CaCl+                 -5.134     -5.190     7.352E-06     6.463E-06     8.791E-01  Aqueous 
  CaCl2(aq)             -7.163     -7.161     6.874E-08     6.901E-08     1.004E+00  Aqueous 
 
  ****** Partial pressure of gases (bars) *****
 
 
  ***** Saturation state of minerals (log[Q/K] *****
 
 
 
  ***** Volum of minerals added or subtracted *****
 
 
 **************************************************************
 ------> GRID LOCATION:     9:  1:  1
 
  Temperature (C)    =     25.000
  Porosity           =      0.625
  Liquid Saturation  =      1.000
  Liquid Density     =    997.075
  Ionic Strength     =      0.016
  Solution pH        =      6.999
  Total Charge       =  9.944E-07
 
 Total Aqueous Concentrations of Primary Species 
 --------------------------------------- 
 
   Species              Molality       Type 
 H+                  -8.5807E-09     Aqueous      
 Ca++                 5.4799E-03     Aqueous      
 Na+                  1.9840E-06     Aqueous      
 Cl-                  1.0961E-02     Aqueous      
 
 Exchangers           Equiv/kgw        Equiv/g solid    Equiv/m^3 bulk
 X-                   1.4427E+00       9.2000E-04       8.9907E+02
 
 Total Concentrations in Exchange Sites 
 -------------------------------------- 
 
 Exchangers           Equiv/kgw        Equiv/g solid    Equiv/m^3 bulk
 Ca++                 7.2192E-01       4.6035E-04       4.4988E+02
 Na+                  1.7296E-05       1.1029E-08       1.0778E-02
 Cl-                  1.1189E-03       7.1348E-07       6.9724E-01
 
 Concentrations of Individual Species, Exchangers, and Surface Complexes 
 ----------------------------------------------------------------------- 
 
                           Log        Log                 Concentration     
 Species              Molality   Activity      Molality    Mol/m^3 blk  Type
  NaX                   -4.762     -4.921     1.730E-05     1.078E-02  Exchange
  CaX2                  -0.142      0.000     7.208E-01     4.492E+02  Exchange
  CaClX                 -2.951     -3.110     1.119E-03     6.972E-01  Exchange
                           Log        Log                                 Activity
 Species              Molality   Activity      Molality      Activity   Coefficient    Type
  H+                    -6.951     -6.999     1.119E-07     1.003E-07     8.966E-01  Aqueous 
  Ca++                  -2.262     -2.471     5.472E-03     3.384E-03     6.184E-01  Aqueous 
  Na+                   -5.702     -5.758     1.984E-06     1.744E-06     8.791E-01  Aqueous 
  Cl-                   -1.960     -2.019     1.095E-02     9.583E-03     8.749E-01  Aqueous 
  OH-                   -6.942     -6.999     1.142E-07     1.001E-07     8.770E-01  Aqueous 
  CaOH+                 -8.200     -8.252     6.312E-09     5.598E-09     8.868E-01  Aqueous 
  NaOH(aq)             -13.560    -13.558     2.753E-14     2.764E-14     1.004E+00  Aqueous 
  CaCl+                 -5.134     -5.189     7.353E-06     6.464E-06     8.791E-01  Aqueous 
  CaCl2(aq)             -7.163     -7.161     6.876E-08     6.902E-08     1.004E+00  Aqueous 
 
  ****** Partial pressure of gases (bars) *****
 
 
  ***** Saturation state of minerals (log[Q/K] *****
 
 
 
  ***** Volum of minerals added or subtracted *****
 
 
 **************************************************************
 ------> GRID LOCATION:    10:  1:  1
 
  Temperature (C)    =     25.000
  Porosity           =      0.625
  Liquid Saturation  =      1.000
  Liquid Density     =    997.075
  Ionic Strength     =      0.016
  Solution pH        =      6.999
  Total Charge       =  9.944E-07
 
 Total Aqueous Concentrations of Primary Species 
 --------------------------------------- 
 
   Species              Molality       Type 
 H+                  -8.5807E-09     Aqueous      
 Ca++                 5.4803E-03     Aqueous      
 Na+                  1.0812E-06     Aqueous      
 Cl-                  1.0961E-02     Aqueous      
 
 Exchangers           Equiv/kgw        Equiv/g solid    Equiv/m^3 bulk
 X-                   1.4427E+00       9.2000E-04       8.9907E+02
 
 Total Concentrations in Exchange Sites 
 -------------------------------------- 
 
 Exchangers           Equiv/kgw        Equiv/g solid    Equiv/m^3 bulk
 Ca++                 7.2192E-01       4.6035E-04       4.4988E+02
 Na+                  9.4253E-06       6.0103E-09       5.8736E-03
 Cl-                  1.1189E-03       7.1349E-07       6.9726E-01
 
 Concentrations of Individual Species, Exchangers, and Surface Complexes 
 ----------------------------------------------------------------------- 
 
                           Log        Log                 Concentration     
 Species              Molality   Activity      Molality    Mol/m^3 blk  Type
  NaX                   -5.026     -5.185     9.425E-06     5.874E-03  Exchange
  CaX2                  -0.142      0.000     7.208E-01     4.492E+02  Exchange
  CaClX                 -2.951     -3.110     1.119E-03     6.973E-01  Exchange
                           Log        Log                                 Activity
 Species              Molality   Activity      Molality      Activity   Coefficient    Type
  H+                    -6.951     -6.999     1.119E-07     1.003E-07     8.966E-01  Aqueous 
  Ca++                  -2.262     -2.471     5.473E-03     3.384E-03     6.184E-01  Aqueous 
  Na+                   -5.966     -6.022     1.081E-06     9.505E-07     8.791E-01  Aqueous 
  Cl-                   -1.960     -2.019     1.095E-02     9.583E-03     8.749E-01  Aqueous 
  OH-                   -6.942     -6.999     1.142E-07     1.001E-07     8.770E-01  Aqueous 
  CaOH+                 -8.200     -8.252     6.313E-09     5.598E-09     8.868E-01  Aqueous 
  NaOH(aq)             -13.824    -13.822     1.501E-14     1.506E-14     1.004E+00  Aqueous 
  CaCl+                 -5.133     -5.189     7.354E-06     6.465E-06     8.791E-01  Aqueous 
  CaCl2(aq)             -7.163     -7.161     6.876E-08     6.902E-08     1.004E+00  Aqueous 
 
  ****** Partial pressure of gases (bars) *****
 
 
  ***** Saturation state of minerals (log[Q/K] *****
 
 
 
  ***** Volum of minerals added or subtracted *****
 
 
 **************************************************************
 ------> GRID LOCATION:    11:  1:  1
 
  Temperature (C)    =     25.000
  Porosity           =      0.625
  Liquid Saturation  =      1.000
  Liquid Density     =    997.075
  Ionic Strength     =      0.016
  Solution pH        =      6.999
  Total Charge       =  9.943E-07
 
 Total Aqueous Concentrations of Primary Species 
 --------------------------------------- 
 
   Species              Molality       Type 
 H+                  -8.5807E-09     Aqueous      
 Ca++                 5.4802E-03     Aqueous      
 Na+                  7.8124E-07     Aqueous      
 Cl-                  1.0960E-02     Aqueous      
 
 Exchangers           Equiv/kgw        Equiv/g solid    Equiv/m^3 bulk
 X-                   1.4427E+00       9.2000E-04       8.9907E+02
 
 Total Concentrations in Exchange Sites 
 -------------------------------------- 
 
 Exchangers           Equiv/kgw        Equiv/g solid    Equiv/m^3 bulk
 Ca++                 7.2192E-01       4.6035E-04       4.4988E+02
 Na+                  6.8104E-06       4.3429E-09       4.2441E-03
 Cl-                  1.1188E-03       7.1345E-07       6.9722E-01
 
 Concentrations of Individual Species, Exchangers, and Surface Complexes 
 ----------------------------------------------------------------------- 
 
                           Log        Log                 Concentration     
 Species              Molality   Activity      Molality    Mol/m^3 blk  Type
  NaX                   -5.167     -5.326     6.810E-06     4.244E-03  Exchange
  CaX2                  -0.142      0.000     7.208E-01     4.492E+02  Exchange
  CaClX                 -2.951     -3.110     1.119E-03     6.972E-01  Exchange
                           Log        Log                                 Activity
 Species              Molality   Activity      Molality      Activity   Coefficient    Type
  H+                    -6.951     -6.999     1.119E-07     1.003E-07     8.966E-01  Aqueous 
  Ca++                  -2.262     -2.471     5.473E-03     3.384E-03     6.184E-01  Aqueous 
  Na+                   -6.107     -6.163     7.812E-07     6.868E-07     8.791E-01  Aqueous 
  Cl-                   -1.960     -2.019     1.095E-02     9.582E-03     8.749E-01  Aqueous 
  OH-                   -6.942     -6.999     1.142E-07     1.001E-07     8.770E-01  Aqueous 
  CaOH+                 -8.200     -8.252     6.313E-09     5.598E-09     8.868E-01  Aqueous 
  NaOH(aq)             -13.965    -13.963     1.084E-14     1.088E-14     1.004E+00  Aqueous 
  CaCl+                 -5.134     -5.189     7.353E-06     6.464E-06     8.791E-01  Aqueous 
  CaCl2(aq)             -7.163     -7.161     6.875E-08     6.901E-08     1.004E+00  Aqueous 
 
  ****** Partial pressure of gases (bars) *****
 
 
  ***** Saturation state of minerals (log[Q/K] *****
 
 
 
  ***** Volum of minerals added or subtracted *****
 
 
 **************************************************************
 ------> GRID LOCATION:    12:  1:  1
 
  Temperature (C)    =     25.000
  Porosity           =      0.625
  Liquid Saturation  =      1.000
  Liquid Density     =    997.075
  Ionic Strength     =      0.016
  Solution pH        =      6.999
  Total Charge       =  9.943E-07
 
 Total Aqueous Concentrations of Primary Species 
 --------------------------------------- 
 
   Species              Molality       Type 
 H+                  -8.5806E-09     Aqueous      
 Ca++                 5.4795E-03     Aqueous      
 Na+                  6.9144E-07     Aqueous      
 Cl-                  1.0959E-02     Aqueous      
 
 Exchangers           Equiv/kgw        Equiv/g solid    Equiv/m^3 bulk
 X-                   1.4427E+00       9.2000E-04       8.9907E+02
 
 Total Concentrations in Exchange Sites 
 -------------------------------------- 
 
 Exchangers           Equiv/kgw        Equiv/g solid    Equiv/m^3 bulk
 Ca++                 7.2192E-01       4.6035E-04       4.4988E+02
 Na+                  6.0279E-06       3.8439E-09       3.7564E-03
 Cl-                  1.1187E-03       7.1334E-07       6.9711E-01
 
 Concentrations of Individual Species, Exchangers, and Surface Complexes 
 ----------------------------------------------------------------------- 
 
                           Log        Log                 Concentration     
 Species              Molality   Activity      Molality    Mol/m^3 blk  Type
  NaX                   -5.220     -5.379     6.028E-06     3.756E-03  Exchange
  CaX2                  -0.142      0.000     7.208E-01     4.492E+02  Exchange
  CaClX                 -2.951     -3.110     1.119E-03     6.971E-01  Exchange
                           Log        Log                                 Activity
 Species              Molality   Activity      Molality      Activity   Coefficient    Type
  H+                    -6.951     -6.999     1.119E-07     1.003E-07     8.966E-01  Aqueous 
  Ca++                  -2.262     -2.471     5.472E-03     3.384E-03     6.184E-01  Aqueous 
  Na+                   -6.160     -6.216     6.914E-07     6.079E-07     8.791E-01  Aqueous 
  Cl-                   -1.961     -2.019     1.095E-02     9.581E-03     8.749E-01  Aqueous 
  OH-                   -6.942     -6.999     1.142E-07     1.001E-07     8.770E-01  Aqueous 
  CaOH+                 -8.200     -8.252     6.312E-09     5.597E-09     8.868E-01  Aqueous 
  NaOH(aq)             -14.018    -14.016     9.596E-15     9.633E-15     1.004E+00  Aqueous 
  CaCl+                 -5.134     -5.190     7.352E-06     6.463E-06     8.791E-01  Aqueous 
  CaCl2(aq)             -7.163     -7.161     6.873E-08     6.899E-08     1.004E+00  Aqueous 
 
  ****** Partial pressure of gases (bars) *****
 
 
  ***** Saturation state of minerals (log[Q/K] *****
 
 
 
  ***** Volum of minerals added or subtracted *****
 
 
 **************************************************************
 ------> GRID LOCATION:    13:  1:  1
 
  Temperature (C)    =     25.000
  Porosity           =      0.625
  Liquid Saturation  =      1.000
  Liquid Density     =    997.075
  Ionic Strength     =      0.016
  Solution pH        =      6.999
  Total Charge       =  9.943E-07
 
 Total Aqueous Concentrations of Primary Species 
 --------------------------------------- 
 
   Species              Molality       Type 
 H+                  -8.5803E-09     Aqueous      
 Ca++                 5.4780E-03     Aqueous      
 Na+                  6.6718E-07     Aqueous      
 Cl-                  1.0956E-02     Aqueous      
 
 Exchangers           Equiv/kgw        Equiv/g solid    Equiv/m^3 bulk
 X-                   1.4427E+00       9.2000E-04       8.9907E+02
 
 Total Concentrations in Exchange Sites 
 -------------------------------------- 
 
 Exchangers           Equiv/kgw        Equiv/g solid    Equiv/m^3 bulk
 Ca++                 7.2192E-01       4.6035E-04       4.4988E+02
 Na+                  5.8171E-06       3.7095E-09       3.6251E-03
 Cl-                  1.1182E-03       7.1307E-07       6.9685E-01
 
 Concentrations of Individual Species, Exchangers, and Surface Complexes 
 ----------------------------------------------------------------------- 
 
                           Log        Log                 Concentration     
 Species              Molality   Activity      Molality    Mol/m^3 blk  Type
  NaX                   -5.235     -5.394     5.817E-06     3.625E-03  Exchange
  CaX2                  -0.142      0.000     7.208E-01     4.492E+02  Exchange
  CaClX                 -2.951     -3.111     1.118E-03     6.968E-01  Exchange
                           Log        Log                                 Activity
 Species              Molality   Activity      Molality      Activity   Coefficient    Type
  H+                    -6.951     -6.999     1.119E-07     1.003E-07     8.966E-01  Aqueous 
  Ca++                  -2.262     -2.471     5.471E-03     3.383E-03     6.184E-01  Aqueous 
  Na+                   -6.176     -6.232     6.672E-07     5.865E-07     8.791E-01  Aqueous 
  Cl-                   -1.961     -2.019     1.095E-02     9.579E-03     8.749E-01  Aqueous 
  OH-                   -6.942     -6.999     1.142E-07     1.001E-07     8.771E-01  Aqueous 
  CaOH+                 -8.200     -8.252     6.311E-09     5.596E-09     8.868E-01  Aqueous 
  NaOH(aq)             -14.033    -14.032     9.260E-15     9.295E-15     1.004E+00  Aqueous 
  CaCl+                 -5.134     -5.190     7.348E-06     6.460E-06     8.791E-01  Aqueous 
  CaCl2(aq)             -7.163     -7.162     6.868E-08     6.894E-08     1.004E+00  Aqueous 
 
  ****** Partial pressure of gases (bars) *****
 
 
  ***** Saturation state of minerals (log[Q/K] *****
 
 
 
  ***** Volum of minerals added or subtracted *****
 
 
 **************************************************************
 ------> GRID LOCATION:    14:  1:  1
 
  Temperature (C)    =     25.000
  Porosity           =      0.625
  Liquid Saturation  =      1.000
  Liquid Density     =    997.075
  Ionic Strength     =      0.016
  Solution pH        =      6.999
  Total Charge       =  9.942E-07
 
 Total Aqueous Concentrations of Primary Species 
 --------------------------------------- 
 
   Species              Molality       Type 
 H+                  -8.5795E-09     Aqueous      
 Ca++                 5.4746E-03     Aqueous      
 Na+                  6.6131E-07     Aqueous      
 Cl-                  1.0949E-02     Aqueous      
 
 Exchangers           Equiv/kgw        Equiv/g solid    Equiv/m^3 bulk
 X-                   1.4427E+00       9.2000E-04       8.9907E+02
 
 Total Concentrations in Exchange Sites 
 -------------------------------------- 
 
 Exchangers           Equiv/kgw        Equiv/g solid    Equiv/m^3 bulk
 Ca++                 7.2192E-01       4.6035E-04       4.4988E+02
 Na+                  5.7676E-06       3.6779E-09       3.5942E-03
 Cl-                  1.1173E-03       7.1248E-07       6.9627E-01
 
 Concentrations of Individual Species, Exchangers, and Surface Complexes 
 ----------------------------------------------------------------------- 
 
                           Log        Log                 Concentration     
 Species              Molality   Activity      Molality    Mol/m^3 blk  Type
  NaX                   -5.239     -5.398     5.768E-06     3.594E-03  Exchange
  CaX2                  -0.142      0.000     7.208E-01     4.492E+02  Exchange
  CaClX                 -2.952     -3.111     1.117E-03     6.963E-01  Exchange
                           Log        Log                                 Activity
 Species              Molality   Activity      Molality      Activity   Coefficient    Type
  H+                    -6.951     -6.999     1.119E-07     1.003E-07     8.966E-01  Aqueous 
  Ca++                  -2.262     -2.471     5.467E-03     3.381E-03     6.185E-01  Aqueous 
  Na+                   -6.180     -6.236     6.613E-07     5.814E-07     8.792E-01  Aqueous 
  Cl-                   -1.961     -2.019     1.094E-02     9.573E-03     8.749E-01  Aqueous 
  OH-                   -6.942     -6.999     1.142E-07     1.001E-07     8.771E-01  Aqueous 
  CaOH+                 -8.200     -8.252     6.307E-09     5.593E-09     8.868E-01  Aqueous 
  NaOH(aq)             -14.037    -14.036     9.179E-15     9.214E-15     1.004E+00  Aqueous 
  CaCl+                 -5.134     -5.190     7.340E-06     6.453E-06     8.792E-01  Aqueous 
  CaCl2(aq)             -7.164     -7.162     6.856E-08     6.882E-08     1.004E+00  Aqueous 
 
  ****** Partial pressure of gases (bars) *****
 
 
  ***** Saturation state of minerals (log[Q/K] *****
 
 
 
  ***** Volum of minerals added or subtracted *****
 
 
 **************************************************************
 ------> GRID LOCATION:    15:  1:  1
 
  Temperature (C)    =     25.000
  Porosity           =      0.625
  Liquid Saturation  =      1.000
  Liquid Density     =    997.075
  Ionic Strength     =      0.016
  Solution pH        =      6.999
  Total Charge       =  9.940E-07
 
 Total Aqueous Concentrations of Primary Species 
 --------------------------------------- 
 
   Species              Molality       Type 
 H+                  -8.5779E-09     Aqueous      
 Ca++                 5.4678E-03     Aqueous      
 Na+                  6.5997E-07     Aqueous      
 Cl-                  1.0935E-02     Aqueous      
 
 Exchangers           Equiv/kgw        Equiv/g solid    Equiv/m^3 bulk
 X-                   1.4427E+00       9.2000E-04       8.9907E+02
 
 Total Concentrations in Exchange Sites 
 -------------------------------------- 
 
 Exchangers           Equiv/kgw        Equiv/g solid    Equiv/m^3 bulk
 Ca++                 7.2192E-01       4.6035E-04       4.4988E+02
 Na+                  5.7592E-06       3.6725E-09       3.5890E-03
 Cl-                  1.1154E-03       7.1129E-07       6.9510E-01
 
 Concentrations of Individual Species, Exchangers, and Surface Complexes 
 ----------------------------------------------------------------------- 
 
                           Log        Log                 Concentration     
 Species              Molality   Activity      Molality    Mol/m^3 blk  Type
  NaX                   -5.240     -5.399     5.759E-06     3.589E-03  Exchange
  CaX2                  -0.142      0.000     7.208E-01     4.492E+02  Exchange
  CaClX                 -2.953     -3.112     1.115E-03     6.951E-01  Exchange
                           Log        Log                                 Activity
 Species              Molality   Activity      Molality      Activity   Coefficient    Type
  H+                    -6.951     -6.999     1.119E-07     1.003E-07     8.967E-01  Aqueous 
  Ca++                  -2.263     -2.471     5.460E-03     3.378E-03     6.186E-01  Aqueous 
  Na+                   -6.180     -6.236     6.600E-07     5.803E-07     8.792E-01  Aqueous 
  Cl-                   -1.961     -2.019     1.093E-02     9.562E-03     8.750E-01  Aqueous 
  OH-                   -6.942     -6.999     1.142E-07     1.001E-07     8.772E-01  Aqueous 
  CaOH+                 -8.201     -8.253     6.301E-09     5.588E-09     8.869E-01  Aqueous 
  NaOH(aq)             -14.038    -14.036     9.161E-15     9.196E-15     1.004E+00  Aqueous 
  CaCl+                 -5.135     -5.191     7.323E-06     6.439E-06     8.792E-01  Aqueous 
  CaCl2(aq)             -7.165     -7.164     6.834E-08     6.859E-08     1.004E+00  Aqueous 
 
  ****** Partial pressure of gases (bars) *****
 
 
  ***** Saturation state of minerals (log[Q/K] *****
 
 
 
  ***** Volum of minerals added or subtracted *****
 
 
 **************************************************************
 ------> GRID LOCATION:    16:  1:  1
 
  Temperature (C)    =     25.000
  Porosity           =      0.625
  Liquid Saturation  =      1.000
  Liquid Density     =    997.075
  Ionic Strength     =      0.016
  Solution pH        =      6.999
  Total Charge       =  9.936E-07
 
 Total Aqueous Concentrations of Primary Species 
 --------------------------------------- 
 
   Species              Molality       Type 
 H+                  -8.5743E-09     Aqueous      
 Ca++                 5.4550E-03     Aqueous      
 Na+                  6.5937E-07     Aqueous      
 Cl-                  1.0910E-02     Aqueous      
 
 Exchangers           Equiv/kgw        Equiv/g solid    Equiv/m^3 bulk
 X-                   1.4427E+00       9.2000E-04       8.9907E+02
 
 Total Concentrations in Exchange Sites 
 -------------------------------------- 
 
 Exchangers           Equiv/kgw        Equiv/g solid    Equiv/m^3 bulk
 Ca++                 7.2192E-01       4.6035E-04       4.4988E+02
 Na+                  5.7601E-06       3.6731E-09       3.5896E-03
 Cl-                  1.1119E-03       7.0906E-07       6.9293E-01
 
 Concentrations of Individual Species, Exchangers, and Surface Complexes 
 ----------------------------------------------------------------------- 
 
                           Log        Log                 Concentration     
 Species              Molality   Activity      Molality    Mol/m^3 blk  Type
  NaX                   -5.240     -5.399     5.760E-06     3.590E-03  Exchange
  CaX2                  -0.142      0.000     7.208E-01     4.492E+02  Exchange
  CaClX                 -2.954     -3.113     1.112E-03     6.929E-01  Exchange
                           Log        Log                                 Activity
 Species              Molality   Activity      Molality      Activity   Coefficient    Type
  H+                    -6.951     -6.999     1.119E-07     1.003E-07     8.968E-01  Aqueous 
  Ca++                  -2.264     -2.472     5.448E-03     3.372E-03     6.189E-01  Aqueous 
  Na+                   -6.181     -6.237     6.594E-07     5.798E-07     8.793E-01  Aqueous 
  Cl-                   -1.962     -2.020     1.090E-02     9.541E-03     8.751E-01  Aqueous 
  OH-                   -6.943     -6.999     1.142E-07     1.001E-07     8.773E-01  Aqueous 
  CaOH+                 -8.201     -8.254     6.289E-09     5.578E-09     8.870E-01  Aqueous 
  NaOH(aq)             -14.038    -14.037     9.155E-15     9.189E-15     1.004E+00  Aqueous 
  CaCl+                 -5.137     -5.193     7.293E-06     6.413E-06     8.793E-01  Aqueous 
  CaCl2(aq)             -7.168     -7.166     6.791E-08     6.817E-08     1.004E+00  Aqueous 
 
  ****** Partial pressure of gases (bars) *****
 
 
  ***** Saturation state of minerals (log[Q/K] *****
 
 
 
  ***** Volum of minerals added or subtracted *****
 
 
 **************************************************************
 ------> GRID LOCATION:    17:  1:  1
 
  Temperature (C)    =     25.000
  Porosity           =      0.625
  Liquid Saturation  =      1.000
  Liquid Density     =    997.075
  Ionic Strength     =      0.016
  Solution pH        =      6.999
  Total Charge       =  9.928E-07
 
 Total Aqueous Concentrations of Primary Species 
 --------------------------------------- 
 
   Species              Molality       Type 
 H+                  -8.5673E-09     Aqueous      
 Ca++                 5.4326E-03     Aqueous      
 Na+                  6.5842E-07     Aqueous      
 Cl-                  1.0865E-02     Aqueous      
 
 Exchangers           Equiv/kgw        Equiv/g solid    Equiv/m^3 bulk
 X-                   1.4427E+00       9.2000E-04       8.9907E+02
 
 Total Concentrations in Exchange Sites 
 -------------------------------------- 
 
 Exchangers           Equiv/kgw        Equiv/g solid    Equiv/m^3 bulk
 Ca++                 7.2192E-01       4.6035E-04       4.4988E+02
 Na+                  5.7627E-06       3.6748E-09       3.5912E-03
 Cl-                  1.1058E-03       7.0517E-07       6.8912E-01
 
 Concentrations of Individual Species, Exchangers, and Surface Complexes 
 ----------------------------------------------------------------------- 
 
                           Log        Log                 Concentration     
 Species              Molality   Activity      Molality    Mol/m^3 blk  Type
  NaX                   -5.239     -5.399     5.763E-06     3.591E-03  Exchange
  CaX2                  -0.142      0.000     7.208E-01     4.492E+02  Exchange
  CaClX                 -2.956     -3.115     1.106E-03     6.891E-01  Exchange
                           Log        Log                                 Activity
 Species              Molality   Activity      Molality      Activity   Coefficient    Type
  H+                    -6.951     -6.999     1.118E-07     1.003E-07     8.969E-01  Aqueous 
  Ca++                  -2.266     -2.474     5.425E-03     3.361E-03     6.194E-01  Aqueous 
  Na+                   -6.181     -6.237     6.584E-07     5.791E-07     8.796E-01  Aqueous 
  Cl-                   -1.964     -2.022     1.086E-02     9.504E-03     8.754E-01  Aqueous 
  OH-                   -6.943     -6.999     1.141E-07     1.002E-07     8.775E-01  Aqueous 
  CaOH+                 -8.203     -8.255     6.267E-09     5.560E-09     8.871E-01  Aqueous 
  NaOH(aq)             -14.039    -14.037     9.145E-15     9.179E-15     1.004E+00  Aqueous 
  CaCl+                 -5.140     -5.196     7.239E-06     6.367E-06     8.796E-01  Aqueous 
  CaCl2(aq)             -7.173     -7.171     6.717E-08     6.742E-08     1.004E+00  Aqueous 
 
  ****** Partial pressure of gases (bars) *****
 
 
  ***** Saturation state of minerals (log[Q/K] *****
 
 
 
  ***** Volum of minerals added or subtracted *****
 
 
 **************************************************************
 ------> GRID LOCATION:    18:  1:  1
 
  Temperature (C)    =     25.000
  Porosity           =      0.625
  Liquid Saturation  =      1.000
  Liquid Density     =    997.075
  Ionic Strength     =      0.016
  Solution pH        =      6.999
  Total Charge       =  9.913E-07
 
 Total Aqueous Concentrations of Primary Species 
 --------------------------------------- 
 
   Species              Molality       Type 
 H+                  -8.5541E-09     Aqueous      
 Ca++                 5.3959E-03     Aqueous      
 Na+                  6.5666E-07     Aqueous      
 Cl-                  1.0791E-02     Aqueous      
 
 Exchangers           Equiv/kgw        Equiv/g solid    Equiv/m^3 bulk
 X-                   1.4427E+00       9.2000E-04       8.9907E+02
 
 Total Concentrations in Exchange Sites 
 -------------------------------------- 
 
 Exchangers           Equiv/kgw        Equiv/g solid    Equiv/m^3 bulk
 Ca++                 7.2191E-01       4.6035E-04       4.4987E+02
 Na+                  5.7652E-06       3.6764E-09       3.5927E-03
 Cl-                  1.0958E-03       6.9878E-07       6.8288E-01
 
 Concentrations of Individual Species, Exchangers, and Surface Complexes 
 ----------------------------------------------------------------------- 
 
                           Log        Log                 Concentration     
 Species              Molality   Activity      Molality    Mol/m^3 blk  Type
  NaX                   -5.239     -5.398     5.765E-06     3.593E-03  Exchange
  CaX2                  -0.142      0.000     7.208E-01     4.492E+02  Exchange
  CaClX                 -2.960     -3.119     1.096E-03     6.829E-01  Exchange
                           Log        Log                                 Activity
 Species              Molality   Activity      Molality      Activity   Coefficient    Type
  H+                    -6.952     -6.999     1.118E-07     1.003E-07     8.972E-01  Aqueous 
  Ca++                  -2.269     -2.476     5.389E-03     3.342E-03     6.202E-01  Aqueous 
  Na+                   -6.183     -6.238     6.567E-07     5.778E-07     8.799E-01  Aqueous 
  Cl-                   -1.967     -2.025     1.078E-02     9.444E-03     8.757E-01  Aqueous 
  OH-                   -6.943     -6.999     1.141E-07     1.002E-07     8.778E-01  Aqueous 
  CaOH+                 -8.205     -8.257     6.232E-09     5.531E-09     8.874E-01  Aqueous 
  NaOH(aq)             -14.040    -14.038     9.125E-15     9.160E-15     1.004E+00  Aqueous 
  CaCl+                 -5.146     -5.201     7.151E-06     6.292E-06     8.799E-01  Aqueous 
  CaCl2(aq)             -7.181     -7.179     6.596E-08     6.620E-08     1.004E+00  Aqueous 
 
  ****** Partial pressure of gases (bars) *****
 
 
  ***** Saturation state of minerals (log[Q/K] *****
 
 
 
  ***** Volum of minerals added or subtracted *****
 
 
 **************************************************************
 ------> GRID LOCATION:    19:  1:  1
 
  Temperature (C)    =     25.000
  Porosity           =      0.625
  Liquid Saturation  =      1.000
  Liquid Density     =    997.075
  Ionic Strength     =      0.016
  Solution pH        =      6.999
  Total Charge       =  9.887E-07
 
 Total Aqueous Concentrations of Primary Species 
 --------------------------------------- 
 
   Species              Molality       Type 
 H+                  -8.5310E-09     Aqueous      
 Ca++                 5.3389E-03     Aqueous      
 Na+                  6.5371E-07     Aqueous      
 Cl-                  1.0677E-02     Aqueous      
 
 Exchangers           Equiv/kgw        Equiv/g solid    Equiv/m^3 bulk
 X-                   1.4427E+00       9.2000E-04       8.9907E+02
 
 Total Concentrations in Exchange Sites 
 -------------------------------------- 
 
 Exchangers           Equiv/kgw        Equiv/g solid    Equiv/m^3 bulk
 Ca++                 7.2190E-01       4.6034E-04       4.4987E+02
 Na+                  5.7673E-06       3.6777E-09       3.5940E-03
 Cl-                  1.0803E-03       6.8890E-07       6.7323E-01
 
 Concentrations of Individual Species, Exchangers, and Surface Complexes 
 ----------------------------------------------------------------------- 
 
                           Log        Log                 Concentration     
 Species              Molality   Activity      Molality    Mol/m^3 blk  Type
  NaX                   -5.239     -5.398     5.767E-06     3.594E-03  Exchange
  CaX2                  -0.142      0.000     7.208E-01     4.492E+02  Exchange
  CaClX                 -2.966     -3.126     1.080E-03     6.732E-01  Exchange
                           Log        Log                                 Activity
 Species              Molality   Activity      Molality      Activity   Coefficient    Type
  H+                    -6.952     -6.999     1.117E-07     1.003E-07     8.975E-01  Aqueous 
  Ca++                  -2.273     -2.480     5.332E-03     3.314E-03     6.215E-01  Aqueous 
  Na+                   -6.185     -6.240     6.537E-07     5.755E-07     8.804E-01  Aqueous 
  Cl-                   -1.972     -2.029     1.067E-02     9.350E-03     8.763E-01  Aqueous 
  OH-                   -6.943     -6.999     1.141E-07     1.002E-07     8.784E-01  Aqueous 
  CaOH+                 -8.209     -8.261     6.177E-09     5.485E-09     8.879E-01  Aqueous 
  NaOH(aq)             -14.041    -14.040     9.092E-15     9.126E-15     1.004E+00  Aqueous 
  CaCl+                 -5.154     -5.209     7.016E-06     6.177E-06     8.804E-01  Aqueous 
  CaCl2(aq)             -7.193     -7.191     6.411E-08     6.434E-08     1.004E+00  Aqueous 
 
  ****** Partial pressure of gases (bars) *****
 
 
  ***** Saturation state of minerals (log[Q/K] *****
 
 
 
  ***** Volum of minerals added or subtracted *****
 
 
 **************************************************************
 ------> GRID LOCATION:    20:  1:  1
 
  Temperature (C)    =     25.000
  Porosity           =      0.625
  Liquid Saturation  =      1.000
  Liquid Density     =    997.075
  Ionic Strength     =      0.016
  Solution pH        =      6.999
  Total Charge       =  9.843E-07
 
 Total Aqueous Concentrations of Primary Species 
 --------------------------------------- 
 
   Species              Molality       Type 
 H+                  -8.4923E-09     Aqueous      
 Ca++                 5.2553E-03     Aqueous      
 Na+                  6.4918E-07     Aqueous      
 Cl-                  1.0510E-02     Aqueous      
 
 Exchangers           Equiv/kgw        Equiv/g solid    Equiv/m^3 bulk
 X-                   1.4427E+00       9.2000E-04       8.9907E+02
 
 Total Concentrations in Exchange Sites 
 -------------------------------------- 
 
 Exchangers           Equiv/kgw        Equiv/g solid    Equiv/m^3 bulk
 Ca++                 7.2189E-01       4.6034E-04       4.4986E+02
 Na+                  5.7690E-06       3.6788E-09       3.5951E-03
 Cl-                  1.0577E-03       6.7445E-07       6.5911E-01
 
 Concentrations of Individual Species, Exchangers, and Surface Complexes 
 ----------------------------------------------------------------------- 
 
                           Log        Log                 Concentration     
 Species              Molality   Activity      Molality    Mol/m^3 blk  Type
  NaX                   -5.239     -5.398     5.769E-06     3.595E-03  Exchange
  CaX2                  -0.142      0.000     7.208E-01     4.492E+02  Exchange
  CaClX                 -2.976     -3.135     1.058E-03     6.591E-01  Exchange
                           Log        Log                                 Activity
 Species              Molality   Activity      Molality      Activity   Coefficient    Type
  H+                    -6.952     -6.999     1.116E-07     1.002E-07     8.981E-01  Aqueous 
  Ca++                  -2.280     -2.485     5.248E-03     3.272E-03     6.234E-01  Aqueous 
  Na+                   -6.188     -6.243     6.492E-07     5.720E-07     8.812E-01  Aqueous 
  Cl-                   -1.979     -2.036     1.050E-02     9.212E-03     8.771E-01  Aqueous 
  OH-                   -6.943     -6.999     1.140E-07     1.002E-07     8.792E-01  Aqueous 
  CaOH+                 -8.215     -8.266     6.097E-09     5.417E-09     8.886E-01  Aqueous 
  NaOH(aq)             -14.044    -14.042     9.041E-15     9.074E-15     1.004E+00  Aqueous 
  CaCl+                 -5.166     -5.221     6.819E-06     6.009E-06     8.812E-01  Aqueous 
  CaCl2(aq)             -7.211     -7.210     6.145E-08     6.167E-08     1.004E+00  Aqueous 
 
  ****** Partial pressure of gases (bars) *****
 
 
  ***** Saturation state of minerals (log[Q/K] *****
 
 
 
  ***** Volum of minerals added or subtracted *****
 
 
 **************************************************************
 ------> GRID LOCATION:    21:  1:  1
 
  Temperature (C)    =     25.000
  Porosity           =      0.625
  Liquid Saturation  =      1.000
  Liquid Density     =    997.075
  Ionic Strength     =      0.015
  Solution pH        =      6.999
  Total Charge       =  9.773E-07
 
 Total Aqueous Concentrations of Primary Species 
 --------------------------------------- 
 
   Species              Molality       Type 
 H+                  -8.4311E-09     Aqueous      
 Ca++                 5.1387E-03     Aqueous      
 Na+                  6.4267E-07     Aqueous      
 Cl-                  1.0277E-02     Aqueous      
 
 Exchangers           Equiv/kgw        Equiv/g solid    Equiv/m^3 bulk
 X-                   1.4427E+00       9.2000E-04       8.9907E+02
 
 Total Concentrations in Exchange Sites 
 -------------------------------------- 
 
 Exchangers           Equiv/kgw        Equiv/g solid    Equiv/m^3 bulk
 Ca++                 7.2188E-01       4.6033E-04       4.4985E+02
 Na+                  5.7702E-06       3.6796E-09       3.5959E-03
 Cl-                  1.0263E-03       6.5442E-07       6.3953E-01
 
 Concentrations of Individual Species, Exchangers, and Surface Complexes 
 ----------------------------------------------------------------------- 
 
                           Log        Log                 Concentration     
 Species              Molality   Activity      Molality    Mol/m^3 blk  Type
  NaX                   -5.239     -5.398     5.770E-06     3.596E-03  Exchange
  CaX2                  -0.142      0.000     7.208E-01     4.492E+02  Exchange
  CaClX                 -2.989     -3.148     1.026E-03     6.395E-01  Exchange
                           Log        Log                                 Activity
 Species              Molality   Activity      Molality      Activity   Coefficient    Type
  H+                    -6.953     -6.999     1.115E-07     1.002E-07     8.989E-01  Aqueous 
  Ca++                  -2.290     -2.493     5.132E-03     3.213E-03     6.261E-01  Aqueous 
  Na+                   -6.192     -6.246     6.427E-07     5.670E-07     8.823E-01  Aqueous 
  Cl-                   -1.988     -2.045     1.027E-02     9.020E-03     8.783E-01  Aqueous 
  OH-                   -6.943     -6.999     1.139E-07     1.003E-07     8.803E-01  Aqueous 
  CaOH+                 -8.223     -8.274     5.983E-09     5.322E-09     8.895E-01  Aqueous 
  NaOH(aq)             -14.047    -14.046     8.966E-15     8.998E-15     1.004E+00  Aqueous 
  CaCl+                 -5.184     -5.238     6.549E-06     5.778E-06     8.823E-01  Aqueous 
  CaCl2(aq)             -7.238     -7.236     5.786E-08     5.806E-08     1.004E+00  Aqueous 
 
  ****** Partial pressure of gases (bars) *****
 
 
  ***** Saturation state of minerals (log[Q/K] *****
 
 
 
  ***** Volum of minerals added or subtracted *****
 
 
 **************************************************************
 ------> GRID LOCATION:    22:  1:  1
 
  Temperature (C)    =     25.000
  Porosity           =      0.625
  Liquid Saturation  =      1.000
  Liquid Density     =    997.075
  Ionic Strength     =      0.015
  Solution pH        =      6.999
  Total Charge       =  9.667E-07
 
 Total Aqueous Concentrations of Primary Species 
 --------------------------------------- 
 
   Species              Molality       Type 
 H+                  -8.3387E-09     Aqueous      
 Ca++                 4.9838E-03     Aqueous      
 Na+                  6.3378E-07     Aqueous      
 Cl-                  9.9672E-03     Aqueous      
 
 Exchangers           Equiv/kgw        Equiv/g solid    Equiv/m^3 bulk
 X-                   1.4427E+00       9.2000E-04       8.9907E+02
 
 Total Concentrations in Exchange Sites 
 -------------------------------------- 
 
 Exchangers           Equiv/kgw        Equiv/g solid    Equiv/m^3 bulk
 Ca++                 7.2186E-01       4.6031E-04       4.4984E+02
 Na+                  5.7710E-06       3.6800E-09       3.5963E-03
 Cl-                  9.8485E-04       6.2802E-07       6.1373E-01
 
 Concentrations of Individual Species, Exchangers, and Surface Complexes 
 ----------------------------------------------------------------------- 
 
                           Log        Log                 Concentration     
 Species              Molality   Activity      Molality    Mol/m^3 blk  Type
  NaX                   -5.239     -5.398     5.771E-06     3.596E-03  Exchange
  CaX2                  -0.142      0.000     7.209E-01     4.492E+02  Exchange
  CaClX                 -3.007     -3.166     9.848E-04     6.137E-01  Exchange
                           Log        Log                                 Activity
 Species              Molality   Activity      Molality      Activity   Coefficient    Type
  H+                    -6.954     -6.999     1.113E-07     1.001E-07     9.000E-01  Aqueous 
  Ca++                  -2.303     -2.504     4.978E-03     3.135E-03     6.297E-01  Aqueous 
  Na+                   -6.198     -6.252     6.338E-07     5.601E-07     8.837E-01  Aqueous 
  Cl-                   -2.002     -2.057     9.961E-03     8.764E-03     8.798E-01  Aqueous 
  OH-                   -6.944     -6.999     1.138E-07     1.003E-07     8.818E-01  Aqueous 
  CaOH+                 -8.234     -8.284     5.832E-09     5.195E-09     8.908E-01  Aqueous 
  NaOH(aq)             -14.052    -14.051     8.862E-15     8.893E-15     1.003E+00  Aqueous 
  CaCl+                 -5.208     -5.262     6.197E-06     5.476E-06     8.837E-01  Aqueous 
  CaCl2(aq)             -7.273     -7.272     5.329E-08     5.347E-08     1.003E+00  Aqueous 
 
  ****** Partial pressure of gases (bars) *****
 
 
  ***** Saturation state of minerals (log[Q/K] *****
 
 
 
  ***** Volum of minerals added or subtracted *****
 
 
 **************************************************************
 ------> GRID LOCATION:    23:  1:  1
 
  Temperature (C)    =     25.000
  Porosity           =      0.625
  Liquid Saturation  =      1.000
  Liquid Density     =    997.075
  Ionic Strength     =      0.014
  Solution pH        =      7.000
  Total Charge       =  9.515E-07
 
 Total Aqueous Concentrations of Primary Species 
 --------------------------------------- 
 
   Species              Molality       Type 
 H+                  -8.2056E-09     Aqueous      
 Ca++                 4.7871E-03     Aqueous      
 Na+                  6.2219E-07     Aqueous      
 Cl-                  9.5739E-03     Aqueous      
 
 Exchangers           Equiv/kgw        Equiv/g solid    Equiv/m^3 bulk
 X-                   1.4427E+00       9.2000E-04       8.9907E+02
 
 Total Concentrations in Exchange Sites 
 -------------------------------------- 
 
 Exchangers           Equiv/kgw        Equiv/g solid    Equiv/m^3 bulk
 Ca++                 7.2183E-01       4.6030E-04       4.4982E+02
 Na+                  5.7713E-06       3.6803E-09       3.5965E-03
 Cl-                  9.3284E-04       5.9485E-07       5.8132E-01
 
 Concentrations of Individual Species, Exchangers, and Surface Complexes 
 ----------------------------------------------------------------------- 
 
                           Log        Log                 Concentration     
 Species              Molality   Activity      Molality    Mol/m^3 blk  Type
  NaX                   -5.239     -5.398     5.771E-06     3.597E-03  Exchange
  CaX2                  -0.142      0.000     7.209E-01     4.492E+02  Exchange
  CaClX                 -3.030     -3.189     9.328E-04     5.813E-01  Exchange
                           Log        Log                                 Activity
 Species              Molality   Activity      Molality      Activity   Coefficient    Type
  H+                    -6.955     -7.000     1.110E-07     1.001E-07     9.014E-01  Aqueous 
  Ca++                  -2.320     -2.518     4.781E-03     3.034E-03     6.345E-01  Aqueous 
  Na+                   -6.206     -6.259     6.222E-07     5.510E-07     8.856E-01  Aqueous 
  Cl-                   -2.019     -2.074     9.568E-03     8.438E-03     8.819E-01  Aqueous 
  OH-                   -6.945     -6.998     1.136E-07     1.004E-07     8.838E-01  Aqueous 
  CaOH+                 -8.249     -8.298     5.637E-09     5.031E-09     8.925E-01  Aqueous 
  NaOH(aq)             -14.059    -14.058     8.725E-15     8.754E-15     1.003E+00  Aqueous 
  CaCl+                 -5.239     -5.292     5.762E-06     5.103E-06     8.856E-01  Aqueous 
  CaCl2(aq)             -7.320     -7.319     4.781E-08     4.797E-08     1.003E+00  Aqueous 
 
  ****** Partial pressure of gases (bars) *****
 
 
  ***** Saturation state of minerals (log[Q/K] *****
 
 
 
  ***** Volum of minerals added or subtracted *****
 
 
 **************************************************************
 ------> GRID LOCATION:    24:  1:  1
 
  Temperature (C)    =     25.000
  Porosity           =      0.625
  Liquid Saturation  =      1.000
  Liquid Density     =    997.075
  Ionic Strength     =      0.014
  Solution pH        =      7.000
  Total Charge       =  9.306E-07
 
 Total Aqueous Concentrations of Primary Species 
 --------------------------------------- 
 
   Species              Molality       Type 
 H+                  -8.0222E-09     Aqueous      
 Ca++                 4.5479E-03     Aqueous      
 Na+                  6.0767E-07     Aqueous      
 Cl-                  9.0954E-03     Aqueous      
 
 Exchangers           Equiv/kgw        Equiv/g solid    Equiv/m^3 bulk
 X-                   1.4427E+00       9.2000E-04       8.9907E+02
 
 Total Concentrations in Exchange Sites 
 -------------------------------------- 
 
 Exchangers           Equiv/kgw        Equiv/g solid    Equiv/m^3 bulk
 Ca++                 7.2180E-01       4.6028E-04       4.4980E+02
 Na+                  5.7712E-06       3.6802E-09       3.5965E-03
 Cl-                  8.7045E-04       5.5507E-07       5.4244E-01
 
 Concentrations of Individual Species, Exchangers, and Surface Complexes 
 ----------------------------------------------------------------------- 
 
                           Log        Log                 Concentration     
 Species              Molality   Activity      Molality    Mol/m^3 blk  Type
  NaX                   -5.239     -5.398     5.771E-06     3.596E-03  Exchange
  CaX2                  -0.142      0.000     7.209E-01     4.493E+02  Exchange
  CaClX                 -3.060     -3.219     8.704E-04     5.424E-01  Exchange
                           Log        Log                                 Activity
 Species              Molality   Activity      Molality      Activity   Coefficient    Type
  H+                    -6.956     -7.000     1.107E-07     1.000E-07     9.032E-01  Aqueous 
  Ca++                  -2.343     -2.536     4.543E-03     2.910E-03     6.405E-01  Aqueous 
  Na+                   -6.216     -6.268     6.077E-07     5.396E-07     8.880E-01  Aqueous 
  Cl-                   -2.041     -2.095     9.090E-03     8.039E-03     8.844E-01  Aqueous 
  OH-                   -6.946     -6.998     1.134E-07     1.005E-07     8.862E-01  Aqueous 
  CaOH+                 -8.268     -8.316     5.397E-09     4.829E-09     8.946E-01  Aqueous 
  NaOH(aq)             -14.068    -14.067     8.552E-15     8.579E-15     1.003E+00  Aqueous 
  CaCl+                 -5.280     -5.331     5.251E-06     4.663E-06     8.880E-01  Aqueous 
  CaCl2(aq)             -7.381     -7.379     4.163E-08     4.177E-08     1.003E+00  Aqueous 
 
  ****** Partial pressure of gases (bars) *****
 
 
  ***** Saturation state of minerals (log[Q/K] *****
 
 
 
  ***** Volum of minerals added or subtracted *****
 
 
 **************************************************************
 ------> GRID LOCATION:    25:  1:  1
 
  Temperature (C)    =     25.000
  Porosity           =      0.625
  Liquid Saturation  =      1.000
  Liquid Density     =    997.075
  Ionic Strength     =      0.013
  Solution pH        =      7.000
  Total Charge       =  9.029E-07
 
 Total Aqueous Concentrations of Primary Species 
 --------------------------------------- 
 
   Species              Molality       Type 
 H+                  -7.7799E-09     Aqueous      
 Ca++                 4.2683E-03     Aqueous      
 Na+                  5.9011E-07     Aqueous      
 Cl-                  8.5362E-03     Aqueous      
 
 Exchangers           Equiv/kgw        Equiv/g solid    Equiv/m^3 bulk
 X-                   1.4427E+00       9.2000E-04       8.9907E+02
 
 Total Concentrations in Exchange Sites 
 -------------------------------------- 
 
 Exchangers           Equiv/kgw        Equiv/g solid    Equiv/m^3 bulk
 Ca++                 7.2176E-01       4.6025E-04       4.4978E+02
 Na+                  5.7707E-06       3.6799E-09       3.5962E-03
 Cl-                  7.9882E-04       5.0939E-07       4.9780E-01
 
 Concentrations of Individual Species, Exchangers, and Surface Complexes 
 ----------------------------------------------------------------------- 
 
                           Log        Log                 Concentration     
 Species              Molality   Activity      Molality    Mol/m^3 blk  Type
  NaX                   -5.239     -5.398     5.771E-06     3.596E-03  Exchange
  CaX2                  -0.142      0.000     7.210E-01     4.493E+02  Exchange
  CaClX                 -3.098     -3.257     7.988E-04     4.978E-01  Exchange
                           Log        Log                                 Activity
 Species              Molality   Activity      Molality      Activity   Coefficient    Type
  H+                    -6.957     -7.000     1.104E-07     9.994E-08     9.053E-01  Aqueous 
  Ca++                  -2.370     -2.559     4.264E-03     2.762E-03     6.479E-01  Aqueous 
  Na+                   -6.229     -6.279     5.901E-07     5.257E-07     8.909E-01  Aqueous 
  Cl-                   -2.069     -2.121     8.531E-03     7.572E-03     8.875E-01  Aqueous 
  OH-                   -6.947     -6.998     1.130E-07     1.005E-07     8.892E-01  Aqueous 
  CaOH+                 -8.291     -8.338     5.113E-09     4.588E-09     8.972E-01  Aqueous 
  NaOH(aq)             -14.079    -14.078     8.339E-15     8.364E-15     1.003E+00  Aqueous 
  CaCl+                 -5.330     -5.380     4.680E-06     4.170E-06     8.909E-01  Aqueous 
  CaCl2(aq)             -7.455     -7.454     3.507E-08     3.517E-08     1.003E+00  Aqueous 
 
  ****** Partial pressure of gases (bars) *****
 
 
  ***** Saturation state of minerals (log[Q/K] *****
 
 
 
  ***** Volum of minerals added or subtracted *****
 
 
 **************************************************************
 ------> GRID LOCATION:    26:  1:  1
 
  Temperature (C)    =     25.000
  Porosity           =      0.625
  Liquid Saturation  =      1.000
  Liquid Density     =    997.075
  Ionic Strength     =      0.012
  Solution pH        =      7.001
  Total Charge       =  8.678E-07
 
 Total Aqueous Concentrations of Primary Species 
 --------------------------------------- 
 
   Species              Molality       Type 
 H+                  -7.4724E-09     Aqueous      
 Ca++                 3.9534E-03     Aqueous      
 Na+                  5.6953E-07     Aqueous      
 Cl-                  7.9066E-03     Aqueous      
 
 Exchangers           Equiv/kgw        Equiv/g solid    Equiv/m^3 bulk
 X-                   1.4427E+00       9.2000E-04       8.9907E+02
 
 Total Concentrations in Exchange Sites 
 -------------------------------------- 
 
 Exchangers           Equiv/kgw        Equiv/g solid    Equiv/m^3 bulk
 Ca++                 7.2172E-01       4.6023E-04       4.4976E+02
 Na+                  5.7700E-06       3.6794E-09       3.5957E-03
 Cl-                  7.1993E-04       4.5909E-07       4.4864E-01
 
 Concentrations of Individual Species, Exchangers, and Surface Complexes 
 ----------------------------------------------------------------------- 
 
                           Log        Log                 Concentration     
 Species              Molality   Activity      Molality    Mol/m^3 blk  Type
  NaX                   -5.239     -5.398     5.770E-06     3.596E-03  Exchange
  CaX2                  -0.142      0.000     7.210E-01     4.493E+02  Exchange
  CaClX                 -3.143     -3.302     7.199E-04     4.486E-01  Exchange
                           Log        Log                                 Activity
 Species              Molality   Activity      Molality      Activity   Coefficient    Type
  H+                    -6.959     -7.001     1.100E-07     9.987E-08     9.079E-01  Aqueous 
  Ca++                  -2.403     -2.586     3.949E-03     2.594E-03     6.568E-01  Aqueous 
  Na+                   -6.244     -6.293     5.695E-07     5.093E-07     8.943E-01  Aqueous 
  Cl-                   -2.102     -2.152     7.902E-03     7.042E-03     8.911E-01  Aqueous 
  OH-                   -6.948     -6.997     1.127E-07     1.006E-07     8.927E-01  Aqueous 
  CaOH+                 -8.320     -8.365     4.788E-09     4.310E-09     9.002E-01  Aqueous 
  NaOH(aq)             -14.092    -14.091     8.087E-15     8.109E-15     1.003E+00  Aqueous 
  CaCl+                 -5.390     -5.439     4.071E-06     3.641E-06     8.943E-01  Aqueous 
  CaCl2(aq)             -7.545     -7.544     2.849E-08     2.857E-08     1.003E+00  Aqueous 
 
  ****** Partial pressure of gases (bars) *****
 
 
  ***** Saturation state of minerals (log[Q/K] *****
 
 
 
  ***** Volum of minerals added or subtracted *****
 
 
 **************************************************************
 ------> GRID LOCATION:    27:  1:  1
 
  Temperature (C)    =     25.000
  Porosity           =      0.625
  Liquid Saturation  =      1.000
  Liquid Density     =    997.075
  Ionic Strength     =      0.011
  Solution pH        =      7.001
  Total Charge       =  8.249E-07
 
 Total Aqueous Concentrations of Primary Species 
 --------------------------------------- 
 
   Species              Molality       Type 
 H+                  -7.0969E-09     Aqueous      
 Ca++                 3.6113E-03     Aqueous      
 Na+                  5.4609E-07     Aqueous      
 Cl-                  7.2223E-03     Aqueous      
 
 Exchangers           Equiv/kgw        Equiv/g solid    Equiv/m^3 bulk
 X-                   1.4427E+00       9.2000E-04       8.9907E+02
 
 Total Concentrations in Exchange Sites 
 -------------------------------------- 
 
 Exchangers           Equiv/kgw        Equiv/g solid    Equiv/m^3 bulk
 Ca++                 7.2168E-01       4.6020E-04       4.4973E+02
 Na+                  5.7690E-06       3.6787E-09       3.5950E-03
 Cl-                  6.3646E-04       4.0586E-07       3.9662E-01
 
 Concentrations of Individual Species, Exchangers, and Surface Complexes 
 ----------------------------------------------------------------------- 
 
                           Log        Log                 Concentration     
 Species              Molality   Activity      Molality    Mol/m^3 blk  Type
  NaX                   -5.239     -5.398     5.769E-06     3.595E-03  Exchange
  CaX2                  -0.142      0.000     7.210E-01     4.493E+02  Exchange
  CaClX                 -3.196     -3.355     6.365E-04     3.966E-01  Exchange
                           Log        Log                                 Activity
 Species              Molality   Activity      Molality      Activity   Coefficient    Type
  H+                    -6.960     -7.001     1.096E-07     9.981E-08     9.109E-01  Aqueous 
  Ca++                  -2.443     -2.619     3.608E-03     2.407E-03     6.671E-01  Aqueous 
  Na+                   -6.263     -6.309     5.461E-07     4.905E-07     8.983E-01  Aqueous 
  Cl-                   -2.142     -2.190     7.219E-03     6.463E-03     8.953E-01  Aqueous 
  OH-                   -6.950     -6.997     1.122E-07     1.007E-07     8.968E-01  Aqueous 
  CaOH+                 -8.354     -8.398     4.428E-09     4.002E-09     9.037E-01  Aqueous 
  NaOH(aq)             -14.108    -14.107     7.794E-15     7.814E-15     1.002E+00  Aqueous 
  CaCl+                 -5.462     -5.509     3.452E-06     3.101E-06     8.983E-01  Aqueous 
  CaCl2(aq)             -7.652     -7.651     2.227E-08     2.233E-08     1.002E+00  Aqueous 
 
  ****** Partial pressure of gases (bars) *****
 
 
  ***** Saturation state of minerals (log[Q/K] *****
 
 
 
  ***** Volum of minerals added or subtracted *****
 
 
 **************************************************************
 ------> GRID LOCATION:    28:  1:  1
 
  Temperature (C)    =     25.000
  Porosity           =      0.625
  Liquid Saturation  =      1.000
  Liquid Density     =    997.075
  Ionic Strength     =      0.010
  Solution pH        =      7.001
  Total Charge       =  7.744E-07
 
 Total Aqueous Concentrations of Primary Species 
 --------------------------------------- 
 
   Species              Molality       Type 
 H+                  -6.6550E-09     Aqueous      
 Ca++                 3.2514E-03     Aqueous      
 Na+                  5.2006E-07     Aqueous      
 Cl-                  6.5026E-03     Aqueous      
 
 Exchangers           Equiv/kgw        Equiv/g solid    Equiv/m^3 bulk
 X-                   1.4427E+00       9.2000E-04       8.9907E+02
 
 Total Concentrations in Exchange Sites 
 -------------------------------------- 
 
 Exchangers           Equiv/kgw        Equiv/g solid    Equiv/m^3 bulk
 Ca++                 7.2164E-01       4.6017E-04       4.4971E+02
 Na+                  5.7678E-06       3.6780E-09       3.5943E-03
 Cl-                  5.5142E-04       3.5163E-07       3.4363E-01
 
 Concentrations of Individual Species, Exchangers, and Surface Complexes 
 ----------------------------------------------------------------------- 
 
                           Log        Log                 Concentration     
 Species              Molality   Activity      Molality    Mol/m^3 blk  Type
  NaX                   -5.239     -5.398     5.768E-06     3.594E-03  Exchange
  CaX2                  -0.142      0.000     7.211E-01     4.494E+02  Exchange
  CaClX                 -3.259     -3.418     5.514E-04     3.436E-01  Exchange
                           Log        Log                                 Activity
 Species              Molality   Activity      Molality      Activity   Coefficient    Type
  H+                    -6.962     -7.001     1.091E-07     9.976E-08     9.143E-01  Aqueous 
  Ca++                  -2.488     -2.657     3.249E-03     2.205E-03     6.788E-01  Aqueous 
  Na+                   -6.284     -6.328     5.201E-07     4.694E-07     9.027E-01  Aqueous 
  Cl-                   -2.187     -2.233     6.500E-03     5.849E-03     8.999E-01  Aqueous 
  OH-                   -6.952     -6.997     1.117E-07     1.007E-07     9.013E-01  Aqueous 
  CaOH+                 -8.393     -8.436     4.041E-09     3.668E-09     9.077E-01  Aqueous 
  NaOH(aq)             -14.127    -14.126     7.465E-15     7.481E-15     1.002E+00  Aqueous 
  CaCl+                 -5.545     -5.590     2.849E-06     2.571E-06     9.027E-01  Aqueous 
  CaCl2(aq)             -7.777     -7.776     1.672E-08     1.676E-08     1.002E+00  Aqueous 
 
  ****** Partial pressure of gases (bars) *****
 
 
  ***** Saturation state of minerals (log[Q/K] *****
 
 
 
  ***** Volum of minerals added or subtracted *****
 
 
 **************************************************************
 ------> GRID LOCATION:    29:  1:  1
 
  Temperature (C)    =     25.000
  Porosity           =      0.625
  Liquid Saturation  =      1.000
  Liquid Density     =    997.075
  Ionic Strength     =      0.009
  Solution pH        =      7.001
  Total Charge       =  7.171E-07
 
 Total Aqueous Concentrations of Primary Species 
 --------------------------------------- 
 
   Species              Molality       Type 
 H+                  -6.1531E-09     Aqueous      
 Ca++                 2.8845E-03     Aqueous      
 Na+                  4.9182E-07     Aqueous      
 Cl-                  5.7687E-03     Aqueous      
 
 Exchangers           Equiv/kgw        Equiv/g solid    Equiv/m^3 bulk
 X-                   1.4427E+00       9.2000E-04       8.9907E+02
 
 Total Concentrations in Exchange Sites 
 -------------------------------------- 
 
 Exchangers           Equiv/kgw        Equiv/g solid    Equiv/m^3 bulk
 Ca++                 7.2160E-01       4.6015E-04       4.4968E+02
 Na+                  5.7667E-06       3.6773E-09       3.5936E-03
 Cl-                  4.6788E-04       2.9836E-07       2.9157E-01
 
 Concentrations of Individual Species, Exchangers, and Surface Complexes 
 ----------------------------------------------------------------------- 
 
                           Log        Log                 Concentration     
 Species              Molality   Activity      Molality    Mol/m^3 blk  Type
  NaX                   -5.239     -5.398     5.767E-06     3.594E-03  Exchange
  CaX2                  -0.142      0.000     7.211E-01     4.494E+02  Exchange
  CaClX                 -3.330     -3.489     4.679E-04     2.916E-01  Exchange
                           Log        Log                                 Activity
 Species              Molality   Activity      Molality      Activity   Coefficient    Type
  H+                    -6.964     -7.001     1.086E-07     9.973E-08     9.181E-01  Aqueous 
  Ca++                  -2.540     -2.700     2.882E-03     1.994E-03     6.919E-01  Aqueous 
  Na+                   -6.308     -6.350     4.918E-07     4.463E-07     9.075E-01  Aqueous 
  Cl-                   -2.239     -2.282     5.766E-03     5.219E-03     9.050E-01  Aqueous 
  OH-                   -6.954     -6.997     1.111E-07     1.007E-07     9.063E-01  Aqueous 
  CaOH+                 -8.439     -8.479     3.639E-09     3.319E-09     9.120E-01  Aqueous 
  NaOH(aq)             -14.149    -14.148     7.101E-15     7.115E-15     1.002E+00  Aqueous 
  CaCl+                 -5.641     -5.683     2.286E-06     2.075E-06     9.075E-01  Aqueous 
  CaCl2(aq)             -7.919     -7.919     1.204E-08     1.206E-08     1.002E+00  Aqueous 
 
  ****** Partial pressure of gases (bars) *****
 
 
  ***** Saturation state of minerals (log[Q/K] *****
 
 
 
  ***** Volum of minerals added or subtracted *****
 
 
 **************************************************************
 ------> GRID LOCATION:    30:  1:  1
 
  Temperature (C)    =     25.000
  Porosity           =      0.625
  Liquid Saturation  =      1.000
  Liquid Density     =    997.075
  Ionic Strength     =      0.008
  Solution pH        =      7.001
  Total Charge       =  6.542E-07
 
 Total Aqueous Concentrations of Primary Species 
 --------------------------------------- 
 
   Species              Molality       Type 
 H+                  -5.6022E-09     Aqueous      
 Ca++                 2.5209E-03     Aqueous      
 Na+                  4.6182E-07     Aqueous      
 Cl-                  5.0415E-03     Aqueous      
 
 Exchangers           Equiv/kgw        Equiv/g solid    Equiv/m^3 bulk
 X-                   1.4427E+00       9.2000E-04       8.9907E+02
 
 Total Concentrations in Exchange Sites 
 -------------------------------------- 
 
 Exchangers           Equiv/kgw        Equiv/g solid    Equiv/m^3 bulk
 Ca++                 7.2156E-01       4.6012E-04       4.4965E+02
 Na+                  5.7656E-06       3.6766E-09       3.5929E-03
 Cl-                  3.8859E-04       2.4780E-07       2.4216E-01
 
 Concentrations of Individual Species, Exchangers, and Surface Complexes 
 ----------------------------------------------------------------------- 
 
                           Log        Log                 Concentration     
 Species              Molality   Activity      Molality    Mol/m^3 blk  Type
  NaX                   -5.239     -5.398     5.766E-06     3.593E-03  Exchange
  CaX2                  -0.142      0.000     7.212E-01     4.494E+02  Exchange
  CaClX                 -3.411     -3.570     3.886E-04     2.422E-01  Exchange
                           Log        Log                                 Activity
 Species              Molality   Activity      Molality      Activity   Coefficient    Type
  H+                    -6.966     -7.001     1.081E-07     9.972E-08     9.222E-01  Aqueous 
  Ca++                  -2.599     -2.750     2.519E-03     1.779E-03     7.064E-01  Aqueous 
  Na+                   -6.336     -6.375     4.618E-07     4.215E-07     9.127E-01  Aqueous 
  Cl-                   -2.298     -2.338     5.040E-03     4.589E-03     9.105E-01  Aqueous 
  OH-                   -6.957     -6.997     1.105E-07     1.007E-07     9.116E-01  Aqueous 
  CaOH+                 -8.491     -8.529     3.230E-09     2.961E-09     9.168E-01  Aqueous 
  NaOH(aq)             -14.173    -14.173     6.708E-15     6.720E-15     1.002E+00  Aqueous 
  CaCl+                 -5.749     -5.788     1.783E-06     1.628E-06     9.127E-01  Aqueous 
  CaCl2(aq)             -8.081     -8.080     8.307E-09     8.321E-09     1.002E+00  Aqueous 
 
  ****** Partial pressure of gases (bars) *****
 
 
  ***** Saturation state of minerals (log[Q/K] *****
 
 
 
  ***** Volum of minerals added or subtracted *****
 
 
 **************************************************************
 ------> GRID LOCATION:    31:  1:  1
 
  Temperature (C)    =     25.000
  Porosity           =      0.625
  Liquid Saturation  =      1.000
  Liquid Density     =    997.075
  Ionic Strength     =      0.006
  Solution pH        =      7.001
  Total Charge       =  5.874E-07
 
 Total Aqueous Concentrations of Primary Species 
 --------------------------------------- 
 
   Species              Molality       Type 
 H+                  -5.0170E-09     Aqueous      
 Ca++                 2.1701E-03     Aqueous      
 Na+                  4.3053E-07     Aqueous      
 Cl-                  4.3401E-03     Aqueous      
 
 Exchangers           Equiv/kgw        Equiv/g solid    Equiv/m^3 bulk
 X-                   1.4427E+00       9.2000E-04       8.9907E+02
 
 Total Concentrations in Exchange Sites 
 -------------------------------------- 
 
 Exchangers           Equiv/kgw        Equiv/g solid    Equiv/m^3 bulk
 Ca++                 7.2152E-01       4.6010E-04       4.4963E+02
 Na+                  5.7646E-06       3.6760E-09       3.5923E-03
 Cl-                  3.1581E-04       2.0138E-07       1.9680E-01
 
 Concentrations of Individual Species, Exchangers, and Surface Complexes 
 ----------------------------------------------------------------------- 
 
                           Log        Log                 Concentration     
 Species              Molality   Activity      Molality    Mol/m^3 blk  Type
  NaX                   -5.239     -5.398     5.765E-06     3.592E-03  Exchange
  CaX2                  -0.142      0.000     7.212E-01     4.494E+02  Exchange
  CaClX                 -3.501     -3.660     3.158E-04     1.968E-01  Exchange
                           Log        Log                                 Activity
 Species              Molality   Activity      Molality      Activity   Coefficient    Type
  H+                    -6.968     -7.001     1.076E-07     9.973E-08     9.266E-01  Aqueous 
  Ca++                  -2.664     -2.805     2.169E-03     1.566E-03     7.219E-01  Aqueous 
  Na+                   -6.366     -6.403     4.305E-07     3.953E-07     9.182E-01  Aqueous 
  Cl-                   -2.363     -2.401     4.339E-03     3.975E-03     9.163E-01  Aqueous 
  OH-                   -6.959     -6.997     1.098E-07     1.007E-07     9.172E-01  Aqueous 
  CaOH+                 -8.549     -8.584     2.826E-09     2.605E-09     9.218E-01  Aqueous 
  NaOH(aq)             -14.201    -14.201     6.293E-15     6.302E-15     1.001E+00  Aqueous 
  CaCl+                 -5.869     -5.906     1.351E-06     1.241E-06     9.182E-01  Aqueous 
  CaCl2(aq)             -8.261     -8.260     5.487E-09     5.496E-09     1.001E+00  Aqueous 
 
  ****** Partial pressure of gases (bars) *****
 
 
  ***** Saturation state of minerals (log[Q/K] *****
 
 
 
  ***** Volum of minerals added or subtracted *****
 
 
 **************************************************************
 ------> GRID LOCATION:    32:  1:  1
 
  Temperature (C)    =     25.000
  Porosity           =      0.625
  Liquid Saturation  =      1.000
  Liquid Density     =    997.075
  Ionic Strength     =      0.005
  Solution pH        =      7.001
  Total Charge       =  5.186E-07
 
 Total Aqueous Concentrations of Primary Species 
 --------------------------------------- 
 
   Species              Molality       Type 
 H+                  -4.4150E-09     Aqueous      
 Ca++                 1.8403E-03     Aqueous      
 Na+                  3.9845E-07     Aqueous      
 Cl-                  3.6805E-03     Aqueous      
 
 Exchangers           Equiv/kgw        Equiv/g solid    Equiv/m^3 bulk
 X-                   1.4427E+00       9.2000E-04       8.9907E+02
 
 Total Concentrations in Exchange Sites 
 -------------------------------------- 
 
 Exchangers           Equiv/kgw        Equiv/g solid    Equiv/m^3 bulk
 Ca++                 7.2149E-01       4.6008E-04       4.4961E+02
 Na+                  5.7638E-06       3.6755E-09       3.5919E-03
 Cl-                  2.5108E-04       1.6011E-07       1.5646E-01
 
 Concentrations of Individual Species, Exchangers, and Surface Complexes 
 ----------------------------------------------------------------------- 
 
                           Log        Log                 Concentration     
 Species              Molality   Activity      Molality    Mol/m^3 blk  Type
  NaX                   -5.239     -5.398     5.764E-06     3.592E-03  Exchange
  CaX2                  -0.142      0.000     7.212E-01     4.495E+02  Exchange
  CaClX                 -3.600     -3.759     2.511E-04     1.565E-01  Exchange
                           Log        Log                                 Activity
 Species              Molality   Activity      Molality      Activity   Coefficient    Type
  H+                    -6.970     -7.001     1.071E-07     9.976E-08     9.312E-01  Aqueous 
  Ca++                  -2.735     -2.867     1.839E-03     1.358E-03     7.384E-01  Aqueous 
  Na+                   -6.400     -6.434     3.985E-07     3.681E-07     9.239E-01  Aqueous 
  Cl-                   -2.434     -2.469     3.680E-03     3.393E-03     9.222E-01  Aqueous 
  OH-                   -6.962     -6.997     1.091E-07     1.007E-07     9.231E-01  Aqueous 
  CaOH+                 -8.613     -8.646     2.438E-09     2.260E-09     9.270E-01  Aqueous 
  NaOH(aq)             -14.232    -14.232     5.860E-15     5.867E-15     1.001E+00  Aqueous 
  CaCl+                 -6.002     -6.037     9.944E-07     9.187E-07     9.239E-01  Aqueous 
  CaCl2(aq)             -8.460     -8.459     3.469E-09     3.473E-09     1.001E+00  Aqueous 
 
  ****** Partial pressure of gases (bars) *****
 
 
  ***** Saturation state of minerals (log[Q/K] *****
 
 
 
  ***** Volum of minerals added or subtracted *****
 
 
 **************************************************************
 ------> GRID LOCATION:    33:  1:  1
 
  Temperature (C)    =     25.000
  Porosity           =      0.625
  Liquid Saturation  =      1.000
  Liquid Density     =    997.075
  Ionic Strength     =      0.005
  Solution pH        =      7.001
  Total Charge       =  4.500E-07
 
 Total Aqueous Concentrations of Primary Species 
 --------------------------------------- 
 
   Species              Molality       Type 
 H+                  -3.8141E-09     Aqueous      
 Ca++                 1.5374E-03     Aqueous      
 Na+                  3.6609E-07     Aqueous      
 Cl-                  3.0747E-03     Aqueous      
 
 Exchangers           Equiv/kgw        Equiv/g solid    Equiv/m^3 bulk
 X-                   1.4427E+00       9.2000E-04       8.9907E+02
 
 Total Concentrations in Exchange Sites 
 -------------------------------------- 
 
 Exchangers           Equiv/kgw        Equiv/g solid    Equiv/m^3 bulk
 Ca++                 7.2146E-01       4.6006E-04       4.4959E+02
 Na+                  5.7633E-06       3.6751E-09       3.5915E-03
 Cl-                  1.9524E-04       1.2450E-07       1.2167E-01
 
 Concentrations of Individual Species, Exchangers, and Surface Complexes 
 ----------------------------------------------------------------------- 
 
                           Log        Log                 Concentration     
 Species              Molality   Activity      Molality    Mol/m^3 blk  Type
  NaX                   -5.239     -5.399     5.763E-06     3.592E-03  Exchange
  CaX2                  -0.142      0.000     7.213E-01     4.495E+02  Exchange
  CaClX                 -3.709     -3.869     1.952E-04     1.217E-01  Exchange
                           Log        Log                                 Activity
 Species              Molality   Activity      Molality      Activity   Coefficient    Type
  H+                    -6.972     -7.001     1.066E-07     9.979E-08     9.360E-01  Aqueous 
  Ca++                  -2.813     -2.935     1.537E-03     1.161E-03     7.557E-01  Aqueous 
  Na+                   -6.436     -6.468     3.661E-07     3.404E-07     9.297E-01  Aqueous 
  Cl-                   -2.512     -2.545     3.074E-03     2.854E-03     9.283E-01  Aqueous 
  OH-                   -6.965     -6.997     1.084E-07     1.007E-07     9.290E-01  Aqueous 
  CaOH+                 -8.684     -8.714     2.071E-09     1.931E-09     9.324E-01  Aqueous 
  NaOH(aq)             -14.266    -14.266     5.417E-15     5.422E-15     1.001E+00  Aqueous 
  CaCl+                 -6.148     -6.180     7.105E-07     6.606E-07     9.297E-01  Aqueous 
  CaCl2(aq)             -8.678     -8.678     2.098E-09     2.100E-09     1.001E+00  Aqueous 
 
  ****** Partial pressure of gases (bars) *****
 
 
  ***** Saturation state of minerals (log[Q/K] *****
 
 
 
  ***** Volum of minerals added or subtracted *****
 
 
 **************************************************************
 ------> GRID LOCATION:    34:  1:  1
 
  Temperature (C)    =     25.000
  Porosity           =      0.625
  Liquid Saturation  =      1.000
  Liquid Density     =    997.075
  Ionic Strength     =      0.004
  Solution pH        =      7.001
  Total Charge       =  3.835E-07
 
 Total Aqueous Concentrations of Primary Species 
 --------------------------------------- 
 
   Species              Molality       Type 
 H+                  -3.2319E-09     Aqueous      
 Ca++                 1.2654E-03     Aqueous      
 Na+                  3.3390E-07     Aqueous      
 Cl-                  2.5307E-03     Aqueous      
 
 Exchangers           Equiv/kgw        Equiv/g solid    Equiv/m^3 bulk
 X-                   1.4427E+00       9.2000E-04       8.9907E+02
 
 Total Concentrations in Exchange Sites 
 -------------------------------------- 
 
 Exchangers           Equiv/kgw        Equiv/g solid    Equiv/m^3 bulk
 Ca++                 7.2144E-01       4.6005E-04       4.4958E+02
 Na+                  5.7631E-06       3.6750E-09       3.5914E-03
 Cl-                  1.4847E-04       9.4676E-08       9.2522E-02
 
 Concentrations of Individual Species, Exchangers, and Surface Complexes 
 ----------------------------------------------------------------------- 
 
                           Log        Log                 Concentration     
 Species              Molality   Activity      Molality    Mol/m^3 blk  Type
  NaX                   -5.239     -5.399     5.763E-06     3.591E-03  Exchange
  CaX2                  -0.142      0.000     7.213E-01     4.495E+02  Exchange
  CaClX                 -3.828     -3.988     1.485E-04     9.252E-02  Exchange
                           Log        Log                                 Activity
 Species              Molality   Activity      Molality      Activity   Coefficient    Type
  H+                    -6.974     -7.001     1.061E-07     9.984E-08     9.409E-01  Aqueous 
  Ca++                  -2.898     -3.009     1.265E-03     9.784E-04     7.735E-01  Aqueous 
  Na+                   -6.476     -6.505     3.339E-07     3.124E-07     9.356E-01  Aqueous 
  Cl-                   -2.597     -2.626     2.530E-03     2.364E-03     9.344E-01  Aqueous 
  OH-                   -6.968     -6.997     1.076E-07     1.006E-07     9.350E-01  Aqueous 
  CaOH+                 -8.761     -8.789     1.734E-09     1.626E-09     9.378E-01  Aqueous 
  NaOH(aq)             -14.304    -14.303     4.970E-15     4.974E-15     1.001E+00  Aqueous 
  CaCl+                 -6.307     -6.336     4.928E-07     4.611E-07     9.356E-01  Aqueous 
  CaCl2(aq)             -8.916     -8.916     1.213E-09     1.214E-09     1.001E+00  Aqueous 
 
  ****** Partial pressure of gases (bars) *****
 
 
  ***** Saturation state of minerals (log[Q/K] *****
 
 
 
  ***** Volum of minerals added or subtracted *****
 
 
 **************************************************************
 ------> GRID LOCATION:    35:  1:  1
 
  Temperature (C)    =     25.000
  Porosity           =      0.625
  Liquid Saturation  =      1.000
  Liquid Density     =    997.075
  Ionic Strength     =      0.003
  Solution pH        =      7.000
  Total Charge       =  3.209E-07
 
 Total Aqueous Concentrations of Primary Species 
 --------------------------------------- 
 
   Species              Molality       Type 
 H+                  -2.6837E-09     Aqueous      
 Ca++                 1.0261E-03     Aqueous      
 Na+                  3.0231E-07     Aqueous      
 Cl-                  2.0522E-03     Aqueous      
 
 Exchangers           Equiv/kgw        Equiv/g solid    Equiv/m^3 bulk
 X-                   1.4427E+00       9.2000E-04       8.9907E+02
 
 Total Concentrations in Exchange Sites 
 -------------------------------------- 
 
 Exchangers           Equiv/kgw        Equiv/g solid    Equiv/m^3 bulk
 Ca++                 7.2142E-01       4.6003E-04       4.4957E+02
 Na+                  5.7631E-06       3.6750E-09       3.5914E-03
 Cl-                  1.1040E-04       7.0401E-08       6.8799E-02
 
 Concentrations of Individual Species, Exchangers, and Surface Complexes 
 ----------------------------------------------------------------------- 
 
                           Log        Log                 Concentration     
 Species              Molality   Activity      Molality    Mol/m^3 blk  Type
  NaX                   -5.239     -5.399     5.763E-06     3.591E-03  Exchange
  CaX2                  -0.142      0.000     7.213E-01     4.495E+02  Exchange
  CaClX                 -3.957     -4.116     1.104E-04     6.880E-02  Exchange
                           Log        Log                                 Activity
 Species              Molality   Activity      Molality      Activity   Coefficient    Type
  H+                    -6.976     -7.000     1.056E-07     9.990E-08     9.458E-01  Aqueous 
  Ca++                  -2.989     -3.090     1.026E-03     8.120E-04     7.916E-01  Aqueous 
  Na+                   -6.520     -6.546     3.023E-07     2.846E-07     9.414E-01  Aqueous 
  Cl-                   -2.688     -2.715     2.052E-03     1.930E-03     9.404E-01  Aqueous 
  OH-                   -6.971     -6.998     1.069E-07     1.006E-07     9.409E-01  Aqueous 
  CaOH+                 -8.845     -8.870     1.430E-09     1.349E-09     9.433E-01  Aqueous 
  NaOH(aq)             -14.344    -14.344     4.526E-15     4.529E-15     1.001E+00  Aqueous 
  CaCl+                 -6.479     -6.505     3.318E-07     3.124E-07     9.414E-01  Aqueous 
  CaCl2(aq)             -9.173     -9.173     6.710E-10     6.715E-10     1.001E+00  Aqueous 
 
  ****** Partial pressure of gases (bars) *****
 
 
  ***** Saturation state of minerals (log[Q/K] *****
 
 
 
  ***** Volum of minerals added or subtracted *****
 
 
 **************************************************************
 ------> GRID LOCATION:    36:  1:  1
 
  Temperature (C)    =     25.000
  Porosity           =      0.625
  Liquid Saturation  =      1.000
  Liquid Density     =    997.075
  Ionic Strength     =      0.002
  Solution pH        =      7.000
  Total Charge       =  2.636E-07
 
 Total Aqueous Concentrations of Primary Species 
 --------------------------------------- 
 
   Species              Molality       Type 
 H+                  -2.1817E-09     Aqueous      
 Ca++                 8.1994E-04     Aqueous      
 Na+                  2.7169E-07     Aqueous      
 Cl-                  1.6399E-03     Aqueous      
 
 Exchangers           Equiv/kgw        Equiv/g solid    Equiv/m^3 bulk
 X-                   1.4427E+00       9.2000E-04       8.9907E+02
 
 Total Concentrations in Exchange Sites 
 -------------------------------------- 
 
 Exchangers           Equiv/kgw        Equiv/g solid    Equiv/m^3 bulk
 Ca++                 7.2140E-01       4.6002E-04       4.4956E+02
 Na+                  5.7634E-06       3.6752E-09       3.5916E-03
 Cl-                  8.0264E-05       5.1183E-08       5.0018E-02
 
 Concentrations of Individual Species, Exchangers, and Surface Complexes 
 ----------------------------------------------------------------------- 
 
                           Log        Log                 Concentration     
 Species              Molality   Activity      Molality    Mol/m^3 blk  Type
  NaX                   -5.239     -5.399     5.763E-06     3.592E-03  Exchange
  CaX2                  -0.142      0.000     7.213E-01     4.495E+02  Exchange
  CaClX                 -4.095     -4.255     8.026E-05     5.002E-02  Exchange
                           Log        Log                                 Activity
 Species              Molality   Activity      Molality      Activity   Coefficient    Type
  H+                    -6.978     -7.000     1.051E-07     9.996E-08     9.507E-01  Aqueous 
  Ca++                  -3.086     -3.178     8.197E-04     6.638E-04     8.098E-01  Aqueous 
  Na+                   -6.566     -6.590     2.717E-07     2.573E-07     9.471E-01  Aqueous 
  Cl-                   -2.785     -2.809     1.640E-03     1.552E-03     9.463E-01  Aqueous 
  OH-                   -6.974     -6.998     1.062E-07     1.005E-07     9.467E-01  Aqueous 
  CaOH+                 -8.935     -8.958     1.162E-09     1.102E-09     9.486E-01  Aqueous 
  NaOH(aq)             -14.388    -14.388     4.090E-15     4.093E-15     1.001E+00  Aqueous 
  CaCl+                 -6.664     -6.688     2.168E-07     2.053E-07     9.471E-01  Aqueous 
  CaCl2(aq)             -9.450     -9.450     3.547E-10     3.549E-10     1.001E+00  Aqueous 
 
  ****** Partial pressure of gases (bars) *****
 
 
  ***** Saturation state of minerals (log[Q/K] *****
 
 
 
  ***** Volum of minerals added or subtracted *****
 
 
 **************************************************************
 ------> GRID LOCATION:    37:  1:  1
 
  Temperature (C)    =     25.000
  Porosity           =      0.625
  Liquid Saturation  =      1.000
  Liquid Density     =    997.075
  Ionic Strength     =      0.002
  Solution pH        =      7.000
  Total Charge       =  2.125E-07
 
 Total Aqueous Concentrations of Primary Species 
 --------------------------------------- 
 
   Species              Molality       Type 
 H+                  -1.7341E-09     Aqueous      
 Ca++                 6.4561E-04     Aqueous      
 Na+                  2.4236E-07     Aqueous      
 Cl-                  1.2912E-03     Aqueous      
 
 Exchangers           Equiv/kgw        Equiv/g solid    Equiv/m^3 bulk
 X-                   1.4427E+00       9.2000E-04       8.9907E+02
 
 Total Concentrations in Exchange Sites 
 -------------------------------------- 
 
 Exchangers           Equiv/kgw        Equiv/g solid    Equiv/m^3 bulk
 Ca++                 7.2139E-01       4.6002E-04       4.4955E+02
 Na+                  5.7640E-06       3.6756E-09       3.5919E-03
 Cl-                  5.7044E-05       3.6376E-08       3.5548E-02
 
 Concentrations of Individual Species, Exchangers, and Surface Complexes 
 ----------------------------------------------------------------------- 
 
                           Log        Log                 Concentration     
 Species              Molality   Activity      Molality    Mol/m^3 blk  Type
  NaX                   -5.239     -5.398     5.764E-06     3.592E-03  Exchange
  CaX2                  -0.142      0.000     7.213E-01     4.495E+02  Exchange
  CaClX                 -4.244     -4.403     5.704E-05     3.555E-02  Exchange
                           Log        Log                                 Activity
 Species              Molality   Activity      Molality      Activity   Coefficient    Type
  H+                    -6.980     -7.000     1.047E-07     1.000E-07     9.556E-01  Aqueous 
  Ca++                  -3.190     -3.272     6.455E-04     5.343E-04     8.278E-01  Aqueous 
  Na+                   -6.616     -6.637     2.424E-07     2.309E-07     9.526E-01  Aqueous 
  Cl-                   -2.889     -2.910     1.291E-03     1.229E-03     9.520E-01  Aqueous 
  OH-                   -6.977     -6.998     1.055E-07     1.004E-07     9.523E-01  Aqueous 
  CaOH+                 -9.032     -9.052     9.294E-10     8.865E-10     9.538E-01  Aqueous 
  NaOH(aq)             -14.436    -14.435     3.668E-15     3.670E-15     1.000E+00  Aqueous 
  CaCl+                 -6.862     -6.883     1.374E-07     1.309E-07     9.526E-01  Aqueous 
  CaCl2(aq)             -9.747     -9.746     1.792E-10     1.793E-10     1.000E+00  Aqueous 
 
  ****** Partial pressure of gases (bars) *****
 
 
  ***** Saturation state of minerals (log[Q/K] *****
 
 
 
  ***** Volum of minerals added or subtracted *****
 
 
 **************************************************************
 ------> GRID LOCATION:    38:  1:  1
 
  Temperature (C)    =     25.000
  Porosity           =      0.625
  Liquid Saturation  =      1.000
  Liquid Density     =    997.075
  Ionic Strength     =      0.001
  Solution pH        =      7.000
  Total Charge       =  1.681E-07
 
 Total Aqueous Concentrations of Primary Species 
 --------------------------------------- 
 
   Species              Molality       Type 
 H+                  -1.3453E-09     Aqueous      
 Ca++                 5.0092E-04     Aqueous      
 Na+                  2.1458E-07     Aqueous      
 Cl-                  1.0019E-03     Aqueous      
 
 Exchangers           Equiv/kgw        Equiv/g solid    Equiv/m^3 bulk
 X-                   1.4427E+00       9.2000E-04       8.9907E+02
 
 Total Concentrations in Exchange Sites 
 -------------------------------------- 
 
 Exchangers           Equiv/kgw        Equiv/g solid    Equiv/m^3 bulk
 Ca++                 7.2138E-01       4.6001E-04       4.4955E+02
 Na+                  5.7647E-06       3.6761E-09       3.5924E-03
 Cl-                  3.9624E-05       2.5268E-08       2.4693E-02
 
 Concentrations of Individual Species, Exchangers, and Surface Complexes 
 ----------------------------------------------------------------------- 
 
                           Log        Log                 Concentration     
 Species              Molality   Activity      Molality    Mol/m^3 blk  Type
  NaX                   -5.239     -5.398     5.765E-06     3.592E-03  Exchange
  CaX2                  -0.142      0.000     7.213E-01     4.495E+02  Exchange
  CaClX                 -4.402     -4.561     3.962E-05     2.469E-02  Exchange
                           Log        Log                                 Activity
 Species              Molality   Activity      Molality      Activity   Coefficient    Type
  H+                    -6.982     -7.000     1.042E-07     1.001E-07     9.602E-01  Aqueous 
  Ca++                  -3.300     -3.373     5.008E-04     4.234E-04     8.453E-01  Aqueous 
  Na+                   -6.668     -6.687     2.146E-07     2.055E-07     9.579E-01  Aqueous 
  Cl-                   -2.999     -3.018     1.002E-03     9.591E-04     9.574E-01  Aqueous 
  OH-                   -6.980     -6.998     1.048E-07     1.004E-07     9.576E-01  Aqueous 
  CaOH+                 -9.135     -9.154     7.322E-10     7.021E-10     9.589E-01  Aqueous 
  NaOH(aq)             -14.486    -14.486     3.265E-15     3.266E-15     1.000E+00  Aqueous 
  CaCl+                 -7.073     -7.092     8.450E-08     8.095E-08     9.579E-01  Aqueous 
  CaCl2(aq)            -10.063    -10.063     8.647E-11     8.650E-11     1.000E+00  Aqueous 
 
  ****** Partial pressure of gases (bars) *****
 
 
  ***** Saturation state of minerals (log[Q/K] *****
 
 
 
  ***** Volum of minerals added or subtracted *****
 
 
 **************************************************************
 ------> GRID LOCATION:    39:  1:  1
 
  Temperature (C)    =     25.000
  Porosity           =      0.625
  Liquid Saturation  =      1.000
  Liquid Density     =    997.075
  Ionic Strength     =      0.001
  Solution pH        =      6.999
  Total Charge       =  1.305E-07
 
 Total Aqueous Concentrations of Primary Species 
 --------------------------------------- 
 
   Species              Molality       Type 
 H+                  -1.0161E-09     Aqueous      
 Ca++                 3.8296E-04     Aqueous      
 Na+                  1.8855E-07     Aqueous      
 Cl-                  7.6598E-04     Aqueous      
 
 Exchangers           Equiv/kgw        Equiv/g solid    Equiv/m^3 bulk
 X-                   1.4427E+00       9.2000E-04       8.9907E+02
 
 Total Concentrations in Exchange Sites 
 -------------------------------------- 
 
 Exchangers           Equiv/kgw        Equiv/g solid    Equiv/m^3 bulk
 Ca++                 7.2138E-01       4.6001E-04       4.4954E+02
 Na+                  5.7657E-06       3.6767E-09       3.5930E-03
 Cl-                  2.6896E-05       1.7151E-08       1.6761E-02
 
 Concentrations of Individual Species, Exchangers, and Surface Complexes 
 ----------------------------------------------------------------------- 
 
                           Log        Log                 Concentration     
 Species              Molality   Activity      Molality    Mol/m^3 blk  Type
  NaX                   -5.239     -5.398     5.766E-06     3.593E-03  Exchange
  CaX2                  -0.142      0.000     7.213E-01     4.495E+02  Exchange
  CaClX                 -4.570     -4.729     2.690E-05     1.676E-02  Exchange
                           Log        Log                                 Activity
 Species              Molality   Activity      Molality      Activity   Coefficient    Type
  H+                    -6.984     -6.999     1.038E-07     1.001E-07     9.647E-01  Aqueous 
  Ca++                  -3.417     -3.481     3.829E-04     3.302E-04     8.623E-01  Aqueous 
  Na+                   -6.725     -6.741     1.885E-07     1.816E-07     9.629E-01  Aqueous 
  Cl-                   -3.116     -3.132     7.659E-04     7.372E-04     9.625E-01  Aqueous 
  OH-                   -6.982     -6.999     1.042E-07     1.003E-07     9.627E-01  Aqueous 
  CaOH+                 -9.246     -9.262     5.680E-10     5.473E-10     9.636E-01  Aqueous 
  NaOH(aq)             -14.540    -14.540     2.882E-15     2.883E-15     1.000E+00  Aqueous 
  CaCl+                 -7.298     -7.314     5.039E-08     4.852E-08     9.629E-01  Aqueous 
  CaCl2(aq)            -10.400    -10.400     3.984E-11     3.985E-11     1.000E+00  Aqueous 
 
  ****** Partial pressure of gases (bars) *****
 
 
  ***** Saturation state of minerals (log[Q/K] *****
 
 
 
  ***** Volum of minerals added or subtracted *****
 
 
 **************************************************************
 ------> GRID LOCATION:    40:  1:  1
 
  Temperature (C)    =     25.000
  Porosity           =      0.625
  Liquid Saturation  =      1.000
  Liquid Density     =    997.075
  Ionic Strength     =      0.001
  Solution pH        =      6.999
  Total Charge       =  9.943E-08
 
 Total Aqueous Concentrations of Primary Species 
 --------------------------------------- 
 
   Species              Molality       Type 
 H+                  -7.4396E-10     Aqueous      
 Ca++                 2.8847E-04     Aqueous      
 Na+                  1.6441E-07     Aqueous      
 Cl-                  5.7700E-04     Aqueous      
 
 Exchangers           Equiv/kgw        Equiv/g solid    Equiv/m^3 bulk
 X-                   1.4427E+00       9.2000E-04       8.9907E+02
 
 Total Concentrations in Exchange Sites 
 -------------------------------------- 
 
 Exchangers           Equiv/kgw        Equiv/g solid    Equiv/m^3 bulk
 Ca++                 7.2137E-01       4.6000E-04       4.4954E+02
 Na+                  5.7668E-06       3.6774E-09       3.5937E-03
 Cl-                  1.7836E-05       1.1374E-08       1.1115E-02
 
 Concentrations of Individual Species, Exchangers, and Surface Complexes 
 ----------------------------------------------------------------------- 
 
                           Log        Log                 Concentration     
 Species              Molality   Activity      Molality    Mol/m^3 blk  Type
  NaX                   -5.239     -5.398     5.767E-06     3.594E-03  Exchange
  CaX2                  -0.142      0.000     7.214E-01     4.495E+02  Exchange
  CaClX                 -4.749     -4.908     1.784E-05     1.112E-02  Exchange
                           Log        Log                                 Activity
 Species              Molality   Activity      Molality      Activity   Coefficient    Type
  H+                    -6.986     -6.999     1.034E-07     1.002E-07     9.690E-01  Aqueous 
  Ca++                  -3.540     -3.596     2.884E-04     2.534E-04     8.785E-01  Aqueous 
  Na+                   -6.784     -6.798     1.644E-07     1.591E-07     9.675E-01  Aqueous 
  Cl-                   -3.239     -3.253     5.770E-04     5.581E-04     9.672E-01  Aqueous 
  OH-                   -6.984     -6.999     1.037E-07     1.003E-07     9.674E-01  Aqueous 
  CaOH+                 -9.363     -9.377     4.337E-10     4.198E-10     9.681E-01  Aqueous 
  NaOH(aq)             -14.598    -14.598     2.524E-15     2.525E-15     1.000E+00  Aqueous 
  CaCl+                 -7.536     -7.550     2.913E-08     2.819E-08     9.675E-01  Aqueous 
  CaCl2(aq)            -10.756    -10.756     1.752E-11     1.753E-11     1.000E+00  Aqueous 
 
  ****** Partial pressure of gases (bars) *****
 
 
  ***** Saturation state of minerals (log[Q/K] *****
 
 
 
  ***** Volum of minerals added or subtracted *****
 
 
 **************************************************************
 ------> GRID LOCATION:    41:  1:  1
 
  Temperature (C)    =     25.000
  Porosity           =      0.625
  Liquid Saturation  =      1.000
  Liquid Density     =    997.075
  Ionic Strength     =      0.001
  Solution pH        =      6.999
  Total Charge       =  7.436E-08
 
 Total Aqueous Concentrations of Primary Species 
 --------------------------------------- 
 
   Species              Molality       Type 
 H+                  -5.2440E-10     Aqueous      
 Ca++                 2.1406E-04     Aqueous      
 Na+                  1.4224E-07     Aqueous      
 Cl-                  4.2819E-04     Aqueous      
 
 Exchangers           Equiv/kgw        Equiv/g solid    Equiv/m^3 bulk
 X-                   1.4427E+00       9.2000E-04       8.9907E+02
 
 Total Concentrations in Exchange Sites 
 -------------------------------------- 
 
 Exchangers           Equiv/kgw        Equiv/g solid    Equiv/m^3 bulk
 Ca++                 7.2137E-01       4.6000E-04       4.4954E+02
 Na+                  5.7680E-06       3.6781E-09       3.5945E-03
 Cl-                  1.1553E-05       7.3671E-09       7.1995E-03
 
 Concentrations of Individual Species, Exchangers, and Surface Complexes 
 ----------------------------------------------------------------------- 
 
                           Log        Log                 Concentration     
 Species              Molality   Activity      Molality    Mol/m^3 blk  Type
  NaX                   -5.239     -5.398     5.768E-06     3.594E-03  Exchange
  CaX2                  -0.142      0.000     7.214E-01     4.495E+02  Exchange
  CaClX                 -4.937     -5.096     1.155E-05     7.200E-03  Exchange
                           Log        Log                                 Activity
 Species              Molality   Activity      Molality      Activity   Coefficient    Type
  H+                    -6.987     -6.999     1.030E-07     1.002E-07     9.729E-01  Aqueous 
  Ca++                  -3.669     -3.718     2.140E-04     1.913E-04     8.937E-01  Aqueous 
  Na+                   -6.847     -6.859     1.422E-07     1.382E-07     9.719E-01  Aqueous 
  Cl-                   -3.368     -3.381     4.282E-04     4.160E-04     9.716E-01  Aqueous 
  OH-                   -6.986     -6.999     1.032E-07     1.003E-07     9.717E-01  Aqueous 
  CaOH+                 -9.487     -9.499     3.259E-10     3.168E-10     9.723E-01  Aqueous 
  NaOH(aq)             -14.659    -14.659     2.193E-15     2.194E-15     1.000E+00  Aqueous 
  CaCl+                 -7.787     -7.800     1.632E-08     1.586E-08     9.719E-01  Aqueous 
  CaCl2(aq)            -11.134    -11.134     7.352E-12     7.353E-12     1.000E+00  Aqueous 
 
  ****** Partial pressure of gases (bars) *****
 
 
  ***** Saturation state of minerals (log[Q/K] *****
 
 
 
  ***** Volum of minerals added or subtracted *****
 
 
 **************************************************************
 ------> GRID LOCATION:    42:  1:  1
 
  Temperature (C)    =     25.000
  Porosity           =      0.625
  Liquid Saturation  =      1.000
  Liquid Density     =    997.075
  Ionic Strength     =      0.000
  Solution pH        =      6.999
  Total Charge       =  5.460E-08
 
 Total Aqueous Concentrations of Primary Species 
 --------------------------------------- 
 
   Species              Molality       Type 
 H+                  -3.5132E-10     Aqueous      
 Ca++                 1.5647E-04     Aqueous      
 Na+                  1.2210E-07     Aqueous      
 Cl-                  3.1300E-04     Aqueous      
 
 Exchangers           Equiv/kgw        Equiv/g solid    Equiv/m^3 bulk
 X-                   1.4427E+00       9.2000E-04       8.9907E+02
 
 Total Concentrations in Exchange Sites 
 -------------------------------------- 
 
 Exchangers           Equiv/kgw        Equiv/g solid    Equiv/m^3 bulk
 Ca++                 7.2137E-01       4.6000E-04       4.4954E+02
 Na+                  5.7693E-06       3.6789E-09       3.5952E-03
 Cl-                  7.3072E-06       4.6596E-09       4.5536E-03
 
 Concentrations of Individual Species, Exchangers, and Surface Complexes 
 ----------------------------------------------------------------------- 
 
                           Log        Log                 Concentration     
 Species              Molality   Activity      Molality    Mol/m^3 blk  Type
  NaX                   -5.239     -5.398     5.769E-06     3.595E-03  Exchange
  CaX2                  -0.142      0.000     7.214E-01     4.495E+02  Exchange
  CaClX                 -5.136     -5.295     7.307E-06     4.554E-03  Exchange
                           Log        Log                                 Activity
 Species              Molality   Activity      Molality      Activity   Coefficient    Type
  H+                    -6.989     -6.999     1.026E-07     1.002E-07     9.766E-01  Aqueous 
  Ca++                  -3.806     -3.848     1.565E-04     1.420E-04     9.078E-01  Aqueous 
  Na+                   -6.913     -6.924     1.221E-07     1.191E-07     9.758E-01  Aqueous 
  Cl-                   -3.504     -3.515     3.130E-04     3.054E-04     9.756E-01  Aqueous 
  OH-                   -6.988     -6.999     1.027E-07     1.002E-07     9.757E-01  Aqueous 
  CaOH+                 -9.618     -9.629     2.410E-10     2.352E-10     9.761E-01  Aqueous 
  NaOH(aq)             -14.724    -14.724     1.890E-15     1.890E-15     1.000E+00  Aqueous 
  CaCl+                 -8.053     -8.063     8.861E-09     8.646E-09     9.758E-01  Aqueous 
  CaCl2(aq)            -11.531    -11.531     2.941E-12     2.942E-12     1.000E+00  Aqueous 
 
  ****** Partial pressure of gases (bars) *****
 
 
  ***** Saturation state of minerals (log[Q/K] *****
 
 
 
  ***** Volum of minerals added or subtracted *****
 
 
 **************************************************************
 ------> GRID LOCATION:    43:  1:  1
 
  Temperature (C)    =     25.000
  Porosity           =      0.625
  Liquid Saturation  =      1.000
  Liquid Density     =    997.075
  Ionic Strength     =      0.000
  Solution pH        =      6.999
  Total Charge       =  3.936E-08
 
 Total Aqueous Concentrations of Primary Species 
 --------------------------------------- 
 
   Species              Molality       Type 
 H+                  -2.1792E-10     Aqueous      
 Ca++                 1.1264E-04     Aqueous      
 Na+                  1.0398E-07     Aqueous      
 Cl-                  2.2534E-04     Aqueous      
 
 Exchangers           Equiv/kgw        Equiv/g solid    Equiv/m^3 bulk
 X-                   1.4427E+00       9.2000E-04       8.9907E+02
 
 Total Concentrations in Exchange Sites 
 -------------------------------------- 
 
 Exchangers           Equiv/kgw        Equiv/g solid    Equiv/m^3 bulk
 Ca++                 7.2137E-01       4.6000E-04       4.4953E+02
 Na+                  5.7705E-06       3.6797E-09       3.5960E-03
 Cl-                  4.5119E-06       2.8772E-09       2.8117E-03
 
 Concentrations of Individual Species, Exchangers, and Surface Complexes 
 ----------------------------------------------------------------------- 
 
                           Log        Log                 Concentration     
 Species              Molality   Activity      Molality    Mol/m^3 blk  Type
  NaX                   -5.239     -5.398     5.771E-06     3.596E-03  Exchange
  CaX2                  -0.142      0.000     7.214E-01     4.495E+02  Exchange
  CaClX                 -5.346     -5.505     4.512E-06     2.812E-03  Exchange
                           Log        Log                                 Activity
 Species              Molality   Activity      Molality      Activity   Coefficient    Type
  H+                    -6.990     -6.999     1.023E-07     1.002E-07     9.799E-01  Aqueous 
  Ca++                  -3.948     -3.984     1.126E-04     1.037E-04     9.208E-01  Aqueous 
  Na+                   -6.983     -6.992     1.040E-07     1.018E-07     9.793E-01  Aqueous 
  Cl-                   -3.647     -3.656     2.253E-04     2.207E-04     9.792E-01  Aqueous 
  OH-                   -6.990     -6.999     1.023E-07     1.002E-07     9.793E-01  Aqueous 
  CaOH+                 -9.756     -9.765     1.753E-10     1.717E-10     9.796E-01  Aqueous 
  NaOH(aq)             -14.792    -14.792     1.615E-15     1.615E-15     1.000E+00  Aqueous 
  CaCl+                 -8.332     -8.341     4.658E-09     4.562E-09     9.793E-01  Aqueous 
  CaCl2(aq)            -11.950    -11.950     1.121E-12     1.121E-12     1.000E+00  Aqueous 
 
  ****** Partial pressure of gases (bars) *****
 
 
  ***** Saturation state of minerals (log[Q/K] *****
 
 
 
  ***** Volum of minerals added or subtracted *****
 
 
 **************************************************************
 ------> GRID LOCATION:    44:  1:  1
 
  Temperature (C)    =     25.000
  Porosity           =      0.625
  Liquid Saturation  =      1.000
  Liquid Density     =    997.075
  Ionic Strength     =      0.000
  Solution pH        =      6.999
  Total Charge       =  2.788E-08
 
 Total Aqueous Concentrations of Primary Species 
 --------------------------------------- 
 
   Species              Molality       Type 
 H+                  -1.1736E-10     Aqueous      
 Ca++                 7.9845E-05     Aqueous      
 Na+                  8.7839E-08     Aqueous      
 Cl-                  1.5975E-04     Aqueous      
 
 Exchangers           Equiv/kgw        Equiv/g solid    Equiv/m^3 bulk
 X-                   1.4427E+00       9.2000E-04       8.9907E+02
 
 Total Concentrations in Exchange Sites 
 -------------------------------------- 
 
 Exchangers           Equiv/kgw        Equiv/g solid    Equiv/m^3 bulk
 Ca++                 7.2136E-01       4.6000E-04       4.4953E+02
 Na+                  5.7718E-06       3.6805E-09       3.5968E-03
 Cl-                  2.7191E-06       1.7339E-09       1.6945E-03
 
 Concentrations of Individual Species, Exchangers, and Surface Complexes 
 ----------------------------------------------------------------------- 
 
                           Log        Log                 Concentration     
 Species              Molality   Activity      Molality    Mol/m^3 blk  Type
  NaX                   -5.239     -5.398     5.772E-06     3.597E-03  Exchange
  CaX2                  -0.142      0.000     7.214E-01     4.495E+02  Exchange
  CaClX                 -5.566     -5.725     2.719E-06     1.694E-03  Exchange
                           Log        Log                                 Activity
 Species              Molality   Activity      Molality      Activity   Coefficient    Type
  H+                    -6.991     -6.999     1.020E-07     1.003E-07     9.829E-01  Aqueous 
  Ca++                  -4.098     -4.128     7.984E-05     7.446E-05     9.326E-01  Aqueous 
  Na+                   -7.056     -7.064     8.784E-08     8.630E-08     9.825E-01  Aqueous 
  Cl-                   -3.797     -3.804     1.597E-04     1.569E-04     9.824E-01  Aqueous 
  OH-                   -6.991     -6.999     1.020E-07     1.002E-07     9.825E-01  Aqueous 
  CaOH+                 -9.902     -9.909     1.254E-10     1.233E-10     9.827E-01  Aqueous 
  NaOH(aq)             -14.864    -14.864     1.369E-15     1.369E-15     1.000E+00  Aqueous 
  CaCl+                 -8.625     -8.633     2.371E-09     2.329E-09     9.825E-01  Aqueous 
  CaCl2(aq)            -12.390    -12.390     4.073E-13     4.073E-13     1.000E+00  Aqueous 
 
  ****** Partial pressure of gases (bars) *****
 
 
  ***** Saturation state of minerals (log[Q/K] *****
 
 
 
  ***** Volum of minerals added or subtracted *****
 
 
 **************************************************************
 ------> GRID LOCATION:    45:  1:  1
 
  Temperature (C)    =     25.000
  Porosity           =      0.625
  Liquid Saturation  =      1.000
  Liquid Density     =    997.075
  Ionic Strength     =      0.000
  Solution pH        =      6.999
  Total Charge       =  1.940E-08
 
 Total Aqueous Concentrations of Primary Species 
 --------------------------------------- 
 
   Species              Molality       Type 
 H+                  -4.3150E-11     Aqueous      
 Ca++                 5.5723E-05     Aqueous      
 Na+                  7.3599E-08     Aqueous      
 Cl-                  1.1150E-04     Aqueous      
 
 Exchangers           Equiv/kgw        Equiv/g solid    Equiv/m^3 bulk
 X-                   1.4427E+00       9.2000E-04       8.9907E+02
 
 Total Concentrations in Exchange Sites 
 -------------------------------------- 
 
 Exchangers           Equiv/kgw        Equiv/g solid    Equiv/m^3 bulk
 Ca++                 7.2136E-01       4.6000E-04       4.4953E+02
 Na+                  5.7730E-06       3.6813E-09       3.5976E-03
 Cl-                  1.5990E-06       1.0197E-09       9.9647E-04
 
 Concentrations of Individual Species, Exchangers, and Surface Complexes 
 ----------------------------------------------------------------------- 
 
                           Log        Log                 Concentration     
 Species              Molality   Activity      Molality    Mol/m^3 blk  Type
  NaX                   -5.239     -5.398     5.773E-06     3.598E-03  Exchange
  CaX2                  -0.142      0.000     7.214E-01     4.495E+02  Exchange
  CaClX                 -5.796     -5.955     1.599E-06     9.965E-04  Exchange
                           Log        Log                                 Activity
 Species              Molality   Activity      Molality      Activity   Coefficient    Type
  H+                    -6.993     -6.999     1.017E-07     1.003E-07     9.856E-01  Aqueous 
  Ca++                  -4.254     -4.279     5.572E-05     5.255E-05     9.431E-01  Aqueous 
  Na+                   -7.133     -7.140     7.360E-08     7.252E-08     9.853E-01  Aqueous 
  Cl-                   -3.953     -3.959     1.115E-04     1.099E-04     9.853E-01  Aqueous 
  OH-                   -6.993     -6.999     1.017E-07     1.002E-07     9.853E-01  Aqueous 
  CaOH+                -10.054    -10.061     8.826E-11     8.698E-11     9.855E-01  Aqueous 
  NaOH(aq)             -14.939    -14.939     1.150E-15     1.150E-15     1.000E+00  Aqueous 
  CaCl+                 -8.933     -8.939     1.168E-09     1.151E-09     9.853E-01  Aqueous 
  CaCl2(aq)            -12.851    -12.851     1.409E-13     1.409E-13     1.000E+00  Aqueous 
 
  ****** Partial pressure of gases (bars) *****
 
 
  ***** Saturation state of minerals (log[Q/K] *****
 
 
 
  ***** Volum of minerals added or subtracted *****
 
 
 **************************************************************
 ------> GRID LOCATION:    46:  1:  1
 
  Temperature (C)    =     25.000
  Porosity           =      0.625
  Liquid Saturation  =      1.000
  Liquid Density     =    997.075
  Ionic Strength     =      0.000
  Solution pH        =      6.999
  Total Charge       =  1.328E-08
 
 Total Aqueous Concentrations of Primary Species 
 --------------------------------------- 
 
   Species              Molality       Type 
 H+                   1.0468E-11     Aqueous      
 Ca++                 3.8281E-05     Aqueous      
 Na+                  6.1162E-08     Aqueous      
 Cl-                  7.6610E-05     Aqueous      
 
 Exchangers           Equiv/kgw        Equiv/g solid    Equiv/m^3 bulk
 X-                   1.4427E+00       9.2000E-04       8.9907E+02
 
 Total Concentrations in Exchange Sites 
 -------------------------------------- 
 
 Exchangers           Equiv/kgw        Equiv/g solid    Equiv/m^3 bulk
 Ca++                 7.2136E-01       4.6000E-04       4.4953E+02
 Na+                  5.7741E-06       3.6820E-09       3.5983E-03
 Cl-                  9.1744E-07       5.8503E-10       5.7172E-04
 
 Concentrations of Individual Species, Exchangers, and Surface Complexes 
 ----------------------------------------------------------------------- 
 
                           Log        Log                 Concentration     
 Species              Molality   Activity      Molality    Mol/m^3 blk  Type
  NaX                   -5.239     -5.398     5.774E-06     3.598E-03  Exchange
  CaX2                  -0.142      0.000     7.214E-01     4.495E+02  Exchange
  CaClX                 -6.037     -6.197     9.174E-07     5.717E-04  Exchange
                           Log        Log                                 Activity
 Species              Molality   Activity      Molality      Activity   Coefficient    Type
  H+                    -6.994     -6.999     1.015E-07     1.003E-07     9.880E-01  Aqueous 
  Ca++                  -4.417     -4.438     3.828E-05     3.646E-05     9.524E-01  Aqueous 
  Na+                   -7.214     -7.219     6.116E-08     6.042E-08     9.878E-01  Aqueous 
  Cl-                   -4.116     -4.121     7.661E-05     7.567E-05     9.878E-01  Aqueous 
  OH-                   -6.994     -6.999     1.014E-07     1.002E-07     9.878E-01  Aqueous 
  CaOH+                -10.214    -10.219     6.108E-11     6.034E-11     9.879E-01  Aqueous 
  NaOH(aq)             -15.019    -15.019     9.579E-16     9.579E-16     1.000E+00  Aqueous 
  CaCl+                 -9.254     -9.260     5.568E-10     5.500E-10     9.878E-01  Aqueous 
  CaCl2(aq)            -13.334    -13.334     4.637E-14     4.637E-14     1.000E+00  Aqueous 
 
  ****** Partial pressure of gases (bars) *****
 
 
  ***** Saturation state of minerals (log[Q/K] *****
 
 
 
  ***** Volum of minerals added or subtracted *****
 
 
 **************************************************************
 ------> GRID LOCATION:    47:  1:  1
 
  Temperature (C)    =     25.000
  Porosity           =      0.625
  Liquid Saturation  =      1.000
  Liquid Density     =    997.075
  Ionic Strength     =      0.000
  Solution pH        =      6.999
  Total Charge       =  8.947E-09
 
 Total Aqueous Concentrations of Primary Species 
 --------------------------------------- 
 
   Species              Molality       Type 
 H+                   4.8428E-11     Aqueous      
 Ca++                 2.5884E-05     Aqueous      
 Na+                  5.0409E-08     Aqueous      
 Cl-                  5.1810E-05     Aqueous      
 
 Exchangers           Equiv/kgw        Equiv/g solid    Equiv/m^3 bulk
 X-                   1.4427E+00       9.2000E-04       8.9907E+02
 
 Total Concentrations in Exchange Sites 
 -------------------------------------- 
 
 Exchangers           Equiv/kgw        Equiv/g solid    Equiv/m^3 bulk
 Ca++                 7.2136E-01       4.6000E-04       4.4953E+02
 Na+                  5.7752E-06       3.6827E-09       3.5989E-03
 Cl-                  5.1348E-07       3.2744E-10       3.1999E-04
 
 Concentrations of Individual Species, Exchangers, and Surface Complexes 
 ----------------------------------------------------------------------- 
 
                           Log        Log                 Concentration     
 Species              Molality   Activity      Molality    Mol/m^3 blk  Type
  NaX                   -5.238     -5.398     5.775E-06     3.599E-03  Exchange
  CaX2                  -0.142      0.000     7.214E-01     4.495E+02  Exchange
  CaClX                 -6.289     -6.449     5.135E-07     3.200E-04  Exchange
                           Log        Log                                 Activity
 Species              Molality   Activity      Molality      Activity   Coefficient    Type
  H+                    -6.994     -6.999     1.013E-07     1.003E-07     9.901E-01  Aqueous 
  Ca++                  -4.587     -4.604     2.588E-05     2.486E-05     9.606E-01  Aqueous 
  Na+                   -7.297     -7.302     5.041E-08     4.990E-08     9.899E-01  Aqueous 
  Cl-                   -4.286     -4.290     5.181E-05     5.129E-05     9.899E-01  Aqueous 
  OH-                   -6.995     -6.999     1.012E-07     1.002E-07     9.899E-01  Aqueous 
  CaOH+                -10.381    -10.386     4.156E-11     4.115E-11     9.900E-01  Aqueous 
  NaOH(aq)             -15.102    -15.102     7.911E-16     7.911E-16     1.000E+00  Aqueous 
  CaCl+                 -9.590     -9.595     2.568E-10     2.542E-10     9.899E-01  Aqueous 
  CaCl2(aq)            -13.838    -13.838     1.452E-14     1.453E-14     1.000E+00  Aqueous 
 
  ****** Partial pressure of gases (bars) *****
 
 
  ***** Saturation state of minerals (log[Q/K] *****
 
 
 
  ***** Volum of minerals added or subtracted *****
 
 
 **************************************************************
 ------> GRID LOCATION:    48:  1:  1
 
  Temperature (C)    =     25.000
  Porosity           =      0.625
  Liquid Saturation  =      1.000
  Liquid Density     =    997.075
  Ionic Strength     =      0.000
  Solution pH        =      6.999
  Total Charge       =  5.939E-09
 
 Total Aqueous Concentrations of Primary Species 
 --------------------------------------- 
 
   Species              Molality       Type 
 H+                   7.4770E-11     Aqueous      
 Ca++                 1.7224E-05     Aqueous      
 Na+                  4.1202E-08     Aqueous      
 Cl-                  3.4484E-05     Aqueous      
 
 Exchangers           Equiv/kgw        Equiv/g solid    Equiv/m^3 bulk
 X-                   1.4427E+00       9.2000E-04       8.9907E+02
 
 Total Concentrations in Exchange Sites 
 -------------------------------------- 
 
 Exchangers           Equiv/kgw        Equiv/g solid    Equiv/m^3 bulk
 Ca++                 7.2136E-01       4.6000E-04       4.4953E+02
 Na+                  5.7761E-06       3.6833E-09       3.5995E-03
 Cl-                  2.8033E-07       1.7876E-10       1.7470E-04
 
 Concentrations of Individual Species, Exchangers, and Surface Complexes 
 ----------------------------------------------------------------------- 
 
                           Log        Log                 Concentration     
 Species              Molality   Activity      Molality    Mol/m^3 blk  Type
  NaX                   -5.238     -5.398     5.776E-06     3.600E-03  Exchange
  CaX2                  -0.142      0.000     7.214E-01     4.495E+02  Exchange
  CaClX                 -6.552     -6.712     2.803E-07     1.747E-04  Exchange
                           Log        Log                                 Activity
 Species              Molality   Activity      Molality      Activity   Coefficient    Type
  H+                    -6.995     -6.999     1.011E-07     1.003E-07     9.919E-01  Aqueous 
  Ca++                  -4.764     -4.778     1.722E-05     1.667E-05     9.676E-01  Aqueous 
  Na+                   -7.385     -7.389     4.120E-08     4.086E-08     9.918E-01  Aqueous 
  Cl-                   -4.462     -4.466     3.448E-05     3.420E-05     9.918E-01  Aqueous 
  OH-                   -6.996     -6.999     1.010E-07     1.002E-07     9.918E-01  Aqueous 
  CaOH+                -10.556    -10.559     2.781E-11     2.758E-11     9.918E-01  Aqueous 
  NaOH(aq)             -15.189    -15.189     6.478E-16     6.478E-16     1.000E+00  Aqueous 
  CaCl+                 -9.941     -9.945     1.146E-10     1.136E-10     9.918E-01  Aqueous 
  CaCl2(aq)            -14.364    -14.364     4.329E-15     4.329E-15     1.000E+00  Aqueous 
 
  ****** Partial pressure of gases (bars) *****
 
 
  ***** Saturation state of minerals (log[Q/K] *****
 
 
 
  ***** Volum of minerals added or subtracted *****
 
 
 **************************************************************
 ------> GRID LOCATION:    49:  1:  1
 
  Temperature (C)    =     25.000
  Porosity           =      0.625
  Liquid Saturation  =      1.000
  Liquid Density     =    997.075
  Ionic Strength     =      0.000
  Solution pH        =      6.999
  Total Charge       =  3.892E-09
 
 Total Aqueous Concentrations of Primary Species 
 --------------------------------------- 
 
   Species              Molality       Type 
 H+                   9.2697E-11     Aqueous      
 Ca++                 1.1279E-05     Aqueous      
 Na+                  3.3397E-08     Aqueous      
 Cl-                  2.2587E-05     Aqueous      
 
 Exchangers           Equiv/kgw        Equiv/g solid    Equiv/m^3 bulk
 X-                   1.4427E+00       9.2000E-04       8.9907E+02
 
 Total Concentrations in Exchange Sites 
 -------------------------------------- 
 
 Exchangers           Equiv/kgw        Equiv/g solid    Equiv/m^3 bulk
 Ca++                 7.2136E-01       4.6000E-04       4.4953E+02
 Na+                  5.7770E-06       3.6839E-09       3.6001E-03
 Cl-                  1.4928E-07       9.5193E-11       9.3028E-05
 
 Concentrations of Individual Species, Exchangers, and Surface Complexes 
 ----------------------------------------------------------------------- 
 
                           Log        Log                 Concentration     
 Species              Molality   Activity      Molality    Mol/m^3 blk  Type
  NaX                   -5.238     -5.397     5.777E-06     3.600E-03  Exchange
  CaX2                  -0.142      0.000     7.214E-01     4.495E+02  Exchange
  CaClX                 -6.826     -6.985     1.493E-07     9.303E-05  Exchange
                           Log        Log                                 Activity
 Species              Molality   Activity      Molality      Activity   Coefficient    Type
  H+                    -6.996     -6.999     1.010E-07     1.003E-07     9.934E-01  Aqueous 
  Ca++                  -4.948     -4.959     1.128E-05     1.098E-05     9.737E-01  Aqueous 
  Na+                   -7.476     -7.479     3.340E-08     3.317E-08     9.933E-01  Aqueous 
  Cl-                   -4.646     -4.649     2.259E-05     2.244E-05     9.933E-01  Aqueous 
  OH-                   -6.996     -6.999     1.008E-07     1.002E-07     9.933E-01  Aqueous 
  CaOH+                -10.738    -10.741     1.829E-11     1.817E-11     9.934E-01  Aqueous 
  NaOH(aq)             -15.279    -15.279     5.259E-16     5.259E-16     1.000E+00  Aqueous 
  CaCl+                -10.306    -10.309     4.944E-11     4.911E-11     9.933E-01  Aqueous 
  CaCl2(aq)            -14.911    -14.911     1.228E-15     1.228E-15     1.000E+00  Aqueous 
 
  ****** Partial pressure of gases (bars) *****
 
 
  ***** Saturation state of minerals (log[Q/K] *****
 
 
 
  ***** Volum of minerals added or subtracted *****
 
 
 **************************************************************
 ------> GRID LOCATION:    50:  1:  1
 
  Temperature (C)    =     25.000
  Porosity           =      0.625
  Liquid Saturation  =      1.000
  Liquid Density     =    997.075
  Ionic Strength     =      0.000
  Solution pH        =      6.999
  Total Charge       =  2.525E-09
 
 Total Aqueous Concentrations of Primary Species 
 --------------------------------------- 
 
   Species              Molality       Type 
 H+                   1.0467E-10     Aqueous      
 Ca++                 7.2671E-06     Aqueous      
 Na+                  2.6846E-08     Aqueous      
 Cl-                  1.4559E-05     Aqueous      
 
 Exchangers           Equiv/kgw        Equiv/g solid    Equiv/m^3 bulk
 X-                   1.4427E+00       9.2000E-04       8.9907E+02
 
 Total Concentrations in Exchange Sites 
 -------------------------------------- 
 
 Exchangers           Equiv/kgw        Equiv/g solid    Equiv/m^3 bulk
 Ca++                 7.2136E-01       4.6000E-04       4.4953E+02
 Na+                  5.7778E-06       3.6844E-09       3.6005E-03
 Cl-                  7.7541E-08       4.9446E-11       4.8321E-05
 
 Concentrations of Individual Species, Exchangers, and Surface Complexes 
 ----------------------------------------------------------------------- 
 
                           Log        Log                 Concentration     
 Species              Molality   Activity      Molality    Mol/m^3 blk  Type
  NaX                   -5.238     -5.397     5.778E-06     3.601E-03  Exchange
  CaX2                  -0.142      0.000     7.214E-01     4.495E+02  Exchange
  CaClX                 -7.110     -7.270     7.754E-08     4.832E-05  Exchange
                           Log        Log                                 Activity
 Species              Molality   Activity      Molality      Activity   Coefficient    Type
  H+                    -6.996     -6.999     1.008E-07     1.003E-07     9.947E-01  Aqueous 
  Ca++                  -5.139     -5.148     7.267E-06     7.113E-06     9.788E-01  Aqueous 
  Na+                   -7.571     -7.573     2.685E-08     2.670E-08     9.946E-01  Aqueous 
  Cl-                   -4.837     -4.839     1.456E-05     1.448E-05     9.946E-01  Aqueous 
  OH-                   -6.997     -6.999     1.007E-07     1.002E-07     9.946E-01  Aqueous 
  CaOH+                -10.927    -10.929     1.183E-11     1.177E-11     9.946E-01  Aqueous 
  NaOH(aq)             -15.373    -15.373     4.233E-16     4.233E-16     1.000E+00  Aqueous 
  CaCl+                -10.685    -10.688     2.064E-11     2.053E-11     9.946E-01  Aqueous 
  CaCl2(aq)            -15.480    -15.480     3.312E-16     3.312E-16     1.000E+00  Aqueous 
 
  ****** Partial pressure of gases (bars) *****
 
 
  ***** Saturation state of minerals (log[Q/K] *****
 
 
 
  ***** Volum of minerals added or subtracted *****
 
 
 **************************************************************
 ------> GRID LOCATION:    51:  1:  1
 
  Temperature (C)    =     25.000
  Porosity           =      0.625
  Liquid Saturation  =      1.000
  Liquid Density     =    997.075
  Ionic Strength     =      0.000
  Solution pH        =      6.999
  Total Charge       =  1.629E-09
 
 Total Aqueous Concentrations of Primary Species 
 --------------------------------------- 
 
   Species              Molality       Type 
 H+                   1.1251E-10     Aqueous      
 Ca++                 4.6074E-06     Aqueous      
 Na+                  2.1401E-08     Aqueous      
 Cl-                  9.2346E-06     Aqueous      
 
 Exchangers           Equiv/kgw        Equiv/g solid    Equiv/m^3 bulk
 X-                   1.4427E+00       9.2000E-04       8.9907E+02
 
 Total Concentrations in Exchange Sites 
 -------------------------------------- 
 
 Exchangers           Equiv/kgw        Equiv/g solid    Equiv/m^3 bulk
 Ca++                 7.2136E-01       4.6000E-04       4.4953E+02
 Na+                  5.7784E-06       3.6848E-09       3.6009E-03
 Cl-                  3.9291E-08       2.5055E-11       2.4485E-05
 
 Concentrations of Individual Species, Exchangers, and Surface Complexes 
 ----------------------------------------------------------------------- 
 
                           Log        Log                 Concentration     
 Species              Molality   Activity      Molality    Mol/m^3 blk  Type
  NaX                   -5.238     -5.397     5.778E-06     3.601E-03  Exchange
  CaX2                  -0.142      0.000     7.214E-01     4.495E+02  Exchange
  CaClX                 -7.406     -7.565     3.929E-08     2.448E-05  Exchange
                           Log        Log                                 Activity
 Species              Molality   Activity      Molality      Activity   Coefficient    Type
  H+                    -6.997     -6.999     1.007E-07     1.003E-07     9.957E-01  Aqueous 
  Ca++                  -5.337     -5.344     4.607E-06     4.529E-06     9.830E-01  Aqueous 
  Na+                   -7.670     -7.671     2.140E-08     2.131E-08     9.957E-01  Aqueous 
  Cl-                   -5.035     -5.036     9.235E-06     9.195E-06     9.957E-01  Aqueous 
  OH-                   -6.997     -6.999     1.006E-07     1.002E-07     9.957E-01  Aqueous 
  CaOH+                -11.123    -11.125     7.527E-12     7.494E-12     9.957E-01  Aqueous 
  NaOH(aq)             -15.471    -15.471     3.378E-16     3.378E-16     1.000E+00  Aqueous 
  CaCl+                -11.079    -11.081     8.337E-12     8.302E-12     9.957E-01  Aqueous 
  CaCl2(aq)            -16.070    -16.070     8.504E-17     8.505E-17     1.000E+00  Aqueous 
 
  ****** Partial pressure of gases (bars) *****
 
 
  ***** Saturation state of minerals (log[Q/K] *****
 
 
 
  ***** Volum of minerals added or subtracted *****
 
 
 **************************************************************
 ------> GRID LOCATION:    52:  1:  1
 
  Temperature (C)    =     25.000
  Porosity           =      0.625
  Liquid Saturation  =      1.000
  Liquid Density     =    997.075
  Ionic Strength     =      0.000
  Solution pH        =      6.999
  Total Charge       =  1.052E-09
 
 Total Aqueous Concentrations of Primary Species 
 --------------------------------------- 
 
   Species              Molality       Type 
 H+                   1.1756E-10     Aqueous      
 Ca++                 2.8743E-06     Aqueous      
 Na+                  1.6920E-08     Aqueous      
 Cl-                  5.7645E-06     Aqueous      
 
 Exchangers           Equiv/kgw        Equiv/g solid    Equiv/m^3 bulk
 X-                   1.4427E+00       9.2000E-04       8.9907E+02
 
 Total Concentrations in Exchange Sites 
 -------------------------------------- 
 
 Exchangers           Equiv/kgw        Equiv/g solid    Equiv/m^3 bulk
 Ca++                 7.2136E-01       4.6000E-04       4.4953E+02
 Na+                  5.7790E-06       3.6851E-09       3.6013E-03
 Cl-                  1.9424E-08       1.2386E-11       1.2104E-05
 
 Concentrations of Individual Species, Exchangers, and Surface Complexes 
 ----------------------------------------------------------------------- 
 
                           Log        Log                 Concentration     
 Species              Molality   Activity      Molality    Mol/m^3 blk  Type
  NaX                   -5.238     -5.397     5.779E-06     3.601E-03  Exchange
  CaX2                  -0.142      0.000     7.214E-01     4.495E+02  Exchange
  CaClX                 -7.712     -7.871     1.942E-08     1.210E-05  Exchange
                           Log        Log                                 Activity
 Species              Molality   Activity      Molality      Activity   Coefficient    Type
  H+                    -6.997     -6.999     1.006E-07     1.003E-07     9.966E-01  Aqueous 
  Ca++                  -5.541     -5.547     2.874E-06     2.835E-06     9.865E-01  Aqueous 
  Na+                   -7.772     -7.773     1.692E-08     1.686E-08     9.966E-01  Aqueous 
  Cl-                   -5.239     -5.241     5.765E-06     5.745E-06     9.966E-01  Aqueous 
  OH-                   -6.998     -6.999     1.005E-07     1.002E-07     9.966E-01  Aqueous 
  CaOH+                -11.327    -11.329     4.708E-12     4.692E-12     9.966E-01  Aqueous 
  NaOH(aq)             -15.573    -15.573     2.673E-16     2.673E-16     1.000E+00  Aqueous 
  CaCl+                -11.487    -11.488     3.258E-12     3.247E-12     9.966E-01  Aqueous 
  CaCl2(aq)            -16.682    -16.682     2.078E-17     2.078E-17     1.000E+00  Aqueous 
 
  ****** Partial pressure of gases (bars) *****
 
 
  ***** Saturation state of minerals (log[Q/K] *****
 
 
 
  ***** Volum of minerals added or subtracted *****
 
 
 **************************************************************
 ------> GRID LOCATION:    53:  1:  1
 
  Temperature (C)    =     25.000
  Porosity           =      0.625
  Liquid Saturation  =      1.000
  Liquid Density     =    997.075
  Ionic Strength     =      0.000
  Solution pH        =      6.999
  Total Charge       =  6.877E-10
 
 Total Aqueous Concentrations of Primary Species 
 --------------------------------------- 
 
   Species              Molality       Type 
 H+                   1.2075E-10     Aqueous      
 Ca++                 1.7644E-06     Aqueous      
 Na+                  1.3268E-08     Aqueous      
 Cl-                  3.5415E-06     Aqueous      
 
 Exchangers           Equiv/kgw        Equiv/g solid    Equiv/m^3 bulk
 X-                   1.4427E+00       9.2000E-04       8.9907E+02
 
 Total Concentrations in Exchange Sites 
 -------------------------------------- 
 
 Exchangers           Equiv/kgw        Equiv/g solid    Equiv/m^3 bulk
 Ca++                 7.2136E-01       4.6000E-04       4.4953E+02
 Na+                  5.7795E-06       3.6854E-09       3.6016E-03
 Cl-                  9.3698E-09       5.9749E-12       5.8390E-06
 
 Concentrations of Individual Species, Exchangers, and Surface Complexes 
 ----------------------------------------------------------------------- 
 
                           Log        Log                 Concentration     
 Species              Molality   Activity      Molality    Mol/m^3 blk  Type
  NaX                   -5.238     -5.397     5.779E-06     3.602E-03  Exchange
  CaX2                  -0.142      0.000     7.214E-01     4.495E+02  Exchange
  CaClX                 -8.028     -8.187     9.370E-09     5.839E-06  Exchange
                           Log        Log                                 Activity
 Species              Molality   Activity      Molality      Activity   Coefficient    Type
  H+                    -6.998     -6.999     1.006E-07     1.003E-07     9.973E-01  Aqueous 
  Ca++                  -5.753     -5.758     1.764E-06     1.746E-06     9.894E-01  Aqueous 
  Na+                   -7.877     -7.878     1.327E-08     1.323E-08     9.973E-01  Aqueous 
  Cl-                   -5.451     -5.452     3.541E-06     3.532E-06     9.973E-01  Aqueous 
  OH-                   -6.998     -6.999     1.004E-07     1.002E-07     9.973E-01  Aqueous 
  CaOH+                -11.538    -11.539     2.896E-12     2.889E-12     9.973E-01  Aqueous 
  NaOH(aq)             -15.678    -15.678     2.098E-16     2.098E-16     1.000E+00  Aqueous 
  CaCl+                -11.909    -11.910     1.232E-12     1.229E-12     9.973E-01  Aqueous 
  CaCl2(aq)            -17.315    -17.315     4.837E-18     4.837E-18     1.000E+00  Aqueous 
 
  ****** Partial pressure of gases (bars) *****
 
 
  ***** Saturation state of minerals (log[Q/K] *****
 
 
 
  ***** Volum of minerals added or subtracted *****
 
 
 **************************************************************
 ------> GRID LOCATION:    54:  1:  1
 
  Temperature (C)    =     25.000
  Porosity           =      0.625
  Liquid Saturation  =      1.000
  Liquid Density     =    997.075
  Ionic Strength     =      0.000
  Solution pH        =      6.999
  Total Charge       =  4.613E-10
 
 Total Aqueous Concentrations of Primary Species 
 --------------------------------------- 
 
   Species              Molality       Type 
 H+                   1.2274E-10     Aqueous      
 Ca++                 1.0658E-06     Aqueous      
 Na+                  1.0318E-08     Aqueous      
 Cl-                  2.1416E-06     Aqueous      
 
 Exchangers           Equiv/kgw        Equiv/g solid    Equiv/m^3 bulk
 X-                   1.4427E+00       9.2000E-04       8.9907E+02
 
 Total Concentrations in Exchange Sites 
 -------------------------------------- 
 
 Exchangers           Equiv/kgw        Equiv/g solid    Equiv/m^3 bulk
 Ca++                 7.2136E-01       4.6000E-04       4.4953E+02
 Na+                  5.7799E-06       3.6857E-09       3.6018E-03
 Cl-                  4.4114E-09       2.8131E-12       2.7491E-06
 
 Concentrations of Individual Species, Exchangers, and Surface Complexes 
 ----------------------------------------------------------------------- 
 
                           Log        Log                 Concentration     
 Species              Molality   Activity      Molality    Mol/m^3 blk  Type
  NaX                   -5.238     -5.397     5.780E-06     3.602E-03  Exchange
  CaX2                  -0.142      0.000     7.214E-01     4.495E+02  Exchange
  CaClX                 -8.355     -8.515     4.411E-09     2.749E-06  Exchange
                           Log        Log                                 Activity
 Species              Molality   Activity      Molality      Activity   Coefficient    Type
  H+                    -6.998     -6.999     1.005E-07     1.003E-07     9.979E-01  Aqueous 
  Ca++                  -5.972     -5.976     1.066E-06     1.057E-06     9.917E-01  Aqueous 
  Na+                   -7.986     -7.987     1.032E-08     1.030E-08     9.979E-01  Aqueous 
  Cl-                   -5.669     -5.670     2.142E-06     2.137E-06     9.979E-01  Aqueous 
  OH-                   -6.998     -6.999     1.004E-07     1.002E-07     9.979E-01  Aqueous 
  CaOH+                -11.756    -11.757     1.753E-12     1.749E-12     9.979E-01  Aqueous 
  NaOH(aq)             -15.787    -15.787     1.632E-16     1.632E-16     1.000E+00  Aqueous 
  CaCl+                -12.346    -12.347     4.512E-13     4.503E-13     9.979E-01  Aqueous 
  CaCl2(aq)            -17.970    -17.970     1.072E-18     1.072E-18     1.000E+00  Aqueous 
 
  ****** Partial pressure of gases (bars) *****
 
 
  ***** Saturation state of minerals (log[Q/K] *****
 
 
 
  ***** Volum of minerals added or subtracted *****
 
 
 **************************************************************
 ------> GRID LOCATION:    55:  1:  1
 
  Temperature (C)    =     25.000
  Porosity           =      0.625
  Liquid Saturation  =      1.000
  Liquid Density     =    997.075
  Ionic Strength     =      0.000
  Solution pH        =      6.999
  Total Charge       =  3.230E-10
 
 Total Aqueous Concentrations of Primary Species 
 --------------------------------------- 
 
   Species              Molality       Type 
 H+                   1.2395E-10     Aqueous      
 Ca++                 6.3357E-07     Aqueous      
 Na+                  7.9597E-09     Aqueous      
 Cl-                  1.2749E-06     Aqueous      
 
 Exchangers           Equiv/kgw        Equiv/g solid    Equiv/m^3 bulk
 X-                   1.4427E+00       9.2000E-04       8.9907E+02
 
 Total Concentrations in Exchange Sites 
 -------------------------------------- 
 
 Exchangers           Equiv/kgw        Equiv/g solid    Equiv/m^3 bulk
 Ca++                 7.2136E-01       4.6000E-04       4.4953E+02
 Na+                  5.7802E-06       3.6859E-09       3.6021E-03
 Cl-                  2.0276E-09       1.2930E-12       1.2635E-06
 
 Concentrations of Individual Species, Exchangers, and Surface Complexes 
 ----------------------------------------------------------------------- 
 
                           Log        Log                 Concentration     
 Species              Molality   Activity      Molality    Mol/m^3 blk  Type
  NaX                   -5.238     -5.397     5.780E-06     3.602E-03  Exchange
  CaX2                  -0.142      0.000     7.214E-01     4.495E+02  Exchange
  CaClX                 -8.693     -8.852     2.028E-09     1.264E-06  Exchange
                           Log        Log                                 Activity
 Species              Molality   Activity      Molality      Activity   Coefficient    Type
  H+                    -6.998     -6.999     1.005E-07     1.003E-07     9.984E-01  Aqueous 
  Ca++                  -6.198     -6.201     6.336E-07     6.294E-07     9.935E-01  Aqueous 
  Na+                   -8.099     -8.100     7.960E-09     7.947E-09     9.984E-01  Aqueous 
  Cl-                   -5.895     -5.895     1.275E-06     1.273E-06     9.984E-01  Aqueous 
  OH-                   -6.999     -6.999     1.003E-07     1.002E-07     9.984E-01  Aqueous 
  CaOH+                -11.982    -11.982     1.043E-12     1.042E-12     9.984E-01  Aqueous 
  NaOH(aq)             -15.900    -15.900     1.260E-16     1.260E-16     1.000E+00  Aqueous 
  CaCl+                -12.796    -12.797     1.600E-13     1.597E-13     9.984E-01  Aqueous 
  CaCl2(aq)            -18.645    -18.645     2.265E-19     2.265E-19     1.000E+00  Aqueous 
 
  ****** Partial pressure of gases (bars) *****
 
 
  ***** Saturation state of minerals (log[Q/K] *****
 
 
 
  ***** Volum of minerals added or subtracted *****
 
 
 **************************************************************
 ------> GRID LOCATION:    56:  1:  1
 
  Temperature (C)    =     25.000
  Porosity           =      0.625
  Liquid Saturation  =      1.000
  Liquid Density     =    997.075
  Ionic Strength     =      0.000
  Solution pH        =      6.999
  Total Charge       =  2.399E-10
 
 Total Aqueous Concentrations of Primary Species 
 --------------------------------------- 
 
   Species              Molality       Type 
 H+                   1.2468E-10     Aqueous      
 Ca++                 3.7066E-07     Aqueous      
 Na+                  6.0906E-09     Aqueous      
 Cl-                  7.4729E-07     Aqueous      
 
 Exchangers           Equiv/kgw        Equiv/g solid    Equiv/m^3 bulk
 X-                   1.4427E+00       9.2000E-04       8.9907E+02
 
 Total Concentrations in Exchange Sites 
 -------------------------------------- 
 
 Exchangers           Equiv/kgw        Equiv/g solid    Equiv/m^3 bulk
 Ca++                 7.2136E-01       4.6000E-04       4.4953E+02
 Na+                  5.7805E-06       3.6861E-09       3.6022E-03
 Cl-                  9.1003E-10       5.8030E-13       5.6710E-07
 
 Concentrations of Individual Species, Exchangers, and Surface Complexes 
 ----------------------------------------------------------------------- 
 
                           Log        Log                 Concentration     
 Species              Molality   Activity      Molality    Mol/m^3 blk  Type
  NaX                   -5.238     -5.397     5.780E-06     3.602E-03  Exchange
  CaX2                  -0.142      0.000     7.214E-01     4.495E+02  Exchange
  CaClX                 -9.041     -9.200     9.100E-10     5.671E-07  Exchange
                           Log        Log                                 Activity
 Species              Molality   Activity      Molality      Activity   Coefficient    Type
  H+                    -6.998     -6.999     1.004E-07     1.003E-07     9.987E-01  Aqueous 
  Ca++                  -6.431     -6.433     3.707E-07     3.688E-07     9.949E-01  Aqueous 
  Na+                   -8.215     -8.216     6.091E-09     6.083E-09     9.987E-01  Aqueous 
  Cl-                   -6.127     -6.127     7.473E-07     7.463E-07     9.987E-01  Aqueous 
  OH-                   -6.999     -6.999     1.003E-07     1.002E-07     9.987E-01  Aqueous 
  CaOH+                -12.214    -12.215     6.110E-13     6.102E-13     9.987E-01  Aqueous 
  NaOH(aq)             -16.016    -16.016     9.643E-17     9.643E-17     1.000E+00  Aqueous 
  CaCl+                -13.260    -13.261     5.494E-14     5.487E-14     9.987E-01  Aqueous 
  CaCl2(aq)            -19.341    -19.341     4.562E-20     4.562E-20     1.000E+00  Aqueous 
 
  ****** Partial pressure of gases (bars) *****
 
 
  ***** Saturation state of minerals (log[Q/K] *****
 
 
 
  ***** Volum of minerals added or subtracted *****
 
 
 **************************************************************
 ------> GRID LOCATION:    57:  1:  1
 
  Temperature (C)    =     25.000
  Porosity           =      0.625
  Liquid Saturation  =      1.000
  Liquid Density     =    997.075
  Ionic Strength     =      0.000
  Solution pH        =      6.999
  Total Charge       =  1.908E-10
 
 Total Aqueous Concentrations of Primary Species 
 --------------------------------------- 
 
   Species              Molality       Type 
 H+                   1.2511E-10     Aqueous      
 Ca++                 2.1342E-07     Aqueous      
 Na+                  4.6230E-09     Aqueous      
 Cl-                  4.3139E-07     Aqueous      
 
 Exchangers           Equiv/kgw        Equiv/g solid    Equiv/m^3 bulk
 X-                   1.4427E+00       9.2000E-04       8.9907E+02
 
 Total Concentrations in Exchange Sites 
 -------------------------------------- 
 
 Exchangers           Equiv/kgw        Equiv/g solid    Equiv/m^3 bulk
 Ca++                 7.2136E-01       4.6000E-04       4.4953E+02
 Na+                  5.7807E-06       3.6862E-09       3.6024E-03
 Cl-                  3.9896E-10       2.5441E-13       2.4862E-07
 
 Concentrations of Individual Species, Exchangers, and Surface Complexes 
 ----------------------------------------------------------------------- 
 
                           Log        Log                 Concentration     
 Species              Molality   Activity      Molality    Mol/m^3 blk  Type
  NaX                   -5.238     -5.397     5.781E-06     3.602E-03  Exchange
  CaX2                  -0.142      0.000     7.214E-01     4.495E+02  Exchange
  CaClX                 -9.399     -9.558     3.990E-10     2.486E-07  Exchange
                           Log        Log                                 Activity
 Species              Molality   Activity      Molality      Activity   Coefficient    Type
  H+                    -6.998     -6.999     1.004E-07     1.003E-07     9.990E-01  Aqueous 
  Ca++                  -6.671     -6.672     2.134E-07     2.126E-07     9.960E-01  Aqueous 
  Na+                   -8.335     -8.336     4.623E-09     4.618E-09     9.990E-01  Aqueous 
  Cl-                   -6.365     -6.366     4.314E-07     4.310E-07     9.990E-01  Aqueous 
  OH-                   -6.999     -6.999     1.003E-07     1.002E-07     9.990E-01  Aqueous 
  CaOH+                -12.453    -12.454     3.521E-13     3.517E-13     9.990E-01  Aqueous 
  NaOH(aq)             -16.135    -16.135     7.321E-17     7.321E-17     1.000E+00  Aqueous 
  CaCl+                -13.738    -13.738     1.828E-14     1.826E-14     9.990E-01  Aqueous 
  CaCl2(aq)            -20.057    -20.057     8.769E-21     8.769E-21     1.000E+00  Aqueous 
 
  ****** Partial pressure of gases (bars) *****
 
 
  ***** Saturation state of minerals (log[Q/K] *****
 
 
 
  ***** Volum of minerals added or subtracted *****
 
 
 **************************************************************
 ------> GRID LOCATION:    58:  1:  1
 
  Temperature (C)    =     25.000
  Porosity           =      0.625
  Liquid Saturation  =      1.000
  Liquid Density     =    997.075
  Ionic Strength     =      0.000
  Solution pH        =      6.999
  Total Charge       =  1.623E-10
 
 Total Aqueous Concentrations of Primary Species 
 --------------------------------------- 
 
   Species              Molality       Type 
 H+                   1.2536E-10     Aqueous      
 Ca++                 1.2095E-07     Aqueous      
 Na+                  3.4811E-09     Aqueous      
 Cl-                  2.4534E-07     Aqueous      
 
 Exchangers           Equiv/kgw        Equiv/g solid    Equiv/m^3 bulk
 X-                   1.4427E+00       9.2000E-04       8.9907E+02
 
 Total Concentrations in Exchange Sites 
 -------------------------------------- 
 
 Exchangers           Equiv/kgw        Equiv/g solid    Equiv/m^3 bulk
 Ca++                 7.2136E-01       4.6000E-04       4.4953E+02
 Na+                  5.7809E-06       3.6863E-09       3.6025E-03
 Cl-                  1.7091E-10       1.0899E-13       1.0651E-07
 
 Concentrations of Individual Species, Exchangers, and Surface Complexes 
 ----------------------------------------------------------------------- 
 
                           Log        Log                 Concentration     
 Species              Molality   Activity      Molality    Mol/m^3 blk  Type
  NaX                   -5.238     -5.397     5.781E-06     3.602E-03  Exchange
  CaX2                  -0.142      0.000     7.214E-01     4.495E+02  Exchange
  CaClX                 -9.767     -9.926     1.709E-10     1.065E-07  Exchange
                           Log        Log                                 Activity
 Species              Molality   Activity      Molality      Activity   Coefficient    Type
  H+                    -6.998     -6.999     1.004E-07     1.003E-07     9.992E-01  Aqueous 
  Ca++                  -6.917     -6.919     1.209E-07     1.206E-07     9.969E-01  Aqueous 
  Na+                   -8.458     -8.459     3.481E-09     3.478E-09     9.992E-01  Aqueous 
  Cl-                   -6.610     -6.611     2.453E-07     2.451E-07     9.992E-01  Aqueous 
  OH-                   -6.999     -6.999     1.002E-07     1.002E-07     9.992E-01  Aqueous 
  CaOH+                -12.700    -12.700     1.997E-13     1.995E-13     9.992E-01  Aqueous 
  NaOH(aq)             -16.259    -16.259     5.514E-17     5.514E-17     1.000E+00  Aqueous 
  CaCl+                -14.229    -14.230     5.896E-15     5.892E-15     9.992E-01  Aqueous 
  CaCl2(aq)            -20.793    -20.793     1.609E-21     1.609E-21     1.000E+00  Aqueous 
 
  ****** Partial pressure of gases (bars) *****
 
 
  ***** Saturation state of minerals (log[Q/K] *****
 
 
 
  ***** Volum of minerals added or subtracted *****
 
 
 **************************************************************
 ------> GRID LOCATION:    59:  1:  1
 
  Temperature (C)    =     25.000
  Porosity           =      0.625
  Liquid Saturation  =      1.000
  Liquid Density     =    997.075
  Ionic Strength     =      0.000
  Solution pH        =      6.999
  Total Charge       =  1.460E-10
 
 Total Aqueous Concentrations of Primary Species 
 --------------------------------------- 
 
   Species              Molality       Type 
 H+                   1.2550E-10     Aqueous      
 Ca++                 6.7464E-08     Aqueous      
 Na+                  2.6003E-09     Aqueous      
 Cl-                  1.3751E-07     Aqueous      
 
 Exchangers           Equiv/kgw        Equiv/g solid    Equiv/m^3 bulk
 X-                   1.4427E+00       9.2000E-04       8.9907E+02
 
 Total Concentrations in Exchange Sites 
 -------------------------------------- 
 
 Exchangers           Equiv/kgw        Equiv/g solid    Equiv/m^3 bulk
 Ca++                 7.2136E-01       4.6000E-04       4.4953E+02
 Na+                  5.7810E-06       3.6864E-09       3.6026E-03
 Cl-                  7.1575E-11       4.5642E-14       4.4604E-08
 
 Concentrations of Individual Species, Exchangers, and Surface Complexes 
 ----------------------------------------------------------------------- 
 
                           Log        Log                 Concentration     
 Species              Molality   Activity      Molality    Mol/m^3 blk  Type
  NaX                   -5.238     -5.397     5.781E-06     3.603E-03  Exchange
  CaX2                  -0.142      0.000     7.214E-01     4.495E+02  Exchange
  CaClX                -10.145    -10.304     7.158E-11     4.460E-08  Exchange
                           Log        Log                                 Activity
 Species              Molality   Activity      Molality      Activity   Coefficient    Type
  H+                    -6.998     -6.999     1.004E-07     1.003E-07     9.994E-01  Aqueous 
  Ca++                  -7.171     -7.172     6.746E-08     6.729E-08     9.974E-01  Aqueous 
  Na+                   -8.585     -8.585     2.600E-09     2.599E-09     9.994E-01  Aqueous 
  Cl-                   -6.862     -6.862     1.375E-07     1.374E-07     9.994E-01  Aqueous 
  OH-                   -6.999     -6.999     1.002E-07     1.002E-07     9.994E-01  Aqueous 
  CaOH+                -12.953    -12.953     1.114E-13     1.113E-13     9.994E-01  Aqueous 
  NaOH(aq)             -16.385    -16.385     4.120E-17     4.120E-17     1.000E+00  Aqueous 
  CaCl+                -14.734    -14.734     1.845E-15     1.843E-15     9.994E-01  Aqueous 
  CaCl2(aq)            -21.549    -21.549     2.822E-22     2.822E-22     1.000E+00  Aqueous 
 
  ****** Partial pressure of gases (bars) *****
 
 
  ***** Saturation state of minerals (log[Q/K] *****
 
 
 
  ***** Volum of minerals added or subtracted *****
 
 
 **************************************************************
 ------> GRID LOCATION:    60:  1:  1
 
  Temperature (C)    =     25.000
  Porosity           =      0.625
  Liquid Saturation  =      1.000
  Liquid Density     =    997.075
  Ionic Strength     =      0.000
  Solution pH        =      6.999
  Total Charge       =  1.368E-10
 
 Total Aqueous Concentrations of Primary Species 
 --------------------------------------- 
 
   Species              Molality       Type 
 H+                   1.2558E-10     Aqueous      
 Ca++                 3.7043E-08     Aqueous      
 Na+                  1.9271E-09     Aqueous      
 Cl-                  7.6002E-08     Aqueous      
 
 Exchangers           Equiv/kgw        Equiv/g solid    Equiv/m^3 bulk
 X-                   1.4427E+00       9.2000E-04       8.9907E+02
 
 Total Concentrations in Exchange Sites 
 -------------------------------------- 
 
 Exchangers           Equiv/kgw        Equiv/g solid    Equiv/m^3 bulk
 Ca++                 7.2136E-01       4.6000E-04       4.4953E+02
 Na+                  5.7811E-06       3.6865E-09       3.6026E-03
 Cl-                  2.9323E-11       1.8699E-14       1.8273E-08
 
 Concentrations of Individual Species, Exchangers, and Surface Complexes 
 ----------------------------------------------------------------------- 
 
                           Log        Log                 Concentration     
 Species              Molality   Activity      Molality    Mol/m^3 blk  Type
  NaX                   -5.238     -5.397     5.781E-06     3.603E-03  Exchange
  CaX2                  -0.142      0.000     7.214E-01     4.495E+02  Exchange
  CaClX                -10.533    -10.692     2.932E-11     1.827E-08  Exchange
                           Log        Log                                 Activity
 Species              Molality   Activity      Molality      Activity   Coefficient    Type
  H+                    -6.998     -6.999     1.003E-07     1.003E-07     9.995E-01  Aqueous 
  Ca++                  -7.431     -7.432     3.704E-08     3.696E-08     9.979E-01  Aqueous 
  Na+                   -8.715     -8.715     1.927E-09     1.926E-09     9.995E-01  Aqueous 
  Cl-                   -7.119     -7.119     7.600E-08     7.596E-08     9.995E-01  Aqueous 
  OH-                   -6.999     -6.999     1.002E-07     1.002E-07     9.995E-01  Aqueous 
  CaOH+                -13.213    -13.213     6.120E-14     6.116E-14     9.995E-01  Aqueous 
  NaOH(aq)             -16.515    -16.515     3.053E-17     3.053E-17     1.000E+00  Aqueous 
  CaCl+                -15.252    -15.252     5.600E-16     5.597E-16     9.995E-01  Aqueous 
  CaCl2(aq)            -22.325    -22.325     4.737E-23     4.737E-23     1.000E+00  Aqueous 
 
  ****** Partial pressure of gases (bars) *****
 
 
  ***** Saturation state of minerals (log[Q/K] *****
 
 
 
  ***** Volum of minerals added or subtracted *****
 
 
 **************************************************************
 ------> GRID LOCATION:    61:  1:  1
 
  Temperature (C)    =     25.000
  Porosity           =      0.625
  Liquid Saturation  =      1.000
  Liquid Density     =    997.075
  Ionic Strength     =      0.000
  Solution pH        =      6.999
  Total Charge       =  1.317E-10
 
 Total Aqueous Concentrations of Primary Species 
 --------------------------------------- 
 
   Species              Molality       Type 
 H+                   1.2562E-10     Aqueous      
 Ca++                 2.0026E-08     Aqueous      
 Na+                  1.4170E-09     Aqueous      
 Cl-                  4.1463E-08     Aqueous      
 
 Exchangers           Equiv/kgw        Equiv/g solid    Equiv/m^3 bulk
 X-                   1.4427E+00       9.2000E-04       8.9907E+02
 
 Total Concentrations in Exchange Sites 
 -------------------------------------- 
 
 Exchangers           Equiv/kgw        Equiv/g solid    Equiv/m^3 bulk
 Ca++                 7.2136E-01       4.6000E-04       4.4953E+02
 Na+                  5.7812E-06       3.6865E-09       3.6027E-03
 Cl-                  1.1765E-11       7.5022E-15       7.3315E-09
 
 Concentrations of Individual Species, Exchangers, and Surface Complexes 
 ----------------------------------------------------------------------- 
 
                           Log        Log                 Concentration     
 Species              Molality   Activity      Molality    Mol/m^3 blk  Type
  NaX                   -5.238     -5.397     5.781E-06     3.603E-03  Exchange
  CaX2                  -0.142      0.000     7.214E-01     4.495E+02  Exchange
  CaClX                -10.929    -11.089     1.176E-11     7.332E-09  Exchange
                           Log        Log                                 Activity
 Species              Molality   Activity      Molality      Activity   Coefficient    Type
  H+                    -6.999     -6.999     1.003E-07     1.003E-07     9.995E-01  Aqueous 
  Ca++                  -7.698     -7.699     2.003E-08     1.999E-08     9.981E-01  Aqueous 
  Na+                   -8.849     -8.849     1.417E-09     1.416E-09     9.995E-01  Aqueous 
  Cl-                   -7.382     -7.383     4.146E-08     4.144E-08     9.995E-01  Aqueous 
  OH-                   -6.999     -6.999     1.002E-07     1.002E-07     9.995E-01  Aqueous 
  CaOH+                -13.480    -13.480     3.309E-14     3.308E-14     9.995E-01  Aqueous 
  NaOH(aq)             -16.649    -16.649     2.245E-17     2.245E-17     1.000E+00  Aqueous 
  CaCl+                -15.782    -15.782     1.652E-16     1.651E-16     9.995E-01  Aqueous 
  CaCl2(aq)            -23.118    -23.118     7.625E-24     7.625E-24     1.000E+00  Aqueous 
 
  ****** Partial pressure of gases (bars) *****
 
 
  ***** Saturation state of minerals (log[Q/K] *****
 
 
 
  ***** Volum of minerals added or subtracted *****
 
 
 **************************************************************
 ------> GRID LOCATION:    62:  1:  1
 
  Temperature (C)    =     25.000
  Porosity           =      0.625
  Liquid Saturation  =      1.000
  Liquid Density     =    997.075
  Ionic Strength     =      0.000
  Solution pH        =      6.999
  Total Charge       =  1.289E-10
 
 Total Aqueous Concentrations of Primary Species 
 --------------------------------------- 
 
   Species              Molality       Type 
 H+                   1.2565E-10     Aqueous      
 Ca++                 1.0667E-08     Aqueous      
 Na+                  1.0342E-09     Aqueous      
 Cl-                  2.2364E-08     Aqueous      
 
 Exchangers           Equiv/kgw        Equiv/g solid    Equiv/m^3 bulk
 X-                   1.4427E+00       9.2000E-04       8.9907E+02
 
 Total Concentrations in Exchange Sites 
 -------------------------------------- 
 
 Exchangers           Equiv/kgw        Equiv/g solid    Equiv/m^3 bulk
 Ca++                 7.2136E-01       4.6000E-04       4.4953E+02
 Na+                  5.7812E-06       3.6866E-09       3.6027E-03
 Cl-                  4.6318E-12       2.9536E-15       2.8864E-09
 
 Concentrations of Individual Species, Exchangers, and Surface Complexes 
 ----------------------------------------------------------------------- 
 
                           Log        Log                 Concentration     
 Species              Molality   Activity      Molality    Mol/m^3 blk  Type
  NaX                   -5.238     -5.397     5.781E-06     3.603E-03  Exchange
  CaX2                  -0.142      0.000     7.214E-01     4.495E+02  Exchange
  CaClX                -11.334    -11.493     4.632E-12     2.886E-09  Exchange
                           Log        Log                                 Activity
 Species              Molality   Activity      Molality      Activity   Coefficient    Type
  H+                    -6.999     -6.999     1.003E-07     1.003E-07     9.996E-01  Aqueous 
  Ca++                  -7.972     -7.973     1.067E-08     1.065E-08     9.983E-01  Aqueous 
  Na+                   -8.985     -8.986     1.034E-09     1.034E-09     9.996E-01  Aqueous 
  Cl-                   -7.650     -7.651     2.236E-08     2.235E-08     9.996E-01  Aqueous 
  OH-                   -6.999     -6.999     1.002E-07     1.002E-07     9.996E-01  Aqueous 
  CaOH+                -13.754    -13.754     1.763E-14     1.762E-14     9.996E-01  Aqueous 
  NaOH(aq)             -16.785    -16.785     1.639E-17     1.639E-17     1.000E+00  Aqueous 
  CaCl+                -16.324    -16.324     4.747E-17     4.745E-17     9.996E-01  Aqueous 
  CaCl2(aq)            -23.927    -23.927     1.182E-24     1.182E-24     1.000E+00  Aqueous 
 
  ****** Partial pressure of gases (bars) *****
 
 
  ***** Saturation state of minerals (log[Q/K] *****
 
 
 
  ***** Volum of minerals added or subtracted *****
 
 
 **************************************************************
 ------> GRID LOCATION:    63:  1:  1
 
  Temperature (C)    =     25.000
  Porosity           =      0.625
  Liquid Saturation  =      1.000
  Liquid Density     =    997.075
  Ionic Strength     =      0.000
  Solution pH        =      6.999
  Total Charge       =  1.274E-10
 
 Total Aqueous Concentrations of Primary Species 
 --------------------------------------- 
 
   Species              Molality       Type 
 H+                   1.2566E-10     Aqueous      
 Ca++                 5.6066E-09     Aqueous      
 Na+                  7.4983E-10     Aqueous      
 Cl-                  1.1961E-08     Aqueous      
 
 Exchangers           Equiv/kgw        Equiv/g solid    Equiv/m^3 bulk
 X-                   1.4427E+00       9.2000E-04       8.9907E+02
 
 Total Concentrations in Exchange Sites 
 -------------------------------------- 
 
 Exchangers           Equiv/kgw        Equiv/g solid    Equiv/m^3 bulk
 Ca++                 7.2136E-01       4.6000E-04       4.4953E+02
 Na+                  5.7813E-06       3.6866E-09       3.6027E-03
 Cl-                  1.7961E-12       1.1454E-15       1.1193E-09
 
 Concentrations of Individual Species, Exchangers, and Surface Complexes 
 ----------------------------------------------------------------------- 
 
                           Log        Log                 Concentration     
 Species              Molality   Activity      Molality    Mol/m^3 blk  Type
  NaX                   -5.238     -5.397     5.781E-06     3.603E-03  Exchange
  CaX2                  -0.142      0.000     7.214E-01     4.495E+02  Exchange
  CaClX                -11.746    -11.905     1.796E-12     1.119E-09  Exchange
                           Log        Log                                 Activity
 Species              Molality   Activity      Molality      Activity   Coefficient    Type
  H+                    -6.999     -6.999     1.003E-07     1.003E-07     9.996E-01  Aqueous 
  Ca++                  -8.251     -8.252     5.607E-09     5.598E-09     9.984E-01  Aqueous 
  Na+                   -9.125     -9.125     7.498E-10     7.495E-10     9.996E-01  Aqueous 
  Cl-                   -7.922     -7.922     1.196E-08     1.196E-08     9.996E-01  Aqueous 
  OH-                   -6.999     -6.999     1.002E-07     1.002E-07     9.996E-01  Aqueous 
  CaOH+                -14.033    -14.033     9.266E-15     9.262E-15     9.996E-01  Aqueous 
  NaOH(aq)             -16.925    -16.925     1.188E-17     1.188E-17     1.000E+00  Aqueous 
  CaCl+                -16.875    -16.875     1.335E-17     1.334E-17     9.996E-01  Aqueous 
  CaCl2(aq)            -24.750    -24.750     1.777E-25     1.777E-25     1.000E+00  Aqueous 
 
  ****** Partial pressure of gases (bars) *****
 
 
  ***** Saturation state of minerals (log[Q/K] *****
 
 
 
  ***** Volum of minerals added or subtracted *****
 
 
 **************************************************************
 ------> GRID LOCATION:    64:  1:  1
 
  Temperature (C)    =     25.000
  Porosity           =      0.625
  Liquid Saturation  =      1.000
  Liquid Density     =    997.075
  Ionic Strength     =      0.000
  Solution pH        =      6.999
  Total Charge       =  1.266E-10
 
 Total Aqueous Concentrations of Primary Species 
 --------------------------------------- 
 
   Species              Molality       Type 
 H+                   1.2567E-10     Aqueous      
 Ca++                 2.9191E-09     Aqueous      
 Na+                  5.4106E-10     Aqueous      
 Cl-                  6.3783E-09     Aqueous      
 
 Exchangers           Equiv/kgw        Equiv/g solid    Equiv/m^3 bulk
 X-                   1.4427E+00       9.2000E-04       8.9907E+02
 
 Total Concentrations in Exchange Sites 
 -------------------------------------- 
 
 Exchangers           Equiv/kgw        Equiv/g solid    Equiv/m^3 bulk
 Ca++                 7.2136E-01       4.6000E-04       4.4953E+02
 Na+                  5.7813E-06       3.6866E-09       3.6028E-03
 Cl-                  6.9113E-13       4.4072E-16       4.3069E-10
 
 Concentrations of Individual Species, Exchangers, and Surface Complexes 
 ----------------------------------------------------------------------- 
 
                           Log        Log                 Concentration     
 Species              Molality   Activity      Molality    Mol/m^3 blk  Type
  NaX                   -5.238     -5.397     5.781E-06     3.603E-03  Exchange
  CaX2                  -0.142      0.000     7.214E-01     4.495E+02  Exchange
  CaClX                -12.160    -12.320     6.911E-13     4.307E-10  Exchange
                           Log        Log                                 Activity
 Species              Molality   Activity      Molality      Activity   Coefficient    Type
  H+                    -6.999     -6.999     1.003E-07     1.003E-07     9.996E-01  Aqueous 
  Ca++                  -8.535     -8.535     2.919E-09     2.915E-09     9.985E-01  Aqueous 
  Na+                   -9.267     -9.267     5.411E-10     5.409E-10     9.996E-01  Aqueous 
  Cl-                   -8.195     -8.195     6.378E-09     6.376E-09     9.996E-01  Aqueous 
  OH-                   -6.999     -6.999     1.002E-07     1.002E-07     9.996E-01  Aqueous 
  CaOH+                -14.317    -14.317     4.825E-15     4.823E-15     9.996E-01  Aqueous 
  NaOH(aq)             -17.067    -17.067     8.574E-18     8.574E-18     1.000E+00  Aqueous 
  CaCl+                -17.431    -17.431     3.706E-18     3.704E-18     9.996E-01  Aqueous 
  CaCl2(aq)            -25.580    -25.580     2.631E-26     2.631E-26     1.000E+00  Aqueous 
 
  ****** Partial pressure of gases (bars) *****
 
 
  ***** Saturation state of minerals (log[Q/K] *****
 
 
 
  ***** Volum of minerals added or subtracted *****
 
 
 **************************************************************
 ------> GRID LOCATION:    65:  1:  1
 
  Temperature (C)    =     25.000
  Porosity           =      0.625
  Liquid Saturation  =      1.000
  Liquid Density     =    997.075
  Ionic Strength     =      0.000
  Solution pH        =      6.999
  Total Charge       =  1.262E-10
 
 Total Aqueous Concentrations of Primary Species 
 --------------------------------------- 
 
   Species              Molality       Type 
 H+                   1.2567E-10     Aqueous      
 Ca++                 1.5179E-09     Aqueous      
 Na+                  3.9016E-10     Aqueous      
 Cl-                  3.4254E-09     Aqueous      
 
 Exchangers           Equiv/kgw        Equiv/g solid    Equiv/m^3 bulk
 X-                   1.4427E+00       9.2000E-04       8.9907E+02
 
 Total Concentrations in Exchange Sites 
 -------------------------------------- 
 
 Exchangers           Equiv/kgw        Equiv/g solid    Equiv/m^3 bulk
 Ca++                 7.2136E-01       4.6000E-04       4.4953E+02
 Na+                  5.7814E-06       3.6867E-09       3.6028E-03
 Cl-                  2.6765E-13       1.7068E-16       1.6679E-10
 
 Concentrations of Individual Species, Exchangers, and Surface Complexes 
 ----------------------------------------------------------------------- 
 
                           Log        Log                 Concentration     
 Species              Molality   Activity      Molality    Mol/m^3 blk  Type
  NaX                   -5.238     -5.397     5.781E-06     3.603E-03  Exchange
  CaX2                  -0.142      0.000     7.214E-01     4.495E+02  Exchange
  CaClX                -12.572    -12.732     2.677E-13     1.668E-10  Exchange
                           Log        Log                                 Activity
 Species              Molality   Activity      Molality      Activity   Coefficient    Type
  H+                    -6.999     -6.999     1.003E-07     1.003E-07     9.996E-01  Aqueous 
  Ca++                  -8.819     -8.819     1.518E-09     1.516E-09     9.985E-01  Aqueous 
  Na+                   -9.409     -9.409     3.902E-10     3.900E-10     9.996E-01  Aqueous 
  Cl-                   -8.465     -8.465     3.425E-09     3.424E-09     9.996E-01  Aqueous 
  OH-                   -6.999     -6.999     1.002E-07     1.002E-07     9.996E-01  Aqueous 
  CaOH+                -14.601    -14.601     2.509E-15     2.508E-15     9.996E-01  Aqueous 
  NaOH(aq)             -17.209    -17.209     6.183E-18     6.183E-18     1.000E+00  Aqueous 
  CaCl+                -17.985    -17.985     1.035E-18     1.034E-18     9.996E-01  Aqueous 
  CaCl2(aq)            -26.404    -26.404     3.947E-27     3.947E-27     1.000E+00  Aqueous 
 
  ****** Partial pressure of gases (bars) *****
 
 
  ***** Saturation state of minerals (log[Q/K] *****
 
 
 
  ***** Volum of minerals added or subtracted *****
 
 
 **************************************************************
 ------> GRID LOCATION:    66:  1:  1
 
  Temperature (C)    =     25.000
  Porosity           =      0.625
  Liquid Saturation  =      1.000
  Liquid Density     =    997.075
  Ionic Strength     =      0.000
  Solution pH        =      6.999
  Total Charge       =  1.259E-10
 
 Total Aqueous Concentrations of Primary Species 
 --------------------------------------- 
 
   Species              Molality       Type 
 H+                   1.2567E-10     Aqueous      
 Ca++                 8.0130E-10     Aqueous      
 Na+                  2.8349E-10     Aqueous      
 Cl-                  1.8858E-09     Aqueous      
 
 Exchangers           Equiv/kgw        Equiv/g solid    Equiv/m^3 bulk
 X-                   1.4427E+00       9.2000E-04       8.9907E+02
 
 Total Concentrations in Exchange Sites 
 -------------------------------------- 
 
 Exchangers           Equiv/kgw        Equiv/g solid    Equiv/m^3 bulk
 Ca++                 7.2136E-01       4.6000E-04       4.4953E+02
 Na+                  5.7814E-06       3.6867E-09       3.6028E-03
 Cl-                  1.0706E-13       6.8273E-17       6.6719E-11
 
 Concentrations of Individual Species, Exchangers, and Surface Complexes 
 ----------------------------------------------------------------------- 
 
                           Log        Log                 Concentration     
 Species              Molality   Activity      Molality    Mol/m^3 blk  Type
  NaX                   -5.238     -5.397     5.781E-06     3.603E-03  Exchange
  CaX2                  -0.142      0.000     7.214E-01     4.495E+02  Exchange
  CaClX                -12.970    -13.130     1.071E-13     6.672E-11  Exchange
                           Log        Log                                 Activity
 Species              Molality   Activity      Molality      Activity   Coefficient    Type
  H+                    -6.999     -6.999     1.003E-07     1.003E-07     9.996E-01  Aqueous 
  Ca++                  -9.096     -9.097     8.013E-10     8.001E-10     9.985E-01  Aqueous 
  Na+                   -9.547     -9.548     2.835E-10     2.834E-10     9.996E-01  Aqueous 
  Cl-                   -8.724     -8.725     1.886E-09     1.885E-09     9.996E-01  Aqueous 
  OH-                   -6.999     -6.999     1.002E-07     1.002E-07     9.996E-01  Aqueous 
  CaOH+                -14.878    -14.878     1.324E-15     1.324E-15     9.996E-01  Aqueous 
  NaOH(aq)             -17.348    -17.348     4.492E-18     4.492E-18     1.000E+00  Aqueous 
  CaCl+                -18.522    -18.522     3.008E-19     3.007E-19     9.996E-01  Aqueous 
  CaCl2(aq)            -27.200    -27.200     6.315E-28     6.315E-28     1.000E+00  Aqueous 
 
  ****** Partial pressure of gases (bars) *****
 
 
  ***** Saturation state of minerals (log[Q/K] *****
 
 
 
  ***** Volum of minerals added or subtracted *****
 
 
 **************************************************************
 ------> GRID LOCATION:    67:  1:  1
 
  Temperature (C)    =     25.000
  Porosity           =      0.625
  Liquid Saturation  =      1.000
  Liquid Density     =    997.075
  Ionic Strength     =      0.000
  Solution pH        =      6.999
  Total Charge       =  1.258E-10
 
 Total Aqueous Concentrations of Primary Species 
 --------------------------------------- 
 
   Species              Molality       Type 
 H+                   1.2567E-10     Aqueous      
 Ca++                 4.4195E-10     Aqueous      
 Na+                  2.1053E-10     Aqueous      
 Cl-                  1.0943E-09     Aqueous      
 
 Exchangers           Equiv/kgw        Equiv/g solid    Equiv/m^3 bulk
 X-                   1.4427E+00       9.2000E-04       8.9907E+02
 
 Total Concentrations in Exchange Sites 
 -------------------------------------- 
 
 Exchangers           Equiv/kgw        Equiv/g solid    Equiv/m^3 bulk
 Ca++                 7.2136E-01       4.6000E-04       4.4953E+02
 Na+                  5.7814E-06       3.6867E-09       3.6028E-03
 Cl-                  4.6138E-14       2.9422E-17       2.8752E-11
 
 Concentrations of Individual Species, Exchangers, and Surface Complexes 
 ----------------------------------------------------------------------- 
 
                           Log        Log                 Concentration     
 Species              Molality   Activity      Molality    Mol/m^3 blk  Type
  NaX                   -5.238     -5.397     5.781E-06     3.603E-03  Exchange
  CaX2                  -0.142      0.000     7.214E-01     4.495E+02  Exchange
  CaClX                -13.336    -13.495     4.614E-14     2.875E-11  Exchange
                           Log        Log                                 Activity
 Species              Molality   Activity      Molality      Activity   Coefficient    Type
  H+                    -6.999     -6.999     1.003E-07     1.003E-07     9.996E-01  Aqueous 
  Ca++                  -9.355     -9.355     4.419E-10     4.413E-10     9.985E-01  Aqueous 
  Na+                   -9.677     -9.677     2.105E-10     2.105E-10     9.996E-01  Aqueous 
  Cl-                   -8.961     -8.961     1.094E-09     1.094E-09     9.996E-01  Aqueous 
  OH-                   -6.999     -6.999     1.002E-07     1.002E-07     9.996E-01  Aqueous 
  CaOH+                -15.136    -15.137     7.305E-16     7.302E-16     9.996E-01  Aqueous 
  NaOH(aq)             -17.477    -17.477     3.336E-18     3.336E-18     1.000E+00  Aqueous 
  CaCl+                -19.017    -19.017     9.626E-20     9.623E-20     9.996E-01  Aqueous 
  CaCl2(aq)            -27.931    -27.931     1.173E-28     1.173E-28     1.000E+00  Aqueous 
 
  ****** Partial pressure of gases (bars) *****
 
 
  ***** Saturation state of minerals (log[Q/K] *****
 
 
 
  ***** Volum of minerals added or subtracted *****
 
 
 **************************************************************
 ------> GRID LOCATION:    68:  1:  1
 
  Temperature (C)    =     25.000
  Porosity           =      0.625
  Liquid Saturation  =      1.000
  Liquid Density     =    997.075
  Ionic Strength     =      0.000
  Solution pH        =      6.999
  Total Charge       =  1.257E-10
 
 Total Aqueous Concentrations of Primary Species 
 --------------------------------------- 
 
   Species              Molality       Type 
 H+                   1.2568E-10     Aqueous      
 Ca++                 2.6499E-10     Aqueous      
 Na+                  1.6302E-10     Aqueous      
 Cl-                  6.9293E-10     Aqueous      
 
 Exchangers           Equiv/kgw        Equiv/g solid    Equiv/m^3 bulk
 X-                   1.4427E+00       9.2000E-04       8.9907E+02
 
 Total Concentrations in Exchange Sites 
 -------------------------------------- 
 
 Exchangers           Equiv/kgw        Equiv/g solid    Equiv/m^3 bulk
 Ca++                 7.2136E-01       4.6000E-04       4.4953E+02
 Na+                  5.7814E-06       3.6867E-09       3.6028E-03
 Cl-                  2.2623E-14       1.4426E-17       1.4098E-11
 
 Concentrations of Individual Species, Exchangers, and Surface Complexes 
 ----------------------------------------------------------------------- 
 
                           Log        Log                 Concentration     
 Species              Molality   Activity      Molality    Mol/m^3 blk  Type
  NaX                   -5.238     -5.397     5.781E-06     3.603E-03  Exchange
  CaX2                  -0.142      0.000     7.214E-01     4.495E+02  Exchange
  CaClX                -13.645    -13.805     2.262E-14     1.410E-11  Exchange
                           Log        Log                                 Activity
 Species              Molality   Activity      Molality      Activity   Coefficient    Type
  H+                    -6.999     -6.999     1.003E-07     1.003E-07     9.996E-01  Aqueous 
  Ca++                  -9.577     -9.577     2.650E-10     2.646E-10     9.985E-01  Aqueous 
  Na+                   -9.788     -9.788     1.630E-10     1.630E-10     9.996E-01  Aqueous 
  Cl-                   -9.159     -9.159     6.929E-10     6.927E-10     9.996E-01  Aqueous 
  OH-                   -6.999     -6.999     1.002E-07     1.002E-07     9.996E-01  Aqueous 
  CaOH+                -15.359    -15.359     4.380E-16     4.378E-16     9.996E-01  Aqueous 
  NaOH(aq)             -17.588    -17.588     2.583E-18     2.583E-18     1.000E+00  Aqueous 
  CaCl+                -19.437    -19.437     3.655E-20     3.653E-20     9.996E-01  Aqueous 
  CaCl2(aq)            -28.550    -28.550     2.819E-29     2.819E-29     1.000E+00  Aqueous 
 
  ****** Partial pressure of gases (bars) *****
 
 
  ***** Saturation state of minerals (log[Q/K] *****
 
 
 
  ***** Volum of minerals added or subtracted *****
 
 
 **************************************************************
 ------> GRID LOCATION:    69:  1:  1
 
  Temperature (C)    =     25.000
  Porosity           =      0.625
  Liquid Saturation  =      1.000
  Liquid Density     =    997.075
  Ionic Strength     =      0.000
  Solution pH        =      6.999
  Total Charge       =  1.257E-10
 
 Total Aqueous Concentrations of Primary Species 
 --------------------------------------- 
 
   Species              Molality       Type 
 H+                   1.2568E-10     Aqueous      
 Ca++                 1.7908E-10     Aqueous      
 Na+                  1.3402E-10     Aqueous      
 Cl-                  4.9217E-10     Aqueous      
 
 Exchangers           Equiv/kgw        Equiv/g solid    Equiv/m^3 bulk
 X-                   1.4427E+00       9.2000E-04       8.9907E+02
 
 Total Concentrations in Exchange Sites 
 -------------------------------------- 
 
 Exchangers           Equiv/kgw        Equiv/g solid    Equiv/m^3 bulk
 Ca++                 7.2136E-01       4.6000E-04       4.4953E+02
 Na+                  5.7814E-06       3.6867E-09       3.6028E-03
 Cl-                  1.3210E-14       8.4235E-18       8.2319E-12
 
 Concentrations of Individual Species, Exchangers, and Surface Complexes 
 ----------------------------------------------------------------------- 
 
                           Log        Log                 Concentration     
 Species              Molality   Activity      Molality    Mol/m^3 blk  Type
  NaX                   -5.238     -5.397     5.781E-06     3.603E-03  Exchange
  CaX2                  -0.142      0.000     7.214E-01     4.495E+02  Exchange
  CaClX                -13.879    -14.038     1.321E-14     8.232E-12  Exchange
                           Log        Log                                 Activity
 Species              Molality   Activity      Molality      Activity   Coefficient    Type
  H+                    -6.999     -6.999     1.003E-07     1.003E-07     9.996E-01  Aqueous 
  Ca++                  -9.747     -9.748     1.791E-10     1.788E-10     9.985E-01  Aqueous 
  Na+                   -9.873     -9.873     1.340E-10     1.340E-10     9.996E-01  Aqueous 
  Cl-                   -9.308     -9.308     4.922E-10     4.920E-10     9.996E-01  Aqueous 
  OH-                   -6.999     -6.999     1.002E-07     1.002E-07     9.996E-01  Aqueous 
  CaOH+                -15.529    -15.529     2.960E-16     2.959E-16     9.996E-01  Aqueous 
  NaOH(aq)             -17.673    -17.673     2.124E-18     2.124E-18     1.000E+00  Aqueous 
  CaCl+                -19.756    -19.756     1.754E-20     1.754E-20     9.996E-01  Aqueous 
  CaCl2(aq)            -29.017    -29.017     9.613E-30     9.613E-30     1.000E+00  Aqueous 
 
  ****** Partial pressure of gases (bars) *****
 
 
  ***** Saturation state of minerals (log[Q/K] *****
 
 
 
  ***** Volum of minerals added or subtracted *****
 
 
 **************************************************************
 ------> GRID LOCATION:    70:  1:  1
 
  Temperature (C)    =     25.000
  Porosity           =      0.625
  Liquid Saturation  =      1.000
  Liquid Density     =    997.075
  Ionic Strength     =      0.000
  Solution pH        =      6.999
  Total Charge       =  1.256E-10
 
 Total Aqueous Concentrations of Primary Species 
 --------------------------------------- 
 
   Species              Molality       Type 
 H+                   1.2568E-10     Aqueous      
 Ca++                 1.3776E-10     Aqueous      
 Na+                  1.1754E-10     Aqueous      
 Cl-                  3.9310E-10     Aqueous      
 
 Exchangers           Equiv/kgw        Equiv/g solid    Equiv/m^3 bulk
 X-                   1.4427E+00       9.2000E-04       8.9907E+02
 
 Total Concentrations in Exchange Sites 
 -------------------------------------- 
 
 Exchangers           Equiv/kgw        Equiv/g solid    Equiv/m^3 bulk
 Ca++                 7.2136E-01       4.6000E-04       4.4953E+02
 Na+                  5.7814E-06       3.6867E-09       3.6028E-03
 Cl-                  9.2536E-15       5.9008E-18       5.7666E-12
 
 Concentrations of Individual Species, Exchangers, and Surface Complexes 
 ----------------------------------------------------------------------- 
 
                           Log        Log                 Concentration     
 Species              Molality   Activity      Molality    Mol/m^3 blk  Type
  NaX                   -5.238     -5.397     5.781E-06     3.603E-03  Exchange
  CaX2                  -0.142      0.000     7.214E-01     4.495E+02  Exchange
  CaClX                -14.034    -14.193     9.254E-15     5.767E-12  Exchange
                           Log        Log                                 Activity
 Species              Molality   Activity      Molality      Activity   Coefficient    Type
  H+                    -6.999     -6.999     1.003E-07     1.003E-07     9.996E-01  Aqueous 
  Ca++                  -9.861     -9.862     1.378E-10     1.376E-10     9.985E-01  Aqueous 
  Na+                   -9.930     -9.930     1.175E-10     1.175E-10     9.996E-01  Aqueous 
  Cl-                   -9.405     -9.406     3.931E-10     3.930E-10     9.996E-01  Aqueous 
  OH-                   -6.999     -6.999     1.002E-07     1.002E-07     9.996E-01  Aqueous 
  CaOH+                -15.643    -15.643     2.277E-16     2.276E-16     9.996E-01  Aqueous 
  NaOH(aq)             -17.730    -17.730     1.863E-18     1.863E-18     1.000E+00  Aqueous 
  CaCl+                -19.967    -19.968     1.078E-20     1.077E-20     9.996E-01  Aqueous 
  CaCl2(aq)            -29.326    -29.326     4.717E-30     4.717E-30     1.000E+00  Aqueous 
 
  ****** Partial pressure of gases (bars) *****
 
 
  ***** Saturation state of minerals (log[Q/K] *****
 
 
 
  ***** Volum of minerals added or subtracted *****
 
 
 **************************************************************
 ------> GRID LOCATION:    71:  1:  1
 
  Temperature (C)    =     25.000
  Porosity           =      0.625
  Liquid Saturation  =      1.000
  Liquid Density     =    997.075
  Ionic Strength     =      0.000
  Solution pH        =      6.999
  Total Charge       =  1.256E-10
 
 Total Aqueous Concentrations of Primary Species 
 --------------------------------------- 
 
   Species              Molality       Type 
 H+                   1.2568E-10     Aqueous      
 Ca++                 1.1799E-10     Aqueous      
 Na+                  1.0878E-10     Aqueous      
 Cl-                  3.4488E-10     Aqueous      
 
 Exchangers           Equiv/kgw        Equiv/g solid    Equiv/m^3 bulk
 X-                   1.4427E+00       9.2000E-04       8.9907E+02
 
 Total Concentrations in Exchange Sites 
 -------------------------------------- 
 
 Exchangers           Equiv/kgw        Equiv/g solid    Equiv/m^3 bulk
 Ca++                 7.2136E-01       4.6000E-04       4.4953E+02
 Na+                  5.7814E-06       3.6867E-09       3.6028E-03
 Cl-                  7.5135E-15       4.7912E-18       4.6822E-12
 
 Concentrations of Individual Species, Exchangers, and Surface Complexes 
 ----------------------------------------------------------------------- 
 
                           Log        Log                 Concentration     
 Species              Molality   Activity      Molality    Mol/m^3 blk  Type
  NaX                   -5.238     -5.397     5.781E-06     3.603E-03  Exchange
  CaX2                  -0.142      0.000     7.214E-01     4.495E+02  Exchange
  CaClX                -14.124    -14.283     7.514E-15     4.682E-12  Exchange
                           Log        Log                                 Activity
 Species              Molality   Activity      Molality      Activity   Coefficient    Type
  H+                    -6.999     -6.999     1.003E-07     1.003E-07     9.996E-01  Aqueous 
  Ca++                  -9.928     -9.929     1.180E-10     1.178E-10     9.985E-01  Aqueous 
  Na+                   -9.963     -9.964     1.088E-10     1.087E-10     9.996E-01  Aqueous 
  Cl-                   -9.462     -9.462     3.449E-10     3.448E-10     9.996E-01  Aqueous 
  OH-                   -6.999     -6.999     1.002E-07     1.002E-07     9.996E-01  Aqueous 
  CaOH+                -15.710    -15.710     1.950E-16     1.950E-16     9.996E-01  Aqueous 
  NaOH(aq)             -17.764    -17.764     1.724E-18     1.724E-18     1.000E+00  Aqueous 
  CaCl+                -20.092    -20.092     8.100E-21     8.097E-21     9.996E-01  Aqueous 
  CaCl2(aq)            -29.507    -29.507     3.110E-30     3.110E-30     1.000E+00  Aqueous 
 
  ****** Partial pressure of gases (bars) *****
 
 
  ***** Saturation state of minerals (log[Q/K] *****
 
 
 
  ***** Volum of minerals added or subtracted *****
 
 
 **************************************************************
 ------> GRID LOCATION:    72:  1:  1
 
  Temperature (C)    =     25.000
  Porosity           =      0.625
  Liquid Saturation  =      1.000
  Liquid Density     =    997.075
  Ionic Strength     =      0.000
  Solution pH        =      6.999
  Total Charge       =  1.254E-10
 
 Total Aqueous Concentrations of Primary Species 
 --------------------------------------- 
 
   Species              Molality       Type 
 H+                   1.2568E-10     Aqueous      
 Ca++                 1.0859E-10     Aqueous      
 Na+                  1.0436E-10     Aqueous      
 Cl-                  3.2176E-10     Aqueous      
 
 Exchangers           Equiv/kgw        Equiv/g solid    Equiv/m^3 bulk
 X-                   1.4427E+00       9.2000E-04       8.9907E+02
 
 Total Concentrations in Exchange Sites 
 -------------------------------------- 
 
 Exchangers           Equiv/kgw        Equiv/g solid    Equiv/m^3 bulk
 Ca++                 7.2136E-01       4.6000E-04       4.4953E+02
 Na+                  5.7814E-06       3.6867E-09       3.6028E-03
 Cl-                  6.7246E-15       4.2881E-18       4.1906E-12
 
 Concentrations of Individual Species, Exchangers, and Surface Complexes 
 ----------------------------------------------------------------------- 
 
                           Log        Log                 Concentration     
 Species              Molality   Activity      Molality    Mol/m^3 blk  Type
  NaX                   -5.238     -5.397     5.781E-06     3.603E-03  Exchange
  CaX2                  -0.142      0.000     7.214E-01     4.495E+02  Exchange
  CaClX                -14.172    -14.332     6.725E-15     4.191E-12  Exchange
                           Log        Log                                 Activity
 Species              Molality   Activity      Molality      Activity   Coefficient    Type
  H+                    -6.999     -6.999     1.003E-07     1.003E-07     9.996E-01  Aqueous 
  Ca++                  -9.964     -9.965     1.086E-10     1.084E-10     9.985E-01  Aqueous 
  Na+                   -9.981     -9.982     1.044E-10     1.043E-10     9.996E-01  Aqueous 
  Cl-                   -9.492     -9.493     3.218E-10     3.216E-10     9.996E-01  Aqueous 
  OH-                   -6.999     -6.999     1.002E-07     1.002E-07     9.996E-01  Aqueous 
  CaOH+                -15.746    -15.746     1.795E-16     1.794E-16     9.996E-01  Aqueous 
  NaOH(aq)             -17.782    -17.782     1.654E-18     1.654E-18     1.000E+00  Aqueous 
  CaCl+                -20.158    -20.158     6.954E-21     6.952E-21     9.996E-01  Aqueous 
  CaCl2(aq)            -29.604    -29.604     2.491E-30     2.491E-30     1.000E+00  Aqueous 
 
  ****** Partial pressure of gases (bars) *****
 
 
  ***** Saturation state of minerals (log[Q/K] *****
 
 
 
  ***** Volum of minerals added or subtracted *****
 
 
 **************************************************************
 ------> GRID LOCATION:    73:  1:  1
 
  Temperature (C)    =     25.000
  Porosity           =      0.625
  Liquid Saturation  =      1.000
  Liquid Density     =    997.075
  Ionic Strength     =      0.000
  Solution pH        =      6.999
  Total Charge       =  1.253E-10
 
 Total Aqueous Concentrations of Primary Species 
 --------------------------------------- 
 
   Species              Molality       Type 
 H+                   1.2568E-10     Aqueous      
 Ca++                 1.0414E-10     Aqueous      
 Na+                  1.0220E-10     Aqueous      
 Cl-                  3.1087E-10     Aqueous      
 
 Exchangers           Equiv/kgw        Equiv/g solid    Equiv/m^3 bulk
 X-                   1.4427E+00       9.2000E-04       8.9907E+02
 
 Total Concentrations in Exchange Sites 
 -------------------------------------- 
 
 Exchangers           Equiv/kgw        Equiv/g solid    Equiv/m^3 bulk
 Ca++                 7.2136E-01       4.6000E-04       4.4953E+02
 Na+                  5.7814E-06       3.6867E-09       3.6028E-03
 Cl-                  6.3628E-15       4.0574E-18       3.9651E-12
 
 Concentrations of Individual Species, Exchangers, and Surface Complexes 
 ----------------------------------------------------------------------- 
 
                           Log        Log                 Concentration     
 Species              Molality   Activity      Molality    Mol/m^3 blk  Type
  NaX                   -5.238     -5.397     5.781E-06     3.603E-03  Exchange
  CaX2                  -0.142      0.000     7.214E-01     4.495E+02  Exchange
  CaClX                -14.196    -14.356     6.363E-15     3.965E-12  Exchange
                           Log        Log                                 Activity
 Species              Molality   Activity      Molality      Activity   Coefficient    Type
  H+                    -6.999     -6.999     1.003E-07     1.003E-07     9.996E-01  Aqueous 
  Ca++                  -9.982     -9.983     1.041E-10     1.040E-10     9.985E-01  Aqueous 
  Na+                   -9.991     -9.991     1.022E-10     1.022E-10     9.996E-01  Aqueous 
  Cl-                   -9.507     -9.508     3.109E-10     3.108E-10     9.996E-01  Aqueous 
  OH-                   -6.999     -6.999     1.002E-07     1.002E-07     9.996E-01  Aqueous 
  CaOH+                -15.764    -15.764     1.721E-16     1.721E-16     9.996E-01  Aqueous 
  NaOH(aq)             -17.791    -17.791     1.620E-18     1.620E-18     1.000E+00  Aqueous 
  CaCl+                -20.191    -20.191     6.444E-21     6.442E-21     9.996E-01  Aqueous 
  CaCl2(aq)            -29.652    -29.652     2.230E-30     2.230E-30     1.000E+00  Aqueous 
 
  ****** Partial pressure of gases (bars) *****
 
 
  ***** Saturation state of minerals (log[Q/K] *****
 
 
 
  ***** Volum of minerals added or subtracted *****
 
 
 **************************************************************
 ------> GRID LOCATION:    74:  1:  1
 
  Temperature (C)    =     25.000
  Porosity           =      0.625
  Liquid Saturation  =      1.000
  Liquid Density     =    997.075
  Ionic Strength     =      0.000
  Solution pH        =      6.999
  Total Charge       =  1.251E-10
 
 Total Aqueous Concentrations of Primary Species 
 --------------------------------------- 
 
   Species              Molality       Type 
 H+                   1.2568E-10     Aqueous      
 Ca++                 1.0207E-10     Aqueous      
 Na+                  1.0118E-10     Aqueous      
 Cl-                  3.0589E-10     Aqueous      
 
 Exchangers           Equiv/kgw        Equiv/g solid    Equiv/m^3 bulk
 X-                   1.4427E+00       9.2000E-04       8.9907E+02
 
 Total Concentrations in Exchange Sites 
 -------------------------------------- 
 
 Exchangers           Equiv/kgw        Equiv/g solid    Equiv/m^3 bulk
 Ca++                 7.2136E-01       4.6000E-04       4.4953E+02
 Na+                  5.7814E-06       3.6867E-09       3.6028E-03
 Cl-                  6.1982E-15       3.9525E-18       3.8625E-12
 
 Concentrations of Individual Species, Exchangers, and Surface Complexes 
 ----------------------------------------------------------------------- 
 
                           Log        Log                 Concentration     
 Species              Molality   Activity      Molality    Mol/m^3 blk  Type
  NaX                   -5.238     -5.397     5.781E-06     3.603E-03  Exchange
  CaX2                  -0.142      0.000     7.214E-01     4.495E+02  Exchange
  CaClX                -14.208    -14.367     6.198E-15     3.863E-12  Exchange
                           Log        Log                                 Activity
 Species              Molality   Activity      Molality      Activity   Coefficient    Type
  H+                    -6.999     -6.999     1.003E-07     1.003E-07     9.996E-01  Aqueous 
  Ca++                  -9.991     -9.992     1.021E-10     1.019E-10     9.985E-01  Aqueous 
  Na+                   -9.995     -9.995     1.012E-10     1.011E-10     9.996E-01  Aqueous 
  Cl-                   -9.514     -9.515     3.059E-10     3.058E-10     9.996E-01  Aqueous 
  OH-                   -6.999     -6.999     1.002E-07     1.002E-07     9.996E-01  Aqueous 
  CaOH+                -15.773    -15.773     1.687E-16     1.686E-16     9.996E-01  Aqueous 
  NaOH(aq)             -17.795    -17.795     1.603E-18     1.603E-18     1.000E+00  Aqueous 
  CaCl+                -20.207    -20.207     6.215E-21     6.212E-21     9.996E-01  Aqueous 
  CaCl2(aq)            -29.674    -29.674     2.116E-30     2.116E-30     1.000E+00  Aqueous 
 
  ****** Partial pressure of gases (bars) *****
 
 
  ***** Saturation state of minerals (log[Q/K] *****
 
 
 
  ***** Volum of minerals added or subtracted *****
 
 
 **************************************************************
 ------> GRID LOCATION:    75:  1:  1
 
  Temperature (C)    =     25.000
  Porosity           =      0.625
  Liquid Saturation  =      1.000
  Liquid Density     =    997.075
  Ionic Strength     =      0.000
  Solution pH        =      6.999
  Total Charge       =  1.248E-10
 
 Total Aqueous Concentrations of Primary Species 
 --------------------------------------- 
 
   Species              Molality       Type 
 H+                   1.2568E-10     Aqueous      
 Ca++                 1.0110E-10     Aqueous      
 Na+                  1.0070E-10     Aqueous      
 Cl-                  3.0375E-10     Aqueous      
 
 Exchangers           Equiv/kgw        Equiv/g solid    Equiv/m^3 bulk
 X-                   1.4427E+00       9.2000E-04       8.9907E+02
 
 Total Concentrations in Exchange Sites 
 -------------------------------------- 
 
 Exchangers           Equiv/kgw        Equiv/g solid    Equiv/m^3 bulk
 Ca++                 7.2136E-01       4.6000E-04       4.4953E+02
 Na+                  5.7814E-06       3.6867E-09       3.6028E-03
 Cl-                  6.1256E-15       3.9062E-18       3.8173E-12
 
 Concentrations of Individual Species, Exchangers, and Surface Complexes 
 ----------------------------------------------------------------------- 
 
                           Log        Log                 Concentration     
 Species              Molality   Activity      Molality    Mol/m^3 blk  Type
  NaX                   -5.238     -5.397     5.781E-06     3.603E-03  Exchange
  CaX2                  -0.142      0.000     7.214E-01     4.495E+02  Exchange
  CaClX                -14.213    -14.372     6.126E-15     3.817E-12  Exchange
                           Log        Log                                 Activity
 Species              Molality   Activity      Molality      Activity   Coefficient    Type
  H+                    -6.999     -6.999     1.003E-07     1.003E-07     9.996E-01  Aqueous 
  Ca++                  -9.995     -9.996     1.011E-10     1.010E-10     9.985E-01  Aqueous 
  Na+                   -9.997     -9.997     1.007E-10     1.007E-10     9.996E-01  Aqueous 
  Cl-                   -9.517     -9.518     3.038E-10     3.036E-10     9.996E-01  Aqueous 
  OH-                   -6.999     -6.999     1.002E-07     1.002E-07     9.996E-01  Aqueous 
  CaOH+                -15.777    -15.777     1.671E-16     1.671E-16     9.996E-01  Aqueous 
  NaOH(aq)             -17.797    -17.797     1.596E-18     1.596E-18     1.000E+00  Aqueous 
  CaCl+                -20.214    -20.214     6.113E-21     6.111E-21     9.996E-01  Aqueous 
  CaCl2(aq)            -29.685    -29.685     2.067E-30     2.067E-30     1.000E+00  Aqueous 
 
  ****** Partial pressure of gases (bars) *****
 
 
  ***** Saturation state of minerals (log[Q/K] *****
 
 
 
  ***** Volum of minerals added or subtracted *****
 
 
 **************************************************************
 ------> GRID LOCATION:    76:  1:  1
 
  Temperature (C)    =     25.000
  Porosity           =      0.625
  Liquid Saturation  =      1.000
  Liquid Density     =    997.075
  Ionic Strength     =      0.000
  Solution pH        =      6.999
  Total Charge       =  1.245E-10
 
 Total Aqueous Concentrations of Primary Species 
 --------------------------------------- 
 
   Species              Molality       Type 
 H+                   1.2568E-10     Aqueous      
 Ca++                 1.0067E-10     Aqueous      
 Na+                  1.0048E-10     Aqueous      
 Cl-                  3.0297E-10     Aqueous      
 
 Exchangers           Equiv/kgw        Equiv/g solid    Equiv/m^3 bulk
 X-                   1.4427E+00       9.2000E-04       8.9907E+02
 
 Total Concentrations in Exchange Sites 
 -------------------------------------- 
 
 Exchangers           Equiv/kgw        Equiv/g solid    Equiv/m^3 bulk
 Ca++                 7.2136E-01       4.6000E-04       4.4953E+02
 Na+                  5.7814E-06       3.6867E-09       3.6028E-03
 Cl-                  6.0966E-15       3.8877E-18       3.7992E-12
 
 Concentrations of Individual Species, Exchangers, and Surface Complexes 
 ----------------------------------------------------------------------- 
 
                           Log        Log                 Concentration     
 Species              Molality   Activity      Molality    Mol/m^3 blk  Type
  NaX                   -5.238     -5.397     5.781E-06     3.603E-03  Exchange
  CaX2                  -0.142      0.000     7.214E-01     4.495E+02  Exchange
  CaClX                -14.215    -14.374     6.097E-15     3.799E-12  Exchange
                           Log        Log                                 Activity
 Species              Molality   Activity      Molality      Activity   Coefficient    Type
  H+                    -6.999     -6.999     1.003E-07     1.003E-07     9.996E-01  Aqueous 
  Ca++                  -9.997     -9.998     1.007E-10     1.005E-10     9.985E-01  Aqueous 
  Na+                   -9.998     -9.998     1.005E-10     1.004E-10     9.996E-01  Aqueous 
  Cl-                   -9.519     -9.519     3.030E-10     3.029E-10     9.996E-01  Aqueous 
  OH-                   -6.999     -6.999     1.002E-07     1.002E-07     9.996E-01  Aqueous 
  CaOH+                -15.779    -15.779     1.664E-16     1.663E-16     9.996E-01  Aqueous 
  NaOH(aq)             -17.798    -17.798     1.592E-18     1.592E-18     1.000E+00  Aqueous 
  CaCl+                -20.217    -20.217     6.071E-21     6.068E-21     9.996E-01  Aqueous 
  CaCl2(aq)            -29.689    -29.689     2.048E-30     2.048E-30     1.000E+00  Aqueous 
 
  ****** Partial pressure of gases (bars) *****
 
 
  ***** Saturation state of minerals (log[Q/K] *****
 
 
 
  ***** Volum of minerals added or subtracted *****
 
 
 **************************************************************
 ------> GRID LOCATION:    77:  1:  1
 
  Temperature (C)    =     25.000
  Porosity           =      0.625
  Liquid Saturation  =      1.000
  Liquid Density     =    997.075
  Ionic Strength     =      0.000
  Solution pH        =      6.999
  Total Charge       =  1.241E-10
 
 Total Aqueous Concentrations of Primary Species 
 --------------------------------------- 
 
   Species              Molality       Type 
 H+                   1.2568E-10     Aqueous      
 Ca++                 1.0047E-10     Aqueous      
 Na+                  1.0038E-10     Aqueous      
 Cl-                  3.0285E-10     Aqueous      
 
 Exchangers           Equiv/kgw        Equiv/g solid    Equiv/m^3 bulk
 X-                   1.4427E+00       9.2000E-04       8.9907E+02
 
 Total Concentrations in Exchange Sites 
 -------------------------------------- 
 
 Exchangers           Equiv/kgw        Equiv/g solid    Equiv/m^3 bulk
 Ca++                 7.2136E-01       4.6000E-04       4.4953E+02
 Na+                  5.7814E-06       3.6867E-09       3.6028E-03
 Cl-                  6.0882E-15       3.8823E-18       3.7940E-12
 
 Concentrations of Individual Species, Exchangers, and Surface Complexes 
 ----------------------------------------------------------------------- 
 
                           Log        Log                 Concentration     
 Species              Molality   Activity      Molality    Mol/m^3 blk  Type
  NaX                   -5.238     -5.397     5.781E-06     3.603E-03  Exchange
  CaX2                  -0.142      0.000     7.214E-01     4.495E+02  Exchange
  CaClX                -14.216    -14.375     6.088E-15     3.794E-12  Exchange
                           Log        Log                                 Activity
 Species              Molality   Activity      Molality      Activity   Coefficient    Type
  H+                    -6.999     -6.999     1.003E-07     1.003E-07     9.996E-01  Aqueous 
  Ca++                  -9.998     -9.999     1.005E-10     1.003E-10     9.985E-01  Aqueous 
  Na+                   -9.998     -9.999     1.004E-10     1.003E-10     9.996E-01  Aqueous 
  Cl-                   -9.519     -9.519     3.028E-10     3.027E-10     9.996E-01  Aqueous 
  OH-                   -6.999     -6.999     1.002E-07     1.002E-07     9.996E-01  Aqueous 
  CaOH+                -15.780    -15.780     1.661E-16     1.660E-16     9.996E-01  Aqueous 
  NaOH(aq)             -17.798    -17.798     1.591E-18     1.591E-18     1.000E+00  Aqueous 
  CaCl+                -20.218    -20.218     6.056E-21     6.054E-21     9.996E-01  Aqueous 
  CaCl2(aq)            -29.690    -29.690     2.042E-30     2.042E-30     1.000E+00  Aqueous 
 
  ****** Partial pressure of gases (bars) *****
 
 
  ***** Saturation state of minerals (log[Q/K] *****
 
 
 
  ***** Volum of minerals added or subtracted *****
 
 
 **************************************************************
 ------> GRID LOCATION:    78:  1:  1
 
  Temperature (C)    =     25.000
  Porosity           =      0.625
  Liquid Saturation  =      1.000
  Liquid Density     =    997.075
  Ionic Strength     =      0.000
  Solution pH        =      6.999
  Total Charge       =  1.237E-10
 
 Total Aqueous Concentrations of Primary Species 
 --------------------------------------- 
 
   Species              Molality       Type 
 H+                   1.2568E-10     Aqueous      
 Ca++                 1.0038E-10     Aqueous      
 Na+                  1.0034E-10     Aqueous      
 Cl-                  3.0306E-10     Aqueous      
 
 Exchangers           Equiv/kgw        Equiv/g solid    Equiv/m^3 bulk
 X-                   1.4427E+00       9.2000E-04       8.9907E+02
 
 Total Concentrations in Exchange Sites 
 -------------------------------------- 
 
 Exchangers           Equiv/kgw        Equiv/g solid    Equiv/m^3 bulk
 Ca++                 7.2136E-01       4.6000E-04       4.4953E+02
 Na+                  5.7814E-06       3.6867E-09       3.6028E-03
 Cl-                  6.0897E-15       3.8833E-18       3.7950E-12
 
 Concentrations of Individual Species, Exchangers, and Surface Complexes 
 ----------------------------------------------------------------------- 
 
                           Log        Log                 Concentration     
 Species              Molality   Activity      Molality    Mol/m^3 blk  Type
  NaX                   -5.238     -5.397     5.781E-06     3.603E-03  Exchange
  CaX2                  -0.142      0.000     7.214E-01     4.495E+02  Exchange
  CaClX                -14.215    -14.375     6.090E-15     3.795E-12  Exchange
                           Log        Log                                 Activity
 Species              Molality   Activity      Molality      Activity   Coefficient    Type
  H+                    -6.999     -6.999     1.003E-07     1.003E-07     9.996E-01  Aqueous 
  Ca++                  -9.998     -9.999     1.004E-10     1.002E-10     9.985E-01  Aqueous 
  Na+                   -9.999     -9.999     1.003E-10     1.003E-10     9.996E-01  Aqueous 
  Cl-                   -9.518     -9.519     3.031E-10     3.029E-10     9.996E-01  Aqueous 
  OH-                   -6.999     -6.999     1.002E-07     1.002E-07     9.996E-01  Aqueous 
  CaOH+                -15.780    -15.780     1.659E-16     1.659E-16     9.996E-01  Aqueous 
  NaOH(aq)             -17.799    -17.799     1.590E-18     1.590E-18     1.000E+00  Aqueous 
  CaCl+                -20.218    -20.218     6.055E-21     6.053E-21     9.996E-01  Aqueous 
  CaCl2(aq)            -29.690    -29.690     2.043E-30     2.043E-30     1.000E+00  Aqueous 
 
  ****** Partial pressure of gases (bars) *****
 
 
  ***** Saturation state of minerals (log[Q/K] *****
 
 
 
  ***** Volum of minerals added or subtracted *****
 
 
 **************************************************************
 ------> GRID LOCATION:    79:  1:  1
 
  Temperature (C)    =     25.000
  Porosity           =      0.625
  Liquid Saturation  =      1.000
  Liquid Density     =    997.075
  Ionic Strength     =      0.000
  Solution pH        =      6.999
  Total Charge       =  1.232E-10
 
 Total Aqueous Concentrations of Primary Species 
 --------------------------------------- 
 
   Species              Molality       Type 
 H+                   1.2568E-10     Aqueous      
 Ca++                 1.0034E-10     Aqueous      
 Na+                  1.0032E-10     Aqueous      
 Cl-                  3.0345E-10     Aqueous      
 
 Exchangers           Equiv/kgw        Equiv/g solid    Equiv/m^3 bulk
 X-                   1.4427E+00       9.2000E-04       8.9907E+02
 
 Total Concentrations in Exchange Sites 
 -------------------------------------- 
 
 Exchangers           Equiv/kgw        Equiv/g solid    Equiv/m^3 bulk
 Ca++                 7.2136E-01       4.6000E-04       4.4953E+02
 Na+                  5.7814E-06       3.6867E-09       3.6028E-03
 Cl-                  6.0963E-15       3.8875E-18       3.7991E-12
 
 Concentrations of Individual Species, Exchangers, and Surface Complexes 
 ----------------------------------------------------------------------- 
 
                           Log        Log                 Concentration     
 Species              Molality   Activity      Molality    Mol/m^3 blk  Type
  NaX                   -5.238     -5.397     5.781E-06     3.603E-03  Exchange
  CaX2                  -0.142      0.000     7.214E-01     4.495E+02  Exchange
  CaClX                -14.215    -14.374     6.096E-15     3.799E-12  Exchange
                           Log        Log                                 Activity
 Species              Molality   Activity      Molality      Activity   Coefficient    Type
  H+                    -6.999     -6.999     1.003E-07     1.003E-07     9.996E-01  Aqueous 
  Ca++                  -9.999     -9.999     1.003E-10     1.002E-10     9.985E-01  Aqueous 
  Na+                   -9.999     -9.999     1.003E-10     1.003E-10     9.996E-01  Aqueous 
  Cl-                   -9.518     -9.518     3.034E-10     3.033E-10     9.996E-01  Aqueous 
  OH-                   -6.999     -6.999     1.002E-07     1.002E-07     9.996E-01  Aqueous 
  CaOH+                -15.780    -15.780     1.659E-16     1.658E-16     9.996E-01  Aqueous 
  NaOH(aq)             -17.799    -17.799     1.590E-18     1.590E-18     1.000E+00  Aqueous 
  CaCl+                -20.217    -20.218     6.061E-21     6.058E-21     9.996E-01  Aqueous 
  CaCl2(aq)            -29.689    -29.689     2.047E-30     2.047E-30     1.000E+00  Aqueous 
 
  ****** Partial pressure of gases (bars) *****
 
 
  ***** Saturation state of minerals (log[Q/K] *****
 
 
 
  ***** Volum of minerals added or subtracted *****
 
 
 **************************************************************
 ------> GRID LOCATION:    80:  1:  1
 
  Temperature (C)    =     25.000
  Porosity           =      0.625
  Liquid Saturation  =      1.000
  Liquid Density     =    997.075
  Ionic Strength     =      0.000
  Solution pH        =      6.999
  Total Charge       =  1.227E-10
 
 Total Aqueous Concentrations of Primary Species 
 --------------------------------------- 
 
   Species              Molality       Type 
 H+                   1.2568E-10     Aqueous      
 Ca++                 1.0032E-10     Aqueous      
 Na+                  1.0031E-10     Aqueous      
 Cl-                  3.0393E-10     Aqueous      
 
 Exchangers           Equiv/kgw        Equiv/g solid    Equiv/m^3 bulk
 X-                   1.4427E+00       9.2000E-04       8.9907E+02
 
 Total Concentrations in Exchange Sites 
 -------------------------------------- 
 
 Exchangers           Equiv/kgw        Equiv/g solid    Equiv/m^3 bulk
 Ca++                 7.2136E-01       4.6000E-04       4.4953E+02
 Na+                  5.7814E-06       3.6867E-09       3.6028E-03
 Cl-                  6.1055E-15       3.8933E-18       3.8048E-12
 
 Concentrations of Individual Species, Exchangers, and Surface Complexes 
 ----------------------------------------------------------------------- 
 
                           Log        Log                 Concentration     
 Species              Molality   Activity      Molality    Mol/m^3 blk  Type
  NaX                   -5.238     -5.397     5.781E-06     3.603E-03  Exchange
  CaX2                  -0.142      0.000     7.214E-01     4.495E+02  Exchange
  CaClX                -14.214    -14.373     6.105E-15     3.805E-12  Exchange
                           Log        Log                                 Activity
 Species              Molality   Activity      Molality      Activity   Coefficient    Type
  H+                    -6.999     -6.999     1.003E-07     1.003E-07     9.996E-01  Aqueous 
  Ca++                  -9.999     -9.999     1.003E-10     1.002E-10     9.985E-01  Aqueous 
  Na+                   -9.999     -9.999     1.003E-10     1.003E-10     9.996E-01  Aqueous 
  Cl-                   -9.517     -9.517     3.039E-10     3.038E-10     9.996E-01  Aqueous 
  OH-                   -6.999     -6.999     1.002E-07     1.002E-07     9.996E-01  Aqueous 
  CaOH+                -15.780    -15.781     1.658E-16     1.658E-16     9.996E-01  Aqueous 
  NaOH(aq)             -17.799    -17.799     1.590E-18     1.590E-18     1.000E+00  Aqueous 
  CaCl+                -20.217    -20.217     6.069E-21     6.067E-21     9.996E-01  Aqueous 
  CaCl2(aq)            -29.687    -29.687     2.054E-30     2.054E-30     1.000E+00  Aqueous 
 
  ****** Partial pressure of gases (bars) *****
 
 
  ***** Saturation state of minerals (log[Q/K] *****
 
 
 
  ***** Volum of minerals added or subtracted *****
 
 
 **************************************************************
 ------> GRID LOCATION:    81:  1:  1
 
  Temperature (C)    =     25.000
  Porosity           =      0.625
  Liquid Saturation  =      1.000
  Liquid Density     =    997.075
  Ionic Strength     =      0.000
  Solution pH        =      6.999
  Total Charge       =  1.222E-10
 
 Total Aqueous Concentrations of Primary Species 
 --------------------------------------- 
 
   Species              Molality       Type 
 H+                   1.2568E-10     Aqueous      
 Ca++                 1.0032E-10     Aqueous      
 Na+                  1.0030E-10     Aqueous      
 Cl-                  3.0446E-10     Aqueous      
 
 Exchangers           Equiv/kgw        Equiv/g solid    Equiv/m^3 bulk
 X-                   1.4427E+00       9.2000E-04       8.9907E+02
 
 Total Concentrations in Exchange Sites 
 -------------------------------------- 
 
 Exchangers           Equiv/kgw        Equiv/g solid    Equiv/m^3 bulk
 Ca++                 7.2136E-01       4.6000E-04       4.4953E+02
 Na+                  5.7814E-06       3.6867E-09       3.6028E-03
 Cl-                  6.1159E-15       3.9000E-18       3.8112E-12
 
 Concentrations of Individual Species, Exchangers, and Surface Complexes 
 ----------------------------------------------------------------------- 
 
                           Log        Log                 Concentration     
 Species              Molality   Activity      Molality    Mol/m^3 blk  Type
  NaX                   -5.238     -5.397     5.781E-06     3.603E-03  Exchange
  CaX2                  -0.142      0.000     7.214E-01     4.495E+02  Exchange
  CaClX                -14.214    -14.373     6.116E-15     3.811E-12  Exchange
                           Log        Log                                 Activity
 Species              Molality   Activity      Molality      Activity   Coefficient    Type
  H+                    -6.999     -6.999     1.003E-07     1.003E-07     9.996E-01  Aqueous 
  Ca++                  -9.999     -9.999     1.003E-10     1.002E-10     9.985E-01  Aqueous 
  Na+                   -9.999     -9.999     1.003E-10     1.003E-10     9.996E-01  Aqueous 
  Cl-                   -9.516     -9.517     3.045E-10     3.043E-10     9.996E-01  Aqueous 
  OH-                   -6.999     -6.999     1.002E-07     1.002E-07     9.996E-01  Aqueous 
  CaOH+                -15.780    -15.781     1.658E-16     1.657E-16     9.996E-01  Aqueous 
  NaOH(aq)             -17.799    -17.799     1.589E-18     1.589E-18     1.000E+00  Aqueous 
  CaCl+                -20.216    -20.216     6.079E-21     6.077E-21     9.996E-01  Aqueous 
  CaCl2(aq)            -29.686    -29.686     2.061E-30     2.061E-30     1.000E+00  Aqueous 
 
  ****** Partial pressure of gases (bars) *****
 
 
  ***** Saturation state of minerals (log[Q/K] *****
 
 
 
  ***** Volum of minerals added or subtracted *****
 
 
 **************************************************************
 ------> GRID LOCATION:    82:  1:  1
 
  Temperature (C)    =     25.000
  Porosity           =      0.625
  Liquid Saturation  =      1.000
  Liquid Density     =    997.075
  Ionic Strength     =      0.000
  Solution pH        =      6.999
  Total Charge       =  1.216E-10
 
 Total Aqueous Concentrations of Primary Species 
 --------------------------------------- 
 
   Species              Molality       Type 
 H+                   1.2568E-10     Aqueous      
 Ca++                 1.0031E-10     Aqueous      
 Na+                  1.0030E-10     Aqueous      
 Cl-                  3.0500E-10     Aqueous      
 
 Exchangers           Equiv/kgw        Equiv/g solid    Equiv/m^3 bulk
 X-                   1.4427E+00       9.2000E-04       8.9907E+02
 
 Total Concentrations in Exchange Sites 
 -------------------------------------- 
 
 Exchangers           Equiv/kgw        Equiv/g solid    Equiv/m^3 bulk
 Ca++                 7.2136E-01       4.6000E-04       4.4953E+02
 Na+                  5.7814E-06       3.6867E-09       3.6028E-03
 Cl-                  6.1268E-15       3.9069E-18       3.8180E-12
 
 Concentrations of Individual Species, Exchangers, and Surface Complexes 
 ----------------------------------------------------------------------- 
 
                           Log        Log                 Concentration     
 Species              Molality   Activity      Molality    Mol/m^3 blk  Type
  NaX                   -5.238     -5.397     5.781E-06     3.603E-03  Exchange
  CaX2                  -0.142      0.000     7.214E-01     4.495E+02  Exchange
  CaClX                -14.213    -14.372     6.127E-15     3.818E-12  Exchange
                           Log        Log                                 Activity
 Species              Molality   Activity      Molality      Activity   Coefficient    Type
  H+                    -6.999     -6.999     1.003E-07     1.003E-07     9.996E-01  Aqueous 
  Ca++                  -9.999     -9.999     1.003E-10     1.002E-10     9.985E-01  Aqueous 
  Na+                   -9.999     -9.999     1.003E-10     1.003E-10     9.996E-01  Aqueous 
  Cl-                   -9.516     -9.516     3.050E-10     3.049E-10     9.996E-01  Aqueous 
  OH-                   -6.999     -6.999     1.002E-07     1.002E-07     9.996E-01  Aqueous 
  CaOH+                -15.780    -15.781     1.658E-16     1.657E-16     9.996E-01  Aqueous 
  NaOH(aq)             -17.799    -17.799     1.589E-18     1.589E-18     1.000E+00  Aqueous 
  CaCl+                -20.215    -20.216     6.090E-21     6.088E-21     9.996E-01  Aqueous 
  CaCl2(aq)            -29.684    -29.684     2.068E-30     2.068E-30     1.000E+00  Aqueous 
 
  ****** Partial pressure of gases (bars) *****
 
 
  ***** Saturation state of minerals (log[Q/K] *****
 
 
 
  ***** Volum of minerals added or subtracted *****
 
 
 **************************************************************
 ------> GRID LOCATION:    83:  1:  1
 
  Temperature (C)    =     25.000
  Porosity           =      0.625
  Liquid Saturation  =      1.000
  Liquid Density     =    997.075
  Ionic Strength     =      0.000
  Solution pH        =      6.999
  Total Charge       =  1.211E-10
 
 Total Aqueous Concentrations of Primary Species 
 --------------------------------------- 
 
   Species              Molality       Type 
 H+                   1.2568E-10     Aqueous      
 Ca++                 1.0031E-10     Aqueous      
 Na+                  1.0030E-10     Aqueous      
 Cl-                  3.0554E-10     Aqueous      
 
 Exchangers           Equiv/kgw        Equiv/g solid    Equiv/m^3 bulk
 X-                   1.4427E+00       9.2000E-04       8.9907E+02
 
 Total Concentrations in Exchange Sites 
 -------------------------------------- 
 
 Exchangers           Equiv/kgw        Equiv/g solid    Equiv/m^3 bulk
 Ca++                 7.2136E-01       4.6000E-04       4.4953E+02
 Na+                  5.7814E-06       3.6867E-09       3.6028E-03
 Cl-                  6.1376E-15       3.9138E-18       3.8248E-12
 
 Concentrations of Individual Species, Exchangers, and Surface Complexes 
 ----------------------------------------------------------------------- 
 
                           Log        Log                 Concentration     
 Species              Molality   Activity      Molality    Mol/m^3 blk  Type
  NaX                   -5.238     -5.397     5.781E-06     3.603E-03  Exchange
  CaX2                  -0.142      0.000     7.214E-01     4.495E+02  Exchange
  CaClX                -14.212    -14.371     6.138E-15     3.825E-12  Exchange
                           Log        Log                                 Activity
 Species              Molality   Activity      Molality      Activity   Coefficient    Type
  H+                    -6.999     -6.999     1.003E-07     1.003E-07     9.996E-01  Aqueous 
  Ca++                  -9.999     -9.999     1.003E-10     1.002E-10     9.985E-01  Aqueous 
  Na+                   -9.999     -9.999     1.003E-10     1.003E-10     9.996E-01  Aqueous 
  Cl-                   -9.515     -9.515     3.055E-10     3.054E-10     9.996E-01  Aqueous 
  OH-                   -6.999     -6.999     1.002E-07     1.002E-07     9.996E-01  Aqueous 
  CaOH+                -15.780    -15.781     1.658E-16     1.657E-16     9.996E-01  Aqueous 
  NaOH(aq)             -17.799    -17.799     1.589E-18     1.589E-18     1.000E+00  Aqueous 
  CaCl+                -20.215    -20.215     6.101E-21     6.098E-21     9.996E-01  Aqueous 
  CaCl2(aq)            -29.683    -29.683     2.075E-30     2.075E-30     1.000E+00  Aqueous 
 
  ****** Partial pressure of gases (bars) *****
 
 
  ***** Saturation state of minerals (log[Q/K] *****
 
 
 
  ***** Volum of minerals added or subtracted *****
 
 
 **************************************************************
 ------> GRID LOCATION:    84:  1:  1
 
  Temperature (C)    =     25.000
  Porosity           =      0.625
  Liquid Saturation  =      1.000
  Liquid Density     =    997.075
  Ionic Strength     =      0.000
  Solution pH        =      6.999
  Total Charge       =  1.205E-10
 
 Total Aqueous Concentrations of Primary Species 
 --------------------------------------- 
 
   Species              Molality       Type 
 H+                   1.2568E-10     Aqueous      
 Ca++                 1.0031E-10     Aqueous      
 Na+                  1.0030E-10     Aqueous      
 Cl-                  3.0606E-10     Aqueous      
 
 Exchangers           Equiv/kgw        Equiv/g solid    Equiv/m^3 bulk
 X-                   1.4427E+00       9.2000E-04       8.9907E+02
 
 Total Concentrations in Exchange Sites 
 -------------------------------------- 
 
 Exchangers           Equiv/kgw        Equiv/g solid    Equiv/m^3 bulk
 Ca++                 7.2136E-01       4.6000E-04       4.4953E+02
 Na+                  5.7814E-06       3.6867E-09       3.6028E-03
 Cl-                  6.1480E-15       3.9205E-18       3.8313E-12
 
 Concentrations of Individual Species, Exchangers, and Surface Complexes 
 ----------------------------------------------------------------------- 
 
                           Log        Log                 Concentration     
 Species              Molality   Activity      Molality    Mol/m^3 blk  Type
  NaX                   -5.238     -5.397     5.781E-06     3.603E-03  Exchange
  CaX2                  -0.142      0.000     7.214E-01     4.495E+02  Exchange
  CaClX                -14.211    -14.370     6.148E-15     3.831E-12  Exchange
                           Log        Log                                 Activity
 Species              Molality   Activity      Molality      Activity   Coefficient    Type
  H+                    -6.999     -6.999     1.003E-07     1.003E-07     9.996E-01  Aqueous 
  Ca++                  -9.999     -9.999     1.003E-10     1.002E-10     9.985E-01  Aqueous 
  Na+                   -9.999     -9.999     1.003E-10     1.003E-10     9.996E-01  Aqueous 
  Cl-                   -9.514     -9.514     3.061E-10     3.059E-10     9.996E-01  Aqueous 
  OH-                   -6.999     -6.999     1.002E-07     1.002E-07     9.996E-01  Aqueous 
  CaOH+                -15.780    -15.781     1.658E-16     1.657E-16     9.996E-01  Aqueous 
  NaOH(aq)             -17.799    -17.799     1.589E-18     1.589E-18     1.000E+00  Aqueous 
  CaCl+                -20.214    -20.214     6.111E-21     6.109E-21     9.996E-01  Aqueous 
  CaCl2(aq)            -29.681    -29.681     2.082E-30     2.082E-30     1.000E+00  Aqueous 
 
  ****** Partial pressure of gases (bars) *****
 
 
  ***** Saturation state of minerals (log[Q/K] *****
 
 
 
  ***** Volum of minerals added or subtracted *****
 
 
 **************************************************************
 ------> GRID LOCATION:    85:  1:  1
 
  Temperature (C)    =     25.000
  Porosity           =      0.625
  Liquid Saturation  =      1.000
  Liquid Density     =    997.075
  Ionic Strength     =      0.000
  Solution pH        =      6.999
  Total Charge       =  1.201E-10
 
 Total Aqueous Concentrations of Primary Species 
 --------------------------------------- 
 
   Species              Molality       Type 
 H+                   1.2568E-10     Aqueous      
 Ca++                 1.0031E-10     Aqueous      
 Na+                  1.0030E-10     Aqueous      
 Cl-                  3.0655E-10     Aqueous      
 
 Exchangers           Equiv/kgw        Equiv/g solid    Equiv/m^3 bulk
 X-                   1.4427E+00       9.2000E-04       8.9907E+02
 
 Total Concentrations in Exchange Sites 
 -------------------------------------- 
 
 Exchangers           Equiv/kgw        Equiv/g solid    Equiv/m^3 bulk
 Ca++                 7.2136E-01       4.6000E-04       4.4953E+02
 Na+                  5.7814E-06       3.6867E-09       3.6028E-03
 Cl-                  6.1577E-15       3.9267E-18       3.8373E-12
 
 Concentrations of Individual Species, Exchangers, and Surface Complexes 
 ----------------------------------------------------------------------- 
 
                           Log        Log                 Concentration     
 Species              Molality   Activity      Molality    Mol/m^3 blk  Type
  NaX                   -5.238     -5.397     5.781E-06     3.603E-03  Exchange
  CaX2                  -0.142      0.000     7.214E-01     4.495E+02  Exchange
  CaClX                -14.211    -14.370     6.158E-15     3.837E-12  Exchange
                           Log        Log                                 Activity
 Species              Molality   Activity      Molality      Activity   Coefficient    Type
  H+                    -6.999     -6.999     1.003E-07     1.003E-07     9.996E-01  Aqueous 
  Ca++                  -9.999     -9.999     1.003E-10     1.002E-10     9.985E-01  Aqueous 
  Na+                   -9.999     -9.999     1.003E-10     1.003E-10     9.996E-01  Aqueous 
  Cl-                   -9.514     -9.514     3.065E-10     3.064E-10     9.996E-01  Aqueous 
  OH-                   -6.999     -6.999     1.002E-07     1.002E-07     9.996E-01  Aqueous 
  CaOH+                -15.780    -15.781     1.658E-16     1.657E-16     9.996E-01  Aqueous 
  NaOH(aq)             -17.799    -17.799     1.589E-18     1.589E-18     1.000E+00  Aqueous 
  CaCl+                -20.213    -20.213     6.121E-21     6.118E-21     9.996E-01  Aqueous 
  CaCl2(aq)            -29.680    -29.680     2.089E-30     2.089E-30     1.000E+00  Aqueous 
 
  ****** Partial pressure of gases (bars) *****
 
 
  ***** Saturation state of minerals (log[Q/K] *****
 
 
 
  ***** Volum of minerals added or subtracted *****
 
 
 **************************************************************
 ------> GRID LOCATION:    86:  1:  1
 
  Temperature (C)    =     25.000
  Porosity           =      0.625
  Liquid Saturation  =      1.000
  Liquid Density     =    997.075
  Ionic Strength     =      0.000
  Solution pH        =      6.999
  Total Charge       =  1.196E-10
 
 Total Aqueous Concentrations of Primary Species 
 --------------------------------------- 
 
   Species              Molality       Type 
 H+                   1.2568E-10     Aqueous      
 Ca++                 1.0031E-10     Aqueous      
 Na+                  1.0030E-10     Aqueous      
 Cl-                  3.0698E-10     Aqueous      
 
 Exchangers           Equiv/kgw        Equiv/g solid    Equiv/m^3 bulk
 X-                   1.4427E+00       9.2000E-04       8.9907E+02
 
 Total Concentrations in Exchange Sites 
 -------------------------------------- 
 
 Exchangers           Equiv/kgw        Equiv/g solid    Equiv/m^3 bulk
 Ca++                 7.2136E-01       4.6000E-04       4.4953E+02
 Na+                  5.7814E-06       3.6867E-09       3.6028E-03
 Cl-                  6.1665E-15       3.9323E-18       3.8428E-12
 
 Concentrations of Individual Species, Exchangers, and Surface Complexes 
 ----------------------------------------------------------------------- 
 
                           Log        Log                 Concentration     
 Species              Molality   Activity      Molality    Mol/m^3 blk  Type
  NaX                   -5.238     -5.397     5.781E-06     3.603E-03  Exchange
  CaX2                  -0.142      0.000     7.214E-01     4.495E+02  Exchange
  CaClX                -14.210    -14.369     6.167E-15     3.843E-12  Exchange
                           Log        Log                                 Activity
 Species              Molality   Activity      Molality      Activity   Coefficient    Type
  H+                    -6.999     -6.999     1.003E-07     1.003E-07     9.996E-01  Aqueous 
  Ca++                  -9.999     -9.999     1.003E-10     1.002E-10     9.985E-01  Aqueous 
  Na+                   -9.999     -9.999     1.003E-10     1.003E-10     9.996E-01  Aqueous 
  Cl-                   -9.513     -9.513     3.070E-10     3.069E-10     9.996E-01  Aqueous 
  OH-                   -6.999     -6.999     1.002E-07     1.002E-07     9.996E-01  Aqueous 
  CaOH+                -15.780    -15.781     1.658E-16     1.657E-16     9.996E-01  Aqueous 
  NaOH(aq)             -17.799    -17.799     1.589E-18     1.589E-18     1.000E+00  Aqueous 
  CaCl+                -20.213    -20.213     6.130E-21     6.127E-21     9.996E-01  Aqueous 
  CaCl2(aq)            -29.679    -29.679     2.095E-30     2.095E-30     1.000E+00  Aqueous 
 
  ****** Partial pressure of gases (bars) *****
 
 
  ***** Saturation state of minerals (log[Q/K] *****
 
 
 
  ***** Volum of minerals added or subtracted *****
 
 
 **************************************************************
 ------> GRID LOCATION:    87:  1:  1
 
  Temperature (C)    =     25.000
  Porosity           =      0.625
  Liquid Saturation  =      1.000
  Liquid Density     =    997.075
  Ionic Strength     =      0.000
  Solution pH        =      6.999
  Total Charge       =  1.192E-10
 
 Total Aqueous Concentrations of Primary Species 
 --------------------------------------- 
 
   Species              Molality       Type 
 H+                   1.2568E-10     Aqueous      
 Ca++                 1.0031E-10     Aqueous      
 Na+                  1.0030E-10     Aqueous      
 Cl-                  3.0737E-10     Aqueous      
 
 Exchangers           Equiv/kgw        Equiv/g solid    Equiv/m^3 bulk
 X-                   1.4427E+00       9.2000E-04       8.9907E+02
 
 Total Concentrations in Exchange Sites 
 -------------------------------------- 
 
 Exchangers           Equiv/kgw        Equiv/g solid    Equiv/m^3 bulk
 Ca++                 7.2136E-01       4.6000E-04       4.4953E+02
 Na+                  5.7814E-06       3.6867E-09       3.6028E-03
 Cl-                  6.1743E-15       3.9372E-18       3.8476E-12
 
 Concentrations of Individual Species, Exchangers, and Surface Complexes 
 ----------------------------------------------------------------------- 
 
                           Log        Log                 Concentration     
 Species              Molality   Activity      Molality    Mol/m^3 blk  Type
  NaX                   -5.238     -5.397     5.781E-06     3.603E-03  Exchange
  CaX2                  -0.142      0.000     7.214E-01     4.495E+02  Exchange
  CaClX                -14.209    -14.369     6.174E-15     3.848E-12  Exchange
                           Log        Log                                 Activity
 Species              Molality   Activity      Molality      Activity   Coefficient    Type
  H+                    -6.999     -6.999     1.003E-07     1.003E-07     9.996E-01  Aqueous 
  Ca++                  -9.999     -9.999     1.003E-10     1.002E-10     9.985E-01  Aqueous 
  Na+                   -9.999     -9.999     1.003E-10     1.003E-10     9.996E-01  Aqueous 
  Cl-                   -9.512     -9.513     3.074E-10     3.073E-10     9.996E-01  Aqueous 
  OH-                   -6.999     -6.999     1.002E-07     1.002E-07     9.996E-01  Aqueous 
  CaOH+                -15.780    -15.781     1.658E-16     1.657E-16     9.996E-01  Aqueous 
  NaOH(aq)             -17.799    -17.799     1.589E-18     1.589E-18     1.000E+00  Aqueous 
  CaCl+                -20.212    -20.212     6.137E-21     6.135E-21     9.996E-01  Aqueous 
  CaCl2(aq)            -29.678    -29.678     2.100E-30     2.100E-30     1.000E+00  Aqueous 
 
  ****** Partial pressure of gases (bars) *****
 
 
  ***** Saturation state of minerals (log[Q/K] *****
 
 
 
  ***** Volum of minerals added or subtracted *****
 
 
 **************************************************************
 ------> GRID LOCATION:    88:  1:  1
 
  Temperature (C)    =     25.000
  Porosity           =      0.625
  Liquid Saturation  =      1.000
  Liquid Density     =    997.075
  Ionic Strength     =      0.000
  Solution pH        =      6.999
  Total Charge       =  1.189E-10
 
 Total Aqueous Concentrations of Primary Species 
 --------------------------------------- 
 
   Species              Molality       Type 
 H+                   1.2568E-10     Aqueous      
 Ca++                 1.0031E-10     Aqueous      
 Na+                  1.0030E-10     Aqueous      
 Cl-                  3.0770E-10     Aqueous      
 
 Exchangers           Equiv/kgw        Equiv/g solid    Equiv/m^3 bulk
 X-                   1.4427E+00       9.2000E-04       8.9907E+02
 
 Total Concentrations in Exchange Sites 
 -------------------------------------- 
 
 Exchangers           Equiv/kgw        Equiv/g solid    Equiv/m^3 bulk
 Ca++                 7.2136E-01       4.6000E-04       4.4953E+02
 Na+                  5.7814E-06       3.6867E-09       3.6028E-03
 Cl-                  6.1809E-15       3.9414E-18       3.8518E-12
 
 Concentrations of Individual Species, Exchangers, and Surface Complexes 
 ----------------------------------------------------------------------- 
 
                           Log        Log                 Concentration     
 Species              Molality   Activity      Molality    Mol/m^3 blk  Type
  NaX                   -5.238     -5.397     5.781E-06     3.603E-03  Exchange
  CaX2                  -0.142      0.000     7.214E-01     4.495E+02  Exchange
  CaClX                -14.209    -14.368     6.181E-15     3.852E-12  Exchange
                           Log        Log                                 Activity
 Species              Molality   Activity      Molality      Activity   Coefficient    Type
  H+                    -6.999     -6.999     1.003E-07     1.003E-07     9.996E-01  Aqueous 
  Ca++                  -9.999     -9.999     1.003E-10     1.002E-10     9.985E-01  Aqueous 
  Na+                   -9.999     -9.999     1.003E-10     1.003E-10     9.996E-01  Aqueous 
  Cl-                   -9.512     -9.512     3.077E-10     3.076E-10     9.996E-01  Aqueous 
  OH-                   -6.999     -6.999     1.002E-07     1.002E-07     9.996E-01  Aqueous 
  CaOH+                -15.780    -15.781     1.658E-16     1.657E-16     9.996E-01  Aqueous 
  NaOH(aq)             -17.799    -17.799     1.589E-18     1.589E-18     1.000E+00  Aqueous 
  CaCl+                -20.212    -20.212     6.144E-21     6.142E-21     9.996E-01  Aqueous 
  CaCl2(aq)            -29.677    -29.677     2.105E-30     2.105E-30     1.000E+00  Aqueous 
 
  ****** Partial pressure of gases (bars) *****
 
 
  ***** Saturation state of minerals (log[Q/K] *****
 
 
 
  ***** Volum of minerals added or subtracted *****
 
 
 **************************************************************
 ------> GRID LOCATION:    89:  1:  1
 
  Temperature (C)    =     25.000
  Porosity           =      0.625
  Liquid Saturation  =      1.000
  Liquid Density     =    997.075
  Ionic Strength     =      0.000
  Solution pH        =      6.999
  Total Charge       =  1.186E-10
 
 Total Aqueous Concentrations of Primary Species 
 --------------------------------------- 
 
   Species              Molality       Type 
 H+                   1.2568E-10     Aqueous      
 Ca++                 1.0031E-10     Aqueous      
 Na+                  1.0030E-10     Aqueous      
 Cl-                  3.0798E-10     Aqueous      
 
 Exchangers           Equiv/kgw        Equiv/g solid    Equiv/m^3 bulk
 X-                   1.4427E+00       9.2000E-04       8.9907E+02
 
 Total Concentrations in Exchange Sites 
 -------------------------------------- 
 
 Exchangers           Equiv/kgw        Equiv/g solid    Equiv/m^3 bulk
 Ca++                 7.2136E-01       4.6000E-04       4.4953E+02
 Na+                  5.7814E-06       3.6867E-09       3.6028E-03
 Cl-                  6.1865E-15       3.9450E-18       3.8552E-12
 
 Concentrations of Individual Species, Exchangers, and Surface Complexes 
 ----------------------------------------------------------------------- 
 
                           Log        Log                 Concentration     
 Species              Molality   Activity      Molality    Mol/m^3 blk  Type
  NaX                   -5.238     -5.397     5.781E-06     3.603E-03  Exchange
  CaX2                  -0.142      0.000     7.214E-01     4.495E+02  Exchange
  CaClX                -14.209    -14.368     6.186E-15     3.855E-12  Exchange
                           Log        Log                                 Activity
 Species              Molality   Activity      Molality      Activity   Coefficient    Type
  H+                    -6.999     -6.999     1.003E-07     1.003E-07     9.996E-01  Aqueous 
  Ca++                  -9.999     -9.999     1.003E-10     1.002E-10     9.985E-01  Aqueous 
  Na+                   -9.999     -9.999     1.003E-10     1.003E-10     9.996E-01  Aqueous 
  Cl-                   -9.511     -9.512     3.080E-10     3.079E-10     9.996E-01  Aqueous 
  OH-                   -6.999     -6.999     1.002E-07     1.002E-07     9.996E-01  Aqueous 
  CaOH+                -15.780    -15.781     1.658E-16     1.657E-16     9.996E-01  Aqueous 
  NaOH(aq)             -17.799    -17.799     1.589E-18     1.589E-18     1.000E+00  Aqueous 
  CaCl+                -20.211    -20.211     6.149E-21     6.147E-21     9.996E-01  Aqueous 
  CaCl2(aq)            -29.676    -29.676     2.108E-30     2.108E-30     1.000E+00  Aqueous 
 
  ****** Partial pressure of gases (bars) *****
 
 
  ***** Saturation state of minerals (log[Q/K] *****
 
 
 
  ***** Volum of minerals added or subtracted *****
 
 
 **************************************************************
 ------> GRID LOCATION:    90:  1:  1
 
  Temperature (C)    =     25.000
  Porosity           =      0.625
  Liquid Saturation  =      1.000
  Liquid Density     =    997.075
  Ionic Strength     =      0.000
  Solution pH        =      6.999
  Total Charge       =  1.184E-10
 
 Total Aqueous Concentrations of Primary Species 
 --------------------------------------- 
 
   Species              Molality       Type 
 H+                   1.2568E-10     Aqueous      
 Ca++                 1.0031E-10     Aqueous      
 Na+                  1.0030E-10     Aqueous      
 Cl-                  3.0820E-10     Aqueous      
 
 Exchangers           Equiv/kgw        Equiv/g solid    Equiv/m^3 bulk
 X-                   1.4427E+00       9.2000E-04       8.9907E+02
 
 Total Concentrations in Exchange Sites 
 -------------------------------------- 
 
 Exchangers           Equiv/kgw        Equiv/g solid    Equiv/m^3 bulk
 Ca++                 7.2136E-01       4.6000E-04       4.4953E+02
 Na+                  5.7814E-06       3.6867E-09       3.6028E-03
 Cl-                  6.1910E-15       3.9479E-18       3.8581E-12
 
 Concentrations of Individual Species, Exchangers, and Surface Complexes 
 ----------------------------------------------------------------------- 
 
                           Log        Log                 Concentration     
 Species              Molality   Activity      Molality    Mol/m^3 blk  Type
  NaX                   -5.238     -5.397     5.781E-06     3.603E-03  Exchange
  CaX2                  -0.142      0.000     7.214E-01     4.495E+02  Exchange
  CaClX                -14.208    -14.367     6.191E-15     3.858E-12  Exchange
                           Log        Log                                 Activity
 Species              Molality   Activity      Molality      Activity   Coefficient    Type
  H+                    -6.999     -6.999     1.003E-07     1.003E-07     9.996E-01  Aqueous 
  Ca++                  -9.999     -9.999     1.003E-10     1.002E-10     9.985E-01  Aqueous 
  Na+                   -9.999     -9.999     1.003E-10     1.003E-10     9.996E-01  Aqueous 
  Cl-                   -9.511     -9.511     3.082E-10     3.081E-10     9.996E-01  Aqueous 
  OH-                   -6.999     -6.999     1.002E-07     1.002E-07     9.996E-01  Aqueous 
  CaOH+                -15.780    -15.781     1.658E-16     1.657E-16     9.996E-01  Aqueous 
  NaOH(aq)             -17.799    -17.799     1.589E-18     1.589E-18     1.000E+00  Aqueous 
  CaCl+                -20.211    -20.211     6.154E-21     6.152E-21     9.996E-01  Aqueous 
  CaCl2(aq)            -29.675    -29.675     2.112E-30     2.112E-30     1.000E+00  Aqueous 
 
  ****** Partial pressure of gases (bars) *****
 
 
  ***** Saturation state of minerals (log[Q/K] *****
 
 
 
  ***** Volum of minerals added or subtracted *****
 
 
 **************************************************************
 ------> GRID LOCATION:    91:  1:  1
 
  Temperature (C)    =     25.000
  Porosity           =      0.625
  Liquid Saturation  =      1.000
  Liquid Density     =    997.075
  Ionic Strength     =      0.000
  Solution pH        =      6.999
  Total Charge       =  1.182E-10
 
 Total Aqueous Concentrations of Primary Species 
 --------------------------------------- 
 
   Species              Molality       Type 
 H+                   1.2568E-10     Aqueous      
 Ca++                 1.0031E-10     Aqueous      
 Na+                  1.0030E-10     Aqueous      
 Cl-                  3.0838E-10     Aqueous      
 
 Exchangers           Equiv/kgw        Equiv/g solid    Equiv/m^3 bulk
 X-                   1.4427E+00       9.2000E-04       8.9907E+02
 
 Total Concentrations in Exchange Sites 
 -------------------------------------- 
 
 Exchangers           Equiv/kgw        Equiv/g solid    Equiv/m^3 bulk
 Ca++                 7.2136E-01       4.6000E-04       4.4953E+02
 Na+                  5.7814E-06       3.6867E-09       3.6028E-03
 Cl-                  6.1947E-15       3.9502E-18       3.8603E-12
 
 Concentrations of Individual Species, Exchangers, and Surface Complexes 
 ----------------------------------------------------------------------- 
 
                           Log        Log                 Concentration     
 Species              Molality   Activity      Molality    Mol/m^3 blk  Type
  NaX                   -5.238     -5.397     5.781E-06     3.603E-03  Exchange
  CaX2                  -0.142      0.000     7.214E-01     4.495E+02  Exchange
  CaClX                -14.208    -14.367     6.195E-15     3.860E-12  Exchange
                           Log        Log                                 Activity
 Species              Molality   Activity      Molality      Activity   Coefficient    Type
  H+                    -6.999     -6.999     1.003E-07     1.003E-07     9.996E-01  Aqueous 
  Ca++                  -9.999     -9.999     1.003E-10     1.002E-10     9.985E-01  Aqueous 
  Na+                   -9.999     -9.999     1.003E-10     1.003E-10     9.996E-01  Aqueous 
  Cl-                   -9.511     -9.511     3.084E-10     3.083E-10     9.996E-01  Aqueous 
  OH-                   -6.999     -6.999     1.002E-07     1.002E-07     9.996E-01  Aqueous 
  CaOH+                -15.780    -15.781     1.658E-16     1.657E-16     9.996E-01  Aqueous 
  NaOH(aq)             -17.799    -17.799     1.589E-18     1.589E-18     1.000E+00  Aqueous 
  CaCl+                -20.211    -20.211     6.157E-21     6.155E-21     9.996E-01  Aqueous 
  CaCl2(aq)            -29.675    -29.675     2.114E-30     2.114E-30     1.000E+00  Aqueous 
 
  ****** Partial pressure of gases (bars) *****
 
 
  ***** Saturation state of minerals (log[Q/K] *****
 
 
 
  ***** Volum of minerals added or subtracted *****
 
 
 **************************************************************
 ------> GRID LOCATION:    92:  1:  1
 
  Temperature (C)    =     25.000
  Porosity           =      0.625
  Liquid Saturation  =      1.000
  Liquid Density     =    997.075
  Ionic Strength     =      0.000
  Solution pH        =      6.999
  Total Charge       =  1.181E-10
 
 Total Aqueous Concentrations of Primary Species 
 --------------------------------------- 
 
   Species              Molality       Type 
 H+                   1.2568E-10     Aqueous      
 Ca++                 1.0031E-10     Aqueous      
 Na+                  1.0030E-10     Aqueous      
 Cl-                  3.0853E-10     Aqueous      
 
 Exchangers           Equiv/kgw        Equiv/g solid    Equiv/m^3 bulk
 X-                   1.4427E+00       9.2000E-04       8.9907E+02
 
 Total Concentrations in Exchange Sites 
 -------------------------------------- 
 
 Exchangers           Equiv/kgw        Equiv/g solid    Equiv/m^3 bulk
 Ca++                 7.2136E-01       4.6000E-04       4.4953E+02
 Na+                  5.7814E-06       3.6867E-09       3.6028E-03
 Cl-                  6.1975E-15       3.9520E-18       3.8621E-12
 
 Concentrations of Individual Species, Exchangers, and Surface Complexes 
 ----------------------------------------------------------------------- 
 
                           Log        Log                 Concentration     
 Species              Molality   Activity      Molality    Mol/m^3 blk  Type
  NaX                   -5.238     -5.397     5.781E-06     3.603E-03  Exchange
  CaX2                  -0.142      0.000     7.214E-01     4.495E+02  Exchange
  CaClX                -14.208    -14.367     6.198E-15     3.862E-12  Exchange
                           Log        Log                                 Activity
 Species              Molality   Activity      Molality      Activity   Coefficient    Type
  H+                    -6.999     -6.999     1.003E-07     1.003E-07     9.996E-01  Aqueous 
  Ca++                  -9.999     -9.999     1.003E-10     1.002E-10     9.985E-01  Aqueous 
  Na+                   -9.999     -9.999     1.003E-10     1.003E-10     9.996E-01  Aqueous 
  Cl-                   -9.511     -9.511     3.085E-10     3.084E-10     9.996E-01  Aqueous 
  OH-                   -6.999     -6.999     1.002E-07     1.002E-07     9.996E-01  Aqueous 
  CaOH+                -15.780    -15.781     1.658E-16     1.657E-16     9.996E-01  Aqueous 
  NaOH(aq)             -17.799    -17.799     1.589E-18     1.589E-18     1.000E+00  Aqueous 
  CaCl+                -20.210    -20.211     6.160E-21     6.158E-21     9.996E-01  Aqueous 
  CaCl2(aq)            -29.674    -29.674     2.116E-30     2.116E-30     1.000E+00  Aqueous 
 
  ****** Partial pressure of gases (bars) *****
 
 
  ***** Saturation state of minerals (log[Q/K] *****
 
 
 
  ***** Volum of minerals added or subtracted *****
 
 
 **************************************************************
 ------> GRID LOCATION:    93:  1:  1
 
  Temperature (C)    =     25.000
  Porosity           =      0.625
  Liquid Saturation  =      1.000
  Liquid Density     =    997.075
  Ionic Strength     =      0.000
  Solution pH        =      6.999
  Total Charge       =  1.180E-10
 
 Total Aqueous Concentrations of Primary Species 
 --------------------------------------- 
 
   Species              Molality       Type 
 H+                   1.2568E-10     Aqueous      
 Ca++                 1.0031E-10     Aqueous      
 Na+                  1.0030E-10     Aqueous      
 Cl-                  3.0863E-10     Aqueous      
 
 Exchangers           Equiv/kgw        Equiv/g solid    Equiv/m^3 bulk
 X-                   1.4427E+00       9.2000E-04       8.9907E+02
 
 Total Concentrations in Exchange Sites 
 -------------------------------------- 
 
 Exchangers           Equiv/kgw        Equiv/g solid    Equiv/m^3 bulk
 Ca++                 7.2136E-01       4.6000E-04       4.4953E+02
 Na+                  5.7814E-06       3.6867E-09       3.6028E-03
 Cl-                  6.1997E-15       3.9534E-18       3.8635E-12
 
 Concentrations of Individual Species, Exchangers, and Surface Complexes 
 ----------------------------------------------------------------------- 
 
                           Log        Log                 Concentration     
 Species              Molality   Activity      Molality    Mol/m^3 blk  Type
  NaX                   -5.238     -5.397     5.781E-06     3.603E-03  Exchange
  CaX2                  -0.142      0.000     7.214E-01     4.495E+02  Exchange
  CaClX                -14.208    -14.367     6.200E-15     3.863E-12  Exchange
                           Log        Log                                 Activity
 Species              Molality   Activity      Molality      Activity   Coefficient    Type
  H+                    -6.999     -6.999     1.003E-07     1.003E-07     9.996E-01  Aqueous 
  Ca++                  -9.999     -9.999     1.003E-10     1.002E-10     9.985E-01  Aqueous 
  Na+                   -9.999     -9.999     1.003E-10     1.003E-10     9.996E-01  Aqueous 
  Cl-                   -9.511     -9.511     3.086E-10     3.085E-10     9.996E-01  Aqueous 
  OH-                   -6.999     -6.999     1.002E-07     1.002E-07     9.996E-01  Aqueous 
  CaOH+                -15.780    -15.781     1.658E-16     1.657E-16     9.996E-01  Aqueous 
  NaOH(aq)             -17.799    -17.799     1.589E-18     1.589E-18     1.000E+00  Aqueous 
  CaCl+                -20.210    -20.210     6.162E-21     6.160E-21     9.996E-01  Aqueous 
  CaCl2(aq)            -29.674    -29.674     2.117E-30     2.117E-30     1.000E+00  Aqueous 
 
  ****** Partial pressure of gases (bars) *****
 
 
  ***** Saturation state of minerals (log[Q/K] *****
 
 
 
  ***** Volum of minerals added or subtracted *****
 
 
 **************************************************************
 ------> GRID LOCATION:    94:  1:  1
 
  Temperature (C)    =     25.000
  Porosity           =      0.625
  Liquid Saturation  =      1.000
  Liquid Density     =    997.075
  Ionic Strength     =      0.000
  Solution pH        =      6.999
  Total Charge       =  1.179E-10
 
 Total Aqueous Concentrations of Primary Species 
 --------------------------------------- 
 
   Species              Molality       Type 
 H+                   1.2568E-10     Aqueous      
 Ca++                 1.0031E-10     Aqueous      
 Na+                  1.0030E-10     Aqueous      
 Cl-                  3.0871E-10     Aqueous      
 
 Exchangers           Equiv/kgw        Equiv/g solid    Equiv/m^3 bulk
 X-                   1.4427E+00       9.2000E-04       8.9907E+02
 
 Total Concentrations in Exchange Sites 
 -------------------------------------- 
 
 Exchangers           Equiv/kgw        Equiv/g solid    Equiv/m^3 bulk
 Ca++                 7.2136E-01       4.6000E-04       4.4953E+02
 Na+                  5.7814E-06       3.6867E-09       3.6028E-03
 Cl-                  6.2013E-15       3.9544E-18       3.8645E-12
 
 Concentrations of Individual Species, Exchangers, and Surface Complexes 
 ----------------------------------------------------------------------- 
 
                           Log        Log                 Concentration     
 Species              Molality   Activity      Molality    Mol/m^3 blk  Type
  NaX                   -5.238     -5.397     5.781E-06     3.603E-03  Exchange
  CaX2                  -0.142      0.000     7.214E-01     4.495E+02  Exchange
  CaClX                -14.208    -14.367     6.201E-15     3.864E-12  Exchange
                           Log        Log                                 Activity
 Species              Molality   Activity      Molality      Activity   Coefficient    Type
  H+                    -6.999     -6.999     1.003E-07     1.003E-07     9.996E-01  Aqueous 
  Ca++                  -9.999     -9.999     1.003E-10     1.002E-10     9.985E-01  Aqueous 
  Na+                   -9.999     -9.999     1.003E-10     1.003E-10     9.996E-01  Aqueous 
  Cl-                   -9.510     -9.511     3.087E-10     3.086E-10     9.996E-01  Aqueous 
  OH-                   -6.999     -6.999     1.002E-07     1.002E-07     9.996E-01  Aqueous 
  CaOH+                -15.780    -15.781     1.658E-16     1.657E-16     9.996E-01  Aqueous 
  NaOH(aq)             -17.799    -17.799     1.589E-18     1.589E-18     1.000E+00  Aqueous 
  CaCl+                -20.210    -20.210     6.164E-21     6.162E-21     9.996E-01  Aqueous 
  CaCl2(aq)            -29.674    -29.674     2.119E-30     2.119E-30     1.000E+00  Aqueous 
 
  ****** Partial pressure of gases (bars) *****
 
 
  ***** Saturation state of minerals (log[Q/K] *****
 
 
 
  ***** Volum of minerals added or subtracted *****
 
 
 **************************************************************
 ------> GRID LOCATION:    95:  1:  1
 
  Temperature (C)    =     25.000
  Porosity           =      0.625
  Liquid Saturation  =      1.000
  Liquid Density     =    997.075
  Ionic Strength     =      0.000
  Solution pH        =      6.999
  Total Charge       =  1.178E-10
 
 Total Aqueous Concentrations of Primary Species 
 --------------------------------------- 
 
   Species              Molality       Type 
 H+                   1.2568E-10     Aqueous      
 Ca++                 1.0031E-10     Aqueous      
 Na+                  1.0030E-10     Aqueous      
 Cl-                  3.0877E-10     Aqueous      
 
 Exchangers           Equiv/kgw        Equiv/g solid    Equiv/m^3 bulk
 X-                   1.4427E+00       9.2000E-04       8.9907E+02
 
 Total Concentrations in Exchange Sites 
 -------------------------------------- 
 
 Exchangers           Equiv/kgw        Equiv/g solid    Equiv/m^3 bulk
 Ca++                 7.2136E-01       4.6000E-04       4.4953E+02
 Na+                  5.7814E-06       3.6867E-09       3.6028E-03
 Cl-                  6.2025E-15       3.9552E-18       3.8652E-12
 
 Concentrations of Individual Species, Exchangers, and Surface Complexes 
 ----------------------------------------------------------------------- 
 
                           Log        Log                 Concentration     
 Species              Molality   Activity      Molality    Mol/m^3 blk  Type
  NaX                   -5.238     -5.397     5.781E-06     3.603E-03  Exchange
  CaX2                  -0.142      0.000     7.214E-01     4.495E+02  Exchange
  CaClX                -14.207    -14.367     6.202E-15     3.865E-12  Exchange
                           Log        Log                                 Activity
 Species              Molality   Activity      Molality      Activity   Coefficient    Type
  H+                    -6.999     -6.999     1.003E-07     1.003E-07     9.996E-01  Aqueous 
  Ca++                  -9.999     -9.999     1.003E-10     1.002E-10     9.985E-01  Aqueous 
  Na+                   -9.999     -9.999     1.003E-10     1.003E-10     9.996E-01  Aqueous 
  Cl-                   -9.510     -9.511     3.088E-10     3.087E-10     9.996E-01  Aqueous 
  OH-                   -6.999     -6.999     1.002E-07     1.002E-07     9.996E-01  Aqueous 
  CaOH+                -15.780    -15.781     1.658E-16     1.657E-16     9.996E-01  Aqueous 
  NaOH(aq)             -17.799    -17.799     1.589E-18     1.589E-18     1.000E+00  Aqueous 
  CaCl+                -20.210    -20.210     6.165E-21     6.163E-21     9.996E-01  Aqueous 
  CaCl2(aq)            -29.674    -29.674     2.119E-30     2.119E-30     1.000E+00  Aqueous 
 
  ****** Partial pressure of gases (bars) *****
 
 
  ***** Saturation state of minerals (log[Q/K] *****
 
 
 
  ***** Volum of minerals added or subtracted *****
 
 
 **************************************************************
 ------> GRID LOCATION:    96:  1:  1
 
  Temperature (C)    =     25.000
  Porosity           =      0.625
  Liquid Saturation  =      1.000
  Liquid Density     =    997.075
  Ionic Strength     =      0.000
  Solution pH        =      6.999
  Total Charge       =  1.178E-10
 
 Total Aqueous Concentrations of Primary Species 
 --------------------------------------- 
 
   Species              Molality       Type 
 H+                   1.2568E-10     Aqueous      
 Ca++                 1.0031E-10     Aqueous      
 Na+                  1.0030E-10     Aqueous      
 Cl-                  3.0881E-10     Aqueous      
 
 Exchangers           Equiv/kgw        Equiv/g solid    Equiv/m^3 bulk
 X-                   1.4427E+00       9.2000E-04       8.9907E+02
 
 Total Concentrations in Exchange Sites 
 -------------------------------------- 
 
 Exchangers           Equiv/kgw        Equiv/g solid    Equiv/m^3 bulk
 Ca++                 7.2136E-01       4.6000E-04       4.4953E+02
 Na+                  5.7814E-06       3.6867E-09       3.6028E-03
 Cl-                  6.2033E-15       3.9557E-18       3.8657E-12
 
 Concentrations of Individual Species, Exchangers, and Surface Complexes 
 ----------------------------------------------------------------------- 
 
                           Log        Log                 Concentration     
 Species              Molality   Activity      Molality    Mol/m^3 blk  Type
  NaX                   -5.238     -5.397     5.781E-06     3.603E-03  Exchange
  CaX2                  -0.142      0.000     7.214E-01     4.495E+02  Exchange
  CaClX                -14.207    -14.367     6.203E-15     3.866E-12  Exchange
                           Log        Log                                 Activity
 Species              Molality   Activity      Molality      Activity   Coefficient    Type
  H+                    -6.999     -6.999     1.003E-07     1.003E-07     9.996E-01  Aqueous 
  Ca++                  -9.999     -9.999     1.003E-10     1.002E-10     9.985E-01  Aqueous 
  Na+                   -9.999     -9.999     1.003E-10     1.003E-10     9.996E-01  Aqueous 
  Cl-                   -9.510     -9.510     3.088E-10     3.087E-10     9.996E-01  Aqueous 
  OH-                   -6.999     -6.999     1.002E-07     1.002E-07     9.996E-01  Aqueous 
  CaOH+                -15.780    -15.781     1.658E-16     1.657E-16     9.996E-01  Aqueous 
  NaOH(aq)             -17.799    -17.799     1.589E-18     1.589E-18     1.000E+00  Aqueous 
  CaCl+                -20.210    -20.210     6.166E-21     6.164E-21     9.996E-01  Aqueous 
  CaCl2(aq)            -29.674    -29.674     2.120E-30     2.120E-30     1.000E+00  Aqueous 
 
  ****** Partial pressure of gases (bars) *****
 
 
  ***** Saturation state of minerals (log[Q/K] *****
 
 
 
  ***** Volum of minerals added or subtracted *****
 
 
 **************************************************************
 ------> GRID LOCATION:    97:  1:  1
 
  Temperature (C)    =     25.000
  Porosity           =      0.625
  Liquid Saturation  =      1.000
  Liquid Density     =    997.075
  Ionic Strength     =      0.000
  Solution pH        =      6.999
  Total Charge       =  1.178E-10
 
 Total Aqueous Concentrations of Primary Species 
 --------------------------------------- 
 
   Species              Molality       Type 
 H+                   1.2568E-10     Aqueous      
 Ca++                 1.0031E-10     Aqueous      
 Na+                  1.0030E-10     Aqueous      
 Cl-                  3.0884E-10     Aqueous      
 
 Exchangers           Equiv/kgw        Equiv/g solid    Equiv/m^3 bulk
 X-                   1.4427E+00       9.2000E-04       8.9907E+02
 
 Total Concentrations in Exchange Sites 
 -------------------------------------- 
 
 Exchangers           Equiv/kgw        Equiv/g solid    Equiv/m^3 bulk
 Ca++                 7.2136E-01       4.6000E-04       4.4953E+02
 Na+                  5.7814E-06       3.6867E-09       3.6028E-03
 Cl-                  6.2039E-15       3.9561E-18       3.8661E-12
 
 Concentrations of Individual Species, Exchangers, and Surface Complexes 
 ----------------------------------------------------------------------- 
 
                           Log        Log                 Concentration     
 Species              Molality   Activity      Molality    Mol/m^3 blk  Type
  NaX                   -5.238     -5.397     5.781E-06     3.603E-03  Exchange
  CaX2                  -0.142      0.000     7.214E-01     4.495E+02  Exchange
  CaClX                -14.207    -14.367     6.204E-15     3.866E-12  Exchange
                           Log        Log                                 Activity
 Species              Molality   Activity      Molality      Activity   Coefficient    Type
  H+                    -6.999     -6.999     1.003E-07     1.003E-07     9.996E-01  Aqueous 
  Ca++                  -9.999     -9.999     1.003E-10     1.002E-10     9.985E-01  Aqueous 
  Na+                   -9.999     -9.999     1.003E-10     1.003E-10     9.996E-01  Aqueous 
  Cl-                   -9.510     -9.510     3.088E-10     3.087E-10     9.996E-01  Aqueous 
  OH-                   -6.999     -6.999     1.002E-07     1.002E-07     9.996E-01  Aqueous 
  CaOH+                -15.780    -15.781     1.658E-16     1.657E-16     9.996E-01  Aqueous 
  NaOH(aq)             -17.799    -17.799     1.589E-18     1.589E-18     1.000E+00  Aqueous 
  CaCl+                -20.210    -20.210     6.167E-21     6.164E-21     9.996E-01  Aqueous 
  CaCl2(aq)            -29.674    -29.674     2.120E-30     2.120E-30     1.000E+00  Aqueous 
 
  ****** Partial pressure of gases (bars) *****
 
 
  ***** Saturation state of minerals (log[Q/K] *****
 
 
 
  ***** Volum of minerals added or subtracted *****
 
 
 **************************************************************
 ------> GRID LOCATION:    98:  1:  1
 
  Temperature (C)    =     25.000
  Porosity           =      0.625
  Liquid Saturation  =      1.000
  Liquid Density     =    997.075
  Ionic Strength     =      0.000
  Solution pH        =      6.999
  Total Charge       =  1.177E-10
 
 Total Aqueous Concentrations of Primary Species 
 --------------------------------------- 
 
   Species              Molality       Type 
 H+                   1.2568E-10     Aqueous      
 Ca++                 1.0031E-10     Aqueous      
 Na+                  1.0030E-10     Aqueous      
 Cl-                  3.0886E-10     Aqueous      
 
 Exchangers           Equiv/kgw        Equiv/g solid    Equiv/m^3 bulk
 X-                   1.4427E+00       9.2000E-04       8.9907E+02
 
 Total Concentrations in Exchange Sites 
 -------------------------------------- 
 
 Exchangers           Equiv/kgw        Equiv/g solid    Equiv/m^3 bulk
 Ca++                 7.2136E-01       4.6000E-04       4.4953E+02
 Na+                  5.7814E-06       3.6867E-09       3.6028E-03
 Cl-                  6.2043E-15       3.9564E-18       3.8664E-12
 
 Concentrations of Individual Species, Exchangers, and Surface Complexes 
 ----------------------------------------------------------------------- 
 
                           Log        Log                 Concentration     
 Species              Molality   Activity      Molality    Mol/m^3 blk  Type
  NaX                   -5.238     -5.397     5.781E-06     3.603E-03  Exchange
  CaX2                  -0.142      0.000     7.214E-01     4.495E+02  Exchange
  CaClX                -14.207    -14.366     6.204E-15     3.866E-12  Exchange
                           Log        Log                                 Activity
 Species              Molality   Activity      Molality      Activity   Coefficient    Type
  H+                    -6.999     -6.999     1.003E-07     1.003E-07     9.996E-01  Aqueous 
  Ca++                  -9.999     -9.999     1.003E-10     1.002E-10     9.985E-01  Aqueous 
  Na+                   -9.999     -9.999     1.003E-10     1.003E-10     9.996E-01  Aqueous 
  Cl-                   -9.510     -9.510     3.089E-10     3.087E-10     9.996E-01  Aqueous 
  OH-                   -6.999     -6.999     1.002E-07     1.002E-07     9.996E-01  Aqueous 
  CaOH+                -15.780    -15.781     1.658E-16     1.657E-16     9.996E-01  Aqueous 
  NaOH(aq)             -17.799    -17.799     1.589E-18     1.589E-18     1.000E+00  Aqueous 
  CaCl+                -20.210    -20.210     6.167E-21     6.165E-21     9.996E-01  Aqueous 
  CaCl2(aq)            -29.674    -29.674     2.121E-30     2.121E-30     1.000E+00  Aqueous 
 
  ****** Partial pressure of gases (bars) *****
 
 
  ***** Saturation state of minerals (log[Q/K] *****
 
 
 
  ***** Volum of minerals added or subtracted *****
 
 
 **************************************************************
 ------> GRID LOCATION:    99:  1:  1
 
  Temperature (C)    =     25.000
  Porosity           =      0.625
  Liquid Saturation  =      1.000
  Liquid Density     =    997.075
  Ionic Strength     =      0.000
  Solution pH        =      6.999
  Total Charge       =  1.177E-10
 
 Total Aqueous Concentrations of Primary Species 
 --------------------------------------- 
 
   Species              Molality       Type 
 H+                   1.2568E-10     Aqueous      
 Ca++                 1.0031E-10     Aqueous      
 Na+                  1.0030E-10     Aqueous      
 Cl-                  3.0888E-10     Aqueous      
 
 Exchangers           Equiv/kgw        Equiv/g solid    Equiv/m^3 bulk
 X-                   1.4427E+00       9.2000E-04       8.9907E+02
 
 Total Concentrations in Exchange Sites 
 -------------------------------------- 
 
 Exchangers           Equiv/kgw        Equiv/g solid    Equiv/m^3 bulk
 Ca++                 7.2136E-01       4.6000E-04       4.4953E+02
 Na+                  5.7814E-06       3.6867E-09       3.6028E-03
 Cl-                  6.2046E-15       3.9566E-18       3.8665E-12
 
 Concentrations of Individual Species, Exchangers, and Surface Complexes 
 ----------------------------------------------------------------------- 
 
                           Log        Log                 Concentration     
 Species              Molality   Activity      Molality    Mol/m^3 blk  Type
  NaX                   -5.238     -5.397     5.781E-06     3.603E-03  Exchange
  CaX2                  -0.142      0.000     7.214E-01     4.495E+02  Exchange
  CaClX                -14.207    -14.366     6.205E-15     3.867E-12  Exchange
                           Log        Log                                 Activity
 Species              Molality   Activity      Molality      Activity   Coefficient    Type
  H+                    -6.999     -6.999     1.003E-07     1.003E-07     9.996E-01  Aqueous 
  Ca++                  -9.999     -9.999     1.003E-10     1.002E-10     9.985E-01  Aqueous 
  Na+                   -9.999     -9.999     1.003E-10     1.003E-10     9.996E-01  Aqueous 
  Cl-                   -9.510     -9.510     3.089E-10     3.088E-10     9.996E-01  Aqueous 
  OH-                   -6.999     -6.999     1.002E-07     1.002E-07     9.996E-01  Aqueous 
  CaOH+                -15.780    -15.781     1.658E-16     1.657E-16     9.996E-01  Aqueous 
  NaOH(aq)             -17.799    -17.799     1.589E-18     1.589E-18     1.000E+00  Aqueous 
  CaCl+                -20.210    -20.210     6.167E-21     6.165E-21     9.996E-01  Aqueous 
  CaCl2(aq)            -29.673    -29.673     2.121E-30     2.121E-30     1.000E+00  Aqueous 
 
  ****** Partial pressure of gases (bars) *****
 
 
  ***** Saturation state of minerals (log[Q/K] *****
 
 
 
  ***** Volum of minerals added or subtracted *****
 
 
 **************************************************************
 ------> GRID LOCATION:   100:  1:  1
 
  Temperature (C)    =     25.000
  Porosity           =      0.625
  Liquid Saturation  =      1.000
  Liquid Density     =    997.075
  Ionic Strength     =      0.000
  Solution pH        =      6.999
  Total Charge       =  1.177E-10
 
 Total Aqueous Concentrations of Primary Species 
 --------------------------------------- 
 
   Species              Molality       Type 
 H+                   1.2568E-10     Aqueous      
 Ca++                 1.0031E-10     Aqueous      
 Na+                  1.0030E-10     Aqueous      
 Cl-                  3.0889E-10     Aqueous      
 
 Exchangers           Equiv/kgw        Equiv/g solid    Equiv/m^3 bulk
 X-                   1.4427E+00       9.2000E-04       8.9907E+02
 
 Total Concentrations in Exchange Sites 
 -------------------------------------- 
 
 Exchangers           Equiv/kgw        Equiv/g solid    Equiv/m^3 bulk
 Ca++                 7.2136E-01       4.6000E-04       4.4953E+02
 Na+                  5.7814E-06       3.6867E-09       3.6028E-03
 Cl-                  6.2048E-15       3.9567E-18       3.8667E-12
 
 Concentrations of Individual Species, Exchangers, and Surface Complexes 
 ----------------------------------------------------------------------- 
 
                           Log        Log                 Concentration     
 Species              Molality   Activity      Molality    Mol/m^3 blk  Type
  NaX                   -5.238     -5.397     5.781E-06     3.603E-03  Exchange
  CaX2                  -0.142      0.000     7.214E-01     4.495E+02  Exchange
  CaClX                -14.207    -14.366     6.205E-15     3.867E-12  Exchange
                           Log        Log                                 Activity
 Species              Molality   Activity      Molality      Activity   Coefficient    Type
  H+                    -6.999     -6.999     1.003E-07     1.003E-07     9.996E-01  Aqueous 
  Ca++                  -9.999     -9.999     1.003E-10     1.002E-10     9.985E-01  Aqueous 
  Na+                   -9.999     -9.999     1.003E-10     1.003E-10     9.996E-01  Aqueous 
  Cl-                   -9.510     -9.510     3.089E-10     3.088E-10     9.996E-01  Aqueous 
  OH-                   -6.999     -6.999     1.002E-07     1.002E-07     9.996E-01  Aqueous 
  CaOH+                -15.780    -15.781     1.658E-16     1.657E-16     9.996E-01  Aqueous 
  NaOH(aq)             -17.799    -17.799     1.589E-18     1.589E-18     1.000E+00  Aqueous 
  CaCl+                -20.210    -20.210     6.168E-21     6.165E-21     9.996E-01  Aqueous 
  CaCl2(aq)            -29.673    -29.673     2.121E-30     2.121E-30     1.000E+00  Aqueous 
 
  ****** Partial pressure of gases (bars) *****
 
 
  ***** Saturation state of minerals (log[Q/K] *****
 
 
 
  ***** Volum of minerals added or subtracted *****
 
 
 **************************************************************
 ------> GRID LOCATION:   101:  1:  1
 
  Temperature (C)    =     25.000
  Porosity           =      0.625
  Liquid Saturation  =      1.000
  Liquid Density     =    997.075
  Ionic Strength     =      0.000
  Solution pH        =      6.999
  Total Charge       =  1.177E-10
 
 Total Aqueous Concentrations of Primary Species 
 --------------------------------------- 
 
   Species              Molality       Type 
 H+                   1.2568E-10     Aqueous      
 Ca++                 1.0031E-10     Aqueous      
 Na+                  1.0030E-10     Aqueous      
 Cl-                  3.0889E-10     Aqueous      
 
 Exchangers           Equiv/kgw        Equiv/g solid    Equiv/m^3 bulk
 X-                   1.4427E+00       9.2000E-04       8.9907E+02
 
 Total Concentrations in Exchange Sites 
 -------------------------------------- 
 
 Exchangers           Equiv/kgw        Equiv/g solid    Equiv/m^3 bulk
 Ca++                 7.2136E-01       4.6000E-04       4.4953E+02
 Na+                  5.7814E-06       3.6867E-09       3.6028E-03
 Cl-                  6.2049E-15       3.9567E-18       3.8667E-12
 
 Concentrations of Individual Species, Exchangers, and Surface Complexes 
 ----------------------------------------------------------------------- 
 
                           Log        Log                 Concentration     
 Species              Molality   Activity      Molality    Mol/m^3 blk  Type
  NaX                   -5.238     -5.397     5.781E-06     3.603E-03  Exchange
  CaX2                  -0.142      0.000     7.214E-01     4.495E+02  Exchange
  CaClX                -14.207    -14.366     6.205E-15     3.867E-12  Exchange
                           Log        Log                                 Activity
 Species              Molality   Activity      Molality      Activity   Coefficient    Type
  H+                    -6.999     -6.999     1.003E-07     1.003E-07     9.996E-01  Aqueous 
  Ca++                  -9.999     -9.999     1.003E-10     1.002E-10     9.985E-01  Aqueous 
  Na+                   -9.999     -9.999     1.003E-10     1.003E-10     9.996E-01  Aqueous 
  Cl-                   -9.510     -9.510     3.089E-10     3.088E-10     9.996E-01  Aqueous 
  OH-                   -6.999     -6.999     1.002E-07     1.002E-07     9.996E-01  Aqueous 
  CaOH+                -15.780    -15.781     1.658E-16     1.657E-16     9.996E-01  Aqueous 
  NaOH(aq)             -17.799    -17.799     1.589E-18     1.589E-18     1.000E+00  Aqueous 
  CaCl+                -20.210    -20.210     6.168E-21     6.165E-21     9.996E-01  Aqueous 
  CaCl2(aq)            -29.673    -29.673     2.121E-30     2.121E-30     1.000E+00  Aqueous 
 
  ****** Partial pressure of gases (bars) *****
 
 
  ***** Saturation state of minerals (log[Q/K] *****
 
 
 
  ***** Volum of minerals added or subtracted *****
 
 
