# Time          5.0000E+00
 
 **************************************************************
 ------> GRID LOCATION:     1:  1:  1
 
  Temperature (C)    =     25.000
  Porosity           =      0.250
  Liquid Saturation  =      1.000
  Liquid Density     =    997.075
  Ionic Strength     =      0.262
  Solution pH        =      7.599
  Total Charge       =  2.005E-03
 
 Total Aqueous Concentrations of Primary Species 
 --------------------------------------- 
 
   Species              Molality       Type 
 H+                  -5.5042E-07     Aqueous      
 Cs+                  2.0259E-02     Aqueous      
 Na+                  1.6047E-03     Aqueous      
 K+                   2.4070E-01     Aqueous      
 Ca++                 1.0029E-04     Aqueous      
 Cl-                  2.6076E-01     Aqueous      
 
 Exchangers           Equiv/kgw        Equiv/g solid    Equiv/m^3 bulk
 FES-                 1.3788E-04       1.8330E-08       3.4369E-02
 II-                  1.1027E-02       1.4660E-06       2.7488E+00
 PS-                  4.3974E-02       5.8460E-06       1.0961E+01
 
 Total Concentrations in Exchange Sites 
 -------------------------------------- 
 
 Exchangers           Equiv/kgw        Equiv/g solid    Equiv/m^3 bulk
 Cs+                  1.3109E-02       1.7428E-06       3.2678E+00
 Na+                  2.0226E-05       2.6889E-09       5.0416E-03
 K+                   4.2008E-02       5.5847E-06       1.0471E+01
 Ca++                 5.0862E-07       6.7618E-11       1.2678E-04
 
 Concentrations of Individual Species, Exchangers, and Surface Complexes 
 ----------------------------------------------------------------------- 
 
                           Log        Log                 Concentration     
 Species              Molality   Activity      Molality    Mol/m^3 blk  Type
  NaFES                -11.857     -7.996     1.390E-12     3.466E-10  Exchange
  NaII                  -6.487     -4.530     3.257E-07     8.120E-05  Exchange
  NaPS                  -4.701     -3.344     1.990E-05     4.960E-03  Exchange
  KFES                  -7.298     -3.438     5.032E-08     1.254E-05  Exchange
  KII                   -2.228     -0.271     5.909E-03     1.473E+00  Exchange
  KPS                   -1.443     -0.086     3.610E-02     8.998E+00  Exchange
  CaPS2                 -6.294     -4.636     5.086E-07     1.268E-04  Exchange
  CsFES                 -3.861      0.000     1.378E-04     3.436E-02  Exchange
  CsII                  -2.291     -0.333     5.118E-03     1.276E+00  Exchange
  CsPS                  -2.105     -0.748     7.854E-03     1.958E+00  Exchange
                           Log        Log                                 Activity
 Species              Molality   Activity      Molality      Activity   Coefficient    Type
  H+                    -7.495     -7.599     3.200E-08     2.519E-08     7.873E-01  Aqueous 
  Cs+                   -1.693     -1.954     2.026E-02     1.111E-02     5.482E-01  Aqueous 
  Na+                   -2.795     -2.951     1.605E-03     1.120E-03     6.982E-01  Aqueous 
  K+                    -0.619     -0.792     2.407E-01     1.614E-01     6.707E-01  Aqueous 
  Ca++                  -3.999     -4.518     1.003E-04     3.031E-05     3.022E-01  Aqueous 
  Cl-                   -0.584     -0.748     2.608E-01     1.786E-01     6.850E-01  Aqueous 
  OH-                   -6.235     -6.399     5.822E-07     3.988E-07     6.850E-01  Aqueous 
  CaOH+                 -9.570     -9.700     2.693E-10     1.997E-10     7.415E-01  Aqueous 
 
  ****** Partial pressure of gases (bars) *****
 
 
  ***** Saturation state of minerals (log[Q/K] *****
 
 
 
  ***** Volum of minerals added or subtracted *****
 
 
 **************************************************************
 ------> GRID LOCATION:     2:  1:  1
 
  Temperature (C)    =     25.000
  Porosity           =      0.250
  Liquid Saturation  =      1.000
  Liquid Density     =    997.075
  Ionic Strength     =      0.262
  Solution pH        =      7.599
  Total Charge       =  2.005E-03
 
 Total Aqueous Concentrations of Primary Species 
 --------------------------------------- 
 
   Species              Molality       Type 
 H+                  -5.5042E-07     Aqueous      
 Cs+                  2.0259E-02     Aqueous      
 Na+                  1.6047E-03     Aqueous      
 K+                   2.4070E-01     Aqueous      
 Ca++                 1.0029E-04     Aqueous      
 Cl-                  2.6076E-01     Aqueous      
 
 Exchangers           Equiv/kgw        Equiv/g solid    Equiv/m^3 bulk
 FES-                 1.3788E-04       1.8330E-08       3.4369E-02
 II-                  1.1027E-02       1.4660E-06       2.7488E+00
 PS-                  4.3974E-02       5.8460E-06       1.0961E+01
 
 Total Concentrations in Exchange Sites 
 -------------------------------------- 
 
 Exchangers           Equiv/kgw        Equiv/g solid    Equiv/m^3 bulk
 Cs+                  1.3109E-02       1.7428E-06       3.2678E+00
 Na+                  2.0226E-05       2.6889E-09       5.0416E-03
 K+                   4.2008E-02       5.5847E-06       1.0471E+01
 Ca++                 5.0862E-07       6.7618E-11       1.2678E-04
 
 Concentrations of Individual Species, Exchangers, and Surface Complexes 
 ----------------------------------------------------------------------- 
 
                           Log        Log                 Concentration     
 Species              Molality   Activity      Molality    Mol/m^3 blk  Type
  NaFES                -11.857     -7.996     1.390E-12     3.466E-10  Exchange
  NaII                  -6.487     -4.530     3.257E-07     8.120E-05  Exchange
  NaPS                  -4.701     -3.344     1.990E-05     4.960E-03  Exchange
  KFES                  -7.298     -3.438     5.032E-08     1.254E-05  Exchange
  KII                   -2.228     -0.271     5.909E-03     1.473E+00  Exchange
  KPS                   -1.443     -0.086     3.610E-02     8.998E+00  Exchange
  CaPS2                 -6.294     -4.636     5.086E-07     1.268E-04  Exchange
  CsFES                 -3.861      0.000     1.378E-04     3.436E-02  Exchange
  CsII                  -2.291     -0.333     5.118E-03     1.276E+00  Exchange
  CsPS                  -2.105     -0.748     7.854E-03     1.958E+00  Exchange
                           Log        Log                                 Activity
 Species              Molality   Activity      Molality      Activity   Coefficient    Type
  H+                    -7.495     -7.599     3.200E-08     2.519E-08     7.873E-01  Aqueous 
  Cs+                   -1.693     -1.954     2.026E-02     1.111E-02     5.482E-01  Aqueous 
  Na+                   -2.795     -2.951     1.605E-03     1.120E-03     6.982E-01  Aqueous 
  K+                    -0.619     -0.792     2.407E-01     1.614E-01     6.707E-01  Aqueous 
  Ca++                  -3.999     -4.518     1.003E-04     3.031E-05     3.022E-01  Aqueous 
  Cl-                   -0.584     -0.748     2.608E-01     1.786E-01     6.850E-01  Aqueous 
  OH-                   -6.235     -6.399     5.822E-07     3.988E-07     6.850E-01  Aqueous 
  CaOH+                 -9.570     -9.700     2.693E-10     1.997E-10     7.415E-01  Aqueous 
 
  ****** Partial pressure of gases (bars) *****
 
 
  ***** Saturation state of minerals (log[Q/K] *****
 
 
 
  ***** Volum of minerals added or subtracted *****
 
 
 **************************************************************
 ------> GRID LOCATION:     3:  1:  1
 
  Temperature (C)    =     25.000
  Porosity           =      0.250
  Liquid Saturation  =      1.000
  Liquid Density     =    997.075
  Ionic Strength     =      0.262
  Solution pH        =      7.599
  Total Charge       =  2.005E-03
 
 Total Aqueous Concentrations of Primary Species 
 --------------------------------------- 
 
   Species              Molality       Type 
 H+                  -5.5042E-07     Aqueous      
 Cs+                  2.0259E-02     Aqueous      
 Na+                  1.6047E-03     Aqueous      
 K+                   2.4070E-01     Aqueous      
 Ca++                 1.0029E-04     Aqueous      
 Cl-                  2.6076E-01     Aqueous      
 
 Exchangers           Equiv/kgw        Equiv/g solid    Equiv/m^3 bulk
 FES-                 1.3788E-04       1.8330E-08       3.4369E-02
 II-                  1.1027E-02       1.4660E-06       2.7488E+00
 PS-                  4.3974E-02       5.8460E-06       1.0961E+01
 
 Total Concentrations in Exchange Sites 
 -------------------------------------- 
 
 Exchangers           Equiv/kgw        Equiv/g solid    Equiv/m^3 bulk
 Cs+                  1.3109E-02       1.7428E-06       3.2678E+00
 Na+                  2.0226E-05       2.6889E-09       5.0416E-03
 K+                   4.2008E-02       5.5847E-06       1.0471E+01
 Ca++                 5.0862E-07       6.7618E-11       1.2678E-04
 
 Concentrations of Individual Species, Exchangers, and Surface Complexes 
 ----------------------------------------------------------------------- 
 
                           Log        Log                 Concentration     
 Species              Molality   Activity      Molality    Mol/m^3 blk  Type
  NaFES                -11.857     -7.996     1.390E-12     3.466E-10  Exchange
  NaII                  -6.487     -4.530     3.257E-07     8.120E-05  Exchange
  NaPS                  -4.701     -3.344     1.990E-05     4.960E-03  Exchange
  KFES                  -7.298     -3.438     5.032E-08     1.254E-05  Exchange
  KII                   -2.228     -0.271     5.909E-03     1.473E+00  Exchange
  KPS                   -1.443     -0.086     3.610E-02     8.998E+00  Exchange
  CaPS2                 -6.294     -4.636     5.086E-07     1.268E-04  Exchange
  CsFES                 -3.861      0.000     1.378E-04     3.436E-02  Exchange
  CsII                  -2.291     -0.333     5.118E-03     1.276E+00  Exchange
  CsPS                  -2.105     -0.748     7.854E-03     1.958E+00  Exchange
                           Log        Log                                 Activity
 Species              Molality   Activity      Molality      Activity   Coefficient    Type
  H+                    -7.495     -7.599     3.200E-08     2.519E-08     7.873E-01  Aqueous 
  Cs+                   -1.693     -1.954     2.026E-02     1.111E-02     5.482E-01  Aqueous 
  Na+                   -2.795     -2.951     1.605E-03     1.120E-03     6.982E-01  Aqueous 
  K+                    -0.619     -0.792     2.407E-01     1.614E-01     6.707E-01  Aqueous 
  Ca++                  -3.999     -4.518     1.003E-04     3.031E-05     3.022E-01  Aqueous 
  Cl-                   -0.584     -0.748     2.608E-01     1.786E-01     6.850E-01  Aqueous 
  OH-                   -6.235     -6.399     5.822E-07     3.988E-07     6.850E-01  Aqueous 
  CaOH+                 -9.570     -9.700     2.693E-10     1.997E-10     7.415E-01  Aqueous 
 
  ****** Partial pressure of gases (bars) *****
 
 
  ***** Saturation state of minerals (log[Q/K] *****
 
 
 
  ***** Volum of minerals added or subtracted *****
 
 
 **************************************************************
 ------> GRID LOCATION:     4:  1:  1
 
  Temperature (C)    =     25.000
  Porosity           =      0.250
  Liquid Saturation  =      1.000
  Liquid Density     =    997.075
  Ionic Strength     =      0.262
  Solution pH        =      7.599
  Total Charge       =  2.005E-03
 
 Total Aqueous Concentrations of Primary Species 
 --------------------------------------- 
 
   Species              Molality       Type 
 H+                  -5.5042E-07     Aqueous      
 Cs+                  2.0259E-02     Aqueous      
 Na+                  1.6047E-03     Aqueous      
 K+                   2.4070E-01     Aqueous      
 Ca++                 1.0029E-04     Aqueous      
 Cl-                  2.6076E-01     Aqueous      
 
 Exchangers           Equiv/kgw        Equiv/g solid    Equiv/m^3 bulk
 FES-                 1.3788E-04       1.8330E-08       3.4369E-02
 II-                  1.1027E-02       1.4660E-06       2.7488E+00
 PS-                  4.3974E-02       5.8460E-06       1.0961E+01
 
 Total Concentrations in Exchange Sites 
 -------------------------------------- 
 
 Exchangers           Equiv/kgw        Equiv/g solid    Equiv/m^3 bulk
 Cs+                  1.3109E-02       1.7428E-06       3.2678E+00
 Na+                  2.0226E-05       2.6889E-09       5.0416E-03
 K+                   4.2008E-02       5.5847E-06       1.0471E+01
 Ca++                 5.0862E-07       6.7618E-11       1.2678E-04
 
 Concentrations of Individual Species, Exchangers, and Surface Complexes 
 ----------------------------------------------------------------------- 
 
                           Log        Log                 Concentration     
 Species              Molality   Activity      Molality    Mol/m^3 blk  Type
  NaFES                -11.857     -7.996     1.390E-12     3.466E-10  Exchange
  NaII                  -6.487     -4.530     3.257E-07     8.120E-05  Exchange
  NaPS                  -4.701     -3.344     1.990E-05     4.960E-03  Exchange
  KFES                  -7.298     -3.438     5.032E-08     1.254E-05  Exchange
  KII                   -2.228     -0.271     5.909E-03     1.473E+00  Exchange
  KPS                   -1.443     -0.086     3.610E-02     8.998E+00  Exchange
  CaPS2                 -6.294     -4.636     5.086E-07     1.268E-04  Exchange
  CsFES                 -3.861      0.000     1.378E-04     3.436E-02  Exchange
  CsII                  -2.291     -0.333     5.118E-03     1.276E+00  Exchange
  CsPS                  -2.105     -0.748     7.854E-03     1.958E+00  Exchange
                           Log        Log                                 Activity
 Species              Molality   Activity      Molality      Activity   Coefficient    Type
  H+                    -7.495     -7.599     3.200E-08     2.519E-08     7.873E-01  Aqueous 
  Cs+                   -1.693     -1.954     2.026E-02     1.111E-02     5.482E-01  Aqueous 
  Na+                   -2.795     -2.951     1.605E-03     1.120E-03     6.982E-01  Aqueous 
  K+                    -0.619     -0.792     2.407E-01     1.614E-01     6.707E-01  Aqueous 
  Ca++                  -3.999     -4.518     1.003E-04     3.031E-05     3.022E-01  Aqueous 
  Cl-                   -0.584     -0.748     2.608E-01     1.786E-01     6.850E-01  Aqueous 
  OH-                   -6.235     -6.399     5.822E-07     3.988E-07     6.850E-01  Aqueous 
  CaOH+                 -9.570     -9.700     2.693E-10     1.997E-10     7.415E-01  Aqueous 
 
  ****** Partial pressure of gases (bars) *****
 
 
  ***** Saturation state of minerals (log[Q/K] *****
 
 
 
  ***** Volum of minerals added or subtracted *****
 
 
 **************************************************************
 ------> GRID LOCATION:     5:  1:  1
 
  Temperature (C)    =     25.000
  Porosity           =      0.250
  Liquid Saturation  =      1.000
  Liquid Density     =    997.075
  Ionic Strength     =      0.262
  Solution pH        =      7.599
  Total Charge       =  2.005E-03
 
 Total Aqueous Concentrations of Primary Species 
 --------------------------------------- 
 
   Species              Molality       Type 
 H+                  -5.5042E-07     Aqueous      
 Cs+                  2.0259E-02     Aqueous      
 Na+                  1.6047E-03     Aqueous      
 K+                   2.4070E-01     Aqueous      
 Ca++                 1.0029E-04     Aqueous      
 Cl-                  2.6076E-01     Aqueous      
 
 Exchangers           Equiv/kgw        Equiv/g solid    Equiv/m^3 bulk
 FES-                 1.3788E-04       1.8330E-08       3.4369E-02
 II-                  1.1027E-02       1.4660E-06       2.7488E+00
 PS-                  4.3974E-02       5.8460E-06       1.0961E+01
 
 Total Concentrations in Exchange Sites 
 -------------------------------------- 
 
 Exchangers           Equiv/kgw        Equiv/g solid    Equiv/m^3 bulk
 Cs+                  1.3109E-02       1.7428E-06       3.2678E+00
 Na+                  2.0226E-05       2.6889E-09       5.0416E-03
 K+                   4.2008E-02       5.5847E-06       1.0471E+01
 Ca++                 5.0862E-07       6.7618E-11       1.2678E-04
 
 Concentrations of Individual Species, Exchangers, and Surface Complexes 
 ----------------------------------------------------------------------- 
 
                           Log        Log                 Concentration     
 Species              Molality   Activity      Molality    Mol/m^3 blk  Type
  NaFES                -11.857     -7.996     1.390E-12     3.466E-10  Exchange
  NaII                  -6.487     -4.530     3.257E-07     8.120E-05  Exchange
  NaPS                  -4.701     -3.344     1.990E-05     4.960E-03  Exchange
  KFES                  -7.298     -3.438     5.032E-08     1.254E-05  Exchange
  KII                   -2.228     -0.271     5.909E-03     1.473E+00  Exchange
  KPS                   -1.443     -0.086     3.610E-02     8.998E+00  Exchange
  CaPS2                 -6.294     -4.636     5.086E-07     1.268E-04  Exchange
  CsFES                 -3.861      0.000     1.378E-04     3.436E-02  Exchange
  CsII                  -2.291     -0.333     5.118E-03     1.276E+00  Exchange
  CsPS                  -2.105     -0.748     7.854E-03     1.958E+00  Exchange
                           Log        Log                                 Activity
 Species              Molality   Activity      Molality      Activity   Coefficient    Type
  H+                    -7.495     -7.599     3.200E-08     2.519E-08     7.873E-01  Aqueous 
  Cs+                   -1.693     -1.954     2.026E-02     1.111E-02     5.482E-01  Aqueous 
  Na+                   -2.795     -2.951     1.605E-03     1.120E-03     6.982E-01  Aqueous 
  K+                    -0.619     -0.792     2.407E-01     1.614E-01     6.707E-01  Aqueous 
  Ca++                  -3.999     -4.518     1.003E-04     3.031E-05     3.022E-01  Aqueous 
  Cl-                   -0.584     -0.748     2.608E-01     1.786E-01     6.850E-01  Aqueous 
  OH-                   -6.235     -6.399     5.822E-07     3.988E-07     6.850E-01  Aqueous 
  CaOH+                 -9.570     -9.700     2.693E-10     1.997E-10     7.415E-01  Aqueous 
 
  ****** Partial pressure of gases (bars) *****
 
 
  ***** Saturation state of minerals (log[Q/K] *****
 
 
 
  ***** Volum of minerals added or subtracted *****
 
 
 **************************************************************
 ------> GRID LOCATION:     6:  1:  1
 
  Temperature (C)    =     25.000
  Porosity           =      0.250
  Liquid Saturation  =      1.000
  Liquid Density     =    997.075
  Ionic Strength     =      0.262
  Solution pH        =      7.599
  Total Charge       =  2.005E-03
 
 Total Aqueous Concentrations of Primary Species 
 --------------------------------------- 
 
   Species              Molality       Type 
 H+                  -5.5042E-07     Aqueous      
 Cs+                  2.0259E-02     Aqueous      
 Na+                  1.6047E-03     Aqueous      
 K+                   2.4070E-01     Aqueous      
 Ca++                 1.0029E-04     Aqueous      
 Cl-                  2.6076E-01     Aqueous      
 
 Exchangers           Equiv/kgw        Equiv/g solid    Equiv/m^3 bulk
 FES-                 1.3788E-04       1.8330E-08       3.4369E-02
 II-                  1.1027E-02       1.4660E-06       2.7488E+00
 PS-                  4.3974E-02       5.8460E-06       1.0961E+01
 
 Total Concentrations in Exchange Sites 
 -------------------------------------- 
 
 Exchangers           Equiv/kgw        Equiv/g solid    Equiv/m^3 bulk
 Cs+                  1.3109E-02       1.7428E-06       3.2678E+00
 Na+                  2.0226E-05       2.6889E-09       5.0416E-03
 K+                   4.2008E-02       5.5847E-06       1.0471E+01
 Ca++                 5.0862E-07       6.7618E-11       1.2678E-04
 
 Concentrations of Individual Species, Exchangers, and Surface Complexes 
 ----------------------------------------------------------------------- 
 
                           Log        Log                 Concentration     
 Species              Molality   Activity      Molality    Mol/m^3 blk  Type
  NaFES                -11.857     -7.996     1.390E-12     3.466E-10  Exchange
  NaII                  -6.487     -4.530     3.257E-07     8.120E-05  Exchange
  NaPS                  -4.701     -3.344     1.990E-05     4.960E-03  Exchange
  KFES                  -7.298     -3.438     5.032E-08     1.254E-05  Exchange
  KII                   -2.228     -0.271     5.909E-03     1.473E+00  Exchange
  KPS                   -1.443     -0.086     3.610E-02     8.998E+00  Exchange
  CaPS2                 -6.294     -4.636     5.086E-07     1.268E-04  Exchange
  CsFES                 -3.861      0.000     1.378E-04     3.436E-02  Exchange
  CsII                  -2.291     -0.333     5.118E-03     1.276E+00  Exchange
  CsPS                  -2.105     -0.748     7.854E-03     1.958E+00  Exchange
                           Log        Log                                 Activity
 Species              Molality   Activity      Molality      Activity   Coefficient    Type
  H+                    -7.495     -7.599     3.200E-08     2.519E-08     7.873E-01  Aqueous 
  Cs+                   -1.693     -1.954     2.026E-02     1.111E-02     5.482E-01  Aqueous 
  Na+                   -2.795     -2.951     1.605E-03     1.120E-03     6.982E-01  Aqueous 
  K+                    -0.619     -0.792     2.407E-01     1.614E-01     6.707E-01  Aqueous 
  Ca++                  -3.999     -4.518     1.003E-04     3.031E-05     3.022E-01  Aqueous 
  Cl-                   -0.584     -0.748     2.608E-01     1.786E-01     6.850E-01  Aqueous 
  OH-                   -6.235     -6.399     5.822E-07     3.988E-07     6.850E-01  Aqueous 
  CaOH+                 -9.570     -9.700     2.693E-10     1.997E-10     7.415E-01  Aqueous 
 
  ****** Partial pressure of gases (bars) *****
 
 
  ***** Saturation state of minerals (log[Q/K] *****
 
 
 
  ***** Volum of minerals added or subtracted *****
 
 
 **************************************************************
 ------> GRID LOCATION:     7:  1:  1
 
  Temperature (C)    =     25.000
  Porosity           =      0.250
  Liquid Saturation  =      1.000
  Liquid Density     =    997.075
  Ionic Strength     =      0.262
  Solution pH        =      7.599
  Total Charge       =  2.005E-03
 
 Total Aqueous Concentrations of Primary Species 
 --------------------------------------- 
 
   Species              Molality       Type 
 H+                  -5.5042E-07     Aqueous      
 Cs+                  2.0259E-02     Aqueous      
 Na+                  1.6047E-03     Aqueous      
 K+                   2.4070E-01     Aqueous      
 Ca++                 1.0029E-04     Aqueous      
 Cl-                  2.6076E-01     Aqueous      
 
 Exchangers           Equiv/kgw        Equiv/g solid    Equiv/m^3 bulk
 FES-                 1.3788E-04       1.8330E-08       3.4369E-02
 II-                  1.1027E-02       1.4660E-06       2.7488E+00
 PS-                  4.3974E-02       5.8460E-06       1.0961E+01
 
 Total Concentrations in Exchange Sites 
 -------------------------------------- 
 
 Exchangers           Equiv/kgw        Equiv/g solid    Equiv/m^3 bulk
 Cs+                  1.3109E-02       1.7428E-06       3.2678E+00
 Na+                  2.0226E-05       2.6889E-09       5.0416E-03
 K+                   4.2008E-02       5.5847E-06       1.0471E+01
 Ca++                 5.0862E-07       6.7618E-11       1.2678E-04
 
 Concentrations of Individual Species, Exchangers, and Surface Complexes 
 ----------------------------------------------------------------------- 
 
                           Log        Log                 Concentration     
 Species              Molality   Activity      Molality    Mol/m^3 blk  Type
  NaFES                -11.857     -7.996     1.390E-12     3.466E-10  Exchange
  NaII                  -6.487     -4.530     3.257E-07     8.120E-05  Exchange
  NaPS                  -4.701     -3.344     1.990E-05     4.960E-03  Exchange
  KFES                  -7.298     -3.438     5.032E-08     1.254E-05  Exchange
  KII                   -2.228     -0.271     5.909E-03     1.473E+00  Exchange
  KPS                   -1.443     -0.086     3.610E-02     8.998E+00  Exchange
  CaPS2                 -6.294     -4.636     5.086E-07     1.268E-04  Exchange
  CsFES                 -3.861      0.000     1.378E-04     3.436E-02  Exchange
  CsII                  -2.291     -0.333     5.118E-03     1.276E+00  Exchange
  CsPS                  -2.105     -0.748     7.854E-03     1.958E+00  Exchange
                           Log        Log                                 Activity
 Species              Molality   Activity      Molality      Activity   Coefficient    Type
  H+                    -7.495     -7.599     3.200E-08     2.519E-08     7.873E-01  Aqueous 
  Cs+                   -1.693     -1.954     2.026E-02     1.111E-02     5.482E-01  Aqueous 
  Na+                   -2.795     -2.951     1.605E-03     1.120E-03     6.982E-01  Aqueous 
  K+                    -0.619     -0.792     2.407E-01     1.614E-01     6.707E-01  Aqueous 
  Ca++                  -3.999     -4.518     1.003E-04     3.031E-05     3.022E-01  Aqueous 
  Cl-                   -0.584     -0.748     2.608E-01     1.786E-01     6.850E-01  Aqueous 
  OH-                   -6.235     -6.399     5.822E-07     3.988E-07     6.850E-01  Aqueous 
  CaOH+                 -9.570     -9.700     2.693E-10     1.997E-10     7.415E-01  Aqueous 
 
  ****** Partial pressure of gases (bars) *****
 
 
  ***** Saturation state of minerals (log[Q/K] *****
 
 
 
  ***** Volum of minerals added or subtracted *****
 
 
 **************************************************************
 ------> GRID LOCATION:     8:  1:  1
 
  Temperature (C)    =     25.000
  Porosity           =      0.250
  Liquid Saturation  =      1.000
  Liquid Density     =    997.075
  Ionic Strength     =      0.262
  Solution pH        =      7.599
  Total Charge       =  2.005E-03
 
 Total Aqueous Concentrations of Primary Species 
 --------------------------------------- 
 
   Species              Molality       Type 
 H+                  -5.5042E-07     Aqueous      
 Cs+                  2.0259E-02     Aqueous      
 Na+                  1.6047E-03     Aqueous      
 K+                   2.4070E-01     Aqueous      
 Ca++                 1.0029E-04     Aqueous      
 Cl-                  2.6076E-01     Aqueous      
 
 Exchangers           Equiv/kgw        Equiv/g solid    Equiv/m^3 bulk
 FES-                 1.3788E-04       1.8330E-08       3.4369E-02
 II-                  1.1027E-02       1.4660E-06       2.7488E+00
 PS-                  4.3974E-02       5.8460E-06       1.0961E+01
 
 Total Concentrations in Exchange Sites 
 -------------------------------------- 
 
 Exchangers           Equiv/kgw        Equiv/g solid    Equiv/m^3 bulk
 Cs+                  1.3109E-02       1.7428E-06       3.2678E+00
 Na+                  2.0226E-05       2.6889E-09       5.0416E-03
 K+                   4.2008E-02       5.5847E-06       1.0471E+01
 Ca++                 5.0862E-07       6.7618E-11       1.2678E-04
 
 Concentrations of Individual Species, Exchangers, and Surface Complexes 
 ----------------------------------------------------------------------- 
 
                           Log        Log                 Concentration     
 Species              Molality   Activity      Molality    Mol/m^3 blk  Type
  NaFES                -11.857     -7.996     1.390E-12     3.466E-10  Exchange
  NaII                  -6.487     -4.530     3.257E-07     8.120E-05  Exchange
  NaPS                  -4.701     -3.344     1.990E-05     4.960E-03  Exchange
  KFES                  -7.298     -3.438     5.032E-08     1.254E-05  Exchange
  KII                   -2.228     -0.271     5.909E-03     1.473E+00  Exchange
  KPS                   -1.443     -0.086     3.610E-02     8.998E+00  Exchange
  CaPS2                 -6.294     -4.636     5.086E-07     1.268E-04  Exchange
  CsFES                 -3.861      0.000     1.378E-04     3.436E-02  Exchange
  CsII                  -2.291     -0.333     5.118E-03     1.276E+00  Exchange
  CsPS                  -2.105     -0.748     7.854E-03     1.958E+00  Exchange
                           Log        Log                                 Activity
 Species              Molality   Activity      Molality      Activity   Coefficient    Type
  H+                    -7.495     -7.599     3.200E-08     2.519E-08     7.873E-01  Aqueous 
  Cs+                   -1.693     -1.954     2.026E-02     1.111E-02     5.482E-01  Aqueous 
  Na+                   -2.795     -2.951     1.605E-03     1.120E-03     6.982E-01  Aqueous 
  K+                    -0.619     -0.792     2.407E-01     1.614E-01     6.707E-01  Aqueous 
  Ca++                  -3.999     -4.518     1.003E-04     3.031E-05     3.022E-01  Aqueous 
  Cl-                   -0.584     -0.748     2.608E-01     1.786E-01     6.850E-01  Aqueous 
  OH-                   -6.235     -6.399     5.822E-07     3.988E-07     6.850E-01  Aqueous 
  CaOH+                 -9.570     -9.700     2.693E-10     1.997E-10     7.415E-01  Aqueous 
 
  ****** Partial pressure of gases (bars) *****
 
 
  ***** Saturation state of minerals (log[Q/K] *****
 
 
 
  ***** Volum of minerals added or subtracted *****
 
 
 **************************************************************
 ------> GRID LOCATION:     9:  1:  1
 
  Temperature (C)    =     25.000
  Porosity           =      0.250
  Liquid Saturation  =      1.000
  Liquid Density     =    997.075
  Ionic Strength     =      0.262
  Solution pH        =      7.599
  Total Charge       =  2.005E-03
 
 Total Aqueous Concentrations of Primary Species 
 --------------------------------------- 
 
   Species              Molality       Type 
 H+                  -5.5042E-07     Aqueous      
 Cs+                  2.0259E-02     Aqueous      
 Na+                  1.6047E-03     Aqueous      
 K+                   2.4070E-01     Aqueous      
 Ca++                 1.0029E-04     Aqueous      
 Cl-                  2.6076E-01     Aqueous      
 
 Exchangers           Equiv/kgw        Equiv/g solid    Equiv/m^3 bulk
 FES-                 1.3788E-04       1.8330E-08       3.4369E-02
 II-                  1.1027E-02       1.4660E-06       2.7488E+00
 PS-                  4.3974E-02       5.8460E-06       1.0961E+01
 
 Total Concentrations in Exchange Sites 
 -------------------------------------- 
 
 Exchangers           Equiv/kgw        Equiv/g solid    Equiv/m^3 bulk
 Cs+                  1.3109E-02       1.7428E-06       3.2677E+00
 Na+                  2.0226E-05       2.6889E-09       5.0416E-03
 K+                   4.2008E-02       5.5847E-06       1.0471E+01
 Ca++                 5.0862E-07       6.7618E-11       1.2678E-04
 
 Concentrations of Individual Species, Exchangers, and Surface Complexes 
 ----------------------------------------------------------------------- 
 
                           Log        Log                 Concentration     
 Species              Molality   Activity      Molality    Mol/m^3 blk  Type
  NaFES                -11.857     -7.996     1.390E-12     3.466E-10  Exchange
  NaII                  -6.487     -4.530     3.257E-07     8.120E-05  Exchange
  NaPS                  -4.701     -3.344     1.990E-05     4.960E-03  Exchange
  KFES                  -7.298     -3.438     5.032E-08     1.254E-05  Exchange
  KII                   -2.228     -0.271     5.909E-03     1.473E+00  Exchange
  KPS                   -1.443     -0.086     3.610E-02     8.998E+00  Exchange
  CaPS2                 -6.294     -4.636     5.086E-07     1.268E-04  Exchange
  CsFES                 -3.861      0.000     1.378E-04     3.436E-02  Exchange
  CsII                  -2.291     -0.333     5.118E-03     1.276E+00  Exchange
  CsPS                  -2.105     -0.748     7.854E-03     1.958E+00  Exchange
                           Log        Log                                 Activity
 Species              Molality   Activity      Molality      Activity   Coefficient    Type
  H+                    -7.495     -7.599     3.200E-08     2.519E-08     7.873E-01  Aqueous 
  Cs+                   -1.693     -1.954     2.026E-02     1.111E-02     5.482E-01  Aqueous 
  Na+                   -2.795     -2.951     1.605E-03     1.120E-03     6.982E-01  Aqueous 
  K+                    -0.619     -0.792     2.407E-01     1.614E-01     6.707E-01  Aqueous 
  Ca++                  -3.999     -4.518     1.003E-04     3.031E-05     3.022E-01  Aqueous 
  Cl-                   -0.584     -0.748     2.608E-01     1.786E-01     6.850E-01  Aqueous 
  OH-                   -6.235     -6.399     5.822E-07     3.988E-07     6.850E-01  Aqueous 
  CaOH+                 -9.570     -9.700     2.693E-10     1.997E-10     7.415E-01  Aqueous 
 
  ****** Partial pressure of gases (bars) *****
 
 
  ***** Saturation state of minerals (log[Q/K] *****
 
 
 
  ***** Volum of minerals added or subtracted *****
 
 
 **************************************************************
 ------> GRID LOCATION:    10:  1:  1
 
  Temperature (C)    =     25.000
  Porosity           =      0.250
  Liquid Saturation  =      1.000
  Liquid Density     =    997.075
  Ionic Strength     =      0.262
  Solution pH        =      7.599
  Total Charge       =  2.005E-03
 
 Total Aqueous Concentrations of Primary Species 
 --------------------------------------- 
 
   Species              Molality       Type 
 H+                  -5.5042E-07     Aqueous      
 Cs+                  2.0258E-02     Aqueous      
 Na+                  1.6047E-03     Aqueous      
 K+                   2.4070E-01     Aqueous      
 Ca++                 1.0029E-04     Aqueous      
 Cl-                  2.6076E-01     Aqueous      
 
 Exchangers           Equiv/kgw        Equiv/g solid    Equiv/m^3 bulk
 FES-                 1.3788E-04       1.8330E-08       3.4369E-02
 II-                  1.1027E-02       1.4660E-06       2.7488E+00
 PS-                  4.3974E-02       5.8460E-06       1.0961E+01
 
 Total Concentrations in Exchange Sites 
 -------------------------------------- 
 
 Exchangers           Equiv/kgw        Equiv/g solid    Equiv/m^3 bulk
 Cs+                  1.3109E-02       1.7427E-06       3.2676E+00
 Na+                  2.0226E-05       2.6889E-09       5.0417E-03
 K+                   4.2009E-02       5.5848E-06       1.0471E+01
 Ca++                 5.0863E-07       6.7619E-11       1.2679E-04
 
 Concentrations of Individual Species, Exchangers, and Surface Complexes 
 ----------------------------------------------------------------------- 
 
                           Log        Log                 Concentration     
 Species              Molality   Activity      Molality    Mol/m^3 blk  Type
  NaFES                -11.857     -7.996     1.390E-12     3.466E-10  Exchange
  NaII                  -6.487     -4.530     3.257E-07     8.120E-05  Exchange
  NaPS                  -4.701     -3.344     1.990E-05     4.960E-03  Exchange
  KFES                  -7.298     -3.438     5.032E-08     1.254E-05  Exchange
  KII                   -2.228     -0.271     5.909E-03     1.473E+00  Exchange
  KPS                   -1.443     -0.086     3.610E-02     8.998E+00  Exchange
  CaPS2                 -6.294     -4.636     5.086E-07     1.268E-04  Exchange
  CsFES                 -3.861      0.000     1.378E-04     3.436E-02  Exchange
  CsII                  -2.291     -0.333     5.118E-03     1.276E+00  Exchange
  CsPS                  -2.105     -0.748     7.853E-03     1.958E+00  Exchange
                           Log        Log                                 Activity
 Species              Molality   Activity      Molality      Activity   Coefficient    Type
  H+                    -7.495     -7.599     3.200E-08     2.519E-08     7.873E-01  Aqueous 
  Cs+                   -1.693     -1.954     2.026E-02     1.111E-02     5.482E-01  Aqueous 
  Na+                   -2.795     -2.951     1.605E-03     1.120E-03     6.982E-01  Aqueous 
  K+                    -0.619     -0.792     2.407E-01     1.614E-01     6.707E-01  Aqueous 
  Ca++                  -3.999     -4.518     1.003E-04     3.031E-05     3.022E-01  Aqueous 
  Cl-                   -0.584     -0.748     2.608E-01     1.786E-01     6.850E-01  Aqueous 
  OH-                   -6.235     -6.399     5.822E-07     3.988E-07     6.850E-01  Aqueous 
  CaOH+                 -9.570     -9.700     2.693E-10     1.997E-10     7.415E-01  Aqueous 
 
  ****** Partial pressure of gases (bars) *****
 
 
  ***** Saturation state of minerals (log[Q/K] *****
 
 
 
  ***** Volum of minerals added or subtracted *****
 
 
 **************************************************************
 ------> GRID LOCATION:    11:  1:  1
 
  Temperature (C)    =     25.000
  Porosity           =      0.250
  Liquid Saturation  =      1.000
  Liquid Density     =    997.075
  Ionic Strength     =      0.262
  Solution pH        =      7.599
  Total Charge       =  2.005E-03
 
 Total Aqueous Concentrations of Primary Species 
 --------------------------------------- 
 
   Species              Molality       Type 
 H+                  -5.5042E-07     Aqueous      
 Cs+                  2.0257E-02     Aqueous      
 Na+                  1.6047E-03     Aqueous      
 K+                   2.4071E-01     Aqueous      
 Ca++                 1.0030E-04     Aqueous      
 Cl-                  2.6076E-01     Aqueous      
 
 Exchangers           Equiv/kgw        Equiv/g solid    Equiv/m^3 bulk
 FES-                 1.3788E-04       1.8330E-08       3.4369E-02
 II-                  1.1027E-02       1.4660E-06       2.7488E+00
 PS-                  4.3974E-02       5.8460E-06       1.0961E+01
 
 Total Concentrations in Exchange Sites 
 -------------------------------------- 
 
 Exchangers           Equiv/kgw        Equiv/g solid    Equiv/m^3 bulk
 Cs+                  1.3108E-02       1.7426E-06       3.2674E+00
 Na+                  2.0226E-05       2.6889E-09       5.0418E-03
 K+                   4.2009E-02       5.5849E-06       1.0472E+01
 Ca++                 5.0865E-07       6.7621E-11       1.2679E-04
 
 Concentrations of Individual Species, Exchangers, and Surface Complexes 
 ----------------------------------------------------------------------- 
 
                           Log        Log                 Concentration     
 Species              Molality   Activity      Molality    Mol/m^3 blk  Type
  NaFES                -11.857     -7.996     1.391E-12     3.466E-10  Exchange
  NaII                  -6.487     -4.530     3.258E-07     8.120E-05  Exchange
  NaPS                  -4.701     -3.344     1.990E-05     4.961E-03  Exchange
  KFES                  -7.298     -3.438     5.033E-08     1.255E-05  Exchange
  KII                   -2.228     -0.271     5.909E-03     1.473E+00  Exchange
  KPS                   -1.442     -0.086     3.610E-02     8.999E+00  Exchange
  CaPS2                 -6.294     -4.636     5.086E-07     1.268E-04  Exchange
  CsFES                 -3.861      0.000     1.378E-04     3.436E-02  Exchange
  CsII                  -2.291     -0.333     5.118E-03     1.276E+00  Exchange
  CsPS                  -2.105     -0.748     7.853E-03     1.957E+00  Exchange
                           Log        Log                                 Activity
 Species              Molality   Activity      Molality      Activity   Coefficient    Type
  H+                    -7.495     -7.599     3.200E-08     2.519E-08     7.873E-01  Aqueous 
  Cs+                   -1.693     -1.954     2.026E-02     1.110E-02     5.482E-01  Aqueous 
  Na+                   -2.795     -2.951     1.605E-03     1.120E-03     6.982E-01  Aqueous 
  K+                    -0.619     -0.792     2.407E-01     1.614E-01     6.707E-01  Aqueous 
  Ca++                  -3.999     -4.518     1.003E-04     3.031E-05     3.022E-01  Aqueous 
  Cl-                   -0.584     -0.748     2.608E-01     1.786E-01     6.850E-01  Aqueous 
  OH-                   -6.235     -6.399     5.822E-07     3.988E-07     6.850E-01  Aqueous 
  CaOH+                 -9.570     -9.700     2.693E-10     1.997E-10     7.415E-01  Aqueous 
 
  ****** Partial pressure of gases (bars) *****
 
 
  ***** Saturation state of minerals (log[Q/K] *****
 
 
 
  ***** Volum of minerals added or subtracted *****
 
 
 **************************************************************
 ------> GRID LOCATION:    12:  1:  1
 
  Temperature (C)    =     25.000
  Porosity           =      0.250
  Liquid Saturation  =      1.000
  Liquid Density     =    997.075
  Ionic Strength     =      0.262
  Solution pH        =      7.599
  Total Charge       =  2.005E-03
 
 Total Aqueous Concentrations of Primary Species 
 --------------------------------------- 
 
   Species              Molality       Type 
 H+                  -5.5042E-07     Aqueous      
 Cs+                  2.0252E-02     Aqueous      
 Na+                  1.6048E-03     Aqueous      
 K+                   2.4071E-01     Aqueous      
 Ca++                 1.0030E-04     Aqueous      
 Cl-                  2.6076E-01     Aqueous      
 
 Exchangers           Equiv/kgw        Equiv/g solid    Equiv/m^3 bulk
 FES-                 1.3788E-04       1.8330E-08       3.4369E-02
 II-                  1.1027E-02       1.4660E-06       2.7488E+00
 PS-                  4.3974E-02       5.8460E-06       1.0961E+01
 
 Total Concentrations in Exchange Sites 
 -------------------------------------- 
 
 Exchangers           Equiv/kgw        Equiv/g solid    Equiv/m^3 bulk
 Cs+                  1.3106E-02       1.7423E-06       3.2669E+00
 Na+                  2.0227E-05       2.6891E-09       5.0421E-03
 K+                   4.2012E-02       5.5852E-06       1.0472E+01
 Ca++                 5.0871E-07       6.7629E-11       1.2680E-04
 
 Concentrations of Individual Species, Exchangers, and Surface Complexes 
 ----------------------------------------------------------------------- 
 
                           Log        Log                 Concentration     
 Species              Molality   Activity      Molality    Mol/m^3 blk  Type
  NaFES                -11.857     -7.996     1.391E-12     3.467E-10  Exchange
  NaII                  -6.487     -4.530     3.258E-07     8.121E-05  Exchange
  NaPS                  -4.701     -3.344     1.990E-05     4.961E-03  Exchange
  KFES                  -7.298     -3.438     5.034E-08     1.255E-05  Exchange
  KII                   -2.228     -0.271     5.910E-03     1.473E+00  Exchange
  KPS                   -1.442     -0.086     3.610E-02     8.999E+00  Exchange
  CaPS2                 -6.294     -4.636     5.087E-07     1.268E-04  Exchange
  CsFES                 -3.861      0.000     1.378E-04     3.436E-02  Exchange
  CsII                  -2.291     -0.333     5.117E-03     1.275E+00  Exchange
  CsPS                  -2.105     -0.748     7.851E-03     1.957E+00  Exchange
                           Log        Log                                 Activity
 Species              Molality   Activity      Molality      Activity   Coefficient    Type
  H+                    -7.495     -7.599     3.200E-08     2.519E-08     7.873E-01  Aqueous 
  Cs+                   -1.694     -1.955     2.025E-02     1.110E-02     5.482E-01  Aqueous 
  Na+                   -2.795     -2.951     1.605E-03     1.120E-03     6.982E-01  Aqueous 
  K+                    -0.619     -0.792     2.407E-01     1.614E-01     6.707E-01  Aqueous 
  Ca++                  -3.999     -4.518     1.003E-04     3.031E-05     3.022E-01  Aqueous 
  Cl-                   -0.584     -0.748     2.608E-01     1.786E-01     6.850E-01  Aqueous 
  OH-                   -6.235     -6.399     5.822E-07     3.988E-07     6.850E-01  Aqueous 
  CaOH+                 -9.570     -9.700     2.693E-10     1.997E-10     7.415E-01  Aqueous 
 
  ****** Partial pressure of gases (bars) *****
 
 
  ***** Saturation state of minerals (log[Q/K] *****
 
 
 
  ***** Volum of minerals added or subtracted *****
 
 
 **************************************************************
 ------> GRID LOCATION:    13:  1:  1
 
  Temperature (C)    =     25.000
  Porosity           =      0.250
  Liquid Saturation  =      1.000
  Liquid Density     =    997.075
  Ionic Strength     =      0.262
  Solution pH        =      7.599
  Total Charge       =  2.005E-03
 
 Total Aqueous Concentrations of Primary Species 
 --------------------------------------- 
 
   Species              Molality       Type 
 H+                  -5.5042E-07     Aqueous      
 Cs+                  2.0242E-02     Aqueous      
 Na+                  1.6049E-03     Aqueous      
 K+                   2.4072E-01     Aqueous      
 Ca++                 1.0032E-04     Aqueous      
 Cl-                  2.6076E-01     Aqueous      
 
 Exchangers           Equiv/kgw        Equiv/g solid    Equiv/m^3 bulk
 FES-                 1.3788E-04       1.8330E-08       3.4369E-02
 II-                  1.1027E-02       1.4660E-06       2.7488E+00
 PS-                  4.3974E-02       5.8460E-06       1.0961E+01
 
 Total Concentrations in Exchange Sites 
 -------------------------------------- 
 
 Exchangers           Equiv/kgw        Equiv/g solid    Equiv/m^3 bulk
 Cs+                  1.3101E-02       1.7417E-06       3.2656E+00
 Na+                  2.0231E-05       2.6896E-09       5.0429E-03
 K+                   4.2017E-02       5.5858E-06       1.0473E+01
 Ca++                 5.0887E-07       6.7651E-11       1.2684E-04
 
 Concentrations of Individual Species, Exchangers, and Surface Complexes 
 ----------------------------------------------------------------------- 
 
                           Log        Log                 Concentration     
 Species              Molality   Activity      Molality    Mol/m^3 blk  Type
  NaFES                -11.856     -7.996     1.392E-12     3.469E-10  Exchange
  NaII                  -6.487     -4.529     3.259E-07     8.124E-05  Exchange
  NaPS                  -4.701     -3.344     1.990E-05     4.962E-03  Exchange
  KFES                  -7.298     -3.437     5.037E-08     1.256E-05  Exchange
  KII                   -2.228     -0.271     5.912E-03     1.474E+00  Exchange
  KPS                   -1.442     -0.086     3.611E-02     9.000E+00  Exchange
  CaPS2                 -6.293     -4.636     5.089E-07     1.268E-04  Exchange
  CsFES                 -3.861      0.000     1.378E-04     3.436E-02  Exchange
  CsII                  -2.291     -0.334     5.115E-03     1.275E+00  Exchange
  CsPS                  -2.105     -0.748     7.848E-03     1.956E+00  Exchange
                           Log        Log                                 Activity
 Species              Molality   Activity      Molality      Activity   Coefficient    Type
  H+                    -7.495     -7.599     3.200E-08     2.519E-08     7.873E-01  Aqueous 
  Cs+                   -1.694     -1.955     2.024E-02     1.110E-02     5.482E-01  Aqueous 
  Na+                   -2.795     -2.951     1.605E-03     1.121E-03     6.982E-01  Aqueous 
  K+                    -0.618     -0.792     2.407E-01     1.614E-01     6.707E-01  Aqueous 
  Ca++                  -3.999     -4.518     1.003E-04     3.032E-05     3.022E-01  Aqueous 
  Cl-                   -0.584     -0.748     2.608E-01     1.786E-01     6.850E-01  Aqueous 
  OH-                   -6.235     -6.399     5.822E-07     3.988E-07     6.850E-01  Aqueous 
  CaOH+                 -9.570     -9.700     2.694E-10     1.997E-10     7.415E-01  Aqueous 
 
  ****** Partial pressure of gases (bars) *****
 
 
  ***** Saturation state of minerals (log[Q/K] *****
 
 
 
  ***** Volum of minerals added or subtracted *****
 
 
 **************************************************************
 ------> GRID LOCATION:    14:  1:  1
 
  Temperature (C)    =     25.000
  Porosity           =      0.250
  Liquid Saturation  =      1.000
  Liquid Density     =    997.075
  Ionic Strength     =      0.262
  Solution pH        =      7.599
  Total Charge       =  2.005E-03
 
 Total Aqueous Concentrations of Primary Species 
 --------------------------------------- 
 
   Species              Molality       Type 
 H+                  -5.5042E-07     Aqueous      
 Cs+                  2.0220E-02     Aqueous      
 Na+                  1.6054E-03     Aqueous      
 K+                   2.4074E-01     Aqueous      
 Ca++                 1.0038E-04     Aqueous      
 Cl-                  2.6076E-01     Aqueous      
 
 Exchangers           Equiv/kgw        Equiv/g solid    Equiv/m^3 bulk
 FES-                 1.3788E-04       1.8330E-08       3.4369E-02
 II-                  1.1027E-02       1.4660E-06       2.7488E+00
 PS-                  4.3974E-02       5.8460E-06       1.0961E+01
 
 Total Concentrations in Exchange Sites 
 -------------------------------------- 
 
 Exchangers           Equiv/kgw        Equiv/g solid    Equiv/m^3 bulk
 Cs+                  1.3090E-02       1.7403E-06       3.2630E+00
 Na+                  2.0240E-05       2.6907E-09       5.0451E-03
 K+                   4.2027E-02       5.5873E-06       1.0476E+01
 Ca++                 5.0930E-07       6.7708E-11       1.2695E-04
 
 Concentrations of Individual Species, Exchangers, and Surface Complexes 
 ----------------------------------------------------------------------- 
 
                           Log        Log                 Concentration     
 Species              Molality   Activity      Molality    Mol/m^3 blk  Type
  NaFES                -11.856     -7.995     1.394E-12     3.474E-10  Exchange
  NaII                  -6.487     -4.529     3.262E-07     8.130E-05  Exchange
  NaPS                  -4.701     -3.344     1.991E-05     4.964E-03  Exchange
  KFES                  -7.297     -3.437     5.043E-08     1.257E-05  Exchange
  KII                   -2.228     -0.271     5.915E-03     1.474E+00  Exchange
  KPS                   -1.442     -0.086     3.611E-02     9.002E+00  Exchange
  CaPS2                 -6.293     -4.635     5.093E-07     1.270E-04  Exchange
  CsFES                 -3.861      0.000     1.378E-04     3.436E-02  Exchange
  CsII                  -2.291     -0.334     5.112E-03     1.274E+00  Exchange
  CsPS                  -2.106     -0.749     7.840E-03     1.954E+00  Exchange
                           Log        Log                                 Activity
 Species              Molality   Activity      Molality      Activity   Coefficient    Type
  H+                    -7.495     -7.599     3.200E-08     2.519E-08     7.873E-01  Aqueous 
  Cs+                   -1.694     -1.955     2.022E-02     1.108E-02     5.482E-01  Aqueous 
  Na+                   -2.794     -2.950     1.605E-03     1.121E-03     6.982E-01  Aqueous 
  K+                    -0.618     -0.792     2.407E-01     1.615E-01     6.707E-01  Aqueous 
  Ca++                  -3.998     -4.518     1.004E-04     3.034E-05     3.022E-01  Aqueous 
  Cl-                   -0.584     -0.748     2.608E-01     1.786E-01     6.850E-01  Aqueous 
  OH-                   -6.235     -6.399     5.822E-07     3.988E-07     6.850E-01  Aqueous 
  CaOH+                 -9.569     -9.699     2.696E-10     1.999E-10     7.415E-01  Aqueous 
 
  ****** Partial pressure of gases (bars) *****
 
 
  ***** Saturation state of minerals (log[Q/K] *****
 
 
 
  ***** Volum of minerals added or subtracted *****
 
 
 **************************************************************
 ------> GRID LOCATION:    15:  1:  1
 
  Temperature (C)    =     25.000
  Porosity           =      0.250
  Liquid Saturation  =      1.000
  Liquid Density     =    997.075
  Ionic Strength     =      0.262
  Solution pH        =      7.599
  Total Charge       =  2.005E-03
 
 Total Aqueous Concentrations of Primary Species 
 --------------------------------------- 
 
   Species              Molality       Type 
 H+                  -5.5042E-07     Aqueous      
 Cs+                  2.0177E-02     Aqueous      
 Na+                  1.6068E-03     Aqueous      
 K+                   2.4078E-01     Aqueous      
 Ca++                 1.0055E-04     Aqueous      
 Cl-                  2.6076E-01     Aqueous      
 
 Exchangers           Equiv/kgw        Equiv/g solid    Equiv/m^3 bulk
 FES-                 1.3788E-04       1.8330E-08       3.4369E-02
 II-                  1.1027E-02       1.4660E-06       2.7488E+00
 PS-                  4.3974E-02       5.8460E-06       1.0961E+01
 
 Total Concentrations in Exchange Sites 
 -------------------------------------- 
 
 Exchangers           Equiv/kgw        Equiv/g solid    Equiv/m^3 bulk
 Cs+                  1.3069E-02       1.7375E-06       3.2577E+00
 Na+                  2.0262E-05       2.6936E-09       5.0506E-03
 K+                   4.2048E-02       5.5900E-06       1.0481E+01
 Ca++                 5.1038E-07       6.7852E-11       1.2722E-04
 
 Concentrations of Individual Species, Exchangers, and Surface Complexes 
 ----------------------------------------------------------------------- 
 
                           Log        Log                 Concentration     
 Species              Molality   Activity      Molality    Mol/m^3 blk  Type
  NaFES                -11.855     -7.994     1.398E-12     3.484E-10  Exchange
  NaII                  -6.486     -4.528     3.267E-07     8.144E-05  Exchange
  NaPS                  -4.700     -3.344     1.993E-05     4.969E-03  Exchange
  KFES                  -7.296     -3.436     5.054E-08     1.260E-05  Exchange
  KII                   -2.228     -0.270     5.921E-03     1.476E+00  Exchange
  KPS                   -1.442     -0.085     3.613E-02     9.005E+00  Exchange
  CaPS2                 -6.292     -4.634     5.104E-07     1.272E-04  Exchange
  CsFES                 -3.861      0.000     1.378E-04     3.436E-02  Exchange
  CsII                  -2.292     -0.334     5.106E-03     1.273E+00  Exchange
  CsPS                  -2.106     -0.750     7.825E-03     1.951E+00  Exchange
                           Log        Log                                 Activity
 Species              Molality   Activity      Molality      Activity   Coefficient    Type
  H+                    -7.495     -7.599     3.200E-08     2.519E-08     7.873E-01  Aqueous 
  Cs+                   -1.695     -1.956     2.018E-02     1.106E-02     5.482E-01  Aqueous 
  Na+                   -2.794     -2.950     1.607E-03     1.122E-03     6.982E-01  Aqueous 
  K+                    -0.618     -0.792     2.408E-01     1.615E-01     6.707E-01  Aqueous 
  Ca++                  -3.998     -4.517     1.005E-04     3.039E-05     3.022E-01  Aqueous 
  Cl-                   -0.584     -0.748     2.608E-01     1.786E-01     6.850E-01  Aqueous 
  OH-                   -6.235     -6.399     5.822E-07     3.988E-07     6.850E-01  Aqueous 
  CaOH+                 -9.569     -9.699     2.700E-10     2.002E-10     7.415E-01  Aqueous 
 
  ****** Partial pressure of gases (bars) *****
 
 
  ***** Saturation state of minerals (log[Q/K] *****
 
 
 
  ***** Volum of minerals added or subtracted *****
 
 
 **************************************************************
 ------> GRID LOCATION:    16:  1:  1
 
  Temperature (C)    =     25.000
  Porosity           =      0.250
  Liquid Saturation  =      1.000
  Liquid Density     =    997.075
  Ionic Strength     =      0.262
  Solution pH        =      7.599
  Total Charge       =  2.005E-03
 
 Total Aqueous Concentrations of Primary Species 
 --------------------------------------- 
 
   Species              Molality       Type 
 H+                  -5.5042E-07     Aqueous      
 Cs+                  2.0098E-02     Aqueous      
 Na+                  1.6101E-03     Aqueous      
 K+                   2.4086E-01     Aqueous      
 Ca++                 1.0097E-04     Aqueous      
 Cl-                  2.6076E-01     Aqueous      
 
 Exchangers           Equiv/kgw        Equiv/g solid    Equiv/m^3 bulk
 FES-                 1.3788E-04       1.8330E-08       3.4369E-02
 II-                  1.1027E-02       1.4660E-06       2.7488E+00
 PS-                  4.3974E-02       5.8460E-06       1.0961E+01
 
 Total Concentrations in Exchange Sites 
 -------------------------------------- 
 
 Exchangers           Equiv/kgw        Equiv/g solid    Equiv/m^3 bulk
 Cs+                  1.3030E-02       1.7323E-06       3.2480E+00
 Na+                  2.0313E-05       2.7005E-09       5.0634E-03
 K+                   4.2087E-02       5.5952E-06       1.0491E+01
 Ca++                 5.1296E-07       6.8195E-11       1.2787E-04
 
 Concentrations of Individual Species, Exchangers, and Surface Complexes 
 ----------------------------------------------------------------------- 
 
                           Log        Log                 Concentration     
 Species              Molality   Activity      Molality    Mol/m^3 blk  Type
  NaFES                -11.852     -7.991     1.406E-12     3.505E-10  Exchange
  NaII                  -6.484     -4.527     3.279E-07     8.175E-05  Exchange
  NaPS                  -4.699     -3.342     1.999E-05     4.982E-03  Exchange
  KFES                  -7.294     -3.434     5.076E-08     1.265E-05  Exchange
  KII                   -2.227     -0.269     5.933E-03     1.479E+00  Exchange
  KPS                   -1.442     -0.085     3.615E-02     9.012E+00  Exchange
  CaPS2                 -6.290     -4.632     5.130E-07     1.279E-04  Exchange
  CsFES                 -3.861      0.000     1.378E-04     3.436E-02  Exchange
  CsII                  -2.293     -0.335     5.094E-03     1.270E+00  Exchange
  CsPS                  -2.108     -0.751     7.798E-03     1.944E+00  Exchange
                           Log        Log                                 Activity
 Species              Molality   Activity      Molality      Activity   Coefficient    Type
  H+                    -7.495     -7.599     3.200E-08     2.519E-08     7.873E-01  Aqueous 
  Cs+                   -1.697     -1.958     2.010E-02     1.102E-02     5.482E-01  Aqueous 
  Na+                   -2.793     -2.949     1.610E-03     1.124E-03     6.982E-01  Aqueous 
  K+                    -0.618     -0.792     2.409E-01     1.615E-01     6.707E-01  Aqueous 
  Ca++                  -3.996     -4.515     1.010E-04     3.052E-05     3.022E-01  Aqueous 
  Cl-                   -0.584     -0.748     2.608E-01     1.786E-01     6.850E-01  Aqueous 
  OH-                   -6.235     -6.399     5.822E-07     3.988E-07     6.850E-01  Aqueous 
  CaOH+                 -9.567     -9.697     2.711E-10     2.010E-10     7.415E-01  Aqueous 
 
  ****** Partial pressure of gases (bars) *****
 
 
  ***** Saturation state of minerals (log[Q/K] *****
 
 
 
  ***** Volum of minerals added or subtracted *****
 
 
 **************************************************************
 ------> GRID LOCATION:    17:  1:  1
 
  Temperature (C)    =     25.000
  Porosity           =      0.250
  Liquid Saturation  =      1.000
  Liquid Density     =    997.075
  Ionic Strength     =      0.262
  Solution pH        =      7.599
  Total Charge       =  2.005E-03
 
 Total Aqueous Concentrations of Primary Species 
 --------------------------------------- 
 
   Species              Molality       Type 
 H+                  -5.5043E-07     Aqueous      
 Cs+                  1.9961E-02     Aqueous      
 Na+                  1.6180E-03     Aqueous      
 K+                   2.4099E-01     Aqueous      
 Ca++                 1.0197E-04     Aqueous      
 Cl-                  2.6076E-01     Aqueous      
 
 Exchangers           Equiv/kgw        Equiv/g solid    Equiv/m^3 bulk
 FES-                 1.3788E-04       1.8330E-08       3.4369E-02
 II-                  1.1027E-02       1.4660E-06       2.7488E+00
 PS-                  4.3974E-02       5.8460E-06       1.0961E+01
 
 Total Concentrations in Exchange Sites 
 -------------------------------------- 
 
 Exchangers           Equiv/kgw        Equiv/g solid    Equiv/m^3 bulk
 Cs+                  1.2963E-02       1.7233E-06       3.2312E+00
 Na+                  2.0428E-05       2.7158E-09       5.0922E-03
 K+                   4.2155E-02       5.6042E-06       1.0508E+01
 Ca++                 5.1886E-07       6.8979E-11       1.2934E-04
 
 Concentrations of Individual Species, Exchangers, and Surface Complexes 
 ----------------------------------------------------------------------- 
 
                           Log        Log                 Concentration     
 Species              Molality   Activity      Molality    Mol/m^3 blk  Type
  NaFES                -11.847     -7.986     1.423E-12     3.547E-10  Exchange
  NaII                  -6.481     -4.523     3.305E-07     8.238E-05  Exchange
  NaPS                  -4.697     -3.340     2.010E-05     5.010E-03  Exchange
  KFES                  -7.291     -3.431     5.113E-08     1.275E-05  Exchange
  KII                   -2.225     -0.268     5.953E-03     1.484E+00  Exchange
  KPS                   -1.441     -0.084     3.620E-02     9.024E+00  Exchange
  CaPS2                 -6.285     -4.627     5.189E-07     1.293E-04  Exchange
  CsFES                 -3.861      0.000     1.378E-04     3.436E-02  Exchange
  CsII                  -2.295     -0.337     5.074E-03     1.265E+00  Exchange
  CsPS                  -2.111     -0.754     7.751E-03     1.932E+00  Exchange
                           Log        Log                                 Activity
 Species              Molality   Activity      Molality      Activity   Coefficient    Type
  H+                    -7.495     -7.599     3.200E-08     2.519E-08     7.873E-01  Aqueous 
  Cs+                   -1.700     -1.961     1.996E-02     1.094E-02     5.482E-01  Aqueous 
  Na+                   -2.791     -2.947     1.618E-03     1.130E-03     6.982E-01  Aqueous 
  K+                    -0.618     -0.792     2.410E-01     1.616E-01     6.707E-01  Aqueous 
  Ca++                  -3.992     -4.511     1.020E-04     3.082E-05     3.022E-01  Aqueous 
  Cl-                   -0.584     -0.748     2.608E-01     1.786E-01     6.850E-01  Aqueous 
  OH-                   -6.235     -6.399     5.821E-07     3.988E-07     6.850E-01  Aqueous 
  CaOH+                 -9.563     -9.692     2.738E-10     2.030E-10     7.415E-01  Aqueous 
 
  ****** Partial pressure of gases (bars) *****
 
 
  ***** Saturation state of minerals (log[Q/K] *****
 
 
 
  ***** Volum of minerals added or subtracted *****
 
 
 **************************************************************
 ------> GRID LOCATION:    18:  1:  1
 
  Temperature (C)    =     25.000
  Porosity           =      0.250
  Liquid Saturation  =      1.000
  Liquid Density     =    997.075
  Ionic Strength     =      0.262
  Solution pH        =      7.599
  Total Charge       =  2.005E-03
 
 Total Aqueous Concentrations of Primary Species 
 --------------------------------------- 
 
   Species              Molality       Type 
 H+                  -5.5043E-07     Aqueous      
 Cs+                  1.9736E-02     Aqueous      
 Na+                  1.6353E-03     Aqueous      
 K+                   2.4119E-01     Aqueous      
 Ca++                 1.0423E-04     Aqueous      
 Cl-                  2.6077E-01     Aqueous      
 
 Exchangers           Equiv/kgw        Equiv/g solid    Equiv/m^3 bulk
 FES-                 1.3788E-04       1.8330E-08       3.4369E-02
 II-                  1.1027E-02       1.4660E-06       2.7488E+00
 PS-                  4.3974E-02       5.8460E-06       1.0961E+01
 
 Total Concentrations in Exchange Sites 
 -------------------------------------- 
 
 Exchangers           Equiv/kgw        Equiv/g solid    Equiv/m^3 bulk
 Cs+                  1.2852E-02       1.7086E-06       3.2036E+00
 Na+                  2.0675E-05       2.7486E-09       5.1536E-03
 K+                   4.2265E-02       5.6188E-06       1.0535E+01
 Ca++                 5.3171E-07       7.0688E-11       1.3254E-04
 
 Concentrations of Individual Species, Exchangers, and Surface Complexes 
 ----------------------------------------------------------------------- 
 
                           Log        Log                 Concentration     
 Species              Molality   Activity      Molality    Mol/m^3 blk  Type
  NaFES                -11.837     -7.977     1.454E-12     3.625E-10  Exchange
  NaII                  -6.474     -4.517     3.356E-07     8.366E-05  Exchange
  NaPS                  -4.692     -3.335     2.034E-05     5.070E-03  Exchange
  KFES                  -7.286     -3.426     5.176E-08     1.290E-05  Exchange
  KII                   -2.223     -0.265     5.986E-03     1.492E+00  Exchange
  KPS                   -1.440     -0.084     3.628E-02     9.043E+00  Exchange
  CaPS2                 -6.274     -4.616     5.317E-07     1.325E-04  Exchange
  CsFES                 -3.861      0.000     1.378E-04     3.436E-02  Exchange
  CsII                  -2.298     -0.340     5.041E-03     1.256E+00  Exchange
  CsPS                  -2.115     -0.758     7.674E-03     1.913E+00  Exchange
                           Log        Log                                 Activity
 Species              Molality   Activity      Molality      Activity   Coefficient    Type
  H+                    -7.495     -7.599     3.200E-08     2.519E-08     7.873E-01  Aqueous 
  Cs+                   -1.705     -1.966     1.974E-02     1.082E-02     5.482E-01  Aqueous 
  Na+                   -2.786     -2.942     1.635E-03     1.142E-03     6.982E-01  Aqueous 
  K+                    -0.618     -0.791     2.412E-01     1.618E-01     6.707E-01  Aqueous 
  Ca++                  -3.982     -4.502     1.042E-04     3.150E-05     3.022E-01  Aqueous 
  Cl-                   -0.584     -0.748     2.608E-01     1.786E-01     6.850E-01  Aqueous 
  OH-                   -6.235     -6.399     5.821E-07     3.988E-07     6.850E-01  Aqueous 
  CaOH+                 -9.553     -9.683     2.799E-10     2.075E-10     7.415E-01  Aqueous 
 
  ****** Partial pressure of gases (bars) *****
 
 
  ***** Saturation state of minerals (log[Q/K] *****
 
 
 
  ***** Volum of minerals added or subtracted *****
 
 
 **************************************************************
 ------> GRID LOCATION:    19:  1:  1
 
  Temperature (C)    =     25.000
  Porosity           =      0.250
  Liquid Saturation  =      1.000
  Liquid Density     =    997.075
  Ionic Strength     =      0.262
  Solution pH        =      7.599
  Total Charge       =  2.005E-03
 
 Total Aqueous Concentrations of Primary Species 
 --------------------------------------- 
 
   Species              Molality       Type 
 H+                  -5.5044E-07     Aqueous      
 Cs+                  1.9389E-02     Aqueous      
 Na+                  1.6715E-03     Aqueous      
 K+                   2.4150E-01     Aqueous      
 Ca++                 1.0906E-04     Aqueous      
 Cl-                  2.6077E-01     Aqueous      
 
 Exchangers           Equiv/kgw        Equiv/g solid    Equiv/m^3 bulk
 FES-                 1.3788E-04       1.8330E-08       3.4369E-02
 II-                  1.1027E-02       1.4660E-06       2.7488E+00
 PS-                  4.3974E-02       5.8460E-06       1.0961E+01
 
 Total Concentrations in Exchange Sites 
 -------------------------------------- 
 
 Exchangers           Equiv/kgw        Equiv/g solid    Equiv/m^3 bulk
 Cs+                  1.2680E-02       1.6857E-06       3.1607E+00
 Na+                  2.1177E-05       2.8154E-09       5.2788E-03
 K+                   4.2436E-02       5.6416E-06       1.0578E+01
 Ca++                 5.5857E-07       7.4259E-11       1.3923E-04
 
 Concentrations of Individual Species, Exchangers, and Surface Complexes 
 ----------------------------------------------------------------------- 
 
                           Log        Log                 Concentration     
 Species              Molality   Activity      Molality    Mol/m^3 blk  Type
  NaFES                -11.820     -7.960     1.513E-12     3.772E-10  Exchange
  NaII                  -6.461     -4.504     3.456E-07     8.614E-05  Exchange
  NaPS                  -4.681     -3.324     2.083E-05     5.193E-03  Exchange
  KFES                  -7.278     -3.417     5.275E-08     1.315E-05  Exchange
  KII                   -2.219     -0.262     6.038E-03     1.505E+00  Exchange
  KPS                   -1.439     -0.082     3.640E-02     9.073E+00  Exchange
  CaPS2                 -6.253     -4.595     5.586E-07     1.392E-04  Exchange
  CsFES                 -3.861      0.000     1.378E-04     3.436E-02  Exchange
  CsII                  -2.302     -0.344     4.989E-03     1.244E+00  Exchange
  CsPS                  -2.122     -0.765     7.554E-03     1.883E+00  Exchange
                           Log        Log                                 Activity
 Species              Molality   Activity      Molality      Activity   Coefficient    Type
  H+                    -7.495     -7.599     3.200E-08     2.519E-08     7.873E-01  Aqueous 
  Cs+                   -1.712     -1.974     1.939E-02     1.063E-02     5.482E-01  Aqueous 
  Na+                   -2.777     -2.933     1.672E-03     1.167E-03     6.982E-01  Aqueous 
  K+                    -0.617     -0.791     2.415E-01     1.620E-01     6.707E-01  Aqueous 
  Ca++                  -3.962     -4.482     1.091E-04     3.296E-05     3.022E-01  Aqueous 
  Cl-                   -0.584     -0.748     2.608E-01     1.786E-01     6.850E-01  Aqueous 
  OH-                   -6.235     -6.399     5.821E-07     3.988E-07     6.850E-01  Aqueous 
  CaOH+                 -9.533     -9.663     2.928E-10     2.171E-10     7.414E-01  Aqueous 
 
  ****** Partial pressure of gases (bars) *****
 
 
  ***** Saturation state of minerals (log[Q/K] *****
 
 
 
  ***** Volum of minerals added or subtracted *****
 
 
 **************************************************************
 ------> GRID LOCATION:    20:  1:  1
 
  Temperature (C)    =     25.000
  Porosity           =      0.250
  Liquid Saturation  =      1.000
  Liquid Density     =    997.075
  Ionic Strength     =      0.262
  Solution pH        =      7.599
  Total Charge       =  2.005E-03
 
 Total Aqueous Concentrations of Primary Species 
 --------------------------------------- 
 
   Species              Molality       Type 
 H+                  -5.5045E-07     Aqueous      
 Cs+                  1.8878E-02     Aqueous      
 Na+                  1.7434E-03     Aqueous      
 K+                   2.4192E-01     Aqueous      
 Ca++                 1.1885E-04     Aqueous      
 Cl-                  2.6077E-01     Aqueous      
 
 Exchangers           Equiv/kgw        Equiv/g solid    Equiv/m^3 bulk
 FES-                 1.3788E-04       1.8330E-08       3.4369E-02
 II-                  1.1027E-02       1.4660E-06       2.7488E+00
 PS-                  4.3974E-02       5.8460E-06       1.0961E+01
 
 Total Concentrations in Exchange Sites 
 -------------------------------------- 
 
 Exchangers           Equiv/kgw        Equiv/g solid    Equiv/m^3 bulk
 Cs+                  1.2426E-02       1.6520E-06       3.0974E+00
 Na+                  2.2159E-05       2.9459E-09       5.5235E-03
 K+                   4.2689E-02       5.6753E-06       1.0641E+01
 Ca++                 6.1247E-07       8.1424E-11       1.5267E-04
 
 Concentrations of Individual Species, Exchangers, and Surface Complexes 
 ----------------------------------------------------------------------- 
 
                           Log        Log                 Concentration     
 Species              Molality   Activity      Molality    Mol/m^3 blk  Type
  NaFES                -11.790     -7.930     1.621E-12     4.041E-10  Exchange
  NaII                  -6.438     -4.481     3.644E-07     9.085E-05  Exchange
  NaPS                  -4.662     -3.305     2.179E-05     5.433E-03  Exchange
  KFES                  -7.265     -3.405     5.428E-08     1.353E-05  Exchange
  KII                   -2.214     -0.256     6.116E-03     1.524E+00  Exchange
  KPS                   -1.437     -0.080     3.657E-02     9.117E+00  Exchange
  CaPS2                 -6.213     -4.555     6.125E-07     1.527E-04  Exchange
  CsFES                 -3.861      0.000     1.378E-04     3.436E-02  Exchange
  CsII                  -2.309     -0.351     4.911E-03     1.224E+00  Exchange
  CsPS                  -2.132     -0.775     7.377E-03     1.839E+00  Exchange
                           Log        Log                                 Activity
 Species              Molality   Activity      Molality      Activity   Coefficient    Type
  H+                    -7.495     -7.599     3.200E-08     2.519E-08     7.873E-01  Aqueous 
  Cs+                   -1.724     -1.985     1.888E-02     1.035E-02     5.482E-01  Aqueous 
  Na+                   -2.759     -2.915     1.743E-03     1.217E-03     6.981E-01  Aqueous 
  K+                    -0.616     -0.790     2.419E-01     1.622E-01     6.707E-01  Aqueous 
  Ca++                  -3.925     -4.445     1.189E-04     3.592E-05     3.022E-01  Aqueous 
  Cl-                   -0.584     -0.748     2.608E-01     1.786E-01     6.850E-01  Aqueous 
  OH-                   -6.235     -6.399     5.821E-07     3.988E-07     6.850E-01  Aqueous 
  CaOH+                 -9.496     -9.626     3.191E-10     2.366E-10     7.414E-01  Aqueous 
 
  ****** Partial pressure of gases (bars) *****
 
 
  ***** Saturation state of minerals (log[Q/K] *****
 
 
 
  ***** Volum of minerals added or subtracted *****
 
 
 **************************************************************
 ------> GRID LOCATION:    21:  1:  1
 
  Temperature (C)    =     25.000
  Porosity           =      0.250
  Liquid Saturation  =      1.000
  Liquid Density     =    997.075
  Ionic Strength     =      0.262
  Solution pH        =      7.599
  Total Charge       =  2.004E-03
 
 Total Aqueous Concentrations of Primary Species 
 --------------------------------------- 
 
   Species              Molality       Type 
 H+                  -5.5048E-07     Aqueous      
 Cs+                  1.8167E-02     Aqueous      
 Na+                  1.8795E-03     Aqueous      
 K+                   2.4247E-01     Aqueous      
 Ca++                 1.3784E-04     Aqueous      
 Cl-                  2.6079E-01     Aqueous      
 
 Exchangers           Equiv/kgw        Equiv/g solid    Equiv/m^3 bulk
 FES-                 1.3788E-04       1.8330E-08       3.4369E-02
 II-                  1.1027E-02       1.4660E-06       2.7488E+00
 PS-                  4.3974E-02       5.8460E-06       1.0961E+01
 
 Total Concentrations in Exchange Sites 
 -------------------------------------- 
 
 Exchangers           Equiv/kgw        Equiv/g solid    Equiv/m^3 bulk
 Cs+                  1.2069E-02       1.6045E-06       3.0084E+00
 Na+                  2.3999E-05       3.1905E-09       5.9822E-03
 K+                   4.3044E-02       5.7225E-06       1.0730E+01
 Ca++                 7.1662E-07       9.5270E-11       1.7863E-04
 
 Concentrations of Individual Species, Exchangers, and Surface Complexes 
 ----------------------------------------------------------------------- 
 
                           Log        Log                 Concentration     
 Species              Molality   Activity      Molality    Mol/m^3 blk  Type
  NaFES                -11.741     -7.880     1.816E-12     4.527E-10  Exchange
  NaII                  -6.399     -4.441     3.991E-07     9.948E-05  Exchange
  NaPS                  -4.627     -3.270     2.360E-05     5.883E-03  Exchange
  KFES                  -7.248     -3.387     5.653E-08     1.409E-05  Exchange
  KII                   -2.206     -0.248     6.226E-03     1.552E+00  Exchange
  KPS                   -1.434     -0.077     3.682E-02     9.178E+00  Exchange
  CaPS2                 -6.145     -4.487     7.166E-07     1.786E-04  Exchange
  CsFES                 -3.861      0.000     1.378E-04     3.435E-02  Exchange
  CsII                  -2.319     -0.361     4.801E-03     1.197E+00  Exchange
  CsPS                  -2.147     -0.790     7.131E-03     1.777E+00  Exchange
                           Log        Log                                 Activity
 Species              Molality   Activity      Molality      Activity   Coefficient    Type
  H+                    -7.495     -7.599     3.200E-08     2.520E-08     7.873E-01  Aqueous 
  Cs+                   -1.741     -2.002     1.817E-02     9.959E-03     5.482E-01  Aqueous 
  Na+                   -2.726     -2.882     1.880E-03     1.312E-03     6.981E-01  Aqueous 
  K+                    -0.615     -0.789     2.425E-01     1.626E-01     6.706E-01  Aqueous 
  Ca++                  -3.861     -4.380     1.378E-04     4.166E-05     3.022E-01  Aqueous 
  Cl-                   -0.584     -0.748     2.608E-01     1.786E-01     6.850E-01  Aqueous 
  OH-                   -6.235     -6.399     5.821E-07     3.987E-07     6.850E-01  Aqueous 
  CaOH+                 -9.432     -9.562     3.701E-10     2.744E-10     7.414E-01  Aqueous 
 
  ****** Partial pressure of gases (bars) *****
 
 
  ***** Saturation state of minerals (log[Q/K] *****
 
 
 
  ***** Volum of minerals added or subtracted *****
 
 
 **************************************************************
 ------> GRID LOCATION:    22:  1:  1
 
  Temperature (C)    =     25.000
  Porosity           =      0.250
  Liquid Saturation  =      1.000
  Liquid Density     =    997.075
  Ionic Strength     =      0.262
  Solution pH        =      7.599
  Total Charge       =  2.003E-03
 
 Total Aqueous Concentrations of Primary Species 
 --------------------------------------- 
 
   Species              Molality       Type 
 H+                  -5.5053E-07     Aqueous      
 Cs+                  1.7228E-02     Aqueous      
 Na+                  2.1257E-03     Aqueous      
 K+                   2.4311E-01     Aqueous      
 Ca++                 1.7311E-04     Aqueous      
 Cl-                  2.6081E-01     Aqueous      
 
 Exchangers           Equiv/kgw        Equiv/g solid    Equiv/m^3 bulk
 FES-                 1.3788E-04       1.8330E-08       3.4369E-02
 II-                  1.1027E-02       1.4660E-06       2.7488E+00
 PS-                  4.3974E-02       5.8460E-06       1.0961E+01
 
 Total Concentrations in Exchange Sites 
 -------------------------------------- 
 
 Exchangers           Equiv/kgw        Equiv/g solid    Equiv/m^3 bulk
 Cs+                  1.1591E-02       1.5409E-06       2.8892E+00
 Na+                  2.7315E-05       3.6314E-09       6.8088E-03
 K+                   4.3519E-02       5.7856E-06       1.0848E+01
 Ca++                 9.1104E-07       1.2112E-10       2.2709E-04
 
 Concentrations of Individual Species, Exchangers, and Surface Complexes 
 ----------------------------------------------------------------------- 
 
                           Log        Log                 Concentration     
 Species              Molality   Activity      Molality    Mol/m^3 blk  Type
  NaFES                -11.664     -7.804     2.166E-12     5.399E-10  Exchange
  NaII                  -6.336     -4.379     4.611E-07     1.149E-04  Exchange
  NaPS                  -4.571     -3.214     2.685E-05     6.694E-03  Exchange
  KFES                  -7.224     -3.363     5.977E-08     1.490E-05  Exchange
  KII                   -2.195     -0.238     6.377E-03     1.590E+00  Exchange
  KPS                   -1.430     -0.073     3.714E-02     9.258E+00  Exchange
  CaPS2                 -6.040     -4.383     9.110E-07     2.271E-04  Exchange
  CsFES                 -3.861      0.000     1.378E-04     3.435E-02  Exchange
  CsII                  -2.333     -0.375     4.650E-03     1.159E+00  Exchange
  CsPS                  -2.167     -0.810     6.803E-03     1.696E+00  Exchange
                           Log        Log                                 Activity
 Species              Molality   Activity      Molality      Activity   Coefficient    Type
  H+                    -7.495     -7.599     3.200E-08     2.520E-08     7.873E-01  Aqueous 
  Cs+                   -1.764     -2.025     1.723E-02     9.443E-03     5.481E-01  Aqueous 
  Na+                   -2.673     -2.829     2.126E-03     1.484E-03     6.981E-01  Aqueous 
  K+                    -0.614     -0.788     2.431E-01     1.630E-01     6.706E-01  Aqueous 
  Ca++                  -3.762     -4.281     1.731E-04     5.231E-05     3.022E-01  Aqueous 
  Cl-                   -0.584     -0.748     2.608E-01     1.786E-01     6.850E-01  Aqueous 
  OH-                   -6.235     -6.399     5.821E-07     3.987E-07     6.850E-01  Aqueous 
  CaOH+                 -9.333     -9.463     4.647E-10     3.445E-10     7.414E-01  Aqueous 
 
  ****** Partial pressure of gases (bars) *****
 
 
  ***** Saturation state of minerals (log[Q/K] *****
 
 
 
  ***** Volum of minerals added or subtracted *****
 
 
 **************************************************************
 ------> GRID LOCATION:    23:  1:  1
 
  Temperature (C)    =     25.000
  Porosity           =      0.250
  Liquid Saturation  =      1.000
  Liquid Density     =    997.075
  Ionic Strength     =      0.262
  Solution pH        =      7.599
  Total Charge       =  2.000E-03
 
 Total Aqueous Concentrations of Primary Species 
 --------------------------------------- 
 
   Species              Molality       Type 
 H+                  -5.5062E-07     Aqueous      
 Cs+                  1.6050E-02     Aqueous      
 Na+                  2.5521E-03     Aqueous      
 K+                   2.4377E-01     Aqueous      
 Ca++                 2.3602E-04     Aqueous      
 Cl-                  2.6084E-01     Aqueous      
 
 Exchangers           Equiv/kgw        Equiv/g solid    Equiv/m^3 bulk
 FES-                 1.3788E-04       1.8330E-08       3.4369E-02
 II-                  1.1027E-02       1.4660E-06       2.7488E+00
 PS-                  4.3974E-02       5.8460E-06       1.0961E+01
 
 Total Concentrations in Exchange Sites 
 -------------------------------------- 
 
 Exchangers           Equiv/kgw        Equiv/g solid    Equiv/m^3 bulk
 Cs+                  1.0981E-02       1.4598E-06       2.7371E+00
 Na+                  3.3076E-05       4.3972E-09       8.2448E-03
 K+                   4.4123E-02       5.8658E-06       1.0998E+01
 Ca++                 1.2626E-06       1.6786E-10       3.1473E-04
 
 Concentrations of Individual Species, Exchangers, and Surface Complexes 
 ----------------------------------------------------------------------- 
 
                           Log        Log                 Concentration     
 Species              Molality   Activity      Molality    Mol/m^3 blk  Type
  NaFES                -11.554     -7.694     2.791E-12     6.958E-10  Exchange
  NaII                  -6.245     -4.287     5.691E-07     1.419E-04  Exchange
  NaPS                  -4.488     -3.131     3.251E-05     8.103E-03  Exchange
  KFES                  -7.192     -3.331     6.433E-08     1.604E-05  Exchange
  KII                   -2.182     -0.225     6.573E-03     1.639E+00  Exchange
  KPS                   -1.425     -0.069     3.755E-02     9.360E+00  Exchange
  CaPS2                 -5.899     -4.241     1.263E-06     3.147E-04  Exchange
  CsFES                 -3.861      0.000     1.378E-04     3.435E-02  Exchange
  CsII                  -2.351     -0.394     4.453E-03     1.110E+00  Exchange
  CsPS                  -2.195     -0.838     6.390E-03     1.593E+00  Exchange
                           Log        Log                                 Activity
 Species              Molality   Activity      Molality      Activity   Coefficient    Type
  H+                    -7.495     -7.599     3.201E-08     2.520E-08     7.873E-01  Aqueous 
  Cs+                   -1.795     -2.056     1.605E-02     8.797E-03     5.481E-01  Aqueous 
  Na+                   -2.593     -2.749     2.552E-03     1.782E-03     6.981E-01  Aqueous 
  K+                    -0.613     -0.787     2.438E-01     1.635E-01     6.706E-01  Aqueous 
  Ca++                  -3.627     -4.147     2.360E-04     7.131E-05     3.022E-01  Aqueous 
  Cl-                   -0.584     -0.748     2.608E-01     1.787E-01     6.849E-01  Aqueous 
  OH-                   -6.235     -6.399     5.820E-07     3.986E-07     6.849E-01  Aqueous 
  CaOH+                 -9.198     -9.328     6.334E-10     4.696E-10     7.414E-01  Aqueous 
 
  ****** Partial pressure of gases (bars) *****
 
 
  ***** Saturation state of minerals (log[Q/K] *****
 
 
 
  ***** Volum of minerals added or subtracted *****
 
 
 **************************************************************
 ------> GRID LOCATION:    24:  1:  1
 
  Temperature (C)    =     25.000
  Porosity           =      0.250
  Liquid Saturation  =      1.000
  Liquid Density     =    997.075
  Ionic Strength     =      0.262
  Solution pH        =      7.598
  Total Charge       =  1.997E-03
 
 Total Aqueous Concentrations of Primary Species 
 --------------------------------------- 
 
   Species              Molality       Type 
 H+                  -5.5076E-07     Aqueous      
 Cs+                  1.4653E-02     Aqueous      
 Na+                  3.2618E-03     Aqueous      
 K+                   2.4430E-01     Aqueous      
 Ca++                 3.4413E-04     Aqueous      
 Cl-                  2.6090E-01     Aqueous      
 
 Exchangers           Equiv/kgw        Equiv/g solid    Equiv/m^3 bulk
 FES-                 1.3788E-04       1.8330E-08       3.4369E-02
 II-                  1.1027E-02       1.4660E-06       2.7488E+00
 PS-                  4.3974E-02       5.8460E-06       1.0961E+01
 
 Total Concentrations in Exchange Sites 
 -------------------------------------- 
 
 Exchangers           Equiv/kgw        Equiv/g solid    Equiv/m^3 bulk
 Cs+                  1.0241E-02       1.3614E-06       2.5527E+00
 Na+                  4.2744E-05       5.6826E-09       1.0655E-02
 K+                   4.4851E-02       5.9627E-06       1.1180E+01
 Ca++                 1.8805E-06       2.5000E-10       4.6875E-04
 
 Concentrations of Individual Species, Exchangers, and Surface Complexes 
 ----------------------------------------------------------------------- 
 
                           Log        Log                 Concentration     
 Species              Molality   Activity      Molality    Mol/m^3 blk  Type
  NaFES                -11.408     -7.548     3.908E-12     9.741E-10  Exchange
  NaII                  -6.123     -4.166     7.528E-07     1.877E-04  Exchange
  NaPS                  -4.377     -3.020     4.199E-05     1.047E-02  Exchange
  KFES                  -7.151     -3.291     7.062E-08     1.760E-05  Exchange
  KII                   -2.166     -0.209     6.819E-03     1.700E+00  Exchange
  KPS                   -1.420     -0.063     3.803E-02     9.480E+00  Exchange
  CaPS2                 -5.726     -4.068     1.880E-06     4.687E-04  Exchange
  CsFES                 -3.861      0.000     1.378E-04     3.435E-02  Exchange
  CsII                  -2.376     -0.418     4.208E-03     1.049E+00  Exchange
  CsPS                  -2.229     -0.873     5.895E-03     1.470E+00  Exchange
                           Log        Log                                 Activity
 Species              Molality   Activity      Molality      Activity   Coefficient    Type
  H+                    -7.495     -7.598     3.202E-08     2.521E-08     7.873E-01  Aqueous 
  Cs+                   -1.834     -2.095     1.465E-02     8.029E-03     5.480E-01  Aqueous 
  Na+                   -2.487     -2.643     3.262E-03     2.277E-03     6.980E-01  Aqueous 
  K+                    -0.612     -0.786     2.443E-01     1.638E-01     6.705E-01  Aqueous 
  Ca++                  -3.463     -3.983     3.441E-04     1.040E-04     3.021E-01  Aqueous 
  Cl-                   -0.584     -0.748     2.609E-01     1.787E-01     6.849E-01  Aqueous 
  OH-                   -6.235     -6.400     5.819E-07     3.985E-07     6.849E-01  Aqueous 
  CaOH+                 -9.035     -9.165     9.231E-10     6.844E-10     7.414E-01  Aqueous 
 
  ****** Partial pressure of gases (bars) *****
 
 
  ***** Saturation state of minerals (log[Q/K] *****
 
 
 
  ***** Volum of minerals added or subtracted *****
 
 
 **************************************************************
 ------> GRID LOCATION:    25:  1:  1
 
  Temperature (C)    =     25.000
  Porosity           =      0.250
  Liquid Saturation  =      1.000
  Liquid Density     =    997.075
  Ionic Strength     =      0.263
  Solution pH        =      7.598
  Total Charge       =  1.991E-03
 
 Total Aqueous Concentrations of Primary Species 
 --------------------------------------- 
 
   Species              Molality       Type 
 H+                  -5.5099E-07     Aqueous      
 Cs+                  1.3088E-02     Aqueous      
 Na+                  4.3988E-03     Aqueous      
 K+                   2.4446E-01     Aqueous      
 Ca++                 5.2361E-04     Aqueous      
 Cl-                  2.6100E-01     Aqueous      
 
 Exchangers           Equiv/kgw        Equiv/g solid    Equiv/m^3 bulk
 FES-                 1.3788E-04       1.8330E-08       3.4369E-02
 II-                  1.1027E-02       1.4660E-06       2.7488E+00
 PS-                  4.3974E-02       5.8460E-06       1.0961E+01
 
 Total Concentrations in Exchange Sites 
 -------------------------------------- 
 
 Exchangers           Equiv/kgw        Equiv/g solid    Equiv/m^3 bulk
 Cs+                  9.3895E-03       1.2483E-06       2.3405E+00
 Na+                  5.8457E-05       7.7715E-09       1.4572E-02
 K+                   4.5685E-02       6.0735E-06       1.1388E+01
 Ca++                 2.9394E-06       3.9078E-10       7.3271E-04
 
 Concentrations of Individual Species, Exchangers, and Surface Complexes 
 ----------------------------------------------------------------------- 
 
                           Log        Log                 Concentration     
 Species              Molality   Activity      Molality    Mol/m^3 blk  Type
  NaFES                -11.229     -7.369     5.901E-12     1.471E-09  Exchange
  NaII                  -5.975     -4.018     1.058E-06     2.637E-04  Exchange
  NaPS                  -4.241     -2.884     5.740E-05     1.431E-02  Exchange
  KFES                  -7.102     -3.241     7.913E-08     1.972E-05  Exchange
  KII                   -2.148     -0.191     7.110E-03     1.772E+00  Exchange
  KPS                   -1.414     -0.057     3.857E-02     9.615E+00  Exchange
  CaPS2                 -5.532     -3.874     2.939E-06     7.327E-04  Exchange
  CsFES                 -3.861      0.000     1.378E-04     3.435E-02  Exchange
  CsII                  -2.407     -0.450     3.916E-03     9.761E-01  Exchange
  CsPS                  -2.273     -0.916     5.336E-03     1.330E+00  Exchange
                           Log        Log                                 Activity
 Species              Molality   Activity      Molality      Activity   Coefficient    Type
  H+                    -7.494     -7.598     3.204E-08     2.522E-08     7.872E-01  Aqueous 
  Cs+                   -1.883     -2.145     1.309E-02     7.169E-03     5.478E-01  Aqueous 
  Na+                   -2.357     -2.513     4.399E-03     3.070E-03     6.980E-01  Aqueous 
  K+                    -0.612     -0.785     2.445E-01     1.639E-01     6.704E-01  Aqueous 
  Ca++                  -3.281     -3.801     5.236E-04     1.581E-04     3.020E-01  Aqueous 
  Cl-                   -0.583     -0.748     2.610E-01     1.787E-01     6.848E-01  Aqueous 
  OH-                   -6.235     -6.400     5.816E-07     3.983E-07     6.848E-01  Aqueous 
  CaOH+                 -8.853     -8.983     1.404E-09     1.040E-09     7.413E-01  Aqueous 
 
  ****** Partial pressure of gases (bars) *****
 
 
  ***** Saturation state of minerals (log[Q/K] *****
 
 
 
  ***** Volum of minerals added or subtracted *****
 
 
 **************************************************************
 ------> GRID LOCATION:    26:  1:  1
 
  Temperature (C)    =     25.000
  Porosity           =      0.250
  Liquid Saturation  =      1.000
  Liquid Density     =    997.075
  Ionic Strength     =      0.263
  Solution pH        =      7.598
  Total Charge       =  1.983E-03
 
 Total Aqueous Concentrations of Primary Species 
 --------------------------------------- 
 
   Species              Molality       Type 
 H+                  -5.5134E-07     Aqueous      
 Cs+                  1.1433E-02     Aqueous      
 Na+                  6.1562E-03     Aqueous      
 K+                   2.4391E-01     Aqueous      
 Ca++                 8.1225E-04     Aqueous      
 Cl-                  2.6115E-01     Aqueous      
 
 Exchangers           Equiv/kgw        Equiv/g solid    Equiv/m^3 bulk
 FES-                 1.3788E-04       1.8330E-08       3.4369E-02
 II-                  1.1027E-02       1.4660E-06       2.7488E+00
 PS-                  4.3974E-02       5.8460E-06       1.0961E+01
 
 Total Concentrations in Exchange Sites 
 -------------------------------------- 
 
 Exchangers           Equiv/kgw        Equiv/g solid    Equiv/m^3 bulk
 Cs+                  8.4629E-03       1.1251E-06       2.1095E+00
 Na+                  8.3254E-05       1.1068E-08       2.0753E-02
 K+                   4.6583E-02       6.1929E-06       1.1612E+01
 Ca++                 4.7159E-06       6.2695E-10       1.1755E-03
 
 Concentrations of Individual Species, Exchangers, and Surface Complexes 
 ----------------------------------------------------------------------- 
 
                           Log        Log                 Concentration     
 Species              Molality   Activity      Molality    Mol/m^3 blk  Type
  NaFES                -11.024     -7.164     9.457E-12     2.357E-09  Exchange
  NaII                  -5.809     -3.851     1.553E-06     3.871E-04  Exchange
  NaPS                  -4.088     -2.731     8.170E-05     2.037E-02  Exchange
  KFES                  -7.044     -3.183     9.040E-08     2.253E-05  Exchange
  KII                   -2.128     -0.171     7.440E-03     1.854E+00  Exchange
  KPS                   -1.407     -0.051     3.914E-02     9.757E+00  Exchange
  CaPS2                 -5.326     -3.669     4.716E-06     1.176E-03  Exchange
  CsFES                 -3.861      0.000     1.378E-04     3.435E-02  Exchange
  CsII                  -2.445     -0.488     3.586E-03     8.939E-01  Exchange
  CsPS                  -2.324     -0.967     4.739E-03     1.181E+00  Exchange
                           Log        Log                                 Activity
 Species              Molality   Activity      Molality      Activity   Coefficient    Type
  H+                    -7.494     -7.598     3.207E-08     2.525E-08     7.872E-01  Aqueous 
  Cs+                   -1.942     -2.203     1.143E-02     6.260E-03     5.475E-01  Aqueous 
  Na+                   -2.211     -2.367     6.156E-03     4.296E-03     6.978E-01  Aqueous 
  K+                    -0.613     -0.786     2.439E-01     1.635E-01     6.703E-01  Aqueous 
  Ca++                  -3.090     -3.611     8.122E-04     2.452E-04     3.018E-01  Aqueous 
  Cl-                   -0.583     -0.748     2.611E-01     1.788E-01     6.847E-01  Aqueous 
  OH-                   -6.236     -6.400     5.812E-07     3.979E-07     6.847E-01  Aqueous 
  CaOH+                 -8.663     -8.793     2.174E-09     1.612E-09     7.412E-01  Aqueous 
 
  ****** Partial pressure of gases (bars) *****
 
 
  ***** Saturation state of minerals (log[Q/K] *****
 
 
 
  ***** Volum of minerals added or subtracted *****
 
 
 **************************************************************
 ------> GRID LOCATION:    27:  1:  1
 
  Temperature (C)    =     25.000
  Porosity           =      0.250
  Liquid Saturation  =      1.000
  Liquid Density     =    997.075
  Ionic Strength     =      0.264
  Solution pH        =      7.597
  Total Charge       =  1.970E-03
 
 Total Aqueous Concentrations of Primary Species 
 --------------------------------------- 
 
   Species              Molality       Type 
 H+                  -5.5185E-07     Aqueous      
 Cs+                  9.7850E-03     Aqueous      
 Na+                  8.7824E-03     Aqueous      
 K+                   2.4224E-01     Aqueous      
 Ca++                 1.2631E-03     Aqueous      
 Cl-                  2.6136E-01     Aqueous      
 
 Exchangers           Equiv/kgw        Equiv/g solid    Equiv/m^3 bulk
 FES-                 1.3788E-04       1.8330E-08       3.4369E-02
 II-                  1.1027E-02       1.4660E-06       2.7488E+00
 PS-                  4.3974E-02       5.8460E-06       1.0961E+01
 
 Total Concentrations in Exchange Sites 
 -------------------------------------- 
 
 Exchangers           Equiv/kgw        Equiv/g solid    Equiv/m^3 bulk
 Cs+                  7.5128E-03       9.9877E-07       1.8727E+00
 Na+                  1.2137E-04       1.6136E-08       3.0254E-02
 K+                   4.7489E-02       6.3134E-06       1.1838E+01
 Ca++                 7.6473E-06       1.0167E-09       1.9062E-03
 
 Concentrations of Individual Species, Exchangers, and Surface Complexes 
 ----------------------------------------------------------------------- 
 
                           Log        Log                 Concentration     
 Species              Molality   Activity      Molality    Mol/m^3 blk  Type
  NaFES                -10.802     -6.942     1.577E-11     3.931E-09  Exchange
  NaII                  -5.632     -3.674     2.336E-06     5.823E-04  Exchange
  NaPS                  -3.924     -2.568     1.190E-04     2.967E-02  Exchange
  KFES                  -6.979     -3.119     1.049E-07     2.616E-05  Exchange
  KII                   -2.108     -0.151     7.790E-03     1.942E+00  Exchange
  KPS                   -1.401     -0.044     3.970E-02     9.896E+00  Exchange
  CaPS2                 -5.116     -3.459     7.647E-06     1.906E-03  Exchange
  CsFES                 -3.861      0.000     1.378E-04     3.434E-02  Exchange
  CsII                  -2.490     -0.533     3.235E-03     8.063E-01  Exchange
  CsPS                  -2.383     -1.026     4.140E-03     1.032E+00  Exchange
                           Log        Log                                 Activity
 Species              Molality   Activity      Molality      Activity   Coefficient    Type
  H+                    -7.493     -7.597     3.212E-08     2.528E-08     7.871E-01  Aqueous 
  Cs+                   -2.009     -2.271     9.785E-03     5.353E-03     5.471E-01  Aqueous 
  Na+                   -2.056     -2.213     8.782E-03     6.127E-03     6.977E-01  Aqueous 
  K+                    -0.616     -0.790     2.422E-01     1.623E-01     6.701E-01  Aqueous 
  Ca++                  -2.899     -3.419     1.263E-03     3.810E-04     3.016E-01  Aqueous 
  Cl-                   -0.583     -0.747     2.614E-01     1.789E-01     6.845E-01  Aqueous 
  OH-                   -6.236     -6.401     5.806E-07     3.974E-07     6.845E-01  Aqueous 
  CaOH+                 -8.472     -8.602     3.375E-09     2.501E-09     7.411E-01  Aqueous 
 
  ****** Partial pressure of gases (bars) *****
 
 
  ***** Saturation state of minerals (log[Q/K] *****
 
 
 
  ***** Volum of minerals added or subtracted *****
 
 
 **************************************************************
 ------> GRID LOCATION:    28:  1:  1
 
  Temperature (C)    =     25.000
  Porosity           =      0.250
  Liquid Saturation  =      1.000
  Liquid Density     =    997.075
  Ionic Strength     =      0.265
  Solution pH        =      7.596
  Total Charge       =  1.952E-03
 
 Total Aqueous Concentrations of Primary Species 
 --------------------------------------- 
 
   Species              Molality       Type 
 H+                  -5.5257E-07     Aqueous      
 Cs+                  8.2381E-03     Aqueous      
 Na+                  1.2584E-02     Aqueous      
 K+                   2.3890E-01     Aqueous      
 Ca++                 1.9487E-03     Aqueous      
 Cl-                  2.6166E-01     Aqueous      
 
 Exchangers           Equiv/kgw        Equiv/g solid    Equiv/m^3 bulk
 FES-                 1.3788E-04       1.8330E-08       3.4369E-02
 II-                  1.1027E-02       1.4660E-06       2.7488E+00
 PS-                  4.3974E-02       5.8460E-06       1.0961E+01
 
 Total Concentrations in Exchange Sites 
 -------------------------------------- 
 
 Exchangers           Equiv/kgw        Equiv/g solid    Equiv/m^3 bulk
 Cs+                  6.5979E-03       8.7715E-07       1.6447E+00
 Na+                  1.7868E-04       2.3755E-08       4.4540E-02
 K+                   4.8337E-02       6.4261E-06       1.2049E+01
 Ca++                 1.2436E-05       1.6532E-09       3.0998E-03
 
 Concentrations of Individual Species, Exchangers, and Surface Complexes 
 ----------------------------------------------------------------------- 
 
                           Log        Log                 Concentration     
 Species              Molality   Activity      Molality    Mol/m^3 blk  Type
  NaFES                -10.571     -6.710     2.685E-11     6.694E-09  Exchange
  NaII                  -5.450     -3.493     3.547E-06     8.841E-04  Exchange
  NaPS                  -3.757     -2.400     1.751E-04     4.366E-02  Exchange
  KFES                  -6.910     -3.050     1.230E-07     3.065E-05  Exchange
  KII                   -2.089     -0.132     8.140E-03     2.029E+00  Exchange
  KPS                   -1.396     -0.039     4.020E-02     1.002E+01  Exchange
  CaPS2                 -4.905     -3.247     1.244E-05     3.100E-03  Exchange
  CsFES                 -3.861      0.000     1.378E-04     3.434E-02  Exchange
  CsII                  -2.540     -0.583     2.884E-03     7.188E-01  Exchange
  CsPS                  -2.447     -1.090     3.577E-03     8.916E-01  Exchange
                           Log        Log                                 Activity
 Species              Molality   Activity      Molality      Activity   Coefficient    Type
  H+                    -7.492     -7.596     3.220E-08     2.534E-08     7.869E-01  Aqueous 
  Cs+                   -2.084     -2.347     8.238E-03     4.502E-03     5.465E-01  Aqueous 
  Na+                   -1.900     -2.057     1.258E-02     8.776E-03     6.974E-01  Aqueous 
  K+                    -0.622     -0.796     2.389E-01     1.600E-01     6.697E-01  Aqueous 
  Ca++                  -2.710     -3.231     1.949E-03     5.871E-04     3.013E-01  Aqueous 
  Cl-                   -0.582     -0.747     2.617E-01     1.790E-01     6.841E-01  Aqueous 
  OH-                   -6.237     -6.402     5.796E-07     3.965E-07     6.841E-01  Aqueous 
  CaOH+                 -8.285     -8.415     5.191E-09     3.846E-09     7.409E-01  Aqueous 
 
  ****** Partial pressure of gases (bars) *****
 
 
  ***** Saturation state of minerals (log[Q/K] *****
 
 
 
  ***** Volum of minerals added or subtracted *****
 
 
 **************************************************************
 ------> GRID LOCATION:    29:  1:  1
 
  Temperature (C)    =     25.000
  Porosity           =      0.250
  Liquid Saturation  =      1.000
  Liquid Density     =    997.075
  Ionic Strength     =      0.266
  Solution pH        =      7.595
  Total Charge       =  1.927E-03
 
 Total Aqueous Concentrations of Primary Species 
 --------------------------------------- 
 
   Species              Molality       Type 
 H+                  -5.5357E-07     Aqueous      
 Cs+                  6.8645E-03     Aqueous      
 Na+                  1.7926E-02     Aqueous      
 K+                   2.3328E-01     Aqueous      
 Ca++                 2.9666E-03     Aqueous      
 Cl-                  2.6208E-01     Aqueous      
 
 Exchangers           Equiv/kgw        Equiv/g solid    Equiv/m^3 bulk
 FES-                 1.3788E-04       1.8330E-08       3.4369E-02
 II-                  1.1027E-02       1.4660E-06       2.7488E+00
 PS-                  4.3974E-02       5.8460E-06       1.0961E+01
 
 Total Concentrations in Exchange Sites 
 -------------------------------------- 
 
 Exchangers           Equiv/kgw        Equiv/g solid    Equiv/m^3 bulk
 Cs+                  5.7736E-03       7.6756E-07       1.4392E+00
 Na+                  2.6343E-04       3.5022E-08       6.5666E-02
 K+                   4.9061E-02       6.5224E-06       1.2229E+01
 Ca++                 2.0246E-05       2.6915E-09       5.0466E-03
 
 Concentrations of Individual Species, Exchangers, and Surface Complexes 
 ----------------------------------------------------------------------- 
 
                           Log        Log                 Concentration     
 Species              Molality   Activity      Molality    Mol/m^3 blk  Type
  NaFES                -10.338     -6.477     4.595E-11     1.145E-08  Exchange
  NaII                  -5.269     -3.312     5.381E-06     1.341E-03  Exchange
  NaPS                  -3.588     -2.231     2.581E-04     6.432E-02  Exchange
  KFES                  -6.841     -2.980     1.442E-07     3.595E-05  Exchange
  KII                   -2.072     -0.115     8.465E-03     2.110E+00  Exchange
  KPS                   -1.392     -0.035     4.060E-02     1.012E+01  Exchange
  CaPS2                 -4.694     -3.036     2.025E-05     5.047E-03  Exchange
  CsFES                 -3.861      0.000     1.377E-04     3.433E-02  Exchange
  CsII                  -2.592     -0.635     2.556E-03     6.372E-01  Exchange
  CsPS                  -2.512     -1.155     3.079E-03     7.676E-01  Exchange
                           Log        Log                                 Activity
 Species              Molality   Activity      Molality      Activity   Coefficient    Type
  H+                    -7.491     -7.595     3.231E-08     2.542E-08     7.867E-01  Aqueous 
  Cs+                   -2.163     -2.427     6.864E-03     3.745E-03     5.456E-01  Aqueous 
  Na+                   -1.747     -1.903     1.793E-02     1.249E-02     6.970E-01  Aqueous 
  K+                    -0.632     -0.807     2.333E-01     1.561E-01     6.692E-01  Aqueous 
  Ca++                  -2.528     -3.049     2.967E-03     8.923E-04     3.008E-01  Aqueous 
  Cl-                   -0.582     -0.747     2.621E-01     1.792E-01     6.837E-01  Aqueous 
  OH-                   -6.238     -6.403     5.780E-07     3.952E-07     6.837E-01  Aqueous 
  CaOH+                 -8.104     -8.235     7.866E-09     5.825E-09     7.406E-01  Aqueous 
 
  ****** Partial pressure of gases (bars) *****
 
 
  ***** Saturation state of minerals (log[Q/K] *****
 
 
 
  ***** Volum of minerals added or subtracted *****
 
 
 **************************************************************
 ------> GRID LOCATION:    30:  1:  1
 
  Temperature (C)    =     25.000
  Porosity           =      0.250
  Liquid Saturation  =      1.000
  Liquid Density     =    997.075
  Ionic Strength     =      0.268
  Solution pH        =      7.593
  Total Charge       =  1.894E-03
 
 Total Aqueous Concentrations of Primary Species 
 --------------------------------------- 
 
   Species              Molality       Type 
 H+                  -5.5489E-07     Aqueous      
 Cs+                  5.7003E-03     Aqueous      
 Na+                  2.5224E-02     Aqueous      
 K+                   2.2471E-01     Aqueous      
 Ca++                 4.4452E-03     Aqueous      
 Cl-                  2.6263E-01     Aqueous      
 
 Exchangers           Equiv/kgw        Equiv/g solid    Equiv/m^3 bulk
 FES-                 1.3788E-04       1.8330E-08       3.4369E-02
 II-                  1.1027E-02       1.4660E-06       2.7488E+00
 PS-                  4.3974E-02       5.8460E-06       1.0961E+01
 
 Total Concentrations in Exchange Sites 
 -------------------------------------- 
 
 Exchangers           Equiv/kgw        Equiv/g solid    Equiv/m^3 bulk
 Cs+                  5.0800E-03       6.7535E-07       1.2663E+00
 Na+                  3.8760E-04       5.1528E-08       9.6615E-02
 K+                   4.9605E-02       6.5946E-06       1.2365E+01
 Ca++                 3.3112E-05       4.4021E-09       8.2539E-03
 
 Concentrations of Individual Species, Exchangers, and Surface Complexes 
 ----------------------------------------------------------------------- 
 
                           Log        Log                 Concentration     
 Species              Molality   Activity      Molality    Mol/m^3 blk  Type
  NaFES                -10.108     -6.248     7.796E-11     1.943E-08  Exchange
  NaII                  -5.090     -3.133     8.122E-06     2.025E-03  Exchange
  NaPS                  -3.421     -2.064     3.795E-04     9.459E-02  Exchange
  KFES                  -6.776     -2.915     1.675E-07     4.175E-05  Exchange
  KII                   -2.058     -0.101     8.745E-03     2.180E+00  Exchange
  KPS                   -1.389     -0.032     4.086E-02     1.018E+01  Exchange
  CaPS2                 -4.480     -2.822     3.311E-05     8.254E-03  Exchange
  CsFES                 -3.861     -0.001     1.377E-04     3.433E-02  Exchange
  CsII                  -2.643     -0.686     2.274E-03     5.668E-01  Exchange
  CsPS                  -2.574     -1.217     2.668E-03     6.652E-01  Exchange
                           Log        Log                                 Activity
 Species              Molality   Activity      Molality      Activity   Coefficient    Type
  H+                    -7.488     -7.593     3.249E-08     2.555E-08     7.865E-01  Aqueous 
  Cs+                   -2.244     -2.508     5.700E-03     3.103E-03     5.443E-01  Aqueous 
  Na+                   -1.598     -1.755     2.522E-02     1.757E-02     6.964E-01  Aqueous 
  K+                    -0.648     -0.823     2.247E-01     1.502E-01     6.686E-01  Aqueous 
  Ca++                  -2.352     -2.875     4.445E-03     1.334E-03     3.001E-01  Aqueous 
  Cl-                   -0.581     -0.746     2.626E-01     1.794E-01     6.831E-01  Aqueous 
  OH-                   -6.240     -6.405     5.757E-07     3.932E-07     6.831E-01  Aqueous 
  CaOH+                 -7.932     -8.062     1.171E-08     8.666E-09     7.401E-01  Aqueous 
 
  ****** Partial pressure of gases (bars) *****
 
 
  ***** Saturation state of minerals (log[Q/K] *****
 
 
 
  ***** Volum of minerals added or subtracted *****
 
 
 **************************************************************
 ------> GRID LOCATION:    31:  1:  1
 
  Temperature (C)    =     25.000
  Porosity           =      0.250
  Liquid Saturation  =      1.000
  Liquid Density     =    997.075
  Ionic Strength     =      0.271
  Solution pH        =      7.589
  Total Charge       =  1.852E-03
 
 Total Aqueous Concentrations of Primary Species 
 --------------------------------------- 
 
   Species              Molality       Type 
 H+                  -5.5659E-07     Aqueous      
 Cs+                  4.7426E-03     Aqueous      
 Na+                  3.4930E-02     Aqueous      
 K+                   2.1242E-01     Aqueous      
 Ca++                 6.5505E-03     Aqueous      
 Cl-                  2.6334E-01     Aqueous      
 
 Exchangers           Equiv/kgw        Equiv/g solid    Equiv/m^3 bulk
 FES-                 1.3788E-04       1.8330E-08       3.4369E-02
 II-                  1.1027E-02       1.4660E-06       2.7488E+00
 PS-                  4.3974E-02       5.8460E-06       1.0961E+01
 
 Total Concentrations in Exchange Sites 
 -------------------------------------- 
 
 Exchangers           Equiv/kgw        Equiv/g solid    Equiv/m^3 bulk
 Cs+                  4.5358E-03       6.0300E-07       1.1306E+00
 Na+                  5.6958E-04       7.5722E-08       1.4198E-01
 K+                   4.9924E-02       6.6370E-06       1.2444E+01
 Ca++                 5.4846E-05       7.2914E-09       1.3671E-02
 
 Concentrations of Individual Species, Exchangers, and Surface Complexes 
 ----------------------------------------------------------------------- 
 
                           Log        Log                 Concentration     
 Species              Molality   Activity      Molality    Mol/m^3 blk  Type
  NaFES                 -9.886     -6.026     1.300E-10     3.241E-08  Exchange
  NaII                  -4.914     -2.956     1.220E-05     3.042E-03  Exchange
  NaPS                  -3.254     -1.897     5.574E-04     1.389E-01  Exchange
  KFES                  -6.720     -2.859     1.906E-07     4.752E-05  Exchange
  KII                   -2.047     -0.090     8.967E-03     2.235E+00  Exchange
  KPS                   -1.388     -0.031     4.096E-02     1.021E+01  Exchange
  CaPS2                 -4.261     -2.603     5.485E-05     1.367E-02  Exchange
  CsFES                 -3.861     -0.001     1.377E-04     3.432E-02  Exchange
  CsII                  -2.689     -0.731     2.048E-03     5.105E-01  Exchange
  CsPS                  -2.629     -1.272     2.350E-03     5.858E-01  Exchange
                           Log        Log                                 Activity
 Species              Molality   Activity      Molality      Activity   Coefficient    Type
  H+                    -7.485     -7.589     3.274E-08     2.573E-08     7.861E-01  Aqueous 
  Cs+                   -2.324     -2.590     4.743E-03     2.573E-03     5.426E-01  Aqueous 
  Na+                   -1.457     -1.614     3.493E-02     2.430E-02     6.956E-01  Aqueous 
  K+                    -0.673     -0.848     2.124E-01     1.418E-01     6.676E-01  Aqueous 
  Ca++                  -2.184     -2.708     6.550E-03     1.960E-03     2.992E-01  Aqueous 
  Cl-                   -0.579     -0.746     2.633E-01     1.797E-01     6.822E-01  Aqueous 
  OH-                   -6.242     -6.409     5.722E-07     3.904E-07     6.822E-01  Aqueous 
  CaOH+                 -7.767     -7.898     1.709E-08     1.264E-08     7.396E-01  Aqueous 
 
  ****** Partial pressure of gases (bars) *****
 
 
  ***** Saturation state of minerals (log[Q/K] *****
 
 
 
  ***** Volum of minerals added or subtracted *****
 
 
 **************************************************************
 ------> GRID LOCATION:    32:  1:  1
 
  Temperature (C)    =     25.000
  Porosity           =      0.250
  Liquid Saturation  =      1.000
  Liquid Density     =    997.075
  Ionic Strength     =      0.275
  Solution pH        =      7.585
  Total Charge       =  1.799E-03
 
 Total Aqueous Concentrations of Primary Species 
 --------------------------------------- 
 
   Species              Molality       Type 
 H+                  -5.5871E-07     Aqueous      
 Cs+                  3.9544E-03     Aqueous      
 Na+                  4.7512E-02     Aqueous      
 K+                   1.9558E-01     Aqueous      
 Ca++                 9.4920E-03     Aqueous      
 Cl-                  2.6423E-01     Aqueous      
 
 Exchangers           Equiv/kgw        Equiv/g solid    Equiv/m^3 bulk
 FES-                 1.3788E-04       1.8330E-08       3.4369E-02
 II-                  1.1027E-02       1.4660E-06       2.7488E+00
 PS-                  4.3974E-02       5.8460E-06       1.0961E+01
 
 Total Concentrations in Exchange Sites 
 -------------------------------------- 
 
 Exchangers           Equiv/kgw        Equiv/g solid    Equiv/m^3 bulk
 Cs+                  4.1380E-03       5.5012E-07       1.0315E+00
 Na+                  8.3990E-04       1.1166E-07       2.0936E-01
 K+                   4.9974E-02       6.6438E-06       1.2457E+01
 Ca++                 9.3215E-05       1.2392E-08       2.3236E-02
 
 Concentrations of Individual Species, Exchangers, and Surface Complexes 
 ----------------------------------------------------------------------- 
 
                           Log        Log                 Concentration     
 Species              Molality   Activity      Molality    Mol/m^3 blk  Type
  NaFES                 -9.672     -5.812     2.127E-10     5.301E-08  Exchange
  NaII                  -4.736     -2.779     1.835E-05     4.575E-03  Exchange
  NaPS                  -3.085     -1.729     8.215E-04     2.048E-01  Exchange
  KFES                  -6.676     -2.815     2.110E-07     5.259E-05  Exchange
  KII                   -2.040     -0.082     9.126E-03     2.275E+00  Exchange
  KPS                   -1.389     -0.032     4.085E-02     1.018E+01  Exchange
  CaPS2                 -4.031     -2.373     9.322E-05     2.324E-02  Exchange
  CsFES                 -3.861     -0.001     1.377E-04     3.432E-02  Exchange
  CsII                  -2.725     -0.768     1.883E-03     4.694E-01  Exchange
  CsPS                  -2.674     -1.317     2.117E-03     5.278E-01  Exchange
                           Log        Log                                 Activity
 Species              Molality   Activity      Molality      Activity   Coefficient    Type
  H+                    -7.480     -7.585     3.310E-08     2.600E-08     7.855E-01  Aqueous 
  Cs+                   -2.403     -2.670     3.954E-03     2.136E-03     5.402E-01  Aqueous 
  Na+                   -1.323     -1.482     4.751E-02     3.300E-02     6.945E-01  Aqueous 
  K+                    -0.709     -0.885     1.956E-01     1.303E-01     6.664E-01  Aqueous 
  Ca++                  -2.023     -2.549     9.492E-03     2.828E-03     2.979E-01  Aqueous 
  Cl-                   -0.578     -0.745     2.642E-01     1.800E-01     6.811E-01  Aqueous 
  OH-                   -6.246     -6.413     5.674E-07     3.864E-07     6.811E-01  Aqueous 
  CaOH+                 -7.612     -7.743     2.443E-08     1.805E-08     7.388E-01  Aqueous 
 
  ****** Partial pressure of gases (bars) *****
 
 
  ***** Saturation state of minerals (log[Q/K] *****
 
 
 
  ***** Volum of minerals added or subtracted *****
 
 
 **************************************************************
 ------> GRID LOCATION:    33:  1:  1
 
  Temperature (C)    =     25.000
  Porosity           =      0.250
  Liquid Saturation  =      1.000
  Liquid Density     =    997.075
  Ionic Strength     =      0.280
  Solution pH        =      7.579
  Total Charge       =  1.735E-03
 
 Total Aqueous Concentrations of Primary Species 
 --------------------------------------- 
 
   Species              Molality       Type 
 H+                  -5.6129E-07     Aqueous      
 Cs+                  3.2770E-03     Aqueous      
 Na+                  6.3399E-02     Aqueous      
 K+                   1.7333E-01     Aqueous      
 Ca++                 1.3522E-02     Aqueous      
 Cl-                  2.6531E-01     Aqueous      
 
 Exchangers           Equiv/kgw        Equiv/g solid    Equiv/m^3 bulk
 FES-                 1.3788E-04       1.8330E-08       3.4369E-02
 II-                  1.1027E-02       1.4660E-06       2.7488E+00
 PS-                  4.3974E-02       5.8460E-06       1.0961E+01
 
 Total Concentrations in Exchange Sites 
 -------------------------------------- 
 
 Exchangers           Equiv/kgw        Equiv/g solid    Equiv/m^3 bulk
 Cs+                  3.8666E-03       5.1404E-07       9.6383E-01
 Na+                  1.2538E-03       1.6669E-07       3.1254E-01
 K+                   4.9687E-02       6.6055E-06       1.2385E+01
 Ca++                 1.6580E-04       2.2042E-08       4.1329E-02
 
 Concentrations of Individual Species, Exchangers, and Surface Complexes 
 ----------------------------------------------------------------------- 
 
                           Log        Log                 Concentration     
 Species              Molality   Activity      Molality    Mol/m^3 blk  Type
  NaFES                 -9.464     -5.603     3.437E-10     8.567E-08  Exchange
  NaII                  -4.554     -2.596     2.795E-05     6.967E-03  Exchange
  NaPS                  -2.912     -1.555     1.226E-03     3.056E-01  Exchange
  KFES                  -6.645     -2.785     2.263E-07     5.642E-05  Exchange
  KII                   -2.035     -0.077     9.225E-03     2.300E+00  Exchange
  KPS                   -1.393     -0.036     4.046E-02     1.009E+01  Exchange
  CaPS2                 -3.780     -2.123     1.658E-04     4.133E-02  Exchange
  CsFES                 -3.861     -0.001     1.377E-04     3.431E-02  Exchange
  CsII                  -2.751     -0.793     1.774E-03     4.423E-01  Exchange
  CsPS                  -2.709     -1.352     1.955E-03     4.873E-01  Exchange
                           Log        Log                                 Activity
 Species              Molality   Activity      Molality      Activity   Coefficient    Type
  H+                    -7.474     -7.579     3.359E-08     2.637E-08     7.849E-01  Aqueous 
  Cs+                   -2.485     -2.754     3.277E-03     1.760E-03     5.371E-01  Aqueous 
  Na+                   -1.198     -1.357     6.340E-02     4.394E-02     6.932E-01  Aqueous 
  K+                    -0.761     -0.938     1.733E-01     1.152E-01     6.647E-01  Aqueous 
  Ca++                  -1.869     -2.397     1.352E-02     4.006E-03     2.963E-01  Aqueous 
  Cl-                   -0.576     -0.744     2.653E-01     1.803E-01     6.796E-01  Aqueous 
  OH-                   -6.251     -6.419     5.607E-07     3.810E-07     6.796E-01  Aqueous 
  CaOH+                 -7.466     -7.598     3.418E-08     2.522E-08     7.378E-01  Aqueous 
 
  ****** Partial pressure of gases (bars) *****
 
 
  ***** Saturation state of minerals (log[Q/K] *****
 
 
 
  ***** Volum of minerals added or subtracted *****
 
 
 **************************************************************
 ------> GRID LOCATION:    34:  1:  1
 
  Temperature (C)    =     25.000
  Porosity           =      0.250
  Liquid Saturation  =      1.000
  Liquid Density     =    997.075
  Ionic Strength     =      0.287
  Solution pH        =      7.571
  Total Charge       =  1.660E-03
 
 Total Aqueous Concentrations of Primary Species 
 --------------------------------------- 
 
   Species              Molality       Type 
 H+                  -5.6433E-07     Aqueous      
 Cs+                  2.6446E-03     Aqueous      
 Na+                  8.2878E-02     Aqueous      
 K+                   1.4491E-01     Aqueous      
 Ca++                 1.8906E-02     Aqueous      
 Cl-                  2.6658E-01     Aqueous      
 
 Exchangers           Equiv/kgw        Equiv/g solid    Equiv/m^3 bulk
 FES-                 1.3788E-04       1.8330E-08       3.4369E-02
 II-                  1.1027E-02       1.4660E-06       2.7488E+00
 PS-                  4.3974E-02       5.8460E-06       1.0961E+01
 
 Total Concentrations in Exchange Sites 
 -------------------------------------- 
 
 Exchangers           Equiv/kgw        Equiv/g solid    Equiv/m^3 bulk
 Cs+                  3.6913E-03       4.9073E-07       9.2011E-01
 Na+                  1.9220E-03       2.5552E-07       4.7910E-01
 K+                   4.8890E-02       6.4996E-06       1.2187E+01
 Ca++                 3.1779E-04       4.2248E-08       7.9214E-02
 
 Concentrations of Individual Species, Exchangers, and Surface Complexes 
 ----------------------------------------------------------------------- 
 
                           Log        Log                 Concentration     
 Species              Molality   Activity      Molality    Mol/m^3 blk  Type
  NaFES                 -9.252     -5.392     5.593E-10     1.394E-07  Exchange
  NaII                  -4.357     -2.400     4.394E-05     1.095E-02  Exchange
  NaPS                  -2.726     -1.369     1.878E-03     4.681E-01  Exchange
  KFES                  -6.628     -2.768     2.354E-07     5.869E-05  Exchange
  KII                   -2.033     -0.075     9.270E-03     2.311E+00  Exchange
  KPS                   -1.402     -0.045     3.962E-02     9.876E+00  Exchange
  CaPS2                 -3.498     -1.840     3.178E-04     7.921E-02  Exchange
  CsFES                 -3.861     -0.001     1.376E-04     3.431E-02  Exchange
  CsII                  -2.766     -0.809     1.714E-03     4.272E-01  Exchange
  CsPS                  -2.735     -1.378     1.840E-03     4.586E-01  Exchange
                           Log        Log                                 Activity
 Species              Molality   Activity      Molality      Activity   Coefficient    Type
  H+                    -7.465     -7.571     3.426E-08     2.686E-08     7.840E-01  Aqueous 
  Cs+                   -2.578     -2.851     2.645E-03     1.410E-03     5.332E-01  Aqueous 
  Na+                   -1.082     -1.242     8.288E-02     5.730E-02     6.914E-01  Aqueous 
  K+                    -0.839     -1.018     1.449E-01     9.602E-02     6.626E-01  Aqueous 
  Ca++                  -1.723     -2.255     1.891E-02     5.562E-03     2.942E-01  Aqueous 
  Cl-                   -0.574     -0.743     2.666E-01     1.806E-01     6.776E-01  Aqueous 
  OH-                   -6.258     -6.427     5.519E-07     3.740E-07     6.776E-01  Aqueous 
  CaOH+                 -7.331     -7.464     4.666E-08     3.436E-08     7.365E-01  Aqueous 
 
  ****** Partial pressure of gases (bars) *****
 
 
  ***** Saturation state of minerals (log[Q/K] *****
 
 
 
  ***** Volum of minerals added or subtracted *****
 
 
 **************************************************************
 ------> GRID LOCATION:    35:  1:  1
 
  Temperature (C)    =     25.000
  Porosity           =      0.250
  Liquid Saturation  =      1.000
  Liquid Density     =    997.075
  Ionic Strength     =      0.295
  Solution pH        =      7.561
  Total Charge       =  1.573E-03
 
 Total Aqueous Concentrations of Primary Species 
 --------------------------------------- 
 
   Species              Molality       Type 
 H+                  -5.6782E-07     Aqueous      
 Cs+                  2.0030E-03     Aqueous      
 Na+                  1.0583E-01     Aqueous      
 K+                   1.1021E-01     Aqueous      
 Ca++                 2.5789E-02     Aqueous      
 Cl-                  2.6805E-01     Aqueous      
 
 Exchangers           Equiv/kgw        Equiv/g solid    Equiv/m^3 bulk
 FES-                 1.3788E-04       1.8330E-08       3.4369E-02
 II-                  1.1027E-02       1.4660E-06       2.7488E+00
 PS-                  4.3974E-02       5.8460E-06       1.0961E+01
 
 Total Concentrations in Exchange Sites 
 -------------------------------------- 
 
 Exchangers           Equiv/kgw        Equiv/g solid    Equiv/m^3 bulk
 Cs+                  3.5746E-03       4.7522E-07       8.9104E-01
 Na+                  3.0887E-03       4.1063E-07       7.6993E-01
 K+                   4.7108E-02       6.2628E-06       1.1743E+01
 Ca++                 6.8348E-04       9.0864E-08       1.7037E-01
 
 Concentrations of Individual Species, Exchangers, and Surface Complexes 
 ----------------------------------------------------------------------- 
 
                           Log        Log                 Concentration     
 Species              Molality   Activity      Molality    Mol/m^3 blk  Type
  NaFES                 -9.023     -5.162     9.487E-10     2.365E-07  Exchange
  NaII                  -4.132     -2.175     7.374E-05     1.838E-02  Exchange
  NaPS                  -2.521     -1.164     3.015E-03     7.515E-01  Exchange
  KFES                  -6.624     -2.764     2.376E-07     5.924E-05  Exchange
  KII                   -2.033     -0.076     9.258E-03     2.308E+00  Exchange
  KPS                   -1.422     -0.065     3.785E-02     9.435E+00  Exchange
  CaPS2                 -3.165     -1.507     6.835E-04     1.704E-01  Exchange
  CsFES                 -3.861     -0.001     1.376E-04     3.431E-02  Exchange
  CsII                  -2.771     -0.813     1.696E-03     4.227E-01  Exchange
  CsPS                  -2.759     -1.402     1.741E-03     4.341E-01  Exchange
                           Log        Log                                 Activity
 Species              Molality   Activity      Molality      Activity   Coefficient    Type
  H+                    -7.455     -7.561     3.511E-08     2.749E-08     7.829E-01  Aqueous 
  Cs+                   -2.698     -2.975     2.003E-03     1.058E-03     5.283E-01  Aqueous 
  Na+                   -0.975     -1.137     1.058E-01     7.294E-02     6.892E-01  Aqueous 
  K+                    -0.958     -1.138     1.102E-01     7.274E-02     6.600E-01  Aqueous 
  Ca++                  -1.589     -2.124     2.579E-02     7.522E-03     2.917E-01  Aqueous 
  Cl-                   -0.572     -0.742     2.680E-01     1.810E-01     6.753E-01  Aqueous 
  OH-                   -6.267     -6.437     5.411E-07     3.654E-07     6.753E-01  Aqueous 
  CaOH+                 -7.209     -7.343     6.179E-08     4.541E-08     7.349E-01  Aqueous 
 
  ****** Partial pressure of gases (bars) *****
 
 
  ***** Saturation state of minerals (log[Q/K] *****
 
 
 
  ***** Volum of minerals added or subtracted *****
 
 
 **************************************************************
 ------> GRID LOCATION:    36:  1:  1
 
  Temperature (C)    =     25.000
  Porosity           =      0.250
  Liquid Saturation  =      1.000
  Liquid Density     =    997.075
  Ionic Strength     =      0.305
  Solution pH        =      7.550
  Total Charge       =  1.476E-03
 
 Total Aqueous Concentrations of Primary Species 
 --------------------------------------- 
 
   Species              Molality       Type 
 H+                  -5.7173E-07     Aqueous      
 Cs+                  1.3432E-03     Aqueous      
 Na+                  1.3113E-01     Aqueous      
 K+                   7.1338E-02     Aqueous      
 Ca++                 3.3672E-02     Aqueous      
 Cl-                  2.6968E-01     Aqueous      
 
 Exchangers           Equiv/kgw        Equiv/g solid    Equiv/m^3 bulk
 FES-                 1.3788E-04       1.8330E-08       3.4369E-02
 II-                  1.1027E-02       1.4660E-06       2.7488E+00
 PS-                  4.3974E-02       5.8460E-06       1.0961E+01
 
 Total Concentrations in Exchange Sites 
 -------------------------------------- 
 
 Exchangers           Equiv/kgw        Equiv/g solid    Equiv/m^3 bulk
 Cs+                  3.4676E-03       4.6100E-07       8.6437E-01
 Na+                  5.2999E-03       7.0459E-07       1.3211E+00
 K+                   4.2974E-02       5.7132E-06       1.0712E+01
 Ca++                 1.6984E-03       2.2579E-07       4.2336E-01
 
 Concentrations of Individual Species, Exchangers, and Surface Complexes 
 ----------------------------------------------------------------------- 
 
                           Log        Log                 Concentration     
 Species              Molality   Activity      Molality    Mol/m^3 blk  Type
  NaFES                 -8.753     -4.893     1.765E-09     4.399E-07  Exchange
  NaII                  -3.855     -1.897     1.398E-04     3.484E-02  Exchange
  NaPS                  -2.287     -0.931     5.160E-03     1.286E+00  Exchange
  KFES                  -6.637     -2.776     2.308E-07     5.752E-05  Exchange
  KII                   -2.038     -0.081     9.160E-03     2.283E+00  Exchange
  KPS                   -1.471     -0.114     3.381E-02     8.429E+00  Exchange
  CaPS2                 -2.770     -1.112     1.698E-03     4.234E-01  Exchange
  CsFES                 -3.861     -0.001     1.376E-04     3.431E-02  Exchange
  CsII                  -2.763     -0.805     1.728E-03     4.307E-01  Exchange
  CsPS                  -2.795     -1.438     1.602E-03     3.994E-01  Exchange
                           Log        Log                                 Activity
 Species              Molality   Activity      Molality      Activity   Coefficient    Type
  H+                    -7.443     -7.550     3.607E-08     2.819E-08     7.818E-01  Aqueous 
  Cs+                   -2.872     -3.153     1.343E-03     7.025E-04     5.230E-01  Aqueous 
  Na+                   -0.882     -1.045     1.311E-01     9.007E-02     6.869E-01  Aqueous 
  K+                    -1.147     -1.329     7.134E-02     4.688E-02     6.572E-01  Aqueous 
  Ca++                  -1.473     -2.012     3.367E-02     9.730E-03     2.890E-01  Aqueous 
  Cl-                   -0.569     -0.741     2.697E-01     1.814E-01     6.727E-01  Aqueous 
  OH-                   -6.276     -6.448     5.297E-07     3.563E-07     6.727E-01  Aqueous 
  CaOH+                 -7.107     -7.242     7.811E-08     5.727E-08     7.332E-01  Aqueous 
 
  ****** Partial pressure of gases (bars) *****
 
 
  ***** Saturation state of minerals (log[Q/K] *****
 
 
 
  ***** Volum of minerals added or subtracted *****
 
 
 **************************************************************
 ------> GRID LOCATION:    37:  1:  1
 
  Temperature (C)    =     25.000
  Porosity           =      0.250
  Liquid Saturation  =      1.000
  Liquid Density     =    997.075
  Ionic Strength     =      0.313
  Solution pH        =      7.542
  Total Charge       =  1.370E-03
 
 Total Aqueous Concentrations of Primary Species 
 --------------------------------------- 
 
   Species              Molality       Type 
 H+                  -5.7599E-07     Aqueous      
 Cs+                  7.5567E-04     Aqueous      
 Na+                  1.5581E-01     Aqueous      
 K+                   3.5936E-02     Aqueous      
 Ca++                 4.0166E-02     Aqueous      
 Cl-                  2.7147E-01     Aqueous      
 
 Exchangers           Equiv/kgw        Equiv/g solid    Equiv/m^3 bulk
 FES-                 1.3788E-04       1.8330E-08       3.4369E-02
 II-                  1.1027E-02       1.4660E-06       2.7488E+00
 PS-                  4.3974E-02       5.8460E-06       1.0961E+01
 
 Total Concentrations in Exchange Sites 
 -------------------------------------- 
 
 Exchangers           Equiv/kgw        Equiv/g solid    Equiv/m^3 bulk
 Cs+                  3.3079E-03       4.3977E-07       8.2456E-01
 Na+                  9.3120E-03       1.2380E-06       2.3212E+00
 K+                   3.3820E-02       4.4961E-06       8.4302E+00
 Ca++                 4.3496E-03       5.7825E-07       1.0842E+00
 
 Concentrations of Individual Species, Exchangers, and Surface Complexes 
 ----------------------------------------------------------------------- 
 
                           Log        Log                 Concentration     
 Species              Molality   Activity      Molality    Mol/m^3 blk  Type
  NaFES                 -8.426     -4.566     3.749E-09     9.346E-07  Exchange
  NaII                  -3.496     -1.539     3.189E-04     7.949E-02  Exchange
  NaPS                  -2.046     -0.689     8.993E-03     2.242E+00  Exchange
  KFES                  -6.683     -2.822     2.077E-07     5.177E-05  Exchange
  KII                   -2.053     -0.095     8.853E-03     2.207E+00  Exchange
  KPS                   -1.603     -0.246     2.497E-02     6.223E+00  Exchange
  CaPS2                 -2.362     -0.704     4.350E-03     1.084E+00  Exchange
  CsFES                 -3.861     -0.001     1.377E-04     3.432E-02  Exchange
  CsII                  -2.731     -0.774     1.856E-03     4.626E-01  Exchange
  CsPS                  -2.881     -1.524     1.315E-03     3.277E-01  Exchange
                           Log        Log                                 Activity
 Species              Molality   Activity      Molality      Activity   Coefficient    Type
  H+                    -7.434     -7.542     3.677E-08     2.871E-08     7.808E-01  Aqueous 
  Cs+                   -3.122     -3.407     7.557E-04     3.918E-04     5.185E-01  Aqueous 
  Na+                   -0.807     -0.972     1.558E-01     1.067E-01     6.849E-01  Aqueous 
  K+                    -1.444     -1.628     3.594E-02     2.353E-02     6.549E-01  Aqueous 
  Ca++                  -1.396     -1.939     4.017E-02     1.152E-02     2.867E-01  Aqueous 
  Cl-                   -0.566     -0.740     2.715E-01     1.820E-01     6.706E-01  Aqueous 
  OH-                   -6.282     -6.456     5.218E-07     3.499E-07     6.706E-01  Aqueous 
  CaOH+                 -7.041     -7.177     9.097E-08     6.657E-08     7.318E-01  Aqueous 
 
  ****** Partial pressure of gases (bars) *****
 
 
  ***** Saturation state of minerals (log[Q/K] *****
 
 
 
  ***** Volum of minerals added or subtracted *****
 
 
 **************************************************************
 ------> GRID LOCATION:    38:  1:  1
 
  Temperature (C)    =     25.000
  Porosity           =      0.250
  Liquid Saturation  =      1.000
  Liquid Density     =    997.075
  Ionic Strength     =      0.316
  Solution pH        =      7.542
  Total Charge       =  1.257E-03
 
 Total Aqueous Concentrations of Primary Species 
 --------------------------------------- 
 
   Species              Molality       Type 
 H+                  -5.8053E-07     Aqueous      
 Cs+                  3.6397E-04     Aqueous      
 Na+                  1.7649E-01     Aqueous      
 K+                   1.3751E-02     Aqueous      
 Ca++                 4.2009E-02     Aqueous      
 Cl-                  2.7337E-01     Aqueous      
 
 Exchangers           Equiv/kgw        Equiv/g solid    Equiv/m^3 bulk
 FES-                 1.3788E-04       1.8330E-08       3.4369E-02
 II-                  1.1027E-02       1.4660E-06       2.7488E+00
 PS-                  4.3974E-02       5.8460E-06       1.0961E+01
 
 Total Concentrations in Exchange Sites 
 -------------------------------------- 
 
 Exchangers           Equiv/kgw        Equiv/g solid    Equiv/m^3 bulk
 Cs+                  3.1085E-03       4.1325E-07       7.7485E-01
 Na+                  1.4590E-02       1.9396E-06       3.6367E+00
 K+                   2.0923E-02       2.7816E-06       5.2156E+00
 Ca++                 8.2586E-03       1.0979E-06       2.0586E+00
 
 Concentrations of Individual Species, Exchangers, and Surface Complexes 
 ----------------------------------------------------------------------- 
 
                           Log        Log                 Concentration     
 Species              Molality   Activity      Molality    Mol/m^3 blk  Type
  NaFES                 -8.053     -4.193     8.841E-09     2.204E-06  Exchange
  NaII                  -3.066     -1.109     8.585E-04     2.140E-01  Exchange
  NaPS                  -1.862     -0.505     1.373E-02     3.423E+00  Exchange
  KFES                  -6.781     -2.921     1.654E-07     4.123E-05  Exchange
  KII                   -2.094     -0.137     8.049E-03     2.006E+00  Exchange
  KPS                   -1.890     -0.533     1.287E-02     3.209E+00  Exchange
  CaPS2                 -2.083     -0.425     8.259E-03     2.059E+00  Exchange
  CsFES                 -3.861     -0.001     1.377E-04     3.433E-02  Exchange
  CsII                  -2.674     -0.716     2.119E-03     5.283E-01  Exchange
  CsPS                  -3.070     -1.713     8.514E-04     2.122E-01  Exchange
                           Log        Log                                 Activity
 Species              Molality   Activity      Molality      Activity   Coefficient    Type
  H+                    -7.434     -7.542     3.680E-08     2.872E-08     7.804E-01  Aqueous 
  Cs+                   -3.439     -3.726     3.640E-04     1.881E-04     5.167E-01  Aqueous 
  Na+                   -0.753     -0.918     1.765E-01     1.207E-01     6.841E-01  Aqueous 
  K+                    -1.862     -2.046     1.375E-02     8.992E-03     6.539E-01  Aqueous 
  Ca++                  -1.377     -1.921     4.201E-02     1.201E-02     2.858E-01  Aqueous 
  Cl-                   -0.563     -0.737     2.734E-01     1.831E-01     6.697E-01  Aqueous 
  OH-                   -6.282     -6.456     5.224E-07     3.499E-07     6.697E-01  Aqueous 
  CaOH+                 -7.023     -7.159     9.490E-08     6.939E-08     7.312E-01  Aqueous 
 
  ****** Partial pressure of gases (bars) *****
 
 
  ***** Saturation state of minerals (log[Q/K] *****
 
 
 
  ***** Volum of minerals added or subtracted *****
 
 
 **************************************************************
 ------> GRID LOCATION:    39:  1:  1
 
  Temperature (C)    =     25.000
  Porosity           =      0.250
  Liquid Saturation  =      1.000
  Liquid Density     =    997.075
  Ionic Strength     =      0.316
  Solution pH        =      7.548
  Total Charge       =  1.140E-03
 
 Total Aqueous Concentrations of Primary Species 
 --------------------------------------- 
 
   Species              Molality       Type 
 H+                  -5.8525E-07     Aqueous      
 Cs+                  1.6823E-04     Aqueous      
 Na+                  1.9185E-01     Aqueous      
 K+                   4.5624E-03     Aqueous      
 Ca++                 3.9954E-02     Aqueous      
 Cl-                  2.7534E-01     Aqueous      
 
 Exchangers           Equiv/kgw        Equiv/g solid    Equiv/m^3 bulk
 FES-                 1.3788E-04       1.8330E-08       3.4369E-02
 II-                  1.1027E-02       1.4660E-06       2.7488E+00
 PS-                  4.3974E-02       5.8460E-06       1.0961E+01
 
 Total Concentrations in Exchange Sites 
 -------------------------------------- 
 
 Exchangers           Equiv/kgw        Equiv/g solid    Equiv/m^3 bulk
 Cs+                  2.9521E-03       3.9246E-07       7.3585E-01
 Na+                  1.9588E-02       2.6041E-06       4.8827E+00
 K+                   1.1389E-02       1.5140E-06       2.8388E+00
 Ca++                 1.0605E-02       1.4099E-06       2.6435E+00
 
 Concentrations of Individual Species, Exchangers, and Surface Complexes 
 ----------------------------------------------------------------------- 
 
                           Log        Log                 Concentration     
 Species              Molality   Activity      Molality    Mol/m^3 blk  Type
  NaFES                 -7.682     -3.822     2.079E-08     5.183E-06  Exchange
  NaII                  -2.649     -0.691     2.245E-03     5.596E-01  Exchange
  NaPS                  -1.761     -0.404     1.734E-02     4.323E+00  Exchange
  KFES                  -6.925     -3.065     1.187E-07     2.960E-05  Exchange
  KII                   -2.192     -0.235     6.425E-03     1.602E+00  Exchange
  KPS                   -2.304     -0.947     4.963E-03     1.237E+00  Exchange
  CaPS2                 -1.974     -0.317     1.061E-02     2.644E+00  Exchange
  CsFES                 -3.861      0.000     1.377E-04     3.433E-02  Exchange
  CsII                  -2.628     -0.670     2.357E-03     5.875E-01  Exchange
  CsPS                  -3.340     -1.983     4.573E-04     1.140E-01  Exchange
                           Log        Log                                 Activity
 Species              Molality   Activity      Molality      Activity   Coefficient    Type
  H+                    -7.440     -7.548     3.627E-08     2.831E-08     7.804E-01  Aqueous 
  Cs+                   -3.774     -4.061     1.682E-04     8.694E-05     5.168E-01  Aqueous 
  Na+                   -0.717     -0.882     1.918E-01     1.312E-01     6.841E-01  Aqueous 
  K+                    -2.341     -2.525     4.562E-03     2.984E-03     6.540E-01  Aqueous 
  Ca++                  -1.398     -1.942     3.995E-02     1.142E-02     2.858E-01  Aqueous 
  Cl-                   -0.560     -0.734     2.753E-01     1.844E-01     6.697E-01  Aqueous 
  OH-                   -6.276     -6.450     5.299E-07     3.549E-07     6.697E-01  Aqueous 
  CaOH+                 -7.038     -7.174     9.158E-08     6.696E-08     7.312E-01  Aqueous 
 
  ****** Partial pressure of gases (bars) *****
 
 
  ***** Saturation state of minerals (log[Q/K] *****
 
 
 
  ***** Volum of minerals added or subtracted *****
 
 
 **************************************************************
 ------> GRID LOCATION:    40:  1:  1
 
  Temperature (C)    =     25.000
  Porosity           =      0.250
  Liquid Saturation  =      1.000
  Liquid Density     =    997.075
  Ionic Strength     =      0.315
  Solution pH        =      7.556
  Total Charge       =  1.021E-03
 
 Total Aqueous Concentrations of Primary Species 
 --------------------------------------- 
 
   Species              Molality       Type 
 H+                  -5.9005E-07     Aqueous      
 Cs+                  1.0640E-04     Aqueous      
 Na+                  2.0248E-01     Aqueous      
 K+                   2.0895E-03     Aqueous      
 Ca++                 3.6850E-02     Aqueous      
 Cl-                  2.7735E-01     Aqueous      
 
 Exchangers           Equiv/kgw        Equiv/g solid    Equiv/m^3 bulk
 FES-                 1.3788E-04       1.8330E-08       3.4369E-02
 II-                  1.1027E-02       1.4660E-06       2.7488E+00
 PS-                  4.3974E-02       5.8460E-06       1.0961E+01
 
 Total Concentrations in Exchange Sites 
 -------------------------------------- 
 
 Exchangers           Equiv/kgw        Equiv/g solid    Equiv/m^3 bulk
 Cs+                  2.8619E-03       3.8047E-07       7.1338E-01
 Na+                  2.3203E-02       3.0847E-06       5.7839E+00
 K+                   7.1742E-03       9.5376E-07       1.7883E+00
 Ca++                 1.0950E-02       1.4557E-06       2.7294E+00
 
 Concentrations of Individual Species, Exchangers, and Surface Complexes 
 ----------------------------------------------------------------------- 
 
                           Log        Log                 Concentration     
 Species              Molality   Activity      Molality    Mol/m^3 blk  Type
  NaFES                 -7.460     -3.599     3.468E-08     8.644E-06  Exchange
  NaII                  -2.416     -0.458     3.840E-03     9.572E-01  Exchange
  NaPS                  -1.713     -0.356     1.936E-02     4.827E+00  Exchange
  KFES                  -7.066     -3.205     8.593E-08     2.142E-05  Exchange
  KII                   -2.322     -0.364     4.769E-03     1.189E+00  Exchange
  KPS                   -2.619     -1.262     2.405E-03     5.995E-01  Exchange
  CaPS2                 -1.961     -0.303     1.095E-02     2.729E+00  Exchange
  CsFES                 -3.861      0.000     1.378E-04     3.434E-02  Exchange
  CsII                  -2.617     -0.659     2.418E-03     6.027E-01  Exchange
  CsPS                  -3.514     -2.157     3.062E-04     7.634E-02  Exchange
                           Log        Log                                 Activity
 Species              Molality   Activity      Molality      Activity   Coefficient    Type
  H+                    -7.449     -7.556     3.560E-08     2.779E-08     7.806E-01  Aqueous 
  Cs+                   -3.973     -4.259     1.064E-04     5.505E-05     5.174E-01  Aqueous 
  Na+                   -0.694     -0.858     2.025E-01     1.386E-01     6.844E-01  Aqueous 
  K+                    -2.680     -2.864     2.089E-03     1.367E-03     6.543E-01  Aqueous 
  Ca++                  -1.434     -1.977     3.685E-02     1.055E-02     2.862E-01  Aqueous 
  Cl-                   -0.557     -0.731     2.774E-01     1.858E-01     6.700E-01  Aqueous 
  OH-                   -6.268     -6.442     5.395E-07     3.615E-07     6.700E-01  Aqueous 
  CaOH+                 -7.065     -7.201     8.610E-08     6.297E-08     7.314E-01  Aqueous 
 
  ****** Partial pressure of gases (bars) *****
 
 
  ***** Saturation state of minerals (log[Q/K] *****
 
 
 
  ***** Volum of minerals added or subtracted *****
 
 
 **************************************************************
 ------> GRID LOCATION:    41:  1:  1
 
  Temperature (C)    =     25.000
  Porosity           =      0.250
  Liquid Saturation  =      1.000
  Liquid Density     =    997.075
  Ionic Strength     =      0.314
  Solution pH        =      7.564
  Total Charge       =  9.027E-04
 
 Total Aqueous Concentrations of Primary Species 
 --------------------------------------- 
 
   Species              Molality       Type 
 H+                  -5.9482E-07     Aqueous      
 Cs+                  9.4920E-05     Aqueous      
 Na+                  2.1047E-01     Aqueous      
 K+                   1.6220E-03     Aqueous      
 Ca++                 3.4033E-02     Aqueous      
 Cl-                  2.7935E-01     Aqueous      
 
 Exchangers           Equiv/kgw        Equiv/g solid    Equiv/m^3 bulk
 FES-                 1.3788E-04       1.8330E-08       3.4369E-02
 II-                  1.1027E-02       1.4660E-06       2.7488E+00
 PS-                  4.3974E-02       5.8460E-06       1.0961E+01
 
 Total Concentrations in Exchange Sites 
 -------------------------------------- 
 
 Exchangers           Equiv/kgw        Equiv/g solid    Equiv/m^3 bulk
 Cs+                  2.8331E-03       3.7664E-07       7.0620E-01
 Na+                  2.5065E-02       3.3323E-06       6.2480E+00
 K+                   6.0548E-03       8.0494E-07       1.5093E+00
 Ca++                 1.0593E-02       1.4082E-06       2.6405E+00
 
 Concentrations of Individual Species, Exchangers, and Surface Complexes 
 ----------------------------------------------------------------------- 
 
                           Log        Log                 Concentration     
 Species              Molality   Activity      Molality    Mol/m^3 blk  Type
  NaFES                 -7.394     -3.533     4.038E-08     1.007E-05  Exchange
  NaII                  -2.350     -0.392     4.468E-03     1.114E+00  Exchange
  NaPS                  -1.686     -0.329     2.060E-02     5.134E+00  Exchange
  KFES                  -7.126     -3.266     7.474E-08     1.863E-05  Exchange
  KII                   -2.383     -0.425     4.144E-03     1.033E+00  Exchange
  KPS                   -2.719     -1.362     1.911E-03     4.763E-01  Exchange
  CaPS2                 -1.975     -0.317     1.059E-02     2.640E+00  Exchange
  CsFES                 -3.861      0.000     1.378E-04     3.434E-02  Exchange
  CsII                  -2.617     -0.659     2.416E-03     6.021E-01  Exchange
  CsPS                  -3.553     -2.196     2.798E-04     6.973E-02  Exchange
                           Log        Log                                 Activity
 Species              Molality   Activity      Molality      Activity   Coefficient    Type
  H+                    -7.456     -7.564     3.498E-08     2.731E-08     7.807E-01  Aqueous 
  Cs+                   -4.023     -4.308     9.492E-05     4.916E-05     5.179E-01  Aqueous 
  Na+                   -0.677     -0.841     2.105E-01     1.441E-01     6.846E-01  Aqueous 
  K+                    -2.790     -2.974     1.622E-03     1.062E-03     6.545E-01  Aqueous 
  Ca++                  -1.468     -2.011     3.403E-02     9.747E-03     2.864E-01  Aqueous 
  Cl-                   -0.554     -0.728     2.793E-01     1.872E-01     6.702E-01  Aqueous 
  OH-                   -6.261     -6.434     5.488E-07     3.679E-07     6.702E-01  Aqueous 
  CaOH+                 -7.092     -7.227     8.096E-08     5.923E-08     7.315E-01  Aqueous 
 
  ****** Partial pressure of gases (bars) *****
 
 
  ***** Saturation state of minerals (log[Q/K] *****
 
 
 
  ***** Volum of minerals added or subtracted *****
 
 
 **************************************************************
 ------> GRID LOCATION:    42:  1:  1
 
  Temperature (C)    =     25.000
  Porosity           =      0.250
  Liquid Saturation  =      1.000
  Liquid Density     =    997.075
  Ionic Strength     =      0.313
  Solution pH        =      7.570
  Total Charge       =  7.875E-04
 
 Total Aqueous Concentrations of Primary Species 
 --------------------------------------- 
 
   Species              Molality       Type 
 H+                  -5.9945E-07     Aqueous      
 Cs+                  9.4084E-05     Aqueous      
 Na+                  2.1691E-01     Aqueous      
 K+                   1.5522E-03     Aqueous      
 Ca++                 3.1758E-02     Aqueous      
 Cl-                  2.8129E-01     Aqueous      
 
 Exchangers           Equiv/kgw        Equiv/g solid    Equiv/m^3 bulk
 FES-                 1.3788E-04       1.8330E-08       3.4369E-02
 II-                  1.1027E-02       1.4660E-06       2.7488E+00
 PS-                  4.3974E-02       5.8460E-06       1.0961E+01
 
 Total Concentrations in Exchange Sites 
 -------------------------------------- 
 
 Exchangers           Equiv/kgw        Equiv/g solid    Equiv/m^3 bulk
 Cs+                  2.8274E-03       3.7589E-07       7.0479E-01
 Na+                  2.6151E-02       3.4766E-06       6.5185E+00
 K+                   5.8420E-03       7.7666E-07       1.4562E+00
 Ca++                 1.0159E-02       1.3506E-06       2.5324E+00
 
 Concentrations of Individual Species, Exchangers, and Surface Complexes 
 ----------------------------------------------------------------------- 
 
                           Log        Log                 Concentration     
 Species              Molality   Activity      Molality    Mol/m^3 blk  Type
  NaFES                 -7.377     -3.516     4.198E-08     1.046E-05  Exchange
  NaII                  -2.334     -0.377     4.630E-03     1.154E+00  Exchange
  NaPS                  -1.667     -0.310     2.152E-02     5.364E+00  Exchange
  KFES                  -7.142     -3.281     7.214E-08     1.798E-05  Exchange
  KII                   -2.399     -0.442     3.988E-03     9.942E-01  Exchange
  KPS                   -2.732     -1.375     1.854E-03     4.620E-01  Exchange
  CaPS2                 -1.993     -0.335     1.016E-02     2.532E+00  Exchange
  CsFES                 -3.861      0.000     1.378E-04     3.434E-02  Exchange
  CsII                  -2.618     -0.661     2.408E-03     6.004E-01  Exchange
  CsPS                  -3.551     -2.194     2.812E-04     7.009E-02  Exchange
                           Log        Log                                 Activity
 Species              Molality   Activity      Molality      Activity   Coefficient    Type
  H+                    -7.463     -7.570     3.445E-08     2.690E-08     7.807E-01  Aqueous 
  Cs+                   -4.026     -4.312     9.408E-05     4.874E-05     5.181E-01  Aqueous 
  Na+                   -0.664     -0.828     2.169E-01     1.485E-01     6.847E-01  Aqueous 
  K+                    -2.809     -2.993     1.552E-03     1.016E-03     6.546E-01  Aqueous 
  Ca++                  -1.498     -2.041     3.176E-02     9.098E-03     2.865E-01  Aqueous 
  Cl-                   -0.551     -0.725     2.813E-01     1.886E-01     6.703E-01  Aqueous 
  OH-                   -6.254     -6.428     5.572E-07     3.735E-07     6.703E-01  Aqueous 
  CaOH+                 -7.115     -7.251     7.673E-08     5.614E-08     7.316E-01  Aqueous 
 
  ****** Partial pressure of gases (bars) *****
 
 
  ***** Saturation state of minerals (log[Q/K] *****
 
 
 
  ***** Volum of minerals added or subtracted *****
 
 
 **************************************************************
 ------> GRID LOCATION:    43:  1:  1
 
  Temperature (C)    =     25.000
  Porosity           =      0.250
  Liquid Saturation  =      1.000
  Liquid Density     =    997.075
  Ionic Strength     =      0.314
  Solution pH        =      7.576
  Total Charge       =  6.779E-04
 
 Total Aqueous Concentrations of Primary Species 
 --------------------------------------- 
 
   Species              Molality       Type 
 H+                  -6.0386E-07     Aqueous      
 Cs+                  9.4940E-05     Aqueous      
 Na+                  2.2215E-01     Aqueous      
 K+                   1.5502E-03     Aqueous      
 Ca++                 3.0008E-02     Aqueous      
 Cl-                  2.8313E-01     Aqueous      
 
 Exchangers           Equiv/kgw        Equiv/g solid    Equiv/m^3 bulk
 FES-                 1.3788E-04       1.8330E-08       3.4369E-02
 II-                  1.1027E-02       1.4660E-06       2.7488E+00
 PS-                  4.3974E-02       5.8460E-06       1.0961E+01
 
 Total Concentrations in Exchange Sites 
 -------------------------------------- 
 
 Exchangers           Equiv/kgw        Equiv/g solid    Equiv/m^3 bulk
 Cs+                  2.8265E-03       3.7577E-07       7.0457E-01
 Na+                  2.6938E-02       3.5813E-06       6.7149E+00
 K+                   5.8060E-03       7.7187E-07       1.4473E+00
 Ca++                 9.7838E-03       1.3007E-06       2.4388E+00
 
 Concentrations of Individual Species, Exchangers, and Surface Complexes 
 ----------------------------------------------------------------------- 
 
                           Log        Log                 Concentration     
 Species              Molality   Activity      Molality    Mol/m^3 blk  Type
  NaFES                 -7.371     -3.510     4.261E-08     1.062E-05  Exchange
  NaII                  -2.329     -0.372     4.688E-03     1.169E+00  Exchange
  NaPS                  -1.653     -0.296     2.225E-02     5.546E+00  Exchange
  KFES                  -7.146     -3.286     7.140E-08     1.780E-05  Exchange
  KII                   -2.405     -0.447     3.937E-03     9.814E-01  Exchange
  KPS                   -2.728     -1.372     1.869E-03     4.658E-01  Exchange
  CaPS2                 -2.009     -0.352     9.784E-03     2.439E+00  Exchange
  CsFES                 -3.861      0.000     1.378E-04     3.434E-02  Exchange
  CsII                  -2.619     -0.662     2.402E-03     5.988E-01  Exchange
  CsPS                  -3.543     -2.186     2.864E-04     7.140E-02  Exchange
                           Log        Log                                 Activity
 Species              Molality   Activity      Molality      Activity   Coefficient    Type
  H+                    -7.468     -7.576     3.401E-08     2.655E-08     7.807E-01  Aqueous 
  Cs+                   -4.023     -4.308     9.494E-05     4.918E-05     5.180E-01  Aqueous 
  Na+                   -0.653     -0.818     2.222E-01     1.521E-01     6.847E-01  Aqueous 
  K+                    -2.810     -2.994     1.550E-03     1.015E-03     6.546E-01  Aqueous 
  Ca++                  -1.523     -2.066     3.001E-02     8.597E-03     2.865E-01  Aqueous 
  Cl-                   -0.548     -0.722     2.831E-01     1.898E-01     6.703E-01  Aqueous 
  OH-                   -6.248     -6.422     5.644E-07     3.784E-07     6.703E-01  Aqueous 
  CaOH+                 -7.134     -7.270     7.344E-08     5.373E-08     7.316E-01  Aqueous 
 
  ****** Partial pressure of gases (bars) *****
 
 
  ***** Saturation state of minerals (log[Q/K] *****
 
 
 
  ***** Volum of minerals added or subtracted *****
 
 
 **************************************************************
 ------> GRID LOCATION:    44:  1:  1
 
  Temperature (C)    =     25.000
  Porosity           =      0.250
  Liquid Saturation  =      1.000
  Liquid Density     =    997.075
  Ionic Strength     =      0.314
  Solution pH        =      7.581
  Total Charge       =  5.757E-04
 
 Total Aqueous Concentrations of Primary Species 
 --------------------------------------- 
 
   Species              Molality       Type 
 H+                  -6.0798E-07     Aqueous      
 Cs+                  9.5914E-05     Aqueous      
 Na+                  2.2637E-01     Aqueous      
 K+                   1.5580E-03     Aqueous      
 Ca++                 2.8707E-02     Aqueous      
 Cl-                  2.8486E-01     Aqueous      
 
 Exchangers           Equiv/kgw        Equiv/g solid    Equiv/m^3 bulk
 FES-                 1.3788E-04       1.8330E-08       3.4369E-02
 II-                  1.1027E-02       1.4660E-06       2.7488E+00
 PS-                  4.3974E-02       5.8460E-06       1.0961E+01
 
 Total Concentrations in Exchange Sites 
 -------------------------------------- 
 
 Exchangers           Equiv/kgw        Equiv/g solid    Equiv/m^3 bulk
 Cs+                  2.8265E-03       3.7576E-07       7.0455E-01
 Na+                  2.7544E-02       3.6618E-06       6.8659E+00
 K+                   5.8006E-03       7.7115E-07       1.4459E+00
 Ca++                 9.4838E-03       1.2608E-06       2.3640E+00
 
 Concentrations of Individual Species, Exchangers, and Surface Complexes 
 ----------------------------------------------------------------------- 
 
                           Log        Log                 Concentration     
 Species              Molality   Activity      Molality    Mol/m^3 blk  Type
  NaFES                 -7.367     -3.506     4.298E-08     1.071E-05  Exchange
  NaII                  -2.326     -0.369     4.720E-03     1.177E+00  Exchange
  NaPS                  -1.642     -0.285     2.282E-02     5.689E+00  Exchange
  KFES                  -7.148     -3.288     7.105E-08     1.771E-05  Exchange
  KII                   -2.408     -0.450     3.910E-03     9.746E-01  Exchange
  KPS                   -2.723     -1.367     1.891E-03     4.713E-01  Exchange
  CaPS2                 -2.023     -0.365     9.484E-03     2.364E+00  Exchange
  CsFES                 -3.861      0.000     1.378E-04     3.434E-02  Exchange
  CsII                  -2.620     -0.663     2.397E-03     5.976E-01  Exchange
  CsPS                  -3.536     -2.179     2.912E-04     7.259E-02  Exchange
                           Log        Log                                 Activity
 Species              Molality   Activity      Molality      Activity   Coefficient    Type
  H+                    -7.473     -7.581     3.365E-08     2.627E-08     7.807E-01  Aqueous 
  Cs+                   -4.018     -4.304     9.591E-05     4.967E-05     5.178E-01  Aqueous 
  Na+                   -0.645     -0.810     2.264E-01     1.550E-01     6.846E-01  Aqueous 
  K+                    -2.807     -2.992     1.558E-03     1.020E-03     6.545E-01  Aqueous 
  Ca++                  -1.542     -2.085     2.871E-02     8.221E-03     2.864E-01  Aqueous 
  Cl-                   -0.545     -0.719     2.849E-01     1.909E-01     6.702E-01  Aqueous 
  OH-                   -6.244     -6.417     5.706E-07     3.824E-07     6.702E-01  Aqueous 
  CaOH+                 -7.149     -7.285     7.100E-08     5.194E-08     7.315E-01  Aqueous 
 
  ****** Partial pressure of gases (bars) *****
 
 
  ***** Saturation state of minerals (log[Q/K] *****
 
 
 
  ***** Volum of minerals added or subtracted *****
 
 
 **************************************************************
 ------> GRID LOCATION:    45:  1:  1
 
  Temperature (C)    =     25.000
  Porosity           =      0.250
  Liquid Saturation  =      1.000
  Liquid Density     =    997.075
  Ionic Strength     =      0.314
  Solution pH        =      7.584
  Total Charge       =  4.822E-04
 
 Total Aqueous Concentrations of Primary Species 
 --------------------------------------- 
 
   Species              Molality       Type 
 H+                  -6.1175E-07     Aqueous      
 Cs+                  9.6765E-05     Aqueous      
 Na+                  2.2972E-01     Aqueous      
 K+                   1.5662E-03     Aqueous      
 Ca++                 2.7769E-02     Aqueous      
 Cl-                  2.8643E-01     Aqueous      
 
 Exchangers           Equiv/kgw        Equiv/g solid    Equiv/m^3 bulk
 FES-                 1.3788E-04       1.8330E-08       3.4369E-02
 II-                  1.1027E-02       1.4660E-06       2.7488E+00
 PS-                  4.3974E-02       5.8460E-06       1.0961E+01
 
 Total Concentrations in Exchange Sites 
 -------------------------------------- 
 
 Exchangers           Equiv/kgw        Equiv/g solid    Equiv/m^3 bulk
 Cs+                  2.8265E-03       3.7577E-07       7.0456E-01
 Na+                  2.8006E-02       3.7232E-06       6.9810E+00
 K+                   5.8001E-03       7.7109E-07       1.4458E+00
 Ca++                 9.2532E-03       1.2301E-06       2.3065E+00
 
 Concentrations of Individual Species, Exchangers, and Surface Complexes 
 ----------------------------------------------------------------------- 
 
                           Log        Log                 Concentration     
 Species              Molality   Activity      Molality    Mol/m^3 blk  Type
  NaFES                 -7.364     -3.503     4.326E-08     1.078E-05  Exchange
  NaII                  -2.324     -0.366     4.742E-03     1.182E+00  Exchange
  NaPS                  -1.633     -0.277     2.326E-02     5.799E+00  Exchange
  KFES                  -7.150     -3.289     7.082E-08     1.765E-05  Exchange
  KII                   -2.410     -0.452     3.891E-03     9.700E-01  Exchange
  KPS                   -2.719     -1.362     1.909E-03     4.758E-01  Exchange
  CaPS2                 -2.034     -0.376     9.253E-03     2.307E+00  Exchange
  CsFES                 -3.861      0.000     1.378E-04     3.434E-02  Exchange
  CsII                  -2.621     -0.663     2.394E-03     5.967E-01  Exchange
  CsPS                  -3.530     -2.173     2.950E-04     7.353E-02  Exchange
                           Log        Log                                 Activity
 Species              Molality   Activity      Molality      Activity   Coefficient    Type
  H+                    -7.477     -7.584     3.335E-08     2.604E-08     7.806E-01  Aqueous 
  Cs+                   -4.014     -4.300     9.677E-05     5.008E-05     5.175E-01  Aqueous 
  Na+                   -0.639     -0.803     2.297E-01     1.572E-01     6.845E-01  Aqueous 
  K+                    -2.805     -2.989     1.566E-03     1.025E-03     6.543E-01  Aqueous 
  Ca++                  -1.556     -2.100     2.777E-02     7.948E-03     2.862E-01  Aqueous 
  Cl-                   -0.543     -0.717     2.864E-01     1.919E-01     6.701E-01  Aqueous 
  OH-                   -6.240     -6.414     5.758E-07     3.859E-07     6.701E-01  Aqueous 
  CaOH+                 -7.160     -7.295     6.926E-08     5.066E-08     7.314E-01  Aqueous 
 
  ****** Partial pressure of gases (bars) *****
 
 
  ***** Saturation state of minerals (log[Q/K] *****
 
 
 
  ***** Volum of minerals added or subtracted *****
 
 
 **************************************************************
 ------> GRID LOCATION:    46:  1:  1
 
  Temperature (C)    =     25.000
  Porosity           =      0.250
  Liquid Saturation  =      1.000
  Liquid Density     =    997.075
  Ionic Strength     =      0.315
  Solution pH        =      7.588
  Total Charge       =  3.983E-04
 
 Total Aqueous Concentrations of Primary Species 
 --------------------------------------- 
 
   Species              Molality       Type 
 H+                  -6.1512E-07     Aqueous      
 Cs+                  9.7477E-05     Aqueous      
 Na+                  2.3235E-01     Aqueous      
 K+                   1.5733E-03     Aqueous      
 Ca++                 2.7114E-02     Aqueous      
 Cl-                  2.8785E-01     Aqueous      
 
 Exchangers           Equiv/kgw        Equiv/g solid    Equiv/m^3 bulk
 FES-                 1.3788E-04       1.8330E-08       3.4369E-02
 II-                  1.1027E-02       1.4660E-06       2.7488E+00
 PS-                  4.3974E-02       5.8460E-06       1.0961E+01
 
 Total Concentrations in Exchange Sites 
 -------------------------------------- 
 
 Exchangers           Equiv/kgw        Equiv/g solid    Equiv/m^3 bulk
 Cs+                  2.8266E-03       3.7577E-07       7.0457E-01
 Na+                  2.8350E-02       3.7690E-06       7.0669E+00
 K+                   5.8003E-03       7.7111E-07       1.4458E+00
 Ca++                 9.0807E-03       1.2072E-06       2.2635E+00
 
 Concentrations of Individual Species, Exchangers, and Surface Complexes 
 ----------------------------------------------------------------------- 
 
                           Log        Log                 Concentration     
 Species              Molality   Activity      Molality    Mol/m^3 blk  Type
  NaFES                 -7.362     -3.501     4.345E-08     1.083E-05  Exchange
  NaII                  -2.323     -0.365     4.759E-03     1.186E+00  Exchange
  NaPS                  -1.627     -0.270     2.359E-02     5.881E+00  Exchange
  KFES                  -7.151     -3.290     7.065E-08     1.761E-05  Exchange
  KII                   -2.411     -0.454     3.878E-03     9.666E-01  Exchange
  KPS                   -2.716     -1.359     1.923E-03     4.792E-01  Exchange
  CaPS2                 -2.042     -0.384     9.081E-03     2.264E+00  Exchange
  CsFES                 -3.861      0.000     1.378E-04     3.434E-02  Exchange
  CsII                  -2.621     -0.664     2.391E-03     5.960E-01  Exchange
  CsPS                  -3.526     -2.169     2.978E-04     7.422E-02  Exchange
                           Log        Log                                 Activity
 Species              Molality   Activity      Molality      Activity   Coefficient    Type
  H+                    -7.480     -7.588     3.312E-08     2.585E-08     7.805E-01  Aqueous 
  Cs+                   -4.011     -4.298     9.748E-05     5.041E-05     5.171E-01  Aqueous 
  Na+                   -0.634     -0.799     2.323E-01     1.590E-01     6.843E-01  Aqueous 
  K+                    -2.803     -2.988     1.573E-03     1.029E-03     6.541E-01  Aqueous 
  Ca++                  -1.567     -2.110     2.711E-02     7.755E-03     2.860E-01  Aqueous 
  Cl-                   -0.541     -0.715     2.878E-01     1.928E-01     6.699E-01  Aqueous 
  OH-                   -6.236     -6.410     5.802E-07     3.886E-07     6.699E-01  Aqueous 
  CaOH+                 -7.167     -7.303     6.808E-08     4.979E-08     7.313E-01  Aqueous 
 
  ****** Partial pressure of gases (bars) *****
 
 
  ***** Saturation state of minerals (log[Q/K] *****
 
 
 
  ***** Volum of minerals added or subtracted *****
 
 
 **************************************************************
 ------> GRID LOCATION:    47:  1:  1
 
  Temperature (C)    =     25.000
  Porosity           =      0.250
  Liquid Saturation  =      1.000
  Liquid Density     =    997.075
  Ionic Strength     =      0.316
  Solution pH        =      7.590
  Total Charge       =  3.245E-04
 
 Total Aqueous Concentrations of Primary Species 
 --------------------------------------- 
 
   Species              Molality       Type 
 H+                  -6.1809E-07     Aqueous      
 Cs+                  9.8065E-05     Aqueous      
 Na+                  2.3440E-01     Aqueous      
 K+                   1.5794E-03     Aqueous      
 Ca++                 2.6671E-02     Aqueous      
 Cl-                  2.8909E-01     Aqueous      
 
 Exchangers           Equiv/kgw        Equiv/g solid    Equiv/m^3 bulk
 FES-                 1.3788E-04       1.8330E-08       3.4369E-02
 II-                  1.1027E-02       1.4660E-06       2.7488E+00
 PS-                  4.3974E-02       5.8460E-06       1.0961E+01
 
 Total Concentrations in Exchange Sites 
 -------------------------------------- 
 
 Exchangers           Equiv/kgw        Equiv/g solid    Equiv/m^3 bulk
 Cs+                  2.8266E-03       3.7578E-07       7.0458E-01
 Na+                  2.8602E-02       3.8025E-06       7.1296E+00
 K+                   5.8005E-03       7.7113E-07       1.4459E+00
 Ca++                 8.9548E-03       1.1905E-06       2.2322E+00
 
 Concentrations of Individual Species, Exchangers, and Surface Complexes 
 ----------------------------------------------------------------------- 
 
                           Log        Log                 Concentration     
 Species              Molality   Activity      Molality    Mol/m^3 blk  Type
  NaFES                 -7.361     -3.500     4.360E-08     1.087E-05  Exchange
  NaII                  -2.321     -0.364     4.770E-03     1.189E+00  Exchange
  NaPS                  -1.623     -0.266     2.383E-02     5.941E+00  Exchange
  KFES                  -7.152     -3.291     7.053E-08     1.758E-05  Exchange
  KII                   -2.413     -0.455     3.868E-03     9.642E-01  Exchange
  KPS                   -2.714     -1.357     1.932E-03     4.817E-01  Exchange
  CaPS2                 -2.048     -0.390     8.955E-03     2.232E+00  Exchange
  CsFES                 -3.861      0.000     1.378E-04     3.434E-02  Exchange
  CsII                  -2.622     -0.664     2.389E-03     5.955E-01  Exchange
  CsPS                  -3.523     -2.166     2.998E-04     7.473E-02  Exchange
                           Log        Log                                 Activity
 Species              Molality   Activity      Molality      Activity   Coefficient    Type
  H+                    -7.482     -7.590     3.293E-08     2.570E-08     7.804E-01  Aqueous 
  Cs+                   -4.008     -4.295     9.806E-05     5.067E-05     5.167E-01  Aqueous 
  Na+                   -0.630     -0.795     2.344E-01     1.604E-01     6.841E-01  Aqueous 
  K+                    -2.802     -2.986     1.579E-03     1.033E-03     6.539E-01  Aqueous 
  Ca++                  -1.574     -2.118     2.667E-02     7.623E-03     2.858E-01  Aqueous 
  Cl-                   -0.539     -0.713     2.891E-01     1.936E-01     6.697E-01  Aqueous 
  OH-                   -6.234     -6.408     5.837E-07     3.909E-07     6.697E-01  Aqueous 
  CaOH+                 -7.172     -7.308     6.732E-08     4.922E-08     7.312E-01  Aqueous 
 
  ****** Partial pressure of gases (bars) *****
 
 
  ***** Saturation state of minerals (log[Q/K] *****
 
 
 
  ***** Volum of minerals added or subtracted *****
 
 
 **************************************************************
 ------> GRID LOCATION:    48:  1:  1
 
  Temperature (C)    =     25.000
  Porosity           =      0.250
  Liquid Saturation  =      1.000
  Liquid Density     =    997.075
  Ionic Strength     =      0.317
  Solution pH        =      7.592
  Total Charge       =  2.608E-04
 
 Total Aqueous Concentrations of Primary Species 
 --------------------------------------- 
 
   Species              Molality       Type 
 H+                  -6.2066E-07     Aqueous      
 Cs+                  9.8546E-05     Aqueous      
 Na+                  2.3598E-01     Aqueous      
 K+                   1.5845E-03     Aqueous      
 Ca++                 2.6383E-02     Aqueous      
 Cl-                  2.9017E-01     Aqueous      
 
 Exchangers           Equiv/kgw        Equiv/g solid    Equiv/m^3 bulk
 FES-                 1.3788E-04       1.8330E-08       3.4369E-02
 II-                  1.1027E-02       1.4660E-06       2.7488E+00
 PS-                  4.3974E-02       5.8460E-06       1.0961E+01
 
 Total Concentrations in Exchange Sites 
 -------------------------------------- 
 
 Exchangers           Equiv/kgw        Equiv/g solid    Equiv/m^3 bulk
 Cs+                  2.8266E-03       3.7578E-07       7.0459E-01
 Na+                  2.8782E-02       3.8264E-06       7.1745E+00
 K+                   5.8006E-03       7.7115E-07       1.4459E+00
 Ca++                 8.8647E-03       1.1785E-06       2.2097E+00
 
 Concentrations of Individual Species, Exchangers, and Surface Complexes 
 ----------------------------------------------------------------------- 
 
                           Log        Log                 Concentration     
 Species              Molality   Activity      Molality    Mol/m^3 blk  Type
  NaFES                 -7.360     -3.499     4.370E-08     1.089E-05  Exchange
  NaII                  -2.321     -0.363     4.779E-03     1.191E+00  Exchange
  NaPS                  -1.620     -0.263     2.400E-02     5.983E+00  Exchange
  KFES                  -7.152     -3.292     7.045E-08     1.756E-05  Exchange
  KII                   -2.413     -0.456     3.861E-03     9.624E-01  Exchange
  KPS                   -2.712     -1.356     1.939E-03     4.834E-01  Exchange
  CaPS2                 -2.052     -0.394     8.865E-03     2.210E+00  Exchange
  CsFES                 -3.861      0.000     1.378E-04     3.434E-02  Exchange
  CsII                  -2.622     -0.665     2.388E-03     5.952E-01  Exchange
  CsPS                  -3.521     -2.164     3.013E-04     7.509E-02  Exchange
                           Log        Log                                 Activity
 Species              Molality   Activity      Molality      Activity   Coefficient    Type
  H+                    -7.484     -7.592     3.278E-08     2.558E-08     7.803E-01  Aqueous 
  Cs+                   -4.006     -4.293     9.855E-05     5.088E-05     5.163E-01  Aqueous 
  Na+                   -0.627     -0.792     2.360E-01     1.614E-01     6.839E-01  Aqueous 
  K+                    -2.800     -2.985     1.585E-03     1.036E-03     6.537E-01  Aqueous 
  Ca++                  -1.579     -2.123     2.638E-02     7.535E-03     2.856E-01  Aqueous 
  Cl-                   -0.537     -0.712     2.902E-01     1.943E-01     6.695E-01  Aqueous 
  OH-                   -6.232     -6.406     5.866E-07     3.927E-07     6.695E-01  Aqueous 
  CaOH+                 -7.175     -7.311     6.687E-08     4.888E-08     7.310E-01  Aqueous 
 
  ****** Partial pressure of gases (bars) *****
 
 
  ***** Saturation state of minerals (log[Q/K] *****
 
 
 
  ***** Volum of minerals added or subtracted *****
 
 
 **************************************************************
 ------> GRID LOCATION:    49:  1:  1
 
  Temperature (C)    =     25.000
  Porosity           =      0.250
  Liquid Saturation  =      1.000
  Liquid Density     =    997.075
  Ionic Strength     =      0.317
  Solution pH        =      7.594
  Total Charge       =  2.066E-04
 
 Total Aqueous Concentrations of Primary Species 
 --------------------------------------- 
 
   Species              Molality       Type 
 H+                  -6.2284E-07     Aqueous      
 Cs+                  9.8937E-05     Aqueous      
 Na+                  2.3719E-01     Aqueous      
 K+                   1.5888E-03     Aqueous      
 Ca++                 2.6205E-02     Aqueous      
 Cl-                  2.9108E-01     Aqueous      
 
 Exchangers           Equiv/kgw        Equiv/g solid    Equiv/m^3 bulk
 FES-                 1.3788E-04       1.8330E-08       3.4369E-02
 II-                  1.1027E-02       1.4660E-06       2.7488E+00
 PS-                  4.3974E-02       5.8460E-06       1.0961E+01
 
 Total Concentrations in Exchange Sites 
 -------------------------------------- 
 
 Exchangers           Equiv/kgw        Equiv/g solid    Equiv/m^3 bulk
 Cs+                  2.8266E-03       3.7578E-07       7.0459E-01
 Na+                  2.8909E-02       3.8432E-06       7.2060E+00
 K+                   5.8006E-03       7.7115E-07       1.4459E+00
 Ca++                 8.8014E-03       1.1701E-06       2.1939E+00
 
 Concentrations of Individual Species, Exchangers, and Surface Complexes 
 ----------------------------------------------------------------------- 
 
                           Log        Log                 Concentration     
 Species              Molality   Activity      Molality    Mol/m^3 blk  Type
  NaFES                 -7.359     -3.498     4.377E-08     1.091E-05  Exchange
  NaII                  -2.320     -0.363     4.784E-03     1.193E+00  Exchange
  NaPS                  -1.618     -0.261     2.412E-02     6.013E+00  Exchange
  KFES                  -7.152     -3.292     7.039E-08     1.755E-05  Exchange
  KII                   -2.414     -0.456     3.856E-03     9.612E-01  Exchange
  KPS                   -2.711     -1.354     1.944E-03     4.847E-01  Exchange
  CaPS2                 -2.055     -0.398     8.801E-03     2.194E+00  Exchange
  CsFES                 -3.861      0.000     1.378E-04     3.434E-02  Exchange
  CsII                  -2.622     -0.665     2.387E-03     5.949E-01  Exchange
  CsPS                  -3.520     -2.163     3.023E-04     7.535E-02  Exchange
                           Log        Log                                 Activity
 Species              Molality   Activity      Molality      Activity   Coefficient    Type
  H+                    -7.486     -7.594     3.267E-08     2.549E-08     7.802E-01  Aqueous 
  Cs+                   -4.005     -4.292     9.894E-05     5.104E-05     5.159E-01  Aqueous 
  Na+                   -0.625     -0.790     2.372E-01     1.622E-01     6.838E-01  Aqueous 
  K+                    -2.799     -2.984     1.589E-03     1.038E-03     6.535E-01  Aqueous 
  Ca++                  -1.582     -2.126     2.620E-02     7.479E-03     2.854E-01  Aqueous 
  Cl-                   -0.536     -0.710     2.911E-01     1.948E-01     6.693E-01  Aqueous 
  OH-                   -6.230     -6.404     5.889E-07     3.941E-07     6.693E-01  Aqueous 
  CaOH+                 -7.176     -7.312     6.663E-08     4.870E-08     7.309E-01  Aqueous 
 
  ****** Partial pressure of gases (bars) *****
 
 
  ***** Saturation state of minerals (log[Q/K] *****
 
 
 
  ***** Volum of minerals added or subtracted *****
 
 
 **************************************************************
 ------> GRID LOCATION:    50:  1:  1
 
  Temperature (C)    =     25.000
  Porosity           =      0.250
  Liquid Saturation  =      1.000
  Liquid Density     =    997.075
  Ionic Strength     =      0.318
  Solution pH        =      7.595
  Total Charge       =  1.615E-04
 
 Total Aqueous Concentrations of Primary Species 
 --------------------------------------- 
 
   Species              Molality       Type 
 H+                  -6.2465E-07     Aqueous      
 Cs+                  9.9252E-05     Aqueous      
 Na+                  2.3811E-01     Aqueous      
 K+                   1.5923E-03     Aqueous      
 Ca++                 2.6101E-02     Aqueous      
 Cl-                  2.9184E-01     Aqueous      
 
 Exchangers           Equiv/kgw        Equiv/g solid    Equiv/m^3 bulk
 FES-                 1.3788E-04       1.8330E-08       3.4369E-02
 II-                  1.1027E-02       1.4660E-06       2.7488E+00
 PS-                  4.3974E-02       5.8460E-06       1.0961E+01
 
 Total Concentrations in Exchange Sites 
 -------------------------------------- 
 
 Exchangers           Equiv/kgw        Equiv/g solid    Equiv/m^3 bulk
 Cs+                  2.8266E-03       3.7578E-07       7.0460E-01
 Na+                  2.8996E-02       3.8548E-06       7.2278E+00
 K+                   5.8007E-03       7.7116E-07       1.4459E+00
 Ca++                 8.7577E-03       1.1643E-06       2.1830E+00
 
 Concentrations of Individual Species, Exchangers, and Surface Complexes 
 ----------------------------------------------------------------------- 
 
                           Log        Log                 Concentration     
 Species              Molality   Activity      Molality    Mol/m^3 blk  Type
  NaFES                 -7.358     -3.498     4.382E-08     1.092E-05  Exchange
  NaII                  -2.320     -0.362     4.788E-03     1.194E+00  Exchange
  NaPS                  -1.616     -0.259     2.421E-02     6.034E+00  Exchange
  KFES                  -7.153     -3.292     7.035E-08     1.754E-05  Exchange
  KII                   -2.414     -0.457     3.853E-03     9.604E-01  Exchange
  KPS                   -2.710     -1.354     1.948E-03     4.855E-01  Exchange
  CaPS2                 -2.058     -0.400     8.758E-03     2.183E+00  Exchange
  CsFES                 -3.861      0.000     1.378E-04     3.434E-02  Exchange
  CsII                  -2.622     -0.665     2.386E-03     5.947E-01  Exchange
  CsPS                  -3.519     -2.162     3.030E-04     7.552E-02  Exchange
                           Log        Log                                 Activity
 Species              Molality   Activity      Molality      Activity   Coefficient    Type
  H+                    -7.487     -7.595     3.258E-08     2.542E-08     7.802E-01  Aqueous 
  Cs+                   -4.003     -4.291     9.925E-05     5.117E-05     5.156E-01  Aqueous 
  Na+                   -0.623     -0.788     2.381E-01     1.628E-01     6.836E-01  Aqueous 
  K+                    -2.798     -2.983     1.592E-03     1.040E-03     6.533E-01  Aqueous 
  Ca++                  -1.583     -2.128     2.610E-02     7.445E-03     2.852E-01  Aqueous 
  Cl-                   -0.535     -0.709     2.918E-01     1.953E-01     6.691E-01  Aqueous 
  OH-                   -6.229     -6.403     5.907E-07     3.953E-07     6.691E-01  Aqueous 
  CaOH+                 -7.177     -7.313     6.652E-08     4.861E-08     7.308E-01  Aqueous 
 
  ****** Partial pressure of gases (bars) *****
 
 
  ***** Saturation state of minerals (log[Q/K] *****
 
 
 
  ***** Volum of minerals added or subtracted *****
 
 
 **************************************************************
 ------> GRID LOCATION:    51:  1:  1
 
  Temperature (C)    =     25.000
  Porosity           =      0.250
  Liquid Saturation  =      1.000
  Liquid Density     =    997.075
  Ionic Strength     =      0.319
  Solution pH        =      7.596
  Total Charge       =  1.246E-04
 
 Total Aqueous Concentrations of Primary Species 
 --------------------------------------- 
 
   Species              Molality       Type 
 H+                  -6.2614E-07     Aqueous      
 Cs+                  9.9496E-05     Aqueous      
 Na+                  2.3880E-01     Aqueous      
 K+                   1.5951E-03     Aqueous      
 Ca++                 2.6047E-02     Aqueous      
 Cl-                  2.9246E-01     Aqueous      
 
 Exchangers           Equiv/kgw        Equiv/g solid    Equiv/m^3 bulk
 FES-                 5.5136E-03       7.3300E-07       1.3744E+00
 II-                  1.1027E-02       1.4660E-06       2.7488E+00
 PS-                  3.8595E-02       5.1310E-06       9.6206E+00
 
 Total Concentrations in Exchange Sites 
 -------------------------------------- 
 
 Exchangers           Equiv/kgw        Equiv/g solid    Equiv/m^3 bulk
 Cs+                  8.1608E-03       1.0849E-06       2.0342E+00
 Na+                  2.6089E-02       3.4684E-06       6.5032E+00
 K+                   5.5647E-03       7.3979E-07       1.3871E+00
 Ca++                 7.6609E-03       1.0185E-06       1.9096E+00
 
 Concentrations of Individual Species, Exchangers, and Surface Complexes 
 ----------------------------------------------------------------------- 
 
                           Log        Log                 Concentration     
 Species              Molality   Activity      Molality    Mol/m^3 blk  Type
  NaFES                 -5.756     -3.497     1.754E-06     4.372E-04  Exchange
  NaII                  -2.320     -0.362     4.791E-03     1.194E+00  Exchange
  NaPS                  -1.672     -0.258     2.130E-02     5.308E+00  Exchange
  KFES                  -5.551     -3.292     2.812E-06     7.010E-04  Exchange
  KII                   -2.414     -0.457     3.851E-03     9.598E-01  Exchange
  KPS                   -2.767     -1.353     1.711E-03     4.266E-01  Exchange
  CaPS2                 -2.116     -0.401     7.661E-03     1.910E+00  Exchange
  CsFES                 -2.259      0.000     5.509E-03     1.373E+00  Exchange
  CsII                  -2.622     -0.665     2.385E-03     5.946E-01  Exchange
  CsPS                  -3.575     -2.161     2.663E-04     6.638E-02  Exchange
                           Log        Log                                 Activity
 Species              Molality   Activity      Molality      Activity   Coefficient    Type
  H+                    -7.488     -7.596     3.251E-08     2.536E-08     7.801E-01  Aqueous 
  Cs+                   -4.002     -4.290     9.950E-05     5.127E-05     5.153E-01  Aqueous 
  Na+                   -0.622     -0.787     2.388E-01     1.632E-01     6.835E-01  Aqueous 
  K+                    -2.797     -2.982     1.595E-03     1.042E-03     6.532E-01  Aqueous 
  Ca++                  -1.584     -2.129     2.605E-02     7.426E-03     2.851E-01  Aqueous 
  Cl-                   -0.534     -0.709     2.925E-01     1.957E-01     6.690E-01  Aqueous 
  OH-                   -6.228     -6.402     5.921E-07     3.961E-07     6.690E-01  Aqueous 
  CaOH+                 -7.177     -7.313     6.651E-08     4.860E-08     7.307E-01  Aqueous 
 
  ****** Partial pressure of gases (bars) *****
 
 
  ***** Saturation state of minerals (log[Q/K] *****
 
 
 
  ***** Volum of minerals added or subtracted *****
 
 
 **************************************************************
 ------> GRID LOCATION:    52:  1:  1
 
  Temperature (C)    =     25.000
  Porosity           =      0.250
  Liquid Saturation  =      1.000
  Liquid Density     =    997.075
  Ionic Strength     =      0.319
  Solution pH        =      7.597
  Total Charge       =  9.476E-05
 
 Total Aqueous Concentrations of Primary Species 
 --------------------------------------- 
 
   Species              Molality       Type 
 H+                  -6.2734E-07     Aqueous      
 Cs+                  9.9693E-05     Aqueous      
 Na+                  2.3931E-01     Aqueous      
 K+                   1.5974E-03     Aqueous      
 Ca++                 2.6023E-02     Aqueous      
 Cl-                  2.9296E-01     Aqueous      
 
 Exchangers           Equiv/kgw        Equiv/g solid    Equiv/m^3 bulk
 FES-                 5.5136E-03       7.3300E-07       1.3744E+00
 II-                  1.1027E-02       1.4660E-06       2.7488E+00
 PS-                  3.8595E-02       5.1310E-06       9.6206E+00
 
 Total Concentrations in Exchange Sites 
 -------------------------------------- 
 
 Exchangers           Equiv/kgw        Equiv/g solid    Equiv/m^3 bulk
 Cs+                  8.1607E-03       1.0849E-06       2.0342E+00
 Na+                  2.6124E-02       3.4730E-06       6.5119E+00
 K+                   5.5645E-03       7.3977E-07       1.3871E+00
 Ca++                 7.6436E-03       1.0162E-06       1.9053E+00
 
 Concentrations of Individual Species, Exchangers, and Surface Complexes 
 ----------------------------------------------------------------------- 
 
                           Log        Log                 Concentration     
 Species              Molality   Activity      Molality    Mol/m^3 blk  Type
  NaFES                 -5.756     -3.497     1.755E-06     4.374E-04  Exchange
  NaII                  -2.319     -0.362     4.793E-03     1.195E+00  Exchange
  NaPS                  -1.671     -0.258     2.133E-02     5.317E+00  Exchange
  KFES                  -5.551     -3.293     2.811E-06     7.008E-04  Exchange
  KII                   -2.415     -0.457     3.849E-03     9.594E-01  Exchange
  KPS                   -2.766     -1.353     1.713E-03     4.269E-01  Exchange
  CaPS2                 -2.117     -0.402     7.644E-03     1.905E+00  Exchange
  CsFES                 -2.259      0.000     5.509E-03     1.373E+00  Exchange
  CsII                  -2.622     -0.665     2.385E-03     5.945E-01  Exchange
  CsPS                  -3.574     -2.161     2.666E-04     6.645E-02  Exchange
                           Log        Log                                 Activity
 Species              Molality   Activity      Molality      Activity   Coefficient    Type
  H+                    -7.489     -7.597     3.245E-08     2.532E-08     7.801E-01  Aqueous 
  Cs+                   -4.001     -4.289     9.969E-05     5.135E-05     5.150E-01  Aqueous 
  Na+                   -0.621     -0.786     2.393E-01     1.635E-01     6.834E-01  Aqueous 
  K+                    -2.797     -2.982     1.597E-03     1.043E-03     6.530E-01  Aqueous 
  Ca++                  -1.585     -2.130     2.602E-02     7.416E-03     2.850E-01  Aqueous 
  Cl-                   -0.533     -0.708     2.930E-01     1.960E-01     6.689E-01  Aqueous 
  OH-                   -6.227     -6.401     5.933E-07     3.968E-07     6.689E-01  Aqueous 
  CaOH+                 -7.177     -7.313     6.654E-08     4.862E-08     7.306E-01  Aqueous 
 
  ****** Partial pressure of gases (bars) *****
 
 
  ***** Saturation state of minerals (log[Q/K] *****
 
 
 
  ***** Volum of minerals added or subtracted *****
 
 
 **************************************************************
 ------> GRID LOCATION:    53:  1:  1
 
  Temperature (C)    =     25.000
  Porosity           =      0.250
  Liquid Saturation  =      1.000
  Liquid Density     =    997.075
  Ionic Strength     =      0.319
  Solution pH        =      7.597
  Total Charge       =  7.112E-05
 
 Total Aqueous Concentrations of Primary Species 
 --------------------------------------- 
 
   Species              Molality       Type 
 H+                  -6.2829E-07     Aqueous      
 Cs+                  9.9848E-05     Aqueous      
 Na+                  2.3970E-01     Aqueous      
 K+                   1.5992E-03     Aqueous      
 Ca++                 2.6017E-02     Aqueous      
 Cl-                  2.9336E-01     Aqueous      
 
 Exchangers           Equiv/kgw        Equiv/g solid    Equiv/m^3 bulk
 FES-                 5.5136E-03       7.3300E-07       1.3744E+00
 II-                  1.1027E-02       1.4660E-06       2.7488E+00
 PS-                  3.8595E-02       5.1310E-06       9.6206E+00
 
 Total Concentrations in Exchange Sites 
 -------------------------------------- 
 
 Exchangers           Equiv/kgw        Equiv/g solid    Equiv/m^3 bulk
 Cs+                  8.1607E-03       1.0849E-06       2.0342E+00
 Na+                  2.6147E-02       3.4761E-06       6.5176E+00
 K+                   5.5645E-03       7.3976E-07       1.3870E+00
 Ca++                 7.6320E-03       1.0146E-06       1.9024E+00
 
 Concentrations of Individual Species, Exchangers, and Surface Complexes 
 ----------------------------------------------------------------------- 
 
                           Log        Log                 Concentration     
 Species              Molality   Activity      Molality    Mol/m^3 blk  Type
  NaFES                 -5.756     -3.497     1.755E-06     4.375E-04  Exchange
  NaII                  -2.319     -0.362     4.794E-03     1.195E+00  Exchange
  NaPS                  -1.671     -0.257     2.135E-02     5.322E+00  Exchange
  KFES                  -5.551     -3.293     2.811E-06     7.007E-04  Exchange
  KII                   -2.415     -0.457     3.848E-03     9.592E-01  Exchange
  KPS                   -2.766     -1.353     1.714E-03     4.272E-01  Exchange
  CaPS2                 -2.117     -0.403     7.632E-03     1.902E+00  Exchange
  CsFES                 -2.259      0.000     5.509E-03     1.373E+00  Exchange
  CsII                  -2.623     -0.665     2.385E-03     5.945E-01  Exchange
  CsPS                  -3.574     -2.160     2.668E-04     6.650E-02  Exchange
                           Log        Log                                 Activity
 Species              Molality   Activity      Molality      Activity   Coefficient    Type
  H+                    -7.489     -7.597     3.241E-08     2.528E-08     7.800E-01  Aqueous 
  Cs+                   -4.001     -4.289     9.985E-05     5.141E-05     5.148E-01  Aqueous 
  Na+                   -0.620     -0.786     2.397E-01     1.638E-01     6.833E-01  Aqueous 
  K+                    -2.796     -2.981     1.599E-03     1.044E-03     6.529E-01  Aqueous 
  Ca++                  -1.585     -2.130     2.602E-02     7.412E-03     2.849E-01  Aqueous 
  Cl-                   -0.533     -0.707     2.934E-01     1.962E-01     6.688E-01  Aqueous 
  OH-                   -6.226     -6.401     5.941E-07     3.973E-07     6.688E-01  Aqueous 
  CaOH+                 -7.177     -7.313     6.659E-08     4.865E-08     7.306E-01  Aqueous 
 
  ****** Partial pressure of gases (bars) *****
 
 
  ***** Saturation state of minerals (log[Q/K] *****
 
 
 
  ***** Volum of minerals added or subtracted *****
 
 
 **************************************************************
 ------> GRID LOCATION:    54:  1:  1
 
  Temperature (C)    =     25.000
  Porosity           =      0.250
  Liquid Saturation  =      1.000
  Liquid Density     =    997.075
  Ionic Strength     =      0.320
  Solution pH        =      7.598
  Total Charge       =  5.267E-05
 
 Total Aqueous Concentrations of Primary Species 
 --------------------------------------- 
 
   Species              Molality       Type 
 H+                  -6.2904E-07     Aqueous      
 Cs+                  9.9967E-05     Aqueous      
 Na+                  2.3999E-01     Aqueous      
 K+                   1.6006E-03     Aqueous      
 Ca++                 2.6020E-02     Aqueous      
 Cl-                  2.9367E-01     Aqueous      
 
 Exchangers           Equiv/kgw        Equiv/g solid    Equiv/m^3 bulk
 FES-                 5.5136E-03       7.3300E-07       1.3744E+00
 II-                  1.1027E-02       1.4660E-06       2.7488E+00
 PS-                  3.8595E-02       5.1310E-06       9.6206E+00
 
 Total Concentrations in Exchange Sites 
 -------------------------------------- 
 
 Exchangers           Equiv/kgw        Equiv/g solid    Equiv/m^3 bulk
 Cs+                  8.1607E-03       1.0849E-06       2.0342E+00
 Na+                  2.6162E-02       3.4781E-06       6.5214E+00
 K+                   5.5644E-03       7.3975E-07       1.3870E+00
 Ca++                 7.6245E-03       1.0136E-06       1.9005E+00
 
 Concentrations of Individual Species, Exchangers, and Surface Complexes 
 ----------------------------------------------------------------------- 
 
                           Log        Log                 Concentration     
 Species              Molality   Activity      Molality    Mol/m^3 blk  Type
  NaFES                 -5.756     -3.497     1.756E-06     4.376E-04  Exchange
  NaII                  -2.319     -0.362     4.795E-03     1.195E+00  Exchange
  NaPS                  -1.670     -0.257     2.137E-02     5.326E+00  Exchange
  KFES                  -5.551     -3.293     2.811E-06     7.006E-04  Exchange
  KII                   -2.415     -0.457     3.847E-03     9.590E-01  Exchange
  KPS                   -2.766     -1.352     1.714E-03     4.273E-01  Exchange
  CaPS2                 -2.118     -0.403     7.624E-03     1.901E+00  Exchange
  CsFES                 -2.259      0.000     5.509E-03     1.373E+00  Exchange
  CsII                  -2.623     -0.665     2.385E-03     5.944E-01  Exchange
  CsPS                  -3.574     -2.160     2.669E-04     6.653E-02  Exchange
                           Log        Log                                 Activity
 Species              Molality   Activity      Molality      Activity   Coefficient    Type
  H+                    -7.490     -7.598     3.238E-08     2.526E-08     7.800E-01  Aqueous 
  Cs+                   -4.000     -4.289     9.997E-05     5.145E-05     5.147E-01  Aqueous 
  Na+                   -0.620     -0.785     2.400E-01     1.640E-01     6.832E-01  Aqueous 
  K+                    -2.796     -2.981     1.601E-03     1.045E-03     6.529E-01  Aqueous 
  Ca++                  -1.585     -2.130     2.602E-02     7.410E-03     2.848E-01  Aqueous 
  Cl-                   -0.532     -0.707     2.937E-01     1.964E-01     6.687E-01  Aqueous 
  OH-                   -6.226     -6.400     5.948E-07     3.977E-07     6.687E-01  Aqueous 
  CaOH+                 -7.176     -7.313     6.665E-08     4.869E-08     7.305E-01  Aqueous 
 
  ****** Partial pressure of gases (bars) *****
 
 
  ***** Saturation state of minerals (log[Q/K] *****
 
 
 
  ***** Volum of minerals added or subtracted *****
 
 
 **************************************************************
 ------> GRID LOCATION:    55:  1:  1
 
  Temperature (C)    =     25.000
  Porosity           =      0.250
  Liquid Saturation  =      1.000
  Liquid Density     =    997.075
  Ionic Strength     =      0.320
  Solution pH        =      7.598
  Total Charge       =  3.850E-05
 
 Total Aqueous Concentrations of Primary Species 
 --------------------------------------- 
 
   Species              Molality       Type 
 H+                  -6.2961E-07     Aqueous      
 Cs+                  1.0006E-04     Aqueous      
 Na+                  2.4019E-01     Aqueous      
 K+                   1.6017E-03     Aqueous      
 Ca++                 2.6027E-02     Aqueous      
 Cl-                  2.9391E-01     Aqueous      
 
 Exchangers           Equiv/kgw        Equiv/g solid    Equiv/m^3 bulk
 FES-                 5.5136E-03       7.3300E-07       1.3744E+00
 II-                  1.1027E-02       1.4660E-06       2.7488E+00
 PS-                  3.8595E-02       5.1310E-06       9.6206E+00
 
 Total Concentrations in Exchange Sites 
 -------------------------------------- 
 
 Exchangers           Equiv/kgw        Equiv/g solid    Equiv/m^3 bulk
 Cs+                  8.1607E-03       1.0849E-06       2.0342E+00
 Na+                  2.6172E-02       3.4794E-06       6.5238E+00
 K+                   5.5644E-03       7.3975E-07       1.3870E+00
 Ca++                 7.6196E-03       1.0130E-06       1.8993E+00
 
 Concentrations of Individual Species, Exchangers, and Surface Complexes 
 ----------------------------------------------------------------------- 
 
                           Log        Log                 Concentration     
 Species              Molality   Activity      Molality    Mol/m^3 blk  Type
  NaFES                 -5.756     -3.497     1.756E-06     4.377E-04  Exchange
  NaII                  -2.319     -0.362     4.796E-03     1.195E+00  Exchange
  NaPS                  -1.670     -0.257     2.137E-02     5.328E+00  Exchange
  KFES                  -5.551     -3.293     2.810E-06     7.005E-04  Exchange
  KII                   -2.415     -0.457     3.847E-03     9.589E-01  Exchange
  KPS                   -2.766     -1.352     1.715E-03     4.274E-01  Exchange
  CaPS2                 -2.118     -0.404     7.620E-03     1.899E+00  Exchange
  CsFES                 -2.259      0.000     5.509E-03     1.373E+00  Exchange
  CsII                  -2.623     -0.665     2.385E-03     5.944E-01  Exchange
  CsPS                  -3.574     -2.160     2.670E-04     6.655E-02  Exchange
                           Log        Log                                 Activity
 Species              Molality   Activity      Molality      Activity   Coefficient    Type
  H+                    -7.490     -7.598     3.236E-08     2.524E-08     7.800E-01  Aqueous 
  Cs+                   -4.000     -4.288     1.001E-04     5.148E-05     5.146E-01  Aqueous 
  Na+                   -0.619     -0.785     2.402E-01     1.641E-01     6.832E-01  Aqueous 
  K+                    -2.795     -2.981     1.602E-03     1.046E-03     6.528E-01  Aqueous 
  Ca++                  -1.585     -2.130     2.603E-02     7.411E-03     2.847E-01  Aqueous 
  Cl-                   -0.532     -0.707     2.939E-01     1.965E-01     6.687E-01  Aqueous 
  OH-                   -6.225     -6.400     5.953E-07     3.980E-07     6.687E-01  Aqueous 
  CaOH+                 -7.176     -7.312     6.671E-08     4.873E-08     7.305E-01  Aqueous 
 
  ****** Partial pressure of gases (bars) *****
 
 
  ***** Saturation state of minerals (log[Q/K] *****
 
 
 
  ***** Volum of minerals added or subtracted *****
 
 
 **************************************************************
 ------> GRID LOCATION:    56:  1:  1
 
  Temperature (C)    =     25.000
  Porosity           =      0.250
  Liquid Saturation  =      1.000
  Liquid Density     =    997.075
  Ionic Strength     =      0.320
  Solution pH        =      7.598
  Total Charge       =  2.778E-05
 
 Total Aqueous Concentrations of Primary Species 
 --------------------------------------- 
 
   Species              Molality       Type 
 H+                  -6.3004E-07     Aqueous      
 Cs+                  1.0012E-04     Aqueous      
 Na+                  2.4035E-01     Aqueous      
 K+                   1.6026E-03     Aqueous      
 Ca++                 2.6036E-02     Aqueous      
 Cl-                  2.9409E-01     Aqueous      
 
 Exchangers           Equiv/kgw        Equiv/g solid    Equiv/m^3 bulk
 FES-                 5.5136E-03       7.3300E-07       1.3744E+00
 II-                  1.1027E-02       1.4660E-06       2.7488E+00
 PS-                  3.8595E-02       5.1310E-06       9.6206E+00
 
 Total Concentrations in Exchange Sites 
 -------------------------------------- 
 
 Exchangers           Equiv/kgw        Equiv/g solid    Equiv/m^3 bulk
 Cs+                  8.1607E-03       1.0849E-06       2.0342E+00
 Na+                  2.6178E-02       3.4802E-06       6.5254E+00
 K+                   5.5644E-03       7.3975E-07       1.3870E+00
 Ca++                 7.6165E-03       1.0126E-06       1.8986E+00
 
 Concentrations of Individual Species, Exchangers, and Surface Complexes 
 ----------------------------------------------------------------------- 
 
                           Log        Log                 Concentration     
 Species              Molality   Activity      Molality    Mol/m^3 blk  Type
  NaFES                 -5.755     -3.497     1.756E-06     4.377E-04  Exchange
  NaII                  -2.319     -0.362     4.796E-03     1.195E+00  Exchange
  NaPS                  -1.670     -0.257     2.138E-02     5.329E+00  Exchange
  KFES                  -5.551     -3.293     2.810E-06     7.005E-04  Exchange
  KII                   -2.415     -0.457     3.847E-03     9.589E-01  Exchange
  KPS                   -2.766     -1.352     1.715E-03     4.275E-01  Exchange
  CaPS2                 -2.118     -0.404     7.616E-03     1.899E+00  Exchange
  CsFES                 -2.259      0.000     5.509E-03     1.373E+00  Exchange
  CsII                  -2.623     -0.665     2.385E-03     5.944E-01  Exchange
  CsPS                  -3.573     -2.160     2.670E-04     6.656E-02  Exchange
                           Log        Log                                 Activity
 Species              Molality   Activity      Molality      Activity   Coefficient    Type
  H+                    -7.490     -7.598     3.234E-08     2.523E-08     7.799E-01  Aqueous 
  Cs+                   -3.999     -4.288     1.001E-04     5.151E-05     5.145E-01  Aqueous 
  Na+                   -0.619     -0.785     2.403E-01     1.642E-01     6.831E-01  Aqueous 
  K+                    -2.795     -2.980     1.603E-03     1.046E-03     6.527E-01  Aqueous 
  Ca++                  -1.584     -2.130     2.604E-02     7.412E-03     2.847E-01  Aqueous 
  Cl-                   -0.532     -0.706     2.941E-01     1.966E-01     6.686E-01  Aqueous 
  OH-                   -6.225     -6.400     5.956E-07     3.982E-07     6.686E-01  Aqueous 
  CaOH+                 -7.175     -7.312     6.676E-08     4.876E-08     7.305E-01  Aqueous 
 
  ****** Partial pressure of gases (bars) *****
 
 
  ***** Saturation state of minerals (log[Q/K] *****
 
 
 
  ***** Volum of minerals added or subtracted *****
 
 
 **************************************************************
 ------> GRID LOCATION:    57:  1:  1
 
  Temperature (C)    =     25.000
  Porosity           =      0.250
  Liquid Saturation  =      1.000
  Liquid Density     =    997.075
  Ionic Strength     =      0.320
  Solution pH        =      7.598
  Total Charge       =  1.978E-05
 
 Total Aqueous Concentrations of Primary Species 
 --------------------------------------- 
 
   Species              Molality       Type 
 H+                  -6.3036E-07     Aqueous      
 Cs+                  1.0017E-04     Aqueous      
 Na+                  2.4045E-01     Aqueous      
 K+                   1.6032E-03     Aqueous      
 Ca++                 2.6045E-02     Aqueous      
 Cl-                  2.9423E-01     Aqueous      
 
 Exchangers           Equiv/kgw        Equiv/g solid    Equiv/m^3 bulk
 FES-                 5.5136E-03       7.3300E-07       1.3744E+00
 II-                  1.1027E-02       1.4660E-06       2.7488E+00
 PS-                  3.8595E-02       5.1310E-06       9.6206E+00
 
 Total Concentrations in Exchange Sites 
 -------------------------------------- 
 
 Exchangers           Equiv/kgw        Equiv/g solid    Equiv/m^3 bulk
 Cs+                  8.1607E-03       1.0849E-06       2.0342E+00
 Na+                  2.6182E-02       3.4807E-06       6.5264E+00
 K+                   5.5644E-03       7.3975E-07       1.3870E+00
 Ca++                 7.6145E-03       1.0123E-06       1.8981E+00
 
 Concentrations of Individual Species, Exchangers, and Surface Complexes 
 ----------------------------------------------------------------------- 
 
                           Log        Log                 Concentration     
 Species              Molality   Activity      Molality    Mol/m^3 blk  Type
  NaFES                 -5.755     -3.497     1.756E-06     4.377E-04  Exchange
  NaII                  -2.319     -0.362     4.796E-03     1.196E+00  Exchange
  NaPS                  -1.670     -0.256     2.138E-02     5.330E+00  Exchange
  KFES                  -5.551     -3.293     2.810E-06     7.005E-04  Exchange
  KII                   -2.415     -0.457     3.847E-03     9.588E-01  Exchange
  KPS                   -2.766     -1.352     1.715E-03     4.275E-01  Exchange
  CaPS2                 -2.118     -0.404     7.615E-03     1.898E+00  Exchange
  CsFES                 -2.259      0.000     5.509E-03     1.373E+00  Exchange
  CsII                  -2.623     -0.665     2.385E-03     5.944E-01  Exchange
  CsPS                  -3.573     -2.160     2.671E-04     6.657E-02  Exchange
                           Log        Log                                 Activity
 Species              Molality   Activity      Molality      Activity   Coefficient    Type
  H+                    -7.490     -7.598     3.233E-08     2.522E-08     7.799E-01  Aqueous 
  Cs+                   -3.999     -4.288     1.002E-04     5.153E-05     5.144E-01  Aqueous 
  Na+                   -0.619     -0.784     2.405E-01     1.643E-01     6.831E-01  Aqueous 
  K+                    -2.795     -2.980     1.603E-03     1.046E-03     6.527E-01  Aqueous 
  Ca++                  -1.584     -2.130     2.604E-02     7.414E-03     2.847E-01  Aqueous 
  Cl-                   -0.531     -0.706     2.942E-01     1.967E-01     6.686E-01  Aqueous 
  OH-                   -6.225     -6.400     5.959E-07     3.984E-07     6.686E-01  Aqueous 
  CaOH+                 -7.175     -7.312     6.680E-08     4.879E-08     7.304E-01  Aqueous 
 
  ****** Partial pressure of gases (bars) *****
 
 
  ***** Saturation state of minerals (log[Q/K] *****
 
 
 
  ***** Volum of minerals added or subtracted *****
 
 
 **************************************************************
 ------> GRID LOCATION:    58:  1:  1
 
  Temperature (C)    =     25.000
  Porosity           =      0.250
  Liquid Saturation  =      1.000
  Liquid Density     =    997.075
  Ionic Strength     =      0.320
  Solution pH        =      7.598
  Total Charge       =  1.391E-05
 
 Total Aqueous Concentrations of Primary Species 
 --------------------------------------- 
 
   Species              Molality       Type 
 H+                  -6.3060E-07     Aqueous      
 Cs+                  1.0021E-04     Aqueous      
 Na+                  2.4053E-01     Aqueous      
 K+                   1.6036E-03     Aqueous      
 Ca++                 2.6052E-02     Aqueous      
 Cl-                  2.9433E-01     Aqueous      
 
 Exchangers           Equiv/kgw        Equiv/g solid    Equiv/m^3 bulk
 FES-                 5.5136E-03       7.3300E-07       1.3744E+00
 II-                  1.1027E-02       1.4660E-06       2.7488E+00
 PS-                  3.8595E-02       5.1310E-06       9.6206E+00
 
 Total Concentrations in Exchange Sites 
 -------------------------------------- 
 
 Exchangers           Equiv/kgw        Equiv/g solid    Equiv/m^3 bulk
 Cs+                  8.1607E-03       1.0849E-06       2.0342E+00
 Na+                  2.6184E-02       3.4811E-06       6.5270E+00
 K+                   5.5644E-03       7.3975E-07       1.3870E+00
 Ca++                 7.6133E-03       1.0121E-06       1.8978E+00
 
 Concentrations of Individual Species, Exchangers, and Surface Complexes 
 ----------------------------------------------------------------------- 
 
                           Log        Log                 Concentration     
 Species              Molality   Activity      Molality    Mol/m^3 blk  Type
  NaFES                 -5.755     -3.497     1.756E-06     4.378E-04  Exchange
  NaII                  -2.319     -0.362     4.796E-03     1.196E+00  Exchange
  NaPS                  -1.670     -0.256     2.139E-02     5.331E+00  Exchange
  KFES                  -5.551     -3.293     2.810E-06     7.005E-04  Exchange
  KII                   -2.415     -0.457     3.846E-03     9.588E-01  Exchange
  KPS                   -2.766     -1.352     1.715E-03     4.275E-01  Exchange
  CaPS2                 -2.118     -0.404     7.613E-03     1.898E+00  Exchange
  CsFES                 -2.259      0.000     5.509E-03     1.373E+00  Exchange
  CsII                  -2.623     -0.665     2.385E-03     5.944E-01  Exchange
  CsPS                  -3.573     -2.160     2.671E-04     6.658E-02  Exchange
                           Log        Log                                 Activity
 Species              Molality   Activity      Molality      Activity   Coefficient    Type
  H+                    -7.490     -7.598     3.232E-08     2.521E-08     7.799E-01  Aqueous 
  Cs+                   -3.999     -4.288     1.002E-04     5.154E-05     5.143E-01  Aqueous 
  Na+                   -0.619     -0.784     2.405E-01     1.643E-01     6.831E-01  Aqueous 
  K+                    -2.795     -2.980     1.604E-03     1.047E-03     6.527E-01  Aqueous 
  Ca++                  -1.584     -2.130     2.605E-02     7.415E-03     2.846E-01  Aqueous 
  Cl-                   -0.531     -0.706     2.943E-01     1.968E-01     6.685E-01  Aqueous 
  OH-                   -6.225     -6.400     5.961E-07     3.985E-07     6.685E-01  Aqueous 
  CaOH+                 -7.175     -7.311     6.683E-08     4.882E-08     7.304E-01  Aqueous 
 
  ****** Partial pressure of gases (bars) *****
 
 
  ***** Saturation state of minerals (log[Q/K] *****
 
 
 
  ***** Volum of minerals added or subtracted *****
 
 
 **************************************************************
 ------> GRID LOCATION:    59:  1:  1
 
  Temperature (C)    =     25.000
  Porosity           =      0.250
  Liquid Saturation  =      1.000
  Liquid Density     =    997.075
  Ionic Strength     =      0.320
  Solution pH        =      7.599
  Total Charge       =  9.653E-06
 
 Total Aqueous Concentrations of Primary Species 
 --------------------------------------- 
 
   Species              Molality       Type 
 H+                  -6.3077E-07     Aqueous      
 Cs+                  1.0024E-04     Aqueous      
 Na+                  2.4059E-01     Aqueous      
 K+                   1.6040E-03     Aqueous      
 Ca++                 2.6059E-02     Aqueous      
 Cl-                  2.9440E-01     Aqueous      
 
 Exchangers           Equiv/kgw        Equiv/g solid    Equiv/m^3 bulk
 FES-                 5.5136E-03       7.3300E-07       1.3744E+00
 II-                  1.1027E-02       1.4660E-06       2.7488E+00
 PS-                  3.8595E-02       5.1310E-06       9.6206E+00
 
 Total Concentrations in Exchange Sites 
 -------------------------------------- 
 
 Exchangers           Equiv/kgw        Equiv/g solid    Equiv/m^3 bulk
 Cs+                  8.1607E-03       1.0849E-06       2.0342E+00
 Na+                  2.6186E-02       3.4813E-06       6.5274E+00
 K+                   5.5644E-03       7.3975E-07       1.3870E+00
 Ca++                 7.6126E-03       1.0120E-06       1.8976E+00
 
 Concentrations of Individual Species, Exchangers, and Surface Complexes 
 ----------------------------------------------------------------------- 
 
                           Log        Log                 Concentration     
 Species              Molality   Activity      Molality    Mol/m^3 blk  Type
  NaFES                 -5.755     -3.497     1.756E-06     4.378E-04  Exchange
  NaII                  -2.319     -0.362     4.796E-03     1.196E+00  Exchange
  NaPS                  -1.670     -0.256     2.139E-02     5.331E+00  Exchange
  KFES                  -5.551     -3.293     2.810E-06     7.005E-04  Exchange
  KII                   -2.415     -0.457     3.846E-03     9.588E-01  Exchange
  KPS                   -2.766     -1.352     1.715E-03     4.276E-01  Exchange
  CaPS2                 -2.118     -0.404     7.613E-03     1.898E+00  Exchange
  CsFES                 -2.259      0.000     5.509E-03     1.373E+00  Exchange
  CsII                  -2.623     -0.665     2.385E-03     5.944E-01  Exchange
  CsPS                  -3.573     -2.160     2.671E-04     6.658E-02  Exchange
                           Log        Log                                 Activity
 Species              Molality   Activity      Molality      Activity   Coefficient    Type
  H+                    -7.491     -7.599     3.232E-08     2.520E-08     7.799E-01  Aqueous 
  Cs+                   -3.999     -4.288     1.002E-04     5.155E-05     5.143E-01  Aqueous 
  Na+                   -0.619     -0.784     2.406E-01     1.643E-01     6.830E-01  Aqueous 
  K+                    -2.795     -2.980     1.604E-03     1.047E-03     6.526E-01  Aqueous 
  Ca++                  -1.584     -2.130     2.606E-02     7.417E-03     2.846E-01  Aqueous 
  Cl-                   -0.531     -0.706     2.944E-01     1.968E-01     6.685E-01  Aqueous 
  OH-                   -6.225     -6.399     5.962E-07     3.986E-07     6.685E-01  Aqueous 
  CaOH+                 -7.175     -7.311     6.686E-08     4.884E-08     7.304E-01  Aqueous 
 
  ****** Partial pressure of gases (bars) *****
 
 
  ***** Saturation state of minerals (log[Q/K] *****
 
 
 
  ***** Volum of minerals added or subtracted *****
 
 
 **************************************************************
 ------> GRID LOCATION:    60:  1:  1
 
  Temperature (C)    =     25.000
  Porosity           =      0.250
  Liquid Saturation  =      1.000
  Liquid Density     =    997.075
  Ionic Strength     =      0.321
  Solution pH        =      7.599
  Total Charge       =  6.615E-06
 
 Total Aqueous Concentrations of Primary Species 
 --------------------------------------- 
 
   Species              Molality       Type 
 H+                  -6.3089E-07     Aqueous      
 Cs+                  1.0025E-04     Aqueous      
 Na+                  2.4062E-01     Aqueous      
 K+                   1.6042E-03     Aqueous      
 Ca++                 2.6064E-02     Aqueous      
 Cl-                  2.9445E-01     Aqueous      
 
 Exchangers           Equiv/kgw        Equiv/g solid    Equiv/m^3 bulk
 FES-                 5.5136E-03       7.3300E-07       1.3744E+00
 II-                  1.1027E-02       1.4660E-06       2.7488E+00
 PS-                  3.8595E-02       5.1310E-06       9.6206E+00
 
 Total Concentrations in Exchange Sites 
 -------------------------------------- 
 
 Exchangers           Equiv/kgw        Equiv/g solid    Equiv/m^3 bulk
 Cs+                  8.1607E-03       1.0849E-06       2.0342E+00
 Na+                  2.6187E-02       3.4814E-06       6.5276E+00
 K+                   5.5644E-03       7.3975E-07       1.3870E+00
 Ca++                 7.6121E-03       1.0120E-06       1.8975E+00
 
 Concentrations of Individual Species, Exchangers, and Surface Complexes 
 ----------------------------------------------------------------------- 
 
                           Log        Log                 Concentration     
 Species              Molality   Activity      Molality    Mol/m^3 blk  Type
  NaFES                 -5.755     -3.497     1.756E-06     4.378E-04  Exchange
  NaII                  -2.319     -0.362     4.796E-03     1.196E+00  Exchange
  NaPS                  -1.670     -0.256     2.139E-02     5.332E+00  Exchange
  KFES                  -5.551     -3.293     2.810E-06     7.005E-04  Exchange
  KII                   -2.415     -0.457     3.846E-03     9.588E-01  Exchange
  KPS                   -2.766     -1.352     1.715E-03     4.276E-01  Exchange
  CaPS2                 -2.118     -0.404     7.612E-03     1.897E+00  Exchange
  CsFES                 -2.259      0.000     5.509E-03     1.373E+00  Exchange
  CsII                  -2.623     -0.665     2.385E-03     5.944E-01  Exchange
  CsPS                  -3.573     -2.160     2.671E-04     6.658E-02  Exchange
                           Log        Log                                 Activity
 Species              Molality   Activity      Molality      Activity   Coefficient    Type
  H+                    -7.491     -7.599     3.231E-08     2.520E-08     7.799E-01  Aqueous 
  Cs+                   -3.999     -4.288     1.003E-04     5.156E-05     5.143E-01  Aqueous 
  Na+                   -0.619     -0.784     2.406E-01     1.644E-01     6.830E-01  Aqueous 
  K+                    -2.795     -2.980     1.604E-03     1.047E-03     6.526E-01  Aqueous 
  Ca++                  -1.584     -2.130     2.606E-02     7.418E-03     2.846E-01  Aqueous 
  Cl-                   -0.531     -0.706     2.944E-01     1.968E-01     6.685E-01  Aqueous 
  OH-                   -6.225     -6.399     5.963E-07     3.987E-07     6.685E-01  Aqueous 
  CaOH+                 -7.175     -7.311     6.688E-08     4.885E-08     7.304E-01  Aqueous 
 
  ****** Partial pressure of gases (bars) *****
 
 
  ***** Saturation state of minerals (log[Q/K] *****
 
 
 
  ***** Volum of minerals added or subtracted *****
 
 
 **************************************************************
 ------> GRID LOCATION:    61:  1:  1
 
  Temperature (C)    =     25.000
  Porosity           =      0.250
  Liquid Saturation  =      1.000
  Liquid Density     =    997.075
  Ionic Strength     =      0.321
  Solution pH        =      7.599
  Total Charge       =  4.475E-06
 
 Total Aqueous Concentrations of Primary Species 
 --------------------------------------- 
 
   Species              Molality       Type 
 H+                  -6.3098E-07     Aqueous      
 Cs+                  1.0027E-04     Aqueous      
 Na+                  2.4065E-01     Aqueous      
 K+                   1.6044E-03     Aqueous      
 Ca++                 2.6067E-02     Aqueous      
 Cl-                  2.9449E-01     Aqueous      
 
 Exchangers           Equiv/kgw        Equiv/g solid    Equiv/m^3 bulk
 FES-                 5.5136E-03       7.3300E-07       1.3744E+00
 II-                  1.1027E-02       1.4660E-06       2.7488E+00
 PS-                  3.8595E-02       5.1310E-06       9.6206E+00
 
 Total Concentrations in Exchange Sites 
 -------------------------------------- 
 
 Exchangers           Equiv/kgw        Equiv/g solid    Equiv/m^3 bulk
 Cs+                  8.1607E-03       1.0849E-06       2.0342E+00
 Na+                  2.6187E-02       3.4814E-06       6.5277E+00
 K+                   5.5644E-03       7.3975E-07       1.3870E+00
 Ca++                 7.6118E-03       1.0119E-06       1.8974E+00
 
 Concentrations of Individual Species, Exchangers, and Surface Complexes 
 ----------------------------------------------------------------------- 
 
                           Log        Log                 Concentration     
 Species              Molality   Activity      Molality    Mol/m^3 blk  Type
  NaFES                 -5.755     -3.497     1.756E-06     4.378E-04  Exchange
  NaII                  -2.319     -0.362     4.796E-03     1.196E+00  Exchange
  NaPS                  -1.670     -0.256     2.139E-02     5.332E+00  Exchange
  KFES                  -5.551     -3.293     2.810E-06     7.005E-04  Exchange
  KII                   -2.415     -0.457     3.846E-03     9.588E-01  Exchange
  KPS                   -2.766     -1.352     1.715E-03     4.276E-01  Exchange
  CaPS2                 -2.119     -0.404     7.612E-03     1.897E+00  Exchange
  CsFES                 -2.259      0.000     5.509E-03     1.373E+00  Exchange
  CsII                  -2.623     -0.665     2.385E-03     5.944E-01  Exchange
  CsPS                  -3.573     -2.160     2.671E-04     6.658E-02  Exchange
                           Log        Log                                 Activity
 Species              Molality   Activity      Molality      Activity   Coefficient    Type
  H+                    -7.491     -7.599     3.231E-08     2.520E-08     7.799E-01  Aqueous 
  Cs+                   -3.999     -4.288     1.003E-04     5.156E-05     5.142E-01  Aqueous 
  Na+                   -0.619     -0.784     2.407E-01     1.644E-01     6.830E-01  Aqueous 
  K+                    -2.795     -2.980     1.604E-03     1.047E-03     6.526E-01  Aqueous 
  Ca++                  -1.584     -2.130     2.607E-02     7.418E-03     2.846E-01  Aqueous 
  Cl-                   -0.531     -0.706     2.945E-01     1.969E-01     6.685E-01  Aqueous 
  OH-                   -6.224     -6.399     5.964E-07     3.987E-07     6.685E-01  Aqueous 
  CaOH+                 -7.175     -7.311     6.689E-08     4.886E-08     7.304E-01  Aqueous 
 
  ****** Partial pressure of gases (bars) *****
 
 
  ***** Saturation state of minerals (log[Q/K] *****
 
 
 
  ***** Volum of minerals added or subtracted *****
 
 
 **************************************************************
 ------> GRID LOCATION:    62:  1:  1
 
  Temperature (C)    =     25.000
  Porosity           =      0.250
  Liquid Saturation  =      1.000
  Liquid Density     =    997.075
  Ionic Strength     =      0.321
  Solution pH        =      7.599
  Total Charge       =  2.988E-06
 
 Total Aqueous Concentrations of Primary Species 
 --------------------------------------- 
 
   Species              Molality       Type 
 H+                  -6.3104E-07     Aqueous      
 Cs+                  1.0028E-04     Aqueous      
 Na+                  2.4067E-01     Aqueous      
 K+                   1.6045E-03     Aqueous      
 Ca++                 2.6070E-02     Aqueous      
 Cl-                  2.9451E-01     Aqueous      
 
 Exchangers           Equiv/kgw        Equiv/g solid    Equiv/m^3 bulk
 FES-                 5.5136E-03       7.3300E-07       1.3744E+00
 II-                  1.1027E-02       1.4660E-06       2.7488E+00
 PS-                  3.8595E-02       5.1310E-06       9.6206E+00
 
 Total Concentrations in Exchange Sites 
 -------------------------------------- 
 
 Exchangers           Equiv/kgw        Equiv/g solid    Equiv/m^3 bulk
 Cs+                  8.1607E-03       1.0849E-06       2.0342E+00
 Na+                  2.6188E-02       3.4815E-06       6.5278E+00
 K+                   5.5644E-03       7.3975E-07       1.3870E+00
 Ca++                 7.6117E-03       1.0119E-06       1.8974E+00
 
 Concentrations of Individual Species, Exchangers, and Surface Complexes 
 ----------------------------------------------------------------------- 
 
                           Log        Log                 Concentration     
 Species              Molality   Activity      Molality    Mol/m^3 blk  Type
  NaFES                 -5.755     -3.497     1.756E-06     4.378E-04  Exchange
  NaII                  -2.319     -0.362     4.796E-03     1.196E+00  Exchange
  NaPS                  -1.670     -0.256     2.139E-02     5.332E+00  Exchange
  KFES                  -5.551     -3.293     2.810E-06     7.005E-04  Exchange
  KII                   -2.415     -0.457     3.846E-03     9.588E-01  Exchange
  KPS                   -2.766     -1.352     1.715E-03     4.276E-01  Exchange
  CaPS2                 -2.119     -0.404     7.612E-03     1.897E+00  Exchange
  CsFES                 -2.259      0.000     5.509E-03     1.373E+00  Exchange
  CsII                  -2.623     -0.665     2.385E-03     5.944E-01  Exchange
  CsPS                  -3.573     -2.160     2.671E-04     6.658E-02  Exchange
                           Log        Log                                 Activity
 Species              Molality   Activity      Molality      Activity   Coefficient    Type
  H+                    -7.491     -7.599     3.231E-08     2.520E-08     7.799E-01  Aqueous 
  Cs+                   -3.999     -4.288     1.003E-04     5.156E-05     5.142E-01  Aqueous 
  Na+                   -0.619     -0.784     2.407E-01     1.644E-01     6.830E-01  Aqueous 
  K+                    -2.795     -2.980     1.604E-03     1.047E-03     6.526E-01  Aqueous 
  Ca++                  -1.584     -2.130     2.607E-02     7.419E-03     2.846E-01  Aqueous 
  Cl-                   -0.531     -0.706     2.945E-01     1.969E-01     6.685E-01  Aqueous 
  OH-                   -6.224     -6.399     5.964E-07     3.987E-07     6.685E-01  Aqueous 
  CaOH+                 -7.175     -7.311     6.691E-08     4.887E-08     7.304E-01  Aqueous 
 
  ****** Partial pressure of gases (bars) *****
 
 
  ***** Saturation state of minerals (log[Q/K] *****
 
 
 
  ***** Volum of minerals added or subtracted *****
 
 
 **************************************************************
 ------> GRID LOCATION:    63:  1:  1
 
  Temperature (C)    =     25.000
  Porosity           =      0.250
  Liquid Saturation  =      1.000
  Liquid Density     =    997.075
  Ionic Strength     =      0.321
  Solution pH        =      7.599
  Total Charge       =  1.968E-06
 
 Total Aqueous Concentrations of Primary Species 
 --------------------------------------- 
 
   Species              Molality       Type 
 H+                  -6.3108E-07     Aqueous      
 Cs+                  1.0028E-04     Aqueous      
 Na+                  2.4068E-01     Aqueous      
 K+                   1.6045E-03     Aqueous      
 Ca++                 2.6072E-02     Aqueous      
 Cl-                  2.9453E-01     Aqueous      
 
 Exchangers           Equiv/kgw        Equiv/g solid    Equiv/m^3 bulk
 FES-                 5.5136E-03       7.3300E-07       1.3744E+00
 II-                  1.1027E-02       1.4660E-06       2.7488E+00
 PS-                  3.8595E-02       5.1310E-06       9.6206E+00
 
 Total Concentrations in Exchange Sites 
 -------------------------------------- 
 
 Exchangers           Equiv/kgw        Equiv/g solid    Equiv/m^3 bulk
 Cs+                  8.1607E-03       1.0849E-06       2.0342E+00
 Na+                  2.6188E-02       3.4815E-06       6.5278E+00
 K+                   5.5644E-03       7.3975E-07       1.3870E+00
 Ca++                 7.6116E-03       1.0119E-06       1.8973E+00
 
 Concentrations of Individual Species, Exchangers, and Surface Complexes 
 ----------------------------------------------------------------------- 
 
                           Log        Log                 Concentration     
 Species              Molality   Activity      Molality    Mol/m^3 blk  Type
  NaFES                 -5.755     -3.497     1.756E-06     4.378E-04  Exchange
  NaII                  -2.319     -0.362     4.796E-03     1.196E+00  Exchange
  NaPS                  -1.670     -0.256     2.139E-02     5.332E+00  Exchange
  KFES                  -5.551     -3.293     2.810E-06     7.005E-04  Exchange
  KII                   -2.415     -0.457     3.846E-03     9.588E-01  Exchange
  KPS                   -2.766     -1.352     1.715E-03     4.276E-01  Exchange
  CaPS2                 -2.119     -0.404     7.612E-03     1.897E+00  Exchange
  CsFES                 -2.259      0.000     5.509E-03     1.373E+00  Exchange
  CsII                  -2.623     -0.665     2.385E-03     5.944E-01  Exchange
  CsPS                  -3.573     -2.160     2.671E-04     6.658E-02  Exchange
                           Log        Log                                 Activity
 Species              Molality   Activity      Molality      Activity   Coefficient    Type
  H+                    -7.491     -7.599     3.231E-08     2.519E-08     7.799E-01  Aqueous 
  Cs+                   -3.999     -4.288     1.003E-04     5.157E-05     5.142E-01  Aqueous 
  Na+                   -0.619     -0.784     2.407E-01     1.644E-01     6.830E-01  Aqueous 
  K+                    -2.795     -2.980     1.605E-03     1.047E-03     6.526E-01  Aqueous 
  Ca++                  -1.584     -2.130     2.607E-02     7.419E-03     2.846E-01  Aqueous 
  Cl-                   -0.531     -0.706     2.945E-01     1.969E-01     6.685E-01  Aqueous 
  OH-                   -6.224     -6.399     5.965E-07     3.987E-07     6.685E-01  Aqueous 
  CaOH+                 -7.174     -7.311     6.691E-08     4.887E-08     7.304E-01  Aqueous 
 
  ****** Partial pressure of gases (bars) *****
 
 
  ***** Saturation state of minerals (log[Q/K] *****
 
 
 
  ***** Volum of minerals added or subtracted *****
 
 
 **************************************************************
 ------> GRID LOCATION:    64:  1:  1
 
  Temperature (C)    =     25.000
  Porosity           =      0.250
  Liquid Saturation  =      1.000
  Liquid Density     =    997.075
  Ionic Strength     =      0.321
  Solution pH        =      7.599
  Total Charge       =  1.278E-06
 
 Total Aqueous Concentrations of Primary Species 
 --------------------------------------- 
 
   Species              Molality       Type 
 H+                  -6.3111E-07     Aqueous      
 Cs+                  1.0029E-04     Aqueous      
 Na+                  2.4069E-01     Aqueous      
 K+                   1.6046E-03     Aqueous      
 Ca++                 2.6073E-02     Aqueous      
 Cl-                  2.9454E-01     Aqueous      
 
 Exchangers           Equiv/kgw        Equiv/g solid    Equiv/m^3 bulk
 FES-                 5.5136E-03       7.3300E-07       1.3744E+00
 II-                  1.1027E-02       1.4660E-06       2.7488E+00
 PS-                  3.8595E-02       5.1310E-06       9.6206E+00
 
 Total Concentrations in Exchange Sites 
 -------------------------------------- 
 
 Exchangers           Equiv/kgw        Equiv/g solid    Equiv/m^3 bulk
 Cs+                  8.1607E-03       1.0849E-06       2.0342E+00
 Na+                  2.6188E-02       3.4815E-06       6.5279E+00
 K+                   5.5644E-03       7.3975E-07       1.3870E+00
 Ca++                 7.6115E-03       1.0119E-06       1.8973E+00
 
 Concentrations of Individual Species, Exchangers, and Surface Complexes 
 ----------------------------------------------------------------------- 
 
                           Log        Log                 Concentration     
 Species              Molality   Activity      Molality    Mol/m^3 blk  Type
  NaFES                 -5.755     -3.497     1.756E-06     4.378E-04  Exchange
  NaII                  -2.319     -0.362     4.796E-03     1.196E+00  Exchange
  NaPS                  -1.670     -0.256     2.139E-02     5.332E+00  Exchange
  KFES                  -5.551     -3.293     2.810E-06     7.005E-04  Exchange
  KII                   -2.415     -0.457     3.846E-03     9.588E-01  Exchange
  KPS                   -2.766     -1.352     1.715E-03     4.276E-01  Exchange
  CaPS2                 -2.119     -0.404     7.612E-03     1.897E+00  Exchange
  CsFES                 -2.259      0.000     5.509E-03     1.373E+00  Exchange
  CsII                  -2.623     -0.665     2.385E-03     5.944E-01  Exchange
  CsPS                  -3.573     -2.160     2.671E-04     6.658E-02  Exchange
                           Log        Log                                 Activity
 Species              Molality   Activity      Molality      Activity   Coefficient    Type
  H+                    -7.491     -7.599     3.230E-08     2.519E-08     7.799E-01  Aqueous 
  Cs+                   -3.999     -4.288     1.003E-04     5.157E-05     5.142E-01  Aqueous 
  Na+                   -0.619     -0.784     2.407E-01     1.644E-01     6.830E-01  Aqueous 
  K+                    -2.795     -2.980     1.605E-03     1.047E-03     6.526E-01  Aqueous 
  Ca++                  -1.584     -2.130     2.607E-02     7.420E-03     2.846E-01  Aqueous 
  Cl-                   -0.531     -0.706     2.945E-01     1.969E-01     6.685E-01  Aqueous 
  OH-                   -6.224     -6.399     5.965E-07     3.988E-07     6.685E-01  Aqueous 
  CaOH+                 -7.174     -7.311     6.692E-08     4.888E-08     7.304E-01  Aqueous 
 
  ****** Partial pressure of gases (bars) *****
 
 
  ***** Saturation state of minerals (log[Q/K] *****
 
 
 
  ***** Volum of minerals added or subtracted *****
 
 
 **************************************************************
 ------> GRID LOCATION:    65:  1:  1
 
  Temperature (C)    =     25.000
  Porosity           =      0.250
  Liquid Saturation  =      1.000
  Liquid Density     =    997.075
  Ionic Strength     =      0.321
  Solution pH        =      7.599
  Total Charge       =  8.162E-07
 
 Total Aqueous Concentrations of Primary Species 
 --------------------------------------- 
 
   Species              Molality       Type 
 H+                  -6.3112E-07     Aqueous      
 Cs+                  1.0029E-04     Aqueous      
 Na+                  2.4069E-01     Aqueous      
 K+                   1.6046E-03     Aqueous      
 Ca++                 2.6074E-02     Aqueous      
 Cl-                  2.9455E-01     Aqueous      
 
 Exchangers           Equiv/kgw        Equiv/g solid    Equiv/m^3 bulk
 FES-                 5.5136E-03       7.3300E-07       1.3744E+00
 II-                  1.1027E-02       1.4660E-06       2.7488E+00
 PS-                  3.8595E-02       5.1310E-06       9.6206E+00
 
 Total Concentrations in Exchange Sites 
 -------------------------------------- 
 
 Exchangers           Equiv/kgw        Equiv/g solid    Equiv/m^3 bulk
 Cs+                  8.1607E-03       1.0849E-06       2.0342E+00
 Na+                  2.6188E-02       3.4815E-06       6.5279E+00
 K+                   5.5644E-03       7.3975E-07       1.3870E+00
 Ca++                 7.6115E-03       1.0119E-06       1.8973E+00
 
 Concentrations of Individual Species, Exchangers, and Surface Complexes 
 ----------------------------------------------------------------------- 
 
                           Log        Log                 Concentration     
 Species              Molality   Activity      Molality    Mol/m^3 blk  Type
  NaFES                 -5.755     -3.497     1.756E-06     4.378E-04  Exchange
  NaII                  -2.319     -0.362     4.796E-03     1.196E+00  Exchange
  NaPS                  -1.670     -0.256     2.139E-02     5.332E+00  Exchange
  KFES                  -5.551     -3.293     2.810E-06     7.005E-04  Exchange
  KII                   -2.415     -0.457     3.846E-03     9.588E-01  Exchange
  KPS                   -2.766     -1.352     1.715E-03     4.276E-01  Exchange
  CaPS2                 -2.119     -0.404     7.611E-03     1.897E+00  Exchange
  CsFES                 -2.259      0.000     5.509E-03     1.373E+00  Exchange
  CsII                  -2.623     -0.665     2.385E-03     5.944E-01  Exchange
  CsPS                  -3.573     -2.160     2.671E-04     6.658E-02  Exchange
                           Log        Log                                 Activity
 Species              Molality   Activity      Molality      Activity   Coefficient    Type
  H+                    -7.491     -7.599     3.230E-08     2.519E-08     7.799E-01  Aqueous 
  Cs+                   -3.999     -4.288     1.003E-04     5.157E-05     5.142E-01  Aqueous 
  Na+                   -0.619     -0.784     2.407E-01     1.644E-01     6.830E-01  Aqueous 
  K+                    -2.795     -2.980     1.605E-03     1.047E-03     6.526E-01  Aqueous 
  Ca++                  -1.584     -2.130     2.607E-02     7.420E-03     2.846E-01  Aqueous 
  Cl-                   -0.531     -0.706     2.945E-01     1.969E-01     6.685E-01  Aqueous 
  OH-                   -6.224     -6.399     5.965E-07     3.988E-07     6.685E-01  Aqueous 
  CaOH+                 -7.174     -7.311     6.692E-08     4.888E-08     7.304E-01  Aqueous 
 
  ****** Partial pressure of gases (bars) *****
 
 
  ***** Saturation state of minerals (log[Q/K] *****
 
 
 
  ***** Volum of minerals added or subtracted *****
 
 
 **************************************************************
 ------> GRID LOCATION:    66:  1:  1
 
  Temperature (C)    =     25.000
  Porosity           =      0.250
  Liquid Saturation  =      1.000
  Liquid Density     =    997.075
  Ionic Strength     =      0.321
  Solution pH        =      7.599
  Total Charge       =  5.114E-07
 
 Total Aqueous Concentrations of Primary Species 
 --------------------------------------- 
 
   Species              Molality       Type 
 H+                  -6.3114E-07     Aqueous      
 Cs+                  1.0029E-04     Aqueous      
 Na+                  2.4070E-01     Aqueous      
 K+                   1.6047E-03     Aqueous      
 Ca++                 2.6075E-02     Aqueous      
 Cl-                  2.9455E-01     Aqueous      
 
 Exchangers           Equiv/kgw        Equiv/g solid    Equiv/m^3 bulk
 FES-                 5.5136E-03       7.3300E-07       1.3744E+00
 II-                  1.1027E-02       1.4660E-06       2.7488E+00
 PS-                  3.8595E-02       5.1310E-06       9.6206E+00
 
 Total Concentrations in Exchange Sites 
 -------------------------------------- 
 
 Exchangers           Equiv/kgw        Equiv/g solid    Equiv/m^3 bulk
 Cs+                  8.1607E-03       1.0849E-06       2.0342E+00
 Na+                  2.6188E-02       3.4815E-06       6.5279E+00
 K+                   5.5644E-03       7.3975E-07       1.3870E+00
 Ca++                 7.6115E-03       1.0119E-06       1.8973E+00
 
 Concentrations of Individual Species, Exchangers, and Surface Complexes 
 ----------------------------------------------------------------------- 
 
                           Log        Log                 Concentration     
 Species              Molality   Activity      Molality    Mol/m^3 blk  Type
  NaFES                 -5.755     -3.497     1.756E-06     4.378E-04  Exchange
  NaII                  -2.319     -0.362     4.796E-03     1.196E+00  Exchange
  NaPS                  -1.670     -0.256     2.139E-02     5.332E+00  Exchange
  KFES                  -5.551     -3.293     2.810E-06     7.005E-04  Exchange
  KII                   -2.415     -0.457     3.846E-03     9.588E-01  Exchange
  KPS                   -2.766     -1.352     1.715E-03     4.276E-01  Exchange
  CaPS2                 -2.119     -0.404     7.611E-03     1.897E+00  Exchange
  CsFES                 -2.259      0.000     5.509E-03     1.373E+00  Exchange
  CsII                  -2.623     -0.665     2.385E-03     5.944E-01  Exchange
  CsPS                  -3.573     -2.160     2.671E-04     6.658E-02  Exchange
                           Log        Log                                 Activity
 Species              Molality   Activity      Molality      Activity   Coefficient    Type
  H+                    -7.491     -7.599     3.230E-08     2.519E-08     7.799E-01  Aqueous 
  Cs+                   -3.999     -4.288     1.003E-04     5.157E-05     5.142E-01  Aqueous 
  Na+                   -0.619     -0.784     2.407E-01     1.644E-01     6.830E-01  Aqueous 
  K+                    -2.795     -2.980     1.605E-03     1.047E-03     6.526E-01  Aqueous 
  Ca++                  -1.584     -2.130     2.607E-02     7.420E-03     2.846E-01  Aqueous 
  Cl-                   -0.531     -0.706     2.946E-01     1.969E-01     6.685E-01  Aqueous 
  OH-                   -6.224     -6.399     5.965E-07     3.988E-07     6.685E-01  Aqueous 
  CaOH+                 -7.174     -7.311     6.692E-08     4.888E-08     7.304E-01  Aqueous 
 
  ****** Partial pressure of gases (bars) *****
 
 
  ***** Saturation state of minerals (log[Q/K] *****
 
 
 
  ***** Volum of minerals added or subtracted *****
 
 
 **************************************************************
 ------> GRID LOCATION:    67:  1:  1
 
  Temperature (C)    =     25.000
  Porosity           =      0.250
  Liquid Saturation  =      1.000
  Liquid Density     =    997.075
  Ionic Strength     =      0.321
  Solution pH        =      7.599
  Total Charge       =  3.127E-07
 
 Total Aqueous Concentrations of Primary Species 
 --------------------------------------- 
 
   Species              Molality       Type 
 H+                  -6.3114E-07     Aqueous      
 Cs+                  1.0029E-04     Aqueous      
 Na+                  2.4070E-01     Aqueous      
 K+                   1.6047E-03     Aqueous      
 Ca++                 2.6075E-02     Aqueous      
 Cl-                  2.9456E-01     Aqueous      
 
 Exchangers           Equiv/kgw        Equiv/g solid    Equiv/m^3 bulk
 FES-                 5.5136E-03       7.3300E-07       1.3744E+00
 II-                  1.1027E-02       1.4660E-06       2.7488E+00
 PS-                  3.8595E-02       5.1310E-06       9.6206E+00
 
 Total Concentrations in Exchange Sites 
 -------------------------------------- 
 
 Exchangers           Equiv/kgw        Equiv/g solid    Equiv/m^3 bulk
 Cs+                  8.1607E-03       1.0849E-06       2.0342E+00
 Na+                  2.6188E-02       3.4815E-06       6.5279E+00
 K+                   5.5644E-03       7.3975E-07       1.3870E+00
 Ca++                 7.6115E-03       1.0119E-06       1.8973E+00
 
 Concentrations of Individual Species, Exchangers, and Surface Complexes 
 ----------------------------------------------------------------------- 
 
                           Log        Log                 Concentration     
 Species              Molality   Activity      Molality    Mol/m^3 blk  Type
  NaFES                 -5.755     -3.497     1.756E-06     4.378E-04  Exchange
  NaII                  -2.319     -0.362     4.796E-03     1.196E+00  Exchange
  NaPS                  -1.670     -0.256     2.139E-02     5.332E+00  Exchange
  KFES                  -5.551     -3.293     2.810E-06     7.005E-04  Exchange
  KII                   -2.415     -0.457     3.846E-03     9.588E-01  Exchange
  KPS                   -2.766     -1.352     1.715E-03     4.276E-01  Exchange
  CaPS2                 -2.119     -0.404     7.611E-03     1.897E+00  Exchange
  CsFES                 -2.259      0.000     5.509E-03     1.373E+00  Exchange
  CsII                  -2.623     -0.665     2.385E-03     5.944E-01  Exchange
  CsPS                  -3.573     -2.160     2.671E-04     6.658E-02  Exchange
                           Log        Log                                 Activity
 Species              Molality   Activity      Molality      Activity   Coefficient    Type
  H+                    -7.491     -7.599     3.230E-08     2.519E-08     7.799E-01  Aqueous 
  Cs+                   -3.999     -4.288     1.003E-04     5.157E-05     5.142E-01  Aqueous 
  Na+                   -0.619     -0.784     2.407E-01     1.644E-01     6.830E-01  Aqueous 
  K+                    -2.795     -2.980     1.605E-03     1.047E-03     6.526E-01  Aqueous 
  Ca++                  -1.584     -2.130     2.608E-02     7.420E-03     2.846E-01  Aqueous 
  Cl-                   -0.531     -0.706     2.946E-01     1.969E-01     6.685E-01  Aqueous 
  OH-                   -6.224     -6.399     5.965E-07     3.988E-07     6.685E-01  Aqueous 
  CaOH+                 -7.174     -7.311     6.693E-08     4.888E-08     7.304E-01  Aqueous 
 
  ****** Partial pressure of gases (bars) *****
 
 
  ***** Saturation state of minerals (log[Q/K] *****
 
 
 
  ***** Volum of minerals added or subtracted *****
 
 
 **************************************************************
 ------> GRID LOCATION:    68:  1:  1
 
  Temperature (C)    =     25.000
  Porosity           =      0.250
  Liquid Saturation  =      1.000
  Liquid Density     =    997.075
  Ionic Strength     =      0.321
  Solution pH        =      7.599
  Total Charge       =  1.846E-07
 
 Total Aqueous Concentrations of Primary Species 
 --------------------------------------- 
 
   Species              Molality       Type 
 H+                  -6.3115E-07     Aqueous      
 Cs+                  1.0029E-04     Aqueous      
 Na+                  2.4070E-01     Aqueous      
 K+                   1.6047E-03     Aqueous      
 Ca++                 2.6076E-02     Aqueous      
 Cl-                  2.9456E-01     Aqueous      
 
 Exchangers           Equiv/kgw        Equiv/g solid    Equiv/m^3 bulk
 FES-                 5.5136E-03       7.3300E-07       1.3744E+00
 II-                  1.1027E-02       1.4660E-06       2.7488E+00
 PS-                  3.8595E-02       5.1310E-06       9.6206E+00
 
 Total Concentrations in Exchange Sites 
 -------------------------------------- 
 
 Exchangers           Equiv/kgw        Equiv/g solid    Equiv/m^3 bulk
 Cs+                  8.1607E-03       1.0849E-06       2.0342E+00
 Na+                  2.6188E-02       3.4815E-06       6.5279E+00
 K+                   5.5644E-03       7.3975E-07       1.3870E+00
 Ca++                 7.6115E-03       1.0119E-06       1.8973E+00
 
 Concentrations of Individual Species, Exchangers, and Surface Complexes 
 ----------------------------------------------------------------------- 
 
                           Log        Log                 Concentration     
 Species              Molality   Activity      Molality    Mol/m^3 blk  Type
  NaFES                 -5.755     -3.497     1.756E-06     4.378E-04  Exchange
  NaII                  -2.319     -0.362     4.796E-03     1.196E+00  Exchange
  NaPS                  -1.670     -0.256     2.139E-02     5.332E+00  Exchange
  KFES                  -5.551     -3.293     2.810E-06     7.005E-04  Exchange
  KII                   -2.415     -0.457     3.846E-03     9.588E-01  Exchange
  KPS                   -2.766     -1.352     1.715E-03     4.276E-01  Exchange
  CaPS2                 -2.119     -0.404     7.611E-03     1.897E+00  Exchange
  CsFES                 -2.259      0.000     5.509E-03     1.373E+00  Exchange
  CsII                  -2.623     -0.665     2.385E-03     5.944E-01  Exchange
  CsPS                  -3.573     -2.160     2.671E-04     6.658E-02  Exchange
                           Log        Log                                 Activity
 Species              Molality   Activity      Molality      Activity   Coefficient    Type
  H+                    -7.491     -7.599     3.230E-08     2.519E-08     7.799E-01  Aqueous 
  Cs+                   -3.999     -4.288     1.003E-04     5.157E-05     5.142E-01  Aqueous 
  Na+                   -0.619     -0.784     2.407E-01     1.644E-01     6.830E-01  Aqueous 
  K+                    -2.795     -2.980     1.605E-03     1.047E-03     6.526E-01  Aqueous 
  Ca++                  -1.584     -2.130     2.608E-02     7.420E-03     2.846E-01  Aqueous 
  Cl-                   -0.531     -0.706     2.946E-01     1.969E-01     6.685E-01  Aqueous 
  OH-                   -6.224     -6.399     5.965E-07     3.988E-07     6.685E-01  Aqueous 
  CaOH+                 -7.174     -7.311     6.693E-08     4.888E-08     7.304E-01  Aqueous 
 
  ****** Partial pressure of gases (bars) *****
 
 
  ***** Saturation state of minerals (log[Q/K] *****
 
 
 
  ***** Volum of minerals added or subtracted *****
 
 
 **************************************************************
 ------> GRID LOCATION:    69:  1:  1
 
  Temperature (C)    =     25.000
  Porosity           =      0.250
  Liquid Saturation  =      1.000
  Liquid Density     =    997.075
  Ionic Strength     =      0.321
  Solution pH        =      7.599
  Total Charge       =  1.030E-07
 
 Total Aqueous Concentrations of Primary Species 
 --------------------------------------- 
 
   Species              Molality       Type 
 H+                  -6.3115E-07     Aqueous      
 Cs+                  1.0029E-04     Aqueous      
 Na+                  2.4070E-01     Aqueous      
 K+                   1.6047E-03     Aqueous      
 Ca++                 2.6076E-02     Aqueous      
 Cl-                  2.9456E-01     Aqueous      
 
 Exchangers           Equiv/kgw        Equiv/g solid    Equiv/m^3 bulk
 FES-                 5.5136E-03       7.3300E-07       1.3744E+00
 II-                  1.1027E-02       1.4660E-06       2.7488E+00
 PS-                  3.8595E-02       5.1310E-06       9.6206E+00
 
 Total Concentrations in Exchange Sites 
 -------------------------------------- 
 
 Exchangers           Equiv/kgw        Equiv/g solid    Equiv/m^3 bulk
 Cs+                  8.1607E-03       1.0849E-06       2.0342E+00
 Na+                  2.6188E-02       3.4815E-06       6.5279E+00
 K+                   5.5644E-03       7.3975E-07       1.3870E+00
 Ca++                 7.6115E-03       1.0119E-06       1.8973E+00
 
 Concentrations of Individual Species, Exchangers, and Surface Complexes 
 ----------------------------------------------------------------------- 
 
                           Log        Log                 Concentration     
 Species              Molality   Activity      Molality    Mol/m^3 blk  Type
  NaFES                 -5.755     -3.497     1.756E-06     4.378E-04  Exchange
  NaII                  -2.319     -0.362     4.796E-03     1.196E+00  Exchange
  NaPS                  -1.670     -0.256     2.139E-02     5.332E+00  Exchange
  KFES                  -5.551     -3.293     2.810E-06     7.005E-04  Exchange
  KII                   -2.415     -0.457     3.846E-03     9.588E-01  Exchange
  KPS                   -2.766     -1.352     1.715E-03     4.276E-01  Exchange
  CaPS2                 -2.119     -0.404     7.611E-03     1.897E+00  Exchange
  CsFES                 -2.259      0.000     5.509E-03     1.373E+00  Exchange
  CsII                  -2.623     -0.665     2.385E-03     5.944E-01  Exchange
  CsPS                  -3.573     -2.160     2.671E-04     6.658E-02  Exchange
                           Log        Log                                 Activity
 Species              Molality   Activity      Molality      Activity   Coefficient    Type
  H+                    -7.491     -7.599     3.230E-08     2.519E-08     7.799E-01  Aqueous 
  Cs+                   -3.999     -4.288     1.003E-04     5.157E-05     5.142E-01  Aqueous 
  Na+                   -0.619     -0.784     2.407E-01     1.644E-01     6.830E-01  Aqueous 
  K+                    -2.795     -2.980     1.605E-03     1.047E-03     6.526E-01  Aqueous 
  Ca++                  -1.584     -2.130     2.608E-02     7.420E-03     2.846E-01  Aqueous 
  Cl-                   -0.531     -0.706     2.946E-01     1.969E-01     6.685E-01  Aqueous 
  OH-                   -6.224     -6.399     5.965E-07     3.988E-07     6.685E-01  Aqueous 
  CaOH+                 -7.174     -7.311     6.693E-08     4.888E-08     7.304E-01  Aqueous 
 
  ****** Partial pressure of gases (bars) *****
 
 
  ***** Saturation state of minerals (log[Q/K] *****
 
 
 
  ***** Volum of minerals added or subtracted *****
 
 
 **************************************************************
 ------> GRID LOCATION:    70:  1:  1
 
  Temperature (C)    =     25.000
  Porosity           =      0.250
  Liquid Saturation  =      1.000
  Liquid Density     =    997.075
  Ionic Strength     =      0.321
  Solution pH        =      7.599
  Total Charge       =  5.169E-08
 
 Total Aqueous Concentrations of Primary Species 
 --------------------------------------- 
 
   Species              Molality       Type 
 H+                  -6.3116E-07     Aqueous      
 Cs+                  1.0029E-04     Aqueous      
 Na+                  2.4070E-01     Aqueous      
 K+                   1.6047E-03     Aqueous      
 Ca++                 2.6076E-02     Aqueous      
 Cl-                  2.9456E-01     Aqueous      
 
 Exchangers           Equiv/kgw        Equiv/g solid    Equiv/m^3 bulk
 FES-                 5.5136E-03       7.3300E-07       1.3744E+00
 II-                  1.1027E-02       1.4660E-06       2.7488E+00
 PS-                  3.8595E-02       5.1310E-06       9.6206E+00
 
 Total Concentrations in Exchange Sites 
 -------------------------------------- 
 
 Exchangers           Equiv/kgw        Equiv/g solid    Equiv/m^3 bulk
 Cs+                  8.1607E-03       1.0849E-06       2.0342E+00
 Na+                  2.6188E-02       3.4815E-06       6.5279E+00
 K+                   5.5644E-03       7.3975E-07       1.3870E+00
 Ca++                 7.6115E-03       1.0119E-06       1.8973E+00
 
 Concentrations of Individual Species, Exchangers, and Surface Complexes 
 ----------------------------------------------------------------------- 
 
                           Log        Log                 Concentration     
 Species              Molality   Activity      Molality    Mol/m^3 blk  Type
  NaFES                 -5.755     -3.497     1.756E-06     4.378E-04  Exchange
  NaII                  -2.319     -0.362     4.796E-03     1.196E+00  Exchange
  NaPS                  -1.670     -0.256     2.139E-02     5.332E+00  Exchange
  KFES                  -5.551     -3.293     2.810E-06     7.005E-04  Exchange
  KII                   -2.415     -0.457     3.846E-03     9.588E-01  Exchange
  KPS                   -2.766     -1.352     1.715E-03     4.276E-01  Exchange
  CaPS2                 -2.119     -0.404     7.611E-03     1.897E+00  Exchange
  CsFES                 -2.259      0.000     5.509E-03     1.373E+00  Exchange
  CsII                  -2.623     -0.665     2.385E-03     5.944E-01  Exchange
  CsPS                  -3.573     -2.160     2.671E-04     6.658E-02  Exchange
                           Log        Log                                 Activity
 Species              Molality   Activity      Molality      Activity   Coefficient    Type
  H+                    -7.491     -7.599     3.230E-08     2.519E-08     7.799E-01  Aqueous 
  Cs+                   -3.999     -4.288     1.003E-04     5.157E-05     5.142E-01  Aqueous 
  Na+                   -0.619     -0.784     2.407E-01     1.644E-01     6.830E-01  Aqueous 
  K+                    -2.795     -2.980     1.605E-03     1.047E-03     6.526E-01  Aqueous 
  Ca++                  -1.584     -2.130     2.608E-02     7.420E-03     2.846E-01  Aqueous 
  Cl-                   -0.531     -0.706     2.946E-01     1.969E-01     6.685E-01  Aqueous 
  OH-                   -6.224     -6.399     5.965E-07     3.988E-07     6.685E-01  Aqueous 
  CaOH+                 -7.174     -7.311     6.693E-08     4.888E-08     7.304E-01  Aqueous 
 
  ****** Partial pressure of gases (bars) *****
 
 
  ***** Saturation state of minerals (log[Q/K] *****
 
 
 
  ***** Volum of minerals added or subtracted *****
 
 
 **************************************************************
 ------> GRID LOCATION:    71:  1:  1
 
  Temperature (C)    =     25.000
  Porosity           =      0.250
  Liquid Saturation  =      1.000
  Liquid Density     =    997.075
  Ionic Strength     =      0.321
  Solution pH        =      7.599
  Total Charge       =  1.973E-08
 
 Total Aqueous Concentrations of Primary Species 
 --------------------------------------- 
 
   Species              Molality       Type 
 H+                  -6.3116E-07     Aqueous      
 Cs+                  1.0029E-04     Aqueous      
 Na+                  2.4070E-01     Aqueous      
 K+                   1.6047E-03     Aqueous      
 Ca++                 2.6076E-02     Aqueous      
 Cl-                  2.9456E-01     Aqueous      
 
 Exchangers           Equiv/kgw        Equiv/g solid    Equiv/m^3 bulk
 FES-                 5.5136E-03       7.3300E-07       1.3744E+00
 II-                  1.1027E-02       1.4660E-06       2.7488E+00
 PS-                  3.8595E-02       5.1310E-06       9.6206E+00
 
 Total Concentrations in Exchange Sites 
 -------------------------------------- 
 
 Exchangers           Equiv/kgw        Equiv/g solid    Equiv/m^3 bulk
 Cs+                  8.1607E-03       1.0849E-06       2.0342E+00
 Na+                  2.6188E-02       3.4815E-06       6.5279E+00
 K+                   5.5644E-03       7.3975E-07       1.3870E+00
 Ca++                 7.6115E-03       1.0119E-06       1.8973E+00
 
 Concentrations of Individual Species, Exchangers, and Surface Complexes 
 ----------------------------------------------------------------------- 
 
                           Log        Log                 Concentration     
 Species              Molality   Activity      Molality    Mol/m^3 blk  Type
  NaFES                 -5.755     -3.497     1.756E-06     4.378E-04  Exchange
  NaII                  -2.319     -0.362     4.796E-03     1.196E+00  Exchange
  NaPS                  -1.670     -0.256     2.139E-02     5.332E+00  Exchange
  KFES                  -5.551     -3.293     2.810E-06     7.005E-04  Exchange
  KII                   -2.415     -0.457     3.846E-03     9.588E-01  Exchange
  KPS                   -2.766     -1.352     1.715E-03     4.276E-01  Exchange
  CaPS2                 -2.119     -0.404     7.611E-03     1.897E+00  Exchange
  CsFES                 -2.259      0.000     5.509E-03     1.373E+00  Exchange
  CsII                  -2.623     -0.665     2.385E-03     5.944E-01  Exchange
  CsPS                  -3.573     -2.160     2.671E-04     6.658E-02  Exchange
                           Log        Log                                 Activity
 Species              Molality   Activity      Molality      Activity   Coefficient    Type
  H+                    -7.491     -7.599     3.230E-08     2.519E-08     7.799E-01  Aqueous 
  Cs+                   -3.999     -4.288     1.003E-04     5.157E-05     5.142E-01  Aqueous 
  Na+                   -0.619     -0.784     2.407E-01     1.644E-01     6.830E-01  Aqueous 
  K+                    -2.795     -2.980     1.605E-03     1.047E-03     6.526E-01  Aqueous 
  Ca++                  -1.584     -2.130     2.608E-02     7.420E-03     2.846E-01  Aqueous 
  Cl-                   -0.531     -0.706     2.946E-01     1.969E-01     6.685E-01  Aqueous 
  OH-                   -6.224     -6.399     5.965E-07     3.988E-07     6.685E-01  Aqueous 
  CaOH+                 -7.174     -7.311     6.693E-08     4.888E-08     7.304E-01  Aqueous 
 
  ****** Partial pressure of gases (bars) *****
 
 
  ***** Saturation state of minerals (log[Q/K] *****
 
 
 
  ***** Volum of minerals added or subtracted *****
 
 
 **************************************************************
 ------> GRID LOCATION:    72:  1:  1
 
  Temperature (C)    =     25.000
  Porosity           =      0.250
  Liquid Saturation  =      1.000
  Liquid Density     =    997.075
  Ionic Strength     =      0.321
  Solution pH        =      7.599
  Total Charge       =  6.425E-11
 
 Total Aqueous Concentrations of Primary Species 
 --------------------------------------- 
 
   Species              Molality       Type 
 H+                  -6.3116E-07     Aqueous      
 Cs+                  1.0029E-04     Aqueous      
 Na+                  2.4070E-01     Aqueous      
 K+                   1.6047E-03     Aqueous      
 Ca++                 2.6076E-02     Aqueous      
 Cl-                  2.9456E-01     Aqueous      
 
 Exchangers           Equiv/kgw        Equiv/g solid    Equiv/m^3 bulk
 FES-                 5.5136E-03       7.3300E-07       1.3744E+00
 II-                  1.1027E-02       1.4660E-06       2.7488E+00
 PS-                  3.8595E-02       5.1310E-06       9.6206E+00
 
 Total Concentrations in Exchange Sites 
 -------------------------------------- 
 
 Exchangers           Equiv/kgw        Equiv/g solid    Equiv/m^3 bulk
 Cs+                  8.1607E-03       1.0849E-06       2.0342E+00
 Na+                  2.6188E-02       3.4815E-06       6.5279E+00
 K+                   5.5644E-03       7.3975E-07       1.3870E+00
 Ca++                 7.6115E-03       1.0119E-06       1.8973E+00
 
 Concentrations of Individual Species, Exchangers, and Surface Complexes 
 ----------------------------------------------------------------------- 
 
                           Log        Log                 Concentration     
 Species              Molality   Activity      Molality    Mol/m^3 blk  Type
  NaFES                 -5.755     -3.497     1.756E-06     4.378E-04  Exchange
  NaII                  -2.319     -0.362     4.796E-03     1.196E+00  Exchange
  NaPS                  -1.670     -0.256     2.139E-02     5.332E+00  Exchange
  KFES                  -5.551     -3.293     2.810E-06     7.005E-04  Exchange
  KII                   -2.415     -0.457     3.846E-03     9.588E-01  Exchange
  KPS                   -2.766     -1.352     1.715E-03     4.276E-01  Exchange
  CaPS2                 -2.119     -0.404     7.611E-03     1.897E+00  Exchange
  CsFES                 -2.259      0.000     5.509E-03     1.373E+00  Exchange
  CsII                  -2.623     -0.665     2.385E-03     5.944E-01  Exchange
  CsPS                  -3.573     -2.160     2.671E-04     6.658E-02  Exchange
                           Log        Log                                 Activity
 Species              Molality   Activity      Molality      Activity   Coefficient    Type
  H+                    -7.491     -7.599     3.230E-08     2.519E-08     7.799E-01  Aqueous 
  Cs+                   -3.999     -4.288     1.003E-04     5.157E-05     5.142E-01  Aqueous 
  Na+                   -0.619     -0.784     2.407E-01     1.644E-01     6.830E-01  Aqueous 
  K+                    -2.795     -2.980     1.605E-03     1.047E-03     6.526E-01  Aqueous 
  Ca++                  -1.584     -2.130     2.608E-02     7.420E-03     2.846E-01  Aqueous 
  Cl-                   -0.531     -0.706     2.946E-01     1.969E-01     6.685E-01  Aqueous 
  OH-                   -6.224     -6.399     5.965E-07     3.988E-07     6.685E-01  Aqueous 
  CaOH+                 -7.174     -7.311     6.693E-08     4.888E-08     7.304E-01  Aqueous 
 
  ****** Partial pressure of gases (bars) *****
 
 
  ***** Saturation state of minerals (log[Q/K] *****
 
 
 
  ***** Volum of minerals added or subtracted *****
 
 
 **************************************************************
 ------> GRID LOCATION:    73:  1:  1
 
  Temperature (C)    =     25.000
  Porosity           =      0.250
  Liquid Saturation  =      1.000
  Liquid Density     =    997.075
  Ionic Strength     =      0.321
  Solution pH        =      7.599
  Total Charge       = -1.191E-08
 
 Total Aqueous Concentrations of Primary Species 
 --------------------------------------- 
 
   Species              Molality       Type 
 H+                  -6.3116E-07     Aqueous      
 Cs+                  1.0029E-04     Aqueous      
 Na+                  2.4070E-01     Aqueous      
 K+                   1.6047E-03     Aqueous      
 Ca++                 2.6076E-02     Aqueous      
 Cl-                  2.9456E-01     Aqueous      
 
 Exchangers           Equiv/kgw        Equiv/g solid    Equiv/m^3 bulk
 FES-                 5.5136E-03       7.3300E-07       1.3744E+00
 II-                  1.1027E-02       1.4660E-06       2.7488E+00
 PS-                  3.8595E-02       5.1310E-06       9.6206E+00
 
 Total Concentrations in Exchange Sites 
 -------------------------------------- 
 
 Exchangers           Equiv/kgw        Equiv/g solid    Equiv/m^3 bulk
 Cs+                  8.1607E-03       1.0849E-06       2.0342E+00
 Na+                  2.6188E-02       3.4815E-06       6.5279E+00
 K+                   5.5644E-03       7.3975E-07       1.3870E+00
 Ca++                 7.6115E-03       1.0119E-06       1.8973E+00
 
 Concentrations of Individual Species, Exchangers, and Surface Complexes 
 ----------------------------------------------------------------------- 
 
                           Log        Log                 Concentration     
 Species              Molality   Activity      Molality    Mol/m^3 blk  Type
  NaFES                 -5.755     -3.497     1.756E-06     4.378E-04  Exchange
  NaII                  -2.319     -0.362     4.796E-03     1.196E+00  Exchange
  NaPS                  -1.670     -0.256     2.139E-02     5.332E+00  Exchange
  KFES                  -5.551     -3.293     2.810E-06     7.005E-04  Exchange
  KII                   -2.415     -0.457     3.846E-03     9.588E-01  Exchange
  KPS                   -2.766     -1.352     1.715E-03     4.276E-01  Exchange
  CaPS2                 -2.119     -0.404     7.611E-03     1.897E+00  Exchange
  CsFES                 -2.259      0.000     5.509E-03     1.373E+00  Exchange
  CsII                  -2.623     -0.665     2.385E-03     5.944E-01  Exchange
  CsPS                  -3.573     -2.160     2.671E-04     6.658E-02  Exchange
                           Log        Log                                 Activity
 Species              Molality   Activity      Molality      Activity   Coefficient    Type
  H+                    -7.491     -7.599     3.230E-08     2.519E-08     7.799E-01  Aqueous 
  Cs+                   -3.999     -4.288     1.003E-04     5.157E-05     5.142E-01  Aqueous 
  Na+                   -0.619     -0.784     2.407E-01     1.644E-01     6.830E-01  Aqueous 
  K+                    -2.795     -2.980     1.605E-03     1.047E-03     6.526E-01  Aqueous 
  Ca++                  -1.584     -2.130     2.608E-02     7.420E-03     2.846E-01  Aqueous 
  Cl-                   -0.531     -0.706     2.946E-01     1.969E-01     6.685E-01  Aqueous 
  OH-                   -6.224     -6.399     5.965E-07     3.988E-07     6.685E-01  Aqueous 
  CaOH+                 -7.174     -7.311     6.693E-08     4.888E-08     7.304E-01  Aqueous 
 
  ****** Partial pressure of gases (bars) *****
 
 
  ***** Saturation state of minerals (log[Q/K] *****
 
 
 
  ***** Volum of minerals added or subtracted *****
 
 
 **************************************************************
 ------> GRID LOCATION:    74:  1:  1
 
  Temperature (C)    =     25.000
  Porosity           =      0.250
  Liquid Saturation  =      1.000
  Liquid Density     =    997.075
  Ionic Strength     =      0.321
  Solution pH        =      7.599
  Total Charge       = -1.912E-08
 
 Total Aqueous Concentrations of Primary Species 
 --------------------------------------- 
 
   Species              Molality       Type 
 H+                  -6.3116E-07     Aqueous      
 Cs+                  1.0029E-04     Aqueous      
 Na+                  2.4070E-01     Aqueous      
 K+                   1.6047E-03     Aqueous      
 Ca++                 2.6076E-02     Aqueous      
 Cl-                  2.9456E-01     Aqueous      
 
 Exchangers           Equiv/kgw        Equiv/g solid    Equiv/m^3 bulk
 FES-                 5.5136E-03       7.3300E-07       1.3744E+00
 II-                  1.1027E-02       1.4660E-06       2.7488E+00
 PS-                  3.8595E-02       5.1310E-06       9.6206E+00
 
 Total Concentrations in Exchange Sites 
 -------------------------------------- 
 
 Exchangers           Equiv/kgw        Equiv/g solid    Equiv/m^3 bulk
 Cs+                  8.1607E-03       1.0849E-06       2.0342E+00
 Na+                  2.6188E-02       3.4815E-06       6.5279E+00
 K+                   5.5644E-03       7.3975E-07       1.3870E+00
 Ca++                 7.6115E-03       1.0119E-06       1.8973E+00
 
 Concentrations of Individual Species, Exchangers, and Surface Complexes 
 ----------------------------------------------------------------------- 
 
                           Log        Log                 Concentration     
 Species              Molality   Activity      Molality    Mol/m^3 blk  Type
  NaFES                 -5.755     -3.497     1.756E-06     4.378E-04  Exchange
  NaII                  -2.319     -0.362     4.796E-03     1.196E+00  Exchange
  NaPS                  -1.670     -0.256     2.139E-02     5.332E+00  Exchange
  KFES                  -5.551     -3.293     2.810E-06     7.005E-04  Exchange
  KII                   -2.415     -0.457     3.846E-03     9.588E-01  Exchange
  KPS                   -2.766     -1.352     1.715E-03     4.276E-01  Exchange
  CaPS2                 -2.119     -0.404     7.611E-03     1.897E+00  Exchange
  CsFES                 -2.259      0.000     5.509E-03     1.373E+00  Exchange
  CsII                  -2.623     -0.665     2.385E-03     5.944E-01  Exchange
  CsPS                  -3.573     -2.160     2.671E-04     6.658E-02  Exchange
                           Log        Log                                 Activity
 Species              Molality   Activity      Molality      Activity   Coefficient    Type
  H+                    -7.491     -7.599     3.230E-08     2.519E-08     7.799E-01  Aqueous 
  Cs+                   -3.999     -4.288     1.003E-04     5.157E-05     5.142E-01  Aqueous 
  Na+                   -0.619     -0.784     2.407E-01     1.644E-01     6.830E-01  Aqueous 
  K+                    -2.795     -2.980     1.605E-03     1.047E-03     6.526E-01  Aqueous 
  Ca++                  -1.584     -2.130     2.608E-02     7.420E-03     2.846E-01  Aqueous 
  Cl-                   -0.531     -0.706     2.946E-01     1.969E-01     6.685E-01  Aqueous 
  OH-                   -6.224     -6.399     5.965E-07     3.988E-07     6.685E-01  Aqueous 
  CaOH+                 -7.174     -7.311     6.693E-08     4.888E-08     7.304E-01  Aqueous 
 
  ****** Partial pressure of gases (bars) *****
 
 
  ***** Saturation state of minerals (log[Q/K] *****
 
 
 
  ***** Volum of minerals added or subtracted *****
 
 
 **************************************************************
 ------> GRID LOCATION:    75:  1:  1
 
  Temperature (C)    =     25.000
  Porosity           =      0.250
  Liquid Saturation  =      1.000
  Liquid Density     =    997.075
  Ionic Strength     =      0.321
  Solution pH        =      7.599
  Total Charge       = -2.342E-08
 
 Total Aqueous Concentrations of Primary Species 
 --------------------------------------- 
 
   Species              Molality       Type 
 H+                  -6.3116E-07     Aqueous      
 Cs+                  1.0029E-04     Aqueous      
 Na+                  2.4070E-01     Aqueous      
 K+                   1.6047E-03     Aqueous      
 Ca++                 2.6076E-02     Aqueous      
 Cl-                  2.9456E-01     Aqueous      
 
 Exchangers           Equiv/kgw        Equiv/g solid    Equiv/m^3 bulk
 FES-                 5.5136E-03       7.3300E-07       1.3744E+00
 II-                  1.1027E-02       1.4660E-06       2.7488E+00
 PS-                  3.8595E-02       5.1310E-06       9.6206E+00
 
 Total Concentrations in Exchange Sites 
 -------------------------------------- 
 
 Exchangers           Equiv/kgw        Equiv/g solid    Equiv/m^3 bulk
 Cs+                  8.1607E-03       1.0849E-06       2.0342E+00
 Na+                  2.6188E-02       3.4815E-06       6.5279E+00
 K+                   5.5644E-03       7.3975E-07       1.3870E+00
 Ca++                 7.6115E-03       1.0119E-06       1.8973E+00
 
 Concentrations of Individual Species, Exchangers, and Surface Complexes 
 ----------------------------------------------------------------------- 
 
                           Log        Log                 Concentration     
 Species              Molality   Activity      Molality    Mol/m^3 blk  Type
  NaFES                 -5.755     -3.497     1.756E-06     4.378E-04  Exchange
  NaII                  -2.319     -0.362     4.796E-03     1.196E+00  Exchange
  NaPS                  -1.670     -0.256     2.139E-02     5.332E+00  Exchange
  KFES                  -5.551     -3.293     2.810E-06     7.005E-04  Exchange
  KII                   -2.415     -0.457     3.846E-03     9.588E-01  Exchange
  KPS                   -2.766     -1.352     1.715E-03     4.276E-01  Exchange
  CaPS2                 -2.119     -0.404     7.611E-03     1.897E+00  Exchange
  CsFES                 -2.259      0.000     5.509E-03     1.373E+00  Exchange
  CsII                  -2.623     -0.665     2.385E-03     5.944E-01  Exchange
  CsPS                  -3.573     -2.160     2.671E-04     6.658E-02  Exchange
                           Log        Log                                 Activity
 Species              Molality   Activity      Molality      Activity   Coefficient    Type
  H+                    -7.491     -7.599     3.230E-08     2.519E-08     7.799E-01  Aqueous 
  Cs+                   -3.999     -4.288     1.003E-04     5.157E-05     5.142E-01  Aqueous 
  Na+                   -0.619     -0.784     2.407E-01     1.644E-01     6.830E-01  Aqueous 
  K+                    -2.795     -2.980     1.605E-03     1.047E-03     6.526E-01  Aqueous 
  Ca++                  -1.584     -2.130     2.608E-02     7.420E-03     2.846E-01  Aqueous 
  Cl-                   -0.531     -0.706     2.946E-01     1.969E-01     6.685E-01  Aqueous 
  OH-                   -6.224     -6.399     5.965E-07     3.988E-07     6.685E-01  Aqueous 
  CaOH+                 -7.174     -7.311     6.693E-08     4.888E-08     7.304E-01  Aqueous 
 
  ****** Partial pressure of gases (bars) *****
 
 
  ***** Saturation state of minerals (log[Q/K] *****
 
 
 
  ***** Volum of minerals added or subtracted *****
 
 
 **************************************************************
 ------> GRID LOCATION:    76:  1:  1
 
  Temperature (C)    =     25.000
  Porosity           =      0.250
  Liquid Saturation  =      1.000
  Liquid Density     =    997.075
  Ionic Strength     =      0.321
  Solution pH        =      7.599
  Total Charge       = -2.595E-08
 
 Total Aqueous Concentrations of Primary Species 
 --------------------------------------- 
 
   Species              Molality       Type 
 H+                  -6.3116E-07     Aqueous      
 Cs+                  1.0029E-04     Aqueous      
 Na+                  2.4070E-01     Aqueous      
 K+                   1.6047E-03     Aqueous      
 Ca++                 2.6076E-02     Aqueous      
 Cl-                  2.9456E-01     Aqueous      
 
 Exchangers           Equiv/kgw        Equiv/g solid    Equiv/m^3 bulk
 FES-                 5.5136E-03       7.3300E-07       1.3744E+00
 II-                  1.1027E-02       1.4660E-06       2.7488E+00
 PS-                  3.8595E-02       5.1310E-06       9.6206E+00
 
 Total Concentrations in Exchange Sites 
 -------------------------------------- 
 
 Exchangers           Equiv/kgw        Equiv/g solid    Equiv/m^3 bulk
 Cs+                  8.1607E-03       1.0849E-06       2.0342E+00
 Na+                  2.6188E-02       3.4815E-06       6.5279E+00
 K+                   5.5644E-03       7.3975E-07       1.3870E+00
 Ca++                 7.6115E-03       1.0119E-06       1.8973E+00
 
 Concentrations of Individual Species, Exchangers, and Surface Complexes 
 ----------------------------------------------------------------------- 
 
                           Log        Log                 Concentration     
 Species              Molality   Activity      Molality    Mol/m^3 blk  Type
  NaFES                 -5.755     -3.497     1.756E-06     4.378E-04  Exchange
  NaII                  -2.319     -0.362     4.796E-03     1.196E+00  Exchange
  NaPS                  -1.670     -0.256     2.139E-02     5.332E+00  Exchange
  KFES                  -5.551     -3.293     2.810E-06     7.005E-04  Exchange
  KII                   -2.415     -0.457     3.846E-03     9.588E-01  Exchange
  KPS                   -2.766     -1.352     1.715E-03     4.276E-01  Exchange
  CaPS2                 -2.119     -0.404     7.611E-03     1.897E+00  Exchange
  CsFES                 -2.259      0.000     5.509E-03     1.373E+00  Exchange
  CsII                  -2.623     -0.665     2.385E-03     5.944E-01  Exchange
  CsPS                  -3.573     -2.160     2.671E-04     6.658E-02  Exchange
                           Log        Log                                 Activity
 Species              Molality   Activity      Molality      Activity   Coefficient    Type
  H+                    -7.491     -7.599     3.230E-08     2.519E-08     7.799E-01  Aqueous 
  Cs+                   -3.999     -4.288     1.003E-04     5.157E-05     5.142E-01  Aqueous 
  Na+                   -0.619     -0.784     2.407E-01     1.644E-01     6.830E-01  Aqueous 
  K+                    -2.795     -2.980     1.605E-03     1.047E-03     6.526E-01  Aqueous 
  Ca++                  -1.584     -2.130     2.608E-02     7.420E-03     2.846E-01  Aqueous 
  Cl-                   -0.531     -0.706     2.946E-01     1.969E-01     6.685E-01  Aqueous 
  OH-                   -6.224     -6.399     5.965E-07     3.988E-07     6.685E-01  Aqueous 
  CaOH+                 -7.174     -7.311     6.693E-08     4.888E-08     7.304E-01  Aqueous 
 
  ****** Partial pressure of gases (bars) *****
 
 
  ***** Saturation state of minerals (log[Q/K] *****
 
 
 
  ***** Volum of minerals added or subtracted *****
 
 
 **************************************************************
 ------> GRID LOCATION:    77:  1:  1
 
  Temperature (C)    =     25.000
  Porosity           =      0.250
  Liquid Saturation  =      1.000
  Liquid Density     =    997.075
  Ionic Strength     =      0.321
  Solution pH        =      7.599
  Total Charge       = -2.743E-08
 
 Total Aqueous Concentrations of Primary Species 
 --------------------------------------- 
 
   Species              Molality       Type 
 H+                  -6.3116E-07     Aqueous      
 Cs+                  1.0029E-04     Aqueous      
 Na+                  2.4070E-01     Aqueous      
 K+                   1.6047E-03     Aqueous      
 Ca++                 2.6076E-02     Aqueous      
 Cl-                  2.9456E-01     Aqueous      
 
 Exchangers           Equiv/kgw        Equiv/g solid    Equiv/m^3 bulk
 FES-                 5.5136E-03       7.3300E-07       1.3744E+00
 II-                  1.1027E-02       1.4660E-06       2.7488E+00
 PS-                  3.8595E-02       5.1310E-06       9.6206E+00
 
 Total Concentrations in Exchange Sites 
 -------------------------------------- 
 
 Exchangers           Equiv/kgw        Equiv/g solid    Equiv/m^3 bulk
 Cs+                  8.1607E-03       1.0849E-06       2.0342E+00
 Na+                  2.6188E-02       3.4815E-06       6.5279E+00
 K+                   5.5644E-03       7.3975E-07       1.3870E+00
 Ca++                 7.6115E-03       1.0119E-06       1.8973E+00
 
 Concentrations of Individual Species, Exchangers, and Surface Complexes 
 ----------------------------------------------------------------------- 
 
                           Log        Log                 Concentration     
 Species              Molality   Activity      Molality    Mol/m^3 blk  Type
  NaFES                 -5.755     -3.497     1.756E-06     4.378E-04  Exchange
  NaII                  -2.319     -0.362     4.796E-03     1.196E+00  Exchange
  NaPS                  -1.670     -0.256     2.139E-02     5.332E+00  Exchange
  KFES                  -5.551     -3.293     2.810E-06     7.005E-04  Exchange
  KII                   -2.415     -0.457     3.846E-03     9.588E-01  Exchange
  KPS                   -2.766     -1.352     1.715E-03     4.276E-01  Exchange
  CaPS2                 -2.119     -0.404     7.611E-03     1.897E+00  Exchange
  CsFES                 -2.259      0.000     5.509E-03     1.373E+00  Exchange
  CsII                  -2.623     -0.665     2.385E-03     5.944E-01  Exchange
  CsPS                  -3.573     -2.160     2.671E-04     6.658E-02  Exchange
                           Log        Log                                 Activity
 Species              Molality   Activity      Molality      Activity   Coefficient    Type
  H+                    -7.491     -7.599     3.230E-08     2.519E-08     7.799E-01  Aqueous 
  Cs+                   -3.999     -4.288     1.003E-04     5.157E-05     5.142E-01  Aqueous 
  Na+                   -0.619     -0.784     2.407E-01     1.644E-01     6.830E-01  Aqueous 
  K+                    -2.795     -2.980     1.605E-03     1.047E-03     6.526E-01  Aqueous 
  Ca++                  -1.584     -2.130     2.608E-02     7.420E-03     2.846E-01  Aqueous 
  Cl-                   -0.531     -0.706     2.946E-01     1.969E-01     6.685E-01  Aqueous 
  OH-                   -6.224     -6.399     5.965E-07     3.988E-07     6.685E-01  Aqueous 
  CaOH+                 -7.174     -7.311     6.693E-08     4.888E-08     7.304E-01  Aqueous 
 
  ****** Partial pressure of gases (bars) *****
 
 
  ***** Saturation state of minerals (log[Q/K] *****
 
 
 
  ***** Volum of minerals added or subtracted *****
 
 
 **************************************************************
 ------> GRID LOCATION:    78:  1:  1
 
  Temperature (C)    =     25.000
  Porosity           =      0.250
  Liquid Saturation  =      1.000
  Liquid Density     =    997.075
  Ionic Strength     =      0.321
  Solution pH        =      7.599
  Total Charge       = -2.829E-08
 
 Total Aqueous Concentrations of Primary Species 
 --------------------------------------- 
 
   Species              Molality       Type 
 H+                  -6.3116E-07     Aqueous      
 Cs+                  1.0029E-04     Aqueous      
 Na+                  2.4070E-01     Aqueous      
 K+                   1.6047E-03     Aqueous      
 Ca++                 2.6076E-02     Aqueous      
 Cl-                  2.9456E-01     Aqueous      
 
 Exchangers           Equiv/kgw        Equiv/g solid    Equiv/m^3 bulk
 FES-                 5.5136E-03       7.3300E-07       1.3744E+00
 II-                  1.1027E-02       1.4660E-06       2.7488E+00
 PS-                  3.8595E-02       5.1310E-06       9.6206E+00
 
 Total Concentrations in Exchange Sites 
 -------------------------------------- 
 
 Exchangers           Equiv/kgw        Equiv/g solid    Equiv/m^3 bulk
 Cs+                  8.1607E-03       1.0849E-06       2.0342E+00
 Na+                  2.6188E-02       3.4815E-06       6.5279E+00
 K+                   5.5644E-03       7.3975E-07       1.3870E+00
 Ca++                 7.6115E-03       1.0119E-06       1.8973E+00
 
 Concentrations of Individual Species, Exchangers, and Surface Complexes 
 ----------------------------------------------------------------------- 
 
                           Log        Log                 Concentration     
 Species              Molality   Activity      Molality    Mol/m^3 blk  Type
  NaFES                 -5.755     -3.497     1.756E-06     4.378E-04  Exchange
  NaII                  -2.319     -0.362     4.796E-03     1.196E+00  Exchange
  NaPS                  -1.670     -0.256     2.139E-02     5.332E+00  Exchange
  KFES                  -5.551     -3.293     2.810E-06     7.005E-04  Exchange
  KII                   -2.415     -0.457     3.846E-03     9.588E-01  Exchange
  KPS                   -2.766     -1.352     1.715E-03     4.276E-01  Exchange
  CaPS2                 -2.119     -0.404     7.611E-03     1.897E+00  Exchange
  CsFES                 -2.259      0.000     5.509E-03     1.373E+00  Exchange
  CsII                  -2.623     -0.665     2.385E-03     5.944E-01  Exchange
  CsPS                  -3.573     -2.160     2.671E-04     6.658E-02  Exchange
                           Log        Log                                 Activity
 Species              Molality   Activity      Molality      Activity   Coefficient    Type
  H+                    -7.491     -7.599     3.230E-08     2.519E-08     7.799E-01  Aqueous 
  Cs+                   -3.999     -4.288     1.003E-04     5.157E-05     5.142E-01  Aqueous 
  Na+                   -0.619     -0.784     2.407E-01     1.644E-01     6.830E-01  Aqueous 
  K+                    -2.795     -2.980     1.605E-03     1.047E-03     6.526E-01  Aqueous 
  Ca++                  -1.584     -2.130     2.608E-02     7.420E-03     2.846E-01  Aqueous 
  Cl-                   -0.531     -0.706     2.946E-01     1.969E-01     6.685E-01  Aqueous 
  OH-                   -6.224     -6.399     5.965E-07     3.988E-07     6.685E-01  Aqueous 
  CaOH+                 -7.174     -7.311     6.693E-08     4.888E-08     7.304E-01  Aqueous 
 
  ****** Partial pressure of gases (bars) *****
 
 
  ***** Saturation state of minerals (log[Q/K] *****
 
 
 
  ***** Volum of minerals added or subtracted *****
 
 
 **************************************************************
 ------> GRID LOCATION:    79:  1:  1
 
  Temperature (C)    =     25.000
  Porosity           =      0.250
  Liquid Saturation  =      1.000
  Liquid Density     =    997.075
  Ionic Strength     =      0.321
  Solution pH        =      7.599
  Total Charge       = -2.878E-08
 
 Total Aqueous Concentrations of Primary Species 
 --------------------------------------- 
 
   Species              Molality       Type 
 H+                  -6.3116E-07     Aqueous      
 Cs+                  1.0029E-04     Aqueous      
 Na+                  2.4070E-01     Aqueous      
 K+                   1.6047E-03     Aqueous      
 Ca++                 2.6076E-02     Aqueous      
 Cl-                  2.9456E-01     Aqueous      
 
 Exchangers           Equiv/kgw        Equiv/g solid    Equiv/m^3 bulk
 FES-                 5.5136E-03       7.3300E-07       1.3744E+00
 II-                  1.1027E-02       1.4660E-06       2.7488E+00
 PS-                  3.8595E-02       5.1310E-06       9.6206E+00
 
 Total Concentrations in Exchange Sites 
 -------------------------------------- 
 
 Exchangers           Equiv/kgw        Equiv/g solid    Equiv/m^3 bulk
 Cs+                  8.1607E-03       1.0849E-06       2.0342E+00
 Na+                  2.6188E-02       3.4815E-06       6.5279E+00
 K+                   5.5644E-03       7.3975E-07       1.3870E+00
 Ca++                 7.6115E-03       1.0119E-06       1.8973E+00
 
 Concentrations of Individual Species, Exchangers, and Surface Complexes 
 ----------------------------------------------------------------------- 
 
                           Log        Log                 Concentration     
 Species              Molality   Activity      Molality    Mol/m^3 blk  Type
  NaFES                 -5.755     -3.497     1.756E-06     4.378E-04  Exchange
  NaII                  -2.319     -0.362     4.796E-03     1.196E+00  Exchange
  NaPS                  -1.670     -0.256     2.139E-02     5.332E+00  Exchange
  KFES                  -5.551     -3.293     2.810E-06     7.005E-04  Exchange
  KII                   -2.415     -0.457     3.846E-03     9.588E-01  Exchange
  KPS                   -2.766     -1.352     1.715E-03     4.276E-01  Exchange
  CaPS2                 -2.119     -0.404     7.611E-03     1.897E+00  Exchange
  CsFES                 -2.259      0.000     5.509E-03     1.373E+00  Exchange
  CsII                  -2.623     -0.665     2.385E-03     5.944E-01  Exchange
  CsPS                  -3.573     -2.160     2.671E-04     6.658E-02  Exchange
                           Log        Log                                 Activity
 Species              Molality   Activity      Molality      Activity   Coefficient    Type
  H+                    -7.491     -7.599     3.230E-08     2.519E-08     7.799E-01  Aqueous 
  Cs+                   -3.999     -4.288     1.003E-04     5.157E-05     5.142E-01  Aqueous 
  Na+                   -0.619     -0.784     2.407E-01     1.644E-01     6.830E-01  Aqueous 
  K+                    -2.795     -2.980     1.605E-03     1.047E-03     6.526E-01  Aqueous 
  Ca++                  -1.584     -2.130     2.608E-02     7.420E-03     2.846E-01  Aqueous 
  Cl-                   -0.531     -0.706     2.946E-01     1.969E-01     6.685E-01  Aqueous 
  OH-                   -6.224     -6.399     5.965E-07     3.988E-07     6.685E-01  Aqueous 
  CaOH+                 -7.174     -7.311     6.693E-08     4.888E-08     7.304E-01  Aqueous 
 
  ****** Partial pressure of gases (bars) *****
 
 
  ***** Saturation state of minerals (log[Q/K] *****
 
 
 
  ***** Volum of minerals added or subtracted *****
 
 
 **************************************************************
 ------> GRID LOCATION:    80:  1:  1
 
  Temperature (C)    =     25.000
  Porosity           =      0.250
  Liquid Saturation  =      1.000
  Liquid Density     =    997.075
  Ionic Strength     =      0.321
  Solution pH        =      7.599
  Total Charge       = -2.905E-08
 
 Total Aqueous Concentrations of Primary Species 
 --------------------------------------- 
 
   Species              Molality       Type 
 H+                  -6.3116E-07     Aqueous      
 Cs+                  1.0029E-04     Aqueous      
 Na+                  2.4070E-01     Aqueous      
 K+                   1.6047E-03     Aqueous      
 Ca++                 2.6076E-02     Aqueous      
 Cl-                  2.9456E-01     Aqueous      
 
 Exchangers           Equiv/kgw        Equiv/g solid    Equiv/m^3 bulk
 FES-                 5.5136E-03       7.3300E-07       1.3744E+00
 II-                  1.1027E-02       1.4660E-06       2.7488E+00
 PS-                  3.8595E-02       5.1310E-06       9.6206E+00
 
 Total Concentrations in Exchange Sites 
 -------------------------------------- 
 
 Exchangers           Equiv/kgw        Equiv/g solid    Equiv/m^3 bulk
 Cs+                  8.1607E-03       1.0849E-06       2.0342E+00
 Na+                  2.6188E-02       3.4815E-06       6.5279E+00
 K+                   5.5644E-03       7.3975E-07       1.3870E+00
 Ca++                 7.6115E-03       1.0119E-06       1.8973E+00
 
 Concentrations of Individual Species, Exchangers, and Surface Complexes 
 ----------------------------------------------------------------------- 
 
                           Log        Log                 Concentration     
 Species              Molality   Activity      Molality    Mol/m^3 blk  Type
  NaFES                 -5.755     -3.497     1.756E-06     4.378E-04  Exchange
  NaII                  -2.319     -0.362     4.796E-03     1.196E+00  Exchange
  NaPS                  -1.670     -0.256     2.139E-02     5.332E+00  Exchange
  KFES                  -5.551     -3.293     2.810E-06     7.005E-04  Exchange
  KII                   -2.415     -0.457     3.846E-03     9.588E-01  Exchange
  KPS                   -2.766     -1.352     1.715E-03     4.276E-01  Exchange
  CaPS2                 -2.119     -0.404     7.611E-03     1.897E+00  Exchange
  CsFES                 -2.259      0.000     5.509E-03     1.373E+00  Exchange
  CsII                  -2.623     -0.665     2.385E-03     5.944E-01  Exchange
  CsPS                  -3.573     -2.160     2.671E-04     6.658E-02  Exchange
                           Log        Log                                 Activity
 Species              Molality   Activity      Molality      Activity   Coefficient    Type
  H+                    -7.491     -7.599     3.230E-08     2.519E-08     7.799E-01  Aqueous 
  Cs+                   -3.999     -4.288     1.003E-04     5.157E-05     5.142E-01  Aqueous 
  Na+                   -0.619     -0.784     2.407E-01     1.644E-01     6.830E-01  Aqueous 
  K+                    -2.795     -2.980     1.605E-03     1.047E-03     6.526E-01  Aqueous 
  Ca++                  -1.584     -2.130     2.608E-02     7.420E-03     2.846E-01  Aqueous 
  Cl-                   -0.531     -0.706     2.946E-01     1.969E-01     6.685E-01  Aqueous 
  OH-                   -6.224     -6.399     5.965E-07     3.988E-07     6.685E-01  Aqueous 
  CaOH+                 -7.174     -7.311     6.693E-08     4.888E-08     7.304E-01  Aqueous 
 
  ****** Partial pressure of gases (bars) *****
 
 
  ***** Saturation state of minerals (log[Q/K] *****
 
 
 
  ***** Volum of minerals added or subtracted *****
 
 
 **************************************************************
 ------> GRID LOCATION:    81:  1:  1
 
  Temperature (C)    =     25.000
  Porosity           =      0.250
  Liquid Saturation  =      1.000
  Liquid Density     =    997.075
  Ionic Strength     =      0.321
  Solution pH        =      7.599
  Total Charge       = -2.921E-08
 
 Total Aqueous Concentrations of Primary Species 
 --------------------------------------- 
 
   Species              Molality       Type 
 H+                  -6.3116E-07     Aqueous      
 Cs+                  1.0029E-04     Aqueous      
 Na+                  2.4070E-01     Aqueous      
 K+                   1.6047E-03     Aqueous      
 Ca++                 2.6076E-02     Aqueous      
 Cl-                  2.9456E-01     Aqueous      
 
 Exchangers           Equiv/kgw        Equiv/g solid    Equiv/m^3 bulk
 FES-                 5.5136E-03       7.3300E-07       1.3744E+00
 II-                  1.1027E-02       1.4660E-06       2.7488E+00
 PS-                  3.8595E-02       5.1310E-06       9.6206E+00
 
 Total Concentrations in Exchange Sites 
 -------------------------------------- 
 
 Exchangers           Equiv/kgw        Equiv/g solid    Equiv/m^3 bulk
 Cs+                  8.1607E-03       1.0849E-06       2.0342E+00
 Na+                  2.6188E-02       3.4815E-06       6.5279E+00
 K+                   5.5644E-03       7.3975E-07       1.3870E+00
 Ca++                 7.6115E-03       1.0119E-06       1.8973E+00
 
 Concentrations of Individual Species, Exchangers, and Surface Complexes 
 ----------------------------------------------------------------------- 
 
                           Log        Log                 Concentration     
 Species              Molality   Activity      Molality    Mol/m^3 blk  Type
  NaFES                 -5.755     -3.497     1.756E-06     4.378E-04  Exchange
  NaII                  -2.319     -0.362     4.796E-03     1.196E+00  Exchange
  NaPS                  -1.670     -0.256     2.139E-02     5.332E+00  Exchange
  KFES                  -5.551     -3.293     2.810E-06     7.005E-04  Exchange
  KII                   -2.415     -0.457     3.846E-03     9.588E-01  Exchange
  KPS                   -2.766     -1.352     1.715E-03     4.276E-01  Exchange
  CaPS2                 -2.119     -0.404     7.611E-03     1.897E+00  Exchange
  CsFES                 -2.259      0.000     5.509E-03     1.373E+00  Exchange
  CsII                  -2.623     -0.665     2.385E-03     5.944E-01  Exchange
  CsPS                  -3.573     -2.160     2.671E-04     6.658E-02  Exchange
                           Log        Log                                 Activity
 Species              Molality   Activity      Molality      Activity   Coefficient    Type
  H+                    -7.491     -7.599     3.230E-08     2.519E-08     7.799E-01  Aqueous 
  Cs+                   -3.999     -4.288     1.003E-04     5.157E-05     5.142E-01  Aqueous 
  Na+                   -0.619     -0.784     2.407E-01     1.644E-01     6.830E-01  Aqueous 
  K+                    -2.795     -2.980     1.605E-03     1.047E-03     6.526E-01  Aqueous 
  Ca++                  -1.584     -2.130     2.608E-02     7.420E-03     2.846E-01  Aqueous 
  Cl-                   -0.531     -0.706     2.946E-01     1.969E-01     6.685E-01  Aqueous 
  OH-                   -6.224     -6.399     5.965E-07     3.988E-07     6.685E-01  Aqueous 
  CaOH+                 -7.174     -7.311     6.693E-08     4.888E-08     7.304E-01  Aqueous 
 
  ****** Partial pressure of gases (bars) *****
 
 
  ***** Saturation state of minerals (log[Q/K] *****
 
 
 
  ***** Volum of minerals added or subtracted *****
 
 
 **************************************************************
 ------> GRID LOCATION:    82:  1:  1
 
  Temperature (C)    =     25.000
  Porosity           =      0.250
  Liquid Saturation  =      1.000
  Liquid Density     =    997.075
  Ionic Strength     =      0.321
  Solution pH        =      7.599
  Total Charge       = -2.929E-08
 
 Total Aqueous Concentrations of Primary Species 
 --------------------------------------- 
 
   Species              Molality       Type 
 H+                  -6.3116E-07     Aqueous      
 Cs+                  1.0029E-04     Aqueous      
 Na+                  2.4070E-01     Aqueous      
 K+                   1.6047E-03     Aqueous      
 Ca++                 2.6076E-02     Aqueous      
 Cl-                  2.9456E-01     Aqueous      
 
 Exchangers           Equiv/kgw        Equiv/g solid    Equiv/m^3 bulk
 FES-                 5.5136E-03       7.3300E-07       1.3744E+00
 II-                  1.1027E-02       1.4660E-06       2.7488E+00
 PS-                  3.8595E-02       5.1310E-06       9.6206E+00
 
 Total Concentrations in Exchange Sites 
 -------------------------------------- 
 
 Exchangers           Equiv/kgw        Equiv/g solid    Equiv/m^3 bulk
 Cs+                  8.1607E-03       1.0849E-06       2.0342E+00
 Na+                  2.6188E-02       3.4815E-06       6.5279E+00
 K+                   5.5644E-03       7.3975E-07       1.3870E+00
 Ca++                 7.6115E-03       1.0119E-06       1.8973E+00
 
 Concentrations of Individual Species, Exchangers, and Surface Complexes 
 ----------------------------------------------------------------------- 
 
                           Log        Log                 Concentration     
 Species              Molality   Activity      Molality    Mol/m^3 blk  Type
  NaFES                 -5.755     -3.497     1.756E-06     4.378E-04  Exchange
  NaII                  -2.319     -0.362     4.796E-03     1.196E+00  Exchange
  NaPS                  -1.670     -0.256     2.139E-02     5.332E+00  Exchange
  KFES                  -5.551     -3.293     2.810E-06     7.005E-04  Exchange
  KII                   -2.415     -0.457     3.846E-03     9.588E-01  Exchange
  KPS                   -2.766     -1.352     1.715E-03     4.276E-01  Exchange
  CaPS2                 -2.119     -0.404     7.611E-03     1.897E+00  Exchange
  CsFES                 -2.259      0.000     5.509E-03     1.373E+00  Exchange
  CsII                  -2.623     -0.665     2.385E-03     5.944E-01  Exchange
  CsPS                  -3.573     -2.160     2.671E-04     6.658E-02  Exchange
                           Log        Log                                 Activity
 Species              Molality   Activity      Molality      Activity   Coefficient    Type
  H+                    -7.491     -7.599     3.230E-08     2.519E-08     7.799E-01  Aqueous 
  Cs+                   -3.999     -4.288     1.003E-04     5.157E-05     5.142E-01  Aqueous 
  Na+                   -0.619     -0.784     2.407E-01     1.644E-01     6.830E-01  Aqueous 
  K+                    -2.795     -2.980     1.605E-03     1.047E-03     6.526E-01  Aqueous 
  Ca++                  -1.584     -2.130     2.608E-02     7.420E-03     2.846E-01  Aqueous 
  Cl-                   -0.531     -0.706     2.946E-01     1.969E-01     6.685E-01  Aqueous 
  OH-                   -6.224     -6.399     5.965E-07     3.988E-07     6.685E-01  Aqueous 
  CaOH+                 -7.174     -7.311     6.693E-08     4.888E-08     7.304E-01  Aqueous 
 
  ****** Partial pressure of gases (bars) *****
 
 
  ***** Saturation state of minerals (log[Q/K] *****
 
 
 
  ***** Volum of minerals added or subtracted *****
 
 
 **************************************************************
 ------> GRID LOCATION:    83:  1:  1
 
  Temperature (C)    =     25.000
  Porosity           =      0.250
  Liquid Saturation  =      1.000
  Liquid Density     =    997.075
  Ionic Strength     =      0.321
  Solution pH        =      7.599
  Total Charge       = -2.934E-08
 
 Total Aqueous Concentrations of Primary Species 
 --------------------------------------- 
 
   Species              Molality       Type 
 H+                  -6.3116E-07     Aqueous      
 Cs+                  1.0029E-04     Aqueous      
 Na+                  2.4070E-01     Aqueous      
 K+                   1.6047E-03     Aqueous      
 Ca++                 2.6076E-02     Aqueous      
 Cl-                  2.9456E-01     Aqueous      
 
 Exchangers           Equiv/kgw        Equiv/g solid    Equiv/m^3 bulk
 FES-                 5.5136E-03       7.3300E-07       1.3744E+00
 II-                  1.1027E-02       1.4660E-06       2.7488E+00
 PS-                  3.8595E-02       5.1310E-06       9.6206E+00
 
 Total Concentrations in Exchange Sites 
 -------------------------------------- 
 
 Exchangers           Equiv/kgw        Equiv/g solid    Equiv/m^3 bulk
 Cs+                  8.1607E-03       1.0849E-06       2.0342E+00
 Na+                  2.6188E-02       3.4815E-06       6.5279E+00
 K+                   5.5644E-03       7.3975E-07       1.3870E+00
 Ca++                 7.6115E-03       1.0119E-06       1.8973E+00
 
 Concentrations of Individual Species, Exchangers, and Surface Complexes 
 ----------------------------------------------------------------------- 
 
                           Log        Log                 Concentration     
 Species              Molality   Activity      Molality    Mol/m^3 blk  Type
  NaFES                 -5.755     -3.497     1.756E-06     4.378E-04  Exchange
  NaII                  -2.319     -0.362     4.796E-03     1.196E+00  Exchange
  NaPS                  -1.670     -0.256     2.139E-02     5.332E+00  Exchange
  KFES                  -5.551     -3.293     2.810E-06     7.005E-04  Exchange
  KII                   -2.415     -0.457     3.846E-03     9.588E-01  Exchange
  KPS                   -2.766     -1.352     1.715E-03     4.276E-01  Exchange
  CaPS2                 -2.119     -0.404     7.611E-03     1.897E+00  Exchange
  CsFES                 -2.259      0.000     5.509E-03     1.373E+00  Exchange
  CsII                  -2.623     -0.665     2.385E-03     5.944E-01  Exchange
  CsPS                  -3.573     -2.160     2.671E-04     6.658E-02  Exchange
                           Log        Log                                 Activity
 Species              Molality   Activity      Molality      Activity   Coefficient    Type
  H+                    -7.491     -7.599     3.230E-08     2.519E-08     7.799E-01  Aqueous 
  Cs+                   -3.999     -4.288     1.003E-04     5.157E-05     5.142E-01  Aqueous 
  Na+                   -0.619     -0.784     2.407E-01     1.644E-01     6.830E-01  Aqueous 
  K+                    -2.795     -2.980     1.605E-03     1.047E-03     6.526E-01  Aqueous 
  Ca++                  -1.584     -2.130     2.608E-02     7.420E-03     2.846E-01  Aqueous 
  Cl-                   -0.531     -0.706     2.946E-01     1.969E-01     6.685E-01  Aqueous 
  OH-                   -6.224     -6.399     5.965E-07     3.988E-07     6.685E-01  Aqueous 
  CaOH+                 -7.174     -7.311     6.693E-08     4.888E-08     7.304E-01  Aqueous 
 
  ****** Partial pressure of gases (bars) *****
 
 
  ***** Saturation state of minerals (log[Q/K] *****
 
 
 
  ***** Volum of minerals added or subtracted *****
 
 
 **************************************************************
 ------> GRID LOCATION:    84:  1:  1
 
  Temperature (C)    =     25.000
  Porosity           =      0.250
  Liquid Saturation  =      1.000
  Liquid Density     =    997.075
  Ionic Strength     =      0.321
  Solution pH        =      7.599
  Total Charge       = -2.937E-08
 
 Total Aqueous Concentrations of Primary Species 
 --------------------------------------- 
 
   Species              Molality       Type 
 H+                  -6.3116E-07     Aqueous      
 Cs+                  1.0029E-04     Aqueous      
 Na+                  2.4070E-01     Aqueous      
 K+                   1.6047E-03     Aqueous      
 Ca++                 2.6076E-02     Aqueous      
 Cl-                  2.9456E-01     Aqueous      
 
 Exchangers           Equiv/kgw        Equiv/g solid    Equiv/m^3 bulk
 FES-                 5.5136E-03       7.3300E-07       1.3744E+00
 II-                  1.1027E-02       1.4660E-06       2.7488E+00
 PS-                  3.8595E-02       5.1310E-06       9.6206E+00
 
 Total Concentrations in Exchange Sites 
 -------------------------------------- 
 
 Exchangers           Equiv/kgw        Equiv/g solid    Equiv/m^3 bulk
 Cs+                  8.1607E-03       1.0849E-06       2.0342E+00
 Na+                  2.6188E-02       3.4815E-06       6.5279E+00
 K+                   5.5644E-03       7.3975E-07       1.3870E+00
 Ca++                 7.6115E-03       1.0119E-06       1.8973E+00
 
 Concentrations of Individual Species, Exchangers, and Surface Complexes 
 ----------------------------------------------------------------------- 
 
                           Log        Log                 Concentration     
 Species              Molality   Activity      Molality    Mol/m^3 blk  Type
  NaFES                 -5.755     -3.497     1.756E-06     4.378E-04  Exchange
  NaII                  -2.319     -0.362     4.796E-03     1.196E+00  Exchange
  NaPS                  -1.670     -0.256     2.139E-02     5.332E+00  Exchange
  KFES                  -5.551     -3.293     2.810E-06     7.005E-04  Exchange
  KII                   -2.415     -0.457     3.846E-03     9.588E-01  Exchange
  KPS                   -2.766     -1.352     1.715E-03     4.276E-01  Exchange
  CaPS2                 -2.119     -0.404     7.611E-03     1.897E+00  Exchange
  CsFES                 -2.259      0.000     5.509E-03     1.373E+00  Exchange
  CsII                  -2.623     -0.665     2.385E-03     5.944E-01  Exchange
  CsPS                  -3.573     -2.160     2.671E-04     6.658E-02  Exchange
                           Log        Log                                 Activity
 Species              Molality   Activity      Molality      Activity   Coefficient    Type
  H+                    -7.491     -7.599     3.230E-08     2.519E-08     7.799E-01  Aqueous 
  Cs+                   -3.999     -4.288     1.003E-04     5.157E-05     5.142E-01  Aqueous 
  Na+                   -0.619     -0.784     2.407E-01     1.644E-01     6.830E-01  Aqueous 
  K+                    -2.795     -2.980     1.605E-03     1.047E-03     6.526E-01  Aqueous 
  Ca++                  -1.584     -2.130     2.608E-02     7.420E-03     2.846E-01  Aqueous 
  Cl-                   -0.531     -0.706     2.946E-01     1.969E-01     6.685E-01  Aqueous 
  OH-                   -6.224     -6.399     5.965E-07     3.988E-07     6.685E-01  Aqueous 
  CaOH+                 -7.174     -7.311     6.693E-08     4.888E-08     7.304E-01  Aqueous 
 
  ****** Partial pressure of gases (bars) *****
 
 
  ***** Saturation state of minerals (log[Q/K] *****
 
 
 
  ***** Volum of minerals added or subtracted *****
 
 
 **************************************************************
 ------> GRID LOCATION:    85:  1:  1
 
  Temperature (C)    =     25.000
  Porosity           =      0.250
  Liquid Saturation  =      1.000
  Liquid Density     =    997.075
  Ionic Strength     =      0.321
  Solution pH        =      7.599
  Total Charge       = -2.938E-08
 
 Total Aqueous Concentrations of Primary Species 
 --------------------------------------- 
 
   Species              Molality       Type 
 H+                  -6.3116E-07     Aqueous      
 Cs+                  1.0029E-04     Aqueous      
 Na+                  2.4070E-01     Aqueous      
 K+                   1.6047E-03     Aqueous      
 Ca++                 2.6076E-02     Aqueous      
 Cl-                  2.9456E-01     Aqueous      
 
 Exchangers           Equiv/kgw        Equiv/g solid    Equiv/m^3 bulk
 FES-                 5.5136E-03       7.3300E-07       1.3744E+00
 II-                  1.1027E-02       1.4660E-06       2.7488E+00
 PS-                  3.8595E-02       5.1310E-06       9.6206E+00
 
 Total Concentrations in Exchange Sites 
 -------------------------------------- 
 
 Exchangers           Equiv/kgw        Equiv/g solid    Equiv/m^3 bulk
 Cs+                  8.1607E-03       1.0849E-06       2.0342E+00
 Na+                  2.6188E-02       3.4815E-06       6.5279E+00
 K+                   5.5644E-03       7.3975E-07       1.3870E+00
 Ca++                 7.6115E-03       1.0119E-06       1.8973E+00
 
 Concentrations of Individual Species, Exchangers, and Surface Complexes 
 ----------------------------------------------------------------------- 
 
                           Log        Log                 Concentration     
 Species              Molality   Activity      Molality    Mol/m^3 blk  Type
  NaFES                 -5.755     -3.497     1.756E-06     4.378E-04  Exchange
  NaII                  -2.319     -0.362     4.796E-03     1.196E+00  Exchange
  NaPS                  -1.670     -0.256     2.139E-02     5.332E+00  Exchange
  KFES                  -5.551     -3.293     2.810E-06     7.005E-04  Exchange
  KII                   -2.415     -0.457     3.846E-03     9.588E-01  Exchange
  KPS                   -2.766     -1.352     1.715E-03     4.276E-01  Exchange
  CaPS2                 -2.119     -0.404     7.611E-03     1.897E+00  Exchange
  CsFES                 -2.259      0.000     5.509E-03     1.373E+00  Exchange
  CsII                  -2.623     -0.665     2.385E-03     5.944E-01  Exchange
  CsPS                  -3.573     -2.160     2.671E-04     6.658E-02  Exchange
                           Log        Log                                 Activity
 Species              Molality   Activity      Molality      Activity   Coefficient    Type
  H+                    -7.491     -7.599     3.230E-08     2.519E-08     7.799E-01  Aqueous 
  Cs+                   -3.999     -4.288     1.003E-04     5.157E-05     5.142E-01  Aqueous 
  Na+                   -0.619     -0.784     2.407E-01     1.644E-01     6.830E-01  Aqueous 
  K+                    -2.795     -2.980     1.605E-03     1.047E-03     6.526E-01  Aqueous 
  Ca++                  -1.584     -2.130     2.608E-02     7.420E-03     2.846E-01  Aqueous 
  Cl-                   -0.531     -0.706     2.946E-01     1.969E-01     6.685E-01  Aqueous 
  OH-                   -6.224     -6.399     5.965E-07     3.988E-07     6.685E-01  Aqueous 
  CaOH+                 -7.174     -7.311     6.693E-08     4.888E-08     7.304E-01  Aqueous 
 
  ****** Partial pressure of gases (bars) *****
 
 
  ***** Saturation state of minerals (log[Q/K] *****
 
 
 
  ***** Volum of minerals added or subtracted *****
 
 
 **************************************************************
 ------> GRID LOCATION:    86:  1:  1
 
  Temperature (C)    =     25.000
  Porosity           =      0.250
  Liquid Saturation  =      1.000
  Liquid Density     =    997.075
  Ionic Strength     =      0.321
  Solution pH        =      7.599
  Total Charge       = -2.939E-08
 
 Total Aqueous Concentrations of Primary Species 
 --------------------------------------- 
 
   Species              Molality       Type 
 H+                  -6.3116E-07     Aqueous      
 Cs+                  1.0029E-04     Aqueous      
 Na+                  2.4070E-01     Aqueous      
 K+                   1.6047E-03     Aqueous      
 Ca++                 2.6076E-02     Aqueous      
 Cl-                  2.9456E-01     Aqueous      
 
 Exchangers           Equiv/kgw        Equiv/g solid    Equiv/m^3 bulk
 FES-                 5.5136E-03       7.3300E-07       1.3744E+00
 II-                  1.1027E-02       1.4660E-06       2.7488E+00
 PS-                  3.8595E-02       5.1310E-06       9.6206E+00
 
 Total Concentrations in Exchange Sites 
 -------------------------------------- 
 
 Exchangers           Equiv/kgw        Equiv/g solid    Equiv/m^3 bulk
 Cs+                  8.1607E-03       1.0849E-06       2.0342E+00
 Na+                  2.6188E-02       3.4815E-06       6.5279E+00
 K+                   5.5644E-03       7.3975E-07       1.3870E+00
 Ca++                 7.6115E-03       1.0119E-06       1.8973E+00
 
 Concentrations of Individual Species, Exchangers, and Surface Complexes 
 ----------------------------------------------------------------------- 
 
                           Log        Log                 Concentration     
 Species              Molality   Activity      Molality    Mol/m^3 blk  Type
  NaFES                 -5.755     -3.497     1.756E-06     4.378E-04  Exchange
  NaII                  -2.319     -0.362     4.796E-03     1.196E+00  Exchange
  NaPS                  -1.670     -0.256     2.139E-02     5.332E+00  Exchange
  KFES                  -5.551     -3.293     2.810E-06     7.005E-04  Exchange
  KII                   -2.415     -0.457     3.846E-03     9.588E-01  Exchange
  KPS                   -2.766     -1.352     1.715E-03     4.276E-01  Exchange
  CaPS2                 -2.119     -0.404     7.611E-03     1.897E+00  Exchange
  CsFES                 -2.259      0.000     5.509E-03     1.373E+00  Exchange
  CsII                  -2.623     -0.665     2.385E-03     5.944E-01  Exchange
  CsPS                  -3.573     -2.160     2.671E-04     6.658E-02  Exchange
                           Log        Log                                 Activity
 Species              Molality   Activity      Molality      Activity   Coefficient    Type
  H+                    -7.491     -7.599     3.230E-08     2.519E-08     7.799E-01  Aqueous 
  Cs+                   -3.999     -4.288     1.003E-04     5.157E-05     5.142E-01  Aqueous 
  Na+                   -0.619     -0.784     2.407E-01     1.644E-01     6.830E-01  Aqueous 
  K+                    -2.795     -2.980     1.605E-03     1.047E-03     6.526E-01  Aqueous 
  Ca++                  -1.584     -2.130     2.608E-02     7.420E-03     2.846E-01  Aqueous 
  Cl-                   -0.531     -0.706     2.946E-01     1.969E-01     6.685E-01  Aqueous 
  OH-                   -6.224     -6.399     5.965E-07     3.988E-07     6.685E-01  Aqueous 
  CaOH+                 -7.174     -7.311     6.693E-08     4.888E-08     7.304E-01  Aqueous 
 
  ****** Partial pressure of gases (bars) *****
 
 
  ***** Saturation state of minerals (log[Q/K] *****
 
 
 
  ***** Volum of minerals added or subtracted *****
 
 
 **************************************************************
 ------> GRID LOCATION:    87:  1:  1
 
  Temperature (C)    =     25.000
  Porosity           =      0.250
  Liquid Saturation  =      1.000
  Liquid Density     =    997.075
  Ionic Strength     =      0.321
  Solution pH        =      7.599
  Total Charge       = -2.939E-08
 
 Total Aqueous Concentrations of Primary Species 
 --------------------------------------- 
 
   Species              Molality       Type 
 H+                  -6.3116E-07     Aqueous      
 Cs+                  1.0029E-04     Aqueous      
 Na+                  2.4070E-01     Aqueous      
 K+                   1.6047E-03     Aqueous      
 Ca++                 2.6076E-02     Aqueous      
 Cl-                  2.9456E-01     Aqueous      
 
 Exchangers           Equiv/kgw        Equiv/g solid    Equiv/m^3 bulk
 FES-                 5.5136E-03       7.3300E-07       1.3744E+00
 II-                  1.1027E-02       1.4660E-06       2.7488E+00
 PS-                  3.8595E-02       5.1310E-06       9.6206E+00
 
 Total Concentrations in Exchange Sites 
 -------------------------------------- 
 
 Exchangers           Equiv/kgw        Equiv/g solid    Equiv/m^3 bulk
 Cs+                  8.1607E-03       1.0849E-06       2.0342E+00
 Na+                  2.6188E-02       3.4815E-06       6.5279E+00
 K+                   5.5644E-03       7.3975E-07       1.3870E+00
 Ca++                 7.6115E-03       1.0119E-06       1.8973E+00
 
 Concentrations of Individual Species, Exchangers, and Surface Complexes 
 ----------------------------------------------------------------------- 
 
                           Log        Log                 Concentration     
 Species              Molality   Activity      Molality    Mol/m^3 blk  Type
  NaFES                 -5.755     -3.497     1.756E-06     4.378E-04  Exchange
  NaII                  -2.319     -0.362     4.796E-03     1.196E+00  Exchange
  NaPS                  -1.670     -0.256     2.139E-02     5.332E+00  Exchange
  KFES                  -5.551     -3.293     2.810E-06     7.005E-04  Exchange
  KII                   -2.415     -0.457     3.846E-03     9.588E-01  Exchange
  KPS                   -2.766     -1.352     1.715E-03     4.276E-01  Exchange
  CaPS2                 -2.119     -0.404     7.611E-03     1.897E+00  Exchange
  CsFES                 -2.259      0.000     5.509E-03     1.373E+00  Exchange
  CsII                  -2.623     -0.665     2.385E-03     5.944E-01  Exchange
  CsPS                  -3.573     -2.160     2.671E-04     6.658E-02  Exchange
                           Log        Log                                 Activity
 Species              Molality   Activity      Molality      Activity   Coefficient    Type
  H+                    -7.491     -7.599     3.230E-08     2.519E-08     7.799E-01  Aqueous 
  Cs+                   -3.999     -4.288     1.003E-04     5.157E-05     5.142E-01  Aqueous 
  Na+                   -0.619     -0.784     2.407E-01     1.644E-01     6.830E-01  Aqueous 
  K+                    -2.795     -2.980     1.605E-03     1.047E-03     6.526E-01  Aqueous 
  Ca++                  -1.584     -2.130     2.608E-02     7.420E-03     2.846E-01  Aqueous 
  Cl-                   -0.531     -0.706     2.946E-01     1.969E-01     6.685E-01  Aqueous 
  OH-                   -6.224     -6.399     5.965E-07     3.988E-07     6.685E-01  Aqueous 
  CaOH+                 -7.174     -7.311     6.693E-08     4.888E-08     7.304E-01  Aqueous 
 
  ****** Partial pressure of gases (bars) *****
 
 
  ***** Saturation state of minerals (log[Q/K] *****
 
 
 
  ***** Volum of minerals added or subtracted *****
 
 
 **************************************************************
 ------> GRID LOCATION:    88:  1:  1
 
  Temperature (C)    =     25.000
  Porosity           =      0.250
  Liquid Saturation  =      1.000
  Liquid Density     =    997.075
  Ionic Strength     =      0.321
  Solution pH        =      7.599
  Total Charge       = -2.940E-08
 
 Total Aqueous Concentrations of Primary Species 
 --------------------------------------- 
 
   Species              Molality       Type 
 H+                  -6.3116E-07     Aqueous      
 Cs+                  1.0029E-04     Aqueous      
 Na+                  2.4070E-01     Aqueous      
 K+                   1.6047E-03     Aqueous      
 Ca++                 2.6076E-02     Aqueous      
 Cl-                  2.9456E-01     Aqueous      
 
 Exchangers           Equiv/kgw        Equiv/g solid    Equiv/m^3 bulk
 FES-                 5.5136E-03       7.3300E-07       1.3744E+00
 II-                  1.1027E-02       1.4660E-06       2.7488E+00
 PS-                  3.8595E-02       5.1310E-06       9.6206E+00
 
 Total Concentrations in Exchange Sites 
 -------------------------------------- 
 
 Exchangers           Equiv/kgw        Equiv/g solid    Equiv/m^3 bulk
 Cs+                  8.1607E-03       1.0849E-06       2.0342E+00
 Na+                  2.6188E-02       3.4815E-06       6.5279E+00
 K+                   5.5644E-03       7.3975E-07       1.3870E+00
 Ca++                 7.6115E-03       1.0119E-06       1.8973E+00
 
 Concentrations of Individual Species, Exchangers, and Surface Complexes 
 ----------------------------------------------------------------------- 
 
                           Log        Log                 Concentration     
 Species              Molality   Activity      Molality    Mol/m^3 blk  Type
  NaFES                 -5.755     -3.497     1.756E-06     4.378E-04  Exchange
  NaII                  -2.319     -0.362     4.796E-03     1.196E+00  Exchange
  NaPS                  -1.670     -0.256     2.139E-02     5.332E+00  Exchange
  KFES                  -5.551     -3.293     2.810E-06     7.005E-04  Exchange
  KII                   -2.415     -0.457     3.846E-03     9.588E-01  Exchange
  KPS                   -2.766     -1.352     1.715E-03     4.276E-01  Exchange
  CaPS2                 -2.119     -0.404     7.611E-03     1.897E+00  Exchange
  CsFES                 -2.259      0.000     5.509E-03     1.373E+00  Exchange
  CsII                  -2.623     -0.665     2.385E-03     5.944E-01  Exchange
  CsPS                  -3.573     -2.160     2.671E-04     6.658E-02  Exchange
                           Log        Log                                 Activity
 Species              Molality   Activity      Molality      Activity   Coefficient    Type
  H+                    -7.491     -7.599     3.230E-08     2.519E-08     7.799E-01  Aqueous 
  Cs+                   -3.999     -4.288     1.003E-04     5.157E-05     5.142E-01  Aqueous 
  Na+                   -0.619     -0.784     2.407E-01     1.644E-01     6.830E-01  Aqueous 
  K+                    -2.795     -2.980     1.605E-03     1.047E-03     6.526E-01  Aqueous 
  Ca++                  -1.584     -2.130     2.608E-02     7.420E-03     2.846E-01  Aqueous 
  Cl-                   -0.531     -0.706     2.946E-01     1.969E-01     6.685E-01  Aqueous 
  OH-                   -6.224     -6.399     5.965E-07     3.988E-07     6.685E-01  Aqueous 
  CaOH+                 -7.174     -7.311     6.693E-08     4.888E-08     7.304E-01  Aqueous 
 
  ****** Partial pressure of gases (bars) *****
 
 
  ***** Saturation state of minerals (log[Q/K] *****
 
 
 
  ***** Volum of minerals added or subtracted *****
 
 
 **************************************************************
 ------> GRID LOCATION:    89:  1:  1
 
  Temperature (C)    =     25.000
  Porosity           =      0.250
  Liquid Saturation  =      1.000
  Liquid Density     =    997.075
  Ionic Strength     =      0.321
  Solution pH        =      7.599
  Total Charge       = -2.940E-08
 
 Total Aqueous Concentrations of Primary Species 
 --------------------------------------- 
 
   Species              Molality       Type 
 H+                  -6.3116E-07     Aqueous      
 Cs+                  1.0029E-04     Aqueous      
 Na+                  2.4070E-01     Aqueous      
 K+                   1.6047E-03     Aqueous      
 Ca++                 2.6076E-02     Aqueous      
 Cl-                  2.9456E-01     Aqueous      
 
 Exchangers           Equiv/kgw        Equiv/g solid    Equiv/m^3 bulk
 FES-                 5.5136E-03       7.3300E-07       1.3744E+00
 II-                  1.1027E-02       1.4660E-06       2.7488E+00
 PS-                  3.8595E-02       5.1310E-06       9.6206E+00
 
 Total Concentrations in Exchange Sites 
 -------------------------------------- 
 
 Exchangers           Equiv/kgw        Equiv/g solid    Equiv/m^3 bulk
 Cs+                  8.1607E-03       1.0849E-06       2.0342E+00
 Na+                  2.6188E-02       3.4815E-06       6.5279E+00
 K+                   5.5644E-03       7.3975E-07       1.3870E+00
 Ca++                 7.6115E-03       1.0119E-06       1.8973E+00
 
 Concentrations of Individual Species, Exchangers, and Surface Complexes 
 ----------------------------------------------------------------------- 
 
                           Log        Log                 Concentration     
 Species              Molality   Activity      Molality    Mol/m^3 blk  Type
  NaFES                 -5.755     -3.497     1.756E-06     4.378E-04  Exchange
  NaII                  -2.319     -0.362     4.796E-03     1.196E+00  Exchange
  NaPS                  -1.670     -0.256     2.139E-02     5.332E+00  Exchange
  KFES                  -5.551     -3.293     2.810E-06     7.005E-04  Exchange
  KII                   -2.415     -0.457     3.846E-03     9.588E-01  Exchange
  KPS                   -2.766     -1.352     1.715E-03     4.276E-01  Exchange
  CaPS2                 -2.119     -0.404     7.611E-03     1.897E+00  Exchange
  CsFES                 -2.259      0.000     5.509E-03     1.373E+00  Exchange
  CsII                  -2.623     -0.665     2.385E-03     5.944E-01  Exchange
  CsPS                  -3.573     -2.160     2.671E-04     6.658E-02  Exchange
                           Log        Log                                 Activity
 Species              Molality   Activity      Molality      Activity   Coefficient    Type
  H+                    -7.491     -7.599     3.230E-08     2.519E-08     7.799E-01  Aqueous 
  Cs+                   -3.999     -4.288     1.003E-04     5.157E-05     5.142E-01  Aqueous 
  Na+                   -0.619     -0.784     2.407E-01     1.644E-01     6.830E-01  Aqueous 
  K+                    -2.795     -2.980     1.605E-03     1.047E-03     6.526E-01  Aqueous 
  Ca++                  -1.584     -2.130     2.608E-02     7.420E-03     2.846E-01  Aqueous 
  Cl-                   -0.531     -0.706     2.946E-01     1.969E-01     6.685E-01  Aqueous 
  OH-                   -6.224     -6.399     5.965E-07     3.988E-07     6.685E-01  Aqueous 
  CaOH+                 -7.174     -7.311     6.693E-08     4.888E-08     7.304E-01  Aqueous 
 
  ****** Partial pressure of gases (bars) *****
 
 
  ***** Saturation state of minerals (log[Q/K] *****
 
 
 
  ***** Volum of minerals added or subtracted *****
 
 
 **************************************************************
 ------> GRID LOCATION:    90:  1:  1
 
  Temperature (C)    =     25.000
  Porosity           =      0.250
  Liquid Saturation  =      1.000
  Liquid Density     =    997.075
  Ionic Strength     =      0.321
  Solution pH        =      7.599
  Total Charge       = -2.940E-08
 
 Total Aqueous Concentrations of Primary Species 
 --------------------------------------- 
 
   Species              Molality       Type 
 H+                  -6.3116E-07     Aqueous      
 Cs+                  1.0029E-04     Aqueous      
 Na+                  2.4070E-01     Aqueous      
 K+                   1.6047E-03     Aqueous      
 Ca++                 2.6076E-02     Aqueous      
 Cl-                  2.9456E-01     Aqueous      
 
 Exchangers           Equiv/kgw        Equiv/g solid    Equiv/m^3 bulk
 FES-                 5.5136E-03       7.3300E-07       1.3744E+00
 II-                  1.1027E-02       1.4660E-06       2.7488E+00
 PS-                  3.8595E-02       5.1310E-06       9.6206E+00
 
 Total Concentrations in Exchange Sites 
 -------------------------------------- 
 
 Exchangers           Equiv/kgw        Equiv/g solid    Equiv/m^3 bulk
 Cs+                  8.1607E-03       1.0849E-06       2.0342E+00
 Na+                  2.6188E-02       3.4815E-06       6.5279E+00
 K+                   5.5644E-03       7.3975E-07       1.3870E+00
 Ca++                 7.6115E-03       1.0119E-06       1.8973E+00
 
 Concentrations of Individual Species, Exchangers, and Surface Complexes 
 ----------------------------------------------------------------------- 
 
                           Log        Log                 Concentration     
 Species              Molality   Activity      Molality    Mol/m^3 blk  Type
  NaFES                 -5.755     -3.497     1.756E-06     4.378E-04  Exchange
  NaII                  -2.319     -0.362     4.796E-03     1.196E+00  Exchange
  NaPS                  -1.670     -0.256     2.139E-02     5.332E+00  Exchange
  KFES                  -5.551     -3.293     2.810E-06     7.005E-04  Exchange
  KII                   -2.415     -0.457     3.846E-03     9.588E-01  Exchange
  KPS                   -2.766     -1.352     1.715E-03     4.276E-01  Exchange
  CaPS2                 -2.119     -0.404     7.611E-03     1.897E+00  Exchange
  CsFES                 -2.259      0.000     5.509E-03     1.373E+00  Exchange
  CsII                  -2.623     -0.665     2.385E-03     5.944E-01  Exchange
  CsPS                  -3.573     -2.160     2.671E-04     6.658E-02  Exchange
                           Log        Log                                 Activity
 Species              Molality   Activity      Molality      Activity   Coefficient    Type
  H+                    -7.491     -7.599     3.230E-08     2.519E-08     7.799E-01  Aqueous 
  Cs+                   -3.999     -4.288     1.003E-04     5.157E-05     5.142E-01  Aqueous 
  Na+                   -0.619     -0.784     2.407E-01     1.644E-01     6.830E-01  Aqueous 
  K+                    -2.795     -2.980     1.605E-03     1.047E-03     6.526E-01  Aqueous 
  Ca++                  -1.584     -2.130     2.608E-02     7.420E-03     2.846E-01  Aqueous 
  Cl-                   -0.531     -0.706     2.946E-01     1.969E-01     6.685E-01  Aqueous 
  OH-                   -6.224     -6.399     5.965E-07     3.988E-07     6.685E-01  Aqueous 
  CaOH+                 -7.174     -7.311     6.693E-08     4.888E-08     7.304E-01  Aqueous 
 
  ****** Partial pressure of gases (bars) *****
 
 
  ***** Saturation state of minerals (log[Q/K] *****
 
 
 
  ***** Volum of minerals added or subtracted *****
 
 
 **************************************************************
 ------> GRID LOCATION:    91:  1:  1
 
  Temperature (C)    =     25.000
  Porosity           =      0.250
  Liquid Saturation  =      1.000
  Liquid Density     =    997.075
  Ionic Strength     =      0.321
  Solution pH        =      7.599
  Total Charge       = -2.940E-08
 
 Total Aqueous Concentrations of Primary Species 
 --------------------------------------- 
 
   Species              Molality       Type 
 H+                  -6.3116E-07     Aqueous      
 Cs+                  1.0029E-04     Aqueous      
 Na+                  2.4070E-01     Aqueous      
 K+                   1.6047E-03     Aqueous      
 Ca++                 2.6076E-02     Aqueous      
 Cl-                  2.9456E-01     Aqueous      
 
 Exchangers           Equiv/kgw        Equiv/g solid    Equiv/m^3 bulk
 FES-                 5.5136E-03       7.3300E-07       1.3744E+00
 II-                  1.1027E-02       1.4660E-06       2.7488E+00
 PS-                  3.8595E-02       5.1310E-06       9.6206E+00
 
 Total Concentrations in Exchange Sites 
 -------------------------------------- 
 
 Exchangers           Equiv/kgw        Equiv/g solid    Equiv/m^3 bulk
 Cs+                  8.1607E-03       1.0849E-06       2.0342E+00
 Na+                  2.6188E-02       3.4815E-06       6.5279E+00
 K+                   5.5644E-03       7.3975E-07       1.3870E+00
 Ca++                 7.6115E-03       1.0119E-06       1.8973E+00
 
 Concentrations of Individual Species, Exchangers, and Surface Complexes 
 ----------------------------------------------------------------------- 
 
                           Log        Log                 Concentration     
 Species              Molality   Activity      Molality    Mol/m^3 blk  Type
  NaFES                 -5.755     -3.497     1.756E-06     4.378E-04  Exchange
  NaII                  -2.319     -0.362     4.796E-03     1.196E+00  Exchange
  NaPS                  -1.670     -0.256     2.139E-02     5.332E+00  Exchange
  KFES                  -5.551     -3.293     2.810E-06     7.005E-04  Exchange
  KII                   -2.415     -0.457     3.846E-03     9.588E-01  Exchange
  KPS                   -2.766     -1.352     1.715E-03     4.276E-01  Exchange
  CaPS2                 -2.119     -0.404     7.611E-03     1.897E+00  Exchange
  CsFES                 -2.259      0.000     5.509E-03     1.373E+00  Exchange
  CsII                  -2.623     -0.665     2.385E-03     5.944E-01  Exchange
  CsPS                  -3.573     -2.160     2.671E-04     6.658E-02  Exchange
                           Log        Log                                 Activity
 Species              Molality   Activity      Molality      Activity   Coefficient    Type
  H+                    -7.491     -7.599     3.230E-08     2.519E-08     7.799E-01  Aqueous 
  Cs+                   -3.999     -4.288     1.003E-04     5.157E-05     5.142E-01  Aqueous 
  Na+                   -0.619     -0.784     2.407E-01     1.644E-01     6.830E-01  Aqueous 
  K+                    -2.795     -2.980     1.605E-03     1.047E-03     6.526E-01  Aqueous 
  Ca++                  -1.584     -2.130     2.608E-02     7.420E-03     2.846E-01  Aqueous 
  Cl-                   -0.531     -0.706     2.946E-01     1.969E-01     6.685E-01  Aqueous 
  OH-                   -6.224     -6.399     5.965E-07     3.988E-07     6.685E-01  Aqueous 
  CaOH+                 -7.174     -7.311     6.693E-08     4.888E-08     7.304E-01  Aqueous 
 
  ****** Partial pressure of gases (bars) *****
 
 
  ***** Saturation state of minerals (log[Q/K] *****
 
 
 
  ***** Volum of minerals added or subtracted *****
 
 
 **************************************************************
 ------> GRID LOCATION:    92:  1:  1
 
  Temperature (C)    =     25.000
  Porosity           =      0.250
  Liquid Saturation  =      1.000
  Liquid Density     =    997.075
  Ionic Strength     =      0.321
  Solution pH        =      7.599
  Total Charge       = -2.940E-08
 
 Total Aqueous Concentrations of Primary Species 
 --------------------------------------- 
 
   Species              Molality       Type 
 H+                  -6.3116E-07     Aqueous      
 Cs+                  1.0029E-04     Aqueous      
 Na+                  2.4070E-01     Aqueous      
 K+                   1.6047E-03     Aqueous      
 Ca++                 2.6076E-02     Aqueous      
 Cl-                  2.9456E-01     Aqueous      
 
 Exchangers           Equiv/kgw        Equiv/g solid    Equiv/m^3 bulk
 FES-                 5.5136E-03       7.3300E-07       1.3744E+00
 II-                  1.1027E-02       1.4660E-06       2.7488E+00
 PS-                  3.8595E-02       5.1310E-06       9.6206E+00
 
 Total Concentrations in Exchange Sites 
 -------------------------------------- 
 
 Exchangers           Equiv/kgw        Equiv/g solid    Equiv/m^3 bulk
 Cs+                  8.1607E-03       1.0849E-06       2.0342E+00
 Na+                  2.6188E-02       3.4815E-06       6.5279E+00
 K+                   5.5644E-03       7.3975E-07       1.3870E+00
 Ca++                 7.6115E-03       1.0119E-06       1.8973E+00
 
 Concentrations of Individual Species, Exchangers, and Surface Complexes 
 ----------------------------------------------------------------------- 
 
                           Log        Log                 Concentration     
 Species              Molality   Activity      Molality    Mol/m^3 blk  Type
  NaFES                 -5.755     -3.497     1.756E-06     4.378E-04  Exchange
  NaII                  -2.319     -0.362     4.796E-03     1.196E+00  Exchange
  NaPS                  -1.670     -0.256     2.139E-02     5.332E+00  Exchange
  KFES                  -5.551     -3.293     2.810E-06     7.005E-04  Exchange
  KII                   -2.415     -0.457     3.846E-03     9.588E-01  Exchange
  KPS                   -2.766     -1.352     1.715E-03     4.276E-01  Exchange
  CaPS2                 -2.119     -0.404     7.611E-03     1.897E+00  Exchange
  CsFES                 -2.259      0.000     5.509E-03     1.373E+00  Exchange
  CsII                  -2.623     -0.665     2.385E-03     5.944E-01  Exchange
  CsPS                  -3.573     -2.160     2.671E-04     6.658E-02  Exchange
                           Log        Log                                 Activity
 Species              Molality   Activity      Molality      Activity   Coefficient    Type
  H+                    -7.491     -7.599     3.230E-08     2.519E-08     7.799E-01  Aqueous 
  Cs+                   -3.999     -4.288     1.003E-04     5.157E-05     5.142E-01  Aqueous 
  Na+                   -0.619     -0.784     2.407E-01     1.644E-01     6.830E-01  Aqueous 
  K+                    -2.795     -2.980     1.605E-03     1.047E-03     6.526E-01  Aqueous 
  Ca++                  -1.584     -2.130     2.608E-02     7.420E-03     2.846E-01  Aqueous 
  Cl-                   -0.531     -0.706     2.946E-01     1.969E-01     6.685E-01  Aqueous 
  OH-                   -6.224     -6.399     5.965E-07     3.988E-07     6.685E-01  Aqueous 
  CaOH+                 -7.174     -7.311     6.693E-08     4.888E-08     7.304E-01  Aqueous 
 
  ****** Partial pressure of gases (bars) *****
 
 
  ***** Saturation state of minerals (log[Q/K] *****
 
 
 
  ***** Volum of minerals added or subtracted *****
 
 
 **************************************************************
 ------> GRID LOCATION:    93:  1:  1
 
  Temperature (C)    =     25.000
  Porosity           =      0.250
  Liquid Saturation  =      1.000
  Liquid Density     =    997.075
  Ionic Strength     =      0.321
  Solution pH        =      7.599
  Total Charge       = -2.940E-08
 
 Total Aqueous Concentrations of Primary Species 
 --------------------------------------- 
 
   Species              Molality       Type 
 H+                  -6.3116E-07     Aqueous      
 Cs+                  1.0029E-04     Aqueous      
 Na+                  2.4070E-01     Aqueous      
 K+                   1.6047E-03     Aqueous      
 Ca++                 2.6076E-02     Aqueous      
 Cl-                  2.9456E-01     Aqueous      
 
 Exchangers           Equiv/kgw        Equiv/g solid    Equiv/m^3 bulk
 FES-                 5.5136E-03       7.3300E-07       1.3744E+00
 II-                  1.1027E-02       1.4660E-06       2.7488E+00
 PS-                  3.8595E-02       5.1310E-06       9.6206E+00
 
 Total Concentrations in Exchange Sites 
 -------------------------------------- 
 
 Exchangers           Equiv/kgw        Equiv/g solid    Equiv/m^3 bulk
 Cs+                  8.1607E-03       1.0849E-06       2.0342E+00
 Na+                  2.6188E-02       3.4815E-06       6.5279E+00
 K+                   5.5644E-03       7.3975E-07       1.3870E+00
 Ca++                 7.6115E-03       1.0119E-06       1.8973E+00
 
 Concentrations of Individual Species, Exchangers, and Surface Complexes 
 ----------------------------------------------------------------------- 
 
                           Log        Log                 Concentration     
 Species              Molality   Activity      Molality    Mol/m^3 blk  Type
  NaFES                 -5.755     -3.497     1.756E-06     4.378E-04  Exchange
  NaII                  -2.319     -0.362     4.796E-03     1.196E+00  Exchange
  NaPS                  -1.670     -0.256     2.139E-02     5.332E+00  Exchange
  KFES                  -5.551     -3.293     2.810E-06     7.005E-04  Exchange
  KII                   -2.415     -0.457     3.846E-03     9.588E-01  Exchange
  KPS                   -2.766     -1.352     1.715E-03     4.276E-01  Exchange
  CaPS2                 -2.119     -0.404     7.611E-03     1.897E+00  Exchange
  CsFES                 -2.259      0.000     5.509E-03     1.373E+00  Exchange
  CsII                  -2.623     -0.665     2.385E-03     5.944E-01  Exchange
  CsPS                  -3.573     -2.160     2.671E-04     6.658E-02  Exchange
                           Log        Log                                 Activity
 Species              Molality   Activity      Molality      Activity   Coefficient    Type
  H+                    -7.491     -7.599     3.230E-08     2.519E-08     7.799E-01  Aqueous 
  Cs+                   -3.999     -4.288     1.003E-04     5.157E-05     5.142E-01  Aqueous 
  Na+                   -0.619     -0.784     2.407E-01     1.644E-01     6.830E-01  Aqueous 
  K+                    -2.795     -2.980     1.605E-03     1.047E-03     6.526E-01  Aqueous 
  Ca++                  -1.584     -2.130     2.608E-02     7.420E-03     2.846E-01  Aqueous 
  Cl-                   -0.531     -0.706     2.946E-01     1.969E-01     6.685E-01  Aqueous 
  OH-                   -6.224     -6.399     5.965E-07     3.988E-07     6.685E-01  Aqueous 
  CaOH+                 -7.174     -7.311     6.693E-08     4.888E-08     7.304E-01  Aqueous 
 
  ****** Partial pressure of gases (bars) *****
 
 
  ***** Saturation state of minerals (log[Q/K] *****
 
 
 
  ***** Volum of minerals added or subtracted *****
 
 
 **************************************************************
 ------> GRID LOCATION:    94:  1:  1
 
  Temperature (C)    =     25.000
  Porosity           =      0.250
  Liquid Saturation  =      1.000
  Liquid Density     =    997.075
  Ionic Strength     =      0.321
  Solution pH        =      7.599
  Total Charge       = -2.940E-08
 
 Total Aqueous Concentrations of Primary Species 
 --------------------------------------- 
 
   Species              Molality       Type 
 H+                  -6.3116E-07     Aqueous      
 Cs+                  1.0029E-04     Aqueous      
 Na+                  2.4070E-01     Aqueous      
 K+                   1.6047E-03     Aqueous      
 Ca++                 2.6076E-02     Aqueous      
 Cl-                  2.9456E-01     Aqueous      
 
 Exchangers           Equiv/kgw        Equiv/g solid    Equiv/m^3 bulk
 FES-                 5.5136E-03       7.3300E-07       1.3744E+00
 II-                  1.1027E-02       1.4660E-06       2.7488E+00
 PS-                  3.8595E-02       5.1310E-06       9.6206E+00
 
 Total Concentrations in Exchange Sites 
 -------------------------------------- 
 
 Exchangers           Equiv/kgw        Equiv/g solid    Equiv/m^3 bulk
 Cs+                  8.1607E-03       1.0849E-06       2.0342E+00
 Na+                  2.6188E-02       3.4815E-06       6.5279E+00
 K+                   5.5644E-03       7.3975E-07       1.3870E+00
 Ca++                 7.6115E-03       1.0119E-06       1.8973E+00
 
 Concentrations of Individual Species, Exchangers, and Surface Complexes 
 ----------------------------------------------------------------------- 
 
                           Log        Log                 Concentration     
 Species              Molality   Activity      Molality    Mol/m^3 blk  Type
  NaFES                 -5.755     -3.497     1.756E-06     4.378E-04  Exchange
  NaII                  -2.319     -0.362     4.796E-03     1.196E+00  Exchange
  NaPS                  -1.670     -0.256     2.139E-02     5.332E+00  Exchange
  KFES                  -5.551     -3.293     2.810E-06     7.005E-04  Exchange
  KII                   -2.415     -0.457     3.846E-03     9.588E-01  Exchange
  KPS                   -2.766     -1.352     1.715E-03     4.276E-01  Exchange
  CaPS2                 -2.119     -0.404     7.611E-03     1.897E+00  Exchange
  CsFES                 -2.259      0.000     5.509E-03     1.373E+00  Exchange
  CsII                  -2.623     -0.665     2.385E-03     5.944E-01  Exchange
  CsPS                  -3.573     -2.160     2.671E-04     6.658E-02  Exchange
                           Log        Log                                 Activity
 Species              Molality   Activity      Molality      Activity   Coefficient    Type
  H+                    -7.491     -7.599     3.230E-08     2.519E-08     7.799E-01  Aqueous 
  Cs+                   -3.999     -4.288     1.003E-04     5.157E-05     5.142E-01  Aqueous 
  Na+                   -0.619     -0.784     2.407E-01     1.644E-01     6.830E-01  Aqueous 
  K+                    -2.795     -2.980     1.605E-03     1.047E-03     6.526E-01  Aqueous 
  Ca++                  -1.584     -2.130     2.608E-02     7.420E-03     2.846E-01  Aqueous 
  Cl-                   -0.531     -0.706     2.946E-01     1.969E-01     6.685E-01  Aqueous 
  OH-                   -6.224     -6.399     5.965E-07     3.988E-07     6.685E-01  Aqueous 
  CaOH+                 -7.174     -7.311     6.693E-08     4.888E-08     7.304E-01  Aqueous 
 
  ****** Partial pressure of gases (bars) *****
 
 
  ***** Saturation state of minerals (log[Q/K] *****
 
 
 
  ***** Volum of minerals added or subtracted *****
 
 
 **************************************************************
 ------> GRID LOCATION:    95:  1:  1
 
  Temperature (C)    =     25.000
  Porosity           =      0.250
  Liquid Saturation  =      1.000
  Liquid Density     =    997.075
  Ionic Strength     =      0.321
  Solution pH        =      7.599
  Total Charge       = -2.940E-08
 
 Total Aqueous Concentrations of Primary Species 
 --------------------------------------- 
 
   Species              Molality       Type 
 H+                  -6.3116E-07     Aqueous      
 Cs+                  1.0029E-04     Aqueous      
 Na+                  2.4070E-01     Aqueous      
 K+                   1.6047E-03     Aqueous      
 Ca++                 2.6076E-02     Aqueous      
 Cl-                  2.9456E-01     Aqueous      
 
 Exchangers           Equiv/kgw        Equiv/g solid    Equiv/m^3 bulk
 FES-                 5.5136E-03       7.3300E-07       1.3744E+00
 II-                  1.1027E-02       1.4660E-06       2.7488E+00
 PS-                  3.8595E-02       5.1310E-06       9.6206E+00
 
 Total Concentrations in Exchange Sites 
 -------------------------------------- 
 
 Exchangers           Equiv/kgw        Equiv/g solid    Equiv/m^3 bulk
 Cs+                  8.1607E-03       1.0849E-06       2.0342E+00
 Na+                  2.6188E-02       3.4815E-06       6.5279E+00
 K+                   5.5644E-03       7.3975E-07       1.3870E+00
 Ca++                 7.6115E-03       1.0119E-06       1.8973E+00
 
 Concentrations of Individual Species, Exchangers, and Surface Complexes 
 ----------------------------------------------------------------------- 
 
                           Log        Log                 Concentration     
 Species              Molality   Activity      Molality    Mol/m^3 blk  Type
  NaFES                 -5.755     -3.497     1.756E-06     4.378E-04  Exchange
  NaII                  -2.319     -0.362     4.796E-03     1.196E+00  Exchange
  NaPS                  -1.670     -0.256     2.139E-02     5.332E+00  Exchange
  KFES                  -5.551     -3.293     2.810E-06     7.005E-04  Exchange
  KII                   -2.415     -0.457     3.846E-03     9.588E-01  Exchange
  KPS                   -2.766     -1.352     1.715E-03     4.276E-01  Exchange
  CaPS2                 -2.119     -0.404     7.611E-03     1.897E+00  Exchange
  CsFES                 -2.259      0.000     5.509E-03     1.373E+00  Exchange
  CsII                  -2.623     -0.665     2.385E-03     5.944E-01  Exchange
  CsPS                  -3.573     -2.160     2.671E-04     6.658E-02  Exchange
                           Log        Log                                 Activity
 Species              Molality   Activity      Molality      Activity   Coefficient    Type
  H+                    -7.491     -7.599     3.230E-08     2.519E-08     7.799E-01  Aqueous 
  Cs+                   -3.999     -4.288     1.003E-04     5.157E-05     5.142E-01  Aqueous 
  Na+                   -0.619     -0.784     2.407E-01     1.644E-01     6.830E-01  Aqueous 
  K+                    -2.795     -2.980     1.605E-03     1.047E-03     6.526E-01  Aqueous 
  Ca++                  -1.584     -2.130     2.608E-02     7.420E-03     2.846E-01  Aqueous 
  Cl-                   -0.531     -0.706     2.946E-01     1.969E-01     6.685E-01  Aqueous 
  OH-                   -6.224     -6.399     5.965E-07     3.988E-07     6.685E-01  Aqueous 
  CaOH+                 -7.174     -7.311     6.693E-08     4.888E-08     7.304E-01  Aqueous 
 
  ****** Partial pressure of gases (bars) *****
 
 
  ***** Saturation state of minerals (log[Q/K] *****
 
 
 
  ***** Volum of minerals added or subtracted *****
 
 
 **************************************************************
 ------> GRID LOCATION:    96:  1:  1
 
  Temperature (C)    =     25.000
  Porosity           =      0.250
  Liquid Saturation  =      1.000
  Liquid Density     =    997.075
  Ionic Strength     =      0.321
  Solution pH        =      7.599
  Total Charge       = -2.940E-08
 
 Total Aqueous Concentrations of Primary Species 
 --------------------------------------- 
 
   Species              Molality       Type 
 H+                  -6.3116E-07     Aqueous      
 Cs+                  1.0029E-04     Aqueous      
 Na+                  2.4070E-01     Aqueous      
 K+                   1.6047E-03     Aqueous      
 Ca++                 2.6076E-02     Aqueous      
 Cl-                  2.9456E-01     Aqueous      
 
 Exchangers           Equiv/kgw        Equiv/g solid    Equiv/m^3 bulk
 FES-                 5.5136E-03       7.3300E-07       1.3744E+00
 II-                  1.1027E-02       1.4660E-06       2.7488E+00
 PS-                  3.8595E-02       5.1310E-06       9.6206E+00
 
 Total Concentrations in Exchange Sites 
 -------------------------------------- 
 
 Exchangers           Equiv/kgw        Equiv/g solid    Equiv/m^3 bulk
 Cs+                  8.1607E-03       1.0849E-06       2.0342E+00
 Na+                  2.6188E-02       3.4815E-06       6.5279E+00
 K+                   5.5644E-03       7.3975E-07       1.3870E+00
 Ca++                 7.6115E-03       1.0119E-06       1.8973E+00
 
 Concentrations of Individual Species, Exchangers, and Surface Complexes 
 ----------------------------------------------------------------------- 
 
                           Log        Log                 Concentration     
 Species              Molality   Activity      Molality    Mol/m^3 blk  Type
  NaFES                 -5.755     -3.497     1.756E-06     4.378E-04  Exchange
  NaII                  -2.319     -0.362     4.796E-03     1.196E+00  Exchange
  NaPS                  -1.670     -0.256     2.139E-02     5.332E+00  Exchange
  KFES                  -5.551     -3.293     2.810E-06     7.005E-04  Exchange
  KII                   -2.415     -0.457     3.846E-03     9.588E-01  Exchange
  KPS                   -2.766     -1.352     1.715E-03     4.276E-01  Exchange
  CaPS2                 -2.119     -0.404     7.611E-03     1.897E+00  Exchange
  CsFES                 -2.259      0.000     5.509E-03     1.373E+00  Exchange
  CsII                  -2.623     -0.665     2.385E-03     5.944E-01  Exchange
  CsPS                  -3.573     -2.160     2.671E-04     6.658E-02  Exchange
                           Log        Log                                 Activity
 Species              Molality   Activity      Molality      Activity   Coefficient    Type
  H+                    -7.491     -7.599     3.230E-08     2.519E-08     7.799E-01  Aqueous 
  Cs+                   -3.999     -4.288     1.003E-04     5.157E-05     5.142E-01  Aqueous 
  Na+                   -0.619     -0.784     2.407E-01     1.644E-01     6.830E-01  Aqueous 
  K+                    -2.795     -2.980     1.605E-03     1.047E-03     6.526E-01  Aqueous 
  Ca++                  -1.584     -2.130     2.608E-02     7.420E-03     2.846E-01  Aqueous 
  Cl-                   -0.531     -0.706     2.946E-01     1.969E-01     6.685E-01  Aqueous 
  OH-                   -6.224     -6.399     5.965E-07     3.988E-07     6.685E-01  Aqueous 
  CaOH+                 -7.174     -7.311     6.693E-08     4.888E-08     7.304E-01  Aqueous 
 
  ****** Partial pressure of gases (bars) *****
 
 
  ***** Saturation state of minerals (log[Q/K] *****
 
 
 
  ***** Volum of minerals added or subtracted *****
 
 
 **************************************************************
 ------> GRID LOCATION:    97:  1:  1
 
  Temperature (C)    =     25.000
  Porosity           =      0.250
  Liquid Saturation  =      1.000
  Liquid Density     =    997.075
  Ionic Strength     =      0.321
  Solution pH        =      7.599
  Total Charge       = -2.940E-08
 
 Total Aqueous Concentrations of Primary Species 
 --------------------------------------- 
 
   Species              Molality       Type 
 H+                  -6.3116E-07     Aqueous      
 Cs+                  1.0029E-04     Aqueous      
 Na+                  2.4070E-01     Aqueous      
 K+                   1.6047E-03     Aqueous      
 Ca++                 2.6076E-02     Aqueous      
 Cl-                  2.9456E-01     Aqueous      
 
 Exchangers           Equiv/kgw        Equiv/g solid    Equiv/m^3 bulk
 FES-                 5.5136E-03       7.3300E-07       1.3744E+00
 II-                  1.1027E-02       1.4660E-06       2.7488E+00
 PS-                  3.8595E-02       5.1310E-06       9.6206E+00
 
 Total Concentrations in Exchange Sites 
 -------------------------------------- 
 
 Exchangers           Equiv/kgw        Equiv/g solid    Equiv/m^3 bulk
 Cs+                  8.1607E-03       1.0849E-06       2.0342E+00
 Na+                  2.6188E-02       3.4815E-06       6.5279E+00
 K+                   5.5644E-03       7.3975E-07       1.3870E+00
 Ca++                 7.6115E-03       1.0119E-06       1.8973E+00
 
 Concentrations of Individual Species, Exchangers, and Surface Complexes 
 ----------------------------------------------------------------------- 
 
                           Log        Log                 Concentration     
 Species              Molality   Activity      Molality    Mol/m^3 blk  Type
  NaFES                 -5.755     -3.497     1.756E-06     4.378E-04  Exchange
  NaII                  -2.319     -0.362     4.796E-03     1.196E+00  Exchange
  NaPS                  -1.670     -0.256     2.139E-02     5.332E+00  Exchange
  KFES                  -5.551     -3.293     2.810E-06     7.005E-04  Exchange
  KII                   -2.415     -0.457     3.846E-03     9.588E-01  Exchange
  KPS                   -2.766     -1.352     1.715E-03     4.276E-01  Exchange
  CaPS2                 -2.119     -0.404     7.611E-03     1.897E+00  Exchange
  CsFES                 -2.259      0.000     5.509E-03     1.373E+00  Exchange
  CsII                  -2.623     -0.665     2.385E-03     5.944E-01  Exchange
  CsPS                  -3.573     -2.160     2.671E-04     6.658E-02  Exchange
                           Log        Log                                 Activity
 Species              Molality   Activity      Molality      Activity   Coefficient    Type
  H+                    -7.491     -7.599     3.230E-08     2.519E-08     7.799E-01  Aqueous 
  Cs+                   -3.999     -4.288     1.003E-04     5.157E-05     5.142E-01  Aqueous 
  Na+                   -0.619     -0.784     2.407E-01     1.644E-01     6.830E-01  Aqueous 
  K+                    -2.795     -2.980     1.605E-03     1.047E-03     6.526E-01  Aqueous 
  Ca++                  -1.584     -2.130     2.608E-02     7.420E-03     2.846E-01  Aqueous 
  Cl-                   -0.531     -0.706     2.946E-01     1.969E-01     6.685E-01  Aqueous 
  OH-                   -6.224     -6.399     5.965E-07     3.988E-07     6.685E-01  Aqueous 
  CaOH+                 -7.174     -7.311     6.693E-08     4.888E-08     7.304E-01  Aqueous 
 
  ****** Partial pressure of gases (bars) *****
 
 
  ***** Saturation state of minerals (log[Q/K] *****
 
 
 
  ***** Volum of minerals added or subtracted *****
 
 
 **************************************************************
 ------> GRID LOCATION:    98:  1:  1
 
  Temperature (C)    =     25.000
  Porosity           =      0.250
  Liquid Saturation  =      1.000
  Liquid Density     =    997.075
  Ionic Strength     =      0.321
  Solution pH        =      7.599
  Total Charge       = -2.940E-08
 
 Total Aqueous Concentrations of Primary Species 
 --------------------------------------- 
 
   Species              Molality       Type 
 H+                  -6.3116E-07     Aqueous      
 Cs+                  1.0029E-04     Aqueous      
 Na+                  2.4070E-01     Aqueous      
 K+                   1.6047E-03     Aqueous      
 Ca++                 2.6076E-02     Aqueous      
 Cl-                  2.9456E-01     Aqueous      
 
 Exchangers           Equiv/kgw        Equiv/g solid    Equiv/m^3 bulk
 FES-                 5.5136E-03       7.3300E-07       1.3744E+00
 II-                  1.1027E-02       1.4660E-06       2.7488E+00
 PS-                  3.8595E-02       5.1310E-06       9.6206E+00
 
 Total Concentrations in Exchange Sites 
 -------------------------------------- 
 
 Exchangers           Equiv/kgw        Equiv/g solid    Equiv/m^3 bulk
 Cs+                  8.1607E-03       1.0849E-06       2.0342E+00
 Na+                  2.6188E-02       3.4815E-06       6.5279E+00
 K+                   5.5644E-03       7.3975E-07       1.3870E+00
 Ca++                 7.6115E-03       1.0119E-06       1.8973E+00
 
 Concentrations of Individual Species, Exchangers, and Surface Complexes 
 ----------------------------------------------------------------------- 
 
                           Log        Log                 Concentration     
 Species              Molality   Activity      Molality    Mol/m^3 blk  Type
  NaFES                 -5.755     -3.497     1.756E-06     4.378E-04  Exchange
  NaII                  -2.319     -0.362     4.796E-03     1.196E+00  Exchange
  NaPS                  -1.670     -0.256     2.139E-02     5.332E+00  Exchange
  KFES                  -5.551     -3.293     2.810E-06     7.005E-04  Exchange
  KII                   -2.415     -0.457     3.846E-03     9.588E-01  Exchange
  KPS                   -2.766     -1.352     1.715E-03     4.276E-01  Exchange
  CaPS2                 -2.119     -0.404     7.611E-03     1.897E+00  Exchange
  CsFES                 -2.259      0.000     5.509E-03     1.373E+00  Exchange
  CsII                  -2.623     -0.665     2.385E-03     5.944E-01  Exchange
  CsPS                  -3.573     -2.160     2.671E-04     6.658E-02  Exchange
                           Log        Log                                 Activity
 Species              Molality   Activity      Molality      Activity   Coefficient    Type
  H+                    -7.491     -7.599     3.230E-08     2.519E-08     7.799E-01  Aqueous 
  Cs+                   -3.999     -4.288     1.003E-04     5.157E-05     5.142E-01  Aqueous 
  Na+                   -0.619     -0.784     2.407E-01     1.644E-01     6.830E-01  Aqueous 
  K+                    -2.795     -2.980     1.605E-03     1.047E-03     6.526E-01  Aqueous 
  Ca++                  -1.584     -2.130     2.608E-02     7.420E-03     2.846E-01  Aqueous 
  Cl-                   -0.531     -0.706     2.946E-01     1.969E-01     6.685E-01  Aqueous 
  OH-                   -6.224     -6.399     5.965E-07     3.988E-07     6.685E-01  Aqueous 
  CaOH+                 -7.174     -7.311     6.693E-08     4.888E-08     7.304E-01  Aqueous 
 
  ****** Partial pressure of gases (bars) *****
 
 
  ***** Saturation state of minerals (log[Q/K] *****
 
 
 
  ***** Volum of minerals added or subtracted *****
 
 
 **************************************************************
 ------> GRID LOCATION:    99:  1:  1
 
  Temperature (C)    =     25.000
  Porosity           =      0.250
  Liquid Saturation  =      1.000
  Liquid Density     =    997.075
  Ionic Strength     =      0.321
  Solution pH        =      7.599
  Total Charge       = -2.940E-08
 
 Total Aqueous Concentrations of Primary Species 
 --------------------------------------- 
 
   Species              Molality       Type 
 H+                  -6.3116E-07     Aqueous      
 Cs+                  1.0029E-04     Aqueous      
 Na+                  2.4070E-01     Aqueous      
 K+                   1.6047E-03     Aqueous      
 Ca++                 2.6076E-02     Aqueous      
 Cl-                  2.9456E-01     Aqueous      
 
 Exchangers           Equiv/kgw        Equiv/g solid    Equiv/m^3 bulk
 FES-                 5.5136E-03       7.3300E-07       1.3744E+00
 II-                  1.1027E-02       1.4660E-06       2.7488E+00
 PS-                  3.8595E-02       5.1310E-06       9.6206E+00
 
 Total Concentrations in Exchange Sites 
 -------------------------------------- 
 
 Exchangers           Equiv/kgw        Equiv/g solid    Equiv/m^3 bulk
 Cs+                  8.1607E-03       1.0849E-06       2.0342E+00
 Na+                  2.6188E-02       3.4815E-06       6.5279E+00
 K+                   5.5644E-03       7.3975E-07       1.3870E+00
 Ca++                 7.6115E-03       1.0119E-06       1.8973E+00
 
 Concentrations of Individual Species, Exchangers, and Surface Complexes 
 ----------------------------------------------------------------------- 
 
                           Log        Log                 Concentration     
 Species              Molality   Activity      Molality    Mol/m^3 blk  Type
  NaFES                 -5.755     -3.497     1.756E-06     4.378E-04  Exchange
  NaII                  -2.319     -0.362     4.796E-03     1.196E+00  Exchange
  NaPS                  -1.670     -0.256     2.139E-02     5.332E+00  Exchange
  KFES                  -5.551     -3.293     2.810E-06     7.005E-04  Exchange
  KII                   -2.415     -0.457     3.846E-03     9.588E-01  Exchange
  KPS                   -2.766     -1.352     1.715E-03     4.276E-01  Exchange
  CaPS2                 -2.119     -0.404     7.611E-03     1.897E+00  Exchange
  CsFES                 -2.259      0.000     5.509E-03     1.373E+00  Exchange
  CsII                  -2.623     -0.665     2.385E-03     5.944E-01  Exchange
  CsPS                  -3.573     -2.160     2.671E-04     6.658E-02  Exchange
                           Log        Log                                 Activity
 Species              Molality   Activity      Molality      Activity   Coefficient    Type
  H+                    -7.491     -7.599     3.230E-08     2.519E-08     7.799E-01  Aqueous 
  Cs+                   -3.999     -4.288     1.003E-04     5.157E-05     5.142E-01  Aqueous 
  Na+                   -0.619     -0.784     2.407E-01     1.644E-01     6.830E-01  Aqueous 
  K+                    -2.795     -2.980     1.605E-03     1.047E-03     6.526E-01  Aqueous 
  Ca++                  -1.584     -2.130     2.608E-02     7.420E-03     2.846E-01  Aqueous 
  Cl-                   -0.531     -0.706     2.946E-01     1.969E-01     6.685E-01  Aqueous 
  OH-                   -6.224     -6.399     5.965E-07     3.988E-07     6.685E-01  Aqueous 
  CaOH+                 -7.174     -7.311     6.693E-08     4.888E-08     7.304E-01  Aqueous 
 
  ****** Partial pressure of gases (bars) *****
 
 
  ***** Saturation state of minerals (log[Q/K] *****
 
 
 
  ***** Volum of minerals added or subtracted *****
 
 
 **************************************************************
 ------> GRID LOCATION:   100:  1:  1
 
  Temperature (C)    =     25.000
  Porosity           =      0.250
  Liquid Saturation  =      1.000
  Liquid Density     =    997.075
  Ionic Strength     =      0.321
  Solution pH        =      7.599
  Total Charge       = -2.940E-08
 
 Total Aqueous Concentrations of Primary Species 
 --------------------------------------- 
 
   Species              Molality       Type 
 H+                  -6.3116E-07     Aqueous      
 Cs+                  1.0029E-04     Aqueous      
 Na+                  2.4070E-01     Aqueous      
 K+                   1.6047E-03     Aqueous      
 Ca++                 2.6076E-02     Aqueous      
 Cl-                  2.9456E-01     Aqueous      
 
 Exchangers           Equiv/kgw        Equiv/g solid    Equiv/m^3 bulk
 FES-                 5.5136E-03       7.3300E-07       1.3744E+00
 II-                  1.1027E-02       1.4660E-06       2.7488E+00
 PS-                  3.8595E-02       5.1310E-06       9.6206E+00
 
 Total Concentrations in Exchange Sites 
 -------------------------------------- 
 
 Exchangers           Equiv/kgw        Equiv/g solid    Equiv/m^3 bulk
 Cs+                  8.1607E-03       1.0849E-06       2.0342E+00
 Na+                  2.6188E-02       3.4815E-06       6.5279E+00
 K+                   5.5644E-03       7.3975E-07       1.3870E+00
 Ca++                 7.6115E-03       1.0119E-06       1.8973E+00
 
 Concentrations of Individual Species, Exchangers, and Surface Complexes 
 ----------------------------------------------------------------------- 
 
                           Log        Log                 Concentration     
 Species              Molality   Activity      Molality    Mol/m^3 blk  Type
  NaFES                 -5.755     -3.497     1.756E-06     4.378E-04  Exchange
  NaII                  -2.319     -0.362     4.796E-03     1.196E+00  Exchange
  NaPS                  -1.670     -0.256     2.139E-02     5.332E+00  Exchange
  KFES                  -5.551     -3.293     2.810E-06     7.005E-04  Exchange
  KII                   -2.415     -0.457     3.846E-03     9.588E-01  Exchange
  KPS                   -2.766     -1.352     1.715E-03     4.276E-01  Exchange
  CaPS2                 -2.119     -0.404     7.611E-03     1.897E+00  Exchange
  CsFES                 -2.259      0.000     5.509E-03     1.373E+00  Exchange
  CsII                  -2.623     -0.665     2.385E-03     5.944E-01  Exchange
  CsPS                  -3.573     -2.160     2.671E-04     6.658E-02  Exchange
                           Log        Log                                 Activity
 Species              Molality   Activity      Molality      Activity   Coefficient    Type
  H+                    -7.491     -7.599     3.230E-08     2.519E-08     7.799E-01  Aqueous 
  Cs+                   -3.999     -4.288     1.003E-04     5.157E-05     5.142E-01  Aqueous 
  Na+                   -0.619     -0.784     2.407E-01     1.644E-01     6.830E-01  Aqueous 
  K+                    -2.795     -2.980     1.605E-03     1.047E-03     6.526E-01  Aqueous 
  Ca++                  -1.584     -2.130     2.608E-02     7.420E-03     2.846E-01  Aqueous 
  Cl-                   -0.531     -0.706     2.946E-01     1.969E-01     6.685E-01  Aqueous 
  OH-                   -6.224     -6.399     5.965E-07     3.988E-07     6.685E-01  Aqueous 
  CaOH+                 -7.174     -7.311     6.693E-08     4.888E-08     7.304E-01  Aqueous 
 
  ****** Partial pressure of gases (bars) *****
 
 
  ***** Saturation state of minerals (log[Q/K] *****
 
 
 
  ***** Volum of minerals added or subtracted *****
 
 
 **************************************************************
 ------> GRID LOCATION:   101:  1:  1
 
  Temperature (C)    =     25.000
  Porosity           =      0.250
  Liquid Saturation  =      1.000
  Liquid Density     =    997.075
  Ionic Strength     =      0.321
  Solution pH        =      7.599
  Total Charge       = -2.940E-08
 
 Total Aqueous Concentrations of Primary Species 
 --------------------------------------- 
 
   Species              Molality       Type 
 H+                  -6.3116E-07     Aqueous      
 Cs+                  1.0029E-04     Aqueous      
 Na+                  2.4070E-01     Aqueous      
 K+                   1.6047E-03     Aqueous      
 Ca++                 2.6076E-02     Aqueous      
 Cl-                  2.9456E-01     Aqueous      
 
 Exchangers           Equiv/kgw        Equiv/g solid    Equiv/m^3 bulk
 FES-                 5.5136E-03       7.3300E-07       1.3744E+00
 II-                  1.1027E-02       1.4660E-06       2.7488E+00
 PS-                  3.8595E-02       5.1310E-06       9.6206E+00
 
 Total Concentrations in Exchange Sites 
 -------------------------------------- 
 
 Exchangers           Equiv/kgw        Equiv/g solid    Equiv/m^3 bulk
 Cs+                  8.1607E-03       1.0849E-06       2.0342E+00
 Na+                  2.6188E-02       3.4815E-06       6.5279E+00
 K+                   5.5644E-03       7.3975E-07       1.3870E+00
 Ca++                 7.6115E-03       1.0119E-06       1.8973E+00
 
 Concentrations of Individual Species, Exchangers, and Surface Complexes 
 ----------------------------------------------------------------------- 
 
                           Log        Log                 Concentration     
 Species              Molality   Activity      Molality    Mol/m^3 blk  Type
  NaFES                 -5.755     -3.497     1.756E-06     4.378E-04  Exchange
  NaII                  -2.319     -0.362     4.796E-03     1.196E+00  Exchange
  NaPS                  -1.670     -0.256     2.139E-02     5.332E+00  Exchange
  KFES                  -5.551     -3.293     2.810E-06     7.005E-04  Exchange
  KII                   -2.415     -0.457     3.846E-03     9.588E-01  Exchange
  KPS                   -2.766     -1.352     1.715E-03     4.276E-01  Exchange
  CaPS2                 -2.119     -0.404     7.611E-03     1.897E+00  Exchange
  CsFES                 -2.259      0.000     5.509E-03     1.373E+00  Exchange
  CsII                  -2.623     -0.665     2.385E-03     5.944E-01  Exchange
  CsPS                  -3.573     -2.160     2.671E-04     6.658E-02  Exchange
                           Log        Log                                 Activity
 Species              Molality   Activity      Molality      Activity   Coefficient    Type
  H+                    -7.491     -7.599     3.230E-08     2.519E-08     7.799E-01  Aqueous 
  Cs+                   -3.999     -4.288     1.003E-04     5.157E-05     5.142E-01  Aqueous 
  Na+                   -0.619     -0.784     2.407E-01     1.644E-01     6.830E-01  Aqueous 
  K+                    -2.795     -2.980     1.605E-03     1.047E-03     6.526E-01  Aqueous 
  Ca++                  -1.584     -2.130     2.608E-02     7.420E-03     2.846E-01  Aqueous 
  Cl-                   -0.531     -0.706     2.946E-01     1.969E-01     6.685E-01  Aqueous 
  OH-                   -6.224     -6.399     5.965E-07     3.988E-07     6.685E-01  Aqueous 
  CaOH+                 -7.174     -7.311     6.693E-08     4.888E-08     7.304E-01  Aqueous 
 
  ****** Partial pressure of gases (bars) *****
 
 
  ***** Saturation state of minerals (log[Q/K] *****
 
 
 
  ***** Volum of minerals added or subtracted *****
 
 
