# vtk DataFile Version 2.0
CGAL constrained delaunay mesh generation 2d
ASCII
DATASET UNSTRUCTURED_GRID
POINTS 9958 double
0 0 0
0.001 0 0
0.002 0 0
0.003 0 0
0.004 0 0
0.005 0 0
0.006 0 0
0.007 0 0
0.008 0 0
0.009 0 0
0.01 0 0
0.011 0 0
0.012 0 0
0.013 0 0
0.014 0 0
0.015 0 0
0.016 0 0
0.017 0 0
0.018 0 0
0.019 0 0
0.02 0 0
0.021 0 0
0.022 0 0
0.023 0 0
0.024 0 0
0.025 0 0
0.026 0 0
0.027 0 0
0.028 0 0
0.029 0 0
0.03 0 0
0.031 0 0
0.032 0 0
0.033 0 0
0.034 0 0
0.035 0 0
0.036 0 0
0.037 0 0
0.038 0 0
0.039 0 0
0.04 0 0
0.041 0 0
0.042 0 0
0.043 0 0
0.044 0 0
0.045 0 0
0.046 0 0
0.047 0 0
0.048 0 0
0.049 0 0
0.05 0 0
0.051 0 0
0.052 0 0
0.053 0 0
0.054 0 0
0.0549787 0 0
0.0559574 0 0
0.0569362 0 0
0.0579149 0 0
0.0588936 0 0
0.0598723 0 0
0.0608511 0 0
0.0618298 0 0
0.0628085 0 0
0.0637872 0 0
0.064766 0 0
0.0657447 0 0
0.0667234 0 0
0.0677021 0 0
0.0686809 0 0
0.0696596 0 0
0.0706383 0 0
0.071617 0 0
0.0725957 0 0
0.0735745 0 0
0.0745532 0 0
0.0755319 0 0
0.0765106 0 0
0.0774894 0 0
0.0784681 0 0
0.0794468 0 0
0.0804255 0 0
0.0814043 0 0
0.082383 0 0
0.0833617 0 0
0.0843404 0 0
0.0853191 0 0
0.0862979 0 0
0.0872766 0 0
0.0882553 0 0
0.089234 0 0
0.0902128 0 0
0.0911915 0 0
0.0921702 0 0
0.0931489 0 0
0.0941277 0 0
0.0951064 0 0
0.0960851 0 0
0.0970638 0 0
0.0980426 0 0
0.0990213 0 0
0.1 0 0
0.1 0 0.0010989
0.1 0 0.0021978
0.1 0 0.0032967
0.1 0 0.0043956
0.1 0 0.00549451
0.1 0 0.00659341
0.1 0 0.00769231
0.1 0 0.00879121
0.1 0 0.00989011
0.1 0 0.010989
0.1 0 0.0120879
0.1 0 0.0131868
0.1 0 0.0142857
0.1 0 0.0153846
0.1 0 0.0164835
0.1 0 0.0175824
0.1 0 0.0186813
0.1 0 0.0197802
0.1 0 0.0208791
0.1 0 0.021978
0.1 0 0.0230769
0.1 0 0.0241758
0.1 0 0.0252747
0.1 0 0.0263736
0.1 0 0.0274725
0.1 0 0.0285714
0.1 0 0.0296703
0.1 0 0.0307692
0.1 0 0.0318681
0.1 0 0.032967
0.1 0 0.0340659
0.1 0 0.0351648
0.1 0 0.0362637
0.1 0 0.0373626
0.1 0 0.0384615
0.1 0 0.0395604
0.1 0 0.0406593
0.1 0 0.0417582
0.1 0 0.0428571
0.1 0 0.043956
0.1 0 0.0450549
0.1 0 0.0461538
0.1 0 0.0472527
0.1 0 0.0483516
0.1 0 0.0494505
0.1 0 0.0505495
0.1 0 0.0516484
0.1 0 0.0527473
0.1 0 0.0538462
0.1 0 0.0549451
0.1 0 0.056044
0.1 0 0.0571429
0.1 0 0.0582418
0.1 0 0.0593407
0.1 0 0.0604396
0.1 0 0.0615385
0.1 0 0.0626374
0.1 0 0.0637363
0.1 0 0.0648352
0.1 0 0.0659341
0.1 0 0.067033
0.1 0 0.0681319
0.1 0 0.0692308
0.1 0 0.0703297
0.1 0 0.0714286
0.1 0 0.0725275
0.1 0 0.0736264
0.1 0 0.0747253
0.1 0 0.0758242
0.1 0 0.0769231
0.1 0 0.078022
0.1 0 0.0791209
0.1 0 0.0802198
0.1 0 0.0813187
0.1 0 0.0824176
0.1 0 0.0835165
0.1 0 0.0846154
0.1 0 0.0857143
0.1 0 0.0868132
0.1 0 0.0879121
0.1 0 0.089011
0.1 0 0.0901099
0.1 0 0.0912088
0.1 0 0.0923077
0.1 0 0.0934066
0.1 0 0.0945055
0.1 0 0.0956044
0.1 0 0.0967033
0.1 0 0.0978022
0.1 0 0.0989011
0.1 0 0.1
0.0990213 0 0.1
0.0980426 0 0.1
0.0970638 0 0.1
0.0960851 0 0.1
0.0951064 0 0.1
0.0941277 0 0.1
0.0931489 0 0.1
0.0921702 0 0.1
0.0911915 0 0.1
0.0902128 0 0.1
0.089234 0 0.1
0.0882553 0 0.1
0.0872766 0 0.1
0.0862979 0 0.1
0.0853191 0 0.1
0.0843404 0 0.1
0.0833617 0 0.1
0.082383 0 0.1
0.0814043 0 0.1
0.0804255 0 0.1
0.0794468 0 0.1
0.0784681 0 0.1
0.0774894 0 0.1
0.0765106 0 0.1
0.0755319 0 0.1
0.0745532 0 0.1
0.0735745 0 0.1
0.0725957 0 0.1
0.071617 0 0.1
0.0706383 0 0.1
0.0696596 0 0.1
0.0686809 0 0.1
0.0677021 0 0.1
0.0667234 0 0.1
0.0657447 0 0.1
0.064766 0 0.1
0.0637872 0 0.1
0.0628085 0 0.1
0.0618298 0 0.1
0.0608511 0 0.1
0.0598723 0 0.1
0.0588936 0 0.1
0.0579149 0 0.1
0.0569362 0 0.1
0.0559574 0 0.1
0.0549787 0 0.1
0.054 0 0.1
0.053 0 0.1
0.052 0 0.1
0.051 0 0.1
0.05 0 0.1
0.049 0 0.1
0.048 0 0.1
0.047 0 0.1
0.046 0 0.1
0.045 0 0.1
0.044 0 0.1
0.043 0 0.1
0.042 0 0.1
0.041 0 0.1
0.04 0 0.1
0.039 0 0.1
0.038 0 0.1
0.037 0 0.1
0.036 0 0.1
0.035 0 0.1
0.034 0 0.1
0.033 0 0.1
0.032 0 0.1
0.031 0 0.1
0.03 0 0.1
0.029 0 0.1
0.028 0 0.1
0.027 0 0.1
0.026 0 0.1
0.025 0 0.1
0.024 0 0.1
0.023 0 0.1
0.022 0 0.1
0.021 0 0.1
0.02 0 0.1
0.019 0 0.1
0.018 0 0.1
0.017 0 0.1
0.016 0 0.1
0.015 0 0.1
0.014 0 0.1
0.013 0 0.1
0.012 0 0.1
0.011 0 0.1
0.01 0 0.1
0.009 0 0.1
0.008 0 0.1
0.007 0 0.1
0.006 0 0.1
0.005 0 0.1
0.004 0 0.1
0.003 0 0.1
0.002 0 0.1
0.001 0 0.1
0 0 0.1
0 0 0.0989011
0 0 0.0978022
0 0 0.0967033
0 0 0.0956044
0 0 0.0945055
0 0 0.0934066
0 0 0.0923077
0 0 0.0912088
0 0 0.0901099
0 0 0.089011
0 0 0.0879121
0 0 0.0868132
0 0 0.0857143
0 0 0.0846154
0 0 0.0835165
0 0 0.0824176
0 0 0.0813187
0 0 0.0802198
0 0 0.0791209
0 0 0.078022
0 0 0.0769231
0 0 0.0758242
0 0 0.0747253
0 0 0.0736264
0 0 0.0725275
0 0 0.0714286
0 0 0.0703297
0 0 0.0692308
0 0 0.0681319
0 0 0.067033
0 0 0.0659341
0 0 0.0648352
0 0 0.0637363
0 0 0.0626374
0 0 0.0615385
0 0 0.0604396
0 0 0.0593407
0 0 0.0582418
0 0 0.0571429
0 0 0.056044
0 0 0.0549451
0 0 0.0538462
0 0 0.0527473
0 0 0.0516484
0 0 0.0505495
0 0 0.0494505
0 0 0.0483516
0 0 0.0472527
0 0 0.0461538
0 0 0.0450549
0 0 0.043956
0 0 0.0428571
0 0 0.0417582
0 0 0.0406593
0 0 0.0395604
0 0 0.0384615
0 0 0.0373626
0 0 0.0362637
0 0 0.0351648
0 0 0.0340659
0 0 0.032967
0 0 0.0318681
0 0 0.0307692
0 0 0.0296703
0 0 0.0285714
0 0 0.0274725
0 0 0.0263736
0 0 0.0252747
0 0 0.0241758
0 0 0.0230769
0 0 0.021978
0 0 0.0208791
0 0 0.0197802
0 0 0.0186813
0 0 0.0175824
0 0 0.0164835
0 0 0.0153846
0 0 0.0142857
0 0 0.0131868
0 0 0.0120879
0 0 0.010989
0 0 0.00989011
0 0 0.00879121
0 0 0.00769231
0 0 0.00659341
0 0 0.00549451
0 0 0.0043956
0 0 0.0032967
0 0 0.0021978
0 0 0.0010989
0.045 0 0.0010989
0.045 0 0.0021978
0.045 0 0.0032967
0.045 0 0.0043956
0.045 0 0.00549451
0.045 0 0.00659341
0.045 0 0.00769231
0.045 0 0.00879121
0.045 0 0.00989011
0.045 0 0.010989
0.045 0 0.0120879
0.045 0 0.0131868
0.045 0 0.0142857
0.045 0 0.0153846
0.045 0 0.0164835
0.045 0 0.0175824
0.045 0 0.0186813
0.045 0 0.0197802
0.045 0 0.0208791
0.045 0 0.021978
0.045 0 0.0230769
0.045 0 0.0241758
0.045 0 0.0252747
0.045 0 0.0263736
0.045 0 0.0274725
0.045 0 0.0285714
0.045 0 0.0296703
0.045 0 0.0307692
0.045 0 0.0318681
0.045 0 0.032967
0.045 0 0.0340659
0.045 0 0.0351648
0.045 0 0.0362637
0.045 0 0.0373626
0.045 0 0.0384615
0.045 0 0.0395604
0.045 0 0.0406593
0.045 0 0.0417582
0.045 0 0.0428571
0.045 0 0.043956
0.045 0 0.0450549
0.045 0 0.0461538
0.045 0 0.0472527
0.045 0 0.0483516
0.045 0 0.0494505
0.045 0 0.0505495
0.045 0 0.0516484
0.045 0 0.0527473
0.045 0 0.0538462
0.045 0 0.0549451
0.045 0 0.056044
0.045 0 0.0571429
0.045 0 0.0582418
0.045 0 0.0593407
0.045 0 0.0604396
0.045 0 0.0615385
0.045 0 0.0626374
0.045 0 0.0637363
0.045 0 0.0648352
0.045 0 0.0659341
0.045 0 0.067033
0.045 0 0.0681319
0.045 0 0.0692308
0.045 0 0.0703297
0.045 0 0.0714286
0.045 0 0.0725275
0.045 0 0.0736264
0.045 0 0.0747253
0.045 0 0.0758242
0.045 0 0.0769231
0.045 0 0.078022
0.045 0 0.0791209
0.045 0 0.0802198
0.045 0 0.0813187
0.045 0 0.0824176
0.045 0 0.0835165
0.045 0 0.0846154
0.045 0 0.0857143
0.045 0 0.0868132
0.045 0 0.0879121
0.045 0 0.089011
0.045 0 0.0901099
0.045 0 0.0912088
0.045 0 0.0923077
0.045 0 0.0934066
0.045 0 0.0945055
0.045 0 0.0956044
0.045 0 0.0967033
0.045 0 0.0978022
0.045 0 0.0989011
0.054 0 0.0010989
0.054 0 0.0021978
0.054 0 0.0032967
0.054 0 0.0043956
0.054 0 0.00549451
0.054 0 0.00659341
0.054 0 0.00769231
0.054 0 0.00879121
0.054 0 0.00989011
0.054 0 0.010989
0.054 0 0.0120879
0.054 0 0.0131868
0.054 0 0.0142857
0.054 0 0.0153846
0.054 0 0.0164835
0.054 0 0.0175824
0.054 0 0.0186813
0.054 0 0.0197802
0.054 0 0.0208791
0.054 0 0.021978
0.054 0 0.0230769
0.054 0 0.0241758
0.054 0 0.0252747
0.054 0 0.0263736
0.054 0 0.0274725
0.054 0 0.0285714
0.054 0 0.0296703
0.054 0 0.0307692
0.054 0 0.0318681
0.054 0 0.032967
0.054 0 0.0340659
0.054 0 0.0351648
0.054 0 0.0362637
0.054 0 0.0373626
0.054 0 0.0384615
0.054 0 0.0395604
0.054 0 0.0406593
0.054 0 0.0417582
0.054 0 0.0428571
0.054 0 0.043956
0.054 0 0.0450549
0.054 0 0.0461538
0.054 0 0.0472527
0.054 0 0.0483516
0.054 0 0.0494505
0.054 0 0.0505495
0.054 0 0.0516484
0.054 0 0.0527473
0.054 0 0.0538462
0.054 0 0.0549451
0.054 0 0.056044
0.054 0 0.0571429
0.054 0 0.0582418
0.054 0 0.0593407
0.054 0 0.0604396
0.054 0 0.0615385
0.054 0 0.0626374
0.054 0 0.0637363
0.054 0 0.0648352
0.054 0 0.0659341
0.054 0 0.067033
0.054 0 0.0681319
0.054 0 0.0692308
0.054 0 0.0703297
0.054 0 0.0714286
0.054 0 0.0725275
0.054 0 0.0736264
0.054 0 0.0747253
0.054 0 0.0758242
0.054 0 0.0769231
0.054 0 0.078022
0.054 0 0.0791209
0.054 0 0.0802198
0.054 0 0.0813187
0.054 0 0.0824176
0.054 0 0.0835165
0.054 0 0.0846154
0.054 0 0.0857143
0.054 0 0.0868132
0.054 0 0.0879121
0.054 0 0.089011
0.054 0 0.0901099
0.054 0 0.0912088
0.054 0 0.0923077
0.054 0 0.0934066
0.054 0 0.0945055
0.054 0 0.0956044
0.054 0 0.0967033
0.054 0 0.0978022
0.054 0 0.0989011
0.0770664 0 0.0237534
0.0771237 0 0.0544872
0.0770093 0 0.0771847
0.0225387 0 0.0225644
0.0224648 0 0.0456294
0.0226074 0 0.0687608
0.0286107 0 0.0837174
0.0707033 0 0.0390902
0.085042 0 0.0359222
0.0145552 0 0.0808841
0.0681554 0 0.066445
0.0859497 0 0.065338
0.0675754 0 0.0136649
0.0856391 0 0.0132292
0.0138602 0 0.0566213
0.0140147 0 0.0335082
0.0307587 0 0.0340767
0.0310816 0 0.0564018
0.0673604 0 0.0863809
0.0868474 0 0.0863474
0.031514 0 0.0130713
0.0129992 0 0.0131112
0.0874862 0 0.0481986
0.0659648 0 0.0499954
0.0659729 0 0.0281392
0.0885426 0 0.0250848
0.0335888 0 0.0719129
0.0111552 0 0.0697795
0.0112594 0 0.044475
0.0336646 0 0.0458359
0.0339778 0 0.0237157
0.0876653 0 0.0757499
0.0123205 0 0.0234258
0.0646687 0 0.0764476
0.0195771 0 0.0897187
0.00983428 0 0.0892278
0.0773508 0 0.0898816
0.078621 0 0.0447314
0.0222312 0 0.00980831
0.0768242 0 0.0144261
0.0766559 0 0.0637521
0.0359597 0 0.0897789
0.0853899 0 0.0565838
0.0222753 0 0.054375
0.022492 0 0.0312352
0.0623717 0 0.0411263
0.0631017 0 0.0587815
0.0364243 0 0.0801351
0.0735555 0 0.0313974
0.0274746 0 0.0915776
0.0263604 0 0.075804
0.0362984 0 0.0635989
0.0919032 0 0.040075
0.0921472 0 0.0319921
0.0920361 0 0.00802567
0.0078294 0 0.0619969
0.0728223 0 0.00791691
0.00778589 0 0.0774367
0.0923942 0 0.059657
0.0804076 0 0.00779109
0.0619115 0 0.0191542
0.0621595 0 0.00802891
0.0374735 0 0.0378033
0.0820873 0 0.0290961
0.0778487 0 0.0372279
0.0175378 0 0.0400339
0.0252338 0 0.0616028
0.0163499 0 0.0639094
0.0922235 0 0.0181502
0.00783101 0 0.0513939
0.0920453 0 0.0919221
0.0816422 0 0.0714326
0.061976 0 0.0921953
0.0924167 0 0.0687357
0.0374339 0 0.0304928
0.0373924 0 0.00781714
0.017377 0 0.0740614
0.0214861 0 0.0828487
0.0708311 0 0.0588817
0.0695048 0 0.0212509
0.0075707 0 0.0294795
0.00738943 0 0.0368253
0.0374964 0 0.0523031
0.0610853 0 0.068723
0.00782321 0 0.0077818
0.0247029 0 0.0384962
0.0281336 0 0.0499706
0.0377008 0 0.0171742
0.0838237 0 0.0927456
0.0925458 0 0.0812624
0.0610856 0 0.0827506
0.0742766 0 0.0705074
0.0279229 0 0.0269187
0.016919 0 0.0499899
0.00714762 0 0.0171091
0.0706302 0 0.0928853
0.0613445 0 0.0339698
0.0715035 0 0.0459158
0.0153863 0 0.00678448
0.0739925 0 0.0834576
0.0818421 0 0.0189784
0.0295371 0 0.0066751
0.0300515 0 0.0662862
0.0806245 0 0.0830432
0.0931899 0 0.0522458
0.0194468 0 0.0163178
0.0288217 0 0.0194789
0.0170975 0 0.0278704
0.0709316 0 0.0760302
0.0937467 0 0.0747459
0.0860669 0 0.0422614
0.082323 0 0.0513707
0.0061491 0 0.0232837
0.0602461 0 0.0522531
0.0602445 0 0.0251765
0.0934379 0 0.0460896
0.00916345 0 0.0834177
0.0318717 0 0.0399771
0.0674973 0 0.0338041
0.0712315 0 0.0528358
0.0390506 0 0.0745161
0.0941739 0 0.0235302
0.0143776 0 0.0937557
0.0058904 0 0.0675394
0.0250534 0 0.0148523
0.00576306 0 0.0456895
0.039182 0 0.0435806
0.0368437 0 0.0577815
0.0863865 0 0.00610184
0.00649154 0 0.0942724
0.0191356 0 0.0587704
0.0619901 0 0.0137311
0.0598589 0 0.0463867
0.0382789 0 0.0687761
0.0802523 0 0.0591454
0.0680115 0 0.0808222
0.0394088 0 0.0222888
0.0393839 0 0.094329
0.0307672 0 0.0789183
0.0722473 0 0.0258284
0.0596472 0 0.074234
0.0245597 0 0.08735
0.0222952 0 0.094322
0.0280291 0 0.0443179
0.0332706 0 0.0946307
0.0673934 0 0.00589728
0.0942445 0 0.0865947
0.0123825 0 0.0385528
0.0660448 0 0.0712436
0.0823287 0 0.0765604
0.085896 0 0.080923
0.0874723 0 0.0704719
0.00868373 0 0.0570557
0.0599533 0 0.0631678
0.0393769 0 0.0850412
0.0759853 0 0.0946685
0.0869728 0 0.0185228
0.0284028 0 0.0711303
0.0124181 0 0.074849
0.0873935 0 0.0300731
0.0665002 0 0.0445184
0.0146594 0 0.086494
0.0121024 0 0.0181852
0.0172227 0 0.0229194
0.0819054 0 0.0880812
0.0201883 0 0.0360623
0.0831189 0 0.0240557
0.0244442 0 0.00525862
0.0175185 0 0.0689291
0.00521139 0 0.0868541
0.0052071 0 0.0728283
0.0757542 0 0.0493983
0.032774 0 0.0285399
0.0907992 0 0.013063
0.0664381 0 0.0551774
0.0718805 0 0.016595
0.072312 0 0.0883285
0.0175079 0 0.0451109
0.0179604 0 0.011494
0.0832556 0 0.0458985
0.0748918 0 0.0412855
0.0212348 0 0.0774017
0.0315594 0 0.0613493
0.0649287 0 0.023129
0.0814587 0 0.0406569
0.0329264 0 0.050512
0.0339047 0 0.0846419
0.0312734 0 0.0887255
0.0124698 0 0.0290883
0.0755797 0 0.0587961
0.0952684 0 0.0114783
0.00501743 0 0.0121535
0.0329568 0 0.0174412
0.0586869 0 0.0566234
0.0593861 0 0.0875934
0.0784407 0 0.0321605
0.0362398 0 0.0125666
0.00465823 0 0.0813042
0.0269296 0 0.0104411
0.072082 0 0.0636084
0.0809273 0 0.0663402
0.020835 0 0.0631613
0.040551 0 0.0898026
0.0668648 0 0.0619379
0.0200863 0 0.00566199
0.0400776 0 0.0610503
0.0773089 0 0.0190119
0.0811021 0 0.014546
0.0126593 0 0.052032
0.0497803 0 0.084035
0.0493058 0 0.0687978
0.049361 0 0.0764636
0.0494913 0 0.091865
0.0494395 0 0.0598506
0.0493125 0 0.0520251
0.0493813 0 0.0357645
0.0494865 0 0.0290744
0.0495583 0 0.0224865
0.0495412 0 0.011456
0.0496144 0 0.0446043
0.0494855 0 0.0169698
0.049393 0 0.00610619
0.0376821 0 0.0478036
0.0952692 0 0.0357054
0.00454798 0 0.0591849
0.0635919 0 0.0651044
0.00455692 0 0.0409752
0.0948718 0 0.0641447
0.0904655 0 0.0647063
0.0873893 0 0.060749
0.0952412 0 0.00484766
0.0664208 0 0.091082
0.0652961 0 0.0954989
0.0585342 0 0.0388534
0.0216547 0 0.0731539
0.0408036 0 0.0115549
0.0643334 0 0.0370476
0.0768476 0 0.0282339
0.0882836 0 0.0530298
0.0605927 0 0.0784152
0.0718696 0 0.0121989
0.021285 0 0.0500819
0.0179381 0 0.0544034
0.0271674 0 0.0544115
0.0233418 0 0.0269714
0.0180699 0 0.0321192
0.0270534 0 0.0314994
0.0497562 0 0.06431
0.0493358 0 0.0401642
0.0886863 0 0.0955539
0.0586749 0 0.00468535
0.0924098 0 0.0275455
0.0770914 0 0.00459238
0.0616521 0 0.0294636
0.0402835 0 0.026864
0.0407245 0 0.0806931
0.0343159 0 0.0672467
0.0586823 0 0.0954535
0.0956499 0 0.0949252
0.0408636 0 0.0566613
0.0343161 0 0.07618
0.0044238 0 0.0543612
0.0583691 0 0.0103581
0.0126691 0 0.0612624
0.012233 0 0.0653969
0.0582287 0 0.0157943
0.0956504 0 0.0564287
0.0404227 0 0.0341439
0.0405806 0 0.00505251
0.06996 0 0.0704202
0.0955977 0 0.0424722
0.0824961 0 0.0625635
0.0336162 0 0.00461944
0.0583232 0 0.0215002
0.00442219 0 0.00438945
0.00428438 0 0.0324949
0.0256539 0 0.0802145
0.011289 0 0.00458415
0.063209 0 0.0865444
0.0698234 0 0.0300573
0.0715771 0 0.0349245
0.0295084 0 0.0957449
0.0958301 0 0.0298563
0.0879602 0 0.0906927
0.0900111 0 0.00421842
0.0955095 0 0.0156565
0.0901838 0 0.0436992
0.0498416 0 0.0959063
0.00407249 0 0.0631932
0.0351935 0 0.0419563
0.0634343 0 0.00418403
0.0408284 0 0.065419
0.0231434 0 0.0184076
0.00426542 0 0.0493163
0.0736219 0 0.0211244
0.0959254 0 0.0907025
0.088242 0 0.00997753
0.0185461 0 0.0937322
0.0897154 0 0.0567686
0.0580873 0 0.0314313
0.0797122 0 0.092904
0.071814 0 0.0799274
0.0710185 0 0.00407205
0.0913631 0 0.0361075
0.00930468 0 0.0115299
0.0303749 0 0.0745671
0.0811717 0 0.0550192
0.0960814 0 0.019797
0.0106213 0 0.0957184
0.0659244 0 0.00970435
0.0648743 0 0.0164638
0.0826258 0 0.00418813
0.0263982 0 0.0677559
0.0580596 0 0.091443
0.0958793 0 0.0712315
0.00909887 0 0.0208653
0.00892717 0 0.0407319
0.0840464 0 0.00975918
0.00893079 0 0.0477275
0.0780103 0 0.0696316
0.0139998 0 0.047064
0.0899376 0 0.0212745
0.0783567 0 0.0732751
0.0119357 0 0.00859887
0.0959121 0 0.0784077
0.0412067 0 0.0508953
0.00413207 0 0.026996
0.00386065 0 0.00828014
0.0331511 0 0.00872007
0.0757448 0 0.0106273
0.040929 0 0.0398162
0.0666948 0 0.0405717
0.0884161 0 0.0390003
0.0959783 0 0.0832914
0.0175007 0 0.0835837
0.0501998 0 0.0801758
0.0487428 0 0.0484437
0.0487871 0 0.056108
0.0488746 0 0.0725074
0.0486929 0 0.087934
0.0682755 0 0.024999
0.0823833 0 0.0332992
0.00392354 0 0.019241
0.0165337 0 0.0187218
0.011269 0 0.078714
0.00371373 0 0.0764117
0.0230991 0 0.0583795
0.0285347 0 0.0596894
0.0961919 0 0.0606235
0.0353251 0 0.0342268
0.0266151 0 0.0231039
0.0339289 0 0.0539375
0.0903368 0 0.0730629
0.00925065 0 0.0257742
0.00989297 0 0.0333476
0.0801882 0 0.0481498
0.078639 0 0.0862136
0.0172347 0 0.0779749
0.0215318 0 0.0412869
0.0360368 0 0.0204711
0.0800311 0 0.0258604
0.0905746 0 0.087658
0.0578741 0 0.0352473
0.0412618 0 0.0160281
0.0592124 0 0.0428048
0.0364678 0 0.0266966
0.0304023 0 0.0227217
0.0272081 0 0.0352593
0.0892514 0 0.0791898
0.0897352 0 0.0839424
0.016611 0 0.0363491
0.0142271 0 0.042043
0.0820062 0 0.0961787
0.0236838 0 0.0908286
0.00609059 0 0.0904167
0.0731831 0 0.0559976
0.0576712 0 0.0840256
0.0691797 0 0.0963289
0.0650081 0 0.0832607
0.081726 0 0.0371408
0.0755213 0 0.0347212
0.0413204 0 0.0465412
0.0961443 0 0.0489436
0.0145029 0 0.0714962
0.0575574 0 0.0675982
0.0199735 0 0.0254948
0.00373157 0 0.0361149
0.0745418 0 0.0666614
0.0745072 0 0.0743151
0.085005 0 0.0731811
0.083938 0 0.0683693
0.0409056 0 0.0304105
0.00861046 0 0.0740197
0.020888 0 0.0864449
0.0852247 0 0.0270901
0.0646178 0 0.0316357
0.027945 0 0.0405132
0.0698963 0 0.0425212
0.0694922 0 0.00937004
0.0627288 0 0.0549569
0.0413314 0 0.0709406
0.0102769 0 0.0151356
0.0249329 0 0.0425053
0.0882272 0 0.0336434
0.0132771 0 0.0899566
0.0684196 0 0.0172417
0.0308908 0 0.0476128
0.0257576 0 0.0471627
0.0247112 0 0.0515458
0.0740715 0 0.0914734
0.0196912 0 0.0201023
0.0304259 0 0.0529155
0.00368009 0 0.015626
0.0755006 0 0.0803812
0.0708424 0 0.0852608
0.086332 0 0.0218992
0.0635757 0 0.0471735
0.0237296 0 0.0651957
0.0960799 0 0.0676798
0.0211613 0 0.0129794
0.0161867 0 0.0150887
0.0727043 0 0.0958025
0.0683789 0 0.0475369
0.0749837 0 0.0447885
0.0714083 0 0.0496728
0.00353714 0 0.0964315
0.0252769 0 0.0725985
0.0623952 0 0.0719681
0.0165137 0 0.00342278
0.068511 0 0.0733419
0.0787927 0 0.0514469
0.0299208 0 0.0161003
0.0258882 0 0.0964608
0.066026 0 0.019897
0.0372707 0 0.00370612
0.0246787 0 0.0837937
0.0235858 0 0.0349807
0.0964584 0 0.0529713
0.0912591 0 0.0491342
0.0837315 0 0.0850891
0.0800839 0 0.0794759
0.0851944 0 0.095875
0.0578255 0 0.0709346
0.0792145 0 0.011275
0.0277111 0 0.00349199
0.0573377 0 0.0796285
0.0165853 0 0.0964579
0.074382 0 0.0378757
0.0666475 0 0.0584206
0.0157061 0 0.0596614
0.0922033 0 0.0955941
0.063842 0 0.079755
0.00790576 0 0.00433518
0.0034052 0 0.0928463
0.0802238 0 0.0222177
0.0841575 0 0.0163883
0.00909427 0 0.0671573
0.0077862 0 0.0704485
0.0577224 0 0.0493576
0.033984 0 0.0374758
0.0773649 0 0.0832441
0.0953056 0 0.0391801
0.0271342 0 0.0645442
0.0315156 0 0.0694393
0.0192219 0 0.0660594
0.0694299 0 0.0897664
0.0966528 0 0.0457098
0.0573875 0 0.0268591
0.0893954 0 0.0159839
0.0963636 0 0.00792433
0.0279141 0 0.0872185
0.0618152 0 0.0953516
0.0364842 0 0.0965849
0.0415285 0 0.0194058
0.0415555 0 0.00829423
0.0504654 0 0.0260312
0.0484144 0 0.0325367
0.0307385 0 0.0927117
0.0844075 0 0.059712
0.0148711 0 0.0100106
0.0300896 0 0.0372298
0.0332144 0 0.081383
0.0651116 0 0.0680657
0.0125985 0 0.0837097
0.0953907 0 0.0266462
0.0415054 0 0.0771183
0.0676705 0 0.0373232
0.0886038 0 0.0673519
0.0755654 0 0.0869882
0.0151841 0 0.030436
0.0141872 0 0.0262651
0.0198113 0 0.0292531
0.0576169 0 0.0602905
0.0200488 0 0.0966044
0.0924654 0 0.0779342
0.00335048 0 0.0697438
0.0299683 0 0.00997577
0.0781449 0 0.040672
0.0328349 0 0.0645723
0.030409 0 0.030901
0.0677404 0 0.0774398
0.0415667 0 0.0966323
0.0849274 0 0.0889262
0.00938088 0 0.0926731
0.0140095 0 0.068147
0.057187 0 0.0538249
0.0192276 0 0.080738
0.0165402 0 0.0910986
0.00324589 0 0.0891988
0.0636659 0 0.0618141
0.0711717 0 0.0672775
0.0280272 0 0.0135283
0.0968967 0 0.0754039
0.00315866 0 0.0223522
0.0631656 0 0.0260932
0.0612406 0 0.0223621
0.0855983 0 0.0508925
0.0178335 0 0.0865491
0.032868 0 0.0207225
0.01166 0 0.0866823
0.0481813 0 0.00320748
0.0192059 0 0.0479795
0.0610662 0 0.0372173
0.0334575 0 0.031587
0.0310163 0 0.025877
0.0791778 0 0.0163738
0.0183571 0 0.00855383
0.0870456 0 0.0449299
0.0850876 0 0.0391217
0.0632535 0 0.0516976
0.0839533 0 0.0540103
0.0101673 0 0.0540286
0.077253 0 0.00794023
0.0214391 0 0.00319683
0.0612985 0 0.0492386
0.0138508 0 0.0207776
0.0572843 0 0.0765067
0.0387206 0 0.0142163
0.0308469 0 0.00317112
0.0420605 0 0.0739876
0.0717058 0 0.0729306
0.0142432 0 0.0777179
0.0417031 0 0.0927306
0.0872754 0 0.00305233
0.078657 0 0.0968804
0.00298289 0 0.06619
0.0117608 0 0.0356819
0.0740528 0 0.0774612
0.0373178 0 0.077107
0.0361326 0 0.0735141
0.00772258 0 0.0805685
0.00819101 0 0.0864411
0.0349309 0 0.0607251
0.0342113 0 0.0144597
0.00776617 0 0.0968562
0.0742354 0 0.0529883
0.0680589 0 0.0521534
0.0697855 0 0.0557853
0.0312356 0 0.0433968
0.0663407 0 0.00295475
0.0890744 0 0.00703984
0.0333118 0 0.0907817
0.0571124 0 0.0451673
0.01349 0 0.0970193
0.0794956 0 0.0619236
0.0775258 0 0.0665162
0.0201581 0 0.0703141
0.0620341 0 0.0443132
0.00718257 0 0.0429424
0.0366703 0 0.0832491
0.00712291 0 0.0649627
0.0832858 0 0.0793908
0.0854075 0 0.0774867
0.00325411 0 0.0436282
0.00286023 0 0.0466087
0.0267336 0 0.0074585
0.0739945 0 0.00498333
0.0743068 0 0.0618752
0.0568975 0 0.0642979
0.0950406 0 0.0327523
0.0156082 0 0.0527542
0.0971063 0 0.0236128
0.0678265 0 0.0937593
0.007276 0 0.0141763
0.0913604 0 0.0245696
0.0930739 0 0.0208793
0.0422887 0 0.0840093
0.04189 0 0.0871325
0.0115168 0 0.0582504
0.0421217 0 0.0431978
0.0929167 0 0.0429087
0.0420334 0 0.0242638
0.0380492 0 0.0407156
0.0364966 0 0.0446782
0.0750954 0 0.0172472
0.0283176 0 0.0806814
0.0833805 0 0.00708973
0.0249502 0 0.0205507
0.0509539 0 0.0029627
0.00310385 0 0.0841973
0.00601187 0 0.083645
0.092987 0 0.0716437
0.0971436 0 0.0858851
0.0924158 0 0.0549056
0.084416 0 0.0311979
0.064701 0 0.00687303
0.0737938 0 0.0143151
0.0247663 0 0.0295233
0.0380791 0 0.0917726
0.0236991 0 0.0120917
0.026844 0 0.0168763
0.0223107 0 0.0157097
0.0827313 0 0.0574928
0.0571339 0 0.00750624
0.0601851 0 0.0590918
0.0643223 0 0.0341303
0.0400358 0 0.0370013
0.0617128 0 0.08901
0.0786269 0 0.0569302
0.0601127 0 0.0660945
0.0927066 0 0.089432
0.093332 0 0.084361
0.0339902 0 0.0571059
0.0378912 0 0.0552703
0.0682758 0 0.0837676
0.020754 0 0.0566046
0.0177045 0 0.061309
0.0316669 0 0.0969662
0.0379991 0 0.0658883
0.0355592 0 0.0698797
0.0386077 0 0.0717518
0.0382177 0 0.0878917
0.0246222 0 0.0560954
0.0795237 0 0.0348896
0.0610219 0 0.01663
0.0630988 0 0.010686
0.0649566 0 0.0135504
0.0797319 0 0.00288454
0.0411895 0 0.0679617
0.0201152 0 0.0527628
0.051202 0 0.0315183
0.0479387 0 0.0248525
0.0073444 0 0.0542981
0.023082 0 0.0970346
0.0253929 0 0.0935459
0.0214297 0 0.0919782
0.00674355 0 0.0198139
0.0201017 0 0.0386705
0.0167666 0 0.0569436
0.01189 0 0.0489935
0.0568367 0 0.0238364
0.0811726 0 0.043745
0.0702975 0 0.00663607
0.0369339 0 0.0229985
0.065445 0 0.0883941
0.0724662 0 0.0429611
0.028956 0 0.076989
0.0619677 0 0.074923
0.0417386 0 0.0538886
0.0866806 0 0.0931066
0.0348471 0 0.0482414
0.056904 0 0.0185737
0.0591983 0 0.0129709
0.048272 0 0.0142394
0.0510039 0 0.0140732
0.0479537 0 0.0087224
0.051101 0 0.00868235
0.0481325 0 0.0198889
0.0510112 0 0.019635
0.0740619 0 0.0239445
0.0712792 0 0.023263
0.0719456 0 0.0287599
0.0815081 0 0.090814
0.0836709 0 0.0210445
0.0388682 0 0.0195471
0.0929452 0 0.0151662
0.0900681 0 0.0465677
0.0189065 0 0.0425045
0.087183 0 0.0833317
0.0234071 0 0.0753213
0.0837589 0 0.0487184
0.0362335 0 0.0938828
0.0567298 0 0.0412072
0.0263218 0 0.0895668
0.0257867 0 0.058669
0.0892279 0 0.0278732
0.0835074 0 0.0825358
0.037592 0 0.0604097
0.00999743 0 0.0641169
0.0136332 0 0.00286976
0.0705521 0 0.0821517
0.00477155 0 0.0298325
0.0243395 0 0.0778477
0.0226243 0 0.0802197
0.0304544 0 0.0856625
0.0111492 0 0.0418142
0.0794466 0 0.0288015
0.0750804 0 0.0975487
0.0299337 0 0.063302
0.0688379 0 0.0638811
0.0564545 0 0.0884787
0.00284608 0 0.0391046
0.0356734 0 0.0867144
0.0831864 0 0.0126168
0.0221508 0 0.0888199
0.0686748 0 0.0277704
0.0312458 0 0.0832685
0.00619126 0 0.0568246
0.002729 0 0.011551
0.087807 0 0.0731662
0.0904285 0 0.0703659
0.0674494 0 0.0694189
0.056798 0 0.01235
0.00264048 0 0.0730667
0.0648237 0 0.0426181
0.0749662 0 0.0267507
0.00914561 0 0.0592909
0.00666459 0 0.033918
0.0657363 0 0.07401
0.0337041 0 0.0788006
0.0740087 0 0.0473847
0.0775372 0 0.0473818
0.0796716 0 0.0758255
0.0148835 0 0.038814
0.00986321 0 0.0375583
0.0189585 0 0.0760439
0.0972521 0 0.0629106
0.0477846 0 0.0816885
0.0478509 0 0.0623739
0.0476036 0 0.0938927
0.0476608 0 0.0785714
0.0511245 0 0.0466709
0.0511804 0 0.038081
0.0512605 0 0.054225
0.0512447 0 0.070706
0.0476813 0 0.0664172
0.0512538 0 0.050059
0.051122 0 0.0424599
0.0514146 0 0.0577462
0.0512742 0 0.0895382
0.0512799 0 0.0741264
0.0510749 0 0.0861232
0.0823232 0 0.0738874
0.0905233 0 0.0757489
0.00873076 0 0.0449452
0.0214114 0 0.0603122
0.0826691 0 0.0265099
0.0753621 0 0.00270836
0.00622258 0 0.0751048
0.0476638 0 0.0972329
0.0100585 0 0.0763052
0.0147707 0 0.0740801
0.011067 0 0.072607
0.0111284 0 0.0814362
0.056772 0 0.073698
0.023859 0 0.048837
0.0121712 0 0.0925978
0.0699531 0 0.0149426
0.0706564 0 0.0187138
0.0565352 0 0.0971357
0.00279228 0 0.0797665
0.00671862 0 0.026791
0.0977685 0 0.0336104
0.0270891 0 0.0379558
0.0601885 0 0.0852907
0.00270852 0 0.0567334
0.00275073 0 0.0520214
0.0138885 0 0.0446599
0.0277222 0 0.0571841
0.0421496 0 0.0356989
0.0929735 0 0.0031327
0.0926323 0 0.00560941
0.0027522 0 0.0868998
0.0764018 0 0.0924763
0.0896109 0 0.0312282
0.00685234 0 0.0104042
0.0288935 0 0.0686007
0.0307582 0 0.07216
0.0274099 0 0.0734939
0.0877506 0 0.0362404
0.0973367 0 0.0970851
0.0867466 0 0.0160428
0.0606276 0 0.00294443
0.06928 0 0.0611146
0.0134852 0 0.0159994
0.00945741 0 0.0175032
0.0859882 0 0.0244071
0.0475061 0 0.0421507
0.0511557 0 0.0666472
0.0474814 0 0.0379439
0.0511908 0 0.0621206
0.089588 0 0.0410228
0.0773256 0 0.0611452
0.0902894 0 0.0616355
0.0928214 0 0.0626389
0.0838142 0 0.0424321
0.0896396 0 0.0187684
0.0391131 0 0.0967117
0.0940807 0 0.0973859
0.00660639 0 0.0482379
0.041513 0 0.002446
0.0148323 0 0.0236649
0.0174797 0 0.025158
0.0197425 0 0.022542
0.0241187 0 0.00772803
0.025234 0 0.00260693
0.0929405 0 0.0377324
0.0812407 0 0.0856641
0.0795381 0 0.0888168
0.0376933 0 0.0351262
0.014224 0 0.0496637
0.0691471 0 0.0451668
0.0221761 0 0.0373155
0.021383 0 0.0337361
0.00521272 0 0.038137
0.0711173 0 0.0323945
0.0422572 0 0.0586655
0.0907488 0 0.0103545
0.0884774 0 0.0138876
0.038694 0 0.0248756
0.0023923 0 0.00246653
0.0422975 0 0.0630075
0.0973849 0 0.0373269
0.0971402 0 0.00277554
0.0596778 0 0.0275551
0.0177701 0 0.0716326
0.0163197 0 0.0664781
0.0245683 0 0.0245708
0.0854253 0 0.0332458
0.00520225 0 0.0517882
0.0649319 0 0.0566829
0.0640012 0 0.0905345
0.0647244 0 0.0926811
0.0937363 0 0.0664369
0.0969346 0 0.0806778
0.0382218 0 0.0103897
0.0353956 0 0.00979571
0.0339506 0 0.0118784
0.0855072 0 0.06275
0.087836 0 0.0635655
0.0328879 0 0.0592225
0.0971622 0 0.0133312
0.0974821 0 0.0577717
0.0974508 0 0.0401099
0.0814098 0 0.0101241
0.0566094 0 0.0937079
0.0814931 0 0.0689126
0.0832836 0 0.065914
0.0792437 0 0.0647987
0.0352207 0 0.0289947
0.0334095 0 0.025726
0.0602773 0 0.0972992
0.0656841 0 0.0254284
0.0189022 0 0.00356558
0.0688669 0 0.00353734
0.038888 0 0.0587785
0.0247527 0 0.0330177
0.0285969 0 0.0895352
0.0893441 0 0.0593568
0.0575987 0 0.00266571
0.0248594 0 0.0700107
0.0657346 0 0.0476665
0.056561 0 0.0576676
0.059107 0 0.0817107
0.00251488 0 0.00591014
0.0169028 0 0.0471967
0.028313 0 0.0474684
0.0758415 0 0.0722819
0.0118109 0 0.0317251
0.00219211 0 0.0290298
0.0760303 0 0.0319179
0.0806209 0 0.0309146
0.0148663 0 0.0832676
0.0202415 0 0.0455655
0.0595319 0 0.0184121
0.016294 0 0.0888745
0.0764259 0 0.0517611
0.0730599 0 0.0859724
0.0426054 0 0.028406
0.0301916 0 0.0285492
0.0973951 0 0.0928188
0.0140265 0 0.0359216
0.0638396 0 0.0207974
0.0672287 0 0.0220308
0.0975662 0 0.0101965
0.0631487 0 0.0975413
0.0612885 0 0.0570412
0.0564749 0 0.0818917
0.0673598 0 0.0313527
0.0729769 0 0.0398766
0.0771258 0 0.0427806
0.0114537 0 0.0266176
0.0164623 0 0.0424142
0.00962047 0 0.0308507
0.00263675 0 0.0608336
0.0277919 0 0.0618153
0.0287708 0 0.0247623
0.093799 0 0.048459
0.00865703 0 0.0233338
0.00534007 0 0.0786977
0.0393612 0 0.0785728
0.0632808 0 0.0698249
0.0798786 0 0.0388778
0.0337507 0 0.0883802
0.00979153 0 0.0281429
0.0395596 0 0.0533077
0.0853447 0 0.0470354
0.0975912 0 0.0282256
0.0907444 0 0.0975784
0.0424421 0 0.0325427
0.0200822 0 0.0102273
0.0155486 0 0.0123946
0.0183732 0 0.0141696
0.0873969 0 0.0975041
0.074496 0 0.0642866
0.00982244 0 0.00267089
0.0603849 0 0.0546907
0.0973648 0 0.0654269
0.0599351 0 0.071764
0.0721707 0 0.0611987
0.0596327 0 0.00680245
0.0351902 0 0.0519235
0.0305468 0 0.0505374
0.0698212 0 0.0789273
0.0666417 0 0.0642679
0.0344598 0 0.00206738
0.0271538 0 0.0787526
0.0385457 0 0.0626705
0.0930098 0 0.0341993
0.0846349 0 0.00255858
0.0949296 0 0.0810813
0.0717456 0 0.0905787
0.0873155 0 0.0585219
0.0888601 0 0.081936
0.0728189 0 0.0190054
0.0515824 0 0.0938152
0.0654299 0 0.0528044
0.0842962 0 0.0187165
0.0975098 0 0.00600727
0.0696234 0 0.0872931
0.0476407 0 0.0704173
0.0471974 0 0.0456643
0.0473349 0 0.0534472
0.0471598 0 0.0343888
0.0513388 0 0.027967
0.0475727 0 0.0901691
0.0476851 0 0.0581899
0.0475364 0 0.0502893
0.0474196 0 0.0752669
0.0471194 0 0.0851811
0.0516107 0 0.082445
0.0516225 0 0.0781702
0.0517568 0 0.0236432
0.0472537 0 0.0280917
0.0515863 0 0.0347743
0.0565953 0 0.0373586
0.0876408 0 0.0549792
0.0909331 0 0.0531693
0.0881559 0 0.0502812
0.0256602 0 0.0448145
0.0369785 0 0.0329
0.0895684 0 0.0928298
0.0416986 0 0.0219262
0.0975098 0 0.0883755
0.0669491 0 0.0977379
0.042532 0 0.0489692
0.0402446 0 0.0489572
0.0975295 0 0.0555516
0.0563211 0 0.00482349
0.0764282 0 0.0565777
0.0731362 0 0.0584418
0.0636122 0 0.0496033
0.0804917 0 0.00533796
0.00553174 0 0.0023926
0.0123789 0 0.0547904
0.0127367 0 0.0107924
0.0743685 0 0.0290412
0.0367875 0 0.0501631
0.0161731 0 0.0758298
0.0104147 0 0.0510793
0.0212696 0 0.0654545
0.0114731 0 0.0205819
0.0942132 0 0.0091781
0.093068 0 0.0116797
0.0606606 0 0.0112621
0.084149 0 0.0709931
0.0312258 0 0.0190301
0.0353814 0 0.0181188
0.04294 0 0.0102149
0.0423605 0 0.0135192
0.0860409 0 0.0532265
0.0340179 0 0.0399699
0.0102109 0 0.0620199
0.0149494 0 0.0618711
0.00927486 0 0.0060029
0.0133139 0 0.00645722
0.0758534 0 0.0685073
0.0975285 0 0.0177184
0.00222178 0 0.0311426
0.00247742 0 0.034043
0.0683098 0 0.049895
0.0367135 0 0.0146585
0.0425625 0 0.00609686
0.0862005 0 0.0676984
0.0908165 0 0.0295758
0.0930497 0 0.0297387
0.0315573 0 0.005395
0.0358367 0 0.00574041
0.0904551 0 0.0901712
0.0681503 0 0.0113163
0.0750137 0 0.0892432
0.0611459 0 0.00510755
0.0224788 0 0.0522006
0.0391366 0 0.028966
0.00641939 0 0.0317379
0.0944053 0 0.0539898
0.0932092 0 0.0576976
0.0780219 0 0.0806542
0.0656064 0 0.0783647
0.0274533 0 0.0938493
0.0427201 0 0.0896607
0.0427133 0 0.0664413
0.0727687 0 0.0514464
0.051737 0 0.0974428
0.0711642 0 0.0974822
0.00259979 0 0.041411
0.0561199 0 0.0146193
0.0244881 0 0.0101548
0.0204172 0 0.0682007
0.0185912 0 0.0634673
0.0234911 0 0.0626857
0.0318098 0 0.0361123
0.0118595 0 0.0465778
0.0603835 0 0.0936854
0.0247259 0 0.0537795
0.0809182 0 0.0460147
0.0181421 0 0.0345804
0.00237638 0 0.02495
0.0269314 0 0.082404
0.0383049 0 0.0815644
0.00669184 0 0.0603482
0.0763154 0 0.0390463
0.0424758 0 0.0792784
0.0402559 0 0.0829793
0.0226626 0 0.0847088
0.0737919 0 0.0938335
0.0978782 0 0.0694051
0.0267048 0 0.0851756
0.0291453 0 0.0325753
0.0282396 0 0.0291606
0.0909912 0 0.0669716
0.0796076 0 0.0198999
0.0781141 0 0.0215455
0.0813429 0 0.0166897
0.0788218 0 0.0141761
0.00557757 0 0.070534
0.0223351 0 0.00527797
0.0208371 0 0.00814839
0.0175485 0 0.00538144
0.0920059 0 0.0861239
0.0977534 0 0.0773127
0.0979455 0 0.0436123
0.0311119 0 0.0809891
0.0564074 0 0.0291554
0.0836337 0 0.0977031
0.00270055 0 0.0818089
0.0643028 0 0.0186017
0.0178421 0 0.0520481
0.0218177 0 0.047876
0.019287 0 0.0501649
0.0391114 0 0.0455828
0.0281171 0 0.0524917
0.0293275 0 0.0546319
0.00769881 0 0.0885548
0.0620029 0 0.063369
0.0610195 0 0.0614541
0.0942489 0 0.0135785
0.0850385 0 0.0441553
0.0391089 0 0.0316452
0.0168138 0 0.0803453
0.0343643 0 0.0975764
0.0472263 0 0.0163352
0.0470596 0 0.0115948
0.0472349 0 0.00521676
0.0473401 0 0.0227374
0.0519543 0 0.0445477
0.0519008 0 0.0120553
0.0517219 0 0.0168185
0.0517904 0 0.0521318
0.0518266 0 0.00664195
0.0692448 0 0.035505
0.00633964 0 0.00592124
0.0145464 0 0.0285745
0.060904 0 0.0395294
0.0749457 0 0.00842158
0.047525 0 0.0301251
0.0562726 0 0.0860629
0.085578 0 0.0914125
0.0871075 0 0.088434
0.0319984 0 0.0155058
0.0192582 0 0.0849545
0.013544 0 0.0588128
0.0935106 0 0.0937699
0.0767601 0 0.0259646
0.0780004 0 0.030217
0.0276543 0 0.097762
0.0256702 0 0.0263734
0.022592 0 0.0290057
0.0141125 0 0.0641089
0.0621956 0 0.0666761
0.0777129 0 0.0588406
0.0284054 0 0.00869877
0.00942695 0 0.0428726
0.020927 0 0.0274561
0.0645169 0 0.0398954
0.0661499 0 0.0356558
0.0428367 0 0.0413853
0.0792863 0 0.0426806
0.00509382 0 0.0212709
0.0696206 0 0.0127982
0.0717749 0 0.00998307
0.059605 0 0.089892
0.0652961 0 0.0603438
0.00217595 0 0.0545487
0.0565018 0 0.0332552
0.0517507 0 0.0916045
0.0944462 0 0.00674508
0.023356 0 0.0713752
0.0195392 0 0.0728307
0.07749 0 0.00215316
0.0223735 0 0.0251387
0.0954904 0 0.0511392
0.0976197 0 0.0507956
0.0605297 0 0.076303
0.0628334 0 0.0779106
0.0608406 0 0.0806852
0.0147005 0 0.00475509
0.0399562 0 0.0175848
0.0579679 0 0.0515599
0.0622858 0 0.0317958
0.0635604 0 0.0282663
0.00936722 0 0.0355144
0.0390701 0 0.0023701
0.0395413 0 0.00705791
0.0209116 0 0.0435267
0.0177017 0 0.0298692
0.0107213 0 0.0561369
0.0686395 0 0.0918211
0.057807 0 0.0471377
0.0855321 0 0.0755267
0.0201973 0 0.0314571
0.0161074 0 0.0326554
0.0870762 0 0.0791044
0.0419174 0 0.0378289
0.095206 0 0.00251456
0.0259267 0 0.0125537
0.0120754 0 0.0676467
0.0253382 0 0.0183821
0.0158924 0 0.0548883
0.0357237 0 0.0556844
0.0518498 0 0.0644255
0.0471337 0 0.0399288
0.0517022 0 0.0599863
0.0424386 0 0.0610105
0.0590086 0 0.069283
0.00992904 0 0.097852
0.0852649 0 0.00799931
0.0756333 0 0.021653
0.0560654 0 0.0102636
0.029117 0 0.0424346
0.0720561 0 0.069354
0.0748856 0 0.0193956
0.00717474 0 0.0390031
0.0979258 0 0.0302385
0.0979788 0 0.0950297
0.0907994 0 0.0022777
0.0126753 0 0.0948735
0.00860443 0 0.0948744
0.0259647 0 0.0495867
0.0641871 0 0.0446174
0.00208496 0 0.0486776
0.0212204 0 0.0752996
0.0952332 0 0.0584866
0.0337494 0 0.0624644
0.0329933 0 0.0336597
0.0794716 0 0.0907923
0.0777209 0 0.0495364
0.0334046 0 0.0433069
0.0731032 0 0.00308774
0.0975884 0 0.0729306
0.0516739 0 0.0686056
0.0672412 0 0.0892638
0.0593855 0 0.0232843
0.0322015 0 0.076538
0.0327619 0 0.0739034
0.0516368 0 0.0402565
0.0473099 0 0.0643901
0.0430587 0 0.0567692
0.0658277 0 0.0805521
0.0971587 0 0.025924
0.0602134 0 0.00913027
0.0238793 0 0.0405575
0.0358165 0 0.0362131
0.0389875 0 0.0508583
0.0425179 0 0.0819472
0.0681184 0 0.0712954
0.0057782 0 0.0977286
0.094589 0 0.0444064
0.0939163 0 0.0410849
0.0305959 0 0.0595785
0.0362437 0 0.0680026
0.0322274 0 0.0666079
0.0358154 0 0.0657692
0.00947024 0 0.00927582
0.00785946 0 0.00223542
0.0184689 0 0.037194
0.0234146 0 0.0821558
0.0601893 0 0.0321061
0.0313466 0 0.0947764
0.0818292 0 0.00195048
0.0933488 0 0.0255592
0.0768648 0 0.0851778
0.0561668 0 0.0215973
0.0602541 0 0.0205559
0.0101296 0 0.0851945
0.0301909 0 0.0453459
0.0951701 0 0.0764325
0.0686273 0 0.0591471
0.06202 0 0.0244176
0.0940601 0 0.0169032
0.097748 0 0.0154078
0.064049 0 0.00884709
0.0666421 0 0.00776538
0.0848819 0 0.086918
0.0257709 0 0.0402367
0.033474 0 0.0699198
0.0977315 0 0.0214784
0.082127 0 0.0644678
0.0812613 0 0.0609512
0.0803029 0 0.0730604
0.0791489 0 0.0713962
0.0901666 0 0.0333049
0.0882097 0 0.0050741
0.0955431 0 0.0737257
0.0332255 0 0.00668788
0.0311197 0 0.00810869
0.0120705 0 0.0632442
0.0020092 0 0.0752893
0.00526785 0 0.0655325
0.0328079 0 0.0475792
0.0923481 0 0.0227997
0.00206126 0 0.0202053
0.00237642 0 0.0174417
0.0758006 0 0.00622906
0.0817863 0 0.081052
0.0774776 0 0.035215
0.0352065 0 0.0916825
0.0729435 0 0.0333316
0.070886 0 0.0369291
0.0653184 0 0.0854927
0.0621419 0 0.0848927
0.0612584 0 0.0869036
0.0422063 0 0.026302
0.0977593 0 0.0474077
0.0901798 0 0.0511933
0.0716027 0 0.0206869
0.0298805 0 0.0979283
0.0861391 0 0.0112032
0.0835785 0 0.0375149
0.0625244 0 0.0355354
0.0792419 0 0.0536311
0.042951 0 0.069273
0.011021 0 0.013209
0.0561557 0 0.0904585
0.0980517 0 0.0843022
0.0697742 0 0.051327
0.00188459 0 0.0775666
0.00206816 0 0.0094939
0.0693325 0 0.0683089
0.00339139 0 0.013572
0.0957258 0 0.0220766
0.0626387 0 0.0385991
0.0356127 0 0.03165
0.0228524 0 0.0204455
0.0211785 0 0.0174091
0.0241114 0 0.0165564
0.0271353 0 0.0207077
0.00540252 0 0.0255304
0.0811216 0 0.0123225
0.0228633 0 0.0428303
0.0699069 0 0.0656309
0.0906496 0 0.038292
0.0915908 0 0.0452132
0.0881529 0 0.0427661
0.0942288 0 0.0701081
0.0701363 0 0.00208796
0.0847653 0 0.00461968
0.0912307 0 0.0580985
0.0833745 0 0.0402668
0.0727573 0 0.0364512
0.0393149 0 0.0765417
0.0715712 0 0.0412459
0.0561786 0 0.0622412
0.0684162 0 0.0392438
0.0667945 0 0.0426306
0.0350926 0 0.00773924
0.0177019 0 0.0204653
0.0174866 0 0.0168625
0.0141975 0 0.0177889
0.0512045 0 0.0214767
0.03873 0 0.00533671
0.0397344 0 0.00929696
0.00203886 0 0.0587559
0.0817317 0 0.0928639
0.0778582 0 0.0938356
0.0770734 0 0.0164466
0.0735857 0 0.0492947
0.0633086 0 0.00195992
0.059743 0 0.0300699
0.0807452 0 0.0981166
0.0404668 0 0.0728049
0.098091 0 0.0906903
0.0362156 0 0.0396999
0.00192798 0 0.0632361
0.00614435 0 0.0630806
0.0559471 0 0.0505979
0.0771302 0 0.012134
0.00582892 0 0.0154983
0.00498502 0 0.0172956
0.0140888 0 0.0661589
0.0304246 0 0.0905235
0.0373547 0 0.0425605
0.0784744 0 0.00619764
0.0940077 0 0.0912073
0.095306 0 0.0886145
0.00438699 0 0.0102351
0.087033 0 0.0279834
0.0234476 0 0.0606798
0.0252109 0 0.0635628
0.0678066 0 0.0567806
0.0935609 0 0.0796754
0.042929 0 0.0946049
0.0721255 0 0.00594286
0.02211 0 0.0393065
0.0792386 0 0.067709
0.00207417 0 0.0946821
0.042761 0 0.0176832
0.00464257 0 0.061145
0.0195479 0 0.0827563
0.0159719 0 0.085051
0.0140591 0 0.00812278
0.0374438 0 0.0860981
0.0682677 0 0.0193949
0.072087 0 0.077662
0.073593 0 0.0815003
0.074031 0 0.0119948
0.0276036 0 0.00566109
0.0656007 0 0.00497097
0.0185564 0 0.0915985
0.0166604 0 0.0943417
0.0203495 0 0.0945876
0.0750601 0 0.0549812
0.0391132 0 0.0390195
0.039873 0 0.0415526
0.056156 0 0.0695251
0.0617441 0 0.027523
0.0696393 0 0.0334864
0.0469324 0 0.0732325
0.0469428 0 0.0554393
0.046981 0 0.0479327
0.0469476 0 0.0873013
0.0687289 0 0.0755556
0.0104328 0 0.039486
0.0130088 0 0.0728333
0.0980602 0 0.0596965
0.0820652 0 0.0532176
0.0806781 0 0.0570979
0.0588653 0 0.0775185
0.0357187 0 0.046486
0.0321302 0 0.0106712
0.0832267 0 0.014582
0.0188778 0 0.0570574
0.0717622 0 0.0141849
0.0825306 0 0.0312233
0.0856489 0 0.0697049
0.0760579 0 0.0366117
0.0830962 0 0.0354748
0.0802941 0 0.0330798
0.089147 0 0.011825
0.0659285 0 0.0384887
0.0560687 0 0.0661867
0.0199047 0 0.0549042
0.0594907 0 0.0338963
0.0649376 0 0.0116684
0.0189249 0 0.0274672
0.00968174 0 0.0798866
0.0643223 0 0.0725619
0.0856289 0 0.0489809
0.0429964 0 0.045306
0.0353264 0 0.0817737
0.0194049 0 0.0783901
0.0689782 0 0.0231625
0.0356547 0 0.0781574
0.0630206 0 0.0155218
0.0661996 0 0.0149772
0.0400385 0 0.0916156
0.0280219 0 0.066642
0.0243919 0 0.0680597
0.026915 0 0.0696577
0.0840718 0 0.0289367
0.0908324 0 0.00638097
0.00790189 0 0.0495037
0.0926738 0 0.0645938
0.0429934 0 0.0721577
0.0952018 0 0.0851329
0.0632198 0 0.0820227
0.0430429 0 0.00397804
0.01905 0 0.0182324
0.0296208 0 0.0613098
0.0295271 0 0.0122363
0.0778872 0 0.0753473
0.0559082 0 0.0554787
0.0600076 0 0.0917523
0.0666282 0 0.0758253
0.032097 0 0.0869023
0.0820614 0 0.0476837
0.00258783 0 0.0981283
0.0105884 0 0.0225895
0.00733153 0 0.0217895
0.091341 0 0.0197977
0.0899058 0 0.023281
0.0881242 0 0.0201962
0.043046 0 0.0307922
0.0495651 0 0.0979698
0.0564668 0 0.0167675
0.0227487 0 0.0563858
0.08892 0 0.0860818
0.0156774 0 0.02187
0.0186004 0 0.0979183
0.0694446 0 0.0537169
0.0155312 0 0.0457322
0.0731117 0 0.0977315
0.00175001 0 0.0369946
0.0470425 0 0.0685098
0.0431459 0 0.0510113
0.0980425 0 0.0674947
0.0660179 0 0.0662651
0.0210582 0 0.0584728
0.0512423 0 0.0760847
0.0737025 0 0.00994417
0.0953071 0 0.0470897
0.093998 0 0.0190716
0.0317927 0 0.0545113
0.0324087 0 0.0524653
0.0684803 0 0.00749271
0.0754101 0 0.0760288
0.0729163 0 0.0758368
0.0738523 0 0.0725383
0.0290092 0 0.0213502
0.00737591 0 0.0249225
0.0107966 0 0.0247085
0.067545 0 0.0293635
0.0257532 0 0.036765
0.0291516 0 0.035344
0.0265963 0 0.0333474
0.0560078 0 0.0483473
0.0502688 0 0.0330601
0.0486862 0 0.0267857
0.00564917 0 0.00768787
0.0876111 0 0.0407137
0.0840741 0 0.064094
0.0949102 0 0.062143
0.00431331 0 0.0746505
0.0836915 0 0.0906327
0.0521343 0 0.0804372
0.0491798 0 0.0860327
0.0491977 0 0.053998
0.0491343 0 0.0465538
0.0492885 0 0.0743862
0.00679622 0 0.0409823
0.00729322 0 0.0584849
0.0321388 0 0.0241467
0.0120774 0 0.0337398
0.0954207 0 0.092557
0.00180252 0 0.014815
0.0107621 0 0.0910269
0.0775946 0 0.0100316
0.00501647 0 0.0430024
0.0572468 0 0.0431113
0.0913444 0 0.0794754
0.088976 0 0.0772133
0.0195357 0 0.0406861
0.00217198 0 0.027004
0.0520525 0 0.0844542
0.0476459 0 0.0601365
0.0473196 0 0.092105
0.0727585 0 0.065321
0.0873581 0 0.00807037
0.034753 0 0.058773
0.0970648 0 0.0354669
0.00731378 0 0.092298
0.00532251 0 0.0924293
0.00408255 0 0.0910225
0.00202587 0 0.0912954
0.0429724 0 0.0758088
0.096598 0 0.0317664
0.0707252 0 0.0273066
0.0559436 0 0.0312535
0.0703195 0 0.0248502
0.0856707 0 0.0201462
0.0125126 0 0.0801947
0.0119689 0 0.0767821
0.0835276 0 0.0948508
0.0808103 0 0.0945225
0.0320785 0 0.0380553
0.0295913 0 0.0578153
0.0383451 0 0.0273366
0.0357215 0 0.0247935
0.0155422 0 0.0346833
0.0380835 0 0.0121927
0.0783332 0 0.0270906
0.0589415 0 0.0369401
0.0942605 0 0.0602723
0.0376867 0 0.0981254
0.0918163 0 0.0743847
0.0890337 0 0.0745359
0.0889745 0 0.0717214
0.00704858 0 0.0122142
0.0324749 0 0.0417656
0.0896107 0 0.0547087
0.0866116 0 0.0377787
0.0365042 0 0.00192705
0.0358149 0 0.0535641
0.0862388 0 0.0315331
0.0297757 0 0.0393426
0.0269873 0 0.0424762
0.0264826 0 0.0282695
0.0559466 0 0.0355315
0.079077 0 0.0239945
0.0811996 0 0.0240314
0.032365 0 0.00177105
0.0558158 0 0.0718955
0.0060388 0 0.0500501
0.0905409 0 0.0263587
0.0233634 0 0.00195593
0.0913094 0 0.0938195
0.0401085 0 0.0879255
0.0362523 0 0.0756058
0.0804228 0 0.0502637
0.0877119 0 0.065574
0.0776667 0 0.0878942
0.0789639 0 0.0841472
0.0666781 0 0.0822583
0.0599527 0 0.0148175
0.0404951 0 0.0629419
0.00823492 0 0.0906382
0.0618435 0 0.0531231
0.0647385 0 0.0548499
0.0564209 0 0.0392769
0.0739038 0 0.0685117
0.0291066 0 0.00209463
0.0821888 0 0.0593474
0.0584436 0 0.0858843
0.0855799 0 0.0847506
0.00481418 0 0.0343309
0.0353081 0 0.022171
0.0378922 0 0.0210945
0.0496383 0 0.0940042
0.0431266 0 0.0205171
0.00476591 0 0.0472268
0.0894506 0 0.0351278
0.0155455 0 0.0981386
0.0155527 0 0.0405712
0.013622 0 0.0401252
0.0125414 0 0.0432062
0.0616799 0 0.0462476
0.0146392 0 0.088373
0.0116813 0 0.0888845
0.0139049 0 0.0917759
0.0560423 0 0.0779858
0.0854193 0 0.0827326
0.0432119 0 0.0153678
0.0680702 0 0.00179118
0.0177938 0 0.00194858
0.0155191 0 0.00182394
0.00754391 0 0.0465817
0.0673093 0 0.0956259
0.0695884 0 0.0944319
0.069215 0 0.0981138
0.0359652 0 0.0849822
0.0168674 0 0.0381976
0.0296653 0 0.00466332
0.060097 0 0.0445023
0.0605518 0 0.0413484
0.0585615 0 0.0408438
0.0908132 0 0.0823383
0.0652404 0 0.0628155
0.0759334 0 0.0653366
0.0257137 0 0.0913959
0.0232428 0 0.0926501
0.0242224 0 0.0890469
0.00561002 0 0.0885744
0.02488 0 0.098095
0.0326705 0 0.0927471
0.0337371 0 0.0354489
0.0628055 0 0.00590959
0.0901623 0 0.0086145
0.00971372 0 0.0710692
0.00929925 0 0.069171
0.0162051 0 0.0704923
0.0161141 0 0.0725129
0.0132523 0 0.0698491
0.0267884 0 0.0602772
0.0790724 0 0.00897258
0.0557496 0 0.0839154
0.071355 0 0.0570564
0.0715342 0 0.0549041
0.0406247 0 0.0447505
0.0110629 0 0.0601532
0.0631286 0 0.0227343
0.0404442 0 0.0982626
0.0818679 0 0.0388727
0.0797322 0 0.0367837
0.0603492 0 0.0353765
0.0493718 0 0.057978
0.0496347 0 0.0782606
0.0493824 0 0.0707074
0.00433392 0 0.0063996
0.0640254 0 0.0745964
0.0247374 0 0.0226677
0.0630025 0 0.0938766
0.0821955 0 0.0222403
0.00741777 0 0.0686174
0.0558006 0 0.0254749
0.0770878 0 0.0980714
0.00565786 0 0.0362844
0.0558 0 0.0597791
0.0707414 0 0.0442797
0.0685391 0 0.0412507
0.0862534 0 0.0717804
0.0760814 0 0.0704055
0.0809334 0 0.027468
0.0494384 0 0.0500917
0.0493546 0 0.0897505
0.0495579 0 0.0820075
0.062859 0 0.0175839
0.0395264 0 0.0669815
0.059446 0 0.0502834
0.0594316 0 0.0483212
0.0308097 0 0.0208665
0.0894553 0 0.048436
0.0921315 0 0.0473654
0.0921352 0 0.0507924
0.0943128 0 0.0282925
0.019624 0 0.0333159
0.00188124 0 0.0710583
0.00206581 0 0.0680279
0.00394978 0 0.0676942
0.0831441 0 0.0440456
0.0117801 0 0.00180555
0.0878216 0 0.0229834
0.0584644 0 0.0981609
0.0760763 0 0.0301851
0.0584612 0 0.0934456
0.0242563 0 0.0952393
0.0660552 0 0.0180351
0.0139489 0 0.0758914
0.0237019 0 0.0469529
0.0196035 0 0.060879
0.0981527 0 0.0195238
0.0377382 0 0.0895938
0.0228006 0 0.0868346
0.0202663 0 0.0882158
0.034507 0 0.0165321
0.0782908 0 0.0788229
0.0805985 0 0.0775786
0.0924246 0 0.00992052
0.0911922 0 0.0419539
0.0747679 0 0.0851991
0.0757431 0 0.0466209
0.0866489 0 0.0348353
0.0788059 0 0.0602893
0.0722981 0 0.0827011
0.0399351 0 0.06963
0.0592817 0 0.0607241
0.0494635 0 0.00163152
0.00584899 0 0.0769577
0.0634605 0 0.0885295
0.027009 0 0.0457856
0.0405311 0 0.0142802
0.0100711 0 0.0460681
0.0516208 0 0.0957364
0.00754109 0 0.0823159
0.0232269 0 0.0139633
0.0370722 0 0.018889
0.0676886 0 0.00931187
0.0886285 0 0.00175207
0.00692745 0 0.0734484
0.0105294 0 0.0743598
0.00815772 0 0.0756555
0.082529 0 0.00859934
0.0429675 0 0.0979929
0.0291246 0 0.0727678
0.0281167 0 0.0753104
0.0271468 0 0.00175037
0.0680219 0 0.0154706
0.070084 0 0.016864
0.00810722 0 0.0186089
0.00834141 0 0.0721517
0.0320023 0 0.0451471
0.0797717 0 0.0813806
0.00535996 0 0.0958402
0.0187167 0 0.0239635
0.0162803 0 0.00861998
0.0113885 0 0.00664774
0.0855917 0 0.0173933
0.0354553 0 0.00389769
0.0118901 0 0.098078
0.0199927 0 0.00188481
0.0289616 0 0.0786849
0.0431679 0 0.0471177
0.0208654 0 0.0810886
0.0841147 0 0.0521151
0.0634261 0 0.0300771
0.0660362 0 0.0326832
0.0655396 0 0.0298294
0.0587418 0 0.0648333
0.0261644 0 0.0527283
0.0843675 0 0.0254782
0.0321941 0 0.0850198
0.0214851 0 0.0190945
0.0581612 0 0.0585744
0.0283214 0 0.0152836
0.0703201 0 0.0110807
0.0371057 0 0.0286048
0.0593932 0 0.08349
0.0368156 0 0.0716014
0.0746691 0 0.0508444
0.0560348 0 0.095485
0.00926149 0 0.0137041
0.0801318 0 0.0180951
0.0392676 0 0.0159098
0.0848004 0 0.0230176
0.00176282 0 0.0852048
0.065116 0 0.0980273
0.0665835 0 0.0239167
0.0137767 0 0.0532664
0.0838041 0 0.0557618
0.0982792 0 0.00863655
0.0183749 0 0.0956689
0.075542 0 0.0130932
0.025627 0 0.0657805
0.0110023 0 0.0166809
0.0120684 0 0.0147609
0.00851135 0 0.0156716
0.058035 0 0.0621539
0.00387411 0 0.0714395
0.0804141 0 0.0523181
0.0295987 0 0.048905
0.031843 0 0.0490817
0.0583275 0 0.0250335
0.0813583 0 0.0206628
0.0583709 0 0.0727718
0.0261086 0 0.00421922
0.0152639 0 0.0791483
0.0130253 0 0.0819921
0.0867744 0 0.0260133
0.00408237 0 0.0945302
0.0591192 0 0.0800022
0.0725406 0 0.0924095
0.0791722 0 0.0466148
0.0909505 0 0.0149314
0.00409986 0 0.0239593
0.0110125 0 0.09387
0.0581835 0 0.0286687
0.0478135 0 0.00711592
0.0337931 0 0.0192313
0.00961548 0 0.0780548
0.0558623 0 0.0752712
0.089138 0 0.0295923
0.0982833 0 0.0533225
0.0317146 0 0.0323307
0.0613162 0 0.0705012
0.0611049 0 0.073336
0.0746824 0 0.0572712
0.0943237 0 0.0682936
0.0955549 0 0.0659658
0.0294294 0 0.0938517
0.0377806 0 0.0953933
0.0347492 0 0.0957531
0.0689533 0 0.0854111
0.0714645 0 0.0868183
0.0889599 0 0.0892761
0.075656 0 0.0784984
0.0738297 0 0.0793127
0.0752763 0 0.0822179
0.0212423 0 0.0212757
0.0146466 0 0.0141424
0.0716753 0 0.030562
0.0493973 0 0.0420231
0.0494753 0 0.0616246
0.0347157 0 0.0644068
0.0296703 0 0.082139
0.0107678 0 0.0835193
0.0140706 0 0.0848098
0.0509122 0 0.00487063
0.0270677 0 0.02516
0.0407551 0 0.0753168
0.0595546 0 0.0677653
0.0958717 0 0.00966989
0.0226066 0 0.0667621
0.08727 0 0.0124104
0.040965 0 0.094915
0.00982077 0 0.049348
0.0766963 0 0.0445654
0.0752473 0 0.0430393
0.0734047 0 0.0456545
0.0924571 0 0.0761627
0.0955808 0 0.0247788
0.0348085 0 0.0501789
0.0634238 0 0.0124973
0.0321458 0 0.0222799
0.0740644 0 0.0600509
0.0673537 0 0.0460929
0.0700019 0 0.0467564
0.0133788 0 0.0305623
0.0556927 0 0.00270399
0.0265401 0 0.0714441
0.0235423 0 0.0735099
0.0251625 0 0.074495
0.0432492 0 0.0018479
0.0714388 0 0.0945289
0.0745533 0 0.0955644
0.0182847 0 0.08855
0.0856339 0 0.0978634
0.0709766 0 0.00836431
0.0725697 0 0.0712704
0.0915993 0 0.084474
0.0402262 0 0.0207389
0.0193236 0 0.0124247
0.0213972 0 0.0112098
0.0206561 0 0.0147779
0.0705597 0 0.0623998
0.0907094 0 0.0777571
0.0109715 0 0.0101457
0.0656273 0 0.0215913
0.0149866 0 0.0953908
0.0298453 0 0.0141295
0.085136 0 0.0940071
0.052037 0 0.0298924
0.0764509 0 0.0740472
0.0163307 0 0.0820554
0.0300452 0 0.070423
0.0210634 0 0.0791512
0.0720706 0 0.0476481
0.0700516 0 0.0484632
0.0746173 0 0.0395616
0.0694399 0 0.0575584
0.0670821 0 0.0266741
0.0493972 0 0.038107
0.0495082 0 0.0667426
0.0858917 0 0.0550591
0.00169178 0 0.0882589
0.0374189 0 0.0460015
0.0669322 0 0.0725989
0.00178393 0 0.0446121
0.0215605 0 0.0982324
0.001694 0 0.0130203
0.0821333 0 0.0495197
0.0558447 0 0.0526227
0.0312383 0 0.0172253
0.0287246 0 0.0176284
0.0701619 0 0.0741239
0.0699157 0 0.0722149
0.0307015 0 0.0414582
0.0812318 0 0.0353353
0.0253803 0 0.0349869
0.0219286 0 0.0354827
0.0522213 0 0.0258311
0.04942 0 0.0310755
0.0499151 0 0.0241801
0.0467557 0 0.0318861
0.034661 0 0.0801796
0.0897867 0 0.0686004
0.00925293 0 0.0817827
0.0339415 0 0.0863483
0.0494648 0 0.00774946
0.0802291 0 0.0871578
0.00366789 0 0.0781114
0.0979143 0 0.0711562
0.0155637 0 0.0253558
0.0891756 0 0.0373449
0.0777101 0 0.0528574
0.00551862 0 0.0280516
0.0829712 0 0.0866453
0.0821972 0 0.0841102
0.043162 0 0.0229298
0.076981 0 0.0334553
0.0980185 0 0.0792351
0.0433021 0 0.00772507
0.0242634 0 0.0854948
0.0480932 0 0.0181198
0.0943748 0 0.0311841
0.0620145 0 0.0793711
0.0825721 0 0.0674763
0.0680179 0 0.0791623
0.0696887 0 0.0771604
0.0732254 0 0.0275863
0.0151958 0 0.0578731
0.0172314 0 0.0586732
0.0832422 0 0.072384
0.0556587 0 0.0082242
0.0557591 0 0.0802903
0.0321263 0 0.0710251
0.069003 0 0.00531071
0.0870021 0 0.095558
0.0101728 0 0.019287
0.0357113 0 0.0380561
0.0296824 0 0.0876946
0.0262569 0 0.0878555
0.0284631 0 0.0853225
0.0270835 0 0.0186799
0.00663942 0 0.0855425
0.0958839 0 0.0694227
0.0287787 0 0.0650626
0.0630464 0 0.0568906
0.0923618 0 0.0981875
0.00744089 0 0.0667935
0.0107318 0 0.0662768
0.0363743 0 0.0617831
0.0939433 0 0.0825619
0.0806674 0 0.0634453
0.0904581 0 0.0953109
0.0939242 0 0.095582
0.00173912 0 0.00442293
0.0239939 0 0.036838
0.0670651 0 0.0600265
0.0648282 0 0.0584679
0.050875 0 0.0103507
0.0121895 0 0.0713638
0.00173013 0 0.0930476
0.0851668 0 0.0792836
0.0251714 0 0.0820453
0.0756179 0 0.090855
0.0664957 0 0.0124365
0.0233432 0 0.00379809
0.0432895 0 0.0918188
0.0925725 0 0.0133404
0.0586483 0 0.00834183
0.0173528 0 0.010082
0.00970348 0 0.00427435
0.00615699 0 0.00408715
0.0339646 0 0.0828781
0.0323784 0 0.0798502
0.0159048 0 0.0682254
0.0140879 0 0.0603695
0.0593941 0 0.00174872
0.0624444 0 0.0603685
0.0345659 0 0.074334
0.0973333 0 0.0418072
0.0407844 0 0.0321879
0.046718 0 0.09562
0.0274352 0 0.0958873
0.0852043 0 0.014947
0.0828675 0 0.0175466
0.0956134 0 0.0178769
0.0558341 0 0.0465149
0.0940929 0 0.0780373
0.0431939 0 0.0964115
0.00800917 0 0.0326111
0.0800508 0 0.0696746
0.0386543 0 0.0335366
0.0510432 0 0.0363487
0.032701 0 0.0681805
0.0308415 0 0.0677947
0.0725426 0 0.0381803
0.0980763 0 0.0614053
0.034388 0 0.0275336
0.0268954 0 0.0512871
0.0468965 0 0.00184695
0.055664 0 0.0273315
0.0496118 0 0.0187758
0.0130492 0 0.00477191
0.0432543 0 0.0777649
0.0479947 0 0.0835932
0.0557359 0 0.00652248
0.0905934 0 0.0172417
0.0884642 0 0.0174439
0.0982516 0 0.0319398
0.04343 0 0.0863343
0.0214615 0 0.0715496
0.0789405 0 0.0982108
0.0957103 0 0.0404962
0.0936706 0 0.0395635
0.0955577 0 0.0374085
0.065441 0 0.0458906
0.0775255 0 0.0717794
0.0231733 0 0.0505337
0.00161286 0 0.0653675
0.0209885 0 0.084651
0.061635 0 0.00972653
0.0870382 0 0.0518867
0.0720545 0 0.001672
0.00170591 0 0.0965274
0.089028 0 0.098247
0.017812 0 0.0672453
0.0175484 0 0.0650026
0.0389587 0 0.0567853
0.0397625 0 0.0551426
0.0734146 0 0.0897718
0.0934511 0 0.0360883
0.00266053 0 0.0503479
0.0664768 0 0.084071
0.0782522 0 0.0920456
0.0496978 0 0.0150927
0.0495774 0 0.0206641
0.0710779 0 0.0887448
0.0983179 0 0.0455428
0.0291892 0 0.0916759
0.0810244 0 0.0747906
0.0586329 0 0.0196889
0.0629282 0 0.0681326
0.0725025 0 0.0843826
0.0157912 0 0.0170872
0.0378192 0 0.0642271
0.0614146 0 0.0510395
0.021633 0 0.0959164
0.0239442 0 0.0443635
0.0320866 0 0.0302991
0.0337701 0 0.0298339
0.0286113 0 0.0309993
0.0209667 0 0.0239195
0.0021073 0 0.00769904
0.0671268 0 0.0486081
0.0130837 0 0.0275758
0.0156748 0 0.0270315
0.0126558 0 0.0251781
0.0580688 0 0.089062
0.0638667 0 0.0844758
0.0956764 0 0.0983211
0.0467409 0 0.0769185
0.069445 0 0.0379089
0.0360282 0 0.0597443
0.0201299 0 0.0645214
0.0650178 0 0.00174082
0.00663204 0 0.0718587
0.00778726 0 0.0842813
0.0635668 0 0.0958861
0.0605319 0 0.0954296
0.0424969 0 0.0648648
0.0576081 0 0.01394
0.0230504 0 0.0328093
0.084966 0 0.040902
0.0477075 0 0.0440198
0.0683151 0 0.0435525
0.0982864 0 0.0492426
0.0156272 0 0.0439897
0.0976982 0 0.0825072
0.0788713 0 0.0772717
0.0856472 0 0.0611
0.0840384 0 0.0615605
0.0854685 0 0.0583063
0.0411158 0 0.00661763
0.0632768 0 0.0430808
0.0640754 0 0.0666975
0.0651896 0 0.0697796
0.0428432 0 0.0395086
0.0588628 0 0.053173
0.0577881 0 0.0553388
0.0505162 0 0.0560233
0.052324 0 0.0558612
0.0765316 0 0.0963462
0.0875798 0 0.0804753
0.0412381 0 0.0788635
0.0149895 0 0.0906064
0.0945708 0 0.0722572
0.0702696 0 0.0912371
0.00179088 0 0.0834085
0.0467851 0 0.0363345
0.0926578 0 0.0876135
0.0406703 0 0.0592696
0.0384627 0 0.0830698
0.0615798 0 0.0426946
0.00834839 0 0.0273309
0.0345802 0 0.0931849
0.0802819 0 0.0964896
0.0835376 0 0.0753616
0.0281521 0 0.0339316
0.0434025 0 0.0250552
0.00402584 0 0.0856368
0.00398741 0 0.0827824
0.0930776 0 0.0732845
0.0960672 0 0.0546658
0.0172287 0 0.00712094
0.0467275 0 0.0135973
0.0466262 0 0.0191052
0.0467197 0 0.0208944
0.0467604 0 0.00907932
0.0819129 0 0.00652947
0.0788163 0 0.00451359
0.0359673 0 0.0982086
0.0837799 0 0.0503225
0.0875746 0 0.0686862
0.0894728 0 0.0660736
0.0876873 0 0.0848709
0.0669693 0 0.0677271
0.0693624 0 0.0261765
0.0753081 0 0.0249612
0.0962666 0 0.0440145
0.0588047 0 0.0757246
0.0099936 0 0.0869647
0.0408876 0 0.0285772
0.0681718 0 0.0551164
0.0828653 0 0.0698277
0.0228394 0 0.0785047
0.0636641 0 0.053597
0.0265051 0 0.0299075
0.0865169 0 0.00954348
0.087223 0 0.0773306
0.0154442 0 0.0484074
0.0523511 0 0.00391715
0.0158739 0 0.0925526
0.076595 0 0.0410296
0.0780683 0 0.0389211
0.0797165 0 0.0408946
0.0142256 0 0.0515384
0.0728507 0 0.0670077
0.0262159 0 0.00589218
0.046865 0 0.0802111
0.050569 0 0.0879053
0.0523333 0 0.0876458
0.0505871 0 0.0725217
0.0522867 0 0.0723486
0.0169239 0 0.0130807
0.0285581 0 0.0107232
0.055636 0 0.0440306
0.0871203 0 0.056773
0.0331286 0 0.0556105
0.0755982 0 0.0606265
0.0485554 0 0.0799735
0.00168112 0 0.042796
0.0739994 0 0.0877918
0.0955377 0 0.096585
0.0306197 0 0.0772228
0.0281433 0 0.0367653
0.0144325 0 0.0320423
0.0160289 0 0.0290679
0.0213153 0 0.0302818
0.0284732 0 0.0230118
0.0332193 0 0.0609556
0.0695754 0 0.0316851
0.0862863 0 0.00163419
0.040624 0 0.0861374
0.0222819 0 0.00725045
0.0523923 0 0.0147885
0.0524337 0 0.00947736
0.0524442 0 0.0203886
0.0696072 0 0.0807589
0.0935615 0 0.00156816
0.0167386 0 0.0310818
0.0557542 0 0.092228
0.0247378 0 0.027786
0.0381343 0 0.0797392
0.0739454 0 0.00666706
0.0259591 0 0.00902147
0.0555923 0 0.0194147
0.0982669 0 0.00155943
0.0856782 0 0.0297429
0.0337001 0 0.0659449
0.0321605 0 0.0632637
0.0313981 0 0.0651008
0.0879722 0 0.0315801
0.0835892 0 0.0887923
0.0864048 0 0.089865
0.0384233 0 0.0493479
0.073476 0 0.0348592
0.0522217 0 0.0329372
0.0466268 0 0.0259722
0.0198684 0 0.0928049
0.0646545 0 0.026967
0.0638412 0 0.0243888
0.0222145 0 0.0641098
0.061476 0 0.0650433
0.0397367 0 0.0127621
0.052415 0 0.0480427
0.00668786 0 0.0528222
0.0506271 0 0.0483186
0.0900644 0 0.0806922
0.0983937 0 0.0982874
0.0397579 0 0.0472536
0.0221022 0 0.0619615
0.014089 0 0.0549766
0.00166239 0 0.0233969
0.0361395 0 0.0166462
0.0937569 0 0.0503661
0.00516621 0 0.0137889
0.0435003 0 0.0532011
0.0726392 0 0.0536762
0.00394524 0 0.0881585
0.035037 0 0.0715184
0.0326677 0 0.00373636
0.0309559 0 0.0016083
0.0410183 0 0.00962204
0.0757947 0 0.0837771
0.0984135 0 0.0246208
0.0502995 0 0.0272753
0.0849123 0 0.0668654
0.00387303 0 0.0452693
0.0129725 0 0.087657
0.0121166 0 0.0567247
0.0673867 0 0.0748866
0.0650721 0 0.0512999
0.00882452 0 0.0552169
0.0093329 0 0.0524065
0.0110403 0 0.0526962
0.0731855 0 0.0415878
0.0798965 0 0.00139213
0.00886313 0 0.0388881
0.0981568 0 0.00427519
0.0108957 0 0.0296363
0.0314237 0 0.0582793
0.0141265 0 0.0116746
0.00374047 0 0.0207629
0.0253565 0 0.0311822
0.0575948 0 0.00601073
0.0191964 0 0.00737725
0.0275461 0 0.0120233
0.026767 0 0.0147501
0.0637758 0 0.0635009
0.0303926 0 0.0243978
0.0292149 0 0.0260989
0.0315353 0 0.0273123
0.0556479 0 0.0423804
0.0914593 0 0.0634391
0.0347868 0 0.0207109
0.0494179 0 0.00438388
0.0468406 0 0.00339357
0.0073472 0 0.0987403
0.0489049 0 0.0342341
0.0495524 0 0.00928274
0.0482405 0 0.0104169
0.037746 0 0.0733091
0.0629127 0 0.0333508
0.0272325 0 0.0487441
0.0612551 0 0.0906339
0.0177485 0 0.0898425
0.0153995 0 0.0202
0.0345647 0 0.0263255
0.0346059 0 0.0326511
0.0183001 0 0.0390125
0.0608151 0 0.0475905
0.0627222 0 0.0481083
0.0211871 0 0.0902756
0.0679294 0 0.0208041
0.0866674 0 0.0743472
0.0125492 0 0.0856679
0.0371295 0 0.0701537
0.0929499 0 0.0538673
0.090868 0 0.0559141
0.0937844 0 0.0560222
0.0432484 0 0.0120153
0.0887113 0 0.0877927
0.0592455 0 0.026547
0.0984117 0 0.0745978
0.0820943 0 0.0783735
0.0837333 0 0.0776444
0.0678939 0 0.035952
0.089018 0 0.0450763
0.0883073 0 0.0467051
0.0945604 0 0.0525528
0.0838335 0 0.0338445
0.0016013 0 0.0218636
0.0571651 0 0.00914841
0.0190815 0 0.0442748
0.0433257 0 0.0880069
0.0746526 0 0.0330504
0.0186284 0 0.0463007
0.0201105 0 0.0489135
0.0178396 0 0.0488778
0.00812275 0 0.0307549
0.0930573 0 0.0444499
0.0960007 0 0.0341082
0.0671322 0 0.0535559
0.0672981 0 0.0509001
0.0728817 0 0.0740178
0.00787782 0 0.00630668
0.0187555 0 0.0217651
0.0921836 0 0.0829539
0.0349399 0 0.0443245
0.0761428 0 0.0884271
0.0433176 0 0.0550724
0.0621186 0 0.0209191
0.0645165 0 0.00346753
0.00334472 0 0.0647017
0.0739329 0 0.0016271
0.0784455 0 0.0633362
0.0180082 0 0.0794389
0.00998696 0 0.00751275
0.0373873 0 0.0247247
0.0661769 0 0.0564644
0.0768482 0 0.0792745
0.0417318 0 0.0908868
0.0406071 0 0.0932109
0.0859642 0 0.00440421
0.0557193 0 0.0678372
0.00444455 0 0.0573063
0.0162442 0 0.0869794
0.0196061 0 0.0862662
0.0176672 0 0.0852478
0.0219688 0 0.00153368
0.0209101 0 0.00422794
0.0983332 0 0.0643463
0.0556546 0 0.0984738
0.0806932 0 0.0896099
0.0134952 0 0.0622444
0.0138702 0 0.0983598
0.0619854 0 0.0257265
0.0587788 0 0.0454014
0.00501905 0 0.0689437
0.0329828 0 0.0983412
0.0789257 0 0.0184872
0.0406393 0 0.0250607
0.0959041 0 0.0872957
0.029916 0 0.0438879
0.0127532 0 0.0347586
0.0650044 0 0.0488082
0.0963055 0 0.00655393
0.00396775 0 0.0980201
0.02707 0 0.0806289
0.0290998 0 0.0512085
0.0904776 0 0.0856377
0.012745 0 0.0779972
0.0158055 0 0.0775483
0.0785449 0 0.0253588
0.0120098 0 0.0402077
0.0802047 0 0.0153766
0.0870493 0 0.0435341
0.031458 0 0.0986173
0.00334985 0 0.0373231
0.0763671 0 0.0202865
0.0123335 0 0.0219312
0.0134624 0 0.0195208
0.0810601 0 0.00332447
0.0466309 0 0.043193
0.0119204 0 0.096129
0.0125879 0 0.0368311
0.0103138 0 0.034381
0.0179548 0 0.0819697
0.00692898 0 0.0872543
0.025789 0 0.086074
0.00591672 0 0.0802566
0.00664226 0 0.0786327
0.0408296 0 0.0229552
0.0173848 0 0.0434982
0.0369298 0 0.0813831
0.0377782 0 0.0939875
0.0417017 0 0.088751
0.0822857 0 0.0547663
0.00990723 0 0.0573232
0.00115908 0 0.080805
0.0843277 0 0.0113992
0.043451 0 0.0370343
0.0482999 0 0.0126067
0.0166562 0 0.0239398
0.0883224 0 0.0217611
0.0524061 0 0.0186206
0.0888282 0 0.00354751
0.0336895 0 0.0220752
0.0461168 0 0.0829765
0.0847677 0 0.00623754
0.0128671 0 0.0503712
0.0106609 0 0.0478498
0.0128784 0 0.0480406
0.0794625 0 0.0554594
0.0526956 0 0.0367409
0.0392851 0 0.0355618
0.0602318 0 0.0380477
0.062756 0 0.0734102
0.055257 0 0.0235809
0.0278359 0 0.00723305
0.078099 0 0.0156341
0.0521765 0 0.00171732
0.0986369 0 0.0874007
0.0352396 0 0.0135867
0.0325343 0 0.0141187
0.0420516 0 0.0856281
0.0140272 0 0.0376815
0.0710123 0 0.0963609
0.00713117 0 0.095482
0.00901298 0 0.0963143
0.00147112 0 0.0400237
0.0466085 0 0.0984293
0.0791947 0 0.0950574
0.0409894 0 0.0354539
0.00829553 0 0.0790653
0.0383896 0 0.0370297
0.0984451 0 0.0761416
0.0629499 0 0.0762668
0.0618181 0 0.0119521
0.0734245 0 0.0172604
0.0752242 0 0.0152146
0.0763886 0 0.0178786
0.0732223 0 0.0630341
0.0753936 0 0.0626704
0.016213 0 0.0111941
0.0765892 0 0.081535
0.0575575 0 0.0871864
0.0937179 0 0.0273307
0.0209637 0 0.0694841
0.0189955 0 0.0692454
0.0434394 0 0.0745211
0.0757373 0 0.0534836
0.0286923 0 0.0461936
0.0059761 0 0.0397963
0.0334183 0 0.0965137
0.033533 0 0.0103204
0.0430406 0 0.0341026
0.0890149 0 0.0695059
0.00162833 0 0.0013221
0.0969569 0 0.00397289
0.046394 0 0.00714345
0.0198314 0 0.0745529
0.0699354 0 0.0401139
0.0828372 0 0.0606993
0.0968969 0 0.0118041
0.098269 0 0.0116558
0.0140271 0 0.0221116
0.0861212 0 0.0877868
0.0162893 0 0.00513027
0.0986469 0 0.03459
0.0153535 0 0.0647778
0.0104593 0 0.0680044
0.0380861 0 0.0757582
0.0416962 0 0.0555067
0.0865781 0 0.0393818
0.0729096 0 0.0228657
0.0775638 0 0.0956188
0.0261265 0 0.0977143
0.0380948 0 0.0846966
0.0393855 0 0.0642247
0.0232876 0 0.00599158
0.0277968 0 0.0884825
0.0680291 0 0.0326282
0.0248492 0 0.0461343
0.0668205 0 0.0166553
0.0481162 0 0.0216006
0.0420669 0 0.0524858
0.0582465 0 0.0174901
0.068278 0 0.0903132
0.0176519 0 0.0765115
0.041813 0 0.0344688
0.0754065 0 0.00498408
0.062549 0 0.0831737
0.057069 0 0.020278
0.0961124 0 0.00154552
0.0841977 0 0.0808243
0.049997 0 0.0131438
0.0756213 0 0.0933509
0.0373513 0 0.0136104
0.0369123 0 0.0413099
0.0916871 0 0.0164272
0.00405045 0 0.0307997
0.0522382 0 0.0131361
0.0523709 0 0.0078044
0.066876 0 0.00428569
0.0668281 0 0.00159073
0.0438554 0 0.06215
0.0437825 0 0.0599191
0.0189172 0 0.0309982
0.00126236 0 0.0513161
0.0369289 0 0.0563799
0.0374752 0 0.0541267
0.00796081 0 0.0416869
0.0696664 0 0.0288151
0.0200563 0 0.0982684
0.048619 0 0.0955104
0.0852879 0 0.0377688
0.0265321 0 0.0632417
0.0168392 0 0.098495
0.0302677 0 0.0800292
0.065931 0 0.0940402
0.0759687 0 0.00923143
0.055301 0 0.0873752
0.0148434 0 0.00332433
0.0317384 0 0.0897777
0.0317638 0 0.0915042
0.0345275 0 0.0902589
0.0613139 0 0.0012101
0.0912535 0 0.0213007
0.073144 0 0.0156339
0.0875496 0 0.00678909
0.063045 0 0.0451963
0.0725423 0 0.00468243
0.00429952 0 0.0509266
0.0159093 0 0.0509527
0.016812 0 0.0531151
0.0642106 0 0.010145
0.0984212 0 0.0562787
0.0920517 0 0.00154029
0.0505967 0 0.0927343
0.0181647 0 0.0154943
0.00689099 0 0.0447947
0.0787143 0 0.012782
0.0984342 0 0.0362864
0.0914001 0 0.00334315
0.0939468 0 0.0037097
0.00335348 0 0.0482419
0.0132315 0 0.0457938
0.0263054 0 0.0559748
0.0578683 0 0.0329082
0.0934982 0 0.0321732
0.0918454 0 0.0566859
0.0887575 0 0.0580941
0.0579126 0 0.0660459
0.0649886 0 0.0816278
0.0983926 0 0.0265252
0.0393091 0 0.00371522
0.0632337 0 0.0923434
0.0808302 0 0.0421803
0.0798405 0 0.0440244
0.0744648 0 0.0362462
0.00847937 0 0.0339098
0.0119962 0 0.0904438
0.0757521 0 0.0673164
0.0775796 0 0.0647961
0.077858 0 0.0678061
0.0642583 0 0.0714381
0.0605289 0 0.0884153
0.0884298 0 0.0266603
0.083636 0 0.0320042
0.0708094 0 0.0690095
0.00904652 0 0.0880545
0.0134755 0 0.00975926
0.0288572 0 0.053589
0.0212175 0 0.0464001
0.00396237 0 0.00152195
0.0610719 0 0.030512
0.0594576 0 0.0218496
0.0433115 0 0.0933433
0.0910202 0 0.0598895
0.00200951 0 0.0899502
0.060854 0 0.0236579
0.0897134 0 0.0396753
0.0641313 0 0.0784512
0.00127034 0 0.0467867
0.0826609 0 0.0156071
0.00416253 0 0.0558199
0.098771 0 0.0389966
0.0698811 0 0.0838697
0.0930948 0 0.0072963
0.066151 0 0.0922532
0.0148081 0 0.0694534
0.00864505 0 0.0655124
0.00811681 0 0.0637555
0.0958562 0 0.0140691
0.092852 0 0.0238598
0.0900285 0 0.0251327
0.0965756 0 0.0586099
0.0115658 0 0.0115805
0.0528707 0 0.038949
0.0628983 0 0.0371655
0.0927574 0 0.0700828
0.0916116 0 0.0716757
0.0551097 0 0.0642816
0.0227711 0 0.0768418
0.0247496 0 0.092084
0.00794946 0 0.0352814
0.0195372 0 0.062354
0.0364593 0 0.0909479
0.0388453 0 0.0926665
0.039276 0 0.0906815
0.0945627 0 0.0346362
0.0661433 0 0.0871451
0.0825776 0 0.098295
0.061471 0 0.00657709
0.0953815 0 0.0750341
0.0248102 0 0.0762706
0.0557779 0 0.0403759
0.0981623 0 0.0226381
0.0786074 0 0.0338657
0.0413078 0 0.0172624
0.0306004 0 0.0965507
0.0235103 0 0.0301207
0.0432723 0 0.0833088
0.0433459 0 0.0846204
0.0403193 0 0.0841685
0.0892767 0 0.0966192
0.0759075 0 0.00164184
0.0795285 0 0.0659482
0.0919601 0 0.0261565
0.0527342 0 0.0312233
0.0465468 0 0.0239244
0.016725 0 0.0339479
0.00815324 0 0.0932105
0.00479616 0 0.0845559
0.0340071 0 0.0412144
0.0959114 0 0.0278738
0.0407508 0 0.0431272
0.0413344 0 0.0419215
0.0433383 0 0.043848
0.0685452 0 0.0878685
0.0405947 0 0.00155072
0.0619352 0 0.0970373
0.0621928 0 0.0982649
0.0661609 0 0.0343445
0.0200269 0 0.0376294
0.00519092 0 0.00929387
0.0527805 0 0.041216
0.0366948 0 0.0881423
0.0348605 0 0.0881587
0.0393741 0 0.0887907
0.0392448 0 0.0867992
0.0730911 0 0.0132832
0.09463 0 0.0204193
0.0941484 0 0.0221941
0.0819351 0 0.0452887
0.0914762 0 0.0432312
0.0943407 0 0.0424576
0.0904593 0 0.0277921
0.0256366 0 0.017015
0.00394464 0 0.0419638
0.00175836 0 0.0557975
0.0838577 0 0.00139205
0.0431802 0 0.0640128
0.0836372 0 0.0274165
0.0466873 0 0.0931825
0.0463289 0 0.0609656
0.0725009 0 0.0111586
0.00238998 0 0.0354063
0.00601548 0 0.0616879
0.0812514 0 0.0321488
0.0386643 0 0.0422346
0.0377439 0 0.0391854
0.00555444 0 0.082496
0.0572854 0 0.0225552
0.0962155 0 0.0818202
0.0376411 0 0.0442305
0.0356983 0 0.0431704
0.0715608 0 0.0650218
0.0256915 0 0.024955
0.0982743 0 0.0854973
0.096468 0 0.0845102
0.0308259 0 0.0353998
0.0988189 0 0.0413074
0.0292256 0 0.0411669
0.0831753 0 0.00536962
0.0238291 0 0.0195874
0.0236052 0 0.0217252
0.0983306 0 0.00695511
0.0727415 0 0.059808
0.0264166 0 0.0573072
0.0272237 0 0.0583525
0.0612201 0 0.0179783
0.0613463 0 0.014795
0.0597749 0 0.0164808
0.0715337 0 0.0508471
0.00152327 0 0.0528761
0.0372879 0 0.0787604
0.0989555 0 0.0136922
0.0348233 0 0.0729462
0.0675962 0 0.0631024
0.0686493 0 0.0651556
0.0707855 0 0.0638052
0.0774551 0 0.0458426
0.0227408 0 0.0171522
0.0742842 0 0.0222775
0.077226 0 0.0865241
0.0920142 0 0.0661967
0.0578664 0 0.0744476
0.034696 0 0.00620798
0.063273 0 0.00726427
0.0658634 0 0.00613935
0.0383026 0 0.0675887
0.0344104 0 0.0469755
0.033635 0 0.0489949
0.0363956 0 0.0478655
0.0409188 0 0.0385209
0.0241742 0 0.0804684
0.0944659 0 0.0895049
0.0528176 0 0.0752516
0.00430871 0 0.00306923
0.0583746 0 0.029992
0.0413228 0 0.0823534
0.00597367 0 0.0328962
0.00569691 0 0.0190879
0.0466006 0 0.0176565
0.0804001 0 0.0132942
0.00489958 0 0.0900796
0.0312779 0 0.0115749
0.0942498 0 0.0157625
0.0483601 0 0.0632937
0.0526862 0 0.022372
0.0438986 0 0.0268314
0.080583 0 0.009157
0.0816372 0 0.0256035
0.0645752 0 0.03275
0.0642463 0 0.0356264
0.0273684 0 0.0768778
0.0258439 0 0.0777011
0.0248001 0 0.0133955
0.0224872 0 0.0129333
0.023414 0 0.0108923
0.0757713 0 0.0237124
0.0734491 0 0.0256477
0.0723949 0 0.024622
0.0211031 0 0.0535786
0.0202183 0 0.0509752
0.0190628 0 0.0534978
0.0947481 0 0.0456591
0.0507493 0 0.0298252
0.0225691 0 0.0703581
0.0618088 0 0.058293
0.0598055 0 0.0577585
0.0813495 0 0.0797535
0.0562537 0 0.00126604
0.0820923 0 0.0896631
0.083088 0 0.0916569
0.0807362 0 0.0920991
0.0882195 0 0.094013
0.087811 0 0.0924411
0.022599 0 0.0743374
0.0895323 0 0.00541044
0.0839319 0 0.0573947
0.0835288 0 0.058609
0.0819093 0 0.0559265
0.0229034 0 0.0835216
0.059431 0 0.00341967
0.00188434 0 0.069222
0.0559724 0 0.0540193
0.0823403 0 0.0110677
0.0344774 0 0.069137
0.0379261 0 0.0067409
0.055281 0 0.0158763
0.048327 0 0.0234916
0.0640788 0 0.0942387
0.088702 0 0.0619005
0.0896401 0 0.0632005
0.0684015 0 0.0825874
0.0966015 0 0.0940328
0.0234884 0 0.0390867
0.086208 0 0.0595164
0.0084828 0 0.0535902
0.055363 0 0.0767894
0.0605613 0 0.013666
0.0592926 0 0.0116146
0.0893684 0 0.0146864
0.0606563 0 0.0670654
0.0601965 0 0.0644015
0.014154 0 0.0795864
0.0924688 0 0.0906156
0.0918091 0 0.0884467
0.0438297 0 0.0290764
0.0203722 0 0.0423831
0.0184648 0 0.0413264
0.0119373 0 0.00363768
0.0128353 0 0.00165277
0.091789 0 0.0614051
0.0985525 0 0.0166995
0.0505734 0 0.0610184
0.0375103 0 0.0154884
0.0465478 0 0.029437
0.0465893 0 0.0519381
0.0479785 0 0.0517326
0.0322196 0 0.0727966
0.00527804 0 0.0309426
0.00619739 0 0.0299009
0.0724065 0 0.0445413
0.043406 0 0.0190612
0.0739757 0 0.0436931
0.0713963 0 0.0426834
0.0612276 0 0.0772628
0.0771607 0 0.00605059
0.0817822 0 0.0823982
0.0484727 0 0.0677493
0.0732379 0 0.0298815
0.0708932 0 0.0296766
0.0467273 0 0.0333734
0.0773851 0 0.0556048
0.0795694 0 0.0578755
0.0833432 0 0.00290197
0.0351056 0 0.0573791
0.0323503 0 0.0566118
0.0198322 0 0.0914574
0.057599 0 0.0781607
0.00161404 0 0.0573929
0.088747 0 0.0607212
0.0257431 0 0.0197412
0.0940025 0 0.01021
0.0510981 0 0.0157054
0.0177142 0 0.0182988
0.0926991 0 0.0194233
0.0177038 0 0.0599779
0.0238781 0 0.0527098
0.0875315 0 0.0820739
0.017459 0 0.0925684
0.0462599 0 0.0664956
0.00239465 0 0.0188914
0.0626116 0 0.0903073
0.0936298 0 0.0854442
0.00335726 0 0.0535486
0.0385544 0 0.00841637
0.0827444 0 0.0200052
0.0851619 0 0.0214891
0.0255733 0 0.0111551
0.00578479 0 0.0586798
0.0794969 0 0.0743103
0.0813001 0 0.0760348
0.0701683 0 0.0224988
0.008833 0 0.0507495
0.0886049 0 0.00837933
0.0122136 0 0.0592337
0.0341854 0 0.0131207
0.023607 0 0.0552743
0.02405 0 0.0573802
0.0390636 0 0.0980348
0.0782486 0 0.0822018
0.0522941 0 0.0507912
0.0527165 0 0.0895857
0.0523732 0 0.0458207
0.0919702 0 0.0305078
0.0833523 0 0.0965248
0.00850822 0 0.0102409
0.0645362 0 0.087418
0.0660619 0 0.0898311
0.0840069 0 0.0474529
0.00407843 0 0.0798094
0.022403 0 0.0903462
0.021599 0 0.0555033
0.0783581 0 0.0360687
0.0250552 0 0.0599622
0.0223398 0 0.0815818
0.0173559 0 0.0629615
0.0166792 0 0.0606754
0.0408614 0 0.0528946
0.0397101 0 0.0519923
0.0841283 0 0.0834278
0.0894098 0 0.0496637
0.00441133 0 0.0227768
0.0672273 0 0.0187178
0.0257057 0 0.0217284
0.0264917 0 0.0931006
0.0254975 0 0.094888
0.0868972 0 0.0500534
0.0640991 0 0.00526703
0.0489512 0 0.0656729
0.00504926 0 0.0442015
0.0236072 0 0.0938154
0.0853969 0 0.0926223
0.00111742 0 0.0323607
0.00166696 0 0.030163
0.0402519 0 0.0712621
0.0388343 0 0.0703522
0.093477 0 0.0590737
0.0272483 0 0.0835877
0.0355545 0 0.0830642
0.0885205 0 0.0831098
0.046436 0 0.0815119
0.0504483 0 0.0512909
0.0504288 0 0.0454194
0.0523165 0 0.0493898
0.0523 0 0.07355
0.0507589 0 0.0907874
0.0203318 0 0.0667756
0.0187211 0 0.0773517
0.0369733 0 0.0921023
0.0358943 0 0.0949795
0.091505 0 0.0347042
0.0217865 0 0.0574757
0.0963159 0 0.0645206
0.0260983 0 0.0158335
0.0833822 0 0.0228021
0.0434441 0 0.00905667
0.0243938 0 0.0587488
0.0622437 0 0.00289473
0.064287 0 0.0412537
0.0654359 0 0.0407027
0.0288493 0 0.0383537
0.0433506 0 0.0679804
0.0433002 0 0.0425539
0.0866808 0 0.0467913
0.0526914 0 0.0931282
0.0397161 0 0.0402253
0.0196481 0 0.0578468
0.00392224 0 0.025733
0.00530815 0 0.0552904
0.090771 0 0.0478055
0.0947604 0 0.0835103
0.0648496 0 0.0151659
0.0634705 0 0.0140639
0.0485427 0 0.0774998
0.048678 0 0.0931374
0.0502851 0 0.0535731
0.0507903 0 0.0696659
0.0527715 0 0.0543333
0.0463103 0 0.0783339
0.0523998 0 0.070344
0.0465046 0 0.0629496
0.0526873 0 0.0577297
0.0502663 0 0.0853935
0.0506133 0 0.0587375
0.0504908 0 0.0435836
0.0524089 0 0.0432218
0.0526801 0 0.0859148
0.083286 0 0.0297424
0.0312583 0 0.0462715
0.00560861 0 0.0540766
0.00714882 0 0.0559346
0.0080498 0 0.0203394
0.029004 0 0.0745548
0.0113389 0 0.0376613
0.0235082 0 0.0987688
0.0241444 0 0.0964912
0.0396383 0 0.0304974
0.00930286 0 0.0631185
0.0216022 0 0.0931202
0.0408302 0 0.0666476
0.0393803 0 0.0683427
0.0414739 0 0.0692387
0.0348201 0 0.0628865
0.0987068 0 0.0181433
0.00919512 0 0.0608705
0.0510108 0 0.0018042
0.0881156 0 0.0598238
0.032761 0 0.0836223
0.0465729 0 0.0387201
0.0524601 0 0.0655544
0.0435061 0 0.0381476
0.0608009 0 0.0744476
0.029833 0 0.0180103
0.046692 0 0.088848
0.0476342 0 0.0718582
0.0477656 0 0.0490164
0.046617 0 0.0570644
0.0213208 0 0.0382695
0.0863304 0 0.0762873
0.0468138 0 0.0151272
0.087001 0 0.0145584
0.0883828 0 0.015156
0.0929495 0 0.0610962
0.0556113 0 0.0135852
0.0804578 0 0.0651637
0.0525124 0 0.0611596
0.0391698 0 0.0603647
0.0389301 0 0.0615866
0.0325293 0 0.0187951
0.0965219 0 0.0766872
0.0176265 0 0.0559021
0.0153699 0 0.0561407
0.052827 0 0.0829054
0.0461406 0 0.0588277
0.0526215 0 0.0771381
0.0462127 0 0.0695199
0.0462502 0 0.0906486
0.0396197 0 0.0800931
0.0682747 0 0.0618008
0.0857982 0 0.0284359
0.0651417 0 0.0651368
0.00140139 0 0.0382726
0.00363256 0 0.0400019
0.0911826 0 0.052037
0.0550898 0 0.0116216
0.0574946 0 0.0697295
0.0293255 0 0.0757401
0.0526603 0 0.0989314
0.0970362 0 0.098809
0.0984137 0 0.096447
0.0658555 0 0.0368969
0.0703487 0 0.0053975
0.0298459 0 0.0846312
0.0292797 0 0.0866041
0.0308864 0 0.0873967
0.0383135 0 0.0227255
0.0364898 0 0.0218857
0.0485723 0 0.0390805
0.0507242 0 0.0650444
0.0490492 0 0.0368886
0.0525163 0 0.0674795
0.0507032 0 0.0678071
0.0944988 0 0.0493269
0.0701472 0 0.0496428
0.0523471 0 0.0791543
0.0461118 0 0.0500901
0.0465563 0 0.0712014
0.0439553 0 0.0808038
0.0360562 0 0.00872221
0.0239879 0 0.0313625
0.0812723 0 0.0624014
0.0510315 0 0.017914
0.0822311 0 0.0947571
0.00647343 0 0.00123357
0.0910625 0 0.0690603
0.0507028 0 0.0391522
0.0987658 0 0.0685747
0.0214713 0 0.0674942
0.0988341 0 0.0808014
0.089548 0 0.0940179
0.067684 0 0.0448545
0.0119128 0 0.0824884
0.0112738 0 0.080018
0.0232687 0 0.0958637
0.0416724 0 0.0367463
0.00461438 0 0.0530383
0.0251986 0 0.0069108
0.0869149 0 0.0643625
0.0401097 0 0.019237
0.0382831 0 0.0183175
0.073862 0 0.0546181
0.0712417 0 0.071139
0.0766024 0 0.0597607
0.0042389 0 0.0285209
0.0794991 0 0.0495315
0.0785387 0 0.0481699
0.0663433 0 0.01358
0.0848297 0 0.0454377
0.0128976 0 0.0667781
0.0870999 0 0.0331246
0.0366908 0 0.0109535
0.0388847 0 0.0113009
0.0374486 0 0.00918103
0.0480085 0 0.0357551
0.067281 0 0.0851482
0.0284989 0 0.0634343
0.0308226 0 0.0624526
0.055489 0 0.038471
0.011475 0 0.0642988
0.0361399 0 0.0769658
0.0260977 0 0.0435929
0.0841217 0 0.00818265
0.0485052 0 0.0411755
0.0465452 0 0.0417974
0.0523966 0 0.0631281
0.0502425 0 0.0630816
0.0966784 0 0.0959349
0.041648 0 0.0621134
0.0247051 0 0.0794038
0.0150878 0 0.0969691
0.084389 0 0.0133595
0.0822595 0 0.0132126
0.03611 0 0.0349789
0.0373222 0 0.0366214
0.0987419 0 0.0720902
0.0069478 0 0.00884041
0.0717072 0 0.0812243
0.0309092 0 0.0387932
0.0888526 0 0.0759674
0.0285501 0 0.0930511
0.0433607 0 0.070662
0.0804283 0 0.0538866
0.0867346 0 0.0664814
0.0270946 0 0.0395873
0.0012176 0 0.0346508
0.0917877 0 0.00480887
0.0942027 0 0.0883602
0.0439092 0 0.0138628
0.050561 0 0.0408992
0.0188407 0 0.0260762
0.00138439 0 0.0258394
0.0871599 0 0.0208958
0.0867239 0 0.0987773
0.0205206 0 0.0476764
0.0767481 0 0.0503655
0.0844926 0 0.0764106
0.0967944 0 0.0386785
0.00999237 0 0.0414801
0.0126831 0 0.0417267
0.0112635 0 0.0430665
0.05517 0 0.0939521
0.0309924 0 0.00662573
0.0553378 0 0.0967909
0.00994682 0 0.0945288
0.0378842 0 0.0256411
0.0495167 0 0.0253162
0.0959238 0 0.0800136
0.076762 0 0.0311319
0.00589556 0 0.0350621
0.0650274 0 0.0753343
0.0695216 0 0.0670003
0.0318013 0 0.0512392
0.0412869 0 0.0127135
0.0715502 0 0.00722499
0.0415911 0 0.057574
0.0433637 0 0.0580969
0.0647312 0 0.0969878
0.0208651 0 0.0287765
0.00530389 0 0.0758228
0.0116319 0 0.0735996
0.00936257 0 0.0729463
0.0926801 0 0.0414125
0.00120967 0 0.0609759
0.0299324 0 0.0834452
0.032048 0 0.0819744
0.00572357 0 0.0643226
0.0788812 0 0.0225704
0.0958538 0 0.0233915
0.0373947 0 0.0590624
0.0857341 0 0.0188983
0.0988082 0 0.0941243
0.0344949 0 0.0250629
0.0326395 0 0.0779645
0.0334228 0 0.0769649
0.0572538 0 0.098827
0.0580131 0 0.0967039
0.0251168 0 0.0883324
0.00346877 0 0.0584497
0.065896 0 0.0435299
0.0623411 0 0.0873239
0.0392625 0 0.0729641
0.0109429 0 0.0325153
0.0131287 0 0.0322087
0.0121352 0 0.0301214
0.0903714 0 0.0745891
0.029631 0 0.00334675
0.0573739 0 0.0256829
0.0937701 0 0.0640851
0.0853435 0 0.0644458
0.0867254 0 0.0618293
0.0221707 0 0.0594611
0.0161026 0 0.0394216
0.0157239 0 0.0375963
0.0246412 0 0.0901133
0.0268343 0 0.0907008
0.0356435 0 0.0235584
0.0892173 0 0.064868
0.0297634 0 0.0563867
0.046471 0 0.0968097
0.0591865 0 0.096381
0.00884251 0 0.0581138
0.0102558 0 0.0592081
0.0626483 0 0.0616207
0.0719248 0 0.0274575
0.062323 0 0.0810928
0.00810023 0 0.0436818
0.0100452 0 0.0448306
0.00882071 0 0.0463586
0.0569569 0 0.0590381
0.0125303 0 0.0168594
0.0136743 0 0.0144964
0.0148569 0 0.0160723
0.0108249 0 0.0924459
0.0132039 0 0.0930721
0.0715781 0 0.074684
0.0434621 0 0.0322814
0.00354992 0 0.080891
0.0186186 0 0.019415
0.0113188 0 0.0278298
0.0480221 0 0.0740845
0.00119838 0 0.028053
0.0206924 0 0.0402975
0.00334347 0 0.00412885
0.0223868 0 0.0444944
0.0301227 0 0.0329653
0.00134297 0 0.002899
0.0377911 0 0.00213478
0.072569 0 0.0939951
0.0218454 0 0.0874377
0.0418704 0 0.0115994
0.0330207 0 0.0161318
0.0934382 0 0.0925482
0.00421154 0 0.0390162
0.0673224 0 0.092015
0.0721118 0 0.0989459
0.0764217 0 0.0479951
0.0254556 0 0.0012579
0.0288332 0 0.098418
0.00878442 0 0.00124068
0.0915069 0 0.0728776
0.0504234 0 0.075175
0.0757838 0 0.0985773
0.0742866 0 0.0985783
0.029707 0 0.00805483
0.0551572 0 0.073254
0.0641408 0 0.0598651
0.0566806 0 0.00358841
0.0580802 0 0.0124658
0.0988945 0 0.0829019
0.00241115 0 0.0160044
0.0481172 0 0.00180259
0.0923217 0 0.0492941
0.0481793 0 0.0690234
0.07609 0 0.0269651
0.0682172 0 0.060298
0.00366379 0 0.0620209
0.00379007 0 0.0601412
0.0315563 0 0.0291856
0.0580544 0 0.063582
0.0782335 0 0.0283531
0.0808399 0 0.0289034
0.0671723 0 0.0394296
0.00557958 0 0.0103514
0.00600347 0 0.0418652
0.0410657 0 0.0641575
0.093756 0 0.0650792
0.055191 0 0.0885736
0.0336175 0 0.052758
0.08899 0 0.0912861
0.0906918 0 0.0917772
0.0202443 0 0.0598766
0.05713 0 0.0948548
0.0952727 0 0.0126777
0.0181385 0 0.0288063
0.0984324 0 0.0373177
0.0246261 0 0.0667165
0.0693009 0 0.0524505
0.010306 0 0.0880108
0.0138728 0 0.0246638
0.0417035 0 0.0721448
0.0037312 0 0.0170302
0.00194815 0 0.0666438
0.0357409 0 0.0327844
0.0743286 0 0.0181209
0.0985693 0 0.0287707
0.0571164 0 0.0725711
0.0556714 0 0.0176241
0.0679172 0 0.0982683
0.0823079 0 0.04204
0.0187831 0 0.0359083
0.0219416 0 0.00821267
0.0293392 0 0.0339962
0.0317581 0 0.00931046
0.09562 0 0.0632892
0.0970262 0 0.0617378
0.0989364 0 0.0629041
0.00826762 0 0.00892745
0.03691 0 0.0744762
0.0483499 0 0.0988704
0.0488382 0 0.0967193
0.0380215 0 0.0576949
0.0871527 0 0.024872
0.0846773 0 0.0988254
0.0253138 0 0.0547928
0.0239819 0 0.0153697
0.0200863 0 0.0717151
0.0557785 0 0.0706815
0.0968482 0 0.0914137
0.0984942 0 0.0923101
0.0830862 0 0.0809815
0.0941472 0 0.0986303
0.0930282 0 0.0965906
0.074445 0 0.0484044
0.076559 0 0.00339845
0.0743805 0 0.00346923
0.0229449 0 0.0237723
0.0236226 0 0.0257451
0.0774367 0 0.0576447
0.0551901 0 0.0291813
0.0219478 0 0.0141075
0.00962205 0 0.0751321
0.00686239 0 0.0696736
0.021175 0 0.0260679
0.0520077 0 0.0105309
0.0255486 0 0.0685239
0.0238287 0 0.0691461
0.0253411 0 0.0712304
0.00170307 0 0.0788714
0.0404208 0 0.0577571
0.0418782 0 0.00383771
0.0409938 0 0.0478789
0.0815741 0 0.0579024
0.00399705 0 0.0116718
0.00160507 0 0.0106431
0.00715323 0 0.0153534
0.0369558 0 0.00503724
0.0878674 0 0.0716355
0.0892238 0 0.0728262
0.0336675 0 0.0921457
0.0823053 0 0.0754566
0.0819315 0 0.0728698
0.0839739 0 0.0740959
0.0649932 0 0.00802132
0.080614 0 0.0676938
0.0183762 0 0.0745418
0.0206072 0 0.0764518
0.0298391 0 0.0692747
0.00662508 0 0.0182213
0.00660109 0 0.0967718
0.057342 0 0.0113752
0.0225244 0 0.0492504
0.0248942 0 0.0481809
0.0242702 0 0.0504021
0.0662726 0 0.0697932
0.0687262 0 0.0693433
0.0930224 0 0.0284497
0.00122083 0 0.0731398
0.00388252 0 0.0727517
0.0622251 0 0.0398855
0.0788481 0 0.0310479
0.0594151 0 0.0399899
0.0777719 0 0.0137052
0.0576894 0 0.0419602
0.0418654 0 0.0144861
0.074276 0 0.0426175
0.0830952 0 0.0388929
0.0902762 0 0.00744711
0.0245112 0 0.0341937
0.0234 0 0.0877678
0.0403427 0 0.0961433
0.0134092 0 0.0743632
0.0160389 0 0.0745521
0.0148598 0 0.0726896
0.0203275 0 0.0343182
0.0439318 0 0.0401334
0.0798982 0 0.0270403
0.0615287 0 0.0934863
0.0849493 0 0.0420046
0.0717433 0 0.0335163
0.0724902 0 0.0317191
0.0390809 0 0.0654856
0.0105032 0 0.0361571
0.00868303 0 0.0369982
0.0275592 0 0.0238051
0.0741848 0 0.086493
0.0614287 0 0.0543482
0.0484751 0 0.0160436
0.0512196 0 0.0793423
0.0398808 0 0.024153
0.0055338 0 0.0268579
0.00744261 0 0.028083
0.0772991 0 0.0622689
0.0785697 0 0.0616124
0.0305127 0 0.0733624
0.0911819 0 0.0092464
0.0903787 0 0.012056
0.0895043 0 0.0100656
0.0283404 0 0.0818832
0.0285821 0 0.0279179
0.0657071 0 0.0770444
0.00623712 0 0.0133361
0.0762942 0 0.0618479
0.0410309 0 0.0547309
0.0196726 0 0.0140237
0.00108508 0 0.0982781
0.0440421 0 0.0355521
0.0920074 0 0.0291171
0.0929571 0 0.00431459
0.0943423 0 0.00558455
0.0137732 0 0.0234105
0.0591584 0 0.0596055
0.0695109 0 0.00785384
0.0710501 0 0.0833006
0.0328656 0 0.0393105
0.0791344 0 0.0072864
0.0666384 0 0.088135
0.0149072 0 0.0670889
0.0851206 0 0.032086
0.0854234 0 0.0346294
0.0891066 0 0.0329253
0.0908018 0 0.0314538
0.0824346 0 0.0277675
0.087801 0 0.0350246
0.0864963 0 0.0362298
0.0351136 0 0.0194833
0.00308125 0 0.0327342
0.00793665 0 0.0608654
0.029415 0 0.029514
0.0107189 0 0.0632572
0.0673979 0 0.0279462
0.0575299 0 0.0926124
0.0829038 0 0.02523
0.026003 0 0.0788476
0.00550324 0 0.0489479
0.00772502 0 0.0478125
0.00592782 0 0.04677
0.0127641 0 0.0687233
0.0324729 0 0.0953971
0.00992628 0 0.0237322
0.0665164 0 0.0108874
0.0701239 0 0.0596517
0.0860774 0 0.00310682
0.00705299 0 0.0765275
0.0077169 0 0.0747384
0.00587048 0 0.0739359
0.0107927 0 0.0755125
0.00892402 0 0.0771035
0.0106681 0 0.0776488
0.00439317 0 0.0644209
0.0294859 0 0.0674343
0.0275433 0 0.0684286
0.0288918 0 0.0698836
0.0529587 0 0.0950871
0.0235517 0 0.0088734
0.024653 0 0.00360082
0.0937997 0 0.0766606
0.0656082 0 0.0615878
0.0712287 0 0.00282994
0.0672368 0 0.0655383
0.0703744 0 0.0200873
0.0693936 0 0.0180446
0.0713425 0 0.0176593
0.0859776 0 0.0949814
0.00829931 0 0.0125641
0.00120902 0 0.0181393
0.0901218 0 0.0425214
0.0907614 0 0.0406079
0.0163408 0 0.0261992
0.0879114 0 0.0112845
0.058256 0 0.0437989
0.0966322 0 0.0185458
0.0969608 0 0.0163764
0.0755882 0 0.0287281
0.0350967 0 0.0114127
0.0346362 0 0.0088628
0.0417276 0 0.097962
0.0258738 0 0.0380332
0.00121173 0 0.0763854
0.0213094 0 0.0448052
0.0881737 0 0.0441149
0.0570564 0 0.0307497
0.00384455 0 0.0335873
0.0189301 0 0.0717789
0.0709344 0 0.0790459
0.0488188 0 0.0430931
0.032481 0 0.0463196
0.0507379 0 0.00720272
0.0336341 0 0.0753337
0.0551334 0 0.0367822
0.0689643 0 0.0142823
0.0691287 0 0.0162679
0.0709574 0 0.015921
0.0126669 0 0.044446
0.0142103 0 0.0430344
0.0863784 0 0.0729764
0.0384329 0 0.0011079
0.0961535 0 0.0328592
0.0160957 0 0.0627106
0.0571639 0 0.0895536
0.0985567 0 0.0330177
0.0588066 0 0.0847179
0.0606533 0 0.0840599
0.0594664 0 0.0864473
0.0347489 0 0.0552956
0.060326 0 0.0427735
0.0105667 0 0.00113009
0.0585666 0 0.0542986
0.0551441 0 0.0565723
0.0278244 0 0.0555875
0.0987744 0 0.00303289
0.0744252 0 0.0304335
0.0901102 0 0.0448683
0.0866293 0 0.0405247
0.0211538 0 0.0158761
0.0975076 0 0.0522511
0.00156623 0 0.0501253
0.0654252 0 0.07286
0.0681327 0 0.0972077
0.00804279 0 0.0378913
0.0688438 0 0.0930504
0.0269574 0 0.0747551
0.0262714 0 0.0736831
0.027634 0 0.0721412
0.0365727 0 0.0649535
0.0751043 0 0.0920324
0.0769407 0 0.0909416
0.0779637 0 0.0909126
0.0868686 0 0.0172263
0.0419079 0 0.0316187
0.0585897 0 0.01473
0.0318886 0 0.034754
0.00119872 0 0.0863513
0.074567 0 0.0459289
0.00108697 0 0.0821619
0.0966709 0 0.0469176
0.0828215 0 0.0937373
0.0195285 0 0.0558836
0.0282868 0 0.0907462
0.0164299 0 0.0488942
0.00874564 0 0.0317385
0.00162199 0 0.00665519
0.0895554 0 0.0130727
0.0988472 0 0.0896686
0.030643 0 0.0150472
0.0111174 0 0.0969296
0.0920418 0 0.0333628
0.0179976 0 0.0699926
0.0184817 0 0.00963986
0.019437 0 0.00851436
0.0358495 0 0.0298782
0.0943612 0 0.0372347
0.0613141 0 0.0602446
0.0705426 0 0.0311712
0.073571 0 0.0965607
0.0349339 0 0.094668
0.0295613 0 0.0203559
0.0493542 0 0.00326542
0.0527308 0 0.0967906
0.0420835 0 0.0500918
0.0432813 0 0.0497107
0.043627 0 0.0484332
0.0115208 0 0.0511253
0.025943 0 0.0322257
0.0575476 0 0.0812902
0.0599263 0 0.0823075
0.0581396 0 0.0830112
0.0295077 0 0.0471541
0.0490756 0 0.0277652
0.0505362 0 0.0343403
0.0817635 0 0.0865334
0.00105194 0 0.00828938
0.0271491 0 0.036586
0.0464142 0 0.030696
0.0376186 0 0.0965705
0.00856692 0 0.00329361
0.0106883 0 0.00343865
0.0109574 0 0.0181975
0.00994411 0 0.0165572
0.00834093 0 0.0170691
0.0884238 0 0.0784249
0.0603846 0 0.0988943
0.00686382 0 0.0813107
0.0146526 0 0.0189568
0.0361571 0 0.0278545
0.0860361 0 0.0233602
0.0968757 0 0.0293968
0.0482198 0 0.0470981
0.0481118 0 0.0551496
0.0481513 0 0.0868708
0.0551894 0 0.0334814
0.0204661 0 0.0183862
0.0610687 0 0.0284445
0.0603818 0 0.0267067
0.0285125 0 0.0608964
0.0971588 0 0.0872199
0.0964976 0 0.0894134
0.0420253 0 0.00118669
0.0319811 0 0.00734567
0.0964117 0 0.0519226
0.0394253 0 0.0259957
0.0910619 0 0.0184165
0.0895999 0 0.0200037
0.0915817 0 0.0374907
0.0919481 0 0.038709
0.0775928 0 0.0177623
0.0715283 0 0.0918843
0.0638162 0 0.0557253
0.00622043 0 0.0373788
0.00438577 0 0.0371556
0.0789745 0 0.0874458
0.080618 0 0.0882492
0.0783027 0 0.0891721
0.0329662 0 0.0405601
0.0430569 0 0.0735171
0.0858772 0 0.0450987
0.0984483 0 0.0703043
0.0741248 0 0.0762704
0.0988026 0 0.0664229
0.0967526 0 0.0666638
0.0567598 0 0.0280063
0.0576867 0 0.0365795
0.0868356 0 0.0539496
0.0212392 0 0.0228075
0.0198638 0 0.0213217
0.0414757 0 0.093839
0.0416068 0 0.0273521
0.041581 0 0.0294171
0.0324171 0 0.0119923
0.0228443 0 0.0361562
0.0215159 0 0.0363382
0.0677973 0 0.0580271
0.0213173 0 0.0324254
0.0228302 0 0.0342497
0.0154803 0 0.0497442
0.0651966 0 0.0916075
0.0649888 0 0.0894728
0.0797203 0 0.0858497
0.082266 0 0.0856297
0.0809653 0 0.0841803
0.06626 0 0.0987155
0.0663031 0 0.0961596
0.0605633 0 0.00402851
0.089862 0 0.0580151
0.0352795 0 0.0158029
0.0986109 0 0.0584594
0.095991 0 0.0575682
0.09658 0 0.0561222
0.0508171 0 0.083368
0.0485681 0 0.0571695
0.0484609 0 0.0589912
0.0505093 0 0.0772334
0.0486331 0 0.0909227
0.0505873 0 0.0813354
0.0484549 0 0.0890228
0.0240089 0 0.0617603
0.043626 0 0.0654584
0.0438582 0 0.00484792
0.0297807 0 0.0892823
0.0166541 0 0.0898975
0.0592137 0 0.035087
0.0466757 0 0.0944074
0.0689796 0 0.0465534
0.0705937 0 0.0453798
0.091212 0 0.0811816
0.00480228 0 0.0777732
0.0037208 0 0.00538363
0.0276582 0 0.0989197
0.0173072 0 0.0726669
0.00639382 0 0.0659401
0.019526 0 0.0518655
0.0211037 0 0.00620138
0.0460568 0 0.0742331
0.0461321 0 0.0465264
0.0461995 0 0.0542002
0.0461772 0 0.0861882
0.0336291 0 0.0895024
0.0882144 0 0.0187456
0.0421164 0 0.0805613
0.072734 0 0.0682126
0.0802456 0 0.0104842
0.0827917 0 0.00993587
0.0789148 0 0.0380218
0.00923321 0 0.0911465
0.0607581 0 0.0192112
0.0649656 0 0.0287744
0.0775932 0 0.0203781
0.0750744 0 0.0519569
0.0775543 0 0.0514454
0.0269655 0 0.0664219
0.0669891 0 0.0801994
0.0782177 0 0.0548239
0.0788069 0 0.00204011
0.090616 0 0.088911
0.0574361 0 0.0568373
0.0798166 0 0.0451746
0.018841 0 0.00486121
0.0179235 0 0.00407276
0.0793674 0 0.0830855
0.0265233 0 0.00322437
0.00119068 0 0.0168992
0.0266084 0 0.0618487
0.0986301 0 0.0423642
0.0586527 0 0.0786481
0.0261221 0 0.0832041
0.0324353 0 0.0887204
0.0990049 0 0.0510316
0.0874259 0 0.00183494
0.085304 0 0.0259339
0.0580655 0 0.0236482
0.0940677 0 0.0735598
0.0879965 0 0.0285054
0.0886809 0 0.0541051
0.0883703 0 0.0563423
0.0306156 0 0.0542721
0.0820164 0 0.00537739
0.059567 0 0.00558091
0.0624686 0 0.0500254
0.0842594 0 0.0628357
0.0301632 0 0.0649925
0.0308006 0 0.0640875
0.0754312 0 0.0734834
0.0753123 0 0.0713621
0.0590382 0 0.0709049
0.0167345 0 0.0351889
0.00472792 0 0.0200298
0.0879355 0 0.0374054
0.00720134 0 0.00339677
0.0882766 0 0.0964672
0.00248644 0 0.0453232
0.0848933 0 0.0500183
0.0805693 0 0.0708599
0.0582209 0 0.0012786
0.0582516 0 0.0036376
0.0582589 0 0.00711134
0.0605563 0 0.007978
0.0347876 0 0.0773075
0.00896667 0 0.0847045
0.00677701 0 0.0512433
0.0104229 0 0.0259804
0.0778537 0 0.0844182
0.0414947 0 0.0602039
0.0710247 0 0.0602446
0.0950265 0 0.00127119
0.0574175 0 0.0383156
0.0505673 0 0.094713
0.0422635 0 0.0682044
0.071948 0 0.021822
0.0523749 0 0.081688
0.0932933 0 0.0675286
0.0948984 0 0.0667363
0.0791099 0 0.0299034
0.0702191 0 0.0236604
0.0906821 0 0.054292
0.0931668 0 0.0310308
0.0832287 0 0.0529495
0.0701929 0 0.0345658
0.0888763 0 0.051651
0.0900693 0 0.0522994
0.0335429 0 0.0582268
0.0339825 0 0.0601175
0.0322031 0 0.0602284
0.0205425 0 0.0835513
0.0251144 0 0.00833552
0.0852728 0 0.0161209
0.094752 0 0.079966
0.0149559 0 0.0766102
0.00892668 0 0.0196218
0.00769161 0 0.0261516
0.0661198 0 0.0315237
0.0682293 0 0.0305592
0.0845681 0 0.0242853
0.0256398 0 0.0848409
0.0358047 0 0.0509667
0.0316689 0 0.0739912
0.0317124 0 0.075349
0.0136911 0 0.038775
0.06297 0 0.0197479
0.0640885 0 0.0221704
0.0648038 0 0.0200263
0.0400276 0 0.0106413
0.0604098 0 0.0696618
0.0822218 0 0.0662822
0.0837977 0 0.0673323
0.0818222 0 0.0703816
0.0844644 0 0.0653106
0.0137232 0 0.0859573
0.0201542 0 0.00311205
0.0931345 0 0.00846175
0.095277 0 0.0084811
0.0276626 0 0.0330324
0.00858959 0 0.022099
0.00878071 0 0.0245101
0.00745393 0 0.0229419
0.0925055 0 0.0354315
0.0618515 0 0.0760237
0.0111417 0 0.0846928
0.0407853 0 0.0740162
0.0503662 0 0.0373136
0.00152 0 0.00548698
0.071066 0 0.0401555
0.0129143 0 0.0559837
0.0110623 0 0.0547959
0.0120069 0 0.0532845
0.0137846 0 0.0836932
0.0164763 0 0.083271
0.014532 0 0.0821451
0.078786 0 0.0101756
0.0641428 0 0.0988812
0.0237471 0 0.0419688
0.0248379 0 0.0411926
0.0260398 0 0.0415337
0.0758559 0 0.0379254
0.0321547 0 0.0254024
0.0326164 0 0.0274081
0.0634529 0 0.032068
0.0988559 0 0.0731863
0.0646833 0 0.0385948
0.0889468 0 0.0802788
0.00322827 0 0.0752384
0.0647819 0 0.0259331
0.0655581 0 0.0243512
0.0671921 0 0.0255808
0.0865313 0 0.0919644
0.06729 0 0.00329784
0.0699974 0 0.003251
0.00112059 0 0.0416732
0.0576673 0 0.0400524
0.00891795 0 0.0985446
0.0205842 0 0.061849
0.00521612 0 0.0943624
0.0773608 0 0.0705698
0.0550853 0 0.0578313
0.0550436 0 0.0819409
0.0696684 0 0.0439338
0.0648812 0 0.0467713
0.0722815 0 0.0623452
0.0732598 0 0.0608272
0.0904458 0 0.0223142
0.0910327 0 0.0233625
0.00326647 0 0.00954337
0.0853147 0 0.0120327
0.01903 0 0.0672758
0.0260005 0 0.0484017
0.0747815 0 0.0318336
0.0278155 0 0.0215793
0.0304746 0 0.0270501
0.0681006 0 0.0683275
0.070463 0 0.0260698
0.0970317 0 0.0785959
0.0131503 0 0.0769607
0.0748153 0 0.0677889
0.0391812 0 0.0955574
0.0900634 0 0.0987479
0.0916743 0 0.0966442
0.0606456 0 0.0534495
0.0598244 0 0.0558916
0.0184466 0 0.0332128
0.00354373 0 0.029651
0.0803469 0 0.060396
0.086709 0 0.0629501
0.0431457 0 0.0217056
0.0332143 0 0.0245061
0.0812602 0 0.0299739
0.03428 0 0.0176313
0.0387754 0 0.0525797
0.0199646 0 0.0797931
0.0989207 0 0.00598854
0.0777212 0 0.0417675
0.0776362 0 0.0438167
0.0179787 0 0.0477498
0.0154869 0 0.047111
0.0171693 0 0.0462015
0.0270137 0 0.047615
0.0969211 0 0.00941653
0.0986916 0 0.00980332
0.0402337 0 0.00281114
0.043411 0 0.0166209
0.0270817 0 0.0863982
0.0933643 0 0.0473728
0.038688 0 0.0776906
0.0404322 0 0.077701
0.0620881 0 0.0561081
0.0642185 0 0.0525815
0.0660175 0 0.0537252
0.0345299 0 0.0988992
0.0372082 0 0.0200797
0.0107149 0 0.0988772
0.00334626 0 0.0277588
0.0779768 0 0.00104263
0.0964143 0 0.0267838
0.0657171 0 0.0576371
0.00971782 0 0.029405
0.0640478 0 0.0688164
0.0622127 0 0.0696714
0.0626128 0 0.0706994
0.0852052 0 0.00995635
0.0107933 0 0.0500282
0.0129102 0 0.0910855
0.0963156 0 0.0365383
0.00282385 0 0.0879938
0.00478485 0 0.0667624
0.0224138 0 0.0275625
0.0254018 0 0.0237074
0.0968687 0 0.0143898
0.0760178 0 0.0402088
0.0375864 0 0.0619897
0.0375091 0 0.0632641
0.071939 0 0.0392131
0.0714246 0 0.0380637
0.0459971 0 0.00495714
0.0768264 0 0.0694676
0.0486865 0 0.0608295
0.095447 0 0.0938018
0.014626 0 0.0541547
0.0192094 0 0.0113458
0.0211609 0 0.0101409
0.0237777 0 0.0289121
0.0418594 0 0.0753997
0.0787735 0 0.0799113
0.0767522 0 0.0936437
0.0407194 0 0.0499168
0.0736848 0 0.0844917
0.0720168 0 0.0854923
0.0731968 0 0.0869984
0.0739746 0 0.0406342
0.0923375 0 0.0943911
0.0776091 0 0.00345654
0.0107919 0 0.0709552
0.0360886 0 0.0523939
0.0340128 0 0.0508967
0.0131415 0 0.0493214
0.015623 0 0.0607367
0.0731638 0 0.0783265
0.0029902 0 0.0556141
0.017752 0 0.0967785
0.0172644 0 0.0147809
0.00365288 0 0.0348676
0.0683769 0 0.0123342
0.0277087 0 0.0655328
0.09478 0 0.0573386
0.0142807 0 0.0349997
0.0153279 0 0.0358483
0.0683463 0 0.0219073
0.066587 0 0.0209732
0.0659938 0 0.0227254
0.0818598 0 0.0343518
0.0947267 0 0.0297237
0.038782 0 0.0543731
0.0153482 0 0.0417543
0.016483 0 0.0413465
0.0678628 0 0.0238026
0.0150944 0 0.0754181
0.0568587 0 0.083198
0.0106964 0 0.0314648
0.0144445 0 0.00110143
0.0334395 0 0.00110463
0.0468141 0 0.0445369
0.0133695 0 0.0712914
0.0520387 0 0.00508827
0.0313574 0 0.037181
0.00954511 0 0.0268437
0.00857215 0 0.0284393
0.065746 0 0.0267344
0.0350385 0 0.0858637
0.0142742 0 0.0070819
0.0119892 0 0.00563447
0.0121855 0 0.00752204
0.0501038 0 0.0548049
0.0897387 0 0.0536048
0.098939 0 0.0544018
0.087896 0 0.0986931
0.0789339 0 0.0590679
0.0751141 0 0.0696437
0.0505801 0 0.0988266
0.0668334 0 0.0520314
0.0921049 0 0.00670823
0.0689392 0 0.0780236
0.0554302 0 0.0494395
0.0305858 0 0.0756999
0.031767 0 0.020139
0.0690652 0 0.0105731
0.068309 0 0.0949203
0.0884587 0 0.0489168
0.0637644 0 0.0578202
0.0199825 0 0.0267161
0.0272683 0 0.0090771
0.0152034 0 0.0636411
0.0440322 0 0.0950663
0.0748706 0 0.0278225
0.069508 0 0.0622753
0.00296115 0 0.00157104
0.0178982 0 0.0269986
0.0293964 0 0.0233454
0.0984339 0 0.0818262
0.0171398 0 0.0752436
0.0584135 0 0.0668736
0.0809656 0 0.0380326
0.0804037 0 0.0400678
0.0792723 0 0.0398453
0.0570255 0 0.0320063
0.0573237 0 0.0340866
0.070839 0 0.077093
0.0606983 0 0.0455633
0.046389 0 0.0375222
0.0317187 0 0.0935343
0.0177178 0 0.0363838
0.0924974 0 0.0585262
0.091677 0 0.0121733
0.0920259 0 0.0109957
0.0942656 0 0.0122424
0.0951848 0 0.0823949
0.0375955 0 0.0510416
0.0372496 0 0.0489819
0.0359432 0 0.0489171
0.0160008 0 0.0133482
0.0309554 0 0.0844636
0.0495391 0 0.0322624
0.0826933 0 0.0429998
0.0515808 0 0.0268247
0.0529244 0 0.0269233
0.0484368 0 0.0530349
0.0550285 0 0.0851426
0.0462106 0 0.0918651
0.0971052 0 0.0739411
0.0966063 0 0.0721413
0.0658042 0 0.0394596
0.0204138 0 0.0120503
0.0583712 0 0.090221
0.0823993 0 0.0378746
0.0389937 0 0.0480047
0.0365237 0 0.0176098
0.0295835 0 0.0601714
0.0499823 0 0.0473112
0.0753098 0 0.020488
0.0969921 0 0.0541674
0.0150525 0 0.0112776
0.0662862 0 0.0416359
0.0276006 0 0.0281839
0.0709171 0 0.0131841
0.0596353 0 0.0103831
0.0164745 0 0.0652427
0.0346818 0 0.00514
0.036796 0 0.00647793
0.0729086 0 0.0467356
0.042393 0 0.0164131
0.00298624 0 0.0239649
0.0839509 0 0.0175553
0.083876 0 0.0198265
0.0831377 0 0.0187785
0.0798294 0 0.0318984
0.0302874 0 0.0516671
0.0965995 0 0.0685761
0.096434 0 0.0703058
0.0897601 0 0.00310942
0.0747596 0 0.0654278
0.0296338 0 0.0715718
0.0611222 0 0.0717282
0.059525 0 0.0729602
0.0192395 0 0.0877362
0.0142482 0 0.029619
0.0733388 0 0.0641821
0.0501283 0 0.0867403
0.0717491 0 0.066308
0.0109895 0 0.0897975
0.0632109 0 0.00954042
0.0365222 0 0.0667315
0.0283967 0 0.0964493
0.0922031 0 0.0528637
0.0164289 0 0.0209614
0.0599595 0 0.0620722
0.0609506 0 0.0626944
0.046058 0 0.0346478
0.0508657 0 0.0966435
0.00988713 0 0.0826695
0.0852901 0 0.0709341
0.0706598 0 0.0801073
0.0126972 0 0.0263564
0.00992511 0 0.0654922
0.0704042 0 0.0862791
0.0685324 0 0.0867432
0.069406 0 0.0885399
0.0288028 0 0.0622762
0.0916533 0 0.0872557
0.0760132 0 0.0118463
0.0768099 0 0.01104
0.0779079 0 0.0110482
0.0204656 0 0.0735625
0.0309928 0 0.0554108
0.0808279 0 0.0196225
0.0802379 0 0.0208843
0.0354198 0 0.00117036
0.0336866 0 0.00342859
0.076646 0 0.0751968
0.0550219 0 0.0608809
0.0704925 0 0.095135
0.0424931 0 0.00499881
0.00166774 0 0.0119066
0.0352914 0 0.0969558
0.0529286 0 0.00600556
0.0758336 0 0.0335759
0.00348922 0 0.0739484
0.0721211 0 0.0588156
0.0744107 0 0.0583481
0.0725721 0 0.0569424
0.0277338 0 0.079733
0.0914319 0 0.0704648
0.0480798 0 0.0335466
0.0504491 0 0.0230691
0.0515562 0 0.0247541
0.0527137 0 0.024683
0.0368328 0 0.0316719
0.0375867 0 0.0338569
0.0802922 0 0.00671593
0.0346208 0 0.0384123
0.0352254 0 0.0405402
0.0661901 0 0.0685889
0.0139724 0 0.0949505
0.0505668 0 0.0287223
0.0485486 0 0.0451036
0.0528016 0 0.0289134
0.0461773 0 0.0281209
0.0461511 0 0.0530157
0.0464793 0 0.0759021
0.0462784 0 0.0841708
0.0483542 0 0.0760738
0.0483662 0 0.0846586
0.048368 0 0.0287846
0.0524452 0 0.0340457
0.0528138 0 0.0354531
0.0200025 0 0.0280916
0.00451281 0 0.0934318
0.0437758 0 0.010953
0.0268604 0 0.0447321
0.014418 0 0.045688
0.0936716 0 0.0814077
0.072548 0 0.0912697
0.0718055 0 0.0893905
0.0707837 0 0.0899601
0.00539442 0 0.0857012
0.072844 0 0.0201621
0.0716526 0 0.0195052
0.0737752 0 0.0197189
0.0560643 0 0.0343586
0.07559 0 0.0640535
0.0109028 0 0.0089424
0.00972973 0 0.010369
0.0590089 0 0.0321639
0.0706057 0 0.0540342
0.02397 0 0.0642159
0.056837 0 0.0747801
0.0130872 0 0.0887813
0.0799989 0 0.00416909
0.0827489 0 0.0364819
0.0839274 0 0.0361449
0.0972463 0 0.00723069
0.0552046 0 0.0453622
0.0738255 0 0.038884
0.0400887 0 0.033004
0.0395658 0 0.0811577
0.0684138 0 0.0287068
0.0786539 0 0.0761583
0.0164388 0 0.00628219
0.0569583 0 0.0850447
0.0185618 0 0.0400691
0.0248896 0 0.0438303
0.0439706 0 0.0786683
0.0421729 0 0.0781441
0.0989461 0 0.0213731
0.0195787 0 0.0956109
0.0840502 0 0.00366284
0.0164275 0 0.0520372
0.0806688 0 0.0342652
0.096401 0 0.0502151
0.0720615 0 0.0154872
0.0389415 0 0.0207154
0.0175595 0 0.0422292
0.0700416 0 0.0971345
0.0163064 0 0.00978619
0.0828779 0 0.0709847
0.0843173 0 0.0720834
0.0844902 0 0.0698653
0.0120957 0 0.045438
0.0379913 0 0.0314262
0.0154879 0 0.0877643
0.0550698 0 0.00170716
0.00796376 0 0.0112357
0.0397107 0 0.00587883
0.0405191 0 0.00756875
0.0200947 0 0.0775405
0.0722851 0 0.0526408
0.0910674 0 0.0658111
0.092929 0 0.0163021
0.0152285 0 0.0894733
0.0688777 0 0.0368554
0.0681901 0 0.0347439
0.0908489 0 0.057003
0.082756 0 0.0686096
0.00544972 0 0.0989672
0.0960786 0 0.00330462
0.095165 0 0.0483806
0.0647449 0 0.0497831
0.0367734 0 0.0550894
0.0569685 0 0.0960747
0.0459943 0 0.0158509
0.0706719 0 0.0356656
0.0587884 0 0.0555579
0.0332286 0 0.0365032
0.0704509 0 0.0989441
0.0722387 0 0.096815
0.0183589 0 0.00659939
0.0474733 0 0.02659
0.0914948 0 0.0680179
0.089642 0 0.0670905
0.0584308 0 0.0273069
0.0379616 0 0.0294045
0.0398239 0 0.0277093
0.0109992 0 0.0407242
0.0623001 0 0.00491192
0.0638478 0 0.0175627
0.00607971 0 0.0437689
0.066931 0 0.078296
0.0405589 0 0.0217764
0.0413215 0 0.0207598
0.0215305 0 0.0513156
0.0609055 0 0.0123109
0.00525348 0 0.00113838
0.0912252 0 0.0466314
0.0167972 0 0.0443663
0.0592352 0 0.0311466
0.0850191 0 0.00115486
0.0228032 0 0.0914543
0.0528651 0 0.0589863
0.0421421 0 0.00935831
0.0915566 0 0.0897297
0.0637235 0 0.0484354
0.0633302 0 0.0507164
0.0554162 0 0.0041358
0.0553017 0 0.00536145
0.0574657 0 0.00442168
0.0864926 0 0.0968663
0.0128411 0 0.0202796
0.0104524 0 0.0206936
0.0114082 0 0.0191047
0.0229802 0 0.0480292
0.00222512 0 0.061941
0.0620845 0 0.0860435
0.0779978 0 0.0243795
0.00813264 0 0.0676067
0.0626083 0 0.0645651
0.0461338 0 0.0651266
0.0917014 0 0.0770849
0.0936519 0 0.0549213
0.0842351 0 0.0880881
0.028255 0 0.0952103
0.0284728 0 0.0393742
0.0762084 0 0.0554257
0.0755994 0 0.0576683
0.0946512 0 0.0401581
0.0437078 0 0.00651126
0.0422757 0 0.00730195
0.0611433 0 0.0383764
0.0796089 0 0.0974009
0.0339311 0 0.0735497
0.0305724 0 0.0937818
0.0124154 0 0.00964811
0.0126105 0 0.0120472
0.0896647 0 0.0826755
0.0739663 0 0.0518368
0.0678976 0 0.00497771
0.0623186 0 0.0303209
0.0613783 0 0.032641
0.0604986 0 0.0332441
0.0636261 0 0.083167
0.0249742 0 0.0647227
0.00740794 0 0.0570211
0.0280651 0 0.0778545
0.0420423 0 0.0231732
0.01147 0 0.0612361
0.0165528 0 0.00111546
0.0567584 0 0.091598
0.0294137 0 0.0589182
0.055128 0 0.0630381
0.0963406 0 0.00525923
0.0695951 0 0.0413958
0.0281658 0 0.00133109
0.0951929 0 0.0168393
0.00338024 0 0.0074333
0.0225653 0 0.0655721
0.0331965 0 0.0445835
0.033016 0 0.0229924
0.0731919 0 0.0947869
0.0738512 0 0.0925566
0.0677256 0 0.0760257
0.00115956 0 0.0193751
0.0939486 0 0.0383526
0.00110119 0 0.0313021
0.036125 0 0.00312239
0.0550087 0 0.0323579
0.0940884 0 0.0333607
0.0849886 0 0.0537529
0.0859499 0 0.051946
0.0872687 0 0.052936
0.0161785 0 0.0786424
0.0501924 0 0.088906
0.000967947 0 0.0950269
0.00332075 0 0.0988963
0.036508 0 0.0692052
0.0899124 0 0.0288203
0.0968654 0 0.022442
0.097105 0 0.0203481
0.0944306 0 0.0248406
0.00762513 0 0.0596352
0.0057214 0 0.0597756
0.0672186 0 0.0473118
0.00395047 0 0.0869571
0.0989577 0 0.0477727
0.089793 0 0.00108568
0.0766135 0 0.0585037
0.0229646 0 0.0532871
0.00461299 0 0.0970799
0.0827625 0 0.0832168
0.0401541 0 0.0462702
0.0395316 0 0.0446564
0.0385812 0 0.0471485
0.0302293 0 0.00573977
0.0367496 0 0.0869596
0.0758306 0 0.0420693
0.0655303 0 0.0556214
0.0772246 0 0.0322647
0.0173533 0 0.0877621
0.0941547 0 0.0514079
0.0196935 0 0.0466808
0.0850714 0 0.067877
0.0873305 0 0.0675443
0.00502572 0 0.0623508
0.0224339 0 0.0262464
0.0682505 0 0.0261304
0.028308 0 0.048697
0.0199557 0 0.017445
0.0843027 0 0.0918209
0.0798123 0 0.012323
0.0717223 0 0.0360966
0.0180609 0 0.0129693
0.0236843 0 0.0702894
0.049744 0 0.0732765
0.0238101 0 0.0455974
0.0314883 0 0.00412256
0.032831 0 0.00559383
0.0529067 0 0.0114498
0.0570441 0 0.0630678
0.0870537 0 0.0944086
0.0878007 0 0.016533
0.0111406 0 0.0235678
0.0798675 0 0.0783186
0.00845922 0 0.00521406
0.00895488 0 0.00707011
0.0102797 0 0.00536
0.0836508 0 0.098874
0.0845106 0 0.0967294
0.088626 0 0.0401294
0.0772478 0 0.0731969
0.00110848 0 0.0742948
0.0178352 0 0.0508408
0.0651888 0 0.0843414
0.0642448 0 0.0861772
0.0663317 0 0.0859177
0.0437984 0 0.0667083
0.0183469 0 0.0682347
0.0682756 0 0.0534017
0.028191 0 0.0546424
0.0417512 0 0.0453078
0.0773205 0 0.0784179
0.0669829 0 0.0497854
0.0686141 0 0.0511383
0.0684667 0 0.0485723
0.0839903 0 0.0435582
0.0858706 0 0.0431875
0.0550273 0 0.0147391
0.0574449 0 0.01504
0.0775824 0 0.0225468
0.0787917 0 0.0206238
0.024289 0 0.00103798
0.0920674 0 0.0143498
0.0711327 0 0.0470571
0.0142701 0 0.0130407
0.00282924 0 0.0718259
0.0913238 0 0.0984082
0.023558 0 0.0515386
0.0886088 0 0.068628
0.0649949 0 0.079445
0.0742551 0 0.0902887
0.076111 0 0.089459
0.0948292 0 0.0553186
0.0953871 0 0.0534133
0.0342009 0 0.0307976
0.0669421 0 0.0811969
0.00997359 0 0.0551335
0.0899157 0 0.0302455
0.0351671 0 0.0124739
0.00105314 0 0.0674801
0.052089 0 0.0533458
0.0497689 0 0.0568319
0.0863954 0 0.00735469
0.0218314 0 0.0971507
0.0150293 0 0.0920631
0.0989097 0 0.0783817
0.0692401 0 0.00117111
0.0749178 0 0.094426
0.0327602 0 0.0535822
0.0472232 0 0.00807981
0.0814672 0 0.00839708
0.0691509 0 0.0242407
0.0730951 0 0.0701605
0.0188082 0 0.0647924
0.0213661 0 0.0524243
0.062443 0 0.0344153
0.0614531 0 0.0351486
0.0137833 0 0.00545909
0.00597779 0 0.0114442
0.0528824 0 0.0908179
0.0437974 0 0.0891386
0.0437299 0 0.0901947
0.00200547 0 0.0599425
0.0879594 0 0.074203
0.0217769 0 0.0838393
0.0218708 0 0.0856553
0.0237893 0 0.0843966
0.0607393 0 0.0926465
0.025993 0 0.0538629
0.0344497 0 0.0703498
0.073596 0 0.00869896
0.0725599 0 0.009189
0.0750043 0 0.00978917
0.0761353 0 0.00813707
0.0188508 0 0.0967099
0.029951 0 0.0811001
0.0339297 0 0.00804785
0.0166736 0 0.00227075
0.0853343 0 0.0899317
0.0159245 0 0.0809312
0.0177235 0 0.0805543
0.024704 0 0.0625501
0.0259098 0 0.0458655
0.0310105 0 0.044442
0.0290381 0 0.0449313
0.016768 0 0.0858795
0.019939 0 0.0816353
0.0224651 0 0.0406915
0.0245176 0 0.0397199
0.0759243 0 0.0771872
0.0267539 0 0.0264545
0.0248023 0 0.0256514
0.0244946 0 0.0267753
0.0127507 0 0.0643103
0.04382 0 0.00285265
0.0727119 0 0.0723266
0.0270469 0 0.0532815
0.029312 0 0.0524793
0.00615343 0 0.0685986
0.0725121 0 0.0501931
0.0280346 0 0.00239873
0.0971026 0 0.0796835
0.0841647 0 0.0787359
0.0867455 0 0.0197239
0.0335221 0 0.0801063
0.0688135 0 0.0800256
0.0486991 0 0.0300415
0.0488597 0 0.0829848
0.0763827 0 0.0456853
0.0648515 0 0.0537227
0.00561218 0 0.071666
0.00444738 0 0.0700128
0.0402167 0 0.0154184
0.0818154 0 0.0634251
0.0438346 0 0.0819738
0.0849124 0 0.055639
0.0127111 0 0.0581429
0.0821023 0 0.0463745
0.0802244 0 0.0470588
0.080917 0 0.0448448
0.0410579 0 0.0332648
0.0530087 0 0.00283038
0.013923 0 0.0483688
0.0250557 0 0.057617
0.0293199 0 0.0501381
0.0550582 0 0.00928189
0.0807598 0 0.00229145
0.0879861 0 0.0867316
0.0863544 0 0.0479051
0.0611184 0 0.0946349
0.0592688 0 0.0946423
0.0401883 0 0.0165516
0.0973917 0 0.0606268
0.0484836 0 0.00523292
0.0475811 0 0.00415573
0.035716 0 0.0724215
0.0966353 0 0.0428011
0.0976793 0 0.0445715
0.0987009 0 0.0443012
0.030052 0 0.0781503
0.0235702 0 0.0541776
0.0251242 0 0.0527113
0.069383 0 0.0116792
0.0422228 0 0.0829411
0.0687936 0 0.0423262
0.0909472 0 0.039415
0.0062252 0 0.0211898
0.00637693 0 0.0222237
0.0565759 0 0.0494245
0.0331475 0 0.0855421
0.0346118 0 0.0431764
0.0323283 0 0.0428616
0.00294129 0 0.0832088
0.0617407 0 0.0783491
0.0965069 0 0.0212019
0.0571772 0 0.0612308
0.0274891 0 0.0302509
0.0893271 0 0.0259649
0.0771565 0 0.0399969
0.0770247 0 0.0381711
0.092475 0 0.0850335
0.09328 0 0.0865518
0.0611068 0 0.0436307
0.0349671 0 0.0543722
0.0946194 0 0.071045
0.00280733 0 0.0425354
0.0236439 0 0.0379529
0.0777803 0 0.0599364
0.0187977 0 0.00123283
0.0529161 0 0.0160432
0.0894443 0 0.0385268
0.0904038 0 0.0369185
0.0715054 0 0.0110401
0.0705818 0 0.00942999
0.0122927 0 0.0937168
0.0340907 0 0.028788
0.0236087 0 0.0227814
0.0776281 0 0.0965975
0.0954561 0 0.0317307
0.0823509 0 0.0074938
0.0806703 0 0.024977
0.0824867 0 0.0971661
0.0242379 0 0.0184849
0.0287354 0 0.0162645
0.0279673 0 0.0512712
0.00862255 0 0.0891074
0.00670847 0 0.0893681
0.0768196 0 0.0133715
0.0817149 0 0.0177119
0.0816703 0 0.0154903
0.0802834 0 0.0165326
0.0135178 0 0.0650647
0.019262 0 0.0150267
0.0472183 0 0.0104186
0.0461548 0 0.0124979
0.0460419 0 0.0487424
0.0233149 0 0.00490222
0.0221603 0 0.00424892
0.00125802 0 0.0246342
0.0391709 0 0.0839823
0.0633242 0 0.0403452
0.0347309 0 0.0619671
0.018336 0 0.0734669
0.0813939 0 0.0486369
0.0262492 0 0.081425
0.00091086 0 0.0916912
0.0295819 0 0.0316476
0.0530309 0 0.0445113
0.055163 0 0.0223437
0.0287292 0 0.00414865
0.055833 0 0.0828045
0.0606091 0 0.0502258
0.0600404 0 0.0493456
0.030827 0 0.0821708
0.0613405 0 0.040683
0.0782606 0 0.0656142
0.0709992 0 0.0700401
0.0880398 0 0.0794977
0.075233 0 0.0562326
0.0529486 0 0.0522131
0.0482972 0 0.031062
0.0182528 0 0.0623713
0.0639208 0 0.0460035
0.0862457 0 0.0574956
0.0217174 0 0.0764596
0.0906749 0 0.0160731
0.0550506 0 0.0786802
0.00105307 0 0.0643206
0.086608 0 0.0800893
0.0863191 0 0.0781694
0.0255846 0 0.0989477
0.0964149 0 0.0105357
0.0487382 0 0.081158
0.0301768 0 0.0405386
0.0321321 0 0.0167072
0.0198029 0 0.0634872
0.064528 0 0.029918
0.0762075 0 0.0827309
0.00265391 0 0.0784344
0.0811788 0 0.0598088
0.0417842 0 0.0408798
0.0439125 0 0.0413256
0.0012282 0 0.0358476
0.0932224 0 0.0140298
0.0225535 0 0.041829
0.0216483 0 0.0425155
0.0283662 0 0.0256855
0.0630805 0 0.0186868
0.0727274 0 0.0548249
0.046122 0 0.0219869
0.0464214 0 0.0109732
0.0504999 0 0.0167299
0.0529267 0 0.0173216
0.0942566 0 0.00797735
0.021106 0 0.0642824
0.0581307 0 0.0687384
0.00335543 0 0.0181582
0.0567606 0 0.051801
0.0831063 0 0.0877889
0.050498 0 0.0523322
0.00678361 0 0.00690201
0.00509795 0 0.00552582
0.0073026 0 0.00528477
0.0284379 0 0.057941
0.0585729 0 0.0185926
0.0198904 0 0.0237792
0.0224479 0 0.0468948
0.0249209 0 0.0361434
0.0899962 0 0.0603512
0.0846959 0 0.0855722
0.0744764 0 0.0109162
0.0588685 0 0.0493354
0.0661012 0 0.0510614
0.0062753 0 0.0143844
0.0849187 0 0.0481533
0.0606061 0 0.0895646
0.0595804 0 0.0887452
0.0551149 0 0.0475214
0.0484107 0 0.0116611
0.0550967 0 0.0303336
0.0797048 0 0.0686698
0.0307195 0 0.0487192
0.0402032 0 0.0294665
0.0281896 0 0.0416528
0.0287481 0 0.0435463
0.0302819 0 0.0427125
0.0672349 0 0.0437196
0.0354055 0 0.0792605
0.0945102 0 0.0946437
0.0559644 0 0.0204024
0.0139896 0 0.010688
0.0158636 0 0.0230565
0.0792864 0 0.0524434
0.0388387 0 0.0236549
0.0348321 0 0.0530197
0.04232 0 0.0957223
0.0924676 0 0.0366544
0.0112696 0 0.0215956
0.0046876 0 0.0162159
0.070893 0 0.0284005
0.0750465 0 0.0008793
0.0912472 0 0.0834859
0.0774457 0 0.0290947
0.013392 0 0.0285775
0.014626 0 0.0272233
0.0628555 0 0.0291264
0.0636041 0 0.0271831
0.00527459 0 0.0912984
0.0126976 0 0.0989547
0.0612728 0 0.0661099
0.0632609 0 0.0660971
0.0504638 0 0.0120966
0.0511418 0 0.0130445
0.0505506 0 0.0061394
0.00528194 0 0.00357195
0.0514076 0 0.0631871
0.0548838 0 0.0511512
0.0630239 0 0.078991
0.0636693 0 0.0770613
0.00100007 0 0.0719107
0.0987057 0 0.0467211
0.0673924 0 0.0177626
0.0989418 0 0.0522761
0.0830285 0 0.0635768
0.00291219 0 0.0904765
0.0385034 0 0.0305622
0.0113114 0 0.0154832
0.0810244 0 0.0786381
0.0582852 0 0.0503933
0.0573851 0 0.0526319
0.0591584 0 0.0521251
0.0738483 0 0.0325579
0.0244652 0 0.0112312
0.043933 0 0.0972949
0.0900174 0 0.0719952
0.0144809 0 0.0594016
0.0139954 0 0.0577158
0.020234 0 0.085507
0.0183216 0 0.0842597
0.0860823 0 0.0818662
0.0904592 0 0.0500908
0.0584661 0 0.0226015
0.0475581 0 0.0563384
0.0475781 0 0.0881839
0.0873798 0 0.0896343
0.0870233 0 0.0872657
0.0770787 0 0.0270545
0.0764398 0 0.0247477
0.0288302 0 0.00542727
0.0331409 0 0.0516117
0.0213101 0 0.0488794
0.0162366 0 0.0579776
0.0094842 0 0.0561781
0.0111046 0 0.0572015
0.0893298 0 0.0221959
0.0310313 0 0.016173
0.0364282 0 0.0338168
0.00282653 0 0.0852264
0.0528897 0 0.0687089
0.0188046 0 0.0206675
0.0663082 0 0.0629912
0.017685 0 0.0241226
0.0895416 0 0.0362506
0.0550551 0 0.0104849
0.0225581 0 0.0117261
0.015165 0 0.00802211
0.0670521 0 0.0716202
0.0174644 0 0.0031484
0.061901 0 0.0108305
0.0157452 0 0.0538253
0.0600289 0 0.0773455
0.0598657 0 0.0753386
0.082283 0 0.0211108
0.00261382 0 0.0213351
0.0566515 0 0.0681045
0.0567681 0 0.0704665
0.0549878 0 0.0686599
0.0867502 0 0.0844149
0.0205394 0 0.0893109
0.0289701 0 0.00975291
0.0275134 0 0.00806798
0.0730851 0 0.0481443
0.0417715 0 0.0659059
0.00104071 0 0.0269457
0.0259671 0 0.0138022
0.0167482 0 0.0674937
0.0591389 0 0.0092923
0.0866725 0 0.055796
0.0186138 0 0.0857839
0.0461343 0 0.0640143
0.0479451 0 0.0653085
0.0814936 0 0.0521801
0.0519437 0 0.0567737
0.0670562 0 0.0349963
0.0651762 0 0.0349136
0.00493667 0 0.0502333
0.0203283 0 0.0068953
0.071945 0 0.0765739
0.0730749 0 0.0769755
0.0706632 0 0.0333479
0.0654966 0 0.0640839
0.0851242 0 0.0527191
0.0439742 0 0.0764519
0.000943795 0 0.0544188
0.0841639 0 0.034924
0.0750323 0 0.0142124
0.0653256 0 0.0189155
0.0364613 0 0.0990861
0.0989081 0 0.0953299
0.0514887 0 0.0729617
0.0549944 0 0.0533039
0.035545 0 0.0670709
0.0313943 0 0.0798126
0.0382167 0 0.0032546
0.0895404 0 0.0175766
0.0760507 0 0.0191695
0.070681 0 0.0141722
0.0360219 0 0.0607383
0.0165807 0 0.0198535
0.0175993 0 0.0216338
0.0764505 0 0.0226513
0.0768831 0 0.0214665
0.0194344 0 0.0350448
0.0884945 0 0.0306512
0.0958397 0 0.0595121
0.0765527 0 0.00707589
0.0561728 0 0.0793764
0.0391549 0 0.0345167
0.0173408 0 0.0662023
0.0755349 0 0.0957987
0.0460822 0 0.0268317
0.0312766 0 0.0522427
0.0315275 0 0.0533864
0.0917734 0 0.053964
0.0595356 0 0.0928021
0.0621779 0 0.0593425
0.0661402 0 0.0594878
0.064445 0 0.0609851
0.0357411 0 0.0927621
0.0186415 0 0.0552873
0.0549287 0 0.0664521
0.0550815 0 0.0654618
0.0569607 0 0.046311
0.056542 0 0.0473399
0.0571933 0 0.0482688
0.0588773 0 0.0472235
0.0863872 0 0.0705684
0.0432344 0 0.0522099
0.0831214 0 0.0285521
0.00893057 0 0.0973369
0.0868414 0 0.0291603
0.0424939 0 0.0989795
0.0178331 0 0.094627
0.017205 0 0.0955813
0.0414909 0 0.0898009
0.0256582 0 0.0391463
0.0110124 0 0.0143
0.0104776 0 0.0122369
0.0119932 0 0.0136405
0.029869 0 0.00120973
0.0423903 0 0.0187356
0.0440239 0 0.0179989
0.0976323 0 0.0463337
0.0381252 0 0.0283709
0.0263961 0 0.0179036
0.0165309 0 0.0299872
0.0166457 0 0.0715314
0.038871 0 0.0171644
0.0940346 0 0.00269962
0.0313861 0 0.0312362
0.0364425 0 0.00992763
0.0849729 0 0.0742507
0.062699 0 0.0893171
0.0169902 0 0.0550611
0.0954117 0 0.00733778
0.0856642 0 0.0860005
0.0154018 0 0.00559428
0.0140879 0 0.00380386
0.0434735 0 0.0460593
0.0419241 0 0.0472786
0.00616252 0 0.0387137
0.00816458 0 0.0396974
0.0243805 0 0.071922
0.0223681 0 0.0721951
0.0893511 0 0.0340039
0.0910706 0 0.0325797
0.072747 0 0.0266677
0.0248389 0 0.0122634
0.0270828 0 0.0128662
0.0849739 0 0.0815767
0.0375243 0 0.0824337
0.0183769 0 0.02282
0.097283 0 0.0494466
0.0561803 0 0.00922566
0.0440342 0 0.0565468
0.0803277 0 0.0359046
0.0751337 0 0.0880786
0.0912554 0 0.0908917
0.0172888 0 0.0329604
0.0551076 0 0.0861609
0.0775831 0 0.0485363
0.0461964 0 0.00595847
0.069417 0 0.0825518
0.0629676 0 0.0627651
0.0303672 0 0.0988762
0.0809491 0 0.0721631
0.060932 0 0.0794991
0.0597092 0 0.0809386
0.0614134 0 0.0815461
0.00846539 0 0.0920128
0.0661698 0 0.0489114
0.0951131 0 0.0104932
0.0287661 0 0.0142379
0.0691613 0 0.0908585
0.0696868 0 0.0925104
0.00546575 0 0.0576515
0.0563064 0 0.0565687
0.038304 0 0.0787042
0.0459453 0 0.0400921
0.0529462 0 0.064285
0.0197184 0 0.0433651
0.0201675 0 0.0443775
0.0603709 0 0.0343956
0.0239244 0 0.0431989
0.0177305 0 0.0309968
0.0956546 0 0.0724795
0.0188644 0 0.0297394
0.00650763 0 0.0287892
0.0255993 0 0.092513
0.0127032 0 0.0759832
0.0731308 0 0.0989013
0.0182636 0 0.0580283
0.0259633 0 0.0703657
0.0677673 0 0.0643765
0.0255883 0 0.0336311
0.0636739 0 0.0380145
0.0687134 0 0.00861676
0.0987412 0 0.0885767
0.00227271 0 0.0741414
0.00103121 0 0.0455214
0.0754461 0 0.00378117
0.0710701 0 0.0480793
0.0348574 0 0.0564232
0.0887491 0 0.084356
0.0368215 0 0.0842788
0.0725849 0 0.0354156
0.0191998 0 0.0322482
0.0200442 0 0.0304171
0.0157937 0 0.0315265
0.014874 0 0.0330216
0.0114674 0 0.0686442
0.0610912 0 0.0857774
0.0617737 0 0.0677496
0.00648818 0 0.0915643
0.0519963 0 0.0886743
0.0319883 0 0.0336405
0.0326906 0 0.0326015
0.0340172 0 0.0343651
0.00259106 0 0.0104097
0.0190911 0 0.00233935
0.0518051 0 0.0904786
0.0953452 0 0.00599045
0.0792283 0 0.072594
0.0786335 0 0.070462
0.0276956 0 0.0195523
0.0438292 0 0.0987798
0.00275773 0 0.0258986
0.00708322 0 0.0502645
0.00679645 0 0.0493026
0.0659909 0 0.0816279
0.0895518 0 0.0850952
0.0899759 0 0.0866754
0.030149 0 0.0947782
0.0579436 0 0.0460074
0.0250403 0 0.0159726
0.097057 0 0.0482829
0.042547 0 0.0598347
0.0586427 0 0.00612214
0.0960019 0 0.025798
0.0755548 0 0.0748167
0.0663533 0 0.0305309
0.0459971 0 0.00824913
0.0781191 0 0.0505855
0.0961544 0 0.08555
0.0847242 0 0.00899258
0.00104678 0 0.0334894
0.0835258 0 0.0106795
0.0466856 0 0.0598803
0.0631143 0 0.0949357
0.0668957 0 0.0364779
0.0880392 0 0.0325629
0.00254296 0 0.09364
0.00267905 0 0.0957551
0.0860572 0 0.0888998
0.0137473 0 0.0870448
0.00248125 0 0.0763392
0.00304171 0 0.0594543
0.0696319 0 0.0586936
0.0528161 0 0.0400821
0.0521823 0 0.0380134
0.0437577 0 0.027974
0.0437486 0 0.0610282
0.0601895 0 0.00107694
0.0801979 0 0.0297582
0.0316364 0 0.0144652
0.0130652 0 0.095956
0.011693 0 0.0952907
0.0293851 0 0.0224119
0.00111872 0 0.0939064
0.0608105 0 0.0100812
0.00980698 0 0.0249151
0.0439516 0 0.0940185
0.0549912 0 0.090686
0.022002 0 0.0631879
0.0877581 0 0.0625472
0.0904784 0 0.096527
0.00417355 0 0.0143446
0.00298455 0 0.0147089
0.016699 0 0.0768914
0.0117142 0 0.047781
0.0710509 0 0.061162
0.0529502 0 0.0601044
0.0273138 0 0.0435702
0.0110507 0 0.0536154
0.0213429 0 0.0312719
0.0530226 0 0.0839481
0.0293677 0 0.0904152
0.089169 0 0.0903383
0.0161165 0 0.0953496
0.0624029 0 0.0471657
0.0712325 0 0.000910597
0.00237837 0 0.0476059
0.00316435 0 0.049199
0.00111698 0 0.0479682
0.0921116 0 0.0460816
0.0253386 0 0.0505591
0.0270076 0 0.0497089
0.0248403 0 0.0494182
0.0743349 0 0.013209
0.00983371 0 0.0600976
0.0050687 0 0.0235827
0.0592165 0 0.0908848
0.0612347 0 0.0961697
0.0274833 0 0.0896881
0.0394144 0 0.0498385
0.0401097 0 0.0508755
0.0253039 0 0.0674945
0.01241 0 0.0157741
0.0968368 0 0.0304634
0.0989321 0 0.029908
0.0761585 0 0.0157105
0.0327781 0 0.0618638
0.0331446 0 0.0636286
0.0440917 0 0.0235375
0.0492206 0 0.0142066
0.0550155 0 0.0347568
0.0485974 0 0.0508581
0.0550499 0 0.0247696
0.0706906 0 0.0120607
0.0723787 0 0.0175544
0.0989369 0 0.0125282
0.0675025 0 0.0590992
0.0911129 0 0.00100704
0.00832552 0 0.0526511
0.0631276 0 0.0441285
0.0648856 0 0.0436399
0.0653517 0 0.0447401
0.00766863 0 0.094369
0.0870365 0 0.0105243
0.0166583 0 0.0177033
0.0170185 0 0.0158387
0.0183985 0 0.0164849
0.0645833 0 0.0806007
0.0661771 0 0.0793519
0.0343963 0 0.036385
0.0348868 0 0.0352766
0.0179485 0 0.0533091
0.00779395 0 0.00100152
0.0683682 0 0.00631175
0.0609846 0 0.0557421
0.097684 0 0.0895526
0.0306066 0 0.0607397
0.0317379 0 0.0592322
0.0634107 0 0.0808123
0.0374048 0 0.0681781
0.0904646 0 0.0788064
0.0415663 0 0.00565874
0.0800203 0 0.0988793
0.0779897 0 0.0989335
0.0956582 0 0.0774838
0.0944303 0 0.0755669
0.0347732 0 0.0299071
0.0421523 0 0.0702169
0.0440611 0 0.0687464
0.0117689 0 0.0557498
0.0502499 0 0.049313
0.079604 0 0.0897879
0.0792865 0 0.0920916
0.0804946 0 0.0908168
0.080926 0 0.0512925
0.0413748 0 0.098995
0.00738283 0 0.0630012
0.0778148 0 0.0856484
0.0761985 0 0.0860758
0.013207 0 0.0598423
0.0347112 0 0.0871661
0.040204 0 0.031332
0.0626226 0 0.0422828
0.0592225 0 0.0290175
0.0378335 0 0.070984
0.0843858 0 0.0382859
0.0363954 0 0.0373158
0.0530269 0 0.0565061
0.0550374 0 0.0950437
0.0189947 0 0.0490655
0.0331733 0 0.0671631
0.0311314 0 0.0666959
0.0324716 0 0.0654807
0.0780396 0 0.0976667
0.0598937 0 0.0243139
0.0161135 0 0.061599
0.0895436 0 0.0884592
0.0630663 0 0.0165185
0.000994944 0 0.0585145
0.0820479 0 0.0245251
0.0821948 0 0.023368
0.0321106 0 0.0556
0.0671212 0 0.0902637
0.0684315 0 0.0891176
0.093027 0 0.0404548
0.0950779 0 0.0414558
0.0440422 0 0.0333952
0.0530999 0 0.0709643
0.0441152 0 0.025723
0.00781015 0 0.085363
0.0118703 0 0.0664532
0.0895291 0 0.0781729
0.0793856 0 0.0636092
0.0659291 0 0.0972191
0.0530247 0 0.0883806
0.0474688 0 0.00093806
0.0110339 0 0.00779634
0.0812926 0 0.0738127
0.0515131 0 0.0413272
0.0813376 0 0.0333811
0.0753559 0 0.0358243
0.0565999 0 0.0134634
0.0974163 0 0.0246866
0.065124 0 0.0362617
0.0304504 0 0.00903964
0.040624 0 0.0184294
0.0602187 0 0.0707689
0.0670111 0 0.0323955
0.072916 0 0.012192
0.0260644 0 0.0643954
0.00508079 0 0.063505
0.0502568 0 0.071456
0.0498252 0 0.010434
0.0572164 0 0.0213757
0.0550382 0 0.0212123
0.0742407 0 0.0823452
0.0728218 0 0.0806503
0.0746935 0 0.081287
0.0984232 0 0.0276878
0.0957652 0 0.0449605
0.0239669 0 0.0831711
0.0143015 0 0.0962324
0.0688647 0 0.0723045
0.0692383 0 0.0713166
0.06805 0 0.0702764
0.0170891 0 0.0288487
0.00411713 0 0.046279
0.0949177 0 0.0433255
0.0937244 0 0.0436074
0.0385639 0 0.00939249
0.0796317 0 0.0565521
0.0571477 0 0.0505722
0.0530952 0 0.053292
0.0687989 0 0.0814866
0.0766395 0 0.0529121
0.0903169 0 0.0344537
0.0796875 0 0.0231476
0.0107531 0 0.0860994
0.00901156 0 0.0858017
0.04155 0 0.0253223
0.0707404 0 0.0214417
0.0805828 0 0.0806401
0.0808144 0 0.0818256
0.0598729 0 0.0688305
0.0439279 0 0.0726908
0.0701817 0 0.0780532
0.0788197 0 0.0415602
0.0886071 0 0.00612099
0.0868155 0 0.0908021
0.0915498 0 0.0783336
0.0924803 0 0.0791318
0.0922067 0 0.0802206
0.0079296 0 0.087434
0.00668925 0 0.0360518
0.0775216 0 0.0928199
0.0368214 0 0.0726986
0.00453058 0 0.0182931
0.00609333 0 0.017292
0.0299317 0 0.0190987
0.0949553 0 0.0145938
0.0650761 0 0.0661605
0.0240745 0 0.00281877
0.0193695 0 0.083773
0.0399031 0 0.038102
0.0675094 0 0.0416262
0.0348785 0 0.089252
0.00914683 0 0.0147938
0.0955464 0 0.0207751
0.0474544 0 0.0410201
0.0821599 0 0.003117
0.0827838 0 0.00104246
0.0809626 0 0.00108187
0.0295821 0 0.0968239
0.0459499 0 0.0796523
0.0503274 0 0.00382846
0.0988491 0 0.0606315
0.0765663 0 0.0344283
0.0772838 0 0.0362748
0.0785137 0 0.0349991
0.0215596 0 0.0663884
0.00301178 0 0.0773155
0.0942428 0 0.0262521
0.00981278 0 0.0471355
0.0283193 0 0.0563407
0.0530726 0 0.0212474
0.00815674 0 0.0957934
0.0239908 0 0.0768867
0.0591409 0 0.0206342
0.0612848 0 0.0201534
0.0611844 0 0.0211789
0.037588 0 0.0806426
0.0141831 0 0.0167476
0.0154282 0 0.0181525
0.0130589 0 0.0179017
0.0619368 0 0.0232874
0.0611002 0 0.0248341
0.0629443 0 0.0250452
0.0602725 0 0.0227647
0.0318827 0 0.0471322
0.0987823 0 0.0771734
0.093229 0 0.0175259
0.0632785 0 0.0715459
0.0223568 0 0.0301417
0.0330938 0 0.0149779
0.0267963 0 0.0406704
0.0690885 0 0.00238294
0.0611927 0 0.0521541
0.0972301 0 0.00169945
0.0963337 0 0.0882279
0.0730829 0 0.0287799
0.0663158 0 0.0950217
0.0316358 0 0.0958991
0.085173 0 0.00371501
0.0312417 0 0.0247888
0.0103463 0 0.0690163
0.0153793 0 0.0944541
0.0267533 0 0.00507069
0.0530501 0 0.0048921
0.0738831 0 0.0338902
0.0412678 0 0.083571
0.0655403 0 0.0127827
0.0645658 0 0.012538
0.00694714 0 0.0326605
0.0697726 0 0.0044166
0.0319606 0 0.0212691
0.0190206 0 0.0380915
0.0354865 0 0.0451962
0.0427552 0 0.0272584
0.0989833 0 0.0157848
0.0747002 0 0.00588725
0.0751378 0 0.0072107
0.0923933 0 0.093179
0.0381588 0 0.0452657
0.0332406 0 0.0383188
0.031324 0 0.0704203
0.0812595 0 0.0112452
0.0347076 0 0.0663382
0.0925157 0 0.0635376
0.0127149 0 0.086603
0.0923576 0 0.0249438
0.0721386 0 0.00363876
0.0318578 0 0.0501116
0.0936615 0 0.053138
0.0284969 0 0.0117328
0.0964983 0 0.0732063
0.0650236 0 0.00923454
0.0667306 0 0.00889309
0.0675885 0 0.00822339
0.063108 0 0.0083874
0.0667336 0 0.00666937
0.00107088 0 0.062284
0.0157346 0 0.0860917
0.0867849 0 0.0695044
0.056467 0 0.0671704
0.0459415 0 0.0357344
0.033153 0 0.0825027
0.0223408 0 0.0608476
0.0233122 0 0.0593087
0.00658252 0 0.016295
0.0332639 0 0.0709403
0.0324402 0 0.0691945
0.0216608 0 0.0202939
0.0786322 0 0.0667886
0.0609782 0 0.0637746
0.0309383 0 0.0976233
0.0948335 0 0.0227966
0.0674712 0 0.0735562
0.0530814 0 0.0939954
0.0779624 0 0.0052983
0.0778368 0 0.00703717
0.0792674 0 0.00534942
0.0906148 0 0.0627128
0.0459959 0 0.0201373
0.0740581 0 0.0164211
0.0514019 0 0.0488906
0.0356562 0 0.0746201
0.0417724 0 0.0390208
0.0173948 0 0.0373192
0.060233 0 0.017444
0.00300023 0 0.0199395
0.00092807 0 0.02042
0.0749204 0 0.0793757
0.0585172 0 0.0925059
0.0685053 0 0.031628
0.0652421 0 0.0905678
0.0914633 0 0.0644717
0.0139328 0 0.0613942
0.0354825 0 0.0907342
0.00103697 0 0.0138135
0.023415 0 0.0795258
0.0203298 0 0.0499044
0.0962865 0 0.0931211
0.0698428 0 0.0760576
0.0687229 0 0.0767018
0.0683796 0 0.074521
0.099061 0 0.0257704
0.0804337 0 0.0616291
0.0821157 0 0.0615338
0.08341 0 0.0764531
0.0372336 0 0.0402072
0.0367514 0 0.0386778
0.0350026 0 0.039472
0.091793 0 0.0625189
0.0392053 0 0.0821656
0.0704365 0 0.0578165
0.0322465 0 0.0440149
0.0549531 0 0.0797252
0.0113116 0 0.062299
0.0123846 0 0.0622271
0.0605484 0 0.0294079
0.0476348 0 0.0962065
0.00444737 0 0.099022
0.0990399 0 0.0202307
0.0832274 0 0.0648004
0.0184488 0 0.0251017
0.00403236 0 0.0218245
0.0207197 0 0.00104732
0.0258499 0 0.0101573
0.0784415 0 0.0195448
0.0831879 0 0.0596532
0.0460799 0 0.0676015
0.0269988 0 0.0968096
0.00278222 0 0.0689874
0.00287736 0 0.0672367
0.0870718 0 0.0048811
0.0878701 0 0.00400642
0.027742 0 0.0845855
0.0281225 0 0.0320544
0.0912246 0 0.0927482
0.0678524 0 0.0403419
0.0676871 0 0.0383919
0.069505 0 0.0389846
0.0223631 0 0.0755897
0.0839429 0 0.0411606
0.0582172 0 0.0376651
0.075327 0 0.0475917
0.0439736 0 0.0302052
0.0642524 0 0.00103126
0.0974362 0 0.0642125
0.0550245 0 0.0589575
0.0725752 0 0.049111
0.00575321 0 0.0408275
0.0990591 0 0.0675241
0.0600047 0 0.0370742
0.040393 0 0.0766291
0.0484041 0 0.075018
0.0154517 0 0.0281242
0.00910993 0 0.00819959
0.0991001 0 0.0236378
0.0185658 0 0.0452015
0.0823496 0 0.0398994
0.0640442 0 0.0677738
0.0130546 0 0.0085972
0.00400297 0 0.065653
0.0630472 0 0.0913219
0.0283115 0 0.0205149
0.0933932 0 0.0229208
0.0923047 0 0.0216888
0.0479004 0 0.036868
0.00255639 0 0.0578512
0.0259052 0 0.0516231
0.0367004 0 0.0255509
0.0938154 0 0.0450605
0.0323094 0 0.0808309
0.00676279 0 0.045859
0.0146144 0 0.00227192
0.00440806 0 0.0130443
0.00262677 0 0.0127132
0.0440523 0 0.021313
0.00699727 0 0.0933547
0.0620905 0 0.0284629
0.0839913 0 0.0448211
0.0637597 0 0.0422582
0.0853281 0 0.00544411
0.0396969 0 0.0623014
0.0669202 0 0.0573221
0.0673076 0 0.0559115
0.068601 0 0.0560412
0.0953408 0 0.0863122
0.0731246 0 0.000937715
0.0790697 0 0.0152422
0.05495 0 0.0928193
0.0632619 0 0.0853626
0.0603389 0 0.087356
0.0617161 0 0.0838435
0.095856 0 0.0616215
0.0741504 0 0.055532
0.0298913 0 0.0382475
0.0548908 0 0.0522014
0.0990218 0 0.0839593
0.0667876 0 0.0768434
0.00391504 0 0.0687905
0.0706905 0 0.0518366
0.0325371 0 0.0131169
0.00312 0 0.054421
0.0357282 0 0.0645778
0.0311143 0 0.0236684
0.0355003 0 0.00680976
0.0362615 0 0.00757177
0.0245161 0 0.099043
0.0798996 0 0.0941304
0.0174657 0 0.0639917
0.00094816 0 0.00389012
0.0306383 0 0.057465
0.0494373 0 0.0793989
0.0796501 0 0.0339176
0.026483 0 0.00097407
0.0596491 0 0.0791763
0.0517699 0 0.0588013
0.027796 0 0.00465227
0.0271177 0 0.0064894
0.0473477 0 0.0125054
0.0771665 0 0.00899015
0.0026314 0 0.00487683
0.0513431 0 0.051181
0.0732611 0 0.00577194
0.0764125 0 0.0355027
0.000874674 0 0.077423
0.0861602 0 0.027477
0.0634139 0 0.0350088
0.0618943 0 0.036372
0.0844275 0 0.00718971
0.0720369 0 0.0787902
0.0182963 0 0.0785037
0.0777644 0 0.0312202
0.0786046 0 0.0686918
0.00660763 0 0.0578891
0.0164172 0 0.055971
0.0196498 0 0.0937889
0.0205859 0 0.093432
0.0214454 0 0.0949552
0.0531177 0 0.0808669
0.00112198 0 0.0699751
0.0373441 0 0.00105495
0.0296458 0 0.0928307
0.0440831 0 0.0126729
0.0304498 0 0.0296399
0.00675646 0 0.0776223
0.0944919 0 0.0933021
0.0603017 0 0.0601693
0.0384465 0 0.032412
0.0169524 0 0.0511574
0.0612951 0 0.0087366
0.0767622 0 0.0990824
0.0560746 0 0.0610832
0.0650083 0 0.0175026
0.000996815 0 0.0093689
0.097135 0 0.0836003
0.0973465 0 0.0849329
0.0713217 0 0.0242833
0.0696069 0 0.0732027
0.0706138 0 0.0730592
0.098633 0 0.0400994
0.0148677 0 0.0854938
0.0149847 0 0.0843993
0.03379 0 0.0480149
0.0112772 0 0.0386753
0.0211129 0 0.0249972
0.0890338 0 0.00451421
0.0621294 0 0.0822767
0.0975933 0 0.0123856
0.0128664 0 0.0358587
0.0560358 0 0.0649883
0.0245677 0 0.0305345
0.0461513 0 0.0229026
0.0844936 0 0.0400476
0.0892905 0 0.0241676
0.0138604 0 0.0734307
0.0120841 0 0.0725235
0.0488295 0 0.0244362
0.0121388 0 0.0812659
0.0503068 0 0.0660435
0.00604438 0 0.0245042
0.00654429 0 0.025687
0.0548873 0 0.0280413
0.0234457 0 0.0724805
0.021908 0 0.0234243
0.0026234 0 0.029864
0.00105674 0 0.0905758
0.0530607 0 0.0301179
0.0870617 0 0.0424819
0.0890993 0 0.043219
0.0891087 0 0.0420441
0.0460193 0 0.0146468
0.0263515 0 0.0942315
0.0596347 0 0.00813581
0.0595554 0 0.0539094
0.0619505 0 0.037721
0.063548 0 0.0391968
0.0784217 0 0.0579249
0.0115131 0 0.000862771
0.0370009 0 0.0945911
0.0583065 0 0.0482337
0.0719628 0 0.0371563
0.0207249 0 0.0975245
0.0548975 0 0.0555183
0.0567758 0 0.0548172
0.0308452 0 0.0915952
0.0157105 0 0.0336134
0.0642591 0 0.00236044
0.00328977 0 0.0707485
0.0264654 0 0.0241575
0.0139089 0 0.0671253
0.00996391 0 0.0841231
0.0198302 0 0.00439077
0.0204747 0 0.00917884
0.0156042 0 0.0734657
0.0206461 0 0.0332121
0.0206079 0 0.0989825
0.0291405 0 0.0132609
0.030563 0 0.0123617
0.0301481 0 0.0112038
0.0812451 0 0.0227878
0.0719324 0 0.00832061
0.0507406 0 0.0640168
0.0697127 0 0.0644923
0.0704427 0 0.0666416
0.0701894 0 0.0567736
0.0624784 0 0.026735
0.0111558 0 0.0654621
0.0703755 0 0.0679491
0.00826093 0 0.0814022
0.0376593 0 0.0721769
0.0950064 0 0.0610985
0.0161795 0 0.0464678
0.0760858 0 0.097616
0.0965263 0 0.0173601
0.0390308 0 0.0754773
0.00486428 0 0.0354091
0.0888524 0 0.0108095
0.0883383 0 0.0125635
0.0569463 0 0.0359571
0.0860185 0 0.0142939
0.0460338 0 0.0453406
0.0768076 0 0.0674571
0.0219714 0 0.0180866
0.0236937 0 0.0174667
0.0175718 0 0.0916182
0.0190888 0 0.0906112
0.0183582 0 0.0926412
0.00507328 0 0.0564811
0.022435 0 0.0213959
0.0226044 0 0.0193825
0.0385469 0 0.0381596
0.0153851 0 0.00916723
0.0740684 0 0.00255337
0.0192453 0 0.0988898
0.080829 0 0.026385
0.00101569 0 0.029196
0.0118264 0 0.0915799
0.054893 0 0.020131
0.0265972 0 0.0115635
0.0793212 0 0.021578
0.0628669 0 0.0965906
0.0815243 0 0.0989798
0.0812699 0 0.0969751
0.0381751 0 0.00446418
0.0158881 0 0.069342
0.0493946 0 0.0989599
0.0793877 0 0.0505666
0.0803749 0 0.0491169
0.0816578 0 0.0504767
0.0827542 0 0.0503985
0.073752 0 0.0369926
0.0736866 0 0.0504802
0.0746888 0 0.0495261
0.0909751 0 0.0444056
0.084398 0 0.026591
0.0915061 0 0.076014
0.036167 0 0.0822699
0.0342749 0 0.081841
0.0359427 0 0.081045
0.00671103 0 0.00232045
0.0765325 0 0.0874207
0.0690844 0 0.0201982
0.0683929 0 0.0183062
0.0694718 0 0.0191001
0.00688552 0 0.0977915
0.084474 0 0.0300734
0.0846766 0 0.0279937
0.0184366 0 0.0829562
0.0378662 0 0.0928766
0.0350433 0 0.0680587
0.041525 0 0.0797673
0.0411642 0 0.0585069
0.00657034 0 0.0548962
0.0787322 0 0.0436536
0.0594078 0 0.0765081
0.0406116 0 0.00863015
0.0440312 0 0.0543204
0.0198959 0 0.0693473
0.0632985 0 0.00306371
0.0631828 0 0.00091556
0.0596166 0 0.0194536
0.0324505 0 0.0582692
0.0754774 0 0.0309613
0.0499141 0 0.0427835
0.00293227 0 0.062799
0.0329284 0 0.0937253
0.0528643 0 0.0919684
0.0723117 0 0.0419565
0.0720377 0 0.0402955
0.0706577 0 0.041964
0.0934888 0 0.070778
0.093492 0 0.0693387
0.00572821 0 0.0528889
0.0708798 0 0.0559536
0.0719942 0 0.0559516
0.0206664 0 0.0956454
0.0954889 0 0.0897226
0.0948557 0 0.087503
0.0114444 0 0.0879291
0.0760556 0 0.0168014
0.0780934 0 0.0166984
0.0530046 0 0.0324
0.03463 0 0.0837134
0.0991304 0 0.0906053
0.0549506 0 0.0432836
0.0846909 0 0.094917
0.0839881 0 0.0939126
0.0778256 0 0.0261962
0.0378105 0 0.014458
0.0439822 0 0.0446929
0.0424182 0 0.0463088
0.0424574 0 0.0443796
0.0302418 0 0.00234187
0.0698882 0 0.0363081
0.0458871 0 0.0511553
0.0071001 0 0.0905784
0.0222653 0 0.00242385
0.0232509 0 0.000977575
0.0549868 0 0.0544666
0.0573862 0 0.0823419
0.0726933 0 0.0144301
0.0103743 0 0.042499
0.0190694 0 0.0946669
0.0977934 0 0.0382672
0.0935616 0 0.0902585
0.0950506 0 0.0914582
0.0619761 0 0.0158487
0.0626536 0 0.0145812
0.0640518 0 0.0158046
0.0531088 0 0.0423526
0.0179867 0 0.098984
0.0235564 0 0.0672686
0.0393532 0 0.0184999
0.0266255 0 0.0726302
0.0150087 0 0.0447937
0.0156581 0 0.00414093
0.0975289 0 0.0312645
0.0458817 0 0.0325021
0.0514833 0 0.0225506
0.0502319 0 0.0217015
0.0515377 0 0.0204403
0.0944879 0 0.0630819
0.0936628 0 0.0620886
0.0549032 0 0.0411471
0.0190433 0 0.070183
0.00287396 0 0.00852353
0.0954617 0 0.0685183
0.0561733 0 0.0229768
0.0182749 0 0.010702
0.0193584 0 0.0887787
0.077202 0 0.094685
0.0786112 0 0.093018
0.088092 0 0.0276377
0.0278876 0 0.0702838
0.0942634 0 0.0466823
0.0957553 0 0.0461378
0.0902538 0 0.014087
0.0486644 0 0.0644757
0.0685927 0 0.0336125
0.04288 0 0.0909455
0.0819696 0 0.0918185
0.080692 0 0.0932645
0.00418818 0 0.0519488
0.061467 0 0.00345069
0.0205701 0 0.0556338
0.0200681 0 0.0539045
0.0101769 0 0.0934552
0.0824871 0 0.0409663
0.0757345 0 0.0439534
0.0411947 0 0.0263232
0.0294404 0 0.0151829
0.00101548 0 0.0842263
0.00487763 0 0.0111714
0.041372 0 0.0731791
0.057755 0 0.0755409
0.0886112 0 0.0476348
0.0105126 0 0.0272724
0.00860246 0 0.0486629
0.0472603 0 0.0673411
0.0865854 0 0.0459076
0.0549808 0 0.00722191
0.0737853 0 0.0752378
0.0716488 0 0.0538158
0.0297982 0 0.0361329
0.0281203 0 0.0357761
0.0793633 0 0.0476139
0.0866486 0 0.0489912
0.0585807 0 0.0360022
0.0249567 0 0.0193441
0.096339 0 0.0396327
0.0364279 0 0.00415413
0.0302912 0 0.0171325
0.0569252 0 0.0774764
0.015254 0 0.0661107
0.0596948 0 0.0454163
0.0516752 0 0.0289193
0.00102879 0 0.0686611
0.0203121 0 0.0655665
0.0503599 0 0.0790462
0.0296067 0 0.0251526
0.0692849 0 0.0491538
0.0308065 0 0.0895859
0.00858317 0 0.0781077
0.00315248 0 0.0916674
0.0843417 0 0.0329019
0.0663278 0 0.0606938
0.0363455 0 0.0423109
0.036804 0 0.0435331
0.0381928 0 0.0432523
0.0990205 0 0.0191623
0.0716939 0 0.0932316
0.0218314 0 0.0911496
0.0921805 0 0.020433
0.0484357 0 0.0710826
0.0858038 0 0.0687055
0.0652917 0 0.0106512
0.0639739 0 0.0114119
0.0715651 0 0.0683281
0.0803909 0 0.0429883
0.03102 0 0.0102853
0.0330866 0 0.0112041
0.0196356 0 0.0190548
0.0714784 0 0.00497149
0.0727818 0 0.00685362
0.0711552 0 0.00613034
0.0108105 0 0.0488837
0.0496287 0 0.0696925
0.0647321 0 0.0736221
0.0651775 0 0.0716783
0.0548953 0 0.0127315
0.0781764 0 0.0427239
0.0439677 0 0.0872346
0.0147168 0 0.0368934
0.0584241 0 0.0342223
0.0215117 0 0.0704401
0.0128704 0 0.0469273
0.0622891 0 0.00184857
0.0229616 0 0.00807185
0.0961169 0 0.0478128
0.037672 0 0.0112959
0.0900154 0 0.0816693
0.0784078 0 0.0832411
0.049229 0 0.0625962
0.00882649 0 0.0301293
0.0671236 0 0.0198727
0.0658985 0 0.0167457
0.0791648 0 0.0329672
0.016221 0 0.00751352
0.0238727 0 0.0206914
0.0123026 0 0.0790518
0.0327417 0 0.00980673
0.0484538 0 0.0170802
0.0772495 0 0.0761305
0.0560238 0 0.0894301
0.0920326 0 0.0443619
0.000938071 0 0.0971774
0.0507025 0 0.0977065
0.0334793 0 0.00224355
0.0529783 0 0.0782259
0.059214 0 0.0174854
0.0226001 0 0.0383172
0.0756788 0 0.0259172
0.0927261 0 0.0483685
0.0048652 0 0.0833238
0.0991668 0 0.0971925
0.0516886 0 0.0391109
0.0319321 0 0.0179128
0.0165728 0 0.0454519
0.0747625 0 0.0539344
0.078753 0 0.0852087
0.051589 0 0.0927211
0.0459153 0 0.0248043
0.0990695 0 0.0594101
0.0505644 0 0.0917468
0.0842495 0 0.0123357
0.0976212 0 0.0940683
0.0619294 0 0.0738968
0.00639018 0 0.0988516
0.0842194 0 0.0896509
0.0826201 0 0.0907307
0.0815546 0 0.0540404
0.0606751 0 0.00600281
0.039528 0 0.0990419
0.046143 0 0.00113741
0.0105823 0 0.0110453
0.0647667 0 0.0775503
0.083305 0 0.0136185
0.0836459 0 0.0155021
0.0822026 0 0.014359
0.0305336 0 0.0586105
0.0757661 0 0.0510553
0.0290472 0 0.0269529
0.0459194 0 0.0686243
0.0531059 0 0.0193016
0.0148178 0 0.0507057
0.0485017 0 0.049722
0.0153086 0 0.0817867
0.0516949 0 0.0853541
0.0571598 0 0.0102242
0.0142801 0 0.0629398
0.0765137 0 0.0714155
0.0665745 0 0.0052689
0.0657502 0 0.00388677
0.0648973 0 0.00575668
0.0168676 0 0.0844408
0.0734643 0 0.0887026
0.0530725 0 0.0621121
0.044135 0 0.0633161
0.0132166 0 0.00741953
0.0281193 0 0.0185291
0.0103727 0 0.080611
0.00861325 0 0.08003
0.0102973 0 0.0789959
0.0381371 0 0.0868528
0.0363123 0 0.0859288
0.0385522 0 0.0858312
0.0337954 0 0.0499171
0.087519 0 0.0134555
0.0622372 0 0.0519467
0.0868255 0 0.000848141
0.0440217 0 0.0224378
0.0333516 0 0.0422695
0.0873211 0 0.0220569
0.0799365 0 0.0669232
0.0266212 0 0.065425
0.0384086 0 0.0989599
0.00572212 0 0.0339649
0.00497227 0 0.0331622
0.0426482 0 0.00293192
0.0441068 0 0.00387398
0.0946126 0 0.0658109
0.0142233 0 0.0151697
0.000880774 0 0.0522684
0.0530707 0 0.0466995
0.0990252 0 0.00802826
0.0231811 0 0.016154
0.0023005 0 0.0138444
0.0697397 0 0.0277855
0.0531282 0 0.0665059
0.000817581 0 0.0565792
0.0531017 0 0.0071416
0.0530871 0 0.0126384
0.0459265 0 0.0621121
0.0697689 0 0.0547096
0.0378367 0 0.0416586
0.0406955 0 0.0409017
0.0385828 0 0.0399593
0.0401198 0 0.0391769
0.0390494 0 0.0411838
0.0396311 0 0.0426676
0.0764003 0 0.00536711
0.0767251 0 0.0840477
0.0990875 0 0.0752892
0.00449669 0 0.0482498
0.00692927 0 0.0639927
0.0421 0 0.0763392
0.000925488 0 0.0663281
0.0263281 0 0.0345376
0.0257826 0 0.029122
0.026175 0 0.027309
0.00923601 0 0.0344709
0.0549064 0 0.0485971
0.0582887 0 0.026149
0.0078911 0 0.0240995
0.0704199 0 0.0380275
0.0205118 0 0.0824264
0.0794965 0 0.0249763
0.0099564 0 0.0216308
0.00951775 0 0.0226384
0.00936557 0 0.03969
0.00987718 0 0.0386542
0.0300429 0 0.0216201
0.0152936 0 0.0429497
0.0948615 0 0.0959443
0.0440414 0 0.0928537
0.0461737 0 0.0721579
0.0479824 0 0.0729555
0.0459249 0 0.0552556
0.0460033 0 0.0475844
0.0459071 0 0.0871769
0.0592399 0 0.0585599
0.0473844 0 0.0326655
0.0663543 0 0.0466847
0.0781851 0 0.0537928
0.0850898 0 0.0836822
0.0315472 0 0.00238808
0.0324831 0 0.000803497
0.0932903 0 0.0947741
0.0178262 0 0.0569171
0.0264692 0 0.0841927
0.0265505 0 0.0687724
0.0317521 0 0.0264198
0.0553541 0 0.02641
0.0666662 0 0.0286419
0.0928958 0 0.0657322
0.0460238 0 0.0026145
0.0441309 0 0.00834491
0.0706198 0 0.0812109
0.0743342 0 0.0784687
0.0518542 0 0.0835053
0.0742658 0 0.0153627
0.0886453 0 0.0552927
0.0896874 0 0.0557829
0.0825043 0 0.0321516
0.0278551 0 0.0827695
0.0103641 0 0.0437079
0.0660713 0 0.0749361
0.0816164 0 0.0310333
0.0834511 0 0.0308279
0.0885824 0 0.0411973
0.0983027 0 0.0501784
0.0354144 0 0.0474267
0.0347388 0 0.045911
0.0806281 0 0.0559479
0.0805804 0 0.0581647
0.0885647 0 0.0706709
0.0548844 0 0.0807887
0.0610892 0 0.0980185
0.0950107 0 0.00365935
0.0242595 0 0.00639258
0.0583174 0 0.0765429
0.0284469 0 0.0675767
0.0273295 0 0.0673977
0.0290962 0 0.0666238
0.0754678 0 0.0662835
0.0862814 0 0.00842035
0.0879517 0 0.00897058
0.088247 0 0.00752171
0.0165076 0 0.012176
0.000947281 0 0.0753394
0.081404 0 0.00441809
0.0881052 0 0.076661
0.089761 0 0.0764252
0.0405409 0 0.0040174
0.000986682 0 0.0435389
0.0909397 0 0.0608681
0.0848524 0 0.0194827
0.0860553 0 0.0209618
0.0244955 0 0.0751772
0.0075567 0 0.0533765
0.0975491 0 0.0684698
0.0970523 0 0.0675521
0.0172656 0 0.0888355
0.0316534 0 0.0774384
0.0582661 0 0.0611045
0.0666006 0 0.0376198
0.0405391 0 0.0907576
0.0412022 0 0.0917055
0.0390284 0 0.091618
0.0224236 0 0.0990098
0.0904479 0 0.0193197
0.0905906 0 0.0204761
0.0976607 0 0.0587853
0.0596618 0 0.0361589
0.0831277 0 0.0479015
0.0564963 0 0.00588266
0.0232296 0 0.0810961
0.00546928 0 0.00664173
0.0768298 0 0.0372429
0.075045 0 0.0370812
0.0582003 0 0.0991285
0.00106468 0 0.0157457
0.0366786 0 0.0779362
0.034667 0 0.0784273
0.0599245 0 0.047393
0.0440321 0 0.0715016
0.0423764 0 0.0712851
0.0118939 0 0.0501151
0.0876859 0 0.025832
0.0511532 0 0.0325293
0.0513526 0 0.0335984
0.0975053 0 0.0764063
0.000875111 0 0.0795722
0.0410135 0 0.0241011
0.048579 0 0.0700194
0.0853828 0 0.0721621
0.0749312 0 0.0768965
0.0944488 0 0.018113
0.0949111 0 0.0195219
0.0936147 0 0.0199998
0.0639077 0 0.075667
0.00332282 0 0.0974507
0.0020572 0 0.0989159
0.0116173 0 0.036666
0.0812915 0 0.0469348
0.0589025 0 0.0719246
0.0333225 0 0.0974101
0.00101159 0 0.0226227
0.0427479 0 0.0295822
0.0278535 0 0.00995258
0.0514102 0 0.00393623
0.00915864 0 0.0186602
0.00421773 0 0.0380301
0.013217 0 0.0632978
0.0963118 0 0.0745148
0.0596379 0 0.0981408
0.0144455 0 0.0976636
0.0898412 0 0.00638187
0.0906191 0 0.00524716
0.0123188 0 0.0281551
0.00902699 0 0.0938938
0.0354945 0 0.0990463
0.0868755 0 0.0414986
0.00101303 0 0.0596229
0.0233818 0 0.0681965
0.0629691 0 0.0216158
0.0595474 0 0.0410098
0.0817694 0 0.0361133
0.0108458 0 0.046801
0.0430978 0 0.0240138
0.0497801 0 0.0830272
0.0422424 0 0.0125671
0.0592433 0 0.0437051
0.0586246 0 0.00248373
0.0714319 0 0.0878357
0.00706035 0 0.030669
0.0983421 0 0.0653253
0.0904179 0 0.0241814
0.0930458 0 0.0511351
0.0737562 0 0.0735515
0.0567778 0 0.0805117
0.09333 0 0.0785748
0.0867136 0 0.0753872
0.0991533 0 0.0929902
0.0209746 0 0.0393196
0.0440538 0 0.0753438
0.0589862 0 0.0658961
0.0783999 0 0.0642417
0.03775 0 0.0237429
0.00575576 0 0.0934667
0.0042668 0 0.0922069
0.00631243 0 0.0925811
0.050024 0 0.0197058
0.0276894 0 0.0601899
0.0989057 0 0.0310743
0.0135466 0 0.0803659
0.00713431 0 0.0834465
0.00932952 0 0.0126708
0.0928579 0 0.0742659
0.0910458 0 0.0738148
0.0889665 0 0.0208623
0.0740686 0 0.0695277
0.0915962 0 0.00576282
0.0312821 0 0.0423572
0.0732667 0 0.0527254
0.00983581 0 0.0321163
0.0407318 0 0.0557082
0.0473018 0 0.0632666
0.0750268 0 0.0123234
0.00656901 0 0.0707502
0.0365409 0 0.0240898
0.0144172 0 0.0409154
0.0147146 0 0.0397836
0.0266913 0 0.0796921
0.0439487 0 0.000920861
0.0717311 0 0.0437838
0.025751 0 0.0625023
0.0530816 0 0.0103382
0.0267413 0 0.0593371
0.0215129 0 0.0741009
0.0138113 0 0.0506164
0.0585076 0 0.0869624
0.0574811 0 0.0881898
0.0789571 0 0.0009676
0.00939878 0 0.0680595
0.00815012 0 0.069448
0.00901306 0 0.0701832
0.0246882 0 0.0174706
0.0655774 0 0.0157607
0.0669012 0 0.0144049
0.0363594 0 0.0706356
0.0485315 0 0.000888035
0.0138706 0 0.0691238
0.0121848 0 0.0696621
0.0141257 0 0.0704091
0.0151903 0 0.0705366
0.0740582 0 0.0803412
0.0725451 0 0.034307
0.0379446 0 0.0565476
0.0975037 0 0.0270401
0.083115 0 0.0615658
0.0316926 0 0.0924331
0.0327716 0 0.0876234
0.0317682 0 0.0878286
0.0312661 0 0.0863587
0.0830056 0 0.0783579
0.067737 0 0.0542242
0.054872 0 0.0917504
0.0217414 0 0.0783901
0.0726067 0 0.0211793
0.0743263 0 0.0714728
0.074842 0 0.0723168
0.0827662 0 0.0926671
0.0550442 0 0.0896929
0.0990625 0 0.0862351
0.0167645 0 0.0596227
0.0200332 0 0.0755177
0.0549821 0 0.0744668
0.0126109 0 0.0026171
0.0107067 0 0.00222981
0.0328717 0 0.0546209
0.0815212 0 0.0654319
0.0866565 0 0.0509446
0.0458662 0 0.0576856
0.0458705 0 0.0894289
0.0743632 0 0.0631798
0.0818089 0 0.0569069
0.036691 0 0.0515068
0.0550869 0 0.0619147
0.0943554 0 0.0845722
0.0954726 0 0.0841999
0.0878313 0 0.000882368
0.0368756 0 0.0531804
0.0970343 0 0.0904677
0.0311041 0 0.0219001
0.0419327 0 0.05654
0.0965382 0 0.0978977
0.00419889 0 0.0436408
0.0419892 0 0.0305713
0.00913028 0 0.0439244
0.0813785 0 0.0770132
0.0803438 0 0.0766551
0.0614592 0 0.0879298
0.0144836 0 0.055933
0.0592799 0 0.0990462
0.0934379 0 0.0128627
0.062983 0 0.0527607
0.0625567 0 0.054024
0.0427175 0 0.0620989
0.0176146 0 0.0935566
0.0789863 0 0.0751681
0.0775364 0 0.0742037
0.0130686 0 0.0677294
0.0950251 0 0.0256271
0.0215863 0 0.0121486
0.0169064 0 0.09745
0.00509888 0 0.0419186
0.0559707 0 0.0244003
0.0953025 0 0.0702656
0.042156 0 0.0513877
0.0440939 0 0.0513803
0.0787009 0 0.0174452
0.042453 0 0.0970575
0.0396131 0 0.00808554
0.0441308 0 0.0587555
0.084471 0 0.0844716
0.0490987 0 0.0331695
0.0484836 0 0.0257433
0.049534 0 0.0264186
0.0135815 0 0.0522882
0.08231 0 0.0302061
0.0010625 0 0.0491138
0.023815 0 0.0744956
0.0652543 0 0.0990665
0.056514 0 0.0872975
0.0741086 0 0.0974521
0.0655494 0 0.0143862
0.0130436 0 0.0979493
0.0659848 0 0.0673764
0.0670157 0 0.0666766
0.0846349 0 0.0369728
0.0766711 0 0.0490843
0.0800117 0 0.0839985
0.042315 0 0.0879352
0.0368529 0 0.0296406
0.0886089 0 0.0356447
0.0577053 0 0.0166811
0.0563764 0 0.0155991
0.0565003 0 0.0178558
0.0403334 0 0.0795786
0.000897322 0 0.0391123
0.0621595 0 0.0943513
0.0560729 0 0.0636017
0.0371924 0 0.0275835
0.0375255 0 0.026615
0.0263992 0 0.0955738
0.0842644 0 0.0220478
0.0783477 0 0.00813065
0.0836691 0 0.00455436
0.0322175 0 0.00836976
0.0983758 0 0.0573795
0.0279963 0 0.0692957
0.0979902 0 0.0865265
0.0735685 0 0.0661584
0.0723351 0 0.0644923
0.0356395 0 0.058201
0.0349546 0 0.0597371
0.0228356 0 0.0573331
0.02364 0 0.0563349
0.0226637 0 0.0554407
0.0566716 0 0.00828671
0.0561104 0 0.00742698
0.0767864 0 0.068485
0.0788665 0 0.0940238
0.0828669 0 0.0538809
0.0441024 0 0.0202017
0.0732217 0 0.0619241
0.0574842 0 0.0976952
0.0458752 0 0.0774103
0.0549053 0 0.0776351
0.0288061 0 0.08841
0.00996535 0 0.0904277
0.00998224 0 0.0918035
0.0750333 0 0.0386243
0.0616281 0 0.0417051
0.0184025 0 0.072563
0.0393221 0 0.0269942
0.02656 0 0.0919718
0.0987974 0 0.0147845
0.0130385 0 0.0377592
0.0323855 0 0.0313868
0.0165774 0 0.0221171
0.0149004 0 0.0212086
0.0391573 0 0.0102302
0.0239067 0 0.0786319
0.0693602 0 0.00697175
0.0623871 0 0.00686319
0.073736 0 0.0674536
0.0731109 0 0.0691715
0.0918568 0 0.0820868
0.0178034 0 0.000894823
0.0845638 0 0.0509489
0.0247182 0 0.0471565
0.0326764 0 0.0917281
0.0441777 0 0.0554561
0.0440477 0 0.0345444
0.00263098 0 0.0364999
0.000793154 0 0.0367759
0.010602 0 0.0304297
0.0130473 0 0.0226583
0.0128069 0 0.040693
0.0597768 0 0.0419247
0.0270257 0 0.0291349
0.0338159 0 0.00575938
0.0261744 0 0.0357805
0.024919 0 0.037395
0.060097 0 0.0512236
0.0680295 0 0.0227837
0.0876132 0 0.0461105
0.0382614 0 0.0359947
0.0749881 0 0.0831591
0.0130285 0 0.00378226
0.0583115 0 0.0113938
0.0458652 0 0.0950386
0.0980817 0 0.0237531
0.0576954 0 0.073418
0.0472335 0 0.0590455
0.011857 0 0.024381
0.0116082 0 0.0255643
0.0990924 0 0.00383729
0.0338527 0 0.0681997
0.00485789 0 0.00837292
0.006674 0 0.00791087
0.00234975 0 0.080821
0.069167 0 0.0344201
0.0931063 0 0.0989598
0.0516114 0 0.0675228
0.0320943 0 0.0063549
0.0839178 0 0.0862069
0.0746639 0 0.0964918
0.0903483 0 0.0934531
0.0913499 0 0.0948805
0.000951087 0 0.0874833
0.0485667 0 0.0225127
0.0102795 0 0.072007
0.00862951 0 0.07117
0.0101534 0 0.0700863
0.0514111 0 0.0770321
0.0503454 0 0.0762161
0.0515538 0 0.075171
0.0190323 0 0.0285642
0.097311 0 0.0325752
0.0799838 0 0.0143363
0.0702677 0 0.000998376
0.0769155 0 0.00107645
0.0245717 0 0.0608553
0.0614264 0 0.0990685
0.0325421 0 0.00463031
0.0276757 0 0.0465651
0.0229535 0 0.0645455
0.0207118 0 0.057616
0.0219973 0 0.0584107
0.00775546 0 0.089697
0.0125771 0 0.0190881
0.0739554 0 0.00767924
0.00735821 0 0.0795266
0.0250166 0 0.0970575
0.0239155 0 0.0976586
0.0660823 0 0.0832065
0.0673897 0 0.0830533
0.0604938 0 0.0484487
0.0991875 0 0.0556299
0.0573121 0 0.0906391
0.00696207 0 0.0399483
0.00779954 0 0.0406348
0.0069855 0 0.0420275
0.0625219 0 0.0930899
0.0638237 0 0.0932821
0.0120622 0 0.0327314
0.0130733 0 0.0333275
0.0114596 0 0.0345802
0.0172311 0 0.00811133
0.0627522 0 0.0277322
0.0607668 0 0.0466076
0.0618025 0 0.0453297
0.0685373 0 0.099141
0.0785171 0 0.0558394
0.00594953 0 0.0874968
0.00471292 0 0.0152786
0.0382547 0 0.097348
0.0370502 0 0.0973916
0.0799004 0 0.0377642
0.0550002 0 0.0358102
0.0223442 0 0.010698
0.0116859 0 0.0990871
0.0831701 0 0.0519924
0.0182498 0 0.0175189
0.0363204 0 0.0195363
0.00385003 0 0.0899703
0.00450775 0 0.0890579
0.0472815 0 0.0862429
0.047201 0 0.0467686
0.0472717 0 0.0544461
0.086312 0 0.0338348
0.0766804 0 0.046875
0.0702916 0 0.0530064
0.0323176 0 0.036924
0.0335256 0 0.0991409
0.0480195 0 0.0275594
0.0399172 0 0.0972916
0.0889077 0 0.0991363
0.00107768 0 0.0892697
0.0273817 0 0.0158231
0.0844189 0 0.0798368
0.0130512 0 0.0571511
0.0304112 0 0.0039918
0.0242893 0 0.0815367
0.00570818 0 0.0813472
0.0572707 0 0.0441726
0.0566755 0 0.0422073
0.0582164 0 0.0428443
0.00477057 0 0.0737409
0.0502602 0 0.0742154
0.0493418 0 0.0754661
0.0690471 0 0.0843587
0.025418 0 0.0755181
0.0865513 0 0.08542
0.0158719 0 0.0160299
0.0764486 0 0.0628859
0.00245551 0 0.0402205
0.037086 0 0.0762656
0.0353183 0 0.0755272
0.0961811 0 0.0355351
0.0974505 0 0.0363505
0.0974418 0 0.0345691
0.0627308 0 0.057888
0.0441829 0 0.0841045
0.0481632 0 0.0856156
0.0492077 0 0.0849818
0.0493254 0 0.0456163
0.0481988 0 0.046009
0.0491592 0 0.087006
0.0490562 0 0.0550282
0.0943052 0 0.0789898
0.0868371 0 0.0654357
0.0878453 0 0.066619
0.0881566 0 0.0646034
0.0561594 0 0.0365358
0.0967519 0 0.077728
0.0459305 0 0.0169937
0.0705421 0 0.0939722
0.0692924 0 0.0953391
0.0288068 0 0.0974504
0.0198334 0 0.0397071
0.0204702 0 0.0412576
0.0194672 0 0.0416862
0.0431629 0 0.0131379
0.000859538 0 0.0960771
0.0690825 0 0.0660834
0.0316915 0 0.0684624
0.0899379 0 0.0109842
0.0632435 0 0.072605
0.0828602 0 0.0956171
0.0499072 0 0.0969711
0.00487508 0 0.039966
0.0359636 0 0.0569981
0.0694171 0 0.0502928
0.0336812 0 0.0931053
0.0989908 0 0.0796334
0.0318577 0 0.0390392
0.0960231 0 0.028858
0.00903127 0 0.0379252
0.0643938 0 0.0644404
0.0661261 0 0.0652214
0.0322111 0 0.0859518
0.0201305 0 0.0588406
0.0413725 0 0.0441211
0.0405309 0 0.0888164
0.0391186 0 0.0877477
0.0411835 0 0.0877265
0.053194 0 0.0500431
0.0637794 0 0.0895032
0.0187385 0 0.00584614
0.0187626 0 0.0615027
0.05766 0 0.019334
0.0641064 0 0.0916939
0.0550444 0 0.0169668
0.0787103 0 0.00352673
0.0943938 0 0.0476898
0.0127711 0 0.0395301
0.0238074 0 0.0918595
0.0364422 0 0.045753
0.0977312 0 0.0664273
0.077059 0 0.0301006
0.0372394 0 0.012678
0.0384427 0 0.0132355
0.0936346 0 0.0350557
0.0928497 0 0.000927457
0.056169 0 0.0729239
0.0902619 0 0.0488764
0.0622427 0 0.000890485
0.00472999 0 0.0262804
0.00868409 0 0.0824869
0.0668748 0 0.00992185
0.0975984 0 0.0960113
0.0560925 0 0.0944748
0.0777674 0 0.0797009
0.0780473 0 0.0777689
0.000829802 0 0.0125706
0.0933562 0 0.0756933
0.0371054 0 0.0468676
0.0488185 0 0.0735251
0.0519227 0 0.0867371
0.0439028 0 0.0796482
0.0476212 0 0.0612383
0.0477069 0 0.0929088
0.0484101 0 0.091972
0.047523 0 0.0911224
0.0697869 0 0.0693577
0.0717861 0 0.0755498
0.0733373 0 0.0446708
0.0320313 0 0.0408701
0.0355271 0 0.00230017
0.0362653 0 0.0135904
0.0913095 0 0.0271254
0.0911134 0 0.0255127
0.0897541 0 0.026987
0.087704 0 0.0575101
0.0782121 0 0.0233728
0.0515308 0 0.0477658
0.00510042 0 0.0795655
0.0610063 0 0.0916
0.0347817 0 0.0653197
0.0109666 0 0.0765919
0.011683 0 0.0777921
0.0854102 0 0.0308346
0.0864093 0 0.0304445
0.0200326 0 0.0871245
0.0845125 0 0.0585181
0.0370986 0 0.0163761
0.0132805 0 0.051366
0.0123658 0 0.0970845
0.0344232 0 0.00999561
0.0859919 0 0.0385249
0.0874864 0 0.0384759
0.0870306 0 0.0369204
0.0960135 0 0.075782
0.0418775 0 0.0105927
0.0920325 0 0.00262381
0.00652353 0 0.0824281
0.0511185 0 0.0804565
0.0990268 0 0.0619077
0.0857726 0 0.0367855
0.0277433 0 0.0386366
0.0395714 0 0.00479265
0.03422 0 0.0109308
0.0801142 0 0.0547055
0.0395194 0 0.00115249
0.0518745 0 0.069595
0.093169 0 0.0185491
0.0815445 0 0.093938
0.0813974 0 0.0952949
0.0459785 0 0.0807456
0.0774672 0 0.0251877
0.00250307 0 0.0924619
0.0471346 0 0.0183335
0.0478511 0 0.0806814
0.0929269 0 0.026579
0.0674163 0 0.0610336
0.0468543 0 0.0792277
0.0549273 0 0.0313411
0.0318473 0 0.0787167
0.0528167 0 0.0234672
0.0753619 0 0.0226344
0.0592218 0 0.0379596
0.0930694 0 0.0915176
0.0977773 0 0.0186762
0.0490595 0 0.0475511
0.0349139 0 0.0847385
0.0897265 0 0.00206244
0.0775931 0 0.0814127
0.0897389 0 0.0738486
0.0883534 0 0.0751132
0.0896423 0 0.0752947
0.0714262 0 0.0580585
0.0132827 0 0.0296026
0.00724336 0 0.0131934
0.0564338 0 0.0262392
0.0426467 0 0.0196049
0.0861157 0 0.0441513
0.0795158 0 0.0609777
0.0459728 0 0.0851757
0.0145079 0 0.0524558
0.0790571 0 0.0263648
0.0514452 0 0.0456746
0.0860673 0 0.0835537
0.0348679 0 0.0240942
0.0798201 0 0.0515065
0.0559779 0 0.0323235
0.0254737 0 0.0567106
0.0668886 0 0.0931263
0.0737825 0 0.0651155
0.0587221 0 0.0737513
0.0932739 0 0.060174
0.0945654 0 0.0592924
0.0897018 0 0.0710426
0.0380817 0 0.0501772
0.0404311 0 0.0852428
0.0947721 0 0.0904791
0.0150526 0 0.0930319
0.086162 0 0.0325951
0.0363389 0 0.000904868
0.08276 0 0.00629799
0.0528981 0 0.0978251
0.0592924 0 0.0156278
0.0594339 0 0.0140237
0.0605707 0 0.015697
0.0469736 0 0.0656454
0.0428899 0 0.0144086
0.0441758 0 0.0158986
0.0299934 0 0.0348993
0.0514792 0 0.00954095
0.00626241 0 0.00950097
0.0495009 0 0.00073665
0.0712812 0 0.0253699
0.0759206 0 0.0544359
0.0493297 0 0.023414
0.00592846 0 0.0950851
0.00452037 0 0.0960596
0.0079491 0 0.0456058
0.0267385 0 0.0218829
0.0171916 0 0.0814161
0.0319116 0 0.0642408
0.0548433 0 0.0721048
0.0567741 0 0.0715538
0.0408961 0 0.0972911
0.0426081 0 0.0367029
0.0940827 0 0.05819
0.0961855 0 0.0132777
0.084214 0 0.0549079
0.0327286 0 0.0356719
0.00241855 0 0.0379457
0.0459121 0 0.0731967
0.0308406 0 0.0138576
0.0918585 0 0.0154296
0.0884548 0 0.0974709
0.0531468 0 0.0761983
0.00695646 0 0.0613444
0.0515798 0 0.0611128
0.0423296 0 0.0211423
0.0639679 0 0.0233417
0.062958 0 0.0238087
0.0978923 0 0.0141798
0.031558 0 0.000849769
0.0876177 0 0.0396681
0.0157266 0 0.00280842
0.0330545 0 0.075996
0.0768019 0 0.0804639
0.0460414 0 0.0563131
0.0460134 0 0.0881986
0.0561737 0 0.0301617
0.0207385 0 0.0782798
0.0781295 0 0.0869808
0.0771781 0 0.0888409
0.04096 0 0.0518611
0.072878 0 0.0795322
0.0502817 0 0.0705066
0.0110644 0 0.033554
0.0821243 0 0.044099
0.0813306 0 0.0134273
0.0354923 0 0.0270282
0.0991159 0 0.0487896
0.0478393 0 0.0151591
0.0574174 0 0.0861347
0.0579091 0 0.085016
0.0631306 0 0.0672139
0.0521568 0 0.0469298
0.063677 0 0.054689
0.0887873 0 0.000820648
0.0881071 0 0.00268779
0.0159391 0 0.0991173
0.0147139 0 0.0989993
0.0160047 0 0.0972544
0.00950271 0 0.0954571
0.0282374 0 0.0764065
0.00353001 0 0.0107406
0.0611179 0 0.0316387
0.0640527 0 0.0977765
0.0120386 0 0.0423754
0.0350962 0 0.0372412
0.017319 0 0.0391652
0.0158946 0 0.0384714
0.0585744 0 0.080856
0.00189765 0 0.0722636
0.0225744 0 0.0731937
0.0243532 0 0.0729878
0.0700414 0 0.0960761
0.0621216 0 0.0181996
0.000794984 0 0.0214268
0.0562112 0 0.0113339
0.0342816 0 0.0912968
0.0918512 0 0.0670684
0.0687137 0 0.0628723
0.034158 0 0.0635892
0.0853177 0 0.0591959
0.0224131 0 0.08255
0.0337169 0 0.0873322
0.0888338 0 0.0232038
0.0881301 0 0.0240409
0.0693782 0 0.0252959
0.0646737 0 0.0619633
0.0140057 0 0.08911
0.00741588 0 0.072618
0.00825336 0 0.073091
0.0514724 0 0.043416
0.0856126 0 0.0401193
0.0406718 0 0.0619934
0.0413359 0 0.0631152
0.0959219 0 0.0917607
0.082461 0 0.0584832
0.076667 0 0.0955579
0.0753693 0 0.018348
0.050105 0 0.00245345
0.0812459 0 0.0217022
0.00696645 0 0.0676961
0.0815884 0 0.0428093
0.0213448 0 0.0818368
0.0218185 0 0.0807549
0.0657708 0 0.00726791
0.015411 0 0.000860071
0.0723393 0 0.0949742
0.0175072 0 0.0193518
0.0328065 0 0.0197599
0.0603399 0 0.0403676
0.0375154 0 0.0885673
0.0368156 0 0.089177
0.0490816 0 0.0198307
0.090979 0 0.0864937
0.0829704 0 0.0469426
0.0850102 0 0.018104
0.0291116 0 0.0481919
0.0530384 0 0.0139109
0.0531227 0 0.00831509
0.00589217 0 0.0847513
0.085487 0 0.00684278
0.0565224 0 0.0194118
0.0330845 0 0.0305645
0.0327774 0 0.0294878
0.0568196 0 0.040215
0.0565295 0 0.0383364
0.00561593 0 0.0477538
0.00506833 0 0.0463062
0.0472616 0 0.0991123
0.00528935 0 0.0748302
0.0870242 0 0.0237941
0.0193671 0 0.0368245
0.0334884 0 0.0956534
0.0639934 0 0.0309071
0.0413698 0 0.0489799
0.0722349 0 0.0864353
0.0550995 0 0.0393096
0.0347751 0 0.0229328
0.0360049 0 0.0226288
0.0356477 0 0.021358
0.0385893 0 0.0216988
0.0358029 0 0.0839929
0.0748245 0 0.0842012
0.0234829 0 0.0898527
0.0231929 0 0.088733
0.0241872 0 0.0881189
0.0197312 0 0.000898939
0.0210547 0 0.00219263
0.0788425 0 0.081107
0.0515344 0 0.0307524
0.0956008 0 0.0524181
0.00612699 0 0.0558611
0.0259502 0 0.0598335
0.035573 0 0.0688683
0.0678458 0 0.0723983
0.0279874 0 0.042683
0.0164523 0 0.0433483
0.00970061 0 0.0990475
0.0404025 0 0.0817587
0.0732625 0 0.0826271
0.0784859 0 0.0720861
0.0133536 0 0.0940415
0.0361503 0 0.0288344
0.0277148 0 0.0144677
0.0485437 0 0.0978022
0.0501422 0 0.0463341
0.0116616 0 0.0856633
0.0118094 0 0.0126265
0.0944042 0 0.0922001
0.0802281 0 0.0954384
0.0794056 0 0.0961193
0.0710733 0 0.0739086
0.00674621 0 0.0882134
0.00806914 0 0.0832086
0.0486094 0 0.094319
0.0495338 0 0.0949688
0.0505552 0 0.0937205
0.095026 0 0.0240087
0.0963412 0 0.0242861
0.0808074 0 0.0390446
0.00202075 0 0.033068
0.069967 0 0.0101936
0.0821981 0 0.0121265
0.084513 0 0.0825118
0.0990927 0 0.00485027
0.0418612 0 0.0670571
0.0548842 0 0.0841409
0.01347 0 0.0436423
0.0118714 0 0.04378
0.0132708 0 0.0425109
0.0189717 0 0.0818996
0.0788296 0 0.0370134
0.0807631 0 0.0367907
0.0313122 0 0.0729147
0.033027 0 0.00768232
0.0759927 0 0.0794785
0.0910589 0 0.00829813
0.0902708 0 0.00952975
0.0894301 0 0.00798643
0.048195 0 0.0401186
0.00921342 0 0.0790221
0.0918365 0 0.019035
0.0791225 0 0.027731
0.00341168 0 0.0317237
0.0587562 0 0.0418625
0.0576331 0 0.040974
0.038168 0 0.0905883
0.0222495 0 0.0923311
0.0226326 0 0.0934238
0.0673681 0 0.0946726
0.0682749 0 0.096111
0.0671881 0 0.0966649
0.0303912 0 0.046684
0.0139141 0 0.0908267
0.0130455 0 0.0921009
0.065407 0 0.0334879
0.0837795 0 0.0606086
0.0878562 0 0.0839605
0.0439772 0 0.0390193
0.0757714 0 0.0849204
0.00587771 0 0.044752
0.0382835 0 0.0767484
0.0820658 0 0.0602843
0.0637793 0 0.014918
0.094954 0 0.0275591
0.0504859 0 0.00946528
0.0934246 0 0.00622685
0.00951142 0 0.0514167
0.00621799 0 0.0865127
0.00382508 0 0.081821
0.0165968 0 0.0734691
0.0169432 0 0.0696889
0.0155547 0 0.0715851
0.0256772 0 0.0766233
0.047601 0 0.0949614
0.0673612 0 0.000875257
0.0814477 0 0.0888645
0.0425579 0 0.0748189
0.0840294 0 0.0730512
0.00679302 0 0.0472756
0.00828631 0 0.0471251
0.044129 0 0.0774792
0.0305494 0 0.0198926
0.0218262 0 0.0564955
0.0127087 0 0.0736843
0.0915676 0 0.0590266
0.0905433 0 0.0637224
0.0229862 0 0.0616754
0.0557421 0 0.0516315
0.0565683 0 0.053139
0.0110264 0 0.0455982
0.0904392 0 0.0590145
0.0921741 0 0.0517162
0.0719543 0 0.018415
0.0491482 0 0.0215694
0.0611924 0 0.0848589
0.0381022 0 0.0533069
0.0558997 0 0.0584868
0.0440259 0 0.0313995
0.0143089 0 0.00906441
0.0847129 0 0.0907274
0.0766636 0 0.0646099
0.0769148 0 0.0656178
0.0909598 0 0.0304985
0.0257191 0 0.0903701
0.0247417 0 0.0910927
0.032173 0 0.0829578
0.0595453 0 0.00438856
0.0222847 0 0.0776317
0.0402431 0 0.0676532
0.0386843 0 0.0665217
0.0399196 0 0.0659678
0.0329838 0 0.0346533
0.020878 0 0.0724725
0.0869015 0 0.01149
0.0601248 0 0.0800259
0.0752772 0 0.0296981
0.0246962 0 0.0215695
0.0242074 0 0.0236431
0.025755 0 0.022701
0.0911689 0 0.0139756
0.087967 0 0.0521224
0.0900761 0 0.0797717
0.00349527 0 0.000707872
0.0796722 0 0.00835671
0.0781756 0 0.00922748
0.0182411 0 0.0875267
0.0656706 0 0.0760715
0.0111857 0 0.0592093
0.0121263 0 0.0602942
0.010382 0 0.0609577
0.0290739 0 0.0185761
0.0652901 0 0.000861575
0.0129748 0 0.0241513
0.0152104 0 0.0150971
0.074874 0 0.0688421
0.0531505 0 0.0797648
0.0618602 0 0.00575976
0.0637548 0 0.00622805
0.059187 0 0.000844779
0.059784 0 0.00245639
0.0401594 0 0.043898
0.0287907 0 0.00756388
0.0630316 0 0.0743856
0.0643634 0 0.0885483
0.0634365 0 0.0875959
0.060048 0 0.012526
0.00376931 0 0.0667636
0.00495478 0 0.0679078
0.00703853 0 0.0381203
0.0209769 0 0.0546502
0.0259463 0 0.0608798
0.0272576 0 0.0610448
0.0673113 0 0.0991019
0.0479484 0 0.048034
0.0328578 0 0.0791797
0.0830897 0 0.0565326
0.0622633 0 0.0224053
0.0674397 0 0.0127352
0.058281 0 0.0944942
0.0685582 0 0.00974881
0.0633967 0 0.0607662
0.0607588 0 0.0362456
0.0226489 0 0.0979507
0.0211338 0 0.0593872
0.0344596 0 0.0579968
0.071091 0 0.0150058
0.0478262 0 0.0134222
0.0310518 0 0.0454227
0.038698 0 0.0897444
0.0915641 0 0.028104
0.0441024 0 0.0737651
0.0491752 0 0.0716193
0.0751528 0 0.0860603
0.0075247 0 0.00969462
0.0383844 0 0.0516569
0.015147 0 0.0801057
0.0398086 0 0.0736521
0.0475059 0 0.0025625
0.00309315 0 0.0446139
0.0316808 0 0.0718793
0.00219087 0 0.0642969
0.0351838 0 0.0280579
0.0252775 0 0.0735811
0.0929114 0 0.0566516
0.0288556 0 0.0826911
0.0897709 0 0.04754
0.0509484 0 0.0844635
0.0425552 0 0.0575959
0.0233257 0 0.0947745
0.0245633 0 0.0942435
0.0251062 0 0.0958737
0.0503335 0 0.0577168
0.0486321 0 0.078771
0.0495703 0 0.0589483
0.0495282 0 0.0773398
0.0422629 0 0.0917389
0.0440937 0 0.0476122
0.0427365 0 0.0479604
0.0395047 0 0.0632781
0.0217384 0 0.0269485
0.00560101 0 0.0164991
0.0946745 0 0.0743371
0.051566 0 0.000853195
0.0846972 0 0.0206013
0.0229697 0 0.0150062
0.0237103 0 0.0130967
0.0241052 0 0.0143336
0.045802 0 0.0961177
0.0126629 0 0.0312439
0.0142924 0 0.0306086
0.0857043 0 0.0989749
0.0782204 0 0.0948313
0.0757223 0 0.0813525
0.0218406 0 0.0165655
0.0868884 0 0.0811991
0.0190776 0 0.0793996
0.0689455 0 0.0153165
0.073573 0 0.0574448
0.0990622 0 0.0433608
0.00237129 0 0.0701271
0.0473061 0 0.069501
0.00774435 0 0.0163336
0.00806684 0 0.0148065
0.0577444 0 0.0649322
0.0591832 0 0.0639155
0.0457551 0 0.0412861
0.0858772 0 0.0668464
0.0829085 0 0.0449708
0.03958 0 0.0146482
0.0413786 0 0.0136806
0.0499184 0 0.00520938
0.0261916 0 0.00219412
0.0589585 0 0.0626988
0.0715863 0 0.0845673
0.0714362 0 0.0265236
0.091719 0 0.048266
0.0718225 0 0.0719464
0.0720353 0 0.0704275
0.0566996 0 0.0601926
0.0548187 0 0.0599304
0.0734555 0 0.00401159
0.0530516 0 0.087007
0.0323784 0 0.0990572
0.0196505 0 0.0766513
0.00616996 0 0.0793535
0.0919965 0 0.0991457
0.0932542 0 0.0977456
0.0458763 0 0.00387908
0.0916571 0 0.0975997
0.00622753 0 0.00317903
0.0833564 0 0.0841426
0.0715189 0 0.0449595
0.070442 0 0.0433134
0.00372112 0 0.0954269
0.0505137 0 0.0354264
0.0147041 0 0.0339862
0.0912136 0 0.0509367
0.091665 0 0.0500292
0.0496546 0 0.0907779
0.0493353 0 0.0492005
0.0497331 0 0.081095
0.098058 0 0.020484
0.0423248 0 0.0421158
0.0765118 0 0.00237776
0.0871837 0 0.0724265
0.0469001 0 0.0249106
0.0575292 0 0.093737
0.0692244 0 0.0222391
0.0475036 0 0.023951
0.0802142 0 0.0280346
0.0817038 0 0.0269736
0.0677372 0 0.0911428
0.0352615 0 0.0171255
0.0340374 0 0.015657
0.0127931 0 0.0829537
0.0137467 0 0.0814414
0.0191734 0 0.0597503
0.0205703 0 0.0608139
0.0116887 0 0.0226347
0.00536835 0 0.0320404
0.0620015 0 0.0170483
0.0706921 0 0.084239
0.0649175 0 0.0671244
0.0899746 0 0.032261
0.0882979 0 0.0724804
0.0873821 0 0.034188
0.0562401 0 0.045624
0.0548733 0 0.0464733
0.065739 0 0.0425347
0.0245811 0 0.0656652
0.0378063 0 0.00572551
0.0562287 0 0.0991302
0.0214914 0 0.00913133
0.0399856 0 0.0747125
0.0558511 0 0.0282846
0.0307261 0 0.0320151
0.084443 0 0.0565027
0.0235966 0 0.0336077
0.0404328 0 0.068808
0.0407938 0 0.0701129
0.0390371 0 0.0694004
0.0328938 0 0.021695
0.0831154 0 0.0897102
0.0983799 0 0.0107127
0.00729072 0 0.086378
0.00486593 0 0.0877662
0.0632393 0 0.00511039
0.039631 0 0.072154
0.0171989 0 0.0825925
0.0238244 0 0.086946
0.0218515 0 0.0865066
0.0227223 0 0.0857641
0.0903602 0 0.0415389
0.091751 0 0.0410735
0.092152 0 0.0422887
0.0750202 0 0.0991648
0.0336781 0 0.0168431
0.0730385 0 0.00199472
0.00228866 0 0.00359436
0.0266368 0 0.0466688
0.0278948 0 0.0453494
0.0933895 0 0.077596
0.098293 0 0.0974314
0.0530492 0 0.0553582
0.0201154 0 0.0806555
0.0414377 0 0.0847727
0.0652106 0 0.0308077
0.0689469 0 0.0402552
0.00437748 0 0.0756293
0.0221562 0 0.0793503
0.0975953 0 0.000807276
0.0864101 0 0.0605066
0.0726037 0 0.0817957
0.0714369 0 0.0823338
0.00416803 0 0.00918207
0.0496719 0 0.0929522
0.00759439 0 0.0784194
0.0109229 0 0.0871924
0.0826312 0 0.0486887
0.0329901 0 0.0845679
0.0800902 0 0.024135
0.0328694 0 0.045419
0.0337414 0 0.0648355
0.0360608 0 0.0917809
0.00348151 0 0.0937951
0.0698814 0 0.0850533
0.0709007 0 0.0657984
0.0859248 0 0.0499155
0.0213049 0 0.0884292
0.0595322 0 0.0782184
0.0260951 0 0.0207778
0.0239054 0 0.0278785
0.0382119 0 0.0162162
0.0291702 0 0.0947821
0.0283914 0 0.0942228
0.0131424 0 0.0844025
0.0639926 0 0.0290733
0.0829741 0 0.0343228
0.0408303 0 0.0718883
0.0293942 0 0.0856667
0.0838212 0 0.0871423
0.00829068 0 0.0427074
0.0975522 0 0.056679
0.0679699 0 0.0927255
0.0640767 0 0.00782189
0.0270577 0 0.0521433
0.00220564 0 0.0860914
0.0369297 0 0.0210705
0.0991373 0 0.0741729
0.0789211 0 0.0389535
0.0415771 0 0.0593862
0.0702632 0 0.0713269
0.0671623 0 0.0023664
0.044166 0 0.0018539
0.0429903 0 0.000915736
0.0921341 0 0.00903482
0.0930299 0 0.0106537
0.093207 0 0.00949169
0.0696005 0 0.07502
0.0706921 0 0.0750181
0.0731681 0 0.0237121
0.0186039 0 0.089639
0.0631863 0 0.0984609
0.0958959 0 0.0554357
0.0548813 0 0.044422
0.050321 0 0.0899135
0.0474741 0 0.0256514
0.0521234 0 0.0665404
0.0488574 0 0.00242253
0.0549719 0 0.0698154
0.0646829 0 0.00450372
0.0345784 0 0.00418401
0.0348311 0 0.00313069
0.096264 0 0.0416479
0.096747 0 0.0407946
0.0528254 0 0.000878911
0.0224862 0 0.0677872
0.0235717 0 0.0662123
0.0772569 0 0.0918388
0.0167012 0 0.0931849
0.0720227 0 0.0132196
0.0458679 0 0.0439947
0.0441377 0 0.0433294
0.0568506 0 0.0349792
0.0810243 0 0.069713
0.0816568 0 0.0680395
0.0627449 0 0.0800807
0.0418886 0 0.094725
0.0413619 0 0.095704
0.0400173 0 0.0950554
0.0497286 0 0.0652257
0.0138312 0 0.0723268
0.0834043 0 0.00905427
0.0819933 0 0.00931295
0.0901163 0 0.0153013
0.0307134 0 0.0048471
0.00567764 0 0.0895213
0.0140337 0 0.0767994
0.0114645 0 0.0746738
0.00955349 0 0.0740247
0.0103794 0 0.0732861
0.0103298 0 0.00651154
0.011151 0 0.00561187
0.0859545 0 0.035531
0.0870924 0 0.0355921
0.0515861 0 0.094923
0.048658 0 0.0189553
0.0867291 0 0.068495
0.0521882 0 0.0745131
0.0676874 0 0.0104282
0.0369337 0 0.035687
0.0720591 0 0.0325951
0.0379735 0 0.0745768
0.0585091 0 0.039843
0.0244094 0 0.00909776
0.0319313 0 0.0841417
0.0313859 0 0.0853743
0.0344465 0 0.000938769
0.0296697 0 0.0460531
0.0948909 0 0.0215318
0.0469389 0 0.035303
0.0903737 0 0.0355844
0.0951588 0 0.0306265
0.0345308 0 0.0185733
0.033823 0 0.0202036
0.0335031 0 0.0182725
0.00581966 0 0.0779717
0.00618094 0 0.0760395
0.0624045 0 0.0655377
0.05149 0 0.0814024
0.0681713 0 0.0857884
0.0197511 0 0.0568462
0.0180902 0 0.0755241
0.0741063 0 0.0565025
0.0605965 0 0.00702121
0.0783979 0 0.0292909
0.084738 0 0.060744
0.0871952 0 0.031039
0.0943944 0 0.00453171
0.0933802 0 0.0421468
0.00931073 0 0.045559
0.0549887 0 0.0757303
0.0486006 0 0.0820887
0.0952277 0 0.0336893
0.0143142 0 0.0199551
0.0291231 0 0.0779017
0.0287693 0 0.0796167
0.0613225 0 0.069546
0.0966142 0 0.0155035
0.0734553 0 0.0907848
0.0955921 0 0.0188401
0.00808171 0 0.0765747
0.00901537 0 0.0761219
0.00870271 0 0.0749344
0.0841931 0 0.053075
0.0310441 0 0.0496377
0.0620299 0 0.0911569
0.0286507 0 0.00315252
0.0278511 0 0.074417
0.0272394 0 0.0758657
0.00534634 0 0.0223564
0.0590203 0 0.0973153
0.035802 0 0.0626525
0.0370047 0 0.0611129
0.0520451 0 0.0195365
0.00770832 0 0.0178479
0.00720599 0 0.0189271
0.00471355 0 0.0710391
0.00467834 0 0.0720307
0.0863532 0 0.0122742
0.00904783 0 0.0418796
0.092992 0 0.0330479
0.051582 0 0.0991885
0.0947559 0 0.0692764
0.0578091 0 0.0956209
0.0379173 0 0.0193133
0.0920256 0 0.0695569
0.00683373 0 0.0622841
0.0835941 0 0.0259843
0.076635 0 0.0436274
0.049549 0 0.0510341
0.0710517 0 0.0341855
0.0831083 0 0.0218306
0.0144039 0 0.0786929
0.0246372 0 0.0450743
0.0746066 0 0.0213743
0.0854225 0 0.0766139
0.0800021 0 0.0189918
0.0807775 0 0.0174449
0.0809933 0 0.0185214
0.0109395 0 0.0979013
0.0430352 0 0.0800968
0.0901522 0 0.0694756
0.0904085 0 0.067755
0.00681839 0 0.0743742
0.0061836 0 0.0728377
0.0507724 0 0.0956587
0.00576257 0 0.0509781
0.0760465 0 0.0138622
0.0441126 0 0.0960625
0.0458329 0 0.0938875
0.0158453 0 0.0903843
0.0299703 0 0.0724805
0.0287161 0 0.0719933
0.0282483 0 0.0728847
0.0979934 0 0.00780671
0.00757167 0 0.0714812
0.0817198 0 0.09779
0.0205677 0 0.0195785
0.0357493 0 0.096054
0.0342729 0 0.0966285
0.0549626 0 0.0960096
0.0888835 0 0.0319153
0.0182435 0 0.0591763
0.0172484 0 0.057729
0.0368103 0 0.0956932
0.00345413 0 0.0790475
0.00438682 0 0.0787851
0.0514789 0 0.0656774
0.0476025 0 0.0389558
0.0693052 0 0.0171455
0.0703233 0 0.0177411
0.0709247 0 0.0168184
0.00670281 0 0.0591969
0.0746036 0 0.0932114
0.0558409 0 0.0931889
0.0355314 0 0.0146934
0.0607307 0 0.0275764
0.0504646 0 0.059857
0.0205702 0 0.0206277
0.012829 0 0.0538646
0.0682328 0 0.0162994
0.0679354 0 0.014552
0.0671626 0 0.0152442
0.0473752 0 0.0777236
0.047343 0 0.07618
0.0627312 0 0.0462033
0.000924819 0 0.0830914
0.0521276 0 0.0620902
0.00555591 0 0.0966749
0.0923005 0 0.0709818
0.00343991 0 0.00643058
0.0216414 0 0.0150355
0.0208093 0 0.0139136
0.0201354 0 0.0156076
0.0817748 0 0.0199093
0.033394 0 0.046845
0.0274572 0 0.0177629
0.00543181 0 0.0290094
0.0280899 0 0.0788732
0.0781311 0 0.0465206
0.0722162 0 0.0235658
0.0785144 0 0.0958014
0.031856 0 0.0481497
0.0428123 0 0.0316643
0.0848064 0 0.0170347
0.0862115 0 0.0179441
0.0148931 0 0.0465089
0.0505954 0 0.014908
0.0494272 0 0.0160441
0.0488251 0 0.0151093
0.025958 0 0.0425484
0.0300051 0 0.0765386
0.0552119 0 0.000829193
0.0473343 0 0.0290104
0.00797102 0 0.0647366
0.0195194 0 0.0974971
0.0484901 0 0.0422271
0.0503844 0 0.0418188
0.0495728 0 0.0410613
0.0725757 0 0.0748511
0.00738906 0 0.0658357
0.00834704 0 0.0665407
0.0193752 0 0.0246395
0.0703733 0 0.0475755
0.069359 0 0.0477082
0.0785221 0 0.0742874
0.0598318 0 0.0390431
0.048553 0 0.0618618
0.0502764 0 0.0620785
0.0496426 0 0.0606918
0.0517842 0 0.0965623
0.0958475 0 0.0383687
0.0655335 0 0.0206795
0.0860699 0 0.0166424
0.000841164 0 0.0852673
0.00220445 0 0.0843109
0.0308087 0 0.0181605
0.0897405 0 0.0975394
0.0919478 0 0.0652977
0.0666277 0 0.0334059
0.0653602 0 0.0321429
0.0879668 0 0.0948227
0.0566813 0 0.0757215
0.0559537 0 0.0741124
0.094621 0 0.0773837
0.0338362 0 0.0333887
0.010065 0 0.0403992
0.04733 0 0.00625393
0.0673313 0 0.0245927
0.0485437 0 0.0599064
0.0160997 0 0.0796867
0.0290686 0 0.0813534
0.0580383 0 0.0594112
0.0575029 0 0.0578712
0.0586288 0 0.057609
0.0730854 0 0.0931851
0.0745316 0 0.0257934
0.081352 0 0.0397617
0.0871246 0 0.0269244
0.0861212 0 0.025409
0.092384 0 0.0751944
0.0992679 0 0.0367364
0.0858286 0 0.0746847
0.0230236 0 0.0281672
0.0531446 0 0.0730399
0.0701433 0 0.0606454
0.0182052 0 0.00762576
0.0475012 0 0.0095673
0.0279359 0 0.016918
0.0592709 0 0.0253188
0.058904 0 0.0242719
0.0576164 0 0.0245248
0.0602462 0 0.0907186
0.0837904 0 0.0247544
0.0385936 0 0.0151882
0.0374124 0 0.0691532
0.0213029 0 0.00720121
0.0138169 0 0.0314287
0.0924584 0 0.0724519
0.0935901 0 0.0724725
0.0618549 0 0.061147
0.0503954 0 0.0111307
0.0912127 0 0.0958425
0.00245662 0 0.0530189
0.0269651 0 0.0324049
0.099163 0 0.009045
0.0979014 0 0.00938064
0.0467311 0 0.0898009
0.0667072 0 0.0741702
0.0923661 0 0.0171594
0.0607209 0 0.058163
0.0548217 0 0.0377936
0.0622942 0 0.0770326
0.0531144 0 0.0741859
0.0907009 0 0.0456632
0.0109071 0 0.0825598
0.0969255 0 0.0596847
0.00609283 0 0.0427989
0.00972773 0 0.0484059
0.0258654 0 0.0720184
0.0274761 0 0.0711535
0.000785948 0 0.055484
0.0990998 0 0.0356749
0.0101221 0 0.0133128
0.00828283 0 0.0137479
0.00999996 0 0.0143013
0.0653262 0 0.00273491
0.0659337 0 0.00188336
0.0483931 0 0.00626731
0.0483831 0 0.00785682
0.0586314 0 0.0838089
0.0596869 0 0.0843666
0.0590472 0 0.0826943
0.0557954 0 0.0414826
0.0440663 0 0.0699046
0.0210308 0 0.0965888
0.04582 0 0.031453
0.0497169 0 0.0300995
0.0504156 0 0.0308667
0.0329901 0 0.0574236
0.0008308 0 0.0238087
0.00693442 0 0.0239277
0.0717177 0 0.0518095
0.0759536 0 0.027873
0.00983251 0 0.0771165
0.0905694 0 0.0845712
0.0272701 0 0.0341552
0.00574271 0 0.0696478
0.0842603 0 0.0463423
0.0886231 0 0.065616
0.0812774 0 0.00725505
0.0647026 0 0.0212763
0.0787749 0 0.0456808
0.0221323 0 0.00629287
0.0232265 0 0.0070376
0.0644133 0 0.0279222
0.0716485 0 0.0315504
0.0721175 0 0.0296848
0.0725952 0 0.0307887
0.0604719 0 0.0816328
0.0922465 0 0.0575388
0.0149089 0 0.022582
0.0505663 0 0.0822525
0.0114954 0 0.0932072
0.0109064 0 0.0947873
0.0717972 0 0.0486494
0.00999907 0 0.0966434
0.0625332 0 0.0882994
0.0373143 0 0.0753374
0.0663693 0 0.0777056
0.0814911 0 0.0281836
0.0706359 0 0.0872515
0.0840432 0 0.0235791
0.0852711 0 0.0237937
0.0855593 0 0.0225205
0.0851863 0 0.0249575
0.0744852 0 0.0350905
0.0303712 0 0.00739439
0.0320646 0 0.0232312
0.0301008 0 0.0495436
0.0623403 0 0.0433255
0.0184153 0 0.0708915
0.00472649 0 0.0247321
0.00347366 0 0.0247887
0.00357653 0 0.0231936
0.0342251 0 0.0712595
0.066957 0 0.0229648
0.0664453 0 0.024951
0.0458619 0 0.0367558
0.0931169 0 0.0387246
0.0143301 0 0.0899721
0.0991838 0 0.0322685
0.0753459 0 0.0456889
0.00965399 0 0.000840662
0.0662262 0 0.000858283
0.0124975 0 0.00077989
0.016941 0 0.0319789
0.0206608 0 0.0220575
0.0217304 0 0.0220448
0.0188319 0 0.0525201
0.0583425 0 0.0796217
0.0690655 0 0.0971797
0.0255666 0 0.0301559
0.0548421 0 0.0674958
0.0791912 0 0.0790417
0.0354917 0 0.06156
0.013807 0 0.013648
0.0885696 0 0.0852347
0.0578529 0 0.0719288
0.0736283 0 0.0592141
0.0746552 0 0.060735
0.0746436 0 0.0593208
0.0245113 0 0.0549217
0.0954968 0 0.0650633
0.0958257 0 0.0668085
0.0964029 0 0.065707
0.0532293 0 0.00385338
0.0115942 0 0.0173586
0.0104217 0 0.0173609
0.0508527 0 0.0445192
0.030695 0 0.095552
0.059267 0 0.0854714
0.0678297 0 0.0427009
0.0566073 0 0.0926456
0.000819539 0 0.0533962
0.0782533 0 0.0522274
0.0362911 0 0.0791049
0.0256192 0 0.00346707
0.0251208 0 0.00451647
0.0269989 0 0.00406638
0.0845236 0 0.0751626
0.0830337 0 0.0745116
0.023212 0 0.0449571
0.0406636 0 0.00589271
0.0513093 0 0.0112798
0.0637459 0 0.0736252
0.0618234 0 0.0727305
0.0327679 0 0.0494915
0.0395901 0 0.0213147
0.0396368 0 0.0201044
0.0407353 0 0.0199197
0.0810598 0 0.0530657
0.0259973 0 0.0746504
0.00802944 0 0.0979531
0.0631736 0 0.0596942
0.0179768 0 0.0381288
0.0270854 0 0.0876076
0.0254336 0 0.0873892
0.0259477 0 0.0886154
0.0495179 0 0.0530142
0.0247684 0 0.0690562
0.0529849 0 0.0849472
0.00660114 0 0.0536959
0.0790798 0 0.069627
0.079593 0 0.0706005
0.0705191 0 0.0409982
0.0023224 0 0.0280205
0.0806517 0 0.0687377
0.088147 0 0.0295045
0.0151328 0 0.0262382
0.0149086 0 0.0246681
0.0165335 0 0.0251393
0.0978253 0 0.0409927
0.0496934 0 0.0391796
0.0484216 0 0.0379303
0.0496847 0 0.0678069
0.0503433 0 0.0383517
0.0485668 0 0.0666474
0.0393498 0 0.0577489
0.00578756 0 0.0202475
0.0519731 0 0.0319872
0.0178232 0 0.0354487
0.0114997 0 0.00278415
0.00749663 0 0.0316898
0.0532077 0 0.0279398
0.0205459 0 0.0166102
0.00372285 0 0.047291
0.0345963 0 0.031729
0.0764152 0 0.0293004
0.0158188 0 0.093565
0.0776745 0 0.0448726
0.0270521 0 0.0273951
0.0171127 0 0.0792699
0.0561565 0 0.0430823
0.0939542 0 0.029158
0.0840681 0 0.0957721
0.0973505 0 0.053387
0.0992004 0 0.0532998
0.0532555 0 0.0960745
0.00650875 0 0.0277781
0.0799791 0 0.0530971
0.0746982 0 0.0232724
0.0573339 0 0.0287767
0.057729 0 0.0278368
0.0952161 0 0.0601748
0.0653314 0 0.0376966
0.0250551 0 0.0783941
0.00802782 0 0.0503902
0.046917 0 0.062034
0.0458592 0 0.0181784
0.00566241 0 0.0665862
0.0457013 0 0.0521357
0.0340864 0 0.0854467
0.0330154 0 0.0865707
0.0605488 0 0.0725814
0.0602513 0 0.0735928
0.0924585 0 0.0839425
0.0914072 0 0.0854047
0.0881756 0 0.0887312
0.0883351 0 0.0898815
0.0897918 0 0.0895712
0.0484417 0 0.0899817
0.000830584 0 0.0709347
0.0624018 0 0.00391872
0.00939201 0 0.0662449
0.0709225 0 0.0102218
0.0709003 0 0.072126
0.0441763 0 0.024584
0.0203284 0 0.0110388
0.0231436 0 0.00287775
0.0220357 0 0.0435493
0.0980348 0 0.0624045
0.0580573 0 0.0447897
0.0383475 0 0.0597583
0.00482485 0 0.0452626
0.00954927 0 0.0157211
0.00527558 0 0.0372097
0.0628272 0 0.0636896
0.0135335 0 0.0257091
0.0100005 0 0.0183267
0.00900799 0 0.0899867
0.0385284 0 0.0947846
0.0384332 0 0.0960755
0.0487919 0 0.0350929
0.0696766 0 0.0934558
0.0858227 0 0.0619904
0.00829078 0 0.0360867
0.0803473 0 0.0115018
0.0892723 0 0.0506787
0.0724274 0 0.0455727
0.0738476 0 0.0463257
0.0742083 0 0.04511
0.0482283 0 0.0541157
0.076141 0 0.00436876
0.0762959 0 0.0730902
0.0440273 0 0.0853901
0.0385457 0 0.0647637
0.0386012 0 0.0637408
0.0734243 0 0.0245914
0.0657243 0 0.0235464
0.0713687 0 0.0619184
0.0114867 0 0.0308227
0.0941614 0 0.0673356
0.0933407 0 0.0683845
0.0500536 0 0.017836
0.0734468 0 0.0111534
0.0118575 0 0.0393038
0.0193351 0 0.0683569
0.00566898 0 0.0607869
0.0617837 0 0.0390311
0.00250916 0 0.096944
0.0330819 0 0.0601346
0.0318046 0 0.0674783
0.0516296 0 0.0370893
0.027204 0 0.0948676
0.0224035 0 0.0953345
0.0413788 0 0.0746777
0.0135378 0 0.078601
0.0747987 0 0.0439648
0.0263393 0 0.025727
0.0856254 0 0.0461064
0.0680237 0 0.0467065
0.0664633 0 0.0455236
0.0137075 0 0.0826278
0.0629338 0 0.0753153
0.0484753 0 0.0580149
0.050105 0 0.0140941
0.083163 0 0.0495224
0.0652198 0 0.0416991
0.0189764 0 0.013263
0.018524 0 0.0121428
0.020065 0 0.0130872
0.0651295 0 0.0946062
0.0515073 0 0.0187945
0.0169973 0 0.0620657
0.0910929 0 0.0336299
0.023313 0 0.00983585
0.00973436 0 0.0201423
0.0376222 0 0.0668257
0.0504408 0 0.000888719
0.0594174 0 0.0668182
0.0585775 0 0.0677432
0.0411961 0 0.0611302
0.0644549 0 0.0851593
0.0643228 0 0.0837529
0.0629504 0 0.0841581
0.0291542 0 0.0707675
0.0307311 0 0.0712246
0.0182501 0 0.0499359
0.0652607 0 0.0864496
0.0824011 0 0.0524123
0.0156245 0 0.0104419
0.0531713 0 0.0719628
0.0951414 0 0.0990621
0.0961909 0 0.0990562
0.0948733 0 0.0979218
0.0166234 0 0.0402932
0.00192434 0 0.045994
0.0200946 0 0.0844901
0.00447669 0 0.0073774
0.0116986 0 0.0836726
0.030738 0 0.0364651
0.0421543 0 0.0153814
0.00390278 0 0.0837139
0.0153381 0 0.0587752
0.0147374 0 0.0570128
0.0157745 0 0.0570962
0.0190745 0 0.0544775
0.0505243 0 0.0400111
0.0493239 0 0.0887027
0.0237822 0 0.0359901
0.0954874 0 0.0496955
0.00905077 0 0.0644517
0.0345298 0 0.0752028
0.0351711 0 0.0737041
0.0165967 0 0.0920727
0.00227583 0 0.088973
0.00188953 0 0.0872472
0.0776138 0 0.0341952
0.0763854 0 0.03279
0.0779226 0 0.0330859
0.00380763 0 0.0428497
0.0294142 0 0.00893808
0.0497885 0 0.0722765
0.0475558 0 0.0892863
0.0475351 0 0.0573858
0.0825016 0 0.0801135
0.0299363 0 0.0418033
0.0577064 0 0.00825628
0.0165267 0 0.0141589
0.0765564 0 0.0574963
0.0381412 0 0.0202291
0.0686812 0 0.0674693
0.0520953 0 0.0421764
0.0674787 0 0.0874123
0.000857074 0 0.0927077
0.00809884 0 0.0212341
0.0246679 0 0.0863859
0.0681143 0 0.00287009
0.0687539 0 0.0044488
0.06949 0 0.00604211
0.0485887 0 0.0207004
0.0950956 0 0.00946135
0.096172 0 0.00887919
0.0600323 0 0.0284972
0.0629293 0 0.0133466
0.0628091 0 0.011663
0.0503953 0 0.06873
0.0565808 0 0.00244993
0.0548821 0 0.00341151
0.0442034 0 0.0116864
0.0376789 0 0.0836481
0.0609972 0 0.0446144
0.015319 0 0.02957
0.0348381 0 0.0826
0.0751894 0 0.0161963
0.0941298 0 0.0806719
0.0243729 0 0.0709431
0.0505453 0 0.0205458
0.0605673 0 0.00196125
0.00887099 0 0.0496185
0.00973553 0 0.0503407
0.0247245 0 0.0846884
0.0674304 0 0.0841346
0.0661675 0 0.0849403
0.0736675 0 0.0956168
0.0048495 0 0.0766986
0.0658626 0 0.00845868
0.0470849 0 0.0742917
0.0168377 0 0.054116
0.0425482 0 0.0252694
0.0469105 0 0.051025
0.0796827 0 0.0172804
0.0346739 0 0.049197
0.0357073 0 0.0498867
0.0348633 0 0.0510665
0.0697247 0 0.0458011
0.0336501 0 0.0745072
0.0978823 0 0.0782191
0.0388523 0 0.00632062
0.0116888 0 0.070587
0.0373904 0 0.018035
0.0616645 0 0.0802905
0.0624078 0 0.0509584
0.0812052 0 0.0873557
0.0849905 0 0.0517764
0.0175879 0 0.0260486
0.0017478 0 0.0955869
0.0402406 0 0.0638244
0.0944392 0 0.0321073
0.0939852 0 0.0302443
0.0469628 0 0.0822364
0.0637036 0 0.0706071
0.00472856 0 0.0363312
0.0406124 0 0.0601438
0.0399988 0 0.0586117
0.0584946 0 0.0602393
0.0721668 0 0.00257648
0.0241173 0 0.00435071
0.00186258 0 0.0391491
0.0432543 0 0.0630022
0.0919124 0 0.0237915
0.0573054 0 0.029677
0.093912 0 0.0716191
0.0729853 0 0.0835963
0.0857177 0 0.00919207
0.0476929 0 0.0796861
0.0441988 0 0.0829933
0.0475225 0 0.0173815
0.0490142 0 0.017912
0.0431478 0 0.0541412
0.027918 0 0.024822
0.0799109 0 0.0461082
0.0870964 0 0.0320684
0.0558433 0 0.0812004
0.0408755 0 0.03747
0.0294713 0 0.0656965
0.0281167 0 0.0644578
0.0293358 0 0.0642254
0.0442014 0 0.0523599
0.0740453 0 0.041612
0.0704293 0 0.00757286
0.0700988 0 0.00861155
0.0429334 0 0.0871465
0.0424809 0 0.0863547
0.0165739 0 0.0166708
0.0264705 0 0.0372767
0.0384501 0 0.0726628
0.0739513 0 0.0855
0.0397485 0 0.023139
0.0963637 0 0.0968699
0.041121 0 0.0150326
0.0531508 0 0.0257932
0.0513415 0 0.0257199
0.0117813 0 0.0105457
0.01031 0 0.00963111
0.00350462 0 0.0524894
0.0972799 0 0.00492414
0.0363432 0 0.0156132
0.0720342 0 0.0738626
0.0276303 0 0.0856323
0.0865254 0 0.0978094
0.0846783 0 0.0977533
0.0854801 0 0.0968627
0.0753893 0 0.0614706
0.0046842 0 0.027607
0.0473152 0 0.0311345
0.0358438 0 0.0546628
0.0173734 0 0.00908096
0.0428214 0 0.0769731
0.0497243 0 0.0877671
0.0813425 0 0.0588578
0.0750056 0 0.0421183
0.0888043 0 0.0193666
0.0685615 0 0.0572788
0.0687358 0 0.0582336
0.0392689 0 0.0711914
0.0509146 0 0.0568605
0.05094 0 0.0552832
0.0497827 0 0.0557376
0.029934 0 0.0682313
0.0822626 0 0.0167174
0.0832357 0 0.0165433
0.0079186 0 0.0194855
0.0990835 0 0.0696346
0.0870674 0 0.0596378
0.0498791 0 0.00692105
0.0531149 0 0.0378073
0.0966697 0 0.0635681
0.0664318 0 0.0274082
0.0664468 0 0.0260956
0.0679612 0 0.027085
0.0558472 0 0.0125077
0.0234688 0 0.024668
0.0702579 0 0.0616008
0.0713664 0 0.0628854
0.0907259 0 0.0767214
0.0832225 0 0.00798528
0.0441049 0 0.0503024
0.00848339 0 0.0685219
0.091253 0 0.0750629
0.0962909 0 0.079212
0.0880775 0 0.0452405
0.089674 0 0.045776
0.0892716 0 0.0442076
0.0145401 0 0.0254692
0.0935654 0 0.00507407
0.0651447 0 0.0222566
0.0231457 0 0.0462091
0.0981008 0 0.0483526
0.0699895 0 0.015936
0.0846857 0 0.0932255
0.0859577 0 0.0938573
0.0580883 0 0.00927693
0.0796232 0 0.0848901
0.0128611 0 0.0141226
0.0297003 0 0.0276955
0.0224109 0 0.0963665
0.0869957 0 0.0713473
0.0209288 0 0.0351813
0.0793951 0 0.0358865
0.0638684 0 0.0196467
0.0990837 0 0.071016
0.0569567 0 0.0558483
0.0658654 0 0.0290204
0.00224633 0 0.0436432
0.000788509 0 0.0445153
0.0244677 0 0.0738999
0.0558277 0 0.0185674
0.0947301 0 0.0503763
0.0701267 0 0.032476
0.0976512 0 0.0392542
0.0251883 0 0.0829751
0.0311807 0 0.0406458
0.0266511 0 0.0988017
0.0707595 0 0.0489467
0.096662 0 0.000761201
0.0957005 0 0.000734863
0.0979637 0 0.0803144
0.0370078 0 0.0658941
0.0788522 0 0.0913139
0.0337268 0 0.00939394
0.0210936 0 0.0800702
0.098185 0 0.00520053
0.0978844 0 0.00340233
0.0121177 0 0.0376509
0.098108 0 0.0634182
0.048928 0 0.0085301
0.0377642 0 0.0778835
0.0457052 0 0.0237582
0.0646529 0 0.055793
0.0602067 0 0.0963407
0.0876777 0 0.0857758
0.0149893 0 0.055107
0.0397256 0 0.0596073
0.024467 0 0.0352733
0.0735524 0 0.0358864
0.0914661 0 0.0224313
0.0951286 0 0.0366063
0.000805425 0 0.0147956
0.0847945 0 0.068917
0.0859255 0 0.0542032
0.0750079 0 0.0403915
0.0754777 0 0.0394434
0.00894331 0 0.0023493
0.0427959 0 0.011202
0.083307 0 0.0330637
0.0671441 0 0.0116648
0.0658053 0 0.0117968
0.0754231 0 0.0502079
0.046851 0 0.0272734
0.0568892 0 0.065588
0.0633304 0 0.0361987
0.038579 0 0.0737109
0.00176092 0 0.0799768
0.0344548 0 0.0793467
0.0992577 0 0.0104908
0.0458717 0 0.0211256
0.0430597 0 0.0786859
0.00311654 0 0.028706
0.0989632 0 0.0991065
0.0415663 0 0.0183595
0.0992816 0 0.0762967
0.0517726 0 0.0358327
0.0470384 0 0.0834137
0.0339161 0 0.0389733
0.0991684 0 0.0224901
0.039872 0 0.0569339
0.0388762 0 0.055754
0.0615758 0 0.0501537
0.0831645 0 0.0856972
0.0548049 0 0.00623958
0.0396524 0 0.0897515
0.0147914 0 0.053295
0.0663152 0 0.0219584
0.0921002 0 0.00376028
0.02833 0 0.091965
0.0299568 0 0.0912153
0.000842341 0 0.0424504
0.0890094 0 0.00257623
0.0661042 0 0.0722162
0.0663649 0 0.0732741
0.0361046 0 0.0186315
0.0519441 0 0.00274804
0.0531234 0 0.0018579
0.0485352 0 0.00412613
0.0227821 0 0.0351839
0.0218875 0 0.0345437
0.0506373 0 0.0734126
0.0372421 0 0.0451551
0.038306 0 0.0462433
0.0229862 0 0.0399691
0.0274229 0 0.0815545
0.0899387 0 0.0910402
0.0182774 0 0.0664053
0.0174746 0 0.0680658
0.0289714 0 0.000859958
0.0123318 0 0.0894677
0.0958439 0 0.0809381
0.0122712 0 0.0271556
0.0859003 0 0.000802542
0.0927307 0 0.0466683
0.0942927 0 0.0359513
0.0934834 0 0.0369235
0.0927905 0 0.050165
0.0965935 0 0.0251213
0.0283795 0 0.00643461
0.0488775 0 0.00709776
0.0888376 0 0.063837
0.0886476 0 0.0628921
0.089723 0 0.0640911
0.0786555 0 0.0882949
0.0805957 0 0.0863236
0.0794672 0 0.0867032
0.0796784 0 0.0878696
0.0571103 0 0.062144
0.0827251 0 0.0819108
0.00359913 0 0.0610708
0.0263498 0 0.0309009
0.0588475 0 0.0748288
0.0341149 0 0.080941
0.0350296 0 0.0809662
0.0571184 0 0.0688358
0.029844 0 0.06226
0.0800283 0 0.0627392
0.0811768 0 0.064319
0.080096 0 0.0641685
0.00341243 0 0.0411244
0.0601799 0 0.0832581
0.0642596 0 0.0657322
0.0603556 0 0.018371
0.042552 0 0.0083097
0.0891922 0 0.0468013
0.00250305 0 0.0231861
0.0369126 0 0.0932232
0.0962733 0 0.0624848
0.0531968 0 0.0488325
0.0510755 0 0.088637
0.0509953 0 0.0870752
0.0512563 0 0.0718016
0.08956 0 0.061203
0.0505866 0 0.0249588
0.0508625 0 0.0239725
0.0288809 0 0.084636
0.0799588 0 0.0718319
0.0940295 0 0.0964219
0.093084 0 0.0956565
0.0288962 0 0.0555326
0.0465208 0 0.0749817
0.0723139 0 0.0873557
0.0816263 0 0.0833867
0.0782424 0 0.00274853
0.00221761 0 0.0320989
0.0374887 0 0.022001
0.0369879 0 0.0901621
0.0101677 0 0.0815678
0.00935016 0 0.080834
0.0189355 0 0.0340154
0.0991422 0 0.049794
0.014138 0 0.0926743
0.0883887 0 0.058888
0.00967559 0 0.0583916
0.0602016 0 0.031085
0.0866337 0 0.00242584
0.0855295 0 0.00214512
0.0387348 0 0.0805702
0.0142193 0 0.074872
0.087379 0 0.0915548
0.0557099 0 0.0913291
0.0721501 0 0.0979352
0.0128668 0 0.0529234
0.0404907 0 0.0421736
0.0816186 0 0.0848665
0.0860579 0 0.0154251
0.0171796 0 0.0110494
0.0259868 0 0.0667671
0.0261941 0 0.0188858
0.0796775 0 0.00970825
0.0342269 0 0.00708272
0.0502504 0 0.00823234
0.0172971 0 0.0706814
0.093834 0 0.0835844
0.0930294 0 0.0821339
0.0944112 0 0.0817919
0.0326851 0 0.00277198
0.0326951 0 0.0749732
0.054892 0 0.0831065
0.0822448 0 0.0352082
0.0356469 0 0.0258672
0.061634 0 0.0481853
0.0965424 0 0.0376995
0.0399084 0 0.070498
0.0851073 0 0.057467
0.086316 0 0.0586038
0.0475523 0 0.0981721
0.0913867 0 0.054982
0.0772869 0 0.0535467
0.0370562 0 0.00278032
0.0548498 0 0.0181444
0.0311359 0 0.0330991
0.088206 0 0.0811585
0.03857 0 0.0263563
0.0878787 0 0.0417807
0.0399612 0 0.0543298
0.0356425 0 0.00475432
0.0421126 0 0.0202385
0.0885704 0 0.0380788
0.0886083 0 0.0366453
0.0975882 0 0.0720141
0.0969161 0 0.0712196
0.097366 0 0.0703042
0.0991479 0 0.0850176
0.0123515 0 0.0065118
0.0849144 0 0.06351
0.0105831 0 0.0380564
0.0754908 0 0.0485439
0.0502485 0 0.0158092
0.0266105 0 0.00844983
0.0665624 0 0.0296168
0.00362005 0 0.0124936
0.0531998 0 0.0455324
0.0442717 0 0.0191672
0.0916062 0 0.0100989
0.0637461 0 0.0330925
0.0927305 0 0.0769835
0.0547212 0 0.0973251
0.0941417 0 0.0111766
0.00896207 0 0.0328187
0.00749501 0 0.0334121
0.0689391 0 0.0704026
0.0068685 0 0.0845286
0.0867422 0 0.0228153
0.0071447 0 0.0207812
0.0245731 0 0.00192962
0.0404768 0 0.0941147
0.0936049 0 0.0244099
0.0134827 0 0.000860526
0.0688016 0 0.0444045
0.0692313 0 0.043235
0.0268603 0 0.0705507
0.0336496 0 0.0837474
0.0531836 0 0.0511662
0.0386278 0 0.0444629
0.0589364 0 0.0462614
0.0830135 0 0.0667549
0.0816469 0 0.0670712
0.0828407 0 0.0555994
0.0975914 0 0.0427514
0.0712015 0 0.0992626
0.0157689 0 0.0673519
0.0149875 0 0.0682818
0.0167011 0 0.0685539
0.0548556 0 0.0501508
0.0698147 0 0.0632849
0.07413 0 0.000815821
0.00926492 0 0.0719665
0.0639625 0 0.0567567
0.0621669 0 0.05709
0.0824188 0 0.0719683
0.0831161 0 0.073388
0.0688586 0 0.079091
0.0303633 0 0.0883906
0.0287949 0 0.0873886
0.0818926 0 0.000864104
0.0223414 0 0.0711919
0.0207112 0 0.0709564
0.0698961 0 0.0447521
0.0442022 0 0.0676212
0.0357548 0 0.0389367
0.00895039 0 0.0619004
0.0325568 0 0.0964887
0.00318299 0 0.0267715
0.0149075 0 0.0378864
0.0707033 0 0.0462605
0.0605466 0 0.0680495
0.0342004 0 0.0518724
0.0861883 0 0.096058
0.0872674 0 0.0964906
0.0877961 0 0.095648
0.0159305 0 0.044828
0.0739174 0 0.026899
0.0739315 0 0.0281643
0.0415696 0 0.0813312
0.0639499 0 0.0133645
0.0679451 0 0.0784227
0.0679095 0 0.0799505
0.0982165 0 0.0933027
0.0619059 0 0.0623178
0.0984671 0 0.000743483
0.0719654 0 0.046663
0.0243617 0 0.0930371
0.0130858 0 0.0659001
0.0547482 0 0.00818651
0.0632298 0 0.0992872
0.00467539 0 0.0821898
0.0934121 0 0.0494026
0.0300264 0 0.0479901
0.0962797 0 0.0123771
0.0623265 0 0.0090563
0.0760254 0 0.0147992
0.0311761 0 0.0302718
0.0430643 0 0.033209
0.0430717 0 0.035108
0.0105929 0 0.05824
0.0932049 0 0.0805408
0.0369599 0 0.0641613
0.0376257 0 0.0650841
0.0514084 0 0.00779144
0.0968961 0 0.0694396
0.0367922 0 0.0626473
0.0742934 0 0.0248268
0.0857841 0 0.0558415
0.0797358 0 0.0306521
0.0303138 0 0.0671139
0.0785115 0 0.0473017
0.0618887 0 0.0712539
0.0861036 0 0.0265521
0.0903842 0 0.0832856
0.0885724 0 0.0346089
0.0497349 0 0.0483287
0.044225 0 0.0170119
0.0284012 0 0.0862836
0.0106641 0 0.0352836
0.0887747 0 0.0665283
0.011136 0 0.0672639
0.0100728 0 0.0669118
0.032706 0 0.0718091
0.0324729 0 0.0701571
0.0231589 0 0.0319045
0.022282 0 0.0323135
0.0231748 0 0.0371154
0.0823059 0 0.0873276
0.00888726 0 0.0042874
0.0096673 0 0.00346866
0.0104343 0 0.00441237
0.0617657 0 0.0642209
0.0606207 0 0.0653382
0.0145881 0 0.0874303
0.0216032 0 0.0685742
0.0206317 0 0.0744968
0.0258865 0 0.00777172
0.0848878 0 0.0618879
0.0420752 0 0.033402
0.0949322 0 0.0382188
0.0340116 0 0.0440722
0.0992306 0 0.0247354
0.0239367 0 0.0324603
0.0851877 0 0.0784018
0.0274195 0 0.000788586
0.0475116 0 0.0842971
0.0477816 0 0.0826922
0.00526208 0 0.0390901
0.0856789 0 0.0800075
0.0860904 0 0.0791243
0.06324 0 0.041471
0.0514862 0 0.087845
0.052192 0 0.0713794
0.079325 0 0.0735499
0.0275751 0 0.0593237
0.0840669 0 0.0495661
0.0457683 0 0.0753685
0.0799984 0 0.0823413
0.0895955 0 0.0874834
0.0811907 0 0.0496108
0.0726897 0 0.0102506
0.0311509 0 0.0765443
0.0746916 0 0.0753853
0.0888892 0 0.0182403
0.0890037 0 0.0168133
0.0877893 0 0.0180764
0.0926634 0 0.0395045
0.0441864 0 0.0491787
0.0224507 0 0.0880465
0.0762792 0 0.0903632
0.00256189 0 0.065349
0.00826733 0 0.0253717
0.00699072 0 0.0043509
0.00626649 0 0.00497789
0.00541267 0 0.00458021
0.0373802 0 0.0990539
0.00972739 0 0.00174776
0.0766245 0 0.0100226
0.0748868 0 0.0241591
0.0187837 0 0.0511797
0.0271802 0 0.0415697
0.0470592 0 0.0370964
0.0703355 0 0.088145
0.0701945 0 0.089267
0.0562682 0 0.0765507
0.044125 0 0.00997754
0.00764848 0 0.0914172
0.0858691 0 0.0412268
0.042817 0 0.0673125
0.0618633 0 0.0552098
0.073775 0 0.023065
0.00818169 0 0.0588834
0.0338588 0 0.0982445
0.0638274 0 0.0967654
0.062596 0 0.0957764
0.0644912 0 0.0960555
0.000828923 0 0.0377594
0.0514489 0 0.0559799
0.0518872 0 0.0550656
0.0212907 0 0.00528143
0.087974 0 0.0695956
0.00210604 0 0.0825535
0.00680295 0 0.0803203
0.0888333 0 0.09219
0.0502852 0 0.0503353
0.0948951 0 0.0731189
0.0725912 0 0.0281232
0.0949542 0 0.0783134
0.090361 0 0.0925825
0.0896884 0 0.0919629
0.0711421 0 0.00182814
0.0397056 0 0.0251184
0.0403243 0 0.0259423
0.0932522 0 0.0218732
0.0431543 0 0.0261252
0.0457561 0 0.0391015
0.0532351 0 0.0653092
0.0439802 0 0.0911177
0.0601528 0 0.0436353
0.0676956 0 0.0818373
0.0992197 0 0.0577308
0.0114207 0 0.0717303
0.0126586 0 0.0705641
0.0711026 0 0.0223912
0.0896485 0 0.0955244
0.0431729 0 0.0590845
0.000729107 0 0.0060994
0.00826081 0 0.0561077
0.00777025 0 0.055166
0.00923354 0 0.0543387
0.0904798 0 0.0944056
0.0633333 0 0.0340641
0.0624701 0 0.0326079
0.0137171 0 0.00187527
0.0226051 0 0.00903249
0.068569 0 0.0380199
0.0657001 0 0.0585507
0.0650728 0 0.0593344
0.0640229 0 0.0588073
0.0511755 0 0.0530345
0.0978924 0 0.075456
0.0752163 0 0.0900991
0.0761873 0 0.0915131
0.0748119 0 0.0910031
0.0248768 0 0.0319939
0.000796445 0 0.0114134
0.0442144 0 0.00581695
0.0408394 0 0.0456654
0.00338494 0 0.0383835
0.0589481 0 0.0511822
0.0136183 0 0.0991778
0.0589201 0 0.028138
0.0338181 0 0.0778178
0.0679557 0 0.00394576
0.0859794 0 0.0868765
0.0429675 0 0.0069092
0.0259799 0 0.0822607
0.0251935 0 0.0811668
0.0335166 0 0.0269142
0.0335002 0 0.027956
0.0276955 0 0.0110897
0.0294127 0 0.0105523
0.0902276 0 0.0181245
0.0898855 0 0.0167189
0.0914793 0 0.0174698
0.0132969 0 0.0607107
0.0899246 0 0.0377265
0.0424532 0 0.0848974
0.0735005 0 0.070978
0.0925466 0 0.0125185
0.0917544 0 0.0132812
0.0991872 0 0.0172949
0.028603 0 0.0239531
0.0275388 0 0.022637
0.00623098 0 0.0959481
0.0263472 0 0.0505432
0.0881889 0 0.091561
0.0979022 0 0.0990716
0.0252005 0 0.00947936
0.0951911 0 0.0717086
0.0530861 0 0.0696446
0.0434238 0 0.0559303
0.0745655 0 0.0732293
0.056543 0 0.0438266
0.0562186 0 0.0446811
0.0307629 0 0.068758
0.0834795 0 0.0715924
0.0220102 0 0.053204
0.0580501 0 0.0204849
0.0874423 0 0.0155624
0.0370676 0 0.0851878
0.0560323 0 0.0963415
0.0457111 0 0.0631179
0.0796012 0 0.0598461
0.0721915 0 0.000787451
0.015862 0 0.0839488
0.057289 0 0.0175218
0.0423971 0 0.0547838
0.0411042 0 0.0313709
0.0415472 0 0.0324765
0.0728859 0 0.0373377
0.0729625 0 0.0389906
0.0734381 0 0.0380198
0.0371033 0 0.0736501
0.0149667 0 0.0171669
0.0477516 0 0.044883
0.0486443 0 0.0441224
0.0479128 0 0.0431195
0.0851076 0 0.0140802
0.0842256 0 0.0145369
0.0845441 0 0.0155291
0.0779516 0 0.00432518
0.0228852 0 0.0600229
0.0262414 0 0.0549399
0.0888817 0 0.028703
0.0547314 0 0.0137672
0.0369113 0 0.0118569
0.0360673 0 0.0116135
0.0358118 0 0.0107403
0.00183477 0 0.0816159
0.0597284 0 0.0529593
0.0611811 0 0.0592326
0.0201183 0 0.0789396
0.0655342 0 0.0705821
0.0642667 0 0.0697717
0.0651377 0 0.0689574
0.071545 0 0.0594801
0.0383724 0 0.0888331
0.0719533 0 0.0835683
0.0729061 0 0.0851052
0.0268548 0 0.0887334
0.0687499 0 0.0940395
0.0332808 0 0.0125577
0.0587442 0 0.0166037
0.0712778 0 0.0859861
0.081106 0 0.00610054
0.0115273 0 0.0095053
0.0252442 0 0.00578007
0.0971492 0 0.0194382
0.0339869 0 0.0559762
0.0332366 0 0.0565001
0.0776542 0 0.0277527
0.0720595 0 0.0674432
0.0318142 0 0.0574058
0.00322886 0 0.00314452
0.0108955 0 0.0199299
0.0565215 0 0.0271618
0.0290299 0 0.0402164
0.0875005 0 0.00577622
0.0726626 0 0.0902136
0.0616386 0 0.0899197
0.0146018 0 0.0439086
0.0778152 0 0.0146622
0.00655858 0 0.066808
0.0795865 0 0.080373
0.0992423 0 0.0655259
0.000752206 0 0.00494744
0.0355307 0 0.0801572
0.0487896 0 0.0839024
0.0967994 0 0.0447187
0.0327851 0 0.0485401
0.0991575 0 0.0450086
0.0992111 0 0.0459751
0.0579994 0 0.0561185
0.0576882 0 0.0544873
0.0645913 0 0.0454386
0.0699595 0 0.0371835
0.0977392 0 0.0916697
0.0912791 0 0.00734185
0.0294443 0 0.0992148
0.0731258 0 0.0220443
0.00232239 0 0.0495566
0.00352011 0 0.0500998
0.00327445 0 0.0512348
0.0705593 0 0.0505595
0.0223053 0 0.033387
0.0322729 0 0.0944538
0.0186283 0 0.0604748
0.0566916 0 0.0841519
0.0746605 0 0.0043498
0.0854649 0 0.0601211
0.0398617 0 0.0321494
0.0695691 0 0.0990837
0.0457472 0 0.0928683
0.0412176 0 0.085609
0.0414924 0 0.0864096
0.0505462 0 0.018849
0.0781455 0 0.0624996
0.0623257 0 0.0126879
0.0165153 0 0.0373108
0.0342319 0 0.0422674
0.0339045 0 0.0591473
0.0772027 0 0.0522634
0.0728753 0 0.0731808
0.0741151 0 0.0893815
0.088826 0 0.0571622
0.0596258 0 0.0652077
0.000727843 0 0.0653474
0.0548557 0 0.0710254
0.039554 0 0.0774618
0.00325026 0 0.0457961
0.02221 0 0.0504289
0.0225511 0 0.0512865
0.02352 0 0.0496731
0.0152267 0 0.0517667
0.0233662 0 0.0776924
0.0806488 0 0.0412003
0.0799338 0 0.0418837
0.0944172 0 0.0390982
0.0149542 0 0.0601232
0.0662472 0 0.0889508
0.0409646 0 0.010605
0.0399821 0 0.0350141
0.0392603 0 0.036493
0.0400474 0 0.0360003
0.0385635 0 0.0351745
0.0505561 0 0.0781084
0.00372878 0 0.0847586
0.00317038 0 0.086096
0.00460518 0 0.0862305
0.0122002 0 0.0046757
0.0128492 0 0.00560849
0.0137998 0 0.00455343
0.0212526 0 0.094071
0.0306668 0 0.0697252
0.000679059 0 0.057617
0.0832677 0 0.0116449
0.0804998 0 0.0851369
0.0751126 0 0.0705435
0.0135417 0 0.0368316
0.00741351 0 0.0522672
0.00626517 0 0.0520027
0.0847313 0 0.0338729
0.0601131 0 0.061106
0.00188 0 0.0520815
0.0790172 0 0.0991677
0.0284939 0 0.0221462
0.012022 0 0.0575512
0.0532313 0 0.0434907
0.0422975 0 0.0903065
0.0470957 0 0.0217191
0.0471526 0 0.0199889
0.0464244 0 0.00999433
0.0781865 0 0.0712137
0.0522734 0 0.0945352
0.0575098 0 0.039184
0.0723535 0 0.0578564
0.0173075 0 0.0907107
0.021581 0 0.0894566
0.0201986 0 0.090372
0.0208366 0 0.09119
0.0924918 0 0.0868274
0.0936223 0 0.0874634
0.0931487 0 0.0884292
0.0943347 0 0.00191224
0.0186489 0 0.0562461
0.0596564 0 0.0328621
0.0584327 0 0.0699781
0.0572998 0 0.000828287
0.0990241 0 0.00216367
0.0734369 0 0.0718125
0.0150915 0 0.0133135
0.0924129 0 0.0972249
0.0815245 0 0.0416442
0.0782402 0 0.0119664
0.0371954 0 0.0797055
0.0389886 0 0.079442
0.0748082 0 0.0467527
0.0980523 0 0.0738221
0.0738135 0 0.039759
0.0991973 0 0.0270567
0.0283435 0 0.0126519
0.0657279 0 0.0546413
0.0960037 0 0.0148663
0.00190354 0 0.00862455
0.0930899 0 0.0831
0.0809766 0 0.0477711
0.0301879 0 0.086625
0.0101955 0 0.0530223
0.023229 0 0.0411375
0.053211 0 0.0345629
0.0850246 0 0.0805736
0.0805241 0 0.0756512
0.0819208 0 0.0745946
0.0803691 0 0.0740403
0.0671849 0 0.0792378
0.00902232 0 0.0165139
0.0519907 0 0.0156703
0.0966034 0 0.0923025
0.0127751 0 0.0720081
0.0875384 0 0.0493408
0.0503328 0 0.067028
0.00453018 0 0.0581545
0.00352091 0 0.0574927
0.0285771 0 0.0301537
0.0295461 0 0.0304908
0.007069 0 0.0438651
0.00783249 0 0.0445929
0.0876934 0 0.0511486
0.0705877 0 0.0550599
0.0379501 0 0.0330718
0.0646698 0 0.0635353
0.0359237 0 0.0413321
0.0458803 0 0.0977679
0.0910548 0 0.011215
0.0105609 0 0.0160108
0.0265854 0 0.0387668
0.042607 0 0.0656431
0.0416493 0 0.0649845
0.0420646 0 0.0639833
0.0440713 0 0.0575372
0.0183997 0 0.0654787
0.0976856 0 0.0167042
0.0151798 0 0.0781967
0.0972714 0 0.00850517
0.000881376 0 0.00203057
0.0058896 0 0.00863365
0.0833099 0 0.054793
0.053269 0 0.0202692
0.0935736 0 0.06308
0.0694165 0 0.086224
0.0429146 0 0.0810658
0.00934049 0 0.0533552
0.0101816 0 0.052072
0.0110118 0 0.0518377
0.057918 0 0.0773685
0.0119431 0 0.041166
0.069754 0 0.0817092
0.0132712 0 0.0752866
0.0911103 0 0.0618948
0.0414207 0 0.00461863
0.00711452 0 0.0754536
0.0555627 0 0.0976519
0.0828105 0 0.00203951
0.0203252 0 0.024552
0.0218424 0 0.0243206
0.0204307 0 0.0231346
0.0253362 0 0.0893286
0.0465332 0 0.0408372
0.044248 0 0.0377311
0.0206149 0 0.0518325
0.044203 0 0.0882644
0.00195026 0 0.0419892
0.0794786 0 0.0133303
0.0298002 0 0.0536666
0.0992977 0 0.0962201
0.0548305 0 0.0982061
0.0551262 0 0.0991913
0.092181 0 0.0735707
0.056683 0 0.0250415
0.0588749 0 0.0893471
0.0585484 0 0.0881976
0.0118929 0 0.0522788
0.051356 0 0.00572467
0.0682178 0 0.0847447
0.0569119 0 0.0144214
0.0574529 0 0.0131027
0.0584657 0 0.0136672
0.0673306 0 0.0549717
0.0686876 0 0.0543594
0.0690767 0 0.0551818
0.0174853 0 0.0410428
0.0991846 0 0.0113979
0.0423147 0 0.072914
0.0740556 0 0.0947617
0.0759486 0 0.069457
0.00899654 0 0.0868728
0.0795168 0 0.00625263
0.0329968 0 0.0374669
0.0593427 0 0.0937932
0.0105938 0 0.0647795
0.0742689 0 0.020427
0.0908571 0 0.0722764
0.0906424 0 0.0712861
0.024957 0 0.0772392
0.077628 0 0.0566642
0.0599614 0 0.0259614
0.0705735 0 0.0648892
0.0968869 0 0.0950404
0.0144758 0 0.0584533
0.0467797 0 0.0579942
0.0310905 0 0.0780345
0.0297378 0 0.0773374
0.0353683 0 0.0764083
0.0867286 0 0.0548924
0.0629884 0 0.0690143
0.0620592 0 0.0687357
0.0253707 0 0.0272621
0.00861877 0 0.0265037
0.00908111 0 0.0276338
0.00756403 0 0.0270704
0.0532212 0 0.0632373
0.0609842 0 0.0754276
0.0624201 0 0.0992168
0.0331512 0 0.0728216
0.0488769 0 0.0133259
0.0492525 0 0.0123528
0.062446 0 0.0100383
0.095157 0 0.0288433
0.0457535 0 0.0424109
0.0341126 0 0.0940298
0.0346801 0 0.0923621
0.0352495 0 0.0937657
0.0639438 0 0.0437745
0.0589999 0 0.00746675
0.0629483 0 0.0559151
0.00798941 0 0.0387705
0.0654023 0 0.0963745
0.00261426 0 0.00689349
0.00852509 0 0.0839382
0.0991231 0 0.0380462
0.0663277 0 0.0190225
0.0614207 0 0.00234256
0.0619149 0 0.0217006
0.0621761 0 0.020082
0.0677606 0 0.049175
0.0666465 0 0.0480121
0.0981042 0 0.0255065
0.0373669 0 0.0910691
0.0136035 0 0.0268535
0.05735 0 0.0373756
0.0424907 0 0.0937187
0.0234528 0 0.0852248
0.0236177 0 0.0861028
0.0477326 0 0.0190574
0.0292432 0 0.0113325
0.00406173 0 0.0444409
0.0400013 0 0.0453842
0.0117395 0 0.0757172
0.044178 0 0.03652
0.0770318 0 0.0152715
0.0673955 0 0.0160481
0.0771851 0 0.0823136
0.0727643 0 0.0891748
0.0363645 0 0.0307295
0.0865209 0 0.0525643
0.00459714 0 0.0019988
0.00356047 0 0.00235802
0.0466923 0 0.00438453
0.0419378 0 0.0482155
0.0139524 0 0.027799
0.0531752 0 0.0334486
0.00952323 0 0.0366223
0.0696839 0 0.0798038
0.0162941 0 0.0275322
0.0144822 0 0.00606245
0.0629668 0 0.0310611
0.0593756 0 0.0548667
0.0677405 0 0.0481557
0.0493128 0 0.0635422
0.0789806 0 0.078161
0.057106 0 0.0665431
0.0590861 0 0.0616139
0.030615 0 0.000734418
0.0758467 0 0.0525474
0.00107202 0 0.0992193
0.0106352 0 0.0370563
0.0386864 0 0.00737197
0.0940197 0 0.0612002
0.0410762 0 0.00334485
0.0961 0 0.0164414
0.0476363 0 0.0208155
0.0355382 0 0.0590169
0.036376 0 0.0588773
0.03678 0 0.0600537
0.0779424 0 0.0767737
0.0181179 0 0.0430461
0.0400027 0 0.0757659
0.0180808 0 0.0442349
0.019468 0 0.0449836
0.018749 0 0.0435136
0.0194499 0 0.0651629
0.0677475 0 0.0674141
0.00694553 0 0.0113076
0.0177367 0 0.0978214
0.0174468 0 0.0137955
0.00491801 0 0.0981306
0.0974886 0 0.0814986
0.098037 0 0.0833317
0.0967711 0 0.0826328
0.0322691 0 0.09069
0.0313139 0 0.0906854
0.0939552 0 0.0146889
0.027321 0 0.050539
0.0396028 0 0.0933966
0.0397568 0 0.0925087
0.027499 0 0.0259829
0.0951097 0 0.0676114
0.0596819 0 0.0954758
0.0747972 0 0.00182898
0.0365295 0 0.0541057
0.0675973 0 0.088401
0.0751636 0 0.0114576
0.0557493 0 0.0375886
0.0292951 0 0.0803154
0.0823621 0 0.0182763
0.033823 0 0.054979
0.0340171 0 0.0613096
0.0716423 0 0.0956188
0.0608902 0 0.0258707
0.0613634 0 0.0266604
0.0170532 0 0.0481234
0.00402515 0 0.0772908
0.0278328 0 0.0310926
0.0275447 0 0.062725
0.0991975 0 0.00117956
0.0980111 0 0.00239501
0.0588327 0 0.0332
0.0231206 0 0.0438347
0.00864285 0 0.0178915
0.0532729 0 0.0676794
0.0569485 0 0.0787144
0.0532183 0 0.0149295
0.0428171 0 0.0887667
0.00855544 0 0.0600197
0.0224141 0 0.00333582
0.076163 0 0.0429021
0.0533028 0 0.0610151
0.0701821 0 0.0829852
0.0691019 0 0.0833687
0.0400983 0 0.0648294
0.0300483 0 0.0553019
0.00531988 0 0.0146368
0.0053922 0 0.012952
0.0185943 0 0.0801793
0.0839919 0 0.03925
0.0960671 0 0.0309568
0.0177026 0 0.0337979
0.000744478 0 0.0505036
0.068439 0 0.0456605
0.0560055 0 0.0686656
0.0556179 0 0.0669651
0.0735554 0 0.0744485
0.073612 0 0.0536968
0.00224915 0 0.0511443
0.0848834 0 0.0430362
0.00313989 0 0.0637319
0.011715 0 0.0163213
0.098174 0 0.0516151
0.0341099 0 0.0949754
0.0313595 0 0.0602177
0.0411985 0 0.0780345
0.0402777 0 0.0786511
0.0849758 0 0.0291
0.0654932 0 0.0824363
0.0797194 0 0.077456
0.0794517 0 0.0766485
0.0123972 0 0.0511863
0.0620794 0 0.0334797
0.0939997 0 0.0212032
0.0642937 0 0.0506784
0.057883 0 0.080366
0.0498294 0 0.0281447
0.0144749 0 0.0652345
0.0160705 0 0.0478041
0.0146912 0 0.0489186
0.0148116 0 0.0477515
0.0604837 0 0.0217559
0.062434 0 0.0491133
0.097798 0 0.029195
0.0805005 0 0.0973138
0.0419142 0 0.00654338
0.0414055 0 0.00740476
0.0402529 0 0.00666693
0.0582679 0 0.0524697
0.057975 0 0.0534087
0.0757167 0 0.0968259
0.0767974 0 0.0971581
0.038985 0 0.0123615
0.0397999 0 0.0117517
0.0868163 0 0.00388337
0.08623 0 0.00522243
0.0336806 0 0.0325371
0.0175275 0 0.00632683
0.0503157 0 0.0318451
0.0837943 0 0.00624087
0.0841733 0 0.00539336
0.0313385 0 0.022765
0.0297048 0 0.0791614
0.0638967 0 0.0254075
0.0646901 0 0.0248717
0.0646696 0 0.0239583
0.00981058 0 0.0861028
0.0397846 0 0.0560935
0.041926 0 0.0399257
0.0427212 0 0.0386083
0.04285 0 0.0404547
0.0967876 0 0.0337493
0.0955966 0 0.0348527
0.0965526 0 0.0347256
0.0309282 0 0.0397263
0.0156843 0 0.0192639
0.0257733 0 0.00506029
0.0261134 0 0.00672143
0.0373268 0 0.0102942
0.0353229 0 0.0636726
0.00554165 0 0.0181022
0.0665993 0 0.01736
0.0665115 0 0.0158896
0.0675466 0 0.0168803
0.0758238 0 0.0448839
0.0440784 0 0.0148561
0.060412 0 0.0863728
0.0168624 0 0.00432713
0.08628 0 0.0771422
0.0777209 0 0.012807
0.00307285 0 0.0681045
0.0458268 0 0.0819501
0.0826094 0 0.0886843
0.0155942 0 0.0142361
0.0389364 0 0.0297497
0.00867885 0 0.0292449
0.0319219 0 0.0281987
0.0696112 0 0.0916042
0.0709386 0 0.0909901
0.0705022 0 0.0919629
0.0134919 0 0.0413468
0.000752608 0 0.0302698
0.0602794 0 0.00494093
0.0351109 0 0.0979611
0.0367877 0 0.0981917
0.0361227 0 0.0973725
0.0936472 0 0.0891892
0.0181674 0 0.0907535
0.0881087 0 0.0679862
0.0532176 0 0.081969
0.0117967 0 0.0943839
0.0416661 0 0.0283771
0.0406977 0 0.0277652
0.0399512 0 0.0285037
0.0548101 0 0.0402008
0.0875606 0 0.0559203
0.0862609 0 0.0565572
0.0641812 0 0.051592
0.0652362 0 0.0505595
0.0650415 0 0.0520321
0.0442566 0 0.0423181
0.0404479 0 0.0124209
0.025557 0 0.028184
0.0247186 0 0.0286379
0.0835864 0 0.0512093
0.0764732 0 0.0780987
0.0326479 0 0.026418
0.0206562 0 0.0297096
0.0216738 0 0.0293362
0.0773754 0 0.0409542
0.0766996 0 0.0419177
0.0757403 0 0.041197
0.0195095 0 0.0709849
0.0834642 0 0.0624302
0.0411898 0 0.000753148
0.0382349 0 0.0344011
0.0667692 0 0.0940294
0.0658329 0 0.0931981
0.0358111 0 0.0441247
0.034246 0 0.0450295
0.0393757 0 0.083104
0.0122262 0 0.0209824
0.0131196 0 0.0213788
0.0531694 0 0.01828
0.052056 0 0.0178911
0.0115224 0 0.0289126
0.0105721 0 0.0286367
0.0671671 0 0.0685106
0.00307982 0 0.030721
0.0760008 0 0.000709667
0.0215437 0 0.0992205
0.0283427 0 0.034797
0.0285783 0 0.0331985
0.0264931 0 0.076918
0.0269002 0 0.0778348
0.0484286 0 0.00947609
0.00608898 0 0.0123925
0.0339566 0 0.0228162
0.0571489 0 0.00527101
0.0214584 0 0.0623938
0.0214415 0 0.0613441
0.0226205 0 0.0625969
0.0179762 0 0.0279199
0.0294875 0 0.0735886
0.044317 0 0.0323621
0.0293849 0 0.0169713
0.0961933 0 0.0538091
0.0968318 0 0.0550631
0.0953689 0 0.0543906
0.0262352 0 0.0868967
0.0836269 0 0.0703612
0.0836942 0 0.0693014
0.0821294 0 0.0693888
0.0992164 0 0.00709189
0.03398 0 0.072701
0.0892158 0 0.0811091
0.0295347 0 0.0242382
0.0468745 0 0.0493443
0.0169715 0 0.0269397
0.064987 0 0.0744758
0.0718733 0 0.0603153
0.0980256 0 0.035422
0.0122644 0 0.0846633
0.0132223 0 0.0851536
0.0629545 0 0.0206569
0.099267 0 0.0820334
0.0743592 0 0.0886035
0.0747581 0 0.0872357
0.056493 0 0.0981438
0.0441303 0 0.0644892
0.0702664 0 0.0980906
0.0670714 0 0.0706189
0.0852583 0 0.0879429
0.00319699 0 0.0823523
0.0567079 0 0.00671301
0.0548178 0 0.025709
0.0589689 0 0.068473
0.0927109 0 0.066818
0.0134293 0 0.0170506
0.042541 0 0.0222925
0.0763432 0 0.0126643
0.0902843 0 0.0664671
0.0900813 0 0.0654727
0.0288864 0 0.0570654
0.052109 0 0.0213726
0.0590518 0 0.0918044
0.00863786 0 0.0517938
0.0571785 0 0.0159349
0.0374432 0 0.0875473
0.0692271 0 0.074094
0.00476142 0 0.0951923
0.0318386 0 0.00324146
0.0209396 0 0.0371951
0.0457352 0 0.0191507
0.0472771 0 0.0143038
0.0457857 0 0.0137043
0.0458191 0 0.00938553
0.0991901 0 0.0981289
0.0969735 0 0.0436852
0.0959355 0 0.0433094
0.0954279 0 0.0440533
0.00943945 0 0.00504084
0.0826904 0 0.0991966
0.0174047 0 0.0121655
0.0886504 0 0.0736165
0.0877106 0 0.0538944
0.0729696 0 0.043695
0.0392325 0 0.0374845
0.0768476 0 0.0723725
0.0615362 0 0.0471489
0.00379479 0 0.0566058
0.0162351 0 0.0588654
0.0131613 0 0.0794184
0.0523151 0 0.0278719
0.0440705 0 0.00733694
0.0989993 0 0.0915192
0.0924806 0 0.0677588
0.035272 0 0.0307684
0.0241594 0 0.0632889
0.0873458 0 0.00971151
0.0860946 0 0.0102759
0.072589 0 0.0661444
0.0690045 0 0.0269968
0.0698603 0 0.0269111
0.00832036 0 0.0627934
0.0239862 0 0.0479224
0.0118108 0 0.0541141
0.0692465 0 0.0566343
0.00487389 0 0.0804707
0.0557828 0 0.0573182
0.0274644 0 0.0636587
0.0799203 0 0.0915433
0.00629615 0 0.0650674
0.0192507 0 0.0232872
0.0151665 0 0.0627111
0.0614029 0 0.0130479
0.0878598 0 0.0876744
0.0642381 0 0.0951837
0.0711805 0 0.0781019
0.0468362 0 0.0976358
0.000866812 0 0.0408319
0.00174765 0 0.0409717
0.0675519 0 0.0071845
0.0992876 0 0.0280681
0.0822744 0 0.0791786
0.0822039 0 0.0774985
0.0814531 0 0.0778404
0.0591201 0 0.0445675
0.0279418 0 0.0536337
0.0764236 0 0.066427
0.0111678 0 0.039828
0.0839258 0 0.081677
0.0405974 0 0.0470641
0.0392756 0 0.0464615
0.039932 0 0.0480689
0.0309542 0 0.0281393
0.0835078 0 0.0802307
0.0492768 0 0.0803731
0.0157122 0 0.0367651
0.0786865 0 0.0499289
0.0925729 0 0.0436388
0.0673069 0 0.0303437
0.0370659 0 0.0346121
0.0743685 0 0.00912277
0.0887966 0 0.0459758
0.0875995 0 0.047207
0.0386512 0 0.0936342
0.0928319 0 0.0858412
0.000841916 0 0.0784343
0.0824316 0 0.0653791
0.0644327 0 0.0824829
0.0786692 0 0.0901411
0.0532343 0 0.0477136
0.0358526 0 0.0876625
0.0359136 0 0.0887004
0.0909172 0 0.0992081
0.0991973 0 0.0567985
0.0255115 0 0.0556825
0.0270002 0 0.0553507
0.0271874 0 0.0563141
0.0865519 0 0.0825949
0.0963676 0 0.00237221
0.0524026 0 0.0957947
0.0192236 0 0.0642383
0.0137363 0 0.0557002
0.0635145 0 0.0642458
0.0428188 0 0.0926228
0.0381592 0 0.0610352
0.0789266 0 0.0405783
0.0488124 0 0.0317714
0.0697971 0 0.0137842
0.0442069 0 0.0466693
0.045784 0 0.0300508
0.0608562 0 0.0421299
0.0981061 0 0.013213
0.000746437 0 0.0103481
0.0285578 0 0.0658999
0.0521692 0 0.0760789
0.0407922 0 0.0364806
0.0888796 0 0.0946609
0.0892229 0 0.0678758
0.00162118 0 0.021025
0.0873997 0 0.0782353
0.0880854 0 0.0775465
0.0871823 0 0.0764873
0.0100885 0 0.00849641
0.0265941 0 0.0096191
0.000872711 0 0.00725076
0.072946 0 0.0324161
0.0219902 0 0.0695273
0.00305787 0 0.0946935
0.0258913 0 0.014838
0.0308981 0 0.0379243
0.0442409 0 0.0456572
0.02176 0 0.028226
0.0411865 0 0.0760611
0.0580321 0 0.00526161
0.0575013 0 0.00673711
0.040443 0 0.0869967
0.0397076 0 0.0860047
0.0773266 0 0.0390472
0.0782165 0 0.0397325
0.0779701 0 0.0381125
0.0324103 0 0.0611228
0.0831315 0 0.0416845
0.0182274 0 0.0644218
0.0392192 0 0.032794
0.0687181 0 0.0297142
0.0147479 0 0.0609791
0.0432928 0 0.00566637
0.0732674 0 0.0918187
0.0946866 0 0.0650226
0.0859839 0 0.0636258
0.0163429 0 0.0283312
0.0615466 0 0.00435836
0.0750237 0 0.0778031
0.0547653 0 0.0270881
0.0953008 0 0.0791394
0.0886955 0 0.093216
0.0875875 0 0.0934476
0.0363379 0 0.040566
0.0850479 0 0.0547126
0.0495031 0 0.0436582
0.0136223 0 0.034242
0.0457614 0 0.0764441
0.0547515 0 0.00255543
0.013976 0 0.0326541
0.0148208 0 0.0313043
0.050104 0 0.0363369
0.0941222 0 0.000811822
0.0930288 0 0.00223158
0.0429945 0 0.085597
0.0878194 0 0.0615817
0.0895069 0 0.0622013
0.0312936 0 0.0631756
0.0288938 0 0.0362354
0.029067 0 0.0372424
0.0280721 0 0.0376851
0.000901137 0 0.063311
0.057249 0 0.00173084
0.0904369 0 0.0551493
0.0753987 0 0.0597928
0.0764284 0 0.0608469
0.0395315 0 0.0337125
0.0978377 0 0.0544375
0.0991378 0 0.0646719
0.09906 0 0.0637568
0.0457851 0 0.0335946
0.0690956 0 0.0325918
0.0691868 0 0.0308253
0.0359122 0 0.071481
0.0352975 0 0.0707903
0.0473281 0 0.052513
0.0292459 0 0.0286105
0.0827411 0 0.0848253
0.0730802 0 0.0879375
0.00769562 0 0.0738392
0.0457683 0 0.0258137
0.0215551 0 0.000687802
0.0224288 0 0.000737715
0.0991256 0 0.0338083
0.0515105 0 0.0148582
0.0519562 0 0.014012
0.0520456 0 0.00868298
0.053203 0 0.00922696
0.00166233 0 0.0921631
0.0425886 0 0.0557623
0.0322837 0 0.0976932
0.0958538 0 0.0958213
0.0948135 0 0.096936
0.0955698 0 0.0974614
0.0432214 0 0.0955012
0.0152418 0 0.0322218
0.0218133 0 0.0848225
0.0559459 0 0.0848871
0.0159301 0 0.0307018
0.0582543 0 0.0819846
0.0865719 0 0.0132944
0.0182534 0 0.0691334
0.0327035 0 0.0897376
0.0685436 0 0.0134074
0.0158097 0 0.0766435
0.0188486 0 0.0868483
0.0646324 0 0.0576796
0.0641195 0 0.0626994
0.0641281 0 0.0430475
0.0182966 0 0.00271666
0.0781113 0 0.0608372
0.0156858 0 0.082754
0.076346 0 0.0762271
0.0258066 0 0.0694418
0.0344973 0 0.0721287
0.013625 0 0.0541779
0.00217205 0 0.0224093
0.0754277 0 0.0327062
0.0749229 0 0.0339203
0.0790365 0 0.0626808
0.0775699 0 0.0634955
0.0905737 0 0.00337124
0.0910232 0 0.00423609
0.00440789 0 0.000820315
0.0891809 0 0.00912789
0.0304058 0 0.0252479
0.0302085 0 0.0235791
0.0300682 0 0.0261215
0.0289358 0 0.0494004
0.0649448 0 0.0936898
0.0329357 0 0.066198
0.0316392 0 0.0659965
0.0307278 0 0.0658334
0.071244 0 0.0983766
0.0548237 0 0.0421276
0.0805484 0 0.0233283
0.0645968 0 0.0477925
0.073303 0 0.0425233
0.0728557 0 0.0408051
0.0191051 0 0.0930943
0.0206399 0 0.0923306
0.0192446 0 0.0921803
0.0959283 0 0.00422303
0.0876684 0 0.0193032
0.0230047 0 0.0695853
0.0951473 0 0.0136017
0.0394982 0 0.0136495
0.00758777 0 0.048697
0.0577647 0 0.0789867
0.048021 0 0.0346724
0.0496996 0 0.0338829
0.032814 0 0.0627221
0.0319039 0 0.0623086
0.0785993 0 0.0530074
0.0153908 0 0.0869347
0.0170652 0 0.0868708
0.0163585 0 0.0878318
0.0692229 0 0.0599726
0.0993534 0 0.0290777
0.0250777 0 0.0855314
0.00689608 0 0.0350545
0.0737935 0 0.0188231
0.0457924 0 0.0115178
0.0601028 0 0.0946078
0.0967303 0 0.0284355
0.0967933 0 0.0276042
0.001794 0 0.0976373
0.0209787 0 0.0874325
0.0202179 0 0.032396
0.024411 0 0.0824309
0.0945143 0 0.0857001
0.0119322 0 0.0199062
0.0791745 0 0.0821052
0.0778229 0 0.072563
0.0136624 0 0.0186246
0.0595123 0 0.069993
0.0230312 0 0.063565
0.0219308 0 0.0648745
0.0750463 0 0.0529525
0.054801 0 0.0190723
0.0456916 0 0.0379788
0.0618456 0 0.0311487
0.0406394 0 0.0923628
0.0884424 0 0.0161339
0.0974493 0 0.045421
0.0714212 0 0.00916541
0.0973436 0 0.0110988
0.0961666 0 0.0113928
0.0470704 0 0.0811066
0.0146476 0 0.0912985
0.0240488 0 0.0599278
0.0404687 0 0.099236
0.0791504 0 0.0545051
0.0700055 0 0.0905161
0.0477894 0 0.0768895
0.0963546 0 0.0864761
0.0108216 0 0.0887976
0.00207704 0 0.0241548
0.0345001 0 0.0218459
0.033762 0 0.0211673
0.0156007 0 0.0961918
0.00449672 0 0.0316513
0.017911 0 0.0468042
0.085882 0 0.0906379
0.0432399 0 0.036053
0.0870238 0 0.00891497
0.0516428 0 0.0983508
0.0211001 0 0.0855845
0.0240524 0 0.0759608
0.0301356 0 0.0131826
0.0841654 0 0.0663498
0.0853464 0 0.0660585
0.0442384 0 0.0862783
0.0333043 0 0.0689853
0.039202 0 0.0488355
0.0382517 0 0.0484858
0.0640308 0 0.0815287
0.0195281 0 0.00950409
0.0380542 0 0.0697785
0.092734 0 0.0453433
0.0594961 0 0.0569046
0.0604075 0 0.0568519
0.0809157 0 0.0159193
0.0274576 0 0.0926518
0.0376045 0 0.0322474
0.0154929 0 0.0885646
0.0786261 0 0.0490869
0.0271776 0 0.00268127
0.0803461 0 0.035107
0.0284966 0 0.0992924
0.0844493 0 0.0105155
0.0852505 0 0.01091
0.0184418 0 0.0811816
0.00376367 0 0.0550589
0.00752964 0 0.0343461
0.0577047 0 0.0182717
0.0614087 0 0.0075055
0.0427952 0 0.0376034
0.0478311 0 0.0318447
0.0720769 0 0.0226857
0.046035 0 0.0991042
0.0742182 0 0.0173393
0.0731497 0 0.018095
0.0728418 0 0.0166438
0.0891507 0 0.0527169
0.000673321 0 0.0400131
0.0668713 0 0.0384669
0.0199882 0 0.00772977
0.019445 0 0.00649758
0.0226068 0 0.0894546
0.0130353 0 0.0810331
0.0350146 0 0.0105828
0.0983745 0 0.0552374
0.00618852 0 0.0308795
0.0157587 0 0.0243093
0.0456962 0 0.0104588
0.00478573 0 0.0601424
0.0975166 0 0.0746577
0.008252 0 0.0544059
0.0919277 0 0.0558281
0.042415 0 0.00200632
0.0639811 0 0.0263838
0.0653244 0 0.0276156
0.0132457 0 0.0549409
0.0192793 0 0.0738835
0.0191142 0 0.0750787
0.0908777 0 0.0286681
0.0192397 0 0.0457639
0.018011 0 0.0458338
0.018763 0 0.0471398
0.0285075 0 0.0737035
0.067447 0 0.052821
0.0667686 0 0.0543554
0.0664323 0 0.0528634
0.00791759 0 0.0578183
0.0776039 0 0.0688006
0.0929094 0 0.055712
0.0938356 0 0.0569982
0.0946385 0 0.0563565
0.0404439 0 0.01336
0.0406489 0 0.0537857
0.019184 0 0.0390685
0.0232606 0 0.0761956
0.0658815 0 0.0519838
0.0764951 0 0.0537561
0.0909583 0 0.080244
0.0255255 0 0.0839358
0.0315448 0 0.0415175
0.0894853 0 0.07022
0.0217004 0 0.040191
0.013041 0 0.0151016
0.0347048 0 0.033544
0.0191538 0 0.010386
0.0458063 0 0.0598796
0.0146488 0 0.0123304
0.0136431 0 0.0124356
0.013328 0 0.0114774
0.0874344 0 0.0748072
0.0871494 0 0.0737122
0.00176321 0 0.0537211
0.0267002 0 0.0197012
0.0889679 0 0.0869137
0.0801009 0 0.0749252
0.0457763 0 0.0290659
0.0390298 0 0.0280396
0.0810299 0 0.0960608
0.0490496 0 0.0100357
0.0489104 0 0.0108517
0.0478172 0 0.011047
0.045833 0 0.0704817
0.046748 0 0.0702261
0.0845767 0 0.0776224
0.0829613 0 0.077336
0.0967382 0 0.0570583
0.0270478 0 0.0138068
0.03331 0 0.0136316
0.0968896 0 0.0511718
0.00817526 0 0.0991603
0.0190716 0 0.0172287
0.030603 0 0.0616421
0.0847066 0 0.0490698
0.0647178 0 0.070591
0.012322 0 0.0882823
0.0137711 0 0.0880314
0.0121285 0 0.0873818
0.0919828 0 0.0605038
0.0925257 0 0.0619048
0.0899227 0 0.0773232
0.0644311 0 0.0142705
0.0858938 0 0.0737971
0.0441592 0 0.0919915
0.0897298 0 0.085916
0.0300884 0 0.0920543
0.015645 0 0.0913698
0.0442607 0 0.0533308
0.0426501 0 0.0533737
0.0507821 0 0.0474719
0.0496425 0 0.0348366
0.000785781 0 0.0883629
0.068327 0 0.000838179
0.0975362 0 0.0980533
0.0876161 0 0.0173281
0.00253293 0 0.000751769
0.0282823 0 0.0587668
0.0640205 0 0.0166774
0.0369729 0 0.067451
0.0793929 0 0.0486042

CELLS 19530 78120
3 6479 2960 1624
3 5159 3310 1183
3 2085 4110 6195
3 7536 524 5562
3 8667 4297 229
3 9708 2178 8956
3 6252 2817 4433
3 7608 52 53
3 4690 1535 2889
3 8153 2249 7051
3 9662 7467 2536
3 2249 6579 7051
3 6953 5734 3153
3 54 55 474
3 6779 3989 1326
3 6348 1653 4588
3 4221 6521 1423
3 8793 419 418
3 2390 8222 3736
3 8572 6914 3776
3 6087 6244 6928
3 512 511 9745
3 9866 5100 9773
3 4616 4057 780
3 6699 6698 2475
3 2409 8361 7915
3 7350 3407 6311
3 7810 4750 1657
3 2369 7443 5669
3 4610 409 408
3 8077 6086 854
3 4268 997 7816
3 1226 3308 7358
3 854 7603 3407
3 7527 2241 7526
3 3218 8911 7042
3 7900 411 9606
3 6309 3235 1921
3 3186 84 85
3 8229 1158 5768
3 8383 1695 4820
3 5102 1651 5019
3 399 398 6877
3 5832 1881 6087
3 2384 5716 8657
3 2259 7642 6931
3 1949 4301 6467
3 4313 8212 8831
3 6259 1645 3876
3 815 2971 3845
3 3366 979 7938
3 1225 8382 6676
3 1031 7015 3676
3 2845 9366 7676
3 9537 4337 2070
3 5028 2069 3986
3 3217 695 6135
3 4090 6458 8840
3 5666 1783 4976
3 1919 9270 6556
3 8107 5390 3803
3 3851 3066 1618
3 9270 893 4573
3 4416 3803 7476
3 1752 7453 5735
3 3151 9443 6782
3 4758 6309 3028
3 4031 3885 737
3 3351 8600 7589
3 9140 7516 8430
3 8605 7938 979
3 1148 5734 6953
3 5843 8440 122
3 117 3483 8849
3 3142 6752 1145
3 1794 5723 3321
3 9952 4017 4841
3 4659 875 3343
3 91 5512 4806
3 7007 1739 4543
3 8453 7007 4543
3 89 7106 6619
3 5707 2867 1860
3 92 93 5512
3 7738 3212 6342
3 6426 7671 3069
3 7332 2335 6164
3 7229 5760 3657
3 3897 1334 3069
3 5512 93 3062
3 4688 2983 9753
3 9663 96 4232
3 9092 8217 1033
3 5324 1033 4278
3 3113 618 4465
3 8662 9283 2730
3 1952 6888 3885
3 99 100 8662
3 7543 98 99
3 101 9283 100
3 8398 6757 2782
3 9037 104 3999
3 7768 1512 4614
3 2696 3424 5259
3 7015 8924 2544
3 6482 6234 2190
3 6326 1093 6634
3 7032 2086 3416
3 4384 991 8689
3 8762 2342 7826
3 8762 7826 1100
3 9904 437 3513
3 7076 1726 3505
3 9499 877 5491
3 8489 1866 5005
3 550 4511 551
3 8368 6670 9005
3 5225 1928 3525
3 3731 5938 217
3 8155 4485 8154
3 985 9276 7158
3 4959 4372 1500
3 2029 5293 5294
3 5067 932 4307
3 5694 172 4895
3 9523 5479 8563
3 8436 6360 170
3 9243 4650 2622
3 8783 5375 1807
3 5694 171 172
3 2349 6154 7706
3 673 6546 4199
3 5208 8858 6986
3 5636 3277 1818
3 8315 4729 1477
3 8074 1572 5477
3 1660 5349 4511
3 8316 8317 2398
3 4848 1628 3384
3 4015 4016 7611
3 3755 1976 3677
3 5548 1749 5546
3 6158 4409 1878
3 813 4217 8652
3 8493 2673 6182
3 3798 8945 9529
3 3279 6287 1236
3 9806 1166 4084
3 9886 4400 6700
3 7407 3453 775
3 6618 3205 1978
3 9255 3558 4483
3 4483 3738 2621
3 6998 2071 7026
3 6602 179 180
3 3462 773 7399
3 4876 4342 1472
3 9516 6049 3137
3 7146 3797 9066
3 4233 9023 7177
3 6989 6988 3552
3 1410 9466 7617
3 6768 1525 8786
3 6493 7972 1006
3 8660 3798 6531
3 5296 4564 1948
3 8945 9066 3797
3 2946 6690 6602
3 1838 8585 3204
3 5172 8051 2344
3 7744 561 560
3 7535 3529 6272
3 4446 1505 6028
3 201 9589 7458
3 4142 7926 2208
3 1525 6768 3559
3 3380 8615 5069
3 3721 5933 1666
3 6281 1689 6278
3 822 6381 5138
3 4002 8765 7143
3 1897 7036 6133
3 5589 554 3381
3 2706 9703 6381
3 2487 4542 6646
3 8854 3758 8781
3 4793 2207 8183
3 2356 8072 5571
3 7801 5593 1301
3 190 6272 189
3 3189 6943 1293
3 8264 7655 2466
3 690 4812 8616
3 7041 9817 1587
3 2977 5330 1736
3 349 8774 6678
3 1138 5621 8040
3 9555 6857 1589
3 6334 3638 2128
3 5092 352 3614
3 3879 8053 2457
3 5416 3447 8645
3 9268 8321 2096
3 8009 5720 2813
3 1942 5721 6919
3 5034 7578 2542
3 4813 2753 4519
3 6353 3445 894
3 3345 2701 8918
3 2322 5131 7943
3 1723 3993 8321
3 8441 3818 8032
3 6014 3588 828
3 432 433 6084
3 9314 7393 1887
3 1134 7798 7804
3 2878 6307 6501
3 5818 2221 9384
3 3655 1888 6362
3 6968 2689 6657
3 8310 7867 1330
3 716 4764 8805
3 6475 4386 1213
3 440 3030 439
3 5063 3653 2366
3 4777 7610 2374
3 268 5894 5080
3 1193 6578 9685
3 9843 1070 7242
3 9829 2820 7859
3 7171 4628 3158
3 9542 3706 3389
3 7225 6930 680
3 1324 7749 3389
3 1634 9205 4811
3 1937 9067 7624
3 5817 9384 5886
3 1840 9582 5912
3 4875 3847 1277
3 6480 2923 311
3 5416 2056 3620
3 1114 6319 6016
3 3847 734 6849
3 5302 6130 2313
3 3871 1705 8696
3 1207 3563 3475
3 9001 1924 5924
3 4893 7899 2590
3 5206 3602 913
3 278 279 7109
3 3702 6044 1320
3 5359 2119 4172
3 8950 5482 857
3 6211 2066 6538
3 3696 6627 6413
3 5633 9144 1115
3 909 5675 5445
3 4628 2653 3158
3 8090 1378 4098
3 7659 2915 1463
3 9407 9915 4705
3 4034 872 2908
3 278 7109 7108
3 5632 2674 9360
3 473 248 249
3 4317 284 9928
3 4603 8642 5796
3 872 7930 7111
3 6117 424 9627
3 7557 9624 5441
3 1391 4941 3806
3 2653 4628 8997
3 4553 9807 2141
3 296 6885 6263
3 6740 5006 2680
3 3838 2952 1118
3 8910 1401 3375
3 4317 1729 7209
3 2799 7443 4983
3 6211 2067 5174
3 2130 4664 7192
3 5441 9624 1909
3 4562 7729 2255
3 291 9233 6490
3 8681 1653 3027
3 5299 1118 2953
3 3315 6496 1442
3 4794 8261 6885
3 7170 6348 480
3 6489 989 4809
3 9928 284 285
3 383 0 1
3 8435 3144 1910
3 7415 2945 3485
3 2129 7190 7189
3 4711 4712 1526
3 5123 3890 1147
3 384 45 46
3 1851 6929 3447
3 1706 6985 3165
3 1364 9871 6336
3 762 5812 9620
3 1566 4585 9643
3 3004 6427 7918
3 832 4676 6982
3 15 7157 4444
3 4086 42 7587
3 5409 2147 5018
3 639 4532 3295
3 5268 9369 907
3 3985 1706 3716
3 6046 5338 1719
3 3853 8305 2253
3 9340 9339 4749
3 387 6337 386
3 9379 397 7047
3 5928 38 3985
3 8833 1566 4748
3 1707 4676 9341
3 4581 1489 7605
3 7503 4532 3825
3 7442 1553 3853
3 398 7047 397
3 8470 5309 2124
3 9415 799 3642
3 4585 1980 4146
3 3825 6198 998
3 30 9231 5309
3 7690 3675 5059
3 6393 8558 9505
3 1401 6228 6983
3 4532 1571 3825
3 2132 7016 3331
3 9493 2460 4766
3 6884 7046 1553
3 5634 8790 2885
3 5850 1850 5414
3 4469 7294 1550
3 4185 1417 5999
3 7077 2132 4350
3 9166 9168 4257
3 5651 3770 1892
3 7693 5490 3401
3 8593 1843 5862
3 9374 3837 3248
3 6299 9738 4335
3 5326 6143 2992
3 9619 1777 5842
3 3064 4425 1476
3 4774 8722 28
3 5409 2282 4276
3 7354 665 3733
3 6910 9351 1622
3 9720 4186 5217
3 1060 8196 5599
3 9505 8558 2764
3 9693 23 6125
3 8722 5901 27
3 9371 5905 1139
3 891 6153 4776
3 4908 3752 1339
3 8413 5783 2048
3 365 366 5775
3 4451 9167 1468
3 370 8413 6469
3 7462 4216 2515
3 7957 9 10
3 4634 2408 8309
3 7850 2789 1090
3 3995 8754 7957
3 7531 3715 1384
3 4480 1384 2982
3 5941 9609 375
3 4065 3318 841
3 14 8610 13
3 376 377 4060
3 9214 1537 3244
3 8934 379 380
3 9215 3099 9214
3 3728 8 9
3 9734 9214 3099
3 9953 3 7335
3 7892 2339 7831
3 8459 4983 4984
3 8575 6682 3634
3 387 386 7460
3 2207 7471 4141
3 4353 2237 7485
3 2339 7893 4899
3 1642 5175 3476
3 5100 5043 1646
3 6053 4463 243
3 8925 4744 2098
3 5163 1653 3976
3 9826 786 4519
3 7415 51 52
3 8340 2450 8481
3 8993 5277 2939
3 7892 8481 2339
3 9851 246 247
3 1612 9446 5822
3 4046 8459 1084
3 6399 4302 9420
3 7460 386 6403
3 8452 6442 345
3 7379 2658 5906
3 3065 4709 9074
3 3551 1651 9438
3 8362 7996 4835
3 6565 483 4838
3 644 6523 3329
3 4448 5712 4588
3 4731 1545 5147
3 7460 6403 2800
3 5775 1815 9615
3 9216 4399 7460
3 1634 4811 9567
3 9065 1651 3352
3 1469 9891 8577
3 1230 9697 7049
3 7034 5494 1767
3 6993 9202 2659
3 7533 4934 2976
3 4838 1650 3813
3 7583 6079 1380
3 8140 2578 5504
3 3610 6473 1977
3 6565 4838 3813
3 3818 823 3644
3 8481 785 8340
3 7377 3344 6693
3 3026 7169 9696
3 326 5077 325
3 6540 8964 1232
3 2882 4961 5886
3 8515 2444 8516
3 3565 1393 6100
3 7793 7100 1227
3 8665 828 5041
3 8516 4597 1516
3 4824 5605 852
3 7900 9606 4062
3 3477 3918 1252
3 4598 8516 1516
3 8806 2776 8805
3 7481 1205 7478
3 1911 9867 8122
3 2660 5099 8431
3 772 6657 8544
3 401 9507 5767
3 8380 344 6442
3 9691 406 6279
3 8951 9312 2575
3 4057 6656 2769
3 440 441 6315
3 410 9914 9606
3 6430 6429 3940
3 9948 8097 2802
3 8845 3148 9665
3 7599 6655 4700
3 8251 2522 8187
3 2740 6477 8034
3 697 9829 7859
3 9849 5070 9603
3 1963 8228 6065
3 506 4618 505
3 5542 7512 3481
3 8034 6477 1204
3 4910 9291 2838
3 7251 5663 1725
3 869 4264 4468
3 5448 510 3171
3 4235 1835 3481
3 2750 9947 6957
3 605 8528 3132
3 509 3123 508
3 2464 9201 9200
3 3464 9656 6091
3 8371 8129 3563
3 3537 8028 2423
3 5979 8128 6683
3 3171 8207 5593
3 8128 7567 4743
3 8782 5909 3421
3 5816 6683 2526
3 8245 3326 3325
3 9444 2430 6457
3 9947 7217 1295
3 7259 1209 6219
3 4287 8030 2423
3 6822 282 4376
3 8775 2633 8332
3 2140 8711 4673
3 6341 515 516
3 6992 9699 2067
3 1302 5242 3461
3 2065 6537 4620
3 7104 2748 6957
3 5478 1923 5303
3 8775 2634 5242
3 2819 4275 5733
3 526 4721 3461
3 4924 2313 4658
3 6830 4077 1932
3 9099 4964 1768
3 1354 3595 7812
3 9823 8109 461
3 4457 2040 3455
3 718 3149 7035
3 7761 3463 1726
3 2553 8109 9823
3 443 4739 3359
3 1768 3246 8656
3 8029 9069 3541
3 4993 3147 1150
3 4739 7045 3359
3 3887 2366 7397
3 1510 8199 8139
3 2510 9600 7408
3 3408 5966 2424
3 5929 9943 1041
3 9227 3254 6250
3 9179 7128 1820
3 7771 3505 6314
3 9840 8947 264
3 8221 1754 3456
3 4587 7743 2353
3 8513 5606 1298
3 6907 6671 2920
3 7877 3424 7848
3 9793 2866 9263
3 1504 6482 6221
3 8963 2716 8962
3 8242 1931 3709
3 1905 5145 7620
3 8280 6994 2692
3 470 4477 469
3 2208 7675 5082
3 1065 3965 7063
3 6706 454 453
3 252 9802 5550
3 6266 1515 3514
3 2376 7620 7621
3 3493 6612 7087
3 1151 8298 8297
3 4551 6869 2039
3 6382 468 5461
3 3381 554 555
3 4911 1584 4910
3 6281 3063 776
3 7063 3859 1065
3 8198 1509 7871
3 5415 5301 2265
3 558 5762 3444
3 6455 1969 6454
3 2131 3454 7548
3 7408 1106 6455
3 3039 7286 7226
3 2184 6290 3378
3 246 9851 7180
3 471 472 5183
3 240 241 3527
3 9190 3051 6244
3 9190 6244 3437
3 9036 58 4221
3 5608 5139 3017
3 3437 6086 8077
3 9630 5427 2788
3 7998 5161 7865
3 4674 3278 2390
3 6435 3054 5642
3 9696 2718 9695
3 1532 9452 6463
3 2858 9267 6040
3 1650 6349 3026
3 1484 5427 4205
3 6310 1123 3028
3 3986 7676 1143
3 7164 8215 1231
3 1177 8202 6698
3 3778 4507 7153
3 9508 3499 5978
3 2584 5114 6088
3 7431 1625 4191
3 2719 9697 9698
3 486 8893 4867
3 3392 8374 7243
3 6771 3297 1648
3 8872 2566 5480
3 4820 1695 2833
3 1231 7639 7164
3 4641 6915 1201
3 4716 2215 3449
3 498 8038 4509
3 4529 1548 3308
3 1535 4725 4206
3 8759 7952 2642
3 6166 9682 1930
3 8056 1627 4109
3 8437 7467 1518
3 7854 7853 2324
3 8123 1657 4750
3 9606 411 410
3 9489 2197 6400
3 2324 7855 7854
3 6028 425 424
3 5298 3188 1973
3 4489 3970 863
3 2740 9219 4617
3 6861 1386 4388
3 4467 1889 8626
3 779 8097 9948
3 9337 5499 1737
3 4862 9193 1564
3 425 4162 426
3 2845 9367 9366
3 682 3006 6166
3 422 9177 7614
3 2565 7333 4791
3 8885 8884 2617
3 146 7099 145
3 8661 5353 1638
3 9656 783 8884
3 5857 2844 5623
3 6150 9097 1358
3 7366 4076 7005
3 9461 4136 7596
3 9924 830 4136
3 8475 4368 2215
3 9678 1531 9461
3 5593 3618 1759
3 1625 9512 8621
3 420 419 5368
3 5623 3181 5622
3 3199 8472 1398
3 3618 7802 8182
3 3755 1397 6402
3 9471 3545 5045
3 4890 3457 1297
3 4311 7951 7832
3 8252 2462 4338
3 9288 6346 534
3 5129 500 3808
3 9563 1129 6029
3 226 7365 225
3 4891 7404 2188
3 6341 516 9586
3 1471 5613 3774
3 8068 4546 8000
3 5506 6303 2206
3 3359 7045 1299
3 3055 6812 1131
3 3322 7813 7761
3 2029 6369 5127
3 6369 2029 4467
3 1411 8618 4271
3 4645 515 514
3 544 5076 545
3 529 6616 530
3 7833 4139 777
3 1755 9269 5578
3 9169 6314 530
3 5797 5732 2797
3 704 5221 8493
3 7833 4401 2058
3 7202 1001 4883
3 3460 5239 8870
3 4459 9863 9678
3 6009 811 3595
3 8478 7470 3741
3 6933 2302 5563
3 1292 6942 7811
3 3636 9651 8355
3 7689 5849 636
3 8582 1753 4514
3 6300 446 445
3 225 6813 224
3 5840 4614 1512
3 9029 4572 1623
3 1711 9391 5364
3 4105 8338 8376
3 6300 2007 3515
3 4442 4055 940
3 542 3243 541
3 8761 4570 8760
3 7856 6959 1986
3 7061 538 8976
3 9482 2876 9110
3 7826 2342 4639
3 2038 7348 5926
3 1035 4979 6679
3 4612 1512 7768
3 6748 5610 2359
3 3664 7504 9482
3 7827 4639 2342
3 1514 3512 6407
3 9482 9110 1323
3 9799 1291 8265
3 4692 3665 1323
3 547 548 9403
3 8183 4143 903
3 4321 525 3997
3 4237 3512 1514
3 5938 2198 5538
3 2693 4793 8324
3 2333 7839 6218
3 7675 2208 4957
3 2555 9013 5538
3 8444 9688 1003
3 2302 7744 5563
3 942 9584 9322
3 4909 556 6094
3 4054 654 8502
3 2692 6990 5668
3 7120 2332 5357
3 3420 8265 9385
3 8976 537 7602
3 4078 1934 6828
3 7595 7115 4297
3 5410 3381 4909
3 2395 4584 6878
3 4793 8511 1303
3 6595 8542 2724
3 9596 3942 8052
3 6522 740 2580
3 1997 4463 6053
3 2808 6959 7856
3 8729 2694 5404
3 9774 4979 2612
3 8961 4512 3189
3 7694 3665 3689
3 9817 3527 7705
3 5876 3630 558
3 3527 563 240
3 6913 3081 5849
3 5762 3942 9022
3 3761 7479 7371
3 7216 8568 1313
3 3632 561 7744
3 2255 7729 7638
3 240 563 239
3 6891 851 4562
3 9452 2788 6463
3 6134 1967 5572
3 6666 4605 1046
3 3276 6388 7838
3 217 5938 216
3 4698 8543 1588
3 355 3412 354
3 1682 8033 4996
3 9056 2778 5473
3 6233 5469 1213
3 8262 7145 3754
3 7323 7322 3870
3 2901 262 5354
3 7403 6683 996
3 6847 7897 1246
3 1179 8597 3259
3 6898 3160 9775
3 6862 2063 9367
3 3291 5927 6204
3 8046 7834 4792
3 1985 8377 5366
3 2248 9230 6452
3 3783 8509 8342
3 5780 1976 7822
3 7958 3029 7891
3 6792 5725 1658
3 6021 4775 9238
3 8440 4657 121
3 689 7272 5859
3 9012 7867 3220
3 3695 9075 9074
3 5774 2786 5223
3 6681 929 6682
3 412 7310 411
3 9826 4502 786
3 6079 3818 3644
3 7674 6605 2342
3 2178 5060 4442
3 5325 1797 5119
3 9516 209 210
3 4981 2305 4962
3 736 4303 8837
3 3824 5123 1147
3 8706 4844 1016
3 5274 1746 3121
3 3075 7396 7924
3 7301 5179 1069
3 5293 5292 1712
3 1321 7429 3979
3 1657 8123 3848
3 1561 3960 6021
3 3074 8263 4788
3 9320 9319 2637
3 8087 8408 3506
3 5997 3906 1068
3 7805 2491 7804
3 8310 3565 3363
3 5015 1589 3184
3 1926 6355 3445
3 4860 6118 945
3 1174 7780 5314
3 7068 4696 6834
3 8400 5833 1290
3 6974 1076 3509
3 9727 2756 6495
3 9808 5048 7904
3 3796 7602 1928
3 4605 8903 1046
3 9444 271 272
3 5816 3001 996
3 4285 5998 2367
3 5932 3932 621
3 2198 9345 5568
3 4666 2951 1588
3 6102 2179 6101
3 9602 2688 5641
3 21 9692 5811
3 1173 7418 3264
3 1007 4830 3066
3 6069 1916 6071
3 9474 5470 4231
3 4340 3087 1560
3 1644 6494 7743
3 5354 262 263
3 5173 5808 1801
3 1182 3807 9153
3 8679 8680 4013
3 3303 4938 1765
3 1391 4392 3203
3 3772 9902 2812
3 5602 3006 682
3 9359 7078 747
3 5210 1488 5250
3 1702 8827 5180
3 6064 3418 1963
3 3534 2482 9055
3 8192 3143 5673
3 8612 2618 4994
3 2590 7899 6103
3 5816 2526 4556
3 2870 4935 9766
3 4484 3861 640
3 434 6732 433
3 1194 5559 3415
3 7815 6197 1025
3 787 4388 8412
3 8022 5273 723
3 2439 9839 4661
3 5411 5324 1690
3 8946 7248 3856
3 1206 9869 8806
3 1538 5544 4291
3 5700 2146 4896
3 7603 6310 1921
3 5088 3817 1840
3 9582 1840 3817
3 8342 8509 1290
3 7924 7396 1580
3 4992 5508 1683
3 2867 5819 9349
3 6914 1998 3776
3 481 8666 4975
3 57 3278 56
3 6232 6230 1906
3 8616 3200 6216
3 9414 422 7615
3 1061 9423 5008
3 703 7447 7052
3 4969 4184 3083
3 4831 1822 4694
3 2055 3317 4653
3 4449 8175 1595
3 1745 5074 3835
3 8290 2488 4208
3 4190 6564 630
3 2172 6573 8353
3 114 3222 113
3 1794 3961 7681
3 3448 9844 825
3 9885 3690 8769
3 3800 8169 8167
3 201 7458 200
3 5017 4461 2245
3 3831 7290 953
3 8772 2611 6048
3 9171 3167 7595
3 5780 5732 1976
3 8400 8085 3785
3 5450 408 409
3 5313 1577 4704
3 4981 4962 927
3 9528 390 6404
3 9843 7059 4930
3 4148 9025 1071
3 9724 6398 1972
3 8011 9463 2483
3 2421 5799 5447
3 4550 763 2966
3 8887 3600 8886
3 9772 1735 4631
3 8273 6678 3521
3 8645 2056 5416
3 2598 4566 9197
3 7422 7861 2389
3 2854 9700 8875
3 8649 4419 8249
3 3518 6996 3744
3 2669 4605 6666
3 2514 9515 8706
3 3712 3244 838
3 4056 7651 7264
3 2231 3007 6730
3 9539 4733 2231
3 4102 681 3903
3 9757 1101 6923
3 6328 4350 5863
3 7158 2395 3717
3 8049 6890 2076
3 5933 2047 4402
3 2076 6113 8049
3 8560 2178 7238
3 7101 2126 6569
3 5638 8648 647
3 6432 4544 2161
3 9470 6207 1460
3 5405 8573 2345
3 2472 9157 5186
3 7664 6788 3446
3 8033 1682 4214
3 2316 4067 9083
3 5380 220 3724
3 9380 1825 5878
3 7507 2544 4109
3 2584 6088 5682
3 5360 587 2889
3 2187 7374 6461
3 4907 9000 1700
3 8165 4525 1043
3 9322 2116 6796
3 6189 7803 9310
3 7721 5040 1617
3 4681 7072 1239
3 1869 4926 8552
3 3004 7918 7917
3 3585 8292 8291
3 7205 1193 3294
3 4723 5347 1572
3 2359 7425 5087
3 9574 5623 2844
3 4883 1001 9460
3 4828 1848 4080
3 9315 7981 2316
3 4445 1489 6265
3 9925 1075 7215
3 7159 907 3353
3 4481 671 9472
3 5248 4422 1917
3 5788 4782 1935
3 4740 2407 8350
3 2474 7290 8633
3 834 4986 9513
3 6417 1355 5977
3 8103 8663 661
3 3523 7304 4557
3 4281 1462 3928
3 8151 879 4256
3 8813 5826 1867
3 8142 7501 1278
3 8057 1031 4703
3 2826 4703 6370
3 7431 140 141
3 5312 2581 5170
3 5918 8046 921
3 8997 4804 2653
3 9146 4696 1023
3 6938 786 3239
3 4258 7824 7539
3 8384 1379 5249
3 3852 7256 6848
3 1285 8688 3575
3 8323 2068 5252
3 9629 1049 5839
3 6641 1048 5676
3 5428 1048 6641
3 6822 2281 5158
3 8852 7772 2275
3 7700 5995 4961
3 3771 4889 6364
3 7962 7961 2360
3 5812 762 3367
3 6334 3247 1281
3 880 7830 3627
3 6356 6354 3445
3 424 425 9627
3 8938 7786 1813
3 8921 6089 2784
3 2933 7172 5916
3 1546 4277 5103
3 7518 4804 733
3 5458 298 299
3 6035 3110 3448
3 7295 3391 6697
3 8241 7156 1796
3 9955 5572 6136
3 8086 6846 3959
3 1179 8809 8597
3 5232 9085 1585
3 4856 443 444
3 3833 6331 764
3 8349 3226 2406
3 9710 7120 1427
3 7120 5357 1427
3 8562 2081 5856
3 5722 4115 1826
3 4587 1036 9399
3 3859 7063 6837
3 8935 2446 5137
3 1270 3654 7318
3 9746 7553 5631
3 8326 8294 744
3 3491 9170 5221
3 6889 7999 2941
3 3922 6561 840
3 9943 8451 5992
3 4924 4658 1057
3 4682 1439 4148
3 5882 3607 2098
3 5095 3316 922
3 2430 9444 6003
3 9397 1644 4587
3 2856 7890 6310
3 9796 4921 1684
3 6531 185 186
3 1666 5726 3721
3 9246 2837 5844
3 9572 934 8967
3 4340 951 3087
3 3606 4565 865
3 6935 9228 2238
3 982 4108 6449
3 1716 9616 5067
3 9382 5079 1136
3 7011 6440 3608
3 4595 3125 7773
3 5200 1632 3840
3 3578 1720 5585
3 5178 1702 5626
3 9718 7138 2160
3 8109 460 461
3 8298 2553 8297
3 6169 3281 1877
3 4014 8821 2507
3 5075 8841 1032
3 2107 5007 3120
3 3128 5681 8983
3 1758 4263 3327
3 7428 9302 2860
3 7701 2320 7700
3 979 6330 8605
3 5630 2134 5334
3 4773 7540 2986
3 6514 7256 2158
3 2816 9026 3390
3 8835 3241 840
3 7981 9315 3699
3 7419 7417 2257
3 5952 9112 2595
3 7961 1367 4113
3 1052 9481 7385
3 5548 5546 2877
3 5993 1715 3156
3 4121 5474 8703
3 4200 1900 6160
3 6007 2103 9746
3 1808 6765 4837
3 7993 5711 2327
3 5185 5554 1665
3 8732 911 6541
3 5207 8995 2653
3 4021 2307 7579
3 1811 4851 5388
3 7686 3933 956
3 9077 1121 6351
3 8952 6894 3543
3 9737 9470 4482
3 6672 4704 638
3 3309 4031 6164
3 1952 6025 3958
3 1440 8970 5629
3 4858 9882 1120
3 3066 3851 9383
3 9853 9772 1498
3 8394 5547 2577
3 8760 7935 6522
3 6882 922 3316
3 7168 4056 8670
3 1899 7547 3170
3 3928 6376 1991
3 5237 9162 1520
3 5008 9423 2686
3 4679 7906 1586
3 7920 4042 2362
3 9893 5681 3128
3 9893 5827 1243
3 4395 8683 2493
3 6694 1116 4249
3 9682 6166 3006
3 3980 7764 7429
3 9041 8984 748
3 9313 4866 1641
3 8670 4056 7264
3 8269 1419 8032
3 9834 1583 3404
3 7195 9860 7196
3 3684 6715 2162
3 7006 8066 750
3 9660 5399 579
3 592 6413 3629
3 7783 2334 8688
3 7012 2179 9024
3 5510 9140 112
3 2373 5361 8216
3 4908 2091 9450
3 2091 3953 7014
3 4087 3631 6765
3 8989 2766 6975
3 8489 2319 4839
3 2160 7138 3946
3 6468 3664 2225
3 5060 1451 4442
3 8101 1007 4169
3 9321 3519 2731
3 923 6825 4375
3 3716 1706 5263
3 8643 9538 619
3 5912 3967 1840
3 1675 6497 4475
3 6497 1675 5229
3 2161 9563 6432
3 1960 7999 6889
3 6613 1141 2967
3 6535 5065 3088
3 8625 7283 6052
3 9787 4638 6787
3 253 6290 9802
3 6093 4494 2167
3 1985 5366 3997
3 7373 3735 5287
3 2874 5999 4276
3 1808 8552 7246
3 4396 8683 4395
3 3610 6474 5542
3 3949 1322 4630
3 1322 7305 4630
3 1267 7234 9004
3 4330 1831 7702
3 5203 2922 1710
3 1631 5526 3059
3 9403 5926 547
3 2548 8936 4615
3 454 3458 455
3 7045 1760 5240
3 9571 899 7473
3 9403 3512 4237
3 3788 7216 6053
3 1997 7216 3789
3 7833 777 4401
3 5208 9288 535
3 6908 518 519
3 1652 3380 5069
3 9760 4596 2802
3 6478 6477 2740
3 1508 4508 9527
3 6109 8034 3154
3 2719 6565 3813
3 6147 4597 781
3 3352 7791 9695
3 7277 7049 2502
3 422 7614 423
3 8437 1518 4618
3 7998 1650 5161
3 8147 2929 7697
3 9698 9697 7170
3 5906 1646 5128
3 749 8001 6324
3 1962 5328 6118
3 9795 2581 5312
3 5579 2557 1772
3 9844 4423 5889
3 335 5253 334
3 1104 8971 8313
3 1056 6452 5005
3 9856 6678 2954
3 8588 5951 6378
3 9680 159 9679
3 4108 6920 6449
3 4882 1579 9462
3 8339 1496 8534
3 2667 7913 3686
3 2386 7974 4326
3 6757 104 105
3 7236 4356 8397
3 1755 8988 3905
3 6909 3361 5322
3 7504 9125 2876
3 3166 8772 6048
3 9023 4316 7176
3 3978 9271 7875
3 9447 614 7692
3 3972 1389 7945
3 9379 396 397
3 6923 3022 6922
3 9607 6739 2157
3 2744 9357 5691
3 2471 5336 8654
3 8042 801 5152
3 9410 606 8685
3 4004 5172 2344
3 1979 5533 9827
3 2251 7357 7356
3 5386 5742 2018
3 4528 1683 5508
3 7578 5034 1635
3 3690 2922 8535
3 3269 7362 6173
3 4421 8987 1013
3 3658 1251 9242
3 4359 1429 9813
3 6036 1847 3211
3 2405 7775 4003
3 8009 7118 2154
3 3713 568 3968
3 649 3966 5305
3 4431 4213 934
3 4891 8331 7404
3 8062 6555 3460
3 7614 4446 6028
3 3618 5593 7801
3 9040 2490 7461
3 4342 6838 2568
3 2856 6310 7603
3 4221 9673 9036
3 3519 6074 958
3 6042 5030 3258
3 1140 3056 7453
3 9443 77 6782
3 7823 5602 682
3 7002 5829 2085
3 5583 8081 406
3 8675 3705 5581
3 2974 451 6533
3 4370 8977 5839
3 3393 1248 7204
3 4013 1776 5890
3 9482 6705 3664
3 6804 3866 636
3 8167 198 3800
3 197 8167 196
3 431 8293 430
3 3818 8269 8032
3 6859 5770 2111
3 9055 3533 7572
3 9012 3033 9312
3 2935 7882 5677
3 8672 9175 2564
3 1795 3060 4554
3 5446 3667 788
3 9089 1028 8468
3 7805 4737 2491
3 7089 6596 2417
3 8572 3776 8382
3 2729 9790 8382
3 4982 3784 912
3 4135 3121 1746
3 5556 955 8876
3 5771 2630 9362
3 6337 4944 386
3 7587 42 43
3 5619 1275 3844
3 8974 7437 3311
3 8621 4191 1625
3 3207 139 4191
3 4273 2677 4668
3 5065 6535 1412
3 6651 4677 6083
3 1008 7690 5059
3 6134 7044 3217
3 747 4267 8361
3 8934 8804 379
3 380 381 5897
3 8020 2056 4377
3 6043 357 358
3 2985 4576 8713
3 8466 3887 6412
3 1428 4030 4288
3 8754 8418 3728
3 4854 3386 842
3 4762 8159 3016
3 5270 4869 564
3 7185 4304 9224
3 3040 5560 6668
3 2739 8410 5395
3 7375 6457 2430
3 937 4720 3390
3 4887 7315 3910
3 8892 4797 2343
3 3529 6932 5258
3 5108 4742 2736
3 2867 5868 1860
3 5103 4277 3113
3 9051 4393 7681
3 5597 7230 1145
3 7143 2998 4002
3 3180 2241 7527
3 9851 473 9081
3 7228 6278 1499
3 326 9672 5077
3 5802 1556 4767
3 690 8616 6216
3 6551 2092 5001
3 709 4758 5528
3 2856 5994 7890
3 3441 8766 4856
3 7898 446 447
3 1870 7159 3707
3 9865 8024 1365
3 338 339 9306
3 3667 5854 9071
3 7915 7816 2409
3 7840 2671 6269
3 8802 5465 3150
3 6283 3660 1738
3 5642 1806 3285
3 4465 8946 1974
3 6044 7266 1320
3 5657 1664 5188
3 5283 1521 4557
3 9666 3349 3299
3 3978 506 6820
3 3245 4718 863
3 5325 583 8832
3 7288 9386 3279
3 2560 7212 9784
3 8971 1104 4945
3 5150 8628 75
3 3028 8831 4758
3 896 8580 5020
3 7525 2241 3955
3 7311 1043 3096
3 1777 8309 4635
3 7245 3883 1341
3 7112 4765 3261
3 5629 8970 2456
3 1939 5241 8164
3 1345 4017 7817
3 3177 7652 9327
3 9404 7927 5024
3 5989 1057 7899
3 9335 1079 5692
3 7350 7519 3407
3 6698 2836 5343
3 4236 8948 9850
3 5700 4314 1418
3 3335 1896 5764
3 1972 6689 6161
3 3814 6398 9724
3 1264 3988 6261
3 5777 2227 3920
3 161 4107 8933
3 4105 1610 8338
3 3700 8369 7970
3 6756 2024 6755
3 1600 8035 4213
3 6129 1259 3629
3 4659 1860 6686
3 9854 4663 3053
3 3696 7302 2254
3 3431 1189 7295
3 6406 2357 5776
3 3571 8080 7584
3 9009 6100 1393
3 884 6243 3071
3 3119 5851 685
3 3383 3896 1569
3 7449 8080 3571
3 8108 1431 9522
3 9381 1622 2992
3 3096 1043 5140
3 9479 176 3738
3 9151 7033 1274
3 1469 3398 3397
3 8745 8352 4049
3 1433 3710 8020
3 1462 4281 6371
3 7634 4845 1558
3 3248 7699 1210
3 2948 9926 5698
3 8578 4531 7604
3 8657 5716 1200
3 7613 6128 1946
3 1373 9429 8993
3 9364 2630 3864
3 5838 1086 2940
3 4394 2686 9425
3 6515 2439 8561
3 5975 4866 674
3 5943 5942 1838
3 897 9257 5942
3 9091 2328 7716
3 9526 6257 8131
3 3877 1515 3544
3 7399 773 4137
3 3421 5109 778
3 8693 5545 7472
3 5562 5242 2634
3 7022 1295 3422
3 6300 445 5815
3 3337 2424 8029
3 1934 5193 3493
3 5193 8198 3493
3 5249 4245 1930
3 5155 6810 1704
3 1805 7496 5335
3 1947 6411 6415
3 3605 7386 7050
3 2318 3824 7435
3 2717 6245 3780
3 8299 6855 5520
3 3104 2067 5973
3 8174 7487 1047
3 9546 1134 4158
3 319 5169 318
3 1280 9292 8769
3 3391 6172 7362
3 9548 6307 1557
3 4946 807 4918
3 7977 791 3432
3 154 6280 4134
3 5525 5407 913
3 2078 9626 4449
3 5952 1694 3812
3 3403 1161 7563
3 9945 6084 2760
3 8938 5950 3238
3 7534 6529 1058
3 1058 5645 5644
3 1682 5810 2786
3 8092 2600 3768
3 8023 2599 5154
3 5153 2598 9218
3 3778 6175 9638
3 8054 3611 1834
3 2114 3230 7090
3 7288 2877 4100
3 2272 6773 8629
3 7296 3649 5963
3 9878 2840 5844
3 3497 3169 9506
3 8562 2811 3661
3 2948 5454 584
3 2084 8919 5196
3 7052 3268 703
3 6727 2159 4153
3 4307 8574 2636
3 8056 2338 8276
3 2880 5690 1792
3 8694 5311 4366
3 8176 2145 4534
3 6820 506 505
3 2122 7176 3141
3 2862 6536 1383
3 2885 8790 8789
3 7759 1117 2947
3 6379 4045 2213
3 7910 9445 931
3 3303 1765 8465
3 4254 6871 9651
3 4153 9896 5646
3 9053 1185 8070
3 8070 5010 2401
3 9104 3628 7116
3 2043 2977 6801
3 7533 4622 707
3 6380 8929 3983
3 936 6989 3552
3 4751 7222 2649
3 6918 4720 937
3 8517 3532 7572
3 5675 1840 5445
3 5710 1923 5478
3 9311 2761 6552
3 2406 8627 4479
3 3347 9289 6200
3 2299 8502 7895
3 7263 2150 7262
3 8771 6048 2611
3 8971 2021 6527
3 7591 1935 5789
3 5594 4661 1951
3 7398 3449 6927
3 2185 7231 4486
3 905 4435 5594
3 9605 7409 2284
3 4410 7186 4048
3 5274 3121 7880
3 5283 4242 1521
3 9712 4036 732
3 9331 1672 2994
3 7827 3734 6926
3 8493 5221 2673
3 7564 4406 7847
3 7563 1161 3350
3 3722 8725 6892
3 6023 2128 3638
3 4336 3844 1275
3 4902 7450 1734
3 7592 5787 7591
3 9060 9913 2583
3 9522 9784 4850
3 7290 4669 953
3 3300 8483 9667
3 8697 6873 7913
3 2939 8991 6747
3 418 419 7270
3 7432 5995 2219
3 1629 6761 3706
3 7522 2235 9201
3 9722 4295 6304
3 5440 8287 2735
3 7857 2292 7711
3 5395 1863 4831
3 1416 4310 7951
3 2218 3863 8531
3 5795 2481 5561
3 3330 8103 7464
3 8688 2334 6193
3 3056 6230 5735
3 6438 4641 2906
3 738 9136 5871
3 2489 9183 8630
3 4964 9099 3547
3 9829 7513 3415
3 976 3770 3739
3 5686 1872 9492
3 971 4362 4332
3 8170 7118 629
3 2226 8042 6921
3 8192 5671 2461
3 6969 1127 6665
3 9404 7928 2337
3 7613 5603 3176
3 643 4432 2817
3 7903 4248 6089
3 9318 1773 5532
3 707 4934 7533
3 7532 4362 971
3 1186 8917 5392
3 8987 4421 9642
3 7935 2355 6522
3 7839 3717 6218
3 567 7962 6036
3 7013 5153 4549
3 650 4974 2893
3 4947 2893 4540
3 1899 3752 6180
3 6465 8173 2191
3 6852 9297 3112
3 2622 9323 9228
3 6797 2576 6796
3 9323 4843 9228
3 9794 3501 1032
3 7873 3024 4681
3 6744 2589 5701
3 9412 9328 4690
3 5104 9788 1544
3 2393 8381 7395
3 8117 9530 4238
3 5739 1753 4513
3 4405 6821 2404
3 6436 2697 4504
3 9692 2873 5811
3 9517 8548 742
3 1035 5492 2612
3 4007 2152 3777
3 8105 4022 2380
3 4464 2847 1120
3 8134 4104 6187
3 2201 8640 4323
3 988 8952 3543
3 3543 6894 6208
3 693 4319 6537
3 6263 6885 2567
3 9712 4857 2973
3 8900 2417 4355
3 8138 4284 1221
3 4839 3748 1142
3 8707 8706 4064
3 6728 5018 2147
3 5787 4491 2470
3 4382 9163 2585
3 2832 9578 8506
3 7012 642 5799
3 6140 1701 5600
3 6399 4335 1088
3 8388 267 5080
3 5238 9716 1081
3 7369 2183 5689
3 5684 1787 5683
3 9871 4086 7587
3 7586 384 385
3 5493 3684 1247
3 9055 6592 3534
3 8009 5772 1779
3 8460 1000 8184
3 4088 7202 1695
3 2344 8050 4004
3 1521 4247 3523
3 6187 3443 8134
3 2751 4307 7334
3 4572 3314 925
3 2054 5586 4069
3 1024 5087 9210
3 1877 6600 4025
3 4829 8365 652
3 789 4738 9599
3 8154 3310 2372
3 5916 1730 3591
3 3250 6780 9121
3 8838 5738 2790
3 1920 5904 5198
3 6424 8288 4322
3 9103 1100 6428
3 8007 6072 1118
3 9252 6138 3042
3 1219 6095 9748
3 6466 4301 1949
3 7309 3698 2200
3 9050 2121 4959
3 1437 3968 3098
3 3072 7027 9591
3 7222 7785 2956
3 7003 3313 6132
3 9297 9296 3112
3 9098 7663 2354
3 9 7957 3728
3 6749 8998 3318
3 7819 1163 5207
3 1637 6790 5036
3 2884 5813 770
3 3092 6160 7842
3 4575 2050 4296
3 6296 3601 6294
3 1130 6085 2972
3 4851 316 317
3 6772 2171 4417
3 2172 8353 6572
3 6126 5260 3292
3 4467 518 6369
3 2753 4811 9566
3 9286 8084 1853
3 2459 7463 9688
3 6277 4126 920
3 8690 958 4197
3 8621 2523 4191
3 3426 5674 3557
3 9743 4208 2734
3 442 4145 9483
3 8393 1776 4013
3 4417 591 8254
3 9015 4966 1152
3 2612 4979 1035
3 8237 2576 6797
3 1625 4987 9512
3 8383 4820 2758
3 5558 3245 2338
3 6155 1786 3198
3 5695 4681 1793
3 7817 2279 4253
3 107 9467 4356
3 2312 7738 6342
3 1268 9860 9026
3 7196 9860 1268
3 9266 821 4980
3 2576 4853 6796
3 8096 4341 1361
3 3429 7748 7742
3 4711 8303 700
3 1155 4766 6517
3 3582 639 3364
3 4585 9108 3819
3 7201 3273 2413
3 8118 2545 8283
3 424 7614 6028
3 7022 1649 3382
3 6731 2167 6589
3 9834 8450 3609
3 9418 2286 6823
3 152 9590 6799
3 5521 6824 1871
3 2717 7918 6245
3 5561 7117 1766
3 3705 7310 9458
3 6999 6451 3662
3 6412 3417 1602
3 9932 8902 2629
3 712 6236 8901
3 4295 573 6304
3 573 6543 3312
3 5498 846 4075
3 9195 5597 2768
3 8935 8495 2446
3 8130 1103 7289
3 7569 4174 5086
3 4042 9683 843
3 2666 5747 7640
3 9530 7129 9491
3 973 4880 8821
3 2586 7446 8906
3 9506 3169 729
3 9007 1445 6240
3 5971 3805 9113
3 3708 8473 6507
3 4481 9472 8260
3 8953 7510 4122
3 1006 7062 5225
3 6680 1142 5957
3 1669 8388 3001
3 8371 4893 2590
3 4069 932 5067
3 4913 7010 9908
3 1888 4824 3193
3 4960 7701 7700
3 9820 7071 2411
3 8838 6497 2698
3 3332 8105 6948
3 987 9378 7956
3 2784 6297 5898
3 3482 5051 7695
3 9576 4601 9429
3 9073 9072 3917
3 8138 6488 2961
3 9913 9062 2583
3 6382 5461 3102
3 3102 9199 9600
3 847 5194 8073
3 5793 713 3829
3 8852 2275 7055
3 7734 4682 4148
3 3115 8624 6052
3 798 7325 5333
3 7300 2433 5883
3 677 8898 5180
3 8834 4193 8386
3 4261 8236 9897
3 8471 968 3086
3 5456 1740 2908
3 6544 2256 7225
3 4804 8997 733
3 2295 3698 7837
3 4560 717 4559
3 3891 1356 3881
3 8603 833 5618
3 1060 5599 6227
3 6840 3433 2791
3 8857 5014 878
3 9938 2054 6440
3 5460 917 4281
3 7904 363 6495
3 817 5865 5155
3 1179 5914 8809
3 496 5507 9489
3 8375 5097 1630
3 4184 601 3083
3 9931 1244 5124
3 7265 9800 2142
3 4819 9767 9766
3 651 3569 8255
3 8550 9911 3350
3 5359 6710 1067
3 2870 5746 4935
3 7051 6579 49
3 2249 3485 7150
3 9139 4665 4439
3 3316 1708 5370
3 6998 7026 4787
3 3073 4636 9285
3 6177 5634 1826
3 2630 7270 3864
3 7343 670 6317
3 6207 2794 5096
3 5265 4523 1735
3 9854 5509 739
3 2317 5308 8369
3 7992 8272 3944
3 9578 8357 8506
3 6238 5641 1681
3 7038 3579 6831
3 6162 679 3272
3 7769 5072 980
3 8563 6798 2814
3 2321 5241 8005
3 8164 675 6823
3 3667 9071 9070
3 772 6968 6657
3 5120 1919 8119
3 5763 5765 1896
3 8083 2108 5656
3 9293 2509 5047
3 2211 5178 5121
3 9181 1743 5514
3 4066 8093 7982
3 9287 4068 1349
3 8266 3090 5696
3 7327 5357 2332
3 5205 995 4033
3 6519 3719 2824
3 6843 1102 4836
3 4786 7605 6950
3 5639 449 450
3 6941 455 456
3 3225 1263 6010
3 9310 7803 2848
3 9091 4792 2328
3 9715 2896 4255
3 4910 2838 9119
3 7258 2234 7381
3 5666 81 82
3 8474 6327 2715
3 1883 5537 4751
3 1337 4014 8820
3 4875 1277 7121
3 4158 1134 7804
3 8100 3872 645
3 6275 4361 6019
3 3379 9210 7008
3 9322 5419 2116
3 2446 8494 4954
3 1266 9587 5555
3 1202 4235 3481
3 2522 8188 5770
3 7685 7908 3936
3 3648 8240 7541
3 7056 4809 989
3 7517 5584 1115
3 9373 2365 7131
3 7555 2365 6960
3 36 4580 35
3 6005 6006 3252
3 5517 2952 693
3 6072 1770 3838
3 6552 4757 1119
3 6190 5098 2180
3 683 6833 5887
3 4371 5529 8767
3 7666 7430 939
3 6996 6213 2500
3 2098 4744 3440
3 4102 3903 1555
3 6358 8107 816
3 3947 1859 8788
3 4772 9753 2983
3 1107 7107 5820
3 1041 9943 5992
3 4999 8067 6902
3 7500 516 515
3 5987 2212 5121
3 872 5456 2908
3 3599 2135 6504
3 2060 3202 6692
3 9731 604 6856
3 2495 8498 3550
3 4902 6726 6549
3 4476 2994 1672
3 3795 3972 9426
3 514 7597 4645
3 1845 5385 5983
3 5621 8088 7179
3 7095 3671 6806
3 3418 6064 1133
3 3174 7381 8905
3 7911 3811 6557
3 7393 5077 1887
3 5339 9059 714
3 7427 714 5078
3 8200 1818 3277
3 9558 6593 1135
3 342 343 5389
3 2149 3697 7292
3 2771 8978 7391
3 8452 2704 6442
3 8607 1369 5656
3 8196 3733 5599
3 1096 6685 5907
3 1684 8079 9796
3 4591 9024 1534
3 2624 9427 6588
3 5990 524 523
3 3997 9543 4321
3 7955 3989 2552
3 6963 6073 2731
3 8447 5219 4403
3 3983 935 6380
3 3142 4657 8440
3 7229 685 5760
3 6048 1449 3166
3 2611 8773 8771
3 8151 8923 4731
3 8706 1016 4064
3 885 5204 6548
3 3052 6459 1993
3 3621 1995 2928
3 8719 124 5790
3 9399 9397 4587
3 3147 6864 3148
3 8962 7538 2949
3 1151 6907 8963
3 9874 2755 9598
3 4292 9130 8544
3 9432 2852 3201
3 429 6648 8352
3 5828 3867 1359
3 8048 8264 1569
3 5450 409 3315
3 3331 8595 6703
3 6119 1153 3163
3 6919 5721 1157
3 9671 6981 1327
3 3975 7554 593
3 8384 4042 1379
3 4830 1852 3250
3 5367 9044 2726
3 3654 5063 1626
3 8229 5500 6107
3 3500 6325 1382
3 7394 7214 1413
3 5154 9197 1054
3 7443 785 4983
3 9919 5128 1646
3 2307 7819 5207
3 9949 6770 2426
3 5647 3095 1637
3 7818 6179 2307
3 9402 2666 4823
3 7011 3674 1307
3 9256 5884 1838
3 2621 9257 9255
3 4496 1580 3416
3 151 152 6799
3 5630 5334 1805
3 5453 4352 1435
3 3832 1169 7156
3 625 6724 3234
3 1408 7626 4170
3 9577 1658 4922
3 6743 2499 5117
3 6268 5016 3303
3 701 9262 8608
3 5986 3429 1245
3 2257 7418 7419
3 7418 2257 3264
3 3263 7418 5337
3 3203 4941 1391
3 8812 3780 6245
3 7775 7776 3809
3 9888 1580 7396
3 870 3288 6421
3 4223 9631 5427
3 8445 2549 6188
3 4959 1500 4373
3 5470 1483 8114
3 8943 1743 5516
3 5602 4258 1452
3 9458 412 413
3 6365 5384 2028
3 7357 3386 7356
3 5705 9430 7261
3 3226 763 3202
3 1834 6984 9803
3 789 9599 6900
3 9035 9786 4212
3 2497 5138 6381
3 5703 1527 4085
3 9479 3558 175
3 7844 2088 6546
3 9954 4770 911
3 5144 4418 2096
3 9592 9593 3072
3 8293 2760 5297
3 8163 1823 4855
3 1218 3386 3136
3 9455 9787 5463
3 9532 1594 4931
3 8178 5185 9157
3 6501 6307 1672
3 6683 3405 5979
3 9802 2184 5550
3 615 9373 7695
3 8683 615 7695
3 9829 697 7513
3 7506 6022 684
3 9141 3769 1977
3 9741 5565 1775
3 9665 8109 2553
3 9632 2110 3175
3 8921 2784 5898
3 4159 9118 1203
3 8684 8112 1233
3 9636 9634 5009
3 7042 829 4019
3 9134 1276 3737
3 7044 2117 3217
3 2399 5023 8296
3 2270 7754 7753
3 8295 8296 3901
3 1201 4976 2906
3 9267 3151 1311
3 2588 8110 8680
3 2974 4103 7383
3 3760 7490 2232
3 3376 6696 6697
3 2442 8306 4509
3 8034 1204 7201
3 3249 6993 8063
3 5162 3020 5161
3 7885 334 5253
3 7203 6035 3448
3 6643 1010 4424
3 270 3474 269
3 7259 6219 4720
3 7567 2351 7566
3 5989 7899 4893
3 9750 5923 861
3 3823 4586 8823
3 6756 4228 2024
3 5720 3169 1211
3 9900 6532 1907
3 1576 8980 4877
3 1212 5922 3510
3 7179 8088 689
3 5473 4292 9540
3 9846 1225 8874
3 1198 3218 7044
3 9957 6055 3574
3 2616 5828 5960
3 7603 6311 3407
3 2478 3531 8214
3 2402 8002 8003
3 3914 7656 1551
3 7663 9132 2354
3 3386 1218 7356
3 5516 3668 724
3 4152 661 8647
3 5063 3654 1270
3 4545 8160 2416
3 3889 597 7339
3 5401 1825 9380
3 2760 8293 9945
3 8875 8284 2854
3 3559 6768 8808
3 1572 8467 5477
3 5199 749 4419
3 6038 5658 1926
3 7127 1732 6306
3 3503 8893 6237
3 2962 1548 5218
3 2564 5937 8672
3 8118 784 5101
3 1229 2661 4899
3 9698 6565 2719
3 498 4509 497
3 7851 1229 9449
3 7793 5504 2578
3 9695 7791 1228
3 1230 7277 8553
3 9498 2720 5679
3 9239 8215 3009
3 9508 7100 3499
3 7169 6349 485
3 1731 7718 4523
3 5574 3921 3258
3 4434 747 8361
3 1447 4433 2817
3 4869 1616 3656
3 7907 5196 801
3 8485 1372 4101
3 3279 1236 2877
3 2971 6995 5676
3 627 4352 3750
3 8081 5503 405
3 5850 4334 1850
3 1640 3762 9756
3 9754 720 4166
3 7912 5866 3577
3 7672 5623 1154
3 1456 4438 4439
3 3497 1211 3169
3 2053 7334 5535
3 9243 566 6260
3 9780 6844 2506
3 798 6567 4576
3 6702 2921 6288
3 9638 5828 1359
3 2883 8770 6835
3 5759 3145 1191
3 2187 6461 4149
3 508 7188 509
3 3390 4720 6219
3 8314 1611 5821
3 6564 4931 630
3 8890 5751 3680
3 3849 8686 4539
3 3519 1900 5300
3 9923 6593 9559
3 714 7427 5189
3 5297 9946 3010
3 5426 7583 1380
3 5921 7756 3368
3 3650 8629 6772
3 18 5018 6728
3 7083 5860 2148
3 4099 7090 920
3 5346 9481 1052
3 6808 7095 2046
3 2910 918 7095
3 9448 3922 3262
3 9875 5052 1692
3 990 4011 7395
3 990 7123 5332
3 6110 7193 7006
3 6322 4453 2153
3 9332 4360 6019
3 5859 3925 689
3 5345 8374 9839
3 4175 5271 2903
3 6890 936 3552
3 4007 3777 1528
3 4250 9318 5532
3 9668 2733 7060
3 7559 3202 4552
3 9155 1854 6010
3 6570 3988 1264
3 2724 8542 4769
3 3522 6892 790
3 9554 346 347
3 4027 1421 5476
3 5476 4147 1894
3 8101 4169 5730
3 7097 3250 1852
3 1071 9025 6032
3 5187 2563 9818
3 5635 1829 4236
3 5181 612 4333
3 1757 3663 3662
3 8559 7084 4264
3 9312 3033 4005
3 5253 1687 3185
3 5861 5466 1843
3 7531 3712 5908
3 1136 9922 7719
3 1051 6873 8697
3 4238 2349 8117
3 7497 7477 3826
3 5216 7206 2428
3 7339 597 3639
3 4223 1177 9631
3 1177 4223 8202
3 7359 5848 4390
3 7121 1277 3846
3 2212 6798 5062
3 4515 9857 3751
3 7920 7644 1379
3 8768 1233 7593
3 7756 4801 1604
3 6035 7203 1271
3 347 9856 9554
3 9864 6523 1578
3 2372 8155 8154
3 6488 3639 597
3 8739 2707 7795
3 4919 1193 9685
3 1093 4725 9411
3 6208 2419 3543
3 6238 1454 4357
3 9789 4176 9232
3 3019 9570 6841
3 9923 2829 6593
3 4972 9334 9333
3 6802 2043 6801
3 9439 2783 9440
3 8696 2910 6808
3 4678 7089 1964
3 7542 2417 6596
3 7979 7977 3432
3 4132 1422 3076
3 4164 461 7019
3 459 458 2932
3 433 4163 6385
3 7771 5165 1354
3 7228 7548 3063
3 9817 6264 1587
3 2208 5082 7473
3 4161 7070 1931
3 778 5109 8013
3 5057 513 514
3 1301 8207 7142
3 812 7802 3592
3 4510 8106 1506
3 5903 3461 4721
3 538 539 8166
3 6165 7623 3408
3 9920 448 447
3 6186 2007 5815
3 3190 9904 5437
3 7086 435 434
3 3495 1511 9471
3 3422 783 7983
3 5208 1754 3540
3 1354 3322 7076
3 3425 7598 1303
3 6944 6943 2059
3 2038 6978 3877
3 3494 6384 1931
3 8936 2548 4957
3 6869 903 4078
3 2828 9559 6593
3 6841 1135 4952
3 5184 7033 9151
3 8778 2981 6423
3 9564 5951 8120
3 3697 2149 7057
3 4943 828 3588
3 3395 8148 5071
3 7939 7843 4197
3 6374 5030 924
3 4385 9841 881
3 79 6571 4378
3 2272 7141 7140
3 6179 307 308
3 9553 3688 1313
3 851 6891 3789
3 687 4948 7360
3 7521 6075 898
3 6157 2236 5228
3 6210 621 3936
3 7282 640 3861
3 3649 7631 2262
3 1629 9487 8779
3 7457 6958 1463
3 2319 7445 3748
3 5221 704 3491
3 1430 2807 4362
3 8084 3968 1708
3 7139 9934 2140
3 2908 5455 6969
3 1967 6136 5572
3 9604 5266 1321
3 3951 1322 7754
3 9192 9478 2855
3 558 3630 559
3 6632 6468 2225
3 3197 6271 8668
3 4285 2367 8174
3 8319 6929 3879
3 7693 5810 1682
3 6862 1326 2993
3 9188 6131 3764
3 2438 6551 5135
3 8492 5006 810
3 2192 9473 3639
3 9129 5126 9128
3 5745 328 3652
3 788 9070 3368
3 329 6511 3652
3 5483 5481 1744
3 8235 4386 1543
3 4671 3982 3071
3 3097 4947 9122
3 7969 2493 7695
3 831 8990 5277
3 9677 9640 4647
3 8360 3897 3069
3 8360 7671 3898
3 6426 9753 794
3 4772 794 9753
3 314 3967 5912
3 4804 8996 2653
3 9516 3137 4847
3 5568 9345 5027
3 9776 1471 9775
3 3182 9877 4797
3 5110 1655 2849
3 8586 4456 2278
3 4011 4010 8006
3 5604 3041 1026
3 8680 1192 8393
3 2805 7645 8881
3 9819 1243 6446
3 1027 8863 6887
3 2243 7956 4958
3 2455 4215 8581
3 8434 191 192
3 3800 198 6763
3 3024 5075 7072
3 4870 4579 6047
3 8233 3051 9190
3 6171 9190 3437
3 4400 4320 2204
3 5250 2160 5210
3 742 8548 6156
3 8039 4003 7426
3 7888 7435 1147
3 9064 7434 2318
3 8892 8022 4200
3 958 5913 3519
3 9760 3583 7653
3 7653 2642 5749
3 7348 6266 545
3 8730 1298 3459
3 6273 1296 5449
3 6145 413 412
3 3463 1302 5903
3 9158 6611 3496
3 572 6980 6668
3 5579 1772 3651
3 6010 3226 9155
3 4745 565 3341
3 164 3556 163
3 8933 4107 6524
3 6018 912 5880
3 2495 4963 8499
3 3955 5976 5977
3 5254 572 4643
3 8547 8867 1345
3 2768 8719 5790
3 5288 7556 3428
3 9397 9399 2664
3 197 198 8167
3 2603 8169 9704
3 1330 8951 8310
3 7361 645 4008
3 4677 9341 2626
3 4944 385 386
3 8337 7699 2271
3 2023 7905 6371
3 5147 7491 1991
3 2990 6720 7925
3 727 5269 5341
3 3471 1210 8337
3 5656 1369 3944
3 2509 9293 8083
3 1570 4814 7628
3 9293 1097 6124
3 3986 2069 6779
3 5020 3106 896
3 1372 8485 8488
3 6260 4650 9243
3 7611 8820 4015
3 7091 4101 600
3 2168 5525 5524
3 9363 5771 1717
3 4852 657 8162
3 1363 3923 7178
3 895 3439 4515
3 7464 2201 6563
3 1907 6268 3303
3 7960 1715 5398
3 5348 4346 9305
3 9112 949 7806
3 6378 5951 1936
3 7574 1132 6803
3 3693 2070 7447
3 9536 9537 6345
3 8087 3658 1419
3 1251 8087 9601
3 5518 9534 2681
3 2375 9711 7702
3 9735 7249 3886
3 8926 5819 1806
3 8081 5583 2652
3 3661 2811 1414
3 2498 8934 5897
3 2982 1384 9093
3 8441 823 3818
3 2613 4145 9085
3 8581 1343 6673
3 6861 3764 1386
3 2782 8311 2983
3 2782 8397 8311
3 8597 2806 4304
3 1956 4761 5372
3 4441 3861 1542
3 1971 8014 3815
3 5674 2374 3557
3 8468 1028 4331
3 9647 9222 671
3 3873 8285 2370
3 2574 4283 6924
3 1435 8686 5453
3 5202 8805 2776
3 6170 3565 8310
3 5447 8329 2421
3 2489 4371 9183
3 9147 2227 5284
3 3081 6804 636
3 1609 7839 4781
3 8928 7689 2808
3 6448 2009 3556
3 6443 9936 3320
3 4084 2946 1527
3 4895 2462 8252
3 7820 5653 3492
3 6227 3252 6006
3 2791 7215 6840
3 9820 1983 6005
3 6840 2296 5033
3 7343 5653 670
3 1410 8021 7618
3 5587 8500 1412
3 4670 4564 1549
3 8499 4963 1801
3 2017 3641 5199
3 6893 1723 3034
3 9798 8671 754
3 4363 8217 9092
3 4524 9678 9461
3 1406 6688 4134
3 834 5622 3181
3 7815 2558 8564
3 5907 3045 4923
3 6325 2375 6025
3 1181 3091 6630
3 9125 237 238
3 635 5355 4220
3 2677 4273 9466
3 7439 9822 3612
3 8325 7147 2125
3 9940 9909 2818
3 1802 5089 7274
3 6682 8575 2080
3 4351 4302 2045
3 7868 4052 810
3 2340 7658 7656
3 3664 235 236
3 5125 8928 2808
3 5773 8504 1438
3 5155 4759 817
3 4774 8470 2124
3 2873 6125 2108
3 4922 3045 893
3 4921 6008 620
3 3034 6586 691
3 9085 4145 1585
3 7847 4406 1671
3 6743 3966 649
3 8636 2482 6708
3 2484 8695 8314
3 9821 1411 4274
3 4429 4135 1746
3 9673 8222 3278
3 1423 4222 3736
3 569 9623 8712
3 9249 1028 9089
3 9050 4959 4373
3 6097 1865 3333
3 3275 8631 6863
3 8899 5285 4041
3 4053 6127 1451
3 7030 3232 6753
3 5897 8934 380
3 3319 8811 6606
3 2591 7996 9286
3 2683 9334 9332
3 9562 1635 3097
3 2542 9261 5034
3 7347 9143 4462
3 9784 7212 886
3 2441 4118 4119
3 579 6807 9660
3 5106 1816 3770
3 4257 2023 8749
3 5298 3467 627
3 3749 5152 8919
3 3194 4539 1435
3 664 3365 7778
3 4484 3013 1542
3 8137 1436 4293
3 4654 5373 966
3 2231 4835 3007
3 7816 997 4433
3 8382 9790 8572
3 9861 2074 6543
3 9722 6304 2415
3 5871 5872 1903
3 8970 4177 7989
3 4880 8972 1574
3 9393 9391 2640
3 6682 2080 6681
3 6517 4766 2460
3 5708 9736 2793
3 5006 8492 2680
3 4343 7461 1472
3 1897 7220 3721
3 1376 6268 3497
3 9660 3672 7861
3 8361 4267 7915
3 2229 3402 9189
3 4266 624 5097
3 5572 7493 6134
3 8600 4499 1547
3 7080 9608 3222
3 941 7262 6879
3 2395 6218 3717
3 2501 4473 9717
3 2679 6635 6634
3 9380 5878 3992
3 7120 4053 9329
3 8344 4452 1416
3 5704 8784 2471
3 9857 4515 1953
3 7540 5824 1867
3 4958 2378 3227
3 8132 987 8105
3 3329 7781 5377
3 2843 8037 6523
3 809 4346 5348
3 9009 9008 2749
3 5717 1281 3247
3 2843 1457 4029
3 5854 1876 3348
3 8643 3484 1556
3 5485 972 3842
3 3215 6566 1248
3 6367 1670 4940
3 3747 9569 9390
3 7878 1856 4716
3 4004 9927 9316
3 4783 366 367
3 7982 4067 2316
3 2075 9206 5379
3 6075 7521 2911
3 2805 6017 8301
3 2637 1606 6078
3 6235 1960 4006
3 3491 8069 2347
3 5671 8192 1819
3 8194 759 6254
3 9258 1125 6731
3 9259 6209 3048
3 1325 9168 8053
3 9166 4257 8749
3 4049 2008 4048
3 9946 8284 1222
3 5828 9638 1862
3 1244 6462 3388
3 5676 1784 4800
3 6587 3079 5613
3 3792 207 208
3 6768 5823 2109
3 9521 6038 2959
3 6747 2959 3603
3 4832 9253 2697
3 7775 1175 4003
3 6255 4651 2657
3 3700 9901 8369
3 9253 4425 8203
3 1721 6196 5032
3 4729 8650 8651
3 8315 1477 3622
3 7347 6549 2123
3 7268 1042 7669
3 8418 4064 1778
3 5985 12 7959
3 1889 7300 5166
3 8898 4344 5981
3 8085 1290 3784
3 7863 4199 2655
3 1006 7972 7062
3 4639 6182 7826
3 1141 8318 2967
3 9474 8904 3213
3 3832 7577 1169
3 9182 5427 1484
3 8248 8247 4503
3 2760 9946 5297
3 853 5000 8968
3 4898 2017 3757
3 7558 6852 3112
3 9296 1254 3902
3 9832 4345 5529
3 8740 4106 6189
3 5905 9371 2691
3 2764 8558 4581
3 2506 8834 8386
3 3814 9724 8014
3 8969 6694 4249
3 7583 2644 6079
3 7655 5028 2466
3 9694 2993 1326
3 5390 3804 1311
3 8538 1493 4719
3 5703 1898 2886
3 2159 4756 6248
3 2705 3874 9481
3 1495 4626 8927
3 7544 793 3679
3 3486 1422 3349
3 3636 4951 1398
3 1185 5010 8070
3 7378 5266 1946
3 3402 2229 5171
3 241 7705 3527
3 4047 9596 8052
3 9884 9882 2846
3 2211 5061 6744
3 2279 7167 7788
3 7789 4017 720
3 102 9283 101
3 2312 4364 7870
3 5523 4179 1762
3 1254 5352 9105
3 9069 5966 1352
3 3742 774 6482
3 3464 6091 1301
3 2363 6091 3974
3 3496 5192 8199
3 1933 9471 5045
3 9948 9761 4058
3 3154 5974 501
3 9761 2030 4058
3 4607 1508 6203
3 4143 2207 8075
3 1293 3454 7226
3 2633 8333 8332
3 1510 9158 8199
3 3423 5769 2748
3 3545 8245 6122
3 8197 5606 2695
3 8462 1304 6850
3 8724 1291 7675
3 1291 8724 8265
3 1513 8723 4615
3 1304 7641 6777
3 4615 8723 2548
3 542 7074 3243
3 8215 7164 2579
3 8964 8118 3551
3 9681 413 6145
3 3340 9681 6145
3 1040 9849 9603
3 7802 3618 7801
3 9408 6151 510
3 5915 1086 7374
3 8164 4244 1939
3 2286 9418 6729
3 3121 1406 6460
3 5549 675 5241
3 2921 870 6288
3 2822 6410 9674
3 4300 7794 966
3 7996 2591 4835
3 8081 6517 5503
3 2651 9445 7910
3 9653 4840 1223
3 9653 1223 3283
3 3914 8456 6825
3 8579 2132 7077
3 9066 5786 2047
3 6395 4415 1666
3 796 8146 5705
3 9171 231 6784
3 7092 3010 3397
3 4622 7533 2252
3 8001 5736 2323
3 1813 7779 5950
3 7469 7304 3523
3 8569 5283 1167
3 4726 3736 1532
3 6699 2549 9488
3 8920 4168 6225
3 3807 4807 8204
3 4745 3341 1533
3 9768 1347 3744
3 3994 6739 9607
3 6326 5701 2589
3 6434 2061 3373
3 1160 9353 5916
3 4065 8707 1479
3 9734 7335 4
3 6842 2773 4290
3 5219 8243 1722
3 5269 4558 1870
3 5306 2317 5176
3 3865 2205 7482
3 8919 801 5196
3 9605 426 7409
3 7092 6647 3010
3 7122 3284 6567
3 2896 921 4792
3 5473 4291 1095
3 9033 6396 3510
3 9597 5085 2607
3 4763 981 4638
3 8369 585 7970
3 4730 6791 2905
3 1546 8216 3351
3 8596 1381 3884
3 4497 9082 4498
3 7588 7590 2240
3 625 5937 9847
3 1423 8222 9673
3 8778 6423 715
3 6547 7009 916
3 8196 1675 3733
3 7192 700 3535
3 1565 6951 3022
3 6140 1238 3569
3 3719 8989 6975
3 927 8305 8176
3 6519 3642 3719
3 3617 7046 6884
3 7544 8958 3304
3 5124 1961 9931
3 1327 6981 9084
3 3442 9414 7615
3 9015 5203 2773
3 3918 5802 1810
3 788 9867 3746
3 5473 2778 4292
3 8708 9515 2514
3 4064 4216 1778
3 4776 9186 7774
3 2789 7850 4699
3 2690 6691 6725
3 4670 1549 9464
3 4775 849 9238
3 1794 7681 4393
3 918 6368 3085
3 3412 8526 7232
3 5233 359 360
3 3473 6491 8399
3 2775 9894 9413
3 4206 4725 8257
3 3581 4269 9347
3 9346 6923 2083
3 4748 389 9528
3 4146 1980 6337
3 5618 7584 2437
3 7994 3831 5321
3 3907 3093 1168
3 1338 3910 7496
3 7936 7937 4260
3 4887 2343 4797
3 7647 1368 4252
3 4445 6265 2104
3 1869 8552 5892
3 6983 2979 6970
3 6395 1014 4415
3 5347 634 3759
3 3979 9714 9604
3 2050 4574 8755
3 4016 9585 8394
3 7222 2956 7221
3 6311 1921 3235
3 9847 6724 625
3 5282 2017 4898
3 7747 5201 1212
3 6558 5856 2081
3 5722 5450 1442
3 8319 4377 890
3 8507 1077 7948
3 1522 4246 9076
3 7596 9462 2656
3 151 4459 150
3 2625 5073 8567
3 9324 6629 9323
3 6934 2864 4861
3 9297 3301 5352
3 6293 597 3889
3 5422 845 7566
3 996 6794 7403
3 2726 8539 5685
3 9793 1969 6455
3 8683 7695 2493
3 1251 9601 7696
3 4994 7986 5659
3 6193 4968 919
3 465 3516 466
3 7227 3039 7226
3 6804 6805 2194
3 4698 1588 2951
3 341 5483 340
3 1138 8978 5621
3 6237 484 3524
3 8966 2962 8220
3 9911 1850 7563
3 9828 4037 4038
3 2176 7364 7363
3 5674 4777 2374
3 619 9538 5551
3 2995 8699 8698
3 8955 6911 1190
3 2745 6787 9788
3 7868 5822 4279
3 5796 1886 4604
3 6883 2055 6882
3 9325 772 9130
3 5779 795 4124
3 3091 758 5878
3 7717 3007 4835
3 5113 2079 4770
3 1579 5737 2833
3 7153 1215 6226
3 1600 3779 8035
3 6807 9657 2888
3 2835 9615 5223
3 1601 4535 7947
3 702 9159 6999
3 8517 3653 3532
3 7552 4999 2293
3 7134 1467 6590
3 4734 3652 1458
3 5202 1710 2922
3 5595 944 5911
3 7922 7921 3338
3 8109 6864 460
3 9580 6076 3133
3 6592 6902 1988
3 5063 2366 4925
3 7523 9818 4915
3 3358 8189 6032
3 4471 8909 2151
3 4007 7263 7262
3 7863 7862 1165
3 2453 3604 8582
3 705 8011 3666
3 3883 869 9457
3 4299 966 4298
3 8492 2787 7966
3 1055 4619 3647
3 9417 7564 2725
3 6149 6150 2035
3 8117 2349 6099
3 7731 5037 603
3 1617 8335 5038
3 8919 2084 3749
3 2671 8684 8756
3 8887 6294 3600
3 4953 3659 720
3 9004 6282 1267
3 4631 4629 1498
3 1314 6961 7908
3 2562 8748 3771
3 7419 3263 688
3 2943 8480 7354
3 8082 2404 4516
3 9620 2728 8591
3 4846 8708 841
3 8308 4754 1539
3 4312 3411 1661
3 3282 9613 7825
3 2494 8556 4624
3 4338 888 6876
3 2993 133 7886
3 5947 138 3207
3 4367 1611 8314
3 8161 7392 1341
3 8057 8056 4109
3 5129 501 500
3 9345 2635 5027
3 3280 6600 6168
3 306 7818 4021
3 1163 5002 8177
3 7855 1214 4198
3 7493 1198 6134
3 1085 4359 9880
3 8447 1144 5219
3 9244 1241 9248
3 4713 3270 805
3 9333 4123 1374
3 7295 6695 3431
3 6551 1122 5135
3 7092 5495 889
3 3436 9801 5752
3 8162 5564 1633
3 4209 8292 1262
3 5487 4332 1742
3 6544 7225 2610
3 7612 6637 1923
3 6667 3948 574
3 8627 6010 1263
3 7451 5939 2200
3 9079 5250 6900
3 3961 6021 9238
3 2335 7627 6164
3 5549 2112 6056
3 9573 3574 6054
3 7643 1373 6747
3 3895 416 9207
3 4255 1105 7630
3 2819 7218 9476
3 3428 9196 1172
3 8096 2352 8095
3 3249 8282 6993
3 396 9509 5978
3 9437 6301 2929
3 3551 8118 5101
3 3352 8590 7791
3 7390 2800 6403
3 2660 8431 5767
3 784 8283 6259
3 1353 8759 5853
3 5663 9116 1725
3 7277 5607 2803
3 9918 5607 782
3 9438 1651 5102
3 6148 7697 2720
3 3457 523 7536
3 3594 7771 6314
3 2578 8140 7791
3 2684 5712 4448
3 5911 5671 1819
3 4258 5602 2288
3 8752 8751 5111
3 8999 4907 1559
3 4481 3619 1958
3 5968 3879 1851
3 2052 8861 8047
3 5064 6712 2157
3 3293 7234 5730
3 8551 4169 4296
3 4617 6478 2740
3 8030 3555 8027
3 9708 1660 4511
3 9708 8956 4652
3 4312 3283 1223
3 8488 4099 8487
3 9613 3559 8802
3 8736 925 5571
3 7657 3914 2798
3 7486 5698 1117
3 9934 2772 5444
3 5615 999 4916
3 4660 1631 3059
3 4966 3374 1152
3 9156 1738 6932
3 1444 8945 3798
3 7720 4578 1615
3 6921 5919 3637
3 7934 3750 7482
3 8684 3267 8112
3 6880 1830 3727
3 9701 6494 2883
3 2594 9281 9072
3 7762 974 7741
3 6192 2708 4061
3 9647 5841 9222
3 8698 8699 2492
3 2044 7756 5921
3 2192 8138 7355
3 7680 9164 4383
3 9153 3807 8204
3 5098 6102 2180
3 6245 1368 3943
3 39 3985 38
3 3036 2043 6802
3 1676 7703 6129
3 9547 2276 5341
3 4406 3146 1671
3 9682 2714 8384
3 9326 8810 2806
3 5826 6372 571
3 4304 7185 959
3 9654 5794 3023
3 1157 8463 6919
3 5845 748 7841
3 8688 6193 3575
3 9287 7698 4068
3 362 7904 5048
3 9604 4528 5266
3 7755 739 3951
3 9833 5040 2899
3 7722 5038 664
3 4917 636 3866
3 8256 2467 7619
3 8816 8008 610
3 3948 3225 574
3 9312 1330 9012
3 788 4802 9867
3 8924 4109 2544
3 6998 502 501
3 4909 3381 555
3 553 554 5589
3 3886 1381 6888
3 111 8430 110
3 3557 1592 3426
3 2283 4765 7678
3 4678 745 7089
3 6604 1745 3835
3 4204 875 3209
3 4892 692 3054
3 9628 7847 1671
3 7329 1161 3403
3 154 8798 153
3 7398 6927 2214
3 1002 3449 7448
3 5857 5623 1771
3 8560 7238 549
3 9103 1941 3347
3 9170 1697 5221
3 1395 5779 4124
3 9329 7964 7120
3 2143 8762 6200
3 6255 5215 662
3 7199 2873 6124
3 2766 4269 1875
3 7565 2305 5317
3 6635 2120 6634
3 5180 6744 677
3 2288 5602 7823
3 678 9154 7853
3 5824 895 3751
3 4906 7374 2187
3 1265 8273 7069
3 3722 3522 1265
3 8253 4676 1707
3 8253 1874 4676
3 3825 8578 6198
3 3295 7503 8253
3 6981 3440 4744
3 6356 3445 1927
3 7861 3672 7421
3 9439 3673 2783
3 4660 3058 5936
3 1556 7342 4767
3 4627 4626 1495
3 4124 1396 6913
3 8827 2211 6744
3 6811 2814 6472
3 1803 5592 9062
3 6439 3608 2054
3 8967 2154 3682
3 649 5305 4938
3 5396 1714 9779
3 649 3303 5016
3 3019 9059 5339
3 1273 9518 4913
3 2738 4502 9826
3 8992 2939 8990
3 98 8390 97
3 1690 3113 7278
3 1621 6000 4038
3 756 3508 6274
3 8554 7945 1389
3 1316 3649 7633
3 3873 8850 8285
3 7762 5756 2360
3 4966 6842 5186
3 9598 2755 6631
3 691 6586 3790
3 9562 807 4946
3 6234 7094 2190
3 3496 6611 7086
3 7983 783 3464
3 7752 8028 3537
3 1726 5903 4721
3 8333 6870 4457
3 5426 3031 5451
3 9086 5232 855
3 2941 7999 7355
3 9786 4270 5601
3 6537 5864 693
3 7037 2685 8043
3 3186 4719 1493
3 8449 9733 3068
3 1540 4000 3338
3 5683 2855 5684
3 6699 6188 2549
3 1764 4529 5236
3 8917 9274 3993
3 1733 2887 5134
3 8627 1263 7130
3 1104 8080 7449
3 843 3037 3339
3 5500 2964 8673
3 4213 4431 2082
3 6413 1676 6129
3 9769 5499 3774
3 2063 6862 9475
3 8434 2752 9511
3 3801 1014 8520
3 94 6925 93
3 4806 5512 1739
3 5036 6123 938
3 5157 6538 2066
3 7930 4034 1729
3 2953 7930 5299
3 3377 4973 3436
3 5855 8853 2542
3 8019 1865 6097
3 1712 5987 5294
3 8040 5621 2133
3 6659 5483 1744
3 3795 7325 1692
3 4989 9159 702
3 1861 7924 4496
3 6799 4459 151
3 666 8290 9743
3 9930 1982 5531
3 9531 4884 5541
3 2957 8992 8990
3 5279 4897 719
3 9545 8394 1749
3 9474 4326 1483
3 1440 4177 8970
3 3195 6216 1895
3 3162 6353 5090
3 7891 1123 7890
3 9556 5528 2018
3 8584 1610 4105
3 8583 878 4542
3 5471 9295 3505
3 5259 3424 1304
3 7221 2956 5895
3 7663 582 3584
3 6155 3198 1214
3 695 3307 9549
3 4225 3589 1966
3 1283 4954 7367
3 5650 1113 4985
3 8881 5650 2805
3 6273 3555 1296
3 3488 9791 4493
3 441 8870 5239
3 6555 3254 1760
3 646 4354 7308
3 1222 8875 3892
3 7247 977 5776
3 5167 5003 1698
3 1844 4798 3657
3 3120 5961 6525
3 7319 4205 814
3 8421 7642 1573
3 810 5822 7868
3 809 5374 3032
3 8642 4603 2481
3 9407 5132 1577
3 2284 7409 4050
3 9825 9826 4519
3 9633 6323 718
3 463 6239 462
3 3550 8498 5791
3 5523 1762 4879
3 9504 7055 2275
3 289 4795 5806
3 6270 4368 1461
3 4987 9795 8937
3 3579 7498 6831
3 8263 2466 5028
3 8393 1192 8152
3 3506 3507 9601
3 820 6758 5565
3 6960 5731 2732
3 5565 8126 1775
3 666 6431 8290
3 6017 2805 5650
3 9544 3041 9282
3 9619 5591 4634
3 2223 7959 3319
3 4715 6 3553
3 2596 4030 9186
3 6240 8646 2950
3 9779 4121 6002
3 3532 3653 4505
3 5054 840 2892
3 8218 7760 4081
3 4489 1688 7026
3 264 8947 263
3 5992 9259 3049
3 83 8637 82
3 8525 1201 6915
3 1763 5597 9195
3 8275 8411 1814
3 5610 663 7211
3 7235 9565 5339
3 5213 3524 483
3 8866 5608 3017
3 5256 4268 1630
3 9377 9209 7764
3 9144 3095 5647
3 1788 5633 4226
3 5487 5485 3842
3 3468 970 7264
3 4153 6248 2751
3 792 9496 3686
3 8503 3520 5655
3 7053 2975 9895
3 1235 3693 8784
3 7760 1929 4081
3 7416 6445 3366
3 1239 9260 3253
3 4090 8842 632
3 5760 685 3178
3 3060 1795 5740
3 7358 1548 4714
3 6232 1216 3531
3 5218 5459 2564
3 3758 8787 8781
3 9688 7463 1003
3 9057 4937 8465
3 1063 5056 9073
3 746 9637 9763
3 5970 5333 1691
3 119 120 5807
3 6144 6542 2552
3 9909 3984 7477
3 2987 7274 5814
3 2823 7396 9887
3 3542 8383 2758
3 9061 3829 2583
3 8499 6609 3504
3 9721 5017 2245
3 7809 6638 1984
3 8476 6924 3135
3 8477 4784 1370
3 3958 2375 7326
3 3931 2867 5707
3 4701 637 3554
3 8277 7863 1165
3 3580 9372 6247
3 665 5198 4814
3 8558 6393 2104
3 8395 6970 2979
3 2609 4960 6557
3 5278 1390 4530
3 6362 1888 5551
3 9582 6480 312
3 3655 6362 9546
3 7739 6773 2272
3 7651 1789 7264
3 3590 2099 5472
3 3366 7938 6684
3 5264 1360 8741
3 7905 676 4282
3 9300 5466 2759
3 3954 1816 3360
3 4450 4228 6184
3 6309 4758 709
3 804 5603 7613
3 9723 566 4939
3 9005 6670 4128
3 1949 5672 6466
3 7940 944 5595
3 7556 5288 1820
3 9180 5288 1245
3 2605 6372 5826
3 2839 9728 4589
3 3868 6585 844
3 8944 1822 6372
3 8157 4854 5877
3 3694 5954 5358
3 4570 3164 1503
3 7876 2961 5168
3 7856 5125 2808
3 6800 1837 3988
3 4534 1910 3144
3 4115 5722 1442
3 6688 9590 8798
3 4662 1696 9927
3 4820 6526 2758
3 9578 6746 8356
3 3981 739 7755
3 4241 1965 3371
3 6731 3828 2167
3 9399 1036 6818
3 8351 1160 3591
3 2715 6327 4196
3 1961 5124 4978
3 572 7636 6980
3 5385 800 4306
3 5914 8426 1833
3 3219 5887 8952
3 2425 8415 9162
3 2547 8323 7293
3 5770 3787 2111
3 3385 868 4675
3 2091 4908 9251
3 7758 6933 3630
3 9708 7238 2178
3 1885 5530 4032
3 7971 5393 5420
3 6190 2180 4637
3 9226 9194 4803
3 6016 8530 2448
3 761 3706 9542
3 1384 8922 7531
3 9609 8823 374
3 1560 7347 4340
3 8454 5216 2428
3 648 6760 5110
3 7982 2316 7981
3 1345 7817 8547
3 2233 8916 7004
3 6453 1050 5825
3 2101 6820 5505
3 736 5025 7175
3 5541 2593 5025
3 2411 6004 9820
3 8133 1670 3203
3 5141 6719 727
3 1474 4405 8082
3 7852 2435 7780
3 6642 2404 5214
3 2712 3873 8851
3 2193 5026 3211
3 8053 5377 2457
3 8319 3879 2457
3 9833 1617 5040
3 9121 6780 1618
3 772 8544 9130
3 1633 2841 5785
3 2204 4320 6308
3 2010 6667 6666
3 9010 5254 2834
3 7745 1338 7496
3 6417 8576 2033
3 3741 7470 1002
3 9076 7333 2565
3 5124 1470 4978
3 6338 3755 9645
3 637 4701 9530
3 5724 1140 3015
3 6040 3804 1752
3 2906 1783 5664
3 76 9443 5150
3 7509 8566 3286
3 8973 4202 862
3 7953 1370 4784
3 4093 4092 1370
3 4589 9728 8193
3 2362 4042 3339
3 6078 1606 4167
3 9633 9632 3175
3 9424 9425 2686
3 5515 3668 5516
3 5991 2632 8377
3 5366 9543 3997
3 5867 1278 9719
3 5671 944 4589
3 8103 661 7464
3 2559 5516 8136
3 3825 998 6051
3 7604 7605 2280
3 7345 2600 6755
3 4825 3812 1694
3 1348 6339 3701
3 5214 3265 1173
3 6720 2810 4558
3 4874 2361 7970
3 492 493 5679
3 2720 6301 9096
3 6393 2765 2104
3 6336 9871 2394
3 2095 8571 4786
3 7858 7565 3323
3 6340 9012 3220
3 3469 3448 825
3 3137 6049 7740
3 1628 8316 4847
3 9480 6313 2705
3 4698 985 4043
3 1408 3293 5730
3 6108 4094 1879
3 4151 986 8135
3 8640 8250 1375
3 709 9556 5744
3 4726 2390 3736
3 7616 926 6026
3 4906 5372 660
3 9916 6050 2649
3 6168 6600 1877
3 2247 7512 8565
3 5650 8881 1113
3 1444 5786 9066
3 1444 9066 8945
3 6356 6352 1156
3 9363 9848 3490
3 4390 1812 8064
3 7360 2882 5886
3 8491 4734 1458
3 1810 4943 3588
3 8898 5981 2631
3 1022 5626 4998
3 5725 2727 5724
3 8756 3266 2671
3 5148 1892 3770
3 976 5467 5466
3 7386 3786 3385
3 5106 906 3360
3 9454 4318 7490
3 8624 2518 6052
3 1894 4147 6209
3 1245 5288 8508
3 3162 1153 3161
3 5525 1766 5524
3 1170 3053 6128
3 4416 7476 1693
3 4343 5465 7866
3 7312 2037 6286
3 7146 859 3797
3 2497 6381 8519
3 2271 7698 9287
3 1339 7386 4675
3 7670 723 5273
3 2073 7416 6444
3 6564 1902 4931
3 4770 1773 4521
3 7322 8152 1192
3 9755 9623 569
3 9895 5629 8570
3 9884 4373 1500
3 4500 8557 1494
3 2453 8376 3604
3 7620 9199 1905
3 9180 9178 2648
3 3257 4169 8551
3 7476 3803 1311
3 9779 2218 5396
3 4623 884 3071
3 9464 8864 4668
3 5920 3089 1908
3 6710 5359 4172
3 5442 7466 989
3 1875 6651 6083
3 7016 2132 8579
3 7360 5886 2221
3 1888 3655 5605
3 641 4251 6373
3 6965 2236 4548
3 4275 9477 2368
3 9476 7218 4285
3 3953 868 6545
3 8299 5519 2587
3 7538 5714 1150
3 5714 4993 1150
3 6597 4629 858
3 8448 4433 1447
3 3016 1979 4762
3 1487 9221 8634
3 7494 3902 7446
3 9005 8546 1371
3 1096 5907 4923
3 2906 5664 6438
3 4950 2124 7690
3 5338 9925 5234
3 5725 6792 2727
3 5452 8233 2520
3 7523 9778 957
3 2281 6665 5158
3 5924 1924 5923
3 1608 7524 4915
3 4606 7213 686
3 3005 5493 8908
3 8114 1483 4325
3 3342 4461 5984
3 3200 1157 6215
3 7615 422 423
3 6216 3200 6215
3 5727 3200 8616
3 528 7452 4583
3 7103 2628 5846
3 1078 5156 6013
3 8218 1388 7760
3 7986 2618 5136
3 844 4245 7714
3 7070 6383 1931
3 6221 902 3494
3 3423 1300 5769
3 1300 5909 8782
3 3537 8027 812
3 6868 4608 6867
3 3444 557 558
3 4613 459 2932
3 8313 3704 7223
3 5167 3107 1015
3 4443 8115 1432
3 8501 3184 1589
3 7739 2272 7140
3 9091 1105 4255
3 7924 1580 4496
3 158 6979 157
3 4679 6190 683
3 2003 6833 4637
3 7274 2125 5814
3 4592 4746 753
3 3306 7674 8762
3 1699 5357 7327
3 5693 970 3468
3 2481 5795 8642
3 5084 3720 756
3 6004 5362 1075
3 3109 6296 1944
3 8246 5040 7721
3 9954 911 8732
3 8181 806 3271
3 3643 8295 1216
3 7429 7764 2269
3 6254 1951 5900
3 3467 6658 627
3 4274 575 9822
3 7618 2468 4686
3 6466 5672 628
3 7244 4486 6819
3 572 3908 7636
3 6254 4539 1951
3 5300 1900 4200
3 6415 6411 3194
3 4499 3762 1640
3 9533 860 5518
3 5825 1867 3751
3 7919 5156 2743
3 9309 2868 7967
3 3698 7451 2200
3 4026 1189 7664
3 8865 607 3269
3 513 512 6112
3 863 4636 3073
3 9847 4224 7667
3 9377 5171 9375
3 907 9369 5687
3 671 4481 9456
3 1130 9426 6152
3 7549 5932 621
3 1275 4605 9441
3 5160 8503 2628
3 6610 4790 1080
3 5866 1641 3577
3 9217 1529 7186
3 1680 7475 5090
3 8517 5821 570
3 750 8066 4999
3 8046 1643 7834
3 2985 8713 6604
3 9277 4082 9154
3 904 7832 4440
3 7571 964 3769
3 7210 1607 5798
3 3950 6071 6070
3 9501 6675 4868
3 8421 8422 3929
3 739 4663 9854
3 7743 2978 7184
3 8446 3134 7381
3 1691 8231 5332
3 5532 1404 4250
3 6332 4428 4178
3 3814 876 6398
3 1592 6085 8121
3 6853 8006 614
3 7382 6952 815
3 7654 3430 867
3 5916 7172 1730
3 2312 9092 7738
3 9885 716 3690
3 806 5323 8243
3 5780 7822 4680
3 791 6149 3783
3 4407 9629 2371
3 1977 5639 4103
3 8691 7909 933
3 5387 1527 2946
3 5533 3694 7619
3 2299 7896 8502
3 7997 4676 832
3 385 4944 7586
3 5337 1719 3263
3 2787 5958 7966
3 7610 7502 3765
3 2118 8262 7411
3 7529 756 3720
3 6575 1721 5032
3 9821 9822 2770
3 9228 4843 7968
3 515 4645 7500
3 1069 5991 3292
3 2151 8909 8098
3 8928 5322 3361
3 9584 3078 9322
3 1064 4782 5788
3 9897 999 8386
3 7648 7318 3487
3 6057 2432 8141
3 6669 5350 1750
3 6263 2567 9777
3 5806 288 289
3 726 4732 4066
3 2454 3957 8023
3 9727 5223 1077
3 8033 3248 1210
3 6330 979 3621
3 6458 4091 1360
3 6164 7627 3309
3 4327 885 3052
3 7817 4017 2279
3 9260 1640 5654
3 5175 638 4704
3 416 3895 415
3 4150 3189 1293
3 3789 3039 851
3 2117 4019 7043
3 5596 8346 1276
3 4083 911 4521
3 4966 5186 1665
3 5443 4928 1066
3 3357 1497 3419
3 4112 9114 7961
3 7419 7418 3263
3 5158 8828 280
3 276 7108 3042
3 5870 1012 4380
3 1791 4120 8329
3 2004 8653 6275
3 3372 8235 7279
3 218 219 3732
3 4697 223 8960
3 8526 3915 7232
3 839 7492 6335
3 8734 4161 8522
3 6764 3541 1352
3 4502 7034 1541
3 7387 4501 1767
3 165 8338 164
3 5833 1481 3432
3 5846 7495 1046
3 7872 2774 6414
3 3436 5752 910
3 4421 1013 3396
3 7384 2190 5606
3 542 543 7074
3 3343 5664 9111
3 8422 1957 6223
3 2998 1092 6971
3 5342 8363 2619
3 5654 849 3253
3 3178 7652 5760
3 3482 9373 7131
3 6893 5392 1723
3 5855 2291 4991
3 3345 7903 8921
3 3015 6358 1817
3 4663 739 3981
3 1948 5747 5296
3 6260 4582 1984
3 833 3571 7584
3 6700 6029 3089
3 9061 5592 1306
3 1286 9913 9060
3 3492 5653 7343
3 9420 4302 1414
3 2647 9168 9166
3 676 7693 4997
3 2389 4549 7422
3 8359 8092 3768
3 5713 2839 9729
3 4649 3037 9641
3 580 3206 7048
3 5822 9281 2594
3 5384 4052 2028
3 3781 7048 2027
3 810 5006 9281
3 7966 5958 1171
3 520 519 5166
3 6369 517 5127
3 7983 7022 3422
3 3340 6389 4596
3 1517 6836 4616
3 7054 6771 781
3 8173 6759 891
3 4444 8811 8610
3 6746 6187 1091
3 2241 3956 7526
3 4220 4273 635
3 8482 3686 6874
3 4741 1167 2821
3 6966 1042 3287
3 8799 6772 4417
3 6318 1317 8529
3 1661 4829 7312
3 6766 1797 7573
3 7348 545 546
3 2703 7405 5899
3 5926 4237 2038
3 6612 3516 465
3 8510 3423 2748
3 9295 529 6314
3 3423 3380 1300
3 7713 778 5506
3 447 3515 9920
3 4614 6851 775
3 7673 3697 7057
3 8040 2133 6361
3 2689 8982 7020
3 6340 336 337
3 7214 4073 2298
3 2541 7098 7394
3 7781 2457 5377
3 5841 5154 2599
3 4876 2490 7458
3 2603 9704 6624
3 4214 906 3248
3 6469 3739 4189
3 2337 6174 7927
3 7280 4628 2486
3 1730 8279 5434
3 7149 1735 3773
3 9856 347 348
3 2051 7881 4709
3 6820 505 5505
3 8136 724 3560
3 2053 9896 7334
3 6937 5540 3945
3 2054 9617 6439
3 6529 1904 5645
3 4654 7717 2591
3 4265 6917 711
3 2647 3880 9168
3 5490 7946 2336
3 8512 6940 8729
3 7454 6940 3466
3 6942 3190 2058
3 4401 6942 2058
3 851 7729 4562
3 1293 7286 4150
3 4679 683 7906
3 604 4633 6856
3 3373 2061 6435
3 2681 9533 5518
3 6586 2571 3790
3 1187 6586 3034
3 7672 7527 3651
3 7886 133 134
3 7225 2256 6930
3 5157 2066 3251
3 6538 1017 6211
3 8261 2567 6885
3 2891 9254 5806
3 6710 2049 3702
3 6179 7819 2307
3 301 5055 300
3 1966 7990 5137
3 1606 7724 4167
3 6862 9365 1326
3 9367 6860 9366
3 8113 2309 4310
3 2830 5243 4684
3 498 9650 5969
3 4718 1781 4636
3 8801 3371 5635
3 3402 1916 6252
3 9051 7681 849
3 7939 2292 4260
3 8529 1317 7879
3 722 9106 5379
3 3967 5445 1840
3 3935 6961 1314
3 5895 6701 864
3 5195 1662 2991
3 1628 5031 3384
3 4182 1572 8074
3 3966 9084 5305
3 5134 2887 4934
3 1576 4877 3356
3 1636 4859 3097
3 5583 8792 2652
3 5132 2675 4116
3 2045 4779 4351
3 5850 4045 2022
3 2154 8967 5772
3 3682 9572 8967
3 9890 9757 2747
3 2747 9347 9415
3 8692 967 5334
3 6073 3467 1973
3 7185 2287 5086
3 7161 5064 2157
3 7298 2797 5780
3 7298 5780 792
3 7742 4587 2353
3 1036 4063 6818
3 8354 7844 6063
3 7828 1790 5539
3 3125 7709 637
3 8598 3945 7534
3 8350 6440 1307
3 7844 673 6937
3 1981 4080 6229
3 3837 7698 7699
3 9445 3781 2027
3 9433 4778 8718
3 1520 9519 4201
3 7202 4883 2833
3 7038 3907 2097
3 616 4995 4093
3 7039 2095 4580
3 8552 4926 7246
3 2383 8247 8248
3 8649 5199 4419
3 3910 617 5335
3 9877 3896 1568
3 1486 7688 5736
3 8201 3208 5083
3 7168 4827 1430
3 1523 4932 7717
3 7508 1063 5319
3 4303 9420 8836
3 797 3850 7646
3 6370 1031 3676
3 4826 4311 904
3 9010 6212 1392
3 7553 2103 5030
3 6964 2097 6963
3 2280 8578 7604
3 6785 2764 836
3 8154 6534 1183
3 8976 2105 7061
3 8088 7272 689
3 4051 9130 9102
3 5662 871 5004
3 2550 3024 8842
3 4814 3631 665
3 8083 6124 2108
3 5726 1666 4415
3 9156 6932 3596
3 465 4910 464
3 3174 6906 2110
3 4225 3663 824
3 1977 6473 5639
3 3288 7368 6614
3 6054 3574 2112
3 6063 8350 1307
3 7618 3833 8619
3 1878 7424 6158
3 7424 1878 6701
3 8486 9005 1371
3 7194 663 6748
3 6569 2126 3992
3 3584 8237 9132
3 1630 5097 4708
3 8874 6674 3011
3 8156 3597 7144
3 3658 9242 9241
3 7224 2165 6815
3 8897 1629 8779
3 7105 963 6635
3 6472 2212 5295
3 1500 9413 9894
3 3570 5098 9311
3 5982 1086 5915
3 3994 2646 5012
3 2677 9466 4686
3 4168 2123 6726
3 9370 5711 2691
3 8607 2108 4871
3 6725 6691 951
3 6288 870 3611
3 5060 4322 1451
3 1597 5284 4917
3 1662 5195 9550
3 3362 9581 5010
3 359 3710 358
3 3971 6335 2128
3 8837 8836 2541
3 8002 700 7192
3 8790 4089 8789
3 6274 3508 1550
3 4512 467 466
3 563 7041 562
3 3914 923 2798
3 1526 9493 4766
3 6442 8379 2429
3 7302 6516 2254
3 7745 7496 3909
3 1805 8149 5630
3 5925 2590 6103
3 277 7108 276
3 9670 5882 3440
3 1377 3863 6002
3 6559 9394 2137
3 3627 1259 6129
3 9075 1308 7057
3 4265 6717 2950
3 7499 1126 5292
3 4724 2889 1535
3 3563 7401 2228
3 5949 1913 5948
3 5035 8094 6790
3 8746 2235 3858
3 5299 7930 1729
3 5680 1118 2952
3 9710 6127 4053
3 3306 6707 543
3 4187 9783 8735
3 9618 2682 9382
3 2824 3719 8419
3 3853 7046 8176
3 1921 6310 3028
3 6008 2399 3643
3 15 16 7157
3 19 7198 5018
3 5217 9381 992
3 2148 7157 4768
3 6644 7881 2051
3 3156 2082 5993
3 5705 2150 4130
3 5126 3091 5125
3 1528 7263 4007
3 9142 4897 2396
3 8772 5438 2611
3 7965 4007 7262
3 6323 3175 6321
3 1270 7648 4505
3 1437 9878 9247
3 711 8399 6717
3 3675 1102 6843
3 6393 1102 6120
3 8862 1126 7499
3 2597 9193 4862
3 1657 5064 7161
3 1833 5915 4906
3 7176 1246 3141
3 3124 800 5385
3 5067 4307 2636
3 5393 3419 933
3 5122 4464 9894
3 2500 5286 5511
3 8965 9731 3881
3 8715 7669 2623
3 3129 5378 8664
3 9834 6715 613
3 9943 2582 8451
3 9860 3390 9026
3 3417 570 5821
3 5924 2742 9751
3 5359 1067 3157
3 5055 9699 8209
3 9840 264 265
3 6041 6003 273
3 7128 3050 5782
3 5821 8517 2484
3 6733 5581 414
3 4600 9835 1524
3 1575 6289 9396
3 8672 5937 625
3 4364 8430 7516
3 2170 3884 7249
3 7633 6772 1316
3 2882 4948 7911
3 7489 6903 3760
3 7152 2491 4737
3 6052 6583 3115
3 9331 1893 5041
3 1070 7428 4355
3 5963 9067 1937
3 1959 7252 6320
3 3115 6582 6580
3 4763 7502 981
3 3377 3436 910
3 3045 1658 4923
3 2314 7731 5255
3 8288 1451 4322
3 5358 8256 3694
3 1834 6391 9764
3 3725 5830 2243
3 4591 1534 3213
3 9768 7849 1347
3 2284 7410 5329
3 4354 7387 3398
3 4886 8807 1095
3 7340 2182 3691
3 2309 8113 4434
3 5682 6088 1787
3 251 5550 5301
3 5550 251 252
3 7582 4171 1466
3 3908 572 5254
3 4488 9635 7582
3 2439 4435 8561
3 5598 5244 1679
3 2287 9224 4759
3 6870 901 4077
3 3190 5437 2058
3 6383 449 448
3 6851 4614 5840
3 1299 8031 6186
3 451 450 4161
3 5897 381 3715
3 7311 6039 1043
3 9310 2848 6527
3 1188 8237 6797
3 6037 3210 1847
3 8347 3806 1694
3 7987 4769 3920
3 9551 8146 796
3 6073 9321 2731
3 730 5574 5575
3 1021 6557 3811
3 3918 1556 5802
3 9359 8113 4310
3 7078 9359 2744
3 6158 719 4409
3 9652 9653 3283
3 7232 1563 5435
3 6857 1265 3522
3 5748 9309 1954
3 6388 3900 2295
3 8136 5516 724
3 2380 8103 6948
3 961 8612 4994
3 2775 9328 9412
3 7773 3125 6098
3 4220 8518 8018
3 4491 9552 5640
3 9522 4850 8108
3 2226 6090 7328
3 7939 4260 7937
3 3457 5627 522
3 428 427 5045
3 2694 5589 5404
3 2693 8729 8511
3 457 9385 458
3 6850 3730 2042
3 8504 4173 6088
3 8382 3776 6676
3 4555 8393 8152
3 3415 8565 8330
3 2530 5292 5293
3 2139 7769 5479
3 696 6811 6472
3 9225 5981 1480
3 3568 8004 8003
3 9355 2385 7942
3 2014 6163 4024
3 9068 586 4472
3 7166 7912 3388
3 6916 2014 4689
3 2014 6916 6162
3 9462 7596 4882
3 9304 2069 5028
3 3111 137 5947
3 7468 5993 2082
3 1376 4118 8704
3 7911 4948 3811
3 5927 7432 2219
3 7432 5817 1059
3 7121 3846 5169
3 7805 7804 3116
3 5169 3846 318
3 3083 1215 4969
3 5124 1244 3388
3 1384 9215 8922
3 8610 3319 7959
3 2217 2971 7276
3 8287 5440 3579
3 8599 561 3632
3 3664 6705 2225
3 5244 3260 1179
3 5430 2289 8592
3 7744 560 5563
3 4769 877 3920
3 7402 7401 3410
3 7317 7316 2162
3 5097 7125 2209
3 3008 9375 6253
3 956 7141 3650
3 8639 2554 3795
3 5699 4300 1798
3 8180 5922 1212
3 3116 4567 8078
3 4990 6697 607
3 6485 1793 4775
3 5723 115 116
3 3133 6456 9263
3 4027 5476 2582
3 1608 9200 7524
3 898 6075 5188
3 1071 9944 7734
3 2163 7260 7259
3 5454 1663 4033
3 4033 2411 7071
3 713 6628 3370
3 2239 6628 9560
3 5067 9616 4069
3 9618 9382 3498
3 9711 577 7702
3 8449 6976 1334
3 3207 138 139
3 2557 8986 4747
3 3280 652 6600
3 2355 8912 7187
3 6176 9378 987
3 6176 987 8132
3 9635 2687 7582
3 6831 3908 1392
3 3882 3881 1356
3 2702 8318 7974
3 865 5611 3606
3 864 6701 6159
3 5839 1864 9245
3 3415 5559 9829
3 1488 5383 3948
3 5353 9718 2792
3 386 385 6403
3 47 48 5590
3 4154 9280 8240
3 4021 7818 2307
3 3665 7707 821
3 1181 7931 5322
3 3240 6355 5658
3 1437 5371 3968
3 9379 7047 2145
3 8527 7192 3535
3 9869 2776 8806
3 7291 5859 2149
3 3942 9596 9022
3 560 561 8052
3 6016 2256 4071
3 5633 1115 5584
3 2968 8548 6436
3 9371 8714 3566
3 2947 760 6951
3 5624 1399 3582
3 9854 5768 2963
3 6069 6071 3949
3 6782 7476 3151
3 9842 4385 9534
3 7701 3847 2320
3 6774 4417 2171
3 6845 2914 4071
3 7727 9690 3933
3 7252 6319 2958
3 2958 7549 6210
3 5275 5764 1096
3 6435 5642 1124
3 7620 2376 4114
3 7621 5145 1065
3 7691 2267 4010
3 3223 9468 9725
3 6561 1490 4594
3 8613 2391 5382
3 1707 9235 8253
3 8578 2280 6198
3 8911 6267 3011
3 7764 969 9377
3 6282 9004 2924
3 7370 9714 576
3 1545 4731 8923
3 8473 2598 6507
3 6557 7739 2609
3 8629 2171 6772
3 3162 3161 8545
3 7786 5131 970
3 4128 6670 667
3 5339 5189 2144
3 4809 9254 2891
3 7927 9404 2337
3 5115 2276 9547
3 9114 9547 1367
3 8914 2408 4634
3 4186 1622 9381
3 7311 5215 6039
3 4755 1539 9907
3 4166 8741 8327
3 7627 5075 1032
3 4445 33 34
3 2095 5928 3716
3 277 278 7108
3 3563 8129 7401
3 9381 6143 992
3 1622 9351 4651
3 9897 6397 4261
3 3221 7990 6470
3 9627 1962 6117
3 9568 2753 9566
3 8396 4355 2417
3 1257 7155 7542
3 2831 8356 3969
3 8357 2831 4001
3 5558 5804 1882
3 4452 2743 4309
3 1654 4683 2830
3 5778 1452 4259
3 8809 5914 4905
3 7137 904 4901
3 948 5748 9229
3 5758 717 4560
3 3841 5487 1319
3 7976 3376 4990
3 5222 3365 1237
3 3921 730 7857
3 9055 2482 3533
3 3048 6209 751
3 7741 974 6229
3 7961 4113 2360
3 1056 7451 3698
3 8631 2489 6863
3 6825 2258 4375
3 9625 3433 5424
3 5718 4314 866
3 3015 8957 5390
3 5407 5525 2168
3 4039 5541 1413
3 3639 6488 2192
3 5349 1660 3046
3 1799 5755 9824
3 9824 5755 2537
3 9294 6176 2379
3 9803 6984 2937
3 8869 3632 7744
3 940 7102 4652
3 6824 5521 9929
3 4732 6791 9782
3 4260 7857 7936
3 9270 1919 5120
3 7580 7191 923
3 9347 2747 9346
3 2103 5574 5030
3 5204 7135 2928
3 8604 6544 2610
3 7770 309 4023
3 227 228 6661
3 5588 4129 2308
3 703 3268 3267
3 9683 4259 9641
3 6185 8234 1975
3 4290 9874 9598
3 2700 5073 9410
3 7274 5792 1802
3 9284 9037 3999
3 7236 105 106
3 4424 2313 4924
3 2166 6795 6794
3 4922 1658 3045
3 3600 577 8886
3 3585 9544 9282
3 9788 4777 1544
3 585 4755 9906
3 1272 7113 3822
3 984 8203 4425
3 4516 8145 2403
3 1836 5308 5306
3 5686 9492 1348
3 5939 5005 1866
3 3698 7836 1056
3 6204 322 4889
3 8698 5585 1720
3 6060 8423 2301
3 2348 4746 4592
3 5486 1742 2807
3 4654 3590 1523
3 4827 7168 9739
3 7554 4778 593
3 8218 5804 5558
3 5114 6267 1438
3 6295 8336 3109
3 7151 4579 2325
3 1928 9308 8496
3 6200 8762 1100
3 9838 7444 2268
3 9203 2698 8839
3 5949 5948 2368
3 9302 4930 2860
3 2860 4930 8046
3 1083 7550 5632
3 1973 6074 9321
3 3791 7136 589
3 5174 3104 1072
3 7171 2486 4628
3 5902 4192 7562
3 2347 8069 8068
3 5363 3012 1029
3 7124 6879 4584
3 9579 6183 586
3 2222 4507 4865
3 7080 3222 6716
3 5361 8600 3351
3 1325 3879 5968
3 8053 3880 5377
3 4317 7209 284
3 6174 3633 6508
3 8113 747 4434
3 7088 5129 3808
3 9174 5128 782
3 5101 3352 1651
3 1383 5143 3878
3 6247 8894 3580
3 9109 3932 7660
3 6271 3197 1164
3 6284 8000 2941
3 7972 3775 7062
3 5913 1900 3519
3 5007 589 3120
3 5425 5342 946
3 2822 9674 8569
3 4052 7868 2028
3 7966 1171 6366
3 538 537 8976
3 6082 6428 2673
3 6235 7999 1960
3 4384 5696 991
3 9409 1520 6409
3 8329 8328 2421
3 3126 9151 4595
3 3231 7129 1614
3 7978 9265 4239
3 4496 3416 622
3 1782 7984 5422
3 5660 605 3050
3 9180 3429 4044
3 7163 3172 7162
3 9179 6895 3828
3 9580 8095 2919
3 9132 7663 3584
3 2573 6313 8972
3 2580 8760 6522
3 4568 8912 2355
3 3721 7003 1897
3 8786 5823 6768
3 9783 7200 2274
3 8906 7446 3902
3 7271 7385 2242
3 5247 1917 4491
3 4412 7446 2586
3 8313 7803 3704
3 7962 2360 6036
3 5269 1870 5209
3 8089 5661 965
3 3890 7014 1147
3 3037 1269 6345
3 944 9729 4589
3 8885 7800 3974
3 6478 2030 6477
3 3513 6611 9158
3 1724 6009 5165
3 7377 6693 2062
3 3585 9282 4571
3 9588 3173 9587
3 1270 3653 5063
3 1463 6958 7750
3 9477 2819 9476
3 599 5035 3095
3 4275 2819 9477
3 4046 1084 7601
3 785 8481 7892
3 7330 4392 1391
3 3353 907 5519
3 8427 7389 684
3 4407 8130 7289
3 6616 4771 530
3 4383 2346 7680
3 7236 6757 105
3 9797 5955 2988
3 7884 6161 721
3 5674 6205 1544
3 4278 8217 8216
3 9354 2933 9353
3 3102 5461 1905
3 5257 9398 8753
3 3305 8807 9869
3 6380 4438 1456
3 7166 1989 4967
3 735 8589 6669
3 571 4289 2986
3 7465 6563 2201
3 1470 3388 7912
3 4949 1586 3219
3 6546 9126 2655
3 7968 4843 1004
3 4436 846 7655
3 1800 4799 7474
3 8248 4503 1541
3 6623 823 2997
3 7755 7754 2270
3 7358 3307 1226
3 9113 3805 1694
3 3580 5320 9372
3 9311 6552 1119
3 4807 3807 1674
3 9748 6095 2779
3 5136 3668 1868
3 6208 1564 4864
3 8688 1285 7783
3 9422 1671 5697
3 809 5348 7960
3 6521 3290 4222
3 9396 4131 1575
3 1026 6332 5604
3 7692 2267 7112
3 1964 7428 5918
3 8060 3922 3598
3 8160 4545 7736
3 7691 3472 2267
3 1553 3642 6519
3 4365 1706 3165
3 3298 9740 8146
3 7757 4897 1609
3 9480 5346 1574
3 6020 2198 3731
3 1608 4914 3289
3 2678 8983 6722
3 7821 1472 4342
3 7423 206 207
3 7642 4470 1573
3 7891 7890 2608
3 1560 6700 9143
3 2690 8920 4552
3 2000 7971 5420
3 7909 5420 933
3 8003 8004 2402
3 9407 2675 5132
3 6642 4516 2404
3 8145 3893 8143
3 8839 5229 1060
3 7159 1870 5268
3 7219 5307 3122
3 7417 6343 1175
3 1734 7450 5066
3 1347 8348 4479
3 6546 2655 4199
3 2650 3831 7994
3 965 5661 7889
3 7050 7386 1339
3 4198 1756 7854
3 7766 7765 2269
3 9404 5456 7928
3 2140 9836 4682
3 892 6258 3782
3 6178 4033 995
3 5138 6395 1666
3 203 6838 4342
3 1518 6478 4617
3 7902 7201 1204
3 2583 3829 3370
3 7223 7592 2436
3 5918 921 3427
3 4255 2230 4441
3 6689 1340 3941
3 5261 820 5731
3 4678 3835 745
3 8713 4576 6567
3 9719 1278 5515
3 5432 3624 1750
3 6193 9957 3575
3 3848 5983 5050
3 8044 4358 601
3 4683 8944 2605
3 5068 1533 4746
3 9764 2456 7989
3 1792 5691 2880
3 3037 6345 5149
3 8182 1759 3618
3 3154 2413 5974
3 8029 8221 774
3 3595 1354 5165
3 8259 2286 6729
3 606 8566 7509
3 2610 5584 8604
3 4628 7280 733
3 6551 5001 1122
3 786 6938 4813
3 5638 647 4270
3 8138 1221 7355
3 2199 3638 5648
3 3614 1563 3192
3 6665 1127 2879
3 1207 3475 6795
3 9609 5941 3823
3 3823 8823 9609
3 1285 3575 5350
3 8985 1681 5641
3 3292 7301 1069
3 1069 5179 9343
3 7605 1489 6950
3 7852 1174 6840
3 8205 1238 4664
3 9911 2485 5414
3 7545 3606 5611
3 6584 5612 1918
3 833 6946 5066
3 9038 2400 8846
3 5373 9286 1853
3 1813 7786 5693
3 1260 5453 4240
3 9728 1434 8193
3 810 9281 5822
3 6981 4744 3613
3 5958 3146 1171
3 8461 8373 1377
3 8516 4598 8515
3 7306 6771 3009
3 9760 7653 1507
3 4062 1659 8320
3 8127 2938 5449
3 4599 4598 1516
3 3583 8097 779
3 3635 6655 5964
3 5137 8429 6471
3 9272 7835 1159
3 5184 9151 9150
3 5920 1908 5130
3 1959 6319 7252
3 5633 9360 9144
3 8868 3002 1915
3 8614 5750 2516
3 5351 389 388
3 8458 2945 7608
3 2668 7971 8406
3 2705 5346 9480
3 8076 319 320
3 4154 8240 2250
3 8583 8584 2453
3 9046 4305 7581
3 2905 6791 9785
3 5775 9615 7126
3 1832 5560 3855
3 1492 4788 3135
3 1791 9768 3744
3 8415 4789 1554
3 5967 7946 5490
3 4785 9395 3413
3 7222 4751 1108
3 8258 728 4100
3 6249 4229 1024
3 728 5108 9386
3 408 5450 3256
3 5831 6496 3315
3 3143 8194 6254
3 6115 5196 1667
3 1753 5739 4514
3 9126 6546 2088
3 7858 2305 7565
3 9528 389 390
3 7197 3666 2164
3 8067 4999 2449
3 9697 2719 7049
3 1232 8147 7697
3 2552 3989 6779
3 5334 3909 1805
3 5522 1762 3078
3 8797 4885 699
3 9518 7009 2089
3 7439 3612 1567
3 3301 5628 5352
3 2469 8658 8634
3 4710 1064 8658
3 5945 9503 993
3 2362 3339 7921
3 4684 1654 2830
3 7295 1189 3391
3 9642 4421 1557
3 5071 8148 1190
3 8181 6173 1955
3 4952 8721 2505
3 7497 3826 2090
3 6699 1177 6698
3 4727 478 477
3 6528 9329 4053
3 1954 9309 5290
3 1774 6077 5261
3 8700 7392 2477
3 9847 7667 3138
3 5743 1795 4554
3 9013 213 214
3 7148 3000 2635
3 4586 3823 1272
3 5775 4783 1815
3 8464 4813 6938
3 1717 8289 3564
3 4355 8396 7537
3 1045 5750 3654
3 1034 8010 4367
3 6592 9055 1258
3 5615 4916 3289
3 4261 9770 8236
3 8838 762 6497
3 9355 6622 2385
3 9187 4226 2610
3 693 5864 5517
3 8682 2487 4541
3 9491 6402 1397
3 5604 4763 1902
3 1776 5731 6960
3 4380 1394 2863
3 2295 3900 7836
3 3529 1344 6932
3 9511 191 8434
3 1252 4567 8186
3 4824 852 3745
3 6014 5585 2492
3 2175 4447 8800
3 4395 2493 7696
3 7060 2733 5502
3 5227 7269 2668
3 5823 3759 634
3 5792 835 3550
3 2245 8871 7018
3 200 7458 6763
3 6113 3952 1005
3 1661 7312 9814
3 193 8434 192
3 382 9093 381
3 7774 4155 2191
3 6743 5016 2499
3 5396 809 3032
3 5383 3225 3948
3 2500 6213 5286
3 8661 1638 4560
3 1074 6011 4552
3 5044 1646 5906
3 2339 4899 2984
3 2196 8353 6573
3 5963 3649 1316
3 9949 2426 6839
3 8124 989 6489
3 1066 4928 6286
3 3019 6841 9059
3 6596 7089 745
3 9780 1780 6844
3 6878 4584 2151
3 973 8821 4014
3 1796 7156 5744
3 893 5120 4922
3 9859 2789 4699
3 602 8812 8150
3 6333 2087 3378
3 6650 5145 2532
3 4277 618 3113
3 116 8849 3321
3 6463 4727 1532
3 4223 5427 9182
3 7346 2361 9387
3 669 5521 3064
3 5591 887 4634
3 3786 648 5842
3 2849 1558 4845
3 8998 4455 841
3 7990 8935 5137
3 4925 9272 3043
3 2892 1159 8466
3 7678 4765 1220
3 1672 9331 5041
3 7283 4036 8554
3 9453 5463 765
3 5381 6396 1945
3 7319 814 4222
3 63 6928 62
3 8630 4096 8404
3 1638 8709 5758
3 8559 1758 8251
3 8251 4752 2522
3 9513 4986 9512
3 850 3955 3180
3 3014 8716 2980
3 8716 8877 1473
3 7733 3189 4150
3 7228 1499 4234
3 3478 1209 7259
3 8644 3927 7184
3 6295 3109 1944
3 623 7914 4900
3 6684 2306 3434
3 4537 1237 3365
3 3961 9090 6021
3 3321 1561 9090
3 8862 4645 7597
3 7500 4645 2530
3 888 8785 5539
3 2381 8598 4740
3 250 251 5301
3 468 469 5461
3 644 6251 2843
3 6736 2783 8115
3 2468 8619 4271
3 5757 1129 5065
3 9640 8959 4647
3 913 9902 3772
3 4493 7952 8759
3 6386 6829 1933
3 1774 7205 6077
3 7737 2266 9881
3 7610 3765 6139
3 3834 4484 640
3 6121 8944 4683
3 9749 6095 1865
3 3556 5837 163
3 2086 9236 7031
3 1846 4600 3772
3 2081 7024 3685
3 807 8891 4918
3 8918 8917 1186
3 384 46 6291
3 2984 390 389
3 8057 2338 8056
3 7015 2544 6400
3 9018 1648 5099
3 7054 3297 6771
3 4444 5860 8811
3 5307 7887 6545
3 6864 8109 3148
3 1049 8323 4656
3 6706 453 9658
3 4613 460 459
3 4728 1532 3736
3 8233 1346 7352
3 7253 4090 632
3 5734 1784 3153
3 4497 1547 8847
3 1033 2890 4644
3 130 131 7955
3 3774 9557 9769
3 2637 9319 4656
3 9665 3148 8109
3 9715 1542 5468
3 3128 5827 9893
3 8820 8747 4015
3 7740 6049 1883
3 7672 1772 3181
3 7607 2523 7606
3 7607 7606 2556
3 135 7845 134
3 2557 8744 7953
3 4643 1832 4642
3 9336 1535 4206
3 1867 5824 3751
3 8860 6599 4210
3 1410 7618 4686
3 8180 5201 2472
3 6173 3271 1203
3 1812 3938 3655
3 324 6364 323
3 5228 9027 598
3 4893 8371 1207
3 3138 6289 7349
3 4554 3060 1199
3 6057 675 6056
3 9855 4247 4458
3 2858 6040 7530
3 5150 9267 8628
3 2119 8094 4172
3 1770 6285 4687
3 813 8652 7825
3 8317 4729 2398
3 3274 4833 1691
3 1893 8665 5041
3 9787 9532 4638
3 6205 1028 9249
3 434 435 5344
3 9763 3586 746
3 7092 3397 3398
3 1380 6079 3644
3 9804 5363 1029
3 5553 7385 7271
3 9475 2993 7886
3 9188 7845 135
3 1744 8949 6659
3 1596 5469 6516
3 3387 4125 8988
3 4885 5419 1762
3 9585 600 4101
3 9392 1495 4095
3 4693 3499 1645
3 3009 6771 1648
3 5959 3155 8403
3 8964 8147 1232
3 8098 6878 2151
3 8278 7211 663
3 1030 9795 5312
3 8939 142 8940
3 7134 3173 1467
3 8664 1208 7402
3 5177 9558 3277
3 713 9923 9559
3 9846 6912 1225
3 4867 8893 3503
3 647 8648 5402
3 9250 574 8206
3 9098 4569 7663
3 2853 5346 6068
3 6720 2990 1099
3 3064 5042 669
3 9956 1774 4555
3 5534 3236 697
3 5870 4120 1012
3 6739 7256 6514
3 6795 3475 6794
3 872 4034 7930
3 2840 9813 9879
3 5699 960 8758
3 8492 4052 2787
3 7966 6366 2680
3 9809 7189 9451
3 7214 2298 6672
3 931 9445 6192
3 2592 6718 5319
3 1656 8227 4549
3 1958 4619 6778
3 6180 3752 4908
3 5941 376 4060
3 8640 2201 4152
3 6634 1093 4372
3 5209 974 4113
3 7468 5399 5993
3 5341 2850 1367
3 1366 5809 8260
3 2316 9083 9315
3 676 5967 5490
3 7856 5491 1685
3 6569 3992 758
3 4879 3107 1582
3 5877 842 4735
3 8168 6624 3528
3 8855 8434 194
3 8197 902 7384
3 7405 2189 5899
3 9226 9193 2597
3 3339 5149 1235
3 5267 2493 7969
3 8442 4437 2572
3 9033 4026 7664
3 3578 5997 6640
3 2399 8296 8295
3 4313 7585 8212
3 734 4960 7728
3 1021 6773 7739
3 680 4226 9187
3 7517 1115 5647
3 9584 942 8158
3 5438 6679 2194
3 5491 1986 9499
3 8405 9266 2612
3 6636 5451 3030
3 9086 855 3754
3 483 3524 484
3 6463 2549 4727
3 8822 1420 8720
3 3763 1709 5620
3 4865 4507 1359
3 2033 4002 7082
3 5663 3592 1351
3 9791 417 7952
3 8597 8809 2806
3 9226 4803 986
3 1695 8185 4662
3 8383 3542 8185
3 6142 2004 4623
3 8758 5133 7207
3 1494 8557 8230
3 9651 6871 8785
3 3370 9060 2583
3 5247 2020 5248
3 9655 4965 7067
3 152 153 9590
3 9803 2937 4180
3 3288 6614 6421
3 1802 5791 4348
3 8958 1042 7132
3 1552 8419 6975
3 8224 394 5930
3 8019 6097 4773
3 8059 6453 1953
3 6010 1854 3225
3 9541 2421 8328
3 5789 5761 993
3 1275 9485 3843
3 7409 427 4050
3 5091 3442 1680
3 677 4344 8898
3 2433 5107 7301
3 9225 3996 5981
3 5529 4371 1450
3 4721 526 527
3 7086 6611 435
3 4457 3455 1297
3 525 3461 5562
3 6701 2956 7424
3 9916 936 6050
3 5636 2274 8932
3 9581 9029 1623
3 7538 3149 5714
3 5543 446 7898
3 9861 6543 7488
3 6450 4819 2397
3 7011 3608 7010
3 6646 4542 878
3 4070 6425 6784
3 4762 9584 8158
3 304 6770 9949
3 315 3967 314
3 1296 8127 5449
3 417 416 7952
3 7220 5933 3721
3 7036 6104 859
3 9891 3892 8577
3 3031 8803 6652
3 9196 7258 1172
3 7649 1258 4505
3 6202 2156 4492
3 4492 8226 6812
3 1992 4282 4997
3 4281 8749 6371
3 751 3534 6591
3 2353 4044 3429
3 6050 936 5031
3 4729 8651 1477
3 5339 714 5189
3 8518 1803 5412
3 9417 9416 6366
3 8674 3747 2592
3 2652 6517 8081
3 2885 6481 5634
3 7819 5002 1163
3 2654 9487 7281
3 2654 5002 9487
3 9542 6958 2914
3 1307 6440 7011
3 4740 8598 1058
3 4247 4246 1828
3 6799 3061 9863
3 4038 6000 9828
3 1559 9223 4454
3 5043 9020 7851
3 8283 2545 7639
3 5280 9691 2741
3 5767 402 401
3 8215 7306 3009
3 9239 9018 2660
3 8553 2803 8401
3 387 7460 4399
3 3931 1493 8538
3 1879 4094 2965
3 9004 3293 5436
3 2780 80 81
3 8947 5354 263
3 5706 1782 3927
3 2311 9095 7067
3 8164 5241 675
3 3831 953 5321
3 6423 2981 9899
3 1802 5792 3550
3 1549 4669 8864
3 6286 2736 1066
3 9386 5108 2736
3 3090 8266 9932
3 1842 3640 6015
3 9536 8345 4826
3 8345 9536 1269
3 3037 4649 1269
3 2025 9641 4259
3 1407 8026 7607
3 8532 7099 146
3 3347 9759 9289
3 4212 1482 6493
3 5948 1913 5746
3 8604 1164 6544
3 8562 929 7098
3 9388 4704 1577
3 9050 9883 738
3 2003 3766 6833
3 9899 7033 6423
3 6331 1908 5757
3 9897 8236 999
3 5681 3140 9152
3 5479 980 2815
3 1098 9336 8443
3 2100 6366 9416
3 6196 3210 5032
3 5763 8889 2663
3 6433 2681 8279
3 2560 9784 9522
3 2447 3554 7725
3 9244 2917 4665
3 7291 3924 1363
3 2945 4971 8457
3 479 4588 478
3 4553 8471 3086
3 5303 1923 5302
3 2420 8417 8416
3 748 5845 6175
3 8561 4435 7570
3 8581 4215 1343
3 2186 6819 7243
3 8326 2379 3854
3 2310 8447 4403
3 3840 8979 805
3 5946 2437 8080
3 9563 3087 6432
3 731 5046 8272
3 5738 8838 2698
3 7019 1513 4164
3 454 6706 3458
3 5410 1303 3381
3 4551 8324 6869
3 8015 2057 5475
3 6828 1934 4164
3 8221 6234 774
3 8513 5259 2695
3 3540 6346 9288
3 6986 1754 5208
3 6855 984 5520
3 2405 3893 7776
3 4581 8558 6265
3 9203 5738 2698
3 516 5127 517
3 9543 1426 7309
3 8973 4132 3076
3 5237 9409 2700
3 691 3790 3658
3 6615 1541 4501
3 1674 3572 4807
3 5017 1674 4461
3 5840 2042 6851
3 457 456 6990
3 8949 4005 6659
3 6023 8267 950
3 6068 5553 3230
3 8278 2246 7211
3 9511 7535 6272
3 3528 195 8168
3 2416 5729 8161
3 8236 2464 4916
3 1886 5794 9654
3 931 4061 6742
3 2711 5474 5397
3 2137 6560 6559
3 6778 1055 5376
3 3673 9439 752
3 4431 1445 4430
3 2499 8184 5117
3 9738 9736 1088
3 3873 5996 914
3 7555 5502 7131
3 581 8921 5898
3 4649 2025 3919
3 7328 6090 4000
3 5434 4385 881
3 2715 4196 8537
3 3246 1607 7210
3 9600 9199 1106
3 3566 6427 8915
3 1139 8714 9371
3 5162 9696 1228
3 9065 9695 2718
3 7998 2502 3813
3 2804 9918 9919
3 5102 488 489
3 2579 6147 7306
3 9552 4491 1917
3 2469 8659 9063
3 9733 848 9732
3 5868 9349 692
3 2927 8025 9865
3 579 7468 9657
3 9551 8773 2611
3 3046 1264 3756
3 808 3806 4942
3 6256 1847 3210
3 6592 1988 3534
3 2547 7293 4655
3 623 3904 4602
3 3176 1170 6128
3 6497 9620 4475
3 3264 2257 3809
3 837 5608 8866
3 873 5741 6931
3 8398 3999 6757
3 4356 9467 3212
3 2998 7143 1092
3 8410 6058 1863
3 6694 9240 2606
3 1062 7060 5502
3 4249 2713 8125
3 2713 9275 5501
3 8687 5566 2538
3 2734 7060 5567
3 7382 3845 3896
3 5254 9010 3908
3 2555 5537 9013
3 7785 7424 2956
3 9059 8726 714
3 9922 4952 2829
3 9361 8442 2572
3 3163 1962 6119
3 3084 8410 7940
3 7328 8042 2226
3 4618 506 2938
3 9352 7902 1204
3 9507 400 8063
3 7639 9202 2465
3 7799 1057 5989
3 5455 1740 4606
3 9277 678 5690
3 1704 6810 5156
3 7539 7185 5086
3 2288 7823 7267
3 7299 9455 2754
3 1190 6911 5071
3 4839 1142 6680
3 3692 7373 1073
3 9341 7997 2626
3 4133 1117 7759
3 514 515 8594
3 4522 7217 9947
3 6243 2936 5469
3 3924 7292 882
3 2750 8693 4522
3 6386 426 4162
3 4756 3419 1497
3 5079 9616 1716
3 188 5258 187
3 2706 9704 9703
3 6352 1895 3023
3 8745 427 428
3 7363 7204 2176
3 2518 8624 8623
3 7020 6657 2689
3 3511 1722 5922
3 4997 4282 676
3 9615 1815 5223
3 4888 1401 3963
3 8255 4520 651
3 1696 6418 4195
3 9863 3061 1531
3 9374 5651 1892
3 3471 8337 4256
3 5451 1727 5426
3 823 9361 6554
3 7053 565 4745
3 2966 1141 6613
3 3251 2066 6826
3 8852 2952 3838
3 9685 9684 2763
3 2588 8680 8679
3 3080 6051 5263
3 6120 2124 5309
3 5198 665 8480
3 28 8470 4774
3 9643 4748 1566
3 7858 6116 1101
3 2355 8523 6522
3 5612 6584 977
3 123 124 8719
3 2382 4800 7229
3 502 3154 501
3 414 9681 4561
3 5808 4274 1411
3 3504 764 3152
3 9204 7391 1137
3 2006 7069 3521
3 5035 599 8094
3 5998 4563 2367
3 7340 1152 3374
3 4764 1271 3470
3 6527 2021 8860
3 7339 5885 3889
3 3292 5260 2433
3 2676 9138 5872
3 7292 3924 2149
3 7746 2473 5381
3 9008 6447 2749
3 5202 2922 716
3 9100 8807 3305
3 5544 1710 4291
3 4357 1061 5641
3 9425 744 8416
3 5518 7326 1831
3 8212 7585 2146
3 3130 1705 8100
3 9389 6251 644
3 8398 9284 3999
3 4644 1502 3212
3 5331 6801 1736
3 8100 5648 3130
3 6620 2096 4418
3 8921 581 3345
3 1090 4038 4037
3 6316 4454 1914
3 3471 879 8210
3 879 6375 4280
3 1612 5822 5056
3 8045 2100 6367
3 6223 5740 873
3 1575 4131 9648
3 5217 4927 2147
3 5246 768 4160
3 6622 930 6379
3 2728 8714 8591
3 3264 5214 1173
3 2948 5698 1663
3 7864 4041 2521
3 8404 4817 1394
3 5719 4469 1082
3 7514 2385 5719
3 7324 2168 7068
3 6299 3888 656
3 4779 594 4351
3 2793 6207 9470
3 7188 508 3587
3 797 7810 3850
3 3677 1976 5732
3 7132 8567 3304
3 5738 1983 9049
3 6970 9862 6983
3 49 6579 48
3 7831 2984 5351
3 2799 4046 5669
3 8457 2684 6498
3 2064 5403 8764
3 6992 2504 9699
3 8028 3539 2423
3 5749 416 415
3 9065 2718 5019
3 9174 5161 3020
3 7170 480 481
3 7851 2804 5043
3 819 7210 4648
3 9725 590 7949
3 4174 9873 588
3 5804 4081 817
3 8521 3687 5678
3 7688 2323 5736
3 231 9171 230
3 7371 4980 821
3 4376 1729 7723
3 6034 9752 9750
3 7925 6720 2001
3 3824 2318 7434
3 9420 4303 6399
3 7514 9810 2931
3 3564 8289 9612
3 4696 2168 5524
3 2813 629 7118
3 9900 1907 8465
3 5121 5062 2211
3 6847 3852 2052
3 5121 2212 5062
3 7465 6097 3333
3 9751 3346 9028
3 5924 3478 9001
3 7784 7593 3268
3 7539 5086 2289
3 9382 7719 3498
3 9908 595 6530
3 6304 4929 2415
3 2674 7550 3767
3 4013 8680 8393
3 6430 3940 876
3 3416 7065 7032
3 7099 4805 145
3 1176 3287 7147
3 1938 6460 4134
3 9924 1406 4135
3 4004 8050 1001
3 9339 8833 4749
3 6703 402 5863
3 7573 1797 4742
3 8786 3759 5823
3 2826 1388 4703
3 4109 1627 7507
3 8376 8338 165
3 3139 6502 6974
3 9021 4320 5413
3 2818 9908 6530
3 5636 8932 1004
3 6440 2054 3608
3 1678 3439 3438
3 4490 1688 3073
3 9579 586 4978
3 4967 1599 3179
3 2014 6162 3272
3 2216 6526 7304
3 9870 8569 1167
3 6270 2215 4368
3 8581 5212 2455
3 7526 5579 3651
3 976 5148 3770
3 9300 5123 1891
3 6664 1968 3451
3 3524 5213 7127
3 3983 8929 7239
3 4821 1437 3098
3 463 9119 6239
3 464 9119 463
3 8194 4818 759
3 3743 5196 7907
3 4123 2683 4028
3 5200 3623 1632
3 4821 3623 1085
3 9333 1374 4972
3 7362 607 3391
3 4360 9334 7790
3 9808 4535 1601
3 9220 8100 1705
3 6162 4368 679
3 6194 4978 586
3 7704 3074 4788
3 2735 5273 7745
3 2456 8970 7989
3 7808 2388 7807
3 8952 988 3219
3 5626 5107 1889
3 5130 8021 2534
3 4422 5917 1917
3 4845 7634 2861
3 7635 841 4455
3 9114 2595 5115
3 7491 4842 1991
3 9814 5643 1661
3 8555 6617 1185
3 1895 6214 3023
3 4503 4502 1541
3 4413 9689 8523
3 4101 7091 2114
3 3645 9088 6652
3 8284 2760 6084
3 1214 6645 6155
3 1198 7493 3216
3 6244 6087 1881
3 8220 1199 6224
3 2220 4889 3771
3 4423 1329 3185
3 2858 5874 8628
3 6782 78 4378
3 5587 2495 8500
3 4822 7439 1567
3 3561 2329 7487
3 908 6257 3562
3 6749 3318 6606
3 7635 4455 2278
3 1701 5317 4981
3 6317 5414 2485
3 8630 4473 2489
3 528 4583 529
3 5592 3830 1306
3 5419 3078 1762
3 6906 8905 1195
3 9196 8528 7258
3 5304 2920 1584
3 7258 3134 6456
3 9353 2933 5916
3 7625 8351 3591
3 8154 4485 6534
3 3796 8976 7602
3 5573 3348 1876
3 2776 8807 4886
3 7612 8189 3358
3 5632 7550 2674
3 9716 5238 2871
3 7568 1047 4293
3 7521 2415 7059
3 4682 9836 1439
3 5047 1097 9293
3 2108 8607 5656
3 8777 768 2874
3 9859 768 5246
3 8400 9680 2875
3 1290 8509 3784
3 6468 6632 234
3 238 239 9125
3 9486 5443 1066
3 2458 8444 6766
3 2570 5278 4530
3 9642 1557 5781
3 6665 2879 5158
3 4924 1057 7799
3 7951 8344 1416
3 9846 3011 5114
3 513 6112 7597
3 6846 8862 8861
3 2995 6572 8699
3 7728 4960 2609
3 9178 6895 2648
3 6880 1669 4556
3 7722 7720 2304
3 8335 8336 2528
3 6626 4116 6496
3 404 6328 403
3 8073 5194 8072
3 3660 8660 6531
3 9891 1469 3397
3 9368 6897 681
3 4431 9572 6240
3 3695 7574 6627
3 5136 724 3668
3 6894 4863 1564
3 3886 6888 6024
3 9467 108 6342
3 294 9233 293
3 1118 6072 3838
3 6689 1972 3940
3 8160 3941 2416
3 8917 3993 5392
3 2016 5576 4577
3 2894 5421 9942
3 8556 6727 653
3 4294 6312 8873
3 6257 2074 3562
3 5998 4285 1788
3 9778 2236 6965
3 6956 564 4869
3 7934 627 3750
3 9879 9813 4361
3 4451 4381 9389
3 6296 3109 5039
3 7721 1617 5038
3 1939 6702 6288
3 7783 1285 6832
3 2901 5759 9701
3 9840 4156 3727
3 5330 1378 4097
3 7830 4706 3627
3 2897 4736 2102
3 770 5813 4175
3 5686 3701 8882
3 9865 5141 2927
3 9929 669 4828
3 6030 3228 856
3 5500 8229 2964
3 1859 5700 4896
3 1296 8030 4287
3 9116 3593 7438
3 7109 2879 6504
3 9233 3894 6490
3 6807 6806 3672
3 2620 6380 7208
3 8601 6553 918
3 9845 3130 9771
3 8046 4930 1643
3 2230 7630 4339
3 9949 303 304
3 7466 9504 7056
3 641 4914 4251
3 7316 3684 2162
3 9542 3389 6958
3 3197 6845 6977
3 5675 5088 1840
3 3767 599 3095
3 651 7565 5317
3 3878 2885 8789
3 741 9246 5844
3 8653 2004 6142
3 8323 5252 7293
3 9320 2637 6677
3 4477 470 7732
3 9263 6456 1969
3 6905 2920 5304
3 2949 9665 8298
3 9887 7396 9870
3 5237 9410 8685
3 2182 7341 4767
3 8951 6170 8310
3 8240 9280 909
3 315 316 6437
3 9349 5819 8926
3 4641 1201 2906
3 2630 5771 9363
3 3442 7615 3163
3 9919 9918 5128
3 9437 490 6301
3 7491 6737 596
3 5341 5211 727
3 1814 5851 3119
3 1249 4797 8892
3 7791 8590 2578
3 1645 7100 3876
3 1831 4330 9842
3 3285 6506 6505
3 8004 1037 4712
3 8456 3914 1551
3 3544 1515 6266
3 899 4142 7473
3 1096 4923 5275
3 4170 3293 1408
3 2936 1213 5469
3 4403 8407 2755
3 9008 4227 633
3 8234 6185 2377
3 9279 2842 4028
3 1374 6568 4420
3 5251 1554 4789
3 2386 9675 7974
3 5663 3593 9116
3 9219 504 9058
3 9915 5313 2080
3 8642 1886 5796
3 6026 4110 1519
3 9747 2889 4724
3 534 533 5290
3 9718 2160 9079
3 2942 6645 5507
3 5507 496 495
3 7917 7918 2717
3 7690 1008 4950
3 8673 7731 603
3 1944 6294 8887
3 6498 4448 2369
3 7980 2684 4971
3 5433 1978 3205
3 6105 9030 710
3 6227 5599 3782
3 5229 8839 2698
3 1570 6785 4837
3 3685 1217 6558
3 8608 2376 7622
3 9502 7162 3172
3 8967 934 5772
3 3681 1287 7119
3 3732 219 5380
3 5364 659 8098
3 2165 7629 6827
3 6992 5441 2504
3 2410 5478 9811
3 5710 8043 1923
3 2006 8774 6735
3 5092 351 352
3 6891 6264 1997
3 4463 1997 6264
3 5649 2577 6159
3 5027 1108 5568
3 4970 8877 8716
3 6747 8991 2959
3 2329 9861 7488
3 3932 7684 621
3 9568 9566 3820
3 2959 8991 9521
3 8355 9651 888
3 8436 170 171
3 5357 7923 1427
3 6235 9473 2192
3 1968 6576 3451
3 7042 4019 2117
3 5120 893 9270
3 7764 9209 2269
3 6269 3743 1279
3 3950 969 7753
3 5813 4870 4175
3 7305 9853 1498
3 8904 4231 642
3 8349 4325 763
3 1182 5984 3807
3 9024 2179 4593
3 1559 4454 6316
3 4754 3096 1539
3 6359 2767 5087
3 566 9243 6935
3 2970 9129 6570
3 2970 6570 6662
3 5007 3092 589
3 4799 871 8916
3 3815 569 6512
3 7609 6512 569
3 6713 5052 4157
3 4447 6582 947
3 5839 1049 4370
3 6181 4286 1884
3 9675 2386 7975
3 9675 753 3572
3 9670 9671 2708
3 2273 3468 7380
3 7179 2133 5621
3 356 9395 4785
3 9701 5759 1191
3 3005 6708 1421
3 3964 1869 3548
3 2757 4133 8312
3 1717 3240 8289
3 8877 2524 8876
3 7011 7010 2089
3 1274 3554 4595
3 2 9953 2982
3 6067 1537 3553
3 5702 8390 7543
3 4232 1718 9032
3 8681 9697 1230
3 3027 6348 7170
3 4833 9755 3815
3 9106 2230 5379
3 1605 6711 4301
3 8135 2387 9307
3 8099 3679 4349
3 5792 7274 2987
3 7253 3354 1993
3 1239 7072 4872
3 2373 4363 5081
3 9140 111 112
3 5398 9709 2723
3 7677 2905 4072
3 5227 2668 6854
3 4099 920 8487
3 6606 8036 2223
3 8150 6821 602
3 6542 1737 5499
3 1737 6144 5498
3 2175 6582 4447
3 1592 4331 3426
3 1810 5802 5803
3 9148 3588 6014
3 7210 8656 3246
3 1464 6677 9044
3 2571 8032 3790
3 7583 5426 4230
3 834 9513 5622
3 7637 7636 2244
3 8756 1233 8055
3 7840 3267 8684
3 8365 2412 6114
3 5279 2396 4897
3 4156 1669 3727
3 5667 4556 845
3 2645 5049 8225
3 750 8614 6110
3 6315 3030 440
3 5267 2606 9242
3 9370 8915 7992
3 9049 1983 6004
3 8396 7155 2285
3 2235 8746 3718
3 4311 8344 7951
3 8378 4174 588
3 6172 3391 1189
3 1853 5095 5094
3 5940 874 6253
3 9955 6136 874
3 8516 2444 4597
3 2465 9202 6993
3 4437 7308 1469
3 9946 1222 3010
3 7173 5139 2729
3 9154 4082 2826
3 5438 9551 2611
3 9276 4584 2395
3 8006 2393 7395
3 1342 9881 7691
3 9815 3895 9207
3 5581 413 414
3 3151 7476 1311
3 6040 1311 3804
3 3012 5577 1755
3 7355 1221 6284
3 7042 8911 829
3 624 5683 4173
3 9283 103 9037
3 3068 9733 9732
3 9469 4307 2751
3 9565 1250 8490
3 8681 8553 3976
3 9437 489 490
3 7158 3717 4780
3 1029 8761 9804
3 892 4926 8395
3 8896 1400 5320
3 5727 8463 3200
3 3820 7186 1530
3 632 7873 5695
3 7676 3986 2845
3 3671 6553 4443
3 8507 7948 4535
3 5128 9174 2926
3 7893 1229 4899
3 3485 8457 1162
3 4588 1653 9131
3 1684 5022 8079
3 2478 8213 5718
3 7351 60 5452
3 2608 5832 7344
3 3482 7131 1747
3 9361 2571 8442
3 3031 6652 437
3 6652 436 437
3 2709 7861 9661
3 5348 1715 7960
3 9910 7988 3220
3 5253 335 7988
3 6694 2606 5267
3 8321 3993 5013
3 8408 2644 8268
3 6615 4262 1541
3 1110 2909 6491
3 2909 5956 9007
3 7832 2309 4440
3 4311 2422 8344
3 3563 2228 3475
3 5923 2742 5924
3 4047 1587 7814
3 7814 2255 9596
3 9638 4507 3778
3 7143 5960 1092
3 1459 7364 4083
3 9593 1332 3214
3 6969 6665 2281
3 7375 6795 3474
3 6066 1963 8495
3 3487 7552 7648
3 6218 4095 2333
3 6959 7689 636
3 2964 5255 8673
3 6438 4204 1536
3 5349 551 4511
3 5126 5125 1685
3 3953 6545 2303
3 6606 8811 1253
3 1034 8636 3005
3 9713 1125 9258
3 4044 9317 9178
3 3133 1172 6456
3 3533 8636 8695
3 8868 1915 6322
3 7352 1346 3290
3 7796 3278 4674
3 4328 1994 4327
3 2551 9952 4841
3 9852 5768 1158
3 4663 7378 1946
3 5953 3285 1806
3 7172 4892 1730
3 9412 4690 587
3 5107 2433 7300
3 3804 7453 1752
3 3015 8107 6358
3 8088 5621 2771
3 9325 6968 772
3 9101 9056 2777
3 8243 3059 5526
3 2755 9726 4403
3 8544 6657 2310
3 9175 1199 5218
3 2384 8219 8966
3 2656 9462 9460
3 160 8933 9679
3 3615 1335 6550
3 6925 9664 3062
3 6944 776 3454
3 7814 1587 4562
3 8203 4504 2697
3 4525 2968 1475
3 345 6442 344
3 3521 8774 2006
3 2899 1089 5875
3 6296 7097 3601
3 6144 6779 2069
3 2557 4747 1772
3 3898 1690 7278
3 3068 6976 8449
3 1387 5702 9284
3 3615 6506 9733
3 8807 9100 1095
3 333 7885 6347
3 1393 7730 9009
3 6568 1374 6302
3 5532 6089 1404
3 4859 8521 3998
3 7026 4079 4787
3 5558 8829 8218
3 9176 846 4436
3 4035 8149 5335
3 8567 1496 8339
3 5118 3349 1422
3 9162 5237 2425
3 2822 4685 862
3 6534 8974 1183
3 2319 8489 5005
3 1254 9105 6405
3 6293 5168 597
3 1326 9365 6779
3 9475 7886 3067
3 1364 3819 9237
3 832 5536 7997
3 6661 228 4297
3 3723 7576 7028
3 9068 1522 3406
3 8294 2779 4414
3 4816 2379 8326
3 6175 9041 748
3 1821 6585 3868
3 4301 6466 5009
3 2051 4709 3409
3 6023 4426 2128
3 7557 2331 9624
3 6790 2119 6123
3 9563 2161 7314
3 9038 4945 2400
3 6029 1560 3087
3 6614 7368 1176
3 8482 6874 1403
3 4670 1948 4564
3 3311 8710 8974
3 3843 8901 2629
3 1328 9380 3992
3 5878 758 3992
3 9176 3160 6898
3 9952 2551 8743
3 5913 958 8690
3 6416 3093 1947
3 3735 8008 8816
3 6011 3640 1854
3 2674 3095 9144
3 6508 1067 6174
3 9905 9039 4874
3 9901 2317 8369
3 3097 1635 4947
3 8938 2323 7786
3 4733 1319 3840
3 5083 8925 2098
3 4715 5 6
3 3728 8418 1778
3 9537 2070 6345
3 1519 4110 9198
3 9872 9357 4309
3 5191 3198 837
3 6905 6907 2920
3 472 5415 5183
3 2625 7132 6966
3 9464 1549 8864
3 2065 6538 5157
3 2064 6539 5403
3 6071 1916 6070
3 9376 6253 6576
3 5977 7525 3955
3 8986 4784 8717
3 8797 5628 3301
3 7619 1015 5533
3 342 5389 3108
3 4218 2429 7391
3 7789 720 3659
3 7167 6444 1501
3 3565 3469 825
3 1687 9910 5889
3 2063 4388 6860
3 4784 4040 8717
3 1064 5885 4782
3 8906 3902 7546
3 8397 4356 1502
3 5411 1690 3898
3 978 7558 7494
3 3298 8146 9551
3 5922 5323 3510
3 7342 5489 2182
3 1020 6572 4737
3 8769 4801 2044
3 4943 6501 1672
3 1672 6307 4476
3 9082 8596 4498
3 4798 5004 1800
3 9195 2768 5790
3 6953 3120 1148
3 7182 2224 7136
3 5075 3024 2550
3 792 5780 4680
3 4429 7065 9888
3 9517 6436 8548
3 9039 2361 4874
3 3974 9656 8884
3 8341 3123 5449
3 7267 5244 1179
3 1452 3006 5602
3 8482 1403 8483
3 6920 1481 6524
3 7129 3231 9491
3 8414 6222 1948
3 6616 5939 1866
3 1702 5179 5107
3 5316 2174 7284
3 6312 4935 1913
3 7403 3475 2228
3 9834 613 8450
3 2051 8195 3184
3 7361 1736 5330
3 5085 1593 3131
3 1390 6201 4530
3 4165 3050 1125
3 6509 2664 5257
3 1195 6321 6906
3 8753 256 5257
3 766 5304 6454
3 7748 5986 2352
3 7496 3910 5335
3 4788 8263 1143
3 3112 3902 7494
3 582 4855 3584
3 7312 4829 2037
3 202 9589 201
3 814 4728 4222
3 1957 6224 6223
3 6098 8277 1165
3 5539 1790 3509
3 9743 2734 9742
3 1256 8060 6722
3 4750 1086 5982
3 4906 660 4905
3 7474 4799 2233
3 5843 122 123
3 7243 4171 628
3 6673 2134 5212
3 8989 799 4269
3 8763 393 4621
3 8451 5476 1894
3 8954 1782 4494
3 5952 949 9112
3 8702 608 3549
3 6677 2637 6078
3 1768 4964 3147
3 3149 1607 5714
3 8225 5049 3002
3 8495 6065 8494
3 5049 2645 9434
3 7073 1477 4217
3 2398 3792 8316
3 86 4719 85
3 8525 6915 4416
3 8587 2034 4207
3 7314 7313 3088
3 9776 3160 4379
3 7276 1048 3160
3 8038 499 4609
3 7901 4956 780
3 8431 5099 403
3 7599 4700 2741
3 6560 3681 2136
3 9709 8227 5315
3 7734 4148 1071
3 733 6815 7518
3 6793 6319 1114
3 9933 4640 8471
3 5494 1530 4410
3 8925 960 4744
3 2306 7937 7936
3 9512 4987 8937
3 9217 5329 7410
3 6354 6356 1156
3 3162 8545 6353
3 9566 4811 945
3 6117 1962 3163
3 1333 3564 2957
3 9269 3905 8208
3 3386 8163 3136
3 6337 1980 4944
3 6975 4722 1552
3 6503 4070 6632
3 9124 562 8599
3 5588 9185 4130
3 3167 6425 3166
3 4398 2539 4397
3 7177 9198 4233
3 8460 8184 4118
3 8170 3681 7118
3 6759 9094 3170
3 9186 4776 2596
3 2748 9586 8510
3 3465 6137 9016
3 3148 8845 1150
3 9180 4044 9178
3 3828 6895 2167
3 6592 1258 7649
3 4477 7732 9705
3 6167 1584 4911
3 9044 5367 1464
3 3378 6817 1361
3 4427 4992 1683
3 4528 7613 1946
3 8840 1360 5264
3 8479 1763 5428
3 7683 6485 2529
3 3621 979 6445
3 735 3624 8423
3 9232 4176 1440
3 8134 3443 1470
3 4024 6163 1030
3 5020 1855 3106
3 9830 8475 5484
3 7382 3896 9877
3 9754 8327 1995
3 5708 5891 2045
3 7331 3403 7058
3 9564 8120 2898
3 790 6892 5836
3 9003 3348 5573
3 8016 2749 6447
3 4385 9842 9841
3 2662 8913 4204
3 2613 9085 9086
3 7512 2247 7511
3 7553 5030 6374
3 5453 1260 3750
3 7226 3454 2131
3 7286 5805 2525
3 6350 440 439
3 436 435 6611
3 4976 2780 5666
3 6309 1921 3028
3 6553 4029 1457
3 3971 2128 4426
3 1212 5201 8180
3 8186 3477 1252
3 6212 3093 3907
3 7254 7482 1260
3 3161 1153 6904
3 9205 2181 8825
3 4604 9654 9080
3 6357 7353 690
3 8177 5002 2654
3 7296 5963 1937
3 497 9489 6400
3 9939 3452 8657
3 1904 6871 4254
3 1398 8472 3636
3 6118 5329 945
3 7353 6357 3161
3 9612 8289 1180
3 1634 8464 5727
3 9832 5529 1450
3 7974 1141 4326
3 3888 9687 1613
3 9264 656 4940
3 5884 177 178
3 1898 6105 2886
3 2886 4084 5703
3 181 5387 2946
3 2725 4942 9165
3 6354 3196 1926
3 5020 8844 1855
3 8939 2581 4988
3 3747 8674 5931
3 5135 1122 2887
3 5707 1493 3931
3 5916 3591 1160
3 856 5032 3210
3 5708 2045 4302
3 1391 3806 8347
3 5209 4113 2850
3 9037 103 104
3 9082 1381 8596
3 5881 1925 5068
3 2348 7430 7666
3 6696 3377 6695
3 5531 1982 4521
3 4571 1262 3585
3 4974 7943 1486
3 2614 4868 9133
3 5256 9189 997
3 4868 2614 4019
3 6577 7765 7766
3 3011 9846 8874
3 3218 6267 8911
3 6060 1880 3802
3 4637 6833 683
3 331 5573 330
3 342 3108 341
3 8402 7273 4369
3 8977 1864 5839
3 9140 8430 111
3 4872 8848 2511
3 4752 9172 9468
3 3940 1340 6689
3 2160 5250 9079
3 8815 5286 1686
3 2501 8816 4473
3 2406 8348 8114
3 2690 4168 8920
3 1854 9155 7559
3 8104 9045 1284
3 4184 1599 8286
3 5211 5341 2276
3 5457 9014 2022
3 1447 7950 8448
3 7784 5944 1234
3 3874 1441 8302
3 2705 9689 4413
3 4686 9465 2677
3 7725 3554 1274
3 4284 9170 1221
3 5290 9309 7967
3 6985 39 40
3 3080 6982 6051
3 3407 7519 854
3 9209 9377 3008
3 9796 2399 6008
3 5528 6723 2018
3 8126 2537 6887
3 1192 3870 7322
3 7117 5524 1766
3 6419 3237 1942
3 646 6615 4501
3 8248 4262 2383
3 4778 5800 1751
3 6419 1942 3239
3 6919 6938 1942
3 5091 9364 3864
3 1256 9152 8060
3 6853 3140 6446
3 822 4402 3302
3 2496 8808 6769
3 7600 6346 3540
3 9571 5899 899
3 2515 5164 7462
3 7634 2278 5591
3 4489 2071 3970
3 5915 1833 8426
3 6323 6321 1915
3 611 6066 8935
3 3329 6523 9864
3 9812 7492 839
3 6153 891 4329
3 3899 7345 596
3 1645 6877 4693
3 7379 9173 1227
3 623 4900 3257
3 3773 1158 7149
3 4620 1017 6538
3 6977 4071 2256
3 9372 5320 3582
3 1707 6651 9235
3 1145 4798 3142
3 1844 5662 5004
3 6165 1760 3254
3 6250 3254 1292
3 4508 8307 2442
3 7639 1231 9202
3 6681 2080 5313
3 6536 5143 1383
3 3066 9383 9042
3 9353 3209 9354
3 4578 7778 2325
3 5300 6964 2731
3 7374 1086 5838
3 7188 9408 509
3 6372 4398 571
3 1821 5713 6585
3 3941 3836 2416
3 7883 3816 2391
3 9819 6446 3140
3 7285 614 9447
3 8856 1591 7647
3 3264 6642 5214
3 1591 8856 5812
3 5234 688 3263
3 2717 7860 7917
3 2717 3780 7860
3 2084 5196 6115
3 1234 5944 4241
3 8801 9850 1234
3 1234 3371 8801
3 6166 4684 682
3 4241 4901 1965
3 4877 8980 2561
3 4733 9539 1319
3 4770 4521 911
3 4991 1598 3356
3 5781 2878 827
3 8084 1708 5095
3 834 7606 4986
3 9514 5622 9513
3 494 495 7000
3 7901 2443 4956
3 4985 9725 2763
3 9881 3472 7691
3 717 5758 3311
3 5353 3692 1073
3 6452 9230 2319
3 9011 9230 2248
3 3019 3799 9570
3 6841 9570 1135
3 8222 1423 3736
3 3051 8233 5452
3 920 7090 5552
3 728 7288 4100
3 6168 1877 3281
3 6287 3280 6168
3 3279 2877 7288
3 9386 7288 728
3 7866 5465 2496
3 5031 936 3384
3 5571 8074 2356
3 7423 8315 3622
3 8381 2392 7123
3 6567 3284 1745
3 4772 5411 794
3 8537 1107 3931
3 3504 3152 1412
3 9054 4968 6492
3 2937 6421 5625
3 2245 4461 8871
3 8871 698 4348
3 3286 1176 7368
3 6075 5657 5188
3 6373 1912 4936
3 7603 854 2856
3 64 6087 63
3 2220 9384 5817
3 5817 3291 2220
3 5178 1022 5121
3 5260 522 521
3 5518 3958 7326
3 6433 4892 2061
3 3939 1340 6429
3 6077 6758 820
3 388 4146 387
3 6198 2280 4786
3 5114 6912 9846
3 7127 6306 3839
3 1659 7797 4616
3 6147 6146 4597
3 7484 795 5577
3 6679 4979 3866
3 8567 5073 1496
3 4135 1406 3121
3 3320 3502 9937
3 715 3826 8372
3 672 5787 7592
3 6405 2721 4565
3 9652 3559 3282
3 6763 198 199
3 8373 2441 4119
3 3607 2078 6897
3 9236 3502 7031
3 3349 5118 8514
3 3918 3477 1556
3 3057 1393 6170
3 6284 2941 7355
3 542 7674 543
3 8219 6135 695
3 2183 7079 5689
3 9192 624 4266
3 9630 4728 814
3 6217 119 5807
3 1019 6295 8888
3 4384 8689 2346
3 2372 3310 8648
3 6680 5957 3127
3 3946 1686 6213
3 9861 2329 5965
3 3860 722 7296
3 8556 2851 6727
3 3313 5347 4723
3 9031 9030 3616
3 1897 7003 6132
3 6714 818 4705
3 7829 5407 1748
3 9139 4653 3317
3 6240 9572 3682
3 8399 5951 3473
3 1907 6532 3497
3 3047 1253 5860
3 4651 6255 662
3 1700 5327 3047
3 8586 6316 4456
3 9888 7065 1580
3 6150 9236 2035
3 632 5695 6987
3 6487 9327 1149
3 3322 2364 7813
3 2364 7812 6250
3 1238 6140 3568
3 6247 2083 8894
3 9239 2660 9019
3 5959 403 5099
3 431 430 8065
3 7005 2041 4522
3 6303 5506 1511
3 1652 8817 5109
3 9160 7678 1220
3 7363 4190 630
3 8023 1054 8359
3 1563 4426 3192
3 4785 3412 355
3 9168 3880 8053
3 6095 3333 1865
3 4152 8647 8250
3 3331 6703 2132
3 5311 8595 3331
3 5830 3802 1284
3 3725 8589 5830
3 6226 1215 3083
3 4994 4773 961
3 803 5220 3334
3 6082 5220 1941
3 620 3643 6231
3 5907 8755 3045
3 7235 5339 2144
3 3379 7200 9783
3 8730 3459 5582
3 1512 8242 3709
3 3868 1379 7644
3 8919 5152 801
3 7267 1179 3259
3 5149 6345 2070
3 7902 3273 7201
3 2769 6656 1039
3 4807 3572 753
3 9077 6101 1121
3 1903 5872 8328
3 7303 1422 4132
3 9732 848 4543
3 7106 4806 2260
3 1248 4973 3214
3 5463 5104 765
3 7786 970 5693
3 2062 9240 6694
3 6304 573 4929
3 8664 6918 3129
3 1825 3669 6630
3 7923 1699 5358
3 6347 7885 3185
3 2869 5365 9070
3 5808 1411 9583
3 3103 5118 7303
3 6030 2294 4080
3 7657 2798 9810
3 9842 2924 9841
3 1382 6025 4031
3 2545 8118 8964
3 3352 5101 8590
3 727 5211 2927
3 5042 3893 2405
3 3366 6684 7416
3 6220 3052 1993
3 7340 7341 2182
3 1901 4144 7299
3 4990 4808 3356
3 7489 2232 8955
3 9558 1135 8200
3 4756 933 3419
3 8189 1071 6032
3 2410 5616 4606
3 2007 3742 7433
3 7811 4401 2364
3 5651 3248 906
3 1455 4228 6756
3 3723 3114 795
3 3081 6805 6804
3 3362 1185 6617
3 2494 9053 8556
3 332 6347 9003
3 3690 716 2922
3 760 8895 8894
3 41 9428 40
3 8742 9794 1032
3 3253 4681 1239
3 2928 6330 3621
3 3911 7483 1310
3 6821 5214 2404
3 1920 5905 2691
3 3469 6100 8016
3 5446 788 3746
3 1803 9062 8731
3 5637 2274 5636
3 8721 1136 5079
3 6841 4952 2505
3 4818 8193 1434
3 4432 7480 6745
3 1363 9758 5418
3 4671 592 3982
3 9354 5868 2933
3 7590 1546 3351
3 1604 4801 3916
3 578 8179 5186
3 8527 3535 1217
3 3323 7565 6967
3 9879 4361 741
3 9874 7763 9726
3 1196 3377 6696
3 3841 971 4332
3 3429 5986 7748
3 8095 2352 2919
3 2357 6406 9649
3 5637 667 8735
3 3325 8065 6122
3 1652 5069 4890
3 7675 4957 8724
3 5589 3381 5404
3 7104 1295 7022
3 4522 8693 7005
3 6444 4537 1501
3 6924 4283 1492
3 4840 2479 3952
3 3000 7148 6158
3 8593 5861 1843
3 9287 6499 2271
3 3136 8163 4855
3 7663 4569 582
3 1395 3361 6909
3 3584 2576 8237
3 6610 2565 4790
3 6238 1681 6081
3 7728 7140 2261
3 2448 8530 8529
3 9115 3666 8012
3 8746 1268 7561
3 578 6631 8179
3 3793 7976 1598
3 6668 5560 1832
3 943 4518 4486
3 4318 765 3131
3 4991 3356 972
3 9463 4367 8010
3 8900 1964 7089
3 5803 6501 1810
3 6501 5803 2878
3 7664 1189 6788
3 9642 2519 8987
3 3754 7145 9087
3 3397 1222 9891
3 3398 7387 1767
3 6216 6215 1895
3 6249 2115 4229
3 5339 9565 3019
3 3969 2900 1857
3 6746 3443 6187
3 3329 3328 1255
3 7905 4282 6371
3 5271 1731 2903
3 1916 3402 6070
3 6030 7426 3228
3 1391 8347 7330
3 5080 5894 2166
3 4720 2163 7259
3 2164 7196 7197
3 6715 3404 5378
3 8259 1080 4790
3 8733 4219 2665
3 1906 3643 6232
3 2018 5742 9556
3 1298 8730 8513
3 777 7813 4401
3 8452 9120 2704
3 349 6678 348
3 8236 9770 2464
3 5080 2166 3001
3 9585 5546 1749
3 9581 1623 5010
3 2056 8645 4377
3 6251 4381 1457
3 8526 7255 3915
3 3412 5435 354
3 7932 7645 2996
3 6578 4796 2820
3 8766 7237 1585
3 441 9483 6315
3 6421 1940 5625
3 3061 9590 6688
3 6397 5821 1611
3 9448 9447 3261
3 4505 3653 1270
3 8635 4147 6708
3 7515 6287 3279
3 7994 5321 7846
3 4142 6978 7662
3 1934 7087 6387
3 8776 1297 3457
3 2750 6957 5769
3 8693 900 7005
3 6137 8207 3171
3 7366 6829 4076
3 5627 5069 521
3 3243 7877 541
3 6851 3730 6776
3 2693 8324 4551
3 3063 7548 776
3 7610 4777 981
3 3355 2473 7746
3 9875 3834 5052
3 2872 6312 5188
3 3002 6323 1915
3 7556 3132 3428
3 4374 258 259
3 7742 2353 3429
3 4283 867 3430
3 5498 2069 9304
3 8162 657 2842
3 7363 3393 7204
3 9265 8116 4239
3 2875 9679 6524
3 756 4353 7658
3 7962 567 4112
3 7483 6042 3258
3 5298 627 3911
3 405 5503 404
3 1707 9341 4677
3 9763 9762 2733
3 607 6697 3391
3 5980 7667 4224
3 3531 5718 866
3 8019 2986 4289
3 2605 5826 8813
3 7810 1657 7161
3 3438 5050 1678
3 9654 4604 1886
3 9626 2078 3607
3 1202 3479 7237
3 5543 1835 3441
3 421 9414 5091
3 1895 6215 6214
3 6417 5977 8576
3 5975 1857 2900
3 6940 1305 6305
3 1509 4141 6945
3 6352 6356 3195
3 5771 894 3240
3 6603 3355 3396
3 9122 975 4203
3 7947 2336 7946
3 8645 890 4377
3 3193 8122 7075
3 9102 2778 9101
3 7878 8357 4001
3 7953 4093 1370
3 3313 634 5347
3 8691 2159 5151
3 9133 4868 6675
3 9714 3979 7765
3 1200 9939 8657
3 8966 695 9549
3 4957 2208 6518
3 6990 456 5668
3 4463 242 243
3 4551 3462 1305
3 6908 8615 3380
3 7536 8776 3457
3 4614 775 3453
3 7751 7600 1352
3 4891 8333 2633
3 7536 523 524
3 8723 4613 8438
3 8522 4612 8734
3 7406 2188 7404
3 7074 543 3514
3 528 9295 5471
3 3408 2424 8031
3 4739 1760 7045
3 3325 9686 4611
3 6865 4078 6828
3 8512 4551 1305
3 3513 6754 5437
3 533 534 6346
3 8207 1301 5593
3 3123 509 5448
3 5057 8594 3382
3 8594 515 6341
3 9799 6990 2692
3 6940 8512 1305
3 7151 5222 2195
3 2224 8605 6330
3 5144 2096 5013
3 8980 4713 8979
3 4005 9306 6659
3 4764 5921 1271
3 8805 4764 3470
3 8677 5203 1152
3 7904 2756 9808
3 1851 3879 6929
3 7737 7736 2266
3 5332 7123 5970
3 5648 8100 645
3 9104 4706 2898
3 1207 6795 7375
3 271 6457 270
3 7401 706 3410
3 2809 9025 4148
3 9902 7829 2812
3 8789 1383 3878
3 7798 1134 6362
3 7075 3916 619
3 2870 9765 5746
3 706 8129 5925
3 8427 2805 8301
3 9601 3507 4395
3 5344 435 9088
3 7949 9685 2763
3 4655 454 455
3 2300 2820 5559
3 8291 4428 1026
3 5267 7969 1116
3 7683 871 6486
3 3483 117 118
3 8843 5554 2519
3 9910 5253 7988
3 3740 7390 2543
3 4971 475 476
3 6443 5118 3103
3 862 6410 2822
3 3246 1768 4993
3 611 8935 7990
3 4058 2030 6478
3 4956 1659 4616
3 6555 1292 3254
3 7751 1724 3489
3 7615 423 6117
3 2957 8990 831
3 1482 4546 8068
3 5226 9308 1928
3 3631 1809 7941
3 2790 6046 8838
3 7041 4047 561
3 3063 6281 6278
3 9921 3546 9920
3 9658 452 8734
3 2907 4446 7614
3 5506 2206 7713
3 8062 3190 6942
3 8106 6870 4077
3 4346 2218 8531
3 6560 4265 1287
3 3300 8484 8482
3 3277 1004 5177
3 2339 2984 7831
3 5504 9173 3020
3 4841 8867 9794
3 2989 9797 7516
3 5654 9756 3118
3 8690 7842 5913
3 2086 7031 3416
3 793 3349 9666
3 6674 8911 3011
3 6306 826 3839
3 952 8860 4210
3 3882 7018 1128
3 6350 3190 8062
3 3322 7761 1726
3 697 3480 7513
3 1723 8321 4691
3 9087 1385 3187
3 8679 5890 615
3 3323 8312 1565
3 1082 4469 7160
3 8392 1398 4951
3 6154 2349 9265
3 5185 8178 1013
3 6903 3446 6788
3 8677 3691 8535
3 5487 8981 1319
3 4957 6518 8936
3 1514 7662 4237
3 8333 4457 8332
3 8331 4891 2633
3 3494 6383 3546
3 6939 6384 902
3 540 7877 7848
3 7433 9921 3515
3 6751 470 469
3 7087 463 6387
3 8402 5367 3221
3 2716 7035 8962
3 763 4325 2966
3 7849 4231 5470
3 958 6074 6062
3 7182 3791 1350
3 9229 8425 3077
3 5447 642 3930
3 6735 350 351
3 950 8267 4098
3 4315 9120 8452
3 6377 1936 7830
3 4716 1856 5484
3 7560 3406 6610
3 5608 3198 1786
3 8202 4223 2512
3 7661 789 5160
3 9035 1006 3525
3 6999 2517 5262
3 824 7084 3977
3 6891 1997 3789
3 245 3788 244
3 9511 6272 190
3 6932 1344 3596
3 9156 822 3302
3 8168 195 196
3 3124 5915 8426
3 3084 6058 8410
3 6931 3929 873
3 8295 3901 6723
3 2913 4367 9463
3 1268 9026 7561
3 4194 6591 6590
3 8695 8636 1034
3 6064 5340 1133
3 6590 1467 4194
3 7343 2435 3492
3 406 8081 405
3 1082 7657 9810
3 2402 4711 8002
3 1353 7752 3488
3 418 9791 8793
3 3489 6346 7600
3 5966 7751 1352
3 4287 8127 1296
3 7902 2443 7901
3 7751 5966 3538
3 3456 1754 6986
3 7641 3424 7877
3 1354 7076 7771
3 1167 9887 9870
3 9674 6410 2093
3 6669 8589 3725
3 963 4096 9183
3 1514 4137 7926
3 2695 4834 8197
3 8106 2040 6870
3 3422 7217 6867
3 3595 9227 6250
3 3515 447 446
3 9629 5839 9245
3 7520 1884 3670
3 6985 40 3165
3 7442 9890 3642
3 5620 9456 3763
3 4061 9671 1327
3 698 3342 6422
3 8567 7132 2625
3 7000 495 4599
3 5102 489 9437
3 9589 4876 7458
3 2076 6114 6113
3 4480 9215 1384
3 1778 6067 5527
3 4400 883 4320
3 2381 6063 7844
3 7801 6091 2363
3 7752 1725 3488
3 3785 159 9680
3 6727 4153 653
3 9788 6787 4777
3 5278 8468 2569
3 5645 5646 2053
3 3450 6617 8555
3 2000 5421 9912
3 4343 1014 3801
3 4994 2202 4773
3 6298 3624 1440
3 2448 6930 6016
3 3561 1317 5965
3 9934 7139 4640
3 1164 8604 7171
3 686 8043 5710
3 2430 5989 4893
3 3490 9117 7270
3 4970 2524 8877
3 3448 3110 9844
3 331 9003 5573
3 5047 2509 5046
3 6004 2411 5362
3 2113 6873 3612
3 6872 3567 2113
3 6328 404 5503
3 3914 6825 923
3 8205 4375 7708
3 6140 5317 1701
3 7906 5887 3219
3 939 4593 6102
3 8080 2437 7584
3 8348 5470 8114
3 6814 9153 3341
3 4789 7687 5251
3 4450 9166 917
3 8501 6857 3522
3 5391 4873 2418
3 9717 4473 8630
3 5231 3802 1880
3 6492 1599 4967
3 6576 874 3451
3 6223 6224 3060
3 1240 8357 7878
3 9837 1750 5350
3 6640 1720 3578
3 5896 2570 4530
3 6081 4358 6238
3 7745 5440 2735
3 4888 8895 760
3 7486 3720 5698
3 9346 2083 3581
3 1101 7441 7858
3 6950 4580 2095
3 2434 7820 6199
3 3273 7901 780
3 4561 3340 1507
3 7187 4413 8523
3 8208 4569 3164
3 1982 9930 8497
3 5604 6332 2315
3 1971 6139 3765
3 9824 3294 1799
3 1519 7177 9271
3 6998 501 5129
3 5709 6774 2172
3 2232 7490 4318
3 8323 1049 6363
3 7084 1757 4264
3 3966 8300 1327
3 9248 1241 5370
3 7040 4204 3209
3 4641 6438 1536
3 7251 3592 5663
3 3592 7802 2363
3 6868 2041 4076
3 5368 3488 1725
3 8031 3337 6186
3 1760 4739 5239
3 3538 6009 1724
3 5165 7771 3594
3 9702 6381 822
3 822 5138 4402
3 8565 3414 8330
3 4145 2613 3187
3 8060 3262 3922
3 9160 2707 4989
3 273 274 6041
3 6504 2879 1127
3 8101 1852 4830
3 2924 4330 6282
3 4574 2050 4575
3 7702 1831 7326
3 6682 929 5856
3 7787 1996 7310
3 8175 6191 3206
3 2925 9207 9117
3 7581 169 6360
3 5375 878 4514
3 3822 6180 755
3 1777 4635 3385
3 8797 2116 4885
3 6947 7592 3704
3 2092 6949 4102
3 7643 1766 3602
3 8727 8721 5079
3 8633 7290 3831
3 8954 708 3927
3 3001 6794 996
3 4286 1103 8130
3 7511 7321 1202
3 5432 994 4177
3 5237 1520 9409
3 7979 4108 7978
3 1614 7129 4701
3 853 9080 6214
3 9286 5373 2591
3 8273 3521 7069
3 1562 7255 8526
3 5103 5324 4278
3 7278 3113 4465
3 673 4199 7414
3 1885 6621 5530
3 8176 7046 2145
3 8435 1037 5600
3 1351 7800 8885
3 7438 420 5368
3 4113 1367 2850
3 5687 2587 5519
3 4783 3954 3360
3 5048 1601 3620
3 7167 7789 3659
3 2330 6476 7842
3 8304 9704 2706
3 7528 3732 3731
3 5116 2231 4733
3 7208 4717 2620
3 3275 6863 610
3 9307 8250 4151
3 5177 1004 4843
3 8932 2274 7200
3 9188 135 136
3 5580 3181 1772
3 8120 5951 711
3 2199 4097 8090
3 5094 922 4937
3 2704 5015 8379
3 8929 6380 2620
3 1259 7116 3629
3 9774 9266 4980
3 5779 1395 4125
3 8272 5046 2509
3 6178 995 5033
3 9774 9147 1597
3 558 557 5876
3 5710 5478 2410
3 1909 8261 4794
3 6481 2916 4766
3 1577 5132 9388
3 9527 6203 1508
3 7478 2741 6279
3 5873 1978 5433
3 6105 1898 3616
3 5900 1951 4661
3 4539 759 3849
3 2128 6335 6334
3 4097 5648 645
3 9485 5216 712
3 5167 2467 5003
3 6886 1854 3640
3 6015 3640 6011
3 5281 3641 2017
3 3993 9274 5013
3 7858 7441 2305
3 2463 3435 8505
3 6781 1859 4896
3 8738 3191 1684
3 2118 5869 7144
3 9088 435 436
3 7400 1380 3644
3 5344 8859 6732
3 221 8622 3724
3 6933 5563 3630
3 8227 1053 4549
3 5269 5209 2850
3 3847 4590 1277
3 6437 316 4851
3 7686 7685 2263
3 4948 7152 2196
3 1289 3013 7665
3 2895 1105 8131
3 6973 4215 2094
3 6270 8669 3741
3 3185 7885 5253
3 327 328 5745
3 1159 7679 9272
3 4193 1602 3417
3 5262 1626 3043
3 9587 4815 3172
3 5848 3938 1812
3 4912 1876 5446
3 2884 1615 5813
3 5271 4869 5270
3 6220 5852 3052
3 8440 121 122
3 4248 1186 7377
3 9299 4577 581
3 1993 6459 6458
3 7938 2306 6684
3 3205 6618 897
3 9529 185 3798
3 9737 4482 930
3 7852 6840 5033
3 2517 5858 5262
3 9356 4989 702
3 7367 4954 2517
3 3261 9447 7692
3 8928 5125 1181
3 4692 8869 2302
3 6595 2724 5876
3 5777 5284 2227
3 7338 4548 2397
3 6397 9897 4193
3 9867 4802 8122
3 9012 6340 3033
3 9194 5360 1425
3 7465 8612 961
3 9098 7558 4568
3 5954 3016 654
3 7645 684 6022
3 8565 7512 3414
3 9845 3085 3130
3 5720 8009 1779
3 2710 8227 5841
3 7574 1676 6627
3 7013 4549 2389
3 9167 9166 4450
3 9868 2827 8818
3 5645 2053 5644
3 9235 6651 3364
3 8470 30 5309
3 9359 4310 9358
3 5692 3101 9335
3 8958 7544 2623
3 3416 7031 622
3 3567 6874 2113
3 9530 4701 7129
3 2447 7726 3554
3 5173 1801 4963
3 3586 1262 8497
3 6697 4990 3376
3 4431 6240 1445
3 4122 1000 8460
3 6559 935 9394
3 7960 5374 809
3 6373 4251 1912
3 1830 5667 3145
3 3666 7197 705
3 2163 8664 3410
3 8790 5634 6177
3 700 8303 3535
3 9645 3755 3677
3 5412 1804 8518
3 4931 1594 4144
3 4918 3793 1598
3 472 471 9081
3 3189 4512 2059
3 1409 7987 7479
3 1396 9431 9740
3 9885 8769 2044
3 3916 4801 9292
3 9157 5185 1665
3 631 3987 3395
3 9832 7874 3276
3 6901 5250 1488
3 8410 1863 5395
3 7480 643 3371
3 7562 1941 5220
3 672 6947 5247
3 3065 9075 7057
3 6491 9234 3871
3 4360 7790 6019
3 2149 3924 7291
3 6625 2051 3409
3 2704 9120 5015
3 3275 5285 8899
3 677 6744 5701
3 9865 2454 8024
3 1992 4996 8606
3 3953 7888 7014
3 3353 5519 1871
3 5520 4425 3064
3 9929 5521 669
3 6157 4548 2236
3 3312 7388 573
3 6211 1017 6992
3 2638 9800 7265
3 2428 8455 8454
3 9535 6691 2690
3 6733 415 3895
3 415 6733 414
3 9487 5002 8779
3 2915 7659 5932
3 1847 6036 5756
3 5153 9218 1656
3 3928 5460 4281
3 8092 8359 1054
3 4161 8734 451
3 2007 6300 5815
3 8037 5717 1578
3 5233 2056 3710
3 9394 935 7241
3 9669 2708 6192
3 9093 3715 381
3 2596 9621 4030
3 5485 1742 8853
3 3317 4665 9139
3 5206 3772 1524
3 5406 1087 9350
3 7335 9734 3099
3 8922 3244 3712
3 4086 1364 3165
3 1364 4086 9871
3 1146 4009 8909
3 1337 7611 5649
3 937 7317 6918
3 8172 1664 5657
3 6116 3323 1565
3 2132 5863 4350
3 9820 584 7071
3 7759 6951 1565
3 3559 8808 8802
3 195 8855 194
3 2977 2043 5836
3 7881 6644 3753
3 2150 4471 7262
3 5578 3164 4570
3 9484 9744 4697
3 3630 5876 7758
3 9957 9837 3575
3 7096 3179 4969
3 9692 22 9693
3 4871 25 3726
3 274 6138 6041
3 6880 4556 5667
3 8708 8707 4065
3 7083 992 6143
3 4305 168 7581
3 9618 6439 2682
3 7641 1304 3424
3 3424 2696 7848
3 8239 6767 4043
3 2005 5380 8543
3 5031 1628 3137
3 218 3732 7528
3 2411 6178 5362
3 2268 7444 5901
3 541 540 6605
3 5748 948 5224
3 4839 1866 8489
3 574 3225 6886
3 481 4975 482
3 9631 1177 9488
3 5236 4529 826
3 9501 1998 6675
3 9029 2643 4572
3 3204 8585 6602
3 5775 366 4783
3 368 3954 367
3 9131 2369 4448
3 6579 2249 3740
3 5190 6927 1002
3 3523 1828 7469
3 7751 3489 7600
3 9611 3243 7074
3 8756 8684 1233
3 3962 801 8042
3 9137 6594 4858
3 2746 5159 8710
3 1604 8122 4802
3 3745 4734 8491
3 6347 332 333
3 3057 8951 8950
3 5719 2213 4469
3 8562 3661 2081
3 6900 9599 2792
3 5957 1954 5291
3 7254 2084 7021
3 3266 8756 8055
3 7922 2362 7921
3 7254 7021 3865
3 3055 5072 7769
3 3124 5385 1845
3 5861 9301 2759
3 4288 5908 1428
3 6857 9555 2954
3 6734 7069 2006
3 691 9241 6693
3 9483 441 442
3 3686 9496 2667
3 3300 7298 8484
3 1323 3632 8869
3 6662 6570 1264
3 3998 9593 9592
3 9274 6608 915
3 1877 4025 6988
3 8808 6768 2109
3 8854 3283 8541
3 3616 9400 9031
3 630 4144 6783
3 9801 3436 3393
3 4980 7371 9147
3 9124 8599 9110
3 1032 3501 3309
3 2335 5075 7627
3 9421 5397 1055
3 9628 1671 9422
3 9475 6862 2993
3 4040 8476 8412
3 6431 6429 1970
3 1902 9532 4931
3 1394 9717 8630
3 2501 9717 4380
3 598 6157 5228
3 2165 5036 7629
3 4842 3928 1991
3 1991 6376 6375
3 3977 8251 8187
3 3481 1835 5542
3 368 4189 3954
3 5775 7126 365
3 8748 1109 3771
3 5551 1888 7710
3 5132 955 3476
3 3781 9446 1612
3 7778 3365 5222
3 3266 5270 564
3 9304 5028 7655
3 6542 6144 1737
3 4383 9164 9163
3 6926 2105 3775
3 9182 2512 4223
3 8874 1225 6676
3 4471 2151 6879
3 2152 4666 9484
3 2616 8765 3867
3 5008 1605 9634
3 3763 9456 6778
3 809 5396 4346
3 9907 1539 5140
3 1099 2905 7677
3 9390 2795 4303
3 8373 8461 2441
3 9620 6497 762
3 5338 1075 9925
3 3432 1481 7979
3 7706 2487 6646
3 9667 8483 3299
3 1531 7575 4136
3 6979 2540 5670
3 7414 5540 673
3 4907 8999 2546
3 6499 1349 8093
3 8863 9002 3836
3 6017 5650 2300
3 8568 7180 2955
3 7729 4234 7638
3 6053 243 244
3 773 3462 6866
3 9087 7145 1385
3 5534 1774 9956
3 1994 5204 4327
3 967 5440 3909
3 6113 6114 2412
3 3952 8650 1005
3 807 9592 8891
3 3431 6788 1189
3 9620 8591 4475
3 9738 1088 4335
3 3650 7633 7632
3 6512 6139 1971
3 5601 4212 9786
3 2290 6534 3077
3 6111 1885 4032
3 9529 1885 6111
3 6105 5873 2886
3 181 2946 180
3 5586 2407 5535
3 4069 9616 9617
3 7459 6763 2490
3 1738 3660 5258
3 9951 1344 7535
3 6104 1898 4085
3 2432 6056 8737
3 2301 4176 4757
3 9349 5868 2867
3 8628 5874 74
3 5275 5725 1817
3 1418 8212 5700
3 9264 8285 5096
3 8882 2587 5687
3 2440 6742 5117
3 3146 5697 1671
3 7666 5068 2348
3 9095 6702 1094
3 9650 6400 2544
3 7369 6513 2183
3 669 8039 4828
3 3228 7426 6343
3 1463 4154 7659
3 5932 2250 3932
3 4417 6774 591
3 8078 7805 3116
3 1656 9218 5154
3 3763 6778 5376
3 484 485 6349
3 485 486 7169
3 1972 6398 3940
3 9755 4833 3274
3 9623 2972 8712
3 8613 1972 6161
3 6001 3861 1315
3 8014 9724 1424
3 8076 320 5927
3 5965 1317 3562
3 6554 2997 823
3 2613 9087 3187
3 384 6562 45
3 40 9428 3165
3 8352 6648 2008
3 4860 8825 2181
3 9162 4111 1520
3 1176 3821 6614
3 1841 6153 4329
3 3739 5467 976
3 4776 7774 8173
3 8823 6936 373
3 3837 658 7698
3 5652 658 3837
3 6741 836 4531
3 5893 4532 639
3 954 2468 4272
3 8633 3831 7995
3 9618 6530 595
3 2667 8697 7913
3 3050 4165 5660
3 6683 5816 996
3 9419 2864 2357
3 8108 2414 4210
3 8864 2474 8632
3 2682 5079 9382
3 9821 4272 8618
3 8017 5920 5130
3 3234 5743 625
3 6724 7349 2169
3 8860 2021 6599
3 954 8414 9465
3 7665 4484 3834
3 7624 3862 5962
3 2973 4036 9712
3 7122 798 5333
3 6430 4178 1970
3 7859 2820 4796
3 4504 9387 9039
3 8093 1349 7982
3 1770 4687 9254
3 1770 9254 4809
3 3308 3737 6750
3 9134 2614 5596
3 3377 910 6695
3 7533 6786 2252
3 9539 3841 1319
3 7996 568 3713
3 4808 607 8865
3 1576 4713 8980
3 9143 6700 4400
3 8901 9932 2629
3 1769 8603 5618
3 7495 6666 1046
3 4436 7655 8264
3 8264 2466 4243
3 6580 2175 3926
3 2857 3938 5848
3 7632 2262 3810
3 4308 5388 4590
3 3141 7188 2122
3 2122 9023 7176
3 1197 5900 4661
3 8192 8194 3143
3 8796 2156 6520
3 800 3260 5598
3 9273 5038 2528
3 7788 7167 4536
3 6848 2052 3852
3 3852 7257 2158
3 4981 3144 1701
3 7442 2253 9890
3 7807 5391 2419
3 2378 9378 6176
3 6980 2094 3040
3 9635 5008 9634
3 3054 8926 5642
3 5955 8671 2988
3 6191 9670 9669
3 5697 608 2711
3 8635 3534 751
3 9778 7523 3718
3 257 5257 256
3 6333 255 8753
3 5468 1542 3013
3 8623 1390 5235
3 5681 9893 9819
3 614 8006 4010
3 7739 6557 1021
3 8800 2503 8254
3 8035 3779 4495
3 5958 2787 3549
3 6353 8545 1927
3 1373 9576 9429
3 6467 4301 1011
3 8655 5704 2471
3 6784 6425 3167
3 6630 5878 1825
3 3388 1470 5124
3 4865 5866 2222
3 9682 5778 2714
3 1863 5988 4831
3 7668 1260 4240
3 6585 5395 844
3 4656 8323 2547
3 9742 1775 5566
3 9771 5648 3638
3 6717 4265 711
3 4008 2781 9184
3 6734 5092 3192
3 6379 2022 4045
3 5952 3812 949
3 9419 2357 4939
3 3369 6638 7809
3 5287 3735 1686
3 7874 9832 1450
3 7100 1645 3499
3 2803 9449 8401
3 8280 1294 7405
3 8936 773 6866
3 3661 594 7024
3 5583 407 3256
3 5416 7947 3447
3 4535 2336 7947
3 2909 1110 5956
3 1462 4280 6376
3 6102 5098 939
3 9474 4231 8904
3 6535 2859 5587
3 4132 8973 862
3 2707 6451 9159
3 9684 6578 2300
3 8453 2930 7107
3 4543 1739 9732
3 7066 3762 8671
3 5730 4169 1408
3 7702 577 4330
3 7626 4900 2264
3 7648 2293 7649
3 4594 7782 7679
3 9470 8850 4482
3 9073 2594 9072
3 8138 2192 6488
3 4782 5885 1987
3 4256 879 3471
3 5148 976 6816
3 7029 6691 2060
3 7018 4348 5791
3 4856 8766 1585
3 9268 4691 8321
3 7417 3794 6343
3 3809 7417 7775
3 290 6490 4795
3 2064 5864 6539
3 831 4647 4970
3 5581 9458 413
3 4887 4797 1568
3 2382 6641 4800
3 7250 6435 1124
3 2061 6434 9816
3 2983 8398 2782
3 794 7671 6426
3 7491 5147 2904
3 6184 1455 3708
3 4559 9230 9011
3 3311 7437 717
3 3901 5386 2018
3 873 8241 5741
3 3991 5879 7307
3 2242 7194 7271
3 4744 960 3613
3 593 4778 9433
3 5735 866 3947
3 6792 4920 620
3 1395 6913 5849
3 1824 5877 4735
3 1692 3972 3795
3 4476 3987 631
3 6831 2244 3908
3 6831 7498 2244
3 6183 8506 7398
3 4486 4518 2185
3 8149 3430 5630
3 8561 4642 6515
3 8022 5300 4200
3 8287 7038 2097
3 7711 2292 6062
3 1018 9746 5631
3 8844 5021 1855
3 4642 943 6515
3 7082 4002 2998
3 2574 5146 4283
3 7190 1217 3685
3 7820 3492 6199
3 8020 3710 2056
3 5968 5967 2023
3 8843 5781 827
3 9546 6362 1134
3 656 4527 8045
3 9737 5891 2793
3 6364 2562 3771
3 2011 6903 6788
3 5336 2471 3693
3 5156 9872 2743
3 8146 9740 3044
3 3167 1449 7595
3 2015 6987 6485
3 4736 6991 564
3 2678 7542 6596
3 4989 9356 2283
3 6080 8806 3470
3 9130 2778 9102
3 4886 4291 1710
3 2377 8235 8234
3 592 4671 7302
3 3695 1308 9075
3 8623 6201 1390
3 9639 1593 9597
3 6589 4494 1041
3 5782 605 3132
3 7126 2835 6495
3 8749 4281 917
3 1200 3576 6664
3 3307 695 3217
3 6901 5655 3520
3 7849 8348 1347
3 9348 3931 1107
3 4232 3018 1718
3 7685 3810 1314
3 2452 7749 5088
3 6557 4960 1619
3 6849 734 3934
3 2036 6849 7181
3 5886 1059 5817
3 7879 2367 4563
3 2263 7684 3932
3 3933 7686 2263
3 4023 8779 7770
3 6640 5997 1068
3 8624 3906 8623
3 4912 6511 1876
3 8491 1458 3746
3 8701 5729 1027
3 8334 3836 1340
3 4763 4638 1902
3 8830 4225 6471
3 6141 2391 4012
3 1389 5316 8554
3 7638 4234 1499
3 7041 561 562
3 4038 9858 1621
3 2943 7354 5230
3 2148 4927 7083
3 4651 2992 1622
3 5644 4740 1058
3 6937 3945 2381
3 7373 5287 1073
3 4559 7445 9230
3 6358 816 3335
3 709 5744 6309
3 767 6213 6996
3 4336 9250 8206
3 4629 1829 4630
3 6070 969 3950
3 2964 6408 5255
3 4427 9714 7370
3 6070 5171 969
3 6047 1018 3656
3 2412 3952 6113
3 3282 3559 9613
3 6760 648 3605
3 5148 6816 1891
3 5941 375 376
3 4214 3248 8033
3 7166 3388 6462
3 5977 5976 1857
3 2556 4747 1025
3 2455 5021 8844
3 2001 4558 6719
3 4619 1677 3647
3 7625 4170 2264
3 5955 2989 5510
3 7597 514 513
3 8123 1845 3848
3 9798 5081 9797
3 5807 120 4657
3 6021 3960 2529
3 3118 4393 9051
3 5181 1821 9622
3 2226 3637 6090
3 1875 6721 5624
3 8395 3964 6970
3 4117 584 3252
3 4581 836 2764
3 8753 9398 2087
3 7622 3859 4341
3 7794 4300 2099
3 7048 3206 6191
3 2923 8897 4023
3 7432 1059 5995
3 6730 3007 971
3 3713 3968 8084
3 8744 616 4093
3 6746 9578 2832
3 499 5969 3808
3 1031 8057 4109
3 5233 3620 2056
3 351 5092 6735
3 5333 8638 1691
3 745 7320 6596
3 5946 8080 1104
3 8158 4853 2602
3 9016 512 513
3 2642 7952 5749
3 1680 5090 9364
3 8441 9361 823
3 4399 1647 5351
3 8553 8340 3976
3 8161 4545 2416
3 6471 4225 1966
3 9198 4110 5829
3 6875 6820 2101
3 643 6069 3949
3 1321 8364 7429
3 8119 1919 5603
3 2965 6107 1879
3 576 9714 7765
3 9853 3773 9772
3 9334 884 7790
3 5513 2777 9100
3 2591 5373 4654
3 2888 6808 2046
3 3674 7011 2089
3 2447 9614 7726
3 3985 39 6985
3 2463 6404 3435
3 6952 3182 2107
3 8412 2558 4040
3 3396 3355 1190
3 2011 3431 6789
3 6261 3988 1837
3 5491 877 4517
3 9337 1471 3774
3 3764 7845 9188
3 3990 940 7894
3 1254 9296 5352
3 3361 1395 5849
3 8256 5358 1699
3 8238 3584 4855
3 758 3091 5126
3 7903 1186 4248
3 6620 9268 2096
3 6112 9745 2796
3 2627 9181 5514
3 5112 8751 8750
3 1479 8707 8418
3 1500 4372 9413
3 7874 1178 3276
3 4321 526 525
3 8377 4183 5366
3 3215 1248 3214
3 5485 5855 972
3 2890 1033 5324
3 8397 2782 7236
3 3962 1540 4478
3 8345 3919 2422
3 2832 6183 9579
3 1522 8102 4246
3 4092 867 5146
3 7916 7783 3227
3 8720 8702 3549
3 3228 6343 6031
3 5342 1696 4662
3 8363 5342 5425
3 339 340 6659
3 5482 8949 1744
3 9038 6598 2021
3 8206 574 6886
3 5588 7263 1528
3 2152 4007 7965
3 8501 3522 790
3 2910 6368 918
3 1495 8927 4625
3 3044 9430 5705
3 7736 4012 721
3 4468 3526 869
3 7795 1220 3526
3 7395 7123 990
3 990 3816 7883
3 7737 1342 4012
3 5566 8687 666
3 9930 746 3586
3 8972 4880 2573
3 4780 9142 8239
3 9211 6313 2573
3 6313 740 9689
3 2586 4411 8907
3 2577 5547 6159
3 2233 7004 6217
3 8842 3024 7873
3 2652 8244 6517
3 8959 2524 4647
3 4708 9955 5940
3 7854 1756 5569
3 9569 8370 4335
3 9576 5206 4601
3 8996 4804 1336
3 8996 7579 5207
3 9045 2243 5830
3 3802 5231 1284
3 2923 8428 6761
3 6437 4851 1811
3 5425 1827 8363
3 1827 5425 4024
3 6653 6392 2127
3 6989 9916 7221
3 7027 3214 4973
3 8891 3793 4918
3 6509 9397 2664
3 8905 7381 2234
3 9325 6475 2934
3 4420 1213 2936
3 4008 9184 7361
3 8115 3673 7421
3 4329 7547 1899
3 5408 4329 7113
3 1405 7080 4393
3 2527 8886 6027
3 6690 3204 6602
3 1166 3204 6690
3 9810 2798 9809
3 8003 1238 3568
3 3894 6263 9777
3 4376 7723 6822
3 1355 4849 3106
3 4243 617 3383
3 6583 947 6582
3 5496 876 3814
3 8811 5860 1253
3 7417 3809 2257
3 9619 8309 1777
3 2789 5246 9858
3 9902 5407 7829
3 2129 7189 9809
3 2186 7244 6819
3 6131 9188 3111
3 7373 8008 3735
3 7864 2521 3692
3 9682 8384 1930
3 4000 612 3338
3 7365 3777 6813
3 7148 719 6158
3 7743 7184 2353
3 7128 5782 1820
3 8285 8850 1460
3 4520 7485 2757
3 7150 3485 1162
3 2543 7390 6403
3 5805 3688 2525
3 2131 7227 7226
3 7186 3820 9217
3 9825 1530 5494
3 2284 4050 7410
3 970 8670 7264
3 6904 1153 6119
3 7409 426 427
3 9758 1363 3924
3 5323 806 3510
3 6532 1211 3497
3 1376 8704 6268
3 4485 9229 3077
3 1427 7896 9710
3 7876 4284 2961
3 7896 7894 4055
3 7120 9710 4053
3 2476 6528 8288
3 7264 1789 7380
3 5485 8853 5855
3 4506 9352 2030
3 2445 6389 3340
3 8759 1353 4493
3 9606 9914 3324
3 3230 1785 5552
3 8487 4126 8486
3 6153 2596 4776
3 9215 9214 3244
3 4119 4118 1376
3 6718 1087 5406
3 8307 4598 2442
3 6656 4057 2031
3 9262 2866 8608
3 4114 9199 7620
3 4186 4185 1622
3 9381 5217 4186
3 8610 7959 13
3 8707 8708 2514
3 1872 5686 8882
3 5521 1871 5520
3 1476 9253 4832
3 8882 3701 2587
3 8548 2968 4667
3 1836 5306 7887
3 4861 566 6935
3 1004 8932 4408
3 7758 1409 6933
3 1415 7694 3689
3 5997 3578 1893
3 6845 8668 761
3 6720 4558 2001
3 1054 9197 8092
3 2535 9078 5935
3 7942 2045 5891
3 6548 5204 2928
3 4953 6445 2073
3 3626 6131 8385
3 9176 7276 3160
3 3495 7366 900
3 4076 2041 7005
3 524 525 5562
3 5627 3457 4890
3 7399 6407 2057
3 5193 4078 903
3 2646 9607 6712
3 7188 3587 2122
3 6156 4404 742
3 6343 1849 6031
3 3073 9285 6241
3 4489 863 3073
3 7026 1688 4079
3 7853 9154 2826
3 1026 4428 6332
3 9954 3215 5113
3 1838 5942 9256
3 184 6111 183
3 5703 4084 1527
3 185 6531 3798
3 2463 9528 6404
3 832 6982 6441
3 4531 836 7604
3 5888 4117 8910
3 7304 6526 668
3 4458 4242 2093
3 818 6177 4115
3 955 5132 4116
3 7182 8605 2224
3 5662 6486 871
3 6445 979 3366
3 1794 9090 3961
3 2845 3986 9365
3 850 5976 3955
3 8477 5146 2574
3 4988 4987 1625
3 4536 8336 1019
3 9577 2013 4920
3 600 9585 4016
3 1254 6405 7546
3 738 4817 9050
3 9229 4485 948
3 6892 8725 2977
3 2389 7861 7421
3 6627 3696 1308
3 6734 2006 5092
3 7023 2127 6392
3 4100 2877 1372
3 5547 8394 9545
3 5553 1052 7385
3 9585 1749 8394
3 8543 4698 2005
3 4020 7324 7068
3 5950 8938 1813
3 1112 3589 6858
3 8161 2477 7392
3 8134 1470 7912
3 4642 4518 943
3 6979 5670 157
3 7862 3729 3126
3 4650 9324 2622
3 9649 1111 6484
3 8338 3556 164
3 163 5837 162
3 2540 8085 3784
3 3231 6402 9491
3 503 4787 4079
3 1031 4109 8924
3 3978 507 506
3 7257 3852 1246
3 5283 2821 1167
3 1422 8534 3076
3 7510 8720 1420
3 3403 7563 7058
3 2595 9113 5952
3 5474 2711 608
3 6907 9632 8963
3 5415 249 250
3 955 4116 6626
3 8244 1155 6517
3 9406 818 4115
3 1473 3705 8675
3 3581 6247 1399
3 5892 3233 1571
3 8492 7966 2680
3 2813 7118 8009
3 8035 4495 934
3 1677 4619 4474
3 3875 5529 1480
3 8091 8709 1638
3 2615 7510 8953
3 922 9900 4937
3 4938 5305 1798
3 6949 681 4102
3 6568 2689 6968
3 8407 3511 6631
3 1029 4570 8761
3 6800 4517 877
3 8988 1218 3905
3 1218 4125 7356
3 1371 4059 8486
3 652 8365 6114
3 4127 4059 1371
3 1250 3399 4810
3 7573 4742 5108
3 1662 5443 2991
3 3646 7115 8771
3 8622 222 4697
3 8098 659 6878
3 3777 2152 6813
3 4314 3947 866
3 9648 4707 1575
3 2921 8620 3288
3 8715 4207 2624
3 6741 1808 4837
3 2798 923 7191
3 791 3783 3432
3 4982 7880 1938
3 2344 8051 4459
3 1531 4136 9461
3 1531 3061 7575
3 9461 2656 4524
3 2692 6994 9799
3 4137 1514 6407
3 900 7472 6303
3 4611 4163 432
3 1354 7812 3322
3 2634 8775 8776
3 8197 4834 902
3 8730 8166 2696
3 4141 776 6944
3 6094 557 3444
3 6866 2039 6865
3 8015 5475 550
3 5899 2189 6206
3 2703 8280 7405
3 8549 3765 2315
3 3131 2232 4318
3 5869 2118 7411
3 3754 9298 8262
3 391 8763 3435
3 4749 8505 1038
3 3390 7195 937
3 2293 4999 6902
3 3703 7213 5024
3 2809 2397 7594
3 503 4079 504
3 1703 8810 4760
3 4512 8961 467
3 7733 6751 469
3 8952 1839 6894
3 8647 661 4873
3 9424 2686 9423
3 4289 1865 8019
3 8818 6360 2960
3 5227 6854 2127
3 3706 1324 3389
3 1277 5388 3846
3 8750 1016 5112
3 6 7 3553
3 6003 5989 2430
3 3001 5816 1669
3 4576 9875 1692
3 947 7284 3862
3 7710 3193 7075
3 9292 4801 8769
3 4386 6233 1213
3 9157 1665 5186
3 9381 2992 6143
3 768 9859 6910
3 2190 7094 5606
3 7407 775 4140
3 6137 3171 511
3 6273 5449 3123
3 4457 6870 2040
3 9686 3326 4510
3 3544 6266 7348
3 3420 9799 8265
3 5288 9179 1820
3 8614 2516 6110
3 4091 6548 1995
3 720 9754 4953
3 458 8281 4964
3 459 460 6864
3 5173 4963 835
3 4633 7313 2161
3 2528 8336 4536
3 8246 1089 5040
3 6027 9711 3500
3 9354 3209 6686
3 2687 4171 7582
3 9634 1605 5009
3 7402 3405 2228
3 8764 6123 2119
3 829 9501 4868
3 5139 7173 3017
3 7921 3339 1235
3 9536 4826 2670
3 5197 3266 564
3 4260 2292 7857
3 3227 7783 6832
3 5835 5231 1880
3 7025 994 6054
3 6984 870 6421
3 3815 6512 1971
3 9763 9637 5501
3 5789 2774 5761
3 2358 5776 6584
3 8570 2456 6391
3 698 4461 3342
3 1201 4181 2780
3 79 4378 78
3 1066 4742 9486
3 7312 6286 4928
3 1178 7874 8899
3 1142 8425 5957
3 2222 7440 7096
3 8286 1599 4968
3 6728 2147 4768
3 7505 4405 6000
3 5246 2789 9859
3 4454 9223 662
3 1003 7463 6653
3 3799 3019 9565
3 7199 5811 2873
3 6785 836 4837
3 6760 2032 5110
3 5490 7693 676
3 2972 6242 1130
3 5751 1309 3680
3 2672 9512 8937
3 4988 2581 4987
3 803 7562 5220
3 7895 7985 3990
3 6373 7154 641
3 3922 1490 6561
3 8635 6708 2482
3 2648 6895 9179
3 8102 1828 4246
3 9316 5172 4004
3 6619 88 89
3 9004 7234 3293
3 5428 6641 2382
3 6007 1018 7151
3 837 3198 5608
3 5191 1756 4198
3 3827 9518 7497
3 2960 6360 8436
3 1973 3467 5298
3 2330 3791 6476
3 7509 4965 606
3 7509 3286 7368
3 3486 8339 8534
3 6246 4024 5425
3 9592 3072 8891
3 8853 1742 5486
3 9354 6686 1860
3 7626 3257 4900
3 2520 7352 6521
3 5343 1732 4975
3 5295 2212 5987
3 6202 8617 2881
3 7913 6874 3686
3 7913 6873 2113
3 8125 4250 1404
3 8126 2538 5566
3 1027 6887 5755
3 2784 5532 6297
3 7130 3224 3518
3 1560 6029 6700
3 8108 4850 2414
3 4462 655 6549
3 6889 991 5696
3 5291 1954 5290
3 2137 6738 6917
3 729 7183 3779
3 9609 374 375
3 6499 4256 2271
3 8692 5334 2134
3 6860 4388 787
3 2191 8173 7774
3 6728 17 18
3 9652 3283 8781
3 3384 936 6890
3 8171 2429 4218
3 2575 8949 5482
3 2665 8141 8733
3 7147 3287 5814
3 8735 667 4187
3 4220 5355 8518
3 57 58 9036
3 8233 7352 2520
3 4131 9396 7319
3 6188 6699 2475
3 4554 8672 5743
3 1169 7577 3234
3 9659 4674 2390
3 9488 6463 2788
3 8187 5770 6859
3 2522 5770 8187
3 5633 5584 4226
3 3706 6761 1324
3 8982 6302 3058
3 3070 1744 5481
3 9440 4381 1468
3 9661 1053 9709
3 6584 5776 977
3 8740 2019 4106
3 8408 8268 3506
3 6732 2854 6084
3 5814 7268 2987
3 4325 6704 2966
3 7278 8360 3898
3 4688 9753 6426
3 2940 7002 5838
3 9745 511 6151
3 9596 7638 9022
3 6264 4562 1587
3 7383 4103 5639
3 1385 6636 8274
3 1233 8768 8055
3 8448 4434 2409
3 547 5926 546
3 773 6518 4137
3 6479 1624 3509
3 6098 6099 1858
3 5014 8277 6098
3 4595 7773 3126
3 1668 3849 5919
3 4478 7907 3962
3 4266 9478 9192
3 4241 3371 1234
3 7304 668 4557
3 9519 1520 4111
3 4035 1492 3430
3 9367 9365 6862
3 4111 4791 9519
3 2676 5872 5871
3 3339 4042 843
3 6762 1654 4684
3 679 4368 8475
3 7470 7469 5190
3 7303 1861 7297
3 4201 4458 2093
3 746 4250 9637
3 9668 7060 4209
3 9956 3236 5534
3 1187 3035 4437
3 8701 5754 2477
3 1459 4190 7364
3 8172 5187 1664
3 4261 2913 9770
3 8144 8143 4832
3 7199 4276 2282
3 3500 3501 8867
3 2527 8888 8887
3 9257 3199 9255
3 3139 1790 5540
3 9106 722 3860
3 2896 5468 921
3 7889 5306 965
3 2904 6737 7491
3 3025 4347 1255
3 7947 5416 1601
3 8059 5598 3530
3 7940 8410 2739
3 5988 2539 4398
3 4434 7950 2309
3 664 4538 3365
3 3074 2466 8263
3 8695 1034 4367
3 7197 3858 7522
3 7034 4502 2738
3 5144 915 3757
3 3327 4263 7245
3 5784 3598 3241
3 999 8236 4916
3 4594 1490 7782
3 7118 3681 2154
3 7830 9564 4706
3 3008 9376 9209
3 2117 7044 7042
3 8276 2338 3245
3 9335 3101 1787
3 1916 6069 2817
3 3101 5692 1756
3 4269 2766 8989
3 5930 394 395
3 2669 6667 9250
3 3224 5383 1488
3 8715 2623 8099
3 8500 2495 8499
3 4207 5173 9427
3 8778 5747 2666
3 8618 4272 2468
3 6222 5747 1948
3 8619 2468 7618
3 5747 715 5296
3 3312 9526 8131
3 9935 9933 6106
3 6741 8552 1808
3 9692 21 22
3 8671 5955 1405
3 7249 3884 1381
3 5081 4363 1448
3 4356 7236 106
3 5524 1023 4696
3 9446 4279 5822
3 9782 6791 4730
3 8092 4566 2600
3 6756 4566 1455
3 8473 3708 1455
3 5209 3707 974
3 5141 9865 1365
3 8744 4093 7953
3 4849 1355 6417
3 3232 8493 6182
3 4212 6493 1006
3 6016 4071 1114
3 7954 968 7139
3 6181 1103 4286
3 8427 8301 3670
3 9849 1040 6389
3 6957 1295 7104
3 3244 8922 9215
3 4480 9953 7335
3 6762 4684 6166
3 4683 8813 1050
3 5803 827 2878
3 1095 9100 9056
3 4123 657 3058
3 9758 6185 1975
3 8447 2310 7020
3 1722 8407 4403
3 7218 1083 5632
3 5965 3562 2074
3 1083 5733 9935
3 3427 7456 4678
3 573 7388 4929
3 2236 7561 5228
3 1890 9383 5037
3 4427 1683 9714
3 6784 232 4070
3 6879 2151 4584
3 5373 4298 966
3 7168 8670 2322
3 7717 4932 3007
3 4938 3303 649
3 7688 5131 2323
3 9669 2027 6191
3 1930 8384 5249
3 1863 6058 8878
3 8703 2615 8953
3 4302 6399 1088
3 8720 7510 2615
3 929 8562 5856
3 505 504 5505
3 5598 8059 800
3 9651 8785 888
3 2381 4740 6063
3 7646 2158 4316
3 5914 1833 4905
3 9581 3362 5011
3 2356 8074 5477
3 3933 9109 7727
3 7181 6849 3934
3 5689 1792 3105
3 7919 2743 9873
3 5155 7569 2287
3 5773 3218 1198
3 4759 9224 9792
3 7760 9278 1929
3 2496 5465 8802
3 5546 1372 2877
3 8271 7530 1752
3 7287 67 68
3 8214 3531 1216
3 7642 3929 6931
3 8452 346 4315
3 6644 790 5836
3 7257 7176 4316
3 3438 8142 1278
3 9944 2685 4894
3 5478 1010 9811
3 3793 9591 7976
3 9525 1013 8178
3 6123 5403 938
3 6827 7629 3251
3 9485 1769 5216
3 5757 5065 3152
3 5834 527 526
3 4344 5701 2120
3 2299 7894 7896
3 6127 4055 4442
3 9748 2779 8294
3 9520 1219 9748
3 2101 5505 4632
3 8617 6202 696
3 9676 2702 3572
3 1483 5470 9474
3 5068 7666 5881
3 4592 7975 7973
3 8741 1360 8327
3 3911 1310 3188
3 3120 6953 2107
3 8892 2343 8022
3 6153 9052 2596
3 2982 1 2
3 6964 5300 723
3 2061 9816 6433
3 5041 828 4943
3 1592 8712 2972
3 8758 4300 5699
3 7207 5134 5472
3 5672 5911 1819
3 1668 5919 6921
3 6036 2360 5756
3 5314 1721 3183
3 9072 5006 1613
3 5931 3917 1443
3 6225 6015 1074
3 2774 4782 1987
3 3919 2025 6401
3 9357 2744 9358
3 4084 6690 2946
3 5694 8436 171
3 9476 1047 7568
3 2173 7284 6583
3 4211 6598 9006
3 6598 4211 6599
3 4374 8770 9397
3 6905 5304 766
3 3281 6169 864
3 6763 199 200
3 8855 195 3528
3 6854 8406 583
3 8942 2632 5991
3 5991 1985 3292
3 9831 4345 9832
3 9883 9136 738
3 2046 6806 6807
3 4653 9892 6881
3 8433 8020 4377
3 1562 4785 3413
3 3152 6331 5757
3 8018 2534 4220
3 3567 9646 4349
3 8482 8484 3686
3 4981 5317 2305
3 7658 4353 7656
3 4705 818 9406
3 2298 6681 5313
3 9839 2439 5345
3 4579 1615 4578
3 6140 5600 3568
3 2793 5891 5708
3 7308 4354 1469
3 4410 889 5495
3 4339 2895 2075
3 2393 6853 6446
3 9595 5702 1387
3 9284 5702 2730
3 8417 4394 8416
3 1284 4533 8104
3 6081 3083 601
3 4533 2418 8663
3 4051 9325 9130
3 8653 2620 4717
3 633 8061 3372
3 4028 2842 657
3 884 4623 7790
3 8981 3840 1319
3 8362 5116 568
3 1733 5133 3208
3 5081 5361 2373
3 7590 7588 4277
3 2989 5955 9797
3 4499 1640 6633
3 9108 832 6441
3 6985 1706 3985
3 6884 6519 2824
3 6884 5930 3617
3 7397 2366 3653
3 3487 8614 7552
3 8669 3542 2758
3 1856 9830 5484
3 7724 6941 3547
3 9044 8539 2726
3 7724 8432 6941
3 8228 2516 6065
3 9411 9328 2775
3 4183 7838 7837
3 980 9747 4724
3 5122 587 4862
3 1903 5870 5871
3 8631 3275 1450
3 6509 258 4374
3 1644 8770 6494
3 7580 923 4375
3 4704 2298 5313
3 9928 285 2801
3 686 7213 3703
3 2756 9727 8507
3 9168 1325 4257
3 1693 4378 4181
3 8628 9267 2858
3 8916 3960 7004
3 1149 5852 6220
3 6213 1686 5286
3 9883 6594 9136
3 2710 5841 9647
3 2533 8601 3085
3 9164 7680 647
3 1318 6926 3775
3 7138 1073 5287
3 9164 5402 2585
3 8903 4382 1046
3 2585 7103 5846
3 8755 4574 893
3 6686 875 4659
3 5417 633 4227
3 4159 7963 8757
3 7213 1740 5024
3 8043 2685 7612
3 3074 4243 2466
3 2574 6924 8476
3 8177 2654 6271
3 5973 5055 301
3 1619 7911 6557
3 8078 4567 2492
3 1055 5397 5376
3 1377 8953 8461
3 9165 4942 1670
3 2022 4334 5850
3 5093 9260 1239
3 9327 6487 3177
3 6121 1654 4694
3 9424 4357 1454
3 2588 4396 8111
3 3479 7321 2210
3 8408 8087 1419
3 7205 3294 6077
3 5391 2418 7929
3 3084 7940 5595
3 9857 5825 3751
3 5244 5598 3260
3 9216 2800 4984
3 2803 9917 9449
3 8518 1804 8018
3 6599 2021 6598
3 532 8794 5369
3 9169 5369 3594
3 187 3660 186
3 9781 3362 6617
3 2377 4386 8235
3 5371 2837 5370
3 5521 5520 3064
3 9828 6000 1474
3 8145 4516 983
3 5711 1920 2691
3 1798 5305 3613
3 2440 5384 6365
3 6363 2068 8323
3 2996 7273 6858
3 8490 1818 3799
3 8368 4126 6277
3 6663 3732 2005
3 4626 9211 8927
3 9627 425 9605
3 4860 6904 6119
3 2828 6593 9558
3 8278 4411 2586
3 8928 3361 7689
3 8488 8487 2451
3 8819 4881 8747
3 4880 1574 8819
3 9294 9424 1454
3 2461 4818 8194
3 6769 8808 2109
3 7461 2490 4876
3 4181 1201 8525
3 5765 4641 1536
3 7432 5927 3291
3 2995 5709 6572
3 8001 2323 8938
3 6615 646 4418
3 2571 8441 8032
3 2016 4203 5282
3 4218 1138 8171
3 4972 4420 2936
3 9292 5489 3484
3 6911 3131 5071
3 1734 6225 4168
3 9552 3973 5640
3 3110 4423 9844
3 4912 1458 3652
3 3038 5989 6003
3 5158 2879 8828
3 7860 1621 5246
3 6030 4080 1848
3 6335 3971 839
3 1736 9184 5331
3 2608 5994 5832
3 6576 6253 874
3 9610 8290 6431
3 8231 3816 5332
3 3741 8669 8478
3 9462 1579 4883
3 4495 3779 1779
3 9779 1714 4121
3 9139 4439 8170
3 7241 3983 7239
3 7052 2072 5944
3 2903 770 4175
3 4901 904 4440
3 9209 7766 2269
3 1704 7569 5155
3 9575 2025 4259
3 8374 5673 1197
3 1668 7668 4240
3 4436 8264 8048
3 6898 846 9176
3 1380 7400 3645
3 2079 6297 4770
3 6413 6129 3629
3 2781 6377 5331
3 3711 6532 9900
3 4439 4665 1456
3 7137 4337 2670
3 8948 4236 6597
3 921 8046 4792
3 8131 1105 7716
3 5801 5076 5276
3 5276 6528 2476
3 6184 9440 1468
3 7422 9661 7861
3 5409 5018 2282
3 17 4768 16
3 7991 7444 4188
3 3963 8896 8895
3 8182 812 8027
3 3537 812 7251
3 7282 2174 4157
3 7727 3934 2261
3 8340 785 5163
3 475 4971 8458
3 3966 6743 2026
3 2794 6299 5096
3 3328 3329 9864
3 3412 7232 5435
3 5435 1563 3614
3 4029 8037 2843
3 4082 1388 2826
3 1688 4489 3073
3 7538 7035 3149
3 5394 3002 8868
3 6606 2223 3319
3 8914 887 4754
3 9515 4844 8706
3 8999 8586 4455
3 1836 7887 5307
3 5307 868 6292
3 1506 8106 6830
3 8817 1652 4890
3 4685 1861 4132
3 7304 7469 2216
3 155 6280 154
3 149 8051 5172
3 7825 9613 813
3 2479 8651 8650
3 9730 2859 8965
3 4807 4746 8204
3 4462 9143 2204
3 9583 1411 4271
3 241 242 7705
3 6945 4141 6944
3 4637 9077 6351
3 1930 6762 6166
3 6434 9735 860
3 6024 1952 3958
3 3301 6797 8797
3 5248 2020 4106
3 8563 5479 2815
3 2631 9343 9342
3 8539 3517 4648
3 9881 2266 9457
3 7024 2081 3661
3 6177 818 8790
3 1796 5741 8241
3 4992 2297 5508
3 4666 7965 941
3 6218 6878 659
3 8358 5976 850
3 9303 5560 1092
3 6126 1985 5990
3 8443 5061 1098
3 5154 9218 9197
3 1694 3806 4825
3 4087 1809 3631
3 9838 1008 4188
3 1309 3760 7376
3 4390 8064 687
3 7732 471 5183
3 9600 6382 3102
3 1279 7907 4478
3 9575 1452 5430
3 2060 6692 4550
3 7559 4552 6011
3 9093 1384 3715
3 9094 7050 3170
3 4619 1055 6778
3 8703 8702 2615
3 4392 7331 914
3 4334 9014 8851
3 6896 8392 2462
3 5943 3205 5942
3 2174 6001 3862
3 7834 7388 2328
3 1728 9490 5638
3 8270 1056 7836
3 905 6411 8420
3 919 6055 9957
3 6980 6973 2094
3 6055 2112 3574
3 4661 4435 2439
3 6415 1435 4352
3 5969 9650 2544
3 6370 4703 1031
3 9271 3587 7875
3 9271 6875 1519
3 9132 8237 1188
3 4885 4179 699
3 961 6097 7465
3 9336 4206 8443
3 3340 6145 2445
3 8793 5368 419
3 1266 5555 4453
3 1041 4494 4753
3 9892 1211 6881
3 6560 2137 4265
3 3679 9666 5464
3 793 8339 3486
3 1974 6550 4465
3 7072 4681 3024
3 5436 3293 4170
3 4806 7007 2260
3 2240 7590 7589
3 9467 6342 3212
3 1494 8230 4254
3 5420 9942 2000
3 4502 3239 786
3 430 6648 429
3 8938 3238 8001
3 3237 593 6420
3 9945 431 432
3 6324 4419 749
3 9459 995 6199
3 7777 4003 8039
3 7318 7648 1270
3 5394 2153 7193
3 2030 9352 6477
3 7752 7251 1725
3 8044 7916 3227
3 9045 5830 1284
3 6656 6655 3635
3 503 6109 502
3 6146 9498 3255
3 6656 3635 1039
3 4890 1297 8817
3 1932 4163 6830
3 8288 6528 1451
3 2178 4442 8956
3 2059 6943 3189
3 6944 3454 6943
3 169 170 6360
3 2827 7581 6360
3 8400 1290 8085
3 5375 8857 878
3 5824 2202 5659
3 8059 1953 4306
3 8082 4405 2404
3 6156 8548 2513
3 1181 5322 8928
3 842 3386 7357
3 8420 3093 6212
3 4002 6510 8765
3 1222 8284 8875
3 3010 6647 5297
3 8312 4133 7759
3 1663 5698 3720
3 1116 5051 9275
3 9274 915 5013
3 426 6386 427
3 3593 9177 7438
3 8042 5152 6921
3 9149 858 4631
3 1406 7575 6688
3 946 8185 4689
3 3096 5140 1539
3 8322 6809 1090
3 4994 5659 2202
3 9194 1425 6390
3 3714 5056 7508
3 9073 5056 2594
3 5715 2508 3576
3 7765 7429 2269
3 7233 4470 962
3 2729 8382 7173
3 1893 3906 5997
3 1544 4777 5674
3 3364 6651 1875
3 9862 8896 3963
3 3675 6843 2155
3 4531 1571 3233
3 4152 8250 8640
3 2379 8132 3332
3 8694 7047 398
3 6975 2766 4722
3 7948 3401 2336
3 5968 4257 1325
3 8840 2550 4090
3 5222 7715 2195
3 2304 7720 2884
3 8246 2884 6649
3 2103 6007 5575
3 6007 2195 5575
3 7857 7711 3921
3 5197 6991 1667
3 8649 5144 3757
3 5199 3641 749
3 4541 6448 8682
3 4542 8584 8583
3 3785 8085 6979
3 4305 1753 3604
3 9733 8449 3615
3 8449 1334 3897
3 4168 6725 2123
3 8318 3891 2967
3 9002 2416 3836
3 4011 6141 1342
3 5221 6082 2673
3 8496 948 5105
3 8956 940 4652
3 7661 4738 789
3 2911 7521 7059
3 9750 9752 2742
3 9218 2598 9197
3 6184 4228 1455
3 1356 3891 9676
3 7029 2060 4550
3 9799 6994 1291
3 8724 4957 2548
3 1465 4382 8902
3 7803 2020 6947
3 9187 7225 680
3 6790 6123 5036
3 9556 5742 1796
3 9549 2962 8966
3 3754 9087 9086
3 8111 1491 7411
3 7567 3609 2351
3 3727 1830 8947
3 2619 8363 7099
3 2823 9887 4741
3 1677 9628 3647
3 4730 2905 1099
3 3692 5353 8661
3 1178 5934 3900
3 1639 4560 4559
3 8425 1142 7436
3 5070 1659 4956
3 408 407 5280
3 1303 8511 5404
3 3444 6278 6094
3 7954 2638 7265
3 8428 2923 6480
3 9151 1274 4595
3 8499 1801 6609
3 1431 8108 4210
3 2721 4955 9221
3 7421 3672 1432
3 3768 7345 3899
3 7393 8748 2562
3 7700 2320 5995
3 8909 4009 8098
3 7546 3902 1254
3 5364 9393 659
3 8159 5879 3016
3 9210 5087 2969
3 4179 5523 9063
3 4571 1459 4083
3 1262 9668 4209
3 9814 7312 4928
3 1497 8574 9469
3 3851 1618 8930
3 4427 8421 1573
3 4992 1573 4470
3 1019 8888 4253
3 893 4574 4573
3 7722 7721 5038
3 3972 6713 1389
3 7320 8983 2678
3 6608 4898 915
3 2784 6089 5532
3 4629 4630 1498
3 1852 8101 5730
3 4094 2884 770
3 3750 4352 5453
3 2095 7039 5928
3 2948 1663 5454
3 7246 892 6687
3 6642 3264 983
3 5637 5636 1818
3 5087 7425 2969
3 530 4771 531
3 3310 1673 5402
3 1711 5364 4009
3 9484 4697 8960
3 8833 2463 4749
3 9339 1566 8833
3 372 5783 371
3 7413 1891 5753
3 7455 260 261
3 9258 6731 3049
3 9510 9866 392
3 6565 9698 482
3 7654 5021 5212
3 7243 8374 2186
3 6092 1887 4734
3 956 9690 7141
3 8570 5629 2456
3 763 3226 8349
3 3572 1674 5017
3 1925 4745 5068
3 4593 2179 6102
3 5447 9768 1791
3 9159 6451 6999
3 2707 9160 7795
3 4702 8697 2667
3 9265 2349 8116
3 8424 4610 5280
3 8320 1659 5070
3 4599 2442 4598
3 494 7000 3255
3 8232 6540 1232
3 2031 6655 6656
3 7000 4599 1516
3 6145 7900 2445
3 6682 5856 3634
3 8575 1383 4089
3 8175 1044 6191
3 4696 9146 6834
3 3186 9111 5665
3 7107 1107 4196
3 9368 681 8387
3 5800 4778 2273
3 7475 3162 5090
3 9815 9207 2925
3 8920 6225 1074
3 3090 9932 6236
3 9404 1740 5456
3 9800 4894 2142
3 4057 2769 9330
3 7797 1659 3324
3 5749 415 4561
3 3464 1301 7142
3 498 499 8038
3 4618 1518 4617
3 4057 9330 780
3 2031 4057 6836
3 4163 433 432
3 4611 432 431
3 6482 2190 6221
3 6383 448 3546
3 7087 1934 3493
3 9385 2932 458
3 6776 6775 4140
3 3730 2012 6776
3 551 8015 550
3 8198 8075 1509
3 4607 2769 1508
3 4058 6478 1518
3 9058 505 4618
3 3583 779 3539
3 8182 7802 812
3 9948 2802 9761
3 4474 3812 1677
3 3647 9422 9421
3 9699 2504 8209
3 1909 9624 5442
3 392 393 8763
3 4621 393 8224
3 5219 1144 3059
3 2322 8670 5131
3 9008 5513 6447
3 4665 3317 1241
3 9030 2643 5011
3 177 5884 3738
3 9276 2395 7158
3 5577 3012 7484
3 8543 5380 3724
3 5027 7785 1108
3 9804 9391 5363
3 4627 2580 4626
3 6839 8190 3104
3 7629 938 3251
3 6956 4869 3656
3 9149 4523 7718
3 770 5265 2965
3 3008 9377 9375
3 3229 858 7718
3 6597 858 8948
3 6461 6195 4149
3 6195 926 4149
3 4605 1275 3843
3 9427 2624 4207
3 4216 6067 1778
3 9315 5176 5497
3 8914 8308 2408
3 5306 5176 965
3 6810 6013 5156
3 2187 5372 4906
3 4096 2121 8404
3 2501 4380 8814
3 981 7502 7610
3 9801 1901 8890
3 7964 9759 4192
3 704 8069 3491
3 8711 5444 725
3 5746 725 5948
3 6782 77 78
3 73 5874 8872
3 7243 6819 4171
3 5911 1949 5595
3 4002 2033 6510
3 943 7244 6515
3 4356 3212 1502
3 4644 3212 7738
3 7597 6112 2699
3 5987 1712 5295
3 8250 8647 2388
3 1605 8417 6711
3 4601 1524 9078
3 9458 5581 3705
3 6677 6078 819
3 4648 3517 819
3 1269 4649 3919
3 3530 5439 6453
3 2414 4582 5429
3 566 9723 6260
3 7505 6000 1621
3 6316 5847 4456
3 2467 5356 5003
3 9129 2970 6569
3 9900 8465 4937
3 6883 3317 2055
3 2813 5720 9892
3 931 6742 6365
3 9141 1977 4103
3 8402 4369 5367
3 8298 9665 2553
3 8656 7210 819
3 8849 116 117
3 8916 871 3960
3 4387 2142 7266
3 273 6003 272
3 87 6327 8474
3 1974 3856 6505
3 6396 9033 1945
3 1633 5564 2841
3 3849 759 5919
3 3143 5900 1197
3 9927 1695 4662
3 5172 9316 4195
3 5940 5256 1630
3 5940 2229 5256
3 5311 8694 399
3 2129 9809 7191
3 3982 7239 1331
3 592 3629 7240
3 4014 7757 4781
3 4129 5588 1528
3 2785 5140 4525
3 7970 2361 3700
3 4668 635 4273
3 4564 6483 4669
3 9465 9464 2677
3 9908 9909 4913
3 7617 8021 1410
3 715 8372 5296
3 7302 3696 592
3 1287 3681 6560
3 9078 2535 4601
3 9531 8041 4884
3 5979 1583 8128
3 4915 7524 7523
3 476 9659 8223
3 2169 4707 7519
3 5123 2759 3890
3 4216 7462 6067
3 1117 9926 3375
3 8253 9235 3295
3 1706 3080 5263
3 8824 389 4748
3 9106 8540 2230
3 9876 6604 1289
3 4550 6613 1478
3 1791 8329 5447
3 5766 7298 3300
3 9666 3299 5464
3 9327 3178 8791
3 8840 6458 1360
3 1209 9751 9028
3 4819 6450 9767
3 2559 8136 6390
3 844 7714 3868
3 8426 800 3124
3 6762 1930 4245
3 8058 6018 2086
3 6280 1938 4134
3 7018 8871 4348
3 954 4822 8414
3 5806 4795 2891
3 9254 4687 5806
3 1690 5324 5103
3 8397 1502 8311
3 8475 2215 5484
3 1240 4716 3449
3 5294 4998 2029
3 5626 1022 5178
3 8803 3645 6652
3 7308 6620 646
3 6503 1415 6425
3 6933 3761 2302
3 5044 395 394
3 5043 9919 1646
3 1061 5008 9635
3 2471 8654 8655
3 6388 2295 7838
3 8631 4371 2489
3 2026 4061 8300
3 913 3602 5525
3 221 222 8622
3 7148 5279 719
3 1588 9744 9484
3 8239 9142 2396
3 6255 2277 5215
3 6821 8150 3265
3 9498 5679 3255
3 9330 2769 4607
3 9496 4680 9495
3 6150 3502 9236
3 6483 953 4669
3 4701 7726 1614
3 5691 1078 2880
3 8536 7114 1781
3 9835 5935 9078
3 913 5407 9902
3 4018 6626 7787
3 7189 3685 7024
3 6378 1936 6377
3 8195 5015 3184
3 6723 3901 2018
3 6928 63 6087
3 6931 5741 2259
3 1967 7275 6136
3 9204 6625 3409
3 1281 9771 3638
3 7999 2192 7355
3 4710 1582 7933
3 1577 9915 9407
3 5025 8837 2541
3 4534 3144 927
3 9415 9347 799
3 1576 4904 4713
3 3270 9118 4159
3 7493 5572 2209
3 2614 9135 4019
3 6465 5111 1655
3 5897 7531 2498
3 8356 2831 9578
3 946 6246 5425
3 2683 9333 9334
3 3982 7240 2138
3 2880 9277 5690
3 1845 5982 3124
3 881 9841 5436
3 8453 2260 7007
3 2483 9463 8010
3 6715 5378 2162
3 3594 6314 9169
3 523 3457 522
3 9347 4269 799
3 3435 8763 1552
3 4500 3199 897
3 9031 3314 2643
3 7501 1868 3668
3 1425 5360 2889
3 1868 7986 5136
3 8862 6846 1126
3 5459 4529 1764
3 6521 4221 2520
3 9488 2549 6463
3 4205 5427 814
3 2836 8202 8367
3 1590 4867 3503
3 7073 4460 1477
3 3150 7073 4217
3 3768 2600 7345
3 7434 5753 3824
3 4730 9436 9435
3 8923 9782 1545
3 965 9083 8089
3 3822 755 8593
3 7362 6172 1955
3 7651 4934 1789
3 9003 331 332
3 7804 8931 4158
3 1697 5220 6082
3 8256 7619 3694
3 6991 2897 6115
3 1018 5631 3656
3 2196 7152 4737
3 3811 4948 2196
3 7138 5287 3946
3 3735 8815 1686
3 7094 1298 5606
3 8062 6942 1292
3 4199 7863 2639
3 653 5646 8678
3 4004 4088 9927
3 4685 2822 3075
3 7165 1623 4572
3 2737 5443 5194
3 2162 3129 7317
3 1820 5782 7556
3 650 5486 2807
3 4362 2807 4332
3 4679 6552 2761
3 5142 7989 994
3 4231 3930 642
3 2179 7012 5799
3 8026 3207 4191
3 5498 4075 1737
3 388 389 8824
3 9643 4146 8824
3 2766 6083 1038
3 9340 4749 1038
3 7944 5514 1131
3 8276 1627 8056
3 4101 5546 9585
3 6049 5537 1883
3 5754 8700 2477
3 4919 7949 5754
3 8664 5378 1208
3 1191 5706 8644
3 5326 4651 662
3 9905 1475 9039
3 2785 4525 9905
3 9387 2361 9039
3 2239 5177 4843
3 673 7844 6546
3 6351 1121 9138
3 6669 3725 5350
3 67 7287 7958
3 5764 1896 3904
3 3260 8426 5914
3 5156 7919 1704
3 1956 9034 4761
3 7539 5430 4258
3 4905 9326 2806
3 4718 4636 863
3 1979 9827 9584
3 5902 7964 4192
3 2488 4428 8291
3 4178 6430 876
3 7730 3057 5245
3 3374 7341 7340
3 2892 6561 4594
3 5382 1972 8613
3 8792 5583 3256
3 7016 1037 5310
3 5896 631 3395
3 8186 4567 3116
3 2282 5811 7199
3 7918 6427 1368
3 3988 4517 6800
3 6800 877 4769
3 1459 4571 9282
3 5576 581 4577
3 535 7967 5226
3 7680 2346 4270
3 4772 1502 2890
3 4364 2312 7869
3 5659 4526 895
3 5479 7769 980
3 8838 6046 762
3 4581 7604 836
3 7004 3483 6217
3 9273 4538 664
3 5783 6936 2431
3 9214 4715 1537
3 3585 1262 8292
3 8712 7609 569
3 4300 8758 2099
3 4933 5800 2273
3 7708 3569 1238
3 1460 5096 8285
3 4781 7839 2333
3 9804 8761 4627
3 8820 4014 2507
3 7757 1609 4781
3 6235 1282 9473
3 4569 1503 3164
3 5466 9300 6816
3 9094 6760 3605
3 9475 6861 2063
3 3969 1091 2900
3 8601 4029 6553
3 9442 4347 3025
3 4188 7444 9838
3 7039 37 5928
3 5690 678 5569
3 7026 2071 4489
3 9365 3986 6779
3 5335 617 4035
3 4219 7560 1080
3 9855 4201 802
3 4790 5251 8259
3 9213 4791 1554
3 4685 4132 862
3 8973 6955 4202
3 2871 5238 1664
3 7630 1105 4339
3 4551 2039 3462
3 3466 6305 8015
3 2275 7772 7056
3 4317 8007 5299
3 1067 3702 6174
3 8190 1072 3104
3 7322 2210 3236
3 8126 5565 2537
3 7276 2971 5676
3 1814 8411 5852
3 9327 8791 1149
3 2550 8841 5075
3 5723 1794 6716
3 3896 3845 1569
3 4887 3910 1338
3 5843 2768 6752
3 3690 1280 8769
3 5818 3771 1109
3 5921 3368 5365
3 687 8064 8931
3 4998 5294 1022
3 8257 1093 6326
3 8995 8177 3158
3 1336 8191 7579
3 6163 3272 5614
3 8940 142 143
3 6619 2260 4196
3 2890 5324 5411
3 2937 6984 6421
3 3213 8904 4591
3 1576 8865 4904
3 3377 1196 7027
3 2953 5680 7111
3 6211 6992 2067
3 667 8524 4128
3 2144 6392 7235
3 3442 7475 1680
3 1962 9627 5328
3 4812 9205 1634
3 593 3237 7779
3 6354 1926 3445
3 9432 5721 2852
3 9620 5812 2728
3 584 6005 3252
3 7984 1782 5706
3 6239 8297 2553
3 7808 7807 2419
3 7807 4873 5391
3 4858 1120 3766
3 5872 9541 8328
3 2688 4488 4487
3 5919 759 4818
3 8983 5681 1256
3 1583 9834 3609
3 6246 2014 4024
3 3400 2214 6927
3 7882 882 5677
3 6881 3711 2055
3 2650 5793 3829
3 8372 3826 7477
3 4963 3550 835
3 9465 8414 4670
3 2857 5848 8748
3 8748 5848 1109
3 2294 6037 5756
3 3211 6256 7329
3 9357 1078 5691
3 7137 4826 904
3 5034 650 2893
3 8670 970 5131
3 9929 1981 6824
3 6229 3707 1981
3 2825 8736 5571
3 8072 5194 1662
3 1007 9042 4575
3 771 9833 2899
3 2605 8944 6372
3 7940 9729 944
3 7219 5308 1836
3 9906 2785 9905
3 9755 569 3815
3 6887 2537 5755
3 5815 445 444
3 9658 453 452
3 9286 7996 3713
3 9892 4653 2813
3 1097 5047 2874
3 9231 30 31
3 8253 7503 1874
3 7650 34 35
3 9020 2661 7851
3 2929 9438 9437
3 3525 1006 5225
3 3127 4771 6680
3 6050 9338 2649
3 2479 8652 8651
3 7681 3961 9238
3 8847 1547 6633
3 3620 360 361
3 1545 9435 5147
3 9243 2622 6935
3 5227 7023 1242
3 2515 4216 8750
3 838 5111 4155
3 2408 8308 6292
3 5908 3712 4155
3 1700 3047 6143
3 8804 4288 4030
3 2956 6701 5895
3 4847 208 209
3 7458 2490 6763
3 1628 4847 3137
3 2672 9514 9513
3 4215 2455 8580
3 8846 655 6598
3 1286 9324 4650
3 315 6437 3967
3 3648 7181 1312
3 2842 9279 4359
3 9247 5371 1437
3 2602 5877 8159
3 2602 8157 5877
3 5401 4735 1825
3 7307 1328 3991
3 7931 7357 2251
3 1823 8157 4853
3 4656 1606 2637
3 4856 1585 4145
3 6583 6052 2173
3 9455 7299 1594
3 5360 2597 4862
3 735 8423 6060
3 5531 9318 746
3 9592 807 3998
3 4519 9568 9825
3 7380 3468 7264
3 4939 2019 9723
3 3336 1818 8490
3 8589 6060 3802
3 5072 8943 4324
3 6060 6059 1880
3 9307 2387 3560
3 6833 3766 5887
3 7929 5835 988
3 586 6183 4472
3 1244 9931 8733
3 896 7082 6972
3 4866 2900 7017
3 8367 5236 826
3 8893 485 6237
3 5058 1786 6155
3 9478 1446 6513
3 5196 3743 1667
3 2325 7778 5222
3 3266 8055 7001
3 3434 5575 2195
3 4185 5999 768
3 7444 3726 5901
3 8742 5264 2551
3 9798 9797 2988
3 3332 9748 3854
3 4994 2618 7986
3 4525 8165 2968
3 9517 2697 6436
3 6480 311 312
3 8800 6581 2175
3 4840 3282 7825
3 2412 3411 8366
3 1203 4904 3269
3 910 3680 6789
3 8783 7414 4199
3 9150 9151 3126
3 1328 3992 7985
3 4782 2774 1935
3 1146 8909 4471
3 8821 4880 8819
3 5553 1785 3230
3 3281 5548 1236
3 9674 2093 4242
3 5274 912 8058
3 1030 6163 5614
3 6526 8478 2758
3 9612 2957 3564
3 6834 2078 4449
3 7093 865 5917
3 5248 4106 1111
3 5483 341 3108
3 9003 6347 3348
3 5676 6995 1784
3 3430 1492 4283
3 6765 1570 4837
3 6687 1809 4087
3 8064 1812 4158
3 2857 8748 7393
3 5627 521 522
3 6830 4163 1506
3 5369 1724 3594
3 9169 530 531
3 2264 8351 7625
3 7040 1160 5029
3 2816 6219 9028
3 3599 9811 7110
3 5188 6312 898
3 2685 7037 4894
3 2462 4895 6896
3 1166 5433 5943
3 8872 5874 2566
3 8271 8788 2566
3 2507 8821 8819
3 4015 8747 600
3 5392 3993 1723
3 1773 5531 4521
3 2661 5431 4899
3 4046 7601 7150
3 2260 7107 4196
3 8547 7817 4253
3 6745 7480 1965
3 5243 3168 682
3 6725 4168 2690
3 3830 5355 635
3 2175 6580 6582
3 4903 9639 9597
3 8865 3269 4904
3 4026 6172 1189
3 9285 4636 9034
3 9034 1781 4761
3 4703 1388 8829
3 863 3970 3245
3 7083 6143 3047
3 8610 14 4444
3 9223 1700 5326
3 9300 1891 6816
3 9817 4463 6264
3 9553 8568 2955
3 1133 7193 3418
3 4063 7748 2352
3 9941 6382 2510
3 5304 9017 2865
3 5818 7359 2221
3 7359 5818 1109
3 6629 9060 3370
3 6440 8350 9938
3 1922 3346 9752
3 2911 9843 7242
3 7317 3129 6918
3 8664 7402 3410
3 9897 8386 4193
3 7154 6373 2285
3 3689 9266 8405
3 8771 7115 1449
3 1633 5785 3270
3 9739 2322 7943
3 5559 6017 2300
3 5754 7949 590
3 5022 3191 804
3 5275 1817 3335
3 3851 603 5037
3 1123 7585 4313
3 7453 3056 5735
3 739 5509 3951
3 2663 5765 5763
3 7372 4470 7642
3 6643 3042 7110
3 2049 6044 3702
3 3662 7367 6999
3 3487 5750 8614
3 6120 3675 2124
3 1875 5624 3364
3 19 5018 18
3 8150 7647 1591
3 8574 1497 3357
3 8736 5421 925
3 6318 1959 3562
3 7059 4929 1643
3 4484 1542 3861
3 4935 2872 1081
3 7376 6789 3680
3 9453 765 4318
3 3270 4713 9118
3 5772 934 4495
3 4577 4203 2016
3 2323 5131 7786
3 5133 1733 7207
3 966 3590 4654
3 1317 6318 3562
3 1964 5918 3427
3 1664 5238 5188
3 6320 3562 1959
3 4298 9057 1765
3 3146 608 5697
3 7794 3590 966
3 1765 4299 4298
3 8633 3830 2474
3 9062 5592 2583
3 9569 2795 9390
3 8285 9264 2370
3 3203 5996 2370
3 7329 6256 1161
3 7330 3805 5026
3 7329 2193 3211
3 1068 3906 8624
3 8468 5278 9089
3 9237 9108 6441
3 9237 4365 1364
3 5618 5617 1769
3 2961 4284 8138
3 3641 4540 1486
3 3436 4973 1248
3 9591 1196 7976
3 5736 8001 749
3 9314 3938 2857
3 1888 5605 4824
3 8250 2388 4151
3 8329 4120 8328
3 6120 5309 2765
3 1102 9505 4836
3 5942 3205 897
3 1076 9868 8818
3 4850 9784 886
3 3369 9062 9913
3 6294 3601 1267
3 6485 5695 1793
3 684 7645 8427
3 5798 2645 1603
3 5533 1979 3694
3 9322 6796 942
3 6654 2802 4596
3 7900 4062 2445
3 8936 6518 773
3 6305 7399 2057
3 1061 9602 5641
3 3082 7153 6226
3 2501 8814 8815
3 9894 2775 5122
3 9314 6092 852
3 4961 1619 7700
3 8975 6364 324
3 7631 3935 2262
3 402 403 5863
3 400 5311 399
3 8958 7132 3304
3 4201 6409 1520
3 8298 8963 2949
3 4964 457 458
3 4184 8286 7916
3 8141 7551 1244
3 8181 1955 5289
3 9869 8807 2776
3 6492 4968 1599
3 3575 9837 5350
3 1091 6187 4104
3 1641 5866 4865
3 8663 4873 661
3 3082 6226 8985
3 7643 9576 1373
3 411 7310 5831
3 7150 1162 5669
3 6498 2369 5669
3 741 6275 4717
3 8234 3372 8061
3 1085 5564 2842
3 7204 6566 2176
3 972 5855 4991
3 1942 6420 5721
3 483 482 5213
3 814 5427 9630
3 8831 8212 1418
3 6619 4196 6327
3 9594 2144 5189
3 7427 5078 2636
3 4104 8134 3577
3 2616 7143 8765
3 6805 9740 3298
3 2194 6679 6804
3 9110 3632 1323
3 7479 2227 7371
3 4366 7047 8694
3 2931 9809 9451
3 1938 5670 4982
3 4136 830 7596
3 2799 8459 4046
3 8681 1230 8553
3 6579 3740 5590
3 2799 4983 8459
3 8881 7645 3787
3 8334 1340 3939
3 3181 5623 7672
3 4988 141 8939
3 1025 8986 8717
3 8937 5614 2672
3 7815 3626 6197
3 3626 8385 6197
3 9725 4985 3223
3 5063 4925 1626
3 1722 8243 5323
3 7362 1955 6173
3 7943 5131 7688
3 7204 1248 6566
3 8296 962 5386
3 5910 1906 3056
3 6858 3589 2111
3 6905 8446 3174
3 6467 5595 1949
3 8612 8611 2618
3 5623 9574 1154
3 1370 5146 8477
3 7699 7698 2271
3 1815 5774 5223
3 5048 3620 361
3 9785 5688 1872
3 5294 5293 1712
3 6520 9561 3959
3 4925 2366 7835
3 8635 6209 4147
3 2852 8718 5000
3 9084 3613 5305
3 8718 1751 5000
3 5133 960 3208
3 306 4021 305
3 5002 2641 8779
3 1698 5168 3107
3 5356 7327 5902
3 8916 2233 4799
3 121 4657 120
3 6452 2319 5005
3 2248 5934 9011
3 8573 3714 7508
3 2345 7508 5319
3 6954 5007 2107
3 6548 4091 885
3 4486 1466 6819
3 2378 4958 9378
3 2834 6212 9010
3 7582 1466 4488
3 8070 5151 2851
3 4977 8406 2000
3 6653 3399 6392
3 3314 9031 1184
3 9747 1425 2889
3 3055 7769 6812
3 5576 6608 2701
3 1485 8249 4262
3 2639 5014 8857
3 6502 9868 1076
3 1589 6857 8501
3 8234 8235 3372
3 2004 6275 6019
3 7508 5056 1063
3 9155 3202 7559
3 9731 6535 3088
3 20 5811 7198
3 17 6728 4768
3 5679 9096 492
3 5162 5161 1650
3 5146 867 4283
3 3913 1343 6973
3 2343 5273 8022
3 787 8476 3135
3 3029 7585 7891
3 3576 7370 576
3 4921 620 4920
3 7344 65 66
3 279 8828 7109
3 7108 7109 2135
3 2485 9911 8550
3 4039 7214 6672
3 2725 9416 9417
3 8145 7776 3893
3 5537 2555 4751
3 9338 6050 1883
3 9366 6860 787
3 3910 3383 617
3 6685 1096 5764
3 4602 8913 7914
3 1392 7038 6831
3 4870 1616 4175
3 4829 1661 3411
3 7423 3792 2398
3 6575 5032 6031
3 856 3210 6037
3 8435 1910 5310
3 9925 7215 2791
3 3641 1486 5736
3 650 9739 4974
3 5864 3157 5517
3 8873 1913 5949
3 2912 7517 5647
3 7550 6106 3767
3 9111 5664 1783
3 1007 4296 4169
3 4575 4296 1007
3 5500 8673 9208
3 9111 1783 5665
3 6780 5875 1618
3 771 7097 6296
3 8738 8119 3191
3 6911 2232 3131
3 4943 1672 5041
3 742 4404 8144
3 5424 6575 1849
3 8340 8553 2450
3 9216 1647 4399
3 2926 7379 5906
3 391 390 5431
3 4162 6829 6386
3 4493 9791 7952
3 8150 1591 3265
3 6910 1622 4185
3 8722 2268 5901
3 4667 6039 2277
3 5753 5652 7413
3 1815 4783 3360
3 8962 7035 7538
3 457 3547 456
3 1953 6453 9857
3 1956 4149 6241
3 9637 4250 8125
3 1202 7321 3479
3 1315 5962 3862
3 8121 4331 1592
3 2461 5671 4589
3 6193 2334 4968
3 3683 2164 9115
3 7572 3532 1258
3 8190 4389 1072
3 8124 5442 989
3 2592 5319 8674
3 1846 8041 9531
3 5057 1649 3465
3 7983 3464 7142
3 6155 2942 5058
3 6914 3296 1998
3 4837 836 6741
3 4836 7628 6843
3 3232 1318 6753
3 6601 5462 555
3 2029 4998 4467
3 8563 9336 1098
3 6798 1098 5062
3 980 5072 4324
3 5340 8225 1133
3 6065 2516 5750
3 510 6151 511
3 2627 5557 5867
3 3089 9886 6700
3 3881 6856 3891
3 7314 2161 7313
3 4325 8349 8114
3 8556 653 4624
3 9942 5420 2894
3 9675 3572 2702
3 5432 1750 9573
3 519 520 8615
3 5069 520 521
3 8510 518 6908
3 6389 1040 4596
3 3906 6201 8623
3 7284 2174 3862
3 3438 8728 5050
3 4323 7465 2201
3 3076 1496 6955
3 3504 8500 8499
3 6398 876 3940
3 3795 2554 7325
3 8600 5361 754
3 8743 4017 9952
3 6707 5076 544
3 4511 7238 9708
3 3652 328 329
3 7988 336 6340
3 1273 7477 7497
3 9922 1136 8721
3 5078 714 8726
3 4408 8932 7200
3 7134 2449 5555
3 4893 7375 2430
3 5510 113 3222
3 4031 3309 1382
3 4141 1509 8075
3 7767 3458 2604
3 729 8373 4119
3 7117 1023 5524
3 2237 7529 7486
3 5234 9925 2791
3 6541 7364 2176
3 9089 9639 4903
3 3438 1278 5867
3 7539 7824 959
3 4412 1441 7187
3 4127 1371 8546
3 3817 6480 9582
3 5169 319 8076
3 3572 5017 1356
3 6422 3821 8325
3 8352 428 429
3 1157 9432 6215
3 1153 7475 3442
3 6119 1962 4860
3 353 3614 352
3 6735 5092 2006
3 3500 8867 8547
3 3118 9756 7066
3 5397 3032 5376
3 4292 8544 7763
3 3628 7241 7116
3 3863 8373 5272
3 7780 2485 5314
3 995 9459 5033
3 3296 1590 6675
3 7015 9127 3676
3 4745 1533 5068
3 1121 9541 5872
3 6259 2465 8282
3 6877 8063 399
3 5351 388 4399
3 7601 3740 2249
3 5679 493 3255
3 8232 6147 2579
3 7639 2545 7164
3 3255 1516 6146
3 9092 1033 4644
3 6925 3062 93
3 8732 2176 6566
3 5071 1593 3395
3 1673 5160 7103
3 7061 2105 3734
3 364 7126 6495
3 8413 370 371
3 1394 4817 2863
3 4645 7499 2530
3 8444 2458 4127
3 8258 4100 2451
3 8331 1302 7404
3 5769 1300 5545
3 9094 6759 2032
3 7050 3752 3170
3 5985 11 12
3 8751 2515 8750
3 3823 5941 1841
3 3096 4754 5847
3 5281 4540 3641
3 4056 7168 1430
3 1957 5716 6224
3 8421 3929 7642
3 8260 3619 4481
3 9439 3708 6507
3 5094 5095 922
3 1742 4332 2807
3 9506 1376 3497
3 6743 5117 2026
3 5732 5797 1358
3 6443 1357 5118
3 4187 2115 6249
3 1785 7271 6359
3 2264 5029 8351
3 9042 1007 3066
3 4858 3766 2003
3 5122 9412 587
3 8257 4725 1093
3 4492 6811 696
3 6436 1475 2968
3 6499 9287 1349
3 3867 9313 1359
3 675 5549 6056
3 1609 3717 7839
3 3669 842 7357
3 5462 6601 1837
3 6601 554 3756
3 518 8626 519
3 6202 9561 2156
3 399 8063 400
3 9020 5100 9866
3 1031 8924 7015
3 2071 6998 5129
3 952 9310 6527
3 4271 8618 2468
3 5282 4203 975
3 8921 7903 6089
3 8676 3895 9815
3 9207 417 9117
3 5728 1023 4603
3 4262 8248 1541
3 5199 3757 2017
3 7532 4932 2252
3 5083 8387 2438
3 7717 4835 2591
3 1822 6121 4694
3 9747 980 4324
3 7273 1864 4369
3 6470 3589 1112
3 3242 6104 7036
3 5786 1444 3302
3 489 6914 8572
3 491 6045 492
3 9315 5497 3699
3 3701 7346 6855
3 9456 1958 6778
3 2361 7346 6339
3 1839 5887 3766
3 2321 5142 7025
3 7098 2811 8562
3 2130 7192 8527
3 7903 8918 1186
3 5297 6647 2008
3 9262 3133 9263
3 6382 467 468
3 8717 2558 7815
3 8358 3969 5976
3 6737 2990 3899
3 6507 2598 5153
3 2786 5810 5223
3 3823 1841 5408
3 6597 1829 4629
3 5430 1452 4258
3 6782 4378 1693
3 8637 1783 5666
3 4977 9912 2825
3 8691 933 4756
3 7482 7254 3865
3 5152 3749 7668
3 6371 4282 1462
3 5968 1851 5967
3 3673 2389 7421
3 3768 8024 8359
3 7079 5691 1792
3 588 9873 8343
3 5914 1179 3260
3 4267 7078 2183
3 303 9949 6839
3 9504 2275 7056
3 5710 4606 686
3 5303 5302 2313
3 7445 4559 717
3 8710 5159 1183
3 2248 8270 3900
3 8710 3311 2746
3 7169 3026 6349
3 2718 7169 9290
3 9290 486 487
3 2502 7998 7865
3 9917 2803 5607
3 4971 476 7980
3 9186 4030 1428
3 378 379 8804
3 7600 3540 6764
3 6764 1754 3541
3 5180 8898 2631
3 5883 520 5166
3 2332 7964 5902
3 7933 3889 5885
3 5003 803 3334
3 7619 2467 5167
3 5848 1812 4390
3 5077 8975 325
3 5342 6418 1696
3 1625 7431 4988
3 7765 6577 576
3 3981 7378 4663
3 5172 4195 148
3 6460 1406 4134
3 3286 6966 3287
3 1402 8099 4349
3 4389 2762 1072
3 3838 7772 8852
3 3634 5856 2862
3 8244 5634 1155
3 7887 2303 6545
3 6499 2480 4256
3 1135 6593 4952
3 8727 1716 5078
3 8942 9343 3996
3 696 6202 4492
3 521 5883 5260
3 2433 7301 3292
3 677 5701 4344
3 9883 2846 6594
3 9683 9641 843
3 4478 8654 1279
3 3780 7505 1621
3 7860 3780 1621
3 5415 250 5301
3 6818 6817 2087
3 6547 916 3729
3 2447 4878 9614
3 1631 4852 8757
3 1945 9033 7664
3 607 7362 3269
3 3058 4660 8982
3 2285 4936 7537
3 4914 2563 4251
3 6918 2163 4720
3 7428 2860 5918
3 8524 3336 4810
3 9469 8574 4307
3 7067 1094 9655
3 6927 5190 3400
3 747 8113 9359
3 8866 3017 6912
3 4510 8013 2040
3 8817 1297 3455
3 4512 6945 2059
3 6866 3462 2039
3 7146 2047 6133
3 8316 1628 4848
3 8071 1623 7165
3 8832 583 5195
3 6658 6415 4352
3 9850 7784 1234
3 4736 564 6956
3 1310 3921 7711
3 4950 2268 4774
3 5905 2943 1139
3 2438 8201 5083
3 2291 4918 4991
3 5094 4937 9057
3 4359 1085 2842
3 806 8181 5289
3 9279 9332 1429
3 1538 7763 9874
3 7710 619 5551
3 4660 3059 1144
3 8180 2472 8179
3 1405 5955 9608
3 1149 6220 3354
3 2411 4033 6178
3 9926 5888 8910
3 3772 2812 1846
3 1717 9848 9363
3 4023 310 2923
3 7818 307 6179
3 1510 4139 6754
3 4834 8462 6850
3 9628 7412 4391
3 8210 879 4280
3 4373 2846 9883
3 6726 2123 6549
3 7806 5809 2276
3 8260 8025 1366
3 6673 1343 3912
3 4518 3855 2185
3 9630 2788 9452
3 4727 4726 1532
3 983 4516 6642
3 8856 2728 5812
3 4635 868 3385
3 4456 887 5591
3 6934 4408 1581
3 5216 8454 712
3 4185 768 6910
3 7850 2657 4699
3 4554 9175 8672
3 4554 1199 9175
3 3477 8643 1556
3 9332 4028 2683
3 6900 5250 3520
3 6293 1582 3107
3 5220 1697 3334
3 2970 7101 6569
3 2528 4538 9273
3 7416 4537 6444
3 4732 2480 4066
3 4189 368 369
3 5276 2143 9289
3 8425 1954 5957
3 2326 7972 6493
3 8762 2143 3306
3 537 536 7602
3 9229 1954 8425
3 9912 8736 2825
3 7200 3379 7008
3 6033 1922 9401
3 9778 7561 2236
3 8150 3943 7647
3 1675 7354 3733
3 7993 1008 5904
3 4188 2327 7991
3 8416 744 4414
3 6226 3083 1681
3 7411 1491 5869
3 8274 6636 3030
3 9395 357 6043
3 359 5233 3710
3 2296 6840 7215
3 5362 6178 2296
3 8623 5235 2518
3 8469 5235 2569
3 1590 3296 4867
3 8666 480 6188
3 3288 870 2921
3 6729 2665 4219
3 2235 7522 3858
3 7059 1643 4930
3 9158 3496 8199
3 5239 442 441
3 7761 7813 777
3 7811 6250 1292
3 9764 6391 2456
3 5053 8737 6055
3 3461 525 526
3 5909 1652 5109
3 7823 682 3168
3 9873 4452 8343
3 4683 1050 2830
3 8123 5982 1845
3 2254 3697 7673
3 337 3033 6340
3 9858 4038 2789
3 7992 3944 7991
3 8454 6236 712
3 1987 6414 2774
3 1263 3225 5383
3 5788 4466 1064
3 3439 4526 8142
3 2739 5395 6585
3 6452 1056 8270
3 3276 1178 6388
3 3443 9579 4978
3 9855 7333 4246
3 9099 8656 4167
3 4369 1864 8977
3 3477 9538 8643
3 6035 1271 5365
3 759 4539 6254
3 9010 1392 3908
3 6780 771 2899
3 1919 5488 3176
3 7275 3451 6136
3 9192 2855 5683
3 9580 3133 9262
3 8753 255 256
3 7866 1014 4343
3 9702 822 9156
3 545 6266 544
3 8462 4834 2695
3 5178 8827 1702
3 2814 9523 8563
3 5731 820 2732
3 9544 1026 3041
3 7735 9457 2266
3 6451 1757 3662
3 5904 5059 5198
3 9339 5536 1566
3 4499 754 3762
3 9754 1995 4953
3 2714 5778 9683
3 5488 1170 3176
3 1683 4528 9604
3 5508 5022 804
3 5501 9637 2713
3 8110 8111 3003
3 5141 727 2927
3 3350 9911 7563
3 6037 1847 5756
3 4474 949 3812
3 3911 7934 7483
3 2102 7553 6374
3 6007 9746 1018
3 1616 4869 5271
3 4717 7208 2917
3 2787 4052 8822
3 8022 723 5300
3 6212 3907 1392
3 9936 622 7031
3 4429 1746 7065
3 5488 5255 1170
3 5665 1783 8637
3 1009 6528 5276
3 3734 2105 6926
3 1766 7643 3603
3 3014 8676 1333
3 6581 8800 8254
3 5104 1544 2607
3 1108 7785 7222
3 4043 6767 6663
3 500 5974 4609
3 4617 9219 9058
3 3345 8918 7903
3 4947 4540 975
3 6215 9432 3201
3 915 4898 3757
3 2821 4557 5737
3 6410 4202 6409
3 3669 7357 7931
3 1588 8543 9744
3 2629 8902 8903
3 5210 767 3224
3 5758 2746 3311
3 9768 5447 3930
3 3518 3224 767
3 5619 3844 8603
3 9178 708 6093
3 3145 5706 1191
3 4808 1576 3356
3 3446 1945 7664
3 8069 4547 8068
3 8496 5105 3525
3 5291 533 532
3 7309 2200 5834
3 5423 2881 8617
3 9183 8767 963
3 4998 5626 1889
3 8796 928 3994
3 5423 8617 1712
3 4695 8941 2632
3 9745 6151 7897
3 7597 2699 8862
3 9465 4686 954
3 1803 5355 3830
3 2008 6647 4048
3 6324 8247 2383
3 4327 3052 8411
3 7151 1018 4579
3 8007 1118 5299
3 4319 693 7055
3 2731 3519 5300
3 3791 7843 1350
3 6818 4063 6817
3 5461 469 4477
3 7037 8043 686
3 1436 8873 5949
3 6969 5455 1127
3 5024 7927 1320
3 6076 3428 1172
3 2110 6907 6905
3 7207 1733 5134
3 8084 5095 1853
3 9785 6791 5688
3 8036 4065 6607
3 5842 648 4845
3 5847 887 4456
3 6855 2587 3701
3 3122 4755 7219
3 29 30 8470
3 33 6394 32
3 2675 9405 4116
3 8305 4962 2253
3 6721 3581 1399
3 408 3256 407
3 2619 6418 5342
3 4195 8532 147
3 8837 4303 8836
3 9738 6207 9736
3 4779 2045 7942
3 4112 7961 7962
3 5115 7806 2276
3 4299 1798 4300
3 9455 1594 9787
3 2563 4914 9707
3 8255 3569 2258
3 998 6198 4786
3 6426 5318 1718
3 9664 1334 6976
3 6399 4303 2795
3 580 3714 8573
3 3375 2947 1117
3 1943 3782 6258
3 1803 8518 5355
3 2089 7010 4913
3 9431 7028 9430
3 2576 3584 8238
3 9878 1437 4821
3 4123 4028 657
3 5642 8926 1806
3 9735 3886 860
3 9550 5195 4977
3 2144 9594 7023
3 648 5110 2849
3 5327 1253 3047
3 8999 4455 8998
3 1558 4844 9515
3 8745 4049 4050
3 5495 5494 4410
3 2181 6904 4860
3 8464 9567 4813
3 3184 8501 790
3 1281 3638 6334
3 6806 1432 3672
3 1705 3871 9220
3 7123 2392 5970
3 8739 6451 2707
3 3284 6660 1243
3 1068 8624 6580
3 6673 8692 2134
3 7654 5212 2134
3 7936 3434 2306
3 5440 967 3579
3 5683 1787 4173
3 7920 3869 7644
3 8196 1060 5229
3 1475 6436 4504
3 6379 930 5457
3 8714 2728 4252
3 9210 2969 7008
3 2401 5010 8071
3 4648 7210 5798
3 4453 8066 7006
3 1709 2723 5315
3 5306 7889 7887
3 6418 8532 4195
3 4689 1461 6916
3 6306 8367 826
3 5937 1764 4224
3 8284 6084 2854
3 5869 1491 3507
3 2461 8194 8192
3 5594 4435 4661
3 2114 6068 3230
3 1441 8907 8302
3 2000 9912 4977
3 5823 634 5726
3 1714 5396 3032
3 3673 7013 2389
3 5462 1837 8542
3 9710 7896 4055
3 9418 2665 6729
3 565 9895 8570
3 8457 3485 2945
3 8459 4984 1084
3 4627 8761 2580
3 4955 2469 8634
3 4560 1638 5758
3 5285 3275 610
3 2901 261 262
3 7799 6041 2002
3 1560 9143 7347
3 9940 3984 9909
3 6605 540 3734
3 5003 7876 1698
3 2601 9128 4517
3 7964 1009 9759
3 5954 3694 1979
3 9297 6852 1188
3 2049 6709 4553
3 6992 1017 5441
3 5136 3560 724
3 9412 5122 2775
3 3615 6550 6506
3 4363 2373 8217
3 5457 2022 6379
3 9049 5338 2790
3 2601 4517 3988
3 9804 4627 9392
3 3114 7028 9431
3 1261 3731 3732
3 5446 1876 3667
3 9885 5921 4764
3 2521 5285 8008
3 4321 7309 5834
3 8066 2449 4999
3 6533 451 452
3 421 9177 422
3 1933 6829 7366
3 8858 536 537
3 6986 8858 3459
3 4653 629 2813
3 3628 9394 7241
3 4439 4438 2136
3 1999 6696 6695
3 7267 3168 5244
3 660 4760 9326
3 5371 5370 1708
3 3781 1612 3714
3 9305 1600 3156
3 6717 8399 2909
3 4895 172 173
3 4513 6502 5739
3 6560 2136 6559
3 6268 8704 5016
3 2533 4029 8601
3 7948 2336 4535
3 8450 2582 3609
3 3129 2162 5378
3 3906 1893 6201
3 7750 6958 3389
3 8960 223 224
3 4897 3021 719
3 3269 6173 1203
3 8843 7341 5554
3 5567 7060 1062
3 2391 7884 4012
3 6886 3225 1854
3 2010 3948 6667
3 3711 6881 6532
3 7510 1000 4122
3 2940 1086 4750
3 5439 1679 5243
3 8738 4921 2013
3 9796 8079 5023
3 9066 2047 7146
3 710 9030 5011
3 6480 3817 8428
3 2036 4308 4590
3 8171 1138 3108
3 3872 6899 4008
3 8957 7453 3804
3 5150 9443 3151
3 4949 1880 6059
3 735 6060 8589
3 7387 646 4501
3 6893 3034 691
3 8557 4624 8230
3 5195 583 4977
3 6078 4167 819
3 8228 6110 2516
3 1679 3530 5598
3 7921 5704 3338
3 3156 1715 5348
3 7847 808 7564
3 4619 1958 4474
3 4430 7468 2082
3 5620 1709 5315
3 2046 7095 6806
3 6559 4438 935
3 9305 4346 8531
3 1020 4737 7805
3 7739 7140 2609
3 3044 9431 9430
3 549 7238 550
3 1056 5005 7451
3 5696 3090 1960
3 2064 8764 5359
3 4606 5710 2410
3 8724 2548 8438
3 556 4909 555
3 7098 2541 2811
3 7910 6365 2028
3 6897 9368 3607
3 2345 5319 6718
3 2812 7829 9350
3 7910 931 6365
3 7547 891 6759
3 373 374 8823
3 1417 4185 4186
3 5999 1417 4276
3 7471 7598 3425
3 5410 1689 3425
3 94 9663 6925
3 8398 2983 1387
3 5429 4582 2019
3 6598 9038 8846
3 883 5413 4320
3 5640 2470 4491
3 2794 9738 6299
3 7160 3508 2340
3 1036 7748 4063
3 2866 4114 8608
3 6043 3710 1433
3 5048 9808 1601
3 2133 7178 6361
3 4420 6475 1213
3 7882 6185 882
3 5418 3923 1363
3 5628 4955 2721
3 2358 4422 6406
3 8071 5010 1623
3 2531 7828 8785
3 8541 4312 5643
3 7269 3419 5393
3 3727 8947 9840
3 7455 9701 2883
3 696 5295 8617
3 516 7500 5127
3 2790 5738 9049
3 3265 5182 1173
3 3741 7448 6270
3 4689 2014 6246
3 3344 6893 6693
3 8859 9700 2854
3 9396 6289 4205
3 6289 7667 1484
3 1763 3079 6587
3 9557 9048 126
3 8731 9062 3369
3 5087 6748 2359
3 7919 4174 7569
3 5713 5181 2839
3 9173 7379 2926
3 8340 5163 3976
3 6059 4757 1586
3 8737 5053 2432
3 1978 6617 6618
3 3204 5943 1838
3 6438 5664 875
3 4602 3904 9145
3 8433 1433 8020
3 4098 2902 950
3 6325 9711 2375
3 5875 1089 2944
3 6754 2058 5437
3 3325 3326 9686
3 2225 6705 3665
3 4297 228 229
3 1953 4515 4306
3 4333 2839 5181
3 7143 2616 5960
3 7745 5273 1338
3 2426 4389 8190
3 1067 6508 3157
3 4795 6490 1990
3 295 6263 3894
3 5194 5443 1662
3 8832 1797 5325
3 9935 7550 1083
3 2819 1083 7218
3 3932 2250 7660
3 2219 7121 5169
3 3220 7988 6340
3 5245 3923 2106
3 5511 5286 1012
3 7430 2348 4592
3 1507 7653 4561
3 5448 509 510
3 7142 3465 1649
3 1725 9116 5368
3 5831 3315 410
3 5722 3256 5450
3 3187 8274 6315
3 8803 1380 3645
3 59 60 7351
3 3234 7350 1169
3 1947 6658 6416
3 2834 5254 7570
3 1550 7820 6274
3 2296 6178 5033
3 282 6822 281
3 5024 1320 3703
3 5616 5455 4606
3 3038 7799 5989
3 8045 4527 2100
3 5457 2712 9014
3 1909 5458 5441
3 7879 1317 3561
3 3437 8077 6171
3 4727 477 4726
3 1053 8227 9709
3 5756 7762 7741
3 6382 9600 2510
3 1065 5145 6650
3 3990 7102 940
3 6261 3756 1264
3 5381 7747 6396
3 2745 5104 5463
3 3678 2034 8587
3 9614 4878 9402
3 5465 4343 1472
3 6114 4025 652
3 2431 5862 6344
3 6344 5467 2048
3 755 9450 9301
3 8337 1210 7699
3 2895 8131 6257
3 2174 7282 6001
3 8016 6080 3469
3 6233 4386 2377
3 6901 2010 5655
3 4550 6692 763
3 5471 527 528
3 6754 9158 1510
3 2252 6786 7532
3 1733 8201 5135
3 5203 9015 1152
3 3448 6080 7203
3 8822 4052 1420
3 8703 5474 608
3 6387 4164 1934
3 7675 1291 5082
3 1421 4027 5493
3 1780 5615 3289
3 2401 8071 7909
3 2356 8073 8072
3 5238 2872 5188
3 7209 1729 4376
3 4324 1425 9747
3 9561 6520 2156
3 72 5480 71
3 3947 8788 8271
3 7881 1132 4709
3 5482 1744 3070
3 9070 5365 3368
3 5621 8978 2771
3 7730 5245 2106
3 7179 3925 2133
3 1025 6197 2556
3 6262 6061 3180
3 6695 7295 1999
3 2561 3840 8981
3 8853 5486 9261
3 5693 3468 3975
3 7963 5526 1631
3 8757 4852 8162
3 4920 1658 9577
3 9208 1879 5500
3 3510 5289 9033
3 5922 1722 5323
3 7762 4113 974
3 1992 4280 4282
3 877 5777 3920
3 7595 1449 7115
3 8405 5492 1415
3 5563 559 3630
3 9716 6965 4548
3 7316 9115 1247
3 8577 4437 1469
3 8825 945 4811
3 6084 9945 432
3 428 8352 8745
3 1424 9724 5382
3 5332 3816 990
3 7435 3824 1147
3 3064 1476 5042
3 6995 815 3153
3 5613 3079 9048
3 4379 3160 1048
3 9776 6587 1471
3 4538 4536 1501
3 5768 9852 2963
3 5531 746 9930
3 9668 9763 2733
3 666 3939 6431
3 9824 2537 6758
3 6328 5863 403
3 1526 2916 4711
3 389 5351 2984
3 1653 8681 3976
3 7002 2085 5838
3 4258 2288 7824
3 7366 3495 1933
3 8013 4510 778
3 6045 5609 492
3 2942 495 494
3 2478 5718 3531
3 8079 2297 7233
3 1616 6047 3656
3 4631 858 4629
3 4498 7589 1547
3 112 113 5510
3 1480 5529 4345
3 6863 2489 4473
3 95 96 9663
3 1335 3897 8360
3 2777 9056 9100
3 9869 6447 3305
3 4515 3439 1678
3 4862 1564 2847
3 2618 3560 5136
3 9719 2627 5867
3 7501 3668 5515
3 9857 6453 5825
3 8533 3703 7266
3 1017 4620 7557
3 2170 9735 7250
3 5518 860 3958
3 8322 4667 2277
3 2001 6719 5141
3 5306 5308 2317
3 7970 9906 4874
3 9903 9828 1474
3 7775 7417 1175
3 2476 5801 5276
3 8797 6797 2116
3 7307 5879 1824
3 4565 2721 9221
3 7068 2168 4696
3 7643 6747 3603
3 7174 1087 6718
3 5405 7324 4020
3 1598 7976 4990
3 3270 8757 1633
3 10 3995 7957
3 7957 8754 3728
3 8214 5528 2478
3 962 5023 7233
3 4817 738 2863
3 757 9831 7838
3 5011 9029 9581
3 6133 2047 7220
3 5890 6960 2365
3 8687 8334 3939
3 9275 4249 1116
3 2701 6608 9274
3 7933 1582 3889
3 6796 4853 942
3 3597 1385 7145
3 9741 5567 2732
3 5646 9896 2053
3 1581 7200 7008
3 44 6562 43
3 5536 4585 1566
3 211 6049 210
3 211 212 6049
3 2635 5279 7148
3 1108 2555 5568
3 6876 888 5539
3 6448 6449 2009
3 7706 6154 2487
3 9126 6547 3729
3 2811 2541 8836
3 3536 7191 7580
3 6470 8402 3221
3 7932 2111 3787
3 1202 7237 4235
3 7898 1835 5543
3 5473 9540 4291
3 6568 6968 2934
3 4890 5069 5627
3 5192 901 4138
3 2507 8819 8747
3 7091 2853 6068
3 667 6670 4187
3 5649 4409 1337
3 6767 9344 1261
3 8487 8486 2451
3 4679 1586 6552
3 3969 8356 1091
3 701 8608 7622
3 2919 2352 5986
3 8931 7804 2491
3 1604 3916 7075
3 2991 9486 8832
3 6313 9480 8972
3 5346 2853 1574
3 3379 6249 1024
3 1152 7340 8677
3 5921 9885 2044
3 6895 6093 2167
3 5555 2449 4453
3 4601 2535 9429
3 8676 9815 1333
3 5514 1743 3055
3 2157 6739 6514
3 7760 1388 4082
3 9278 4082 9277
3 7289 2068 4407
3 8330 3414 7520
3 6973 1343 4215
3 2094 6971 3040
3 9146 2078 6834
3 931 6192 4061
3 5562 3461 5242
3 527 5471 4721
3 2612 5492 8405
3 5462 556 555
3 6142 1331 8929
3 6185 3924 882
3 5451 439 3030
3 5261 1776 4555
3 2291 4946 4918
3 615 5890 9373
3 964 3414 7512
3 820 5565 2732
3 6169 2077 5895
3 7740 1883 6050
3 9034 4636 1781
3 858 9149 7718
3 6640 1068 3926
3 9788 5104 2745
3 7515 6286 2037
3 9053 2851 8556
3 8219 8657 3452
3 5940 1630 4708
3 7342 3484 5489
3 4802 788 3368
3 3865 6042 2205
3 3865 7021 924
3 6921 3637 2226
3 1249 3092 6954
3 3757 5199 8649
3 9299 4203 4577
3 3136 8208 3905
3 6959 636 4917
3 8523 2355 7187
3 7576 1146 7028
3 3912 7498 8692
3 4215 8580 6972
3 5623 5622 1771
3 8940 143 5170
3 2980 8676 3014
3 7787 7310 3705
3 2042 4834 6850
3 1294 3458 7767
3 9405 4115 1442
3 406 407 5583
3 2448 4563 6930
3 2685 9944 8189
3 5400 8698 1720
3 5818 9384 2220
3 3556 2009 5837
3 8230 1904 4254
3 753 7975 4592
3 5757 3089 1129
3 7758 2724 7987
3 9391 1711 5363
3 5589 7454 553
3 465 464 6612
3 4983 7831 1647
3 8153 7415 3485
3 3786 5842 1777
3 5847 7311 3096
3 7995 3831 2650
3 2666 7640 4823
3 2423 8030 8027
3 2423 8027 3537
3 7483 7934 2205
3 905 5594 3194
3 6711 2420 4646
3 601 7916 8044
3 6267 5773 1438
3 6237 3524 8346
3 7704 617 3074
3 125 126 9048
3 5659 1868 4526
3 6058 8880 8878
3 5234 9625 688
3 6258 2979 1943
3 6116 7858 3323
3 3634 1383 8575
3 4384 2346 4383
3 4212 5601 1482
3 4245 1654 6762
3 499 3808 500
3 6232 3643 1216
3 3851 8930 603
3 1593 5085 9597
3 8680 8110 1192
3 6092 9314 1887
3 5889 4423 1687
3 9921 9920 3515
3 5369 3489 1724
3 7793 3876 7100
3 5019 9290 487
3 7078 4267 747
3 6088 5114 1438
3 491 9790 6045
3 1786 5058 5609
3 5553 7271 1785
3 4411 8278 663
3 7546 6405 3606
3 9481 3874 7385
3 2246 7545 7211
3 7425 7085 2969
3 1492 7704 4788
3 9337 9775 1471
3 4191 139 140
3 8363 4805 7099
3 5615 9780 8386
3 8908 1247 8012
3 6003 6041 3038
3 2685 8189 7612
3 5885 7339 1987
3 8971 6527 2848
3 9485 712 3843
3 5619 1769 9485
3 9503 2436 7591
3 4738 2746 8709
3 8531 3863 5272
3 8023 8359 2454
3 9555 9120 4315
3 2429 8171 5389
3 7448 3449 2215
3 6197 7607 2556
3 9830 679 8475
3 7676 9366 3135
3 6721 1399 5624
3 3022 6951 6922
3 9895 565 7053
3 8904 642 4591
3 6846 2052 3959
3 2881 5423 8086
3 8776 8332 1297
3 4891 4138 901
3 5401 1824 4735
3 4885 1762 4179
3 9024 4591 7012
3 4180 2937 6814
3 3913 6973 6980
3 3579 7038 8287
3 3637 5919 4818
3 2897 2102 6374
3 7224 1637 5036
3 9766 1081 4819
3 968 7954 7265
3 8995 3158 2653
3 5634 6481 1155
3 5856 6558 2862
3 8801 5635 4236
3 5509 9854 2963
3 4128 8524 2459
3 9783 2274 8735
3 1904 5646 5645
3 5586 5535 932
3 948 4485 8155
3 2868 9308 5226
3 7389 8427 3670
3 448 449 6473
3 1286 6629 9324
3 4179 9063 8659
3 4488 2688 9602
3 4507 2222 7096
3 7106 2260 6619
3 9664 5318 1334
3 8488 8485 4099
3 8406 7971 2000
3 1165 7862 3126
3 3636 8472 4254
3 6974 6502 1076
3 4572 925 7165
3 7334 932 5535
3 4723 1572 4182
3 6106 9933 2141
3 1788 9360 5633
3 2647 4451 3880
3 7291 1363 7178
3 7091 6068 2114
3 7611 2577 5649
3 1112 7273 8402
3 1977 3769 6474
3 4783 367 3954
3 363 364 6495
3 2318 7435 5661
3 8089 2318 5661
3 8456 2258 6825
3 5338 9049 1075
3 6716 115 5723
3 7652 3177 5662
3 8454 4006 6236
3 7436 1142 3748
3 5901 26 27
3 9693 2873 9692
3 9027 5228 2816
3 3883 9457 7735
3 626 2959 6038
3 9207 416 417
3 4533 8663 8103
3 800 8059 4306
3 2153 8868 6322
3 7622 4341 701
3 4732 8923 2480
3 5861 2759 5466
3 3119 5734 8275
3 2529 3960 7683
3 1759 3555 6273
3 4561 9681 3340
3 1693 8525 4416
3 7107 2260 8453
3 9732 1739 3068
3 1107 5820 9348
3 6571 4181 4378
3 9733 6506 848
3 5816 4556 1669
3 5759 2901 5354
3 6206 8994 3877
3 6266 3514 544
3 8590 7792 2578
3 5712 2684 7980
3 3783 2035 8509
3 155 156 6280
3 6467 6058 3084
3 4397 4289 571
3 1011 4646 8880
3 6238 4358 1454
3 5673 3392 1819
3 7668 1668 5152
3 5496 3814 1971
3 4903 9597 9249
3 2036 4590 6849
3 8428 1324 6761
3 7607 8026 2523
3 6898 4075 846
3 5417 4227 2106
3 2910 1705 6368
3 807 9562 4859
3 8891 9591 3793
3 1232 7697 6148
3 6146 6147 1873
3 4620 4319 2331
3 5174 2067 3104
3 8835 5054 2506
3 3284 5827 1745
3 7173 8382 1225
3 9358 4309 9357
3 5609 5139 1786
3 8375 1630 4268
3 7915 4268 7816
3 4173 3216 624
3 5685 8539 1603
3 9588 7163 605
3 2303 7888 3953
3 6791 726 5688
3 8024 3768 1365
3 2303 5661 7888
3 7777 5042 2405
3 1816 5106 3360
3 7507 3808 5969
3 6252 4433 997
3 5865 6810 5155
3 9277 9154 678
3 5865 1929 6810
3 9872 5156 1078
3 8866 5682 837
3 5507 495 2942
3 1636 9122 4203
3 4991 4918 1598
3 3558 9479 4483
3 8355 4338 4951
3 885 4091 6459
3 1145 6752 5597
3 1465 4383 9163
3 5638 4270 9786
3 4825 3806 808
3 4391 7847 9628
3 7160 7657 1082
3 3536 8527 1217
3 580 7048 3781
3 6949 9898 8387
3 5724 3015 1817
3 69 4896 9950
3 2121 4096 7105
3 9411 4725 9328
3 9595 1387 4688
3 9595 1718 3018
3 9479 3738 4483
3 3616 1898 3242
3 2817 6069 643
3 1416 4452 4309
3 2333 4625 9644
3 877 9499 5777
3 4743 845 4556
3 8695 7572 3533
3 7914 8913 2662
3 1493 5707 4659
3 8851 7058 4334
3 5996 4392 914
3 2171 6574 6774
3 2171 6773 6574
3 8533 686 3703
3 6034 6637 3358
3 9371 8915 2691
3 9203 6006 1983
3 2369 9131 5163
3 477 478 5712
3 9749 1453 4414
3 5826 571 2986
3 3147 8281 6864
3 9587 3172 9588
3 1200 5715 3576
3 624 7125 5097
3 7766 1968 6577
3 7755 3951 7754
3 3328 3025 1255
3 3085 6368 3130
3 9208 8673 603
3 7891 7585 1123
3 818 4089 8790
3 3183 1174 5314
3 7790 2004 6019
3 6717 9007 2950
3 5658 6355 1926
3 8387 5083 9368
3 8792 5722 1826
3 8876 955 6626
3 4499 6633 1547
3 7474 4657 1800
3 1919 6556 5488
3 8271 1752 5735
3 9270 4573 6556
3 2050 5907 7337
3 3801 8520 8519
3 1014 6769 4415
3 1634 9567 8464
3 9433 8718 2852
3 7324 5405 1748
3 7717 4654 1523
3 9161 2111 3589
3 1027 9002 8863
3 5868 9354 1860
3 3054 692 8926
3 3041 1902 6564
3 6431 3939 6429
3 6443 9107 1357
3 4207 8715 1402
3 5948 725 4275
3 2368 9477 7568
3 8411 8275 4328
3 9176 4436 8048
3 8788 1859 6781
3 3947 8271 5735
3 6420 593 9433
3 4604 9080 853
3 1094 4244 7687
3 4135 830 9924
3 9838 2268 4950
3 2791 9625 5234
3 2827 9046 7581
3 1753 4305 9046
3 2564 9175 5218
3 8672 625 5743
3 5740 3832 8241
3 6223 3060 5740
3 9556 1796 5744
3 8421 7370 2508
3 4529 3308 826
3 7350 3234 2169
3 7667 5980 1484
3 4314 5700 1859
3 329 330 6511
3 1887 5745 4734
3 7834 4929 7388
3 3718 7561 9778
3 4686 2468 954
3 9583 1801 5808
3 2290 7436 3748
3 531 3127 532
3 6028 1505 4162
3 3593 2907 9177
3 2449 7134 8067
3 6322 4815 1266
3 9157 2472 8178
3 6566 3215 8732
3 6787 2745 9787
3 3393 6783 9801
3 6499 8093 2480
3 4068 7698 658
3 8701 5755 1799
3 9161 4225 824
3 8126 5566 1775
3 1775 5567 9741
3 1848 7426 6030
3 5211 1366 2927
3 1908 3089 5757
3 8414 4822 6222
3 1639 4041 7864
3 4384 8266 5696
3 8388 1669 4156
3 7984 3145 845
3 4798 1800 3142
3 126 127 9557
3 1935 2774 5789
3 7247 7085 977
3 8052 561 4047
3 4234 7227 2131
3 1896 3335 5763
3 7172 692 4892
3 9494 7731 2314
3 3257 7336 623
3 4170 7626 2264
3 1817 5725 5724
3 3103 622 9936
3 4680 1614 9495
3 6655 1205 5964
3 395 5044 9509
3 4830 1007 8101
3 7001 5270 3266
3 7217 2041 6867
3 6908 3380 3423
3 2522 4752 8188
3 6066 2918 6064
3 3903 8439 1555
3 5328 9627 9605
3 6882 2055 3711
3 6883 3316 1241
3 6513 1446 4267
3 5507 6645 2197
3 3360 5774 1815
3 371 5783 8413
3 4282 4280 1462
3 2032 6759 8173
3 952 8740 6189
3 6405 9105 2721
3 7987 1409 7758
3 4692 3761 7707
3 9641 3037 843
3 2739 6585 5713
3 7985 2126 3990
3 1188 3301 9297
3 9646 8587 1402
3 9936 7031 3502
3 1190 8148 3396
3 5570 1557 4421
3 9705 2532 5145
3 9178 6093 6895
3 6469 369 370
3 906 5774 3360
3 5382 9724 1972
3 3972 1692 6713
3 9879 5844 2840
3 9246 741 4717
3 1058 6529 5645
3 8467 3758 5477
3 9473 1282 6414
3 8627 7130 4479
3 4006 8455 1282
3 7933 1064 4710
3 3704 7803 6947
3 1917 5917 9552
3 6954 3092 5007
3 8791 5851 1814
3 7018 5791 1128
3 2125 5089 8325
3 8958 2623 7669
3 575 3567 6872
3 7994 3625 2650
3 7968 1004 4408
3 1023 5728 9146
3 6352 3023 1156
3 4604 3159 1555
3 9848 7064 2925
3 4020 7068 1595
3 9576 7643 3602
3 9097 3677 5732
3 8484 7298 792
3 3418 7193 6110
3 6064 2918 5340
3 6208 6894 1564
3 7029 1478 4544
3 1153 3442 3163
3 5282 4898 2016
3 546 545 5801
3 5902 803 5356
3 8148 3987 5570
3 1252 3588 9148
3 1593 5896 3395
3 619 7710 7075
3 9326 4760 8810
3 4149 5372 2187
3 3788 6053 244
3 6094 1689 4909
3 294 3894 9233
3 6285 2801 286
3 4328 4327 8411
3 8411 3052 5852
3 9822 575 3612
3 3612 6872 2113
3 6719 4558 5269
3 1366 5211 5809
3 3447 7947 7946
3 1891 7413 5148
3 5860 7083 3047
3 3726 26 5901
3 5230 7354 1675
3 4003 1175 7426
3 4631 1735 9149
3 3949 6071 1322
3 9095 2311 8620
3 1533 9153 8204
3 3505 9295 6314
3 8734 452 451
3 8128 1583 7567
3 8947 1830 5354
3 956 7632 7686
3 4390 7360 2221
3 8799 8254 2503
3 326 327 9672
3 5436 4170 881
3 2924 9004 5436
3 3591 1730 5434
3 4806 1739 7007
3 8466 5054 2892
3 570 3653 8517
3 3206 580 4020
3 2499 8704 8184
3 7220 1897 6133
3 9400 6132 1184
3 4490 4632 1688
3 7540 1867 5826
3 9307 3560 8611
3 9719 5515 9181
3 4816 8326 9425
3 5672 1819 3392
3 3241 1257 5784
3 7692 4010 2267
3 1862 5845 3855
3 6467 1011 6058
3 7646 3850 2158
3 797 5829 7002
3 2539 8878 8880
3 1375 9307 8611
3 4647 831 9677
3 9848 2925 3490
3 6087 64 5832
3 8212 2146 5700
3 4882 2823 4741
3 4541 6449 6448
3 528 527 7452
3 2120 3875 4344
3 8416 4414 2420
3 5350 3725 1285
3 8588 6378 1288
3 6899 2781 4008
3 8583 2453 8582
3 3604 166 167
3 3006 5778 9682
3 6026 2101 7616
3 2763 9684 4985
3 7513 2247 3415
3 7384 902 6221
3 8280 6997 1294
3 9197 4566 8092
3 1455 4566 8473
3 2278 4456 5591
3 9515 8708 4846
3 8440 5843 3142
3 3657 7230 7229
3 5200 3840 805
3 9880 9813 2840
3 5595 6467 3084
3 4642 1832 4518
3 1465 8266 4384
3 5159 7661 1673
3 6292 4635 2408
3 4844 1558 2849
3 3918 3588 1252
3 3938 9314 852
3 8927 2573 7682
3 3081 1396 6805
3 4520 8255 2258
3 5457 4482 2712
3 7136 3791 7182
3 4166 8327 9754
3 9048 3079 5790
3 2224 2928 7135
3 5853 3583 3539
3 2443 9603 5070
3 9070 9071 2869
3 7867 3363 5889
3 9739 7168 2322
3 8865 1576 4808
3 8836 1414 2811
3 7191 9809 2798
3 4849 6417 2033
3 8717 4040 2558
3 611 7990 9043
3 8225 5340 2645
3 6475 9325 4051
3 2771 9204 8088
3 2546 6749 9000
3 8309 2408 4635
3 7113 1899 6180
3 7219 4755 585
3 4288 8804 8934
3 879 8151 4731
3 2253 7442 3853
3 1037 8579 4712
3 7111 5680 1741
3 5680 2952 5517
3 9285 9034 1956
3 660 9326 4905
3 8576 5975 6510
3 1857 5975 8576
3 6390 8136 2387
3 8814 1012 5286
3 4170 7625 881
3 3904 6685 5764
3 7323 3479 2210
3 7144 5869 769
3 2775 9413 9411
3 5061 8443 2589
3 8250 9307 1375
3 2847 4863 1120
3 8328 4120 1903
3 5098 3570 939
3 5943 5433 3205
3 710 5011 3362
3 2663 6915 4641
3 2478 4758 8213
3 4830 9121 3066
3 7720 7722 4578
3 3756 554 553
3 3756 6261 6601
3 1660 7101 6662
3 5578 9269 3164
3 3990 7894 7895
3 4124 6913 1395
3 7327 5356 1699
3 1823 4854 8157
3 3785 9680 8400
3 8050 9678 4524
3 9153 6814 1182
3 2975 7053 6276
3 8968 5000 1751
3 8439 4603 5796
3 2868 5224 9308
3 521 520 5883
3 5530 4085 1527
3 7909 2894 5420
3 5612 977 7425
3 4565 9221 1487
3 5388 4308 1811
3 318 3846 317
3 6351 2003 4637
3 6711 8417 2420
3 4888 3375 1401
3 6983 6228 2979
3 5245 8950 857
3 7730 2106 4227
3 4571 4083 1982
3 1491 4395 3507
3 7868 4279 2028
3 7294 4045 5653
3 6983 3963 1401
3 8571 998 4786
3 6274 7820 2434
3 6765 3631 1570
3 6457 271 9444
3 268 269 5894
3 4848 8049 1005
3 8650 3952 2479
3 694 3446 6903
3 6603 9525 2473
3 7335 3 4
3 8707 4064 8418
3 9455 5463 9453
3 5144 5013 915
3 4614 9805 7768
3 5475 549 550
3 905 3194 6411
3 1249 6160 3092
3 2873 9693 6125
3 6125 23 24
3 9759 1009 9289
3 7826 6182 1100
3 5903 1726 3463
3 7076 3322 1726
3 1809 3782 5599
3 5711 9370 2327
3 688 9625 5424
3 3631 7941 665
3 5767 9507 2659
3 5100 9020 5043
3 6128 3053 4663
3 5022 5508 2297
3 383 9093 382
3 8751 5112 1655
3 5506 3326 1511
3 5545 8782 2206
3 9556 709 5528
3 5528 4758 2478
3 4831 4694 844
3 9041 6175 3778
3 3648 7541 7181
3 4590 5388 1277
3 7842 8690 2330
3 4035 3430 8149
3 8142 4526 7501
3 5050 5983 1678
3 895 5824 5659
3 4464 5122 2847
3 3209 9353 7040
3 4031 1952 3885
3 5946 5945 2437
3 9221 4955 8634
3 1081 7338 4819
3 4251 8172 5657
3 6416 3467 6073
3 6090 1434 4333
3 2204 9006 4462
3 6725 951 4340
3 6447 5513 3305
3 9524 9071 1329
3 7747 5381 2473
3 2773 1710 5544
3 275 276 6138
3 7899 1057 6103
3 9026 5228 7561
3 7375 4893 1207
3 8129 2590 5925
3 7566 845 4743
3 6865 6828 1513
3 9403 548 3512
3 2220 6204 4889
3 6204 321 322
3 9428 42 4086
3 4580 36 7039
3 4753 5929 1041
3 5422 2351 4753
3 2460 4350 6328
3 4366 1910 4534
3 3747 7175 2592
3 7330 8347 3805
3 6574 6573 2172
3 4023 309 310
3 8519 8520 2497
3 9400 3616 3242
3 3900 8270 7836
3 1639 8661 4560
3 9350 7829 1748
3 1383 3634 2862
3 3271 6173 8181
3 9598 578 4290
3 3138 7349 6724
3 9190 6171 1346
3 1878 4409 5649
3 216 5938 215
3 5160 2628 7103
3 4583 2200 5939
3 9850 8801 4236
3 4432 643 7480
3 5467 1843 5466
3 5408 1841 4329
3 7909 5151 2401
3 183 4032 182
3 180 2946 6602
3 6621 859 4085
3 7832 904 4311
3 7480 3371 1965
3 1104 7223 5946
3 7347 2123 4340
3 7449 3571 2400
3 7206 5617 993
3 5614 9514 2672
3 8564 2558 4388
3 1439 9836 9767
3 4293 5949 2368
3 908 6320 3937
3 9526 2074 6257
3 2273 4778 7554
3 5728 8439 3903
3 3627 4706 1259
3 1281 9845 9771
3 2711 5397 9421
3 9709 5315 2723
3 7072 5075 2335
3 8391 3018 4232
3 8634 4466 1487
3 6852 9132 1188
3 7072 2335 4872
3 7870 1448 4363
3 1288 6378 6899
3 9389 4381 6251
3 2347 8068 8000
3 4839 2319 3748
3 2725 7564 4942
3 2723 7960 5398
3 8403 3155 6279
3 7481 1648 3297
3 4849 7082 896
3 3855 5560 9303
3 3188 5298 3911
3 5204 1994 7135
3 7685 7684 2263
3 9716 4548 7338
3 2341 7252 6210
3 5963 8799 2503
3 7797 1517 4616
3 8515 4598 8307
3 1463 2915 7457
3 9875 9876 3834
3 6939 2042 3709
3 9805 4614 3453
3 6756 6755 2600
3 5460 4228 917
3 4451 1468 4381
3 1255 3573 7781
3 499 498 5969
3 9127 7015 2197
3 7692 7112 3261
3 8121 2973 4857
3 7529 4353 756
3 7330 5026 2193
3 8725 5330 2977
3 9442 7255 1562
3 302 5973 301
3 5973 6839 3104
3 501 5974 500
3 9948 7467 779
3 6668 1832 4643
3 4865 9313 1641
3 8506 1240 7398
3 7398 1240 3449
3 7636 3908 2244
3 4472 6183 2214
3 9509 396 395
3 5978 4693 397
3 2742 3346 9751
3 4743 7567 7566
3 2512 9182 5980
3 1346 4131 3290
3 4345 9225 1480
3 1069 8942 5991
3 9607 2646 3994
3 1519 9198 7177
3 6195 4110 926
3 986 4151 7808
3 5251 4790 1554
3 6012 9541 1121
3 4846 841 7635
3 4846 1558 9515
3 8095 9580 701
3 1036 7742 7748
3 2632 8941 8377
3 1985 6126 3292
3 4818 1434 3637
3 7922 7920 2362
3 281 5158 280
3 5894 269 3474
3 1426 5366 4183
3 524 3997 525
3 6634 4372 2679
3 5180 8827 6744
3 1036 4587 7742
3 3534 8635 2482
3 5951 8399 711
3 3863 1377 8373
3 5452 61 3051
3 4896 69 70
3 321 5927 320
3 4960 7700 1619
3 4527 3888 1613
3 4940 8045 6367
3 8665 1893 3578
3 732 8469 4857
3 5632 9360 1788
3 2610 4226 5584
3 6255 6809 2277
3 4699 9351 6910
3 3318 8036 6606
3 8165 4667 2968
3 6793 1114 8780
3 7633 3649 2262
3 1715 9706 5398
3 5399 9660 2709
3 9444 272 6003
3 270 6457 3474
3 6274 5084 756
3 5182 1591 3367
3 7486 4133 2237
3 4117 5888 584
3 9371 3566 8915
3 1008 9838 4950
3 3849 4240 8686
3 1667 3743 6269
3 816 8889 5763
3 6310 7890 1123
3 3538 811 6009
3 3538 1724 7751
3 1178 8899 5934
3 9441 4336 1275
3 1769 5617 7206
3 5619 8603 1769
3 9413 4372 9411
3 3611 6984 1834
3 588 8343 6401
3 2324 6370 3676
3 1252 9148 4567
3 631 5896 4530
3 6863 4473 610
3 5210 3224 1488
3 6930 4563 680
3 3561 5965 2329
3 7367 2517 6999
3 2996 1864 7273
3 7978 4239 2350
3 1358 9097 5732
3 568 5116 3098
3 2138 7241 7239
3 5279 9344 6767
3 9013 5537 213
3 4657 3142 1800
3 6752 2768 5597
3 3787 7645 7932
3 5770 1113 3787
3 5972 3413 1433
3 9104 6738 3628
3 7715 5222 1237
3 3373 9735 6434
3 2511 8848 8847
3 1974 8946 3856
3 928 8796 6520
3 3073 6241 4490
3 8246 7721 2304
3 737 7332 6164
3 9177 2907 7614
3 6091 9656 3974
3 4945 2021 8971
3 7975 753 9675
3 6575 5424 3183
3 8039 7426 1848
3 1663 5205 4033
3 4404 6156 9903
3 7927 3702 1320
3 4424 4924 2002
3 5733 5444 2772
3 9201 2235 7524
3 9476 8174 1047
3 2819 5733 1083
3 8643 619 3916
3 825 5889 3363
3 4942 4941 1670
3 8674 5319 1063
3 4404 8082 4516
3 8550 5314 2485
3 3023 5794 1156
3 8642 5795 1886
3 9859 4699 6910
3 7634 1558 4846
3 875 6686 3209
3 6571 2780 4181
3 5616 9811 3599
3 6138 276 3042
3 7907 1279 3743
3 564 6991 5197
3 356 357 9395
3 4347 5972 8433
3 7927 6174 3702
3 6174 2337 3633
3 6045 9790 2729
3 9134 9135 2614
3 1719 5338 5234
3 4080 7741 6229
3 7151 2195 6007
3 9772 3773 1735
3 7707 3761 7371
3 3866 1597 4917
3 6049 212 5537
3 8239 985 4780
3 1005 8049 6113
3 3731 2198 5938
3 6336 1980 3819
3 6051 998 5263
3 7059 9843 2911
3 3274 8638 6242
3 7226 7286 1293
3 851 4234 7729
3 9655 4789 8415
3 9418 6057 2665
3 6276 9311 1119
3 9232 1440 5629
3 8005 5241 1939
3 8141 2432 7551
3 3867 674 9313
3 1641 7017 4104
3 6515 7244 5345
3 6453 5439 1050
3 5835 1880 4949
3 5053 919 9054
3 6298 1440 4176
3 1989 6492 4967
3 1862 9303 5960
3 2844 6262 9574
3 9321 6074 3519
3 4035 617 7704
3 4913 9909 1273
3 6974 1790 3139
3 6591 4194 751
3 7835 3887 1159
3 8495 1963 6065
3 1626 5858 3654
3 1757 6451 8739
3 7112 1220 4765
3 9052 4060 2596
3 5164 3244 1537
3 4626 740 9211
3 7611 4016 2577
3 4267 1446 7915
3 9854 3053 5768
3 6047 1616 4870
3 5635 3949 1829
3 4578 7722 664
3 7378 1321 5266
3 6885 297 4794
3 5458 8209 2504
3 6160 8892 4200
3 7315 3383 3910
3 7936 7857 730
3 5961 7136 7135
3 861 5302 6637
3 2235 3718 7523
3 3927 1782 8954
3 5986 8508 2919
3 9457 869 3472
3 1758 3327 9172
3 9044 6677 3517
3 7511 3480 7321
3 1187 8442 6586
3 8441 2571 9361
3 3070 8040 6361
3 9009 7730 4227
3 9425 8326 744
3 1285 3725 6832
3 1328 7895 3991
3 538 7061 539
3 1552 4722 3435
3 6441 3080 4365
3 4354 646 7387
3 5451 438 439
3 6242 2972 9623
3 8639 6242 2554
3 68 9950 7287
3 482 4975 5213
3 7603 1921 6311
3 2727 5910 5724
3 1998 6674 8874
3 2729 5139 6045
3 8918 2701 8917
3 2016 4898 6608
3 8690 4197 7843
3 4398 6372 1822
3 3382 6341 7104
3 8884 4608 8883
3 2857 7393 9314
3 4912 3652 6511
3 5660 9588 605
3 9258 3048 9713
3 6094 556 557
3 1689 5410 4909
3 9047 4646 2420
3 6832 2243 4958
3 4301 5009 1605
3 4526 1868 7501
3 1678 5983 4306
3 8135 986 4803
3 6937 2381 7844
3 3674 2089 7009
3 3231 7822 6402
3 2655 7862 7863
3 2689 6568 6302
3 5936 657 4852
3 9137 2676 6594
3 6012 1121 6101
3 9138 1121 5872
3 9024 4593 7430
3 6041 7799 3038
3 6969 4034 2908
3 3199 1494 8472
3 9256 2621 3738
3 6618 3450 897
3 6104 3242 1898
3 2141 8471 4553
3 1439 6450 4148
3 7001 7718 1731
3 9852 3773 2963
3 8755 893 3045
3 3191 8119 5603
3 8034 7201 3154
3 6203 3273 4607
3 4453 2449 8066
3 5262 5858 1626
3 5884 178 8585
3 8585 178 179
3 8086 5423 1126
3 8861 2052 6846
3 5643 5194 847
3 4025 2076 3552
3 6989 2077 6988
3 600 4881 7091
3 7021 6115 2897
3 1965 4901 4440
3 7441 2253 4962
3 4664 2130 8205
3 8463 2427 6919
3 9626 1044 4449
3 427 8745 4050
3 1927 3445 6353
3 6038 3196 626
3 1680 9364 5091
3 6394 2104 7081
3 6741 4531 3233
3 5149 3339 3037
3 1011 8880 6058
3 8065 430 6122
3 430 429 6122
3 2165 7224 5036
3 6538 2065 4620
3 2657 6809 6255
3 5656 3944 2509
3 7992 7991 2327
3 5217 2147 9720
3 5990 523 6126
3 523 522 6126
3 6528 4053 1451
3 1979 3016 5954
3 2663 8889 6915
3 1967 6134 6135
3 2377 7882 6233
3 1596 6243 5469
3 2002 4924 7799
3 3086 968 4387
3 8564 3626 7815
3 1143 8263 5028
3 8650 8317 1005
3 5786 3302 4402
3 5530 5387 4032
3 5873 9781 1978
3 1590 9133 6675
3 6676 1998 8874
3 1446 8375 4268
3 9135 3737 1226
3 4236 1829 6597
3 6664 9939 1200
3 7952 416 5749
3 9947 1295 6957
3 4424 5303 2313
3 4034 6969 2281
3 8712 1592 3557
3 1691 8638 3274
3 8456 4520 2258
3 5600 3144 8435
3 7285 3140 6853
3 6332 4178 2315
3 5418 1975 5417
3 8362 4835 2231
3 8812 7505 3780
3 7959 2223 5985
3 9877 1568 4797
3 6953 3153 2107
3 414 413 9681
3 2741 9691 6279
3 9290 5019 2718
3 494 3255 493
3 2444 5964 7054
3 7054 4597 2444
3 6147 8232 1873
3 7791 8140 1228
3 3320 5797 9107
3 1358 9937 6150
3 2624 7669 8715
3 7979 1481 4108
3 3587 7177 2122
3 3852 2158 7256
3 7242 1912 6075
3 9876 1289 7665
3 7462 1537 6067
3 9251 4675 2091
3 3125 4595 7709
3 6646 878 5014
3 3198 5191 4198
3 4198 1214 3198
3 5519 8299 1871
3 8999 8998 2546
3 6130 5302 861
3 8189 9944 1071
3 1261 3732 6663
3 6169 6988 2077
3 4847 3792 208
3 985 7158 4780
3 1260 3749 7254
3 6964 723 7670
3 721 3941 8160
3 8549 876 5496
3 145 4805 144
3 1856 6061 6262
3 148 4195 147
3 4024 5312 1827
3 8848 4872 7332
3 7167 3659 6444
3 5903 1302 3461
3 7406 7404 3463
3 3530 6453 8059
3 3868 5249 1379
3 1607 9434 5798
3 9633 2716 9632
3 3282 9653 9652
3 6395 5138 2497
3 7091 4881 2853
3 7221 9916 2649
3 1329 5854 3348
3 2934 6968 9325
3 4707 9648 8077
3 854 6086 2856
3 4877 2561 3842
3 1557 6307 2878
3 6302 1374 4123
3 3376 1196 6696
3 9944 2638 7734
3 5403 5157 938
3 9313 674 4866
3 7244 2186 5345
3 9045 7956 2243
3 2334 7783 7916
3 8575 6714 2080
3 756 7658 3508
3 2296 7215 5362
3 930 6622 9355
3 306 307 7818
3 7281 3706 761
3 1272 8593 5862
3 7113 6180 3822
3 7506 7389 4286
3 4370 1049 9319
3 4192 3347 1941
3 4192 9759 3347
3 4001 8358 850
3 7025 2112 5549
3 9440 3708 9439
3 752 5153 7013
3 6233 2935 5469
3 1596 4671 3071
3 7811 6942 4401
3 9069 1352 3541
3 743 7912 7166
3 4791 9213 2565
3 5343 6306 1732
3 4727 2549 8445
3 672 7592 6947
3 9310 952 6189
3 7906 683 5887
3 6856 4633 2967
3 1612 5056 3714
3 6740 6366 2100
3 3857 1000 7510
3 1171 9417 6366
3 6176 8132 2379
3 8737 6056 2112
3 9931 1961 4219
3 1961 4978 6194
3 4718 3245 1882
3 508 7875 3587
3 2276 5809 5211
3 669 5042 7777
3 8580 2455 5020
3 8026 5947 3207
3 8571 5263 998
3 5928 37 38
3 7486 7529 3720
3 2979 6228 1943
3 654 7923 5358
3 7894 940 4055
3 4036 2973 6152
3 8665 5585 828
3 2815 980 4724
3 5423 1712 5292
3 2769 4508 1508
3 507 2938 506
3 7360 4390 687
3 4961 7911 1619
3 9597 2607 9249
3 6085 1592 2972
3 3514 1515 6775
3 899 6978 4142
3 2193 7331 4392
3 4940 1670 8133
3 5983 3848 1845
3 6669 3624 735
3 9259 9258 3049
3 4147 5476 1421
3 7660 3648 1312
3 2915 5932 7549
3 1336 4804 4389
3 7055 9504 4319
3 943 4486 7244
3 7570 5254 1950
3 7495 2010 6666
3 4168 6726 1734
3 2427 8464 6938
3 1156 5794 6354
3 5721 9433 2852
3 7175 3747 736
3 3820 1530 9568
3 5728 4603 8439
3 3483 1561 3321
3 118 119 6217
3 2251 7356 6909
3 9276 4698 2951
3 957 9778 6965
3 6033 3346 1922
3 8791 5852 1149
3 9327 7652 3178
3 5815 444 3359
3 3515 446 6300
3 9427 5173 835
3 7314 1129 9563
3 5236 5980 1764
3 7577 1795 5743
3 7156 3235 5744
3 8220 6224 2384
3 2400 7450 4902
3 2437 5945 5617
3 6055 919 5053
3 7841 4487 7231
3 6006 9203 8839
3 5905 8480 2943
3 5198 5059 2155
3 9505 2764 4836
3 7159 3353 3707
3 7925 3899 2990
3 1140 7453 8957
3 8214 1216 6723
3 8295 3643 2399
3 7336 3904 623
3 9950 68 69
3 8079 5022 2297
3 8234 8061 1975
3 1543 9102 9101
3 1504 3546 9921
3 2604 9658 4612
3 1282 7872 6414
3 5402 7103 2585
3 1328 7307 5401
3 8454 8455 4006
3 486 485 8893
3 485 484 6237
3 743 7440 5866
3 1865 6096 9749
3 9633 7035 2716
3 2919 6076 9580
3 7119 2154 3681
3 2154 7119 3682
3 7853 2826 6370
3 9278 2880 6013
3 1130 6242 8639
3 6152 9426 7945
3 4292 2778 9130
3 633 3372 9500
3 3437 6244 1881
3 9950 4896 2146
3 8480 5905 1920
3 9293 6124 8083
3 3449 1002 6927
3 5737 668 2833
3 4926 1869 3964
3 1565 8312 7759
3 9942 5421 2000
3 5571 925 4182
3 9005 4128 8546
3 4854 8163 3386
3 5240 8031 1299
3 811 7623 6165
3 6251 1457 2843
3 2533 5717 8037
3 7613 3176 6128
3 7950 6745 4440
3 6253 9376 3008
3 2508 7370 3576
3 8192 5673 1819
3 6415 3194 1435
3 8915 6427 731
3 2992 4651 5326
3 6031 5032 856
3 4353 7485 1551
3 7296 722 3649
3 7456 3427 1289
3 6721 1875 4269
3 6687 892 3782
3 1228 3020 5162
3 7306 781 6771
3 7463 2459 4810
3 6599 1431 4210
3 6662 1264 3046
3 1660 6662 3046
3 1355 7525 5977
3 2900 4866 5975
3 7055 693 2952
3 1072 6826 5174
3 3688 5805 1313
3 3444 9022 1499
3 7690 2124 3675
3 7081 32 6394
3 9571 5082 2703
3 4142 7662 7926
3 5804 817 3100
3 6267 3218 5773
3 741 4361 6275
3 7183 3169 5720
3 2999 8948 8768
3 4536 7167 1501
3 8185 946 4662
3 9462 4883 9460
3 7518 6827 2762
3 6761 8897 2923
3 3283 8854 8781
3 2047 5786 4402
3 2536 7467 8437
3 8885 3974 8884
3 5084 1663 3720
3 5084 5205 1663
3 805 5785 5200
3 884 4972 2936
3 7973 3213 1534
3 9573 1750 9837
3 8487 920 4126
3 7546 3606 7545
3 4143 8075 8198
3 3425 1689 6281
3 8424 4700 6836
3 407 406 9691
3 5880 2035 6018
3 6338 7977 2350
3 8729 2693 8512
3 8183 2207 4143
3 8887 8886 2527
3 9816 6434 9533
3 3801 8519 1362
3 9529 8945 1885
3 7103 5402 1673
3 8974 8710 1183
3 4687 287 288
3 2331 4319 9504
3 4572 2643 3314
3 847 8073 5477
3 6766 1003 5119
3 6600 652 4025
3 8620 2921 9095
3 4791 7333 802
3 5832 5994 1881
3 3307 7358 4714
3 2087 6817 3378
3 4063 2352 8096
3 7051 49 50
3 6291 47 5590
3 4675 7386 3385
3 887 8914 4634
3 3107 4879 1015
3 7339 6414 1987
3 3958 6025 2375
3 3601 1852 7234
3 8841 5264 8742
3 6294 1267 3600
3 5039 1617 9833
3 7040 9353 1160
3 7131 5502 1747
3 9762 1747 5502
3 4177 994 7989
3 5625 1940 3342
3 7175 2593 7174
3 8370 6299 4335
3 443 442 4739
3 3742 3337 774
3 4599 8306 2442
3 9509 5044 2658
3 4386 4051 1543
3 9332 9334 4360
3 3421 5909 5109
3 3382 8594 6341
3 4640 2772 9934
3 7282 3861 6001
3 6869 4078 2039
3 552 3466 551
3 837 3101 5191
3 6045 5139 5609
3 5278 2569 5235
3 4802 7756 1604
3 7212 1804 5412
3 9441 9250 4336
3 1859 3947 4314
3 7372 962 4470
3 6724 2169 3234
3 2566 8788 5480
3 2727 6792 6231
3 2169 7519 7350
3 4251 5657 1912
3 4930 9302 9843
3 7211 1918 5610
3 7446 4412 978
3 5582 8858 537
3 8199 5192 4138
3 6636 3597 1727
3 8274 3030 6315
3 9223 5326 662
3 9905 4525 1475
3 5084 6274 2434
3 2402 4712 4711
3 8529 7879 4563
3 7218 5632 4285
3 5998 680 4563
3 9280 2452 5675
3 6977 2256 6544
3 8137 2329 7488
3 9502 3172 4815
3 7898 447 6473
3 1150 8845 7538
3 6650 3965 1065
3 6906 6321 3175
3 6456 3134 1969
3 5800 5001 1751
3 5000 3201 2852
3 2511 5093 4872
3 3501 3500 1382
3 8617 5295 1712
3 8814 4380 1012
3 7172 5868 692
3 4543 848 2930
3 400 8595 5311
3 6703 5863 2132
3 6353 894 5090
3 8968 3159 853
3 885 6459 3052
3 3907 6963 2097
3 6527 8860 952
3 1051 8697 4702
3 2315 3765 7502
3 5898 6297 2079
3 6817 8096 1361
3 5183 5415 2265
3 6736 4443 1457
3 3521 6678 8774
3 1578 3328 9864
3 3671 1432 6806
3 1364 6336 3819
3 4146 6337 387
3 388 8824 4146
3 7586 4944 2394
3 162 4107 161
3 5837 2009 4107
3 9901 6339 1348
3 1348 5497 9901
3 7988 335 336
3 9524 2869 9071
3 5057 9016 513
3 8615 520 5069
3 5103 4278 1546
3 110 8430 4364
3 8822 3549 2787
3 1870 3707 5209
3 372 373 6936
3 1843 6344 5862
3 8345 2422 4826
3 8784 3693 2471
3 532 533 8794
3 6165 3408 5240
3 7291 7178 3925
3 7203 6080 3470
3 4588 479 6348
3 6348 479 480
3 9698 481 482
3 9696 5162 3026
3 6350 8870 440
3 777 4139 7406
3 1925 3570 6276
3 9894 4464 9884
3 3975 7779 1813
3 3237 1224 5950
3 3163 7615 6117
3 9654 3023 9080
3 1942 6938 3239
3 8289 5658 1180
3 7353 6904 2181
3 1530 7186 4410
3 5091 420 421
3 4813 4519 786
3 2957 9612 8992
3 3607 5882 9626
3 5725 4923 1658
3 3335 5764 5275
3 1762 5522 4879
3 2357 7247 5776
3 3945 7828 7534
3 174 175 3558
3 6361 3923 857
3 6516 5677 2254
3 3368 7756 4802
3 9672 5745 1887
3 5252 452 453
3 9141 1103 6181
3 3484 3916 9292
3 1687 4423 3185
3 4102 1555 3159
3 8300 4061 1327
3 2193 3403 7331
3 4469 1550 3508
3 4392 7330 2193
3 1443 9687 8370
3 8602 1281 5717
3 4431 934 9572
3 8626 5166 519
3 5294 5987 1022
3 3970 2071 7088
3 1079 5689 3105
3 360 3620 5233
3 9166 8749 917
3 9294 2379 4816
3 6711 1011 4301
3 4936 1912 7242
3 7834 2328 4792
3 3907 7038 1392
3 9121 4830 3250
3 8210 8606 3471
3 3413 6043 1433
3 6375 5147 1991
3 906 2786 5774
3 7703 880 3627
3 3036 880 7703
3 6500 1378 3722
3 9234 1288 9220
3 5891 9737 930
3 9014 2712 8851
3 7790 4623 2004
3 7240 3982 592
3 5433 9806 5873
3 185 9529 184
3 4911 465 8795
3 6455 1106 9793
3 448 9920 3546
3 8221 8029 3541
3 4612 9658 8734
3 4612 7768 2604
3 5369 9169 531
3 532 5369 531
3 6868 6867 2041
3 6867 783 3422
3 6387 463 462
3 7548 3454 776
3 6126 522 5260
3 8767 3875 6635
3 9352 2443 7902
3 412 411 7900
3 2387 8135 4803
3 6326 2120 5701
3 4746 1533 8204
3 9095 2921 6702
3 1662 9550 8072
3 2458 7573 5108
3 1102 3675 6120
3 7081 31 32
3 7081 2104 2765
3 6785 1570 4836
3 5726 634 3721
3 2706 6381 9702
3 4083 7364 6541
3 7747 1212 6396
3 2417 7542 8396
3 570 7397 3653
3 4264 8739 4468
3 3765 5496 1971
3 9687 3917 1613
3 9416 6367 2100
3 8572 490 489
3 9489 497 496
3 3100 9792 7114
3 4452 8344 8343
3 6338 9645 7977
3 9495 1614 7726
3 6291 46 47
3 6291 385 384
3 6404 390 391
3 4748 9528 8833
3 5612 5610 1918
3 8658 4466 8634
3 2359 5612 7425
3 2358 6584 7093
3 8936 6866 4615
3 3512 549 5475
3 7305 1498 4630
3 771 6780 3250
3 7018 3882 2245
3 4741 9887 1167
3 2432 6057 6056
3 8534 1496 3076
3 6658 4352 627
3 7254 3749 2084
3 3241 8835 6844
3 7133 1780 3289
3 2898 8120 6917
3 2254 7673 3696
3 2428 5761 8455
3 7872 5761 2774
3 7021 6374 924
3 4240 3849 1668
3 6042 3865 924
3 1168 6073 6963
3 7672 1154 7527
3 5580 834 3181
3 586 9068 6194
3 9460 1001 8050
3 593 7779 3975
3 5727 2427 8463
3 2738 5494 7034
3 5001 6329 1751
3 4201 9855 4458
3 8871 4461 698
3 8259 5251 2286
3 3881 3882 8965
3 8785 6871 2531
3 3125 637 6099
3 4054 1427 7923
3 547 546 6424
3 7261 2150 5705
3 8405 1415 3689
3 3068 1739 6976
3 7543 8662 2730
3 1369 3726 7444
3 8777 5047 1620
3 7931 6630 3669
3 6284 1221 3491
3 9742 5567 1775
3 8292 2488 8291
3 9610 6431 1970
3 2713 9637 8125
3 7555 7131 2365
3 1970 6429 6430
3 9143 4400 2204
3 833 7584 5618
3 4892 3054 2061
3 2715 8538 4719
3 9534 5518 1831
3 7250 9735 3373
3 88 6619 6327
3 9348 5820 5819
3 7417 7419 3794
3 5307 7219 1836
3 7727 9109 1312
3 4851 317 3846
3 8889 4416 6915
3 9841 2924 5436
3 8864 4669 2474
3 2462 8392 4951
3 7334 4307 932
3 1273 9909 7477
3 8505 3435 4722
3 927 4962 8305
3 343 344 8380
3 2902 7069 6734
3 7544 3679 2623
3 6872 3612 575
3 7788 4253 2279
3 1310 7483 3258
3 3921 1310 3258
3 6548 2928 1995
3 3427 3013 1289
3 9875 4576 2985
3 338 9306 337
3 882 3697 5677
3 2875 6524 5833
3 2009 6920 4107
3 8682 8584 4542
3 2487 6154 4541
3 9476 4285 8174
3 6033 7594 598
3 8559 8251 3977
3 8429 4954 1283
3 7874 1450 3275
3 5939 6616 4583
3 5514 7944 2627
3 2597 5360 9194
3 9705 7732 2532
3 9941 466 467
3 1584 6167 9017
3 9434 2645 5798
3 3965 6650 2265
3 6907 2110 9632
3 6637 5302 1923
3 9811 5616 2410
3 4953 1995 3621
3 6459 4091 6458
3 4841 8742 2551
3 632 6987 3354
3 9679 159 160
3 3783 8342 3432
3 5829 4110 2085
3 5505 4079 4632
3 1182 5625 3342
3 3406 9076 6610
3 62 3051 61
3 9182 1484 5980
3 4355 7428 8900
3 9448 3262 9447
3 1479 6607 4065
3 2546 8998 6749
3 7231 4487 1466
3 5008 4394 1605
3 2439 6515 5345
3 7922 612 3869
3 6632 233 234
3 4979 1597 3866
3 5164 8752 838
3 8823 4586 6936
3 9629 9245 2371
3 5367 4369 1464
3 6471 1966 5137
3 3221 5367 2726
3 6472 5295 696
3 1535 9328 4725
3 7389 1884 4286
3 5639 6473 449
3 7571 6181 1884
3 3941 1340 3836
3 4291 9540 1538
3 9118 4713 4904
3 6476 589 3092
3 5961 3120 589
3 2938 8341 5449
3 4596 1507 3340
3 6109 503 9219
3 6654 4596 1040
3 4338 2462 4951
3 2981 7725 9899
3 1047 7487 4293
3 3561 8174 7879
3 7046 9379 2145
3 7016 5310 3331
3 3459 8858 5582
3 3456 7094 6234
3 3829 7995 2650
3 3498 1713 6530
3 4210 5429 952
3 9323 6629 2239
3 1844 5004 4798
3 9756 3762 7066
3 7066 1405 4393
3 1640 9756 5654
3 3845 7382 815
3 6525 1994 4328
3 7339 3639 6414
3 4284 1697 9170
3 9624 2331 7466
3 6490 9777 1990
3 5442 2567 8261
3 292 9233 291
3 6917 6738 2898
3 2910 7095 6808
3 8423 3624 6298
3 9573 6054 5432
3 9035 5105 1728
3 1866 6680 4771
3 3828 1125 7128
3 5422 4753 1782
3 3699 726 7981
3 362 363 7904
3 411 5831 410
3 8992 8991 2939
3 8856 4252 2728
3 4252 1368 3566
3 5906 5128 2926
3 8457 4971 2684
3 5967 676 7905
3 5753 7434 658
3 6803 2043 3036
3 4315 346 9554
3 8178 2472 5201
3 5751 9454 1309
3 1807 6502 3139
3 2531 7534 7828
3 4692 7707 3665
3 1711 7576 3723
3 6103 1924 5925
3 7723 1729 4034
3 9349 8926 692
3 6024 860 3886
3 9082 6888 1381
3 7248 3884 2170
3 4474 3619 949
3 9709 5398 9661
3 283 4376 282
3 9624 7466 5442
3 6509 257 258
3 9317 708 9178
3 1359 9313 4865
3 7878 4001 6061
3 1687 5253 9910
3 5446 1458 4912
3 6787 4638 981
3 6141 7883 2391
3 624 3216 7125
3 7429 8364 3980
3 5064 609 6712
3 7161 2157 6514
3 6411 1947 3093
3 9636 4171 2687
3 9660 7861 2709
3 4972 884 9334
3 9388 5132 3476
3 7077 1526 4712
3 4164 462 461
3 6776 2012 6775
3 4350 2460 9493
3 1553 6519 6884
3 7944 2646 5557
3 6739 928 7256
3 55 56 7796
3 474 4674 475
3 7484 5363 1711
3 1755 5578 3012
3 8602 3085 9845
3 579 5399 7468
3 4685 7924 1861
3 9530 9491 4238
3 123 8719 5843
3 6525 5961 1994
3 1771 5622 9514
3 668 4820 2833
3 5248 1917 5247
3 8313 7223 1104
3 1699 5356 8256
3 8256 5356 2467
3 5646 653 4153
3 2407 5644 5535
3 2534 8021 7617
3 8678 1904 8230
3 7461 4876 1472
3 6283 1444 8660
3 3779 7183 1779
3 4821 2840 9878
3 1464 8977 4370
3 2371 8130 4407
3 529 4583 6616
3 5224 948 8496
3 3286 8566 6966
3 7268 5814 1042
3 1473 7787 3705
3 7310 1996 5831
3 6827 6826 1072
3 1336 7579 8996
3 9935 2772 9933
3 7772 1770 4809
3 2952 8852 7055
3 7772 4809 7056
3 7865 782 5607
3 5959 404 403
3 4208 2488 8292
3 2315 7502 4763
3 3896 3383 1568
3 2552 6779 6144
3 5379 9206 722
3 573 4295 7488
3 9206 6961 3935
3 2262 3935 3810
3 6816 976 5466
3 5783 6344 2048
3 7725 2981 2447
3 3686 8484 792
3 2666 4878 8778
3 5296 8372 2203
3 8327 1360 4091
3 3621 6445 4953
3 7450 3571 5066
3 5210 3946 767
3 8662 7543 99
3 8474 86 87
3 7943 7688 1486
3 2017 5282 5281
3 6101 2179 6012
3 9311 5098 2761
3 8037 1578 6523
3 9555 9554 2954
3 7400 6623 1761
3 9088 1761 5344
3 6186 3359 1299
3 3460 6555 5239
3 5665 8637 83
3 2050 8755 5907
3 1109 5848 7359
3 4567 9148 6014
3 8002 4711 700
3 9810 9809 2931
3 729 3169 7183
3 9234 8588 1288
3 4265 2950 1287
3 8646 7119 1287
3 3598 3922 840
3 4594 1159 2892
3 2394 9871 7587
3 3080 1706 4365
3 8326 3854 8294
3 9424 9423 4357
3 6603 1013 9525
3 4903 9249 9089
3 484 4838 483
3 482 483 6565
3 9497 1332 5678
3 9801 8890 5752
3 2985 9876 9875
3 947 3862 7624
3 8544 2310 7763
3 9758 1975 5418
3 3905 1218 3136
3 4517 9128 1685
3 5349 552 551
3 758 5126 9129
3 4330 577 3600
3 7476 6782 1693
3 7750 3389 7749
3 2172 6572 5709
3 4875 5995 2320
3 6572 8353 4737
3 8800 4447 2503
3 7121 2219 4875
3 3809 983 3264
3 3183 3433 1174
3 4081 1929 5865
3 5940 9955 874
3 5023 8079 7233
3 9796 5023 2399
3 3294 9824 6758
3 4919 3294 1193
3 8153 50 51
3 1653 6348 3027
3 1314 3810 3935
3 2518 5235 8625
3 7701 4960 734
3 8540 1315 4441
3 4875 2320 3847
3 8639 9426 1130
3 3860 5962 1315
3 2174 5316 4157
3 6947 2020 5247
3 5917 865 3973
3 4694 1654 4245
3 7840 6269 1279
3 7377 1186 3344
3 8268 8156 769
3 9195 3079 1763
3 1407 6197 8385
3 5792 2987 6588
3 9646 3567 3678
3 1125 9713 4165
3 751 6209 8635
3 5049 9434 3149
3 6906 3175 2110
3 5929 2582 9943
3 5394 7193 1133
3 9587 3173 5555
3 3663 4225 8830
3 9324 9323 2622
3 6638 4650 1984
3 9328 1535 4690
3 9137 9138 2676
3 6570 2601 3988
3 6595 557 556
3 7155 3394 7154
3 8900 7428 1964
3 1322 3950 7754
3 3981 1321 7378
3 6613 2967 4633
3 7206 993 5761
3 1734 3094 6225
3 4902 6549 655
3 5027 2635 3000
3 9486 4742 1797
3 3046 552 5349
3 552 3046 553
3 186 3660 6531
3 5873 9806 2886
3 8987 2519 5185
3 6789 6695 910
3 6660 2392 8381
3 5074 745 3835
3 7062 3796 5225
3 542 541 7674
3 2277 6039 5215
3 4276 1097 2874
3 4155 7774 1428
3 6465 5110 2032
3 1485 4418 5144
3 9497 5113 1332
3 2034 5808 5173
3 9822 9821 4274
3 7560 6610 1080
3 1080 8259 6729
3 1510 8139 4139
3 7813 2364 4401
3 2059 6945 6944
3 7871 6612 3493
3 6432 3087 951
3 8349 2406 8114
3 8685 4965 2425
3 4965 7509 2311
3 4049 8352 2008
3 6608 5576 2016
3 5990 3997 524
3 9343 5179 9342
3 5420 5393 933
3 8678 5646 1904
3 8555 2494 3450
3 3558 9255 8392
3 5512 3062 1739
3 5820 5953 1806
3 8293 6648 430
3 8969 8125 1404
3 6111 4032 183
3 9703 8169 1362
3 7564 808 4942
3 6247 9372 1399
3 8577 3892 2572
3 6732 8859 2854
3 9702 9156 3596
3 2497 8520 6395
3 2783 6736 4381
3 3753 6803 7881
3 5556 3476 955
3 4705 9915 6714
3 3036 7703 7574
3 5331 6802 6801
3 6639 4582 2414
3 4939 9649 6484
3 3625 7994 1713
3 6639 4850 886
3 636 5849 3081
3 8238 4855 1823
3 884 2936 6243
3 5936 1631 4660
3 6705 1323 3665
3 4692 2302 3761
3 5093 1239 4872
3 7627 1032 3309
3 5287 1686 3946
3 5062 1098 5061
3 4959 7105 2679
3 2679 4372 4959
3 3236 9956 8152
3 8111 4396 1491
3 2870 9767 4673
3 9752 6034 1922
3 4106 6484 1111
3 5592 1803 3830
3 8740 952 5429
3 6484 2019 4939
3 9454 9453 4318
3 6014 828 5585
3 9176 8048 2217
3 4657 7474 5807
3 2294 7741 4080
3 5812 3367 1591
3 4894 8533 2142
3 2891 6489 4809
3 9845 1281 8602
3 348 6678 9856
3 6674 9501 829
3 6155 6645 2942
3 9265 7978 982
3 167 4305 3604
3 4354 3398 1469
3 5494 5495 1767
3 5297 6648 8293
3 9364 9362 2630
3 2884 8246 2304
3 6408 3053 1170
3 2376 3859 7622
3 254 6333 6290
3 3375 9926 8910
3 4581 7605 7604
3 4145 442 443
3 3597 7145 7144
3 5636 1004 3277
3 7235 1250 9565
3 4561 7653 5749
3 4062 8320 2445
3 780 9330 4607
3 8424 2741 4700
3 9219 503 504
3 9239 1231 8215
3 1722 3511 8407
3 5922 8180 3511
3 4579 4870 1615
3 9729 2839 4589
3 6361 857 3070
3 5482 3070 857
3 7283 8554 2173
3 2985 6604 9876
3 3689 821 9266
3 232 6784 231
3 6601 6261 1837
3 5076 2143 5276
3 8960 224 6813
3 4568 7935 1503
3 7765 3979 7429
3 9191 1079 5684
3 4606 1740 7213
3 5616 6504 1127
3 7130 3518 4479
3 6996 3518 767
3 9441 4605 2669
3 2400 3571 7450
3 5845 2185 3855
3 5021 867 4092
3 7916 8286 2334
3 4177 1440 3624
3 2736 6286 7515
3 9005 4126 8368
3 5415 472 473
3 1151 8963 8298
3 9429 5277 8993
3 6299 656 5096
3 8476 787 8412
3 3913 7636 7637
3 486 4867 487
3 7173 6912 3017
3 1276 9134 5596
3 5690 5569 3105
3 6675 1998 3296
3 9278 6013 1929
3 718 5049 3149
3 8281 459 6864
3 7272 3065 5859
3 7232 3915 1563
3 1755 3905 9269
3 237 9125 7504
3 4771 3127 531
3 3775 2105 7062
3 4766 2916 1526
3 4672 5935 9835
3 4672 4600 638
3 4884 7174 2593
3 5706 3145 7984
3 3404 6715 9834
3 958 6062 4197
3 5575 3434 730
3 4659 3343 1493
3 4602 1536 8913
3 90 4806 7106
3 1536 9145 5765
3 6970 3964 1400
3 9231 2765 5309
3 6280 156 5670
3 6149 3677 9097
3 7945 4036 6152
3 9426 3972 7945
3 6105 710 5873
3 9156 6283 1738
3 6588 835 5792
3 6029 1129 3089
3 565 8570 6391
3 4902 655 8846
3 7695 9373 3482
3 5898 3687 581
3 5567 7555 2732
3 1062 7555 5567
3 9089 5278 2570
3 9525 8178 5201
3 2176 8732 6541
3 5751 7299 2754
3 5289 3510 806
3 9801 6783 1901
3 1276 3839 3737
3 7319 4222 3290
3 6750 3839 826
3 5213 4975 1732
3 2020 7803 6189
3 951 4544 6432
3 8819 1574 4881
3 4626 2580 740
3 606 5073 8566
3 8566 2625 6966
3 1399 9372 3582
3 401 402 6703
3 6422 3342 1940
3 4593 939 7430
3 9774 2612 9266
3 9482 7504 2876
3 7070 449 6383
3 456 455 5668
3 543 6707 544
3 4322 548 547
3 6589 5992 3049
3 5660 4165 1467
3 5359 8764 2119
3 4553 3086 2049
3 5680 5517 1741
3 7111 3633 872
3 9749 4414 2779
3 7328 4000 1540
3 9561 6202 2881
3 6026 926 4110
3 9201 8211 7522
3 8381 6446 6660
3 1383 8789 4089
3 9640 9677 2535
3 9027 9028 3346
3 8450 4027 2582
3 6021 2529 4775
3 3657 4798 1145
3 5474 1714 5397
3 9657 7468 4430
3 5541 4884 2593
3 9569 4335 2795
3 984 9387 8203
3 8023 3957 2599
3 8025 8260 3957
3 6791 4732 726
3 7485 4133 2757
3 6228 4117 1943
3 2392 3284 7122
3 5681 9819 3140
3 3060 6224 1199
3 5218 1548 5459
3 4975 8666 2475
3 1169 3235 7156
3 4963 2495 3550
3 8903 3843 2629
3 5065 7314 3088
3 4686 9466 1410
3 1904 6529 6871
3 9938 8350 2407
3 4444 7157 2148
3 1700 6143 5326
3 3287 1176 3286
3 6916 4368 6162
3 8981 5487 3842
3 1241 3317 6883
3 8517 7572 2484
3 9713 3048 4194
3 9700 2997 8875
3 5344 6732 434
3 7787 6626 1996
3 6496 4116 1442
3 6892 3522 3722
3 8774 350 6735
3 9812 3328 7492
3 9220 3872 8100
3 6335 3247 6334
3 7255 9812 839
3 5651 906 5106
3 9435 2904 5147
3 7830 880 6377
3 7574 7703 1676
3 6712 5557 2646
3 3994 928 6739
3 3747 9390 736
3 7564 9417 4406
3 3375 4888 2947
3 9235 3364 639
3 8968 1751 6329
3 7068 6834 1595
3 681 6897 3903
3 5882 9670 1044
3 9136 2676 5871
3 3996 4695 2632
3 9191 2855 6513
3 4708 5572 9955
3 9678 8050 2344
3 5484 2215 4716
3 9407 9406 2675
3 2092 3159 6329
3 2470 5788 5787
3 7271 2767 6359
3 5591 9619 2861
3 6465 2191 5111
3 8966 8220 2384
3 6521 7352 3290
3 559 560 3942
3 1509 3516 7871
3 4197 2292 7939
3 5499 9769 128
3 5748 5224 2868
3 7967 534 5290
3 9158 6754 3513
3 7086 434 6385
3 2193 7329 3403
3 2710 5315 8227
3 9440 6184 3708
3 2360 4113 7762
3 9283 9037 2730
3 9284 8398 1387
3 4396 615 8683
3 6077 820 5261
3 5112 2849 1655
3 5112 4844 2849
3 8752 5164 2515
3 3318 4065 8036
3 4293 7487 8137
3 7181 7541 2036
3 8813 1867 5825
3 9224 2287 7185
3 9703 8519 6381
3 2568 6838 4460
3 6986 1298 3456
3 5369 8794 3489
3 6765 1808 4087
3 5893 1869 5892
3 8302 2242 7385
3 8546 4128 2459
3 7261 9430 1146
3 8394 2577 4016
3 7073 7821 2568
3 9912 5421 8736
3 9702 8304 2706
3 6838 204 4460
3 5973 2067 5055
3 6827 3251 6826
3 6146 1516 4597
3 3813 1650 7998
3 1105 9091 7716
3 8629 6773 2171
3 2219 8076 5927
3 6574 1021 6573
3 6581 591 5400
3 2175 6581 3926
3 4140 8994 7407
3 6384 3709 1931
3 7641 7877 3243
3 6997 2692 5668
3 2042 6939 4834
3 6777 2012 3730
3 4938 1798 4299
3 5620 5315 2710
3 8744 2557 5579
3 5947 137 138
3 9042 1890 4575
3 4575 1890 4574
3 5480 8788 6781
3 4896 70 6781
3 76 77 9443
3 6571 79 80
3 1901 5751 8890
3 2773 6842 9015
3 227 6661 4129
3 3298 2194 6805
3 892 7246 4926
3 7941 1809 3733
3 7779 3237 5950
3 7532 6786 4362
3 7489 7746 694
3 5071 3131 1593
3 687 8931 7152
3 5085 3131 765
3 6541 911 4083
3 8698 5400 2995
3 8191 6770 4021
3 6790 1637 5035
3 1559 8586 8999
3 1210 8606 8033
3 6792 620 6231
3 6230 6232 3531
3 9109 2263 3932
3 6016 6930 2256
3 1583 5979 3404
3 2313 6130 4658
3 3145 5759 1830
3 8388 5080 3001
3 9063 5523 4710
3 7558 9098 2354
3 8658 9063 4710
3 3078 5419 9322
3 5516 1743 5515
3 5107 7300 1889
3 9863 4459 6799
3 9927 1696 9316
3 2724 7758 5876
3 554 6601 555
3 6801 2977 1736
3 9234 9220 3871
3 7292 3697 882
3 9074 4709 1132
3 7703 3627 6129
3 6627 1676 6413
3 6784 3167 9171
3 9430 7028 1146
3 8771 1449 6048
3 235 3664 6468
3 5717 3247 1578
3 1110 8696 6808
3 6413 592 3696
3 1779 7183 5720
3 5153 1656 4549
3 1288 3872 9220
3 5215 4454 662
3 8165 6039 4667
3 9872 4309 2743
3 6241 926 4490
3 9336 4724 1535
3 2815 4724 9336
3 8612 7465 4323
3 7465 3333 6563
3 2152 8960 6813
3 4698 4043 2005
3 7974 9675 2702
3 2702 9676 8318
3 3157 6508 5517
3 4389 8191 1336
3 2786 906 4214
3 6469 2048 3739
3 3378 6837 2184
3 2664 9399 9398
3 7621 3859 2376
3 6333 3378 6290
3 1857 8576 5977
3 9424 9294 4816
3 7188 3141 9408
3 5064 3848 609
3 2697 9253 8203
3 3794 1849 6343
3 6822 5158 281
3 2337 7928 3633
3 2334 8286 4968
3 7440 3179 7096
3 2480 8093 4066
3 1476 4425 9253
3 7580 4375 2130
3 6399 2795 4335
3 4794 5458 1909
3 7629 5036 938
3 8191 4389 2426
3 7579 2307 5207
3 8438 4613 2932
3 8724 8438 8265
3 4162 1505 6829
3 1505 4446 8883
3 778 4510 3326
3 4611 9686 1506
3 7637 1343 3913
3 8477 2574 8476
3 4358 2378 7712
3 8640 8611 4323
3 4949 3219 988
3 2432 5053 7551
3 3440 6981 9671
3 4778 1751 8718
3 7455 261 2901
3 9196 3428 3132
3 7797 4610 1517
3 3324 4610 7797
3 5257 2664 9398
3 9199 3102 1905
3 7821 5465 1472
3 203 204 6838
3 3158 6271 1164
3 2067 9699 5055
3 2435 7343 6317
3 2237 4133 7485
3 5151 7909 8691
3 7212 2560 9021
3 8806 8805 3470
3 8180 8179 3511
3 584 9820 6005
3 1869 5893 3548
3 7133 4914 641
3 6844 1780 6464
3 2641 7819 6179
3 6958 7457 2914
3 8047 6847 2052
3 609 8728 5557
3 7177 9023 2122
3 6875 3978 6820
3 2796 9745 7897
3 9745 6112 512
3 7908 2341 3936
3 7633 2262 7632
3 1515 8994 6775
3 6221 3494 1504
3 8522 8242 1512
3 2695 5606 8513
3 9545 5548 3281
3 9132 6852 2354
3 4011 1342 4010
3 7285 3262 9152
3 7909 8071 2894
3 4312 1223 3411
3 3700 2361 6339
3 3899 7925 1365
3 5814 3287 1042
3 1356 9676 3572
3 8725 3722 1378
3 8826 3722 1265
3 3415 8330 1194
3 7293 454 4655
3 8881 3787 1113
3 5858 1045 3654
3 4191 140 7431
3 9775 4075 6898
3 4986 2523 8621
3 7676 4788 1143
3 5273 2343 4887
3 9367 2063 6860
3 9050 4817 2121
3 3744 1347 3518
3 4964 8281 3147
3 2838 6671 8297
3 7454 3466 552
3 6990 9385 457
3 9385 8265 2932
3 553 7454 552
3 8127 4287 2536
3 4608 783 6867
3 8883 4446 2617
3 6273 5448 1759
3 6869 8324 903
3 8015 551 3466
3 8782 7713 2206
3 4077 6830 8106
3 8598 7534 1058
3 4153 2751 9896
3 6873 4823 3612
3 7617 4273 4220
3 6609 4271 764
3 9491 1397 4238
3 2770 4272 9821
3 2623 3679 8099
3 9561 8086 3959
3 7616 4632 4490
3 3797 859 6621
3 1807 3139 7414
3 9438 8147 3551
3 7793 7792 3876
3 2395 6878 6218
3 9393 4095 659
3 4130 7263 5588
3 8622 9744 3724
3 1830 6880 5667
3 7260 3478 7259
3 6881 1211 6532
3 4653 9139 629
3 960 5699 3613
3 1765 9057 8465
3 4300 966 4299
3 4653 6881 2055
3 2305 7441 4962
3 5311 3331 1910
3 7466 2331 9504
3 296 297 6885
3 8455 5761 7872
3 8902 8266 1465
3 8687 3939 666
3 8701 1027 5755
3 2177 8551 4296
3 9816 9533 2681
3 4639 7827 1318
3 1318 7827 6926
3 3411 8365 4829
3 8485 2114 4099
3 9851 9081 2955
3 7180 9851 2955
3 2199 6023 3638
3 2051 3184 6644
3 6297 1773 4770
3 3072 9593 3214
3 1500 9894 9884
3 9226 986 4864
3 1894 5992 8451
3 1195 8905 7162
3 8116 4238 1397
3 3558 8392 6896
3 5822 2594 5056
3 6551 9898 2092
3 1048 7276 5676
3 1143 5028 3986
3 3971 1563 3915
3 6644 3184 790
3 7373 3692 2521
3 9831 3276 7838
3 3226 6010 8627
3 1263 5383 3224
3 8067 7134 6590
3 7552 8614 750
3 2473 9525 5201
3 6789 7376 2011
3 9205 8825 4811
3 4050 4049 1529
3 2510 7408 6167
3 466 9941 8795
3 9823 6239 2553
3 7381 3134 7258
3 6167 7408 2865
3 6065 5750 1045
3 4522 2041 7217
3 2634 7536 5562
3 6909 5322 2251
3 9185 8773 796
3 5215 1914 4454
3 4814 5198 2155
3 2569 8468 4331
3 9331 6201 1893
3 6674 1998 9501
3 829 8911 6674
3 3298 5438 2194
3 842 3669 4735
3 7127 3839 1276
3 5682 8866 2584
3 8872 72 73
3 5874 7530 2566
3 5342 4662 946
3 5737 4557 668
3 4706 9104 1259
3 3071 3982 1331
3 7163 2234 8528
3 9818 2563 9707
3 4622 5472 707
3 6623 9700 1761
3 8436 5694 2960
3 162 5837 4107
3 5944 3268 7052
3 2084 6115 7021
3 6967 651 4520
3 3716 5263 8571
3 2747 6923 9346
3 8312 3323 6967
3 4784 8477 4040
3 3074 617 4243
3 9664 6925 2722
3 7869 2312 6342
3 8648 3310 5402
3 4547 7030 2326
3 9574 3180 7527
3 2832 8506 6183
3 6928 3051 62
3 7796 474 55
3 3401 5490 2336
3 890 6929 8319
3 1314 7908 7685
3 1788 4226 5998
3 8422 5715 1957
3 5742 5741 1796
3 8304 9702 3596
3 8855 2752 8434
3 2308 6661 4297
3 1660 4652 7101
3 6934 4861 2238
3 5643 9814 2737
3 4861 2864 9419
3 9723 2019 4582
3 9186 1428 7774
3 8413 2048 6469
3 9126 3729 7862
3 4513 1753 9046
3 5795 626 3196
3 2976 1430 6786
3 8242 4161 1931
3 9658 2604 6706
3 2694 6940 7454
3 5404 3381 1303
3 9099 4167 7724
3 6322 1915 4815
3 9904 3513 5437
3 9227 6165 3254
3 472 9081 473
3 5762 558 559
3 7041 563 3527
3 470 6751 7420
3 2131 7548 7228
3 6945 4512 3516
3 5173 4207 2034
3 8603 3844 6946
3 3370 3829 713
3 5429 4210 2414
3 987 4022 8105
3 7929 2418 5231
3 3440 9671 9670
3 9368 5083 2098
3 5892 4532 5893
3 6982 4676 1874
3 6951 760 6922
3 1101 6116 6923
3 3177 6487 6486
3 3079 9195 5790
3 8275 1148 4328
3 2551 5264 8741
3 5843 8719 2768
3 5428 1763 4379
3 7669 1042 8958
3 8054 8005 3611
3 7840 8684 2671
3 5704 8655 1540
3 7801 1301 6091
3 428 5045 3545
3 8530 1959 6318
3 6761 1629 8897
3 7484 3012 5363
3 7689 3361 5849
3 5531 1773 9318
3 2732 7555 6960
3 6257 6962 2895
3 8046 5918 2860
3 3561 7487 8174
3 5035 1637 3095
3 4092 5146 1370
3 3912 2244 7498
3 7668 3749 1260
3 6074 1973 3188
3 9401 1922 6032
3 9752 3346 2742
3 3075 2822 9870
3 4349 1403 3567
3 3144 4981 927
3 7759 2947 6951
3 2934 6475 4420
3 1538 9874 4290
3 7110 2135 3599
3 5616 1127 5455
3 9459 3492 2435
3 4532 5892 1571
3 5212 8581 6673
3 1862 5960 5828
3 6061 4001 850
3 7082 2998 6972
3 616 3956 4995
3 6668 4643 572
3 9868 6502 4513
3 5739 5375 4514
3 6083 4677 1038
3 5930 395 3617
3 92 5512 91
3 8311 1502 4772
3 7224 5647 1637
3 7685 3936 7684
3 3512 548 549
3 3709 6384 6939
3 2540 3784 4982
3 6979 8085 2540
3 2998 6971 6972
3 2033 7082 4849
3 1122 5001 5800
3 8300 3966 2026
3 3295 9235 639
3 9237 3819 9108
3 8895 4888 3963
3 3233 8552 6741
3 9076 4246 7333
3 5017 9721 1356
3 1707 4677 6651
3 3364 5624 3582
3 9611 6777 3243
3 5582 8166 8730
3 5662 1844 7652
3 8609 685 4800
3 3021 4897 7757
3 6277 920 5552
3 5568 2555 5538
3 1236 6287 6168
3 6994 2703 5082
3 8723 8438 2548
3 5631 7553 2102
3 4736 6956 2102
3 7557 4620 2331
3 6826 2066 5174
3 2660 9018 5099
3 2659 9507 8063
3 544 3514 543
3 5582 538 8166
3 5499 128 129
3 8479 2382 7230
3 1347 4479 3518
3 6704 1483 4326
3 8994 2189 7407
3 8994 4140 6775
3 503 502 4787
3 4787 502 6998
3 5685 1603 2918
3 702 3043 9356
3 3255 7000 1516
3 8306 497 4509
3 7784 2999 7593
3 1616 5271 4175
3 6875 6026 1519
3 8728 5867 5557
3 8304 1344 6624
3 6769 2109 4415
3 8275 5734 1148
3 7230 2382 7229
3 3423 8510 6908
3 6303 7472 2206
3 1133 8225 5394
3 2547 4655 8432
3 3062 9664 6976
3 8279 1730 6433
3 2358 7093 4422
3 6189 4106 2020
3 5540 7414 3139
3 9908 7010 595
3 5184 2090 7033
3 8632 3830 635
3 6530 9618 3498
3 3674 8354 1307
3 1534 4592 7973
3 4745 1925 7053
3 8009 2154 5772
3 7422 4549 1053
3 5753 1891 3824
3 6292 3122 5307
3 8829 8057 4703
3 9489 5507 2197
3 6517 2460 5503
3 4350 9493 7077
3 1961 6194 7560
3 8844 5020 2455
3 1128 9730 3882
3 1802 3550 5791
3 7087 6612 464
3 7399 4137 6407
3 8982 1144 7020
3 1631 5936 4852
3 1667 6269 5197
3 7714 4245 5249
3 1511 3326 8245
3 519 8615 6908
3 9126 7862 2655
3 5793 2829 9923
3 4351 1414 4302
3 4779 9451 594
3 8054 5142 2321
3 8589 3802 5830
3 7088 8276 3970
3 9650 497 6400
3 9562 3097 4859
3 2701 3345 5576
3 6913 1396 3081
3 8773 3646 8771
3 9676 3891 8318
3 3640 8206 6886
3 6428 1941 9103
3 1015 7619 5167
3 5880 912 3784
3 8534 1422 3486
3 7303 5118 1422
3 9236 2086 6018
3 9617 9616 2682
3 4108 982 7978
3 8247 1224 4503
3 889 6647 7092
3 6167 8795 2510
3 3418 6110 8228
3 8585 179 6602
3 5258 6932 1738
3 288 5806 4687
3 6710 6709 2049
3 5334 967 3909
3 2616 3867 5828
3 3295 4532 7503
3 1364 4365 3165
3 1267 3601 7234
3 7625 3591 5434
3 7705 242 4463
3 8568 7216 3788
3 494 5058 2942
3 1079 9191 7369
3 5937 5459 1764
3 1764 5980 4224
3 5682 3101 837
3 7173 1225 6912
3 8221 3456 6234
3 6754 4139 2058
3 8224 2824 4621
3 2463 8505 4749
3 8694 398 399
3 7016 8579 1037
3 9429 2535 5277
3 2345 5406 5405
3 7049 3813 2502
3 391 5431 9510
3 1914 7311 5847
3 7462 5164 1537
3 6291 5590 2543
3 7051 50 8153
3 8592 8378 6401
3 3962 7328 1540
3 6190 4679 2761
3 3341 4180 6814
3 4597 7054 781
3 1205 7599 7478
3 4795 1990 2891
3 7139 4682 7954
3 6490 290 291
3 5157 3251 938
3 3753 6644 5836
3 4213 2082 3156
3 6030 6037 2294
3 856 6037 6030
3 2871 6965 9716
3 2266 4545 7735
3 4428 9610 1970
3 8739 7795 4468
3 5601 4546 1482
3 539 7061 3734
3 2673 6428 6182
3 6707 2143 5076
3 9397 8770 1644
3 4063 8096 6817
3 2481 7117 5561
3 8716 8675 2980
3 4882 4741 1579
3 3502 3320 9936
3 7332 737 8848
3 754 4499 8600
3 1554 4790 9213
3 8733 8141 1244
3 1748 5407 7324
3 1846 9531 9212
3 5092 3614 3192
3 8379 6442 2704
3 3546 1504 3494
3 450 7070 4161
3 4133 7486 1117
3 6687 4087 7246
3 6486 2015 6485
3 9794 8742 4841
3 8652 4217 8651
3 7825 8652 2479
3 7926 4137 6518
3 1352 7600 6764
3 3117 6362 5551
3 7141 9690 7140
3 811 3538 7623
3 7812 3595 6250
3 8595 401 6703
3 9890 9415 3642
3 5569 1756 3105
3 6013 2880 1078
3 9278 7760 4082
3 9873 2743 4452
3 7080 6716 1794
3 3321 9090 1794
3 9231 7081 2765
3 7650 4445 34
3 9830 5857 679
3 743 3179 7440
3 6292 8308 3122
3 5860 4444 2148
3 8830 6471 1283
3 9770 2913 8211
3 9560 6628 9559
3 2828 9560 9559
3 8199 4138 8139
3 4138 2188 8139
3 463 7087 464
3 8075 2207 4141
3 7088 2071 5129
3 8536 1882 3100
3 8172 4251 2563
3 7325 798 4576
3 7235 3399 1250
3 9386 2736 7515
3 9545 864 5547
3 864 9545 3281
3 8110 3003 3870
3 2427 6938 6919
3 2354 6852 7558
3 5177 9560 2828
3 2695 5259 8462
3 2012 6777 9611
3 2710 9647 5620
3 1132 7574 3695
3 7712 2378 6176
3 7153 4507 7096
3 9042 9383 1890
3 6649 2884 4094
3 9350 1748 5406
3 2916 3878 8303
3 148 149 5172
3 2216 7470 8478
3 9498 6148 2720
3 8063 6877 3249
3 2601 9129 9128
3 6569 758 9129
3 5060 8560 4322
3 7238 4511 550
3 5696 1960 6889
3 6235 2192 7999
3 8013 3455 2040
3 3382 7104 7022
3 8767 9183 4371
3 2139 4492 6812
3 9663 94 95
3 8391 96 97
3 6976 1739 3062
3 8637 5666 82
3 2590 8129 8371
3 2135 7109 6504
3 6130 5923 1924
3 7110 3042 2135
3 275 6138 274
3 6795 2166 5894
3 2908 1740 5455
3 292 293 9233
3 7679 1159 4594
3 7735 4545 1341
3 3385 3786 1777
3 4675 9251 1339
3 3100 7114 8536
3 4149 1956 5372
3 5462 6595 556
3 6503 2225 7694
3 9564 2898 4706
3 6491 3871 1110
3 5796 4604 1555
3 8959 1642 5556
3 2917 9246 4717
3 922 6882 3711
3 6559 2136 4438
3 5772 4495 1779
3 5954 654 5358
3 8502 654 3991
3 3967 6437 1811
3 7728 3934 734
3 3427 4678 1964
3 5316 1389 4157
3 6464 1780 3394
3 9002 5729 2416
3 3646 2308 7115
3 5380 219 220
3 4434 8361 2409
3 2209 7125 7493
3 5467 3739 2048
3 7126 364 365
3 488 3296 6914
3 7127 5213 1732
3 6591 3534 1988
3 9802 6290 2184
3 7977 9645 791
3 7709 3554 637
3 9522 6308 2560
3 2966 6704 1141
3 1062 5502 7555
3 7696 2493 5267
3 1357 9107 5766
3 1182 6814 5625
3 3427 921 3013
3 1070 9302 7428
3 2351 3609 5929
3 3533 2482 8636
3 4017 8743 720
3 8743 2551 8741
3 8609 4800 1784
3 6964 6963 2731
3 9850 2999 7784
3 4432 1447 2817
3 8008 5285 610
3 8815 8816 2501
3 8533 7266 2142
3 4148 6450 2809
3 7283 2173 6052
3 3860 8540 9106
3 7686 3810 7685
3 7549 621 6210
3 3464 783 9656
3 5057 3382 1649
3 4472 3400 1522
3 9303 1092 5960
3 8268 4230 8156
3 5426 1727 4230
3 8262 3003 7411
3 9298 7323 3870
3 3616 9030 6105
3 194 8434 193
3 3821 1176 7147
3 8325 3821 7147
3 7424 3000 6158
3 4697 9744 8622
3 5488 6556 2314
3 8112 3268 7593
3 5669 7443 2799
3 7980 477 5712
3 6649 4094 6108
3 6476 3791 589
3 7710 1888 3193
3 3116 7804 7798
3 4022 987 7956
3 3082 8985 8984
3 8466 6412 1602
3 2563 5187 8172
3 2415 4929 7059
3 7630 2230 4255
3 2013 9577 4922
3 5459 1548 4529
3 4927 4768 2147
3 9720 1417 4186
3 2640 9392 9393
3 9551 796 8773
3 8369 5308 585
3 1981 9929 4828
3 7189 7190 3685
3 929 6681 4073
3 8536 1781 4718
3 7810 7002 2940
3 4815 9587 1266
3 8508 5986 1245
3 260 6835 259
3 3050 605 5782
3 8964 3551 8147
3 404 8403 405
3 847 8541 5643
3 2494 4500 3450
3 3179 1599 4969
3 1215 7096 4969
3 1793 4681 3253
3 3659 2073 6444
3 1813 5693 3975
3 1635 2893 4947
3 9290 7169 486
3 7164 6540 2579
3 393 9773 394
3 2926 9174 9173
3 8668 7281 761
3 5998 4226 680
3 9145 3904 1896
3 875 5664 3343
3 5191 3101 1756
3 2197 6645 9127
3 9146 5728 2078
3 1642 5935 4672
3 7514 5719 1082
3 2535 5935 9640
3 509 9408 510
3 5505 504 4079
3 507 3978 7875
3 5838 2085 6461
3 3925 7178 2133
3 8235 1543 7279
3 343 8380 5389
3 8088 3409 7272
3 246 7180 245
3 5805 3789 1313
3 4154 2452 9280
3 5088 1324 3817
3 3911 627 7934
3 4166 8743 8741
3 2837 5371 9247
3 8260 9472 3957
3 3727 1669 6880
3 3378 1361 6837
3 817 4759 3100
3 8378 588 6401
3 8616 1634 5727
3 9362 894 5771
3 1372 5546 4101
3 4009 7576 1711
3 6848 7256 928
3 5829 797 4233
3 4672 5175 1642
3 9451 7189 594
3 594 3661 4351
3 2931 9451 4779
3 7058 7563 1850
3 3536 1217 7190
3 8003 4664 1238
3 3144 5600 1701
3 9043 5685 611
3 611 5685 2918
3 8659 699 4179
3 8444 1003 6766
3 2911 7242 6075
3 2397 4548 6157
3 9115 8012 1247
3 7197 7196 3858
3 6397 4193 3417
3 6464 1257 3241
3 7157 16 4768
3 7083 4927 992
3 4276 7199 1097
3 9351 2657 4651
3 4881 1574 2853
3 566 9419 4939
3 3583 2642 7653
3 504 505 9058
3 9460 8050 4524
3 8478 6526 2216
3 8535 1280 3690
3 8040 5481 1138
3 3557 2374 7609
3 3215 3214 1332
3 1774 5534 4796
3 4919 5754 1799
3 2848 7803 8313
3 1074 6015 6011
3 9084 3966 1327
3 7533 2976 6786
3 1241 9244 4665
3 9244 9248 9246
3 8043 7612 1923
3 5024 1740 9404
3 5340 1603 2645
3 9319 1049 4656
3 5640 4466 2470
3 7085 7425 977
3 7669 2624 7268
3 5920 883 9886
3 280 8828 279
3 6710 3702 1067
3 8370 3888 6299
3 4672 638 5175
3 9049 6004 1075
3 6317 670 5414
3 3789 7216 1313
3 3788 7180 8568
3 7022 7983 1649
3 6868 6829 1505
3 8471 4640 968
3 2328 7388 3312
3 5042 1476 3893
3 3809 7776 983
3 1477 8651 4217
3 3242 6132 9400
3 7740 5031 3137
3 1877 6988 6169
3 8368 2115 6670
3 6277 4229 2115
3 4945 7449 2400
3 9006 6598 655
3 599 9807 4553
3 2486 7517 7280
3 8780 1114 4071
3 8997 4628 733
3 9081 471 3688
3 559 3942 5762
3 6943 3454 1293
3 8512 2693 4551
3 7471 6281 776
3 2955 9081 9553
3 6144 2069 5498
3 9877 3182 7382
3 7230 5597 8479
3 4253 8888 2527
3 8420 6411 3093
3 8985 6226 1681
3 4098 8267 8090
3 3085 8601 918
3 3901 8296 5386
3 5735 6230 866
3 2930 848 5953
3 7234 1852 5730
3 6748 663 5610
3 4742 1066 2736
3 8360 7278 1335
3 5411 4772 2890
3 3414 964 7571
3 4230 1727 8156
3 4322 8560 548
3 6424 546 5801
3 6019 4361 1429
3 2137 9394 6738
3 1456 4665 2917
3 9394 3628 6738
3 6491 2909 8399
3 5956 2888 4430
3 8396 7542 7155
3 7537 8396 2285
3 9602 9635 4488
3 5560 3040 1092
3 5911 944 5671
3 3392 5673 8374
3 1758 4752 8251
3 2267 3526 7112
3 7628 4836 1570
3 8480 665 7354
3 2864 7085 7247
3 4127 2458 4059
3 2240 8596 7588
3 7588 3884 7248
3 7588 7248 618
3 3856 7248 2170
3 7702 7326 2375
3 3373 6435 7250
3 9471 1933 3495
3 1353 5853 8028
3 6319 1959 8530
3 311 2923 310
3 6486 5662 3177
3 6486 6487 2015
3 8686 4240 5453
3 1947 6415 6658
3 8526 4785 1562
3 353 354 5435
3 2796 7897 6847
3 2881 8086 9561
3 926 7616 4490
3 8796 8226 2156
3 5929 3609 2582
3 9713 4194 4165
3 8908 8010 3005
3 1208 5378 3404
3 1208 3405 7402
3 4658 6103 1057
3 9484 8960 2152
3 9391 9393 5364
3 4666 7124 2951
3 9740 6805 1396
3 9171 8667 230
3 9392 4627 1495
3 2273 7380 4933
3 6730 971 3841
3 3633 1741 6508
3 7402 2228 7401
3 295 3894 294
3 9811 1010 7110
3 6241 4149 926
3 6121 4683 1654
3 4823 7640 1567
3 1695 9927 4088
3 1242 7269 5227
3 9469 6248 1497
3 8993 6747 1373
3 9363 7270 2630
3 9210 3379 1024
3 6359 4229 1785
3 6857 8273 1265
3 8088 9204 3409
3 4993 1768 3147
3 6533 452 5252
3 9655 1094 4789
3 5089 2125 7274
3 4868 4019 829
3 5022 1684 3191
3 4243 3383 1569
3 1148 6525 4328
3 2450 7893 8481
3 9510 5431 2661
3 2930 5953 5820
3 4688 1387 2983
3 7178 3923 6361
3 5186 6842 578
3 7224 2912 5647
3 7518 2165 6827
3 7550 9935 6106
3 6845 9542 2914
3 8131 7716 3312
3 8381 7123 7395
3 2896 9715 5468
3 8698 2492 5585
3 9707 4914 1608
3 5709 5400 591
3 5827 5074 1745
3 4925 7835 9272
3 8568 9553 1313
3 9553 9081 3688
3 5718 8213 1418
3 7530 6040 1752
3 9386 7515 3279
3 8486 4059 8258
3 7237 3479 5232
3 3003 9298 3870
3 7290 2474 4669
3 6483 3984 953
3 5677 3697 2254
3 6625 9204 1137
3 7240 3629 2138
3 9074 9075 3065
3 6533 2068 2974
3 9319 9320 4370
3 6967 2757 8312
3 2790 5338 6046
3 9878 5844 9247
3 4159 8757 3270
3 908 6962 6257
3 6793 7549 2958
3 8509 2035 5880
3 7596 830 4882
3 4680 3231 1614
3 3320 9937 5797
3 5113 3215 1332
3 4857 9712 732
3 2139 5479 9523
3 6369 518 517
3 4467 8626 518
3 4695 9225 4345
3 1936 5951 9564
3 2898 6738 9104
3 9678 2344 4459
3 3076 6955 8973
3 2832 9579 6746
3 3400 5190 8102
3 2964 8229 6408
3 5171 2229 9375
3 6877 398 4693
3 7164 2545 6540
3 9128 5126 1685
3 5533 1015 5522
3 2701 9274 8917
3 8321 5013 2096
3 4321 9543 7309
3 7105 4959 2121
3 9458 7310 412
3 7270 9363 3490
3 5497 2317 9901
3 4754 8308 8914
3 5477 3758 847
3 8072 2825 5571
3 5984 4461 1674
3 8620 2311 7368
3 5618 2437 5617
3 3844 1842 6946
3 7670 5273 2735
3 6641 5676 4800
3 4916 1608 3289
3 6397 3417 5821
3 8371 3563 1207
3 6219 2816 3390
3 7649 6902 6592
3 7367 3662 1283
3 6289 1484 4205
3 6698 8202 2836
3 5827 3284 1243
3 7537 4936 1070
3 9956 4555 8152
3 448 6473 447
3 1194 8330 7520
3 8803 3031 5426
3 3481 7512 7511
3 2974 7289 4103
3 580 8573 5405
3 6742 2026 5117
3 6583 7284 947
3 9715 4441 1542
3 8600 1547 7589
3 9842 4330 2924
3 533 5291 5290
3 547 6424 4322
3 7570 8420 2834
3 628 5672 3392
3 5971 2595 4112
3 8550 3350 6196
3 4825 808 4391
3 1088 5708 4302
3 5971 4112 567
3 983 7776 8145
3 2511 8847 6633
3 3118 7066 4393
3 9519 4791 802
3 1080 6729 4219
3 8406 6854 2668
3 7085 1581 7008
3 9734 5 4715
3 7113 4329 1899
3 3931 8538 8537
3 7788 4536 1019
3 8888 6295 8887
3 7914 5029 4900
3 7524 2235 7523
3 6034 6032 1922
3 3107 5167 1698
3 6235 4006 1282
3 2473 5201 7747
3 4567 6014 2492
3 4476 631 2994
3 9015 6842 4966
3 9548 3987 4476
3 1458 5446 3746
3 2213 4045 7294
3 6536 3535 5143
3 7958 7891 7344
3 4313 3028 1123
3 879 4731 6375
3 1601 5416 3620
3 2789 4038 1090
3 9785 4072 2905
3 2034 4274 5808
3 604 7313 4633
3 2208 7926 6518
3 3877 3544 2038
3 8296 5023 962
3 8077 854 4707
3 2788 9631 9488
3 7350 6311 1169
3 4221 7351 2520
3 2169 7349 4707
3 6086 1881 5994
3 5452 60 61
3 5206 1524 4601
3 7353 2181 4812
3 5229 2698 6497
3 6227 3782 1943
3 3107 5168 6293
3 4336 8206 1842
3 5705 4130 796
3 8988 1755 3387
3 8159 4762 2602
3 8158 2602 4762
3 7044 3218 7042
3 5427 9631 2788
3 7359 4390 2221
3 6092 4734 3745
3 8076 2219 5169
3 5886 4961 1059
3 6378 6377 2781
3 7361 9184 1736
3 9593 5678 1332
3 7963 1203 3271
3 5604 2315 4763
3 7364 4190 7363
3 4209 2734 4208
3 3687 9497 5678
3 9185 5588 3646
3 221 3724 220
3 8693 7472 900
3 1300 3380 5909
3 8429 1283 6471
3 4264 869 4263
3 3075 9870 7396
3 604 9731 3088
3 9189 3402 6252
3 4266 5097 8375
3 3949 4630 1829
3 7753 969 3980
3 9147 7371 2227
3 7504 3664 236
3 5740 8241 873
3 3307 3217 2117
3 1480 4344 3875
3 7452 527 5834
3 7616 2101 4632
3 4233 9198 5829
3 8388 266 267
3 9001 3478 706
3 4530 2994 631
3 9639 9089 2570
3 7027 3072 3214
3 8521 9299 3687
3 6282 3600 1267
3 5256 997 4268
3 393 9866 9773
3 8590 5101 7792
3 4932 7532 971
3 6586 8442 2571
3 4911 8795 6167
3 7258 6456 1172
3 815 6952 3153
3 5428 4379 1048
3 6181 3769 9141
3 964 7512 5542
3 3337 8029 774
3 2007 7433 3515
3 2586 8907 4412
3 842 5877 4854
3 3786 3605 648
3 2091 4675 3953
3 5950 1224 3238
3 3790 8032 1419
3 6962 2075 2895
3 1436 8137 4295
3 9829 5559 2820
3 6022 1864 2996
3 2249 8153 3485
3 6403 385 6291
3 7881 6803 1132
3 8061 633 5417
3 9448 4765 1490
3 2538 8334 8687
3 2562 6364 8975
3 3746 9867 1911
3 8370 9687 3888
3 7394 5025 2541
3 7284 2173 5316
3 990 7883 6141
3 7297 622 3103
3 2797 5766 5797
3 9356 7679 2283
3 9356 9272 7679
3 2214 3400 4472
3 2831 8358 4001
3 3494 902 6384
3 2703 5899 9571
3 1761 9088 3645
3 2572 4437 8577
3 706 3478 7260
3 8010 8908 2483
3 2351 5929 4753
3 4753 4494 1782
3 6683 7403 3405
3 2483 8012 3666
3 536 5208 535
3 7104 9586 2748
3 7405 3453 2189
3 6383 3494 1931
3 7406 4139 2188
3 6611 3513 436
3 3877 899 6206
3 4237 7662 2038
3 1915 6321 4815
3 9017 6167 2865
3 4519 2753 9568
3 889 4410 4048
3 2738 9825 5494
3 4933 7380 1789
3 8269 2644 8408
3 6554 9361 2572
3 3350 1161 6196
3 9421 9422 2711
3 1210 3471 8606
3 5842 4845 2861
3 8818 6479 1076
3 3608 595 7010
3 8458 474 475
3 52 7608 7415
3 8892 6160 1249
3 7842 6160 1900
3 8039 669 7777
3 9517 8144 4832
3 5337 3367 1719
3 5026 3805 567
3 3183 5424 3433
3 7780 2435 6317
3 4150 6751 7733
3 7420 2525 3688
3 7781 3573 2457
3 5399 9706 1715
3 2927 1366 8025
3 5115 9547 9114
3 7825 2479 4840
3 7423 207 3792
3 3000 7424 7785
3 4698 9276 985
3 8444 4127 9688
3 8546 9688 4127
3 3265 1591 5182
3 1849 6575 6031
3 8735 2274 5637
3 5586 932 4069
3 9091 4255 2896
3 957 6965 2871
3 2855 9478 6513
3 6577 3576 576
3 5447 5799 642
3 9024 7430 1534
3 2523 8026 4191
3 8385 6131 3111
3 3291 5817 7432
3 9690 956 3933
3 5208 536 8858
3 5240 1760 6165
3 9782 4730 9435
3 9374 1892 5652
3 5520 984 4425
3 6545 868 5307
3 647 5402 9164
3 5226 7967 2868
3 8709 2746 5758
3 9164 2585 9163
3 423 7614 424
3 421 420 7438
3 1858 6646 5014
3 7439 4822 2770
3 4967 3179 743
3 1989 9054 6492
3 8419 3719 6975
3 7503 6051 1874
3 5311 1910 4366
3 6967 7565 651
3 8283 2465 6259
3 8553 8401 2450
3 4836 2764 6785
3 7918 1368 6245
3 1928 5225 3796
3 7836 3698 2295
3 9105 5352 5628
3 7247 2357 2864
3 2072 4901 4241
3 7305 1322 3951
3 7607 6197 1407
3 4820 668 6526
3 1064 7933 5885
3 1478 7029 4550
3 5946 2436 5945
3 4462 6549 7347
3 9230 7445 2319
3 6388 1178 3900
3 4583 7452 2200
3 7451 5005 5939
3 8957 3804 5390
3 6438 875 4204
3 2039 4078 6865
3 7454 5589 2694
3 7455 6835 260
3 3132 8528 9196
3 6085 1130 6152
3 1692 7325 4576
3 4023 8897 8779
3 7770 6179 308
3 9040 3801 7459
3 4460 3622 1477
3 2568 7821 4342
3 4342 4876 9589
3 7831 5351 1647
3 8153 51 7415
3 1362 7459 3801
3 4342 9589 202
3 7888 1147 7014
3 3099 4480 7335
3 9053 8070 2851
3 7573 2458 6766
3 8104 4533 2380
3 4022 9045 8104
3 9181 5515 1743
3 6894 1839 4863
3 5441 5458 2504
3 2064 5359 3157
3 4956 2443 5070
3 8341 2938 507
3 9706 2709 9661
3 8531 5272 1600
3 6823 2286 4244
3 2831 8357 9578
3 9054 919 4968
3 6183 7398 2214
3 7420 471 470
3 1499 9022 7638
3 9471 1511 3545
3 6303 3495 900
3 3877 8994 1515
3 6407 3512 5475
3 3119 685 8609
3 8479 5597 1763
3 5328 2284 6118
3 8289 3240 5658
3 3803 5390 1311
3 1140 5910 3056
3 1051 9402 4823
3 9868 9046 2827
3 9498 6146 1873
3 5280 4610 408
3 557 6595 5876
3 7479 3920 2227
3 6071 3950 1322
3 2229 9189 5256
3 4506 1040 9603
3 407 9691 5280
3 3962 8042 7328
3 6090 3637 1434
3 4539 8686 1435
3 7021 2897 6374
3 3669 1825 4735
3 9391 9804 2640
3 1983 6006 6005
3 7656 4353 1551
3 1809 6687 3782
3 6006 1060 6227
3 9206 7631 722
3 725 9765 8711
3 4295 8137 7488
3 8873 9722 4294
3 4403 9726 2310
3 5381 1945 3446
3 9454 7490 1309
3 6307 9548 4476
3 2810 9369 5268
3 8359 8024 2454
3 5377 3880 644
3 9440 2783 4381
3 1198 7044 6134
3 9191 6513 7369
3 7194 4411 663
3 1064 4466 8658
3 8503 5160 789
3 7680 4270 647
3 7937 4074 1350
3 8287 7670 2735
3 9150 916 5184
3 8354 6547 2088
3 3430 7654 5630
3 7637 2244 3912
3 757 4183 8941
3 5366 1426 9543
3 2530 5127 7500
3 8047 6112 2796
3 7464 6563 3330
3 587 4690 2889
3 9532 1902 4638
3 4190 9282 3041
3 7628 4814 2155
3 8989 3719 799
3 237 7504 236
3 2876 9124 9110
3 4699 2657 9351
3 7917 7860 4160
3 4453 7006 2153
3 6941 456 3547
3 4304 8810 1703
3 9792 3100 4759
3 3602 5206 9576
3 6740 2100 4527
3 7268 2624 6588
3 9410 5073 606
3 5272 729 3779
3 4052 5384 1420
3 9629 4407 6363
3 5543 445 446
3 5731 1776 5261
3 9725 9468 590
3 8268 7583 4230
3 5261 4555 1774
3 3568 1037 8004
3 2340 7657 7160
3 8912 4412 7187
3 728 8705 5108
3 5093 1640 9260
3 2989 9140 5510
3 7280 7517 2912
3 1164 7171 3158
3 2065 6539 6537
3 8094 599 6709
3 3929 6223 873
3 9452 1532 4728
3 7859 5534 697
3 4655 455 6941
3 1643 4929 7834
3 898 4294 7521
3 705 8211 8011
3 8746 7561 3718
3 4294 2415 7521
3 1257 6464 3394
3 7195 7196 2164
3 2483 8908 8012
3 4642 1950 4643
3 4472 1522 9068
3 2033 8576 6510
3 9830 6262 2844
3 3067 7886 7845
3 5579 616 8744
3 6663 2005 4043
3 8049 3384 6890
3 7071 5454 4033
3 9820 6004 1983
3 2727 6231 5910
3 76 5150 75
3 2498 5908 4288
3 4480 3099 9215
3 2837 9247 5844
3 5135 8201 2438
3 5785 2841 5200
3 2561 8979 3840
3 2407 4740 5644
3 5535 5644 2053
3 8855 9951 2752
3 2886 9806 4084
3 7771 7076 3505
3 4457 1297 8332
3 7154 7133 641
3 9707 1608 4915
3 5798 1603 4648
3 9502 6321 1195
3 7853 5569 678
3 5395 4831 844
3 4816 9425 9424
3 6466 628 5009
3 2994 6201 9331
3 2452 5088 5675
3 6853 2393 8006
3 5187 957 2871
3 3999 104 6757
3 8391 8390 3018
3 5274 8058 7032
3 4274 2034 3678
3 4411 2242 8302
3 6748 5087 2767
3 7211 7545 1918
3 5611 7093 6584
3 5110 6465 1655
3 1349 4067 7982
3 8961 468 467
3 8961 7733 468
3 6580 3926 1068
3 7659 2250 5932
3 2486 5584 7517
3 9807 3767 6106
3 9418 675 6057
3 4358 8044 2378
3 7648 7552 2293
3 2283 7782 4765
3 4094 770 2965
3 5631 2102 3656
3 5486 650 9261
3 2887 1733 5135
3 9373 5890 2365
3 5565 6758 2537
3 7184 708 9317
3 9179 5288 2648
3 6790 8094 2119
3 9777 8124 1990
3 6359 5087 1024
3 5611 865 7093
3 2414 4850 6639
3 6666 6667 2669
3 6614 1940 6421
3 9931 4219 8733
3 9818 7523 957
3 957 5187 9818
3 2347 8000 6284
3 3232 6182 4639
3 6719 5269 727
3 2213 7294 4469
3 8133 3203 2370
3 7412 3812 4825
3 1238 8205 7708
3 9862 1400 8896
3 7743 6494 2978
3 254 6290 253
3 3404 5979 1208
3 5979 3405 1208
3 7488 6543 573
3 7568 9477 9476
3 2461 8193 4818
3 3267 5336 703
3 905 7570 4435
3 7525 3956 2241
3 6474 3769 964
3 3441 1835 4235
3 5262 3043 702
3 3173 5660 1467
3 3282 4840 9653
3 6670 2115 4187
3 5859 7291 3925
3 8379 5015 1137
3 9461 7596 2656
3 154 4134 8798
3 1837 6800 4769
3 6804 6679 3866
3 2512 5980 5236
3 3437 1881 6086
3 7578 2291 5855
3 9122 4947 975
3 6793 2958 6319
3 2426 6770 8191
3 3535 8303 5143
3 2862 6558 6536
3 4305 167 168
3 168 169 7581
3 674 6510 5975
3 9634 9636 2687
3 769 8156 7144
3 2760 8284 9946
3 4106 2019 6484
3 8313 8971 2848
3 3029 2146 7585
3 6309 5744 3235
3 44 45 6562
3 7997 5536 2626
3 4365 9237 6441
3 7586 2394 6562
3 4277 7588 618
3 5707 1860 4659
3 4497 737 3885
3 6282 4330 3600
3 9082 4497 3885
3 7588 8596 3884
3 4565 3973 865
3 7591 5787 1935
3 4466 5788 2470
3 9006 2204 4211
3 2670 4337 9537
3 5265 2903 4523
3 3358 6032 6034
3 6543 2074 9526
3 223 4697 222
3 7262 4471 6879
3 7880 3121 6460
3 4524 2656 9460
3 8226 1131 6812
3 1126 5423 5292
3 7228 4234 2131
3 6094 6278 1689
3 9202 1231 9019
3 5959 1648 3155
3 2424 3337 8031
3 1298 6986 3459
3 7443 5163 785
3 53 54 474
3 535 534 7967
3 8762 7674 2342
3 3832 5740 1795
3 3832 1795 7577
3 5893 639 3548
3 6258 8395 2979
3 29 8470 28
3 6950 2095 4786
3 5580 4747 2556
3 2217 3845 2971
3 5580 7606 834
3 8564 4388 1386
3 7415 7608 2945
3 53 474 7608
3 4428 1970 4178
3 7299 5751 1901
3 7610 6139 2374
3 7489 694 6903
3 4880 973 7682
3 6169 5895 864
3 2140 9934 8711
3 861 6637 6034
3 8421 4427 7370
3 6253 2229 5940
3 7800 3592 2363
3 4446 2907 2617
3 421 422 9414
3 1157 5721 9432
3 1688 4632 4079
3 6875 9271 3978
3 3827 7497 2090
3 2818 7846 9940
3 4670 8414 1948
3 9922 3625 7719
3 7562 803 5902
3 1979 9584 4762
3 9793 1106 2866
3 467 6382 9941
3 5550 2184 3965
3 8770 4374 6835
3 2866 1106 4114
3 4114 1106 9199
3 7433 6482 1504
3 8166 539 7848
3 2173 8554 5316
3 4036 7283 732
3 9534 8279 2681
3 4416 816 3803
3 4574 1890 4573
3 4470 2297 4992
3 2890 1502 4644
3 4841 4017 1345
3 6970 1400 9862
3 6265 1489 4581
3 4620 6537 4319
3 6709 599 4553
3 9360 2674 9144
3 5379 2230 4339
3 2075 6962 6961
3 4339 1105 2895
3 8699 1020 8078
3 3650 7632 956
3 7296 5962 3860
3 909 9280 5675
3 5847 4754 887
3 5327 6749 1253
3 7634 7635 2278
3 7634 5591 2861
3 5021 4092 1855
3 6972 8580 896
3 6416 6073 1168
3 1855 4995 3106
3 9596 4047 7814
3 3039 5805 7286
3 7792 5101 784
3 8283 784 8118
3 6483 4564 2203
3 9427 835 6588
3 5840 1512 3709
3 3730 6850 1304
3 3343 3186 1493
3 2508 5715 8422
3 7117 4603 1023
3 9521 1180 5658
3 8878 5988 1863
3 9728 4333 1434
3 8427 7645 2805
3 4656 8432 1606
3 8226 5012 1131
3 1246 7176 7257
3 9906 9907 2785
3 602 7505 8812
3 6902 7649 2293
3 840 5054 8835
3 718 7035 9633
3 8835 2506 6844
3 8895 8896 3580
3 4445 7650 1489
3 707 5134 4934
3 4437 3035 7308
3 3354 6220 1993
3 2240 4498 8596
3 5448 6273 3123
3 9760 2802 8097
3 9636 5009 628
3 4507 9638 1359
3 8048 1569 3845
3 1569 8264 4243
3 8910 4117 6228
3 6199 995 5205
3 1217 3535 6536
3 5457 930 4482
3 584 5888 2948
3 1983 5738 9203
3 7684 3936 621
3 8668 2654 7281
3 9067 4447 7624
3 5088 7749 1324
3 7436 3077 8425
3 5601 2346 4546
3 1291 6994 5082
3 8730 2696 8513
3 978 4412 8912
3 1755 5577 3387
3 1196 3376 7976
3 1557 5570 9548
3 3834 640 5052
3 5052 640 4157
3 3930 7849 9768
3 1533 3341 9153
3 3235 1169 6311
3 7519 4707 854
3 6416 6658 3467
3 2205 7934 7482
3 7974 8318 1141
3 5797 9937 1358
3 5913 7842 1900
3 8690 7843 2330
3 6506 1974 6505
3 9092 7870 4363
3 4747 5580 1772
3 6746 9579 3443
3 6803 3036 7574
3 6516 2935 5677
3 4546 991 8000
3 5291 3127 5957
3 775 6851 6776
3 7767 3453 1294
3 9304 846 5498
3 1568 3383 7315
3 1365 3768 3899
3 7925 5141 1365
3 8700 5754 590
3 9055 7572 1258
3 1602 4193 8834
3 8011 2483 3666
3 4384 4383 1465
3 8903 8902 4382
3 4393 7080 1794
3 849 7681 9238
3 4568 2355 7935
3 2198 5568 5538
3 9090 1561 6021
3 6295 1019 8336
3 3935 7631 9206
3 722 7631 3649
3 7750 4154 1463
3 7659 4154 2250
3 7727 1312 3934
3 9690 7727 2261
3 1521 4458 4247
3 7687 4244 2286
3 4877 972 3356
3 9261 2542 8853
3 9129 2601 6570
3 9110 8599 3632
3 7650 4580 1489
3 1571 8578 3825
3 8466 1159 3887
3 4505 1258 3532
3 7795 3526 4468
3 7735 1341 3883
3 7126 9615 2835
3 8433 3573 4347
3 821 7707 7371
3 9499 1986 5284
3 7696 9601 4395
3 5051 3482 1747
3 7571 3769 6181
3 1187 4437 8442
3 496 8306 4599
3 7865 5161 782
3 9782 8923 4732
3 7413 5652 1892
3 4586 2431 6936
3 4068 658 7434
3 8428 3817 1324
3 2503 4447 9067
3 2219 5995 4875
3 8240 3648 2250
3 3109 8336 8335
3 8887 6295 1944
3 9104 7116 1259
3 3409 4709 7272
3 7315 4887 1568
3 7670 2097 6964
3 7705 4463 9817
3 4512 466 3516
3 8252 6876 1624
3 9583 4271 6609
3 1409 3761 6933
3 6959 4917 1986
3 7580 8527 3536
3 6622 6379 2213
3 6098 1858 5014
3 1403 6874 3567
3 7075 8122 1604
3 9546 1812 3655
3 4579 4578 2325
3 8055 3229 7001
3 8105 2380 6948
3 9425 8416 4394
3 8245 3545 1511
3 778 7713 3421
3 6921 5152 1668
3 4826 2422 4311
3 730 3921 5574
3 720 8743 4166
3 5468 3013 921
3 2872 4935 6312
3 4821 3098 3623
3 1523 4622 4932
3 5149 2070 3693
3 770 2903 5265
3 1716 5067 2636
3 3625 1713 7719
3 1879 6107 5500
3 5813 1615 4870
3 9121 1618 3066
3 9208 603 8930
3 2944 8930 5875
3 1089 6649 6108
3 1990 6489 2891
3 3633 7928 872
3 1835 7898 3610
3 2068 6363 4407
3 3833 1908 6331
3 8354 6063 1307
3 2987 7268 6588
3 8277 2639 7863
3 734 3847 7701
3 5995 1059 4961
3 5379 4339 2075
3 1316 6772 8799
3 8729 6940 2694
3 851 7227 4234
3 9101 2778 9056
3 3924 6185 9758
3 6649 1089 8246
3 3951 5509 7305
3 9941 2510 8795
3 470 471 7732
3 471 7420 3688
3 3189 7733 8961
3 7037 686 8533
3 3410 7260 2163
3 590 9172 8700
3 1027 5729 9002
3 8613 6161 7884
3 7736 4545 2266
3 840 6561 2892
3 614 7285 6853
3 9284 2730 9037
3 5081 1448 9797
3 6364 4889 323
3 8554 4036 7945
3 2398 4729 8315
3 8802 3150 813
3 5268 907 7159
3 9112 7806 5115
3 4341 8096 8095
3 8954 4494 6093
3 266 4156 265
3 259 6835 4374
3 1035 5438 8772
3 6705 9482 1323
3 5440 7745 3909
3 8692 6673 3912
3 8243 5526 806
3 2011 6788 3431
3 1955 6172 4026
3 4990 607 4808
3 8753 2087 6333
3 7556 5782 3132
3 1312 9109 7660
3 3934 7728 2261
3 7281 1629 3706
3 8240 909 7541
3 5239 4739 442
3 9069 8029 2424
3 8320 9849 2445
3 7800 2363 3974
3 4921 8738 1684
3 2384 8657 8219
3 2963 3773 9853
3 5572 4708 2209
3 5271 5270 1731
3 1573 4992 4427
3 8806 6080 1206
3 716 8805 5202
3 8820 2507 8747
3 3114 1396 4124
3 8772 3166 5492
3 821 3689 3665
3 7191 3536 2129
3 639 3582 3548
3 6810 1929 6013
3 2744 5691 7079
3 9904 3190 438
3 2058 4139 7833
3 7677 4072 2810
3 2810 4072 9369
3 4764 716 9885
3 1538 9540 7763
3 6745 1965 4440
3 9376 1968 7766
3 4921 4920 2013
3 9853 7305 5509
3 8364 3981 7755
3 1089 6108 2944
3 6939 902 4834
3 5082 9571 7473
3 2042 5840 3709
3 6206 899 5899
3 9193 9226 4864
3 4289 4397 6096
3 8191 4021 7579
3 6770 304 305
3 4891 2188 4138
3 811 6165 9227
3 295 296 6263
3 7928 5456 872
3 1165 7773 6098
3 1051 9614 9402
3 8934 2498 4288
3 1655 5111 8751
3 5414 1850 9911
3 3549 608 3146
3 2434 6199 5205
3 8143 1476 4832
3 8550 6196 1721
3 5268 1870 4558
3 5575 5574 2103
3 8547 2527 6027
3 5800 4933 1122
3 4933 1789 2887
3 1088 9736 5708
3 567 6036 3211
3 7492 3328 1578
3 1255 4347 3573
3 7112 3526 1220
3 3662 8830 1283
3 7551 1989 6462
3 9803 6391 1834
3 9839 1197 4661
3 2072 7052 4337
3 5538 214 215
3 6701 1878 6159
3 4827 650 2807
3 2976 4934 7651
3 2524 5556 8876
3 831 3014 2957
3 9794 8867 3501
3 8841 8742 1032
3 7135 1994 5961
3 4090 1993 6458
3 8653 4717 6275
3 6568 2934 4420
3 8140 3020 1228
3 2720 7697 6301
3 3009 9018 9239
3 2031 4700 6655
3 5504 7793 1227
3 9773 1646 5044
3 2887 1789 4934
3 5699 1798 3613
3 4545 8161 1341
3 5382 2391 3816
3 6521 4222 1423
3 6171 4131 1346
3 4700 2031 6836
3 4610 8424 1517
3 7152 8931 2491
3 1911 8491 3746
3 7110 1010 6643
3 6041 6138 2002
3 3593 5663 1351
3 7438 9177 421
3 5448 3171 1759
3 7983 7142 1649
3 8182 8027 3555
3 2363 7802 7801
3 6308 4320 2560
3 2864 6934 7085
3 2044 4801 7756
3 8975 324 325
3 8799 5963 1316
3 8629 3650 2272
3 3433 6840 1174
3 7806 949 3619
3 2419 8389 3543
3 2597 9194 9226
3 5072 1743 8943
3 7808 4151 2388
3 8864 8632 4668
3 5592 9061 2583
3 3124 5982 5915
3 6461 2085 6195
3 9227 3595 811
3 4611 8065 3325
3 8776 7536 2634
3 6555 8062 1292
3 8794 533 6346
3 529 530 6314
3 2693 8511 4793
3 9817 7041 3527
3 1025 8717 7815
3 2557 7953 4784
3 6576 1968 9376
3 7137 2072 4337
3 2304 7721 7722
3 6485 7683 6486
3 5445 1811 4308
3 9582 313 5912
3 2641 5002 7819
3 309 7770 308
3 670 5653 4045
3 6196 1161 3210
3 2037 3280 6287
3 7461 4343 9040
3 8483 1403 5464
3 6149 2035 3783
3 959 3259 4304
3 1679 3168 5243
3 5243 682 4684
3 8426 3260 800
3 2077 7221 5895
3 4460 204 205
3 7674 541 6605
3 2326 6493 4547
3 7562 4192 1941
3 9329 1009 7964
3 9938 2407 5586
3 5540 1790 3945
3 736 9390 4303
3 6365 6742 2440
3 8115 2783 3673
3 9184 2781 5331
3 1084 2800 7390
3 7892 7831 4983
3 9792 1703 7114
3 9641 2025 4649
3 1506 9686 4510
3 6250 7811 2364
3 8174 2367 7879
3 6961 9206 2075
3 5262 702 6999
3 8067 1988 6902
3 7838 2295 7837
3 7837 3698 1426
3 9011 4041 1639
3 1426 3698 7309
3 3875 2120 6635
3 757 7838 4183
3 8208 3136 582
3 5031 7740 6050
3 8112 3267 3268
3 9622 1821 7644
3 8984 4487 748
3 9054 1989 5053
3 7136 2224 7135
3 6062 2292 4197
3 4797 1249 3182
3 6074 3188 6062
3 2531 6529 7534
3 5184 3827 2090
3 6861 4388 2063
3 5947 8385 3111
3 8619 764 4271
3 1076 6479 3509
3 9113 1694 5952
3 9456 5620 671
3 5471 3505 1726
3 8015 6305 2057
3 6012 5799 2421
3 6190 4637 683
3 1539 4755 3122
3 2513 8548 4667
3 1227 7100 9508
3 4984 1647 9216
3 3794 7419 688
3 5314 8550 1721
3 8948 858 3229
3 6267 5114 3011
3 8866 6912 2584
3 6135 7275 1967
3 9790 490 8572
3 1756 5692 3105
3 5491 4517 1685
3 7479 3761 1409
3 1237 6684 7715
3 2306 4074 7937
3 9757 2253 7441
3 3719 3642 799
3 9298 3754 855
3 4796 1193 7205
3 8144 9517 742
3 8322 2277 6809
3 4450 917 4228
3 8696 1110 3871
3 916 9150 3729
3 3755 6338 1397
3 2487 8682 4542
3 3674 7009 6547
3 6452 8270 2248
3 7837 1426 4183
3 7277 1230 7049
3 9096 491 492
3 203 4342 202
3 8406 4977 583
3 5859 7057 2149
3 8171 3108 5389
3 5006 6740 1613
3 9165 9416 2725
3 7516 1448 4364
3 4278 1033 8217
3 8671 1405 7066
3 109 7869 6342
3 462 4164 6387
3 7871 3516 6612
3 3639 9473 6414
3 8503 5655 2628
3 3483 118 6217
3 8842 7873 632
3 8661 1639 7864
3 5511 4120 1791
3 1246 7897 3141
3 9271 7177 3587
3 4422 5248 1111
3 3991 654 5879
3 4612 8522 1512
3 1294 6997 3458
3 147 8532 146
3 9638 6175 1862
3 7954 4682 2638
3 1436 9722 8873
3 2875 9680 9679
3 157 5670 156
3 4426 950 3192
3 7302 4671 1596
3 5921 5365 1271
3 4886 1095 4291
3 6141 4012 1342
3 798 7122 6567
3 6512 7609 6139
3 5333 2554 8638
3 5202 2776 4886
3 333 334 7885
3 5499 129 6542
3 6542 7955 2552
3 5497 5176 2317
3 8593 755 5861
3 2759 9301 3890
3 4155 5111 2191
3 1843 5467 6344
3 7889 2303 7887
3 2566 7530 8271
3 6781 70 71
3 8831 8213 4758
3 7344 5832 65
3 474 8458 7608
3 9698 7170 481
3 397 4693 398
3 3027 7170 9697
3 7327 2332 5902
3 7102 2126 7101
3 2476 6424 5801
3 7985 3992 2126
3 4054 7896 1427
3 6428 1100 6182
3 2940 4750 7810
3 6848 928 6520
3 7898 6473 3610
3 450 7383 5639
3 2281 7723 4034
3 6450 2397 2809
3 414 4561 415
3 1648 7481 3155
3 410 409 9914
3 7481 5964 1205
3 412 7900 6145
3 1353 8028 7752
3 4946 1635 9562
3 6620 4418 646
3 8606 8210 1992
3 2786 4214 1682
3 9727 1077 8507
3 7946 5967 1851
3 7166 4967 743
3 9311 6276 3570
3 8948 3229 8768
3 4042 7920 1379
3 3860 1315 8540
3 3933 2263 9109
3 5151 2159 2851
3 1184 4723 3314
3 9281 5006 9072
3 2440 8409 3857
3 9542 6845 761
3 852 5605 3938
3 8134 7912 3577
3 9764 5142 1834
3 8117 6099 637
3 7439 2770 9822
3 7107 2930 5820
3 2933 5868 7172
3 6070 3402 5171
3 6252 1916 2817
3 9957 3574 9837
3 8356 6746 1091
3 3944 8272 2509
3 9720 2147 5409
3 9858 5246 1621
3 2513 4037 6156
3 5155 2287 4759
3 1078 9357 9872
3 2461 4589 8193
3 5704 1540 3338
3 1269 3919 8345
3 3194 5594 1951
3 5149 3693 1235
3 1949 5911 5672
3 1395 6909 4125
3 1009 9329 6528
3 1938 7880 6460
3 9888 7396 2823
3 8023 5154 1054
3 7888 5661 7435
3 6828 4164 1513
3 8324 8183 903
3 7111 1741 3633
3 4424 9252 6643
3 8533 4894 7037
3 3599 6504 5616
3 2986 8019 4773
3 3560 2618 8611
3 4795 289 290
3 8764 5403 6123
3 7356 4125 6909
3 5578 4570 1029
3 6363 1049 9629
3 9099 7724 3547
3 3078 9827 5522
3 1697 4284 3334
3 2330 7843 3791
3 8654 7840 1279
3 8820 7611 1337
3 582 4569 8208
3 7715 6684 3434
3 7416 6684 1237
3 7939 7937 1350
3 4074 2306 7938
3 3354 6987 2015
3 3182 6954 2107
3 5038 8335 2528
3 3188 7711 6062
3 612 7922 3338
3 8813 4683 2605
3 9505 1102 6393
3 670 5850 5414
3 7190 2129 3536
3 9417 1171 4406
3 5034 2893 1635
3 9261 650 5034
3 9607 2157 6712
3 6514 2158 3850
3 3274 6242 9623
3 7325 2554 5333
3 5810 1077 5223
3 3401 1077 5810
3 9167 4450 1468
3 7905 2023 5967
3 3025 3328 9812
3 2756 7904 6495
3 2247 3480 7511
3 6470 7990 1966
3 5692 1079 3105
3 9873 4174 7919
3 9359 9358 2744
3 2409 7816 4433
3 6868 8883 4608
3 8207 3465 7142
3 8564 6131 3626
3 8939 141 142
3 4275 725 5444
3 2870 4673 9765
3 8412 4388 2558
3 2993 132 133
3 3778 7153 9041
3 6096 4397 1453
3 11 5985 3995
3 5164 838 3244
3 8831 3028 4313
3 7890 5994 2608
3 9000 6749 5327
3 6607 3995 2223
3 4008 645 3872
3 9472 671 9222
3 7961 9114 1367
3 5272 8373 729
3 9113 2595 5971
3 4256 2480 8151
3 9739 7943 4974
3 5781 8843 2519
3 9103 3347 6200
3 5276 9289 1009
3 9744 8543 3724
3 7365 1528 3777
3 2651 4279 9446
3 1714 3032 5397
3 2326 6753 3775
3 4547 1482 8068
3 5776 2358 6406
3 4568 7558 978
3 3003 8111 7411
3 9763 5501 9762
3 8144 2403 8143
3 4874 9906 9905
3 7023 6392 2144
3 5227 2127 7023
3 5601 4270 2346
3 9490 8155 2372
3 4326 9474 3213
3 1534 7430 4592
3 6012 2179 5799
3 2321 8005 8054
3 2975 9232 5629
3 6059 1586 4949
3 4990 3356 1598
3 8981 3842 2561
3 8509 5880 3784
3 1290 5833 8342
3 7065 3416 1580
3 2453 8584 4105
3 9667 3299 8514
3 791 9645 3677
3 1162 8457 6498
3 476 477 7980
3 9436 2990 6737
3 4256 8337 2271
3 5687 1872 8882
3 1545 9782 9435
3 2750 5769 5545
3 9947 2750 4522
3 7566 2351 5422
3 4156 9840 265
3 7895 7894 2299
3 7856 1986 5491
3 6563 3333 1219
3 8563 1098 6798
3 1660 9708 4652
3 4124 795 3114
3 1393 3057 7730
3 3484 8643 3916
3 6814 2937 5625
3 8423 6298 2301
3 9320 1464 4370
3 3517 6677 819
3 21 5811 20
3 26 3726 25
3 2948 5888 9926
3 8777 7917 4160
3 5229 1675 8196
3 7993 4188 1008
3 886 7809 6639
3 883 8017 5413
3 1713 7846 6530
3 6423 2090 3826
3 4733 3840 1632
3 5844 9879 741
3 5536 832 9108
3 2626 5536 9339
3 8283 7639 2465
3 9696 7169 2718
3 8455 7872 1282
3 5522 1015 4879
3 9786 9035 1728
3 4639 1318 3232
3 8649 8249 1485
3 4540 2893 1486
3 7294 5653 1550
3 1037 8435 5310
3 2340 3914 7657
3 3569 5317 6140
3 8303 3878 5143
3 3508 7658 2340
3 6391 9803 4180
3 9855 4246 4247
3 9893 1243 9819
3 7884 721 4012
3 6285 287 4687
3 9777 2567 8124
3 5511 3744 2500
3 6901 3948 2010
3 8646 6240 3682
3 3682 7119 8646
3 8211 9201 2464
3 5493 4027 3684
3 2484 8314 5821
3 598 7594 6157
3 7649 4505 7648
3 7316 7317 3683
3 1511 3495 6303
3 1932 7086 6385
3 8231 1691 4833
3 8006 7395 4011
3 7399 6305 3462
3 4078 5193 1934
3 5489 1280 3691
3 8016 6100 2749
3 7314 5065 1129
3 1734 6726 4902
3 9886 883 4400
3 8021 3833 7618
3 7267 7823 3168
3 4323 8611 8612
3 6929 890 3447
3 8037 4029 2533
3 2534 8018 8017
3 3827 7009 9518
3 7715 3434 2195
3 905 8420 7570
3 596 6737 3899
3 5460 3928 2024
3 9436 4730 1099
3 9472 9222 2599
3 9315 9083 5176
3 3857 7510 1420
3 2014 3272 6163
3 6131 8564 1386
3 3583 9760 8097
3 3537 7251 7752
3 1933 5045 6386
3 7901 3273 7902
3 5582 537 538
3 3456 1298 7094
3 1351 2907 3593
3 1507 4596 9760
3 7641 3243 6777
3 7623 3538 5966
3 5426 1380 8803
3 6554 2572 3892
3 5123 3824 1891
3 4189 3739 1816
3 2536 8437 8127
3 3539 9662 4287
3 2711 9422 5697
3 5374 1709 3032
3 1417 9720 5409
3 992 4927 5217
3 9442 1562 5972
3 918 6553 3671
3 4609 9527 8038
3 780 4607 3273
3 2791 3433 9625
3 9459 2435 5033
3 346 8452 345
3 6659 340 5483
3 1443 8370 9569
3 9212 4600 1846
3 3229 7718 7001
3 5336 7447 703
3 5303 4424 1010
3 284 7209 283
3 5231 4533 1284
3 9041 7153 3082
3 4045 5850 670
3 5996 3873 2370
3 5054 8834 2506
3 5238 1081 2872
3 7374 4906 5915
3 7499 5292 2530
3 8048 3845 2217
3 2382 8479 5428
3 3150 5465 7821
3 4848 1005 8317
3 9316 1696 4195
3 3061 6799 9590
3 8798 4134 6688
3 8051 150 4459
3 3063 6278 7228
3 7286 2525 4150
3 4785 355 356
3 5972 1562 3413
3 7017 2900 1091
3 6351 9138 9137
3 5944 7784 3268
3 7447 4337 7052
3 9127 1214 7855
3 8276 7088 1627
3 7854 5569 7853
3 498 497 9650
3 7032 8058 2086
3 6955 1496 5073
3 3168 1679 5244
3 2714 4042 8384
3 6713 1692 5052
3 8211 2913 8011
3 6447 9869 1206
3 3071 6243 1596
3 3513 437 436
3 438 3190 439
3 5101 1651 3551
3 5978 397 396
3 6204 2220 3291
3 6581 5400 3926
3 6122 429 3545
3 5192 7086 1932
3 7318 3654 5750
3 4194 3048 751
3 5476 8451 2582
3 9179 3828 7128
3 2941 8000 6889
3 704 4547 8069
3 7030 6753 2326
3 1941 6428 6082
3 8392 9255 1398
3 2159 8691 4756
3 8072 9550 2825
3 8787 3759 8786
3 9814 4928 2737
3 2894 8071 7165
3 5347 8467 1572
3 2496 8802 8808
3 5443 9486 2991
3 5643 2737 5194
3 7019 461 460
3 7471 3425 6281
3 7911 4961 2882
3 9384 2221 5886
3 6724 9847 3138
3 7958 7287 3029
3 323 4889 322
3 3578 5585 8665
3 6231 1906 5910
3 2259 5386 7372
3 9649 4939 2357
3 6946 3094 5066
3 410 3315 409
3 8792 8244 2652
3 3707 6229 974
3 9903 4037 9828
3 6125 4871 2108
3 7199 6124 1097
3 1765 4938 4299
3 7208 6380 1456
3 6449 6920 2009
3 2035 9236 6018
3 2796 6847 8047
3 6112 8047 2699
3 4691 1187 3034
3 9241 9240 6693
3 3065 7057 5859
3 7272 4709 3065
3 1339 3752 7050
3 7982 7981 4066
3 8826 1265 7069
3 3025 7255 9442
3 7495 5655 2010
3 1673 3310 5159
3 4566 6756 2600
3 596 7345 6755
3 7981 726 4066
3 2904 9436 6737
3 4172 6709 6710
3 5403 6539 2065
3 4374 9397 6509
3 8446 7381 3174
3 6333 254 255
3 2919 8508 6076
3 3154 7201 2413
3 1351 3592 7800
3 6159 5547 864
3 4780 1609 9142
3 7640 5747 6222
3 1695 7202 2833
3 2199 5648 4097
3 2599 9222 5841
3 6107 1158 8229
3 1879 9208 2944
3 8102 5190 1828
3 9924 4136 7575
3 8640 1375 8611
3 9194 6390 4803
3 6175 5845 1862
3 4397 8879 1453
3 2380 4533 8103
3 8879 9047 1453
3 4510 2040 8106
3 514 8594 5057
3 5508 804 4528
3 3015 5390 8107
3 9649 6406 1111
3 6638 9913 1286
3 8845 2949 7538
3 6321 9502 4815
3 7323 2210 7322
3 9172 4752 1758
3 3414 7571 7520
3 855 7323 9298
3 1158 3773 9852
3 7915 1446 4268
3 4266 8375 9478
3 5635 3371 643
3 2859 9731 8965
3 2180 6101 9077
3 8115 4443 6736
3 6808 2888 1110
3 3679 5464 4349
3 5766 2797 7298
3 3126 7773 1165
3 792 4680 9496
3 7481 7478 3155
3 3499 4693 5978
3 804 3191 5603
3 6358 3335 1817
3 2950 9007 6240
3 6917 4265 2137
3 6774 6574 2172
3 4447 947 7624
3 8491 1911 3745
3 8016 6447 1206
3 7161 6514 3850
3 9408 3141 6151
3 8007 9928 2801
3 6211 5174 2066
3 5051 7969 7695
3 1116 7969 5051
3 8863 8334 2538
3 6960 5890 1776
3 9662 3539 779
3 6109 3154 502
3 2353 9317 4044
3 3474 6795 5894
3 1924 9001 5925
3 9252 3042 6643
3 7513 3480 2247
3 9245 7506 2371
3 3562 6320 908
3 6085 6152 2973
3 9294 1454 7712
3 8294 4414 744
3 1981 3707 3353
3 3805 8347 1694
3 6057 8141 2665
3 3180 6061 850
3 8816 610 4473
3 2847 5122 4862
3 6390 2387 4803
3 9882 4464 1120
3 9401 7594 6033
3 1289 6604 7456
3 942 4853 8158
3 6797 3301 1188
3 5471 1726 4721
3 901 6870 8333
3 9020 9866 9510
3 3027 9697 8681
3 6614 3821 1940
3 8737 2112 6055
3 4694 4245 844
3 8226 4492 2156
3 8812 6245 3943
3 6824 1981 3353
3 6821 4405 602
3 856 3228 6031
3 6749 6606 1253
3 5337 7418 1173
3 9827 5533 5522
3 1449 3167 3166
3 1645 8282 3249
3 3297 5964 7481
3 4530 6201 2994
3 2607 6205 9249
3 3909 7496 1805
3 5335 8149 1805
3 8082 9903 1474
3 6046 1719 3367
3 4842 2024 3928
3 4189 1816 3954
3 8679 4396 2588
3 3031 437 438
3 6579 5590 48
3 3740 7601 7390
3 2105 8976 3796
3 9035 3525 5105
3 7661 5159 2746
3 2521 8008 7373
3 9483 4145 3187
3 2118 7144 7145
3 4853 8157 2602
3 2576 8238 4853
3 2116 5419 4885
3 4853 8238 1823
3 4652 7102 7101
3 4854 1823 8163
3 8291 1026 9544
3 721 8160 7736
3 3586 9763 9668
3 8188 4752 3223
3 8929 1331 7239
3 5936 3058 657
3 2586 8906 8278
3 3012 5578 1029
3 2245 3882 9721
3 6552 1586 4757
3 6292 868 4635
3 1043 6039 8165
3 540 7848 539
3 7348 546 5926
3 1362 3800 7459
3 8169 3800 1362
3 8168 196 8167
3 8169 2603 8167
3 8520 1014 6395
3 6624 8168 2603
3 935 3983 7241
3 3779 1600 5272
3 1308 3695 6627
3 9120 1589 5015
3 9200 1608 4916
3 861 5923 6130
3 755 6180 4908
3 2498 7531 5908
3 5948 4275 2368
3 7457 2915 6793
3 6714 9915 2080
3 5541 5025 1413
3 9379 7046 3617
3 6884 2824 5930
3 5912 313 314
3 3967 1811 5445
3 2519 9642 5781
3 8699 6572 1020
3 5781 1557 2878
3 578 9598 6631
3 5289 1955 4026
3 1633 8757 8162
3 3072 9591 8891
3 1631 8757 7963
3 7251 812 3592
3 6137 3465 8207
3 3444 1499 6278
3 3425 1303 5410
3 9900 922 3711
3 2680 6366 6740
3 4689 3542 1461
3 5857 3272 679
3 9524 6035 2869
3 3477 8186 3117
3 8187 6859 824
3 8188 3223 4985
3 8301 1194 7520
3 1963 6066 6064
3 7265 4387 968
3 2809 9401 9025
3 302 6839 5973
3 1163 8177 8995
3 2953 1118 5680
3 8209 300 5055
3 2186 8374 5345
3 2185 7841 7231
3 1950 8561 7570
3 2834 8420 6212
3 2839 4333 9728
3 9839 8374 1197
3 9555 4315 9554
3 2902 8826 7069
3 1060 6006 8839
3 5904 1008 5059
3 8522 4161 8242
3 7433 3742 6482
3 2207 7598 7471
3 7598 4793 1303
3 7086 5192 3496
3 8139 2188 4139
3 4810 8490 1250
3 9594 3357 1242
3 9433 5721 6420
3 5736 749 3641
3 3278 8222 2390
3 7349 6289 1575
3 2513 4667 8322
3 2587 6855 8299
3 2311 7067 4965
3 9789 9232 2975
3 8003 8002 4664
3 8002 7192 4664
3 6488 5168 2961
3 2160 3946 5210
3 2445 9849 6389
3 9016 6137 512
3 5610 5612 2359
3 4125 3387 5779
3 8995 5207 1163
3 299 300 8209
3 3401 5810 7693
3 9727 6495 2835
3 7537 1070 4355
3 7133 3289 4914
3 65 5832 64
3 3531 866 6230
3 3056 1906 6230
3 9494 2314 4573
3 7358 3308 1548
3 816 4416 8889
3 7478 6279 3155
3 782 5128 9918
3 3931 9348 2867
3 3118 9051 5654
3 7870 9092 2312
3 110 7869 109
3 4760 1781 7114
3 7507 1627 3808
3 8223 477 476
3 7149 2965 5265
3 9939 6664 3451
3 9939 7275 3452
3 6482 774 6234
3 2696 8166 7848
3 475 4674 9659
3 9673 4221 1423
3 8223 2390 4726
3 57 9036 3278
3 3853 1553 7046
3 4677 9340 1038
3 7679 7782 2283
3 4954 8494 1045
3 8443 8257 2589
3 4464 9882 9884
3 2024 4228 5460
3 8473 4566 2598
3 750 6110 7006
3 7835 2366 3887
3 9149 1735 4523
3 3601 7097 1852
3 9228 7968 2238
3 2829 3625 9922
3 4833 1424 8231
3 876 8549 4178
3 7054 5964 3297
3 5099 1648 5959
3 474 7796 4674
3 9648 4131 6171
3 2773 5544 4290
3 3108 5481 5483
3 6142 2620 8653
3 8407 6631 2755
3 3394 1780 7133
3 7316 1247 3684
3 7484 1711 3723
3 7757 4014 3021
3 6662 7101 2970
3 2705 9481 5346
3 9740 9431 3044
3 9185 796 4130
3 7360 4948 2882
3 7660 2250 3648
3 8220 5218 1199
3 8241 3832 7156
3 9805 2604 7768
3 5668 455 3458
3 5513 9100 3305
3 1429 9332 6019
3 7077 9493 1526
3 7189 7024 594
3 8884 783 4608
3 6385 4163 1932
3 5255 6408 1170
3 6991 6115 1667
3 6038 9521 5658
3 4503 3239 4502
3 3238 1224 8247
3 9945 8293 431
3 5144 8649 1485
3 5282 975 5281
3 6095 9749 2779
3 6948 8103 3330
3 2477 5729 8701
3 7285 9447 3262
3 6876 5539 3509
3 3945 1790 7828
3 6923 6116 3022
3 1489 4580 6950
3 6320 7252 2341
3 2196 6573 3811
3 6983 9862 3963
3 2258 7708 4375
3 4054 8502 7896
3 7120 7964 2332
3 8086 1126 6846
3 1278 7501 5515
3 4412 8907 1441
3 8488 4100 1372
3 4965 9655 2425
3 2823 9889 9888
3 5620 9647 671
3 5268 4558 2810
3 2801 285 286
3 298 5458 4794
3 3441 8641 5543
3 9275 1747 5501
3 7886 134 7845
3 130 7955 6542
3 6952 2107 3153
3 7382 3182 6952
3 6706 2604 3458
3 1514 7926 7662
3 2746 4738 7661
3 5846 1046 4382
3 3753 2043 6803
3 5836 2043 3753
3 438 5451 3031
3 3790 1419 3658
3 9086 9087 2613
3 1187 4691 3035
3 7445 7437 3748
3 5511 1012 4120
3 8957 3015 1140
3 7958 66 67
3 768 8777 4160
3 7850 6809 2657
3 6500 2902 4098
3 1378 6500 4098
3 7237 5232 1585
3 6079 8269 3818
3 1249 6954 3182
3 589 7136 5961
3 3216 8504 5773
3 1882 3245 5558
3 9518 2089 4913
3 7706 6099 2349
3 2242 4411 7194
3 2246 8906 7546
3 9842 9534 1831
3 8351 5029 1160
3 6997 5668 3458
3 9385 6990 3420
3 9823 461 462
3 458 459 8281
3 9019 2660 5767
3 6259 8282 1645
3 7478 7599 2741
3 9918 2804 9917
3 8269 6079 2644
3 5495 7092 3398
3 2022 9014 4334
3 5891 9355 7942
3 8044 3227 2378
3 4333 612 4000
3 9321 6073 1973
3 8287 2097 7670
3 8288 6424 2476
3 5003 5356 803
3 6355 894 3445
3 7270 419 3864
3 7245 4263 3883
3 8014 1424 3815
3 9454 5751 2754
3 5496 3765 8549
3 2734 5567 9742
3 990 6141 4011
3 6620 7308 3035
3 3892 8875 2997
3 9378 4958 7956
3 3854 9748 8294
3 4470 7233 2297
3 5488 2314 5255
3 5386 2259 5742
3 7642 2259 7372
3 6323 9633 3175
3 6454 5304 2865
3 7063 3965 2184
3 5714 3246 4993
3 8150 8812 3943
3 9064 1349 4068
3 8704 2499 5016
3 3781 3714 580
3 9245 6022 7506
3 2111 9161 6859
3 5611 6584 1918
3 6159 1878 5649
3 2081 3685 6558
3 8575 4089 6714
3 8168 8167 2603
3 5258 3660 187
3 9340 4677 2626
3 927 8176 4534
3 8515 3635 2444
3 496 497 8306
3 496 4599 495
3 2659 9019 5767
3 4634 8309 9619
3 1559 6316 8586
3 4845 648 2849
3 5985 2223 3995
3 6347 3185 3348
3 3565 825 3363
3 4364 7869 110
3 2989 7516 9140
3 7441 1101 9757
3 8894 6922 760
3 3334 4284 7876
3 6225 3094 6015
3 4367 2913 1611
3 3173 7134 5555
3 209 9516 4847
3 210 6049 9516
3 3280 4829 652
3 218 7528 217
3 5477 8073 2356
3 213 5537 212
3 6691 9535 2060
3 7849 5470 8348
3 8433 5972 1433
3 1077 3401 7948
3 9527 4509 8038
3 3324 9914 4610
3 1723 4691 3034
3 3344 1186 5392
3 2509 8083 5656
3 15 4444 14
3 4286 8130 2371
3 6677 1464 9320
3 2207 4793 7598
3 1513 7019 4613
3 2125 7147 5814
3 7297 3103 7303
3 2539 8879 4397
3 3854 2379 3332
3 3885 6888 9082
3 6445 7416 2073
3 8091 5353 2792
3 2628 5655 7495
3 4380 9717 1394
3 9884 2846 4373
3 8301 6017 1194
3 2210 3480 3236
3 5165 6009 3595
3 8331 5242 1302
3 9288 534 535
3 428 3545 429
3 8817 3455 5109
3 8245 3325 6122
3 5650 4985 2300
3 8863 2538 6887
3 5222 7151 2325
3 8886 577 6027
3 771 3250 7097
3 8547 4253 2527
3 3770 1816 3739
3 907 5687 5519
3 8252 4338 6876
3 1858 7706 6646
3 4882 9889 2823
3 830 9889 4882
3 7150 7601 2249
3 488 5019 487
3 2030 6654 4506
3 507 508 8341
3 5833 6524 1481
3 6449 4541 982
3 8784 5704 1235
3 7078 7079 2183
3 1452 9575 4259
3 2744 7079 7078
3 9683 5778 4259
3 6345 1269 9536
3 8346 3524 7127
3 8367 8202 2512
3 7426 1175 6343
3 4527 656 3888
3 9522 1431 6308
3 3930 4231 7849
3 4544 6691 7029
3 5068 4746 2348
3 8727 8726 2505
3 9053 2494 8555
3 9534 4385 8279
3 8474 2715 4719
3 7651 4056 2976
3 1529 9217 7410
3 6774 5709 591
3 1720 3926 5400
3 953 9940 5321
3 5694 8252 1624
3 888 4338 8355
3 710 9781 5873
3 7017 1091 4104
3 4883 1579 2833
3 2831 3969 8358
3 1154 9574 7527
3 1856 7878 6061
3 4093 4995 1855
3 1099 2990 9436
3 6807 2888 2046
3 2240 7589 4498
3 4775 1793 3253
3 6513 4267 2183
3 9224 4304 1703
3 2708 9671 4061
3 2252 4932 4622
3 8185 3542 4689
3 8185 1695 8383
3 5716 5715 1200
3 7043 3307 2117
3 4182 8074 5571
3 4848 8317 8316
3 4217 813 3150
3 8650 4729 8317
3 6750 3737 3839
3 478 8445 479
3 8747 4881 600
3 3902 3112 9296
3 3004 7917 1620
3 8299 5520 1871
3 913 3772 5206
3 6367 9416 9165
3 7594 9401 2809
3 7401 8129 706
3 1274 7033 9899
3 8783 4199 2639
3 2218 9779 6002
3 5376 1709 3763
3 7841 2185 5845
3 1832 3855 4518
3 624 9192 5683
3 1079 7369 5689
3 4107 6920 6524
3 2960 6479 8818
3 757 8941 4695
3 3996 9343 2631
3 6121 1822 8944
3 1787 3101 5682
3 2429 8380 6442
3 1138 5481 3108
3 5435 3614 353
3 6233 7882 2935
3 5970 7122 5333
3 8386 9780 2506
3 4727 8445 478
3 5058 494 493
3 8532 2619 7099
3 6262 9830 1856
3 4901 2072 7137
3 7921 1235 5704
3 8621 9512 4986
3 4747 8986 1025
3 5054 8466 1602
3 6412 570 3417
3 5561 1766 3603
3 4020 1595 3206
3 4156 266 8388
3 5667 845 3145
3 3543 8389 988
3 988 8389 7929
3 9663 9032 2722
3 5318 3069 1334
3 7543 2730 5702
3 3018 8390 5702
3 4514 8583 8582
3 5433 1166 9806
3 4263 869 3883
3 4396 4395 1491
3 2396 5279 6767
3 5279 2635 9344
3 4814 1570 3631
3 3252 1943 4117
3 6446 8381 2393
3 4915 9818 9707
3 5318 6426 3069
3 97 8390 8391
3 9032 1718 5318
3 106 107 4356
3 6368 1705 3130
3 644 2843 6523
3 5833 3432 8342
3 8682 1610 8584
3 2450 8401 7893
3 782 5161 9174
3 6470 1966 3589
3 8402 6470 1112
3 406 405 6279
3 5767 8431 402
3 4863 1839 3766
3 9883 9050 4373
3 5492 3166 1415
3 7987 2724 4769
3 7235 6392 3399
3 6593 2829 4952
3 9813 1429 4361
3 2310 9726 7763
3 3506 9601 8087
3 7034 1767 4501
3 6380 935 4438
3 6740 4527 1613
3 7644 1821 3868
3 2422 3919 8343
3 7182 1350 4074
3 2224 6330 2928
3 1386 3764 6131
3 1338 5273 4887
3 9450 3890 9301
3 6936 5783 372
3 9465 4670 9464
3 2770 4822 4272
3 9519 802 4201
3 3611 870 6984
3 8880 4646 8879
3 4358 7712 1454
3 6563 9520 3330
3 8663 2418 4873
3 2515 8751 8752
3 9052 5941 4060
3 392 8763 391
3 4366 2145 7047
3 4736 2897 6991
3 3143 6254 5900
3 7613 4528 804
3 9549 3307 4714
3 5724 5910 1140
3 2270 3980 8364
3 8005 6288 3611
3 8104 2380 4022
3 6836 4057 4616
3 6203 4609 2413
3 9308 5224 8496
3 5638 9490 2372
3 7374 5838 6461
3 4761 1781 4760
3 6474 3610 1977
3 6474 964 5542
3 2036 7541 4308
3 7908 6961 3937
3 5858 4954 1045
3 8565 3415 2247
3 8671 9798 2988
3 7516 9797 1448
3 8424 6836 1517
3 6259 3876 784
3 1606 8432 7724
3 453 454 7293
3 839 3971 3915
3 2756 8507 9808
3 9123 3529 5258
3 9511 2752 7535
3 4520 1551 7485
3 8205 2130 4375
3 8355 4951 3636
3 3558 6896 174
3 3488 5368 8793
3 6654 1040 4506
3 4615 6865 1513
3 6994 8280 2703
3 9626 5882 1044
3 9368 2098 3607
3 4799 1800 5004
3 1561 7004 3960
3 3597 6636 1385
3 3238 8247 6324
3 3035 9268 6620
3 2062 6694 8969
3 5062 5061 2211
3 2559 8943 5516
3 4182 925 3314
3 2239 9560 5177
3 479 6188 480
3 4728 9630 9452
3 9291 6671 2838
3 8446 6454 3134
3 9008 9500 5513
3 8162 2842 5564
3 5430 7539 2289
3 5097 2209 4708
3 3113 1690 5103
3 8360 3069 7671
3 6715 3684 613
3 4743 4556 2526
3 3487 7318 5750
3 9588 3172 7163
3 8195 2051 6625
3 5481 8040 3070
3 91 4806 90
3 3615 8449 3897
3 5788 1935 5787
3 4336 1842 3844
3 1488 3948 6901
3 597 5168 6488
3 6199 3492 9459
3 5317 3569 651
3 8458 4971 2945
3 5712 478 4588
3 7601 1084 7390
3 2684 4448 6498
3 1084 4984 2800
3 387 4399 388
3 1595 8175 3206
3 8387 681 6949
3 5398 9706 9661
3 649 5016 6743
3 3514 9611 7074
3 2189 3453 7407
3 3161 6904 7353
3 4449 1044 8175
3 2078 5728 3903
3 6354 5794 3196
3 2027 7048 6191
3 9084 6981 3613
3 4261 6397 1611
3 8713 6567 1745
3 2643 9030 9031
3 7220 2047 5933
3 7341 827 4767
3 7746 8955 3355
3 4857 8469 2569
3 9787 2745 5463
3 1920 5198 8480
3 4445 6394 33
3 2141 9807 6106
3 599 3767 9807
3 175 176 9479
3 9256 5942 2621
3 4842 6755 2024
3 4257 5968 2023
3 9348 5819 2867
3 8537 8538 2715
3 4088 1001 7202
3 1240 7878 4716
3 2455 5212 5021
3 3955 2241 3180
3 3956 1355 3106
3 4093 1855 4092
3 7448 3741 1002
3 1240 8506 8357
3 4379 6587 9776
3 867 5021 7654
3 8915 731 7992
3 3004 731 6427
3 7851 9449 2804
3 5100 1646 9773
3 6338 2350 4239
3 6149 9097 6150
3 8715 8099 1402
3 1801 9583 6609
3 8514 5118 1357
3 2875 5833 8400
3 4014 1337 3021
3 1223 4840 8366
3 1184 3313 4723
3 4100 8488 2451
3 4413 3874 2705
3 2459 8524 4810
3 2451 8486 8258
3 2668 5393 7971
3 1673 7661 5160
3 8689 991 4546
3 6248 4756 1497
3 6249 9783 4187
3 8064 4158 8931
3 852 6092 3745
3 4942 3806 4941
3 1443 3917 9687
3 6753 1318 3775
3 6493 1482 4547
3 8495 8494 2446
3 3043 1626 4925
3 3977 8187 824
3 6412 7397 570
3 7602 5226 1928
3 7062 2105 3796
3 2734 4209 7060
3 9242 1251 7696
3 8587 4207 1402
3 2859 6535 9731
3 1411 9821 8618
3 9886 3089 5920
3 5296 2203 4564
3 7975 2386 7973
3 7116 2138 3629
3 1589 9120 9555
3 9710 4055 6127
3 9289 2143 6200
3 9485 1275 5619
3 7437 8974 2290
3 9375 2229 6253
3 6914 489 488
3 8176 8305 3853
3 7587 43 6562
3 2556 7606 5580
3 7526 616 5579
3 362 5048 361
3 1851 3447 7946
3 9399 6818 9398
3 4341 3859 1361
3 1746 5274 7032
3 9937 3502 6150
3 6957 2748 5769
3 517 518 8510
3 8198 5193 4143
3 2255 7638 9596
3 8198 7871 3493
3 903 4143 5193
3 7662 6978 2038
3 5259 8513 2696
3 7913 2113 6874
3 5747 8778 715
3 2579 6540 8232
3 1039 4508 2769
3 3635 8515 1039
3 4509 4508 2442
3 3663 1757 7084
3 6722 3598 5784
3 8018 5413 8017
3 9021 1804 7212
3 8366 3411 1223
3 1344 3529 7535
3 5823 5726 2109
3 9123 6272 3529
3 9497 3687 2079
3 9930 3586 8497
3 4615 6866 6865
3 6186 3337 2007
3 4781 9644 973
3 9297 5352 9296
3 1785 4229 5552
3 4810 3399 7463
3 7530 5874 2858
3 5763 3335 816
3 3413 9395 6043
3 3573 8433 4377
3 9810 7514 1082
3 2885 3878 6481
3 7163 8528 605
3 9701 1191 8644
3 7266 6044 4387
3 4563 2448 8529
3 8530 6318 8529
3 2141 9933 8471
3 7208 1456 2917
3 5396 2218 4346
3 1828 5190 7469
3 6246 946 4689
3 3703 1320 7266
3 9751 3478 5924
3 7924 4685 3075
3 7297 4496 622
3 5554 5185 2519
3 3667 9070 788
3 4906 4905 1833
3 1704 7919 7569
3 6435 2061 3054
3 8537 4196 1107
3 88 6327 87
3 9267 1311 6040
3 5542 1835 3610
3 9043 3221 2726
3 7716 2328 3312
3 3847 6849 4590
3 5325 5119 2127
3 8541 3283 4312
3 1035 6679 5438
3 9147 9774 4980
3 4129 1528 7365
3 8239 4043 985
3 9101 2777 7279
3 5417 1975 8061
3 8992 1180 8991
3 6357 3195 1927
3 2037 4829 3280
3 4059 8705 8258
3 4278 8216 1546
3 1382 6325 6025
3 6156 4037 9903
3 1368 7647 3943
3 9610 4428 2488
3 3426 6205 5674
3 8851 3873 914
3 1670 4941 3203
3 9383 3851 5037
3 2050 7337 4296
3 5711 5904 1920
3 2280 7605 4786
3 8553 7277 2803
3 2578 7792 7793
3 6722 8983 1256
3 8638 2554 6242
3 9400 1184 9031
3 5119 6653 2127
3 8678 4624 653
3 8721 8727 2505
3 4624 8678 8230
3 5884 9256 3738
3 31 7081 9231
3 2765 6393 6120
3 7084 8559 3977
3 8429 5137 2446
3 8956 4442 940
3 8560 549 548
3 628 4171 9636
3 3579 967 7498
3 7514 4779 2385
3 7394 7098 4073
3 7499 4645 8862
3 5659 7986 1868
3 7654 2134 5630
3 6861 9475 3067
3 1103 9141 4103
3 7506 4286 2371
3 4244 8164 6823
3 9721 3882 1356
3 8498 1128 5791
3 698 8325 5089
3 1997 6053 7216
3 4562 6264 6891
3 7687 4789 1094
3 4791 4111 1554
3 8389 5391 7929
3 2700 9409 4202
3 7039 36 37
3 584 5454 7071
3 3307 7043 1226
3 7015 6400 2197
3 7910 4279 2651
3 7174 4884 1087
3 8726 6841 2505
3 3419 1242 3357
3 1996 6496 5831
3 736 8837 5025
3 4184 7916 601
3 5976 3969 1857
3 8156 1727 3597
3 3398 1767 5495
3 1400 3964 3548
3 7628 2155 6843
3 3617 396 9379
3 2916 8303 4711
3 3392 7243 628
3 1772 7672 3651
3 1355 3956 7525
3 1343 7637 3912
3 6338 4239 1397
3 4513 9046 9868
3 5739 1807 5375
3 3125 6099 6098
3 5014 2639 8277
3 1807 7414 8783
3 5530 1527 5387
3 1166 6690 4084
3 4846 7635 7634
3 9619 5842 2861
3 764 6331 3152
3 7822 1976 6402
3 6899 3872 1288
3 7095 918 3671
3 1470 3443 4978
3 2301 6298 4176
3 5607 9918 9917
3 8964 6540 2545
3 8591 1139 5230
3 8591 8714 1139
3 7951 2309 7832
3 9792 9224 1703
3 9450 755 4908
3 5862 4586 1272
3 511 512 6137
3 8782 5545 1300
3 2402 8004 4712
3 400 401 8595
3 2170 7249 9735
3 7250 1124 3856
3 2289 5086 4174
3 2806 8809 4905
3 9896 2751 7334
3 8338 1610 3556
3 563 562 9124
3 8542 1837 4769
3 6433 1730 4892
3 754 5361 9798
3 6892 2977 5836
3 6023 950 4426
3 8090 4097 1378
3 5717 2533 8602
3 1734 5066 3094
3 5945 993 5617
3 7457 8780 2914
3 2914 8780 4071
3 3092 7842 6476
3 5038 9273 664
3 5176 9083 965
3 1992 4997 4996
3 6125 24 4871
3 7198 2282 5018
3 1969 9793 9263
3 6650 5183 2265
3 4091 1995 8327
3 3178 5851 8791
3 4907 1700 9223
3 1479 8418 8754
3 4515 3751 895
3 5988 4398 1822
3 5983 5385 4306
3 5987 5121 1022
3 6161 3941 721
3 3795 9426 8639
3 2918 1603 5340
3 6323 3002 718
3 8331 8775 5242
3 7404 1302 3463
3 5328 9605 2284
3 1927 8545 6357
3 2139 9523 6811
3 5514 3055 1131
3 9667 8514 1357
3 2203 3984 6483
3 604 3088 7313
3 9923 713 5793
3 5587 2859 9730
3 4202 6955 2700
3 2672 9513 9512
3 2557 4784 8986
3 2308 3646 5588
3 9644 4625 7682
3 1013 6603 3396
3 8625 5235 8469
3 4331 8121 4857
3 2570 5896 9639
3 6773 1021 6574
3 8014 1971 3814
3 1069 9343 8942
3 5166 7300 5883
3 9535 4552 3202
3 8348 2406 4479
3 4976 1783 2906
3 8628 74 75
3 7686 7632 3810
3 7908 3937 2341
3 1638 5353 8091
3 8767 6635 963
3 1450 4371 8631
3 7452 5834 2200
3 9559 6628 713
3 4272 4822 954
3 3830 8633 1306
3 4952 9922 8721
3 2469 9063 8658
3 1960 6236 4006
3 8225 3002 5394
3 6589 1041 5992
3 1034 3005 8010
3 3173 9588 5660
3 7106 89 90
3 816 8107 3803
3 9356 3043 9272
3 2503 9067 5963
3 6001 1315 3862
3 5681 9152 1256
3 3624 6669 1750
3 6276 9789 2975
3 3481 7511 1202
3 444 445 8641
3 6897 2078 3903
3 3208 8925 5083
3 827 7341 8843
3 3650 7141 2272
3 6494 8644 2978
3 2167 4494 6589
3 8319 2457 3573
3 9808 8507 4535
3 8461 8460 2441
3 2909 9007 6717
3 6096 1865 4289
3 5641 6238 4357
3 5638 9786 1728
3 4552 8920 1074
3 3687 9299 581
3 3344 5392 6893
3 4848 3384 8049
3 2076 6890 3552
3 4460 205 3622
3 5538 9013 214
3 3622 206 7423
3 8366 3952 2412
3 4623 3071 1331
3 3923 5418 2106
3 9683 4042 2714
3 8654 3267 7840
3 3869 7920 7922
3 8343 3919 6401
3 9161 824 6859
3 7645 6022 2996
3 3451 7275 9939
3 3452 6135 8219
3 9552 5917 3973
3 2469 4955 8659
3 6796 2116 6797
3 8278 8906 2246
3 7459 3800 6763
3 8945 6621 1885
3 5250 6901 3520
3 4738 8709 8091
3 1718 9595 4688
3 100 9283 8662
3 9520 3332 6948
3 7808 4864 986
3 613 3684 4027
3 2166 6794 3001
3 5896 1593 9639
3 5818 2220 3771
3 8367 6306 2836
3 481 480 8666
3 4129 6661 2308
3 7694 1415 6503
3 2641 7770 8779
3 6320 2341 3937
3 1461 3542 8669
3 3651 7527 7526
3 4332 5487 3841
3 4056 1430 2976
3 8848 4497 8847
3 8848 737 4497
3 5459 5937 2564
3 3234 7577 5743
3 9494 1890 5037
3 5037 7731 9494
3 9212 6672 638
3 7394 4073 7214
3 6733 2980 5581
3 8877 8876 4018
3 3864 419 420
3 3240 894 6355
3 8677 7340 3691
3 1556 3484 7342
3 2494 4624 8557
3 4254 9651 3636
3 8679 4013 5890
3 4396 8679 615
3 4264 4263 8559
3 5232 3479 855
3 7150 5669 4046
3 5504 1227 9173
3 8376 165 166
3 6896 4895 173
3 9241 2606 9240
3 3441 4235 8766
3 8768 3229 8055
3 2884 7720 1615
3 9410 5237 2700
3 5241 2321 5549
3 5197 6269 2671
3 5713 1821 5181
3 3663 8830 3662
3 2391 8613 7884
3 5231 2418 4533
3 5866 7440 2222
3 1728 5105 9490
3 7876 5168 1698
3 7711 3188 1310
3 4327 5204 885
3 2114 7090 4099
3 9059 6841 8726
3 6924 1492 3135
3 7448 2215 6270
3 1295 7217 3422
3 7366 7005 900
3 5722 8792 3256
3 5310 1910 3331
3 6591 1988 6590
3 7242 1070 4936
3 880 6802 5331
3 4451 9389 644
3 4108 1481 6920
3 5766 9667 1357
3 1390 5278 5235
3 6052 2518 8625
3 2196 4737 8353
3 2995 5400 5709
3 4985 9684 2300
3 6017 5559 1194
3 9685 7949 4919
3 3236 8152 7322
3 1958 3619 4474
3 3497 6268 1907
3 4279 7910 2028
3 2723 1709 5374
3 3549 8822 8720
3 3857 8409 1000
3 8705 2458 5108
3 8854 847 3758
3 5112 1016 4844
3 7531 5897 3715
3 5140 1043 4525
3 2514 8706 8707
3 12 13 7959
3 8036 6607 2223
3 6996 2500 3744
3 9079 6900 2792
3 1928 8496 3525
3 2290 8974 6534
3 9722 2415 4294
3 7265 2142 4387
3 7283 8625 732
3 4857 2569 4331
3 6722 5784 2678
3 7320 2678 6596
3 4475 8591 5230
3 4774 2268 8722
3 2667 9496 9495
3 575 4274 3678
3 8716 3014 4970
3 5556 1642 3476
3 9366 787 3135
3 9365 9367 2845
3 2481 4603 7117
3 9898 2438 8387
3 6487 1149 3354
3 7652 1844 5760
3 5094 9057 4298
3 6718 2592 7174
3 2636 8574 7427
3 5079 1716 8727
3 28 8722 27
3 2691 8915 9370
3 8729 5404 8511
3 2057 6407 5475
3 6775 9611 3514
3 3877 6978 899
3 6899 6378 2781
3 6023 2199 8267
3 6439 595 3608
3 5321 9940 7846
3 2534 7617 4220
3 1790 6974 3509
3 3439 8142 3438
3 895 4526 3439
3 3466 6940 6305
3 3462 6305 1305
3 8462 5259 1304
3 8031 5240 3408
3 667 3336 8524
3 8017 5130 2534
3 2011 7376 6903
3 2374 6139 7609
3 743 5866 7912
3 7017 1641 4866
3 5606 8197 7384
3 1304 6777 3730
3 9783 6249 3379
3 7463 3399 6653
3 1242 3419 7269
3 2851 2159 6727
3 1599 4184 4969
3 6832 3725 2243
3 7372 5386 962
3 6231 3643 1906
3 5770 8188 1113
3 2517 4954 5858
3 2969 7085 7008
3 6935 2238 4861
3 4253 7788 1019
3 2529 6485 4775
3 4090 7253 1993
3 5004 871 4799
3 2550 8842 4090
3 1382 3309 3501
3 9303 1862 3855
3 5254 4643 1950
3 4048 7186 1529
3 6420 1942 3237
3 6708 4147 1421
3 1583 3609 7567
3 9480 1574 8972
3 9688 8546 2459
3 6573 1021 3811
3 7805 8078 1020
3 8749 2023 6371
3 4377 8319 3573
3 4 5 9734
3 1841 5941 9052
3 3823 5408 1272
3 4927 2148 4768
3 4155 3712 838
3 5527 3728 1778
3 1245 3429 9180
3 7184 3927 708
3 6067 3553 5527
3 8750 4216 1016
3 7336 8551 2177
3 881 7625 5434
3 5574 3258 5030
3 5039 9833 771
3 5094 4298 1853
3 5116 8362 2231
3 5116 4733 1632
3 8001 3238 6324
3 8884 8883 2617
3 8320 5070 9849
3 2767 7194 6748
3 795 7484 3723
3 1146 4471 7261
3 5380 2005 3732
3 3990 2126 7102
3 6284 3491 2347
3 2747 9415 9890
3 8224 393 394
3 2049 3086 6044
3 2426 8190 6839
3 9573 9837 3574
3 6971 1092 3040
3 443 4856 4145
3 444 8641 4856
3 2814 6798 6472
3 8767 5529 3875
3 8375 1446 9478
3 643 3949 5635
3 3691 2182 5489
3 3057 6170 8951
3 6683 8128 2526
3 8644 5706 3927
3 6632 4070 233
3 7365 6813 225
3 9393 9392 4095
3 7115 2308 4297
3 8146 3044 5705
3 7261 4471 2150
3 4347 9442 5972
3 4426 1563 3971
3 8776 8775 8332
3 8013 5109 3455
3 1932 4077 5192
3 8333 4891 901
3 2874 5047 8777
3 1620 5047 5046
3 4680 7822 3231
3 4702 2667 9495
3 7770 2641 6179
3 7281 9487 1629
3 1164 6977 6544
3 7750 7749 2452
3 3314 4723 4182
3 4840 3952 8366
3 5506 778 3326
3 6829 6868 4076
3 2349 4238 8116
3 6896 173 174
3 3750 1260 7482
3 8654 5336 3267
3 6099 7706 1858
3 3199 1398 9255
3 6132 7036 1897
3 7036 6132 3242
3 2825 9550 4977
3 2737 4928 5443
3 8831 1418 8213
3 9950 2146 7287
3 1577 5313 9915
3 9406 9405 2675
3 5503 2460 6328
3 1826 5634 8244
3 9048 9557 5613
3 632 3354 7253
3 6177 1826 4115
3 3315 1442 5450
3 6028 4162 425
3 1505 8883 6868
3 3460 6350 8062
3 3489 8794 6346
3 7408 6455 2865
3 3859 7621 1065
3 2627 9719 9181
3 2052 6848 3959
3 9584 9827 3078
3 9269 8208 3164
3 2540 4982 5670
3 5274 7880 912
3 5962 7296 1937
3 7541 909 4308
3 7152 4948 687
3 8540 4441 2230
3 1447 6745 7950
3 4433 8448 2409
3 7165 5421 2894
3 634 7003 3721
3 8766 4235 7237
3 6623 2997 9700
3 9450 2091 3890
3 9621 377 378
3 4886 1710 5202
3 5077 9672 1887
3 4767 7342 2182
3 1095 9056 5473
3 6475 4051 4386
3 7203 3470 1271
3 9652 8781 1525
3 5933 4402 5138
3 3259 959 7824
3 7824 7267 3259
3 7114 1703 4760
3 8218 8829 1388
3 8586 2278 4455
3 8754 6607 1479
3 6000 4405 1474
3 8144 4404 2403
3 2739 5713 7940
3 5181 9622 612
3 9832 3276 9831
3 2419 5391 8389
3 3843 8903 4605
3 5871 2863 738
3 9599 8091 2792
3 9011 5934 4041
3 8775 8331 2633
3 5165 3594 1724
3 878 8583 4514
3 1624 6876 3509
3 4780 3717 1609
3 9211 740 6313
3 9345 6020 9344
3 2396 6767 8239
3 4413 7187 1441
3 9344 6020 1261
3 3146 5958 3549
3 2345 8573 7508
3 3248 5651 9374
3 3752 1899 3170
3 8833 9528 2463
3 4585 3819 1980
3 894 9362 5090
3 6118 4860 1962
3 3036 6802 880
3 7361 5330 4097
3 5981 3996 2631
3 8443 4206 8257
3 2953 7111 7930
3 7108 2135 3042
3 8276 3245 3970
3 5430 8592 9575
3 8739 4264 1757
3 2111 7932 6858
3 59 4221 58
3 5725 5275 4923
3 9486 1797 8832
3 8258 8705 728
3 6404 391 3435
3 9643 4585 4146
3 6464 3241 6844
3 4194 1467 4165
3 7456 6604 3835
3 7782 1490 4765
3 2794 6207 9738
3 2931 4779 7514
3 7098 929 4073
3 7214 4039 1413
3 3252 6227 1943
3 1849 3794 5424
3 7780 6317 2485
3 4950 4774 2124
3 5760 1844 3657
3 5843 6752 3142
3 6716 114 115
3 4841 1345 8867
3 1471 6587 5613
3 8605 4074 7938
3 7299 4144 1594
3 827 5803 4767
3 6972 6971 2094
3 7676 3135 4788
3 9017 5304 1584
3 819 4167 8656
3 6946 1842 6015
3 2021 4945 9038
3 114 6716 3222
3 6505 5642 3285
3 7250 3856 2170
3 3222 9608 5510
3 1561 3483 7004
3 8791 1814 5852
3 3203 4392 5996
3 3211 1847 6256
3 1550 5653 7820
3 9736 6207 2793
3 9777 6490 3894
3 5442 8261 1909
3 3623 3098 1632
3 9591 7027 1196
3 6168 3281 1236
3 1666 5933 5138
3 8541 847 8854
3 188 9123 5258
3 9370 7992 2327
3 9903 8082 4404
3 2088 6547 9126
3 8252 5694 4895
3 3540 1754 6764
3 2042 3730 6851
3 3644 823 6623
3 9086 9085 5232
3 3369 7809 8731
3 4902 8846 2400
3 7944 5012 2646
3 7897 6151 3141
3 8861 2699 8047
3 8796 5012 8226
3 4248 8969 1404
3 9725 7949 2763
3 5920 8017 883
3 6248 9469 2751
3 2232 7489 3760
3 972 4877 3842
3 3296 488 487
3 5608 1786 5139
3 7873 4681 5695
3 7936 730 3434
3 3148 1150 3147
3 8963 9632 2716
3 7479 7987 3920
3 5563 560 559
3 6350 3460 8870
3 441 440 8870
3 6422 8325 698
3 8498 9730 1128
3 2780 81 5666
3 5150 3151 9267
3 3128 8983 7320
3 2772 4640 9933
3 695 8966 8219
3 1957 5715 5716
3 2644 7583 8268
3 5344 1761 8859
3 9117 418 7270
3 4116 9405 1442
3 7787 1473 4018
3 5794 5795 3196
3 5988 8878 2539
3 9041 3082 8984
3 2688 8985 5641
3 9748 3332 9520
3 6096 1453 9749
3 8655 8654 4478
3 6689 3941 6161
3 8262 9298 3003
3 7889 5661 2303
3 2294 5756 7741
3 779 7467 9662
3 8885 2907 1351
3 8793 9791 3488
3 1759 8182 3555
3 2907 8885 2617
3 8341 508 3123
3 4538 4537 3365
3 4296 7337 2177
3 3500 8547 6027
3 4536 4538 2528
3 2177 6685 7336
3 1952 4031 6025
3 5874 73 74
3 72 8872 5480
3 910 5752 3680
3 3355 8955 1190
3 2542 7578 5855
3 975 4540 5281
3 6963 3907 1168
3 2279 7789 7167
3 2836 6306 5343
3 5596 1590 3503
3 3022 6116 1565
3 8395 4926 3964
3 1401 8910 6228
3 6967 4520 2757
3 8894 2083 6922
3 4269 3581 6721
3 6770 305 4021
3 5445 4308 909
3 7301 5107 5179
3 5260 5883 2433
3 7864 3692 8661
3 3900 5934 2248
3 9836 4673 9767
3 5827 3128 5074
3 9163 4382 1465
3 993 9503 5789
3 7876 5003 3334
3 6236 1960 3090
3 5945 2436 9503
3 1263 3224 7130
3 7495 5846 2628
3 6692 3202 763
3 8297 6671 1151
3 3049 6731 6589
3 2721 9105 5628
3 7271 7194 2767
3 6522 8523 740
3 6313 9689 2705
3 3858 7196 8746
3 613 4027 8450
3 4625 8927 7682
3 7028 3114 3723
3 5320 3548 3582
3 8896 5320 3580
3 5596 9133 1590
3 2962 9549 4714
3 6406 4422 1111
3 8302 7385 3874
3 1408 3257 7626
3 9145 1896 5765
3 8089 4067 9064
3 3699 5497 1348
3 4037 8322 1090
3 2155 5059 3675
3 3354 2015 6487
3 6027 577 9711
3 6693 6893 691
3 7578 4946 2291
3 5576 3345 581
3 1636 9299 8521
3 664 7778 4578
3 1731 5270 7001
3 3881 9731 6856
3 6856 2967 3891
3 1636 4203 9299
3 7377 8969 4248
3 2032 6760 9094
3 7 5527 3553
3 6375 4731 5147
3 5652 5753 658
3 1882 5804 3100
3 7855 4198 7854
3 3968 568 3098
3 8758 7207 2099
3 6024 6888 1952
3 5029 2264 4900
3 3021 1337 4409
3 8927 9211 2573
3 4568 1503 9098
3 1323 8869 4692
3 9286 3713 8084
3 6142 4623 1331
3 9208 8930 2944
3 1890 9494 4573
3 7798 6362 3117
3 6581 8254 591
3 8727 5078 8726
3 7592 7591 2436
3 6979 158 3785
3 2639 8857 5375
3 8 3728 5527
3 5527 7 8
3 3663 7084 824
3 3223 4752 9468
3 2932 8265 8438
3 7348 2038 3544
3 5170 144 4805
3 1827 4805 8363
3 707 5472 5134
3 3644 6623 7400
3 6916 1461 4368
3 2581 8939 8940
3 8940 5170 2581
3 8937 9795 1030
3 2589 8257 6326
3 3996 2632 8942
3 8377 1985 5991
3 8626 1889 5166
3 3332 8132 8105
3 3330 9520 6948
3 1061 9635 9602
3 5713 9729 7940
3 9529 6111 184
3 3302 1444 6283
3 6164 4031 737
3 6505 1124 5642
3 708 8954 6093
3 9701 7455 2901
3 6745 1447 4432
3 5944 2072 4241
3 2771 7391 9204
3 8379 7391 2429
3 1138 4218 8978
3 2575 4005 8949
3 3110 6035 9524
3 9071 5854 1329
3 5871 5870 2863
3 4757 4176 1119
3 1377 6002 4121
3 4121 1714 5474
3 5257 257 6509
3 7403 6794 3475
3 5381 3446 694
3 3041 5604 1902
3 5060 2178 8560
3 5801 545 5076
3 9145 1536 4602
3 1946 6128 4663
3 8566 5073 2625
3 575 3678 3567
3 4018 8876 6626
3 8041 1846 2812
3 941 7965 7262
3 7124 4666 941
3 7733 469 468
3 7420 6751 2525
3 1584 9291 4910
3 4453 6322 1266
3 1768 8656 9099
3 8297 6239 2838
3 3352 9695 9065
3 7379 9508 2658
3 1854 7559 6011
3 8206 3640 1842
3 3138 7667 6289
3 4726 477 8223
3 9139 8170 629
3 3156 1600 4213
3 1044 9670 6191
3 3195 6356 1927
3 9275 5051 1747
3 4249 9275 2713
3 1119 4176 9789
3 7012 4591 642
3 4945 1104 7449
3 4422 7093 5917
3 4625 4095 1495
3 973 9644 7682
3 2425 5237 8685
3 7509 7368 2311
3 1073 7138 9718
3 6534 4485 3077
3 7393 2562 5077
3 8975 5077 2562
3 9490 5105 8155
3 8155 5105 948
3 9043 7990 3221
3 3589 4225 9161
3 8978 4218 7391
3 1308 7673 7057
3 9539 6730 3841
3 4159 1203 7963
3 8465 1907 3303
3 9246 9248 2837
3 3007 4932 971
3 9244 9246 2917
3 5219 3059 8243
3 6302 8982 2689
3 898 6312 4294
3 4012 7736 7737
3 8880 8879 2539
3 1061 4357 9423
3 7551 5053 1989
3 7025 5549 2321
3 9188 136 3111
3 7955 131 3989
3 5104 5085 765
3 5803 5802 4767
3 9098 1503 4569
3 6630 3091 5878
3 8571 2095 3716
3 2824 8224 5930
3 1333 9815 7064
3 2957 3014 1333
3 6215 3201 6214
3 1996 6626 6496
3 9612 1180 8992
3 2925 7064 9815
3 4604 853 3159
3 9521 8991 1180
3 1294 3453 7405
3 7877 540 541
3 5746 9765 725
3 299 8209 5458
3 4804 7518 2762
3 8996 5207 2653
3 7280 6815 733
3 7280 2912 6815
3 8308 1539 3122
3 8998 841 3318
3 11 3995 10
3 9000 5327 1700
3 6316 1914 5847
3 9000 4907 2546
3 8828 2879 7109
3 937 3683 7317
3 2446 4954 8429
3 5565 9741 2732
3 9844 5889 825
3 3348 3185 1329
3 7336 6685 3904
3 1617 5039 8335
3 6653 5119 1003
3 978 8912 4568
3 9006 655 4462
3 1803 8731 5412
3 3025 9812 7255
3 7422 1053 9661
3 8950 8951 2575
3 5418 5417 2106
3 5203 8677 2922
3 9306 339 6659
3 8692 7498 967
3 3093 6416 1168
3 3275 8899 7874
3 1866 4771 6616
3 3469 6080 3448
3 7867 9910 3220
3 6989 7221 2077
3 1261 6020 3731
3 914 7331 7058
3 4112 2595 9114
3 6603 2473 3355
3 1280 8535 3691
3 9586 517 8510
3 9016 5057 3465
3 7193 2153 7006
3 8868 2153 5394
3 6148 8232 1232
3 5280 2741 8424
3 3009 1648 9018
3 7306 6147 781
3 2658 9508 5978
3 1162 6498 5669
3 5640 3973 1487
3 6613 4550 2966
3 560 8052 3942
3 7041 1587 4047
3 4233 797 9023
3 3994 5012 8796
3 9655 8415 2425
3 4325 1483 6704
3 9944 9800 2638
3 9750 861 6034
3 9843 9302 1070
3 2816 5228 9026
3 7403 2228 3405
3 706 7260 3410
3 5784 7542 2678
3 9027 3346 6033
3 4483 2621 9255
3 8472 1494 4254
3 5010 1185 3362
3 3450 4500 897
3 8467 5347 3759
3 634 3313 7003
3 1335 7278 4465
3 96 8391 4232
3 3680 1309 7376
3 5570 3987 9548
3 2544 7507 5969
3 5865 817 4081
3 4212 1006 9035
3 1221 9170 3491
3 9673 3278 9036
3 7349 1575 4707
3 6426 1718 4688
3 102 103 9283
3 2690 4552 9535
3 1487 4466 5640
3 4755 9907 9906
3 4832 2697 9517
3 2568 4460 7073
3 2752 9951 7535
3 2687 9635 9634
3 4487 8984 2688
3 6296 5039 771
3 2314 6556 4573
3 5685 9043 2726
3 3670 1884 7389
3 3670 8301 7520
3 451 7383 450
3 9957 6193 919
3 1244 7551 6462
3 2381 3945 8598
3 8376 166 3604
3 9520 6563 1219
3 9047 4414 1453
3 8275 1814 3119
3 1763 6587 4379
3 5362 7215 1075
3 4252 3566 8714
3 5285 2521 4041
3 5934 8899 4041
3 5723 116 3321
3 7230 3657 1145
3 9621 2596 4060
3 1428 5908 4155
3 5011 2643 9029
3 8787 1525 8781
3 9213 4790 2565
3 4177 3624 5432
3 3887 7397 6412
3 3598 840 3241
3 1543 9101 7279
3 9500 7279 2777
3 2099 3590 7794
3 2651 3781 9445
3 9662 2536 4287
3 7467 9948 4058
3 5078 1716 2636
3 9228 6935 2622
3 7994 7846 1713
3 2474 3830 8632
3 4668 8632 635
3 4668 2677 9464
3 8731 886 5412
3 2829 5793 3625
3 6405 4565 3606
3 8659 4955 699
3 9064 4067 1349
3 7113 1272 5408
3 5504 3020 8140
3 6349 1650 4838
3 5387 182 4032
3 3302 6283 9156
3 7728 2609 7140
3 4441 1315 3861
3 4247 1828 3523
3 6422 1940 3821
3 3359 6186 5815
3 3190 6350 439
3 8186 3116 7798
3 5745 3652 4734
3 1876 6511 5573
3 5605 3655 3938
3 3857 5384 2440
3 2793 9470 9737
3 2385 6622 5719
3 2440 5117 8409
3 3473 5951 8588
3 8696 1705 2910
3 9660 6807 3672
3 8379 1137 7391
3 4741 2821 1579
3 3272 5857 1771
3 9095 1094 7067
3 6012 2421 9541
3 5406 1748 5405
3 9640 1642 8959
3 8630 8404 1394
3 8627 2406 3226
3 3200 8463 1157
3 3603 2959 626
3 5805 3039 3789
3 3516 1509 6945
3 7249 1381 3886
3 5411 3898 794
3 1348 9492 3699
3 9492 5688 3699
3 2092 4102 3159
3 5000 853 3201
3 4856 8641 3441
3 1192 8110 3870
3 8641 445 5543
3 7932 2996 6858
3 3236 3480 697
3 5869 3507 769
3 9891 1222 3892
3 7321 3480 2210
3 6580 8624 3115
3 3377 7027 4973
3 4775 3253 849
3 6217 5807 2233
3 7665 3013 4484
3 3834 9876 7665
3 2279 4017 7789
3 8216 5361 3351
3 2982 9953 4480
3 9621 378 8804
3 8151 2480 8923
3 3170 7547 6759
3 5065 1412 3152
3 8569 9674 4242
3 1231 9239 9019
3 1039 8307 4508
3 161 8933 160
3 6423 3826 715
3 8988 4125 1218
3 1441 3874 4413
3 5252 453 7293
3 1988 8067 6590
3 9009 4227 9008
3 8982 4660 1144
3 4290 5544 1538
3 9500 3372 7279
3 3511 8179 6631
3 9102 1543 4051
3 5291 532 3127
3 5357 1699 7923
3 6377 880 5331
3 7116 7241 2138
3 8760 1503 7935
3 1597 4979 9774
3 2261 7140 9690
3 3095 2674 3767
3 9614 1051 4702
3 5780 2797 5732
3 9341 4676 7997
3 5536 9108 4585
3 6210 3936 2341
3 8799 4417 8254
3 9125 9124 2876
3 9171 7595 8667
3 2662 7040 5029
3 2930 8453 4543
3 7412 4825 4391
3 7925 2001 5141
3 8409 5117 8184
3 9165 1670 6367
3 7058 1850 4334
3 2435 7852 5033
3 2913 9463 8011
3 7154 3394 7133
3 4493 1353 3488
3 4058 1518 7467
3 1717 7064 9848
3 417 418 9117
3 3270 5785 805
3 9118 4904 1203
3 9119 2838 6239
3 2949 8963 8962
3 3696 7673 1308
3 8826 2902 6500
3 1158 6107 2965
3 1946 5266 4528
3 6324 2383 4419
3 6551 2438 9898
3 9123 188 189
3 189 6272 9123
3 9125 239 563
3 6503 6425 4070
3 3166 6425 1415
3 8599 562 561
3 4823 1567 3612
3 2054 9938 5586
3 2070 4337 7447
3 9127 7855 3676
3 6468 234 235
3 5284 1986 4917
3 9499 5284 5777
3 3756 553 3046
3 9874 9726 2755
3 1635 4946 7578
3 1647 4984 4983
3 2369 5163 7443
3 7931 2251 5322
3 7494 7446 978
3 9135 7043 4019
3 479 8445 6188
3 492 5609 493
3 2475 5343 4975
3 3737 9135 9134
3 1998 6676 3776
3 3570 1925 5881
3 6634 2120 6326
3 7105 4096 963
3 9136 6594 2676
3 1586 7906 3219
3 6351 9137 2003
3 8646 1287 2950
3 1376 9506 4119
3 8671 3762 754
3 6633 5093 2511
3 7520 7571 1884
3 9685 6578 9684
3 7682 2573 4880
3 4781 973 4014
3 1478 4633 4544
3 6599 4211 1431
3 1115 9144 5647
3 7225 9187 2610
3 620 6008 3643
3 7337 5907 6685
3 4600 1524 3772
3 9531 5541 4039
3 4070 232 233
3 6632 2225 6503
3 7489 8955 7746
3 1309 7490 3760
3 6047 4579 1018
3 1735 7149 5265
3 7709 4595 3554
3 2088 7844 8354
3 5130 3833 8021
3 6547 8354 3674
3 7542 5784 1257
3 2392 7122 5970
3 4807 753 4746
3 7560 6194 3406
3 3105 1792 5690
3 3259 8597 4304
3 6613 4633 1478
3 5429 2019 8740
3 1014 7866 6769
3 8660 3660 6283
3 4824 1911 3193
3 6100 3469 3565
3 438 437 9904
3 5239 6555 1760
3 611 2918 6066
3 4261 1611 2913
3 9160 1220 7795
3 8494 6065 1045
3 9044 3517 8539
3 869 3526 3472
3 9870 2822 8569
3 9162 8415 4111
3 2372 8648 5638
3 8901 3843 712
3 6236 9932 8901
3 7030 8493 3232
3 6256 3210 1161
3 5026 567 3211
3 7693 1682 4996
3 7255 839 3915
3 8602 2533 3085
3 9657 6807 579
3 4443 1432 3671
3 6553 1457 4443
3 7623 5966 3408
3 7761 7406 3463
3 1582 5523 4879
3 789 6900 8503
3 227 4129 226
3 229 230 8667
3 8935 6066 8495
3 8559 4263 1758
3 9096 5679 2720
3 9131 1653 5163
3 1651 9065 5019
3 8063 6993 2659
3 2962 4714 1548
3 2962 5218 8220
3 5499 9337 3774
3 3119 8609 5734
3 4287 2423 3539
3 9116 7438 5368
3 9259 3048 9258
3 5288 9180 2648
3 2532 7732 5183
3 7621 7620 5145
3 6650 2532 5183
3 6837 1361 3859
3 7540 4773 2202
3 5626 1702 5107
3 8367 2512 5236
3 2508 8422 8421
3 4345 9831 757
3 3744 5511 1791
3 8273 6857 2954
3 689 3925 7179
3 3646 8773 9185
3 4130 2150 7263
3 9094 3605 7050
3 1841 9052 6153
3 7633 3650 6772
3 8604 5584 2486
3 3111 136 137
3 1771 9514 5614
3 2309 7950 4440
3 874 6136 3451
3 4728 3736 4222
3 6928 6244 3051
3 1079 9335 5684
3 3216 5773 1198
3 8448 7950 4434
3 997 9189 6252
3 5050 609 3848
3 9193 4864 1564
3 6811 4492 2139
3 2202 5824 7540
3 7229 4800 685
3 3160 9776 9775
3 8528 2234 7258
3 6818 2087 9398
3 1367 9547 5341
3 3957 2454 8025
3 6848 6520 3959
3 7875 508 507
3 8608 4114 2376
3 473 249 5415
3 2417 8900 7089
3 5615 1780 9780
3 1421 5493 3005
3 7195 2164 3683
3 9438 5102 9437
3 1227 9508 7379
3 2237 4353 7529
3 6821 3265 5214
3 5956 1110 2888
3 349 350 8774
3 4418 4262 6615
3 1541 7034 4501
3 4255 4441 9715
3 9526 3312 6543
3 5277 2535 9677
3 690 7353 4812
3 6108 1879 2944
3 5040 1089 2899
3 1968 6664 6577
3 6664 3576 6577
3 4408 7200 1581
3 4229 6359 1024
3 2114 8485 4101
3 2951 4584 9276
3 1524 9835 9078
3 7175 7174 2592
3 6966 7132 1042
3 862 4202 6410
3 2982 9093 383
3 8752 5111 838
3 4064 1016 4216
3 9734 4715 9214
3 5590 3740 2543
3 2800 9216 7460
3 5771 3240 1717
3 7554 3975 2273
3 7806 3619 5809
3 752 6507 5153
3 5974 2413 4609
3 9058 4618 4617
3 8725 1378 5330
3 3473 8588 9234
3 4710 5523 1582
3 7546 7545 2246
3 9865 8025 2454
3 9369 4072 5687
3 8610 8811 3319
3 3605 3786 7386
3 2289 4174 8378
3 7569 5086 2287
3 757 4695 4345
3 8941 4183 8377
3 2388 8647 4873
3 5127 5293 2029
3 3322 7812 2364
3 3359 444 443
3 5552 4229 6277
3 2238 7968 4408
3 5226 536 535
3 5748 1954 9229
3 3735 8816 8815
3 9718 9079 2792
3 2104 6394 4445
3 7246 4087 1808
3 6060 2301 6059
3 4022 7956 9045
3 1990 8124 6489
3 6285 286 287
3 9234 6491 3473
3 9856 2954 9554
3 35 4580 7650
3 9428 4086 3165
3 9107 5797 5766
3 3304 8339 7544
3 6336 2394 4944
3 5928 3985 3716
3 6987 5695 6485
3 7474 2233 5807
3 405 8403 6279
3 1873 6148 9498
3 6315 9483 3187
3 6297 5532 1773
3 9241 691 3658
3 2079 5113 9497
3 5898 2079 3687
3 8087 1251 3658
3 4408 6934 2238
3 6629 3370 6628
3 8170 2136 3681
3 6516 5469 2935
3 9245 1864 6022
3 855 3479 7323
3 4821 9880 2840
3 4974 1486 2893
3 2231 6730 9539
3 4439 2136 8170
3 9892 5720 1211
3 1085 9880 4821
3 5104 2607 5085
3 8121 6085 2973
3 1582 6293 3889
3 9250 9441 2669
3 755 9301 5861
3 2032 8173 6465
3 7209 4376 283
3 9252 4424 2002
3 1872 5687 4072
3 2434 5205 5084
3 6285 1770 6072
3 2801 6072 8007
3 8070 2401 5151
3 6132 3313 1184
3 1978 9781 6617
3 3738 176 177
3 6621 4085 5530
3 6360 8818 2827
3 7552 750 4999
3 7743 4587 1644
3 8228 1963 3418
3 1894 6209 9259
3 7683 3960 871
3 1405 9608 7080
3 9739 650 4827
3 1742 5485 5487
3 766 6454 8446
3 7162 8905 2234
3 7128 1125 3050
3 6905 3174 2110
3 9470 1460 8850
3 9264 4940 8133
3 5184 916 3827
3 7977 7979 2350
3 5462 8542 6595
3 8772 5492 1035
3 2663 4641 5765
3 6781 71 5480
3 1116 6694 5267
3 4262 8249 2383
3 6630 7931 1181
3 5779 3387 795
3 2177 7337 6685
3 9111 3186 3343
3 8862 2699 8861
3 4316 9023 7646
3 2283 7678 4989
3 2707 9159 4989
3 8930 1618 5875
3 9746 2103 7553
3 1485 4262 4418
3 2092 6329 5001
3 5501 1747 9762
3 2062 6693 9240
3 4625 2333 4095
3 215 5938 5538
3 8378 8592 2289
3 9277 2880 9278
3 8829 2338 8057
3 5804 8218 4081
3 9248 5370 2837
3 805 8979 4713
3 5388 4851 3846
3 4154 7750 2452
3 2651 9446 3781
3 7207 5472 2099
3 6783 4144 1901
3 3294 6758 6077
3 7236 2782 6757
3 2722 5318 9664
3 6925 9663 2722
3 8390 98 7543
3 6241 9285 1956
3 4761 4760 660
3 5371 1708 3968
3 7020 2310 6657
3 7346 984 6855
3 726 3699 5688
3 9288 5208 3540
3 1504 9921 7433
3 1100 9103 6200
3 3310 8154 1183
3 8147 9438 2929
3 7697 2929 6301
3 3134 6454 1969
3 4910 9119 464
3 8677 8535 2922
3 1810 6501 4943
3 3004 1620 5046
3 8777 1620 7917
3 2420 4414 9047
3 661 4152 7464
3 5192 4077 901
3 528 529 9295
3 8159 5877 1824
3 7558 3112 7494
3 582 3136 4855
3 2333 9644 4781
3 9241 9242 2606
3 3506 8268 769
3 1404 6089 4248
3 4503 6419 3239
3 2759 5123 9300
3 369 6469 4189
3 7413 1892 5148
3 8593 1272 3822
3 2896 4792 9091
3 9767 6450 1439
3 8102 1522 3400
3 2112 7025 6054
3 6995 3153 1784
3 4075 9337 1737
3 8035 934 4213
3 8704 4118 8184
3 9312 8951 1330
3 9012 1330 7867
3 2986 7540 5826
3 6095 1219 3333
3 2326 3775 7972
3 2342 6605 7827
3 4839 6680 1866
3 5748 2868 9309
3 3571 833 5066
3 6629 6628 2239
3 6594 2846 4858
3 9183 4096 8630
3 337 9306 3033
3 5889 9910 7867
3 1011 6711 4646
3 4995 3956 3106
3 1911 4824 3745
3 3117 8186 7798
3 8210 4280 1992
3 585 9906 7970
3 912 7880 4982
3 6418 2619 8532
3 7572 8695 2484
3 701 4341 8095
3 3998 8521 5678
3 630 6783 7363
3 2068 6533 5252
3 4103 7289 1103
3 2547 8432 4656
3 6239 9823 462
3 2205 6042 7483
3 685 5851 3178
3 6082 5221 1697
3 6127 4442 1451
3 1286 9060 6629
3 7809 1984 6639
3 3704 7592 7223
3 1286 4650 6638
3 633 9500 9008
3 8950 2575 5482
3 2806 8810 4304
3 1882 8536 4718
3 7182 4074 8605
3 2550 8840 5264
3 6472 6798 2212
3 6390 4324 2559
3 3306 2143 6707
3 7827 6605 3734
3 5964 2444 3635
3 8127 8437 2938
3 1720 6640 3926
3 3115 6583 6582
3 7963 3271 5526
3 4028 9332 9279
3 2683 4123 9333
3 2377 6185 7882
3 4972 1374 4420
3 8980 8979 2561
3 2584 6912 5114
3 9377 969 5171
3 4750 5982 8123
3 4324 6390 1425
3 124 125 5790
3 6542 129 130
3 1661 5643 4312
3 217 7528 3731
3 6336 4944 1980
3 2824 8419 4621
3 8505 4722 1038
3 7587 6562 2394
3 4722 2766 1038
3 6247 3581 2083
3 4695 3996 9225
3 5179 1702 9342
3 9342 5180 2631
3 6744 5061 2589
3 7222 7221 2649
3 2198 6020 9345
3 2635 9345 9344
3 6767 1261 6663
3 9757 6923 2747
3 5698 9926 1117
3 4534 2145 4366
3 9346 3581 9347
3 6506 3285 848
3 9663 4232 9032
3 8913 1536 4204
3 4277 1546 7590
3 7175 5025 2593
3 8041 9350 1087
3 1090 6809 7850
3 2873 2108 6124
3 6477 9352 1204
3 9914 409 4610
3 8279 4385 5434
3 2662 5029 7914
3 4976 1201 2780
3 4181 8525 1693
3 8045 4940 656
3 9569 3747 1443
3 3526 2267 3472
3 9152 3140 7285
3 3006 1452 5778
3 2324 7853 6370
3 7593 2999 8768
3 7539 959 7185
3 4826 7137 2670
3 1627 7088 3808
3 6977 1164 3197
3 2064 3157 5864
3 433 6732 6084
3 9088 436 6652
3 1224 3237 6419
3 6214 3201 853
3 9080 3023 6214
3 6216 3195 690
3 9566 5329 3820
3 626 5795 5561
3 9775 9337 4075
3 132 2993 9694
3 9694 131 132
3 1771 5614 3272
3 7431 141 4988
3 8477 8476 4040
3 9364 5090 9362
3 3975 3468 2273
3 1462 6376 3928
3 8145 8143 2403
3 4871 3726 8607
3 1368 6427 3566
3 5230 1675 4475
3 665 7941 3733
3 6923 6922 2083
3 1571 4531 8578
3 8497 1262 4571
3 3507 3506 769
3 4675 868 3953
3 3770 5651 5106
3 2013 8119 8738
3 6408 5768 3053
3 3979 9604 1321
3 1321 3981 8364
3 9376 7766 9209
3 7149 1158 2965
3 1215 7153 7096
3 5008 2686 4394
3 7442 3642 1553
3 5600 1037 3568
3 7895 8502 3991
3 8159 1824 5879
3 768 5999 2874
3 7198 5811 2282
3 6873 1051 4823
3 3336 8490 4810
3 8229 5768 6408
3 6296 6294 1944
3 2492 8699 8078
3 6204 5927 321
3 7019 460 4613
3 8324 4793 8183
3 4059 2458 8705
3 3411 2412 8365
3 3701 6339 7346
3 5686 1348 3701
3 9388 3476 5175
3 6714 4089 818
3 7781 3329 1255
3 4381 6736 1457
3 3747 5931 1443
3 6681 2298 4073
3 6989 936 9916
3 4570 1503 8760
3 2555 1108 4751
3 5577 795 3387
3 5125 7856 1685
3 659 4095 6218
3 2138 7239 3982
3 752 9439 6507
3 6043 358 3710
3 8267 2199 8090
3 9190 1346 8233
3 6224 5716 2384
3 7984 845 5422
3 5759 5354 1830
3 2978 8644 7184
3 701 9580 9262
3 6494 8770 2883
3 8508 3428 6076
3 8555 1185 9053
3 859 6104 4085
3 2816 9028 9027
3 4743 2526 8128
3 4669 1549 4564
3 9899 7725 1274
3 9611 6775 2012
3 5926 9403 4237
3 2281 6822 7723
3 7557 5441 1017
3 4970 3014 831
3 1826 8244 8792
3 9406 4115 9405
3 4970 4647 2524
3 2939 6747 8993
3 1473 8675 8716
3 6026 6875 2101
3 7810 7161 3850
3 9895 2975 5629
3 2700 6955 5073
3 7053 1925 6276
3 6823 675 9418
3 2815 9336 8563
3 6812 7769 2139
3 1120 4863 3766
3 2846 9882 4858
3 5178 2211 8827
3 1093 9411 4372
3 5091 9414 3442
3 6117 423 424
3 4621 8419 1552
3 4748 9643 8824
3 9073 5931 1063
3 5096 656 9264
3 6718 5406 2345
3 9445 2027 6192
3 8005 1939 6288
3 6610 9076 2565
3 9419 566 4861
3 2115 8368 6277
3 4351 3661 1414
3 8953 4122 8461
3 2595 9112 5115
3 6002 3863 2218
3 808 7847 4391
3 8703 608 8702
3 6819 1466 4171
3 7929 5231 5835
3 9047 8879 4646
3 4488 1466 4487
3 601 4358 6081
3 7712 6176 9294
3 8625 8469 732
3 2285 7155 7154
3 8514 3299 3349
3 6535 5587 1412
3 2626 9339 9340
3 41 42 9428
3 9640 5935 1642
3 7064 3564 1333
3 3114 9431 1396
3 2808 7689 6959
3 4009 5364 8098
3 5401 9380 1328
3 2098 3440 5882
3 3159 8968 6329
3 1224 6419 4503
3 5472 4622 3590
3 8432 4655 6941
3 9600 1106 7408
3 9387 984 7346
3 6720 7677 2810
3 3805 5971 567
3 1099 7677 6720
3 488 5102 5019
3 3026 5162 1650
3 1229 7851 2661
3 8282 2465 6993
3 596 6755 4842
3 9167 4451 2647
3 2835 5223 9727
3 6184 1468 4450
3 833 8603 6946
3 9599 4738 8091
3 8053 3879 1325
3 4785 8526 3412
3 84 3186 5665
3 80 2780 6571
3 7375 3474 6457
3 6508 1741 5517
3 2812 9350 8041
3 810 4052 8492
3 1000 8409 8184
3 8041 1087 4884
3 1490 3922 9448
3 5074 7320 745
3 614 4010 7692
3 8314 8695 4367
3 9449 1229 8401
3 2543 6403 6291
3 8173 891 4776
3 4329 891 7547
3 5234 3263 1719
3 6558 1217 6536
3 4867 3296 487
3 9648 6171 8077
3 5332 5970 1691
3 1389 6713 4157
3 3436 1248 3393
3 4931 4144 630
3 1665 3374 4966
3 8955 2232 6911
3 7412 9628 1677
3 3032 1709 5376
3 1342 7691 4010
3 4796 5534 7859
3 6481 3878 2916
3 2980 6733 8676
3 6046 3367 762
3 7780 1174 7852
3 5737 1579 2821
3 9590 153 8798
3 8669 2758 8478
3 830 4429 9889
3 5283 8569 4242
3 2216 7469 7470
3 7522 705 7197
3 7522 8211 705
3 7477 3984 2203
3 6725 4340 2123
3 2203 8372 7477
3 8619 3833 764
3 6423 7033 2090
3 1412 8500 3504
3 109 6342 108
3 107 108 9467
3 8700 3327 7392
3 1113 8188 4985
3 673 5540 6937
3 595 6439 9618
3 638 4600 9212
3 9264 8133 2370
3 8782 3421 7713
3 2750 5545 8693
3 9657 4430 2888
3 9628 9422 3647
3 2428 7206 5761
3 2346 8689 4546
3 3570 5881 939
3 3946 6213 767
3 7704 1492 4035
3 3067 3764 6861
3 7338 2397 4819
3 5733 4275 5444
3 5949 4293 1436
3 8873 6312 1913
3 1787 6088 4173
3 1276 8346 7127
3 1898 5703 4085
3 5943 3204 1166
3 9545 1749 5548
3 9689 740 8523
3 5628 699 4955
3 6068 1052 5553
3 9125 563 9124
3 1597 9147 5284
3 7145 8262 2118
3 9242 7696 5267
3 7124 4584 2951
3 9142 1609 4897
3 9932 8266 8902
3 4382 2585 5846
3 8832 5195 2991
3 6854 583 5325
3 7518 6815 2165
3 3158 8177 6271
3 3503 6237 8346
3 9488 1177 6699
3 2614 9133 5596
3 6645 1214 9127
3 8000 991 6889
3 2290 3748 7437
3 2350 7979 7978
3 8582 3604 1753
3 6376 4280 6375
3 9492 1872 5688
3 8579 7077 4712
3 1155 6481 4766
3 3980 969 7764
3 5603 1919 3176
3 6402 1976 3755
3 9530 8117 637
3 5464 1403 4349
3 7544 8339 793
3 6695 6789 3431
3 3035 4691 9268
3 9096 6301 491
3 9174 3020 9173
3 2302 8869 7744
3 7694 2225 3665
3 578 6842 4290
3 7302 1596 6516
3 3308 6750 826
3 1226 3737 3308
3 9291 2920 6671
3 5714 1607 3246
3 7206 5216 1769
3 5789 9503 7591
3 298 4794 297
3 5299 1729 4317
3 5599 3733 1809
3 2104 6265 8558
3 4118 2441 8460
3 5116 1632 3098
3 2659 9202 9019
3 401 400 9507
3 3249 6877 1645
3 8401 1229 7893
3 9510 392 391
3 9509 2658 5978
3 784 3876 7792
3 5044 5906 2658
3 3528 9951 8855
3 191 9511 190
3 2844 5857 9830
3 4987 2581 9795
3 5312 5170 1827
3 5170 4805 1827
3 1407 8385 5947
3 7606 2523 4986
3 1914 5215 7311
3 8708 4065 841
3 7785 5027 3000
3 813 9613 8802
3 3183 1721 6575
3 8322 4037 2513
3 7726 9614 4702
3 2531 6871 6529
3 4965 8685 606
3 8620 7368 3288
3 2387 8136 3560
3 6208 7808 2419
3 9677 831 5277
3 3196 6038 1926
3 9021 2560 4320
3 1306 7995 9061
3 6811 9523 2814
3 4998 1889 4467
3 9306 4005 3033
3 6511 330 5573
3 6396 1212 3510
3 3271 806 5526
3 6962 3937 6961
3 2915 7549 6793
3 3273 6203 2413
3 9527 4508 4509
3 6441 6982 3080
3 3617 395 396
3 897 3199 9257
3 5387 181 182
3 6154 982 4541
3 8483 5464 3299
3 6672 2298 4704
3 4704 9388 5175
3 1982 8497 4571
3 8292 4209 4208
3 3257 8551 7336
3 6505 3856 1124
3 4602 7914 623
3 6433 9816 2681
3 9535 3202 2060
3 9563 6029 3087
3 8344 2422 8343
3 8655 4478 1540
3 9537 9536 2670
3 7907 801 3962
3 3918 1810 3588
3 9538 3117 5551
3 5373 1853 4298
3 6697 6696 1999
3 9540 4292 7763
3 5186 8179 2472
3 3213 7973 2386
3 1903 4120 5870
3 6793 8780 7457
3 8668 6271 2654
3 9342 1702 5180
3 1985 3997 5990
3 2488 8290 9610
3 5566 9743 9742
3 206 3622 205
3 7515 2037 6287
3 9524 4423 3110
3 3193 1911 8122
3 8260 5809 3619
3 4121 8953 1377
3 9033 5289 4026
3 3374 5554 7341
3 8346 5596 3503
3 5684 2855 9191
3 5119 1797 6766
3 8574 3357 7427
3 9551 5438 3298
3 9804 9392 2640
3 7223 2436 5946
3 1487 3973 4565
3 851 3039 7227
3 776 4141 7471
3 5389 8380 2429
3 950 6734 3192
3 8195 1137 5015
3 9074 1132 3695
3 5718 1418 4314
3 2856 6086 5994
3 9769 127 128
3 9048 5790 125
3 4582 6639 1984
3 2239 4843 9323
3 9150 3126 3729
3 1135 9570 8200
3 9617 2054 4069
3 9558 8200 3277
3 1131 5012 7944
3 1743 5072 3055
3 9532 9787 1594
3 4083 4521 1982
3 951 6691 4544
3 4633 2161 4544
3 3880 4451 644
3 1936 9564 7830
3 9565 8490 3799
3 6260 1984 4650
3 4933 2887 1122
3 9567 4811 2753
3 6118 2284 5329
3 9567 2753 4813
3 9566 945 5329
3 4812 2181 9205
3 5931 9073 3917
3 2615 8702 8720
3 9382 1136 7719
3 9570 3799 8200
3 2692 6997 8280
3 6990 9799 3420
3 9007 5956 1445
3 5956 4430 1445
3 2761 5098 6190
3 6832 4958 3227
3 5170 143 144
3 4849 896 3106
3 3530 1679 5439
3 4831 5988 1822
3 4018 1473 8877
3 3895 8676 6733
3 2270 7753 3980
3 1658 4920 6792
3 1030 5312 4024
3 6980 3040 6668
3 1521 4242 4458
3 7560 4219 1961
3 8446 6905 766
3 7184 9317 2353
3 9040 4343 3801
3 5942 9257 2621
3 8530 6016 6319
3 9582 312 313
3 5587 9730 8498
3 5130 1908 3833
3 1918 7545 5611
3 5628 8797 699
3 6068 5346 1052
3 7090 3230 5552
3 2206 7472 5545
3 516 517 9586
3 6076 1172 3133
3 718 3002 5049
3 3149 9434 1607
3 7163 7162 2234
3 2490 9040 7459
3 3150 7821 7073
3 2821 5283 4557
3 1406 9924 7575
3 3041 6564 4190
3 568 7996 8362
3 7295 6697 1999
3 9122 1636 3097
3 4859 3998 807
3 3998 5678 9593
3 7427 3357 9594
3 7269 5393 2668
3 3018 5702 9595
3 8311 4772 2983
3 4150 2525 6751
3 9022 3444 5762
3 1544 6205 2607
3 3426 4331 1028
3 5513 9500 2777
3 7020 1144 8447
3 9718 5353 1073
3 9250 6667 574
3 1905 5461 4477
3 8795 465 466
3 8274 3187 1385
3 1727 5451 6636
3 1641 4104 3577
3 3867 8765 674
3 780 4956 4616
3 3171 510 511
3 3929 8422 6223
3 7754 3950 7753
3 4049 4048 1529
3 425 426 9605
3 6203 9527 4609
3 9606 3324 4062
3 4515 1678 4306
3 7257 4316 2158
3 9798 5361 5081
3 1501 4537 4538
3 2431 4586 5862
3 2431 6344 5783
3 7737 9881 1342
3 3557 7609 8712
3 7473 4142 2208
3 6206 2189 8994
3 8545 3161 6357
3 5795 5794 1886
3 7866 2496 6769
3 6988 4025 3552
3 9667 5766 3300
3 2818 9909 9908
3 9064 2318 8089
3 3837 9374 5652
3 5189 7427 9594
3 7009 3827 916
3 5637 1818 3336
3 6618 6617 3450
3 8731 7809 886
3 3799 1818 8200
3 2982 383 1
3 4907 9223 1559
3 7647 4252 8856
3 4516 2403 4404
3 4060 377 9621
3 9251 4908 1339
3 571 4398 4397
3 3869 9622 7644
3 3274 9623 9755
3 8890 3680 5752
3 7466 7056 989
3 8094 6709 4172
3 5182 3367 5337
3 5230 1139 2943
3 690 3195 6357
3 1733 3208 8201
3 9217 3820 5329
3 2008 6648 5297
3 1677 3812 7412
3 8461 4122 8460
3 6858 7273 1112
3 2974 7383 451
3 7351 5452 2520
3 2475 8666 6188
3 6698 5343 2475
3 9659 476 475
3 1195 7162 9502
3 6671 6907 1151
3 9263 2866 9262
3 4964 3547 457
3 1605 4394 8417
3 3868 7714 5249
3 7841 748 4487
3 3083 6081 1681
3 4539 3194 1951
3 7231 1466 4486
3 9743 5566 666
3 8969 7377 2062
3 8984 8985 2688
3 6462 1989 7166
3 3395 3987 8148
3 5554 3374 1665
3 5025 7394 1413
3 7324 5407 2168
3 6401 2025 8592
3 1416 9358 4310
3 8987 5185 1013
3 3396 5570 4421
3 8763 4621 1552
3 1875 6083 2766
3 1883 4751 9338
3 4409 719 3021
3 3554 7726 4701
3 982 6154 9265
3 8483 3300 8482
3 9646 1402 4349
3 3957 9472 2599
3 2647 9166 9167
3 66 7958 7344
3 7287 2146 3029
3 9913 6638 3369
3 7719 1713 3498
3 3676 7855 2324
3 5558 2338 8829
3 2960 5694 1624
3 8785 7828 5539
3 4415 2109 5726
3 8787 8786 1525
3 8316 3792 4847
3 2076 4025 6114
3 8990 2939 5277
3 1153 3162 7475
3 4180 3341 565
3 4202 9409 6409
3 8028 5853 3539
3 2938 8437 4618
3 5348 9305 3156
3 3857 1420 5384
3 6221 2190 7384
3 450 449 7070
3 9659 2390 8223
3 4131 7319 3290
3 5399 2709 9706
3 8953 4121 8703
3 9421 1055 3647
3 8120 711 6917
3 2030 9761 6654
3 1296 3555 8030
3 8946 618 7248
3 9032 5318 2722
3 4465 618 8946
3 6506 6550 1974
3 9665 2949 8845
3 8539 4648 1603
3 9666 3679 793
3 3103 9936 6443
3 8567 8339 3304
3 1567 6222 4822
3 6429 1340 3940
3 8161 5729 2477
3 5095 1708 3316
3 5405 4020 580
3 9212 9531 4039
3 1555 8439 5796
3 2092 9898 6949
3 2027 9669 6192
3 9672 327 5745
3 4423 9524 1329
3 59 7351 4221
3 7796 56 3278
3 6410 6409 2093
3 6702 1939 4244
3 5984 1182 3342
3 5984 1674 3807
3 4863 2847 1564
3 6704 4326 1141
3 2524 8959 5556
3 7064 1717 3564
3 4557 1521 3523
3 9889 4429 9888
3 9679 8933 6524
3 6448 3556 1610
3 8682 6448 1610
3 159 3785 158
3 1205 6655 7599
3 8034 6109 2740
3 7951 4310 2309
3 612 9622 3869
3 7824 2288 7267
3 9358 1416 4309
3 4369 8977 1464
3 9172 3327 8700
3 1776 8393 4555
3 7205 1774 4796
3 1506 4163 4611
3 431 8065 4611
3 9072 1613 3917
3 8674 1063 5931
3 8467 3759 8787
3 9005 8486 4126
3 9723 4582 6260
3 4015 600 4016
3 7252 2958 6210
3 7181 3934 1312
3 5959 8403 404
3 402 8431 403
3 3944 1369 7991
3 9693 22 23
3 2327 4188 7993
3 8607 3726 1369
3 9694 1326 3989
3 1407 5947 8026
3 2579 7306 8215
3 1873 8232 6148
3 4838 484 6349
3 9510 2661 9020
3 4448 4588 9131
3 390 2984 5431
3 785 7892 4983
3 491 6301 490
3 8604 2486 7171
3 6977 6845 4071
3 7400 1761 3645
3 2997 6554 3892
3 268 5080 267
3 2883 6835 7455
3 859 7146 6133
3 8660 1444 3798
3 9704 8169 9703
3 1362 8519 9703
3 3596 1344 8304
3 3528 6624 9951
3 5550 3965 5301
3 1905 9705 5145
3 5374 7960 2723
3 1715 5993 5399
3 7195 3683 937
3 598 9027 6033
3 4054 7923 654
3 1328 7985 7895
3 1656 5154 5841
3 5841 8227 1656
3 7030 4547 704
3 704 8493 7030
3 7416 1237 4537
3 4953 2073 3659
3 1937 7624 5962
3 3426 1028 6205
3 9705 1905 4477
3 9259 5992 1894
3 2013 5120 8119
3 3217 6135 6134
3 5965 2074 9861
3 4157 640 7282
3 7594 2397 6157
3 9401 6032 9025
3 9155 3226 3202
3 8952 5887 1839
3 717 7437 7445
3 9011 1639 4559
3 4324 8943 2559
3 7944 5557 2627
3 6607 8754 3995
3 7198 19 20
3 5089 1802 4348
3 4326 3213 2386
3 999 5615 8386
3 1436 4295 9722
3 9061 7995 3829
3 3094 6946 6015
3 4765 9448 3261
3 8231 1424 3816
3 3215 9954 8732
3 7245 7392 3327
3 6302 4123 3058
3 2773 5203 1710
3 7699 3248 3837
3 8645 3447 890
3 6980 7636 3913
3 5439 2830 1050
3 9575 8592 2025
3 924 5030 6042
3 6609 764 3504
3 5089 4348 698
3 3882 9730 8965
3 3678 8587 9646
3 5820 1806 5819
3 3897 1335 3615
3 794 3898 7671
3 860 6024 3958
3 8922 3712 7531
3 4030 9621 8804
3 3186 85 4719
3 86 8474 4719
3 4406 1171 3146
3 4779 7942 2385
3 8851 914 7058
3 3873 2712 8850
3 6207 5096 1460
3 9355 5891 930
3 1430 4827 2807
3 4622 1523 3590
3 4297 8667 7595
3 5125 3091 1181
3 8408 1419 8269
3 9668 1262 3586
3 8969 4249 8125
3 1799 3294 4919
3 9743 8290 4208
3 2733 9762 5502
3 941 6879 7124
3 2152 7965 4666
3 1246 3852 6847
3 7810 797 7002
3 8673 5255 7731
3 7843 7939 1350
3 5557 6712 609
3 3438 5867 8728
3 2388 4873 7807
3 961 4773 6097
3 988 5835 4949
3 7464 4152 2201
3 9934 5444 8711
3 9028 6219 1209
3 8137 7487 2329
3 7139 2140 4682
3 3478 9751 1209
3 1924 6103 4658
3 7590 3351 7589
3 9533 6434 860
3 9260 5654 3253
3 9608 5955 5510
3 8549 2315 4178
3 5382 3816 1424
3 6633 1640 5093
3 7332 4872 2335
3 9757 9890 2253
3 7503 3825 6051
3 6625 1137 8195
3 6035 5365 2869
3 539 3734 540
3 7602 536 5226
3 5853 2642 3583
3 9219 2740 6109
3 4062 3324 1659
3 4506 2443 9352
3 1341 7392 7245
3 1459 9282 4190
3 2588 8111 8110
3 5113 4770 9954
3 7687 2286 5251
3 6391 4180 565
3 1788 4285 5632
3 9766 9767 2870
3 2140 4673 9836
3 9001 706 5925
3 7139 968 4640
3 9766 4935 1081
3 8503 6900 3520
3 2003 9137 4858
3 131 9694 3989
3 3774 5613 9557
3 3005 8636 6708
3 4989 7678 9160
3 6500 3722 8826
3 645 7361 4097
3 5120 2013 4922
3 1498 9772 4631
3 2502 7865 5607
3 9917 2804 9449
3 1588 9484 4666
3 4009 1146 7576
3 846 9304 7655
3 5734 8609 1784
3 3764 3067 7845
3 9769 9557 127
3 3838 1770 7772
3 6072 2801 6285
3 4916 2464 9200
3 9201 7524 9200
3 1600 9305 8531
3 4431 4430 2082
3 1602 8834 5054
3 6722 8060 3598
3 7036 859 6133
3 8585 1838 5884
3 9435 9436 2904
3 7434 9064 4068
3 8907 4411 8302
3 667 5637 3336
3 4211 6308 1431
3 886 7212 5412
3 3893 1476 8143
3 7491 596 4842
3 3077 7436 2290
3 543 7674 3306
3 7376 3760 6903
3 9455 9453 2754
3 981 4777 6787
3 694 7746 5381
3 1094 6702 4244
3 5432 6054 994
3 5609 5058 493
3 491 490 9790
3 3171 5593 1759
3 418 417 9791
3 5372 4761 660
3 9023 797 7646
3 8508 5288 3428
3 8905 6906 3174
3 2550 5264 8841
3 7738 9092 4644
3 2094 4215 6972
3 8937 1030 5614
3 5528 8214 6723
3 4921 9796 6008
3 5654 9051 849
3 6550 1335 4465
3 7870 4364 1448
3 8217 2373 8216
3 3453 7767 9805
3 3541 1754 8221
3 2742 5923 9750
3 1010 5478 5303
3 2754 9453 9454
3 8148 5570 3396
3 9802 252 253
3 2265 5301 3965
3 6102 6101 2180
3 5142 8054 1834
3 2580 8761 8760
3 7365 226 4129
3 6776 4140 775
3 1513 4613 8723
3 3797 6621 8945
3 2494 8557 4500
3 6539 5864 6537
3 2638 4682 7734
3 8606 4996 8033
3 4997 7693 4996
3 2340 7656 3914
3 2130 8527 7580
3 4705 9406 9407
3 8895 3580 8894
3 2567 5442 8124
3 4658 6130 1924
3 6335 7492 3247
3 7013 3673 752
3 2841 5564 1085
3 9880 4359 9813
3 8787 3758 8467
3 2877 1236 5548
3 8675 5581 2980
3 9117 3490 2925
3 4498 1547 4497
3 5953 848 3285
3 2255 7814 4562
3 245 7180 3788
3 2464 9770 8211
3 6075 1912 5657
3 1257 3394 7155
3 8863 3836 8334
3 3233 5892 8552
3 5424 3794 688
3 9402 4878 2666
3 7640 6222 1567
3 953 3984 9940
3 5587 8498 2495
3 7063 2184 6837
3 1584 2920 9291
3 5754 8701 1799
3 684 7389 7506
3 3195 1895 6352
3 1634 8616 4812
3 2738 9826 9825
3 8249 4419 2383
3 5247 4491 672
3 5879 654 3016
3 602 4405 7505
3 4871 24 25
3 2974 2068 7289
3 6578 2820 2300
3 9574 6262 3180
3 7526 3956 616
3 8815 8814 5286
3 8404 2121 4817
3 5834 526 4321
3 1480 5981 4344
3 2899 5875 6780
3 3109 8335 5039
3 7195 3390 9860
3 6918 8664 2163
3 5525 3602 1766
3 4449 1595 6834
3 9765 4673 8711
3 6044 3086 4387
3 4757 6059 2301
3 7025 5142 994
3 5046 731 3004
3 5711 7993 5904
3 4642 8561 1950
3 3143 1197 5673
3 2002 6138 9252
3 9701 8644 6494
3 6325 3500 9711
3 4169 3257 1408
3 4204 7040 2662
3 5665 83 84
3 5187 2871 1664
3 8060 9152 3262
3 8310 3363 7867
3 5245 857 3923
3 5377 644 3329
3 8115 7421 1432
3 1438 8504 6088
3 1226 7043 9135
3 9396 4205 7319
3 9847 5937 4224
3 3864 420 5091
3 626 5561 3603
3 500 4609 499
3 8759 2642 5853
3 9850 8948 2999
3 7447 5336 3693
3 247 248 9851
3 9851 248 473
3 1233 8112 7593
3 2671 3266 5197
3 2903 1731 4523
3 5509 2963 9853
3 2102 6956 3656
3 8364 7755 2270
3 4111 8415 1554
3 1522 9076 3406
3 6734 950 2902
3 2954 6678 8273
3 5064 1657 3848
3 5050 8728 609
3 731 8272 7992
3 1417 5409 4276
3 4160 7860 5246
3 7991 1369 7444
3 9115 7316 3683
3 8746 7196 1268
3 908 3937 6962
3 8668 6845 3197
3 8395 6258 892
3 1400 3548 5320
3 9068 3406 6194
3 4088 4004 1001
3 9771 3130 5648
3 7492 1578 3247
3 9456 4481 1958
3 5341 5269 2850
3 5607 7277 2502
3 9866 393 392
3 1812 9546 4158
3 5854 3667 1876
3 5739 6502 1807
3 8376 2453 4105
3 6100 9009 2749
3 3477 3117 9538
3 1002 7470 5190
3 7065 1746 7032
3 6982 1874 6051
3 384 7586 6562
3 7079 1792 5689
3 3216 4173 8504
3 9335 1787 5684
3 4000 6090 4333
3 4403 5219 1722
3 6080 8016 1206
3 1424 4833 3815
3 7320 5074 3128
3 1243 6660 6446
3 6604 8713 1745
3 2971 815 6995
3 7276 9176 2217
3 9506 729 4119
3 2841 1085 3623
3 2841 3623 5200
3 9279 1429 4359
3 2620 6142 8929
3 6786 1430 4362
3 9881 9457 3472
3 590 9468 9172
3 7105 6635 2679
3 8813 5825 1050
3 5293 5127 2530
3 9077 4637 2180
3 7808 6208 4864
3 587 5360 4862
3 6170 1393 3565
3 5489 9292 1280
3 1804 9021 5413
3 1804 5413 8018
3 2093 6409 4201
3 8669 6270 1461
3 3677 6149 791
3 8058 912 6018
3 7575 3061 6688
3 1861 7303 4132
3 2258 3569 7708
3 4888 760 2947
3 6647 889 4048
3 3397 3010 1222
3 5370 1241 3316
3 9670 2708 9669
3 7456 3835 4678
3 2392 6660 3284
3 2830 5439 5243
3 9307 4151 8135
3 7666 939 5881
3 1119 9789 6276
3 2682 9616 5079
3 7165 925 5421
3 8908 5493 1247
3 2285 6373 4936
3 8758 960 5133
3 3208 960 8925
3 8116 1397 4239
3 5375 8783 2639
3 3316 6883 6882
3 6742 4061 2026
3 6824 3353 1871
3 9083 4067 8089
3 4672 9835 4600
3 5727 8464 2427
3 7014 3890 2091
3 7219 585 5308
3 6385 434 433
3 777 7406 7761
3 2785 9907 5140
3 2405 7776 7775
3 4072 9785 1872
3 9039 1475 4504
3 6339 9901 3700
3 4504 8203 9387
3 1306 8633 7995
3 8350 6063 4740
3 7497 9518 1273
3 9495 7726 4702
3 9312 4005 2575
3 8950 5245 3057
3 8039 1848 4828
3 8850 2712 4482
3 3559 9652 1525
3 710 3362 9781
3 6308 4211 2204
3 7846 2818 6530
3 9603 2443 4506
3 8515 8307 1039
3 9420 1414 8836
3 6672 9212 4039
3 8315 7423 2398
3 9338 4751 2649
3 9696 9695 1228
3 9919 5043 2804
3 9773 5044 394
3 5431 2984 4899
3 8481 7893 2339
3 7049 2719 3813
3 7045 5240 1299
3 2424 5966 9069
3 9805 7767 2604
3 3742 2007 3337
3 9594 1242 7023
3 9617 2682 6439
3 7085 6934 1581
3 9558 5177 2828
3 6280 5670 1938
3 1861 4496 7297
3 6622 2213 5719
3 5337 1173 5182
3 1551 4520 8456
3 7160 4469 3508
3 9863 1531 9678
3 149 150 8051
3 4317 9928 8007
3 5403 2065 5157
3 4828 4080 1981
3 7777 2405 4003
3 746 9318 4250
3 9544 3585 8291
3 802 7333 9855
3 8765 6510 674
3 5787 672 4491
3 7307 1824 5401
3 4804 2762 4389
3 6815 2912 7224
3 4894 9800 9944
3 2368 7568 4293
3 5746 1913 4935
3 9935 5733 2772
3 4429 830 4135
3 3320 9107 6443
3 3486 3349 793
3 4878 2447 2981
3 8778 4878 2981
3 6248 4153 2159
3 9714 1683 9604
3 5741 5742 2259
3 5793 2650 3625
3 9466 4273 7617
3 6455 6454 2865
3 465 4911 4910
3 2127 6854 5325
3 4500 1494 3199
3 1125 3828 6731
3 9115 2164 3666
3 3358 6637 7612
3 9716 7338 1081
3 1761 9700 8859
3 4860 945 8825
3 9825 9568 1530
3 7410 4050 1529
3 3380 1652 5909
3 6386 5045 427
3 9761 2802 6654
3 9586 7104 6341
3 2762 6827 1072
3 6839 302 303
3 7344 7891 2608
3 8295 6723 1216
3 9951 6624 1344
3 6624 9704 8304
3 6525 1148 3120
3 8849 3483 3321
3 3553 1537 4715
3 2 3 9953
3 8521 4859 1636
3 7363 6783 3393
3 7275 6135 3452
3 7493 7125 3216
3 6887 2538 8126
3 1193 4796 6578
3 5142 9764 7989
3 5870 4380 2863

CELL_TYPES 19530
5
5
5
5
5
5
5
5
5
5
5
5
5
5
5
5
5
5
5
5
5
5
5
5
5
5
5
5
5
5
5
5
5
5
5
5
5
5
5
5
5
5
5
5
5
5
5
5
5
5
5
5
5
5
5
5
5
5
5
5
5
5
5
5
5
5
5
5
5
5
5
5
5
5
5
5
5
5
5
5
5
5
5
5
5
5
5
5
5
5
5
5
5
5
5
5
5
5
5
5
5
5
5
5
5
5
5
5
5
5
5
5
5
5
5
5
5
5
5
5
5
5
5
5
5
5
5
5
5
5
5
5
5
5
5
5
5
5
5
5
5
5
5
5
5
5
5
5
5
5
5
5
5
5
5
5
5
5
5
5
5
5
5
5
5
5
5
5
5
5
5
5
5
5
5
5
5
5
5
5
5
5
5
5
5
5
5
5
5
5
5
5
5
5
5
5
5
5
5
5
5
5
5
5
5
5
5
5
5
5
5
5
5
5
5
5
5
5
5
5
5
5
5
5
5
5
5
5
5
5
5
5
5
5
5
5
5
5
5
5
5
5
5
5
5
5
5
5
5
5
5
5
5
5
5
5
5
5
5
5
5
5
5
5
5
5
5
5
5
5
5
5
5
5
5
5
5
5
5
5
5
5
5
5
5
5
5
5
5
5
5
5
5
5
5
5
5
5
5
5
5
5
5
5
5
5
5
5
5
5
5
5
5
5
5
5
5
5
5
5
5
5
5
5
5
5
5
5
5
5
5
5
5
5
5
5
5
5
5
5
5
5
5
5
5
5
5
5
5
5
5
5
5
5
5
5
5
5
5
5
5
5
5
5
5
5
5
5
5
5
5
5
5
5
5
5
5
5
5
5
5
5
5
5
5
5
5
5
5
5
5
5
5
5
5
5
5
5
5
5
5
5
5
5
5
5
5
5
5
5
5
5
5
5
5
5
5
5
5
5
5
5
5
5
5
5
5
5
5
5
5
5
5
5
5
5
5
5
5
5
5
5
5
5
5
5
5
5
5
5
5
5
5
5
5
5
5
5
5
5
5
5
5
5
5
5
5
5
5
5
5
5
5
5
5
5
5
5
5
5
5
5
5
5
5
5
5
5
5
5
5
5
5
5
5
5
5
5
5
5
5
5
5
5
5
5
5
5
5
5
5
5
5
5
5
5
5
5
5
5
5
5
5
5
5
5
5
5
5
5
5
5
5
5
5
5
5
5
5
5
5
5
5
5
5
5
5
5
5
5
5
5
5
5
5
5
5
5
5
5
5
5
5
5
5
5
5
5
5
5
5
5
5
5
5
5
5
5
5
5
5
5
5
5
5
5
5
5
5
5
5
5
5
5
5
5
5
5
5
5
5
5
5
5
5
5
5
5
5
5
5
5
5
5
5
5
5
5
5
5
5
5
5
5
5
5
5
5
5
5
5
5
5
5
5
5
5
5
5
5
5
5
5
5
5
5
5
5
5
5
5
5
5
5
5
5
5
5
5
5
5
5
5
5
5
5
5
5
5
5
5
5
5
5
5
5
5
5
5
5
5
5
5
5
5
5
5
5
5
5
5
5
5
5
5
5
5
5
5
5
5
5
5
5
5
5
5
5
5
5
5
5
5
5
5
5
5
5
5
5
5
5
5
5
5
5
5
5
5
5
5
5
5
5
5
5
5
5
5
5
5
5
5
5
5
5
5
5
5
5
5
5
5
5
5
5
5
5
5
5
5
5
5
5
5
5
5
5
5
5
5
5
5
5
5
5
5
5
5
5
5
5
5
5
5
5
5
5
5
5
5
5
5
5
5
5
5
5
5
5
5
5
5
5
5
5
5
5
5
5
5
5
5
5
5
5
5
5
5
5
5
5
5
5
5
5
5
5
5
5
5
5
5
5
5
5
5
5
5
5
5
5
5
5
5
5
5
5
5
5
5
5
5
5
5
5
5
5
5
5
5
5
5
5
5
5
5
5
5
5
5
5
5
5
5
5
5
5
5
5
5
5
5
5
5
5
5
5
5
5
5
5
5
5
5
5
5
5
5
5
5
5
5
5
5
5
5
5
5
5
5
5
5
5
5
5
5
5
5
5
5
5
5
5
5
5
5
5
5
5
5
5
5
5
5
5
5
5
5
5
5
5
5
5
5
5
5
5
5
5
5
5
5
5
5
5
5
5
5
5
5
5
5
5
5
5
5
5
5
5
5
5
5
5
5
5
5
5
5
5
5
5
5
5
5
5
5
5
5
5
5
5
5
5
5
5
5
5
5
5
5
5
5
5
5
5
5
5
5
5
5
5
5
5
5
5
5
5
5
5
5
5
5
5
5
5
5
5
5
5
5
5
5
5
5
5
5
5
5
5
5
5
5
5
5
5
5
5
5
5
5
5
5
5
5
5
5
5
5
5
5
5
5
5
5
5
5
5
5
5
5
5
5
5
5
5
5
5
5
5
5
5
5
5
5
5
5
5
5
5
5
5
5
5
5
5
5
5
5
5
5
5
5
5
5
5
5
5
5
5
5
5
5
5
5
5
5
5
5
5
5
5
5
5
5
5
5
5
5
5
5
5
5
5
5
5
5
5
5
5
5
5
5
5
5
5
5
5
5
5
5
5
5
5
5
5
5
5
5
5
5
5
5
5
5
5
5
5
5
5
5
5
5
5
5
5
5
5
5
5
5
5
5
5
5
5
5
5
5
5
5
5
5
5
5
5
5
5
5
5
5
5
5
5
5
5
5
5
5
5
5
5
5
5
5
5
5
5
5
5
5
5
5
5
5
5
5
5
5
5
5
5
5
5
5
5
5
5
5
5
5
5
5
5
5
5
5
5
5
5
5
5
5
5
5
5
5
5
5
5
5
5
5
5
5
5
5
5
5
5
5
5
5
5
5
5
5
5
5
5
5
5
5
5
5
5
5
5
5
5
5
5
5
5
5
5
5
5
5
5
5
5
5
5
5
5
5
5
5
5
5
5
5
5
5
5
5
5
5
5
5
5
5
5
5
5
5
5
5
5
5
5
5
5
5
5
5
5
5
5
5
5
5
5
5
5
5
5
5
5
5
5
5
5
5
5
5
5
5
5
5
5
5
5
5
5
5
5
5
5
5
5
5
5
5
5
5
5
5
5
5
5
5
5
5
5
5
5
5
5
5
5
5
5
5
5
5
5
5
5
5
5
5
5
5
5
5
5
5
5
5
5
5
5
5
5
5
5
5
5
5
5
5
5
5
5
5
5
5
5
5
5
5
5
5
5
5
5
5
5
5
5
5
5
5
5
5
5
5
5
5
5
5
5
5
5
5
5
5
5
5
5
5
5
5
5
5
5
5
5
5
5
5
5
5
5
5
5
5
5
5
5
5
5
5
5
5
5
5
5
5
5
5
5
5
5
5
5
5
5
5
5
5
5
5
5
5
5
5
5
5
5
5
5
5
5
5
5
5
5
5
5
5
5
5
5
5
5
5
5
5
5
5
5
5
5
5
5
5
5
5
5
5
5
5
5
5
5
5
5
5
5
5
5
5
5
5
5
5
5
5
5
5
5
5
5
5
5
5
5
5
5
5
5
5
5
5
5
5
5
5
5
5
5
5
5
5
5
5
5
5
5
5
5
5
5
5
5
5
5
5
5
5
5
5
5
5
5
5
5
5
5
5
5
5
5
5
5
5
5
5
5
5
5
5
5
5
5
5
5
5
5
5
5
5
5
5
5
5
5
5
5
5
5
5
5
5
5
5
5
5
5
5
5
5
5
5
5
5
5
5
5
5
5
5
5
5
5
5
5
5
5
5
5
5
5
5
5
5
5
5
5
5
5
5
5
5
5
5
5
5
5
5
5
5
5
5
5
5
5
5
5
5
5
5
5
5
5
5
5
5
5
5
5
5
5
5
5
5
5
5
5
5
5
5
5
5
5
5
5
5
5
5
5
5
5
5
5
5
5
5
5
5
5
5
5
5
5
5
5
5
5
5
5
5
5
5
5
5
5
5
5
5
5
5
5
5
5
5
5
5
5
5
5
5
5
5
5
5
5
5
5
5
5
5
5
5
5
5
5
5
5
5
5
5
5
5
5
5
5
5
5
5
5
5
5
5
5
5
5
5
5
5
5
5
5
5
5
5
5
5
5
5
5
5
5
5
5
5
5
5
5
5
5
5
5
5
5
5
5
5
5
5
5
5
5
5
5
5
5
5
5
5
5
5
5
5
5
5
5
5
5
5
5
5
5
5
5
5
5
5
5
5
5
5
5
5
5
5
5
5
5
5
5
5
5
5
5
5
5
5
5
5
5
5
5
5
5
5
5
5
5
5
5
5
5
5
5
5
5
5
5
5
5
5
5
5
5
5
5
5
5
5
5
5
5
5
5
5
5
5
5
5
5
5
5
5
5
5
5
5
5
5
5
5
5
5
5
5
5
5
5
5
5
5
5
5
5
5
5
5
5
5
5
5
5
5
5
5
5
5
5
5
5
5
5
5
5
5
5
5
5
5
5
5
5
5
5
5
5
5
5
5
5
5
5
5
5
5
5
5
5
5
5
5
5
5
5
5
5
5
5
5
5
5
5
5
5
5
5
5
5
5
5
5
5
5
5
5
5
5
5
5
5
5
5
5
5
5
5
5
5
5
5
5
5
5
5
5
5
5
5
5
5
5
5
5
5
5
5
5
5
5
5
5
5
5
5
5
5
5
5
5
5
5
5
5
5
5
5
5
5
5
5
5
5
5
5
5
5
5
5
5
5
5
5
5
5
5
5
5
5
5
5
5
5
5
5
5
5
5
5
5
5
5
5
5
5
5
5
5
5
5
5
5
5
5
5
5
5
5
5
5
5
5
5
5
5
5
5
5
5
5
5
5
5
5
5
5
5
5
5
5
5
5
5
5
5
5
5
5
5
5
5
5
5
5
5
5
5
5
5
5
5
5
5
5
5
5
5
5
5
5
5
5
5
5
5
5
5
5
5
5
5
5
5
5
5
5
5
5
5
5
5
5
5
5
5
5
5
5
5
5
5
5
5
5
5
5
5
5
5
5
5
5
5
5
5
5
5
5
5
5
5
5
5
5
5
5
5
5
5
5
5
5
5
5
5
5
5
5
5
5
5
5
5
5
5
5
5
5
5
5
5
5
5
5
5
5
5
5
5
5
5
5
5
5
5
5
5
5
5
5
5
5
5
5
5
5
5
5
5
5
5
5
5
5
5
5
5
5
5
5
5
5
5
5
5
5
5
5
5
5
5
5
5
5
5
5
5
5
5
5
5
5
5
5
5
5
5
5
5
5
5
5
5
5
5
5
5
5
5
5
5
5
5
5
5
5
5
5
5
5
5
5
5
5
5
5
5
5
5
5
5
5
5
5
5
5
5
5
5
5
5
5
5
5
5
5
5
5
5
5
5
5
5
5
5
5
5
5
5
5
5
5
5
5
5
5
5
5
5
5
5
5
5
5
5
5
5
5
5
5
5
5
5
5
5
5
5
5
5
5
5
5
5
5
5
5
5
5
5
5
5
5
5
5
5
5
5
5
5
5
5
5
5
5
5
5
5
5
5
5
5
5
5
5
5
5
5
5
5
5
5
5
5
5
5
5
5
5
5
5
5
5
5
5
5
5
5
5
5
5
5
5
5
5
5
5
5
5
5
5
5
5
5
5
5
5
5
5
5
5
5
5
5
5
5
5
5
5
5
5
5
5
5
5
5
5
5
5
5
5
5
5
5
5
5
5
5
5
5
5
5
5
5
5
5
5
5
5
5
5
5
5
5
5
5
5
5
5
5
5
5
5
5
5
5
5
5
5
5
5
5
5
5
5
5
5
5
5
5
5
5
5
5
5
5
5
5
5
5
5
5
5
5
5
5
5
5
5
5
5
5
5
5
5
5
5
5
5
5
5
5
5
5
5
5
5
5
5
5
5
5
5
5
5
5
5
5
5
5
5
5
5
5
5
5
5
5
5
5
5
5
5
5
5
5
5
5
5
5
5
5
5
5
5
5
5
5
5
5
5
5
5
5
5
5
5
5
5
5
5
5
5
5
5
5
5
5
5
5
5
5
5
5
5
5
5
5
5
5
5
5
5
5
5
5
5
5
5
5
5
5
5
5
5
5
5
5
5
5
5
5
5
5
5
5
5
5
5
5
5
5
5
5
5
5
5
5
5
5
5
5
5
5
5
5
5
5
5
5
5
5
5
5
5
5
5
5
5
5
5
5
5
5
5
5
5
5
5
5
5
5
5
5
5
5
5
5
5
5
5
5
5
5
5
5
5
5
5
5
5
5
5
5
5
5
5
5
5
5
5
5
5
5
5
5
5
5
5
5
5
5
5
5
5
5
5
5
5
5
5
5
5
5
5
5
5
5
5
5
5
5
5
5
5
5
5
5
5
5
5
5
5
5
5
5
5
5
5
5
5
5
5
5
5
5
5
5
5
5
5
5
5
5
5
5
5
5
5
5
5
5
5
5
5
5
5
5
5
5
5
5
5
5
5
5
5
5
5
5
5
5
5
5
5
5
5
5
5
5
5
5
5
5
5
5
5
5
5
5
5
5
5
5
5
5
5
5
5
5
5
5
5
5
5
5
5
5
5
5
5
5
5
5
5
5
5
5
5
5
5
5
5
5
5
5
5
5
5
5
5
5
5
5
5
5
5
5
5
5
5
5
5
5
5
5
5
5
5
5
5
5
5
5
5
5
5
5
5
5
5
5
5
5
5
5
5
5
5
5
5
5
5
5
5
5
5
5
5
5
5
5
5
5
5
5
5
5
5
5
5
5
5
5
5
5
5
5
5
5
5
5
5
5
5
5
5
5
5
5
5
5
5
5
5
5
5
5
5
5
5
5
5
5
5
5
5
5
5
5
5
5
5
5
5
5
5
5
5
5
5
5
5
5
5
5
5
5
5
5
5
5
5
5
5
5
5
5
5
5
5
5
5
5
5
5
5
5
5
5
5
5
5
5
5
5
5
5
5
5
5
5
5
5
5
5
5
5
5
5
5
5
5
5
5
5
5
5
5
5
5
5
5
5
5
5
5
5
5
5
5
5
5
5
5
5
5
5
5
5
5
5
5
5
5
5
5
5
5
5
5
5
5
5
5
5
5
5
5
5
5
5
5
5
5
5
5
5
5
5
5
5
5
5
5
5
5
5
5
5
5
5
5
5
5
5
5
5
5
5
5
5
5
5
5
5
5
5
5
5
5
5
5
5
5
5
5
5
5
5
5
5
5
5
5
5
5
5
5
5
5
5
5
5
5
5
5
5
5
5
5
5
5
5
5
5
5
5
5
5
5
5
5
5
5
5
5
5
5
5
5
5
5
5
5
5
5
5
5
5
5
5
5
5
5
5
5
5
5
5
5
5
5
5
5
5
5
5
5
5
5
5
5
5
5
5
5
5
5
5
5
5
5
5
5
5
5
5
5
5
5
5
5
5
5
5
5
5
5
5
5
5
5
5
5
5
5
5
5
5
5
5
5
5
5
5
5
5
5
5
5
5
5
5
5
5
5
5
5
5
5
5
5
5
5
5
5
5
5
5
5
5
5
5
5
5
5
5
5
5
5
5
5
5
5
5
5
5
5
5
5
5
5
5
5
5
5
5
5
5
5
5
5
5
5
5
5
5
5
5
5
5
5
5
5
5
5
5
5
5
5
5
5
5
5
5
5
5
5
5
5
5
5
5
5
5
5
5
5
5
5
5
5
5
5
5
5
5
5
5
5
5
5
5
5
5
5
5
5
5
5
5
5
5
5
5
5
5
5
5
5
5
5
5
5
5
5
5
5
5
5
5
5
5
5
5
5
5
5
5
5
5
5
5
5
5
5
5
5
5
5
5
5
5
5
5
5
5
5
5
5
5
5
5
5
5
5
5
5
5
5
5
5
5
5
5
5
5
5
5
5
5
5
5
5
5
5
5
5
5
5
5
5
5
5
5
5
5
5
5
5
5
5
5
5
5
5
5
5
5
5
5
5
5
5
5
5
5
5
5
5
5
5
5
5
5
5
5
5
5
5
5
5
5
5
5
5
5
5
5
5
5
5
5
5
5
5
5
5
5
5
5
5
5
5
5
5
5
5
5
5
5
5
5
5
5
5
5
5
5
5
5
5
5
5
5
5
5
5
5
5
5
5
5
5
5
5
5
5
5
5
5
5
5
5
5
5
5
5
5
5
5
5
5
5
5
5
5
5
5
5
5
5
5
5
5
5
5
5
5
5
5
5
5
5
5
5
5
5
5
5
5
5
5
5
5
5
5
5
5
5
5
5
5
5
5
5
5
5
5
5
5
5
5
5
5
5
5
5
5
5
5
5
5
5
5
5
5
5
5
5
5
5
5
5
5
5
5
5
5
5
5
5
5
5
5
5
5
5
5
5
5
5
5
5
5
5
5
5
5
5
5
5
5
5
5
5
5
5
5
5
5
5
5
5
5
5
5
5
5
5
5
5
5
5
5
5
5
5
5
5
5
5
5
5
5
5
5
5
5
5
5
5
5
5
5
5
5
5
5
5
5
5
5
5
5
5
5
5
5
5
5
5
5
5
5
5
5
5
5
5
5
5
5
5
5
5
5
5
5
5
5
5
5
5
5
5
5
5
5
5
5
5
5
5
5
5
5
5
5
5
5
5
5
5
5
5
5
5
5
5
5
5
5
5
5
5
5
5
5
5
5
5
5
5
5
5
5
5
5
5
5
5
5
5
5
5
5
5
5
5
5
5
5
5
5
5
5
5
5
5
5
5
5
5
5
5
5
5
5
5
5
5
5
5
5
5
5
5
5
5
5
5
5
5
5
5
5
5
5
5
5
5
5
5
5
5
5
5
5
5
5
5
5
5
5
5
5
5
5
5
5
5
5
5
5
5
5
5
5
5
5
5
5
5
5
5
5
5
5
5
5
5
5
5
5
5
5
5
5
5
5
5
5
5
5
5
5
5
5
5
5
5
5
5
5
5
5
5
5
5
5
5
5
5
5
5
5
5
5
5
5
5
5
5
5
5
5
5
5
5
5
5
5
5
5
5
5
5
5
5
5
5
5
5
5
5
5
5
5
5
5
5
5
5
5
5
5
5
5
5
5
5
5
5
5
5
5
5
5
5
5
5
5
5
5
5
5
5
5
5
5
5
5
5
5
5
5
5
5
5
5
5
5
5
5
5
5
5
5
5
5
5
5
5
5
5
5
5
5
5
5
5
5
5
5
5
5
5
5
5
5
5
5
5
5
5
5
5
5
5
5
5
5
5
5
5
5
5
5
5
5
5
5
5
5
5
5
5
5
5
5
5
5
5
5
5
5
5
5
5
5
5
5
5
5
5
5
5
5
5
5
5
5
5
5
5
5
5
5
5
5
5
5
5
5
5
5
5
5
5
5
5
5
5
5
5
5
5
5
5
5
5
5
5
5
5
5
5
5
5
5
5
5
5
5
5
5
5
5
5
5
5
5
5
5
5
5
5
5
5
5
5
5
5
5
5
5
5
5
5
5
5
5
5
5
5
5
5
5
5
5
5
5
5
5
5
5
5
5
5
5
5
5
5
5
5
5
5
5
5
5
5
5
5
5
5
5
5
5
5
5
5
5
5
5
5
5
5
5
5
5
5
5
5
5
5
5
5
5
5
5
5
5
5
5
5
5
5
5
5
5
5
5
5
5
5
5
5
5
5
5
5
5
5
5
5
5
5
5
5
5
5
5
5
5
5
5
5
5
5
5
5
5
5
5
5
5
5
5
5
5
5
5
5
5
5
5
5
5
5
5
5
5
5
5
5
5
5
5
5
5
5
5
5
5
5
5
5
5
5
5
5
5
5
5
5
5
5
5
5
5
5
5
5
5
5
5
5
5
5
5
5
5
5
5
5
5
5
5
5
5
5
5
5
5
5
5
5
5
5
5
5
5
5
5
5
5
5
5
5
5
5
5
5
5
5
5
5
5
5
5
5
5
5
5
5
5
5
5
5
5
5
5
5
5
5
5
5
5
5
5
5
5
5
5
5
5
5
5
5
5
5
5
5
5
5
5
5
5
5
5
5
5
5
5
5
5
5
5
5
5
5
5
5
5
5
5
5
5
5
5
5
5
5
5
5
5
5
5
5
5
5
5
5
5
5
5
5
5
5
5
5
5
5
5
5
5
5
5
5
5
5
5
5
5
5
5
5
5
5
5
5
5
5
5
5
5
5
5
5
5
5
5
5
5
5
5
5
5
5
5
5
5
5
5
5
5
5
5
5
5
5
5
5
5
5
5
5
5
5
5
5
5
5
5
5
5
5
5
5
5
5
5
5
5
5
5
5
5
5
5
5
5
5
5
5
5
5
5
5
5
5
5
5
5
5
5
5
5
5
5
5
5
5
5
5
5
5
5
5
5
5
5
5
5
5
5
5
5
5
5
5
5
5
5
5
5
5
5
5
5
5
5
5
5
5
5
5
5
5
5
5
5
5
5
5
5
5
5
5
5
5
5
5
5
5
5
5
5
5
5
5
5
5
5
5
5
5
5
5
5
5
5
5
5
5
5
5
5
5
5
5
5
5
5
5
5
5
5
5
5
5
5
5
5
5
5
5
5
5
5
5
5
5
5
5
5
5
5
5
5
5
5
5
5
5
5
5
5
5
5
5
5
5
5
5
5
5
5
5
5
5
5
5
5
5
5
5
5
5
5
5
5
5
5
5
5
5
5
5
5
5
5
5
5
5
5
5
5
5
5
5
5
5
5
5
5
5
5
5
5
5
5
5
5
5
5
5
5
5
5
5
5
5
5
5
5
5
5
5
5
5
5
5
5
5
5
5
5
5
5
5
5
5
5
5
5
5
5
5
5
5
5
5
5
5
5
5
5
5
5
5
5
5
5
5
5
5
5
5
5
5
5
5
5
5
5
5
5
5
5
5
5
5
5
5
5
5
5
5
5
5
5
5
5
5
5
5
5
5
5
5
5
5
5
5
5
5
5
5
5
5
5
5
5
5
5
5
5
5
5
5
5
5
5
5
5
5
5
5
5
5
5
5
5
5
5
5
5
5
5
5
5
5
5
5
5
5
5
5
5
5
5
5
5
5
5
5
5
5
5
5
5
5
5
5
5
5
5
5
5
5
5
5
5
5
5
5
5
5
5
5
5
5
5
5
5
5
5
5
5
5
5
5
5
5
5
5
5
5
5
5
5
5
5
5
5
5
5
5
5
5
5
5
5
5
5
5
5
5
5
5
5
5
5
5
5
5
5
5
5
5
5
5
5
5
5
5
5
5
5
5
5
5
5
5
5
5
5
5
5
5
5
5
5
5
5
5
5
5
5
5
5
5
5
5
5
5
5
5
5
5
5
5
5
5
5
5
5
5
5
5
5
5
5
5
5
5
5
5
5
5
5
5
5
5
5
5
5
5
5
5
5
5
5
5
5
5
5
5
5
5
5
5
5
5
5
5
5
5
5
5
5
5
5
5
5
5
5
5
5
5
5
5
5
5
5
5
5
5
5
5
5
5
5
5
5
5
5
5
5
5
5
5
5
5
5
5
5
5
5
5
5
5
5
5
5
5
5
5
5
5
5
5
5
5
5
5
5
5
5
5
5
5
5
5
5
5
5
5
5
5
5
5
5
5
5
5
5
5
5
5
5
5
5
5
5
5
5
5
5
5
5
5
5
5
5
5
5
5
5
5
5
5
5
5
5
5
5
5
5
5
5
5
5
5
5
5
5
5
5
5
5
5
5
5
5
5
5
5
5
5
5
5
5
5
5
5
5
5
5
5
5
5
5
5
5
5
5
5
5
5
5
5
5
5
5
5
5
5
5
5
5
5
5
5
5
5
5
5
5
5
5
5
5
5
5
5
5
5
5
5
5
5
5
5
5
5
5
5
5
5
5
5
5
5
5
5
5
5
5
5
5
5
5
5
5
5
5
5
5
5
5
5
5
5
5
5
5
5
5
5
5
5
5
5
5
5
5
5
5
5
5
5
5
5
5
5
5
5
5
5
5
5
5
5
5
5
5
5
5
5
5
5
5
5
5
5
5
5
5
5
5
5
5
5
5
5
5
5
5
5
5
5
5
5
5
5
5
5
5
5
5
5
5
5
5
5
5
5
5
5
5
5
5
5
5
5
5
5
5
5
5
5
5
5
5
5
5
5
5
5
5
5
5
5
5
5
5
5
5
5
5
5
5
5
5
5
5
5
5
5
5
5
5
5
5
5
5
5
5
5
5
5
5
5
5
5
5
5
5
5
5
5
5
5
5
5
5
5
5
5
5
5
5
5
5
5
5
5
5
5
5
5
5
5
5
5
5
5
5
5
5
5
5
5
5
5
5
5
5
5
5
5
5
5
5
5
5
5
5
5
5
5
5
5
5
5
5
5
5
5
5
5
5
5
5
5
5
5
5
5
5
5
5
5
5
5
5
5
5
5
5
5
5
5
5
5
5
5
5
5
5
5
5
5
5
5
5
5
5
5
5
5
5
5
5
5
5
5
5
5
5
5
5
5
5
5
5
5
5
5
5
5
5
5
5
5
5
5
5
5
5
5
5
5
5
5
5
5
5
5
5
5
5
5
5
5
5
5
5
5
5
5
5
5
5
5
5
5
5
5
5
5
5
5
5
5
5
5
5
5
5
5
5
5
5
5
5
5
5
5
5
5
5
5
5
5
5
5
5
5
5
5
5
5
5
5
5
5
5
5
5
5
5
5
5
5
5
5
5
5
5
5
5
5
5
5
5
5
5
5
5
5
5
5
5
5
5
5
5
5
5
5
5
5
5
5
5
5
5
5
5
5
5
5
5
5
5
5
5
5
5
5
5
5
5
5
5
5
5
5
5
5
5
5
5
5
5
5
5
5
5
5
5
5
5
5
5
5
5
5
5
5
5
5
5
5
5
5
5
5
5
5
5
5
5
5
5
5
5
5
5
5
5
5
5
5
5
5
5
5
5
5
5
5
5
5
5
5
5
5
5
5
5
5
5
5
5
5
5
5
5
5
5
5
5
5
5
5
5
5
5
5
5
5
5
5
5
5
5
5
5
5
5
5
5
5
5
5
5
5
5
5
5
5
5
5
5
5
5
5
5
5
5
5
5
5
5
5
5
5
5
5
5
5
5
5
5
5
5
5
5
5
5
5
5
5
5
5
5
5
5
5
5
5
5
5
5
5
5
5
5
5
5
5
5
5
5
5
5
5
5
5
5
5
5
5
5
5
5
5
5
5
5
5
5
5
5
5
5
5
5
5
5
5
5
5
5
5
5
5
5
5
5
5
5
5
5
5
5
5
5
5
5
5
5
5
5
5
5
5
5
5
5
5
5
5
5
5
5
5
5
5
5
5
5
5
5
5
5
5
5
5
5
5
5
5
5
5
5
5
5
5
5
5
5
5
5
5
5
5
5
5
5
5
5
5
5
5
5
5
5
5
5
5
5
5
5
5
5
5
5
5
5
5
5
5
5
5
5
5
5
5
5
5
5
5
5
5
5
5
5
5
5
5
5
5
5
5
5
5
5
5
5
5
5
5
5
5
5
5
5
5
5
5
5
5
5
5
5
5
5
5
5
5
5
5
5
5
5
5
5
5
5
5
5
5
5
5
5
5
5
5
5
5
5
5
5
5
5
5
5
5
5
5
5
5
5
5
5
5
5
5
5
5
5
5
5
5
5
5
5
5
5
5
5
5
5
5
5
5
5
5
5
5
5
5
5
5
5
5
5
5
5
5
5
5
5
5
5
5
5
5
5
5
5
5
5
5
5
5
5
5
5
5
5
5
5
5
5
5
5
5
5
5
5
5
5
5
5
5
5
5
5
5
5
5
5
5
5
5
5
5
5
5
5
5
5
5
5
5
5
5
5
5
5
5
5
5
5
5
5
5
5
5
5
5
5
5
5
5
5
5
5
5
5
5
5
5
5
5
5
5
5
5
5
5
5
5
5
5
5
5
5
5
5
5
5
5
5
5
5
5
5
5
5
5
5
5
5
5
5
5
5
5
5
5
5
5
5
5
5
5
5
5
5
5
5
5
5
5
5
5
5
5
5
5
5
5
5
5
5
5
5
5
5
5
5
5
5
5
5
5
5
5
5
5
5
5
5
5
5
5
5
5
5
5
5
5
5
5
5
5
5
5
5
5
5
5
5
5
5
5
5
5
5
5
5
5
5
5
5
5
5
5
5
5
5
5
5
5
5
5
5
5
5
5
5
5
5
5
5
5
5
5
5
5
5
5
5
5
5
5
5
5
5
5
5
5
5
5
5
5
5
5
5
5
5
5
5
5
5
5
5
5
5
5
5
5
5
5
5
5
5
5
5
5
5
5
5
5
5
5
5
5
5
5
5
5
5
5
5
5
5
5
5
5
5
5
5
5
5
5
5
5
5
5
5
5
5
5
5
5
5
5
5
5
5
5
5
5
5
5
5
5
5
5
5
5
5
5
5
5
5
5
5
5
5
5
5
5
5
5
5
5
5
5
5
5
5
5
5
5
5
5
5
5
5
5
5
5
5
5
5
5
5
5
5
5
5
5
5
5
5
5
5
5
5
5
5
5
5
5
5
5
5
5
5
5
5
5
5
5
5
5
5
5
5
5
5
5
5
5
5
5
5
5
5
5
5
5
5
5
5
5
5
5
5
5
5
5
5
5
5
5
5
5
5
5
5
5
5
5
5
5
5
5
5
5
5
5
5
5
5
5
5
5
5
5
5
5
5
5
5
5
5
5
5
5
5
5
5
5
5
5
5
5
5
5
5
5
5
5
5
5
5
5
5
5
5
5
5
5
5
5
5
5
5
5
5
5
5
5
5
5
5
5
5
5
5
5
5
5
5
5
5
5
5
5
5
5
5
5
5
5
5
5
5
5
5
5
5
5
5
5
5
5
5
5
5
5
5
5
5
5
5
5
5
5
5
5
5
5
5
5
5
5
5
5
5
5
5
5
5
5
5
5
5
5
5
5
5
5
5
5
5
5
5
5
5
5
5
5
5
5
5
5
5
5
5
5
5
5
5
5
5
5
5
5
5
5
5
5
5
5
5
5
5
5
5
5
5
5
5
5
5
5
5
5
5
5
5
5
5
5
5
5
5
5
5
5
5
5
5
5
5
5
5
5
5
5
5
5
5
5
5
5
5
5
5
5
5
5
5
5
5
5
5
5
5
5
5
5
5
5
5
5
5
5
5
5
5
5
5
5
5
5
5
5
5
5
5
5
5
5
5
5
5
5
5
5
5
5
5
5
5
5
5
5
5
5
5
5
5
5
5
5
5
5
5
5
5
5
5
5
5
5
5
5
5
5
5
5
5
5
5
5
5
5
5
5
5
5
5
5
5
5
5
5
5
5
5
5
5
5
5
5
5
5
5
5
5
5
5
5
5
5
5
5
5
5
5
5
5
5
5
5
5
5
5
5
5
5
5
5
5
5
5
5
5
5
5
5
5
5
5
5
5
5
5
5
5
5
5
5
5
5
5
5
5
5
5
5
5
5
5
5
5
5
5
5
5
5
5
5
5
5
5
5
5
5
5
5
5
5
5
5
5
5
5
5
5
5
5
5
5
5
5
5
5
5
5
5
5
5
5
5
5
5
5
5
5
5
5
5
5
5
5
5
5
5
5
5
5
5
5
5
5
5
5
5
5
5
5
5
5
5
5
5
5
5
5
5
5
5
5
5
5
5
5
5
5
5
5
5
5
5
5
5
5
5
5
5
5
5
5
5
5
5
5
5
5
5
5
5
5
5
5
5
5
5
5
5
5
5
5
5
5
5
5
5
5
5
5
5
5
5
5
5
5
5
5
5
5
5
5
5
5
5
5
5
5
5
5
5
5
5
5
5
5
5
5
5
5
5
5
5
5
5
5
5
5
5
5
5
5
5
5
5
5
5
5
5
5
5
5
5
5
5
5
5
5
5
5
5
5
5
5
5
5
5
5
5
5
5
5
5
5
5
5
5
5
5
5
5
5
5
5
5
5
5
5
5
5
5
5
5
5
5
5
5
5
5
5
5
5
5
5
5
5
5
5
5
5
5
5
5
5
5
5
5
5
5
5
5
5
5
5
5
5
5
5
5
5
5
5
5
5
5
5
5
5
5
5
5
5
5
5
5
5
5
5
5
5
5
5
5
5
5
5
5
5
5
5
5
5
5
5
5
5
5
5
5
5
5
5
5
5
5
5
5
5
5
5
5
5
5
5
5
5
5
5
5
5
5
5
5
5
5
5
5
5
5
5
5
5
5
5
5
5
5
5
5
5
5
5
5
5
5
5
5
5
5
5
5
5
5
5
5
5
5
5
5
5
5
5
5
5
5
5
5
5
5
5
5
5
5
5
5
5
5
5
5
5
5
5
5
5
5
5
5
5
5
5
5
5
5
5
5
5
5
5
5
5
5
5
5
5
5
5
5
5
5
5
5
5
5
5
5
5
5
5
5
5
5
5
5
5
5
5
5
5
5
5
5
5
5
5
5
5
5
5
5
5
5
5
5
5
5
5
5
5
5
5
5
5
5
5
5
5
5
5
5
5
5
5
5
5
5
5
5
5
5
5
5
5
5
5
5
5
5
5
5
5
5
5
5
5
5
5
5
5
5
5
5
5
5
5
5
5
5
5
5
5
5
5
5
5
5
5
5
5
5
5
5
5
5
5
5
5
5
5
5
5
5
5
5
5
5
5
5
5
5
5
5
5
5
5
5
5
5
5
5
5
5
5
5
5
5
5
5
5
5
5
5
5
5
5
5
5
5
5
5
5
5
5
5
5
5
5
5
5
5
5
5
5
5
5
5
5
5
5
5
5
5
5
5
5
5
5
5
5
5
5
5
5
5
5
5
5
5
5
5
5
5
5
5
5
5
5
5
5
5
5
5
5
5
5
5
5
5
5
5
5
5
5
5
5
5
5
5
5
5
5
5
5
5
5
5
5
5
5
5
5
5
5
5
5
5
5
5
5
5
5
5
5
5
5
5
5
5
5
5
5
5
5
5
5
5
5
5
5
5
5
5
5
5
5
5
5
5
5
5
5
5
5
5
5
5
5
5
5
5
5
5
5
5
5
5
5
5
5
5
5
5
5
5
5
5
5
5
5
5
5
5
5
5
5
5
5
5
5
5
5
5
5
5
5
5
5
5
5
5
5
5
5
5
5
5
5
5
5
5
5
5
5
5
5
5
5
5
5
5
5
5
5
5
5
5
5
5
5
5
5
5
5
5
5
5
5
5
5
5
5
5
5
5
5
5
5
5
5
5
5
5
5
5
5
5
5
5
5
5
5
5
5
5
5
5
5
5
5
5
5
5
5
5
5
5
5
5
5
5
5
5
5
5
5
5
5
5
5
5
5
5
5
5
5
5
5
5
5
5
5
5
5
5
5
5
5
5
5
5
5
5
5
5
5
5
5
5
5
5
5
5
5
5
5
5
5
5
5
5
5
5
5
5
5
5
5
5
5
5
5
5
5
5
5
5
5
5
5
5
5
5
5
5
5
5
5
5
5
5
5
5
5
5
5
5
5
5
5
5
5
5
5
5
5
5
5
5
5
5
5
5
5
5
5
5
5
5
5
5
5
5
5
5
5
5
5
5
5
5
5
5
5
5
5
5
5
5
5
5
5
5
5
5
5
5
5
5
5
5
5
5
5
5
5
5
5
5
5
5
5
5
5
5
5
5
5
5
5
5
5
5
5
5
5
5
5
5
5
5
5
5
5
5
5
5
5
5
5
5
5
5
5
5
5
5
5
5
5
5
5
5
5
5
5
5
5
5
5
5
5
5
5
5
5
5
5
5
5
5
5
5
5
5
5
5
5
5
5
5
5
5
5
5
5
5
5
5
5
5
5
5
5
5
5
5
5
5
5
5
5
5
5
5
5
5
5
5
5
5
5
5
5
5
5
5
5
5
5
5
5
5
5
5
5
5
5
5
5
5
5
5
5
5
5
5
5
5
5
5
5
5
5
5
5
5
5
5
5
5
5
5
5
5
5
5
5
5
5
5
5
5
5
5
5
5
5
5
5
5
5
5
5
5
5
5
5
5
5
5
5
5
5
5
5
5
5
5
5
5
5
5
5
5
5
5
5
5
5
5
5
5
5
5
5
5
5
5
5
5
5
5
5
5
5
5
5
5
5
5
5
5
5
5
5
5
5
5
5
5
5
5
5
5
5
5
5
5
5
5
5
5
5
5
5
5
5
5
5
5
5
5
5
5
5
5
5
5
5
5
5
5
5
5
5
5
5
5
5
5
5
5
5
5
5
5
5
5
5
5
5
5
5
5
5
5
5
5
5
5
5
5
5
5
5
5
5
5
5
5
5
5
5
5
5
5
5
5
5
5
5
5
5
5
5
5
5
5
5
5
5
5
5
5
5
5
5
5
5
5
5
5
5
5
5
5
5
5
5
5
5
5
5
5
5
5
5
5
5
5
5
5
5
5
5
5
5
5
5
5
5
5
5
5
5
5
5
5
5
5
5
5
5
5
5
5
5
5
5
5
5
5
5
5
5
5
5
5
5
5
5
5
5
5
5
5
5
5
5
5
5
5
5
5
5
5
5
5
5
5
5
5
5
5
5
5
5
5
5
5
5
5
5
5
5
5
5
5
5
5
5
5
5
5
5
5
5
5
5
5
5
5
5
5
5
5
5
5
5
5
5
5
5
5
5
5
5
5
5
5
5
5
5
5
5
5
5
5
5
5
5
5
5
5
5
5
5
5
5
5
5
5
5
5
5
5
5
5
5
5
5
5
5
5
5
5
5
5
5
5
5
5
5
5
5
5
5
5
5
5
5
5
5
5
5
5
5
5
5
5
5
5
5
5
5
5
5
5
5
5
5
5
5
5
5
5
5
5
5
5
5
5
5
5
5
5
5
5
5
5
5
5
5
5
5
5
5
5
5
5
5
5
5
5
5
5
5
5
5
5
5
5
5
5
5
5
5
5
5
5
5
5
5
5
5
5
5
5
5
5
5
5
5
5
5
5
5
5
5
5
5
5
5
5
5
5
5
5
5
5
5
5
5
5
5
5
5
5
5
5
5
5
5
5
5
5
5
5
5
5
5
5
5
5
5
5
5
5
5
5
5
5
5
5
5
5
5
5
5
5
5
5
5
5
5
5
5
5
5
5
5
5
5
5
5
5
5
5
5
5
5
5
5
5
5
5
5
5
5
5
5
5
5
5
5
5
5
5
5
5
5
5
5
5
5
5
5
5
5
5
5
5
5
5
5
5
5
5
5
5
5
5
5
5
5
5
5
5
5
5
5
5
5
5
5
5
5
5
5
5
5
5
5
5
5
5
5
5
5
5
5
5
5
5
5
5
5
5
5
5
5
5
5
5
5
5
5
5
5
5
5
5
5
5
5
5
5
5
5
5
5
5
5
5
5
5
5
5
5
5
5
5
5
5
5
5
5
5
5
5
5
5
5
5
5
5
5
5
5
5
5
5
5
5
5
5
5
5
5
5
5
5
5
5
5
5
5
5
5
5
5
5
5
5
5
5
5
5
5
5
5
5
5
5
5
5
5
5
5
5
5
5
5
5
5
5
5
5
5
5
5
5
5
5
5
5
5
5
5
5
5
5
5
5
5
5
5
5
5
5
5
5
5
5
5
5
5
5
5
5
5
5
5
5
5
5
5
5
5
5
5
5
5
5
5
5
5
5
5
5
5
5
5
5
5
5
5
5
5
5
5
5
5
5
5
5
5
5
5
5
5
5
5
5
5
5
5
5
5
5
5
5
5
5
5
5
5
5
5
5
5
5
5
5
5
5
5
5
5
5
5
5
5
5
5
5
5
5
5
5
5
5
5
5
5
5
5
5
5
5
5
5
5
5
5
5
5
5
5
5
5
5
5
5
5
5
5
5
5
5
5
5
5
5
5
5
5
5
5
5
5
5
5
5
5
5
5
5
5
5
5
5
5
5
5
5
5
5
5
5
5
5
5
5
5
5
5
5
5
5
5
5
5
5
5
5
5
5
5
5
5
5
5
5
5
5
5
5
5
5
5
5
5
5
5
5
5
5
5
5
5
5
5
5
5
5
5
5
5
5
5
5
5
5
5
5
5
5
5
5
5
5
5
5
5
5
5
5
5
5
5
5
5
5
5
5
5
5
5
5
5
5
5
5
5
5
5
5
5
5
5
5
5
5
5
5
5
5
5
5
5
5
5
5
5
5
5
5
5
5
5
5
5
5
5
5
5
5
5
5
5
5
5
5
5
5
5
5
5
5
5
5
5
5
5
5
5
5
5
5
5
5
5
5
5
5
5
5
5
5
5
5
5
5
5
5
5
5
5
5
5
5
5
5
5
5
5
5
5
5
5
5
5
5
5
5
5
5
5
5
5
5
5
5
5
5
5
5
5
5
5
5
5
5
5
5
5
5
5
5
5
5
5
5
5
5
5
5
5
5
5
5
5
5
5
5
5
5
5
5
5
5
5
5
5
5
5
5
5
5
5
5
5
5
5
5
5
5
5
5
5
5
5
5
5
5
5
5
5
5
5
5
5
5
5
5
5
5
5
5
5
5
5
5
5
5
5
5
5
5
5
5
5
5
5
5
5
5
5
5
5
5
5
5
5
5
5
5
5
5
5
5
5
5
5
5
5
5
5
5
5
5
5
5
5
5
5
5
5
5
5
5
5
5
5
5
5
5
5
5
5
5
5
5
5
5
5
5
5
5
5
5
5
5
5
5
5
5
5
5
5
5
5
5
5
5
5
5
5
5
5
5
5
5
5
5
5
5
5
5
5
5
5
5
5
5
5
5
5
5
5
5
5
5
5
5
5
5
5
5
5
5
5
5
5
5
5
5
5
5
5
5
5
5
5
5
5
5
5
5
5
5
5
5
5
5
5
5
5
5
5
5
5
5
5
5
5
5
5
5
5
5
5
5
5
5
5
5
5
5
5
5
5
5
5
5
5
5
5
5
5
5
5
5
5
5
5
5
5
5
5
5
5
5
5
5
5
5
5
5
5
5
5
5
5
5
5
5
5
5
5
5
5
5
5
5
5
5
5
5
5
5
5
5
5
5
5
5
5
5
5
5
5
5
5
5
5
5
5
5
5
5
5
5
5
5
5
5
5
5
5
5
5
5
5
5
5
5
5
5
5
5
5
5
5
5
5
5
5
5
5
5
5
5
5
5
5
5
5
5
5
5
5
5
5
5
5
5
5
5
5
5
5
5
5
5
5
5
5
5
5
5
5
5
5
5
5
5
5
5
5
5
5
5
5
5
5
5
5
5
5
5
5
5
5
5
5
5
5
5
5
5
5
5
5
5
5
5
5
5
5
5
5
5
5
5
5
5
5
5
5
5
5
5
5
5
5
5
5
5
5
5
5
5
5
5
5
5
5
5
5
5
5
5
5
5
5
5
5
5
5
5
5
5
5
5
5
5
5
5
5
5
5
5
5
5
5
5
5
5
5
5
5
5
5
5
5
5
5
5
5
5
5
5
5
5
5
5
5
5
5
5
5
5
5
5
5
5
5
5
5
5
5
5
5
5
5
5
5
5
5
5
5
5
5
5
5
5
5
5
5
5
5
5
5
5
5
5
5
5
5
5
5
5
5
5
5
5
5
5
5
5
5
5
5
5
5
5
5
5
5
5
5
5
5
5
5
5
5
5
5
5
5
5
5
5
5
5
5
5
5
5
5
5
5
5
5
5
5
5
5
5
5
5
5
5
5
5
5
5
5
5
5
5
5
5
5
5
5
5
5
5
5
5
5
5
5
5
5
5
5
5
5
5
5
5
5
5
5
5
5
5
5
5
5
5
5
5
5
5
5
5
5
5
5
5
5
5
5
5
5
5
5
5
5
5
5
5
5
5
5
5
5
5
5
5
5
5
5
5
5
5
5
5
5
5
5
5
5
5
5
5
5
5
5
5
5
5
5
5
5
5
5
5
5
5
5
5
5
5
5
5
5
5
5
5
5
5
5
5
5
5
5
5
5
5
5
5
5
5
5
5
5
5
5
5
5
5
5
5
5
5
5
5
5
5
5
5
5
5
5
5
5
5
5
5
5
5
5
5
5
5
5
5
5
5
5
5
5
5
5
5
5
5
5
5
5
5
5
5
5
5
5
5
5
5
5
5
5
5
5
5
5
5
5
5
5
5
5
5
5
5
5
5
5
5
5
5
5
5
5
5
5
5
5
5
5
5
5
5
5
5
5
5
5
5
5
5
5
5
5
5
5
5
5
5
5
5
5
5
5
5
5
5
5
5
5
5
5
5
5
5
5
5
5
5
5
5
5
5
5
5
5
5
5
5
5
5
5
5
5
5
5
5
5
5
5
5
5
5
5
5
5
5
5
5
5
5
5
5
5
5
5
5
5
5
5
5
5
5
5
5
5
5
5
5
5
5
5
5
5
5
5
5
5
5
5
5
5
5
5
5
5
5
5
5
5
5
5
5
5
5
5
5
5
5
5
5
5
5
5
5
5
5
5
5
5
5
5
5
5
5
5
5
5
5
5
5
5
5
5
5
5
5
5
5
5
5
5
5
5
5
5
5
5
5
5
5
5
5
5
5
5
5
5
5
5
5
5
5
5
5
5
5
5
5
5
5
5
5
5
5
5
5
5
5
5
5
5
5
5
5
5
5
5
5
5
5
5
5
5
5
5
5
5
5
5
5
5
5
5
5
5
5
5
5
5
5
5
5
5
5
5
5
5
5
5
5
5
5
5
5
5
5
5
5
5
5
5
5
5
5
5
5
5
5
5
5
5
5
5
5
5
5
5
5
5
5
5
5
5
5
5
5
5
5
5
5
5
5
5
5
5
5
5
5
5
5
5
5
5
5
5
5
5
5
5
5
5
5
5
5
5
5
5
5
5
5
5
5
5
5
5
5
5
5
5
5
5
5
5
5
5
5
5
5
5
5
5
5
5
5
5
5
5
5
5
5
5
5
5
5
5
5
5
5
5
5
5
5
5
5
5
5
5
5
5
5
5
5
5
5
5
5
5
5
5
5
5
5
5
5
5
5
5
5
5
5
5
5
5
5
5
5
5
5
5
5
5
5
5
5
5
5
5
5
5
5
5
5
5
5
5
5
5
5
5
5
5
5
5
5
5
5
5
5
5
5
5
5
5
5
5
5
5
5
5
5
5
5
5
5
5
5
5
5
5
5
5
5
5
5
5
5
5
5
5
5
5
5
5
5
5
5
5
5
5
5
5
5
5
5
5
5
5
5
5
5
5
5
5
5
5
5
5
5
5
5
5
5
5
5
5
5
5
5
5
5
5
5
5
5
5
5
5
5
5
5
5
5
5
5
5
5
5
5
5
5
5
5
5
5
5
5
5
5
5
5
5
5
5
5
5
5
5
5
5
5
5
5
5
5
5
5
5
5
5
5
5
5
5
5
5
5
5
5
5
5
5
5
5
5
5
5
5
5
5
5
5
5
5
5
5
5
5
5
5
5
5
5
5
5
5
5
5
5
5
5
5
5
5
5
5
5
5
5
5
5
5
5
5
5
5
5
5
5
5
5
5
5
5
5
5
5
5
5
5
5
5
5
5
5
5
5
5
5
5
5
5
5
5
5
5
5
5
5
5
5
5
5
5
5
5
5
5
5
5
5
5
5
5
5
5
5
5
5
5
5
5
5
5
5
5
5
5
5
5
5
5
5
5
5
5
5
5
5
5
5
5
5
5
5
5
5
5
5
5
5
5
5
5
5
5
5
5
5
5
5
5
5
5
5
5
5
5
5
5
5
5
5
5
5
5
5
5
5
5
5
5
5
5
5
5
5
5
5
5
5
5
5
5
5
5
5
5
5
5
5
5
5
5
5
5
5
5
5
5
5
5
5
5
5
5
5
5
5
5
5
5
5
5
5
5
5
5
5
5
5
5
5
5
5
5
5
5
5
5
5
5
5
5
5
5
5
5
5
5
5
5
5
5
5
5
5
5
5
5
5
5
5
5
5
5
5
5
5
5
5
5
5
5
5
5
5
5
5
5
5
5
5
5
5
5
5
5
5
5
5
5
5
5
5
5
5
5
5
5
5
5
5
5
5
5
5
5
5
5
5
5
5
5
5
5
5
5
5
5
5
5
5
5
5
5
5
5
5
5
5
5
5
5
5
5
5
5
5
5
5
5
5
5
5
5
5
5
5
5
5
5
5
5
5
5
5
5
5
5
5
5
5
5
5
5
5
5
5
5
5
5
5
5
5
5
5
5
5
5
5
5
5
5
5
5
5
5
5
5
5
5
5
5
5
5
5
5
5
5
5
5
5
5
5
5
5
5
5
5
5
5
5
5
5
5
5
5
5
5
5
5
5
5
5
5
5
5
5
5
5
5
5
5
5
5
5
5
5
5
5
5
5
5
5
5
5
5
5
5
5
5
5
5
5
5
5
5
5
5
5
5
5
5
5
5
5
5
5
5
5
5
5
5
5
5
5
5
5
5
5
5
5
5
5
5
5
5
5
5
5
5
5
5
5
5
5
5
5
5
5
5
5
5
5
5
5
5
5
5
5
5
5
5
5
5
5
5
5
5
5
5
5
5
5
5
5
5
5
5
5
5
5
5
5
5
5
5
5
5
5
5
5
5
5
5
5
5
5
5
5
5
5
5
5
5
5
5
5
5
5
5
5
5
5
5
5
5
5
5
5
5
5
5
5
5
5
5
5
5
5
5
5
5
5
5
5
5
5
5
5
5
5
5
5
5
5
5
5
5
5
5
5
5
5
5
5
5
5
5
5
5
5
5
5
5
5
5
5
5
5
5
5
5
5
5
5
5
5
5
5
5
5
5
5
5
5
5
5
5
5
5
5
5
5
5
5
5
5
5
5
5
5
5
5
5
5
5
5
5
5
5
5
5
5
5
5
5
5
5
5
5
5
5
5
5
5
5
5
5
5
5
5
5
5
5
5
5
5
5
5
5
5
5
5
5
5
5
5
5
5
5
5
5
5
5
5
5
5
5
5
5
5
5
5
5
5
5
5
5
5
5
5
5
5
5
5
5
5
5
5
5
5
5
5
5
5
5
5
5
5
5
5
5
5
5
5
5
5
5
5
5
5
5
5
5
5
5
5
5
5
5
5
5
5
5
5
5
5
5
5
5
5
5
5
5
5
5
5
5
5
5
5
5
5
5
5
5
5
5
5
5
5
5
5
5
5
5
5
5
5
5
5
5
5
5
5
5
5
5
5
5
5
5
5
5
5
5
5
5
5
5
5
5
5
5
5
5
5
5
5
5
5
5
5
5
5
5
5
5
5
5
5
5
5
5
5
5
5
5
5
5
5
5
5
5
5
5
5
5
5
5
5
5
5
5
5
5
5
5
5
5
5
5
5
5
5
5
5
5
5
5
5
5
5
5
5
5
5
5
5
5
5
5
5
5
5
5
5
5
5
5
5
5
5
5
5
5
5
5
5
5
5
5
5
5
5
5
5
5
5
5
5
5
5
5
5
5
5
5
5
5
5
5
5
5
5
5
5
5
5
5
5
5
5
5
5
5
5
5
5
5
5
5
5
5
5
5
5
5
5
5
5
5
5
5
5
5
5
5
5
5
5
5
5
5
5
5
5
5
5
5
5
5
5
5
5
5
5
5
5
5
5
5
5
5
5
5
5
5
5
5
5
5
5
5
5
5
5
5
5
5
5
5
5
5
5
5
5
5
5
5
5
5
5
5
5
5
5
5
5
5
5
5
5
5
5
5
5
5
5
5
5
5
5
5
5
5
5
5
5
5
5
5
5
5
5
5
5
5
5
5
5
5
5
5
5
5
5
5
5
5
5
5
5
5
5
5
5
5
5
5
5
5
5
5
5
5
5
5
5
5
5
5
5
5
5
5
5
5
5
5
5
5
5
5
5
5
5
5
5
5
5
5
5
5
5
5
5
5
5
5
5
5
5
5
5
5
5
5
5
5
5
5
5
5
5
5
5
5
5
5
5
5
5
5
5
5
5
5
5
5
5
5
5
5
5
5
5
5
5
5
5
5
5
5
5
5
5
5
5
5
5
5
5
5
5
5
5
5
5
5
5
5
5
5
5
5
5
5
5
5
5
5
5
5
5
5
5
5
5
5
5
5
5
5
5
5
5
5
5
5
5
5
5
5
5
5
5
5
5
5
5
5
5
5
5
5
5
5
5
5
5
5
5
5
5
5
5
5
5
5
5
5
5
5
5
5
5
5
5
5
5
5
5
5
5
5
5
5
5
5
5
5
5
5
5
5
5
5
5
5
5
5
5
5
5
5
5
5
5
5
5
5
5
5
5
5
5
5
5
5
5
5
5
5
5
5
5
5
5
5
5
5
5
5
5
5
5
5
5
5
5
5
5
5
5
5
5
5
5
5
5
5
5
5
5
5
5
5
5
5
5
5
5
5
5
5
5
5
5
5
5
5
5
5
5
5
5
5
5
5
5
5
5
5
5
5
5
5
5
5
5
5
5
5
5
5
5
5
5
5
5
5
5
5
5
5
5
5
5
5
5
5
5
5
5
5
5
5
5
5
5
5
5
5
5
5
5
5
5
5
5
5
5
5
5
5
5
5
5
5
5
5
5
5
5
5
5
5
5
5
5
5
5
5
5
5
5
5
5
5
5
5
5
5
5
5
5
5
5
5
5
5
5
5
5
5
5
5
5
5
5
5
5
5
5
5
5
5
5
5
5
5
5
5
5
5
5
5
5
5
5
5
5
5
5
5
5
5
5
5
5
5
5
5
5
5
5
5
5
5
5
5
5
5
5
5
5
5
5
5
5
5
5
5
5
5
5
5
5
5
5
5
5
5
5
5
5
5
5
5
5
5
5
5
5
5
5
5
5
5
5
5
5
5
5
5
5
5
5
5
5
5
5
5
5
5
5
5
5
5
5
5
5
5
5
5
5
5
5
5
5
5
5
5
5
5
5
5
5
5
5
5
5
5
5
5
5
5
5
5
5
5
5
5
5
5
5
5
5
5
5
5
5
5
5
5
5
5
5
5
5
5
5
5
5
5
5
5
5
5
5
5
5
5
5
5
5
5
5
5
5
5
5
5
5
5
5
5
5
5
5
5
5
5
5
5
5
5
5
5
5
5
5
5
5
5
5
5
5
5
5
5
5
5
5
5
5
5
5
5
5
5
5
5
5
5
5
5
5
5
5
5
5
5
5
5
5
5
5
5
5
5
5
5
5
5
5
5
5
5
5
5
5
5
5
5
5
5
5
5
5
5
5
5
5
5
5
5
5
5
5
5
5
5
5
5
5
5
5
5
5
5
5
5
5
5
5
5
5
5
5
5
5
5
5
5
5
5
5
5
5
5
5
5
5
5
5
5
5
5
5
5
5
5
5
5
5
5
5
5
5
5
5
5
5
5
5
5
5
5
5
5
5
5
5
5
5
5
5
5
5
5
5
5
5
5
5
5
5
5
5
5
5
5
5
5
5
5
5
5
5
5
5
5
5
5
5
5
5
5
5
5
5
5
5
5
5
5
5
5
5
5
5
5
5
5
5
5
5
5
5
5
5
5
5
5
5
5
5
5
5
5
5
5
5
5
5
5
5
5
5
5
5
5
5
5
5
5
5
5
5
5
5
5
5
5
5
5
5
5
5
5
5
5
5
5
5
5
5
5
5
5
5
5
5
5
5
5
5
5
5
5
5
5
5
5
5
5
5
5
5
5
5
5
5
5
5
5
5
5
5
5
5
5
5
5
5
5
5
5
5
5
5
5
5
5
5
5
5
5
5
5
5
5
5
5
5
5
5
5
5
5
5
5
5
5
5
5
5
5
5
5
5
5
5
5
5
5
5
5
5
5
5
5
5
5
5
5
5
5
5
5
5
5
5
5
5
5
5
5
5
5
5
5
5
5
5
5
5
5
5
5
5
5
5
5
5
5
5
5
5
5
5
5
5
5
5
5
5
5
5
5
5
5
5
5
5
5
5
5
5
5
5
5
5
5
5
5
5
5
5
5
5
5
5
5
5
5
5
5
5
5
5
5
5
5
5
5
5
5
5
5
5
5
5
5
5
5
5
5
5
5
5
5
5
5
5
5
5
5
5
5
5
5
5
5
5
5
5
5
5
5
5
5
5
5
5
5
5
5
5
5
5
5
5
5
5
5
5
5
5
5
5
5
5
5
5
5
5
5
5
5
5
5
5
5
5
5
5
5
5
5
5
5
5
5
5
5
5
5
5
5
5
5
5
5
5
5
5
5
5
5
5
5
5
5
5
5
5
5
5
5
5
5
5
5
5
5
5
5
5
5
5
5
5
5
5
5
5
5
5
5
5
5
5
5
5
5
5
5
5
5
5
5
5
5
5
5
5
5
5
5
5
5
5
5
5
5
5
5
5
5
5
5
5
5
5
5
5
5
5
5
5
5
5
5
5
5
5
5
5
5
5
5
5
5
5
5
5
5
5
5
5
5
5
5
5
5
5
5
5
5
5
5
5
5
5
5
5
5
5
5
5
5
5
5
5
5
5
5
5
5
5
5
5
5
5
5
5
5
5
5
5
5
5
5
5
5
5
5
5
5
5
5
5
5
5
5
5
5
5
5
5
5
5
5
5
5
5
5
5
5
5
5
5
5
5
5
5
5
5
5
5
5
5
5
5
5
5
5
5
5
5
5
5
5
5
5
5
5
5
5
5
5
5
5
5
5
5
5
5
5
5
5
5
5
5
5
5
5
5
5
5
5
5
5
5
5
5
5
5
5
5
5
5
5
5
5
5
5
5
5
5
5
5
5
5
5
5
5
5
5
5
5
5
5
5
5
5
5
5
5
5
5
5
5
5
5
5
5
5
5
5
5
5
5
5
5
5
5
5
5
5
5
5
5
5
5
5
5
5
5
5
5
5
5
5
5
5
5
5
5
5
5
5
5
5
5
5
5
5
5
5
5
5
5
5
5
5
5
5
5
5
5
5
5
5
5
5
5
5
5
5
5
5
5
5
5
5
5
5
5
5
5
5
5
5
5
5
5
5
5
5
5
5
5
5
5
5
5
5
5
5
5
5
5
5
5
5
5
5
5
5
5
5
5
5
5
5
5
5
5
5
5
5
5
5
5
5
5
5
5
5
5
5
5
5
5
5
5
5
5
5
5
5
5
5
5
5
5
5
5
5
5
5
5
5
5
5
5
5
5
5
5
5
5
5
5
5
5
5
5
5
5
5
5
5
5
5
5
5
5
5
5
5
5
5
5
5
5
5
5
5
5
5
5
5
5
5
5
5
5
5
5
5
5
5
5
5
5
5
5
5
5
5
5
5
5
5
5
5
5
5
5
5
5
5
5
5
5
5
5
5
5
5
5
5
5
5
5
5
5
5
5
5
5
5
5
5
5
5
5
5
5
5
5
5
5
5
5
5
5
5
5
5
5
5
5
5
5
5
5
5
5
5
5
5
5
5
5
5
5
5
5
5
5
5
5
5
5
5
5
5
5
5
5
5
5
5
5
5
5
5
5
5
5
5
5
5
5
5
5
5
5
5
5
5
5
5
5
5
5
5
5
5
5
5
5
5
5
5
5
5
5
5
5
5
5
5
5
5
5
5
5
5
5
5
5
5
5
5
5
5
5
5
5
5
5
5
5
5
5
5
5
5
5
5
5
5
5
5
5
5
5
5
5
5
5
5
5
5
5
5
5
5
5
5
5
5
5
5
5
5
5
5
5
5
5
5
5
5
5
5
5
5
5
5
5
5
5
5
5
5
5
5
5
5
5
5
5
5
5
5
5
5
5
5
5
5
5
5
5
5
5
5
5
5
5
5
5
5
5
5
5
5
5
5
5
5
5
5
5
5
5
5
5
5
5
5
5
5
5
5
5
5
5
5
5
5
5
5
5
5
5
5
5
5
5
5
5
5
5
5
5
5
5
5
5
5
5
5
5
5
5
5
5
5
5
5
5
5
5
5
5
5
5
5
5
5
5
5
5
5
5
5
5
5
5
5
5
5
5
5
5
5
5
5
5
5
5
5
5
5
5
5
5
5
5
5
5
5
5
5
5
5
5
5
5
5
5
5
5
5
5
5
5
5
5
5
5
5
5
5
5
5
5
5
5
5
5
5
5
5
5
5
5
5
5
5
5
5
5
5
5
5
5
5
5
5
5
5
5
5
5
5
5
5
5
5
5
5
5
5
5
5
5
5
5
5
5
5
5
5
5
5
5
5
5
5
5
5
5
5
5
5
5
5
5
5
5
5
5
5
5
5
5
5
5
5
5
5
5
5
5
5
5
5
5
5
5
5
5
5
5
5
5
5
5
5
5
5
5
5
5
5
5
5
5
5
5
5
5
5
5
5
5
5
5
5
5
5
5
5
5
5
5
5
5
5
5
5
5
5
5
5
5
5
5
5
5
5
5
5
5
5
5
5
5
5
5
5
5
5
5
5
5
5
5
5
5
5
5
5
5
5
5
5
5
5
5
5
5
5
5
5
5
5
5
5
5
5
5
5
5
5
5
5
5
5
5
5
5
5
5
5
5
5
5
5
5
5
5
5
5
5
5
5
5
5
5
5
5
5
5
5
5
5
5
5
5
5
5
5
5
5
5
5
5
5
5
5
5
5
5
5
5
5
5
5
5
5
5
5
5
5
5
5
5
5
5
5
5
5
5
5
5
5
5
5
5
5
5
5
5
5
5
5
5
5
5
5
5
5
5
5
5
5
5
5
5
5
5
5
5
5
5
5
5
5
5
5
5
5
5
5
5
5
5
5
5
5
5
5
5
5
5
5
5
5
5
5
5
5
5
5
5
5
5
5
5
5
5
5
5
5
5
5
5
5
5
5
5
5
5
5
5
5
5
5
5
5
5
5
5
5
5
5
5
5
5
5
5
5
5
5
5
5
5
5
5
5
5
5
5
5
5
5
5
5
5
5
5
5
5
5
5
5
5
5
5
5
5
5
5
5
5
5
5
5
5
5
5
5
5
5
5
5
5
5
5
5
5
5
5
5
5
5
5
5
5
5
5
5
5
5
5
5
5
5
5
5
5
5
5
5
5
5
5
5
5
5
5
5
5
5
5
5
5
5
5
5
5
5
5
5
5
5
5
5
5
5
5
5
5
5
5
5
5
5
5
5
5
5
5
5
5
5
5
5
5
5
5
5
5
5
5
5
5
5
5
5
5
5
5
5
5
5
5
5
5
5
5
5
5
5
5
5
5
5
5
5
5
5
5
5
5
5
5
5
5
5
5
5
5
5
5
5
5
5
5
5
5
5
5
5
5
5
5
5
5
5
5
5
5
5
5
5
5
5
5
5
5
5
5
5
5
5
5
5
5
5
5
5
5
5
5
5
5
5
5
5
5
5
5
5
5
5
5
5
5
5
5
5
5
5
5
5
5
5
5
5
5
5
5
5
5
5
5
5
5
5
5
5
5
5
5
5
5
5
5
5
5
5
5
5
5
5
5
5
5
5
5
5
5
5
5
5
5
5
5
5
5
5
5
5
5
5
5
5
5
5
5
5
5
5
5
5
5
5
5
5
5
5
5
5
5
5
5
5
5
5
5
5
5
5
5
5
5
5
5
5
5
5
5
5
5
5
5
5
5
5
5
5
5
5
5
5
5
5
5
5
5
5
5
5
5
5
5
5
5
5
5
5
5
5
5
5
5
5
5
5
5
5
5
5
5
5
5
5
5
5
5
5
5
5
5
5
5
5
5
5
5
5
5
5
5
5
5
5
5
5
5
5
5
5
5
5
5
5
5
5
5
5
5
5
5
5
5
5
5
5
5
5
5
5
5
5
5
5
5
5
5
5
5
5
5
5
5
5
5
5
5
5
5
5
5
5
5
5
5
5
5
5
5
5
5
5
5
5
5
5
5
5
5
5
5
5
5
5
5
5
5
5
5
5
5
5
5
5
5
5
5
5
5
5
5
5
5
5
5
5
5
5
5
5
5
5
5
5
5
5
5
5
5
5
5
5
5
5
5
5
5
5
5
5
5
5
5
5
5
5
5
5
5
5
5
5
5
5
5
5
5
5
5
5
5
5
5
5
5
5
5
5
5
5
5
5
5
5
5
5
5
5
5
5
5
5
5
5
5
5
5
5
5
5
5
5
5
5
5
5
5
5
5
5
5
5
5
5
5
5
5
5
5
5
5
5
5
5
5
5
5
5
5
5
5
5
5
5
5
5
5
5
5
5
5
5
5
5
5
5
5
5
5
5
5
5
5
5
5
5
5
5
5
5
5
5
5
5
5
5
5
5
5
5
5
5
5
5
5
5
5
5
5
5
5
5
5
5
5
5
5
5
5
5
5
5
5
5
5
5
5
5
5
5
5
5
5
5
5
5
5
5
5
5
5
5
5
5
5
5
5
5
5
5
5
5
5
5
5
5
5
5
5
5
5
5
5
5
5
5
5
5
5
5
5
5
5
5
5
5
5
5
5
5
5
5
5
5
5
5
5
5
5
5
5
5
5
5
5
5
5
5
5
5
5
5
5
5
5
5
5
5
5
5
5
5
5
5
5
5
5
5
5
5
5
5
5
5
5
5
5
5
5
5
5
5
5
5
5
5
5
5
5
5
5
5
5
5
5
5
5
5
5
5
5
5
5
5
5
5
5
5
5
5
5
5
5
5
5
5
5
5
5
5
5
5
5
5
5
5
5
5
5
5
5
5
5
5
5
5
5
5
5
5
5
5
5
5
5
5
5
5
5
5
5
5
5
5
5
5
5
5
5
5
5
5
5
5
5
5
5
5
5
5
5
5
5
5
5
5
5
5
5
5
5
5
5
5
5
5
5
5
5
5
5
5
5
5
5
5
5
5
5
5
5
5
5
5
5
5
5
5
5
5
5
5
5
5
5
5
5
5
5
5
5
5
5
5
5
5
5
5
5
5
5
5
5
5
5
5
5
5
5
5
5
5
5
5
5
5
5
5
5
5
5
5
5
5
5
5
5
5
5
5
5
5
5
5
5
5
5
5
5
5
5
5
5
5
5
5
5
5
5
5
5
5
5
5
5
5
5
5
5
5
5
5
5
5
5
5
5
5
5
5
5
5
5
5
5
5
5
5
5
5
5
5
5
5
5
5
5
5
5
5
5
5
5
5
5
5
5
5
5
5
5
5
5
5
5
5
5
5
5
5
5
5
5
5
5
5
5
5
5
5
5
5
5
5
5
5
5
5
5
5
5
5
5
5
5
5
5
5
5
5
5
5
5
5
5
5
5
5
5
5
5
5
5
5
5
5
5
5
5
5
5
5
5
5
5
5
5
5
5
5
5
5
5
5
5
5
5
5
5
5
5
5
5
5
5
5
5
5
5
5
5
5
5
5
5
5
5
5
5
5
5
5
5
5
5
5
5
5
5
5
5
5
5
5
5
5
5
5
5
5
5
5
5
5
5
5
5
5
5
5
5
5
5
5
5
5
5
5
5
5
5
5
5
5
5
5
5
5
5
5
5
5
5
5
5
5
5
5
5
5
5
5
5
5
5
5
5
5
5
5
5
5
5
5
5
5
5
5
5
5
5
5
5
5
5
5
5
5
5
5
5
5
5
5
5
5
5
5
5
5
5
5
5
5
5
5
5
5
5
5
5
5
5
5
5
5
5
5
5
5
5
5
5
5
5
5
5
5
5
5
5
5
5
5
5
5
5
5
5
5
5
5
5
5
5
5
5
5
5
5
5
5
5
5
5
5
5
5
5
5
5
5
5
5
5
5
5
5
5
5
5
5
5
5
5
5
5
5
5
5
5
5
5
5
5
5
5
5
5
5
5
5
5
5
5
5
5
5
5
5
5
5
5
5
5
5
5
5
5
5
5
5
5
5
5
5
5
5
5
5
5
5
5
5
5
5
5
5
5
5
5
5
5
5
5
5
5
5
5
5
5
5
5
5
5
5
5
5
5
5
5
5
5
5
5
5
5
5
5
5
5
5
5
5
5
5
5
5
5
5
5
5
5
5
5
5
5
5
5
5
5
5
5
5
5
5
5
5
5
5
5
5
5
5
5
5
5
5
5
5
5
5
5
5
5
5
5
5
5
5
5
5
5
5
5
5
5
5
5
5
5
5
5
5
5
5
5
5
5
5
5
5
5
5
5
5
5
5
5
5
5
5
5
5
5
5
5
5
5
5
5
5
5
5
5
5
5
5
5
5
5
5
5
5
5
5
5
5
5
5
5
5
5
5
5
5
5
5
5
5
5
5
5
5
5
5
5
5
5
5
5
5
5
5
5
5
5
5
5
5
5
5
5
5
5
5
5
5
5
5
5
5
5
5
5
5
5
5
5
5
5
5
5
5
5
5
5
5
5
5
5
5
5
5
5
5
5
5
5
5
5
5
5
5
5
5
5
5
5
5
5
5
5
5
5
5
5
5
5
5
5
5
5
5
5
5
5
5
5
5
5
5
5
5
5
5
5
5
5
5
5
5
5
5
5
5
5
5
5
5
5
5
5
5
5
5
5
5
5
5
5
5
5
5
5
5
5
5
5
5
5
5
5
5
5
5
5
5
5
5
5
5
5
5
5
5
5
5
5
5
5
5
5
5
5
5
5
5
5
5
5
5
5
5
5
5
5
5
5
5
5
5
5
5
5
5
5
5
5
5
5
5
5
5
5
5
5
5
5
5
5
5
5
5
5
5
5
5
5
5
5
5
5
5
5
5
5
5
5
5
5
5
5
5
5
5
5
5
5
5
5
5
5
5
5
5
5
5
5
5
5
5
5
5
5
5
5
5
5
5
5
5
5
5
5
5
5
5
5
5
5
5
5
5
5
5
5
5
5
5
5
5
5
5
5
5
5
5
5
5
5
5
5
5
5
5
5
5
5
5
5
5
5
5
5
5
5
5
5
5
5
5
5
5
5
5
5
5
5
5
5
5
5
5
5
5
5
5
5
5
5
5
5
5
5
5
5
5
5
5
5
5
5
5
5
5
5
5
5
5
5
5
5
5
5
5
5
5
5
5
5
5
5
5
5
5
5
5
5
5
5
5
5
5
5
5
5
5
5
5
5
5
5
5
5
5
5
5
5
5
5
5
5
5
5
5
5
5
5
5
5
5
5
5
5
5
5
5
5
5
5
5
5
5
5
5
5
5
5
5
5
5
5
5
5
5
5
5
5
5
5
5
5
5
5
5
5
5
5
5
5
5
5
5
5
5
5
5
5
5
5
5
5
5
5
5
5
5
5
5
5
5
5
5
5
5
5
5
5
5
5
5
5
5
5
5
5
5
5
5
5
5
5
5
5
5
5
5
5
5
5
5
5
5
5
5
5
5
5
5
5
5
5
5
5
5
5
5
5
5
5
5
5
5
5
5
5
5
5
5
5
5
5
5
5
5
5
5
5
5
5
5
5
5
5
5
5
5
5
5
5
5
5
5
5
5
5
5
5
5
5
5
5
5
5
5
5
5
5
5
5
5
5
5
5
5
5
5
5
5
5
5
5
5
5
5
5
5
5
5
5
5
5
5
5
5
5
5
5
5
5
5
5
5
5
5
5
5
5
5
5
5
5
5
5
5
5
5
5
5
5
5
5
5
5
5
5
5
5
5
5
5
5
5
5
5
5
5
5
5
5
5
5
5
5
5
5
5
5
5
5
5
5
5
5
5
5
5
5
5
5
5
5
5
5
5
5
5
5
5
5
5
5
5
5
5
5
5
5
5
5
5
5
5
5
5
5
5
5
5
5
5
5
5
5
5
5
5
5
5
5
5
5
5
5
5
5
5
5
5
5
5
5
5
5
5
5
5
5
5
5
5
5
5
5
5
5
5
5
5
5
5
5
5
5
5
5
5
5
5
5
5
5
5
5
5
5
5
5
5
5
5
5
5
5
5
5
5
5
5
5
5
5
5
5
5
5
5
5
5
5
5
5
5
5
5
5
5
5
5
5
5
5
5
5
5
5
5
5
5
5
5
5
5
5
5
5
5
5
5
5
5
5
5
5
5
5
5
5
5
5
5
5
5
5
5
5
5
5
5
5
5
5
5
5
5
5
5
5
5
5
5
5
5
5
5
5
5
5
5
5
5
5
5
5
5
5
5
5
5
5
5
5
5
5
5
5
5
5
5
5
5
5
5
5
5
5
5
5
5
5
5
5
5
5
5
5
5
5
5
5
5
5
5
5
5
5
5
5
5
5
5
5
5
5
5
5
5
5
5
5
5
5
5
5
5
5
5
5
5
5
5
5
5
5
5
5
5
5
5
5
5
5
5
5
5
5
5
5
5
5
5
5
5
5
5
5
5
5
5
5
5
5
5
5
5
5
5
5
5
5
5
5
5
5
5
5
5
5
5
5
5
5
5
5
5
5
5
5
5
5
5
5
5
5
5
5
5
5
5
5
5
5
5
5
5
5
5
5
5
5
5
5
5
5
5
5
5
5
5
5
5
5
5
5
5
5
5
5
5
5
5
5
5
5
5
5
5
5
5
5
5
5
5
5
5
5
5
5
5
5
5
5
5
5
5
5
5
5
5
5
5
5
5
5
5
5
5
5
5
5
5
5
5
5
5
5
5
5
5
5
5
5
5
5
5
5
5
5
5
5
5
5
5
5
5
5
5
5
5
5
5
5
5
5
5
5
5
5
5
5
5
5
5
5
5
5
5
5
5
5
5
5
5
5
5
5
5
5
5
5
5
5
5
5
5
5
5
5
5
5
5
5
5
5
5
5
5
5
5
5
5
5
5
5
5
5
5
5
5
5
5
5
5
5
5
5
5
5
5
5
5
5
5
5
5
5
5
5
5
5
5
5
5
5
5
5
5
5
5
5
5
5
5
5
5
5
5
5
5
5
5
5
5
5
5
5
5
5
5
5
5
5
5
5
5
5
5
5
5
5
5
5
5
5
5
5
5
5
5
5
5
5
5
5
5
5
5
5
5
5
5
5
5
5
5
5
5
5
5
5
5
5
5
5
5
5
5
5
5
5
5
5
5
5
5
5
5
5
5
5
5
5
5
5
5
5
5
5
5
5
5
5
5
5
5
5
5
5
5
5
5
5
5
5
5
5
5
5
5
5
5
5
5
5
5
5
5
5
5
5
5
5
5
5
5
5
5
5
5
5
5
5
5
5
5
5
5
5
5
5
5
5
5
5
5
5
5
5
5
5
5
5
5
5
5
5
5
5
5
5
5
5
5
5
5
5
5
5
5
5
5
5
5
5
5
5
5
5
5
5
5
5
5
5
5
5
5
5
5
5
5
5
5
5
5
5
5
5
5
5
5
5
5
5
5
5
5
5
5
5
5
5
5
5
5
5
5
5
5
5
5
5
5
5
5
5
5
5
5
5
5
5
5
5
5
5
5
5
5
5
5
5
5
5
5
5
5
5
5
5
5
5
5
5
5
5
5
5
5
5
5
5
5
5
5
5
5
5
5
5
5
5
5
5
5
5
5
5
5
5
5
5
5
5
5
5
5
5
5
5
5
5
5
5
5
5
5
5
5
5
5
5
5
5
5
5
5
5
5
5
5
5
5
5
5
5
5
5
5
5
5
5
5
5
5
5
5
5
5
5
5
5
5
5
5
5
5
5
5
5
5
5
5
5
5
5
5
5
5
5
5
5
5
5
5
5
5
5
5
5
5
5
5
5
5
5
5
5
5
5
5
5
5
5
5
5
5
5
5
5
5
5
5
5
5
5
5
5
5
5
5
5
5
5
5
5
5
5
5
5
5
5
5
5
5
5
5
5
5
5
5
5
5
5
5
5
5
5
5
5
5
5
5
5
5
5
5
5
5
5
5
5
5
5
5
5
5
5
5
5
5
5
5
5
5
5
5
5
5
5
5
5
5
5
5
5
5
5
5
5
5
5
5
5
5
5
5
5
5
5
5
5
5
5
5
5
5
5
5
5
5
5
5
5
5
5
5
5
5
5
5
5
5
5
5
5
5
5
5
5
5
5
5
5
5
5
5
5
5
5
5
5
5
5
5
5
5
5
5
5
5
5
5
5
5
5
5
5
5
5
5
5
5
5
5
5
5
5
5
5
5
5
5
5
5
5
5
5
5
5
5
5
5
5
5
5
5
5
5
5
5
5
5
5
5
5
5
5
5
5
5
5
5
5
5
5
5
5
5
5
5
5
5
5
5
5
5
5
5
5
5
5
5
5
5
5
5
5
5
5
5
5
5
5
5
5
5
5
5
5
5
5
5
5
5
5
5
5
5
5
5
5
5
5
5
5
5
5
5
5
5
5
5
5
5
5
5
5
5
5
5
5
5
5
5
5
5
5
5
5
5
5
5
5
5
5
5
5
5
5
5
5
5
5
5
5
5
5
5
5
5
5
5
5
5
5
5
5
5
5
5
5
5
5
5
5
5
5
5
5
5
5
5
5
5
5
5
5
5
5
5
5
5
5
5
5
5
5
5
5
5
5
5
5
5
5
5
5
5
5
5
5
5
5
5
5
5
5
5
5
5
5
5
5
5
5
5
5
5
5
5
5
5
5
5
5
5
5
5
5
5
5
5
5
5
5
5
5
5
5
5
5
5
5
5
5
5
5
5
5
5
5
5
5
5
5
5
5
5
5
5
5
5
5
5
5
5
5
5
5
5
5
5
5
5
5
5
5
5
5
5
5
5
5
5
5
5
5
5
5
5
5
5
5
5
5
5
5
5
5
5
5
5
5
5
5
5
5
5
5
5
5
5
5
5
5
5
5
5
5
5
5
5
5
5
5
5
5
5
5
5
5
5
5
5
5
5
5
5
5
5
5
5
5
5
5
5
5
5
5
5
5
5
5
5
5
5
5
5
5
5
5
5
5
5
5
5
5
5
5
5
5
5
5
5
5
5
5
5
5
5
5
5
5
5
5
5
5
5
5
5
5
5
5
5
5
5
5
5
5
5
5
5
5
5
5
5
5
5
5
5
5
5
5
5
5
5
5
5
5
5
5
5
5
5
5
5
5
5
5
5
5
5
5
5
5
5
5
5
5
5
5
5
5
5
5
5
5
5
5
5
5
5
5
5
5
5
5
5
5
5
5
5
5
5
5
5
5
5
5
5
5
5
5
5
5
5
5
5
5
5
5
5
5
5
5
5
5
5
5
5
5
5
5
5
5
5
5
5
5
5
5
5
5
5
5
5
5
5
5
5
5
5
5
5
5
5
5
5
5
5
5
5
5
5
5
5
5
5
5
5
5
5
5
5
5
5
5
5
5
5
5
5
5
5
5
5
5
5
5
5
5
5
5
5
5
5
5
5
5
5
5
5
5
5
5
5
5
5
5
5
5
5
5
5
5
5
5
5
5
5
5
5
5
5
5
5
5
5
5
5
5
5
5
5
5
5
5
5
5
5
5
5
5
5
5
5
5
5
5
5
5
5
5
5
5
5
5
5
5
5
5
5
5
5
5
5
5
5
5
5
5
5
5
5
5
5
5
5
5
5
5
5
5
5
5
5
5
5
5
5
5
5
5
5
5
5
5
5
5
5
5
5
5
5
5
5
5
5
5
5
5
5
5
5
5
5
5
5
5
5
5
5
5
5
5
5
5
5
5
5
5
5
5
5
5
5
5
5
5
5
5
5
5
5
5
5
5
5
5
5
5
5
5
5
5
5
5
5
5
5
5
5
5
5
5
5
5
5
5
5
5
5
5
5
5
5
5
5
5
5
5
5
5
5
5
5
5
5
5
5
5
5
5
5
5
5
5
5
5
5
5
5
5
5
5
5
5
5
5
5
5
5
5
5
5
5
5
5
5
5
5
5
5
5
5
5
5
5
5
5
5
5
5
5
5
5
5
5
5
5
5
5
5
5
5
5
5
5
5
5
5
5
5
5
5
5
5
5
5
5
5
5
5
5
5
5
5
5
5
5
5
5
5
5
5
5
5
5
5
5
5
5
5
5
5
5
5
5
5
5
5
5
5
5
5
5
5
5
5
5
5
5
5
5
5
5
5
5
5
5
5
5
5
5
5
5
5
5
5
5
5
5
5
5
5
5
5
5
5
5
5
5
5
5
5
5
5
5
5
5
5
5
5
5
5
5
5
5
5
5
5
5
5
5
5
5
5
5
5
5
5
5
5
5
5
5
5
5
5
5
5
5
5
5
5
5
5
5
5
5
5
5
5
5
5
5
5
5
5
5
5
5
5
5
5
5
5
5
5
5
5
5
5
5
5
5
5
5
5
5
5
5
5
5
5
5
5
5
5
5
5
5
5
5
5
5
5
5
5
5
5
5
5
5
5
5
5
5
5
5
5
5
5
5
5
5
5
5
5
5
5
5
5
5
5
5
5
5
5
5
5
5
5
5
5
5
5
5
5
5
5
5
5
5
5
5
5
5
5
5
5
5
5
5
5
5
5
5
5
5
5
5
5
5
5
5
5
5
5
5
5
5
5
5
5
5
5
5
5
5
5
5
5
5
5
5
5
5
5
5
5
5
5
5
5
5
5
5
5
5
5
5
5
5
5
5
5
5
5
5
5
5
5
5
5
5
5
5
5
5
5
5
5
5
5
5
5
5
5
5
5
5
5
5
5
5
5
5
5
5
5
5
5
5
5
5
5
5
5
5
5
5
5
5
5
5
5
5
5
5
5
5
5
5
5
5
5
5
5
5
5
5
5
5
5
5
5
5
5
5
5
5
5
5
5
5
5
5
5
5
5
5
5
5
5
5
5
5
5
5
5
5
5
5
5
5
5
5
5
5
5
5
5
5
5
5
5
5
5
5
5
5
5
5
5
5
5
5
5
5
5
5
5
5
5
5
5
5
5
5
5
5
5
5
5
5
5
5
5
5
5
5
5
5
5
5
5
5
5
5
5
5
5
5
5
5
5
5
5
5
5
5
5
5
5
5
5
5
5
5
5
5
5
5
5
5
5
5
5
5
5
5
5
5
5
5
5
5
5
5
5
5
5
5
5
5
5
5
5
5
5
5
5
5
5
5
5
5
5
5
5
5
5
5
5
5
5
5
5
5
5
5
5
5
5
5
5
5
5
5
5
5
5
5
5
5
5
5
5
5
5
5
5
5
5
5
5
5
5
5
5
5
5
5
5
5
5
5
5
5
5
5
5
5
5
5
5
5
5
5
5
5
5
5
5
5
5
5
5
5
5
5
5
5
5
5
5
5
5
5
5
5
5
5
5
5
5
5
5
5
5
5
5
5
5
5
5
5
5
5
5
5
5
5
5
5
5
5
5
5
5
5
5
5
5
5
5
5
5
5
5
5
5
5
5
5
5
5
5
5
5
5
5
5
5
5
5
5
5
5
5
5
5
5
5
5
5
5
5
5
5
5
5
5
5
5
5
5
5
5
5
5
5
5
5
5
5
5
5
5
5
5
5
5
5
5
5
5
5
5
5
5
5
5
5
5
5
5
5
5
5
5
5
5
5
5
5
5
5
5
5
5
5
5
5
5
5
5
5
5
5
5
5
5
5
5
5
5
5
5
5
5
5
5
5
5
5
5
5
5
5
5
5
5
5
5
5
5
5
5
5
5
5
5
5
5
5
5
5
5
5
5
5
5
5
5
5
5
5
5
5
5
5
5
5
5
5
5
5
5
5
5
5
5
5
5
5
5
5
5
5
5
5
5
5
5
5
5
5
5
5
5
5
5
5
5
5
5
5
5
5
5
5
5
5
5
5
5
5
5
5
5
5
5
5
5
5
5
5
5
5
5
5
5
5
5
5
5
5
5
5
5
5
5
5
5
5
5
5
5
5
5
5
5
5
5
5
5
5
5
5
5
5
5
5
5
5
5
5
5
5
5
5
5
5
5
5
5
5
5
5
5
5
5
5
5
5
5
5
5
5
5
5
5
5
5
5
5
5
5
5
5
5
5
5
5
5
5
5
5
5
5
5
5
5
5
5
5
5
5
5
5
5
5
5
5
5
5
5
5
5
5
5
5
5
5
5
5
5
5
5
5
5
5
5
5
5
5
5
5
5
5
5
5
5
5
5
5
5
5
5
5
5
5
5
5
5
5
5
5
5
5
5
5
5
5
5
5
5
5
5
5
5
5
5
5
5
5
5
5
5
5
5
5
5
5
5
5
5
5
5
5
5
5
5
5
5
5
5
5
5
5
5
5
5
5
5
5
5
5
5
5
5
5
5
5
5
5
5
5
5
5
5
5
5
5
5
5
5
5
5
5
5
5
5
5
5
5
5
5
5
5
5
5
5
5
5
5
5
5
5
5
5
5
5
5
5
5
5
5
5
5
5
5
5
5
5
5
5
5
5
5
5
5
5
5
5
5
5
5
5
5
5
5
5
5
5
5
5
5
5
5
5
5
5
5
5
5
5
5
5
5
5
5
5
5
5
5
5
5
5
5
5
5
5
5
5
5
5
5
5
5
5
5
5
5
5
5
5
5
5
5
5
5
5
5
5
5
5
5
5
5
5
5
5
5
5
5
5
5
5
5
5
5
5
5
5
5
5
5
5
5
5
5
5
5
5
5
5
5
5
5
5
5
5
5
5
5
5
5
5
5
5
5
5
5
5
5
5
5
5
5
5
5
5
5
5
5
5
5
5
5
5
5
5
5
5
5
5
5
5
5
5
5
5
5
5
5
5
5
5
5
5
5
5
5
5
5
5
5
5
5
5
5
5
5
5
5
5
5
5
5
5
5
5
5
5
5
5
5
5
5
5
5
5
5
5
5
5
5
5
5
5
5
5
5
5
5
5
5
5
5
5
5
5
5
5
5
5
5
5
5
5
5
5
5
5
5
5
5
5
5
5
5
5
5
5
5
5
5
5
5
5
5
5
5
5
5
5
5
5
5
5
5
5
5
5
5
5
5
5
5
5
5
5
5
5
5
5
5
5
5
5
5
5
5
5
5
5
5
5
5
5
5
5
5
5
5
5
5
5
5
5
5
5
5
5
5
5
5
5
5
5
5
5
5
5
5
5
5
5
5
5
5
5
5
5
5
5
5
5
5
5
5
5
5
5
5
5
5
5
5
5
5
5
5
5
5
5
5
5
5
5
5
5
5
5
5
5
5
5
5
5
5
5
5
5
5
5
5
5
5
5
5
5
5
5
5
5
5
5
5
5
5
5
5
5
5
5
5
5
5
5
5
5
5
5
5
5
5
5
5
5
5
5
5
5
5
5
5
5
5
5
5
5
5
5
5
5
5
5
5
5
5
5
5
5
5
5
5
5
5
5
5
5
5
5
5
5
5
5
5
5
5
5
5
5
5
5
5
5
5
5
5
5
5
5
5
5
5
5
5
5
5
5
5
5
5
5
5
5
5
5
5
5
5
5
5
5
5
5
5
5
5
5
5
5
5
5
5
5
5
5
5
5
5
5
5
5
5
5
5
5
5
5
5
5
5
5
5
5
5
5
5
5
5
5
5
5
5
5
5
5
5
5
5
5
5
5
5
5
5
5
5
5
5
5
5
5
5
5
5
5
5
5
5
5
5
5
5
5
5
5
5
5
5
5
5
5
5
5
5
5
5
5
5
5
5
5
5
5
5
5
5
5
5
5
5
5
5
5
5
5
5
5
5
5
5
5
5
5
5
5
5
5
5
5
5
5
5
5
5
5
5
5
5
5
5
5
5
5
5
5
5
5
5
5
5
5
5
5
5
5
5
5
5
5
5
5
5
5
5
5
5
5
5
5
5
5
5
5
5
5
5
5
5
5
5
5
5
5
5
5
5
5
5
5
5
5
5
5
5
5
5
5
5
5
5
5
5
5
5
5
5
5
5
5
5
5
5
5
5
5
5
5
5
5
5
5
5
5
5
5
5
5
5
5
5
5
5
5
5
5
5
5
5
5
5
5
5
5
5
5
5
5
5
5
5
5
5
5
5
5
5
5
5
5
5
5
5
5
5
5
5
5
5
5
5
5
5
5
5
5
5
5
5
5
5
5
5
5
5
5
5
5
5
5
5
5
5
5
5
5
5
5
5
5
5
5
5
5
5
5
5
5
5
5
5
5
5
5
5
5
5
5
5
5
5
5
5
5
5
5
5
5
5
5
5
5
5
5
5
5
5
5
5
5
5
5
5
5
5
5
5
5
5
5
5
5
5
5
5
5
5
5
5
5
5
5
5
5
5
5
5
5
5
5
5
5
5
5
5
5
5
5
5
5
5
5
5
5
5
5
5
5
5
5
5
5
5
5
5
5
5
5
5
5
5
5
5
5
5
5
5
5
5
5
5
5
5
5
5
5
5
5
5
5
5
5
5
5
5
5
5
5
5
5
5
5
5
5
5
5
5
5
5
5
5
5
5
5
5
5
5
5
5
5

