# Time          1.0000E+02
 
 **************************************************************
 ------> GRID LOCATION:     1:  1:  1
 
  Temperature (C)    =     25.000
  Porosity           =      0.250
  Liquid Saturation  =      1.000
  Liquid Density     =    997.075
  Ionic Strength     =      0.000
  Solution pH        =      4.007
  Total Charge       =  5.540E-12
 
 Total Aqueous Concentrations of Primary Species 
 --------------------------------------- 
 
   Species              Molality       Type 
 H+                   9.8388E-05     Aqueous      
 Cl-                  1.0013E-04     Aqueous      
 Na+                  9.9853E-05     Aqueous      
 NO3-                 9.8109E-05     Aqueous      
 
 Concentrations of Individual Species, Exchangers, and Surface Complexes 
 ----------------------------------------------------------------------- 
 
                           Log        Log                 Concentration     
 Species              Molality   Activity      Molality    Mol/m^3 blk  Type
                           Log        Log                                 Activity
 Species              Molality   Activity      Molality      Activity   Coefficient    Type
  H+                    -4.007     -4.007     9.839E-05     9.839E-05     1.000E+00  Aqueous 
  Cl-                   -3.999     -3.999     1.001E-04     1.001E-04     1.000E+00  Aqueous 
  Na+                   -4.001     -4.001     9.985E-05     9.985E-05     1.000E+00  Aqueous 
  NO3-                  -4.008     -4.008     9.811E-05     9.811E-05     1.000E+00  Aqueous 
 
  ****** Partial pressure of gases (bars) *****
 
 
  ***** Saturation state of minerals (log[Q/K] *****
 
 
 **************************************************************
 ------> GRID LOCATION:     2:  1:  1
 
  Temperature (C)    =     25.000
  Porosity           =      0.250
  Liquid Saturation  =      1.000
  Liquid Density     =    997.075
  Ionic Strength     =      0.000
  Solution pH        =      4.021
  Total Charge       =  1.535E-13
 
 Total Aqueous Concentrations of Primary Species 
 --------------------------------------- 
 
   Species              Molality       Type 
 H+                   9.5185E-05     Aqueous      
 Cl-                  1.0042E-04     Aqueous      
 Na+                  9.9543E-05     Aqueous      
 NO3-                 9.4308E-05     Aqueous      
 
 Concentrations of Individual Species, Exchangers, and Surface Complexes 
 ----------------------------------------------------------------------- 
 
                           Log        Log                 Concentration     
 Species              Molality   Activity      Molality    Mol/m^3 blk  Type
                           Log        Log                                 Activity
 Species              Molality   Activity      Molality      Activity   Coefficient    Type
  H+                    -4.021     -4.021     9.519E-05     9.519E-05     1.000E+00  Aqueous 
  Cl-                   -3.998     -3.998     1.004E-04     1.004E-04     1.000E+00  Aqueous 
  Na+                   -4.002     -4.002     9.954E-05     9.954E-05     1.000E+00  Aqueous 
  NO3-                  -4.025     -4.025     9.431E-05     9.431E-05     1.000E+00  Aqueous 
 
  ****** Partial pressure of gases (bars) *****
 
 
  ***** Saturation state of minerals (log[Q/K] *****
 
 
 **************************************************************
 ------> GRID LOCATION:     3:  1:  1
 
  Temperature (C)    =     25.000
  Porosity           =      0.250
  Liquid Saturation  =      1.000
  Liquid Density     =    997.075
  Ionic Strength     =      0.000
  Solution pH        =      4.036
  Total Charge       = -1.059E-13
 
 Total Aqueous Concentrations of Primary Species 
 --------------------------------------- 
 
   Species              Molality       Type 
 H+                   9.2014E-05     Aqueous      
 Cl-                  1.0074E-04     Aqueous      
 Na+                  9.9216E-05     Aqueous      
 NO3-                 9.0492E-05     Aqueous      
 
 Concentrations of Individual Species, Exchangers, and Surface Complexes 
 ----------------------------------------------------------------------- 
 
                           Log        Log                 Concentration     
 Species              Molality   Activity      Molality    Mol/m^3 blk  Type
                           Log        Log                                 Activity
 Species              Molality   Activity      Molality      Activity   Coefficient    Type
  H+                    -4.036     -4.036     9.201E-05     9.201E-05     1.000E+00  Aqueous 
  Cl-                   -3.997     -3.997     1.007E-04     1.007E-04     1.000E+00  Aqueous 
  Na+                   -4.003     -4.003     9.922E-05     9.922E-05     1.000E+00  Aqueous 
  NO3-                  -4.043     -4.043     9.049E-05     9.049E-05     1.000E+00  Aqueous 
 
  ****** Partial pressure of gases (bars) *****
 
 
  ***** Saturation state of minerals (log[Q/K] *****
 
 
 **************************************************************
 ------> GRID LOCATION:     4:  1:  1
 
  Temperature (C)    =     25.000
  Porosity           =      0.250
  Liquid Saturation  =      1.000
  Liquid Density     =    997.075
  Ionic Strength     =      0.000
  Solution pH        =      4.051
  Total Charge       =  3.998E-16
 
 Total Aqueous Concentrations of Primary Species 
 --------------------------------------- 
 
   Species              Molality       Type 
 H+                   8.8881E-05     Aqueous      
 Cl-                  1.0108E-04     Aqueous      
 Na+                  9.8874E-05     Aqueous      
 NO3-                 8.6672E-05     Aqueous      
 
 Concentrations of Individual Species, Exchangers, and Surface Complexes 
 ----------------------------------------------------------------------- 
 
                           Log        Log                 Concentration     
 Species              Molality   Activity      Molality    Mol/m^3 blk  Type
                           Log        Log                                 Activity
 Species              Molality   Activity      Molality      Activity   Coefficient    Type
  H+                    -4.051     -4.051     8.888E-05     8.888E-05     1.000E+00  Aqueous 
  Cl-                   -3.995     -3.995     1.011E-04     1.011E-04     1.000E+00  Aqueous 
  Na+                   -4.005     -4.005     9.887E-05     9.887E-05     1.000E+00  Aqueous 
  NO3-                  -4.062     -4.062     8.667E-05     8.667E-05     1.000E+00  Aqueous 
 
  ****** Partial pressure of gases (bars) *****
 
 
  ***** Saturation state of minerals (log[Q/K] *****
 
 
 **************************************************************
 ------> GRID LOCATION:     5:  1:  1
 
  Temperature (C)    =     25.000
  Porosity           =      0.250
  Liquid Saturation  =      1.000
  Liquid Density     =    997.075
  Ionic Strength     =      0.000
  Solution pH        =      4.067
  Total Charge       =  2.081E-15
 
 Total Aqueous Concentrations of Primary Species 
 --------------------------------------- 
 
   Species              Molality       Type 
 H+                   8.5790E-05     Aqueous      
 Cl-                  1.0145E-04     Aqueous      
 Na+                  9.8524E-05     Aqueous      
 NO3-                 8.2863E-05     Aqueous      
 
 Concentrations of Individual Species, Exchangers, and Surface Complexes 
 ----------------------------------------------------------------------- 
 
                           Log        Log                 Concentration     
 Species              Molality   Activity      Molality    Mol/m^3 blk  Type
                           Log        Log                                 Activity
 Species              Molality   Activity      Molality      Activity   Coefficient    Type
  H+                    -4.067     -4.067     8.579E-05     8.579E-05     1.000E+00  Aqueous 
  Cl-                   -3.994     -3.994     1.015E-04     1.015E-04     1.000E+00  Aqueous 
  Na+                   -4.006     -4.006     9.852E-05     9.852E-05     1.000E+00  Aqueous 
  NO3-                  -4.082     -4.082     8.286E-05     8.286E-05     1.000E+00  Aqueous 
 
  ****** Partial pressure of gases (bars) *****
 
 
  ***** Saturation state of minerals (log[Q/K] *****
 
 
 **************************************************************
 ------> GRID LOCATION:     6:  1:  1
 
  Temperature (C)    =     25.000
  Porosity           =      0.250
  Liquid Saturation  =      1.000
  Liquid Density     =    997.075
  Ionic Strength     =      0.000
  Solution pH        =      4.082
  Total Charge       =  1.497E-16
 
 Total Aqueous Concentrations of Primary Species 
 --------------------------------------- 
 
   Species              Molality       Type 
 H+                   8.2747E-05     Aqueous      
 Cl-                  1.0184E-04     Aqueous      
 Na+                  9.8169E-05     Aqueous      
 NO3-                 7.9075E-05     Aqueous      
 
 Concentrations of Individual Species, Exchangers, and Surface Complexes 
 ----------------------------------------------------------------------- 
 
                           Log        Log                 Concentration     
 Species              Molality   Activity      Molality    Mol/m^3 blk  Type
                           Log        Log                                 Activity
 Species              Molality   Activity      Molality      Activity   Coefficient    Type
  H+                    -4.082     -4.082     8.275E-05     8.275E-05     1.000E+00  Aqueous 
  Cl-                   -3.992     -3.992     1.018E-04     1.018E-04     1.000E+00  Aqueous 
  Na+                   -4.008     -4.008     9.817E-05     9.817E-05     1.000E+00  Aqueous 
  NO3-                  -4.102     -4.102     7.908E-05     7.908E-05     1.000E+00  Aqueous 
 
  ****** Partial pressure of gases (bars) *****
 
 
  ***** Saturation state of minerals (log[Q/K] *****
 
 
 **************************************************************
 ------> GRID LOCATION:     7:  1:  1
 
  Temperature (C)    =     25.000
  Porosity           =      0.250
  Liquid Saturation  =      1.000
  Liquid Density     =    997.075
  Ionic Strength     =      0.000
  Solution pH        =      4.098
  Total Charge       =  2.406E-17
 
 Total Aqueous Concentrations of Primary Species 
 --------------------------------------- 
 
   Species              Molality       Type 
 H+                   7.9755E-05     Aqueous      
 Cl-                  1.0225E-04     Aqueous      
 Na+                  9.7814E-05     Aqueous      
 NO3-                 7.5321E-05     Aqueous      
 
 Concentrations of Individual Species, Exchangers, and Surface Complexes 
 ----------------------------------------------------------------------- 
 
                           Log        Log                 Concentration     
 Species              Molality   Activity      Molality    Mol/m^3 blk  Type
                           Log        Log                                 Activity
 Species              Molality   Activity      Molality      Activity   Coefficient    Type
  H+                    -4.098     -4.098     7.975E-05     7.975E-05     1.000E+00  Aqueous 
  Cl-                   -3.990     -3.990     1.022E-04     1.022E-04     1.000E+00  Aqueous 
  Na+                   -4.010     -4.010     9.781E-05     9.781E-05     1.000E+00  Aqueous 
  NO3-                  -4.123     -4.123     7.532E-05     7.532E-05     1.000E+00  Aqueous 
 
  ****** Partial pressure of gases (bars) *****
 
 
  ***** Saturation state of minerals (log[Q/K] *****
 
 
 **************************************************************
 ------> GRID LOCATION:     8:  1:  1
 
  Temperature (C)    =     25.000
  Porosity           =      0.250
  Liquid Saturation  =      1.000
  Liquid Density     =    997.075
  Ionic Strength     =      0.000
  Solution pH        =      4.115
  Total Charge       =  5.898E-17
 
 Total Aqueous Concentrations of Primary Species 
 --------------------------------------- 
 
   Species              Molality       Type 
 H+                   7.6818E-05     Aqueous      
 Cl-                  1.0267E-04     Aqueous      
 Na+                  9.7462E-05     Aqueous      
 NO3-                 7.1613E-05     Aqueous      
 
 Concentrations of Individual Species, Exchangers, and Surface Complexes 
 ----------------------------------------------------------------------- 
 
                           Log        Log                 Concentration     
 Species              Molality   Activity      Molality    Mol/m^3 blk  Type
                           Log        Log                                 Activity
 Species              Molality   Activity      Molality      Activity   Coefficient    Type
  H+                    -4.115     -4.115     7.682E-05     7.682E-05     1.000E+00  Aqueous 
  Cl-                   -3.989     -3.989     1.027E-04     1.027E-04     1.000E+00  Aqueous 
  Na+                   -4.011     -4.011     9.746E-05     9.746E-05     1.000E+00  Aqueous 
  NO3-                  -4.145     -4.145     7.161E-05     7.161E-05     1.000E+00  Aqueous 
 
  ****** Partial pressure of gases (bars) *****
 
 
  ***** Saturation state of minerals (log[Q/K] *****
 
 
 **************************************************************
 ------> GRID LOCATION:     9:  1:  1
 
  Temperature (C)    =     25.000
  Porosity           =      0.250
  Liquid Saturation  =      1.000
  Liquid Density     =    997.075
  Ionic Strength     =      0.000
  Solution pH        =      4.131
  Total Charge       =  1.202E-16
 
 Total Aqueous Concentrations of Primary Species 
 --------------------------------------- 
 
   Species              Molality       Type 
 H+                   7.3940E-05     Aqueous      
 Cl-                  1.0310E-04     Aqueous      
 Na+                  9.7118E-05     Aqueous      
 NO3-                 6.7962E-05     Aqueous      
 
 Concentrations of Individual Species, Exchangers, and Surface Complexes 
 ----------------------------------------------------------------------- 
 
                           Log        Log                 Concentration     
 Species              Molality   Activity      Molality    Mol/m^3 blk  Type
                           Log        Log                                 Activity
 Species              Molality   Activity      Molality      Activity   Coefficient    Type
  H+                    -4.131     -4.131     7.394E-05     7.394E-05     1.000E+00  Aqueous 
  Cl-                   -3.987     -3.987     1.031E-04     1.031E-04     1.000E+00  Aqueous 
  Na+                   -4.013     -4.013     9.712E-05     9.712E-05     1.000E+00  Aqueous 
  NO3-                  -4.168     -4.168     6.796E-05     6.796E-05     1.000E+00  Aqueous 
 
  ****** Partial pressure of gases (bars) *****
 
 
  ***** Saturation state of minerals (log[Q/K] *****
 
 
 **************************************************************
 ------> GRID LOCATION:    10:  1:  1
 
  Temperature (C)    =     25.000
  Porosity           =      0.250
  Liquid Saturation  =      1.000
  Liquid Density     =    997.075
  Ionic Strength     =      0.000
  Solution pH        =      4.148
  Total Charge       =  1.749E-16
 
 Total Aqueous Concentrations of Primary Species 
 --------------------------------------- 
 
   Species              Molality       Type 
 H+                   7.1125E-05     Aqueous      
 Cl-                  1.0353E-04     Aqueous      
 Na+                  9.6785E-05     Aqueous      
 NO3-                 6.4379E-05     Aqueous      
 
 Concentrations of Individual Species, Exchangers, and Surface Complexes 
 ----------------------------------------------------------------------- 
 
                           Log        Log                 Concentration     
 Species              Molality   Activity      Molality    Mol/m^3 blk  Type
                           Log        Log                                 Activity
 Species              Molality   Activity      Molality      Activity   Coefficient    Type
  H+                    -4.148     -4.148     7.113E-05     7.113E-05     1.000E+00  Aqueous 
  Cl-                   -3.985     -3.985     1.035E-04     1.035E-04     1.000E+00  Aqueous 
  Na+                   -4.014     -4.014     9.678E-05     9.678E-05     1.000E+00  Aqueous 
  NO3-                  -4.191     -4.191     6.438E-05     6.438E-05     1.000E+00  Aqueous 
 
  ****** Partial pressure of gases (bars) *****
 
 
  ***** Saturation state of minerals (log[Q/K] *****
 
 
 **************************************************************
 ------> GRID LOCATION:    11:  1:  1
 
  Temperature (C)    =     25.000
  Porosity           =      0.250
  Liquid Saturation  =      1.000
  Liquid Density     =    997.075
  Ionic Strength     =      0.000
  Solution pH        =      4.165
  Total Charge       =  1.038E-16
 
 Total Aqueous Concentrations of Primary Species 
 --------------------------------------- 
 
   Species              Molality       Type 
 H+                   6.8376E-05     Aqueous      
 Cl-                  1.0397E-04     Aqueous      
 Na+                  9.6466E-05     Aqueous      
 NO3-                 6.0873E-05     Aqueous      
 
 Concentrations of Individual Species, Exchangers, and Surface Complexes 
 ----------------------------------------------------------------------- 
 
                           Log        Log                 Concentration     
 Species              Molality   Activity      Molality    Mol/m^3 blk  Type
                           Log        Log                                 Activity
 Species              Molality   Activity      Molality      Activity   Coefficient    Type
  H+                    -4.165     -4.165     6.838E-05     6.838E-05     1.000E+00  Aqueous 
  Cl-                   -3.983     -3.983     1.040E-04     1.040E-04     1.000E+00  Aqueous 
  Na+                   -4.016     -4.016     9.647E-05     9.647E-05     1.000E+00  Aqueous 
  NO3-                  -4.216     -4.216     6.087E-05     6.087E-05     1.000E+00  Aqueous 
 
  ****** Partial pressure of gases (bars) *****
 
 
  ***** Saturation state of minerals (log[Q/K] *****
 
 
 **************************************************************
 ------> GRID LOCATION:    12:  1:  1
 
  Temperature (C)    =     25.000
  Porosity           =      0.250
  Liquid Saturation  =      1.000
  Liquid Density     =    997.075
  Ionic Strength     =      0.000
  Solution pH        =      4.182
  Total Charge       = -4.251E-16
 
 Total Aqueous Concentrations of Primary Species 
 --------------------------------------- 
 
   Species              Molality       Type 
 H+                   6.5694E-05     Aqueous      
 Cl-                  1.0440E-04     Aqueous      
 Na+                  9.6163E-05     Aqueous      
 NO3-                 5.7454E-05     Aqueous      
 
 Concentrations of Individual Species, Exchangers, and Surface Complexes 
 ----------------------------------------------------------------------- 
 
                           Log        Log                 Concentration     
 Species              Molality   Activity      Molality    Mol/m^3 blk  Type
                           Log        Log                                 Activity
 Species              Molality   Activity      Molality      Activity   Coefficient    Type
  H+                    -4.182     -4.182     6.569E-05     6.569E-05     1.000E+00  Aqueous 
  Cl-                   -3.981     -3.981     1.044E-04     1.044E-04     1.000E+00  Aqueous 
  Na+                   -4.017     -4.017     9.616E-05     9.616E-05     1.000E+00  Aqueous 
  NO3-                  -4.241     -4.241     5.745E-05     5.745E-05     1.000E+00  Aqueous 
 
  ****** Partial pressure of gases (bars) *****
 
 
  ***** Saturation state of minerals (log[Q/K] *****
 
 
 **************************************************************
 ------> GRID LOCATION:    13:  1:  1
 
  Temperature (C)    =     25.000
  Porosity           =      0.250
  Liquid Saturation  =      1.000
  Liquid Density     =    997.075
  Ionic Strength     =      0.000
  Solution pH        =      4.200
  Total Charge       = -2.153E-15
 
 Total Aqueous Concentrations of Primary Species 
 --------------------------------------- 
 
   Species              Molality       Type 
 H+                   6.3082E-05     Aqueous      
 Cl-                  1.0483E-04     Aqueous      
 Na+                  9.5879E-05     Aqueous      
 NO3-                 5.4129E-05     Aqueous      
 
 Concentrations of Individual Species, Exchangers, and Surface Complexes 
 ----------------------------------------------------------------------- 
 
                           Log        Log                 Concentration     
 Species              Molality   Activity      Molality    Mol/m^3 blk  Type
                           Log        Log                                 Activity
 Species              Molality   Activity      Molality      Activity   Coefficient    Type
  H+                    -4.200     -4.200     6.308E-05     6.308E-05     1.000E+00  Aqueous 
  Cl-                   -3.980     -3.980     1.048E-04     1.048E-04     1.000E+00  Aqueous 
  Na+                   -4.018     -4.018     9.588E-05     9.588E-05     1.000E+00  Aqueous 
  NO3-                  -4.267     -4.267     5.413E-05     5.413E-05     1.000E+00  Aqueous 
 
  ****** Partial pressure of gases (bars) *****
 
 
  ***** Saturation state of minerals (log[Q/K] *****
 
 
 **************************************************************
 ------> GRID LOCATION:    14:  1:  1
 
  Temperature (C)    =     25.000
  Porosity           =      0.250
  Liquid Saturation  =      1.000
  Liquid Density     =    997.075
  Ionic Strength     =      0.000
  Solution pH        =      4.218
  Total Charge       = -6.575E-15
 
 Total Aqueous Concentrations of Primary Species 
 --------------------------------------- 
 
   Species              Molality       Type 
 H+                   6.0542E-05     Aqueous      
 Cl-                  1.0525E-04     Aqueous      
 Na+                  9.5616E-05     Aqueous      
 NO3-                 5.0907E-05     Aqueous      
 
 Concentrations of Individual Species, Exchangers, and Surface Complexes 
 ----------------------------------------------------------------------- 
 
                           Log        Log                 Concentration     
 Species              Molality   Activity      Molality    Mol/m^3 blk  Type
                           Log        Log                                 Activity
 Species              Molality   Activity      Molality      Activity   Coefficient    Type
  H+                    -4.218     -4.218     6.054E-05     6.054E-05     1.000E+00  Aqueous 
  Cl-                   -3.978     -3.978     1.053E-04     1.053E-04     1.000E+00  Aqueous 
  Na+                   -4.019     -4.019     9.562E-05     9.562E-05     1.000E+00  Aqueous 
  NO3-                  -4.293     -4.293     5.091E-05     5.091E-05     1.000E+00  Aqueous 
 
  ****** Partial pressure of gases (bars) *****
 
 
  ***** Saturation state of minerals (log[Q/K] *****
 
 
 **************************************************************
 ------> GRID LOCATION:    15:  1:  1
 
  Temperature (C)    =     25.000
  Porosity           =      0.250
  Liquid Saturation  =      1.000
  Liquid Density     =    997.075
  Ionic Strength     =      0.000
  Solution pH        =      4.236
  Total Charge       = -1.642E-14
 
 Total Aqueous Concentrations of Primary Species 
 --------------------------------------- 
 
   Species              Molality       Type 
 H+                   5.8076E-05     Aqueous      
 Cl-                  1.0566E-04     Aqueous      
 Na+                  9.5375E-05     Aqueous      
 NO3-                 4.7793E-05     Aqueous      
 
 Concentrations of Individual Species, Exchangers, and Surface Complexes 
 ----------------------------------------------------------------------- 
 
                           Log        Log                 Concentration     
 Species              Molality   Activity      Molality    Mol/m^3 blk  Type
                           Log        Log                                 Activity
 Species              Molality   Activity      Molality      Activity   Coefficient    Type
  H+                    -4.236     -4.236     5.808E-05     5.808E-05     1.000E+00  Aqueous 
  Cl-                   -3.976     -3.976     1.057E-04     1.057E-04     1.000E+00  Aqueous 
  Na+                   -4.021     -4.021     9.538E-05     9.538E-05     1.000E+00  Aqueous 
  NO3-                  -4.321     -4.321     4.779E-05     4.779E-05     1.000E+00  Aqueous 
 
  ****** Partial pressure of gases (bars) *****
 
 
  ***** Saturation state of minerals (log[Q/K] *****
 
 
 **************************************************************
 ------> GRID LOCATION:    16:  1:  1
 
  Temperature (C)    =     25.000
  Porosity           =      0.250
  Liquid Saturation  =      1.000
  Liquid Density     =    997.075
  Ionic Strength     =      0.000
  Solution pH        =      4.254
  Total Charge       = -3.617E-14
 
 Total Aqueous Concentrations of Primary Species 
 --------------------------------------- 
 
   Species              Molality       Type 
 H+                   5.5684E-05     Aqueous      
 Cl-                  1.0605E-04     Aqueous      
 Na+                  9.5157E-05     Aqueous      
 NO3-                 4.4792E-05     Aqueous      
 
 Concentrations of Individual Species, Exchangers, and Surface Complexes 
 ----------------------------------------------------------------------- 
 
                           Log        Log                 Concentration     
 Species              Molality   Activity      Molality    Mol/m^3 blk  Type
                           Log        Log                                 Activity
 Species              Molality   Activity      Molality      Activity   Coefficient    Type
  H+                    -4.254     -4.254     5.568E-05     5.568E-05     1.000E+00  Aqueous 
  Cl-                   -3.974     -3.974     1.060E-04     1.060E-04     1.000E+00  Aqueous 
  Na+                   -4.022     -4.022     9.516E-05     9.516E-05     1.000E+00  Aqueous 
  NO3-                  -4.349     -4.349     4.479E-05     4.479E-05     1.000E+00  Aqueous 
 
  ****** Partial pressure of gases (bars) *****
 
 
  ***** Saturation state of minerals (log[Q/K] *****
 
 
 **************************************************************
 ------> GRID LOCATION:    17:  1:  1
 
  Temperature (C)    =     25.000
  Porosity           =      0.250
  Liquid Saturation  =      1.000
  Liquid Density     =    997.075
  Ionic Strength     =      0.000
  Solution pH        =      4.273
  Total Charge       = -7.271E-14
 
 Total Aqueous Concentrations of Primary Species 
 --------------------------------------- 
 
   Species              Molality       Type 
 H+                   5.3367E-05     Aqueous      
 Cl-                  1.0642E-04     Aqueous      
 Na+                  9.4962E-05     Aqueous      
 NO3-                 4.1909E-05     Aqueous      
 
 Concentrations of Individual Species, Exchangers, and Surface Complexes 
 ----------------------------------------------------------------------- 
 
                           Log        Log                 Concentration     
 Species              Molality   Activity      Molality    Mol/m^3 blk  Type
                           Log        Log                                 Activity
 Species              Molality   Activity      Molality      Activity   Coefficient    Type
  H+                    -4.273     -4.273     5.337E-05     5.337E-05     1.000E+00  Aqueous 
  Cl-                   -3.973     -3.973     1.064E-04     1.064E-04     1.000E+00  Aqueous 
  Na+                   -4.022     -4.022     9.496E-05     9.496E-05     1.000E+00  Aqueous 
  NO3-                  -4.378     -4.378     4.191E-05     4.191E-05     1.000E+00  Aqueous 
 
  ****** Partial pressure of gases (bars) *****
 
 
  ***** Saturation state of minerals (log[Q/K] *****
 
 
 **************************************************************
 ------> GRID LOCATION:    18:  1:  1
 
  Temperature (C)    =     25.000
  Porosity           =      0.250
  Liquid Saturation  =      1.000
  Liquid Density     =    997.075
  Ionic Strength     =      0.000
  Solution pH        =      4.291
  Total Charge       = -1.365E-13
 
 Total Aqueous Concentrations of Primary Species 
 --------------------------------------- 
 
   Species              Molality       Type 
 H+                   5.1126E-05     Aqueous      
 Cl-                  1.0677E-04     Aqueous      
 Na+                  9.4792E-05     Aqueous      
 NO3-                 3.9147E-05     Aqueous      
 
 Concentrations of Individual Species, Exchangers, and Surface Complexes 
 ----------------------------------------------------------------------- 
 
                           Log        Log                 Concentration     
 Species              Molality   Activity      Molality    Mol/m^3 blk  Type
                           Log        Log                                 Activity
 Species              Molality   Activity      Molality      Activity   Coefficient    Type
  H+                    -4.291     -4.291     5.113E-05     5.113E-05     1.000E+00  Aqueous 
  Cl-                   -3.972     -3.972     1.068E-04     1.068E-04     1.000E+00  Aqueous 
  Na+                   -4.023     -4.023     9.479E-05     9.479E-05     1.000E+00  Aqueous 
  NO3-                  -4.407     -4.407     3.915E-05     3.915E-05     1.000E+00  Aqueous 
 
  ****** Partial pressure of gases (bars) *****
 
 
  ***** Saturation state of minerals (log[Q/K] *****
 
 
 **************************************************************
 ------> GRID LOCATION:    19:  1:  1
 
  Temperature (C)    =     25.000
  Porosity           =      0.250
  Liquid Saturation  =      1.000
  Liquid Density     =    997.075
  Ionic Strength     =      0.000
  Solution pH        =      4.310
  Total Charge       = -2.428E-13
 
 Total Aqueous Concentrations of Primary Species 
 --------------------------------------- 
 
   Species              Molality       Type 
 H+                   4.8960E-05     Aqueous      
 Cl-                  1.0710E-04     Aqueous      
 Na+                  9.4645E-05     Aqueous      
 NO3-                 3.6508E-05     Aqueous      
 
 Concentrations of Individual Species, Exchangers, and Surface Complexes 
 ----------------------------------------------------------------------- 
 
                           Log        Log                 Concentration     
 Species              Molality   Activity      Molality    Mol/m^3 blk  Type
                           Log        Log                                 Activity
 Species              Molality   Activity      Molality      Activity   Coefficient    Type
  H+                    -4.310     -4.310     4.896E-05     4.896E-05     1.000E+00  Aqueous 
  Cl-                   -3.970     -3.970     1.071E-04     1.071E-04     1.000E+00  Aqueous 
  Na+                   -4.024     -4.024     9.464E-05     9.464E-05     1.000E+00  Aqueous 
  NO3-                  -4.438     -4.438     3.651E-05     3.651E-05     1.000E+00  Aqueous 
 
  ****** Partial pressure of gases (bars) *****
 
 
  ***** Saturation state of minerals (log[Q/K] *****
 
 
 **************************************************************
 ------> GRID LOCATION:    20:  1:  1
 
  Temperature (C)    =     25.000
  Porosity           =      0.250
  Liquid Saturation  =      1.000
  Liquid Density     =    997.075
  Ionic Strength     =      0.000
  Solution pH        =      4.329
  Total Charge       = -4.118E-13
 
 Total Aqueous Concentrations of Primary Species 
 --------------------------------------- 
 
   Species              Molality       Type 
 H+                   4.6869E-05     Aqueous      
 Cl-                  1.0740E-04     Aqueous      
 Na+                  9.4521E-05     Aqueous      
 NO3-                 3.3993E-05     Aqueous      
 
 Concentrations of Individual Species, Exchangers, and Surface Complexes 
 ----------------------------------------------------------------------- 
 
                           Log        Log                 Concentration     
 Species              Molality   Activity      Molality    Mol/m^3 blk  Type
                           Log        Log                                 Activity
 Species              Molality   Activity      Molality      Activity   Coefficient    Type
  H+                    -4.329     -4.329     4.687E-05     4.687E-05     1.000E+00  Aqueous 
  Cl-                   -3.969     -3.969     1.074E-04     1.074E-04     1.000E+00  Aqueous 
  Na+                   -4.024     -4.024     9.452E-05     9.452E-05     1.000E+00  Aqueous 
  NO3-                  -4.469     -4.469     3.399E-05     3.399E-05     1.000E+00  Aqueous 
 
  ****** Partial pressure of gases (bars) *****
 
 
  ***** Saturation state of minerals (log[Q/K] *****
 
 
 **************************************************************
 ------> GRID LOCATION:    21:  1:  1
 
  Temperature (C)    =     25.000
  Porosity           =      0.250
  Liquid Saturation  =      1.000
  Liquid Density     =    997.075
  Ionic Strength     =      0.000
  Solution pH        =      4.348
  Total Charge       = -6.689E-13
 
 Total Aqueous Concentrations of Primary Species 
 --------------------------------------- 
 
   Species              Molality       Type 
 H+                   4.4854E-05     Aqueous      
 Cl-                  1.0767E-04     Aqueous      
 Na+                  9.4421E-05     Aqueous      
 NO3-                 3.1604E-05     Aqueous      
 
 Concentrations of Individual Species, Exchangers, and Surface Complexes 
 ----------------------------------------------------------------------- 
 
                           Log        Log                 Concentration     
 Species              Molality   Activity      Molality    Mol/m^3 blk  Type
                           Log        Log                                 Activity
 Species              Molality   Activity      Molality      Activity   Coefficient    Type
  H+                    -4.348     -4.348     4.485E-05     4.485E-05     1.000E+00  Aqueous 
  Cl-                   -3.968     -3.968     1.077E-04     1.077E-04     1.000E+00  Aqueous 
  Na+                   -4.025     -4.025     9.442E-05     9.442E-05     1.000E+00  Aqueous 
  NO3-                  -4.500     -4.500     3.160E-05     3.160E-05     1.000E+00  Aqueous 
 
  ****** Partial pressure of gases (bars) *****
 
 
  ***** Saturation state of minerals (log[Q/K] *****
 
 
 **************************************************************
 ------> GRID LOCATION:    22:  1:  1
 
  Temperature (C)    =     25.000
  Porosity           =      0.250
  Liquid Saturation  =      1.000
  Liquid Density     =    997.075
  Ionic Strength     =      0.000
  Solution pH        =      4.367
  Total Charge       = -1.046E-12
 
 Total Aqueous Concentrations of Primary Species 
 --------------------------------------- 
 
   Species              Molality       Type 
 H+                   4.2913E-05     Aqueous      
 Cl-                  1.0792E-04     Aqueous      
 Na+                  9.4343E-05     Aqueous      
 NO3-                 2.9338E-05     Aqueous      
 
 Concentrations of Individual Species, Exchangers, and Surface Complexes 
 ----------------------------------------------------------------------- 
 
                           Log        Log                 Concentration     
 Species              Molality   Activity      Molality    Mol/m^3 blk  Type
                           Log        Log                                 Activity
 Species              Molality   Activity      Molality      Activity   Coefficient    Type
  H+                    -4.367     -4.367     4.291E-05     4.291E-05     1.000E+00  Aqueous 
  Cl-                   -3.967     -3.967     1.079E-04     1.079E-04     1.000E+00  Aqueous 
  Na+                   -4.025     -4.025     9.434E-05     9.434E-05     1.000E+00  Aqueous 
  NO3-                  -4.533     -4.533     2.934E-05     2.934E-05     1.000E+00  Aqueous 
 
  ****** Partial pressure of gases (bars) *****
 
 
  ***** Saturation state of minerals (log[Q/K] *****
 
 
 **************************************************************
 ------> GRID LOCATION:    23:  1:  1
 
  Temperature (C)    =     25.000
  Porosity           =      0.250
  Liquid Saturation  =      1.000
  Liquid Density     =    997.075
  Ionic Strength     =      0.000
  Solution pH        =      4.387
  Total Charge       = -1.578E-12
 
 Total Aqueous Concentrations of Primary Species 
 --------------------------------------- 
 
   Species              Molality       Type 
 H+                   4.1044E-05     Aqueous      
 Cl-                  1.0813E-04     Aqueous      
 Na+                  9.4286E-05     Aqueous      
 NO3-                 2.7197E-05     Aqueous      
 
 Concentrations of Individual Species, Exchangers, and Surface Complexes 
 ----------------------------------------------------------------------- 
 
                           Log        Log                 Concentration     
 Species              Molality   Activity      Molality    Mol/m^3 blk  Type
                           Log        Log                                 Activity
 Species              Molality   Activity      Molality      Activity   Coefficient    Type
  H+                    -4.387     -4.387     4.104E-05     4.104E-05     1.000E+00  Aqueous 
  Cl-                   -3.966     -3.966     1.081E-04     1.081E-04     1.000E+00  Aqueous 
  Na+                   -4.026     -4.026     9.429E-05     9.429E-05     1.000E+00  Aqueous 
  NO3-                  -4.565     -4.565     2.720E-05     2.720E-05     1.000E+00  Aqueous 
 
  ****** Partial pressure of gases (bars) *****
 
 
  ***** Saturation state of minerals (log[Q/K] *****
 
 
 **************************************************************
 ------> GRID LOCATION:    24:  1:  1
 
  Temperature (C)    =     25.000
  Porosity           =      0.250
  Liquid Saturation  =      1.000
  Liquid Density     =    997.075
  Ionic Strength     =      0.000
  Solution pH        =      4.406
  Total Charge       = -2.304E-12
 
 Total Aqueous Concentrations of Primary Species 
 --------------------------------------- 
 
   Species              Molality       Type 
 H+                   3.9248E-05     Aqueous      
 Cl-                  1.0832E-04     Aqueous      
 Na+                  9.4249E-05     Aqueous      
 NO3-                 2.5177E-05     Aqueous      
 
 Concentrations of Individual Species, Exchangers, and Surface Complexes 
 ----------------------------------------------------------------------- 
 
                           Log        Log                 Concentration     
 Species              Molality   Activity      Molality    Mol/m^3 blk  Type
                           Log        Log                                 Activity
 Species              Molality   Activity      Molality      Activity   Coefficient    Type
  H+                    -4.406     -4.406     3.925E-05     3.925E-05     1.000E+00  Aqueous 
  Cl-                   -3.965     -3.965     1.083E-04     1.083E-04     1.000E+00  Aqueous 
  Na+                   -4.026     -4.026     9.425E-05     9.425E-05     1.000E+00  Aqueous 
  NO3-                  -4.599     -4.599     2.518E-05     2.518E-05     1.000E+00  Aqueous 
 
  ****** Partial pressure of gases (bars) *****
 
 
  ***** Saturation state of minerals (log[Q/K] *****
 
 
 **************************************************************
 ------> GRID LOCATION:    25:  1:  1
 
  Temperature (C)    =     25.000
  Porosity           =      0.250
  Liquid Saturation  =      1.000
  Liquid Density     =    997.075
  Ionic Strength     =      0.000
  Solution pH        =      4.426
  Total Charge       = -3.265E-12
 
 Total Aqueous Concentrations of Primary Species 
 --------------------------------------- 
 
   Species              Molality       Type 
 H+                   3.7522E-05     Aqueous      
 Cl-                  1.0848E-04     Aqueous      
 Na+                  9.4231E-05     Aqueous      
 NO3-                 2.3277E-05     Aqueous      
 
 Concentrations of Individual Species, Exchangers, and Surface Complexes 
 ----------------------------------------------------------------------- 
 
                           Log        Log                 Concentration     
 Species              Molality   Activity      Molality    Mol/m^3 blk  Type
                           Log        Log                                 Activity
 Species              Molality   Activity      Molality      Activity   Coefficient    Type
  H+                    -4.426     -4.426     3.752E-05     3.752E-05     1.000E+00  Aqueous 
  Cl-                   -3.965     -3.965     1.085E-04     1.085E-04     1.000E+00  Aqueous 
  Na+                   -4.026     -4.026     9.423E-05     9.423E-05     1.000E+00  Aqueous 
  NO3-                  -4.633     -4.633     2.328E-05     2.328E-05     1.000E+00  Aqueous 
 
  ****** Partial pressure of gases (bars) *****
 
 
  ***** Saturation state of minerals (log[Q/K] *****
 
 
 **************************************************************
 ------> GRID LOCATION:    26:  1:  1
 
  Temperature (C)    =     25.000
  Porosity           =      0.250
  Liquid Saturation  =      1.000
  Liquid Density     =    997.075
  Ionic Strength     =      0.000
  Solution pH        =      4.445
  Total Charge       = -4.496E-12
 
 Total Aqueous Concentrations of Primary Species 
 --------------------------------------- 
 
   Species              Molality       Type 
 H+                   3.5865E-05     Aqueous      
 Cl-                  1.0860E-04     Aqueous      
 Na+                  9.4232E-05     Aqueous      
 NO3-                 2.1493E-05     Aqueous      
 
 Concentrations of Individual Species, Exchangers, and Surface Complexes 
 ----------------------------------------------------------------------- 
 
                           Log        Log                 Concentration     
 Species              Molality   Activity      Molality    Mol/m^3 blk  Type
                           Log        Log                                 Activity
 Species              Molality   Activity      Molality      Activity   Coefficient    Type
  H+                    -4.445     -4.445     3.587E-05     3.587E-05     1.000E+00  Aqueous 
  Cl-                   -3.964     -3.964     1.086E-04     1.086E-04     1.000E+00  Aqueous 
  Na+                   -4.026     -4.026     9.423E-05     9.423E-05     1.000E+00  Aqueous 
  NO3-                  -4.668     -4.668     2.149E-05     2.149E-05     1.000E+00  Aqueous 
 
  ****** Partial pressure of gases (bars) *****
 
 
  ***** Saturation state of minerals (log[Q/K] *****
 
 
 **************************************************************
 ------> GRID LOCATION:    27:  1:  1
 
  Temperature (C)    =     25.000
  Porosity           =      0.250
  Liquid Saturation  =      1.000
  Liquid Density     =    997.075
  Ionic Strength     =      0.000
  Solution pH        =      4.465
  Total Charge       = -6.026E-12
 
 Total Aqueous Concentrations of Primary Species 
 --------------------------------------- 
 
   Species              Molality       Type 
 H+                   3.4276E-05     Aqueous      
 Cl-                  1.0870E-04     Aqueous      
 Na+                  9.4249E-05     Aqueous      
 NO3-                 1.9823E-05     Aqueous      
 
 Concentrations of Individual Species, Exchangers, and Surface Complexes 
 ----------------------------------------------------------------------- 
 
                           Log        Log                 Concentration     
 Species              Molality   Activity      Molality    Mol/m^3 blk  Type
                           Log        Log                                 Activity
 Species              Molality   Activity      Molality      Activity   Coefficient    Type
  H+                    -4.465     -4.465     3.428E-05     3.428E-05     1.000E+00  Aqueous 
  Cl-                   -3.964     -3.964     1.087E-04     1.087E-04     1.000E+00  Aqueous 
  Na+                   -4.026     -4.026     9.425E-05     9.425E-05     1.000E+00  Aqueous 
  NO3-                  -4.703     -4.703     1.982E-05     1.982E-05     1.000E+00  Aqueous 
 
  ****** Partial pressure of gases (bars) *****
 
 
  ***** Saturation state of minerals (log[Q/K] *****
 
 
 **************************************************************
 ------> GRID LOCATION:    28:  1:  1
 
  Temperature (C)    =     25.000
  Porosity           =      0.250
  Liquid Saturation  =      1.000
  Liquid Density     =    997.075
  Ionic Strength     =      0.000
  Solution pH        =      4.485
  Total Charge       = -7.868E-12
 
 Total Aqueous Concentrations of Primary Species 
 --------------------------------------- 
 
   Species              Molality       Type 
 H+                   3.2752E-05     Aqueous      
 Cl-                  1.0877E-04     Aqueous      
 Na+                  9.4281E-05     Aqueous      
 NO3-                 1.8263E-05     Aqueous      
 
 Concentrations of Individual Species, Exchangers, and Surface Complexes 
 ----------------------------------------------------------------------- 
 
                           Log        Log                 Concentration     
 Species              Molality   Activity      Molality    Mol/m^3 blk  Type
                           Log        Log                                 Activity
 Species              Molality   Activity      Molality      Activity   Coefficient    Type
  H+                    -4.485     -4.485     3.275E-05     3.275E-05     1.000E+00  Aqueous 
  Cl-                   -3.963     -3.963     1.088E-04     1.088E-04     1.000E+00  Aqueous 
  Na+                   -4.026     -4.026     9.428E-05     9.428E-05     1.000E+00  Aqueous 
  NO3-                  -4.738     -4.738     1.826E-05     1.826E-05     1.000E+00  Aqueous 
 
  ****** Partial pressure of gases (bars) *****
 
 
  ***** Saturation state of minerals (log[Q/K] *****
 
 
 **************************************************************
 ------> GRID LOCATION:    29:  1:  1
 
  Temperature (C)    =     25.000
  Porosity           =      0.250
  Liquid Saturation  =      1.000
  Liquid Density     =    997.075
  Ionic Strength     =      0.000
  Solution pH        =      4.505
  Total Charge       = -1.002E-11
 
 Total Aqueous Concentrations of Primary Species 
 --------------------------------------- 
 
   Species              Molality       Type 
 H+                   3.1293E-05     Aqueous      
 Cl-                  1.0881E-04     Aqueous      
 Na+                  9.4328E-05     Aqueous      
 NO3-                 1.6808E-05     Aqueous      
 
 Concentrations of Individual Species, Exchangers, and Surface Complexes 
 ----------------------------------------------------------------------- 
 
                           Log        Log                 Concentration     
 Species              Molality   Activity      Molality    Mol/m^3 blk  Type
                           Log        Log                                 Activity
 Species              Molality   Activity      Molality      Activity   Coefficient    Type
  H+                    -4.505     -4.505     3.129E-05     3.129E-05     1.000E+00  Aqueous 
  Cl-                   -3.963     -3.963     1.088E-04     1.088E-04     1.000E+00  Aqueous 
  Na+                   -4.025     -4.025     9.433E-05     9.433E-05     1.000E+00  Aqueous 
  NO3-                  -4.774     -4.774     1.681E-05     1.681E-05     1.000E+00  Aqueous 
 
  ****** Partial pressure of gases (bars) *****
 
 
  ***** Saturation state of minerals (log[Q/K] *****
 
 
 **************************************************************
 ------> GRID LOCATION:    30:  1:  1
 
  Temperature (C)    =     25.000
  Porosity           =      0.250
  Liquid Saturation  =      1.000
  Liquid Density     =    997.075
  Ionic Strength     =      0.000
  Solution pH        =      4.524
  Total Charge       = -1.245E-11
 
 Total Aqueous Concentrations of Primary Species 
 --------------------------------------- 
 
   Species              Molality       Type 
 H+                   2.9895E-05     Aqueous      
 Cl-                  1.0883E-04     Aqueous      
 Na+                  9.4388E-05     Aqueous      
 NO3-                 1.5454E-05     Aqueous      
 
 Concentrations of Individual Species, Exchangers, and Surface Complexes 
 ----------------------------------------------------------------------- 
 
                           Log        Log                 Concentration     
 Species              Molality   Activity      Molality    Mol/m^3 blk  Type
                           Log        Log                                 Activity
 Species              Molality   Activity      Molality      Activity   Coefficient    Type
  H+                    -4.524     -4.524     2.989E-05     2.989E-05     1.000E+00  Aqueous 
  Cl-                   -3.963     -3.963     1.088E-04     1.088E-04     1.000E+00  Aqueous 
  Na+                   -4.025     -4.025     9.439E-05     9.439E-05     1.000E+00  Aqueous 
  NO3-                  -4.811     -4.811     1.545E-05     1.545E-05     1.000E+00  Aqueous 
 
  ****** Partial pressure of gases (bars) *****
 
 
  ***** Saturation state of minerals (log[Q/K] *****
 
 
 **************************************************************
 ------> GRID LOCATION:    31:  1:  1
 
  Temperature (C)    =     25.000
  Porosity           =      0.250
  Liquid Saturation  =      1.000
  Liquid Density     =    997.075
  Ionic Strength     =      0.000
  Solution pH        =      4.544
  Total Charge       = -1.512E-11
 
 Total Aqueous Concentrations of Primary Species 
 --------------------------------------- 
 
   Species              Molality       Type 
 H+                   2.8557E-05     Aqueous      
 Cl-                  1.0882E-04     Aqueous      
 Na+                  9.4459E-05     Aqueous      
 NO3-                 1.4198E-05     Aqueous      
 
 Concentrations of Individual Species, Exchangers, and Surface Complexes 
 ----------------------------------------------------------------------- 
 
                           Log        Log                 Concentration     
 Species              Molality   Activity      Molality    Mol/m^3 blk  Type
                           Log        Log                                 Activity
 Species              Molality   Activity      Molality      Activity   Coefficient    Type
  H+                    -4.544     -4.544     2.856E-05     2.856E-05     1.000E+00  Aqueous 
  Cl-                   -3.963     -3.963     1.088E-04     1.088E-04     1.000E+00  Aqueous 
  Na+                   -4.025     -4.025     9.446E-05     9.446E-05     1.000E+00  Aqueous 
  NO3-                  -4.848     -4.848     1.420E-05     1.420E-05     1.000E+00  Aqueous 
 
  ****** Partial pressure of gases (bars) *****
 
 
  ***** Saturation state of minerals (log[Q/K] *****
 
 
 **************************************************************
 ------> GRID LOCATION:    32:  1:  1
 
  Temperature (C)    =     25.000
  Porosity           =      0.250
  Liquid Saturation  =      1.000
  Liquid Density     =    997.075
  Ionic Strength     =      0.000
  Solution pH        =      4.564
  Total Charge       = -1.792E-11
 
 Total Aqueous Concentrations of Primary Species 
 --------------------------------------- 
 
   Species              Molality       Type 
 H+                   2.7277E-05     Aqueous      
 Cl-                  1.0878E-04     Aqueous      
 Na+                  9.4540E-05     Aqueous      
 NO3-                 1.3034E-05     Aqueous      
 
 Concentrations of Individual Species, Exchangers, and Surface Complexes 
 ----------------------------------------------------------------------- 
 
                           Log        Log                 Concentration     
 Species              Molality   Activity      Molality    Mol/m^3 blk  Type
                           Log        Log                                 Activity
 Species              Molality   Activity      Molality      Activity   Coefficient    Type
  H+                    -4.564     -4.564     2.728E-05     2.728E-05     1.000E+00  Aqueous 
  Cl-                   -3.963     -3.963     1.088E-04     1.088E-04     1.000E+00  Aqueous 
  Na+                   -4.024     -4.024     9.454E-05     9.454E-05     1.000E+00  Aqueous 
  NO3-                  -4.885     -4.885     1.303E-05     1.303E-05     1.000E+00  Aqueous 
 
  ****** Partial pressure of gases (bars) *****
 
 
  ***** Saturation state of minerals (log[Q/K] *****
 
 
 **************************************************************
 ------> GRID LOCATION:    33:  1:  1
 
  Temperature (C)    =     25.000
  Porosity           =      0.250
  Liquid Saturation  =      1.000
  Liquid Density     =    997.075
  Ionic Strength     =      0.000
  Solution pH        =      4.584
  Total Charge       = -2.076E-11
 
 Total Aqueous Concentrations of Primary Species 
 --------------------------------------- 
 
   Species              Molality       Type 
 H+                   2.6052E-05     Aqueous      
 Cl-                  1.0873E-04     Aqueous      
 Na+                  9.4631E-05     Aqueous      
 NO3-                 1.1957E-05     Aqueous      
 
 Concentrations of Individual Species, Exchangers, and Surface Complexes 
 ----------------------------------------------------------------------- 
 
                           Log        Log                 Concentration     
 Species              Molality   Activity      Molality    Mol/m^3 blk  Type
                           Log        Log                                 Activity
 Species              Molality   Activity      Molality      Activity   Coefficient    Type
  H+                    -4.584     -4.584     2.605E-05     2.605E-05     1.000E+00  Aqueous 
  Cl-                   -3.964     -3.964     1.087E-04     1.087E-04     1.000E+00  Aqueous 
  Na+                   -4.024     -4.024     9.463E-05     9.463E-05     1.000E+00  Aqueous 
  NO3-                  -4.922     -4.922     1.196E-05     1.196E-05     1.000E+00  Aqueous 
 
  ****** Partial pressure of gases (bars) *****
 
 
  ***** Saturation state of minerals (log[Q/K] *****
 
 
 **************************************************************
 ------> GRID LOCATION:    34:  1:  1
 
  Temperature (C)    =     25.000
  Porosity           =      0.250
  Liquid Saturation  =      1.000
  Liquid Density     =    997.075
  Ionic Strength     =      0.000
  Solution pH        =      4.604
  Total Charge       = -2.351E-11
 
 Total Aqueous Concentrations of Primary Species 
 --------------------------------------- 
 
   Species              Molality       Type 
 H+                   2.4882E-05     Aqueous      
 Cl-                  1.0865E-04     Aqueous      
 Na+                  9.4730E-05     Aqueous      
 NO3-                 1.0964E-05     Aqueous      
 
 Concentrations of Individual Species, Exchangers, and Surface Complexes 
 ----------------------------------------------------------------------- 
 
                           Log        Log                 Concentration     
 Species              Molality   Activity      Molality    Mol/m^3 blk  Type
                           Log        Log                                 Activity
 Species              Molality   Activity      Molality      Activity   Coefficient    Type
  H+                    -4.604     -4.604     2.488E-05     2.488E-05     1.000E+00  Aqueous 
  Cl-                   -3.964     -3.964     1.086E-04     1.086E-04     1.000E+00  Aqueous 
  Na+                   -4.024     -4.024     9.473E-05     9.473E-05     1.000E+00  Aqueous 
  NO3-                  -4.960     -4.960     1.096E-05     1.096E-05     1.000E+00  Aqueous 
 
  ****** Partial pressure of gases (bars) *****
 
 
  ***** Saturation state of minerals (log[Q/K] *****
 
 
 **************************************************************
 ------> GRID LOCATION:    35:  1:  1
 
  Temperature (C)    =     25.000
  Porosity           =      0.250
  Liquid Saturation  =      1.000
  Liquid Density     =    997.075
  Ionic Strength     =      0.000
  Solution pH        =      4.624
  Total Charge       = -2.600E-11
 
 Total Aqueous Concentrations of Primary Species 
 --------------------------------------- 
 
   Species              Molality       Type 
 H+                   2.3764E-05     Aqueous      
 Cl-                  1.0855E-04     Aqueous      
 Na+                  9.4836E-05     Aqueous      
 NO3-                 1.0049E-05     Aqueous      
 
 Concentrations of Individual Species, Exchangers, and Surface Complexes 
 ----------------------------------------------------------------------- 
 
                           Log        Log                 Concentration     
 Species              Molality   Activity      Molality    Mol/m^3 blk  Type
                           Log        Log                                 Activity
 Species              Molality   Activity      Molality      Activity   Coefficient    Type
  H+                    -4.624     -4.624     2.376E-05     2.376E-05     1.000E+00  Aqueous 
  Cl-                   -3.964     -3.964     1.086E-04     1.086E-04     1.000E+00  Aqueous 
  Na+                   -4.023     -4.023     9.484E-05     9.484E-05     1.000E+00  Aqueous 
  NO3-                  -4.998     -4.998     1.005E-05     1.005E-05     1.000E+00  Aqueous 
 
  ****** Partial pressure of gases (bars) *****
 
 
  ***** Saturation state of minerals (log[Q/K] *****
 
 
 **************************************************************
 ------> GRID LOCATION:    36:  1:  1
 
  Temperature (C)    =     25.000
  Porosity           =      0.250
  Liquid Saturation  =      1.000
  Liquid Density     =    997.075
  Ionic Strength     =      0.000
  Solution pH        =      4.644
  Total Charge       = -2.809E-11
 
 Total Aqueous Concentrations of Primary Species 
 --------------------------------------- 
 
   Species              Molality       Type 
 H+                   2.2696E-05     Aqueous      
 Cl-                  1.0844E-04     Aqueous      
 Na+                  9.4948E-05     Aqueous      
 NO3-                 9.2077E-06     Aqueous      
 
 Concentrations of Individual Species, Exchangers, and Surface Complexes 
 ----------------------------------------------------------------------- 
 
                           Log        Log                 Concentration     
 Species              Molality   Activity      Molality    Mol/m^3 blk  Type
                           Log        Log                                 Activity
 Species              Molality   Activity      Molality      Activity   Coefficient    Type
  H+                    -4.644     -4.644     2.270E-05     2.270E-05     1.000E+00  Aqueous 
  Cl-                   -3.965     -3.965     1.084E-04     1.084E-04     1.000E+00  Aqueous 
  Na+                   -4.023     -4.023     9.495E-05     9.495E-05     1.000E+00  Aqueous 
  NO3-                  -5.036     -5.036     9.208E-06     9.208E-06     1.000E+00  Aqueous 
 
  ****** Partial pressure of gases (bars) *****
 
 
  ***** Saturation state of minerals (log[Q/K] *****
 
 
 **************************************************************
 ------> GRID LOCATION:    37:  1:  1
 
  Temperature (C)    =     25.000
  Porosity           =      0.250
  Liquid Saturation  =      1.000
  Liquid Density     =    997.075
  Ionic Strength     =      0.000
  Solution pH        =      4.664
  Total Charge       = -2.963E-11
 
 Total Aqueous Concentrations of Primary Species 
 --------------------------------------- 
 
   Species              Molality       Type 
 H+                   2.1675E-05     Aqueous      
 Cl-                  1.0830E-04     Aqueous      
 Na+                  9.5065E-05     Aqueous      
 NO3-                 8.4355E-06     Aqueous      
 
 Concentrations of Individual Species, Exchangers, and Surface Complexes 
 ----------------------------------------------------------------------- 
 
                           Log        Log                 Concentration     
 Species              Molality   Activity      Molality    Mol/m^3 blk  Type
                           Log        Log                                 Activity
 Species              Molality   Activity      Molality      Activity   Coefficient    Type
  H+                    -4.664     -4.664     2.168E-05     2.168E-05     1.000E+00  Aqueous 
  Cl-                   -3.965     -3.965     1.083E-04     1.083E-04     1.000E+00  Aqueous 
  Na+                   -4.022     -4.022     9.507E-05     9.507E-05     1.000E+00  Aqueous 
  NO3-                  -5.074     -5.074     8.435E-06     8.435E-06     1.000E+00  Aqueous 
 
  ****** Partial pressure of gases (bars) *****
 
 
  ***** Saturation state of minerals (log[Q/K] *****
 
 
 **************************************************************
 ------> GRID LOCATION:    38:  1:  1
 
  Temperature (C)    =     25.000
  Porosity           =      0.250
  Liquid Saturation  =      1.000
  Liquid Density     =    997.075
  Ionic Strength     =      0.000
  Solution pH        =      4.684
  Total Charge       = -3.050E-11
 
 Total Aqueous Concentrations of Primary Species 
 --------------------------------------- 
 
   Species              Molality       Type 
 H+                   2.0701E-05     Aqueous      
 Cl-                  1.0816E-04     Aqueous      
 Na+                  9.5187E-05     Aqueous      
 NO3-                 7.7279E-06     Aqueous      
 
 Concentrations of Individual Species, Exchangers, and Surface Complexes 
 ----------------------------------------------------------------------- 
 
                           Log        Log                 Concentration     
 Species              Molality   Activity      Molality    Mol/m^3 blk  Type
                           Log        Log                                 Activity
 Species              Molality   Activity      Molality      Activity   Coefficient    Type
  H+                    -4.684     -4.684     2.070E-05     2.070E-05     1.000E+00  Aqueous 
  Cl-                   -3.966     -3.966     1.082E-04     1.082E-04     1.000E+00  Aqueous 
  Na+                   -4.021     -4.021     9.519E-05     9.519E-05     1.000E+00  Aqueous 
  NO3-                  -5.112     -5.112     7.728E-06     7.728E-06     1.000E+00  Aqueous 
 
  ****** Partial pressure of gases (bars) *****
 
 
  ***** Saturation state of minerals (log[Q/K] *****
 
 
 **************************************************************
 ------> GRID LOCATION:    39:  1:  1
 
  Temperature (C)    =     25.000
  Porosity           =      0.250
  Liquid Saturation  =      1.000
  Liquid Density     =    997.075
  Ionic Strength     =      0.000
  Solution pH        =      4.704
  Total Charge       = -3.063E-11
 
 Total Aqueous Concentrations of Primary Species 
 --------------------------------------- 
 
   Species              Molality       Type 
 H+                   1.9770E-05     Aqueous      
 Cl-                  1.0800E-04     Aqueous      
 Na+                  9.5311E-05     Aqueous      
 NO3-                 7.0806E-06     Aqueous      
 
 Concentrations of Individual Species, Exchangers, and Surface Complexes 
 ----------------------------------------------------------------------- 
 
                           Log        Log                 Concentration     
 Species              Molality   Activity      Molality    Mol/m^3 blk  Type
                           Log        Log                                 Activity
 Species              Molality   Activity      Molality      Activity   Coefficient    Type
  H+                    -4.704     -4.704     1.977E-05     1.977E-05     1.000E+00  Aqueous 
  Cl-                   -3.967     -3.967     1.080E-04     1.080E-04     1.000E+00  Aqueous 
  Na+                   -4.021     -4.021     9.531E-05     9.531E-05     1.000E+00  Aqueous 
  NO3-                  -5.150     -5.150     7.081E-06     7.081E-06     1.000E+00  Aqueous 
 
  ****** Partial pressure of gases (bars) *****
 
 
  ***** Saturation state of minerals (log[Q/K] *****
 
 
 **************************************************************
 ------> GRID LOCATION:    40:  1:  1
 
  Temperature (C)    =     25.000
  Porosity           =      0.250
  Liquid Saturation  =      1.000
  Liquid Density     =    997.075
  Ionic Strength     =      0.000
  Solution pH        =      4.724
  Total Charge       = -2.996E-11
 
 Total Aqueous Concentrations of Primary Species 
 --------------------------------------- 
 
   Species              Molality       Type 
 H+                   1.8882E-05     Aqueous      
 Cl-                  1.0783E-04     Aqueous      
 Na+                  9.5439E-05     Aqueous      
 NO3-                 6.4895E-06     Aqueous      
 
 Concentrations of Individual Species, Exchangers, and Surface Complexes 
 ----------------------------------------------------------------------- 
 
                           Log        Log                 Concentration     
 Species              Molality   Activity      Molality    Mol/m^3 blk  Type
                           Log        Log                                 Activity
 Species              Molality   Activity      Molality      Activity   Coefficient    Type
  H+                    -4.724     -4.724     1.888E-05     1.888E-05     1.000E+00  Aqueous 
  Cl-                   -3.967     -3.967     1.078E-04     1.078E-04     1.000E+00  Aqueous 
  Na+                   -4.020     -4.020     9.544E-05     9.544E-05     1.000E+00  Aqueous 
  NO3-                  -5.188     -5.188     6.489E-06     6.489E-06     1.000E+00  Aqueous 
 
  ****** Partial pressure of gases (bars) *****
 
 
  ***** Saturation state of minerals (log[Q/K] *****
 
 
 **************************************************************
 ------> GRID LOCATION:    41:  1:  1
 
  Temperature (C)    =     25.000
  Porosity           =      0.250
  Liquid Saturation  =      1.000
  Liquid Density     =    997.075
  Ionic Strength     =      0.000
  Solution pH        =      4.744
  Total Charge       = -2.852E-11
 
 Total Aqueous Concentrations of Primary Species 
 --------------------------------------- 
 
   Species              Molality       Type 
 H+                   1.8035E-05     Aqueous      
 Cl-                  1.0765E-04     Aqueous      
 Na+                  9.5568E-05     Aqueous      
 NO3-                 5.9505E-06     Aqueous      
 
 Concentrations of Individual Species, Exchangers, and Surface Complexes 
 ----------------------------------------------------------------------- 
 
                           Log        Log                 Concentration     
 Species              Molality   Activity      Molality    Mol/m^3 blk  Type
                           Log        Log                                 Activity
 Species              Molality   Activity      Molality      Activity   Coefficient    Type
  H+                    -4.744     -4.744     1.803E-05     1.803E-05     1.000E+00  Aqueous 
  Cl-                   -3.968     -3.968     1.077E-04     1.077E-04     1.000E+00  Aqueous 
  Na+                   -4.020     -4.020     9.557E-05     9.557E-05     1.000E+00  Aqueous 
  NO3-                  -5.225     -5.225     5.950E-06     5.950E-06     1.000E+00  Aqueous 
 
  ****** Partial pressure of gases (bars) *****
 
 
  ***** Saturation state of minerals (log[Q/K] *****
 
 
 **************************************************************
 ------> GRID LOCATION:    42:  1:  1
 
  Temperature (C)    =     25.000
  Porosity           =      0.250
  Liquid Saturation  =      1.000
  Liquid Density     =    997.075
  Ionic Strength     =      0.000
  Solution pH        =      4.764
  Total Charge       = -2.640E-11
 
 Total Aqueous Concentrations of Primary Species 
 --------------------------------------- 
 
   Species              Molality       Type 
 H+                   1.7226E-05     Aqueous      
 Cl-                  1.0746E-04     Aqueous      
 Na+                  9.5699E-05     Aqueous      
 NO3-                 5.4597E-06     Aqueous      
 
 Concentrations of Individual Species, Exchangers, and Surface Complexes 
 ----------------------------------------------------------------------- 
 
                           Log        Log                 Concentration     
 Species              Molality   Activity      Molality    Mol/m^3 blk  Type
                           Log        Log                                 Activity
 Species              Molality   Activity      Molality      Activity   Coefficient    Type
  H+                    -4.764     -4.764     1.723E-05     1.723E-05     1.000E+00  Aqueous 
  Cl-                   -3.969     -3.969     1.075E-04     1.075E-04     1.000E+00  Aqueous 
  Na+                   -4.019     -4.019     9.570E-05     9.570E-05     1.000E+00  Aqueous 
  NO3-                  -5.263     -5.263     5.460E-06     5.460E-06     1.000E+00  Aqueous 
 
  ****** Partial pressure of gases (bars) *****
 
 
  ***** Saturation state of minerals (log[Q/K] *****
 
 
 **************************************************************
 ------> GRID LOCATION:    43:  1:  1
 
  Temperature (C)    =     25.000
  Porosity           =      0.250
  Liquid Saturation  =      1.000
  Liquid Density     =    997.075
  Ionic Strength     =      0.000
  Solution pH        =      4.784
  Total Charge       = -2.371E-11
 
 Total Aqueous Concentrations of Primary Species 
 --------------------------------------- 
 
   Species              Molality       Type 
 H+                   1.6454E-05     Aqueous      
 Cl-                  1.0727E-04     Aqueous      
 Na+                  9.5830E-05     Aqueous      
 NO3-                 5.0135E-06     Aqueous      
 
 Concentrations of Individual Species, Exchangers, and Surface Complexes 
 ----------------------------------------------------------------------- 
 
                           Log        Log                 Concentration     
 Species              Molality   Activity      Molality    Mol/m^3 blk  Type
                           Log        Log                                 Activity
 Species              Molality   Activity      Molality      Activity   Coefficient    Type
  H+                    -4.784     -4.784     1.645E-05     1.645E-05     1.000E+00  Aqueous 
  Cl-                   -3.970     -3.970     1.073E-04     1.073E-04     1.000E+00  Aqueous 
  Na+                   -4.018     -4.018     9.583E-05     9.583E-05     1.000E+00  Aqueous 
  NO3-                  -5.300     -5.300     5.013E-06     5.013E-06     1.000E+00  Aqueous 
 
  ****** Partial pressure of gases (bars) *****
 
 
  ***** Saturation state of minerals (log[Q/K] *****
 
 
 **************************************************************
 ------> GRID LOCATION:    44:  1:  1
 
  Temperature (C)    =     25.000
  Porosity           =      0.250
  Liquid Saturation  =      1.000
  Liquid Density     =    997.075
  Ionic Strength     =      0.000
  Solution pH        =      4.804
  Total Charge       = -2.062E-11
 
 Total Aqueous Concentrations of Primary Species 
 --------------------------------------- 
 
   Species              Molality       Type 
 H+                   1.5717E-05     Aqueous      
 Cl-                  1.0707E-04     Aqueous      
 Na+                  9.5962E-05     Aqueous      
 NO3-                 4.6085E-06     Aqueous      
 
 Concentrations of Individual Species, Exchangers, and Surface Complexes 
 ----------------------------------------------------------------------- 
 
                           Log        Log                 Concentration     
 Species              Molality   Activity      Molality    Mol/m^3 blk  Type
                           Log        Log                                 Activity
 Species              Molality   Activity      Molality      Activity   Coefficient    Type
  H+                    -4.804     -4.804     1.572E-05     1.572E-05     1.000E+00  Aqueous 
  Cl-                   -3.970     -3.970     1.071E-04     1.071E-04     1.000E+00  Aqueous 
  Na+                   -4.018     -4.018     9.596E-05     9.596E-05     1.000E+00  Aqueous 
  NO3-                  -5.336     -5.336     4.608E-06     4.608E-06     1.000E+00  Aqueous 
 
  ****** Partial pressure of gases (bars) *****
 
 
  ***** Saturation state of minerals (log[Q/K] *****
 
 
 **************************************************************
 ------> GRID LOCATION:    45:  1:  1
 
  Temperature (C)    =     25.000
  Porosity           =      0.250
  Liquid Saturation  =      1.000
  Liquid Density     =    997.075
  Ionic Strength     =      0.000
  Solution pH        =      4.823
  Total Charge       = -1.731E-11
 
 Total Aqueous Concentrations of Primary Species 
 --------------------------------------- 
 
   Species              Molality       Type 
 H+                   1.5015E-05     Aqueous      
 Cl-                  1.0687E-04     Aqueous      
 Na+                  9.6093E-05     Aqueous      
 NO3-                 4.2412E-06     Aqueous      
 
 Concentrations of Individual Species, Exchangers, and Surface Complexes 
 ----------------------------------------------------------------------- 
 
                           Log        Log                 Concentration     
 Species              Molality   Activity      Molality    Mol/m^3 blk  Type
                           Log        Log                                 Activity
 Species              Molality   Activity      Molality      Activity   Coefficient    Type
  H+                    -4.823     -4.823     1.501E-05     1.501E-05     1.000E+00  Aqueous 
  Cl-                   -3.971     -3.971     1.069E-04     1.069E-04     1.000E+00  Aqueous 
  Na+                   -4.017     -4.017     9.609E-05     9.609E-05     1.000E+00  Aqueous 
  NO3-                  -5.373     -5.373     4.241E-06     4.241E-06     1.000E+00  Aqueous 
 
  ****** Partial pressure of gases (bars) *****
 
 
  ***** Saturation state of minerals (log[Q/K] *****
 
 
 **************************************************************
 ------> GRID LOCATION:    46:  1:  1
 
  Temperature (C)    =     25.000
  Porosity           =      0.250
  Liquid Saturation  =      1.000
  Liquid Density     =    997.075
  Ionic Strength     =      0.000
  Solution pH        =      4.843
  Total Charge       = -1.397E-11
 
 Total Aqueous Concentrations of Primary Species 
 --------------------------------------- 
 
   Species              Molality       Type 
 H+                   1.4345E-05     Aqueous      
 Cl-                  1.0666E-04     Aqueous      
 Na+                  9.6224E-05     Aqueous      
 NO3-                 3.9087E-06     Aqueous      
 
 Concentrations of Individual Species, Exchangers, and Surface Complexes 
 ----------------------------------------------------------------------- 
 
                           Log        Log                 Concentration     
 Species              Molality   Activity      Molality    Mol/m^3 blk  Type
                           Log        Log                                 Activity
 Species              Molality   Activity      Molality      Activity   Coefficient    Type
  H+                    -4.843     -4.843     1.434E-05     1.434E-05     1.000E+00  Aqueous 
  Cl-                   -3.972     -3.972     1.067E-04     1.067E-04     1.000E+00  Aqueous 
  Na+                   -4.017     -4.017     9.622E-05     9.622E-05     1.000E+00  Aqueous 
  NO3-                  -5.408     -5.408     3.909E-06     3.909E-06     1.000E+00  Aqueous 
 
  ****** Partial pressure of gases (bars) *****
 
 
  ***** Saturation state of minerals (log[Q/K] *****
 
 
 **************************************************************
 ------> GRID LOCATION:    47:  1:  1
 
  Temperature (C)    =     25.000
  Porosity           =      0.250
  Liquid Saturation  =      1.000
  Liquid Density     =    997.075
  Ionic Strength     =      0.000
  Solution pH        =      4.863
  Total Charge       = -1.077E-11
 
 Total Aqueous Concentrations of Primary Species 
 --------------------------------------- 
 
   Species              Molality       Type 
 H+                   1.3705E-05     Aqueous      
 Cl-                  1.0645E-04     Aqueous      
 Na+                  9.6353E-05     Aqueous      
 NO3-                 3.6081E-06     Aqueous      
 
 Concentrations of Individual Species, Exchangers, and Surface Complexes 
 ----------------------------------------------------------------------- 
 
                           Log        Log                 Concentration     
 Species              Molality   Activity      Molality    Mol/m^3 blk  Type
                           Log        Log                                 Activity
 Species              Molality   Activity      Molality      Activity   Coefficient    Type
  H+                    -4.863     -4.863     1.371E-05     1.371E-05     1.000E+00  Aqueous 
  Cl-                   -3.973     -3.973     1.065E-04     1.065E-04     1.000E+00  Aqueous 
  Na+                   -4.016     -4.016     9.635E-05     9.635E-05     1.000E+00  Aqueous 
  NO3-                  -5.443     -5.443     3.608E-06     3.608E-06     1.000E+00  Aqueous 
 
  ****** Partial pressure of gases (bars) *****
 
 
  ***** Saturation state of minerals (log[Q/K] *****
 
 
 **************************************************************
 ------> GRID LOCATION:    48:  1:  1
 
  Temperature (C)    =     25.000
  Porosity           =      0.250
  Liquid Saturation  =      1.000
  Liquid Density     =    997.075
  Ionic Strength     =      0.000
  Solution pH        =      4.883
  Total Charge       = -7.831E-12
 
 Total Aqueous Concentrations of Primary Species 
 --------------------------------------- 
 
   Species              Molality       Type 
 H+                   1.3095E-05     Aqueous      
 Cl-                  1.0624E-04     Aqueous      
 Na+                  9.6481E-05     Aqueous      
 NO3-                 3.3366E-06     Aqueous      
 
 Concentrations of Individual Species, Exchangers, and Surface Complexes 
 ----------------------------------------------------------------------- 
 
                           Log        Log                 Concentration     
 Species              Molality   Activity      Molality    Mol/m^3 blk  Type
                           Log        Log                                 Activity
 Species              Molality   Activity      Molality      Activity   Coefficient    Type
  H+                    -4.883     -4.883     1.310E-05     1.310E-05     1.000E+00  Aqueous 
  Cl-                   -3.974     -3.974     1.062E-04     1.062E-04     1.000E+00  Aqueous 
  Na+                   -4.016     -4.016     9.648E-05     9.648E-05     1.000E+00  Aqueous 
  NO3-                  -5.477     -5.477     3.337E-06     3.337E-06     1.000E+00  Aqueous 
 
  ****** Partial pressure of gases (bars) *****
 
 
  ***** Saturation state of minerals (log[Q/K] *****
 
 
 **************************************************************
 ------> GRID LOCATION:    49:  1:  1
 
  Temperature (C)    =     25.000
  Porosity           =      0.250
  Liquid Saturation  =      1.000
  Liquid Density     =    997.075
  Ionic Strength     =      0.000
  Solution pH        =      4.903
  Total Charge       = -5.247E-12
 
 Total Aqueous Concentrations of Primary Species 
 --------------------------------------- 
 
   Species              Molality       Type 
 H+                   1.2513E-05     Aqueous      
 Cl-                  1.0603E-04     Aqueous      
 Na+                  9.6608E-05     Aqueous      
 NO3-                 3.0917E-06     Aqueous      
 
 Concentrations of Individual Species, Exchangers, and Surface Complexes 
 ----------------------------------------------------------------------- 
 
                           Log        Log                 Concentration     
 Species              Molality   Activity      Molality    Mol/m^3 blk  Type
                           Log        Log                                 Activity
 Species              Molality   Activity      Molality      Activity   Coefficient    Type
  H+                    -4.903     -4.903     1.251E-05     1.251E-05     1.000E+00  Aqueous 
  Cl-                   -3.975     -3.975     1.060E-04     1.060E-04     1.000E+00  Aqueous 
  Na+                   -4.015     -4.015     9.661E-05     9.661E-05     1.000E+00  Aqueous 
  NO3-                  -5.510     -5.510     3.092E-06     3.092E-06     1.000E+00  Aqueous 
 
  ****** Partial pressure of gases (bars) *****
 
 
  ***** Saturation state of minerals (log[Q/K] *****
 
 
 **************************************************************
 ------> GRID LOCATION:    50:  1:  1
 
  Temperature (C)    =     25.000
  Porosity           =      0.250
  Liquid Saturation  =      1.000
  Liquid Density     =    997.075
  Ionic Strength     =      0.000
  Solution pH        =      4.922
  Total Charge       = -3.062E-12
 
 Total Aqueous Concentrations of Primary Species 
 --------------------------------------- 
 
   Species              Molality       Type 
 H+                   1.1958E-05     Aqueous      
 Cl-                  1.0582E-04     Aqueous      
 Na+                  9.6732E-05     Aqueous      
 NO3-                 2.8711E-06     Aqueous      
 
 Concentrations of Individual Species, Exchangers, and Surface Complexes 
 ----------------------------------------------------------------------- 
 
                           Log        Log                 Concentration     
 Species              Molality   Activity      Molality    Mol/m^3 blk  Type
                           Log        Log                                 Activity
 Species              Molality   Activity      Molality      Activity   Coefficient    Type
  H+                    -4.922     -4.922     1.196E-05     1.196E-05     1.000E+00  Aqueous 
  Cl-                   -3.975     -3.975     1.058E-04     1.058E-04     1.000E+00  Aqueous 
  Na+                   -4.014     -4.014     9.673E-05     9.673E-05     1.000E+00  Aqueous 
  NO3-                  -5.542     -5.542     2.871E-06     2.871E-06     1.000E+00  Aqueous 
 
  ****** Partial pressure of gases (bars) *****
 
 
  ***** Saturation state of minerals (log[Q/K] *****
 
 
 **************************************************************
 ------> GRID LOCATION:    51:  1:  1
 
  Temperature (C)    =     25.000
  Porosity           =      0.250
  Liquid Saturation  =      1.000
  Liquid Density     =    997.075
  Ionic Strength     =      0.000
  Solution pH        =      4.942
  Total Charge       = -1.279E-12
 
 Total Aqueous Concentrations of Primary Species 
 --------------------------------------- 
 
   Species              Molality       Type 
 H+                   1.1429E-05     Aqueous      
 Cl-                  1.0561E-04     Aqueous      
 Na+                  9.6855E-05     Aqueous      
 NO3-                 2.6725E-06     Aqueous      
 
 Concentrations of Individual Species, Exchangers, and Surface Complexes 
 ----------------------------------------------------------------------- 
 
                           Log        Log                 Concentration     
 Species              Molality   Activity      Molality    Mol/m^3 blk  Type
                           Log        Log                                 Activity
 Species              Molality   Activity      Molality      Activity   Coefficient    Type
  H+                    -4.942     -4.942     1.143E-05     1.143E-05     1.000E+00  Aqueous 
  Cl-                   -3.976     -3.976     1.056E-04     1.056E-04     1.000E+00  Aqueous 
  Na+                   -4.014     -4.014     9.685E-05     9.685E-05     1.000E+00  Aqueous 
  NO3-                  -5.573     -5.573     2.672E-06     2.672E-06     1.000E+00  Aqueous 
 
  ****** Partial pressure of gases (bars) *****
 
 
  ***** Saturation state of minerals (log[Q/K] *****
 
 
 **************************************************************
 ------> GRID LOCATION:    52:  1:  1
 
  Temperature (C)    =     25.000
  Porosity           =      0.250
  Liquid Saturation  =      1.000
  Liquid Density     =    997.075
  Ionic Strength     =      0.000
  Solution pH        =      4.962
  Total Charge       =  1.313E-13
 
 Total Aqueous Concentrations of Primary Species 
 --------------------------------------- 
 
   Species              Molality       Type 
 H+                   1.0924E-05     Aqueous      
 Cl-                  1.0540E-04     Aqueous      
 Na+                  9.6975E-05     Aqueous      
 NO3-                 2.4939E-06     Aqueous      
 
 Concentrations of Individual Species, Exchangers, and Surface Complexes 
 ----------------------------------------------------------------------- 
 
                           Log        Log                 Concentration     
 Species              Molality   Activity      Molality    Mol/m^3 blk  Type
                           Log        Log                                 Activity
 Species              Molality   Activity      Molality      Activity   Coefficient    Type
  H+                    -4.962     -4.962     1.092E-05     1.092E-05     1.000E+00  Aqueous 
  Cl-                   -3.977     -3.977     1.054E-04     1.054E-04     1.000E+00  Aqueous 
  Na+                   -4.013     -4.013     9.697E-05     9.697E-05     1.000E+00  Aqueous 
  NO3-                  -5.603     -5.603     2.494E-06     2.494E-06     1.000E+00  Aqueous 
 
  ****** Partial pressure of gases (bars) *****
 
 
  ***** Saturation state of minerals (log[Q/K] *****
 
 
 **************************************************************
 ------> GRID LOCATION:    53:  1:  1
 
  Temperature (C)    =     25.000
  Porosity           =      0.250
  Liquid Saturation  =      1.000
  Liquid Density     =    997.075
  Ionic Strength     =      0.000
  Solution pH        =      4.981
  Total Charge       =  1.217E-12
 
 Total Aqueous Concentrations of Primary Species 
 --------------------------------------- 
 
   Species              Molality       Type 
 H+                   1.0442E-05     Aqueous      
 Cl-                  1.0520E-04     Aqueous      
 Na+                  9.7092E-05     Aqueous      
 NO3-                 2.3336E-06     Aqueous      
 
 Concentrations of Individual Species, Exchangers, and Surface Complexes 
 ----------------------------------------------------------------------- 
 
                           Log        Log                 Concentration     
 Species              Molality   Activity      Molality    Mol/m^3 blk  Type
                           Log        Log                                 Activity
 Species              Molality   Activity      Molality      Activity   Coefficient    Type
  H+                    -4.981     -4.981     1.044E-05     1.044E-05     1.000E+00  Aqueous 
  Cl-                   -3.978     -3.978     1.052E-04     1.052E-04     1.000E+00  Aqueous 
  Na+                   -4.013     -4.013     9.709E-05     9.709E-05     1.000E+00  Aqueous 
  NO3-                  -5.632     -5.632     2.334E-06     2.334E-06     1.000E+00  Aqueous 
 
  ****** Partial pressure of gases (bars) *****
 
 
  ***** Saturation state of minerals (log[Q/K] *****
 
 
 **************************************************************
 ------> GRID LOCATION:    54:  1:  1
 
  Temperature (C)    =     25.000
  Porosity           =      0.250
  Liquid Saturation  =      1.000
  Liquid Density     =    997.075
  Ionic Strength     =      0.000
  Solution pH        =      5.001
  Total Charge       =  2.035E-12
 
 Total Aqueous Concentrations of Primary Species 
 --------------------------------------- 
 
   Species              Molality       Type 
 H+                   9.9820E-06     Aqueous      
 Cl-                  1.0500E-04     Aqueous      
 Na+                  9.7207E-05     Aqueous      
 NO3-                 2.1898E-06     Aqueous      
 
 Concentrations of Individual Species, Exchangers, and Surface Complexes 
 ----------------------------------------------------------------------- 
 
                           Log        Log                 Concentration     
 Species              Molality   Activity      Molality    Mol/m^3 blk  Type
                           Log        Log                                 Activity
 Species              Molality   Activity      Molality      Activity   Coefficient    Type
  H+                    -5.001     -5.001     9.982E-06     9.982E-06     1.000E+00  Aqueous 
  Cl-                   -3.979     -3.979     1.050E-04     1.050E-04     1.000E+00  Aqueous 
  Na+                   -4.012     -4.012     9.721E-05     9.721E-05     1.000E+00  Aqueous 
  NO3-                  -5.660     -5.660     2.190E-06     2.190E-06     1.000E+00  Aqueous 
 
  ****** Partial pressure of gases (bars) *****
 
 
  ***** Saturation state of minerals (log[Q/K] *****
 
 
 **************************************************************
 ------> GRID LOCATION:    55:  1:  1
 
  Temperature (C)    =     25.000
  Porosity           =      0.250
  Liquid Saturation  =      1.000
  Liquid Density     =    997.075
  Ionic Strength     =      0.000
  Solution pH        =      5.020
  Total Charge       =  2.646E-12
 
 Total Aqueous Concentrations of Primary Species 
 --------------------------------------- 
 
   Species              Molality       Type 
 H+                   9.5434E-06     Aqueous      
 Cl-                  1.0480E-04     Aqueous      
 Na+                  9.7319E-05     Aqueous      
 NO3-                 2.0608E-06     Aqueous      
 
 Concentrations of Individual Species, Exchangers, and Surface Complexes 
 ----------------------------------------------------------------------- 
 
                           Log        Log                 Concentration     
 Species              Molality   Activity      Molality    Mol/m^3 blk  Type
                           Log        Log                                 Activity
 Species              Molality   Activity      Molality      Activity   Coefficient    Type
  H+                    -5.020     -5.020     9.543E-06     9.543E-06     1.000E+00  Aqueous 
  Cl-                   -3.980     -3.980     1.048E-04     1.048E-04     1.000E+00  Aqueous 
  Na+                   -4.012     -4.012     9.732E-05     9.732E-05     1.000E+00  Aqueous 
  NO3-                  -5.686     -5.686     2.061E-06     2.061E-06     1.000E+00  Aqueous 
 
  ****** Partial pressure of gases (bars) *****
 
 
  ***** Saturation state of minerals (log[Q/K] *****
 
 
 **************************************************************
 ------> GRID LOCATION:    56:  1:  1
 
  Temperature (C)    =     25.000
  Porosity           =      0.250
  Liquid Saturation  =      1.000
  Liquid Density     =    997.075
  Ionic Strength     =      0.000
  Solution pH        =      5.040
  Total Charge       =  3.100E-12
 
 Total Aqueous Concentrations of Primary Species 
 --------------------------------------- 
 
   Species              Molality       Type 
 H+                   9.1249E-06     Aqueous      
 Cl-                  1.0461E-04     Aqueous      
 Na+                  9.7428E-05     Aqueous      
 NO3-                 1.9454E-06     Aqueous      
 
 Concentrations of Individual Species, Exchangers, and Surface Complexes 
 ----------------------------------------------------------------------- 
 
                           Log        Log                 Concentration     
 Species              Molality   Activity      Molality    Mol/m^3 blk  Type
                           Log        Log                                 Activity
 Species              Molality   Activity      Molality      Activity   Coefficient    Type
  H+                    -5.040     -5.040     9.125E-06     9.125E-06     1.000E+00  Aqueous 
  Cl-                   -3.980     -3.980     1.046E-04     1.046E-04     1.000E+00  Aqueous 
  Na+                   -4.011     -4.011     9.743E-05     9.743E-05     1.000E+00  Aqueous 
  NO3-                  -5.711     -5.711     1.945E-06     1.945E-06     1.000E+00  Aqueous 
 
  ****** Partial pressure of gases (bars) *****
 
 
  ***** Saturation state of minerals (log[Q/K] *****
 
 
 **************************************************************
 ------> GRID LOCATION:    57:  1:  1
 
  Temperature (C)    =     25.000
  Porosity           =      0.250
  Liquid Saturation  =      1.000
  Liquid Density     =    997.075
  Ionic Strength     =      0.000
  Solution pH        =      5.059
  Total Charge       =  3.439E-12
 
 Total Aqueous Concentrations of Primary Species 
 --------------------------------------- 
 
   Species              Molality       Type 
 H+                   8.7256E-06     Aqueous      
 Cl-                  1.0442E-04     Aqueous      
 Na+                  9.7534E-05     Aqueous      
 NO3-                 1.8420E-06     Aqueous      
 
 Concentrations of Individual Species, Exchangers, and Surface Complexes 
 ----------------------------------------------------------------------- 
 
                           Log        Log                 Concentration     
 Species              Molality   Activity      Molality    Mol/m^3 blk  Type
                           Log        Log                                 Activity
 Species              Molality   Activity      Molality      Activity   Coefficient    Type
  H+                    -5.059     -5.059     8.726E-06     8.726E-06     1.000E+00  Aqueous 
  Cl-                   -3.981     -3.981     1.044E-04     1.044E-04     1.000E+00  Aqueous 
  Na+                   -4.011     -4.011     9.753E-05     9.753E-05     1.000E+00  Aqueous 
  NO3-                  -5.735     -5.735     1.842E-06     1.842E-06     1.000E+00  Aqueous 
 
  ****** Partial pressure of gases (bars) *****
 
 
  ***** Saturation state of minerals (log[Q/K] *****
 
 
 **************************************************************
 ------> GRID LOCATION:    58:  1:  1
 
  Temperature (C)    =     25.000
  Porosity           =      0.250
  Liquid Saturation  =      1.000
  Liquid Density     =    997.075
  Ionic Strength     =      0.000
  Solution pH        =      5.079
  Total Charge       =  3.696E-12
 
 Total Aqueous Concentrations of Primary Species 
 --------------------------------------- 
 
   Species              Molality       Type 
 H+                   8.3446E-06     Aqueous      
 Cl-                  1.0423E-04     Aqueous      
 Na+                  9.7638E-05     Aqueous      
 NO3-                 1.7497E-06     Aqueous      
 
 Concentrations of Individual Species, Exchangers, and Surface Complexes 
 ----------------------------------------------------------------------- 
 
                           Log        Log                 Concentration     
 Species              Molality   Activity      Molality    Mol/m^3 blk  Type
                           Log        Log                                 Activity
 Species              Molality   Activity      Molality      Activity   Coefficient    Type
  H+                    -5.079     -5.079     8.345E-06     8.345E-06     1.000E+00  Aqueous 
  Cl-                   -3.982     -3.982     1.042E-04     1.042E-04     1.000E+00  Aqueous 
  Na+                   -4.010     -4.010     9.764E-05     9.764E-05     1.000E+00  Aqueous 
  NO3-                  -5.757     -5.757     1.750E-06     1.750E-06     1.000E+00  Aqueous 
 
  ****** Partial pressure of gases (bars) *****
 
 
  ***** Saturation state of minerals (log[Q/K] *****
 
 
 **************************************************************
 ------> GRID LOCATION:    59:  1:  1
 
  Temperature (C)    =     25.000
  Porosity           =      0.250
  Liquid Saturation  =      1.000
  Liquid Density     =    997.075
  Ionic Strength     =      0.000
  Solution pH        =      5.098
  Total Charge       =  3.892E-12
 
 Total Aqueous Concentrations of Primary Species 
 --------------------------------------- 
 
   Species              Molality       Type 
 H+                   7.9810E-06     Aqueous      
 Cl-                  1.0405E-04     Aqueous      
 Na+                  9.7738E-05     Aqueous      
 NO3-                 1.6672E-06     Aqueous      
 
 Concentrations of Individual Species, Exchangers, and Surface Complexes 
 ----------------------------------------------------------------------- 
 
                           Log        Log                 Concentration     
 Species              Molality   Activity      Molality    Mol/m^3 blk  Type
                           Log        Log                                 Activity
 Species              Molality   Activity      Molality      Activity   Coefficient    Type
  H+                    -5.098     -5.098     7.981E-06     7.981E-06     1.000E+00  Aqueous 
  Cl-                   -3.983     -3.983     1.041E-04     1.041E-04     1.000E+00  Aqueous 
  Na+                   -4.010     -4.010     9.774E-05     9.774E-05     1.000E+00  Aqueous 
  NO3-                  -5.778     -5.778     1.667E-06     1.667E-06     1.000E+00  Aqueous 
 
  ****** Partial pressure of gases (bars) *****
 
 
  ***** Saturation state of minerals (log[Q/K] *****
 
 
 **************************************************************
 ------> GRID LOCATION:    60:  1:  1
 
  Temperature (C)    =     25.000
  Porosity           =      0.250
  Liquid Saturation  =      1.000
  Liquid Density     =    997.075
  Ionic Strength     =      0.000
  Solution pH        =      5.117
  Total Charge       =  4.041E-12
 
 Total Aqueous Concentrations of Primary Species 
 --------------------------------------- 
 
   Species              Molality       Type 
 H+                   7.6339E-06     Aqueous      
 Cl-                  1.0388E-04     Aqueous      
 Na+                  9.7836E-05     Aqueous      
 NO3-                 1.5935E-06     Aqueous      
 
 Concentrations of Individual Species, Exchangers, and Surface Complexes 
 ----------------------------------------------------------------------- 
 
                           Log        Log                 Concentration     
 Species              Molality   Activity      Molality    Mol/m^3 blk  Type
                           Log        Log                                 Activity
 Species              Molality   Activity      Molality      Activity   Coefficient    Type
  H+                    -5.117     -5.117     7.634E-06     7.634E-06     1.000E+00  Aqueous 
  Cl-                   -3.983     -3.983     1.039E-04     1.039E-04     1.000E+00  Aqueous 
  Na+                   -4.010     -4.010     9.784E-05     9.784E-05     1.000E+00  Aqueous 
  NO3-                  -5.798     -5.798     1.594E-06     1.594E-06     1.000E+00  Aqueous 
 
  ****** Partial pressure of gases (bars) *****
 
 
  ***** Saturation state of minerals (log[Q/K] *****
 
 
 **************************************************************
 ------> GRID LOCATION:    61:  1:  1
 
  Temperature (C)    =     25.000
  Porosity           =      0.250
  Liquid Saturation  =      1.000
  Liquid Density     =    997.075
  Ionic Strength     =      0.000
  Solution pH        =      5.137
  Total Charge       =  4.153E-12
 
 Total Aqueous Concentrations of Primary Species 
 --------------------------------------- 
 
   Species              Molality       Type 
 H+                   7.3026E-06     Aqueous      
 Cl-                  1.0371E-04     Aqueous      
 Na+                  9.7930E-05     Aqueous      
 NO3-                 1.5278E-06     Aqueous      
 
 Concentrations of Individual Species, Exchangers, and Surface Complexes 
 ----------------------------------------------------------------------- 
 
                           Log        Log                 Concentration     
 Species              Molality   Activity      Molality    Mol/m^3 blk  Type
                           Log        Log                                 Activity
 Species              Molality   Activity      Molality      Activity   Coefficient    Type
  H+                    -5.137     -5.137     7.303E-06     7.303E-06     1.000E+00  Aqueous 
  Cl-                   -3.984     -3.984     1.037E-04     1.037E-04     1.000E+00  Aqueous 
  Na+                   -4.009     -4.009     9.793E-05     9.793E-05     1.000E+00  Aqueous 
  NO3-                  -5.816     -5.816     1.528E-06     1.528E-06     1.000E+00  Aqueous 
 
  ****** Partial pressure of gases (bars) *****
 
 
  ***** Saturation state of minerals (log[Q/K] *****
 
 
 **************************************************************
 ------> GRID LOCATION:    62:  1:  1
 
  Temperature (C)    =     25.000
  Porosity           =      0.250
  Liquid Saturation  =      1.000
  Liquid Density     =    997.075
  Ionic Strength     =      0.000
  Solution pH        =      5.156
  Total Charge       =  4.232E-12
 
 Total Aqueous Concentrations of Primary Species 
 --------------------------------------- 
 
   Species              Molality       Type 
 H+                   6.9863E-06     Aqueous      
 Cl-                  1.0354E-04     Aqueous      
 Na+                  9.8022E-05     Aqueous      
 NO3-                 1.4693E-06     Aqueous      
 
 Concentrations of Individual Species, Exchangers, and Surface Complexes 
 ----------------------------------------------------------------------- 
 
                           Log        Log                 Concentration     
 Species              Molality   Activity      Molality    Mol/m^3 blk  Type
                           Log        Log                                 Activity
 Species              Molality   Activity      Molality      Activity   Coefficient    Type
  H+                    -5.156     -5.156     6.986E-06     6.986E-06     1.000E+00  Aqueous 
  Cl-                   -3.985     -3.985     1.035E-04     1.035E-04     1.000E+00  Aqueous 
  Na+                   -4.009     -4.009     9.802E-05     9.802E-05     1.000E+00  Aqueous 
  NO3-                  -5.833     -5.833     1.469E-06     1.469E-06     1.000E+00  Aqueous 
 
  ****** Partial pressure of gases (bars) *****
 
 
  ***** Saturation state of minerals (log[Q/K] *****
 
 
 **************************************************************
 ------> GRID LOCATION:    63:  1:  1
 
  Temperature (C)    =     25.000
  Porosity           =      0.250
  Liquid Saturation  =      1.000
  Liquid Density     =    997.075
  Ionic Strength     =      0.000
  Solution pH        =      5.175
  Total Charge       =  4.279E-12
 
 Total Aqueous Concentrations of Primary Species 
 --------------------------------------- 
 
   Species              Molality       Type 
 H+                   6.6844E-06     Aqueous      
 Cl-                  1.0338E-04     Aqueous      
 Na+                  9.8111E-05     Aqueous      
 NO3-                 1.4171E-06     Aqueous      
 
 Concentrations of Individual Species, Exchangers, and Surface Complexes 
 ----------------------------------------------------------------------- 
 
                           Log        Log                 Concentration     
 Species              Molality   Activity      Molality    Mol/m^3 blk  Type
                           Log        Log                                 Activity
 Species              Molality   Activity      Molality      Activity   Coefficient    Type
  H+                    -5.175     -5.175     6.684E-06     6.684E-06     1.000E+00  Aqueous 
  Cl-                   -3.986     -3.986     1.034E-04     1.034E-04     1.000E+00  Aqueous 
  Na+                   -4.008     -4.008     9.811E-05     9.811E-05     1.000E+00  Aqueous 
  NO3-                  -5.849     -5.849     1.417E-06     1.417E-06     1.000E+00  Aqueous 
 
  ****** Partial pressure of gases (bars) *****
 
 
  ***** Saturation state of minerals (log[Q/K] *****
 
 
 **************************************************************
 ------> GRID LOCATION:    64:  1:  1
 
  Temperature (C)    =     25.000
  Porosity           =      0.250
  Liquid Saturation  =      1.000
  Liquid Density     =    997.075
  Ionic Strength     =      0.000
  Solution pH        =      5.194
  Total Charge       =  4.296E-12
 
 Total Aqueous Concentrations of Primary Species 
 --------------------------------------- 
 
   Species              Molality       Type 
 H+                   6.3960E-06     Aqueous      
 Cl-                  1.0322E-04     Aqueous      
 Na+                  9.8197E-05     Aqueous      
 NO3-                 1.3707E-06     Aqueous      
 
 Concentrations of Individual Species, Exchangers, and Surface Complexes 
 ----------------------------------------------------------------------- 
 
                           Log        Log                 Concentration     
 Species              Molality   Activity      Molality    Mol/m^3 blk  Type
                           Log        Log                                 Activity
 Species              Molality   Activity      Molality      Activity   Coefficient    Type
  H+                    -5.194     -5.194     6.396E-06     6.396E-06     1.000E+00  Aqueous 
  Cl-                   -3.986     -3.986     1.032E-04     1.032E-04     1.000E+00  Aqueous 
  Na+                   -4.008     -4.008     9.820E-05     9.820E-05     1.000E+00  Aqueous 
  NO3-                  -5.863     -5.863     1.371E-06     1.371E-06     1.000E+00  Aqueous 
 
  ****** Partial pressure of gases (bars) *****
 
 
  ***** Saturation state of minerals (log[Q/K] *****
 
 
 **************************************************************
 ------> GRID LOCATION:    65:  1:  1
 
  Temperature (C)    =     25.000
  Porosity           =      0.250
  Liquid Saturation  =      1.000
  Liquid Density     =    997.075
  Ionic Strength     =      0.000
  Solution pH        =      5.213
  Total Charge       =  4.282E-12
 
 Total Aqueous Concentrations of Primary Species 
 --------------------------------------- 
 
   Species              Molality       Type 
 H+                   6.1206E-06     Aqueous      
 Cl-                  1.0307E-04     Aqueous      
 Na+                  9.8280E-05     Aqueous      
 NO3-                 1.3293E-06     Aqueous      
 
 Concentrations of Individual Species, Exchangers, and Surface Complexes 
 ----------------------------------------------------------------------- 
 
                           Log        Log                 Concentration     
 Species              Molality   Activity      Molality    Mol/m^3 blk  Type
                           Log        Log                                 Activity
 Species              Molality   Activity      Molality      Activity   Coefficient    Type
  H+                    -5.213     -5.213     6.121E-06     6.121E-06     1.000E+00  Aqueous 
  Cl-                   -3.987     -3.987     1.031E-04     1.031E-04     1.000E+00  Aqueous 
  Na+                   -4.008     -4.008     9.828E-05     9.828E-05     1.000E+00  Aqueous 
  NO3-                  -5.876     -5.876     1.329E-06     1.329E-06     1.000E+00  Aqueous 
 
  ****** Partial pressure of gases (bars) *****
 
 
  ***** Saturation state of minerals (log[Q/K] *****
 
 
 **************************************************************
 ------> GRID LOCATION:    66:  1:  1
 
  Temperature (C)    =     25.000
  Porosity           =      0.250
  Liquid Saturation  =      1.000
  Liquid Density     =    997.075
  Ionic Strength     =      0.000
  Solution pH        =      5.232
  Total Charge       =  4.238E-12
 
 Total Aqueous Concentrations of Primary Species 
 --------------------------------------- 
 
   Species              Molality       Type 
 H+                   5.8575E-06     Aqueous      
 Cl-                  1.0292E-04     Aqueous      
 Na+                  9.8360E-05     Aqueous      
 NO3-                 1.2926E-06     Aqueous      
 
 Concentrations of Individual Species, Exchangers, and Surface Complexes 
 ----------------------------------------------------------------------- 
 
                           Log        Log                 Concentration     
 Species              Molality   Activity      Molality    Mol/m^3 blk  Type
                           Log        Log                                 Activity
 Species              Molality   Activity      Molality      Activity   Coefficient    Type
  H+                    -5.232     -5.232     5.858E-06     5.858E-06     1.000E+00  Aqueous 
  Cl-                   -3.987     -3.987     1.029E-04     1.029E-04     1.000E+00  Aqueous 
  Na+                   -4.007     -4.007     9.836E-05     9.836E-05     1.000E+00  Aqueous 
  NO3-                  -5.889     -5.889     1.293E-06     1.293E-06     1.000E+00  Aqueous 
 
  ****** Partial pressure of gases (bars) *****
 
 
  ***** Saturation state of minerals (log[Q/K] *****
 
 
 **************************************************************
 ------> GRID LOCATION:    67:  1:  1
 
  Temperature (C)    =     25.000
  Porosity           =      0.250
  Liquid Saturation  =      1.000
  Liquid Density     =    997.075
  Ionic Strength     =      0.000
  Solution pH        =      5.251
  Total Charge       =  4.164E-12
 
 Total Aqueous Concentrations of Primary Species 
 --------------------------------------- 
 
   Species              Molality       Type 
 H+                   5.6061E-06     Aqueous      
 Cl-                  1.0278E-04     Aqueous      
 Na+                  9.8438E-05     Aqueous      
 NO3-                 1.2599E-06     Aqueous      
 
 Concentrations of Individual Species, Exchangers, and Surface Complexes 
 ----------------------------------------------------------------------- 
 
                           Log        Log                 Concentration     
 Species              Molality   Activity      Molality    Mol/m^3 blk  Type
                           Log        Log                                 Activity
 Species              Molality   Activity      Molality      Activity   Coefficient    Type
  H+                    -5.251     -5.251     5.606E-06     5.606E-06     1.000E+00  Aqueous 
  Cl-                   -3.988     -3.988     1.028E-04     1.028E-04     1.000E+00  Aqueous 
  Na+                   -4.007     -4.007     9.844E-05     9.844E-05     1.000E+00  Aqueous 
  NO3-                  -5.900     -5.900     1.260E-06     1.260E-06     1.000E+00  Aqueous 
 
  ****** Partial pressure of gases (bars) *****
 
 
  ***** Saturation state of minerals (log[Q/K] *****
 
 
 **************************************************************
 ------> GRID LOCATION:    68:  1:  1
 
  Temperature (C)    =     25.000
  Porosity           =      0.250
  Liquid Saturation  =      1.000
  Liquid Density     =    997.075
  Ionic Strength     =      0.000
  Solution pH        =      5.270
  Total Charge       =  4.061E-12
 
 Total Aqueous Concentrations of Primary Species 
 --------------------------------------- 
 
   Species              Molality       Type 
 H+                   5.3659E-06     Aqueous      
 Cl-                  1.0265E-04     Aqueous      
 Na+                  9.8513E-05     Aqueous      
 NO3-                 1.2308E-06     Aqueous      
 
 Concentrations of Individual Species, Exchangers, and Surface Complexes 
 ----------------------------------------------------------------------- 
 
                           Log        Log                 Concentration     
 Species              Molality   Activity      Molality    Mol/m^3 blk  Type
                           Log        Log                                 Activity
 Species              Molality   Activity      Molality      Activity   Coefficient    Type
  H+                    -5.270     -5.270     5.366E-06     5.366E-06     1.000E+00  Aqueous 
  Cl-                   -3.989     -3.989     1.026E-04     1.026E-04     1.000E+00  Aqueous 
  Na+                   -4.007     -4.007     9.851E-05     9.851E-05     1.000E+00  Aqueous 
  NO3-                  -5.910     -5.910     1.231E-06     1.231E-06     1.000E+00  Aqueous 
 
  ****** Partial pressure of gases (bars) *****
 
 
  ***** Saturation state of minerals (log[Q/K] *****
 
 
 **************************************************************
 ------> GRID LOCATION:    69:  1:  1
 
  Temperature (C)    =     25.000
  Porosity           =      0.250
  Liquid Saturation  =      1.000
  Liquid Density     =    997.075
  Ionic Strength     =      0.000
  Solution pH        =      5.289
  Total Charge       =  3.929E-12
 
 Total Aqueous Concentrations of Primary Species 
 --------------------------------------- 
 
   Species              Molality       Type 
 H+                   5.1362E-06     Aqueous      
 Cl-                  1.0252E-04     Aqueous      
 Na+                  9.8585E-05     Aqueous      
 NO3-                 1.2050E-06     Aqueous      
 
 Concentrations of Individual Species, Exchangers, and Surface Complexes 
 ----------------------------------------------------------------------- 
 
                           Log        Log                 Concentration     
 Species              Molality   Activity      Molality    Mol/m^3 blk  Type
                           Log        Log                                 Activity
 Species              Molality   Activity      Molality      Activity   Coefficient    Type
  H+                    -5.289     -5.289     5.136E-06     5.136E-06     1.000E+00  Aqueous 
  Cl-                   -3.989     -3.989     1.025E-04     1.025E-04     1.000E+00  Aqueous 
  Na+                   -4.006     -4.006     9.858E-05     9.858E-05     1.000E+00  Aqueous 
  NO3-                  -5.919     -5.919     1.205E-06     1.205E-06     1.000E+00  Aqueous 
 
  ****** Partial pressure of gases (bars) *****
 
 
  ***** Saturation state of minerals (log[Q/K] *****
 
 
 **************************************************************
 ------> GRID LOCATION:    70:  1:  1
 
  Temperature (C)    =     25.000
  Porosity           =      0.250
  Liquid Saturation  =      1.000
  Liquid Density     =    997.075
  Ionic Strength     =      0.000
  Solution pH        =      5.308
  Total Charge       =  3.771E-12
 
 Total Aqueous Concentrations of Primary Species 
 --------------------------------------- 
 
   Species              Molality       Type 
 H+                   4.9166E-06     Aqueous      
 Cl-                  1.0239E-04     Aqueous      
 Na+                  9.8655E-05     Aqueous      
 NO3-                 1.1821E-06     Aqueous      
 
 Concentrations of Individual Species, Exchangers, and Surface Complexes 
 ----------------------------------------------------------------------- 
 
                           Log        Log                 Concentration     
 Species              Molality   Activity      Molality    Mol/m^3 blk  Type
                           Log        Log                                 Activity
 Species              Molality   Activity      Molality      Activity   Coefficient    Type
  H+                    -5.308     -5.308     4.917E-06     4.917E-06     1.000E+00  Aqueous 
  Cl-                   -3.990     -3.990     1.024E-04     1.024E-04     1.000E+00  Aqueous 
  Na+                   -4.006     -4.006     9.865E-05     9.865E-05     1.000E+00  Aqueous 
  NO3-                  -5.927     -5.927     1.182E-06     1.182E-06     1.000E+00  Aqueous 
 
  ****** Partial pressure of gases (bars) *****
 
 
  ***** Saturation state of minerals (log[Q/K] *****
 
 
 **************************************************************
 ------> GRID LOCATION:    71:  1:  1
 
  Temperature (C)    =     25.000
  Porosity           =      0.250
  Liquid Saturation  =      1.000
  Liquid Density     =    997.075
  Ionic Strength     =      0.000
  Solution pH        =      5.327
  Total Charge       =  3.589E-12
 
 Total Aqueous Concentrations of Primary Species 
 --------------------------------------- 
 
   Species              Molality       Type 
 H+                   4.7065E-06     Aqueous      
 Cl-                  1.0227E-04     Aqueous      
 Na+                  9.8722E-05     Aqueous      
 NO3-                 1.1618E-06     Aqueous      
 
 Concentrations of Individual Species, Exchangers, and Surface Complexes 
 ----------------------------------------------------------------------- 
 
                           Log        Log                 Concentration     
 Species              Molality   Activity      Molality    Mol/m^3 blk  Type
                           Log        Log                                 Activity
 Species              Molality   Activity      Molality      Activity   Coefficient    Type
  H+                    -5.327     -5.327     4.707E-06     4.707E-06     1.000E+00  Aqueous 
  Cl-                   -3.990     -3.990     1.023E-04     1.023E-04     1.000E+00  Aqueous 
  Na+                   -4.006     -4.006     9.872E-05     9.872E-05     1.000E+00  Aqueous 
  NO3-                  -5.935     -5.935     1.162E-06     1.162E-06     1.000E+00  Aqueous 
 
  ****** Partial pressure of gases (bars) *****
 
 
  ***** Saturation state of minerals (log[Q/K] *****
 
 
 **************************************************************
 ------> GRID LOCATION:    72:  1:  1
 
  Temperature (C)    =     25.000
  Porosity           =      0.250
  Liquid Saturation  =      1.000
  Liquid Density     =    997.075
  Ionic Strength     =      0.000
  Solution pH        =      5.346
  Total Charge       =  3.386E-12
 
 Total Aqueous Concentrations of Primary Species 
 --------------------------------------- 
 
   Species              Molality       Type 
 H+                   4.5055E-06     Aqueous      
 Cl-                  1.0215E-04     Aqueous      
 Na+                  9.8787E-05     Aqueous      
 NO3-                 1.1437E-06     Aqueous      
 
 Concentrations of Individual Species, Exchangers, and Surface Complexes 
 ----------------------------------------------------------------------- 
 
                           Log        Log                 Concentration     
 Species              Molality   Activity      Molality    Mol/m^3 blk  Type
                           Log        Log                                 Activity
 Species              Molality   Activity      Molality      Activity   Coefficient    Type
  H+                    -5.346     -5.346     4.505E-06     4.505E-06     1.000E+00  Aqueous 
  Cl-                   -3.991     -3.991     1.021E-04     1.021E-04     1.000E+00  Aqueous 
  Na+                   -4.005     -4.005     9.879E-05     9.879E-05     1.000E+00  Aqueous 
  NO3-                  -5.942     -5.942     1.144E-06     1.144E-06     1.000E+00  Aqueous 
 
  ****** Partial pressure of gases (bars) *****
 
 
  ***** Saturation state of minerals (log[Q/K] *****
 
 
 **************************************************************
 ------> GRID LOCATION:    73:  1:  1
 
  Temperature (C)    =     25.000
  Porosity           =      0.250
  Liquid Saturation  =      1.000
  Liquid Density     =    997.075
  Ionic Strength     =      0.000
  Solution pH        =      5.365
  Total Charge       =  3.165E-12
 
 Total Aqueous Concentrations of Primary Species 
 --------------------------------------- 
 
   Species              Molality       Type 
 H+                   4.3130E-06     Aqueous      
 Cl-                  1.0204E-04     Aqueous      
 Na+                  9.8850E-05     Aqueous      
 NO3-                 1.1277E-06     Aqueous      
 
 Concentrations of Individual Species, Exchangers, and Surface Complexes 
 ----------------------------------------------------------------------- 
 
                           Log        Log                 Concentration     
 Species              Molality   Activity      Molality    Mol/m^3 blk  Type
                           Log        Log                                 Activity
 Species              Molality   Activity      Molality      Activity   Coefficient    Type
  H+                    -5.365     -5.365     4.313E-06     4.313E-06     1.000E+00  Aqueous 
  Cl-                   -3.991     -3.991     1.020E-04     1.020E-04     1.000E+00  Aqueous 
  Na+                   -4.005     -4.005     9.885E-05     9.885E-05     1.000E+00  Aqueous 
  NO3-                  -5.948     -5.948     1.128E-06     1.128E-06     1.000E+00  Aqueous 
 
  ****** Partial pressure of gases (bars) *****
 
 
  ***** Saturation state of minerals (log[Q/K] *****
 
 
 **************************************************************
 ------> GRID LOCATION:    74:  1:  1
 
  Temperature (C)    =     25.000
  Porosity           =      0.250
  Liquid Saturation  =      1.000
  Liquid Density     =    997.075
  Ionic Strength     =      0.000
  Solution pH        =      5.384
  Total Charge       =  2.930E-12
 
 Total Aqueous Concentrations of Primary Species 
 --------------------------------------- 
 
   Species              Molality       Type 
 H+                   4.1287E-06     Aqueous      
 Cl-                  1.0193E-04     Aqueous      
 Na+                  9.8911E-05     Aqueous      
 NO3-                 1.1135E-06     Aqueous      
 
 Concentrations of Individual Species, Exchangers, and Surface Complexes 
 ----------------------------------------------------------------------- 
 
                           Log        Log                 Concentration     
 Species              Molality   Activity      Molality    Mol/m^3 blk  Type
                           Log        Log                                 Activity
 Species              Molality   Activity      Molality      Activity   Coefficient    Type
  H+                    -5.384     -5.384     4.129E-06     4.129E-06     1.000E+00  Aqueous 
  Cl-                   -3.992     -3.992     1.019E-04     1.019E-04     1.000E+00  Aqueous 
  Na+                   -4.005     -4.005     9.891E-05     9.891E-05     1.000E+00  Aqueous 
  NO3-                  -5.953     -5.953     1.113E-06     1.113E-06     1.000E+00  Aqueous 
 
  ****** Partial pressure of gases (bars) *****
 
 
  ***** Saturation state of minerals (log[Q/K] *****
 
 
 **************************************************************
 ------> GRID LOCATION:    75:  1:  1
 
  Temperature (C)    =     25.000
  Porosity           =      0.250
  Liquid Saturation  =      1.000
  Liquid Density     =    997.075
  Ionic Strength     =      0.000
  Solution pH        =      5.403
  Total Charge       =  2.685E-12
 
 Total Aqueous Concentrations of Primary Species 
 --------------------------------------- 
 
   Species              Molality       Type 
 H+                   3.9521E-06     Aqueous      
 Cl-                  1.0182E-04     Aqueous      
 Na+                  9.8969E-05     Aqueous      
 NO3-                 1.1008E-06     Aqueous      
 
 Concentrations of Individual Species, Exchangers, and Surface Complexes 
 ----------------------------------------------------------------------- 
 
                           Log        Log                 Concentration     
 Species              Molality   Activity      Molality    Mol/m^3 blk  Type
                           Log        Log                                 Activity
 Species              Molality   Activity      Molality      Activity   Coefficient    Type
  H+                    -5.403     -5.403     3.952E-06     3.952E-06     1.000E+00  Aqueous 
  Cl-                   -3.992     -3.992     1.018E-04     1.018E-04     1.000E+00  Aqueous 
  Na+                   -4.004     -4.004     9.897E-05     9.897E-05     1.000E+00  Aqueous 
  NO3-                  -5.958     -5.958     1.101E-06     1.101E-06     1.000E+00  Aqueous 
 
  ****** Partial pressure of gases (bars) *****
 
 
  ***** Saturation state of minerals (log[Q/K] *****
 
 
 **************************************************************
 ------> GRID LOCATION:    76:  1:  1
 
  Temperature (C)    =     25.000
  Porosity           =      0.250
  Liquid Saturation  =      1.000
  Liquid Density     =    997.075
  Ionic Strength     =      0.000
  Solution pH        =      5.422
  Total Charge       =  2.434E-12
 
 Total Aqueous Concentrations of Primary Species 
 --------------------------------------- 
 
   Species              Molality       Type 
 H+                   3.7827E-06     Aqueous      
 Cl-                  1.0172E-04     Aqueous      
 Na+                  9.9026E-05     Aqueous      
 NO3-                 1.0896E-06     Aqueous      
 
 Concentrations of Individual Species, Exchangers, and Surface Complexes 
 ----------------------------------------------------------------------- 
 
                           Log        Log                 Concentration     
 Species              Molality   Activity      Molality    Mol/m^3 blk  Type
                           Log        Log                                 Activity
 Species              Molality   Activity      Molality      Activity   Coefficient    Type
  H+                    -5.422     -5.422     3.783E-06     3.783E-06     1.000E+00  Aqueous 
  Cl-                   -3.993     -3.993     1.017E-04     1.017E-04     1.000E+00  Aqueous 
  Na+                   -4.004     -4.004     9.903E-05     9.903E-05     1.000E+00  Aqueous 
  NO3-                  -5.963     -5.963     1.090E-06     1.090E-06     1.000E+00  Aqueous 
 
  ****** Partial pressure of gases (bars) *****
 
 
  ***** Saturation state of minerals (log[Q/K] *****
 
 
 **************************************************************
 ------> GRID LOCATION:    77:  1:  1
 
  Temperature (C)    =     25.000
  Porosity           =      0.250
  Liquid Saturation  =      1.000
  Liquid Density     =    997.075
  Ionic Strength     =      0.000
  Solution pH        =      5.441
  Total Charge       =  2.182E-12
 
 Total Aqueous Concentrations of Primary Species 
 --------------------------------------- 
 
   Species              Molality       Type 
 H+                   3.6203E-06     Aqueous      
 Cl-                  1.0162E-04     Aqueous      
 Na+                  9.9080E-05     Aqueous      
 NO3-                 1.0797E-06     Aqueous      
 
 Concentrations of Individual Species, Exchangers, and Surface Complexes 
 ----------------------------------------------------------------------- 
 
                           Log        Log                 Concentration     
 Species              Molality   Activity      Molality    Mol/m^3 blk  Type
                           Log        Log                                 Activity
 Species              Molality   Activity      Molality      Activity   Coefficient    Type
  H+                    -5.441     -5.441     3.620E-06     3.620E-06     1.000E+00  Aqueous 
  Cl-                   -3.993     -3.993     1.016E-04     1.016E-04     1.000E+00  Aqueous 
  Na+                   -4.004     -4.004     9.908E-05     9.908E-05     1.000E+00  Aqueous 
  NO3-                  -5.967     -5.967     1.080E-06     1.080E-06     1.000E+00  Aqueous 
 
  ****** Partial pressure of gases (bars) *****
 
 
  ***** Saturation state of minerals (log[Q/K] *****
 
 
 **************************************************************
 ------> GRID LOCATION:    78:  1:  1
 
  Temperature (C)    =     25.000
  Porosity           =      0.250
  Liquid Saturation  =      1.000
  Liquid Density     =    997.075
  Ionic Strength     =      0.000
  Solution pH        =      5.460
  Total Charge       =  1.932E-12
 
 Total Aqueous Concentrations of Primary Species 
 --------------------------------------- 
 
   Species              Molality       Type 
 H+                   3.4643E-06     Aqueous      
 Cl-                  1.0153E-04     Aqueous      
 Na+                  9.9133E-05     Aqueous      
 NO3-                 1.0708E-06     Aqueous      
 
 Concentrations of Individual Species, Exchangers, and Surface Complexes 
 ----------------------------------------------------------------------- 
 
                           Log        Log                 Concentration     
 Species              Molality   Activity      Molality    Mol/m^3 blk  Type
                           Log        Log                                 Activity
 Species              Molality   Activity      Molality      Activity   Coefficient    Type
  H+                    -5.460     -5.460     3.464E-06     3.464E-06     1.000E+00  Aqueous 
  Cl-                   -3.993     -3.993     1.015E-04     1.015E-04     1.000E+00  Aqueous 
  Na+                   -4.004     -4.004     9.913E-05     9.913E-05     1.000E+00  Aqueous 
  NO3-                  -5.970     -5.970     1.071E-06     1.071E-06     1.000E+00  Aqueous 
 
  ****** Partial pressure of gases (bars) *****
 
 
  ***** Saturation state of minerals (log[Q/K] *****
 
 
 **************************************************************
 ------> GRID LOCATION:    79:  1:  1
 
  Temperature (C)    =     25.000
  Porosity           =      0.250
  Liquid Saturation  =      1.000
  Liquid Density     =    997.075
  Ionic Strength     =      0.000
  Solution pH        =      5.480
  Total Charge       =  1.689E-12
 
 Total Aqueous Concentrations of Primary Species 
 --------------------------------------- 
 
   Species              Molality       Type 
 H+                   3.3145E-06     Aqueous      
 Cl-                  1.0144E-04     Aqueous      
 Na+                  9.9184E-05     Aqueous      
 NO3-                 1.0630E-06     Aqueous      
 
 Concentrations of Individual Species, Exchangers, and Surface Complexes 
 ----------------------------------------------------------------------- 
 
                           Log        Log                 Concentration     
 Species              Molality   Activity      Molality    Mol/m^3 blk  Type
                           Log        Log                                 Activity
 Species              Molality   Activity      Molality      Activity   Coefficient    Type
  H+                    -5.480     -5.480     3.314E-06     3.314E-06     1.000E+00  Aqueous 
  Cl-                   -3.994     -3.994     1.014E-04     1.014E-04     1.000E+00  Aqueous 
  Na+                   -4.004     -4.004     9.918E-05     9.918E-05     1.000E+00  Aqueous 
  NO3-                  -5.973     -5.973     1.063E-06     1.063E-06     1.000E+00  Aqueous 
 
  ****** Partial pressure of gases (bars) *****
 
 
  ***** Saturation state of minerals (log[Q/K] *****
 
 
 **************************************************************
 ------> GRID LOCATION:    80:  1:  1
 
  Temperature (C)    =     25.000
  Porosity           =      0.250
  Liquid Saturation  =      1.000
  Liquid Density     =    997.075
  Ionic Strength     =      0.000
  Solution pH        =      5.499
  Total Charge       =  1.456E-12
 
 Total Aqueous Concentrations of Primary Species 
 --------------------------------------- 
 
   Species              Molality       Type 
 H+                   3.1705E-06     Aqueous      
 Cl-                  1.0135E-04     Aqueous      
 Na+                  9.9233E-05     Aqueous      
 NO3-                 1.0560E-06     Aqueous      
 
 Concentrations of Individual Species, Exchangers, and Surface Complexes 
 ----------------------------------------------------------------------- 
 
                           Log        Log                 Concentration     
 Species              Molality   Activity      Molality    Mol/m^3 blk  Type
                           Log        Log                                 Activity
 Species              Molality   Activity      Molality      Activity   Coefficient    Type
  H+                    -5.499     -5.499     3.170E-06     3.170E-06     1.000E+00  Aqueous 
  Cl-                   -3.994     -3.994     1.013E-04     1.013E-04     1.000E+00  Aqueous 
  Na+                   -4.003     -4.003     9.923E-05     9.923E-05     1.000E+00  Aqueous 
  NO3-                  -5.976     -5.976     1.056E-06     1.056E-06     1.000E+00  Aqueous 
 
  ****** Partial pressure of gases (bars) *****
 
 
  ***** Saturation state of minerals (log[Q/K] *****
 
 
 **************************************************************
 ------> GRID LOCATION:    81:  1:  1
 
  Temperature (C)    =     25.000
  Porosity           =      0.250
  Liquid Saturation  =      1.000
  Liquid Density     =    997.075
  Ionic Strength     =      0.000
  Solution pH        =      5.518
  Total Charge       =  1.236E-12
 
 Total Aqueous Concentrations of Primary Species 
 --------------------------------------- 
 
   Species              Molality       Type 
 H+                   3.0319E-06     Aqueous      
 Cl-                  1.0126E-04     Aqueous      
 Na+                  9.9281E-05     Aqueous      
 NO3-                 1.0498E-06     Aqueous      
 
 Concentrations of Individual Species, Exchangers, and Surface Complexes 
 ----------------------------------------------------------------------- 
 
                           Log        Log                 Concentration     
 Species              Molality   Activity      Molality    Mol/m^3 blk  Type
                           Log        Log                                 Activity
 Species              Molality   Activity      Molality      Activity   Coefficient    Type
  H+                    -5.518     -5.518     3.032E-06     3.032E-06     1.000E+00  Aqueous 
  Cl-                   -3.995     -3.995     1.013E-04     1.013E-04     1.000E+00  Aqueous 
  Na+                   -4.003     -4.003     9.928E-05     9.928E-05     1.000E+00  Aqueous 
  NO3-                  -5.979     -5.979     1.050E-06     1.050E-06     1.000E+00  Aqueous 
 
  ****** Partial pressure of gases (bars) *****
 
 
  ***** Saturation state of minerals (log[Q/K] *****
 
 
 **************************************************************
 ------> GRID LOCATION:    82:  1:  1
 
  Temperature (C)    =     25.000
  Porosity           =      0.250
  Liquid Saturation  =      1.000
  Liquid Density     =    997.075
  Ionic Strength     =      0.000
  Solution pH        =      5.538
  Total Charge       =  1.033E-12
 
 Total Aqueous Concentrations of Primary Species 
 --------------------------------------- 
 
   Species              Molality       Type 
 H+                   2.8984E-06     Aqueous      
 Cl-                  1.0118E-04     Aqueous      
 Na+                  9.9327E-05     Aqueous      
 NO3-                 1.0442E-06     Aqueous      
 
 Concentrations of Individual Species, Exchangers, and Surface Complexes 
 ----------------------------------------------------------------------- 
 
                           Log        Log                 Concentration     
 Species              Molality   Activity      Molality    Mol/m^3 blk  Type
                           Log        Log                                 Activity
 Species              Molality   Activity      Molality      Activity   Coefficient    Type
  H+                    -5.538     -5.538     2.898E-06     2.898E-06     1.000E+00  Aqueous 
  Cl-                   -3.995     -3.995     1.012E-04     1.012E-04     1.000E+00  Aqueous 
  Na+                   -4.003     -4.003     9.933E-05     9.933E-05     1.000E+00  Aqueous 
  NO3-                  -5.981     -5.981     1.044E-06     1.044E-06     1.000E+00  Aqueous 
 
  ****** Partial pressure of gases (bars) *****
 
 
  ***** Saturation state of minerals (log[Q/K] *****
 
 
 **************************************************************
 ------> GRID LOCATION:    83:  1:  1
 
  Temperature (C)    =     25.000
  Porosity           =      0.250
  Liquid Saturation  =      1.000
  Liquid Density     =    997.075
  Ionic Strength     =      0.000
  Solution pH        =      5.558
  Total Charge       =  8.485E-13
 
 Total Aqueous Concentrations of Primary Species 
 --------------------------------------- 
 
   Species              Molality       Type 
 H+                   2.7696E-06     Aqueous      
 Cl-                  1.0110E-04     Aqueous      
 Na+                  9.9371E-05     Aqueous      
 NO3-                 1.0393E-06     Aqueous      
 
 Concentrations of Individual Species, Exchangers, and Surface Complexes 
 ----------------------------------------------------------------------- 
 
                           Log        Log                 Concentration     
 Species              Molality   Activity      Molality    Mol/m^3 blk  Type
                           Log        Log                                 Activity
 Species              Molality   Activity      Molality      Activity   Coefficient    Type
  H+                    -5.558     -5.558     2.770E-06     2.770E-06     1.000E+00  Aqueous 
  Cl-                   -3.995     -3.995     1.011E-04     1.011E-04     1.000E+00  Aqueous 
  Na+                   -4.003     -4.003     9.937E-05     9.937E-05     1.000E+00  Aqueous 
  NO3-                  -5.983     -5.983     1.039E-06     1.039E-06     1.000E+00  Aqueous 
 
  ****** Partial pressure of gases (bars) *****
 
 
  ***** Saturation state of minerals (log[Q/K] *****
 
 
 **************************************************************
 ------> GRID LOCATION:    84:  1:  1
 
  Temperature (C)    =     25.000
  Porosity           =      0.250
  Liquid Saturation  =      1.000
  Liquid Density     =    997.075
  Ionic Strength     =      0.000
  Solution pH        =      5.578
  Total Charge       =  6.835E-13
 
 Total Aqueous Concentrations of Primary Species 
 --------------------------------------- 
 
   Species              Molality       Type 
 H+                   2.6454E-06     Aqueous      
 Cl-                  1.0103E-04     Aqueous      
 Na+                  9.9415E-05     Aqueous      
 NO3-                 1.0349E-06     Aqueous      
 
 Concentrations of Individual Species, Exchangers, and Surface Complexes 
 ----------------------------------------------------------------------- 
 
                           Log        Log                 Concentration     
 Species              Molality   Activity      Molality    Mol/m^3 blk  Type
                           Log        Log                                 Activity
 Species              Molality   Activity      Molality      Activity   Coefficient    Type
  H+                    -5.578     -5.578     2.645E-06     2.645E-06     1.000E+00  Aqueous 
  Cl-                   -3.996     -3.996     1.010E-04     1.010E-04     1.000E+00  Aqueous 
  Na+                   -4.003     -4.003     9.941E-05     9.941E-05     1.000E+00  Aqueous 
  NO3-                  -5.985     -5.985     1.035E-06     1.035E-06     1.000E+00  Aqueous 
 
  ****** Partial pressure of gases (bars) *****
 
 
  ***** Saturation state of minerals (log[Q/K] *****
 
 
 **************************************************************
 ------> GRID LOCATION:    85:  1:  1
 
  Temperature (C)    =     25.000
  Porosity           =      0.250
  Liquid Saturation  =      1.000
  Liquid Density     =    997.075
  Ionic Strength     =      0.000
  Solution pH        =      5.598
  Total Charge       =  5.391E-13
 
 Total Aqueous Concentrations of Primary Species 
 --------------------------------------- 
 
   Species              Molality       Type 
 H+                   2.5253E-06     Aqueous      
 Cl-                  1.0095E-04     Aqueous      
 Na+                  9.9457E-05     Aqueous      
 NO3-                 1.0310E-06     Aqueous      
 
 Concentrations of Individual Species, Exchangers, and Surface Complexes 
 ----------------------------------------------------------------------- 
 
                           Log        Log                 Concentration     
 Species              Molality   Activity      Molality    Mol/m^3 blk  Type
                           Log        Log                                 Activity
 Species              Molality   Activity      Molality      Activity   Coefficient    Type
  H+                    -5.598     -5.598     2.525E-06     2.525E-06     1.000E+00  Aqueous 
  Cl-                   -3.996     -3.996     1.010E-04     1.010E-04     1.000E+00  Aqueous 
  Na+                   -4.002     -4.002     9.946E-05     9.946E-05     1.000E+00  Aqueous 
  NO3-                  -5.987     -5.987     1.031E-06     1.031E-06     1.000E+00  Aqueous 
 
  ****** Partial pressure of gases (bars) *****
 
 
  ***** Saturation state of minerals (log[Q/K] *****
 
 
 **************************************************************
 ------> GRID LOCATION:    86:  1:  1
 
  Temperature (C)    =     25.000
  Porosity           =      0.250
  Liquid Saturation  =      1.000
  Liquid Density     =    997.075
  Ionic Strength     =      0.000
  Solution pH        =      5.618
  Total Charge       =  4.154E-13
 
 Total Aqueous Concentrations of Primary Species 
 --------------------------------------- 
 
   Species              Molality       Type 
 H+                   2.4091E-06     Aqueous      
 Cl-                  1.0088E-04     Aqueous      
 Na+                  9.9498E-05     Aqueous      
 NO3-                 1.0274E-06     Aqueous      
 
 Concentrations of Individual Species, Exchangers, and Surface Complexes 
 ----------------------------------------------------------------------- 
 
                           Log        Log                 Concentration     
 Species              Molality   Activity      Molality    Mol/m^3 blk  Type
                           Log        Log                                 Activity
 Species              Molality   Activity      Molality      Activity   Coefficient    Type
  H+                    -5.618     -5.618     2.409E-06     2.409E-06     1.000E+00  Aqueous 
  Cl-                   -3.996     -3.996     1.009E-04     1.009E-04     1.000E+00  Aqueous 
  Na+                   -4.002     -4.002     9.950E-05     9.950E-05     1.000E+00  Aqueous 
  NO3-                  -5.988     -5.988     1.027E-06     1.027E-06     1.000E+00  Aqueous 
 
  ****** Partial pressure of gases (bars) *****
 
 
  ***** Saturation state of minerals (log[Q/K] *****
 
 
 **************************************************************
 ------> GRID LOCATION:    87:  1:  1
 
  Temperature (C)    =     25.000
  Porosity           =      0.250
  Liquid Saturation  =      1.000
  Liquid Density     =    997.075
  Ionic Strength     =      0.000
  Solution pH        =      5.639
  Total Charge       =  3.118E-13
 
 Total Aqueous Concentrations of Primary Species 
 --------------------------------------- 
 
   Species              Molality       Type 
 H+                   2.2965E-06     Aqueous      
 Cl-                  1.0081E-04     Aqueous      
 Na+                  9.9537E-05     Aqueous      
 NO3-                 1.0243E-06     Aqueous      
 
 Concentrations of Individual Species, Exchangers, and Surface Complexes 
 ----------------------------------------------------------------------- 
 
                           Log        Log                 Concentration     
 Species              Molality   Activity      Molality    Mol/m^3 blk  Type
                           Log        Log                                 Activity
 Species              Molality   Activity      Molality      Activity   Coefficient    Type
  H+                    -5.639     -5.639     2.297E-06     2.297E-06     1.000E+00  Aqueous 
  Cl-                   -3.996     -3.996     1.008E-04     1.008E-04     1.000E+00  Aqueous 
  Na+                   -4.002     -4.002     9.954E-05     9.954E-05     1.000E+00  Aqueous 
  NO3-                  -5.990     -5.990     1.024E-06     1.024E-06     1.000E+00  Aqueous 
 
  ****** Partial pressure of gases (bars) *****
 
 
  ***** Saturation state of minerals (log[Q/K] *****
 
 
 **************************************************************
 ------> GRID LOCATION:    88:  1:  1
 
  Temperature (C)    =     25.000
  Porosity           =      0.250
  Liquid Saturation  =      1.000
  Liquid Density     =    997.075
  Ionic Strength     =      0.000
  Solution pH        =      5.660
  Total Charge       =  2.274E-13
 
 Total Aqueous Concentrations of Primary Species 
 --------------------------------------- 
 
   Species              Molality       Type 
 H+                   2.1873E-06     Aqueous      
 Cl-                  1.0074E-04     Aqueous      
 Na+                  9.9576E-05     Aqueous      
 NO3-                 1.0214E-06     Aqueous      
 
 Concentrations of Individual Species, Exchangers, and Surface Complexes 
 ----------------------------------------------------------------------- 
 
                           Log        Log                 Concentration     
 Species              Molality   Activity      Molality    Mol/m^3 blk  Type
                           Log        Log                                 Activity
 Species              Molality   Activity      Molality      Activity   Coefficient    Type
  H+                    -5.660     -5.660     2.187E-06     2.187E-06     1.000E+00  Aqueous 
  Cl-                   -3.997     -3.997     1.007E-04     1.007E-04     1.000E+00  Aqueous 
  Na+                   -4.002     -4.002     9.958E-05     9.958E-05     1.000E+00  Aqueous 
  NO3-                  -5.991     -5.991     1.021E-06     1.021E-06     1.000E+00  Aqueous 
 
  ****** Partial pressure of gases (bars) *****
 
 
  ***** Saturation state of minerals (log[Q/K] *****
 
 
 **************************************************************
 ------> GRID LOCATION:    89:  1:  1
 
  Temperature (C)    =     25.000
  Porosity           =      0.250
  Liquid Saturation  =      1.000
  Liquid Density     =    997.075
  Ionic Strength     =      0.000
  Solution pH        =      5.682
  Total Charge       =  1.605E-13
 
 Total Aqueous Concentrations of Primary Species 
 --------------------------------------- 
 
   Species              Molality       Type 
 H+                   2.0810E-06     Aqueous      
 Cl-                  1.0068E-04     Aqueous      
 Na+                  9.9614E-05     Aqueous      
 NO3-                 1.0188E-06     Aqueous      
 
 Concentrations of Individual Species, Exchangers, and Surface Complexes 
 ----------------------------------------------------------------------- 
 
                           Log        Log                 Concentration     
 Species              Molality   Activity      Molality    Mol/m^3 blk  Type
                           Log        Log                                 Activity
 Species              Molality   Activity      Molality      Activity   Coefficient    Type
  H+                    -5.682     -5.682     2.081E-06     2.081E-06     1.000E+00  Aqueous 
  Cl-                   -3.997     -3.997     1.007E-04     1.007E-04     1.000E+00  Aqueous 
  Na+                   -4.002     -4.002     9.961E-05     9.961E-05     1.000E+00  Aqueous 
  NO3-                  -5.992     -5.992     1.019E-06     1.019E-06     1.000E+00  Aqueous 
 
  ****** Partial pressure of gases (bars) *****
 
 
  ***** Saturation state of minerals (log[Q/K] *****
 
 
 **************************************************************
 ------> GRID LOCATION:    90:  1:  1
 
  Temperature (C)    =     25.000
  Porosity           =      0.250
  Liquid Saturation  =      1.000
  Liquid Density     =    997.075
  Ionic Strength     =      0.000
  Solution pH        =      5.704
  Total Charge       =  1.091E-13
 
 Total Aqueous Concentrations of Primary Species 
 --------------------------------------- 
 
   Species              Molality       Type 
 H+                   1.9776E-06     Aqueous      
 Cl-                  1.0061E-04     Aqueous      
 Na+                  9.9650E-05     Aqueous      
 NO3-                 1.0165E-06     Aqueous      
 
 Concentrations of Individual Species, Exchangers, and Surface Complexes 
 ----------------------------------------------------------------------- 
 
                           Log        Log                 Concentration     
 Species              Molality   Activity      Molality    Mol/m^3 blk  Type
                           Log        Log                                 Activity
 Species              Molality   Activity      Molality      Activity   Coefficient    Type
  H+                    -5.704     -5.704     1.978E-06     1.978E-06     1.000E+00  Aqueous 
  Cl-                   -3.997     -3.997     1.006E-04     1.006E-04     1.000E+00  Aqueous 
  Na+                   -4.002     -4.002     9.965E-05     9.965E-05     1.000E+00  Aqueous 
  NO3-                  -5.993     -5.993     1.017E-06     1.017E-06     1.000E+00  Aqueous 
 
  ****** Partial pressure of gases (bars) *****
 
 
  ***** Saturation state of minerals (log[Q/K] *****
 
 
 **************************************************************
 ------> GRID LOCATION:    91:  1:  1
 
  Temperature (C)    =     25.000
  Porosity           =      0.250
  Liquid Saturation  =      1.000
  Liquid Density     =    997.075
  Ionic Strength     =      0.000
  Solution pH        =      5.727
  Total Charge       =  7.113E-14
 
 Total Aqueous Concentrations of Primary Species 
 --------------------------------------- 
 
   Species              Molality       Type 
 H+                   1.8767E-06     Aqueous      
 Cl-                  1.0055E-04     Aqueous      
 Na+                  9.9686E-05     Aqueous      
 NO3-                 1.0144E-06     Aqueous      
 
 Concentrations of Individual Species, Exchangers, and Surface Complexes 
 ----------------------------------------------------------------------- 
 
                           Log        Log                 Concentration     
 Species              Molality   Activity      Molality    Mol/m^3 blk  Type
                           Log        Log                                 Activity
 Species              Molality   Activity      Molality      Activity   Coefficient    Type
  H+                    -5.727     -5.727     1.877E-06     1.877E-06     1.000E+00  Aqueous 
  Cl-                   -3.998     -3.998     1.005E-04     1.005E-04     1.000E+00  Aqueous 
  Na+                   -4.001     -4.001     9.969E-05     9.969E-05     1.000E+00  Aqueous 
  NO3-                  -5.994     -5.994     1.014E-06     1.014E-06     1.000E+00  Aqueous 
 
  ****** Partial pressure of gases (bars) *****
 
 
  ***** Saturation state of minerals (log[Q/K] *****
 
 
 **************************************************************
 ------> GRID LOCATION:    92:  1:  1
 
  Temperature (C)    =     25.000
  Porosity           =      0.250
  Liquid Saturation  =      1.000
  Liquid Density     =    997.075
  Ionic Strength     =      0.000
  Solution pH        =      5.750
  Total Charge       =  4.419E-14
 
 Total Aqueous Concentrations of Primary Species 
 --------------------------------------- 
 
   Species              Molality       Type 
 H+                   1.7782E-06     Aqueous      
 Cl-                  1.0049E-04     Aqueous      
 Na+                  9.9721E-05     Aqueous      
 NO3-                 1.0124E-06     Aqueous      
 
 Concentrations of Individual Species, Exchangers, and Surface Complexes 
 ----------------------------------------------------------------------- 
 
                           Log        Log                 Concentration     
 Species              Molality   Activity      Molality    Mol/m^3 blk  Type
                           Log        Log                                 Activity
 Species              Molality   Activity      Molality      Activity   Coefficient    Type
  H+                    -5.750     -5.750     1.778E-06     1.778E-06     1.000E+00  Aqueous 
  Cl-                   -3.998     -3.998     1.005E-04     1.005E-04     1.000E+00  Aqueous 
  Na+                   -4.001     -4.001     9.972E-05     9.972E-05     1.000E+00  Aqueous 
  NO3-                  -5.995     -5.995     1.012E-06     1.012E-06     1.000E+00  Aqueous 
 
  ****** Partial pressure of gases (bars) *****
 
 
  ***** Saturation state of minerals (log[Q/K] *****
 
 
 **************************************************************
 ------> GRID LOCATION:    93:  1:  1
 
  Temperature (C)    =     25.000
  Porosity           =      0.250
  Liquid Saturation  =      1.000
  Liquid Density     =    997.075
  Ionic Strength     =      0.000
  Solution pH        =      5.774
  Total Charge       =  2.600E-14
 
 Total Aqueous Concentrations of Primary Species 
 --------------------------------------- 
 
   Species              Molality       Type 
 H+                   1.6816E-06     Aqueous      
 Cl-                  1.0043E-04     Aqueous      
 Na+                  9.9756E-05     Aqueous      
 NO3-                 1.0106E-06     Aqueous      
 
 Concentrations of Individual Species, Exchangers, and Surface Complexes 
 ----------------------------------------------------------------------- 
 
                           Log        Log                 Concentration     
 Species              Molality   Activity      Molality    Mol/m^3 blk  Type
                           Log        Log                                 Activity
 Species              Molality   Activity      Molality      Activity   Coefficient    Type
  H+                    -5.774     -5.774     1.682E-06     1.682E-06     1.000E+00  Aqueous 
  Cl-                   -3.998     -3.998     1.004E-04     1.004E-04     1.000E+00  Aqueous 
  Na+                   -4.001     -4.001     9.976E-05     9.976E-05     1.000E+00  Aqueous 
  NO3-                  -5.995     -5.995     1.011E-06     1.011E-06     1.000E+00  Aqueous 
 
  ****** Partial pressure of gases (bars) *****
 
 
  ***** Saturation state of minerals (log[Q/K] *****
 
 
 **************************************************************
 ------> GRID LOCATION:    94:  1:  1
 
  Temperature (C)    =     25.000
  Porosity           =      0.250
  Liquid Saturation  =      1.000
  Liquid Density     =    997.075
  Ionic Strength     =      0.000
  Solution pH        =      5.799
  Total Charge       =  1.437E-14
 
 Total Aqueous Concentrations of Primary Species 
 --------------------------------------- 
 
   Species              Molality       Type 
 H+                   1.5869E-06     Aqueous      
 Cl-                  1.0037E-04     Aqueous      
 Na+                  9.9790E-05     Aqueous      
 NO3-                 1.0090E-06     Aqueous      
 
 Concentrations of Individual Species, Exchangers, and Surface Complexes 
 ----------------------------------------------------------------------- 
 
                           Log        Log                 Concentration     
 Species              Molality   Activity      Molality    Mol/m^3 blk  Type
                           Log        Log                                 Activity
 Species              Molality   Activity      Molality      Activity   Coefficient    Type
  H+                    -5.799     -5.799     1.587E-06     1.587E-06     1.000E+00  Aqueous 
  Cl-                   -3.998     -3.998     1.004E-04     1.004E-04     1.000E+00  Aqueous 
  Na+                   -4.001     -4.001     9.979E-05     9.979E-05     1.000E+00  Aqueous 
  NO3-                  -5.996     -5.996     1.009E-06     1.009E-06     1.000E+00  Aqueous 
 
  ****** Partial pressure of gases (bars) *****
 
 
  ***** Saturation state of minerals (log[Q/K] *****
 
 
 **************************************************************
 ------> GRID LOCATION:    95:  1:  1
 
  Temperature (C)    =     25.000
  Porosity           =      0.250
  Liquid Saturation  =      1.000
  Liquid Density     =    997.075
  Ionic Strength     =      0.000
  Solution pH        =      5.826
  Total Charge       =  7.417E-15
 
 Total Aqueous Concentrations of Primary Species 
 --------------------------------------- 
 
   Species              Molality       Type 
 H+                   1.4938E-06     Aqueous      
 Cl-                  1.0031E-04     Aqueous      
 Na+                  9.9823E-05     Aqueous      
 NO3-                 1.0074E-06     Aqueous      
 
 Concentrations of Individual Species, Exchangers, and Surface Complexes 
 ----------------------------------------------------------------------- 
 
                           Log        Log                 Concentration     
 Species              Molality   Activity      Molality    Mol/m^3 blk  Type
                           Log        Log                                 Activity
 Species              Molality   Activity      Molality      Activity   Coefficient    Type
  H+                    -5.826     -5.826     1.494E-06     1.494E-06     1.000E+00  Aqueous 
  Cl-                   -3.999     -3.999     1.003E-04     1.003E-04     1.000E+00  Aqueous 
  Na+                   -4.001     -4.001     9.982E-05     9.982E-05     1.000E+00  Aqueous 
  NO3-                  -5.997     -5.997     1.007E-06     1.007E-06     1.000E+00  Aqueous 
 
  ****** Partial pressure of gases (bars) *****
 
 
  ***** Saturation state of minerals (log[Q/K] *****
 
 
 **************************************************************
 ------> GRID LOCATION:    96:  1:  1
 
  Temperature (C)    =     25.000
  Porosity           =      0.250
  Liquid Saturation  =      1.000
  Liquid Density     =    997.075
  Ionic Strength     =      0.000
  Solution pH        =      5.853
  Total Charge       =  3.545E-15
 
 Total Aqueous Concentrations of Primary Species 
 --------------------------------------- 
 
   Species              Molality       Type 
 H+                   1.4021E-06     Aqueous      
 Cl-                  1.0025E-04     Aqueous      
 Na+                  9.9856E-05     Aqueous      
 NO3-                 1.0059E-06     Aqueous      
 
 Concentrations of Individual Species, Exchangers, and Surface Complexes 
 ----------------------------------------------------------------------- 
 
                           Log        Log                 Concentration     
 Species              Molality   Activity      Molality    Mol/m^3 blk  Type
                           Log        Log                                 Activity
 Species              Molality   Activity      Molality      Activity   Coefficient    Type
  H+                    -5.853     -5.853     1.402E-06     1.402E-06     1.000E+00  Aqueous 
  Cl-                   -3.999     -3.999     1.003E-04     1.003E-04     1.000E+00  Aqueous 
  Na+                   -4.001     -4.001     9.986E-05     9.986E-05     1.000E+00  Aqueous 
  NO3-                  -5.997     -5.997     1.006E-06     1.006E-06     1.000E+00  Aqueous 
 
  ****** Partial pressure of gases (bars) *****
 
 
  ***** Saturation state of minerals (log[Q/K] *****
 
 
 **************************************************************
 ------> GRID LOCATION:    97:  1:  1
 
  Temperature (C)    =     25.000
  Porosity           =      0.250
  Liquid Saturation  =      1.000
  Liquid Density     =    997.075
  Ionic Strength     =      0.000
  Solution pH        =      5.882
  Total Charge       =  1.554E-15
 
 Total Aqueous Concentrations of Primary Species 
 --------------------------------------- 
 
   Species              Molality       Type 
 H+                   1.3114E-06     Aqueous      
 Cl-                  1.0020E-04     Aqueous      
 Na+                  9.9889E-05     Aqueous      
 NO3-                 1.0046E-06     Aqueous      
 
 Concentrations of Individual Species, Exchangers, and Surface Complexes 
 ----------------------------------------------------------------------- 
 
                           Log        Log                 Concentration     
 Species              Molality   Activity      Molality    Mol/m^3 blk  Type
                           Log        Log                                 Activity
 Species              Molality   Activity      Molality      Activity   Coefficient    Type
  H+                    -5.882     -5.882     1.311E-06     1.311E-06     1.000E+00  Aqueous 
  Cl-                   -3.999     -3.999     1.002E-04     1.002E-04     1.000E+00  Aqueous 
  Na+                   -4.000     -4.000     9.989E-05     9.989E-05     1.000E+00  Aqueous 
  NO3-                  -5.998     -5.998     1.005E-06     1.005E-06     1.000E+00  Aqueous 
 
  ****** Partial pressure of gases (bars) *****
 
 
  ***** Saturation state of minerals (log[Q/K] *****
 
 
 **************************************************************
 ------> GRID LOCATION:    98:  1:  1
 
  Temperature (C)    =     25.000
  Porosity           =      0.250
  Liquid Saturation  =      1.000
  Liquid Density     =    997.075
  Ionic Strength     =      0.000
  Solution pH        =      5.913
  Total Charge       =  6.056E-16
 
 Total Aqueous Concentrations of Primary Species 
 --------------------------------------- 
 
   Species              Molality       Type 
 H+                   1.2217E-06     Aqueous      
 Cl-                  1.0014E-04     Aqueous      
 Na+                  9.9921E-05     Aqueous      
 NO3-                 1.0032E-06     Aqueous      
 
 Concentrations of Individual Species, Exchangers, and Surface Complexes 
 ----------------------------------------------------------------------- 
 
                           Log        Log                 Concentration     
 Species              Molality   Activity      Molality    Mol/m^3 blk  Type
                           Log        Log                                 Activity
 Species              Molality   Activity      Molality      Activity   Coefficient    Type
  H+                    -5.913     -5.913     1.222E-06     1.222E-06     1.000E+00  Aqueous 
  Cl-                   -3.999     -3.999     1.001E-04     1.001E-04     1.000E+00  Aqueous 
  Na+                   -4.000     -4.000     9.992E-05     9.992E-05     1.000E+00  Aqueous 
  NO3-                  -5.999     -5.999     1.003E-06     1.003E-06     1.000E+00  Aqueous 
 
  ****** Partial pressure of gases (bars) *****
 
 
  ***** Saturation state of minerals (log[Q/K] *****
 
 
 **************************************************************
 ------> GRID LOCATION:    99:  1:  1
 
  Temperature (C)    =     25.000
  Porosity           =      0.250
  Liquid Saturation  =      1.000
  Liquid Density     =    997.075
  Ionic Strength     =      0.000
  Solution pH        =      5.946
  Total Charge       =  1.844E-16
 
 Total Aqueous Concentrations of Primary Species 
 --------------------------------------- 
 
   Species              Molality       Type 
 H+                   1.1327E-06     Aqueous      
 Cl-                  1.0008E-04     Aqueous      
 Na+                  9.9953E-05     Aqueous      
 NO3-                 1.0019E-06     Aqueous      
 
 Concentrations of Individual Species, Exchangers, and Surface Complexes 
 ----------------------------------------------------------------------- 
 
                           Log        Log                 Concentration     
 Species              Molality   Activity      Molality    Mol/m^3 blk  Type
                           Log        Log                                 Activity
 Species              Molality   Activity      Molality      Activity   Coefficient    Type
  H+                    -5.946     -5.946     1.133E-06     1.133E-06     1.000E+00  Aqueous 
  Cl-                   -4.000     -4.000     1.001E-04     1.001E-04     1.000E+00  Aqueous 
  Na+                   -4.000     -4.000     9.995E-05     9.995E-05     1.000E+00  Aqueous 
  NO3-                  -5.999     -5.999     1.002E-06     1.002E-06     1.000E+00  Aqueous 
 
  ****** Partial pressure of gases (bars) *****
 
 
  ***** Saturation state of minerals (log[Q/K] *****
 
 
 **************************************************************
 ------> GRID LOCATION:   100:  1:  1
 
  Temperature (C)    =     25.000
  Porosity           =      0.250
  Liquid Saturation  =      1.000
  Liquid Density     =    997.075
  Ionic Strength     =      0.000
  Solution pH        =      5.981
  Total Charge       =  1.966E-17
 
 Total Aqueous Concentrations of Primary Species 
 --------------------------------------- 
 
   Species              Molality       Type 
 H+                   1.0442E-06     Aqueous      
 Cl-                  1.0003E-04     Aqueous      
 Na+                  9.9984E-05     Aqueous      
 NO3-                 1.0006E-06     Aqueous      
 
 Concentrations of Individual Species, Exchangers, and Surface Complexes 
 ----------------------------------------------------------------------- 
 
                           Log        Log                 Concentration     
 Species              Molality   Activity      Molality    Mol/m^3 blk  Type
                           Log        Log                                 Activity
 Species              Molality   Activity      Molality      Activity   Coefficient    Type
  H+                    -5.981     -5.981     1.044E-06     1.044E-06     1.000E+00  Aqueous 
  Cl-                   -4.000     -4.000     1.000E-04     1.000E-04     1.000E+00  Aqueous 
  Na+                   -4.000     -4.000     9.998E-05     9.998E-05     1.000E+00  Aqueous 
  NO3-                  -6.000     -6.000     1.001E-06     1.001E-06     1.000E+00  Aqueous 
 
  ****** Partial pressure of gases (bars) *****
 
 
  ***** Saturation state of minerals (log[Q/K] *****
 
 
