# Time          1.0000E+01
 
 **************************************************************
 ------> GRID LOCATION:     1:  1:  1
 
  Temperature (C)    =     25.000
  Porosity           =      0.250
  Liquid Saturation  =      1.000
  Liquid Density     =    997.075
  Ionic Strength     =      0.000
  Solution pH        =      4.023
  Total Charge       =  5.540E-12
 
 Total Aqueous Concentrations of Primary Species 
 --------------------------------------- 
 
   Species              Molality       Type 
 H+                   9.4797E-05     Aqueous      
 Cl-                  1.0047E-04     Aqueous      
 Na+                  9.9489E-05     Aqueous      
 NO3-                 9.3811E-05     Aqueous      
 
 Concentrations of Individual Species, Exchangers, and Surface Complexes 
 ----------------------------------------------------------------------- 
 
                           Log        Log                 Concentration     
 Species              Molality   Activity      Molality    Mol/m^3 blk  Type
                           Log        Log                                 Activity
 Species              Molality   Activity      Molality      Activity   Coefficient    Type
  H+                    -4.023     -4.023     9.480E-05     9.480E-05     1.000E+00  Aqueous 
  Cl-                   -3.998     -3.998     1.005E-04     1.005E-04     1.000E+00  Aqueous 
  Na+                   -4.002     -4.002     9.949E-05     9.949E-05     1.000E+00  Aqueous 
  NO3-                  -4.028     -4.028     9.381E-05     9.381E-05     1.000E+00  Aqueous 
 
  ****** Partial pressure of gases (bars) *****
 
 
  ***** Saturation state of minerals (log[Q/K] *****
 
 
 **************************************************************
 ------> GRID LOCATION:     2:  1:  1
 
  Temperature (C)    =     25.000
  Porosity           =      0.250
  Liquid Saturation  =      1.000
  Liquid Density     =    997.075
  Ionic Strength     =      0.000
  Solution pH        =      4.072
  Total Charge       =  1.535E-13
 
 Total Aqueous Concentrations of Primary Species 
 --------------------------------------- 
 
   Species              Molality       Type 
 H+                   8.4677E-05     Aqueous      
 Cl-                  1.0164E-04     Aqueous      
 Na+                  9.8359E-05     Aqueous      
 NO3-                 8.1398E-05     Aqueous      
 
 Concentrations of Individual Species, Exchangers, and Surface Complexes 
 ----------------------------------------------------------------------- 
 
                           Log        Log                 Concentration     
 Species              Molality   Activity      Molality    Mol/m^3 blk  Type
                           Log        Log                                 Activity
 Species              Molality   Activity      Molality      Activity   Coefficient    Type
  H+                    -4.072     -4.072     8.468E-05     8.468E-05     1.000E+00  Aqueous 
  Cl-                   -3.993     -3.993     1.016E-04     1.016E-04     1.000E+00  Aqueous 
  Na+                   -4.007     -4.007     9.836E-05     9.836E-05     1.000E+00  Aqueous 
  NO3-                  -4.089     -4.089     8.140E-05     8.140E-05     1.000E+00  Aqueous 
 
  ****** Partial pressure of gases (bars) *****
 
 
  ***** Saturation state of minerals (log[Q/K] *****
 
 
 **************************************************************
 ------> GRID LOCATION:     3:  1:  1
 
  Temperature (C)    =     25.000
  Porosity           =      0.250
  Liquid Saturation  =      1.000
  Liquid Density     =    997.075
  Ionic Strength     =      0.000
  Solution pH        =      4.124
  Total Charge       = -1.059E-13
 
 Total Aqueous Concentrations of Primary Species 
 --------------------------------------- 
 
   Species              Molality       Type 
 H+                   7.5082E-05     Aqueous      
 Cl-                  1.0299E-04     Aqueous      
 Na+                  9.7218E-05     Aqueous      
 NO3-                 6.9315E-05     Aqueous      
 
 Concentrations of Individual Species, Exchangers, and Surface Complexes 
 ----------------------------------------------------------------------- 
 
                           Log        Log                 Concentration     
 Species              Molality   Activity      Molality    Mol/m^3 blk  Type
                           Log        Log                                 Activity
 Species              Molality   Activity      Molality      Activity   Coefficient    Type
  H+                    -4.124     -4.124     7.508E-05     7.508E-05     1.000E+00  Aqueous 
  Cl-                   -3.987     -3.987     1.030E-04     1.030E-04     1.000E+00  Aqueous 
  Na+                   -4.012     -4.012     9.722E-05     9.722E-05     1.000E+00  Aqueous 
  NO3-                  -4.159     -4.159     6.932E-05     6.932E-05     1.000E+00  Aqueous 
 
  ****** Partial pressure of gases (bars) *****
 
 
  ***** Saturation state of minerals (log[Q/K] *****
 
 
 **************************************************************
 ------> GRID LOCATION:     4:  1:  1
 
  Temperature (C)    =     25.000
  Porosity           =      0.250
  Liquid Saturation  =      1.000
  Liquid Density     =    997.075
  Ionic Strength     =      0.000
  Solution pH        =      4.179
  Total Charge       =  4.005E-16
 
 Total Aqueous Concentrations of Primary Species 
 --------------------------------------- 
 
   Species              Molality       Type 
 H+                   6.6146E-05     Aqueous      
 Cl-                  1.0438E-04     Aqueous      
 Na+                  9.6200E-05     Aqueous      
 NO3-                 5.7968E-05     Aqueous      
 
 Concentrations of Individual Species, Exchangers, and Surface Complexes 
 ----------------------------------------------------------------------- 
 
                           Log        Log                 Concentration     
 Species              Molality   Activity      Molality    Mol/m^3 blk  Type
                           Log        Log                                 Activity
 Species              Molality   Activity      Molality      Activity   Coefficient    Type
  H+                    -4.179     -4.179     6.615E-05     6.615E-05     1.000E+00  Aqueous 
  Cl-                   -3.981     -3.981     1.044E-04     1.044E-04     1.000E+00  Aqueous 
  Na+                   -4.017     -4.017     9.620E-05     9.620E-05     1.000E+00  Aqueous 
  NO3-                  -4.237     -4.237     5.797E-05     5.797E-05     1.000E+00  Aqueous 
 
  ****** Partial pressure of gases (bars) *****
 
 
  ***** Saturation state of minerals (log[Q/K] *****
 
 
 **************************************************************
 ------> GRID LOCATION:     5:  1:  1
 
  Temperature (C)    =     25.000
  Porosity           =      0.250
  Liquid Saturation  =      1.000
  Liquid Density     =    997.075
  Ionic Strength     =      0.000
  Solution pH        =      4.237
  Total Charge       =  2.081E-15
 
 Total Aqueous Concentrations of Primary Species 
 --------------------------------------- 
 
   Species              Molality       Type 
 H+                   5.7959E-05     Aqueous      
 Cl-                  1.0569E-04     Aqueous      
 Na+                  9.5388E-05     Aqueous      
 NO3-                 4.7658E-05     Aqueous      
 
 Concentrations of Individual Species, Exchangers, and Surface Complexes 
 ----------------------------------------------------------------------- 
 
                           Log        Log                 Concentration     
 Species              Molality   Activity      Molality    Mol/m^3 blk  Type
                           Log        Log                                 Activity
 Species              Molality   Activity      Molality      Activity   Coefficient    Type
  H+                    -4.237     -4.237     5.796E-05     5.796E-05     1.000E+00  Aqueous 
  Cl-                   -3.976     -3.976     1.057E-04     1.057E-04     1.000E+00  Aqueous 
  Na+                   -4.021     -4.021     9.539E-05     9.539E-05     1.000E+00  Aqueous 
  NO3-                  -4.322     -4.322     4.766E-05     4.766E-05     1.000E+00  Aqueous 
 
  ****** Partial pressure of gases (bars) *****
 
 
  ***** Saturation state of minerals (log[Q/K] *****
 
 
 **************************************************************
 ------> GRID LOCATION:     6:  1:  1
 
  Temperature (C)    =     25.000
  Porosity           =      0.250
  Liquid Saturation  =      1.000
  Liquid Density     =    997.075
  Ionic Strength     =      0.000
  Solution pH        =      4.296
  Total Charge       =  1.442E-16
 
 Total Aqueous Concentrations of Primary Species 
 --------------------------------------- 
 
   Species              Molality       Type 
 H+                   5.0565E-05     Aqueous      
 Cl-                  1.0681E-04     Aqueous      
 Na+                  9.4816E-05     Aqueous      
 NO3-                 3.8571E-05     Aqueous      
 
 Concentrations of Individual Species, Exchangers, and Surface Complexes 
 ----------------------------------------------------------------------- 
 
                           Log        Log                 Concentration     
 Species              Molality   Activity      Molality    Mol/m^3 blk  Type
                           Log        Log                                 Activity
 Species              Molality   Activity      Molality      Activity   Coefficient    Type
  H+                    -4.296     -4.296     5.056E-05     5.056E-05     1.000E+00  Aqueous 
  Cl-                   -3.971     -3.971     1.068E-04     1.068E-04     1.000E+00  Aqueous 
  Na+                   -4.023     -4.023     9.482E-05     9.482E-05     1.000E+00  Aqueous 
  NO3-                  -4.414     -4.414     3.857E-05     3.857E-05     1.000E+00  Aqueous 
 
  ****** Partial pressure of gases (bars) *****
 
 
  ***** Saturation state of minerals (log[Q/K] *****
 
 
 **************************************************************
 ------> GRID LOCATION:     7:  1:  1
 
  Temperature (C)    =     25.000
  Porosity           =      0.250
  Liquid Saturation  =      1.000
  Liquid Density     =    997.075
  Ionic Strength     =      0.000
  Solution pH        =      4.357
  Total Charge       = -5.864E-17
 
 Total Aqueous Concentrations of Primary Species 
 --------------------------------------- 
 
   Species              Molality       Type 
 H+                   4.3969E-05     Aqueous      
 Cl-                  1.0767E-04     Aqueous      
 Na+                  9.4481E-05     Aqueous      
 NO3-                 3.0776E-05     Aqueous      
 
 Concentrations of Individual Species, Exchangers, and Surface Complexes 
 ----------------------------------------------------------------------- 
 
                           Log        Log                 Concentration     
 Species              Molality   Activity      Molality    Mol/m^3 blk  Type
                           Log        Log                                 Activity
 Species              Molality   Activity      Molality      Activity   Coefficient    Type
  H+                    -4.357     -4.357     4.397E-05     4.397E-05     1.000E+00  Aqueous 
  Cl-                   -3.968     -3.968     1.077E-04     1.077E-04     1.000E+00  Aqueous 
  Na+                   -4.025     -4.025     9.448E-05     9.448E-05     1.000E+00  Aqueous 
  NO3-                  -4.512     -4.512     3.078E-05     3.078E-05     1.000E+00  Aqueous 
 
  ****** Partial pressure of gases (bars) *****
 
 
  ***** Saturation state of minerals (log[Q/K] *****
 
 
 **************************************************************
 ------> GRID LOCATION:     8:  1:  1
 
  Temperature (C)    =     25.000
  Porosity           =      0.250
  Liquid Saturation  =      1.000
  Liquid Density     =    997.075
  Ionic Strength     =      0.000
  Solution pH        =      4.419
  Total Charge       = -1.002E-15
 
 Total Aqueous Concentrations of Primary Species 
 --------------------------------------- 
 
   Species              Molality       Type 
 H+                   3.8145E-05     Aqueous      
 Cl-                  1.0825E-04     Aqueous      
 Na+                  9.4358E-05     Aqueous      
 NO3-                 2.4252E-05     Aqueous      
 
 Concentrations of Individual Species, Exchangers, and Surface Complexes 
 ----------------------------------------------------------------------- 
 
                           Log        Log                 Concentration     
 Species              Molality   Activity      Molality    Mol/m^3 blk  Type
                           Log        Log                                 Activity
 Species              Molality   Activity      Molality      Activity   Coefficient    Type
  H+                    -4.419     -4.419     3.814E-05     3.814E-05     1.000E+00  Aqueous 
  Cl-                   -3.966     -3.966     1.083E-04     1.083E-04     1.000E+00  Aqueous 
  Na+                   -4.025     -4.025     9.436E-05     9.436E-05     1.000E+00  Aqueous 
  NO3-                  -4.615     -4.615     2.425E-05     2.425E-05     1.000E+00  Aqueous 
 
  ****** Partial pressure of gases (bars) *****
 
 
  ***** Saturation state of minerals (log[Q/K] *****
 
 
 **************************************************************
 ------> GRID LOCATION:     9:  1:  1
 
  Temperature (C)    =     25.000
  Porosity           =      0.250
  Liquid Saturation  =      1.000
  Liquid Density     =    997.075
  Ionic Strength     =      0.000
  Solution pH        =      4.481
  Total Charge       = -8.271E-15
 
 Total Aqueous Concentrations of Primary Species 
 --------------------------------------- 
 
   Species              Molality       Type 
 H+                   3.3043E-05     Aqueous      
 Cl-                  1.0854E-04     Aqueous      
 Na+                  9.4409E-05     Aqueous      
 NO3-                 1.8912E-05     Aqueous      
 
 Concentrations of Individual Species, Exchangers, and Surface Complexes 
 ----------------------------------------------------------------------- 
 
                           Log        Log                 Concentration     
 Species              Molality   Activity      Molality    Mol/m^3 blk  Type
                           Log        Log                                 Activity
 Species              Molality   Activity      Molality      Activity   Coefficient    Type
  H+                    -4.481     -4.481     3.304E-05     3.304E-05     1.000E+00  Aqueous 
  Cl-                   -3.964     -3.964     1.085E-04     1.085E-04     1.000E+00  Aqueous 
  Na+                   -4.025     -4.025     9.441E-05     9.441E-05     1.000E+00  Aqueous 
  NO3-                  -4.723     -4.723     1.891E-05     1.891E-05     1.000E+00  Aqueous 
 
  ****** Partial pressure of gases (bars) *****
 
 
  ***** Saturation state of minerals (log[Q/K] *****
 
 
 **************************************************************
 ------> GRID LOCATION:    10:  1:  1
 
  Temperature (C)    =     25.000
  Porosity           =      0.250
  Liquid Saturation  =      1.000
  Liquid Density     =    997.075
  Ionic Strength     =      0.000
  Solution pH        =      4.544
  Total Charge       = -4.015E-14
 
 Total Aqueous Concentrations of Primary Species 
 --------------------------------------- 
 
   Species              Molality       Type 
 H+                   2.8600E-05     Aqueous      
 Cl-                  1.0857E-04     Aqueous      
 Na+                  9.4594E-05     Aqueous      
 NO3-                 1.4625E-05     Aqueous      
 
 Concentrations of Individual Species, Exchangers, and Surface Complexes 
 ----------------------------------------------------------------------- 
 
                           Log        Log                 Concentration     
 Species              Molality   Activity      Molality    Mol/m^3 blk  Type
                           Log        Log                                 Activity
 Species              Molality   Activity      Molality      Activity   Coefficient    Type
  H+                    -4.544     -4.544     2.860E-05     2.860E-05     1.000E+00  Aqueous 
  Cl-                   -3.964     -3.964     1.086E-04     1.086E-04     1.000E+00  Aqueous 
  Na+                   -4.024     -4.024     9.459E-05     9.459E-05     1.000E+00  Aqueous 
  NO3-                  -4.835     -4.835     1.463E-05     1.463E-05     1.000E+00  Aqueous 
 
  ****** Partial pressure of gases (bars) *****
 
 
  ***** Saturation state of minerals (log[Q/K] *****
 
 
 **************************************************************
 ------> GRID LOCATION:    11:  1:  1
 
  Temperature (C)    =     25.000
  Porosity           =      0.250
  Liquid Saturation  =      1.000
  Liquid Density     =    997.075
  Ionic Strength     =      0.000
  Solution pH        =      4.606
  Total Charge       = -1.212E-13
 
 Total Aqueous Concentrations of Primary Species 
 --------------------------------------- 
 
   Species              Molality       Type 
 H+                   2.4750E-05     Aqueous      
 Cl-                  1.0838E-04     Aqueous      
 Na+                  9.4873E-05     Aqueous      
 NO3-                 1.1247E-05     Aqueous      
 
 Concentrations of Individual Species, Exchangers, and Surface Complexes 
 ----------------------------------------------------------------------- 
 
                           Log        Log                 Concentration     
 Species              Molality   Activity      Molality    Mol/m^3 blk  Type
                           Log        Log                                 Activity
 Species              Molality   Activity      Molality      Activity   Coefficient    Type
  H+                    -4.606     -4.606     2.475E-05     2.475E-05     1.000E+00  Aqueous 
  Cl-                   -3.965     -3.965     1.084E-04     1.084E-04     1.000E+00  Aqueous 
  Na+                   -4.023     -4.023     9.487E-05     9.487E-05     1.000E+00  Aqueous 
  NO3-                  -4.949     -4.949     1.125E-05     1.125E-05     1.000E+00  Aqueous 
 
  ****** Partial pressure of gases (bars) *****
 
 
  ***** Saturation state of minerals (log[Q/K] *****
 
 
 **************************************************************
 ------> GRID LOCATION:    12:  1:  1
 
  Temperature (C)    =     25.000
  Porosity           =      0.250
  Liquid Saturation  =      1.000
  Liquid Density     =    997.075
  Ionic Strength     =      0.000
  Solution pH        =      4.669
  Total Charge       = -2.305E-13
 
 Total Aqueous Concentrations of Primary Species 
 --------------------------------------- 
 
   Species              Molality       Type 
 H+                   2.1424E-05     Aqueous      
 Cl-                  1.0801E-04     Aqueous      
 Na+                  9.5216E-05     Aqueous      
 NO3-                 8.6263E-06     Aqueous      
 
 Concentrations of Individual Species, Exchangers, and Surface Complexes 
 ----------------------------------------------------------------------- 
 
                           Log        Log                 Concentration     
 Species              Molality   Activity      Molality    Mol/m^3 blk  Type
                           Log        Log                                 Activity
 Species              Molality   Activity      Molality      Activity   Coefficient    Type
  H+                    -4.669     -4.669     2.142E-05     2.142E-05     1.000E+00  Aqueous 
  Cl-                   -3.967     -3.967     1.080E-04     1.080E-04     1.000E+00  Aqueous 
  Na+                   -4.021     -4.021     9.522E-05     9.522E-05     1.000E+00  Aqueous 
  NO3-                  -5.064     -5.064     8.626E-06     8.626E-06     1.000E+00  Aqueous 
 
  ****** Partial pressure of gases (bars) *****
 
 
  ***** Saturation state of minerals (log[Q/K] *****
 
 
 **************************************************************
 ------> GRID LOCATION:    13:  1:  1
 
  Temperature (C)    =     25.000
  Porosity           =      0.250
  Liquid Saturation  =      1.000
  Liquid Density     =    997.075
  Ionic Strength     =      0.000
  Solution pH        =      4.732
  Total Charge       = -2.720E-13
 
 Total Aqueous Concentrations of Primary Species 
 --------------------------------------- 
 
   Species              Molality       Type 
 H+                   1.8555E-05     Aqueous      
 Cl-                  1.0753E-04     Aqueous      
 Na+                  9.5593E-05     Aqueous      
 NO3-                 6.6229E-06     Aqueous      
 
 Concentrations of Individual Species, Exchangers, and Surface Complexes 
 ----------------------------------------------------------------------- 
 
                           Log        Log                 Concentration     
 Species              Molality   Activity      Molality    Mol/m^3 blk  Type
                           Log        Log                                 Activity
 Species              Molality   Activity      Molality      Activity   Coefficient    Type
  H+                    -4.732     -4.732     1.856E-05     1.856E-05     1.000E+00  Aqueous 
  Cl-                   -3.968     -3.968     1.075E-04     1.075E-04     1.000E+00  Aqueous 
  Na+                   -4.020     -4.020     9.559E-05     9.559E-05     1.000E+00  Aqueous 
  NO3-                  -5.179     -5.179     6.623E-06     6.623E-06     1.000E+00  Aqueous 
 
  ****** Partial pressure of gases (bars) *****
 
 
  ***** Saturation state of minerals (log[Q/K] *****
 
 
 **************************************************************
 ------> GRID LOCATION:    14:  1:  1
 
  Temperature (C)    =     25.000
  Porosity           =      0.250
  Liquid Saturation  =      1.000
  Liquid Density     =    997.075
  Ionic Strength     =      0.000
  Solution pH        =      4.794
  Total Charge       = -1.934E-13
 
 Total Aqueous Concentrations of Primary Species 
 --------------------------------------- 
 
   Species              Molality       Type 
 H+                   1.6086E-05     Aqueous      
 Cl-                  1.0696E-04     Aqueous      
 Na+                  9.5985E-05     Aqueous      
 NO3-                 5.1112E-06     Aqueous      
 
 Concentrations of Individual Species, Exchangers, and Surface Complexes 
 ----------------------------------------------------------------------- 
 
                           Log        Log                 Concentration     
 Species              Molality   Activity      Molality    Mol/m^3 blk  Type
                           Log        Log                                 Activity
 Species              Molality   Activity      Molality      Activity   Coefficient    Type
  H+                    -4.794     -4.794     1.609E-05     1.609E-05     1.000E+00  Aqueous 
  Cl-                   -3.971     -3.971     1.070E-04     1.070E-04     1.000E+00  Aqueous 
  Na+                   -4.018     -4.018     9.599E-05     9.599E-05     1.000E+00  Aqueous 
  NO3-                  -5.291     -5.291     5.111E-06     5.111E-06     1.000E+00  Aqueous 
 
  ****** Partial pressure of gases (bars) *****
 
 
  ***** Saturation state of minerals (log[Q/K] *****
 
 
 **************************************************************
 ------> GRID LOCATION:    15:  1:  1
 
  Temperature (C)    =     25.000
  Porosity           =      0.250
  Liquid Saturation  =      1.000
  Liquid Density     =    997.075
  Ionic Strength     =      0.000
  Solution pH        =      4.855
  Total Charge       = -8.001E-14
 
 Total Aqueous Concentrations of Primary Species 
 --------------------------------------- 
 
   Species              Molality       Type 
 H+                   1.3960E-05     Aqueous      
 Cl-                  1.0635E-04     Aqueous      
 Na+                  9.6375E-05     Aqueous      
 NO3-                 3.9836E-06     Aqueous      
 
 Concentrations of Individual Species, Exchangers, and Surface Complexes 
 ----------------------------------------------------------------------- 
 
                           Log        Log                 Concentration     
 Species              Molality   Activity      Molality    Mol/m^3 blk  Type
                           Log        Log                                 Activity
 Species              Molality   Activity      Molality      Activity   Coefficient    Type
  H+                    -4.855     -4.855     1.396E-05     1.396E-05     1.000E+00  Aqueous 
  Cl-                   -3.973     -3.973     1.064E-04     1.064E-04     1.000E+00  Aqueous 
  Na+                   -4.016     -4.016     9.638E-05     9.638E-05     1.000E+00  Aqueous 
  NO3-                  -5.400     -5.400     3.984E-06     3.984E-06     1.000E+00  Aqueous 
 
  ****** Partial pressure of gases (bars) *****
 
 
  ***** Saturation state of minerals (log[Q/K] *****
 
 
 **************************************************************
 ------> GRID LOCATION:    16:  1:  1
 
  Temperature (C)    =     25.000
  Porosity           =      0.250
  Liquid Saturation  =      1.000
  Liquid Density     =    997.075
  Ionic Strength     =      0.000
  Solution pH        =      4.916
  Total Charge       = -1.838E-14
 
 Total Aqueous Concentrations of Primary Species 
 --------------------------------------- 
 
   Species              Molality       Type 
 H+                   1.2132E-05     Aqueous      
 Cl-                  1.0573E-04     Aqueous      
 Na+                  9.6753E-05     Aqueous      
 NO3-                 3.1513E-06     Aqueous      
 
 Concentrations of Individual Species, Exchangers, and Surface Complexes 
 ----------------------------------------------------------------------- 
 
                           Log        Log                 Concentration     
 Species              Molality   Activity      Molality    Mol/m^3 blk  Type
                           Log        Log                                 Activity
 Species              Molality   Activity      Molality      Activity   Coefficient    Type
  H+                    -4.916     -4.916     1.213E-05     1.213E-05     1.000E+00  Aqueous 
  Cl-                   -3.976     -3.976     1.057E-04     1.057E-04     1.000E+00  Aqueous 
  Na+                   -4.014     -4.014     9.675E-05     9.675E-05     1.000E+00  Aqueous 
  NO3-                  -5.502     -5.502     3.151E-06     3.151E-06     1.000E+00  Aqueous 
 
  ****** Partial pressure of gases (bars) *****
 
 
  ***** Saturation state of minerals (log[Q/K] *****
 
 
 **************************************************************
 ------> GRID LOCATION:    17:  1:  1
 
  Temperature (C)    =     25.000
  Porosity           =      0.250
  Liquid Saturation  =      1.000
  Liquid Density     =    997.075
  Ionic Strength     =      0.000
  Solution pH        =      4.976
  Total Charge       = -9.157E-16
 
 Total Aqueous Concentrations of Primary Species 
 --------------------------------------- 
 
   Species              Molality       Type 
 H+                   1.0560E-05     Aqueous      
 Cl-                  1.0513E-04     Aqueous      
 Na+                  9.7110E-05     Aqueous      
 NO3-                 2.5425E-06     Aqueous      
 
 Concentrations of Individual Species, Exchangers, and Surface Complexes 
 ----------------------------------------------------------------------- 
 
                           Log        Log                 Concentration     
 Species              Molality   Activity      Molality    Mol/m^3 blk  Type
                           Log        Log                                 Activity
 Species              Molality   Activity      Molality      Activity   Coefficient    Type
  H+                    -4.976     -4.976     1.056E-05     1.056E-05     1.000E+00  Aqueous 
  Cl-                   -3.978     -3.978     1.051E-04     1.051E-04     1.000E+00  Aqueous 
  Na+                   -4.013     -4.013     9.711E-05     9.711E-05     1.000E+00  Aqueous 
  NO3-                  -5.595     -5.595     2.543E-06     2.543E-06     1.000E+00  Aqueous 
 
  ****** Partial pressure of gases (bars) *****
 
 
  ***** Saturation state of minerals (log[Q/K] *****
 
 
 **************************************************************
 ------> GRID LOCATION:    18:  1:  1
 
  Temperature (C)    =     25.000
  Porosity           =      0.250
  Liquid Saturation  =      1.000
  Liquid Density     =    997.075
  Ionic Strength     =      0.000
  Solution pH        =      5.036
  Total Charge       =  3.011E-15
 
 Total Aqueous Concentrations of Primary Species 
 --------------------------------------- 
 
   Species              Molality       Type 
 H+                   9.2072E-06     Aqueous      
 Cl-                  1.0455E-04     Aqueous      
 Na+                  9.7442E-05     Aqueous      
 NO3-                 2.1009E-06     Aqueous      
 
 Concentrations of Individual Species, Exchangers, and Surface Complexes 
 ----------------------------------------------------------------------- 
 
                           Log        Log                 Concentration     
 Species              Molality   Activity      Molality    Mol/m^3 blk  Type
                           Log        Log                                 Activity
 Species              Molality   Activity      Molality      Activity   Coefficient    Type
  H+                    -5.036     -5.036     9.207E-06     9.207E-06     1.000E+00  Aqueous 
  Cl-                   -3.981     -3.981     1.045E-04     1.045E-04     1.000E+00  Aqueous 
  Na+                   -4.011     -4.011     9.744E-05     9.744E-05     1.000E+00  Aqueous 
  NO3-                  -5.678     -5.678     2.101E-06     2.101E-06     1.000E+00  Aqueous 
 
  ****** Partial pressure of gases (bars) *****
 
 
  ***** Saturation state of minerals (log[Q/K] *****
 
 
 **************************************************************
 ------> GRID LOCATION:    19:  1:  1
 
  Temperature (C)    =     25.000
  Porosity           =      0.250
  Liquid Saturation  =      1.000
  Liquid Density     =    997.075
  Ionic Strength     =      0.000
  Solution pH        =      5.095
  Total Charge       =  5.040E-15
 
 Total Aqueous Concentrations of Primary Species 
 --------------------------------------- 
 
   Species              Molality       Type 
 H+                   8.0438E-06     Aqueous      
 Cl-                  1.0401E-04     Aqueous      
 Na+                  9.7747E-05     Aqueous      
 NO3-                 1.7828E-06     Aqueous      
 
 Concentrations of Individual Species, Exchangers, and Surface Complexes 
 ----------------------------------------------------------------------- 
 
                           Log        Log                 Concentration     
 Species              Molality   Activity      Molality    Mol/m^3 blk  Type
                           Log        Log                                 Activity
 Species              Molality   Activity      Molality      Activity   Coefficient    Type
  H+                    -5.095     -5.095     8.044E-06     8.044E-06     1.000E+00  Aqueous 
  Cl-                   -3.983     -3.983     1.040E-04     1.040E-04     1.000E+00  Aqueous 
  Na+                   -4.010     -4.010     9.775E-05     9.775E-05     1.000E+00  Aqueous 
  NO3-                  -5.749     -5.749     1.783E-06     1.783E-06     1.000E+00  Aqueous 
 
  ****** Partial pressure of gases (bars) *****
 
 
  ***** Saturation state of minerals (log[Q/K] *****
 
 
 **************************************************************
 ------> GRID LOCATION:    20:  1:  1
 
  Temperature (C)    =     25.000
  Porosity           =      0.250
  Liquid Saturation  =      1.000
  Liquid Density     =    997.075
  Ionic Strength     =      0.000
  Solution pH        =      5.152
  Total Charge       =  6.951E-15
 
 Total Aqueous Concentrations of Primary Species 
 --------------------------------------- 
 
   Species              Molality       Type 
 H+                   7.0430E-06     Aqueous      
 Cl-                  1.0351E-04     Aqueous      
 Na+                  9.8024E-05     Aqueous      
 NO3-                 1.5550E-06     Aqueous      
 
 Concentrations of Individual Species, Exchangers, and Surface Complexes 
 ----------------------------------------------------------------------- 
 
                           Log        Log                 Concentration     
 Species              Molality   Activity      Molality    Mol/m^3 blk  Type
                           Log        Log                                 Activity
 Species              Molality   Activity      Molality      Activity   Coefficient    Type
  H+                    -5.152     -5.152     7.043E-06     7.043E-06     1.000E+00  Aqueous 
  Cl-                   -3.985     -3.985     1.035E-04     1.035E-04     1.000E+00  Aqueous 
  Na+                   -4.009     -4.009     9.802E-05     9.802E-05     1.000E+00  Aqueous 
  NO3-                  -5.808     -5.808     1.555E-06     1.555E-06     1.000E+00  Aqueous 
 
  ****** Partial pressure of gases (bars) *****
 
 
  ***** Saturation state of minerals (log[Q/K] *****
 
 
 **************************************************************
 ------> GRID LOCATION:    21:  1:  1
 
  Temperature (C)    =     25.000
  Porosity           =      0.250
  Liquid Saturation  =      1.000
  Liquid Density     =    997.075
  Ionic Strength     =      0.000
  Solution pH        =      5.209
  Total Charge       =  8.515E-15
 
 Total Aqueous Concentrations of Primary Species 
 --------------------------------------- 
 
   Species              Molality       Type 
 H+                   6.1821E-06     Aqueous      
 Cl-                  1.0306E-04     Aqueous      
 Na+                  9.8274E-05     Aqueous      
 NO3-                 1.3928E-06     Aqueous      
 
 Concentrations of Individual Species, Exchangers, and Surface Complexes 
 ----------------------------------------------------------------------- 
 
                           Log        Log                 Concentration     
 Species              Molality   Activity      Molality    Mol/m^3 blk  Type
                           Log        Log                                 Activity
 Species              Molality   Activity      Molality      Activity   Coefficient    Type
  H+                    -5.209     -5.209     6.182E-06     6.182E-06     1.000E+00  Aqueous 
  Cl-                   -3.987     -3.987     1.031E-04     1.031E-04     1.000E+00  Aqueous 
  Na+                   -4.008     -4.008     9.827E-05     9.827E-05     1.000E+00  Aqueous 
  NO3-                  -5.856     -5.856     1.393E-06     1.393E-06     1.000E+00  Aqueous 
 
  ****** Partial pressure of gases (bars) *****
 
 
  ***** Saturation state of minerals (log[Q/K] *****
 
 
 **************************************************************
 ------> GRID LOCATION:    22:  1:  1
 
  Temperature (C)    =     25.000
  Porosity           =      0.250
  Liquid Saturation  =      1.000
  Liquid Density     =    997.075
  Ionic Strength     =      0.000
  Solution pH        =      5.264
  Total Charge       =  9.271E-15
 
 Total Aqueous Concentrations of Primary Species 
 --------------------------------------- 
 
   Species              Molality       Type 
 H+                   5.4416E-06     Aqueous      
 Cl-                  1.0266E-04     Aqueous      
 Na+                  9.8497E-05     Aqueous      
 NO3-                 1.2778E-06     Aqueous      
 
 Concentrations of Individual Species, Exchangers, and Surface Complexes 
 ----------------------------------------------------------------------- 
 
                           Log        Log                 Concentration     
 Species              Molality   Activity      Molality    Mol/m^3 blk  Type
                           Log        Log                                 Activity
 Species              Molality   Activity      Molality      Activity   Coefficient    Type
  H+                    -5.264     -5.264     5.442E-06     5.442E-06     1.000E+00  Aqueous 
  Cl-                   -3.989     -3.989     1.027E-04     1.027E-04     1.000E+00  Aqueous 
  Na+                   -4.007     -4.007     9.850E-05     9.850E-05     1.000E+00  Aqueous 
  NO3-                  -5.894     -5.894     1.278E-06     1.278E-06     1.000E+00  Aqueous 
 
  ****** Partial pressure of gases (bars) *****
 
 
  ***** Saturation state of minerals (log[Q/K] *****
 
 
 **************************************************************
 ------> GRID LOCATION:    23:  1:  1
 
  Temperature (C)    =     25.000
  Porosity           =      0.250
  Liquid Saturation  =      1.000
  Liquid Density     =    997.075
  Ionic Strength     =      0.000
  Solution pH        =      5.318
  Total Charge       =  8.946E-15
 
 Total Aqueous Concentrations of Primary Species 
 --------------------------------------- 
 
   Species              Molality       Type 
 H+                   4.8049E-06     Aqueous      
 Cl-                  1.0230E-04     Aqueous      
 Na+                  9.8695E-05     Aqueous      
 NO3-                 1.1965E-06     Aqueous      
 
 Concentrations of Individual Species, Exchangers, and Surface Complexes 
 ----------------------------------------------------------------------- 
 
                           Log        Log                 Concentration     
 Species              Molality   Activity      Molality    Mol/m^3 blk  Type
                           Log        Log                                 Activity
 Species              Molality   Activity      Molality      Activity   Coefficient    Type
  H+                    -5.318     -5.318     4.805E-06     4.805E-06     1.000E+00  Aqueous 
  Cl-                   -3.990     -3.990     1.023E-04     1.023E-04     1.000E+00  Aqueous 
  Na+                   -4.006     -4.006     9.869E-05     9.869E-05     1.000E+00  Aqueous 
  NO3-                  -5.922     -5.922     1.197E-06     1.197E-06     1.000E+00  Aqueous 
 
  ****** Partial pressure of gases (bars) *****
 
 
  ***** Saturation state of minerals (log[Q/K] *****
 
 
 **************************************************************
 ------> GRID LOCATION:    24:  1:  1
 
  Temperature (C)    =     25.000
  Porosity           =      0.250
  Liquid Saturation  =      1.000
  Liquid Density     =    997.075
  Ionic Strength     =      0.000
  Solution pH        =      5.371
  Total Charge       =  7.635E-15
 
 Total Aqueous Concentrations of Primary Species 
 --------------------------------------- 
 
   Species              Molality       Type 
 H+                   4.2574E-06     Aqueous      
 Cl-                  1.0199E-04     Aqueous      
 Na+                  9.8869E-05     Aqueous      
 NO3-                 1.1392E-06     Aqueous      
 
 Concentrations of Individual Species, Exchangers, and Surface Complexes 
 ----------------------------------------------------------------------- 
 
                           Log        Log                 Concentration     
 Species              Molality   Activity      Molality    Mol/m^3 blk  Type
                           Log        Log                                 Activity
 Species              Molality   Activity      Molality      Activity   Coefficient    Type
  H+                    -5.371     -5.371     4.257E-06     4.257E-06     1.000E+00  Aqueous 
  Cl-                   -3.991     -3.991     1.020E-04     1.020E-04     1.000E+00  Aqueous 
  Na+                   -4.005     -4.005     9.887E-05     9.887E-05     1.000E+00  Aqueous 
  NO3-                  -5.943     -5.943     1.139E-06     1.139E-06     1.000E+00  Aqueous 
 
  ****** Partial pressure of gases (bars) *****
 
 
  ***** Saturation state of minerals (log[Q/K] *****
 
 
 **************************************************************
 ------> GRID LOCATION:    25:  1:  1
 
  Temperature (C)    =     25.000
  Porosity           =      0.250
  Liquid Saturation  =      1.000
  Liquid Density     =    997.075
  Ionic Strength     =      0.000
  Solution pH        =      5.422
  Total Charge       =  5.760E-15
 
 Total Aqueous Concentrations of Primary Species 
 --------------------------------------- 
 
   Species              Molality       Type 
 H+                   3.7869E-06     Aqueous      
 Cl-                  1.0171E-04     Aqueous      
 Na+                  9.9023E-05     Aqueous      
 NO3-                 1.0989E-06     Aqueous      
 
 Concentrations of Individual Species, Exchangers, and Surface Complexes 
 ----------------------------------------------------------------------- 
 
                           Log        Log                 Concentration     
 Species              Molality   Activity      Molality    Mol/m^3 blk  Type
                           Log        Log                                 Activity
 Species              Molality   Activity      Molality      Activity   Coefficient    Type
  H+                    -5.422     -5.422     3.787E-06     3.787E-06     1.000E+00  Aqueous 
  Cl-                   -3.993     -3.993     1.017E-04     1.017E-04     1.000E+00  Aqueous 
  Na+                   -4.004     -4.004     9.902E-05     9.902E-05     1.000E+00  Aqueous 
  NO3-                  -5.959     -5.959     1.099E-06     1.099E-06     1.000E+00  Aqueous 
 
  ****** Partial pressure of gases (bars) *****
 
 
  ***** Saturation state of minerals (log[Q/K] *****
 
 
 **************************************************************
 ------> GRID LOCATION:    26:  1:  1
 
  Temperature (C)    =     25.000
  Porosity           =      0.250
  Liquid Saturation  =      1.000
  Liquid Density     =    997.075
  Ionic Strength     =      0.000
  Solution pH        =      5.471
  Total Charge       =  3.847E-15
 
 Total Aqueous Concentrations of Primary Species 
 --------------------------------------- 
 
   Species              Molality       Type 
 H+                   3.3827E-06     Aqueous      
 Cl-                  1.0147E-04     Aqueous      
 Na+                  9.9158E-05     Aqueous      
 NO3-                 1.0706E-06     Aqueous      
 
 Concentrations of Individual Species, Exchangers, and Surface Complexes 
 ----------------------------------------------------------------------- 
 
                           Log        Log                 Concentration     
 Species              Molality   Activity      Molality    Mol/m^3 blk  Type
                           Log        Log                                 Activity
 Species              Molality   Activity      Molality      Activity   Coefficient    Type
  H+                    -5.471     -5.471     3.383E-06     3.383E-06     1.000E+00  Aqueous 
  Cl-                   -3.994     -3.994     1.015E-04     1.015E-04     1.000E+00  Aqueous 
  Na+                   -4.004     -4.004     9.916E-05     9.916E-05     1.000E+00  Aqueous 
  NO3-                  -5.970     -5.970     1.071E-06     1.071E-06     1.000E+00  Aqueous 
 
  ****** Partial pressure of gases (bars) *****
 
 
  ***** Saturation state of minerals (log[Q/K] *****
 
 
 **************************************************************
 ------> GRID LOCATION:    27:  1:  1
 
  Temperature (C)    =     25.000
  Porosity           =      0.250
  Liquid Saturation  =      1.000
  Liquid Density     =    997.075
  Ionic Strength     =      0.000
  Solution pH        =      5.518
  Total Charge       =  2.285E-15
 
 Total Aqueous Concentrations of Primary Species 
 --------------------------------------- 
 
   Species              Molality       Type 
 H+                   3.0356E-06     Aqueous      
 Cl-                  1.0126E-04     Aqueous      
 Na+                  9.9275E-05     Aqueous      
 NO3-                 1.0506E-06     Aqueous      
 
 Concentrations of Individual Species, Exchangers, and Surface Complexes 
 ----------------------------------------------------------------------- 
 
                           Log        Log                 Concentration     
 Species              Molality   Activity      Molality    Mol/m^3 blk  Type
                           Log        Log                                 Activity
 Species              Molality   Activity      Molality      Activity   Coefficient    Type
  H+                    -5.518     -5.518     3.036E-06     3.036E-06     1.000E+00  Aqueous 
  Cl-                   -3.995     -3.995     1.013E-04     1.013E-04     1.000E+00  Aqueous 
  Na+                   -4.003     -4.003     9.927E-05     9.927E-05     1.000E+00  Aqueous 
  NO3-                  -5.979     -5.979     1.051E-06     1.051E-06     1.000E+00  Aqueous 
 
  ****** Partial pressure of gases (bars) *****
 
 
  ***** Saturation state of minerals (log[Q/K] *****
 
 
 **************************************************************
 ------> GRID LOCATION:    28:  1:  1
 
  Temperature (C)    =     25.000
  Porosity           =      0.250
  Liquid Saturation  =      1.000
  Liquid Density     =    997.075
  Ionic Strength     =      0.000
  Solution pH        =      5.563
  Total Charge       =  1.218E-15
 
 Total Aqueous Concentrations of Primary Species 
 --------------------------------------- 
 
   Species              Molality       Type 
 H+                   2.7379E-06     Aqueous      
 Cl-                  1.0108E-04     Aqueous      
 Na+                  9.9377E-05     Aqueous      
 NO3-                 1.0365E-06     Aqueous      
 
 Concentrations of Individual Species, Exchangers, and Surface Complexes 
 ----------------------------------------------------------------------- 
 
                           Log        Log                 Concentration     
 Species              Molality   Activity      Molality    Mol/m^3 blk  Type
                           Log        Log                                 Activity
 Species              Molality   Activity      Molality      Activity   Coefficient    Type
  H+                    -5.563     -5.563     2.738E-06     2.738E-06     1.000E+00  Aqueous 
  Cl-                   -3.995     -3.995     1.011E-04     1.011E-04     1.000E+00  Aqueous 
  Na+                   -4.003     -4.003     9.938E-05     9.938E-05     1.000E+00  Aqueous 
  NO3-                  -5.984     -5.984     1.037E-06     1.037E-06     1.000E+00  Aqueous 
 
  ****** Partial pressure of gases (bars) *****
 
 
  ***** Saturation state of minerals (log[Q/K] *****
 
 
 **************************************************************
 ------> GRID LOCATION:    29:  1:  1
 
  Temperature (C)    =     25.000
  Porosity           =      0.250
  Liquid Saturation  =      1.000
  Liquid Density     =    997.075
  Ionic Strength     =      0.000
  Solution pH        =      5.605
  Total Charge       =  5.915E-16
 
 Total Aqueous Concentrations of Primary Species 
 --------------------------------------- 
 
   Species              Molality       Type 
 H+                   2.4825E-06     Aqueous      
 Cl-                  1.0092E-04     Aqueous      
 Na+                  9.9466E-05     Aqueous      
 NO3-                 1.0266E-06     Aqueous      
 
 Concentrations of Individual Species, Exchangers, and Surface Complexes 
 ----------------------------------------------------------------------- 
 
                           Log        Log                 Concentration     
 Species              Molality   Activity      Molality    Mol/m^3 blk  Type
                           Log        Log                                 Activity
 Species              Molality   Activity      Molality      Activity   Coefficient    Type
  H+                    -5.605     -5.605     2.483E-06     2.483E-06     1.000E+00  Aqueous 
  Cl-                   -3.996     -3.996     1.009E-04     1.009E-04     1.000E+00  Aqueous 
  Na+                   -4.002     -4.002     9.947E-05     9.947E-05     1.000E+00  Aqueous 
  NO3-                  -5.989     -5.989     1.027E-06     1.027E-06     1.000E+00  Aqueous 
 
  ****** Partial pressure of gases (bars) *****
 
 
  ***** Saturation state of minerals (log[Q/K] *****
 
 
 **************************************************************
 ------> GRID LOCATION:    30:  1:  1
 
  Temperature (C)    =     25.000
  Porosity           =      0.250
  Liquid Saturation  =      1.000
  Liquid Density     =    997.075
  Ionic Strength     =      0.000
  Solution pH        =      5.645
  Total Charge       =  2.668E-16
 
 Total Aqueous Concentrations of Primary Species 
 --------------------------------------- 
 
   Species              Molality       Type 
 H+                   2.2638E-06     Aqueous      
 Cl-                  1.0079E-04     Aqueous      
 Na+                  9.9543E-05     Aqueous      
 NO3-                 1.0196E-06     Aqueous      
 
 Concentrations of Individual Species, Exchangers, and Surface Complexes 
 ----------------------------------------------------------------------- 
 
                           Log        Log                 Concentration     
 Species              Molality   Activity      Molality    Mol/m^3 blk  Type
                           Log        Log                                 Activity
 Species              Molality   Activity      Molality      Activity   Coefficient    Type
  H+                    -5.645     -5.645     2.264E-06     2.264E-06     1.000E+00  Aqueous 
  Cl-                   -3.997     -3.997     1.008E-04     1.008E-04     1.000E+00  Aqueous 
  Na+                   -4.002     -4.002     9.954E-05     9.954E-05     1.000E+00  Aqueous 
  NO3-                  -5.992     -5.992     1.020E-06     1.020E-06     1.000E+00  Aqueous 
 
  ****** Partial pressure of gases (bars) *****
 
 
  ***** Saturation state of minerals (log[Q/K] *****
 
 
 **************************************************************
 ------> GRID LOCATION:    31:  1:  1
 
  Temperature (C)    =     25.000
  Porosity           =      0.250
  Liquid Saturation  =      1.000
  Liquid Density     =    997.075
  Ionic Strength     =      0.000
  Solution pH        =      5.683
  Total Charge       =  1.157E-16
 
 Total Aqueous Concentrations of Primary Species 
 --------------------------------------- 
 
   Species              Molality       Type 
 H+                   2.0764E-06     Aqueous      
 Cl-                  1.0067E-04     Aqueous      
 Na+                  9.9609E-05     Aqueous      
 NO3-                 1.0145E-06     Aqueous      
 
 Concentrations of Individual Species, Exchangers, and Surface Complexes 
 ----------------------------------------------------------------------- 
 
                           Log        Log                 Concentration     
 Species              Molality   Activity      Molality    Mol/m^3 blk  Type
                           Log        Log                                 Activity
 Species              Molality   Activity      Molality      Activity   Coefficient    Type
  H+                    -5.683     -5.683     2.076E-06     2.076E-06     1.000E+00  Aqueous 
  Cl-                   -3.997     -3.997     1.007E-04     1.007E-04     1.000E+00  Aqueous 
  Na+                   -4.002     -4.002     9.961E-05     9.961E-05     1.000E+00  Aqueous 
  NO3-                  -5.994     -5.994     1.015E-06     1.015E-06     1.000E+00  Aqueous 
 
  ****** Partial pressure of gases (bars) *****
 
 
  ***** Saturation state of minerals (log[Q/K] *****
 
 
 **************************************************************
 ------> GRID LOCATION:    32:  1:  1
 
  Temperature (C)    =     25.000
  Porosity           =      0.250
  Liquid Saturation  =      1.000
  Liquid Density     =    997.075
  Ionic Strength     =      0.000
  Solution pH        =      5.718
  Total Charge       =  5.008E-17
 
 Total Aqueous Concentrations of Primary Species 
 --------------------------------------- 
 
   Species              Molality       Type 
 H+                   1.9162E-06     Aqueous      
 Cl-                  1.0057E-04     Aqueous      
 Na+                  9.9666E-05     Aqueous      
 NO3-                 1.0109E-06     Aqueous      
 
 Concentrations of Individual Species, Exchangers, and Surface Complexes 
 ----------------------------------------------------------------------- 
 
                           Log        Log                 Concentration     
 Species              Molality   Activity      Molality    Mol/m^3 blk  Type
                           Log        Log                                 Activity
 Species              Molality   Activity      Molality      Activity   Coefficient    Type
  H+                    -5.718     -5.718     1.916E-06     1.916E-06     1.000E+00  Aqueous 
  Cl-                   -3.998     -3.998     1.006E-04     1.006E-04     1.000E+00  Aqueous 
  Na+                   -4.001     -4.001     9.967E-05     9.967E-05     1.000E+00  Aqueous 
  NO3-                  -5.995     -5.995     1.011E-06     1.011E-06     1.000E+00  Aqueous 
 
  ****** Partial pressure of gases (bars) *****
 
 
  ***** Saturation state of minerals (log[Q/K] *****
 
 
 **************************************************************
 ------> GRID LOCATION:    33:  1:  1
 
  Temperature (C)    =     25.000
  Porosity           =      0.250
  Liquid Saturation  =      1.000
  Liquid Density     =    997.075
  Ionic Strength     =      0.000
  Solution pH        =      5.750
  Total Charge       =  2.215E-17
 
 Total Aqueous Concentrations of Primary Species 
 --------------------------------------- 
 
   Species              Molality       Type 
 H+                   1.7792E-06     Aqueous      
 Cl-                  1.0049E-04     Aqueous      
 Na+                  9.9715E-05     Aqueous      
 NO3-                 1.0083E-06     Aqueous      
 
 Concentrations of Individual Species, Exchangers, and Surface Complexes 
 ----------------------------------------------------------------------- 
 
                           Log        Log                 Concentration     
 Species              Molality   Activity      Molality    Mol/m^3 blk  Type
                           Log        Log                                 Activity
 Species              Molality   Activity      Molality      Activity   Coefficient    Type
  H+                    -5.750     -5.750     1.779E-06     1.779E-06     1.000E+00  Aqueous 
  Cl-                   -3.998     -3.998     1.005E-04     1.005E-04     1.000E+00  Aqueous 
  Na+                   -4.001     -4.001     9.972E-05     9.972E-05     1.000E+00  Aqueous 
  NO3-                  -5.996     -5.996     1.008E-06     1.008E-06     1.000E+00  Aqueous 
 
  ****** Partial pressure of gases (bars) *****
 
 
  ***** Saturation state of minerals (log[Q/K] *****
 
 
 **************************************************************
 ------> GRID LOCATION:    34:  1:  1
 
  Temperature (C)    =     25.000
  Porosity           =      0.250
  Liquid Saturation  =      1.000
  Liquid Density     =    997.075
  Ionic Strength     =      0.000
  Solution pH        =      5.779
  Total Charge       =  1.073E-17
 
 Total Aqueous Concentrations of Primary Species 
 --------------------------------------- 
 
   Species              Molality       Type 
 H+                   1.6621E-06     Aqueous      
 Cl-                  1.0041E-04     Aqueous      
 Na+                  9.9757E-05     Aqueous      
 NO3-                 1.0064E-06     Aqueous      
 
 Concentrations of Individual Species, Exchangers, and Surface Complexes 
 ----------------------------------------------------------------------- 
 
                           Log        Log                 Concentration     
 Species              Molality   Activity      Molality    Mol/m^3 blk  Type
                           Log        Log                                 Activity
 Species              Molality   Activity      Molality      Activity   Coefficient    Type
  H+                    -5.779     -5.779     1.662E-06     1.662E-06     1.000E+00  Aqueous 
  Cl-                   -3.998     -3.998     1.004E-04     1.004E-04     1.000E+00  Aqueous 
  Na+                   -4.001     -4.001     9.976E-05     9.976E-05     1.000E+00  Aqueous 
  NO3-                  -5.997     -5.997     1.006E-06     1.006E-06     1.000E+00  Aqueous 
 
  ****** Partial pressure of gases (bars) *****
 
 
  ***** Saturation state of minerals (log[Q/K] *****
 
 
 **************************************************************
 ------> GRID LOCATION:    35:  1:  1
 
  Temperature (C)    =     25.000
  Porosity           =      0.250
  Liquid Saturation  =      1.000
  Liquid Density     =    997.075
  Ionic Strength     =      0.000
  Solution pH        =      5.806
  Total Charge       =  5.558E-18
 
 Total Aqueous Concentrations of Primary Species 
 --------------------------------------- 
 
   Species              Molality       Type 
 H+                   1.5623E-06     Aqueous      
 Cl-                  1.0035E-04     Aqueous      
 Na+                  9.9793E-05     Aqueous      
 NO3-                 1.0050E-06     Aqueous      
 
 Concentrations of Individual Species, Exchangers, and Surface Complexes 
 ----------------------------------------------------------------------- 
 
                           Log        Log                 Concentration     
 Species              Molality   Activity      Molality    Mol/m^3 blk  Type
                           Log        Log                                 Activity
 Species              Molality   Activity      Molality      Activity   Coefficient    Type
  H+                    -5.806     -5.806     1.562E-06     1.562E-06     1.000E+00  Aqueous 
  Cl-                   -3.998     -3.998     1.004E-04     1.004E-04     1.000E+00  Aqueous 
  Na+                   -4.001     -4.001     9.979E-05     9.979E-05     1.000E+00  Aqueous 
  NO3-                  -5.998     -5.998     1.005E-06     1.005E-06     1.000E+00  Aqueous 
 
  ****** Partial pressure of gases (bars) *****
 
 
  ***** Saturation state of minerals (log[Q/K] *****
 
 
 **************************************************************
 ------> GRID LOCATION:    36:  1:  1
 
  Temperature (C)    =     25.000
  Porosity           =      0.250
  Liquid Saturation  =      1.000
  Liquid Density     =    997.075
  Ionic Strength     =      0.000
  Solution pH        =      5.831
  Total Charge       =  3.131E-18
 
 Total Aqueous Concentrations of Primary Species 
 --------------------------------------- 
 
   Species              Molality       Type 
 H+                   1.4771E-06     Aqueous      
 Cl-                  1.0030E-04     Aqueous      
 Na+                  9.9824E-05     Aqueous      
 NO3-                 1.0039E-06     Aqueous      
 
 Concentrations of Individual Species, Exchangers, and Surface Complexes 
 ----------------------------------------------------------------------- 
 
                           Log        Log                 Concentration     
 Species              Molality   Activity      Molality    Mol/m^3 blk  Type
                           Log        Log                                 Activity
 Species              Molality   Activity      Molality      Activity   Coefficient    Type
  H+                    -5.831     -5.831     1.477E-06     1.477E-06     1.000E+00  Aqueous 
  Cl-                   -3.999     -3.999     1.003E-04     1.003E-04     1.000E+00  Aqueous 
  Na+                   -4.001     -4.001     9.982E-05     9.982E-05     1.000E+00  Aqueous 
  NO3-                  -5.998     -5.998     1.004E-06     1.004E-06     1.000E+00  Aqueous 
 
  ****** Partial pressure of gases (bars) *****
 
 
  ***** Saturation state of minerals (log[Q/K] *****
 
 
 **************************************************************
 ------> GRID LOCATION:    37:  1:  1
 
  Temperature (C)    =     25.000
  Porosity           =      0.250
  Liquid Saturation  =      1.000
  Liquid Density     =    997.075
  Ionic Strength     =      0.000
  Solution pH        =      5.852
  Total Charge       =  2.056E-18
 
 Total Aqueous Concentrations of Primary Species 
 --------------------------------------- 
 
   Species              Molality       Type 
 H+                   1.4045E-06     Aqueous      
 Cl-                  1.0025E-04     Aqueous      
 Na+                  9.9851E-05     Aqueous      
 NO3-                 1.0031E-06     Aqueous      
 
 Concentrations of Individual Species, Exchangers, and Surface Complexes 
 ----------------------------------------------------------------------- 
 
                           Log        Log                 Concentration     
 Species              Molality   Activity      Molality    Mol/m^3 blk  Type
                           Log        Log                                 Activity
 Species              Molality   Activity      Molality      Activity   Coefficient    Type
  H+                    -5.852     -5.852     1.405E-06     1.405E-06     1.000E+00  Aqueous 
  Cl-                   -3.999     -3.999     1.003E-04     1.003E-04     1.000E+00  Aqueous 
  Na+                   -4.001     -4.001     9.985E-05     9.985E-05     1.000E+00  Aqueous 
  NO3-                  -5.999     -5.999     1.003E-06     1.003E-06     1.000E+00  Aqueous 
 
  ****** Partial pressure of gases (bars) *****
 
 
  ***** Saturation state of minerals (log[Q/K] *****
 
 
 **************************************************************
 ------> GRID LOCATION:    38:  1:  1
 
  Temperature (C)    =     25.000
  Porosity           =      0.250
  Liquid Saturation  =      1.000
  Liquid Density     =    997.075
  Ionic Strength     =      0.000
  Solution pH        =      5.872
  Total Charge       =  1.526E-18
 
 Total Aqueous Concentrations of Primary Species 
 --------------------------------------- 
 
   Species              Molality       Type 
 H+                   1.3428E-06     Aqueous      
 Cl-                  1.0021E-04     Aqueous      
 Na+                  9.9873E-05     Aqueous      
 NO3-                 1.0025E-06     Aqueous      
 
 Concentrations of Individual Species, Exchangers, and Surface Complexes 
 ----------------------------------------------------------------------- 
 
                           Log        Log                 Concentration     
 Species              Molality   Activity      Molality    Mol/m^3 blk  Type
                           Log        Log                                 Activity
 Species              Molality   Activity      Molality      Activity   Coefficient    Type
  H+                    -5.872     -5.872     1.343E-06     1.343E-06     1.000E+00  Aqueous 
  Cl-                   -3.999     -3.999     1.002E-04     1.002E-04     1.000E+00  Aqueous 
  Na+                   -4.001     -4.001     9.987E-05     9.987E-05     1.000E+00  Aqueous 
  NO3-                  -5.999     -5.999     1.002E-06     1.002E-06     1.000E+00  Aqueous 
 
  ****** Partial pressure of gases (bars) *****
 
 
  ***** Saturation state of minerals (log[Q/K] *****
 
 
 **************************************************************
 ------> GRID LOCATION:    39:  1:  1
 
  Temperature (C)    =     25.000
  Porosity           =      0.250
  Liquid Saturation  =      1.000
  Liquid Density     =    997.075
  Ionic Strength     =      0.000
  Solution pH        =      5.889
  Total Charge       =  5.067E-19
 
 Total Aqueous Concentrations of Primary Species 
 --------------------------------------- 
 
   Species              Molality       Type 
 H+                   1.2902E-06     Aqueous      
 Cl-                  1.0018E-04     Aqueous      
 Na+                  9.9893E-05     Aqueous      
 NO3-                 1.0020E-06     Aqueous      
 
 Concentrations of Individual Species, Exchangers, and Surface Complexes 
 ----------------------------------------------------------------------- 
 
                           Log        Log                 Concentration     
 Species              Molality   Activity      Molality    Mol/m^3 blk  Type
                           Log        Log                                 Activity
 Species              Molality   Activity      Molality      Activity   Coefficient    Type
  H+                    -5.889     -5.889     1.290E-06     1.290E-06     1.000E+00  Aqueous 
  Cl-                   -3.999     -3.999     1.002E-04     1.002E-04     1.000E+00  Aqueous 
  Na+                   -4.000     -4.000     9.989E-05     9.989E-05     1.000E+00  Aqueous 
  NO3-                  -5.999     -5.999     1.002E-06     1.002E-06     1.000E+00  Aqueous 
 
  ****** Partial pressure of gases (bars) *****
 
 
  ***** Saturation state of minerals (log[Q/K] *****
 
 
 **************************************************************
 ------> GRID LOCATION:    40:  1:  1
 
  Temperature (C)    =     25.000
  Porosity           =      0.250
  Liquid Saturation  =      1.000
  Liquid Density     =    997.075
  Ionic Strength     =      0.000
  Solution pH        =      5.905
  Total Charge       =  3.945E-19
 
 Total Aqueous Concentrations of Primary Species 
 --------------------------------------- 
 
   Species              Molality       Type 
 H+                   1.2456E-06     Aqueous      
 Cl-                  1.0015E-04     Aqueous      
 Na+                  9.9909E-05     Aqueous      
 NO3-                 1.0016E-06     Aqueous      
 
 Concentrations of Individual Species, Exchangers, and Surface Complexes 
 ----------------------------------------------------------------------- 
 
                           Log        Log                 Concentration     
 Species              Molality   Activity      Molality    Mol/m^3 blk  Type
                           Log        Log                                 Activity
 Species              Molality   Activity      Molality      Activity   Coefficient    Type
  H+                    -5.905     -5.905     1.246E-06     1.246E-06     1.000E+00  Aqueous 
  Cl-                   -3.999     -3.999     1.002E-04     1.002E-04     1.000E+00  Aqueous 
  Na+                   -4.000     -4.000     9.991E-05     9.991E-05     1.000E+00  Aqueous 
  NO3-                  -5.999     -5.999     1.002E-06     1.002E-06     1.000E+00  Aqueous 
 
  ****** Partial pressure of gases (bars) *****
 
 
  ***** Saturation state of minerals (log[Q/K] *****
 
 
 **************************************************************
 ------> GRID LOCATION:    41:  1:  1
 
  Temperature (C)    =     25.000
  Porosity           =      0.250
  Liquid Saturation  =      1.000
  Liquid Density     =    997.075
  Ionic Strength     =      0.000
  Solution pH        =      5.918
  Total Charge       =  4.388E-19
 
 Total Aqueous Concentrations of Primary Species 
 --------------------------------------- 
 
   Species              Molality       Type 
 H+                   1.2077E-06     Aqueous      
 Cl-                  1.0013E-04     Aqueous      
 Na+                  9.9923E-05     Aqueous      
 NO3-                 1.0014E-06     Aqueous      
 
 Concentrations of Individual Species, Exchangers, and Surface Complexes 
 ----------------------------------------------------------------------- 
 
                           Log        Log                 Concentration     
 Species              Molality   Activity      Molality    Mol/m^3 blk  Type
                           Log        Log                                 Activity
 Species              Molality   Activity      Molality      Activity   Coefficient    Type
  H+                    -5.918     -5.918     1.208E-06     1.208E-06     1.000E+00  Aqueous 
  Cl-                   -3.999     -3.999     1.001E-04     1.001E-04     1.000E+00  Aqueous 
  Na+                   -4.000     -4.000     9.992E-05     9.992E-05     1.000E+00  Aqueous 
  NO3-                  -5.999     -5.999     1.001E-06     1.001E-06     1.000E+00  Aqueous 
 
  ****** Partial pressure of gases (bars) *****
 
 
  ***** Saturation state of minerals (log[Q/K] *****
 
 
 **************************************************************
 ------> GRID LOCATION:    42:  1:  1
 
  Temperature (C)    =     25.000
  Porosity           =      0.250
  Liquid Saturation  =      1.000
  Liquid Density     =    997.075
  Ionic Strength     =      0.000
  Solution pH        =      5.930
  Total Charge       =  4.144E-19
 
 Total Aqueous Concentrations of Primary Species 
 --------------------------------------- 
 
   Species              Molality       Type 
 H+                   1.1755E-06     Aqueous      
 Cl-                  1.0011E-04     Aqueous      
 Na+                  9.9935E-05     Aqueous      
 NO3-                 1.0011E-06     Aqueous      
 
 Concentrations of Individual Species, Exchangers, and Surface Complexes 
 ----------------------------------------------------------------------- 
 
                           Log        Log                 Concentration     
 Species              Molality   Activity      Molality    Mol/m^3 blk  Type
                           Log        Log                                 Activity
 Species              Molality   Activity      Molality      Activity   Coefficient    Type
  H+                    -5.930     -5.930     1.175E-06     1.175E-06     1.000E+00  Aqueous 
  Cl-                   -4.000     -4.000     1.001E-04     1.001E-04     1.000E+00  Aqueous 
  Na+                   -4.000     -4.000     9.993E-05     9.994E-05     1.000E+00  Aqueous 
  NO3-                  -6.000     -6.000     1.001E-06     1.001E-06     1.000E+00  Aqueous 
 
  ****** Partial pressure of gases (bars) *****
 
 
  ***** Saturation state of minerals (log[Q/K] *****
 
 
 **************************************************************
 ------> GRID LOCATION:    43:  1:  1
 
  Temperature (C)    =     25.000
  Porosity           =      0.250
  Liquid Saturation  =      1.000
  Liquid Density     =    997.075
  Ionic Strength     =      0.000
  Solution pH        =      5.940
  Total Charge       =  1.955E-19
 
 Total Aqueous Concentrations of Primary Species 
 --------------------------------------- 
 
   Species              Molality       Type 
 H+                   1.1482E-06     Aqueous      
 Cl-                  1.0009E-04     Aqueous      
 Na+                  9.9945E-05     Aqueous      
 NO3-                 1.0009E-06     Aqueous      
 
 Concentrations of Individual Species, Exchangers, and Surface Complexes 
 ----------------------------------------------------------------------- 
 
                           Log        Log                 Concentration     
 Species              Molality   Activity      Molality    Mol/m^3 blk  Type
                           Log        Log                                 Activity
 Species              Molality   Activity      Molality      Activity   Coefficient    Type
  H+                    -5.940     -5.940     1.148E-06     1.148E-06     1.000E+00  Aqueous 
  Cl-                   -4.000     -4.000     1.001E-04     1.001E-04     1.000E+00  Aqueous 
  Na+                   -4.000     -4.000     9.995E-05     9.995E-05     1.000E+00  Aqueous 
  NO3-                  -6.000     -6.000     1.001E-06     1.001E-06     1.000E+00  Aqueous 
 
  ****** Partial pressure of gases (bars) *****
 
 
  ***** Saturation state of minerals (log[Q/K] *****
 
 
 **************************************************************
 ------> GRID LOCATION:    44:  1:  1
 
  Temperature (C)    =     25.000
  Porosity           =      0.250
  Liquid Saturation  =      1.000
  Liquid Density     =    997.075
  Ionic Strength     =      0.000
  Solution pH        =      5.949
  Total Charge       =  6.205E-20
 
 Total Aqueous Concentrations of Primary Species 
 --------------------------------------- 
 
   Species              Molality       Type 
 H+                   1.1251E-06     Aqueous      
 Cl-                  1.0008E-04     Aqueous      
 Na+                  9.9954E-05     Aqueous      
 NO3-                 1.0008E-06     Aqueous      
 
 Concentrations of Individual Species, Exchangers, and Surface Complexes 
 ----------------------------------------------------------------------- 
 
                           Log        Log                 Concentration     
 Species              Molality   Activity      Molality    Mol/m^3 blk  Type
                           Log        Log                                 Activity
 Species              Molality   Activity      Molality      Activity   Coefficient    Type
  H+                    -5.949     -5.949     1.125E-06     1.125E-06     1.000E+00  Aqueous 
  Cl-                   -4.000     -4.000     1.001E-04     1.001E-04     1.000E+00  Aqueous 
  Na+                   -4.000     -4.000     9.995E-05     9.995E-05     1.000E+00  Aqueous 
  NO3-                  -6.000     -6.000     1.001E-06     1.001E-06     1.000E+00  Aqueous 
 
  ****** Partial pressure of gases (bars) *****
 
 
  ***** Saturation state of minerals (log[Q/K] *****
 
 
 **************************************************************
 ------> GRID LOCATION:    45:  1:  1
 
  Temperature (C)    =     25.000
  Porosity           =      0.250
  Liquid Saturation  =      1.000
  Liquid Density     =    997.075
  Ionic Strength     =      0.000
  Solution pH        =      5.956
  Total Charge       = -7.433E-20
 
 Total Aqueous Concentrations of Primary Species 
 --------------------------------------- 
 
   Species              Molality       Type 
 H+                   1.1055E-06     Aqueous      
 Cl-                  1.0007E-04     Aqueous      
 Na+                  9.9961E-05     Aqueous      
 NO3-                 1.0006E-06     Aqueous      
 
 Concentrations of Individual Species, Exchangers, and Surface Complexes 
 ----------------------------------------------------------------------- 
 
                           Log        Log                 Concentration     
 Species              Molality   Activity      Molality    Mol/m^3 blk  Type
                           Log        Log                                 Activity
 Species              Molality   Activity      Molality      Activity   Coefficient    Type
  H+                    -5.956     -5.956     1.106E-06     1.106E-06     1.000E+00  Aqueous 
  Cl-                   -4.000     -4.000     1.001E-04     1.001E-04     1.000E+00  Aqueous 
  Na+                   -4.000     -4.000     9.996E-05     9.996E-05     1.000E+00  Aqueous 
  NO3-                  -6.000     -6.000     1.001E-06     1.001E-06     1.000E+00  Aqueous 
 
  ****** Partial pressure of gases (bars) *****
 
 
  ***** Saturation state of minerals (log[Q/K] *****
 
 
 **************************************************************
 ------> GRID LOCATION:    46:  1:  1
 
  Temperature (C)    =     25.000
  Porosity           =      0.250
  Liquid Saturation  =      1.000
  Liquid Density     =    997.075
  Ionic Strength     =      0.000
  Solution pH        =      5.963
  Total Charge       =  2.816E-20
 
 Total Aqueous Concentrations of Primary Species 
 --------------------------------------- 
 
   Species              Molality       Type 
 H+                   1.0889E-06     Aqueous      
 Cl-                  1.0006E-04     Aqueous      
 Na+                  9.9967E-05     Aqueous      
 NO3-                 1.0005E-06     Aqueous      
 
 Concentrations of Individual Species, Exchangers, and Surface Complexes 
 ----------------------------------------------------------------------- 
 
                           Log        Log                 Concentration     
 Species              Molality   Activity      Molality    Mol/m^3 blk  Type
                           Log        Log                                 Activity
 Species              Molality   Activity      Molality      Activity   Coefficient    Type
  H+                    -5.963     -5.963     1.089E-06     1.089E-06     1.000E+00  Aqueous 
  Cl-                   -4.000     -4.000     1.001E-04     1.001E-04     1.000E+00  Aqueous 
  Na+                   -4.000     -4.000     9.997E-05     9.997E-05     1.000E+00  Aqueous 
  NO3-                  -6.000     -6.000     1.001E-06     1.001E-06     1.000E+00  Aqueous 
 
  ****** Partial pressure of gases (bars) *****
 
 
  ***** Saturation state of minerals (log[Q/K] *****
 
 
 **************************************************************
 ------> GRID LOCATION:    47:  1:  1
 
  Temperature (C)    =     25.000
  Porosity           =      0.250
  Liquid Saturation  =      1.000
  Liquid Density     =    997.075
  Ionic Strength     =      0.000
  Solution pH        =      5.969
  Total Charge       =  1.118E-19
 
 Total Aqueous Concentrations of Primary Species 
 --------------------------------------- 
 
   Species              Molality       Type 
 H+                   1.0749E-06     Aqueous      
 Cl-                  1.0005E-04     Aqueous      
 Na+                  9.9972E-05     Aqueous      
 NO3-                 1.0004E-06     Aqueous      
 
 Concentrations of Individual Species, Exchangers, and Surface Complexes 
 ----------------------------------------------------------------------- 
 
                           Log        Log                 Concentration     
 Species              Molality   Activity      Molality    Mol/m^3 blk  Type
                           Log        Log                                 Activity
 Species              Molality   Activity      Molality      Activity   Coefficient    Type
  H+                    -5.969     -5.969     1.075E-06     1.075E-06     1.000E+00  Aqueous 
  Cl-                   -4.000     -4.000     1.000E-04     1.000E-04     1.000E+00  Aqueous 
  Na+                   -4.000     -4.000     9.997E-05     9.997E-05     1.000E+00  Aqueous 
  NO3-                  -6.000     -6.000     1.000E-06     1.000E-06     1.000E+00  Aqueous 
 
  ****** Partial pressure of gases (bars) *****
 
 
  ***** Saturation state of minerals (log[Q/K] *****
 
 
 **************************************************************
 ------> GRID LOCATION:    48:  1:  1
 
  Temperature (C)    =     25.000
  Porosity           =      0.250
  Liquid Saturation  =      1.000
  Liquid Density     =    997.075
  Ionic Strength     =      0.000
  Solution pH        =      5.973
  Total Charge       = -1.239E-19
 
 Total Aqueous Concentrations of Primary Species 
 --------------------------------------- 
 
   Species              Molality       Type 
 H+                   1.0631E-06     Aqueous      
 Cl-                  1.0004E-04     Aqueous      
 Na+                  9.9977E-05     Aqueous      
 NO3-                 1.0004E-06     Aqueous      
 
 Concentrations of Individual Species, Exchangers, and Surface Complexes 
 ----------------------------------------------------------------------- 
 
                           Log        Log                 Concentration     
 Species              Molality   Activity      Molality    Mol/m^3 blk  Type
                           Log        Log                                 Activity
 Species              Molality   Activity      Molality      Activity   Coefficient    Type
  H+                    -5.973     -5.973     1.063E-06     1.063E-06     1.000E+00  Aqueous 
  Cl-                   -4.000     -4.000     1.000E-04     1.000E-04     1.000E+00  Aqueous 
  Na+                   -4.000     -4.000     9.998E-05     9.998E-05     1.000E+00  Aqueous 
  NO3-                  -6.000     -6.000     1.000E-06     1.000E-06     1.000E+00  Aqueous 
 
  ****** Partial pressure of gases (bars) *****
 
 
  ***** Saturation state of minerals (log[Q/K] *****
 
 
 **************************************************************
 ------> GRID LOCATION:    49:  1:  1
 
  Temperature (C)    =     25.000
  Porosity           =      0.250
  Liquid Saturation  =      1.000
  Liquid Density     =    997.075
  Ionic Strength     =      0.000
  Solution pH        =      5.978
  Total Charge       =  1.491E-19
 
 Total Aqueous Concentrations of Primary Species 
 --------------------------------------- 
 
   Species              Molality       Type 
 H+                   1.0531E-06     Aqueous      
 Cl-                  1.0003E-04     Aqueous      
 Na+                  9.9980E-05     Aqueous      
 NO3-                 1.0003E-06     Aqueous      
 
 Concentrations of Individual Species, Exchangers, and Surface Complexes 
 ----------------------------------------------------------------------- 
 
                           Log        Log                 Concentration     
 Species              Molality   Activity      Molality    Mol/m^3 blk  Type
                           Log        Log                                 Activity
 Species              Molality   Activity      Molality      Activity   Coefficient    Type
  H+                    -5.978     -5.978     1.053E-06     1.053E-06     1.000E+00  Aqueous 
  Cl-                   -4.000     -4.000     1.000E-04     1.000E-04     1.000E+00  Aqueous 
  Na+                   -4.000     -4.000     9.998E-05     9.998E-05     1.000E+00  Aqueous 
  NO3-                  -6.000     -6.000     1.000E-06     1.000E-06     1.000E+00  Aqueous 
 
  ****** Partial pressure of gases (bars) *****
 
 
  ***** Saturation state of minerals (log[Q/K] *****
 
 
 **************************************************************
 ------> GRID LOCATION:    50:  1:  1
 
  Temperature (C)    =     25.000
  Porosity           =      0.250
  Liquid Saturation  =      1.000
  Liquid Density     =    997.075
  Ionic Strength     =      0.000
  Solution pH        =      5.981
  Total Charge       =  1.811E-19
 
 Total Aqueous Concentrations of Primary Species 
 --------------------------------------- 
 
   Species              Molality       Type 
 H+                   1.0447E-06     Aqueous      
 Cl-                  1.0003E-04     Aqueous      
 Na+                  9.9983E-05     Aqueous      
 NO3-                 1.0003E-06     Aqueous      
 
 Concentrations of Individual Species, Exchangers, and Surface Complexes 
 ----------------------------------------------------------------------- 
 
                           Log        Log                 Concentration     
 Species              Molality   Activity      Molality    Mol/m^3 blk  Type
                           Log        Log                                 Activity
 Species              Molality   Activity      Molality      Activity   Coefficient    Type
  H+                    -5.981     -5.981     1.045E-06     1.045E-06     1.000E+00  Aqueous 
  Cl-                   -4.000     -4.000     1.000E-04     1.000E-04     1.000E+00  Aqueous 
  Na+                   -4.000     -4.000     9.998E-05     9.998E-05     1.000E+00  Aqueous 
  NO3-                  -6.000     -6.000     1.000E-06     1.000E-06     1.000E+00  Aqueous 
 
  ****** Partial pressure of gases (bars) *****
 
 
  ***** Saturation state of minerals (log[Q/K] *****
 
 
 **************************************************************
 ------> GRID LOCATION:    51:  1:  1
 
  Temperature (C)    =     25.000
  Porosity           =      0.250
  Liquid Saturation  =      1.000
  Liquid Density     =    997.075
  Ionic Strength     =      0.000
  Solution pH        =      5.984
  Total Charge       = -2.067E-19
 
 Total Aqueous Concentrations of Primary Species 
 --------------------------------------- 
 
   Species              Molality       Type 
 H+                   1.0376E-06     Aqueous      
 Cl-                  1.0002E-04     Aqueous      
 Na+                  9.9986E-05     Aqueous      
 NO3-                 1.0002E-06     Aqueous      
 
 Concentrations of Individual Species, Exchangers, and Surface Complexes 
 ----------------------------------------------------------------------- 
 
                           Log        Log                 Concentration     
 Species              Molality   Activity      Molality    Mol/m^3 blk  Type
                           Log        Log                                 Activity
 Species              Molality   Activity      Molality      Activity   Coefficient    Type
  H+                    -5.984     -5.984     1.038E-06     1.038E-06     1.000E+00  Aqueous 
  Cl-                   -4.000     -4.000     1.000E-04     1.000E-04     1.000E+00  Aqueous 
  Na+                   -4.000     -4.000     9.999E-05     9.999E-05     1.000E+00  Aqueous 
  NO3-                  -6.000     -6.000     1.000E-06     1.000E-06     1.000E+00  Aqueous 
 
  ****** Partial pressure of gases (bars) *****
 
 
  ***** Saturation state of minerals (log[Q/K] *****
 
 
 **************************************************************
 ------> GRID LOCATION:    52:  1:  1
 
  Temperature (C)    =     25.000
  Porosity           =      0.250
  Liquid Saturation  =      1.000
  Liquid Density     =    997.075
  Ionic Strength     =      0.000
  Solution pH        =      5.986
  Total Charge       = -7.835E-20
 
 Total Aqueous Concentrations of Primary Species 
 --------------------------------------- 
 
   Species              Molality       Type 
 H+                   1.0316E-06     Aqueous      
 Cl-                  1.0002E-04     Aqueous      
 Na+                  9.9988E-05     Aqueous      
 NO3-                 1.0002E-06     Aqueous      
 
 Concentrations of Individual Species, Exchangers, and Surface Complexes 
 ----------------------------------------------------------------------- 
 
                           Log        Log                 Concentration     
 Species              Molality   Activity      Molality    Mol/m^3 blk  Type
                           Log        Log                                 Activity
 Species              Molality   Activity      Molality      Activity   Coefficient    Type
  H+                    -5.986     -5.986     1.032E-06     1.032E-06     1.000E+00  Aqueous 
  Cl-                   -4.000     -4.000     1.000E-04     1.000E-04     1.000E+00  Aqueous 
  Na+                   -4.000     -4.000     9.999E-05     9.999E-05     1.000E+00  Aqueous 
  NO3-                  -6.000     -6.000     1.000E-06     1.000E-06     1.000E+00  Aqueous 
 
  ****** Partial pressure of gases (bars) *****
 
 
  ***** Saturation state of minerals (log[Q/K] *****
 
 
 **************************************************************
 ------> GRID LOCATION:    53:  1:  1
 
  Temperature (C)    =     25.000
  Porosity           =      0.250
  Liquid Saturation  =      1.000
  Liquid Density     =    997.075
  Ionic Strength     =      0.000
  Solution pH        =      5.989
  Total Charge       =  2.323E-19
 
 Total Aqueous Concentrations of Primary Species 
 --------------------------------------- 
 
   Species              Molality       Type 
 H+                   1.0265E-06     Aqueous      
 Cl-                  1.0002E-04     Aqueous      
 Na+                  9.9990E-05     Aqueous      
 NO3-                 1.0002E-06     Aqueous      
 
 Concentrations of Individual Species, Exchangers, and Surface Complexes 
 ----------------------------------------------------------------------- 
 
                           Log        Log                 Concentration     
 Species              Molality   Activity      Molality    Mol/m^3 blk  Type
                           Log        Log                                 Activity
 Species              Molality   Activity      Molality      Activity   Coefficient    Type
  H+                    -5.989     -5.989     1.027E-06     1.027E-06     1.000E+00  Aqueous 
  Cl-                   -4.000     -4.000     1.000E-04     1.000E-04     1.000E+00  Aqueous 
  Na+                   -4.000     -4.000     9.999E-05     9.999E-05     1.000E+00  Aqueous 
  NO3-                  -6.000     -6.000     1.000E-06     1.000E-06     1.000E+00  Aqueous 
 
  ****** Partial pressure of gases (bars) *****
 
 
  ***** Saturation state of minerals (log[Q/K] *****
 
 
 **************************************************************
 ------> GRID LOCATION:    54:  1:  1
 
  Temperature (C)    =     25.000
  Porosity           =      0.250
  Liquid Saturation  =      1.000
  Liquid Density     =    997.075
  Ionic Strength     =      0.000
  Solution pH        =      5.990
  Total Charge       = -5.294E-21
 
 Total Aqueous Concentrations of Primary Species 
 --------------------------------------- 
 
   Species              Molality       Type 
 H+                   1.0223E-06     Aqueous      
 Cl-                  1.0001E-04     Aqueous      
 Na+                  9.9992E-05     Aqueous      
 NO3-                 1.0001E-06     Aqueous      
 
 Concentrations of Individual Species, Exchangers, and Surface Complexes 
 ----------------------------------------------------------------------- 
 
                           Log        Log                 Concentration     
 Species              Molality   Activity      Molality    Mol/m^3 blk  Type
                           Log        Log                                 Activity
 Species              Molality   Activity      Molality      Activity   Coefficient    Type
  H+                    -5.990     -5.990     1.022E-06     1.022E-06     1.000E+00  Aqueous 
  Cl-                   -4.000     -4.000     1.000E-04     1.000E-04     1.000E+00  Aqueous 
  Na+                   -4.000     -4.000     9.999E-05     9.999E-05     1.000E+00  Aqueous 
  NO3-                  -6.000     -6.000     1.000E-06     1.000E-06     1.000E+00  Aqueous 
 
  ****** Partial pressure of gases (bars) *****
 
 
  ***** Saturation state of minerals (log[Q/K] *****
 
 
 **************************************************************
 ------> GRID LOCATION:    55:  1:  1
 
  Temperature (C)    =     25.000
  Porosity           =      0.250
  Liquid Saturation  =      1.000
  Liquid Density     =    997.075
  Ionic Strength     =      0.000
  Solution pH        =      5.992
  Total Charge       =  5.315E-20
 
 Total Aqueous Concentrations of Primary Species 
 --------------------------------------- 
 
   Species              Molality       Type 
 H+                   1.0187E-06     Aqueous      
 Cl-                  1.0001E-04     Aqueous      
 Na+                  9.9993E-05     Aqueous      
 NO3-                 1.0001E-06     Aqueous      
 
 Concentrations of Individual Species, Exchangers, and Surface Complexes 
 ----------------------------------------------------------------------- 
 
                           Log        Log                 Concentration     
 Species              Molality   Activity      Molality    Mol/m^3 blk  Type
                           Log        Log                                 Activity
 Species              Molality   Activity      Molality      Activity   Coefficient    Type
  H+                    -5.992     -5.992     1.019E-06     1.019E-06     1.000E+00  Aqueous 
  Cl-                   -4.000     -4.000     1.000E-04     1.000E-04     1.000E+00  Aqueous 
  Na+                   -4.000     -4.000     9.999E-05     9.999E-05     1.000E+00  Aqueous 
  NO3-                  -6.000     -6.000     1.000E-06     1.000E-06     1.000E+00  Aqueous 
 
  ****** Partial pressure of gases (bars) *****
 
 
  ***** Saturation state of minerals (log[Q/K] *****
 
 
 **************************************************************
 ------> GRID LOCATION:    56:  1:  1
 
  Temperature (C)    =     25.000
  Porosity           =      0.250
  Liquid Saturation  =      1.000
  Liquid Density     =    997.075
  Ionic Strength     =      0.000
  Solution pH        =      5.993
  Total Charge       = -3.433E-19
 
 Total Aqueous Concentrations of Primary Species 
 --------------------------------------- 
 
   Species              Molality       Type 
 H+                   1.0157E-06     Aqueous      
 Cl-                  1.0001E-04     Aqueous      
 Na+                  9.9994E-05     Aqueous      
 NO3-                 1.0001E-06     Aqueous      
 
 Concentrations of Individual Species, Exchangers, and Surface Complexes 
 ----------------------------------------------------------------------- 
 
                           Log        Log                 Concentration     
 Species              Molality   Activity      Molality    Mol/m^3 blk  Type
                           Log        Log                                 Activity
 Species              Molality   Activity      Molality      Activity   Coefficient    Type
  H+                    -5.993     -5.993     1.016E-06     1.016E-06     1.000E+00  Aqueous 
  Cl-                   -4.000     -4.000     1.000E-04     1.000E-04     1.000E+00  Aqueous 
  Na+                   -4.000     -4.000     9.999E-05     9.999E-05     1.000E+00  Aqueous 
  NO3-                  -6.000     -6.000     1.000E-06     1.000E-06     1.000E+00  Aqueous 
 
  ****** Partial pressure of gases (bars) *****
 
 
  ***** Saturation state of minerals (log[Q/K] *****
 
 
 **************************************************************
 ------> GRID LOCATION:    57:  1:  1
 
  Temperature (C)    =     25.000
  Porosity           =      0.250
  Liquid Saturation  =      1.000
  Liquid Density     =    997.075
  Ionic Strength     =      0.000
  Solution pH        =      5.994
  Total Charge       =  2.802E-19
 
 Total Aqueous Concentrations of Primary Species 
 --------------------------------------- 
 
   Species              Molality       Type 
 H+                   1.0132E-06     Aqueous      
 Cl-                  1.0001E-04     Aqueous      
 Na+                  9.9995E-05     Aqueous      
 NO3-                 1.0001E-06     Aqueous      
 
 Concentrations of Individual Species, Exchangers, and Surface Complexes 
 ----------------------------------------------------------------------- 
 
                           Log        Log                 Concentration     
 Species              Molality   Activity      Molality    Mol/m^3 blk  Type
                           Log        Log                                 Activity
 Species              Molality   Activity      Molality      Activity   Coefficient    Type
  H+                    -5.994     -5.994     1.013E-06     1.013E-06     1.000E+00  Aqueous 
  Cl-                   -4.000     -4.000     1.000E-04     1.000E-04     1.000E+00  Aqueous 
  Na+                   -4.000     -4.000     1.000E-04     1.000E-04     1.000E+00  Aqueous 
  NO3-                  -6.000     -6.000     1.000E-06     1.000E-06     1.000E+00  Aqueous 
 
  ****** Partial pressure of gases (bars) *****
 
 
  ***** Saturation state of minerals (log[Q/K] *****
 
 
 **************************************************************
 ------> GRID LOCATION:    58:  1:  1
 
  Temperature (C)    =     25.000
  Porosity           =      0.250
  Liquid Saturation  =      1.000
  Liquid Density     =    997.075
  Ionic Strength     =      0.000
  Solution pH        =      5.995
  Total Charge       = -9.550E-20
 
 Total Aqueous Concentrations of Primary Species 
 --------------------------------------- 
 
   Species              Molality       Type 
 H+                   1.0110E-06     Aqueous      
 Cl-                  1.0001E-04     Aqueous      
 Na+                  9.9996E-05     Aqueous      
 NO3-                 1.0001E-06     Aqueous      
 
 Concentrations of Individual Species, Exchangers, and Surface Complexes 
 ----------------------------------------------------------------------- 
 
                           Log        Log                 Concentration     
 Species              Molality   Activity      Molality    Mol/m^3 blk  Type
                           Log        Log                                 Activity
 Species              Molality   Activity      Molality      Activity   Coefficient    Type
  H+                    -5.995     -5.995     1.011E-06     1.011E-06     1.000E+00  Aqueous 
  Cl-                   -4.000     -4.000     1.000E-04     1.000E-04     1.000E+00  Aqueous 
  Na+                   -4.000     -4.000     1.000E-04     1.000E-04     1.000E+00  Aqueous 
  NO3-                  -6.000     -6.000     1.000E-06     1.000E-06     1.000E+00  Aqueous 
 
  ****** Partial pressure of gases (bars) *****
 
 
  ***** Saturation state of minerals (log[Q/K] *****
 
 
 **************************************************************
 ------> GRID LOCATION:    59:  1:  1
 
  Temperature (C)    =     25.000
  Porosity           =      0.250
  Liquid Saturation  =      1.000
  Liquid Density     =    997.075
  Ionic Strength     =      0.000
  Solution pH        =      5.996
  Total Charge       =  6.162E-20
 
 Total Aqueous Concentrations of Primary Species 
 --------------------------------------- 
 
   Species              Molality       Type 
 H+                   1.0092E-06     Aqueous      
 Cl-                  1.0001E-04     Aqueous      
 Na+                  9.9997E-05     Aqueous      
 NO3-                 1.0001E-06     Aqueous      
 
 Concentrations of Individual Species, Exchangers, and Surface Complexes 
 ----------------------------------------------------------------------- 
 
                           Log        Log                 Concentration     
 Species              Molality   Activity      Molality    Mol/m^3 blk  Type
                           Log        Log                                 Activity
 Species              Molality   Activity      Molality      Activity   Coefficient    Type
  H+                    -5.996     -5.996     1.009E-06     1.009E-06     1.000E+00  Aqueous 
  Cl-                   -4.000     -4.000     1.000E-04     1.000E-04     1.000E+00  Aqueous 
  Na+                   -4.000     -4.000     1.000E-04     1.000E-04     1.000E+00  Aqueous 
  NO3-                  -6.000     -6.000     1.000E-06     1.000E-06     1.000E+00  Aqueous 
 
  ****** Partial pressure of gases (bars) *****
 
 
  ***** Saturation state of minerals (log[Q/K] *****
 
 
 **************************************************************
 ------> GRID LOCATION:    60:  1:  1
 
  Temperature (C)    =     25.000
  Porosity           =      0.250
  Liquid Saturation  =      1.000
  Liquid Density     =    997.075
  Ionic Strength     =      0.000
  Solution pH        =      5.997
  Total Charge       =  1.379E-19
 
 Total Aqueous Concentrations of Primary Species 
 --------------------------------------- 
 
   Species              Molality       Type 
 H+                   1.0077E-06     Aqueous      
 Cl-                  1.0000E-04     Aqueous      
 Na+                  9.9997E-05     Aqueous      
 NO3-                 1.0000E-06     Aqueous      
 
 Concentrations of Individual Species, Exchangers, and Surface Complexes 
 ----------------------------------------------------------------------- 
 
                           Log        Log                 Concentration     
 Species              Molality   Activity      Molality    Mol/m^3 blk  Type
                           Log        Log                                 Activity
 Species              Molality   Activity      Molality      Activity   Coefficient    Type
  H+                    -5.997     -5.997     1.008E-06     1.008E-06     1.000E+00  Aqueous 
  Cl-                   -4.000     -4.000     1.000E-04     1.000E-04     1.000E+00  Aqueous 
  Na+                   -4.000     -4.000     1.000E-04     1.000E-04     1.000E+00  Aqueous 
  NO3-                  -6.000     -6.000     1.000E-06     1.000E-06     1.000E+00  Aqueous 
 
  ****** Partial pressure of gases (bars) *****
 
 
  ***** Saturation state of minerals (log[Q/K] *****
 
 
 **************************************************************
 ------> GRID LOCATION:    61:  1:  1
 
  Temperature (C)    =     25.000
  Porosity           =      0.250
  Liquid Saturation  =      1.000
  Liquid Density     =    997.075
  Ionic Strength     =      0.000
  Solution pH        =      5.997
  Total Charge       = -2.196E-19
 
 Total Aqueous Concentrations of Primary Species 
 --------------------------------------- 
 
   Species              Molality       Type 
 H+                   1.0065E-06     Aqueous      
 Cl-                  1.0000E-04     Aqueous      
 Na+                  9.9998E-05     Aqueous      
 NO3-                 1.0000E-06     Aqueous      
 
 Concentrations of Individual Species, Exchangers, and Surface Complexes 
 ----------------------------------------------------------------------- 
 
                           Log        Log                 Concentration     
 Species              Molality   Activity      Molality    Mol/m^3 blk  Type
                           Log        Log                                 Activity
 Species              Molality   Activity      Molality      Activity   Coefficient    Type
  H+                    -5.997     -5.997     1.006E-06     1.006E-06     1.000E+00  Aqueous 
  Cl-                   -4.000     -4.000     1.000E-04     1.000E-04     1.000E+00  Aqueous 
  Na+                   -4.000     -4.000     1.000E-04     1.000E-04     1.000E+00  Aqueous 
  NO3-                  -6.000     -6.000     1.000E-06     1.000E-06     1.000E+00  Aqueous 
 
  ****** Partial pressure of gases (bars) *****
 
 
  ***** Saturation state of minerals (log[Q/K] *****
 
 
 **************************************************************
 ------> GRID LOCATION:    62:  1:  1
 
  Temperature (C)    =     25.000
  Porosity           =      0.250
  Liquid Saturation  =      1.000
  Liquid Density     =    997.075
  Ionic Strength     =      0.000
  Solution pH        =      5.998
  Total Charge       =  3.685E-20
 
 Total Aqueous Concentrations of Primary Species 
 --------------------------------------- 
 
   Species              Molality       Type 
 H+                   1.0054E-06     Aqueous      
 Cl-                  1.0000E-04     Aqueous      
 Na+                  9.9998E-05     Aqueous      
 NO3-                 1.0000E-06     Aqueous      
 
 Concentrations of Individual Species, Exchangers, and Surface Complexes 
 ----------------------------------------------------------------------- 
 
                           Log        Log                 Concentration     
 Species              Molality   Activity      Molality    Mol/m^3 blk  Type
                           Log        Log                                 Activity
 Species              Molality   Activity      Molality      Activity   Coefficient    Type
  H+                    -5.998     -5.998     1.005E-06     1.005E-06     1.000E+00  Aqueous 
  Cl-                   -4.000     -4.000     1.000E-04     1.000E-04     1.000E+00  Aqueous 
  Na+                   -4.000     -4.000     1.000E-04     1.000E-04     1.000E+00  Aqueous 
  NO3-                  -6.000     -6.000     1.000E-06     1.000E-06     1.000E+00  Aqueous 
 
  ****** Partial pressure of gases (bars) *****
 
 
  ***** Saturation state of minerals (log[Q/K] *****
 
 
 **************************************************************
 ------> GRID LOCATION:    63:  1:  1
 
  Temperature (C)    =     25.000
  Porosity           =      0.250
  Liquid Saturation  =      1.000
  Liquid Density     =    997.075
  Ionic Strength     =      0.000
  Solution pH        =      5.998
  Total Charge       = -1.779E-19
 
 Total Aqueous Concentrations of Primary Species 
 --------------------------------------- 
 
   Species              Molality       Type 
 H+                   1.0045E-06     Aqueous      
 Cl-                  1.0000E-04     Aqueous      
 Na+                  9.9998E-05     Aqueous      
 NO3-                 1.0000E-06     Aqueous      
 
 Concentrations of Individual Species, Exchangers, and Surface Complexes 
 ----------------------------------------------------------------------- 
 
                           Log        Log                 Concentration     
 Species              Molality   Activity      Molality    Mol/m^3 blk  Type
                           Log        Log                                 Activity
 Species              Molality   Activity      Molality      Activity   Coefficient    Type
  H+                    -5.998     -5.998     1.005E-06     1.005E-06     1.000E+00  Aqueous 
  Cl-                   -4.000     -4.000     1.000E-04     1.000E-04     1.000E+00  Aqueous 
  Na+                   -4.000     -4.000     1.000E-04     1.000E-04     1.000E+00  Aqueous 
  NO3-                  -6.000     -6.000     1.000E-06     1.000E-06     1.000E+00  Aqueous 
 
  ****** Partial pressure of gases (bars) *****
 
 
  ***** Saturation state of minerals (log[Q/K] *****
 
 
 **************************************************************
 ------> GRID LOCATION:    64:  1:  1
 
  Temperature (C)    =     25.000
  Porosity           =      0.250
  Liquid Saturation  =      1.000
  Liquid Density     =    997.075
  Ionic Strength     =      0.000
  Solution pH        =      5.998
  Total Charge       = -2.696E-19
 
 Total Aqueous Concentrations of Primary Species 
 --------------------------------------- 
 
   Species              Molality       Type 
 H+                   1.0038E-06     Aqueous      
 Cl-                  1.0000E-04     Aqueous      
 Na+                  9.9999E-05     Aqueous      
 NO3-                 1.0000E-06     Aqueous      
 
 Concentrations of Individual Species, Exchangers, and Surface Complexes 
 ----------------------------------------------------------------------- 
 
                           Log        Log                 Concentration     
 Species              Molality   Activity      Molality    Mol/m^3 blk  Type
                           Log        Log                                 Activity
 Species              Molality   Activity      Molality      Activity   Coefficient    Type
  H+                    -5.998     -5.998     1.004E-06     1.004E-06     1.000E+00  Aqueous 
  Cl-                   -4.000     -4.000     1.000E-04     1.000E-04     1.000E+00  Aqueous 
  Na+                   -4.000     -4.000     1.000E-04     1.000E-04     1.000E+00  Aqueous 
  NO3-                  -6.000     -6.000     1.000E-06     1.000E-06     1.000E+00  Aqueous 
 
  ****** Partial pressure of gases (bars) *****
 
 
  ***** Saturation state of minerals (log[Q/K] *****
 
 
 **************************************************************
 ------> GRID LOCATION:    65:  1:  1
 
  Temperature (C)    =     25.000
  Porosity           =      0.250
  Liquid Saturation  =      1.000
  Liquid Density     =    997.075
  Ionic Strength     =      0.000
  Solution pH        =      5.999
  Total Charge       =  1.143E-20
 
 Total Aqueous Concentrations of Primary Species 
 --------------------------------------- 
 
   Species              Molality       Type 
 H+                   1.0032E-06     Aqueous      
 Cl-                  1.0000E-04     Aqueous      
 Na+                  9.9999E-05     Aqueous      
 NO3-                 1.0000E-06     Aqueous      
 
 Concentrations of Individual Species, Exchangers, and Surface Complexes 
 ----------------------------------------------------------------------- 
 
                           Log        Log                 Concentration     
 Species              Molality   Activity      Molality    Mol/m^3 blk  Type
                           Log        Log                                 Activity
 Species              Molality   Activity      Molality      Activity   Coefficient    Type
  H+                    -5.999     -5.999     1.003E-06     1.003E-06     1.000E+00  Aqueous 
  Cl-                   -4.000     -4.000     1.000E-04     1.000E-04     1.000E+00  Aqueous 
  Na+                   -4.000     -4.000     1.000E-04     1.000E-04     1.000E+00  Aqueous 
  NO3-                  -6.000     -6.000     1.000E-06     1.000E-06     1.000E+00  Aqueous 
 
  ****** Partial pressure of gases (bars) *****
 
 
  ***** Saturation state of minerals (log[Q/K] *****
 
 
 **************************************************************
 ------> GRID LOCATION:    66:  1:  1
 
  Temperature (C)    =     25.000
  Porosity           =      0.250
  Liquid Saturation  =      1.000
  Liquid Density     =    997.075
  Ionic Strength     =      0.000
  Solution pH        =      5.999
  Total Charge       =  6.501E-20
 
 Total Aqueous Concentrations of Primary Species 
 --------------------------------------- 
 
   Species              Molality       Type 
 H+                   1.0027E-06     Aqueous      
 Cl-                  1.0000E-04     Aqueous      
 Na+                  9.9999E-05     Aqueous      
 NO3-                 1.0000E-06     Aqueous      
 
 Concentrations of Individual Species, Exchangers, and Surface Complexes 
 ----------------------------------------------------------------------- 
 
                           Log        Log                 Concentration     
 Species              Molality   Activity      Molality    Mol/m^3 blk  Type
                           Log        Log                                 Activity
 Species              Molality   Activity      Molality      Activity   Coefficient    Type
  H+                    -5.999     -5.999     1.003E-06     1.003E-06     1.000E+00  Aqueous 
  Cl-                   -4.000     -4.000     1.000E-04     1.000E-04     1.000E+00  Aqueous 
  Na+                   -4.000     -4.000     1.000E-04     1.000E-04     1.000E+00  Aqueous 
  NO3-                  -6.000     -6.000     1.000E-06     1.000E-06     1.000E+00  Aqueous 
 
  ****** Partial pressure of gases (bars) *****
 
 
  ***** Saturation state of minerals (log[Q/K] *****
 
 
 **************************************************************
 ------> GRID LOCATION:    67:  1:  1
 
  Temperature (C)    =     25.000
  Porosity           =      0.250
  Liquid Saturation  =      1.000
  Liquid Density     =    997.075
  Ionic Strength     =      0.000
  Solution pH        =      5.999
  Total Charge       =  9.381E-20
 
 Total Aqueous Concentrations of Primary Species 
 --------------------------------------- 
 
   Species              Molality       Type 
 H+                   1.0022E-06     Aqueous      
 Cl-                  1.0000E-04     Aqueous      
 Na+                  9.9999E-05     Aqueous      
 NO3-                 1.0000E-06     Aqueous      
 
 Concentrations of Individual Species, Exchangers, and Surface Complexes 
 ----------------------------------------------------------------------- 
 
                           Log        Log                 Concentration     
 Species              Molality   Activity      Molality    Mol/m^3 blk  Type
                           Log        Log                                 Activity
 Species              Molality   Activity      Molality      Activity   Coefficient    Type
  H+                    -5.999     -5.999     1.002E-06     1.002E-06     1.000E+00  Aqueous 
  Cl-                   -4.000     -4.000     1.000E-04     1.000E-04     1.000E+00  Aqueous 
  Na+                   -4.000     -4.000     1.000E-04     1.000E-04     1.000E+00  Aqueous 
  NO3-                  -6.000     -6.000     1.000E-06     1.000E-06     1.000E+00  Aqueous 
 
  ****** Partial pressure of gases (bars) *****
 
 
  ***** Saturation state of minerals (log[Q/K] *****
 
 
 **************************************************************
 ------> GRID LOCATION:    68:  1:  1
 
  Temperature (C)    =     25.000
  Porosity           =      0.250
  Liquid Saturation  =      1.000
  Liquid Density     =    997.075
  Ionic Strength     =      0.000
  Solution pH        =      5.999
  Total Charge       = -1.019E-19
 
 Total Aqueous Concentrations of Primary Species 
 --------------------------------------- 
 
   Species              Molality       Type 
 H+                   1.0019E-06     Aqueous      
 Cl-                  1.0000E-04     Aqueous      
 Na+                  9.9999E-05     Aqueous      
 NO3-                 1.0000E-06     Aqueous      
 
 Concentrations of Individual Species, Exchangers, and Surface Complexes 
 ----------------------------------------------------------------------- 
 
                           Log        Log                 Concentration     
 Species              Molality   Activity      Molality    Mol/m^3 blk  Type
                           Log        Log                                 Activity
 Species              Molality   Activity      Molality      Activity   Coefficient    Type
  H+                    -5.999     -5.999     1.002E-06     1.002E-06     1.000E+00  Aqueous 
  Cl-                   -4.000     -4.000     1.000E-04     1.000E-04     1.000E+00  Aqueous 
  Na+                   -4.000     -4.000     1.000E-04     1.000E-04     1.000E+00  Aqueous 
  NO3-                  -6.000     -6.000     1.000E-06     1.000E-06     1.000E+00  Aqueous 
 
  ****** Partial pressure of gases (bars) *****
 
 
  ***** Saturation state of minerals (log[Q/K] *****
 
 
 **************************************************************
 ------> GRID LOCATION:    69:  1:  1
 
  Temperature (C)    =     25.000
  Porosity           =      0.250
  Liquid Saturation  =      1.000
  Liquid Density     =    997.075
  Ionic Strength     =      0.000
  Solution pH        =      5.999
  Total Charge       = -5.442E-20
 
 Total Aqueous Concentrations of Primary Species 
 --------------------------------------- 
 
   Species              Molality       Type 
 H+                   1.0016E-06     Aqueous      
 Cl-                  1.0000E-04     Aqueous      
 Na+                  9.9999E-05     Aqueous      
 NO3-                 1.0000E-06     Aqueous      
 
 Concentrations of Individual Species, Exchangers, and Surface Complexes 
 ----------------------------------------------------------------------- 
 
                           Log        Log                 Concentration     
 Species              Molality   Activity      Molality    Mol/m^3 blk  Type
                           Log        Log                                 Activity
 Species              Molality   Activity      Molality      Activity   Coefficient    Type
  H+                    -5.999     -5.999     1.002E-06     1.002E-06     1.000E+00  Aqueous 
  Cl-                   -4.000     -4.000     1.000E-04     1.000E-04     1.000E+00  Aqueous 
  Na+                   -4.000     -4.000     1.000E-04     1.000E-04     1.000E+00  Aqueous 
  NO3-                  -6.000     -6.000     1.000E-06     1.000E-06     1.000E+00  Aqueous 
 
  ****** Partial pressure of gases (bars) *****
 
 
  ***** Saturation state of minerals (log[Q/K] *****
 
 
 **************************************************************
 ------> GRID LOCATION:    70:  1:  1
 
  Temperature (C)    =     25.000
  Porosity           =      0.250
  Liquid Saturation  =      1.000
  Liquid Density     =    997.075
  Ionic Strength     =      0.000
  Solution pH        =      5.999
  Total Charge       =  1.544E-19
 
 Total Aqueous Concentrations of Primary Species 
 --------------------------------------- 
 
   Species              Molality       Type 
 H+                   1.0013E-06     Aqueous      
 Cl-                  1.0000E-04     Aqueous      
 Na+                  1.0000E-04     Aqueous      
 NO3-                 1.0000E-06     Aqueous      
 
 Concentrations of Individual Species, Exchangers, and Surface Complexes 
 ----------------------------------------------------------------------- 
 
                           Log        Log                 Concentration     
 Species              Molality   Activity      Molality    Mol/m^3 blk  Type
                           Log        Log                                 Activity
 Species              Molality   Activity      Molality      Activity   Coefficient    Type
  H+                    -5.999     -5.999     1.001E-06     1.001E-06     1.000E+00  Aqueous 
  Cl-                   -4.000     -4.000     1.000E-04     1.000E-04     1.000E+00  Aqueous 
  Na+                   -4.000     -4.000     1.000E-04     1.000E-04     1.000E+00  Aqueous 
  NO3-                  -6.000     -6.000     1.000E-06     1.000E-06     1.000E+00  Aqueous 
 
  ****** Partial pressure of gases (bars) *****
 
 
  ***** Saturation state of minerals (log[Q/K] *****
 
 
 **************************************************************
 ------> GRID LOCATION:    71:  1:  1
 
  Temperature (C)    =     25.000
  Porosity           =      0.250
  Liquid Saturation  =      1.000
  Liquid Density     =    997.075
  Ionic Strength     =      0.000
  Solution pH        =      6.000
  Total Charge       = -1.554E-19
 
 Total Aqueous Concentrations of Primary Species 
 --------------------------------------- 
 
   Species              Molality       Type 
 H+                   1.0011E-06     Aqueous      
 Cl-                  1.0000E-04     Aqueous      
 Na+                  1.0000E-04     Aqueous      
 NO3-                 1.0000E-06     Aqueous      
 
 Concentrations of Individual Species, Exchangers, and Surface Complexes 
 ----------------------------------------------------------------------- 
 
                           Log        Log                 Concentration     
 Species              Molality   Activity      Molality    Mol/m^3 blk  Type
                           Log        Log                                 Activity
 Species              Molality   Activity      Molality      Activity   Coefficient    Type
  H+                    -6.000     -6.000     1.001E-06     1.001E-06     1.000E+00  Aqueous 
  Cl-                   -4.000     -4.000     1.000E-04     1.000E-04     1.000E+00  Aqueous 
  Na+                   -4.000     -4.000     1.000E-04     1.000E-04     1.000E+00  Aqueous 
  NO3-                  -6.000     -6.000     1.000E-06     1.000E-06     1.000E+00  Aqueous 
 
  ****** Partial pressure of gases (bars) *****
 
 
  ***** Saturation state of minerals (log[Q/K] *****
 
 
 **************************************************************
 ------> GRID LOCATION:    72:  1:  1
 
  Temperature (C)    =     25.000
  Porosity           =      0.250
  Liquid Saturation  =      1.000
  Liquid Density     =    997.075
  Ionic Strength     =      0.000
  Solution pH        =      6.000
  Total Charge       = -5.019E-20
 
 Total Aqueous Concentrations of Primary Species 
 --------------------------------------- 
 
   Species              Molality       Type 
 H+                   1.0009E-06     Aqueous      
 Cl-                  1.0000E-04     Aqueous      
 Na+                  1.0000E-04     Aqueous      
 NO3-                 1.0000E-06     Aqueous      
 
 Concentrations of Individual Species, Exchangers, and Surface Complexes 
 ----------------------------------------------------------------------- 
 
                           Log        Log                 Concentration     
 Species              Molality   Activity      Molality    Mol/m^3 blk  Type
                           Log        Log                                 Activity
 Species              Molality   Activity      Molality      Activity   Coefficient    Type
  H+                    -6.000     -6.000     1.001E-06     1.001E-06     1.000E+00  Aqueous 
  Cl-                   -4.000     -4.000     1.000E-04     1.000E-04     1.000E+00  Aqueous 
  Na+                   -4.000     -4.000     1.000E-04     1.000E-04     1.000E+00  Aqueous 
  NO3-                  -6.000     -6.000     1.000E-06     1.000E-06     1.000E+00  Aqueous 
 
  ****** Partial pressure of gases (bars) *****
 
 
  ***** Saturation state of minerals (log[Q/K] *****
 
 
 **************************************************************
 ------> GRID LOCATION:    73:  1:  1
 
  Temperature (C)    =     25.000
  Porosity           =      0.250
  Liquid Saturation  =      1.000
  Liquid Density     =    997.075
  Ionic Strength     =      0.000
  Solution pH        =      6.000
  Total Charge       =  2.520E-20
 
 Total Aqueous Concentrations of Primary Species 
 --------------------------------------- 
 
   Species              Molality       Type 
 H+                   1.0008E-06     Aqueous      
 Cl-                  1.0000E-04     Aqueous      
 Na+                  1.0000E-04     Aqueous      
 NO3-                 1.0000E-06     Aqueous      
 
 Concentrations of Individual Species, Exchangers, and Surface Complexes 
 ----------------------------------------------------------------------- 
 
                           Log        Log                 Concentration     
 Species              Molality   Activity      Molality    Mol/m^3 blk  Type
                           Log        Log                                 Activity
 Species              Molality   Activity      Molality      Activity   Coefficient    Type
  H+                    -6.000     -6.000     1.001E-06     1.001E-06     1.000E+00  Aqueous 
  Cl-                   -4.000     -4.000     1.000E-04     1.000E-04     1.000E+00  Aqueous 
  Na+                   -4.000     -4.000     1.000E-04     1.000E-04     1.000E+00  Aqueous 
  NO3-                  -6.000     -6.000     1.000E-06     1.000E-06     1.000E+00  Aqueous 
 
  ****** Partial pressure of gases (bars) *****
 
 
  ***** Saturation state of minerals (log[Q/K] *****
 
 
 **************************************************************
 ------> GRID LOCATION:    74:  1:  1
 
  Temperature (C)    =     25.000
  Porosity           =      0.250
  Liquid Saturation  =      1.000
  Liquid Density     =    997.075
  Ionic Strength     =      0.000
  Solution pH        =      6.000
  Total Charge       =  1.789E-19
 
 Total Aqueous Concentrations of Primary Species 
 --------------------------------------- 
 
   Species              Molality       Type 
 H+                   1.0006E-06     Aqueous      
 Cl-                  1.0000E-04     Aqueous      
 Na+                  1.0000E-04     Aqueous      
 NO3-                 1.0000E-06     Aqueous      
 
 Concentrations of Individual Species, Exchangers, and Surface Complexes 
 ----------------------------------------------------------------------- 
 
                           Log        Log                 Concentration     
 Species              Molality   Activity      Molality    Mol/m^3 blk  Type
                           Log        Log                                 Activity
 Species              Molality   Activity      Molality      Activity   Coefficient    Type
  H+                    -6.000     -6.000     1.001E-06     1.001E-06     1.000E+00  Aqueous 
  Cl-                   -4.000     -4.000     1.000E-04     1.000E-04     1.000E+00  Aqueous 
  Na+                   -4.000     -4.000     1.000E-04     1.000E-04     1.000E+00  Aqueous 
  NO3-                  -6.000     -6.000     1.000E-06     1.000E-06     1.000E+00  Aqueous 
 
  ****** Partial pressure of gases (bars) *****
 
 
  ***** Saturation state of minerals (log[Q/K] *****
 
 
 **************************************************************
 ------> GRID LOCATION:    75:  1:  1
 
  Temperature (C)    =     25.000
  Porosity           =      0.250
  Liquid Saturation  =      1.000
  Liquid Density     =    997.075
  Ionic Strength     =      0.000
  Solution pH        =      6.000
  Total Charge       =  3.092E-19
 
 Total Aqueous Concentrations of Primary Species 
 --------------------------------------- 
 
   Species              Molality       Type 
 H+                   1.0005E-06     Aqueous      
 Cl-                  1.0000E-04     Aqueous      
 Na+                  1.0000E-04     Aqueous      
 NO3-                 1.0000E-06     Aqueous      
 
 Concentrations of Individual Species, Exchangers, and Surface Complexes 
 ----------------------------------------------------------------------- 
 
                           Log        Log                 Concentration     
 Species              Molality   Activity      Molality    Mol/m^3 blk  Type
                           Log        Log                                 Activity
 Species              Molality   Activity      Molality      Activity   Coefficient    Type
  H+                    -6.000     -6.000     1.001E-06     1.001E-06     1.000E+00  Aqueous 
  Cl-                   -4.000     -4.000     1.000E-04     1.000E-04     1.000E+00  Aqueous 
  Na+                   -4.000     -4.000     1.000E-04     1.000E-04     1.000E+00  Aqueous 
  NO3-                  -6.000     -6.000     1.000E-06     1.000E-06     1.000E+00  Aqueous 
 
  ****** Partial pressure of gases (bars) *****
 
 
  ***** Saturation state of minerals (log[Q/K] *****
 
 
 **************************************************************
 ------> GRID LOCATION:    76:  1:  1
 
  Temperature (C)    =     25.000
  Porosity           =      0.250
  Liquid Saturation  =      1.000
  Liquid Density     =    997.075
  Ionic Strength     =      0.000
  Solution pH        =      6.000
  Total Charge       = -5.506E-21
 
 Total Aqueous Concentrations of Primary Species 
 --------------------------------------- 
 
   Species              Molality       Type 
 H+                   1.0004E-06     Aqueous      
 Cl-                  1.0000E-04     Aqueous      
 Na+                  1.0000E-04     Aqueous      
 NO3-                 1.0000E-06     Aqueous      
 
 Concentrations of Individual Species, Exchangers, and Surface Complexes 
 ----------------------------------------------------------------------- 
 
                           Log        Log                 Concentration     
 Species              Molality   Activity      Molality    Mol/m^3 blk  Type
                           Log        Log                                 Activity
 Species              Molality   Activity      Molality      Activity   Coefficient    Type
  H+                    -6.000     -6.000     1.000E-06     1.000E-06     1.000E+00  Aqueous 
  Cl-                   -4.000     -4.000     1.000E-04     1.000E-04     1.000E+00  Aqueous 
  Na+                   -4.000     -4.000     1.000E-04     1.000E-04     1.000E+00  Aqueous 
  NO3-                  -6.000     -6.000     1.000E-06     1.000E-06     1.000E+00  Aqueous 
 
  ****** Partial pressure of gases (bars) *****
 
 
  ***** Saturation state of minerals (log[Q/K] *****
 
 
 **************************************************************
 ------> GRID LOCATION:    77:  1:  1
 
  Temperature (C)    =     25.000
  Porosity           =      0.250
  Liquid Saturation  =      1.000
  Liquid Density     =    997.075
  Ionic Strength     =      0.000
  Solution pH        =      6.000
  Total Charge       = -2.173E-19
 
 Total Aqueous Concentrations of Primary Species 
 --------------------------------------- 
 
   Species              Molality       Type 
 H+                   1.0004E-06     Aqueous      
 Cl-                  1.0000E-04     Aqueous      
 Na+                  1.0000E-04     Aqueous      
 NO3-                 1.0000E-06     Aqueous      
 
 Concentrations of Individual Species, Exchangers, and Surface Complexes 
 ----------------------------------------------------------------------- 
 
                           Log        Log                 Concentration     
 Species              Molality   Activity      Molality    Mol/m^3 blk  Type
                           Log        Log                                 Activity
 Species              Molality   Activity      Molality      Activity   Coefficient    Type
  H+                    -6.000     -6.000     1.000E-06     1.000E-06     1.000E+00  Aqueous 
  Cl-                   -4.000     -4.000     1.000E-04     1.000E-04     1.000E+00  Aqueous 
  Na+                   -4.000     -4.000     1.000E-04     1.000E-04     1.000E+00  Aqueous 
  NO3-                  -6.000     -6.000     1.000E-06     1.000E-06     1.000E+00  Aqueous 
 
  ****** Partial pressure of gases (bars) *****
 
 
  ***** Saturation state of minerals (log[Q/K] *****
 
 
 **************************************************************
 ------> GRID LOCATION:    78:  1:  1
 
  Temperature (C)    =     25.000
  Porosity           =      0.250
  Liquid Saturation  =      1.000
  Liquid Density     =    997.075
  Ionic Strength     =      0.000
  Solution pH        =      6.000
  Total Charge       =  9.804E-20
 
 Total Aqueous Concentrations of Primary Species 
 --------------------------------------- 
 
   Species              Molality       Type 
 H+                   1.0003E-06     Aqueous      
 Cl-                  1.0000E-04     Aqueous      
 Na+                  1.0000E-04     Aqueous      
 NO3-                 1.0000E-06     Aqueous      
 
 Concentrations of Individual Species, Exchangers, and Surface Complexes 
 ----------------------------------------------------------------------- 
 
                           Log        Log                 Concentration     
 Species              Molality   Activity      Molality    Mol/m^3 blk  Type
                           Log        Log                                 Activity
 Species              Molality   Activity      Molality      Activity   Coefficient    Type
  H+                    -6.000     -6.000     1.000E-06     1.000E-06     1.000E+00  Aqueous 
  Cl-                   -4.000     -4.000     1.000E-04     1.000E-04     1.000E+00  Aqueous 
  Na+                   -4.000     -4.000     1.000E-04     1.000E-04     1.000E+00  Aqueous 
  NO3-                  -6.000     -6.000     1.000E-06     1.000E-06     1.000E+00  Aqueous 
 
  ****** Partial pressure of gases (bars) *****
 
 
  ***** Saturation state of minerals (log[Q/K] *****
 
 
 **************************************************************
 ------> GRID LOCATION:    79:  1:  1
 
  Temperature (C)    =     25.000
  Porosity           =      0.250
  Liquid Saturation  =      1.000
  Liquid Density     =    997.075
  Ionic Strength     =      0.000
  Solution pH        =      6.000
  Total Charge       = -1.002E-19
 
 Total Aqueous Concentrations of Primary Species 
 --------------------------------------- 
 
   Species              Molality       Type 
 H+                   1.0003E-06     Aqueous      
 Cl-                  1.0000E-04     Aqueous      
 Na+                  1.0000E-04     Aqueous      
 NO3-                 1.0000E-06     Aqueous      
 
 Concentrations of Individual Species, Exchangers, and Surface Complexes 
 ----------------------------------------------------------------------- 
 
                           Log        Log                 Concentration     
 Species              Molality   Activity      Molality    Mol/m^3 blk  Type
                           Log        Log                                 Activity
 Species              Molality   Activity      Molality      Activity   Coefficient    Type
  H+                    -6.000     -6.000     1.000E-06     1.000E-06     1.000E+00  Aqueous 
  Cl-                   -4.000     -4.000     1.000E-04     1.000E-04     1.000E+00  Aqueous 
  Na+                   -4.000     -4.000     1.000E-04     1.000E-04     1.000E+00  Aqueous 
  NO3-                  -6.000     -6.000     1.000E-06     1.000E-06     1.000E+00  Aqueous 
 
  ****** Partial pressure of gases (bars) *****
 
 
  ***** Saturation state of minerals (log[Q/K] *****
 
 
 **************************************************************
 ------> GRID LOCATION:    80:  1:  1
 
  Temperature (C)    =     25.000
  Porosity           =      0.250
  Liquid Saturation  =      1.000
  Liquid Density     =    997.075
  Ionic Strength     =      0.000
  Solution pH        =      6.000
  Total Charge       = -2.962E-19
 
 Total Aqueous Concentrations of Primary Species 
 --------------------------------------- 
 
   Species              Molality       Type 
 H+                   1.0002E-06     Aqueous      
 Cl-                  1.0000E-04     Aqueous      
 Na+                  1.0000E-04     Aqueous      
 NO3-                 1.0000E-06     Aqueous      
 
 Concentrations of Individual Species, Exchangers, and Surface Complexes 
 ----------------------------------------------------------------------- 
 
                           Log        Log                 Concentration     
 Species              Molality   Activity      Molality    Mol/m^3 blk  Type
                           Log        Log                                 Activity
 Species              Molality   Activity      Molality      Activity   Coefficient    Type
  H+                    -6.000     -6.000     1.000E-06     1.000E-06     1.000E+00  Aqueous 
  Cl-                   -4.000     -4.000     1.000E-04     1.000E-04     1.000E+00  Aqueous 
  Na+                   -4.000     -4.000     1.000E-04     1.000E-04     1.000E+00  Aqueous 
  NO3-                  -6.000     -6.000     1.000E-06     1.000E-06     1.000E+00  Aqueous 
 
  ****** Partial pressure of gases (bars) *****
 
 
  ***** Saturation state of minerals (log[Q/K] *****
 
 
 **************************************************************
 ------> GRID LOCATION:    81:  1:  1
 
  Temperature (C)    =     25.000
  Porosity           =      0.250
  Liquid Saturation  =      1.000
  Liquid Density     =    997.075
  Ionic Strength     =      0.000
  Solution pH        =      6.000
  Total Charge       =  5.167E-20
 
 Total Aqueous Concentrations of Primary Species 
 --------------------------------------- 
 
   Species              Molality       Type 
 H+                   1.0002E-06     Aqueous      
 Cl-                  1.0000E-04     Aqueous      
 Na+                  1.0000E-04     Aqueous      
 NO3-                 1.0000E-06     Aqueous      
 
 Concentrations of Individual Species, Exchangers, and Surface Complexes 
 ----------------------------------------------------------------------- 
 
                           Log        Log                 Concentration     
 Species              Molality   Activity      Molality    Mol/m^3 blk  Type
                           Log        Log                                 Activity
 Species              Molality   Activity      Molality      Activity   Coefficient    Type
  H+                    -6.000     -6.000     1.000E-06     1.000E-06     1.000E+00  Aqueous 
  Cl-                   -4.000     -4.000     1.000E-04     1.000E-04     1.000E+00  Aqueous 
  Na+                   -4.000     -4.000     1.000E-04     1.000E-04     1.000E+00  Aqueous 
  NO3-                  -6.000     -6.000     1.000E-06     1.000E-06     1.000E+00  Aqueous 
 
  ****** Partial pressure of gases (bars) *****
 
 
  ***** Saturation state of minerals (log[Q/K] *****
 
 
 **************************************************************
 ------> GRID LOCATION:    82:  1:  1
 
  Temperature (C)    =     25.000
  Porosity           =      0.250
  Liquid Saturation  =      1.000
  Liquid Density     =    997.075
  Ionic Strength     =      0.000
  Solution pH        =      6.000
  Total Charge       = -1.398E-20
 
 Total Aqueous Concentrations of Primary Species 
 --------------------------------------- 
 
   Species              Molality       Type 
 H+                   1.0001E-06     Aqueous      
 Cl-                  1.0000E-04     Aqueous      
 Na+                  1.0000E-04     Aqueous      
 NO3-                 1.0000E-06     Aqueous      
 
 Concentrations of Individual Species, Exchangers, and Surface Complexes 
 ----------------------------------------------------------------------- 
 
                           Log        Log                 Concentration     
 Species              Molality   Activity      Molality    Mol/m^3 blk  Type
                           Log        Log                                 Activity
 Species              Molality   Activity      Molality      Activity   Coefficient    Type
  H+                    -6.000     -6.000     1.000E-06     1.000E-06     1.000E+00  Aqueous 
  Cl-                   -4.000     -4.000     1.000E-04     1.000E-04     1.000E+00  Aqueous 
  Na+                   -4.000     -4.000     1.000E-04     1.000E-04     1.000E+00  Aqueous 
  NO3-                  -6.000     -6.000     1.000E-06     1.000E-06     1.000E+00  Aqueous 
 
  ****** Partial pressure of gases (bars) *****
 
 
  ***** Saturation state of minerals (log[Q/K] *****
 
 
 **************************************************************
 ------> GRID LOCATION:    83:  1:  1
 
  Temperature (C)    =     25.000
  Porosity           =      0.250
  Liquid Saturation  =      1.000
  Liquid Density     =    997.075
  Ionic Strength     =      0.000
  Solution pH        =      6.000
  Total Charge       =  2.444E-19
 
 Total Aqueous Concentrations of Primary Species 
 --------------------------------------- 
 
   Species              Molality       Type 
 H+                   1.0001E-06     Aqueous      
 Cl-                  1.0000E-04     Aqueous      
 Na+                  1.0000E-04     Aqueous      
 NO3-                 1.0000E-06     Aqueous      
 
 Concentrations of Individual Species, Exchangers, and Surface Complexes 
 ----------------------------------------------------------------------- 
 
                           Log        Log                 Concentration     
 Species              Molality   Activity      Molality    Mol/m^3 blk  Type
                           Log        Log                                 Activity
 Species              Molality   Activity      Molality      Activity   Coefficient    Type
  H+                    -6.000     -6.000     1.000E-06     1.000E-06     1.000E+00  Aqueous 
  Cl-                   -4.000     -4.000     1.000E-04     1.000E-04     1.000E+00  Aqueous 
  Na+                   -4.000     -4.000     1.000E-04     1.000E-04     1.000E+00  Aqueous 
  NO3-                  -6.000     -6.000     1.000E-06     1.000E-06     1.000E+00  Aqueous 
 
  ****** Partial pressure of gases (bars) *****
 
 
  ***** Saturation state of minerals (log[Q/K] *****
 
 
 **************************************************************
 ------> GRID LOCATION:    84:  1:  1
 
  Temperature (C)    =     25.000
  Porosity           =      0.250
  Liquid Saturation  =      1.000
  Liquid Density     =    997.075
  Ionic Strength     =      0.000
  Solution pH        =      6.000
  Total Charge       = -2.192E-19
 
 Total Aqueous Concentrations of Primary Species 
 --------------------------------------- 
 
   Species              Molality       Type 
 H+                   1.0001E-06     Aqueous      
 Cl-                  1.0000E-04     Aqueous      
 Na+                  1.0000E-04     Aqueous      
 NO3-                 1.0000E-06     Aqueous      
 
 Concentrations of Individual Species, Exchangers, and Surface Complexes 
 ----------------------------------------------------------------------- 
 
                           Log        Log                 Concentration     
 Species              Molality   Activity      Molality    Mol/m^3 blk  Type
                           Log        Log                                 Activity
 Species              Molality   Activity      Molality      Activity   Coefficient    Type
  H+                    -6.000     -6.000     1.000E-06     1.000E-06     1.000E+00  Aqueous 
  Cl-                   -4.000     -4.000     1.000E-04     1.000E-04     1.000E+00  Aqueous 
  Na+                   -4.000     -4.000     1.000E-04     1.000E-04     1.000E+00  Aqueous 
  NO3-                  -6.000     -6.000     1.000E-06     1.000E-06     1.000E+00  Aqueous 
 
  ****** Partial pressure of gases (bars) *****
 
 
  ***** Saturation state of minerals (log[Q/K] *****
 
 
 **************************************************************
 ------> GRID LOCATION:    85:  1:  1
 
  Temperature (C)    =     25.000
  Porosity           =      0.250
  Liquid Saturation  =      1.000
  Liquid Density     =    997.075
  Ionic Strength     =      0.000
  Solution pH        =      6.000
  Total Charge       =  6.734E-20
 
 Total Aqueous Concentrations of Primary Species 
 --------------------------------------- 
 
   Species              Molality       Type 
 H+                   1.0001E-06     Aqueous      
 Cl-                  1.0000E-04     Aqueous      
 Na+                  1.0000E-04     Aqueous      
 NO3-                 1.0000E-06     Aqueous      
 
 Concentrations of Individual Species, Exchangers, and Surface Complexes 
 ----------------------------------------------------------------------- 
 
                           Log        Log                 Concentration     
 Species              Molality   Activity      Molality    Mol/m^3 blk  Type
                           Log        Log                                 Activity
 Species              Molality   Activity      Molality      Activity   Coefficient    Type
  H+                    -6.000     -6.000     1.000E-06     1.000E-06     1.000E+00  Aqueous 
  Cl-                   -4.000     -4.000     1.000E-04     1.000E-04     1.000E+00  Aqueous 
  Na+                   -4.000     -4.000     1.000E-04     1.000E-04     1.000E+00  Aqueous 
  NO3-                  -6.000     -6.000     1.000E-06     1.000E-06     1.000E+00  Aqueous 
 
  ****** Partial pressure of gases (bars) *****
 
 
  ***** Saturation state of minerals (log[Q/K] *****
 
 
 **************************************************************
 ------> GRID LOCATION:    86:  1:  1
 
  Temperature (C)    =     25.000
  Porosity           =      0.250
  Liquid Saturation  =      1.000
  Liquid Density     =    997.075
  Ionic Strength     =      0.000
  Solution pH        =      6.000
  Total Charge       = -3.119E-19
 
 Total Aqueous Concentrations of Primary Species 
 --------------------------------------- 
 
   Species              Molality       Type 
 H+                   1.0001E-06     Aqueous      
 Cl-                  1.0000E-04     Aqueous      
 Na+                  1.0000E-04     Aqueous      
 NO3-                 1.0000E-06     Aqueous      
 
 Concentrations of Individual Species, Exchangers, and Surface Complexes 
 ----------------------------------------------------------------------- 
 
                           Log        Log                 Concentration     
 Species              Molality   Activity      Molality    Mol/m^3 blk  Type
                           Log        Log                                 Activity
 Species              Molality   Activity      Molality      Activity   Coefficient    Type
  H+                    -6.000     -6.000     1.000E-06     1.000E-06     1.000E+00  Aqueous 
  Cl-                   -4.000     -4.000     1.000E-04     1.000E-04     1.000E+00  Aqueous 
  Na+                   -4.000     -4.000     1.000E-04     1.000E-04     1.000E+00  Aqueous 
  NO3-                  -6.000     -6.000     1.000E-06     1.000E-06     1.000E+00  Aqueous 
 
  ****** Partial pressure of gases (bars) *****
 
 
  ***** Saturation state of minerals (log[Q/K] *****
 
 
 **************************************************************
 ------> GRID LOCATION:    87:  1:  1
 
  Temperature (C)    =     25.000
  Porosity           =      0.250
  Liquid Saturation  =      1.000
  Liquid Density     =    997.075
  Ionic Strength     =      0.000
  Solution pH        =      6.000
  Total Charge       =  5.379E-20
 
 Total Aqueous Concentrations of Primary Species 
 --------------------------------------- 
 
   Species              Molality       Type 
 H+                   1.0001E-06     Aqueous      
 Cl-                  1.0000E-04     Aqueous      
 Na+                  1.0000E-04     Aqueous      
 NO3-                 1.0000E-06     Aqueous      
 
 Concentrations of Individual Species, Exchangers, and Surface Complexes 
 ----------------------------------------------------------------------- 
 
                           Log        Log                 Concentration     
 Species              Molality   Activity      Molality    Mol/m^3 blk  Type
                           Log        Log                                 Activity
 Species              Molality   Activity      Molality      Activity   Coefficient    Type
  H+                    -6.000     -6.000     1.000E-06     1.000E-06     1.000E+00  Aqueous 
  Cl-                   -4.000     -4.000     1.000E-04     1.000E-04     1.000E+00  Aqueous 
  Na+                   -4.000     -4.000     1.000E-04     1.000E-04     1.000E+00  Aqueous 
  NO3-                  -6.000     -6.000     1.000E-06     1.000E-06     1.000E+00  Aqueous 
 
  ****** Partial pressure of gases (bars) *****
 
 
  ***** Saturation state of minerals (log[Q/K] *****
 
 
 **************************************************************
 ------> GRID LOCATION:    88:  1:  1
 
  Temperature (C)    =     25.000
  Porosity           =      0.250
  Liquid Saturation  =      1.000
  Liquid Density     =    997.075
  Ionic Strength     =      0.000
  Solution pH        =      6.000
  Total Charge       = -1.215E-19
 
 Total Aqueous Concentrations of Primary Species 
 --------------------------------------- 
 
   Species              Molality       Type 
 H+                   1.0000E-06     Aqueous      
 Cl-                  1.0000E-04     Aqueous      
 Na+                  1.0000E-04     Aqueous      
 NO3-                 1.0000E-06     Aqueous      
 
 Concentrations of Individual Species, Exchangers, and Surface Complexes 
 ----------------------------------------------------------------------- 
 
                           Log        Log                 Concentration     
 Species              Molality   Activity      Molality    Mol/m^3 blk  Type
                           Log        Log                                 Activity
 Species              Molality   Activity      Molality      Activity   Coefficient    Type
  H+                    -6.000     -6.000     1.000E-06     1.000E-06     1.000E+00  Aqueous 
  Cl-                   -4.000     -4.000     1.000E-04     1.000E-04     1.000E+00  Aqueous 
  Na+                   -4.000     -4.000     1.000E-04     1.000E-04     1.000E+00  Aqueous 
  NO3-                  -6.000     -6.000     1.000E-06     1.000E-06     1.000E+00  Aqueous 
 
  ****** Partial pressure of gases (bars) *****
 
 
  ***** Saturation state of minerals (log[Q/K] *****
 
 
 **************************************************************
 ------> GRID LOCATION:    89:  1:  1
 
  Temperature (C)    =     25.000
  Porosity           =      0.250
  Liquid Saturation  =      1.000
  Liquid Density     =    997.075
  Ionic Strength     =      0.000
  Solution pH        =      6.000
  Total Charge       = -3.473E-20
 
 Total Aqueous Concentrations of Primary Species 
 --------------------------------------- 
 
   Species              Molality       Type 
 H+                   1.0000E-06     Aqueous      
 Cl-                  1.0000E-04     Aqueous      
 Na+                  1.0000E-04     Aqueous      
 NO3-                 1.0000E-06     Aqueous      
 
 Concentrations of Individual Species, Exchangers, and Surface Complexes 
 ----------------------------------------------------------------------- 
 
                           Log        Log                 Concentration     
 Species              Molality   Activity      Molality    Mol/m^3 blk  Type
                           Log        Log                                 Activity
 Species              Molality   Activity      Molality      Activity   Coefficient    Type
  H+                    -6.000     -6.000     1.000E-06     1.000E-06     1.000E+00  Aqueous 
  Cl-                   -4.000     -4.000     1.000E-04     1.000E-04     1.000E+00  Aqueous 
  Na+                   -4.000     -4.000     1.000E-04     1.000E-04     1.000E+00  Aqueous 
  NO3-                  -6.000     -6.000     1.000E-06     1.000E-06     1.000E+00  Aqueous 
 
  ****** Partial pressure of gases (bars) *****
 
 
  ***** Saturation state of minerals (log[Q/K] *****
 
 
 **************************************************************
 ------> GRID LOCATION:    90:  1:  1
 
  Temperature (C)    =     25.000
  Porosity           =      0.250
  Liquid Saturation  =      1.000
  Liquid Density     =    997.075
  Ionic Strength     =      0.000
  Solution pH        =      6.000
  Total Charge       = -4.002E-20
 
 Total Aqueous Concentrations of Primary Species 
 --------------------------------------- 
 
   Species              Molality       Type 
 H+                   1.0000E-06     Aqueous      
 Cl-                  1.0000E-04     Aqueous      
 Na+                  1.0000E-04     Aqueous      
 NO3-                 1.0000E-06     Aqueous      
 
 Concentrations of Individual Species, Exchangers, and Surface Complexes 
 ----------------------------------------------------------------------- 
 
                           Log        Log                 Concentration     
 Species              Molality   Activity      Molality    Mol/m^3 blk  Type
                           Log        Log                                 Activity
 Species              Molality   Activity      Molality      Activity   Coefficient    Type
  H+                    -6.000     -6.000     1.000E-06     1.000E-06     1.000E+00  Aqueous 
  Cl-                   -4.000     -4.000     1.000E-04     1.000E-04     1.000E+00  Aqueous 
  Na+                   -4.000     -4.000     1.000E-04     1.000E-04     1.000E+00  Aqueous 
  NO3-                  -6.000     -6.000     1.000E-06     1.000E-06     1.000E+00  Aqueous 
 
  ****** Partial pressure of gases (bars) *****
 
 
  ***** Saturation state of minerals (log[Q/K] *****
 
 
 **************************************************************
 ------> GRID LOCATION:    91:  1:  1
 
  Temperature (C)    =     25.000
  Porosity           =      0.250
  Liquid Saturation  =      1.000
  Liquid Density     =    997.075
  Ionic Strength     =      0.000
  Solution pH        =      6.000
  Total Charge       =  1.266E-19
 
 Total Aqueous Concentrations of Primary Species 
 --------------------------------------- 
 
   Species              Molality       Type 
 H+                   1.0000E-06     Aqueous      
 Cl-                  1.0000E-04     Aqueous      
 Na+                  1.0000E-04     Aqueous      
 NO3-                 1.0000E-06     Aqueous      
 
 Concentrations of Individual Species, Exchangers, and Surface Complexes 
 ----------------------------------------------------------------------- 
 
                           Log        Log                 Concentration     
 Species              Molality   Activity      Molality    Mol/m^3 blk  Type
                           Log        Log                                 Activity
 Species              Molality   Activity      Molality      Activity   Coefficient    Type
  H+                    -6.000     -6.000     1.000E-06     1.000E-06     1.000E+00  Aqueous 
  Cl-                   -4.000     -4.000     1.000E-04     1.000E-04     1.000E+00  Aqueous 
  Na+                   -4.000     -4.000     1.000E-04     1.000E-04     1.000E+00  Aqueous 
  NO3-                  -6.000     -6.000     1.000E-06     1.000E-06     1.000E+00  Aqueous 
 
  ****** Partial pressure of gases (bars) *****
 
 
  ***** Saturation state of minerals (log[Q/K] *****
 
 
 **************************************************************
 ------> GRID LOCATION:    92:  1:  1
 
  Temperature (C)    =     25.000
  Porosity           =      0.250
  Liquid Saturation  =      1.000
  Liquid Density     =    997.075
  Ionic Strength     =      0.000
  Solution pH        =      6.000
  Total Charge       =  1.753E-19
 
 Total Aqueous Concentrations of Primary Species 
 --------------------------------------- 
 
   Species              Molality       Type 
 H+                   1.0000E-06     Aqueous      
 Cl-                  1.0000E-04     Aqueous      
 Na+                  1.0000E-04     Aqueous      
 NO3-                 1.0000E-06     Aqueous      
 
 Concentrations of Individual Species, Exchangers, and Surface Complexes 
 ----------------------------------------------------------------------- 
 
                           Log        Log                 Concentration     
 Species              Molality   Activity      Molality    Mol/m^3 blk  Type
                           Log        Log                                 Activity
 Species              Molality   Activity      Molality      Activity   Coefficient    Type
  H+                    -6.000     -6.000     1.000E-06     1.000E-06     1.000E+00  Aqueous 
  Cl-                   -4.000     -4.000     1.000E-04     1.000E-04     1.000E+00  Aqueous 
  Na+                   -4.000     -4.000     1.000E-04     1.000E-04     1.000E+00  Aqueous 
  NO3-                  -6.000     -6.000     1.000E-06     1.000E-06     1.000E+00  Aqueous 
 
  ****** Partial pressure of gases (bars) *****
 
 
  ***** Saturation state of minerals (log[Q/K] *****
 
 
 **************************************************************
 ------> GRID LOCATION:    93:  1:  1
 
  Temperature (C)    =     25.000
  Porosity           =      0.250
  Liquid Saturation  =      1.000
  Liquid Density     =    997.075
  Ionic Strength     =      0.000
  Solution pH        =      6.000
  Total Charge       = -8.597E-20
 
 Total Aqueous Concentrations of Primary Species 
 --------------------------------------- 
 
   Species              Molality       Type 
 H+                   1.0000E-06     Aqueous      
 Cl-                  1.0000E-04     Aqueous      
 Na+                  1.0000E-04     Aqueous      
 NO3-                 1.0000E-06     Aqueous      
 
 Concentrations of Individual Species, Exchangers, and Surface Complexes 
 ----------------------------------------------------------------------- 
 
                           Log        Log                 Concentration     
 Species              Molality   Activity      Molality    Mol/m^3 blk  Type
                           Log        Log                                 Activity
 Species              Molality   Activity      Molality      Activity   Coefficient    Type
  H+                    -6.000     -6.000     1.000E-06     1.000E-06     1.000E+00  Aqueous 
  Cl-                   -4.000     -4.000     1.000E-04     1.000E-04     1.000E+00  Aqueous 
  Na+                   -4.000     -4.000     1.000E-04     1.000E-04     1.000E+00  Aqueous 
  NO3-                  -6.000     -6.000     1.000E-06     1.000E-06     1.000E+00  Aqueous 
 
  ****** Partial pressure of gases (bars) *****
 
 
  ***** Saturation state of minerals (log[Q/K] *****
 
 
 **************************************************************
 ------> GRID LOCATION:    94:  1:  1
 
  Temperature (C)    =     25.000
  Porosity           =      0.250
  Liquid Saturation  =      1.000
  Liquid Density     =    997.075
  Ionic Strength     =      0.000
  Solution pH        =      6.000
  Total Charge       =  2.020E-19
 
 Total Aqueous Concentrations of Primary Species 
 --------------------------------------- 
 
   Species              Molality       Type 
 H+                   1.0000E-06     Aqueous      
 Cl-                  1.0000E-04     Aqueous      
 Na+                  1.0000E-04     Aqueous      
 NO3-                 1.0000E-06     Aqueous      
 
 Concentrations of Individual Species, Exchangers, and Surface Complexes 
 ----------------------------------------------------------------------- 
 
                           Log        Log                 Concentration     
 Species              Molality   Activity      Molality    Mol/m^3 blk  Type
                           Log        Log                                 Activity
 Species              Molality   Activity      Molality      Activity   Coefficient    Type
  H+                    -6.000     -6.000     1.000E-06     1.000E-06     1.000E+00  Aqueous 
  Cl-                   -4.000     -4.000     1.000E-04     1.000E-04     1.000E+00  Aqueous 
  Na+                   -4.000     -4.000     1.000E-04     1.000E-04     1.000E+00  Aqueous 
  NO3-                  -6.000     -6.000     1.000E-06     1.000E-06     1.000E+00  Aqueous 
 
  ****** Partial pressure of gases (bars) *****
 
 
  ***** Saturation state of minerals (log[Q/K] *****
 
 
 **************************************************************
 ------> GRID LOCATION:    95:  1:  1
 
  Temperature (C)    =     25.000
  Porosity           =      0.250
  Liquid Saturation  =      1.000
  Liquid Density     =    997.075
  Ionic Strength     =      0.000
  Solution pH        =      6.000
  Total Charge       =  3.494E-20
 
 Total Aqueous Concentrations of Primary Species 
 --------------------------------------- 
 
   Species              Molality       Type 
 H+                   1.0000E-06     Aqueous      
 Cl-                  1.0000E-04     Aqueous      
 Na+                  1.0000E-04     Aqueous      
 NO3-                 1.0000E-06     Aqueous      
 
 Concentrations of Individual Species, Exchangers, and Surface Complexes 
 ----------------------------------------------------------------------- 
 
                           Log        Log                 Concentration     
 Species              Molality   Activity      Molality    Mol/m^3 blk  Type
                           Log        Log                                 Activity
 Species              Molality   Activity      Molality      Activity   Coefficient    Type
  H+                    -6.000     -6.000     1.000E-06     1.000E-06     1.000E+00  Aqueous 
  Cl-                   -4.000     -4.000     1.000E-04     1.000E-04     1.000E+00  Aqueous 
  Na+                   -4.000     -4.000     1.000E-04     1.000E-04     1.000E+00  Aqueous 
  NO3-                  -6.000     -6.000     1.000E-06     1.000E-06     1.000E+00  Aqueous 
 
  ****** Partial pressure of gases (bars) *****
 
 
  ***** Saturation state of minerals (log[Q/K] *****
 
 
 **************************************************************
 ------> GRID LOCATION:    96:  1:  1
 
  Temperature (C)    =     25.000
  Porosity           =      0.250
  Liquid Saturation  =      1.000
  Liquid Density     =    997.075
  Ionic Strength     =      0.000
  Solution pH        =      6.000
  Total Charge       = -1.179E-19
 
 Total Aqueous Concentrations of Primary Species 
 --------------------------------------- 
 
   Species              Molality       Type 
 H+                   1.0000E-06     Aqueous      
 Cl-                  1.0000E-04     Aqueous      
 Na+                  1.0000E-04     Aqueous      
 NO3-                 1.0000E-06     Aqueous      
 
 Concentrations of Individual Species, Exchangers, and Surface Complexes 
 ----------------------------------------------------------------------- 
 
                           Log        Log                 Concentration     
 Species              Molality   Activity      Molality    Mol/m^3 blk  Type
                           Log        Log                                 Activity
 Species              Molality   Activity      Molality      Activity   Coefficient    Type
  H+                    -6.000     -6.000     1.000E-06     1.000E-06     1.000E+00  Aqueous 
  Cl-                   -4.000     -4.000     1.000E-04     1.000E-04     1.000E+00  Aqueous 
  Na+                   -4.000     -4.000     1.000E-04     1.000E-04     1.000E+00  Aqueous 
  NO3-                  -6.000     -6.000     1.000E-06     1.000E-06     1.000E+00  Aqueous 
 
  ****** Partial pressure of gases (bars) *****
 
 
  ***** Saturation state of minerals (log[Q/K] *****
 
 
 **************************************************************
 ------> GRID LOCATION:    97:  1:  1
 
  Temperature (C)    =     25.000
  Porosity           =      0.250
  Liquid Saturation  =      1.000
  Liquid Density     =    997.075
  Ionic Strength     =      0.000
  Solution pH        =      6.000
  Total Charge       = -6.289E-20
 
 Total Aqueous Concentrations of Primary Species 
 --------------------------------------- 
 
   Species              Molality       Type 
 H+                   1.0000E-06     Aqueous      
 Cl-                  1.0000E-04     Aqueous      
 Na+                  1.0000E-04     Aqueous      
 NO3-                 1.0000E-06     Aqueous      
 
 Concentrations of Individual Species, Exchangers, and Surface Complexes 
 ----------------------------------------------------------------------- 
 
                           Log        Log                 Concentration     
 Species              Molality   Activity      Molality    Mol/m^3 blk  Type
                           Log        Log                                 Activity
 Species              Molality   Activity      Molality      Activity   Coefficient    Type
  H+                    -6.000     -6.000     1.000E-06     1.000E-06     1.000E+00  Aqueous 
  Cl-                   -4.000     -4.000     1.000E-04     1.000E-04     1.000E+00  Aqueous 
  Na+                   -4.000     -4.000     1.000E-04     1.000E-04     1.000E+00  Aqueous 
  NO3-                  -6.000     -6.000     1.000E-06     1.000E-06     1.000E+00  Aqueous 
 
  ****** Partial pressure of gases (bars) *****
 
 
  ***** Saturation state of minerals (log[Q/K] *****
 
 
 **************************************************************
 ------> GRID LOCATION:    98:  1:  1
 
  Temperature (C)    =     25.000
  Porosity           =      0.250
  Liquid Saturation  =      1.000
  Liquid Density     =    997.075
  Ionic Strength     =      0.000
  Solution pH        =      6.000
  Total Charge       =  8.470E-21
 
 Total Aqueous Concentrations of Primary Species 
 --------------------------------------- 
 
   Species              Molality       Type 
 H+                   1.0000E-06     Aqueous      
 Cl-                  1.0000E-04     Aqueous      
 Na+                  1.0000E-04     Aqueous      
 NO3-                 1.0000E-06     Aqueous      
 
 Concentrations of Individual Species, Exchangers, and Surface Complexes 
 ----------------------------------------------------------------------- 
 
                           Log        Log                 Concentration     
 Species              Molality   Activity      Molality    Mol/m^3 blk  Type
                           Log        Log                                 Activity
 Species              Molality   Activity      Molality      Activity   Coefficient    Type
  H+                    -6.000     -6.000     1.000E-06     1.000E-06     1.000E+00  Aqueous 
  Cl-                   -4.000     -4.000     1.000E-04     1.000E-04     1.000E+00  Aqueous 
  Na+                   -4.000     -4.000     1.000E-04     1.000E-04     1.000E+00  Aqueous 
  NO3-                  -6.000     -6.000     1.000E-06     1.000E-06     1.000E+00  Aqueous 
 
  ****** Partial pressure of gases (bars) *****
 
 
  ***** Saturation state of minerals (log[Q/K] *****
 
 
 **************************************************************
 ------> GRID LOCATION:    99:  1:  1
 
  Temperature (C)    =     25.000
  Porosity           =      0.250
  Liquid Saturation  =      1.000
  Liquid Density     =    997.075
  Ionic Strength     =      0.000
  Solution pH        =      6.000
  Total Charge       = -4.997E-20
 
 Total Aqueous Concentrations of Primary Species 
 --------------------------------------- 
 
   Species              Molality       Type 
 H+                   1.0000E-06     Aqueous      
 Cl-                  1.0000E-04     Aqueous      
 Na+                  1.0000E-04     Aqueous      
 NO3-                 1.0000E-06     Aqueous      
 
 Concentrations of Individual Species, Exchangers, and Surface Complexes 
 ----------------------------------------------------------------------- 
 
                           Log        Log                 Concentration     
 Species              Molality   Activity      Molality    Mol/m^3 blk  Type
                           Log        Log                                 Activity
 Species              Molality   Activity      Molality      Activity   Coefficient    Type
  H+                    -6.000     -6.000     1.000E-06     1.000E-06     1.000E+00  Aqueous 
  Cl-                   -4.000     -4.000     1.000E-04     1.000E-04     1.000E+00  Aqueous 
  Na+                   -4.000     -4.000     1.000E-04     1.000E-04     1.000E+00  Aqueous 
  NO3-                  -6.000     -6.000     1.000E-06     1.000E-06     1.000E+00  Aqueous 
 
  ****** Partial pressure of gases (bars) *****
 
 
  ***** Saturation state of minerals (log[Q/K] *****
 
 
 **************************************************************
 ------> GRID LOCATION:   100:  1:  1
 
  Temperature (C)    =     25.000
  Porosity           =      0.250
  Liquid Saturation  =      1.000
  Liquid Density     =    997.075
  Ionic Strength     =      0.000
  Solution pH        =      6.000
  Total Charge       = -2.071E-19
 
 Total Aqueous Concentrations of Primary Species 
 --------------------------------------- 
 
   Species              Molality       Type 
 H+                   1.0000E-06     Aqueous      
 Cl-                  1.0000E-04     Aqueous      
 Na+                  1.0000E-04     Aqueous      
 NO3-                 1.0000E-06     Aqueous      
 
 Concentrations of Individual Species, Exchangers, and Surface Complexes 
 ----------------------------------------------------------------------- 
 
                           Log        Log                 Concentration     
 Species              Molality   Activity      Molality    Mol/m^3 blk  Type
                           Log        Log                                 Activity
 Species              Molality   Activity      Molality      Activity   Coefficient    Type
  H+                    -6.000     -6.000     1.000E-06     1.000E-06     1.000E+00  Aqueous 
  Cl-                   -4.000     -4.000     1.000E-04     1.000E-04     1.000E+00  Aqueous 
  Na+                   -4.000     -4.000     1.000E-04     1.000E-04     1.000E+00  Aqueous 
  NO3-                  -6.000     -6.000     1.000E-06     1.000E-06     1.000E+00  Aqueous 
 
  ****** Partial pressure of gases (bars) *****
 
 
  ***** Saturation state of minerals (log[Q/K] *****
 
 
