1	1	-99	1	1.15741E-05	1	7.2	-4.18231	1.30E-12	2.20E-10	1.17E-10	9.02E-05	8.13E-09	2.01E-02	3.01E-02	1.64E-08	1.64E-04	7.25E-03	-1.10E-10	0.00E+00	0.00E+00	0	-1.3751	-6.9641	-2.7166	0.5949	-999.999	1.73E+00	-8.17E-09	-7.06E-04	-3.60E-11	-3.11E-06	-3.43E-11	-2.97E-06	-1.80E-11	-1.56E-06	-2.00E-11	-1.73E-06	0.00E+00	0.00E+00	2.19E-04	0.00E+00
1	1	-99	11	0.000127315	2	7.2	-4.703	1.30E-12	2.42E-09	1.29E-09	9.02E-05	8.94E-08	2.01E-02	3.01E-02	1.80E-07	1.64E-04	7.25E-03	-1.10E-09	0.00E+00	0.00E+00	0	-0.3337	-5.9227	-2.716	0.5946	-999.999	6.89E-01	-8.17E-09	-7.06E-04	-3.60E-11	-3.11E-06	-3.43E-11	-2.97E-06	-1.80E-11	-1.56E-06	-1.99E-11	-1.72E-06	0.00E+00	0.00E+00	2.19E-04	0.00E+00
1	1	-99	111	0.001284722	3	7.19997	-5.20488	1.30E-12	2.41E-08	2.78E-09	9.02E-05	9.02E-07	2.01E-02	3.01E-02	1.82E-06	1.66E-04	7.25E-03	-1.09E-08	1.04E-08	1.04E-08	0	0	-4.9233	-2.7102	0.5917	-999.999	-3.05E-01	-8.17E-09	-7.06E-04	-3.60E-11	-3.11E-06	-3.43E-11	-2.97E-06	-1.80E-11	-1.56E-06	-1.58E-11	-1.37E-06	0.00E+00	0.00E+00	2.19E-04	2.56E-10
1	1	-99	1111	0.012858796	4	7.19974	-5.70427	1.30E-12	2.03E-07	2.78E-09	9.01E-05	9.05E-06	2.00E-02	3.01E-02	1.82E-05	1.82E-04	7.25E-03	-8.93E-08	1.50E-07	1.39E-07	0	0	-3.9898	-2.6563	0.5645	-999.999	-1.18E+00	-8.20E-09	-7.09E-04	-3.62E-11	-3.13E-06	-3.43E-11	-2.97E-06	-1.80E-11	-1.56E-06	1.82E-11	1.57E-06	0.00E+00	0.00E+00	2.19E-04	3.69E-09
1	1	-99	4711	0.054525463	5	7.19892	-6.01507	1.30E-12	1.20E-06	2.78E-09	8.96E-05	3.85E-05	2.00E-02	3.00E-02	7.78E-05	2.42E-04	7.25E-03	-5.00E-07	6.44E-07	4.94E-07	0	0	-3.1942	-2.5034	0.4858	-999.999	-1.82E+00	-8.32E-09	-7.19E-04	-3.67E-11	-3.17E-06	-3.43E-11	-2.96E-06	-1.80E-11	-1.56E-06	1.99E-11	1.72E-06	-9.81E-11	8.48E-06	2.19E-04	1.59E-08
1	1	-99	8311	0.09619213	6	7.19807	-6.13538	1.30E-12	2.40E-06	2.78E-09	8.91E-05	6.82E-05	2.00E-02	2.99E-02	1.38E-04	3.02E-04	7.25E-03	-6.00E-07	1.14E-06	4.93E-07	0	0	-2.88	-2.3904	0.4255	-999.999	-2.02E+00	-8.44E-09	-7.29E-04	-3.73E-11	-3.22E-06	-3.42E-11	-2.96E-06	-1.80E-11	-1.56E-06	1.99E-11	1.72E-06	-6.50E-11	5.62E-06	2.19E-04	2.80E-08
1	1	-99	11911	0.137858796	7	7.19719	-6.21049	1.30E-12	3.53E-06	2.78E-09	8.86E-05	9.84E-05	2.00E-02	2.99E-02	2.00E-04	3.64E-04	7.25E-03	-5.64E-07	1.63E-06	4.93E-07	0	0	-2.7046	-2.3011	0.376	-999.999	-2.11E+00	-8.55E-09	-7.39E-04	-3.78E-11	-3.27E-06	-3.42E-11	-2.95E-06	-1.80E-11	-1.56E-06	2.00E-11	1.72E-06	-6.33E-11	5.47E-06	2.19E-04	4.02E-08
1	1	-99	15511	0.179525463	8	7.19625	-6.2647	1.30E-12	3.20E-06	2.78E-09	8.81E-05	1.27E-04	1.99E-02	2.98E-02	2.62E-04	4.26E-04	7.25E-03	-7.16E-07	2.12E-06	4.92E-07	0	0	-2.7404	-2.2274	0.3333	-999.999	-1.99E+00	-8.67E-09	-7.49E-04	-3.84E-11	-3.32E-06	-3.42E-11	-2.95E-06	-1.80E-11	-1.56E-06	1.99E-11	1.72E-06	-1.54E-10	1.33E-05	2.19E-04	5.23E-08
1	1	-99	19111	0.22119213	9	7.19534	-6.30688	1.30E-12	2.98E-06	2.78E-09	8.76E-05	1.55E-04	1.99E-02	2.98E-02	3.25E-04	4.89E-04	7.25E-03	-1.14E-06	2.61E-06	4.92E-07	0	0	-2.7635	-2.1648	0.2952	-999.999	-1.90E+00	-8.80E-09	-7.60E-04	-3.90E-11	-3.37E-06	-3.41E-11	-2.95E-06	-1.80E-11	-1.56E-06	1.99E-11	1.72E-06	-2.96E-10	2.56E-05	2.19E-04	6.44E-08
1	1	-99	22711	0.262858796	10	7.19448	-6.34122	1.30E-12	2.84E-06	2.78E-09	8.71E-05	1.82E-04	1.99E-02	2.97E-02	3.89E-04	5.53E-04	7.24E-03	-1.75E-06	3.10E-06	4.91E-07	0	0	-2.7767	-2.1103	0.2601	-999.999	-1.83E+00	-8.92E-09	-7.71E-04	-3.96E-11	-3.42E-06	-3.41E-11	-2.94E-06	-1.80E-11	-1.56E-06	1.98E-11	1.71E-06	-4.90E-10	4.23E-05	2.19E-04	7.65E-08
1	1	-99	26311	0.304525463	11	7.19369	-6.37007	1.30E-12	2.74E-06	2.78E-09	8.66E-05	2.07E-04	1.98E-02	2.96E-02	4.53E-04	6.18E-04	7.24E-03	-2.54E-06	3.59E-06	4.90E-07	0	0	-2.7826	-2.0623	0.2273	-999.999	-1.77E+00	-9.04E-09	-7.81E-04	-4.01E-11	-3.47E-06	-3.40E-11	-2.94E-06	-1.80E-11	-1.56E-06	1.98E-11	1.71E-06	-7.32E-10	6.32E-05	2.19E-04	8.86E-08
1	1	-99	29911	0.34619213	12	7.19299	-6.39484	1.30E-12	2.67E-06	2.78E-09	8.61E-05	2.29E-04	1.98E-02	2.96E-02	5.19E-04	6.83E-04	7.24E-03	-3.48E-06	4.08E-06	4.90E-07	0	0	-2.7825	-2.0193	0.1958	-999.999	-1.73E+00	-9.17E-09	-7.92E-04	-4.07E-11	-3.52E-06	-3.40E-11	-2.94E-06	-1.80E-11	-1.56E-06	1.97E-11	1.70E-06	-1.01E-09	8.72E-05	2.19E-04	1.01E-07
1	1	-99	33511	0.387858796	13	7.19238	-6.41651	1.30E-12	2.62E-06	2.78E-09	8.57E-05	2.49E-04	1.98E-02	2.95E-02	5.86E-04	7.50E-04	7.23E-03	-4.52E-06	4.57E-06	4.89E-07	0	0	-2.7776	-1.9803	0.1653	-999.999	-1.69E+00	-9.29E-09	-8.03E-04	-4.13E-11	-3.57E-06	-3.39E-11	-2.93E-06	-1.80E-11	-1.56E-06	1.96E-11	1.69E-06	-1.30E-09	1.13E-04	2.19E-04	1.13E-07
1	1	-99	37111	0.429525463	14	7.19187	-6.4357	1.30E-12	2.58E-06	2.78E-09	8.52E-05	2.66E-04	1.97E-02	2.94E-02	6.53E-04	8.17E-04	7.23E-03	-5.60E-06	5.06E-06	4.88E-07	0	0	-2.7687	-1.9447	0.1354	-999.999	-1.66E+00	-9.42E-09	-8.14E-04	-4.19E-11	-3.62E-06	-3.39E-11	-2.93E-06	-1.80E-11	-1.56E-06	1.95E-11	1.68E-06	-1.60E-09	1.38E-04	2.19E-04	1.25E-07
1	1	-99	40711	0.47119213	15	7.19146	-6.45289	1.30E-12	2.55E-06	2.78E-09	8.47E-05	2.81E-04	1.97E-02	2.94E-02	7.22E-04	8.86E-04	7.22E-03	-6.65E-06	5.55E-06	4.88E-07	0	0	-2.7566	-1.9119	0.1056	-999.999	-1.64E+00	-9.55E-09	-8.25E-04	-4.25E-11	-3.68E-06	-3.39E-11	-2.93E-06	-1.80E-11	-1.56E-06	1.94E-11	1.68E-06	-1.88E-09	1.63E-04	2.19E-04	1.37E-07
1	1	-99	44311	0.512858796	16	7.19115	-6.46841	1.30E-12	2.53E-06	2.78E-09	8.42E-05	2.92E-04	1.97E-02	2.93E-02	7.91E-04	9.55E-04	7.21E-03	-7.63E-06	6.04E-06	4.87E-07	0	0	-2.7421	-1.8815	0.0758	-999.999	-1.62E+00	-9.68E-09	-8.36E-04	-4.32E-11	-3.73E-06	-3.38E-11	-2.92E-06	-1.80E-11	-1.56E-06	1.93E-11	1.67E-06	-2.14E-09	1.85E-04	2.18E-04	1.49E-07
1	1	-99	47911	0.554525463	17	7.19091	-6.48253	1.30E-12	2.51E-06	2.78E-09	8.37E-05	3.02E-04	1.96E-02	2.92E-02	8.61E-04	1.03E-03	7.21E-03	-8.51E-06	6.52E-06	4.87E-07	0	0	-2.7257	-1.853	0.0456	-999.999	-1.60E+00	-9.81E-09	-8.47E-04	-4.38E-11	-3.78E-06	-3.38E-11	-2.92E-06	-1.80E-11	-1.56E-06	1.92E-11	1.66E-06	-2.37E-09	2.05E-04	2.18E-04	1.61E-07
1	1	-99	51511	0.59619213	18	7.19074	-6.49544	1.30E-12	2.50E-06	2.78E-09	8.32E-05	3.10E-04	1.96E-02	2.91E-02	9.33E-04	1.10E-03	7.20E-03	-9.27E-06	7.01E-06	4.86E-07	0	0	-2.708	-1.8262	0.0149	-999.999	-1.59E+00	-9.94E-09	-8.59E-04	-4.44E-11	-3.84E-06	-3.37E-11	-2.91E-06	-1.80E-11	-1.56E-06	1.91E-11	1.65E-06	-2.57E-09	2.22E-04	2.18E-04	1.73E-07
1	1	-99	55111	0.637858796	19	7.19063	-6.50728	1.30E-12	2.49E-06	2.78E-09	8.27E-05	3.17E-04	1.96E-02	2.91E-02	1.00E-03	1.17E-03	7.19E-03	-9.93E-06	7.49E-06	4.85E-07	0	0	-2.6894	-1.8009	-0.0165	-999.999	-1.58E+00	-1.01E-08	-8.70E-04	-4.51E-11	-3.89E-06	-3.37E-11	-2.91E-06	-1.80E-11	-1.56E-06	1.90E-11	1.64E-06	-2.73E-09	2.36E-04	2.18E-04	1.85E-07
1	1	-99	58711	0.679525463	20	7.19057	-6.51819	1.30E-12	2.48E-06	2.78E-09	8.23E-05	3.22E-04	1.95E-02	2.90E-02	1.08E-03	1.24E-03	7.18E-03	-1.05E-05	7.98E-06	4.84E-07	0	0	-2.6703	-1.7769	-0.0488	-999.999	-1.58E+00	-1.02E-08	-8.82E-04	-4.57E-11	-3.95E-06	-3.36E-11	-2.90E-06	-1.80E-11	-1.56E-06	1.88E-11	1.63E-06	-2.87E-09	2.48E-04	2.17E-04	1.97E-07
1	1	-99	62311	0.72119213	21	7.19056	-6.52826	1.30E-12	2.48E-06	2.78E-09	8.18E-05	3.26E-04	1.95E-02	2.89E-02	1.15E-03	1.32E-03	7.17E-03	-1.10E-05	8.46E-06	4.84E-07	0	0	-2.651	-1.7539	-0.082	-999.999	-1.57E+00	-1.03E-08	-8.93E-04	-4.64E-11	-4.01E-06	-3.36E-11	-2.90E-06	-1.80E-11	-1.56E-06	1.87E-11	1.62E-06	-2.99E-09	2.59E-04	2.17E-04	2.09E-07
1	1	-99	65911	0.762858796	22	7.19057	-6.53759	1.30E-12	2.47E-06	2.78E-09	8.13E-05	3.30E-04	1.94E-02	2.89E-02	1.23E-03	1.39E-03	7.15E-03	-1.14E-05	8.95E-06	4.83E-07	0	0	-2.6316	-1.7318	-0.1164	-999.999	-1.56E+00	-1.05E-08	-9.05E-04	-4.70E-11	-4.06E-06	-3.35E-11	-2.90E-06	-1.80E-11	-1.56E-06	1.86E-11	1.61E-06	-3.10E-09	2.67E-04	2.17E-04	2.20E-07
1	1	-99	69511	0.804525463	23	7.19062	-6.54623	1.30E-12	2.47E-06	2.78E-09	8.08E-05	3.33E-04	1.94E-02	2.88E-02	1.30E-03	1.47E-03	7.14E-03	-1.17E-05	9.43E-06	4.82E-07	0	0	-2.6124	-1.7105	-0.1519	-999.999	-1.56E+00	-1.06E-08	-9.17E-04	-4.77E-11	-4.12E-06	-3.35E-11	-2.89E-06	-1.80E-11	-1.56E-06	1.84E-11	1.59E-06	-3.18E-09	2.75E-04	2.16E-04	2.32E-07
1	1	-99	73111	0.84619213	24	7.1907	-6.55425	1.30E-12	2.47E-06	2.78E-09	8.03E-05	3.36E-04	1.94E-02	2.87E-02	1.38E-03	1.54E-03	7.13E-03	-1.20E-05	9.91E-06	4.82E-07	0	0	-2.5933	-1.6898	-0.1887	-999.999	-1.56E+00	-1.08E-08	-9.29E-04	-4.84E-11	-4.18E-06	-3.34E-11	-2.89E-06	-1.80E-11	-1.56E-06	1.83E-11	1.58E-06	-3.26E-09	2.82E-04	2.16E-04	2.44E-07
1	1	-99	76711	0.887858796	25	7.19081	-6.56171	1.30E-12	2.47E-06	2.78E-09	7.98E-05	3.38E-04	1.93E-02	2.86E-02	1.46E-03	1.62E-03	7.12E-03	-1.23E-05	1.04E-05	4.81E-07	0	0	-2.5746	-1.6697	-0.2268	-999.999	-1.55E+00	-1.09E-08	-9.41E-04	-4.90E-11	-4.24E-06	-3.34E-11	-2.88E-06	-1.80E-11	-1.56E-06	1.81E-11	1.56E-06	-3.33E-09	2.88E-04	2.15E-04	2.56E-07
1	1	-99	80311	0.929525463	26	7.19094	-6.56865	1.30E-12	2.46E-06	2.78E-09	7.94E-05	3.40E-04	1.93E-02	2.85E-02	1.54E-03	1.70E-03	7.11E-03	-1.25E-05	1.09E-05	4.80E-07	0	0	-2.5562	-1.65	-0.2661	-999.999	-1.55E+00	-1.10E-08	-9.53E-04	-4.97E-11	-4.30E-06	-3.33E-11	-2.88E-06	-1.80E-11	-1.56E-06	1.79E-11	1.54E-06	-3.39E-09	2.93E-04	2.15E-04	2.68E-07
1	1	-99	83911	0.97119213	27	7.19109	-6.5751	1.30E-12	2.46E-06	2.78E-09	7.89E-05	3.42E-04	1.92E-02	2.85E-02	1.62E-03	1.78E-03	7.09E-03	-1.27E-05	1.14E-05	4.79E-07	0	0	-2.5381	-1.6308	-0.3068	-999.999	-1.55E+00	-1.12E-08	-9.65E-04	-5.04E-11	-4.36E-06	-3.33E-11	-2.87E-06	-1.80E-11	-1.56E-06	1.76E-11	1.52E-06	-3.45E-09	2.98E-04	2.15E-04	2.80E-07
1	1	-99	87511	1.012858796	28	7.19127	-6.58111	1.30E-12	2.46E-06	2.78E-09	7.84E-05	3.44E-04	1.92E-02	2.84E-02	1.70E-03	1.86E-03	7.08E-03	-1.30E-05	1.18E-05	4.78E-07	0	0	-2.5204	-1.6119	-0.3485	-999.999	-1.55E+00	-1.13E-08	-9.78E-04	-5.11E-11	-4.42E-06	-3.32E-11	-2.87E-06	-1.80E-11	-1.56E-06	1.74E-11	1.50E-06	-3.51E-09	3.03E-04	2.14E-04	2.91E-07
1	1	-99	91111	1.054525463	29	7.19148	-6.58669	1.30E-12	2.46E-06	2.78E-09	7.79E-05	3.46E-04	1.92E-02	2.83E-02	1.78E-03	1.95E-03	7.07E-03	-1.32E-05	1.23E-05	4.78E-07	0	0	-2.503	-1.5933	-0.3914	-999.999	-1.55E+00	-1.15E-08	-9.90E-04	-5.18E-11	-4.48E-06	-3.31E-11	-2.86E-06	-1.80E-11	-1.56E-06	1.71E-11	1.47E-06	-3.56E-09	3.08E-04	2.14E-04	3.03E-07
1	1	-99	94711	1.09619213	30	7.1917	-6.59187	1.30E-12	2.46E-06	2.78E-09	7.74E-05	3.48E-04	1.91E-02	2.82E-02	1.86E-03	2.03E-03	7.05E-03	-1.34E-05	1.28E-05	4.77E-07	0	0	-2.4861	-1.5749	-0.4352	-999.999	-1.54E+00	-1.16E-08	-1.00E-03	-5.26E-11	-4.54E-06	-3.31E-11	-2.86E-06	-1.80E-11	-1.56E-06	1.67E-11	1.44E-06	-3.61E-09	3.12E-04	2.14E-04	3.15E-07
1	1	-99	98311	1.137858796	31	7.19195	-6.59669	1.30E-12	2.46E-06	2.78E-09	7.70E-05	3.49E-04	1.91E-02	2.81E-02	1.95E-03	2.11E-03	7.04E-03	-1.35E-05	1.33E-05	4.76E-07	0	0	-2.4695	-1.5569	-0.4798	-999.999	-1.54E+00	-1.17E-08	-1.01E-03	-5.33E-11	-4.60E-06	-3.30E-11	-2.85E-06	-1.80E-11	-1.56E-06	1.63E-11	1.41E-06	-3.66E-09	3.16E-04	2.13E-04	3.27E-07
1	1	-99	101911	1.179525463	32	7.19222	-6.60114	1.30E-12	2.45E-06	2.78E-09	7.65E-05	3.51E-04	1.90E-02	2.80E-02	2.03E-03	2.20E-03	7.03E-03	-1.37E-05	1.37E-05	4.75E-07	0	0	-2.4534	-1.5391	-0.525	-999.999	-1.54E+00	-1.19E-08	-1.03E-03	-5.40E-11	-4.67E-06	-3.30E-11	-2.85E-06	-1.80E-11	-1.56E-06	1.59E-11	1.37E-06	-3.71E-09	3.21E-04	2.13E-04	3.38E-07
1	1	-99	105511	1.22119213	33	7.19251	-6.60526	1.30E-12	2.45E-06	2.78E-09	7.60E-05	3.53E-04	1.90E-02	2.80E-02	2.12E-03	2.28E-03	7.01E-03	-1.39E-05	1.42E-05	4.74E-07	0	0	-2.4376	-1.5216	-0.5706	-999.999	-1.54E+00	-1.20E-08	-1.04E-03	-5.47E-11	-4.73E-06	-3.29E-11	-2.84E-06	-1.80E-11	-1.56E-06	1.54E-11	1.33E-06	-3.76E-09	3.25E-04	2.12E-04	3.50E-07
1	1	-99	109111	1.262858796	34	7.19281	-6.60904	1.30E-12	2.45E-06	2.78E-09	7.56E-05	3.54E-04	1.90E-02	2.79E-02	2.21E-03	2.37E-03	7.00E-03	-1.41E-05	1.47E-05	4.73E-07	0	0	-2.4222	-1.5043	-0.6166	-999.999	-1.54E+00	-1.22E-08	-1.05E-03	-5.55E-11	-4.79E-06	-3.28E-11	-2.84E-06	-1.80E-11	-1.56E-06	1.48E-11	1.28E-06	-3.81E-09	3.29E-04	2.12E-04	3.62E-07
1	1	-99	112711	1.304525463	35	7.19313	-6.61251	1.30E-12	2.45E-06	2.78E-09	7.51E-05	3.56E-04	1.89E-02	2.78E-02	2.30E-03	2.46E-03	6.98E-03	-1.43E-05	1.52E-05	4.73E-07	0	0	-2.4072	-1.4872	-0.6626	-999.999	-1.54E+00	-1.23E-08	-1.07E-03	-5.62E-11	-4.86E-06	-3.28E-11	-2.83E-06	-1.80E-11	-1.56E-06	1.42E-11	1.23E-06	-3.86E-09	3.33E-04	2.11E-04	3.73E-07
1	1	-99	116311	1.34619213	36	7.19347	-6.61568	1.30E-12	2.45E-06	2.78E-09	7.46E-05	3.58E-04	1.89E-02	2.77E-02	2.39E-03	2.55E-03	6.97E-03	-1.44E-05	1.56E-05	4.72E-07	0	0	-2.3926	-1.4705	-0.7087	-999.999	-1.53E+00	-1.25E-08	-1.08E-03	-5.70E-11	-4.92E-06	-3.27E-11	-2.83E-06	-1.80E-11	-1.56E-06	1.35E-11	1.17E-06	-3.91E-09	3.38E-04	2.11E-04	3.85E-07
1	1	-99	119911	1.387858796	37	7.19382	-6.61854	1.30E-12	2.45E-06	2.78E-09	7.41E-05	3.59E-04	1.88E-02	2.76E-02	2.48E-03	2.64E-03	6.95E-03	-1.46E-05	1.61E-05	4.71E-07	0	0	-2.3784	-1.454	-0.7546	-999.999	-1.53E+00	-1.26E-08	-1.09E-03	-5.78E-11	-4.99E-06	-3.27E-11	-2.82E-06	-1.80E-11	-1.56E-06	1.27E-11	1.10E-06	-3.96E-09	3.42E-04	2.11E-04	3.97E-07
1	1	-99	123511	1.429525463	38	7.19418	-6.62112	1.30E-12	2.45E-06	2.78E-09	7.37E-05	3.61E-04	1.88E-02	2.75E-02	2.57E-03	2.73E-03	6.94E-03	-1.48E-05	1.66E-05	4.70E-07	0	0	-2.3645	-1.4377	-0.8003	-999.999	-1.53E+00	-1.28E-08	-1.10E-03	-5.85E-11	-5.06E-06	-3.26E-11	-2.82E-06	-1.80E-11	-1.56E-06	1.19E-11	1.02E-06	-4.00E-09	3.46E-04	2.10E-04	4.08E-07
1	1	-99	127111	1.47119213	39	7.19455	-6.6234	1.30E-12	2.45E-06	2.78E-09	7.32E-05	3.63E-04	1.87E-02	2.74E-02	2.66E-03	2.82E-03	6.92E-03	-1.50E-05	1.70E-05	4.69E-07	0	0	-2.3509	-1.4217	-0.8457	-999.999	-1.53E+00	-1.29E-08	-1.12E-03	-5.93E-11	-5.12E-06	-3.25E-11	-2.81E-06	-1.80E-11	-1.56E-06	1.09E-11	9.40E-07	-4.05E-09	3.50E-04	2.10E-04	4.20E-07
1	1	-99	130711	1.512858796	40	7.19494	-6.62541	1.30E-12	2.44E-06	2.78E-09	7.27E-05	3.64E-04	1.87E-02	2.73E-02	2.75E-03	2.92E-03	6.91E-03	-1.52E-05	1.75E-05	4.68E-07	0	0	-2.3377	-1.406	-0.8907	-999.999	-1.53E+00	-1.31E-08	-1.13E-03	-6.01E-11	-5.19E-06	-3.25E-11	-2.80E-06	-1.80E-11	-1.56E-06	9.81E-12	8.47E-07	-4.10E-09	3.55E-04	2.09E-04	4.31E-07
1	1	-99	134311	1.554525463	41	7.19533	-6.62713	1.30E-12	2.44E-06	2.78E-09	7.23E-05	3.66E-04	1.86E-02	2.72E-02	2.85E-03	3.01E-03	6.89E-03	-1.54E-05	1.80E-05	4.67E-07	0	0	-2.3248	-1.3906	-0.9353	-999.999	-1.53E+00	-1.32E-08	-1.14E-03	-6.09E-11	-5.26E-06	-3.24E-11	-2.80E-06	-1.80E-11	-1.56E-06	8.62E-12	7.44E-07	-4.15E-09	3.59E-04	2.09E-04	4.43E-07
1	1	-99	137911	1.59619213	42	7.19574	-6.62858	1.30E-12	2.44E-06	2.78E-09	7.18E-05	3.68E-04	1.86E-02	2.71E-02	2.95E-03	3.11E-03	6.88E-03	-1.55E-05	1.84E-05	4.66E-07	0	0	-2.3122	-1.3754	-0.9794	-999.999	-1.53E+00	-1.34E-08	-1.16E-03	-6.17E-11	-5.33E-06	-3.23E-11	-2.79E-06	-1.80E-11	-1.56E-06	7.30E-12	6.31E-07	-4.20E-09	3.63E-04	2.08E-04	4.54E-07
1	1	-99	141511	1.637858796	43	7.19615	-6.62975	1.30E-12	2.44E-06	2.78E-09	7.13E-05	3.69E-04	1.85E-02	2.70E-02	3.04E-03	3.21E-03	6.86E-03	-1.57E-05	1.89E-05	4.65E-07	0	0	-2.2999	-1.3604	-1.0229	-999.999	-1.52E+00	-1.35E-08	-1.17E-03	-6.25E-11	-5.40E-06	-3.23E-11	-2.79E-06	-1.80E-11	-1.56E-06	5.85E-12	5.05E-07	-4.25E-09	3.67E-04	2.08E-04	4.66E-07
1	1	-99	145111	1.679525463	44	7.19657	-6.63064	1.30E-12	2.44E-06	2.78E-09	7.09E-05	3.71E-04	1.85E-02	2.69E-02	3.14E-03	3.31E-03	6.85E-03	-1.59E-05	1.94E-05	4.64E-07	0	0	-2.2879	-1.3457	-1.066	-999.999	-1.52E+00	-1.37E-08	-1.18E-03	-6.33E-11	-5.47E-06	-3.22E-11	-2.78E-06	-1.80E-11	-1.56E-06	4.25E-12	3.67E-07	-4.30E-09	3.72E-04	2.07E-04	4.77E-07
1	1	-99	148711	1.72119213	45	7.19699	-6.63126	1.30E-12	2.44E-06	2.78E-09	7.04E-05	3.73E-04	1.84E-02	2.68E-02	3.24E-03	3.40E-03	6.83E-03	-1.61E-05	1.98E-05	4.63E-07	0	0	-2.2761	-1.3313	-1.1085	-999.999	-1.52E+00	-1.39E-08	-1.20E-03	-6.41E-11	-5.54E-06	-3.21E-11	-2.77E-06	-1.80E-11	-1.56E-06	2.50E-12	2.16E-07	-4.35E-09	3.76E-04	2.07E-04	4.89E-07
1	1	-99	152311	1.762858796	46	7.19743	-6.6316	1.30E-12	2.44E-06	2.78E-09	6.99E-05	3.74E-04	1.84E-02	2.67E-02	3.34E-03	3.51E-03	6.81E-03	-1.63E-05	2.03E-05	4.62E-07	0	0	-2.2647	-1.317	-1.1504	-999.999	-1.52E+00	-1.40E-08	-1.21E-03	-6.49E-11	-5.61E-06	-3.20E-11	-2.77E-06	-1.80E-11	-1.56E-06	5.77E-13	4.98E-08	-4.40E-09	3.80E-04	2.06E-04	5.00E-07
1	1	-99	155911	1.804525463	47	7.19787	-6.63165	1.30E-12	2.44E-06	2.78E-09	6.95E-05	3.76E-04	1.83E-02	2.66E-02	3.44E-03	3.61E-03	6.80E-03	-1.65E-05	2.07E-05	4.59E-07	0	0	-2.2534	-1.3031	-1.1918	-999.999	-1.52E+00	-1.42E-08	-1.22E-03	-6.57E-11	-5.68E-06	-3.20E-11	-2.76E-06	-1.80E-11	-1.56E-06	-1.42E-12	-1.23E-07	-4.45E-09	3.85E-04	2.06E-04	5.11E-07
1	1	-99	159511	1.84619213	48	7.19832	-6.63142	1.30E-12	2.44E-06	2.78E-09	6.90E-05	3.78E-04	1.83E-02	2.65E-02	3.55E-03	3.71E-03	6.78E-03	-1.67E-05	2.12E-05	4.51E-07	0	0	-2.2424	-1.2893	-1.2326	-999.999	-1.52E+00	-1.43E-08	-1.24E-03	-6.65E-11	-5.75E-06	-3.19E-11	-2.76E-06	-1.80E-11	-1.56E-06	-3.21E-12	-2.77E-07	-4.50E-09	3.89E-04	2.05E-04	5.22E-07
1	1	-99	163111	1.887858796	49	7.19877	-6.6309	1.30E-12	2.43E-06	2.78E-09	6.86E-05	3.79E-04	1.82E-02	2.64E-02	3.65E-03	3.81E-03	6.76E-03	-1.69E-05	2.16E-05	4.44E-07	0	0	-2.2317	-1.2757	-1.2727	-999.999	-1.52E+00	-1.45E-08	-1.25E-03	-6.74E-11	-5.82E-06	-3.18E-11	-2.75E-06	-1.80E-11	-1.56E-06	-4.81E-12	-4.15E-07	-4.55E-09	3.94E-04	2.05E-04	5.33E-07
1	1	-99	166711	1.929525463	50	7.19923	-6.63008	1.30E-12	2.43E-06	2.78E-09	6.81E-05	3.81E-04	1.82E-02	2.63E-02	3.75E-03	3.92E-03	6.75E-03	-1.71E-05	2.21E-05	4.38E-07	0	0	-2.2211	-1.2624	-1.3124	-999.999	-1.52E+00	-1.46E-08	-1.26E-03	-6.82E-11	-5.89E-06	-3.17E-11	-2.74E-06	-1.80E-11	-1.56E-06	-6.23E-12	-5.38E-07	-4.60E-09	3.98E-04	2.04E-04	5.44E-07
1	1	-99	170311	1.97119213	51	7.19969	-6.62895	1.30E-12	2.43E-06	2.78E-09	6.77E-05	3.83E-04	1.81E-02	2.62E-02	3.86E-03	4.02E-03	6.73E-03	-1.73E-05	2.25E-05	4.32E-07	0	0	-2.2108	-1.2493	-1.3514	-999.999	-1.51E+00	-1.48E-08	-1.28E-03	-6.91E-11	-5.97E-06	-3.17E-11	-2.74E-06	-1.80E-11	-1.56E-06	-7.51E-12	-6.49E-07	-4.66E-09	4.02E-04	2.04E-04	5.55E-07
1	1	-99	173911	2.012858796	52	7.20016	-6.62751	1.30E-12	2.43E-06	2.78E-09	6.73E-05	3.84E-04	1.81E-02	2.61E-02	3.97E-03	4.13E-03	6.71E-03	-1.74E-05	2.29E-05	4.26E-07	0	0	-2.2006	-1.2364	-1.3899	-999.999	-1.51E+00	-1.49E-08	-1.29E-03	-6.99E-11	-6.04E-06	-3.16E-11	-2.73E-06	-1.80E-11	-1.56E-06	-8.65E-12	-7.47E-07	-4.71E-09	4.07E-04	2.03E-04	5.65E-07
1	1	-99	177511	2.054525463	53	7.20064	-6.62574	1.30E-12	2.43E-06	2.78E-09	6.69E-05	3.86E-04	1.80E-02	2.60E-02	4.08E-03	4.24E-03	6.70E-03	-1.76E-05	2.34E-05	4.21E-07	0	0	-2.1907	-1.2236	-1.4279	-999.999	-1.51E+00	-1.51E-08	-1.30E-03	-7.08E-11	-6.11E-06	-3.15E-11	-2.72E-06	-1.80E-11	-1.56E-06	-9.67E-12	-8.36E-07	-4.76E-09	4.11E-04	2.03E-04	5.76E-07
1	1	-99	181111	2.09619213	54	7.20112	-6.62363	1.30E-12	2.43E-06	2.78E-09	6.65E-05	3.88E-04	1.80E-02	2.59E-02	4.19E-03	4.35E-03	6.68E-03	-1.78E-05	2.38E-05	4.17E-07	0	0	-2.1809	-1.2111	-1.4653	-999.999	-1.51E+00	-1.53E-08	-1.32E-03	-7.16E-11	-6.19E-06	-3.14E-11	-2.72E-06	-1.80E-11	-1.56E-06	-1.06E-11	-9.15E-07	-4.81E-09	4.15E-04	2.02E-04	5.86E-07
1	1	-99	184711	2.137858796	55	7.2016	-6.62117	1.30E-12	2.43E-06	2.78E-09	6.60E-05	3.89E-04	1.79E-02	2.58E-02	4.30E-03	4.46E-03	6.66E-03	-1.80E-05	2.42E-05	4.12E-07	0	0	-2.1714	-1.1987	-1.5023	-999.999	-1.51E+00	-1.54E-08	-1.33E-03	-7.25E-11	-6.26E-06	-3.13E-11	-2.71E-06	-1.80E-11	-1.56E-06	-1.14E-11	-9.87E-07	-4.86E-09	4.20E-04	2.02E-04	5.96E-07
1	1	-99	188311	2.179525463	56	7.20209	-6.61834	1.30E-12	2.43E-06	2.78E-09	6.56E-05	3.91E-04	1.79E-02	2.57E-02	4.41E-03	4.57E-03	6.64E-03	-1.82E-05	2.46E-05	4.08E-07	0	0	-2.162	-1.1865	-1.5387	-999.999	-1.51E+00	-1.56E-08	-1.34E-03	-7.33E-11	-6.34E-06	-3.13E-11	-2.70E-06	-1.80E-11	-1.56E-06	-1.22E-11	-1.05E-06	-4.91E-09	4.24E-04	2.01E-04	6.06E-07
1	1	-99	191911	2.22119213	57	7.20259	-6.61512	1.30E-12	2.43E-06	2.78E-09	6.52E-05	3.92E-04	1.78E-02	2.56E-02	4.52E-03	4.68E-03	6.62E-03	-1.84E-05	2.50E-05	4.05E-07	0	0	-2.1527	-1.1745	-1.5747	-999.999	-1.51E+00	-1.57E-08	-1.36E-03	-7.42E-11	-6.41E-06	-3.12E-11	-2.69E-06	-1.80E-11	-1.56E-06	-1.28E-11	-1.11E-06	-4.96E-09	4.28E-04	2.00E-04	6.16E-07
1	1	-99	195511	2.262858796	58	7.20309	-6.6115	1.30E-12	2.43E-06	2.78E-09	6.48E-05	3.94E-04	1.77E-02	2.54E-02	4.63E-03	4.80E-03	6.60E-03	-1.86E-05	2.54E-05	4.01E-07	0	0	-2.1437	-1.1626	-1.6102	-999.999	-1.51E+00	-1.59E-08	-1.37E-03	-7.51E-11	-6.49E-06	-3.11E-11	-2.69E-06	-1.80E-11	-1.56E-06	-1.34E-11	-1.16E-06	-5.01E-09	4.33E-04	2.00E-04	6.26E-07
1	1	-99	199111	2.304525463	59	7.20359	-6.60743	1.30E-12	2.42E-06	2.78E-09	6.44E-05	3.96E-04	1.77E-02	2.53E-02	4.75E-03	4.91E-03	6.59E-03	-1.88E-05	2.58E-05	3.98E-07	0	0	-2.1348	-1.1509	-1.6452	-999.999	-1.51E+00	-1.60E-08	-1.38E-03	-7.60E-11	-6.56E-06	-3.10E-11	-2.68E-06	-1.80E-11	-1.56E-06	-1.40E-11	-1.21E-06	-5.06E-09	4.37E-04	1.99E-04	6.36E-07
1	1	-99	202711	2.34619213	60	7.2041	-6.6029	1.30E-12	2.42E-06	2.78E-09	6.40E-05	3.97E-04	1.76E-02	2.52E-02	4.87E-03	5.03E-03	6.57E-03	-1.90E-05	2.62E-05	3.95E-07	0	0	-2.126	-1.1393	-1.6798	-999.999	-1.51E+00	-1.62E-08	-1.40E-03	-7.69E-11	-6.64E-06	-3.09E-11	-2.67E-06	-1.80E-11	-1.56E-06	-1.45E-11	-1.25E-06	-5.11E-09	4.42E-04	1.99E-04	6.45E-07
1	1	-99	206311	2.387858796	61	7.20462	-6.59788	1.30E-12	2.42E-06	2.78E-09	6.36E-05	3.99E-04	1.76E-02	2.51E-02	4.98E-03	5.15E-03	6.55E-03	-1.92E-05	2.66E-05	3.92E-07	0	0	-2.1174	-1.1279	-1.714	-999.999	-1.50E+00	-1.63E-08	-1.41E-03	-7.77E-11	-6.72E-06	-3.08E-11	-2.66E-06	-1.80E-11	-1.56E-06	-1.49E-11	-1.29E-06	-5.16E-09	4.46E-04	1.98E-04	6.55E-07
1	1	-99	209911	2.429525463	62	7.20514	-6.59232	1.30E-12	2.42E-06	2.78E-09	6.33E-05	4.00E-04	1.75E-02	2.50E-02	5.10E-03	5.27E-03	6.53E-03	-1.94E-05	2.70E-05	3.89E-07	0	0	-2.1089	-1.1166	-1.7478	-999.999	-1.50E+00	-1.65E-08	-1.42E-03	-7.86E-11	-6.79E-06	-3.07E-11	-2.66E-06	-1.80E-11	-1.56E-06	-1.53E-11	-1.33E-06	-5.21E-09	4.50E-04	1.98E-04	6.65E-07
1	1	-99	213511	2.47119213	63	7.20566	-6.58617	1.30E-12	2.42E-06	2.78E-09	6.29E-05	4.02E-04	1.75E-02	2.49E-02	5.22E-03	5.39E-03	6.51E-03	-1.95E-05	2.74E-05	3.86E-07	0	0	-2.1006	-1.1055	-1.7811	-999.999	-1.50E+00	-1.66E-08	-1.44E-03	-7.95E-11	-6.87E-06	-3.07E-11	-2.65E-06	-1.80E-11	-1.56E-06	-1.57E-11	-1.36E-06	-5.26E-09	4.55E-04	1.97E-04	6.74E-07
1	1	-99	217111	2.512858796	64	7.20619	-6.5794	1.30E-12	2.42E-06	2.78E-09	6.25E-05	4.04E-04	1.74E-02	2.47E-02	5.34E-03	5.51E-03	6.49E-03	-1.97E-05	2.77E-05	3.84E-07	0	0	-2.0924	-1.0945	-1.8141	-999.999	-1.50E+00	-1.68E-08	-1.45E-03	-8.04E-11	-6.95E-06	-3.06E-11	-2.64E-06	-1.80E-11	-1.56E-06	-1.61E-11	-1.39E-06	-5.31E-09	4.59E-04	1.96E-04	6.84E-07
1	1	-99	220711	2.554525463	65	7.20672	-6.57193	1.30E-12	2.42E-06	2.78E-09	6.21E-05	4.05E-04	1.73E-02	2.46E-02	5.46E-03	5.63E-03	6.47E-03	-1.99E-05	2.81E-05	3.81E-07	0	0	-2.0843	-1.0836	-1.8467	-999.999	-1.50E+00	-1.70E-08	-1.46E-03	-8.13E-11	-7.03E-06	-3.05E-11	-2.63E-06	-1.80E-11	-1.56E-06	-1.64E-11	-1.41E-06	-5.36E-09	4.63E-04	1.96E-04	6.93E-07
1	1	-99	224311	2.59619213	66	7.20725	-6.5637	1.30E-12	2.42E-06	2.78E-09	6.17E-05	4.07E-04	1.73E-02	2.45E-02	5.59E-03	5.75E-03	6.45E-03	-2.01E-05	2.85E-05	3.79E-07	0	0	-2.0763	-1.0729	-1.8789	-999.999	-1.50E+00	-1.71E-08	-1.48E-03	-8.22E-11	-7.10E-06	-3.04E-11	-2.62E-06	-1.80E-11	-1.56E-06	-1.66E-11	-1.44E-06	-5.41E-09	4.68E-04	1.95E-04	7.02E-07
1	1	-99	227911	2.637858796	67	7.2078	-6.55462	1.30E-12	2.42E-06	2.78E-09	6.13E-05	4.08E-04	1.72E-02	2.44E-02	5.71E-03	5.87E-03	6.43E-03	-2.03E-05	2.89E-05	3.76E-07	0	0	-2.0685	-1.0623	-1.9107	-999.999	-1.50E+00	-1.73E-08	-1.49E-03	-8.31E-11	-7.18E-06	-3.03E-11	-2.62E-06	-1.80E-11	-1.56E-06	-1.69E-11	-1.46E-06	-5.46E-09	4.72E-04	1.95E-04	7.12E-07
1	1	-99	231511	2.679525463	68	7.20834	-6.54458	1.30E-12	2.42E-06	2.78E-09	6.10E-05	4.10E-04	1.71E-02	2.42E-02	5.84E-03	6.00E-03	6.41E-03	-2.05E-05	2.93E-05	3.74E-07	0	0	-2.0608	-1.0518	-1.9422	-999.999	-1.50E+00	-1.74E-08	-1.50E-03	-8.40E-11	-7.26E-06	-3.02E-11	-2.61E-06	-1.80E-11	-1.56E-06	-1.71E-11	-1.48E-06	-5.51E-09	4.76E-04	1.94E-04	7.21E-07
1	1	-99	235111	2.72119213	69	7.20889	-6.53346	1.30E-12	2.42E-06	2.78E-09	6.06E-05	4.11E-04	1.71E-02	2.41E-02	5.96E-03	6.13E-03	6.39E-03	-2.07E-05	2.96E-05	3.72E-07	0	0	-2.0532	-1.0414	-1.9734	-999.999	-1.50E+00	-1.76E-08	-1.52E-03	-8.49E-11	-7.34E-06	-3.01E-11	-2.60E-06	-1.80E-11	-1.56E-06	-1.73E-11	-1.50E-06	-5.56E-09	4.80E-04	1.93E-04	7.30E-07
1	1	-99	238711	2.762858796	70	7.20944	-6.5211	1.30E-12	2.42E-06	2.78E-09	6.02E-05	4.13E-04	1.70E-02	2.40E-02	6.09E-03	6.25E-03	6.37E-03	-2.08E-05	3.00E-05	3.70E-07	0	0	-2.0457	-1.0311	-2.0042	-999.999	-1.50E+00	-1.77E-08	-1.53E-03	-8.58E-11	-7.42E-06	-3.00E-11	-2.59E-06	-1.80E-11	-1.56E-06	-1.75E-11	-1.52E-06	-5.61E-09	4.85E-04	1.93E-04	7.39E-07
1	1	-99	242311	2.804525463	71	7.21	-6.50731	1.29E-12	2.42E-06	2.78E-09	5.99E-05	4.14E-04	1.70E-02	2.39E-02	6.22E-03	6.38E-03	6.35E-03	-2.10E-05	3.04E-05	3.68E-07	0	0	-2.0383	-1.021	-2.0346	-999.999	-1.50E+00	-1.78E-08	-1.54E-03	-8.67E-11	-7.49E-06	-2.99E-11	-2.58E-06	-1.80E-11	-1.56E-06	-1.77E-11	-1.53E-06	-5.66E-09	4.89E-04	1.92E-04	7.48E-07
1	1	-99	245911	2.84619213	72	7.21056	-6.49183	1.29E-12	2.42E-06	2.78E-09	5.95E-05	4.16E-04	1.69E-02	2.37E-02	6.35E-03	6.51E-03	6.32E-03	-2.12E-05	3.07E-05	3.65E-07	0	0	-2.0309	-1.011	-2.0648	-999.999	-1.50E+00	-1.80E-08	-1.55E-03	-8.76E-11	-7.57E-06	-2.98E-11	-2.57E-06	-1.80E-11	-1.56E-06	-1.79E-11	-1.55E-06	-5.71E-09	4.93E-04	1.91E-04	7.57E-07
1	1	-99	249511	2.887858796	73	7.21113	-6.47436	1.29E-12	2.42E-06	2.78E-09	5.91E-05	4.18E-04	1.68E-02	2.36E-02	6.48E-03	6.64E-03	6.30E-03	-2.14E-05	3.11E-05	3.63E-07	0	0	-2.0237	-1.001	-2.0946	-999.999	-1.50E+00	-1.81E-08	-1.57E-03	-8.85E-11	-7.65E-06	-2.97E-11	-2.56E-06	-1.80E-11	-1.56E-06	-1.80E-11	-1.56E-06	-5.75E-09	4.97E-04	1.91E-04	7.66E-07
1	1	-99	253111	2.929525463	74	7.2117	-6.45444	1.29E-12	2.41E-06	2.78E-09	5.88E-05	4.19E-04	1.68E-02	2.35E-02	6.61E-03	6.77E-03	6.28E-03	-2.16E-05	3.15E-05	3.61E-07	0	0	-2.0166	-0.9912	-2.1241	-999.999	-1.49E+00	-1.83E-08	-1.58E-03	-8.95E-11	-7.73E-06	-2.96E-11	-2.56E-06	-1.80E-11	-1.56E-06	-1.82E-11	-1.57E-06	-5.80E-09	5.01E-04	1.90E-04	7.75E-07
1	1	-99	256711	2.97119213	75	7.21227	-6.4315	1.29E-12	2.41E-06	2.78E-09	5.84E-05	4.20E-04	1.67E-02	2.33E-02	6.74E-03	6.91E-03	6.26E-03	-2.17E-05	3.18E-05	3.59E-07	0	0	-2.0096	-0.9815	-2.1533	-999.999	-1.49E+00	-1.84E-08	-1.59E-03	-9.04E-11	-7.81E-06	-2.95E-11	-2.55E-06	-1.80E-11	-1.56E-06	-1.83E-11	-1.58E-06	-5.85E-09	5.05E-04	1.89E-04	7.84E-07
1	1	-99	260311	3.012858796	76	7.21285	-6.40469	1.29E-12	2.41E-06	2.78E-09	5.81E-05	4.22E-04	1.66E-02	2.32E-02	6.87E-03	7.04E-03	6.24E-03	-2.19E-05	3.22E-05	3.57E-07	0	0	-2.0027	-0.9718	-2.1822	-999.999	-1.49E+00	-1.86E-08	-1.60E-03	-9.13E-11	-7.89E-06	-2.94E-11	-2.54E-06	-1.80E-11	-1.56E-06	-1.84E-11	-1.59E-06	-5.89E-09	5.09E-04	1.89E-04	7.93E-07
1	1	-99	263911	3.054525463	77	7.21343	-6.37273	1.29E-12	2.41E-06	2.78E-09	5.77E-05	4.23E-04	1.66E-02	2.31E-02	7.01E-03	7.17E-03	6.22E-03	-2.21E-05	3.25E-05	3.56E-07	0	0	-1.9958	-0.9623	-2.2109	-999.999	-1.49E+00	-1.87E-08	-1.62E-03	-9.22E-11	-7.96E-06	-2.93E-11	-2.53E-06	-1.80E-11	-1.56E-06	-1.85E-11	-1.60E-06	-5.94E-09	5.13E-04	1.88E-04	8.02E-07
1	1	-99	267511	3.09619213	78	7.21401	-6.3336	1.29E-12	2.41E-06	2.78E-09	5.73E-05	4.25E-04	1.65E-02	2.29E-02	7.14E-03	7.31E-03	6.19E-03	-2.23E-05	3.29E-05	3.54E-07	0	0	-1.9891	-0.9529	-2.2392	-999.999	-1.49E+00	-1.88E-08	-1.63E-03	-9.31E-11	-8.04E-06	-2.91E-11	-2.52E-06	-1.80E-11	-1.56E-06	-1.86E-11	-1.61E-06	-5.99E-09	5.17E-04	1.87E-04	8.10E-07
1	1	-99	271111	3.137858796	79	7.2146	-6.28377	1.29E-12	2.41E-06	2.78E-09	5.70E-05	4.26E-04	1.64E-02	2.28E-02	7.28E-03	7.44E-03	6.17E-03	-2.24E-05	3.32E-05	3.52E-07	0	0	-1.9824	-0.9436	-2.2673	-999.999	-1.49E+00	-1.90E-08	-1.64E-03	-9.40E-11	-8.12E-06	-2.90E-11	-2.51E-06	-1.80E-11	-1.56E-06	-1.87E-11	-1.62E-06	-6.03E-09	5.21E-04	1.87E-04	8.19E-07
1	1	-99	274711	3.179525463	80	7.21519	-6.21615	1.29E-12	2.41E-06	2.78E-09	5.66E-05	4.28E-04	1.64E-02	2.27E-02	7.42E-03	7.58E-03	6.15E-03	-2.26E-05	3.36E-05	3.50E-07	0	0	-1.9758	-0.9343	-2.295	-999.999	-1.49E+00	-1.91E-08	-1.65E-03	-9.49E-11	-8.20E-06	-2.89E-11	-2.50E-06	-1.80E-11	-1.56E-06	-1.88E-11	-1.63E-06	-6.08E-09	5.25E-04	1.86E-04	8.28E-07
1	1	-99	278311	3.22119213	81	7.21579	-6.113	1.29E-12	2.41E-06	2.78E-09	5.63E-05	4.29E-04	1.63E-02	2.25E-02	7.56E-03	7.72E-03	6.13E-03	-2.28E-05	3.39E-05	3.48E-07	0	0	-1.9693	-0.9252	-2.3225	-999.999	-1.49E+00	-1.92E-08	-1.66E-03	-9.58E-11	-8.28E-06	-2.88E-11	-2.49E-06	-1.80E-11	-1.56E-06	-1.89E-11	-1.63E-06	-6.12E-09	5.29E-04	1.85E-04	8.36E-07
1	1	-99	281911	3.262858796	82	7.21639	-5.90191	1.29E-12	2.41E-06	2.78E-09	5.60E-05	4.31E-04	1.62E-02	2.24E-02	7.70E-03	7.86E-03	6.10E-03	-2.29E-05	3.43E-05	3.46E-07	0	0	-1.9629	-0.9161	-2.3498	-999.999	-1.49E+00	-1.94E-08	-1.67E-03	-9.67E-11	-8.35E-06	-2.87E-11	-2.48E-06	-1.80E-11	-1.56E-06	-1.90E-11	-1.64E-06	-6.16E-09	5.32E-04	1.85E-04	8.45E-07
1	1	-99	285511	3.304525463	83	7.21699	12.7255	1.29E-12	2.41E-06	2.78E-09	5.56E-05	4.32E-04	1.62E-02	2.22E-02	7.84E-03	8.00E-03	6.08E-03	-2.31E-05	3.46E-05	3.44E-07	0	0	-1.9565	-0.9071	-2.3768	-999.999	-1.49E+00	-1.95E-08	-1.68E-03	-9.76E-11	-8.43E-06	-2.86E-11	-2.47E-06	-1.80E-11	-1.56E-06	-1.90E-11	-1.64E-06	-6.21E-09	5.36E-04	1.84E-04	8.53E-07
1	1	-99	289111	3.34619213	84	7.21759	12.8607	1.29E-12	2.41E-06	2.78E-09	5.53E-05	4.33E-04	1.61E-02	2.21E-02	7.98E-03	8.14E-03	6.06E-03	-2.33E-05	3.50E-05	3.42E-07	0	0	-1.9502	-0.8982	-2.4035	-999.999	-1.49E+00	-1.96E-08	-1.70E-03	-9.85E-11	-8.51E-06	-2.85E-11	-2.46E-06	-1.80E-11	-1.56E-06	-1.91E-11	-1.65E-06	-6.25E-09	5.40E-04	1.83E-04	8.62E-07
1	1	-99	292711	3.387858796	85	7.2182	12.9198	1.29E-12	2.41E-06	2.78E-09	5.49E-05	4.35E-04	1.60E-02	2.20E-02	8.12E-03	8.28E-03	6.03E-03	-2.34E-05	3.53E-05	3.40E-07	0	0	-1.944	-0.8894	-2.4299	-999.999	-1.49E+00	-1.97E-08	-1.71E-03	-9.94E-11	-8.58E-06	-2.83E-11	-2.45E-06	-1.80E-11	-1.56E-06	-1.91E-11	-1.65E-06	-6.29E-09	5.43E-04	1.83E-04	8.70E-07
1	1	-99	296311	3.429525463	86	7.21881	12.9584	1.29E-12	2.41E-06	2.78E-09	5.46E-05	4.36E-04	1.59E-02	2.18E-02	8.26E-03	8.43E-03	6.01E-03	-2.36E-05	3.56E-05	3.38E-07	0	0	-1.9378	-0.8807	-2.4562	-999.999	-1.49E+00	-1.99E-08	-1.72E-03	-1.00E-10	-8.66E-06	-2.82E-11	-2.44E-06	-1.80E-11	-1.56E-06	-1.92E-11	-1.66E-06	-6.33E-09	5.47E-04	1.82E-04	8.78E-07
1	1	-99	299911	3.47119213	87	7.21942	12.9871	1.29E-12	2.41E-06	2.78E-09	5.42E-05	4.37E-04	1.59E-02	2.17E-02	8.41E-03	8.57E-03	5.99E-03	-2.37E-05	3.60E-05	3.36E-07	0	0	-1.9318	-0.8721	-2.4821	-999.999	-1.49E+00	-2.00E-08	-1.73E-03	-1.01E-10	-8.74E-06	-2.81E-11	-2.43E-06	-1.80E-11	-1.56E-06	-1.92E-11	-1.66E-06	-6.37E-09	5.50E-04	1.81E-04	8.87E-07
1	1	-99	303511	3.512858796	88	7.22004	13.0101	1.29E-12	2.41E-06	2.78E-09	5.39E-05	4.39E-04	1.58E-02	2.15E-02	8.55E-03	8.71E-03	5.96E-03	-2.39E-05	3.63E-05	3.34E-07	0	0	-1.9257	-0.8635	-2.5078	-999.999	-1.49E+00	-2.01E-08	-1.74E-03	-1.02E-10	-8.81E-06	-2.80E-11	-2.42E-06	-1.80E-11	-1.56E-06	-1.93E-11	-1.67E-06	-6.41E-09	5.54E-04	1.80E-04	8.95E-07
1	1	-99	307111	3.554525463	89	7.22066	13.0293	1.29E-12	2.41E-06	2.78E-09	5.36E-05	4.40E-04	1.57E-02	2.14E-02	8.70E-03	8.86E-03	5.94E-03	-2.40E-05	3.66E-05	3.33E-07	0	0	-1.9198	-0.855	-2.5333	-999.999	-1.49E+00	-2.02E-08	-1.75E-03	-1.03E-10	-8.89E-06	-2.79E-11	-2.41E-06	-1.80E-11	-1.56E-06	-1.93E-11	-1.67E-06	-6.45E-09	5.57E-04	1.80E-04	9.03E-07
1	1	-99	310711	3.59619213	90	7.22128	13.0458	1.29E-12	2.41E-06	2.78E-09	5.33E-05	4.41E-04	1.57E-02	2.12E-02	8.84E-03	9.01E-03	5.91E-03	-2.42E-05	3.70E-05	3.31E-07	0	0	-1.9139	-0.8467	-2.5586	-999.999	-1.49E+00	-2.03E-08	-1.76E-03	-1.04E-10	-8.96E-06	-2.77E-11	-2.40E-06	-1.80E-11	-1.56E-06	-1.94E-11	-1.67E-06	-6.49E-09	5.60E-04	1.79E-04	9.11E-07
1	1	-99	314311	3.637858796	91	7.2219	13.0603	1.29E-12	2.41E-06	2.78E-09	5.29E-05	4.42E-04	1.56E-02	2.11E-02	8.99E-03	9.15E-03	5.89E-03	-2.43E-05	3.73E-05	3.29E-07	0	0	-1.9081	-0.8383	-2.5836	-999.999	-1.49E+00	-2.04E-08	-1.77E-03	-1.05E-10	-9.04E-06	-2.76E-11	-2.39E-06	-1.80E-11	-1.56E-06	-1.94E-11	-1.68E-06	-6.52E-09	5.63E-04	1.78E-04	9.19E-07
1	1	-99	317911	3.679525463	92	7.22253	13.0732	1.29E-12	2.41E-06	2.78E-09	5.26E-05	4.44E-04	1.55E-02	2.09E-02	9.14E-03	9.30E-03	5.86E-03	-2.44E-05	3.76E-05	3.27E-07	0	0	-1.9023	-0.8301	-2.6083	-999.999	-1.49E+00	-2.05E-08	-1.77E-03	-1.05E-10	-9.11E-06	-2.75E-11	-2.37E-06	-1.80E-11	-1.56E-06	-1.94E-11	-1.68E-06	-6.56E-09	5.67E-04	1.78E-04	9.27E-07
1	1	-99	321511	3.72119213	93	7.22316	13.0849	1.29E-12	2.41E-06	2.78E-09	5.23E-05	4.45E-04	1.54E-02	2.08E-02	9.29E-03	9.45E-03	5.84E-03	-2.46E-05	3.80E-05	3.25E-07	0	0	-1.8966	-0.8219	-2.6329	-999.999	-1.49E+00	-2.06E-08	-1.78E-03	-1.06E-10	-9.18E-06	-2.74E-11	-2.36E-06	-1.80E-11	-1.56E-06	-1.95E-11	-1.68E-06	-6.59E-09	5.70E-04	1.77E-04	9.35E-07
1	1	-99	325111	3.762858796	94	7.22379	13.0955	1.29E-12	2.41E-06	2.78E-09	5.19E-05	4.46E-04	1.54E-02	2.06E-02	9.44E-03	9.60E-03	5.82E-03	-2.47E-05	3.83E-05	3.23E-07	0	0	-1.8909	-0.8138	-2.6572	-999.999	-1.49E+00	-2.07E-08	-1.79E-03	-1.07E-10	-9.25E-06	-2.72E-11	-2.35E-06	-1.80E-11	-1.56E-06	-1.95E-11	-1.69E-06	-6.63E-09	5.73E-04	1.76E-04	9.43E-07
1	1	-99	328711	3.804525463	95	7.22442	13.1053	1.29E-12	2.41E-06	2.78E-09	5.16E-05	4.47E-04	1.53E-02	2.05E-02	9.59E-03	9.75E-03	5.79E-03	-2.48E-05	3.86E-05	3.21E-07	0	0	-1.8853	-0.8058	-2.6813	-999.999	-1.49E+00	-2.08E-08	-1.80E-03	-1.08E-10	-9.33E-06	-2.71E-11	-2.34E-06	-1.80E-11	-1.56E-06	-1.95E-11	-1.69E-06	-6.66E-09	5.75E-04	1.75E-04	9.51E-07
1	1	-99	332311	3.84619213	96	7.22506	13.1143	1.29E-12	2.41E-06	2.78E-09	5.13E-05	4.48E-04	1.52E-02	2.03E-02	9.74E-03	9.90E-03	5.77E-03	-2.50E-05	3.89E-05	3.19E-07	0	0	-1.8798	-0.7979	-2.7052	-999.999	-1.49E+00	-2.09E-08	-1.81E-03	-1.09E-10	-9.40E-06	-2.70E-11	-2.33E-06	-1.80E-11	-1.56E-06	-1.96E-11	-1.69E-06	-6.69E-09	5.78E-04	1.75E-04	9.59E-07
1	1	-99	335911	3.887858796	97	7.2257	13.1228	1.29E-12	2.41E-06	2.78E-09	5.10E-05	4.49E-04	1.51E-02	2.02E-02	9.89E-03	1.01E-02	5.74E-03	-2.51E-05	3.92E-05	3.17E-07	0	0	-1.8743	-0.79	-2.7288	-999.999	-1.49E+00	-2.10E-08	-1.82E-03	-1.10E-10	-9.47E-06	-2.68E-11	-2.32E-06	-1.80E-11	-1.56E-06	-1.96E-11	-1.69E-06	-6.72E-09	5.81E-04	1.74E-04	9.67E-07
1	1	-99	339511	3.929525463	98	7.22634	13.1306	1.29E-12	2.41E-06	2.78E-09	5.07E-05	4.51E-04	1.51E-02	2.00E-02	1.00E-02	1.02E-02	5.72E-03	-2.52E-05	3.96E-05	3.15E-07	0	0	-1.8688	-0.7822	-2.7522	-999.999	-1.49E+00	-2.11E-08	-1.82E-03	-1.10E-10	-9.54E-06	-2.67E-11	-2.31E-06	-1.80E-11	-1.56E-06	-1.96E-11	-1.69E-06	-6.75E-09	5.84E-04	1.73E-04	9.75E-07
1	1	-99	343111	3.97119213	99	7.22698	13.138	1.29E-12	2.41E-06	2.78E-09	5.04E-05	4.52E-04	1.50E-02	1.99E-02	1.02E-02	1.04E-02	5.69E-03	-2.53E-05	3.99E-05	3.13E-07	0	0	-1.8634	-0.7745	-2.7755	-999.999	-1.49E+00	-2.12E-08	-1.83E-03	-1.11E-10	-9.61E-06	-2.66E-11	-2.29E-06	-1.80E-11	-1.56E-06	-1.96E-11	-1.70E-06	-6.78E-09	5.86E-04	1.72E-04	9.82E-07
1	1	-99	346711	4.012858796	100	7.22762	13.145	1.29E-12	2.41E-06	2.78E-09	5.01E-05	4.53E-04	1.49E-02	1.97E-02	1.03E-02	1.05E-02	5.66E-03	-2.54E-05	4.02E-05	3.11E-07	0	0	-1.8581	-0.7669	-2.7985	-999.999	-1.49E+00	-2.13E-08	-1.84E-03	-1.12E-10	-9.67E-06	-2.64E-11	-2.28E-06	-1.80E-11	-1.56E-06	-1.97E-11	-1.70E-06	-6.81E-09	5.88E-04	1.71E-04	9.90E-07
1	1	-99	350311	4.054525463	101	7.22826	13.1516	1.29E-12	2.41E-06	2.78E-09	4.97E-05	4.54E-04	1.48E-02	1.96E-02	1.05E-02	1.07E-02	5.64E-03	-2.55E-05	4.05E-05	3.09E-07	0	0	-1.8528	-0.7593	-2.8212	-999.999	-1.49E+00	-2.14E-08	-1.85E-03	-1.13E-10	-9.74E-06	-2.63E-11	-2.27E-06	-1.80E-11	-1.56E-06	-1.97E-11	-1.70E-06	-6.84E-09	5.91E-04	1.71E-04	9.98E-07
1	1	-99	353911	4.09619213	102	7.22891	13.1579	1.29E-12	2.41E-06	2.78E-09	4.94E-05	4.55E-04	1.47E-02	1.94E-02	1.07E-02	1.08E-02	5.61E-03	-2.56E-05	4.08E-05	3.07E-07	0	0	-1.8476	-0.7518	-2.8438	-999.999	-1.49E+00	-2.14E-08	-1.85E-03	-1.14E-10	-9.81E-06	-2.61E-11	-2.26E-06	-1.80E-11	-1.56E-06	-1.97E-11	-1.70E-06	-6.86E-09	5.93E-04	1.70E-04	1.01E-06
1	1	-99	357511	4.137858796	103	7.22956	13.1638	1.29E-12	2.41E-06	2.78E-09	4.91E-05	4.56E-04	1.47E-02	1.93E-02	1.08E-02	1.10E-02	5.59E-03	-2.57E-05	4.11E-05	3.05E-07	0	0	-1.8424	-0.7444	-2.8662	-999.999	-1.49E+00	-2.15E-08	-1.86E-03	-1.14E-10	-9.87E-06	-2.60E-11	-2.25E-06	-1.80E-11	-1.56E-06	-1.97E-11	-1.70E-06	-6.89E-09	5.95E-04	1.69E-04	1.01E-06
1	1	-99	361111	4.179525463	104	7.2302	13.1695	1.29E-12	2.41E-06	2.78E-09	4.88E-05	4.57E-04	1.46E-02	1.91E-02	1.10E-02	1.11E-02	5.56E-03	-2.58E-05	4.14E-05	3.02E-07	0	0	-1.8372	-0.737	-2.8884	-999.999	-1.49E+00	-2.16E-08	-1.86E-03	-1.15E-10	-9.94E-06	-2.59E-11	-2.23E-06	-1.80E-11	-1.56E-06	-1.97E-11	-1.70E-06	-6.91E-09	5.97E-04	1.68E-04	1.02E-06
1	1	-99	364711	4.22119213	105	7.23085	13.1749	1.29E-12	2.41E-06	2.78E-09	4.85E-05	4.58E-04	1.45E-02	1.90E-02	1.11E-02	1.13E-02	5.54E-03	-2.59E-05	4.17E-05	3.00E-07	0	0	-1.8321	-0.7297	-2.9103	-999.999	-1.49E+00	-2.16E-08	-1.87E-03	-1.16E-10	-1.00E-05	-2.57E-11	-2.22E-06	-1.80E-11	-1.56E-06	-1.97E-11	-1.71E-06	-6.94E-09	5.99E-04	1.68E-04	1.03E-06
1	1	-99	368311	4.262858796	106	7.2315	13.1801	1.29E-12	2.41E-06	2.78E-09	4.82E-05	4.59E-04	1.44E-02	1.88E-02	1.13E-02	1.14E-02	5.51E-03	-2.60E-05	4.20E-05	2.98E-07	0	0	-1.8271	-0.7225	-2.9321	-999.999	-1.49E+00	-2.17E-08	-1.87E-03	-1.16E-10	-1.01E-05	-2.56E-11	-2.21E-06	-1.80E-11	-1.56E-06	-1.97E-11	-1.71E-06	-6.96E-09	6.01E-04	1.67E-04	1.03E-06
1	1	-99	371911	4.304525463	107	7.23215	13.1851	1.28E-12	2.41E-06	2.78E-09	4.79E-05	4.60E-04	1.44E-02	1.86E-02	1.14E-02	1.16E-02	5.48E-03	-2.61E-05	4.23E-05	2.96E-07	0	0	-1.822	-0.7153	-2.9536	-999.999	-1.49E+00	-2.18E-08	-1.88E-03	-1.17E-10	-1.01E-05	-2.54E-11	-2.20E-06	-1.80E-11	-1.56E-06	-1.98E-11	-1.71E-06	-6.98E-09	6.03E-04	1.66E-04	1.04E-06
1	1	-99	375511	4.34619213	108	7.23281	13.1899	1.28E-12	2.41E-06	2.78E-09	4.76E-05	4.60E-04	1.43E-02	1.85E-02	1.16E-02	1.18E-02	5.46E-03	-2.61E-05	4.26E-05	2.94E-07	0	0	-1.8171	-0.7082	-2.975	-999.999	-1.49E+00	-2.18E-08	-1.88E-03	-1.18E-10	-1.02E-05	-2.53E-11	-2.18E-06	-1.80E-11	-1.56E-06	-1.98E-11	-1.71E-06	-7.00E-09	6.04E-04	1.65E-04	1.05E-06
1	1	-99	379111	4.387858796	109	7.23346	13.1945	1.28E-12	2.41E-06	2.78E-09	4.74E-05	4.61E-04	1.42E-02	1.83E-02	1.17E-02	1.19E-02	5.43E-03	-2.62E-05	4.29E-05	2.92E-07	0	0	-1.8121	-0.7012	-2.9961	-999.999	-1.49E+00	-2.19E-08	-1.89E-03	-1.19E-10	-1.02E-05	-2.51E-11	-2.17E-06	-1.80E-11	-1.56E-06	-1.98E-11	-1.71E-06	-7.01E-09	6.06E-04	1.64E-04	1.06E-06
1	1	-99	382711	4.429525463	110	7.23411	13.1989	1.28E-12	2.41E-06	2.78E-09	4.71E-05	4.62E-04	1.41E-02	1.82E-02	1.19E-02	1.21E-02	5.41E-03	-2.63E-05	4.32E-05	2.90E-07	0	0	-1.8072	-0.6942	-3.0171	-999.999	-1.49E+00	-2.19E-08	-1.89E-03	-1.19E-10	-1.03E-05	-2.50E-11	-2.16E-06	-1.80E-11	-1.56E-06	-1.98E-11	-1.71E-06	-7.03E-09	6.07E-04	1.64E-04	1.06E-06
1	1	-99	386311	4.47119213	111	7.23476	13.2031	1.28E-12	2.41E-06	2.78E-09	4.68E-05	4.63E-04	1.40E-02	1.80E-02	1.21E-02	1.22E-02	5.38E-03	-2.63E-05	4.35E-05	2.87E-07	0	0	-1.8024	-0.6873	-3.0378	-999.999	-1.49E+00	-2.19E-08	-1.90E-03	-1.20E-10	-1.04E-05	-2.48E-11	-2.15E-06	-1.80E-11	-1.56E-06	-1.98E-11	-1.71E-06	-7.05E-09	6.09E-04	1.63E-04	1.07E-06
1	1	-99	389911	4.512858796	112	7.23542	13.2072	1.28E-12	2.41E-06	2.78E-09	4.65E-05	4.64E-04	1.40E-02	1.79E-02	1.22E-02	1.24E-02	5.35E-03	-2.64E-05	4.37E-05	2.85E-07	0	0	-1.7976	-0.6805	-3.0584	-999.999	-1.49E+00	-2.20E-08	-1.90E-03	-1.20E-10	-1.04E-05	-2.47E-11	-2.13E-06	-1.80E-11	-1.56E-06	-1.98E-11	-1.71E-06	-7.06E-09	6.10E-04	1.62E-04	1.08E-06
1	1	-99	393511	4.554525463	113	7.23607	13.2112	1.28E-12	2.41E-06	2.78E-09	4.62E-05	4.64E-04	1.39E-02	1.77E-02	1.24E-02	1.25E-02	5.33E-03	-2.64E-05	4.40E-05	2.83E-07	0	0	-1.7928	-0.6737	-3.0787	-999.999	-1.49E+00	-2.20E-08	-1.90E-03	-1.21E-10	-1.05E-05	-2.45E-11	-2.12E-06	-1.80E-11	-1.56E-06	-1.98E-11	-1.71E-06	-7.07E-09	6.11E-04	1.61E-04	1.08E-06
1	1	-99	397111	4.59619213	114	7.23672	13.215	1.28E-12	2.41E-06	2.78E-09	4.59E-05	4.65E-04	1.38E-02	1.75E-02	1.25E-02	1.27E-02	5.30E-03	-2.65E-05	4.43E-05	2.81E-07	0	0	-1.788	-0.667	-3.0989	-999.999	-1.49E+00	-2.20E-08	-1.90E-03	-1.22E-10	-1.05E-05	-2.44E-11	-2.11E-06	-1.80E-11	-1.56E-06	-1.98E-11	-1.71E-06	-7.08E-09	6.12E-04	1.60E-04	1.09E-06
1	1	-99	400711	4.637858796	115	7.23738	13.2187	1.28E-12	2.42E-06	2.78E-09	4.56E-05	4.66E-04	1.37E-02	1.74E-02	1.27E-02	1.29E-02	5.27E-03	-2.65E-05	4.46E-05	2.78E-07	0	0	-1.7833	-0.6604	-3.1188	-999.999	-1.49E+00	-2.21E-08	-1.91E-03	-1.22E-10	-1.06E-05	-2.42E-11	-2.09E-06	-1.80E-11	-1.56E-06	-1.98E-11	-1.71E-06	-7.09E-09	6.13E-04	1.60E-04	1.10E-06
1	1	-99	404311	4.679525463	116	7.23803	13.2223	1.28E-12	2.42E-06	2.78E-09	4.54E-05	4.66E-04	1.37E-02	1.72E-02	1.29E-02	1.30E-02	5.25E-03	-2.66E-05	4.49E-05	2.76E-07	0	0	-1.7787	-0.6538	-3.1386	-999.999	-1.49E+00	-2.21E-08	-1.91E-03	-1.23E-10	-1.06E-05	-2.41E-11	-2.08E-06	-1.80E-11	-1.56E-06	-1.98E-11	-1.71E-06	-7.10E-09	6.14E-04	1.59E-04	1.11E-06
1	1	-99	407911	4.72119213	117	7.23868	13.2258	1.28E-12	2.42E-06	2.78E-09	4.51E-05	4.67E-04	1.36E-02	1.71E-02	1.30E-02	1.32E-02	5.22E-03	-2.66E-05	4.51E-05	2.74E-07	0	0	-1.774	-0.6473	-3.1582	-999.999	-1.49E+00	-2.21E-08	-1.91E-03	-1.23E-10	-1.07E-05	-2.39E-11	-2.07E-06	-1.80E-11	-1.56E-06	-1.99E-11	-1.72E-06	-7.11E-09	6.14E-04	1.58E-04	1.11E-06
1	1	-99	411511	4.762858796	118	7.23934	13.2292	1.28E-12	2.42E-06	2.78E-09	4.48E-05	4.68E-04	1.35E-02	1.69E-02	1.32E-02	1.33E-02	5.19E-03	-2.66E-05	4.54E-05	2.72E-07	0	0	-1.7694	-0.6409	-3.1776	-999.999	-1.49E+00	-2.21E-08	-1.91E-03	-1.24E-10	-1.07E-05	-2.38E-11	-2.05E-06	-1.80E-11	-1.56E-06	-1.99E-11	-1.72E-06	-7.12E-09	6.15E-04	1.57E-04	1.12E-06
1	1	-99	415111	4.804525463	119	7.23999	13.2324	1.28E-12	2.42E-06	2.78E-09	4.46E-05	4.68E-04	1.34E-02	1.67E-02	1.33E-02	1.35E-02	5.17E-03	-2.67E-05	4.57E-05	2.69E-07	0	0	-1.7649	-0.6345	-3.1968	-999.999	-1.49E+00	-2.21E-08	-1.91E-03	-1.25E-10	-1.08E-05	-2.36E-11	-2.04E-06	-1.80E-11	-1.56E-06	-1.99E-11	-1.72E-06	-7.12E-09	6.15E-04	1.56E-04	1.13E-06
1	1	-99	418711	4.84619213	120	7.24064	13.2356	1.28E-12	2.42E-06	2.78E-09	4.43E-05	4.69E-04	1.33E-02	1.66E-02	1.35E-02	1.37E-02	5.14E-03	-2.67E-05	4.59E-05	2.67E-07	0	0	-1.7603	-0.6282	-3.2158	-999.999	-1.49E+00	-2.21E-08	-1.91E-03	-1.25E-10	-1.08E-05	-2.34E-11	-2.02E-06	-1.80E-11	-1.56E-06	-1.99E-11	-1.72E-06	-7.12E-09	6.15E-04	1.56E-04	1.13E-06
1	1	-99	422311	4.887858796	121	7.24129	13.2387	1.28E-12	2.42E-06	2.78E-09	4.40E-05	4.69E-04	1.33E-02	1.64E-02	1.37E-02	1.38E-02	5.11E-03	-2.67E-05	4.62E-05	2.65E-07	0	0	-1.7559	-0.6219	-3.2346	-999.999	-1.49E+00	-2.21E-08	-1.91E-03	-1.26E-10	-1.08E-05	-2.33E-11	-2.01E-06	-1.80E-11	-1.56E-06	-1.99E-11	-1.72E-06	-7.13E-09	6.16E-04	1.55E-04	1.14E-06
1	1	-99	425911	4.929525463	122	7.24194	13.2417	1.28E-12	2.42E-06	2.78E-09	4.38E-05	4.70E-04	1.32E-02	1.63E-02	1.38E-02	1.40E-02	5.09E-03	-2.67E-05	4.65E-05	2.62E-07	0	0	-1.7514	-0.6157	-3.2533	-999.999	-1.50E+00	-2.21E-08	-1.91E-03	-1.26E-10	-1.09E-05	-2.31E-11	-2.00E-06	-1.80E-11	-1.56E-06	-1.99E-11	-1.72E-06	-7.13E-09	6.16E-04	1.54E-04	1.14E-06
1	1	-99	429511	4.97119213	123	7.24259	13.2446	1.28E-12	2.42E-06	2.78E-09	4.35E-05	4.70E-04	1.31E-02	1.61E-02	1.40E-02	1.41E-02	5.06E-03	-2.67E-05	4.67E-05	2.60E-07	0	0	-1.747	-0.6096	-3.2717	-999.999	-1.50E+00	-2.21E-08	-1.91E-03	-1.26E-10	-1.09E-05	-2.30E-11	-1.98E-06	-1.80E-11	-1.56E-06	-1.99E-11	-1.72E-06	-7.12E-09	6.16E-04	1.53E-04	1.15E-06
1	1	-99	433111	5.012858796	124	7.24324	13.2474	1.28E-12	2.42E-06	2.78E-09	4.32E-05	4.71E-04	1.30E-02	1.59E-02	1.41E-02	1.43E-02	5.03E-03	-2.67E-05	4.70E-05	2.58E-07	0	0	-1.7425	-0.6035	-3.29	-999.999	-1.50E+00	-2.21E-08	-1.91E-03	-1.27E-10	-1.10E-05	-2.28E-11	-1.97E-06	-1.80E-11	-1.56E-06	-1.99E-11	-1.72E-06	-7.12E-09	6.15E-04	1.52E-04	1.16E-06
1	1	-99	436711	5.054525463	125	7.24389	13.2502	1.28E-12	2.42E-06	2.78E-09	4.30E-05	4.71E-04	1.29E-02	1.58E-02	1.43E-02	1.45E-02	5.01E-03	-2.67E-05	4.72E-05	2.55E-07	0	0	-1.7382	-0.5975	-3.3081	-999.999	-1.50E+00	-2.21E-08	-1.91E-03	-1.27E-10	-1.10E-05	-2.26E-11	-1.95E-06	-1.80E-11	-1.56E-06	-1.99E-11	-1.72E-06	-7.12E-09	6.15E-04	1.52E-04	1.16E-06
1	1	-99	440311	5.09619213	126	7.24453	13.2529	1.28E-12	2.42E-06	2.78E-09	4.27E-05	4.71E-04	1.29E-02	1.56E-02	1.45E-02	1.46E-02	4.98E-03	-2.67E-05	4.75E-05	2.53E-07	0	0	-1.7338	-0.5916	-3.3259	-999.999	-1.50E+00	-2.21E-08	-1.91E-03	-1.28E-10	-1.10E-05	-2.25E-11	-1.94E-06	-1.80E-11	-1.56E-06	-1.99E-11	-1.72E-06	-7.11E-09	6.15E-04	1.51E-04	1.17E-06
1	1	-99	443911	5.137858796	127	7.24518	13.2555	1.28E-12	2.42E-06	2.78E-09	4.25E-05	4.72E-04	1.28E-02	1.55E-02	1.46E-02	1.48E-02	4.95E-03	-2.67E-05	4.77E-05	2.51E-07	0	0	-1.7295	-0.5857	-3.3437	-999.999	-1.50E+00	-2.20E-08	-1.90E-03	-1.28E-10	-1.11E-05	-2.23E-11	-1.93E-06	-1.80E-11	-1.56E-06	-1.99E-11	-1.72E-06	-7.11E-09	6.14E-04	1.50E-04	1.18E-06
1	1	-99	447511	5.179525463	128	7.24582	13.258	1.28E-12	2.42E-06	2.78E-09	4.22E-05	4.72E-04	1.27E-02	1.53E-02	1.48E-02	1.49E-02	4.93E-03	-2.66E-05	4.80E-05	2.48E-07	0	0	-1.7252	-0.5799	-3.3612	-999.999	-1.50E+00	-2.20E-08	-1.90E-03	-1.28E-10	-1.11E-05	-2.21E-11	-1.91E-06	-1.80E-11	-1.56E-06	-1.99E-11	-1.72E-06	-7.10E-09	6.13E-04	1.49E-04	1.18E-06
1	1	-99	451111	5.22119213	129	7.24646	13.2605	1.28E-12	2.43E-06	2.78E-09	4.20E-05	4.72E-04	1.26E-02	1.51E-02	1.49E-02	1.51E-02	4.90E-03	-2.66E-05	4.82E-05	2.46E-07	0	0	-1.721	-0.5741	-3.3785	-999.999	-1.50E+00	-2.20E-08	-1.90E-03	-1.29E-10	-1.11E-05	-2.20E-11	-1.90E-06	-1.80E-11	-1.56E-06	-1.99E-11	-1.72E-06	-7.09E-09	6.13E-04	1.48E-04	1.19E-06
1	1	-99	454711	5.262858796	130	7.2471	13.263	1.28E-12	2.43E-06	2.78E-09	4.17E-05	4.73E-04	1.25E-02	1.50E-02	1.51E-02	1.53E-02	4.87E-03	-2.66E-05	4.85E-05	2.43E-07	0	0	-1.7167	-0.5684	-3.3957	-999.999	-1.50E+00	-2.19E-08	-1.89E-03	-1.29E-10	-1.11E-05	-2.18E-11	-1.88E-06	-1.80E-11	-1.56E-06	-1.99E-11	-1.72E-06	-7.08E-09	6.12E-04	1.48E-04	1.19E-06
1	1	-99	458311	5.304525463	131	7.24774	13.2653	1.28E-12	2.43E-06	2.78E-09	4.15E-05	4.73E-04	1.25E-02	1.48E-02	1.52E-02	1.54E-02	4.85E-03	-2.65E-05	4.87E-05	2.41E-07	0	0	-1.7125	-0.5628	-3.4127	-999.999	-1.50E+00	-2.19E-08	-1.89E-03	-1.29E-10	-1.12E-05	-2.16E-11	-1.87E-06	-1.80E-11	-1.56E-06	-1.99E-11	-1.72E-06	-7.07E-09	6.11E-04	1.47E-04	1.20E-06
1	1	-99	461911	5.34619213	132	7.24837	13.2676	1.28E-12	2.43E-06	2.78E-09	4.13E-05	4.73E-04	1.24E-02	1.47E-02	1.54E-02	1.56E-02	4.82E-03	-2.65E-05	4.90E-05	2.39E-07	0	0	-1.7084	-0.5572	-3.4295	-999.999	-1.50E+00	-2.18E-08	-1.89E-03	-1.30E-10	-1.12E-05	-2.15E-11	-1.85E-06	-1.80E-11	-1.56E-06	-1.99E-11	-1.72E-06	-7.06E-09	6.10E-04	1.46E-04	1.21E-06
1	1	-99	465511	5.387858796	133	7.24901	13.2699	1.28E-12	2.43E-06	2.78E-09	4.10E-05	4.73E-04	1.23E-02	1.45E-02	1.56E-02	1.57E-02	4.79E-03	-2.64E-05	4.92E-05	2.36E-07	0	0	-1.7042	-0.5517	-3.4461	-999.999	-1.50E+00	-2.18E-08	-1.88E-03	-1.30E-10	-1.12E-05	-2.13E-11	-1.84E-06	-1.80E-11	-1.56E-06	-1.99E-11	-1.72E-06	-7.04E-09	6.08E-04	1.45E-04	1.21E-06
1	1	-99	469111	5.429525463	134	7.24964	13.2721	1.28E-12	2.43E-06	2.78E-09	4.08E-05	4.73E-04	1.22E-02	1.44E-02	1.57E-02	1.59E-02	4.77E-03	-2.64E-05	4.94E-05	2.34E-07	0	0	-1.7001	-0.5462	-3.4625	-999.999	-1.51E+00	-2.17E-08	-1.88E-03	-1.30E-10	-1.12E-05	-2.11E-11	-1.82E-06	-1.80E-11	-1.56E-06	-1.99E-11	-1.72E-06	-7.03E-09	6.07E-04	1.44E-04	1.22E-06
1	1	-99	472711	5.47119213	135	7.25027	13.2742	1.28E-12	2.43E-06	2.78E-09	4.06E-05	4.73E-04	1.21E-02	1.42E-02	1.59E-02	1.60E-02	4.74E-03	-2.63E-05	4.97E-05	2.31E-07	0	0	-1.696	-0.5408	-3.4788	-999.999	-1.51E+00	-2.17E-08	-1.87E-03	-1.30E-10	-1.13E-05	-2.10E-11	-1.81E-06	-1.80E-11	-1.56E-06	-1.99E-11	-1.72E-06	-7.01E-09	6.06E-04	1.44E-04	1.22E-06
1	1	-99	476311	5.512858796	136	7.25089	13.2763	1.28E-12	2.43E-06	2.79E-09	4.03E-05	4.73E-04	1.21E-02	1.40E-02	1.60E-02	1.62E-02	4.71E-03	-2.63E-05	4.99E-05	2.29E-07	0	0	-1.6919	-0.5355	-3.4949	-999.999	-1.51E+00	-2.16E-08	-1.87E-03	-1.30E-10	-1.13E-05	-2.08E-11	-1.80E-06	-1.80E-11	-1.56E-06	-1.99E-11	-1.72E-06	-6.99E-09	6.04E-04	1.43E-04	1.23E-06
1	1	-99	479911	5.554525463	137	7.25152	13.2783	1.28E-12	2.43E-06	2.79E-09	4.01E-05	4.73E-04	1.20E-02	1.39E-02	1.62E-02	1.64E-02	4.69E-03	-2.62E-05	5.01E-05	2.26E-07	0	0	-1.6879	-0.5302	-3.5108	-999.999	-1.51E+00	-2.15E-08	-1.86E-03	-1.31E-10	-1.13E-05	-2.06E-11	-1.78E-06	-1.80E-11	-1.56E-06	-1.99E-11	-1.72E-06	-6.97E-09	6.02E-04	1.42E-04	1.23E-06
1	1	-99	483511	5.59619213	138	7.25214	13.2803	1.28E-12	2.43E-06	2.79E-09	3.99E-05	4.73E-04	1.19E-02	1.37E-02	1.63E-02	1.65E-02	4.66E-03	-2.61E-05	5.03E-05	2.24E-07	0	0	-1.6838	-0.525	-3.5265	-999.999	-1.51E+00	-2.15E-08	-1.85E-03	-1.31E-10	-1.13E-05	-2.04E-11	-1.77E-06	-1.80E-11	-1.56E-06	-1.99E-11	-1.72E-06	-6.95E-09	6.01E-04	1.41E-04	1.24E-06
1	1	-99	487111	5.637858796	139	7.25276	13.2823	1.28E-12	2.44E-06	2.79E-09	3.97E-05	4.73E-04	1.18E-02	1.36E-02	1.65E-02	1.67E-02	4.64E-03	-2.61E-05	5.06E-05	2.21E-07	0	0	-1.6798	-0.5198	-3.542	-999.999	-1.51E+00	-2.14E-08	-1.85E-03	-1.31E-10	-1.13E-05	-2.03E-11	-1.75E-06	-1.80E-11	-1.56E-06	-1.99E-11	-1.72E-06	-6.93E-09	5.99E-04	1.40E-04	1.25E-06
1	1	-99	490711	5.679525463	140	7.25338	13.2842	1.28E-12	2.44E-06	2.79E-09	3.94E-05	4.73E-04	1.18E-02	1.34E-02	1.67E-02	1.68E-02	4.61E-03	-2.60E-05	5.08E-05	2.19E-07	0	0	-1.6759	-0.5147	-3.5574	-999.999	-1.51E+00	-2.13E-08	-1.84E-03	-1.31E-10	-1.13E-05	-2.01E-11	-1.74E-06	-1.80E-11	-1.56E-06	-1.99E-11	-1.72E-06	-6.91E-09	5.97E-04	1.40E-04	1.25E-06
1	1	-99	494311	5.72119213	141	7.25399	13.286	1.28E-12	2.44E-06	2.79E-09	3.92E-05	4.73E-04	1.17E-02	1.33E-02	1.68E-02	1.70E-02	4.58E-03	-2.59E-05	5.10E-05	2.16E-07	0	0	-1.6719	-0.5097	-3.5726	-999.999	-1.51E+00	-2.12E-08	-1.83E-03	-1.31E-10	-1.13E-05	-1.99E-11	-1.72E-06	-1.80E-11	-1.56E-06	-1.99E-11	-1.72E-06	-6.88E-09	5.94E-04	1.39E-04	1.26E-06
1	1	-99	497911	5.762858796	142	7.2546	13.2879	1.27E-12	2.44E-06	2.79E-09	3.90E-05	4.73E-04	1.16E-02	1.31E-02	1.70E-02	1.71E-02	4.56E-03	-2.58E-05	5.12E-05	2.14E-07	0	0	-1.668	-0.5047	-3.5877	-999.999	-1.51E+00	-2.11E-08	-1.83E-03	-1.31E-10	-1.13E-05	-1.97E-11	-1.71E-06	-1.80E-11	-1.56E-06	-1.99E-11	-1.72E-06	-6.85E-09	5.92E-04	1.38E-04	1.26E-06
1	1	-99	501511	5.804525463	143	7.25521	13.2896	1.27E-12	2.44E-06	2.79E-09	3.88E-05	4.73E-04	1.15E-02	1.30E-02	1.71E-02	1.73E-02	4.53E-03	-2.57E-05	5.14E-05	2.11E-07	0	0	-1.664	-0.4997	-3.6025	-999.999	-1.51E+00	-2.11E-08	-1.82E-03	-1.31E-10	-1.13E-05	-1.96E-11	-1.69E-06	-1.80E-11	-1.56E-06	-1.99E-11	-1.72E-06	-6.83E-09	5.90E-04	1.37E-04	1.27E-06
1	1	-99	505111	5.84619213	144	7.25581	13.2914	1.27E-12	2.44E-06	2.79E-09	3.86E-05	4.73E-04	1.15E-02	1.28E-02	1.73E-02	1.74E-02	4.51E-03	-2.56E-05	5.16E-05	2.09E-07	0	0	-1.6602	-0.4949	-3.6172	-999.999	-1.52E+00	-2.10E-08	-1.81E-03	-1.31E-10	-1.13E-05	-1.94E-11	-1.68E-06	-1.80E-11	-1.56E-06	-1.99E-11	-1.72E-06	-6.80E-09	5.87E-04	1.36E-04	1.27E-06
1	1	-99	508711	5.887858796	145	7.25642	13.2931	1.27E-12	2.44E-06	2.79E-09	3.84E-05	4.72E-04	1.14E-02	1.27E-02	1.74E-02	1.76E-02	4.48E-03	-2.55E-05	5.18E-05	2.06E-07	0	0	-1.6563	-0.4901	-3.6317	-999.999	-1.52E+00	-2.09E-08	-1.80E-03	-1.31E-10	-1.13E-05	-1.92E-11	-1.66E-06	-1.80E-11	-1.56E-06	-1.99E-11	-1.72E-06	-6.77E-09	5.85E-04	1.36E-04	1.28E-06
1	1	-99	512311	5.929525463	146	7.25701	13.2947	1.27E-12	2.44E-06	2.79E-09	3.82E-05	4.72E-04	1.13E-02	1.25E-02	1.76E-02	1.77E-02	4.46E-03	-2.54E-05	5.20E-05	2.04E-07	0	0	-1.6524	-0.4853	-3.646	-999.999	-1.52E+00	-2.08E-08	-1.79E-03	-1.31E-10	-1.13E-05	-1.91E-11	-1.65E-06	-1.80E-11	-1.56E-06	-2.00E-11	-1.72E-06	-6.74E-09	5.82E-04	1.35E-04	1.28E-06
1	1	-99	515911	5.97119213	147	7.25761	13.2964	1.27E-12	2.45E-06	2.79E-09	3.80E-05	4.72E-04	1.12E-02	1.24E-02	1.77E-02	1.79E-02	4.43E-03	-2.53E-05	5.22E-05	2.01E-07	0	0	-1.6486	-0.4806	-3.6602	-999.999	-1.52E+00	-2.07E-08	-1.79E-03	-1.31E-10	-1.13E-05	-1.89E-11	-1.63E-06	-1.80E-11	-1.56E-06	-2.00E-11	-1.72E-06	-6.71E-09	5.80E-04	1.34E-04	1.29E-06
1	1	-99	519511	6.012858796	148	7.2582	13.298	1.27E-12	2.45E-06	2.79E-09	3.78E-05	4.71E-04	1.12E-02	1.22E-02	1.79E-02	1.80E-02	4.41E-03	-2.52E-05	5.24E-05	1.99E-07	0	0	-1.6448	-0.4759	-3.6742	-999.999	-1.52E+00	-2.06E-08	-1.78E-03	-1.31E-10	-1.13E-05	-1.87E-11	-1.62E-06	-1.80E-11	-1.56E-06	-2.00E-11	-1.72E-06	-6.68E-09	5.77E-04	1.33E-04	1.29E-06
1	1	-99	523111	6.054525463	149	7.25879	13.2995	1.27E-12	2.45E-06	2.79E-09	3.76E-05	4.71E-04	1.11E-02	1.21E-02	1.80E-02	1.82E-02	4.38E-03	-2.51E-05	5.26E-05	1.96E-07	0	0	-1.641	-0.4713	-3.688	-999.999	-1.52E+00	-2.04E-08	-1.77E-03	-1.31E-10	-1.13E-05	-1.85E-11	-1.60E-06	-1.80E-11	-1.56E-06	-2.00E-11	-1.72E-06	-6.64E-09	5.74E-04	1.33E-04	1.30E-06
1	1	-99	526711	6.09619213	150	7.25938	13.3011	1.27E-12	2.45E-06	2.79E-09	3.74E-05	4.71E-04	1.10E-02	1.19E-02	1.82E-02	1.83E-02	4.36E-03	-2.49E-05	5.28E-05	1.94E-07	0	0	-1.6372	-0.4668	-3.7017	-999.999	-1.52E+00	-2.03E-08	-1.76E-03	-1.31E-10	-1.13E-05	-1.84E-11	-1.59E-06	-1.80E-11	-1.56E-06	-2.00E-11	-1.72E-06	-6.61E-09	5.71E-04	1.32E-04	1.30E-06
1	1	-99	530311	6.137858796	151	7.25996	13.3026	1.27E-12	2.45E-06	2.79E-09	3.72E-05	4.70E-04	1.09E-02	1.18E-02	1.83E-02	1.85E-02	4.33E-03	-2.48E-05	5.30E-05	1.91E-07	0	0	-1.6335	-0.4623	-3.7152	-999.999	-1.53E+00	-2.02E-08	-1.75E-03	-1.31E-10	-1.13E-05	-1.82E-11	-1.57E-06	-1.80E-11	-1.56E-06	-2.00E-11	-1.72E-06	-6.57E-09	5.68E-04	1.31E-04	1.31E-06
1	1	-99	533911	6.179525463	152	7.26053	13.304	1.27E-12	2.45E-06	2.79E-09	3.70E-05	4.70E-04	1.09E-02	1.16E-02	1.85E-02	1.86E-02	4.31E-03	-2.47E-05	5.32E-05	1.89E-07	0	0	-1.6297	-0.4579	-3.7285	-999.999	-1.53E+00	-2.01E-08	-1.74E-03	-1.30E-10	-1.13E-05	-1.80E-11	-1.56E-06	-1.80E-11	-1.56E-06	-2.00E-11	-1.72E-06	-6.53E-09	5.65E-04	1.30E-04	1.31E-06
1	1	-99	537511	6.22119213	153	7.26111	13.3055	1.27E-12	2.45E-06	2.79E-09	3.68E-05	4.69E-04	1.08E-02	1.15E-02	1.86E-02	1.88E-02	4.28E-03	-2.45E-05	5.34E-05	1.86E-07	0	0	-1.626	-0.4535	-3.7417	-999.999	-1.53E+00	-2.00E-08	-1.73E-03	-1.30E-10	-1.13E-05	-1.78E-11	-1.54E-06	-1.80E-11	-1.56E-06	-2.00E-11	-1.72E-06	-6.50E-09	5.61E-04	1.30E-04	1.32E-06
1	1	-99	541111	6.262858796	154	7.26168	13.3069	1.27E-12	2.46E-06	2.79E-09	3.66E-05	4.69E-04	1.07E-02	1.13E-02	1.87E-02	1.89E-02	4.26E-03	-2.44E-05	5.36E-05	1.84E-07	0	0	-1.6223	-0.4492	-3.7547	-999.999	-1.53E+00	-1.98E-08	-1.71E-03	-1.30E-10	-1.12E-05	-1.77E-11	-1.53E-06	-1.80E-11	-1.56E-06	-2.00E-11	-1.72E-06	-6.46E-09	5.58E-04	1.29E-04	1.32E-06
1	1	-99	544711	6.304525463	155	7.26225	13.3082	1.27E-12	2.46E-06	2.79E-09	3.65E-05	4.68E-04	1.07E-02	1.12E-02	1.89E-02	1.90E-02	4.23E-03	-2.42E-05	5.38E-05	1.81E-07	0	0	-1.6186	-0.4449	-3.7675	-999.999	-1.53E+00	-1.97E-08	-1.70E-03	-1.30E-10	-1.12E-05	-1.75E-11	-1.51E-06	-1.80E-11	-1.56E-06	-2.00E-11	-1.72E-06	-6.42E-09	5.55E-04	1.28E-04	1.32E-06
1	1	-99	548311	6.34619213	156	7.26281	13.3096	1.27E-12	2.46E-06	2.79E-09	3.63E-05	4.68E-04	1.06E-02	1.11E-02	1.90E-02	1.92E-02	4.21E-03	-2.41E-05	5.39E-05	1.79E-07	0	0	-1.615	-0.4407	-3.7802	-999.999	-1.53E+00	-1.96E-08	-1.69E-03	-1.30E-10	-1.12E-05	-1.73E-11	-1.50E-06	-1.80E-11	-1.56E-06	-2.00E-11	-1.72E-06	-6.38E-09	5.51E-04	1.27E-04	1.33E-06
1	1	-99	551911	6.387858796	157	7.26337	13.3109	1.27E-12	2.46E-06	2.79E-09	3.61E-05	4.67E-04	1.05E-02	1.09E-02	1.92E-02	1.93E-02	4.19E-03	-2.40E-05	5.41E-05	1.76E-07	0	0	-1.6113	-0.4366	-3.7927	-999.999	-1.53E+00	-1.95E-08	-1.68E-03	-1.29E-10	-1.12E-05	-1.71E-11	-1.48E-06	-1.80E-11	-1.56E-06	-2.00E-11	-1.72E-06	-6.34E-09	5.47E-04	1.27E-04	1.33E-06
1	1	-99	555511	6.429525463	158	7.26392	13.3122	1.27E-12	2.46E-06	2.79E-09	3.59E-05	4.67E-04	1.04E-02	1.08E-02	1.93E-02	1.95E-02	4.16E-03	-2.38E-05	5.43E-05	1.74E-07	0	0	-1.6077	-0.4324	-3.8051	-999.999	-1.54E+00	-1.93E-08	-1.67E-03	-1.29E-10	-1.11E-05	-1.70E-11	-1.47E-06	-1.80E-11	-1.56E-06	-2.00E-11	-1.72E-06	-6.29E-09	5.44E-04	1.26E-04	1.34E-06
1	1	-99	559111	6.47119213	159	7.26447	13.3135	1.27E-12	2.46E-06	2.79E-09	3.58E-05	4.66E-04	1.04E-02	1.06E-02	1.94E-02	1.96E-02	4.14E-03	-2.36E-05	5.45E-05	1.71E-07	0	0	-1.6041	-0.4284	-3.8173	-999.999	-1.54E+00	-1.92E-08	-1.66E-03	-1.29E-10	-1.11E-05	-1.68E-11	-1.45E-06	-1.80E-11	-1.56E-06	-2.00E-11	-1.72E-06	-6.25E-09	5.40E-04	1.25E-04	1.34E-06
1	1	-99	562711	6.512858796	160	7.26502	13.3147	1.27E-12	2.47E-06	2.79E-09	3.56E-05	4.65E-04	1.03E-02	1.05E-02	1.96E-02	1.97E-02	4.11E-03	-2.35E-05	5.46E-05	1.69E-07	0	0	-1.6005	-0.4244	-3.8293	-999.999	-1.54E+00	-1.90E-08	-1.64E-03	-1.28E-10	-1.11E-05	-1.66E-11	-1.44E-06	-1.80E-11	-1.56E-06	-2.00E-11	-1.73E-06	-6.21E-09	5.36E-04	1.25E-04	1.35E-06
1	1	-99	566311	6.554525463	161	7.26556	13.3159	1.27E-12	2.47E-06	2.79E-09	3.54E-05	4.64E-04	1.02E-02	1.04E-02	1.97E-02	1.99E-02	4.09E-03	-2.33E-05	5.48E-05	1.66E-07	0	0	-1.5969	-0.4204	-3.8411	-999.999	-1.54E+00	-1.89E-08	-1.63E-03	-1.28E-10	-1.11E-05	-1.64E-11	-1.42E-06	-1.80E-11	-1.56E-06	-2.00E-11	-1.73E-06	-6.16E-09	5.32E-04	1.24E-04	1.35E-06
1	1	-99	569911	6.59619213	162	7.2661	13.3171	1.27E-12	2.47E-06	2.79E-09	3.53E-05	4.64E-04	1.02E-02	1.02E-02	1.99E-02	2.00E-02	4.07E-03	-2.32E-05	5.50E-05	1.64E-07	0	0	-1.5934	-0.4165	-3.8529	-999.999	-1.54E+00	-1.88E-08	-1.62E-03	-1.28E-10	-1.10E-05	-1.63E-11	-1.41E-06	-1.80E-11	-1.56E-06	-2.00E-11	-1.73E-06	-6.12E-09	5.29E-04	1.23E-04	1.35E-06
1	1	-99	573511	6.637858796	163	7.26664	13.3183	1.27E-12	2.47E-06	2.79E-09	3.51E-05	4.63E-04	1.01E-02	1.01E-02	2.00E-02	2.02E-02	4.04E-03	-2.30E-05	5.51E-05	1.61E-07	0	0	-1.5898	-0.4127	-3.8644	-999.999	-1.54E+00	-1.86E-08	-1.61E-03	-1.27E-10	-1.10E-05	-1.61E-11	-1.39E-06	-1.80E-11	-1.56E-06	-2.00E-11	-1.73E-06	-6.07E-09	5.25E-04	1.22E-04	1.36E-06
1	1	-99	577111	6.679525463	164	7.26717	13.3194	1.27E-12	2.47E-06	2.80E-09	3.49E-05	4.62E-04	1.00E-02	9.95E-03	2.01E-02	2.03E-02	4.02E-03	-2.28E-05	5.53E-05	1.59E-07	0	0	-1.5863	-0.4089	-3.8758	-999.999	-1.54E+00	-1.85E-08	-1.59E-03	-1.27E-10	-1.10E-05	-1.59E-11	-1.38E-06	-1.80E-11	-1.56E-06	-2.00E-11	-1.73E-06	-6.03E-09	5.21E-04	1.22E-04	1.36E-06
1	1	-99	580711	6.72119213	165	7.26769	13.3206	1.27E-12	2.47E-06	2.80E-09	3.48E-05	4.61E-04	9.97E-03	9.82E-03	2.03E-02	2.04E-02	4.00E-03	-2.27E-05	5.54E-05	1.56E-07	0	0	-1.5828	-0.4051	-3.8871	-999.999	-1.55E+00	-1.83E-08	-1.58E-03	-1.26E-10	-1.09E-05	-1.58E-11	-1.36E-06	-1.80E-11	-1.56E-06	-2.00E-11	-1.73E-06	-5.98E-09	5.16E-04	1.21E-04	1.37E-06
1	1	-99	584311	6.762858796	166	7.26821	13.3217	1.27E-12	2.48E-06	2.80E-09	3.46E-05	4.61E-04	9.90E-03	9.69E-03	2.04E-02	2.06E-02	3.98E-03	-2.25E-05	5.56E-05	1.54E-07	0	0	-1.5792	-0.4015	-3.8981	-999.999	-1.55E+00	-1.82E-08	-1.57E-03	-1.26E-10	-1.09E-05	-1.56E-11	-1.35E-06	-1.80E-11	-1.56E-06	-2.00E-11	-1.73E-06	-5.93E-09	5.12E-04	1.20E-04	1.37E-06
1	1	-99	587911	6.804525463	167	7.26873	13.3227	1.27E-12	2.48E-06	2.80E-09	3.45E-05	4.60E-04	9.84E-03	9.56E-03	2.05E-02	2.07E-02	3.95E-03	-2.23E-05	5.57E-05	1.51E-07	0	0	-1.5758	-0.3978	-3.9091	-999.999	-1.55E+00	-1.80E-08	-1.55E-03	-1.25E-10	-1.08E-05	-1.54E-11	-1.33E-06	-1.80E-11	-1.56E-06	-2.00E-11	-1.73E-06	-5.88E-09	5.08E-04	1.20E-04	1.37E-06
1	1	-99	591511	6.84619213	168	7.26924	13.3238	1.27E-12	2.48E-06	2.80E-09	3.43E-05	4.59E-04	9.77E-03	9.43E-03	2.06E-02	2.08E-02	3.93E-03	-2.21E-05	5.59E-05	1.49E-07	0	0	-1.5723	-0.3942	-3.9199	-999.999	-1.55E+00	-1.78E-08	-1.54E-03	-1.25E-10	-1.08E-05	-1.53E-11	-1.32E-06	-1.80E-11	-1.56E-06	-2.00E-11	-1.73E-06	-5.83E-09	5.04E-04	1.19E-04	1.38E-06
1	1	-99	595111	6.887858796	169	7.26975	13.3248	1.27E-12	2.48E-06	2.80E-09	3.42E-05	4.58E-04	9.71E-03	9.30E-03	2.08E-02	2.09E-02	3.91E-03	-2.19E-05	5.60E-05	1.47E-07	0	0	-1.5688	-0.3907	-3.9305	-999.999	-1.55E+00	-1.77E-08	-1.53E-03	-1.24E-10	-1.07E-05	-1.51E-11	-1.30E-06	-1.80E-11	-1.56E-06	-2.00E-11	-1.73E-06	-5.78E-09	5.00E-04	1.18E-04	1.38E-06
1	1	-99	598711	6.929525463	170	7.27026	13.3258	1.27E-12	2.48E-06	2.80E-09	3.40E-05	4.57E-04	9.64E-03	9.17E-03	2.09E-02	2.11E-02	3.89E-03	-2.18E-05	5.62E-05	1.44E-07	0	0	-1.5654	-0.3872	-3.941	-999.999	-1.56E+00	-1.75E-08	-1.51E-03	-1.24E-10	-1.07E-05	-1.49E-11	-1.29E-06	-1.80E-11	-1.56E-06	-2.00E-11	-1.73E-06	-5.73E-09	4.95E-04	1.18E-04	1.38E-06
1	1	-99	602311	6.97119213	171	7.27076	13.3268	1.27E-12	2.49E-06	2.80E-09	3.39E-05	4.56E-04	9.58E-03	9.04E-03	2.10E-02	2.12E-02	3.87E-03	-2.16E-05	5.63E-05	1.42E-07	0	0	-1.5619	-0.3837	-3.9513	-999.999	-1.56E+00	-1.74E-08	-1.50E-03	-1.23E-10	-1.07E-05	-1.47E-11	-1.27E-06	-1.80E-11	-1.56E-06	-2.00E-11	-1.73E-06	-5.68E-09	4.91E-04	1.17E-04	1.39E-06
1	1	-99	605911	7.012858796	172	7.27125	13.3278	1.27E-12	2.49E-06	2.80E-09	3.38E-05	4.55E-04	9.52E-03	8.92E-03	2.12E-02	2.13E-02	3.85E-03	-2.14E-05	5.65E-05	1.39E-07	0	0	-1.5585	-0.3803	-3.9615	-999.999	-1.56E+00	-1.72E-08	-1.49E-03	-1.23E-10	-1.06E-05	-1.46E-11	-1.26E-06	-1.80E-11	-1.56E-06	-2.00E-11	-1.73E-06	-5.63E-09	4.87E-04	1.16E-04	1.39E-06
1	1	-99	609511	7.054525463	173	7.27174	13.3288	1.27E-12	2.49E-06	2.80E-09	3.36E-05	4.54E-04	9.46E-03	8.80E-03	2.13E-02	2.14E-02	3.82E-03	-2.12E-05	5.66E-05	1.37E-07	0	0	-1.5551	-0.377	-3.9715	-999.999	-1.56E+00	-1.70E-08	-1.47E-03	-1.22E-10	-1.06E-05	-1.44E-11	-1.25E-06	-1.80E-11	-1.56E-06	-2.00E-11	-1.73E-06	-5.58E-09	4.82E-04	1.16E-04	1.39E-06
1	1	-99	613111	7.09619213	174	7.27223	13.3297	1.27E-12	2.49E-06	2.80E-09	3.35E-05	4.53E-04	9.40E-03	8.67E-03	2.14E-02	2.16E-02	3.80E-03	-2.10E-05	5.67E-05	1.35E-07	0	0	-1.5517	-0.3736	-3.9814	-999.999	-1.56E+00	-1.69E-08	-1.46E-03	-1.22E-10	-1.05E-05	-1.43E-11	-1.23E-06	-1.80E-11	-1.56E-06	-2.00E-11	-1.73E-06	-5.53E-09	4.78E-04	1.15E-04	1.40E-06
1	1	-99	616711	7.137858796	175	7.27271	13.3306	1.27E-12	2.49E-06	2.80E-09	3.34E-05	4.52E-04	9.34E-03	8.55E-03	2.15E-02	2.17E-02	3.78E-03	-2.08E-05	5.69E-05	1.32E-07	0	0	-1.5483	-0.3704	-3.9912	-999.999	-1.56E+00	-1.67E-08	-1.44E-03	-1.21E-10	-1.05E-05	-1.41E-11	-1.22E-06	-1.80E-11	-1.56E-06	-2.00E-11	-1.73E-06	-5.48E-09	4.73E-04	1.15E-04	1.40E-06
1	1	-99	620311	7.179525463	176	7.27319	13.3315	1.27E-12	2.50E-06	2.80E-09	3.32E-05	4.51E-04	9.28E-03	8.43E-03	2.16E-02	2.18E-02	3.76E-03	-2.06E-05	5.70E-05	1.30E-07	0	0	-1.545	-0.3672	-4.0008	-999.999	-1.57E+00	-1.66E-08	-1.43E-03	-1.20E-10	-1.04E-05	-1.39E-11	-1.20E-06	-1.80E-11	-1.56E-06	-2.00E-11	-1.73E-06	-5.43E-09	4.69E-04	1.14E-04	1.40E-06
1	1	-99	623911	7.22119213	177	7.27366	13.3324	1.27E-12	2.50E-06	2.80E-09	3.31E-05	4.50E-04	9.22E-03	8.31E-03	2.18E-02	2.19E-02	3.74E-03	-2.04E-05	5.71E-05	1.27E-07	0	0	-1.5416	-0.364	-4.0103	-999.999	-1.57E+00	-1.64E-08	-1.42E-03	-1.20E-10	-1.03E-05	-1.38E-11	-1.19E-06	-1.80E-11	-1.56E-06	-2.00E-11	-1.73E-06	-5.37E-09	4.64E-04	1.13E-04	1.41E-06
1	1	-99	627511	7.262858796	178	7.27413	13.3333	1.27E-12	2.50E-06	2.80E-09	3.30E-05	4.48E-04	9.16E-03	8.19E-03	2.19E-02	2.20E-02	3.72E-03	-2.03E-05	5.72E-05	1.25E-07	0	0	-1.5383	-0.3609	-4.0196	-999.999	-1.57E+00	-1.62E-08	-1.40E-03	-1.19E-10	-1.03E-05	-1.36E-11	-1.17E-06	-1.80E-11	-1.56E-06	-2.00E-11	-1.73E-06	-5.32E-09	4.60E-04	1.13E-04	1.41E-06
1	1	-99	631111	7.304525463	179	7.27459	13.3342	1.27E-12	2.50E-06	2.80E-09	3.29E-05	4.47E-04	9.10E-03	8.08E-03	2.20E-02	2.22E-02	3.70E-03	-2.01E-05	5.74E-05	1.23E-07	0	0	-1.535	-0.3578	-4.0288	-999.999	-1.57E+00	-1.61E-08	-1.39E-03	-1.18E-10	-1.02E-05	-1.34E-11	-1.16E-06	-1.80E-11	-1.56E-06	-2.00E-11	-1.73E-06	-5.27E-09	4.55E-04	1.12E-04	1.41E-06
1	1	-99	634711	7.34619213	180	7.27505	13.335	1.27E-12	2.50E-06	2.80E-09	3.27E-05	4.46E-04	9.04E-03	7.96E-03	2.21E-02	2.23E-02	3.68E-03	-1.99E-05	5.75E-05	1.20E-07	0	0	-1.5316	-0.3547	-4.0378	-999.999	-1.57E+00	-1.59E-08	-1.37E-03	-1.18E-10	-1.02E-05	-1.33E-11	-1.15E-06	-1.80E-11	-1.56E-06	-2.00E-11	-1.73E-06	-5.22E-09	4.51E-04	1.11E-04	1.42E-06
1	1	-99	638311	7.387858796	181	7.27551	13.3358	1.27E-12	2.51E-06	2.80E-09	3.26E-05	4.45E-04	8.99E-03	7.85E-03	2.22E-02	2.24E-02	3.66E-03	-1.97E-05	5.76E-05	1.18E-07	0	0	-1.5283	-0.3518	-4.0467	-999.999	-1.58E+00	-1.57E-08	-1.36E-03	-1.17E-10	-1.01E-05	-1.31E-11	-1.13E-06	-1.80E-11	-1.56E-06	-2.00E-11	-1.73E-06	-5.16E-09	4.46E-04	1.11E-04	1.42E-06
1	1	-99	641911	7.429525463	182	7.27596	13.3366	1.27E-12	2.51E-06	2.80E-09	3.25E-05	4.44E-04	8.93E-03	7.74E-03	2.23E-02	2.25E-02	3.64E-03	-1.95E-05	5.77E-05	1.16E-07	0	0	-1.525	-0.3488	-4.0555	-999.999	-1.58E+00	-1.55E-08	-1.34E-03	-1.16E-10	-1.00E-05	-1.30E-11	-1.12E-06	-1.80E-11	-1.56E-06	-2.00E-11	-1.73E-06	-5.11E-09	4.41E-04	1.10E-04	1.42E-06
1	1	-99	645511	7.47119213	183	7.2764	13.3374	1.27E-12	2.51E-06	2.81E-09	3.24E-05	4.42E-04	8.87E-03	7.62E-03	2.24E-02	2.26E-02	3.62E-03	-1.93E-05	5.78E-05	1.14E-07	0	0	-1.5218	-0.3459	-4.0641	-999.999	-1.58E+00	-1.54E-08	-1.33E-03	-1.16E-10	-9.98E-06	-1.28E-11	-1.11E-06	-1.80E-11	-1.56E-06	-2.00E-11	-1.73E-06	-5.06E-09	4.37E-04	1.10E-04	1.43E-06
1	1	-99	649111	7.512858796	184	7.27684	13.3382	1.27E-12	2.51E-06	2.81E-09	3.23E-05	4.41E-04	8.82E-03	7.51E-03	2.26E-02	2.27E-02	3.60E-03	-1.91E-05	5.80E-05	1.11E-07	0	0	-1.5185	-0.343	-4.0726	-999.999	-1.58E+00	-1.52E-08	-1.31E-03	-1.15E-10	-9.92E-06	-1.26E-11	-1.09E-06	-1.80E-11	-1.56E-06	-2.00E-11	-1.73E-06	-5.00E-09	4.32E-04	1.09E-04	1.43E-06
1	1	-99	652711	7.554525463	185	7.27728	13.3389	1.27E-12	2.52E-06	2.81E-09	3.22E-05	4.40E-04	8.77E-03	7.40E-03	2.27E-02	2.28E-02	3.59E-03	-1.89E-05	5.81E-05	1.09E-07	0	0	-1.5152	-0.3402	-4.081	-999.999	-1.58E+00	-1.50E-08	-1.30E-03	-1.14E-10	-9.86E-06	-1.25E-11	-1.08E-06	-1.80E-11	-1.56E-06	-2.00E-11	-1.73E-06	-4.95E-09	4.28E-04	1.09E-04	1.43E-06
1	1	-99	656311	7.59619213	186	7.27771	13.3397	1.27E-12	2.52E-06	2.81E-09	3.21E-05	4.39E-04	8.71E-03	7.30E-03	2.28E-02	2.29E-02	3.57E-03	-1.87E-05	5.82E-05	1.07E-07	0	0	-1.512	-0.3374	-4.0892	-999.999	-1.59E+00	-1.49E-08	-1.29E-03	-1.13E-10	-9.79E-06	-1.23E-11	-1.07E-06	-1.80E-11	-1.56E-06	-2.00E-11	-1.73E-06	-4.90E-09	4.23E-04	1.08E-04	1.43E-06
1	1	-99	659911	7.637858796	187	7.27814	13.3404	1.27E-12	2.52E-06	2.81E-09	3.20E-05	4.37E-04	8.66E-03	7.19E-03	2.29E-02	2.30E-02	3.55E-03	-1.85E-05	5.83E-05	1.05E-07	0	0	-1.5088	-0.3347	-4.0973	-999.999	-1.59E+00	-1.47E-08	-1.27E-03	-1.13E-10	-9.72E-06	-1.22E-11	-1.05E-06	-1.80E-11	-1.56E-06	-2.00E-11	-1.73E-06	-4.84E-09	4.18E-04	1.07E-04	1.44E-06
1	1	-99	663511	7.679525463	188	7.27856	13.3411	1.27E-12	2.52E-06	2.81E-09	3.19E-05	4.36E-04	8.61E-03	7.08E-03	2.30E-02	2.32E-02	3.53E-03	-1.83E-05	5.84E-05	1.02E-07	0	0	-1.5055	-0.332	-4.1053	-999.999	-1.59E+00	-1.45E-08	-1.26E-03	-1.12E-10	-9.66E-06	-1.20E-11	-1.04E-06	-1.80E-11	-1.56E-06	-2.00E-11	-1.73E-06	-4.79E-09	4.14E-04	1.07E-04	1.44E-06
1	1	-99	667111	7.72119213	189	7.27898	13.3418	1.26E-12	2.53E-06	2.81E-09	3.18E-05	4.35E-04	8.55E-03	6.98E-03	2.31E-02	2.33E-02	3.51E-03	-1.81E-05	5.85E-05	1.00E-07	0	0	-1.5023	-0.3293	-4.1131	-999.999	-1.59E+00	-1.44E-08	-1.24E-03	-1.11E-10	-9.59E-06	-1.19E-11	-1.03E-06	-1.80E-11	-1.56E-06	-2.00E-11	-1.73E-06	-4.74E-09	4.09E-04	1.06E-04	1.44E-06
1	1	-99	670711	7.762858796	190	7.27939	13.3425	1.26E-12	2.53E-06	2.81E-09	3.17E-05	4.33E-04	8.50E-03	6.88E-03	2.32E-02	2.34E-02	3.49E-03	-1.79E-05	5.86E-05	9.81E-08	0	0	-1.4991	-0.3267	-4.1209	-999.999	-1.59E+00	-1.42E-08	-1.23E-03	-1.10E-10	-9.52E-06	-1.17E-11	-1.01E-06	-1.80E-11	-1.56E-06	-2.00E-11	-1.73E-06	-4.68E-09	4.05E-04	1.06E-04	1.44E-06
1	1	-99	674311	7.804525463	191	7.2798	13.3432	1.26E-12	2.53E-06	2.81E-09	3.16E-05	4.32E-04	8.45E-03	6.77E-03	2.33E-02	2.35E-02	3.48E-03	-1.77E-05	5.87E-05	9.59E-08	0	0	-1.4959	-0.3241	-4.1285	-999.999	-1.60E+00	-1.40E-08	-1.21E-03	-1.09E-10	-9.45E-06	-1.16E-11	-1.00E-06	-1.80E-11	-1.56E-06	-2.00E-11	-1.73E-06	-4.63E-09	4.00E-04	1.05E-04	1.45E-06
1	1	-99	677911	7.84619213	192	7.28021	13.3439	1.26E-12	2.53E-06	2.81E-09	3.15E-05	4.31E-04	8.40E-03	6.67E-03	2.34E-02	2.36E-02	3.46E-03	-1.75E-05	5.88E-05	9.38E-08	0	0	-1.4927	-0.3216	-4.1359	-999.999	-1.60E+00	-1.39E-08	-1.20E-03	-1.09E-10	-9.38E-06	-1.14E-11	-9.88E-07	-1.80E-11	-1.56E-06	-2.00E-11	-1.73E-06	-4.58E-09	3.95E-04	1.05E-04	1.45E-06
1	1	-99	681511	7.887858796	193	7.28061	13.3445	1.26E-12	2.54E-06	2.81E-09	3.14E-05	4.29E-04	8.35E-03	6.57E-03	2.35E-02	2.37E-02	3.44E-03	-1.73E-05	5.89E-05	9.17E-08	0	0	-1.4896	-0.3191	-4.1433	-999.999	-1.60E+00	-1.37E-08	-1.18E-03	-1.08E-10	-9.31E-06	-1.13E-11	-9.75E-07	-1.80E-11	-1.56E-06	-2.00E-11	-1.73E-06	-4.52E-09	3.91E-04	1.04E-04	1.45E-06
1	1	-99	685111	7.929525463	194	7.281	13.3452	1.26E-12	2.54E-06	2.81E-09	3.13E-05	4.28E-04	8.30E-03	6.47E-03	2.36E-02	2.38E-02	3.42E-03	-1.71E-05	5.89E-05	8.96E-08	0	0	-1.4864	-0.3167	-4.1505	-999.999	-1.60E+00	-1.35E-08	-1.17E-03	-1.07E-10	-9.23E-06	-1.11E-11	-9.63E-07	-1.80E-11	-1.56E-06	-2.00E-11	-1.73E-06	-4.47E-09	3.86E-04	1.04E-04	1.45E-06
1	1	-99	688711	7.97119213	195	7.2814	13.3458	1.26E-12	2.54E-06	2.81E-09	3.12E-05	4.26E-04	8.25E-03	6.38E-03	2.37E-02	2.39E-02	3.41E-03	-1.69E-05	5.90E-05	8.75E-08	0	0	-1.4833	-0.3142	-4.1576	-999.999	-1.60E+00	-1.34E-08	-1.15E-03	-1.06E-10	-9.16E-06	-1.10E-11	-9.50E-07	-1.80E-11	-1.56E-06	-2.00E-11	-1.73E-06	-4.42E-09	3.82E-04	1.03E-04	1.45E-06
1	1	-99	692311	8.012858796	196	7.28178	13.3464	1.26E-12	2.54E-06	2.81E-09	3.11E-05	4.25E-04	8.21E-03	6.28E-03	2.38E-02	2.40E-02	3.39E-03	-1.67E-05	5.91E-05	8.54E-08	0	0	-1.4801	-0.3118	-4.1646	-999.999	-1.61E+00	-1.32E-08	-1.14E-03	-1.05E-10	-9.09E-06	-1.09E-11	-9.38E-07	-1.80E-11	-1.56E-06	-2.00E-11	-1.73E-06	-4.36E-09	3.77E-04	1.03E-04	1.46E-06
1	1	-99	695911	8.054525463	197	7.28217	13.347	1.26E-12	2.55E-06	2.81E-09	3.10E-05	4.24E-04	8.16E-03	6.19E-03	2.39E-02	2.40E-02	3.37E-03	-1.65E-05	5.92E-05	8.34E-08	0	0	-1.477	-0.3095	-4.1715	-999.999	-1.61E+00	-1.30E-08	-1.13E-03	-1.04E-10	-9.01E-06	-1.07E-11	-9.26E-07	-1.80E-11	-1.56E-06	-2.00E-11	-1.73E-06	-4.31E-09	3.72E-04	1.02E-04	1.46E-06
1	1	-99	699511	8.09619213	198	7.28254	13.3476	1.26E-12	2.55E-06	2.81E-09	3.09E-05	4.22E-04	8.11E-03	6.09E-03	2.40E-02	2.41E-02	3.36E-03	-1.63E-05	5.93E-05	8.13E-08	0	0	-1.4739	-0.3072	-4.1782	-999.999	-1.61E+00	-1.29E-08	-1.11E-03	-1.03E-10	-8.94E-06	-1.06E-11	-9.13E-07	-1.80E-11	-1.56E-06	-2.00E-11	-1.73E-06	-4.26E-09	3.68E-04	1.02E-04	1.46E-06
1	1	-99	703111	8.137858796	199	7.28292	13.3482	1.26E-12	2.55E-06	2.81E-09	3.09E-05	4.21E-04	8.07E-03	6.00E-03	2.41E-02	2.42E-02	3.34E-03	-1.61E-05	5.94E-05	7.93E-08	0	0	-1.4708	-0.3049	-4.1848	-999.999	-1.61E+00	-1.27E-08	-1.10E-03	-1.03E-10	-8.86E-06	-1.04E-11	-9.01E-07	-1.80E-11	-1.56E-06	-2.00E-11	-1.73E-06	-4.21E-09	3.63E-04	1.01E-04	1.46E-06
1	1	-99	706711	8.179525463	200	7.28329	13.3488	1.26E-12	2.55E-06	2.81E-09	3.08E-05	4.19E-04	8.02E-03	5.91E-03	2.42E-02	2.43E-02	3.33E-03	-1.59E-05	5.94E-05	7.73E-08	0	0	-1.4677	-0.3027	-4.1914	-999.999	-1.61E+00	-1.25E-08	-1.08E-03	-1.02E-10	-8.79E-06	-1.03E-11	-8.89E-07	-1.80E-11	-1.56E-06	-2.00E-11	-1.73E-06	-4.15E-09	3.59E-04	1.01E-04	1.46E-06
1	1	-99	710311	8.22119213	201	7.28365	13.3493	1.26E-12	2.56E-06	2.82E-09	3.07E-05	4.18E-04	7.98E-03	5.82E-03	2.43E-02	2.44E-02	3.31E-03	-1.57E-05	5.95E-05	7.53E-08	0	0	-1.4646	-0.3005	-4.1978	-999.999	-1.62E+00	-1.24E-08	-1.07E-03	-1.01E-10	-8.71E-06	-1.02E-11	-8.78E-07	-1.80E-11	-1.56E-06	-2.00E-11	-1.73E-06	-4.10E-09	3.54E-04	1.00E-04	1.47E-06
1	1	-99	713911	8.262858796	202	7.28402	13.3499	1.26E-12	2.56E-06	2.82E-09	3.06E-05	4.16E-04	7.93E-03	5.73E-03	2.43E-02	2.45E-02	3.29E-03	-1.55E-05	5.96E-05	7.34E-08	0	0	-1.4615	-0.2983	-4.2041	-999.999	-1.62E+00	-1.22E-08	-1.06E-03	-1.00E-10	-8.64E-06	-1.00E-11	-8.66E-07	-1.80E-11	-1.56E-06	-2.00E-11	-1.73E-06	-4.05E-09	3.50E-04	9.97E-05	1.47E-06
1	1	-99	717511	8.304525463	203	7.28437	13.3504	1.26E-12	2.56E-06	2.82E-09	3.06E-05	4.15E-04	7.89E-03	5.64E-03	2.44E-02	2.46E-02	3.28E-03	-1.53E-05	5.97E-05	7.14E-08	0	0	-1.4584	-0.2961	-4.2103	-999.999	-1.62E+00	-1.21E-08	-1.04E-03	-9.91E-11	-8.56E-06	-9.89E-12	-8.54E-07	-1.80E-11	-1.56E-06	-2.00E-11	-1.73E-06	-4.00E-09	3.46E-04	9.93E-05	1.47E-06
1	1	-99	721111	8.34619213	204	7.28473	13.351	1.26E-12	2.57E-06	2.82E-09	3.05E-05	4.13E-04	7.85E-03	5.56E-03	2.45E-02	2.47E-02	3.26E-03	-1.52E-05	5.97E-05	6.95E-08	0	0	-1.4554	-0.294	-4.2163	-999.999	-1.62E+00	-1.19E-08	-1.03E-03	-9.82E-11	-8.48E-06	-9.75E-12	-8.43E-07	-1.80E-11	-1.56E-06	-2.00E-11	-1.73E-06	-3.95E-09	3.41E-04	9.88E-05	1.47E-06
1	1	-99	724711	8.387858796	205	7.28507	13.3515	1.26E-12	2.57E-06	2.82E-09	3.04E-05	4.12E-04	7.80E-03	5.47E-03	2.46E-02	2.48E-02	3.25E-03	-1.50E-05	5.98E-05	6.76E-08	0	0	-1.4523	-0.292	-4.2223	-999.999	-1.63E+00	-1.18E-08	-1.02E-03	-9.73E-11	-8.41E-06	-9.62E-12	-8.31E-07	-1.80E-11	-1.56E-06	-2.00E-11	-1.73E-06	-3.90E-09	3.37E-04	9.84E-05	1.47E-06
1	1	-99	728311	8.429525463	206	7.28542	13.352	1.26E-12	2.57E-06	2.82E-09	3.04E-05	4.10E-04	7.76E-03	5.39E-03	2.47E-02	2.49E-02	3.23E-03	-1.48E-05	5.99E-05	6.57E-08	0	0	-1.4493	-0.2899	-4.2282	-999.999	-1.63E+00	-1.16E-08	-1.00E-03	-9.64E-11	-8.33E-06	-9.49E-12	-8.20E-07	-1.80E-11	-1.56E-06	-2.00E-11	-1.73E-06	-3.85E-09	3.33E-04	9.79E-05	1.47E-06
1	1	-99	731911	8.47119213	207	7.28576	13.3525	1.26E-12	2.57E-06	2.82E-09	3.03E-05	4.09E-04	7.72E-03	5.30E-03	2.48E-02	2.49E-02	3.22E-03	-1.46E-05	5.99E-05	6.38E-08	0	0	-1.4463	-0.2879	-4.2339	-999.999	-1.63E+00	-1.14E-08	-9.88E-04	-9.55E-11	-8.25E-06	-9.36E-12	-8.09E-07	-1.80E-11	-1.56E-06	-2.00E-11	-1.73E-06	-3.80E-09	3.28E-04	9.75E-05	1.48E-06
1	1	-99	735511	8.512858796	208	7.2861	13.353	1.26E-12	2.58E-06	2.82E-09	3.02E-05	4.07E-04	7.68E-03	5.22E-03	2.49E-02	2.50E-02	3.21E-03	-1.44E-05	6.00E-05	6.19E-08	0	0	-1.4432	-0.2859	-4.2396	-999.999	-1.63E+00	-1.13E-08	-9.75E-04	-9.46E-11	-8.17E-06	-9.23E-12	-7.98E-07	-1.80E-11	-1.56E-06	-2.00E-11	-1.73E-06	-3.75E-09	3.24E-04	9.70E-05	1.48E-06
1	1	-99	739111	8.554525463	209	7.28643	13.3535	1.26E-12	2.58E-06	2.82E-09	3.02E-05	4.05E-04	7.64E-03	5.14E-03	2.49E-02	2.51E-02	3.19E-03	-1.42E-05	6.00E-05	6.01E-08	0	0	-1.4402	-0.284	-4.2451	-999.999	-1.63E+00	-1.11E-08	-9.62E-04	-9.37E-11	-8.09E-06	-9.11E-12	-7.87E-07	-1.80E-11	-1.56E-06	-2.00E-11	-1.73E-06	-3.70E-09	3.20E-04	9.66E-05	1.48E-06
1	1	-99	742711	8.59619213	210	7.28676	13.3539	1.26E-12	2.58E-06	2.82E-09	3.01E-05	4.04E-04	7.60E-03	5.06E-03	2.50E-02	2.52E-02	3.18E-03	-1.40E-05	6.01E-05	5.83E-08	0	0	-1.4372	-0.2821	-4.2506	-999.999	-1.64E+00	-1.10E-08	-9.49E-04	-9.28E-11	-8.02E-06	-8.98E-12	-7.76E-07	-1.80E-11	-1.56E-06	-2.00E-11	-1.73E-06	-3.65E-09	3.16E-04	9.62E-05	1.48E-06
1	1	-99	746311	8.637858796	211	7.28708	13.3544	1.26E-12	2.59E-06	2.82E-09	3.01E-05	4.02E-04	7.56E-03	4.98E-03	2.51E-02	2.53E-02	3.16E-03	-1.39E-05	6.02E-05	5.65E-08	0	0	-1.4342	-0.2802	-4.2559	-999.999	-1.64E+00	-1.08E-08	-9.36E-04	-9.19E-11	-7.94E-06	-8.86E-12	-7.65E-07	-1.80E-11	-1.56E-06	-2.00E-11	-1.73E-06	-3.60E-09	3.11E-04	9.58E-05	1.48E-06
1	1	-99	749911	8.679525463	212	7.2874	13.3549	1.26E-12	2.59E-06	2.82E-09	3.00E-05	4.01E-04	7.52E-03	4.90E-03	2.52E-02	2.53E-02	3.15E-03	-1.37E-05	6.02E-05	5.47E-08	0	0	-1.4312	-0.2784	-4.2612	-999.999	-1.64E+00	-1.07E-08	-9.23E-04	-9.10E-11	-7.86E-06	-8.73E-12	-7.55E-07	-1.80E-11	-1.56E-06	-2.00E-11	-1.73E-06	-3.56E-09	3.07E-04	9.53E-05	1.48E-06
1	1	-99	753511	8.72119213	213	7.28772	13.3553	1.26E-12	2.59E-06	2.82E-09	3.00E-05	3.99E-04	7.48E-03	4.83E-03	2.52E-02	2.54E-02	3.14E-03	-1.35E-05	6.03E-05	5.29E-08	0	0	-1.4283	-0.2765	-4.2663	-999.999	-1.64E+00	-1.05E-08	-9.10E-04	-9.00E-11	-7.78E-06	-8.61E-12	-7.44E-07	-1.80E-11	-1.56E-06	-2.00E-11	-1.73E-06	-3.51E-09	3.03E-04	9.49E-05	1.48E-06
1	1	-99	757111	8.762858796	214	7.28803	13.3557	1.26E-12	2.59E-06	2.82E-09	2.99E-05	3.98E-04	7.45E-03	4.75E-03	2.53E-02	2.55E-02	3.12E-03	-1.33E-05	6.03E-05	5.12E-08	0	0	-1.4253	-0.2748	-4.2714	-999.999	-1.65E+00	-1.04E-08	-8.97E-04	-8.91E-11	-7.70E-06	-8.49E-12	-7.34E-07	-1.80E-11	-1.56E-06	-2.00E-11	-1.73E-06	-3.46E-09	2.99E-04	9.45E-05	1.49E-06
1	1	-99	760711	8.804525463	215	7.28834	13.3562	1.26E-12	2.60E-06	2.82E-09	2.99E-05	3.96E-04	7.41E-03	4.68E-03	2.54E-02	2.56E-02	3.11E-03	-1.31E-05	6.04E-05	4.95E-08	0	0	-1.4223	-0.273	-4.2763	-999.999	-1.65E+00	-1.02E-08	-8.85E-04	-8.82E-11	-7.62E-06	-8.37E-12	-7.23E-07	-1.80E-11	-1.56E-06	-2.00E-11	-1.73E-06	-3.41E-09	2.95E-04	9.41E-05	1.49E-06
1	1	-99	764311	8.84619213	216	7.28865	13.3566	1.26E-12	2.60E-06	2.82E-09	2.98E-05	3.94E-04	7.37E-03	4.60E-03	2.55E-02	2.56E-02	3.10E-03	-1.30E-05	6.04E-05	4.78E-08	0	0	-1.4194	-0.2713	-4.2812	-999.999	-1.65E+00	-1.01E-08	-8.72E-04	-8.73E-11	-7.54E-06	-8.25E-12	-7.13E-07	-1.80E-11	-1.56E-06	-2.00E-11	-1.73E-06	-3.37E-09	2.91E-04	9.37E-05	1.49E-06
1	1	-99	767911	8.887858796	217	7.28895	13.357	1.26E-12	2.60E-06	2.82E-09	2.98E-05	3.93E-04	7.34E-03	4.53E-03	2.55E-02	2.57E-02	3.08E-03	-1.28E-05	6.05E-05	4.61E-08	0	0	-1.4164	-0.2696	-4.286	-999.999	-1.65E+00	-9.95E-09	-8.60E-04	-8.64E-11	-7.47E-06	-8.14E-12	-7.03E-07	-1.80E-11	-1.56E-06	-2.00E-11	-1.73E-06	-3.32E-09	2.87E-04	9.34E-05	1.49E-06
1	1	-99	771511	8.929525463	218	7.28924	13.3574	1.26E-12	2.61E-06	2.82E-09	2.97E-05	3.91E-04	7.30E-03	4.46E-03	2.56E-02	2.58E-02	3.07E-03	-1.26E-05	6.05E-05	4.44E-08	0	0	-1.4135	-0.2679	-4.2907	-999.999	-1.65E+00	-9.81E-09	-8.48E-04	-8.55E-11	-7.39E-06	-8.02E-12	-6.93E-07	-1.80E-11	-1.56E-06	-2.00E-11	-1.73E-06	-3.28E-09	2.83E-04	9.30E-05	1.49E-06
1	1	-99	775111	8.97119213	219	7.28954	13.3578	1.26E-12	2.61E-06	2.83E-09	2.97E-05	3.90E-04	7.27E-03	4.39E-03	2.57E-02	2.58E-02	3.06E-03	-1.25E-05	6.05E-05	4.27E-08	0	0	-1.4106	-0.2662	-4.2952	-999.999	-1.66E+00	-9.67E-09	-8.35E-04	-8.46E-11	-7.31E-06	-7.91E-12	-6.83E-07	-1.80E-11	-1.56E-06	-2.00E-11	-1.73E-06	-3.23E-09	2.79E-04	9.26E-05	1.49E-06
1	1	-99	778711	9.012858796	220	7.28983	13.3582	1.26E-12	2.61E-06	2.83E-09	2.96E-05	3.88E-04	7.23E-03	4.32E-03	2.58E-02	2.59E-02	3.05E-03	-1.23E-05	6.06E-05	4.11E-08	0	0	-1.4076	-0.2646	-4.2997	-999.999	-1.66E+00	-9.53E-09	-8.23E-04	-8.37E-11	-7.23E-06	-7.79E-12	-6.73E-07	-1.80E-11	-1.56E-06	-2.00E-11	-1.73E-06	-3.19E-09	2.75E-04	9.22E-05	1.49E-06
1	1	-99	782311	9.054525463	221	7.29011	13.3586	1.26E-12	2.62E-06	2.83E-09	2.96E-05	3.86E-04	7.20E-03	4.25E-03	2.58E-02	2.60E-02	3.03E-03	-1.21E-05	6.06E-05	3.95E-08	0	0	-1.4047	-0.263	-4.3042	-999.999	-1.66E+00	-9.39E-09	-8.12E-04	-8.28E-11	-7.15E-06	-7.68E-12	-6.64E-07	-1.80E-11	-1.56E-06	-2.00E-11	-1.73E-06	-3.14E-09	2.71E-04	9.19E-05	1.49E-06
1	1	-99	785911	9.09619213	222	7.2904	13.359	1.26E-12	2.62E-06	2.83E-09	2.96E-05	3.85E-04	7.16E-03	4.18E-03	2.59E-02	2.61E-02	3.02E-03	-1.20E-05	6.07E-05	3.79E-08	0	0	-1.4018	-0.2614	-4.3085	-999.999	-1.66E+00	-9.26E-09	-8.00E-04	-8.19E-11	-7.07E-06	-7.57E-12	-6.54E-07	-1.80E-11	-1.56E-06	-2.00E-11	-1.73E-06	-3.10E-09	2.68E-04	9.15E-05	1.49E-06
1	1	-99	789511	9.137858796	223	7.29068	13.3593	1.26E-12	2.62E-06	2.83E-09	2.95E-05	3.83E-04	7.13E-03	4.12E-03	2.60E-02	2.61E-02	3.01E-03	-1.18E-05	6.07E-05	3.63E-08	0	0	-1.3989	-0.2599	-4.3127	-999.999	-1.67E+00	-9.12E-09	-7.88E-04	-8.10E-11	-7.00E-06	-7.46E-12	-6.45E-07	-1.80E-11	-1.56E-06	-2.00E-11	-1.73E-06	-3.05E-09	2.64E-04	9.11E-05	1.50E-06
1	1	-99	793111	9.179525463	224	7.29095	13.3597	1.26E-12	2.63E-06	2.83E-09	2.95E-05	3.82E-04	7.10E-03	4.05E-03	2.60E-02	2.62E-02	3.00E-03	-1.16E-05	6.07E-05	3.48E-08	0	0	-1.396	-0.2584	-4.3169	-999.999	-1.67E+00	-8.99E-09	-7.77E-04	-8.01E-11	-6.92E-06	-7.36E-12	-6.35E-07	-1.80E-11	-1.56E-06	-2.00E-11	-1.73E-06	-3.01E-09	2.60E-04	9.08E-05	1.50E-06
1	1	-99	796711	9.22119213	225	7.29123	13.3601	1.26E-12	2.63E-06	2.83E-09	2.95E-05	3.80E-04	7.07E-03	3.99E-03	2.61E-02	2.62E-02	2.99E-03	-1.15E-05	6.08E-05	3.32E-08	0	0	-1.3932	-0.2569	-4.3209	-999.999	-1.67E+00	-8.86E-09	-7.65E-04	-7.92E-11	-6.84E-06	-7.25E-12	-6.26E-07	-1.80E-11	-1.56E-06	-2.00E-11	-1.73E-06	-2.97E-09	2.56E-04	9.04E-05	1.50E-06
1	1	-99	800311	9.262858796	226	7.29149	13.3604	1.26E-12	2.63E-06	2.83E-09	2.94E-05	3.78E-04	7.03E-03	3.92E-03	2.61E-02	2.63E-02	2.98E-03	-1.13E-05	6.08E-05	3.17E-08	0	0	-1.3903	-0.2554	-4.3249	-999.999	-1.67E+00	-8.73E-09	-7.54E-04	-7.83E-11	-6.76E-06	-7.14E-12	-6.17E-07	-1.80E-11	-1.56E-06	-2.00E-11	-1.73E-06	-2.93E-09	2.53E-04	9.01E-05	1.50E-06
1	1	-99	803911	9.304525463	227	7.29176	13.3608	1.26E-12	2.64E-06	2.83E-09	2.94E-05	3.77E-04	7.00E-03	3.86E-03	2.62E-02	2.64E-02	2.96E-03	-1.12E-05	6.08E-05	3.02E-08	0	0	-1.3874	-0.254	-4.3288	-999.999	-1.68E+00	-8.60E-09	-7.43E-04	-7.74E-11	-6.69E-06	-7.04E-12	-6.08E-07	-1.80E-11	-1.56E-06	-2.00E-11	-1.73E-06	-2.88E-09	2.49E-04	8.98E-05	1.50E-06
1	1	-99	807511	9.34619213	228	7.29202	13.3611	1.26E-12	2.64E-06	2.83E-09	2.94E-05	3.75E-04	6.97E-03	3.80E-03	2.63E-02	2.64E-02	2.95E-03	-1.10E-05	6.09E-05	2.87E-08	0	0	-1.3846	-0.2526	-4.3327	-999.999	-1.68E+00	-8.47E-09	-7.32E-04	-7.65E-11	-6.61E-06	-6.94E-12	-5.99E-07	-1.80E-11	-1.56E-06	-2.00E-11	-1.73E-06	-2.84E-09	2.46E-04	8.94E-05	1.50E-06
1	1	-99	811111	9.387858796	229	7.29228	13.3614	1.26E-12	2.64E-06	2.83E-09	2.93E-05	3.73E-04	6.94E-03	3.74E-03	2.63E-02	2.65E-02	2.94E-03	-1.08E-05	6.09E-05	2.72E-08	0	0	-1.3817	-0.2512	-4.3364	-999.999	-1.68E+00	-8.34E-09	-7.21E-04	-7.56E-11	-6.54E-06	-6.84E-12	-5.91E-07	-1.80E-11	-1.56E-06	-2.00E-11	-1.73E-06	-2.80E-09	2.42E-04	8.91E-05	1.50E-06
1	1	-99	814711	9.429525463	230	7.29254	13.3618	1.26E-12	2.65E-06	2.83E-09	2.93E-05	3.72E-04	6.91E-03	3.68E-03	2.64E-02	2.66E-02	2.93E-03	-1.07E-05	6.09E-05	2.58E-08	0	0	-1.3789	-0.2498	-4.3401	-999.999	-1.68E+00	-8.22E-09	-7.10E-04	-7.48E-11	-6.46E-06	-6.73E-12	-5.82E-07	-1.80E-11	-1.56E-06	-2.00E-11	-1.73E-06	-2.76E-09	2.39E-04	8.88E-05	1.50E-06
1	1	-99	818311	9.47119213	231	7.29279	13.3621	1.26E-12	2.65E-06	2.83E-09	2.93E-05	3.70E-04	6.88E-03	3.62E-03	2.65E-02	2.66E-02	2.92E-03	-1.05E-05	6.09E-05	2.43E-08	0	0	-1.3761	-0.2484	-4.3437	-999.999	-1.69E+00	-8.10E-09	-7.00E-04	-7.39E-11	-6.38E-06	-6.64E-12	-5.73E-07	-1.80E-11	-1.56E-06	-2.00E-11	-1.73E-06	-2.72E-09	2.35E-04	8.85E-05	1.50E-06
1	1	-99	821911	9.512858796	232	7.29304	13.3624	1.26E-12	2.65E-06	2.83E-09	2.93E-05	3.69E-04	6.85E-03	3.56E-03	2.65E-02	2.67E-02	2.91E-03	-1.04E-05	6.10E-05	2.29E-08	0	0	-1.3732	-0.2471	-4.3472	-999.999	-1.69E+00	-7.98E-09	-6.89E-04	-7.30E-11	-6.31E-06	-6.54E-12	-5.65E-07	-1.80E-11	-1.56E-06	-2.00E-11	-1.73E-06	-2.68E-09	2.32E-04	8.81E-05	1.50E-06
1	1	-99	825511	9.554525463	233	7.29328	13.3627	1.26E-12	2.66E-06	2.83E-09	2.92E-05	3.67E-04	6.83E-03	3.50E-03	2.66E-02	2.67E-02	2.90E-03	-1.02E-05	6.10E-05	2.15E-08	0	0	-1.3704	-0.2458	-4.3506	-999.999	-1.69E+00	-7.86E-09	-6.79E-04	-7.22E-11	-6.23E-06	-6.44E-12	-5.57E-07	-1.80E-11	-1.56E-06	-2.00E-11	-1.73E-06	-2.64E-09	2.28E-04	8.78E-05	1.50E-06
1	1	-99	829111	9.59619213	234	7.29353	13.363	1.26E-12	2.66E-06	2.83E-09	2.92E-05	3.65E-04	6.80E-03	3.45E-03	2.66E-02	2.68E-02	2.89E-03	-1.01E-05	6.10E-05	2.01E-08	0	0	-1.3676	-0.2445	-4.354	-999.999	-1.69E+00	-7.74E-09	-6.68E-04	-7.13E-11	-6.16E-06	-6.35E-12	-5.48E-07	-1.80E-11	-1.56E-06	-2.00E-11	-1.73E-06	-2.61E-09	2.25E-04	8.75E-05	1.50E-06
1	1	-99	832711	9.637858796	235	7.29377	13.3633	1.26E-12	2.66E-06	2.83E-09	2.92E-05	3.64E-04	6.77E-03	3.39E-03	2.67E-02	2.68E-02	2.88E-03	-9.96E-06	6.10E-05	1.88E-08	0	0	-1.3648	-0.2433	-4.3573	-999.999	-1.69E+00	-7.62E-09	-6.58E-04	-7.04E-11	-6.09E-06	-6.25E-12	-5.40E-07	-1.80E-11	-1.56E-06	-2.00E-11	-1.73E-06	-2.57E-09	2.22E-04	8.72E-05	1.50E-06
1	1	-99	836311	9.679525463	236	7.294	13.3636	1.26E-12	2.67E-06	2.83E-09	2.92E-05	3.62E-04	6.74E-03	3.34E-03	2.67E-02	2.69E-02	2.87E-03	-9.82E-06	6.10E-05	1.74E-08	0	0	-1.362	-0.242	-4.3605	-999.999	-1.70E+00	-7.50E-09	-6.48E-04	-6.96E-11	-6.01E-06	-6.16E-12	-5.32E-07	-1.80E-11	-1.56E-06	-2.00E-11	-1.73E-06	-2.53E-09	2.19E-04	8.69E-05	1.50E-06
1	1	-99	839911	9.72119213	237	7.29424	13.3639	1.26E-12	2.67E-06	2.83E-09	2.92E-05	3.60E-04	6.72E-03	3.28E-03	2.68E-02	2.70E-02	2.86E-03	-9.68E-06	6.11E-05	1.61E-08	0	0	-1.3592	-0.2408	-4.3637	-999.999	-1.70E+00	-7.39E-09	-6.38E-04	-6.88E-11	-5.94E-06	-6.07E-12	-5.24E-07	-1.80E-11	-1.56E-06	-2.00E-11	-1.73E-06	-2.49E-09	2.15E-04	8.66E-05	1.50E-06
1	1	-99	843511	9.762858796	238	7.29447	13.3641	1.26E-12	2.67E-06	2.83E-09	2.92E-05	3.59E-04	6.69E-03	3.23E-03	2.68E-02	2.70E-02	2.85E-03	-9.54E-06	6.11E-05	1.48E-08	0	0	-1.3565	-0.2396	-4.3668	-999.999	-1.70E+00	-7.28E-09	-6.29E-04	-6.79E-11	-5.87E-06	-5.98E-12	-5.16E-07	-1.80E-11	-1.56E-06	-2.00E-11	-1.73E-06	-2.46E-09	2.12E-04	8.63E-05	1.50E-06
1	1	-99	847111	9.804525463	239	7.29469	13.3644	1.26E-12	2.68E-06	2.84E-09	2.91E-05	3.57E-04	6.66E-03	3.18E-03	2.69E-02	2.71E-02	2.84E-03	-9.40E-06	6.11E-05	1.35E-08	0	0	-1.3537	-0.2384	-4.3698	-999.999	-1.70E+00	-7.16E-09	-6.19E-04	-6.71E-11	-5.80E-06	-5.89E-12	-5.09E-07	-1.80E-11	-1.56E-06	-2.00E-11	-1.73E-06	-2.42E-09	2.09E-04	8.61E-05	1.51E-06
1	1	-99	850711	9.84619213	240	7.29492	13.3647	1.26E-12	2.68E-06	2.84E-09	2.91E-05	3.56E-04	6.64E-03	3.13E-03	2.69E-02	2.71E-02	2.83E-03	-9.27E-06	6.11E-05	1.22E-08	0	0	-1.3509	-0.2373	-4.3728	-999.999	-1.71E+00	-7.05E-09	-6.10E-04	-6.62E-11	-5.72E-06	-5.80E-12	-5.01E-07	-1.80E-11	-1.56E-06	-2.00E-11	-1.73E-06	-2.38E-09	2.06E-04	8.58E-05	1.51E-06
1	1	-99	854311	9.887858796	241	7.29514	13.3649	1.26E-12	2.68E-06	2.84E-09	2.91E-05	3.54E-04	6.61E-03	3.08E-03	2.70E-02	2.72E-02	2.82E-03	-9.13E-06	6.11E-05	1.09E-08	0	0	-1.3482	-0.2361	-4.3756	-999.999	-1.71E+00	-6.95E-09	-6.00E-04	-6.54E-11	-5.65E-06	-5.71E-12	-4.93E-07	-1.80E-11	-1.56E-06	-2.00E-11	-1.73E-06	-2.35E-09	2.03E-04	8.55E-05	1.51E-06
1	1	-99	857911	9.929525463	242	7.29536	13.3652	1.26E-12	2.69E-06	2.84E-09	2.91E-05	3.52E-04	6.59E-03	3.03E-03	2.70E-02	2.72E-02	2.82E-03	-9.00E-06	6.11E-05	9.68E-09	0	0	-1.3454	-0.235	-4.3785	-999.999	-1.71E+00	-6.84E-09	-5.91E-04	-6.46E-11	-5.58E-06	-5.63E-12	-4.86E-07	-1.80E-11	-1.56E-06	-2.00E-11	-1.73E-06	-2.31E-09	2.00E-04	8.52E-05	1.51E-06
1	1	-99	861511	9.97119213	243	7.29558	13.3655	1.26E-12	2.69E-06	2.84E-09	2.91E-05	3.51E-04	6.56E-03	2.98E-03	2.71E-02	2.73E-02	2.81E-03	-8.87E-06	6.11E-05	8.45E-09	0	0	-1.3427	-0.2339	-4.3812	-999.999	-1.71E+00	-6.73E-09	-5.82E-04	-6.38E-11	-5.51E-06	-5.54E-12	-4.79E-07	-1.80E-11	-1.56E-06	-2.00E-11	-1.73E-06	-2.28E-09	1.97E-04	8.50E-05	1.51E-06
1	1	-99	865111	10.0128588	244	7.29579	13.3657	1.26E-12	2.70E-06	2.84E-09	2.91E-05	3.49E-04	6.54E-03	2.93E-03	2.71E-02	2.73E-02	2.80E-03	-8.74E-06	6.11E-05	7.24E-09	0	0	-1.3399	-0.2328	-4.3839	-999.999	-1.72E+00	-6.63E-09	-5.73E-04	-6.30E-11	-5.44E-06	-5.46E-12	-4.71E-07	-1.80E-11	-1.56E-06	-2.00E-11	-1.73E-06	-2.25E-09	1.94E-04	8.47E-05	1.51E-06
1	1	-99	868711	10.05452546	245	7.296	13.3659	1.26E-12	2.70E-06	2.84E-09	2.91E-05	3.47E-04	6.52E-03	2.88E-03	2.72E-02	2.74E-02	2.79E-03	-8.61E-06	6.11E-05	6.04E-09	0	0	-1.3372	-0.2318	-4.3865	-999.999	-1.72E+00	-6.53E-09	-5.64E-04	-6.22E-11	-5.37E-06	-5.37E-12	-4.64E-07	-1.80E-11	-1.56E-06	-2.00E-11	-1.73E-06	-2.21E-09	1.91E-04	8.44E-05	1.51E-06
1	1	-99	872311	10.09619213	246	7.29621	13.3662	1.26E-12	2.70E-06	2.84E-09	2.91E-05	3.46E-04	6.49E-03	2.83E-03	2.72E-02	2.74E-02	2.78E-03	-8.49E-06	6.11E-05	4.86E-09	0	0	-1.3345	-0.2307	-4.3891	-999.999	-1.72E+00	-6.42E-09	-5.55E-04	-6.14E-11	-5.30E-06	-5.29E-12	-4.57E-07	-1.80E-11	-1.56E-06	-2.00E-11	-1.73E-06	-2.18E-09	1.88E-04	8.42E-05	1.51E-06
1	1	-99	875911	10.1378588	247	7.29641	13.3664	1.26E-12	2.71E-06	2.84E-09	2.91E-05	3.44E-04	6.47E-03	2.79E-03	2.73E-02	2.74E-02	2.77E-03	-8.36E-06	6.11E-05	3.69E-09	0	0	-1.3318	-0.2297	-4.3916	-999.999	-1.72E+00	-6.32E-09	-5.46E-04	-6.06E-11	-5.24E-06	-5.21E-12	-4.50E-07	-1.80E-11	-1.56E-06	-2.00E-11	-1.73E-06	-2.15E-09	1.85E-04	8.39E-05	1.51E-06
1	1	-99	879511	10.17952546	248	7.29661	13.3666	1.26E-12	2.71E-06	2.84E-09	2.91E-05	3.43E-04	6.45E-03	2.74E-03	2.73E-02	2.75E-02	2.76E-03	-8.24E-06	6.12E-05	2.54E-09	0	0	-1.3291	-0.2287	-4.3941	-999.999	-1.73E+00	-6.22E-09	-5.38E-04	-5.98E-11	-5.17E-06	-5.13E-12	-4.43E-07	-1.80E-11	-1.56E-06	-2.00E-11	-1.73E-06	-2.11E-09	1.83E-04	8.37E-05	1.51E-06
1	1	-99	883111	10.22119213	249	7.29681	13.3669	1.26E-12	2.71E-06	2.84E-09	2.91E-05	3.41E-04	6.43E-03	2.70E-03	2.74E-02	2.75E-02	2.76E-03	-8.12E-06	6.12E-05	1.41E-09	0	0	-1.3263	-0.2277	-4.3965	-999.999	-1.73E+00	-6.13E-09	-5.29E-04	-5.90E-11	-5.10E-06	-5.05E-12	-4.37E-07	-1.80E-11	-1.56E-06	-2.00E-11	-1.73E-06	-2.08E-09	1.80E-04	8.34E-05	1.51E-06
1	1	-99	886711	10.2628588	250	7.29701	13.3671	1.26E-12	2.72E-06	2.84E-09	2.91E-05	3.39E-04	6.40E-03	2.65E-03	2.74E-02	2.76E-02	2.75E-03	-8.00E-06	6.12E-05	2.88E-10	0	0	-1.3237	-0.2267	-4.3988	-999.999	-1.73E+00	-6.03E-09	-5.21E-04	-5.83E-11	-5.04E-06	-4.98E-12	-4.30E-07	-1.80E-11	-1.56E-06	-2.00E-11	-1.73E-06	-2.05E-09	1.77E-04	8.32E-05	1.51E-06
1	1	-99	890311	10.30452546	251	7.29721	13.3673	1.26E-12	2.72E-06	2.84E-09	2.91E-05	3.38E-04	6.38E-03	2.61E-03	2.75E-02	2.76E-02	2.74E-03	-7.88E-06	6.12E-05	-8.16E-10	0	0	-1.321	-0.2258	-4.4011	-999.999	-1.73E+00	-5.94E-09	-5.13E-04	-5.75E-11	-4.97E-06	-4.90E-12	-4.23E-07	-1.80E-11	-1.56E-06	-2.00E-11	-1.73E-06	-2.02E-09	1.75E-04	8.29E-05	1.51E-06
1	1	-99	893911	10.34619213	252	7.2974	13.3675	1.26E-12	2.73E-06	2.84E-09	2.91E-05	3.36E-04	6.36E-03	2.57E-03	2.75E-02	2.77E-02	2.73E-03	-7.77E-06	6.11E-05	-1.91E-09	0	0	-1.3183	-0.2248	-4.4033	-999.999	-1.73E+00	-5.84E-09	-5.05E-04	-5.68E-11	-4.90E-06	-4.83E-12	-4.17E-07	-1.80E-11	-1.56E-06	-2.00E-11	-1.73E-06	-1.99E-09	1.72E-04	8.27E-05	1.51E-06
1	1	-99	897511	10.3878588	253	7.29759	13.3677	1.26E-12	2.73E-06	2.84E-09	2.91E-05	3.35E-04	6.34E-03	2.53E-03	2.75E-02	2.77E-02	2.72E-03	-7.65E-06	6.11E-05	-2.98E-09	0	0	-1.3156	-0.2239	-4.4055	-999.999	-1.74E+00	-5.75E-09	-4.97E-04	-5.60E-11	-4.84E-06	-4.75E-12	-4.11E-07	-1.80E-11	-1.56E-06	-2.00E-11	-1.73E-06	-1.96E-09	1.69E-04	8.25E-05	1.51E-06
1	1	-99	901111	10.42952546	254	7.29777	13.3679	1.26E-12	2.73E-06	2.84E-09	2.91E-05	3.33E-04	6.32E-03	2.49E-03	2.76E-02	2.78E-02	2.72E-03	-7.54E-06	6.11E-05	-4.04E-09	0	0	-1.3129	-0.223	-4.4076	-999.999	-1.74E+00	-5.66E-09	-4.89E-04	-5.53E-11	-4.78E-06	-4.68E-12	-4.04E-07	-1.80E-11	-1.56E-06	-2.00E-11	-1.73E-06	-1.93E-09	1.67E-04	8.23E-05	1.51E-06
1	1	-99	904711	10.47119213	255	7.29796	13.3681	1.26E-12	2.74E-06	2.84E-09	2.91E-05	3.32E-04	6.30E-03	2.44E-03	2.76E-02	2.78E-02	2.71E-03	-7.43E-06	6.11E-05	-5.08E-09	0	0	-1.3103	-0.2221	-4.4097	-999.999	-1.74E+00	-5.57E-09	-4.81E-04	-5.45E-11	-4.71E-06	-4.61E-12	-3.98E-07	-1.80E-11	-1.56E-06	-2.00E-11	-1.73E-06	-1.90E-09	1.64E-04	8.20E-05	1.51E-06
1	1	-99	908311	10.5128588	256	7.29814	13.3683	1.26E-12	2.74E-06	2.84E-09	2.91E-05	3.30E-04	6.28E-03	2.40E-03	2.77E-02	2.78E-02	2.70E-03	-7.32E-06	6.11E-05	-6.11E-09	0	0	-1.3076	-0.2212	-4.4117	-999.999	-1.74E+00	-5.48E-09	-4.74E-04	-5.38E-11	-4.65E-06	-4.54E-12	-3.92E-07	-1.80E-11	-1.56E-06	-2.00E-11	-1.73E-06	-1.87E-09	1.62E-04	8.18E-05	1.51E-06
1	1	-99	911911	10.55452546	257	7.29832	13.3685	1.26E-12	2.75E-06	2.84E-09	2.91E-05	3.28E-04	6.26E-03	2.37E-03	2.77E-02	2.79E-02	2.70E-03	-7.21E-06	6.11E-05	-7.13E-09	0	0	-1.305	-0.2204	-4.4136	-999.999	-1.75E+00	-5.39E-09	-4.66E-04	-5.31E-11	-4.59E-06	-4.47E-12	-3.86E-07	-1.80E-11	-1.56E-06	-2.00E-11	-1.73E-06	-1.84E-09	1.59E-04	8.16E-05	1.51E-06
1	1	-99	915511	10.59619213	258	7.2985	13.3687	1.26E-12	2.75E-06	2.84E-09	2.91E-05	3.27E-04	6.24E-03	2.33E-03	2.77E-02	2.79E-02	2.69E-03	-7.10E-06	6.11E-05	-8.13E-09	0	0	-1.3023	-0.2195	-4.4155	-999.999	-1.75E+00	-5.31E-09	-4.59E-04	-5.24E-11	-4.52E-06	-4.40E-12	-3.80E-07	-1.80E-11	-1.56E-06	-2.00E-11	-1.73E-06	-1.82E-09	1.57E-04	8.14E-05	1.51E-06
1	1	-99	919111	10.6378588	259	7.29867	13.3689	1.26E-12	2.75E-06	2.84E-09	2.91E-05	3.25E-04	6.22E-03	2.29E-03	2.78E-02	2.79E-02	2.68E-03	-7.00E-06	6.11E-05	-9.12E-09	0	0	-1.2997	-0.2187	-4.4174	-999.999	-1.75E+00	-5.22E-09	-4.51E-04	-5.17E-11	-4.46E-06	-4.33E-12	-3.74E-07	-1.80E-11	-1.56E-06	-2.00E-11	-1.73E-06	-1.79E-09	1.54E-04	8.12E-05	1.51E-06
1	1	-99	922711	10.67952546	260	7.29885	13.3691	1.26E-12	2.76E-06	2.84E-09	2.91E-05	3.24E-04	6.20E-03	2.25E-03	2.78E-02	2.80E-02	2.67E-03	-6.89E-06	6.11E-05	-1.01E-08	0	0	-1.297	-0.2179	-4.4192	-999.999	-1.75E+00	-5.14E-09	-4.44E-04	-5.10E-11	-4.40E-06	-4.26E-12	-3.68E-07	-1.80E-11	-1.56E-06	-2.00E-11	-1.73E-06	-1.76E-09	1.52E-04	8.10E-05	1.51E-06
1	1	-99	926311	10.72119213	261	7.29902	13.3693	1.26E-12	2.76E-06	2.84E-09	2.91E-05	3.22E-04	6.18E-03	2.21E-03	2.79E-02	2.80E-02	2.67E-03	-6.79E-06	6.11E-05	-1.10E-08	0	0	-1.2944	-0.2171	-4.421	-999.999	-1.76E+00	-5.06E-09	-4.37E-04	-5.03E-11	-4.34E-06	-4.19E-12	-3.62E-07	-1.80E-11	-1.56E-06	-2.00E-11	-1.73E-06	-1.73E-09	1.50E-04	8.07E-05	1.51E-06
1	1	-99	929911	10.7628588	262	7.29919	13.3694	1.26E-12	2.77E-06	2.84E-09	2.92E-05	3.21E-04	6.17E-03	2.18E-03	2.79E-02	2.81E-02	2.66E-03	-6.69E-06	6.11E-05	-1.20E-08	0	0	-1.2918	-0.2163	-4.4227	-999.999	-1.76E+00	-4.98E-09	-4.30E-04	-4.96E-11	-4.28E-06	-4.13E-12	-3.57E-07	-1.80E-11	-1.56E-06	-2.00E-11	-1.73E-06	-1.71E-09	1.48E-04	8.05E-05	1.50E-06
1	1	-99	933511	10.80452546	263	7.29935	13.3696	1.26E-12	2.77E-06	2.85E-09	2.92E-05	3.19E-04	6.15E-03	2.14E-03	2.79E-02	2.81E-02	2.65E-03	-6.59E-06	6.11E-05	-1.29E-08	0	0	-1.2892	-0.2155	-4.4244	-999.999	-1.76E+00	-4.90E-09	-4.23E-04	-4.89E-11	-4.22E-06	-4.07E-12	-3.51E-07	-1.80E-11	-1.56E-06	-2.00E-11	-1.73E-06	-1.68E-09	1.45E-04	8.03E-05	1.50E-06
1	1	-99	937111	10.84619213	264	7.29952	13.3698	1.26E-12	2.77E-06	2.85E-09	2.92E-05	3.18E-04	6.13E-03	2.11E-03	2.80E-02	2.81E-02	2.65E-03	-6.49E-06	6.10E-05	-1.38E-08	0	0	-1.2866	-0.2147	-4.426	-999.999	-1.76E+00	-4.82E-09	-4.16E-04	-4.82E-11	-4.17E-06	-4.00E-12	-3.46E-07	-1.80E-11	-1.56E-06	-2.00E-11	-1.73E-06	-1.66E-09	1.43E-04	8.01E-05	1.50E-06
1	1	-99	940711	10.8878588	265	7.29968	13.3699	1.26E-12	2.78E-06	2.85E-09	2.92E-05	3.16E-04	6.11E-03	2.07E-03	2.80E-02	2.82E-02	2.64E-03	-6.40E-06	6.10E-05	-1.47E-08	0	0	-1.284	-0.214	-4.4276	-999.999	-1.77E+00	-4.74E-09	-4.10E-04	-4.76E-11	-4.11E-06	-3.94E-12	-3.40E-07	-1.80E-11	-1.56E-06	-2.00E-11	-1.73E-06	-1.63E-09	1.41E-04	8.00E-05	1.50E-06
1	1	-99	944311	10.92952546	266	7.29984	13.3701	1.26E-12	2.78E-06	2.85E-09	2.92E-05	3.15E-04	6.10E-03	2.04E-03	2.80E-02	2.82E-02	2.63E-03	-6.30E-06	6.10E-05	-1.56E-08	0	0	-1.2814	-0.2133	-4.4291	-999.999	-1.77E+00	-4.67E-09	-4.03E-04	-4.69E-11	-4.05E-06	-3.88E-12	-3.35E-07	-1.80E-11	-1.56E-06	-2.00E-11	-1.73E-06	-1.61E-09	1.39E-04	7.98E-05	1.50E-06
1	1	-99	947911	10.97119213	267	7.3	13.3703	1.26E-12	2.79E-06	2.85E-09	2.92E-05	3.13E-04	6.08E-03	2.00E-03	2.81E-02	2.82E-02	2.63E-03	-6.21E-06	6.10E-05	-1.65E-08	0	0	-1.2788	-0.2125	-4.4306	-999.999	-1.77E+00	-4.59E-09	-3.97E-04	-4.62E-11	-4.00E-06	-3.82E-12	-3.30E-07	-1.80E-11	-1.56E-06	-2.00E-11	-1.73E-06	-1.58E-09	1.37E-04	7.96E-05	1.50E-06
1	1	-99	951511	11.0128588	268	7.30015	13.3704	1.26E-12	2.79E-06	2.85E-09	2.92E-05	3.12E-04	6.06E-03	1.97E-03	2.81E-02	2.83E-02	2.62E-03	-6.11E-06	6.10E-05	-1.74E-08	0	0	-1.2762	-0.2118	-4.432	-999.999	-1.77E+00	-4.52E-09	-3.90E-04	-4.56E-11	-3.94E-06	-3.76E-12	-3.25E-07	-1.80E-11	-1.56E-06	-2.00E-11	-1.73E-06	-1.56E-09	1.34E-04	7.94E-05	1.50E-06
1	1	-99	955111	11.05452546	269	7.30031	13.3706	1.26E-12	2.79E-06	2.85E-09	2.93E-05	3.10E-04	6.05E-03	1.94E-03	2.81E-02	2.83E-02	2.62E-03	-6.02E-06	6.10E-05	-1.82E-08	0	0	-1.2736	-0.2111	-4.4334	-999.999	-1.78E+00	-4.44E-09	-3.84E-04	-4.50E-11	-3.88E-06	-3.70E-12	-3.20E-07	-1.80E-11	-1.56E-06	-2.00E-11	-1.73E-06	-1.53E-09	1.32E-04	7.92E-05	1.50E-06
1	1	-99	958711	11.09619213	270	7.30046	13.3707	1.26E-12	2.80E-06	2.85E-09	2.93E-05	3.09E-04	6.03E-03	1.91E-03	2.82E-02	2.83E-02	2.61E-03	-5.93E-06	6.09E-05	-1.91E-08	0	0	-1.271	-0.2104	-4.4348	-999.999	-1.78E+00	-4.37E-09	-3.78E-04	-4.43E-11	-3.83E-06	-3.64E-12	-3.15E-07	-1.80E-11	-1.56E-06	-2.00E-11	-1.73E-06	-1.51E-09	1.30E-04	7.90E-05	1.50E-06
1	1	-99	962311	11.1378588	271	7.30061	13.3709	1.26E-12	2.80E-06	2.85E-09	2.93E-05	3.07E-04	6.02E-03	1.88E-03	2.82E-02	2.84E-02	2.60E-03	-5.84E-06	6.09E-05	-1.99E-08	0	0	-1.2685	-0.2098	-4.4361	-999.999	-1.78E+00	-4.30E-09	-3.72E-04	-4.37E-11	-3.78E-06	-3.58E-12	-3.10E-07	-1.80E-11	-1.56E-06	-2.00E-11	-1.73E-06	-1.49E-09	1.28E-04	7.89E-05	1.50E-06
1	1	-99	965911	11.17952546	272	7.30076	13.371	1.26E-12	2.81E-06	2.85E-09	2.93E-05	3.06E-04	6.00E-03	1.85E-03	2.82E-02	2.84E-02	2.60E-03	-5.76E-06	6.09E-05	-2.07E-08	0	0	-1.2659	-0.2091	-4.4374	-999.999	-1.78E+00	-4.23E-09	-3.66E-04	-4.31E-11	-3.72E-06	-3.53E-12	-3.05E-07	-1.80E-11	-1.56E-06	-2.00E-11	-1.73E-06	-1.46E-09	1.26E-04	7.87E-05	1.50E-06
1	1	-99	969511	11.22119213	273	7.3009	13.3711	1.26E-12	2.81E-06	2.85E-09	2.93E-05	3.04E-04	5.99E-03	1.82E-03	2.83E-02	2.84E-02	2.59E-03	-5.67E-06	6.09E-05	-2.15E-08	0	0	-1.2634	-0.2084	-4.4387	-999.999	-1.78E+00	-4.16E-09	-3.60E-04	-4.25E-11	-3.67E-06	-3.47E-12	-3.00E-07	-1.80E-11	-1.56E-06	-2.00E-11	-1.73E-06	-1.44E-09	1.24E-04	7.85E-05	1.50E-06
1	1	-99	973111	11.2628588	274	7.30105	13.3713	1.26E-12	2.82E-06	2.85E-09	2.94E-05	3.03E-04	5.97E-03	1.79E-03	2.83E-02	2.84E-02	2.59E-03	-5.59E-06	6.09E-05	-2.23E-08	0	0	-1.2608	-0.2078	-4.4399	-999.999	-1.79E+00	-4.10E-09	-3.54E-04	-4.19E-11	-3.62E-06	-3.42E-12	-2.95E-07	-1.80E-11	-1.56E-06	-2.00E-11	-1.73E-06	-1.42E-09	1.23E-04	7.83E-05	1.50E-06
1	1	-99	976711	11.30452546	275	7.30119	13.3714	1.26E-12	2.82E-06	2.85E-09	2.94E-05	3.01E-04	5.96E-03	1.76E-03	2.83E-02	2.85E-02	2.58E-03	-5.50E-06	6.08E-05	-2.31E-08	0	0	-1.2583	-0.2072	-4.441	-999.999	-1.79E+00	-4.03E-09	-3.48E-04	-4.13E-11	-3.57E-06	-3.36E-12	-2.91E-07	-1.80E-11	-1.56E-06	-2.00E-11	-1.73E-06	-1.40E-09	1.21E-04	7.82E-05	1.50E-06
1	1	-99	980311	11.34619213	276	7.30133	13.3715	1.26E-12	2.82E-06	2.85E-09	2.94E-05	3.00E-04	5.94E-03	1.73E-03	2.83E-02	2.85E-02	2.58E-03	-5.42E-06	6.08E-05	-2.39E-08	0	0	-1.2557	-0.2066	-4.4422	-999.999	-1.79E+00	-3.96E-09	-3.42E-04	-4.07E-11	-3.51E-06	-3.31E-12	-2.86E-07	-1.80E-11	-1.56E-06	-2.00E-11	-1.73E-06	-1.37E-09	1.19E-04	7.80E-05	1.50E-06
1	1	-99	983911	11.3878588	277	7.30147	13.3717	1.26E-12	2.83E-06	2.85E-09	2.94E-05	2.98E-04	5.93E-03	1.70E-03	2.84E-02	2.85E-02	2.57E-03	-5.34E-06	6.08E-05	-2.46E-08	0	0	-1.2532	-0.206	-4.4433	-999.999	-1.79E+00	-3.90E-09	-3.37E-04	-4.01E-11	-3.46E-06	-3.26E-12	-2.81E-07	-1.80E-11	-1.56E-06	-2.00E-11	-1.73E-06	-1.35E-09	1.17E-04	7.78E-05	1.50E-06
1	1	-99	987511	11.42952546	278	7.30161	13.3718	1.26E-12	2.83E-06	2.85E-09	2.95E-05	2.97E-04	5.91E-03	1.67E-03	2.84E-02	2.86E-02	2.57E-03	-5.26E-06	6.08E-05	-2.54E-08	0	0	-1.2507	-0.2054	-4.4443	-999.999	-1.80E+00	-3.84E-09	-3.31E-04	-3.95E-11	-3.41E-06	-3.21E-12	-2.77E-07	-1.80E-11	-1.56E-06	-2.00E-11	-1.73E-06	-1.33E-09	1.15E-04	7.77E-05	1.50E-06
1	1	-99	991111	11.47119213	279	7.30174	13.3719	1.26E-12	2.84E-06	2.85E-09	2.95E-05	2.95E-04	5.90E-03	1.64E-03	2.84E-02	2.86E-02	2.56E-03	-5.18E-06	6.07E-05	-2.61E-08	0	0	-1.2481	-0.2048	-4.4453	-999.999	-1.80E+00	-3.77E-09	-3.26E-04	-3.90E-11	-3.37E-06	-3.16E-12	-2.73E-07	-1.80E-11	-1.56E-06	-2.00E-11	-1.73E-06	-1.31E-09	1.13E-04	7.75E-05	1.50E-06
1	1	-99	994711	11.5128588	280	7.30187	13.372	1.26E-12	2.84E-06	2.85E-09	2.95E-05	2.94E-04	5.89E-03	1.62E-03	2.85E-02	2.86E-02	2.56E-03	-5.10E-06	6.07E-05	-2.68E-08	0	0	-1.2456	-0.2042	-4.4463	-999.999	-1.80E+00	-3.71E-09	-3.21E-04	-3.84E-11	-3.32E-06	-3.11E-12	-2.68E-07	-1.80E-11	-1.56E-06	-2.00E-11	-1.73E-06	-1.29E-09	1.12E-04	7.74E-05	1.50E-06
1	1	-99	998311	11.55452546	281	7.30201	13.3722	1.26E-12	2.85E-06	2.85E-09	2.95E-05	2.92E-04	5.87E-03	1.59E-03	2.85E-02	2.86E-02	2.55E-03	-5.03E-06	6.07E-05	-2.76E-08	0	0	-1.2431	-0.2036	-4.4473	-999.999	-1.80E+00	-3.65E-09	-3.16E-04	-3.78E-11	-3.27E-06	-3.06E-12	-2.64E-07	-1.80E-11	-1.56E-06	-2.00E-11	-1.73E-06	-1.27E-09	1.10E-04	7.72E-05	1.50E-06
1	1	-99	1.00E+06	11.59618056	282	7.30214	13.3723	1.26E-12	2.85E-06	2.85E-09	2.96E-05	2.91E-04	5.86E-03	1.56E-03	2.85E-02	2.87E-02	2.55E-03	-4.95E-06	6.07E-05	-2.83E-08	0	0	-1.2406	-0.2031	-4.4482	-999.999	-1.81E+00	-3.59E-09	-3.10E-04	-3.73E-11	-3.22E-06	-3.01E-12	-2.60E-07	-1.80E-11	-1.56E-06	-2.00E-11	-1.73E-06	-1.25E-09	1.08E-04	7.71E-05	1.49E-06
1	1	-99	1.01E+06	11.63784722	283	7.30226	13.3724	1.26E-12	2.86E-06	2.85E-09	2.96E-05	2.90E-04	5.85E-03	1.54E-03	2.85E-02	2.87E-02	2.54E-03	-4.88E-06	6.06E-05	-2.90E-08	0	0	-1.2381	-0.2025	-4.4491	-999.999	-1.81E+00	-3.53E-09	-3.05E-04	-3.67E-11	-3.17E-06	-2.96E-12	-2.56E-07	-1.80E-11	-1.56E-06	-2.00E-11	-1.73E-06	-1.23E-09	1.07E-04	7.69E-05	1.49E-06
1	1	-99	1.01E+06	11.67951389	284	7.30239	13.3725	1.26E-12	2.86E-06	2.85E-09	2.96E-05	2.88E-04	5.84E-03	1.51E-03	2.86E-02	2.87E-02	2.54E-03	-4.80E-06	6.06E-05	-2.96E-08	0	0	-1.2356	-0.202	-4.45	-999.999	-1.81E+00	-3.48E-09	-3.00E-04	-3.62E-11	-3.13E-06	-2.91E-12	-2.52E-07	-1.80E-11	-1.56E-06	-2.00E-11	-1.73E-06	-1.21E-09	1.05E-04	7.68E-05	1.49E-06
1	1	-99	1.01E+06	11.72118056	285	7.30252	13.3726	1.26E-12	2.86E-06	2.85E-09	2.97E-05	2.87E-04	5.82E-03	1.49E-03	2.86E-02	2.87E-02	2.53E-03	-4.73E-06	6.06E-05	-3.03E-08	0	0	-1.2331	-0.2015	-4.4508	-999.999	-1.81E+00	-3.42E-09	-2.95E-04	-3.57E-11	-3.08E-06	-2.87E-12	-2.48E-07	-1.80E-11	-1.56E-06	-2.00E-11	-1.73E-06	-1.20E-09	1.03E-04	7.66E-05	1.49E-06
1	1	-99	1.02E+06	11.76284722	286	7.30264	13.3727	1.26E-12	2.87E-06	2.85E-09	2.97E-05	2.85E-04	5.81E-03	1.46E-03	2.86E-02	2.88E-02	2.53E-03	-4.66E-06	6.05E-05	-3.10E-08	0	0	-1.2306	-0.201	-4.4516	-999.999	-1.82E+00	-3.36E-09	-2.91E-04	-3.52E-11	-3.04E-06	-2.82E-12	-2.44E-07	-1.80E-11	-1.56E-06	-2.00E-11	-1.73E-06	-1.18E-09	1.02E-04	7.65E-05	1.49E-06
1	1	-99	1.02E+06	11.80451389	287	7.30276	13.3728	1.26E-12	2.87E-06	2.85E-09	2.97E-05	2.84E-04	5.80E-03	1.44E-03	2.86E-02	2.88E-02	2.52E-03	-4.59E-06	6.05E-05	-3.16E-08	0	0	-1.2281	-0.2005	-4.4523	-999.999	-1.82E+00	-3.31E-09	-2.86E-04	-3.46E-11	-2.99E-06	-2.78E-12	-2.40E-07	-1.80E-11	-1.56E-06	-2.00E-11	-1.73E-06	-1.16E-09	1.00E-04	7.64E-05	1.49E-06
1	1	-99	1.02E+06	11.84618056	288	7.30288	13.3729	1.26E-12	2.88E-06	2.85E-09	2.98E-05	2.83E-04	5.79E-03	1.41E-03	2.87E-02	2.88E-02	2.52E-03	-4.52E-06	6.05E-05	-3.23E-08	0	0	-1.2257	-0.2	-4.4531	-999.999	-1.82E+00	-3.25E-09	-2.81E-04	-3.41E-11	-2.95E-06	-2.73E-12	-2.36E-07	-1.80E-11	-1.56E-06	-2.00E-11	-1.73E-06	-1.14E-09	9.85E-05	7.62E-05	1.49E-06
1	1	-99	1.03E+06	11.88784722	289	7.303	13.373	1.26E-12	2.88E-06	2.85E-09	2.98E-05	2.81E-04	5.78E-03	1.39E-03	2.87E-02	2.88E-02	2.51E-03	-4.45E-06	6.04E-05	-3.29E-08	0	0	-1.2232	-0.1995	-4.4538	-999.999	-1.82E+00	-3.20E-09	-2.77E-04	-3.36E-11	-2.90E-06	-2.69E-12	-2.32E-07	-1.80E-11	-1.56E-06	-2.00E-11	-1.73E-06	-1.12E-09	9.70E-05	7.61E-05	1.49E-06
1	1	-99	1.03E+06	11.92951389	290	7.30312	13.3731	1.26E-12	2.89E-06	2.85E-09	2.98E-05	2.80E-04	5.76E-03	1.37E-03	2.87E-02	2.89E-02	2.51E-03	-4.39E-06	6.04E-05	-3.35E-08	0	0	-1.2207	-0.199	-4.4544	-999.999	-1.82E+00	-3.15E-09	-2.72E-04	-3.31E-11	-2.86E-06	-2.64E-12	-2.29E-07	-1.80E-11	-1.56E-06	-2.00E-11	-1.73E-06	-1.11E-09	9.55E-05	7.60E-05	1.49E-06
1	1	-99	1.03E+06	11.97118056	291	7.30323	13.3732	1.26E-12	2.89E-06	2.85E-09	2.99E-05	2.78E-04	5.75E-03	1.35E-03	2.87E-02	2.89E-02	2.50E-03	-4.32E-06	6.04E-05	-3.41E-08	0	0	-1.2182	-0.1985	-4.4551	-999.999	-1.83E+00	-3.10E-09	-2.68E-04	-3.26E-11	-2.82E-06	-2.60E-12	-2.25E-07	-1.80E-11	-1.56E-06	-2.00E-11	-1.73E-06	-1.09E-09	9.40E-05	7.58E-05	1.49E-06
1	1	-99	1.04E+06	12.01284722	292	7.30335	13.3733	1.26E-12	2.90E-06	2.85E-09	2.99E-05	2.77E-04	5.74E-03	1.32E-03	2.87E-02	2.89E-02	2.50E-03	-4.26E-06	6.03E-05	-3.47E-08	0	0	-1.2158	-0.1981	-4.4557	-999.999	-1.83E+00	-3.05E-09	-2.63E-04	-3.21E-11	-2.78E-06	-2.56E-12	-2.21E-07	-1.80E-11	-1.56E-06	-2.00E-11	-1.73E-06	-1.07E-09	9.26E-05	7.57E-05	1.49E-06
1	1	-99	1.04E+06	12.05451389	293	7.30346	13.3734	1.26E-12	2.90E-06	2.85E-09	2.99E-05	2.76E-04	5.73E-03	1.30E-03	2.88E-02	2.89E-02	2.50E-03	-4.19E-06	6.03E-05	-3.53E-08	0	0	-1.2133	-0.1976	-4.4563	-999.999	-1.83E+00	-3.00E-09	-2.59E-04	-3.17E-11	-2.74E-06	-2.52E-12	-2.18E-07	-1.80E-11	-1.56E-06	-2.00E-11	-1.73E-06	-1.05E-09	9.11E-05	7.56E-05	1.49E-06
1	1	-99	1.05E+06	12.09618056	294	7.30357	13.3735	1.26E-12	2.91E-06	2.85E-09	3.00E-05	2.74E-04	5.72E-03	1.28E-03	2.88E-02	2.90E-02	2.49E-03	-4.13E-06	6.03E-05	-3.59E-08	0	0	-1.2109	-0.1972	-4.4569	-999.999	-1.83E+00	-2.95E-09	-2.55E-04	-3.12E-11	-2.70E-06	-2.48E-12	-2.14E-07	-1.80E-11	-1.56E-06	-2.00E-11	-1.73E-06	-1.04E-09	8.97E-05	7.54E-05	1.48E-06
1	1	-99	1.05E+06	12.13784722	295	7.30368	13.3736	1.26E-12	2.91E-06	2.85E-09	3.00E-05	2.73E-04	5.71E-03	1.26E-03	2.88E-02	2.90E-02	2.49E-03	-4.07E-06	6.02E-05	-3.65E-08	0	0	-1.2084	-0.1967	-4.4574	-999.999	-1.84E+00	-2.90E-09	-2.50E-04	-3.07E-11	-2.66E-06	-2.44E-12	-2.11E-07	-1.80E-11	-1.56E-06	-2.00E-11	-1.73E-06	-1.02E-09	8.83E-05	7.53E-05	1.48E-06
1	1	-99	1.05E+06	12.17951389	296	7.30379	13.3737	1.26E-12	2.92E-06	2.85E-09	3.00E-05	2.72E-04	5.70E-03	1.24E-03	2.88E-02	2.90E-02	2.48E-03	-4.01E-06	6.02E-05	-3.71E-08	0	0	-1.206	-0.1963	-4.4579	-999.999	-1.84E+00	-2.85E-09	-2.46E-04	-3.03E-11	-2.62E-06	-2.40E-12	-2.07E-07	-1.80E-11	-1.56E-06	-2.00E-11	-1.73E-06	-1.01E-09	8.70E-05	7.52E-05	1.48E-06
1	1	-99	1.06E+06	12.22118056	297	7.3039	13.3737	1.26E-12	2.92E-06	2.85E-09	3.01E-05	2.70E-04	5.69E-03	1.22E-03	2.89E-02	2.90E-02	2.48E-03	-3.95E-06	6.02E-05	-3.76E-08	0	0	-1.2036	-0.1959	-4.4584	-999.999	-1.84E+00	-2.80E-09	-2.42E-04	-2.98E-11	-2.58E-06	-2.36E-12	-2.04E-07	-1.80E-11	-1.56E-06	-2.00E-11	-1.73E-06	-9.91E-10	8.56E-05	7.51E-05	1.48E-06
1	1	-99	1.06E+06	12.26284722	298	7.30401	13.3738	1.26E-12	2.93E-06	2.85E-09	3.01E-05	2.69E-04	5.68E-03	1.20E-03	2.89E-02	2.90E-02	2.48E-03	-3.89E-06	6.01E-05	-3.82E-08	0	0	-1.2011	-0.1955	-4.4589	-999.999	-1.84E+00	-2.76E-09	-2.38E-04	-2.94E-11	-2.54E-06	-2.32E-12	-2.01E-07	-1.80E-11	-1.56E-06	-2.00E-11	-1.73E-06	-9.76E-10	8.43E-05	7.50E-05	1.48E-06
1	1	-99	1.06E+06	12.30451389	299	7.30411	13.3739	1.26E-12	2.93E-06	2.86E-09	3.01E-05	2.68E-04	5.67E-03	1.18E-03	2.89E-02	2.91E-02	2.47E-03	-3.83E-06	6.01E-05	-3.87E-08	0	0	-1.1987	-0.1951	-4.4593	-999.999	-1.85E+00	-2.71E-09	-2.34E-04	-2.89E-11	-2.50E-06	-2.29E-12	-1.98E-07	-1.80E-11	-1.56E-06	-2.00E-11	-1.73E-06	-9.61E-10	8.30E-05	7.48E-05	1.48E-06
1	1	-99	1.07E+06	12.34618056	300	7.30422	13.374	1.26E-12	2.93E-06	2.86E-09	3.02E-05	2.66E-04	5.66E-03	1.16E-03	2.89E-02	2.91E-02	2.47E-03	-3.77E-06	6.00E-05	-3.92E-08	0	0	-1.1963	-0.1947	-4.4597	-999.999	-1.85E+00	-2.67E-09	-2.31E-04	-2.85E-11	-2.46E-06	-2.25E-12	-1.94E-07	-1.80E-11	-1.56E-06	-2.00E-11	-1.73E-06	-9.46E-10	8.17E-05	7.47E-05	1.48E-06
1	1	-99	1.07E+06	12.38784722	301	7.30432	13.3741	1.26E-12	2.94E-06	2.86E-09	3.02E-05	2.65E-04	5.65E-03	1.14E-03	2.89E-02	2.91E-02	2.46E-03	-3.72E-06	6.00E-05	-3.98E-08	0	0	-1.1939	-0.1943	-4.4601	-999.999	-1.85E+00	-2.62E-09	-2.27E-04	-2.81E-11	-2.42E-06	-2.21E-12	-1.91E-07	-1.80E-11	-1.56E-06	-2.00E-11	-1.73E-06	-9.31E-10	8.04E-05	7.46E-05	1.48E-06
1	1	-99	1.07E+06	12.42951389	302	7.30442	13.3741	1.26E-12	2.94E-06	2.86E-09	3.03E-05	2.64E-04	5.64E-03	1.12E-03	2.90E-02	2.91E-02	2.46E-03	-3.66E-06	6.00E-05	-4.03E-08	0	0	-1.1915	-0.1939	-4.4605	-999.999	-1.85E+00	-2.58E-09	-2.23E-04	-2.76E-11	-2.39E-06	-2.18E-12	-1.88E-07	-1.80E-11	-1.56E-06	-2.00E-11	-1.73E-06	-9.17E-10	7.92E-05	7.45E-05	1.48E-06
1	1	-99	1.08E+06	12.47118056	303	7.30452	13.3742	1.26E-12	2.95E-06	2.86E-09	3.03E-05	2.63E-04	5.63E-03	1.10E-03	2.90E-02	2.91E-02	2.46E-03	-3.61E-06	5.99E-05	-4.08E-08	0	0	-1.1891	-0.1935	-4.4608	-999.999	-1.86E+00	-2.54E-09	-2.19E-04	-2.72E-11	-2.35E-06	-2.14E-12	-1.85E-07	-1.80E-11	-1.56E-06	-2.00E-11	-1.73E-06	-9.03E-10	7.80E-05	7.44E-05	1.48E-06
1	1	-99	1.08E+06	12.51284722	304	7.30462	13.3743	1.26E-12	2.95E-06	2.86E-09	3.03E-05	2.61E-04	5.62E-03	1.08E-03	2.90E-02	2.92E-02	2.45E-03	-3.56E-06	5.99E-05	-4.13E-08	0	0	-1.1867	-0.1931	-4.4611	-999.999	-1.86E+00	-2.50E-09	-2.16E-04	-2.68E-11	-2.32E-06	-2.11E-12	-1.82E-07	-1.80E-11	-1.56E-06	-2.00E-11	-1.73E-06	-8.89E-10	7.68E-05	7.43E-05	1.48E-06
1	1	-99	1.08E+06	12.55451389	305	7.30471	13.3743	1.26E-12	2.96E-06	2.86E-09	3.04E-05	2.60E-04	5.61E-03	1.07E-03	2.90E-02	2.92E-02	2.45E-03	-3.50E-06	5.98E-05	-4.18E-08	0	0	-1.1843	-0.1928	-4.4614	-999.999	-1.86E+00	-2.46E-09	-2.12E-04	-2.64E-11	-2.28E-06	-2.07E-12	-1.79E-07	-1.80E-11	-1.56E-06	-2.00E-11	-1.73E-06	-8.75E-10	7.56E-05	7.42E-05	1.47E-06
1	1	-99	1.09E+06	12.59618056	306	7.30481	13.3744	1.26E-12	2.96E-06	2.86E-09	3.04E-05	2.59E-04	5.61E-03	1.05E-03	2.90E-02	2.92E-02	2.45E-03	-3.45E-06	5.98E-05	-4.23E-08	0	0	-1.1819	-0.1924	-4.4617	-999.999	-1.86E+00	-2.42E-09	-2.09E-04	-2.60E-11	-2.25E-06	-2.04E-12	-1.76E-07	-1.80E-11	-1.56E-06	-2.00E-11	-1.73E-06	-8.61E-10	7.44E-05	7.41E-05	1.47E-06
1	1	-99	1.09E+06	12.63784722	307	7.30491	13.3745	1.25E-12	2.97E-06	2.86E-09	3.05E-05	2.57E-04	5.60E-03	1.03E-03	2.90E-02	2.92E-02	2.44E-03	-3.40E-06	5.97E-05	-4.27E-08	0	0	-1.1795	-0.1921	-4.4619	-999.999	-1.86E+00	-2.38E-09	-2.05E-04	-2.56E-11	-2.21E-06	-2.01E-12	-1.74E-07	-1.80E-11	-1.56E-06	-2.00E-11	-1.73E-06	-8.48E-10	7.33E-05	7.40E-05	1.47E-06
1	1	-99	1.10E+06	12.67951389	308	7.305	13.3745	1.25E-12	2.97E-06	2.86E-09	3.05E-05	2.56E-04	5.59E-03	1.01E-03	2.91E-02	2.92E-02	2.44E-03	-3.35E-06	5.97E-05	-4.32E-08	0	0	-1.1771	-0.1917	-4.4622	-999.999	-1.87E+00	-2.34E-09	-2.02E-04	-2.52E-11	-2.18E-06	-1.98E-12	-1.71E-07	-1.80E-11	-1.56E-06	-2.00E-11	-1.73E-06	-8.35E-10	7.21E-05	7.39E-05	1.47E-06
1	1	-99	1.10E+06	12.72118056	309	7.30509	13.3746	1.25E-12	2.98E-06	2.86E-09	3.06E-05	2.55E-04	5.58E-03	9.97E-04	2.91E-02	2.92E-02	2.44E-03	-3.30E-06	5.97E-05	-4.37E-08	0	0	-1.1747	-0.1914	-4.4624	-999.999	-1.87E+00	-2.30E-09	-1.99E-04	-2.48E-11	-2.14E-06	-1.94E-12	-1.68E-07	-1.80E-11	-1.56E-06	-2.00E-11	-1.73E-06	-8.22E-10	7.10E-05	7.38E-05	1.47E-06
1	1	-99	1.10E+06	12.76284722	310	7.30518	13.3747	1.25E-12	2.98E-06	2.86E-09	3.06E-05	2.54E-04	5.57E-03	9.80E-04	2.91E-02	2.93E-02	2.43E-03	-3.25E-06	5.96E-05	-4.41E-08	0	0	-1.1723	-0.191	-4.4626	-999.999	-1.87E+00	-2.26E-09	-1.95E-04	-2.44E-11	-2.11E-06	-1.91E-12	-1.65E-07	-1.80E-11	-1.56E-06	-2.00E-11	-1.73E-06	-8.09E-10	6.99E-05	7.37E-05	1.47E-06
1	1	-99	1.11E+06	12.80451389	311	7.30527	13.3747	1.25E-12	2.99E-06	2.86E-09	3.07E-05	2.52E-04	5.56E-03	9.64E-04	2.91E-02	2.93E-02	2.43E-03	-3.20E-06	5.96E-05	-4.46E-08	0	0	-1.17	-0.1907	-4.4628	-999.999	-1.87E+00	-2.22E-09	-1.92E-04	-2.41E-11	-2.08E-06	-1.88E-12	-1.63E-07	-1.80E-11	-1.56E-06	-2.00E-11	-1.73E-06	-7.97E-10	6.88E-05	7.36E-05	1.47E-06
1	1	-99	1.11E+06	12.84618056	312	7.30536	13.3748	1.25E-12	2.99E-06	2.86E-09	3.07E-05	2.51E-04	5.56E-03	9.48E-04	2.91E-02	2.93E-02	2.43E-03	-3.15E-06	5.95E-05	-4.50E-08	0	0	-1.1676	-0.1904	-4.4629	-999.999	-1.88E+00	-2.19E-09	-1.89E-04	-2.37E-11	-2.05E-06	-1.85E-12	-1.60E-07	-1.80E-11	-1.56E-06	-2.00E-11	-1.73E-06	-7.84E-10	6.78E-05	7.35E-05	1.47E-06
1	1	-99	1.11E+06	12.88784722	313	7.30545	13.3749	1.25E-12	3.00E-06	2.86E-09	3.07E-05	2.50E-04	5.55E-03	9.32E-04	2.91E-02	2.93E-02	2.42E-03	-3.11E-06	5.95E-05	-4.54E-08	0	0	-1.1652	-0.1901	-4.463	-999.999	-1.88E+00	-2.15E-09	-1.86E-04	-2.33E-11	-2.02E-06	-1.82E-12	-1.57E-07	-1.80E-11	-1.56E-06	-2.00E-11	-1.73E-06	-7.72E-10	6.67E-05	7.34E-05	1.47E-06
1	1	-99	1.12E+06	12.92951389	314	7.30554	13.3749	1.25E-12	3.01E-06	2.86E-09	3.08E-05	2.49E-04	5.54E-03	9.17E-04	2.92E-02	2.93E-02	2.42E-03	-3.06E-06	5.94E-05	-4.59E-08	0	0	-1.1629	-0.1898	-4.4632	-999.999	-1.88E+00	-2.11E-09	-1.83E-04	-2.30E-11	-1.99E-06	-1.79E-12	-1.55E-07	-1.80E-11	-1.56E-06	-2.00E-11	-1.73E-06	-7.60E-10	6.57E-05	7.33E-05	1.46E-06
1	1	-99	1.12E+06	12.97118056	315	7.30562	13.375	1.25E-12	3.01E-06	2.86E-09	3.08E-05	2.48E-04	5.53E-03	9.02E-04	2.92E-02	2.93E-02	2.42E-03	-3.02E-06	5.94E-05	-4.63E-08	0	0	-1.1605	-0.1895	-4.4633	-999.999	-1.88E+00	-2.08E-09	-1.80E-04	-2.26E-11	-1.95E-06	-1.76E-12	-1.52E-07	-1.80E-11	-1.56E-06	-2.00E-11	-1.73E-06	-7.49E-10	6.47E-05	7.32E-05	1.46E-06
1	1	-99	1.12E+06	13.01284722	316	7.30571	13.375	1.25E-12	3.02E-06	2.86E-09	3.09E-05	2.46E-04	5.53E-03	8.87E-04	2.92E-02	2.93E-02	2.42E-03	-2.97E-06	5.93E-05	-4.67E-08	0	0	-1.1582	-0.1892	-4.4633	-999.999	-1.89E+00	-2.05E-09	-1.77E-04	-2.23E-11	-1.92E-06	-1.73E-12	-1.50E-07	-1.80E-11	-1.56E-06	-2.00E-11	-1.73E-06	-7.37E-10	6.37E-05	7.31E-05	1.46E-06
1	1	-99	1.13E+06	13.05451389	317	7.30579	13.3751	1.25E-12	3.02E-06	2.86E-09	3.09E-05	2.45E-04	5.52E-03	8.72E-04	2.92E-02	2.94E-02	2.41E-03	-2.93E-06	5.93E-05	-4.71E-08	0	0	-1.1558	-0.1889	-4.4634	-999.999	-1.89E+00	-2.01E-09	-1.74E-04	-2.19E-11	-1.89E-06	-1.71E-12	-1.47E-07	-1.80E-11	-1.56E-06	-2.00E-11	-1.73E-06	-7.26E-10	6.27E-05	7.30E-05	1.46E-06
1	1	-99	1.13E+06	13.09618056	318	7.30588	13.3751	1.25E-12	3.03E-06	2.86E-09	3.10E-05	2.44E-04	5.51E-03	8.58E-04	2.92E-02	2.94E-02	2.41E-03	-2.89E-06	5.92E-05	-4.75E-08	0	0	-1.1535	-0.1886	-4.4634	-999.999	-1.89E+00	-1.98E-09	-1.71E-04	-2.16E-11	-1.87E-06	-1.68E-12	-1.45E-07	-1.80E-11	-1.56E-06	-2.00E-11	-1.73E-06	-7.15E-10	6.17E-05	7.29E-05	1.46E-06
1	1	-99	1.14E+06	13.13784722	319	7.30596	13.3752	1.25E-12	3.03E-06	2.86E-09	3.10E-05	2.43E-04	5.50E-03	8.43E-04	2.92E-02	2.94E-02	2.41E-03	-2.84E-06	5.92E-05	-4.79E-08	0	0	-1.1511	-0.1883	-4.4635	-999.999	-1.89E+00	-1.95E-09	-1.68E-04	-2.13E-11	-1.84E-06	-1.65E-12	-1.43E-07	-1.80E-11	-1.56E-06	-2.00E-11	-1.73E-06	-7.04E-10	6.08E-05	7.29E-05	1.46E-06
1	1	-99	1.14E+06	13.17951389	320	7.30604	13.3752	1.25E-12	3.04E-06	2.86E-09	3.11E-05	2.42E-04	5.50E-03	8.29E-04	2.92E-02	2.94E-02	2.40E-03	-2.80E-06	5.92E-05	-4.83E-08	0	0	-1.1488	-0.1881	-4.4635	-999.999	-1.89E+00	-1.91E-09	-1.65E-04	-2.09E-11	-1.81E-06	-1.62E-12	-1.40E-07	-1.80E-11	-1.56E-06	-2.00E-11	-1.73E-06	-6.93E-10	5.98E-05	7.28E-05	1.46E-06
1	1	-99	1.14E+06	13.22118056	321	7.30612	13.3753	1.25E-12	3.04E-06	2.86E-09	3.11E-05	2.40E-04	5.49E-03	8.16E-04	2.93E-02	2.94E-02	2.40E-03	-2.76E-06	5.91E-05	-4.87E-08	0	0	-1.1465	-0.1878	-4.4635	-999.999	-1.90E+00	-1.88E-09	-1.63E-04	-2.06E-11	-1.78E-06	-1.60E-12	-1.38E-07	-1.80E-11	-1.56E-06	-2.00E-11	-1.73E-06	-6.82E-10	5.89E-05	7.27E-05	1.46E-06
1	1	-99	1.15E+06	13.26284722	322	7.3062	13.3753	1.25E-12	3.05E-06	2.86E-09	3.12E-05	2.39E-04	5.48E-03	8.02E-04	2.93E-02	2.94E-02	2.40E-03	-2.72E-06	5.91E-05	-4.90E-08	0	0	-1.1441	-0.1875	-4.4635	-999.999	-1.90E+00	-1.85E-09	-1.60E-04	-2.03E-11	-1.75E-06	-1.57E-12	-1.36E-07	-1.80E-11	-1.56E-06	-2.00E-11	-1.72E-06	-6.71E-10	5.80E-05	7.26E-05	1.46E-06
1	1	-99	1.15E+06	13.30451389	323	7.30628	13.3754	1.25E-12	3.05E-06	2.86E-09	3.12E-05	2.38E-04	5.48E-03	7.89E-04	2.93E-02	2.94E-02	2.40E-03	-2.68E-06	5.90E-05	-4.94E-08	0	0	-1.1418	-0.1873	-4.4634	-999.999	-1.90E+00	-1.82E-09	-1.57E-04	-2.00E-11	-1.72E-06	-1.55E-12	-1.34E-07	-1.80E-11	-1.56E-06	-2.00E-11	-1.72E-06	-6.61E-10	5.71E-05	7.25E-05	1.45E-06
1	1	-99	1.15E+06	13.34618056	324	7.30635	13.3754	1.25E-12	3.06E-06	2.86E-09	3.13E-05	2.37E-04	5.47E-03	7.76E-04	2.93E-02	2.95E-02	2.39E-03	-2.64E-06	5.90E-05	-4.98E-08	0	0	-1.1395	-0.187	-4.4634	-999.999	-1.90E+00	-1.79E-09	-1.55E-04	-1.97E-11	-1.70E-06	-1.52E-12	-1.31E-07	-1.80E-11	-1.56E-06	-2.00E-11	-1.72E-06	-6.51E-10	5.62E-05	7.24E-05	1.45E-06
1	1	-99	1.16E+06	13.38784722	325	7.30643	13.3755	1.25E-12	3.06E-06	2.86E-09	3.13E-05	2.36E-04	5.46E-03	7.63E-04	2.93E-02	2.95E-02	2.39E-03	-2.60E-06	5.89E-05	-5.01E-08	0	0	-1.1372	-0.1868	-4.4633	-999.999	-1.91E+00	-1.76E-09	-1.52E-04	-1.93E-11	-1.67E-06	-1.50E-12	-1.29E-07	-1.80E-11	-1.56E-06	-2.00E-11	-1.72E-06	-6.41E-10	5.54E-05	7.24E-05	1.45E-06
1	1	-99	1.16E+06	13.42951389	326	7.30651	13.3755	1.25E-12	3.07E-06	2.86E-09	3.14E-05	2.35E-04	5.46E-03	7.50E-04	2.93E-02	2.95E-02	2.39E-03	-2.56E-06	5.89E-05	-5.05E-08	0	0	-1.1349	-0.1865	-4.4632	-999.999	-1.91E+00	-1.73E-09	-1.50E-04	-1.90E-11	-1.65E-06	-1.47E-12	-1.27E-07	-1.80E-11	-1.56E-06	-2.00E-11	-1.72E-06	-6.31E-10	5.45E-05	7.23E-05	1.45E-06
1	1	-99	1.16E+06	13.47118056	327	7.30658	13.3755	1.25E-12	3.07E-06	2.86E-09	3.14E-05	2.33E-04	5.45E-03	7.38E-04	2.93E-02	2.95E-02	2.39E-03	-2.53E-06	5.88E-05	-5.08E-08	0	0	-1.1326	-0.1863	-4.4631	-999.999	-1.91E+00	-1.70E-09	-1.47E-04	-1.87E-11	-1.62E-06	-1.45E-12	-1.25E-07	-1.80E-11	-1.56E-06	-2.00E-11	-1.72E-06	-6.21E-10	5.37E-05	7.22E-05	1.45E-06
1	1	-99	1.17E+06	13.51284722	328	7.30665	13.3756	1.25E-12	3.08E-06	2.86E-09	3.15E-05	2.32E-04	5.45E-03	7.26E-04	2.93E-02	2.95E-02	2.38E-03	-2.49E-06	5.88E-05	-5.12E-08	0	0	-1.1303	-0.1861	-4.463	-999.999	-1.91E+00	-1.67E-09	-1.45E-04	-1.85E-11	-1.59E-06	-1.43E-12	-1.23E-07	-1.80E-11	-1.56E-06	-2.00E-11	-1.72E-06	-6.12E-10	5.29E-05	7.21E-05	1.45E-06
1	1	-99	1.17E+06	13.55451389	329	7.30673	13.3756	1.25E-12	3.09E-06	2.86E-09	3.15E-05	2.31E-04	5.44E-03	7.14E-04	2.94E-02	2.95E-02	2.38E-03	-2.45E-06	5.87E-05	-5.15E-08	0	0	-1.128	-0.1858	-4.4629	-999.999	-1.91E+00	-1.65E-09	-1.42E-04	-1.82E-11	-1.57E-06	-1.40E-12	-1.21E-07	-1.80E-11	-1.56E-06	-2.00E-11	-1.72E-06	-6.02E-10	5.20E-05	7.21E-05	1.45E-06
1	1	-99	1.17E+06	13.59618056	330	7.3068	13.3757	1.25E-12	3.09E-06	2.86E-09	3.16E-05	2.30E-04	5.43E-03	7.02E-04	2.94E-02	2.95E-02	2.38E-03	-2.42E-06	5.87E-05	-5.18E-08	0	0	-1.1257	-0.1856	-4.4627	-999.999	-1.92E+00	-1.62E-09	-1.40E-04	-1.79E-11	-1.54E-06	-1.38E-12	-1.19E-07	-1.80E-11	-1.56E-06	-2.00E-11	-1.72E-06	-5.93E-10	5.12E-05	7.20E-05	1.45E-06
1	1	-99	1.18E+06	13.63784722	331	7.30687	13.3757	1.25E-12	3.10E-06	2.86E-09	3.16E-05	2.29E-04	5.43E-03	6.90E-04	2.94E-02	2.95E-02	2.38E-03	-2.38E-06	5.86E-05	-5.22E-08	0	0	-1.1234	-0.1854	-4.4626	-999.999	-1.92E+00	-1.59E-09	-1.38E-04	-1.76E-11	-1.52E-06	-1.36E-12	-1.17E-07	-1.80E-11	-1.56E-06	-2.00E-11	-1.72E-06	-5.84E-10	5.05E-05	7.19E-05	1.44E-06
1	1	-99	1.18E+06	13.67951389	332	7.30694	13.3757	1.25E-12	3.10E-06	2.86E-09	3.17E-05	2.28E-04	5.42E-03	6.79E-04	2.94E-02	2.96E-02	2.37E-03	-2.35E-06	5.85E-05	-5.25E-08	0	0	-1.1211	-0.1852	-4.4624	-999.999	-1.92E+00	-1.57E-09	-1.35E-04	-1.73E-11	-1.50E-06	-1.33E-12	-1.15E-07	-1.80E-11	-1.56E-06	-2.00E-11	-1.72E-06	-5.75E-10	4.97E-05	7.18E-05	1.44E-06
1	1	-99	1.19E+06	13.72118056	333	7.30701	13.3758	1.25E-12	3.11E-06	2.86E-09	3.17E-05	2.27E-04	5.42E-03	6.68E-04	2.94E-02	2.96E-02	2.37E-03	-2.31E-06	5.85E-05	-5.28E-08	0	0	-1.1188	-0.185	-4.4622	-999.999	-1.92E+00	-1.54E-09	-1.33E-04	-1.71E-11	-1.47E-06	-1.31E-12	-1.13E-07	-1.80E-11	-1.56E-06	-2.00E-11	-1.72E-06	-5.66E-10	4.89E-05	7.18E-05	1.44E-06
1	1	-99	1.19E+06	13.76284722	334	7.30708	13.3758	1.25E-12	3.11E-06	2.86E-09	3.18E-05	2.26E-04	5.41E-03	6.57E-04	2.94E-02	2.96E-02	2.37E-03	-2.28E-06	5.84E-05	-5.31E-08	0	0	-1.1165	-0.1847	-4.4621	-999.999	-1.93E+00	-1.51E-09	-1.31E-04	-1.68E-11	-1.45E-06	-1.29E-12	-1.12E-07	-1.80E-11	-1.56E-06	-2.00E-11	-1.72E-06	-5.58E-10	4.82E-05	7.17E-05	1.44E-06
1	1	-99	1.19E+06	13.80451389	335	7.30715	13.3758	1.25E-12	3.12E-06	2.86E-09	3.18E-05	2.24E-04	5.41E-03	6.46E-04	2.94E-02	2.96E-02	2.37E-03	-2.25E-06	5.84E-05	-5.34E-08	0	0	-1.1142	-0.1845	-4.4619	-999.999	-1.93E+00	-1.49E-09	-1.29E-04	-1.65E-11	-1.43E-06	-1.27E-12	-1.10E-07	-1.80E-11	-1.56E-06	-2.00E-11	-1.72E-06	-5.49E-10	4.74E-05	7.16E-05	1.44E-06
1	1	-99	1.20E+06	13.84618056	336	7.30721	13.3759	1.25E-12	3.12E-06	2.86E-09	3.19E-05	2.23E-04	5.40E-03	6.35E-04	2.94E-02	2.96E-02	2.36E-03	-2.22E-06	5.83E-05	-5.37E-08	0	0	-1.112	-0.1843	-4.4616	-999.999	-1.93E+00	-1.47E-09	-1.27E-04	-1.63E-11	-1.40E-06	-1.25E-12	-1.08E-07	-1.80E-11	-1.56E-06	-2.00E-11	-1.72E-06	-5.41E-10	4.67E-05	7.16E-05	1.44E-06
1	1	-99	1.20E+06	13.88784722	337	7.30728	13.3759	1.25E-12	3.13E-06	2.86E-09	3.19E-05	2.22E-04	5.40E-03	6.24E-04	2.94E-02	2.96E-02	2.36E-03	-2.18E-06	5.83E-05	-5.40E-08	0	0	-1.1097	-0.1841	-4.4614	-999.999	-1.93E+00	-1.44E-09	-1.24E-04	-1.60E-11	-1.38E-06	-1.23E-12	-1.06E-07	-1.80E-11	-1.56E-06	-2.00E-11	-1.72E-06	-5.32E-10	4.60E-05	7.15E-05	1.44E-06
1	1	-99	1.20E+06	13.92951389	338	7.30734	13.3759	1.25E-12	3.14E-06	2.86E-09	3.20E-05	2.21E-04	5.39E-03	6.14E-04	2.95E-02	2.96E-02	2.36E-03	-2.15E-06	5.82E-05	-5.43E-08	0	0	-1.1074	-0.184	-4.4612	-999.999	-1.94E+00	-1.42E-09	-1.22E-04	-1.57E-11	-1.36E-06	-1.21E-12	-1.04E-07	-1.80E-11	-1.56E-06	-2.00E-11	-1.72E-06	-5.24E-10	4.53E-05	7.14E-05	1.43E-06
1	1	-99	1.21E+06	13.97118056	339	7.30741	13.376	1.25E-12	3.14E-06	2.86E-09	3.21E-05	2.20E-04	5.39E-03	6.04E-04	2.95E-02	2.96E-02	2.36E-03	-2.12E-06	5.82E-05	-5.46E-08	0	0	-1.1052	-0.1838	-4.4609	-999.999	-1.94E+00	-1.39E-09	-1.20E-04	-1.55E-11	-1.34E-06	-1.19E-12	-1.03E-07	-1.80E-11	-1.56E-06	-2.00E-11	-1.72E-06	-5.16E-10	4.46E-05	7.14E-05	1.43E-06
1	1	-99	1.21E+06	14.01284722	340	7.30747	13.376	1.25E-12	3.15E-06	2.86E-09	3.21E-05	2.19E-04	5.38E-03	5.94E-04	2.95E-02	2.96E-02	2.36E-03	-2.09E-06	5.81E-05	-5.49E-08	0	0	-1.1029	-0.1836	-4.4607	-999.999	-1.94E+00	-1.37E-09	-1.18E-04	-1.53E-11	-1.32E-06	-1.17E-12	-1.01E-07	-1.80E-11	-1.56E-06	-2.00E-11	-1.72E-06	-5.08E-10	4.39E-05	7.13E-05	1.43E-06
1	1	-99	1.21E+06	14.05451389	341	7.30754	13.376	1.25E-12	3.15E-06	2.86E-09	3.22E-05	2.18E-04	5.38E-03	5.84E-04	2.95E-02	2.97E-02	2.35E-03	-2.06E-06	5.81E-05	-5.51E-08	0	0	-1.1006	-0.1834	-4.4604	-999.999	-1.94E+00	-1.35E-09	-1.16E-04	-1.50E-11	-1.30E-06	-1.15E-12	-9.95E-08	-1.80E-11	-1.56E-06	-2.00E-11	-1.72E-06	-5.00E-10	4.32E-05	7.12E-05	1.43E-06
1	1	-99	1.22E+06	14.09618056	342	7.3076	13.3761	1.25E-12	3.16E-06	2.86E-09	3.22E-05	2.17E-04	5.37E-03	5.74E-04	2.95E-02	2.97E-02	2.35E-03	-2.03E-06	5.80E-05	-5.54E-08	0	0	-1.0984	-0.1832	-4.4601	-999.999	-1.94E+00	-1.33E-09	-1.15E-04	-1.48E-11	-1.28E-06	-1.13E-12	-9.78E-08	-1.80E-11	-1.56E-06	-2.00E-11	-1.72E-06	-4.93E-10	4.26E-05	7.12E-05	1.43E-06
1	1	-99	1.22E+06	14.13784722	343	7.30766	13.3761	1.25E-12	3.16E-06	2.86E-09	3.23E-05	2.16E-04	5.37E-03	5.65E-04	2.95E-02	2.97E-02	2.35E-03	-2.00E-06	5.79E-05	-5.57E-08	0	0	-1.0961	-0.1831	-4.4598	-999.999	-1.95E+00	-1.30E-09	-1.13E-04	-1.45E-11	-1.26E-06	-1.11E-12	-9.62E-08	-1.80E-11	-1.56E-06	-2.00E-11	-1.72E-06	-4.85E-10	4.19E-05	7.11E-05	1.43E-06
1	1	-99	1.23E+06	14.17951389	344	7.30772	13.3761	1.25E-12	3.17E-06	2.86E-09	3.23E-05	2.15E-04	5.36E-03	5.56E-04	2.95E-02	2.97E-02	2.35E-03	-1.97E-06	5.79E-05	-5.59E-08	0	0	-1.0939	-0.1829	-4.4595	-999.999	-1.95E+00	-1.28E-09	-1.11E-04	-1.43E-11	-1.24E-06	-1.10E-12	-9.47E-08	-1.80E-11	-1.56E-06	-2.00E-11	-1.72E-06	-4.78E-10	4.13E-05	7.11E-05	1.43E-06
1	1	-99	1.23E+06	14.22118056	345	7.30778	13.3761	1.25E-12	3.18E-06	2.86E-09	3.24E-05	2.14E-04	5.36E-03	5.46E-04	2.95E-02	2.97E-02	2.35E-03	-1.95E-06	5.78E-05	-5.62E-08	0	0	-1.0916	-0.1827	-4.4592	-999.999	-1.95E+00	-1.26E-09	-1.09E-04	-1.41E-11	-1.22E-06	-1.08E-12	-9.31E-08	-1.80E-11	-1.56E-06	-2.00E-11	-1.72E-06	-4.71E-10	4.07E-05	7.10E-05	1.43E-06
1	1	-99	1.23E+06	14.26284722	346	7.30784	13.3762	1.25E-12	3.18E-06	2.86E-09	3.24E-05	2.13E-04	5.35E-03	5.37E-04	2.95E-02	2.97E-02	2.34E-03	-1.92E-06	5.78E-05	-5.64E-08	0	0	-1.0894	-0.1826	-4.4589	-999.999	-1.95E+00	-1.24E-09	-1.07E-04	-1.39E-11	-1.20E-06	-1.06E-12	-9.16E-08	-1.80E-11	-1.56E-06	-2.00E-11	-1.72E-06	-4.63E-10	4.00E-05	7.09E-05	1.42E-06
1	1	-99	1.24E+06	14.30451389	347	7.3079	13.3762	1.25E-12	3.19E-06	2.86E-09	3.25E-05	2.12E-04	5.35E-03	5.28E-04	2.95E-02	2.97E-02	2.34E-03	-1.89E-06	5.77E-05	-5.67E-08	0	0	-1.0872	-0.1824	-4.4585	-999.999	-1.96E+00	-1.22E-09	-1.05E-04	-1.36E-11	-1.18E-06	-1.04E-12	-9.01E-08	-1.80E-11	-1.56E-06	-2.00E-11	-1.72E-06	-4.56E-10	3.94E-05	7.09E-05	1.42E-06
1	1	-99	1.24E+06	14.34618056	348	7.30796	13.3762	1.25E-12	3.19E-06	2.86E-09	3.26E-05	2.11E-04	5.34E-03	5.20E-04	2.96E-02	2.97E-02	2.34E-03	-1.86E-06	5.77E-05	-5.69E-08	0	0	-1.0849	-0.1822	-4.4582	-999.999	-1.96E+00	-1.20E-09	-1.04E-04	-1.34E-11	-1.16E-06	-1.03E-12	-8.86E-08	-1.80E-11	-1.56E-06	-2.00E-11	-1.72E-06	-4.49E-10	3.88E-05	7.08E-05	1.42E-06
1	1	-99	1.24E+06	14.38784722	349	7.30801	13.3762	1.25E-12	3.20E-06	2.86E-09	3.26E-05	2.10E-04	5.34E-03	5.11E-04	2.96E-02	2.97E-02	2.34E-03	-1.84E-06	5.76E-05	-5.72E-08	0	0	-1.0827	-0.1821	-4.4578	-999.999	-1.96E+00	-1.18E-09	-1.02E-04	-1.32E-11	-1.14E-06	-1.01E-12	-8.72E-08	-1.80E-11	-1.56E-06	-2.00E-11	-1.72E-06	-4.42E-10	3.82E-05	7.08E-05	1.42E-06
1	1	-99	1.25E+06	14.42951389	350	7.30807	13.3762	1.25E-12	3.21E-06	2.86E-09	3.27E-05	2.09E-04	5.34E-03	5.03E-04	2.96E-02	2.97E-02	2.34E-03	-1.81E-06	5.76E-05	-5.74E-08	0	0	-1.0805	-0.1819	-4.4575	-999.999	-1.96E+00	-1.16E-09	-1.00E-04	-1.30E-11	-1.12E-06	-9.92E-13	-8.57E-08	-1.80E-11	-1.56E-06	-2.00E-11	-1.72E-06	-4.36E-10	3.76E-05	7.07E-05	1.42E-06
1	1	-99	1.25E+06	14.47118056	351	7.30813	13.3763	1.25E-12	3.21E-06	2.86E-09	3.27E-05	2.08E-04	5.33E-03	4.94E-04	2.96E-02	2.97E-02	2.33E-03	-1.79E-06	5.75E-05	-5.77E-08	0	0	-1.0783	-0.1818	-4.4571	-999.999	-1.96E+00	-1.14E-09	-9.85E-05	-1.28E-11	-1.11E-06	-9.76E-13	-8.43E-08	-1.80E-11	-1.56E-06	-2.00E-11	-1.72E-06	-4.29E-10	3.71E-05	7.07E-05	1.42E-06
1	1	-99	1.25E+06	14.51284722	352	7.30818	13.3763	1.25E-12	3.22E-06	2.86E-09	3.28E-05	2.07E-04	5.33E-03	4.86E-04	2.96E-02	2.97E-02	2.33E-03	-1.76E-06	5.74E-05	-5.79E-08	0	0	-1.0761	-0.1817	-4.4567	-999.999	-1.97E+00	-1.12E-09	-9.69E-05	-1.26E-11	-1.09E-06	-9.60E-13	-8.30E-08	-1.80E-11	-1.56E-06	-2.00E-11	-1.72E-06	-4.23E-10	3.65E-05	7.06E-05	1.42E-06
1	1	-99	1.26E+06	14.55451389	353	7.30824	13.3763	1.25E-12	3.22E-06	2.86E-09	3.28E-05	2.06E-04	5.32E-03	4.78E-04	2.96E-02	2.98E-02	2.33E-03	-1.74E-06	5.74E-05	-5.81E-08	0	0	-1.0738	-0.1815	-4.4563	-999.999	-1.97E+00	-1.10E-09	-9.53E-05	-1.24E-11	-1.07E-06	-9.45E-13	-8.16E-08	-1.80E-11	-1.56E-06	-2.00E-11	-1.72E-06	-4.16E-10	3.60E-05	7.06E-05	1.41E-06
1	1	-99	1.26E+06	14.59618056	354	7.30829	13.3763	1.25E-12	3.23E-06	2.86E-09	3.29E-05	2.05E-04	5.32E-03	4.70E-04	2.96E-02	2.98E-02	2.33E-03	-1.71E-06	5.73E-05	-5.83E-08	0	0	-1.0716	-0.1814	-4.4559	-999.999	-1.97E+00	-1.08E-09	-9.37E-05	-1.22E-11	-1.05E-06	-9.29E-13	-8.03E-08	-1.80E-11	-1.56E-06	-2.00E-11	-1.72E-06	-4.10E-10	3.54E-05	7.05E-05	1.41E-06
1	1	-99	1.26E+06	14.63784722	355	7.30835	13.3764	1.25E-12	3.24E-06	2.86E-09	3.30E-05	2.04E-04	5.32E-03	4.62E-04	2.96E-02	2.98E-02	2.33E-03	-1.69E-06	5.73E-05	-5.86E-08	0	0	-1.0694	-0.1813	-4.4555	-999.999	-1.97E+00	-1.07E-09	-9.21E-05	-1.20E-11	-1.04E-06	-9.14E-13	-7.90E-08	-1.80E-11	-1.56E-06	-2.00E-11	-1.72E-06	-4.04E-10	3.49E-05	7.05E-05	1.41E-06
1	1	-99	1.27E+06	14.67951389	356	7.3084	13.3764	1.25E-12	3.24E-06	2.86E-09	3.30E-05	2.03E-04	5.31E-03	4.55E-04	2.96E-02	2.98E-02	2.33E-03	-1.66E-06	5.72E-05	-5.88E-08	0	0	-1.0672	-0.1811	-4.4551	-999.999	-1.97E+00	-1.05E-09	-9.06E-05	-1.18E-11	-1.02E-06	-8.99E-13	-7.77E-08	-1.80E-11	-1.56E-06	-2.00E-11	-1.72E-06	-3.97E-10	3.43E-05	7.04E-05	1.41E-06
1	1	-99	1.27E+06	14.72118056	357	7.30845	13.3764	1.25E-12	3.25E-06	2.86E-09	3.31E-05	2.02E-04	5.31E-03	4.47E-04	2.96E-02	2.98E-02	2.32E-03	-1.64E-06	5.71E-05	-5.90E-08	0	0	-1.065	-0.181	-4.4547	-999.999	-1.98E+00	-1.03E-09	-8.91E-05	-1.16E-11	-1.00E-06	-8.84E-13	-7.64E-08	-1.80E-11	-1.56E-06	-2.00E-11	-1.72E-06	-3.91E-10	3.38E-05	7.04E-05	1.41E-06
1	1	-99	1.28E+06	14.76284722	358	7.3085	13.3764	1.25E-12	3.25E-06	2.86E-09	3.31E-05	2.01E-04	5.30E-03	4.40E-04	2.96E-02	2.98E-02	2.32E-03	-1.62E-06	5.71E-05	-5.92E-08	0	0	-1.0628	-0.1809	-4.4543	-999.999	-1.98E+00	-1.01E-09	-8.76E-05	-1.14E-11	-9.87E-07	-8.70E-13	-7.51E-08	-1.80E-11	-1.56E-06	-1.99E-11	-1.72E-06	-3.85E-10	3.33E-05	7.03E-05	1.41E-06
1	1	-99	1.28E+06	14.80451389	359	7.30856	13.3764	1.25E-12	3.26E-06	2.86E-09	3.32E-05	2.00E-04	5.30E-03	4.33E-04	2.96E-02	2.98E-02	2.32E-03	-1.60E-06	5.70E-05	-5.94E-08	0	0	-1.0606	-0.1807	-4.4538	-999.999	-1.98E+00	-9.98E-10	-8.62E-05	-1.12E-11	-9.71E-07	-8.55E-13	-7.39E-08	-1.80E-11	-1.56E-06	-1.99E-11	-1.72E-06	-3.80E-10	3.28E-05	7.03E-05	1.41E-06
1	1	-99	1.28E+06	14.84618056	360	7.30861	13.3764	1.25E-12	3.27E-06	2.86E-09	3.33E-05	1.99E-04	5.30E-03	4.25E-04	2.96E-02	2.98E-02	2.32E-03	-1.57E-06	5.70E-05	-5.96E-08	0	0	-1.0584	-0.1806	-4.4534	-999.999	-1.98E+00	-9.81E-10	-8.48E-05	-1.11E-11	-9.56E-07	-8.41E-13	-7.27E-08	-1.80E-11	-1.56E-06	-1.99E-11	-1.72E-06	-3.74E-10	3.23E-05	7.02E-05	1.40E-06
1	1	-99	1.29E+06	14.88784722	361	7.30866	13.3765	1.25E-12	3.27E-06	2.86E-09	3.33E-05	1.98E-04	5.29E-03	4.18E-04	2.97E-02	2.98E-02	2.32E-03	-1.55E-06	5.69E-05	-5.98E-08	0	0	-1.0563	-0.1805	-4.4529	-999.999	-1.99E+00	-9.65E-10	-8.34E-05	-1.09E-11	-9.40E-07	-8.28E-13	-7.15E-08	-1.80E-11	-1.56E-06	-1.99E-11	-1.72E-06	-3.68E-10	3.18E-05	7.02E-05	1.40E-06
1	1	-99	1.29E+06	14.92951389	362	7.30871	13.3765	1.25E-12	3.28E-06	2.86E-09	3.34E-05	1.97E-04	5.29E-03	4.11E-04	2.97E-02	2.98E-02	2.32E-03	-1.53E-06	5.68E-05	-6.00E-08	0	0	-1.0541	-0.1804	-4.4525	-999.999	-1.99E+00	-9.49E-10	-8.20E-05	-1.07E-11	-9.25E-07	-8.14E-13	-7.03E-08	-1.80E-11	-1.56E-06	-1.99E-11	-1.72E-06	-3.63E-10	3.13E-05	7.01E-05	1.40E-06
1	1	-99	1.29E+06	14.97118056	363	7.30876	13.3765	1.25E-12	3.29E-06	2.86E-09	3.34E-05	1.96E-04	5.29E-03	4.05E-04	2.97E-02	2.98E-02	2.31E-03	-1.51E-06	5.68E-05	-6.02E-08	0	0	-1.0519	-0.1803	-4.452	-999.999	-1.99E+00	-9.33E-10	-8.06E-05	-1.05E-11	-9.10E-07	-8.01E-13	-6.92E-08	-1.80E-11	-1.56E-06	-1.99E-11	-1.72E-06	-3.57E-10	3.09E-05	7.01E-05	1.40E-06
1	1	-99	1.30E+06	15.01284722	364	7.3088	13.3765	1.25E-12	3.29E-06	2.86E-09	3.35E-05	1.95E-04	5.28E-03	3.98E-04	2.97E-02	2.98E-02	2.31E-03	-1.49E-06	5.67E-05	-6.04E-08	0	0	-1.0497	-0.1802	-4.4515	-999.999	-1.99E+00	-9.18E-10	-7.93E-05	-1.04E-11	-8.96E-07	-7.88E-13	-6.81E-08	-1.80E-11	-1.56E-06	-1.99E-11	-1.72E-06	-3.52E-10	3.04E-05	7.00E-05	1.40E-06
1	1	-99	1.30E+06	15.05451389	365	7.30885	13.3765	1.25E-12	3.30E-06	2.86E-09	3.36E-05	1.94E-04	5.28E-03	3.91E-04	2.97E-02	2.98E-02	2.31E-03	-1.47E-06	5.67E-05	-6.06E-08	0	0	-1.0475	-0.1801	-4.451	-999.999	-1.99E+00	-9.02E-10	-7.80E-05	-1.02E-11	-8.81E-07	-7.75E-13	-6.69E-08	-1.80E-11	-1.56E-06	-1.99E-11	-1.72E-06	-3.46E-10	2.99E-05	7.00E-05	1.40E-06
1	1	-99	1.30E+06	15.09618056	366	7.3089	13.3765	1.25E-12	3.30E-06	2.86E-09	3.36E-05	1.93E-04	5.28E-03	3.85E-04	2.97E-02	2.98E-02	2.31E-03	-1.45E-06	5.66E-05	-6.07E-08	0	0	-1.0454	-0.18	-4.4506	-999.999	-2.00E+00	-8.87E-10	-7.67E-05	-1.00E-11	-8.67E-07	-7.62E-13	-6.58E-08	-1.80E-11	-1.56E-06	-1.99E-11	-1.72E-06	-3.41E-10	2.95E-05	6.99E-05	1.39E-06
1	1	-99	1.31E+06	15.13784722	367	7.30895	13.3765	1.25E-12	3.31E-06	2.86E-09	3.37E-05	1.92E-04	5.27E-03	3.78E-04	2.97E-02	2.99E-02	2.31E-03	-1.43E-06	5.65E-05	-6.09E-08	0	0	-1.0432	-0.1799	-4.4501	-999.999	-2.00E+00	-8.73E-10	-7.54E-05	-9.88E-12	-8.53E-07	-7.50E-13	-6.48E-08	-1.80E-11	-1.56E-06	-1.99E-11	-1.72E-06	-3.36E-10	2.90E-05	6.99E-05	1.39E-06
1	1	-99	1.31E+06	15.17951389	368	7.30899	13.3765	1.25E-12	3.32E-06	2.86E-09	3.37E-05	1.91E-04	5.27E-03	3.72E-04	2.97E-02	2.99E-02	2.31E-03	-1.41E-06	5.65E-05	-6.11E-08	0	0	-1.041	-0.1798	-4.4496	-999.999	-2.00E+00	-8.58E-10	-7.41E-05	-9.72E-12	-8.40E-07	-7.37E-13	-6.37E-08	-1.80E-11	-1.56E-06	-1.99E-11	-1.72E-06	-3.31E-10	2.86E-05	6.99E-05	1.39E-06
1	1	-99	1.32E+06	15.22118056	369	7.30904	13.3766	1.25E-12	3.32E-06	2.86E-09	3.38E-05	1.91E-04	5.27E-03	3.66E-04	2.97E-02	2.99E-02	2.31E-03	-1.39E-06	5.64E-05	-6.13E-08	0	0	-1.0389	-0.1797	-4.4491	-999.999	-2.00E+00	-8.44E-10	-7.29E-05	-9.56E-12	-8.26E-07	-7.25E-13	-6.27E-08	-1.80E-11	-1.56E-06	-1.99E-11	-1.72E-06	-3.26E-10	2.82E-05	6.98E-05	1.39E-06
1	1	-99	1.32E+06	15.26284722	370	7.30908	13.3766	1.25E-12	3.33E-06	2.86E-09	3.39E-05	1.90E-04	5.26E-03	3.60E-04	2.97E-02	2.99E-02	2.30E-03	-1.37E-06	5.64E-05	-6.14E-08	0	0	-1.0367	-0.1796	-4.4485	-999.999	-2.01E+00	-8.30E-10	-7.17E-05	-9.41E-12	-8.13E-07	-7.13E-13	-6.16E-08	-1.80E-11	-1.56E-06	-1.99E-11	-1.72E-06	-3.21E-10	2.77E-05	6.98E-05	1.39E-06
1	1	-99	1.32E+06	15.30451389	371	7.30913	13.3766	1.25E-12	3.34E-06	2.86E-09	3.39E-05	1.89E-04	5.26E-03	3.54E-04	2.97E-02	2.99E-02	2.30E-03	-1.35E-06	5.63E-05	-6.16E-08	0	0	-1.0346	-0.1795	-4.448	-999.999	-2.01E+00	-8.16E-10	-7.05E-05	-9.25E-12	-8.00E-07	-7.02E-13	-6.06E-08	-1.80E-11	-1.56E-06	-1.99E-11	-1.72E-06	-3.16E-10	2.73E-05	6.97E-05	1.39E-06
1	1	-99	1.33E+06	15.34618056	372	7.30917	13.3766	1.25E-12	3.34E-06	2.86E-09	3.40E-05	1.88E-04	5.26E-03	3.48E-04	2.97E-02	2.99E-02	2.30E-03	-1.33E-06	5.62E-05	-6.18E-08	0	0	-1.0324	-0.1794	-4.4475	-999.999	-2.01E+00	-8.03E-10	-6.94E-05	-9.11E-12	-7.87E-07	-6.90E-13	-5.96E-08	-1.80E-11	-1.56E-06	-1.99E-11	-1.72E-06	-3.11E-10	2.69E-05	6.97E-05	1.39E-06
1	1	-99	1.33E+06	15.38784722	373	7.30922	13.3766	1.25E-12	3.35E-06	2.86E-09	3.41E-05	1.87E-04	5.26E-03	3.42E-04	2.97E-02	2.99E-02	2.30E-03	-1.31E-06	5.62E-05	-6.19E-08	0	0	-1.0303	-0.1793	-4.447	-999.999	-2.01E+00	-7.89E-10	-6.82E-05	-8.96E-12	-7.74E-07	-6.79E-13	-5.86E-08	-1.80E-11	-1.56E-06	-1.99E-11	-1.72E-06	-3.07E-10	2.65E-05	6.97E-05	1.38E-06
1	1	-99	1.33E+06	15.42951389	374	7.30926	13.3766	1.25E-12	3.36E-06	2.86E-09	3.41E-05	1.86E-04	5.25E-03	3.37E-04	2.97E-02	2.99E-02	2.30E-03	-1.30E-06	5.61E-05	-6.21E-08	0	0	-1.0281	-0.1792	-4.4464	-999.999	-2.01E+00	-7.76E-10	-6.71E-05	-8.81E-12	-7.62E-07	-6.68E-13	-5.77E-08	-1.80E-11	-1.56E-06	-1.99E-11	-1.72E-06	-3.02E-10	2.61E-05	6.96E-05	1.38E-06
1	1	-99	1.34E+06	15.47118056	375	7.3093	13.3766	1.25E-12	3.36E-06	2.86E-09	3.42E-05	1.85E-04	5.25E-03	3.31E-04	2.97E-02	2.99E-02	2.30E-03	-1.28E-06	5.60E-05	-6.22E-08	0	0	-1.026	-0.1791	-4.4459	-999.999	-2.02E+00	-7.63E-10	-6.60E-05	-8.67E-12	-7.49E-07	-6.57E-13	-5.67E-08	-1.80E-11	-1.56E-06	-1.99E-11	-1.72E-06	-2.97E-10	2.57E-05	6.96E-05	1.38E-06
1	1	-99	1.34E+06	15.51284722	376	7.30935	13.3766	1.25E-12	3.37E-06	2.86E-09	3.42E-05	1.84E-04	5.25E-03	3.26E-04	2.97E-02	2.99E-02	2.30E-03	-1.26E-06	5.60E-05	-6.24E-08	0	0	-1.0238	-0.1791	-4.4454	-999.999	-2.02E+00	-7.51E-10	-6.49E-05	-8.53E-12	-7.37E-07	-6.46E-13	-5.58E-08	-1.80E-11	-1.56E-06	-1.99E-11	-1.72E-06	-2.93E-10	2.53E-05	6.95E-05	1.38E-06
1	1	-99	1.34E+06	15.55451389	377	7.30939	13.3766	1.25E-12	3.38E-06	2.86E-09	3.43E-05	1.84E-04	5.25E-03	3.20E-04	2.98E-02	2.99E-02	2.30E-03	-1.24E-06	5.59E-05	-6.26E-08	0	0	-1.0217	-0.179	-4.4448	-999.999	-2.02E+00	-7.38E-10	-6.38E-05	-8.39E-12	-7.25E-07	-6.35E-13	-5.49E-08	-1.80E-11	-1.56E-06	-1.99E-11	-1.72E-06	-2.89E-10	2.49E-05	6.95E-05	1.38E-06
1	1	-99	1.35E+06	15.59618056	378	7.30943	13.3766	1.25E-12	3.38E-06	2.86E-09	3.44E-05	1.83E-04	5.24E-03	3.15E-04	2.98E-02	2.99E-02	2.29E-03	-1.23E-06	5.59E-05	-6.27E-08	0	0	-1.0196	-0.1789	-4.4443	-999.999	-2.02E+00	-7.26E-10	-6.27E-05	-8.26E-12	-7.13E-07	-6.25E-13	-5.40E-08	-1.80E-11	-1.56E-06	-1.99E-11	-1.72E-06	-2.84E-10	2.46E-05	6.95E-05	1.38E-06
1	1	-99	1.35E+06	15.63784722	379	7.30947	13.3767	1.25E-12	3.39E-06	2.86E-09	3.44E-05	1.82E-04	5.24E-03	3.10E-04	2.98E-02	2.99E-02	2.29E-03	-1.21E-06	5.58E-05	-6.28E-08	0	0	-1.0174	-0.1788	-4.4437	-999.999	-2.02E+00	-7.14E-10	-6.17E-05	-8.12E-12	-7.02E-07	-6.15E-13	-5.31E-08	-1.80E-11	-1.56E-06	-1.99E-11	-1.72E-06	-2.80E-10	2.42E-05	6.94E-05	1.37E-06
1	1	-99	1.35E+06	15.67951389	380	7.30951	13.3767	1.25E-12	3.40E-06	2.86E-09	3.45E-05	1.81E-04	5.24E-03	3.05E-04	2.98E-02	2.99E-02	2.29E-03	-1.19E-06	5.57E-05	-6.30E-08	0	0	-1.0153	-0.1788	-4.4431	-999.999	-2.03E+00	-7.02E-10	-6.07E-05	-7.99E-12	-6.91E-07	-6.04E-13	-5.22E-08	-1.80E-11	-1.56E-06	-1.99E-11	-1.72E-06	-2.76E-10	2.38E-05	6.94E-05	1.37E-06
1	1	-99	1.36E+06	15.72118056	381	7.30955	13.3767	1.25E-12	3.40E-06	2.86E-09	3.46E-05	1.80E-04	5.23E-03	3.00E-04	2.98E-02	2.99E-02	2.29E-03	-1.18E-06	5.57E-05	-6.31E-08	0	0	-1.0132	-0.1787	-4.4426	-999.999	-2.03E+00	-6.91E-10	-5.97E-05	-7.86E-12	-6.79E-07	-5.95E-13	-5.14E-08	-1.80E-11	-1.56E-06	-1.99E-11	-1.72E-06	-2.72E-10	2.35E-05	6.94E-05	1.37E-06
1	1	-99	1.36E+06	15.76284722	382	7.30959	13.3767	1.25E-12	3.41E-06	2.87E-09	3.46E-05	1.79E-04	5.23E-03	2.95E-04	2.98E-02	2.99E-02	2.29E-03	-1.16E-06	5.56E-05	-6.33E-08	0	0	-1.0111	-0.1786	-4.442	-999.999	-2.03E+00	-6.79E-10	-5.87E-05	-7.74E-12	-6.68E-07	-5.85E-13	-5.05E-08	-1.80E-11	-1.56E-06	-1.99E-11	-1.72E-06	-2.67E-10	2.31E-05	6.93E-05	1.37E-06
1	1	-99	1.37E+06	15.80451389	383	7.30963	13.3767	1.25E-12	3.42E-06	2.87E-09	3.47E-05	1.78E-04	5.23E-03	2.90E-04	2.98E-02	2.99E-02	2.29E-03	-1.15E-06	5.55E-05	-6.34E-08	0	0	-1.009	-0.1786	-4.4414	-999.999	-2.03E+00	-6.68E-10	-5.77E-05	-7.61E-12	-6.58E-07	-5.75E-13	-4.97E-08	-1.80E-11	-1.56E-06	-1.99E-11	-1.72E-06	-2.63E-10	2.28E-05	6.93E-05	1.37E-06
1	1	-99	1.37E+06	15.84618056	384	7.30967	13.3767	1.25E-12	3.42E-06	2.87E-09	3.47E-05	1.78E-04	5.23E-03	2.85E-04	2.98E-02	2.99E-02	2.29E-03	-1.13E-06	5.55E-05	-6.35E-08	0	0	-1.0069	-0.1785	-4.4408	-999.999	-2.04E+00	-6.57E-10	-5.67E-05	-7.49E-12	-6.47E-07	-5.66E-13	-4.89E-08	-1.80E-11	-1.56E-06	-1.99E-11	-1.72E-06	-2.59E-10	2.24E-05	6.92E-05	1.37E-06
1	1	-99	1.37E+06	15.88784722	385	7.30971	13.3767	1.25E-12	3.43E-06	2.87E-09	3.48E-05	1.77E-04	5.23E-03	2.80E-04	2.98E-02	3.00E-02	2.29E-03	-1.12E-06	5.54E-05	-6.37E-08	0	0	-1.0047	-0.1784	-4.4402	-999.999	-2.04E+00	-6.46E-10	-5.58E-05	-7.37E-12	-6.36E-07	-5.56E-13	-4.81E-08	-1.80E-11	-1.56E-06	-1.99E-11	-1.72E-06	-2.56E-10	2.21E-05	6.92E-05	1.37E-06
1	1	-99	1.38E+06	15.92951389	386	7.30975	13.3767	1.25E-12	3.44E-06	2.87E-09	3.49E-05	1.76E-04	5.22E-03	2.76E-04	2.98E-02	3.00E-02	2.29E-03	-1.10E-06	5.54E-05	-6.38E-08	0	0	-1.0026	-0.1784	-4.4396	-999.999	-2.04E+00	-6.35E-10	-5.49E-05	-7.25E-12	-6.26E-07	-5.47E-13	-4.73E-08	-1.80E-11	-1.56E-06	-1.99E-11	-1.72E-06	-2.52E-10	2.17E-05	6.92E-05	1.36E-06
1	1	-99	1.38E+06	15.97118056	387	7.30979	13.3767	1.25E-12	3.44E-06	2.87E-09	3.49E-05	1.75E-04	5.22E-03	2.71E-04	2.98E-02	3.00E-02	2.28E-03	-1.09E-06	5.53E-05	-6.39E-08	0	0	-1.0005	-0.1783	-4.439	-999.999	-2.04E+00	-6.25E-10	-5.40E-05	-7.13E-12	-6.16E-07	-5.38E-13	-4.65E-08	-1.80E-11	-1.56E-06	-1.99E-11	-1.72E-06	-2.48E-10	2.14E-05	6.91E-05	1.36E-06
1	1	-99	1.38E+06	16.01284722	388	7.30982	13.3767	1.25E-12	3.45E-06	2.87E-09	3.50E-05	1.74E-04	5.22E-03	2.67E-04	2.98E-02	3.00E-02	2.28E-03	-1.07E-06	5.52E-05	-6.41E-08	0	0	-0.9984	-0.1783	-4.4384	-999.999	-2.04E+00	-6.14E-10	-5.31E-05	-7.01E-12	-6.06E-07	-5.29E-13	-4.57E-08	-1.80E-11	-1.56E-06	-1.99E-11	-1.72E-06	-2.44E-10	2.11E-05	6.91E-05	1.36E-06
1	1	-99	1.39E+06	16.05451389	389	7.30986	13.3767	1.25E-12	3.46E-06	2.87E-09	3.51E-05	1.73E-04	5.22E-03	2.62E-04	2.98E-02	3.00E-02	2.28E-03	-1.06E-06	5.52E-05	-6.42E-08	0	0	-0.9963	-0.1782	-4.4378	-999.999	-2.05E+00	-6.04E-10	-5.22E-05	-6.90E-12	-5.96E-07	-5.21E-13	-4.50E-08	-1.80E-11	-1.56E-06	-1.99E-11	-1.72E-06	-2.41E-10	2.08E-05	6.91E-05	1.36E-06
1	1	-99	1.39E+06	16.09618056	390	7.3099	13.3767	1.25E-12	3.46E-06	2.87E-09	3.51E-05	1.73E-04	5.21E-03	2.58E-04	2.98E-02	3.00E-02	2.28E-03	-1.05E-06	5.51E-05	-6.43E-08	0	0	-0.9942	-0.1782	-4.4372	-999.999	-2.05E+00	-5.94E-10	-5.13E-05	-6.79E-12	-5.86E-07	-5.12E-13	-4.43E-08	-1.80E-11	-1.56E-06	-1.99E-11	-1.72E-06	-2.37E-10	2.05E-05	6.91E-05	1.36E-06
1	1	-99	1.39E+06	16.13784722	391	7.30993	13.3767	1.25E-12	3.47E-06	2.87E-09	3.52E-05	1.72E-04	5.21E-03	2.54E-04	2.98E-02	3.00E-02	2.28E-03	-1.03E-06	5.50E-05	-6.44E-08	0	0	-0.9921	-0.1781	-4.4366	-999.999	-2.05E+00	-5.84E-10	-5.05E-05	-6.68E-12	-5.77E-07	-5.04E-13	-4.35E-08	-1.80E-11	-1.56E-06	-1.99E-11	-1.72E-06	-2.33E-10	2.02E-05	6.90E-05	1.36E-06
1	1	-99	1.40E+06	16.17951389	392	7.30997	13.3767	1.25E-12	3.48E-06	2.87E-09	3.53E-05	1.71E-04	5.21E-03	2.49E-04	2.98E-02	3.00E-02	2.28E-03	-1.02E-06	5.50E-05	-6.45E-08	0	0	-0.9901	-0.1781	-4.436	-999.999	-2.05E+00	-5.75E-10	-4.96E-05	-6.57E-12	-5.68E-07	-4.95E-13	-4.28E-08	-1.80E-11	-1.56E-06	-1.99E-11	-1.72E-06	-2.30E-10	1.99E-05	6.90E-05	1.35E-06
1	1	-99	1.40E+06	16.22118056	393	7.31	13.3767	1.25E-12	3.48E-06	2.87E-09	3.53E-05	1.70E-04	5.21E-03	2.45E-04	2.98E-02	3.00E-02	2.28E-03	-1.00E-06	5.49E-05	-6.47E-08	0	0	-0.988	-0.178	-4.4354	-999.999	-2.05E+00	-5.65E-10	-4.88E-05	-6.46E-12	-5.58E-07	-4.87E-13	-4.21E-08	-1.80E-11	-1.56E-06	-1.99E-11	-1.72E-06	-2.26E-10	1.96E-05	6.90E-05	1.35E-06
1	1	-99	1.41E+06	16.26284722	394	7.31004	13.3767	1.25E-12	3.49E-06	2.87E-09	3.54E-05	1.70E-04	5.21E-03	2.41E-04	2.98E-02	3.00E-02	2.28E-03	-9.92E-07	5.48E-05	-6.48E-08	0	0	-0.9859	-0.178	-4.4348	-999.999	-2.06E+00	-5.56E-10	-4.80E-05	-6.36E-12	-5.49E-07	-4.79E-13	-4.14E-08	-1.80E-11	-1.56E-06	-1.99E-11	-1.72E-06	-2.23E-10	1.93E-05	6.89E-05	1.35E-06
1	1	-99	1.41E+06	16.30451389	395	7.31007	13.3767	1.25E-12	3.50E-06	2.87E-09	3.54E-05	1.69E-04	5.20E-03	2.37E-04	2.98E-02	3.00E-02	2.28E-03	-9.79E-07	5.48E-05	-6.49E-08	0	0	-0.9838	-0.1779	-4.4341	-999.999	-2.06E+00	-5.46E-10	-4.72E-05	-6.25E-12	-5.40E-07	-4.71E-13	-4.07E-08	-1.80E-11	-1.56E-06	-1.99E-11	-1.72E-06	-2.20E-10	1.90E-05	6.89E-05	1.35E-06
1	1	-99	1.41E+06	16.34618056	396	7.31011	13.3767	1.25E-12	3.51E-06	2.87E-09	3.55E-05	1.68E-04	5.20E-03	2.33E-04	2.98E-02	3.00E-02	2.27E-03	-9.66E-07	5.47E-05	-6.50E-08	0	0	-0.9817	-0.1779	-4.4335	-999.999	-2.06E+00	-5.37E-10	-4.64E-05	-6.15E-12	-5.31E-07	-4.64E-13	-4.01E-08	-1.80E-11	-1.56E-06	-1.99E-11	-1.72E-06	-2.16E-10	1.87E-05	6.89E-05	1.35E-06
1	1	-99	1.42E+06	16.38784722	397	7.31014	13.3767	1.25E-12	3.51E-06	2.87E-09	3.56E-05	1.67E-04	5.20E-03	2.29E-04	2.98E-02	3.00E-02	2.27E-03	-9.54E-07	5.46E-05	-6.51E-08	0	0	-0.9797	-0.1778	-4.4329	-999.999	-2.06E+00	-5.29E-10	-4.57E-05	-6.05E-12	-5.23E-07	-4.56E-13	-3.94E-08	-1.80E-11	-1.56E-06	-1.99E-11	-1.72E-06	-2.13E-10	1.84E-05	6.88E-05	1.35E-06
1	1	-99	1.42E+06	16.42951389	398	7.31018	13.3767	1.25E-12	3.52E-06	2.87E-09	3.56E-05	1.66E-04	5.20E-03	2.26E-04	2.98E-02	3.00E-02	2.27E-03	-9.41E-07	5.46E-05	-6.52E-08	0	0	-0.9776	-0.1778	-4.4322	-999.999	-2.06E+00	-5.20E-10	-4.49E-05	-5.95E-12	-5.14E-07	-4.49E-13	-3.88E-08	-1.80E-11	-1.56E-06	-1.99E-11	-1.72E-06	-2.10E-10	1.81E-05	6.88E-05	1.34E-06
1	1	-99	1.42E+06	16.47118056	399	7.31021	13.3767	1.25E-12	3.53E-06	2.87E-09	3.57E-05	1.66E-04	5.20E-03	2.22E-04	2.98E-02	3.00E-02	2.27E-03	-9.29E-07	5.45E-05	-6.53E-08	0	0	-0.9755	-0.1777	-4.4316	-999.999	-2.07E+00	-5.11E-10	-4.42E-05	-5.86E-12	-5.06E-07	-4.41E-13	-3.81E-08	-1.80E-11	-1.56E-06	-1.99E-11	-1.72E-06	-2.07E-10	1.79E-05	6.88E-05	1.34E-06
1	1	-99	1.43E+06	16.51284722	400	7.31024	13.3767	1.25E-12	3.53E-06	2.87E-09	3.58E-05	1.65E-04	5.19E-03	2.18E-04	2.99E-02	3.00E-02	2.27E-03	-9.17E-07	5.44E-05	-6.54E-08	0	0	-0.9735	-0.1777	-4.431	-999.999	-2.07E+00	-5.03E-10	-4.34E-05	-5.76E-12	-4.98E-07	-4.34E-13	-3.75E-08	-1.80E-11	-1.56E-06	-1.99E-11	-1.72E-06	-2.04E-10	1.76E-05	6.88E-05	1.34E-06
1	1	-99	1.43E+06	16.55451389	401	7.31027	13.3767	1.25E-12	3.54E-06	2.87E-09	3.58E-05	1.64E-04	5.19E-03	2.15E-04	2.99E-02	3.00E-02	2.27E-03	-9.06E-07	5.44E-05	-6.55E-08	0	0	-0.9714	-0.1777	-4.4303	-999.999	-2.07E+00	-4.94E-10	-4.27E-05	-5.67E-12	-4.90E-07	-4.27E-13	-3.69E-08	-1.80E-11	-1.56E-06	-1.99E-11	-1.72E-06	-2.01E-10	1.73E-05	6.87E-05	1.34E-06
1	1	-99	1.43E+06	16.59618056	402	7.31031	13.3767	1.25E-12	3.55E-06	2.87E-09	3.59E-05	1.63E-04	5.19E-03	2.11E-04	2.99E-02	3.00E-02	2.27E-03	-8.94E-07	5.43E-05	-6.56E-08	0	0	-0.9693	-0.1776	-4.4297	-999.999	-2.07E+00	-4.86E-10	-4.20E-05	-5.57E-12	-4.82E-07	-4.20E-13	-3.63E-08	-1.80E-11	-1.56E-06	-1.99E-11	-1.72E-06	-1.98E-10	1.71E-05	6.87E-05	1.34E-06
1	1	-99	1.44E+06	16.63784722	403	7.31034	13.3767	1.25E-12	3.56E-06	2.87E-09	3.60E-05	1.63E-04	5.19E-03	2.08E-04	2.99E-02	3.00E-02	2.27E-03	-8.83E-07	5.43E-05	-6.57E-08	0	0	-0.9673	-0.1776	-4.429	-999.999	-2.08E+00	-4.78E-10	-4.13E-05	-5.48E-12	-4.74E-07	-4.13E-13	-3.57E-08	-1.80E-11	-1.56E-06	-1.99E-11	-1.72E-06	-1.95E-10	1.68E-05	6.87E-05	1.34E-06
1	1	-99	1.44E+06	16.67951389	404	7.31037	13.3767	1.25E-12	3.56E-06	2.87E-09	3.60E-05	1.62E-04	5.19E-03	2.04E-04	2.99E-02	3.00E-02	2.27E-03	-8.71E-07	5.42E-05	-6.58E-08	0	0	-0.9652	-0.1776	-4.4284	-999.999	-2.08E+00	-4.70E-10	-4.06E-05	-5.39E-12	-4.66E-07	-4.06E-13	-3.51E-08	-1.80E-11	-1.56E-06	-1.99E-11	-1.72E-06	-1.92E-10	1.66E-05	6.86E-05	1.34E-06
1	1	-99	1.44E+06	16.72118056	405	7.3104	13.3767	1.25E-12	3.57E-06	2.87E-09	3.61E-05	1.61E-04	5.19E-03	2.01E-04	2.99E-02	3.00E-02	2.27E-03	-8.60E-07	5.41E-05	-6.59E-08	0	0	-0.9632	-0.1775	-4.4277	-999.999	-2.08E+00	-4.62E-10	-4.00E-05	-5.31E-12	-4.58E-07	-3.99E-13	-3.45E-08	-1.80E-11	-1.56E-06	-1.99E-11	-1.72E-06	-1.89E-10	1.63E-05	6.86E-05	1.33E-06
1	1	-99	1.45E+06	16.76284722	406	7.31043	13.3767	1.25E-12	3.58E-06	2.87E-09	3.62E-05	1.60E-04	5.18E-03	1.97E-04	2.99E-02	3.00E-02	2.27E-03	-8.50E-07	5.41E-05	-6.60E-08	0	0	-0.9611	-0.1775	-4.4271	-999.999	-2.08E+00	-4.55E-10	-3.93E-05	-5.22E-12	-4.51E-07	-3.93E-13	-3.39E-08	-1.80E-11	-1.56E-06	-1.99E-11	-1.72E-06	-1.86E-10	1.61E-05	6.86E-05	1.33E-06
1	1	-99	1.45E+06	16.80451389	407	7.31046	13.3767	1.25E-12	3.59E-06	2.87E-09	3.62E-05	1.60E-04	5.18E-03	1.94E-04	2.99E-02	3.00E-02	2.27E-03	-8.39E-07	5.40E-05	-6.61E-08	0	0	-0.9591	-0.1775	-4.4264	-999.999	-2.08E+00	-4.47E-10	-3.86E-05	-5.13E-12	-4.44E-07	-3.86E-13	-3.34E-08	-1.80E-11	-1.56E-06	-1.99E-11	-1.72E-06	-1.83E-10	1.58E-05	6.86E-05	1.33E-06
1	1	-99	1.46E+06	16.84618056	408	7.31049	13.3767	1.25E-12	3.59E-06	2.87E-09	3.63E-05	1.59E-04	5.18E-03	1.91E-04	2.99E-02	3.00E-02	2.26E-03	-8.28E-07	5.39E-05	-6.62E-08	0	0	-0.9571	-0.1775	-4.4257	-999.999	-2.09E+00	-4.40E-10	-3.80E-05	-5.05E-12	-4.36E-07	-3.80E-13	-3.28E-08	-1.80E-11	-1.56E-06	-1.99E-11	-1.72E-06	-1.81E-10	1.56E-05	6.85E-05	1.33E-06
1	1	-99	1.46E+06	16.88784722	409	7.31052	13.3767	1.25E-12	3.60E-06	2.87E-09	3.64E-05	1.58E-04	5.18E-03	1.88E-04	2.99E-02	3.00E-02	2.26E-03	-8.18E-07	5.39E-05	-6.63E-08	0	0	-0.955	-0.1774	-4.4251	-999.999	-2.09E+00	-4.33E-10	-3.74E-05	-4.97E-12	-4.29E-07	-3.74E-13	-3.23E-08	-1.80E-11	-1.56E-06	-1.99E-11	-1.72E-06	-1.78E-10	1.54E-05	6.85E-05	1.33E-06
1	1	-99	1.46E+06	16.92951389	410	7.31055	13.3767	1.25E-12	3.61E-06	2.87E-09	3.64E-05	1.58E-04	5.18E-03	1.85E-04	2.99E-02	3.00E-02	2.26E-03	-8.08E-07	5.38E-05	-6.63E-08	0	0	-0.953	-0.1774	-4.4244	-999.999	-2.09E+00	-4.25E-10	-3.67E-05	-4.89E-12	-4.22E-07	-3.68E-13	-3.18E-08	-1.80E-11	-1.56E-06	-1.99E-11	-1.72E-06	-1.75E-10	1.51E-05	6.85E-05	1.33E-06
1	1	-99	1.47E+06	16.97118056	411	7.31058	13.3767	1.25E-12	3.62E-06	2.87E-09	3.65E-05	1.57E-04	5.18E-03	1.82E-04	2.99E-02	3.01E-02	2.26E-03	-7.98E-07	5.37E-05	-6.64E-08	0	0	-0.951	-0.1774	-4.4237	-999.999	-2.09E+00	-4.18E-10	-3.61E-05	-4.81E-12	-4.15E-07	-3.62E-13	-3.12E-08	-1.80E-11	-1.56E-06	-1.99E-11	-1.72E-06	-1.73E-10	1.49E-05	6.85E-05	1.32E-06
1	1	-99	1.47E+06	17.01284722	412	7.31061	13.3767	1.25E-12	3.62E-06	2.87E-09	3.66E-05	1.56E-04	5.18E-03	1.79E-04	2.99E-02	3.01E-02	2.26E-03	-7.88E-07	5.37E-05	-6.65E-08	0	0	-0.9489	-0.1774	-4.4231	-999.999	-2.09E+00	-4.11E-10	-3.55E-05	-4.73E-12	-4.09E-07	-3.56E-13	-3.07E-08	-1.80E-11	-1.56E-06	-1.99E-11	-1.72E-06	-1.70E-10	1.47E-05	6.84E-05	1.32E-06
1	1	-99	1.47E+06	17.05451389	413	7.31064	13.3767	1.25E-12	3.63E-06	2.87E-09	3.66E-05	1.55E-04	5.17E-03	1.76E-04	2.99E-02	3.01E-02	2.26E-03	-7.78E-07	5.36E-05	-6.66E-08	0	0	-0.9469	-0.1773	-4.4224	-999.999	-2.10E+00	-4.05E-10	-3.50E-05	-4.65E-12	-4.02E-07	-3.50E-13	-3.02E-08	-1.80E-11	-1.56E-06	-1.99E-11	-1.72E-06	-1.68E-10	1.45E-05	6.84E-05	1.32E-06
1	1	-99	1.48E+06	17.09618056	414	7.31067	13.3767	1.25E-12	3.64E-06	2.87E-09	3.67E-05	1.55E-04	5.17E-03	1.73E-04	2.99E-02	3.01E-02	2.26E-03	-7.68E-07	5.35E-05	-6.67E-08	0	0	-0.9449	-0.1773	-4.4217	-999.999	-2.10E+00	-3.98E-10	-3.44E-05	-4.58E-12	-3.95E-07	-3.44E-13	-2.97E-08	-1.80E-11	-1.56E-06	-1.99E-11	-1.72E-06	-1.65E-10	1.43E-05	6.84E-05	1.32E-06
1	1	-99	1.48E+06	17.13784722	415	7.3107	13.3767	1.25E-12	3.65E-06	2.87E-09	3.68E-05	1.54E-04	5.17E-03	1.70E-04	2.99E-02	3.01E-02	2.26E-03	-7.59E-07	5.35E-05	-6.68E-08	0	0	-0.9429	-0.1773	-4.421	-999.999	-2.10E+00	-3.91E-10	-3.38E-05	-4.50E-12	-3.89E-07	-3.38E-13	-2.92E-08	-1.80E-11	-1.56E-06	-1.99E-11	-1.72E-06	-1.63E-10	1.40E-05	6.84E-05	1.32E-06
1	1	-99	1.48E+06	17.17951389	416	7.31072	13.3767	1.25E-12	3.65E-06	2.87E-09	3.68E-05	1.53E-04	5.17E-03	1.67E-04	2.99E-02	3.01E-02	2.26E-03	-7.49E-07	5.34E-05	-6.68E-08	0	0	-0.9409	-0.1773	-4.4203	-999.999	-2.10E+00	-3.85E-10	-3.32E-05	-4.43E-12	-3.83E-07	-3.33E-13	-2.87E-08	-1.80E-11	-1.56E-06	-1.99E-11	-1.72E-06	-1.60E-10	1.38E-05	6.84E-05	1.32E-06
1	1	-99	1.49E+06	17.22118056	417	7.31075	13.3767	1.25E-12	3.66E-06	2.87E-09	3.69E-05	1.53E-04	5.17E-03	1.64E-04	2.99E-02	3.01E-02	2.26E-03	-7.40E-07	5.33E-05	-6.69E-08	0	0	-0.9389	-0.1773	-4.4197	-999.999	-2.10E+00	-3.78E-10	-3.27E-05	-4.35E-12	-3.76E-07	-3.27E-13	-2.83E-08	-1.80E-11	-1.56E-06	-1.99E-11	-1.72E-06	-1.58E-10	1.36E-05	6.83E-05	1.31E-06
1	1	-99	1.49E+06	17.26284722	418	7.31078	13.3767	1.25E-12	3.67E-06	2.87E-09	3.70E-05	1.52E-04	5.17E-03	1.62E-04	2.99E-02	3.01E-02	2.26E-03	-7.31E-07	5.33E-05	-6.70E-08	0	0	-0.9368	-0.1772	-4.419	-999.999	-2.11E+00	-3.72E-10	-3.22E-05	-4.28E-12	-3.70E-07	-3.22E-13	-2.78E-08	-1.80E-11	-1.56E-06	-1.99E-11	-1.72E-06	-1.55E-10	1.34E-05	6.83E-05	1.31E-06
1	1	-99	1.50E+06	17.30451389	419	7.31081	13.3767	1.25E-12	3.68E-06	2.87E-09	3.70E-05	1.51E-04	5.17E-03	1.59E-04	2.99E-02	3.01E-02	2.26E-03	-7.22E-07	5.32E-05	-6.71E-08	0	0	-0.9348	-0.1772	-4.4183	-999.999	-2.11E+00	-3.66E-10	-3.16E-05	-4.21E-12	-3.64E-07	-3.17E-13	-2.74E-08	-1.80E-11	-1.56E-06	-1.99E-11	-1.72E-06	-1.53E-10	1.32E-05	6.83E-05	1.31E-06
1	1	-99	1.50E+06	17.34618056	420	7.31083	13.3767	1.25E-12	3.68E-06	2.87E-09	3.71E-05	1.51E-04	5.16E-03	1.56E-04	2.99E-02	3.01E-02	2.26E-03	-7.13E-07	5.31E-05	-6.71E-08	0	0	-0.9328	-0.1772	-4.4176	-999.999	-2.11E+00	-3.60E-10	-3.11E-05	-4.14E-12	-3.58E-07	-3.11E-13	-2.69E-08	-1.80E-11	-1.56E-06	-1.99E-11	-1.72E-06	-1.51E-10	1.30E-05	6.83E-05	1.31E-06
1	1	-99	1.50E+06	17.38784722	421	7.31086	13.3767	1.25E-12	3.69E-06	2.87E-09	3.72E-05	1.50E-04	5.16E-03	1.54E-04	2.99E-02	3.01E-02	2.25E-03	-7.05E-07	5.31E-05	-6.72E-08	0	0	-0.9308	-0.1772	-4.4169	-999.999	-2.11E+00	-3.54E-10	-3.06E-05	-4.08E-12	-3.52E-07	-3.06E-13	-2.65E-08	-1.80E-11	-1.56E-06	-1.99E-11	-1.72E-06	-1.49E-10	1.28E-05	6.82E-05	1.31E-06
1	1	-99	1.51E+06	17.42951389	422	7.31089	13.3767	1.25E-12	3.70E-06	2.87E-09	3.72E-05	1.49E-04	5.16E-03	1.51E-04	2.99E-02	3.01E-02	2.25E-03	-6.96E-07	5.30E-05	-6.73E-08	0	0	-0.9288	-0.1772	-4.4162	-999.999	-2.11E+00	-3.48E-10	-3.01E-05	-4.01E-12	-3.46E-07	-3.01E-13	-2.60E-08	-1.80E-11	-1.56E-06	-1.99E-11	-1.72E-06	-1.46E-10	1.26E-05	6.82E-05	1.31E-06
1	1	-99	1.51E+06	17.47118056	423	7.31091	13.3767	1.25E-12	3.71E-06	2.87E-09	3.73E-05	1.49E-04	5.16E-03	1.49E-04	2.99E-02	3.01E-02	2.25E-03	-6.88E-07	5.29E-05	-6.73E-08	0	0	-0.9268	-0.1772	-4.4155	-999.999	-2.12E+00	-3.42E-10	-2.96E-05	-3.94E-12	-3.41E-07	-2.96E-13	-2.56E-08	-1.80E-11	-1.56E-06	-1.99E-11	-1.72E-06	-1.44E-10	1.25E-05	6.82E-05	1.30E-06
1	1	-99	1.51E+06	17.51284722	424	7.31094	13.3767	1.25E-12	3.71E-06	2.87E-09	3.74E-05	1.48E-04	5.16E-03	1.46E-04	2.99E-02	3.01E-02	2.25E-03	-6.80E-07	5.29E-05	-6.74E-08	0	0	-0.9248	-0.1772	-4.4148	-999.999	-2.12E+00	-3.37E-10	-2.91E-05	-3.88E-12	-3.35E-07	-2.91E-13	-2.52E-08	-1.80E-11	-1.56E-06	-1.99E-11	-1.72E-06	-1.42E-10	1.23E-05	6.82E-05	1.30E-06
1	1	-99	1.52E+06	17.55451389	425	7.31096	13.3767	1.25E-12	3.72E-06	2.87E-09	3.74E-05	1.47E-04	5.16E-03	1.44E-04	2.99E-02	3.01E-02	2.25E-03	-6.71E-07	5.28E-05	-6.75E-08	0	0	-0.9229	-0.1772	-4.4141	-999.999	-2.12E+00	-3.31E-10	-2.86E-05	-3.82E-12	-3.30E-07	-2.87E-13	-2.48E-08	-1.80E-11	-1.56E-06	-1.99E-11	-1.72E-06	-1.40E-10	1.21E-05	6.82E-05	1.30E-06
1	1	-99	1.52E+06	17.59618056	426	7.31099	13.3767	1.25E-12	3.73E-06	2.87E-09	3.75E-05	1.47E-04	5.16E-03	1.41E-04	2.99E-02	3.01E-02	2.25E-03	-6.63E-07	5.27E-05	-6.75E-08	0	0	-0.9209	-0.1772	-4.4134	-999.999	-2.12E+00	-3.26E-10	-2.81E-05	-3.75E-12	-3.24E-07	-2.82E-13	-2.44E-08	-1.80E-11	-1.56E-06	-1.99E-11	-1.72E-06	-1.38E-10	1.19E-05	6.81E-05	1.30E-06
1	1	-99	1.52E+06	17.63784722	427	7.31101	13.3767	1.25E-12	3.74E-06	2.87E-09	3.76E-05	1.46E-04	5.16E-03	1.39E-04	2.99E-02	3.01E-02	2.25E-03	-6.56E-07	5.27E-05	-6.76E-08	0	0	-0.9189	-0.1772	-4.4128	-999.999	-2.12E+00	-3.20E-10	-2.77E-05	-3.69E-12	-3.19E-07	-2.77E-13	-2.39E-08	-1.80E-11	-1.56E-06	-1.99E-11	-1.72E-06	-1.36E-10	1.17E-05	6.81E-05	1.30E-06
1	1	-99	1.53E+06	17.67951389	428	7.31104	13.3767	1.25E-12	3.75E-06	2.87E-09	3.76E-05	1.45E-04	5.15E-03	1.37E-04	2.99E-02	3.01E-02	2.25E-03	-6.48E-07	5.26E-05	-6.77E-08	0	0	-0.9169	-0.1772	-4.4121	-999.999	-2.13E+00	-3.15E-10	-2.72E-05	-3.63E-12	-3.14E-07	-2.73E-13	-2.36E-08	-1.80E-11	-1.56E-06	-1.99E-11	-1.72E-06	-1.34E-10	1.16E-05	6.81E-05	1.30E-06
1	1	-99	1.53E+06	17.72118056	429	7.31106	13.3767	1.25E-12	3.75E-06	2.87E-09	3.77E-05	1.45E-04	5.15E-03	1.35E-04	2.99E-02	3.01E-02	2.25E-03	-6.40E-07	5.25E-05	-6.77E-08	0	0	-0.9149	-0.1771	-4.4113	-999.999	-2.13E+00	-3.10E-10	-2.68E-05	-3.57E-12	-3.09E-07	-2.68E-13	-2.32E-08	-1.80E-11	-1.56E-06	-1.99E-11	-1.72E-06	-1.32E-10	1.14E-05	6.81E-05	1.29E-06
1	1	-99	1.53E+06	17.76284722	430	7.31109	13.3767	1.25E-12	3.76E-06	2.87E-09	3.78E-05	1.44E-04	5.15E-03	1.32E-04	2.99E-02	3.01E-02	2.25E-03	-6.32E-07	5.24E-05	-6.78E-08	0	0	-0.913	-0.1771	-4.4106	-999.999	-2.13E+00	-3.05E-10	-2.63E-05	-3.51E-12	-3.04E-07	-2.64E-13	-2.28E-08	-1.80E-11	-1.56E-06	-1.99E-11	-1.72E-06	-1.30E-10	1.12E-05	6.81E-05	1.29E-06
1	1	-99	1.54E+06	17.80451389	431	7.31111	13.3767	1.25E-12	3.77E-06	2.87E-09	3.78E-05	1.43E-04	5.15E-03	1.30E-04	2.99E-02	3.01E-02	2.25E-03	-6.25E-07	5.24E-05	-6.78E-08	0	0	-0.911	-0.1771	-4.4099	-999.999	-2.13E+00	-3.00E-10	-2.59E-05	-3.46E-12	-2.99E-07	-2.59E-13	-2.24E-08	-1.80E-11	-1.56E-06	-1.99E-11	-1.72E-06	-1.28E-10	1.10E-05	6.80E-05	1.29E-06
1	1	-99	1.54E+06	17.84618056	432	7.31113	13.3767	1.25E-12	3.78E-06	2.87E-09	3.79E-05	1.43E-04	5.15E-03	1.28E-04	2.99E-02	3.01E-02	2.25E-03	-6.18E-07	5.23E-05	-6.79E-08	0	0	-0.909	-0.1771	-4.4092	-999.999	-2.13E+00	-2.95E-10	-2.54E-05	-3.40E-12	-2.94E-07	-2.55E-13	-2.20E-08	-1.80E-11	-1.56E-06	-1.99E-11	-1.72E-06	-1.26E-10	1.09E-05	6.80E-05	1.29E-06
1	1	-99	1.55E+06	17.88784722	433	7.31116	13.3767	1.25E-12	3.79E-06	2.87E-09	3.80E-05	1.42E-04	5.15E-03	1.26E-04	2.99E-02	3.01E-02	2.25E-03	-6.10E-07	5.22E-05	-6.79E-08	0	0	-0.9071	-0.1771	-4.4085	-999.999	-2.14E+00	-2.90E-10	-2.50E-05	-3.34E-12	-2.89E-07	-2.51E-13	-2.17E-08	-1.80E-11	-1.56E-06	-1.99E-11	-1.72E-06	-1.24E-10	1.07E-05	6.80E-05	1.29E-06
1	1	-99	1.55E+06	17.92951389	434	7.31118	13.3767	1.25E-12	3.79E-06	2.87E-09	3.80E-05	1.42E-04	5.15E-03	1.24E-04	2.99E-02	3.01E-02	2.25E-03	-6.03E-07	5.22E-05	-6.80E-08	0	0	-0.9051	-0.1771	-4.4078	-999.999	-2.14E+00	-2.85E-10	-2.46E-05	-3.29E-12	-2.84E-07	-2.47E-13	-2.13E-08	-1.80E-11	-1.56E-06	-1.99E-11	-1.72E-06	-1.22E-10	1.06E-05	6.80E-05	1.29E-06
1	1	-99	1.55E+06	17.97118056	435	7.3112	13.3767	1.25E-12	3.80E-06	2.87E-09	3.81E-05	1.41E-04	5.15E-03	1.22E-04	2.99E-02	3.01E-02	2.25E-03	-5.96E-07	5.21E-05	-6.81E-08	0	0	-0.9031	-0.1771	-4.4071	-999.999	-2.14E+00	-2.80E-10	-2.42E-05	-3.24E-12	-2.80E-07	-2.43E-13	-2.10E-08	-1.80E-11	-1.56E-06	-1.99E-11	-1.72E-06	-1.20E-10	1.04E-05	6.80E-05	1.28E-06
1	1	-99	1.56E+06	18.01284722	436	7.31123	13.3767	1.25E-12	3.81E-06	2.87E-09	3.82E-05	1.40E-04	5.15E-03	1.20E-04	3.00E-02	3.01E-02	2.24E-03	-5.89E-07	5.20E-05	-6.81E-08	0	0	-0.9012	-0.1771	-4.4064	-999.999	-2.14E+00	-2.76E-10	-2.38E-05	-3.18E-12	-2.75E-07	-2.39E-13	-2.06E-08	-1.80E-11	-1.56E-06	-1.99E-11	-1.72E-06	-1.19E-10	1.02E-05	6.80E-05	1.28E-06
1	1	-99	1.56E+06	18.05451389	437	7.31125	13.3767	1.25E-12	3.82E-06	2.87E-09	3.83E-05	1.40E-04	5.15E-03	1.18E-04	3.00E-02	3.01E-02	2.24E-03	-5.83E-07	5.20E-05	-6.82E-08	0	0	-0.8992	-0.1771	-4.4057	-999.999	-2.14E+00	-2.71E-10	-2.34E-05	-3.13E-12	-2.70E-07	-2.35E-13	-2.03E-08	-1.80E-11	-1.56E-06	-1.99E-11	-1.72E-06	-1.17E-10	1.01E-05	6.79E-05	1.28E-06
1	1	-99	1.56E+06	18.09618056	438	7.31127	13.3767	1.25E-12	3.83E-06	2.87E-09	3.83E-05	1.39E-04	5.14E-03	1.16E-04	3.00E-02	3.01E-02	2.24E-03	-5.76E-07	5.19E-05	-6.82E-08	0	0	-0.8973	-0.1772	-4.405	-999.999	-2.15E+00	-2.66E-10	-2.30E-05	-3.08E-12	-2.66E-07	-2.31E-13	-2.00E-08	-1.80E-11	-1.56E-06	-1.99E-11	-1.72E-06	-1.15E-10	9.94E-06	6.79E-05	1.28E-06
1	1	-99	1.57E+06	18.13784722	439	7.31129	13.3767	1.25E-12	3.83E-06	2.87E-09	3.84E-05	1.38E-04	5.14E-03	1.14E-04	3.00E-02	3.01E-02	2.24E-03	-5.69E-07	5.18E-05	-6.83E-08	0	0	-0.8953	-0.1772	-4.4043	-999.999	-2.15E+00	-2.62E-10	-2.26E-05	-3.03E-12	-2.62E-07	-2.27E-13	-1.96E-08	-1.80E-11	-1.56E-06	-1.99E-11	-1.72E-06	-1.13E-10	9.79E-06	6.79E-05	1.28E-06
1	1	-99	1.57E+06	18.17951389	440	7.31131	13.3767	1.25E-12	3.84E-06	2.87E-09	3.85E-05	1.38E-04	5.14E-03	1.12E-04	3.00E-02	3.01E-02	2.24E-03	-5.63E-07	5.18E-05	-6.83E-08	0	0	-0.8934	-0.1772	-4.4036	-999.999	-2.15E+00	-2.58E-10	-2.23E-05	-2.98E-12	-2.57E-07	-2.23E-13	-1.93E-08	-1.80E-11	-1.56E-06	-1.99E-11	-1.72E-06	-1.12E-10	9.64E-06	6.79E-05	1.28E-06
1	1	-99	1.57E+06	18.22118056	441	7.31134	13.3767	1.25E-12	3.85E-06	2.87E-09	3.85E-05	1.37E-04	5.14E-03	1.10E-04	3.00E-02	3.01E-02	2.24E-03	-5.56E-07	5.17E-05	-6.84E-08	0	0	-0.8914	-0.1772	-4.4029	-999.999	-2.15E+00	-2.53E-10	-2.19E-05	-2.93E-12	-2.53E-07	-2.20E-13	-1.90E-08	-1.80E-11	-1.56E-06	-1.99E-11	-1.72E-06	-1.10E-10	9.50E-06	6.79E-05	1.27E-06
1	1	-99	1.58E+06	18.26284722	442	7.31136	13.3766	1.25E-12	3.86E-06	2.87E-09	3.86E-05	1.37E-04	5.14E-03	1.08E-04	3.00E-02	3.01E-02	2.24E-03	-5.50E-07	5.16E-05	-6.84E-08	0	0	-0.8895	-0.1772	-4.4021	-999.999	-2.15E+00	-2.49E-10	-2.15E-05	-2.88E-12	-2.49E-07	-2.16E-13	-1.87E-08	-1.80E-11	-1.56E-06	-1.99E-11	-1.72E-06	-1.08E-10	9.36E-06	6.79E-05	1.27E-06
1	1	-99	1.58E+06	18.30451389	443	7.31138	13.3766	1.25E-12	3.87E-06	2.87E-09	3.87E-05	1.36E-04	5.14E-03	1.07E-04	3.00E-02	3.01E-02	2.24E-03	-5.44E-07	5.16E-05	-6.85E-08	0	0	-0.8876	-0.1772	-4.4014	-999.999	-2.16E+00	-2.45E-10	-2.12E-05	-2.83E-12	-2.45E-07	-2.13E-13	-1.84E-08	-1.80E-11	-1.56E-06	-1.99E-11	-1.72E-06	-1.07E-10	9.22E-06	6.78E-05	1.27E-06
1	1	-99	1.59E+06	18.34618056	444	7.3114	13.3766	1.25E-12	3.87E-06	2.87E-09	3.87E-05	1.35E-04	5.14E-03	1.05E-04	3.00E-02	3.01E-02	2.24E-03	-5.38E-07	5.15E-05	-6.85E-08	0	0	-0.8856	-0.1772	-4.4007	-999.999	-2.16E+00	-2.41E-10	-2.08E-05	-2.79E-12	-2.41E-07	-2.09E-13	-1.81E-08	-1.80E-11	-1.56E-06	-1.99E-11	-1.72E-06	-1.05E-10	9.08E-06	6.78E-05	1.27E-06
1	1	-99	1.59E+06	18.38784722	445	7.31142	13.3766	1.25E-12	3.88E-06	2.87E-09	3.88E-05	1.35E-04	5.14E-03	1.03E-04	3.00E-02	3.01E-02	2.24E-03	-5.32E-07	5.14E-05	-6.85E-08	0	0	-0.8837	-0.1772	-4.4	-999.999	-2.16E+00	-2.37E-10	-2.05E-05	-2.74E-12	-2.37E-07	-2.06E-13	-1.78E-08	-1.80E-11	-1.56E-06	-1.99E-11	-1.72E-06	-1.03E-10	8.94E-06	6.78E-05	1.27E-06
1	1	-99	1.59E+06	18.42951389	446	7.31144	13.3766	1.25E-12	3.89E-06	2.87E-09	3.89E-05	1.34E-04	5.14E-03	1.01E-04	3.00E-02	3.01E-02	2.24E-03	-5.26E-07	5.14E-05	-6.86E-08	0	0	-0.8818	-0.1772	-4.3993	-999.999	-2.16E+00	-2.33E-10	-2.01E-05	-2.70E-12	-2.33E-07	-2.02E-13	-1.75E-08	-1.80E-11	-1.56E-06	-1.99E-11	-1.72E-06	-1.02E-10	8.81E-06	6.78E-05	1.27E-06
1	1	-99	1.60E+06	18.47118056	447	7.31146	13.3766	1.25E-12	3.90E-06	2.87E-09	3.89E-05	1.34E-04	5.14E-03	9.97E-05	3.00E-02	3.01E-02	2.24E-03	-5.20E-07	5.13E-05	-6.86E-08	0	0	-0.8799	-0.1772	-4.3986	-999.999	-2.16E+00	-2.29E-10	-1.98E-05	-2.65E-12	-2.29E-07	-1.99E-13	-1.72E-08	-1.80E-11	-1.56E-06	-1.99E-11	-1.72E-06	-1.00E-10	8.68E-06	6.78E-05	1.26E-06
1	1	-99	1.60E+06	18.51284722	448	7.31148	13.3766	1.25E-12	3.91E-06	2.87E-09	3.90E-05	1.33E-04	5.14E-03	9.81E-05	3.00E-02	3.01E-02	2.24E-03	-5.14E-07	5.12E-05	-6.87E-08	0	0	-0.8779	-0.1772	-4.3978	-999.999	-2.17E+00	-2.26E-10	-1.95E-05	-2.61E-12	-2.25E-07	-1.96E-13	-1.69E-08	-1.80E-11	-1.56E-06	-1.99E-11	-1.72E-06	-9.89E-11	8.54E-06	6.78E-05	1.26E-06
1	1	-99	1.60E+06	18.55451389	449	7.3115	13.3766	1.25E-12	3.92E-06	2.87E-09	3.91E-05	1.33E-04	5.14E-03	9.64E-05	3.00E-02	3.01E-02	2.24E-03	-5.08E-07	5.11E-05	-6.87E-08	0	0	-0.876	-0.1772	-4.3971	-999.999	-2.17E+00	-2.22E-10	-1.92E-05	-2.57E-12	-2.22E-07	-1.92E-13	-1.66E-08	-1.80E-11	-1.56E-06	-1.99E-11	-1.72E-06	-9.74E-11	8.42E-06	6.77E-05	1.26E-06
1	1	-99	1.61E+06	18.59618056	450	7.31152	13.3766	1.25E-12	3.92E-06	2.87E-09	3.91E-05	1.32E-04	5.13E-03	9.48E-05	3.00E-02	3.01E-02	2.24E-03	-5.03E-07	5.11E-05	-6.88E-08	0	0	-0.8741	-0.1773	-4.3964	-999.999	-2.17E+00	-2.18E-10	-1.88E-05	-2.52E-12	-2.18E-07	-1.89E-13	-1.63E-08	-1.80E-11	-1.56E-06	-1.99E-11	-1.72E-06	-9.60E-11	8.29E-06	6.77E-05	1.26E-06
1	1	-99	1.61E+06	18.63784722	451	7.31154	13.3766	1.25E-12	3.93E-06	2.87E-09	3.92E-05	1.31E-04	5.13E-03	9.33E-05	3.00E-02	3.01E-02	2.24E-03	-4.97E-07	5.10E-05	-6.88E-08	0	0	-0.8722	-0.1773	-4.3957	-999.999	-2.17E+00	-2.15E-10	-1.85E-05	-2.48E-12	-2.15E-07	-1.86E-13	-1.61E-08	-1.80E-11	-1.56E-06	-1.99E-11	-1.72E-06	-9.45E-11	8.17E-06	6.77E-05	1.26E-06
1	1	-99	1.61E+06	18.67951389	452	7.31156	13.3766	1.25E-12	3.94E-06	2.87E-09	3.93E-05	1.31E-04	5.13E-03	9.17E-05	3.00E-02	3.01E-02	2.24E-03	-4.92E-07	5.09E-05	-6.88E-08	0	0	-0.8703	-0.1773	-4.395	-999.999	-2.17E+00	-2.11E-10	-1.82E-05	-2.44E-12	-2.11E-07	-1.83E-13	-1.58E-08	-1.80E-11	-1.56E-06	-1.99E-11	-1.72E-06	-9.31E-11	8.04E-06	6.77E-05	1.26E-06
1	1	-99	1.62E+06	18.72118056	453	7.31158	13.3766	1.25E-12	3.95E-06	2.87E-09	3.93E-05	1.30E-04	5.13E-03	9.02E-05	3.00E-02	3.01E-02	2.24E-03	-4.86E-07	5.09E-05	-6.89E-08	0	0	-0.8684	-0.1773	-4.3942	-999.999	-2.17E+00	-2.07E-10	-1.79E-05	-2.40E-12	-2.08E-07	-1.80E-13	-1.56E-08	-1.80E-11	-1.56E-06	-1.99E-11	-1.72E-06	-9.17E-11	7.92E-06	6.77E-05	1.25E-06
1	1	-99	1.62E+06	18.76284722	454	7.3116	13.3766	1.25E-12	3.96E-06	2.87E-09	3.94E-05	1.30E-04	5.13E-03	8.87E-05	3.00E-02	3.01E-02	2.24E-03	-4.81E-07	5.08E-05	-6.89E-08	0	0	-0.8665	-0.1773	-4.3935	-999.999	-2.18E+00	-2.04E-10	-1.76E-05	-2.36E-12	-2.04E-07	-1.77E-13	-1.53E-08	-1.80E-11	-1.56E-06	-1.99E-11	-1.72E-06	-9.03E-11	7.80E-06	6.77E-05	1.25E-06
1	1	-99	1.62E+06	18.80451389	455	7.31162	13.3766	1.25E-12	3.97E-06	2.87E-09	3.95E-05	1.29E-04	5.13E-03	8.73E-05	3.00E-02	3.01E-02	2.23E-03	-4.76E-07	5.07E-05	-6.90E-08	0	0	-0.8646	-0.1773	-4.3928	-999.999	-2.18E+00	-2.01E-10	-1.73E-05	-2.32E-12	-2.01E-07	-1.74E-13	-1.50E-08	-1.80E-11	-1.56E-06	-1.99E-11	-1.72E-06	-8.89E-11	7.68E-06	6.77E-05	1.25E-06
1	1	-99	1.63E+06	18.84618056	456	7.31164	13.3766	1.25E-12	3.98E-06	2.87E-09	3.96E-05	1.29E-04	5.13E-03	8.58E-05	3.00E-02	3.01E-02	2.23E-03	-4.71E-07	5.07E-05	-6.90E-08	0	0	-0.8627	-0.1773	-4.3921	-999.999	-2.18E+00	-1.97E-10	-1.71E-05	-2.29E-12	-1.97E-07	-1.71E-13	-1.48E-08	-1.80E-11	-1.56E-06	-1.99E-11	-1.72E-06	-8.76E-11	7.57E-06	6.76E-05	1.25E-06
1	1	-99	1.63E+06	18.88784722	457	7.31165	13.3766	1.25E-12	3.98E-06	2.87E-09	3.96E-05	1.28E-04	5.13E-03	8.44E-05	3.00E-02	3.02E-02	2.23E-03	-4.66E-07	5.06E-05	-6.90E-08	0	0	-0.8608	-0.1774	-4.3914	-999.999	-2.18E+00	-1.94E-10	-1.68E-05	-2.25E-12	-1.94E-07	-1.68E-13	-1.46E-08	-1.80E-11	-1.56E-06	-1.99E-11	-1.72E-06	-8.63E-11	7.45E-06	6.76E-05	1.25E-06
1	1	-99	1.64E+06	18.92951389	458	7.31167	13.3766	1.25E-12	3.99E-06	2.87E-09	3.97E-05	1.28E-04	5.13E-03	8.30E-05	3.00E-02	3.02E-02	2.23E-03	-4.61E-07	5.05E-05	-6.91E-08	0	0	-0.8589	-0.1774	-4.3906	-999.999	-2.18E+00	-1.91E-10	-1.65E-05	-2.21E-12	-1.91E-07	-1.66E-13	-1.43E-08	-1.80E-11	-1.56E-06	-1.99E-11	-1.72E-06	-8.50E-11	7.34E-06	6.76E-05	1.25E-06
1	1	-99	1.64E+06	18.97118056	459	7.31169	13.3766	1.25E-12	4.00E-06	2.87E-09	3.98E-05	1.27E-04	5.13E-03	8.16E-05	3.00E-02	3.02E-02	2.23E-03	-4.56E-07	5.05E-05	-6.91E-08	0	0	-0.857	-0.1774	-4.3899	-999.999	-2.19E+00	-1.88E-10	-1.62E-05	-2.17E-12	-1.88E-07	-1.63E-13	-1.41E-08	-1.80E-11	-1.56E-06	-1.98E-11	-1.71E-06	-8.37E-11	7.23E-06	6.76E-05	1.24E-06
1	1	-99	1.64E+06	19.01284722	460	7.31171	13.3766	1.25E-12	4.01E-06	2.87E-09	3.98E-05	1.26E-04	5.13E-03	8.03E-05	3.00E-02	3.02E-02	2.23E-03	-4.51E-07	5.04E-05	-6.91E-08	0	0	-0.8551	-0.1774	-4.3892	-999.999	-2.19E+00	-1.85E-10	-1.60E-05	-2.14E-12	-1.85E-07	-1.60E-13	-1.38E-08	-1.80E-11	-1.56E-06	-1.98E-11	-1.71E-06	-8.24E-11	7.12E-06	6.76E-05	1.24E-06
1	1	-99	1.65E+06	19.05451389	461	7.31173	13.3766	1.25E-12	4.02E-06	2.87E-09	3.99E-05	1.26E-04	5.13E-03	7.90E-05	3.00E-02	3.02E-02	2.23E-03	-4.46E-07	5.03E-05	-6.92E-08	0	0	-0.8532	-0.1774	-4.3885	-999.999	-2.19E+00	-1.82E-10	-1.57E-05	-2.10E-12	-1.82E-07	-1.58E-13	-1.36E-08	-1.80E-11	-1.56E-06	-1.98E-11	-1.71E-06	-8.12E-11	7.01E-06	6.76E-05	1.24E-06
1	1	-99	1.65E+06	19.09618056	462	7.31174	13.3765	1.25E-12	4.03E-06	2.87E-09	4.00E-05	1.25E-04	5.13E-03	7.77E-05	3.00E-02	3.02E-02	2.23E-03	-4.41E-07	5.03E-05	-6.92E-08	0	0	-0.8513	-0.1774	-4.3877	-999.999	-2.19E+00	-1.79E-10	-1.54E-05	-2.07E-12	-1.79E-07	-1.55E-13	-1.34E-08	-1.80E-11	-1.56E-06	-1.98E-11	-1.71E-06	-8.00E-11	6.91E-06	6.76E-05	1.24E-06
1	1	-99	1.65E+06	19.13784722	463	7.31176	13.3765	1.25E-12	4.04E-06	2.87E-09	4.00E-05	1.25E-04	5.13E-03	7.64E-05	3.00E-02	3.02E-02	2.23E-03	-4.37E-07	5.02E-05	-6.92E-08	0	0	-0.8494	-0.1775	-4.387	-999.999	-2.19E+00	-1.76E-10	-1.52E-05	-2.04E-12	-1.76E-07	-1.52E-13	-1.32E-08	-1.80E-11	-1.56E-06	-1.98E-11	-1.71E-06	-7.87E-11	6.80E-06	6.75E-05	1.24E-06
1	1	-99	1.66E+06	19.17951389	464	7.31178	13.3765	1.25E-12	4.05E-06	2.87E-09	4.01E-05	1.24E-04	5.12E-03	7.51E-05	3.00E-02	3.02E-02	2.23E-03	-4.32E-07	5.01E-05	-6.93E-08	0	0	-0.8476	-0.1775	-4.3863	-999.999	-2.20E+00	-1.73E-10	-1.49E-05	-2.00E-12	-1.73E-07	-1.50E-13	-1.30E-08	-1.80E-11	-1.56E-06	-1.98E-11	-1.71E-06	-7.75E-11	6.70E-06	6.75E-05	1.23E-06
1	1	-99	1.66E+06	19.22118056	465	7.3118	13.3765	1.25E-12	4.05E-06	2.87E-09	4.02E-05	1.24E-04	5.12E-03	7.39E-05	3.00E-02	3.02E-02	2.23E-03	-4.28E-07	5.00E-05	-6.93E-08	0	0	-0.8457	-0.1775	-4.3856	-999.999	-2.20E+00	-1.70E-10	-1.47E-05	-1.97E-12	-1.70E-07	-1.47E-13	-1.27E-08	-1.80E-11	-1.56E-06	-1.98E-11	-1.71E-06	-7.64E-11	6.60E-06	6.75E-05	1.23E-06
1	1	-99	1.66E+06	19.26284722	466	7.31181	13.3765	1.25E-12	4.06E-06	2.87E-09	4.02E-05	1.23E-04	5.12E-03	7.27E-05	3.00E-02	3.02E-02	2.23E-03	-4.23E-07	5.00E-05	-6.93E-08	0	0	-0.8438	-0.1775	-4.3848	-999.999	-2.20E+00	-1.67E-10	-1.44E-05	-1.94E-12	-1.67E-07	-1.45E-13	-1.25E-08	-1.80E-11	-1.56E-06	-1.98E-11	-1.71E-06	-7.52E-11	6.50E-06	6.75E-05	1.23E-06
1	1	-99	1.67E+06	19.30451389	467	7.31183	13.3765	1.25E-12	4.07E-06	2.87E-09	4.03E-05	1.23E-04	5.12E-03	7.15E-05	3.00E-02	3.02E-02	2.23E-03	-4.19E-07	4.99E-05	-6.93E-08	0	0	-0.842	-0.1776	-4.3841	-999.999	-2.20E+00	-1.64E-10	-1.42E-05	-1.90E-12	-1.65E-07	-1.43E-13	-1.23E-08	-1.80E-11	-1.56E-06	-1.98E-11	-1.71E-06	-7.41E-11	6.40E-06	6.75E-05	1.23E-06
1	1	-99	1.67E+06	19.34618056	468	7.31185	13.3765	1.25E-12	4.08E-06	2.87E-09	4.04E-05	1.22E-04	5.12E-03	7.03E-05	3.00E-02	3.02E-02	2.23E-03	-4.14E-07	4.98E-05	-6.94E-08	0	0	-0.8401	-0.1776	-4.3834	-999.999	-2.20E+00	-1.62E-10	-1.40E-05	-1.87E-12	-1.62E-07	-1.40E-13	-1.21E-08	-1.80E-11	-1.56E-06	-1.98E-11	-1.71E-06	-7.29E-11	6.30E-06	6.75E-05	1.23E-06
1	1	-99	1.68E+06	19.38784722	469	7.31186	13.3765	1.25E-12	4.09E-06	2.87E-09	4.05E-05	1.22E-04	5.12E-03	6.91E-05	3.00E-02	3.02E-02	2.23E-03	-4.10E-07	4.98E-05	-6.94E-08	0	0	-0.8382	-0.1776	-4.3827	-999.999	-2.21E+00	-1.59E-10	-1.37E-05	-1.84E-12	-1.59E-07	-1.38E-13	-1.19E-08	-1.80E-11	-1.56E-06	-1.98E-11	-1.71E-06	-7.18E-11	6.21E-06	6.75E-05	1.23E-06
1	1	-99	1.68E+06	19.42951389	470	7.31188	13.3765	1.25E-12	4.10E-06	2.87E-09	4.05E-05	1.21E-04	5.12E-03	6.80E-05	3.00E-02	3.02E-02	2.23E-03	-4.06E-07	4.97E-05	-6.94E-08	0	0	-0.8364	-0.1776	-4.3819	-999.999	-2.21E+00	-1.56E-10	-1.35E-05	-1.81E-12	-1.57E-07	-1.36E-13	-1.17E-08	-1.80E-11	-1.56E-06	-1.98E-11	-1.71E-06	-7.07E-11	6.11E-06	6.75E-05	1.22E-06
1	1	-99	1.68E+06	19.47118056	471	7.31189	13.3765	1.25E-12	4.11E-06	2.87E-09	4.06E-05	1.21E-04	5.12E-03	6.69E-05	3.00E-02	3.02E-02	2.23E-03	-4.02E-07	4.96E-05	-6.95E-08	0	0	-0.8345	-0.1776	-4.3812	-999.999	-2.21E+00	-1.54E-10	-1.33E-05	-1.78E-12	-1.54E-07	-1.33E-13	-1.15E-08	-1.80E-11	-1.56E-06	-1.98E-11	-1.71E-06	-6.96E-11	6.02E-06	6.74E-05	1.22E-06
1	1	-99	1.69E+06	19.51284722	472	7.31191	13.3765	1.25E-12	4.12E-06	2.87E-09	4.07E-05	1.20E-04	5.12E-03	6.58E-05	3.00E-02	3.02E-02	2.23E-03	-3.98E-07	4.96E-05	-6.95E-08	0	0	-0.8327	-0.1777	-4.3805	-999.999	-2.21E+00	-1.51E-10	-1.31E-05	-1.75E-12	-1.51E-07	-1.31E-13	-1.13E-08	-1.80E-11	-1.56E-06	-1.98E-11	-1.71E-06	-6.86E-11	5.93E-06	6.74E-05	1.22E-06
1	1	-99	1.69E+06	19.55451389	473	7.31193	13.3765	1.25E-12	4.13E-06	2.87E-09	4.07E-05	1.20E-04	5.12E-03	6.47E-05	3.00E-02	3.02E-02	2.23E-03	-3.94E-07	4.95E-05	-6.95E-08	0	0	-0.8308	-0.1777	-4.3798	-999.999	-2.21E+00	-1.49E-10	-1.28E-05	-1.72E-12	-1.49E-07	-1.29E-13	-1.12E-08	-1.80E-11	-1.56E-06	-1.98E-11	-1.71E-06	-6.75E-11	5.83E-06	6.74E-05	1.22E-06
1	1	-99	1.69E+06	19.59618056	474	7.31194	13.3765	1.25E-12	4.13E-06	2.87E-09	4.08E-05	1.19E-04	5.12E-03	6.36E-05	3.00E-02	3.02E-02	2.23E-03	-3.90E-07	4.94E-05	-6.95E-08	0	0	-0.829	-0.1777	-4.379	-999.999	-2.21E+00	-1.46E-10	-1.26E-05	-1.70E-12	-1.47E-07	-1.27E-13	-1.10E-08	-1.80E-11	-1.56E-06	-1.98E-11	-1.71E-06	-6.65E-11	5.75E-06	6.74E-05	1.22E-06
1	1	-99	1.70E+06	19.63784722	475	7.31196	13.3765	1.25E-12	4.14E-06	2.87E-09	4.09E-05	1.19E-04	5.12E-03	6.26E-05	3.00E-02	3.02E-02	2.23E-03	-3.86E-07	4.94E-05	-6.96E-08	0	0	-0.8271	-0.1778	-4.3783	-999.999	-2.22E+00	-1.44E-10	-1.24E-05	-1.67E-12	-1.44E-07	-1.25E-13	-1.08E-08	-1.80E-11	-1.56E-06	-1.98E-11	-1.71E-06	-6.55E-11	5.66E-06	6.74E-05	1.22E-06
1	1	-99	1.70E+06	19.67951389	476	7.31197	13.3765	1.25E-12	4.15E-06	2.87E-09	4.09E-05	1.18E-04	5.12E-03	6.15E-05	3.00E-02	3.02E-02	2.23E-03	-3.82E-07	4.93E-05	-6.96E-08	0	0	-0.8253	-0.1778	-4.3776	-999.999	-2.22E+00	-1.41E-10	-1.22E-05	-1.64E-12	-1.42E-07	-1.23E-13	-1.06E-08	-1.80E-11	-1.56E-06	-1.98E-11	-1.71E-06	-6.45E-11	5.57E-06	6.74E-05	1.21E-06
1	1	-99	1.70E+06	19.72118056	477	7.31199	13.3765	1.25E-12	4.16E-06	2.87E-09	4.10E-05	1.18E-04	5.12E-03	6.05E-05	3.00E-02	3.02E-02	2.23E-03	-3.78E-07	4.92E-05	-6.96E-08	0	0	-0.8234	-0.1778	-4.3769	-999.999	-2.22E+00	-1.39E-10	-1.20E-05	-1.61E-12	-1.39E-07	-1.21E-13	-1.04E-08	-1.80E-11	-1.56E-06	-1.98E-11	-1.71E-06	-6.35E-11	5.48E-06	6.74E-05	1.21E-06
1	1	-99	1.71E+06	19.76284722	478	7.312	13.3765	1.25E-12	4.17E-06	2.87E-09	4.11E-05	1.17E-04	5.12E-03	5.95E-05	3.00E-02	3.02E-02	2.23E-03	-3.74E-07	4.91E-05	-6.96E-08	0	0	-0.8216	-0.1778	-4.3761	-999.999	-2.22E+00	-1.37E-10	-1.18E-05	-1.59E-12	-1.37E-07	-1.19E-13	-1.03E-08	-1.80E-11	-1.56E-06	-1.98E-11	-1.71E-06	-6.25E-11	5.40E-06	6.74E-05	1.21E-06
1	1	-99	1.71E+06	19.80451389	479	7.31202	13.3764	1.25E-12	4.18E-06	2.87E-09	4.11E-05	1.17E-04	5.12E-03	5.85E-05	3.00E-02	3.02E-02	2.22E-03	-3.71E-07	4.91E-05	-6.96E-08	0	0	-0.8198	-0.1779	-4.3754	-999.999	-2.22E+00	-1.34E-10	-1.16E-05	-1.56E-12	-1.35E-07	-1.17E-13	-1.01E-08	-1.80E-11	-1.56E-06	-1.98E-11	-1.71E-06	-6.15E-11	5.32E-06	6.74E-05	1.21E-06
1	1	-99	1.71E+06	19.84618056	480	7.31203	13.3764	1.25E-12	4.19E-06	2.87E-09	4.12E-05	1.16E-04	5.12E-03	5.76E-05	3.00E-02	3.02E-02	2.22E-03	-3.67E-07	4.90E-05	-6.97E-08	0	0	-0.8179	-0.1779	-4.3747	-999.999	-2.23E+00	-1.32E-10	-1.14E-05	-1.54E-12	-1.33E-07	-1.15E-13	-9.93E-09	-1.80E-11	-1.56E-06	-1.98E-11	-1.71E-06	-6.06E-11	5.23E-06	6.73E-05	1.21E-06
1	1	-99	1.72E+06	19.88784722	481	7.31205	13.3764	1.25E-12	4.20E-06	2.87E-09	4.13E-05	1.16E-04	5.12E-03	5.66E-05	3.00E-02	3.02E-02	2.22E-03	-3.63E-07	4.89E-05	-6.97E-08	0	0	-0.8161	-0.1779	-4.374	-999.999	-2.23E+00	-1.30E-10	-1.12E-05	-1.51E-12	-1.30E-07	-1.13E-13	-9.77E-09	-1.80E-11	-1.56E-06	-1.98E-11	-1.71E-06	-5.96E-11	5.15E-06	6.73E-05	1.21E-06
1	1	-99	1.72E+06	19.92951389	482	7.31206	13.3764	1.25E-12	4.21E-06	2.87E-09	4.14E-05	1.15E-04	5.12E-03	5.57E-05	3.00E-02	3.02E-02	2.22E-03	-3.60E-07	4.89E-05	-6.97E-08	0	0	-0.8143	-0.1779	-4.3732	-999.999	-2.23E+00	-1.28E-10	-1.11E-05	-1.48E-12	-1.28E-07	-1.11E-13	-9.61E-09	-1.80E-11	-1.56E-06	-1.98E-11	-1.71E-06	-5.87E-11	5.07E-06	6.73E-05	1.20E-06
1	1	-99	1.73E+06	19.97118056	483	7.31208	13.3764	1.25E-12	4.22E-06	2.87E-09	4.14E-05	1.15E-04	5.12E-03	5.48E-05	3.00E-02	3.02E-02	2.22E-03	-3.56E-07	4.88E-05	-6.97E-08	0	0	-0.8125	-0.178	-4.3725	-999.999	-2.23E+00	-1.26E-10	-1.09E-05	-1.46E-12	-1.26E-07	-1.09E-13	-9.45E-09	-1.80E-11	-1.56E-06	-1.98E-11	-1.71E-06	-5.78E-11	4.99E-06	6.73E-05	1.20E-06
1	1	-99	1.73E+06	20.01284722	484	7.31209	13.3764	1.25E-12	4.23E-06	2.87E-09	4.15E-05	1.14E-04	5.11E-03	5.39E-05	3.00E-02	3.02E-02	2.22E-03	-3.53E-07	4.87E-05	-6.97E-08	0	0	-0.8106	-0.178	-4.3718	-999.999	-2.23E+00	-1.24E-10	-1.07E-05	-1.44E-12	-1.24E-07	-1.08E-13	-9.29E-09	-1.80E-11	-1.56E-06	-1.98E-11	-1.71E-06	-5.69E-11	4.92E-06	6.73E-05	1.20E-06
1	1	-99	1.73E+06	20.05451389	485	7.31211	13.3764	1.25E-12	4.24E-06	2.87E-09	4.16E-05	1.14E-04	5.11E-03	5.30E-05	3.00E-02	3.02E-02	2.22E-03	-3.50E-07	4.87E-05	-6.98E-08	0	0	-0.8088	-0.178	-4.3711	-999.999	-2.24E+00	-1.22E-10	-1.05E-05	-1.41E-12	-1.22E-07	-1.06E-13	-9.14E-09	-1.80E-11	-1.56E-06	-1.98E-11	-1.71E-06	-5.60E-11	4.84E-06	6.73E-05	1.20E-06
1	1	-99	1.74E+06	20.09618056	486	7.31212	13.3764	1.25E-12	4.24E-06	2.87E-09	4.16E-05	1.13E-04	5.11E-03	5.21E-05	3.00E-02	3.02E-02	2.22E-03	-3.46E-07	4.86E-05	-6.98E-08	0	0	-0.807	-0.1781	-4.3703	-999.999	-2.24E+00	-1.20E-10	-1.03E-05	-1.39E-12	-1.20E-07	-1.04E-13	-8.99E-09	-1.80E-11	-1.56E-06	-1.98E-11	-1.71E-06	-5.51E-11	4.76E-06	6.73E-05	1.20E-06
1	1	-99	1.74E+06	20.13784722	487	7.31213	13.3764	1.25E-12	4.25E-06	2.87E-09	4.17E-05	1.13E-04	5.11E-03	5.12E-05	3.00E-02	3.02E-02	2.22E-03	-3.43E-07	4.85E-05	-6.98E-08	0	0	-0.8052	-0.1781	-4.3696	-999.999	-2.24E+00	-1.18E-10	-1.02E-05	-1.37E-12	-1.18E-07	-1.02E-13	-8.84E-09	-1.80E-11	-1.56E-06	-1.98E-11	-1.71E-06	-5.43E-11	4.69E-06	6.73E-05	1.20E-06
1	1	-99	1.74E+06	20.17951389	488	7.31215	13.3764	1.25E-12	4.26E-06	2.87E-09	4.18E-05	1.13E-04	5.11E-03	5.04E-05	3.00E-02	3.02E-02	2.22E-03	-3.40E-07	4.84E-05	-6.98E-08	0	0	-0.8034	-0.1781	-4.3689	-999.999	-2.24E+00	-1.16E-10	-1.00E-05	-1.34E-12	-1.16E-07	-1.01E-13	-8.70E-09	-1.80E-11	-1.56E-06	-1.98E-11	-1.71E-06	-5.34E-11	4.62E-06	6.73E-05	1.19E-06
1	1	-99	1.75E+06	20.22118056	489	7.31216	13.3764	1.25E-12	4.27E-06	2.87E-09	4.18E-05	1.12E-04	5.11E-03	4.96E-05	3.00E-02	3.02E-02	2.22E-03	-3.37E-07	4.84E-05	-6.98E-08	0	0	-0.8016	-0.1782	-4.3682	-999.999	-2.24E+00	-1.14E-10	-9.84E-06	-1.32E-12	-1.14E-07	-9.90E-14	-8.55E-09	-1.80E-11	-1.56E-06	-1.98E-11	-1.71E-06	-5.26E-11	4.54E-06	6.72E-05	1.19E-06
1	1	-99	1.75E+06	20.26284722	490	7.31217	13.3764	1.25E-12	4.28E-06	2.87E-09	4.19E-05	1.12E-04	5.11E-03	4.87E-05	3.00E-02	3.02E-02	2.22E-03	-3.33E-07	4.83E-05	-6.98E-08	0	0	-0.7998	-0.1782	-4.3675	-999.999	-2.24E+00	-1.12E-10	-9.67E-06	-1.30E-12	-1.12E-07	-9.73E-14	-8.41E-09	-1.80E-11	-1.56E-06	-1.98E-11	-1.71E-06	-5.18E-11	4.47E-06	6.72E-05	1.19E-06
1	1	-99	1.75E+06	20.30451389	491	7.31219	13.3764	1.25E-12	4.29E-06	2.87E-09	4.20E-05	1.11E-04	5.11E-03	4.79E-05	3.00E-02	3.02E-02	2.22E-03	-3.30E-07	4.82E-05	-6.99E-08	0	0	-0.798	-0.1782	-4.3667	-999.999	-2.25E+00	-1.10E-10	-9.51E-06	-1.28E-12	-1.10E-07	-9.57E-14	-8.27E-09	-1.80E-11	-1.56E-06	-1.98E-11	-1.71E-06	-5.10E-11	4.40E-06	6.72E-05	1.19E-06
1	1	-99	1.76E+06	20.34618056	492	7.3122	13.3764	1.25E-12	4.30E-06	2.87E-09	4.21E-05	1.11E-04	5.11E-03	4.72E-05	3.00E-02	3.02E-02	2.22E-03	-3.27E-07	4.82E-05	-6.99E-08	0	0	-0.7962	-0.1783	-4.366	-999.999	-2.25E+00	-1.08E-10	-9.36E-06	-1.26E-12	-1.09E-07	-9.42E-14	-8.14E-09	-1.80E-11	-1.56E-06	-1.98E-11	-1.71E-06	-5.01E-11	4.33E-06	6.72E-05	1.19E-06
1	1	-99	1.76E+06	20.38784722	493	7.31221	13.3764	1.25E-12	4.31E-06	2.87E-09	4.21E-05	1.10E-04	5.11E-03	4.64E-05	3.00E-02	3.02E-02	2.22E-03	-3.24E-07	4.81E-05	-6.99E-08	0	0	-0.7944	-0.1783	-4.3653	-999.999	-2.25E+00	-1.07E-10	-9.20E-06	-1.24E-12	-1.07E-07	-9.26E-14	-8.00E-09	-1.80E-11	-1.56E-06	-1.98E-11	-1.71E-06	-4.94E-11	4.26E-06	6.72E-05	1.19E-06
1	1	-99	1.77E+06	20.42951389	494	7.31223	13.3764	1.25E-12	4.32E-06	2.87E-09	4.22E-05	1.10E-04	5.11E-03	4.56E-05	3.00E-02	3.02E-02	2.22E-03	-3.21E-07	4.80E-05	-6.99E-08	0	0	-0.7926	-0.1783	-4.3646	-999.999	-2.25E+00	-1.05E-10	-9.05E-06	-1.22E-12	-1.05E-07	-9.11E-14	-7.87E-09	-1.80E-11	-1.56E-06	-1.98E-11	-1.71E-06	-4.86E-11	4.20E-06	6.72E-05	1.18E-06
1	1	-99	1.77E+06	20.47118056	495	7.31224	13.3764	1.25E-12	4.33E-06	2.87E-09	4.23E-05	1.09E-04	5.11E-03	4.49E-05	3.00E-02	3.02E-02	2.22E-03	-3.18E-07	4.80E-05	-6.99E-08	0	0	-0.7908	-0.1784	-4.3639	-999.999	-2.25E+00	-1.03E-10	-8.90E-06	-1.20E-12	-1.03E-07	-8.96E-14	-7.74E-09	-1.80E-11	-1.56E-06	-1.98E-11	-1.71E-06	-4.78E-11	4.13E-06	6.72E-05	1.18E-06
1	1	-99	1.77E+06	20.51284722	496	7.31225	13.3764	1.25E-12	4.34E-06	2.87E-09	4.23E-05	1.09E-04	5.11E-03	4.41E-05	3.00E-02	3.02E-02	2.22E-03	-3.15E-07	4.79E-05	-6.99E-08	0	0	-0.789	-0.1784	-4.3631	-999.999	-2.26E+00	-1.01E-10	-8.75E-06	-1.18E-12	-1.02E-07	-8.81E-14	-7.61E-09	-1.80E-11	-1.56E-06	-1.98E-11	-1.71E-06	-4.70E-11	4.06E-06	6.72E-05	1.18E-06
1	1	-99	1.78E+06	20.55451389	497	7.31226	13.3763	1.25E-12	4.35E-06	2.87E-09	4.24E-05	1.09E-04	5.11E-03	4.34E-05	3.00E-02	3.02E-02	2.22E-03	-3.12E-07	4.78E-05	-6.99E-08	0	0	-0.7872	-0.1784	-4.3624	-999.999	-2.26E+00	-9.96E-11	-8.61E-06	-1.16E-12	-1.00E-07	-8.67E-14	-7.49E-09	-1.80E-11	-1.56E-06	-1.98E-11	-1.71E-06	-4.63E-11	4.00E-06	6.72E-05	1.18E-06
1	1	-99	1.78E+06	20.59618056	498	7.31228	13.3763	1.25E-12	4.36E-06	2.87E-09	4.25E-05	1.08E-04	5.11E-03	4.27E-05	3.00E-02	3.02E-02	2.22E-03	-3.10E-07	4.77E-05	-7.00E-08	0	0	-0.7854	-0.1785	-4.3617	-999.999	-2.26E+00	-9.80E-11	-8.47E-06	-1.14E-12	-9.84E-08	-8.52E-14	-7.36E-09	-1.80E-11	-1.56E-06	-1.98E-11	-1.71E-06	-4.56E-11	3.94E-06	6.72E-05	1.18E-06
1	1	-99	1.78E+06	20.63784722	499	7.31229	13.3763	1.25E-12	4.37E-06	2.87E-09	4.25E-05	1.08E-04	5.11E-03	4.20E-05	3.00E-02	3.02E-02	2.22E-03	-3.07E-07	4.77E-05	-7.00E-08	0	0	-0.7836	-0.1785	-4.361	-999.999	-2.26E+00	-9.64E-11	-8.33E-06	-1.12E-12	-9.68E-08	-8.38E-14	-7.24E-09	-1.80E-11	-1.56E-06	-1.98E-11	-1.71E-06	-4.48E-11	3.87E-06	6.71E-05	1.17E-06
1	1	-99	1.79E+06	20.67951389	500	7.3123	13.3763	1.25E-12	4.38E-06	2.87E-09	4.26E-05	1.07E-04	5.11E-03	4.13E-05	3.00E-02	3.02E-02	2.22E-03	-3.04E-07	4.76E-05	-7.00E-08	0	0	-0.7819	-0.1785	-4.3603	-999.999	-2.26E+00	-9.48E-11	-8.19E-06	-1.10E-12	-9.52E-08	-8.25E-14	-7.12E-09	-1.80E-11	-1.56E-06	-1.98E-11	-1.71E-06	-4.41E-11	3.81E-06	6.71E-05	1.17E-06
1	1	-99	1.79E+06	20.72118056	501	7.31231	13.3763	1.25E-12	4.39E-06	2.87E-09	4.27E-05	1.07E-04	5.11E-03	4.06E-05	3.00E-02	3.02E-02	2.22E-03	-3.01E-07	4.75E-05	-7.00E-08	0	0	-0.7801	-0.1786	-4.3595	-999.999	-2.26E+00	-9.32E-11	-8.05E-06	-1.08E-12	-9.36E-08	-8.11E-14	-7.01E-09	-1.80E-11	-1.56E-06	-1.98E-11	-1.71E-06	-4.34E-11	3.75E-06	6.71E-05	1.17E-06
1	1	-99	1.79E+06	20.76284722	502	7.31233	13.3763	1.25E-12	4.40E-06	2.87E-09	4.28E-05	1.06E-04	5.11E-03	3.99E-05	3.00E-02	3.02E-02	2.22E-03	-2.99E-07	4.75E-05	-7.00E-08	0	0	-0.7783	-0.1786	-4.3588	-999.999	-2.27E+00	-9.17E-11	-7.92E-06	-1.07E-12	-9.21E-08	-7.98E-14	-6.89E-09	-1.80E-11	-1.56E-06	-1.98E-11	-1.71E-06	-4.27E-11	3.69E-06	6.71E-05	1.17E-06
1	1	-99	1.80E+06	20.80451389	503	7.31234	13.3763	1.25E-12	4.41E-06	2.87E-09	4.28E-05	1.06E-04	5.11E-03	3.93E-05	3.00E-02	3.02E-02	2.22E-03	-2.96E-07	4.74E-05	-7.00E-08	0	0	-0.7765	-0.1787	-4.3581	-999.999	-2.27E+00	-9.02E-11	-7.79E-06	-1.05E-12	-9.05E-08	-7.84E-14	-6.78E-09	-1.80E-11	-1.56E-06	-1.98E-11	-1.71E-06	-4.20E-11	3.63E-06	6.71E-05	1.17E-06
1	1	-99	1.80E+06	20.84618056	504	7.31235	13.3763	1.25E-12	4.42E-06	2.87E-09	4.29E-05	1.06E-04	5.11E-03	3.86E-05	3.00E-02	3.02E-02	2.22E-03	-2.93E-07	4.73E-05	-7.00E-08	0	0	-0.7748	-0.1787	-4.3574	-999.999	-2.27E+00	-8.87E-11	-7.66E-06	-1.03E-12	-8.90E-08	-7.72E-14	-6.67E-09	-1.80E-11	-1.56E-06	-1.98E-11	-1.71E-06	-4.13E-11	3.57E-06	6.71E-05	1.17E-06
1	1	-99	1.80E+06	20.88784722	505	7.31236	13.3763	1.25E-12	4.43E-06	2.87E-09	4.30E-05	1.05E-04	5.11E-03	3.80E-05	3.00E-02	3.02E-02	2.22E-03	-2.91E-07	4.73E-05	-7.00E-08	0	0	-0.773	-0.1787	-4.3567	-999.999	-2.27E+00	-8.72E-11	-7.53E-06	-1.01E-12	-8.76E-08	-7.59E-14	-6.56E-09	-1.80E-11	-1.56E-06	-1.98E-11	-1.71E-06	-4.06E-11	3.51E-06	6.71E-05	1.16E-06
1	1	-99	1.81E+06	20.92951389	506	7.31237	13.3763	1.25E-12	4.44E-06	2.87E-09	4.30E-05	1.05E-04	5.11E-03	3.74E-05	3.00E-02	3.02E-02	2.22E-03	-2.88E-07	4.72E-05	-7.01E-08	0	0	-0.7712	-0.1788	-4.3559	-999.999	-2.27E+00	-8.58E-11	-7.41E-06	-9.97E-13	-8.61E-08	-7.46E-14	-6.45E-09	-1.80E-11	-1.56E-06	-1.98E-11	-1.71E-06	-4.00E-11	3.45E-06	6.71E-05	1.16E-06
1	1	-99	1.81E+06	20.97118056	507	7.31238	13.3763	1.25E-12	4.45E-06	2.87E-09	4.31E-05	1.04E-04	5.11E-03	3.67E-05	3.00E-02	3.02E-02	2.22E-03	-2.86E-07	4.71E-05	-7.01E-08	0	0	-0.7695	-0.1788	-4.3552	-999.999	-2.27E+00	-8.44E-11	-7.29E-06	-9.81E-13	-8.47E-08	-7.34E-14	-6.34E-09	-1.80E-11	-1.56E-06	-1.98E-11	-1.71E-06	-3.93E-11	3.40E-06	6.71E-05	1.16E-06
1	1	-99	1.82E+06	21.01284722	508	7.31239	13.3763	1.25E-12	4.46E-06	2.87E-09	4.32E-05	1.04E-04	5.11E-03	3.61E-05	3.00E-02	3.02E-02	2.22E-03	-2.83E-07	4.70E-05	-7.01E-08	0	0	-0.7677	-0.1788	-4.3545	-999.999	-2.28E+00	-8.30E-11	-7.17E-06	-9.64E-13	-8.33E-08	-7.22E-14	-6.24E-09	-1.80E-11	-1.56E-06	-1.98E-11	-1.71E-06	-3.87E-11	3.34E-06	6.71E-05	1.16E-06
1	1	-99	1.82E+06	21.05451389	509	7.31241	13.3763	1.25E-12	4.47E-06	2.87E-09	4.32E-05	1.03E-04	5.11E-03	3.55E-05	3.00E-02	3.02E-02	2.22E-03	-2.81E-07	4.70E-05	-7.01E-08	0	0	-0.766	-0.1789	-4.3538	-999.999	-2.28E+00	-8.16E-11	-7.05E-06	-9.48E-13	-8.19E-08	-7.10E-14	-6.14E-09	-1.80E-11	-1.56E-06	-1.98E-11	-1.71E-06	-3.80E-11	3.29E-06	6.71E-05	1.16E-06
1	1	-99	1.82E+06	21.09618056	510	7.31242	13.3763	1.25E-12	4.48E-06	2.87E-09	4.33E-05	1.03E-04	5.11E-03	3.50E-05	3.00E-02	3.02E-02	2.21E-03	-2.79E-07	4.69E-05	-7.01E-08	0	0	-0.7642	-0.1789	-4.3531	-999.999	-2.28E+00	-8.02E-11	-6.93E-06	-9.33E-13	-8.06E-08	-6.98E-14	-6.03E-09	-1.80E-11	-1.56E-06	-1.97E-11	-1.71E-06	-3.74E-11	3.23E-06	6.71E-05	1.16E-06
1	1	-99	1.83E+06	21.13784722	511	7.31243	13.3763	1.25E-12	4.49E-06	2.87E-09	4.34E-05	1.03E-04	5.11E-03	3.44E-05	3.00E-02	3.02E-02	2.21E-03	-2.76E-07	4.68E-05	-7.01E-08	0	0	-0.7625	-0.179	-4.3524	-999.999	-2.28E+00	-7.89E-11	-6.82E-06	-9.18E-13	-7.93E-08	-6.87E-14	-5.93E-09	-1.80E-11	-1.56E-06	-1.97E-11	-1.71E-06	-3.68E-11	3.18E-06	6.70E-05	1.15E-06
1	1	-99	1.83E+06	21.17951389	512	7.31244	13.3763	1.25E-12	4.50E-06	2.87E-09	4.35E-05	1.02E-04	5.11E-03	3.38E-05	3.00E-02	3.02E-02	2.21E-03	-2.74E-07	4.68E-05	-7.01E-08	0	0	-0.7607	-0.179	-4.3517	-999.999	-2.28E+00	-7.76E-11	-6.71E-06	-9.02E-13	-7.80E-08	-6.76E-14	-5.84E-09	-1.80E-11	-1.56E-06	-1.97E-11	-1.71E-06	-3.62E-11	3.13E-06	6.70E-05	1.15E-06
1	1	-99	1.83E+06	21.22118056	513	7.31245	13.3763	1.25E-12	4.51E-06	2.87E-09	4.35E-05	1.02E-04	5.10E-03	3.33E-05	3.00E-02	3.02E-02	2.21E-03	-2.72E-07	4.67E-05	-7.01E-08	0	0	-0.759	-0.179	-4.351	-999.999	-2.29E+00	-7.63E-11	-6.60E-06	-8.88E-13	-7.67E-08	-6.64E-14	-5.74E-09	-1.80E-11	-1.56E-06	-1.97E-11	-1.71E-06	-3.56E-11	3.07E-06	6.70E-05	1.15E-06
1	1	-99	1.84E+06	21.26284722	514	7.31246	13.3762	1.25E-12	4.52E-06	2.87E-09	4.36E-05	1.01E-04	5.10E-03	3.27E-05	3.00E-02	3.02E-02	2.21E-03	-2.69E-07	4.66E-05	-7.01E-08	0	0	-0.7572	-0.1791	-4.3502	-999.999	-2.29E+00	-7.51E-11	-6.49E-06	-8.73E-13	-7.54E-08	-6.54E-14	-5.65E-09	-1.80E-11	-1.56E-06	-1.97E-11	-1.71E-06	-3.50E-11	3.02E-06	6.70E-05	1.15E-06
1	1	-99	1.84E+06	21.30451389	515	7.31247	13.3762	1.25E-12	4.53E-06	2.87E-09	4.37E-05	1.01E-04	5.10E-03	3.22E-05	3.00E-02	3.02E-02	2.21E-03	-2.67E-07	4.66E-05	-7.01E-08	0	0	-0.7555	-0.1791	-4.3495	-999.999	-2.29E+00	-7.38E-11	-6.38E-06	-8.59E-13	-7.42E-08	-6.43E-14	-5.55E-09	-1.80E-11	-1.56E-06	-1.97E-11	-1.71E-06	-3.44E-11	2.97E-06	6.70E-05	1.15E-06
1	1	-99	1.84E+06	21.34618056	516	7.31248	13.3762	1.25E-12	4.54E-06	2.87E-09	4.37E-05	1.01E-04	5.10E-03	3.16E-05	3.00E-02	3.02E-02	2.21E-03	-2.65E-07	4.65E-05	-7.01E-08	0	0	-0.7537	-0.1792	-4.3488	-999.999	-2.29E+00	-7.26E-11	-6.27E-06	-8.44E-13	-7.30E-08	-6.32E-14	-5.46E-09	-1.80E-11	-1.56E-06	-1.97E-11	-1.71E-06	-3.38E-11	2.92E-06	6.70E-05	1.15E-06
1	1	-99	1.85E+06	21.38784722	517	7.31249	13.3762	1.25E-12	4.55E-06	2.87E-09	4.38E-05	1.00E-04	5.10E-03	3.11E-05	3.00E-02	3.02E-02	2.21E-03	-2.63E-07	4.64E-05	-7.01E-08	0	0	-0.752	-0.1792	-4.3481	-999.999	-2.29E+00	-7.14E-11	-6.17E-06	-8.30E-13	-7.18E-08	-6.22E-14	-5.37E-09	-1.80E-11	-1.56E-06	-1.97E-11	-1.70E-06	-3.33E-11	2.87E-06	6.70E-05	1.14E-06
1	1	-99	1.85E+06	21.42951389	518	7.3125	13.3762	1.25E-12	4.56E-06	2.87E-09	4.39E-05	9.99E-05	5.10E-03	3.06E-05	3.00E-02	3.02E-02	2.21E-03	-2.60E-07	4.63E-05	-7.01E-08	0	0	-0.7503	-0.1792	-4.3474	-999.999	-2.29E+00	-7.02E-11	-6.07E-06	-8.17E-13	-7.06E-08	-6.12E-14	-5.28E-09	-1.80E-11	-1.56E-06	-1.97E-11	-1.70E-06	-3.27E-11	2.82E-06	6.70E-05	1.14E-06
1	1	-99	1.86E+06	21.47118056	519	7.31251	13.3762	1.25E-12	4.57E-06	2.87E-09	4.39E-05	9.95E-05	5.10E-03	3.01E-05	3.00E-02	3.02E-02	2.21E-03	-2.58E-07	4.63E-05	-7.01E-08	0	0	-0.7485	-0.1793	-4.3467	-999.999	-2.30E+00	-6.91E-11	-5.97E-06	-8.03E-13	-6.94E-08	-6.01E-14	-5.20E-09	-1.80E-11	-1.56E-06	-1.97E-11	-1.70E-06	-3.21E-11	2.78E-06	6.70E-05	1.14E-06
1	1	-99	1.86E+06	21.51284722	520	7.31252	13.3762	1.25E-12	4.58E-06	2.87E-09	4.40E-05	9.91E-05	5.10E-03	2.96E-05	3.00E-02	3.02E-02	2.21E-03	-2.56E-07	4.62E-05	-7.01E-08	0	0	-0.7468	-0.1793	-4.346	-999.999	-2.30E+00	-6.79E-11	-5.87E-06	-7.90E-13	-6.83E-08	-5.92E-14	-5.11E-09	-1.80E-11	-1.56E-06	-1.97E-11	-1.70E-06	-3.16E-11	2.73E-06	6.70E-05	1.14E-06
1	1	-99	1.86E+06	21.55451389	521	7.31253	13.3762	1.25E-12	4.59E-06	2.87E-09	4.41E-05	9.87E-05	5.10E-03	2.91E-05	3.00E-02	3.02E-02	2.21E-03	-2.54E-07	4.61E-05	-7.02E-08	0	0	-0.7451	-0.1794	-4.3453	-999.999	-2.30E+00	-6.68E-11	-5.77E-06	-7.77E-13	-6.71E-08	-5.82E-14	-5.03E-09	-1.80E-11	-1.56E-06	-1.97E-11	-1.70E-06	-3.10E-11	2.68E-06	6.70E-05	1.14E-06
1	1	-99	1.87E+06	21.59618056	522	7.31254	13.3762	1.25E-12	4.60E-06	2.87E-09	4.42E-05	9.83E-05	5.10E-03	2.86E-05	3.00E-02	3.02E-02	2.21E-03	-2.52E-07	4.61E-05	-7.02E-08	0	0	-0.7434	-0.1794	-4.3446	-999.999	-2.30E+00	-6.57E-11	-5.68E-06	-7.64E-13	-6.60E-08	-5.72E-14	-4.94E-09	-1.80E-11	-1.56E-06	-1.97E-11	-1.70E-06	-3.05E-11	2.64E-06	6.70E-05	1.13E-06
1	1	-99	1.87E+06	21.63784722	523	7.31255	13.3762	1.25E-12	4.61E-06	2.87E-09	4.42E-05	9.79E-05	5.10E-03	2.82E-05	3.00E-02	3.02E-02	2.21E-03	-2.50E-07	4.60E-05	-7.02E-08	0	0	-0.7417	-0.1794	-4.3439	-999.999	-2.30E+00	-6.46E-11	-5.58E-06	-7.52E-13	-6.49E-08	-5.63E-14	-4.86E-09	-1.80E-11	-1.56E-06	-1.97E-11	-1.70E-06	-3.00E-11	2.59E-06	6.69E-05	1.13E-06
1	1	-99	1.87E+06	21.67951389	524	7.31256	13.3762	1.25E-12	4.62E-06	2.87E-09	4.43E-05	9.76E-05	5.10E-03	2.77E-05	3.00E-02	3.02E-02	2.21E-03	-2.48E-07	4.59E-05	-7.02E-08	0	0	-0.7399	-0.1795	-4.3431	-999.999	-2.30E+00	-6.36E-11	-5.49E-06	-7.39E-13	-6.39E-08	-5.54E-14	-4.78E-09	-1.80E-11	-1.56E-06	-1.97E-11	-1.70E-06	-2.95E-11	2.54E-06	6.69E-05	1.13E-06
1	1	-99	1.88E+06	21.72118056	525	7.31257	13.3762	1.25E-12	4.63E-06	2.87E-09	4.44E-05	9.72E-05	5.10E-03	2.72E-05	3.00E-02	3.02E-02	2.21E-03	-2.46E-07	4.59E-05	-7.02E-08	0	0	-0.7382	-0.1795	-4.3424	-999.999	-2.31E+00	-6.25E-11	-5.40E-06	-7.27E-13	-6.28E-08	-5.44E-14	-4.70E-09	-1.80E-11	-1.56E-06	-1.97E-11	-1.70E-06	-2.89E-11	2.50E-06	6.69E-05	1.13E-06
1	1	-99	1.88E+06	21.76284722	526	7.31258	13.3762	1.25E-12	4.64E-06	2.87E-09	4.44E-05	9.68E-05	5.10E-03	2.68E-05	3.00E-02	3.02E-02	2.21E-03	-2.44E-07	4.58E-05	-7.02E-08	0	0	-0.7365	-0.1796	-4.3417	-999.999	-2.31E+00	-6.15E-11	-5.31E-06	-7.15E-13	-6.18E-08	-5.35E-14	-4.63E-09	-1.80E-11	-1.56E-06	-1.97E-11	-1.70E-06	-2.84E-11	2.46E-06	6.69E-05	1.13E-06
1	1	-99	1.88E+06	21.80451389	527	7.31259	13.3762	1.25E-12	4.65E-06	2.87E-09	4.45E-05	9.64E-05	5.10E-03	2.64E-05	3.00E-02	3.02E-02	2.21E-03	-2.42E-07	4.57E-05	-7.02E-08	0	0	-0.7348	-0.1796	-4.341	-999.999	-2.31E+00	-6.05E-11	-5.22E-06	-7.03E-13	-6.08E-08	-5.27E-14	-4.55E-09	-1.80E-11	-1.56E-06	-1.97E-11	-1.70E-06	-2.79E-11	2.41E-06	6.69E-05	1.13E-06
1	1	-99	1.89E+06	21.84618056	528	7.3126	13.3762	1.25E-12	4.66E-06	2.87E-09	4.46E-05	9.61E-05	5.10E-03	2.59E-05	3.00E-02	3.02E-02	2.21E-03	-2.40E-07	4.56E-05	-7.02E-08	0	0	-0.7331	-0.1797	-4.3403	-999.999	-2.31E+00	-5.95E-11	-5.14E-06	-6.92E-13	-5.98E-08	-5.18E-14	-4.48E-09	-1.80E-11	-1.56E-06	-1.97E-11	-1.70E-06	-2.74E-11	2.37E-06	6.69E-05	1.12E-06
1	1	-99	1.89E+06	21.88784722	529	7.31261	13.3762	1.25E-12	4.67E-06	2.87E-09	4.46E-05	9.57E-05	5.10E-03	2.55E-05	3.00E-02	3.02E-02	2.21E-03	-2.39E-07	4.56E-05	-7.02E-08	0	0	-0.7314	-0.1797	-4.3396	-999.999	-2.31E+00	-5.85E-11	-5.05E-06	-6.80E-13	-5.88E-08	-5.09E-14	-4.40E-09	-1.80E-11	-1.56E-06	-1.97E-11	-1.70E-06	-2.70E-11	2.33E-06	6.69E-05	1.12E-06
1	1	-99	1.89E+06	21.92951389	530	7.31262	13.3762	1.25E-12	4.68E-06	2.87E-09	4.47E-05	9.53E-05	5.10E-03	2.51E-05	3.00E-02	3.02E-02	2.21E-03	-2.37E-07	4.55E-05	-7.02E-08	0	0	-0.7297	-0.1797	-4.3389	-999.999	-2.31E+00	-5.75E-11	-4.97E-06	-6.69E-13	-5.78E-08	-5.01E-14	-4.33E-09	-1.80E-11	-1.56E-06	-1.97E-11	-1.70E-06	-2.65E-11	2.29E-06	6.69E-05	1.12E-06
1	1	-99	1.90E+06	21.97118056	531	7.31263	13.3762	1.25E-12	4.69E-06	2.87E-09	4.48E-05	9.50E-05	5.10E-03	2.47E-05	3.00E-02	3.02E-02	2.21E-03	-2.35E-07	4.54E-05	-7.02E-08	0	0	-0.728	-0.1798	-4.3382	-999.999	-2.32E+00	-5.66E-11	-4.89E-06	-6.58E-13	-5.69E-08	-4.93E-14	-4.26E-09	-1.80E-11	-1.56E-06	-1.97E-11	-1.70E-06	-2.60E-11	2.25E-06	6.69E-05	1.12E-06
1	1	-99	1.90E+06	22.01284722	532	7.31264	13.3762	1.25E-12	4.70E-06	2.87E-09	4.49E-05	9.46E-05	5.10E-03	2.43E-05	3.00E-02	3.02E-02	2.21E-03	-2.33E-07	4.54E-05	-7.02E-08	0	0	-0.7263	-0.1798	-4.3375	-999.999	-2.32E+00	-5.56E-11	-4.81E-06	-6.47E-13	-5.59E-08	-4.85E-14	-4.19E-09	-1.80E-11	-1.56E-06	-1.97E-11	-1.70E-06	-2.55E-11	2.21E-06	6.69E-05	1.12E-06
1	1	-99	1.91E+06	22.05451389	533	7.31265	13.3761	1.25E-12	4.71E-06	2.87E-09	4.49E-05	9.42E-05	5.10E-03	2.39E-05	3.00E-02	3.02E-02	2.21E-03	-2.31E-07	4.53E-05	-7.02E-08	0	0	-0.7246	-0.1799	-4.3368	-999.999	-2.32E+00	-5.47E-11	-4.73E-06	-6.37E-13	-5.50E-08	-4.77E-14	-4.12E-09	-1.80E-11	-1.56E-06	-1.97E-11	-1.70E-06	-2.51E-11	2.17E-06	6.69E-05	1.12E-06
1	1	-99	1.91E+06	22.09618056	534	7.31265	13.3761	1.25E-12	4.72E-06	2.87E-09	4.50E-05	9.39E-05	5.10E-03	2.35E-05	3.00E-02	3.02E-02	2.21E-03	-2.30E-07	4.52E-05	-7.02E-08	0	0	-0.7229	-0.1799	-4.3361	-999.999	-2.32E+00	-5.38E-11	-4.65E-06	-6.26E-13	-5.41E-08	-4.69E-14	-4.05E-09	-1.80E-11	-1.56E-06	-1.97E-11	-1.70E-06	-2.46E-11	2.13E-06	6.69E-05	1.11E-06
1	1	-99	1.91E+06	22.13784722	535	7.31266	13.3761	1.25E-12	4.73E-06	2.87E-09	4.51E-05	9.35E-05	5.10E-03	2.31E-05	3.00E-02	3.02E-02	2.21E-03	-2.28E-07	4.52E-05	-7.02E-08	0	0	-0.7212	-0.18	-4.3354	-999.999	-2.32E+00	-5.29E-11	-4.57E-06	-6.16E-13	-5.32E-08	-4.61E-14	-3.98E-09	-1.80E-11	-1.56E-06	-1.97E-11	-1.70E-06	-2.42E-11	2.09E-06	6.69E-05	1.11E-06
1	1	-99	1.92E+06	22.17951389	536	7.31267	13.3761	1.25E-12	4.74E-06	2.87E-09	4.51E-05	9.32E-05	5.10E-03	2.27E-05	3.00E-02	3.02E-02	2.21E-03	-2.26E-07	4.51E-05	-7.02E-08	0	0	-0.7195	-0.18	-4.3347	-999.999	-2.33E+00	-5.21E-11	-4.50E-06	-6.06E-13	-5.23E-08	-4.54E-14	-3.92E-09	-1.80E-11	-1.56E-06	-1.97E-11	-1.70E-06	-2.37E-11	2.05E-06	6.69E-05	1.11E-06
1	1	-99	1.92E+06	22.22118056	537	7.31268	13.3761	1.25E-12	4.76E-06	2.87E-09	4.52E-05	9.28E-05	5.10E-03	2.23E-05	3.00E-02	3.02E-02	2.21E-03	-2.25E-07	4.50E-05	-7.02E-08	0	0	-0.7178	-0.1801	-4.334	-999.999	-2.33E+00	-5.12E-11	-4.42E-06	-5.96E-13	-5.15E-08	-4.46E-14	-3.85E-09	-1.80E-11	-1.56E-06	-1.97E-11	-1.70E-06	-2.33E-11	2.01E-06	6.68E-05	1.11E-06
1	1	-99	1.92E+06	22.26284722	538	7.31269	13.3761	1.25E-12	4.77E-06	2.87E-09	4.53E-05	9.25E-05	5.10E-03	2.20E-05	3.00E-02	3.02E-02	2.21E-03	-2.23E-07	4.49E-05	-7.02E-08	0	0	-0.7161	-0.1801	-4.3333	-999.999	-2.33E+00	-5.04E-11	-4.35E-06	-5.86E-13	-5.06E-08	-4.39E-14	-3.79E-09	-1.80E-11	-1.56E-06	-1.97E-11	-1.70E-06	-2.28E-11	1.97E-06	6.68E-05	1.11E-06
1	1	-99	1.93E+06	22.30451389	539	7.3127	13.3761	1.25E-12	4.78E-06	2.87E-09	4.53E-05	9.21E-05	5.10E-03	2.16E-05	3.00E-02	3.02E-02	2.21E-03	-2.21E-07	4.49E-05	-7.02E-08	0	0	-0.7144	-0.1801	-4.3326	-999.999	-2.33E+00	-4.95E-11	-4.28E-06	-5.76E-13	-4.98E-08	-4.32E-14	-3.73E-09	-1.80E-11	-1.56E-06	-1.97E-11	-1.70E-06	-2.24E-11	1.94E-06	6.68E-05	1.11E-06
1	1	-99	1.93E+06	22.34618056	540	7.31271	13.3761	1.25E-12	4.79E-06	2.87E-09	4.54E-05	9.18E-05	5.10E-03	2.12E-05	3.00E-02	3.02E-02	2.21E-03	-2.20E-07	4.48E-05	-7.02E-08	0	0	-0.7128	-0.1802	-4.3319	-999.999	-2.33E+00	-4.87E-11	-4.21E-06	-5.67E-13	-4.90E-08	-4.24E-14	-3.67E-09	-1.80E-11	-1.56E-06	-1.97E-11	-1.70E-06	-2.20E-11	1.90E-06	6.68E-05	1.10E-06
1	1	-99	1.93E+06	22.38784722	541	7.31271	13.3761	1.25E-12	4.80E-06	2.87E-09	4.55E-05	9.14E-05	5.10E-03	2.09E-05	3.00E-02	3.02E-02	2.21E-03	-2.18E-07	4.47E-05	-7.02E-08	0	0	-0.7111	-0.1802	-4.3312	-999.999	-2.33E+00	-4.79E-11	-4.14E-06	-5.57E-13	-4.82E-08	-4.17E-14	-3.61E-09	-1.80E-11	-1.56E-06	-1.97E-11	-1.70E-06	-2.16E-11	1.86E-06	6.68E-05	1.10E-06
1	1	-99	1.94E+06	22.42951389	542	7.31272	13.3761	1.25E-12	4.81E-06	2.87E-09	4.56E-05	9.11E-05	5.10E-03	2.05E-05	3.00E-02	3.02E-02	2.21E-03	-2.17E-07	4.47E-05	-7.02E-08	0	0	-0.7094	-0.1803	-4.3305	-999.999	-2.34E+00	-4.71E-11	-4.07E-06	-5.48E-13	-4.74E-08	-4.11E-14	-3.55E-09	-1.80E-11	-1.56E-06	-1.97E-11	-1.70E-06	-2.12E-11	1.83E-06	6.68E-05	1.10E-06
1	1	-99	1.94E+06	22.47118056	543	7.31273	13.3761	1.25E-12	4.82E-06	2.87E-09	4.56E-05	9.07E-05	5.10E-03	2.02E-05	3.01E-02	3.02E-02	2.21E-03	-2.15E-07	4.46E-05	-7.02E-08	0	0	-0.7077	-0.1803	-4.3299	-999.999	-2.34E+00	-4.63E-11	-4.00E-06	-5.39E-13	-4.66E-08	-4.04E-14	-3.49E-09	-1.80E-11	-1.56E-06	-1.97E-11	-1.70E-06	-2.08E-11	1.79E-06	6.68E-05	1.10E-06
1	1	-99	1.95E+06	22.51284722	544	7.31274	13.3761	1.25E-12	4.83E-06	2.87E-09	4.57E-05	9.04E-05	5.10E-03	1.99E-05	3.01E-02	3.02E-02	2.21E-03	-2.13E-07	4.45E-05	-7.02E-08	0	0	-0.7061	-0.1804	-4.3292	-999.999	-2.34E+00	-4.56E-11	-3.94E-06	-5.30E-13	-4.58E-08	-3.97E-14	-3.43E-09	-1.80E-11	-1.56E-06	-1.97E-11	-1.70E-06	-2.04E-11	1.76E-06	6.68E-05	1.10E-06
1	1	-99	1.95E+06	22.55451389	545	7.31275	13.3761	1.25E-12	4.84E-06	2.87E-09	4.58E-05	9.01E-05	5.10E-03	1.96E-05	3.01E-02	3.02E-02	2.21E-03	-2.12E-07	4.44E-05	-7.02E-08	0	0	-0.7044	-0.1804	-4.3285	-999.999	-2.34E+00	-4.48E-11	-3.87E-06	-5.22E-13	-4.51E-08	-3.91E-14	-3.38E-09	-1.80E-11	-1.56E-06	-1.96E-11	-1.70E-06	-2.00E-11	1.73E-06	6.68E-05	1.10E-06
1	1	-99	1.95E+06	22.59618056	546	7.31275	13.3761	1.25E-12	4.85E-06	2.87E-09	4.58E-05	8.97E-05	5.10E-03	1.92E-05	3.01E-02	3.02E-02	2.21E-03	-2.10E-07	4.44E-05	-7.02E-08	0	0	-0.7027	-0.1805	-4.3278	-999.999	-2.34E+00	-4.41E-11	-3.81E-06	-5.13E-13	-4.43E-08	-3.84E-14	-3.32E-09	-1.80E-11	-1.56E-06	-1.96E-11	-1.70E-06	-1.96E-11	1.69E-06	6.68E-05	1.09E-06
1	1	-99	1.96E+06	22.63784722	547	7.31276	13.3761	1.25E-12	4.86E-06	2.87E-09	4.59E-05	8.94E-05	5.10E-03	1.89E-05	3.01E-02	3.02E-02	2.21E-03	-2.09E-07	4.43E-05	-7.02E-08	0	0	-0.7011	-0.1805	-4.3271	-999.999	-2.34E+00	-4.34E-11	-3.75E-06	-5.05E-13	-4.36E-08	-3.78E-14	-3.27E-09	-1.80E-11	-1.56E-06	-1.96E-11	-1.70E-06	-1.92E-11	1.66E-06	6.68E-05	1.09E-06
1	1	-99	1.96E+06	22.67951389	548	7.31277	13.3761	1.25E-12	4.87E-06	2.87E-09	4.60E-05	8.90E-05	5.10E-03	1.86E-05	3.01E-02	3.02E-02	2.21E-03	-2.08E-07	4.42E-05	-7.02E-08	0	0	-0.6994	-0.1806	-4.3264	-999.999	-2.35E+00	-4.26E-11	-3.68E-06	-4.96E-13	-4.29E-08	-3.72E-14	-3.21E-09	-1.80E-11	-1.56E-06	-1.96E-11	-1.70E-06	-1.88E-11	1.63E-06	6.68E-05	1.09E-06
1	1	-99	1.96E+06	22.72118056	549	7.31278	13.3761	1.25E-12	4.89E-06	2.87E-09	4.61E-05	8.87E-05	5.10E-03	1.83E-05	3.01E-02	3.02E-02	2.21E-03	-2.06E-07	4.42E-05	-7.02E-08	0	0	-0.6977	-0.1806	-4.3257	-999.999	-2.35E+00	-4.19E-11	-3.62E-06	-4.88E-13	-4.22E-08	-3.66E-14	-3.16E-09	-1.80E-11	-1.56E-06	-1.96E-11	-1.70E-06	-1.84E-11	1.59E-06	6.68E-05	1.09E-06
1	1	-99	1.97E+06	22.76284722	550	7.31278	13.3761	1.25E-12	4.90E-06	2.87E-09	4.61E-05	8.84E-05	5.10E-03	1.80E-05	3.01E-02	3.02E-02	2.21E-03	-2.05E-07	4.41E-05	-7.02E-08	0	0	-0.6961	-0.1807	-4.325	-999.999	-2.35E+00	-4.12E-11	-3.56E-06	-4.80E-13	-4.15E-08	-3.60E-14	-3.11E-09	-1.80E-11	-1.56E-06	-1.96E-11	-1.70E-06	-1.81E-11	1.56E-06	6.68E-05	1.09E-06
1	1	-99	1.97E+06	22.80451389	551	7.31279	13.3761	1.25E-12	4.91E-06	2.87E-09	4.62E-05	8.81E-05	5.10E-03	1.77E-05	3.01E-02	3.02E-02	2.21E-03	-2.03E-07	4.40E-05	-7.02E-08	0	0	-0.6944	-0.1807	-4.3243	-999.999	-2.35E+00	-4.06E-11	-3.50E-06	-4.72E-13	-4.08E-08	-3.54E-14	-3.06E-09	-1.80E-11	-1.56E-06	-1.96E-11	-1.70E-06	-1.77E-11	1.53E-06	6.68E-05	1.08E-06
1	1	-99	1.97E+06	22.84618056	552	7.3128	13.3761	1.25E-12	4.92E-06	2.87E-09	4.63E-05	8.77E-05	5.10E-03	1.74E-05	3.01E-02	3.02E-02	2.20E-03	-2.02E-07	4.40E-05	-7.02E-08	0	0	-0.6928	-0.1807	-4.3236	-999.999	-2.35E+00	-3.99E-11	-3.45E-06	-4.64E-13	-4.01E-08	-3.48E-14	-3.01E-09	-1.80E-11	-1.56E-06	-1.96E-11	-1.70E-06	-1.73E-11	1.50E-06	6.68E-05	1.08E-06
1	1	-99	1.98E+06	22.88784722	553	7.31281	13.376	1.25E-12	4.93E-06	2.87E-09	4.63E-05	8.74E-05	5.10E-03	1.71E-05	3.01E-02	3.02E-02	2.20E-03	-2.01E-07	4.39E-05	-7.02E-08	0	0	-0.6911	-0.1808	-4.323	-999.999	-2.35E+00	-3.92E-11	-3.39E-06	-4.57E-13	-3.95E-08	-3.42E-14	-2.96E-09	-1.80E-11	-1.56E-06	-1.96E-11	-1.70E-06	-1.70E-11	1.47E-06	6.67E-05	1.08E-06
1	1	-99	1.98E+06	22.92951389	554	7.31281	13.376	1.25E-12	4.94E-06	2.87E-09	4.64E-05	8.71E-05	5.10E-03	1.68E-05	3.01E-02	3.02E-02	2.20E-03	-1.99E-07	4.38E-05	-7.01E-08	0	0	-0.6895	-0.1808	-4.3223	-999.999	-2.36E+00	-3.86E-11	-3.33E-06	-4.49E-13	-3.88E-08	-3.37E-14	-2.91E-09	-1.80E-11	-1.56E-06	-1.96E-11	-1.70E-06	-1.66E-11	1.44E-06	6.67E-05	1.08E-06
1	1	-99	1.98E+06	22.97118056	555	7.31282	13.376	1.25E-12	4.95E-06	2.87E-09	4.65E-05	8.68E-05	5.10E-03	1.66E-05	3.01E-02	3.02E-02	2.20E-03	-1.98E-07	4.37E-05	-7.01E-08	0	0	-0.6878	-0.1809	-4.3216	-999.999	-2.36E+00	-3.80E-11	-3.28E-06	-4.42E-13	-3.82E-08	-3.31E-14	-2.86E-09	-1.80E-11	-1.56E-06	-1.96E-11	-1.69E-06	-1.63E-11	1.41E-06	6.67E-05	1.08E-06
1	1	-99	1.99E+06	23.01284722	556	7.31283	13.376	1.25E-12	4.96E-06	2.87E-09	4.65E-05	8.64E-05	5.10E-03	1.63E-05	3.01E-02	3.02E-02	2.20E-03	-1.97E-07	4.37E-05	-7.01E-08	0	0	-0.6862	-0.1809	-4.3209	-999.999	-2.36E+00	-3.73E-11	-3.23E-06	-4.35E-13	-3.75E-08	-3.26E-14	-2.81E-09	-1.80E-11	-1.56E-06	-1.96E-11	-1.69E-06	-1.59E-11	1.38E-06	6.67E-05	1.08E-06
1	1	-99	1.99E+06	23.05451389	557	7.31284	13.376	1.25E-12	4.97E-06	2.87E-09	4.66E-05	8.61E-05	5.10E-03	1.60E-05	3.01E-02	3.02E-02	2.20E-03	-1.95E-07	4.36E-05	-7.01E-08	0	0	-0.6845	-0.181	-4.3202	-999.999	-2.36E+00	-3.67E-11	-3.17E-06	-4.27E-13	-3.69E-08	-3.20E-14	-2.77E-09	-1.80E-11	-1.56E-06	-1.96E-11	-1.69E-06	-1.56E-11	1.35E-06	6.67E-05	1.07E-06
1	1	-99	2.00E+06	23.09618056	558	7.31284	13.376	1.25E-12	4.99E-06	2.87E-09	4.67E-05	8.58E-05	5.10E-03	1.58E-05	3.01E-02	3.02E-02	2.20E-03	-1.94E-07	4.35E-05	-7.01E-08	0	0	-0.6829	-0.181	-4.3195	-999.999	-2.36E+00	-3.61E-11	-3.12E-06	-4.20E-13	-3.63E-08	-3.15E-14	-2.72E-09	-1.80E-11	-1.56E-06	-1.96E-11	-1.69E-06	-1.53E-11	1.32E-06	6.67E-05	1.07E-06
1	1	-99	2.00E+06	23.13784722	559	7.31285	13.376	1.25E-12	5.00E-06	2.87E-09	4.68E-05	8.55E-05	5.10E-03	1.55E-05	3.01E-02	3.02E-02	2.20E-03	-1.93E-07	4.35E-05	-7.01E-08	0	0	-0.6813	-0.1811	-4.3189	-999.999	-2.36E+00	-3.55E-11	-3.07E-06	-4.13E-13	-3.57E-08	-3.10E-14	-2.68E-09	-1.80E-11	-1.56E-06	-1.96E-11	-1.69E-06	-1.49E-11	1.29E-06	6.67E-05	1.07E-06
1	1	-99	2.00E+06	23.17951389	560	7.31286	13.376	1.25E-12	5.01E-06	2.87E-09	4.68E-05	8.52E-05	5.10E-03	1.52E-05	3.01E-02	3.02E-02	2.20E-03	-1.91E-07	4.34E-05	-7.01E-08	0	0	-0.6796	-0.1811	-4.3182	-999.999	-2.37E+00	-3.49E-11	-3.02E-06	-4.07E-13	-3.51E-08	-3.05E-14	-2.63E-09	-1.80E-11	-1.56E-06	-1.96E-11	-1.69E-06	-1.46E-11	1.26E-06	6.67E-05	1.07E-06
1	1	-99	2.01E+06	23.22118056	561	7.31286	13.376	1.25E-12	5.02E-06	2.87E-09	4.69E-05	8.49E-05	5.10E-03	1.50E-05	3.01E-02	3.02E-02	2.20E-03	-1.90E-07	4.33E-05	-7.01E-08	0	0	-0.678	-0.1812	-4.3175	-999.999	-2.37E+00	-3.44E-11	-2.97E-06	-4.00E-13	-3.46E-08	-3.00E-14	-2.59E-09	-1.80E-11	-1.56E-06	-1.96E-11	-1.69E-06	-1.43E-11	1.23E-06	6.67E-05	1.07E-06
1	1	-99	2.01E+06	23.26284722	562	7.31287	13.376	1.25E-12	5.03E-06	2.87E-09	4.70E-05	8.45E-05	5.10E-03	1.47E-05	3.01E-02	3.02E-02	2.20E-03	-1.89E-07	4.33E-05	-7.01E-08	0	0	-0.6763	-0.1812	-4.3168	-999.999	-2.37E+00	-3.38E-11	-2.92E-06	-3.93E-13	-3.40E-08	-2.95E-14	-2.55E-09	-1.80E-11	-1.56E-06	-1.96E-11	-1.69E-06	-1.40E-11	1.21E-06	6.67E-05	1.07E-06
1	1	-99	2.01E+06	23.30451389	563	7.31288	13.376	1.25E-12	5.04E-06	2.87E-09	4.70E-05	8.42E-05	5.10E-03	1.45E-05	3.01E-02	3.02E-02	2.20E-03	-1.88E-07	4.32E-05	-7.01E-08	0	0	-0.6747	-0.1813	-4.3161	-999.999	-2.37E+00	-3.32E-11	-2.87E-06	-3.87E-13	-3.34E-08	-2.90E-14	-2.50E-09	-1.80E-11	-1.56E-06	-1.96E-11	-1.69E-06	-1.37E-11	1.18E-06	6.67E-05	1.06E-06
1	1	-99	2.02E+06	23.34618056	564	7.31288	13.376	1.25E-12	5.05E-06	2.87E-09	4.71E-05	8.39E-05	5.10E-03	1.43E-05	3.01E-02	3.02E-02	2.20E-03	-1.87E-07	4.31E-05	-7.01E-08	0	0	-0.6731	-0.1813	-4.3155	-999.999	-2.37E+00	-3.27E-11	-2.82E-06	-3.81E-13	-3.29E-08	-2.85E-14	-2.46E-09	-1.80E-11	-1.56E-06	-1.96E-11	-1.69E-06	-1.33E-11	1.15E-06	6.67E-05	1.06E-06
1	1	-99	2.02E+06	23.38784722	565	7.31289	13.376	1.25E-12	5.07E-06	2.87E-09	4.72E-05	8.36E-05	5.10E-03	1.40E-05	3.01E-02	3.02E-02	2.20E-03	-1.85E-07	4.30E-05	-7.01E-08	0	0	-0.6715	-0.1814	-4.3148	-999.999	-2.37E+00	-3.21E-11	-2.78E-06	-3.74E-13	-3.23E-08	-2.80E-14	-2.42E-09	-1.80E-11	-1.56E-06	-1.96E-11	-1.69E-06	-1.30E-11	1.13E-06	6.67E-05	1.06E-06
1	1	-99	2.02E+06	23.42951389	566	7.3129	13.376	1.25E-12	5.08E-06	2.87E-09	4.72E-05	8.33E-05	5.10E-03	1.38E-05	3.01E-02	3.02E-02	2.20E-03	-1.84E-07	4.30E-05	-7.01E-08	0	0	-0.6698	-0.1814	-4.3141	-999.999	-2.38E+00	-3.16E-11	-2.73E-06	-3.68E-13	-3.18E-08	-2.76E-14	-2.38E-09	-1.80E-11	-1.56E-06	-1.96E-11	-1.69E-06	-1.27E-11	1.10E-06	6.67E-05	1.06E-06
1	1	-99	2.03E+06	23.47118056	567	7.3129	13.376	1.25E-12	5.09E-06	2.87E-09	4.73E-05	8.30E-05	5.10E-03	1.36E-05	3.01E-02	3.02E-02	2.20E-03	-1.83E-07	4.29E-05	-7.01E-08	0	0	-0.6682	-0.1815	-4.3134	-999.999	-2.38E+00	-3.11E-11	-2.69E-06	-3.62E-13	-3.13E-08	-2.71E-14	-2.34E-09	-1.80E-11	-1.56E-06	-1.96E-11	-1.69E-06	-1.24E-11	1.07E-06	6.67E-05	1.06E-06
1	1	-99	2.03E+06	23.51284722	568	7.31291	13.376	1.25E-12	5.10E-06	2.87E-09	4.74E-05	8.27E-05	5.10E-03	1.33E-05	3.01E-02	3.02E-02	2.20E-03	-1.82E-07	4.28E-05	-7.01E-08	0	0	-0.6666	-0.1815	-4.3127	-999.999	-2.38E+00	-3.06E-11	-2.64E-06	-3.56E-13	-3.08E-08	-2.67E-14	-2.31E-09	-1.80E-11	-1.56E-06	-1.96E-11	-1.69E-06	-1.21E-11	1.05E-06	6.67E-05	1.06E-06
1	1	-99	2.04E+06	23.55451389	569	7.31292	13.376	1.25E-12	5.11E-06	2.87E-09	4.75E-05	8.24E-05	5.10E-03	1.31E-05	3.01E-02	3.02E-02	2.20E-03	-1.81E-07	4.28E-05	-7.01E-08	0	0	-0.665	-0.1816	-4.3121	-999.999	-2.38E+00	-3.01E-11	-2.60E-06	-3.50E-13	-3.03E-08	-2.62E-14	-2.27E-09	-1.80E-11	-1.56E-06	-1.96E-11	-1.69E-06	-1.18E-11	1.02E-06	6.67E-05	1.05E-06
1	1	-99	2.04E+06	23.59618056	570	7.31292	13.376	1.25E-12	5.12E-06	2.87E-09	4.75E-05	8.21E-05	5.10E-03	1.29E-05	3.01E-02	3.02E-02	2.20E-03	-1.80E-07	4.27E-05	-7.00E-08	0	0	-0.6634	-0.1816	-4.3114	-999.999	-2.38E+00	-2.96E-11	-2.56E-06	-3.44E-13	-2.98E-08	-2.58E-14	-2.23E-09	-1.80E-11	-1.56E-06	-1.96E-11	-1.69E-06	-1.16E-11	9.99E-07	6.66E-05	1.05E-06
1	1	-99	2.04E+06	23.63784722	571	7.31293	13.376	1.25E-12	5.13E-06	2.87E-09	4.76E-05	8.18E-05	5.10E-03	1.27E-05	3.01E-02	3.02E-02	2.20E-03	-1.79E-07	4.26E-05	-7.00E-08	0	0	-0.6617	-0.1817	-4.3107	-999.999	-2.38E+00	-2.91E-11	-2.51E-06	-3.39E-13	-2.93E-08	-2.54E-14	-2.19E-09	-1.80E-11	-1.56E-06	-1.96E-11	-1.69E-06	-1.13E-11	9.74E-07	6.66E-05	1.05E-06
1	1	-99	2.05E+06	23.67951389	572	7.31293	13.376	1.25E-12	5.15E-06	2.87E-09	4.77E-05	8.15E-05	5.10E-03	1.25E-05	3.01E-02	3.02E-02	2.20E-03	-1.78E-07	4.26E-05	-7.00E-08	0	0	-0.6601	-0.1817	-4.3101	-999.999	-2.39E+00	-2.86E-11	-2.47E-06	-3.33E-13	-2.88E-08	-2.50E-14	-2.16E-09	-1.80E-11	-1.56E-06	-1.96E-11	-1.69E-06	-1.10E-11	9.50E-07	6.66E-05	1.05E-06
1	1	-99	2.05E+06	23.72118056	573	7.31294	13.376	1.25E-12	5.16E-06	2.87E-09	4.77E-05	8.12E-05	5.10E-03	1.23E-05	3.01E-02	3.02E-02	2.20E-03	-1.77E-07	4.25E-05	-7.00E-08	0	0	-0.6585	-0.1818	-4.3094	-999.999	-2.39E+00	-2.81E-11	-2.43E-06	-3.28E-13	-2.83E-08	-2.46E-14	-2.12E-09	-1.80E-11	-1.56E-06	-1.95E-11	-1.69E-06	-1.07E-11	9.26E-07	6.66E-05	1.05E-06
1	1	-99	2.05E+06	23.76284722	574	7.31295	13.376	1.25E-12	5.17E-06	2.87E-09	4.78E-05	8.09E-05	5.10E-03	1.21E-05	3.01E-02	3.02E-02	2.20E-03	-1.76E-07	4.24E-05	-7.00E-08	0	0	-0.6569	-0.1818	-4.3087	-999.999	-2.39E+00	-2.77E-11	-2.39E-06	-3.22E-13	-2.78E-08	-2.42E-14	-2.09E-09	-1.80E-11	-1.56E-06	-1.95E-11	-1.69E-06	-1.04E-11	9.02E-07	6.66E-05	1.05E-06
1	1	-99	2.06E+06	23.80451389	575	7.31295	13.376	1.25E-12	5.18E-06	2.87E-09	4.79E-05	8.06E-05	5.10E-03	1.19E-05	3.01E-02	3.02E-02	2.20E-03	-1.75E-07	4.23E-05	-7.00E-08	0	0	-0.6553	-0.1819	-4.308	-999.999	-2.39E+00	-2.72E-11	-2.35E-06	-3.17E-13	-2.74E-08	-2.38E-14	-2.05E-09	-1.80E-11	-1.56E-06	-1.95E-11	-1.69E-06	-1.02E-11	8.79E-07	6.66E-05	1.04E-06
1	1	-99	2.06E+06	23.84618056	576	7.31296	13.3759	1.25E-12	5.19E-06	2.87E-09	4.79E-05	8.03E-05	5.10E-03	1.17E-05	3.01E-02	3.02E-02	2.20E-03	-1.74E-07	4.23E-05	-7.00E-08	0	0	-0.6537	-0.1819	-4.3074	-999.999	-2.39E+00	-2.68E-11	-2.31E-06	-3.12E-13	-2.69E-08	-2.34E-14	-2.02E-09	-1.80E-11	-1.56E-06	-1.95E-11	-1.69E-06	-9.90E-12	8.56E-07	6.66E-05	1.04E-06
1	1	-99	2.06E+06	23.88784722	577	7.31296	13.3759	1.25E-12	5.20E-06	2.87E-09	4.80E-05	8.01E-05	5.10E-03	1.15E-05	3.01E-02	3.02E-02	2.20E-03	-1.73E-07	4.22E-05	-7.00E-08	0	0	-0.6521	-0.182	-4.3067	-999.999	-2.39E+00	-2.63E-11	-2.27E-06	-3.07E-13	-2.65E-08	-2.30E-14	-1.99E-09	-1.80E-11	-1.56E-06	-1.95E-11	-1.69E-06	-9.64E-12	8.33E-07	6.66E-05	1.04E-06
1	1	-99	2.07E+06	23.92951389	578	7.31297	13.3759	1.25E-12	5.22E-06	2.87E-09	4.81E-05	7.98E-05	5.09E-03	1.13E-05	3.01E-02	3.02E-02	2.20E-03	-1.72E-07	4.21E-05	-7.00E-08	0	0	-0.6505	-0.182	-4.306	-999.999	-2.39E+00	-2.59E-11	-2.24E-06	-3.02E-13	-2.61E-08	-2.26E-14	-1.95E-09	-1.80E-11	-1.56E-06	-1.95E-11	-1.69E-06	-9.38E-12	8.10E-07	6.66E-05	1.04E-06
1	1	-99	2.07E+06	23.97118056	579	7.31298	13.3759	1.25E-12	5.23E-06	2.87E-09	4.82E-05	7.95E-05	5.09E-03	1.11E-05	3.01E-02	3.02E-02	2.20E-03	-1.71E-07	4.21E-05	-7.00E-08	0	0	-0.6489	-0.1821	-4.3054	-999.999	-2.40E+00	-2.55E-11	-2.20E-06	-2.97E-13	-2.56E-08	-2.22E-14	-1.92E-09	-1.80E-11	-1.56E-06	-1.95E-11	-1.69E-06	-9.12E-12	7.88E-07	6.66E-05	1.04E-06
1	1	-99	2.07E+06	24.01284722	580	7.31298	13.3759	1.25E-12	5.24E-06	2.87E-09	4.82E-05	7.92E-05	5.09E-03	1.09E-05	3.01E-02	3.02E-02	2.20E-03	-1.70E-07	4.20E-05	-7.00E-08	0	0	-0.6473	-0.1821	-4.3047	-999.999	-2.40E+00	-2.51E-11	-2.16E-06	-2.92E-13	-2.52E-08	-2.19E-14	-1.89E-09	-1.80E-11	-1.56E-06	-1.95E-11	-1.69E-06	-8.86E-12	7.66E-07	6.66E-05	1.03E-06
1	1	-99	2.08E+06	24.05451389	581	7.31299	13.3759	1.25E-12	5.25E-06	2.87E-09	4.83E-05	7.89E-05	5.09E-03	1.08E-05	3.01E-02	3.02E-02	2.20E-03	-1.69E-07	4.19E-05	-6.99E-08	0	0	-0.6457	-0.1822	-4.304	-999.999	-2.40E+00	-2.46E-11	-2.13E-06	-2.87E-13	-2.48E-08	-2.15E-14	-1.86E-09	-1.80E-11	-1.56E-06	-1.95E-11	-1.69E-06	-8.61E-12	7.44E-07	6.66E-05	1.03E-06
1	1	-99	2.08E+06	24.09618056	582	7.31299	13.3759	1.25E-12	5.26E-06	2.87E-09	4.84E-05	7.86E-05	5.09E-03	1.06E-05	3.01E-02	3.02E-02	2.20E-03	-1.68E-07	4.19E-05	-6.99E-08	0	0	-0.6441	-0.1822	-4.3034	-999.999	-2.40E+00	-2.42E-11	-2.09E-06	-2.82E-13	-2.44E-08	-2.12E-14	-1.83E-09	-1.80E-11	-1.56E-06	-1.95E-11	-1.69E-06	-8.36E-12	7.23E-07	6.66E-05	1.03E-06
1	1	-99	2.09E+06	24.13784722	583	7.313	13.3759	1.25E-12	5.28E-06	2.87E-09	4.84E-05	7.84E-05	5.09E-03	1.04E-05	3.01E-02	3.02E-02	2.20E-03	-1.67E-07	4.18E-05	-6.99E-08	0	0	-0.6425	-0.1823	-4.3027	-999.999	-2.40E+00	-2.38E-11	-2.06E-06	-2.78E-13	-2.40E-08	-2.08E-14	-1.80E-09	-1.80E-11	-1.56E-06	-1.95E-11	-1.69E-06	-8.12E-12	7.01E-07	6.66E-05	1.03E-06
1	1	-99	2.09E+06	24.17951389	584	7.313	13.3759	1.25E-12	5.29E-06	2.87E-09	4.85E-05	7.81E-05	5.09E-03	1.02E-05	3.01E-02	3.02E-02	2.20E-03	-1.66E-07	4.17E-05	-6.99E-08	0	0	-0.6409	-0.1823	-4.3021	-999.999	-2.40E+00	-2.34E-11	-2.03E-06	-2.73E-13	-2.36E-08	-2.05E-14	-1.77E-09	-1.80E-11	-1.56E-06	-1.95E-11	-1.68E-06	-7.88E-12	6.81E-07	6.66E-05	1.03E-06
1	1	-99	2.09E+06	24.22118056	585	7.31301	13.3759	1.25E-12	5.30E-06	2.87E-09	4.86E-05	7.78E-05	5.09E-03	1.01E-05	3.01E-02	3.02E-02	2.20E-03	-1.65E-07	4.16E-05	-6.99E-08	0	0	-0.6393	-0.1824	-4.3014	-999.999	-2.41E+00	-2.31E-11	-1.99E-06	-2.69E-13	-2.32E-08	-2.01E-14	-1.74E-09	-1.80E-11	-1.56E-06	-1.95E-11	-1.68E-06	-7.64E-12	6.60E-07	6.66E-05	1.03E-06
1	1	-99	2.10E+06	24.26284722	586	7.31302	13.3759	1.25E-12	5.31E-06	2.87E-09	4.86E-05	7.75E-05	5.09E-03	9.90E-06	3.01E-02	3.02E-02	2.20E-03	-1.64E-07	4.16E-05	-6.99E-08	0	0	-0.6377	-0.1824	-4.3007	-999.999	-2.41E+00	-2.27E-11	-1.96E-06	-2.64E-13	-2.28E-08	-1.98E-14	-1.71E-09	-1.80E-11	-1.56E-06	-1.95E-11	-1.68E-06	-7.40E-12	6.39E-07	6.66E-05	1.02E-06
1	1	-99	2.10E+06	24.30451389	587	7.31302	13.3759	1.25E-12	5.32E-06	2.87E-09	4.87E-05	7.72E-05	5.09E-03	9.74E-06	3.01E-02	3.02E-02	2.20E-03	-1.63E-07	4.15E-05	-6.99E-08	0	0	-0.6362	-0.1825	-4.3001	-999.999	-2.41E+00	-2.23E-11	-1.93E-06	-2.60E-13	-2.24E-08	-1.95E-14	-1.68E-09	-1.80E-11	-1.56E-06	-1.95E-11	-1.68E-06	-7.17E-12	6.19E-07	6.66E-05	1.02E-06
1	1	-99	2.10E+06	24.34618056	588	7.31303	13.3759	1.25E-12	5.34E-06	2.87E-09	4.88E-05	7.70E-05	5.09E-03	9.58E-06	3.01E-02	3.02E-02	2.20E-03	-1.62E-07	4.14E-05	-6.99E-08	0	0	-0.6346	-0.1825	-4.2994	-999.999	-2.41E+00	-2.19E-11	-1.90E-06	-2.55E-13	-2.21E-08	-1.92E-14	-1.65E-09	-1.80E-11	-1.56E-06	-1.95E-11	-1.68E-06	-6.94E-12	5.99E-07	6.66E-05	1.02E-06
1	1	-99	2.11E+06	24.38784722	589	7.31303	13.3759	1.25E-12	5.35E-06	2.87E-09	4.89E-05	7.67E-05	5.09E-03	9.42E-06	3.01E-02	3.02E-02	2.20E-03	-1.61E-07	4.14E-05	-6.99E-08	0	0	-0.633	-0.1826	-4.2988	-999.999	-2.41E+00	-2.16E-11	-1.86E-06	-2.51E-13	-2.17E-08	-1.88E-14	-1.63E-09	-1.80E-11	-1.56E-06	-1.95E-11	-1.68E-06	-6.71E-12	5.79E-07	6.65E-05	1.02E-06
1	1	-99	2.11E+06	24.42951389	590	7.31304	13.3759	1.25E-12	5.36E-06	2.87E-09	4.89E-05	7.64E-05	5.09E-03	9.27E-06	3.01E-02	3.02E-02	2.20E-03	-1.60E-07	4.13E-05	-6.98E-08	0	0	-0.6314	-0.1826	-4.2981	-999.999	-2.41E+00	-2.12E-11	-1.83E-06	-2.47E-13	-2.14E-08	-1.85E-14	-1.60E-09	-1.80E-11	-1.56E-06	-1.95E-11	-1.68E-06	-6.48E-12	5.60E-07	6.65E-05	1.02E-06
1	1	-99	2.11E+06	24.47118056	591	7.31304	13.3759	1.25E-12	5.37E-06	2.87E-09	4.90E-05	7.62E-05	5.09E-03	9.12E-06	3.01E-02	3.02E-02	2.20E-03	-1.60E-07	4.12E-05	-6.98E-08	0	0	-0.6298	-0.1827	-4.2975	-999.999	-2.42E+00	-2.09E-11	-1.80E-06	-2.43E-13	-2.10E-08	-1.82E-14	-1.57E-09	-1.80E-11	-1.56E-06	-1.95E-11	-1.68E-06	-6.26E-12	5.41E-07	6.65E-05	1.02E-06
1	1	-99	2.12E+06	24.51284722	592	7.31305	13.3759	1.25E-12	5.39E-06	2.87E-09	4.91E-05	7.59E-05	5.09E-03	8.97E-06	3.01E-02	3.02E-02	2.20E-03	-1.59E-07	4.12E-05	-6.98E-08	0	0	-0.6283	-0.1827	-4.2968	-999.999	-2.42E+00	-2.05E-11	-1.77E-06	-2.39E-13	-2.07E-08	-1.79E-14	-1.55E-09	-1.80E-11	-1.56E-06	-1.95E-11	-1.68E-06	-6.04E-12	5.22E-07	6.65E-05	1.01E-06
1	1	-99	2.12E+06	24.55451389	593	7.31305	13.3759	1.25E-12	5.40E-06	2.87E-09	4.91E-05	7.56E-05	5.09E-03	8.82E-06	3.01E-02	3.02E-02	2.20E-03	-1.58E-07	4.11E-05	-6.98E-08	0	0	-0.6267	-0.1828	-4.2961	-999.999	-2.42E+00	-2.02E-11	-1.74E-06	-2.35E-13	-2.03E-08	-1.76E-14	-1.52E-09	-1.80E-11	-1.56E-06	-1.95E-11	-1.68E-06	-5.82E-12	5.03E-07	6.65E-05	1.01E-06
1	1	-99	2.13E+06	24.59618056	594	7.31306	13.3759	1.25E-12	5.41E-06	2.87E-09	4.92E-05	7.53E-05	5.09E-03	8.67E-06	3.01E-02	3.02E-02	2.20E-03	-1.57E-07	4.10E-05	-6.98E-08	0	0	-0.6251	-0.1829	-4.2955	-999.999	-2.42E+00	-1.99E-11	-1.72E-06	-2.31E-13	-2.00E-08	-1.73E-14	-1.50E-09	-1.80E-11	-1.56E-06	-1.95E-11	-1.68E-06	-5.61E-12	4.84E-07	6.65E-05	1.01E-06
1	1	-99	2.13E+06	24.63784722	595	7.31306	13.3759	1.25E-12	5.42E-06	2.87E-09	4.93E-05	7.51E-05	5.09E-03	8.53E-06	3.01E-02	3.02E-02	2.20E-03	-1.56E-07	4.09E-05	-6.98E-08	0	0	-0.6235	-0.1829	-4.2948	-999.999	-2.42E+00	-1.95E-11	-1.69E-06	-2.27E-13	-1.97E-08	-1.71E-14	-1.47E-09	-1.80E-11	-1.56E-06	-1.94E-11	-1.68E-06	-5.39E-12	4.66E-07	6.65E-05	1.01E-06
1	1	-99	2.13E+06	24.67951389	596	7.31307	13.3759	1.25E-12	5.44E-06	2.87E-09	4.93E-05	7.48E-05	5.09E-03	8.39E-06	3.01E-02	3.02E-02	2.20E-03	-1.55E-07	4.09E-05	-6.98E-08	0	0	-0.622	-0.183	-4.2942	-999.999	-2.42E+00	-1.92E-11	-1.66E-06	-2.24E-13	-1.93E-08	-1.68E-14	-1.45E-09	-1.80E-11	-1.56E-06	-1.94E-11	-1.68E-06	-5.18E-12	4.48E-07	6.65E-05	1.01E-06
1	1	-99	2.14E+06	24.72118056	597	7.31307	13.3759	1.25E-12	5.45E-06	2.87E-09	4.94E-05	7.46E-05	5.09E-03	8.25E-06	3.01E-02	3.02E-02	2.20E-03	-1.55E-07	4.08E-05	-6.98E-08	0	0	-0.6204	-0.183	-4.2935	-999.999	-2.43E+00	-1.89E-11	-1.63E-06	-2.20E-13	-1.90E-08	-1.65E-14	-1.43E-09	-1.80E-11	-1.56E-06	-1.94E-11	-1.68E-06	-4.98E-12	4.30E-07	6.65E-05	1.01E-06
1	1	-99	2.14E+06	24.76284722	598	7.31308	13.3759	1.25E-12	5.46E-06	2.87E-09	4.95E-05	7.43E-05	5.09E-03	8.12E-06	3.01E-02	3.02E-02	2.20E-03	-1.54E-07	4.07E-05	-6.97E-08	0	0	-0.6188	-0.1831	-4.2929	-999.999	-2.43E+00	-1.86E-11	-1.61E-06	-2.16E-13	-1.87E-08	-1.62E-14	-1.40E-09	-1.80E-11	-1.56E-06	-1.94E-11	-1.68E-06	-4.77E-12	4.12E-07	6.65E-05	1.00E-06
1	1	-99	2.14E+06	24.80451389	599	7.31308	13.3759	1.25E-12	5.47E-06	2.87E-09	4.95E-05	7.40E-05	5.09E-03	7.98E-06	3.01E-02	3.02E-02	2.20E-03	-1.53E-07	4.07E-05	-6.97E-08	0	0	-0.6173	-0.1831	-4.2922	-999.999	-2.43E+00	-1.83E-11	-1.58E-06	-2.13E-13	-1.84E-08	-1.60E-14	-1.38E-09	-1.80E-11	-1.56E-06	-1.94E-11	-1.68E-06	-4.57E-12	3.95E-07	6.65E-05	1.00E-06
1	1	-99	2.15E+06	24.84618056	600	7.31309	13.3759	1.25E-12	5.48E-06	2.87E-09	4.96E-05	7.38E-05	5.09E-03	7.85E-06	3.01E-02	3.02E-02	2.20E-03	-1.52E-07	4.06E-05	-6.97E-08	0	0	-0.6157	-0.1832	-4.2916	-999.999	-2.43E+00	-1.80E-11	-1.55E-06	-2.09E-13	-1.81E-08	-1.57E-14	-1.36E-09	-1.80E-11	-1.56E-06	-1.94E-11	-1.68E-06	-4.37E-12	3.77E-07	6.65E-05	1.00E-06
1	1	-99	2.15E+06	24.88784722	601	7.31309	13.3759	1.25E-12	5.50E-06	2.87E-09	4.97E-05	7.35E-05	5.09E-03	7.72E-06	3.01E-02	3.02E-02	2.20E-03	-1.52E-07	4.05E-05	-6.97E-08	0	0	-0.6141	-0.1832	-4.2909	-999.999	-2.43E+00	-1.77E-11	-1.53E-06	-2.06E-13	-1.78E-08	-1.54E-14	-1.33E-09	-1.80E-11	-1.56E-06	-1.94E-11	-1.68E-06	-4.17E-12	3.60E-07	6.65E-05	9.99E-07
1	1	-99	2.15E+06	24.92951389	602	7.3131	13.3758	1.25E-12	5.51E-06	2.87E-09	4.98E-05	7.33E-05	5.09E-03	7.60E-06	3.01E-02	3.02E-02	2.20E-03	-1.51E-07	4.05E-05	-6.97E-08	0	0	-0.6126	-0.1833	-4.2903	-999.999	-2.43E+00	-1.74E-11	-1.50E-06	-2.03E-13	-1.75E-08	-1.52E-14	-1.31E-09	-1.80E-11	-1.56E-06	-1.94E-11	-1.68E-06	-3.98E-12	3.43E-07	6.65E-05	9.97E-07
1	1	-99	2.16E+06	24.97118056	603	7.3131	13.3758	1.25E-12	5.52E-06	2.87E-09	4.98E-05	7.30E-05	5.09E-03	7.47E-06	3.01E-02	3.02E-02	2.20E-03	-1.50E-07	4.04E-05	-6.97E-08	0	0	-0.611	-0.1833	-4.2896	-999.999	-2.43E+00	-1.71E-11	-1.48E-06	-1.99E-13	-1.72E-08	-1.49E-14	-1.29E-09	-1.80E-11	-1.56E-06	-1.94E-11	-1.68E-06	-3.78E-12	3.27E-07	6.65E-05	9.95E-07
1	1	-99	2.16E+06	25.01284722	604	7.3131	13.3758	1.25E-12	5.54E-06	2.87E-09	4.99E-05	7.28E-05	5.09E-03	7.35E-06	3.01E-02	3.02E-02	2.20E-03	-1.49E-07	4.03E-05	-6.97E-08	0	0	-0.6095	-0.1834	-4.289	-999.999	-2.44E+00	-1.68E-11	-1.45E-06	-1.96E-13	-1.69E-08	-1.47E-14	-1.27E-09	-1.80E-11	-1.56E-06	-1.94E-11	-1.68E-06	-3.59E-12	3.10E-07	6.65E-05	9.94E-07
1	1	-99	2.16E+06	25.05451389	605	7.31311	13.3758	1.25E-12	5.55E-06	2.87E-09	5.00E-05	7.25E-05	5.09E-03	7.23E-06	3.01E-02	3.02E-02	2.20E-03	-1.49E-07	4.03E-05	-6.96E-08	0	0	-0.6079	-0.1834	-4.2884	-999.999	-2.44E+00	-1.65E-11	-1.43E-06	-1.93E-13	-1.66E-08	-1.45E-14	-1.25E-09	-1.80E-11	-1.56E-06	-1.94E-11	-1.68E-06	-3.40E-12	2.94E-07	6.65E-05	9.92E-07
1	1	-99	2.17E+06	25.09618056	606	7.31311	13.3758	1.25E-12	5.56E-06	2.87E-09	5.00E-05	7.22E-05	5.09E-03	7.11E-06	3.01E-02	3.02E-02	2.20E-03	-1.48E-07	4.02E-05	-6.96E-08	0	0	-0.6064	-0.1835	-4.2877	-999.999	-2.44E+00	-1.63E-11	-1.41E-06	-1.89E-13	-1.64E-08	-1.42E-14	-1.23E-09	-1.80E-11	-1.56E-06	-1.94E-11	-1.68E-06	-3.22E-12	2.78E-07	6.65E-05	9.90E-07
1	1	-99	2.17E+06	25.13784722	607	7.31312	13.3758	1.25E-12	5.57E-06	2.87E-09	5.01E-05	7.20E-05	5.09E-03	6.99E-06	3.01E-02	3.02E-02	2.20E-03	-1.47E-07	4.01E-05	-6.96E-08	0	0	-0.6048	-0.1835	-4.2871	-999.999	-2.44E+00	-1.60E-11	-1.38E-06	-1.86E-13	-1.61E-08	-1.40E-14	-1.21E-09	-1.80E-11	-1.56E-06	-1.94E-11	-1.68E-06	-3.03E-12	2.62E-07	6.65E-05	9.88E-07
1	1	-99	2.18E+06	25.17951389	608	7.31312	13.3758	1.25E-12	5.59E-06	2.87E-09	5.02E-05	7.17E-05	5.09E-03	6.88E-06	3.01E-02	3.02E-02	2.20E-03	-1.47E-07	4.00E-05	-6.96E-08	0	0	-0.6033	-0.1836	-4.2864	-999.999	-2.44E+00	-1.57E-11	-1.36E-06	-1.83E-13	-1.58E-08	-1.38E-14	-1.19E-09	-1.80E-11	-1.56E-06	-1.94E-11	-1.67E-06	-2.85E-12	2.46E-07	6.65E-05	9.87E-07
1	1	-99	2.18E+06	25.22118056	609	7.31313	13.3758	1.25E-12	5.60E-06	2.87E-09	5.02E-05	7.15E-05	5.09E-03	6.77E-06	3.01E-02	3.02E-02	2.20E-03	-1.46E-07	4.00E-05	-6.96E-08	0	0	-0.6017	-0.1836	-4.2858	-999.999	-2.44E+00	-1.55E-11	-1.34E-06	-1.80E-13	-1.56E-08	-1.35E-14	-1.17E-09	-1.80E-11	-1.56E-06	-1.94E-11	-1.67E-06	-2.67E-12	2.31E-07	6.65E-05	9.85E-07
1	1	-99	2.18E+06	25.26284722	610	7.31313	13.3758	1.25E-12	5.61E-06	2.87E-09	5.03E-05	7.12E-05	5.09E-03	6.65E-06	3.01E-02	3.02E-02	2.20E-03	-1.45E-07	3.99E-05	-6.96E-08	0	0	-0.6002	-0.1837	-4.2851	-999.999	-2.45E+00	-1.52E-11	-1.32E-06	-1.77E-13	-1.53E-08	-1.33E-14	-1.15E-09	-1.80E-11	-1.56E-06	-1.94E-11	-1.67E-06	-2.49E-12	2.15E-07	6.65E-05	9.83E-07
1	1	-99	2.19E+06	25.30451389	611	7.31313	13.3758	1.25E-12	5.62E-06	2.87E-09	5.04E-05	7.10E-05	5.09E-03	6.55E-06	3.01E-02	3.02E-02	2.19E-03	-1.44E-07	3.98E-05	-6.95E-08	0	0	-0.5986	-0.1837	-4.2845	-999.999	-2.45E+00	-1.50E-11	-1.29E-06	-1.74E-13	-1.51E-08	-1.31E-14	-1.13E-09	-1.80E-11	-1.56E-06	-1.94E-11	-1.67E-06	-2.32E-12	2.00E-07	6.64E-05	9.81E-07
1	1	-99	2.19E+06	25.34618056	612	7.31314	13.3758	1.25E-12	5.64E-06	2.87E-09	5.05E-05	7.08E-05	5.09E-03	6.44E-06	3.01E-02	3.02E-02	2.19E-03	-1.44E-07	3.98E-05	-6.95E-08	0	0	-0.5971	-0.1838	-4.2839	-999.999	-2.45E+00	-1.47E-11	-1.27E-06	-1.72E-13	-1.48E-08	-1.29E-14	-1.11E-09	-1.80E-11	-1.56E-06	-1.94E-11	-1.67E-06	-2.14E-12	1.85E-07	6.64E-05	9.80E-07
1	1	-99	2.19E+06	25.38784722	613	7.31314	13.3758	1.25E-12	5.65E-06	2.87E-09	5.05E-05	7.05E-05	5.09E-03	6.33E-06	3.01E-02	3.02E-02	2.19E-03	-1.43E-07	3.97E-05	-6.95E-08	0	0	-0.5955	-0.1839	-4.2832	-999.999	-2.45E+00	-1.45E-11	-1.25E-06	-1.69E-13	-1.46E-08	-1.27E-14	-1.09E-09	-1.80E-11	-1.56E-06	-1.94E-11	-1.67E-06	-1.97E-12	1.70E-07	6.64E-05	9.78E-07
1	1	-99	2.20E+06	25.42951389	614	7.31315	13.3758	1.25E-12	5.66E-06	2.87E-09	5.06E-05	7.03E-05	5.09E-03	6.23E-06	3.01E-02	3.02E-02	2.19E-03	-1.42E-07	3.96E-05	-6.95E-08	0	0	-0.594	-0.1839	-4.2826	-999.999	-2.45E+00	-1.42E-11	-1.23E-06	-1.66E-13	-1.43E-08	-1.25E-14	-1.08E-09	-1.80E-11	-1.56E-06	-1.94E-11	-1.67E-06	-1.80E-12	1.56E-07	6.64E-05	9.76E-07
1	1	-99	2.20E+06	25.47118056	615	7.31315	13.3758	1.25E-12	5.68E-06	2.87E-09	5.07E-05	7.00E-05	5.09E-03	6.13E-06	3.01E-02	3.02E-02	2.19E-03	-1.42E-07	3.96E-05	-6.95E-08	0	0	-0.5924	-0.184	-4.282	-999.999	-2.45E+00	-1.40E-11	-1.21E-06	-1.63E-13	-1.41E-08	-1.22E-14	-1.06E-09	-1.80E-11	-1.56E-06	-1.93E-11	-1.67E-06	-1.63E-12	1.41E-07	6.64E-05	9.75E-07
1	1	-99	2.20E+06	25.51284722	616	7.31316	13.3758	1.25E-12	5.69E-06	2.87E-09	5.07E-05	6.98E-05	5.09E-03	6.03E-06	3.01E-02	3.02E-02	2.19E-03	-1.41E-07	3.95E-05	-6.95E-08	0	0	-0.5909	-0.184	-4.2813	-999.999	-2.45E+00	-1.38E-11	-1.19E-06	-1.61E-13	-1.39E-08	-1.20E-14	-1.04E-09	-1.80E-11	-1.56E-06	-1.93E-11	-1.67E-06	-1.47E-12	1.27E-07	6.64E-05	9.73E-07
1	1	-99	2.21E+06	25.55451389	617	7.31316	13.3758	1.25E-12	5.70E-06	2.87E-09	5.08E-05	6.95E-05	5.09E-03	5.93E-06	3.01E-02	3.02E-02	2.19E-03	-1.41E-07	3.94E-05	-6.94E-08	0	0	-0.5894	-0.1841	-4.2807	-999.999	-2.46E+00	-1.36E-11	-1.17E-06	-1.58E-13	-1.36E-08	-1.18E-14	-1.02E-09	-1.80E-11	-1.56E-06	-1.93E-11	-1.67E-06	-1.30E-12	1.13E-07	6.64E-05	9.71E-07
1	1	-99	2.21E+06	25.59618056	618	7.31316	13.3758	1.25E-12	5.72E-06	2.87E-09	5.09E-05	6.93E-05	5.09E-03	5.83E-06	3.01E-02	3.02E-02	2.19E-03	-1.40E-07	3.93E-05	-6.94E-08	0	0	-0.5878	-0.1841	-4.2801	-999.999	-2.46E+00	-1.33E-11	-1.15E-06	-1.55E-13	-1.34E-08	-1.17E-14	-1.01E-09	-1.80E-11	-1.56E-06	-1.93E-11	-1.67E-06	-1.14E-12	9.86E-08	6.64E-05	9.70E-07
1	1	-99	2.22E+06	25.63784722	619	7.31317	13.3758	1.25E-12	5.73E-06	2.87E-09	5.09E-05	6.91E-05	5.09E-03	5.73E-06	3.01E-02	3.02E-02	2.19E-03	-1.39E-07	3.93E-05	-6.94E-08	0	0	-0.5863	-0.1842	-4.2794	-999.999	-2.46E+00	-1.31E-11	-1.13E-06	-1.53E-13	-1.32E-08	-1.15E-14	-9.90E-10	-1.80E-11	-1.56E-06	-1.93E-11	-1.67E-06	-9.81E-13	8.47E-08	6.64E-05	9.68E-07
1	1	-99	2.22E+06	25.67951389	620	7.31317	13.3758	1.25E-12	5.74E-06	2.87E-09	5.10E-05	6.88E-05	5.09E-03	5.64E-06	3.01E-02	3.02E-02	2.19E-03	-1.39E-07	3.92E-05	-6.94E-08	0	0	-0.5848	-0.1842	-4.2788	-999.999	-2.46E+00	-1.29E-11	-1.11E-06	-1.50E-13	-1.30E-08	-1.13E-14	-9.74E-10	-1.80E-11	-1.56E-06	-1.93E-11	-1.67E-06	-8.22E-13	7.10E-08	6.64E-05	9.66E-07
1	1	-99	2.22E+06	25.72118056	621	7.31318	13.3758	1.25E-12	5.76E-06	2.87E-09	5.11E-05	6.86E-05	5.09E-03	5.55E-06	3.01E-02	3.02E-02	2.19E-03	-1.38E-07	3.91E-05	-6.94E-08	0	0	-0.5832	-0.1843	-4.2782	-999.999	-2.46E+00	-1.27E-11	-1.10E-06	-1.48E-13	-1.28E-08	-1.11E-14	-9.58E-10	-1.80E-11	-1.56E-06	-1.93E-11	-1.67E-06	-6.66E-13	5.75E-08	6.64E-05	9.64E-07
1	1	-99	2.23E+06	25.76284722	622	7.31318	13.3758	1.25E-12	5.77E-06	2.87E-09	5.11E-05	6.84E-05	5.09E-03	5.46E-06	3.01E-02	3.02E-02	2.19E-03	-1.37E-07	3.91E-05	-6.93E-08	0	0	-0.5817	-0.1843	-4.2775	-999.999	-2.46E+00	-1.25E-11	-1.08E-06	-1.45E-13	-1.26E-08	-1.09E-14	-9.42E-10	-1.80E-11	-1.56E-06	-1.93E-11	-1.67E-06	-5.11E-13	4.41E-08	6.64E-05	9.63E-07
1	1	-99	2.23E+06	25.80451389	623	7.31318	13.3758	1.25E-12	5.78E-06	2.87E-09	5.12E-05	6.81E-05	5.09E-03	5.37E-06	3.01E-02	3.02E-02	2.19E-03	-1.37E-07	3.90E-05	-6.93E-08	0	0	-0.5802	-0.1844	-4.2769	-999.999	-2.47E+00	-1.23E-11	-1.06E-06	-1.43E-13	-1.23E-08	-1.07E-14	-9.27E-10	-1.80E-11	-1.56E-06	-1.93E-11	-1.67E-06	-3.58E-13	3.09E-08	6.64E-05	9.61E-07
1	1	-99	2.23E+06	25.84618056	624	7.31319	13.3758	1.25E-12	5.80E-06	2.87E-09	5.13E-05	6.79E-05	5.09E-03	5.28E-06	3.01E-02	3.02E-02	2.19E-03	-1.36E-07	3.89E-05	-6.93E-08	0	0	-0.5786	-0.1844	-4.2763	-999.999	-2.47E+00	-1.21E-11	-1.04E-06	-1.41E-13	-1.21E-08	-1.06E-14	-9.12E-10	-1.80E-11	-1.56E-06	-1.93E-11	-1.67E-06	-2.07E-13	1.78E-08	6.64E-05	9.59E-07
1	1	-99	2.24E+06	25.88784722	625	7.31319	13.3758	1.25E-12	5.81E-06	2.87E-09	5.14E-05	6.77E-05	5.09E-03	5.19E-06	3.01E-02	3.02E-02	2.19E-03	-1.36E-07	3.89E-05	-6.93E-08	0	0	-0.5771	-0.1845	-4.2757	-999.999	-2.47E+00	-1.19E-11	-1.03E-06	-1.38E-13	-1.19E-08	-1.04E-14	-8.97E-10	-1.80E-11	-1.56E-06	-1.93E-11	-1.67E-06	-5.70E-14	4.92E-09	6.64E-05	9.58E-07
1	1	-99	2.24E+06	25.92951389	626	7.31319	13.3758	1.25E-12	5.82E-06	2.87E-09	5.14E-05	6.74E-05	5.09E-03	5.11E-06	3.01E-02	3.02E-02	2.19E-03	-1.35E-07	3.88E-05	-6.93E-08	0	0	-0.5756	-0.1845	-4.275	-999.999	-2.47E+00	-1.17E-11	-1.01E-06	-1.36E-13	-1.18E-08	-1.02E-14	-8.82E-10	-1.80E-11	-1.56E-06	-1.93E-11	-1.67E-06	9.08E-14	-7.85E-09	6.64E-05	9.56E-07
1	1	-99	2.24E+06	25.97118056	627	7.3132	13.3758	1.25E-12	5.84E-06	2.87E-09	5.15E-05	6.72E-05	5.09E-03	5.02E-06	3.01E-02	3.02E-02	2.19E-03	-1.35E-07	3.87E-05	-6.93E-08	0	0	-0.5741	-0.1846	-4.2744	-999.999	-2.47E+00	-1.15E-11	-9.92E-07	-1.34E-13	-1.16E-08	-1.00E-14	-8.67E-10	-1.80E-11	-1.56E-06	-1.93E-11	-1.67E-06	2.37E-13	-2.05E-08	6.64E-05	9.54E-07
1	1	-99	2.25E+06	26.01284722	628	7.3132	13.3758	1.25E-12	5.85E-06	2.87E-09	5.16E-05	6.70E-05	5.09E-03	4.94E-06	3.01E-02	3.02E-02	2.19E-03	-1.34E-07	3.87E-05	-6.92E-08	0	0	-0.5725	-0.1847	-4.2738	-999.999	-2.47E+00	-1.13E-11	-9.76E-07	-1.32E-13	-1.14E-08	-9.87E-15	-8.53E-10	-1.80E-11	-1.56E-06	-1.93E-11	-1.66E-06	3.82E-13	-3.30E-08	6.64E-05	9.52E-07
1	1	-99	2.25E+06	26.05451389	629	7.3132	13.3758	1.25E-12	5.86E-06	2.87E-09	5.16E-05	6.67E-05	5.09E-03	4.86E-06	3.01E-02	3.02E-02	2.19E-03	-1.33E-07	3.86E-05	-6.92E-08	0	0	-0.571	-0.1847	-4.2732	-999.999	-2.47E+00	-1.11E-11	-9.60E-07	-1.29E-13	-1.12E-08	-9.71E-15	-8.39E-10	-1.80E-11	-1.56E-06	-1.93E-11	-1.66E-06	5.24E-13	-4.53E-08	6.64E-05	9.51E-07
1	1	-99	2.25E+06	26.09618056	630	7.31321	13.3758	1.25E-12	5.88E-06	2.87E-09	5.17E-05	6.65E-05	5.09E-03	4.78E-06	3.01E-02	3.02E-02	2.19E-03	-1.33E-07	3.85E-05	-6.92E-08	0	0	-0.5695	-0.1848	-4.2725	-999.999	-2.48E+00	-1.09E-11	-9.44E-07	-1.27E-13	-1.10E-08	-9.55E-15	-8.25E-10	-1.80E-11	-1.56E-06	-1.93E-11	-1.66E-06	6.66E-13	-5.75E-08	6.64E-05	9.49E-07
1	1	-99	2.26E+06	26.13784722	631	7.31321	13.3758	1.25E-12	5.89E-06	2.87E-09	5.18E-05	6.63E-05	5.09E-03	4.70E-06	3.01E-02	3.02E-02	2.19E-03	-1.32E-07	3.84E-05	-6.92E-08	0	0	-0.568	-0.1848	-4.2719	-999.999	-2.48E+00	-1.07E-11	-9.28E-07	-1.25E-13	-1.08E-08	-9.40E-15	-8.12E-10	-1.80E-11	-1.56E-06	-1.92E-11	-1.66E-06	8.05E-13	-6.96E-08	6.64E-05	9.47E-07
1	1	-99	2.26E+06	26.17951389	632	7.31322	13.3758	1.25E-12	5.90E-06	2.87E-09	5.18E-05	6.61E-05	5.09E-03	4.62E-06	3.01E-02	3.02E-02	2.19E-03	-1.32E-07	3.84E-05	-6.92E-08	0	0	-0.5665	-0.1849	-4.2713	-999.999	-2.48E+00	-1.06E-11	-9.13E-07	-1.23E-13	-1.06E-08	-9.24E-15	-7.99E-10	-1.80E-11	-1.56E-06	-1.92E-11	-1.66E-06	9.43E-13	-8.15E-08	6.64E-05	9.46E-07
1	1	-99	2.27E+06	26.22118056	633	7.31322	13.3758	1.25E-12	5.92E-06	2.87E-09	5.19E-05	6.58E-05	5.09E-03	4.55E-06	3.01E-02	3.02E-02	2.19E-03	-1.31E-07	3.83E-05	-6.91E-08	0	0	-0.565	-0.1849	-4.2707	-999.999	-2.48E+00	-1.04E-11	-8.98E-07	-1.21E-13	-1.05E-08	-9.09E-15	-7.85E-10	-1.80E-11	-1.56E-06	-1.92E-11	-1.66E-06	1.08E-12	-9.33E-08	6.64E-05	9.44E-07
1	1	-99	2.27E+06	26.26284722	634	7.31322	13.3758	1.25E-12	5.93E-06	2.87E-09	5.20E-05	6.56E-05	5.09E-03	4.47E-06	3.01E-02	3.02E-02	2.19E-03	-1.31E-07	3.82E-05	-6.91E-08	0	0	-0.5634	-0.185	-4.27	-999.999	-2.48E+00	-1.02E-11	-8.83E-07	-1.19E-13	-1.03E-08	-8.94E-15	-7.73E-10	-1.80E-11	-1.56E-06	-1.92E-11	-1.66E-06	1.21E-12	-1.05E-07	6.64E-05	9.42E-07
1	1	-99	2.27E+06	26.30451389	635	7.31323	13.3757	1.25E-12	5.94E-06	2.87E-09	5.20E-05	6.54E-05	5.09E-03	4.40E-06	3.01E-02	3.02E-02	2.19E-03	-1.30E-07	3.82E-05	-6.91E-08	0	0	-0.5619	-0.185	-4.2694	-999.999	-2.48E+00	-1.01E-11	-8.69E-07	-1.17E-13	-1.01E-08	-8.79E-15	-7.60E-10	-1.80E-11	-1.56E-06	-1.92E-11	-1.66E-06	1.35E-12	-1.16E-07	6.63E-05	9.41E-07
1	1	-99	2.28E+06	26.34618056	636	7.31323	13.3757	1.25E-12	5.96E-06	2.87E-09	5.21E-05	6.52E-05	5.09E-03	4.33E-06	3.01E-02	3.02E-02	2.19E-03	-1.30E-07	3.81E-05	-6.91E-08	0	0	-0.5604	-0.1851	-4.2688	-999.999	-2.49E+00	-9.89E-12	-8.54E-07	-1.15E-13	-9.96E-09	-8.65E-15	-7.47E-10	-1.80E-11	-1.56E-06	-1.92E-11	-1.66E-06	1.48E-12	-1.28E-07	6.63E-05	9.39E-07
1	1	-99	2.28E+06	26.38784722	637	7.31323	13.3757	1.25E-12	5.97E-06	2.87E-09	5.22E-05	6.50E-05	5.09E-03	4.26E-06	3.01E-02	3.02E-02	2.19E-03	-1.29E-07	3.80E-05	-6.90E-08	0	0	-0.5589	-0.1851	-4.2682	-999.999	-2.49E+00	-9.73E-12	-8.40E-07	-1.13E-13	-9.79E-09	-8.51E-15	-7.35E-10	-1.80E-11	-1.56E-06	-1.92E-11	-1.66E-06	1.61E-12	-1.39E-07	6.63E-05	9.37E-07
1	1	-99	2.28E+06	26.42951389	638	7.31324	13.3757	1.25E-12	5.99E-06	2.87E-09	5.23E-05	6.47E-05	5.09E-03	4.19E-06	3.01E-02	3.02E-02	2.19E-03	-1.29E-07	3.80E-05	-6.90E-08	0	0	-0.5574	-0.1852	-4.2676	-999.999	-2.49E+00	-9.57E-12	-8.27E-07	-1.11E-13	-9.63E-09	-8.37E-15	-7.23E-10	-1.80E-11	-1.56E-06	-1.92E-11	-1.66E-06	1.74E-12	-1.50E-07	6.63E-05	9.35E-07
1	1	-99	2.29E+06	26.47118056	639	7.31324	13.3757	1.25E-12	6.00E-06	2.87E-09	5.23E-05	6.45E-05	5.09E-03	4.12E-06	3.01E-02	3.02E-02	2.19E-03	-1.28E-07	3.79E-05	-6.90E-08	0	0	-0.5559	-0.1853	-4.267	-999.999	-2.49E+00	-9.41E-12	-8.13E-07	-1.10E-13	-9.47E-09	-8.23E-15	-7.11E-10	-1.80E-11	-1.56E-06	-1.92E-11	-1.66E-06	1.87E-12	-1.61E-07	6.63E-05	9.34E-07
1	1	-99	2.29E+06	26.51284722	640	7.31324	13.3757	1.25E-12	6.01E-06	2.87E-09	5.24E-05	6.43E-05	5.09E-03	4.05E-06	3.01E-02	3.02E-02	2.19E-03	-1.28E-07	3.78E-05	-6.90E-08	0	0	-0.5544	-0.1853	-4.2663	-999.999	-2.49E+00	-9.26E-12	-8.00E-07	-1.08E-13	-9.32E-09	-8.10E-15	-7.00E-10	-1.80E-11	-1.56E-06	-1.92E-11	-1.66E-06	1.99E-12	-1.72E-07	6.63E-05	9.32E-07
1	1	-99	2.29E+06	26.55451389	641	7.31324	13.3757	1.25E-12	6.03E-06	2.87E-09	5.25E-05	6.41E-05	5.09E-03	3.98E-06	3.01E-02	3.02E-02	2.19E-03	-1.27E-07	3.78E-05	-6.90E-08	0	0	-0.5529	-0.1854	-4.2657	-999.999	-2.49E+00	-9.10E-12	-7.86E-07	-1.06E-13	-9.16E-09	-7.96E-15	-6.88E-10	-1.80E-11	-1.56E-06	-1.92E-11	-1.66E-06	2.12E-12	-1.83E-07	6.63E-05	9.30E-07
1	1	-99	2.30E+06	26.59618056	642	7.31325	13.3757	1.25E-12	6.04E-06	2.87E-09	5.25E-05	6.39E-05	5.09E-03	3.92E-06	3.01E-02	3.02E-02	2.19E-03	-1.27E-07	3.77E-05	-6.89E-08	0	0	-0.5514	-0.1854	-4.2651	-999.999	-2.49E+00	-8.95E-12	-7.74E-07	-1.04E-13	-9.01E-09	-7.83E-15	-6.77E-10	-1.80E-11	-1.56E-06	-1.92E-11	-1.66E-06	2.24E-12	-1.94E-07	6.63E-05	9.29E-07
1	1	-99	2.30E+06	26.63784722	643	7.31325	13.3757	1.25E-12	6.06E-06	2.87E-09	5.26E-05	6.37E-05	5.09E-03	3.85E-06	3.01E-02	3.02E-02	2.19E-03	-1.26E-07	3.76E-05	-6.89E-08	0	0	-0.5499	-0.1855	-4.2645	-999.999	-2.50E+00	-8.81E-12	-7.61E-07	-1.03E-13	-8.86E-09	-7.70E-15	-6.66E-10	-1.80E-11	-1.56E-06	-1.92E-11	-1.66E-06	2.36E-12	-2.04E-07	6.63E-05	9.27E-07
1	1	-99	2.31E+06	26.67951389	644	7.31325	13.3757	1.25E-12	6.07E-06	2.87E-09	5.27E-05	6.34E-05	5.09E-03	3.79E-06	3.01E-02	3.02E-02	2.19E-03	-1.26E-07	3.75E-05	-6.89E-08	0	0	-0.5483	-0.1855	-4.2639	-999.999	-2.50E+00	-8.66E-12	-7.48E-07	-1.01E-13	-8.72E-09	-7.58E-15	-6.55E-10	-1.80E-11	-1.56E-06	-1.92E-11	-1.66E-06	2.48E-12	-2.15E-07	6.63E-05	9.25E-07
1	1	-99	2.31E+06	26.72118056	645	7.31326	13.3757	1.25E-12	6.08E-06	2.87E-09	5.27E-05	6.32E-05	5.09E-03	3.73E-06	3.01E-02	3.02E-02	2.19E-03	-1.25E-07	3.75E-05	-6.89E-08	0	0	-0.5468	-0.1856	-4.2633	-999.999	-2.50E+00	-8.52E-12	-7.36E-07	-9.93E-14	-8.58E-09	-7.45E-15	-6.44E-10	-1.80E-11	-1.56E-06	-1.92E-11	-1.66E-06	2.60E-12	-2.25E-07	6.63E-05	9.24E-07
1	1	-99	2.31E+06	26.76284722	646	7.31326	13.3757	1.25E-12	6.10E-06	2.87E-09	5.28E-05	6.30E-05	5.09E-03	3.67E-06	3.01E-02	3.02E-02	2.19E-03	-1.25E-07	3.74E-05	-6.88E-08	0	0	-0.5453	-0.1856	-4.2627	-999.999	-2.50E+00	-8.38E-12	-7.24E-07	-9.76E-14	-8.43E-09	-7.33E-15	-6.33E-10	-1.80E-11	-1.56E-06	-1.91E-11	-1.65E-06	2.72E-12	-2.35E-07	6.63E-05	9.22E-07
1	1	-99	2.32E+06	26.80451389	647	7.31326	13.3757	1.25E-12	6.11E-06	2.87E-09	5.29E-05	6.28E-05	5.09E-03	3.61E-06	3.01E-02	3.02E-02	2.19E-03	-1.24E-07	3.73E-05	-6.88E-08	0	0	-0.5438	-0.1857	-4.2621	-999.999	-2.50E+00	-8.24E-12	-7.12E-07	-9.60E-14	-8.30E-09	-7.21E-15	-6.23E-10	-1.80E-11	-1.56E-06	-1.91E-11	-1.65E-06	2.84E-12	-2.45E-07	6.63E-05	9.20E-07
1	1	-99	2.32E+06	26.84618056	648	7.31327	13.3757	1.25E-12	6.13E-06	2.87E-09	5.29E-05	6.26E-05	5.09E-03	3.55E-06	3.01E-02	3.02E-02	2.19E-03	-1.24E-07	3.73E-05	-6.88E-08	0	0	-0.5423	-0.1857	-4.2615	-999.999	-2.50E+00	-8.11E-12	-7.00E-07	-9.44E-14	-8.16E-09	-7.09E-15	-6.13E-10	-1.80E-11	-1.56E-06	-1.91E-11	-1.65E-06	2.95E-12	-2.55E-07	6.63E-05	9.18E-07
1	1	-99	2.32E+06	26.88784722	649	7.31327	13.3757	1.25E-12	6.14E-06	2.87E-09	5.30E-05	6.24E-05	5.09E-03	3.49E-06	3.01E-02	3.02E-02	2.19E-03	-1.24E-07	3.72E-05	-6.88E-08	0	0	-0.5408	-0.1858	-4.2609	-999.999	-2.51E+00	-7.97E-12	-6.89E-07	-9.29E-14	-8.03E-09	-6.98E-15	-6.03E-10	-1.80E-11	-1.56E-06	-1.91E-11	-1.65E-06	3.07E-12	-2.65E-07	6.63E-05	9.17E-07
1	1	-99	2.33E+06	26.92951389	650	7.31327	13.3757	1.25E-12	6.16E-06	2.87E-09	5.31E-05	6.22E-05	5.09E-03	3.43E-06	3.01E-02	3.02E-02	2.19E-03	-1.23E-07	3.71E-05	-6.87E-08	0	0	-0.5393	-0.1859	-4.2603	-999.999	-2.51E+00	-7.84E-12	-6.78E-07	-9.14E-14	-7.89E-09	-6.86E-15	-5.93E-10	-1.80E-11	-1.56E-06	-1.91E-11	-1.65E-06	3.18E-12	-2.75E-07	6.63E-05	9.15E-07
1	1	-99	2.33E+06	26.97118056	651	7.31327	13.3757	1.25E-12	6.17E-06	2.87E-09	5.32E-05	6.20E-05	5.09E-03	3.38E-06	3.01E-02	3.02E-02	2.19E-03	-1.23E-07	3.71E-05	-6.87E-08	0	0	-0.5379	-0.1859	-4.2597	-999.999	-2.51E+00	-7.71E-12	-6.66E-07	-8.99E-14	-7.76E-09	-6.75E-15	-5.83E-10	-1.80E-11	-1.56E-06	-1.91E-11	-1.65E-06	3.29E-12	-2.84E-07	6.63E-05	9.13E-07
1	1	-99	2.33E+06	27.01284722	652	7.31328	13.3757	1.25E-12	6.18E-06	2.87E-09	5.32E-05	6.18E-05	5.09E-03	3.32E-06	3.01E-02	3.02E-02	2.19E-03	-1.22E-07	3.70E-05	-6.87E-08	0	0	-0.5364	-0.186	-4.259	-999.999	-2.51E+00	-7.59E-12	-6.55E-07	-8.84E-14	-7.64E-09	-6.64E-15	-5.74E-10	-1.80E-11	-1.56E-06	-1.91E-11	-1.65E-06	3.40E-12	-2.94E-07	6.63E-05	9.12E-07
1	1	-99	2.34E+06	27.05451389	653	7.31328	13.3757	1.25E-12	6.20E-06	2.87E-09	5.33E-05	6.16E-05	5.09E-03	3.27E-06	3.01E-02	3.02E-02	2.19E-03	-1.22E-07	3.69E-05	-6.87E-08	0	0	-0.5349	-0.186	-4.2584	-999.999	-2.51E+00	-7.46E-12	-6.45E-07	-8.69E-14	-7.51E-09	-6.53E-15	-5.64E-10	-1.80E-11	-1.56E-06	-1.91E-11	-1.65E-06	3.51E-12	-3.03E-07	6.63E-05	9.10E-07
1	1	-99	2.34E+06	27.09618056	654	7.31328	13.3757	1.25E-12	6.21E-06	2.87E-09	5.34E-05	6.14E-05	5.09E-03	3.21E-06	3.01E-02	3.02E-02	2.19E-03	-1.21E-07	3.69E-05	-6.86E-08	0	0	-0.5334	-0.1861	-4.2578	-999.999	-2.51E+00	-7.34E-12	-6.34E-07	-8.55E-14	-7.39E-09	-6.42E-15	-5.55E-10	-1.80E-11	-1.56E-06	-1.91E-11	-1.65E-06	3.62E-12	-3.13E-07	6.63E-05	9.08E-07
1	1	-99	2.34E+06	27.13784722	655	7.31329	13.3757	1.25E-12	6.23E-06	2.87E-09	5.34E-05	6.12E-05	5.09E-03	3.16E-06	3.01E-02	3.02E-02	2.19E-03	-1.21E-07	3.68E-05	-6.86E-08	0	0	-0.5319	-0.1861	-4.2572	-999.999	-2.51E+00	-7.22E-12	-6.24E-07	-8.41E-14	-7.27E-09	-6.32E-15	-5.46E-10	-1.80E-11	-1.56E-06	-1.91E-11	-1.65E-06	3.73E-12	-3.22E-07	6.63E-05	9.07E-07
1	1	-99	2.35E+06	27.17951389	656	7.31329	13.3757	1.25E-12	6.24E-06	2.87E-09	5.35E-05	6.10E-05	5.09E-03	3.11E-06	3.01E-02	3.02E-02	2.19E-03	-1.20E-07	3.67E-05	-6.86E-08	0	0	-0.5304	-0.1862	-4.2566	-999.999	-2.52E+00	-7.10E-12	-6.13E-07	-8.27E-14	-7.15E-09	-6.21E-15	-5.37E-10	-1.80E-11	-1.56E-06	-1.91E-11	-1.65E-06	3.83E-12	-3.31E-07	6.63E-05	9.05E-07
1	1	-99	2.35E+06	27.22118056	657	7.31329	13.3757	1.25E-12	6.26E-06	2.87E-09	5.36E-05	6.08E-05	5.09E-03	3.06E-06	3.01E-02	3.02E-02	2.19E-03	-1.20E-07	3.67E-05	-6.86E-08	0	0	-0.5289	-0.1862	-4.256	-999.999	-2.52E+00	-6.98E-12	-6.03E-07	-8.14E-14	-7.03E-09	-6.11E-15	-5.28E-10	-1.80E-11	-1.56E-06	-1.91E-11	-1.65E-06	3.94E-12	-3.40E-07	6.63E-05	9.03E-07
1	1	-99	2.36E+06	27.26284722	658	7.31329	13.3757	1.25E-12	6.27E-06	2.87E-09	5.36E-05	6.05E-05	5.09E-03	3.01E-06	3.01E-02	3.02E-02	2.19E-03	-1.20E-07	3.66E-05	-6.85E-08	0	0	-0.5274	-0.1863	-4.2554	-999.999	-2.52E+00	-6.87E-12	-5.93E-07	-8.00E-14	-6.91E-09	-6.01E-15	-5.19E-10	-1.80E-11	-1.56E-06	-1.91E-11	-1.65E-06	4.04E-12	-3.49E-07	6.63E-05	9.02E-07
1	1	-99	2.36E+06	27.30451389	659	7.3133	13.3757	1.25E-12	6.29E-06	2.87E-09	5.37E-05	6.03E-05	5.09E-03	2.96E-06	3.01E-02	3.02E-02	2.19E-03	-1.19E-07	3.65E-05	-6.85E-08	0	0	-0.5259	-0.1863	-4.2548	-999.999	-2.52E+00	-6.76E-12	-5.84E-07	-7.87E-14	-6.80E-09	-5.91E-15	-5.11E-10	-1.80E-11	-1.56E-06	-1.91E-11	-1.65E-06	4.14E-12	-3.58E-07	6.63E-05	9.00E-07
1	1	-99	2.36E+06	27.34618056	660	7.3133	13.3757	1.25E-12	6.30E-06	2.87E-09	5.38E-05	6.01E-05	5.09E-03	2.91E-06	3.01E-02	3.02E-02	2.19E-03	-1.19E-07	3.65E-05	-6.85E-08	0	0	-0.5244	-0.1864	-4.2543	-999.999	-2.52E+00	-6.64E-12	-5.74E-07	-7.74E-14	-6.69E-09	-5.82E-15	-5.03E-10	-1.80E-11	-1.56E-06	-1.90E-11	-1.65E-06	4.24E-12	-3.67E-07	6.63E-05	8.98E-07
1	1	-99	2.37E+06	27.38784722	661	7.3133	13.3757	1.25E-12	6.32E-06	2.87E-09	5.38E-05	6.00E-05	5.09E-03	2.86E-06	3.01E-02	3.02E-02	2.19E-03	-1.18E-07	3.64E-05	-6.85E-08	0	0	-0.5229	-0.1865	-4.2537	-999.999	-2.52E+00	-6.53E-12	-5.65E-07	-7.61E-14	-6.58E-09	-5.72E-15	-4.94E-10	-1.80E-11	-1.56E-06	-1.90E-11	-1.64E-06	4.34E-12	-3.75E-07	6.63E-05	8.96E-07
1	1	-99	2.37E+06	27.42951389	662	7.3133	13.3757	1.25E-12	6.33E-06	2.87E-09	5.39E-05	5.98E-05	5.09E-03	2.81E-06	3.01E-02	3.02E-02	2.19E-03	-1.18E-07	3.63E-05	-6.84E-08	0	0	-0.5215	-0.1865	-4.2531	-999.999	-2.52E+00	-6.43E-12	-5.55E-07	-7.49E-14	-6.47E-09	-5.63E-15	-4.86E-10	-1.80E-11	-1.56E-06	-1.90E-11	-1.64E-06	4.44E-12	-3.84E-07	6.62E-05	8.95E-07
1	1	-99	2.37E+06	27.47118056	663	7.31331	13.3757	1.25E-12	6.35E-06	2.87E-09	5.40E-05	5.96E-05	5.09E-03	2.77E-06	3.01E-02	3.02E-02	2.19E-03	-1.18E-07	3.62E-05	-6.84E-08	0	0	-0.52	-0.1866	-4.2525	-999.999	-2.53E+00	-6.32E-12	-5.46E-07	-7.37E-14	-6.36E-09	-5.53E-15	-4.78E-10	-1.80E-11	-1.56E-06	-1.90E-11	-1.64E-06	4.54E-12	-3.92E-07	6.62E-05	8.93E-07
1	1	-99	2.38E+06	27.51284722	664	7.31331	13.3757	1.25E-12	6.36E-06	2.87E-09	5.40E-05	5.94E-05	5.09E-03	2.72E-06	3.01E-02	3.02E-02	2.19E-03	-1.17E-07	3.62E-05	-6.84E-08	0	0	-0.5185	-0.1866	-4.2519	-999.999	-2.53E+00	-6.22E-12	-5.37E-07	-7.24E-14	-6.26E-09	-5.44E-15	-4.70E-10	-1.80E-11	-1.56E-06	-1.90E-11	-1.64E-06	4.64E-12	-4.01E-07	6.62E-05	8.91E-07
1	1	-99	2.38E+06	27.55451389	665	7.31331	13.3757	1.25E-12	6.37E-06	2.87E-09	5.41E-05	5.92E-05	5.09E-03	2.68E-06	3.01E-02	3.02E-02	2.19E-03	-1.17E-07	3.61E-05	-6.84E-08	0	0	-0.517	-0.1867	-4.2513	-999.999	-2.53E+00	-6.12E-12	-5.28E-07	-7.13E-14	-6.16E-09	-5.35E-15	-4.63E-10	-1.80E-11	-1.56E-06	-1.90E-11	-1.64E-06	4.73E-12	-4.09E-07	6.62E-05	8.90E-07
1	1	-99	2.38E+06	27.59618056	666	7.31331	13.3757	1.25E-12	6.39E-06	2.87E-09	5.42E-05	5.90E-05	5.09E-03	2.63E-06	3.01E-02	3.02E-02	2.19E-03	-1.17E-07	3.60E-05	-6.83E-08	0	0	-0.5155	-0.1867	-4.2507	-999.999	-2.53E+00	-6.02E-12	-5.20E-07	-7.01E-14	-6.06E-09	-5.27E-15	-4.55E-10	-1.80E-11	-1.56E-06	-1.90E-11	-1.64E-06	4.83E-12	-4.17E-07	6.62E-05	8.88E-07
1	1	-99	2.39E+06	27.63784722	667	7.31332	13.3757	1.25E-12	6.40E-06	2.87E-09	5.42E-05	5.88E-05	5.09E-03	2.59E-06	3.01E-02	3.02E-02	2.19E-03	-1.16E-07	3.60E-05	-6.83E-08	0	0	-0.514	-0.1868	-4.2501	-999.999	-2.53E+00	-5.92E-12	-5.11E-07	-6.89E-14	-5.96E-09	-5.18E-15	-4.48E-10	-1.80E-11	-1.56E-06	-1.90E-11	-1.64E-06	4.92E-12	-4.25E-07	6.62E-05	8.86E-07
1	1	-99	2.39E+06	27.67951389	668	7.31332	13.3757	1.25E-12	6.42E-06	2.87E-09	5.43E-05	5.86E-05	5.09E-03	2.55E-06	3.01E-02	3.02E-02	2.19E-03	-1.16E-07	3.59E-05	-6.83E-08	0	0	-0.5126	-0.1868	-4.2495	-999.999	-2.53E+00	-5.82E-12	-5.03E-07	-6.78E-14	-5.86E-09	-5.10E-15	-4.40E-10	-1.80E-11	-1.56E-06	-1.90E-11	-1.64E-06	5.01E-12	-4.33E-07	6.62E-05	8.85E-07
1	1	-99	2.40E+06	27.72118056	669	7.31332	13.3757	1.25E-12	6.43E-06	2.87E-09	5.44E-05	5.84E-05	5.09E-03	2.51E-06	3.01E-02	3.02E-02	2.19E-03	-1.15E-07	3.58E-05	-6.82E-08	0	0	-0.5111	-0.1869	-4.2489	-999.999	-2.53E+00	-5.72E-12	-4.95E-07	-6.67E-14	-5.76E-09	-5.01E-15	-4.33E-10	-1.80E-11	-1.56E-06	-1.90E-11	-1.64E-06	5.11E-12	-4.41E-07	6.62E-05	8.83E-07
1	1	-99	2.40E+06	27.76284722	670	7.31332	13.3757	1.25E-12	6.45E-06	2.87E-09	5.45E-05	5.82E-05	5.09E-03	2.47E-06	3.01E-02	3.02E-02	2.19E-03	-1.15E-07	3.58E-05	-6.82E-08	0	0	-0.5096	-0.187	-4.2483	-999.999	-2.54E+00	-5.63E-12	-4.86E-07	-6.56E-14	-5.67E-09	-4.93E-15	-4.26E-10	-1.80E-11	-1.56E-06	-1.90E-11	-1.64E-06	5.20E-12	-4.49E-07	6.62E-05	8.81E-07
1	1	-99	2.40E+06	27.80451389	671	7.31333	13.3757	1.25E-12	6.47E-06	2.87E-09	5.45E-05	5.80E-05	5.09E-03	2.43E-06	3.01E-02	3.02E-02	2.19E-03	-1.15E-07	3.57E-05	-6.82E-08	0	0	-0.5081	-0.187	-4.2477	-999.999	-2.54E+00	-5.54E-12	-4.78E-07	-6.45E-14	-5.57E-09	-4.85E-15	-4.19E-10	-1.80E-11	-1.56E-06	-1.90E-11	-1.64E-06	5.29E-12	-4.57E-07	6.62E-05	8.80E-07
1	1	-99	2.41E+06	27.84618056	672	7.31333	13.3757	1.25E-12	6.48E-06	2.87E-09	5.46E-05	5.78E-05	5.09E-03	2.39E-06	3.01E-02	3.02E-02	2.19E-03	-1.14E-07	3.56E-05	-6.81E-08	0	0	-0.5066	-0.1871	-4.2472	-999.999	-2.54E+00	-5.45E-12	-4.71E-07	-6.35E-14	-5.48E-09	-4.77E-15	-4.12E-10	-1.80E-11	-1.56E-06	-1.89E-11	-1.64E-06	5.37E-12	-4.64E-07	6.62E-05	8.78E-07
1	1	-99	2.41E+06	27.88784722	673	7.31333	13.3757	1.25E-12	6.50E-06	2.87E-09	5.47E-05	5.76E-05	5.09E-03	2.35E-06	3.01E-02	3.02E-02	2.19E-03	-1.14E-07	3.56E-05	-6.81E-08	0	0	-0.5052	-0.1871	-4.2466	-999.999	-2.54E+00	-5.36E-12	-4.63E-07	-6.24E-14	-5.39E-09	-4.69E-15	-4.05E-10	-1.80E-11	-1.56E-06	-1.89E-11	-1.64E-06	5.46E-12	-4.72E-07	6.62E-05	8.76E-07
1	1	-99	2.41E+06	27.92951389	674	7.31333	13.3757	1.25E-12	6.51E-06	2.87E-09	5.47E-05	5.74E-05	5.09E-03	2.31E-06	3.01E-02	3.02E-02	2.19E-03	-1.14E-07	3.55E-05	-6.81E-08	0	0	-0.5037	-0.1872	-4.246	-999.999	-2.54E+00	-5.27E-12	-4.55E-07	-6.14E-14	-5.30E-09	-4.61E-15	-3.99E-10	-1.80E-11	-1.56E-06	-1.89E-11	-1.64E-06	5.55E-12	-4.79E-07	6.62E-05	8.75E-07
1	1	-99	2.42E+06	27.97118056	675	7.31334	13.3757	1.25E-12	6.53E-06	2.87E-09	5.48E-05	5.72E-05	5.09E-03	2.27E-06	3.01E-02	3.02E-02	2.19E-03	-1.13E-07	3.54E-05	-6.81E-08	0	0	-0.5022	-0.1872	-4.2454	-999.999	-2.54E+00	-5.18E-12	-4.48E-07	-6.04E-14	-5.22E-09	-4.54E-15	-3.92E-10	-1.80E-11	-1.56E-06	-1.89E-11	-1.63E-06	5.64E-12	-4.87E-07	6.62E-05	8.73E-07
1	1	-99	2.42E+06	28.01284722	676	7.31334	13.3757	1.25E-12	6.54E-06	2.87E-09	5.49E-05	5.71E-05	5.09E-03	2.23E-06	3.01E-02	3.02E-02	2.19E-03	-1.13E-07	3.54E-05	-6.80E-08	0	0	-0.5007	-0.1873	-4.2448	-999.999	-2.55E+00	-5.10E-12	-4.40E-07	-5.94E-14	-5.13E-09	-4.46E-15	-3.86E-10	-1.80E-11	-1.56E-06	-1.89E-11	-1.63E-06	5.72E-12	-4.94E-07	6.62E-05	8.71E-07
1	1	-99	2.42E+06	28.05451389	677	7.31334	13.3757	1.25E-12	6.56E-06	2.87E-09	5.49E-05	5.69E-05	5.09E-03	2.20E-06	3.01E-02	3.02E-02	2.19E-03	-1.13E-07	3.53E-05	-6.80E-08	0	0	-0.4993	-0.1873	-4.2442	-999.999	-2.55E+00	-5.01E-12	-4.33E-07	-5.84E-14	-5.05E-09	-4.39E-15	-3.79E-10	-1.80E-11	-1.56E-06	-1.89E-11	-1.63E-06	5.80E-12	-5.01E-07	6.62E-05	8.70E-07
1	1	-99	2.43E+06	28.09618056	678	7.31334	13.3757	1.25E-12	6.57E-06	2.87E-09	5.50E-05	5.67E-05	5.09E-03	2.16E-06	3.01E-02	3.02E-02	2.19E-03	-1.12E-07	3.52E-05	-6.80E-08	0	0	-0.4978	-0.1874	-4.2437	-999.999	-2.55E+00	-4.93E-12	-4.26E-07	-5.75E-14	-4.96E-09	-4.32E-15	-3.73E-10	-1.80E-11	-1.56E-06	-1.89E-11	-1.63E-06	5.89E-12	-5.09E-07	6.62E-05	8.68E-07
1	1	-99	2.43E+06	28.13784722	679	7.31334	13.3757	1.25E-12	6.59E-06	2.87E-09	5.51E-05	5.65E-05	5.09E-03	2.13E-06	3.01E-02	3.02E-02	2.19E-03	-1.12E-07	3.52E-05	-6.79E-08	0	0	-0.4963	-0.1875	-4.2431	-999.999	-2.55E+00	-4.85E-12	-4.19E-07	-5.65E-14	-4.88E-09	-4.25E-15	-3.67E-10	-1.80E-11	-1.56E-06	-1.89E-11	-1.63E-06	5.97E-12	-5.16E-07	6.62E-05	8.66E-07
1	1	-99	2.43E+06	28.17951389	680	7.31335	13.3756	1.25E-12	6.60E-06	2.87E-09	5.51E-05	5.63E-05	5.09E-03	2.09E-06	3.01E-02	3.02E-02	2.19E-03	-1.12E-07	3.51E-05	-6.79E-08	0	0	-0.4949	-0.1875	-4.2425	-999.999	-2.55E+00	-4.77E-12	-4.12E-07	-5.56E-14	-4.80E-09	-4.18E-15	-3.61E-10	-1.80E-11	-1.56E-06	-1.89E-11	-1.63E-06	6.05E-12	-5.23E-07	6.62E-05	8.65E-07
1	1	-99	2.44E+06	28.22118056	681	7.31335	13.3756	1.25E-12	6.62E-06	2.87E-09	5.52E-05	5.61E-05	5.09E-03	2.06E-06	3.01E-02	3.02E-02	2.19E-03	-1.11E-07	3.50E-05	-6.79E-08	0	0	-0.4934	-0.1876	-4.2419	-999.999	-2.55E+00	-4.69E-12	-4.05E-07	-5.47E-14	-4.72E-09	-4.11E-15	-3.55E-10	-1.80E-11	-1.56E-06	-1.89E-11	-1.63E-06	6.13E-12	-5.30E-07	6.62E-05	8.63E-07
1	1	-99	2.44E+06	28.26284722	682	7.31335	13.3756	1.25E-12	6.64E-06	2.87E-09	5.53E-05	5.59E-05	5.09E-03	2.02E-06	3.01E-02	3.02E-02	2.19E-03	-1.11E-07	3.50E-05	-6.78E-08	0	0	-0.4919	-0.1876	-4.2413	-999.999	-2.55E+00	-4.62E-12	-3.99E-07	-5.38E-14	-4.65E-09	-4.04E-15	-3.49E-10	-1.80E-11	-1.56E-06	-1.89E-11	-1.63E-06	6.21E-12	-5.37E-07	6.62E-05	8.61E-07
1	1	-99	2.45E+06	28.30451389	683	7.31335	13.3756	1.25E-12	6.65E-06	2.87E-09	5.53E-05	5.58E-05	5.09E-03	1.99E-06	3.01E-02	3.02E-02	2.19E-03	-1.11E-07	3.49E-05	-6.78E-08	0	0	-0.4905	-0.1877	-4.2408	-999.999	-2.56E+00	-4.54E-12	-3.92E-07	-5.29E-14	-4.57E-09	-3.98E-15	-3.44E-10	-1.80E-11	-1.56E-06	-1.88E-11	-1.63E-06	6.29E-12	-5.43E-07	6.62E-05	8.60E-07
1	1	-99	2.45E+06	28.34618056	684	7.31335	13.3756	1.25E-12	6.67E-06	2.87E-09	5.54E-05	5.56E-05	5.09E-03	1.96E-06	3.01E-02	3.02E-02	2.19E-03	-1.10E-07	3.48E-05	-6.78E-08	0	0	-0.489	-0.1877	-4.2402	-999.999	-2.56E+00	-4.46E-12	-3.86E-07	-5.20E-14	-4.49E-09	-3.91E-15	-3.38E-10	-1.80E-11	-1.56E-06	-1.88E-11	-1.63E-06	6.37E-12	-5.50E-07	6.62E-05	8.58E-07
1	1	-99	2.45E+06	28.38784722	685	7.31336	13.3756	1.25E-12	6.68E-06	2.87E-09	5.55E-05	5.54E-05	5.09E-03	1.92E-06	3.01E-02	3.02E-02	2.19E-03	-1.10E-07	3.47E-05	-6.77E-08	0	0	-0.4875	-0.1878	-4.2396	-999.999	-2.56E+00	-4.39E-12	-3.79E-07	-5.12E-14	-4.42E-09	-3.85E-15	-3.32E-10	-1.80E-11	-1.56E-06	-1.88E-11	-1.63E-06	6.45E-12	-5.57E-07	6.62E-05	8.56E-07
1	1	-99	2.46E+06	28.42951389	686	7.31336	13.3756	1.25E-12	6.70E-06	2.87E-09	5.55E-05	5.52E-05	5.09E-03	1.89E-06	3.01E-02	3.02E-02	2.19E-03	-1.10E-07	3.47E-05	-6.77E-08	0	0	-0.486	-0.1878	-4.239	-999.999	-2.56E+00	-4.32E-12	-3.73E-07	-5.03E-14	-4.35E-09	-3.78E-15	-3.27E-10	-1.80E-11	-1.56E-06	-1.88E-11	-1.63E-06	6.52E-12	-5.63E-07	6.62E-05	8.55E-07
1	1	-99	2.46E+06	28.47118056	687	7.31336	13.3756	1.25E-12	6.71E-06	2.87E-09	5.56E-05	5.50E-05	5.09E-03	1.86E-06	3.01E-02	3.02E-02	2.19E-03	-1.09E-07	3.46E-05	-6.77E-08	0	0	-0.4846	-0.1879	-4.2385	-999.999	-2.56E+00	-4.25E-12	-3.67E-07	-4.95E-14	-4.28E-09	-3.72E-15	-3.22E-10	-1.80E-11	-1.56E-06	-1.88E-11	-1.63E-06	6.60E-12	-5.70E-07	6.62E-05	8.53E-07
1	1	-99	2.46E+06	28.51284722	688	7.31336	13.3756	1.25E-12	6.73E-06	2.87E-09	5.57E-05	5.49E-05	5.09E-03	1.83E-06	3.01E-02	3.02E-02	2.19E-03	-1.09E-07	3.45E-05	-6.76E-08	0	0	-0.4831	-0.1879	-4.2379	-999.999	-2.56E+00	-4.18E-12	-3.61E-07	-4.87E-14	-4.21E-09	-3.66E-15	-3.16E-10	-1.80E-11	-1.56E-06	-1.88E-11	-1.62E-06	6.67E-12	-5.76E-07	6.62E-05	8.51E-07
1	1	-99	2.47E+06	28.55451389	689	7.31336	13.3756	1.25E-12	6.75E-06	2.87E-09	5.57E-05	5.47E-05	5.09E-03	1.80E-06	3.01E-02	3.02E-02	2.19E-03	-1.09E-07	3.45E-05	-6.76E-08	0	0	-0.4817	-0.188	-4.2373	-999.999	-2.56E+00	-4.11E-12	-3.55E-07	-4.79E-14	-4.14E-09	-3.60E-15	-3.11E-10	-1.80E-11	-1.56E-06	-1.88E-11	-1.62E-06	6.75E-12	-5.83E-07	6.62E-05	8.50E-07
1	1	-99	2.47E+06	28.59618056	690	7.31337	13.3756	1.25E-12	6.76E-06	2.87E-09	5.58E-05	5.45E-05	5.09E-03	1.77E-06	3.01E-02	3.02E-02	2.19E-03	-1.08E-07	3.44E-05	-6.76E-08	0	0	-0.4802	-0.1881	-4.2368	-999.999	-2.57E+00	-4.04E-12	-3.49E-07	-4.71E-14	-4.07E-09	-3.54E-15	-3.06E-10	-1.80E-11	-1.56E-06	-1.88E-11	-1.62E-06	6.82E-12	-5.89E-07	6.62E-05	8.48E-07
1	1	-99	2.47E+06	28.63784722	691	7.31337	13.3756	1.25E-12	6.78E-06	2.87E-09	5.59E-05	5.43E-05	5.09E-03	1.74E-06	3.01E-02	3.02E-02	2.19E-03	-1.08E-07	3.43E-05	-6.75E-08	0	0	-0.4787	-0.1881	-4.2362	-999.999	-2.57E+00	-3.98E-12	-3.44E-07	-4.63E-14	-4.00E-09	-3.48E-15	-3.01E-10	-1.80E-11	-1.56E-06	-1.88E-11	-1.62E-06	6.89E-12	-5.95E-07	6.61E-05	8.46E-07
1	1	-99	2.48E+06	28.67951389	692	7.31337	13.3756	1.25E-12	6.79E-06	2.87E-09	5.59E-05	5.42E-05	5.09E-03	1.71E-06	3.01E-02	3.02E-02	2.18E-03	-1.08E-07	3.43E-05	-6.75E-08	0	0	-0.4773	-0.1882	-4.2356	-999.999	-2.57E+00	-3.91E-12	-3.38E-07	-4.56E-14	-3.94E-09	-3.43E-15	-2.96E-10	-1.80E-11	-1.56E-06	-1.88E-11	-1.62E-06	6.96E-12	-6.02E-07	6.61E-05	8.45E-07
1	1	-99	2.48E+06	28.72118056	693	7.31337	13.3756	1.25E-12	6.81E-06	2.87E-09	5.60E-05	5.40E-05	5.09E-03	1.69E-06	3.01E-02	3.02E-02	2.18E-03	-1.07E-07	3.42E-05	-6.75E-08	0	0	-0.4758	-0.1882	-4.2351	-999.999	-2.57E+00	-3.85E-12	-3.32E-07	-4.48E-14	-3.87E-09	-3.37E-15	-2.91E-10	-1.80E-11	-1.56E-06	-1.87E-11	-1.62E-06	7.03E-12	-6.08E-07	6.61E-05	8.43E-07
1	1	-99	2.49E+06	28.76284722	694	7.31337	13.3756	1.25E-12	6.83E-06	2.87E-09	5.61E-05	5.38E-05	5.09E-03	1.66E-06	3.01E-02	3.02E-02	2.18E-03	-1.07E-07	3.41E-05	-6.74E-08	0	0	-0.4743	-0.1883	-4.2345	-999.999	-2.57E+00	-3.78E-12	-3.27E-07	-4.41E-14	-3.81E-09	-3.32E-15	-2.87E-10	-1.80E-11	-1.56E-06	-1.87E-11	-1.62E-06	7.10E-12	-6.14E-07	6.61E-05	8.41E-07
1	1	-99	2.49E+06	28.80451389	695	7.31338	13.3756	1.25E-12	6.84E-06	2.87E-09	5.61E-05	5.36E-05	5.09E-03	1.63E-06	3.01E-02	3.02E-02	2.18E-03	-1.07E-07	3.41E-05	-6.74E-08	0	0	-0.4729	-0.1883	-4.2339	-999.999	-2.57E+00	-3.72E-12	-3.22E-07	-4.34E-14	-3.75E-09	-3.26E-15	-2.82E-10	-1.80E-11	-1.56E-06	-1.87E-11	-1.62E-06	7.17E-12	-6.20E-07	6.61E-05	8.40E-07
1	1	-99	2.49E+06	28.84618056	696	7.31338	13.3756	1.25E-12	6.86E-06	2.87E-09	5.62E-05	5.35E-05	5.09E-03	1.60E-06	3.01E-02	3.02E-02	2.18E-03	-1.07E-07	3.40E-05	-6.74E-08	0	0	-0.4714	-0.1884	-4.2334	-999.999	-2.57E+00	-3.66E-12	-3.16E-07	-4.26E-14	-3.68E-09	-3.21E-15	-2.77E-10	-1.80E-11	-1.56E-06	-1.87E-11	-1.62E-06	7.24E-12	-6.26E-07	6.61E-05	8.38E-07
1	1	-99	2.50E+06	28.88784722	697	7.31338	13.3756	1.25E-12	6.88E-06	2.87E-09	5.63E-05	5.33E-05	5.09E-03	1.58E-06	3.01E-02	3.02E-02	2.18E-03	-1.06E-07	3.39E-05	-6.73E-08	0	0	-0.47	-0.1884	-4.2328	-999.999	-2.58E+00	-3.60E-12	-3.11E-07	-4.19E-14	-3.62E-09	-3.16E-15	-2.73E-10	-1.80E-11	-1.56E-06	-1.87E-11	-1.62E-06	7.31E-12	-6.32E-07	6.61E-05	8.36E-07
1	1	-99	2.50E+06	28.92951389	698	7.31338	13.3756	1.25E-12	6.89E-06	2.87E-09	5.63E-05	5.31E-05	5.09E-03	1.55E-06	3.01E-02	3.02E-02	2.18E-03	-1.06E-07	3.39E-05	-6.73E-08	0	0	-0.4685	-0.1885	-4.2322	-999.999	-2.58E+00	-3.54E-12	-3.06E-07	-4.13E-14	-3.56E-09	-3.10E-15	-2.68E-10	-1.80E-11	-1.56E-06	-1.87E-11	-1.62E-06	7.38E-12	-6.37E-07	6.61E-05	8.35E-07
1	1	-99	2.50E+06	28.97118056	699	7.31338	13.3756	1.25E-12	6.91E-06	2.87E-09	5.64E-05	5.29E-05	5.09E-03	1.53E-06	3.01E-02	3.02E-02	2.18E-03	-1.06E-07	3.38E-05	-6.72E-08	0	0	-0.467	-0.1886	-4.2317	-999.999	-2.58E+00	-3.48E-12	-3.01E-07	-4.06E-14	-3.51E-09	-3.05E-15	-2.64E-10	-1.80E-11	-1.56E-06	-1.87E-11	-1.61E-06	7.44E-12	-6.43E-07	6.61E-05	8.33E-07
1	1	-99	2.51E+06	29.01284722	700	7.31338	13.3756	1.25E-12	6.93E-06	2.87E-09	5.65E-05	5.28E-05	5.09E-03	1.50E-06	3.01E-02	3.02E-02	2.18E-03	-1.05E-07	3.37E-05	-6.72E-08	0	0	-0.4656	-0.1886	-4.2311	-999.999	-2.58E+00	-3.43E-12	-2.96E-07	-3.99E-14	-3.45E-09	-3.00E-15	-2.59E-10	-1.80E-11	-1.56E-06	-1.87E-11	-1.61E-06	7.51E-12	-6.49E-07	6.61E-05	8.31E-07
1	1	-99	2.51E+06	29.05451389	701	7.31339	13.3756	1.25E-12	6.94E-06	2.87E-09	5.65E-05	5.26E-05	5.09E-03	1.48E-06	3.01E-02	3.02E-02	2.18E-03	-1.05E-07	3.37E-05	-6.72E-08	0	0	-0.4641	-0.1887	-4.2306	-999.999	-2.58E+00	-3.37E-12	-2.91E-07	-3.93E-14	-3.39E-09	-2.95E-15	-2.55E-10	-1.80E-11	-1.56E-06	-1.87E-11	-1.61E-06	7.58E-12	-6.55E-07	6.61E-05	8.30E-07
1	1	-99	2.51E+06	29.09618056	702	7.31339	13.3756	1.25E-12	6.96E-06	2.87E-09	5.66E-05	5.24E-05	5.09E-03	1.45E-06	3.01E-02	3.02E-02	2.18E-03	-1.05E-07	3.36E-05	-6.71E-08	0	0	-0.4627	-0.1887	-4.23	-999.999	-2.58E+00	-3.31E-12	-2.86E-07	-3.86E-14	-3.34E-09	-2.91E-15	-2.51E-10	-1.80E-11	-1.56E-06	-1.87E-11	-1.61E-06	7.64E-12	-6.60E-07	6.61E-05	8.28E-07
1	1	-99	2.52E+06	29.13784722	703	7.31339	13.3756	1.25E-12	6.98E-06	2.87E-09	5.67E-05	5.23E-05	5.09E-03	1.43E-06	3.01E-02	3.02E-02	2.18E-03	-1.05E-07	3.35E-05	-6.71E-08	0	0	-0.4612	-0.1888	-4.2294	-999.999	-2.59E+00	-3.26E-12	-2.82E-07	-3.80E-14	-3.28E-09	-2.86E-15	-2.47E-10	-1.80E-11	-1.56E-06	-1.86E-11	-1.61E-06	7.70E-12	-6.66E-07	6.61E-05	8.26E-07
1	1	-99	2.52E+06	29.17951389	704	7.31339	13.3756	1.25E-12	6.99E-06	2.87E-09	5.67E-05	5.21E-05	5.09E-03	1.41E-06	3.01E-02	3.02E-02	2.18E-03	-1.04E-07	3.35E-05	-6.71E-08	0	0	-0.4597	-0.1888	-4.2289	-999.999	-2.59E+00	-3.21E-12	-2.77E-07	-3.74E-14	-3.23E-09	-2.81E-15	-2.43E-10	-1.80E-11	-1.56E-06	-1.86E-11	-1.61E-06	7.77E-12	-6.71E-07	6.61E-05	8.25E-07
1	1	-99	2.52E+06	29.22118056	705	7.31339	13.3756	1.25E-12	7.01E-06	2.87E-09	5.68E-05	5.19E-05	5.09E-03	1.38E-06	3.01E-02	3.02E-02	2.18E-03	-1.04E-07	3.34E-05	-6.70E-08	0	0	-0.4583	-0.1889	-4.2283	-999.999	-2.59E+00	-3.15E-12	-2.73E-07	-3.67E-14	-3.18E-09	-2.77E-15	-2.39E-10	-1.80E-11	-1.56E-06	-1.86E-11	-1.61E-06	7.83E-12	-6.77E-07	6.61E-05	8.23E-07
1	1	-99	2.53E+06	29.26284722	706	7.31339	13.3756	1.25E-12	7.03E-06	2.87E-09	5.69E-05	5.18E-05	5.09E-03	1.36E-06	3.01E-02	3.02E-02	2.18E-03	-1.04E-07	3.33E-05	-6.70E-08	0	0	-0.4568	-0.1889	-4.2278	-999.999	-2.59E+00	-3.10E-12	-2.68E-07	-3.61E-14	-3.12E-09	-2.72E-15	-2.35E-10	-1.80E-11	-1.56E-06	-1.86E-11	-1.61E-06	7.89E-12	-6.82E-07	6.61E-05	8.21E-07
1	1	-99	2.53E+06	29.30451389	707	7.3134	13.3756	1.25E-12	7.04E-06	2.87E-09	5.70E-05	5.16E-05	5.09E-03	1.34E-06	3.01E-02	3.02E-02	2.18E-03	-1.04E-07	3.33E-05	-6.69E-08	0	0	-0.4554	-0.189	-4.2272	-999.999	-2.59E+00	-3.05E-12	-2.64E-07	-3.56E-14	-3.07E-09	-2.68E-15	-2.31E-10	-1.80E-11	-1.56E-06	-1.86E-11	-1.61E-06	7.95E-12	-6.87E-07	6.61E-05	8.20E-07
1	1	-99	2.54E+06	29.34618056	708	7.3134	13.3756	1.25E-12	7.06E-06	2.87E-09	5.70E-05	5.14E-05	5.09E-03	1.32E-06	3.01E-02	3.02E-02	2.18E-03	-1.03E-07	3.32E-05	-6.69E-08	0	0	-0.4539	-0.1891	-4.2267	-999.999	-2.59E+00	-3.00E-12	-2.59E-07	-3.50E-14	-3.02E-09	-2.63E-15	-2.27E-10	-1.80E-11	-1.56E-06	-1.86E-11	-1.61E-06	8.01E-12	-6.92E-07	6.61E-05	8.18E-07
1	1	-99	2.54E+06	29.38784722	709	7.3134	13.3756	1.25E-12	7.08E-06	2.87E-09	5.71E-05	5.13E-05	5.09E-03	1.29E-06	3.01E-02	3.02E-02	2.18E-03	-1.03E-07	3.31E-05	-6.69E-08	0	0	-0.4525	-0.1891	-4.2261	-999.999	-2.59E+00	-2.95E-12	-2.55E-07	-3.44E-14	-2.97E-09	-2.59E-15	-2.24E-10	-1.80E-11	-1.56E-06	-1.86E-11	-1.61E-06	8.07E-12	-6.98E-07	6.61E-05	8.16E-07
1	1	-99	2.54E+06	29.42951389	710	7.3134	13.3756	1.25E-12	7.09E-06	2.87E-09	5.72E-05	5.11E-05	5.09E-03	1.27E-06	3.01E-02	3.02E-02	2.18E-03	-1.03E-07	3.31E-05	-6.68E-08	0	0	-0.451	-0.1892	-4.2255	-999.999	-2.60E+00	-2.90E-12	-2.51E-07	-3.38E-14	-2.92E-09	-2.55E-15	-2.20E-10	-1.80E-11	-1.56E-06	-1.86E-11	-1.60E-06	8.13E-12	-7.03E-07	6.61E-05	8.15E-07
1	1	-99	2.55E+06	29.47118056	711	7.3134	13.3756	1.25E-12	7.11E-06	2.87E-09	5.72E-05	5.09E-05	5.09E-03	1.25E-06	3.01E-02	3.02E-02	2.18E-03	-1.02E-07	3.30E-05	-6.68E-08	0	0	-0.4496	-0.1892	-4.225	-999.999	-2.60E+00	-2.86E-12	-2.47E-07	-3.33E-14	-2.87E-09	-2.50E-15	-2.16E-10	-1.80E-11	-1.56E-06	-1.86E-11	-1.60E-06	8.19E-12	-7.08E-07	6.61E-05	8.13E-07
1	1	-99	2.55E+06	29.51284722	712	7.3134	13.3756	1.25E-12	7.13E-06	2.87E-09	5.73E-05	5.08E-05	5.09E-03	1.23E-06	3.01E-02	3.02E-02	2.18E-03	-1.02E-07	3.29E-05	-6.67E-08	0	0	-0.4481	-0.1893	-4.2244	-999.999	-2.60E+00	-2.81E-12	-2.43E-07	-3.27E-14	-2.83E-09	-2.46E-15	-2.13E-10	-1.80E-11	-1.56E-06	-1.85E-11	-1.60E-06	8.25E-12	-7.13E-07	6.61E-05	8.11E-07
1	1	-99	2.55E+06	29.55451389	713	7.31341	13.3756	1.25E-12	7.14E-06	2.87E-09	5.74E-05	5.06E-05	5.09E-03	1.21E-06	3.01E-02	3.02E-02	2.18E-03	-1.02E-07	3.29E-05	-6.67E-08	0	0	-0.4467	-0.1893	-4.2239	-999.999	-2.60E+00	-2.76E-12	-2.39E-07	-3.22E-14	-2.78E-09	-2.42E-15	-2.09E-10	-1.80E-11	-1.56E-06	-1.85E-11	-1.60E-06	8.31E-12	-7.18E-07	6.61E-05	8.10E-07
1	1	-99	2.56E+06	29.59618056	714	7.31341	13.3756	1.25E-12	7.16E-06	2.87E-09	5.74E-05	5.04E-05	5.09E-03	1.19E-06	3.01E-02	3.02E-02	2.18E-03	-1.02E-07	3.28E-05	-6.67E-08	0	0	-0.4452	-0.1894	-4.2233	-999.999	-2.60E+00	-2.72E-12	-2.35E-07	-3.17E-14	-2.74E-09	-2.38E-15	-2.06E-10	-1.80E-11	-1.56E-06	-1.85E-11	-1.60E-06	8.36E-12	-7.23E-07	6.61E-05	8.08E-07
1	1	-99	2.56E+06	29.63784722	715	7.31341	13.3756	1.25E-12	7.18E-06	2.87E-09	5.75E-05	5.03E-05	5.09E-03	1.17E-06	3.01E-02	3.02E-02	2.18E-03	-1.01E-07	3.27E-05	-6.66E-08	0	0	-0.4438	-0.1894	-4.2228	-999.999	-2.60E+00	-2.67E-12	-2.31E-07	-3.11E-14	-2.69E-09	-2.34E-15	-2.03E-10	-1.80E-11	-1.56E-06	-1.85E-11	-1.60E-06	8.42E-12	-7.28E-07	6.61E-05	8.07E-07
1	1	-99	2.56E+06	29.67951389	716	7.31341	13.3756	1.25E-12	7.20E-06	2.87E-09	5.76E-05	5.01E-05	5.09E-03	1.15E-06	3.01E-02	3.02E-02	2.18E-03	-1.01E-07	3.27E-05	-6.66E-08	0	0	-0.4423	-0.1895	-4.2223	-999.999	-2.60E+00	-2.63E-12	-2.27E-07	-3.06E-14	-2.65E-09	-2.31E-15	-1.99E-10	-1.80E-11	-1.56E-06	-1.85E-11	-1.60E-06	8.48E-12	-7.32E-07	6.61E-05	8.05E-07
1	1	-99	2.57E+06	29.72118056	717	7.31341	13.3756	1.25E-12	7.21E-06	2.87E-09	5.76E-05	5.00E-05	5.09E-03	1.13E-06	3.01E-02	3.02E-02	2.18E-03	-1.01E-07	3.26E-05	-6.65E-08	0	0	-0.4409	-0.1895	-4.2217	-999.999	-2.61E+00	-2.59E-12	-2.23E-07	-3.01E-14	-2.60E-09	-2.27E-15	-1.96E-10	-1.80E-11	-1.56E-06	-1.85E-11	-1.60E-06	8.53E-12	-7.37E-07	6.61E-05	8.03E-07
1	1	-99	2.57E+06	29.76284722	718	7.31341	13.3756	1.25E-12	7.23E-06	2.87E-09	5.77E-05	4.98E-05	5.09E-03	1.12E-06	3.01E-02	3.02E-02	2.18E-03	-1.01E-07	3.25E-05	-6.65E-08	0	0	-0.4394	-0.1896	-4.2212	-999.999	-2.61E+00	-2.54E-12	-2.20E-07	-2.96E-14	-2.56E-09	-2.23E-15	-1.93E-10	-1.80E-11	-1.56E-06	-1.85E-11	-1.60E-06	8.59E-12	-7.42E-07	6.61E-05	8.02E-07
1	1	-99	2.58E+06	29.80451389	719	7.31341	13.3756	1.25E-12	7.25E-06	2.87E-09	5.78E-05	4.96E-05	5.09E-03	1.10E-06	3.01E-02	3.02E-02	2.18E-03	-1.00E-07	3.25E-05	-6.64E-08	0	0	-0.438	-0.1897	-4.2206	-999.999	-2.61E+00	-2.50E-12	-2.16E-07	-2.92E-14	-2.52E-09	-2.19E-15	-1.90E-10	-1.80E-11	-1.56E-06	-1.85E-11	-1.59E-06	8.64E-12	-7.47E-07	6.61E-05	8.00E-07
1	1	-99	2.58E+06	29.84618056	720	7.31342	13.3756	1.25E-12	7.27E-06	2.87E-09	5.78E-05	4.95E-05	5.09E-03	1.08E-06	3.01E-02	3.02E-02	2.18E-03	-1.00E-07	3.24E-05	-6.64E-08	0	0	-0.4365	-0.1897	-4.2201	-999.999	-2.61E+00	-2.46E-12	-2.13E-07	-2.87E-14	-2.48E-09	-2.16E-15	-1.87E-10	-1.80E-11	-1.56E-06	-1.84E-11	-1.59E-06	8.69E-12	-7.51E-07	6.61E-05	7.98E-07
1	1	-99	2.58E+06	29.88784722	721	7.31342	13.3756	1.25E-12	7.28E-06	2.87E-09	5.79E-05	4.93E-05	5.09E-03	1.06E-06	3.01E-02	3.02E-02	2.18E-03	-1.00E-07	3.23E-05	-6.64E-08	0	0	-0.4351	-0.1898	-4.2195	-999.999	-2.61E+00	-2.42E-12	-2.09E-07	-2.82E-14	-2.44E-09	-2.12E-15	-1.83E-10	-1.80E-11	-1.56E-06	-1.84E-11	-1.59E-06	8.75E-12	-7.56E-07	6.61E-05	7.97E-07
1	1	-99	2.59E+06	29.92951389	722	7.31342	13.3756	1.25E-12	7.30E-06	2.87E-09	5.79E-05	4.92E-05	5.09E-03	1.04E-06	3.01E-02	3.02E-02	2.18E-03	-9.98E-08	3.23E-05	-6.63E-08	0	0	-0.4336	-0.1898	-4.219	-999.999	-2.61E+00	-2.38E-12	-2.06E-07	-2.77E-14	-2.40E-09	-2.09E-15	-1.80E-10	-1.80E-11	-1.56E-06	-1.84E-11	-1.59E-06	8.80E-12	-7.60E-07	6.61E-05	7.95E-07
1	1	-99	2.59E+06	29.97118056	723	7.31342	13.3756	1.25E-12	7.32E-06	2.87E-09	5.80E-05	4.90E-05	5.09E-03	1.03E-06	3.01E-02	3.02E-02	2.18E-03	-9.95E-08	3.22E-05	-6.63E-08	0	0	-0.4322	-0.1899	-4.2184	-999.999	-2.61E+00	-2.34E-12	-2.02E-07	-2.73E-14	-2.36E-09	-2.05E-15	-1.78E-10	-1.80E-11	-1.56E-06	-1.84E-11	-1.59E-06	8.85E-12	-7.65E-07	6.60E-05	7.93E-07
1	1	-99	2.59E+06	30.01284722	724	7.31342	13.3756	1.25E-12	7.34E-06	2.87E-09	5.81E-05	4.88E-05	5.09E-03	1.01E-06	3.01E-02	3.02E-02	2.18E-03	-9.93E-08	3.21E-05	-6.62E-08	0	0	-0.4307	-0.1899	-4.2179	-999.999	-2.62E+00	-2.30E-12	-1.99E-07	-2.68E-14	-2.32E-09	-2.02E-15	-1.75E-10	-1.80E-11	-1.56E-06	-1.84E-11	-1.59E-06	8.90E-12	-7.69E-07	6.60E-05	7.92E-07
1	1	-99	2.60E+06	30.05451389	725	7.31342	13.3756	1.25E-12	7.36E-06	2.87E-09	5.81E-05	4.87E-05	5.09E-03	9.94E-07	3.01E-02	3.02E-02	2.18E-03	-9.91E-08	3.21E-05	-6.62E-08	0	0	-0.4293	-0.19	-4.2174	-999.999	-2.62E+00	-2.27E-12	-1.96E-07	-2.64E-14	-2.28E-09	-1.99E-15	-1.72E-10	-1.80E-11	-1.56E-06	-1.84E-11	-1.59E-06	8.95E-12	-7.74E-07	6.60E-05	7.90E-07
1	1	-99	2.60E+06	30.09618056	726	7.31342	13.3756	1.25E-12	7.37E-06	2.87E-09	5.82E-05	4.85E-05	5.09E-03	9.78E-07	3.01E-02	3.02E-02	2.18E-03	-9.88E-08	3.20E-05	-6.61E-08	0	0	-0.4278	-0.19	-4.2168	-999.999	-2.62E+00	-2.23E-12	-1.93E-07	-2.60E-14	-2.24E-09	-1.96E-15	-1.69E-10	-1.80E-11	-1.56E-06	-1.84E-11	-1.59E-06	9.00E-12	-7.78E-07	6.60E-05	7.89E-07
1	1	-99	2.60E+06	30.13784722	727	7.31342	13.3756	1.25E-12	7.39E-06	2.87E-09	5.83E-05	4.84E-05	5.09E-03	9.62E-07	3.01E-02	3.02E-02	2.18E-03	-9.86E-08	3.19E-05	-6.61E-08	0	0	-0.4264	-0.1901	-4.2163	-999.999	-2.62E+00	-2.19E-12	-1.89E-07	-2.55E-14	-2.21E-09	-1.92E-15	-1.66E-10	-1.80E-11	-1.56E-06	-1.84E-11	-1.59E-06	9.05E-12	-7.82E-07	6.60E-05	7.87E-07
1	1	-99	2.61E+06	30.17951389	728	7.31343	13.3756	1.25E-12	7.41E-06	2.87E-09	5.83E-05	4.82E-05	5.09E-03	9.46E-07	3.01E-02	3.02E-02	2.18E-03	-9.84E-08	3.19E-05	-6.60E-08	0	0	-0.4249	-0.1902	-4.2158	-999.999	-2.62E+00	-2.16E-12	-1.86E-07	-2.51E-14	-2.17E-09	-1.89E-15	-1.63E-10	-1.80E-11	-1.56E-06	-1.83E-11	-1.59E-06	9.10E-12	-7.86E-07	6.60E-05	7.85E-07
1	1	-99	2.61E+06	30.22118056	729	7.31343	13.3756	1.25E-12	7.43E-06	2.87E-09	5.84E-05	4.81E-05	5.09E-03	9.31E-07	3.01E-02	3.02E-02	2.18E-03	-9.81E-08	3.18E-05	-6.60E-08	0	0	-0.4235	-0.1902	-4.2152	-999.999	-2.62E+00	-2.12E-12	-1.83E-07	-2.47E-14	-2.13E-09	-1.86E-15	-1.61E-10	-1.80E-11	-1.56E-06	-1.83E-11	-1.58E-06	9.15E-12	-7.91E-07	6.60E-05	7.84E-07
1	1	-99	2.61E+06	30.26284722	730	7.31343	13.3756	1.25E-12	7.45E-06	2.87E-09	5.85E-05	4.79E-05	5.09E-03	9.16E-07	3.01E-02	3.02E-02	2.18E-03	-9.79E-08	3.17E-05	-6.59E-08	0	0	-0.4221	-0.1903	-4.2147	-999.999	-2.62E+00	-2.09E-12	-1.80E-07	-2.43E-14	-2.10E-09	-1.83E-15	-1.58E-10	-1.80E-11	-1.56E-06	-1.83E-11	-1.58E-06	9.20E-12	-7.95E-07	6.60E-05	7.82E-07
1	1	-99	2.62E+06	30.30451389	731	7.31343	13.3756	1.25E-12	7.46E-06	2.87E-09	5.85E-05	4.78E-05	5.09E-03	9.01E-07	3.01E-02	3.02E-02	2.18E-03	-9.77E-08	3.17E-05	-6.59E-08	0	0	-0.4206	-0.1903	-4.2142	-999.999	-2.63E+00	-2.05E-12	-1.77E-07	-2.39E-14	-2.07E-09	-1.80E-15	-1.56E-10	-1.80E-11	-1.56E-06	-1.83E-11	-1.58E-06	9.25E-12	-7.99E-07	6.60E-05	7.80E-07
1	1	-99	2.62E+06	30.34618056	732	7.31343	13.3756	1.25E-12	7.48E-06	2.87E-09	5.86E-05	4.76E-05	5.09E-03	8.86E-07	3.01E-02	3.02E-02	2.18E-03	-9.75E-08	3.16E-05	-6.59E-08	0	0	-0.4192	-0.1904	-4.2136	-999.999	-2.63E+00	-2.02E-12	-1.74E-07	-2.35E-14	-2.03E-09	-1.77E-15	-1.53E-10	-1.80E-11	-1.56E-06	-1.83E-11	-1.58E-06	9.29E-12	-8.03E-07	6.60E-05	7.79E-07
1	1	-99	2.63E+06	30.38784722	733	7.31343	13.3756	1.25E-12	7.50E-06	2.87E-09	5.87E-05	4.75E-05	5.09E-03	8.71E-07	3.01E-02	3.02E-02	2.18E-03	-9.73E-08	3.15E-05	-6.58E-08	0	0	-0.4177	-0.1904	-4.2131	-999.999	-2.63E+00	-1.99E-12	-1.72E-07	-2.31E-14	-2.00E-09	-1.74E-15	-1.51E-10	-1.80E-11	-1.56E-06	-1.83E-11	-1.58E-06	9.34E-12	-8.07E-07	6.60E-05	7.77E-07
1	1	-99	2.63E+06	30.42951389	734	7.31343	13.3756	1.25E-12	7.52E-06	2.87E-09	5.87E-05	4.73E-05	5.09E-03	8.57E-07	3.01E-02	3.02E-02	2.18E-03	-9.70E-08	3.15E-05	-6.58E-08	0	0	-0.4163	-0.1905	-4.2126	-999.999	-2.63E+00	-1.95E-12	-1.69E-07	-2.27E-14	-1.97E-09	-1.71E-15	-1.48E-10	-1.80E-11	-1.56E-06	-1.83E-11	-1.58E-06	9.39E-12	-8.11E-07	6.60E-05	7.76E-07
1	1	-99	2.63E+06	30.47118056	735	7.31343	13.3756	1.25E-12	7.54E-06	2.87E-09	5.88E-05	4.72E-05	5.09E-03	8.43E-07	3.01E-02	3.02E-02	2.18E-03	-9.68E-08	3.14E-05	-6.57E-08	0	0	-0.4148	-0.1905	-4.212	-999.999	-2.63E+00	-1.92E-12	-1.66E-07	-2.24E-14	-1.93E-09	-1.69E-15	-1.46E-10	-1.80E-11	-1.56E-06	-1.83E-11	-1.58E-06	9.43E-12	-8.15E-07	6.60E-05	7.74E-07
1	1	-99	2.64E+06	30.51284722	736	7.31344	13.3756	1.25E-12	7.55E-06	2.87E-09	5.89E-05	4.70E-05	5.09E-03	8.29E-07	3.01E-02	3.02E-02	2.18E-03	-9.66E-08	3.13E-05	-6.57E-08	0	0	-0.4134	-0.1906	-4.2115	-999.999	-2.63E+00	-1.89E-12	-1.63E-07	-2.20E-14	-1.90E-09	-1.66E-15	-1.43E-10	-1.80E-11	-1.56E-06	-1.82E-11	-1.58E-06	9.48E-12	-8.19E-07	6.60E-05	7.72E-07
1	1	-99	2.64E+06	30.55451389	737	7.31344	13.3756	1.25E-12	7.57E-06	2.87E-09	5.89E-05	4.69E-05	5.09E-03	8.16E-07	3.01E-02	3.02E-02	2.18E-03	-9.64E-08	3.13E-05	-6.56E-08	0	0	-0.412	-0.1906	-4.211	-999.999	-2.63E+00	-1.86E-12	-1.61E-07	-2.16E-14	-1.87E-09	-1.63E-15	-1.41E-10	-1.80E-11	-1.56E-06	-1.82E-11	-1.57E-06	9.52E-12	-8.23E-07	6.60E-05	7.71E-07
1	1	-99	2.64E+06	30.59618056	738	7.31344	13.3756	1.25E-12	7.59E-06	2.87E-09	5.90E-05	4.67E-05	5.09E-03	8.02E-07	3.01E-02	3.02E-02	2.18E-03	-9.62E-08	3.12E-05	-6.56E-08	0	0	-0.4105	-0.1907	-4.2104	-999.999	-2.64E+00	-1.83E-12	-1.58E-07	-2.13E-14	-1.84E-09	-1.60E-15	-1.39E-10	-1.80E-11	-1.56E-06	-1.82E-11	-1.57E-06	9.57E-12	-8.27E-07	6.60E-05	7.69E-07
1	1	-99	2.65E+06	30.63784722	739	7.31344	13.3756	1.25E-12	7.61E-06	2.87E-09	5.91E-05	4.66E-05	5.09E-03	7.89E-07	3.01E-02	3.02E-02	2.18E-03	-9.60E-08	3.11E-05	-6.55E-08	0	0	-0.4091	-0.1908	-4.2099	-999.999	-2.64E+00	-1.80E-12	-1.55E-07	-2.09E-14	-1.81E-09	-1.58E-15	-1.36E-10	-1.80E-11	-1.56E-06	-1.82E-11	-1.57E-06	9.61E-12	-8.31E-07	6.60E-05	7.67E-07
1	1	-99	2.65E+06	30.67951389	740	7.31344	13.3756	1.25E-12	7.63E-06	2.87E-09	5.91E-05	4.64E-05	5.09E-03	7.76E-07	3.01E-02	3.02E-02	2.18E-03	-9.57E-08	3.11E-05	-6.55E-08	0	0	-0.4076	-0.1908	-4.2094	-999.999	-2.64E+00	-1.77E-12	-1.53E-07	-2.06E-14	-1.78E-09	-1.55E-15	-1.34E-10	-1.80E-11	-1.56E-06	-1.82E-11	-1.57E-06	9.66E-12	-8.34E-07	6.60E-05	7.66E-07
1	1	-99	2.65E+06	30.72118056	741	7.31344	13.3756	1.25E-12	7.65E-06	2.87E-09	5.92E-05	4.63E-05	5.09E-03	7.64E-07	3.01E-02	3.02E-02	2.18E-03	-9.55E-08	3.10E-05	-6.54E-08	0	0	-0.4062	-0.1909	-4.2089	-999.999	-2.64E+00	-1.74E-12	-1.50E-07	-2.03E-14	-1.75E-09	-1.53E-15	-1.32E-10	-1.80E-11	-1.56E-06	-1.82E-11	-1.57E-06	9.70E-12	-8.38E-07	6.60E-05	7.64E-07
1	1	-99	2.66E+06	30.76284722	742	7.31344	13.3756	1.25E-12	7.67E-06	2.87E-09	5.93E-05	4.61E-05	5.09E-03	7.51E-07	3.01E-02	3.02E-02	2.18E-03	-9.53E-08	3.10E-05	-6.54E-08	0	0	-0.4048	-0.1909	-4.2083	-999.999	-2.64E+00	-1.71E-12	-1.48E-07	-1.99E-14	-1.72E-09	-1.50E-15	-1.30E-10	-1.80E-11	-1.56E-06	-1.82E-11	-1.57E-06	9.74E-12	-8.42E-07	6.60E-05	7.63E-07
1	1	-99	2.66E+06	30.80451389	743	7.31344	13.3756	1.25E-12	7.69E-06	2.87E-09	5.93E-05	4.60E-05	5.09E-03	7.39E-07	3.01E-02	3.02E-02	2.18E-03	-9.51E-08	3.09E-05	-6.53E-08	0	0	-0.4033	-0.191	-4.2078	-999.999	-2.64E+00	-1.68E-12	-1.45E-07	-1.96E-14	-1.69E-09	-1.48E-15	-1.28E-10	-1.80E-11	-1.56E-06	-1.81E-11	-1.57E-06	9.78E-12	-8.45E-07	6.60E-05	7.61E-07
1	1	-99	2.67E+06	30.84618056	744	7.31344	13.3756	1.25E-12	7.70E-06	2.87E-09	5.94E-05	4.58E-05	5.09E-03	7.27E-07	3.01E-02	3.02E-02	2.18E-03	-9.49E-08	3.08E-05	-6.53E-08	0	0	-0.4019	-0.191	-4.2073	-999.999	-2.64E+00	-1.66E-12	-1.43E-07	-1.93E-14	-1.67E-09	-1.45E-15	-1.26E-10	-1.80E-11	-1.56E-06	-1.81E-11	-1.57E-06	9.83E-12	-8.49E-07	6.60E-05	7.59E-07
1	1	-99	2.67E+06	30.88784722	745	7.31345	13.3756	1.25E-12	7.72E-06	2.87E-09	5.95E-05	4.57E-05	5.09E-03	7.15E-07	3.01E-02	3.02E-02	2.18E-03	-9.47E-08	3.08E-05	-6.52E-08	0	0	-0.4004	-0.1911	-4.2068	-999.999	-2.65E+00	-1.63E-12	-1.41E-07	-1.90E-14	-1.64E-09	-1.43E-15	-1.24E-10	-1.80E-11	-1.56E-06	-1.81E-11	-1.56E-06	9.87E-12	-8.53E-07	6.60E-05	7.58E-07
1	1	-99	2.67E+06	30.92951389	746	7.31345	13.3756	1.25E-12	7.74E-06	2.87E-09	5.95E-05	4.55E-05	5.09E-03	7.03E-07	3.01E-02	3.02E-02	2.18E-03	-9.45E-08	3.07E-05	-6.51E-08	0	0	-0.399	-0.1911	-4.2063	-999.999	-2.65E+00	-1.60E-12	-1.38E-07	-1.87E-14	-1.61E-09	-1.41E-15	-1.21E-10	-1.80E-11	-1.56E-06	-1.81E-11	-1.56E-06	9.91E-12	-8.56E-07	6.60E-05	7.56E-07
1	1	-99	2.68E+06	30.97118056	747	7.31345	13.3756	1.25E-12	7.76E-06	2.87E-09	5.96E-05	4.54E-05	5.09E-03	6.92E-07	3.01E-02	3.02E-02	2.18E-03	-9.43E-08	3.06E-05	-6.51E-08	0	0	-0.3976	-0.1912	-4.2057	-999.999	-2.65E+00	-1.58E-12	-1.36E-07	-1.84E-14	-1.59E-09	-1.38E-15	-1.19E-10	-1.80E-11	-1.56E-06	-1.81E-11	-1.56E-06	9.95E-12	-8.60E-07	6.60E-05	7.55E-07
1	1	-99	2.68E+06	31.01284722	748	7.31345	13.3756	1.25E-12	7.78E-06	2.87E-09	5.97E-05	4.52E-05	5.09E-03	6.80E-07	3.01E-02	3.02E-02	2.18E-03	-9.41E-08	3.06E-05	-6.50E-08	0	0	-0.3961	-0.1912	-4.2052	-999.999	-2.65E+00	-1.55E-12	-1.34E-07	-1.81E-14	-1.56E-09	-1.36E-15	-1.18E-10	-1.80E-11	-1.56E-06	-1.81E-11	-1.56E-06	9.99E-12	-8.63E-07	6.60E-05	7.53E-07
1	1	-99	2.68E+06	31.05451389	749	7.31345	13.3756	1.25E-12	7.80E-06	2.87E-09	5.97E-05	4.51E-05	5.09E-03	6.69E-07	3.01E-02	3.02E-02	2.18E-03	-9.39E-08	3.05E-05	-6.50E-08	0	0	-0.3947	-0.1913	-4.2047	-999.999	-2.65E+00	-1.52E-12	-1.32E-07	-1.78E-14	-1.53E-09	-1.34E-15	-1.16E-10	-1.80E-11	-1.56E-06	-1.80E-11	-1.56E-06	1.00E-11	-8.67E-07	6.60E-05	7.51E-07
1	1	-99	2.69E+06	31.09618056	750	7.31345	13.3756	1.25E-12	7.82E-06	2.87E-09	5.98E-05	4.50E-05	5.09E-03	6.58E-07	3.01E-02	3.02E-02	2.18E-03	-9.37E-08	3.04E-05	-6.49E-08	0	0	-0.3932	-0.1914	-4.2042	-999.999	-2.65E+00	-1.50E-12	-1.30E-07	-1.75E-14	-1.51E-09	-1.32E-15	-1.14E-10	-1.80E-11	-1.56E-06	-1.80E-11	-1.56E-06	1.01E-11	-8.70E-07	6.60E-05	7.50E-07
1	1	-99	2.69E+06	31.13784722	751	7.31345	13.3756	1.25E-12	7.84E-06	2.87E-09	5.99E-05	4.48E-05	5.09E-03	6.48E-07	3.01E-02	3.02E-02	2.18E-03	-9.35E-08	3.04E-05	-6.49E-08	0	0	-0.3918	-0.1914	-4.2037	-999.999	-2.65E+00	-1.47E-12	-1.27E-07	-1.72E-14	-1.48E-09	-1.29E-15	-1.12E-10	-1.80E-11	-1.56E-06	-1.80E-11	-1.56E-06	1.01E-11	-8.73E-07	6.60E-05	7.48E-07
1	1	-99	2.69E+06	31.17951389	752	7.31345	13.3756	1.25E-12	7.86E-06	2.87E-09	5.99E-05	4.47E-05	5.09E-03	6.37E-07	3.01E-02	3.02E-02	2.18E-03	-9.33E-08	3.03E-05	-6.48E-08	0	0	-0.3904	-0.1915	-4.2032	-999.999	-2.66E+00	-1.45E-12	-1.25E-07	-1.69E-14	-1.46E-09	-1.27E-15	-1.10E-10	-1.80E-11	-1.56E-06	-1.80E-11	-1.56E-06	1.01E-11	-8.77E-07	6.60E-05	7.47E-07
1	1	-99	2.70E+06	31.22118056	753	7.31345	13.3756	1.25E-12	7.88E-06	2.87E-09	6.00E-05	4.45E-05	5.09E-03	6.27E-07	3.01E-02	3.02E-02	2.18E-03	-9.31E-08	3.02E-05	-6.48E-08	0	0	-0.3889	-0.1915	-4.2027	-999.999	-2.66E+00	-1.43E-12	-1.23E-07	-1.66E-14	-1.44E-09	-1.25E-15	-1.08E-10	-1.80E-11	-1.56E-06	-1.80E-11	-1.55E-06	1.02E-11	-8.80E-07	6.60E-05	7.45E-07
1	1	-99	2.70E+06	31.26284722	754	7.31345	13.3756	1.25E-12	7.90E-06	2.87E-09	6.00E-05	4.44E-05	5.09E-03	6.16E-07	3.01E-02	3.02E-02	2.18E-03	-9.29E-08	3.02E-05	-6.47E-08	0	0	-0.3875	-0.1916	-4.2021	-999.999	-2.66E+00	-1.40E-12	-1.21E-07	-1.63E-14	-1.41E-09	-1.23E-15	-1.06E-10	-1.80E-11	-1.56E-06	-1.80E-11	-1.55E-06	1.02E-11	-8.83E-07	6.60E-05	7.43E-07
1	1	-99	2.70E+06	31.30451389	755	7.31346	13.3756	1.25E-12	7.92E-06	2.87E-09	6.01E-05	4.43E-05	5.09E-03	6.06E-07	3.01E-02	3.02E-02	2.18E-03	-9.27E-08	3.01E-05	-6.47E-08	0	0	-0.3861	-0.1916	-4.2016	-999.999	-2.66E+00	-1.38E-12	-1.19E-07	-1.61E-14	-1.39E-09	-1.21E-15	-1.05E-10	-1.80E-11	-1.56E-06	-1.80E-11	-1.55E-06	1.03E-11	-8.86E-07	6.60E-05	7.42E-07
1	1	-99	2.71E+06	31.34618056	756	7.31346	13.3756	1.25E-12	7.94E-06	2.87E-09	6.02E-05	4.41E-05	5.09E-03	5.96E-07	3.01E-02	3.02E-02	2.18E-03	-9.25E-08	3.00E-05	-6.46E-08	0	0	-0.3846	-0.1917	-4.2011	-999.999	-2.66E+00	-1.36E-12	-1.17E-07	-1.58E-14	-1.37E-09	-1.19E-15	-1.03E-10	-1.80E-11	-1.56E-06	-1.79E-11	-1.55E-06	1.03E-11	-8.90E-07	6.60E-05	7.40E-07
1	1	-99	2.71E+06	31.38784722	757	7.31346	13.3756	1.25E-12	7.96E-06	2.87E-09	6.02E-05	4.40E-05	5.09E-03	5.87E-07	3.01E-02	3.02E-02	2.18E-03	-9.23E-08	3.00E-05	-6.45E-08	0	0	-0.3832	-0.1917	-4.2006	-999.999	-2.66E+00	-1.34E-12	-1.15E-07	-1.56E-14	-1.34E-09	-1.17E-15	-1.01E-10	-1.80E-11	-1.56E-06	-1.79E-11	-1.55E-06	1.03E-11	-8.93E-07	6.59E-05	7.39E-07
1	1	-99	2.72E+06	31.42951389	758	7.31346	13.3755	1.25E-12	7.98E-06	2.87E-09	6.03E-05	4.38E-05	5.09E-03	5.77E-07	3.01E-02	3.02E-02	2.18E-03	-9.21E-08	2.99E-05	-6.45E-08	0	0	-0.3818	-0.1918	-4.2001	-999.999	-2.66E+00	-1.31E-12	-1.13E-07	-1.53E-14	-1.32E-09	-1.15E-15	-9.97E-11	-1.80E-11	-1.56E-06	-1.79E-11	-1.55E-06	1.04E-11	-8.96E-07	6.59E-05	7.37E-07
1	1	-99	2.72E+06	31.47118056	759	7.31346	13.3755	1.25E-12	8.00E-06	2.87E-09	6.04E-05	4.37E-05	5.09E-03	5.68E-07	3.01E-02	3.02E-02	2.18E-03	-9.20E-08	2.98E-05	-6.44E-08	0	0	-0.3803	-0.1918	-4.1996	-999.999	-2.67E+00	-1.29E-12	-1.12E-07	-1.51E-14	-1.30E-09	-1.13E-15	-9.80E-11	-1.80E-11	-1.56E-06	-1.79E-11	-1.55E-06	1.04E-11	-8.99E-07	6.59E-05	7.35E-07
1	1	-99	2.72E+06	31.51284722	760	7.31346	13.3755	1.25E-12	8.01E-06	2.87E-09	6.04E-05	4.36E-05	5.09E-03	5.58E-07	3.01E-02	3.02E-02	2.18E-03	-9.18E-08	2.98E-05	-6.44E-08	0	0	-0.3789	-0.1919	-4.1991	-999.999	-2.67E+00	-1.27E-12	-1.10E-07	-1.48E-14	-1.28E-09	-1.12E-15	-9.64E-11	-1.80E-11	-1.56E-06	-1.79E-11	-1.54E-06	1.04E-11	-9.02E-07	6.59E-05	7.34E-07
1	1	-99	2.73E+06	31.55451389	761	7.31346	13.3755	1.25E-12	8.03E-06	2.87E-09	6.05E-05	4.34E-05	5.09E-03	5.49E-07	3.01E-02	3.02E-02	2.18E-03	-9.16E-08	2.97E-05	-6.43E-08	0	0	-0.3775	-0.1919	-4.1986	-999.999	-2.67E+00	-1.25E-12	-1.08E-07	-1.46E-14	-1.26E-09	-1.10E-15	-9.49E-11	-1.80E-11	-1.56E-06	-1.79E-11	-1.54E-06	1.05E-11	-9.05E-07	6.59E-05	7.32E-07
1	1	-99	2.73E+06	31.59618056	762	7.31346	13.3755	1.25E-12	8.05E-06	2.87E-09	6.06E-05	4.33E-05	5.09E-03	5.40E-07	3.01E-02	3.02E-02	2.18E-03	-9.14E-08	2.97E-05	-6.42E-08	0	0	-0.376	-0.192	-4.1981	-999.999	-2.67E+00	-1.23E-12	-1.06E-07	-1.43E-14	-1.24E-09	-1.08E-15	-9.33E-11	-1.80E-11	-1.56E-06	-1.78E-11	-1.54E-06	1.05E-11	-9.08E-07	6.59E-05	7.31E-07
1	1	-99	2.73E+06	31.63784722	763	7.31346	13.3755	1.25E-12	8.07E-06	2.87E-09	6.06E-05	4.32E-05	5.09E-03	5.31E-07	3.01E-02	3.02E-02	2.18E-03	-9.12E-08	2.96E-05	-6.42E-08	0	0	-0.3746	-0.1921	-4.1976	-999.999	-2.67E+00	-1.21E-12	-1.04E-07	-1.41E-14	-1.22E-09	-1.06E-15	-9.18E-11	-1.80E-11	-1.56E-06	-1.78E-11	-1.54E-06	1.05E-11	-9.11E-07	6.59E-05	7.29E-07
1	1	-99	2.74E+06	31.67951389	764	7.31346	13.3755	1.25E-12	8.09E-06	2.87E-09	6.07E-05	4.30E-05	5.09E-03	5.23E-07	3.01E-02	3.02E-02	2.18E-03	-9.10E-08	2.95E-05	-6.41E-08	0	0	-0.3732	-0.1921	-4.1971	-999.999	-2.67E+00	-1.19E-12	-1.03E-07	-1.39E-14	-1.20E-09	-1.05E-15	-9.03E-11	-1.80E-11	-1.56E-06	-1.78E-11	-1.54E-06	1.06E-11	-9.14E-07	6.59E-05	7.28E-07
1	1	-99	2.74E+06	31.72118056	765	7.31346	13.3755	1.25E-12	8.12E-06	2.87E-09	6.08E-05	4.29E-05	5.09E-03	5.14E-07	3.01E-02	3.02E-02	2.18E-03	-9.08E-08	2.95E-05	-6.41E-08	0	0	-0.3717	-0.1922	-4.1966	-999.999	-2.67E+00	-1.17E-12	-1.01E-07	-1.36E-14	-1.18E-09	-1.03E-15	-8.88E-11	-1.80E-11	-1.56E-06	-1.78E-11	-1.54E-06	1.06E-11	-9.17E-07	6.59E-05	7.26E-07
1	1	-99	2.74E+06	31.76284722	766	7.31347	13.3755	1.25E-12	8.14E-06	2.87E-09	6.08E-05	4.27E-05	5.09E-03	5.06E-07	3.01E-02	3.02E-02	2.18E-03	-9.06E-08	2.94E-05	-6.40E-08	0	0	-0.3703	-0.1922	-4.1961	-999.999	-2.68E+00	-1.15E-12	-9.94E-08	-1.34E-14	-1.16E-09	-1.01E-15	-8.74E-11	-1.80E-11	-1.56E-06	-1.78E-11	-1.54E-06	1.06E-11	-9.20E-07	6.59E-05	7.24E-07
1	1	-99	2.75E+06	31.80451389	767	7.31347	13.3755	1.25E-12	8.16E-06	2.87E-09	6.09E-05	4.26E-05	5.09E-03	4.97E-07	3.01E-02	3.02E-02	2.18E-03	-9.05E-08	2.93E-05	-6.39E-08	0	0	-0.3689	-0.1923	-4.1956	-999.999	-2.68E+00	-1.13E-12	-9.78E-08	-1.32E-14	-1.14E-09	-9.95E-16	-8.59E-11	-1.80E-11	-1.56E-06	-1.78E-11	-1.53E-06	1.07E-11	-9.23E-07	6.59E-05	7.23E-07
1	1	-99	2.75E+06	31.84618056	768	7.31347	13.3755	1.25E-12	8.18E-06	2.87E-09	6.09E-05	4.25E-05	5.09E-03	4.89E-07	3.01E-02	3.02E-02	2.18E-03	-9.03E-08	2.93E-05	-6.39E-08	0	0	-0.3674	-0.1923	-4.1951	-999.999	-2.68E+00	-1.11E-12	-9.62E-08	-1.30E-14	-1.12E-09	-9.78E-16	-8.45E-11	-1.80E-11	-1.56E-06	-1.77E-11	-1.53E-06	1.07E-11	-9.26E-07	6.59E-05	7.21E-07
1	1	-99	2.76E+06	31.88784722	769	7.31347	13.3755	1.25E-12	8.20E-06	2.87E-09	6.10E-05	4.23E-05	5.09E-03	4.81E-07	3.01E-02	3.02E-02	2.18E-03	-9.01E-08	2.92E-05	-6.38E-08	0	0	-0.366	-0.1924	-4.1946	-999.999	-2.68E+00	-1.10E-12	-9.46E-08	-1.28E-14	-1.10E-09	-9.62E-16	-8.32E-11	-1.80E-11	-1.56E-06	-1.77E-11	-1.53E-06	1.07E-11	-9.28E-07	6.59E-05	7.20E-07
1	1	-99	2.76E+06	31.92951389	770	7.31347	13.3755	1.25E-12	8.22E-06	2.87E-09	6.11E-05	4.22E-05	5.09E-03	4.73E-07	3.01E-02	3.02E-02	2.18E-03	-8.99E-08	2.91E-05	-6.37E-08	0	0	-0.3646	-0.1924	-4.1941	-999.999	-2.68E+00	-1.08E-12	-9.31E-08	-1.26E-14	-1.08E-09	-9.47E-16	-8.18E-11	-1.80E-11	-1.56E-06	-1.77E-11	-1.53E-06	1.08E-11	-9.31E-07	6.59E-05	7.18E-07
1	1	-99	2.76E+06	31.97118056	771	7.31347	13.3755	1.25E-12	8.24E-06	2.87E-09	6.11E-05	4.21E-05	5.09E-03	4.66E-07	3.01E-02	3.02E-02	2.18E-03	-8.97E-08	2.91E-05	-6.37E-08	0	0	-0.3632	-0.1925	-4.1936	-999.999	-2.68E+00	-1.06E-12	-9.16E-08	-1.23E-14	-1.07E-09	-9.31E-16	-8.05E-11	-1.80E-11	-1.56E-06	-1.77E-11	-1.53E-06	1.08E-11	-9.34E-07	6.59E-05	7.17E-07
1	1	-99	2.77E+06	32.01284722	772	7.31347	13.3755	1.25E-12	8.26E-06	2.87E-09	6.12E-05	4.19E-05	5.09E-03	4.58E-07	3.01E-02	3.02E-02	2.18E-03	-8.96E-08	2.90E-05	-6.36E-08	0	0	-0.3617	-0.1925	-4.1931	-999.999	-2.68E+00	-1.04E-12	-9.01E-08	-1.21E-14	-1.05E-09	-9.16E-16	-7.91E-11	-1.80E-11	-1.56E-06	-1.77E-11	-1.53E-06	1.08E-11	-9.36E-07	6.59E-05	7.15E-07
1	1	-99	2.77E+06	32.05451389	773	7.31347	13.3755	1.25E-12	8.28E-06	2.87E-09	6.13E-05	4.18E-05	5.09E-03	4.51E-07	3.01E-02	3.02E-02	2.18E-03	-8.94E-08	2.90E-05	-6.36E-08	0	0	-0.3603	-0.1926	-4.1926	-999.999	-2.69E+00	-1.03E-12	-8.86E-08	-1.19E-14	-1.03E-09	-9.01E-16	-7.78E-11	-1.80E-11	-1.56E-06	-1.76E-11	-1.52E-06	1.09E-11	-9.39E-07	6.59E-05	7.13E-07
1	1	-99	2.77E+06	32.09618056	774	7.31347	13.3755	1.25E-12	8.30E-06	2.87E-09	6.13E-05	4.17E-05	5.09E-03	4.43E-07	3.01E-02	3.02E-02	2.18E-03	-8.92E-08	2.89E-05	-6.35E-08	0	0	-0.3589	-0.1926	-4.1921	-999.999	-2.69E+00	-1.01E-12	-8.71E-08	-1.17E-14	-1.02E-09	-8.86E-16	-7.66E-11	-1.80E-11	-1.56E-06	-1.76E-11	-1.52E-06	1.09E-11	-9.42E-07	6.59E-05	7.12E-07
1	1	-99	2.78E+06	32.13784722	775	7.31347	13.3755	1.25E-12	8.32E-06	2.87E-09	6.14E-05	4.16E-05	5.09E-03	4.36E-07	3.01E-02	3.02E-02	2.18E-03	-8.90E-08	2.88E-05	-6.34E-08	0	0	-0.3574	-0.1927	-4.1916	-999.999	-2.69E+00	-9.92E-13	-8.57E-08	-1.16E-14	-9.99E-10	-8.72E-16	-7.53E-11	-1.80E-11	-1.56E-06	-1.76E-11	-1.52E-06	1.09E-11	-9.45E-07	6.59E-05	7.10E-07
1	1	-99	2.78E+06	32.17951389	776	7.31347	13.3755	1.25E-12	8.34E-06	2.87E-09	6.15E-05	4.14E-05	5.09E-03	4.29E-07	3.01E-02	3.02E-02	2.18E-03	-8.88E-08	2.88E-05	-6.34E-08	0	0	-0.356	-0.1928	-4.1911	-999.999	-2.69E+00	-9.76E-13	-8.43E-08	-1.14E-14	-9.82E-10	-8.58E-16	-7.41E-11	-1.80E-11	-1.56E-06	-1.76E-11	-1.52E-06	1.10E-11	-9.47E-07	6.59E-05	7.09E-07
1	1	-99	2.78E+06	32.22118056	777	7.31347	13.3755	1.25E-12	8.36E-06	2.87E-09	6.15E-05	4.13E-05	5.09E-03	4.22E-07	3.01E-02	3.02E-02	2.18E-03	-8.87E-08	2.87E-05	-6.33E-08	0	0	-0.3546	-0.1928	-4.1906	-999.999	-2.69E+00	-9.60E-13	-8.29E-08	-1.12E-14	-9.66E-10	-8.44E-16	-7.29E-11	-1.80E-11	-1.56E-06	-1.76E-11	-1.52E-06	1.10E-11	-9.50E-07	6.59E-05	7.07E-07
1	1	-99	2.79E+06	32.26284722	778	7.31347	13.3755	1.25E-12	8.38E-06	2.87E-09	6.16E-05	4.12E-05	5.09E-03	4.15E-07	3.01E-02	3.02E-02	2.18E-03	-8.85E-08	2.86E-05	-6.32E-08	0	0	-0.3532	-0.1929	-4.1901	-999.999	-2.69E+00	-9.44E-13	-8.16E-08	-1.10E-14	-9.50E-10	-8.30E-16	-7.17E-11	-1.80E-11	-1.56E-06	-1.76E-11	-1.52E-06	1.10E-11	-9.52E-07	6.59E-05	7.06E-07
1	1	-99	2.79E+06	32.30451389	779	7.31348	13.3755	1.25E-12	8.40E-06	2.87E-09	6.16E-05	4.10E-05	5.09E-03	4.08E-07	3.01E-02	3.02E-02	2.18E-03	-8.83E-08	2.86E-05	-6.32E-08	0	0	-0.3517	-0.1929	-4.1896	-999.999	-2.69E+00	-9.29E-13	-8.02E-08	-1.08E-14	-9.35E-10	-8.16E-16	-7.05E-11	-1.80E-11	-1.56E-06	-1.75E-11	-1.52E-06	1.11E-11	-9.55E-07	6.59E-05	7.04E-07
1	1	-99	2.79E+06	32.34618056	780	7.31348	13.3755	1.25E-12	8.42E-06	2.87E-09	6.17E-05	4.09E-05	5.09E-03	4.02E-07	3.01E-02	3.02E-02	2.18E-03	-8.81E-08	2.85E-05	-6.31E-08	0	0	-0.3503	-0.193	-4.1892	-999.999	-2.70E+00	-9.14E-13	-7.89E-08	-1.06E-14	-9.19E-10	-8.03E-16	-6.94E-11	-1.80E-11	-1.56E-06	-1.75E-11	-1.51E-06	1.11E-11	-9.57E-07	6.59E-05	7.02E-07
1	1	-99	2.80E+06	32.38784722	781	7.31348	13.3755	1.25E-12	8.45E-06	2.87E-09	6.18E-05	4.08E-05	5.09E-03	3.95E-07	3.01E-02	3.02E-02	2.18E-03	-8.80E-08	2.84E-05	-6.30E-08	0	0	-0.3489	-0.193	-4.1887	-999.999	-2.70E+00	-8.99E-13	-7.76E-08	-1.05E-14	-9.04E-10	-7.90E-16	-6.82E-11	-1.80E-11	-1.56E-06	-1.75E-11	-1.51E-06	1.11E-11	-9.60E-07	6.59E-05	7.01E-07
1	1	-99	2.80E+06	32.42951389	782	7.31348	13.3755	1.25E-12	8.47E-06	2.87E-09	6.18E-05	4.07E-05	5.09E-03	3.89E-07	3.01E-02	3.02E-02	2.18E-03	-8.78E-08	2.84E-05	-6.30E-08	0	0	-0.3475	-0.1931	-4.1882	-999.999	-2.70E+00	-8.84E-13	-7.64E-08	-1.03E-14	-8.90E-10	-7.77E-16	-6.71E-11	-1.80E-11	-1.56E-06	-1.75E-11	-1.51E-06	1.11E-11	-9.62E-07	6.59E-05	6.99E-07
1	1	-99	2.81E+06	32.47118056	783	7.31348	13.3755	1.25E-12	8.49E-06	2.87E-09	6.19E-05	4.05E-05	5.09E-03	3.82E-07	3.01E-02	3.02E-02	2.18E-03	-8.76E-08	2.83E-05	-6.29E-08	0	0	-0.346	-0.1931	-4.1877	-999.999	-2.70E+00	-8.69E-13	-7.51E-08	-1.01E-14	-8.75E-10	-7.64E-16	-6.60E-11	-1.80E-11	-1.56E-06	-1.75E-11	-1.51E-06	1.12E-11	-9.65E-07	6.59E-05	6.98E-07
1	1	-99	2.81E+06	32.51284722	784	7.31348	13.3755	1.25E-12	8.51E-06	2.87E-09	6.20E-05	4.04E-05	5.09E-03	3.76E-07	3.01E-02	3.02E-02	2.18E-03	-8.75E-08	2.83E-05	-6.28E-08	0	0	-0.3446	-0.1932	-4.1872	-999.999	-2.70E+00	-8.55E-13	-7.39E-08	-9.96E-15	-8.61E-10	-7.52E-16	-6.49E-11	-1.80E-11	-1.56E-06	-1.74E-11	-1.51E-06	1.12E-11	-9.67E-07	6.59E-05	6.96E-07
1	1	-99	2.81E+06	32.55451389	785	7.31348	13.3755	1.25E-12	8.53E-06	2.87E-09	6.20E-05	4.03E-05	5.09E-03	3.70E-07	3.01E-02	3.02E-02	2.18E-03	-8.73E-08	2.82E-05	-6.27E-08	0	0	-0.3432	-0.1932	-4.1867	-999.999	-2.70E+00	-8.41E-13	-7.27E-08	-9.80E-15	-8.47E-10	-7.39E-16	-6.39E-11	-1.80E-11	-1.56E-06	-1.74E-11	-1.51E-06	1.12E-11	-9.69E-07	6.59E-05	6.95E-07
1	1	-99	2.82E+06	32.59618056	786	7.31348	13.3755	1.25E-12	8.55E-06	2.87E-09	6.21E-05	4.01E-05	5.09E-03	3.64E-07	3.01E-02	3.02E-02	2.18E-03	-8.71E-08	2.81E-05	-6.27E-08	0	0	-0.3418	-0.1933	-4.1863	-999.999	-2.70E+00	-8.27E-13	-7.15E-08	-9.64E-15	-8.33E-10	-7.27E-16	-6.28E-11	-1.80E-11	-1.56E-06	-1.74E-11	-1.50E-06	1.12E-11	-9.72E-07	6.59E-05	6.93E-07
1	1	-99	2.82E+06	32.63784722	787	7.31348	13.3755	1.25E-12	8.57E-06	2.87E-09	6.21E-05	4.00E-05	5.09E-03	3.58E-07	3.01E-02	3.02E-02	2.18E-03	-8.69E-08	2.81E-05	-6.26E-08	0	0	-0.3403	-0.1933	-4.1858	-999.999	-2.71E+00	-8.14E-13	-7.03E-08	-9.48E-15	-8.19E-10	-7.15E-16	-6.18E-11	-1.80E-11	-1.56E-06	-1.74E-11	-1.50E-06	1.13E-11	-9.74E-07	6.59E-05	6.92E-07
1	1	-99	2.82E+06	32.67951389	788	7.31348	13.3755	1.25E-12	8.60E-06	2.87E-09	6.22E-05	3.99E-05	5.09E-03	3.52E-07	3.01E-02	3.02E-02	2.18E-03	-8.68E-08	2.80E-05	-6.25E-08	0	0	-0.3389	-0.1934	-4.1853	-999.999	-2.71E+00	-8.01E-13	-6.92E-08	-9.33E-15	-8.06E-10	-7.04E-16	-6.08E-11	-1.80E-11	-1.56E-06	-1.74E-11	-1.50E-06	1.13E-11	-9.76E-07	6.59E-05	6.90E-07
1	1	-99	2.83E+06	32.72118056	789	7.31348	13.3755	1.25E-12	8.62E-06	2.87E-09	6.23E-05	3.98E-05	5.09E-03	3.46E-07	3.01E-02	3.02E-02	2.18E-03	-8.66E-08	2.79E-05	-6.25E-08	0	0	-0.3375	-0.1934	-4.1848	-999.999	-2.71E+00	-7.87E-13	-6.80E-08	-9.17E-15	-7.92E-10	-6.92E-16	-5.98E-11	-1.80E-11	-1.56E-06	-1.73E-11	-1.50E-06	1.13E-11	-9.79E-07	6.59E-05	6.89E-07
1	1	-99	2.83E+06	32.76284722	790	7.31348	13.3755	1.25E-12	8.64E-06	2.87E-09	6.23E-05	3.97E-05	5.09E-03	3.41E-07	3.01E-02	3.02E-02	2.18E-03	-8.64E-08	2.79E-05	-6.24E-08	0	0	-0.3361	-0.1935	-4.1843	-999.999	-2.71E+00	-7.75E-13	-6.69E-08	-9.02E-15	-7.80E-10	-6.81E-16	-5.88E-11	-1.80E-11	-1.56E-06	-1.73E-11	-1.50E-06	1.14E-11	-9.81E-07	6.59E-05	6.87E-07
1	1	-99	2.83E+06	32.80451389	791	7.31348	13.3755	1.25E-12	8.66E-06	2.87E-09	6.24E-05	3.95E-05	5.09E-03	3.35E-07	3.01E-02	3.02E-02	2.18E-03	-8.63E-08	2.78E-05	-6.23E-08	0	0	-0.3347	-0.1935	-4.1839	-999.999	-2.71E+00	-7.62E-13	-6.58E-08	-8.87E-15	-7.67E-10	-6.70E-16	-5.79E-11	-1.80E-11	-1.56E-06	-1.73E-11	-1.49E-06	1.14E-11	-9.83E-07	6.59E-05	6.85E-07
1	1	-99	2.84E+06	32.84618056	792	7.31348	13.3755	1.25E-12	8.68E-06	2.87E-09	6.25E-05	3.94E-05	5.09E-03	3.30E-07	3.01E-02	3.02E-02	2.18E-03	-8.61E-08	2.78E-05	-6.22E-08	0	0	-0.3332	-0.1936	-4.1834	-999.999	-2.71E+00	-7.49E-13	-6.47E-08	-8.73E-15	-7.54E-10	-6.59E-16	-5.69E-11	-1.80E-11	-1.56E-06	-1.73E-11	-1.49E-06	1.14E-11	-9.85E-07	6.59E-05	6.84E-07
1	1	-99	2.84E+06	32.88784722	793	7.31348	13.3755	1.25E-12	8.70E-06	2.87E-09	6.25E-05	3.93E-05	5.09E-03	3.24E-07	3.01E-02	3.02E-02	2.18E-03	-8.59E-08	2.77E-05	-6.22E-08	0	0	-0.3318	-0.1936	-4.1829	-999.999	-2.71E+00	-7.37E-13	-6.37E-08	-8.59E-15	-7.42E-10	-6.48E-16	-5.60E-11	-1.80E-11	-1.56E-06	-1.73E-11	-1.49E-06	1.14E-11	-9.88E-07	6.59E-05	6.82E-07
1	1	-99	2.85E+06	32.92951389	794	7.31349	13.3755	1.25E-12	8.73E-06	2.87E-09	6.26E-05	3.92E-05	5.09E-03	3.19E-07	3.01E-02	3.02E-02	2.18E-03	-8.58E-08	2.76E-05	-6.21E-08	0	0	-0.3304	-0.1937	-4.1824	-999.999	-2.72E+00	-7.25E-13	-6.26E-08	-8.45E-15	-7.30E-10	-6.38E-16	-5.51E-11	-1.80E-11	-1.56E-06	-1.72E-11	-1.49E-06	1.15E-11	-9.90E-07	6.58E-05	6.81E-07
1	1	-99	2.85E+06	32.97118056	795	7.31349	13.3755	1.25E-12	8.75E-06	2.87E-09	6.26E-05	3.90E-05	5.09E-03	3.14E-07	3.01E-02	3.02E-02	2.18E-03	-8.56E-08	2.76E-05	-6.20E-08	0	0	-0.329	-0.1938	-4.182	-999.999	-2.72E+00	-7.13E-13	-6.16E-08	-8.31E-15	-7.18E-10	-6.27E-16	-5.42E-11	-1.80E-11	-1.56E-06	-1.72E-11	-1.49E-06	1.15E-11	-9.92E-07	6.58E-05	6.79E-07
1	1	-99	2.85E+06	33.01284722	796	7.31349	13.3755	1.25E-12	8.77E-06	2.87E-09	6.27E-05	3.89E-05	5.09E-03	3.09E-07	3.01E-02	3.02E-02	2.18E-03	-8.54E-08	2.75E-05	-6.19E-08	0	0	-0.3276	-0.1938	-4.1815	-999.999	-2.72E+00	-7.02E-13	-6.06E-08	-8.17E-15	-7.06E-10	-6.17E-16	-5.33E-11	-1.80E-11	-1.56E-06	-1.72E-11	-1.49E-06	1.15E-11	-9.94E-07	6.58E-05	6.78E-07
1	1	-99	2.86E+06	33.05451389	797	7.31349	13.3755	1.25E-12	8.79E-06	2.87E-09	6.28E-05	3.88E-05	5.09E-03	3.04E-07	3.01E-02	3.02E-02	2.17E-03	-8.53E-08	2.74E-05	-6.19E-08	0	0	-0.3261	-0.1939	-4.181	-999.999	-2.72E+00	-6.90E-13	-5.96E-08	-8.04E-15	-6.94E-10	-6.07E-16	-5.24E-11	-1.80E-11	-1.56E-06	-1.72E-11	-1.48E-06	1.15E-11	-9.96E-07	6.58E-05	6.76E-07
1	1	-99	2.86E+06	33.09618056	798	7.31349	13.3755	1.25E-12	8.81E-06	2.87E-09	6.28E-05	3.87E-05	5.09E-03	2.99E-07	3.01E-02	3.02E-02	2.17E-03	-8.51E-08	2.74E-05	-6.18E-08	0	0	-0.3247	-0.1939	-4.1805	-999.999	-2.72E+00	-6.79E-13	-5.86E-08	-7.91E-15	-6.83E-10	-5.97E-16	-5.16E-11	-1.80E-11	-1.56E-06	-1.72E-11	-1.48E-06	1.16E-11	-9.98E-07	6.58E-05	6.75E-07
1	1	-99	2.86E+06	33.13784722	799	7.31349	13.3755	1.25E-12	8.84E-06	2.87E-09	6.29E-05	3.86E-05	5.09E-03	2.94E-07	3.01E-02	3.02E-02	2.17E-03	-8.50E-08	2.73E-05	-6.17E-08	0	0	-0.3233	-0.194	-4.1801	-999.999	-2.72E+00	-6.68E-13	-5.77E-08	-7.78E-15	-6.72E-10	-5.87E-16	-5.07E-11	-1.80E-11	-1.56E-06	-1.71E-11	-1.48E-06	1.16E-11	-1.00E-06	6.58E-05	6.73E-07
1	1	-99	2.87E+06	33.17951389	800	7.31349	13.3755	1.25E-12	8.86E-06	2.87E-09	6.30E-05	3.84E-05	5.09E-03	2.89E-07	3.01E-02	3.02E-02	2.17E-03	-8.48E-08	2.73E-05	-6.16E-08	0	0	-0.3219	-0.194	-4.1796	-999.999	-2.72E+00	-6.57E-13	-5.67E-08	-7.65E-15	-6.61E-10	-5.78E-16	-4.99E-11	-1.80E-11	-1.56E-06	-1.71E-11	-1.48E-06	1.16E-11	-1.00E-06	6.58E-05	6.72E-07
1	1	-99	2.87E+06	33.22118056	801	7.31349	13.3755	1.25E-12	8.88E-06	2.87E-09	6.30E-05	3.83E-05	5.09E-03	2.84E-07	3.01E-02	3.02E-02	2.17E-03	-8.46E-08	2.72E-05	-6.16E-08	0	0	-0.3205	-0.1941	-4.1791	-999.999	-2.73E+00	-6.46E-13	-5.58E-08	-7.52E-15	-6.50E-10	-5.68E-16	-4.91E-11	-1.80E-11	-1.56E-06	-1.71E-11	-1.48E-06	1.16E-11	-1.00E-06	6.58E-05	6.70E-07
1	1	-99	2.87E+06	33.26284722	802	7.31349	13.3755	1.25E-12	8.90E-06	2.87E-09	6.31E-05	3.82E-05	5.09E-03	2.79E-07	3.01E-02	3.02E-02	2.17E-03	-8.45E-08	2.71E-05	-6.15E-08	0	0	-0.3191	-0.1941	-4.1787	-999.999	-2.73E+00	-6.35E-13	-5.49E-08	-7.40E-15	-6.39E-10	-5.59E-16	-4.83E-11	-1.80E-11	-1.56E-06	-1.71E-11	-1.47E-06	1.16E-11	-1.01E-06	6.58E-05	6.69E-07
1	1	-99	2.88E+06	33.30451389	803	7.31349	13.3755	1.25E-12	8.93E-06	2.87E-09	6.31E-05	3.81E-05	5.09E-03	2.75E-07	3.01E-02	3.02E-02	2.17E-03	-8.43E-08	2.71E-05	-6.14E-08	0	0	-0.3176	-0.1942	-4.1782	-999.999	-2.73E+00	-6.25E-13	-5.40E-08	-7.28E-15	-6.29E-10	-5.50E-16	-4.75E-11	-1.80E-11	-1.56E-06	-1.70E-11	-1.47E-06	1.17E-11	-1.01E-06	6.58E-05	6.67E-07
1	1	-99	2.88E+06	33.34618056	804	7.31349	13.3755	1.25E-12	8.95E-06	2.87E-09	6.32E-05	3.80E-05	5.09E-03	2.70E-07	3.01E-02	3.02E-02	2.17E-03	-8.41E-08	2.70E-05	-6.13E-08	0	0	-0.3162	-0.1942	-4.1778	-999.999	-2.73E+00	-6.15E-13	-5.31E-08	-7.16E-15	-6.19E-10	-5.41E-16	-4.67E-11	-1.80E-11	-1.56E-06	-1.70E-11	-1.47E-06	1.17E-11	-1.01E-06	6.58E-05	6.66E-07
1	1	-99	2.88E+06	33.38784722	805	7.31349	13.3755	1.25E-12	8.97E-06	2.87E-09	6.33E-05	3.78E-05	5.09E-03	2.66E-07	3.01E-02	3.02E-02	2.17E-03	-8.40E-08	2.70E-05	-6.12E-08	0	0	-0.3148	-0.1943	-4.1773	-999.999	-2.73E+00	-6.05E-13	-5.22E-08	-7.04E-15	-6.08E-10	-5.32E-16	-4.59E-11	-1.80E-11	-1.56E-06	-1.70E-11	-1.47E-06	1.17E-11	-1.01E-06	6.58E-05	6.64E-07
1	1	-99	2.89E+06	33.42951389	806	7.31349	13.3755	1.25E-12	9.00E-06	2.87E-09	6.33E-05	3.77E-05	5.09E-03	2.62E-07	3.01E-02	3.02E-02	2.17E-03	-8.38E-08	2.69E-05	-6.12E-08	0	0	-0.3134	-0.1943	-4.1768	-999.999	-2.73E+00	-5.95E-13	-5.14E-08	-6.93E-15	-5.98E-10	-5.23E-16	-4.52E-11	-1.80E-11	-1.56E-06	-1.70E-11	-1.47E-06	1.17E-11	-1.01E-06	6.58E-05	6.63E-07
1	1	-99	2.89E+06	33.47118056	807	7.31349	13.3755	1.25E-12	9.02E-06	2.87E-09	6.34E-05	3.76E-05	5.09E-03	2.57E-07	3.01E-02	3.02E-02	2.17E-03	-8.36E-08	2.68E-05	-6.11E-08	0	0	-0.312	-0.1944	-4.1764	-999.999	-2.73E+00	-5.85E-13	-5.05E-08	-6.81E-15	-5.89E-10	-5.14E-16	-4.45E-11	-1.80E-11	-1.56E-06	-1.69E-11	-1.46E-06	1.18E-11	-1.02E-06	6.58E-05	6.61E-07
1	1	-99	2.90E+06	33.51284722	808	7.31349	13.3755	1.25E-12	9.04E-06	2.87E-09	6.34E-05	3.75E-05	5.09E-03	2.53E-07	3.01E-02	3.02E-02	2.17E-03	-8.35E-08	2.68E-05	-6.10E-08	0	0	-0.3106	-0.1944	-4.1759	-999.999	-2.74E+00	-5.75E-13	-4.97E-08	-6.70E-15	-5.79E-10	-5.06E-16	-4.37E-11	-1.80E-11	-1.56E-06	-1.69E-11	-1.46E-06	1.18E-11	-1.02E-06	6.58E-05	6.60E-07
1	1	-99	2.90E+06	33.55451389	809	7.31349	13.3755	1.25E-12	9.06E-06	2.87E-09	6.35E-05	3.74E-05	5.09E-03	2.49E-07	3.01E-02	3.02E-02	2.17E-03	-8.33E-08	2.67E-05	-6.09E-08	0	0	-0.3092	-0.1945	-4.1754	-999.999	-2.74E+00	-5.66E-13	-4.89E-08	-6.59E-15	-5.69E-10	-4.98E-16	-4.30E-11	-1.80E-11	-1.56E-06	-1.69E-11	-1.46E-06	1.18E-11	-1.02E-06	6.58E-05	6.58E-07
1	1	-99	2.90E+06	33.59618056	810	7.31349	13.3755	1.25E-12	9.09E-06	2.87E-09	6.36E-05	3.73E-05	5.09E-03	2.45E-07	3.01E-02	3.02E-02	2.17E-03	-8.32E-08	2.67E-05	-6.08E-08	0	0	-0.3078	-0.1945	-4.175	-999.999	-2.74E+00	-5.57E-13	-4.81E-08	-6.48E-15	-5.60E-10	-4.90E-16	-4.23E-11	-1.80E-11	-1.56E-06	-1.69E-11	-1.46E-06	1.18E-11	-1.02E-06	6.58E-05	6.57E-07
1	1	-99	2.91E+06	33.63784722	811	7.31349	13.3755	1.25E-12	9.11E-06	2.87E-09	6.36E-05	3.72E-05	5.09E-03	2.41E-07	3.01E-02	3.02E-02	2.17E-03	-8.30E-08	2.66E-05	-6.07E-08	0	0	-0.3064	-0.1946	-4.1745	-999.999	-2.74E+00	-5.47E-13	-4.73E-08	-6.38E-15	-5.51E-10	-4.82E-16	-4.16E-11	-1.80E-11	-1.56E-06	-1.69E-11	-1.46E-06	1.18E-11	-1.02E-06	6.58E-05	6.55E-07
1	1	-99	2.91E+06	33.67951389	812	7.31349	13.3755	1.25E-12	9.13E-06	2.87E-09	6.37E-05	3.70E-05	5.09E-03	2.37E-07	3.01E-02	3.02E-02	2.17E-03	-8.28E-08	2.65E-05	-6.06E-08	0	0	-0.3049	-0.1946	-4.1741	-999.999	-2.74E+00	-5.38E-13	-4.65E-08	-6.27E-15	-5.42E-10	-4.74E-16	-4.09E-11	-1.80E-11	-1.56E-06	-1.68E-11	-1.45E-06	1.19E-11	-1.03E-06	6.58E-05	6.54E-07
1	1	-99	2.91E+06	33.72118056	813	7.3135	13.3755	1.25E-12	9.16E-06	2.87E-09	6.37E-05	3.69E-05	5.09E-03	2.33E-07	3.01E-02	3.02E-02	2.17E-03	-8.27E-08	2.65E-05	-6.06E-08	0	0	-0.3035	-0.1947	-4.1736	-999.999	-2.74E+00	-5.30E-13	-4.58E-08	-6.17E-15	-5.33E-10	-4.66E-16	-4.03E-11	-1.80E-11	-1.56E-06	-1.68E-11	-1.45E-06	1.19E-11	-1.03E-06	6.58E-05	6.52E-07
1	1	-99	2.92E+06	33.76284722	814	7.3135	13.3755	1.25E-12	9.18E-06	2.87E-09	6.38E-05	3.68E-05	5.09E-03	2.29E-07	3.01E-02	3.02E-02	2.17E-03	-8.25E-08	2.64E-05	-6.05E-08	0	0	-0.3021	-0.1947	-4.1732	-999.999	-2.74E+00	-5.21E-13	-4.50E-08	-6.07E-15	-5.24E-10	-4.58E-16	-3.96E-11	-1.80E-11	-1.56E-06	-1.68E-11	-1.45E-06	1.19E-11	-1.03E-06	6.58E-05	6.51E-07
1	1	-99	2.92E+06	33.80451389	815	7.3135	13.3755	1.25E-12	9.20E-06	2.87E-09	6.39E-05	3.67E-05	5.09E-03	2.25E-07	3.01E-02	3.02E-02	2.17E-03	-8.23E-08	2.63E-05	-6.04E-08	0	0	-0.3007	-0.1948	-4.1727	-999.999	-2.75E+00	-5.12E-13	-4.43E-08	-5.97E-15	-5.16E-10	-4.51E-16	-3.90E-11	-1.80E-11	-1.56E-06	-1.68E-11	-1.45E-06	1.19E-11	-1.03E-06	6.58E-05	6.49E-07
1	1	-99	2.92E+06	33.84618056	816	7.3135	13.3755	1.25E-12	9.23E-06	2.87E-09	6.39E-05	3.66E-05	5.09E-03	2.22E-07	3.01E-02	3.02E-02	2.17E-03	-8.22E-08	2.63E-05	-6.03E-08	0	0	-0.2993	-0.1948	-4.1723	-999.999	-2.75E+00	-5.04E-13	-4.35E-08	-5.87E-15	-5.07E-10	-4.43E-16	-3.83E-11	-1.80E-11	-1.56E-06	-1.67E-11	-1.45E-06	1.19E-11	-1.03E-06	6.58E-05	6.48E-07
1	1	-99	2.93E+06	33.88784722	817	7.3135	13.3755	1.25E-12	9.25E-06	2.87E-09	6.40E-05	3.65E-05	5.09E-03	2.18E-07	3.01E-02	3.02E-02	2.17E-03	-8.20E-08	2.62E-05	-6.02E-08	0	0	-0.2979	-0.1949	-4.1718	-999.999	-2.75E+00	-4.96E-13	-4.28E-08	-5.77E-15	-4.99E-10	-4.36E-16	-3.77E-11	-1.80E-11	-1.56E-06	-1.67E-11	-1.44E-06	1.20E-11	-1.03E-06	6.58E-05	6.46E-07
1	1	-99	2.93E+06	33.92951389	818	7.3135	13.3755	1.25E-12	9.27E-06	2.87E-09	6.40E-05	3.64E-05	5.09E-03	2.15E-07	3.01E-02	3.02E-02	2.17E-03	-8.19E-08	2.62E-05	-6.01E-08	0	0	-0.2965	-0.1949	-4.1714	-999.999	-2.75E+00	-4.88E-13	-4.21E-08	-5.68E-15	-4.91E-10	-4.29E-16	-3.71E-11	-1.80E-11	-1.56E-06	-1.67E-11	-1.44E-06	1.20E-11	-1.04E-06	6.58E-05	6.45E-07
1	1	-99	2.94E+06	33.97118056	819	7.3135	13.3755	1.25E-12	9.30E-06	2.87E-09	6.41E-05	3.63E-05	5.09E-03	2.11E-07	3.01E-02	3.02E-02	2.17E-03	-8.17E-08	2.61E-05	-6.00E-08	0	0	-0.2951	-0.195	-4.1709	-999.999	-2.75E+00	-4.80E-13	-4.14E-08	-5.59E-15	-4.83E-10	-4.22E-16	-3.65E-11	-1.80E-11	-1.56E-06	-1.67E-11	-1.44E-06	1.20E-11	-1.04E-06	6.58E-05	6.43E-07
1	1	-99	2.94E+06	34.01284722	820	7.3135	13.3755	1.25E-12	9.32E-06	2.87E-09	6.42E-05	3.61E-05	5.09E-03	2.08E-07	3.01E-02	3.02E-02	2.17E-03	-8.15E-08	2.60E-05	-5.99E-08	0	0	-0.2937	-0.195	-4.1705	-999.999	-2.75E+00	-4.72E-13	-4.08E-08	-5.49E-15	-4.75E-10	-4.15E-16	-3.59E-11	-1.80E-11	-1.56E-06	-1.66E-11	-1.44E-06	1.20E-11	-1.04E-06	6.58E-05	6.42E-07
1	1	-99	2.94E+06	34.05451389	821	7.3135	13.3755	1.25E-12	9.34E-06	2.87E-09	6.42E-05	3.60E-05	5.09E-03	2.04E-07	3.01E-02	3.02E-02	2.17E-03	-8.14E-08	2.60E-05	-5.99E-08	0	0	-0.2923	-0.1951	-4.17	-999.999	-2.75E+00	-4.64E-13	-4.01E-08	-5.40E-15	-4.67E-10	-4.08E-16	-3.53E-11	-1.80E-11	-1.56E-06	-1.66E-11	-1.44E-06	1.20E-11	-1.04E-06	6.58E-05	6.40E-07
1	1	-99	2.95E+06	34.09618056	822	7.3135	13.3755	1.25E-12	9.37E-06	2.87E-09	6.43E-05	3.59E-05	5.09E-03	2.01E-07	3.01E-02	3.02E-02	2.17E-03	-8.12E-08	2.59E-05	-5.98E-08	0	0	-0.2909	-0.1951	-4.1696	-999.999	-2.76E+00	-4.56E-13	-3.94E-08	-5.32E-15	-4.59E-10	-4.02E-16	-3.47E-11	-1.80E-11	-1.56E-06	-1.66E-11	-1.43E-06	1.21E-11	-1.04E-06	6.58E-05	6.39E-07
1	1	-99	2.95E+06	34.13784722	823	7.3135	13.3755	1.25E-12	9.39E-06	2.87E-09	6.43E-05	3.58E-05	5.09E-03	1.98E-07	3.01E-02	3.02E-02	2.17E-03	-8.11E-08	2.59E-05	-5.97E-08	0	0	-0.2895	-0.1952	-4.1691	-999.999	-2.76E+00	-4.49E-13	-3.88E-08	-5.23E-15	-4.52E-10	-3.95E-16	-3.41E-11	-1.80E-11	-1.56E-06	-1.66E-11	-1.43E-06	1.21E-11	-1.04E-06	6.58E-05	6.37E-07
1	1	-99	2.95E+06	34.17951389	824	7.3135	13.3755	1.25E-12	9.42E-06	2.87E-09	6.44E-05	3.57E-05	5.09E-03	1.94E-07	3.01E-02	3.02E-02	2.17E-03	-8.10E-08	2.58E-05	-5.96E-08	0	0	-0.2881	-0.1952	-4.1687	-999.999	-2.76E+00	-4.41E-13	-3.81E-08	-5.14E-15	-4.44E-10	-3.89E-16	-3.36E-11	-1.80E-11	-1.56E-06	-1.65E-11	-1.43E-06	1.21E-11	-1.05E-06	6.58E-05	6.36E-07
1	1	-99	2.96E+06	34.22118056	825	7.3135	13.3755	1.25E-12	9.44E-06	2.87E-09	6.45E-05	3.56E-05	5.09E-03	1.91E-07	3.01E-02	3.02E-02	2.17E-03	-8.08E-08	2.57E-05	-5.95E-08	0	0	-0.2867	-0.1953	-4.1682	-999.999	-2.76E+00	-4.34E-13	-3.75E-08	-5.06E-15	-4.37E-10	-3.82E-16	-3.30E-11	-1.80E-11	-1.56E-06	-1.65E-11	-1.43E-06	1.21E-11	-1.05E-06	6.58E-05	6.34E-07
1	1	-99	2.96E+06	34.26284722	826	7.3135	13.3755	1.25E-12	9.46E-06	2.87E-09	6.45E-05	3.55E-05	5.09E-03	1.88E-07	3.01E-02	3.02E-02	2.17E-03	-8.06E-08	2.57E-05	-5.94E-08	0	0	-0.2853	-0.1953	-4.1678	-999.999	-2.76E+00	-4.27E-13	-3.69E-08	-4.97E-15	-4.30E-10	-3.76E-16	-3.25E-11	-1.80E-11	-1.56E-06	-1.65E-11	-1.42E-06	1.21E-11	-1.05E-06	6.58E-05	6.33E-07
1	1	-99	2.96E+06	34.30451389	827	7.3135	13.3755	1.25E-12	9.49E-06	2.87E-09	6.46E-05	3.54E-05	5.09E-03	1.85E-07	3.01E-02	3.02E-02	2.17E-03	-8.05E-08	2.56E-05	-5.93E-08	0	0	-0.2839	-0.1954	-4.1674	-999.999	-2.76E+00	-4.20E-13	-3.63E-08	-4.89E-15	-4.23E-10	-3.70E-16	-3.19E-11	-1.80E-11	-1.56E-06	-1.65E-11	-1.42E-06	1.22E-11	-1.05E-06	6.58E-05	6.32E-07
1	1	-99	2.97E+06	34.34618056	828	7.3135	13.3755	1.25E-12	9.51E-06	2.87E-09	6.46E-05	3.53E-05	5.09E-03	1.82E-07	3.01E-02	3.02E-02	2.17E-03	-8.03E-08	2.56E-05	-5.92E-08	0	0	-0.2825	-0.1954	-4.1669	-999.999	-2.76E+00	-4.13E-13	-3.57E-08	-4.81E-15	-4.16E-10	-3.64E-16	-3.14E-11	-1.80E-11	-1.56E-06	-1.64E-11	-1.42E-06	1.22E-11	-1.05E-06	6.58E-05	6.30E-07
1	1	-99	2.97E+06	34.38784722	829	7.3135	13.3755	1.25E-12	9.54E-06	2.87E-09	6.47E-05	3.52E-05	5.09E-03	1.79E-07	3.01E-02	3.02E-02	2.17E-03	-8.02E-08	2.55E-05	-5.91E-08	0	0	-0.2811	-0.1955	-4.1665	-999.999	-2.77E+00	-4.06E-13	-3.51E-08	-4.73E-15	-4.09E-10	-3.58E-16	-3.09E-11	-1.80E-11	-1.56E-06	-1.64E-11	-1.42E-06	1.22E-11	-1.05E-06	6.58E-05	6.29E-07
1	1	-99	2.97E+06	34.42951389	830	7.3135	13.3755	1.25E-12	9.56E-06	2.87E-09	6.48E-05	3.51E-05	5.09E-03	1.76E-07	3.01E-02	3.02E-02	2.17E-03	-8.00E-08	2.55E-05	-5.90E-08	0	0	-0.2797	-0.1955	-4.1661	-999.999	-2.77E+00	-4.00E-13	-3.45E-08	-4.65E-15	-4.02E-10	-3.52E-16	-3.04E-11	-1.80E-11	-1.56E-06	-1.64E-11	-1.41E-06	1.22E-11	-1.05E-06	6.58E-05	6.27E-07
1	1	-99	2.98E+06	34.47118056	831	7.3135	13.3755	1.25E-12	9.58E-06	2.87E-09	6.48E-05	3.50E-05	5.09E-03	1.73E-07	3.01E-02	3.02E-02	2.17E-03	-7.98E-08	2.54E-05	-5.89E-08	0	0	-0.2783	-0.1956	-4.1656	-999.999	-2.77E+00	-3.93E-13	-3.40E-08	-4.58E-15	-3.95E-10	-3.46E-16	-2.99E-11	-1.80E-11	-1.56E-06	-1.63E-11	-1.41E-06	1.22E-11	-1.06E-06	6.58E-05	6.26E-07
1	1	-99	2.98E+06	34.51284722	832	7.3135	13.3755	1.25E-12	9.61E-06	2.87E-09	6.49E-05	3.48E-05	5.09E-03	1.70E-07	3.01E-02	3.02E-02	2.17E-03	-7.97E-08	2.53E-05	-5.88E-08	0	0	-0.2769	-0.1956	-4.1652	-999.999	-2.77E+00	-3.87E-13	-3.34E-08	-4.50E-15	-3.89E-10	-3.40E-16	-2.94E-11	-1.80E-11	-1.56E-06	-1.63E-11	-1.41E-06	1.22E-11	-1.06E-06	6.58E-05	6.24E-07
1	1	-99	2.99E+06	34.55451389	833	7.3135	13.3755	1.25E-12	9.63E-06	2.87E-09	6.49E-05	3.47E-05	5.09E-03	1.67E-07	3.01E-02	3.02E-02	2.17E-03	-7.95E-08	2.53E-05	-5.87E-08	0	0	-0.2755	-0.1957	-4.1647	-999.999	-2.77E+00	-3.80E-13	-3.28E-08	-4.43E-15	-3.83E-10	-3.35E-16	-2.89E-11	-1.80E-11	-1.56E-06	-1.63E-11	-1.41E-06	1.23E-11	-1.06E-06	6.58E-05	6.23E-07
1	1	-99	2.99E+06	34.59618056	834	7.3135	13.3755	1.25E-12	9.66E-06	2.87E-09	6.50E-05	3.46E-05	5.09E-03	1.65E-07	3.01E-02	3.02E-02	2.17E-03	-7.94E-08	2.52E-05	-5.86E-08	0	0	-0.2742	-0.1957	-4.1643	-999.999	-2.77E+00	-3.74E-13	-3.23E-08	-4.35E-15	-3.76E-10	-3.29E-16	-2.84E-11	-1.80E-11	-1.56E-06	-1.63E-11	-1.41E-06	1.23E-11	-1.06E-06	6.57E-05	6.21E-07
1	1	-99	2.99E+06	34.63784722	835	7.3135	13.3755	1.25E-12	9.68E-06	2.87E-09	6.51E-05	3.45E-05	5.09E-03	1.62E-07	3.01E-02	3.02E-02	2.17E-03	-7.92E-08	2.52E-05	-5.85E-08	0	0	-0.2728	-0.1958	-4.1639	-999.999	-2.77E+00	-3.68E-13	-3.18E-08	-4.28E-15	-3.70E-10	-3.24E-16	-2.80E-11	-1.80E-11	-1.56E-06	-1.62E-11	-1.40E-06	1.23E-11	-1.06E-06	6.57E-05	6.20E-07
1	1	-99	3.00E+06	34.67951389	836	7.3135	13.3755	1.25E-12	9.71E-06	2.87E-09	6.51E-05	3.44E-05	5.09E-03	1.59E-07	3.01E-02	3.02E-02	2.17E-03	-7.90E-08	2.51E-05	-5.85E-08	0	0	-0.2714	-0.1958	-4.1635	-999.999	-2.78E+00	-3.62E-13	-3.12E-08	-4.21E-15	-3.64E-10	-3.18E-16	-2.75E-11	-1.80E-11	-1.56E-06	-1.62E-11	-1.40E-06	1.23E-11	-1.06E-06	6.57E-05	6.18E-07
1	1	-99	3.00E+06	34.72118056	837	7.3135	13.3755	1.25E-12	9.73E-06	2.87E-09	6.52E-05	3.43E-05	5.09E-03	1.57E-07	3.01E-02	3.02E-02	2.17E-03	-7.89E-08	2.50E-05	-5.83E-08	0	0	-0.27	-0.1959	-4.163	-999.999	-2.78E+00	-3.56E-13	-3.07E-08	-4.14E-15	-3.58E-10	-3.13E-16	-2.71E-11	-1.80E-11	-1.56E-06	-1.62E-11	-1.40E-06	1.23E-11	-1.06E-06	6.57E-05	6.17E-07
1	1	-99	3.00E+06	34.76284722	838	7.31351	13.3755	1.25E-12	9.76E-06	2.87E-09	6.52E-05	3.42E-05	5.09E-03	1.54E-07	3.01E-02	3.02E-02	2.17E-03	-7.87E-08	2.50E-05	-5.82E-08	0	0	-0.2686	-0.1959	-4.1626	-999.999	-2.78E+00	-3.50E-13	-3.02E-08	-4.07E-15	-3.52E-10	-3.08E-16	-2.66E-11	-1.80E-11	-1.56E-06	-1.62E-11	-1.40E-06	1.23E-11	-1.07E-06	6.57E-05	6.16E-07
1	1	-99	3.01E+06	34.80451389	839	7.31351	13.3755	1.25E-12	9.78E-06	2.87E-09	6.53E-05	3.41E-05	5.09E-03	1.52E-07	3.01E-02	3.02E-02	2.17E-03	-7.86E-08	2.49E-05	-5.81E-08	0	0	-0.2672	-0.196	-4.1622	-999.999	-2.78E+00	-3.44E-13	-2.97E-08	-4.01E-15	-3.46E-10	-3.03E-16	-2.62E-11	-1.80E-11	-1.56E-06	-1.61E-11	-1.39E-06	1.24E-11	-1.07E-06	6.57E-05	6.14E-07
1	1	-99	3.01E+06	34.84618056	840	7.31351	13.3755	1.25E-12	9.81E-06	2.87E-09	6.53E-05	3.40E-05	5.09E-03	1.49E-07	3.01E-02	3.02E-02	2.17E-03	-7.84E-08	2.49E-05	-5.80E-08	0	0	-0.2658	-0.196	-4.1617	-999.999	-2.78E+00	-3.38E-13	-2.92E-08	-3.94E-15	-3.41E-10	-2.98E-16	-2.58E-11	-1.80E-11	-1.56E-06	-1.61E-11	-1.39E-06	1.24E-11	-1.07E-06	6.57E-05	6.13E-07
1	1	-99	3.01E+06	34.88784722	841	7.31351	13.3755	1.25E-12	9.83E-06	2.87E-09	6.54E-05	3.39E-05	5.09E-03	1.47E-07	3.01E-02	3.02E-02	2.17E-03	-7.82E-08	2.48E-05	-5.79E-08	0	0	-0.2645	-0.1961	-4.1613	-999.999	-2.78E+00	-3.33E-13	-2.88E-08	-3.88E-15	-3.35E-10	-2.93E-16	-2.53E-11	-1.80E-11	-1.56E-06	-1.61E-11	-1.39E-06	1.24E-11	-1.07E-06	6.57E-05	6.11E-07
1	1	-99	3.02E+06	34.92951389	842	7.31351	13.3755	1.25E-12	9.86E-06	2.87E-09	6.55E-05	3.38E-05	5.09E-03	1.44E-07	3.01E-02	3.02E-02	2.17E-03	-7.81E-08	2.48E-05	-5.78E-08	0	0	-0.2631	-0.1961	-4.1609	-999.999	-2.78E+00	-3.27E-13	-2.83E-08	-3.81E-15	-3.29E-10	-2.88E-16	-2.49E-11	-1.80E-11	-1.56E-06	-1.60E-11	-1.39E-06	1.24E-11	-1.07E-06	6.57E-05	6.10E-07
1	1	-99	3.02E+06	34.97118056	843	7.31351	13.3755	1.25E-12	9.88E-06	2.87E-09	6.55E-05	3.37E-05	5.09E-03	1.42E-07	3.01E-02	3.02E-02	2.17E-03	-7.79E-08	2.47E-05	-5.77E-08	0	0	-0.2617	-0.1962	-4.1605	-999.999	-2.79E+00	-3.22E-13	-2.78E-08	-3.75E-15	-3.24E-10	-2.84E-16	-2.45E-11	-1.80E-11	-1.56E-06	-1.60E-11	-1.38E-06	1.24E-11	-1.07E-06	6.57E-05	6.08E-07
1	1	-99	3.03E+06	35.01284722	844	7.31351	13.3755	1.25E-12	9.91E-06	2.87E-09	6.56E-05	3.36E-05	5.09E-03	1.40E-07	3.01E-02	3.02E-02	2.17E-03	-7.78E-08	2.46E-05	-5.76E-08	0	0	-0.2603	-0.1962	-4.16	-999.999	-2.79E+00	-3.17E-13	-2.74E-08	-3.69E-15	-3.19E-10	-2.79E-16	-2.41E-11	-1.80E-11	-1.56E-06	-1.60E-11	-1.38E-06	1.24E-11	-1.07E-06	6.57E-05	6.07E-07
1	1	-99	3.03E+06	35.05451389	845	7.31351	13.3755	1.25E-12	9.93E-06	2.87E-09	6.56E-05	3.35E-05	5.09E-03	1.37E-07	3.01E-02	3.02E-02	2.17E-03	-7.76E-08	2.46E-05	-5.75E-08	0	0	-0.2589	-0.1963	-4.1596	-999.999	-2.79E+00	-3.11E-13	-2.69E-08	-3.63E-15	-3.13E-10	-2.74E-16	-2.37E-11	-1.80E-11	-1.56E-06	-1.60E-11	-1.38E-06	1.24E-11	-1.08E-06	6.57E-05	6.06E-07
1	1	-99	3.03E+06	35.09618056	846	7.31351	13.3755	1.25E-12	9.96E-06	2.87E-09	6.57E-05	3.34E-05	5.09E-03	1.35E-07	3.01E-02	3.02E-02	2.17E-03	-7.74E-08	2.45E-05	-5.74E-08	0	0	-0.2576	-0.1963	-4.1592	-999.999	-2.79E+00	-3.06E-13	-2.65E-08	-3.57E-15	-3.08E-10	-2.70E-16	-2.33E-11	-1.80E-11	-1.56E-06	-1.59E-11	-1.38E-06	1.25E-11	-1.08E-06	6.57E-05	6.04E-07
1	1	-99	3.04E+06	35.13784722	847	7.31351	13.3755	1.25E-12	9.98E-06	2.87E-09	6.57E-05	3.33E-05	5.09E-03	1.33E-07	3.01E-02	3.02E-02	2.17E-03	-7.73E-08	2.45E-05	-5.73E-08	0	0	-0.2562	-0.1964	-4.1588	-999.999	-2.79E+00	-3.01E-13	-2.60E-08	-3.51E-15	-3.03E-10	-2.65E-16	-2.29E-11	-1.80E-11	-1.56E-06	-1.59E-11	-1.37E-06	1.25E-11	-1.08E-06	6.57E-05	6.03E-07
1	1	-99	3.04E+06	35.17951389	848	7.31351	13.3755	1.25E-12	1.00E-05	2.87E-09	6.58E-05	3.32E-05	5.09E-03	1.31E-07	3.01E-02	3.02E-02	2.17E-03	-7.71E-08	2.44E-05	-5.72E-08	0	0	-0.2548	-0.1964	-4.1584	-999.999	-2.79E+00	-2.96E-13	-2.56E-08	-3.45E-15	-2.98E-10	-2.61E-16	-2.26E-11	-1.80E-11	-1.56E-06	-1.59E-11	-1.37E-06	1.25E-11	-1.08E-06	6.57E-05	6.01E-07
1	1	-99	3.04E+06	35.22118056	849	7.31351	13.3755	1.25E-12	1.00E-05	2.87E-09	6.59E-05	3.31E-05	5.09E-03	1.28E-07	3.01E-02	3.02E-02	2.17E-03	-7.69E-08	2.44E-05	-5.71E-08	0	0	-0.2534	-0.1965	-4.158	-999.999	-2.79E+00	-2.91E-13	-2.52E-08	-3.39E-15	-2.93E-10	-2.57E-16	-2.22E-11	-1.80E-11	-1.56E-06	-1.58E-11	-1.37E-06	1.25E-11	-1.08E-06	6.57E-05	6.00E-07
1	1	-99	3.05E+06	35.26284722	850	7.31351	13.3755	1.25E-12	1.01E-05	2.87E-09	6.59E-05	3.30E-05	5.09E-03	1.26E-07	3.01E-02	3.02E-02	2.17E-03	-7.68E-08	2.43E-05	-5.70E-08	0	0	-0.2521	-0.1965	-4.1575	-999.999	-2.79E+00	-2.87E-13	-2.48E-08	-3.34E-15	-2.88E-10	-2.53E-16	-2.18E-11	-1.80E-11	-1.56E-06	-1.58E-11	-1.37E-06	1.25E-11	-1.08E-06	6.57E-05	5.99E-07
1	1	-99	3.05E+06	35.30451389	851	7.31351	13.3755	1.25E-12	1.01E-05	2.87E-09	6.60E-05	3.29E-05	5.09E-03	1.24E-07	3.01E-02	3.02E-02	2.17E-03	-7.66E-08	2.42E-05	-5.69E-08	0	0	-0.2507	-0.1966	-4.1571	-999.999	-2.80E+00	-2.82E-13	-2.44E-08	-3.28E-15	-2.84E-10	-2.48E-16	-2.15E-11	-1.80E-11	-1.56E-06	-1.58E-11	-1.36E-06	1.25E-11	-1.08E-06	6.57E-05	5.97E-07
1	1	-99	3.05E+06	35.34618056	852	7.31351	13.3755	1.25E-12	1.01E-05	2.87E-09	6.60E-05	3.28E-05	5.09E-03	1.22E-07	3.01E-02	3.02E-02	2.17E-03	-7.65E-08	2.42E-05	-5.68E-08	0	0	-0.2493	-0.1966	-4.1567	-999.999	-2.80E+00	-2.77E-13	-2.40E-08	-3.23E-15	-2.79E-10	-2.44E-16	-2.11E-11	-1.80E-11	-1.56E-06	-1.57E-11	-1.36E-06	1.25E-11	-1.08E-06	6.57E-05	5.96E-07
1	1	-99	3.06E+06	35.38784722	853	7.31351	13.3755	1.25E-12	1.01E-05	2.87E-09	6.61E-05	3.27E-05	5.09E-03	1.20E-07	3.01E-02	3.02E-02	2.17E-03	-7.63E-08	2.41E-05	-5.67E-08	0	0	-0.248	-0.1967	-4.1563	-999.999	-2.80E+00	-2.73E-13	-2.36E-08	-3.18E-15	-2.74E-10	-2.40E-16	-2.08E-11	-1.80E-11	-1.56E-06	-1.57E-11	-1.36E-06	1.26E-11	-1.09E-06	6.57E-05	5.94E-07
1	1	-99	3.06E+06	35.42951389	854	7.31351	13.3755	1.25E-12	1.02E-05	2.87E-09	6.61E-05	3.26E-05	5.09E-03	1.18E-07	3.01E-02	3.02E-02	2.17E-03	-7.61E-08	2.41E-05	-5.65E-08	0	0	-0.2466	-0.1967	-4.1559	-999.999	-2.80E+00	-2.68E-13	-2.32E-08	-3.12E-15	-2.70E-10	-2.36E-16	-2.04E-11	-1.80E-11	-1.56E-06	-1.57E-11	-1.35E-06	1.26E-11	-1.09E-06	6.57E-05	5.93E-07
1	1	-99	3.06E+06	35.47118056	855	7.31351	13.3755	1.25E-12	1.02E-05	2.87E-09	6.62E-05	3.25E-05	5.09E-03	1.16E-07	3.01E-02	3.02E-02	2.17E-03	-7.60E-08	2.40E-05	-5.64E-08	0	0	-0.2452	-0.1968	-4.1555	-999.999	-2.80E+00	-2.64E-13	-2.28E-08	-3.07E-15	-2.65E-10	-2.32E-16	-2.01E-11	-1.80E-11	-1.56E-06	-1.56E-11	-1.35E-06	1.26E-11	-1.09E-06	6.57E-05	5.92E-07
1	1	-99	3.07E+06	35.51284722	856	7.31351	13.3755	1.25E-12	1.02E-05	2.87E-09	6.63E-05	3.24E-05	5.09E-03	1.14E-07	3.01E-02	3.02E-02	2.17E-03	-7.58E-08	2.40E-05	-5.63E-08	0	0	-0.2439	-0.1968	-4.1551	-999.999	-2.80E+00	-2.59E-13	-2.24E-08	-3.02E-15	-2.61E-10	-2.29E-16	-1.98E-11	-1.80E-11	-1.56E-06	-1.56E-11	-1.35E-06	1.26E-11	-1.09E-06	6.57E-05	5.90E-07
1	1	-99	3.07E+06	35.55451389	857	7.31351	13.3755	1.25E-12	1.02E-05	2.87E-09	6.63E-05	3.23E-05	5.09E-03	1.12E-07	3.01E-02	3.02E-02	2.17E-03	-7.57E-08	2.39E-05	-5.62E-08	0	0	-0.2425	-0.1969	-4.1547	-999.999	-2.80E+00	-2.55E-13	-2.21E-08	-2.97E-15	-2.57E-10	-2.25E-16	-1.94E-11	-1.80E-11	-1.56E-06	-1.56E-11	-1.35E-06	1.26E-11	-1.09E-06	6.57E-05	5.89E-07
1	1	-99	3.08E+06	35.59618056	858	7.31351	13.3755	1.25E-12	1.03E-05	2.87E-09	6.64E-05	3.22E-05	5.09E-03	1.11E-07	3.01E-02	3.02E-02	2.17E-03	-7.55E-08	2.38E-05	-5.61E-08	0	0	-0.2412	-0.1969	-4.1543	-999.999	-2.81E+00	-2.51E-13	-2.17E-08	-2.92E-15	-2.53E-10	-2.21E-16	-1.91E-11	-1.80E-11	-1.56E-06	-1.55E-11	-1.34E-06	1.26E-11	-1.09E-06	6.57E-05	5.87E-07
1	1	-99	3.08E+06	35.63784722	859	7.31351	13.3755	1.25E-12	1.03E-05	2.87E-09	6.64E-05	3.22E-05	5.09E-03	1.09E-07	3.01E-02	3.02E-02	2.17E-03	-7.53E-08	2.38E-05	-5.59E-08	0	0	-0.2398	-0.197	-4.1539	-999.999	-2.81E+00	-2.47E-13	-2.13E-08	-2.88E-15	-2.48E-10	-2.18E-16	-1.88E-11	-1.80E-11	-1.56E-06	-1.55E-11	-1.34E-06	1.26E-11	-1.09E-06	6.57E-05	5.86E-07
1	1	-99	3.08E+06	35.67951389	860	7.31351	13.3755	1.25E-12	1.03E-05	2.87E-09	6.65E-05	3.21E-05	5.09E-03	1.07E-07	3.01E-02	3.02E-02	2.17E-03	-7.51E-08	2.37E-05	-5.58E-08	0	0	-0.2385	-0.197	-4.1534	-999.999	-2.81E+00	-2.43E-13	-2.10E-08	-2.83E-15	-2.44E-10	-2.14E-16	-1.85E-11	-1.80E-11	-1.56E-06	-1.55E-11	-1.34E-06	1.27E-11	-1.09E-06	6.57E-05	5.85E-07
1	1	-99	3.09E+06	35.72118056	861	7.31351	13.3755	1.25E-12	1.03E-05	2.87E-09	6.65E-05	3.20E-05	5.09E-03	1.05E-07	3.01E-02	3.02E-02	2.17E-03	-7.50E-08	2.37E-05	-5.57E-08	0	0	-0.2371	-0.1971	-4.153	-999.999	-2.81E+00	-2.39E-13	-2.06E-08	-2.78E-15	-2.40E-10	-2.11E-16	-1.82E-11	-1.80E-11	-1.56E-06	-1.55E-11	-1.34E-06	1.27E-11	-1.09E-06	6.57E-05	5.83E-07
1	1	-99	3.09E+06	35.76284722	862	7.31351	13.3755	1.25E-12	1.04E-05	2.87E-09	6.66E-05	3.19E-05	5.09E-03	1.04E-07	3.01E-02	3.02E-02	2.17E-03	-7.48E-08	2.36E-05	-5.56E-08	0	0	-0.2357	-0.1971	-4.1526	-999.999	-2.81E+00	-2.35E-13	-2.03E-08	-2.74E-15	-2.36E-10	-2.07E-16	-1.79E-11	-1.80E-11	-1.56E-06	-1.54E-11	-1.33E-06	1.27E-11	-1.10E-06	6.57E-05	5.82E-07
1	1	-99	3.09E+06	35.80451389	863	7.31351	13.3755	1.25E-12	1.04E-05	2.87E-09	6.67E-05	3.18E-05	5.09E-03	1.02E-07	3.01E-02	3.02E-02	2.17E-03	-7.46E-08	2.36E-05	-5.55E-08	0	0	-0.2344	-0.1972	-4.1522	-999.999	-2.81E+00	-2.31E-13	-2.00E-08	-2.69E-15	-2.33E-10	-2.04E-16	-1.76E-11	-1.80E-11	-1.56E-06	-1.54E-11	-1.33E-06	1.27E-11	-1.10E-06	6.57E-05	5.81E-07
1	1	-99	3.10E+06	35.84618056	864	7.31351	13.3755	1.25E-12	1.04E-05	2.87E-09	6.67E-05	3.17E-05	5.09E-03	1.00E-07	3.01E-02	3.02E-02	2.17E-03	-7.45E-08	2.35E-05	-5.54E-08	0	0	-0.233	-0.1972	-4.1518	-999.999	-2.81E+00	-2.27E-13	-1.96E-08	-2.65E-15	-2.29E-10	-2.00E-16	-1.73E-11	-1.80E-11	-1.56E-06	-1.54E-11	-1.33E-06	1.27E-11	-1.10E-06	6.57E-05	5.79E-07
1	1	-99	3.10E+06	35.88784722	865	7.31351	13.3755	1.25E-12	1.04E-05	2.87E-09	6.68E-05	3.16E-05	5.09E-03	9.86E-08	3.01E-02	3.02E-02	2.17E-03	-7.43E-08	2.35E-05	-5.52E-08	0	0	-0.2317	-0.1972	-4.1514	-999.999	-2.82E+00	-2.24E-13	-1.93E-08	-2.60E-15	-2.25E-10	-1.97E-16	-1.70E-11	-1.80E-11	-1.56E-06	-1.53E-11	-1.32E-06	1.27E-11	-1.10E-06	6.57E-05	5.78E-07
1	1	-99	3.10E+06	35.92951389	866	7.31351	13.3755	1.25E-12	1.05E-05	2.87E-09	6.68E-05	3.15E-05	5.09E-03	9.70E-08	3.01E-02	3.02E-02	2.17E-03	-7.41E-08	2.34E-05	-5.51E-08	0	0	-0.2304	-0.1973	-4.151	-999.999	-2.82E+00	-2.20E-13	-1.90E-08	-2.56E-15	-2.21E-10	-1.94E-16	-1.68E-11	-1.80E-11	-1.56E-06	-1.53E-11	-1.32E-06	1.27E-11	-1.10E-06	6.57E-05	5.77E-07
1	1	-99	3.11E+06	35.97118056	867	7.31351	13.3755	1.25E-12	1.05E-05	2.87E-09	6.69E-05	3.14E-05	5.09E-03	9.54E-08	3.01E-02	3.02E-02	2.17E-03	-7.40E-08	2.33E-05	-5.50E-08	0	0	-0.229	-0.1973	-4.1507	-999.999	-2.82E+00	-2.16E-13	-1.87E-08	-2.52E-15	-2.18E-10	-1.91E-16	-1.65E-11	-1.80E-11	-1.56E-06	-1.53E-11	-1.32E-06	1.27E-11	-1.10E-06	6.57E-05	5.75E-07
1	1	-99	3.11E+06	36.01284722	868	7.31351	13.3755	1.25E-12	1.05E-05	2.87E-09	6.69E-05	3.13E-05	5.09E-03	9.38E-08	3.01E-02	3.02E-02	2.17E-03	-7.38E-08	2.33E-05	-5.49E-08	0	0	-0.2277	-0.1974	-4.1503	-999.999	-2.82E+00	-2.13E-13	-1.84E-08	-2.48E-15	-2.14E-10	-1.88E-16	-1.62E-11	-1.80E-11	-1.56E-06	-1.52E-11	-1.31E-06	1.28E-11	-1.10E-06	6.57E-05	5.74E-07
1	1	-99	3.12E+06	36.05451389	869	7.31351	13.3755	1.25E-12	1.06E-05	2.87E-09	6.70E-05	3.12E-05	5.09E-03	9.23E-08	3.01E-02	3.02E-02	2.17E-03	-7.37E-08	2.32E-05	-5.48E-08	0	0	-0.2263	-0.1974	-4.1499	-999.999	-2.82E+00	-2.09E-13	-1.81E-08	-2.44E-15	-2.11E-10	-1.85E-16	-1.59E-11	-1.80E-11	-1.56E-06	-1.52E-11	-1.31E-06	1.28E-11	-1.10E-06	6.57E-05	5.72E-07
1	1	-99	3.12E+06	36.09618056	870	7.31351	13.3755	1.25E-12	1.06E-05	2.87E-09	6.70E-05	3.11E-05	5.09E-03	9.08E-08	3.01E-02	3.02E-02	2.17E-03	-7.35E-08	2.32E-05	-5.46E-08	0	0	-0.225	-0.1975	-4.1495	-999.999	-2.82E+00	-2.06E-13	-1.78E-08	-2.40E-15	-2.07E-10	-1.82E-16	-1.57E-11	-1.80E-11	-1.56E-06	-1.52E-11	-1.31E-06	1.28E-11	-1.10E-06	6.57E-05	5.71E-07
1	1	-99	3.12E+06	36.13784722	871	7.31351	13.3755	1.25E-12	1.06E-05	2.87E-09	6.71E-05	3.10E-05	5.09E-03	8.93E-08	3.01E-02	3.02E-02	2.17E-03	-7.33E-08	2.31E-05	-5.45E-08	0	0	-0.2237	-0.1975	-4.1491	-999.999	-2.82E+00	-2.03E-13	-1.75E-08	-2.36E-15	-2.04E-10	-1.79E-16	-1.54E-11	-1.80E-11	-1.56E-06	-1.51E-11	-1.31E-06	1.28E-11	-1.10E-06	6.57E-05	5.70E-07
1	1	-99	3.13E+06	36.17951389	872	7.31351	13.3755	1.25E-12	1.06E-05	2.87E-09	6.71E-05	3.10E-05	5.09E-03	8.78E-08	3.01E-02	3.02E-02	2.17E-03	-7.32E-08	2.31E-05	-5.44E-08	0	0	-0.2223	-0.1976	-4.1487	-999.999	-2.82E+00	-1.99E-13	-1.72E-08	-2.32E-15	-2.00E-10	-1.76E-16	-1.52E-11	-1.80E-11	-1.56E-06	-1.51E-11	-1.30E-06	1.28E-11	-1.11E-06	6.57E-05	5.68E-07
1	1	-99	3.13E+06	36.22118056	873	7.31351	13.3755	1.25E-12	1.07E-05	2.87E-09	6.72E-05	3.09E-05	5.09E-03	8.64E-08	3.01E-02	3.02E-02	2.17E-03	-7.30E-08	2.30E-05	-5.43E-08	0	0	-0.221	-0.1976	-4.1483	-999.999	-2.83E+00	-1.96E-13	-1.69E-08	-2.28E-15	-1.97E-10	-1.73E-16	-1.49E-11	-1.80E-11	-1.56E-06	-1.50E-11	-1.30E-06	1.28E-11	-1.11E-06	6.57E-05	5.67E-07
1	1	-99	3.13E+06	36.26284722	874	7.31351	13.3755	1.25E-12	1.07E-05	2.87E-09	6.73E-05	3.08E-05	5.09E-03	8.50E-08	3.01E-02	3.02E-02	2.17E-03	-7.28E-08	2.30E-05	-5.41E-08	0	0	-0.2197	-0.1977	-4.1479	-999.999	-2.83E+00	-1.93E-13	-1.67E-08	-2.24E-15	-1.94E-10	-1.70E-16	-1.47E-11	-1.80E-11	-1.56E-06	-1.50E-11	-1.30E-06	1.28E-11	-1.11E-06	6.57E-05	5.66E-07
1	1	-99	3.14E+06	36.30451389	875	7.31351	13.3755	1.25E-12	1.07E-05	2.87E-09	6.73E-05	3.07E-05	5.09E-03	8.36E-08	3.01E-02	3.02E-02	2.17E-03	-7.27E-08	2.29E-05	-5.40E-08	0	0	-0.2183	-0.1977	-4.1475	-999.999	-2.83E+00	-1.90E-13	-1.64E-08	-2.21E-15	-1.91E-10	-1.67E-16	-1.44E-11	-1.80E-11	-1.56E-06	-1.50E-11	-1.29E-06	1.28E-11	-1.11E-06	6.57E-05	5.64E-07
1	1	-99	3.14E+06	36.34618056	876	7.31351	13.3755	1.25E-12	1.07E-05	2.87E-09	6.74E-05	3.06E-05	5.09E-03	8.22E-08	3.01E-02	3.02E-02	2.17E-03	-7.25E-08	2.29E-05	-5.39E-08	0	0	-0.217	-0.1978	-4.1471	-999.999	-2.83E+00	-1.86E-13	-1.61E-08	-2.17E-15	-1.88E-10	-1.64E-16	-1.42E-11	-1.80E-11	-1.56E-06	-1.49E-11	-1.29E-06	1.28E-11	-1.11E-06	6.57E-05	5.63E-07
1	1	-99	3.14E+06	36.38784722	877	7.31351	13.3755	1.25E-12	1.08E-05	2.87E-09	6.74E-05	3.05E-05	5.09E-03	8.09E-08	3.01E-02	3.02E-02	2.17E-03	-7.23E-08	2.28E-05	-5.38E-08	0	0	-0.2157	-0.1978	-4.1468	-999.999	-2.83E+00	-1.83E-13	-1.58E-08	-2.14E-15	-1.85E-10	-1.62E-16	-1.40E-11	-1.80E-11	-1.56E-06	-1.49E-11	-1.29E-06	1.29E-11	-1.11E-06	6.57E-05	5.62E-07
1	1	-99	3.15E+06	36.42951389	878	7.31351	13.3755	1.25E-12	1.08E-05	2.87E-09	6.75E-05	3.04E-05	5.09E-03	7.96E-08	3.01E-02	3.02E-02	2.17E-03	-7.22E-08	2.27E-05	-5.36E-08	0	0	-0.2144	-0.1978	-4.1464	-999.999	-2.83E+00	-1.80E-13	-1.56E-08	-2.10E-15	-1.82E-10	-1.59E-16	-1.37E-11	-1.80E-11	-1.56E-06	-1.49E-11	-1.28E-06	1.29E-11	-1.11E-06	6.56E-05	5.60E-07
1	1	-99	3.15E+06	36.47118056	879	7.31351	13.3755	1.25E-12	1.08E-05	2.87E-09	6.75E-05	3.03E-05	5.09E-03	7.83E-08	3.01E-02	3.02E-02	2.17E-03	-7.20E-08	2.27E-05	-5.35E-08	0	0	-0.2131	-0.1979	-4.146	-999.999	-2.83E+00	-1.77E-13	-1.53E-08	-2.07E-15	-1.79E-10	-1.57E-16	-1.35E-11	-1.80E-11	-1.56E-06	-1.48E-11	-1.28E-06	1.29E-11	-1.11E-06	6.56E-05	5.59E-07
1	1	-99	3.15E+06	36.51284722	880	7.31351	13.3755	1.25E-12	1.08E-05	2.87E-09	6.76E-05	3.03E-05	5.09E-03	7.70E-08	3.01E-02	3.02E-02	2.17E-03	-7.18E-08	2.26E-05	-5.34E-08	0	0	-0.2117	-0.1979	-4.1456	-999.999	-2.84E+00	-1.75E-13	-1.51E-08	-2.03E-15	-1.76E-10	-1.54E-16	-1.33E-11	-1.80E-11	-1.56E-06	-1.48E-11	-1.28E-06	1.29E-11	-1.11E-06	6.56E-05	5.58E-07
1	1	-99	3.16E+06	36.55451389	881	7.31351	13.3755	1.25E-12	1.09E-05	2.87E-09	6.76E-05	3.02E-05	5.09E-03	7.57E-08	3.01E-02	3.02E-02	2.17E-03	-7.17E-08	2.26E-05	-5.32E-08	0	0	-0.2104	-0.198	-4.1452	-999.999	-2.84E+00	-1.72E-13	-1.48E-08	-2.00E-15	-1.73E-10	-1.51E-16	-1.31E-11	-1.80E-11	-1.56E-06	-1.48E-11	-1.28E-06	1.29E-11	-1.11E-06	6.56E-05	5.56E-07
1	1	-99	3.16E+06	36.59618056	882	7.31351	13.3755	1.25E-12	1.09E-05	2.87E-09	6.77E-05	3.01E-05	5.09E-03	7.45E-08	3.01E-02	3.02E-02	2.17E-03	-7.15E-08	2.25E-05	-5.31E-08	0	0	-0.2091	-0.198	-4.1449	-999.999	-2.84E+00	-1.69E-13	-1.46E-08	-1.97E-15	-1.70E-10	-1.49E-16	-1.29E-11	-1.80E-11	-1.56E-06	-1.47E-11	-1.27E-06	1.29E-11	-1.11E-06	6.56E-05	5.55E-07
1	1	-99	3.17E+06	36.63784722	883	7.31352	13.3755	1.25E-12	1.09E-05	2.87E-09	6.77E-05	3.00E-05	5.09E-03	7.33E-08	3.01E-02	3.02E-02	2.17E-03	-7.13E-08	2.25E-05	-5.30E-08	0	0	-0.2078	-0.1981	-4.1445	-999.999	-2.84E+00	-1.66E-13	-1.44E-08	-1.93E-15	-1.67E-10	-1.47E-16	-1.27E-11	-1.80E-11	-1.56E-06	-1.47E-11	-1.27E-06	1.29E-11	-1.12E-06	6.56E-05	5.54E-07
1	1	-99	3.17E+06	36.67951389	884	7.31352	13.3755	1.25E-12	1.10E-05	2.87E-09	6.78E-05	2.99E-05	5.09E-03	7.21E-08	3.01E-02	3.02E-02	2.17E-03	-7.12E-08	2.24E-05	-5.28E-08	0	0	-0.2065	-0.1981	-4.1441	-999.999	-2.84E+00	-1.63E-13	-1.41E-08	-1.90E-15	-1.64E-10	-1.44E-16	-1.25E-11	-1.80E-11	-1.56E-06	-1.47E-11	-1.27E-06	1.29E-11	-1.12E-06	6.56E-05	5.53E-07
1	1	-99	3.17E+06	36.72118056	885	7.31352	13.3755	1.25E-12	1.10E-05	2.87E-09	6.78E-05	2.98E-05	5.09E-03	7.09E-08	3.01E-02	3.02E-02	2.17E-03	-7.10E-08	2.24E-05	-5.27E-08	0	0	-0.2052	-0.1982	-4.1437	-999.999	-2.84E+00	-1.61E-13	-1.39E-08	-1.87E-15	-1.62E-10	-1.42E-16	-1.22E-11	-1.80E-11	-1.56E-06	-1.46E-11	-1.26E-06	1.29E-11	-1.12E-06	6.56E-05	5.51E-07
1	1	-99	3.18E+06	36.76284722	886	7.31352	13.3755	1.25E-12	1.10E-05	2.87E-09	6.79E-05	2.98E-05	5.09E-03	6.98E-08	3.01E-02	3.02E-02	2.17E-03	-7.08E-08	2.23E-05	-5.26E-08	0	0	-0.2039	-0.1982	-4.1434	-999.999	-2.84E+00	-1.58E-13	-1.37E-08	-1.84E-15	-1.59E-10	-1.39E-16	-1.20E-11	-1.80E-11	-1.56E-06	-1.46E-11	-1.26E-06	1.29E-11	-1.12E-06	6.56E-05	5.50E-07
1	1	-99	3.18E+06	36.80451389	887	7.31352	13.3755	1.25E-12	1.10E-05	2.87E-09	6.79E-05	2.97E-05	5.09E-03	6.86E-08	3.01E-02	3.02E-02	2.17E-03	-7.07E-08	2.23E-05	-5.24E-08	0	0	-0.2026	-0.1983	-4.143	-999.999	-2.84E+00	-1.56E-13	-1.34E-08	-1.81E-15	-1.56E-10	-1.37E-16	-1.19E-11	-1.80E-11	-1.56E-06	-1.45E-11	-1.26E-06	1.30E-11	-1.12E-06	6.56E-05	5.49E-07
1	1	-99	3.18E+06	36.84618056	888	7.31352	13.3755	1.25E-12	1.11E-05	2.87E-09	6.80E-05	2.96E-05	5.09E-03	6.75E-08	3.01E-02	3.02E-02	2.17E-03	-7.05E-08	2.22E-05	-5.23E-08	0	0	-0.2013	-0.1983	-4.1426	-999.999	-2.85E+00	-1.53E-13	-1.32E-08	-1.78E-15	-1.54E-10	-1.35E-16	-1.17E-11	-1.80E-11	-1.56E-06	-1.45E-11	-1.25E-06	1.30E-11	-1.12E-06	6.56E-05	5.47E-07
1	1	-99	3.19E+06	36.88784722	889	7.31352	13.3755	1.25E-12	1.11E-05	2.87E-09	6.80E-05	2.95E-05	5.09E-03	6.64E-08	3.01E-02	3.02E-02	2.17E-03	-7.03E-08	2.22E-05	-5.22E-08	0	0	-0.2	-0.1983	-4.1422	-999.999	-2.85E+00	-1.50E-13	-1.30E-08	-1.75E-15	-1.51E-10	-1.33E-16	-1.15E-11	-1.80E-11	-1.56E-06	-1.45E-11	-1.25E-06	1.30E-11	-1.12E-06	6.56E-05	5.46E-07
1	1	-99	3.19E+06	36.92951389	890	7.31352	13.3755	1.25E-12	1.11E-05	2.87E-09	6.81E-05	2.94E-05	5.09E-03	6.53E-08	3.01E-02	3.02E-02	2.17E-03	-7.02E-08	2.21E-05	-5.20E-08	0	0	-0.1987	-0.1984	-4.1419	-999.999	-2.85E+00	-1.48E-13	-1.28E-08	-1.72E-15	-1.49E-10	-1.31E-16	-1.13E-11	-1.80E-11	-1.56E-06	-1.44E-11	-1.25E-06	1.30E-11	-1.12E-06	6.56E-05	5.45E-07
1	1	-99	3.19E+06	36.97118056	891	7.31352	13.3755	1.25E-12	1.11E-05	2.87E-09	6.82E-05	2.93E-05	5.09E-03	6.42E-08	3.01E-02	3.02E-02	2.17E-03	-7.00E-08	2.21E-05	-5.19E-08	0	0	-0.1974	-0.1984	-4.1415	-999.999	-2.85E+00	-1.46E-13	-1.26E-08	-1.70E-15	-1.46E-10	-1.28E-16	-1.11E-11	-1.80E-11	-1.56E-06	-1.44E-11	-1.24E-06	1.30E-11	-1.12E-06	6.56E-05	5.44E-07
1	1	-99	3.20E+06	37.01284722	892	7.31352	13.3755	1.25E-12	1.12E-05	2.87E-09	6.82E-05	2.93E-05	5.09E-03	6.32E-08	3.01E-02	3.02E-02	2.17E-03	-6.98E-08	2.20E-05	-5.18E-08	0	0	-0.1961	-0.1985	-4.1411	-999.999	-2.85E+00	-1.43E-13	-1.24E-08	-1.67E-15	-1.44E-10	-1.26E-16	-1.09E-11	-1.80E-11	-1.56E-06	-1.44E-11	-1.24E-06	1.30E-11	-1.12E-06	6.56E-05	5.42E-07
1	1	-99	3.20E+06	37.05451389	893	7.31352	13.3755	1.25E-12	1.12E-05	2.87E-09	6.83E-05	2.92E-05	5.09E-03	6.22E-08	3.01E-02	3.02E-02	2.17E-03	-6.96E-08	2.20E-05	-5.16E-08	0	0	-0.1948	-0.1985	-4.1408	-999.999	-2.85E+00	-1.41E-13	-1.22E-08	-1.64E-15	-1.42E-10	-1.24E-16	-1.07E-11	-1.80E-11	-1.56E-06	-1.43E-11	-1.24E-06	1.30E-11	-1.12E-06	6.56E-05	5.41E-07
1	1	-99	3.21E+06	37.09618056	894	7.31352	13.3755	1.25E-12	1.12E-05	2.87E-09	6.83E-05	2.91E-05	5.09E-03	6.11E-08	3.01E-02	3.02E-02	2.17E-03	-6.95E-08	2.19E-05	-5.15E-08	0	0	-0.1935	-0.1986	-4.1404	-999.999	-2.85E+00	-1.39E-13	-1.20E-08	-1.61E-15	-1.39E-10	-1.22E-16	-1.06E-11	-1.80E-11	-1.56E-06	-1.43E-11	-1.23E-06	1.30E-11	-1.12E-06	6.56E-05	5.40E-07
1	1	-99	3.21E+06	37.13784722	895	7.31352	13.3755	1.25E-12	1.12E-05	2.87E-09	6.84E-05	2.90E-05	5.09E-03	6.01E-08	3.01E-02	3.02E-02	2.17E-03	-6.93E-08	2.19E-05	-5.13E-08	0	0	-0.1922	-0.1986	-4.1401	-999.999	-2.85E+00	-1.36E-13	-1.18E-08	-1.59E-15	-1.37E-10	-1.20E-16	-1.04E-11	-1.80E-11	-1.56E-06	-1.42E-11	-1.23E-06	1.30E-11	-1.13E-06	6.56E-05	5.38E-07
1	1	-99	3.21E+06	37.17951389	896	7.31352	13.3755	1.25E-12	1.13E-05	2.87E-09	6.84E-05	2.89E-05	5.09E-03	5.92E-08	3.01E-02	3.02E-02	2.17E-03	-6.91E-08	2.18E-05	-5.12E-08	0	0	-0.191	-0.1987	-4.1397	-999.999	-2.86E+00	-1.34E-13	-1.16E-08	-1.56E-15	-1.35E-10	-1.18E-16	-1.02E-11	-1.80E-11	-1.56E-06	-1.42E-11	-1.23E-06	1.30E-11	-1.13E-06	6.56E-05	5.37E-07
1	1	-99	3.22E+06	37.22118056	897	7.31352	13.3755	1.25E-12	1.13E-05	2.87E-09	6.85E-05	2.89E-05	5.09E-03	5.82E-08	3.01E-02	3.02E-02	2.17E-03	-6.90E-08	2.18E-05	-5.11E-08	0	0	-0.1897	-0.1987	-4.1393	-999.999	-2.86E+00	-1.32E-13	-1.14E-08	-1.54E-15	-1.33E-10	-1.16E-16	-1.01E-11	-1.80E-11	-1.56E-06	-1.42E-11	-1.22E-06	1.30E-11	-1.13E-06	6.56E-05	5.36E-07
1	1	-99	3.22E+06	37.26284722	898	7.31352	13.3755	1.25E-12	1.13E-05	2.87E-09	6.85E-05	2.88E-05	5.09E-03	5.72E-08	3.01E-02	3.02E-02	2.17E-03	-6.88E-08	2.17E-05	-5.09E-08	0	0	-0.1884	-0.1987	-4.139	-999.999	-2.86E+00	-1.30E-13	-1.12E-08	-1.51E-15	-1.31E-10	-1.14E-16	-9.89E-12	-1.80E-11	-1.56E-06	-1.41E-11	-1.22E-06	1.30E-11	-1.13E-06	6.56E-05	5.35E-07
1	1	-99	3.22E+06	37.30451389	899	7.31352	13.3755	1.25E-12	1.14E-05	2.87E-09	6.86E-05	2.87E-05	5.09E-03	5.63E-08	3.01E-02	3.02E-02	2.17E-03	-6.86E-08	2.17E-05	-5.08E-08	0	0	-0.1871	-0.1988	-4.1386	-999.999	-2.86E+00	-1.28E-13	-1.10E-08	-1.49E-15	-1.28E-10	-1.13E-16	-9.73E-12	-1.80E-11	-1.56E-06	-1.41E-11	-1.22E-06	1.31E-11	-1.13E-06	6.56E-05	5.33E-07
1	1	-99	3.23E+06	37.34618056	900	7.31352	13.3755	1.25E-12	1.14E-05	2.87E-09	6.86E-05	2.86E-05	5.09E-03	5.54E-08	3.01E-02	3.02E-02	2.17E-03	-6.84E-08	2.16E-05	-5.06E-08	0	0	-0.1859	-0.1988	-4.1383	-999.999	-2.86E+00	-1.26E-13	-1.08E-08	-1.46E-15	-1.26E-10	-1.11E-16	-9.57E-12	-1.80E-11	-1.56E-06	-1.40E-11	-1.21E-06	1.31E-11	-1.13E-06	6.56E-05	5.32E-07
1	1	-99	3.23E+06	37.38784722	901	7.31352	13.3755	1.25E-12	1.14E-05	2.87E-09	6.87E-05	2.85E-05	5.09E-03	5.45E-08	3.01E-02	3.02E-02	2.17E-03	-6.83E-08	2.15E-05	-5.05E-08	0	0	-0.1846	-0.1989	-4.1379	-999.999	-2.86E+00	-1.23E-13	-1.07E-08	-1.44E-15	-1.24E-10	-1.09E-16	-9.41E-12	-1.80E-11	-1.56E-06	-1.40E-11	-1.21E-06	1.31E-11	-1.13E-06	6.56E-05	5.31E-07
1	1	-99	3.23E+06	37.42951389	902	7.31352	13.3755	1.25E-12	1.14E-05	2.87E-09	6.87E-05	2.85E-05	5.09E-03	5.36E-08	3.01E-02	3.02E-02	2.17E-03	-6.81E-08	2.15E-05	-5.04E-08	0	0	-0.1833	-0.1989	-4.1376	-999.999	-2.86E+00	-1.21E-13	-1.05E-08	-1.41E-15	-1.22E-10	-1.07E-16	-9.26E-12	-1.80E-11	-1.56E-06	-1.40E-11	-1.21E-06	1.31E-11	-1.13E-06	6.56E-05	5.30E-07
1	1	-99	3.24E+06	37.47118056	903	7.31352	13.3755	1.25E-12	1.15E-05	2.87E-09	6.88E-05	2.84E-05	5.09E-03	5.27E-08	3.01E-02	3.02E-02	2.17E-03	-6.79E-08	2.14E-05	-5.02E-08	0	0	-0.1821	-0.199	-4.1372	-999.999	-2.86E+00	-1.19E-13	-1.03E-08	-1.39E-15	-1.20E-10	-1.05E-16	-9.11E-12	-1.80E-11	-1.56E-06	-1.39E-11	-1.20E-06	1.31E-11	-1.13E-06	6.56E-05	5.28E-07
1	1	-99	3.24E+06	37.51284722	904	7.31352	13.3755	1.25E-12	1.15E-05	2.87E-09	6.88E-05	2.83E-05	5.09E-03	5.19E-08	3.01E-02	3.02E-02	2.17E-03	-6.77E-08	2.14E-05	-5.01E-08	0	0	-0.1808	-0.199	-4.1368	-999.999	-2.87E+00	-1.18E-13	-1.02E-08	-1.37E-15	-1.18E-10	-1.04E-16	-8.96E-12	-1.80E-11	-1.56E-06	-1.39E-11	-1.20E-06	1.31E-11	-1.13E-06	6.56E-05	5.27E-07
1	1	-99	3.24E+06	37.55451389	905	7.31352	13.3755	1.25E-12	1.15E-05	2.87E-09	6.89E-05	2.82E-05	5.09E-03	5.10E-08	3.01E-02	3.02E-02	2.17E-03	-6.76E-08	2.13E-05	-4.99E-08	0	0	-0.1796	-0.199	-4.1365	-999.999	-2.87E+00	-1.16E-13	-9.99E-09	-1.35E-15	-1.16E-10	-1.02E-16	-8.81E-12	-1.80E-11	-1.56E-06	-1.38E-11	-1.20E-06	1.31E-11	-1.13E-06	6.56E-05	5.26E-07
1	1	-99	3.25E+06	37.59618056	906	7.31352	13.3755	1.25E-12	1.16E-05	2.87E-09	6.89E-05	2.82E-05	5.09E-03	5.02E-08	3.01E-02	3.02E-02	2.17E-03	-6.74E-08	2.13E-05	-4.98E-08	0	0	-0.1783	-0.1991	-4.1361	-999.999	-2.87E+00	-1.14E-13	-9.82E-09	-1.32E-15	-1.14E-10	-1.00E-16	-8.67E-12	-1.80E-11	-1.56E-06	-1.38E-11	-1.19E-06	1.31E-11	-1.13E-06	6.56E-05	5.25E-07
1	1	-99	3.25E+06	37.63784722	907	7.31352	13.3755	1.25E-12	1.16E-05	2.87E-09	6.90E-05	2.81E-05	5.09E-03	4.94E-08	3.01E-02	3.02E-02	2.17E-03	-6.72E-08	2.12E-05	-4.96E-08	0	0	-0.177	-0.1991	-4.1358	-999.999	-2.87E+00	-1.12E-13	-9.66E-09	-1.30E-15	-1.13E-10	-9.87E-17	-8.53E-12	-1.80E-11	-1.56E-06	-1.38E-11	-1.19E-06	1.31E-11	-1.13E-06	6.56E-05	5.24E-07
1	1	-99	3.26E+06	37.67951389	908	7.31352	13.3755	1.25E-12	1.16E-05	2.87E-09	6.90E-05	2.80E-05	5.09E-03	4.86E-08	3.01E-02	3.02E-02	2.17E-03	-6.70E-08	2.12E-05	-4.95E-08	0	0	-0.1758	-0.1992	-4.1355	-999.999	-2.87E+00	-1.10E-13	-9.50E-09	-1.28E-15	-1.11E-10	-9.71E-17	-8.39E-12	-1.80E-11	-1.56E-06	-1.37E-11	-1.19E-06	1.31E-11	-1.13E-06	6.56E-05	5.22E-07
1	1	-99	3.26E+06	37.72118056	909	7.31352	13.3755	1.25E-12	1.16E-05	2.87E-09	6.91E-05	2.79E-05	5.09E-03	4.78E-08	3.01E-02	3.02E-02	2.17E-03	-6.69E-08	2.12E-05	-4.93E-08	0	0	-0.1746	-0.1992	-4.1351	-999.999	-2.87E+00	-1.08E-13	-9.35E-09	-1.26E-15	-1.09E-10	-9.55E-17	-8.25E-12	-1.80E-11	-1.56E-06	-1.37E-11	-1.18E-06	1.31E-11	-1.13E-06	6.56E-05	5.21E-07
1	1	-99	3.26E+06	37.76284722	910	7.31352	13.3755	1.25E-12	1.17E-05	2.87E-09	6.91E-05	2.79E-05	5.09E-03	4.70E-08	3.01E-02	3.02E-02	2.17E-03	-6.67E-08	2.11E-05	-4.92E-08	0	0	-0.1733	-0.1993	-4.1348	-999.999	-2.87E+00	-1.06E-13	-9.20E-09	-1.24E-15	-1.07E-10	-9.39E-17	-8.12E-12	-1.80E-11	-1.56E-06	-1.36E-11	-1.18E-06	1.31E-11	-1.14E-06	6.56E-05	5.20E-07
1	1	-99	3.27E+06	37.80451389	911	7.31352	13.3755	1.25E-12	1.17E-05	2.87E-09	6.92E-05	2.78E-05	5.09E-03	4.62E-08	3.01E-02	3.02E-02	2.17E-03	-6.65E-08	2.11E-05	-4.90E-08	0	0	-0.1721	-0.1993	-4.1344	-999.999	-2.87E+00	-1.05E-13	-9.05E-09	-1.22E-15	-1.05E-10	-9.24E-17	-7.98E-12	-1.80E-11	-1.56E-06	-1.36E-11	-1.17E-06	1.32E-11	-1.14E-06	6.56E-05	5.19E-07
1	1	-99	3.27E+06	37.84618056	912	7.31352	13.3755	1.25E-12	1.17E-05	2.87E-09	6.92E-05	2.77E-05	5.09E-03	4.55E-08	3.01E-02	3.02E-02	2.17E-03	-6.63E-08	2.10E-05	-4.89E-08	0	0	-0.1708	-0.1993	-4.1341	-999.999	-2.88E+00	-1.03E-13	-8.90E-09	-1.20E-15	-1.04E-10	-9.09E-17	-7.85E-12	-1.80E-11	-1.56E-06	-1.36E-11	-1.17E-06	1.32E-11	-1.14E-06	6.56E-05	5.18E-07
1	1	-99	3.27E+06	37.88784722	913	7.31352	13.3755	1.25E-12	1.17E-05	2.87E-09	6.93E-05	2.76E-05	5.09E-03	4.47E-08	3.01E-02	3.02E-02	2.17E-03	-6.62E-08	2.10E-05	-4.87E-08	0	0	-0.1696	-0.1994	-4.1337	-999.999	-2.88E+00	-1.01E-13	-8.75E-09	-1.18E-15	-1.02E-10	-8.94E-17	-7.73E-12	-1.80E-11	-1.56E-06	-1.35E-11	-1.17E-06	1.32E-11	-1.14E-06	6.56E-05	5.16E-07
1	1	-99	3.28E+06	37.92951389	914	7.31352	13.3755	1.25E-12	1.18E-05	2.87E-09	6.93E-05	2.76E-05	5.09E-03	4.40E-08	3.01E-02	3.02E-02	2.17E-03	-6.60E-08	2.09E-05	-4.86E-08	0	0	-0.1684	-0.1994	-4.1334	-999.999	-2.88E+00	-9.96E-14	-8.61E-09	-1.16E-15	-1.00E-10	-8.80E-17	-7.60E-12	-1.80E-11	-1.56E-06	-1.35E-11	-1.16E-06	1.32E-11	-1.14E-06	6.56E-05	5.15E-07
1	1	-99	3.28E+06	37.97118056	915	7.31352	13.3755	1.25E-12	1.18E-05	2.87E-09	6.94E-05	2.75E-05	5.09E-03	4.33E-08	3.01E-02	3.02E-02	2.17E-03	-6.58E-08	2.09E-05	-4.84E-08	0	0	-0.1671	-0.1995	-4.1331	-999.999	-2.88E+00	-9.80E-14	-8.47E-09	-1.14E-15	-9.86E-11	-8.65E-17	-7.48E-12	-1.80E-11	-1.56E-06	-1.34E-11	-1.16E-06	1.32E-11	-1.14E-06	6.56E-05	5.14E-07
1	1	-99	3.28E+06	38.01284722	916	7.31352	13.3755	1.25E-12	1.18E-05	2.87E-09	6.94E-05	2.74E-05	5.09E-03	4.26E-08	3.01E-02	3.02E-02	2.17E-03	-6.56E-08	2.08E-05	-4.83E-08	0	0	-0.1659	-0.1995	-4.1327	-999.999	-2.88E+00	-9.64E-14	-8.33E-09	-1.12E-15	-9.70E-11	-8.51E-17	-7.35E-12	-1.80E-11	-1.56E-06	-1.34E-11	-1.16E-06	1.32E-11	-1.14E-06	6.56E-05	5.13E-07
1	1	-99	3.29E+06	38.05451389	917	7.31352	13.3755	1.25E-12	1.19E-05	2.87E-09	6.95E-05	2.74E-05	5.09E-03	4.19E-08	3.01E-02	3.02E-02	2.17E-03	-6.55E-08	2.08E-05	-4.81E-08	0	0	-0.1647	-0.1995	-4.1324	-999.999	-2.88E+00	-9.48E-14	-8.19E-09	-1.10E-15	-9.54E-11	-8.37E-17	-7.23E-12	-1.80E-11	-1.56E-06	-1.33E-11	-1.15E-06	1.32E-11	-1.14E-06	6.56E-05	5.12E-07
1	1	-99	3.29E+06	38.09618056	918	7.31352	13.3755	1.25E-12	1.19E-05	2.87E-09	6.95E-05	2.73E-05	5.09E-03	4.12E-08	3.01E-02	3.02E-02	2.17E-03	-6.53E-08	2.07E-05	-4.80E-08	0	0	-0.1635	-0.1996	-4.1321	-999.999	-2.88E+00	-9.33E-14	-8.06E-09	-1.09E-15	-9.38E-11	-8.24E-17	-7.12E-12	-1.80E-11	-1.56E-06	-1.33E-11	-1.15E-06	1.32E-11	-1.14E-06	6.56E-05	5.10E-07
1	1	-99	3.30E+06	38.13784722	919	7.31352	13.3755	1.25E-12	1.19E-05	2.87E-09	6.95E-05	2.72E-05	5.09E-03	4.05E-08	3.01E-02	3.02E-02	2.17E-03	-6.51E-08	2.07E-05	-4.78E-08	0	0	-0.1623	-0.1996	-4.1317	-999.999	-2.88E+00	-9.18E-14	-7.93E-09	-1.07E-15	-9.23E-11	-8.10E-17	-7.00E-12	-1.80E-11	-1.56E-06	-1.33E-11	-1.15E-06	1.32E-11	-1.14E-06	6.56E-05	5.09E-07
1	1	-99	3.30E+06	38.17951389	920	7.31352	13.3755	1.25E-12	1.19E-05	2.87E-09	6.96E-05	2.71E-05	5.09E-03	3.99E-08	3.01E-02	3.02E-02	2.17E-03	-6.49E-08	2.06E-05	-4.77E-08	0	0	-0.1611	-0.1997	-4.1314	-999.999	-2.89E+00	-9.03E-14	-7.80E-09	-1.05E-15	-9.08E-11	-7.97E-17	-6.89E-12	-1.80E-11	-1.56E-06	-1.32E-11	-1.14E-06	1.32E-11	-1.14E-06	6.56E-05	5.08E-07
1	1	-99	3.30E+06	38.22118056	921	7.31352	13.3755	1.25E-12	1.20E-05	2.87E-09	6.96E-05	2.71E-05	5.09E-03	3.92E-08	3.01E-02	3.02E-02	2.17E-03	-6.47E-08	2.06E-05	-4.75E-08	0	0	-0.1598	-0.1997	-4.1311	-999.999	-2.89E+00	-8.88E-14	-7.67E-09	-1.03E-15	-8.93E-11	-7.84E-17	-6.77E-12	-1.80E-11	-1.56E-06	-1.32E-11	-1.14E-06	1.32E-11	-1.14E-06	6.56E-05	5.07E-07
1	1	-99	3.31E+06	38.26284722	922	7.31352	13.3755	1.25E-12	1.20E-05	2.87E-09	6.97E-05	2.70E-05	5.09E-03	3.86E-08	3.01E-02	3.02E-02	2.17E-03	-6.46E-08	2.05E-05	-4.74E-08	0	0	-0.1586	-0.1998	-4.1307	-999.999	-2.89E+00	-8.73E-14	-7.55E-09	-1.02E-15	-8.79E-11	-7.71E-17	-6.66E-12	-1.80E-11	-1.56E-06	-1.31E-11	-1.13E-06	1.32E-11	-1.14E-06	6.56E-05	5.06E-07
1	1	-99	3.31E+06	38.30451389	923	7.31352	13.3755	1.25E-12	1.20E-05	2.87E-09	6.97E-05	2.69E-05	5.09E-03	3.79E-08	3.01E-02	3.02E-02	2.17E-03	-6.44E-08	2.05E-05	-4.72E-08	0	0	-0.1574	-0.1998	-4.1304	-999.999	-2.89E+00	-8.59E-14	-7.42E-09	-1.00E-15	-8.64E-11	-7.59E-17	-6.55E-12	-1.80E-11	-1.56E-06	-1.31E-11	-1.13E-06	1.32E-11	-1.14E-06	6.56E-05	5.05E-07
1	1	-99	3.31E+06	38.34618056	924	7.31352	13.3755	1.25E-12	1.21E-05	2.87E-09	6.98E-05	2.69E-05	5.09E-03	3.73E-08	3.01E-02	3.02E-02	2.17E-03	-6.42E-08	2.04E-05	-4.70E-08	0	0	-0.1562	-0.1998	-4.1301	-999.999	-2.89E+00	-8.45E-14	-7.30E-09	-9.84E-16	-8.50E-11	-7.46E-17	-6.45E-12	-1.80E-11	-1.56E-06	-1.30E-11	-1.13E-06	1.32E-11	-1.14E-06	6.56E-05	5.03E-07
1	1	-99	3.32E+06	38.38784722	925	7.31352	13.3755	1.25E-12	1.21E-05	2.87E-09	6.98E-05	2.68E-05	5.09E-03	3.67E-08	3.01E-02	3.02E-02	2.17E-03	-6.40E-08	2.04E-05	-4.69E-08	0	0	-0.155	-0.1999	-4.1298	-999.999	-2.89E+00	-8.31E-14	-7.18E-09	-9.68E-16	-8.36E-11	-7.34E-17	-6.34E-12	-1.80E-11	-1.56E-06	-1.30E-11	-1.12E-06	1.32E-11	-1.14E-06	6.56E-05	5.02E-07
1	1	-99	3.32E+06	38.42951389	926	7.31352	13.3755	1.25E-12	1.21E-05	2.87E-09	6.99E-05	2.67E-05	5.09E-03	3.61E-08	3.01E-02	3.02E-02	2.17E-03	-6.38E-08	2.03E-05	-4.67E-08	0	0	-0.1538	-0.1999	-4.1294	-999.999	-2.89E+00	-8.18E-14	-7.06E-09	-9.52E-16	-8.23E-11	-7.22E-17	-6.24E-12	-1.80E-11	-1.56E-06	-1.29E-11	-1.12E-06	1.33E-11	-1.14E-06	6.55E-05	5.01E-07
1	1	-99	3.32E+06	38.47118056	927	7.31352	13.3755	1.25E-12	1.21E-05	2.87E-09	6.99E-05	2.67E-05	5.10E-03	3.55E-08	3.01E-02	3.02E-02	2.17E-03	-6.37E-08	2.03E-05	-4.66E-08	0	0	-0.1527	-0.2	-4.1291	-999.999	-2.89E+00	-8.04E-14	-6.95E-09	-9.36E-16	-8.09E-11	-7.10E-17	-6.14E-12	-1.80E-11	-1.56E-06	-1.29E-11	-1.11E-06	1.33E-11	-1.15E-06	6.55E-05	5.00E-07
1	1	-99	3.33E+06	38.51284722	928	7.31352	13.3755	1.25E-12	1.22E-05	2.87E-09	7.00E-05	2.66E-05	5.10E-03	3.49E-08	3.01E-02	3.02E-02	2.17E-03	-6.35E-08	2.02E-05	-4.64E-08	0	0	-0.1515	-0.2	-4.1288	-999.999	-2.90E+00	-7.91E-14	-6.84E-09	-9.21E-16	-7.96E-11	-6.99E-17	-6.04E-12	-1.80E-11	-1.56E-06	-1.29E-11	-1.11E-06	1.33E-11	-1.15E-06	6.55E-05	4.99E-07
1	1	-99	3.33E+06	38.55451389	929	7.31352	13.3755	1.25E-12	1.22E-05	2.87E-09	7.00E-05	2.65E-05	5.10E-03	3.44E-08	3.01E-02	3.02E-02	2.17E-03	-6.33E-08	2.02E-05	-4.62E-08	0	0	-0.1503	-0.2	-4.1285	-999.999	-2.90E+00	-7.78E-14	-6.72E-09	-9.06E-16	-7.83E-11	-6.87E-17	-5.94E-12	-1.80E-11	-1.56E-06	-1.28E-11	-1.11E-06	1.33E-11	-1.15E-06	6.55E-05	4.98E-07
1	1	-99	3.33E+06	38.59618056	930	7.31352	13.3755	1.25E-12	1.22E-05	2.87E-09	7.01E-05	2.65E-05	5.10E-03	3.38E-08	3.01E-02	3.02E-02	2.17E-03	-6.31E-08	2.01E-05	-4.61E-08	0	0	-0.1491	-0.2001	-4.1282	-999.999	-2.90E+00	-7.65E-14	-6.61E-09	-8.91E-16	-7.70E-11	-6.76E-17	-5.84E-12	-1.80E-11	-1.56E-06	-1.28E-11	-1.10E-06	1.33E-11	-1.15E-06	6.55E-05	4.96E-07
1	1	-99	3.34E+06	38.63784722	931	7.31352	13.3755	1.25E-12	1.22E-05	2.87E-09	7.01E-05	2.64E-05	5.10E-03	3.33E-08	3.01E-02	3.02E-02	2.16E-03	-6.29E-08	2.01E-05	-4.59E-08	0	0	-0.1479	-0.2001	-4.1278	-999.999	-2.90E+00	-7.53E-14	-6.51E-09	-8.77E-16	-7.57E-11	-6.65E-17	-5.75E-12	-1.80E-11	-1.56E-06	-1.27E-11	-1.10E-06	1.33E-11	-1.15E-06	6.55E-05	4.95E-07
1	1	-99	3.34E+06	38.67951389	932	7.31352	13.3755	1.25E-12	1.23E-05	2.87E-09	7.02E-05	2.63E-05	5.10E-03	3.27E-08	3.01E-02	3.02E-02	2.16E-03	-6.28E-08	2.01E-05	-4.58E-08	0	0	-0.1468	-0.2001	-4.1275	-999.999	-2.90E+00	-7.41E-14	-6.40E-09	-8.62E-16	-7.45E-11	-6.54E-17	-5.65E-12	-1.80E-11	-1.56E-06	-1.27E-11	-1.10E-06	1.33E-11	-1.15E-06	6.55E-05	4.94E-07
1	1	-99	3.35E+06	38.72118056	933	7.31352	13.3755	1.25E-12	1.23E-05	2.87E-09	7.02E-05	2.63E-05	5.10E-03	3.22E-08	3.01E-02	3.02E-02	2.16E-03	-6.26E-08	2.00E-05	-4.56E-08	0	0	-0.1456	-0.2002	-4.1272	-999.999	-2.90E+00	-7.29E-14	-6.29E-09	-8.48E-16	-7.33E-11	-6.44E-17	-5.56E-12	-1.80E-11	-1.56E-06	-1.26E-11	-1.09E-06	1.33E-11	-1.15E-06	6.55E-05	4.93E-07
1	1	-99	3.35E+06	38.76284722	934	7.31352	13.3755	1.25E-12	1.23E-05	2.87E-09	7.02E-05	2.62E-05	5.10E-03	3.17E-08	3.01E-02	3.02E-02	2.16E-03	-6.24E-08	2.00E-05	-4.54E-08	0	0	-0.1444	-0.2002	-4.1269	-999.999	-2.90E+00	-7.17E-14	-6.19E-09	-8.34E-16	-7.21E-11	-6.33E-17	-5.47E-12	-1.80E-11	-1.56E-06	-1.26E-11	-1.09E-06	1.33E-11	-1.15E-06	6.55E-05	4.92E-07
1	1	-99	3.35E+06	38.80451389	935	7.31352	13.3755	1.25E-12	1.24E-05	2.87E-09	7.03E-05	2.61E-05	5.10E-03	3.11E-08	3.01E-02	3.02E-02	2.16E-03	-6.22E-08	1.99E-05	-4.53E-08	0	0	-0.1433	-0.2003	-4.1266	-999.999	-2.90E+00	-7.05E-14	-6.09E-09	-8.21E-16	-7.09E-11	-6.23E-17	-5.38E-12	-1.80E-11	-1.56E-06	-1.25E-11	-1.08E-06	1.33E-11	-1.15E-06	6.55E-05	4.91E-07
1	1	-99	3.36E+06	38.84618056	936	7.31352	13.3755	1.25E-12	1.24E-05	2.87E-09	7.03E-05	2.61E-05	5.10E-03	3.06E-08	3.01E-02	3.02E-02	2.16E-03	-6.20E-08	1.99E-05	-4.51E-08	0	0	-0.1421	-0.2003	-4.1263	-999.999	-2.91E+00	-6.93E-14	-5.99E-09	-8.07E-16	-6.98E-11	-6.13E-17	-5.29E-12	-1.80E-11	-1.56E-06	-1.25E-11	-1.08E-06	1.33E-11	-1.15E-06	6.55E-05	4.90E-07
1	1	-99	3.36E+06	38.88784722	937	7.31352	13.3755	1.25E-12	1.24E-05	2.87E-09	7.04E-05	2.60E-05	5.10E-03	3.01E-08	3.01E-02	3.02E-02	2.16E-03	-6.18E-08	1.98E-05	-4.50E-08	0	0	-0.141	-0.2003	-4.126	-999.999	-2.91E+00	-6.82E-14	-5.89E-09	-7.94E-16	-6.86E-11	-6.03E-17	-5.21E-12	-1.80E-11	-1.56E-06	-1.25E-11	-1.08E-06	1.33E-11	-1.15E-06	6.55E-05	4.89E-07
1	1	-99	3.36E+06	38.92951389	938	7.31352	13.3755	1.25E-12	1.24E-05	2.87E-09	7.04E-05	2.59E-05	5.10E-03	2.96E-08	3.01E-02	3.02E-02	2.16E-03	-6.17E-08	1.98E-05	-4.48E-08	0	0	-0.1398	-0.2004	-4.1257	-999.999	-2.91E+00	-6.71E-14	-5.80E-09	-7.81E-16	-6.75E-11	-5.93E-17	-5.12E-12	-1.80E-11	-1.56E-06	-1.24E-11	-1.07E-06	1.33E-11	-1.15E-06	6.55E-05	4.88E-07
1	1	-99	3.37E+06	38.97118056	939	7.31352	13.3755	1.25E-12	1.25E-05	2.87E-09	7.05E-05	2.59E-05	5.10E-03	2.92E-08	3.01E-02	3.02E-02	2.16E-03	-6.15E-08	1.97E-05	-4.46E-08	0	0	-0.1387	-0.2004	-4.1253	-999.999	-2.91E+00	-6.60E-14	-5.70E-09	-7.68E-16	-6.64E-11	-5.83E-17	-5.04E-12	-1.80E-11	-1.56E-06	-1.24E-11	-1.07E-06	1.33E-11	-1.15E-06	6.55E-05	4.86E-07
1	1	-99	3.37E+06	39.01284722	940	7.31352	13.3755	1.25E-12	1.25E-05	2.87E-09	7.05E-05	2.58E-05	5.10E-03	2.87E-08	3.01E-02	3.02E-02	2.16E-03	-6.13E-08	1.97E-05	-4.45E-08	0	0	-0.1375	-0.2005	-4.125	-999.999	-2.91E+00	-6.49E-14	-5.61E-09	-7.56E-16	-6.53E-11	-5.74E-17	-4.96E-12	-1.80E-11	-1.56E-06	-1.23E-11	-1.06E-06	1.33E-11	-1.15E-06	6.55E-05	4.85E-07
1	1	-99	3.37E+06	39.05451389	941	7.31352	13.3755	1.25E-12	1.25E-05	2.87E-09	7.06E-05	2.57E-05	5.10E-03	2.82E-08	3.01E-02	3.02E-02	2.16E-03	-6.11E-08	1.97E-05	-4.43E-08	0	0	-0.1364	-0.2005	-4.1247	-999.999	-2.91E+00	-6.39E-14	-5.52E-09	-7.44E-16	-6.42E-11	-5.64E-17	-4.88E-12	-1.80E-11	-1.56E-06	-1.23E-11	-1.06E-06	1.33E-11	-1.15E-06	6.55E-05	4.84E-07
1	1	-99	3.38E+06	39.09618056	942	7.31352	13.3755	1.25E-12	1.25E-05	2.87E-09	7.06E-05	2.57E-05	5.10E-03	2.78E-08	3.01E-02	3.02E-02	2.16E-03	-6.09E-08	1.96E-05	-4.41E-08	0	0	-0.1352	-0.2005	-4.1244	-999.999	-2.91E+00	-6.28E-14	-5.43E-09	-7.31E-16	-6.32E-11	-5.55E-17	-4.80E-12	-1.80E-11	-1.56E-06	-1.22E-11	-1.06E-06	1.33E-11	-1.15E-06	6.55E-05	4.83E-07
1	1	-99	3.38E+06	39.13784722	943	7.31352	13.3755	1.25E-12	1.26E-05	2.87E-09	7.06E-05	2.56E-05	5.10E-03	2.73E-08	3.01E-02	3.02E-02	2.16E-03	-6.07E-08	1.96E-05	-4.40E-08	0	0	-0.1341	-0.2006	-4.1241	-999.999	-2.91E+00	-6.18E-14	-5.34E-09	-7.19E-16	-6.22E-11	-5.46E-17	-4.72E-12	-1.80E-11	-1.56E-06	-1.22E-11	-1.05E-06	1.33E-11	-1.15E-06	6.55E-05	4.82E-07
1	1	-99	3.39E+06	39.17951389	944	7.31352	13.3755	1.25E-12	1.26E-05	2.87E-09	7.07E-05	2.56E-05	5.10E-03	2.69E-08	3.01E-02	3.02E-02	2.16E-03	-6.06E-08	1.95E-05	-4.38E-08	0	0	-0.133	-0.2006	-4.1238	-999.999	-2.91E+00	-6.08E-14	-5.25E-09	-7.08E-16	-6.11E-11	-5.37E-17	-4.64E-12	-1.80E-11	-1.56E-06	-1.21E-11	-1.05E-06	1.34E-11	-1.15E-06	6.55E-05	4.81E-07
1	1	-99	3.39E+06	39.22118056	945	7.31352	13.3755	1.25E-12	1.26E-05	2.87E-09	7.07E-05	2.55E-05	5.10E-03	2.64E-08	3.01E-02	3.02E-02	2.16E-03	-6.04E-08	1.95E-05	-4.36E-08	0	0	-0.1318	-0.2006	-4.1235	-999.999	-2.92E+00	-5.98E-14	-5.17E-09	-6.96E-16	-6.01E-11	-5.28E-17	-4.57E-12	-1.80E-11	-1.56E-06	-1.21E-11	-1.04E-06	1.34E-11	-1.15E-06	6.55E-05	4.80E-07
1	1	-99	3.39E+06	39.26284722	946	7.31351	13.3755	1.25E-12	1.27E-05	2.87E-09	7.08E-05	2.54E-05	5.10E-03	2.60E-08	3.01E-02	3.02E-02	2.16E-03	-6.02E-08	1.94E-05	-4.35E-08	0	0	-0.1307	-0.2007	-4.1232	-999.999	-2.92E+00	-5.88E-14	-5.08E-09	-6.85E-16	-5.92E-11	-5.20E-17	-4.49E-12	-1.80E-11	-1.56E-06	-1.20E-11	-1.04E-06	1.34E-11	-1.15E-06	6.55E-05	4.79E-07
1	1	-99	3.40E+06	39.30451389	947	7.31351	13.3755	1.25E-12	1.27E-05	2.87E-09	7.08E-05	2.54E-05	5.10E-03	2.56E-08	3.01E-02	3.02E-02	2.16E-03	-6.00E-08	1.94E-05	-4.33E-08	0	0	-0.1296	-0.2007	-4.1229	-999.999	-2.92E+00	-5.79E-14	-5.00E-09	-6.74E-16	-5.82E-11	-5.11E-17	-4.42E-12	-1.80E-11	-1.56E-06	-1.20E-11	-1.04E-06	1.34E-11	-1.15E-06	6.55E-05	4.78E-07
1	1	-99	3.40E+06	39.34618056	948	7.31351	13.3755	1.25E-12	1.27E-05	2.87E-09	7.09E-05	2.53E-05	5.10E-03	2.52E-08	3.01E-02	3.02E-02	2.16E-03	-5.98E-08	1.93E-05	-4.31E-08	0	0	-0.1285	-0.2008	-4.1226	-999.999	-2.92E+00	-5.69E-14	-4.92E-09	-6.63E-16	-5.72E-11	-5.03E-17	-4.35E-12	-1.80E-11	-1.56E-06	-1.19E-11	-1.03E-06	1.34E-11	-1.16E-06	6.55E-05	4.77E-07
1	1	-99	3.40E+06	39.38784722	949	7.31351	13.3755	1.25E-12	1.27E-05	2.87E-09	7.09E-05	2.53E-05	5.10E-03	2.47E-08	3.01E-02	3.02E-02	2.16E-03	-5.96E-08	1.93E-05	-4.30E-08	0	0	-0.1274	-0.2008	-4.1224	-999.999	-2.92E+00	-5.60E-14	-4.84E-09	-6.52E-16	-5.63E-11	-4.95E-17	-4.27E-12	-1.80E-11	-1.56E-06	-1.19E-11	-1.03E-06	1.34E-11	-1.16E-06	6.55E-05	4.76E-07
1	1	-99	3.41E+06	39.42951389	950	7.31351	13.3755	1.25E-12	1.28E-05	2.87E-09	7.10E-05	2.52E-05	5.10E-03	2.43E-08	3.01E-02	3.02E-02	2.16E-03	-5.94E-08	1.93E-05	-4.28E-08	0	0	-0.1263	-0.2008	-4.1221	-999.999	-2.92E+00	-5.51E-14	-4.76E-09	-6.41E-16	-5.54E-11	-4.87E-17	-4.21E-12	-1.80E-11	-1.56E-06	-1.19E-11	-1.02E-06	1.34E-11	-1.16E-06	6.55E-05	4.75E-07
1	1	-99	3.41E+06	39.47118056	951	7.31351	13.3755	1.25E-12	1.28E-05	2.87E-09	7.10E-05	2.51E-05	5.10E-03	2.39E-08	3.01E-02	3.02E-02	2.16E-03	-5.93E-08	1.92E-05	-4.26E-08	0	0	-0.1252	-0.2009	-4.1218	-999.999	-2.92E+00	-5.42E-14	-4.68E-09	-6.31E-16	-5.45E-11	-4.79E-17	-4.14E-12	-1.80E-11	-1.56E-06	-1.18E-11	-1.02E-06	1.34E-11	-1.16E-06	6.55E-05	4.74E-07
1	1	-99	3.41E+06	39.51284722	952	7.31351	13.3755	1.25E-12	1.28E-05	2.87E-09	7.10E-05	2.51E-05	5.10E-03	2.36E-08	3.01E-02	3.02E-02	2.16E-03	-5.91E-08	1.92E-05	-4.25E-08	0	0	-0.1241	-0.2009	-4.1215	-999.999	-2.92E+00	-5.33E-14	-4.60E-09	-6.20E-16	-5.36E-11	-4.71E-17	-4.07E-12	-1.80E-11	-1.56E-06	-1.18E-11	-1.02E-06	1.34E-11	-1.16E-06	6.55E-05	4.72E-07
1	1	-99	3.42E+06	39.55451389	953	7.31351	13.3755	1.25E-12	1.29E-05	2.87E-09	7.11E-05	2.50E-05	5.10E-03	2.32E-08	3.01E-02	3.02E-02	2.16E-03	-5.89E-08	1.91E-05	-4.23E-08	0	0	-0.123	-0.2009	-4.1212	-999.999	-2.92E+00	-5.24E-14	-4.53E-09	-6.10E-16	-5.27E-11	-4.63E-17	-4.00E-12	-1.80E-11	-1.56E-06	-1.17E-11	-1.01E-06	1.34E-11	-1.16E-06	6.55E-05	4.71E-07
1	1	-99	3.42E+06	39.59618056	954	7.31351	13.3755	1.25E-12	1.29E-05	2.87E-09	7.11E-05	2.50E-05	5.10E-03	2.28E-08	3.01E-02	3.02E-02	2.16E-03	-5.87E-08	1.91E-05	-4.21E-08	0	0	-0.1219	-0.201	-4.1209	-999.999	-2.93E+00	-5.16E-14	-4.45E-09	-6.00E-16	-5.19E-11	-4.56E-17	-3.94E-12	-1.80E-11	-1.56E-06	-1.17E-11	-1.01E-06	1.34E-11	-1.16E-06	6.55E-05	4.70E-07
1	1	-99	3.42E+06	39.63784722	955	7.31351	13.3755	1.25E-12	1.29E-05	2.87E-09	7.12E-05	2.49E-05	5.10E-03	2.24E-08	3.01E-02	3.02E-02	2.16E-03	-5.85E-08	1.91E-05	-4.19E-08	0	0	-0.1208	-0.201	-4.1206	-999.999	-2.93E+00	-5.07E-14	-4.38E-09	-5.90E-16	-5.10E-11	-4.48E-17	-3.87E-12	-1.80E-11	-1.56E-06	-1.16E-11	-1.00E-06	1.34E-11	-1.16E-06	6.55E-05	4.69E-07
1	1	-99	3.43E+06	39.67951389	956	7.31351	13.3755	1.25E-12	1.29E-05	2.87E-09	7.12E-05	2.49E-05	5.10E-03	2.21E-08	3.01E-02	3.02E-02	2.16E-03	-5.83E-08	1.90E-05	-4.18E-08	0	0	-0.1197	-0.2011	-4.1203	-999.999	-2.93E+00	-4.99E-14	-4.31E-09	-5.81E-16	-5.02E-11	-4.41E-17	-3.81E-12	-1.80E-11	-1.56E-06	-1.16E-11	-1.00E-06	1.34E-11	-1.16E-06	6.55E-05	4.68E-07
1	1	-99	3.43E+06	39.72118056	957	7.31351	13.3755	1.25E-12	1.30E-05	2.87E-09	7.12E-05	2.48E-05	5.10E-03	2.17E-08	3.01E-02	3.02E-02	2.16E-03	-5.81E-08	1.90E-05	-4.16E-08	0	0	-0.1186	-0.2011	-4.12	-999.999	-2.93E+00	-4.91E-14	-4.24E-09	-5.71E-16	-4.94E-11	-4.34E-17	-3.75E-12	-1.80E-11	-1.56E-06	-1.15E-11	-9.96E-07	1.34E-11	-1.16E-06	6.55E-05	4.67E-07
1	1	-99	3.44E+06	39.76284722	958	7.31351	13.3755	1.25E-12	1.30E-05	2.87E-09	7.13E-05	2.47E-05	5.10E-03	2.13E-08	3.01E-02	3.02E-02	2.16E-03	-5.80E-08	1.89E-05	-4.14E-08	0	0	-0.1176	-0.2011	-4.1198	-999.999	-2.93E+00	-4.83E-14	-4.17E-09	-5.62E-16	-4.86E-11	-4.27E-17	-3.69E-12	-1.80E-11	-1.56E-06	-1.15E-11	-9.92E-07	1.34E-11	-1.16E-06	6.55E-05	4.66E-07
1	1	-99	3.44E+06	39.80451389	959	7.31351	13.3755	1.25E-12	1.30E-05	2.87E-09	7.13E-05	2.47E-05	5.10E-03	2.10E-08	3.01E-02	3.02E-02	2.16E-03	-5.78E-08	1.89E-05	-4.13E-08	0	0	-0.1165	-0.2012	-4.1195	-999.999	-2.93E+00	-4.75E-14	-4.10E-09	-5.53E-16	-4.78E-11	-4.20E-17	-3.63E-12	-1.80E-11	-1.56E-06	-1.14E-11	-9.87E-07	1.34E-11	-1.16E-06	6.55E-05	4.65E-07
1	1	-99	3.44E+06	39.84618056	960	7.31351	13.3755	1.25E-12	1.30E-05	2.87E-09	7.14E-05	2.46E-05	5.10E-03	2.07E-08	3.01E-02	3.02E-02	2.16E-03	-5.76E-08	1.88E-05	-4.11E-08	0	0	-0.1154	-0.2012	-4.1192	-999.999	-2.93E+00	-4.67E-14	-4.04E-09	-5.44E-16	-4.70E-11	-4.13E-17	-3.57E-12	-1.80E-11	-1.56E-06	-1.14E-11	-9.83E-07	1.34E-11	-1.16E-06	6.55E-05	4.64E-07
1	1	-99	3.45E+06	39.88784722	961	7.31351	13.3755	1.25E-12	1.31E-05	2.87E-09	7.14E-05	2.46E-05	5.10E-03	2.03E-08	3.01E-02	3.02E-02	2.16E-03	-5.74E-08	1.88E-05	-4.09E-08	0	0	-0.1144	-0.2012	-4.1189	-999.999	-2.93E+00	-4.59E-14	-3.97E-09	-5.35E-16	-4.62E-11	-4.06E-17	-3.51E-12	-1.80E-11	-1.56E-06	-1.13E-11	-9.79E-07	1.34E-11	-1.16E-06	6.55E-05	4.63E-07
1	1	-99	3.45E+06	39.92951389	962	7.31351	13.3755	1.25E-12	1.31E-05	2.87E-09	7.15E-05	2.45E-05	5.10E-03	2.00E-08	3.01E-02	3.02E-02	2.16E-03	-5.72E-08	1.88E-05	-4.07E-08	0	0	-0.1133	-0.2013	-4.1187	-999.999	-2.93E+00	-4.52E-14	-3.90E-09	-5.26E-16	-4.55E-11	-4.00E-17	-3.45E-12	-1.80E-11	-1.56E-06	-1.13E-11	-9.75E-07	1.34E-11	-1.16E-06	6.55E-05	4.62E-07
1	1	-99	3.45E+06	39.97118056	963	7.31351	13.3755	1.25E-12	1.31E-05	2.87E-09	7.15E-05	2.45E-05	5.10E-03	1.97E-08	3.01E-02	3.02E-02	2.16E-03	-5.70E-08	1.87E-05	-4.06E-08	0	0	-0.1123	-0.2013	-4.1184	-999.999	-2.93E+00	-4.45E-14	-3.84E-09	-5.18E-16	-4.47E-11	-3.93E-17	-3.40E-12	-1.80E-11	-1.56E-06	-1.12E-11	-9.71E-07	1.34E-11	-1.16E-06	6.55E-05	4.61E-07
1	1	-99	3.46E+06	40.01284722	964	7.31351	13.3755	1.25E-12	1.31E-05	2.87E-09	7.15E-05	2.44E-05	5.10E-03	1.93E-08	3.01E-02	3.02E-02	2.16E-03	-5.68E-08	1.87E-05	-4.04E-08	0	0	-0.1112	-0.2013	-4.1181	-999.999	-2.94E+00	-4.37E-14	-3.78E-09	-5.09E-16	-4.40E-11	-3.87E-17	-3.34E-12	-1.80E-11	-1.56E-06	-1.12E-11	-9.67E-07	1.34E-11	-1.16E-06	6.55E-05	4.60E-07
1	1	-99	3.46E+06	40.05451389	965	7.31351	13.3755	1.25E-12	1.32E-05	2.87E-09	7.16E-05	2.44E-05	5.10E-03	1.90E-08	3.01E-02	3.02E-02	2.16E-03	-5.66E-08	1.86E-05	-4.02E-08	0	0	-0.1102	-0.2014	-4.1178	-999.999	-2.94E+00	-4.30E-14	-3.72E-09	-5.01E-16	-4.33E-11	-3.80E-17	-3.29E-12	-1.80E-11	-1.56E-06	-1.11E-11	-9.63E-07	1.34E-11	-1.16E-06	6.55E-05	4.59E-07
1	1	-99	3.46E+06	40.09618056	966	7.31351	13.3755	1.25E-12	1.32E-05	2.87E-09	7.16E-05	2.43E-05	5.10E-03	1.87E-08	3.01E-02	3.02E-02	2.16E-03	-5.64E-08	1.86E-05	-4.01E-08	0	0	-0.1091	-0.2014	-4.1176	-999.999	-2.94E+00	-4.23E-14	-3.66E-09	-4.93E-16	-4.26E-11	-3.74E-17	-3.23E-12	-1.80E-11	-1.56E-06	-1.11E-11	-9.58E-07	1.35E-11	-1.16E-06	6.55E-05	4.58E-07
1	1	-99	3.47E+06	40.13784722	967	7.31351	13.3755	1.25E-12	1.32E-05	2.87E-09	7.17E-05	2.42E-05	5.10E-03	1.84E-08	3.01E-02	3.02E-02	2.16E-03	-5.63E-08	1.86E-05	-3.99E-08	0	0	-0.1081	-0.2014	-4.1173	-999.999	-2.94E+00	-4.16E-14	-3.60E-09	-4.85E-16	-4.19E-11	-3.68E-17	-3.18E-12	-1.80E-11	-1.56E-06	-1.10E-11	-9.54E-07	1.35E-11	-1.16E-06	6.55E-05	4.57E-07
1	1	-99	3.47E+06	40.17951389	968	7.31351	13.3755	1.25E-12	1.33E-05	2.87E-09	7.17E-05	2.42E-05	5.10E-03	1.81E-08	3.01E-02	3.02E-02	2.16E-03	-5.61E-08	1.85E-05	-3.97E-08	0	0	-0.1071	-0.2015	-4.117	-999.999	-2.94E+00	-4.09E-14	-3.54E-09	-4.77E-16	-4.12E-11	-3.62E-17	-3.13E-12	-1.80E-11	-1.56E-06	-1.10E-11	-9.50E-07	1.35E-11	-1.16E-06	6.55E-05	4.56E-07
1	1	-99	3.48E+06	40.22118056	969	7.31351	13.3755	1.25E-12	1.33E-05	2.87E-09	7.17E-05	2.41E-05	5.10E-03	1.78E-08	3.01E-02	3.02E-02	2.16E-03	-5.59E-08	1.85E-05	-3.95E-08	0	0	-0.106	-0.2015	-4.1168	-999.999	-2.94E+00	-4.03E-14	-3.48E-09	-4.69E-16	-4.05E-11	-3.56E-17	-3.08E-12	-1.80E-11	-1.56E-06	-1.09E-11	-9.46E-07	1.35E-11	-1.16E-06	6.55E-05	4.55E-07
1	1	-99	3.48E+06	40.26284722	970	7.31351	13.3755	1.25E-12	1.33E-05	2.87E-09	7.18E-05	2.41E-05	5.10E-03	1.75E-08	3.01E-02	3.02E-02	2.16E-03	-5.57E-08	1.84E-05	-3.94E-08	0	0	-0.105	-0.2015	-4.1165	-999.999	-2.94E+00	-3.96E-14	-3.42E-09	-4.61E-16	-3.99E-11	-3.50E-17	-3.03E-12	-1.80E-11	-1.56E-06	-1.09E-11	-9.42E-07	1.35E-11	-1.16E-06	6.55E-05	4.54E-07
1	1	-99	3.48E+06	40.30451389	971	7.31351	13.3755	1.25E-12	1.33E-05	2.87E-09	7.18E-05	2.40E-05	5.10E-03	1.72E-08	3.01E-02	3.02E-02	2.16E-03	-5.55E-08	1.84E-05	-3.92E-08	0	0	-0.104	-0.2016	-4.1162	-999.999	-2.94E+00	-3.90E-14	-3.37E-09	-4.54E-16	-3.92E-11	-3.45E-17	-2.98E-12	-1.80E-11	-1.56E-06	-1.09E-11	-9.38E-07	1.35E-11	-1.16E-06	6.55E-05	4.53E-07
1	1	-99	3.49E+06	40.34618056	972	7.31351	13.3755	1.25E-12	1.34E-05	2.87E-09	7.18E-05	2.40E-05	5.10E-03	1.70E-08	3.01E-02	3.02E-02	2.16E-03	-5.53E-08	1.84E-05	-3.90E-08	0	0	-0.103	-0.2016	-4.116	-999.999	-2.94E+00	-3.83E-14	-3.31E-09	-4.46E-16	-3.86E-11	-3.39E-17	-2.93E-12	-1.80E-11	-1.56E-06	-1.08E-11	-9.33E-07	1.35E-11	-1.16E-06	6.55E-05	4.52E-07
1	1	-99	3.49E+06	40.38784722	973	7.31351	13.3755	1.25E-12	1.34E-05	2.87E-09	7.19E-05	2.39E-05	5.10E-03	1.67E-08	3.01E-02	3.02E-02	2.16E-03	-5.51E-08	1.83E-05	-3.88E-08	0	0	-0.102	-0.2016	-4.1157	-999.999	-2.95E+00	-3.77E-14	-3.26E-09	-4.39E-16	-3.79E-11	-3.34E-17	-2.88E-12	-1.80E-11	-1.56E-06	-1.08E-11	-9.29E-07	1.35E-11	-1.16E-06	6.55E-05	4.52E-07
1	1	-99	3.49E+06	40.42951389	974	7.31351	13.3755	1.25E-12	1.34E-05	2.87E-09	7.19E-05	2.39E-05	5.10E-03	1.64E-08	3.01E-02	3.02E-02	2.16E-03	-5.49E-08	1.83E-05	-3.87E-08	0	0	-0.1009	-0.2017	-4.1154	-999.999	-2.95E+00	-3.71E-14	-3.21E-09	-4.32E-16	-3.73E-11	-3.28E-17	-2.84E-12	-1.80E-11	-1.56E-06	-1.07E-11	-9.25E-07	1.35E-11	-1.16E-06	6.55E-05	4.51E-07
1	1	-99	3.50E+06	40.47118056	975	7.31351	13.3755	1.25E-12	1.34E-05	2.87E-09	7.20E-05	2.38E-05	5.10E-03	1.61E-08	3.01E-02	3.02E-02	2.16E-03	-5.48E-08	1.82E-05	-3.85E-08	0	0	-0.0999	-0.2017	-4.1152	-999.999	-2.95E+00	-3.65E-14	-3.15E-09	-4.25E-16	-3.67E-11	-3.23E-17	-2.79E-12	-1.80E-11	-1.56E-06	-1.07E-11	-9.21E-07	1.35E-11	-1.17E-06	6.55E-05	4.50E-07
1	1	-99	3.50E+06	40.51284722	976	7.31351	13.3755	1.25E-12	1.35E-05	2.87E-09	7.20E-05	2.38E-05	5.10E-03	1.59E-08	3.01E-02	3.02E-02	2.16E-03	-5.46E-08	1.82E-05	-3.83E-08	0	0	-0.0989	-0.2017	-4.1149	-999.999	-2.95E+00	-3.59E-14	-3.10E-09	-4.18E-16	-3.61E-11	-3.18E-17	-2.74E-12	-1.80E-11	-1.56E-06	-1.06E-11	-9.16E-07	1.35E-11	-1.17E-06	6.55E-05	4.49E-07
1	1	-99	3.50E+06	40.55451389	977	7.31351	13.3755	1.25E-12	1.35E-05	2.87E-09	7.20E-05	2.37E-05	5.10E-03	1.56E-08	3.01E-02	3.02E-02	2.16E-03	-5.44E-08	1.82E-05	-3.81E-08	0	0	-0.098	-0.2018	-4.1147	-999.999	-2.95E+00	-3.53E-14	-3.05E-09	-4.11E-16	-3.55E-11	-3.12E-17	-2.70E-12	-1.80E-11	-1.56E-06	-1.06E-11	-9.12E-07	1.35E-11	-1.17E-06	6.55E-05	4.48E-07
1	1	-99	3.51E+06	40.59618056	978	7.31351	13.3755	1.25E-12	1.35E-05	2.87E-09	7.21E-05	2.37E-05	5.10E-03	1.54E-08	3.01E-02	3.02E-02	2.16E-03	-5.42E-08	1.81E-05	-3.80E-08	0	0	-0.097	-0.2018	-4.1144	-999.999	-2.95E+00	-3.47E-14	-3.00E-09	-4.04E-16	-3.49E-11	-3.07E-17	-2.65E-12	-1.80E-11	-1.56E-06	-1.05E-11	-9.08E-07	1.35E-11	-1.17E-06	6.55E-05	4.47E-07
1	1	-99	3.51E+06	40.63784722	979	7.31351	13.3755	1.25E-12	1.35E-05	2.87E-09	7.21E-05	2.36E-05	5.10E-03	1.51E-08	3.01E-02	3.02E-02	2.16E-03	-5.40E-08	1.81E-05	-3.78E-08	0	0	-0.096	-0.2018	-4.1141	-999.999	-2.95E+00	-3.42E-14	-2.95E-09	-3.98E-16	-3.44E-11	-3.02E-17	-2.61E-12	-1.80E-11	-1.56E-06	-1.05E-11	-9.04E-07	1.35E-11	-1.17E-06	6.55E-05	4.46E-07
1	1	-99	3.51E+06	40.67951389	980	7.31351	13.3755	1.25E-12	1.36E-05	2.87E-09	7.22E-05	2.36E-05	5.10E-03	1.49E-08	3.01E-02	3.02E-02	2.16E-03	-5.38E-08	1.81E-05	-3.76E-08	0	0	-0.095	-0.2019	-4.1139	-999.999	-2.95E+00	-3.36E-14	-2.90E-09	-3.91E-16	-3.38E-11	-2.97E-17	-2.57E-12	-1.80E-11	-1.56E-06	-1.04E-11	-9.00E-07	1.35E-11	-1.17E-06	6.55E-05	4.45E-07
1	1	-99	3.52E+06	40.72118056	981	7.31351	13.3755	1.25E-12	1.36E-05	2.87E-09	7.22E-05	2.35E-05	5.10E-03	1.46E-08	3.01E-02	3.02E-02	2.16E-03	-5.36E-08	1.80E-05	-3.74E-08	0	0	-0.094	-0.2019	-4.1136	-999.999	-2.95E+00	-3.31E-14	-2.86E-09	-3.85E-16	-3.33E-11	-2.93E-17	-2.53E-12	-1.80E-11	-1.56E-06	-1.04E-11	-8.95E-07	1.35E-11	-1.17E-06	6.55E-05	4.44E-07
1	1	-99	3.52E+06	40.76284722	982	7.31351	13.3755	1.25E-12	1.36E-05	2.87E-09	7.22E-05	2.35E-05	5.10E-03	1.44E-08	3.01E-02	3.02E-02	2.16E-03	-5.34E-08	1.80E-05	-3.73E-08	0	0	-0.093	-0.2019	-4.1134	-999.999	-2.95E+00	-3.25E-14	-2.81E-09	-3.79E-16	-3.27E-11	-2.88E-17	-2.49E-12	-1.80E-11	-1.56E-06	-1.03E-11	-8.91E-07	1.35E-11	-1.17E-06	6.55E-05	4.43E-07
1	1	-99	3.53E+06	40.80451389	983	7.31351	13.3755	1.25E-12	1.37E-05	2.87E-09	7.23E-05	2.34E-05	5.10E-03	1.42E-08	3.01E-02	3.02E-02	2.16E-03	-5.33E-08	1.79E-05	-3.71E-08	0	0	-0.0921	-0.202	-4.1131	-999.999	-2.96E+00	-3.20E-14	-2.76E-09	-3.72E-16	-3.22E-11	-2.83E-17	-2.45E-12	-1.80E-11	-1.56E-06	-1.03E-11	-8.87E-07	1.35E-11	-1.17E-06	6.54E-05	4.42E-07
1	1	-99	3.53E+06	40.84618056	984	7.31351	13.3755	1.25E-12	1.37E-05	2.87E-09	7.23E-05	2.34E-05	5.10E-03	1.39E-08	3.01E-02	3.02E-02	2.16E-03	-5.31E-08	1.79E-05	-3.69E-08	0	0	-0.0911	-0.202	-4.1129	-999.999	-2.96E+00	-3.15E-14	-2.72E-09	-3.66E-16	-3.17E-11	-2.78E-17	-2.41E-12	-1.80E-11	-1.56E-06	-1.02E-11	-8.83E-07	1.35E-11	-1.17E-06	6.54E-05	4.41E-07
1	1	-99	3.53E+06	40.88784722	985	7.31351	13.3755	1.25E-12	1.37E-05	2.87E-09	7.23E-05	2.33E-05	5.10E-03	1.37E-08	3.01E-02	3.02E-02	2.16E-03	-5.29E-08	1.79E-05	-3.67E-08	0	0	-0.0902	-0.202	-4.1126	-999.999	-2.96E+00	-3.10E-14	-2.67E-09	-3.60E-16	-3.11E-11	-2.74E-17	-2.37E-12	-1.80E-11	-1.56E-06	-1.02E-11	-8.78E-07	1.35E-11	-1.17E-06	6.54E-05	4.40E-07
1	1	-99	3.54E+06	40.92951389	986	7.31351	13.3755	1.25E-12	1.37E-05	2.87E-09	7.24E-05	2.33E-05	5.10E-03	1.35E-08	3.01E-02	3.02E-02	2.16E-03	-5.27E-08	1.78E-05	-3.66E-08	0	0	-0.0892	-0.2021	-4.1124	-999.999	-2.96E+00	-3.05E-14	-2.63E-09	-3.55E-16	-3.06E-11	-2.69E-17	-2.33E-12	-1.80E-11	-1.56E-06	-1.01E-11	-8.74E-07	1.35E-11	-1.17E-06	6.54E-05	4.39E-07
1	1	-99	3.54E+06	40.97118056	987	7.31351	13.3755	1.25E-12	1.38E-05	2.87E-09	7.24E-05	2.33E-05	5.10E-03	1.33E-08	3.01E-02	3.02E-02	2.16E-03	-5.25E-08	1.78E-05	-3.64E-08	0	0	-0.0882	-0.2021	-4.1122	-999.999	-2.96E+00	-3.00E-14	-2.59E-09	-3.49E-16	-3.01E-11	-2.65E-17	-2.29E-12	-1.80E-11	-1.56E-06	-1.01E-11	-8.70E-07	1.35E-11	-1.17E-06	6.54E-05	4.39E-07
1	1	-99	3.54E+06	41.01284722	988	7.3135	13.3755	1.25E-12	1.38E-05	2.87E-09	7.24E-05	2.32E-05	5.10E-03	1.30E-08	3.01E-02	3.02E-02	2.16E-03	-5.23E-08	1.78E-05	-3.62E-08	0	0	-0.0873	-0.2021	-4.1119	-999.999	-2.96E+00	-2.95E-14	-2.55E-09	-3.43E-16	-2.96E-11	-2.61E-17	-2.25E-12	-1.80E-11	-1.56E-06	-1.00E-11	-8.66E-07	1.35E-11	-1.17E-06	6.54E-05	4.38E-07
1	1	-99	3.55E+06	41.05451389	989	7.3135	13.3755	1.25E-12	1.38E-05	2.87E-09	7.25E-05	2.32E-05	5.10E-03	1.28E-08	3.01E-02	3.02E-02	2.16E-03	-5.21E-08	1.77E-05	-3.60E-08	0	0	-0.0864	-0.2022	-4.1117	-999.999	-2.96E+00	-2.90E-14	-2.50E-09	-3.37E-16	-2.92E-11	-2.57E-17	-2.22E-12	-1.80E-11	-1.56E-06	-9.97E-12	-8.62E-07	1.35E-11	-1.17E-06	6.54E-05	4.37E-07
1	1	-99	3.55E+06	41.09618056	990	7.3135	13.3755	1.25E-12	1.38E-05	2.87E-09	7.25E-05	2.31E-05	5.10E-03	1.26E-08	3.01E-02	3.02E-02	2.16E-03	-5.19E-08	1.77E-05	-3.58E-08	0	0	-0.0854	-0.2022	-4.1114	-999.999	-2.96E+00	-2.85E-14	-2.46E-09	-3.32E-16	-2.87E-11	-2.52E-17	-2.18E-12	-1.80E-11	-1.56E-06	-9.92E-12	-8.57E-07	1.35E-11	-1.17E-06	6.54E-05	4.36E-07
1	1	-99	3.55E+06	41.13784722	991	7.3135	13.3755	1.25E-12	1.39E-05	2.87E-09	7.26E-05	2.31E-05	5.10E-03	1.24E-08	3.01E-02	3.02E-02	2.16E-03	-5.17E-08	1.77E-05	-3.57E-08	0	0	-0.0845	-0.2022	-4.1112	-999.999	-2.96E+00	-2.80E-14	-2.42E-09	-3.27E-16	-2.82E-11	-2.48E-17	-2.14E-12	-1.80E-11	-1.56E-06	-9.87E-12	-8.53E-07	1.35E-11	-1.17E-06	6.54E-05	4.35E-07
1	1	-99	3.56E+06	41.17951389	992	7.3135	13.3755	1.25E-12	1.39E-05	2.87E-09	7.26E-05	2.30E-05	5.10E-03	1.22E-08	3.01E-02	3.02E-02	2.16E-03	-5.16E-08	1.76E-05	-3.55E-08	0	0	-0.0836	-0.2023	-4.111	-999.999	-2.96E+00	-2.76E-14	-2.38E-09	-3.21E-16	-2.78E-11	-2.44E-17	-2.11E-12	-1.80E-11	-1.56E-06	-9.82E-12	-8.49E-07	1.35E-11	-1.17E-06	6.54E-05	4.34E-07
1	1	-99	3.56E+06	41.22118056	993	7.3135	13.3755	1.25E-12	1.39E-05	2.87E-09	7.26E-05	2.30E-05	5.10E-03	1.20E-08	3.01E-02	3.02E-02	2.16E-03	-5.14E-08	1.76E-05	-3.53E-08	0	0	-0.0826	-0.2023	-4.1107	-999.999	-2.96E+00	-2.71E-14	-2.34E-09	-3.16E-16	-2.73E-11	-2.40E-17	-2.08E-12	-1.80E-11	-1.56E-06	-9.78E-12	-8.45E-07	1.35E-11	-1.17E-06	6.54E-05	4.33E-07
1	1	-99	3.57E+06	41.26284722	994	7.3135	13.3755	1.25E-12	1.39E-05	2.87E-09	7.27E-05	2.29E-05	5.10E-03	1.18E-08	3.01E-02	3.02E-02	2.16E-03	-5.12E-08	1.76E-05	-3.51E-08	0	0	-0.0817	-0.2023	-4.1105	-999.999	-2.97E+00	-2.67E-14	-2.31E-09	-3.11E-16	-2.69E-11	-2.36E-17	-2.04E-12	-1.80E-11	-1.56E-06	-9.73E-12	-8.40E-07	1.35E-11	-1.17E-06	6.54E-05	4.32E-07
1	1	-99	3.57E+06	41.30451389	995	7.3135	13.3755	1.25E-12	1.40E-05	2.87E-09	7.27E-05	2.29E-05	5.10E-03	1.16E-08	3.01E-02	3.02E-02	2.16E-03	-5.10E-08	1.75E-05	-3.50E-08	0	0	-0.0808	-0.2023	-4.1102	-999.999	-2.97E+00	-2.63E-14	-2.27E-09	-3.06E-16	-2.64E-11	-2.32E-17	-2.01E-12	-1.80E-11	-1.56E-06	-9.68E-12	-8.36E-07	1.35E-11	-1.17E-06	6.54E-05	4.32E-07
1	1	-99	3.57E+06	41.34618056	996	7.3135	13.3755	1.25E-12	1.40E-05	2.87E-09	7.27E-05	2.28E-05	5.10E-03	1.14E-08	3.01E-02	3.02E-02	2.16E-03	-5.08E-08	1.75E-05	-3.48E-08	0	0	-0.0799	-0.2024	-4.11	-999.999	-2.97E+00	-2.58E-14	-2.23E-09	-3.01E-16	-2.60E-11	-2.29E-17	-1.98E-12	-1.80E-11	-1.56E-06	-9.63E-12	-8.32E-07	1.36E-11	-1.17E-06	6.54E-05	4.31E-07
1	1	-99	3.58E+06	41.38784722	997	7.3135	13.3755	1.25E-12	1.40E-05	2.87E-09	7.28E-05	2.28E-05	5.10E-03	1.13E-08	3.01E-02	3.02E-02	2.16E-03	-5.06E-08	1.74E-05	-3.46E-08	0	0	-0.079	-0.2024	-4.1098	-999.999	-2.97E+00	-2.54E-14	-2.20E-09	-2.96E-16	-2.56E-11	-2.25E-17	-1.94E-12	-1.80E-11	-1.56E-06	-9.58E-12	-8.28E-07	1.36E-11	-1.17E-06	6.54E-05	4.30E-07
1	1	-99	3.58E+06	41.42951389	998	7.3135	13.3755	1.25E-12	1.40E-05	2.87E-09	7.28E-05	2.28E-05	5.10E-03	1.11E-08	3.01E-02	3.02E-02	2.16E-03	-5.04E-08	1.74E-05	-3.44E-08	0	0	-0.0781	-0.2024	-4.1096	-999.999	-2.97E+00	-2.50E-14	-2.16E-09	-2.91E-16	-2.51E-11	-2.21E-17	-1.91E-12	-1.80E-11	-1.56E-06	-9.53E-12	-8.23E-07	1.36E-11	-1.17E-06	6.54E-05	4.29E-07
1	1	-99	3.58E+06	41.47118056	999	7.3135	13.3755	1.25E-12	1.41E-05	2.87E-09	7.28E-05	2.27E-05	5.10E-03	1.09E-08	3.01E-02	3.02E-02	2.16E-03	-5.03E-08	1.74E-05	-3.43E-08	0	0	-0.0772	-0.2025	-4.1093	-999.999	-2.97E+00	-2.46E-14	-2.12E-09	-2.86E-16	-2.47E-11	-2.18E-17	-1.88E-12	-1.80E-11	-1.56E-06	-9.48E-12	-8.19E-07	1.36E-11	-1.17E-06	6.54E-05	4.28E-07
1	1	-99	3.59E+06	41.51284722	1000	7.3135	13.3755	1.25E-12	1.41E-05	2.87E-09	7.29E-05	2.27E-05	5.10E-03	1.07E-08	3.01E-02	3.02E-02	2.16E-03	-5.01E-08	1.73E-05	-3.41E-08	0	0	-0.0763	-0.2025	-4.1091	-999.999	-2.97E+00	-2.42E-14	-2.09E-09	-2.82E-16	-2.43E-11	-2.14E-17	-1.85E-12	-1.80E-11	-1.56E-06	-9.43E-12	-8.15E-07	1.36E-11	-1.17E-06	6.54E-05	4.27E-07
1	1	-99	3.59E+06	41.55451389	1001	7.3135	13.3755	1.25E-12	1.41E-05	2.87E-09	7.29E-05	2.26E-05	5.10E-03	1.05E-08	3.01E-02	3.02E-02	2.16E-03	-4.99E-08	1.73E-05	-3.39E-08	0	0	-0.0754	-0.2025	-4.1089	-999.999	-2.97E+00	-2.38E-14	-2.06E-09	-2.77E-16	-2.39E-11	-2.11E-17	-1.82E-12	-1.80E-11	-1.56E-06	-9.38E-12	-8.11E-07	1.36E-11	-1.17E-06	6.54E-05	4.26E-07
1	1	-99	3.59E+06	41.59618056	1002	7.3135	13.3755	1.25E-12	1.41E-05	2.87E-09	7.29E-05	2.26E-05	5.10E-03	1.04E-08	3.01E-02	3.02E-02	2.16E-03	-4.97E-08	1.73E-05	-3.37E-08	0	0	-0.0745	-0.2026	-4.1086	-999.999	-2.97E+00	-2.34E-14	-2.02E-09	-2.73E-16	-2.35E-11	-2.07E-17	-1.79E-12	-1.80E-11	-1.56E-06	-9.34E-12	-8.07E-07	1.36E-11	-1.17E-06	6.54E-05	4.26E-07
1	1	-99	3.60E+06	41.63784722	1003	7.3135	13.3755	1.25E-12	1.42E-05	2.87E-09	7.30E-05	2.26E-05	5.10E-03	1.02E-08	3.01E-02	3.02E-02	2.16E-03	-4.95E-08	1.72E-05	-3.36E-08	0	0	-0.0737	-0.2026	-4.1084	-999.999	-2.97E+00	-2.30E-14	-1.99E-09	-2.68E-16	-2.32E-11	-2.04E-17	-1.76E-12	-1.80E-11	-1.56E-06	-9.29E-12	-8.02E-07	1.36E-11	-1.17E-06	6.54E-05	4.25E-07
1	1	-99	3.60E+06	41.67951389	1004	7.3135	13.3755	1.25E-12	1.42E-05	2.87E-09	7.30E-05	2.25E-05	5.10E-03	1.00E-08	3.01E-02	3.02E-02	2.16E-03	-4.93E-08	1.72E-05	-3.34E-08	0	0	-0.0728	-0.2026	-4.1082	-999.999	-2.97E+00	-2.27E-14	-1.96E-09	-2.64E-16	-2.28E-11	-2.01E-17	-1.73E-12	-1.80E-11	-1.56E-06	-9.24E-12	-7.98E-07	1.36E-11	-1.17E-06	6.54E-05	4.24E-07
1	1	-99	3.60E+06	41.72118056	1005	7.3135	13.3755	1.25E-12	1.42E-05	2.87E-09	7.30E-05	2.25E-05	5.10E-03	9.87E-09	3.01E-02	3.02E-02	2.16E-03	-4.91E-08	1.72E-05	-3.32E-08	0	0	-0.0719	-0.2026	-4.108	-999.999	-2.98E+00	-2.23E-14	-1.93E-09	-2.59E-16	-2.24E-11	-1.97E-17	-1.70E-12	-1.80E-11	-1.56E-06	-9.19E-12	-7.94E-07	1.36E-11	-1.17E-06	6.54E-05	4.23E-07
1	1	-99	3.61E+06	41.76284722	1006	7.3135	13.3755	1.25E-12	1.42E-05	2.87E-09	7.31E-05	2.24E-05	5.10E-03	9.71E-09	3.01E-02	3.02E-02	2.16E-03	-4.90E-08	1.71E-05	-3.30E-08	0	0	-0.071	-0.2027	-4.1078	-999.999	-2.98E+00	-2.19E-14	-1.89E-09	-2.55E-16	-2.20E-11	-1.94E-17	-1.68E-12	-1.80E-11	-1.56E-06	-9.14E-12	-7.90E-07	1.36E-11	-1.17E-06	6.54E-05	4.22E-07
1	1	-99	3.61E+06	41.80451389	1007	7.3135	13.3755	1.25E-12	1.43E-05	2.87E-09	7.31E-05	2.24E-05	5.10E-03	9.55E-09	3.01E-02	3.02E-02	2.16E-03	-4.88E-08	1.71E-05	-3.29E-08	0	0	-0.0702	-0.2027	-4.1075	-999.999	-2.98E+00	-2.16E-14	-1.86E-09	-2.51E-16	-2.17E-11	-1.91E-17	-1.65E-12	-1.80E-11	-1.56E-06	-9.09E-12	-7.85E-07	1.36E-11	-1.17E-06	6.54E-05	4.22E-07
1	1	-99	3.62E+06	41.84618056	1008	7.3135	13.3755	1.25E-12	1.43E-05	2.87E-09	7.31E-05	2.23E-05	5.10E-03	9.39E-09	3.01E-02	3.02E-02	2.16E-03	-4.86E-08	1.71E-05	-3.27E-08	0	0	-0.0693	-0.2027	-4.1073	-999.999	-2.98E+00	-2.12E-14	-1.83E-09	-2.47E-16	-2.13E-11	-1.88E-17	-1.62E-12	-1.80E-11	-1.56E-06	-9.04E-12	-7.81E-07	1.36E-11	-1.17E-06	6.54E-05	4.21E-07
1	1	-99	3.62E+06	41.88784722	1009	7.3135	13.3755	1.25E-12	1.43E-05	2.87E-09	7.32E-05	2.23E-05	5.10E-03	9.24E-09	3.01E-02	3.02E-02	2.16E-03	-4.84E-08	1.70E-05	-3.25E-08	0	0	-0.0685	-0.2028	-4.1071	-999.999	-2.98E+00	-2.09E-14	-1.80E-09	-2.43E-16	-2.10E-11	-1.85E-17	-1.60E-12	-1.80E-11	-1.56E-06	-8.99E-12	-7.77E-07	1.36E-11	-1.17E-06	6.54E-05	4.20E-07
1	1	-99	3.62E+06	41.92951389	1010	7.3135	13.3755	1.25E-12	1.43E-05	2.87E-09	7.32E-05	2.23E-05	5.10E-03	9.09E-09	3.01E-02	3.02E-02	2.16E-03	-4.82E-08	1.70E-05	-3.23E-08	0	0	-0.0676	-0.2028	-4.1069	-999.999	-2.98E+00	-2.05E-14	-1.77E-09	-2.39E-16	-2.06E-11	-1.82E-17	-1.57E-12	-1.80E-11	-1.56E-06	-8.95E-12	-7.73E-07	1.36E-11	-1.17E-06	6.54E-05	4.19E-07
1	1	-99	3.63E+06	41.97118056	1011	7.3135	13.3755	1.25E-12	1.44E-05	2.87E-09	7.32E-05	2.22E-05	5.10E-03	8.94E-09	3.01E-02	3.02E-02	2.16E-03	-4.80E-08	1.70E-05	-3.22E-08	0	0	-0.0668	-0.2028	-4.1067	-999.999	-2.98E+00	-2.02E-14	-1.74E-09	-2.35E-16	-2.03E-11	-1.79E-17	-1.55E-12	-1.80E-11	-1.56E-06	-8.90E-12	-7.69E-07	1.36E-11	-1.17E-06	6.54E-05	4.18E-07
1	1	-99	3.63E+06	42.01284722	1012	7.31349	13.3755	1.25E-12	1.44E-05	2.87E-09	7.33E-05	2.22E-05	5.10E-03	8.80E-09	3.01E-02	3.02E-02	2.16E-03	-4.79E-08	1.69E-05	-3.20E-08	0	0	-0.066	-0.2028	-4.1065	-999.999	-2.98E+00	-1.99E-14	-1.72E-09	-2.31E-16	-2.00E-11	-1.76E-17	-1.52E-12	-1.80E-11	-1.56E-06	-8.85E-12	-7.65E-07	1.36E-11	-1.17E-06	6.54E-05	4.18E-07
1	1	-99	3.63E+06	42.05451389	1013	7.31349	13.3755	1.25E-12	1.44E-05	2.87E-09	7.33E-05	2.21E-05	5.10E-03	8.65E-09	3.01E-02	3.02E-02	2.16E-03	-4.77E-08	1.69E-05	-3.18E-08	0	0	-0.0651	-0.2029	-4.1062	-999.999	-2.98E+00	-1.95E-14	-1.69E-09	-2.27E-16	-1.96E-11	-1.73E-17	-1.50E-12	-1.80E-11	-1.56E-06	-8.80E-12	-7.60E-07	1.36E-11	-1.17E-06	6.54E-05	4.17E-07
1	1	-99	3.64E+06	42.09618056	1014	7.31349	13.3755	1.25E-12	1.44E-05	2.87E-09	7.33E-05	2.21E-05	5.10E-03	8.51E-09	3.01E-02	3.02E-02	2.16E-03	-4.75E-08	1.69E-05	-3.16E-08	0	0	-0.0643	-0.2029	-4.106	-999.999	-2.98E+00	-1.92E-14	-1.66E-09	-2.24E-16	-1.93E-11	-1.70E-17	-1.47E-12	-1.80E-11	-1.56E-06	-8.75E-12	-7.56E-07	1.36E-11	-1.17E-06	6.54E-05	4.16E-07
1	1	-99	3.64E+06	42.13784722	1015	7.31349	13.3755	1.25E-12	1.44E-05	2.87E-09	7.34E-05	2.21E-05	5.10E-03	8.38E-09	3.01E-02	3.02E-02	2.16E-03	-4.73E-08	1.69E-05	-3.15E-08	0	0	-0.0635	-0.2029	-4.1058	-999.999	-2.98E+00	-1.89E-14	-1.63E-09	-2.20E-16	-1.90E-11	-1.67E-17	-1.45E-12	-1.80E-11	-1.56E-06	-8.70E-12	-7.52E-07	1.36E-11	-1.17E-06	6.54E-05	4.15E-07
1	1	-99	3.64E+06	42.17951389	1016	7.31349	13.3755	1.25E-12	1.45E-05	2.87E-09	7.34E-05	2.20E-05	5.10E-03	8.24E-09	3.01E-02	3.02E-02	2.16E-03	-4.71E-08	1.68E-05	-3.13E-08	0	0	-0.0627	-0.203	-4.1056	-999.999	-2.98E+00	-1.86E-14	-1.61E-09	-2.16E-16	-1.87E-11	-1.65E-17	-1.42E-12	-1.80E-11	-1.56E-06	-8.66E-12	-7.48E-07	1.36E-11	-1.18E-06	6.54E-05	4.14E-07
1	1	-99	3.65E+06	42.22118056	1017	7.31349	13.3755	1.25E-12	1.45E-05	2.87E-09	7.34E-05	2.20E-05	5.10E-03	8.11E-09	3.01E-02	3.02E-02	2.16E-03	-4.69E-08	1.68E-05	-3.11E-08	0	0	-0.0618	-0.203	-4.1054	-999.999	-2.99E+00	-1.83E-14	-1.58E-09	-2.13E-16	-1.84E-11	-1.62E-17	-1.40E-12	-1.80E-11	-1.56E-06	-8.61E-12	-7.44E-07	1.36E-11	-1.18E-06	6.54E-05	4.14E-07
1	1	-99	3.65E+06	42.26284722	1018	7.31349	13.3755	1.25E-12	1.45E-05	2.87E-09	7.35E-05	2.20E-05	5.10E-03	7.97E-09	3.01E-02	3.02E-02	2.16E-03	-4.68E-08	1.68E-05	-3.09E-08	0	0	-0.061	-0.203	-4.1052	-999.999	-2.99E+00	-1.80E-14	-1.55E-09	-2.09E-16	-1.81E-11	-1.59E-17	-1.38E-12	-1.80E-11	-1.56E-06	-8.56E-12	-7.40E-07	1.36E-11	-1.18E-06	6.54E-05	4.13E-07
1	1	-99	3.66E+06	42.30451389	1019	7.31349	13.3755	1.25E-12	1.45E-05	2.87E-09	7.35E-05	2.19E-05	5.10E-03	7.84E-09	3.01E-02	3.02E-02	2.16E-03	-4.66E-08	1.67E-05	-3.08E-08	0	0	-0.0602	-0.203	-4.105	-999.999	-2.99E+00	-1.77E-14	-1.53E-09	-2.06E-16	-1.78E-11	-1.57E-17	-1.36E-12	-1.80E-11	-1.56E-06	-8.51E-12	-7.35E-07	1.36E-11	-1.18E-06	6.54E-05	4.12E-07
1	1	-99	3.66E+06	42.34618056	1020	7.31349	13.3755	1.25E-12	1.46E-05	2.87E-09	7.35E-05	2.19E-05	5.10E-03	7.72E-09	3.01E-02	3.02E-02	2.16E-03	-4.64E-08	1.67E-05	-3.06E-08	0	0	-0.0594	-0.2031	-4.1048	-999.999	-2.99E+00	-1.74E-14	-1.50E-09	-2.03E-16	-1.75E-11	-1.54E-17	-1.33E-12	-1.80E-11	-1.56E-06	-8.46E-12	-7.31E-07	1.36E-11	-1.18E-06	6.54E-05	4.11E-07
1	1	-99	3.66E+06	42.38784722	1021	7.31349	13.3755	1.25E-12	1.46E-05	2.87E-09	7.35E-05	2.19E-05	5.10E-03	7.59E-09	3.01E-02	3.02E-02	2.16E-03	-4.62E-08	1.67E-05	-3.04E-08	0	0	-0.0586	-0.2031	-4.1046	-999.999	-2.99E+00	-1.71E-14	-1.48E-09	-1.99E-16	-1.72E-11	-1.52E-17	-1.31E-12	-1.80E-11	-1.56E-06	-8.42E-12	-7.27E-07	1.36E-11	-1.18E-06	6.54E-05	4.11E-07
1	1	-99	3.67E+06	42.42951389	1022	7.31349	13.3755	1.25E-12	1.46E-05	2.87E-09	7.36E-05	2.18E-05	5.10E-03	7.47E-09	3.01E-02	3.02E-02	2.16E-03	-4.60E-08	1.66E-05	-3.02E-08	0	0	-0.0578	-0.2031	-4.1044	-999.999	-2.99E+00	-1.69E-14	-1.46E-09	-1.96E-16	-1.69E-11	-1.49E-17	-1.29E-12	-1.80E-11	-1.56E-06	-8.37E-12	-7.23E-07	1.36E-11	-1.18E-06	6.54E-05	4.10E-07
1	1	-99	3.67E+06	42.47118056	1023	7.31349	13.3755	1.25E-12	1.46E-05	2.87E-09	7.36E-05	2.18E-05	5.10E-03	7.35E-09	3.01E-02	3.02E-02	2.16E-03	-4.59E-08	1.66E-05	-3.01E-08	0	0	-0.057	-0.2031	-4.1042	-999.999	-2.99E+00	-1.66E-14	-1.43E-09	-1.93E-16	-1.67E-11	-1.47E-17	-1.27E-12	-1.80E-11	-1.56E-06	-8.32E-12	-7.19E-07	1.36E-11	-1.18E-06	6.54E-05	4.09E-07
1	1	-99	3.67E+06	42.51284722	1024	7.31349	13.3755	1.25E-12	1.47E-05	2.87E-09	7.36E-05	2.17E-05	5.10E-03	7.23E-09	3.01E-02	3.02E-02	2.16E-03	-4.57E-08	1.66E-05	-2.99E-08	0	0	-0.0563	-0.2032	-4.104	-999.999	-2.99E+00	-1.63E-14	-1.41E-09	-1.90E-16	-1.64E-11	-1.44E-17	-1.25E-12	-1.80E-11	-1.56E-06	-8.27E-12	-7.15E-07	1.36E-11	-1.18E-06	6.54E-05	4.08E-07
1	1	-99	3.68E+06	42.55451389	1025	7.31349	13.3755	1.25E-12	1.47E-05	2.87E-09	7.37E-05	2.17E-05	5.10E-03	7.11E-09	3.01E-02	3.02E-02	2.16E-03	-4.55E-08	1.65E-05	-2.97E-08	0	0	-0.0555	-0.2032	-4.1038	-999.999	-2.99E+00	-1.60E-14	-1.39E-09	-1.87E-16	-1.61E-11	-1.42E-17	-1.23E-12	-1.80E-11	-1.56E-06	-8.23E-12	-7.11E-07	1.36E-11	-1.18E-06	6.54E-05	4.08E-07
1	1	-99	3.68E+06	42.59618056	1026	7.31349	13.3755	1.25E-12	1.47E-05	2.87E-09	7.37E-05	2.17E-05	5.10E-03	6.99E-09	3.01E-02	3.02E-02	2.16E-03	-4.53E-08	1.65E-05	-2.96E-08	0	0	-0.0547	-0.2032	-4.1036	-999.999	-2.99E+00	-1.58E-14	-1.36E-09	-1.84E-16	-1.59E-11	-1.40E-17	-1.21E-12	-1.80E-11	-1.56E-06	-8.18E-12	-7.07E-07	1.36E-11	-1.18E-06	6.54E-05	4.07E-07
1	1	-99	3.68E+06	42.63784722	1027	7.31349	13.3755	1.25E-12	1.47E-05	2.87E-09	7.37E-05	2.16E-05	5.10E-03	6.88E-09	3.01E-02	3.02E-02	2.16E-03	-4.51E-08	1.65E-05	-2.94E-08	0	0	-0.0539	-0.2032	-4.1034	-999.999	-2.99E+00	-1.55E-14	-1.34E-09	-1.81E-16	-1.56E-11	-1.38E-17	-1.19E-12	-1.80E-11	-1.56E-06	-8.13E-12	-7.03E-07	1.36E-11	-1.18E-06	6.54E-05	4.06E-07
1	1	-99	3.69E+06	42.67951389	1028	7.31349	13.3755	1.25E-12	1.47E-05	2.87E-09	7.38E-05	2.16E-05	5.10E-03	6.77E-09	3.01E-02	3.02E-02	2.16E-03	-4.50E-08	1.65E-05	-2.92E-08	0	0	-0.0532	-0.2033	-4.1032	-999.999	-2.99E+00	-1.53E-14	-1.32E-09	-1.78E-16	-1.54E-11	-1.35E-17	-1.17E-12	-1.80E-11	-1.56E-06	-8.08E-12	-6.98E-07	1.36E-11	-1.18E-06	6.54E-05	4.06E-07
1	1	-99	3.69E+06	42.72118056	1029	7.31349	13.3755	1.25E-12	1.48E-05	2.87E-09	7.38E-05	2.16E-05	5.10E-03	6.66E-09	3.01E-02	3.02E-02	2.16E-03	-4.48E-08	1.64E-05	-2.91E-08	0	0	-0.0524	-0.2033	-4.103	-999.999	-2.99E+00	-1.50E-14	-1.30E-09	-1.75E-16	-1.51E-11	-1.33E-17	-1.15E-12	-1.80E-11	-1.56E-06	-8.04E-12	-6.94E-07	1.36E-11	-1.18E-06	6.54E-05	4.05E-07
1	1	-99	3.69E+06	42.76284722	1030	7.31349	13.3755	1.25E-12	1.48E-05	2.87E-09	7.38E-05	2.15E-05	5.10E-03	6.55E-09	3.01E-02	3.02E-02	2.16E-03	-4.46E-08	1.64E-05	-2.89E-08	0	0	-0.0517	-0.2033	-4.1028	-999.999	-3.00E+00	-1.48E-14	-1.28E-09	-1.72E-16	-1.49E-11	-1.31E-17	-1.13E-12	-1.80E-11	-1.56E-06	-7.99E-12	-6.90E-07	1.36E-11	-1.18E-06	6.54E-05	4.04E-07
1	1	-99	3.70E+06	42.80451389	1031	7.31348	13.3755	1.25E-12	1.48E-05	2.87E-09	7.38E-05	2.15E-05	5.10E-03	6.44E-09	3.01E-02	3.02E-02	2.16E-03	-4.44E-08	1.64E-05	-2.87E-08	0	0	-0.0509	-0.2033	-4.1026	-999.999	-3.00E+00	-1.45E-14	-1.26E-09	-1.69E-16	-1.46E-11	-1.29E-17	-1.11E-12	-1.80E-11	-1.56E-06	-7.94E-12	-6.86E-07	1.36E-11	-1.18E-06	6.54E-05	4.03E-07
1	1	-99	3.70E+06	42.84618056	1032	7.31348	13.3755	1.25E-12	1.48E-05	2.87E-09	7.39E-05	2.15E-05	5.10E-03	6.34E-09	3.01E-02	3.02E-02	2.16E-03	-4.43E-08	1.63E-05	-2.85E-08	0	0	-0.0502	-0.2034	-4.1025	-999.999	-3.00E+00	-1.43E-14	-1.24E-09	-1.66E-16	-1.44E-11	-1.27E-17	-1.10E-12	-1.80E-11	-1.56E-06	-7.90E-12	-6.82E-07	1.36E-11	-1.18E-06	6.54E-05	4.03E-07
1	1	-99	3.71E+06	42.88784722	1033	7.31348	13.3755	1.25E-12	1.49E-05	2.87E-09	7.39E-05	2.14E-05	5.10E-03	6.24E-09	3.01E-02	3.02E-02	2.16E-03	-4.41E-08	1.63E-05	-2.84E-08	0	0	-0.0494	-0.2034	-4.1023	-999.999	-3.00E+00	-1.41E-14	-1.22E-09	-1.64E-16	-1.41E-11	-1.25E-17	-1.08E-12	-1.80E-11	-1.56E-06	-7.85E-12	-6.78E-07	1.36E-11	-1.18E-06	6.54E-05	4.02E-07
1	1	-99	3.71E+06	42.92951389	1034	7.31348	13.3755	1.25E-12	1.49E-05	2.87E-09	7.39E-05	2.14E-05	5.10E-03	6.13E-09	3.01E-02	3.02E-02	2.16E-03	-4.39E-08	1.63E-05	-2.82E-08	0	0	-0.0487	-0.2034	-4.1021	-999.999	-3.00E+00	-1.38E-14	-1.20E-09	-1.61E-16	-1.39E-11	-1.23E-17	-1.06E-12	-1.80E-11	-1.56E-06	-7.80E-12	-6.74E-07	1.36E-11	-1.18E-06	6.54E-05	4.01E-07
1	1	-99	3.71E+06	42.97118056	1035	7.31348	13.3755	1.25E-12	1.49E-05	2.87E-09	7.40E-05	2.14E-05	5.10E-03	6.03E-09	3.01E-02	3.02E-02	2.16E-03	-4.37E-08	1.63E-05	-2.80E-08	0	0	-0.048	-0.2034	-4.1019	-999.999	-3.00E+00	-1.36E-14	-1.18E-09	-1.58E-16	-1.37E-11	-1.21E-17	-1.04E-12	-1.80E-11	-1.56E-06	-7.76E-12	-6.70E-07	1.36E-11	-1.18E-06	6.54E-05	4.01E-07
1	1	-99	3.72E+06	43.01284722	1036	7.31348	13.3755	1.25E-12	1.49E-05	2.87E-09	7.40E-05	2.13E-05	5.10E-03	5.94E-09	3.01E-02	3.02E-02	2.16E-03	-4.36E-08	1.62E-05	-2.79E-08	0	0	-0.0472	-0.2035	-4.1017	-999.999	-3.00E+00	-1.34E-14	-1.16E-09	-1.56E-16	-1.35E-11	-1.19E-17	-1.03E-12	-1.80E-11	-1.56E-06	-7.71E-12	-6.66E-07	1.36E-11	-1.18E-06	6.54E-05	4.00E-07
1	1	-99	3.72E+06	43.05451389	1037	7.31348	13.3755	1.25E-12	1.49E-05	2.87E-09	7.40E-05	2.13E-05	5.10E-03	5.84E-09	3.01E-02	3.02E-02	2.16E-03	-4.34E-08	1.62E-05	-2.77E-08	0	0	-0.0465	-0.2035	-4.1015	-999.999	-3.00E+00	-1.32E-14	-1.14E-09	-1.53E-16	-1.32E-11	-1.17E-17	-1.01E-12	-1.80E-11	-1.56E-06	-7.66E-12	-6.62E-07	1.36E-11	-1.18E-06	6.54E-05	3.99E-07
1	1	-99	3.72E+06	43.09618056	1038	7.31348	13.3755	1.25E-12	1.50E-05	2.87E-09	7.40E-05	2.13E-05	5.10E-03	5.75E-09	3.01E-02	3.02E-02	2.16E-03	-4.32E-08	1.62E-05	-2.75E-08	0	0	-0.0458	-0.2035	-4.1014	-999.999	-3.00E+00	-1.30E-14	-1.12E-09	-1.51E-16	-1.30E-11	-1.15E-17	-9.92E-13	-1.80E-11	-1.56E-06	-7.62E-12	-6.58E-07	1.36E-11	-1.18E-06	6.54E-05	3.99E-07
1	1	-99	3.73E+06	43.13784722	1039	7.31348	13.3755	1.25E-12	1.50E-05	2.87E-09	7.41E-05	2.12E-05	5.10E-03	5.65E-09	3.01E-02	3.02E-02	2.16E-03	-4.31E-08	1.61E-05	-2.74E-08	0	0	-0.0451	-0.2035	-4.1012	-999.999	-3.00E+00	-1.27E-14	-1.10E-09	-1.48E-16	-1.28E-11	-1.13E-17	-9.76E-13	-1.80E-11	-1.56E-06	-7.57E-12	-6.54E-07	1.36E-11	-1.18E-06	6.54E-05	3.98E-07
1	1	-99	3.73E+06	43.17951389	1040	7.31348	13.3755	1.25E-12	1.50E-05	2.87E-09	7.41E-05	2.12E-05	5.10E-03	5.56E-09	3.01E-02	3.02E-02	2.16E-03	-4.29E-08	1.61E-05	-2.72E-08	0	0	-0.0444	-0.2036	-4.101	-999.999	-3.00E+00	-1.25E-14	-1.08E-09	-1.46E-16	-1.26E-11	-1.11E-17	-9.61E-13	-1.80E-11	-1.56E-06	-7.53E-12	-6.50E-07	1.36E-11	-1.18E-06	6.54E-05	3.97E-07
1	1	-99	3.73E+06	43.22118056	1041	7.31348	13.3755	1.25E-12	1.50E-05	2.87E-09	7.41E-05	2.12E-05	5.10E-03	5.47E-09	3.01E-02	3.02E-02	2.16E-03	-4.27E-08	1.61E-05	-2.70E-08	0	0	-0.0437	-0.2036	-4.1008	-999.999	-3.00E+00	-1.23E-14	-1.07E-09	-1.44E-16	-1.24E-11	-1.09E-17	-9.45E-13	-1.80E-11	-1.56E-06	-7.48E-12	-6.46E-07	1.37E-11	-1.18E-06	6.54E-05	3.97E-07
1	1	-99	3.74E+06	43.26284722	1042	7.31348	13.3755	1.25E-12	1.50E-05	2.87E-09	7.41E-05	2.11E-05	5.10E-03	5.38E-09	3.01E-02	3.02E-02	2.16E-03	-4.25E-08	1.61E-05	-2.69E-08	0	0	-0.043	-0.2036	-4.1006	-999.999	-3.00E+00	-1.21E-14	-1.05E-09	-1.41E-16	-1.22E-11	-1.08E-17	-9.29E-13	-1.80E-11	-1.56E-06	-7.43E-12	-6.42E-07	1.37E-11	-1.18E-06	6.54E-05	3.96E-07
1	1	-99	3.74E+06	43.30451389	1043	7.31348	13.3755	1.25E-12	1.51E-05	2.87E-09	7.42E-05	2.11E-05	5.10E-03	5.29E-09	3.01E-02	3.02E-02	2.16E-03	-4.24E-08	1.60E-05	-2.67E-08	0	0	-0.0423	-0.2036	-4.1005	-999.999	-3.00E+00	-1.19E-14	-1.03E-09	-1.39E-16	-1.20E-11	-1.06E-17	-9.14E-13	-1.80E-11	-1.56E-06	-7.39E-12	-6.38E-07	1.37E-11	-1.18E-06	6.54E-05	3.95E-07
1	1	-99	3.75E+06	43.34618056	1044	7.31348	13.3755	1.25E-12	1.51E-05	2.87E-09	7.42E-05	2.11E-05	5.10E-03	5.21E-09	3.01E-02	3.02E-02	2.16E-03	-4.22E-08	1.60E-05	-2.65E-08	0	0	-0.0416	-0.2037	-4.1003	-999.999	-3.01E+00	-1.17E-14	-1.01E-09	-1.37E-16	-1.18E-11	-1.04E-17	-9.00E-13	-1.80E-11	-1.56E-06	-7.34E-12	-6.34E-07	1.37E-11	-1.18E-06	6.54E-05	3.95E-07
1	1	-99	3.75E+06	43.38784722	1045	7.31348	13.3755	1.25E-12	1.51E-05	2.87E-09	7.42E-05	2.11E-05	5.10E-03	5.12E-09	3.01E-02	3.02E-02	2.16E-03	-4.20E-08	1.60E-05	-2.64E-08	0	0	-0.0409	-0.2037	-4.1001	-999.999	-3.01E+00	-1.16E-14	-9.98E-10	-1.34E-16	-1.16E-11	-1.02E-17	-8.85E-13	-1.80E-11	-1.56E-06	-7.30E-12	-6.31E-07	1.37E-11	-1.18E-06	6.54E-05	3.94E-07
1	1	-99	3.75E+06	43.42951389	1046	7.31348	13.3755	1.25E-12	1.51E-05	2.87E-09	7.42E-05	2.10E-05	5.10E-03	5.04E-09	3.01E-02	3.02E-02	2.16E-03	-4.19E-08	1.60E-05	-2.62E-08	0	0	-0.0402	-0.2037	-4.0999	-999.999	-3.01E+00	-1.14E-14	-9.82E-10	-1.32E-16	-1.14E-11	-1.01E-17	-8.71E-13	-1.80E-11	-1.56E-06	-7.25E-12	-6.27E-07	1.37E-11	-1.18E-06	6.54E-05	3.93E-07
1	1	-99	3.76E+06	43.47118056	1047	7.31347	13.3755	1.25E-12	1.52E-05	2.87E-09	7.43E-05	2.10E-05	5.10E-03	4.96E-09	3.01E-02	3.02E-02	2.16E-03	-4.17E-08	1.59E-05	-2.61E-08	0	0	-0.0395	-0.2037	-4.0998	-999.999	-3.01E+00	-1.12E-14	-9.66E-10	-1.30E-16	-1.12E-11	-9.91E-18	-8.56E-13	-1.80E-11	-1.56E-06	-7.21E-12	-6.23E-07	1.37E-11	-1.18E-06	6.54E-05	3.93E-07
1	1	-99	3.76E+06	43.51284722	1048	7.31347	13.3755	1.25E-12	1.52E-05	2.87E-09	7.43E-05	2.10E-05	5.10E-03	4.88E-09	3.01E-02	3.02E-02	2.16E-03	-4.15E-08	1.59E-05	-2.59E-08	0	0	-0.0388	-0.2038	-4.0996	-999.999	-3.01E+00	-1.10E-14	-9.50E-10	-1.28E-16	-1.11E-11	-9.75E-18	-8.43E-13	-1.80E-11	-1.56E-06	-7.16E-12	-6.19E-07	1.37E-11	-1.18E-06	6.54E-05	3.92E-07
1	1	-99	3.76E+06	43.55451389	1049	7.31347	13.3755	1.25E-12	1.52E-05	2.87E-09	7.43E-05	2.09E-05	5.10E-03	4.80E-09	3.01E-02	3.02E-02	2.16E-03	-4.14E-08	1.59E-05	-2.57E-08	0	0	-0.0382	-0.2038	-4.0994	-999.999	-3.01E+00	-1.08E-14	-9.35E-10	-1.26E-16	-1.09E-11	-9.59E-18	-8.29E-13	-1.80E-11	-1.56E-06	-7.12E-12	-6.15E-07	1.37E-11	-1.18E-06	6.54E-05	3.91E-07
1	1	-99	3.77E+06	43.59618056	1050	7.31347	13.3755	1.25E-12	1.52E-05	2.87E-09	7.44E-05	2.09E-05	5.10E-03	4.72E-09	3.01E-02	3.02E-02	2.16E-03	-4.12E-08	1.59E-05	-2.56E-08	0	0	-0.0375	-0.2038	-4.0993	-999.999	-3.01E+00	-1.06E-14	-9.19E-10	-1.24E-16	-1.07E-11	-9.44E-18	-8.15E-13	-1.80E-11	-1.56E-06	-7.07E-12	-6.11E-07	1.37E-11	-1.18E-06	6.54E-05	3.91E-07
1	1	-99	3.77E+06	43.63784722	1051	7.31347	13.3755	1.25E-12	1.52E-05	2.87E-09	7.44E-05	2.09E-05	5.10E-03	4.64E-09	3.01E-02	3.02E-02	2.16E-03	-4.10E-08	1.58E-05	-2.54E-08	0	0	-0.0368	-0.2038	-4.0991	-999.999	-3.01E+00	-1.05E-14	-9.04E-10	-1.22E-16	-1.05E-11	-9.28E-18	-8.02E-13	-1.80E-11	-1.56E-06	-7.03E-12	-6.07E-07	1.37E-11	-1.18E-06	6.54E-05	3.90E-07
1	1	-99	3.77E+06	43.67951389	1052	7.31347	13.3755	1.25E-12	1.53E-05	2.87E-09	7.44E-05	2.08E-05	5.10E-03	4.57E-09	3.01E-02	3.02E-02	2.16E-03	-4.09E-08	1.58E-05	-2.53E-08	0	0	-0.0362	-0.2038	-4.0989	-999.999	-3.01E+00	-1.03E-14	-8.90E-10	-1.20E-16	-1.04E-11	-9.13E-18	-7.89E-13	-1.80E-11	-1.56E-06	-6.98E-12	-6.03E-07	1.37E-11	-1.18E-06	6.54E-05	3.90E-07
1	1	-99	3.78E+06	43.72118056	1053	7.31347	13.3755	1.25E-12	1.53E-05	2.87E-09	7.44E-05	2.08E-05	5.10E-03	4.49E-09	3.01E-02	3.02E-02	2.16E-03	-4.07E-08	1.58E-05	-2.51E-08	0	0	-0.0355	-0.2039	-4.0988	-999.999	-3.01E+00	-1.01E-14	-8.75E-10	-1.18E-16	-1.02E-11	-8.98E-18	-7.76E-13	-1.80E-11	-1.56E-06	-6.94E-12	-6.00E-07	1.37E-11	-1.18E-06	6.53E-05	3.89E-07
1	1	-99	3.78E+06	43.76284722	1054	7.31347	13.3755	1.25E-12	1.53E-05	2.87E-09	7.45E-05	2.08E-05	5.10E-03	4.42E-09	3.01E-02	3.02E-02	2.16E-03	-4.05E-08	1.58E-05	-2.49E-08	0	0	-0.0349	-0.2039	-4.0986	-999.999	-3.01E+00	-9.97E-15	-8.61E-10	-1.16E-16	-1.00E-11	-8.84E-18	-7.64E-13	-1.80E-11	-1.56E-06	-6.90E-12	-5.96E-07	1.37E-11	-1.18E-06	6.53E-05	3.88E-07
1	1	-99	3.78E+06	43.80451389	1055	7.31347	13.3755	1.25E-12	1.53E-05	2.87E-09	7.45E-05	2.08E-05	5.10E-03	4.35E-09	3.01E-02	3.02E-02	2.16E-03	-4.04E-08	1.57E-05	-2.48E-08	0	0	-0.0342	-0.2039	-4.0984	-999.999	-3.01E+00	-9.80E-15	-8.47E-10	-1.14E-16	-9.86E-12	-8.70E-18	-7.51E-13	-1.80E-11	-1.56E-06	-6.85E-12	-5.92E-07	1.37E-11	-1.18E-06	6.53E-05	3.88E-07
1	1	-99	3.79E+06	43.84618056	1056	7.31347	13.3755	1.25E-12	1.53E-05	2.87E-09	7.45E-05	2.07E-05	5.10E-03	4.28E-09	3.01E-02	3.02E-02	2.16E-03	-4.02E-08	1.57E-05	-2.46E-08	0	0	-0.0336	-0.2039	-4.0983	-999.999	-3.01E+00	-9.64E-15	-8.33E-10	-1.12E-16	-9.70E-12	-8.55E-18	-7.39E-13	-1.80E-11	-1.56E-06	-6.81E-12	-5.88E-07	1.37E-11	-1.18E-06	6.53E-05	3.87E-07
1	1	-99	3.79E+06	43.88784722	1057	7.31347	13.3755	1.25E-12	1.54E-05	2.87E-09	7.45E-05	2.07E-05	5.10E-03	4.21E-09	3.01E-02	3.02E-02	2.16E-03	-4.00E-08	1.57E-05	-2.45E-08	0	0	-0.033	-0.204	-4.0981	-999.999	-3.01E+00	-9.49E-15	-8.20E-10	-1.10E-16	-9.54E-12	-8.42E-18	-7.27E-13	-1.80E-11	-1.56E-06	-6.77E-12	-5.85E-07	1.37E-11	-1.18E-06	6.53E-05	3.86E-07
1	1	-99	3.80E+06	43.92951389	1058	7.31347	13.3755	1.25E-12	1.54E-05	2.87E-09	7.46E-05	2.07E-05	5.10E-03	4.14E-09	3.01E-02	3.02E-02	2.16E-03	-3.99E-08	1.57E-05	-2.43E-08	0	0	-0.0323	-0.204	-4.098	-999.999	-3.01E+00	-9.33E-15	-8.06E-10	-1.09E-16	-9.39E-12	-8.28E-18	-7.15E-13	-1.80E-11	-1.56E-06	-6.72E-12	-5.81E-07	1.37E-11	-1.18E-06	6.53E-05	3.86E-07
1	1	-99	3.80E+06	43.97118056	1059	7.31347	13.3755	1.25E-12	1.54E-05	2.87E-09	7.46E-05	2.07E-05	5.10E-03	4.07E-09	3.01E-02	3.02E-02	2.16E-03	-3.97E-08	1.56E-05	-2.42E-08	0	0	-0.0317	-0.204	-4.0978	-999.999	-3.02E+00	-9.18E-15	-7.93E-10	-1.07E-16	-9.23E-12	-8.14E-18	-7.04E-13	-1.80E-11	-1.56E-06	-6.68E-12	-5.77E-07	1.37E-11	-1.18E-06	6.53E-05	3.85E-07
1	1	-99	3.80E+06	44.01284722	1060	7.31347	13.3755	1.25E-12	1.54E-05	2.87E-09	7.46E-05	2.06E-05	5.10E-03	4.01E-09	3.01E-02	3.02E-02	2.16E-03	-3.96E-08	1.56E-05	-2.40E-08	0	0	-0.0311	-0.204	-4.0976	-999.999	-3.02E+00	-9.03E-15	-7.80E-10	-1.05E-16	-9.08E-12	-8.01E-18	-6.92E-13	-1.80E-11	-1.56E-06	-6.64E-12	-5.73E-07	1.37E-11	-1.18E-06	6.53E-05	3.85E-07
1	1	-99	3.81E+06	44.05451389	1061	7.31346	13.3755	1.25E-12	1.54E-05	2.87E-09	7.46E-05	2.06E-05	5.10E-03	3.94E-09	3.01E-02	3.02E-02	2.16E-03	-3.94E-08	1.56E-05	-2.38E-08	0	0	-0.0305	-0.204	-4.0975	-999.999	-3.02E+00	-8.88E-15	-7.68E-10	-1.03E-16	-8.93E-12	-7.88E-18	-6.81E-13	-1.80E-11	-1.56E-06	-6.59E-12	-5.70E-07	1.37E-11	-1.18E-06	6.53E-05	3.84E-07
1	1	-99	3.81E+06	44.09618056	1062	7.31346	13.3755	1.25E-12	1.54E-05	2.87E-09	7.46E-05	2.06E-05	5.10E-03	3.88E-09	3.01E-02	3.02E-02	2.16E-03	-3.92E-08	1.56E-05	-2.37E-08	0	0	-0.0299	-0.2041	-4.0973	-999.999	-3.02E+00	-8.74E-15	-7.55E-10	-1.02E-16	-8.79E-12	-7.75E-18	-6.70E-13	-1.80E-11	-1.56E-06	-6.55E-12	-5.66E-07	1.37E-11	-1.18E-06	6.53E-05	3.83E-07
1	1	-99	3.81E+06	44.13784722	1063	7.31346	13.3756	1.25E-12	1.55E-05	2.87E-09	7.47E-05	2.05E-05	5.10E-03	3.82E-09	3.01E-02	3.02E-02	2.16E-03	-3.91E-08	1.55E-05	-2.35E-08	0	0	-0.0292	-0.2041	-4.0972	-999.999	-3.02E+00	-8.60E-15	-7.43E-10	-1.00E-16	-8.65E-12	-7.63E-18	-6.59E-13	-1.80E-11	-1.56E-06	-6.51E-12	-5.62E-07	1.37E-11	-1.18E-06	6.53E-05	3.83E-07
1	1	-99	3.82E+06	44.17951389	1064	7.31346	13.3756	1.25E-12	1.55E-05	2.87E-09	7.47E-05	2.05E-05	5.10E-03	3.75E-09	3.01E-02	3.02E-02	2.16E-03	-3.89E-08	1.55E-05	-2.34E-08	0	0	-0.0286	-0.2041	-4.097	-999.999	-3.02E+00	-8.46E-15	-7.31E-10	-9.84E-17	-8.51E-12	-7.50E-18	-6.48E-13	-1.80E-11	-1.56E-06	-6.46E-12	-5.59E-07	1.37E-11	-1.18E-06	6.53E-05	3.82E-07
1	1	-99	3.82E+06	44.22118056	1065	7.31346	13.3756	1.25E-12	1.55E-05	2.87E-09	7.47E-05	2.05E-05	5.10E-03	3.69E-09	3.01E-02	3.02E-02	2.16E-03	-3.88E-08	1.55E-05	-2.32E-08	0	0	-0.028	-0.2041	-4.0969	-999.999	-3.02E+00	-8.32E-15	-7.19E-10	-9.68E-17	-8.37E-12	-7.38E-18	-6.38E-13	-1.80E-11	-1.56E-06	-6.42E-12	-5.55E-07	1.37E-11	-1.18E-06	6.53E-05	3.82E-07
1	1	-99	3.82E+06	44.26284722	1066	7.31346	13.3756	1.25E-12	1.55E-05	2.87E-09	7.47E-05	2.05E-05	5.10E-03	3.63E-09	3.01E-02	3.02E-02	2.16E-03	-3.86E-08	1.55E-05	-2.31E-08	0	0	-0.0274	-0.2041	-4.0967	-999.999	-3.02E+00	-8.18E-15	-7.07E-10	-9.53E-17	-8.23E-12	-7.26E-18	-6.27E-13	-1.80E-11	-1.56E-06	-6.38E-12	-5.51E-07	1.37E-11	-1.18E-06	6.53E-05	3.81E-07
1	1	-99	3.83E+06	44.30451389	1067	7.31346	13.3756	1.25E-12	1.55E-05	2.87E-09	7.48E-05	2.04E-05	5.10E-03	3.57E-09	3.01E-02	3.02E-02	2.16E-03	-3.84E-08	1.54E-05	-2.29E-08	0	0	-0.0269	-0.2042	-4.0966	-999.999	-3.02E+00	-8.05E-15	-6.96E-10	-9.37E-17	-8.10E-12	-7.14E-18	-6.17E-13	-1.80E-11	-1.56E-06	-6.34E-12	-5.48E-07	1.37E-11	-1.18E-06	6.53E-05	3.81E-07
1	1	-99	3.83E+06	44.34618056	1068	7.31346	13.3756	1.25E-12	1.56E-05	2.87E-09	7.48E-05	2.04E-05	5.10E-03	3.52E-09	3.01E-02	3.02E-02	2.16E-03	-3.83E-08	1.54E-05	-2.28E-08	0	0	-0.0263	-0.2042	-4.0964	-999.999	-3.02E+00	-7.92E-15	-6.84E-10	-9.22E-17	-7.97E-12	-7.03E-18	-6.07E-13	-1.80E-11	-1.56E-06	-6.30E-12	-5.44E-07	1.37E-11	-1.18E-06	6.53E-05	3.80E-07
1	1	-99	3.84E+06	44.38784722	1069	7.31346	13.3756	1.25E-12	1.56E-05	2.87E-09	7.48E-05	2.04E-05	5.10E-03	3.46E-09	3.01E-02	3.02E-02	2.16E-03	-3.81E-08	1.54E-05	-2.26E-08	0	0	-0.0257	-0.2042	-4.0963	-999.999	-3.02E+00	-7.79E-15	-6.73E-10	-9.07E-17	-7.84E-12	-6.91E-18	-5.97E-13	-1.80E-11	-1.56E-06	-6.25E-12	-5.40E-07	1.37E-11	-1.18E-06	6.53E-05	3.80E-07
1	1	-99	3.84E+06	44.42951389	1070	7.31346	13.3756	1.25E-12	1.56E-05	2.87E-09	7.48E-05	2.04E-05	5.10E-03	3.40E-09	3.01E-02	3.02E-02	2.16E-03	-3.80E-08	1.54E-05	-2.25E-08	0	0	-0.0251	-0.2042	-4.0961	-999.999	-3.02E+00	-7.67E-15	-6.62E-10	-8.92E-17	-7.71E-12	-6.80E-18	-5.88E-13	-1.80E-11	-1.56E-06	-6.21E-12	-5.37E-07	1.37E-11	-1.18E-06	6.53E-05	3.79E-07
1	1	-99	3.84E+06	44.47118056	1071	7.31346	13.3756	1.25E-12	1.56E-05	2.87E-09	7.49E-05	2.03E-05	5.10E-03	3.35E-09	3.01E-02	3.02E-02	2.16E-03	-3.78E-08	1.54E-05	-2.23E-08	0	0	-0.0245	-0.2042	-4.096	-999.999	-3.02E+00	-7.54E-15	-6.51E-10	-8.78E-17	-7.58E-12	-6.69E-18	-5.78E-13	-1.80E-11	-1.56E-06	-6.17E-12	-5.33E-07	1.37E-11	-1.18E-06	6.53E-05	3.78E-07
1	1	-99	3.85E+06	44.51284722	1072	7.31346	13.3756	1.25E-12	1.56E-05	2.87E-09	7.49E-05	2.03E-05	5.10E-03	3.29E-09	3.01E-02	3.02E-02	2.16E-03	-3.77E-08	1.53E-05	-2.22E-08	0	0	-0.0239	-0.2043	-4.0958	-999.999	-3.02E+00	-7.42E-15	-6.41E-10	-8.63E-17	-7.46E-12	-6.58E-18	-5.69E-13	-1.80E-11	-1.56E-06	-6.13E-12	-5.30E-07	1.37E-11	-1.18E-06	6.53E-05	3.78E-07
1	1	-99	3.85E+06	44.55451389	1073	7.31346	13.3756	1.25E-12	1.57E-05	2.87E-09	7.49E-05	2.03E-05	5.10E-03	3.24E-09	3.01E-02	3.02E-02	2.16E-03	-3.75E-08	1.53E-05	-2.20E-08	0	0	-0.0234	-0.2043	-4.0957	-999.999	-3.02E+00	-7.30E-15	-6.30E-10	-8.49E-17	-7.34E-12	-6.48E-18	-5.60E-13	-1.80E-11	-1.56E-06	-6.09E-12	-5.26E-07	1.37E-11	-1.18E-06	6.53E-05	3.77E-07
1	1	-99	3.85E+06	44.59618056	1074	7.31345	13.3756	1.25E-12	1.57E-05	2.87E-09	7.49E-05	2.03E-05	5.10E-03	3.19E-09	3.01E-02	3.02E-02	2.16E-03	-3.74E-08	1.53E-05	-2.19E-08	0	0	-0.0228	-0.2043	-4.0955	-999.999	-3.02E+00	-7.18E-15	-6.20E-10	-8.36E-17	-7.22E-12	-6.37E-18	-5.50E-13	-1.80E-11	-1.56E-06	-6.05E-12	-5.23E-07	1.37E-11	-1.18E-06	6.53E-05	3.77E-07
1	1	-99	3.86E+06	44.63784722	1075	7.31345	13.3756	1.25E-12	1.57E-05	2.87E-09	7.49E-05	2.03E-05	5.10E-03	3.13E-09	3.01E-02	3.02E-02	2.16E-03	-3.72E-08	1.53E-05	-2.17E-08	0	0	-0.0223	-0.2043	-4.0954	-999.999	-3.02E+00	-7.06E-15	-6.10E-10	-8.22E-17	-7.10E-12	-6.27E-18	-5.42E-13	-1.80E-11	-1.56E-06	-6.01E-12	-5.19E-07	1.37E-11	-1.18E-06	6.53E-05	3.76E-07
1	1	-99	3.86E+06	44.67951389	1076	7.31345	13.3756	1.25E-12	1.57E-05	2.87E-09	7.50E-05	2.02E-05	5.10E-03	3.08E-09	3.01E-02	3.02E-02	2.16E-03	-3.71E-08	1.52E-05	-2.16E-08	0	0	-0.0217	-0.2043	-4.0953	-999.999	-3.03E+00	-6.95E-15	-6.00E-10	-8.09E-17	-6.99E-12	-6.17E-18	-5.33E-13	-1.80E-11	-1.56E-06	-5.97E-12	-5.16E-07	1.37E-11	-1.18E-06	6.53E-05	3.76E-07
1	1	-99	3.86E+06	44.72118056	1077	7.31345	13.3756	1.25E-12	1.57E-05	2.87E-09	7.50E-05	2.02E-05	5.10E-03	3.03E-09	3.01E-02	3.02E-02	2.16E-03	-3.69E-08	1.52E-05	-2.14E-08	0	0	-0.0211	-0.2044	-4.0951	-999.999	-3.03E+00	-6.83E-15	-5.90E-10	-7.95E-17	-6.87E-12	-6.07E-18	-5.24E-13	-1.80E-11	-1.56E-06	-5.93E-12	-5.12E-07	1.37E-11	-1.18E-06	6.53E-05	3.75E-07
1	1	-99	3.87E+06	44.76284722	1078	7.31345	13.3756	1.25E-12	1.57E-05	2.87E-09	7.50E-05	2.02E-05	5.10E-03	2.98E-09	3.01E-02	3.02E-02	2.16E-03	-3.67E-08	1.52E-05	-2.13E-08	0	0	-0.0206	-0.2044	-4.095	-999.999	-3.03E+00	-6.72E-15	-5.81E-10	-7.83E-17	-6.76E-12	-5.97E-18	-5.16E-13	-1.80E-11	-1.56E-06	-5.89E-12	-5.09E-07	1.37E-11	-1.18E-06	6.53E-05	3.75E-07
1	1	-99	3.87E+06	44.80451389	1079	7.31345	13.3756	1.25E-12	1.58E-05	2.87E-09	7.50E-05	2.02E-05	5.10E-03	2.94E-09	3.01E-02	3.02E-02	2.16E-03	-3.66E-08	1.52E-05	-2.11E-08	0	0	-0.0201	-0.2044	-4.0948	-999.999	-3.03E+00	-6.61E-15	-5.71E-10	-7.70E-17	-6.65E-12	-5.87E-18	-5.07E-13	-1.80E-11	-1.56E-06	-5.85E-12	-5.05E-07	1.37E-11	-1.18E-06	6.53E-05	3.74E-07
1	1	-99	3.87E+06	44.84618056	1080	7.31345	13.3756	1.25E-12	1.58E-05	2.87E-09	7.50E-05	2.01E-05	5.10E-03	2.89E-09	3.01E-02	3.02E-02	2.16E-03	-3.64E-08	1.52E-05	-2.10E-08	0	0	-0.0195	-0.2044	-4.0947	-999.999	-3.03E+00	-6.51E-15	-5.62E-10	-7.57E-17	-6.54E-12	-5.78E-18	-4.99E-13	-1.80E-11	-1.56E-06	-5.81E-12	-5.02E-07	1.37E-11	-1.18E-06	6.53E-05	3.74E-07
1	1	-99	3.88E+06	44.88784722	1081	7.31345	13.3756	1.25E-12	1.58E-05	2.87E-09	7.51E-05	2.01E-05	5.10E-03	2.84E-09	3.01E-02	3.02E-02	2.16E-03	-3.63E-08	1.51E-05	-2.08E-08	0	0	-0.019	-0.2044	-4.0946	-999.999	-3.03E+00	-6.40E-15	-5.53E-10	-7.45E-17	-6.44E-12	-5.68E-18	-4.91E-13	-1.80E-11	-1.56E-06	-5.77E-12	-4.98E-07	1.37E-11	-1.18E-06	6.53E-05	3.73E-07
1	1	-99	3.88E+06	44.92951389	1082	7.31345	13.3756	1.25E-12	1.58E-05	2.87E-09	7.51E-05	2.01E-05	5.10E-03	2.80E-09	3.01E-02	3.02E-02	2.16E-03	-3.62E-08	1.51E-05	-2.07E-08	0	0	-0.0184	-0.2045	-4.0944	-999.999	-3.03E+00	-6.30E-15	-5.44E-10	-7.33E-17	-6.33E-12	-5.59E-18	-4.83E-13	-1.80E-11	-1.56E-06	-5.73E-12	-4.95E-07	1.37E-11	-1.18E-06	6.53E-05	3.73E-07
1	1	-99	3.89E+06	44.97118056	1083	7.31345	13.3756	1.25E-12	1.58E-05	2.87E-09	7.51E-05	2.01E-05	5.10E-03	2.75E-09	3.01E-02	3.02E-02	2.16E-03	-3.60E-08	1.51E-05	-2.06E-08	0	0	-0.0179	-0.2045	-4.0943	-999.999	-3.03E+00	-6.20E-15	-5.35E-10	-7.21E-17	-6.23E-12	-5.50E-18	-4.75E-13	-1.80E-11	-1.56E-06	-5.69E-12	-4.92E-07	1.37E-11	-1.18E-06	6.53E-05	3.72E-07
1	1	-99	3.89E+06	45.01284722	1084	7.31345	13.3756	1.25E-12	1.58E-05	2.87E-09	7.51E-05	2.00E-05	5.10E-03	2.71E-09	3.01E-02	3.02E-02	2.16E-03	-3.59E-08	1.51E-05	-2.04E-08	0	0	-0.0174	-0.2045	-4.0942	-999.999	-3.03E+00	-6.10E-15	-5.27E-10	-7.09E-17	-6.13E-12	-5.41E-18	-4.68E-13	-1.80E-11	-1.56E-06	-5.65E-12	-4.88E-07	1.37E-11	-1.18E-06	6.53E-05	3.72E-07
1	1	-99	3.89E+06	45.05451389	1085	7.31345	13.3756	1.25E-12	1.59E-05	2.87E-09	7.52E-05	2.00E-05	5.10E-03	2.66E-09	3.01E-02	3.02E-02	2.16E-03	-3.57E-08	1.51E-05	-2.03E-08	0	0	-0.0169	-0.2045	-4.094	-999.999	-3.03E+00	-6.00E-15	-5.18E-10	-6.98E-17	-6.03E-12	-5.32E-18	-4.60E-13	-1.80E-11	-1.56E-06	-5.61E-12	-4.85E-07	1.37E-11	-1.18E-06	6.53E-05	3.71E-07
1	1	-99	3.90E+06	45.09618056	1086	7.31344	13.3756	1.25E-12	1.59E-05	2.87E-09	7.52E-05	2.00E-05	5.10E-03	2.62E-09	3.01E-02	3.02E-02	2.16E-03	-3.56E-08	1.50E-05	-2.01E-08	0	0	-0.0164	-0.2045	-4.0939	-999.999	-3.03E+00	-5.90E-15	-5.10E-10	-6.87E-17	-5.93E-12	-5.24E-18	-4.53E-13	-1.80E-11	-1.56E-06	-5.57E-12	-4.81E-07	1.37E-11	-1.18E-06	6.53E-05	3.71E-07
1	1	-99	3.90E+06	45.13784722	1087	7.31344	13.3756	1.25E-12	1.59E-05	2.87E-09	7.52E-05	2.00E-05	5.10E-03	2.58E-09	3.01E-02	3.02E-02	2.16E-03	-3.54E-08	1.50E-05	-2.00E-08	0	0	-0.0158	-0.2046	-4.0938	-999.999	-3.03E+00	-5.80E-15	-5.01E-10	-6.75E-17	-5.84E-12	-5.15E-18	-4.45E-13	-1.80E-11	-1.56E-06	-5.53E-12	-4.78E-07	1.37E-11	-1.18E-06	6.53E-05	3.70E-07
1	1	-99	3.90E+06	45.17951389	1088	7.31344	13.3756	1.25E-12	1.59E-05	2.87E-09	7.52E-05	2.00E-05	5.10E-03	2.54E-09	3.01E-02	3.02E-02	2.16E-03	-3.53E-08	1.50E-05	-1.99E-08	0	0	-0.0153	-0.2046	-4.0936	-999.999	-3.03E+00	-5.71E-15	-4.93E-10	-6.65E-17	-5.74E-12	-5.07E-18	-4.38E-13	-1.80E-11	-1.56E-06	-5.50E-12	-4.75E-07	1.37E-11	-1.18E-06	6.53E-05	3.70E-07
1	1	-99	3.91E+06	45.22118056	1089	7.31344	13.3756	1.25E-12	1.59E-05	2.87E-09	7.52E-05	1.99E-05	5.10E-03	2.49E-09	3.01E-02	3.02E-02	2.16E-03	-3.52E-08	1.50E-05	-1.97E-08	0	0	-0.0148	-0.2046	-4.0935	-999.999	-3.03E+00	-5.62E-15	-4.85E-10	-6.54E-17	-5.65E-12	-4.99E-18	-4.31E-13	-1.80E-11	-1.56E-06	-5.46E-12	-4.72E-07	1.37E-11	-1.18E-06	6.53E-05	3.69E-07
1	1	-99	3.91E+06	45.26284722	1090	7.31344	13.3756	1.25E-12	1.59E-05	2.87E-09	7.52E-05	1.99E-05	5.10E-03	2.45E-09	3.01E-02	3.02E-02	2.16E-03	-3.50E-08	1.50E-05	-1.96E-08	0	0	-0.0143	-0.2046	-4.0934	-999.999	-3.03E+00	-5.53E-15	-4.77E-10	-6.43E-17	-5.56E-12	-4.91E-18	-4.24E-13	-1.80E-11	-1.56E-06	-5.42E-12	-4.68E-07	1.37E-11	-1.18E-06	6.53E-05	3.69E-07
1	1	-99	3.91E+06	45.30451389	1091	7.31344	13.3756	1.25E-12	1.60E-05	2.87E-09	7.53E-05	1.99E-05	5.10E-03	2.41E-09	3.01E-02	3.02E-02	2.16E-03	-3.49E-08	1.49E-05	-1.94E-08	0	0	-0.0138	-0.2046	-4.0932	-999.999	-3.03E+00	-5.44E-15	-4.70E-10	-6.33E-17	-5.47E-12	-4.83E-18	-4.17E-13	-1.80E-11	-1.56E-06	-5.38E-12	-4.65E-07	1.37E-11	-1.18E-06	6.53E-05	3.68E-07
1	1	-99	3.92E+06	45.34618056	1092	7.31344	13.3756	1.25E-12	1.60E-05	2.87E-09	7.53E-05	1.99E-05	5.10E-03	2.38E-09	3.01E-02	3.02E-02	2.16E-03	-3.47E-08	1.49E-05	-1.93E-08	0	0	-0.0133	-0.2046	-4.0931	-999.999	-3.03E+00	-5.35E-15	-4.62E-10	-6.23E-17	-5.38E-12	-4.75E-18	-4.10E-13	-1.80E-11	-1.56E-06	-5.34E-12	-4.62E-07	1.37E-11	-1.19E-06	6.53E-05	3.68E-07
1	1	-99	3.92E+06	45.38784722	1093	7.31344	13.3756	1.25E-12	1.60E-05	2.87E-09	7.53E-05	1.99E-05	5.10E-03	2.34E-09	3.01E-02	3.02E-02	2.16E-03	-3.46E-08	1.49E-05	-1.92E-08	0	0	-0.0129	-0.2047	-4.093	-999.999	-3.03E+00	-5.26E-15	-4.55E-10	-6.12E-17	-5.29E-12	-4.67E-18	-4.04E-13	-1.80E-11	-1.56E-06	-5.31E-12	-4.59E-07	1.37E-11	-1.19E-06	6.53E-05	3.67E-07
1	1	-99	3.93E+06	45.42951389	1094	7.31344	13.3756	1.25E-12	1.60E-05	2.87E-09	7.53E-05	1.98E-05	5.10E-03	2.30E-09	3.01E-02	3.02E-02	2.16E-03	-3.45E-08	1.49E-05	-1.90E-08	0	0	-0.0124	-0.2047	-4.0929	-999.999	-3.03E+00	-5.18E-15	-4.47E-10	-6.03E-17	-5.21E-12	-4.60E-18	-3.97E-13	-1.80E-11	-1.56E-06	-5.27E-12	-4.55E-07	1.37E-11	-1.19E-06	6.53E-05	3.67E-07
1	1	-99	3.93E+06	45.47118056	1095	7.31344	13.3756	1.25E-12	1.60E-05	2.87E-09	7.53E-05	1.98E-05	5.10E-03	2.26E-09	3.01E-02	3.02E-02	2.16E-03	-3.43E-08	1.49E-05	-1.89E-08	0	0	-0.0119	-0.2047	-4.0927	-999.999	-3.04E+00	-5.09E-15	-4.40E-10	-5.93E-17	-5.12E-12	-4.52E-18	-3.91E-13	-1.80E-11	-1.56E-06	-5.23E-12	-4.52E-07	1.37E-11	-1.19E-06	6.53E-05	3.66E-07
1	1	-99	3.93E+06	45.51284722	1096	7.31344	13.3756	1.25E-12	1.60E-05	2.87E-09	7.54E-05	1.98E-05	5.10E-03	2.23E-09	3.01E-02	3.02E-02	2.16E-03	-3.42E-08	1.48E-05	-1.88E-08	0	0	-0.0114	-0.2047	-4.0926	-999.999	-3.04E+00	-5.01E-15	-4.33E-10	-5.83E-17	-5.04E-12	-4.45E-18	-3.84E-13	-1.80E-11	-1.56E-06	-5.20E-12	-4.49E-07	1.37E-11	-1.19E-06	6.53E-05	3.66E-07
1	1	-99	3.94E+06	45.55451389	1097	7.31343	13.3756	1.25E-12	1.60E-05	2.87E-09	7.54E-05	1.98E-05	5.10E-03	2.19E-09	3.01E-02	3.02E-02	2.16E-03	-3.40E-08	1.48E-05	-1.86E-08	0	0	-0.0109	-0.2047	-4.0925	-999.999	-3.04E+00	-4.93E-15	-4.26E-10	-5.74E-17	-4.96E-12	-4.38E-18	-3.78E-13	-1.80E-11	-1.56E-06	-5.16E-12	-4.46E-07	1.37E-11	-1.19E-06	6.53E-05	3.65E-07
1	1	-99	3.94E+06	45.59618056	1098	7.31343	13.3756	1.25E-12	1.61E-05	2.87E-09	7.54E-05	1.98E-05	5.10E-03	2.15E-09	3.01E-02	3.02E-02	2.16E-03	-3.39E-08	1.48E-05	-1.85E-08	0	0	-0.0105	-0.2047	-4.0924	-999.999	-3.04E+00	-4.85E-15	-4.19E-10	-5.64E-17	-4.88E-12	-4.31E-18	-3.72E-13	-1.80E-11	-1.56E-06	-5.12E-12	-4.43E-07	1.37E-11	-1.19E-06	6.53E-05	3.65E-07
1	1	-99	3.94E+06	45.63784722	1099	7.31343	13.3756	1.25E-12	1.61E-05	2.87E-09	7.54E-05	1.97E-05	5.10E-03	2.12E-09	3.01E-02	3.02E-02	2.16E-03	-3.38E-08	1.48E-05	-1.84E-08	0	0	-0.01	-0.2048	-4.0923	-999.999	-3.04E+00	-4.77E-15	-4.12E-10	-5.55E-17	-4.80E-12	-4.24E-18	-3.66E-13	-1.80E-11	-1.56E-06	-5.09E-12	-4.40E-07	1.37E-11	-1.19E-06	6.53E-05	3.64E-07
1	1	-99	3.95E+06	45.67951389	1100	7.31343	13.3756	1.25E-12	1.61E-05	2.87E-09	7.54E-05	1.97E-05	5.10E-03	2.09E-09	3.01E-02	3.02E-02	2.16E-03	-3.36E-08	1.48E-05	-1.83E-08	0	0	-0.0095	-0.2048	-4.0921	-999.999	-3.04E+00	-4.69E-15	-4.06E-10	-5.46E-17	-4.72E-12	-4.17E-18	-3.60E-13	-1.80E-11	-1.56E-06	-5.05E-12	-4.36E-07	1.37E-11	-1.19E-06	6.53E-05	3.64E-07
1	1	-99	3.95E+06	45.72118056	1101	7.31343	13.3756	1.25E-12	1.61E-05	2.87E-09	7.55E-05	1.97E-05	5.10E-03	2.05E-09	3.01E-02	3.02E-02	2.16E-03	-3.35E-08	1.48E-05	-1.81E-08	0	0	-0.0091	-0.2048	-4.092	-999.999	-3.04E+00	-4.62E-15	-3.99E-10	-5.37E-17	-4.64E-12	-4.10E-18	-3.54E-13	-1.80E-11	-1.56E-06	-5.02E-12	-4.33E-07	1.37E-11	-1.19E-06	6.53E-05	3.64E-07
1	1	-99	3.95E+06	45.76284722	1102	7.31343	13.3756	1.25E-12	1.61E-05	2.87E-09	7.55E-05	1.97E-05	5.10E-03	2.02E-09	3.01E-02	3.02E-02	2.16E-03	-3.34E-08	1.47E-05	-1.80E-08	0	0	-0.0086	-0.2048	-4.0919	-999.999	-3.04E+00	-4.54E-15	-3.92E-10	-5.29E-17	-4.57E-12	-4.04E-18	-3.49E-13	-1.80E-11	-1.56E-06	-4.98E-12	-4.30E-07	1.37E-11	-1.19E-06	6.53E-05	3.63E-07
1	1	-99	3.96E+06	45.80451389	1103	7.31343	13.3756	1.25E-12	1.61E-05	2.87E-09	7.55E-05	1.97E-05	5.10E-03	1.99E-09	3.01E-02	3.02E-02	2.16E-03	-3.33E-08	1.47E-05	-1.79E-08	0	0	-0.0082	-0.2048	-4.0918	-999.999	-3.04E+00	-4.47E-15	-3.86E-10	-5.20E-17	-4.49E-12	-3.97E-18	-3.43E-13	-1.80E-11	-1.56E-06	-4.94E-12	-4.27E-07	1.37E-11	-1.19E-06	6.53E-05	3.63E-07
1	1	-99	3.96E+06	45.84618056	1104	7.31343	13.3756	1.25E-12	1.62E-05	2.87E-09	7.55E-05	1.97E-05	5.10E-03	1.95E-09	3.01E-02	3.02E-02	2.16E-03	-3.31E-08	1.47E-05	-1.77E-08	0	0	-0.0077	-0.2048	-4.0917	-999.999	-3.04E+00	-4.40E-15	-3.80E-10	-5.12E-17	-4.42E-12	-3.91E-18	-3.37E-13	-1.80E-11	-1.56E-06	-4.91E-12	-4.24E-07	1.37E-11	-1.19E-06	6.53E-05	3.62E-07
1	1	-99	3.96E+06	45.88784722	1105	7.31343	13.3756	1.25E-12	1.62E-05	2.87E-09	7.55E-05	1.96E-05	5.10E-03	1.92E-09	3.01E-02	3.02E-02	2.16E-03	-3.30E-08	1.47E-05	-1.76E-08	0	0	-0.0073	-0.2049	-4.0916	-999.999	-3.04E+00	-4.33E-15	-3.74E-10	-5.03E-17	-4.35E-12	-3.84E-18	-3.32E-13	-1.80E-11	-1.56E-06	-4.87E-12	-4.21E-07	1.37E-11	-1.19E-06	6.53E-05	3.62E-07
1	1	-99	3.97E+06	45.92951389	1106	7.31343	13.3756	1.25E-12	1.62E-05	2.87E-09	7.55E-05	1.96E-05	5.10E-03	1.89E-09	3.01E-02	3.02E-02	2.16E-03	-3.29E-08	1.47E-05	-1.75E-08	0	0	-0.0068	-0.2049	-4.0914	-999.999	-3.04E+00	-4.26E-15	-3.68E-10	-4.95E-17	-4.28E-12	-3.78E-18	-3.27E-13	-1.80E-11	-1.56E-06	-4.84E-12	-4.18E-07	1.37E-11	-1.19E-06	6.53E-05	3.61E-07
1	1	-99	3.97E+06	45.97118056	1107	7.31342	13.3756	1.25E-12	1.62E-05	2.87E-09	7.56E-05	1.96E-05	5.10E-03	1.86E-09	3.01E-02	3.02E-02	2.16E-03	-3.27E-08	1.46E-05	-1.74E-08	0	0	-0.0064	-0.2049	-4.0913	-999.999	-3.04E+00	-4.19E-15	-3.62E-10	-4.87E-17	-4.21E-12	-3.72E-18	-3.21E-13	-1.80E-11	-1.56E-06	-4.80E-12	-4.15E-07	1.37E-11	-1.19E-06	6.53E-05	3.61E-07
1	1	-99	3.98E+06	46.01284722	1108	7.31342	13.3756	1.25E-12	1.62E-05	2.87E-09	7.56E-05	1.96E-05	5.10E-03	1.83E-09	3.01E-02	3.02E-02	2.16E-03	-3.26E-08	1.46E-05	-1.72E-08	0	0	-0.0059	-0.2049	-4.0912	-999.999	-3.04E+00	-4.12E-15	-3.56E-10	-4.79E-17	-4.14E-12	-3.66E-18	-3.16E-13	-1.80E-11	-1.56E-06	-4.77E-12	-4.12E-07	1.37E-11	-1.19E-06	6.53E-05	3.61E-07
1	1	-99	3.98E+06	46.05451389	1109	7.31342	13.3756	1.25E-12	1.62E-05	2.87E-09	7.56E-05	1.96E-05	5.10E-03	1.80E-09	3.01E-02	3.02E-02	2.16E-03	-3.25E-08	1.46E-05	-1.71E-08	0	0	-0.0055	-0.2049	-4.0911	-999.999	-3.04E+00	-4.05E-15	-3.50E-10	-4.72E-17	-4.07E-12	-3.60E-18	-3.11E-13	-1.80E-11	-1.56E-06	-4.74E-12	-4.09E-07	1.37E-11	-1.19E-06	6.53E-05	3.60E-07
1	1	-99	3.98E+06	46.09618056	1110	7.31342	13.3756	1.25E-12	1.62E-05	2.87E-09	7.56E-05	1.95E-05	5.10E-03	1.77E-09	3.01E-02	3.02E-02	2.16E-03	-3.24E-08	1.46E-05	-1.70E-08	0	0	-0.0051	-0.2049	-4.091	-999.999	-3.04E+00	-3.99E-15	-3.44E-10	-4.64E-17	-4.01E-12	-3.54E-18	-3.06E-13	-1.80E-11	-1.56E-06	-4.70E-12	-4.06E-07	1.37E-11	-1.19E-06	6.53E-05	3.60E-07
1	1	-99	3.99E+06	46.13784722	1111	7.31342	13.3756	1.25E-12	1.63E-05	2.87E-09	7.56E-05	1.95E-05	5.10E-03	1.74E-09	3.01E-02	3.02E-02	2.16E-03	-3.22E-08	1.46E-05	-1.69E-08	0	0	-0.0047	-0.205	-4.0909	-999.999	-3.04E+00	-3.92E-15	-3.39E-10	-4.56E-17	-3.94E-12	-3.49E-18	-3.01E-13	-1.80E-11	-1.56E-06	-4.67E-12	-4.03E-07	1.37E-11	-1.19E-06	6.53E-05	3.59E-07
1	1	-99	3.99E+06	46.17951389	1112	7.31342	13.3756	1.25E-12	1.63E-05	2.87E-09	7.56E-05	1.95E-05	5.10E-03	1.71E-09	3.01E-02	3.02E-02	2.16E-03	-3.21E-08	1.46E-05	-1.67E-08	0	0	-0.0042	-0.205	-4.0908	-999.999	-3.04E+00	-3.86E-15	-3.33E-10	-4.49E-17	-3.88E-12	-3.43E-18	-2.96E-13	-1.80E-11	-1.56E-06	-4.63E-12	-4.00E-07	1.37E-11	-1.19E-06	6.53E-05	3.59E-07
1	1	-99	3.99E+06	46.22118056	1113	7.31342	13.3756	1.25E-12	1.63E-05	2.87E-09	7.57E-05	1.95E-05	5.10E-03	1.69E-09	3.01E-02	3.02E-02	2.16E-03	-3.20E-08	1.45E-05	-1.66E-08	0	0	-0.0038	-0.205	-4.0907	-999.999	-3.04E+00	-3.80E-15	-3.28E-10	-4.42E-17	-3.82E-12	-3.37E-18	-2.91E-13	-1.80E-11	-1.56E-06	-4.60E-12	-3.98E-07	1.37E-11	-1.19E-06	6.53E-05	3.58E-07
1	1	-99	4.00E+06	46.26284722	1114	7.31342	13.3756	1.25E-12	1.63E-05	2.87E-09	7.57E-05	1.95E-05	5.10E-03	1.66E-09	3.01E-02	3.02E-02	2.16E-03	-3.19E-08	1.45E-05	-1.65E-08	0	0	-0.0034	-0.205	-4.0906	-999.999	-3.04E+00	-3.73E-15	-3.23E-10	-4.35E-17	-3.76E-12	-3.32E-18	-2.87E-13	-1.80E-11	-1.56E-06	-4.57E-12	-3.95E-07	1.37E-11	-1.19E-06	6.53E-05	3.58E-07
1	1	-99	4.00E+06	46.30451389	1115	7.31342	13.3756	1.25E-12	1.63E-05	2.87E-09	7.57E-05	1.95E-05	5.10E-03	1.63E-09	3.01E-02	3.02E-02	2.16E-03	-3.17E-08	1.45E-05	-1.64E-08	0	0	-0.003	-0.205	-4.0905	-999.999	-3.04E+00	-3.67E-15	-3.17E-10	-4.28E-17	-3.69E-12	-3.27E-18	-2.82E-13	-1.80E-11	-1.56E-06	-4.53E-12	-3.92E-07	1.37E-11	-1.19E-06	6.53E-05	3.58E-07
1	1	-99	4.00E+06	46.34618056	1116	7.31342	13.3756	1.25E-12	1.63E-05	2.87E-09	7.57E-05	1.94E-05	5.10E-03	1.61E-09	3.01E-02	3.02E-02	2.16E-03	-3.16E-08	1.45E-05	-1.63E-08	0	0	-0.0026	-0.205	-4.0904	-999.999	-3.04E+00	-3.61E-15	-3.12E-10	-4.21E-17	-3.63E-12	-3.21E-18	-2.78E-13	-1.80E-11	-1.56E-06	-4.50E-12	-3.89E-07	1.37E-11	-1.19E-06	6.53E-05	3.57E-07
1	1	-99	4.01E+06	46.38784722	1117	7.31341	13.3756	1.25E-12	1.63E-05	2.87E-09	7.57E-05	1.94E-05	5.10E-03	1.58E-09	3.01E-02	3.02E-02	2.16E-03	-3.15E-08	1.45E-05	-1.61E-08	0	0	-0.0022	-0.205	-4.0902	-999.999	-3.05E+00	-3.56E-15	-3.07E-10	-4.14E-17	-3.58E-12	-3.16E-18	-2.73E-13	-1.80E-11	-1.56E-06	-4.47E-12	-3.86E-07	1.37E-11	-1.19E-06	6.53E-05	3.57E-07
1	1	-99	4.01E+06	46.42951389	1118	7.31341	13.3756	1.25E-12	1.63E-05	2.87E-09	7.57E-05	1.94E-05	5.10E-03	1.56E-09	3.01E-02	3.02E-02	2.16E-03	-3.14E-08	1.45E-05	-1.60E-08	0	0	-0.0018	-0.2051	-4.0901	-999.999	-3.05E+00	-3.50E-15	-3.02E-10	-4.07E-17	-3.52E-12	-3.11E-18	-2.69E-13	-1.80E-11	-1.56E-06	-4.44E-12	-3.83E-07	1.37E-11	-1.19E-06	6.53E-05	3.56E-07
1	1	-99	4.02E+06	46.47118056	1119	7.31341	13.3756	1.25E-12	1.64E-05	2.87E-09	7.58E-05	1.94E-05	5.10E-03	1.53E-09	3.01E-02	3.02E-02	2.16E-03	-3.13E-08	1.45E-05	-1.59E-08	0	0	-0.0014	-0.2051	-4.09	-999.999	-3.05E+00	-3.44E-15	-2.97E-10	-4.01E-17	-3.46E-12	-3.06E-18	-2.64E-13	-1.80E-11	-1.56E-06	-4.40E-12	-3.81E-07	1.37E-11	-1.19E-06	6.53E-05	3.56E-07
1	1	-99	4.02E+06	46.51284722	1120	7.31341	13.3756	1.25E-12	1.64E-05	2.87E-09	7.58E-05	1.94E-05	5.10E-03	1.51E-09	3.01E-02	3.02E-02	2.16E-03	-3.11E-08	1.44E-05	-1.58E-08	0	0	-0.001	-0.2051	-4.0899	-999.999	-3.05E+00	-3.39E-15	-2.93E-10	-3.94E-17	-3.40E-12	-3.01E-18	-2.60E-13	-1.80E-11	-1.56E-06	-4.37E-12	-3.78E-07	1.37E-11	-1.19E-06	6.53E-05	3.56E-07
1	1	-99	4.02E+06	46.55451389	1121	7.31341	13.3756	1.25E-12	1.64E-05	2.87E-09	7.58E-05	1.94E-05	5.10E-03	1.48E-09	3.01E-02	3.02E-02	2.16E-03	-3.10E-08	1.44E-05	-1.57E-08	0	0	-0.0006	-0.2051	-4.0898	-999.999	-3.05E+00	-3.33E-15	-2.88E-10	-3.88E-17	-3.35E-12	-2.96E-18	-2.56E-13	-1.80E-11	-1.56E-06	-4.34E-12	-3.75E-07	1.37E-11	-1.19E-06	6.53E-05	3.55E-07
1	1	-99	4.03E+06	46.59618056	1122	7.31341	13.3756	1.25E-12	1.64E-05	2.87E-09	7.58E-05	1.93E-05	5.10E-03	1.46E-09	3.01E-02	3.02E-02	2.16E-03	-3.09E-08	1.44E-05	-1.56E-08	0	0	-0.0002	-0.2051	-4.0897	-999.999	-3.05E+00	-3.28E-15	-2.83E-10	-3.81E-17	-3.30E-12	-2.91E-18	-2.52E-13	-1.80E-11	-1.56E-06	-4.31E-12	-3.72E-07	1.37E-11	-1.19E-06	6.53E-05	3.55E-07
1	1	-99	4.03E+06	46.63784722	1123	7.31341	13.3756	1.25E-12	1.64E-05	2.87E-09	7.58E-05	1.93E-05	5.10E-03	1.43E-09	3.01E-02	3.02E-02	2.16E-03	-3.08E-08	1.44E-05	-1.55E-08	0	0	0	-0.2051	-4.0896	-999.999	-3.05E+00	-3.22E-15	-2.79E-10	-3.75E-17	-3.24E-12	-2.87E-18	-2.48E-13	-1.80E-11	-1.56E-06	-4.29E-12	-3.71E-07	1.37E-11	-1.19E-06	6.53E-05	3.54E-07
1	1	-99	4.03E+06	46.67951389	1124	7.31341	13.3756	1.25E-12	1.64E-05	2.87E-09	7.58E-05	1.93E-05	5.10E-03	1.41E-09	3.01E-02	3.02E-02	2.16E-03	-3.08E-08	1.44E-05	-1.54E-08	0	0	0	-0.2051	-4.0895	-999.999	-3.05E+00	-3.17E-15	-2.74E-10	-3.69E-17	-3.19E-12	-2.82E-18	-2.44E-13	-1.80E-11	-1.56E-06	-4.29E-12	-3.70E-07	1.37E-11	-1.19E-06	6.53E-05	3.54E-07
1	1	-99	4.04E+06	46.72118056	1125	7.31341	13.3756	1.25E-12	1.64E-05	2.87E-09	7.59E-05	1.93E-05	5.10E-03	1.39E-09	3.01E-02	3.02E-02	2.16E-03	-3.08E-08	1.44E-05	-1.54E-08	0	0	0	-0.2052	-4.0894	-999.999	-3.05E+00	-3.12E-15	-2.70E-10	-3.63E-17	-3.14E-12	-2.77E-18	-2.40E-13	-1.80E-11	-1.56E-06	-4.28E-12	-3.70E-07	1.37E-11	-1.19E-06	6.53E-05	3.54E-07
1	1	-99	4.04E+06	46.76284722	1126	7.3134	13.3756	1.25E-12	1.64E-05	2.87E-09	7.59E-05	1.93E-05	5.10E-03	1.37E-09	3.01E-02	3.02E-02	2.16E-03	-3.07E-08	1.43E-05	-1.54E-08	0	0	0	-0.2052	-4.0893	-999.999	-3.05E+00	-3.07E-15	-2.65E-10	-3.57E-17	-3.09E-12	-2.73E-18	-2.36E-13	-1.80E-11	-1.56E-06	-4.28E-12	-3.70E-07	1.37E-11	-1.19E-06	6.53E-05	3.53E-07
1	1	-99	4.04E+06	46.80451389	1127	7.3134	13.3756	1.25E-12	1.64E-05	2.87E-09	7.59E-05	1.93E-05	5.10E-03	1.34E-09	3.01E-02	3.02E-02	2.16E-03	-3.07E-08	1.43E-05	-1.54E-08	0	0	0	-0.2052	-4.0892	-999.999	-3.05E+00	-3.02E-15	-2.61E-10	-3.52E-17	-3.04E-12	-2.69E-18	-2.32E-13	-1.80E-11	-1.56E-06	-4.28E-12	-3.69E-07	1.37E-11	-1.19E-06	6.53E-05	3.53E-07
1	1	-99	4.05E+06	46.84618056	1128	7.3134	13.3756	1.25E-12	1.64E-05	2.87E-09	7.59E-05	1.93E-05	5.10E-03	1.32E-09	3.01E-02	3.02E-02	2.16E-03	-3.07E-08	1.43E-05	-1.54E-08	0	0	0	-0.2052	-4.0891	-999.999	-3.05E+00	-2.97E-15	-2.57E-10	-3.46E-17	-2.99E-12	-2.64E-18	-2.28E-13	-1.80E-11	-1.56E-06	-4.27E-12	-3.69E-07	1.37E-11	-1.19E-06	6.53E-05	3.53E-07
1	1	-99	4.05E+06	46.88784722	1129	7.3134	13.3756	1.25E-12	1.64E-05	2.87E-09	7.59E-05	1.93E-05	5.10E-03	1.30E-09	3.01E-02	3.02E-02	2.16E-03	-3.07E-08	1.43E-05	-1.54E-08	0	0	0	-0.2052	-4.089	-999.999	-3.05E+00	-2.92E-15	-2.53E-10	-3.40E-17	-2.94E-12	-2.60E-18	-2.25E-13	-1.80E-11	-1.56E-06	-4.27E-12	-3.69E-07	1.37E-11	-1.19E-06	6.53E-05	3.52E-07
1	1	-99	4.05E+06	46.92951389	1130	7.3134	13.3756	1.25E-12	1.64E-05	2.87E-09	7.59E-05	1.93E-05	5.10E-03	1.28E-09	3.01E-02	3.02E-02	2.16E-03	-3.07E-08	1.43E-05	-1.54E-08	0	0	0	-0.2052	-4.0889	-999.999	-3.05E+00	-2.88E-15	-2.49E-10	-3.35E-17	-2.89E-12	-2.56E-18	-2.21E-13	-1.80E-11	-1.56E-06	-4.26E-12	-3.68E-07	1.37E-11	-1.19E-06	6.53E-05	3.52E-07
1	1	-99	4.06E+06	46.97118056	1131	7.3134	13.3756	1.25E-12	1.64E-05	2.87E-09	7.59E-05	1.93E-05	5.10E-03	1.26E-09	3.01E-02	3.02E-02	2.16E-03	-3.07E-08	1.43E-05	-1.53E-08	0	0	0	-0.2053	-4.0888	-999.999	-3.05E+00	-2.83E-15	-2.45E-10	-3.29E-17	-2.85E-12	-2.52E-18	-2.17E-13	-1.80E-11	-1.56E-06	-4.26E-12	-3.68E-07	1.37E-11	-1.19E-06	6.53E-05	3.51E-07
1	1	-99	4.06E+06	47.01284722	1132	7.3134	13.3756	1.25E-12	1.64E-05	2.87E-09	7.60E-05	1.93E-05	5.10E-03	1.24E-09	3.01E-02	3.02E-02	2.16E-03	-3.07E-08	1.42E-05	-1.53E-08	0	0	0	-0.2053	-4.0887	-999.999	-3.05E+00	-2.78E-15	-2.41E-10	-3.24E-17	-2.80E-12	-2.48E-18	-2.14E-13	-1.80E-11	-1.56E-06	-4.26E-12	-3.68E-07	1.37E-11	-1.19E-06	6.53E-05	3.51E-07
1	1	-99	4.07E+06	47.05451389	1133	7.3134	13.3756	1.25E-12	1.64E-05	2.87E-09	7.60E-05	1.93E-05	5.10E-03	1.22E-09	3.01E-02	3.02E-02	2.16E-03	-3.07E-08	1.42E-05	-1.53E-08	0	0	0	-0.2053	-4.0886	-999.999	-3.05E+00	-2.74E-15	-2.37E-10	-3.19E-17	-2.75E-12	-2.44E-18	-2.10E-13	-1.80E-11	-1.56E-06	-4.25E-12	-3.68E-07	1.37E-11	-1.19E-06	6.53E-05	3.51E-07
1	1	-99	4.07E+06	47.09618056	1134	7.3134	13.3756	1.25E-12	1.64E-05	2.87E-09	7.60E-05	1.93E-05	5.10E-03	1.20E-09	3.01E-02	3.02E-02	2.16E-03	-3.06E-08	1.42E-05	-1.53E-08	0	0	0	-0.2053	-4.0885	-999.999	-3.05E+00	-2.69E-15	-2.33E-10	-3.14E-17	-2.71E-12	-2.40E-18	-2.07E-13	-1.80E-11	-1.56E-06	-4.25E-12	-3.67E-07	1.37E-11	-1.19E-06	6.53E-05	3.50E-07
1	1	-99	4.07E+06	47.13784722	1135	7.31339	13.3756	1.25E-12	1.64E-05	2.87E-09	7.60E-05	1.93E-05	5.10E-03	1.18E-09	3.01E-02	3.02E-02	2.16E-03	-3.06E-08	1.42E-05	-1.53E-08	0	0	0	-0.2053	-4.0884	-999.999	-3.05E+00	-2.65E-15	-2.29E-10	-3.09E-17	-2.67E-12	-2.36E-18	-2.04E-13	-1.80E-11	-1.56E-06	-4.25E-12	-3.67E-07	1.37E-11	-1.19E-06	6.53E-05	3.50E-07
1	1	-99	4.08E+06	47.17951389	1136	7.31339	13.3756	1.25E-12	1.64E-05	2.87E-09	7.60E-05	1.93E-05	5.10E-03	1.16E-09	3.01E-02	3.02E-02	2.16E-03	-3.06E-08	1.42E-05	-1.53E-08	0	0	0	-0.2053	-4.0883	-999.999	-3.05E+00	-2.61E-15	-2.25E-10	-3.04E-17	-2.62E-12	-2.32E-18	-2.00E-13	-1.80E-11	-1.56E-06	-4.24E-12	-3.67E-07	1.37E-11	-1.19E-06	6.53E-05	3.50E-07
1	1	-99	4.08E+06	47.22118056	1137	7.31339	13.3756	1.25E-12	1.64E-05	2.87E-09	7.60E-05	1.93E-05	5.10E-03	1.14E-09	3.01E-02	3.02E-02	2.16E-03	-3.06E-08	1.42E-05	-1.53E-08	0	0	0	-0.2053	-4.0882	-999.999	-3.05E+00	-2.57E-15	-2.22E-10	-2.99E-17	-2.58E-12	-2.28E-18	-1.97E-13	-1.80E-11	-1.56E-06	-4.24E-12	-3.66E-07	1.37E-11	-1.19E-06	6.53E-05	3.49E-07
1	1	-99	4.08E+06	47.26284722	1138	7.31339	13.3756	1.25E-12	1.64E-05	2.87E-09	7.61E-05	1.93E-05	5.10E-03	1.12E-09	3.01E-02	3.02E-02	2.16E-03	-3.06E-08	1.42E-05	-1.53E-08	0	0	0	-0.2054	-4.0881	-999.999	-3.05E+00	-2.52E-15	-2.18E-10	-2.94E-17	-2.54E-12	-2.25E-18	-1.94E-13	-1.80E-11	-1.56E-06	-4.24E-12	-3.66E-07	1.37E-11	-1.19E-06	6.53E-05	3.49E-07
1	1	-99	4.09E+06	47.30451389	1139	7.31339	13.3756	1.25E-12	1.64E-05	2.87E-09	7.61E-05	1.93E-05	5.10E-03	1.10E-09	3.01E-02	3.02E-02	2.16E-03	-3.06E-08	1.41E-05	-1.52E-08	0	0	0	-0.2054	-4.088	-999.999	-3.05E+00	-2.48E-15	-2.15E-10	-2.89E-17	-2.50E-12	-2.21E-18	-1.91E-13	-1.80E-11	-1.56E-06	-4.23E-12	-3.66E-07	1.37E-11	-1.19E-06	6.53E-05	3.48E-07
1	1	-99	4.09E+06	47.34618056	1140	7.31339	13.3756	1.25E-12	1.64E-05	2.87E-09	7.61E-05	1.93E-05	5.10E-03	1.09E-09	3.01E-02	3.02E-02	2.16E-03	-3.06E-08	1.41E-05	-1.52E-08	0	0	0	-0.2054	-4.0879	-999.999	-3.05E+00	-2.44E-15	-2.11E-10	-2.84E-17	-2.46E-12	-2.17E-18	-1.88E-13	-1.80E-11	-1.56E-06	-4.23E-12	-3.65E-07	1.37E-11	-1.19E-06	6.53E-05	3.48E-07
1	1	-99	4.09E+06	47.38784722	1141	7.31339	13.3756	1.25E-12	1.64E-05	2.87E-09	7.61E-05	1.93E-05	5.10E-03	1.07E-09	3.01E-02	3.02E-02	2.16E-03	-3.05E-08	1.41E-05	-1.52E-08	0	0	0	-0.2054	-4.0878	-999.999	-3.05E+00	-2.40E-15	-2.08E-10	-2.80E-17	-2.42E-12	-2.14E-18	-1.85E-13	-1.80E-11	-1.56E-06	-4.22E-12	-3.65E-07	1.37E-11	-1.19E-06	6.53E-05	3.48E-07
1	1	-99	4.10E+06	47.42951389	1142	7.31339	13.3756	1.25E-12	1.64E-05	2.87E-09	7.61E-05	1.93E-05	5.10E-03	1.05E-09	3.01E-02	3.02E-02	2.16E-03	-3.05E-08	1.41E-05	-1.52E-08	0	0	0	-0.2054	-4.0877	-999.999	-3.05E+00	-2.37E-15	-2.04E-10	-2.75E-17	-2.38E-12	-2.10E-18	-1.82E-13	-1.80E-11	-1.56E-06	-4.22E-12	-3.65E-07	1.37E-11	-1.19E-06	6.53E-05	3.47E-07
1	1	-99	4.10E+06	47.47118056	1143	7.31338	13.3756	1.25E-12	1.64E-05	2.87E-09	7.61E-05	1.93E-05	5.10E-03	1.04E-09	3.01E-02	3.02E-02	2.16E-03	-3.05E-08	1.41E-05	-1.52E-08	0	0	0	-0.2054	-4.0876	-999.999	-3.05E+00	-2.33E-15	-2.01E-10	-2.71E-17	-2.34E-12	-2.07E-18	-1.79E-13	-1.80E-11	-1.56E-06	-4.22E-12	-3.64E-07	1.37E-11	-1.19E-06	6.53E-05	3.47E-07
1	1	-99	4.11E+06	47.51284722	1144	7.31338	13.3756	1.25E-12	1.64E-05	2.87E-09	7.61E-05	1.93E-05	5.10E-03	1.02E-09	3.01E-02	3.02E-02	2.16E-03	-3.05E-08	1.41E-05	-1.52E-08	0	0	0	-0.2054	-4.0875	-999.999	-3.05E+00	-2.29E-15	-1.98E-10	-2.66E-17	-2.30E-12	-2.04E-18	-1.76E-13	-1.80E-11	-1.56E-06	-4.21E-12	-3.64E-07	1.37E-11	-1.19E-06	6.53E-05	3.47E-07
1	1	-99	4.11E+06	47.55451389	1145	7.31338	13.3756	1.25E-12	1.64E-05	2.87E-09	7.62E-05	1.93E-05	5.10E-03	1.00E-09	3.01E-02	3.02E-02	2.16E-03	-3.05E-08	1.41E-05	-1.52E-08	0	0	0	-0.2055	-4.0874	-999.999	-3.05E+00	-2.25E-15	-1.95E-10	-2.62E-17	-2.26E-12	-2.00E-18	-1.73E-13	-1.80E-11	-1.56E-06	-4.21E-12	-3.64E-07	1.37E-11	-1.19E-06	6.53E-05	3.46E-07
1	1	-99	4.11E+06	47.59618056	1146	7.31338	13.3756	1.25E-12	1.64E-05	2.87E-09	7.62E-05	1.93E-05	5.10E-03	9.86E-10	3.01E-02	3.02E-02	2.16E-03	-3.05E-08	1.40E-05	-1.52E-08	0	0	0	-0.2055	-4.0873	-999.999	-3.05E+00	-2.22E-15	-1.91E-10	-2.58E-17	-2.23E-12	-1.97E-18	-1.70E-13	-1.80E-11	-1.56E-06	-4.21E-12	-3.63E-07	1.37E-11	-1.19E-06	6.53E-05	3.46E-07
1	1	-99	4.12E+06	47.63784722	1147	7.31338	13.3756	1.25E-12	1.64E-05	2.87E-09	7.62E-05	1.93E-05	5.10E-03	9.70E-10	3.01E-02	3.02E-02	2.16E-03	-3.05E-08	1.40E-05	-1.51E-08	0	0	0	-0.2055	-4.0872	-999.999	-3.05E+00	-2.18E-15	-1.88E-10	-2.54E-17	-2.19E-12	-1.94E-18	-1.68E-13	-1.80E-11	-1.56E-06	-4.20E-12	-3.63E-07	1.37E-11	-1.19E-06	6.53E-05	3.45E-07
1	1	-99	4.12E+06	47.67951389	1148	7.31338	13.3756	1.25E-12	1.64E-05	2.87E-09	7.62E-05	1.93E-05	5.10E-03	9.54E-10	3.01E-02	3.02E-02	2.16E-03	-3.05E-08	1.40E-05	-1.51E-08	0	0	0	-0.2055	-4.0871	-999.999	-3.05E+00	-2.14E-15	-1.85E-10	-2.50E-17	-2.16E-12	-1.91E-18	-1.65E-13	-1.80E-11	-1.56E-06	-4.20E-12	-3.63E-07	1.37E-11	-1.19E-06	6.53E-05	3.45E-07
1	1	-99	4.12E+06	47.72118056	1149	7.31338	13.3756	1.25E-12	1.64E-05	2.87E-09	7.62E-05	1.93E-05	5.10E-03	9.39E-10	3.01E-02	3.02E-02	2.16E-03	-3.04E-08	1.40E-05	-1.51E-08	0	0	0	-0.2055	-4.087	-999.999	-3.05E+00	-2.11E-15	-1.82E-10	-2.46E-17	-2.12E-12	-1.88E-18	-1.62E-13	-1.80E-11	-1.56E-06	-4.20E-12	-3.63E-07	1.37E-11	-1.19E-06	6.53E-05	3.45E-07
1	1	-99	4.13E+06	47.76284722	1150	7.31338	13.3756	1.25E-12	1.64E-05	2.87E-09	7.62E-05	1.93E-05	5.10E-03	9.24E-10	3.01E-02	3.02E-02	2.16E-03	-3.04E-08	1.40E-05	-1.51E-08	0	0	0	-0.2055	-4.0869	-999.999	-3.05E+00	-2.08E-15	-1.79E-10	-2.42E-17	-2.09E-12	-1.85E-18	-1.60E-13	-1.80E-11	-1.56E-06	-4.19E-12	-3.62E-07	1.37E-11	-1.19E-06	6.52E-05	3.44E-07
1	1	-99	4.13E+06	47.80451389	1151	7.31338	13.3756	1.25E-12	1.64E-05	2.87E-09	7.63E-05	1.93E-05	5.10E-03	9.09E-10	3.01E-02	3.02E-02	2.16E-03	-3.04E-08	1.40E-05	-1.51E-08	0	0	0	-0.2055	-4.0868	-999.999	-3.05E+00	-2.04E-15	-1.76E-10	-2.38E-17	-2.05E-12	-1.82E-18	-1.57E-13	-1.80E-11	-1.56E-06	-4.19E-12	-3.62E-07	1.37E-11	-1.19E-06	6.52E-05	3.44E-07
1	1	-99	4.13E+06	47.84618056	1152	7.31337	13.3756	1.25E-12	1.64E-05	2.87E-09	7.63E-05	1.93E-05	5.10E-03	8.94E-10	3.01E-02	3.02E-02	2.16E-03	-3.04E-08	1.39E-05	-1.51E-08	0	0	0	-0.2056	-4.0867	-999.999	-3.05E+00	-2.01E-15	-1.74E-10	-2.34E-17	-2.02E-12	-1.79E-18	-1.54E-13	-1.80E-11	-1.56E-06	-4.19E-12	-3.62E-07	1.37E-11	-1.19E-06	6.52E-05	3.44E-07
1	1	-99	4.14E+06	47.88784722	1153	7.31337	13.3756	1.25E-12	1.64E-05	2.87E-09	7.63E-05	1.93E-05	5.10E-03	8.80E-10	3.01E-02	3.02E-02	2.16E-03	-3.04E-08	1.39E-05	-1.51E-08	0	0	0	-0.2056	-4.0866	-999.999	-3.05E+00	-1.98E-15	-1.71E-10	-2.30E-17	-1.99E-12	-1.76E-18	-1.52E-13	-1.80E-11	-1.56E-06	-4.18E-12	-3.61E-07	1.37E-11	-1.19E-06	6.52E-05	3.43E-07
1	1	-99	4.14E+06	47.92951389	1154	7.31337	13.3756	1.25E-12	1.64E-05	2.87E-09	7.63E-05	1.93E-05	5.10E-03	8.66E-10	3.01E-02	3.02E-02	2.16E-03	-3.04E-08	1.39E-05	-1.50E-08	0	0	0	-0.2056	-4.0865	-999.999	-3.05E+00	-1.94E-15	-1.68E-10	-2.26E-17	-1.96E-12	-1.73E-18	-1.50E-13	-1.80E-11	-1.56E-06	-4.18E-12	-3.61E-07	1.37E-11	-1.19E-06	6.52E-05	3.43E-07
1	1	-99	4.14E+06	47.97118056	1155	7.31337	13.3756	1.25E-12	1.64E-05	2.87E-09	7.63E-05	1.93E-05	5.10E-03	8.52E-10	3.01E-02	3.02E-02	2.16E-03	-3.04E-08	1.39E-05	-1.50E-08	0	0	0	-0.2056	-4.0864	-999.999	-3.05E+00	-1.91E-15	-1.65E-10	-2.23E-17	-1.92E-12	-1.70E-18	-1.47E-13	-1.80E-11	-1.56E-06	-4.17E-12	-3.61E-07	1.37E-11	-1.19E-06	6.52E-05	3.42E-07
1	1	-99	4.15E+06	48.01284722	1156	7.31337	13.3756	1.25E-12	1.64E-05	2.87E-09	7.63E-05	1.93E-05	5.10E-03	8.38E-10	3.01E-02	3.02E-02	2.16E-03	-3.04E-08	1.39E-05	-1.50E-08	0	0	0	-0.2056	-4.0863	-999.999	-3.05E+00	-1.88E-15	-1.63E-10	-2.19E-17	-1.89E-12	-1.68E-18	-1.45E-13	-1.80E-11	-1.56E-06	-4.17E-12	-3.60E-07	1.37E-11	-1.19E-06	6.52E-05	3.42E-07
1	1	-99	4.15E+06	48.05451389	1157	7.31337	13.3756	1.25E-12	1.64E-05	2.87E-09	7.63E-05	1.93E-05	5.10E-03	8.24E-10	3.01E-02	3.02E-02	2.16E-03	-3.03E-08	1.39E-05	-1.50E-08	0	0	0	-0.2056	-4.0862	-999.999	-3.05E+00	-1.85E-15	-1.60E-10	-2.16E-17	-1.86E-12	-1.65E-18	-1.42E-13	-1.80E-11	-1.56E-06	-4.17E-12	-3.60E-07	1.37E-11	-1.19E-06	6.52E-05	3.42E-07
1	1	-99	4.16E+06	48.09618056	1158	7.31337	13.3756	1.25E-12	1.64E-05	2.87E-09	7.64E-05	1.93E-05	5.10E-03	8.11E-10	3.01E-02	3.02E-02	2.16E-03	-3.03E-08	1.39E-05	-1.50E-08	0	0	0	-0.2056	-4.0861	-999.999	-3.05E+00	-1.82E-15	-1.57E-10	-2.12E-17	-1.83E-12	-1.62E-18	-1.40E-13	-1.80E-11	-1.56E-06	-4.16E-12	-3.60E-07	1.37E-11	-1.19E-06	6.52E-05	3.41E-07
1	1	-99	4.16E+06	48.13784722	1159	7.31337	13.3756	1.25E-12	1.64E-05	2.87E-09	7.64E-05	1.93E-05	5.10E-03	7.98E-10	3.01E-02	3.02E-02	2.16E-03	-3.03E-08	1.38E-05	-1.50E-08	0	0	0	-0.2057	-4.086	-999.999	-3.05E+00	-1.79E-15	-1.55E-10	-2.09E-17	-1.80E-12	-1.60E-18	-1.38E-13	-1.80E-11	-1.56E-06	-4.16E-12	-3.59E-07	1.37E-11	-1.19E-06	6.52E-05	3.41E-07
1	1	-99	4.16E+06	48.17951389	1160	7.31336	13.3756	1.25E-12	1.64E-05	2.87E-09	7.64E-05	1.93E-05	5.10E-03	7.85E-10	3.01E-02	3.02E-02	2.16E-03	-3.03E-08	1.38E-05	-1.50E-08	0	0	0	-0.2057	-4.0859	-999.999	-3.05E+00	-1.76E-15	-1.52E-10	-2.05E-17	-1.77E-12	-1.57E-18	-1.36E-13	-1.80E-11	-1.56E-06	-4.16E-12	-3.59E-07	1.37E-11	-1.19E-06	6.52E-05	3.41E-07
1	1	-99	4.17E+06	48.22118056	1161	7.31336	13.3757	1.25E-12	1.64E-05	2.87E-09	7.64E-05	1.93E-05	5.10E-03	7.72E-10	3.01E-02	3.02E-02	2.16E-03	-3.03E-08	1.38E-05	-1.50E-08	0	0	0	-0.2057	-4.0858	-999.999	-3.05E+00	-1.74E-15	-1.50E-10	-2.02E-17	-1.74E-12	-1.54E-18	-1.33E-13	-1.80E-11	-1.56E-06	-4.15E-12	-3.59E-07	1.37E-11	-1.19E-06	6.52E-05	3.40E-07
1	1	-99	4.17E+06	48.26284722	1162	7.31336	13.3757	1.25E-12	1.64E-05	2.87E-09	7.64E-05	1.93E-05	5.10E-03	7.60E-10	3.01E-02	3.02E-02	2.16E-03	-3.03E-08	1.38E-05	-1.49E-08	0	0	0	-0.2057	-4.0857	-999.999	-3.05E+00	-1.71E-15	-1.48E-10	-1.99E-17	-1.72E-12	-1.52E-18	-1.31E-13	-1.80E-11	-1.56E-06	-4.15E-12	-3.58E-07	1.37E-11	-1.19E-06	6.52E-05	3.40E-07
1	1	-99	4.17E+06	48.30451389	1163	7.31336	13.3757	1.25E-12	1.64E-05	2.87E-09	7.64E-05	1.93E-05	5.10E-03	7.48E-10	3.01E-02	3.02E-02	2.15E-03	-3.03E-08	1.38E-05	-1.49E-08	0	0	0	-0.2057	-4.0856	-999.999	-3.05E+00	-1.68E-15	-1.45E-10	-1.95E-17	-1.69E-12	-1.50E-18	-1.29E-13	-1.80E-11	-1.56E-06	-4.15E-12	-3.58E-07	1.37E-11	-1.19E-06	6.52E-05	3.40E-07
1	1	-99	4.18E+06	48.34618056	1164	7.31336	13.3757	1.25E-12	1.64E-05	2.87E-09	7.64E-05	1.93E-05	5.10E-03	7.36E-10	3.01E-02	3.02E-02	2.15E-03	-3.02E-08	1.38E-05	-1.49E-08	0	0	0	-0.2057	-4.0855	-999.999	-3.05E+00	-1.65E-15	-1.43E-10	-1.92E-17	-1.66E-12	-1.47E-18	-1.27E-13	-1.80E-11	-1.56E-06	-4.14E-12	-3.58E-07	1.37E-11	-1.19E-06	6.52E-05	3.39E-07
1	1	-99	4.18E+06	48.38784722	1165	7.31336	13.3757	1.25E-12	1.64E-05	2.87E-09	7.65E-05	1.93E-05	5.10E-03	7.24E-10	3.01E-02	3.02E-02	2.15E-03	-3.02E-08	1.38E-05	-1.49E-08	0	0	0	-0.2057	-4.0854	-999.999	-3.05E+00	-1.63E-15	-1.40E-10	-1.89E-17	-1.63E-12	-1.45E-18	-1.25E-13	-1.80E-11	-1.56E-06	-4.14E-12	-3.58E-07	1.37E-11	-1.19E-06	6.52E-05	3.39E-07
1	1	-99	4.18E+06	48.42951389	1166	7.31336	13.3757	1.25E-12	1.64E-05	2.87E-09	7.65E-05	1.93E-05	5.10E-03	7.12E-10	3.01E-02	3.02E-02	2.15E-03	-3.02E-08	1.37E-05	-1.49E-08	0	0	0	-0.2058	-4.0854	-999.999	-3.05E+00	-1.60E-15	-1.38E-10	-1.86E-17	-1.61E-12	-1.42E-18	-1.23E-13	-1.80E-11	-1.56E-06	-4.14E-12	-3.57E-07	1.37E-11	-1.19E-06	6.52E-05	3.38E-07
1	1	-99	4.19E+06	48.47118056	1167	7.31336	13.3757	1.25E-12	1.64E-05	2.87E-09	7.65E-05	1.93E-05	5.10E-03	7.01E-10	3.01E-02	3.02E-02	2.15E-03	-3.02E-08	1.37E-05	-1.49E-08	0	0	0	-0.2058	-4.0853	-999.999	-3.05E+00	-1.57E-15	-1.36E-10	-1.83E-17	-1.58E-12	-1.40E-18	-1.21E-13	-1.80E-11	-1.56E-06	-4.13E-12	-3.57E-07	1.37E-11	-1.19E-06	6.52E-05	3.38E-07
1	1	-99	4.19E+06	48.51284722	1168	7.31336	13.3757	1.25E-12	1.64E-05	2.87E-09	7.65E-05	1.93E-05	5.10E-03	6.89E-10	3.01E-02	3.02E-02	2.15E-03	-3.02E-08	1.37E-05	-1.49E-08	0	0	0	-0.2058	-4.0852	-999.999	-3.05E+00	-1.55E-15	-1.34E-10	-1.80E-17	-1.56E-12	-1.38E-18	-1.19E-13	-1.80E-11	-1.56E-06	-4.13E-12	-3.57E-07	1.37E-11	-1.19E-06	6.52E-05	3.38E-07
1	1	-99	4.20E+06	48.55451389	1169	7.31335	13.3757	1.25E-12	1.64E-05	2.87E-09	7.65E-05	1.93E-05	5.10E-03	6.78E-10	3.01E-02	3.02E-02	2.15E-03	-3.02E-08	1.37E-05	-1.49E-08	0	0	0	-0.2058	-4.0851	-999.999	-3.05E+00	-1.52E-15	-1.32E-10	-1.77E-17	-1.53E-12	-1.36E-18	-1.17E-13	-1.80E-11	-1.56E-06	-4.12E-12	-3.56E-07	1.37E-11	-1.19E-06	6.52E-05	3.37E-07
1	1	-99	4.20E+06	48.59618056	1170	7.31335	13.3757	1.25E-12	1.64E-05	2.87E-09	7.65E-05	1.93E-05	5.10E-03	6.67E-10	3.01E-02	3.02E-02	2.15E-03	-3.02E-08	1.37E-05	-1.48E-08	0	0	0	-0.2058	-4.085	-999.999	-3.05E+00	-1.50E-15	-1.29E-10	-1.74E-17	-1.51E-12	-1.33E-18	-1.15E-13	-1.80E-11	-1.56E-06	-4.12E-12	-3.56E-07	1.37E-11	-1.19E-06	6.52E-05	3.37E-07
1	1	-99	4.20E+06	48.63784722	1171	7.31335	13.3757	1.25E-12	1.64E-05	2.87E-09	7.65E-05	1.93E-05	5.10E-03	6.57E-10	3.01E-02	3.02E-02	2.15E-03	-3.02E-08	1.37E-05	-1.48E-08	0	0	0	-0.2058	-4.0849	-999.999	-3.05E+00	-1.47E-15	-1.27E-10	-1.72E-17	-1.48E-12	-1.31E-18	-1.13E-13	-1.80E-11	-1.56E-06	-4.12E-12	-3.56E-07	1.37E-11	-1.19E-06	6.52E-05	3.37E-07
1	1	-99	4.21E+06	48.67951389	1172	7.31335	13.3757	1.25E-12	1.64E-05	2.87E-09	7.66E-05	1.93E-05	5.10E-03	6.46E-10	3.01E-02	3.02E-02	2.15E-03	-3.01E-08	1.36E-05	-1.48E-08	0	0	0	-0.2058	-4.0848	-999.999	-3.05E+00	-1.45E-15	-1.25E-10	-1.69E-17	-1.46E-12	-1.29E-18	-1.12E-13	-1.80E-11	-1.56E-06	-4.11E-12	-3.55E-07	1.37E-11	-1.19E-06	6.52E-05	3.36E-07
1	1	-99	4.21E+06	48.72118056	1173	7.31335	13.3757	1.25E-12	1.64E-05	2.87E-09	7.66E-05	1.93E-05	5.10E-03	6.36E-10	3.01E-02	3.02E-02	2.15E-03	-3.01E-08	1.36E-05	-1.48E-08	0	0	0	-0.2059	-4.0847	-999.999	-3.05E+00	-1.43E-15	-1.23E-10	-1.66E-17	-1.43E-12	-1.27E-18	-1.10E-13	-1.80E-11	-1.56E-06	-4.11E-12	-3.55E-07	1.37E-11	-1.19E-06	6.52E-05	3.36E-07
1	1	-99	4.21E+06	48.76284722	1174	7.31335	13.3757	1.25E-12	1.64E-05	2.87E-09	7.66E-05	1.93E-05	5.10E-03	6.25E-10	3.01E-02	3.02E-02	2.15E-03	-3.01E-08	1.36E-05	-1.48E-08	0	0	0	-0.2059	-4.0846	-999.999	-3.05E+00	-1.40E-15	-1.21E-10	-1.63E-17	-1.41E-12	-1.25E-18	-1.08E-13	-1.80E-11	-1.56E-06	-4.11E-12	-3.55E-07	1.37E-11	-1.19E-06	6.52E-05	3.36E-07
1	1	-99	4.22E+06	48.80451389	1175	7.31335	13.3757	1.25E-12	1.64E-05	2.87E-09	7.66E-05	1.93E-05	5.10E-03	6.15E-10	3.01E-02	3.02E-02	2.15E-03	-3.01E-08	1.36E-05	-1.48E-08	0	0	0	-0.2059	-4.0845	-999.999	-3.05E+00	-1.38E-15	-1.19E-10	-1.61E-17	-1.39E-12	-1.23E-18	-1.06E-13	-1.80E-11	-1.56E-06	-4.10E-12	-3.55E-07	1.37E-11	-1.19E-06	6.52E-05	3.35E-07
1	1	-99	4.22E+06	48.84618056	1176	7.31335	13.3757	1.25E-12	1.64E-05	2.87E-09	7.66E-05	1.93E-05	5.10E-03	6.05E-10	3.01E-02	3.02E-02	2.15E-03	-3.01E-08	1.36E-05	-1.48E-08	0	0	0	-0.2059	-4.0844	-999.999	-3.05E+00	-1.36E-15	-1.17E-10	-1.58E-17	-1.37E-12	-1.21E-18	-1.05E-13	-1.80E-11	-1.56E-06	-4.10E-12	-3.54E-07	1.37E-11	-1.19E-06	6.52E-05	3.35E-07
1	1	-99	4.22E+06	48.88784722	1177	7.31334	13.3757	1.25E-12	1.64E-05	2.87E-09	7.66E-05	1.93E-05	5.10E-03	5.96E-10	3.01E-02	3.02E-02	2.15E-03	-3.01E-08	1.36E-05	-1.48E-08	0	0	0	-0.2059	-4.0843	-999.999	-3.05E+00	-1.34E-15	-1.16E-10	-1.56E-17	-1.34E-12	-1.19E-18	-1.03E-13	-1.80E-11	-1.56E-06	-4.10E-12	-3.54E-07	1.37E-11	-1.19E-06	6.52E-05	3.34E-07
1	1	-99	4.23E+06	48.92951389	1178	7.31334	13.3757	1.25E-12	1.64E-05	2.87E-09	7.67E-05	1.93E-05	5.10E-03	5.86E-10	3.01E-02	3.02E-02	2.15E-03	-3.01E-08	1.36E-05	-1.47E-08	0	0	0	-0.2059	-4.0842	-999.999	-3.05E+00	-1.32E-15	-1.14E-10	-1.53E-17	-1.32E-12	-1.17E-18	-1.01E-13	-1.80E-11	-1.56E-06	-4.09E-12	-3.54E-07	1.37E-11	-1.19E-06	6.52E-05	3.34E-07
1	1	-99	4.23E+06	48.97118056	1179	7.31334	13.3757	1.25E-12	1.64E-05	2.87E-09	7.67E-05	1.93E-05	5.10E-03	5.77E-10	3.01E-02	3.02E-02	2.15E-03	-3.01E-08	1.35E-05	-1.47E-08	0	0	0	-0.2059	-4.0841	-999.999	-3.05E+00	-1.29E-15	-1.12E-10	-1.51E-17	-1.30E-12	-1.15E-18	-9.96E-14	-1.80E-11	-1.56E-06	-4.09E-12	-3.53E-07	1.37E-11	-1.19E-06	6.52E-05	3.34E-07
1	1	-99	4.23E+06	49.01284722	1180	7.31334	13.3757	1.25E-12	1.64E-05	2.87E-09	7.67E-05	1.93E-05	5.10E-03	5.67E-10	3.01E-02	3.02E-02	2.15E-03	-3.00E-08	1.35E-05	-1.47E-08	0	0	0	-0.206	-4.084	-999.999	-3.05E+00	-1.27E-15	-1.10E-10	-1.48E-17	-1.28E-12	-1.13E-18	-9.80E-14	-1.80E-11	-1.56E-06	-4.09E-12	-3.53E-07	1.37E-11	-1.19E-06	6.52E-05	3.33E-07
1	1	-99	4.24E+06	49.05451389	1181	7.31334	13.3757	1.25E-12	1.64E-05	2.87E-09	7.67E-05	1.93E-05	5.10E-03	5.58E-10	3.01E-02	3.02E-02	2.15E-03	-3.00E-08	1.35E-05	-1.47E-08	0	0	0	-0.206	-4.0839	-999.999	-3.05E+00	-1.25E-15	-1.08E-10	-1.46E-17	-1.26E-12	-1.12E-18	-9.64E-14	-1.80E-11	-1.56E-06	-4.08E-12	-3.53E-07	1.37E-11	-1.19E-06	6.52E-05	3.33E-07
1	1	-99	4.24E+06	49.09618056	1182	7.31334	13.3757	1.25E-12	1.64E-05	2.87E-09	7.67E-05	1.93E-05	5.10E-03	5.49E-10	3.01E-02	3.02E-02	2.15E-03	-3.00E-08	1.35E-05	-1.47E-08	0	0	0	-0.206	-4.0838	-999.999	-3.05E+00	-1.23E-15	-1.06E-10	-1.43E-17	-1.24E-12	-1.10E-18	-9.48E-14	-1.80E-11	-1.56E-06	-4.08E-12	-3.52E-07	1.37E-11	-1.19E-06	6.52E-05	3.33E-07
1	1	-99	4.25E+06	49.13784722	1183	7.31334	13.3757	1.25E-12	1.64E-05	2.87E-09	7.67E-05	1.93E-05	5.10E-03	5.40E-10	3.01E-02	3.02E-02	2.15E-03	-3.00E-08	1.35E-05	-1.47E-08	0	0	0	-0.206	-4.0837	-999.999	-3.05E+00	-1.21E-15	-1.05E-10	-1.41E-17	-1.22E-12	-1.08E-18	-9.33E-14	-1.80E-11	-1.56E-06	-4.08E-12	-3.52E-07	1.37E-11	-1.19E-06	6.52E-05	3.32E-07
1	1	-99	4.25E+06	49.17951389	1184	7.31334	13.3757	1.25E-12	1.64E-05	2.87E-09	7.67E-05	1.93E-05	5.10E-03	5.32E-10	3.01E-02	3.02E-02	2.15E-03	-3.00E-08	1.35E-05	-1.47E-08	0	0	0	-0.206	-4.0836	-999.999	-3.05E+00	-1.19E-15	-1.03E-10	-1.39E-17	-1.20E-12	-1.06E-18	-9.18E-14	-1.80E-11	-1.56E-06	-4.07E-12	-3.52E-07	1.37E-11	-1.19E-06	6.52E-05	3.32E-07
1	1	-99	4.25E+06	49.22118056	1185	7.31333	13.3757	1.25E-12	1.64E-05	2.87E-09	7.68E-05	1.93E-05	5.10E-03	5.23E-10	3.01E-02	3.02E-02	2.15E-03	-3.00E-08	1.35E-05	-1.47E-08	0	0	0	-0.206	-4.0835	-999.999	-3.05E+00	-1.17E-15	-1.01E-10	-1.37E-17	-1.18E-12	-1.05E-18	-9.03E-14	-1.80E-11	-1.56E-06	-4.07E-12	-3.51E-07	1.37E-11	-1.19E-06	6.52E-05	3.32E-07
1	1	-99	4.26E+06	49.26284722	1186	7.31333	13.3757	1.25E-12	1.64E-05	2.87E-09	7.68E-05	1.93E-05	5.10E-03	5.15E-10	3.01E-02	3.02E-02	2.15E-03	-3.00E-08	1.34E-05	-1.46E-08	0	0	0	-0.206	-4.0834	-999.999	-3.05E+00	-1.15E-15	-9.98E-11	-1.34E-17	-1.16E-12	-1.03E-18	-8.89E-14	-1.80E-11	-1.56E-06	-4.06E-12	-3.51E-07	1.37E-11	-1.19E-06	6.52E-05	3.31E-07
1	1	-99	4.26E+06	49.30451389	1187	7.31333	13.3757	1.25E-12	1.64E-05	2.87E-09	7.68E-05	1.93E-05	5.10E-03	5.06E-10	3.01E-02	3.02E-02	2.15E-03	-3.00E-08	1.34E-05	-1.46E-08	0	0	0	-0.2061	-4.0833	-999.999	-3.05E+00	-1.14E-15	-9.82E-11	-1.32E-17	-1.14E-12	-1.01E-18	-8.75E-14	-1.80E-11	-1.56E-06	-4.06E-12	-3.51E-07	1.37E-11	-1.19E-06	6.52E-05	3.31E-07
1	1	-99	4.26E+06	49.34618056	1188	7.31333	13.3757	1.25E-12	1.64E-05	2.87E-09	7.68E-05	1.93E-05	5.10E-03	4.98E-10	3.01E-02	3.02E-02	2.15E-03	-2.99E-08	1.34E-05	-1.46E-08	0	0	0	-0.2061	-4.0832	-999.999	-3.05E+00	-1.12E-15	-9.66E-11	-1.30E-17	-1.12E-12	-9.96E-19	-8.60E-14	-1.80E-11	-1.56E-06	-4.06E-12	-3.51E-07	1.37E-11	-1.19E-06	6.52E-05	3.30E-07
1	1	-99	4.27E+06	49.38784722	1189	7.31333	13.3757	1.25E-12	1.64E-05	2.87E-09	7.68E-05	1.93E-05	5.10E-03	4.90E-10	3.01E-02	3.02E-02	2.15E-03	-2.99E-08	1.34E-05	-1.46E-08	0	0	0	-0.2061	-4.0831	-999.999	-3.05E+00	-1.10E-15	-9.50E-11	-1.28E-17	-1.11E-12	-9.80E-19	-8.47E-14	-1.80E-11	-1.56E-06	-4.05E-12	-3.50E-07	1.37E-11	-1.19E-06	6.52E-05	3.30E-07
1	1	-99	4.27E+06	49.42951389	1190	7.31333	13.3757	1.25E-12	1.64E-05	2.87E-09	7.68E-05	1.93E-05	5.10E-03	4.82E-10	3.01E-02	3.02E-02	2.15E-03	-2.99E-08	1.34E-05	-1.46E-08	0	0	0	-0.2061	-4.083	-999.999	-3.05E+00	-1.08E-15	-9.35E-11	-1.26E-17	-1.09E-12	-9.64E-19	-8.33E-14	-1.80E-11	-1.56E-06	-4.05E-12	-3.50E-07	1.37E-11	-1.19E-06	6.52E-05	3.30E-07
1	1	-99	4.27E+06	49.47118056	1191	7.31333	13.3757	1.25E-12	1.64E-05	2.87E-09	7.68E-05	1.93E-05	5.10E-03	4.74E-10	3.01E-02	3.02E-02	2.15E-03	-2.99E-08	1.34E-05	-1.46E-08	0	0	0	-0.2061	-4.0829	-999.999	-3.05E+00	-1.06E-15	-9.20E-11	-1.24E-17	-1.07E-12	-9.48E-19	-8.19E-14	-1.80E-11	-1.56E-06	-4.05E-12	-3.50E-07	1.37E-11	-1.19E-06	6.52E-05	3.29E-07
1	1	-99	4.28E+06	49.51284722	1192	7.31333	13.3757	1.25E-12	1.64E-05	2.87E-09	7.69E-05	1.93E-05	5.10E-03	4.67E-10	3.01E-02	3.02E-02	2.15E-03	-2.99E-08	1.34E-05	-1.46E-08	0	0	0	-0.2061	-4.0829	-999.999	-3.05E+00	-1.05E-15	-9.05E-11	-1.22E-17	-1.05E-12	-9.33E-19	-8.06E-14	-1.80E-11	-1.56E-06	-4.04E-12	-3.49E-07	1.37E-11	-1.19E-06	6.52E-05	3.29E-07
1	1	-99	4.28E+06	49.55451389	1193	7.31333	13.3757	1.25E-12	1.64E-05	2.87E-09	7.69E-05	1.93E-05	5.10E-03	4.59E-10	3.01E-02	3.02E-02	2.15E-03	-2.99E-08	1.33E-05	-1.46E-08	0	0	0	-0.2061	-4.0828	-999.999	-3.05E+00	-1.03E-15	-8.90E-11	-1.20E-17	-1.04E-12	-9.18E-19	-7.93E-14	-1.80E-11	-1.56E-06	-4.04E-12	-3.49E-07	1.37E-11	-1.19E-06	6.52E-05	3.29E-07
1	1	-99	4.29E+06	49.59618056	1194	7.31332	13.3757	1.25E-12	1.64E-05	2.87E-09	7.69E-05	1.93E-05	5.10E-03	4.52E-10	3.01E-02	3.02E-02	2.15E-03	-2.99E-08	1.33E-05	-1.45E-08	0	0	0	-0.2062	-4.0827	-999.999	-3.05E+00	-1.01E-15	-8.76E-11	-1.18E-17	-1.02E-12	-9.03E-19	-7.80E-14	-1.80E-11	-1.56E-06	-4.04E-12	-3.49E-07	1.37E-11	-1.19E-06	6.52E-05	3.28E-07
1	1	-99	4.29E+06	49.63784722	1195	7.31332	13.3757	1.25E-12	1.64E-05	2.87E-09	7.69E-05	1.93E-05	5.10E-03	4.45E-10	3.01E-02	3.02E-02	2.15E-03	-2.99E-08	1.33E-05	-1.45E-08	0	0	0	-0.2062	-4.0826	-999.999	-3.05E+00	-9.97E-16	-8.62E-11	-1.16E-17	-1.00E-12	-8.89E-19	-7.68E-14	-1.80E-11	-1.56E-06	-4.03E-12	-3.48E-07	1.37E-11	-1.19E-06	6.52E-05	3.28E-07
1	1	-99	4.29E+06	49.67951389	1196	7.31332	13.3757	1.25E-12	1.64E-05	2.87E-09	7.69E-05	1.93E-05	5.10E-03	4.37E-10	3.01E-02	3.02E-02	2.15E-03	-2.98E-08	1.33E-05	-1.45E-08	0	0	0	-0.2062	-4.0825	-999.999	-3.05E+00	-9.81E-16	-8.48E-11	-1.14E-17	-9.87E-13	-8.74E-19	-7.56E-14	-1.80E-11	-1.56E-06	-4.03E-12	-3.48E-07	1.37E-11	-1.19E-06	6.52E-05	3.28E-07
1	1	-99	4.30E+06	49.72118056	1197	7.31332	13.3757	1.25E-12	1.64E-05	2.87E-09	7.69E-05	1.93E-05	5.10E-03	4.30E-10	3.01E-02	3.02E-02	2.15E-03	-2.98E-08	1.33E-05	-1.45E-08	0	0	0	-0.2062	-4.0824	-999.999	-3.05E+00	-9.65E-16	-8.34E-11	-1.12E-17	-9.71E-13	-8.60E-19	-7.43E-14	-1.80E-11	-1.56E-06	-4.03E-12	-3.48E-07	1.37E-11	-1.19E-06	6.52E-05	3.27E-07
1	1	-99	4.30E+06	49.76284722	1198	7.31332	13.3757	1.25E-12	1.64E-05	2.87E-09	7.69E-05	1.93E-05	5.10E-03	4.23E-10	3.01E-02	3.02E-02	2.15E-03	-2.98E-08	1.33E-05	-1.45E-08	0	0	0	-0.2062	-4.0823	-999.999	-3.05E+00	-9.50E-16	-8.21E-11	-1.11E-17	-9.55E-13	-8.47E-19	-7.31E-14	-1.80E-11	-1.56E-06	-4.02E-12	-3.48E-07	1.37E-11	-1.19E-06	6.52E-05	3.27E-07
1	1	-99	4.30E+06	49.80451389	1199	7.31332	13.3757	1.25E-12	1.64E-05	2.87E-09	7.70E-05	1.93E-05	5.10E-03	4.17E-10	3.01E-02	3.02E-02	2.15E-03	-2.98E-08	1.33E-05	-1.45E-08	0	0	0	-0.2062	-4.0822	-999.999	-3.05E+00	-9.35E-16	-8.07E-11	-1.09E-17	-9.40E-13	-8.33E-19	-7.20E-14	-1.80E-11	-1.56E-06	-4.02E-12	-3.47E-07	1.37E-11	-1.19E-06	6.52E-05	3.27E-07
1	1	-99	4.31E+06	49.84618056	1200	7.31332	13.3757	1.25E-12	1.64E-05	2.87E-09	7.70E-05	1.93E-05	5.10E-03	4.10E-10	3.01E-02	3.02E-02	2.15E-03	-2.98E-08	1.32E-05	-1.45E-08	0	0	0	-0.2062	-4.0821	-999.999	-3.05E+00	-9.19E-16	-7.94E-11	-1.07E-17	-9.24E-13	-8.19E-19	-7.08E-14	-1.80E-11	-1.56E-06	-4.02E-12	-3.47E-07	1.37E-11	-1.19E-06	6.52E-05	3.26E-07
1	1	-99	4.31E+06	49.88784722	1201	7.31332	13.3757	1.25E-12	1.64E-05	2.87E-09	7.70E-05	1.93E-05	5.10E-03	4.03E-10	3.01E-02	3.02E-02	2.15E-03	-2.98E-08	1.32E-05	-1.45E-08	0	0	0	-0.2063	-4.082	-999.999	-3.05E+00	-9.05E-16	-7.82E-11	-1.05E-17	-9.09E-13	-8.06E-19	-6.97E-14	-1.80E-11	-1.56E-06	-4.01E-12	-3.47E-07	1.37E-11	-1.19E-06	6.52E-05	3.26E-07
1	1	-99	4.31E+06	49.92951389	1202	7.31331	13.3757	1.25E-12	1.64E-05	2.87E-09	7.70E-05	1.93E-05	5.10E-03	3.97E-10	3.01E-02	3.02E-02	2.15E-03	-2.98E-08	1.32E-05	-1.44E-08	0	0	0	-0.2063	-4.0819	-999.999	-3.05E+00	-8.90E-16	-7.69E-11	-1.04E-17	-8.95E-13	-7.93E-19	-6.85E-14	-1.80E-11	-1.56E-06	-4.01E-12	-3.46E-07	1.37E-11	-1.19E-06	6.52E-05	3.25E-07
1	1	-99	4.32E+06	49.97118056	1203	7.31331	13.3757	1.25E-12	1.64E-05	2.87E-09	7.70E-05	1.93E-05	5.10E-03	3.90E-10	3.01E-02	3.02E-02	2.15E-03	-2.98E-08	1.32E-05	-1.44E-08	0	0	0	-0.2063	-4.0818	-999.999	-3.05E+00	-8.76E-16	-7.57E-11	-1.02E-17	-8.80E-13	-7.81E-19	-6.74E-14	-1.80E-11	-1.56E-06	-4.01E-12	-3.46E-07	1.37E-11	-1.19E-06	6.52E-05	3.25E-07
1	1	-99	4.32E+06	50.01284722	1204	7.31331	13.3757	1.25E-12	1.64E-05	2.87E-09	7.70E-05	1.93E-05	5.10E-03	3.84E-10	3.01E-02	3.02E-02	2.15E-03	-2.97E-08	1.32E-05	-1.44E-08	0	0	0	-0.2063	-4.0817	-999.999	-3.05E+00	-8.62E-16	-7.44E-11	-1.00E-17	-8.66E-13	-7.68E-19	-6.63E-14	-1.80E-11	-1.56E-06	-4.00E-12	-3.46E-07	1.37E-11	-1.19E-06	6.52E-05	3.25E-07
1	1	-99	4.32E+06	50.05451389	1205	7.31331	13.3757	1.25E-12	1.64E-05	2.87E-09	7.70E-05	1.93E-05	5.10E-03	3.78E-10	3.01E-02	3.02E-02	2.15E-03	-2.97E-08	1.32E-05	-1.44E-08	0	0	0	-0.2063	-4.0816	-999.999	-3.05E+00	-8.48E-16	-7.32E-11	-9.86E-18	-8.52E-13	-7.56E-19	-6.53E-14	-1.80E-11	-1.56E-06	-4.00E-12	-3.45E-07	1.37E-11	-1.19E-06	6.52E-05	3.24E-07
1	1	-99	4.33E+06	50.09618056	1206	7.31331	13.3757	1.25E-12	1.64E-05	2.87E-09	7.71E-05	1.93E-05	5.10E-03	3.72E-10	3.01E-02	3.02E-02	2.15E-03	-2.97E-08	1.32E-05	-1.44E-08	0	0	0	-0.2063	-4.0815	-999.999	-3.05E+00	-8.34E-16	-7.20E-11	-9.70E-18	-8.38E-13	-7.43E-19	-6.42E-14	-1.80E-11	-1.56E-06	-4.00E-12	-3.45E-07	1.37E-11	-1.19E-06	6.52E-05	3.24E-07
1	1	-99	4.33E+06	50.13784722	1207	7.31331	13.3757	1.25E-12	1.64E-05	2.87E-09	7.71E-05	1.93E-05	5.10E-03	3.66E-10	3.01E-02	3.02E-02	2.15E-03	-2.97E-08	1.31E-05	-1.44E-08	0	0	0	-0.2063	-4.0814	-999.999	-3.05E+00	-8.20E-16	-7.09E-11	-9.55E-18	-8.25E-13	-7.31E-19	-6.32E-14	-1.80E-11	-1.56E-06	-3.99E-12	-3.45E-07	1.37E-11	-1.19E-06	6.52E-05	3.24E-07
1	1	-99	4.34E+06	50.17951389	1208	7.31331	13.3757	1.25E-12	1.64E-05	2.87E-09	7.71E-05	1.93E-05	5.10E-03	3.60E-10	3.01E-02	3.02E-02	2.15E-03	-2.97E-08	1.31E-05	-1.44E-08	0	0	0	-0.2064	-4.0814	-999.999	-3.05E+00	-8.07E-16	-6.97E-11	-9.39E-18	-8.11E-13	-7.20E-19	-6.22E-14	-1.80E-11	-1.56E-06	-3.99E-12	-3.45E-07	1.37E-11	-1.19E-06	6.52E-05	3.23E-07
1	1	-99	4.34E+06	50.22118056	1209	7.31331	13.3757	1.25E-12	1.64E-05	2.87E-09	7.71E-05	1.93E-05	5.10E-03	3.54E-10	3.01E-02	3.02E-02	2.15E-03	-2.97E-08	1.31E-05	-1.44E-08	0	0	0	-0.2064	-4.0813	-999.999	-3.05E+00	-7.94E-16	-6.86E-11	-9.24E-18	-7.98E-13	-7.08E-19	-6.12E-14	-1.80E-11	-1.56E-06	-3.99E-12	-3.44E-07	1.37E-11	-1.19E-06	6.52E-05	3.23E-07
1	1	-99	4.34E+06	50.26284722	1210	7.3133	13.3757	1.25E-12	1.64E-05	2.87E-09	7.71E-05	1.93E-05	5.10E-03	3.48E-10	3.01E-02	3.02E-02	2.15E-03	-2.97E-08	1.31E-05	-1.43E-08	0	0	0	-0.2064	-4.0812	-999.999	-3.05E+00	-7.81E-16	-6.75E-11	-9.09E-18	-7.85E-13	-6.97E-19	-6.02E-14	-1.80E-11	-1.56E-06	-3.98E-12	-3.44E-07	1.37E-11	-1.19E-06	6.52E-05	3.23E-07
1	1	-99	4.35E+06	50.30451389	1211	7.3133	13.3757	1.25E-12	1.64E-05	2.87E-09	7.71E-05	1.93E-05	5.10E-03	3.43E-10	3.01E-02	3.02E-02	2.15E-03	-2.97E-08	1.31E-05	-1.43E-08	0	0	0	-0.2064	-4.0811	-999.999	-3.05E+00	-7.69E-16	-6.64E-11	-8.94E-18	-7.73E-13	-6.85E-19	-5.92E-14	-1.80E-11	-1.56E-06	-3.98E-12	-3.44E-07	1.37E-11	-1.19E-06	6.52E-05	3.22E-07
1	1	-99	4.35E+06	50.34618056	1212	7.3133	13.3757	1.25E-12	1.64E-05	2.87E-09	7.71E-05	1.93E-05	5.10E-03	3.37E-10	3.01E-02	3.02E-02	2.15E-03	-2.96E-08	1.31E-05	-1.43E-08	0	0	0	-0.2064	-4.081	-999.999	-3.05E+00	-7.56E-16	-6.53E-11	-8.80E-18	-7.60E-13	-6.74E-19	-5.83E-14	-1.80E-11	-1.56E-06	-3.97E-12	-3.43E-07	1.37E-11	-1.19E-06	6.52E-05	3.22E-07
1	1	-99	4.35E+06	50.38784722	1213	7.3133	13.3757	1.25E-12	1.64E-05	2.87E-09	7.72E-05	1.93E-05	5.10E-03	3.32E-10	3.01E-02	3.02E-02	2.15E-03	-2.96E-08	1.31E-05	-1.43E-08	0	0	0	-0.2064	-4.0809	-999.999	-3.05E+00	-7.44E-16	-6.43E-11	-8.66E-18	-7.48E-13	-6.64E-19	-5.73E-14	-1.80E-11	-1.56E-06	-3.97E-12	-3.43E-07	1.37E-11	-1.19E-06	6.52E-05	3.22E-07
1	1	-99	4.36E+06	50.42951389	1214	7.3133	13.3757	1.25E-12	1.64E-05	2.87E-09	7.72E-05	1.93E-05	5.10E-03	3.27E-10	3.01E-02	3.02E-02	2.15E-03	-2.96E-08	1.30E-05	-1.43E-08	0	0	0	-0.2064	-4.0808	-999.999	-3.05E+00	-7.32E-16	-6.33E-11	-8.52E-18	-7.36E-13	-6.53E-19	-5.64E-14	-1.80E-11	-1.56E-06	-3.97E-12	-3.43E-07	1.37E-11	-1.19E-06	6.52E-05	3.21E-07
1	1	-99	4.36E+06	50.47118056	1215	7.3133	13.3757	1.25E-12	1.64E-05	2.87E-09	7.72E-05	1.93E-05	5.10E-03	3.21E-10	3.01E-02	3.02E-02	2.15E-03	-2.96E-08	1.30E-05	-1.43E-08	0	0	0	-0.2065	-4.0807	-999.999	-3.05E+00	-7.20E-16	-6.22E-11	-8.38E-18	-7.24E-13	-6.42E-19	-5.55E-14	-1.80E-11	-1.56E-06	-3.96E-12	-3.43E-07	1.37E-11	-1.19E-06	6.52E-05	3.21E-07
1	1	-99	4.36E+06	50.51284722	1216	7.3133	13.3757	1.25E-12	1.64E-05	2.87E-09	7.72E-05	1.93E-05	5.10E-03	3.16E-10	3.01E-02	3.02E-02	2.15E-03	-2.96E-08	1.30E-05	-1.43E-08	0	0	0	-0.2065	-4.0806	-999.999	-3.05E+00	-7.09E-16	-6.12E-11	-8.25E-18	-7.12E-13	-6.32E-19	-5.46E-14	-1.80E-11	-1.56E-06	-3.96E-12	-3.42E-07	1.37E-11	-1.19E-06	6.52E-05	3.20E-07
1	1	-99	4.37E+06	50.55451389	1217	7.3133	13.3757	1.25E-12	1.64E-05	2.87E-09	7.72E-05	1.93E-05	5.10E-03	3.11E-10	3.01E-02	3.02E-02	2.15E-03	-2.96E-08	1.30E-05	-1.43E-08	0	0	0	-0.2065	-4.0805	-999.999	-3.05E+00	-6.97E-16	-6.02E-11	-8.11E-18	-7.01E-13	-6.22E-19	-5.37E-14	-1.80E-11	-1.56E-06	-3.96E-12	-3.42E-07	1.37E-11	-1.19E-06	6.52E-05	3.20E-07
1	1	-99	4.37E+06	50.59618056	1218	7.31329	13.3757	1.25E-12	1.64E-05	2.87E-09	7.72E-05	1.93E-05	5.10E-03	3.06E-10	3.01E-02	3.02E-02	2.15E-03	-2.96E-08	1.30E-05	-1.42E-08	0	0	0	-0.2065	-4.0804	-999.999	-3.05E+00	-6.86E-16	-5.93E-11	-7.98E-18	-6.90E-13	-6.12E-19	-5.29E-14	-1.80E-11	-1.56E-06	-3.95E-12	-3.42E-07	1.37E-11	-1.19E-06	6.52E-05	3.20E-07
1	1	-99	4.38E+06	50.63784722	1219	7.31329	13.3757	1.25E-12	1.64E-05	2.87E-09	7.72E-05	1.93E-05	5.10E-03	3.01E-10	3.01E-02	3.02E-02	2.15E-03	-2.96E-08	1.30E-05	-1.42E-08	0	0	0	-0.2065	-4.0803	-999.999	-3.05E+00	-6.75E-16	-5.83E-11	-7.85E-18	-6.78E-13	-6.02E-19	-5.20E-14	-1.80E-11	-1.56E-06	-3.95E-12	-3.41E-07	1.37E-11	-1.19E-06	6.52E-05	3.19E-07
1	1	-99	4.38E+06	50.67951389	1220	7.31329	13.3757	1.25E-12	1.64E-05	2.87E-09	7.73E-05	1.93E-05	5.10E-03	2.96E-10	3.01E-02	3.02E-02	2.15E-03	-2.95E-08	1.30E-05	-1.42E-08	0	0	0	-0.2065	-4.0802	-999.999	-3.05E+00	-6.64E-16	-5.74E-11	-7.73E-18	-6.68E-13	-5.92E-19	-5.12E-14	-1.80E-11	-1.56E-06	-3.95E-12	-3.41E-07	1.37E-11	-1.19E-06	6.52E-05	3.19E-07
1	1	-99	4.38E+06	50.72118056	1221	7.31329	13.3757	1.25E-12	1.64E-05	2.87E-09	7.73E-05	1.93E-05	5.10E-03	2.91E-10	3.01E-02	3.02E-02	2.15E-03	-2.95E-08	1.29E-05	-1.42E-08	0	0	0	-0.2065	-4.0801	-999.999	-3.05E+00	-6.53E-16	-5.64E-11	-7.60E-18	-6.57E-13	-5.83E-19	-5.03E-14	-1.80E-11	-1.56E-06	-3.94E-12	-3.41E-07	1.37E-11	-1.19E-06	6.52E-05	3.19E-07
1	1	-99	4.39E+06	50.76284722	1222	7.31329	13.3757	1.25E-12	1.64E-05	2.87E-09	7.73E-05	1.93E-05	5.10E-03	2.87E-10	3.01E-02	3.02E-02	2.15E-03	-2.95E-08	1.29E-05	-1.42E-08	0	0	0	-0.2065	-4.0801	-999.999	-3.05E+00	-6.43E-16	-5.55E-11	-7.48E-18	-6.46E-13	-5.73E-19	-4.95E-14	-1.80E-11	-1.56E-06	-3.94E-12	-3.40E-07	1.37E-11	-1.19E-06	6.52E-05	3.18E-07
1	1	-99	4.39E+06	50.80451389	1223	7.31329	13.3757	1.25E-12	1.64E-05	2.87E-09	7.73E-05	1.93E-05	5.10E-03	2.82E-10	3.01E-02	3.02E-02	2.15E-03	-2.95E-08	1.29E-05	-1.42E-08	0	0	0	-0.2066	-4.08	-999.999	-3.05E+00	-6.32E-16	-5.46E-11	-7.36E-18	-6.36E-13	-5.64E-19	-4.87E-14	-1.80E-11	-1.56E-06	-3.94E-12	-3.40E-07	1.37E-11	-1.19E-06	6.52E-05	3.18E-07
1	1	-99	4.39E+06	50.84618056	1224	7.31329	13.3757	1.25E-12	1.64E-05	2.87E-09	7.73E-05	1.93E-05	5.10E-03	2.78E-10	3.01E-02	3.02E-02	2.15E-03	-2.95E-08	1.29E-05	-1.42E-08	0	0	0	-0.2066	-4.0799	-999.999	-3.05E+00	-6.22E-16	-5.38E-11	-7.24E-18	-6.25E-13	-5.55E-19	-4.80E-14	-1.80E-11	-1.56E-06	-3.93E-12	-3.40E-07	1.37E-11	-1.19E-06	6.52E-05	3.18E-07
1	1	-99	4.40E+06	50.88784722	1225	7.31329	13.3757	1.25E-12	1.64E-05	2.87E-09	7.73E-05	1.93E-05	5.10E-03	2.73E-10	3.01E-02	3.02E-02	2.15E-03	-2.95E-08	1.29E-05	-1.42E-08	0	0	0	-0.2066	-4.0798	-999.999	-3.05E+00	-6.12E-16	-5.29E-11	-7.12E-18	-6.15E-13	-5.46E-19	-4.72E-14	-1.80E-11	-1.56E-06	-3.93E-12	-3.40E-07	1.37E-11	-1.19E-06	6.52E-05	3.17E-07
1	1	-99	4.40E+06	50.92951389	1226	7.31329	13.3757	1.25E-12	1.64E-05	2.87E-09	7.73E-05	1.93E-05	5.10E-03	2.69E-10	3.01E-02	3.02E-02	2.15E-03	-2.95E-08	1.29E-05	-1.41E-08	0	0	0	-0.2066	-4.0797	-999.999	-3.05E+00	-6.02E-16	-5.20E-11	-7.01E-18	-6.05E-13	-5.37E-19	-4.64E-14	-1.80E-11	-1.56E-06	-3.93E-12	-3.39E-07	1.37E-11	-1.19E-06	6.52E-05	3.17E-07
1	1	-99	4.40E+06	50.97118056	1227	7.31328	13.3757	1.25E-12	1.64E-05	2.87E-09	7.74E-05	1.93E-05	5.10E-03	2.64E-10	3.01E-02	3.02E-02	2.15E-03	-2.95E-08	1.29E-05	-1.41E-08	0	0	0	-0.2066	-4.0796	-999.999	-3.05E+00	-5.93E-16	-5.12E-11	-6.89E-18	-5.96E-13	-5.29E-19	-4.57E-14	-1.80E-11	-1.56E-06	-3.92E-12	-3.39E-07	1.37E-11	-1.19E-06	6.52E-05	3.17E-07
1	1	-99	4.41E+06	51.01284722	1228	7.31328	13.3757	1.25E-12	1.64E-05	2.87E-09	7.74E-05	1.93E-05	5.10E-03	2.60E-10	3.01E-02	3.02E-02	2.15E-03	-2.95E-08	1.28E-05	-1.41E-08	0	0	0	-0.2066	-4.0795	-999.999	-3.05E+00	-5.83E-16	-5.04E-11	-6.78E-18	-5.86E-13	-5.20E-19	-4.49E-14	-1.80E-11	-1.56E-06	-3.92E-12	-3.39E-07	1.37E-11	-1.19E-06	6.52E-05	3.16E-07
1	1	-99	4.41E+06	51.05451389	1229	7.31328	13.3757	1.25E-12	1.64E-05	2.87E-09	7.74E-05	1.93E-05	5.10E-03	2.56E-10	3.01E-02	3.02E-02	2.15E-03	-2.94E-08	1.28E-05	-1.41E-08	0	0	0	-0.2066	-4.0794	-999.999	-3.05E+00	-5.74E-16	-4.96E-11	-6.67E-18	-5.77E-13	-5.12E-19	-4.42E-14	-1.80E-11	-1.56E-06	-3.92E-12	-3.38E-07	1.37E-11	-1.19E-06	6.52E-05	3.16E-07
1	1	-99	4.41E+06	51.09618056	1230	7.31328	13.3757	1.25E-12	1.64E-05	2.87E-09	7.74E-05	1.93E-05	5.10E-03	2.52E-10	3.01E-02	3.02E-02	2.15E-03	-2.94E-08	1.28E-05	-1.41E-08	0	0	0	-0.2067	-4.0793	-999.999	-3.05E+00	-5.64E-16	-4.88E-11	-6.57E-18	-5.67E-13	-5.04E-19	-4.35E-14	-1.80E-11	-1.56E-06	-3.91E-12	-3.38E-07	1.37E-11	-1.19E-06	6.52E-05	3.16E-07
1	1	-99	4.42E+06	51.13784722	1231	7.31328	13.3757	1.25E-12	1.64E-05	2.87E-09	7.74E-05	1.93E-05	5.10E-03	2.48E-10	3.01E-02	3.02E-02	2.15E-03	-2.94E-08	1.28E-05	-1.41E-08	0	0	0	-0.2067	-4.0792	-999.999	-3.05E+00	-5.55E-16	-4.80E-11	-6.46E-18	-5.58E-13	-4.95E-19	-4.28E-14	-1.80E-11	-1.56E-06	-3.91E-12	-3.38E-07	1.37E-11	-1.19E-06	6.52E-05	3.15E-07
1	1	-99	4.42E+06	51.17951389	1232	7.31328	13.3757	1.25E-12	1.64E-05	2.87E-09	7.74E-05	1.93E-05	5.10E-03	2.44E-10	3.01E-02	3.02E-02	2.15E-03	-2.94E-08	1.28E-05	-1.41E-08	0	0	0	-0.2067	-4.0791	-999.999	-3.05E+00	-5.46E-16	-4.72E-11	-6.36E-18	-5.49E-13	-4.87E-19	-4.21E-14	-1.80E-11	-1.56E-06	-3.91E-12	-3.38E-07	1.37E-11	-1.19E-06	6.52E-05	3.15E-07
1	1	-99	4.43E+06	51.22118056	1233	7.31328	13.3757	1.25E-12	1.64E-05	2.87E-09	7.74E-05	1.93E-05	5.10E-03	2.40E-10	3.01E-02	3.02E-02	2.15E-03	-2.94E-08	1.28E-05	-1.41E-08	0	0	0	-0.2067	-4.079	-999.999	-3.05E+00	-5.38E-16	-4.64E-11	-6.25E-18	-5.40E-13	-4.80E-19	-4.14E-14	-1.80E-11	-1.56E-06	-3.90E-12	-3.37E-07	1.37E-11	-1.19E-06	6.52E-05	3.15E-07
1	1	-99	4.43E+06	51.26284722	1234	7.31328	13.3757	1.25E-12	1.64E-05	2.87E-09	7.75E-05	1.93E-05	5.10E-03	2.36E-10	3.01E-02	3.02E-02	2.15E-03	-2.94E-08	1.28E-05	-1.40E-08	0	0	0	-0.2067	-4.079	-999.999	-3.05E+00	-5.29E-16	-4.57E-11	-6.15E-18	-5.32E-13	-4.72E-19	-4.08E-14	-1.80E-11	-1.56E-06	-3.90E-12	-3.37E-07	1.37E-11	-1.19E-06	6.52E-05	3.14E-07
1	1	-99	4.43E+06	51.30451389	1235	7.31327	13.3757	1.25E-12	1.64E-05	2.87E-09	7.75E-05	1.93E-05	5.10E-03	2.32E-10	3.01E-02	3.02E-02	2.15E-03	-2.94E-08	1.27E-05	-1.40E-08	0	0	0	-0.2067	-4.0789	-999.999	-3.05E+00	-5.20E-16	-4.50E-11	-6.05E-18	-5.23E-13	-4.64E-19	-4.01E-14	-1.80E-11	-1.56E-06	-3.90E-12	-3.37E-07	1.37E-11	-1.19E-06	6.52E-05	3.14E-07
1	1	-99	4.44E+06	51.34618056	1236	7.31327	13.3757	1.25E-12	1.64E-05	2.87E-09	7.75E-05	1.93E-05	5.10E-03	2.28E-10	3.01E-02	3.02E-02	2.15E-03	-2.94E-08	1.27E-05	-1.40E-08	0	0	0	-0.2067	-4.0788	-999.999	-3.05E+00	-5.12E-16	-4.42E-11	-5.96E-18	-5.15E-13	-4.57E-19	-3.95E-14	-1.80E-11	-1.56E-06	-3.89E-12	-3.36E-07	1.37E-11	-1.19E-06	6.52E-05	3.14E-07
1	1	-99	4.44E+06	51.38784722	1237	7.31327	13.3757	1.25E-12	1.64E-05	2.87E-09	7.75E-05	1.93E-05	5.10E-03	2.25E-10	3.01E-02	3.02E-02	2.15E-03	-2.93E-08	1.27E-05	-1.40E-08	0	0	0	-0.2068	-4.0787	-999.999	-3.05E+00	-5.04E-16	-4.35E-11	-5.86E-18	-5.06E-13	-4.49E-19	-3.88E-14	-1.80E-11	-1.56E-06	-3.89E-12	-3.36E-07	1.37E-11	-1.19E-06	6.52E-05	3.13E-07
1	1	-99	4.44E+06	51.42951389	1238	7.31327	13.3757	1.25E-12	1.64E-05	2.87E-09	7.75E-05	1.93E-05	5.10E-03	2.21E-10	3.01E-02	3.02E-02	2.15E-03	-2.93E-08	1.27E-05	-1.40E-08	0	0	0	-0.2068	-4.0786	-999.999	-3.05E+00	-4.96E-16	-4.28E-11	-5.77E-18	-4.98E-13	-4.42E-19	-3.82E-14	-1.80E-11	-1.56E-06	-3.89E-12	-3.36E-07	1.37E-11	-1.19E-06	6.52E-05	3.13E-07
1	1	-99	4.45E+06	51.47118056	1239	7.31327	13.3757	1.25E-12	1.64E-05	2.87E-09	7.75E-05	1.93E-05	5.10E-03	2.18E-10	3.01E-02	3.02E-02	2.15E-03	-2.93E-08	1.27E-05	-1.40E-08	0	0	0	-0.2068	-4.0785	-999.999	-3.05E+00	-4.88E-16	-4.21E-11	-5.67E-18	-4.90E-13	-4.35E-19	-3.76E-14	-1.80E-11	-1.56E-06	-3.88E-12	-3.36E-07	1.37E-11	-1.19E-06	6.52E-05	3.12E-07
1	1	-99	4.45E+06	51.51284722	1240	7.31327	13.3757	1.25E-12	1.64E-05	2.87E-09	7.75E-05	1.93E-05	5.10E-03	2.14E-10	3.01E-02	3.02E-02	2.15E-03	-2.93E-08	1.27E-05	-1.40E-08	0	0	0	-0.2068	-4.0784	-999.999	-3.05E+00	-4.80E-16	-4.14E-11	-5.58E-18	-4.82E-13	-4.28E-19	-3.70E-14	-1.80E-11	-1.56E-06	-3.88E-12	-3.35E-07	1.37E-11	-1.19E-06	6.52E-05	3.12E-07
1	1	-99	4.45E+06	51.55451389	1241	7.31327	13.3757	1.25E-12	1.64E-05	2.87E-09	7.76E-05	1.93E-05	5.10E-03	2.11E-10	3.01E-02	3.02E-02	2.15E-03	-2.93E-08	1.27E-05	-1.40E-08	0	0	0	-0.2068	-4.0783	-999.999	-3.05E+00	-4.72E-16	-4.08E-11	-5.49E-18	-4.74E-13	-4.21E-19	-3.64E-14	-1.80E-11	-1.56E-06	-3.88E-12	-3.35E-07	1.37E-11	-1.19E-06	6.52E-05	3.12E-07
1	1	-99	4.46E+06	51.59618056	1242	7.31327	13.3757	1.25E-12	1.64E-05	2.87E-09	7.76E-05	1.93E-05	5.10E-03	2.07E-10	3.01E-02	3.02E-02	2.15E-03	-2.93E-08	1.26E-05	-1.40E-08	0	0	0	-0.2068	-4.0782	-999.999	-3.05E+00	-4.64E-16	-4.01E-11	-5.40E-18	-4.67E-13	-4.14E-19	-3.58E-14	-1.80E-11	-1.56E-06	-3.87E-12	-3.35E-07	1.37E-11	-1.19E-06	6.52E-05	3.11E-07
1	1	-99	4.46E+06	51.63784722	1243	7.31326	13.3757	1.25E-12	1.64E-05	2.87E-09	7.76E-05	1.93E-05	5.10E-03	2.04E-10	3.01E-02	3.02E-02	2.15E-03	-2.93E-08	1.26E-05	-1.39E-08	0	0	0	-0.2068	-4.0781	-999.999	-3.05E+00	-4.57E-16	-3.95E-11	-5.32E-18	-4.59E-13	-4.08E-19	-3.52E-14	-1.80E-11	-1.56E-06	-3.87E-12	-3.34E-07	1.37E-11	-1.19E-06	6.52E-05	3.11E-07
1	1	-99	4.47E+06	51.67951389	1244	7.31326	13.3758	1.25E-12	1.64E-05	2.87E-09	7.76E-05	1.93E-05	5.10E-03	2.01E-10	3.01E-02	3.02E-02	2.15E-03	-2.93E-08	1.26E-05	-1.39E-08	0	0	0	-0.2068	-4.0781	-999.999	-3.05E+00	-4.50E-16	-3.88E-11	-5.23E-18	-4.52E-13	-4.01E-19	-3.47E-14	-1.80E-11	-1.56E-06	-3.87E-12	-3.34E-07	1.37E-11	-1.19E-06	6.52E-05	3.11E-07
1	1	-99	4.47E+06	51.72118056	1245	7.31326	13.3758	1.25E-12	1.64E-05	2.87E-09	7.76E-05	1.93E-05	5.10E-03	1.97E-10	3.01E-02	3.02E-02	2.15E-03	-2.92E-08	1.26E-05	-1.39E-08	0	0	0	-0.2069	-4.078	-999.999	-3.05E+00	-4.42E-16	-3.82E-11	-5.15E-18	-4.45E-13	-3.95E-19	-3.41E-14	-1.80E-11	-1.56E-06	-3.86E-12	-3.34E-07	1.37E-11	-1.19E-06	6.52E-05	3.10E-07
1	1	-99	4.47E+06	51.76284722	1246	7.31326	13.3758	1.25E-12	1.64E-05	2.87E-09	7.76E-05	1.93E-05	5.10E-03	1.94E-10	3.01E-02	3.02E-02	2.15E-03	-2.92E-08	1.26E-05	-1.39E-08	0	0	0	-0.2069	-4.0779	-999.999	-3.05E+00	-4.35E-16	-3.76E-11	-5.06E-18	-4.37E-13	-3.88E-19	-3.36E-14	-1.80E-11	-1.56E-06	-3.86E-12	-3.34E-07	1.37E-11	-1.19E-06	6.52E-05	3.10E-07
1	1	-99	4.48E+06	51.80451389	1247	7.31326	13.3758	1.25E-12	1.64E-05	2.87E-09	7.76E-05	1.93E-05	5.10E-03	1.91E-10	3.01E-02	3.02E-02	2.15E-03	-2.92E-08	1.26E-05	-1.39E-08	0	0	0	-0.2069	-4.0778	-999.999	-3.05E+00	-4.28E-16	-3.70E-11	-4.98E-18	-4.30E-13	-3.82E-19	-3.30E-14	-1.80E-11	-1.56E-06	-3.86E-12	-3.33E-07	1.37E-11	-1.19E-06	6.52E-05	3.10E-07
1	1	-99	4.48E+06	51.84618056	1248	7.31326	13.3758	1.25E-12	1.64E-05	2.87E-09	7.77E-05	1.93E-05	5.10E-03	1.88E-10	3.01E-02	3.02E-02	2.15E-03	-2.92E-08	1.26E-05	-1.39E-08	0	0	0	-0.2069	-4.0777	-999.999	-3.05E+00	-4.21E-16	-3.64E-11	-4.90E-18	-4.23E-13	-3.76E-19	-3.25E-14	-1.80E-11	-1.56E-06	-3.85E-12	-3.33E-07	1.37E-11	-1.19E-06	6.52E-05	3.09E-07
1	1	-99	4.48E+06	51.88784722	1249	7.31326	13.3758	1.25E-12	1.64E-05	2.87E-09	7.77E-05	1.93E-05	5.10E-03	1.85E-10	3.01E-02	3.02E-02	2.15E-03	-2.92E-08	1.25E-05	-1.39E-08	0	0	0	-0.2069	-4.0776	-999.999	-3.05E+00	-4.14E-16	-3.58E-11	-4.82E-18	-4.17E-13	-3.70E-19	-3.20E-14	-1.80E-11	-1.56E-06	-3.85E-12	-3.33E-07	1.37E-11	-1.19E-06	6.52E-05	3.09E-07
1	1	-99	4.49E+06	51.92951389	1250	7.31326	13.3758	1.25E-12	1.64E-05	2.87E-09	7.77E-05	1.93E-05	5.10E-03	1.82E-10	3.01E-02	3.02E-02	2.15E-03	-2.92E-08	1.25E-05	-1.39E-08	0	0	0	-0.2069	-4.0775	-999.999	-3.05E+00	-4.08E-16	-3.52E-11	-4.74E-18	-4.10E-13	-3.64E-19	-3.15E-14	-1.80E-11	-1.56E-06	-3.85E-12	-3.32E-07	1.37E-11	-1.19E-06	6.52E-05	3.09E-07
1	1	-99	4.49E+06	51.97118056	1251	7.31325	13.3758	1.25E-12	1.64E-05	2.87E-09	7.77E-05	1.93E-05	5.10E-03	1.79E-10	3.01E-02	3.02E-02	2.15E-03	-2.92E-08	1.25E-05	-1.38E-08	0	0	0	-0.2069	-4.0774	-999.999	-3.05E+00	-4.01E-16	-3.47E-11	-4.67E-18	-4.03E-13	-3.58E-19	-3.09E-14	-1.80E-11	-1.56E-06	-3.84E-12	-3.32E-07	1.37E-11	-1.19E-06	6.52E-05	3.08E-07
1	1	-99	4.49E+06	52.01284722	1252	7.31325	13.3758	1.25E-12	1.64E-05	2.87E-09	7.77E-05	1.93E-05	5.10E-03	1.76E-10	3.01E-02	3.02E-02	2.15E-03	-2.92E-08	1.25E-05	-1.38E-08	0	0	0	-0.207	-4.0773	-999.999	-3.05E+00	-3.95E-16	-3.41E-11	-4.59E-18	-3.97E-13	-3.52E-19	-3.04E-14	-1.80E-11	-1.56E-06	-3.84E-12	-3.32E-07	1.37E-11	-1.19E-06	6.52E-05	3.08E-07
1	1	-99	4.50E+06	52.05451389	1253	7.31325	13.3758	1.25E-12	1.64E-05	2.87E-09	7.77E-05	1.93E-05	5.10E-03	1.73E-10	3.01E-02	3.02E-02	2.15E-03	-2.92E-08	1.25E-05	-1.38E-08	0	0	0	-0.207	-4.0772	-999.999	-3.05E+00	-3.88E-16	-3.36E-11	-4.52E-18	-3.90E-13	-3.47E-19	-3.00E-14	-1.80E-11	-1.56E-06	-3.84E-12	-3.32E-07	1.37E-11	-1.19E-06	6.52E-05	3.08E-07
1	1	-99	4.50E+06	52.09618056	1254	7.31325	13.3758	1.25E-12	1.64E-05	2.87E-09	7.77E-05	1.93E-05	5.10E-03	1.71E-10	3.01E-02	3.02E-02	2.15E-03	-2.91E-08	1.25E-05	-1.38E-08	0	0	0	-0.207	-4.0772	-999.999	-3.05E+00	-3.82E-16	-3.30E-11	-4.45E-18	-3.84E-13	-3.41E-19	-2.95E-14	-1.80E-11	-1.56E-06	-3.83E-12	-3.31E-07	1.37E-11	-1.19E-06	6.52E-05	3.07E-07
1	1	-99	4.50E+06	52.13784722	1255	7.31325	13.3758	1.25E-12	1.64E-05	2.87E-09	7.78E-05	1.93E-05	5.10E-03	1.68E-10	3.01E-02	3.02E-02	2.15E-03	-2.91E-08	1.25E-05	-1.38E-08	0	0	0	-0.207	-4.0771	-999.999	-3.05E+00	-3.76E-16	-3.25E-11	-4.37E-18	-3.78E-13	-3.36E-19	-2.90E-14	-1.80E-11	-1.56E-06	-3.83E-12	-3.31E-07	1.37E-11	-1.19E-06	6.52E-05	3.07E-07
1	1	-99	4.51E+06	52.17951389	1256	7.31325	13.3758	1.25E-12	1.64E-05	2.87E-09	7.78E-05	1.93E-05	5.10E-03	1.65E-10	3.01E-02	3.02E-02	2.15E-03	-2.91E-08	1.24E-05	-1.38E-08	0	0	0	-0.207	-4.077	-999.999	-3.05E+00	-3.70E-16	-3.20E-11	-4.30E-18	-3.72E-13	-3.30E-19	-2.85E-14	-1.80E-11	-1.56E-06	-3.83E-12	-3.31E-07	1.37E-11	-1.19E-06	6.52E-05	3.07E-07
1	1	-99	4.51E+06	52.22118056	1257	7.31325	13.3758	1.25E-12	1.64E-05	2.87E-09	7.78E-05	1.93E-05	5.10E-03	1.63E-10	3.01E-02	3.02E-02	2.15E-03	-2.91E-08	1.24E-05	-1.38E-08	0	0	0	-0.207	-4.0769	-999.999	-3.05E+00	-3.64E-16	-3.14E-11	-4.23E-18	-3.66E-13	-3.25E-19	-2.81E-14	-1.80E-11	-1.56E-06	-3.82E-12	-3.30E-07	1.37E-11	-1.19E-06	6.52E-05	3.06E-07
1	1	-99	4.52E+06	52.26284722	1258	7.31325	13.3758	1.25E-12	1.64E-05	2.87E-09	7.78E-05	1.93E-05	5.10E-03	1.60E-10	3.01E-02	3.02E-02	2.15E-03	-2.91E-08	1.24E-05	-1.38E-08	0	0	0	-0.207	-4.0768	-999.999	-3.05E+00	-3.58E-16	-3.09E-11	-4.17E-18	-3.60E-13	-3.20E-19	-2.76E-14	-1.80E-11	-1.56E-06	-3.82E-12	-3.30E-07	1.37E-11	-1.19E-06	6.52E-05	3.06E-07
1	1	-99	4.52E+06	52.30451389	1259	7.31324	13.3758	1.25E-12	1.64E-05	2.87E-09	7.78E-05	1.93E-05	5.10E-03	1.57E-10	3.01E-02	3.02E-02	2.15E-03	-2.91E-08	1.24E-05	-1.37E-08	0	0	0	-0.207	-4.0767	-999.999	-3.05E+00	-3.52E-16	-3.04E-11	-4.10E-18	-3.54E-13	-3.15E-19	-2.72E-14	-1.80E-11	-1.56E-06	-3.82E-12	-3.30E-07	1.37E-11	-1.19E-06	6.52E-05	3.06E-07
1	1	-99	4.52E+06	52.34618056	1260	7.31324	13.3758	1.25E-12	1.64E-05	2.87E-09	7.78E-05	1.93E-05	5.10E-03	1.55E-10	3.01E-02	3.02E-02	2.15E-03	-2.91E-08	1.24E-05	-1.37E-08	0	0	0	-0.2071	-4.0766	-999.999	-3.05E+00	-3.47E-16	-2.99E-11	-4.03E-18	-3.48E-13	-3.10E-19	-2.67E-14	-1.80E-11	-1.56E-06	-3.81E-12	-3.30E-07	1.37E-11	-1.19E-06	6.52E-05	3.05E-07
1	1	-99	4.53E+06	52.38784722	1261	7.31324	13.3758	1.25E-12	1.64E-05	2.87E-09	7.78E-05	1.93E-05	5.10E-03	1.52E-10	3.01E-02	3.02E-02	2.15E-03	-2.91E-08	1.24E-05	-1.37E-08	0	0	0	-0.2071	-4.0765	-999.999	-3.05E+00	-3.41E-16	-2.95E-11	-3.97E-18	-3.43E-13	-3.05E-19	-2.63E-14	-1.80E-11	-1.56E-06	-3.81E-12	-3.29E-07	1.37E-11	-1.19E-06	6.51E-05	3.05E-07
1	1	-99	4.53E+06	52.42951389	1262	7.31324	13.3758	1.25E-12	1.64E-05	2.87E-09	7.78E-05	1.93E-05	5.10E-03	1.50E-10	3.01E-02	3.02E-02	2.15E-03	-2.90E-08	1.24E-05	-1.37E-08	0	0	0	-0.2071	-4.0764	-999.999	-3.05E+00	-3.36E-16	-2.90E-11	-3.90E-18	-3.37E-13	-3.00E-19	-2.59E-14	-1.80E-11	-1.56E-06	-3.81E-12	-3.29E-07	1.37E-11	-1.19E-06	6.51E-05	3.05E-07
1	1	-99	4.53E+06	52.47118056	1263	7.31324	13.3758	1.25E-12	1.64E-05	2.87E-09	7.79E-05	1.93E-05	5.10E-03	1.47E-10	3.01E-02	3.02E-02	2.15E-03	-2.90E-08	1.24E-05	-1.37E-08	0	0	0	-0.2071	-4.0764	-999.999	-3.05E+00	-3.30E-16	-2.85E-11	-3.84E-18	-3.32E-13	-2.95E-19	-2.55E-14	-1.80E-11	-1.56E-06	-3.80E-12	-3.29E-07	1.37E-11	-1.19E-06	6.51E-05	3.04E-07
1	1	-99	4.54E+06	52.51284722	1264	7.31324	13.3758	1.25E-12	1.64E-05	2.87E-09	7.79E-05	1.93E-05	5.10E-03	1.45E-10	3.01E-02	3.02E-02	2.15E-03	-2.90E-08	1.23E-05	-1.37E-08	0	0	0	-0.2071	-4.0763	-999.999	-3.05E+00	-3.25E-16	-2.81E-11	-3.78E-18	-3.26E-13	-2.90E-19	-2.51E-14	-1.80E-11	-1.56E-06	-3.80E-12	-3.28E-07	1.37E-11	-1.19E-06	6.51E-05	3.04E-07
1	1	-99	4.54E+06	52.55451389	1265	7.31324	13.3758	1.25E-12	1.64E-05	2.87E-09	7.79E-05	1.93E-05	5.10E-03	1.43E-10	3.01E-02	3.02E-02	2.15E-03	-2.90E-08	1.23E-05	-1.37E-08	0	0	0	-0.2071	-4.0762	-999.999	-3.05E+00	-3.20E-16	-2.76E-11	-3.72E-18	-3.21E-13	-2.85E-19	-2.47E-14	-1.80E-11	-1.56E-06	-3.80E-12	-3.28E-07	1.37E-11	-1.19E-06	6.51E-05	3.04E-07
1	1	-99	4.54E+06	52.59618056	1266	7.31324	13.3758	1.25E-12	1.64E-05	2.87E-09	7.79E-05	1.93E-05	5.10E-03	1.40E-10	3.01E-02	3.02E-02	2.15E-03	-2.90E-08	1.23E-05	-1.37E-08	0	0	0	-0.2071	-4.0761	-999.999	-3.05E+00	-3.14E-16	-2.72E-11	-3.66E-18	-3.16E-13	-2.81E-19	-2.43E-14	-1.80E-11	-1.56E-06	-3.79E-12	-3.28E-07	1.37E-11	-1.19E-06	6.51E-05	3.03E-07
1	1	-99	4.55E+06	52.63784722	1267	7.31324	13.3758	1.25E-12	1.64E-05	2.87E-09	7.79E-05	1.93E-05	5.10E-03	1.38E-10	3.01E-02	3.02E-02	2.15E-03	-2.90E-08	1.23E-05	-1.37E-08	0	0	0	-0.2072	-4.076	-999.999	-3.05E+00	-3.09E-16	-2.67E-11	-3.60E-18	-3.11E-13	-2.76E-19	-2.39E-14	-1.80E-11	-1.56E-06	-3.79E-12	-3.28E-07	1.37E-11	-1.19E-06	6.51E-05	3.03E-07
1	1	-99	4.55E+06	52.67951389	1268	7.31323	13.3758	1.25E-12	1.64E-05	2.87E-09	7.79E-05	1.93E-05	5.10E-03	1.36E-10	3.01E-02	3.02E-02	2.15E-03	-2.90E-08	1.23E-05	-1.36E-08	0	0	0	-0.2072	-4.0759	-999.999	-3.05E+00	-3.04E-16	-2.63E-11	-3.54E-18	-3.06E-13	-2.72E-19	-2.35E-14	-1.80E-11	-1.56E-06	-3.79E-12	-3.27E-07	1.37E-11	-1.19E-06	6.51E-05	3.03E-07
1	1	-99	4.56E+06	52.72118056	1269	7.31323	13.3758	1.25E-12	1.64E-05	2.87E-09	7.79E-05	1.93E-05	5.10E-03	1.34E-10	3.01E-02	3.02E-02	2.15E-03	-2.90E-08	1.23E-05	-1.36E-08	0	0	0	-0.2072	-4.0758	-999.999	-3.05E+00	-2.99E-16	-2.59E-11	-3.48E-18	-3.01E-13	-2.68E-19	-2.31E-14	-1.80E-11	-1.56E-06	-3.78E-12	-3.27E-07	1.37E-11	-1.19E-06	6.51E-05	3.02E-07
1	1	-99	4.56E+06	52.76284722	1270	7.31323	13.3758	1.25E-12	1.64E-05	2.87E-09	7.80E-05	1.93E-05	5.10E-03	1.32E-10	3.01E-02	3.02E-02	2.15E-03	-2.89E-08	1.23E-05	-1.36E-08	0	0	0	-0.2072	-4.0757	-999.999	-3.05E+00	-2.95E-16	-2.55E-11	-3.43E-18	-2.96E-13	-2.63E-19	-2.27E-14	-1.80E-11	-1.56E-06	-3.78E-12	-3.27E-07	1.37E-11	-1.19E-06	6.51E-05	3.02E-07
1	1	-99	4.56E+06	52.80451389	1271	7.31323	13.3758	1.25E-12	1.64E-05	2.87E-09	7.80E-05	1.93E-05	5.10E-03	1.30E-10	3.01E-02	3.02E-02	2.15E-03	-2.89E-08	1.22E-05	-1.36E-08	0	0	0	-0.2072	-4.0757	-999.999	-3.05E+00	-2.90E-16	-2.50E-11	-3.37E-18	-2.91E-13	-2.59E-19	-2.24E-14	-1.80E-11	-1.56E-06	-3.78E-12	-3.26E-07	1.37E-11	-1.19E-06	6.51E-05	3.02E-07
1	1	-99	4.57E+06	52.84618056	1272	7.31323	13.3758	1.25E-12	1.64E-05	2.87E-09	7.80E-05	1.93E-05	5.10E-03	1.27E-10	3.01E-02	3.02E-02	2.15E-03	-2.89E-08	1.22E-05	-1.36E-08	0	0	0	-0.2072	-4.0756	-999.999	-3.05E+00	-2.85E-16	-2.46E-11	-3.32E-18	-2.87E-13	-2.55E-19	-2.20E-14	-1.80E-11	-1.56E-06	-3.77E-12	-3.26E-07	1.37E-11	-1.19E-06	6.51E-05	3.01E-07
1	1	-99	4.57E+06	52.88784722	1273	7.31323	13.3758	1.25E-12	1.64E-05	2.87E-09	7.80E-05	1.93E-05	5.10E-03	1.25E-10	3.01E-02	3.02E-02	2.15E-03	-2.89E-08	1.22E-05	-1.36E-08	0	0	0	-0.2072	-4.0755	-999.999	-3.05E+00	-2.81E-16	-2.42E-11	-3.26E-18	-2.82E-13	-2.51E-19	-2.17E-14	-1.80E-11	-1.56E-06	-3.77E-12	-3.26E-07	1.37E-11	-1.19E-06	6.51E-05	3.01E-07
1	1	-99	4.57E+06	52.92951389	1274	7.31323	13.3758	1.25E-12	1.64E-05	2.87E-09	7.80E-05	1.93E-05	5.10E-03	1.23E-10	3.01E-02	3.02E-02	2.15E-03	-2.89E-08	1.22E-05	-1.36E-08	0	0	0	-0.2072	-4.0754	-999.999	-3.05E+00	-2.76E-16	-2.39E-11	-3.21E-18	-2.78E-13	-2.47E-19	-2.13E-14	-1.80E-11	-1.56E-06	-3.77E-12	-3.26E-07	1.37E-11	-1.19E-06	6.51E-05	3.01E-07
1	1	-99	4.58E+06	52.97118056	1275	7.31323	13.3758	1.25E-12	1.64E-05	2.87E-09	7.80E-05	1.93E-05	5.10E-03	1.21E-10	3.01E-02	3.02E-02	2.15E-03	-2.89E-08	1.22E-05	-1.36E-08	0	0	0	-0.2073	-4.0753	-999.999	-3.05E+00	-2.72E-16	-2.35E-11	-3.16E-18	-2.73E-13	-2.43E-19	-2.10E-14	-1.80E-11	-1.56E-06	-3.76E-12	-3.25E-07	1.37E-11	-1.19E-06	6.51E-05	3.00E-07
1	1	-99	4.58E+06	53.01284722	1276	7.31322	13.3758	1.25E-12	1.64E-05	2.87E-09	7.80E-05	1.93E-05	5.10E-03	1.19E-10	3.01E-02	3.02E-02	2.15E-03	-2.89E-08	1.22E-05	-1.35E-08	0	0	0	-0.2073	-4.0752	-999.999	-3.05E+00	-2.67E-16	-2.31E-11	-3.11E-18	-2.69E-13	-2.39E-19	-2.06E-14	-1.80E-11	-1.56E-06	-3.76E-12	-3.25E-07	1.37E-11	-1.19E-06	6.51E-05	3.00E-07
1	1	-99	4.58E+06	53.05451389	1277	7.31322	13.3758	1.25E-12	1.64E-05	2.87E-09	7.81E-05	1.93E-05	5.10E-03	1.18E-10	3.01E-02	3.02E-02	2.15E-03	-2.89E-08	1.22E-05	-1.35E-08	0	0	0	-0.2073	-4.0751	-999.999	-3.05E+00	-2.63E-16	-2.27E-11	-3.06E-18	-2.64E-13	-2.35E-19	-2.03E-14	-1.80E-11	-1.56E-06	-3.76E-12	-3.25E-07	1.37E-11	-1.19E-06	6.51E-05	3.00E-07
1	1	-99	4.59E+06	53.09618056	1278	7.31322	13.3758	1.25E-12	1.64E-05	2.87E-09	7.81E-05	1.93E-05	5.10E-03	1.16E-10	3.01E-02	3.02E-02	2.15E-03	-2.89E-08	1.21E-05	-1.35E-08	0	0	0	-0.2073	-4.075	-999.999	-3.05E+00	-2.59E-16	-2.24E-11	-3.01E-18	-2.60E-13	-2.31E-19	-2.00E-14	-1.80E-11	-1.56E-06	-3.76E-12	-3.24E-07	1.37E-11	-1.19E-06	6.51E-05	2.99E-07
1	1	-99	4.59E+06	53.13784722	1279	7.31322	13.3758	1.25E-12	1.64E-05	2.87E-09	7.81E-05	1.93E-05	5.10E-03	1.14E-10	3.01E-02	3.02E-02	2.15E-03	-2.88E-08	1.21E-05	-1.35E-08	0	0	0	-0.2073	-4.075	-999.999	-3.05E+00	-2.55E-16	-2.20E-11	-2.96E-18	-2.56E-13	-2.28E-19	-1.97E-14	-1.80E-11	-1.56E-06	-3.75E-12	-3.24E-07	1.37E-11	-1.19E-06	6.51E-05	2.99E-07
1	1	-99	4.59E+06	53.17951389	1280	7.31322	13.3758	1.25E-12	1.64E-05	2.87E-09	7.81E-05	1.93E-05	5.10E-03	1.12E-10	3.01E-02	3.02E-02	2.15E-03	-2.88E-08	1.21E-05	-1.35E-08	0	0	0	-0.2073	-4.0749	-999.999	-3.05E+00	-2.51E-16	-2.16E-11	-2.91E-18	-2.52E-13	-2.24E-19	-1.93E-14	-1.80E-11	-1.56E-06	-3.75E-12	-3.24E-07	1.37E-11	-1.19E-06	6.51E-05	2.99E-07
1	1	-99	4.60E+06	53.22118056	1281	7.31322	13.3758	1.25E-12	1.64E-05	2.87E-09	7.81E-05	1.93E-05	5.10E-03	1.10E-10	3.01E-02	3.02E-02	2.15E-03	-2.88E-08	1.21E-05	-1.35E-08	0	0	0	-0.2073	-4.0748	-999.999	-3.05E+00	-2.46E-16	-2.13E-11	-2.87E-18	-2.48E-13	-2.20E-19	-1.90E-14	-1.80E-11	-1.56E-06	-3.75E-12	-3.24E-07	1.37E-11	-1.19E-06	6.51E-05	2.98E-07
1	1	-99	4.60E+06	53.26284722	1282	7.31322	13.3758	1.25E-12	1.64E-05	2.87E-09	7.81E-05	1.93E-05	5.10E-03	1.08E-10	3.01E-02	3.02E-02	2.15E-03	-2.88E-08	1.21E-05	-1.35E-08	0	0	0	-0.2074	-4.0747	-999.999	-3.05E+00	-2.43E-16	-2.10E-11	-2.82E-18	-2.44E-13	-2.17E-19	-1.87E-14	-1.80E-11	-1.56E-06	-3.74E-12	-3.23E-07	1.37E-11	-1.19E-06	6.51E-05	2.98E-07
1	1	-99	4.61E+06	53.30451389	1283	7.31322	13.3758	1.25E-12	1.64E-05	2.87E-09	7.81E-05	1.93E-05	5.10E-03	1.07E-10	3.01E-02	3.02E-02	2.15E-03	-2.88E-08	1.21E-05	-1.35E-08	0	0	0	-0.2074	-4.0746	-999.999	-3.05E+00	-2.39E-16	-2.06E-11	-2.78E-18	-2.40E-13	-2.13E-19	-1.84E-14	-1.80E-11	-1.56E-06	-3.74E-12	-3.23E-07	1.37E-11	-1.19E-06	6.51E-05	2.98E-07
1	1	-99	4.61E+06	53.34618056	1284	7.31321	13.3758	1.25E-12	1.64E-05	2.87E-09	7.81E-05	1.93E-05	5.10E-03	1.05E-10	3.01E-02	3.02E-02	2.15E-03	-2.88E-08	1.21E-05	-1.35E-08	0	0	0	-0.2074	-4.0745	-999.999	-3.05E+00	-2.35E-16	-2.03E-11	-2.73E-18	-2.36E-13	-2.10E-19	-1.81E-14	-1.80E-11	-1.56E-06	-3.74E-12	-3.23E-07	1.37E-11	-1.19E-06	6.51E-05	2.97E-07
1	1	-99	4.61E+06	53.38784722	1285	7.31321	13.3758	1.25E-12	1.64E-05	2.87E-09	7.82E-05	1.93E-05	5.10E-03	1.03E-10	3.01E-02	3.02E-02	2.15E-03	-2.88E-08	1.21E-05	-1.34E-08	0	0	0	-0.2074	-4.0744	-999.999	-3.05E+00	-2.31E-16	-2.00E-11	-2.69E-18	-2.32E-13	-2.06E-19	-1.78E-14	-1.80E-11	-1.56E-06	-3.73E-12	-3.22E-07	1.37E-11	-1.19E-06	6.51E-05	2.97E-07
1	1	-99	4.62E+06	53.42951389	1286	7.31321	13.3758	1.25E-12	1.64E-05	2.87E-09	7.82E-05	1.93E-05	5.10E-03	1.02E-10	3.01E-02	3.02E-02	2.15E-03	-2.88E-08	1.20E-05	-1.34E-08	0	0	0	-0.2074	-4.0744	-999.999	-3.05E+00	-2.27E-16	-1.96E-11	-2.64E-18	-2.28E-13	-2.03E-19	-1.76E-14	-1.80E-11	-1.56E-06	-3.73E-12	-3.22E-07	1.37E-11	-1.19E-06	6.51E-05	2.97E-07
1	1	-99	4.62E+06	53.47118056	1287	7.31321	13.3758	1.25E-12	1.64E-05	2.87E-09	7.82E-05	1.93E-05	5.10E-03	1.00E-10	3.01E-02	3.02E-02	2.15E-03	-2.88E-08	1.20E-05	-1.34E-08	0	0	0	-0.2074	-4.0743	-999.999	-3.05E+00	-2.24E-16	-1.93E-11	-2.60E-18	-2.25E-13	-2.00E-19	-1.73E-14	-1.80E-11	-1.56E-06	-3.73E-12	-3.22E-07	1.37E-11	-1.19E-06	6.51E-05	2.96E-07
1	1	-99	4.62E+06	53.51284722	1288	7.31321	13.3758	1.25E-12	1.64E-05	2.87E-09	7.82E-05	1.93E-05	5.10E-03	9.84E-11	3.01E-02	3.02E-02	2.15E-03	-2.87E-08	1.20E-05	-1.34E-08	0	0	0	-0.2074	-4.0742	-999.999	-3.05E+00	-2.20E-16	-1.90E-11	-2.56E-18	-2.21E-13	-1.97E-19	-1.70E-14	-1.80E-11	-1.56E-06	-3.72E-12	-3.22E-07	1.37E-11	-1.19E-06	6.51E-05	2.96E-07
1	1	-99	4.63E+06	53.55451389	1289	7.31321	13.3758	1.25E-12	1.64E-05	2.87E-09	7.82E-05	1.93E-05	5.10E-03	9.68E-11	3.01E-02	3.02E-02	2.15E-03	-2.87E-08	1.20E-05	-1.34E-08	0	0	0	-0.2074	-4.0741	-999.999	-3.05E+00	-2.16E-16	-1.87E-11	-2.52E-18	-2.18E-13	-1.94E-19	-1.67E-14	-1.80E-11	-1.56E-06	-3.72E-12	-3.21E-07	1.37E-11	-1.19E-06	6.51E-05	2.96E-07
1	1	-99	4.63E+06	53.59618056	1290	7.31321	13.3758	1.25E-12	1.64E-05	2.87E-09	7.82E-05	1.93E-05	5.10E-03	9.52E-11	3.01E-02	3.02E-02	2.15E-03	-2.87E-08	1.20E-05	-1.34E-08	0	0	0	-0.2075	-4.074	-999.999	-3.05E+00	-2.13E-16	-1.84E-11	-2.48E-18	-2.14E-13	-1.90E-19	-1.65E-14	-1.80E-11	-1.56E-06	-3.72E-12	-3.21E-07	1.37E-11	-1.19E-06	6.51E-05	2.95E-07
1	1	-99	4.63E+06	53.63784722	1291	7.31321	13.3758	1.25E-12	1.64E-05	2.87E-09	7.82E-05	1.93E-05	5.10E-03	9.37E-11	3.01E-02	3.02E-02	2.15E-03	-2.87E-08	1.20E-05	-1.34E-08	0	0	0	-0.2075	-4.0739	-999.999	-3.05E+00	-2.10E-16	-1.81E-11	-2.44E-18	-2.11E-13	-1.87E-19	-1.62E-14	-1.80E-11	-1.56E-06	-3.71E-12	-3.21E-07	1.37E-11	-1.19E-06	6.51E-05	2.95E-07
1	1	-99	4.64E+06	53.67951389	1292	7.3132	13.3758	1.25E-12	1.64E-05	2.87E-09	7.83E-05	1.93E-05	5.10E-03	9.22E-11	3.01E-02	3.02E-02	2.15E-03	-2.87E-08	1.20E-05	-1.34E-08	0	0	0	-0.2075	-4.0738	-999.999	-3.05E+00	-2.06E-16	-1.78E-11	-2.40E-18	-2.07E-13	-1.84E-19	-1.59E-14	-1.80E-11	-1.56E-06	-3.71E-12	-3.21E-07	1.37E-11	-1.19E-06	6.51E-05	2.95E-07
1	1	-99	4.64E+06	53.72118056	1293	7.3132	13.3758	1.25E-12	1.64E-05	2.87E-09	7.83E-05	1.93E-05	5.10E-03	9.07E-11	3.01E-02	3.02E-02	2.15E-03	-2.87E-08	1.19E-05	-1.34E-08	0	0	0	-0.2075	-4.0737	-999.999	-3.05E+00	-2.03E-16	-1.75E-11	-2.36E-18	-2.04E-13	-1.81E-19	-1.57E-14	-1.80E-11	-1.56E-06	-3.71E-12	-3.20E-07	1.37E-11	-1.19E-06	6.51E-05	2.94E-07
1	1	-99	4.65E+06	53.76284722	1294	7.3132	13.3758	1.25E-12	1.64E-05	2.87E-09	7.83E-05	1.93E-05	5.10E-03	8.93E-11	3.01E-02	3.02E-02	2.15E-03	-2.87E-08	1.19E-05	-1.33E-08	0	0	0	-0.2075	-4.0737	-999.999	-3.05E+00	-2.00E-16	-1.72E-11	-2.32E-18	-2.01E-13	-1.78E-19	-1.54E-14	-1.80E-11	-1.56E-06	-3.70E-12	-3.20E-07	1.37E-11	-1.19E-06	6.51E-05	2.94E-07
1	1	-99	4.65E+06	53.80451389	1295	7.3132	13.3758	1.25E-12	1.64E-05	2.87E-09	7.83E-05	1.93E-05	5.10E-03	8.78E-11	3.01E-02	3.02E-02	2.15E-03	-2.87E-08	1.19E-05	-1.33E-08	0	0	0	-0.2075	-4.0736	-999.999	-3.05E+00	-1.96E-16	-1.70E-11	-2.28E-18	-1.97E-13	-1.76E-19	-1.52E-14	-1.80E-11	-1.56E-06	-3.70E-12	-3.20E-07	1.37E-11	-1.19E-06	6.51E-05	2.94E-07
1	1	-99	4.65E+06	53.84618056	1296	7.3132	13.3758	1.25E-12	1.64E-05	2.87E-09	7.83E-05	1.93E-05	5.10E-03	8.64E-11	3.01E-02	3.02E-02	2.15E-03	-2.86E-08	1.19E-05	-1.33E-08	0	0	0	-0.2075	-4.0735	-999.999	-3.05E+00	-1.93E-16	-1.67E-11	-2.25E-18	-1.94E-13	-1.73E-19	-1.49E-14	-1.80E-11	-1.56E-06	-3.70E-12	-3.19E-07	1.37E-11	-1.19E-06	6.51E-05	2.93E-07
1	1	-99	4.66E+06	53.88784722	1297	7.3132	13.3758	1.25E-12	1.64E-05	2.87E-09	7.83E-05	1.93E-05	5.10E-03	8.50E-11	3.01E-02	3.02E-02	2.15E-03	-2.86E-08	1.19E-05	-1.33E-08	0	0	0	-0.2075	-4.0734	-999.999	-3.05E+00	-1.90E-16	-1.64E-11	-2.21E-18	-1.91E-13	-1.70E-19	-1.47E-14	-1.80E-11	-1.56E-06	-3.69E-12	-3.19E-07	1.37E-11	-1.19E-06	6.51E-05	2.93E-07
1	1	-99	4.66E+06	53.92951389	1298	7.3132	13.3758	1.25E-12	1.64E-05	2.87E-09	7.83E-05	1.93E-05	5.10E-03	8.37E-11	3.01E-02	3.02E-02	2.15E-03	-2.86E-08	1.19E-05	-1.33E-08	0	0	0	-0.2076	-4.0733	-999.999	-3.05E+00	-1.87E-16	-1.62E-11	-2.18E-18	-1.88E-13	-1.67E-19	-1.45E-14	-1.80E-11	-1.56E-06	-3.69E-12	-3.19E-07	1.37E-11	-1.19E-06	6.51E-05	2.93E-07
1	1	-99	4.66E+06	53.97118056	1299	7.3132	13.3758	1.25E-12	1.64E-05	2.87E-09	7.83E-05	1.93E-05	5.10E-03	8.23E-11	3.01E-02	3.02E-02	2.15E-03	-2.86E-08	1.19E-05	-1.33E-08	0	0	0	-0.2076	-4.0732	-999.999	-3.05E+00	-1.84E-16	-1.59E-11	-2.14E-18	-1.85E-13	-1.65E-19	-1.42E-14	-1.80E-11	-1.56E-06	-3.69E-12	-3.19E-07	1.37E-11	-1.19E-06	6.51E-05	2.92E-07
1	1	-99	4.67E+06	54.01284722	1300	7.31319	13.3758	1.25E-12	1.64E-05	2.87E-09	7.84E-05	1.93E-05	5.10E-03	8.10E-11	3.01E-02	3.02E-02	2.15E-03	-2.86E-08	1.19E-05	-1.33E-08	0	0	0	-0.2076	-4.0732	-999.999	-3.05E+00	-1.81E-16	-1.56E-11	-2.11E-18	-1.82E-13	-1.62E-19	-1.40E-14	-1.80E-11	-1.56E-06	-3.68E-12	-3.18E-07	1.37E-11	-1.19E-06	6.51E-05	2.92E-07
1	1	-99	4.67E+06	54.05451389	1301	7.31319	13.3758	1.25E-12	1.64E-05	2.87E-09	7.84E-05	1.93E-05	5.10E-03	7.97E-11	3.01E-02	3.02E-02	2.15E-03	-2.86E-08	1.18E-05	-1.33E-08	0	0	0	-0.2076	-4.0731	-999.999	-3.05E+00	-1.78E-16	-1.54E-11	-2.07E-18	-1.79E-13	-1.59E-19	-1.38E-14	-1.80E-11	-1.56E-06	-3.68E-12	-3.18E-07	1.37E-11	-1.19E-06	6.51E-05	2.92E-07
1	1	-99	4.67E+06	54.09618056	1302	7.31319	13.3758	1.25E-12	1.64E-05	2.87E-09	7.84E-05	1.93E-05	5.10E-03	7.84E-11	3.01E-02	3.02E-02	2.15E-03	-2.86E-08	1.18E-05	-1.32E-08	0	0	0	-0.2076	-4.073	-999.999	-3.05E+00	-1.75E-16	-1.51E-11	-2.04E-18	-1.76E-13	-1.57E-19	-1.35E-14	-1.80E-11	-1.56E-06	-3.68E-12	-3.18E-07	1.37E-11	-1.19E-06	6.51E-05	2.91E-07
1	1	-99	4.68E+06	54.13784722	1303	7.31319	13.3758	1.25E-12	1.64E-05	2.87E-09	7.84E-05	1.93E-05	5.10E-03	7.72E-11	3.01E-02	3.02E-02	2.15E-03	-2.86E-08	1.18E-05	-1.32E-08	0	0	0	-0.2076	-4.0729	-999.999	-3.05E+00	-1.72E-16	-1.49E-11	-2.01E-18	-1.73E-13	-1.54E-19	-1.33E-14	-1.80E-11	-1.56E-06	-3.68E-12	-3.18E-07	1.37E-11	-1.19E-06	6.51E-05	2.91E-07
1	1	-99	4.68E+06	54.17951389	1304	7.31319	13.3758	1.25E-12	1.64E-05	2.87E-09	7.84E-05	1.93E-05	5.10E-03	7.59E-11	3.01E-02	3.02E-02	2.15E-03	-2.86E-08	1.18E-05	-1.32E-08	0	0	0	-0.2076	-4.0728	-999.999	-3.05E+00	-1.70E-16	-1.47E-11	-1.97E-18	-1.71E-13	-1.52E-19	-1.31E-14	-1.80E-11	-1.56E-06	-3.67E-12	-3.17E-07	1.37E-11	-1.19E-06	6.51E-05	2.91E-07
1	1	-99	4.68E+06	54.22118056	1305	7.31319	13.3758	1.25E-12	1.64E-05	2.87E-09	7.84E-05	1.93E-05	5.10E-03	7.47E-11	3.01E-02	3.02E-02	2.15E-03	-2.85E-08	1.18E-05	-1.32E-08	0	0	0	-0.2077	-4.0727	-999.999	-3.05E+00	-1.67E-16	-1.44E-11	-1.94E-18	-1.68E-13	-1.49E-19	-1.29E-14	-1.80E-11	-1.56E-06	-3.67E-12	-3.17E-07	1.37E-11	-1.19E-06	6.51E-05	2.90E-07
1	1	-99	4.69E+06	54.26284722	1306	7.31319	13.3758	1.25E-12	1.64E-05	2.87E-09	7.84E-05	1.93E-05	5.10E-03	7.35E-11	3.01E-02	3.02E-02	2.15E-03	-2.85E-08	1.18E-05	-1.32E-08	0	0	0	-0.2077	-4.0726	-999.999	-3.05E+00	-1.64E-16	-1.42E-11	-1.91E-18	-1.65E-13	-1.47E-19	-1.27E-14	-1.80E-11	-1.56E-06	-3.67E-12	-3.17E-07	1.37E-11	-1.19E-06	6.51E-05	2.90E-07
1	1	-99	4.69E+06	54.30451389	1307	7.31319	13.3758	1.25E-12	1.64E-05	2.87E-09	7.85E-05	1.93E-05	5.10E-03	7.23E-11	3.01E-02	3.02E-02	2.15E-03	-2.85E-08	1.18E-05	-1.32E-08	0	0	0	-0.2077	-4.0726	-999.999	-3.05E+00	-1.62E-16	-1.40E-11	-1.88E-18	-1.62E-13	-1.45E-19	-1.25E-14	-1.80E-11	-1.56E-06	-3.66E-12	-3.16E-07	1.37E-11	-1.19E-06	6.51E-05	2.90E-07
