# vtk DataFile Version 2.0
CGAL constrained delaunay mesh generation 2d
ASCII
DATASET UNSTRUCTURED_GRID
POINTS 3213 double
0 0 0
9.09091 0 0
18.1818 0 0
27.2727 0 0
36.3636 0 0
45.4545 0 0
54.5455 0 0
63.6364 0 0
72.7273 0 0
81.8182 0 0
90.9091 0 0
100 0 0
109.091 0 0
118.182 0 0
127.273 0 0
136.364 0 0
145.455 0 0
154.545 0 0
163.636 0 0
172.727 0 0
181.818 0 0
190.909 0 0
200 0 0
209.091 0 0
218.182 0 0
227.273 0 0
236.364 0 0
245.455 0 0
254.545 0 0
263.636 0 0
272.727 0 0
281.818 0 0
290.909 0 0
300 0 0
309.091 0 0
318.182 0 0
327.273 0 0
336.364 0 0
345.455 0 0
354.545 0 0
363.636 0 0
372.727 0 0
381.818 0 0
390.909 0 0
400 0 0
409.091 0 0
418.182 0 0
427.273 0 0
436.364 0 0
445.455 0 0
454.545 0 0
463.636 0 0
472.727 0 0
481.818 0 0
490.909 0 0
500 0 0
509.091 0 0
518.182 0 0
527.273 0 0
536.364 0 0
545.455 0 0
554.545 0 0
563.636 0 0
572.727 0 0
581.818 0 0
590.909 0 0
600 0 0
609.091 0 0
618.182 0 0
627.273 0 0
636.364 0 0
645.455 0 0
654.545 0 0
663.636 0 0
672.727 0 0
681.818 0 0
690.909 0 0
700 0 0
709.091 0 0
718.182 0 0
727.273 0 0
736.364 0 0
745.455 0 0
754.545 0 0
763.636 0 0
772.727 0 0
781.818 0 0
790.909 0 0
800 0 0
809.091 0 0
818.182 0 0
827.273 0 0
836.364 0 0
845.455 0 0
854.545 0 0
863.636 0 0
872.727 0 0
881.818 0 0
890.909 0 0
900 0 0
900 0 9.09091
900 0 18.1818
900 0 22.7273
900 0 27.2727
900 0 36.3636
900 0 45.4545
900 0 54.5455
900 0 63.6364
900 0 72.7273
900 0 81.8182
900 0 90.9091
900 0 100
900 0 109.091
900 0 118.182
900 0 127.273
900 0 136.364
900 0 145.455
900 0 154.545
900 0 163.636
900 0 172.727
900 0 181.818
900 0 190.909
900 0 200
900 0 209.091
900 0 218.182
900 0 227.273
900 0 236.364
900 0 245.455
900 0 254.545
900 0 263.636
900 0 272.727
900 0 281.818
900 0 286.364
900 0 290.909
900 0 300
890.909 0 300
881.818 0 300
872.727 0 300
863.636 0 300
854.545 0 300
845.455 0 300
836.364 0 300
827.273 0 300
818.182 0 300
809.091 0 300
800 0 300
790.909 0 300
781.818 0 300
772.727 0 300
763.636 0 300
754.545 0 300
745.455 0 300
736.364 0 300
727.273 0 300
718.182 0 300
709.091 0 300
700 0 300
690.909 0 300
681.818 0 300
672.727 0 300
663.636 0 300
654.545 0 300
645.455 0 300
636.364 0 300
627.273 0 300
618.182 0 300
609.091 0 300
600 0 300
590.909 0 300
581.818 0 300
572.727 0 300
563.636 0 300
554.545 0 300
545.455 0 300
536.364 0 300
527.273 0 300
518.182 0 300
509.091 0 300
500 0 300
490.909 0 300
481.818 0 300
472.727 0 300
463.636 0 300
454.545 0 300
445.455 0 300
436.364 0 300
427.273 0 300
418.182 0 300
409.091 0 300
400 0 300
390.909 0 300
381.818 0 300
372.727 0 300
363.636 0 300
354.545 0 300
345.455 0 300
336.364 0 300
327.273 0 300
318.182 0 300
309.091 0 300
300 0 300
290.909 0 300
281.818 0 300
272.727 0 300
263.636 0 300
254.545 0 300
245.455 0 300
236.364 0 300
227.273 0 300
218.182 0 300
209.091 0 300
200 0 300
190.909 0 300
181.818 0 300
172.727 0 300
163.636 0 300
154.545 0 300
145.455 0 300
136.364 0 300
127.273 0 300
118.182 0 300
109.091 0 300
100 0 300
90.9091 0 300
81.8182 0 300
72.7273 0 300
63.6364 0 300
54.5455 0 300
45.4545 0 300
36.3636 0 300
27.2727 0 300
18.1818 0 300
9.09091 0 300
0 0 300
0 0 290.909
0 0 286.364
0 0 281.818
0 0 272.727
0 0 263.636
0 0 254.545
0 0 245.455
0 0 236.364
0 0 227.273
0 0 218.182
0 0 209.091
0 0 200
0 0 190.909
0 0 181.818
0 0 172.727
0 0 163.636
0 0 154.545
0 0 145.455
0 0 136.364
0 0 127.273
0 0 118.182
0 0 109.091
0 0 100
0 0 90.9091
0 0 81.8182
0 0 72.7273
0 0 63.6364
0 0 54.5455
0 0 45.4545
0 0 36.3636
0 0 27.2727
0 0 22.7273
0 0 18.1818
0 0 9.09091
9.09091 0 9.09091
18.1818 0 9.09091
27.2727 0 9.09091
36.3636 0 9.09091
45.4545 0 9.09091
54.5455 0 9.09091
63.6364 0 9.09091
72.7273 0 9.09091
81.8182 0 9.09091
90.9091 0 9.09091
100 0 9.09091
109.091 0 9.09091
118.182 0 9.09091
127.273 0 9.09091
136.364 0 9.09091
145.455 0 9.09091
154.545 0 9.09091
163.636 0 9.09091
172.727 0 9.09091
181.818 0 9.09091
190.909 0 9.09091
200 0 9.09091
209.091 0 9.09091
218.182 0 9.09091
227.273 0 9.09091
236.364 0 9.09091
245.455 0 9.09091
254.545 0 9.09091
263.636 0 9.09091
272.727 0 9.09091
281.818 0 9.09091
290.909 0 9.09091
300 0 9.09091
309.091 0 9.09091
318.182 0 9.09091
327.273 0 9.09091
336.364 0 9.09091
345.455 0 9.09091
354.545 0 9.09091
363.636 0 9.09091
372.727 0 9.09091
381.818 0 9.09091
390.909 0 9.09091
400 0 9.09091
409.091 0 9.09091
418.182 0 9.09091
427.273 0 9.09091
436.364 0 9.09091
445.455 0 9.09091
454.545 0 9.09091
463.636 0 9.09091
472.727 0 9.09091
481.818 0 9.09091
490.909 0 9.09091
500 0 9.09091
509.091 0 9.09091
518.182 0 9.09091
527.273 0 9.09091
536.364 0 9.09091
545.455 0 9.09091
554.545 0 9.09091
563.636 0 9.09091
572.727 0 9.09091
581.818 0 9.09091
590.909 0 9.09091
600 0 9.09091
609.091 0 9.09091
618.182 0 9.09091
627.273 0 9.09091
636.364 0 9.09091
645.455 0 9.09091
654.545 0 9.09091
663.636 0 9.09091
672.727 0 9.09091
681.818 0 9.09091
690.909 0 9.09091
700 0 9.09091
709.091 0 9.09091
718.182 0 9.09091
727.273 0 9.09091
736.364 0 9.09091
745.455 0 9.09091
754.545 0 9.09091
763.636 0 9.09091
772.727 0 9.09091
781.818 0 9.09091
790.909 0 9.09091
800 0 9.09091
809.091 0 9.09091
818.182 0 9.09091
827.273 0 9.09091
836.364 0 9.09091
845.455 0 9.09091
854.545 0 9.09091
863.636 0 9.09091
872.727 0 9.09091
881.818 0 9.09091
890.909 0 9.09091
9.09091 0 18.1818
18.1818 0 18.1818
27.2727 0 18.1818
36.3636 0 18.1818
45.4545 0 18.1818
54.5455 0 18.1818
63.6364 0 18.1818
72.7273 0 18.1818
81.8182 0 18.1818
90.9091 0 18.1818
100 0 18.1818
109.091 0 18.1818
118.182 0 18.1818
127.273 0 18.1818
136.364 0 18.1818
145.455 0 18.1818
154.545 0 18.1818
163.636 0 18.1818
172.727 0 18.1818
181.818 0 18.1818
190.909 0 18.1818
200 0 18.1818
209.091 0 18.1818
218.182 0 18.1818
227.273 0 18.1818
236.364 0 18.1818
245.455 0 18.1818
254.545 0 18.1818
263.636 0 18.1818
272.727 0 18.1818
281.818 0 18.1818
290.909 0 18.1818
300 0 18.1818
309.091 0 18.1818
318.182 0 18.1818
327.273 0 18.1818
336.364 0 18.1818
345.455 0 18.1818
354.545 0 18.1818
363.636 0 18.1818
372.727 0 18.1818
381.818 0 18.1818
390.909 0 18.1818
400 0 18.1818
409.091 0 18.1818
418.182 0 18.1818
427.273 0 18.1818
436.364 0 18.1818
445.455 0 18.1818
454.545 0 18.1818
463.636 0 18.1818
472.727 0 18.1818
481.818 0 18.1818
490.909 0 18.1818
500 0 18.1818
509.091 0 18.1818
518.182 0 18.1818
527.273 0 18.1818
536.364 0 18.1818
545.455 0 18.1818
554.545 0 18.1818
563.636 0 18.1818
572.727 0 18.1818
581.818 0 18.1818
590.909 0 18.1818
600 0 18.1818
609.091 0 18.1818
618.182 0 18.1818
627.273 0 18.1818
636.364 0 18.1818
645.455 0 18.1818
654.545 0 18.1818
663.636 0 18.1818
672.727 0 18.1818
681.818 0 18.1818
690.909 0 18.1818
700 0 18.1818
709.091 0 18.1818
718.182 0 18.1818
727.273 0 18.1818
736.364 0 18.1818
745.455 0 18.1818
754.545 0 18.1818
763.636 0 18.1818
772.727 0 18.1818
781.818 0 18.1818
790.909 0 18.1818
800 0 18.1818
809.091 0 18.1818
818.182 0 18.1818
827.273 0 18.1818
836.364 0 18.1818
845.455 0 18.1818
854.545 0 18.1818
863.636 0 18.1818
872.727 0 18.1818
881.818 0 18.1818
890.909 0 18.1818
9.09091 0 27.2727
18.1818 0 27.2727
27.2727 0 27.2727
36.3636 0 27.2727
45.4545 0 27.2727
54.5455 0 27.2727
63.6364 0 27.2727
72.7273 0 27.2727
81.8182 0 27.2727
90.9091 0 27.2727
100 0 27.2727
109.091 0 27.2727
118.182 0 27.2727
127.273 0 27.2727
136.364 0 27.2727
145.455 0 27.2727
154.545 0 27.2727
163.636 0 27.2727
172.727 0 27.2727
181.818 0 27.2727
190.909 0 27.2727
200 0 27.2727
209.091 0 27.2727
218.182 0 27.2727
227.273 0 27.2727
236.364 0 27.2727
245.455 0 27.2727
254.545 0 27.2727
263.636 0 27.2727
272.727 0 27.2727
281.818 0 27.2727
290.909 0 27.2727
300 0 27.2727
309.091 0 27.2727
318.182 0 27.2727
327.273 0 27.2727
336.364 0 27.2727
345.455 0 27.2727
354.545 0 27.2727
363.636 0 27.2727
372.727 0 27.2727
381.818 0 27.2727
390.909 0 27.2727
400 0 27.2727
409.091 0 27.2727
418.182 0 27.2727
427.273 0 27.2727
436.364 0 27.2727
445.455 0 27.2727
454.545 0 27.2727
463.636 0 27.2727
472.727 0 27.2727
481.818 0 27.2727
490.909 0 27.2727
500 0 27.2727
509.091 0 27.2727
518.182 0 27.2727
527.273 0 27.2727
536.364 0 27.2727
545.455 0 27.2727
554.545 0 27.2727
563.636 0 27.2727
572.727 0 27.2727
581.818 0 27.2727
590.909 0 27.2727
600 0 27.2727
609.091 0 27.2727
618.182 0 27.2727
627.273 0 27.2727
636.364 0 27.2727
645.455 0 27.2727
654.545 0 27.2727
663.636 0 27.2727
672.727 0 27.2727
681.818 0 27.2727
690.909 0 27.2727
700 0 27.2727
709.091 0 27.2727
718.182 0 27.2727
727.273 0 27.2727
736.364 0 27.2727
745.455 0 27.2727
754.545 0 27.2727
763.636 0 27.2727
772.727 0 27.2727
781.818 0 27.2727
790.909 0 27.2727
800 0 27.2727
809.091 0 27.2727
818.182 0 27.2727
827.273 0 27.2727
836.364 0 27.2727
845.455 0 27.2727
854.545 0 27.2727
863.636 0 27.2727
872.727 0 27.2727
881.818 0 27.2727
890.909 0 27.2727
9.09091 0 272.727
18.1818 0 272.727
27.2727 0 272.727
36.3636 0 272.727
45.4545 0 272.727
54.5455 0 272.727
63.6364 0 272.727
72.7273 0 272.727
81.8182 0 272.727
90.9091 0 272.727
100 0 272.727
109.091 0 272.727
118.182 0 272.727
127.273 0 272.727
136.364 0 272.727
145.455 0 272.727
154.545 0 272.727
163.636 0 272.727
172.727 0 272.727
181.818 0 272.727
190.909 0 272.727
200 0 272.727
209.091 0 272.727
218.182 0 272.727
227.273 0 272.727
236.364 0 272.727
245.455 0 272.727
254.545 0 272.727
263.636 0 272.727
272.727 0 272.727
281.818 0 272.727
290.909 0 272.727
300 0 272.727
309.091 0 272.727
318.182 0 272.727
327.273 0 272.727
336.364 0 272.727
345.455 0 272.727
354.545 0 272.727
363.636 0 272.727
372.727 0 272.727
381.818 0 272.727
390.909 0 272.727
400 0 272.727
409.091 0 272.727
418.182 0 272.727
427.273 0 272.727
436.364 0 272.727
445.455 0 272.727
454.545 0 272.727
463.636 0 272.727
472.727 0 272.727
481.818 0 272.727
490.909 0 272.727
500 0 272.727
509.091 0 272.727
518.182 0 272.727
527.273 0 272.727
536.364 0 272.727
545.455 0 272.727
554.545 0 272.727
563.636 0 272.727
572.727 0 272.727
581.818 0 272.727
590.909 0 272.727
600 0 272.727
609.091 0 272.727
618.182 0 272.727
627.273 0 272.727
636.364 0 272.727
645.455 0 272.727
654.545 0 272.727
663.636 0 272.727
672.727 0 272.727
681.818 0 272.727
690.909 0 272.727
700 0 272.727
709.091 0 272.727
718.182 0 272.727
727.273 0 272.727
736.364 0 272.727
745.455 0 272.727
754.545 0 272.727
763.636 0 272.727
772.727 0 272.727
781.818 0 272.727
790.909 0 272.727
800 0 272.727
809.091 0 272.727
818.182 0 272.727
827.273 0 272.727
836.364 0 272.727
845.455 0 272.727
854.545 0 272.727
863.636 0 272.727
872.727 0 272.727
881.818 0 272.727
890.909 0 272.727
9.09091 0 281.818
18.1818 0 281.818
27.2727 0 281.818
36.3636 0 281.818
45.4545 0 281.818
54.5455 0 281.818
63.6364 0 281.818
72.7273 0 281.818
81.8182 0 281.818
90.9091 0 281.818
100 0 281.818
109.091 0 281.818
118.182 0 281.818
127.273 0 281.818
136.364 0 281.818
145.455 0 281.818
154.545 0 281.818
163.636 0 281.818
172.727 0 281.818
181.818 0 281.818
190.909 0 281.818
200 0 281.818
209.091 0 281.818
218.182 0 281.818
227.273 0 281.818
236.364 0 281.818
245.455 0 281.818
254.545 0 281.818
263.636 0 281.818
272.727 0 281.818
281.818 0 281.818
290.909 0 281.818
300 0 281.818
309.091 0 281.818
318.182 0 281.818
327.273 0 281.818
336.364 0 281.818
345.455 0 281.818
354.545 0 281.818
363.636 0 281.818
372.727 0 281.818
381.818 0 281.818
390.909 0 281.818
400 0 281.818
409.091 0 281.818
418.182 0 281.818
427.273 0 281.818
436.364 0 281.818
445.455 0 281.818
454.545 0 281.818
463.636 0 281.818
472.727 0 281.818
481.818 0 281.818
490.909 0 281.818
500 0 281.818
509.091 0 281.818
518.182 0 281.818
527.273 0 281.818
536.364 0 281.818
545.455 0 281.818
554.545 0 281.818
563.636 0 281.818
572.727 0 281.818
581.818 0 281.818
590.909 0 281.818
600 0 281.818
609.091 0 281.818
618.182 0 281.818
627.273 0 281.818
636.364 0 281.818
645.455 0 281.818
654.545 0 281.818
663.636 0 281.818
672.727 0 281.818
681.818 0 281.818
690.909 0 281.818
700 0 281.818
709.091 0 281.818
718.182 0 281.818
727.273 0 281.818
736.364 0 281.818
745.455 0 281.818
754.545 0 281.818
763.636 0 281.818
772.727 0 281.818
781.818 0 281.818
790.909 0 281.818
800 0 281.818
809.091 0 281.818
818.182 0 281.818
827.273 0 281.818
836.364 0 281.818
845.455 0 281.818
854.545 0 281.818
863.636 0 281.818
872.727 0 281.818
881.818 0 281.818
890.909 0 281.818
9.09091 0 290.909
18.1818 0 290.909
27.2727 0 290.909
36.3636 0 290.909
45.4545 0 290.909
54.5455 0 290.909
63.6364 0 290.909
72.7273 0 290.909
81.8182 0 290.909
90.9091 0 290.909
100 0 290.909
109.091 0 290.909
118.182 0 290.909
127.273 0 290.909
136.364 0 290.909
145.455 0 290.909
154.545 0 290.909
163.636 0 290.909
172.727 0 290.909
181.818 0 290.909
190.909 0 290.909
200 0 290.909
209.091 0 290.909
218.182 0 290.909
227.273 0 290.909
236.364 0 290.909
245.455 0 290.909
254.545 0 290.909
263.636 0 290.909
272.727 0 290.909
281.818 0 290.909
290.909 0 290.909
300 0 290.909
309.091 0 290.909
318.182 0 290.909
327.273 0 290.909
336.364 0 290.909
345.455 0 290.909
354.545 0 290.909
363.636 0 290.909
372.727 0 290.909
381.818 0 290.909
390.909 0 290.909
400 0 290.909
409.091 0 290.909
418.182 0 290.909
427.273 0 290.909
436.364 0 290.909
445.455 0 290.909
454.545 0 290.909
463.636 0 290.909
472.727 0 290.909
481.818 0 290.909
490.909 0 290.909
500 0 290.909
509.091 0 290.909
518.182 0 290.909
527.273 0 290.909
536.364 0 290.909
545.455 0 290.909
554.545 0 290.909
563.636 0 290.909
572.727 0 290.909
581.818 0 290.909
590.909 0 290.909
600 0 290.909
609.091 0 290.909
618.182 0 290.909
627.273 0 290.909
636.364 0 290.909
645.455 0 290.909
654.545 0 290.909
663.636 0 290.909
672.727 0 290.909
681.818 0 290.909
690.909 0 290.909
700 0 290.909
709.091 0 290.909
718.182 0 290.909
727.273 0 290.909
736.364 0 290.909
745.455 0 290.909
754.545 0 290.909
763.636 0 290.909
772.727 0 290.909
781.818 0 290.909
790.909 0 290.909
800 0 290.909
809.091 0 290.909
818.182 0 290.909
827.273 0 290.909
836.364 0 290.909
845.455 0 290.909
854.545 0 290.909
863.636 0 290.909
872.727 0 290.909
881.818 0 290.909
890.909 0 290.909
123.14 0 149.434
249.032 0 148.359
378.03 0 151.051
503.938 0 149.848
631.748 0 149.577
760.443 0 149.832
824.804 0 187.208
821.329 0 104.423
695.219 0 104.703
186.757 0 104.922
695.386 0 197.926
441.392 0 195.76
441.868 0 105.803
186.89 0 193.855
568.019 0 103.812
568.586 0 195.293
312.175 0 194.421
313.666 0 104.662
72.5724 0 98.2793
71.986 0 201.655
767.674 0 210.325
626.681 0 88.6176
246.003 0 210.935
380.274 0 211.495
500.462 0 211.573
756.185 0 89.7929
509.758 0 90.1127
381.872 0 90.1849
245.594 0 88.7833
629.064 0 210.707
129.415 0 207.482
130.71 0 87.0231
50.6748 0 149.211
851.458 0 223.946
327.955 0 150.504
551.861 0 151.831
455.58 0 151.814
171.883 0 148.652
680.297 0 148.028
853.034 0 140.716
807.502 0 230.057
668.872 0 230.571
541.613 0 231.619
666.509 0 71.5178
286.012 0 226.22
726.927 0 225.855
469.058 0 71.7613
340.451 0 228.454
341.036 0 69.563
285.086 0 71.0151
856.268 0 72.723
794.21 0 71.0475
805.327 0 146.562
168.992 0 232.89
718.39 0 67.0671
208.332 0 72.1517
422.128 0 230.924
545.125 0 70.3704
589.086 0 70.0705
589.551 0 230.598
422.37 0 67.6443
353.576 0 180.718
656.67 0 181.608
654.567 0 116.921
352.961 0 117.069
530.493 0 182.353
480.607 0 117.188
167.372 0 71.3516
209.507 0 229.413
464.081 0 229.745
719.555 0 136.465
210.523 0 141.442
417.757 0 160.773
590.374 0 162.728
289.603 0 162.106
221.74 0 178.842
736.38 0 185.451
604.303 0 121.564
404.25 0 121.069
275.468 0 116.879
98.065 0 232.632
43.8979 0 68.1261
42.9863 0 229.99
784.796 0 113.683
144.926 0 121.056
862.373 0 187.669
476.181 0 182.39
527.444 0 121.958
95.3214 0 67.2041
36.799 0 113.478
37.7918 0 185.005
789.576 0 177.609
88.0758 0 134.562
103.891 0 183.1
152.964 0 180.367
864.889 0 107.031
279.919 0 195.609
132.792 0 239.401
759.071 0 241.413
104.134 0 106.629
236.705 0 240.885
619.964 0 57.6363
748.627 0 58.059
495.153 0 241.625
237.74 0 58.8063
392.036 0 58.7273
516.019 0 57.9342
394.411 0 240.396
619.18 0 241.752
599.582 0 193.488
218.691 0 106.58
412.341 0 202.753
389.468 0 180.131
725.277 0 99.5262
754.025 0 120.043
301.174 0 132.265
705.403 0 166.689
250.899 0 182.438
431.17 0 134.305
577.989 0 134.303
139.338 0 56.8621
824.933 0 58.1539
74.5104 0 169.709
697.604 0 240.697
193.566 0 166.45
627.489 0 179.423
243.505 0 117.133
406.757 0 94.0165
158.064 0 93.5523
28.1467 0 140.521
72.147 0 242.804
314.936 0 220.973
313.5 0 57.9688
536.282 0 94.3766
62.1118 0 123.877
594.385 0 97.3735
219.67 0 203.363
830.265 0 159.158
825.242 0 130.564
69.3628 0 72.6982
502.66 0 176.909
803.232 0 204.048
760.492 0 185.565
160.969 0 205.262
378.265 0 122.228
629.234 0 114.51
367.017 0 65.8367
364.8 0 246.419
870.542 0 162.673
832.015 0 243.808
874.721 0 240.286
322.688 0 246.319
780.88 0 232.536
97.8264 0 206.977
476.013 0 208.244
265.319 0 245.601
96.4231 0 157.219
647.308 0 246.7
265.871 0 54.5504
873.327 0 213.46
126.894 0 183.747
693.443 0 55.4375
492.892 0 69.2333
482.919 0 92.6367
644.455 0 68.0357
653.121 0 91.4364
567.923 0 52.3907
569.597 0 243.69
565.094 0 221.867
448.901 0 52.0799
693.539 0 78.859
521.13 0 246.943
873.741 0 128.839
874.154 0 52.6978
775.918 0 53.2173
503.404 0 114.092
730.396 0 163.159
121.055 0 125.533
272.548 0 91.3019
356.471 0 207.257
355.009 0 143.062
313.584 0 168.146
327.747 0 123.528
552.434 0 124.917
452.931 0 173.035
456.327 0 123.468
526.951 0 144.469
479.986 0 142.931
655.09 0 157.506
171.421 0 125.475
567.303 0 168.849
681.931 0 126.321
680.724 0 177.216
144.49 0 154.462
186.665 0 52.4066
842.08 0 203.707
307.084 0 80.1568
196.06 0 250.15
57.905 0 52.715
23.0962 0 214.214
23.7525 0 85.9102
525.375 0 207.591
652.609 0 208.528
356.516 0 91.8975
443.937 0 245.637
34.3007 0 163.595
847.105 0 50.9197
875.311 0 85.2524
272.978 0 140.78
690.786 0 218.843
737.539 0 251.359
445.836 0 76.9306
146.056 0 221.538
806.573 0 123.913
113.253 0 53.2071
831.789 0 82.3849
478.103 0 50.5917
658.836 0 48.7553
351.024 0 51.3218
299.612 0 249.065
804.399 0 48.8616
780.52 0 157.091
809.906 0 170.518
747.364 0 219.507
719.317 0 203.761
466.279 0 100.944
773.507 0 131.812
840.88 0 114.776
338.71 0 100.986
804.404 0 252.421
674.142 0 199.671
545.364 0 196.899
772.943 0 74.6154
24.8647 0 52.8843
25.3016 0 250.336
850.501 0 170.101
48.9528 0 209.158
47.1098 0 92.8941
333.588 0 209.256
674.839 0 91.5564
268.294 0 214.815
291.561 0 95.9935
568.414 0 81.5721
829.536 0 222.689
268.449 0 164.903
667.799 0 250.895
297.289 0 208.81
548.317 0 251.781
284.822 0 47.8218
788.444 0 90.5151
812.358 0 86.7683
296.692 0 181.078
453.834 0 211.748
536.698 0 49.5909
728.558 0 50.3937
217.718 0 50.6251
599.777 0 48.5623
599.243 0 249.561
158.712 0 49.1352
160.352 0 251.826
413.106 0 47.9682
411.232 0 253.334
174.079 0 171.567
216.435 0 251.075
410.212 0 181.239
403.653 0 222.14
475.192 0 250.906
856.723 0 251.377
44.7682 0 251.395
65.6707 0 219.901
109.573 0 252.057
734.181 0 82.1796
609.018 0 77.4292
605.866 0 214.602
203.665 0 91.3001
183.169 0 82.0859
227.407 0 77.446
584.346 0 208.657
608.415 0 143.902
412.589 0 140.263
776.32 0 252.645
86.5724 0 45.419
334.813 0 169.88
637.24 0 47.9444
487.774 0 162.377
749.312 0 169.035
648.491 0 136.412
55.214 0 170.677
345.091 0 249.273
234.67 0 134.063
230.639 0 157.22
701.416 0 125.019
192.795 0 125.888
740.514 0 135.755
191.415 0 146.419
395.893 0 159.151
432.893 0 177.173
436.9 0 154.247
509.99 0 229.53
728.906 0 119.145
147.84 0 77.0239
187.694 0 218.665
427.756 0 211.964
546.981 0 170.101
89.2555 0 252.507
519.625 0 165.263
229.109 0 223.272
359.806 0 161.434
525.364 0 77.896
113.041 0 218.039
699.177 0 146.076
370.928 0 193.479
850.285 0 92.4951
483.655 0 225.733
716.356 0 185.502
114.211 0 71.6737
84.3441 0 83.5254
716.796 0 252.474
583.53 0 181.472
375.71 0 46.9191
585.426 0 114.518
389.304 0 106.283
612.422 0 102.856
420.828 0 108.348
19.4903 0 176.542
606.8 0 173.269
78.3389 0 151.172
427.63 0 87.8302
205.893 0 189.796
260.278 0 74.3401
643.318 0 225.754
252.521 0 230.328
749.976 0 202.259
639.636 0 195.261
306.833 0 151.032
512.54 0 194.196
129.898 0 106.848
236.462 0 193.904
767.326 0 103.993
369.419 0 105.437
397.992 0 77.9746
44.282 0 130.828
499.764 0 46.7634
880.519 0 179.156
430.779 0 46.8911
392.937 0 138.436
78.5045 0 116.247
106.401 0 141.607
332.328 0 55.0307
258.935 0 198.729
709.085 0 220.156
156.233 0 136.307
135.335 0 135.888
359.727 0 226.235
461.388 0 194.92
489.647 0 195.936
513.186 0 131.996
18.6231 0 105.799
710.862 0 50.8447
211.365 0 160.849
802.436 0 104.235
20.3628 0 194.186
258.692 0 129.459
441.779 0 226.604
777.863 0 195.3
494.009 0 129.877
113.287 0 166.179
114.052 0 198.183
87.8117 0 190.142
55.2729 0 190.332
336.544 0 188.904
296.82 0 114.61
822.486 0 205.603
178.401 0 247.417
520.623 0 104.256
622.417 0 132.981
21.1987 0 124.795
882.363 0 102.302
259.031 0 104.491
572.399 0 151.835
788.169 0 214.02
712.45 0 110.591
103.366 0 124.524
169.746 0 188.934
141.066 0 194.724
17.4103 0 156.865
112.15 0 90.4566
740.678 0 108.606
379.083 0 229.268
707.835 0 92.4606
553.716 0 93.6661
55.3641 0 107.262
469.597 0 164.869
638.714 0 166.668
686.058 0 254.699
857.077 0 124.23
766.49 0 167.522
281.791 0 245.856
143.43 0 255.539
542.514 0 110.738
83.0858 0 218.756
200.139 0 207.548
324.304 0 73.3
677.943 0 45.3823
18.0622 0 230.559
25.0181 0 68.3523
375.282 0 168.557
734.95 0 209.144
845.522 0 186.215
804.855 0 185.541
322.069 0 91.0029
792.769 0 134.029
621.82 0 162.602
167.631 0 107.423
761.978 0 45.0226
507.117 0 256.038
386.615 0 257.051
304.883 0 43.8995
317.5 0 136.378
249.23 0 45.5152
631.111 0 254.93
249.975 0 255.227
131.975 0 165.129
279.969 0 177.633
40.3054 0 43.4947
664.809 0 130.639
424.708 0 190.473
858.606 0 205.136
232.439 0 257.093
881.8 0 146.566
820.529 0 44.0693
882.8 0 256.295
128.608 0 223.938
641.102 0 101.27
883.692 0 68.744
615.497 0 199.125
217.978 0 124.464
229.423 0 93.9507
203.861 0 110.457
344.915 0 155.518
396.076 0 44.3754
679.048 0 106.802
381.549 0 72.9475
235.773 0 172.298
129.38 0 43.9378
312.616 0 120.732
557.55 0 182.494
591.327 0 145.385
87.7598 0 99.3039
399.619 0 192.645
879.309 0 196.351
554.45 0 237.19
810.515 0 66.3152
840.914 0 65.7404
540.104 0 134.209
427.475 0 247.141
682.274 0 237.206
713.262 0 235.041
458.027 0 256.094
407.402 0 63.7755
757.031 0 257.326
763.415 0 226.155
583.895 0 54.2707
582.344 0 256.302
554.004 0 42.6174
743.849 0 153.147
192.329 0 233.78
201.481 0 43.5956
535.355 0 158.547
570.692 0 120.431
190.282 0 67.4075
615.293 0 43.1085
509.768 0 73.6743
243.939 0 73.567
232.661 0 42.8248
624.364 0 226.131
624.745 0 73.6329
614.124 0 257.11
521.629 0 42.6931
607.074 0 230.802
437.32 0 62.581
734.954 0 65.1244
116.468 0 235.393
490.078 0 257.322
749.861 0 73.6932
745.327 0 43.0877
819.276 0 255.089
153.472 0 237.926
757.007 0 134.53
542.094 0 213.213
669.384 0 213.464
368.959 0 135.534
251.363 0 165.851
397.955 0 208.438
663.456 0 103.106
125.966 0 257.023
321.662 0 42.9449
297.541 0 58.6664
690.229 0 162.356
699.737 0 180.441
714.561 0 152.727
31.7806 0 99.518
67.5322 0 139.519
337.489 0 84.9735
144.603 0 42.874
289.447 0 144.91
284.529 0 129.178
458.292 0 84.6618
34.2305 0 202.172
269.489 0 231.894
130.266 0 71.2758
701.284 0 256.39
61.6915 0 257.38
836.06 0 99.0681
835.72 0 173.584
81.1888 0 60.5151
577.994 0 92.734
533.14 0 257.116
71.305 0 185.831
90.6321 0 172.881
65.6065 0 159.301
81.9115 0 237.825
57.0647 0 234.019
153.715 0 59.8362
323.675 0 181.847
885.134 0 223.47
433.183 0 118.784
417.18 0 126.901
446.768 0 138.062
816.63 0 240.229
591.503 0 126.743
562.101 0 138.393
531.942 0 60.6428
798.299 0 159.544
338.716 0 136.759
670.523 0 164.082
470.914 0 131.028
583.511 0 193.277
740.58 0 234.096
496.426 0 98.9277
768.103 0 87.7955
359.737 0 260.066
870.255 0 254.98
695.048 0 38.4663
525.586 0 231.164
222.14 0 61.235
603.631 0 64.1213
160.676 0 162.506
62.3998 0 86.5902
301.287 0 232.839
465.39 0 56.2258
722.304 0 82.9933
578.67 0 41.1476
638.718 0 129.425
683.823 0 77.3221
870.166 0 142.225
606.296 0 159.791
407.494 0 236.617
869.093 0 225.034
312.553 0 258.735
178.638 0 137.214
558.114 0 207.428
866.996 0 72.8446
687.839 0 139.341
644.027 0 178.763
459.912 0 40.5412
221.288 0 234.165
208.041 0 175.095
191.68 0 183.426
182.295 0 157.093
280.72 0 215.132
857.745 0 154.428
144.03 0 210.388
443.075 0 92.665
71.6885 0 43.2118
771.554 0 118.512
244.536 0 104.424
231.804 0 115.905
663.471 0 146.624
331.433 0 257.272
265.803 0 184.253
172.474 0 91.729
791.007 0 42.9081
704.203 0 65.4255
676.964 0 61.9157
836.518 0 143.157
842.7 0 130.066
815.937 0 152.277
763.368 0 64.9975
861.914 0 43.2451
248.973 0 136.657
840.183 0 233.265
268.617 0 261.49
416.012 0 217.458
453.742 0 67.1808
823.321 0 71.6082
791.884 0 244.158
653.953 0 258.117
273.137 0 44.3163
173.608 0 42.8757
73.8057 0 255.123
416.326 0 80.3648
407.483 0 108.545
396.38 0 89.2996
730.758 0 145.438
884.655 0 168.564
866.528 0 175.819
833.955 0 259.687
859.41 0 238.493
703.913 0 204.407
310.646 0 208.835
329.111 0 221.526
99.1819 0 82.3303
612.115 0 186.956
542.094 0 185.829
172.623 0 216.915
117.403 0 103.248
833.177 0 43.1635
146.959 0 106.228
375.611 0 242.897
351.111 0 239.493
885.311 0 118.418
793.647 0 59.2406
558.146 0 260.145
160.35 0 79.7383
142.98 0 89.8838
887.12 0 48.8666
715.542 0 126.589
477.616 0 239.446
215.907 0 80.001
290.306 0 257.952
12.2074 0 78.201
385.401 0 197.387
39.7732 0 145.926
15.4724 0 136.678
738.453 0 91.724
422.035 0 147.368
634.962 0 237.55
535.74 0 240.395
794.688 0 257.708
141.544 0 175.992
365.652 0 176.342
99.9225 0 43.8785
348.965 0 197.628
539.491 0 80.0733
521.809 0 88.4437
842.751 0 156.93
185.883 0 261.846
208.099 0 257.063
374.148 0 254.597
339.481 0 41.6355
219.06 0 190.142
233.427 0 206.798
212.127 0 215.699
423.76 0 260.939
33.7736 0 256.972
10.5752 0 59.111
253.655 0 63.1431
653.154 0 231.61
273.29 0 66.5511
293.943 0 83.826
488.918 0 176.274
513.933 0 182.285
506.886 0 164.294
286.296 0 109.4
588.185 0 83.3432
601.51 0 107.066
292.271 0 195.568
724.204 0 242.64
367.951 0 81.1488
353.733 0 76.8087
355.951 0 63.4371
810.723 0 212.634
57.2108 0 66.4393
793.819 0 194.659
818.599 0 141.56
828.993 0 118.804
578.39 0 223.369
555.668 0 60.1259
576.561 0 66.4869
581.117 0 243.628
49.2476 0 120.426
74.6715 0 130.102
206.067 0 123.079
878.232 0 39.4254
441.533 0 262.752
309.04 0 183.363
220.17 0 147.936
862.812 0 83.4441
783.704 0 66.9104
861.815 0 61.781
93.6905 0 114.694
392.744 0 122.779
364.224 0 120.304
888.673 0 205.261
885.8 0 237.63
470.498 0 152.554
749.121 0 186.811
765.633 0 196.705
776.114 0 178.561
814.112 0 192.624
173.42 0 56.9957
643.73 0 112.215
618.828 0 117.428
123.286 0 57.7942
259.188 0 116.251
448.56 0 160.56
51.2903 0 78.0003
727.147 0 172.692
157.978 0 192.408
174.664 0 201.291
368.621 0 214.306
625.039 0 194.311
400.69 0 174.424
649.676 0 38.1324
821.344 0 174.539
329.334 0 236.185
160.739 0 223.373
510.472 0 243.164
517.379 0 258.503
399.145 0 253.391
198.312 0 54.2133
796.663 0 224.945
626.613 0 101.554
496.523 0 228.705
734.867 0 197.359
446.174 0 39.3059
347.883 0 171.53
557.521 0 111.731
390.663 0 228.399
359.561 0 37.1133
109.74 0 152.246
250.873 0 241.381
570.439 0 232.418
713.132 0 39.3887
380.744 0 58.3646
256.958 0 90.304
276.162 0 79.4311
269.996 0 102.748
160.521 0 116.767
772.457 0 146.426
315.536 0 235.792
485.493 0 38.3399
240.394 0 227.452
612.689 0 89.206
112.142 0 112.828
123.294 0 136.984
136.043 0 124.232
549.873 0 220.85
198.434 0 79.5227
455.799 0 244.871
101.096 0 219.399
83.3513 0 206.813
98.7479 0 192.163
472.028 0 221.221
472.886 0 193.604
487.409 0 207.713
888.763 0 135.077
216.393 0 96.0698
640.334 0 89.012
474.053 0 83.0621
744.034 0 119.287
772.278 0 240.238
778.086 0 219.91
480.948 0 72.3854
15.258 0 259.889
11.7068 0 39.1161
776.976 0 37.4725
349.805 0 218.403
754.462 0 101.051
710.684 0 81.5545
562.337 0 68.4447
513.205 0 214.366
524.661 0 197.294
652.101 0 196.721
638.872 0 208.511
785.458 0 78.3591
685.419 0 204.58
357.432 0 130.475
732.171 0 261.588
569.323 0 205.995
180.255 0 234.188
355.59 0 103.683
68.4942 0 60.5923
84.1433 0 162.028
686.504 0 65.8778
188.006 0 37.4418
318.449 0 157.416
572.877 0 180.676
579.088 0 162.834
560.659 0 158.835
301.742 0 162.24
37.4986 0 218.872
745.695 0 258.273
100.267 0 255.68
654.58 0 76.3419
654.97 0 61.9121
665.803 0 83.5226
156.037 0 151.06
651.522 0 169.676
645.154 0 148.776
496.233 0 141.824
364.929 0 150.073
720.494 0 217.239
168.583 0 260.978
477.627 0 102.141
492.885 0 81.1463
505.344 0 62.3134
632.306 0 58.2759
94.3967 0 144.546
811.771 0 112.095
66.7843 0 113.494
514.653 0 119.82
490.969 0 115.265
400.928 0 147.965
12.6043 0 206.538
670.135 0 184.295
682.631 0 186.243
336.997 0 114.609
325.609 0 112.291
691.113 0 118.047
463.469 0 114.128
451.967 0 111.893
461.986 0 135.591
669.851 0 117.169
130.906 0 194.48
115.587 0 183.568
179.704 0 115.691
48.9028 0 219.549
886.254 0 90.9323
133.672 0 154.469
869.663 0 117.992
725.73 0 191.974
102.088 0 54.1735
276.7 0 156.638
261.176 0 143.93
202.005 0 149.917
346.298 0 125.884
663.409 0 174.237
707.656 0 193.938
375.497 0 180.61
551.365 0 81.109
600.401 0 86.2147
202.52 0 219.667
37.0764 0 58.7104
10.0485 0 242.211
29.8582 0 38.5143
28.9187 0 237.289
696.153 0 93.7823
297.057 0 223.625
14.1478 0 218.268
32.1649 0 80.2082
12.2213 0 89.6167
152.158 0 169.955
653.025 0 220.564
867.082 0 95.3548
59.2406 0 39.5696
371.515 0 95.2573
776.892 0 96.8741
716.932 0 165.165
181.345 0 184.868
798.102 0 236.936
100.498 0 93.2036
313.294 0 70.0339
310.338 0 93.1695
283.076 0 88.6864
823.395 0 91.9793
841.91 0 77.4447
529.898 0 171.802
529.002 0 133.393
464.204 0 178.099
541.374 0 150.115
443.982 0 182.537
517.514 0 146.85
179.902 0 71.8828
832.029 0 197.793
851.353 0 213.307
9.63036 0 186.643
115.791 0 37.046
614.792 0 222.313
72.8507 0 231.985
203.592 0 240
788.778 0 166.328
791.672 0 147.993
591.485 0 42.065
60.1616 0 201.602
42.7067 0 195.117
691.301 0 231.564
675.998 0 220.252
567.051 0 92.8673
435.112 0 72.9207
475.964 0 38.3266
362.574 0 54.6393
66.7593 0 177.558
675.562 0 136.254
380.337 0 135.293
569.728 0 261.813
435.752 0 238.951
74.4698 0 212.99
596.889 0 204.63
625.869 0 47.8925
265.674 0 154.554
551.998 0 135.103
603.953 0 133.285
847.015 0 261.197
221.599 0 261.383
32.0248 0 128.783
845.147 0 103.635
798.885 0 175.645
653.065 0 105.767
732.177 0 36.5469
148.295 0 143.144
760.533 0 77.1791
746.88 0 241.582
621.218 0 153.011
297.792 0 73.5137
212.952 0 39.599
541.977 0 38.9886
596.146 0 260.862
530.191 0 222.499
10.7945 0 167.134
189.515 0 207.767
248.498 0 193.453
798.832 0 214.086
737.549 0 171.401
441.954 0 216.325
115.211 0 261.982
889.097 0 186.992
389.947 0 150.27
379.93 0 100.751
817.747 0 122.129
290.844 0 241.102
273.266 0 131.137
484.993 0 60.3312
819.442 0 230.838
45.993 0 102.082
595.665 0 172.801
642.093 0 255.933
260.502 0 44.391
510.671 0 101.034
241.4 0 160.963
428.181 0 57.2236
801.271 0 91.6127
444.464 0 127.371
850.552 0 195.786
849.657 0 36.9263
836.593 0 53.5476
325.757 0 194.345
495.479 0 186.479
42.0392 0 173.483
47.0143 0 162.476
31.0502 0 150.185
421.719 0 38.9743
233.209 0 181.942
72.8283 0 88.7774
27.7105 0 224.553
631.319 0 37.5985
567.205 0 40.468
643.11 0 58.4467
10.1068 0 113.166
532.493 0 105.639
505.511 0 125.101
54.5337 0 137.566
832.462 0 210.384
344.65 0 207.513
379.341 0 110.767
889.269 0 37.2673
477.956 0 262.465
50.5767 0 262.753
684.683 0 98.7226
814.649 0 54.6672
300.212 0 259.422
802.541 0 134.897
791.879 0 121.901
143.807 0 236.142
259.552 0 174.361
853.146 0 112.453
120.284 0 174.604
855.75 0 178.878
667.422 0 38.2048
102.854 0 167.618
583.901 0 103.129
257.252 0 210.748
275.271 0 205.504
637.762 0 140.919
480.557 0 128.156
884.562 0 79.5126
863.171 0 216.734
810.695 0 36.5424
55.8956 0 244.531
348.536 0 261.328
511.451 0 46.0751
703.684 0 230.556
453.544 0 226.06
100.155 0 244.641
542.316 0 121.828
450.443 0 100.662
123.035 0 243.864
580.662 0 144.862
754.259 0 212.228
753.348 0 232.278
736.818 0 225.07
348.273 0 97.3078
725.621 0 61.0096
740.519 0 53.7102
660.836 0 201.626
536.738 0 203.869
557.836 0 192.68
405.086 0 262.999
423.033 0 98.591
781.24 0 122.985
172.986 0 81.2838
422.449 0 180.361
237.157 0 125.078
222.016 0 135.925
239.841 0 143.168
614.498 0 126.665
666.234 0 58.9738
84.103 0 179.687
505.018 0 37.1248
480.001 0 170.648
167.735 0 136.351
424.524 0 201.414
858.03 0 262.36
840.467 0 222.148
804.37 0 262.891
701.65 0 113.45
343.23 0 60.0074
842.799 0 243.621
322.216 0 211.901
81.1795 0 73.9171
662.819 0 238.621
157.265 0 105.812
360.695 0 197.078
303.395 0 200.632
111.055 0 130.841
598.014 0 223.785
196.858 0 100.529
188.223 0 94.5115
763.309 0 126.344
429.451 0 162.642
303.713 0 104.998
10.8655 0 123.811
276.314 0 55.2562
84.5075 0 261.8
500.461 0 195.247
485.458 0 245.857
675.162 0 260.314
294.815 0 38.2567
548.285 0 262.72
795.576 0 81.6903
804.656 0 74.7673
385.545 0 38.7628
779.837 0 139.491
603.005 0 37.2587
592.041 0 241.046
543.873 0 58.6588
211.646 0 60.9824
229.389 0 51.925
610.851 0 247.502
608.825 0 54.9677
208.507 0 101.17
730.466 0 134.533
749.795 0 146.018
525.51 0 54.134
711.069 0 262.637
279.558 0 166.877
288.326 0 173.952
557.043 0 246.941
30.2168 0 175.652
786.827 0 103.126
647.082 0 123.749
287.578 0 58.4868
411.044 0 37.489
416.654 0 243.835
401.238 0 55.0365
812.421 0 98.1634
466.526 0 240.508
222.843 0 36.2712
370.967 0 158.685
492.583 0 152.716
48.2199 0 57.9104
368.371 0 204.703
149.081 0 246.898
49.5996 0 180.758
135.682 0 216.396
860.296 0 167.937
39.5613 0 239.719
229.978 0 145.897
149.248 0 263.545
286.173 0 185.871
708.927 0 132.884
225.895 0 243.317
182.621 0 126.239
188.54 0 115.886
201.389 0 132.326
481.768 0 152.799
594.932 0 58.3986
395.177 0 263.049
163.953 0 241.951
442.672 0 171.49
108.286 0 208.424
154.882 0 37.1846
461.578 0 206.46
451.927 0 200.897
335.228 0 159.284
342.22 0 179.252
324.411 0 166.945
78.3964 0 139.542
182.224 0 166.839
172.224 0 160.758
162.084 0 173.416
56.3745 0 96.6538
409.042 0 192.394
413.492 0 171.69
580.659 0 125.489
323.079 0 102.644
383.775 0 160.981
502.6 0 135.434
545.331 0 159.399
556.931 0 172.05
850.86 0 63.2969
759.19 0 173.719
532.069 0 37.0957
225.636 0 166.552
286.307 0 205.562
468.054 0 261.696
460.471 0 159.342
111.966 0 62.8862
229.133 0 105.404
285.526 0 118.835
766.183 0 54.3296
406.672 0 156.883
696.911 0 170.634
544.318 0 99.8506
633.076 0 79.9784
488.143 0 101.346
309.377 0 246.013
496.313 0 168.838
456.555 0 184.19
75.2029 0 53.5064
519.648 0 224.418
432.833 0 98.6198
495.733 0 57.8526
721.385 0 262.224
412.73 0 226.984
163.97 0 59.9084
766.164 0 249.814
686.534 0 87.84
729.7 0 109.421
784.949 0 201.735
340.226 0 239.745
354.675 0 250.141
578.336 0 76.1544
339.605 0 217.549
832.104 0 107.992
774.001 0 62.5629
890.834 0 176.347
598.443 0 74.7489
615.209 0 67.2734
231.708 0 67.3907
238.288 0 81.661
134.461 0 96.2347
328.028 0 140.245
705.704 0 247.599
524.482 0 155.168
513.569 0 156.158
147.172 0 52.5516
240.687 0 263.487
212.919 0 115.153
727.726 0 73.4147
744.381 0 82.7764
79.8627 0 37.1696
91.5582 0 59.1787
690.478 0 179.337
815.266 0 182.169
422.771 0 137.089
408.459 0 130.648
744.152 0 178.177
117.984 0 207.651
752.029 0 157.499
417.24 0 59.422
770.109 0 261.741
783.85 0 262.875
744.717 0 210.481
690.357 0 151.698
699.199 0 157.993
10.6113 0 147.687
826.771 0 149.291
605.202 0 96.0664
278.113 0 263.016
615.37 0 211.166
38.4564 0 87.146
534.218 0 192.373
461.073 0 219.251
387.529 0 49.6936
878.083 0 230.626
746.583 0 128.69
280.707 0 99.487
189.972 0 136.316
407.211 0 211.554
601.918 0 151.132
192.609 0 156.452
470.687 0 141.249
512.383 0 172.35
446.723 0 235.748
432.743 0 144.714
444.872 0 147.81
363.838 0 185.368
103.788 0 72.0719
122.725 0 77.6221
821.991 0 215.964
284.334 0 37.3723
258.784 0 220.434
664.145 0 262.194
181.703 0 146.997
434.67 0 203.331
424.598 0 222.209
835.018 0 187.912
57.7774 0 213.936
776.559 0 166.453
861.189 0 134.763
293.999 0 125.186
769.824 0 156.8
121.754 0 114.636
504.13 0 220.909
182.211 0 60.7511
22.6658 0 166.627
145.951 0 131.857
699.656 0 135.996
368.538 0 37.1368
139.313 0 81.8488
144.531 0 65.6553
27.1272 0 185.523
794.34 0 109.552
370.904 0 235.237
219.41 0 224.644
224.095 0 213.575
237.345 0 217.261
777.907 0 210.258
264.765 0 83.7006
254.27 0 81.6436
156.116 0 69.8297
85.1395 0 123.434
850.55 0 234.777
433.743 0 186.465
515.02 0 81.5399
523.522 0 66.0019
855.964 0 101.784
850.733 0 82.5515
841.947 0 86.6704
866.967 0 152.648
400.5 0 184.174
154.014 0 214.15
634.882 0 218.327
691.47 0 128.753
139.163 0 113.2
623.544 0 262.659
322.335 0 257.154
332.241 0 65.4496
158.79 0 262.328
108.38 0 228.406
708.782 0 175.58
601.537 0 183.011
397.417 0 112.566
728.74 0 90.7281
617.975 0 176.848
888.952 0 157.163
413.542 0 116.461
833.738 0 72.5167
80.9354 0 247.71
124.741 0 95.5377
874.318 0 109.975
92.484 0 37.0979
868.503 0 196.889
516.614 0 205.025
586.229 0 171.455
349.029 0 85.7135
616.79 0 232.099
658.367 0 248.924
354.158 0 152.993
275.499 0 223.224
9.78945 0 100.795
726.779 0 251.809
186.014 0 242.526
66.7078 0 150.77
180.566 0 211.92
212.574 0 182.62
211.846 0 196.867
196.831 0 191.337
655.38 0 147.886
503.391 0 80.7529
91.1106 0 75.8475
150.079 0 201.139
333.244 0 248.67
492.243 0 217.76
487.477 0 235.096
123.636 0 216.12
196.314 0 261.006
392.036 0 168.523
591.851 0 188.134
219.522 0 70.5963
545.728 0 241.348
644.242 0 236.437
67.8257 0 264.338
877.447 0 264.682
890.649 0 247.761
595.636 0 116.649
575.89 0 109.806
676.905 0 208.03
441.711 0 116.411
10.4403 0 196.764
304.978 0 173.444
875.405 0 170.848
871.459 0 185.881
393.66 0 217.228
766.197 0 138.645
473.873 0 93.1453
313.606 0 36.7524
587.356 0 219.409
432.089 0 36.8502
241.7 0 37.1967
179.347 0 223.421
499.466 0 89.5153
161.946 0 127.808
505.592 0 187.019
761.201 0 112.908
763.189 0 96.296
776.29 0 108.27
165.687 0 37.9323
517.985 0 236.527
107.222 0 238.477
467.016 0 186.653
22.8169 0 96.9732
28.3896 0 108.013
830.615 0 232.835
684.989 0 37.2255
248.901 0 220.373
260.52 0 237.967
322.603 0 62.5402
772.23 0 229.142
694.392 0 209.875
346.105 0 108.411
800.926 0 41.1181
439.078 0 53.6416
485.965 0 185.724
605.909 0 263.968
414.132 0 71.1327
407.41 0 82.9776
813.055 0 131.247
619.367 0 80.9058
710.245 0 143.425
632.439 0 201.76
633.981 0 186.065
437.682 0 82.8466
532.948 0 71.7725
387.874 0 82.2398
397.779 0 66.9159
321.332 0 228.84
301.376 0 88.8849
322.301 0 52.4361
399.477 0 101.472
349.259 0 38.7226
317.383 0 146.627
337.905 0 147.03
88.004 0 152.85
473.906 0 60.7039
489.301 0 48.5313
296.124 0 153.179
299.127 0 142.654
549.056 0 207.987
295.55 0 49.4495
450.345 0 191.162
337.547 0 198.208
227.509 0 198.39
242.015 0 186.328
242.215 0 201.659
569.116 0 130.058
821.733 0 82.1941
705.48 0 102.903
715.377 0 100.447
480.672 0 215.484
693.214 0 262.373
544.464 0 88.8896
23.4143 0 262.105
431.87 0 109.469
679.878 0 165.562
803.35 0 57.7701
262.679 0 64.6978
257.927 0 262.808
431.448 0 229.555
755.141 0 194.65
558.694 0 227.803
384.65 0 220.904
642.831 0 78.1079
141.792 0 165.091
778.367 0 85.758
890.17 0 108.398
231.46 0 233.077
698.595 0 221.783
713.022 0 210.403
716.246 0 226.551
39.5088 0 121.826
53.385 0 128.147
178.473 0 98.8287
222.125 0 88.3931
81.1957 0 92.9357
559.491 0 102.253
273.794 0 240.563
272.597 0 251.289
301.875 0 190.379
111.926 0 80.1607
378.104 0 264.156
531.554 0 86.3756
840.971 0 166.52
99.1696 0 134.859
115.14 0 145.86
539.396 0 176.39
151.76 0 86.1012
304.02 0 217.304
74.5867 0 107.434
202.205 0 159.01
580.683 0 233.647
813.071 0 202.233
131.45 0 264.573
468.683 0 46.9573
368.594 0 264.107
48.3711 0 37.0338
268.715 0 194.933
136.648 0 185.089
817.243 0 163.342
781.425 0 243.767
93.4749 0 182.483
584.585 0 153.759
65.6962 0 193.542
891.147 0 59.0023
129.921 0 144.256
258.016 0 188.971
892.166 0 259.777
628.541 0 125.004
624.972 0 142.163
614.38 0 136.768
456.838 0 75.6994
334.183 0 76.2148
494.966 0 264.276
806.451 0 155.898
850.347 0 149.822
380.541 0 189.232
480.508 0 200.681
826.812 0 50.1902
688.908 0 46.5524
606.553 0 205.04
303.733 0 122.716
361.128 0 235.635
359.607 0 217.114
351.05 0 229.043
318.588 0 201.498
8.58218 0 232.398
331.841 0 35.7515
8.30268 0 49.1961
8.50082 0 68.4188
754.054 0 36.6163
421.535 0 50.0691
213.733 0 240.474
786.362 0 223.905
872.364 0 63.0901
216.248 0 168.856
220.134 0 158.528
719.651 0 46.7216
712.285 0 61.1665
703.022 0 56.8172
74.2955 0 159.774
206.472 0 248.338
660.03 0 190.755
560.666 0 120.498
435.667 0 253.037
191.431 0 85.4109
891.646 0 214.097
41.0511 0 77.7656
23.2277 0 203.132
559.748 0 85.7977
867.75 0 35.923
253.114 0 122.831
267.056 0 123.281
676.403 0 71.1514
866.274 0 245.03
663.479 0 93.1975
766.46 0 36.4475
412.84 0 150.523
91.2605 0 213.166
91.4808 0 223.937
576.595 0 173.081
771.282 0 187.639
784.104 0 186.668
450.666 0 263.875
432.417 0 263.64
270.774 0 175.639
48.6975 0 239.23
109.761 0 175.403
398.109 0 130.518
166.979 0 197.836
81.6343 0 197.163
91.9611 0 199.781
116.724 0 157.554
258.62 0 161.457
668.095 0 48.0354
676.032 0 35.8903
139.025 0 247.06
74.1051 0 223.483
881.835 0 58.5725
333.058 0 180.044
626.804 0 170.066
630.196 0 159.638
20.2278 0 240.477
368.759 0 225.11
384.446 0 237.734
645.102 0 215.072
330.78 0 45.2373
169.481 0 250.266
173.064 0 241.017
34.5885 0 247.4
876.008 0 153.652
879.137 0 137.109
891.39 0 146.309
656.343 0 127.599
402.797 0 138.256
741.426 0 35.7655
678.479 0 248.218
57.198 0 157.926
135.53 0 37.2211
307.45 0 113.497
265.472 0 205.321
704.508 0 36.416
635.537 0 263.937
254.143 0 36.0617
695.199 0 250.324
814.793 0 222.407
840.349 0 35.3961
495.343 0 37.2246
562.729 0 148.713
569.659 0 159.983
570.897 0 141.361
140.225 0 264.264
867.82 0 264.71
23.3103 0 133.081
29.4209 0 118.309
20.386 0 115.145
677.962 0 230.431
851.018 0 131.728
634.276 0 69.5465
263.9 0 95.7034
249.536 0 97.3658
251.003 0 110.769
255.912 0 53.5012
286.362 0 79.3039
523.291 0 113.549
512.51 0 109.84
317.448 0 82.0257
722.368 0 35.939
701.535 0 46.4772
877.473 0 94.5324
891.593 0 98.827
514.587 0 36.3061
40.9707 0 263.427
891.192 0 125.161
85.4634 0 108.35
9.27508 0 177.749
720.631 0 146.553
521.747 0 175.875
483.381 0 83.1071
246.83 0 55.8529
239.487 0 49.0715
447.948 0 254.303
808.664 0 238.958
202.929 0 198.476
209.887 0 206.054
261.595 0 253.985
308.337 0 139.694
609.87 0 112.571
447.038 0 60.5279
622.067 0 37.3564
207.351 0 51.7842
439.209 0 162.589
477.7 0 161.339
82.2157 0 227.791
244.26 0 247.071
755.296 0 248.755
310.009 0 129.86
122.776 0 166.296
628.189 0 245.227
621.271 0 251.688
637.749 0 247.561
7.88547 0 156.081
20.9274 0 147.587
120.919 0 86.1256
107.276 0 98.3973
646.679 0 159.46
822.203 0 35.7989
727.194 0 201.219
602.698 0 241.271
37.9804 0 35.4444
495.774 0 203.386
40.3893 0 155.328
103.357 0 115.847
49.4848 0 47.0528
32.2995 0 48.1442
749.87 0 110.534
399.884 0 231.33
720.253 0 117.172
70.237 0 122.171
825.609 0 263.467
876.287 0 74.4134
785.903 0 35.8089
599.604 0 164.212
701.224 0 84.8949
150.594 0 114.032
60.5748 0 77.8058
177.596 0 193.42
172.693 0 179.987
162.87 0 182.607
90.7349 0 241.011
57.2075 0 116.368
64.9401 0 103.718
137.693 0 203.166
147.34 0 188.214
709.833 0 119.728
456.314 0 235.089
721.069 0 107.81
377.859 0 201.403
847.667 0 122.312
683.962 0 264.3
390.529 0 189.939
177.068 0 264.732
658.612 0 138.258
427.324 0 126.454
865.534 0 126.195
726.019 0 182.184
166.495 0 98.8545
170.187 0 116.129
425.988 0 77.2061
346.071 0 188.025
227.23 0 125.192
65.9779 0 209.162
742.054 0 161.98
459.41 0 265.07
647.315 0 188.199
506.395 0 203.4
383.084 0 173.037
527.023 0 96.9043
534.512 0 116.264
672.604 0 240.149
283.942 0 236.752
289.978 0 249.361
814.612 0 264.192
550.087 0 116.304
664.948 0 155.315
494.793 0 108.269
362.858 0 98.8347
177.456 0 35.4619
129.747 0 249.472
128.316 0 128.828
756.419 0 54.1157
771.585 0 45.4377
863.345 0 52.1324
796.71 0 142.146
723.879 0 155.852
362.131 0 110.661
702.499 0 74.9973
424.227 0 170.648
68.5411 0 35.3487
854.465 0 54.9191
125.506 0 158.279
130.691 0 174.479
805.262 0 221.14
389.271 0 96.514
822.651 0 196.135
328.119 0 84.0113
433.964 0 220.187
661.375 0 164.51
586.989 0 264.154
461.703 0 169.377
837.745 0 251.683
744.529 0 100.028
36.7995 0 137.031
367.109 0 127.053
104.818 0 35.7718
109.314 0 190.555
876.116 0 220.988
423.467 0 117.854
858.534 0 92.0227
640.635 0 37.7232
292.044 0 135.26
512.117 0 264.086
501.929 0 248.098
514.005 0 251.699
892.435 0 68.2002
444.717 0 207.551
646.686 0 264.528
265.98 0 35.8177
465.954 0 250.743
90.9509 0 90.4773
827.675 0 167.965
858.445 0 35.6319
294.403 0 104.985
841.648 0 194.087
547.603 0 49.4499
590.369 0 251.911
550.383 0 34.9237
573.895 0 252.94
559.117 0 50.4108
589.668 0 198.689
305.182 0 53.7024
313.374 0 47.4356
366.408 0 46.5231
835.663 0 125.117
310.077 0 160.094
8.13865 0 252.926
244.155 0 236.073
342.425 0 164.453
487.882 0 123.011
65.2178 0 167.75
786.387 0 252.002
23.5251 0 76.3946
33.4474 0 69.9927
28.6186 0 60.6777
599.996 0 142.431
645.257 0 202.987
384.34 0 142.211
622.702 0 204.866
275.281 0 186.103
879.176 0 247.408
449.677 0 85.0474
59.0243 0 265.299
304.205 0 64.5142
268.421 0 74.1766
324.715 0 131.666
660.353 0 226.752
31.7689 0 194.035
638.666 0 156.031
759.844 0 203.846
101.53 0 149.825
821.965 0 113.228
596.104 0 214.306
744.142 0 65.0803
740.422 0 73.7499
222.964 0 115.13
211.813 0 131.499
801.39 0 115.958
648.092 0 48.8307
377.487 0 80.6504
197.996 0 118.076
521.168 0 127.084
793.733 0 205.334
753.761 0 65.3185
846.298 0 177.842
735.007 0 101.027
807.432 0 177.723
804.582 0 194.247
795.915 0 184.941
404.188 0 245.796
859.921 0 146.161
465.544 0 89.565
322.852 0 34.9188
577.226 0 200.597
591.65 0 107.651
574.601 0 214.228
189.736 0 75.9833
198.606 0 69.79
204.738 0 34.9505
192.793 0 46.3309
366.536 0 167.391
393.119 0 35.1742
177.671 0 256.098
162.73 0 144.39
614.657 0 168.381
735.854 0 125.925
658.431 0 37.1009
237.252 0 90.2256
330.49 0 94.6315
93.4318 0 50.2813
109.79 0 44.6097
341.521 0 49.5233
371.858 0 73.8455
361.776 0 74.3337
357.103 0 171.281
136.667 0 228.259
683.466 0 195.633
194.752 0 214.759
757.59 0 165.45
231.757 0 35.1479
251.386 0 202.922
176.956 0 107.341
502.077 0 70.9228
554.138 0 71.27
882.728 0 213.426
869.895 0 44.9781
304.571 0 35.0506
94.7353 0 264.343
456.261 0 93.3988
404.419 0 165.553
782.465 0 173.269
717.581 0 91.0522
192.405 0 60.1383
120.542 0 191.724
152.496 0 228.181
586 0 137.155
386.333 0 65.8057
416.973 0 90.1464
783.828 0 148.153
503.185 0 236.754
718.12 0 175.815
376.079 0 219.655
717.346 0 195.017
619.594 0 96.2329
347.624 0 136.76
635.26 0 175.67
337.396 0 125.106
559.708 0 129.994
886.929 0 265.425
841.791 0 212.283
125.624 0 36.0145
130.906 0 52.9569
121.159 0 46.4351
417.516 0 196.004
371.37 0 57.0224
734.552 0 242.163
610.923 0 238.474
122.996 0 264.963
388.423 0 206.62
405.333 0 73.0467
242.739 0 177.405
248.896 0 264.081
647.694 0 96.0307
633.057 0 95.8314
633.729 0 107.252
413.592 0 100.748
620.562 0 107.774
387.062 0 116.084
200.206 0 141.08
21.0941 0 35.351
391.938 0 249.066
386.729 0 265.491
285.988 0 153.734
790.561 0 231.337
66.3267 0 49.7301
683.602 0 214.199
498.618 0 256.125
612.004 0 35.4119
523.586 0 34.9456
416.58 0 187.399
261.226 0 228.894
831.114 0 35.0439
594.824 0 34.7155
670.81 0 109.13
575.349 0 189.843
672.168 0 100.371
772.437 0 202.57
850.816 0 204.397
867.648 0 206.459
702.264 0 264.776
744.161 0 194.557
741.209 0 145.022
486.597 0 264.326
761.555 0 217.857
598.678 0 233.427
449.229 0 120.014
231.41 0 265.145
672.109 0 125.379
465.082 0 79.8895
843.129 0 43.8672
483.892 0 109.074
537.907 0 167.116
167.969 0 49.6353
119.207 0 226.139
125.798 0 233.34
688.135 0 243.868
736.234 0 45.3413
710.376 0 70.9182
193.43 0 199.899
828.473 0 252.781
811.188 0 256.475
660.682 0 214.028
225.284 0 252.311
234.417 0 249.411
194.772 0 109.477
763.932 0 234.594
606.475 0 222.651
227.969 0 188.864
566.12 0 112.295
740.855 0 265.151
22.2377 0 44.0933
794.838 0 34.8019
196.245 0 35.7564
468.775 0 212.762
265.572 0 135.201
46.0067 0 112.031
86.1409 0 67.3115
553.299 0 163.333
282.046 0 138.293
623.472 0 217.106
65.1047 0 229.531
853.534 0 187.804
594.535 0 136.368
753.134 0 178.895
538.714 0 65.3006
243.596 0 65.5427
675.813 0 191.361
171.523 0 208.229
607.327 0 195.634
487.948 0 145.732
6.88916 0 214.045
240.351 0 152.546
687.046 0 109.266
678.599 0 116.208
539.115 0 264.534
237.368 0 108.919
861.564 0 116.325
76.5203 0 264.942
811.456 0 45.7399
213.081 0 264.419
281.564 0 254.998
844.173 0 139.269
486.878 0 136.647
95.512 0 102.164
404.843 0 45.8872
401.8 0 36.4963
440.442 0 34.7156
350.857 0 162.015
347.188 0 146.743
327.25 0 159.449
143.063 0 98.4611
105.561 0 264.015
520.161 0 137.822
809.581 0 139.598
230.739 0 85.6108
684.353 0 224.951
223.811 0 99.1676
316.935 0 112.303
320.391 0 119.288
414.301 0 262.745
517.315 0 96.267
280.063 0 147.471
123.068 0 67.5325
16.7128 0 249.718
53.9168 0 253.628
63.8079 0 248.68
605.852 0 255.102
529.132 0 45.5896
617.112 0 50.1276
614.344 0 265.278
549.154 0 229.967
102.338 0 62.8998
474.1 0 230.809
403.601 0 200.677
187.199 0 227.475
687.596 0 170.795
394.264 0 199.59
316.745 0 264.854
355.32 0 189.889
375.922 0 66.0387
390.925 0 72.9252
750.389 0 265.727
672.644 0 173.758
498.428 0 159.578
575.525 0 100.564
153.833 0 124.098
549.748 0 178.75
564.78 0 177.574
565.318 0 187.029
535.872 0 142.128
535.251 0 126.097
545.705 0 128.883
891.387 0 230.815
662.806 0 112.285
578.299 0 264.392
307.71 0 227.542
137.519 0 47.0233
327.061 0 264.919
94.5541 0 125.795
292.889 0 65.4313
338.133 0 264.652
828.782 0 140.063
26.4598 0 157.479
185.64 0 175.806
362.779 0 140.426
375.279 0 130.209
373.961 0 141.741
19.64 0 222.727
562.582 0 238.288
112.737 0 121.394
522.101 0 187.605
877.3 0 205.213
879.334 0 188.35
834.495 0 151.059
696.074 0 66.9418
551.162 0 106.012
114.357 0 244.135
853.92 0 45.572
591.096 0 51.5424
585.361 0 61.7998
576.259 0 58.0561
173.466 0 64.9624
847.554 0 71.5499
844.371 0 58.3655
832.492 0 62.8885
182.583 0 43.788
277.057 0 108.792
466.788 0 35.6086
682.474 0 157.405
306.671 0 238.696
818.653 0 63.7985
801.768 0 66.4683
691.813 0 188.111
531.227 0 265.064
106.004 0 159.709
576.606 0 49.5031
85.1634 0 144.297
420.371 0 252.618
425.488 0 238.328
80.1519 0 101.409
68.493 0 81.2312
532.425 0 151.061
528.328 0 163.228
138.717 0 145.51
759.941 0 265.436
813.555 0 76.772
721.67 0 234.597
714.109 0 243.719
706.266 0 239.479
245.741 0 127.301
427.232 0 154.5
675.47 0 81.9044
766.998 0 177.877
703.086 0 213.372
54.8394 0 87.5499
64.5602 0 94.1577
569.705 0 72.4092
16.8888 0 69.1167
735.025 0 154.378
893.183 0 76.7321
608.015 0 45.1234
683.068 0 54.1908
462.583 0 145.625
228.785 0 174.048
576.79 0 85.6954
585.91 0 93.3106
164.607 0 87.7303
458.405 0 50.1744
456.802 0 58.1942
377.324 0 35.7969
529.904 0 248.556
538.393 0 249.415
733.062 0 56.4658
62.0189 0 132.377
483.486 0 254.822
890.814 0 196.539
798.356 0 127.093
134.686 0 256.536
119.318 0 252.244
784.693 0 55.6476
592.702 0 180.162
519.678 0 50.1058
251.833 0 72.2836
371.229 0 115.522
59.9283 0 144.831
509.629 0 141.33
418.645 0 208.631
731.047 0 217.367
250.063 0 173.773
711.658 0 201.464
794.786 0 49.995
782.921 0 46.6875
556.025 0 215.648
200.347 0 231.781
195.03 0 241.143
513.284 0 66.5805
293.142 0 233.076
674.12 0 155.452
473.264 0 110.868
286.454 0 265.257
386.806 0 130.455
754.917 0 223.536
633.515 0 227.533
625.424 0 235.264
451.551 0 44.6657
838.965 0 264.907
16.5865 0 50.8978
443.762 0 68.7674
429.742 0 65.9805
277.862 0 231.75
735.965 0 115.832
747.246 0 91.2425
551.195 0 188.77
559.198 0 35.0703
62.9864 0 185.494
546.13 0 142.459
741.22 0 203.014
104.412 0 199.758
631.226 0 134.678
326.242 0 174.741
7.07325 0 132.004
860.205 0 228.949
868.508 0 233.979
752.248 0 82.0231
784.671 0 131.329
277.362 0 124.104
822.182 0 246.811
204.704 0 167.306
182.744 0 202.624
344.259 0 78.0042
57.8553 0 225.373
50.7024 0 229.608
267.396 0 112.518
440.557 0 44.7125
186.378 0 252.133
439.072 0 136.861
453.173 0 132.232
454.36 0 142.057
296.221 0 169.608
327.717 0 202.733
196.655 0 91.1792
625.308 0 64.8477
256.596 0 153.107
83.0827 0 171.283
93.5133 0 165.769
98.7066 0 175.156
561.232 0 76.9147
249.049 0 158.197
243.531 0 168.372
464.435 0 124.877
472.464 0 120.872
452.728 0 34.737
594.17 0 154.387
532.905 0 214.263
539.54 0 222.415
668.219 0 205.214
666.604 0 221.453
648.816 0 85.1777
838.701 0 181.154
830.126 0 179.743
177.913 0 50.5603
882.363 0 127.155
497.592 0 120.378
144.668 0 34.7765
151.959 0 45.0559
51.3563 0 198.943
255.616 0 247.506
431.489 0 195.373
753.768 0 45.5281
747.927 0 50.3969
567.979 0 61.9784
892.754 0 167.006
7.15743 0 140.143
852.448 0 161.129
57.5259 0 179.898
224.332 0 44.4873
332.431 0 131.692
477.554 0 135.695
892.411 0 85.1714
503.21 0 104.842
491.165 0 91.5478
523.259 0 264.421
637.621 0 119.454
134.074 0 63.6864
851.394 0 243.571
724.794 0 126.474
667.884 0 194.666
205.497 0 82.5074
747.209 0 250.523
328.441 0 186.945
654.043 0 240.543
164.12 0 214.565
415.819 0 235.582
152.037 0 254.458
555.074 0 143.374
19.8208 0 60.5555
846.345 0 251.694
89.5036 0 232.537
204.56 0 265.742
295.593 0 266.039
160.18 0 233.824
75.7961 0 66.8682
471.519 0 173.592
237.138 0 98.668
523.698 0 215.979
893.503 0 222.347
316.677 0 177.125
318.575 0 188.376
281.329 0 62.9822
156.695 0 244.836
621.958 0 186.046
340.867 0 92.1187
267.128 0 223.501
725.462 0 209.637
657.819 0 85.8662
525.24 0 256.017
201.916 0 62.8199
757.5 0 142.075
754.412 0 127.739
749.429 0 136.754
212.294 0 88.3937
72.9963 0 145.348
614.057 0 160.337
463.311 0 65.1221
481.347 0 192.352
383.363 0 248.064
726.4 0 42.6274
794.572 0 98.1335
795.391 0 265.712
879.98 0 161.267
709.176 0 159.114
705.911 0 151.399
882.28 0 110.753
892.946 0 116.804
201.526 0 182.37
197.331 0 174.78
862.825 0 160.01
129.825 0 117.694
585.538 0 35.3095
34.3669 0 229.789
372.98 0 87.1702
564.645 0 252.485
291.025 0 216.222
317.964 0 97.2253
761.226 0 158.662
663.343 0 121.582
458.004 0 104.798
306.472 0 264.87
306.708 0 254.331
315.478 0 251.577
616.876 0 144.91
30.9454 0 91.0698
75.9208 0 79.8393
718.952 0 55.467
341.084 0 34.1342
700.53 0 188.861
707.84 0 184.71
873.649 0 102.203
37.4749 0 105.678
38.8547 0 96.2391
349.784 0 70.2017
842.409 0 148.341
78.6075 0 46.5079
806.452 0 163.475
798.16 0 151.772
790.187 0 156.024
709.286 0 254.313
275.676 0 34.8533
211.143 0 152.228
63.8022 0 238.559
300.939 0 97.1829
18.2722 0 184.934
30.1057 0 209.388
43.0353 0 202.965
240.83 0 255.289
409.525 0 55.4378
576.344 0 33.8753
436.183 0 126.796
41.651 0 51.5567
271.409 0 148.794
503.153 0 263.779
527.193 0 239.768
533.503 0 230.832
842.421 0 94.5212
833.992 0 91.6032
828.198 0 99.2259
804.53 0 82.9222
656.688 0 97.9644
123.397 0 200.15
802.635 0 244.297
364.947 0 89.4234
359.488 0 82.9135
577.729 0 117.456
331.068 0 104.735
234.472 0 165.227
180.904 0 89.8388
835.978 0 134.842
553.617 0 200.003
562.139 0 200.187
564.651 0 213.401
340.483 0 256.351
299.047 0 240.709
195.611 0 224.563
667.075 0 139.195
671.447 0 147.063
812.1 0 247.642
541.2 0 256.877
46.3021 0 188.091
745.03 0 226.729
731.273 0 233.422
170.291 0 224.611
318.43 0 127.145
434.072 0 169.059
38.7383 0 209.694
436.503 0 211.211
788.097 0 140.826
151.625 0 160.843
167.133 0 166.932
164.803 0 154.4
115.167 0 137.345
32.096 0 265.622
138.228 0 72.9256
449.033 0 218.622
236.4 0 73.3351
739.712 0 217.543
858.587 0 196.254
230.084 0 59.7552
492.61 0 250.31
46.6164 0 84.8548
824.602 0 238.905
246.293 0 80.0993
769.581 0 219.969
798.041 0 167.845
796.428 0 249.181
787.544 0 238.12
46.2777 0 139.76
8.04238 0 264.548
74.4277 0 193.156
79.6252 0 187.104
76.0878 0 178.502
7.93927 0 223.388
503.767 0 96.4593
612.081 0 152.28
878.032 0 118.815
518.414 0 73.0893
131.593 0 78.639
150.97 0 97.7546
138.4 0 104.368
84.2045 0 53.2761
470.065 0 202.053
673.757 0 53.812
717.843 0 75.9616
584.552 0 45.973
357.865 0 45.4499
506.158 0 53.6886
4.54545 0 281.818
5.76021 0 285.913
12.7341 0 285.613
0 0 277.273
5.72841 0 277.444
12.3584 0 277.936
4.54545 0 18.1818
0 0 13.6364
5.79308 0 14.0896
5.44808 0 22.345
12.2978 0 21.388
12.8457 0 14.2915
895.455 0 281.818
894.448 0 286.112
887.308 0 285.618
895.307 0 277.403
887.696 0 278.444
895.455 0 18.1818
894.488 0 22.3897
887.316 0 21.8358
895.2 0 13.7038
887.842 0 14.7808

CELLS 6154 24616
3 1585 2171 1121
3 334 67 68
3 521 520 423
3 429 331 332
3 426 425 328
3 331 330 64
3 432 334 335
3 337 70 71
3 3028 1413 2001
3 524 523 426
3 429 428 331
3 334 333 67
3 435 337 338
3 340 73 74
3 1792 2916 2132
3 527 526 429
3 432 431 334
3 337 336 70
3 438 340 341
3 343 76 77
3 2436 1756 1327
3 530 529 432
3 435 434 337
3 340 339 73
3 441 343 344
3 346 79 80
3 2156 1393 1174
3 533 532 435
3 438 437 340
3 343 342 76
3 344 343 77
3 444 346 347
3 446 348 349
3 2202 627 1774
3 134 135 855
3 131 132 3203
3 547 449 450
3 136 854 135
3 2041 894 1419
3 853 852 755
3 1921 3102 1173
3 755 657 658
3 836 739 837
3 851 754 852
3 1443 993 2286
3 753 655 656
3 752 654 655
3 2828 126 1551
3 839 150 151
3 659 129 130
3 2674 659 658
3 750 848 847
3 1099 2191 1790
3 748 747 650
3 747 746 649
3 2612 1764 1078
3 844 843 746
3 1550 2847 1306
3 842 745 843
3 844 145 146
3 842 148 841
3 3026 1514 1887
3 1722 1071 3120
3 743 645 646
3 741 643 644
3 2317 2382 545
3 828 730 731
3 345 344 78
3 537 536 439
3 351 84 85
3 831 733 734
3 734 636 637
3 831 734 832
3 349 348 82
3 546 448 449
3 354 87 88
3 835 834 737
3 958 1860 3005
3 835 738 836
3 352 351 85
3 2725 1802 1473
3 357 90 91
3 548 547 450
3 452 451 354
3 553 455 456
3 356 355 89
3 1106 2234 1722
3 360 93 94
3 455 454 357
3 2774 2199 1844
3 459 361 362
3 360 359 93
3 2321 2467 1418
3 363 96 97
3 1801 557 2558
3 560 1540 559
3 3208 3211 101
3 364 363 97
3 365 98 99
3 365 99 100
3 333 66 67
3 3158 1219 1781
3 518 517 420
3 422 421 324
3 326 325 59
3 426 328 329
3 330 63 64
3 2943 1746 1336
3 515 514 417
3 419 418 321
3 323 322 56
3 423 325 326
3 327 60 61
3 1821 1177 2693
3 512 511 414
3 416 415 318
3 320 319 53
3 420 322 323
3 324 57 58
3 2706 1365 2194
3 509 508 411
3 413 412 315
3 317 316 50
3 417 319 320
3 321 54 55
3 1405 3137 2932
3 506 505 408
3 410 409 312
3 314 313 47
3 414 316 317
3 318 51 52
3 2073 2001 1449
3 503 502 405
3 407 406 309
3 311 310 44
3 411 313 314
3 315 48 49
3 2213 961 1931
3 500 499 402
3 404 403 306
3 308 307 41
3 408 310 311
3 312 45 46
3 2195 1204 2115
3 497 496 399
3 401 400 303
3 305 304 38
3 405 307 308
3 309 42 43
3 2254 1948 1422
3 494 493 396
3 398 397 300
3 302 301 35
3 402 304 305
3 306 39 40
3 1508 2232 878
3 491 490 393
3 395 394 297
3 299 298 32
3 399 301 302
3 303 36 37
3 3073 1603 2516
3 488 487 390
3 392 391 294
3 296 295 29
3 396 298 299
3 300 33 34
3 3155 1033 1602
3 485 484 387
3 389 388 291
3 293 292 26
3 393 295 296
3 297 30 31
3 2839 2474 1118
3 482 481 384
3 386 385 288
3 290 289 23
3 390 292 293
3 294 27 28
3 2576 2327 978
3 479 478 381
3 383 382 285
3 287 286 20
3 387 289 290
3 291 24 25
3 3105 1736 986
3 476 475 378
3 380 379 282
3 284 283 17
3 384 286 287
3 288 21 22
3 1489 2539 3171
3 381 478 380
3 377 376 279
3 281 280 14
3 1280 1702 2456
3 285 18 19
3 2999 1360 2385
3 470 469 372
3 482 483 2514
3 1197 2259 1818
3 766 765 668
3 668 570 571
3 764 667 765
3 2315 262 1622
3 666 764 763
3 2240 3156 564
3 763 762 665
3 1538 2909 2465
3 761 664 762
3 3107 1180 2089
3 663 662 565
3 1648 1811 1055
3 663 565 566
3 764 225 226
3 1736 3105 2756
3 760 759 662
3 2572 2799 1621
3 2843 1055 1811
3 1706 2843 3176
3 3196 562 563
3 3196 3195 562
3 1708 2189 2138
3 661 3196 563
3 767 766 669
3 2358 2953 1009
3 235 3191 3192
3 3095 2048 1093
3 234 3192 758
3 1587 1203 2272
3 267 0 1
3 233 234 232
3 471 470 373
3 282 283 380
3 375 376 473
3 278 277 11
3 1061 1806 1805
3 282 15 16
3 471 373 374
3 1925 1180 2083
3 470 471 2525
3 276 275 9
3 2893 3031 1261
3 279 12 13
3 469 371 372
3 371 370 273
3 373 275 276
3 11 277 10
3 2327 1182 1640
3 276 9 10
3 274 371 273
3 1261 3031 2580
3 263 1622 262
3 271 270 4
3 464 263 264
3 273 6 7
3 3201 366 367
3 369 271 272
3 270 271 368
3 269 268 2
3 267 3199 3198
3 270 3 4
3 1 268 267
3 2 268 1
3 3202 3199 268
3 2 3 269
3 5 271 4
3 3202 268 269
3 3 270 269
3 5 6 272
3 8 274 7
3 467 369 370
3 5 272 271
3 8 9 275
3 468 370 371
3 272 6 273
3 7 274 273
3 11 12 278
3 277 278 375
3 274 8 275
3 14 280 13
3 376 278 279
3 10 277 276
3 14 15 281
3 17 283 16
3 378 280 281
3 12 279 278
3 17 18 284
3 381 283 284
3 279 13 280
3 20 286 19
3 477 379 380
3 15 282 281
3 20 21 287
3 2683 2280 575
3 282 16 283
3 23 289 22
3 480 382 383
3 18 285 284
3 23 24 290
3 768 671 769
3 285 19 286
3 26 292 25
3 483 385 386
3 21 288 287
3 26 27 293
3 771 674 772
3 288 22 289
3 29 295 28
3 486 388 389
3 24 291 290
3 29 30 296
3 774 677 775
3 291 25 292
3 32 298 31
3 489 391 392
3 27 294 293
3 32 33 299
3 777 680 778
3 294 28 295
3 35 301 34
3 492 394 395
3 30 297 296
3 35 36 302
3 780 683 781
3 297 31 298
3 38 304 37
3 495 397 398
3 33 300 299
3 38 39 305
3 783 686 784
3 300 34 301
3 41 307 40
3 498 400 401
3 36 303 302
3 41 42 308
3 786 689 787
3 303 37 304
3 44 310 43
3 501 403 404
3 39 306 305
3 44 45 311
3 790 692 693
3 306 40 307
3 47 313 46
3 504 406 407
3 42 309 308
3 47 48 314
3 792 695 793
3 309 43 310
3 50 316 49
3 507 409 410
3 45 312 311
3 50 51 317
3 795 698 796
3 312 46 313
3 53 319 52
3 510 412 413
3 48 315 314
3 53 54 320
3 798 701 799
3 315 49 316
3 56 322 55
3 513 415 416
3 51 318 317
3 56 57 323
3 801 704 802
3 318 52 319
3 59 325 58
3 516 418 419
3 54 321 320
3 59 60 326
3 804 707 805
3 321 55 322
3 62 328 61
3 519 421 422
3 57 324 323
3 62 63 329
3 807 710 808
3 324 58 325
3 65 331 64
3 522 424 425
3 60 327 326
3 65 66 332
3 810 713 811
3 327 61 328
3 811 714 812
3 328 62 329
3 63 330 329
3 68 69 335
3 70 336 69
3 527 429 430
3 814 717 815
3 331 65 332
3 66 333 332
3 71 72 338
3 73 339 72
3 530 432 433
3 817 720 818
3 334 68 335
3 69 336 335
3 74 75 341
3 76 342 75
3 533 435 436
3 820 723 821
3 337 71 338
3 72 339 338
3 77 78 344
3 79 345 78
3 536 438 439
3 823 726 824
3 340 74 341
3 75 342 341
3 80 81 347
3 82 348 81
3 539 441 442
3 83 349 82
3 540 442 443
3 84 350 83
3 1345 2989 1862
3 543 445 446
3 345 79 346
3 448 350 351
3 346 80 347
3 81 348 347
3 85 86 352
3 87 353 86
3 446 445 348
3 451 353 354
3 349 83 350
3 84 351 350
3 88 89 355
3 353 352 86
3 449 448 351
3 90 356 89
3 970 2182 1895
3 545 2382 544
3 353 87 354
3 88 355 354
3 91 92 358
3 93 359 92
3 456 358 359
3 2520 1267 1828
3 356 90 357
3 552 551 454
3 357 91 358
3 92 359 358
3 94 95 361
3 96 362 95
3 555 554 457
3 558 460 461
3 360 94 361
3 459 458 361
3 361 95 362
3 96 363 362
3 97 98 364
3 365 364 98
3 101 3211 100
3 3211 365 100
3 3210 561 560
3 270 367 269
3 264 3200 464
3 265 3197 3200
3 366 3199 3202
3 270 368 367
3 272 273 370
3 271 369 368
3 274 275 372
3 2400 1490 1232
3 369 272 370
3 277 374 276
3 2316 260 1512
3 468 2456 467
3 371 274 372
3 275 373 372
3 279 280 377
3 259 2316 1487
3 373 276 374
3 277 375 374
3 281 282 379
3 1886 2148 1172
3 375 278 376
3 285 382 284
3 2359 2272 856
3 280 378 377
3 285 286 383
3 1830 2363 953
3 378 281 379
3 288 385 287
3 3019 2677 976
3 283 381 380
3 288 289 386
3 672 574 575
3 381 284 382
3 291 388 290
3 2792 2261 1293
3 286 384 383
3 291 292 389
3 675 577 578
3 384 287 385
3 294 391 293
3 1322 2140 1637
3 289 387 386
3 294 295 392
3 678 580 581
3 387 290 388
3 297 394 296
3 1699 2929 3138
3 292 390 389
3 297 298 395
3 681 583 584
3 390 293 391
3 300 397 299
3 1923 1946 1279
3 295 393 392
3 300 301 398
3 684 586 587
3 393 296 394
3 303 400 302
3 500 2314 499
3 298 396 395
3 303 304 401
3 687 589 590
3 396 299 397
3 306 403 305
3 2216 1204 2195
3 301 399 398
3 306 307 404
3 690 592 593
3 399 302 400
3 309 406 308
3 1597 1572 1007
3 304 402 401
3 309 310 407
3 693 595 596
3 402 305 403
3 312 409 311
3 2229 2496 1499
3 307 405 404
3 312 313 410
3 696 598 599
3 405 308 406
3 315 412 314
3 510 2176 1808
3 310 408 407
3 315 316 413
3 699 601 602
3 408 311 409
3 318 415 317
3 3190 962 1663
3 313 411 410
3 318 319 416
3 702 604 605
3 411 314 412
3 321 418 320
3 2749 2050 1959
3 316 414 413
3 321 322 419
3 705 607 608
3 414 317 415
3 324 421 323
3 2550 1271 2549
3 319 417 416
3 324 325 422
3 708 610 611
3 417 320 418
3 327 424 326
3 2246 1219 1753
3 322 420 419
3 327 328 425
3 711 613 614
3 420 323 421
3 330 427 329
3 2418 519 520
3 325 423 422
3 330 331 428
3 714 616 617
3 423 326 424
3 327 425 424
3 332 333 430
3 334 431 333
3 1953 1112 1916
3 717 619 620
3 426 329 427
3 330 428 427
3 335 336 433
3 337 434 336
3 2226 2928 1604
3 720 622 623
3 429 332 430
3 333 431 430
3 338 339 436
3 340 437 339
3 1536 2564 1023
3 723 625 626
3 432 335 433
3 336 434 433
3 341 342 439
3 343 440 342
3 1698 991 1521
3 726 628 629
3 435 338 436
3 339 437 436
3 344 345 442
3 346 443 345
3 2563 2949 1320
3 729 631 632
3 438 341 439
3 342 440 439
3 347 348 445
3 731 633 634
3 440 343 441
3 344 442 441
3 349 350 447
3 733 635 636
3 442 345 443
3 346 444 443
3 1047 1676 2111
3 347 445 444
3 351 352 449
3 353 450 352
3 737 639 640
3 548 450 451
3 446 349 447
3 350 448 447
3 354 355 452
3 356 453 355
3 546 545 448
3 352 450 449
3 2286 1571 1078
3 353 451 450
3 356 357 454
3 358 455 357
3 2321 1418 1546
3 2545 2104 1168
3 452 355 453
3 356 454 453
3 359 360 457
3 456 455 358
3 1906 1798 1105
3 361 458 360
3 556 458 459
3 977 1826 2305
3 456 359 457
3 360 458 457
3 362 363 460
3 460 459 362
3 1076 2243 2926
3 364 461 363
3 1076 1826 2243
3 559 558 461
3 460 363 461
3 101 102 3208
3 461 364 462
3 364 3212 462
3 365 3211 3212
3 368 465 367
3 368 369 466
3 2700 1639 1054
3 464 3200 3201
3 1937 1700 3114
3 465 368 466
3 369 467 466
3 372 373 470
3 3088 995 1886
3 467 370 468
3 371 469 468
3 374 375 472
3 377 474 376
3 2025 1294 1917
3 378 475 377
3 3184 3098 1137
3 374 472 471
3 378 379 476
3 1689 2807 2029
3 472 375 473
3 376 474 473
3 381 382 479
3 478 2385 477
3 474 377 475
3 384 481 383
3 670 768 767
3 379 477 476
3 384 385 482
3 770 769 672
3 477 380 478
3 387 484 386
3 673 771 770
3 382 480 479
3 387 388 485
3 773 772 675
3 480 383 481
3 390 487 389
3 676 774 773
3 385 483 482
3 390 391 488
3 776 775 678
3 483 386 484
3 393 490 392
3 679 777 776
3 388 486 485
3 393 394 491
3 779 778 681
3 486 389 487
3 396 493 395
3 682 780 779
3 391 489 488
3 396 397 494
3 782 781 684
3 489 392 490
3 399 496 398
3 685 783 782
3 394 492 491
3 399 400 497
3 785 784 687
3 492 395 493
3 402 499 401
3 688 786 785
3 397 495 494
3 402 403 500
3 788 787 690
3 495 398 496
3 405 502 404
3 691 789 788
3 400 498 497
3 405 406 503
3 791 790 693
3 498 401 499
3 408 505 407
3 694 792 791
3 403 501 500
3 408 409 506
3 794 793 696
3 501 404 502
3 411 508 410
3 697 795 794
3 406 504 503
3 411 412 509
3 797 796 699
3 504 407 505
3 414 511 413
3 700 798 797
3 409 507 506
3 414 415 512
3 800 799 702
3 507 410 508
3 417 514 416
3 703 801 800
3 412 510 509
3 417 418 515
3 803 802 705
3 510 413 511
3 420 517 419
3 706 804 803
3 415 513 512
3 420 421 518
3 806 805 708
3 513 416 514
3 423 520 422
3 709 807 806
3 418 516 515
3 423 424 521
3 809 808 711
3 516 419 517
3 426 523 425
3 712 810 809
3 421 519 518
3 426 427 524
3 422 520 519
3 427 428 525
3 429 526 428
3 715 813 812
3 814 813 716
3 521 424 522
3 425 523 522
3 430 431 528
3 432 529 431
3 718 816 815
3 817 816 719
3 524 427 525
3 428 526 525
3 433 434 531
3 435 532 434
3 721 819 818
3 820 819 722
3 527 430 528
3 431 529 528
3 436 437 534
3 438 535 437
3 724 822 821
3 823 822 725
3 530 433 531
3 434 532 531
3 439 440 537
3 441 538 440
3 727 825 824
3 826 825 728
3 533 436 534
3 827 826 729
3 534 437 535
3 438 536 535
3 443 444 541
3 445 542 444
3 731 829 828
3 830 829 732
3 537 440 538
3 441 539 538
3 446 447 544
3 442 540 539
3 447 448 545
3 833 832 735
3 540 443 541
3 736 834 833
3 541 444 542
3 2020 979 2884
3 542 445 543
3 2027 2947 1491
3 543 446 544
3 447 545 544
3 451 452 549
3 453 550 452
3 2121 1127 1491
3 449 547 546
3 453 454 551
3 549 548 451
3 124 2333 123
3 455 552 454
3 2013 120 1783
3 3120 2106 3119
3 549 452 550
3 453 551 550
3 456 457 554
3 458 555 457
3 2866 2881 1308
3 1076 2199 2774
3 552 455 553
3 2453 1286 1844
3 553 456 554
3 460 557 459
3 1477 3179 3068
3 1062 2526 2859
3 555 458 556
3 459 557 556
3 2519 2651 1029
3 460 558 557
3 461 462 559
3 463 3209 3210
3 106 1482 105
3 462 560 559
3 561 1822 560
3 103 3209 102
3 103 104 561
3 759 230 231
3 3193 660 661
3 2240 1621 1090
3 761 760 663
3 665 567 568
3 1845 1124 2353
3 2345 2346 1256
3 665 664 567
3 2376 1124 1511
3 256 2138 255
3 668 667 570
3 1782 573 2787
3 669 668 571
3 2141 3057 1182
3 2148 1468 2556
3 768 221 222
3 1733 247 2422
3 2430 2145 1184
3 672 671 574
3 2838 1061 2083
3 1913 911 3052
3 771 218 219
3 1940 946 1805
3 950 2475 1565
3 675 674 577
3 1754 1125 2498
3 1599 1187 2573
3 774 215 216
3 1968 2891 2478
3 1778 2293 1205
3 678 677 580
3 1898 2402 1232
3 999 1565 2356
3 777 212 213
3 1788 1064 2750
3 1115 2116 3029
3 681 680 583
3 3039 2633 884
3 2554 2390 492
3 780 209 210
3 2810 2178 1157
3 2427 1275 2426
3 684 683 586
3 2734 2145 2430
3 2815 1002 2680
3 783 206 207
3 2431 1257 2430
3 1591 961 2662
3 687 686 589
3 2775 1119 1761
3 2150 3136 1435
3 786 203 204
3 2375 1955 909
3 1930 2873 1117
3 690 689 592
3 1074 1883 2637
3 3147 2443 1301
3 789 200 201
3 1950 2740 2606
3 1107 1523 1946
3 693 692 595
3 3130 2899 1980
3 2935 592 2046
3 792 197 198
3 2136 2783 1295
3 2495 1183 1457
3 696 695 598
3 2373 1352 2314
3 1929 508 509
3 795 194 195
3 602 2268 603
3 2344 1492 928
3 699 698 601
3 1003 1397 2008
3 520 2704 2418
3 798 191 192
3 2024 3110 2687
3 2037 3111 1116
3 702 701 604
3 2433 2219 1190
3 2428 1314 2350
3 801 188 189
3 512 2782 511
3 1339 2702 2300
3 705 704 607
3 2086 503 504
3 2555 1933 1122
3 804 185 186
3 2949 524 525
3 2697 603 2268
3 708 707 610
3 2969 1200 2176
3 2749 1010 2237
3 807 182 183
3 967 2056 2809
3 2916 2156 1174
3 711 710 613
3 1122 1933 1484
3 2210 1746 1067
3 810 179 180
3 2299 2532 1258
3 1758 2673 1387
3 3188 3074 1740
3 812 177 178
3 715 714 617
3 1117 1576 2615
3 3003 1282 2101
3 1189 1630 2582
3 1911 1113 2562
3 815 174 175
3 718 717 620
3 1334 1979 2803
3 2563 523 524
3 1046 2347 2823
3 630 629 2113
3 818 171 172
3 721 720 623
3 1861 1058 1630
3 2871 1318 2856
3 3060 942 2201
3 1574 2550 2549
3 821 168 169
3 724 723 626
3 526 1813 525
3 1759 2758 1386
3 1327 1756 2804
3 2850 2523 1026
3 824 165 166
3 727 726 629
3 1181 2122 1469
3 2692 1559 2434
3 1895 1431 1082
3 2711 1825 1297
3 827 162 163
3 2764 2119 1469
3 2897 1641 1440
3 3145 2681 1524
3 829 160 161
3 1387 2397 2395
3 1452 2287 3170
3 1410 2340 1641
3 2791 2701 1065
3 2894 2717 1321
3 832 157 158
3 2553 2389 1793
3 833 156 157
3 969 2121 2611
3 1793 1013 1453
3 737 736 639
3 1729 2788 1042
3 2038 2003 1136
3 836 153 154
3 739 738 641
3 2207 1166 2085
3 838 152 837
3 3145 2882 901
3 839 152 838
3 1079 1855 2937
3 1800 1264 2757
3 742 840 839
3 841 840 743
3 2884 979 1848
3 744 646 647
3 3144 1856 1394
3 745 647 648
3 2041 1354 2864
3 1881 1495 1085
3 745 744 647
3 3004 2317 1270
3 747 845 844
3 1623 2518 2343
3 2052 1551 1006
3 846 748 749
3 1798 1216 3063
3 3170 1717 1452
3 847 846 749
3 2294 1287 2162
3 750 652 653
3 848 141 142
3 2560 1051 1731
3 751 849 848
3 659 2294 129
3 850 140 849
3 2333 2650 1550
3 2161 1398 1287
3 850 753 851
3 1819 1228 1731
3 851 138 139
3 1783 2848 1199
3 3203 3206 131
3 2911 1306 1783
3 137 853 854
3 1881 2509 650
3 131 3206 130
3 3206 659 130
3 3205 756 757
3 564 661 563
3 758 232 234
3 237 3195 3194
3 564 565 662
3 760 662 663
3 661 564 662
3 567 664 566
3 761 229 760
3 762 664 665
3 663 566 664
3 569 666 568
3 763 227 762
3 568 666 665
3 569 570 667
3 765 667 668
3 666 569 667
3 572 669 571
3 766 224 765
3 573 670 572
3 767 223 766
3 572 670 669
3 573 574 671
3 769 671 672
3 670 573 671
3 576 673 575
3 770 220 769
3 575 673 672
3 576 577 674
3 772 674 675
3 673 576 674
3 579 676 578
3 773 217 772
3 578 676 675
3 579 580 677
3 775 677 678
3 676 579 677
3 582 679 581
3 776 214 775
3 581 679 678
3 582 583 680
3 778 680 681
3 679 582 680
3 585 682 584
3 779 211 778
3 584 682 681
3 585 586 683
3 781 683 684
3 682 585 683
3 588 685 587
3 782 208 781
3 587 685 684
3 588 589 686
3 784 686 687
3 685 588 686
3 591 688 590
3 785 205 784
3 590 688 687
3 591 592 689
3 787 689 690
3 688 591 689
3 594 691 593
3 788 202 787
3 593 691 690
3 594 595 692
3 200 790 199
3 691 594 692
3 597 694 596
3 791 199 790
3 596 694 693
3 597 598 695
3 793 695 696
3 694 597 695
3 600 697 599
3 794 196 793
3 599 697 696
3 600 601 698
3 796 698 699
3 697 600 698
3 603 700 602
3 797 193 796
3 602 700 699
3 603 604 701
3 799 701 702
3 700 603 701
3 606 703 605
3 800 190 799
3 605 703 702
3 606 607 704
3 802 704 705
3 703 606 704
3 609 706 608
3 803 187 802
3 608 706 705
3 609 610 707
3 805 707 708
3 706 609 707
3 612 709 611
3 806 184 805
3 611 709 708
3 612 613 710
3 808 710 711
3 709 612 710
3 615 712 614
3 809 181 808
3 614 712 711
3 615 616 713
3 811 713 714
3 712 615 713
3 616 714 713
3 617 618 715
3 619 716 618
3 813 177 812
3 814 716 717
3 715 618 716
3 619 717 716
3 620 621 718
3 622 719 621
3 816 174 815
3 173 817 172
3 718 621 719
3 622 720 719
3 623 624 721
3 625 722 624
3 819 171 818
3 170 820 169
3 721 624 722
3 625 723 722
3 626 627 724
3 628 725 627
3 822 168 821
3 167 823 166
3 724 627 725
3 628 726 725
3 629 630 727
3 631 728 630
3 825 165 824
3 826 728 729
3 727 630 728
3 631 729 728
3 632 633 730
3 162 828 161
3 729 632 730
3 633 731 730
3 634 635 732
3 830 732 733
3 731 634 732
3 159 831 158
3 732 635 733
3 636 734 733
3 637 638 735
3 637 735 734
3 638 639 736
3 834 736 737
3 735 638 736
3 641 738 640
3 835 155 834
3 640 738 737
3 641 642 739
3 643 740 642
3 837 153 836
3 839 838 741
3 739 642 740
3 643 741 740
3 644 645 742
3 840 742 743
3 741 644 742
3 841 743 744
3 742 645 743
3 148 842 147
3 743 646 744
3 649 746 648
3 843 147 842
3 648 746 745
3 649 650 747
3 651 748 650
3 845 145 844
3 652 749 651
3 143 144 846
3 847 749 750
3 748 651 749
3 652 750 749
3 653 654 751
3 849 751 752
3 750 653 751
3 140 850 139
3 751 654 752
3 655 753 752
3 656 657 754
3 852 754 755
3 753 656 754
3 854 853 756
3 754 657 755
3 855 135 854
3 755 658 756
3 658 3207 756
3 659 3206 3207
3 759 3193 661
3 231 232 758
3 758 759 231
3 661 662 759
3 230 760 229
3 230 759 760
3 664 761 663
3 228 229 761
3 228 762 227
3 228 761 762
3 666 763 665
3 226 227 763
3 763 764 226
3 666 667 764
3 225 765 224
3 225 764 765
3 669 766 668
3 223 224 766
3 670 767 669
3 222 223 767
3 767 768 222
3 670 671 768
3 221 769 220
3 221 768 769
3 673 770 672
3 219 220 770
3 770 771 219
3 673 674 771
3 218 772 217
3 218 771 772
3 676 773 675
3 216 217 773
3 773 774 216
3 676 677 774
3 215 775 214
3 215 774 775
3 679 776 678
3 213 214 776
3 776 777 213
3 679 680 777
3 212 778 211
3 212 777 778
3 682 779 681
3 210 211 779
3 779 780 210
3 682 683 780
3 209 781 208
3 209 780 781
3 685 782 684
3 207 208 782
3 782 783 207
3 685 686 783
3 206 784 205
3 206 783 784
3 688 785 687
3 204 205 785
3 785 786 204
3 688 689 786
3 203 787 202
3 203 786 787
3 691 788 690
3 201 202 788
3 788 789 201
3 691 692 789
3 789 790 200
3 789 692 790
3 694 791 693
3 198 199 791
3 791 792 198
3 694 695 792
3 197 793 196
3 197 792 793
3 697 794 696
3 195 196 794
3 794 795 195
3 697 698 795
3 194 796 193
3 194 795 796
3 700 797 699
3 192 193 797
3 797 798 192
3 700 701 798
3 191 799 190
3 191 798 799
3 703 800 702
3 189 190 800
3 800 801 189
3 703 704 801
3 188 802 187
3 188 801 802
3 706 803 705
3 186 187 803
3 803 804 186
3 706 707 804
3 185 805 184
3 185 804 805
3 709 806 708
3 183 184 806
3 806 807 183
3 709 710 807
3 182 808 181
3 182 807 808
3 712 809 711
3 180 181 809
3 809 810 180
3 712 713 810
3 179 811 178
3 179 810 811
3 811 812 178
3 714 715 812
3 716 813 715
3 176 177 813
3 176 814 175
3 176 813 814
3 814 815 175
3 717 718 815
3 719 816 718
3 173 174 816
3 720 817 719
3 173 816 817
3 817 818 172
3 720 721 818
3 722 819 721
3 170 171 819
3 723 820 722
3 170 819 820
3 820 821 169
3 723 724 821
3 725 822 724
3 167 168 822
3 726 823 725
3 167 822 823
3 823 824 166
3 726 727 824
3 728 825 727
3 164 165 825
3 164 826 163
3 164 825 826
3 826 827 163
3 729 730 827
3 827 828 162
3 827 730 828
3 828 829 161
3 731 732 829
3 160 830 159
3 160 829 830
3 830 831 159
3 830 733 831
3 831 832 158
3 734 735 832
3 832 833 157
3 735 736 833
3 156 834 155
3 156 833 834
3 738 835 737
3 154 155 835
3 835 836 154
3 738 739 836
3 740 837 739
3 152 153 837
3 740 838 837
3 740 741 838
3 742 839 741
3 151 152 839
3 150 840 149
3 150 839 840
3 149 841 148
3 149 840 841
3 744 842 841
3 744 745 842
3 746 843 745
3 146 147 843
3 843 844 146
3 746 747 844
3 748 845 747
3 144 145 845
3 845 846 144
3 845 748 846
3 143 847 142
3 143 846 847
3 847 848 142
3 750 751 848
3 141 849 140
3 141 848 849
3 752 850 849
3 752 753 850
3 850 851 139
3 753 754 851
3 138 852 137
3 138 851 852
3 756 853 755
3 137 852 853
3 757 3204 3205
3 136 137 854
3 133 3204 132
3 133 134 855
3 2970 2628 1229
3 2801 1368 2800
3 2112 2471 940
3 2918 2761 1513
3 2919 1821 1000
3 2693 1177 2120
3 2877 1727 1324
3 870 2164 2744
3 2159 2938 1186
3 1710 2592 1514
3 2610 1370 2270
3 1554 1220 2712
3 1051 1800 2713
3 3169 3125 1085
3 107 2551 2291
3 2420 114 1613
3 2362 537 538
3 2711 2709 1350
3 1366 2798 3019
3 1114 2002 1379
3 2486 1903 1250
3 2014 1402 1128
3 2873 1510 2795
3 1896 2524 928
3 515 2863 514
3 1200 2318 1808
3 2272 1602 856
3 3108 1648 1055
3 2206 1600 1128
3 2103 3180 2931
3 1536 2562 1319
3 2581 1759 1134
3 1053 2328 1504
3 1347 2841 1751
3 3090 2314 500
3 3106 1720 1897
3 2861 2625 1050
3 2185 2514 1455
3 1742 3001 3109
3 2190 3094 945
3 2040 1079 3160
3 2077 2616 895
3 1354 2041 2042
3 2701 1633 2197
3 3110 2441 1277
3 2093 2092 1509
3 3148 1896 2438
3 2136 1036 1658
3 2300 615 2718
3 2718 1339 2300
3 2959 2027 1340
3 2090 939 1926
3 1018 1663 2648
3 2760 2211 1388
3 505 1908 2905
3 503 1586 502
3 3047 1084 2634
3 1980 1146 3130
3 2020 2884 2883
3 2070 1101 1903
3 1830 2660 1343
3 570 2773 1900
3 1767 2084 1207
3 2185 1114 1958
3 2448 249 250
3 1850 1650 1160
3 2399 1398 2161
3 1834 2610 1091
3 2019 3012 1390
3 2797 2754 1361
3 3190 1999 1198
3 989 2504 2269
3 1395 3015 2512
3 1983 1562 892
3 2426 1275 2409
3 1573 2109 3027
3 3140 1434 3139
3 894 1750 1419
3 2616 2107 1427
3 2301 1443 2286
3 642 1635 2745
3 1635 641 2000
3 2486 637 636
3 2070 633 1453
3 2550 3051 1575
3 1905 622 621
3 1399 540 2388
3 2933 1391 2511
3 1405 2831 2865
3 2831 987 2214
3 3160 1263 2040
3 1008 2287 1618
3 2200 2435 1336
3 1025 2435 2200
3 1981 952 1523
3 3002 2432 1277
3 2637 1204 2373
3 498 2618 2174
3 2589 988 1719
3 2218 501 502
3 2417 3014 110
3 2558 558 2337
3 1714 1396 2252
3 2205 1069 1786
3 1553 998 2247
3 2995 2557 1370
3 1503 2488 2628
3 581 580 2488
3 2523 1626 2470
3 1652 899 1651
3 2999 480 1958
3 2082 2658 1326
3 2081 1628 1154
3 1060 1753 2061
3 1501 2796 882
3 2871 1813 1408
3 527 528 3074
3 3180 2102 1328
3 2720 1892 1335
3 1319 2562 2535
3 2587 1429 2210
3 2495 2203 916
3 2214 1467 1572
3 2975 1885 2312
3 2255 2889 1206
3 1792 2119 2916
3 2977 1664 2405
3 2306 1017 2897
3 3106 1097 2215
3 3126 2513 1059
3 965 2156 2119
3 1645 2289 929
3 1043 3013 2778
3 1971 3128 1176
3 3182 2274 984
3 1867 1480 923
3 584 3034 2775
3 2319 1948 1119
3 1580 2151 2081
3 2702 1339 3163
3 926 1918 1460
3 1069 2912 2603
3 1772 486 487
3 1227 2386 2308
3 3158 2552 1108
3 1153 2886 2062
3 1752 623 1479
3 2132 2916 1174
3 2284 952 1839
3 2143 2322 931
3 1146 1796 3130
3 2622 2332 1131
3 1710 2737 2592
3 2483 1237 2236
3 1176 2163 1386
3 1863 3134 3133
3 942 3038 1876
3 3148 1956 1152
3 2672 1674 1693
3 1691 857 1446
3 1706 1671 1055
3 565 2419 566
3 1984 1689 1070
3 3094 2751 945
3 3010 1143 1749
3 1090 1511 2240
3 2859 2526 1977
3 1722 1932 1106
3 1118 1965 2839
3 2845 1238 2459
3 941 2170 2130
3 2847 1015 2714
3 2812 2487 1305
3 1849 1219 3158
3 2726 2512 1669
3 1661 1992 2726
3 1137 2129 2635
3 2700 1430 1996
3 468 469 2283
3 2271 1203 1665
3 1806 1143 1805
3 1180 2422 1776
3 1530 2608 2006
3 1942 1462 1834
3 3171 2539 1197
3 1481 3182 2786
3 1587 2870 2596
3 2230 1193 1508
3 2143 1507 1184
3 2899 931 1980
3 110 3014 109
3 2849 993 2044
3 1508 2094 2093
3 1508 1193 2232
3 2358 2345 1608
3 2117 1607 1165
3 1008 2196 1619
3 643 642 2745
3 1468 2267 1242
3 1791 3095 1093
3 1993 1597 1007
3 1253 2776 2265
3 2708 529 1910
3 1989 2042 972
3 2414 1590 542
3 2199 2926 1438
3 1103 2907 2158
3 1271 2702 2549
3 2968 2339 1561
3 3023 1485 3056
3 507 2781 2627
3 1748 1002 1527
3 913 2649 1697
3 2704 1334 2418
3 1960 2552 867
3 1144 3136 2150
3 2802 1774 1113
3 2501 918 2329
3 2939 1331 2938
3 2367 2671 981
3 1132 2790 2261
3 1329 3166 2017
3 1153 1562 2438
3 1163 2783 2136
3 1583 2574 2783
3 2120 934 1548
3 1859 2908 1337
3 1095 2004 1825
3 2026 2600 1127
3 3055 3053 1919
3 2443 2308 1301
3 2670 1036 2784
3 3021 2631 1918
3 3080 2036 861
3 2055 2694 1150
3 3115 1691 1064
3 1995 1040 1726
3 2986 1392 2985
3 2822 2948 1470
3 2561 2565 1534
3 2541 2636 1498
3 2676 1734 476
3 1906 3122 1798
3 1451 2860 2125
3 3075 1648 938
3 1376 2576 2384
3 1101 2506 2383
3 2630 2122 1181
3 1424 1716 2839
3 2144 1184 1507
3 1872 1759 933
3 2030 2811 1989
3 3023 1130 2976
3 1757 1690 1100
3 1908 2051 1175
3 1998 2241 1865
3 2065 1171 2267
3 2088 976 2023
3 2593 1217 2089
3 2893 2578 1487
3 1368 2588 1824
3 875 2498 1741
3 2585 1436 2352
3 3085 1007 2114
3 1274 2433 2443
3 2530 883 2212
3 2703 531 2436
3 2263 2744 1584
3 936 2187 1850
3 1925 2083 1061
3 2505 2826 943
3 2563 1773 523
3 2143 931 1507
3 1922 2352 1100
3 3132 2570 1442
3 124 3041 2333
3 2417 1233 1685
3 2860 1309 2125
3 474 475 2541
3 2695 466 1702
3 1669 2998 2575
3 1087 2948 3133
3 3141 3125 2429
3 1264 2994 2610
3 2714 1843 1283
3 2256 1659 1206
3 2473 2356 1239
3 2153 2035 886
3 1163 2640 2783
3 2522 2513 1195
3 1697 2336 1246
3 2342 2711 1350
3 2133 3127 1059
3 1014 1899 1515
3 1144 1846 3136
3 599 2836 1846
3 2270 993 1502
3 1942 1004 1462
3 1006 2586 2341
3 2957 1464 2100
3 3141 1085 3125
3 1884 1005 1447
3 1597 2831 2214
3 2007 1476 1144
3 2675 2713 1732
3 2614 2349 947
3 1939 1254 2363
3 2335 1671 2167
3 2487 2108 1305
3 2482 1849 925
3 1778 2646 2232
3 1838 2193 878
3 2659 1223 2542
3 1208 2879 2292
3 2566 2156 965
3 1065 2701 2197
3 1111 1772 3011
3 3011 1934 1330
3 2557 2286 993
3 2537 1760 1463
3 1433 1869 2497
3 1203 2596 1665
3 1410 1641 1026
3 2897 1259 2306
3 1920 962 2917
3 2904 1025 2903
3 2063 2973 892
3 2943 1336 2435
3 2235 1237 1882
3 1680 3081 2829
3 2380 919 3081
3 2242 2933 2864
3 1320 1773 2563
3 1663 1999 3190
3 2702 3116 2300
3 1589 2248 1024
3 2502 2457 1901
3 2928 1024 2248
3 1789 2223 1999
3 1598 1072 1747
3 2501 1630 1189
3 2897 1017 1641
3 1373 3142 2770
3 620 2770 621
3 889 1447 1880
3 2467 1842 1063
3 1822 561 104
3 2519 2853 1445
3 1666 2597 1786
3 1444 1768 2609
3 1677 2985 1041
3 2147 2648 1328
3 2717 1919 1321
3 2656 1555 2076
3 1966 1425 1965
3 1474 3183 2786
3 1897 2559 3106
3 1185 2244 2590
3 987 1467 2214
3 2874 3028 912
3 3043 1542 3042
3 2840 1658 1036
3 2355 934 2033
3 890 2019 2220
3 1922 1690 930
3 935 2339 2968
3 1178 2692 2434
3 2607 943 1725
3 2936 1751 2841
3 2304 1611 3060
3 2944 1336 1746
3 1638 1059 2513
3 1303 2988 2289
3 1841 2986 922
3 991 2620 1837
3 922 2575 1841
3 1651 1653 3050
3 1770 2296 860
3 1966 3154 893
3 1950 2606 1148
3 2878 1724 1161
3 3030 891 2951
3 2085 1147 1947
3 3053 3055 1344
3 1281 2380 3081
3 2937 1855 2719
3 2494 1683 1045
3 950 1565 2480
3 2885 2338 1218
3 3181 887 2066
3 1530 2613 997
3 3161 2713 1800
3 1899 3044 1515
3 2638 1002 2815
3 1115 1955 2374
3 2260 865 2647
3 1639 1529 1054
3 1937 1529 937
3 3109 3001 1092
3 1511 1090 2376
3 1261 2579 2578
3 259 260 2316
3 3185 1210 1611
3 2718 614 1823
3 1189 1568 2209
3 2070 2135 1101
3 2410 1516 1721
3 1201 2583 2936
3 2061 1219 1849
3 1169 1580 2152
3 949 1682 2542
3 2259 2909 1818
3 2853 2519 2526
3 115 1613 114
3 2860 2859 1309
3 2365 1290 2321
3 1218 2339 2750
3 1075 2508 1787
3 2562 1774 2535
3 2197 2889 2255
3 2731 979 2391
3 2701 2791 1744
3 1230 2412 1795
3 2241 2166 1382
3 581 2488 1503
3 2359 1587 2272
3 3100 2520 908
3 2867 1478 2243
3 3037 2752 1886
3 2472 1529 995
3 1309 2858 1723
3 2417 2253 1233
3 3059 2904 1406
3 3059 2298 1450
3 534 2546 533
3 2361 1873 1073
3 1527 2639 3096
3 1678 1852 3082
3 1107 1946 1923
3 2193 1838 2069
3 2393 1801 2725
3 1270 2518 1987
3 2499 2036 1141
3 2759 998 1553
3 1105 3063 1926
3 2666 1170 2118
3 2883 1313 2882
3 1267 2960 1829
3 2642 2868 866
3 2716 932 1553
3 902 2298 3059
3 882 3177 2179
3 3151 2960 1267
3 3005 1341 3004
3 2597 1532 1786
3 2011 1763 1083
3 2794 1675 1038
3 1897 1720 873
3 2817 643 2745
3 1452 3125 3169
3 2255 1206 1848
3 1249 2452 1655
3 3128 1971 1325
3 2921 859 1657
3 1407 1626 3187
3 2243 1826 1308
3 1371 2752 3037
3 1639 2700 1996
3 243 244 2766
3 237 3172 562
3 2076 1077 1738
3 2911 1550 1306
3 986 1736 1377
3 2364 2756 1125
3 1054 2460 1712
3 2876 1404 2472
3 2955 2366 1380
3 2571 1037 1647
3 1750 3140 3139
3 2993 3050 1021
3 2964 2473 869
3 3071 1423 3070
3 2794 3147 1301
3 2115 1258 2195
3 989 1990 1816
3 2289 1235 1854
3 2349 2614 1530
3 3170 1008 2699
3 1871 857 2767
3 893 3154 2629
3 638 2238 2715
3 1313 2257 2882
3 2069 2706 1187
3 1448 2245 2432
3 1905 1103 1479
3 1997 2186 1154
3 2218 3090 501
3 2618 2314 1352
3 1251 2485 1832
3 1531 2205 994
3 2560 1264 1800
3 2926 2243 1478
3 2508 1075 1486
3 1690 2797 2698
3 2061 1753 1219
3 2705 1868 1282
3 3188 1408 3074
3 2561 1773 1320
3 2306 2192 1399
3 2324 3089 1214
3 1480 1156 2098
3 2771 982 1433
3 1910 530 2703
3 1535 3006 2856
3 2806 1604 2248
3 2134 1335 1735
3 1481 887 2087
3 1913 1111 1401
3 1682 949 2354
3 1068 2109 2660
3 2663 2204 1457
3 1429 1183 2210
3 2091 1003 2309
3 2808 1933 925
3 2375 2374 1955
3 2775 1504 1119
3 2722 1761 1284
3 2508 2776 1253
3 1821 1195 1785
3 1262 1973 2503
3 2246 2073 2533
3 1117 1864 1576
3 1580 2665 959
3 2500 611 2350
3 2735 2466 1342
3 3032 1884 3020
3 3075 1703 1811
3 3010 1225 1940
3 2126 986 1377
3 1684 938 1648
3 2913 1254 2398
3 2653 571 1900
3 3054 2053 970
3 2631 2053 1149
3 3188 2871 1408
3 2689 877 1615
3 2844 1924 1307
3 1333 1915 2446
3 2728 1557 2002
3 2097 2096 1592
3 1437 2902 1867
3 1794 1454 1014
3 2686 2231 1809
3 2589 1719 1052
3 2753 1976 1159
3 2131 1191 1629
3 2566 1755 1133
3 2824 2823 1644
3 1784 1973 858
3 1135 2033 1383
3 3160 1079 3144
3 1173 3102 2883
3 1734 2636 2541
3 1734 2676 2678
3 2215 1097 1516
3 1041 1799 2721
3 2546 1139 1812
3 1110 2324 3062
3 2710 1393 2619
3 1974 1657 1221
3 1249 2594 2452
3 1978 2644 1252
3 521 1979 2704
3 2206 1128 2015
3 2384 1143 1806
3 1607 2346 2345
3 2229 2975 1803
3 2008 1397 1846
3 1292 1870 2602
3 911 2157 1485
3 2629 1207 1877
3 2277 1215 2963
3 2172 1895 1082
3 1626 2657 1245
3 1100 2352 1831
3 2602 1870 927
3 1545 1088 2012
3 2462 1617 1243
3 2606 1539 1148
3 2374 1229 2628
3 1347 2842 2840
3 2217 2530 1459
3 1035 2310 1624
3 2438 1562 1956
3 2544 2124 1179
3 2696 3061 2371
3 1010 3185 2304
3 1574 1027 2550
3 3021 2464 1155
3 1289 1765 1558
3 1560 2677 3019
3 2082 2996 1050
3 909 3146 1637
3 992 2230 1508
3 912 3028 2001
3 2309 2370 2091
3 1235 2396 2395
3 859 2022 1519
3 2240 564 563
3 2126 2476 1160
3 1668 2412 2411
3 1959 3185 2749
3 1777 2734 1257
3 1699 1257 1509
3 2072 1878 3003
3 2684 2171 879
3 2103 962 1920
3 943 2411 2505
3 953 1853 2730
3 2787 1126 1782
3 3018 1001 2690
3 3092 1355 2118
3 1962 1226 2366
3 597 2833 598
3 1764 947 3168
3 3122 1106 1798
3 1628 3040 1997
3 1057 2131 1629
3 3067 2042 1166
3 1861 2329 3022
3 1242 1718 1468
3 2678 2677 1560
3 1886 2752 2148
3 1639 3037 995
3 2391 1250 2731
3 2003 2442 954
3 2822 1470 2273
3 2566 965 1755
3 961 1591 2051
3 1931 1296 2780
3 3006 1534 1022
3 2892 3006 1535
3 3082 1852 2654
3 883 3076 2605
3 2405 1991 1332
3 1645 2396 1235
3 1677 1081 2934
3 2936 2355 1201
3 2966 2756 1378
3 2950 1374 2290
3 871 2824 2710
3 2871 2856 1022
3 1202 2099 1538
3 1404 2890 2472
3 3076 1525 2605
3 3059 2222 902
3 2322 1980 931
3 3154 1654 2629
3 2261 2790 1293
3 3162 960 2016
3 2307 1129 1755
3 2762 1672 1673
3 2767 1796 1146
3 2978 2360 2983
3 876 2719 1855
3 2036 3080 2644
3 2844 2248 1589
3 2928 2226 1417
3 1038 3147 2794
3 1266 2634 1972
3 2844 1589 1023
3 2510 2330 1039
3 2129 2028 472
3 2556 2779 1304
3 980 1965 1425
3 1466 987 2275
3 2894 2521 1460
3 2423 2207 926
3 1771 2835 2589
3 1201 2381 1670
3 2381 1135 1670
3 2886 1896 928
3 2542 1609 949
3 2979 978 1640
3 2298 1067 1450
3 1372 2820 1745
3 2828 2052 1381
3 2379 117 2123
3 2281 2903 1421
3 2969 1025 2200
3 1858 1059 1638
3 2936 2583 1751
3 948 2834 2271
3 2098 2002 923
3 3175 1874 3174
3 2786 2018 1481
3 2195 1719 988
3 1883 1074 1527
3 980 2963 3071
3 2360 1100 1831
3 639 2715 1921
3 2197 866 1465
3 2261 1485 1132
3 1894 2260 3131
3 1403 3154 1966
3 2471 1595 2821
3 1108 2552 1960
3 2282 1505 2268
3 2131 1628 2502
3 1191 2502 1901
3 1970 1569 2655
3 1120 1868 2705
3 2132 1645 929
3 2233 1325 1971
3 2893 1512 3031
3 1807 1061 2838
3 1344 3054 1895
3 2769 2723 1680
3 2924 2686 2984
3 3052 2658 1577
3 1194 2183 1714
3 1155 2005 2946
3 3057 2141 1358
3 2593 1742 1364
3 935 2968 2862
3 1986 1520 1227
3 1696 2503 968
3 2874 1753 1311
3 1004 3065 2169
3 2074 1731 862
3 1183 1998 1865
3 2985 1677 2986
3 1278 2528 2444
3 1833 2354 1222
3 973 1831 2293
3 2288 1874 1375
3 1338 2852 2187
3 1609 2542 2953
3 1940 1143 3010
3 2089 1180 1925
3 2293 1778 973
3 2266 1523 1107
3 3096 2965 904
3 2427 1914 1330
3 2333 3041 1381
3 2039 646 2038
3 2743 931 1809
3 2069 1187 2193
3 1534 2649 913
3 2505 1816 1255
3 2594 860 1656
3 894 2933 3140
3 1490 3008 2956
3 3094 1791 2751
3 2895 1290 2551
3 951 2772 1832
3 2862 1594 2054
3 1914 1401 1111
3 1046 2396 1645
3 2671 1420 2209
3 2577 1136 2287
3 1091 2270 3009
3 1410 1026 2004
3 2668 1688 2454
3 1836 2981 2980
3 1474 1888 2471
3 3027 999 2763
3 869 1716 1424
3 2528 1278 1496
3 1428 1068 1941
3 3174 1224 2357
3 3031 1512 2942
3 3183 2018 2786
3 3056 1485 2261
3 2915 1030 2927
3 1341 2382 2317
3 867 2552 2072
3 2171 1349 2056
3 2732 2382 1341
3 1110 2732 2908
3 2505 2411 1816
3 1795 2412 3015
3 984 2274 2902
3 2751 1537 2258
3 1679 2973 2972
3 1983 1248 2536
3 1631 2582 2372
3 2661 975 1971
3 3091 1695 866
3 2883 2882 1524
3 2997 1477 2420
3 2377 1411 1285
3 2040 1855 1079
3 1732 2713 1283
3 2865 2831 1597
3 1839 952 1981
3 2117 1338 2187
3 2641 1941 1068
3 3016 2425 1662
3 2900 1745 1098
3 572 571 2653
3 1456 1900 2773
3 587 2024 588
3 1566 2142 2763
3 2244 1014 1515
3 1721 1516 1097
3 3186 1259 2897
3 1873 899 1652
3 2843 1811 1260
3 1741 2075 1092
3 1996 1430 3098
3 2596 1203 1587
3 1889 2814 2064
3 2063 1153 2062
3 2952 2716 1188
3 1080 2925 2668
3 2031 862 1556
3 2714 1283 2130
3 2191 1005 3165
3 2191 1447 1005
3 1454 2068 1104
3 1352 2216 2568
3 1798 3063 1105
3 2777 3132 1442
3 1434 3140 2511
3 3140 1750 894
3 2647 2494 1269
3 1642 2748 2625
3 1407 3187 2026
3 1802 2305 1473
3 3017 2869 619
3 616 2300 3116
3 604 2697 1954
3 2371 963 2696
3 2406 1234 1592
3 1273 1904 2652
3 1052 1771 2589
3 2793 1972 1675
3 1326 2623 2622
3 1894 1893 865
3 3046 981 2209
3 1672 3022 2329
3 2722 2024 587
3 3035 2935 1486
3 1599 1162 2094
3 978 2979 3175
3 2585 2352 1279
3 1279 1922 1923
3 1937 2460 1054
3 1996 1371 1639
3 1765 919 1558
3 2887 1653 899
3 3060 1211 2304
3 1970 2655 928
3 2577 2039 1136
3 2529 896 1578
3 583 2154 3034
3 2738 1761 1119
3 896 2392 1790
3 2557 2995 1571
3 2912 1828 1267
3 1451 2234 2881
3 2429 1385 3141
3 1790 3165 1385
3 2643 1777 1257
3 2354 1836 1222
3 1655 918 1420
3 1840 1142 1656
3 2379 2123 1285
3 1685 1842 3014
3 3077 1924 1023
3 2119 1792 1181
3 2647 2493 2260
3 1050 2625 1577
3 2274 2087 1156
3 1274 2019 2219
3 2025 1292 1539
3 2601 1985 1433
3 1675 3129 1674
3 1771 1052 1516
3 1116 3111 2780
3 2213 2685 1196
3 1297 2769 2709
3 2250 1615 1991
3 1929 509 1808
3 2589 2835 1353
3 1948 2739 2738
3 1425 2058 980
3 2678 1300 2677
3 2890 1563 2472
3 3042 1963 2955
3 1266 1720 2413
3 1724 2424 1161
3 1393 2156 2566
3 1303 2581 2057
3 2661 1971 1386
3 1806 2458 888
3 1280 3114 2461
3 1889 1167 1938
3 2371 3061 1475
3 1381 3041 2828
3 1613 2379 1285
3 2755 2047 2584
3 2990 2989 1345
3 2337 559 1540
3 2603 1216 1666
3 2859 1977 1309
3 1546 2519 2321
3 1876 2439 1140
3 1230 2796 2504
3 2303 1167 1696
3 616 3116 617
3 2666 1715 1564
3 1743 2731 1312
3 2038 2880 1316
3 1136 2003 1618
3 1959 1210 3185
3 2555 1606 1933
3 1196 2212 2816
3 2919 1000 2540
3 2320 1619 1236
3 2255 1743 1065
3 645 2038 646
3 3145 1524 2882
3 1001 2692 2690
3 2561 1534 1912
3 1302 1863 2948
3 3117 1494 2906
3 957 1756 1664
3 1327 2804 2896
3 1564 2492 2666
3 1780 1564 1032
3 1508 2093 992
3 2116 578 1945
3 2633 2017 884
3 2554 1794 2390
3 1645 1235 2289
3 1140 2819 1994
3 3139 1281 1750
3 1372 1837 2820
3 1950 865 2740
3 1595 2494 1045
3 1259 2361 1835
3 530 1910 529
3 2394 2223 1598
3 2690 2689 1289
3 3103 1454 2554
3 1914 960 3162
3 1114 2728 2002
3 2133 1359 2965
3 1319 2535 2830
3 1911 2455 1113
3 2014 1521 914
3 2769 1680 2709
3 2113 2805 1333
3 2278 1023 1589
3 1663 962 2931
3 1773 2561 1109
3 2598 1133 1755
3 2710 1174 1393
3 1865 2241 1179
3 2124 1383 934
3 2947 2538 1491
3 1632 1088 1545
3 1125 1754 2364
3 2440 1377 1736
3 3150 2072 2552
3 1823 1122 2910
3 2468 2927 1623
3 1105 1926 1714
3 2184 1714 1926
3 2199 551 1844
3 1452 2577 2287
3 652 2466 653
3 2154 583 582
3 2180 1207 2821
3 1141 2759 2034
3 2031 1571 862
3 1936 1657 859
3 3060 1611 942
3 2118 1170 3092
3 1346 2992 2737
3 1784 1670 1151
3 858 2842 2583
3 2277 2058 1692
3 1944 2767 1146
3 1969 2809 1305
3 2809 1969 967
3 2342 3123 1021
3 2829 1350 2709
3 2515 953 2363
3 3029 2116 1945
3 2212 1196 1459
3 2618 499 2314
3 1897 2386 1227
3 3129 1972 2634
3 1688 932 1581
3 1694 2818 1672
3 2146 1044 1656
3 2631 1617 2053
3 1032 1715 2521
3 2499 1321 2036
3 465 1622 464
3 2876 1810 1404
3 2891 1404 1810
3 2402 1898 1815
3 928 2655 1988
3 3147 1274 2443
3 2999 1958 1360
3 2636 2678 1070
3 1784 858 2583
3 1869 1145 2497
3 1362 2547 2754
3 3079 1266 1972
3 3111 1931 2780
3 2816 2212 1298
3 1217 3107 2089
3 2593 2089 946
3 956 1948 2254
3 2687 1277 2245
3 2647 865 1683
3 2127 1192 1472
3 2391 2020 1367
3 2389 2113 1276
3 1706 1055 2843
3 245 1671 244
3 2077 2491 1028
3 1431 2184 939
3 1460 1149 2717
3 1528 1779 997
3 1054 1712 2700
3 1498 2636 1689
3 2998 1817 1221
3 1521 2900 2009
3 1335 2682 2455
3 2770 620 2869
3 1807 2449 985
3 1601 2845 2459
3 2578 1707 1056
3 1358 2141 2920
3 3107 2422 1180
3 3107 1217 1733
3 1160 2653 1900
3 2479 1240 2149
3 2346 2440 1256
3 2440 1736 2364
3 1605 2976 2332
3 481 1958 480
3 3104 927 1543
3 2387 1839 1096
3 3161 2757 941
3 2650 1381 2543
3 2691 1179 1458
3 2986 1677 2934
3 2032 2490 974
3 3127 2133 1526
3 2063 1562 1153
3 2344 928 1988
3 3032 1123 1760
3 2614 1764 1265
3 2851 1246 2263
3 991 1698 2045
3 1325 2164 3128
3 2397 1235 2395
3 1164 1500 2269
3 1164 2102 3180
3 2044 993 1443
3 1866 2960 1082
3 2010 1624 903
3 1784 1201 1670
3 1291 1568 2584
3 2110 2755 885
3 1212 2607 2788
3 2721 1799 2166
3 2307 2047 1129
3 915 1892 2720
3 3168 947 1738
3 2095 2712 2006
3 2796 1795 882
3 1851 2505 1255
3 2774 1844 1286
3 1866 939 1829
3 2150 1572 2007
3 1803 1226 2229
3 2962 3141 1385
3 1015 1843 2714
3 1017 2415 2326
3 2324 1214 1590
3 1575 1271 2550
3 1494 3118 898
3 3052 2623 2658
3 2918 3166 1329
3 2239 1246 1990
3 1320 2565 2561
3 980 2839 1965
3 2359 2527 2444
3 2190 1213 2189
3 2327 2576 1376
3 3084 3085 1415
3 1588 3002 2441
3 1450 2943 2435
3 2782 2969 2176
3 1814 2604 1652
3 3187 2733 910
3 528 529 2708
3 532 2436 531
3 1947 2481 1483
3 919 1765 2829
3 899 1440 2340
3 2523 1439 2733
3 2551 1290 2291
3 1942 1834 1091
3 1412 1181 2469
3 1522 2163 2620
3 2303 2484 1167
3 1954 1576 1864
3 2958 2341 1464
3 1819 2675 1880
3 2150 1007 1572
3 1102 3078 1981
3 1509 1257 2431
3 1539 1294 2025
3 2720 1911 915
3 1724 2727 2273
3 2417 110 111
3 2837 994 3132
3 2768 864 1676
3 1021 3123 2688
3 2755 2110 1331
3 1759 2297 1134
3 2782 2176 511
3 1598 2223 1072
3 1403 1709 3152
3 1208 2292 1602
3 3070 2145 1424
3 992 2144 1507
3 940 2471 2821
3 2149 999 2109
3 2514 2861 1455
3 2602 1539 1292
3 2137 1426 900
3 1787 1253 2507
3 2013 1783 1199
3 1381 2052 2543
3 2629 1767 1207
3 3155 1203 1891
3 2898 1679 2059
3 511 2176 510
3 2283 469 1712
3 2514 2185 482
3 3068 2253 1477
3 2557 1571 2286
3 1138 2574 1583
3 3127 1525 3126
3 2097 884 3166
3 2497 1145 1870
3 2329 1861 1630
3 1412 3058 2630
3 597 596 2833
3 2091 2370 1244
3 1094 1885 2975
3 1218 2750 1691
3 2996 1455 2861
3 1757 1691 3115
3 2518 2927 1030
3 2393 1473 2707
3 2415 1214 2326
3 1680 2829 2709
3 546 547 2317
3 1766 543 544
3 1051 2713 2675
3 2013 119 120
3 2772 2491 1251
3 3120 1071 2106
3 2077 1028 1411
3 3179 1477 2997
3 2470 1245 1704
3 2517 2609 958
3 2305 1286 1473
3 2849 1502 993
3 2797 1064 2754
3 1869 982 2885
3 3170 2287 1008
3 2531 1731 1228
3 2092 1422 924
3 2646 1778 1205
3 2812 1349 2684
3 2350 611 610
3 1081 2173 1661
3 1200 1797 2318
3 2853 2725 1801
3 1532 2570 994
3 2595 2712 876
3 2741 1856 1317
3 2682 1915 2455
3 2446 2445 1276
3 2215 1516 1052
3 3166 884 2017
3 3011 1914 1111
3 1379 2098 2088
3 566 2419 1824
3 570 1900 571
3 513 514 2987
3 2969 2940 1025
3 1195 2513 1713
3 3096 2639 1526
3 2530 2212 1459
3 1679 2898 2973
3 2599 1337 1860
3 1243 2538 2462
3 2377 2123 3065
3 2848 2170 1199
3 2162 1287 2586
3 2997 2420 1613
3 3169 1085 1495
3 2715 639 638
3 2650 1015 2847
3 2650 2847 1550
3 1465 1695 2925
3 1317 2196 2741
3 1962 1138 1583
3 1244 2371 2091
3 2229 1820 1094
3 1820 1035 1624
3 2401 2258 1762
3 2129 1137 2028
3 2368 860 2594
3 2208 1568 1189
3 3134 1417 3133
3 1470 921 2273
3 1874 1224 3174
3 2035 1165 1957
3 2450 1242 2267
3 2875 874 2262
3 881 2183 1625
3 2774 1826 1076
3 1538 2099 948
3 966 1917 1614
3 2311 2309 1476
3 1121 1449 2001
3 1572 1467 903
3 2214 1572 1597
3 3014 1842 2895
3 1233 2416 1685
3 863 2011 2597
3 1723 2858 2105
3 965 2119 2764
3 2226 3133 1417
3 893 1416 2071
3 2068 494 495
3 1480 2274 1156
3 1171 2065 1984
3 1482 1540 1822
3 2651 1540 1029
3 2908 2732 1860
3 2657 2236 1245
3 608 2351 609
3 1982 1122 1823
3 487 1934 1772
3 2645 489 2177
3 1705 2932 900
3 1993 3085 3084
3 2456 1702 467
3 1489 2458 1807
3 1938 1035 1889
3 2640 1163 2626
3 2190 2189 1357
3 1089 2461 2580
3 1093 2048 3164
3 938 2967 2353
3 1859 910 3089
3 2993 1021 2688
3 3016 1992 1019
3 892 1562 2063
3 2755 2584 885
3 2928 3135 1024
3 3117 3118 1494
3 1400 3118 3117
3 1879 655 1760
3 2000 641 640
3 2153 1941 1288
3 1016 2528 2285
3 2311 2007 903
3 2503 2155 968
3 2185 1958 481
3 1498 1689 2635
3 1035 1938 1567
3 2463 1585 1121
3 902 2222 1620
3 2788 2607 1725
3 2934 1081 1661
3 2803 1979 1109
3 1441 2849 2044
3 2614 1265 2613
3 2140 2375 1637
3 956 2441 2739
3 2970 2140 1053
3 2356 2763 999
3 1475 1003 2091
3 3061 1505 1475
3 2654 1363 2617
3 2627 1296 1908
3 1643 2785 1963
3 1118 1967 3153
3 2293 1436 2284
3 956 2739 1948
3 1981 1523 1102
3 949 2288 2981
3 1505 1397 1003
3 1846 600 599
3 241 1701 240
3 1671 245 2167
3 2746 1089 2942
3 2401 2190 945
3 494 3103 493
3 905 1771 2410
3 2447 2159 1013
3 2391 2238 1250
3 2790 2633 1293
3 3096 1526 2965
3 1928 2835 3044
3 1721 1034 1593
3 2482 1606 2061
3 1533 2621 2175
3 2566 2619 1393
3 2439 1248 1552
3 2986 1841 1392
3 1230 1795 2796
3 1074 1748 1527
3 1897 1227 2559
3 1522 991 2045
3 2009 1535 914
3 2469 1792 929
3 1521 2014 1698
3 2646 1838 878
3 2264 1011 2194
3 1848 1743 2255
3 1066 2139 2681
3 2663 983 2204
3 2663 2691 983
3 2554 1454 1794
3 3127 2639 1525
3 1506 2314 3090
3 2569 2086 1175
3 1228 2279 2531
3 947 1764 2614
3 2893 2316 1512
3 2579 1707 2578
3 1427 3072 3009
3 1739 3101 2664
3 3151 2664 1909
3 1105 2252 1632
3 2104 1832 1763
3 1442 2570 2485
3 2806 2990 1604
3 1307 1924 2158
3 2233 1971 975
3 2649 1627 2982
3 1812 1139 1756
3 2336 1098 1745
3 1612 880 2151
3 1710 1186 2372
3 1964 1538 948
3 3171 888 1489
3 2872 948 1665
3 3182 1474 2786
3 1423 2963 2322
3 1132 2017 2790
3 558 559 2337
3 1028 3179 2997
3 2795 606 1864
3 2482 1933 1606
3 2168 1647 1037
3 1144 2008 1846
3 2899 3130 1299
3 2924 973 2686
3 1546 1418 906
3 2125 1309 1723
3 2860 1451 977
3 2199 2747 551
3 2491 1687 1028
3 1763 3119 1168
3 2138 1815 255
3 1730 2622 1131
3 1785 1195 1713
3 1821 2693 1000
3 2591 1038 3012
3 2794 1301 2793
3 2958 1464 2957
3 1306 2847 2130
3 1283 2713 3161
3 2529 1578 1779
3 2062 1492 2032
3 942 2188 1726
3 1619 2196 3167
3 3024 1066 1769
3 1989 2118 1355
3 2095 3167 876
3 3049 1263 2923
3 1252 2079 2076
3 2777 2404 895
3 2962 1005 2735
3 2996 2861 1050
3 484 2748 1642
3 1095 1653 2887
3 3081 919 2829
3 1750 1047 1419
3 2878 2021 1324
3 2385 2832 1300
3 3000 1958 1114
3 1720 3106 2215
3 2771 1433 1985
3 2237 1612 2151
3 1458 2120 2217
3 2276 2421 1202
3 2276 2875 2421
3 2717 1149 3055
3 2481 2464 1483
3 2323 1146 1980
3 3146 1573 3027
3 1565 999 2149
3 2154 2970 1053
3 1960 867 2228
3 2155 1973 1151
3 1133 2598 2175
3 1412 2630 1181
3 2064 1696 1167
3 2228 1728 1995
3 3067 2207 1356
3 2632 1073 1570
3 1252 2888 1978
3 3009 1942 1091
3 2836 599 598
3 1226 1962 2496
3 940 1603 2112
3 1269 2494 1595
3 615 2300 616
3 2351 1541 609
3 2869 620 619
3 2907 1373 2906
3 912 2246 2874
3 2311 1624 1209
3 3159 2761 1329
3 1455 2728 2185
3 1316 2880 2817
3 1236 1619 2095
3 1350 1765 3123
3 1920 2917 2803
3 3116 2702 1271
3 1574 1154 2186
3 1048 2818 2242
3 2003 954 1618
3 2222 3059 1406
3 2863 2281 1421
3 2691 1458 2217
3 2544 1382 2490
3 2510 2851 1584
3 1522 2045 1178
3 2171 2684 1349
3 967 2922 2056
3 3189 1748 1074
3 504 2905 2086
3 2477 990 2259
3 2465 990 1667
3 3110 1284 2739
3 3048 1365 2706
3 3051 3017 1575
3 2822 1976 1302
3 2631 2946 1617
3 1110 3062 2732
3 1183 2663 1457
3 510 1808 509
3 2862 1986 935
3 2590 1515 1593
3 2437 1323 1772
3 1720 1266 3079
3 2568 2216 988
3 1985 2601 966
3 1709 950 1496
3 1986 2961 935
3 1194 1714 2184
3 1141 2034 1780
3 2114 1007 1435
3 1476 2008 1144
3 2903 2281 1406
3 2281 1747 1072
3 3034 1504 2775
3 2964 2734 1777
3 2829 1765 1350
3 2045 1698 1600
3 3183 1474 2112
3 1968 2890 1404
3 856 1686 2527
3 1432 982 2771
3 1602 2516 1208
3 2629 1877 893
3 1140 1994 1517
3 3117 2186 1400
3 1014 1454 1899
3 2185 2728 1114
3 2351 608 1510
3 1311 1753 2331
3 2187 936 2117
3 2913 2398 2280
3 1742 3143 3001
3 1351 2913 2280
3 2116 1115 1660
3 990 2465 2909
3 605 1954 1864
3 2050 2749 1610
3 1518 2846 1191
3 2548 618 617
3 2718 2910 1339
3 1271 2548 3116
3 2416 1711 1063
3 3007 2013 1461
3 2590 2096 1185
3 1330 2177 2427
3 2405 1814 1020
3 1953 1402 914
3 1979 1773 1109
3 1852 1429 2654
3 1919 2036 1321
3 1615 2688 1289
3 2681 1769 1066
3 932 2716 1581
3 2255 1065 2197
3 1857 3145 901
3 1920 1109 1388
3 2649 2982 1697
3 238 239 3172
3 3176 1260 2313
3 464 1622 263
3 1430 2525 2028
3 551 2747 550
3 1030 2915 2012
3 1380 2366 3025
3 1380 3043 3042
3 2382 1766 544
3 1194 2184 1431
3 864 2235 1882
3 2733 1626 2523
3 3177 3015 1395
3 1952 2439 1552
3 1154 1574 2665
3 1901 1211 1804
3 2278 1533 915
3 1982 1823 613
3 2939 2445 964
3 2159 1186 1514
3 628 627 2202
3 2682 1335 2134
3 2926 1478 2915
3 2317 545 546
3 1356 2207 2423
3 1355 2030 1989
3 1675 1972 3129
3 1693 1674 920
3 1649 2817 2745
3 2699 1578 1717
3 2720 1335 2455
3 2175 1892 915
3 2232 1193 1778
3 1955 3045 1343
3 2299 1258 2115
3 2068 1454 3103
3 2276 874 2875
3 1192 3073 2080
3 2465 1202 1538
3 2596 2870 1012
3 1194 1431 2182
3 2340 1440 1641
3 479 480 2999
3 2622 1730 1326
3 1962 1583 917
3 1923 1922 930
3 2581 2758 1759
3 1387 2395 3030
3 2630 3058 1268
3 1324 1975 2727
3 2824 1863 1302
3 2951 891 1727
3 1624 2311 903
3 1094 2975 2229
3 2448 1241 1776
3 2572 1701 2799
3 2000 2139 1635
3 2699 1008 2320
3 1824 567 566
3 1378 3105 1845
3 1354 2811 2242
3 866 1695 1465
3 2708 1910 1740
3 2546 534 1570
3 1873 3186 1440
3 1047 2723 2769
3 1150 1692 2058
3 1423 2322 2143
3 2939 2938 1493
3 1186 1710 1514
3 2818 1391 2242
3 1630 2501 2329
3 1081 3082 2654
3 1392 3013 2059
3 890 1961 2785
3 2064 917 1497
3 876 3167 2719
3 1263 2952 2040
3 1853 2914 2852
3 2852 1126 2187
3 2724 902 1616
3 3180 1328 2931
3 1875 518 519
3 2269 1500 2239
3 1979 521 522
3 989 2269 2239
3 2388 541 1590
3 2769 1676 1047
3 1182 2872 2221
3 2354 1833 1682
3 2205 1828 1069
3 2915 1545 2012
3 2127 1242 2450
3 1718 2779 2556
3 2418 1847 1875
3 1176 2164 1837
3 2397 2233 975
3 1725 2825 1042
3 2032 1492 1135
3 2249 879 2171
3 3075 1943 1703
3 2967 2966 1378
3 918 1694 1672
3 1715 3066 1356
3 2146 2511 1044
3 1316 2442 2003
3 2308 971 2078
3 2386 1301 2308
3 982 2408 2338
3 2793 1301 2386
3 1214 2415 1590
3 2518 1030 1987
3 1817 1031 1668
3 2778 1841 1221
3 2490 2032 1383
3 1019 2425 3016
3 2173 1019 1661
3 2788 2921 1212
3 1812 1756 2436
3 2711 2342 1095
3 2153 1165 2035
3 2984 1348 2924
3 1182 2221 1640
3 1964 1358 1538
3 2230 1507 2743
3 1543 1146 2323
3 1160 1900 2126
3 2376 1090 1703
3 1482 2365 1029
3 3014 2895 109
3 1955 3036 909
3 2659 1681 3124
3 1418 2467 1063
3 3069 1477 2253
3 2392 896 2529
3 3144 2937 1856
3 2861 2514 1642
3 3182 1888 1474
3 2547 2225 1361
3 1690 2698 930
3 966 2025 1917
3 2965 1359 2299
3 2493 2902 1437
3 2480 1565 2149
3 3012 1038 2672
3 917 2640 1497
3 2070 1903 635
3 2991 1346 2737
3 972 2042 3066
3 2923 1857 901
3 1244 2249 1585
3 2108 2487 968
3 2892 2009 1098
3 1198 2394 1875
3 1500 1164 2211
3 1698 1128 1600
3 2839 1716 2474
3 1941 2153 886
3 1089 2580 3031
3 2578 2893 1261
3 239 240 2572
3 1811 1703 1260
3 465 466 2695
3 2746 1622 2695
3 1684 1092 2075
3 562 3172 563
3 1812 532 533
3 2517 3004 1270
3 2932 2507 900
3 1277 2432 2245
3 1806 1061 2458
3 247 1733 246
3 1487 2578 1056
3 1708 1056 2189
3 1487 2316 2893
3 2384 1806 888
3 2408 2407 1234
3 1257 2734 2430
3 2159 2447 1493
3 3030 2395 891
3 1029 1540 1482
3 2420 113 114
3 2525 471 2028
3 2798 1366 2066
3 1037 1963 3042
3 2522 2919 1549
3 1623 2927 2518
3 939 2184 1926
3 2768 2769 1297
3 3123 1765 2688
3 2981 2354 949
3 1966 893 1425
3 3161 2130 1283
3 649 1881 650
3 1560 3019 2798
3 2402 2190 2401
3 3076 883 1713
3 2373 2216 1352
3 2054 1097 1520
3 1923 930 2974
3 2308 2443 971
3 2054 1034 1721
3 1369 3119 1763
3 906 1977 1546
3 1544 906 1418
3 1251 2491 2077
3 2727 1159 2273
3 1669 2512 1031
3 3128 2164 1176
3 2744 2263 870
3 2188 1210 1995
3 2502 880 2457
3 2673 1039 2330
3 2846 2049 1629
3 1548 2693 2120
3 1024 3135 2621
3 3038 2536 1248
3 2998 1031 1817
3 1577 2625 1323
3 1867 1730 1131
3 3064 648 2039
3 2377 1285 2123
3 1880 1099 1819
3 2995 862 1571
3 1225 3010 2950
3 3109 1364 1742
3 2556 2262 1172
3 2807 1984 2065
3 1133 2621 2619
3 2933 894 2864
3 1782 1351 2683
3 3175 1749 978
3 2178 2142 1157
3 2178 3146 1471
3 1051 1819 1731
3 3168 1078 1764
3 2485 1083 1832
3 2079 861 1596
3 3112 527 3074
3 2604 1073 1652
3 2364 1754 1256
3 1648 3075 1811
3 990 2909 2259
3 2449 2838 1241
3 1313 2884 1848
3 1367 2020 3102
3 2070 635 634
3 1058 1710 2372
3 2504 1816 1230
3 1255 2851 2510
3 1041 2721 1678
3 2147 1328 2102
3 2281 1072 1406
3 1998 868 2241
3 2204 2685 1457
3 2816 2213 1196
3 986 1456 2801
3 1754 875 1608
3 860 2296 1840
3 2295 1231 1872
3 2217 2120 1177
3 1151 1973 1784
3 2802 1333 2202
3 629 2805 2113
3 2795 607 606
3 612 1982 613
3 2440 2346 3033
3 1807 985 1489
3 624 2830 625
3 2621 1636 2619
3 2015 2977 1332
3 1651 2250 1020
3 2277 2963 980
3 1348 2984 1796
3 2846 1629 1191
3 2826 1725 943
3 1910 1112 1740
3 1249 1420 2671
3 2735 1342 2962
3 1495 2039 2577
3 2810 1637 2178
3 2245 589 2687
3 888 3171 1818
3 465 2695 1622
3 2106 2105 1168
3 3179 2128 3068
3 1528 2529 1779
3 2090 1216 2603
3 2483 2464 1237
3 2405 2250 1991
3 1407 2121 2657
3 2326 2325 1439
3 1595 1888 1269
3 1767 1049 2879
3 3122 2881 1106
3 2959 2947 2027
3 2937 1317 1856
3 1717 3170 2699
3 3081 2723 1281
3 2295 2954 1231
3 3106 2559 1097
3 3044 2835 905
3 1050 1577 2658
3 1292 2497 1870
3 1388 2211 2103
3 1773 522 523
3 2424 2060 1161
3 1924 1479 1103
3 2990 1775 2989
3 2186 3117 1027
3 1940 3143 946
3 1776 2083 1180
3 1705 900 3078
3 1118 2474 1967
3 2058 1425 1150
3 2978 1757 2360
3 2399 1879 1398
3 3125 1452 1717
3 2656 1738 947
3 1617 2462 970
3 1179 2124 1458
3 2351 2331 1541
3 1225 2950 2290
3 2800 1824 1124
3 1834 1462 941
3 1004 2169 1462
3 2667 2370 1567
3 1634 2840 1036
3 1175 1591 2680
3 2173 1081 2617
3 2404 1251 2077
3 908 1443 2301
3 1448 2265 2046
3 1466 1890 872
3 2792 966 1614
3 1594 2968 1234
3 989 2239 1990
3 1920 2803 1109
3 3009 2302 1427
3 1123 3032 3020
3 1054 1529 1937
3 2539 985 1762
3 1302 2948 2822
3 3178 1134 3086
3 2553 633 632
3 1453 1013 2135
3 2068 3103 494
3 2559 1520 1097
3 1620 1616 902
3 1817 1668 1212
3 2145 869 1424
3 2924 1831 973
3 1406 1072 2222
3 3189 2218 1586
3 2183 1396 1714
3 1977 2526 1546
3 2934 2726 922
3 1230 1816 2411
3 3165 1005 2962
3 1843 2957 889
3 2453 1844 553
3 1473 2393 2725
3 1763 2011 1369
3 2305 1802 977
3 598 2833 2836
3 1415 3085 2114
3 1863 2824 871
3 3040 2131 1057
3 3057 1964 1182
3 1898 254 1815
3 2401 1762 1232
3 1708 258 1487
3 259 1487 258
3 888 2458 1489
3 1883 3096 904
3 2532 2413 1258
3 1205 1838 2646
3 1566 2473 2964
3 2087 3181 3157
3 3095 3087 2048
3 238 3172 237
3 2167 245 246
3 2565 1813 1022
3 1570 1073 2604
3 957 1664 2977
3 1813 3112 1408
3 1558 2690 1289
3 1615 2250 2993
3 251 2043 250
3 257 2138 256
3 1992 3016 1395
3 2179 2147 882
3 1657 2778 1221
3 2504 2796 1501
3 945 2751 2258
3 1512 260 261
3 2100 1884 1447
3 1879 1760 1123
3 2814 2496 917
3 1993 1007 3085
3 1273 2567 2227
3 2986 2934 922
3 1822 1540 560
3 1445 2337 2651
3 1970 1868 1120
3 2081 1154 1580
3 2376 1703 1943
3 563 1621 2240
3 2521 1356 2423
3 1570 2604 2546
3 554 2707 2453
3 2947 1625 2538
3 595 594 3083
3 1486 2935 2776
3 1687 951 2128
3 997 2279 1528
3 2305 1826 1286
3 2462 2182 970
3 3045 3029 1939
3 3034 2154 1504
3 1986 2862 1520
3 2983 2767 857
3 2104 951 1832
3 2011 3121 1369
3 1049 3152 2251
3 2153 2729 1165
3 1843 1732 1283
3 862 2995 2074
3 2632 535 536
3 2004 2887 1410
3 2528 1833 2444
3 1203 3155 2272
3 2620 991 1522
3 2575 2998 1221
3 924 2319 1737
3 1075 1827 1486
3 2899 1809 931
3 1778 1193 2231
3 2021 2877 1324
3 1579 2690 2692
3 2263 1584 2851
3 1876 1248 2439
3 2128 1233 3068
3 1977 906 2858
3 129 2294 128
3 2341 2958 1006
3 1802 2725 1062
3 2012 1088 1444
3 569 2160 2773
3 2773 570 569
3 1572 903 2007
3 3048 1096 2137
3 2022 859 1729
3 1018 1999 1663
3 2521 1715 1356
3 2608 1236 2006
3 2665 1574 2549
3 2428 1606 1314
3 3149 3108 1364
3 1607 936 2346
3 2296 3086 2297
3 1042 2825 2877
3 1041 1678 1677
3 2721 2166 1678
3 2920 2909 1358
3 3173 3174 2357
3 2175 2621 1133
3 2469 1181 1792
3 932 2492 1564
3 1715 2666 2118
3 2454 1688 1581
3 1857 3144 1394
3 1079 2937 3144
3 1206 1659 2257
3 2639 1002 2638
3 503 2086 1586
3 2732 3062 1766
3 1017 2850 1641
3 1625 2183 1194
3 3004 1341 2317
3 2762 1086 3022
3 2119 1181 1469
3 2830 624 1752
3 1345 1862 2226
3 2455 1915 1113
3 1646 1976 2753
3 595 3083 2813
3 1930 1413 3028
3 2765 1657 1936
3 2842 1347 1751
3 1077 1596 2664
3 1895 2172 1344
3 1949 1045 1683
3 2857 1730 923
3 2503 1973 2155
3 1643 1037 2571
3 1951 1148 1539
3 857 1871 1446
3 2293 1831 1436
3 2698 1361 2224
3 2740 865 1893
3 2983 857 2978
3 933 2434 1872
3 2669 1178 1600
3 1026 2470 2004
3 1483 926 1947
3 1640 2980 2979
3 1364 2335 2593
3 1363 2587 2298
3 2931 2648 1663
3 3038 1248 1876
3 2575 1221 1841
3 2285 2480 1240
3 2180 1045 1877
3 2001 2463 1121
3 1969 2705 2679
3 2399 657 656
3 2543 2052 1414
3 126 2162 1551
3 2958 2052 1006
3 1649 2745 1066
3 1495 3064 2039
3 2887 899 2340
3 2894 2499 1032
3 2591 1274 3147
3 2784 2136 1295
3 2191 1880 1447
3 653 2466 2941
3 1167 2484 1938
3 2813 3083 1415
3 2556 1468 1718
3 2029 1371 3184
3 2389 1276 1793
3 2731 2383 1312
3 3094 2190 1357
3 984 1888 3182
3 2496 2229 1226
3 1938 879 1567
3 2266 872 1890
3 2585 2284 1436
3 2251 1278 1686
3 1202 2465 1667
3 2367 981 2122
3 631 2389 632
3 2088 2023 1379
3 992 2431 2144
3 3157 3019 2088
3 2180 1595 1045
3 2600 1337 2599
3 2036 1919 861
3 1390 2784 2220
3 1517 2201 942
3 3044 905 1515
3 1674 2198 920
3 985 1490 2400
3 3171 1197 1818
3 2918 1513 1185
3 930 2224 1647
3 2479 1681 1240
3 2588 567 1824
3 1212 2921 1974
3 2877 2021 1042
3 1973 1262 1935
3 925 1933 2482
3 918 1672 2329
3 2991 2165 1346
3 1593 2410 1721
3 1914 3162 1401
3 871 1636 3134
3 1133 2619 2566
3 1786 1532 994
3 2860 1802 2859
3 863 1666 1932
3 2520 3151 1267
3 2680 1748 2569
3 2638 1298 2605
3 2252 1088 1632
3 2520 1828 908
3 2854 1112 1953
3 524 2949 2563
3 2562 1536 1911
3 3026 2135 1013
3 1789 1018 1620
3 1627 2649 1534
3 2157 1132 1485
3 2748 1323 2625
3 966 2792 1985
3 2427 960 1914
3 2446 1915 964
3 2447 1276 2445
3 2546 2604 1139
3 2854 1740 1112
3 482 2185 481
3 3070 2143 1184
3 2600 2027 1127
3 881 1625 2947
3 1344 3055 3054
3 1800 1051 2560
3 2982 2336 1697
3 2901 2900 1521
3 2403 2506 897
3 1524 1173 2883
3 2071 1416 2055
3 1871 2767 1944
3 1299 2686 1809
3 2220 1961 890
3 2907 2906 1494
3 2806 2158 898
3 1807 2838 2449
3 2872 1665 2221
3 2517 1270 1987
3 2252 1105 1714
3 3018 2295 1001
3 2434 1522 1178
3 2792 1293 1985
3 1928 1353 2835
3 1459 2204 983
3 1771 905 2835
3 1311 2873 1930
3 1397 2282 601
3 507 2627 506
3 916 2944 2495
3 2012 1444 1987
3 2012 1987 1030
3 1862 2989 1057
3 1314 2555 1982
3 1934 2645 1330
3 2771 3039 1432
3 2204 1196 2685
3 2366 1138 1962
3 1057 2989 3040
3 1975 1324 1727
3 2942 1512 2315
3 1093 3164 2890
3 1497 1696 2064
3 867 3003 2101
3 1343 1939 1830
3 2488 580 1660
3 1472 2451 1242
3 1092 3149 3109
3 2126 1456 986
3 1587 2359 2870
3 1004 1942 3072
3 2286 3099 2301
3 1090 2369 1703
3 568 2588 2160
3 2754 1788 1362
3 2976 1894 2332
3 1660 579 2116
3 2398 576 2280
3 2831 2275 987
3 2275 3078 1102
3 1149 2053 3055
3 2499 2894 1321
3 2328 1119 1504
3 2328 2319 1119
3 982 1432 2408
3 2622 1605 2332
3 3023 911 1485
3 2002 2857 923
3 1150 2071 2055
3 1513 2426 2409
3 2347 1645 2132
3 1726 2188 1995
3 1813 2871 1022
3 2896 1916 1112
3 601 2282 602
3 604 1954 605
3 2142 1777 1157
3 2140 2930 1053
3 1963 1037 1643
3 2749 3185 1010
3 2596 1012 1665
3 3027 2109 999
3 1950 1683 865
3 1557 2728 2996
3 1449 1121 2056
3 2344 1670 1135
3 2524 1970 928
3 1583 2783 2640
3 1084 1858 2198
3 2785 1961 1138
3 1467 1885 1094
3 2974 1107 1923
3 879 2667 1567
3 1674 3129 1084
3 3175 3174 1374
3 875 2290 3173
3 1162 1422 2092
3 2929 1699 924
3 2285 2528 1496
3 2112 3073 1192
3 3071 2839 980
3 924 1699 1509
3 2080 3073 1033
3 1937 3114 2460
3 1305 2108 1969
3 2812 2809 1349
3 1569 1970 1120
3 3126 1713 2513
3 2263 1246 1745
3 2336 1745 1246
3 1362 1788 2961
3 2406 2096 1034
3 2010 1820 1624
3 867 2101 1728
3 1697 1246 2239
3 2583 1201 1784
3 891 1975 1727
3 2951 1310 1758
3 1994 1519 996
3 1479 1924 3077
3 1442 2485 2404
3 907 2867 1907
3 2462 1625 2182
3 926 3021 1918
3 3190 1198 1847
3 3016 2179 1395
3 2963 1215 2322
3 1190 2225 2433
3 2137 1096 1426
3 1838 2387 1096
3 1849 2482 2061
3 1060 1606 2428
3 1392 1841 3013
3 880 1628 2081
3 1560 1984 1070
3 2029 2807 944
3 911 3023 1605
3 2885 982 2338
3 873 3079 1972
3 2750 1064 1691
3 2343 2518 1270
3 1438 2926 2927
3 2574 1138 1961
3 1988 1151 1670
3 2209 2501 1189
3 2611 2005 969
3 921 1470 2049
3 2510 1584 2330
3 2855 914 1535
3 1651 2993 2250
3 525 1813 2949
3 2211 1164 2103
3 3136 2836 1435
3 1253 2265 2264
3 1151 1988 2655
3 2181 1901 1804
3 1611 1210 2188
3 3038 942 1726
3 2514 483 1642
3 1886 1172 3088
3 898 2158 1494
3 1580 1169 2151
3 1998 1183 1429
3 1669 922 2726
3 1992 1661 1019
3 2744 2330 1584
3 1769 2681 1394
3 3102 2020 2883
3 1158 2922 1878
3 1209 2370 2309
3 2622 2623 1605
3 2832 2677 1300
3 2320 1578 2699
3 2095 876 2712
3 1259 2362 2192
3 3089 910 2325
3 2026 910 1859
3 3005 1860 1341
3 1555 2349 2348
3 1220 1554 2348
3 1466 872 2312
3 1946 1523 952
3 1505 1003 1475
3 1993 3137 2865
3 1991 2206 1332
3 2689 1615 1289
3 968 2303 1696
3 3084 1075 1993
3 1233 3093 2416
3 2416 1063 1685
3 2468 1623 549
3 881 1768 1396
3 2170 1306 2130
3 1550 122 123
3 1318 2854 1953
3 877 2669 1600
3 1073 1873 1652
3 1001 1559 2692
3 2761 2016 960
3 1913 2437 1111
3 1234 2406 1594
3 1148 1949 1950
3 2065 2267 1468
3 1247 1667 2477
3 1549 920 2522
3 2522 1638 2513
3 2020 2391 979
3 1264 2560 2074
3 1324 2727 2878
3 1668 1031 2412
3 2022 1161 1519
3 2132 929 1792
3 1877 1045 1416
3 2088 3019 976
3 2245 590 589
3 2432 2265 1448
3 2606 2740 1294
3 2225 1190 2224
3 1825 1704 864
3 1626 1245 2470
3 1623 548 549
3 2732 1766 2382
3 2087 887 3181
3 472 2028 471
3 473 2129 472
3 3037 1639 1371
3 1465 2925 2256
3 2811 1048 2242
3 2817 644 643
3 2429 1790 1385
3 2198 1638 920
3 1675 2794 2793
3 1363 2724 2617
3 2062 2886 1492
3 2717 3055 1919
3 1635 642 641
3 2984 2686 1299
3 2345 1256 1608
3 1978 1141 2644
3 2995 2994 2074
3 2781 2780 1296
3 1591 2815 2680
3 2736 1085 3141
3 647 646 2039
3 2745 1635 1066
3 2466 1463 2941
3 2454 1263 3049
3 3167 2095 1619
3 2257 1659 901
3 2946 2005 1243
3 2111 1419 1047
3 2762 2642 1086
3 2138 257 1708
3 3008 252 2956
3 1069 1828 2912
3 2952 1263 1581
3 1073 2632 1835
3 1535 2856 2855
3 2266 1542 872
3 2328 1053 1737
3 1770 2368 1268
3 1013 1793 2447
3 2459 1547 955
3 1702 2746 2695
3 1924 2844 1023
3 1518 2181 996
3 3158 1781 2552
3 2702 3163 2549
3 1116 2318 2037
3 1315 2203 2685
3 3007 2123 118
3 2162 126 127
3 2888 998 1978
3 2235 1704 1245
3 1266 2413 2532
3 1234 1561 2408
3 2332 3131 1131
3 1148 1951 2055
3 1510 607 2795
3 2050 3158 1108
3 3134 1863 871
3 1386 933 1759
3 2277 3104 1215
3 2144 2430 1184
3 1211 3060 2201
3 2102 1501 882
3 2278 1911 1536
3 1518 2060 2424
3 1997 1775 1400
3 1956 3148 2438
3 2972 1799 1041
3 2971 2062 974
3 3185 1611 2304
3 1153 2438 1896
3 2667 1244 2370
3 2310 1035 1567
3 2678 2636 1734
3 1689 1984 2807
3 1601 1472 2080
3 476 1734 475
3 3100 3101 1739
3 1857 3160 3144
3 2082 1326 1730
3 960 2427 2426
3 2945 2137 900
3 1922 1100 1690
3 2403 2791 1312
3 2762 3022 1672
3 2084 940 2821
3 1654 1767 2629
3 1488 2812 2684
3 2371 1244 1585
3 2331 2428 1541
3 1960 1210 1959
3 1441 3097 2849
3 2911 121 122
3 3033 2346 936
3 1754 1608 1256
3 1389 3101 3100
3 2888 2348 998
3 3121 1722 3120
3 1168 2105 2545
3 1634 920 1549
3 2961 1788 2339
3 2789 2205 1531
3 2759 1553 2034
3 1304 2875 2262
3 3155 1602 2272
3 1604 2928 2248
3 1154 1628 1997
3 1642 2625 2861
3 3052 911 2623
3 937 2334 2579
3 3001 1225 1741
3 2292 1686 856
3 1951 2694 2055
3 2908 1859 1110
3 2005 2464 2483
3 2213 2816 2662
3 1067 1746 2943
3 1498 2635 2129
3 1033 1891 2845
3 2493 1437 2260
3 3087 1357 2189
3 1736 2756 2364
3 2838 2083 1241
3 1308 2881 1907
3 2545 2105 1544
3 2533 1219 2246
3 2833 2813 2114
3 1184 2145 3070
3 2387 1838 1205
3 869 2145 2734
3 2706 2069 3048
3 909 1573 3146
3 1205 2284 2387
3 997 2613 2279
3 1555 2348 2888
3 2096 2590 1593
3 2606 1294 1539
3 1928 1899 1104
3 1513 2409 2244
3 2023 3000 1114
3 2658 2082 1050
3 2870 1836 1012
3 1898 253 254
3 2880 644 2817
3 1528 2279 1228
3 1930 2874 1311
3 1397 601 600
3 2826 1310 1725
3 3015 2412 1031
3 1500 1697 2239
3 1979 522 1773
3 1451 2125 1071
3 2772 951 1687
3 1977 2858 1309
3 1544 2105 906
3 2234 1451 1071
3 1532 1083 2570
3 2270 2557 993
3 1461 2169 3065
3 3003 1878 1282
3 1262 2626 1935
3 1660 2374 2628
3 3124 1681 886
3 2764 1469 1291
3 2562 1113 1774
3 2657 1626 1407
3 2256 3049 1659
3 3088 1172 1810
3 1474 2471 2112
3 1013 2159 3026
3 631 630 2389
3 1003 2008 1476
3 2696 1272 3061
3 1002 1748 2680
3 3090 500 501
3 2914 1126 2852
3 2116 579 578
3 1009 2345 2358
3 2327 2141 1182
3 1331 1735 2755
3 1409 2295 3018
3 2594 1656 2452
3 2582 1058 2372
3 2241 2544 1179
3 1549 2919 2540
3 2733 2325 910
3 1676 2769 2768
3 626 1774 627
3 2594 1249 2368
3 116 117 2379
3 1004 3072 2107
3 1210 2228 1995
3 2587 2654 1429
3 2106 1071 1723
3 1083 1532 2011
3 2766 3176 243
3 3156 2419 565
3 2080 2845 1601
3 1642 483 484
3 2526 2519 1546
3 106 2291 1482
3 470 1712 469
3 887 2450 2066
3 2614 2613 1530
3 1306 2848 1783
3 1314 1606 2555
3 2201 1804 1211
3 2233 2397 1387
3 1174 2347 2132
3 3147 1038 2591
3 3044 1899 1928
3 1319 2564 1536
3 1755 1129 2598
3 1493 2447 2445
3 1887 2506 1101
3 2945 2264 1365
3 2591 3012 2019
3 2743 1193 2230
3 2323 1980 2322
3 2083 1776 1241
3 3143 1225 3001
3 2741 2196 1618
3 1780 932 1564
3 1193 2743 1809
3 2643 1257 1699
3 1490 2956 1898
3 2751 1247 2477
3 579 1660 580
3 1941 2479 1428
3 1299 3130 2984
3 2142 2964 1777
3 1716 1239 2474
3 1709 1403 1967
3 1239 2475 2474
3 3048 2069 1096
3 2041 2864 894
3 1655 2534 1694
3 2673 2330 2233
3 2049 1087 1862
3 2752 1371 2029
3 3088 1810 2876
3 1165 2729 2117
3 2288 1609 1224
3 2935 3035 593
3 1209 2310 2370
3 3142 1103 1905
3 1878 2922 967
3 1902 1122 1484
3 2809 2056 1349
3 1503 2154 582
3 1160 2476 1850
3 1240 2480 2149
3 2440 2364 1256
3 2124 934 1458
3 880 1612 2457
3 1291 3046 1568
3 3133 2948 1863
3 492 2390 491
3 479 2999 478
3 2158 1924 1103
3 3040 2989 1775
3 2731 1743 979
3 2737 2992 2592
3 2773 2160 1456
3 2160 2588 1368
3 3165 2962 1385
3 657 2399 2161
3 941 1462 2170
3 2333 1550 123
3 2630 1268 2367
3 2900 1098 2009
3 1646 891 2395
3 1770 3086 2296
3 1856 954 1769
3 2113 2446 1276
3 2490 1383 2544
3 1336 1797 2200
3 2358 1608 2357
3 1733 2422 3107
3 1803 3043 3025
3 2776 2046 2265
3 2169 1199 1462
3 1447 889 2100
3 126 2828 125
3 3014 2417 1685
3 2684 2484 1488
3 1960 1959 1108
3 3080 1252 2644
3 2531 1556 862
3 1799 2971 3113
3 2971 1799 1384
3 1914 3011 1330
3 2413 1052 1719
3 1604 2990 1345
3 2447 1793 1276
3 1808 2318 1116
3 1067 2587 2210
3 1794 1014 2409
3 493 3103 2554
3 1405 2865 3137
3 1681 2659 1016
3 2103 1920 1388
3 2760 1912 913
3 2527 1686 1278
3 3130 1796 2984
3 2057 2988 1303
3 1023 2278 1536
3 2499 1780 1032
3 3080 2079 1252
3 2343 548 1623
3 2414 2324 1590
3 2837 1531 994
3 2125 1723 1071
3 2262 1810 1172
3 1360 2023 2832
3 1010 1612 2237
3 2869 1373 2770
3 2729 1338 2117
3 2800 1124 1845
3 1956 1562 1040
3 2152 1902 1484
3 3087 1707 2048
3 1357 3087 3095
3 3164 2048 2334
3 2956 252 253
3 650 2509 651
3 651 2466 652
3 1590 541 542
3 1835 537 2362
3 950 1967 2475
3 3138 2929 1322
3 1365 3048 2137
3 2831 1705 2275
3 930 2698 2224
3 2195 1258 1719
3 2736 1881 1085
3 2118 1989 972
3 2701 2165 1633
3 897 1744 2403
3 2583 2842 1751
3 1084 3129 2634
3 2343 2317 547
3 1932 1798 1106
3 2495 2944 1746
3 868 1678 2166
3 2228 867 1728
3 2060 996 1519
3 629 628 2805
3 1307 2248 2844
3 2670 1390 1693
3 506 1908 505
3 1865 1179 2691
3 1459 983 2217
3 2302 3097 2777
3 2557 2270 1370
3 1320 1813 2565
3 2669 2692 1178
3 1991 1615 877
3 1170 1688 2668
3 2042 2041 1166
3 1113 1915 2802
3 2938 1331 2110
3 2368 1770 860
3 2617 2724 1616
3 1315 3111 2037
3 2223 2394 1198
3 3188 2854 1318
3 2298 2587 1067
3 1298 2638 2815
3 2905 504 505
3 1116 1929 1808
3 2264 2194 1365
3 2932 1787 2507
3 1917 1893 1130
3 1353 2567 2589
3 1273 2227 1904
3 498 2174 497
3 2059 3013 1043
3 2936 2841 1000
3 498 499 2618
3 1074 2218 3189
3 1961 2220 1295
3 988 2216 2195
3 3104 2323 1215
3 2198 1674 1084
3 1358 1964 3057
3 2187 1126 1850
3 517 1598 516
3 1747 516 1598
3 2587 1363 2654
3 2704 1979 1334
3 3104 1543 2323
3 1690 3115 2797
3 1359 2634 2532
3 2224 1361 2225
3 2278 915 1911
3 996 2181 1804
3 904 2115 1883
3 1720 2215 1052
3 1154 2665 1580
3 2487 2303 968
3 2168 3042 1542
3 1865 2691 2663
3 1162 2092 2093
3 3138 2643 1699
3 2686 973 2231
3 2585 1946 952
3 2293 2284 1205
3 2144 2431 2430
3 1745 2820 870
3 1976 1646 1046
3 3132 994 2570
3 2545 1544 1711
3 1263 2454 1581
3 1032 2521 2894
3 2523 2470 1026
3 2887 2004 1095
3 2371 1475 2091
3 925 1610 2808
3 2592 897 1887
3 633 2553 1453
3 2827 1851 1039
3 2827 1758 1310
3 1650 2653 1160
3 2369 1701 1260
3 2179 1662 2147
3 3148 2524 1896
3 3049 2923 1659
3 2295 1872 1559
3 1062 2725 2853
3 1396 1768 1088
3 1888 2493 1269
3 2976 1893 1894
3 3084 1827 1075
3 2573 1588 2441
3 963 1413 2615
3 1413 963 2463
3 2716 2247 1188
3 1194 2182 1625
3 3135 1636 2621
3 2226 1604 1345
3 1864 606 605
3 1158 2072 3150
3 2669 877 1579
3 1653 1095 2342
3 2527 2359 856
3 2740 1893 1294
3 1829 2912 1267
3 2252 1396 1088
3 1932 1666 1216
3 2551 108 2895
3 2264 2945 2507
3 2254 1422 1162
3 1861 2737 1058
3 1367 3102 1921
3 1553 2247 2716
3 1743 1312 2791
3 1903 636 635
3 1581 2716 2952
3 2421 2875 1304
3 2461 2746 1702
3 2276 1202 1667
3 2221 1665 1012
3 2694 927 1692
3 2409 1014 2244
3 2016 2761 3159
3 2227 1104 1904
3 2262 874 1810
3 2834 1238 2271
3 1332 2206 2015
3 2411 943 1668
3 3002 2194 1011
3 1096 1839 1426
3 3034 584 583
3 2046 592 591
3 2945 900 2507
3 1107 2974 2168
3 2678 1560 1070
3 2821 1595 2180
3 1954 2697 1272
3 1397 600 1846
3 1816 2504 989
3 1098 2336 2982
3 2301 3100 908
3 3097 1502 2849
3 2271 1238 1891
3 2018 887 1481
3 1605 2623 911
3 2471 1888 1595
3 1644 2823 2347
3 2620 2163 1176
3 3184 2635 2029
3 488 1934 487
3 1827 3083 3035
3 2836 2833 1435
3 1563 3164 2334
3 2845 2080 1033
3 1946 2585 1279
3 2839 3071 1424
3 2208 2582 1631
3 2548 3017 618
3 2031 2612 1078
3 1398 1879 1123
3 1288 2729 2153
3 574 2683 575
3 512 2987 1582
3 2987 514 1421
3 2268 1505 1272
3 2833 596 2813
3 1712 2525 1430
3 2456 468 2283
3 1827 3035 1486
3 2193 1599 2094
3 2479 1941 886
3 1607 1957 1165
3 1141 1780 2499
3 876 1855 2595
3 2348 1554 998
3 2238 638 637
3 1682 2659 2542
3 2953 2358 1609
3 2581 1134 2057
3 2273 921 1724
3 1742 2593 946
3 2593 2335 1217
3 106 107 2291
3 2291 2365 1482
3 2285 1240 1681
3 2516 1603 1208
3 1157 3138 2810
3 1284 1761 2738
3 2294 659 2674
3 2543 1015 2650
3 2690 1579 2689
3 1268 2368 2367
3 1268 3058 1770
3 1386 2163 933
3 2045 1600 1178
3 1872 2297 1759
3 1429 1852 868
3 2495 2210 1183
3 1748 3189 2569
3 2174 2568 1273
3 2718 615 614
3 1982 2555 1122
3 3054 3055 2053
3 2736 3141 1342
3 1461 2123 3007
3 2616 1427 2302
3 2655 1569 2155
3 1413 2463 2001
3 2819 1140 1936
3 2152 1580 959
3 2853 2558 1445
3 1768 1444 1088
3 537 1835 536
3 1127 2027 1491
3 1044 2511 2534
3 3026 2159 1514
3 2078 1986 1227
3 1362 1986 2078
3 1435 1007 2150
3 1121 2171 2056
3 607 1510 608
3 2975 2312 1803
3 2865 1597 1993
3 1569 968 2155
3 1523 2266 1890
3 858 1658 2842
3 2369 1260 1703
3 2089 1925 946
3 1204 2216 2373
3 2652 496 497
3 3031 2942 1089
3 261 262 2315
3 1213 2138 2189
3 2556 1304 2262
3 2182 1431 1895
3 548 2343 547
3 1429 868 1998
3 2544 1383 2124
3 1053 1504 2154
3 2375 2140 1229
3 1881 3064 1495
3 1170 2668 1695
3 108 2551 107
3 105 1822 104
3 1867 923 1730
3 2983 1348 1796
3 893 2071 1425
3 2547 971 2225
3 1155 2946 2631
3 2361 3186 1873
3 1641 2850 1026
3 2850 2326 1439
3 2946 1243 1617
3 3062 2414 1766
3 3094 3095 1791
3 3183 1192 2018
3 1343 2660 3036
3 2573 2441 956
3 1673 1672 1048
3 2534 1391 1694
3 2758 2661 1386
3 2988 2469 929
3 1169 2237 2151
3 2500 2350 1314
3 2996 2728 1455
3 2227 1928 1104
3 3020 1884 2100
3 1381 2650 2333
3 1968 1791 1093
3 2478 1247 1968
3 1648 3108 3149
3 3176 2313 242
3 1854 2661 1303
3 1952 1936 1140
3 557 1801 556
3 557 558 2558
3 2338 2408 1561
3 3115 1064 2797
3 2407 884 1592
3 1038 1675 1674
3 2207 1947 926
3 1715 1032 1564
3 656 1879 2399
3 1464 3020 2100
3 957 2977 2015
3 2236 1237 2235
3 2343 1270 2317
3 2199 1438 2747
3 2219 1643 1190
3 1040 1728 1956
3 2953 1223 1957
3 2730 2641 953
3 2801 1456 1368
3 1124 2376 1943
3 3086 1134 2297
3 2396 1646 2395
3 1220 2349 2006
3 2247 998 1554
3 1779 1578 1236
3 947 2349 2656
3 2350 610 1541
3 2457 1211 1901
3 1902 959 3163
3 872 1542 3043
3 2646 878 2232
3 3137 1787 2932
3 1621 2799 1090
3 2641 2730 1288
3 1016 1833 2528
3 2659 1682 1016
3 2033 934 1383
3 1384 2972 2973
3 1637 3146 2178
3 2643 3138 1157
3 1288 2730 2729
3 1375 1874 2979
3 1377 3033 2476
3 1609 2358 1224
3 2879 1686 2292
3 978 2327 1640
3 1190 2571 1647
3 2352 1436 1831
3 2361 1259 3186
3 1653 1651 899
3 3186 2897 1440
3 2004 1704 1825
3 3045 1939 1343
3 1749 3175 1374
3 1126 2787 1650
3 1377 2476 2126
3 1028 2378 1411
3 115 2379 1613
3 3078 900 1426
3 1890 1466 1102
3 1655 1420 1249
3 2446 2113 1333
3 1281 2489 2380
3 2380 1142 1927
3 1217 2167 1733
3 2799 1701 2369
3 1476 2309 1003
3 1930 3028 2874
3 879 2484 2684
3 3084 3083 1827
3 2992 1346 1744
3 891 2753 1975
3 1526 2639 3127
3 2652 1904 496
3 575 2280 576
3 1157 1777 2643
3 2879 1049 1686
3 1508 878 2094
3 2075 2966 1684
3 1850 1126 1650
3 2130 3161 941
3 2107 3072 1427
3 2997 2378 1028
3 1411 2378 1285
3 3119 2106 1168
3 3161 1800 2757
3 3018 1927 1409
3 1814 2405 1664
3 3076 1713 3126
3 2936 1000 1548
3 1337 2026 1859
3 1844 551 552
3 2925 1695 2668
3 2403 1744 2791
3 2879 1208 1767
3 2852 1338 1853
3 477 2676 476
3 2832 976 2677
3 2220 2019 1390
3 1897 873 2386
3 2694 1692 1150
3 869 2473 1716
3 2388 540 541
3 2887 2340 1410
3 2584 2208 885
3 897 2506 1887
3 3159 1329 2017
3 493 2554 492
3 1394 2681 3145
3 1086 1633 2165
3 2392 1528 2067
3 3099 3168 1389
3 2599 1340 2600
3 555 556 2393
3 962 3190 1847
3 1500 2211 913
3 1994 996 1517
3 2822 2273 1159
3 1470 1087 2049
3 1302 2823 2824
3 1417 3135 2928
3 3134 1636 1417
3 2363 1830 1939
3 1945 577 2398
3 1879 656 655
3 2958 1414 2052
3 985 2449 1490
3 2384 2920 2141
3 1490 1898 1232
3 2138 1213 1815
3 1925 1061 1805
3 2334 937 1563
3 2805 2202 1333
3 2445 2939 1493
3 1441 2044 2837
3 3132 2777 1441
3 535 1570 534
3 2632 536 1835
3 3159 1132 2016
3 2974 1647 2168
3 1788 2754 1064
3 1871 1145 1446
3 3043 1380 3025
3 2406 1034 1594
3 1326 2658 2623
3 1527 1002 2639
3 1794 1275 2390
3 2618 1352 2174
3 1758 1039 2673
3 1372 1745 2900
3 2744 2164 1325
3 1936 859 2819
3 2410 1593 905
3 1177 1785 2530
3 2326 1214 2325
3 550 2747 2468
3 2192 539 1399
3 2306 1259 2192
3 1029 2365 2321
3 2867 2243 1308
3 2597 1666 863
3 2651 2337 1540
3 3177 1395 2179
3 3180 2103 1164
3 2419 1511 1124
3 2313 1701 241
3 3072 1942 3009
3 1461 2013 1199
3 2043 251 3008
3 1984 2798 1171
3 1537 1197 2258
3 1537 2751 2477
3 2657 969 2236
3 2492 932 1688
3 2564 2830 1752
3 1644 2347 1174
3 3015 1031 2512
3 916 2203 2037
3 1951 927 2694
3 1111 2437 1772
3 1913 2157 911
3 2427 2177 1275
3 609 1541 610
3 1935 1163 1658
3 2039 2038 1136
3 2107 1411 2377
3 2092 924 1509
3 1322 2929 2930
3 1565 2475 1239
3 1967 950 1709
3 1299 1809 2899
3 2194 1588 1187
3 2783 2574 1295
3 1359 3047 2634
3 2723 3081 1680
3 1310 2826 2827
3 2166 2241 868
3 1746 2210 2495
3 2917 962 1847
3 526 3112 1813
3 2902 1480 1867
3 1944 1145 1871
3 1611 2188 942
3 2304 1211 1612
3 1552 2898 2059
3 1983 1552 1248
3 2967 1684 2966
3 2787 572 2653
3 2722 587 586
3 1229 2374 2375
3 632 2389 2553
3 997 1779 2608
3 2814 1499 2496
3 2547 2078 971
3 2660 2109 1573
3 1223 3124 2035
3 633 2070 634
3 2598 1129 1892
3 1533 1024 2621
3 1744 897 2992
3 1848 2257 1313
3 2584 1568 2208
3 1749 1143 2576
3 250 2043 2448
3 2422 248 1776
3 2448 2043 1241
3 1131 3131 1867
3 2112 1192 3183
3 2478 2891 874
3 1718 2451 2779
3 1469 2122 3046
3 2135 3026 1887
3 2393 2707 555
3 552 553 1844
3 1672 2818 1048
3 1848 979 1743
3 921 2049 2846
3 2307 1291 2047
3 470 2525 1712
3 2746 2461 1089
3 1982 2500 1314
3 1644 1174 2710
3 2576 1143 2384
3 1640 1012 2980
3 1304 2779 2421
3 978 1749 2576
3 2148 2556 1172
3 2460 1280 2283
3 1563 937 1529
3 1639 995 1529
3 2235 1245 2236
3 2076 1555 1252
3 3061 1272 1505
3 1576 2696 2615
3 1419 2111 2085
3 2481 1237 2464
3 2647 1683 2494
3 2834 948 2099
3 657 2161 658
3 2736 1342 2509
3 3122 1906 1907
3 2866 977 1451
3 550 2468 549
3 2005 2611 1243
3 933 2163 1522
3 860 1840 1656
3 1281 2723 1750
3 2733 1439 2325
3 2601 2497 1292
3 2660 1830 1068
3 2402 2401 1232
3 3184 1996 3098
3 1496 1278 2251
3 2093 1509 992
3 1565 1239 2356
3 1966 3153 1403
3 1966 1965 1118
3 2479 2149 1428
3 3033 1377 2440
3 2353 1943 938
3 2980 1012 1836
3 2099 1547 2834
3 1791 1247 2751
3 1708 1487 1056
3 1609 2288 949
3 1566 2356 2473
3 2763 2142 1471
3 2117 936 1607
3 2481 1947 1147
3 2993 2688 1615
3 612 2500 1982
3 613 1823 614
3 2111 1147 2085
3 2481 1882 1237
3 1152 2101 1868
3 1781 3150 2552
3 3009 1502 2302
3 2044 1443 1531
3 2802 1915 1333
3 636 1903 2486
3 1889 1035 1499
3 1878 2679 1282
3 2319 924 1422
3 1503 2628 2970
3 1872 2434 1559
3 1212 1668 2607
3 2536 1562 1983
3 2425 1616 1620
3 1290 1842 2467
3 1786 1069 1666
3 2146 1142 2489
3 2735 2537 1463
3 2857 2082 1730
3 3153 1966 1118
3 2451 1718 1242
3 1416 1045 1949
3 2425 1620 1662
3 2318 1797 2037
3 1153 1896 2886
3 2487 1488 2303
3 1034 2096 1593
3 884 2097 1592
3 1607 2345 1009
3 1850 2476 936
3 3168 1738 1389
3 1460 2521 2423
3 1484 2808 2152
3 612 611 2500
3 2122 2630 2367
3 3022 1086 2991
3 1729 859 2921
3 1517 1804 2201
3 2524 1152 1868
3 2705 1282 2679
3 1697 1500 913
3 2103 2931 962
3 1971 1176 1386
3 1363 2298 2724
3 1420 2501 2209
3 637 2486 2238
3 2069 1838 1096
3 1467 987 1885
3 3137 1993 1075
3 2254 2573 956
3 1316 3024 2442
3 1173 1524 2139
3 2804 1756 957
3 1729 1042 2021
3 1673 2030 2868
3 1420 918 2501
3 1758 2827 1039
3 2147 2102 882
3 883 2605 2212
3 1383 2032 1135
3 2127 1472 1242
3 2068 495 1904
3 953 2515 1853
3 1428 2149 2109
3 984 2902 2493
3 2798 1984 1560
3 3187 1626 2733
3 2609 1340 2599
3 2631 1149 1918
3 2747 1438 2468
3 1445 2651 2519
3 111 2253 2417
3 907 1545 1478
3 1739 2664 3151
3 2888 1252 1555
3 1673 2642 2762
3 2793 873 1972
3 2115 1204 1883
3 1895 3054 970
3 2026 3187 910
3 2640 917 1583
3 2304 1612 1010
3 1137 3098 2028
3 2148 2065 1468
3 895 2616 2302
3 3093 951 1711
3 2084 1603 940
3 1403 3152 1654
3 1033 2516 1602
3 3105 2801 1845
3 1760 2941 1463
3 1265 1764 2612
3 2782 1582 2969
3 2244 1185 1513
3 2341 1123 1464
3 2656 2349 1555
3 2589 2567 988
3 1961 1295 2574
3 2073 912 2001
3 2533 2073 1158
3 2110 885 1631
3 1434 2511 2146
3 1186 2938 2110
3 1129 1735 2742
3 1510 2331 2351
3 1262 2503 1696
3 1884 2537 1005
3 2586 1287 1398
3 1431 1866 1082
3 2111 1676 1147
3 1009 2953 1957
3 249 1776 248
3 2381 1201 2355
3 2062 2032 974
3 2635 1689 2029
3 2541 1498 2129
3 2914 1782 1126
3 2730 1853 1338
3 2586 1398 2341
3 1551 2052 2828
3 2784 1295 2220
3 3113 2490 1382
3 977 1802 2860
3 2128 951 3093
3 1766 2414 543
3 1166 2207 3067
3 2698 2797 1361
3 1643 2571 1190
3 2906 1373 3051
3 2549 3163 959
3 3163 1339 2910
3 2910 1122 1902
3 1752 3077 2564
3 2424 2846 1518
3 112 3069 2253
3 1711 1544 1063
3 1956 1728 1152
3 2331 1510 1311
3 2383 2506 1312
3 2047 1291 2584
3 1329 2761 2918
3 3039 1985 1293
3 963 2371 1585
3 2073 2246 912
3 1968 1247 1791
3 1537 2259 1197
3 2429 1717 896
3 2777 1442 2404
3 3093 1233 2128
3 2558 2337 1445
3 1362 2078 2547
3 1353 1928 2227
3 127 128 2162
3 1091 2610 2270
3 1109 1912 1388
3 1402 1953 1916
3 1493 2938 2159
3 2806 2248 1307
3 1758 3030 2951
3 2565 1022 1534
3 2060 1518 996
3 2990 2806 898
3 1318 2871 3188
3 1501 1164 2269
3 1302 1976 2823
3 2824 1644 2710
3 1273 2568 2567
3 490 2390 2177
3 2133 3047 1359
3 1059 3127 3126
3 2051 1296 1931
3 2413 1719 1258
3 1306 2170 2848
3 3132 1441 2837
3 857 1691 2978
3 3113 2166 1799
3 1754 2498 875
3 2572 240 1701
3 1284 2024 2722
3 2775 585 584
3 2522 920 1638
3 1467 2010 903
3 2575 922 1669
3 2819 859 1519
3 2276 2478 874
3 2787 573 572
3 2666 2492 1170
3 1717 1578 896
3 2478 2276 1667
3 3114 1700 2461
3 1213 2190 2402
3 2461 1702 1280
3 2579 1700 937
3 2460 2283 1712
3 2892 2982 1627
3 1134 3178 2057
3 1409 2954 2295
3 1631 2372 2110
3 1549 2540 1634
3 1458 934 2120
3 2134 964 2682
3 3077 1023 2564
3 1102 1523 1890
3 2767 2983 1796
3 2509 1342 2466
3 2994 1264 2074
3 2037 1797 916
3 2943 1450 1067
3 3033 936 2476
3 568 567 2588
3 1858 2133 1059
3 1785 1713 883
3 2409 1275 1794
3 2373 2314 1506
3 3115 1690 1757
3 2386 873 2793
3 1249 2671 2367
3 2506 2403 1312
3 1940 1225 3143
3 2920 1818 2909
3 2489 1434 2146
3 1409 1840 2954
3 2741 1618 954
3 3167 1317 2719
3 2966 2075 1125
3 1203 2271 1891
3 3093 1711 2416
3 907 1478 2867
3 2727 1975 1159
3 2598 1892 2175
3 1431 939 1866
3 1407 2026 1127
3 2603 1666 1069
3 1768 2959 1340
3 3056 2261 1614
3 2968 1561 1234
3 2157 2016 1132
3 2754 2547 1361
3 3063 1216 2090
3 3151 1909 2960
3 972 1715 2118
3 1873 1440 899
3 2530 2217 1177
3 1390 2672 1693
3 1145 2885 1446
3 2097 3166 2918
3 1851 2510 1039
3 2744 1325 2330
3 2034 1553 932
3 3032 2537 1884
3 2600 2026 1337
3 1906 1105 1632
3 2013 3007 119
3 2130 2847 2714
3 2423 926 1460
3 1139 2604 1814
3 647 2039 648
3 1265 2031 1556
3 1843 1015 1414
3 2139 2000 1173
3 1082 1909 2172
3 3053 2172 861
3 2249 1244 2667
3 1158 2073 1449
3 2608 1779 1236
3 2757 2610 1834
3 1384 2973 2063
3 2200 1797 1200
3 2652 2174 1273
3 3090 2218 1506
3 1770 3178 3086
3 1976 2822 1159
3 914 1402 2014
3 2820 1837 2164
3 1087 1470 2948
3 2878 2727 1724
3 1949 2055 1416
3 1330 2645 2177
3 1049 2251 1686
3 1425 2071 1150
3 1360 1958 3000
3 2748 2624 1323
3 2260 1894 865
3 1208 2084 1767
3 1868 1970 2524
3 2484 879 1938
3 1582 2782 512
3 2905 1175 2086
3 2178 1471 2142
3 909 3036 1573
3 2407 1432 3039
3 1207 2180 1877
3 2289 1854 1303
3 1630 1058 2582
3 958 2599 1860
3 2172 1909 1596
3 2361 1073 1835
3 1570 535 2632
3 2761 2426 1513
3 3011 1772 1934
3 1347 2840 1634
3 2227 2567 1353
3 944 2065 2148
3 2996 2082 1557
3 1300 2676 2385
3 1707 2334 2048
3 904 2299 2115
3 1506 2637 2373
3 934 2355 1548
3 2617 1616 2173
3 2663 1183 1865
3 1000 2693 1548
3 2310 1209 1624
3 2249 2667 879
3 1496 2480 2285
3 986 2801 3105
3 1694 1391 2818
3 2257 1848 1206
3 1761 2722 586
3 2706 2194 1187
3 2076 2079 1077
3 3101 1077 2664
3 2390 1275 2177
3 488 489 2645
3 1889 1499 2814
3 1075 1787 3137
3 982 1869 1433
3 935 2961 2339
3 1837 2901 991
3 1677 3082 1081
3 2854 3188 1740
3 2855 2856 1318
3 2957 2100 889
3 1834 941 2757
3 2378 1613 1285
3 2302 1502 3097
3 3189 1586 2569
3 2568 2174 1352
3 3176 2766 1706
3 3172 1621 563
3 3113 2971 974
3 1384 1799 2972
3 1262 1497 2626
3 3025 2366 1226
3 908 1828 2789
3 1880 1732 889
3 2933 2242 1391
3 2611 1491 2538
3 2493 1888 984
3 923 1480 2098
3 1833 1222 2444
3 2953 2542 1223
3 2730 1338 2729
3 3124 886 2035
3 1046 1645 2347
3 1255 1990 2851
3 2781 508 1929
3 2905 1908 1175
3 1175 2051 1591
3 1526 2133 2965
3 2053 1617 970
3 2789 1828 2205
3 2152 959 1902
3 2457 1612 1211
3 2165 1744 1346
3 1947 2207 2085
3 1930 2615 1413
3 2874 2246 1753
3 1263 3160 2923
3 1857 2923 3160
3 3006 1022 2856
3 1579 2692 2669
3 1935 2626 1163
3 1163 2136 1658
3 2030 1048 2811
3 981 2671 2209
3 1721 1097 2054
3 2355 2936 1548
3 2607 1668 943
3 2397 1854 1235
3 2170 1462 1199
3 3125 1717 2429
3 1618 2196 1008
3 654 2941 1760
3 3037 1886 995
3 2267 1171 2066
3 1950 1949 1683
3 3157 1366 3019
3 1577 1323 2437
3 944 2807 2065
3 2705 1969 1120
3 2487 2812 1488
3 2662 2815 1591
3 2173 1616 1019
3 1078 3168 3099
3 1744 2165 2701
3 1479 622 1905
3 2368 1249 2367
3 2683 1351 2280
3 2398 577 576
3 2108 968 1569
3 2922 1449 2056
3 2685 2203 1457
3 2987 1421 2940
3 1433 2497 2601
3 1068 1428 2109
3 2743 1507 931
3 1761 586 585
3 2483 969 2005
3 1332 2977 2405
3 1756 1139 1664
3 2297 1231 2296
3 2711 1297 2709
3 2896 1112 1910
3 1634 2670 1693
3 1019 1616 2425
3 1579 877 2689
3 2901 1837 1372
3 1785 1177 1821
3 2540 1347 1634
3 3104 2277 1692
3 2443 2433 971
3 2700 1712 1430
3 2580 2579 1261
3 2697 2268 1272
3 1158 1449 2922
3 2615 1930 1117
3 604 603 2697
3 2955 1138 2366
3 2784 1390 2670
3 1389 1738 3101
3 2509 2466 651
3 474 2129 473
3 2477 1667 990
3 2991 2737 1861
3 2868 2030 1355
3 2061 1606 1060
3 1823 2910 2718
3 1128 1402 2015
3 2917 1847 1334
3 1662 2648 2147
3 2222 1789 1620
3 1499 1035 1820
3 2108 1569 1120
3 2387 2284 1839
3 1405 1705 2831
3 2926 2915 2927
3 2393 556 1801
3 2546 1812 533
3 1999 2223 1198
3 1814 1664 1139
3 543 2414 542
3 3046 2209 1568
3 2939 2134 1331
3 1409 1927 1142
3 2415 2306 1399
3 3169 2577 1452
3 908 2789 1443
3 3009 2270 1502
3 1099 1880 2191
3 1265 1556 2613
3 1228 2067 1528
3 1659 2923 901
3 2715 2238 1367
3 1370 2994 2995
3 2172 1596 861
3 3021 1155 2631
3 2079 1596 1077
3 2072 1158 1878
3 2548 1271 1575
3 2095 2006 1236
3 3024 1769 2442
3 2389 630 2113
3 2742 1892 1129
3 2102 1164 1501
3 1018 1662 1620
3 2573 2254 1599
3 1284 3110 2024
3 2326 2850 1017
3 1704 2235 864
3 2904 2903 1406
3 2724 2298 902
3 1907 2881 3122
3 2707 1473 2453
3 1041 2985 1679
3 1384 2063 2971
3 1517 996 1804
3 1952 1552 1043
3 2023 1114 1379
3 2624 486 1772
3 3173 2357 875
3 2515 2363 2913
3 2251 1709 1496
3 573 1782 574
3 2992 897 2592
3 2486 1250 2238
3 3062 2324 2414
3 2609 2517 1444
3 1350 3123 2342
3 2926 2199 1076
3 1471 3146 3027
3 3027 2763 1471
3 2560 1731 2074
3 2577 3169 1495
3 2531 2279 1556
3 1398 1123 2341
3 1514 2592 1887
3 3046 2122 981
3 2687 588 2024
3 1115 3029 3045
3 3110 1277 2687
3 590 1448 591
3 1148 2055 1949
3 3162 2016 1401
3 2429 896 1790
3 3049 2256 1080
3 1892 2742 1335
3 1774 626 2535
3 3002 1011 2432
3 1877 1416 893
3 1990 1255 1816
3 2581 1303 2758
3 2715 1367 1921
3 639 1921 640
3 1968 1404 2891
3 2942 1622 2746
3 2908 1860 1337
3 881 2947 2959
3 1557 2082 2857
3 2790 2017 2633
3 3158 2050 1849
3 1305 2809 2812
3 2068 1904 1104
3 1294 1893 1917
3 1815 1213 2402
3 3008 1490 2043
3 3098 1430 2028
3 2385 2676 477
3 2753 1159 1975
3 2049 1862 1629
3 1145 1944 1870
3 2219 2433 1274
3 2682 964 1915
3 3092 1695 3091
3 2756 3105 1378
3 2290 1374 3173
3 2613 1556 2279
3 2772 1251 1832
3 1854 975 2661
3 870 2263 1745
3 2030 1673 1048
3 1166 2041 1419
3 2819 1519 1994
3 1388 1912 2760
3 1446 2885 1218
3 1293 2633 3039
3 1872 1231 2297
3 2534 1655 1044
3 2981 2288 1375
3 2981 1375 2980
3 1129 2047 1735
3 2307 2764 1291
3 3016 1662 2179
3 3177 882 1795
3 1241 2043 2449
3 1684 3149 1092
3 2408 1432 2407
3 2360 1831 1348
3 1297 1825 2768
3 1407 1127 2121
3 2768 1825 864
3 2894 1460 2717
3 1518 1191 2181
3 1319 2830 2564
3 1218 1691 1446
3 1870 1944 1543
3 108 109 2895
3 2090 1829 939
3 2290 875 1741
3 2374 1660 1115
3 2609 2599 958
3 2853 1801 2558
3 1761 585 2775
3 2970 2154 1503
3 2935 2046 2776
3 2312 1885 1466
3 2837 2044 1531
3 1443 2789 1531
3 2973 2898 892
3 2765 1952 1043
3 1601 2459 955
3 1207 2084 2821
3 1196 2204 1459
3 1929 2780 2781
3 2627 2781 1296
3 2627 1908 506
3 2394 518 1875
3 2223 1789 1072
3 2312 3043 1803
3 1969 2108 1120
3 2530 1785 883
3 2919 2522 1195
3 2540 1000 2841
3 2219 2019 890
3 2018 1192 2127
3 1601 955 1472
3 2801 2800 1845
3 2419 1124 1824
3 2758 1303 2661
3 2059 1679 1392
3 3053 861 1919
3 3099 1389 2301
3 3056 1130 3023
3 2097 2918 1185
3 3091 866 2868
3 1649 1066 3024
3 1614 2261 2792
3 2054 1594 1034
3 1693 920 1634
3 2413 1720 1052
3 1525 2639 2638
3 2670 1634 1036
3 2463 963 1585
3 1311 1510 2873
3 2803 2917 1334
3 2851 1990 1246
3 1944 1146 1543
3 3056 1917 1130
3 1360 3000 2023
3 2002 2098 1379
3 2335 2167 1217
3 243 3176 242
3 2160 569 568
3 3172 2572 1621
3 3156 565 564
3 1511 2419 3156
3 1589 1024 1533
3 2446 964 2445
3 2014 1128 1698
3 2418 1334 1847
3 1020 1814 1652
3 1020 2250 2405
3 2535 625 2830
3 2805 628 2202
3 2158 2806 1307
3 3118 1775 2990
3 944 2752 2029
3 3184 1371 1996
3 1933 2808 1484
3 2249 2171 1585
3 2640 2626 1497
3 1696 1497 1262
3 2914 1853 2515
3 2930 2140 1322
3 918 1655 1694
3 2668 2454 1080
3 2064 1167 1889
3 2533 3150 1781
3 2813 1415 2114
3 2508 1253 1787
3 3042 2955 1380
3 1542 1107 2168
3 2051 1931 961
3 2987 2940 1582
3 2200 1200 2969
3 2213 1931 1315
3 2038 1316 2003
3 2320 1008 1619
3 1206 2889 2256
3 1688 1170 2492
3 1995 1728 1040
3 1729 2921 2788
3 3178 1412 2057
3 1627 1534 3006
3 3152 1709 2251
3 1238 2834 2459
3 2536 1726 1040
3 2753 891 1646
3 1862 1057 1629
3 2877 2825 1727
3 1589 1533 2278
3 2131 3040 1628
3 1521 2009 914
3 1729 2021 2022
3 1976 1046 2823
3 2233 2330 1325
3 2510 1851 1255
3 1851 2826 2505
3 3041 125 2828
3 2675 1819 1051
3 1231 2954 2296
3 2951 2825 1310
3 2372 1186 2110
3 2755 1735 2047
3 3025 1226 1803
3 2739 2441 3110
3 2857 2002 1557
3 2437 3052 1577
3 2833 2114 1435
3 1567 2370 2310
3 948 2271 1665
3 2779 955 1547
3 1605 3023 2976
3 2218 2637 1506
3 3136 1846 2836
3 1037 3042 2168
3 1632 1545 907
3 1578 2320 1236
3 2539 1762 1197
3 3087 2189 1056
3 2739 1284 2738
3 1049 1767 1654
3 2064 2814 917
3 2672 1038 1674
3 2862 2054 1520
3 1670 2344 1988
3 1726 2536 3038
3 2078 1227 2308
3 3176 2843 1260
3 2335 1055 1671
3 1752 624 623
3 3051 2550 1027
3 2834 1547 2459
3 2080 1472 1192
3 2181 1191 1901
3 1161 2060 1519
3 1411 2107 2616
3 2957 1843 1414
3 2377 1004 2107
3 2302 2777 895
3 3007 118 119
3 3100 1739 2520
3 2192 538 539
3 2959 1768 881
3 1795 3015 3177
3 2954 1840 2296
3 1741 1092 3001
3 1202 2421 2099
3 1826 2774 1286
3 2234 1071 1722
3 3074 528 2708
3 1627 3006 2892
3 1327 2703 2436
3 2901 1521 991
3 2211 2760 913
3 2896 2703 1327
3 1894 3131 2332
3 2098 1156 2088
3 3069 2420 1477
3 1687 2491 2772
3 2866 1826 977
3 2859 1802 1062
3 2570 1083 2485
3 1932 1216 1798
3 478 2999 2385
3 3052 2437 1913
3 2097 1185 2096
3 2219 890 1643
3 1747 2281 2863
3 2222 1072 1789
3 1989 2811 1354
3 2197 1633 866
3 2496 1962 917
3 1486 2776 2508
3 1544 1418 1063
3 1932 1722 863
3 994 2205 1786
3 2597 2011 1532
3 3046 1291 1469
3 3145 1857 1394
3 3040 1775 1997
3 1575 3017 2548
3 886 1681 2479
3 1957 1223 2035
3 913 1912 1534
3 2949 1813 1320
3 2870 2359 1222
3 2477 2259 1537
3 2282 2268 602
3 1488 2484 2303
3 1117 2873 2795
3 2696 963 2615
3 3157 3181 1366
3 2845 1891 1238
3 1762 2400 1232
3 1734 2541 475
3 2620 1176 1837
3 1974 2921 1657
3 2502 1191 2131
3 2827 2826 1851
3 2475 1967 2474
3 1215 2323 2322
3 1316 2817 1649
3 645 644 2880
3 2600 1340 2027
3 2517 1987 1444
3 3024 1316 1649
3 2712 1220 2006
3 1355 3092 3091
3 3167 2196 1317
3 1856 2741 954
3 1101 2135 1887
3 1592 2096 2406
3 2862 2968 1594
3 983 2691 2217
3 2101 1152 1728
3 1483 2464 3021
3 919 2380 1927
3 2608 1530 997
3 2042 3067 3066
3 1903 2383 1250
3 2889 1465 2256
3 1937 937 1700
3 1667 1247 2478
3 1622 2942 2315
3 1708 257 258
3 1044 2452 1656
3 3018 2690 1558
3 1707 3087 1056
3 2890 3164 1563
3 2031 1078 1571
3 3066 1715 972
3 2519 1029 2321
3 1822 105 1482
3 2561 1912 1109
3 540 1399 539
3 2362 538 2192
3 1419 2085 1166
3 3113 974 2490
3 1974 1221 1817
3 2292 856 1602
3 2964 2142 1566
3 877 1600 2206
3 2988 1412 2469
3 2855 1953 914
3 2489 1142 2380
3 2601 2025 966
3 2274 1481 2087
3 1116 2780 1929
3 2685 2213 1315
3 2940 1421 2903
3 2903 1025 2940
3 904 2965 2299
3 2815 2662 1298
3 3051 1373 2869
3 618 3017 619
3 1400 1775 3118
3 622 1479 623
3 1859 3089 1110
3 2306 2415 1017
3 1563 1529 2472
3 2127 887 2018
3 1541 2428 2350
3 3116 2548 617
3 1461 1199 2169
3 2586 1551 2162
3 1909 2664 1596
3 3069 112 113
3 3036 2660 1573
3 2914 2515 1351
3 2398 1254 1945
3 3156 2240 1511
3 2853 2526 1062
3 554 2453 553
3 1911 2720 2455
3 2134 1735 1331
3 2648 1662 1018
3 2931 1328 2648
3 2624 485 486
3 2407 3039 884
3 2381 2033 1135
3 1869 2885 1145
3 1489 985 2539
3 1224 1874 2288
3 1669 1031 2998
3 3030 1758 1387
3 2749 2237 1610
3 3003 867 2072
3 1394 1856 1769
3 2712 2595 1554
3 1348 1831 2924
3 1981 1426 1839
3 1554 2595 2247
3 2681 2139 1524
3 555 2707 554
3 1907 2867 1308
3 881 1396 2183
3 3005 2517 958
3 915 1533 2175
3 1310 2825 1725
3 1503 582 581
3 1778 2231 973
3 2930 2929 1737
3 2628 2488 1660
3 1999 1018 1789
3 1598 517 2394
3 3078 1426 1981
3 2275 1102 1466
3 2534 2511 1391
3 1633 1086 2642
3 1408 3112 3074
3 1678 3082 1677
3 2432 1011 2265
3 590 2245 1448
3 1081 2654 2617
3 2198 1858 1638
3 2952 1188 2040
3 3092 1170 1695
3 964 2134 2939
3 2742 1735 1335
3 965 2307 1755
3 1631 885 2208
3 2987 512 513
3 2176 1200 1808
3 1881 2736 2509
3 2735 1005 2537
3 1357 3095 3094
3 2580 1700 2579
3 868 1852 1678
3 1450 2435 2904
3 916 1797 2944
3 2203 1315 2037
3 1365 2137 2945
3 1705 3078 2275
3 1155 2464 2005
3 2611 2538 1243
3 1478 1545 2915
3 2462 2538 1625
3 2151 880 2081
3 2504 1501 2269
3 3074 2708 1740
3 2703 530 531
3 3010 1749 2950
3 2422 247 248
3 2988 929 2289
3 921 2846 2424
3 1760 2537 3032
3 901 2882 2257
3 2358 2357 1224
3 1288 1941 2641
3 3139 2489 1281
3 2864 1354 2242
3 2842 1658 2840
3 1885 987 1466
3 2400 1762 985
3 2449 2043 1490
3 1731 2531 862
3 1843 889 1732
3 3020 1464 1123
3 2675 1732 1880
3 2004 2470 1704
3 2657 2121 969
3 1860 2732 1341
3 1829 2960 1866
3 2785 1643 890
3 2568 988 2567
3 1287 2674 2161
3 2392 2067 1099
3 1509 2431 992
3 2143 3070 1423
3 2964 869 2734
3 2444 1222 2359
3 2680 2569 1175
3 2355 2033 2381
3 2160 1368 1456
3 3149 1364 3109
3 1706 2766 1671
3 2498 2075 1741
3 2785 1138 1963
3 1362 2961 1986
3 2863 515 1747
3 2863 1421 514
3 2930 1737 1053
3 1637 2375 909
3 2971 2063 2062
3 1562 2536 1040
3 2985 1392 1679
3 2934 1661 2726
3 2166 3113 1382
3 2532 2634 1266
3 2932 1705 1405
3 2360 1757 1100
3 2311 1476 2007
3 1499 1820 2229
3 2274 3182 1481
3 2112 1603 3073
3 3050 1653 2342
3 1750 2723 1047
3 1858 3047 2133
3 2978 1691 1757
3 888 1818 2920
3 3008 251 252
3 249 2448 1776
3 888 2920 2384
3 2354 2981 1836
3 1375 2979 2980
3 2704 520 521
3 2896 2804 1916
3 1279 2352 1922
3 1692 927 3104
3 2983 2360 1348
3 2601 1292 2025
3 1952 2765 1936
3 1552 2059 1043
3 2778 1657 2765
3 1983 2898 1552
3 1747 515 516
3 2904 2435 1025
3 2057 1412 2988
3 1417 1636 3135
3 898 3118 2990
3 3142 1373 2907
3 1140 1517 1876
3 3142 1905 2770
3 965 2764 2307
3 2883 2884 1313
3 3140 2933 2511
3 3058 1412 3178
3 2804 957 1916
3 1110 3089 2324
3 3099 2286 1078
3 654 1760 655
3 2777 3097 1441
3 3100 2301 1389
3 995 3088 2876
3 1323 2624 1772
3 1763 1832 1083
3 1842 1685 1063
3 1046 1646 2396
3 3013 1841 2778
3 2832 2385 1360
3 485 2624 2748
3 3157 1156 2087
3 2678 2676 1300
3 2141 1376 2384
3 3149 1684 1648
3 1599 2254 1162
3 952 2284 2585
3 2679 967 1969
3 1878 967 2679
3 2453 1473 1286
3 907 1907 1906
3 2609 1768 1340
3 2104 2545 1711
3 2436 532 1812
3 1655 2452 1044
3 122 1550 2911
3 116 2379 115
3 2950 1749 1374
3 1741 1225 2290
3 1342 3141 2962
3 1004 2377 3065
3 2221 1012 1640
3 2458 1061 1807
3 491 2390 490
3 1985 3039 2771
3 1274 2591 2019
3 3012 2672 1390
3 1140 2439 1952
3 2898 1983 892
3 1290 2895 1842
3 863 1722 3121
3 1212 1974 1817
3 3133 2226 1087
3 1198 1875 1847
3 870 2820 2164
3 2907 1103 3142
3 2808 1610 1169
3 1142 2146 1656
3 2982 2892 1098
3 2890 1968 1093
3 2832 2023 976
3 2957 1414 2958
3 1819 2067 1228
3 3021 926 1483
3 969 2483 2236
3 2737 1710 1058
3 2383 1903 1101
3 1788 2750 2339
3 1366 3181 2066
3 2000 640 1921
3 645 2880 2038
3 872 3043 2312
3 594 593 3035
3 1453 2135 2070
3 1065 1743 2791
3 2929 924 1737
3 1782 2683 574
3 2331 1753 1060
3 1954 1272 1576
3 2913 2363 1254
3 2641 1068 1830
3 1727 2825 2951
3 2788 1725 1042
3 2579 2334 1707
3 2580 2461 1700
3 2191 3165 1790
3 2674 1287 2294
3 2480 1496 950
3 1343 3036 1955
3 1322 1637 2810
3 2810 3138 1322
3 1011 2264 2265
3 2046 591 1448
3 2763 2356 1566
3 2913 1351 2515
3 2148 2752 944
3 1033 3073 2516
3 2228 1210 1960
3 1973 1935 858
3 1543 927 1870
3 2433 2225 971
3 2808 1169 2152
3 2022 2021 1161
3 2674 658 2161
3 124 125 3041
3 2224 1190 1647
3 2841 1347 2540
3 2231 1193 1809
3 1963 1138 2955
3 2174 2652 497
3 1899 1454 1104
3 1939 3029 1254
3 3029 1945 1254
3 933 1522 2434
3 2582 2208 1189
3 2559 1227 1520
3 2532 2299 1359
3 2738 1119 1948
3 1507 2230 992
3 861 2079 3080
3 1855 1188 2595
3 1927 3018 1558
3 1021 3050 2342
3 921 2424 1724
3 2770 1905 621
3 1917 3056 1614
3 1401 2016 2157
3 3151 2520 1739
3 2006 2349 1530
3 1344 2172 3053
3 1918 1149 1460
3 2611 2121 1491
3 2644 1141 2036
3 2602 927 1951
3 2748 484 485
3 1957 1607 1009
3 3124 1223 2659
3 2916 2119 2156
3 3022 2991 1861
3 2940 2969 1582
3 2203 2495 1457
3 2050 1610 925
3 2428 2331 1060
3 1272 2696 1576
3 1094 1820 2010
3 2415 2388 1590
3 1439 2523 2850
3 863 3121 2011
3 2881 2234 1106
3 649 648 3064
3 649 3064 1881
3 2378 2997 1613
3 128 2294 2162
3 2759 1141 1978
3 1559 1001 2295
3 1651 3050 2993
3 1095 1825 2711
3 3068 1233 2253
3 1687 3179 1028
3 2858 906 2105
3 121 2911 1783
3 2094 1162 2093
3 1588 2194 3002
3 1208 1603 2084
3 1016 1682 1833
3 2123 1461 3065
3 113 2420 3069
3 2127 2450 887
3 1538 1358 2909
3 2206 1991 877
3 2015 1402 1916
3 1650 2787 2653
3 1374 3174 3173
3 508 2781 507
3 1036 2136 2784
3 2158 2907 1494
3 1027 1574 2186
3 2441 3002 1277
3 2010 1467 1094
3 2637 1883 1204
3 2569 1586 2086
3 1978 998 2759
3 2529 1528 2392
3 919 1927 1558
3 1882 1676 864
3 2765 1043 2778
3 1992 1395 2512
3 1415 3083 3084
3 1144 2150 2007
3 593 592 2935
3 3083 594 3035
3 2974 930 1647
3 596 595 2813
3 1840 1409 1142
3 2619 1636 871
3 874 2891 1810
3 467 1702 466
3 2635 3184 1137
3 2421 2779 1547
3 2468 1438 2927
3 3089 2325 1214
3 2637 2218 1074
3 2218 502 1586
3 2197 1465 2889
3 1355 3091 2868
3 1673 2868 2642
3 2034 932 1780
3 2104 1711 951
3 1687 2128 3179
3 3175 2979 1874
3 261 2315 1512
3 2258 1197 1762
3 255 1815 254
3 1234 2407 1592
3 3096 1883 1527
3 2603 2912 1829
3 2404 2485 1251
3 1156 3157 2088
3 1964 948 2872
3 1265 2612 2031
3 3101 1738 1077
3 2603 1829 2090
3 1738 2656 2076
3 1220 2348 2349
3 1926 3063 2090
3 1086 2165 2991
3 1367 2238 2391
3 496 1904 495
3 2157 1913 1401
3 1539 2602 1951
3 2277 980 2058
3 2126 1900 1456
3 2369 1090 2799
3 1593 1515 905
3 2410 1771 1516
3 1376 2141 2327
3 2766 244 1671
3 1845 2353 1378
3 2313 1260 1701
3 2353 2967 1378
3 1805 946 1925
3 2687 589 588
3 1107 1542 2266
3 2944 1797 1336
3 1315 1931 3111
3 519 2418 1875
3 526 527 3112
3 1135 1492 2344
3 2972 1041 1679
3 2283 1280 2456
3 995 2876 2472
3 1130 1893 2976
3 1561 1218 2338
3 959 2665 2549
3 3163 2910 1902
3 2186 1997 1400
3 2050 925 1849
3 3117 2906 1027
3 1517 942 1876
3 1369 3121 3120
3 1451 2881 2866
3 2960 1909 1082
3 1723 2105 2106
3 1308 1826 2866
3 1369 3120 3119
3 1168 2104 1763
3 907 1906 1632
3 1651 1020 1652
3 2703 2896 1910
3 3045 1955 1115
3 577 1945 578
3 1080 2454 3049
3 1099 2067 1819
3 2816 1298 2662
3 1195 1821 2919
3 2605 1525 2638
3 2662 961 2213
3 3077 1752 1479
3 3059 1450 2904
3 2605 1298 2212
3 1720 3079 873
3 1187 1599 2193
3 2573 1187 1588
3 2636 1070 1689
3 2493 2647 1269
3 2994 1370 2610
3 121 1783 120
3 2535 626 625
3 2502 1628 880
3 975 1854 2397
3 1774 2802 2202
3 2226 1862 1087
3 2021 2878 1161
3 1397 1505 2282
3 1158 3150 2533
3 2507 1253 2264
3 1209 2309 2311
3 878 2193 2094
3 1422 1948 2319
3 1434 2489 3139
3 1289 2688 1765
3 3178 1770 3058
3 2642 866 1633
3 2616 2077 1411
3 2757 1264 2610
3 3051 2869 3017
3 2553 1793 1453
3 2357 1608 875
3 1940 1805 1143
3 2595 1188 2247
3 2256 2925 1080
3 2042 1989 1354
3 2040 1188 1855
3 2970 1229 2140
3 1737 2319 2328
3 1858 1084 3047
3 2339 1218 1561
3 1152 2524 3148
3 1935 1658 858
3 938 1684 2967
3 938 1943 3075
3 1219 2533 1781
3 1117 2795 1864
3 112 2253 111
3 2517 3005 3004
3 3071 3070 1424
3 3071 2963 1423
3 2285 1681 1016
3 2473 1239 1716
3 953 2641 1830
3 3131 2260 1437
3 2498 1125 2075
3 3153 1967 1403
3 2353 1124 1943
3 1368 1824 2800
3 2902 2274 1480
3 955 2451 1472
3 1492 2886 928
3 2655 2155 1151
3 490 2177 489
3 1132 3159 2017
3 2731 1250 2383
3 3067 1356 3066
3 1551 2586 1006
3 118 2123 117
3 960 2426 2761
3 1934 488 2645
3 3051 1027 2906
3 1610 2237 1169
3 945 2258 2401
3 2421 1547 2099
3 2466 2735 1463
3 2941 654 653
3 3131 1437 1867
3 2590 2244 1515
3 2937 2719 1317
3 1173 2000 1921
3 2287 1136 1618
3 2404 2077 895
3 1790 2392 1099
3 2543 1414 1015
3 954 2442 1769
3 1066 1635 2139
3 2460 3114 1280
3 2872 1182 1964
3 242 2313 241
3 3172 239 2572
3 1125 2756 2966
3 1351 1782 2914
3 2870 1222 1836
3 3108 2335 1364
3 2167 246 1733
3 2956 253 1898
3 946 3143 1742
3 1055 2335 3108
3 2726 1992 2512
3 2394 517 518
3 2710 2619 871
3 1372 2900 2901
3 2291 1290 2365
3 1290 2467 2321
3 2233 1387 2673
3 2892 1535 2009
3 1891 1033 3155
3 2798 2066 1171
3 1403 1654 3154
3 1654 3152 1049
3 2527 1278 2444
3 2066 2450 2267
3 2779 2451 955
3 2541 2129 474
3 2101 1282 1868
3 2050 1108 1959
3 1882 1147 1676
3 1399 2388 2415
3 1147 1882 2481
3 2362 1259 1835
3 2015 1916 957
3 1318 1953 2855
3 3126 1525 3076
3 1908 1296 2051
3 2544 2241 1382
3 2411 2412 1230
3 3193 759 758
3 235 236 3191
3 3192 3191 660
3 3193 3192 660
3 758 3192 3193
3 3192 234 235
3 3196 661 660
3 3191 236 3194
3 3195 237 562
3 3195 660 3191
3 660 3195 3196
3 3195 3191 3194
3 3201 465 464
3 265 266 3197
3 3202 367 366
3 3197 266 3198
3 3199 3197 3198
3 3199 366 3197
3 3200 3197 366
3 3200 264 265
3 465 3201 367
3 3201 3200 366
3 367 3202 269
3 3199 267 268
3 3204 3203 132
3 3204 757 3203
3 3205 855 854
3 3205 3204 855
3 756 3205 854
3 3204 133 855
3 3203 757 3206
3 3207 757 756
3 3207 3206 757
3 3207 658 659
3 3210 462 463
3 3209 463 3208
3 3210 3209 561
3 3209 3208 102
3 462 3210 560
3 3209 103 561
3 3208 463 3211
3 3212 463 462
3 3212 3211 463
3 3212 364 365

CELL_TYPES 6154
5
5
5
5
5
5
5
5
5
5
5
5
5
5
5
5
5
5
5
5
5
5
5
5
5
5
5
5
5
5
5
5
5
5
5
5
5
5
5
5
5
5
5
5
5
5
5
5
5
5
5
5
5
5
5
5
5
5
5
5
5
5
5
5
5
5
5
5
5
5
5
5
5
5
5
5
5
5
5
5
5
5
5
5
5
5
5
5
5
5
5
5
5
5
5
5
5
5
5
5
5
5
5
5
5
5
5
5
5
5
5
5
5
5
5
5
5
5
5
5
5
5
5
5
5
5
5
5
5
5
5
5
5
5
5
5
5
5
5
5
5
5
5
5
5
5
5
5
5
5
5
5
5
5
5
5
5
5
5
5
5
5
5
5
5
5
5
5
5
5
5
5
5
5
5
5
5
5
5
5
5
5
5
5
5
5
5
5
5
5
5
5
5
5
5
5
5
5
5
5
5
5
5
5
5
5
5
5
5
5
5
5
5
5
5
5
5
5
5
5
5
5
5
5
5
5
5
5
5
5
5
5
5
5
5
5
5
5
5
5
5
5
5
5
5
5
5
5
5
5
5
5
5
5
5
5
5
5
5
5
5
5
5
5
5
5
5
5
5
5
5
5
5
5
5
5
5
5
5
5
5
5
5
5
5
5
5
5
5
5
5
5
5
5
5
5
5
5
5
5
5
5
5
5
5
5
5
5
5
5
5
5
5
5
5
5
5
5
5
5
5
5
5
5
5
5
5
5
5
5
5
5
5
5
5
5
5
5
5
5
5
5
5
5
5
5
5
5
5
5
5
5
5
5
5
5
5
5
5
5
5
5
5
5
5
5
5
5
5
5
5
5
5
5
5
5
5
5
5
5
5
5
5
5
5
5
5
5
5
5
5
5
5
5
5
5
5
5
5
5
5
5
5
5
5
5
5
5
5
5
5
5
5
5
5
5
5
5
5
5
5
5
5
5
5
5
5
5
5
5
5
5
5
5
5
5
5
5
5
5
5
5
5
5
5
5
5
5
5
5
5
5
5
5
5
5
5
5
5
5
5
5
5
5
5
5
5
5
5
5
5
5
5
5
5
5
5
5
5
5
5
5
5
5
5
5
5
5
5
5
5
5
5
5
5
5
5
5
5
5
5
5
5
5
5
5
5
5
5
5
5
5
5
5
5
5
5
5
5
5
5
5
5
5
5
5
5
5
5
5
5
5
5
5
5
5
5
5
5
5
5
5
5
5
5
5
5
5
5
5
5
5
5
5
5
5
5
5
5
5
5
5
5
5
5
5
5
5
5
5
5
5
5
5
5
5
5
5
5
5
5
5
5
5
5
5
5
5
5
5
5
5
5
5
5
5
5
5
5
5
5
5
5
5
5
5
5
5
5
5
5
5
5
5
5
5
5
5
5
5
5
5
5
5
5
5
5
5
5
5
5
5
5
5
5
5
5
5
5
5
5
5
5
5
5
5
5
5
5
5
5
5
5
5
5
5
5
5
5
5
5
5
5
5
5
5
5
5
5
5
5
5
5
5
5
5
5
5
5
5
5
5
5
5
5
5
5
5
5
5
5
5
5
5
5
5
5
5
5
5
5
5
5
5
5
5
5
5
5
5
5
5
5
5
5
5
5
5
5
5
5
5
5
5
5
5
5
5
5
5
5
5
5
5
5
5
5
5
5
5
5
5
5
5
5
5
5
5
5
5
5
5
5
5
5
5
5
5
5
5
5
5
5
5
5
5
5
5
5
5
5
5
5
5
5
5
5
5
5
5
5
5
5
5
5
5
5
5
5
5
5
5
5
5
5
5
5
5
5
5
5
5
5
5
5
5
5
5
5
5
5
5
5
5
5
5
5
5
5
5
5
5
5
5
5
5
5
5
5
5
5
5
5
5
5
5
5
5
5
5
5
5
5
5
5
5
5
5
5
5
5
5
5
5
5
5
5
5
5
5
5
5
5
5
5
5
5
5
5
5
5
5
5
5
5
5
5
5
5
5
5
5
5
5
5
5
5
5
5
5
5
5
5
5
5
5
5
5
5
5
5
5
5
5
5
5
5
5
5
5
5
5
5
5
5
5
5
5
5
5
5
5
5
5
5
5
5
5
5
5
5
5
5
5
5
5
5
5
5
5
5
5
5
5
5
5
5
5
5
5
5
5
5
5
5
5
5
5
5
5
5
5
5
5
5
5
5
5
5
5
5
5
5
5
5
5
5
5
5
5
5
5
5
5
5
5
5
5
5
5
5
5
5
5
5
5
5
5
5
5
5
5
5
5
5
5
5
5
5
5
5
5
5
5
5
5
5
5
5
5
5
5
5
5
5
5
5
5
5
5
5
5
5
5
5
5
5
5
5
5
5
5
5
5
5
5
5
5
5
5
5
5
5
5
5
5
5
5
5
5
5
5
5
5
5
5
5
5
5
5
5
5
5
5
5
5
5
5
5
5
5
5
5
5
5
5
5
5
5
5
5
5
5
5
5
5
5
5
5
5
5
5
5
5
5
5
5
5
5
5
5
5
5
5
5
5
5
5
5
5
5
5
5
5
5
5
5
5
5
5
5
5
5
5
5
5
5
5
5
5
5
5
5
5
5
5
5
5
5
5
5
5
5
5
5
5
5
5
5
5
5
5
5
5
5
5
5
5
5
5
5
5
5
5
5
5
5
5
5
5
5
5
5
5
5
5
5
5
5
5
5
5
5
5
5
5
5
5
5
5
5
5
5
5
5
5
5
5
5
5
5
5
5
5
5
5
5
5
5
5
5
5
5
5
5
5
5
5
5
5
5
5
5
5
5
5
5
5
5
5
5
5
5
5
5
5
5
5
5
5
5
5
5
5
5
5
5
5
5
5
5
5
5
5
5
5
5
5
5
5
5
5
5
5
5
5
5
5
5
5
5
5
5
5
5
5
5
5
5
5
5
5
5
5
5
5
5
5
5
5
5
5
5
5
5
5
5
5
5
5
5
5
5
5
5
5
5
5
5
5
5
5
5
5
5
5
5
5
5
5
5
5
5
5
5
5
5
5
5
5
5
5
5
5
5
5
5
5
5
5
5
5
5
5
5
5
5
5
5
5
5
5
5
5
5
5
5
5
5
5
5
5
5
5
5
5
5
5
5
5
5
5
5
5
5
5
5
5
5
5
5
5
5
5
5
5
5
5
5
5
5
5
5
5
5
5
5
5
5
5
5
5
5
5
5
5
5
5
5
5
5
5
5
5
5
5
5
5
5
5
5
5
5
5
5
5
5
5
5
5
5
5
5
5
5
5
5
5
5
5
5
5
5
5
5
5
5
5
5
5
5
5
5
5
5
5
5
5
5
5
5
5
5
5
5
5
5
5
5
5
5
5
5
5
5
5
5
5
5
5
5
5
5
5
5
5
5
5
5
5
5
5
5
5
5
5
5
5
5
5
5
5
5
5
5
5
5
5
5
5
5
5
5
5
5
5
5
5
5
5
5
5
5
5
5
5
5
5
5
5
5
5
5
5
5
5
5
5
5
5
5
5
5
5
5
5
5
5
5
5
5
5
5
5
5
5
5
5
5
5
5
5
5
5
5
5
5
5
5
5
5
5
5
5
5
5
5
5
5
5
5
5
5
5
5
5
5
5
5
5
5
5
5
5
5
5
5
5
5
5
5
5
5
5
5
5
5
5
5
5
5
5
5
5
5
5
5
5
5
5
5
5
5
5
5
5
5
5
5
5
5
5
5
5
5
5
5
5
5
5
5
5
5
5
5
5
5
5
5
5
5
5
5
5
5
5
5
5
5
5
5
5
5
5
5
5
5
5
5
5
5
5
5
5
5
5
5
5
5
5
5
5
5
5
5
5
5
5
5
5
5
5
5
5
5
5
5
5
5
5
5
5
5
5
5
5
5
5
5
5
5
5
5
5
5
5
5
5
5
5
5
5
5
5
5
5
5
5
5
5
5
5
5
5
5
5
5
5
5
5
5
5
5
5
5
5
5
5
5
5
5
5
5
5
5
5
5
5
5
5
5
5
5
5
5
5
5
5
5
5
5
5
5
5
5
5
5
5
5
5
5
5
5
5
5
5
5
5
5
5
5
5
5
5
5
5
5
5
5
5
5
5
5
5
5
5
5
5
5
5
5
5
5
5
5
5
5
5
5
5
5
5
5
5
5
5
5
5
5
5
5
5
5
5
5
5
5
5
5
5
5
5
5
5
5
5
5
5
5
5
5
5
5
5
5
5
5
5
5
5
5
5
5
5
5
5
5
5
5
5
5
5
5
5
5
5
5
5
5
5
5
5
5
5
5
5
5
5
5
5
5
5
5
5
5
5
5
5
5
5
5
5
5
5
5
5
5
5
5
5
5
5
5
5
5
5
5
5
5
5
5
5
5
5
5
5
5
5
5
5
5
5
5
5
5
5
5
5
5
5
5
5
5
5
5
5
5
5
5
5
5
5
5
5
5
5
5
5
5
5
5
5
5
5
5
5
5
5
5
5
5
5
5
5
5
5
5
5
5
5
5
5
5
5
5
5
5
5
5
5
5
5
5
5
5
5
5
5
5
5
5
5
5
5
5
5
5
5
5
5
5
5
5
5
5
5
5
5
5
5
5
5
5
5
5
5
5
5
5
5
5
5
5
5
5
5
5
5
5
5
5
5
5
5
5
5
5
5
5
5
5
5
5
5
5
5
5
5
5
5
5
5
5
5
5
5
5
5
5
5
5
5
5
5
5
5
5
5
5
5
5
5
5
5
5
5
5
5
5
5
5
5
5
5
5
5
5
5
5
5
5
5
5
5
5
5
5
5
5
5
5
5
5
5
5
5
5
5
5
5
5
5
5
5
5
5
5
5
5
5
5
5
5
5
5
5
5
5
5
5
5
5
5
5
5
5
5
5
5
5
5
5
5
5
5
5
5
5
5
5
5
5
5
5
5
5
5
5
5
5
5
5
5
5
5
5
5
5
5
5
5
5
5
5
5
5
5
5
5
5
5
5
5
5
5
5
5
5
5
5
5
5
5
5
5
5
5
5
5
5
5
5
5
5
5
5
5
5
5
5
5
5
5
5
5
5
5
5
5
5
5
5
5
5
5
5
5
5
5
5
5
5
5
5
5
5
5
5
5
5
5
5
5
5
5
5
5
5
5
5
5
5
5
5
5
5
5
5
5
5
5
5
5
5
5
5
5
5
5
5
5
5
5
5
5
5
5
5
5
5
5
5
5
5
5
5
5
5
5
5
5
5
5
5
5
5
5
5
5
5
5
5
5
5
5
5
5
5
5
5
5
5
5
5
5
5
5
5
5
5
5
5
5
5
5
5
5
5
5
5
5
5
5
5
5
5
5
5
5
5
5
5
5
5
5
5
5
5
5
5
5
5
5
5
5
5
5
5
5
5
5
5
5
5
5
5
5
5
5
5
5
5
5
5
5
5
5
5
5
5
5
5
5
5
5
5
5
5
5
5
5
5
5
5
5
5
5
5
5
5
5
5
5
5
5
5
5
5
5
5
5
5
5
5
5
5
5
5
5
5
5
5
5
5
5
5
5
5
5
5
5
5
5
5
5
5
5
5
5
5
5
5
5
5
5
5
5
5
5
5
5
5
5
5
5
5
5
5
5
5
5
5
5
5
5
5
5
5
5
5
5
5
5
5
5
5
5
5
5
5
5
5
5
5
5
5
5
5
5
5
5
5
5
5
5
5
5
5
5
5
5
5
5
5
5
5
5
5
5
5
5
5
5
5
5
5
5
5
5
5
5
5
5
5
5
5
5
5
5
5
5
5
5
5
5
5
5
5
5
5
5
5
5
5
5
5
5
5
5
5
5
5
5
5
5
5
5
5
5
5
5
5
5
5
5
5
5
5
5
5
5
5
5
5
5
5
5
5
5
5
5
5
5
5
5
5
5
5
5
5
5
5
5
5
5
5
5
5
5
5
5
5
5
5
5
5
5
5
5
5
5
5
5
5
5
5
5
5
5
5
5
5
5
5
5
5
5
5
5
5
5
5
5
5
5
5
5
5
5
5
5
5
5
5
5
5
5
5
5
5
5
5
5
5
5
5
5
5
5
5
5
5
5
5
5
5
5
5
5
5
5
5
5
5
5
5
5
5
5
5
5
5
5
5
5
5
5
5
5
5
5
5
5
5
5
5
5
5
5
5
5
5
5
5
5
5
5
5
5
5
5
5
5
5
5
5
5
5
5
5
5
5
5
5
5
5
5
5
5
5
5
5
5
5
5
5
5
5
5
5
5
5
5
5
5
5
5
5
5
5
5
5
5
5
5
5
5
5
5
5
5
5
5
5
5
5
5
5
5
5
5
5
5
5
5
5
5
5
5
5
5
5
5
5
5
5
5
5
5
5
5
5
5
5
5
5
5
5
5
5
5
5
5
5
5
5
5
5
5
5
5
5
5
5
5
5
5
5
5
5
5
5
5
5
5
5
5
5
5
5
5
5
5
5
5
5
5
5
5
5
5
5
5
5
5
5
5
5
5
5
5
5
5
5
5
5
5
5
5
5
5
5
5
5
5
5
5
5
5
5
5
5
5
5
5
5
5
5
5
5
5
5
5
5
5
5
5
5
5
5
5
5
5
5
5
5
5
5
5
5
5
5
5
5
5
5
5
5
5
5
5
5
5
5
5
5
5
5
5
5
5
5
5
5
5
5
5
5
5
5
5
5
5
5
5
5
5
5
5
5
5
5
5
5
5
5
5
5
5
5
5
5
5
5
5
5
5
5
5
5
5
5
5
5
5
5
5
5
5
5
5
5
5
5
5
5
5
5
5
5
5
5
5
5
5
5
5
5
5
5
5
5
5
5
5
5
5
5
5
5
5
5
5
5
5
5
5
5
5
5
5
5
5
5
5
5
5
5
5
5
5
5
5
5
5
5
5
5
5
5
5
5
5
5
5
5
5
5
5
5
5
5
5
5
5
5
5
5
5
5
5
5
5
5
5
5
5
5
5
5
5
5
5
5
5
5
5
5
5
5
5
5
5
5
5
5
5
5
5
5
5
5
5
5
5
5
5
5
5
5
5
5
5
5
5
5
5
5
5
5
5
5
5
5
5
5
5
5
5
5
5
5
5
5
5
5
5
5
5
5
5
5
5
5
5
5
5
5
5
5
5
5
5
5
5
5
5
5
5
5
5
5
5
5
5
5
5
5
5
5
5
5
5
5
5
5
5
5
5
5
5
5
5
5
5
5
5
5
5
5
5
5
5
5
5
5
5
5
5
5
5
5
5
5
5
5
5
5
5
5
5
5
5
5
5
5
5
5
5
5
5
5
5
5
5
5
5
5
5
5
5
5
5
5
5
5
5
5
5
5
5
5
5
5
5
5
5
5
5
5
5
5
5
5
5
5
5
5
5
5
5
5
5
5
5
5
5
5
5
5
5
5
5
5
5
5
5
5
5
5
5
5
5
5
5
5
5
5
5
5
5
5
5
5
5
5
5
5
5
5
5
5
5
5
5
5
5
5
5
5
5
5
5
5
5
5
5
5
5
5
5
5
5
5
5
5
5
5
5
5
5
5
5
5
5
5
5
5
5
5
5
5
5
5
5
5
5
5
5
5
5
5
5
5
5
5
5
5
5
5
5
5
5
5
5
5
5
5
5
5
5
5
5
5
5
5
5
5
5
5
5
5
5
5
5
5
5
5
5
5
5
5
5
5
5
5
5
5
5
5
5
5
5
5
5
5
5
5
5
5
5
5
5
5
5
5
5
5
5
5
5
5
5
5
5
5
5
5
5
5
5
5
5
5
5
5
5
5
5
5
5
5
5
5
5
5
5
5
5
5
5
5
5
5
5
5
5
5
5
5
5
5
5
5
5
5
5
5
5
5
5
5
5
5
5
5
5
5
5
5
5
5
5
5
5
5
5
5
5
5
5
5
5
5
5
5
5
5
5
5
5
5
5
5
5
5
5
5
5
5
5
5
5
5
5
5
5
5
5
5
5
5
5
5
5
5
5
5
5
5
5
5
5
5
5
5
5
5
5
5
5
5
5
5
5
5
5
5
5
5
5
5
5
5
5
5
5
5
5
5
5
5
5
5
5
5
5
5
5
5
5
5
5
5
5
5
5
5
5
5
5
5
5
5
5
5
5
5
5
5
5
5
5
5
5
5
5
5
5
5
5
5
5
5
5
5
5
5
5
5
5
5
5
5
5
5
5
5
5
5
5
5
5
5
5
5
5
5
5
5
5
5
5
5
5
5
5
5
5
5
5
5
5
5
5
5
5
5
5
5
5
5
5
5
5
5
5
5
5
5
5
5
5
5
5
5
5
5
5
5
5
5
5
5
5
5
5
5
5
5
5
5
5
5
5
5
5
5
5
5
5
5
5
5
5
5
5
5
5
5
5
5
5
5
5
5
5
5
5
5
5
5
5
5
5
5
5
5
5
5
5
5
5
5
5
5
5
5
5
5
5
5
5
5
5
5
5
5
5
5
5
5
5
5
5
5
5
5
5
5
5
5
5
5
5
5
5
5
5
5
5
5
5
5
5
5
5
5
5
5
5
5
5
5
5
5
5
5
5
5
5
5
5
5
5
5
5
5
5
5
5
5
5
5
5
5
5
5
5
5
5
5
5
5
5
5
5
5
5
5
5
5
5
5
5
5
5
5
5
5
5
5
5
5
5
5
5
5
5
5
5
5
5
5
5
5
5
5
5
5
5
5
5
5
5
5
5
5
5
5
5
5
5
5
5
5
5
5
5
5
5
5
5
5
5
5
5
5
5
5
5
5
5
5
5
5
5
5
5
5
5
5
5
5
5
5
5
5
5
5
5
5
5
5
5
5
5
5
5
5
5
5
5
5
5
5
5
5
5
5
5
5
5
5
5
5
5
5
5
5
5
5
5
5
5
5
5
5
5
5
5
5
5
5
5
5
5
5
5
5
5
5
5
5
5
5
5
5
5
5
5
5
5
5
5
5
5
5
5
5
5
5
5
5
5
5
5
5
5
5
5
5
5
5
5
5
5
5
5
5
5
5
5
5
5
5
5
5
5
5
5
5
5
5
5
5
5
5
5
5
5
5
5
5
5
5
5
5
5
5
5
5
5
5
5
5
5
5
5
5
5
5
5
5
5
5
5
5
5
5
5
5
5
5
5
5
5
5
5
5
5
5
5
5
5
5
5
5
5
5
5
5
5
5
5
5
5
5
5
5
5
5
5
5
5
5
5
5
5
5
5
5
5
5
5
5
5
5
5
5
5
5
5
5
5
5
5
5
5
5
5
5
5
5
5
5
5
5
5
5
5
5
5
5
5
5
5
5
5
5
5
5
5
5
5
5
5
5
5
5
5
5
5
5
5
5
5
5
5
5
5
5
5
5
5
5
5
5
5
5
5
5
5
5
5
5
5
5
5
5
5
5
5
5
5
5
5
5
5
5
5
5
5
5
5
5
5
5
5
5
5
5
5
5
5
5
5
5
5
5
5
5
5
5
5
5
5
5
5
5
5
5
5
5
5
5
5
5
5
5
5
5
5
5
5
5
5
5
5
5
5
5
5
5
5
5
5
5
5
5
5
5
5
5
5
5
5
5
5
5
5
5
5
5
5
5
5
5
5
5
5
5
5
5
5
5
5
5
5
5
5
5
5
5
5
5
5
5
5
5
5
5
5
5
5
5
5
5
5
5
5
5
5
5
5
5
5
5
5
5
5
5
5
5
5
5
5
5
5
5
5
5
5
5
5
5
5
5
5
5
5
5
5
5
5
5
5
5
5
5
5
5
5
5
5
5
5
5
5
5
5
5
5
5
5
5
5
5
5
5
5
5
5
5
5
5
5
5
5
5
5
5
5
5
5
5
5
5
5
5
5
5
5
5
5
5
5
5
5
5
5
5
5
5
5
5
5
5
5
5
5
5
5
5
5
5
5
5
5
5
5
5
5
5
5
5
5
5
5
5
5
5
5
5
5
5
5
5
5
5
5
5
5
5
5
5
5
5
5
5
5
5
5
5
5
5
5
5
5
5
5
5
5
5
5
5
5
5
5
5
5
5
5
5
5
5
5
5
5
5
5
5
5
5
5
5
5
5
5
5
5
5
5
5
5
5
5
5
5
5
5
5
5
5
5
5
5
5
5
5
5
5
5
5
5
5
5
5
5
5
5
5
5
5
5
5
5
5
5
5
5
5
5
5
5
5
5
5
5
5
5
5
5
5
5
5
5
5
5
5
5
5
5
5
5
5
5
5
5
5
5
5
5
5
5
5
5
5
5
5
5
5
5
5
5
5
5
5
5
5
5
5
5
5
5
5
5
5
5
5
5
5
5
5
5
5
5
5
5
5
5
5
5
5
5
5
5
5
5
5
5
5
5
5
5
5
5
5
5
5
5
5
5
5
5
5
5
5
5
5
5
5
5
5
5
5
5
5
5
5
5
5
5
5
5
5
5
5
5
5
5
5
5
5
5
5
5
5
5
5
5
5
5
5
5
5
5
5
5
5
5
5
5
5
5
5
5
5
5
5
5
5
5
5
5
5
5
5
5
5
5
5
5
5
5
5
5
5
5
5
5
5
5
5
5
5
5
5
5
5
5
5
5
5
5
5
5
5
5
5
5
5
5
5
5
5
5
5
5
5
5
5
5
5
5
5
5
5
5
5
5
5
5
5
5
5
5
5
5
5
5
5
5
5
5
5
5
5
5
5
5
5
5
5
5
5
5
5
5
5
5
5
5
5
5
5
5
5
5
5
5
5
5
5
5
5
5
5
5
5
5
5
5
5
5
5
5
5
5
5
5
5
5
5
5
5
5
5
5
5
5
5
5
5
5
5
5
5
5
5
5
5
5
5
5
5
5
5
5
5
5
5
5
5
5
5
5
5
5
5
5
5
5
5
5
5
5
5
5
5
5
5
5
5
5
5
5
5
5
5
5
5
5
5
5
5
5
5
5
5
5
5
5
5
5
5
5
5
5
5
5
5
5
5
5
5
5
5
5
5
5
5
5
5
5
5
5
5
5
5
5
5
5
5
5
5
5
5
5
5
5
5
5
5
5
5
5
5
5
5
5
5
5
5
5
5
5
5
5
5
5
5
5
5
5
5
5
5
5
5
5
5
5
5
5
5
5
5
5
5
5
5
5
5
5
5
5
5
5
5
5
5
5
5
5
5
5
5
5
5
5
5
5
5
5
5
5
5
5
5
5
5
5
5
5
5
5
5
5
5
5
5
5
5
5
5
5
5
5
5
5
5
5
5
5
5
5
5
5
5
5
5
5
5
5
5
5
5
5
5
5
5
5
5
5
5
5
5
5
5
5
5
5
5
5
5
5
5
5
5
5
5
5
5
5
5
5
5
5
5
5
5
5
5
5
5
5
5
5
5
5
5
5
5
5
5
5
5
5
5
5
5
5
5
5
5
5
5
5
5
5
5
5
5
5
5
5
5
5
5
5
5
5
5
5
5
5
5
5
5
5
5
5
5
5
5
5
5
5
5
5
5
5
5
5
5
5
5
5
5
5
5
5
5
5
5
5
5
5
5
5
5
5
5
5
5
5
5
5
5
5
5
5
5
5
5
5
5
5
5
5
5
5
5
5
5
5
5
5
5
5
5
5
5
5
5
5
5
5
5
5
5
5
5
5
5
5
5
5
5
5
5
5
5
5
5
5
5
5
5
5
5
5
5
5
5
5
5
5
5
5
5
5
5
5
5
5
5
5
5
5
5
5
5
5
5
5
5
5
5
5
5
5
5
5
5
5
5
5
5
5
5
5
5
5
5
5
5
5
5
5
5
5
5
5
5
5
5
5
5
5
5
5
5
5
5
5
5
5
5
5
5
5
5
5
5
5
5
5
5
5
5
5
5
5
5
5
5
5
5
5
5
5
5
5
5
5
5
5
5
5
5
5
5
5
5
5
5
5
5
5
5
5
5
5
5
5
5
5
5
5
5
5
5
5
5
5
5
5
5
5
5
5
5
5
5
5
5
5
5
5
5
5
5
5
5
5
5
5
5
5
5
5
5
5
5
5
5
5
5
5
5
5
5
5
5
5
5
5
5
5
5
5
5
5
5
5
5
5
5
5
5
5
5
5
5
5
5
5
5
5
5
5
5
5
5
5
5
5
5
5
5
5
5
5
5
5
5
5
5
5
5
5
5
5
5
5
5
5
5
5
5
5
5
5
5
5
5
5
5
5
5
5
5
5
5
5
5
5
5
5
5
5
5
5
5
5
5
5
5
5
5
5
5
5
5
5
5
5
5
5
5
5
5
5
5
5
5
5
5
5
5
5
5
5
5
5
5
5
5
5
5
5
5
5
5
5
5
5
5
5
5
5
5
5
5
5
5
5
5
5
5
5
5
5
5
5
5
5
5
5
5
5
5
5
5
5
5
5
5
5
5
5
5
5
5
5
5
5
5
5
5
5
5
5
5
5
5
5
5
5
5
5
5
5
5
5
5
5
5
5
5
5
5
5
5
5
5
5
5
5
5
5
5
5
5
5
5
5
5
5
5
5
5
5
5
5
5
5
5
5
5
5
5
5
5
5
5
5
5
5
5
5
5
5
5
5
5
5
5
5
5
5
5
5
5
5
5
5
5
5
5
5
5
5
5
5
5
5
5
5
5
5
5
5
5
5
5
5
5
5
5
5
5
5
5
5
5
5
5
5
5
5
5
5
5
5
5
5
5
5
5
5
5
5
5
5
5
5
5
5
5
5
5
5
5
5
5
5
5
5
5
5
5
5
5
5
5
5
5
5
5
5
5
5
5
5
5
5
5
5
5
5
5
5
5
5
5
5
5
5
5
5
5
5
5
5
5
5
5
5
5
5
5
5
5
5
5
5
5
5
5
5
5
5
5
5
5
5
5
5
5
5
5
5
5
5
5
5
5
5
5
5
5
5
5
5
5
5
5
5
5
5
5
5
5
5
5
5
5
5
5
5
5
5
5
5
5
5
5
5
5
5
5
5
5
5
5
5
5
5
5
5
5
5
5
5
5
5
5
5
5
5
5
5
5
5
5
5
5
5
5
5
5
5
5
5
5
5
5
5
5
5
5
5
5
5
5
5
5
5
5
5
5
5
5
5
5
5
5
5
5
5
5
5
5
5
5
5
5
5
5
5
5
5
5
5
5
5
5
5
5
5
5
5
5
5
5
5
5
5
5
5
5
5
5
5
5
5
5
5
5
5
5
5
5
5
5
5
5
5
5
5
5
5
5
5
5
5
5
5
5
5
5
5
5
5
5
5
5
5
5
5
5
5
5
5
5
5
5
5
5
5
5
5
5
5
5
5
5
5
5
5
5
5
5
5
5
5
5
5
5
5
5
5
5
5
5
5
5
5
5
5
5
5
5
5
5
5
5
5
5
5
5
5
5
5
5
5
5
5
5
5
5
5
5
5
5
5
5
5
5
5
5
5
5
5
5
5
5
5
5
5
5
5
5
5
5
5
5
5
5
5
5
5
5
5
5
5
5
5
5
5
5
5
5
5
5
5
5
5
5
5
5
5
5
5
5
5
5
5
5
5
5
5
5
5
5
5
5
5
5
5
5
5
5
5
5
5
5
5
5
5
5
5
5
5
5
5
5
5
5
5
5
5
5
5
5
5
5
5
5
5
5
5
5
5
5
5
5
5
5
5
5
5
5
5
5
5
5
5
5
5
5
5
5
5
5
5
5
5
5
5
5
5
5
5
5
5
5
5
5
5
5
5
5
5
5
5
5
5
5
5
5
5
5
5
5
5
5
5
5
5
5
5
5
5
5
5
5
5
5
5
5
5
5
5
5
5
5
5
5
5
5
5
5
5
5
5
5
5
5
5
5
5
5
5
5
5
5
5
5
5
5
5
5
5
5
5
5
5
5
5
5
5
5
5
5
5
5
5
5
5
5
5
5
5
5
5
5
5
5
5
5
5
5
5
5
5
5
5
5
5
5

