watercontent,saturation,elevation[cm],elevation[m]
0.100304,0.349491289,6.6836,0.066836
0.115644,0.402940767,9.9972,0.099972
0.148496,0.517407666,11.2359,0.112359
0.183611,0.639759582,12.4704,0.124704
0.200602,0.698961672,12.9959,0.129959
0.223262,0.777916376,14.0678,0.140678
0.245362,0.854919861,15.5122,0.155122
0.255576,0.890508711,16.9786,0.169786
