watercontent,saturation,elevation[cm],elevation[m]
0.099803,0.347745645,43.2618,0.432618
0.115201,0.401397213,49.9173,0.499173
0.148062,0.51589547,51.713,0.51713
0.18375,0.640243902,53.3178,0.533178
0.20074,0.699442509,53.8433,0.538433
0.223407,0.778421603,55.2866,0.552866
0.246076,0.857407666,56.9155,0.569155
0.254586,0.887059233,58.0137,0.580137
