# vtk DataFile Version 2.0
GMS geological model mesh
ASCII
DATASET UNSTRUCTURED_GRID
POINTS      726 double
   0.0000000000000000        0.0000000000000000        0.0000000000000000     
  0.29999999999999999        0.0000000000000000        0.0000000000000000     
  0.59999999999999998        0.0000000000000000        0.0000000000000000     
  0.90000000000000002        0.0000000000000000        0.0000000000000000     
   1.2000000000000000        0.0000000000000000        0.0000000000000000     
   1.5000000000000000        0.0000000000000000        0.0000000000000000     
   1.8000000000000000        0.0000000000000000        0.0000000000000000     
   2.1000000000000001        0.0000000000000000        0.0000000000000000     
   2.3999999999999999        0.0000000000000000        0.0000000000000000     
   2.7000000000000002        0.0000000000000000        0.0000000000000000     
   3.0000000000000000        0.0000000000000000        0.0000000000000000     
   0.0000000000000000       0.20000000000000001        0.0000000000000000     
  0.29999999999999999       0.20000000000000001        0.0000000000000000     
  0.59999999999999998       0.20000000000000001        0.0000000000000000     
  0.90000000000000002       0.20000000000000001        0.0000000000000000     
   1.2000000000000000       0.20000000000000001        0.0000000000000000     
   1.5000000000000000       0.20000000000000001        0.0000000000000000     
   1.8000000000000000       0.20000000000000001        0.0000000000000000     
   2.1000000000000001       0.20000000000000001        0.0000000000000000     
   2.3999999999999999       0.20000000000000001        0.0000000000000000     
   2.7000000000000002       0.20000000000000001        0.0000000000000000     
   3.0000000000000000       0.20000000000000001        0.0000000000000000     
   0.0000000000000000       0.40000000000000002        0.0000000000000000     
  0.29999999999999999       0.40000000000000002        0.0000000000000000     
  0.59999999999999998       0.40000000000000002        0.0000000000000000     
  0.90000000000000002       0.40000000000000002        0.0000000000000000     
   1.2000000000000000       0.40000000000000002        0.0000000000000000     
   1.5000000000000000       0.40000000000000002        0.0000000000000000     
   1.8000000000000000       0.40000000000000002        0.0000000000000000     
   2.1000000000000001       0.40000000000000002        0.0000000000000000     
   2.3999999999999999       0.40000000000000002        0.0000000000000000     
   2.7000000000000002       0.40000000000000002        0.0000000000000000     
   3.0000000000000000       0.40000000000000002        0.0000000000000000     
   0.0000000000000000       0.59999999999999998        0.0000000000000000     
  0.29999999999999999       0.59999999999999998        0.0000000000000000     
  0.59999999999999998       0.59999999999999998        0.0000000000000000     
  0.90000000000000002       0.59999999999999998        0.0000000000000000     
   1.2000000000000000       0.59999999999999998        0.0000000000000000     
   1.5000000000000000       0.59999999999999998        0.0000000000000000     
   1.8000000000000000       0.59999999999999998        0.0000000000000000     
   2.1000000000000001       0.59999999999999998        0.0000000000000000     
   2.3999999999999999       0.59999999999999998        0.0000000000000000     
   2.7000000000000002       0.59999999999999998        0.0000000000000000     
   3.0000000000000000       0.59999999999999998        0.0000000000000000     
   0.0000000000000000       0.80000000000000004        0.0000000000000000     
  0.29999999999999999       0.80000000000000004        0.0000000000000000     
  0.59999999999999998       0.80000000000000004        0.0000000000000000     
  0.90000000000000002       0.80000000000000004        0.0000000000000000     
   1.2000000000000000       0.80000000000000004        0.0000000000000000     
   1.5000000000000000       0.80000000000000004        0.0000000000000000     
   1.8000000000000000       0.80000000000000004        0.0000000000000000     
   2.1000000000000001       0.80000000000000004        0.0000000000000000     
   2.3999999999999999       0.80000000000000004        0.0000000000000000     
   2.7000000000000002       0.80000000000000004        0.0000000000000000     
   3.0000000000000000       0.80000000000000004        0.0000000000000000     
   0.0000000000000000        1.0000000000000000        0.0000000000000000     
  0.29999999999999999        1.0000000000000000        0.0000000000000000     
  0.59999999999999998        1.0000000000000000        0.0000000000000000     
  0.90000000000000002        1.0000000000000000        0.0000000000000000     
   1.2000000000000000        1.0000000000000000        0.0000000000000000     
   1.5000000000000000        1.0000000000000000        0.0000000000000000     
   1.8000000000000000        1.0000000000000000        0.0000000000000000     
   2.1000000000000001        1.0000000000000000        0.0000000000000000     
   2.3999999999999999        1.0000000000000000        0.0000000000000000     
   2.7000000000000002        1.0000000000000000        0.0000000000000000     
   3.0000000000000000        1.0000000000000000        0.0000000000000000     
   0.0000000000000000        0.0000000000000000       0.20000000000000001     
  0.29999999999999999        0.0000000000000000       0.20000000000000001     
  0.59999999999999998        0.0000000000000000       0.20000000000000001     
  0.90000000000000002        0.0000000000000000       0.20000000000000001     
   1.2000000000000000        0.0000000000000000       0.20000000000000001     
   1.5000000000000000        0.0000000000000000       0.20000000000000001     
   1.8000000000000000        0.0000000000000000       0.20000000000000001     
   2.1000000000000001        0.0000000000000000       0.20000000000000001     
   2.3999999999999999        0.0000000000000000       0.20000000000000001     
   2.7000000000000002        0.0000000000000000       0.20000000000000001     
   3.0000000000000000        0.0000000000000000       0.20000000000000001     
   0.0000000000000000       0.20000000000000001       0.20000000000000001     
  0.29999999999999999       0.20000000000000001       0.20000000000000001     
  0.59999999999999998       0.20000000000000001       0.20000000000000001     
  0.90000000000000002       0.20000000000000001       0.20000000000000001     
   1.2000000000000000       0.20000000000000001       0.20000000000000001     
   1.5000000000000000       0.20000000000000001       0.20000000000000001     
   1.8000000000000000       0.20000000000000001       0.20000000000000001     
   2.1000000000000001       0.20000000000000001       0.20000000000000001     
   2.3999999999999999       0.20000000000000001       0.20000000000000001     
   2.7000000000000002       0.20000000000000001       0.20000000000000001     
   3.0000000000000000       0.20000000000000001       0.20000000000000001     
   0.0000000000000000       0.40000000000000002       0.20000000000000001     
  0.29999999999999999       0.40000000000000002       0.20000000000000001     
  0.59999999999999998       0.40000000000000002       0.20000000000000001     
  0.90000000000000002       0.40000000000000002       0.20000000000000001     
   1.2000000000000000       0.40000000000000002       0.20000000000000001     
   1.5000000000000000       0.40000000000000002       0.20000000000000001     
   1.8000000000000000       0.40000000000000002       0.20000000000000001     
   2.1000000000000001       0.40000000000000002       0.20000000000000001     
   2.3999999999999999       0.40000000000000002       0.20000000000000001     
   2.7000000000000002       0.40000000000000002       0.20000000000000001     
   3.0000000000000000       0.40000000000000002       0.20000000000000001     
   0.0000000000000000       0.59999999999999998       0.20000000000000001     
  0.29999999999999999       0.59999999999999998       0.20000000000000001     
  0.59999999999999998       0.59999999999999998       0.20000000000000001     
  0.90000000000000002       0.59999999999999998       0.20000000000000001     
   1.2000000000000000       0.59999999999999998       0.20000000000000001     
   1.5000000000000000       0.59999999999999998       0.20000000000000001     
   1.8000000000000000       0.59999999999999998       0.20000000000000001     
   2.1000000000000001       0.59999999999999998       0.20000000000000001     
   2.3999999999999999       0.59999999999999998       0.20000000000000001     
   2.7000000000000002       0.59999999999999998       0.20000000000000001     
   3.0000000000000000       0.59999999999999998       0.20000000000000001     
   0.0000000000000000       0.80000000000000004       0.20000000000000001     
  0.29999999999999999       0.80000000000000004       0.20000000000000001     
  0.59999999999999998       0.80000000000000004       0.20000000000000001     
  0.90000000000000002       0.80000000000000004       0.20000000000000001     
   1.2000000000000000       0.80000000000000004       0.20000000000000001     
   1.5000000000000000       0.80000000000000004       0.20000000000000001     
   1.8000000000000000       0.80000000000000004       0.20000000000000001     
   2.1000000000000001       0.80000000000000004       0.20000000000000001     
   2.3999999999999999       0.80000000000000004       0.20000000000000001     
   2.7000000000000002       0.80000000000000004       0.20000000000000001     
   3.0000000000000000       0.80000000000000004       0.20000000000000001     
   0.0000000000000000        1.0000000000000000       0.20000000000000001     
  0.29999999999999999        1.0000000000000000       0.20000000000000001     
  0.59999999999999998        1.0000000000000000       0.20000000000000001     
  0.90000000000000002        1.0000000000000000       0.20000000000000001     
   1.2000000000000000        1.0000000000000000       0.20000000000000001     
   1.5000000000000000        1.0000000000000000       0.20000000000000001     
   1.8000000000000000        1.0000000000000000       0.20000000000000001     
   2.1000000000000001        1.0000000000000000       0.20000000000000001     
   2.3999999999999999        1.0000000000000000       0.20000000000000001     
   2.7000000000000002        1.0000000000000000       0.20000000000000001     
   3.0000000000000000        1.0000000000000000       0.20000000000000001     
   0.0000000000000000        0.0000000000000000       0.40000000000000002     
  0.29999999999999999        0.0000000000000000       0.40000000000000002     
  0.59999999999999998        0.0000000000000000       0.40000000000000002     
  0.90000000000000002        0.0000000000000000       0.40000000000000002     
   1.2000000000000000        0.0000000000000000       0.40000000000000002     
   1.5000000000000000        0.0000000000000000       0.40000000000000002     
   1.8000000000000000        0.0000000000000000       0.40000000000000002     
   2.1000000000000001        0.0000000000000000       0.40000000000000002     
   2.3999999999999999        0.0000000000000000       0.40000000000000002     
   2.7000000000000002        0.0000000000000000       0.40000000000000002     
   3.0000000000000000        0.0000000000000000       0.40000000000000002     
   0.0000000000000000       0.20000000000000001       0.40000000000000002     
  0.29999999999999999       0.20000000000000001       0.40000000000000002     
  0.59999999999999998       0.20000000000000001       0.40000000000000002     
  0.90000000000000002       0.20000000000000001       0.40000000000000002     
   1.2000000000000000       0.20000000000000001       0.40000000000000002     
   1.5000000000000000       0.20000000000000001       0.40000000000000002     
   1.8000000000000000       0.20000000000000001       0.40000000000000002     
   2.1000000000000001       0.20000000000000001       0.40000000000000002     
   2.3999999999999999       0.20000000000000001       0.40000000000000002     
   2.7000000000000002       0.20000000000000001       0.40000000000000002     
   3.0000000000000000       0.20000000000000001       0.40000000000000002     
   0.0000000000000000       0.40000000000000002       0.40000000000000002     
  0.29999999999999999       0.40000000000000002       0.40000000000000002     
  0.59999999999999998       0.40000000000000002       0.40000000000000002     
  0.90000000000000002       0.40000000000000002       0.40000000000000002     
   1.2000000000000000       0.40000000000000002       0.40000000000000002     
   1.5000000000000000       0.40000000000000002       0.40000000000000002     
   1.8000000000000000       0.40000000000000002       0.40000000000000002     
   2.1000000000000001       0.40000000000000002       0.40000000000000002     
   2.3999999999999999       0.40000000000000002       0.40000000000000002     
   2.7000000000000002       0.40000000000000002       0.40000000000000002     
   3.0000000000000000       0.40000000000000002       0.40000000000000002     
   0.0000000000000000       0.59999999999999998       0.40000000000000002     
  0.29999999999999999       0.59999999999999998       0.40000000000000002     
  0.59999999999999998       0.59999999999999998       0.40000000000000002     
  0.90000000000000002       0.59999999999999998       0.40000000000000002     
   1.2000000000000000       0.59999999999999998       0.40000000000000002     
   1.5000000000000000       0.59999999999999998       0.40000000000000002     
   1.8000000000000000       0.59999999999999998       0.40000000000000002     
   2.1000000000000001       0.59999999999999998       0.40000000000000002     
   2.3999999999999999       0.59999999999999998       0.40000000000000002     
   2.7000000000000002       0.59999999999999998       0.40000000000000002     
   3.0000000000000000       0.59999999999999998       0.40000000000000002     
   0.0000000000000000       0.80000000000000004       0.40000000000000002     
  0.29999999999999999       0.80000000000000004       0.40000000000000002     
  0.59999999999999998       0.80000000000000004       0.40000000000000002     
  0.90000000000000002       0.80000000000000004       0.40000000000000002     
   1.2000000000000000       0.80000000000000004       0.40000000000000002     
   1.5000000000000000       0.80000000000000004       0.40000000000000002     
   1.8000000000000000       0.80000000000000004       0.40000000000000002     
   2.1000000000000001       0.80000000000000004       0.40000000000000002     
   2.3999999999999999       0.80000000000000004       0.40000000000000002     
   2.7000000000000002       0.80000000000000004       0.40000000000000002     
   3.0000000000000000       0.80000000000000004       0.40000000000000002     
   0.0000000000000000        1.0000000000000000       0.40000000000000002     
  0.29999999999999999        1.0000000000000000       0.40000000000000002     
  0.59999999999999998        1.0000000000000000       0.40000000000000002     
  0.90000000000000002        1.0000000000000000       0.40000000000000002     
   1.2000000000000000        1.0000000000000000       0.40000000000000002     
   1.5000000000000000        1.0000000000000000       0.40000000000000002     
   1.8000000000000000        1.0000000000000000       0.40000000000000002     
   2.1000000000000001        1.0000000000000000       0.40000000000000002     
   2.3999999999999999        1.0000000000000000       0.40000000000000002     
   2.7000000000000002        1.0000000000000000       0.40000000000000002     
   3.0000000000000000        1.0000000000000000       0.40000000000000002     
   0.0000000000000000        0.0000000000000000       0.59999999999999998     
  0.29999999999999999        0.0000000000000000       0.59999999999999998     
  0.59999999999999998        0.0000000000000000       0.59999999999999998     
  0.90000000000000002        0.0000000000000000       0.59999999999999998     
   1.2000000000000000        0.0000000000000000       0.59999999999999998     
   1.5000000000000000        0.0000000000000000       0.59999999999999998     
   1.8000000000000000        0.0000000000000000       0.59999999999999998     
   2.1000000000000001        0.0000000000000000       0.59999999999999998     
   2.3999999999999999        0.0000000000000000       0.59999999999999998     
   2.7000000000000002        0.0000000000000000       0.59999999999999998     
   3.0000000000000000        0.0000000000000000       0.59999999999999998     
   0.0000000000000000       0.20000000000000001       0.59999999999999998     
  0.29999999999999999       0.20000000000000001       0.59999999999999998     
  0.59999999999999998       0.20000000000000001       0.59999999999999998     
  0.90000000000000002       0.20000000000000001       0.59999999999999998     
   1.2000000000000000       0.20000000000000001       0.59999999999999998     
   1.5000000000000000       0.20000000000000001       0.59999999999999998     
   1.8000000000000000       0.20000000000000001       0.59999999999999998     
   2.1000000000000001       0.20000000000000001       0.59999999999999998     
   2.3999999999999999       0.20000000000000001       0.59999999999999998     
   2.7000000000000002       0.20000000000000001       0.59999999999999998     
   3.0000000000000000       0.20000000000000001       0.59999999999999998     
   0.0000000000000000       0.40000000000000002       0.59999999999999998     
  0.29999999999999999       0.40000000000000002       0.59999999999999998     
  0.59999999999999998       0.40000000000000002       0.59999999999999998     
  0.90000000000000002       0.40000000000000002       0.59999999999999998     
   1.2000000000000000       0.40000000000000002       0.59999999999999998     
   1.5000000000000000       0.40000000000000002       0.59999999999999998     
   1.8000000000000000       0.40000000000000002       0.59999999999999998     
   2.1000000000000001       0.40000000000000002       0.59999999999999998     
   2.3999999999999999       0.40000000000000002       0.59999999999999998     
   2.7000000000000002       0.40000000000000002       0.59999999999999998     
   3.0000000000000000       0.40000000000000002       0.59999999999999998     
   0.0000000000000000       0.59999999999999998       0.59999999999999998     
  0.29999999999999999       0.59999999999999998       0.59999999999999998     
  0.59999999999999998       0.59999999999999998       0.59999999999999998     
  0.90000000000000002       0.59999999999999998       0.59999999999999998     
   1.2000000000000000       0.59999999999999998       0.59999999999999998     
   1.5000000000000000       0.59999999999999998       0.59999999999999998     
   1.8000000000000000       0.59999999999999998       0.59999999999999998     
   2.1000000000000001       0.59999999999999998       0.59999999999999998     
   2.3999999999999999       0.59999999999999998       0.59999999999999998     
   2.7000000000000002       0.59999999999999998       0.59999999999999998     
   3.0000000000000000       0.59999999999999998       0.59999999999999998     
   0.0000000000000000       0.80000000000000004       0.59999999999999998     
  0.29999999999999999       0.80000000000000004       0.59999999999999998     
  0.59999999999999998       0.80000000000000004       0.59999999999999998     
  0.90000000000000002       0.80000000000000004       0.59999999999999998     
   1.2000000000000000       0.80000000000000004       0.59999999999999998     
   1.5000000000000000       0.80000000000000004       0.59999999999999998     
   1.8000000000000000       0.80000000000000004       0.59999999999999998     
   2.1000000000000001       0.80000000000000004       0.59999999999999998     
   2.3999999999999999       0.80000000000000004       0.59999999999999998     
   2.7000000000000002       0.80000000000000004       0.59999999999999998     
   3.0000000000000000       0.80000000000000004       0.59999999999999998     
   0.0000000000000000        1.0000000000000000       0.59999999999999998     
  0.29999999999999999        1.0000000000000000       0.59999999999999998     
  0.59999999999999998        1.0000000000000000       0.59999999999999998     
  0.90000000000000002        1.0000000000000000       0.59999999999999998     
   1.2000000000000000        1.0000000000000000       0.59999999999999998     
   1.5000000000000000        1.0000000000000000       0.59999999999999998     
   1.8000000000000000        1.0000000000000000       0.59999999999999998     
   2.1000000000000001        1.0000000000000000       0.59999999999999998     
   2.3999999999999999        1.0000000000000000       0.59999999999999998     
   2.7000000000000002        1.0000000000000000       0.59999999999999998     
   3.0000000000000000        1.0000000000000000       0.59999999999999998     
   0.0000000000000000        0.0000000000000000       0.80000000000000004     
  0.29999999999999999        0.0000000000000000       0.80000000000000004     
  0.59999999999999998        0.0000000000000000       0.80000000000000004     
  0.90000000000000002        0.0000000000000000       0.80000000000000004     
   1.2000000000000000        0.0000000000000000       0.80000000000000004     
   1.5000000000000000        0.0000000000000000       0.80000000000000004     
   1.8000000000000000        0.0000000000000000       0.80000000000000004     
   2.1000000000000001        0.0000000000000000       0.80000000000000004     
   2.3999999999999999        0.0000000000000000       0.80000000000000004     
   2.7000000000000002        0.0000000000000000       0.80000000000000004     
   3.0000000000000000        0.0000000000000000       0.80000000000000004     
   0.0000000000000000       0.20000000000000001       0.80000000000000004     
  0.29999999999999999       0.20000000000000001       0.80000000000000004     
  0.59999999999999998       0.20000000000000001       0.80000000000000004     
  0.90000000000000002       0.20000000000000001       0.80000000000000004     
   1.2000000000000000       0.20000000000000001       0.80000000000000004     
   1.5000000000000000       0.20000000000000001       0.80000000000000004     
   1.8000000000000000       0.20000000000000001       0.80000000000000004     
   2.1000000000000001       0.20000000000000001       0.80000000000000004     
   2.3999999999999999       0.20000000000000001       0.80000000000000004     
   2.7000000000000002       0.20000000000000001       0.80000000000000004     
   3.0000000000000000       0.20000000000000001       0.80000000000000004     
   0.0000000000000000       0.40000000000000002       0.80000000000000004     
  0.29999999999999999       0.40000000000000002       0.80000000000000004     
  0.59999999999999998       0.40000000000000002       0.80000000000000004     
  0.90000000000000002       0.40000000000000002       0.80000000000000004     
   1.2000000000000000       0.40000000000000002       0.80000000000000004     
   1.5000000000000000       0.40000000000000002       0.80000000000000004     
   1.8000000000000000       0.40000000000000002       0.80000000000000004     
   2.1000000000000001       0.40000000000000002       0.80000000000000004     
   2.3999999999999999       0.40000000000000002       0.80000000000000004     
   2.7000000000000002       0.40000000000000002       0.80000000000000004     
   3.0000000000000000       0.40000000000000002       0.80000000000000004     
   0.0000000000000000       0.59999999999999998       0.80000000000000004     
  0.29999999999999999       0.59999999999999998       0.80000000000000004     
  0.59999999999999998       0.59999999999999998       0.80000000000000004     
  0.90000000000000002       0.59999999999999998       0.80000000000000004     
   1.2000000000000000       0.59999999999999998       0.80000000000000004     
   1.5000000000000000       0.59999999999999998       0.80000000000000004     
   1.8000000000000000       0.59999999999999998       0.80000000000000004     
   2.1000000000000001       0.59999999999999998       0.80000000000000004     
   2.3999999999999999       0.59999999999999998       0.80000000000000004     
   2.7000000000000002       0.59999999999999998       0.80000000000000004     
   3.0000000000000000       0.59999999999999998       0.80000000000000004     
   0.0000000000000000       0.80000000000000004       0.80000000000000004     
  0.29999999999999999       0.80000000000000004       0.80000000000000004     
  0.59999999999999998       0.80000000000000004       0.80000000000000004     
  0.90000000000000002       0.80000000000000004       0.80000000000000004     
   1.2000000000000000       0.80000000000000004       0.80000000000000004     
   1.5000000000000000       0.80000000000000004       0.80000000000000004     
   1.8000000000000000       0.80000000000000004       0.80000000000000004     
   2.1000000000000001       0.80000000000000004       0.80000000000000004     
   2.3999999999999999       0.80000000000000004       0.80000000000000004     
   2.7000000000000002       0.80000000000000004       0.80000000000000004     
   3.0000000000000000       0.80000000000000004       0.80000000000000004     
   0.0000000000000000        1.0000000000000000       0.80000000000000004     
  0.29999999999999999        1.0000000000000000       0.80000000000000004     
  0.59999999999999998        1.0000000000000000       0.80000000000000004     
  0.90000000000000002        1.0000000000000000       0.80000000000000004     
   1.2000000000000000        1.0000000000000000       0.80000000000000004     
   1.5000000000000000        1.0000000000000000       0.80000000000000004     
   1.8000000000000000        1.0000000000000000       0.80000000000000004     
   2.1000000000000001        1.0000000000000000       0.80000000000000004     
   2.3999999999999999        1.0000000000000000       0.80000000000000004     
   2.7000000000000002        1.0000000000000000       0.80000000000000004     
   3.0000000000000000        1.0000000000000000       0.80000000000000004     
   0.0000000000000000        0.0000000000000000        1.0000000000000000     
  0.29999999999999999        0.0000000000000000        1.0000000000000000     
  0.59999999999999998        0.0000000000000000        1.0000000000000000     
  0.90000000000000002        0.0000000000000000        1.0000000000000000     
   1.2000000000000000        0.0000000000000000        1.0000000000000000     
   1.5000000000000000        0.0000000000000000        1.0000000000000000     
   1.8000000000000000        0.0000000000000000        1.0000000000000000     
   2.1000000000000001        0.0000000000000000        1.0000000000000000     
   2.3999999999999999        0.0000000000000000        1.0000000000000000     
   2.7000000000000002        0.0000000000000000        1.0000000000000000     
   3.0000000000000000        0.0000000000000000        1.0000000000000000     
   0.0000000000000000       0.20000000000000001        1.0000000000000000     
  0.29999999999999999       0.20000000000000001        1.0000000000000000     
  0.59999999999999998       0.20000000000000001        1.0000000000000000     
  0.90000000000000002       0.20000000000000001        1.0000000000000000     
   1.2000000000000000       0.20000000000000001        1.0000000000000000     
   1.5000000000000000       0.20000000000000001        1.0000000000000000     
   1.8000000000000000       0.20000000000000001        1.0000000000000000     
   2.1000000000000001       0.20000000000000001        1.0000000000000000     
   2.3999999999999999       0.20000000000000001        1.0000000000000000     
   2.7000000000000002       0.20000000000000001        1.0000000000000000     
   3.0000000000000000       0.20000000000000001        1.0000000000000000     
   0.0000000000000000       0.40000000000000002        1.0000000000000000     
  0.29999999999999999       0.40000000000000002        1.0000000000000000     
  0.59999999999999998       0.40000000000000002        1.0000000000000000     
  0.90000000000000002       0.40000000000000002        1.0000000000000000     
   1.2000000000000000       0.40000000000000002        1.0000000000000000     
   1.5000000000000000       0.40000000000000002        1.0000000000000000     
   1.8000000000000000       0.40000000000000002        1.0000000000000000     
   2.1000000000000001       0.40000000000000002        1.0000000000000000     
   2.3999999999999999       0.40000000000000002        1.0000000000000000     
   2.7000000000000002       0.40000000000000002        1.0000000000000000     
   3.0000000000000000       0.40000000000000002        1.0000000000000000     
   0.0000000000000000       0.59999999999999998        1.0000000000000000     
  0.29999999999999999       0.59999999999999998        1.0000000000000000     
  0.59999999999999998       0.59999999999999998        1.0000000000000000     
  0.90000000000000002       0.59999999999999998        1.0000000000000000     
   1.2000000000000000       0.59999999999999998        1.0000000000000000     
   1.5000000000000000       0.59999999999999998        1.0000000000000000     
   1.8000000000000000       0.59999999999999998        1.0000000000000000     
   2.1000000000000001       0.59999999999999998        1.0000000000000000     
   2.3999999999999999       0.59999999999999998        1.0000000000000000     
   2.7000000000000002       0.59999999999999998        1.0000000000000000     
   3.0000000000000000       0.59999999999999998        1.0000000000000000     
   0.0000000000000000       0.80000000000000004        1.0000000000000000     
  0.29999999999999999       0.80000000000000004        1.0000000000000000     
  0.59999999999999998       0.80000000000000004        1.0000000000000000     
  0.90000000000000002       0.80000000000000004        1.0000000000000000     
   1.2000000000000000       0.80000000000000004        1.0000000000000000     
   1.5000000000000000       0.80000000000000004        1.0000000000000000     
   1.8000000000000000       0.80000000000000004        1.0000000000000000     
   2.1000000000000001       0.80000000000000004        1.0000000000000000     
   2.3999999999999999       0.80000000000000004        1.0000000000000000     
   2.7000000000000002       0.80000000000000004        1.0000000000000000     
   3.0000000000000000       0.80000000000000004        1.0000000000000000     
   0.0000000000000000        1.0000000000000000        1.0000000000000000     
  0.29999999999999999        1.0000000000000000        1.0000000000000000     
  0.59999999999999998        1.0000000000000000        1.0000000000000000     
  0.90000000000000002        1.0000000000000000        1.0000000000000000     
   1.2000000000000000        1.0000000000000000        1.0000000000000000     
   1.5000000000000000        1.0000000000000000        1.0000000000000000     
   1.8000000000000000        1.0000000000000000        1.0000000000000000     
   2.1000000000000001        1.0000000000000000        1.0000000000000000     
   2.3999999999999999        1.0000000000000000        1.0000000000000000     
   2.7000000000000002        1.0000000000000000        1.0000000000000000     
   3.0000000000000000        1.0000000000000000        1.0000000000000000     
   0.0000000000000000        0.0000000000000000        1.2000000000000000     
  0.29999999999999999        0.0000000000000000        1.2000000000000000     
  0.59999999999999998        0.0000000000000000        1.2000000000000000     
  0.90000000000000002        0.0000000000000000        1.2000000000000000     
   1.2000000000000000        0.0000000000000000        1.2000000000000000     
   1.5000000000000000        0.0000000000000000        1.2000000000000000     
   1.8000000000000000        0.0000000000000000        1.2000000000000000     
   2.1000000000000001        0.0000000000000000        1.2000000000000000     
   2.3999999999999999        0.0000000000000000        1.2000000000000000     
   2.7000000000000002        0.0000000000000000        1.2000000000000000     
   3.0000000000000000        0.0000000000000000        1.2000000000000000     
   0.0000000000000000       0.20000000000000001        1.2000000000000000     
  0.29999999999999999       0.20000000000000001        1.2000000000000000     
  0.59999999999999998       0.20000000000000001        1.2000000000000000     
  0.90000000000000002       0.20000000000000001        1.2000000000000000     
   1.2000000000000000       0.20000000000000001        1.2000000000000000     
   1.5000000000000000       0.20000000000000001        1.2000000000000000     
   1.8000000000000000       0.20000000000000001        1.2000000000000000     
   2.1000000000000001       0.20000000000000001        1.2000000000000000     
   2.3999999999999999       0.20000000000000001        1.2000000000000000     
   2.7000000000000002       0.20000000000000001        1.2000000000000000     
   3.0000000000000000       0.20000000000000001        1.2000000000000000     
   0.0000000000000000       0.40000000000000002        1.2000000000000000     
  0.29999999999999999       0.40000000000000002        1.2000000000000000     
  0.59999999999999998       0.40000000000000002        1.2000000000000000     
  0.90000000000000002       0.40000000000000002        1.2000000000000000     
   1.2000000000000000       0.40000000000000002        1.2000000000000000     
   1.5000000000000000       0.40000000000000002        1.2000000000000000     
   1.8000000000000000       0.40000000000000002        1.2000000000000000     
   2.1000000000000001       0.40000000000000002        1.2000000000000000     
   2.3999999999999999       0.40000000000000002        1.2000000000000000     
   2.7000000000000002       0.40000000000000002        1.2000000000000000     
   3.0000000000000000       0.40000000000000002        1.2000000000000000     
   0.0000000000000000       0.59999999999999998        1.2000000000000000     
  0.29999999999999999       0.59999999999999998        1.2000000000000000     
  0.59999999999999998       0.59999999999999998        1.2000000000000000     
  0.90000000000000002       0.59999999999999998        1.2000000000000000     
   1.2000000000000000       0.59999999999999998        1.2000000000000000     
   1.5000000000000000       0.59999999999999998        1.2000000000000000     
   1.8000000000000000       0.59999999999999998        1.2000000000000000     
   2.1000000000000001       0.59999999999999998        1.2000000000000000     
   2.3999999999999999       0.59999999999999998        1.2000000000000000     
   2.7000000000000002       0.59999999999999998        1.2000000000000000     
   3.0000000000000000       0.59999999999999998        1.2000000000000000     
   0.0000000000000000       0.80000000000000004        1.2000000000000000     
  0.29999999999999999       0.80000000000000004        1.2000000000000000     
  0.59999999999999998       0.80000000000000004        1.2000000000000000     
  0.90000000000000002       0.80000000000000004        1.2000000000000000     
   1.2000000000000000       0.80000000000000004        1.2000000000000000     
   1.5000000000000000       0.80000000000000004        1.2000000000000000     
   1.8000000000000000       0.80000000000000004        1.2000000000000000     
   2.1000000000000001       0.80000000000000004        1.2000000000000000     
   2.3999999999999999       0.80000000000000004        1.2000000000000000     
   2.7000000000000002       0.80000000000000004        1.2000000000000000     
   3.0000000000000000       0.80000000000000004        1.2000000000000000     
   0.0000000000000000        1.0000000000000000        1.2000000000000000     
  0.29999999999999999        1.0000000000000000        1.2000000000000000     
  0.59999999999999998        1.0000000000000000        1.2000000000000000     
  0.90000000000000002        1.0000000000000000        1.2000000000000000     
   1.2000000000000000        1.0000000000000000        1.2000000000000000     
   1.5000000000000000        1.0000000000000000        1.2000000000000000     
   1.8000000000000000        1.0000000000000000        1.2000000000000000     
   2.1000000000000001        1.0000000000000000        1.2000000000000000     
   2.3999999999999999        1.0000000000000000        1.2000000000000000     
   2.7000000000000002        1.0000000000000000        1.2000000000000000     
   3.0000000000000000        1.0000000000000000        1.2000000000000000     
   0.0000000000000000        0.0000000000000000        1.3999999999999999     
  0.29999999999999999        0.0000000000000000        1.3999999999999999     
  0.59999999999999998        0.0000000000000000        1.3999999999999999     
  0.90000000000000002        0.0000000000000000        1.3999999999999999     
   1.2000000000000000        0.0000000000000000        1.3999999999999999     
   1.5000000000000000        0.0000000000000000        1.3999999999999999     
   1.8000000000000000        0.0000000000000000        1.3999999999999999     
   2.1000000000000001        0.0000000000000000        1.3999999999999999     
   2.3999999999999999        0.0000000000000000        1.3999999999999999     
   2.7000000000000002        0.0000000000000000        1.3999999999999999     
   3.0000000000000000        0.0000000000000000        1.3999999999999999     
   0.0000000000000000       0.20000000000000001        1.3999999999999999     
  0.29999999999999999       0.20000000000000001        1.3999999999999999     
  0.59999999999999998       0.20000000000000001        1.3999999999999999     
  0.90000000000000002       0.20000000000000001        1.3999999999999999     
   1.2000000000000000       0.20000000000000001        1.3999999999999999     
   1.5000000000000000       0.20000000000000001        1.3999999999999999     
   1.8000000000000000       0.20000000000000001        1.3999999999999999     
   2.1000000000000001       0.20000000000000001        1.3999999999999999     
   2.3999999999999999       0.20000000000000001        1.3999999999999999     
   2.7000000000000002       0.20000000000000001        1.3999999999999999     
   3.0000000000000000       0.20000000000000001        1.3999999999999999     
   0.0000000000000000       0.40000000000000002        1.3999999999999999     
  0.29999999999999999       0.40000000000000002        1.3999999999999999     
  0.59999999999999998       0.40000000000000002        1.3999999999999999     
  0.90000000000000002       0.40000000000000002        1.3999999999999999     
   1.2000000000000000       0.40000000000000002        1.3999999999999999     
   1.5000000000000000       0.40000000000000002        1.3999999999999999     
   1.8000000000000000       0.40000000000000002        1.3999999999999999     
   2.1000000000000001       0.40000000000000002        1.3999999999999999     
   2.3999999999999999       0.40000000000000002        1.3999999999999999     
   2.7000000000000002       0.40000000000000002        1.3999999999999999     
   3.0000000000000000       0.40000000000000002        1.3999999999999999     
   0.0000000000000000       0.59999999999999998        1.3999999999999999     
  0.29999999999999999       0.59999999999999998        1.3999999999999999     
  0.59999999999999998       0.59999999999999998        1.3999999999999999     
  0.90000000000000002       0.59999999999999998        1.3999999999999999     
   1.2000000000000000       0.59999999999999998        1.3999999999999999     
   1.5000000000000000       0.59999999999999998        1.3999999999999999     
   1.8000000000000000       0.59999999999999998        1.3999999999999999     
   2.1000000000000001       0.59999999999999998        1.3999999999999999     
   2.3999999999999999       0.59999999999999998        1.3999999999999999     
   2.7000000000000002       0.59999999999999998        1.3999999999999999     
   3.0000000000000000       0.59999999999999998        1.3999999999999999     
   0.0000000000000000       0.80000000000000004        1.3999999999999999     
  0.29999999999999999       0.80000000000000004        1.3999999999999999     
  0.59999999999999998       0.80000000000000004        1.3999999999999999     
  0.90000000000000002       0.80000000000000004        1.3999999999999999     
   1.2000000000000000       0.80000000000000004        1.3999999999999999     
   1.5000000000000000       0.80000000000000004        1.3999999999999999     
   1.8000000000000000       0.80000000000000004        1.3999999999999999     
   2.1000000000000001       0.80000000000000004        1.3999999999999999     
   2.3999999999999999       0.80000000000000004        1.3999999999999999     
   2.7000000000000002       0.80000000000000004        1.3999999999999999     
   3.0000000000000000       0.80000000000000004        1.3999999999999999     
   0.0000000000000000        1.0000000000000000        1.3999999999999999     
  0.29999999999999999        1.0000000000000000        1.3999999999999999     
  0.59999999999999998        1.0000000000000000        1.3999999999999999     
  0.90000000000000002        1.0000000000000000        1.3999999999999999     
   1.2000000000000000        1.0000000000000000        1.3999999999999999     
   1.5000000000000000        1.0000000000000000        1.3999999999999999     
   1.8000000000000000        1.0000000000000000        1.3999999999999999     
   2.1000000000000001        1.0000000000000000        1.3999999999999999     
   2.3999999999999999        1.0000000000000000        1.3999999999999999     
   2.7000000000000002        1.0000000000000000        1.3999999999999999     
   3.0000000000000000        1.0000000000000000        1.3999999999999999     
   0.0000000000000000        0.0000000000000000        1.6000000000000001     
  0.29999999999999999        0.0000000000000000        1.6000000000000001     
  0.59999999999999998        0.0000000000000000        1.6000000000000001     
  0.90000000000000002        0.0000000000000000        1.6000000000000001     
   1.2000000000000000        0.0000000000000000        1.6000000000000001     
   1.5000000000000000        0.0000000000000000        1.6000000000000001     
   1.8000000000000000        0.0000000000000000        1.6000000000000001     
   2.1000000000000001        0.0000000000000000        1.6000000000000001     
   2.3999999999999999        0.0000000000000000        1.6000000000000001     
   2.7000000000000002        0.0000000000000000        1.6000000000000001     
   3.0000000000000000        0.0000000000000000        1.6000000000000001     
   0.0000000000000000       0.20000000000000001        1.6000000000000001     
  0.29999999999999999       0.20000000000000001        1.6000000000000001     
  0.59999999999999998       0.20000000000000001        1.6000000000000001     
  0.90000000000000002       0.20000000000000001        1.6000000000000001     
   1.2000000000000000       0.20000000000000001        1.6000000000000001     
   1.5000000000000000       0.20000000000000001        1.6000000000000001     
   1.8000000000000000       0.20000000000000001        1.6000000000000001     
   2.1000000000000001       0.20000000000000001        1.6000000000000001     
   2.3999999999999999       0.20000000000000001        1.6000000000000001     
   2.7000000000000002       0.20000000000000001        1.6000000000000001     
   3.0000000000000000       0.20000000000000001        1.6000000000000001     
   0.0000000000000000       0.40000000000000002        1.6000000000000001     
  0.29999999999999999       0.40000000000000002        1.6000000000000001     
  0.59999999999999998       0.40000000000000002        1.6000000000000001     
  0.90000000000000002       0.40000000000000002        1.6000000000000001     
   1.2000000000000000       0.40000000000000002        1.6000000000000001     
   1.5000000000000000       0.40000000000000002        1.6000000000000001     
   1.8000000000000000       0.40000000000000002        1.6000000000000001     
   2.1000000000000001       0.40000000000000002        1.6000000000000001     
   2.3999999999999999       0.40000000000000002        1.6000000000000001     
   2.7000000000000002       0.40000000000000002        1.6000000000000001     
   3.0000000000000000       0.40000000000000002        1.6000000000000001     
   0.0000000000000000       0.59999999999999998        1.6000000000000001     
  0.29999999999999999       0.59999999999999998        1.6000000000000001     
  0.59999999999999998       0.59999999999999998        1.6000000000000001     
  0.90000000000000002       0.59999999999999998        1.6000000000000001     
   1.2000000000000000       0.59999999999999998        1.6000000000000001     
   1.5000000000000000       0.59999999999999998        1.6000000000000001     
   1.8000000000000000       0.59999999999999998        1.6000000000000001     
   2.1000000000000001       0.59999999999999998        1.6000000000000001     
   2.3999999999999999       0.59999999999999998        1.6000000000000001     
   2.7000000000000002       0.59999999999999998        1.6000000000000001     
   3.0000000000000000       0.59999999999999998        1.6000000000000001     
   0.0000000000000000       0.80000000000000004        1.6000000000000001     
  0.29999999999999999       0.80000000000000004        1.6000000000000001     
  0.59999999999999998       0.80000000000000004        1.6000000000000001     
  0.90000000000000002       0.80000000000000004        1.6000000000000001     
   1.2000000000000000       0.80000000000000004        1.6000000000000001     
   1.5000000000000000       0.80000000000000004        1.6000000000000001     
   1.8000000000000000       0.80000000000000004        1.6000000000000001     
   2.1000000000000001       0.80000000000000004        1.6000000000000001     
   2.3999999999999999       0.80000000000000004        1.6000000000000001     
   2.7000000000000002       0.80000000000000004        1.6000000000000001     
   3.0000000000000000       0.80000000000000004        1.6000000000000001     
   0.0000000000000000        1.0000000000000000        1.6000000000000001     
  0.29999999999999999        1.0000000000000000        1.6000000000000001     
  0.59999999999999998        1.0000000000000000        1.6000000000000001     
  0.90000000000000002        1.0000000000000000        1.6000000000000001     
   1.2000000000000000        1.0000000000000000        1.6000000000000001     
   1.5000000000000000        1.0000000000000000        1.6000000000000001     
   1.8000000000000000        1.0000000000000000        1.6000000000000001     
   2.1000000000000001        1.0000000000000000        1.6000000000000001     
   2.3999999999999999        1.0000000000000000        1.6000000000000001     
   2.7000000000000002        1.0000000000000000        1.6000000000000001     
   3.0000000000000000        1.0000000000000000        1.6000000000000001     
   0.0000000000000000        0.0000000000000000        1.8000000000000000     
  0.29999999999999999        0.0000000000000000        1.8000000000000000     
  0.59999999999999998        0.0000000000000000        1.8000000000000000     
  0.90000000000000002        0.0000000000000000        1.8000000000000000     
   1.2000000000000000        0.0000000000000000        1.8000000000000000     
   1.5000000000000000        0.0000000000000000        1.8000000000000000     
   1.8000000000000000        0.0000000000000000        1.8000000000000000     
   2.1000000000000001        0.0000000000000000        1.8000000000000000     
   2.3999999999999999        0.0000000000000000        1.8000000000000000     
   2.7000000000000002        0.0000000000000000        1.8000000000000000     
   3.0000000000000000        0.0000000000000000        1.8000000000000000     
   0.0000000000000000       0.20000000000000001        1.8000000000000000     
  0.29999999999999999       0.20000000000000001        1.8000000000000000     
  0.59999999999999998       0.20000000000000001        1.8000000000000000     
  0.90000000000000002       0.20000000000000001        1.8000000000000000     
   1.2000000000000000       0.20000000000000001        1.8000000000000000     
   1.5000000000000000       0.20000000000000001        1.8000000000000000     
   1.8000000000000000       0.20000000000000001        1.8000000000000000     
   2.1000000000000001       0.20000000000000001        1.8000000000000000     
   2.3999999999999999       0.20000000000000001        1.8000000000000000     
   2.7000000000000002       0.20000000000000001        1.8000000000000000     
   3.0000000000000000       0.20000000000000001        1.8000000000000000     
   0.0000000000000000       0.40000000000000002        1.8000000000000000     
  0.29999999999999999       0.40000000000000002        1.8000000000000000     
  0.59999999999999998       0.40000000000000002        1.8000000000000000     
  0.90000000000000002       0.40000000000000002        1.8000000000000000     
   1.2000000000000000       0.40000000000000002        1.8000000000000000     
   1.5000000000000000       0.40000000000000002        1.8000000000000000     
   1.8000000000000000       0.40000000000000002        1.8000000000000000     
   2.1000000000000001       0.40000000000000002        1.8000000000000000     
   2.3999999999999999       0.40000000000000002        1.8000000000000000     
   2.7000000000000002       0.40000000000000002        1.8000000000000000     
   3.0000000000000000       0.40000000000000002        1.8000000000000000     
   0.0000000000000000       0.59999999999999998        1.8000000000000000     
  0.29999999999999999       0.59999999999999998        1.8000000000000000     
  0.59999999999999998       0.59999999999999998        1.8000000000000000     
  0.90000000000000002       0.59999999999999998        1.8000000000000000     
   1.2000000000000000       0.59999999999999998        1.8000000000000000     
   1.5000000000000000       0.59999999999999998        1.8000000000000000     
   1.8000000000000000       0.59999999999999998        1.8000000000000000     
   2.1000000000000001       0.59999999999999998        1.8000000000000000     
   2.3999999999999999       0.59999999999999998        1.8000000000000000     
   2.7000000000000002       0.59999999999999998        1.8000000000000000     
   3.0000000000000000       0.59999999999999998        1.8000000000000000     
   0.0000000000000000       0.80000000000000004        1.8000000000000000     
  0.29999999999999999       0.80000000000000004        1.8000000000000000     
  0.59999999999999998       0.80000000000000004        1.8000000000000000     
  0.90000000000000002       0.80000000000000004        1.8000000000000000     
   1.2000000000000000       0.80000000000000004        1.8000000000000000     
   1.5000000000000000       0.80000000000000004        1.8000000000000000     
   1.8000000000000000       0.80000000000000004        1.8000000000000000     
   2.1000000000000001       0.80000000000000004        1.8000000000000000     
   2.3999999999999999       0.80000000000000004        1.8000000000000000     
   2.7000000000000002       0.80000000000000004        1.8000000000000000     
   3.0000000000000000       0.80000000000000004        1.8000000000000000     
   0.0000000000000000        1.0000000000000000        1.8000000000000000     
  0.29999999999999999        1.0000000000000000        1.8000000000000000     
  0.59999999999999998        1.0000000000000000        1.8000000000000000     
  0.90000000000000002        1.0000000000000000        1.8000000000000000     
   1.2000000000000000        1.0000000000000000        1.8000000000000000     
   1.5000000000000000        1.0000000000000000        1.8000000000000000     
   1.8000000000000000        1.0000000000000000        1.8000000000000000     
   2.1000000000000001        1.0000000000000000        1.8000000000000000     
   2.3999999999999999        1.0000000000000000        1.8000000000000000     
   2.7000000000000002        1.0000000000000000        1.8000000000000000     
   3.0000000000000000        1.0000000000000000        1.8000000000000000     
   0.0000000000000000        0.0000000000000000        2.0000000000000000     
  0.29999999999999999        0.0000000000000000        2.0000000000000000     
  0.59999999999999998        0.0000000000000000        2.0000000000000000     
  0.90000000000000002        0.0000000000000000        2.0000000000000000     
   1.2000000000000000        0.0000000000000000        2.0000000000000000     
   1.5000000000000000        0.0000000000000000        2.0000000000000000     
   1.8000000000000000        0.0000000000000000        2.0000000000000000     
   2.1000000000000001        0.0000000000000000        2.0000000000000000     
   2.3999999999999999        0.0000000000000000        2.0000000000000000     
   2.7000000000000002        0.0000000000000000        2.0000000000000000     
   3.0000000000000000        0.0000000000000000        2.0000000000000000     
   0.0000000000000000       0.20000000000000001        2.0000000000000000     
  0.29999999999999999       0.20000000000000001        2.0000000000000000     
  0.59999999999999998       0.20000000000000001        2.0000000000000000     
  0.90000000000000002       0.20000000000000001        2.0000000000000000     
   1.2000000000000000       0.20000000000000001        2.0000000000000000     
   1.5000000000000000       0.20000000000000001        2.0000000000000000     
   1.8000000000000000       0.20000000000000001        2.0000000000000000     
   2.1000000000000001       0.20000000000000001        2.0000000000000000     
   2.3999999999999999       0.20000000000000001        2.0000000000000000     
   2.7000000000000002       0.20000000000000001        2.0000000000000000     
   3.0000000000000000       0.20000000000000001        2.0000000000000000     
   0.0000000000000000       0.40000000000000002        2.0000000000000000     
  0.29999999999999999       0.40000000000000002        2.0000000000000000     
  0.59999999999999998       0.40000000000000002        2.0000000000000000     
  0.90000000000000002       0.40000000000000002        2.0000000000000000     
   1.2000000000000000       0.40000000000000002        2.0000000000000000     
   1.5000000000000000       0.40000000000000002        2.0000000000000000     
   1.8000000000000000       0.40000000000000002        2.0000000000000000     
   2.1000000000000001       0.40000000000000002        2.0000000000000000     
   2.3999999999999999       0.40000000000000002        2.0000000000000000     
   2.7000000000000002       0.40000000000000002        2.0000000000000000     
   3.0000000000000000       0.40000000000000002        2.0000000000000000     
   0.0000000000000000       0.59999999999999998        2.0000000000000000     
  0.29999999999999999       0.59999999999999998        2.0000000000000000     
  0.59999999999999998       0.59999999999999998        2.0000000000000000     
  0.90000000000000002       0.59999999999999998        2.0000000000000000     
   1.2000000000000000       0.59999999999999998        2.0000000000000000     
   1.5000000000000000       0.59999999999999998        2.0000000000000000     
   1.8000000000000000       0.59999999999999998        2.0000000000000000     
   2.1000000000000001       0.59999999999999998        2.0000000000000000     
   2.3999999999999999       0.59999999999999998        2.0000000000000000     
   2.7000000000000002       0.59999999999999998        2.0000000000000000     
   3.0000000000000000       0.59999999999999998        2.0000000000000000     
   0.0000000000000000       0.80000000000000004        2.0000000000000000     
  0.29999999999999999       0.80000000000000004        2.0000000000000000     
  0.59999999999999998       0.80000000000000004        2.0000000000000000     
  0.90000000000000002       0.80000000000000004        2.0000000000000000     
   1.2000000000000000       0.80000000000000004        2.0000000000000000     
   1.5000000000000000       0.80000000000000004        2.0000000000000000     
   1.8000000000000000       0.80000000000000004        2.0000000000000000     
   2.1000000000000001       0.80000000000000004        2.0000000000000000     
   2.3999999999999999       0.80000000000000004        2.0000000000000000     
   2.7000000000000002       0.80000000000000004        2.0000000000000000     
   3.0000000000000000       0.80000000000000004        2.0000000000000000     
   0.0000000000000000        1.0000000000000000        2.0000000000000000     
  0.29999999999999999        1.0000000000000000        2.0000000000000000     
  0.59999999999999998        1.0000000000000000        2.0000000000000000     
  0.90000000000000002        1.0000000000000000        2.0000000000000000     
   1.2000000000000000        1.0000000000000000        2.0000000000000000     
   1.5000000000000000        1.0000000000000000        2.0000000000000000     
   1.8000000000000000        1.0000000000000000        2.0000000000000000     
   2.1000000000000001        1.0000000000000000        2.0000000000000000     
   2.3999999999999999        1.0000000000000000        2.0000000000000000     
   2.7000000000000002        1.0000000000000000        2.0000000000000000     
   3.0000000000000000        1.0000000000000000        2.0000000000000000     

CELLS     1000     7000
6        0        1       11       66       67       77
6        1        2       12       67       68       78
6        1       12       11       67       78       77
6        2        3       13       68       69       79
6        2       13       12       68       79       78
6        3        4       14       69       70       80
6        3       14       13       69       80       79
6        4        5       15       70       71       81
6        4       15       14       70       81       80
6        5        6       16       71       72       82
6        5       16       15       71       82       81
6        6        7       17       72       73       83
6        6       17       16       72       83       82
6        7        8       18       73       74       84
6        7       18       17       73       84       83
6        8        9       19       74       75       85
6        8       19       18       74       85       84
6        9       10       20       75       76       86
6        9       20       19       75       86       85
6       10       21       20       76       87       86
6       11       12       22       77       78       88
6       12       13       23       78       79       89
6       12       23       22       78       89       88
6       13       14       24       79       80       90
6       13       24       23       79       90       89
6       14       15       25       80       81       91
6       14       25       24       80       91       90
6       15       16       26       81       82       92
6       15       26       25       81       92       91
6       16       17       27       82       83       93
6       16       27       26       82       93       92
6       17       18       28       83       84       94
6       17       28       27       83       94       93
6       18       19       29       84       85       95
6       18       29       28       84       95       94
6       19       20       30       85       86       96
6       19       30       29       85       96       95
6       20       21       31       86       87       97
6       20       31       30       86       97       96
6       21       32       31       87       98       97
6       22       23       33       88       89       99
6       23       24       34       89       90      100
6       23       34       33       89      100       99
6       24       25       35       90       91      101
6       24       35       34       90      101      100
6       25       26       36       91       92      102
6       25       36       35       91      102      101
6       26       27       37       92       93      103
6       26       37       36       92      103      102
6       27       28       38       93       94      104
6       27       38       37       93      104      103
6       28       29       39       94       95      105
6       28       39       38       94      105      104
6       29       30       40       95       96      106
6       29       40       39       95      106      105
6       30       31       41       96       97      107
6       30       41       40       96      107      106
6       31       32       42       97       98      108
6       31       42       41       97      108      107
6       32       43       42       98      109      108
6       33       34       44       99      100      110
6       34       35       45      100      101      111
6       34       45       44      100      111      110
6       35       36       46      101      102      112
6       35       46       45      101      112      111
6       36       37       47      102      103      113
6       36       47       46      102      113      112
6       37       38       48      103      104      114
6       37       48       47      103      114      113
6       38       39       49      104      105      115
6       38       49       48      104      115      114
6       39       40       50      105      106      116
6       39       50       49      105      116      115
6       40       41       51      106      107      117
6       40       51       50      106      117      116
6       41       42       52      107      108      118
6       41       52       51      107      118      117
6       42       43       53      108      109      119
6       42       53       52      108      119      118
6       43       54       53      109      120      119
6       44       45       55      110      111      121
6       45       46       56      111      112      122
6       45       56       55      111      122      121
6       46       47       57      112      113      123
6       46       57       56      112      123      122
6       47       48       58      113      114      124
6       47       58       57      113      124      123
6       48       49       59      114      115      125
6       48       59       58      114      125      124
6       49       50       60      115      116      126
6       49       60       59      115      126      125
6       50       51       61      116      117      127
6       50       61       60      116      127      126
6       51       52       62      117      118      128
6       51       62       61      117      128      127
6       52       53       63      118      119      129
6       52       63       62      118      129      128
6       53       54       64      119      120      130
6       53       64       63      119      130      129
6       54       65       64      120      131      130
6       66       67       77      132      133      143
6       67       68       78      133      134      144
6       67       78       77      133      144      143
6       68       69       79      134      135      145
6       68       79       78      134      145      144
6       69       70       80      135      136      146
6       69       80       79      135      146      145
6       70       71       81      136      137      147
6       70       81       80      136      147      146
6       71       72       82      137      138      148
6       71       82       81      137      148      147
6       72       73       83      138      139      149
6       72       83       82      138      149      148
6       73       74       84      139      140      150
6       73       84       83      139      150      149
6       74       75       85      140      141      151
6       74       85       84      140      151      150
6       75       76       86      141      142      152
6       75       86       85      141      152      151
6       76       87       86      142      153      152
6       77       78       88      143      144      154
6       78       79       89      144      145      155
6       78       89       88      144      155      154
6       79       80       90      145      146      156
6       79       90       89      145      156      155
6       80       81       91      146      147      157
6       80       91       90      146      157      156
6       81       82       92      147      148      158
6       81       92       91      147      158      157
6       82       83       93      148      149      159
6       82       93       92      148      159      158
6       83       84       94      149      150      160
6       83       94       93      149      160      159
6       84       85       95      150      151      161
6       84       95       94      150      161      160
6       85       86       96      151      152      162
6       85       96       95      151      162      161
6       86       87       97      152      153      163
6       86       97       96      152      163      162
6       87       98       97      153      164      163
6       88       89       99      154      155      165
6       89       90      100      155      156      166
6       89      100       99      155      166      165
6       90       91      101      156      157      167
6       90      101      100      156      167      166
6       91       92      102      157      158      168
6       91      102      101      157      168      167
6       92       93      103      158      159      169
6       92      103      102      158      169      168
6       93       94      104      159      160      170
6       93      104      103      159      170      169
6       94       95      105      160      161      171
6       94      105      104      160      171      170
6       95       96      106      161      162      172
6       95      106      105      161      172      171
6       96       97      107      162      163      173
6       96      107      106      162      173      172
6       97       98      108      163      164      174
6       97      108      107      163      174      173
6       98      109      108      164      175      174
6       99      100      110      165      166      176
6      100      101      111      166      167      177
6      100      111      110      166      177      176
6      101      102      112      167      168      178
6      101      112      111      167      178      177
6      102      103      113      168      169      179
6      102      113      112      168      179      178
6      103      104      114      169      170      180
6      103      114      113      169      180      179
6      104      105      115      170      171      181
6      104      115      114      170      181      180
6      105      106      116      171      172      182
6      105      116      115      171      182      181
6      106      107      117      172      173      183
6      106      117      116      172      183      182
6      107      108      118      173      174      184
6      107      118      117      173      184      183
6      108      109      119      174      175      185
6      108      119      118      174      185      184
6      109      120      119      175      186      185
6      110      111      121      176      177      187
6      111      112      122      177      178      188
6      111      122      121      177      188      187
6      112      113      123      178      179      189
6      112      123      122      178      189      188
6      113      114      124      179      180      190
6      113      124      123      179      190      189
6      114      115      125      180      181      191
6      114      125      124      180      191      190
6      115      116      126      181      182      192
6      115      126      125      181      192      191
6      116      117      127      182      183      193
6      116      127      126      182      193      192
6      117      118      128      183      184      194
6      117      128      127      183      194      193
6      118      119      129      184      185      195
6      118      129      128      184      195      194
6      119      120      130      185      186      196
6      119      130      129      185      196      195
6      120      131      130      186      197      196
6      132      133      143      198      199      209
6      133      134      144      199      200      210
6      133      144      143      199      210      209
6      134      135      145      200      201      211
6      134      145      144      200      211      210
6      135      136      146      201      202      212
6      135      146      145      201      212      211
6      136      137      147      202      203      213
6      136      147      146      202      213      212
6      137      138      148      203      204      214
6      137      148      147      203      214      213
6      138      139      149      204      205      215
6      138      149      148      204      215      214
6      139      140      150      205      206      216
6      139      150      149      205      216      215
6      140      141      151      206      207      217
6      140      151      150      206      217      216
6      141      142      152      207      208      218
6      141      152      151      207      218      217
6      142      153      152      208      219      218
6      143      144      154      209      210      220
6      144      145      155      210      211      221
6      144      155      154      210      221      220
6      145      146      156      211      212      222
6      145      156      155      211      222      221
6      146      147      157      212      213      223
6      146      157      156      212      223      222
6      147      148      158      213      214      224
6      147      158      157      213      224      223
6      148      149      159      214      215      225
6      148      159      158      214      225      224
6      149      150      160      215      216      226
6      149      160      159      215      226      225
6      150      151      161      216      217      227
6      150      161      160      216      227      226
6      151      152      162      217      218      228
6      151      162      161      217      228      227
6      152      153      163      218      219      229
6      152      163      162      218      229      228
6      153      164      163      219      230      229
6      154      155      165      220      221      231
6      155      156      166      221      222      232
6      155      166      165      221      232      231
6      156      157      167      222      223      233
6      156      167      166      222      233      232
6      157      158      168      223      224      234
6      157      168      167      223      234      233
6      158      159      169      224      225      235
6      158      169      168      224      235      234
6      159      160      170      225      226      236
6      159      170      169      225      236      235
6      160      161      171      226      227      237
6      160      171      170      226      237      236
6      161      162      172      227      228      238
6      161      172      171      227      238      237
6      162      163      173      228      229      239
6      162      173      172      228      239      238
6      163      164      174      229      230      240
6      163      174      173      229      240      239
6      164      175      174      230      241      240
6      165      166      176      231      232      242
6      166      167      177      232      233      243
6      166      177      176      232      243      242
6      167      168      178      233      234      244
6      167      178      177      233      244      243
6      168      169      179      234      235      245
6      168      179      178      234      245      244
6      169      170      180      235      236      246
6      169      180      179      235      246      245
6      170      171      181      236      237      247
6      170      181      180      236      247      246
6      171      172      182      237      238      248
6      171      182      181      237      248      247
6      172      173      183      238      239      249
6      172      183      182      238      249      248
6      173      174      184      239      240      250
6      173      184      183      239      250      249
6      174      175      185      240      241      251
6      174      185      184      240      251      250
6      175      186      185      241      252      251
6      176      177      187      242      243      253
6      177      178      188      243      244      254
6      177      188      187      243      254      253
6      178      179      189      244      245      255
6      178      189      188      244      255      254
6      179      180      190      245      246      256
6      179      190      189      245      256      255
6      180      181      191      246      247      257
6      180      191      190      246      257      256
6      181      182      192      247      248      258
6      181      192      191      247      258      257
6      182      183      193      248      249      259
6      182      193      192      248      259      258
6      183      184      194      249      250      260
6      183      194      193      249      260      259
6      184      185      195      250      251      261
6      184      195      194      250      261      260
6      185      186      196      251      252      262
6      185      196      195      251      262      261
6      186      197      196      252      263      262
6      198      199      209      264      265      275
6      199      200      210      265      266      276
6      199      210      209      265      276      275
6      200      201      211      266      267      277
6      200      211      210      266      277      276
6      201      202      212      267      268      278
6      201      212      211      267      278      277
6      202      203      213      268      269      279
6      202      213      212      268      279      278
6      203      204      214      269      270      280
6      203      214      213      269      280      279
6      204      205      215      270      271      281
6      204      215      214      270      281      280
6      205      206      216      271      272      282
6      205      216      215      271      282      281
6      206      207      217      272      273      283
6      206      217      216      272      283      282
6      207      208      218      273      274      284
6      207      218      217      273      284      283
6      208      219      218      274      285      284
6      209      210      220      275      276      286
6      210      211      221      276      277      287
6      210      221      220      276      287      286
6      211      212      222      277      278      288
6      211      222      221      277      288      287
6      212      213      223      278      279      289
6      212      223      222      278      289      288
6      213      214      224      279      280      290
6      213      224      223      279      290      289
6      214      215      225      280      281      291
6      214      225      224      280      291      290
6      215      216      226      281      282      292
6      215      226      225      281      292      291
6      216      217      227      282      283      293
6      216      227      226      282      293      292
6      217      218      228      283      284      294
6      217      228      227      283      294      293
6      218      219      229      284      285      295
6      218      229      228      284      295      294
6      219      230      229      285      296      295
6      220      221      231      286      287      297
6      221      222      232      287      288      298
6      221      232      231      287      298      297
6      222      223      233      288      289      299
6      222      233      232      288      299      298
6      223      224      234      289      290      300
6      223      234      233      289      300      299
6      224      225      235      290      291      301
6      224      235      234      290      301      300
6      225      226      236      291      292      302
6      225      236      235      291      302      301
6      226      227      237      292      293      303
6      226      237      236      292      303      302
6      227      228      238      293      294      304
6      227      238      237      293      304      303
6      228      229      239      294      295      305
6      228      239      238      294      305      304
6      229      230      240      295      296      306
6      229      240      239      295      306      305
6      230      241      240      296      307      306
6      231      232      242      297      298      308
6      232      233      243      298      299      309
6      232      243      242      298      309      308
6      233      234      244      299      300      310
6      233      244      243      299      310      309
6      234      235      245      300      301      311
6      234      245      244      300      311      310
6      235      236      246      301      302      312
6      235      246      245      301      312      311
6      236      237      247      302      303      313
6      236      247      246      302      313      312
6      237      238      248      303      304      314
6      237      248      247      303      314      313
6      238      239      249      304      305      315
6      238      249      248      304      315      314
6      239      240      250      305      306      316
6      239      250      249      305      316      315
6      240      241      251      306      307      317
6      240      251      250      306      317      316
6      241      252      251      307      318      317
6      242      243      253      308      309      319
6      243      244      254      309      310      320
6      243      254      253      309      320      319
6      244      245      255      310      311      321
6      244      255      254      310      321      320
6      245      246      256      311      312      322
6      245      256      255      311      322      321
6      246      247      257      312      313      323
6      246      257      256      312      323      322
6      247      248      258      313      314      324
6      247      258      257      313      324      323
6      248      249      259      314      315      325
6      248      259      258      314      325      324
6      249      250      260      315      316      326
6      249      260      259      315      326      325
6      250      251      261      316      317      327
6      250      261      260      316      327      326
6      251      252      262      317      318      328
6      251      262      261      317      328      327
6      252      263      262      318      329      328
6      264      265      275      330      331      341
6      265      266      276      331      332      342
6      265      276      275      331      342      341
6      266      267      277      332      333      343
6      266      277      276      332      343      342
6      267      268      278      333      334      344
6      267      278      277      333      344      343
6      268      269      279      334      335      345
6      268      279      278      334      345      344
6      269      270      280      335      336      346
6      269      280      279      335      346      345
6      270      271      281      336      337      347
6      270      281      280      336      347      346
6      271      272      282      337      338      348
6      271      282      281      337      348      347
6      272      273      283      338      339      349
6      272      283      282      338      349      348
6      273      274      284      339      340      350
6      273      284      283      339      350      349
6      274      285      284      340      351      350
6      275      276      286      341      342      352
6      276      277      287      342      343      353
6      276      287      286      342      353      352
6      277      278      288      343      344      354
6      277      288      287      343      354      353
6      278      279      289      344      345      355
6      278      289      288      344      355      354
6      279      280      290      345      346      356
6      279      290      289      345      356      355
6      280      281      291      346      347      357
6      280      291      290      346      357      356
6      281      282      292      347      348      358
6      281      292      291      347      358      357
6      282      283      293      348      349      359
6      282      293      292      348      359      358
6      283      284      294      349      350      360
6      283      294      293      349      360      359
6      284      285      295      350      351      361
6      284      295      294      350      361      360
6      285      296      295      351      362      361
6      286      287      297      352      353      363
6      287      288      298      353      354      364
6      287      298      297      353      364      363
6      288      289      299      354      355      365
6      288      299      298      354      365      364
6      289      290      300      355      356      366
6      289      300      299      355      366      365
6      290      291      301      356      357      367
6      290      301      300      356      367      366
6      291      292      302      357      358      368
6      291      302      301      357      368      367
6      292      293      303      358      359      369
6      292      303      302      358      369      368
6      293      294      304      359      360      370
6      293      304      303      359      370      369
6      294      295      305      360      361      371
6      294      305      304      360      371      370
6      295      296      306      361      362      372
6      295      306      305      361      372      371
6      296      307      306      362      373      372
6      297      298      308      363      364      374
6      298      299      309      364      365      375
6      298      309      308      364      375      374
6      299      300      310      365      366      376
6      299      310      309      365      376      375
6      300      301      311      366      367      377
6      300      311      310      366      377      376
6      301      302      312      367      368      378
6      301      312      311      367      378      377
6      302      303      313      368      369      379
6      302      313      312      368      379      378
6      303      304      314      369      370      380
6      303      314      313      369      380      379
6      304      305      315      370      371      381
6      304      315      314      370      381      380
6      305      306      316      371      372      382
6      305      316      315      371      382      381
6      306      307      317      372      373      383
6      306      317      316      372      383      382
6      307      318      317      373      384      383
6      308      309      319      374      375      385
6      309      310      320      375      376      386
6      309      320      319      375      386      385
6      310      311      321      376      377      387
6      310      321      320      376      387      386
6      311      312      322      377      378      388
6      311      322      321      377      388      387
6      312      313      323      378      379      389
6      312      323      322      378      389      388
6      313      314      324      379      380      390
6      313      324      323      379      390      389
6      314      315      325      380      381      391
6      314      325      324      380      391      390
6      315      316      326      381      382      392
6      315      326      325      381      392      391
6      316      317      327      382      383      393
6      316      327      326      382      393      392
6      317      318      328      383      384      394
6      317      328      327      383      394      393
6      318      329      328      384      395      394
6      330      331      341      396      397      407
6      331      332      342      397      398      408
6      331      342      341      397      408      407
6      332      333      343      398      399      409
6      332      343      342      398      409      408
6      333      334      344      399      400      410
6      333      344      343      399      410      409
6      334      335      345      400      401      411
6      334      345      344      400      411      410
6      335      336      346      401      402      412
6      335      346      345      401      412      411
6      336      337      347      402      403      413
6      336      347      346      402      413      412
6      337      338      348      403      404      414
6      337      348      347      403      414      413
6      338      339      349      404      405      415
6      338      349      348      404      415      414
6      339      340      350      405      406      416
6      339      350      349      405      416      415
6      340      351      350      406      417      416
6      341      342      352      407      408      418
6      342      343      353      408      409      419
6      342      353      352      408      419      418
6      343      344      354      409      410      420
6      343      354      353      409      420      419
6      344      345      355      410      411      421
6      344      355      354      410      421      420
6      345      346      356      411      412      422
6      345      356      355      411      422      421
6      346      347      357      412      413      423
6      346      357      356      412      423      422
6      347      348      358      413      414      424
6      347      358      357      413      424      423
6      348      349      359      414      415      425
6      348      359      358      414      425      424
6      349      350      360      415      416      426
6      349      360      359      415      426      425
6      350      351      361      416      417      427
6      350      361      360      416      427      426
6      351      362      361      417      428      427
6      352      353      363      418      419      429
6      353      354      364      419      420      430
6      353      364      363      419      430      429
6      354      355      365      420      421      431
6      354      365      364      420      431      430
6      355      356      366      421      422      432
6      355      366      365      421      432      431
6      356      357      367      422      423      433
6      356      367      366      422      433      432
6      357      358      368      423      424      434
6      357      368      367      423      434      433
6      358      359      369      424      425      435
6      358      369      368      424      435      434
6      359      360      370      425      426      436
6      359      370      369      425      436      435
6      360      361      371      426      427      437
6      360      371      370      426      437      436
6      361      362      372      427      428      438
6      361      372      371      427      438      437
6      362      373      372      428      439      438
6      363      364      374      429      430      440
6      364      365      375      430      431      441
6      364      375      374      430      441      440
6      365      366      376      431      432      442
6      365      376      375      431      442      441
6      366      367      377      432      433      443
6      366      377      376      432      443      442
6      367      368      378      433      434      444
6      367      378      377      433      444      443
6      368      369      379      434      435      445
6      368      379      378      434      445      444
6      369      370      380      435      436      446
6      369      380      379      435      446      445
6      370      371      381      436      437      447
6      370      381      380      436      447      446
6      371      372      382      437      438      448
6      371      382      381      437      448      447
6      372      373      383      438      439      449
6      372      383      382      438      449      448
6      373      384      383      439      450      449
6      374      375      385      440      441      451
6      375      376      386      441      442      452
6      375      386      385      441      452      451
6      376      377      387      442      443      453
6      376      387      386      442      453      452
6      377      378      388      443      444      454
6      377      388      387      443      454      453
6      378      379      389      444      445      455
6      378      389      388      444      455      454
6      379      380      390      445      446      456
6      379      390      389      445      456      455
6      380      381      391      446      447      457
6      380      391      390      446      457      456
6      381      382      392      447      448      458
6      381      392      391      447      458      457
6      382      383      393      448      449      459
6      382      393      392      448      459      458
6      383      384      394      449      450      460
6      383      394      393      449      460      459
6      384      395      394      450      461      460
6      396      397      407      462      463      473
6      397      398      408      463      464      474
6      397      408      407      463      474      473
6      398      399      409      464      465      475
6      398      409      408      464      475      474
6      399      400      410      465      466      476
6      399      410      409      465      476      475
6      400      401      411      466      467      477
6      400      411      410      466      477      476
6      401      402      412      467      468      478
6      401      412      411      467      478      477
6      402      403      413      468      469      479
6      402      413      412      468      479      478
6      403      404      414      469      470      480
6      403      414      413      469      480      479
6      404      405      415      470      471      481
6      404      415      414      470      481      480
6      405      406      416      471      472      482
6      405      416      415      471      482      481
6      406      417      416      472      483      482
6      407      408      418      473      474      484
6      408      409      419      474      475      485
6      408      419      418      474      485      484
6      409      410      420      475      476      486
6      409      420      419      475      486      485
6      410      411      421      476      477      487
6      410      421      420      476      487      486
6      411      412      422      477      478      488
6      411      422      421      477      488      487
6      412      413      423      478      479      489
6      412      423      422      478      489      488
6      413      414      424      479      480      490
6      413      424      423      479      490      489
6      414      415      425      480      481      491
6      414      425      424      480      491      490
6      415      416      426      481      482      492
6      415      426      425      481      492      491
6      416      417      427      482      483      493
6      416      427      426      482      493      492
6      417      428      427      483      494      493
6      418      419      429      484      485      495
6      419      420      430      485      486      496
6      419      430      429      485      496      495
6      420      421      431      486      487      497
6      420      431      430      486      497      496
6      421      422      432      487      488      498
6      421      432      431      487      498      497
6      422      423      433      488      489      499
6      422      433      432      488      499      498
6      423      424      434      489      490      500
6      423      434      433      489      500      499
6      424      425      435      490      491      501
6      424      435      434      490      501      500
6      425      426      436      491      492      502
6      425      436      435      491      502      501
6      426      427      437      492      493      503
6      426      437      436      492      503      502
6      427      428      438      493      494      504
6      427      438      437      493      504      503
6      428      439      438      494      505      504
6      429      430      440      495      496      506
6      430      431      441      496      497      507
6      430      441      440      496      507      506
6      431      432      442      497      498      508
6      431      442      441      497      508      507
6      432      433      443      498      499      509
6      432      443      442      498      509      508
6      433      434      444      499      500      510
6      433      444      443      499      510      509
6      434      435      445      500      501      511
6      434      445      444      500      511      510
6      435      436      446      501      502      512
6      435      446      445      501      512      511
6      436      437      447      502      503      513
6      436      447      446      502      513      512
6      437      438      448      503      504      514
6      437      448      447      503      514      513
6      438      439      449      504      505      515
6      438      449      448      504      515      514
6      439      450      449      505      516      515
6      440      441      451      506      507      517
6      441      442      452      507      508      518
6      441      452      451      507      518      517
6      442      443      453      508      509      519
6      442      453      452      508      519      518
6      443      444      454      509      510      520
6      443      454      453      509      520      519
6      444      445      455      510      511      521
6      444      455      454      510      521      520
6      445      446      456      511      512      522
6      445      456      455      511      522      521
6      446      447      457      512      513      523
6      446      457      456      512      523      522
6      447      448      458      513      514      524
6      447      458      457      513      524      523
6      448      449      459      514      515      525
6      448      459      458      514      525      524
6      449      450      460      515      516      526
6      449      460      459      515      526      525
6      450      461      460      516      527      526
6      462      463      473      528      529      539
6      463      464      474      529      530      540
6      463      474      473      529      540      539
6      464      465      475      530      531      541
6      464      475      474      530      541      540
6      465      466      476      531      532      542
6      465      476      475      531      542      541
6      466      467      477      532      533      543
6      466      477      476      532      543      542
6      467      468      478      533      534      544
6      467      478      477      533      544      543
6      468      469      479      534      535      545
6      468      479      478      534      545      544
6      469      470      480      535      536      546
6      469      480      479      535      546      545
6      470      471      481      536      537      547
6      470      481      480      536      547      546
6      471      472      482      537      538      548
6      471      482      481      537      548      547
6      472      483      482      538      549      548
6      473      474      484      539      540      550
6      474      475      485      540      541      551
6      474      485      484      540      551      550
6      475      476      486      541      542      552
6      475      486      485      541      552      551
6      476      477      487      542      543      553
6      476      487      486      542      553      552
6      477      478      488      543      544      554
6      477      488      487      543      554      553
6      478      479      489      544      545      555
6      478      489      488      544      555      554
6      479      480      490      545      546      556
6      479      490      489      545      556      555
6      480      481      491      546      547      557
6      480      491      490      546      557      556
6      481      482      492      547      548      558
6      481      492      491      547      558      557
6      482      483      493      548      549      559
6      482      493      492      548      559      558
6      483      494      493      549      560      559
6      484      485      495      550      551      561
6      485      486      496      551      552      562
6      485      496      495      551      562      561
6      486      487      497      552      553      563
6      486      497      496      552      563      562
6      487      488      498      553      554      564
6      487      498      497      553      564      563
6      488      489      499      554      555      565
6      488      499      498      554      565      564
6      489      490      500      555      556      566
6      489      500      499      555      566      565
6      490      491      501      556      557      567
6      490      501      500      556      567      566
6      491      492      502      557      558      568
6      491      502      501      557      568      567
6      492      493      503      558      559      569
6      492      503      502      558      569      568
6      493      494      504      559      560      570
6      493      504      503      559      570      569
6      494      505      504      560      571      570
6      495      496      506      561      562      572
6      496      497      507      562      563      573
6      496      507      506      562      573      572
6      497      498      508      563      564      574
6      497      508      507      563      574      573
6      498      499      509      564      565      575
6      498      509      508      564      575      574
6      499      500      510      565      566      576
6      499      510      509      565      576      575
6      500      501      511      566      567      577
6      500      511      510      566      577      576
6      501      502      512      567      568      578
6      501      512      511      567      578      577
6      502      503      513      568      569      579
6      502      513      512      568      579      578
6      503      504      514      569      570      580
6      503      514      513      569      580      579
6      504      505      515      570      571      581
6      504      515      514      570      581      580
6      505      516      515      571      582      581
6      506      507      517      572      573      583
6      507      508      518      573      574      584
6      507      518      517      573      584      583
6      508      509      519      574      575      585
6      508      519      518      574      585      584
6      509      510      520      575      576      586
6      509      520      519      575      586      585
6      510      511      521      576      577      587
6      510      521      520      576      587      586
6      511      512      522      577      578      588
6      511      522      521      577      588      587
6      512      513      523      578      579      589
6      512      523      522      578      589      588
6      513      514      524      579      580      590
6      513      524      523      579      590      589
6      514      515      525      580      581      591
6      514      525      524      580      591      590
6      515      516      526      581      582      592
6      515      526      525      581      592      591
6      516      527      526      582      593      592
6      528      529      539      594      595      605
6      529      530      540      595      596      606
6      529      540      539      595      606      605
6      530      531      541      596      597      607
6      530      541      540      596      607      606
6      531      532      542      597      598      608
6      531      542      541      597      608      607
6      532      533      543      598      599      609
6      532      543      542      598      609      608
6      533      534      544      599      600      610
6      533      544      543      599      610      609
6      534      535      545      600      601      611
6      534      545      544      600      611      610
6      535      536      546      601      602      612
6      535      546      545      601      612      611
6      536      537      547      602      603      613
6      536      547      546      602      613      612
6      537      538      548      603      604      614
6      537      548      547      603      614      613
6      538      549      548      604      615      614
6      539      540      550      605      606      616
6      540      541      551      606      607      617
6      540      551      550      606      617      616
6      541      542      552      607      608      618
6      541      552      551      607      618      617
6      542      543      553      608      609      619
6      542      553      552      608      619      618
6      543      544      554      609      610      620
6      543      554      553      609      620      619
6      544      545      555      610      611      621
6      544      555      554      610      621      620
6      545      546      556      611      612      622
6      545      556      555      611      622      621
6      546      547      557      612      613      623
6      546      557      556      612      623      622
6      547      548      558      613      614      624
6      547      558      557      613      624      623
6      548      549      559      614      615      625
6      548      559      558      614      625      624
6      549      560      559      615      626      625
6      550      551      561      616      617      627
6      551      552      562      617      618      628
6      551      562      561      617      628      627
6      552      553      563      618      619      629
6      552      563      562      618      629      628
6      553      554      564      619      620      630
6      553      564      563      619      630      629
6      554      555      565      620      621      631
6      554      565      564      620      631      630
6      555      556      566      621      622      632
6      555      566      565      621      632      631
6      556      557      567      622      623      633
6      556      567      566      622      633      632
6      557      558      568      623      624      634
6      557      568      567      623      634      633
6      558      559      569      624      625      635
6      558      569      568      624      635      634
6      559      560      570      625      626      636
6      559      570      569      625      636      635
6      560      571      570      626      637      636
6      561      562      572      627      628      638
6      562      563      573      628      629      639
6      562      573      572      628      639      638
6      563      564      574      629      630      640
6      563      574      573      629      640      639
6      564      565      575      630      631      641
6      564      575      574      630      641      640
6      565      566      576      631      632      642
6      565      576      575      631      642      641
6      566      567      577      632      633      643
6      566      577      576      632      643      642
6      567      568      578      633      634      644
6      567      578      577      633      644      643
6      568      569      579      634      635      645
6      568      579      578      634      645      644
6      569      570      580      635      636      646
6      569      580      579      635      646      645
6      570      571      581      636      637      647
6      570      581      580      636      647      646
6      571      582      581      637      648      647
6      572      573      583      638      639      649
6      573      574      584      639      640      650
6      573      584      583      639      650      649
6      574      575      585      640      641      651
6      574      585      584      640      651      650
6      575      576      586      641      642      652
6      575      586      585      641      652      651
6      576      577      587      642      643      653
6      576      587      586      642      653      652
6      577      578      588      643      644      654
6      577      588      587      643      654      653
6      578      579      589      644      645      655
6      578      589      588      644      655      654
6      579      580      590      645      646      656
6      579      590      589      645      656      655
6      580      581      591      646      647      657
6      580      591      590      646      657      656
6      581      582      592      647      648      658
6      581      592      591      647      658      657
6      582      593      592      648      659      658
6      594      595      605      660      661      671
6      595      596      606      661      662      672
6      595      606      605      661      672      671
6      596      597      607      662      663      673
6      596      607      606      662      673      672
6      597      598      608      663      664      674
6      597      608      607      663      674      673
6      598      599      609      664      665      675
6      598      609      608      664      675      674
6      599      600      610      665      666      676
6      599      610      609      665      676      675
6      600      601      611      666      667      677
6      600      611      610      666      677      676
6      601      602      612      667      668      678
6      601      612      611      667      678      677
6      602      603      613      668      669      679
6      602      613      612      668      679      678
6      603      604      614      669      670      680
6      603      614      613      669      680      679
6      604      615      614      670      681      680
6      605      606      616      671      672      682
6      606      607      617      672      673      683
6      606      617      616      672      683      682
6      607      608      618      673      674      684
6      607      618      617      673      684      683
6      608      609      619      674      675      685
6      608      619      618      674      685      684
6      609      610      620      675      676      686
6      609      620      619      675      686      685
6      610      611      621      676      677      687
6      610      621      620      676      687      686
6      611      612      622      677      678      688
6      611      622      621      677      688      687
6      612      613      623      678      679      689
6      612      623      622      678      689      688
6      613      614      624      679      680      690
6      613      624      623      679      690      689
6      614      615      625      680      681      691
6      614      625      624      680      691      690
6      615      626      625      681      692      691
6      616      617      627      682      683      693
6      617      618      628      683      684      694
6      617      628      627      683      694      693
6      618      619      629      684      685      695
6      618      629      628      684      695      694
6      619      620      630      685      686      696
6      619      630      629      685      696      695
6      620      621      631      686      687      697
6      620      631      630      686      697      696
6      621      622      632      687      688      698
6      621      632      631      687      698      697
6      622      623      633      688      689      699
6      622      633      632      688      699      698
6      623      624      634      689      690      700
6      623      634      633      689      700      699
6      624      625      635      690      691      701
6      624      635      634      690      701      700
6      625      626      636      691      692      702
6      625      636      635      691      702      701
6      626      637      636      692      703      702
6      627      628      638      693      694      704
6      628      629      639      694      695      705
6      628      639      638      694      705      704
6      629      630      640      695      696      706
6      629      640      639      695      706      705
6      630      631      641      696      697      707
6      630      641      640      696      707      706
6      631      632      642      697      698      708
6      631      642      641      697      708      707
6      632      633      643      698      699      709
6      632      643      642      698      709      708
6      633      634      644      699      700      710
6      633      644      643      699      710      709
6      634      635      645      700      701      711
6      634      645      644      700      711      710
6      635      636      646      701      702      712
6      635      646      645      701      712      711
6      636      637      647      702      703      713
6      636      647      646      702      713      712
6      637      648      647      703      714      713
6      638      639      649      704      705      715
6      639      640      650      705      706      716
6      639      650      649      705      716      715
6      640      641      651      706      707      717
6      640      651      650      706      717      716
6      641      642      652      707      708      718
6      641      652      651      707      718      717
6      642      643      653      708      709      719
6      642      653      652      708      719      718
6      643      644      654      709      710      720
6      643      654      653      709      720      719
6      644      645      655      710      711      721
6      644      655      654      710      721      720
6      645      646      656      711      712      722
6      645      656      655      711      722      721
6      646      647      657      712      713      723
6      646      657      656      712      723      722
6      647      648      658      713      714      724
6      647      658      657      713      724      723
6      648      659      658      714      725      724

CELL_TYPES     1000
13
13
13
13
13
13
13
13
13
13
13
13
13
13
13
13
13
13
13
13
13
13
13
13
13
13
13
13
13
13
13
13
13
13
13
13
13
13
13
13
13
13
13
13
13
13
13
13
13
13
13
13
13
13
13
13
13
13
13
13
13
13
13
13
13
13
13
13
13
13
13
13
13
13
13
13
13
13
13
13
13
13
13
13
13
13
13
13
13
13
13
13
13
13
13
13
13
13
13
13
13
13
13
13
13
13
13
13
13
13
13
13
13
13
13
13
13
13
13
13
13
13
13
13
13
13
13
13
13
13
13
13
13
13
13
13
13
13
13
13
13
13
13
13
13
13
13
13
13
13
13
13
13
13
13
13
13
13
13
13
13
13
13
13
13
13
13
13
13
13
13
13
13
13
13
13
13
13
13
13
13
13
13
13
13
13
13
13
13
13
13
13
13
13
13
13
13
13
13
13
13
13
13
13
13
13
13
13
13
13
13
13
13
13
13
13
13
13
13
13
13
13
13
13
13
13
13
13
13
13
13
13
13
13
13
13
13
13
13
13
13
13
13
13
13
13
13
13
13
13
13
13
13
13
13
13
13
13
13
13
13
13
13
13
13
13
13
13
13
13
13
13
13
13
13
13
13
13
13
13
13
13
13
13
13
13
13
13
13
13
13
13
13
13
13
13
13
13
13
13
13
13
13
13
13
13
13
13
13
13
13
13
13
13
13
13
13
13
13
13
13
13
13
13
13
13
13
13
13
13
13
13
13
13
13
13
13
13
13
13
13
13
13
13
13
13
13
13
13
13
13
13
13
13
13
13
13
13
13
13
13
13
13
13
13
13
13
13
13
13
13
13
13
13
13
13
13
13
13
13
13
13
13
13
13
13
13
13
13
13
13
13
13
13
13
13
13
13
13
13
13
13
13
13
13
13
13
13
13
13
13
13
13
13
13
13
13
13
13
13
13
13
13
13
13
13
13
13
13
13
13
13
13
13
13
13
13
13
13
13
13
13
13
13
13
13
13
13
13
13
13
13
13
13
13
13
13
13
13
13
13
13
13
13
13
13
13
13
13
13
13
13
13
13
13
13
13
13
13
13
13
13
13
13
13
13
13
13
13
13
13
13
13
13
13
13
13
13
13
13
13
13
13
13
13
13
13
13
13
13
13
13
13
13
13
13
13
13
13
13
13
13
13
13
13
13
13
13
13
13
13
13
13
13
13
13
13
13
13
13
13
13
13
13
13
13
13
13
13
13
13
13
13
13
13
13
13
13
13
13
13
13
13
13
13
13
13
13
13
13
13
13
13
13
13
13
13
13
13
13
13
13
13
13
13
13
13
13
13
13
13
13
13
13
13
13
13
13
13
13
13
13
13
13
13
13
13
13
13
13
13
13
13
13
13
13
13
13
13
13
13
13
13
13
13
13
13
13
13
13
13
13
13
13
13
13
13
13
13
13
13
13
13
13
13
13
13
13
13
13
13
13
13
13
13
13
13
13
13
13
13
13
13
13
13
13
13
13
13
13
13
13
13
13
13
13
13
13
13
13
13
13
13
13
13
13
13
13
13
13
13
13
13
13
13
13
13
13
13
13
13
13
13
13
13
13
13
13
13
13
13
13
13
13
13
13
13
13
13
13
13
13
13
13
13
13
13
13
13
13
13
13
13
13
13
13
13
13
13
13
13
13
13
13
13
13
13
13
13
13
13
13
13
13
13
13
13
13
13
13
13
13
13
13
13
13
13
13
13
13
13
13
13
13
13
13
13
13
13
13
13
13
13
13
13
13
13
13
13
13
13
13
13
13
13
13
13
13
13
13
13
13
13
13
13
13
13
13
13
13
13
13
13
13
13
13
13
13
13
13
13
13
13
13
13
13
13
13
13
13
13
13
13
13
13
13
13
13
13
13
13
13
13
13
13
13
13
13
13
13
13
13
13
13
13
13
13
13
13
13
13
13
13
13
13
13
13
13
13
13
13
13
13
13
13
13
13
13
13
13
13
13
13
13
13
13
13
13
13
13
13
13
13
13
13
13
13
13
13
13
13
13
13
13
13
13
13
13
13
13
13
13
13
13
13
13
13
13
13
13
13
13
13
13
13
13
13
13
13
13
13
13
13
13
13
13
13
13
13
13
13
13
13
13
13
13
13
13
13
13
13
13
13
13
13
13
13
13
13
13
13
13
13
13
13
13
13
13
13
13
13
13
13
13
13
13
13
13
13
13
13
13
13
13
13
13
13
13
13
13
13
13
13
13
13
13
13
13
13
13
