# vtk DataFile Version 2.0
thermo, Created by Gmsh
ASCII
DATASET UNSTRUCTURED_GRID
POINTS 4289 double
0 0 0
2500 0 0
2500 0 2500
0 0 2500
1000 0 1000
1500 0 1000
1500 0 1500
1000 0 1500
62.5 0 0
125 0 0
187.5 0 0
250 0 0
312.5 0 0
375 0 0
437.5 0 0
500 0 0
562.5 0 0
625 0 0
687.5 0 0
750 0 0
812.5 0 0
875 0 0
937.5 0 0
1000 0 0
1062.5 0 0
1125 0 0
1187.5 0 0
1250 0 0
1312.5 0 0
1375 0 0
1437.5 0 0
1500 0 0
1562.5 0 0
1625 0 0
1687.5 0 0
1750 0 0
1812.5 0 0
1875 0 0
1937.5 0 0
2000 0 0
2062.5 0 0
2125 0 0
2187.5 0 0
2250 0 0
2312.5 0 0
2375 0 0
2437.5 0 0
2500 0 62.5
2500 0 125
2500 0 187.5
2500 0 250
2500 0 312.5
2500 0 375
2500 0 437.5
2500 0 500
2500 0 562.5
2500 0 625
2500 0 687.5
2500 0 750
2500 0 812.5
2500 0 875
2500 0 937.5
2500 0 1000
2500 0 1062.5
2500 0 1125
2500 0 1187.5
2500 0 1250
2500 0 1312.5
2500 0 1375
2500 0 1437.5
2500 0 1500
2500 0 1562.5
2500 0 1625
2500 0 1687.5
2500 0 1750
2500 0 1812.5
2500 0 1875
2500 0 1937.5
2500 0 2000
2500 0 2062.5
2500 0 2125
2500 0 2187.5
2500 0 2250
2500 0 2312.5
2500 0 2375
2500 0 2437.5
2437.5 0 2500
2375 0 2500
2312.5 0 2500
2250 0 2500
2187.5 0 2500
2125 0 2500
2062.5 0 2500
2000 0 2500
1937.5 0 2500
1875 0 2500
1812.5 0 2500
1750 0 2500
1687.5 0 2500
1625 0 2500
1562.5 0 2500
1500 0 2500
1437.5 0 2500
1375 0 2500
1312.5 0 2500
1250 0 2500
1187.5 0 2500
1125 0 2500
1062.5 0 2500
1000 0 2500
937.5 0 2500
875 0 2500
812.5 0 2500
750 0 2500
687.5 0 2500
625 0 2500
562.5 0 2500
500 0 2500
437.5 0 2500
375 0 2500
312.5 0 2500
250 0 2500
187.5 0 2500
125 0 2500
62.5 0 2500
0 0 2437.5
0 0 2375
0 0 2312.5
0 0 2250
0 0 2187.5
0 0 2125
0 0 2062.5
0 0 2000
0 0 1937.5
0 0 1875
0 0 1812.5
0 0 1750
0 0 1687.5
0 0 1625
0 0 1562.5
0 0 1500
0 0 1437.5
0 0 1375
0 0 1312.5
0 0 1250
0 0 1187.5
0 0 1125
0 0 1062.5
0 0 1000
0 0 937.5
0 0 875
0 0 812.5
0 0 750
0 0 687.5
0 0 625
0 0 562.5
0 0 500
0 0 437.5
0 0 375
0 0 312.5
0 0 250
0 0 187.5
0 0 125
0 0 62.5
1025 0 1000
1050 0 1000
1075 0 1000
1100 0 1000
1125 0 1000
1150 0 1000
1175 0 1000
1200 0 1000
1225 0 1000
1250 0 1000
1275 0 1000
1300 0 1000
1325 0 1000
1350 0 1000
1375 0 1000
1400 0 1000
1425 0 1000
1450 0 1000
1475 0 1000
1500 0 1025
1500 0 1050
1500 0 1075
1500 0 1100
1500 0 1125
1500 0 1150
1500 0 1175
1500 0 1200
1500 0 1225
1500 0 1250
1500 0 1275
1500 0 1300
1500 0 1325
1500 0 1350
1500 0 1375
1500 0 1400
1500 0 1425
1500 0 1450
1500 0 1475
1475 0 1500
1450 0 1500
1425 0 1500
1400 0 1500
1375 0 1500
1350 0 1500
1325 0 1500
1300 0 1500
1275 0 1500
1250 0 1500
1225 0 1500
1200 0 1500
1175 0 1500
1150 0 1500
1125 0 1500
1100 0 1500
1075 0 1500
1050 0 1500
1025 0 1500
1000 0 1475
1000 0 1450
1000 0 1425
1000 0 1400
1000 0 1375
1000 0 1350
1000 0 1325
1000 0 1300
1000 0 1275
1000 0 1250
1000 0 1225
1000 0 1200
1000 0 1175
1000 0 1150
1000 0 1125
1000 0 1100
1000 0 1075
1000 0 1050
1000 0 1025
1250.948652770627 0 1250.414158503139
1144.23261540799 0 1142.031456474411
1357.888378339261 0 1144.069681725942
1356.27191333518 0 1357.282116190108
1142.132037290932 0 1355.883346261106
1255.163043478261 0 1101.9677734375
1398.0322265625 0 1255.163043478261
1245.805115939706 0 1398.025039347217
1102.441227130302 0 1245.586739660115
1079.918895046995 0 1079.652500129203
1420.137699943577 0 1080.102154958719
1419.899294003024 0 1420.137812154725
1079.863816672403 0 1419.898896732731
1213.803639603079 0 1190.755276567093
1311.53757314688 0 1214.18021525979
1286.976787387814 0 1309.086931050817
1192.777442169588 0 1287.46882870255
1155.696760070151 0 1064.627483013007
1346.043222418761 0 1065.215100588715
1435.369465147733 0 1155.699811909411
1434.784899411285 0 1346.043222418761
1344.325687318129 0 1435.369275852009
1153.809212509192 0 1435.043043200643
1064.646802385362 0 1344.317459212346
1064.962727962365 0 1153.804462520954
1179.284001550895 0 1168.295782819814
1162.256809067198 0 1216.175904898177
1124.086169298218 0 1192.231377030069
1332.901615791595 0 1179.24299731079
1284.376597088773 0 1161.258561892483
1306.84715997088 0 1123.490892622749
1321.145411509601 0 1331.596247035485
1338.884622770691 0 1283.707399582456
1376.523052473636 0 1306.79351521281
1168.353999577001 0 1321.676237531604
1217.819755908177 0 1339.997738527847
1192.409711344 0 1376.0999064895
1264.13855659461 0 1197.930360971958
1233.307709706045 0 1153.719370115411
1302.086051214148 0 1264.148989526251
1348.09210516186 0 1233.60084596926
1239.023800545421 0 1303.128367891827
1267.831229660178 0 1346.205860861324
1199.290234179931 0 1238.341190891096
1153.232827985822 0 1267.079970510908
1277.064916148624 0 1044.03443468249
1227.500078508144 0 1043.910386462579
1455.965565317509 0 1277.064916148624
1456.089613537421 0 1227.500078508144
1223.01862113086 0 1456.373698063616
1272.688174712016 0 1456.088216023338
1044.222654246147 0 1223.117311921649
1044.030484825729 0 1272.627429051893
1086.781833408953 0 1038.341991074261
1041.115543581378 0 1041.115543581378
1038.265986421163 0 1086.385162676151
1458.113557451297 0 1041.886442548703
1413.433886328377 0 1038.470474235481
1461.529525764519 0 1086.910316570173
1458.113557451297 0 1458.113557451297
1461.529525764519 0 1413.433886328377
1413.089683429827 0 1461.529525764519
1041.886442548703 0 1458.113557451297
1086.566113671623 0 1461.529525764519
1038.470474235481 0 1413.089683429827
1194.177889438327 0 1077.95330583281
1177.157732223898 0 1034.756760402577
1323.280925658314 0 1033.344495962186
1309.156125095217 0 1078.555524147884
1422.046572807296 0 1194.17801079822
1465.243002598974 0 1177.157969222347
1466.655504037814 0 1323.280925658314
1421.445732603466 0 1309.160324152023
1305.630217925097 0 1421.794173973582
1322.872567926878 0 1465.242775903803
1176.726658272062 0 1466.65544773785
1190.832135988852 0 1421.599919037226
1078.459439583957 0 1305.424994163285
1034.776478935706 0 1322.862714181554
1033.349334220058 0 1176.724211084934
1078.679239704041 0 1190.862660025701
1154.367201870931 0 1099.078632212407
1199.45652173913 0 1122.85888671875
1100.846010822883 0 1151.443439181443
1348.43037573666 0 1100.607243619031
1400.823535795347 0 1154.233952508261
1377.14111328125 0 1199.45652173913
1399.392953852378 0 1348.430374270714
1345.77030085127 0 1400.781676163769
1300.54347826087 0 1377.14111328125
1151.68353793963 0 1399.715901239912
1099.140616433861 0 1345.624336608848
1122.85888671875 0 1300.54347826087
1234.274431454501 0 1220.167638618263
1282.863076934727 0 1232.758507079275
1220.8864335512 0 1268.540622923706
1267.239276575143 0 1282.870557724084
1466.265879993507 0 1129.392461138428
1467.205113939974 0 1372.918195631551
1370.608944395503 0 1466.265869559404
1127.081804368449 0 1467.205113939974
1129.384657253514 0 1033.726316121579
1372.918195631551 0 1032.794886060026
1033.735016683449 0 1370.608490856985
1032.794886060026 0 1127.081804368449
1120.326840258334 0 1072.083606228654
1381.150980870963 0 1072.068841667272
1427.893679263656 0 1120.349554766023
1427.935327401862 0 1381.148206325073
1379.656033251846 0 1427.893637780522
1118.851731200865 0 1427.929204702779
1072.10988567828 0 1379.654230106944
1072.105378587018 0 1118.719553962296
1112.320840180343 0 1111.351829250645
1388.643767585263 0 1112.325414853623
1387.680870244903 0 1388.64372092729
1111.364599780934 0 1387.67880981574
1161.381865222725 0 1156.176133450348
1151.672692065879 0 1180.141673133007
1133.97799511126 0 1168.044029876678
1170.158616003881 0 1192.002611056225
1142.688949999974 0 1204.913719319728
1197.019324502648 0 1180.040481248046
1188.671294201849 0 1202.473050479243
1134.567626258107 0 1230.493431049565
1113.477120916832 0 1218.407663937842
1344.826478251377 0 1161.509969755261
1319.860408177339 0 1151.334951445917
1331.975692044408 0 1133.95290823096
1308.87091448988 0 1169.752739920193
1295.299175833795 0 1142.087646139458
1322.027022122009 0 1196.973993278745
1298.579846687432 0 1187.907648159812
1270.000498538523 0 1133.818058318662
1281.856114052332 0 1113.096342355704
1339.122787865123 0 1343.138656713345
1349.020039292516 0 1318.922151876334
1366.695556640625 0 1330.978260869565
1330.521955535025 0 1307.951932390496
1358.028283512119 0 1294.818033687346
1303.800508993154 0 1319.938316702157
1312.508462664942 0 1297.130404255498
1366.199051311662 0 1269.737789378149
1386.913248053102 0 1281.826057189324
1155.7557167756 0 1338.957811461853
1180.792208699459 0 1349.12405678691
1167.342214367406 0 1365.643817585991
1192.938766005858 0 1331.211235133388
1205.894346364131 0 1358.698791518337
1180.897047108233 0 1304.311238486744
1204.686858263243 0 1313.318114872966
1231.373452947046 0 1366.54673581564
1218.68259862853 0 1386.960597838029
1259.189269255464 0 1155.280261920465
1244.013004195824 0 1129.498205773553
1274.242181002269 0 1179.52343172471
1249.19562500135 0 1173.863943697969
1288.465291332097 0 1206.264802397886
1238.841657216296 0 1191.975567683266
1223.363499784945 0 1173.313145086428
1345.005145370274 0 1258.963258108511
1370.221124651643 0 1243.908349103084
1320.454785658005 0 1273.709360652338
1326.17918266778 0 1249.115803965775
1294.339846509478 0 1287.130359403827
1308.974617966178 0 1238.294730189176
1329.115344646173 0 1223.749190899994
1242.665756512436 0 1344.968379622023
1257.086495950761 0 1370.256125988565
1228.748717409286 0 1321.596240933929
1253.13488719917 0 1325.207575604833
1215.398333823911 0 1295.104806869619
1263.985483060388 0 1308.446910853629
1277.682647284519 0 1326.721841293521
1157.047611632287 0 1241.403166685707
1129.494038802049 0 1256.473391795822
1181.377902037267 0 1226.34445666183
1176.688276585565 0 1251.949222613904
1205.761513278436 0 1213.77018263458
1193.201839228482 0 1264.375808323151
1174.691254733075 0 1277.767970631193
1238.50453945326 0 1022.123609904056
1213.685636625322 0 1020.375229609297
1263.462569051085 0 1022.127711005856
1252.173100207743 0 1046.414445653239
1288.1104700321 0 1020.294183336889
1265.595061590765 0 1073.444329968338
1241.331560993202 0 1072.93907995004
1477.876390095944 0 1238.50453945326
1479.624770390703 0 1213.685636625322
1477.872288994144 0 1263.462569051085
1453.585554346761 0 1252.173100207743
1479.705816663111 0 1288.1104700321
1426.555670031662 0 1265.595061590765
1427.06092004996 0 1241.331560993202
1261.585104937293 0 1477.875724613048
1286.380224196582 0 1479.624281467188
1236.629791326976 0 1477.926919968511
1247.848853889779 0 1454.094340270605
1211.958139266929 0 1479.80140033706
1233.924785905669 0 1429.244855269837
1259.246645325861 0 1427.056627685278
1022.180799600794 0 1261.556178432472
1020.417246297775 0 1286.358972187722
1022.21971278109 0 1236.622064165685
1046.633291837105 0 1247.978380046644
1020.332260285949 0 1211.968269440586
1073.804625057787 0 1234.787461089345
1073.307953494 0 1259.060069369768
1044.835486761951 0 1020.095513039503
1020.557771790689 0 1020.557771790689
1068.390916704476 0 1019.17099553713
1063.948688495165 0 1039.728767327819
1092.158054011903 0 1018.40171637835
1083.862707162385 0 1059.659504388323
1061.673315372067 0 1061.673315372067
1020.095513039503 0 1044.778119612193
1039.728767327819 0 1063.77658704589
1019.17099553713 0 1068.218815255201
1058.631258341756 0 1082.428193311314
1018.246478034758 0 1091.659510898209
1478.563972758004 0 1021.436027241996
1454.861365877221 0 1020.456027550088
1435.773721889837 0 1040.178458392092
1431.716943164189 0 1019.235237117741
1437.941235144271 0 1062.058764855729
1417.362677623563 0 1058.851012838338
1408.297661381384 0 1018.289305755165
1479.543972449912 0 1045.196001272537
1480.764762882259 0 1068.455158285087
1459.821541607908 0 1064.398379559438
1481.554155253757 0 1092.202182379796
1440.056702179476 0 1084.151277278381
1478.704774463045 0 1478.704774463045
1479.567439400752 0 1454.884832828061
1459.821541607908 0 1435.773721889837
1480.764762882259 0 1431.716943164189
1437.941235144271 0 1437.941235144271
1441.149449646136 0 1417.362695254171
1481.710694244835 0 1408.297661381384
1454.827465678303 0 1479.567439400751
1431.544841714913 0 1480.764762882259
1435.601620440562 0 1459.821541607908
1407.798051875859 0 1481.55415351474
1415.849062129895 0 1440.05669965985
1021.436027241996 0 1478.563972758004
1045.138634122779 0 1479.543972449912
1064.226278110163 0 1459.821541607908
1068.283056835811 0 1480.764762882259
1062.058764855729 0 1437.941235144271
1082.638279409155 0 1441.149309288737
1091.702338618616 0 1481.710694244835
1020.456027550088 0 1454.803998727463
1019.235237117741 0 1431.544841714913
1040.178458392092 0 1435.601620440562
1018.445994192402 0 1407.797976286106
1059.943514350039 0 1415.848952609432
1200.702508491432 0 1039.109213385612
1188.517083255095 0 1017.850351522932
1212.475614649242 0 1063.485311829943
1185.883939266723 0 1056.44705993384
1221.320214854956 0 1088.314074717865
1172.084165048977 0 1070.022732632932
1166.218624751848 0 1050.369097745129
1311.785170436792 0 1017.013371105508
1301.350164556097 0 1038.589583227479
1315.816425926291 0 1055.749804206957
1291.847067616275 0 1063.430980560645
1334.377293447326 0 1049.192329090039
1328.609066187536 0 1071.512828083806
1283.790016805093 0 1089.445814676923
1460.890745808982 0 1200.702549296838
1482.149624965318 0 1188.517106766846
1436.514681586767 0 1212.475621232532
1443.55294006616 0 1185.883939266723
1411.68592418492 0 1221.320215952172
1429.976561418393 0 1172.084870997652
1449.630356563521 0 1166.219170443198
1482.986628894492 0 1311.785170436792
1461.410416772521 0 1301.350164556097
1444.250195793043 0 1315.816425926291
1436.569019439355 0 1291.847067616275
1450.807670909961 0 1334.377293447326
1428.487171916194 0 1328.609066187536
1410.55500083403 0 1283.787460949395
1299.241550356355 0 1460.632027407438
1311.506168961472 0 1482.149452175933
1287.816261225552 0 1436.512514772062
1313.853987751535 0 1443.678063881273
1278.325403928645 0 1411.27709238224
1327.906889152516 0 1430.098938899536
1333.217576022987 0 1450.07393401751
1188.318167141386 0 1483.158669283472
1198.782256002349 0 1461.34911470676
1184.27918872747 0 1444.246869066298
1208.478938005979 0 1436.508546122311
1165.622706552674 0 1450.807670909961
1171.085373974357 0 1428.759241157215
1216.100873222587 0 1410.926230896869
1039.425556434444 0 1299.210502000195
1017.865224060211 0 1311.498658335729
1063.67152827152 0 1287.722076421809
1056.303130752403 0 1313.529244478363
1089.016696559005 0 1278.173519575348
1069.930180414492 0 1327.809113563074
1049.933361533657 0 1333.213842493908
1016.845826148255 0 1188.315866585241
1038.705368540199 0 1198.754373970939
1055.812160907384 0 1184.248979889483
1063.669778881414 0 1208.387679433249
1049.192329090039 0 1165.622706552674
1071.291642736334 0 1171.059233607881
1089.777751012473 0 1216.548853779298
1149.665067873214 0 1121.229102683243
1176.900307877164 0 1111.240407015325
1170.183294062558 0 1132.988330372293
1174.617495924257 0 1089.324367617048
1198.926997803968 0 1100.323726321419
1155.358917224493 0 1080.693641570151
1227.309782608696 0 1112.413330078125
1112.022682676705 0 1171.528883051825
1122.062645612535 0 1147.80082485108
1101.22938684368 0 1193.6756077926
1090.48410321126 0 1171.429197134782
1082.064601259295 0 1152.965024499317
1328.039096106823 0 1111.933304507619
1352.127147136256 0 1122.035190899504
1306.13615032193 0 1100.969409623965
1328.738023714174 0 1090.224307735008
1347.11051909465 0 1082.6108784516
1378.812534115561 0 1149.552523462381
1388.759592984675 0 1176.900307877164
1367.006415665612 0 1170.071298035942
1410.671181142799 0 1174.611910984286
1399.676259148399 0 1198.92701233415
1419.302432955802 0 1155.362594116049
1387.586669921875 0 1227.309782608696
1388.358704001587 0 1328.772030190302
1378.885658794006 0 1351.431528349663
1399.032324695995 0 1306.130714868813
1409.780682942181 0 1328.771209363826
1417.3891215484 0 1347.11051909465
1350.969014279042 0 1378.313917111697
1323.115753409477 0 1388.759473752322
1330.1085823702 0 1366.548680692672
1325.465800474369 0 1410.64389379634
1301.078415833663 0 1399.559828189661
1344.686022644939 0 1418.976131757501
1273.174297100288 0 1387.583076314234
1171.920263358731 0 1388.066848315686
1147.863215531321 0 1377.957825073032
1193.986559882718 0 1399.101708586277
1171.326850665432 0 1409.834466317915
1152.970840560492 0 1417.970460648205
1121.24348426596 0 1350.347977717675
1111.250653502658 0 1323.11057074403
1133.150447467147 0 1329.97076299465
1089.426045998739 0 1325.413763349791
1100.612618844372 0 1300.968290752407
1081.039693259387 0 1344.669395688281
1112.722154440511 0 1273.018093974257
1242.584073844499 0 1235.240759923283
1258.148475543742 0 1225.78973626932
1266.878396584612 0 1241.536194153789
1248.964707339009 0 1209.46753785745
1273.401276541057 0 1215.981636671239
1224.983868704616 0 1204.962297885702
1297.827551502155 0 1223.678875451544
1235.890074892849 0 1259.427252076004
1227.067028579095 0 1244.094743308061
1210.698827656787 0 1253.659598036074
1217.270138153569 0 1228.929730626402
1206.3296503268 0 1277.810934385559
1275.051176754935 0 1257.81453240168
1259.06649640482 0 1266.592219476193
1292.327826335829 0 1248.4313148747
1284.662663894645 0 1273.509773625167
1276.916459189976 0 1296.491143502744
1244.377934330263 0 1275.876470239282
1253.380768536553 0 1292.279169280299
1229.899486852358 0 1285.456728598382
1188.908351164442 0 1146.009713356513
1216.581402691767 0 1137.253617968412
1206.410714900124 0 1159.772018432437
1354.55250125468 0 1188.940870001649
1363.237436801809 0 1216.644267152089
1341.654337629688 0 1206.525360768755
1311.528668260867 0 1353.41784720647
1283.993353593284 0 1362.345299629584
1294.258395966126 0 1339.737085886487
1146.325892515365 0 1311.534719404191
1137.692515568732 0 1283.749476922375
1160.143788984957 0 1294.310549253794
1483.132939996754 0 1139.696230569214
1483.132939996754 0 1114.696230569214
1482.827634954966 0 1163.810256273629
1466.202521115987 0 1153.242919114482
1450.074041572093 0 1143.312102045481
1483.602556969987 0 1336.459097815775
1483.602556969987 0 1361.459097815775
1467.205113939974 0 1347.918195631551
1483.602556969987 0 1386.459097815775
1450.807670909961 0 1359.377293447326
1360.304472197751 0 1483.132934779702
1385.304472197751 0 1483.132934779702
1336.331989087088 0 1482.868820077536
1346.63646128484 0 1466.001754857238
1357.19005913365 0 1450.338048719676
1163.540902184225 0 1483.602556969987
1138.540902184225 0 1483.602556969987
1152.081804368449 0 1467.205113939974
1113.540902184225 0 1483.602556969987
1140.622706552674 0 1450.807670909961
1139.692328626757 0 1016.86315806079
1114.692328626757 0 1016.86315806079
1163.809658988034 0 1017.171767759439
1153.240057488538 0 1033.794617258069
1143.307420806983 0 1049.921277189408
1336.459097815775 0 1016.397443030013
1361.459097815775 0 1016.397443030013
1347.918195631551 0 1032.794886060026
1386.459097815775 0 1016.397443030013
1359.377293447326 0 1049.192329090039
1016.867508341725 0 1360.304245428493
1016.867508341725 0 1385.304245428493
1017.138475473631 0 1336.32825555801
1034.005983815356 0 1346.632500986503
1049.66239440175 0 1357.189832364391
1016.397443030013 0 1163.540902184225
1016.397443030013 0 1138.540902184225
1032.794886060026 0 1152.081804368449
1016.397443030013 0 1113.540902184225
1049.192329090039 0 1140.622706552674
1108.261056732065 0 1035.988357914856
1124.138802630003 0 1052.707256202451
1104.108367317047 0 1055.989677084042
1139.35480671284 0 1067.719895085881
1100.212256083822 0 1075.877094039666
1393.176040979964 0 1035.632680147753
1396.975571875322 0 1055.688713240927
1377.155286372127 0 1052.466902678821
1399.913950559996 0 1076.607511347077
1363.385251574513 0 1068.891637226986
1463.936213997519 0 1108.272597081434
1447.264862145388 0 1124.159078599038
1444.145253027955 0 1104.029165578914
1432.268118120946 0 1139.365525892159
1424.043061368338 0 1100.280793810532
1464.367319852247 0 1393.176040979964
1444.31156518775 0 1396.97557322415
1447.533118380313 0 1377.155286363984
1423.393536169344 0 1399.913942783667
1431.108362773014 0 1363.385251574513
1391.728297304458 0 1463.936207357968
1376.030665793831 0 1447.419470792821
1395.980204170422 0 1444.148977900863
1360.802203290119 0 1432.325648795827
1399.723527327362 0 1424.043699756418
1106.823959020036 0 1464.367319852247
1103.026014082997 0 1444.31147296133
1122.846418638033 0 1447.533100938806
1100.088689062016 0 1423.393183521666
1136.616616016957 0 1431.108348908786
1036.064356586513 0 1391.728008703491
1052.582753935171 0 1376.029527279899
1055.852448951897 0 1395.979473972505
1067.681501791125 0 1360.79561080777
1075.959150445711 0 1399.72253412235
1035.568438567143 0 1106.759717439426
1055.614824529526 0 1103.036468632109
1052.426338116655 0 1122.649594027974
1076.38876546834 0 1099.831864366177
1068.8821217489 0 1136.605306451338
1128.050721425136 0 1126.625328949768
1133.019446274958 0 1106.056024629876
1116.323840219338 0 1091.71771773965
1136.883066969663 0 1086.125687814987
1096.189207628378 0 1095.631648542472
1107.003713201776 0 1131.282735809355
1087.145412398551 0 1134.395824272207
1091.858886244067 0 1115.202242700525
1368.645076465742 0 1106.935917166604
1373.193343492451 0 1127.889368117642
1365.133672871643 0 1086.917327786629
1384.622638969754 0 1091.853189816399
1404.271640308565 0 1096.251091599362
1393.815968919766 0 1132.85639556406
1408.26872342446 0 1116.337484809823
1413.876113128651 0 1136.860965478603
1393.190253647439 0 1368.489650101675
1372.136702257842 0 1372.993695500253
1413.089520563483 0 1365.126086176466
1408.17207697643 0 1384.594554544891
1403.756292744906 0 1404.267068253483
1367.191681829959 0 1393.826502821557
1383.668451748374 0 1408.268679353906
1362.924751598322 0 1413.957327872431
1131.359538209628 0 1393.014928730078
1126.688779748931 0 1371.965369116478
1134.647794692135 0 1413.025134312325
1115.344480357061 0 1408.129526258769
1095.726329841289 0 1403.748245068766
1106.063731516171 0 1367.005109966082
1091.737242729607 0 1383.666519961342
1086.047481086802 0 1362.913220194757
519.0386641836843 0 1152.876839346201
1153.486025581117 0 519.0212768187359
610.6893472518632 0 608.6179132898321
1160.480367790674 0 2001.256576116948
1982.873258406962 0 1161.800164028712
1891.425227304345 0 556.5660371013377
556.4799840944522 0 1891.331558250041
1976.426129847956 0 1661.93258391987
1617.877622116228 0 1955.363174175047
1437.050260199985 0 657.248090052074
657.4948443929046 0 1437.002808596629
1789.028090159113 0 1470.433464003017
1384.730384381185 0 1813.974919890418
1041.669014398052 0 744.8520513046726
747.8045575483488 0 1035.377017712079
1762.025118495416 0 1041.139346468705
1049.379200381891 0 1756.601458830574
1946.693617639464 0 2083.797367067489
1671.815923071806 0 816.5201467760598
816.6552453344977 0 1671.714009004284
1706.611718111274 0 1668.285562781507
846.9788752555731 0 834.9789971567151
1705.757717736533 0 1246.269258779291
1241.965254348235 0 796.8634609584431
796.8634609584431 0 1241.965254348235
1615.595778395924 0 378.4508947484453
378.4508947484454 0 1615.595778395924
1968.064896579414 0 860.8945934878124
861.8092793578016 0 1967.637171355079
833.8567128809052 0 339.2018485514409
341.5424727795653 0 832.3240099151244
2167.410693293627 0 1432.982377481425
1396.136157027418 0 2188.89341792026
344.4037028587129 0 343.8367406544924
2133.089105614398 0 335.5728778661964
335.6158981484041 0 2133.217812295428
2202.533215308981 0 652.3208262236724
652.7859551807244 0 2202.59721986197
826.5728933716123 0 541.3729710790075
544.6365336804234 0 822.1432296905108
1447.782216170783 0 808.0305465628671
808.409478073905 0 1447.93594382
1876.777965791575 0 1871.522617150792
1458.874918208313 0 1684.797476358784
1237.018007655977 0 1662.003404416845
2251.650710749231 0 1896.496797396081
1340.975525572889 0 318.7899582654795
318.1793263793377 0 1341.245709177598
2222.625800203895 0 993.6051073076032
989.4285283605894 0 2225.841225244454
1751.854847886477 0 2217.252588337129
1693.945316001567 0 601.2686564635967
601.6099182582551 0 1693.948296924741
1669.200783120126 0 1456.421299334384
1927.836391611786 0 349.4009213952758
345.1552791149336 0 1924.684724481588
1869.364065233601 0 1279.423052291092
1064.405194416882 0 216.7530788029696
216.7530788029696 0 1064.405194416882
2004.922439534052 0 1474.272779124899
1624.06207033817 0 1047.215219140566
1047.095848867388 0 1619.776927151767
1048.303705688921 0 878.2711698219867
879.7665292817239 0 1046.12098229074
1399.63564008079 0 2049.376662378081
1289.420209543311 0 620.5870237923776
620.2041528267599 0 1288.951644372236
535.6077685249418 0 262.8254909968905
264.1384332297397 0 535.0282097364013
1401.281295152637 0 471.3264976318767
472.8852831818185 0 1400.704243425158
2195.327035990185 0 1648.693066211263
2306.047123412392 0 2124.387615006534
1203.594725246976 0 1805.879470335994
1537.641586452805 0 1822.22263662096
2173.113160390905 0 1188.283806894362
1578.010577106406 0 1569.266822333016
1350.242632597959 0 886.2592025424326
886.3988139953503 0 1350.273326028617
1604.498711788818 0 935.8515180870593
935.2317184288693 0 1603.297881812382
1186.705921678423 0 2194.863927869233
1826.417292128568 0 1609.927030381531
1347.087148195846 0 1597.493695929014
1806.458259976812 0 902.523023473114
904.798107223582 0 1805.629053696178
1607.360939923059 0 1353.551762787922
1612.264827173472 0 1167.465556711582
2125.550703459513 0 2265.86817395938
1166.499995654971 0 888.7242366211218
890.2958991885621 0 1165.347390895695
1029.932075057861 0 1902.029066198781
1902.589575028967 0 1023.259661336684
1163.242222326428 0 1591.335913150562
1832.175445735575 0 731.2249846989397
730.64262210165 0 1831.745087377
599.3119757282108 0 1014.805340144654
1016.141287553648 0 597.928639884939
928.3327904422765 0 916.5322607859175
2018.33926235184 0 1321.894926085206
2061.230619384644 0 1859.644505087537
389.3353094040958 0 1001.464445196774
1000.265744269255 0 389.2973599565433
1820.316428848773 0 1152.404122982081
1553.085294268033 0 2309.384776166312
677.0714421958528 0 404.4651374234113
407.5739677433266 0 673.9626118759376
742.5580969137557 0 737.3699273028396
1551.237760138321 0 728.6658686635121
728.6643565835749 0 1551.234555833063
1756.152003483899 0 2018.953941486649
1146.174608466703 0 680.4245995842324
680.7369404541299 0 1145.79266009824
909.0178952074752 0 713.6007109942466
716.6798642288104 0 901.8773986243428
2079.28625259969 0 506.6902335428149
506.6886938453736 0 2079.285391803677
1715.221666748488 0 1553.375942916854
1360.84444760579 0 749.4542181470905
749.2208757251989 0 1360.84955788811
1775.253013098706 0 417.1227525446882
417.0311595316457 0 1774.974485168815
2138.076018759561 0 840.2222270435284
839.9164205907227 0 2138.11965660792
2023.425422912752 0 691.5904773009172
691.5509826943525 0 2023.102070612751
1566.571475919506 0 2100.25936352941
195.9524343235435 0 196.052322699788
1755.415973823471 0 1366.161286769603
1582.763193210827 0 1252.811050999571
438.9718477063436 0 2296.178627573684
2295.640244738264 0 438.9630886922062
482.5243095929017 0 474.5174720777129
1252.70958394328 0 914.2467379656111
914.6788012245042 0 1252.115403428463
1139.723734596465 0 1686.580074186374
1597.711018650437 0 1715.606070001101
1458.089830260268 0 198.4779759205251
198.4779759205251 0 1458.089830260268
905.9785682520302 0 169.774100432682
170.4022910873489 0 905.6882051295462
824.2769644707519 0 947.6129361937546
204.7991438224531 0 2285.054587257003
2285.039243940364 0 204.7284510375903
1921.567117429325 0 2317.804566113728
1752.770667049866 0 189.7362856783232
189.8799507895592 0 1752.806878036805
2068.64892392882 0 1011.146409518291
1009.946351027697 0 2071.27065654504
187.0114178032482 0 2043.720973238188
2043.720973238188 0 187.0114178032484
1445.772369654745 0 915.9559734945908
915.9524170825784 0 1445.764833128777
1702.028742053521 0 1827.386381316137
2328.629146384233 0 850.8446635310522
850.9089853609046 0 2327.623509012193
372.5209740204283 0 162.2233474372442
162.5311493704316 0 372.1245122915393
2315.216521004737 0 2306.089037112179
1817.765358070841 0 1728.441051915001
1526.810782931704 0 538.2939844140226
537.9982914711259 0 1527.009410184685
1249.815651530405 0 1569.658334081472
2337.178397087069 0 1332.79240363244
1313.538156973261 0 1947.393681865279
1453.420912936314 0 1570.146228736455
1694.781314902972 0 948.9082341511876
951.1455230857104 0 1692.988328329128
1189.576991202704 0 346.4157808908658
346.2632528752972 0 1191.030494654422
960.0559494157869 0 814.6068392512254
2356.712940281544 0 1100.496425873178
1100.150970040559 0 2354.706663686893
1482.272180580046 0 1945.089919071067
1332.277194219765 0 2342.269406619792
2309.110164401406 0 1530.342483109752
1705.192275120372 0 1132.934556533268
2088.661930203475 0 1558.658798058353
1567.853580166492 0 1453.436083602668
1130.242806847926 0 796.7218138936482
796.9892212450425 0 1129.734747270592
634.362085368519 0 2371.6936483159
2371.693648315899 0 634.3620853685204
1221.766896691495 0 172.3168469317243
172.1894432484542 0 1221.284449336747
1277.655832450987 0 472.4601902367299
470.523032296869 0 1277.704075031084
1888.535565184616 0 1512.703786895497
1470.39311268313 0 376.9210538599248
376.9210538599249 0 1470.39311268313
737.1388912868392 0 200.7793346906112
201.0566563211814 0 736.9858782987272
1887.256391505261 0 1403.32347260773
1327.867770561215 0 1704.946469272266
1283.529683037853 0 2080.195996212298
2335.791596378976 0 1745.571422946376
2137.40871009975 0 2044.277295735041
1535.102926986572 0 868.1054443560172
868.0874795609097 0 1535.078135331235
1510.546770638589 0 1572.827770778439
1521.022650172002 0 1632.822563955547
1455.351111784503 0 1623.514021459904
948.4661406722513 0 1018.174692811132
904.0481250172268 0 980.3403111579536
965.1731985117303 0 959.3159212952156
1612.27134790621 0 759.6079930856735
1614.653455180808 0 668.3926620535647
1684.666767165799 0 713.9660502172044
714.7312128502597 0 1685.092488290401
669.8385260229369 0 1615.119116054386
761.5795869676232 0 1611.285683162426
1121.778053315132 0 1782.106027657173
1114.049451256536 0 1855.384377658398
1040.90138967843 0 1828.547583982771
1930.555736472855 0 1777.102527941327
1846.594468815965 0 1798.676297036779
1890.380853738947 0 1702.51127833349
2086.163985617857 0 1657.04954265287
2126.230653785557 0 1753.708969300836
2024.584783792096 0 1761.901211551376
1765.595512002742 0 670.5010852904074
1750.676088561549 0 767.7478720972017
766.8240889423599 0 1752.254172590448
670.4346088436873 0 1765.779253145108
2014.11728492988 0 94.45291927891071
1898.245820144027 0 188.3738517407858
1876.385333524933 0 94.86814283916146
94.86814283916146 0 1876.385333524933
188.3738517407855 0 1898.245820144027
94.45597239901599 0 2014.128043351637
263.8342759282923 0 1974.909916476409
264.3905708419339 0 1835.982551879748
1835.982551879747 0 264.3905708419339
1974.845768971868 0 263.7732222693101
1283.471579377275 0 238.3651940714198
1336.617505412998 0 177.9728099964459
1393.587111342473 0 255.0588913866156
255.1543071241892 0 1393.803652724805
178.1167928113364 0 1336.326293365611
238.3814257816844 0 1283.481049143747
1097.05269665665 0 1947.276739939846
1176.855622347127 0 1909.295522024729
1535.641177656239 0 1532.270877771867
1478.695308258205 0 1535.242939742308
2392.846045025832 0 2062.730404545479
2286.525982046562 0 2012.16405005176
2358.34713684517 0 1943.297555681849
1912.342607963332 0 454.2299567680155
2002.729239782508 0 428.5236074361883
1983.468462524766 0 529.9545318717776
530.4260227828347 0 1983.596171959653
431.6393793503241 0 2004.990255875216
454.3240822236342 0 1912.461164933094
1356.587125158684 0 92.61621131347897
1234.669401460392 0 86.58774876678831
86.71783929779031 0 1234.547519866966
92.79544996673349 0 1356.441731802332
1848.597571437098 0 2151.471254169487
1757.321213433909 0 2113.573355415318
1844.276865942944 0 2051.082746404017
1440.125898165244 0 1999.630013110477
1523.797144313038 0 2020.577871418612
1472.421577829156 0 2074.039693345637
2295.37846707162 0 1818.537688245553
2403.569065389133 0 1857.447331368037
530.8298002042584 0 141.2353307721983
624.0882690290264 0 101.4959442822205
629.9506310184383 0 223.1291453104002
224.2685737686836 0 631.7312673890482
101.4959442822205 0 624.0882690290264
141.4728339912967 0 529.9008584251281
643.9772870946974 0 507.103276358217
741.3139669312561 0 473.4515869100994
712.649752920966 0 574.3497103003845
577.3191914210919 0 710.2459629872106
475.9874483300094 0 738.5698273342819
510.7774510988936 0 641.7085637482742
1558.865429134001 0 1022.396235544515
1559.501512077359 0 1077.755416452373
1076.921320149525 0 1555.940169591537
1021.623445340689 0 1556.926031834136
1021.222566306152 0 945.1487967722705
1076.941161889882 0 941.6784160077752
941.8708831528872 0 1076.061149060304
1422.629193034363 0 1752.383404669527
1497.116301659861 0 1756.252332758913
1463.228455039873 0 1816.157470233239
1788.475030682496 0 1263.872983676035
1811.47358618949 0 1323.605255600864
1731.12086953439 0 1306.70266142817
1819.705537316141 0 1949.12662079677
1910.197187454525 0 1976.375867751447
1967.2384452154 0 1868.55688930353
2003.87015577047 0 1967.833912868713
831.1268743461362 0 432.6362641070649
759.136795935114 0 372.4785559785988
374.0591719869376 0 759.2733210371995
436.8631365006684 0 828.3160804857166
781.5431608099314 0 641.4208799232265
675.9972071479527 0 673.7988876731257
647.8278052358437 0 774.2810631718462
1826.176793664198 0 483.7981268302294
1842.988201010418 0 379.9403666083886
378.795354815529 0 1843.560348385384
483.7220257741126 0 1826.123592544965
1751.385333524933 0 94.86814283916146
94.86814283916146 0 1751.385333524933
1614.789823489903 0 1112.013668825633
1557.679508357291 0 1132.375984796882
1934.695112525252 0 2207.871541091882
1838.148875033518 0 2264.156452121411
1429.914850194753 0 1879.349814907709
1396.919523876598 0 1946.628822329513
1345.862598817363 0 1878.280746603916
1110.189626656758 0 885.1731906925551
1131.392828819756 0 942.3402743854763
942.6311462920154 0 1131.28295533237
886.1428174573072 0 1109.625682876357
1371.208818518722 0 631.991103928348
1348.047911588905 0 546.0195185361581
1420.603364895719 0 565.2683052950615
565.2204009189909 0 1421.109765659782
546.6359881448898 0 1348.457118895679
632.5271728702955 0 1370.642111809847
1482.951691047225 0 97.18257966251986
97.18257966251986 0 1482.951691047225
1863.432173975576 0 649.9353143788305
1796.890960435094 0 581.2509764961096
581.1970240127271 0 1796.884600249647
649.9124210579 0 1863.426237152954
1561.124971959344 0 963.7586521630208
1610.263034237382 0 983.8946752294121
984.1155991029503 0 1607.848642784456
963.3530461653318 0 1559.893093539099
722.1159444305061 0 821.4941668354104
640.6752810689702 0 865.2803454490158
734.8803099953344 0 95.8082099396961
95.85221032840764 0 734.8841661486102
1567.796796883802 0 1766.676646755634
1642.604009758153 0 1765.314264541882
1614.537000908731 0 1828.511946121487
2106.667655473435 0 420.1952372226157
2032.485284980435 0 339.6746716015476
339.5692332395702 0 2032.18782494478
420.3214473168059 0 2106.789870108038
1651.366630247932 0 1692.640100199712
1706.652287252607 0 1738.414163030395
1552.531741542615 0 1325.677197155275
1546.724188735583 0 1376.732617539379
1556.174522952923 0 1183.673686180609
917.7684205070464 0 364.9495288972287
918.3943662967361 0 465.9340060590957
467.6209353237558 0 916.3039989463739
365.4297031213014 0 917.2859870209795
1183.604788903409 0 943.6799148459485
945.7423086182205 0 1182.196397297391
1150.336881547878 0 600.5845041482552
1086.311379491462 0 636.2542559730146
1082.941362767815 0 551.5936047630039
550.6586463806657 0 1080.948106748926
638.4126951171552 0 1082.52219172135
601.0460855180443 0 1149.260668673083
1403.47913694913 0 2114.132640362072
1478.986228443142 0 2155.928721841428
2132.197899881077 0 2152.852290466674
2035.982644689178 0 2173.022950368903
2041.186050539862 0 2063.669533442108
193.0462832720702 0 1592.817161917113
94.86814283916146 0 1626.385333524933
1626.385333524933 0 94.86814283916146
1592.049247219627 0 193.1778124322659
1586.335618559864 0 1654.167766424777
1537.141623252412 0 1700.915609930856
2159.085753689506 0 1865.772673041547
2219.93281451628 0 1774.62379336059
1280.293252903836 0 1689.961716174464
1276.621566534612 0 1750.216287628151
1221.459656694511 0 1723.486899200743
781.6923796270598 0 866.299328719938
797.6513143908835 0 789.3686887148885
1261.172760882431 0 1885.30945107933
1234.984318073881 0 1967.762569691553
2399.163494549257 0 344.0530907536412
2293.620253546997 0 318.9116848841544
2395.613111801768 0 223.5871631958232
223.587163195823 0 2395.613111801768
318.9313902068025 0 2293.694506733048
344.0530907536411 0 2399.163494549257
1648.603903542893 0 2396.953400110801
1655.43617043736 0 2273.211689473234
1747.733441637429 0 2344.674622281757
1480.66812280173 0 599.4945628013262
1539.624316581195 0 635.7666724962936
1494.547800302792 0 693.3951740940965
692.1678070910796 0 1494.359438510185
634.8989297955038 0 1543.5019642369
600.0088195037233 0 1482.41249276451
1606.697852464523 0 569.6744601722044
569.4733948878022 0 1606.448824077626
1508.729445681353 0 1882.133072552529
1763.86666451467 0 1203.850750417692
1845.689352549866 0 1214.659734999635
1898.358554773284 0 1156.778236720049
1864.575499207778 0 1092.197954513627
1944.601373307963 0 1090.021350098358
1535.81731087858 0 1479.53534214612
1572.932078636449 0 1511.351452967842
1585.345736043479 0 1410.763217227044
1535.296319503785 0 1427.11789294399
2216.520808721392 0 2193.296661200001
2221.724214572077 0 2083.943244273206
1218.12554036334 0 571.8475971944305
1212.80925646788 0 654.509179582324
654.2412160458484 0 1213.471886893118
571.7942776146067 0 1217.719889303706
1927.377618515462 0 1225.051289810986
2030.824715942673 0 1090.371914925764
2120.27877489878 0 1097.964119769018
2074.835157449543 0 1172.427235118798
413.1877076053714 0 408.5589677055107
375.2661906882427 0 510.1324656019918
309.7229652670442 0 438.2988240298249
1029.482765158206 0 678.5264874927996
1088.674839810285 0 708.3143682373338
709.2915882159473 0 1086.707992324407
679.7750658912861 0 1025.230361908193
1839.218929305952 0 2403.878070604977
2398.135701199641 0 1517.56623611115
2412.822988386412 0 1628.094894618262
2325.342056744231 0 1630.488744654434
1005.062189008631 0 503.3738893898637
931.5338351447522 0 565.9577039734713
568.0686210887357 0 926.7434156080246
505.2166039520689 0 1003.49638129166
1827.004426385828 0 1031.998037665285
1794.075304147563 0 1092.220406674063
988.3506954188639 0 897.0443660382433
2417.895798189488 0 1747.785711473188
1261.562726047458 0 712.7317701067608
1329.133972357338 0 691.2524280595119
1303.681956877316 0 771.2221625241534
772.3329482949921 0 1302.186852891058
689.1246113970997 0 1328.372598552658
712.2049863610885 0 1261.276349438849
1356.426037446351 0 1999.47532787528
1652.906517649209 0 486.1784705079648
1571.793978893696 0 462.1569706564846
461.8316536111302 0 1571.606899221319
486.165280397457 0 1652.83699856977
849.8802694775104 0 994.8458407872661
875.5031080348158 0 931.9304359529137
2399.163494549257 0 469.0530907536412
469.0530907536411 0 2399.163494549257
1169.607710118894 0 2099.377827850758
1091.070267161746 0 2129.142318857262
1085.228515921212 0 2037.482616511388
1348.381659697914 0 1754.740537418799
1382.72407889297 0 1697.990760350359
440.8481206260512 0 307.777090825165
516.0185987472839 0 369.7711452289532
1925.96117027679 0 1574.885418722926
1945.353511010253 0 1496.382706201489
1990.60467565262 0 1565.014129634846
1130.025057038102 0 1549.39848128467
1108.804682200588 0 1604.654722926477
1301.990648862051 0 1813.662223239686
953.3931854514387 0 277.1112891986872
871.0039772335706 0 255.5683997850024
256.5675430335613 0 870.9376288194103
277.3401837353647 0 952.4696829538784
1737.878498456895 0 502.4372966419095
502.4304355908951 0 1737.876936222871
1745.846736937877 0 853.8021390333834
1746.414346623508 0 926.8114769070434
1689.908747982209 0 893.3673360966084
894.7071406305042 0 1688.530013321409
929.2020910888878 0 1743.232836027134
854.5864785243746 0 1746.218629379548
1037.209195330898 0 291.7999997267855
988.3722344373764 0 190.5325026235816
190.6968736258432 0 987.3351658691412
292.1878326004894 0 1036.779418376489
443.9378172368113 0 575.736928356928
336.302311054581 0 607.5218564742711
2403.420798781705 0 2176.537491293004
1120.460317531226 0 89.59720558808749
1142.066993780164 0 192.3439312985383
1032.202597208441 0 108.3765394014849
108.3765394014849 0 1032.202597208441
192.3439312985383 0 1142.066993780164
89.60570158545761 0 1120.341631273543
1901.3092166585 0 793.6856738088952
1926.597322530825 0 709.5192351169292
1994.579668358161 0 776.8586896558794
777.2624215285653 0 1993.705756226884
710.1727306515659 0 1927.373519829061
793.505054306366 0 1900.713561434751
1325.108694805355 0 944.6468198417317
1375.108694805355 0 944.6468198417317
944.6468198417317 0 1375.108694805355
944.6468198417317 0 1325.108694805355
1881.458999533512 0 1342.628542007829
1823.073029516191 0 1382.460669285141
1193.450662435608 0 739.1106538923157
739.2556823542898 0 1193.280857400432
1884.717696104355 0 880.1147386209943
1817.732101248838 0 818.7360718907381
819.3589651482871 0 1818.045282154708
881.2145675349883 0 1882.808575812418
2268.837920428024 0 100.8541994169141
2167.875630439486 0 192.7434917141832
2144.274672171527 0 96.30116593037906
96.28052887147896 0 2144.45868766572
192.3835928105827 0 2168.336266543198
100.8541994169138 0 2268.837920428024
1352.650028841339 0 812.6797398353864
1297.311395149486 0 841.2284823420575
841.0594908855778 0 1297.738682140441
813.1488200301985 0 1352.636331492351
1662.741637341709 0 291.3199505296332
1760.84414393843 0 324.5699979998785
1698.577816198263 0 399.7409228097189
398.3932317710451 0 1696.208876292978
319.50044669776 0 1761.033197005059
291.8394426348472 0 1663.207017095601
1445.715729498263 0 738.3568951238267
1404.075721127572 0 780.8686011514467
1396.351824002434 0 706.9316515094305
706.8471750755031 0 1396.104696570646
780.6043498932451 0 1403.56894423158
738.1400746591148 0 1445.843269604391
1648.56731702349 0 939.6094043681999
1630.382995286122 0 887.8629595589191
888.0137421435877 0 1629.611470562052
941.6564192424762 0 1646.822649977046
1467.768738234736 0 2241.887779798037
1444.039193306146 0 2328.262696500626
1366.329782384117 0 2262.956576606062
2032.544030025716 0 1610.295690989112
2142.805461903181 0 1602.910472378574
2197.372539461982 0 283.1077718350742
2207.676958456581 0 381.1799695301755
381.1759101882528 0 2208.5162036201
283.1644256120323 0 2197.319558114279
2193.314971087108 0 1971.010363134902
1374.70377023142 0 1543.579189359573
1323.882648700078 0 1544.084490308882
2095.559272643112 0 1255.133226769615
2008.967513839863 0 1239.420091813235
2091.809992085193 0 266.9156314483764
267.0406111076031 0 2091.958660309399
1411.868609828869 0 2415.992931792785
1529.283018576627 0 2406.762691182926
1773.900519770072 0 1419.827428144778
1832.990427800302 0 1436.08159152278
1301.196483580558 0 901.7703862617238
1249.016315802538 0 860.1065467168826
861.456276137402 0 1249.121287127496
901.6079535560737 0 1299.882684486734
1626.158378757278 0 1510.344453013086
1618.330866271833 0 1453.433726088888
213.8059067076595 0 94.44935744835198
102.7562161378482 0 102.7524415068046
94.576072292655 0 214.0364882139359
1573.679939839428 0 904.4448463219604
1594.457092887602 0 839.3184773292028
839.4186163990862 0 1593.503899583989
904.1771870034477 0 1572.278367898909
1827.047878099572 0 1668.78099443963
1886.495043440997 0 1632.30306762083
1496.510432706844 0 769.3951945988424
769.8241484264389 0 1496.598016038854
1786.582865145915 0 975.8568296745632
1856.881926804215 0 960.4985511696918
964.2009852162333 0 1856.763882713546
980.9371223372467 0 1786.277187781358
2205.454965127379 0 1078.704585868192
2151.166877759935 0 1004.559558136836
1373.445358214185 0 396.10307161679
1337.387526255202 0 471.7867647609294
1306.741874685057 0 400.0402758511818
399.5863504901818 0 1306.797294664383
471.7587945984394 0 1337.40592943013
396.3761262598027 0 1373.182575280872
1282.701032666685 0 535.0268203018493
533.3590338871227 0 1282.08968659583
1710.124716614389 0 1609.668741976137
1769.032111715733 0 1580.79767774546
1768.083153350306 0 1640.359031033008
2016.142937569767 0 2291.259514269516
2094.998480994674 0 1370.284669007911
2173.375790266208 0 1309.899822096734
1399.966998850549 0 845.6597298631641
846.7895429932269 0 1399.71976630667
109.2382785683849 0 2387.268785298583
2387.31592153896 0 109.1683456207152
979.8237204243101 0 726.5221947872213
956.3637690698703 0 652.3418571667587
654.5260236652205 0 951.4769010701407
727.6720930634235 0 972.8175284178689
2046.913166431491 0 1516.164257565094
2277.241576362027 0 921.4185645318419
2343.26237521951 0 976.7297667917746
2291.712834090517 0 1046.047252274534
1044.789749200574 0 2290.273944465674
975.5299777007319 0 2341.165086349543
920.168756860747 0 2276.732367128323
999.687439694143 0 2148.555940894747
1084.370211287347 0 2213.337039044164
610.2942028454006 0 333.3333147357353
581.400313221807 0 439.1636767152415
1544.394926857608 0 800.5651037910573
800.6480027336929 0 1544.96220653155
1943.366439297911 0 1296.717327407113
1239.108712539626 0 413.6140766952361
1263.786625806625 0 327.7708593208554
327.1924092084435 0 1266.001979772209
413.3455315273798 0 1239.782162306424
1501.686375043189 0 446.1786300531251
1541.314293692213 0 377.2401850718436
377.2074215067521 0 1541.328065369652
446.1861116277826 0 1501.682301155897
2286.907496536102 0 2397.147975248868
2395.729704486813 0 2393.395820698312
1730.997220549279 0 1460.026428198459
1711.948239479801 0 1409.347203155677
1727.597475938437 0 994.3781951511842
996.0880119871242 0 1723.588655359476
1682.712680497498 0 1986.929578009424
1666.978299050566 0 2063.809289991349
1595.119829967747 0 2023.253042874814
1517.985500765169 0 934.3612659719782
934.3434839119165 0 1517.947818135328
1580.2215881744 0 1888.335430777123
1658.20122399567 0 1894.863844005912
2076.437140667455 0 1448.739771703775
2015.394008849926 0 1402.581604395825
1807.419092512775 0 1535.954918621406
1751.032880282652 0 1509.37987243265
2068.976440077558 0 2390.273456058261
2187.218802819616 0 2382.205026022406
1180.179615672949 0 1543.928818950421
1960.471780978212 0 629.0495863872023
629.1386666611804 0 1960.483747467265
1462.68604198445 0 504.529790282415
504.5546762902287 0 1462.891311792673
1639.929642363606 0 1403.866888381544
1859.269805480729 0 1563.093365936051
433.451250601312 0 1167.807475310041
366.2726736921777 0 1102.877956040832
460.2866598732803 0 1085.341804477822
1086.382336112886 0 459.5912380241192
1101.928307301356 0 366.4302773434786
1166.95482083142 0 433.6382459441758
2403.867804856373 0 2285.464979279977
2098.817385080034 0 1957.689246898036
1161.850571890518 0 1733.973632535861
1185.628847458496 0 1680.255296817599
362.9256032283363 0 250.2788957746343
457.3038622252201 0 205.9719265971482
206.4471392380376 0 456.7837042718254
249.7482813491292 0 362.7394114245432
1296.22086452834 0 2014.630263083125
1221.405926342602 0 2044.170504923938
1646.027999282026 0 1624.324813294495
1654.551857672851 0 1561.277389849448
1667.088789024278 0 1093.142913669449
1660.742531753329 0 1151.013890160438
946.4499231621692 0 86.83640838362294
87.398551947334 0 945.6918650887296
1691.061605484893 0 1506.519685614649
934.703568599251 0 2020.517787988788
925.126527222023 0 2103.839345101349
849.6155198412669 0 2052.313455684498
2052.215712080842 0 849.6249020910395
2102.975847782487 0 926.3451610206578
2019.36131194045 0 934.1432020625239
1733.60177331049 0 1088.434325300771
1695.842825660223 0 1044.436403573714
2428.356470140772 0 1050.248212936589
2419.745125413772 0 926.0257566018745
1238.948014858084 0 2137.446781721768
788.1362108241231 0 990.0268236371535
811.5105853394061 0 1041.525538872984
1958.995166615185 0 2406.732796794728
925.783505448205 0 2419.296922247167
1050.07548502028 0 2427.353331843447
1660.609808668003 0 2162.700091047852
829.3273526687811 0 714.5410272559178
874.2484844648468 0 773.4483828642353
1047.783445153938 0 1690.159255469914
1098.351875284208 0 1659.179332587248
1101.147881430387 0 1719.752356491595
2260.63444376251 0 744.1830252790014
2229.298455706594 0 839.5287741017744
2170.720132094255 0 748.4778422655576
748.4936072936068 0 2170.807593938408
838.8122731152569 0 2228.693644185264
743.9249355160493 0 2260.251939288337
2189.348768188171 0 1542.091975861556
2127.951439379962 0 1499.625673481034
1658.242036493428 0 1301.146579206296
1594.461925429707 0 1299.614928789323
1639.049629182707 0 1251.0508452995
1342.314096216955 0 2065.665277106932
1276.087788775203 0 957.1235664199921
956.5590277001536 0 1276.041212681983
1402.711649308259 0 903.1431056352836
1423.698431819965 0 955.0902866581135
956.3636054949556 0 1423.058264184413
903.2330142987137 0 1402.100447622687
2309.804968239419 0 2217.322367479095
1542.247288213905 0 1276.159705868639
1599.054844021221 0 1212.466063660399
1656.060569009084 0 1203.734806108142
1735.072363490401 0 1922.133446027582
1789.075391715307 0 1852.862687366763
1680.075904833828 0 1358.308716023398
1936.409163344102 0 945.4122830393484
948.123763703222 0 1936.228932393283
433.1148387791636 0 85.16969555242486
86.92520315076899 0 431.740965037324
1293.770889618643 0 2422.608695925218
1543.695453983054 0 1227.534659267588
1948.919760671937 0 1367.698386016437
707.7494573418451 0 302.3421904974966
791.7238174014453 0 271.7967932011775
273.095071686648 0 791.5913222185998
303.9717059769355 0 706.1970811457437
1551.312522701111 0 1952.731530936959
1294.456896525995 0 1582.933411698482
1274.970032498309 0 1535.547933258986
1436.898289271102 0 421.2494871900137
421.4467303037422 0 1436.934190073648
1211.398855895889 0 899.6724758091773
1202.705580064553 0 844.106732944681
846.5056940681875 0 1200.298408045448
899.6628481989992 0 1210.435410671746
1228.341920397284 0 953.4746903382716
956.1864727882432 0 1226.618442156957
1152.484920795614 0 1640.147640523049
1186.10403059808 0 796.7926374260456
1137.589438685454 0 739.0398303599184
739.3185624975895 0 1137.165603861611
796.9263411017428 0 1185.850000809413
1336.191441583245 0 2134.707196395907
549.0040956786027 0 2243.974670121394
473.2356548740446 0 2188.752669168588
574.2269109236279 0 2147.084949019425
2147.433894974772 0 573.7504698419978
2188.752669168588 0 473.2356548740448
2243.958148012533 0 549.6143410395489
2415.933504211008 0 1411.506508017584
2421.664006818056 0 1294.236294328885
1425.927733824383 0 1535.714147840543
1403.156570279454 0 1584.174468840903
1838.284570199055 0 1485.156640155381
742.6355353647118 0 2349.658578664046
638.7336070965741 0 2285.44081303797
2285.44081303797 0 638.7336070965748
2349.73203657023 0 742.8005678781567
1149.469025320506 0 840.9001887258312
841.161806877399 0 1147.063246322091
1472.377859300356 0 958.5178054387654
1489.636994932535 0 893.3992347273828
892.8612893506819 0 1490.325677435684
958.5178054387654 0 1472.377859300356
316.6484698172756 0 84.20839206237247
85.21898251753009 0 317.7859007264234
833.1646192812011 0 84.49947290362275
84.49947290362275 0 833.1646192812011
288.1851128164135 0 1558.314599073753
1558.115043077102 0 288.3006620250426
1124.514765614298 0 278.360075838749
278.4634910211038 0 1125.045742082277
871.8418790978956 0 635.9902606905736
2418.218582374971 0 803.5224606697564
803.4630265125531 0 2418.219401704951
1947.175179868096 0 1436.493601273506
2246.110795193882 0 1481.818897467133
2254.286408356586 0 1588.261406835149
1984.305813911913 0 1015.282059815536
1017.379527130613 0 1985.744155176807
1199.246701771177 0 1627.72702366694
1225.093879127178 0 1535.041987269145
1208.173901424878 0 1581.061216812118
290.4836210593402 0 178.7090525740277
178.6894527868853 0 290.7293409620486
547.8609958034397 0 541.9882436434722
918.6747122142376 0 2187.310366333412
2187.508370420956 0 920.9346722441409
600.5059813496366 0 2051.481099992569
2051.542140847864 0 600.1230435293818
1296.727904515658 0 2198.338642933801
1763.47275461817 0 1700.424250205946
2268.086230319258 0 1697.805609231488
2259.138977740035 0 1261.673143290299
2251.113062330112 0 1374.517905669185
1666.552161021325 0 993.7883247439771
994.7225617834797 0 1663.461677431919
772.1683414643528 0 925.8578925117108
1245.312303638918 0 1613.682158038443
2425.711796185263 0 1173.337789065074
1175.07548502028 0 2427.353331843447
1217.370489394248 0 497.0822813225718
497.0519082168869 0 1217.410670188115
1561.767819956497 0 2204.745851489351
2326.157879374227 0 1436.567418919972
907.2920676729309 0 821.5400964896426
945.9604398308188 0 863.2057035572457
889.5419163614717 0 876.3887454807109
1088.799703259399 0 771.0110566115982
1092.818727239722 0 833.2061775763735
1046.136977627444 0 808.9501906348332
833.7976605536564 0 1091.14626502572
771.5292314859842 0 1087.866916819718
2222.67511801015 0 2284.14673149551
1493.499692170624 0 834.8083369301398
834.8547732273503 0 1493.562365225539
762.3646614339139 0 2082.556918618257
2082.467720655724 0 762.6749243060293
2272.12844178019 0 1148.306671627803
2345.415793786055 0 1218.574558154172
936.9851622260958 0 766.348373515312
2434.822922163384 0 691.6051404931086
2429.608162659873 0 571.751118886536
572.3734886154618 0 2428.800949005226
691.0157815327244 0 2433.792216803742
1003.458207540855 0 844.305217981703
1000.725893735433 0 780.6041530160697
1446.69178172519 0 867.6580835994801
867.954570976593 0 1446.547942556354
1338.43740353527 0 1656.246275241247
1401.150240196075 0 1639.040411538333
1290.565707606167 0 1633.759465695676
1258.564406395751 0 2272.345071714678
2113.030025850912 0 670.1346274649484
670.45607113301 0 2113.062745306132
1149.603211280341 0 2279.91599996234
271.5594309479825 0 271.9877897710161
1415.077947978776 0 342.5858951894397
342.6954513549589 0 1414.989891047422
1707.203420972837 0 1186.179790537958
1755.664210989578 0 1144.388781311913
827.3485823458377 0 183.9585535026358
183.9585535026358 0 827.3485823458377
1218.303324683861 0 2349.957111511496
834.3913336085624 0 891.4751381339403
1770.154216211578 0 1774.379512084347
1207.402019603968 0 257.9283821115868
258.0160061786427 0 1206.618906974421
541.2362532530369 0 2336.047068521962
2335.763034290867 0 539.8521044429776
1470.889785211095 0 296.264879201188
296.2716434017922 0 1470.914338932859
1888.644401098259 0 1458.440511129854
1480.01778713522 0 1572.0755750358
1484.0640165842 0 1598.765387550453
1453.658468164211 0 1596.103822106572
1516.974428966697 0 1600.652005802307
1487.481587556933 0 1627.794947734658
1543.61216381773 0 1571.774161078624
1549.360152515142 0 1603.133388484494
1491.011594472864 0 1658.301053405291
1456.807569256744 0 1653.203725038014
976.0573472450202 0 1007.829363478424
955.6146153534207 0 989.1060087616149
983.4396546529128 0 979.9046555157679
925.2357172956167 0 1000.235981216496
935.4897049141247 0 969.2482648942669
916.6002167754438 0 1031.109431352717
891.4145957439099 0 1013.488586960588
916.1904577297516 0 948.4362859719356
946.680649412235 0 938.0954056329913
1641.707415623908 0 786.7657270528932
1647.640724540829 0 736.7424005329893
1678.481746995991 0 764.1573448732818
1614.784382413297 0 716.167288208612
1650.8562904912 0 688.2905811332608
1581.754554022266 0 744.1369308745927
1580.505055397272 0 698.6085184767071
1651.786393988867 0 637.4201523579472
1689.580876463631 0 661.3994053316665
764.6373558338444 0 1677.905070403986
738.3710557047341 0 1648.070764507894
787.8458870967335 0 1641.119989058519
690.2304507461893 0 1651.005399346554
717.4327597085702 0 1614.672986280494
662.1251190742563 0 1690.243749111856
638.3269684383326 0 1651.958729777937
699.4549670343378 0 1581.296835113958
745.121971775599 0 1581.260119497745
1086.017318154172 0 1770.796299115315
1081.961296495002 0 1805.653971587175
1046.710290485139 0 1791.906722875438
1118.452077458949 0 1818.417660571339
1077.184554970879 0 1842.237745786922
1158.01043232886 0 1793.612896782839
1155.854773191743 0 1833.194802399664
1071.21231251405 0 1880.394991508343
1035.068765931984 0 1865.421683369768
1954.965455687727 0 1723.221521300792
1911.310305311409 0 1737.141168254131
1930.149377508179 0 1685.104599549059
1887.42633573083 0 1787.244495390936
1870.308359955022 0 1750.823571288842
1904.290012015186 0 1826.934911872915
1861.009024188526 0 1833.793919597668
1832.179913443403 0 1763.55867447589
1853.95828268958 0 1715.809514241827
2031.333664065728 0 1660.805481411782
2054.346267066547 0 1709.02543986082
2002.94141858771 0 1712.919596502582
2106.908529526275 0 1704.647093417749
2074.701363930933 0 1757.702777447707
2141.114473812796 0 1653.303425359876
2161.589823694222 0 1700.435557999815
2092.492714108137 0 1806.3521728762
2043.802235803081 0 1810.851038022689
1716.705772163317 0 741.4221355937551
1709.789708148815 0 791.5810665041599
1724.735192339828 0 691.7844338382719
1757.807660574259 0 720.1645180079263
1730.418454160524 0 636.6328053563767
1798.951864231859 0 701.7059304562101
1790.922142249119 0 748.0041089297215
789.1884062886211 0 1713.379596414445
741.1376316113486 0 1718.600590265426
719.6726330326896 0 1758.509974250946
691.704905144958 0 1724.9564519122
747.497247334138 0 1791.696122367659
700.7088612784833 0 1798.558029957012
636.5995671330166 0 1730.510324731707
2005.172725744191 0 47.29541582836873
1946.20562337502 0 94.50965014537701
1938.192666762467 0 47.43407141958073
1957.044574614617 0 141.3399495678489
1886.32793259049 0 141.7414795435784
2026.385947627895 0 141.321277251112
1970.983396691107 0 187.6926347720171
1825.508243596947 0 189.0550687095545
1814.578000287399 0 142.3022142587424
47.43407141958073 0 1938.192666762467
94.5026859413847 0 1946.205306370223
47.30310561829765 0 2005.191854615914
141.730435562969 0 1886.331486490637
141.3440735047188 0 1957.044192281266
142.3022142587424 0 1814.578000287399
189.0550687095542 0 1825.508243596947
187.6926347720168 0 1970.983396691108
141.333570826712 0 2026.373797091718
302.5867687678262 0 1944.905782818111
263.7675892016925 0 1907.148040456094
303.6536116711804 0 1879.421325453634
225.7592296511184 0 1938.279674588234
226.3822112913597 0 1867.114186011887
225.8174249399756 0 2006.989843410224
227.0634282601286 0 1794.376609464807
1879.421325453634 0 303.6536116711804
1907.148040456094 0 263.7675892016925
1944.676965748648 0 302.4696430988458
1867.114186011887 0 226.3822112913599
1938.279674588234 0 225.7592296511184
1794.376609464807 0 227.0634282601286
2006.927043999673 0 225.7772094301044
1311.995425108093 0 275.0693963026108
1338.897061188134 0 246.2205155459446
1364.657301400166 0 285.4284340580016
1309.866412640302 0 208.9072301413769
1366.658844774088 0 217.0883213421112
1254.277588470405 0 205.1659018869741
1279.10320253408 0 173.3906310740272
1396.472188080933 0 187.2286555793291
1424.512789979691 0 227.1418254029536
285.1510408183261 0 1365.214990696527
245.9507072004939 0 1338.874628146672
275.0693963026109 0 1311.995425108093
216.870651591106 0 1366.768595732878
208.6089636718727 0 1309.67904520495
227.73477451542 0 1423.864323654836
187.3576000183923 0 1396.235988496495
173.4671071125722 0 1278.934445733648
205.1483123375724 0 1254.1944816877
1128.943297720061 0 1973.927804382072
1136.996388707525 0 1927.647588000628
1167.585350298014 0 1955.79740467184
1105.775003229491 0 1899.979503638352
1146.302616187251 0 1881.027409984495
1064.072085589222 0 1923.284565310276
1188.819804077081 0 1862.03503408693
1516.532510721762 0 1515.137955791753
1506.725899010825 0 1534.339980762115
1489.797124229711 0 1517.158797077379
1524.821102426781 0 1552.499202043396
1494.476887773315 0 1553.353068136095
1555.516141109869 0 1550.088783448421
1466.245962694243 0 1553.259429790079
2440.050229957342 0 2031.533999455567
2378.536158384105 0 2003.282272302732
2419.442948847851 0 1968.569859672635
2337.895115583174 0 2036.316436623687
2321.915915673898 0 1977.638637296997
2348.323111023355 0 2093.289092280568
2298.945535990864 0 2069.306344384331
2270.348661599989 0 1954.949058749744
2300.360614403375 0 1918.361051057319
1902.866167984383 0 506.1832143885467
1947.702613134464 0 492.2265307300058
1937.272159991961 0 543.0099340292217
1956.215577717223 0 439.8597308600672
1993.662355184461 0 479.3986595306999
1919.627230852719 0 400.5314949885344
1965.124135359274 0 388.508626291592
2042.179491645981 0 470.0276769551565
2030.469856397616 0 517.4521084014144
543.4907082837919 0 1937.46747652088
492.8691120737517 0 1948.080626465345
506.1054209207221 0 1902.800727490478
480.8735920260154 0 1994.536932791598
440.9919580454228 0 1956.947830389335
518.0237893068131 0 2030.668231033076
471.1929124675369 0 2042.987264934771
386.5119525568136 0 1962.991592527752
400.1348727652016 0 1919.183147536282
1303.709749677246 0 45.07627145706715
1295.156786643576 0 88.86764783865669
1242.102473589196 0 42.72803192979973
1347.36844534938 0 136.2584049374088
1286.879891115258 0 132.0095704241762
1408.456134460075 0 143.1905253003667
1229.138566748202 0 130.7317414133249
43.04489274297089 0 1242.058619418065
89.12583350161322 0 1295.02029636577
45.22589122496947 0 1303.642404479613
132.1404703630899 0 1286.68380976494
136.4542130215236 0 1347.165327279458
130.7626234733987 0 1228.871214881834
143.3064436892801 0 1408.352444604624
1897.185075238429 0 2117.822985985979
1849.301764264674 0 2100.91427663462
1891.445281697132 0 2066.389323592562
1802.330898093371 0 2132.972572728855
1801.760523674241 0 2083.318593577179
1800.673810633506 0 2184.253082726903
1754.793567730253 0 2162.849880905655
1757.121483796871 0 2064.72873080605
1799.146088559461 0 2035.40017246958
1418.774769278134 0 2025.720476955825
1457.999956495504 0 2036.268389115591
1431.438721348798 0 2060.586802512881
1481.378049298336 0 2009.851073815612
1499.552544386854 0 2047.867289515844
1461.217277259944 0 1972.929286093457
1503.610008885275 0 1983.441202795213
1544.220864338205 0 2058.565378267375
1513.934053371 0 2087.658293099532
2385.268432372823 0 1903.490540353292
2450.450410989935 0 1928.063487448053
2326.767376996885 0 1880.104395695978
2349.641488986395 0 1839.275818353789
2273.476741724288 0 1857.744669292747
2317.90752812545 0 1781.307094083772
2367.508115533348 0 1798.273756252839
536.8274999238505 0 205.243184341369
581.0266395953188 0 181.4860544188234
580.2228792876574 0 241.4959042037233
575.9093517965556 0 115.8093498541402
630.2205918071496 0 162.8773087897944
514.606588744403 0 64.61550140594613
562.0441345145132 0 50.74797214111027
684.3096480850533 0 154.4837560849651
684.1901249826 0 210.7499119925469
242.3895689888348 0 579.9773969085761
182.0750636004964 0 580.7167211726987
206.0825379061876 0 535.5008529753458
163.284705215809 0 629.8131953811351
115.9177319937019 0 575.6851343976313
211.6040370358605 0 684.789696090884
154.5748265647792 0 683.9752657209799
50.74797214111027 0 562.0441345145132
64.86519324948222 0 514.356896900867
627.3484300425782 0 558.1283890937113
677.4918053925676 0 540.887108748384
660.8539379617008 0 591.3552707787751
693.263040975654 0 490.0807836605289
728.3594972139487 0 523.9127648092303
660.6748601639007 0 455.9940717256593
707.9172820982731 0 439.1257574183899
782.5027272997391 0 507.5399971840952
766.9721535272305 0 557.737029870998
593.7461996371787 0 659.0236114438665
543.7457016404486 0 675.5452546562565
561.0893817363203 0 625.4432502695246
526.9697524990172 0 726.2096946916848
493.1015617697652 0 691.0211079657898
561.3152578094085 0 763.2002230737853
510.3153826680523 0 778.8716602174022
441.7807080366681 0 706.2662196051097
459.3757950864481 0 657.8053306688564
1529.413139284359 0 1011.280208365938
1529.47303802083 0 1036.496467165871
1559.71142260754 0 1049.592670894324
1529.695939540658 0 1063.089639047839
1589.283153514636 0 1033.513552014731
1590.858203190299 0 1064.066345879685
1529.418878330023 0 1089.667828937746
1036.836316915633 0 1528.28184872458
1011.236568001792 0 1528.412445460902
1063.460660074763 0 1527.970084795769
1049.169549165117 0 1557.266015123504
1089.027351498499 0 1526.92319519739
1062.935091633253 0 1587.35559432033
1033.080655038264 0 1586.276500789911
1010.611283153076 0 972.5743983861353
1035.611283153076 0 972.5743983861353
1049.132624049947 0 941.865288639395
1062.628796505202 0 971.180769094806
1034.763135997536 0 911.7099832971287
1063.825122108003 0 911.6708872266757
1089.023841802431 0 970.9838818191608
973.9064430420872 0 1033.943123756594
971.9083875821073 0 1061.681997606149
943.7466563059031 0 1047.069789512394
971.1367838525645 0 1088.686136994785
910.9716613532573 0 1061.56655532495
1404.217120869472 0 1783.157110861722
1442.519306535364 0 1783.186960570171
1424.457068372919 0 1814.628565663923
1460.070085312558 0 1753.287895549133
1480.02948760937 0 1786.136905489979
1440.144208884401 0 1721.35202205178
1478.156248475928 0 1721.87593945338
1516.710047899273 0 1789.707888578989
1500.932325533079 0 1819.138917228229
1746.966191382931 0 1254.973283119802
1759.449026420988 0 1284.819565966901
1718.502764332391 0 1276.554736617969
1801.06323144502 0 1293.710345694115
1771.685406725687 0 1314.956067563287
1829.405747909866 0 1271.236855381168
1839.963524406486 0 1302.234264040113
1783.082401897453 0 1344.553804690144
1743.61417098284 0 1336.892031022335
1879.34430168707 0 2014.645007477888
1928.445402546995 0 2030.086617409468
1833.428392019518 0 2000.06267746075
1864.40967708707 0 1961.958529863937
1789.952151782567 0 1985.65573817134
1848.5547344604 0 1911.553367549264
1892.906465719421 0 1921.420841536048
1956.879649014264 0 1973.222753692442
1975.109420531196 0 2025.150260633923
1938.925900514958 0 1921.419494893134
1985.584560070882 0 1918.025225218731
1921.386092869544 0 1871.6074768558
2014.348393422256 0 1864.308324691495
2032.766607399415 0 1913.676922366042
833.2870990108568 0 383.9074664173143
793.0835143884694 0 403.6488688235754
797.7622333289702 0 355.8243350707864
787.975522128382 0 453.8540917302161
751.7340237463911 0 421.8249014670108
828.4071290083189 0 483.799454542826
720.8713059515831 0 388.2954294112988
357.7250187839328 0 796.2193218559748
406.6438590580076 0 791.1743826259686
387.295908941046 0 831.1716079188345
424.505419300237 0 749.6938977000224
457.2516410498314 0 785.3050623936003
390.6657926023689 0 719.1747078132141
489.194600442013 0 825.2045259982101
694.7496915544828 0 624.4258002013592
642.7589834326336 0 641.6598236952202
747.4680838847011 0 607.7812249624728
728.770183978942 0 657.609883798176
802.6737357681475 0 592.4477552766291
762.0506288618435 0 689.3954036130331
709.2776520308541 0 705.5844074879826
626.8962775638389 0 692.5297658319953
661.7799136298249 0 724.2635928486368
611.7335696978698 0 744.3070553539048
695.0603585127265 0 756.0491126634937
597.0624258127601 0 797.236160009704
1857.838642564499 0 519.9321400517209
1868.91652173552 0 468.6753020826476
1836.823172296152 0 431.8213180343915
1877.047860002167 0 416.1402148263904
1798.052361945213 0 449.2007065105317
1807.942441022939 0 398.8839609837911
1881.238035825127 0 362.5474433935226
468.6508714937044 0 1869.02159352434
519.6993061475832 0 1857.699358091007
415.6798821332241 0 1877.383395253592
431.7511988799724 0 1836.780323745938
360.7544777884743 0 1882.085525901879
398.4585267241453 0 1807.618911859273
448.2048558558488 0 1797.727960293196
1813.192666762467 0 47.43407141958073
1750.692666762467 0 47.43407141958073
1875.692666762467 0 47.43407141958073
1813.885333524933 0 94.86814283916146
1752.078000287399 0 142.3022142587424
47.43407141958073 0 1875.692666762467
47.43407141958073 0 1813.192666762467
94.86814283916146 0 1813.885333524933
47.43407141958073 0 1750.692666762467
142.3022142587424 0 1752.078000287399
1558.364008527585 0 1105.510751983379
1528.997520552761 0 1115.949907736073
1588.003460234279 0 1093.93023666028
1586.59066109274 0 1122.287807124251
1617.602737689726 0 1081.869838335372
1612.656643152707 0 1140.328831321998
1585.222848313044 0 1149.446415408104
1976.185904113468 0 1768.320489368793
1995.839250025569 0 1815.778008340117
1948.972963523365 0 1820.900153028544
1940.86660429968 0 2147.482729374861
1891.965301086346 0 2178.36816815167
1886.403311007849 0 2235.615048786713
1843.597351731514 0 2208.914291699871
1927.983457330065 0 2265.182657114266
1880.478953756156 0 2292.248168187613
1795.46982425403 0 2240.487411618347
1406.356923844394 0 1846.45058044425
1388.228212780936 0 1878.720184004882
1364.942031792605 0 1845.547135293568
1413.225456370492 0 1912.684330496929
1371.186149307453 0 1912.419547571761
1455.901784722216 0 1911.914878867706
1438.48363678776 0 1944.198136128476
1354.793872195357 0 1946.322761087354
1329.23218681753 0 1913.351784993273
1104.328775522697 0 942.0459408851298
1115.13080325998 0 971.0897203707102
1092.858288767744 0 912.9360013464579
1121.165733689204 0 913.7712285266587
1081.096416937216 0 883.6645077538396
1139.096703541237 0 887.4496231650865
1148.654560244612 0 914.915372825727
971.1773195155554 0 1115.034640600542
942.1971912383864 0 1103.984842183602
914.3373271157016 0 1120.636537569541
913.2323963242009 0 1091.90631309872
915.8020968606137 0 1147.972450538708
889.0087036011173 0 1137.989634717202
884.3530769324573 0 1079.578906279835
1405.541164187079 0 642.6469334621763
1395.172599468504 0 599.4268714492277
1428.416042962346 0 612.5691886763024
1359.240399106986 0 589.8572309900234
1385.369459589228 0 553.8202595135748
1333.543198034096 0 624.4131266692841
1321.950174101562 0 582.5516515687526
1376.061868172037 0 508.3293595631507
1410.782327861078 0 517.9728345552487
613.082624653638 0 1429.604456271313
600.0456913152146 0 1395.036186328195
643.1857670442882 0 1405.297813581046
554.5945347874977 0 1384.986573744279
590.3706387382965 0 1358.909613714648
519.0150404846411 0 1410.26039467652
508.4368222136321 0 1376.080585654389
583.0738776367683 0 1321.691459942326
623.9885430247443 0 1333.037006782562
1365.781960816994 0 46.53953548617051
1428.587379348962 0 48.03567432903105
1418.814175247614 0 95.89913398051499
1491.475845523613 0 48.59128983125993
1470.520760653747 0 147.8302777915223
48.07236464279913 0 1428.566242442561
48.59128983125993 0 1491.475845523613
46.67517505026808 0 1365.710804434034
95.97704846718716 0 1418.757279164087
147.8302777915223 0 1470.520760653747
1877.950532670276 0 604.1987700052019
1829.7814969422 0 615.351081158303
1844.526002226766 0 568.9495751081456
1814.542450103926 0 660.0994776488506
1780.751007205033 0 625.8873435104042
1846.742305728337 0 690.188918366344
1747.277169585714 0 591.4886351123777
568.8438011563526 0 1844.464617733081
615.1531423375396 0 1829.735774079134
604.019785337488 0 1877.885685715086
625.841345047156 0 1780.803010294246
659.7040680036533 0 1814.464331157807
591.5921080020892 0 1747.32113671297
690.0358628871013 0 1846.750493417328
1533.002347297543 0 980.9377834309591
1558.843046982605 0 992.9615125694854
1584.686161425046 0 975.0550012343247
1586.259143910662 0 1003.620229551274
1585.121005449767 0 948.2999387414532
1606.806700285006 0 957.1578062432621
1615.678497463821 0 1013.621822680151
992.8858364679621 0 1557.829483589616
980.7380915321078 0 1532.20669679175
1003.458114202714 0 1584.006758411103
974.814820089539 0 1583.041912693637
1013.717318968639 0 1612.497154045175
957.2844042375179 0 1605.068714783034
947.55986327255 0 1583.89417672381
641.4093597794638 0 820.3364483234503
595.9443741684547 0 844.8577995964009
686.4262972020421 0 798.7065389964822
681.0407572499448 0 842.0556127707887
732.4545565702888 0 779.4397808824358
716.5368956547461 0 862.9391144194217
679.5568737397841 0 883.7645744149244
622.729430789374 0 50.09042077482491
681.6468085148216 0 48.65704317419477
680.8502313825965 0 99.79029747276672
738.5746125888115 0 46.25273272850222
735.9436110167987 0 147.8326522131997
50.12475274740791 0 622.7452252901654
99.82559671882382 0 680.8024600016872
48.67707216003805 0 681.5954338801643
147.7509954034772 0 735.2517132183613
46.26340429092807 0 738.5666928419146
1551.793311926599 0 1793.751125577044
1590.69625580896 0 1797.673392557947
1575.109658228488 0 1825.763613855498
1605.463551328176 0 1767.847514370161
1631.12137812765 0 1798.691893516062
1583.742852733609 0 1739.411988386391
1617.058145479215 0 1736.911087148238
1671.55227417972 0 1796.019225085255
1656.474796843214 0 1829.546534940455
2120.24461893779 0 376.9542413644136
2069.104772315746 0 380.325524511778
2085.000661783532 0 338.1802259171899
2054.511725158485 0 424.2473486455904
2016.061205412849 0 382.9912295872888
2092.939484309407 0 464.2195972547183
1978.251867250945 0 341.6086970331545
338.5293167364065 0 2085.530610442926
381.3764615824039 0 2069.273131365743
377.0588804700004 0 2120.445609615492
384.3070611595006 0 2016.825138948444
425.7131928706962 0 2055.503724193659
341.4477879246758 0 1977.962323701868
463.1928040003859 0 2093.239904973352
1676.133246414676 0 1755.072834991292
1705.537814884567 0 1779.412761378341
1648.256765835656 0 1728.403651819101
1678.451229476796 0 1716.060691171987
1623.927333637161 0 1704.422932861492
1679.125658146592 0 1680.397158450572
1706.977737379825 0 1701.419544822837
1526.265870771308 0 1312.838598577638
1526.265870771308 0 1337.838598577638
1550.744568830965 0 1351.215714324269
1524.227250471944 0 1363.202593599818
1579.606846579461 0 1338.720793172832
1574.940814860045 0 1365.465459975435
1521.630589924184 0 1388.496005137885
1528.747235442298 0 1141.440847652715
1556.9859867097 0 1158.317177585422
1528.326948207433 0 1166.709630426885
1584.288068811733 0 1175.422245287797
1528.053944139677 0 1191.826071142566
875.5453355869585 0 352.7471063887234
874.7768904388053 0 400.1915096908093
917.1416670025519 0 414.3990924629722
874.1635429833141 0 449.8802317315484
959.0170823881506 0 377.123444426886
958.8100943955526 0 427.9531715980877
875.1343308073357 0 502.3210635265223
402.2761060208791 0 873.1061138668165
353.4860879504333 0 874.804998468052
452.8933861132386 0 871.6697762890142
415.8660012333412 0 915.6604059246437
505.3386430296507 0 871.4556722742723
429.1321710578768 0 957.3031272656274
377.843705762995 0 958.2934321590503
1141.02770283724 0 971.2070854618355
1157.89246854543 0 942.8709451342012
1166.555787174264 0 971.6055851463165
1174.067004031913 0 917.2935366067788
1191.809762759502 0 971.8755654359135
972.5266153500844 0 1191.417139122647
971.9611346544315 0 1166.359681313424
944.0579515220547 0 1157.198490982144
971.6379253306761 0 1140.81262803808
918.5181287165385 0 1173.295749957419
1151.768877491198 0 560.2292910654852
1117.797819450524 0 576.3913727685222
1118.40493958419 0 533.9560588774721
1117.834249008965 0 617.9026627610504
1084.481352981343 0 595.2421439259027
1148.599337166315 0 641.1480117863623
1117.259144366958 0 657.305879660121
1052.611151636 0 616.5358492474192
1048.468291401992 0 573.4300955672636
533.7239771688622 0 1117.066434841402
575.6098427844621 0 1115.50087882751
560.3978353670564 0 1150.635831493865
594.866241968356 0 1081.515183613328
618.2944985875042 0 1114.98641600422
574.5855862965823 0 1047.463785999575
619.0144240279108 0 1049.251480845593
657.9338923795539 0 1115.232871128194
641.4405566124153 0 1147.793898052043
1402.026198871578 0 2150.758627453191
1439.94651741731 0 2137.4184429692
1437.698407484505 0 2175.924424765377
1437.990221089452 0 2097.662018396227
1478.637425567626 0 2114.08695153227
1402.282930160998 0 2078.600191598781
1522.200432184655 0 2131.131082406657
2134.79960280642 0 2098.175582003276
2086.69197521047 0 2108.260911954391
2089.293678135812 0 2053.584203490994
2084.090272285127 0 2162.937620417789
2038.58434761452 0 2118.346241905506
2128.707483541507 0 2206.730813872388
2078.580786910722 0 2219.787462888893
1991.338131164321 0 2128.410158718196
1993.939834089663 0 2073.733450254798
96.219515974768 0 1553.322919990035
47.43407141958073 0 1563.192666762467
145.4117475587686 0 1541.937931151864
143.9625175370415 0 1611.582799722995
194.7685986339773 0 1525.189094109589
191.9694469015021 0 1664.734208699484
142.3022142587424 0 1689.578000287399
1563.192666762467 0 47.43407141958073
1552.922285324736 0 96.21910876137508
1611.159198263095 0 144.0096178336385
1539.224535985808 0 145.5003017466502
1689.578000287399 0 142.3022142587424
1663.815854729861 0 192.4378697370912
1525.181201279659 0 194.6965160793943
1582.341625403827 0 1617.149882161472
1554.466825359573 0 1641.346203695956
1560.996479326756 0 1676.540325799101
1527.586856201335 0 1667.146525445814
1592.317656577692 0 1687.650433678153
1570.398163254734 0 1709.000467329528
1501.37986203283 0 1693.398744661397
2206.362035614683 0 1878.069439484746
2190.100813178414 0 1819.425266932257
2235.448844149821 0 1835.930657036964
2142.658203737531 0 1809.740821171191
2174.669352405379 0 1761.65801659955
2110.436048306361 0 1859.926224639014
2207.50380552027 0 1712.013690832613
1257.777337781904 0 1677.242395565671
1250.282697431826 0 1709.687954828893
1230.013558597243 0 1690.955717152878
1276.167556797074 0 1719.691309864417
1245.914876348392 0 1740.233378510361
1304.148306072303 0 1699.075342686945
1305.111692797864 0 1726.097116918212
1245.079747777168 0 1775.184716259831
1212.757524511296 0 1758.83219651123
814.2812050160503 0 849.5157986894308
788.4186439448032 0 827.8213706224785
822.9363591705796 0 812.6556406550849
753.0855844366203 0 844.0626277234105
760.8650210276255 0 805.0261392321179
748.9034731650702 0 883.0152336023007
770.4758739850897 0 763.6527230221884
1206.025218342584 0 1939.040079461219
1196.856967414266 0 1983.186993791363
1218.840197774144 0 1895.208689359678
1246.90924001249 0 1926.116738635362
1234.868693572814 0 1851.158605913115
1288.157563115818 0 1917.676151148206
1275.281795867762 0 1954.869656690305
2449.581747274628 0 297.0265453768206
2397.388303175513 0 283.8201269747321
2448.398286358799 0 236.037902857548
2346.135044440961 0 331.8570190754995
2344.307263389525 0 271.7472266831892
2348.154312369623 0 391.2914312879349
2295.073272583635 0 379.2185309963918
2291.04726094425 0 259.9444802663525
2340.750123155922 0 213.7186069587465
236.0379028575479 0 2448.398286358799
283.820126974732 0 2397.388303175513
297.0265453768205 0 2449.581747274628
271.747226683189 0 2344.307263389525
331.980190462098 0 2346.082454763269
213.751429485922 0 2340.725831773021
260.8078445021914 0 2290.338627916665
379.2185309963916 0 2295.073272583635
391.2914312879346 0 2348.154312369623
1699.301951771447 0 2448.4767000554
1699.841898026858 0 2376.515392445635
1748.777241614057 0 2421.516979240909
1652.117514998686 0 2334.611359580425
1701.910944764408 0 2309.977999595695
1598.604124904879 0 2348.943088045592
1604.515661613635 0 2293.875842759293
1704.065811394839 0 2248.132785331172
1749.050361166612 0 2277.662631347314
1458.690042731829 0 628.9475170449502
1487.957883037321 0 646.8160951031482
1465.903877406138 0 674.4733693371776
1510.22515005312 0 617.2249074727625
1516.812073400495 0 664.5740876909622
1502.854857377072 0 569.2845224020823
1533.380449870869 0 587.2026846692794
1545.241828821883 0 682.4596361909503
1522.735766832244 0 710.9165102456805
674.1585143139536 0 1466.051345959006
646.9554986824709 0 1489.424518972456
629.3466513627757 0 1459.814527042298
664.3570961192454 0 1518.508579944976
617.5615899773541 0 1512.578112354492
710.0032683502984 0 1522.592711745553
681.898084843504 0 1548.37006610818
586.6014877920916 0 1536.233620782128
569.3857023744133 0 1504.918162505216
1612.207875962684 0 619.5188563033024
1647.631830967686 0 584.7000110310394
1576.781228187039 0 651.8050946737302
1573.321059251697 0 603.7484724765275
1565.725201477738 0 553.6887412717242
585.0118901536644 0 1647.674630923284
620.3452063121873 0 1612.593065000743
603.6176701718558 0 1574.283718736631
652.7178986567052 0 1578.628751618274
553.2824589238089 0 1565.689019712415
1446.576646784925 0 1847.68225280645
1485.385728212328 0 1849.475790790117
1470.182851647599 0 1880.320757531814
1522.664644587141 0 1851.422274388438
1495.500813130699 0 1913.611495811798
1734.272624895939 0 1225.144841930741
1775.752378613626 0 1233.715344847312
1805.192262483486 0 1210.047719286182
1817.592376715849 0 1240.551379627934
1794.831014116768 0 1178.664639051757
1832.973969750889 0 1183.063180451224
1857.986879683134 0 1246.522116445732
1939.61161519728 0 1158.807353172392
1922.098013089963 0 1124.328455616637
1964.177630707738 0 1125.172446662172
1881.878445719601 0 1124.397659439416
1903.492481687565 0 1091.136091772383
1858.619253164224 0 1155.474532787727
1843.586121648957 0 1123.762189108783
1884.086459232102 0 1058.882006856138
1924.238369990714 0 1056.616980999505
1517.797614799448 0 1490.089900886072
1535.897351495934 0 1505.863759169648
1554.275850771507 0 1495.353975612117
1554.955654590238 0 1522.539664436721
1552.562082043061 0 1467.372225586613
1570.392829401471 0 1482.393768285255
1575.471327871428 0 1540.309137650429
1541.193821464665 0 1402.869947342438
1517.648159751893 0 1413.558946471995
1567.387210178194 0 1392.580077906486
1560.012930494475 0 1418.541038949017
1595.270899189178 0 1384.534006253853
1576.505644906733 0 1433.025563200266
1551.574949835139 0 1440.276988273329
2261.283966066892 0 2158.842138103268
2219.082280207918 0 2138.714423328177
2263.885668992234 0 2104.16542963987
2174.102814320741 0 2173.196037013211
2176.921290466993 0 2118.491146811823
2171.187123105558 0 2229.090886400206
2179.562760151919 0 2063.721058906543
1185.203544524757 0 546.3543587051039
1184.13790079249 0 586.5166594989022
1216.693935108227 0 612.8881299555883
1182.698625719538 0 627.1960759245496
1252.394797723016 0 596.4205819080073
1247.249609811919 0 639.4490495268768
1179.451912756108 0 667.5905455477962
586.6118649388093 0 1183.509510672475
546.3709453747088 0 1184.645098369645
627.2402758341009 0 1182.032831655556
612.8351920321948 0 1216.345087176522
667.5286687131729 0 1179.671990303896
639.172909508431 0 1247.109399462203
596.4312529125614 0 1251.686458191249
1955.296851184844 0 1194.642914052531
1913.425350572234 0 1190.362439205272
1886.138747988703 0 1219.536513760073
1872.723148383395 0 1186.783647448081
1898.278013856453 0 1253.311725096559
2007.94453353073 0 1127.250634907117
2053.224322439928 0 1131.051944966986
2028.160182561096 0 1166.197290973496
2076.43118392575 0 1093.515715268987
2100.66351848996 0 1136.654913189343
2050.801434746986 0 1051.697756954341
2094.617028933245 0 1054.501059109335
2146.279348488112 0 1142.137057545555
2119.550419491351 0 1179.196761122931
378.2738724015024 0 375.8242747711042
361.2293691338376 0 424.6583115604351
328.3022306742739 0 389.7824095760419
394.8952792692105 0 458.8061877777162
341.5233244995388 0 474.3982855407285
447.709108546057 0 441.092435478746
429.1426933909727 0 492.4327644985231
320.3593813552653 0 524.6721201321679
287.872480393289 0 487.3149170752627
1035.672644454038 0 713.6292036566448
1060.41754123681 0 692.8635987107887
1063.53732685368 0 726.067121150411
1056.634027592091 0 656.3868523785618
1087.535763461879 0 673.8995246915775
1022.656853616927 0 639.8443965505398
1115.866136194863 0 692.2323977777503
727.8377782952232 0 1060.305664763404
694.2099916009723 0 1057.050491773492
714.9541146271215 0 1030.687477699113
675.1629059474899 0 1084.967195426035
658.0087669433103 0 1053.098435265698
692.9650859046661 0 1114.759429299299
641.4062938610452 0 1019.071208692221
1793.507984843437 0 2376.862957639017
1794.609464652976 0 2451.939035302488
1793.267297062487 0 2305.450380919784
1837.441534787718 0 2333.718657484187
1881.916504362164 0 2358.624707585995
47.43407141958073 0 1688.192666762467
47.43407141958073 0 1625.692666762467
94.86814283916146 0 1688.885333524933
1625.692666762467 0 47.43407141958073
1688.192666762467 0 47.43407141958073
1688.885333524933 0 94.86814283916146
2353.948158330729 0 1523.725576420712
2361.849517494851 0 1575.565750454773
2317.989277275651 0 1578.14604020645
2406.62458472448 0 1571.406611541272
2368.476497014099 0 1630.214301252931
2444.355843061841 0 1510.697603285945
2453.456198203363 0 1566.460224590563
2373.444763417035 0 1687.634857730738
2330.566826561604 0 1688.030083800405
922.7148823072616 0 517.1604176913627
879.5927508032685 0 553.5709288939611
962.6208850673047 0 483.1231487379134
968.4134154982171 0 533.3030662240704
1002.33036289743 0 451.0143414649991
1009.769913052189 0 552.696288180436
975.5999465754139 0 581.3521537564543
556.657817488172 0 874.3714641406644
519.4589926986569 0 919.174815753898
535.2616541281157 0 965.4624530519518
483.8062851335117 0 960.7118905021008
582.4881392112377 0 972.9226281007878
554.2315273116427 0 1007.956394884426
452.5193976739467 0 1002.039790946359
1793.381838152555 0 1036.338460140189
1811.308594276466 0 1063.471550026703
1778.726656973487 0 1064.900962541217
1846.437710326849 0 1061.182329716124
1828.023536765969 0 1092.584307147331
1863.568727311324 0 1027.63865159017
1807.904364022314 0 1121.474116527716
993.4902036275262 0 951.4515647975695
976.5560019449565 0 928.2513874385311
1005.451633974821 0 920.2106443789764
958.3417429305703 0 906.7883134120805
1018.327200553893 0 887.657767930115
2456.927454450418 0 1809.27772003618
2458.947899094744 0 1748.892855736594
2452.886565161766 0 1867.547448635353
2411.83446425651 0 1803.940304371948
2376.843697284232 0 1746.678567209782
1250.823516287657 0 754.9616637706617
1283.226033063648 0 742.4524815118264
1272.823605612776 0 784.0428117412982
1295.402358952059 0 701.0510187489938
1315.062034604625 0 730.7054621790903
1273.757778426925 0 669.1637594632963
1310.571402268746 0 658.132521426595
1346.509003637988 0 723.5106935684731
1333.662036966313 0 759.0011471089863
784.5982046267176 0 1272.076053619646
742.3338945412589 0 1282.553375092913
754.9552032834822 0 1250.521473946663
730.5397364973188 0 1314.317250463253
699.3882474286271 0 1294.901211548049
760.0676919632666 0 1332.29765216247
721.22410288244 0 1345.957672638394
656.5124612169953 0 1310.026977982399
668.336717062146 0 1273.558157709908
1379.895487568765 0 2025.811528117928
1397.796709491505 0 1998.049863179371
1376.144249941775 0 1972.693308489958
1418.696280859914 0 1971.95461693983
1335.32174316334 0 1973.849619758871
1633.718356032405 0 431.2237363078166
1612.078297216908 0 473.9866355073535
1593.24712923782 0 420.1017986628511
1630.336668519216 0 528.7021199392227
1589.442181667616 0 514.9014988733201
1672.411985796522 0 542.245057476633
1550.021091433614 0 501.2000656929306
420.126905824128 0 1593.258340849637
473.8423276966034 0 1611.990671431021
431.5784077487201 0 1633.813776879899
514.6365108940457 0 1589.336793393569
528.6102038141305 0 1630.170422615155
500.5252328093584 0 1549.621349621673
542.340247018485 0 1672.381486546343
864.1900298920018 0 1020.680253180869
877.363298796732 0 988.57335092345
863.2097966594004 0 963.6692472215082
889.9458957833269 0 955.9965356404938
836.8638859551594 0 970.7612540559575
849.5913344728674 0 940.000784726755
901.7152751703361 0 924.4167943059172
2449.581747274628 0 359.5265453768206
2449.581747274628 0 422.0265453768206
2399.163494549257 0 406.5530907536412
2449.581747274628 0 484.5265453768206
2348.154312369623 0 453.7914312879349
422.0265453768205 0 2449.581747274628
484.5265453768205 0 2449.581747274628
359.5265453768205 0 2449.581747274628
406.5530907536411 0 2399.163494549257
453.7914312879346 0 2348.154312369623
1163.087682208334 0 2050.306393131463
1126.929483510846 0 2068.274561669502
1124.793021226368 0 2020.301036657037
1133.203328294815 0 2116.54254322741
1089.884800243349 0 2085.139371914693
1178.028315630354 0 2147.676402450239
1136.378031482867 0 2161.41755811953
1048.245468485469 0 2098.300458015242
1047.098803965247 0 2054.220976016642
1365.322407514785 0 1783.683066125769
1385.309796823208 0 1753.923443511008
1367.725088933108 0 1726.640492056486
1402.768627525213 0 1724.111906855824
1334.996369806788 0 1728.119056676654
1351.883218685758 0 1701.683056598024
1417.756017228121 0 1692.928641984228
391.5676963383085 0 327.2293893547362
428.1454285524262 0 357.835315166168
479.1789179912555 0 337.9216616859424
464.2152824367602 0 389.5542554221352
490.6815588765376 0 285.6507766749364
527.3380183853321 0 317.1819118465651
499.9910519421187 0 422.3916254271667
1947.376674694881 0 1614.265366073355
1959.820610453179 0 1573.757536348228
1983.515402750288 0 1613.473356777358
1937.305816327201 0 1537.156287153525
1967.813136967991 0 1528.972397420276
1905.685325573358 0 1539.992771969416
1914.986817202235 0 1506.726766212917
1974.993033660699 0 1485.682875169713
1997.631216316423 0 1517.265776401915
1114.952929712324 0 1525.061426157256
1103.739249509625 0 1552.542189214316
1119.699317923158 0 1576.206716368269
1091.892032099401 0 1581.524474318646
1146.299579253855 0 1571.356072281642
1137.776160699328 0 1597.033877249298
1079.252531180254 0 1612.447453490946
1344.069859794984 0 1814.142934618541
1325.761117647348 0 1783.760787432524
1283.933542999164 0 1781.801727811511
1310.868587015191 0 1754.534235380838
1258.15508675983 0 1812.437680571857
929.9569060425307 0 221.0182538197591
912.1445235703345 0 264.9373736690299
888.9908528148906 0 213.7260256440004
935.5808029792425 0 321.030409047958
894.0120239790223 0 308.9686827461288
977.0318739683636 0 332.5577359059116
852.4292565249885 0 299.387487755253
214.5237651876796 0 888.8529977511307
266.2337254983794 0 911.6959353767083
222.6930778112951 0 929.180935556601
310.2358171395515 0 893.5579921144126
321.5759974615162 0 934.8632993265473
299.2138312187687 0 851.8247390184813
333.0273994465634 0 976.277065326359
1812.244209815596 0 533.2696486743342
1765.391948016855 0 543.4892268265589
1782.820851544514 0 494.48523029026
1716.458738837162 0 552.290463364596
1758.238923870585 0 454.0236661183866
533.1872155732381 0 1812.190134963565
494.3361103643929 0 1782.750187822153
542.8467317580196 0 1765.463638633099
454.0220842370686 0 1757.672403900911
552.3028044756948 0 1716.467664375102
1711.070033164658 0 833.2353668852268
1715.540136026337 0 872.8239824359028
1683.137740939909 0 859.0253045980919
1746.321265348282 0 892.1428457962272
1718.696974000404 0 907.941868161997
1777.60512002819 0 876.6740834526238
1775.027049803645 0 914.6041402267583
1720.117181149842 0 937.8193387533577
1693.880166872243 0 924.6862289828421
860.1546470587009 0 1682.737536324765
874.3354830275221 0 1715.26327238879
834.0005817218678 0 1712.102870083318
910.2508913144796 0 1716.72185640244
892.3131589152053 0 1745.268728821258
926.642941384707 0 1691.8961488941
941.018870928064 0 1716.012390175901
916.9988247997077 0 1773.532530686479
878.8055337424685 0 1776.065451563681
1050.80719487389 0 254.2765392648776
1012.453049592767 0 241.6665577163508
1026.388714427129 0 203.6427907132756
995.50256041214 0 285.2172423335903
970.8827099444076 0 233.8218959111344
1022.153190985942 0 334.1810771901412
948.2310310995242 0 180.0402933638125
203.4865022106919 0 1025.823767294313
242.9078558301906 0 1010.798238818339
254.4704557017295 0 1050.592306396685
232.9244223706987 0 970.2784938492663
285.4551670305003 0 994.7758437854436
180.6869496347103 0 947.4027246922167
334.2803255782285 0 1022.160195933165
355.3041963888071 0 558.4337902295136
299.8927903001103 0 571.2470827672427
409.7324431257814 0 542.8730019789695
390.5250538104013 0 591.9334110546575
463.1966802523466 0 525.4833220911555
425.2105492636182 0 624.9531685118284
372.508897705083 0 641.2038430577552
2448.313897401562 0 2092.261850493829
2451.583033115186 0 2151.446863890287
2399.719956156484 0 2120.513995922702
2452.091214295561 0 2212.682966055004
2353.576210044268 0 2147.174179944305
1058.939936616166 0 44.09623859663088
1075.041235220387 0 98.28450829737358
1016.10129860422 0 54.18826970074247
1129.973433506248 0 140.2682042459001
1088.470708271071 0 151.0644162327133
1176.453215067123 0 133.382101879055
1180.897893461806 0 180.1393575463226
1103.236094098523 0 204.5485050507541
1048.303895812661 0 162.5648091022272
54.18826970074247 0 1016.10129860422
98.3102742249896 0 1075.036899878125
44.12200452424713 0 1058.935601273905
151.0730048752519 0 1088.469263156984
140.2939701735163 0 1129.969098163987
162.5648091022272 0 1048.303895812661
204.5485050507541 0 1103.236094098523
179.5615142495085 0 1179.409769018556
133.287826126719 0 1176.029234728426
1936.224041067007 0 827.5117652624423
1948.023141507361 0 785.2106255706693
1980.529561606519 0 819.4488725108108
1913.49584492509 0 751.7769206206856
1961.201740951368 0 743.0235306716716
1867.858159376954 0 762.6295363608816
1878.769320158557 0 719.7631748741821
1975.534110665349 0 700.4818935276325
2008.980357721423 0 734.293819538233
819.7773456262258 0 1980.178394029793
785.1234293632241 0 1947.704524803076
828.0505859996027 0 1935.537969693391
743.1186500688132 0 1961.06009014421
751.3581622373763 0 1913.206567935033
734.5655324537773 0 2008.1830666844
700.4593662324244 0 1975.66407014123
720.3836969918873 0 1879.688901936262
761.4750737391662 0 1865.985006443621
1312.554347402677 0 972.3234099208659
1337.548152025441 0 972.2409530856434
1350.077355737547 0 944.2297152407027
1362.548091661837 0 972.2401496814907
1337.575184603072 0 915.8008966002436
1363.60105583866 0 918.1130042508006
1387.554347402677 0 972.3234099208659
972.3234099208659 0 1387.554347402677
972.2409530856434 0 1362.548152025441
944.2297152407027 0 1350.077355737547
972.2401496814907 0 1337.548091661837
915.8008966002437 0 1362.575184603072
915.8008966002437 0 1337.575184603072
972.3234099208659 0 1312.554347402677
2456.797339555943 0 1626.059047668154
2458.301335286177 0 1687.076248572435
2416.017653686548 0 1687.221554545426
1876.647482742487 0 1311.181089814231
1846.959297197273 0 1332.767288812502
1851.634713420531 0 1362.830657920606
1817.836752738061 0 1353.42721398039
1884.746275321776 0 1373.613034085824
1855.657622498044 0 1391.972909286969
1789.820458039497 0 1373.69907624988
1217.707958391921 0 767.9870574253794
1227.577741875046 0 725.7405290261856
1203.581224149577 0 696.6208557838229
1238.340363938056 0 683.0311731781733
1169.812635451156 0 709.767626738274
725.671101557019 0 1227.634755306006
768.0595716563664 0 1217.623055874333
682.7238087365527 0 1237.972560251143
696.5694648018488 0 1203.594801483988
709.9963114042098 0 1169.536758749336
1926.033407661811 0 869.7326806925021
1892.73992874762 0 837.1288474958229
1851.679481846525 0 848.8552891739879
1858.795112021414 0 805.4938112684617
1844.93969165136 0 891.4700238414844
1812.136757707136 0 861.4462504400286
1824.774411077395 0 775.9867419904319
837.4260184101016 0 1891.846078718756
870.6623889338965 0 1925.148087818893
805.2936127630741 0 1858.523582204355
849.8107564939944 0 1851.068551526871
775.3943463571021 0 1824.504085948948
863.1444279850576 0 1812.170623813133
892.9771485414176 0 1843.331123601026
2259.418960214012 0 50.42709970845704
2206.776688239099 0 98.44254796563791
2197.057302201877 0 48.84002162190427
2217.237022680132 0 147.8016840457867
2155.206931548646 0 145.19540241645
2277.098520340114 0 152.2212876171279
2227.767600492811 0 197.3026346936504
2105.92501176935 0 189.8430836730449
2092.564830362424 0 142.4446203508583
48.81933207427301 0 2197.211472088062
98.23330534042907 0 2207.050015569689
50.42709970845681 0 2259.418960214012
145.1954024164497 0 2155.206931548646
147.8232695550014 0 2217.166121473672
142.5019514503572 0 2092.490731169171
189.5673851810918 0 2106.314618812363
196.9144866155355 0 2228.429564811741
152.234089544537 0 2277.159318741416
1300.127082081935 0 806.3376714025721
1271.799779002275 0 817.9579300628097
1328.693536920894 0 792.6707703876293
1325.525308460692 0 827.3790103863392
1356.538267323948 0 779.2812023646964
1350.565560800891 0 847.7175326291663
1323.804246969603 0 863.6398657212233
818.2907581779968 0 1271.689738131562
806.5984339422864 0 1299.691045004595
828.0833440318913 0 1325.600889654859
793.5732678604675 0 1328.260620006611
863.6686392708816 0 1324.038327946627
849.4802563839531 0 1350.993125600679
779.4931026118325 0 1356.195277353053
1636.018808265394 0 338.0425898649053
1681.674646719702 0 347.4121722957211
1656.595622591469 0 389.5164334734599
1712.033862669773 0 307.2014434290495
1726.795045832881 0 360.8688145421199
1702.482668422112 0 243.6938081938349
1755.542654790935 0 259.910111474011
1768.53168191188 0 376.4882203066945
1739.274340594138 0 409.9816964667227
388.7667511814967 0 1655.506214700762
344.893002300679 0 1680.663734890723
337.8187309737307 0 1636.105530576066
357.0147662833808 0 1726.323573972406
298.9094818668052 0 1713.886975260989
408.7855249302731 0 1739.302198756541
374.5612417251855 0 1768.888463351414
254.6509572220284 0 1755.920025335119
241.4676310848836 0 1705.279051239746
1443.863139968138 0 699.2346760095675
1421.459404475901 0 721.9306810417983
1416.247223244982 0 683.2526786223307
1424.62981016626 0 759.6240415272121
1401.756650784001 0 744.056013931239
1446.723430398905 0 774.9260833328087
1426.038321974876 0 796.2652272097083
1382.884038938677 0 764.4768918310298
1378.283505879883 0 728.5986087835512
683.5531798503686 0 1415.113145426654
721.8284305635447 0 1421.078111785968
699.125645347392 0 1443.150581065478
743.5814996751839 0 1400.995510458062
759.7447841400574 0 1424.729221025768
728.8339574974867 0 1377.340324470274
764.1284139371805 0 1382.341235727448
795.7858318322709 0 1425.603772553505
775.2776740326126 0 1447.863458015092
1660.557134460966 0 886.4898494158514
1649.221542745153 0 854.6360010621293
1667.664260103852 0 916.9789156779825
1640.839691885532 0 913.6114131032048
1672.232502398676 0 944.1092621011886
1625.478986816644 0 937.2548792210866
1615.517810806879 0 915.1411442124227
853.366744229199 0 1649.600135529648
888.1028349976137 0 1659.282888787491
914.7694587845792 0 1639.166563246039
918.6715643221941 0 1665.861583076792
913.2820195194104 0 1615.414362005514
938.4231126522027 0 1623.801862503929
946.2779328503823 0 1670.856347285897
1431.67923164052 0 2215.574649568328
1417.048522329021 0 2253.531944416893
1382.142789581223 0 2225.576094847508
1457.709337199284 0 2285.979339686217
1405.180580991915 0 2295.691845383346
1509.079993075654 0 2273.271832210957
1498.618360294433 0 2320.221667879821
1388.400016944889 0 2335.451843530917
1349.747794899755 0 2302.637773426984
2008.62131024438 0 1633.071057208644
2060.180707955405 0 1632.7589621317
2087.674745964448 0 1606.603081683843
2114.746511814301 0 1628.728918843953
2060.602980114596 0 1584.477244523733
2115.733696053328 0 1580.784635218463
2169.877227753034 0 1625.036309538684
2163.867635802326 0 311.0497982711715
2205.788701505572 0 330.5618784331091
2168.722297728587 0 357.8254557873645
2246.194034818893 0 298.5257335573792
2249.538560168124 0 352.3970727765349
2238.602649848832 0 246.84926753948
2248.878140097068 0 405.9846392579984
358.0725762812425 0 2169.50092295281
330.8322696856329 0 2206.060236129103
310.7810899962337 0 2163.876230496095
352.5513346907928 0 2249.819499390763
298.8782124954571 0 2245.96181139186
406.2614577416575 0 2249.332269225644
246.9895867190296 0 2238.563546368525
2238.977523193148 0 1991.217766207459
2222.831697163819 0 1934.991077620527
2252.729208167161 0 2047.593848499968
2208.110164912069 0 2027.004686131346
2165.064341859108 0 2007.613550122135
1387.545975450509 0 1520.533823976886
1362.206716729597 0 1521.997268621351
1349.022047476145 0 1545.837009726833
1337.059824681812 0 1522.464544474079
1361.483870127565 0 1568.870536130147
1335.621183054671 0 1571.141299457129
1312.10073289247 0 1520.6948084275
2043.070145624278 0 1206.431814255846
1998.716613858375 0 1200.029799765754
2088.347639776072 0 1213.97605468089
2051.442945802659 0 1247.184856275753
2134.063692353518 0 1221.70149930864
2056.941463218805 0 1288.610697929228
2015.771639713824 0 1279.537252205705
2060.619405486462 0 302.576285957878
2112.80418182531 0 301.9810008532695
2004.539847675848 0 302.2155254841446
2035.090210081695 0 264.8580087965685
2068.825743301408 0 227.2468154829744
302.00747578701 0 2112.922296293014
302.9484197336164 0 2061.380097178515
265.0169626937086 0 2034.984417240235
302.4522966534748 0 2004.955662485992
227.3646182097696 0 2069.394903686951
1454.597836659462 0 2456.419319164434
1470.096956455546 0 2411.080478912813
1513.978036528008 0 2452.749162252762
1428.550204211688 0 2372.40646949129
1485.862234333457 0 2366.183875956528
1371.19294644565 0 2377.97846470442
1541.934109584024 0 2358.247486758288
1781.517397266937 0 1445.598904148433
1804.068896381123 0 1427.461107601986
1809.487649000765 0 1452.494519498379
1797.751348915833 0 1401.070524069926
1828.744424848951 0 1409.776787338592
1765.448864940051 0 1393.475162391486
1858.928674020803 0 1419.762960814792
1272.495313058181 0 849.6654376927841
1246.455763947238 0 830.3034811466139
1299.18604408838 0 871.7786279016759
1274.689746781778 0 880.0049155820266
1325.619078990673 0 894.3626798102397
1276.686030565482 0 908.0087595508539
1251.20888507062 0 888.5445247857226
831.9847010210948 0 1246.455485464505
850.0473550240969 0 1272.723628811609
880.0889477296045 0 1274.527712067329
871.8058443794124 0 1299.088352407235
889.1111119073871 0 1251.091686749409
908.1211771995174 0 1274.475391972147
894.2027929572033 0 1324.330379434985
1648.387685461068 0 1482.573191375368
1621.909801269309 0 1482.34437450065
1643.378244939051 0 1454.636452052533
1599.206775144141 0 1511.035875940107
1595.978874664483 0 1482.311051090418
1602.790189665899 0 1539.554786418222
1593.092223219163 0 1453.434904845778
111.432659632334 0 49.72645189680316
50.51469352808749 0 50.51469352808749
170.7685918408267 0 48.14996863423357
158.7832853689142 0 98.66466216232106
228.6759867723171 0 45.86152438008548
203.4383796526261 0 144.787301535951
151.5440805842625 0 151.5440805842625
49.7304152593988 0 111.4286962697381
98.67655225010844 0 158.7713952811268
48.16185872202095 0 170.7567017530394
144.7646812470466 0 203.5639343955174
46.07519753228826 0 228.9339911794043
1615.566257290092 0 862.4565043524784
1629.303273884207 0 826.2402164566361
1602.024941499787 0 895.2220957301762
1583.93010483246 0 873.5658314746022
1589.881537564367 0 921.0439995740901
1554.758478316913 0 886.7384088730589
1563.059029417858 0 853.5216629030972
826.6319430030007 0 1628.33255853847
862.4451592625906 0 1614.174973733485
873.61753640801 0 1582.924247177173
895.3016539228264 0 1600.998467469636
853.6618603272557 0 1562.397586536953
886.5938059246187 0 1554.097702798966
920.4727725841441 0 1588.674482712845
1892.726053740499 0 1666.5030065383
1923.993313416655 0 1644.961247873129
1857.990847160002 0 1683.827780444454
1857.929147901084 0 1651.197886735124
1824.450943711949 0 1698.921348235914
1827.299979271648 0 1638.724513597884
1855.143032178379 0 1621.170290731094
1470.51444628663 0 716.6275540186788
1496.506433670246 0 732.7171148890693
1471.320120315165 0 753.9347703527028
1522.69285241366 0 748.7052747171473
1471.50003120717 0 788.9620203161654
715.9611591846127 0 1470.055190928444
754.2856162950181 0 1471.269276556492
732.4538886046545 0 1496.408284507957
789.6546077650959 0 1471.791872169958
749.2130442417446 0 1523.195179608578
1775.10705977691 0 1010.238792702499
1807.268929161101 0 1003.53210408116
1820.509354857183 0 968.0227315992122
1842.002872256671 0 997.1809023302591
1797.823861406236 0 940.3604006449668
1832.950531020986 0 930.6887940319248
1880.232729385112 0 991.4622790345179
1009.911890900017 0 1807.646787124453
1016.3459425794 0 1772.912946648235
1002.621387360875 0 1843.160605299294
972.5908064683132 0 1820.676955352578
996.6326273975399 0 1879.324784922126
933.7271292925737 0 1831.997863251592
943.6979282342494 0 1796.783636844794
1515.686038410269 0 1727.50310169747
1550.4793489875 0 1733.87837618157
1533.263640961217 0 1761.294911924937
1673.988329937125 0 442.2282848141524
1716.741474961481 0 451.061061136716
1694.202869358547 0 497.7253582749279
442.2282848141524 0 1673.988329937125
497.4156077839225 0 1694.305268291493
451.5024572415356 0 1716.0038785128
2216.120273072906 0 1032.439377792656
2177.00866415521 0 1041.033213956742
2187.881964943723 0 998.4203891633422
2162.712417369852 0 1090.24344387624
2135.604932421111 0 1051.267930187235
2191.867363281595 0 1130.351889412956
2110.501356548189 0 1009.286498234969
1840.366579175017 0 325.8110790026084
1803.419460149904 0 350.1029673194739
1798.421999899806 0 291.9746924830058
323.795940596835 0 1840.682236327521
289.3297283004322 0 1798.678838893107
347.4068731433144 0 1803.41033263696
1358.447925463504 0 358.6912613783322
1340.435793479304 0 396.6408783640586
1322.994683773732 0 359.2007862632977
1356.192250947806 0 433.1158500123246
1323.952123859741 0 436.0753664733916
1387.965698328006 0 433.4600712159267
1369.020407359845 0 470.2760865474085
1306.142525061837 0 473.6634033610767
1291.684801140889 0 439.8381785894342
358.6010484367521 0 1323.222091278768
395.4854795703629 0 1340.351544735696
358.4739874037098 0 1358.226009570225
435.7251727753086 0 1323.720810190079
433.2590108900326 0 1356.562109706504
438.4999288439585 0 1291.420722451245
473.2972337418743 0 1306.086111224492
469.9961364593728 0 1369.74609540589
434.3874819278369 0 1387.706249964342
1285.602006604501 0 572.0026160754794
1315.460849633735 0 541.5573690939439
1310.827601668297 0 505.5346596782905
1342.968879029716 0 507.2748916727247
1279.659674192231 0 501.3421620503204
541.7868671755904 0 1315.368678831768
571.6811787780987 0 1285.152617782738
507.5182378925347 0 1343.051091180463
505.0098987678455 0 1310.64957043501
499.1624517860564 0 1279.407494807429
1384.209492180744 0 671.323999006775
1363.829029943134 0 697.7213054716088
1348.780327573783 0 662.9868413635301
672.316699232013 0 1383.673531112727
662.6842898097188 0 1348.443970949229
696.4943060475384 0 1363.97407938007
1708.009640622817 0 1638.600051388819
1739.028668210277 0 1625.28450062259
1737.220323311742 0 1654.63176914174
1740.147808272301 0 1595.653999677787
1768.77822670168 0 1610.591657385606
1712.349980932505 0 1580.801198741272
1740.283533276461 0 1565.779857262048
1797.202072903146 0 1595.191434594446
1798.02780236384 0 1625.312764455122
1984.367763678063 0 2189.602645722491
2026.993269121724 0 2231.901573619774
1976.330820268226 0 2248.92692116133
2070.16034836728 0 2278.263645095124
1967.712560185434 0 2304.597796312387
2130.807712732278 0 1399.467194974191
2133.485412981498 0 1340.900852994916
2171.25287700441 0 1371.534503833413
2095.407189866585 0 1313.683598658671
2134.43380682354 0 1281.875238267311
2056.661067394586 0 1346.186419048376
2173.399830737379 0 1249.371258210757
2070.111490225464 0 47.44378019657734
2133.969818402968 0 47.93005712996296
2079.87544581894 0 94.99537503091597
47.92018998774529 0 2134.028452797313
47.44577383932938 0 2070.120632763967
94.99537503091597 0 2079.87544581894
1424.396930345476 0 826.5325405194505
1401.552895721783 0 813.4499271653799
1376.172192772327 0 830.2824996766329
1378.978857454274 0 796.8398103374287
1375.288646979886 0 865.2993248464199
813.236270200596 0 1401.276878909545
827.3903017203343 0 1424.114279723568
796.9503839183296 0 1378.673112705847
831.0913468369245 0 1376.020008521104
866.0921933412412 0 1375.260981925437
54.26248012054702 0 2381.42723942382
57.00832008036468 0 2441.784826282546
51.70555984582052 0 2320.921719950615
104.6895798290038 0 2328.346199637832
158.3783221548999 0 2335.10858462036
2441.784826282546 0 57.00832008036514
2381.42723942382 0 54.26248012054725
2328.572719619898 0 104.3731621384468
2320.959473280959 0 51.65282356406124
2335.150251354492 0 158.2894075647814
2444.849149496345 0 115.5719249984904
2447.806555900884 0 174.2935815979117
2392.124979531699 0 165.5265920160618
115.5880216729813 0 2444.836142592776
165.5574116790981 0 2392.096785014302
174.2935815979115 0 2447.806555900884
1012.063192919752 0 735.0003516158172
1003.369878119664 0 701.7073712761651
968.2552784344974 0 691.2281664349746
994.3095989676042 0 664.6890450335609
944.6791811660527 0 718.9404448566008
930.7263030574077 0 682.4282272222939
985.3032079123398 0 624.2807249331889
703.1876940933253 0 997.9553957729188
736.7523367043494 0 1005.015947888419
666.3751500515915 0 989.7606135167879
693.496615060703 0 963.0010526293609
625.859207737969 0 981.8287610278918
685.3019370170589 0 924.6491506386723
720.7472565590282 0 937.9634478378239
2012.085669006843 0 1587.569129018922
2018.758921042056 0 1540.58919359997
2039.696833128418 0 1562.765470800269
2026.038784545499 0 1494.916987318464
2067.787548317483 0 1537.411527811724
1746.957463412739 0 812.5188201898892
1785.206913274362 0 793.1396539311561
1780.914182101523 0 836.0528364896365
812.2318182641898 0 1748.334095967775
836.6330811285266 0 1780.93489679656
792.9899245291006 0 1785.961442637683
2250.247735083409 0 957.3001067288171
2284.477205226272 0 983.7329084031882
2257.483363947654 0 1019.614450600163
2310.171849406419 0 948.9934262590607
2317.379133187883 0 1011.309897866606
2302.506000593294 0 886.3288074598174
2336.175667332398 0 914.4501368974634
2350.437647998548 0 1039.08419439722
2324.212887186031 0 1073.271839073856
1017.109138780582 0 2258.057584855064
982.4792530306606 0 2283.503155796998
954.7986426106681 0 2251.286796186389
1010.159863450653 0 2315.719515407608
947.8493672807394 0 2308.948726738933
1072.470359620567 0 2322.490304076283
1037.840473870646 0 2347.935875018218
913.2194815308183 0 2334.394297680868
885.5388711108258 0 2302.177938070258
995.194613474231 0 2188.330263074878
1043.047986856644 0 2180.655201014893
1034.849559490863 0 2219.732588148997
1046.433675807062 0 2139.941479138128
1091.116909048543 0 2172.721247858373
1004.81689536092 0 2109.913298719894
1134.880174125745 0 2205.689053704527
573.3078107889372 0 297.5181347056805
562.2168610328176 0 351.3942423571179
596.2550759987278 0 386.5014854185455
549.3595421438208 0 404.1648933646193
644.5151976691953 0 369.0458975068627
629.3538896192808 0 421.9627849599659
533.1691741225095 0 456.6478560996973
1604.308992054107 0 801.811967662837
1570.695171718478 0 818.4242751089037
1577.531333082789 0 780.5491997934553
1540.419656010905 0 834.7792391737719
1547.324364682007 0 764.7133592749931
802.8094212703872 0 1603.321780973466
782.4693764144165 0 1575.913593167257
818.9111177414629 0 1569.774962330137
764.9127536013658 0 1548.493000378443
834.9263715799977 0 1540.558803723909
1967.870555308592 0 1231.785841169309
1975.846689551772 0 1270.077336686298
1936.724756088369 0 1260.77840892778
1980.981463811313 0 1308.572255261419
1906.083274384202 0 1287.050676770248
1287.143666964216 0 363.918001546881
1300.57905501262 0 321.0737399264656
1272.860028268814 0 405.7614942669993
1251.8252274874 0 371.1597602805936
1259.477395668372 0 445.7283315169798
1216.016625010774 0 380.1509884380509
1226.73153737038 0 336.6306009098452
320.5654706245589 0 1301.73579666296
363.6045755610153 0 1287.615954348685
370.9996664431162 0 1252.568539601734
405.3527456839793 0 1273.2633711351
336.4600043559299 0 1229.906783045356
379.9803642940814 0 1217.16487902815
444.7507235808579 0 1259.905713460658
1120.201877429237 0 43.62482834254661
1180.054981517814 0 42.66410912232845
1176.829726625665 0 87.76462251868861
42.72105729456644 0 1179.674016788531
43.74408119705777 0 1120.181812095372
87.80652149583193 0 1176.607571605779
1556.432184961841 0 418.5145011357092
1579.295111967726 0 378.0684345263152
1536.016334029636 0 455.6554761471843
1521.269477868955 0 413.6934277889525
1514.532749724129 0 491.4876265332937
1486.80985074593 0 407.7101688033798
1503.705574468549 0 376.1461883104557
378.0684345263153 0 1579.295111967726
418.5145011357092 0 1556.432184961841
413.5989793843287 0 1521.22057881336
455.3671987658195 0 1535.914636912407
376.1084653682938 0 1503.718910493332
407.6232322414105 0 1486.576324327027
491.4681115796856 0 1514.53684194167
2387.8303864201 0 2447.605537556683
2444.973559188556 0 2444.15423305769
2329.055265369263 0 2448.451143660819
2341.33236849095 0 2396.933529819513
2272.075426907474 0 2446.322657031754
2299.622487625245 0 2350.417533538068
2351.619354994732 0 2346.818835193026
1760.690585221342 0 1464.071387370915
1751.924178446785 0 1439.499094687851
1721.421579290315 0 1434.980166325484
1742.982860343825 0 1413.884321757028
1700.242921011388 0 1457.856078777183
1690.186931543035 0 1432.593190585927
1733.518283031114 0 1387.305120445961
1744.981423832241 0 1018.183757117645
1756.5259959962 0 985.0750552854196
1737.996561518028 0 961.0935669943641
1766.728446748922 0 950.6335782888526
1710.531060882528 0 971.8111697738234
988.9098000121685 0 1754.042944253751
1021.586636652237 0 1740.498444578599
953.9062927313722 0 1764.901512052586
963.6884690309106 0 1735.130929494897
971.5240355342154 0 1707.208105710798
1651.070087012328 0 1971.632059298252
1639.691190938087 0 2005.576993648135
1606.498726041988 0 1989.308108524931
1675.22951613796 0 2024.26134672729
1630.723771728604 0 2043.158775472336
1717.546828489152 0 2002.562981204726
1713.724326123855 0 2043.530462037772
1617.912918957052 0 2082.012101549427
1581.371661884355 0 2060.874048421234
1636.801951771447 0 2448.4767000554
1575.973832529256 0 2451.535735966542
1588.279988299455 0 2401.225862308163
1508.992750382584 0 967.1806329859892
1538.912798268784 0 950.0424905465652
1545.800617677406 0 919.2507692247084
1566.328883834336 0 934.3930798530873
1526.978251147753 0 901.5418989579673
949.7813566016027 0 1538.13124909322
967.1717419559582 0 1508.973909067664
933.8939347348571 0 1564.824517812078
919.1464757974832 0 1545.029060741024
901.5152258678747 0 1526.921727202991
1600.402840191941 0 1922.255096072266
1618.367862395035 0 1891.610323639773
1638.039423055949 0 1925.11350909048
1596.966704006231 0 1857.795793414
1636.572435448521 0 1861.40974055213
1559.173940872478 0 1854.80809881299
1679.582871683197 0 1861.716371079021
2121.114575829238 0 1439.461983052953
2086.90000839545 0 1410.67314948534
2046.811962303632 0 1424.526762353401
2055.383422802597 0 1386.25956862919
2037.900503596724 0 1460.756023653377
2010.424140901191 0 1438.537430552493
2017.41447516141 0 1362.76033930546
1797.112804153355 0 1500.429825881078
1779.499239212007 0 1522.277840331894
1769.958307902657 0 1488.584245839728
1789.765394951482 0 1559.628803294838
1760.348277770628 0 1544.900734957735
1818.360944887549 0 1574.304853584151
1732.324742198769 0 1532.494071982527
2156.748623507598 0 2440.551426848367
2219.248623507598 0 2440.551426848367
2096.023055528353 0 2443.548343712629
2127.448349530239 0 2384.93486646452
2035.306271994389 0 2446.004322473218
2098.16999394382 0 2328.663142014171
2154.959097684665 0 2325.651390910748
1189.242185078846 0 1520.483270861665
1165.009060388068 0 1522.339164598543
1155.494398005942 0 1546.545043671725
1140.019125365685 0 1524.323142650854
1171.432175838049 0 1567.380905880708
1925.304140272623 0 592.1631583251136
1911.836373696821 0 639.1026869421785
1943.685571921722 0 669.7550534131203
1895.177178001973 0 679.7107305152642
1992.012779817448 0 659.8806041138116
638.907792449148 0 1911.743185544695
592.5120266730232 0 1925.424343984836
679.9385290591209 0 1895.51194261646
669.9357158498938 0 1943.9490812262
659.9672061064555 0 1992.222431634225
1450.702296113409 0 582.0191594385619
1441.455931567309 0 534.9526131571515
1472.002294471185 0 551.9946647687075
1431.563436927332 0 488.1219348472272
1493.546791079185 0 521.8290117170932
582.6419660646455 0 1451.722325021957
552.1779110818509 0 1473.075426610931
535.2984171180883 0 1441.772071896424
521.4014948003171 0 1494.514307542677
488.9530635877138 0 1431.231934168182
1628.492771856983 0 1429.787662148241
1655.541850087729 0 1430.038046497614
1602.337457420344 0 1431.028418579294
1612.429173294534 0 1406.210596949655
1624.363829226967 0 1378.916438132164
1909.069395816833 0 1607.140614808132
1874.477443082492 0 1597.203104339295
1891.633701449745 0 1570.530037378678
1844.655187155106 0 1587.745261194122
1873.902685332673 0 1537.898576415774
476.8685118437425 0 1158.126968046638
445.4415447543544 0 1127.875292225643
490.3851089839866 0 1120.494759621699
400.6376976902487 0 1138.42991942662
412.8291636308331 0 1092.604969307988
389.9209576117651 0 1178.887184493545
356.3966160577414 0 1149.395067811119
376.1885405995602 0 1054.877632536735
428.1478651753766 0 1046.227211140275
1121.222171465384 0 490.1995502503828
1127.74533365344 0 445.3528408350411
1158.071258537037 0 476.8928187471151
1091.714011902015 0 412.1697576015356
1136.437718538677 0 400.9184488591866
1043.32404019107 0 424.4442989903313
1054.638121828329 0 376.0759091238318
1146.619502185649 0 356.4561569406455
1177.573184445682 0 390.1299142639006
2448.799372342263 0 2386.472936092335
2400.162194244667 0 2338.770974724272
2451.930776133541 0 2330.016588073735
2357.652854115983 0 2295.306115265814
2452.021779241924 0 2270.331623556197
2022.452469320444 0 2016.43503901015
2051.294176601044 0 1962.356555866261
2070.145591019333 0 2009.11669479016
2080.423309418828 0 1910.30281132886
2117.8297864388 0 2000.965590033413
1202.49556597065 0 1701.145685207901
1211.038836182592 0 1672.120901683631
1192.436429332119 0 1732.261969386641
1175.106925527165 0 1706.764564758726
1181.361258398098 0 1769.198465553717
1148.900484596687 0 1707.580148363831
1161.61056362114 0 1684.189702922757
354.7303370938843 0 296.789742807493
401.8341921787138 0 278.7574873642051
409.5900370953416 0 230.7474519202151
450.0546247707186 0 257.0035692868403
368.8695844010465 0 205.2242895186621
415.6792883735428 0 184.4440150573218
496.0318163446854 0 231.8873834009445
278.9502534364027 0 400.6012007522293
296.2304343419728 0 354.6495623218657
257.9291580005795 0 448.2856387015709
230.5377598427203 0 408.6750068771187
232.8519857939086 0 494.8814616695279
184.8888049919908 0 415.225875058832
205.2629220401816 0 368.41421105371
1227.51719195465 0 2006.295842070839
1191.306596255136 0 2024.471391181095
1265.752938715622 0 1992.161510441784
1258.699627961557 0 2027.934100183605
1301.813833907544 0 1981.476630931276
1289.178021357615 0 2047.680664870431
1252.099804682553 0 2062.80375521553
1677.479313882672 0 1647.662278577727
1678.557947062543 0 1616.288065719294
1648.193049969906 0 1591.658054956594
1681.858939013969 0 1585.971950151973
1612.695279295326 0 1598.233778759326
1619.086580930767 0 1565.500370422745
1686.502297037996 0 1557.112994582726
1645.964029347772 0 1071.571456834724
1641.318189859734 0 1102.303225193888
1663.843651248442 0 1122.124298183845
1638.964330742372 0 1131.217468574819
1687.304597746628 0 1113.968529861472
1683.755748678618 0 1141.910478126537
1636.400391937638 0 1158.892876547687
2144.917796052371 0 274.2278212961118
2128.60261576391 0 230.6038563034554
2184.19521943469 0 237.4865338468326
274.0590860588532 0 2144.788322546326
237.3930469964489 0 2184.286530549237
230.8471041626603 0 2128.281924911355
991.4163688382071 0 96.4096968865872
969.5589744266675 0 45.37124624739681
1009.375716170052 0 149.761287359991
968.0784258886051 0 138.6056350967538
923.6153579273644 0 129.6839634051776
45.56573064247141 0 969.2235482204461
97.11940397713875 0 990.195364717675
139.2755507278675 0 967.121149978056
150.2532798408758 0 1008.496990146715
130.8317730713634 0 922.5022600271651
1740.857579424701 0 1485.28878890094
1721.524378668061 0 1507.834690554443
1710.741113265416 0 1483.102706700279
1702.990773443273 0 1530.992800247311
1679.787560845517 0 1481.583996406297
898.0218847887959 0 1994.742909208546
892.2299791601577 0 2036.840603652935
855.5641870866064 0 2009.612039491343
929.664838454438 0 2062.25963234861
887.3000921922884 0 2078.587581205679
971.7699833311402 0 2045.603569716941
967.3614506480349 0 2086.689278057759
882.9652234868199 0 2120.870775786307
844.4768550035556 0 2094.689859616761
2009.647623275583 0 855.1387222338969
2035.990218206994 0 892.1137438367285
1994.26594425378 0 897.257141556412
2077.954369965471 0 887.6653967611935
2061.028386182952 0 930.0471021821502
2094.481364105953 0 844.7143243965761
2120.430261429613 0 883.6778651943471
2085.736074996762 0 969.0126623738953
2043.909038559411 0 972.0186858567361
1747.806524574725 0 1064.823680456398
1715.013521063951 0 1066.173655610362
1729.642972324671 0 1042.381762583072
1700.826287245873 0 1090.13682416739
1680.935580006907 0 1068.6914728329
1719.247990438129 0 1111.548119162607
1661.26486252617 0 1046.260566603055
2464.178235070386 0 1025.124106468294
2423.406274189418 0 988.1483651296597
2461.143136288268 0 962.9090096790517
2386.451505646532 0 1013.468460560911
2380.866206487311 0 951.3214872699018
2392.534705211158 0 1075.372319404884
2376.552772964485 0 889.3359317472175
1195.672808041605 0 2070.868206858337
1228.767659629918 0 2090.536910673861
1204.386641991111 0 2118.678782481174
1262.139395233928 0 2107.36420962944
1215.295343667813 0 2166.166565332082
768.3857581084612 0 1011.573948802592
799.6606434023264 0 1015.713918138299
779.6941857612435 0 1038.663868896273
818.8794419852466 0 993.3782833643273
831.4111188269405 0 1018.323817770825
806.4462694982848 0 968.6718125708102
844.3309380740218 0 1043.694432663227
1916.997583307592 0 2453.366398397364
1979.497583307592 0 2453.366398397364
1856.238837537848 0 2452.41482300078
1899.107047960568 0 2405.305433699852
1940.281142022255 0 2362.268681454228
962.7763326726334 0 2460.828596509899
987.8416752046513 0 2422.611083076799
1025.03774251014 0 2463.676665921723
950.613186489958 0 2379.618556388174
1012.835670969448 0 2384.952321740225
888.7908210053627 0 2375.608452795045
1075.113227530419 0 2391.02999776517
1706.53789508254 0 2191.363281837751
1709.915470199938 0 2139.537720952359
1663.43363614178 0 2112.63303375065
1712.069160415739 0 2090.620563038684
1614.368993259209 0 2132.870740244272
836.7558997433855 0 779.9747704100547
859.7956285830124 0 803.8604624619552
813.0504771976845 0 751.989942541237
852.315853888736 0 745.6900425229118
786.0479740239656 0 725.6837377513075
870.0495537861611 0 711.3697381075032
889.8389425574597 0 742.6256372251655
1048.67976462281 0 1723.379108284998
1074.111135936847 0 1705.704685763135
1077.261671591987 0 1738.460303226615
1072.150034496389 0 1673.410253971211
1098.258157534396 0 1688.617636987289
1047.997244175517 0 1655.632665620858
1072.836585375787 0 1639.907199653628
1119.673162307594 0 1673.52256068486
1121.906887066916 0 1702.327959928987
2230.398839970126 0 696.1288275563254
2215.632425639521 0 744.8072891123568
2186.397123071611 0 701.1806953258534
2245.729773386199 0 792.5171920082361
2199.947993613921 0 792.3669878420465
2292.979119114019 0 795.8226913672128
2277.61980041623 0 844.0751031967393
2182.439700208811 0 838.2917029271678
2154.733174063019 0 795.785650441203
701.9375083210573 0 2186.540132078298
745.8871083907022 0 2215.495874288124
696.4072806973197 0 2230.247803611014
792.3742676583836 0 2199.580339278194
793.3575217731873 0 2245.633173635764
794.4679331690013 0 2154.73618187176
837.7371607794267 0 2182.463152776277
843.7506528289836 0 2277.313710637561
795.3802380607036 0 2292.441467282677
2181.365593045369 0 1488.863549700911
2157.460850680152 0 1519.992606931251
2146.029835095108 0 1469.40120052045
2164.88281221839 0 1572.729120881701
2135.378450641571 0 1551.268072929804
2194.591138175069 0 1595.327454874163
2108.306684791719 0 1529.142235769694
1682.70967471851 0 1275.171122715083
1648.962567876248 0 1275.539568521041
1668.76617454706 0 1249.832397747239
1625.5032339385 0 1300.830979957455
1617.427874525262 0 1276.056010897192
1633.608473601712 0 1327.287343294045
1600.63302043045 0 1325.590532929212
1588.300707305335 0 1275.874511661657
1609.407809335828 0 1252.143664079158
1371.52053646066 0 2057.406657932554
1349.099006835574 0 2032.537339122202
1319.060243990435 0 2040.115606969698
1326.323621645264 0 2007.014131290075
1313.178688342715 0 2073.507298011888
1288.043894387602 0 978.5617832099961
1300.598241790279 0 950.8851931308619
1288.642136177881 0 929.446976340858
1313.152589192956 0 923.2086030517278
1264.131683162805 0 935.6853496299882
950.8851931308619 0 1300.598241790279
977.9959909490415 0 1287.999395998776
922.7651054044954 0 1312.689553549717
929.1813602537602 0 1287.95405021587
934.7354264198721 0 1263.888937857254
1399.40356331266 0 949.8685532499226
1411.849215909982 0 977.5451433290568
1388.68175814651 0 923.0174250710918
1412.558120192605 0 929.2676676913919
1380.017587570922 0 894.8195187543876
1424.933320826939 0 909.8157762491683
1435.100118571928 0 934.9708264343423
978.0468805707496 0 1411.452932798555
950.7631668581632 0 1399.539730032103
929.8429594681177 0 1411.918527355173
923.2567097411711 0 1388.501845135202
935.849905345588 0 1434.57665941627
909.5927156906461 0 1423.932640375732
895.1414793786932 0 1379.856660769995
2404.205237888101 0 2231.40758043838
2357.194826999229 0 2247.961434001451
2356.023700638188 0 2197.770659709035
2311.605718017794 0 2262.655108842947
2308.057580777934 0 2172.114491521269
1521.708963229953 0 1288.052839997163
1547.110686689715 0 1300.845098981489
1568.092616765438 0 1288.349306685845
1573.739472906231 0 1313.132976285663
1562.846145394983 0 1264.250304474661
1648.713764071601 0 1228.108227061841
1679.221917332478 0 1223.657874619581
1619.363935198604 0 1231.07290002132
1627.902069172535 0 1208.71150868564
1590.729007818978 0 1233.3079956788
1606.653878105646 0 1190.435006538451
1633.880626197787 0 1185.003520316594
1671.231887952049 0 1941.382394213684
1695.431636870577 0 1908.394744062869
1708.639432946763 0 1955.869733108399
1719.079737219854 0 1874.901927663054
1748.364365635511 0 1970.732454370901
1804.519488255477 0 1899.977730317244
1833.167494549675 0 1865.791829954882
1776.519098407258 0 1935.860125744459
1761.50068396345 0 1887.534764782918
1744.817920859434 0 1840.310425126689
1675.502838475685 0 1406.411820113481
1659.566671152699 0 1380.892576547342
1696.012072156815 0 1383.827959589537
1643.378928225068 0 1355.036552606893
1717.952105480213 0 1361.523876064602
2103.383717828218 0 1474.531078748637
2086.000762369033 0 1506.415432866379
2062.77901257307 0 1483.587258642621
1952.30605521299 0 904.0613509830499
1911.180643195499 0 912.0580175434563
1895.99129272814 0 952.6416602613165
1871.110296917426 0 921.2452975781447
1919.827024688561 0 985.2517086918265
914.1171558736555 0 1910.402226735283
905.5899330531938 0 1952.073815880091
923.7203184582302 0 1870.054758739181
956.0269059631435 0 1895.42860500169
989.5113805000627 0 1919.597385494883
480.6226527121953 0 109.2729322536511
465.2935129839226 0 44.50190776490945
491.4894465140937 0 173.4333801944636
447.321047674352 0 146.9895238014694
402.7195522727659 0 123.7505457240138
45.33488067588746 0 464.7074219525543
109.8879965039137 0 479.5963073865368
147.3921289961881 0 445.8932827324121
174.0224370715887 0 490.4260779101295
124.7281762606003 0 401.9327386644317
1082.981914383427 0 506.7158880639208
1044.934348275232 0 526.7898842600242
1044.006328095058 0 478.1649922085228
507.0015905548503 0 1081.699342187401
479.6793569635844 0 1043.218280961811
528.3345002800555 0 1043.618253786736
1110.405676349539 0 1749.792614155539
1131.541039626183 0 1728.241729179616
1144.157838651388 0 1759.487560977458
1394.176282840452 0 2458.706019452972
1333.472083021338 0 2460.441205634111
1353.005938147153 0 2419.713523320193
1272.784266375585 0 2461.967048918841
1313.628505414574 0 2382.5773673593
1549.763658150346 0 1205.6728652798
1521.895967772374 0 1213.767168041582
1578.01012290232 0 1197.85368127297
1570.975433906342 0 1219.614497638528
1565.341346150391 0 1241.42040479919
1911.75042042618 0 1320.684691966542
1947.180011863021 0 1332.337269785369
1915.196081974621 0 1353.96379460521
1982.600943075337 0 1346.26333812333
1917.028202729149 0 1386.681727776047
774.8491679451324 0 322.0012227632183
812.5230340341579 0 306.1707385406978
735.4177467866848 0 337.9761811676069
751.4773655968761 0 287.6320975543247
691.7416813647052 0 353.3979279173723
722.7927954081617 0 251.2958502678556
766.1676799127061 0 238.7001288254003
307.8464527564234 0 812.2082142189938
323.630664766258 0 774.5328493427565
289.103163305945 0 750.9094839925492
339.8917853483094 0 734.4842812125293
239.5469694007152 0 766.230962866744
252.2010954546261 0 721.6785879425242
355.7989093110502 0 689.498763947964
1573.056903700938 0 1988.008269118952
1584.600200778695 0 1953.953890831063
1559.283618753353 0 2023.074526184034
1538.056599064334 0 1986.718406185928
1516.826030743662 0 1949.884225554198
1299.071379116514 0 1540.117755962759
1287.546939563589 0 1517.520993634573
1309.86047572564 0 1564.533339246062
1285.328432079915 0 1558.738283291544
1320.435881875185 0 1590.215574392965
1270.465631793653 0 1576.09408114486
1262.153930960876 0 1553.48466704999
1419.291837684742 0 445.5052421886783
1450.517529846118 0 460.9796413220042
1469.073252890729 0 433.7407250485229
1482.39401998657 0 475.3834819020376
1453.418676573217 0 399.0942792637198
460.8912906987368 0 1450.567454543711
446.6497013101143 0 1419.008139271332
475.4957131449002 0 1482.430652053313
433.7856144964677 0 1469.048809566978
399.1391687116648 0 1453.394233249466
1226.740779484983 0 849.7026634327947
1222.608020794009 0 820.5324559907523
1229.787636971701 0 879.2206895231068
1207.837464441837 0 871.2363764641044
1232.863695533251 0 906.9512174929987
1190.047049844487 0 892.3755196835957
1184.031074075973 0 866.3668995640322
822.186315196884 0 1220.986451146109
851.3567854684766 0 1225.041105861606
873.1384703775475 0 1206.086634936187
880.280080434884 0 1228.846936576253
867.8546200112692 0 1182.357538948846
894.1094511207771 0 1189.668253746431
906.9549905194917 0 1231.305494111076
1205.615031446417 0 949.4177208349552
1213.728900605844 0 977.3956221748965
1197.703160998567 0 921.1952305300788
1219.520969842452 0 927.2130012112552
1241.575923917114 0 932.2387879721872
977.1589479031038 0 1213.834924023432
949.8314240994996 0 1205.217705335873
928.3932073094957 0 1218.261599723474
921.1010649890031 0 1197.391516284144
934.7111250734813 0 1239.647205944364
1102.251095973232 0 1631.171853632101
1130.594483398751 0 1622.887758017545
1124.971620890612 0 1648.469949559954
1156.996248965081 0 1615.810269286018
1146.474187584274 0 1663.91055191492
1214.034642473157 0 796.8280491922444
1189.777346516844 0 767.9516456591807
1161.846734641767 0 767.9162338929819
1165.520050560531 0 739.075242126117
1158.173418723003 0 796.7572256598469
1133.91612276669 0 767.8808221267833
1141.882023576079 0 709.7322149720753
768.0910117280163 0 1189.565429104923
796.8949010300929 0 1213.907627578824
739.2871224259396 0 1165.223230631022
768.1224517996661 0 1161.507802335512
710.0277514758598 0 1141.479131979926
768.153891871316 0 1133.450175566102
796.9577811733926 0 1157.792374040003
1659.435631951403 0 1508.435872173458
1672.260696572586 0 1533.448484606072
1639.047222591797 0 1536.426892747172
1364.676314297593 0 2161.597217346706
1369.321003578608 0 2125.332227328566
1339.068929385429 0 2100.013122421337
1371.33110545863 0 2090.19168612504
1309.163309885068 0 2107.719131526822
602.2189841146517 0 2221.232041186525
561.7120936223762 0 2195.642462097599
612.4045642471862 0 2175.730427873273
509.5153289449653 0 2218.214307578692
523.5018370164687 0 2167.679291440822
493.7555791301623 0 2270.287852964459
455.8827133481363 0 2242.948899679288
490.9092486676595 0 2133.117704487585
539.1494949433632 0 2115.205681526227
2175.783460670718 0 611.7414153406274
2195.811630835186 0 561.5417960481035
2221.287608095549 0 602.2589617965124
2168.001106098738 0 523.0252500283486
2218.145438871808 0 509.8306853980243
2115.556227785948 0 538.7074843508237
2133.296165649165 0 490.788555403796
2242.948899679288 0 455.8827133481367
2268.693589316278 0 496.8464985778683
2460.57322740355 0 1334.071051014801
2461.442182743157 0 1272.694376050196
2458.747857141027 0 1394.4257392838
2419.253999685236 0 1353.650659836267
2454.686942362392 0 1453.413594008505
2377.470071873573 0 1372.217838707802
2380.007487699922 0 1314.15402316282
1412.937523257677 0 1517.601788173239
1400.427842484362 0 1540.024697707153
1414.413234284611 0 1559.225748709588
1387.798711860391 0 1564.416612115894
1439.391114292255 0 1553.86075145792
1430.623184011321 0 1577.741614850903
1375.879189819501 0 1590.760194233458
1813.646418111456 0 1475.965074328598
1823.042917467128 0 1510.492903184838
1848.597237314655 0 1524.159710791025
1833.67337771651 0 1549.386565528664
1863.410067691836 0 1498.930213525439
692.0529782488858 0 2273.288186979883
643.9898832212685 0 2243.716981266318
743.5670725222883 0 2305.185427284086
690.3393083052704 0 2317.136058355482
796.7722603628082 0 2338.641043838119
688.4988103666154 0 2360.676113489973
636.5478462325466 0 2328.567230676935
2243.726107088576 0 644.0112380921951
2273.576743149279 0 692.1275441818843
2317.253237865566 0 690.4142499100825
2305.487801859833 0 743.7279812915522
2328.567230676934 0 636.5478462325476
2360.712842443065 0 688.5813266233386
2338.751230697396 0 797.0198091329748
1194.912177160106 0 819.8807638592077
1176.104035770951 0 842.3603380864976
1167.68761692147 0 818.9396478516139
1157.476145510435 0 864.669637238709
1139.676620325718 0 818.5363489836095
821.6127788903402 0 1193.288717548262
819.8317829366218 0 1166.129838494445
843.6654503920843 0 1174.214230908892
818.9784181683777 0 1138.377937844428
865.7390902477105 0 1155.863358686896
1486.188929650178 0 979.2589027193827
1495.181680032762 0 946.4395357053719
1481.418990669781 0 925.6051927470378
1504.027231912815 0 913.6883385954359
1459.075114477551 0 937.2368894666781
1468.067864860135 0 904.4175224526673
1510.452298340121 0 881.9451730593912
946.430644675341 0 1495.162838717842
979.2589027193827 0 1486.188929650178
913.6023866312992 0 1504.136747785506
925.6895473947236 0 1481.35176836802
881.511687876436 0 1511.494584013774
904.4068532166302 0 1468.045255282231
937.2351112606719 0 1459.071346214567
2158.136807164835 0 401.7425992586608
2198.814853573243 0 427.4450140944634
2146.434605889779 0 446.2711096847165
401.9996098195898 0 2158.83171323656
446.364928193633 0 2146.9307784198
428.2590187371577 0 2200.427451145067
344.9593114582117 0 41.89050556744928
283.6241835035282 0 42.25107723409201
405.0348722760135 0 42.63184511510417
374.7584658134427 0 83.6287755263179
347.1922060322438 0 124.6152989593879
43.09304875282828 0 405.0274463876756
42.47517967434715 0 345.5704767615156
84.58212386315063 0 374.858732879316
42.78953705906315 0 284.2789651101905
125.0521528228271 0 347.0948696985263
853.2649253132023 0 41.91025917127695
791.5823096406006 0 42.24973645181126
913.901509847143 0 41.90974849252211
891.6599060509203 0 83.51784487774103
875.4771326165776 0 128.7202649838125
42.13785512536083 0 913.5667198098433
42.01633120884935 0 853.2509851750856
83.80771870224771 0 891.3657526342272
42.24973645181126 0 791.5823096406006
129.014936550127 0 874.8159148807716
289.0892719940659 0 1609.693699929208
334.2276575021933 0 1591.280716019558
241.4653676986491 0 1634.788978089353
241.4832438074823 0 1572.594197421698
243.2294039972262 0 1513.494568828048
1591.336162192965 0 334.2600487985778
1609.335092450815 0 289.1781777905878
1572.454134285367 0 241.5555967763873
1633.813105741582 0 241.8938692433003
1513.44455904496 0 243.2418744766363
1093.117644820519 0 245.8961165591588
1081.259420410021 0 285.3316525443151
1113.554645023781 0 321.5117887453998
1068.443436320333 0 329.9326836609599
1157.046669818467 0 312.2390947663673
285.4000817759812 0 1081.259327220883
246.8571682344941 0 1094.178887714848
329.4877043881618 0 1068.78677037719
321.3870476927993 0 1114.353782366041
312.3017192216294 0 1158.757830663946
898.8082187805776 0 600.0853366496281
850.7274263872455 0 592.1945682580211
943.8748105344615 0 610.847351108763
915.4089937336399 0 643.0023518764746
890.9336350246062 0 676.7313949008799
602.1178881086795 0 892.5012147911672
645.2239645839633 0 908.9828260108146
612.8725387574838 0 939.0370930784538
622.2172784940983 0 279.2706436176147
673.5987726546686 0 263.9883452489644
658.3527650616522 0 316.8963865873411
280.9911390319205 0 621.2521119548539
319.1251933718685 0 656.4962508217848
265.2255976154252 0 672.5368894980838
2459.108158522626 0 838.8082340939466
2459.216608949617 0 776.9072268618604
2459.613499496634 0 900.7511479220757
2418.242342364425 0 864.5921983433836
2376.588139290041 0 829.3014731593203
900.6752129438676 0 2459.495194702367
838.7941222228246 0 2459.113447741053
864.4195071707503 0 2417.974691795434
776.8470474331295 0 2459.17092769327
829.0103548916888 0 2376.114731582019
1976.77105535391 0 1454.410836429402
1980.096944600745 0 1419.760135963983
1948.609025037847 0 1402.873068950078
1982.172526232867 0 1383.656145459185
1917.441681863454 0 1418.618610391
2211.462104829766 0 1457.261168063887
2216.612122079916 0 1511.646225207139
2249.72305398192 0 1534.94878621723
2221.835009740318 0 1565.132855302483
2277.384049137414 0 1505.960390339254
2281.841636886604 0 1559.001212401432
2226.541488900271 0 1618.611119297652
1977.560795700907 0 939.3222089465936
2002.04694455687 0 975.5012521985265
1960.524232276634 0 979.955822399784
2026.372424894324 0 1012.575805312338
1942.810880689217 0 1018.998327321897
940.994407298679 0 1978.080532480445
982.6916608827137 0 1961.073515255375
976.6648915955126 0 2003.280713463016
1023.475688771507 0 1943.093227240914
1012.40142807328 0 2028.491370980679
826.5365922603656 0 634.5562772390037
848.5571852650577 0 673.9970805141872
805.577926970994 0 678.2801119323212
1193.492539215472 0 1652.960216785034
1217.541444198494 0 1645.4023982336
1169.194035136226 0 1659.919095893627
1176.041688194947 0 1633.933718685989
1180.818177297279 0 1609.835387059413
1212.546939563589 0 1517.520993634573
1202.865388085272 0 1539.581416374521
1216.257697038896 0 1557.731305851012
1194.076845023427 0 1562.693212631685
1237.957999254678 0 1553.04184020538
1229.755490034039 0 1575.412435087962
1186.163615539716 0 1586.212495087312
266.7652816322031 0 89.59186604744696
302.9960150637914 0 131.5636441001511
254.8411279286463 0 139.2172010596273
332.5789824465046 0 170.7332799338424
245.7034430027302 0 188.7961852613535
89.98825059873207 0 267.3377409231864
138.9632207754414 0 254.8947312055363
132.0022562891349 0 303.8624808111521
188.5714901299889 0 245.8507000959792
170.7019042348109 0 332.3579794357483
528.8867130291605 0 592.0096567985248
578.6908777603771 0 575.7545016803933
477.4990942591646 0 608.5596603221775
496.5222875656976 0 558.761904774356
515.7004099733832 0 508.1142757227153
954.9548918996928 0 2207.569312153316
959.1810759541903 0 2167.93315361408
921.3866498429827 0 2145.294886768602
962.9266731203822 0 2127.037650526072
879.9555291090849 0 2163.956014724777
2168.812967892059 0 962.0279070397843
2207.960666734477 0 958.8119530953362
2127.381660875491 0 965.7269949120162
2145.164675356273 0 923.3298802502029
2163.878943737032 0 881.2666810902707
579.7243813616718 0 1971.986321460623
615.042117509216 0 2006.141345836273
566.076749261796 0 2018.210325443751
647.2571100444208 0 2037.588711201587
552.7382032606032 0 2065.388782380313
1972.036479976632 0 579.4975609154399
2018.26947132711 0 565.7819650470759
2006.326229828363 0 615.0907673536225
2065.750878936274 0 552.5269673921365
2037.705682700976 0 647.348191043977
1521.539362775728 0 1238.556390957963
1542.796957897638 0 1251.861430053257
1521.382095352871 0 1263.271727812837
1347.857781015015 0 2194.612642822948
1316.641721987181 0 2165.600545314541
1266.649296870771 0 2167.296280812468
1288.288863403046 0 2136.689024233491
1242.476866864254 0 2198.266029485455
1766.238732538066 0 1670.063310178411
1735.675965694139 0 1685.512668254121
1797.711708841672 0 1654.953041515445
1795.204039891563 0 1684.554909677991
1790.79289485807 0 1714.371111805427
2260.936350598208 0 1641.94785916278
2232.665257571064 0 1673.178517614372
2289.248284453384 0 1610.727484271052
2296.374387186585 0 1664.268662731943
2303.325873837404 0 1722.027027368973
2212.430432966854 0 1342.558754719276
2209.388591873082 0 1403.297924587521
2215.966132421377 0 1284.935957545737
2254.839636369519 0 1317.751442590909
2218.813313790698 0 1226.271886632675
2297.982144026905 0 1296.560518136492
2293.505699769511 0 1351.588324329872
1637.877788574342 0 989.8702535623424
1647.552857678019 0 1018.416189215484
1630.912713490821 0 962.4142424838883
1656.510029141283 0 966.6340125566046
1682.917692339044 0 970.0125880800307
1019.324829579704 0 1643.600259058438
990.7807304403956 0 1634.808171610215
968.0862371397308 0 1654.100752213514
963.3910838025456 0 1628.741798978699
971.4151644032918 0 1680.26985619115
758.5301295521117 0 981.2346509703602
750.6222871514155 0 948.4777969673074
779.3369555828103 0 958.2444668635487
745.2789466867659 0 914.7487952025315
797.7800913609494 0 936.5971252634729
1238.704789290656 0 977.4884953511946
1252.018721610043 0 955.7016363517725
1263.309199010584 0 978.1459135554926
978.5617832099961 0 1263.043894387602
956.5526030669571 0 1251.21393123596
978.5617832099961 0 1238.043894387602
1222.455379616599 0 1620.700977443686
1241.997200749146 0 1636.901865405468
1203.755086275303 0 1603.878843062246
1226.188378550182 0 1597.651525862269
1248.070140314193 0 1591.018994832702
1693.669015688929 0 1302.977229358984
1705.492057201646 0 1332.281789794707
1668.543646142478 0 1329.133568979545
2463.955666399817 0 1087.454190660108
2463.306774430295 0 1149.46240924073
2427.326242412506 0 1112.046965284673
2462.377983291294 0 1211.174870548474
2389.872603602687 0 1136.273400985458
1461.188929650178 0 979.2589027193827
1436.62469551641 0 978.182141761549
1448.010858222731 0 957.2094754131385
979.2589027193827 0 1461.188929650178
957.7652943697487 0 1447.645181619547
978.6336171398277 0 1436.329296197495
1150.03774251014 0 2463.676665921723
1212.53774251014 0 2463.676665921723
1087.53774251014 0 2463.676665921723
1112.57548502028 0 2427.353331843447
1137.613227530419 0 2391.02999776517
1185.400076530891 0 507.482637738311
1217.834838301542 0 532.9940868420912
1249.433760980437 0 519.6992388871811
1251.475618015575 0 555.4984072049483
1249.344589899275 0 485.7604694376209
532.8917261493106 0 1217.601988424242
507.482637738311 0 1185.400076530891
555.2318882297891 0 1251.127778763019
518.8515473969987 0 1249.36143303071
484.4811402636028 0 1250.086045055315
1323.18992325154 0 1846.264662208734
1303.679500568039 0 1880.18298938677
1280.509435649451 0 1848.169268733248
1657.987864615729 0 2217.706624452338
1608.601995196928 0 2238.978770481293
1611.277194757999 0 2184.464531607082
1558.651863426099 0 2257.331343847487
1566.40892511091 0 2155.155319981215
2408.091467440574 0 1465.779961052227
2363.141021466365 0 1476.092564317748
2370.965683245687 0 1424.73519757103
2318.873981786115 0 1486.912021575132
2332.001181064188 0 1385.575624509906
878.5551575738185 0 827.1351199314782
897.9186996512589 0 848.9789654195728
868.8694820478361 0 855.6023756966193
926.132540880096 0 843.3248081646491
917.5740933210918 0 869.7968559942885
934.2793355094082 0 817.652997308438
953.7706092950671 0 838.7742302187062
937.1303661849996 0 890.0879174148802
909.4629995965427 0 896.8705378908136
1065.768968063307 0 757.9214755811098
1067.084753572217 0 789.7191019184556
1044.331968686814 0 776.4321592077363
1089.899922945386 0 802.2254306366799
1069.389173822295 0 821.8970057371687
1110.113097126237 0 783.5909323093385
1112.557698676291 0 813.5562991287578
1072.999574331809 0 853.6874747725644
1047.395087217191 0 843.593658884105
791.2635556951745 0 1064.541776972754
759.8814604216726 0 1062.376855323045
823.2574623261025 0 1066.567688107544
802.3526707822311 0 1089.606551216107
854.2035601390153 0 1071.07843576014
815.3934408993495 0 1110.440506148156
783.9484511279242 0 1108.900792338543
2237.137854168114 0 2389.739170890775
2204.247328195685 0 2331.957944358481
2252.267092800837 0 2340.996920670572
2175.547240807216 0 2275.161603101156
2269.245048986851 0 2294.402082025071
1495.274283276141 0 802.933470528005
1470.879890674217 0 821.1122290489378
1520.813781743864 0 784.4054998443058
1518.241109681442 0 818.0088021998786
1514.897247296225 0 850.3909168360849
821.176025646681 0 1470.947403819087
803.0054909603846 0 1495.371499038296
818.0928635012701 0 1518.335459334239
784.2827172441496 0 1521.15922682166
850.297899236906 0 1515.13530461455
813.0810337575067 0 2023.684433158641
806.6621385939687 0 2067.106651311555
770.0736780262894 0 2038.17805050323
800.3954735834252 0 2110.630299711002
725.9712196680626 0 2053.122086347336
2023.876577347626 0 812.9487156379657
2038.489017903194 0 770.0780383678069
2067.423494836509 0 806.7191791520301
2053.388810819787 0 726.3407390272745
2110.604860434353 0 800.8122347103204
2012.761661728863 0 2397.973987346365
1989.956709938299 0 2350.615901952433
2043.84679150829 0 2340.862635537377
2263.198030741667 0 2204.318634194276
2265.634847056324 0 2249.714283628027
2219.127194740384 0 2239.288133336529
2226.389553188536 0 1168.678421474395
2265.016266514498 0 1204.740492920042
2308.560093713095 0 1183.044087800541
2302.403224600481 0 1239.848327715204
2314.25341166031 0 1124.410261680771
2350.229737103742 0 1159.86781049511
2341.049375837424 0 1276.276517254066
1262.546939563589 0 1517.520993634573
1250.079148579139 0 1535.086671442329
1237.546939563589 0 1517.520993634573
1711.890277414645 0 1019.832285670149
1679.955334441247 0 1019.634571093065
1696.629022347102 0 995.0736567520116
1022.409979913987 0 1707.200238907598
996.4120018388173 0 1692.911107716037
1021.44167707424 0 1675.494200700794
891.1721277591639 0 798.1428234016123
906.2138263202369 0 769.2372855863595
920.9276019401375 0 793.6355930760021
923.5914232921041 0 741.308904491601
949.4663850360414 0 790.5707518653873
595.5785483800116 0 524.4905961069176
564.6481727903149 0 490.6933314755872
612.4662189996462 0 473.2266905334418
1475.165109729681 0 2198.550571288068
1519.898155311789 0 2178.207089497406
1514.860416445846 0 2223.730989977717
2248.10339749079 0 1064.043887443181
2281.237463403435 0 1094.839450125877
2237.530197378654 0 1114.154150992067
1463.818087204472 0 1517.570150606132
1452.046042118372 0 1535.545365775511
1438.288231067484 0 1517.738575399238
2464.770631661166 0 598.3260259479256
2459.729969978167 0 539.5925547544523
2466.553863339208 0 659.1433508236807
2432.727493408911 0 631.9660807853982
2467.002132801787 0 720.4628577156516
2403.770236236924 0 663.2715640263903
2400.650905487886 0 603.0566021275282
658.0078907663622 0 2466.896108401871
720.5078907663622 0 2466.896108401871
598.1365142925987 0 2464.514413772111
631.3834502096299 0 2431.700189731808
539.5542561641375 0 2459.68923549376
603.0566021275272 0 2400.650905487886
662.6889334506218 0 2402.742932559821
1023.359629735767 0 794.6601107463731
1021.327726944817 0 762.7953248497653
1024.961696183165 0 826.9755237834955
1002.608197438615 0 812.1919397629289
1025.880956614888 0 861.2881939018448
981.6749347568903 0 828.5376041485476
980.3551803454429 0 797.8751199915433
1447.256762292788 0 838.5938390496685
1423.875018078309 0 856.4754449072852
1424.235103036603 0 884.9157660353075
1400.702532219248 0 875.4927103766402
1446.325574548438 0 893.7256599089967
857.1806457055063 0 1423.704987432991
838.9399732031259 0 1447.194825557836
876.0672482954394 0 1400.428179304953
885.5356151224732 0 1424.271873640742
893.7632335438088 0 1446.22834000456
2257.622326744496 0 1796.084930969186
2244.35050810759 0 1735.187520003177
2280.691647353604 0 1758.234962358962
1393.308726160005 0 1668.945476779974
1427.598334913746 0 1661.016491241993
1361.170457759662 0 1675.716131872427
1368.694952087474 0 1647.874768959337
1332.898478996546 0 1681.224975777465
1343.568070672471 0 1630.227405083221
1373.944199208343 0 1618.695815228584
1267.581110927679 0 1623.415525859697
1263.459362946833 0 1649.009555255523
1270.404013835838 0 1599.147462146881
1293.670838333583 0 1608.054869682485
1318.333344351537 0 1617.134873729365
1986.82736916801 0 1089.66859966733
1965.136583391377 0 1053.693139770858
2007.378057009214 0 1052.214879407695
1090.805657730388 0 1992.774504744222
1051.696889381552 0 2010.924049906516
1057.267403468569 0 1966.830676009361
1331.097183219752 0 2231.099906864009
1312.559605501443 0 2268.331799418513
1277.545933918505 0 2235.094696556276
1295.103983263572 0 2307.456280245168
1223.150812908559 0 2236.167398207839
2158.019524082507 0 660.4642338295212
2129.958688253257 0 621.7669137641593
2083.424903470744 0 634.3795262575095
2099.381324659416 0 586.4069694813073
2068.750462325392 0 680.7895897016421
623.3373278558178 0 2129.336148868788
661.5795018670317 0 2158.205004526139
587.0624434793024 0 2098.722400553446
634.9295372847054 0 2083.15599241685
680.9582898460437 0 2068.744848578582
2423.511459406774 0 1233.930121865406
2383.035283854499 0 1255.596607206981
2386.29611232317 0 1196.263381295367
1066.653493723358 0 2252.235355183407
1117.412336316373 0 2245.957359615776
1096.160385568414 0 2284.78264604659
1169.589309841394 0 2240.040653997451
1126.867177007171 0 2318.169890195372
307.9155535605354 0 308.2077098760965
317.3188471241846 0 261.5346905530721
280.9266428012991 0 225.3599575753542
325.5172135101186 0 215.306694321599
234.7129370411701 0 234.9307203304687
261.0704114944464 0 317.4544424219746
215.1728588244885 0 325.5387919795578
225.1345971100602 0 281.2120792085018
1565.156270276126 0 1920.090278608366
1530.100422391416 0 1917.28397450596
1544.01796451525 0 1885.206071363044
1428.560104637545 0 1632.136436336526
1401.900029508716 0 1611.436783564027
1428.553342165487 0 1604.607185176883
1379.620561281648 0 328.9061115974973
1392.918894384734 0 369.4629347108792
1425.074306618375 0 383.203513043665
1405.932397416857 0 408.164053327659
1446.053926564771 0 359.7094711966027
369.4017466974381 0 1392.812786490807
328.9047007831457 0 1379.697028251313
408.5382039851593 0 1405.758329759472
383.3982529880381 0 1425.011263495927
359.7578882326052 0 1446.035817163321
1517.797775436432 0 1464.461491705708
1517.713755735391 0 1438.906511601865
1535.457971205175 0 1453.237195600191
1706.862783900355 0 1215.548227147596
1734.28808251696 0 1195.065736176511
1732.553440264216 0 1166.349366488149
1761.15506195112 0 1172.842914539146
1706.798946682619 0 1156.920471571849
1729.23843648428 0 1138.938059190653
1785.829608753464 0 1148.438957933809
1648.16828998148 0 1659.356045978809
1619.673945599981 0 1672.717629340369
1615.336192729676 0 1638.394296009977
785.8382473821121 0 90.80140680531076
830.2566008135194 0 134.2290132031294
784.6371549025505 0 141.3157150020529
866.9346044897302 0 174.4418859717334
782.9652631949177 0 191.9986174616135
90.80140680531076 0 785.8382473821122
141.3177882518457 0 784.6245723930139
134.2290132031294 0 830.2566008135194
192.1171576983968 0 782.9349334426308
174.4418859717334 0 866.9346044897302
1682.714459858691 0 1196.688399736336
1659.439846104012 0 1177.960804687519
1683.464567705208 0 1168.690871431218
1101.238056014217 0 859.3570765926248
1120.902694379238 0 837.9621047128136
1129.656038698974 0 862.2165372696846
859.7185552583212 0 1099.578926573879
862.8277589302487 0 1128.204358961859
837.7115725439486 0 1119.097105221236
2176.336280738757 0 1918.203040750228
2146.658573703007 0 1960.013984824694
2128.684959629788 0 1910.614303331778
1203.963271842638 0 2275.739759874776
1239.217916456649 0 2311.157752145456
1183.660558011354 0 2314.808563254035
1275.723838925324 0 2346.612050865801
1159.157577521791 0 2352.315164146091
1762.608325871466 0 1090.943145935927
1775.303946098137 0 1118.934908260227
1745.741862804438 0 1116.144041177933
2141.836391694725 0 708.0789951777829
2126.373089566111 0 755.2794152296919
2097.641083485442 0 717.2163818178949
708.5555844643942 0 2141.963353168377
717.131776542469 0 2097.670413709741
754.6800656084622 0 2126.526090370047
996.3082422560137 0 870.7689853176205
967.0503729415761 0 880.3430476457846
974.6930747342889 0 853.9743960127729
1088.750026680409 0 740.151048584042
1113.670437487276 0 723.7177995211611
1112.139804334244 0 754.231914918807
741.3105018458411 0 1087.008882501842
754.8068909201668 0 1111.290905276213
724.6200634766784 0 1113.06865754055
1234.451932377841 0 2425.087402726354
1196.735609441285 0 2388.666232551026
1255.81210951352 0 2386.254387313597
2230.772596408029 0 919.9109772040651
2208.528207480616 0 880.4603323694346
2254.327772827798 0 881.9537598106122
917.8051685396824 0 2230.602308786262
880.5257784637663 0 2253.66517267424
878.7434926647472 0 2208.002005259338
990.7129918886656 0 753.8830794016577
969.6798478995343 0 772.4671447024812
957.6215840310351 0 746.5889850955498
840.0627824530534 0 863.2514487020634
808.246464348906 0 879.5188806630335
802.7440884018577 0 908.417103250767
776.5043386905998 0 896.4227760320143
829.4273365676543 0 919.6551601466462
465.5340875146489 0 1194.186757069584
454.6711987151588 0 1227.81600275615
422.8468298038838 0 1205.068913489788
1193.61912315997 0 465.6623608960438
1204.591656510144 0 423.194225083619
1227.066507245864 0 455.607507354668
2248.768497072196 0 1430.153299513236
2288.751918442912 0 1405.305862646798
2285.784509763424 0 1458.718038644893
861.8324560379381 0 883.7378293566401
882.3407089876812 0 904.1255387883257
855.6456656576252 0 911.7086147633394
1285.816812960124 0 1660.734674589781
1314.334393099531 0 1644.974769353838
1309.311035035654 0 1671.95332929818
1735.54134892296 0 1720.015606488316
1765.185010432425 0 1736.184793170293
1737.080178286684 0 1757.938654537854
1793.95978714121 0 1751.410281999674
1739.650004041027 0 1798.985602528323
1274.047343939659 0 283.0990915179365
1237.236491026999 0 292.3079910889078
1245.049195782944 0 248.4917058376247
1199.218042391571 0 302.2698565398634
1213.984425820002 0 214.7591156947142
283.4819582775224 0 1274.482986718087
248.5019316968131 0 1245.150584948124
292.4524561392792 0 1237.567583886554
213.9617311609036 0 1213.486547341799
302.2486073339121 0 1198.575969688462
1133.688319634654 0 235.6036183301916
1174.174354943363 0 224.8772170091552
1166.007362001053 0 268.5463740993189
235.4781311250057 0 1133.903114922721
268.3406611885135 0 1166.592514674985
224.5429703462523 0 1173.856153245832
746.7472472900459 0 2425.277447220036
716.8256584487181 0 2391.725397733894
772.575680478421 0 2383.272766790511
2425.528762127001 0 746.8677991321777
2383.029711593013 0 772.500918628552
2392.78943036409 0 717.4908052812084
594.3976306937235 0 2265.793062959263
589.810769939192 0 2309.959266394233
542.6284441120519 0 2290.434605749138
588.6659204687949 0 2354.040582329446
490.8124372766815 0 2316.901964739533
2265.843014283105 0 594.4919426774796
2290.443473026894 0 542.8483289583554
2310.008558576439 0 589.8758035993731
2316.872596632102 0 490.8885176170827
2353.728341303383 0 587.107094905749
1819.162078107453 0 1825.255441012495
1778.341217016678 0 1813.029881710046
1806.700246558839 0 1787.586519540589
1548.585585148216 0 333.7942943881699
1508.277129601831 0 334.4353926675394
1511.987207945999 0 289.9803571245232
1472.186706705137 0 339.8749670048737
1466.086200440147 0 249.5115030946934
333.7534999541881 0 1548.679576174672
289.9884952270204 0 1511.994812332709
334.438852083032 0 1508.287525952303
249.5142732735075 0 1466.149443844608
339.8841228876482 0 1472.193722775996
1404.583825212153 0 300.5772884059252
1433.37159105128 0 274.4046261348916
1440.360630453868 0 318.9028545221535
300.2428995617092 0 1405.015020267536
318.7206188419609 0 1440.545671157891
274.0506422253197 0 1433.746072646376
2414.705372892893 0 520.8629198390862
2382.68559847537 0 555.8016116647568
2366.673026540575 0 504.828213630493
520.9459980003679 0 2414.568161251581
504.7998034674966 0 2366.669969331582
555.1796776554477 0 2383.46293932128
830.9624689085774 0 262.5196292043871
808.6868499178751 0 228.0309453461177
849.0231889460692 0 218.4088609154583
263.3173687899966 0 830.8181638751571
218.3610058210043 0 849.1222220175339
228.6188623323924 0 809.0250372184527
1836.064316482109 0 1461.030059041367
1860.965366544798 0 1446.473622576452
1862.485523746709 0 1472.316502041541
1888.281514338779 0 1431.282227344492
1888.879959785418 0 1486.263664541703
1469.906070172878 0 851.2555051005935
1491.667800587683 0 864.6985052973105
1468.790290989576 0 879.133917120508
851.5288170957357 0 1469.918395995018
879.138163976487 0 1468.808015222075
864.3142196754718 0 1491.782480058605
1946.537501699675 0 1465.994517432328
1916.965458802465 0 1476.91518878639
1917.390562018948 0 1447.682967200046

CELLS 8416 33664
3 241 357 359
3 357 358 359
3 357 265 358
3 359 358 267
3 265 360 358
3 360 361 358
3 360 266 361
3 358 361 267
3 265 362 360
3 362 363 360
3 362 253 363
3 360 363 266
3 267 361 365
3 361 364 365
3 361 266 364
3 365 364 248
3 242 366 368
3 366 367 368
3 366 268 367
3 368 367 270
3 268 369 367
3 369 370 367
3 369 269 370
3 367 370 270
3 268 371 369
3 371 372 369
3 371 254 372
3 369 372 269
3 270 370 374
3 370 373 374
3 370 269 373
3 374 373 245
3 243 375 377
3 375 376 377
3 375 271 376
3 377 376 273
3 271 378 376
3 378 379 376
3 378 272 379
3 376 379 273
3 271 380 378
3 380 381 378
3 380 255 381
3 378 381 272
3 273 379 383
3 379 382 383
3 379 272 382
3 383 382 246
3 244 384 386
3 384 385 386
3 384 274 385
3 386 385 276
3 274 387 385
3 387 388 385
3 387 275 388
3 385 388 276
3 274 389 387
3 389 390 387
3 389 256 390
3 387 390 275
3 276 388 392
3 388 391 392
3 388 275 391
3 392 391 247
3 245 373 394
3 373 393 394
3 373 269 393
3 394 393 278
3 269 395 393
3 395 396 393
3 395 277 396
3 393 396 278
3 269 372 395
3 372 397 395
3 372 254 397
3 395 397 277
3 278 396 399
3 396 398 399
3 396 277 398
3 399 398 253
3 246 382 401
3 382 400 401
3 382 272 400
3 401 400 280
3 272 402 400
3 402 403 400
3 402 279 403
3 400 403 280
3 272 381 402
3 381 404 402
3 381 255 404
3 402 404 279
3 280 403 406
3 403 405 406
3 403 279 405
3 406 405 254
3 247 391 408
3 391 407 408
3 391 275 407
3 408 407 282
3 275 409 407
3 409 410 407
3 409 281 410
3 407 410 282
3 275 390 409
3 390 411 409
3 390 256 411
3 409 411 281
3 282 410 413
3 410 412 413
3 410 281 412
3 413 412 255
3 248 364 415
3 364 414 415
3 364 266 414
3 415 414 284
3 266 416 414
3 416 417 414
3 416 283 417
3 414 417 284
3 266 363 416
3 363 418 416
3 363 253 418
3 416 418 283
3 284 417 420
3 417 419 420
3 417 283 419
3 420 419 256
3 171 172 422
3 172 421 422
3 172 173 421
3 422 421 286
3 173 423 421
3 423 424 421
3 423 285 424
3 421 424 286
3 173 174 423
3 174 425 423
3 174 175 425
3 423 425 285
3 286 424 427
3 424 426 427
3 424 285 426
3 427 426 245
3 190 191 429
3 191 428 429
3 191 192 428
3 429 428 288
3 192 430 428
3 430 431 428
3 430 287 431
3 428 431 288
3 192 193 430
3 193 432 430
3 193 194 432
3 430 432 287
3 288 431 434
3 431 433 434
3 431 287 433
3 434 433 246
3 209 210 436
3 210 435 436
3 210 211 435
3 436 435 290
3 211 437 435
3 437 438 435
3 437 289 438
3 435 438 290
3 211 212 437
3 212 439 437
3 212 213 439
3 437 439 289
3 290 438 441
3 438 440 441
3 438 289 440
3 441 440 247
3 228 229 443
3 229 442 443
3 229 230 442
3 443 442 292
3 230 444 442
3 444 445 442
3 444 291 445
3 442 445 292
3 230 231 444
3 231 446 444
3 231 232 446
3 444 446 291
3 292 445 448
3 445 447 448
3 445 291 447
3 448 447 248
3 4 164 450
3 164 449 450
3 164 165 449
3 450 449 294
3 165 451 449
3 451 452 449
3 451 293 452
3 449 452 294
3 165 166 451
3 166 453 451
3 166 167 453
3 451 453 293
3 294 452 455
3 452 454 455
3 452 293 454
3 455 454 249
3 4 450 239
3 450 456 239
3 450 294 456
3 239 456 238
3 294 457 456
3 457 458 456
3 457 295 458
3 456 458 238
3 294 455 457
3 455 459 457
3 455 249 459
3 457 459 295
3 238 458 237
3 458 460 237
3 458 295 460
3 237 460 236
3 5 461 182
3 461 462 182
3 461 296 462
3 182 462 181
3 296 463 462
3 463 464 462
3 463 297 464
3 462 464 181
3 296 465 463
3 465 466 463
3 465 250 466
3 463 466 297
3 181 464 180
3 464 467 180
3 464 297 467
3 180 467 179
3 5 183 461
3 183 468 461
3 183 184 468
3 461 468 296
3 184 469 468
3 469 470 468
3 469 298 470
3 468 470 296
3 184 185 469
3 185 471 469
3 185 186 471
3 469 471 298
3 296 470 465
3 470 472 465
3 470 298 472
3 465 472 250
3 6 473 201
3 473 474 201
3 473 299 474
3 201 474 200
3 299 475 474
3 475 476 474
3 475 300 476
3 474 476 200
3 299 477 475
3 477 478 475
3 477 251 478
3 475 478 300
3 200 476 199
3 476 479 199
3 476 300 479
3 199 479 198
3 6 202 473
3 202 480 473
3 202 203 480
3 473 480 299
3 203 481 480
3 481 482 480
3 481 301 482
3 480 482 299
3 203 204 481
3 204 483 481
3 204 205 483
3 481 483 301
3 299 482 477
3 482 484 477
3 482 301 484
3 477 484 251
3 7 485 220
3 485 486 220
3 485 302 486
3 220 486 219
3 302 487 486
3 487 488 486
3 487 303 488
3 486 488 219
3 302 489 487
3 489 490 487
3 489 252 490
3 487 490 303
3 219 488 218
3 488 491 218
3 488 303 491
3 218 491 217
3 7 221 485
3 221 492 485
3 221 222 492
3 485 492 302
3 222 493 492
3 493 494 492
3 493 304 494
3 492 494 302
3 222 223 493
3 223 495 493
3 223 224 495
3 493 495 304
3 302 494 489
3 494 496 489
3 494 304 496
3 489 496 252
3 171 422 498
3 422 497 498
3 422 286 497
3 498 497 306
3 286 499 497
3 499 500 497
3 499 305 500
3 497 500 306
3 286 427 499
3 427 501 499
3 427 245 501
3 499 501 305
3 306 500 503
3 500 502 503
3 500 305 502
3 503 502 257
3 175 504 425
3 504 505 425
3 504 307 505
3 425 505 285
3 307 506 505
3 506 507 505
3 506 308 507
3 505 507 285
3 307 508 506
3 508 509 506
3 508 258 509
3 506 509 308
3 285 507 426
3 507 510 426
3 507 308 510
3 426 510 245
3 190 429 512
3 429 511 512
3 429 288 511
3 512 511 310
3 288 513 511
3 513 514 511
3 513 309 514
3 511 514 310
3 288 434 513
3 434 515 513
3 434 246 515
3 513 515 309
3 310 514 517
3 514 516 517
3 514 309 516
3 517 516 259
3 194 518 432
3 518 519 432
3 518 311 519
3 432 519 287
3 311 520 519
3 520 521 519
3 520 312 521
3 519 521 287
3 311 522 520
3 522 523 520
3 522 260 523
3 520 523 312
3 287 521 433
3 521 524 433
3 521 312 524
3 433 524 246
3 209 436 526
3 436 525 526
3 436 290 525
3 526 525 314
3 290 527 525
3 527 528 525
3 527 313 528
3 525 528 314
3 290 441 527
3 441 529 527
3 441 247 529
3 527 529 313
3 314 528 531
3 528 530 531
3 528 313 530
3 531 530 261
3 213 532 439
3 532 533 439
3 532 315 533
3 439 533 289
3 315 534 533
3 534 535 533
3 534 316 535
3 533 535 289
3 315 536 534
3 536 537 534
3 536 262 537
3 534 537 316
3 289 535 440
3 535 538 440
3 535 316 538
3 440 538 247
3 228 443 540
3 443 539 540
3 443 292 539
3 540 539 318
3 292 541 539
3 541 542 539
3 541 317 542
3 539 542 318
3 292 448 541
3 448 543 541
3 448 248 543
3 541 543 317
3 318 542 545
3 542 544 545
3 542 317 544
3 545 544 263
3 232 546 446
3 546 547 446
3 546 319 547
3 446 547 291
3 319 548 547
3 548 549 547
3 548 320 549
3 547 549 291
3 319 550 548
3 550 551 548
3 550 264 551
3 548 551 320
3 291 549 447
3 549 552 447
3 549 320 552
3 447 552 248
3 241 553 555
3 553 554 555
3 553 321 554
3 555 554 322
3 321 556 554
3 556 557 554
3 556 305 557
3 554 557 322
3 321 558 556
3 558 502 556
3 558 257 502
3 556 502 305
3 322 557 559
3 557 501 559
3 557 305 501
3 559 501 245
3 241 359 561
3 359 560 561
3 359 267 560
3 561 560 323
3 267 562 560
3 562 563 560
3 562 320 563
3 560 563 323
3 267 365 562
3 365 552 562
3 365 248 552
3 562 552 320
3 323 563 564
3 563 551 564
3 563 320 551
3 564 551 264
3 242 368 566
3 368 565 566
3 368 270 565
3 566 565 324
3 270 567 565
3 567 568 565
3 567 308 568
3 565 568 324
3 270 374 567
3 374 510 567
3 374 245 510
3 567 510 308
3 324 568 569
3 568 509 569
3 568 308 509
3 569 509 258
3 242 570 572
3 570 571 572
3 570 325 571
3 572 571 326
3 325 573 571
3 573 574 571
3 573 309 574
3 571 574 326
3 325 575 573
3 575 516 573
3 575 259 516
3 573 516 309
3 326 574 576
3 574 515 576
3 574 309 515
3 576 515 246
3 243 377 578
3 377 577 578
3 377 273 577
3 578 577 327
3 273 579 577
3 579 580 577
3 579 312 580
3 577 580 327
3 273 383 579
3 383 524 579
3 383 246 524
3 579 524 312
3 327 580 581
3 580 523 581
3 580 312 523
3 581 523 260
3 243 582 584
3 582 583 584
3 582 328 583
3 584 583 329
3 328 585 583
3 585 586 583
3 585 313 586
3 583 586 329
3 328 587 585
3 587 530 585
3 587 261 530
3 585 530 313
3 329 586 588
3 586 529 588
3 586 313 529
3 588 529 247
3 244 386 590
3 386 589 590
3 386 276 589
3 590 589 330
3 276 591 589
3 591 592 589
3 591 316 592
3 589 592 330
3 276 392 591
3 392 538 591
3 392 247 538
3 591 538 316
3 330 592 593
3 592 537 593
3 592 316 537
3 593 537 262
3 244 594 596
3 594 595 596
3 594 331 595
3 596 595 332
3 331 597 595
3 597 598 595
3 597 317 598
3 595 598 332
3 331 599 597
3 599 544 597
3 599 263 544
3 597 544 317
3 332 598 600
3 598 543 600
3 598 317 543
3 600 543 248
3 240 601 603
3 601 602 603
3 601 333 602
3 603 602 334
3 333 604 602
3 604 605 602
3 604 277 605
3 602 605 334
3 333 606 604
3 606 398 604
3 606 253 398
3 604 398 277
3 334 605 607
3 605 397 607
3 605 277 397
3 607 397 254
3 240 608 601
3 608 609 601
3 608 335 609
3 601 609 333
3 335 610 609
3 610 611 609
3 610 283 611
3 609 611 333
3 335 612 610
3 612 419 610
3 612 256 419
3 610 419 283
3 333 611 606
3 611 418 606
3 611 283 418
3 606 418 253
3 240 603 614
3 603 613 614
3 603 334 613
3 614 613 336
3 334 615 613
3 615 616 613
3 615 279 616
3 613 616 336
3 334 607 615
3 607 405 615
3 607 254 405
3 615 405 279
3 336 616 617
3 616 404 617
3 616 279 404
3 617 404 255
3 240 614 608
3 614 618 608
3 614 336 618
3 608 618 335
3 336 619 618
3 619 620 618
3 619 281 620
3 618 620 335
3 336 617 619
3 617 412 619
3 617 255 412
3 619 412 281
3 335 620 612
3 620 411 612
3 620 281 411
3 612 411 256
3 241 555 357
3 555 621 357
3 555 322 621
3 357 621 265
3 322 622 621
3 622 623 621
3 622 278 623
3 621 623 265
3 322 559 622
3 559 394 622
3 559 245 394
3 622 394 278
3 265 623 362
3 623 399 362
3 623 278 399
3 362 399 253
3 242 572 366
3 572 624 366
3 572 326 624
3 366 624 268
3 326 625 624
3 625 626 624
3 625 280 626
3 624 626 268
3 326 576 625
3 576 401 625
3 576 246 401
3 625 401 280
3 268 626 371
3 626 406 371
3 626 280 406
3 371 406 254
3 243 584 375
3 584 627 375
3 584 329 627
3 375 627 271
3 329 628 627
3 628 629 627
3 628 282 629
3 627 629 271
3 329 588 628
3 588 408 628
3 588 247 408
3 628 408 282
3 271 629 380
3 629 413 380
3 629 282 413
3 380 413 255
3 244 596 384
3 596 630 384
3 596 332 630
3 384 630 274
3 332 631 630
3 631 632 630
3 631 284 632
3 630 632 274
3 332 600 631
3 600 415 631
3 600 248 415
3 631 415 284
3 274 632 389
3 632 420 389
3 632 284 420
3 389 420 256
3 186 187 634
3 187 633 634
3 187 188 633
3 634 633 337
3 188 635 633
3 635 636 633
3 635 310 636
3 633 636 337
3 188 189 635
3 189 512 635
3 189 190 512
3 635 512 310
3 337 636 637
3 636 517 637
3 636 310 517
3 637 517 259
3 194 195 518
3 195 638 518
3 195 196 638
3 518 638 311
3 196 639 638
3 639 640 638
3 639 338 640
3 638 640 311
3 196 197 639
3 197 641 639
3 197 198 641
3 639 641 338
3 311 640 522
3 640 642 522
3 640 338 642
3 522 642 260
3 205 206 644
3 206 643 644
3 206 207 643
3 644 643 339
3 207 645 643
3 645 646 643
3 645 314 646
3 643 646 339
3 207 208 645
3 208 526 645
3 208 209 526
3 645 526 314
3 339 646 647
3 646 531 647
3 646 314 531
3 647 531 261
3 213 214 532
3 214 648 532
3 214 215 648
3 532 648 315
3 215 649 648
3 649 650 648
3 649 340 650
3 648 650 315
3 215 216 649
3 216 651 649
3 216 217 651
3 649 651 340
3 315 650 536
3 650 652 536
3 650 340 652
3 536 652 262
3 167 168 654
3 168 653 654
3 168 169 653
3 654 653 341
3 169 655 653
3 655 656 653
3 655 306 656
3 653 656 341
3 169 170 655
3 170 498 655
3 170 171 498
3 655 498 306
3 341 656 657
3 656 503 657
3 656 306 503
3 657 503 257
3 175 176 504
3 176 658 504
3 176 177 658
3 504 658 307
3 177 659 658
3 659 660 658
3 659 342 660
3 658 660 307
3 177 178 659
3 178 661 659
3 178 179 661
3 659 661 342
3 307 660 508
3 660 662 508
3 660 342 662
3 508 662 258
3 224 225 664
3 225 663 664
3 225 226 663
3 664 663 343
3 226 665 663
3 665 666 663
3 665 318 666
3 663 666 343
3 226 227 665
3 227 540 665
3 227 228 540
3 665 540 318
3 343 666 667
3 666 545 667
3 666 318 545
3 667 545 263
3 232 233 546
3 233 668 546
3 233 234 668
3 546 668 319
3 234 669 668
3 669 670 668
3 669 344 670
3 668 670 319
3 234 235 669
3 235 671 669
3 235 236 671
3 669 671 344
3 319 670 550
3 670 672 550
3 670 344 672
3 550 672 264
3 167 654 453
3 654 673 453
3 654 341 673
3 453 673 293
3 341 674 673
3 674 675 673
3 674 345 675
3 673 675 293
3 341 657 674
3 657 676 674
3 657 257 676
3 674 676 345
3 293 675 454
3 675 677 454
3 675 345 677
3 454 677 249
3 179 467 661
3 467 678 661
3 467 297 678
3 661 678 342
3 297 679 678
3 679 680 678
3 679 346 680
3 678 680 342
3 297 466 679
3 466 681 679
3 466 250 681
3 679 681 346
3 342 680 662
3 680 682 662
3 680 346 682
3 662 682 258
3 186 634 471
3 634 683 471
3 634 337 683
3 471 683 298
3 337 684 683
3 684 685 683
3 684 347 685
3 683 685 298
3 337 637 684
3 637 686 684
3 637 259 686
3 684 686 347
3 298 685 472
3 685 687 472
3 685 347 687
3 472 687 250
3 198 479 641
3 479 688 641
3 479 300 688
3 641 688 338
3 300 689 688
3 689 690 688
3 689 348 690
3 688 690 338
3 300 478 689
3 478 691 689
3 478 251 691
3 689 691 348
3 338 690 642
3 690 692 642
3 690 348 692
3 642 692 260
3 205 644 483
3 644 693 483
3 644 339 693
3 483 693 301
3 339 694 693
3 694 695 693
3 694 349 695
3 693 695 301
3 339 647 694
3 647 696 694
3 647 261 696
3 694 696 349
3 301 695 484
3 695 697 484
3 695 349 697
3 484 697 251
3 217 491 651
3 491 698 651
3 491 303 698
3 651 698 340
3 303 699 698
3 699 700 698
3 699 350 700
3 698 700 340
3 303 490 699
3 490 701 699
3 490 252 701
3 699 701 350
3 340 700 652
3 700 702 652
3 700 350 702
3 652 702 262
3 224 664 495
3 664 703 495
3 664 343 703
3 495 703 304
3 343 704 703
3 704 705 703
3 704 351 705
3 703 705 304
3 343 667 704
3 667 706 704
3 667 263 706
3 704 706 351
3 304 705 496
3 705 707 496
3 705 351 707
3 496 707 252
3 236 460 671
3 460 708 671
3 460 295 708
3 671 708 344
3 295 709 708
3 709 710 708
3 709 352 710
3 708 710 344
3 295 459 709
3 459 711 709
3 459 249 711
3 709 711 352
3 344 710 672
3 710 712 672
3 710 352 712
3 672 712 264
3 241 713 553
3 713 714 553
3 713 353 714
3 553 714 321
3 353 715 714
3 715 716 714
3 715 345 716
3 714 716 321
3 353 717 715
3 717 677 715
3 717 249 677
3 715 677 345
3 321 716 558
3 716 676 558
3 716 345 676
3 558 676 257
3 241 561 713
3 561 718 713
3 561 323 718
3 713 718 353
3 323 719 718
3 719 720 718
3 719 352 720
3 718 720 353
3 323 564 719
3 564 712 719
3 564 264 712
3 719 712 352
3 353 720 717
3 720 711 717
3 720 352 711
3 717 711 249
3 242 566 722
3 566 721 722
3 566 324 721
3 722 721 354
3 324 723 721
3 723 724 721
3 723 346 724
3 721 724 354
3 324 569 723
3 569 682 723
3 569 258 682
3 723 682 346
3 354 724 725
3 724 681 725
3 724 346 681
3 725 681 250
3 242 722 570
3 722 726 570
3 722 354 726
3 570 726 325
3 354 727 726
3 727 728 726
3 727 347 728
3 726 728 325
3 354 725 727
3 725 687 727
3 725 250 687
3 727 687 347
3 325 728 575
3 728 686 575
3 728 347 686
3 575 686 259
3 243 578 730
3 578 729 730
3 578 327 729
3 730 729 355
3 327 731 729
3 731 732 729
3 731 348 732
3 729 732 355
3 327 581 731
3 581 692 731
3 581 260 692
3 731 692 348
3 355 732 733
3 732 691 733
3 732 348 691
3 733 691 251
3 243 730 582
3 730 734 582
3 730 355 734
3 582 734 328
3 355 735 734
3 735 736 734
3 735 349 736
3 734 736 328
3 355 733 735
3 733 697 735
3 733 251 697
3 735 697 349
3 328 736 587
3 736 696 587
3 736 349 696
3 587 696 261
3 244 590 738
3 590 737 738
3 590 330 737
3 738 737 356
3 330 739 737
3 739 740 737
3 739 350 740
3 737 740 356
3 330 593 739
3 593 702 739
3 593 262 702
3 739 702 350
3 356 740 741
3 740 701 741
3 740 350 701
3 741 701 252
3 244 738 594
3 738 742 594
3 738 356 742
3 594 742 331
3 356 743 742
3 743 744 742
3 743 351 744
3 742 744 331
3 356 741 743
3 741 707 743
3 741 252 707
3 743 707 351
3 331 744 599
3 744 706 599
3 744 351 706
3 599 706 263
3 910 1601 1603
3 1601 1602 1603
3 1601 944 1602
3 1603 1602 946
3 944 1604 1602
3 1604 1605 1602
3 1604 945 1605
3 1602 1605 946
3 944 1606 1604
3 1606 1607 1604
3 1606 821 1607
3 1604 1607 945
3 946 1605 1609
3 1605 1608 1609
3 1605 945 1608
3 1609 1608 788
3 4 1610 1612
3 1610 1611 1612
3 1610 947 1611
3 1612 1611 949
3 947 1613 1611
3 1613 1614 1611
3 1613 948 1614
3 1611 1614 949
3 947 1615 1613
3 1615 1616 1613
3 1615 808 1616
3 1613 1616 948
3 949 1614 1618
3 1614 1617 1618
3 1614 948 1617
3 1618 1617 843
3 763 1619 1621
3 1619 1620 1621
3 1619 950 1620
3 1621 1620 952
3 950 1622 1620
3 1622 1623 1620
3 1622 951 1623
3 1620 1623 952
3 950 1624 1622
3 1624 1625 1622
3 1624 853 1625
3 1622 1625 951
3 952 1623 1627
3 1623 1626 1627
3 1623 951 1626
3 1627 1626 796
3 764 1628 1630
3 1628 1629 1630
3 1628 953 1629
3 1630 1629 955
3 953 1631 1629
3 1631 1632 1629
3 1631 954 1632
3 1629 1632 955
3 953 1633 1631
3 1633 1634 1631
3 1633 797 1634
3 1631 1634 954
3 955 1632 1636
3 1632 1635 1636
3 1632 954 1635
3 1636 1635 854
3 761 1637 1639
3 1637 1638 1639
3 1637 956 1638
3 1639 1638 958
3 956 1640 1638
3 1640 1641 1638
3 1640 957 1641
3 1638 1641 958
3 956 1642 1640
3 1642 1643 1640
3 1642 818 1643
3 1640 1643 957
3 958 1641 1645
3 1641 1644 1645
3 1641 957 1644
3 1645 1644 836
3 752 1646 1648
3 1646 1647 1648
3 1646 959 1647
3 1648 1647 961
3 959 1649 1647
3 1649 1650 1647
3 1649 960 1650
3 1647 1650 961
3 959 1651 1649
3 1651 1652 1649
3 1651 787 1652
3 1649 1652 960
3 961 1650 1654
3 1650 1653 1654
3 1650 960 1653
3 1654 1653 904
3 752 1655 1657
3 1655 1656 1657
3 1655 962 1656
3 1657 1656 964
3 962 1658 1656
3 1658 1659 1656
3 1658 963 1659
3 1656 1659 964
3 962 1660 1658
3 1660 1661 1658
3 1660 816 1661
3 1658 1661 963
3 964 1659 1663
3 1659 1662 1663
3 1659 963 1662
3 1663 1662 845
3 763 1621 1665
3 1621 1664 1665
3 1621 952 1664
3 1665 1664 966
3 952 1666 1664
3 1666 1667 1664
3 1666 965 1667
3 1664 1667 966
3 952 1627 1666
3 1627 1668 1666
3 1627 796 1668
3 1666 1668 965
3 966 1667 1670
3 1667 1669 1670
3 1667 965 1669
3 1670 1669 839
3 764 1671 1628
3 1671 1672 1628
3 1671 967 1672
3 1628 1672 953
3 967 1673 1672
3 1673 1674 1672
3 1673 968 1674
3 1672 1674 953
3 967 1675 1673
3 1675 1676 1673
3 1675 840 1676
3 1673 1676 968
3 953 1674 1633
3 1674 1677 1633
3 1674 968 1677
3 1633 1677 797
3 39 1678 1680
3 1678 1679 1680
3 1678 969 1679
3 1680 1679 971
3 969 1681 1679
3 1681 1682 1679
3 1681 970 1682
3 1679 1682 971
3 969 1683 1681
3 1683 1684 1681
3 1683 895 1684
3 1681 1684 970
3 971 1682 1686
3 1682 1685 1686
3 1682 970 1685
3 1686 1685 890
3 132 1687 1689
3 1687 1688 1689
3 1687 972 1688
3 1689 1688 974
3 972 1690 1688
3 1690 1691 1688
3 1690 973 1691
3 1688 1691 974
3 972 1692 1690
3 1692 1693 1690
3 1692 891 1693
3 1690 1693 973
3 974 1691 1695
3 1691 1694 1695
3 1691 973 1694
3 1695 1694 894
3 800 1696 1698
3 1696 1697 1698
3 1696 975 1697
3 1698 1697 976
3 975 1699 1697
3 1699 1700 1697
3 1699 973 1700
3 1697 1700 976
3 975 1701 1699
3 1701 1694 1699
3 1701 894 1694
3 1699 1694 973
3 976 1700 1702
3 1700 1693 1702
3 1700 973 1693
3 1702 1693 891
3 799 1703 1705
3 1703 1704 1705
3 1703 977 1704
3 1705 1704 978
3 977 1706 1704
3 1706 1707 1704
3 1706 970 1707
3 1704 1707 978
3 977 1708 1706
3 1708 1685 1706
3 1708 890 1685
3 1706 1685 970
3 978 1707 1709
3 1707 1684 1709
3 1707 970 1684
3 1709 1684 895
3 791 1710 1712
3 1710 1711 1712
3 1710 979 1711
3 1712 1711 981
3 979 1713 1711
3 1713 1714 1711
3 1713 980 1714
3 1711 1714 981
3 979 1715 1713
3 1715 1716 1713
3 1715 928 1716
3 1713 1716 980
3 981 1714 1718
3 1714 1717 1718
3 1714 980 1717
3 1718 1717 882
3 792 1719 1721
3 1719 1720 1721
3 1719 982 1720
3 1721 1720 984
3 982 1722 1720
3 1722 1723 1720
3 1722 983 1723
3 1720 1723 984
3 982 1724 1722
3 1724 1725 1722
3 1724 883 1725
3 1722 1725 983
3 984 1723 1727
3 1723 1726 1727
3 1723 983 1726
3 1727 1726 929
3 748 1728 1730
3 1728 1729 1730
3 1728 985 1729
3 1730 1729 986
3 985 1731 1729
3 1731 1732 1729
3 1731 957 1732
3 1729 1732 986
3 985 1733 1731
3 1733 1644 1731
3 1733 836 1644
3 1731 1644 957
3 986 1732 1734
3 1732 1643 1734
3 1732 957 1643
3 1734 1643 818
3 6 1735 1737
3 1735 1736 1737
3 1735 987 1736
3 1737 1736 988
3 987 1738 1736
3 1738 1739 1736
3 1738 944 1739
3 1736 1739 988
3 987 1740 1738
3 1740 1606 1738
3 1740 821 1606
3 1738 1606 944
3 988 1739 1741
3 1739 1601 1741
3 1739 944 1601
3 1741 1601 910
3 78 1742 1744
3 1742 1743 1744
3 1742 989 1743
3 1744 1743 991
3 989 1745 1743
3 1745 1746 1743
3 1745 990 1746
3 1743 1746 991
3 989 1747 1745
3 1747 1748 1745
3 1747 817 1748
3 1745 1748 990
3 991 1746 1750
3 1746 1749 1750
3 1746 990 1749
3 1750 1749 790
3 750 1751 1753
3 1751 1752 1753
3 1751 992 1752
3 1753 1752 994
3 992 1754 1752
3 1754 1755 1752
3 1754 993 1755
3 1752 1755 994
3 992 1756 1754
3 1756 1757 1754
3 1756 799 1757
3 1754 1757 993
3 994 1755 1759
3 1755 1758 1759
3 1755 993 1758
3 1759 1758 860
3 751 1760 1762
3 1760 1761 1762
3 1760 995 1761
3 1762 1761 997
3 995 1763 1761
3 1763 1764 1761
3 1763 996 1764
3 1761 1764 997
3 995 1765 1763
3 1765 1766 1763
3 1765 861 1766
3 1763 1766 996
3 997 1764 1768
3 1764 1767 1768
3 1764 996 1767
3 1768 1767 800
3 27 1769 1771
3 1769 1770 1771
3 1769 998 1770
3 1771 1770 999
3 998 1772 1770
3 1772 1773 1770
3 1772 980 1773
3 1770 1773 999
3 998 1774 1772
3 1774 1717 1772
3 1774 882 1717
3 1772 1717 980
3 999 1773 1775
3 1773 1716 1775
3 1773 980 1716
3 1775 1716 928
3 144 1776 1778
3 1776 1777 1778
3 1776 1000 1777
3 1778 1777 1001
3 1000 1779 1777
3 1779 1780 1777
3 1779 983 1780
3 1777 1780 1001
3 1000 1781 1779
3 1781 1726 1779
3 1781 929 1726
3 1779 1726 983
3 1001 1780 1782
3 1780 1725 1782
3 1780 983 1725
3 1782 1725 883
3 762 1783 1785
3 1783 1784 1785
3 1783 1002 1784
3 1785 1784 1004
3 1002 1786 1784
3 1786 1787 1784
3 1786 1003 1787
3 1784 1787 1004
3 1002 1788 1786
3 1788 1789 1786
3 1788 795 1789
3 1786 1789 1003
3 1004 1787 1791
3 1787 1790 1791
3 1787 1003 1790
3 1791 1790 855
3 809 1792 1794
3 1792 1793 1794
3 1792 1005 1793
3 1794 1793 1007
3 1005 1795 1793
3 1795 1796 1793
3 1795 1006 1796
3 1793 1796 1007
3 1005 1797 1795
3 1797 1798 1795
3 1797 918 1798
3 1795 1798 1006
3 1007 1796 1800
3 1796 1799 1800
3 1796 1006 1799
3 1800 1799 871
3 78 1744 1802
3 1744 1801 1802
3 1744 991 1801
3 1802 1801 1009
3 991 1803 1801
3 1803 1804 1801
3 1803 1008 1804
3 1801 1804 1009
3 991 1750 1803
3 1750 1805 1803
3 1750 790 1805
3 1803 1805 1008
3 1009 1804 1807
3 1804 1806 1807
3 1804 1008 1806
3 1807 1806 940
3 812 1808 1810
3 1808 1809 1810
3 1808 1010 1809
3 1810 1809 1012
3 1010 1811 1809
3 1811 1812 1809
3 1811 1011 1812
3 1809 1812 1012
3 1010 1813 1811
3 1813 1814 1811
3 1813 15 1814
3 1811 1814 1011
3 1012 1812 1816
3 1812 1815 1816
3 1812 1011 1815
3 1816 1815 935
3 813 1817 1819
3 1817 1818 1819
3 1817 1013 1818
3 1819 1818 1015
3 1013 1820 1818
3 1820 1821 1818
3 1820 1014 1821
3 1818 1821 1015
3 1013 1822 1820
3 1822 1823 1820
3 1822 936 1823
3 1820 1823 1014
3 1015 1821 1825
3 1821 1824 1825
3 1821 1014 1824
3 1825 1824 156
3 747 1826 1828
3 1826 1827 1828
3 1826 1016 1827
3 1828 1827 1018
3 1016 1829 1827
3 1829 1830 1827
3 1829 1017 1830
3 1827 1830 1018
3 1016 1831 1829
3 1831 1832 1829
3 1831 850 1832
3 1829 1832 1017
3 1018 1830 1834
3 1830 1833 1834
3 1830 1017 1833
3 1834 1833 783
3 747 1835 1837
3 1835 1836 1837
3 1835 1019 1836
3 1837 1836 1021
3 1019 1838 1836
3 1838 1839 1836
3 1838 1020 1839
3 1836 1839 1021
3 1019 1840 1838
3 1840 1841 1838
3 1840 784 1841
3 1838 1841 1020
3 1021 1839 1843
3 1839 1842 1843
3 1839 1020 1842
3 1843 1842 851
3 5 1844 183
3 1844 1845 183
3 1844 1022 1845
3 183 1845 184
3 1022 1846 1845
3 1846 1847 1845
3 1846 1023 1847
3 1845 1847 184
3 1022 1848 1846
3 1848 1849 1846
3 1848 805 1849
3 1846 1849 1023
3 184 1847 185
3 1847 1850 185
3 1847 1023 1850
3 185 1850 186
3 7 220 1852
3 220 1851 1852
3 220 219 1851
3 1852 1851 1025
3 219 1853 1851
3 1853 1854 1851
3 1853 1024 1854
3 1851 1854 1025
3 219 218 1853
3 218 1855 1853
3 218 217 1855
3 1853 1855 1024
3 1025 1854 1857
3 1854 1856 1857
3 1854 1024 1856
3 1857 1856 806
3 4 1858 164
3 1858 1859 164
3 1858 1026 1859
3 164 1859 165
3 1026 1860 1859
3 1860 1861 1859
3 1860 1027 1861
3 1859 1861 165
3 1026 1862 1860
3 1862 1863 1860
3 1862 807 1863
3 1860 1863 1027
3 165 1861 166
3 1861 1864 166
3 1861 1027 1864
3 166 1864 167
3 4 239 1610
3 239 1865 1610
3 239 238 1865
3 1610 1865 947
3 238 1866 1865
3 1866 1867 1865
3 1866 1028 1867
3 1865 1867 947
3 238 237 1866
3 237 1868 1866
3 237 236 1868
3 1866 1868 1028
3 947 1867 1615
3 1867 1869 1615
3 1867 1028 1869
3 1615 1869 808
3 757 1870 1872
3 1870 1871 1872
3 1870 1029 1871
3 1872 1871 1031
3 1029 1873 1871
3 1873 1874 1871
3 1873 1030 1874
3 1871 1874 1031
3 1029 1875 1873
3 1875 1876 1873
3 1875 788 1876
3 1873 1876 1030
3 1031 1874 1878
3 1874 1877 1878
3 1874 1030 1877
3 1878 1877 819
3 767 1879 1881
3 1879 1880 1881
3 1879 1032 1880
3 1881 1880 1034
3 1032 1882 1880
3 1882 1883 1880
3 1882 1033 1883
3 1880 1883 1034
3 1032 1884 1882
3 1884 1885 1882
3 1884 801 1885
3 1882 1885 1033
3 1034 1883 1887
3 1883 1886 1887
3 1883 1033 1886
3 1887 1886 873
3 762 1785 1889
3 1785 1888 1889
3 1785 1004 1888
3 1889 1888 1036
3 1004 1890 1888
3 1890 1891 1888
3 1890 1035 1891
3 1888 1891 1036
3 1004 1791 1890
3 1791 1892 1890
3 1791 855 1892
3 1890 1892 1035
3 1036 1891 1894
3 1891 1893 1894
3 1891 1035 1893
3 1894 1893 787
3 762 1889 1896
3 1889 1895 1896
3 1889 1036 1895
3 1896 1895 1038
3 1036 1897 1895
3 1897 1898 1895
3 1897 1037 1898
3 1895 1898 1038
3 1036 1894 1897
3 1894 1899 1897
3 1894 787 1899
3 1897 1899 1037
3 1038 1898 1901
3 1898 1900 1901
3 1898 1037 1900
3 1901 1900 845
3 774 1902 1904
3 1902 1903 1904
3 1902 1039 1903
3 1904 1903 1040
3 1039 1905 1903
3 1905 1906 1903
3 1905 1017 1906
3 1903 1906 1040
3 1039 1907 1905
3 1907 1833 1905
3 1907 783 1833
3 1905 1833 1017
3 1040 1906 1908
3 1906 1832 1908
3 1906 1017 1832
3 1908 1832 850
3 775 1909 1911
3 1909 1910 1911
3 1909 1041 1910
3 1911 1910 1042
3 1041 1912 1910
3 1912 1913 1910
3 1912 1020 1913
3 1910 1913 1042
3 1041 1914 1912
3 1914 1842 1912
3 1914 851 1842
3 1912 1842 1020
3 1042 1913 1915
3 1913 1841 1915
3 1913 1020 1841
3 1915 1841 784
3 747 1828 1917
3 1828 1916 1917
3 1828 1018 1916
3 1917 1916 1044
3 1018 1918 1916
3 1918 1919 1916
3 1918 1043 1919
3 1916 1919 1044
3 1018 1834 1918
3 1834 1920 1918
3 1834 783 1920
3 1918 1920 1043
3 1044 1919 1922
3 1919 1921 1922
3 1919 1043 1921
3 1922 1921 852
3 747 1917 1835
3 1917 1923 1835
3 1917 1044 1923
3 1835 1923 1019
3 1044 1924 1923
3 1924 1925 1923
3 1924 1045 1925
3 1923 1925 1019
3 1044 1922 1924
3 1922 1926 1924
3 1922 852 1926
3 1924 1926 1045
3 1019 1925 1840
3 1925 1927 1840
3 1925 1045 1927
3 1840 1927 784
3 750 1928 1751
3 1928 1929 1751
3 1928 1046 1929
3 1751 1929 992
3 1046 1930 1929
3 1930 1931 1929
3 1930 1047 1931
3 1929 1931 992
3 1046 1932 1930
3 1932 1933 1930
3 1932 865 1933
3 1930 1933 1047
3 992 1931 1756
3 1931 1934 1756
3 1931 1047 1934
3 1756 1934 799
3 751 1762 1936
3 1762 1935 1936
3 1762 997 1935
3 1936 1935 1049
3 997 1937 1935
3 1937 1938 1935
3 1937 1048 1938
3 1935 1938 1049
3 997 1768 1937
3 1768 1939 1937
3 1768 800 1939
3 1937 1939 1048
3 1049 1938 1941
3 1938 1940 1941
3 1938 1048 1940
3 1941 1940 866
3 35 36 1943
3 36 1942 1943
3 36 37 1942
3 1943 1942 1050
3 37 1944 1942
3 1944 1945 1942
3 1944 971 1945
3 1942 1945 1050
3 37 38 1944
3 38 1680 1944
3 38 39 1680
3 1944 1680 971
3 1050 1945 1946
3 1945 1686 1946
3 1945 971 1686
3 1946 1686 890
3 132 133 1687
3 133 1947 1687
3 133 134 1947
3 1687 1947 972
3 134 1948 1947
3 1948 1949 1947
3 1948 1051 1949
3 1947 1949 972
3 134 135 1948
3 135 1950 1948
3 135 136 1950
3 1948 1950 1051
3 972 1949 1692
3 1949 1951 1692
3 1949 1051 1951
3 1692 1951 891
3 186 1850 1953
3 1850 1952 1953
3 1850 1023 1952
3 1953 1952 1053
3 1023 1954 1952
3 1954 1955 1952
3 1954 1052 1955
3 1952 1955 1053
3 1023 1849 1954
3 1849 1956 1954
3 1849 805 1956
3 1954 1956 1052
3 1053 1955 1958
3 1955 1957 1958
3 1955 1052 1957
3 1958 1957 832
3 752 1657 1646
3 1657 1959 1646
3 1657 964 1959
3 1646 1959 959
3 964 1960 1959
3 1960 1961 1959
3 1960 1037 1961
3 1959 1961 959
3 964 1663 1960
3 1663 1900 1960
3 1663 845 1900
3 1960 1900 1037
3 959 1961 1651
3 1961 1899 1651
3 1961 1037 1899
3 1651 1899 787
3 762 1962 1783
3 1962 1963 1783
3 1962 1054 1963
3 1783 1963 1002
3 1054 1964 1963
3 1964 1965 1963
3 1964 1055 1965
3 1963 1965 1002
3 1054 1966 1964
3 1966 1967 1964
3 1966 889 1967
3 1964 1967 1055
3 1002 1965 1788
3 1965 1968 1788
3 1965 1055 1968
3 1788 1968 795
3 757 1969 1971
3 1969 1970 1971
3 1969 1056 1970
3 1971 1970 1058
3 1056 1972 1970
3 1972 1973 1970
3 1972 1057 1973
3 1970 1973 1058
3 1056 1974 1972
3 1974 1975 1972
3 1974 918 1975
3 1972 1975 1057
3 1058 1973 1977
3 1973 1976 1977
3 1973 1057 1976
3 1977 1976 909
3 167 1864 1979
3 1864 1978 1979
3 1864 1027 1978
3 1979 1978 1060
3 1027 1980 1978
3 1980 1981 1978
3 1980 1059 1981
3 1978 1981 1060
3 1027 1863 1980
3 1863 1982 1980
3 1863 807 1982
3 1980 1982 1059
3 1060 1981 1984
3 1981 1983 1984
3 1981 1059 1983
3 1984 1983 834
3 236 1985 1868
3 1985 1986 1868
3 1985 1061 1986
3 1868 1986 1028
3 1061 1987 1986
3 1987 1988 1986
3 1987 1062 1988
3 1986 1988 1028
3 1061 1989 1987
3 1989 1990 1987
3 1989 835 1990
3 1987 1990 1062
3 1028 1988 1869
3 1988 1991 1869
3 1988 1062 1991
3 1869 1991 808
3 754 1992 1994
3 1992 1993 1994
3 1992 1063 1993
3 1994 1993 1065
3 1063 1995 1993
3 1995 1996 1993
3 1995 1064 1996
3 1993 1996 1065
3 1063 1997 1995
3 1997 1998 1995
3 1997 810 1998
3 1995 1998 1064
3 1065 1996 2000
3 1996 1999 2000
3 1996 1064 1999
3 2000 1999 814
3 755 2001 2003
3 2001 2002 2003
3 2001 1066 2002
3 2003 2002 1068
3 1066 2004 2002
3 2004 2005 2002
3 2004 1067 2005
3 2002 2005 1068
3 1066 2006 2004
3 2006 2007 2004
3 2006 815 2007
3 2004 2007 1067
3 1068 2005 2009
3 2005 2008 2009
3 2005 1067 2008
3 2009 2008 811
3 27 28 1769
3 28 2010 1769
3 28 29 2010
3 1769 2010 998
3 29 2011 2010
3 2011 2012 2010
3 2011 1069 2012
3 2010 2012 998
3 29 30 2011
3 30 2013 2011
3 30 31 2013
3 2011 2013 1069
3 998 2012 1774
3 2012 2014 1774
3 2012 1069 2014
3 1774 2014 882
3 140 141 2016
3 141 2015 2016
3 141 142 2015
3 2016 2015 1070
3 142 2017 2015
3 2017 2018 2015
3 2017 1001 2018
3 2015 2018 1070
3 142 143 2017
3 143 1778 2017
3 143 144 1778
3 2017 1778 1001
3 1070 2018 2019
3 2018 1782 2019
3 2018 1001 1782
3 2019 1782 883
3 750 2020 2022
3 2020 2021 2022
3 2020 1071 2021
3 2022 2021 1072
3 1071 2023 2021
3 2023 2024 2021
3 2023 965 2024
3 2021 2024 1072
3 1071 2025 2023
3 2025 1669 2023
3 2025 839 1669
3 2023 1669 965
3 1072 2024 2026
3 2024 1668 2026
3 2024 965 1668
3 2026 1668 796
3 751 2027 2029
3 2027 2028 2029
3 2027 1073 2028
3 2029 2028 1074
3 1073 2030 2028
3 2030 2031 2028
3 2030 968 2031
3 2028 2031 1074
3 1073 2032 2030
3 2032 1677 2030
3 2032 797 1677
3 2030 1677 968
3 1074 2031 2033
3 2031 1676 2033
3 2031 968 1676
3 2033 1676 840
3 5 2034 1844
3 2034 2035 1844
3 2034 1075 2035
3 1844 2035 1022
3 1075 2036 2035
3 2036 2037 2035
3 2036 1076 2037
3 2035 2037 1022
3 1075 2038 2036
3 2038 2039 2036
3 2038 824 2039
3 2036 2039 1076
3 1022 2037 1848
3 2037 2040 1848
3 2037 1076 2040
3 1848 2040 805
3 7 1852 2042
3 1852 2041 2042
3 1852 1025 2041
3 2042 2041 1078
3 1025 2043 2041
3 2043 2044 2041
3 2043 1077 2044
3 2041 2044 1078
3 1025 1857 2043
3 1857 2045 2043
3 1857 806 2045
3 2043 2045 1077
3 1078 2044 2047
3 2044 2046 2047
3 2044 1077 2046
3 2047 2046 825
3 784 1927 2049
3 1927 2048 2049
3 1927 1045 2048
3 2049 2048 1080
3 1045 2050 2048
3 2050 2051 2048
3 2050 1079 2051
3 2048 2051 1080
3 1045 1926 2050
3 1926 2052 2050
3 1926 852 2052
3 2050 2052 1079
3 1080 2051 2054
3 2051 2053 2054
3 2051 1079 2053
3 2054 2053 859
3 15 16 1814
3 16 2055 1814
3 16 17 2055
3 1814 2055 1011
3 17 2056 2055
3 2056 2057 2055
3 2056 1081 2057
3 2055 2057 1011
3 17 18 2056
3 18 2058 2056
3 18 19 2058
3 2056 2058 1081
3 1011 2057 1815
3 2057 2059 1815
3 2057 1081 2059
3 1815 2059 935
3 156 1824 155
3 1824 2060 155
3 1824 1014 2060
3 155 2060 154
3 1014 2061 2060
3 2061 2062 2060
3 2061 1082 2062
3 2060 2062 154
3 1014 1823 2061
3 1823 2063 2061
3 1823 936 2063
3 2061 2063 1082
3 154 2062 153
3 2062 2064 153
3 2062 1082 2064
3 153 2064 152
3 819 2065 2067
3 2065 2066 2067
3 2065 1083 2066
3 2067 2066 1085
3 1083 2068 2066
3 2068 2069 2066
3 2068 1084 2069
3 2066 2069 1085
3 1083 2070 2068
3 2070 2071 2068
3 2070 881 2071
3 2068 2071 1084
3 1085 2069 2073
3 2069 2072 2073
3 2069 1084 2072
3 2073 2072 898
3 779 2074 2076
3 2074 2075 2076
3 2074 1086 2075
3 2076 2075 1087
3 1086 2077 2075
3 2077 2078 2075
3 2077 993 2078
3 2075 2078 1087
3 1086 2079 2077
3 2079 1758 2077
3 2079 860 1758
3 2077 1758 993
3 1087 2078 2080
3 2078 1757 2080
3 2078 993 1757
3 2080 1757 799
3 780 2081 2083
3 2081 2082 2083
3 2081 1088 2082
3 2083 2082 1089
3 1088 2084 2082
3 2084 2085 2082
3 2084 996 2085
3 2082 2085 1089
3 1088 2086 2084
3 2086 1767 2084
3 2086 800 1767
3 2084 1767 996
3 1089 2085 2087
3 2085 1766 2087
3 2085 996 1766
3 2087 1766 861
3 898 2072 2089
3 2072 2088 2089
3 2072 1084 2088
3 2089 2088 1091
3 1084 2090 2088
3 2090 2091 2088
3 2090 1090 2091
3 2088 2091 1091
3 1084 2071 2090
3 2071 2092 2090
3 2071 881 2092
3 2090 2092 1090
3 1091 2091 2094
3 2091 2093 2094
3 2091 1090 2093
3 2094 2093 765
3 194 2095 195
3 2095 2096 195
3 2095 1092 2096
3 195 2096 196
3 1092 2097 2096
3 2097 2098 2096
3 2097 1093 2098
3 2096 2098 196
3 1092 2099 2097
3 2099 2100 2097
3 2099 831 2100
3 2097 2100 1093
3 196 2098 197
3 2098 2101 197
3 2098 1093 2101
3 197 2101 198
3 186 1953 187
3 1953 2102 187
3 1953 1053 2102
3 187 2102 188
3 1053 2103 2102
3 2103 2104 2102
3 2103 1094 2104
3 2102 2104 188
3 1053 1958 2103
3 1958 2105 2103
3 1958 832 2105
3 2103 2105 1094
3 188 2104 189
3 2104 2106 189
3 2104 1094 2106
3 189 2106 190
3 774 2107 1902
3 2107 2108 1902
3 2107 1095 2108
3 1902 2108 1039
3 1095 2109 2108
3 2109 2110 2108
3 2109 1096 2110
3 2108 2110 1039
3 1095 2111 2109
3 2111 2112 2109
3 2111 847 2112
3 2109 2112 1096
3 1039 2110 1907
3 2110 2113 1907
3 2110 1096 2113
3 1907 2113 783
3 775 1911 2115
3 1911 2114 2115
3 1911 1042 2114
3 2115 2114 1098
3 1042 2116 2114
3 2116 2117 2114
3 2116 1097 2117
3 2114 2117 1098
3 1042 1915 2116
3 1915 2118 2116
3 1915 784 2118
3 2116 2118 1097
3 1098 2117 2120
3 2117 2119 2120
3 2117 1097 2119
3 2120 2119 846
3 167 1979 168
3 1979 2121 168
3 1979 1060 2121
3 168 2121 169
3 1060 2122 2121
3 2122 2123 2121
3 2122 1099 2123
3 2121 2123 169
3 1060 1984 2122
3 1984 2124 2122
3 1984 834 2124
3 2122 2124 1099
3 169 2123 170
3 2123 2125 170
3 2123 1099 2125
3 170 2125 171
3 232 2126 233
3 2126 2127 233
3 2126 1100 2127
3 233 2127 234
3 1100 2128 2127
3 2128 2129 2127
3 2128 1061 2129
3 2127 2129 234
3 1100 2130 2128
3 2130 1989 2128
3 2130 835 1989
3 2128 1989 1061
3 234 2129 235
3 2129 1985 235
3 2129 1061 1985
3 235 1985 236
3 746 2131 2133
3 2131 2132 2133
3 2131 1101 2132
3 2133 2132 1103
3 1101 2134 2132
3 2134 2135 2132
3 2134 1102 2135
3 2132 2135 1103
3 1101 2136 2134
3 2136 2137 2134
3 2136 856 2137
3 2134 2137 1102
3 1103 2135 2139
3 2135 2138 2139
3 2135 1102 2138
3 2139 2138 842
3 745 2140 2142
3 2140 2141 2142
3 2140 1104 2141
3 2142 2141 1106
3 1104 2143 2141
3 2143 2144 2141
3 2143 1105 2144
3 2141 2144 1106
3 1104 2145 2143
3 2145 2146 2143
3 2145 841 2146
3 2143 2146 1105
3 1106 2144 2148
3 2144 2147 2148
3 2144 1105 2147
3 2148 2147 857
3 777 2149 2151
3 2149 2150 2151
3 2149 1107 2150
3 2151 2150 1108
3 1107 2152 2150
3 2152 2153 2150
3 2152 1007 2153
3 2150 2153 1108
3 1107 2154 2152
3 2154 1794 2152
3 2154 809 1794
3 2152 1794 1007
3 1108 2153 2155
3 2153 1800 2155
3 2153 1007 1800
3 2155 1800 871
3 941 2156 2158
3 2156 2157 2158
3 2156 1109 2157
3 2158 2157 1111
3 1109 2159 2157
3 2159 2160 2157
3 2159 1110 2160
3 2157 2160 1111
3 1109 2161 2159
3 2161 2162 2159
3 2161 833 2162
3 2159 2162 1110
3 1111 2160 2164
3 2160 2163 2164
3 2160 1110 2163
3 2164 2163 762
3 140 2016 2166
3 2016 2165 2166
3 2016 1070 2165
3 2166 2165 1113
3 1070 2167 2165
3 2167 2168 2165
3 2167 1112 2168
3 2165 2168 1113
3 1070 2019 2167
3 2019 2169 2167
3 2019 883 2169
3 2167 2169 1112
3 1113 2168 2171
3 2168 2170 2171
3 2168 1112 2170
3 2171 2170 891
3 31 2172 2013
3 2172 2173 2013
3 2172 1114 2173
3 2013 2173 1069
3 1114 2174 2173
3 2174 2175 2173
3 2174 1115 2175
3 2173 2175 1069
3 1114 2176 2174
3 2176 2177 2174
3 2176 890 2177
3 2174 2177 1115
3 1069 2175 2014
3 2175 2178 2014
3 2175 1115 2178
3 2014 2178 882
3 821 2179 1607
3 2179 2180 1607
3 2179 1116 2180
3 1607 2180 945
3 1116 2181 2180
3 2181 2182 2180
3 2181 1117 2182
3 2180 2182 945
3 1116 2183 2181
3 2183 2184 2181
3 2183 881 2184
3 2181 2184 1117
3 945 2182 1608
3 2182 2185 1608
3 2182 1117 2185
3 1608 2185 788
3 790 2186 2188
3 2186 2187 2188
3 2186 1118 2187
3 2188 2187 1119
3 1118 2189 2187
3 2189 2190 2187
3 2189 963 2190
3 2187 2190 1119
3 1118 2191 2189
3 2191 1662 2189
3 2191 845 1662
3 2189 1662 963
3 1119 2190 2192
3 2190 1661 2192
3 2190 963 1661
3 2192 1661 816
3 789 2193 2195
3 2193 2194 2195
3 2193 1120 2194
3 2195 2194 1122
3 1120 2196 2194
3 2196 2197 2194
3 2196 1121 2197
3 2194 2197 1122
3 1120 2198 2196
3 2198 2199 2196
3 2198 938 2199
3 2196 2199 1121
3 1122 2197 2201
3 2197 2200 2201
3 2197 1121 2200
3 2201 2200 818
3 766 2202 2204
3 2202 2203 2204
3 2202 1123 2203
3 2204 2203 1124
3 1123 2205 2203
3 2205 2206 2203
3 2205 1079 2206
3 2203 2206 1124
3 1123 2207 2205
3 2207 2053 2205
3 2207 859 2053
3 2205 2053 1079
3 1124 2206 2208
3 2206 2052 2208
3 2206 1079 2052
3 2208 2052 852
3 748 1730 2210
3 1730 2209 2210
3 1730 986 2209
3 2210 2209 1126
3 986 2211 2209
3 2211 2212 2209
3 2211 1125 2212
3 2209 2212 1126
3 986 1734 2211
3 1734 2213 2211
3 1734 818 2213
3 2211 2213 1125
3 1126 2212 2215
3 2212 2214 2215
3 2212 1125 2214
3 2215 2214 909
3 50 2216 2218
3 2216 2217 2218
3 2216 1127 2217
3 2218 2217 1129
3 1127 2219 2217
3 2219 2220 2217
3 2219 1128 2220
3 2217 2220 1129
3 1127 2221 2219
3 2221 2222 2219
3 2221 876 2222
3 2219 2222 1128
3 1129 2220 2224
3 2220 2223 2224
3 2220 1128 2223
3 2224 2223 888
3 121 2225 2227
3 2225 2226 2227
3 2225 1130 2226
3 2227 2226 1132
3 1130 2228 2226
3 2228 2229 2226
3 2228 1131 2229
3 2226 2229 1132
3 1130 2230 2228
3 2230 2231 2228
3 2230 887 2231
3 2228 2231 1131
3 1132 2229 2233
3 2229 2232 2233
3 2229 1131 2232
3 2233 2232 875
3 97 2234 2236
3 2234 2235 2236
3 2234 1133 2235
3 2236 2235 1135
3 1133 2237 2235
3 2237 2238 2235
3 2237 1134 2238
3 2235 2238 1135
3 1133 2239 2237
3 2239 2240 2237
3 2239 849 2240
3 2237 2240 1134
3 1135 2238 2242
3 2238 2241 2242
3 2238 1134 2241
3 2242 2241 795
3 754 2243 2245
3 2243 2244 2245
3 2243 1136 2244
3 2245 2244 1138
3 1136 2246 2244
3 2246 2247 2244
3 2246 1137 2247
3 2244 2247 1138
3 1136 2248 2246
3 2248 2249 2246
3 2248 905 2249
3 2246 2249 1137
3 1138 2247 2251
3 2247 2250 2251
3 2247 1137 2250
3 2251 2250 853
3 755 2252 2254
3 2252 2253 2254
3 2252 1139 2253
3 2254 2253 1141
3 1139 2255 2253
3 2255 2256 2253
3 2255 1140 2256
3 2253 2256 1141
3 1139 2257 2255
3 2257 2258 2255
3 2257 854 2258
3 2255 2258 1140
3 1141 2256 2260
3 2256 2259 2260
3 2256 1140 2259
3 2260 2259 906
3 796 1626 2262
3 1626 2261 2262
3 1626 951 2261
3 2262 2261 1142
3 951 2263 2261
3 2263 2264 2261
3 2263 1137 2264
3 2261 2264 1142
3 951 1625 2263
3 1625 2250 2263
3 1625 853 2250
3 2263 2250 1137
3 1142 2264 2265
3 2264 2249 2265
3 2264 1137 2249
3 2265 2249 905
3 797 2266 1634
3 2266 2267 1634
3 2266 1143 2267
3 1634 2267 954
3 1143 2268 2267
3 2268 2269 2267
3 2268 1140 2269
3 2267 2269 954
3 1143 2270 2268
3 2270 2259 2268
3 2270 906 2259
3 2268 2259 1140
3 954 2269 1635
3 2269 2258 1635
3 2269 1140 2258
3 1635 2258 854
3 757 1872 1969
3 1872 2271 1969
3 1872 1031 2271
3 1969 2271 1056
3 1031 2272 2271
3 2272 2273 2271
3 2272 1144 2273
3 2271 2273 1056
3 1031 1878 2272
3 1878 2274 2272
3 1878 819 2274
3 2272 2274 1144
3 1056 2273 1974
3 2273 2275 1974
3 2273 1144 2275
3 1974 2275 918
3 767 2276 1879
3 2276 2277 1879
3 2276 1145 2277
3 1879 2277 1032
3 1145 2278 2277
3 2278 2279 2277
3 2278 1146 2279
3 2277 2279 1032
3 1145 2280 2278
3 2280 2281 2278
3 2280 848 2281
3 2278 2281 1146
3 1032 2279 1884
3 2279 2282 1884
3 2279 1146 2282
3 1884 2282 801
3 749 2283 2285
3 2283 2284 2285
3 2283 1147 2284
3 2285 2284 1149
3 1147 2286 2284
3 2286 2287 2284
3 2286 1148 2287
3 2284 2287 1149
3 1147 2288 2286
3 2288 2289 2286
3 2288 848 2289
3 2286 2289 1148
3 1149 2287 2291
3 2287 2290 2291
3 2287 1148 2290
3 2291 2290 837
3 6 2292 1735
3 2292 2293 1735
3 2292 1150 2293
3 1735 2293 987
3 1150 2294 2293
3 2294 2295 2293
3 2294 1151 2295
3 2293 2295 987
3 1150 2296 2294
3 2296 2297 2294
3 2296 923 2297
3 2294 2297 1151
3 987 2295 1740
3 2295 2298 1740
3 2295 1151 2298
3 1740 2298 821
3 198 2101 2300
3 2101 2299 2300
3 2101 1093 2299
3 2300 2299 1153
3 1093 2301 2299
3 2301 2302 2299
3 2301 1152 2302
3 2299 2302 1153
3 1093 2100 2301
3 2100 2303 2301
3 2100 831 2303
3 2301 2303 1152
3 1153 2302 2305
3 2302 2304 2305
3 2302 1152 2304
3 2305 2304 923
3 817 2306 2308
3 2306 2307 2308
3 2306 1154 2307
3 2308 2307 1155
3 1154 2309 2307
3 2309 2310 2307
3 2309 1109 2310
3 2307 2310 1155
3 1154 2311 2309
3 2311 2161 2309
3 2311 833 2161
3 2309 2161 1109
3 1155 2310 2312
3 2310 2156 2312
3 2310 1109 2156
3 2312 2156 941
3 746 2313 2131
3 2313 2314 2131
3 2313 1156 2314
3 2131 2314 1101
3 1156 2315 2314
3 2315 2316 2314
3 2315 1157 2316
3 2314 2316 1101
3 1156 2317 2315
3 2317 2318 2315
3 2317 810 2318
3 2315 2318 1157
3 1101 2316 2136
3 2316 2319 2136
3 2316 1157 2319
3 2136 2319 856
3 745 2142 2321
3 2142 2320 2321
3 2142 1106 2320
3 2321 2320 1159
3 1106 2322 2320
3 2322 2323 2320
3 2322 1158 2323
3 2320 2323 1159
3 1106 2148 2322
3 2148 2324 2322
3 2148 857 2324
3 2322 2324 1158
3 1159 2323 2326
3 2323 2325 2326
3 2323 1158 2325
3 2326 2325 811
3 749 2327 2283
3 2327 2328 2283
3 2327 1160 2328
3 2283 2328 1147
3 1160 2329 2328
3 2329 2330 2328
3 2329 1146 2330
3 2328 2330 1147
3 1160 2331 2329
3 2331 2282 2329
3 2331 801 2282
3 2329 2282 1146
3 1147 2330 2288
3 2330 2281 2288
3 2330 1146 2281
3 2288 2281 848
3 749 2332 2334
3 2332 2333 2334
3 2332 1161 2333
3 2334 2333 1163
3 1161 2335 2333
3 2335 2336 2333
3 2335 1162 2336
3 2333 2336 1163
3 1161 2337 2335
3 2337 2338 2335
3 2337 892 2338
3 2335 2338 1162
3 1163 2336 2340
3 2336 2339 2340
3 2336 1162 2339
3 2340 2339 820
3 778 2341 2343
3 2341 2342 2343
3 2341 1164 2342
3 2343 2342 1166
3 1164 2344 2342
3 2344 2345 2342
3 2344 1165 2345
3 2342 2345 1166
3 1164 2346 2344
3 2346 2347 2344
3 2346 877 2347
3 2344 2347 1165
3 1166 2345 2349
3 2345 2348 2349
3 2345 1165 2348
3 2349 2348 813
3 758 2350 2352
3 2350 2351 2352
3 2350 1167 2351
3 2352 2351 1168
3 1167 2353 2351
3 2353 2354 2351
3 2353 1102 2354
3 2351 2354 1168
3 1167 2355 2353
3 2355 2138 2353
3 2355 842 2138
3 2353 2138 1102
3 1168 2354 2356
3 2354 2137 2356
3 2354 1102 2137
3 2356 2137 856
3 759 2357 2359
3 2357 2358 2359
3 2357 1169 2358
3 2359 2358 1170
3 1169 2360 2358
3 2360 2361 2358
3 2360 1105 2361
3 2358 2361 1170
3 1169 2362 2360
3 2362 2147 2360
3 2362 857 2147
3 2360 2147 1105
3 1170 2361 2363
3 2361 2146 2363
3 2361 1105 2146
3 2363 2146 841
3 97 2236 2365
3 2236 2364 2365
3 2236 1135 2364
3 2365 2364 1171
3 1135 2366 2364
3 2366 2367 2364
3 2366 1055 2367
3 2364 2367 1171
3 1135 2242 2366
3 2242 1968 2366
3 2242 795 1968
3 2366 1968 1055
3 1171 2367 2368
3 2367 1967 2368
3 2367 1055 1967
3 2368 1967 889
3 136 137 1950
3 137 2369 1950
3 137 138 2369
3 1950 2369 1051
3 138 2370 2369
3 2370 2371 2369
3 2370 1113 2371
3 2369 2371 1051
3 138 139 2370
3 139 2166 2370
3 139 140 2166
3 2370 2166 1113
3 1051 2371 1951
3 2371 2171 1951
3 2371 1113 2171
3 1951 2171 891
3 31 32 2172
3 32 2372 2172
3 32 33 2372
3 2172 2372 1114
3 33 2373 2372
3 2373 2374 2372
3 2373 1050 2374
3 2372 2374 1114
3 33 34 2373
3 34 1943 2373
3 34 35 1943
3 2373 1943 1050
3 1114 2374 2176
3 2374 1946 2176
3 2374 1050 1946
3 2176 1946 890
3 920 2375 2377
3 2375 2376 2377
3 2375 1172 2376
3 2377 2376 1174
3 1172 2378 2376
3 2378 2379 2376
3 2378 1173 2379
3 2376 2379 1174
3 1172 2380 2378
3 2380 2381 2378
3 2380 70 2381
3 2378 2381 1173
3 1174 2379 2383
3 2379 2382 2383
3 2379 1173 2382
3 2383 2382 940
3 783 2113 2385
3 2113 2384 2385
3 2113 1096 2384
3 2385 2384 1176
3 1096 2386 2384
3 2386 2387 2384
3 2386 1175 2387
3 2384 2387 1176
3 1096 2112 2386
3 2112 2388 2386
3 2112 847 2388
3 2386 2388 1175
3 1176 2387 2390
3 2387 2389 2390
3 2387 1175 2389
3 2390 2389 842
3 784 2391 2118
3 2391 2392 2118
3 2391 1177 2392
3 2118 2392 1097
3 1177 2393 2392
3 2393 2394 2392
3 2393 1178 2394
3 2392 2394 1097
3 1177 2395 2393
3 2395 2396 2393
3 2395 841 2396
3 2393 2396 1178
3 1097 2394 2119
3 2394 2397 2119
3 2394 1178 2397
3 2119 2397 846
3 760 2398 2400
3 2398 2399 2400
3 2398 1179 2399
3 2400 2399 1180
3 1179 2401 2399
3 2401 2402 2399
3 2401 1148 2402
3 2399 2402 1180
3 1179 2403 2401
3 2403 2290 2401
3 2403 837 2290
3 2401 2290 1148
3 1180 2402 2404
3 2402 2289 2404
3 2402 1148 2289
3 2404 2289 848
3 4 1612 1858
3 1612 2405 1858
3 1612 949 2405
3 1858 2405 1026
3 949 2406 2405
3 2406 2407 2405
3 2406 1181 2407
3 2405 2407 1026
3 949 1618 2406
3 1618 2408 2406
3 1618 843 2408
3 2406 2408 1181
3 1026 2407 1862
3 2407 2409 1862
3 2407 1181 2409
3 1862 2409 807
3 74 75 2411
3 75 2410 2411
3 75 76 2410
3 2411 2410 1182
3 76 2412 2410
3 2412 2413 2410
3 2412 1009 2413
3 2410 2413 1182
3 76 77 2412
3 77 1802 2412
3 77 78 1802
3 2412 1802 1009
3 1182 2413 2414
3 2413 1807 2414
3 2413 1009 1807
3 2414 1807 940
3 768 2415 2417
3 2415 2416 2417
3 2415 1183 2416
3 2417 2416 1185
3 1183 2418 2416
3 2418 2419 2416
3 2418 1184 2419
3 2416 2419 1185
3 1183 2420 2418
3 2420 2421 2418
3 2420 810 2421
3 2418 2421 1184
3 1185 2419 2423
3 2419 2422 2423
3 2419 1184 2422
3 2423 2422 863
3 769 2424 2426
3 2424 2425 2426
3 2424 1186 2425
3 2426 2425 1188
3 1186 2427 2425
3 2427 2428 2425
3 2427 1187 2428
3 2425 2428 1188
3 1186 2429 2427
3 2429 2430 2427
3 2429 864 2430
3 2427 2430 1187
3 1188 2428 2432
3 2428 2431 2432
3 2428 1187 2431
3 2432 2431 811
3 809 2433 1792
3 2433 2434 1792
3 2433 1189 2434
3 1792 2434 1005
3 1189 2435 2434
3 2435 2436 2434
3 2435 1057 2436
3 2434 2436 1005
3 1189 2437 2435
3 2437 1976 2435
3 2437 909 1976
3 2435 1976 1057
3 1005 2436 1797
3 2436 1975 1797
3 2436 1057 1975
3 1797 1975 918
3 770 2438 2440
3 2438 2439 2440
3 2438 1190 2439
3 2440 2439 1191
3 1190 2441 2439
3 2441 2442 2439
3 2441 1142 2442
3 2439 2442 1191
3 1190 2443 2441
3 2443 2262 2441
3 2443 796 2262
3 2441 2262 1142
3 1191 2442 2444
3 2442 2265 2444
3 2442 1142 2265
3 2444 2265 905
3 771 2445 2447
3 2445 2446 2447
3 2445 1192 2446
3 2447 2446 1193
3 1192 2448 2446
3 2448 2449 2446
3 2448 1143 2449
3 2446 2449 1193
3 1192 2450 2448
3 2450 2270 2448
3 2450 906 2270
3 2448 2270 1143
3 1193 2449 2451
3 2449 2266 2451
3 2449 1143 2266
3 2451 2266 797
3 808 2452 1616
3 2452 2453 1616
3 2452 1194 2453
3 1616 2453 948
3 1194 2454 2453
3 2454 2455 2453
3 2454 1195 2455
3 2453 2455 948
3 1194 2456 2454
3 2456 2457 2454
3 2456 886 2457
3 2454 2457 1195
3 948 2455 1617
3 2455 2458 1617
3 2455 1195 2458
3 1617 2458 843
3 50 51 2216
3 51 2459 2216
3 51 52 2459
3 2216 2459 1127
3 52 2460 2459
3 2460 2461 2459
3 2460 1196 2461
3 2459 2461 1127
3 52 53 2460
3 53 2462 2460
3 53 54 2462
3 2460 2462 1196
3 1127 2461 2221
3 2461 2463 2221
3 2461 1196 2463
3 2221 2463 876
3 117 118 2465
3 118 2464 2465
3 118 119 2464
3 2465 2464 1197
3 119 2466 2464
3 2466 2467 2464
3 2466 1132 2467
3 2464 2467 1197
3 119 120 2466
3 120 2227 2466
3 120 121 2227
3 2466 2227 1132
3 1197 2467 2468
3 2467 2233 2468
3 2467 1132 2233
3 2468 2233 875
3 748 2469 2471
3 2469 2470 2471
3 2469 1198 2470
3 2471 2470 1200
3 1198 2472 2470
3 2472 2473 2470
3 2472 1199 2473
3 2470 2473 1200
3 1198 2474 2472
3 2474 2475 2472
3 2474 826 2475
3 2472 2475 1199
3 1200 2473 2477
3 2473 2476 2477
3 2473 1199 2476
3 2477 2476 893
3 757 2478 1870
3 2478 2479 1870
3 2478 1201 2479
3 1870 2479 1029
3 1201 2480 2479
3 2480 2481 2479
3 2480 1202 2481
3 2479 2481 1029
3 1201 2482 2480
3 2482 2483 2480
3 2482 938 2483
3 2480 2483 1202
3 1029 2481 1875
3 2481 2484 1875
3 2481 1202 2484
3 1875 2484 788
3 778 2485 2341
3 2485 2486 2341
3 2485 1203 2486
3 2341 2486 1164
3 1203 2487 2486
3 2487 2488 2486
3 2487 1204 2488
3 2486 2488 1164
3 1203 2489 2487
3 2489 2490 2487
3 2489 812 2490
3 2487 2490 1204
3 1164 2488 2346
3 2488 2491 2346
3 2488 1204 2491
3 2346 2491 877
3 752 2492 2494
3 2492 2493 2494
3 2492 1205 2493
3 2494 2493 1207
3 1205 2495 2493
3 2495 2496 2493
3 2495 1206 2496
3 2493 2496 1207
3 1205 2497 2495
3 2497 2498 2495
3 2497 932 2498
3 2495 2498 1206
3 1207 2496 2500
3 2496 2499 2500
3 2496 1206 2499
3 2500 2499 804
3 217 2501 1855
3 2501 2502 1855
3 2501 1208 2502
3 1855 2502 1024
3 1208 2503 2502
3 2503 2504 2502
3 2503 1209 2504
3 2502 2504 1024
3 1208 2505 2503
3 2505 2506 2503
3 2505 838 2506
3 2503 2506 1209
3 1024 2504 1856
3 2504 2507 1856
3 2504 1209 2507
3 1856 2507 806
3 757 2508 2478
3 2508 2509 2478
3 2508 1210 2509
3 2478 2509 1201
3 1210 2510 2509
3 2510 2511 2509
3 2510 1121 2511
3 2509 2511 1201
3 1210 2512 2510
3 2512 2200 2510
3 2512 818 2200
3 2510 2200 1121
3 1201 2511 2482
3 2511 2199 2482
3 2511 1121 2199
3 2482 2199 938
3 884 2513 2515
3 2513 2514 2515
3 2513 1211 2514
3 2515 2514 1212
3 1211 2516 2514
3 2516 2517 2514
3 2516 1095 2517
3 2514 2517 1212
3 1211 2518 2516
3 2518 2111 2516
3 2518 847 2111
3 2516 2111 1095
3 1212 2517 2519
3 2517 2107 2519
3 2517 1095 2107
3 2519 2107 774
3 885 2520 2522
3 2520 2521 2522
3 2520 1213 2521
3 2522 2521 1214
3 1213 2523 2521
3 2523 2524 2521
3 2523 1098 2524
3 2521 2524 1214
3 1213 2525 2523
3 2525 2115 2523
3 2525 775 2115
3 2523 2115 1098
3 1214 2524 2526
3 2524 2120 2526
3 2524 1098 2120
3 2526 2120 846
3 750 2022 1928
3 2022 2527 1928
3 2022 1072 2527
3 1928 2527 1046
3 1072 2528 2527
3 2528 2529 2527
3 2528 1215 2529
3 2527 2529 1046
3 1072 2026 2528
3 2026 2530 2528
3 2026 796 2530
3 2528 2530 1215
3 1046 2529 1932
3 2529 2531 1932
3 2529 1215 2531
3 1932 2531 865
3 751 1936 2027
3 1936 2532 2027
3 1936 1049 2532
3 2027 2532 1073
3 1049 2533 2532
3 2533 2534 2532
3 2533 1216 2534
3 2532 2534 1073
3 1049 1941 2533
3 1941 2535 2533
3 1941 866 2535
3 2533 2535 1216
3 1073 2534 2032
3 2534 2536 2032
3 2534 1216 2536
3 2032 2536 797
3 763 2537 2539
3 2537 2538 2539
3 2537 1217 2538
3 2539 2538 1219
3 1217 2540 2538
3 2540 2541 2538
3 2540 1218 2541
3 2538 2541 1219
3 1217 2542 2540
3 2542 2543 2540
3 2542 829 2543
3 2540 2543 1218
3 1219 2541 2545
3 2541 2544 2545
3 2541 1218 2544
3 2545 2544 911
3 764 2546 2548
3 2546 2547 2548
3 2546 1220 2547
3 2548 2547 1222
3 1220 2549 2547
3 2549 2550 2547
3 2549 1221 2550
3 2547 2550 1222
3 1220 2551 2549
3 2551 2552 2549
3 2551 912 2552
3 2549 2552 1221
3 1222 2550 2554
3 2550 2553 2554
3 2550 1221 2553
3 2554 2553 830
3 802 2555 2557
3 2555 2556 2557
3 2555 1223 2556
3 2557 2556 1224
3 1223 2558 2556
3 2558 2559 2556
3 2558 1211 2559
3 2556 2559 1224
3 1223 2560 2558
3 2560 2518 2558
3 2560 847 2518
3 2558 2518 1211
3 1224 2559 2561
3 2559 2513 2561
3 2559 1211 2513
3 2561 2513 884
3 803 2562 2564
3 2562 2563 2564
3 2562 1225 2563
3 2564 2563 1226
3 1225 2565 2563
3 2565 2566 2563
3 2565 1214 2566
3 2563 2566 1226
3 1225 2567 2565
3 2567 2522 2565
3 2567 885 2522
3 2565 2522 1214
3 1226 2566 2568
3 2566 2526 2568
3 2566 1214 2526
3 2568 2526 846
3 813 2348 2570
3 2348 2569 2570
3 2348 1165 2569
3 2570 2569 1228
3 1165 2571 2569
3 2571 2572 2569
3 2571 1227 2572
3 2569 2572 1228
3 1165 2347 2571
3 2347 2573 2571
3 2347 877 2573
3 2571 2573 1227
3 1228 2572 2575
3 2572 2574 2575
3 2572 1227 2574
3 2575 2574 851
3 78 79 1742
3 79 2576 1742
3 79 80 2576
3 1742 2576 989
3 80 2577 2576
3 2577 2578 2576
3 2577 1229 2578
3 2576 2578 989
3 80 81 2577
3 81 2579 2577
3 81 82 2579
3 2577 2579 1229
3 989 2578 1747
3 2578 2580 1747
3 2578 1229 2580
3 1747 2580 817
3 23 2581 2583
3 2581 2582 2583
3 2581 1230 2582
3 2583 2582 1232
3 1230 2584 2582
3 2584 2585 2582
3 2584 1231 2585
3 2582 2585 1232
3 1230 2586 2584
3 2586 2587 2584
3 2586 928 2587
3 2584 2587 1231
3 1232 2585 2589
3 2585 2588 2589
3 2585 1231 2588
3 2589 2588 802
3 148 2590 2592
3 2590 2591 2592
3 2590 1233 2591
3 2592 2591 1235
3 1233 2593 2591
3 2593 2594 2591
3 2593 1234 2594
3 2591 2594 1235
3 1233 2595 2593
3 2595 2596 2593
3 2595 803 2596
3 2593 2596 1234
3 1235 2594 2598
3 2594 2597 2598
3 2594 1234 2597
3 2598 2597 929
3 772 2599 2601
3 2599 2600 2601
3 2599 1236 2600
3 2601 2600 1238
3 1236 2602 2600
3 2602 2603 2600
3 2602 1237 2603
3 2600 2603 1238
3 1236 2604 2602
3 2604 2605 2602
3 2604 839 2605
3 2602 2605 1237
3 1238 2603 2607
3 2603 2606 2607
3 2603 1237 2606
3 2607 2606 869
3 773 2608 2610
3 2608 2609 2610
3 2608 1239 2609
3 2610 2609 1241
3 1239 2611 2609
3 2611 2612 2609
3 2611 1240 2612
3 2609 2612 1241
3 1239 2613 2611
3 2613 2614 2611
3 2613 870 2614
3 2611 2614 1240
3 1241 2612 2616
3 2612 2615 2616
3 2612 1240 2615
3 2616 2615 840
3 175 2617 176
3 2617 2618 176
3 2617 1242 2618
3 176 2618 177
3 1242 2619 2618
3 2619 2620 2618
3 2619 1243 2620
3 2618 2620 177
3 1242 2621 2619
3 2621 2622 2619
3 2621 822 2622
3 2619 2622 1243
3 177 2620 178
3 2620 2623 178
3 2620 1243 2623
3 178 2623 179
3 224 2624 225
3 2624 2625 225
3 2624 1244 2625
3 225 2625 226
3 1244 2626 2625
3 2626 2627 2625
3 2626 1245 2627
3 2625 2627 226
3 1244 2628 2626
3 2628 2629 2626
3 2628 823 2629
3 2626 2629 1245
3 226 2627 227
3 2627 2630 227
3 2627 1245 2630
3 227 2630 228
3 70 71 2381
3 71 2631 2381
3 71 72 2631
3 2381 2631 1173
3 72 2632 2631
3 2632 2633 2631
3 2632 1182 2633
3 2631 2633 1173
3 72 73 2632
3 73 2411 2632
3 73 74 2411
3 2632 2411 1182
3 1173 2633 2382
3 2633 2414 2382
3 2633 1182 2414
3 2382 2414 940
3 801 2634 1885
3 2634 2635 1885
3 2634 1246 2635
3 1885 2635 1033
3 1246 2636 2635
3 2636 2637 2635
3 2636 1247 2637
3 2635 2637 1033
3 1246 2638 2636
3 2638 2639 2636
3 2638 937 2639
3 2636 2639 1247
3 1033 2637 1886
3 2637 2640 1886
3 2637 1247 2640
3 1886 2640 873
3 768 2641 2415
3 2641 2642 2415
3 2641 1248 2642
3 2415 2642 1183
3 1248 2643 2642
3 2643 2644 2642
3 2643 1157 2644
3 2642 2644 1183
3 1248 2645 2643
3 2645 2319 2643
3 2645 856 2319
3 2643 2319 1157
3 1183 2644 2420
3 2644 2318 2420
3 2644 1157 2318
3 2420 2318 810
3 769 2426 2647
3 2426 2646 2647
3 2426 1188 2646
3 2647 2646 1249
3 1188 2648 2646
3 2648 2649 2646
3 2648 1158 2649
3 2646 2649 1249
3 1188 2432 2648
3 2432 2325 2648
3 2432 811 2325
3 2648 2325 1158
3 1249 2649 2650
3 2649 2324 2650
3 2649 1158 2324
3 2650 2324 857
3 772 2651 2599
3 2651 2652 2599
3 2651 1250 2652
3 2599 2652 1236
3 1250 2653 2652
3 2653 2654 2652
3 2653 1251 2654
3 2652 2654 1236
3 1250 2655 2653
3 2655 2656 2653
3 2655 829 2656
3 2653 2656 1251
3 1236 2654 2604
3 2654 2657 2604
3 2654 1251 2657
3 2604 2657 839
3 773 2610 2659
3 2610 2658 2659
3 2610 1241 2658
3 2659 2658 1253
3 1241 2660 2658
3 2660 2661 2658
3 2660 1252 2661
3 2658 2661 1253
3 1241 2616 2660
3 2616 2662 2660
3 2616 840 2662
3 2660 2662 1252
3 1253 2661 2664
3 2661 2663 2664
3 2661 1252 2663
3 2664 2663 830
3 43 2665 2667
3 2665 2666 2667
3 2665 1254 2666
3 2667 2666 1256
3 1254 2668 2666
3 2668 2669 2666
3 2668 1255 2669
3 2666 2669 1256
3 1254 2670 2668
3 2670 2671 2668
3 2670 888 2671
3 2668 2671 1255
3 1256 2669 2673
3 2669 2672 2673
3 2669 1255 2672
3 2673 2672 895
3 128 2674 2676
3 2674 2675 2676
3 2674 1257 2675
3 2676 2675 1259
3 1257 2677 2675
3 2677 2678 2675
3 2677 1258 2678
3 2675 2678 1259
3 1257 2679 2677
3 2679 2680 2677
3 2679 894 2680
3 2677 2680 1258
3 1259 2678 2682
3 2678 2681 2682
3 2678 1258 2681
3 2682 2681 887
3 768 2417 2684
3 2417 2683 2684
3 2417 1185 2683
3 2684 2683 1261
3 1185 2685 2683
3 2685 2686 2683
3 2685 1260 2686
3 2683 2686 1261
3 1185 2423 2685
3 2423 2687 2685
3 2423 863 2687
3 2685 2687 1260
3 1261 2686 2689
3 2686 2688 2689
3 2686 1260 2688
3 2689 2688 822
3 769 2690 2424
3 2690 2691 2424
3 2690 1262 2691
3 2424 2691 1186
3 1262 2692 2691
3 2692 2693 2691
3 2692 1263 2693
3 2691 2693 1186
3 1262 2694 2692
3 2694 2695 2692
3 2694 823 2695
3 2692 2695 1263
3 1186 2693 2429
3 2693 2696 2429
3 2693 1263 2696
3 2429 2696 864
3 770 2697 2699
3 2697 2698 2699
3 2697 1264 2698
3 2699 2698 1266
3 1264 2700 2698
3 2700 2701 2698
3 2700 1265 2701
3 2698 2701 1266
3 1264 2702 2700
3 2702 2703 2700
3 2702 890 2703
3 2700 2703 1265
3 1266 2701 2705
3 2701 2704 2705
3 2701 1265 2704
3 2705 2704 865
3 771 2706 2708
3 2706 2707 2708
3 2706 1267 2707
3 2708 2707 1269
3 1267 2709 2707
3 2709 2710 2707
3 2709 1268 2710
3 2707 2710 1269
3 1267 2711 2709
3 2711 2712 2709
3 2711 866 2712
3 2709 2712 1268
3 1269 2710 2714
3 2710 2713 2714
3 2710 1268 2713
3 2714 2713 891
3 754 2715 2717
3 2715 2716 2717
3 2715 1270 2716
3 2717 2716 1272
3 1270 2718 2716
3 2718 2719 2716
3 2718 1271 2719
3 2716 2719 1272
3 1270 2720 2718
3 2720 2721 2718
3 2720 785 2721
3 2718 2721 1271
3 1272 2719 2723
3 2719 2722 2723
3 2719 1271 2722
3 2723 2722 863
3 755 2724 2726
3 2724 2725 2726
3 2724 1273 2725
3 2726 2725 1275
3 1273 2727 2725
3 2727 2728 2725
3 2727 1274 2728
3 2725 2728 1275
3 1273 2729 2727
3 2729 2730 2727
3 2729 864 2730
3 2727 2730 1274
3 1275 2728 2732
3 2728 2731 2732
3 2728 1274 2731
3 2732 2731 786
3 763 2539 2734
3 2539 2733 2734
3 2539 1219 2733
3 2734 2733 1277
3 1219 2735 2733
3 2735 2736 2733
3 2735 1276 2736
3 2733 2736 1277
3 1219 2545 2735
3 2545 2737 2735
3 2545 911 2737
3 2735 2737 1276
3 1277 2736 2739
3 2736 2738 2739
3 2736 1276 2738
3 2739 2738 824
3 764 2740 2546
3 2740 2741 2546
3 2740 1278 2741
3 2546 2741 1220
3 1278 2742 2741
3 2742 2743 2741
3 2742 1279 2743
3 2741 2743 1220
3 1278 2744 2742
3 2744 2745 2742
3 2744 825 2745
3 2742 2745 1279
3 1220 2743 2551
3 2743 2746 2551
3 2743 1279 2746
3 2551 2746 912
3 777 2747 2749
3 2747 2748 2749
3 2747 1280 2748
3 2749 2748 1282
3 1280 2750 2748
3 2750 2751 2748
3 2750 1281 2751
3 2748 2751 1282
3 1280 2752 2750
3 2752 2753 2750
3 2752 849 2753
3 2750 2753 1281
3 1282 2751 2755
3 2751 2754 2755
3 2751 1281 2754
3 2755 2754 919
3 752 2756 1655
3 2756 2757 1655
3 2756 1283 2757
3 1655 2757 962
3 1283 2758 2757
3 2758 2759 2757
3 2758 1284 2759
3 2757 2759 962
3 1283 2760 2758
3 2760 2761 2758
3 2760 922 2761
3 2758 2761 1284
3 962 2759 1660
3 2759 2762 1660
3 2759 1284 2762
3 1660 2762 816
3 779 2763 2765
3 2763 2764 2765
3 2763 1285 2764
3 2765 2764 1286
3 1285 2766 2764
3 2766 2767 2764
3 2766 1128 2767
3 2764 2767 1286
3 1285 2768 2766
3 2768 2223 2766
3 2768 888 2223
3 2766 2223 1128
3 1286 2767 2769
3 2767 2222 2769
3 2767 1128 2222
3 2769 2222 876
3 780 2770 2772
3 2770 2771 2772
3 2770 1287 2771
3 2772 2771 1288
3 1287 2773 2771
3 2773 2774 2771
3 2773 1131 2774
3 2771 2774 1288
3 1287 2775 2773
3 2775 2232 2773
3 2775 875 2232
3 2773 2232 1131
3 1288 2774 2776
3 2774 2231 2776
3 2774 1131 2231
3 2776 2231 887
3 790 1749 2778
3 1749 2777 2778
3 1749 990 2777
3 2778 2777 1289
3 990 2779 2777
3 2779 2780 2777
3 2779 1155 2780
3 2777 2780 1289
3 990 1748 2779
3 1748 2308 2779
3 1748 817 2308
3 2779 2308 1155
3 1289 2780 2781
3 2780 2312 2781
3 2780 1155 2312
3 2781 2312 941
3 205 2782 206
3 2782 2783 206
3 2782 1290 2783
3 206 2783 207
3 1290 2784 2783
3 2784 2785 2783
3 2784 1291 2785
3 2783 2785 207
3 1290 2786 2784
3 2786 2787 2784
3 2786 828 2787
3 2784 2787 1291
3 207 2785 208
3 2785 2788 208
3 2785 1291 2788
3 208 2788 209
3 749 2334 2790
3 2334 2789 2790
3 2334 1163 2789
3 2790 2789 1293
3 1163 2791 2789
3 2791 2792 2789
3 2791 1292 2792
3 2789 2792 1293
3 1163 2340 2791
3 2340 2793 2791
3 2340 820 2793
3 2791 2793 1292
3 1293 2792 2795
3 2792 2794 2795
3 2792 1292 2794
3 2795 2794 844
3 779 2076 2797
3 2076 2796 2797
3 2076 1087 2796
3 2797 2796 1294
3 1087 2798 2796
3 2798 2799 2796
3 2798 978 2799
3 2796 2799 1294
3 1087 2080 2798
3 2080 1705 2798
3 2080 799 1705
3 2798 1705 978
3 1294 2799 2800
3 2799 1709 2800
3 2799 978 1709
3 2800 1709 895
3 780 2801 2081
3 2801 2802 2081
3 2801 1295 2802
3 2081 2802 1088
3 1295 2803 2802
3 2803 2804 2802
3 2803 975 2804
3 2802 2804 1088
3 1295 2805 2803
3 2805 1701 2803
3 2805 894 1701
3 2803 1701 975
3 1088 2804 2086
3 2804 1696 2086
3 2804 975 1696
3 2086 1696 800
3 101 2806 2808
3 2806 2807 2808
3 2806 1296 2807
3 2808 2807 1297
3 1296 2809 2807
3 2809 2810 2807
3 2809 1281 2810
3 2807 2810 1297
3 1296 2811 2809
3 2811 2754 2809
3 2811 919 2754
3 2809 2754 1281
3 1297 2810 2812
3 2810 2753 2812
3 2810 1281 2753
3 2812 2753 849
3 756 2813 2815
3 2813 2814 2815
3 2813 1298 2814
3 2815 2814 1299
3 1298 2816 2814
3 2816 2817 2814
3 2816 1247 2817
3 2814 2817 1299
3 1298 2818 2816
3 2818 2640 2816
3 2818 873 2640
3 2816 2640 1247
3 1299 2817 2819
3 2817 2639 2819
3 2817 1247 2639
3 2819 2639 937
3 768 2684 2821
3 2684 2820 2821
3 2684 1261 2820
3 2821 2820 1301
3 1261 2822 2820
3 2822 2823 2820
3 2822 1300 2823
3 2820 2823 1301
3 1261 2689 2822
3 2689 2824 2822
3 2689 822 2824
3 2822 2824 1300
3 1301 2823 2826
3 2823 2825 2826
3 2823 1300 2825
3 2826 2825 878
3 769 2827 2690
3 2827 2828 2690
3 2827 1302 2828
3 2690 2828 1262
3 1302 2829 2828
3 2829 2830 2828
3 2829 1303 2830
3 2828 2830 1262
3 1302 2831 2829
3 2831 2832 2829
3 2831 879 2832
3 2829 2832 1303
3 1262 2830 2694
3 2830 2833 2694
3 2830 1303 2833
3 2694 2833 823
3 798 2834 2836
3 2834 2835 2836
3 2834 1304 2835
3 2836 2835 1305
3 1304 2837 2835
3 2837 2838 2835
3 2837 1151 2838
3 2835 2838 1305
3 1304 2839 2837
3 2839 2298 2837
3 2839 821 2298
3 2837 2298 1151
3 1305 2838 2840
3 2838 2297 2840
3 2838 1151 2297
3 2840 2297 923
3 0 8 2842
3 8 2841 2842
3 8 9 2841
3 2842 2841 1307
3 9 2843 2841
3 2843 2844 2841
3 2843 1306 2844
3 2841 2844 1307
3 9 10 2843
3 10 2845 2843
3 10 11 2845
3 2843 2845 1306
3 1307 2844 2847
3 2844 2846 2847
3 2844 1306 2846
3 2847 2846 872
3 0 2842 163
3 2842 2848 163
3 2842 1307 2848
3 163 2848 162
3 1307 2849 2848
3 2849 2850 2848
3 2849 1308 2850
3 2848 2850 162
3 1307 2847 2849
3 2847 2851 2849
3 2847 872 2851
3 2849 2851 1308
3 162 2850 161
3 2850 2852 161
3 2850 1308 2852
3 161 2852 160
3 763 2734 2854
3 2734 2853 2854
3 2734 1277 2853
3 2854 2853 1310
3 1277 2855 2853
3 2855 2856 2853
3 2855 1309 2856
3 2853 2856 1310
3 1277 2739 2855
3 2739 2857 2855
3 2739 824 2857
3 2855 2857 1309
3 1310 2856 2859
3 2856 2858 2859
3 2856 1309 2858
3 2859 2858 942
3 764 2860 2740
3 2860 2861 2740
3 2860 1311 2861
3 2740 2861 1278
3 1311 2862 2861
3 2862 2863 2861
3 2862 1312 2863
3 2861 2863 1278
3 1311 2864 2862
3 2864 2865 2862
3 2864 943 2865
3 2862 2865 1312
3 1278 2863 2744
3 2863 2866 2744
3 2863 1312 2866
3 2744 2866 825
3 752 1648 2868
3 1648 2867 2868
3 1648 961 2867
3 2868 2867 1314
3 961 2869 2867
3 2869 2870 2867
3 2869 1313 2870
3 2867 2870 1314
3 961 1654 2869
3 1654 2871 2869
3 1654 904 2871
3 2869 2871 1313
3 1314 2870 2873
3 2870 2872 2873
3 2870 1313 2872
3 2873 2872 827
3 754 2245 2715
3 2245 2874 2715
3 2245 1138 2874
3 2715 2874 1270
3 1138 2875 2874
3 2875 2876 2874
3 2875 1315 2876
3 2874 2876 1270
3 1138 2251 2875
3 2251 2877 2875
3 2251 853 2877
3 2875 2877 1315
3 1270 2876 2720
3 2876 2878 2720
3 2876 1315 2878
3 2720 2878 785
3 755 2726 2252
3 2726 2879 2252
3 2726 1275 2879
3 2252 2879 1139
3 1275 2880 2879
3 2880 2881 2879
3 2880 1316 2881
3 2879 2881 1139
3 1275 2732 2880
3 2732 2882 2880
3 2732 786 2882
3 2880 2882 1316
3 1139 2881 2257
3 2881 2883 2257
3 2881 1316 2883
3 2257 2883 854
3 760 2884 2398
3 2884 2885 2398
3 2884 1317 2885
3 2398 2885 1179
3 1317 2886 2885
3 2886 2887 2885
3 2886 1318 2887
3 2885 2887 1179
3 1317 2888 2886
3 2888 2889 2886
3 2888 829 2889
3 2886 2889 1318
3 1179 2887 2403
3 2887 2890 2403
3 2887 1318 2890
3 2403 2890 837
3 761 1639 2892
3 1639 2891 2892
3 1639 958 2891
3 2892 2891 1320
3 958 2893 2891
3 2893 2894 2891
3 2893 1319 2894
3 2891 2894 1320
3 958 1645 2893
3 1645 2895 2893
3 1645 836 2895
3 2893 2895 1319
3 1320 2894 2897
3 2894 2896 2897
3 2894 1319 2896
3 2897 2896 830
3 788 2185 1876
3 2185 2898 1876
3 2185 1117 2898
3 1876 2898 1030
3 1117 2899 2898
3 2899 2900 2898
3 2899 1083 2900
3 2898 2900 1030
3 1117 2184 2899
3 2184 2070 2899
3 2184 881 2070
3 2899 2070 1083
3 1030 2900 1877
3 2900 2065 1877
3 2900 1083 2065
3 1877 2065 819
3 770 2699 2438
3 2699 2901 2438
3 2699 1266 2901
3 2438 2901 1190
3 1266 2902 2901
3 2902 2903 2901
3 2902 1215 2903
3 2901 2903 1190
3 1266 2705 2902
3 2705 2531 2902
3 2705 865 2531
3 2902 2531 1215
3 1190 2903 2443
3 2903 2530 2443
3 2903 1215 2530
3 2443 2530 796
3 771 2447 2706
3 2447 2904 2706
3 2447 1193 2904
3 2706 2904 1267
3 1193 2905 2904
3 2905 2906 2904
3 2905 1216 2906
3 2904 2906 1267
3 1193 2451 2905
3 2451 2536 2905
3 2451 797 2536
3 2905 2536 1216
3 1267 2906 2711
3 2906 2535 2711
3 2906 1216 2535
3 2711 2535 866
3 793 2907 2909
3 2907 2908 2909
3 2907 1321 2908
3 2909 2908 1322
3 1321 2910 2908
3 2910 2911 2908
3 2910 1162 2911
3 2908 2911 1322
3 1321 2912 2910
3 2912 2339 2910
3 2912 820 2339
3 2910 2339 1162
3 1322 2911 2913
3 2911 2338 2913
3 2911 1162 2338
3 2913 2338 892
3 799 1934 1703
3 1934 2914 1703
3 1934 1047 2914
3 1703 2914 977
3 1047 2915 2914
3 2915 2916 2914
3 2915 1265 2916
3 2914 2916 977
3 1047 1933 2915
3 1933 2704 2915
3 1933 865 2704
3 2915 2704 1265
3 977 2916 1708
3 2916 2703 1708
3 2916 1265 2703
3 1708 2703 890
3 800 1698 1939
3 1698 2917 1939
3 1698 976 2917
3 1939 2917 1048
3 976 2918 2917
3 2918 2919 2917
3 2918 1268 2919
3 2917 2919 1048
3 976 1702 2918
3 1702 2713 2918
3 1702 891 2713
3 2918 2713 1268
3 1048 2919 1940
3 2919 2712 1940
3 2919 1268 2712
3 1940 2712 866
3 791 2920 2922
3 2920 2921 2922
3 2920 1323 2921
3 2922 2921 1325
3 1323 2923 2921
3 2923 2924 2921
3 2923 1324 2924
3 2921 2924 1325
3 1323 2925 2923
3 2925 2926 2923
3 2925 814 2926
3 2923 2926 1324
3 1325 2924 2928
3 2924 2927 2928
3 2924 1324 2927
3 2928 2927 930
3 792 2929 2931
3 2929 2930 2931
3 2929 1326 2930
3 2931 2930 1328
3 1326 2932 2930
3 2932 2933 2930
3 2932 1327 2933
3 2930 2933 1328
3 1326 2934 2932
3 2934 2935 2932
3 2934 931 2935
3 2932 2935 1327
3 1328 2933 2937
3 2933 2936 2937
3 2933 1327 2936
3 2937 2936 815
3 810 2938 1998
3 2938 2939 1998
3 2938 1329 2939
3 1998 2939 1064
3 1329 2940 2939
3 2940 2941 2939
3 2940 1324 2941
3 2939 2941 1064
3 1329 2942 2940
3 2942 2927 2940
3 2942 930 2927
3 2940 2927 1324
3 1064 2941 1999
3 2941 2926 1999
3 2941 1324 2926
3 1999 2926 814
3 811 2008 2944
3 2008 2943 2944
3 2008 1067 2943
3 2944 2943 1330
3 1067 2945 2943
3 2945 2946 2943
3 2945 1327 2946
3 2943 2946 1330
3 1067 2007 2945
3 2007 2936 2945
3 2007 815 2936
3 2945 2936 1327
3 1330 2946 2947
3 2946 2935 2947
3 2946 1327 2935
3 2947 2935 931
3 754 2717 1992
3 2717 2948 1992
3 2717 1272 2948
3 1992 2948 1063
3 1272 2949 2948
3 2949 2950 2948
3 2949 1184 2950
3 2948 2950 1063
3 1272 2723 2949
3 2723 2422 2949
3 2723 863 2422
3 2949 2422 1184
3 1063 2950 1997
3 2950 2421 1997
3 2950 1184 2421
3 1997 2421 810
3 755 2003 2724
3 2003 2951 2724
3 2003 1068 2951
3 2724 2951 1273
3 1068 2952 2951
3 2952 2953 2951
3 2952 1187 2953
3 2951 2953 1273
3 1068 2009 2952
3 2009 2431 2952
3 2009 811 2431
3 2952 2431 1187
3 1273 2953 2729
3 2953 2430 2729
3 2953 1187 2430
3 2729 2430 864
3 765 2954 2956
3 2954 2955 2956
3 2954 1331 2955
3 2956 2955 1333
3 1331 2957 2955
3 2957 2958 2955
3 2957 1332 2958
3 2955 2958 1333
3 1331 2959 2957
3 2959 2960 2957
3 2959 862 2960
3 2957 2960 1332
3 1333 2958 2962
3 2958 2961 2962
3 2958 1332 2961
3 2962 2961 827
3 762 2163 1962
3 2163 2963 1962
3 2163 1110 2963
3 1962 2963 1054
3 1110 2964 2963
3 2964 2965 2963
3 2964 1334 2965
3 2963 2965 1054
3 1110 2162 2964
3 2162 2966 2964
3 2162 833 2966
3 2964 2966 1334
3 1054 2965 1966
3 2965 2967 1966
3 2965 1334 2967
3 1966 2967 889
3 776 2968 2970
3 2968 2969 2970
3 2968 1335 2969
3 2970 2969 1336
3 1335 2971 2969
3 2971 2972 2969
3 2971 1292 2972
3 2969 2972 1336
3 1335 2973 2971
3 2973 2794 2971
3 2973 844 2794
3 2971 2794 1292
3 1336 2972 2974
3 2972 2793 2974
3 2972 1292 2793
3 2974 2793 820
3 39 40 1678
3 40 2975 1678
3 40 41 2975
3 1678 2975 969
3 41 2976 2975
3 2976 2977 2975
3 2976 1256 2977
3 2975 2977 969
3 41 42 2976
3 42 2667 2976
3 42 43 2667
3 2976 2667 1256
3 969 2977 1683
3 2977 2673 1683
3 2977 1256 2673
3 1683 2673 895
3 128 129 2674
3 129 2978 2674
3 129 130 2978
3 2674 2978 1257
3 130 2979 2978
3 2979 2980 2978
3 2979 974 2980
3 2978 2980 1257
3 130 131 2979
3 131 1689 2979
3 131 132 1689
3 2979 1689 974
3 1257 2980 2679
3 2980 1695 2679
3 2980 974 1695
3 2679 1695 894
3 785 2981 2721
3 2981 2982 2721
3 2981 1337 2982
3 2721 2982 1271
3 1337 2983 2982
3 2983 2984 2982
3 2983 1260 2984
3 2982 2984 1271
3 1337 2985 2983
3 2985 2688 2983
3 2985 822 2688
3 2983 2688 1260
3 1271 2984 2722
3 2984 2687 2722
3 2984 1260 2687
3 2722 2687 863
3 786 2731 2987
3 2731 2986 2987
3 2731 1274 2986
3 2987 2986 1338
3 1274 2988 2986
3 2988 2989 2986
3 2988 1263 2989
3 2986 2989 1338
3 1274 2730 2988
3 2730 2696 2988
3 2730 864 2696
3 2988 2696 1263
3 1338 2989 2990
3 2989 2695 2990
3 2989 1263 2695
3 2990 2695 823
3 3 125 2992
3 125 2991 2992
3 125 126 2991
3 2992 2991 1339
3 126 2993 2991
3 2993 2994 2991
3 2993 1259 2994
3 2991 2994 1339
3 126 127 2993
3 127 2676 2993
3 127 128 2676
3 2993 2676 1259
3 1339 2994 2995
3 2994 2682 2995
3 2994 1259 2682
3 2995 2682 887
3 1 2996 46
3 2996 2997 46
3 2996 1340 2997
3 46 2997 45
3 1340 2998 2997
3 2998 2999 2997
3 2998 1254 2999
3 2997 2999 45
3 1340 3000 2998
3 3000 2670 2998
3 3000 888 2670
3 2998 2670 1254
3 45 2999 44
3 2999 2665 44
3 2999 1254 2665
3 44 2665 43
3 1 47 2996
3 47 3001 2996
3 47 48 3001
3 2996 3001 1340
3 48 3002 3001
3 3002 3003 3001
3 3002 1129 3003
3 3001 3003 1340
3 48 49 3002
3 49 2218 3002
3 49 50 2218
3 3002 2218 1129
3 1340 3003 3000
3 3003 2224 3000
3 3003 1129 2224
3 3000 2224 888
3 3 2992 124
3 2992 3004 124
3 2992 1339 3004
3 124 3004 123
3 1339 3005 3004
3 3005 3006 3004
3 3005 1130 3006
3 3004 3006 123
3 1339 2995 3005
3 2995 2230 3005
3 2995 887 2230
3 3005 2230 1130
3 123 3006 122
3 3006 2225 122
3 3006 1130 2225
3 122 2225 121
3 758 3007 2350
3 3007 3008 2350
3 3007 1341 3008
3 2350 3008 1167
3 1341 3009 3008
3 3009 3010 3008
3 3009 1342 3010
3 3008 3010 1167
3 1341 3011 3009
3 3011 3012 3009
3 3011 858 3012
3 3009 3012 1342
3 1167 3010 2355
3 3010 3013 2355
3 3010 1342 3013
3 2355 3013 842
3 759 2359 3015
3 2359 3014 3015
3 2359 1170 3014
3 3015 3014 1344
3 1170 3016 3014
3 3016 3017 3014
3 3016 1343 3017
3 3014 3017 1344
3 1170 2363 3016
3 2363 3018 3016
3 2363 841 3018
3 3016 3018 1343
3 1344 3017 3020
3 3017 3019 3020
3 3017 1343 3019
3 3020 3019 859
3 752 2494 2756
3 2494 3021 2756
3 2494 1207 3021
3 2756 3021 1283
3 1207 3022 3021
3 3022 3023 3021
3 3022 1345 3023
3 3021 3023 1283
3 1207 2500 3022
3 2500 3024 3022
3 2500 804 3024
3 3022 3024 1345
3 1283 3023 2760
3 3023 3025 2760
3 3023 1345 3025
3 2760 3025 922
3 763 1665 2537
3 1665 3026 2537
3 1665 966 3026
3 2537 3026 1217
3 966 3027 3026
3 3027 3028 3026
3 3027 1251 3028
3 3026 3028 1217
3 966 1670 3027
3 1670 2657 3027
3 1670 839 2657
3 3027 2657 1251
3 1217 3028 2542
3 3028 2656 2542
3 3028 1251 2656
3 2542 2656 829
3 764 2548 1671
3 2548 3029 1671
3 2548 1222 3029
3 1671 3029 967
3 1222 3030 3029
3 3030 3031 3029
3 3030 1252 3031
3 3029 3031 967
3 1222 2554 3030
3 2554 2663 3030
3 2554 830 2663
3 3030 2663 1252
3 967 3031 1675
3 3031 2662 1675
3 3031 1252 2662
3 1675 2662 840
3 793 3032 3034
3 3032 3033 3034
3 3032 1346 3033
3 3034 3033 1348
3 1346 3035 3033
3 3035 3036 3033
3 3035 1347 3036
3 3033 3036 1348
3 1346 3037 3035
3 3037 3038 3035
3 3037 899 3038
3 3035 3038 1347
3 1348 3036 3040
3 3036 3039 3040
3 3036 1347 3039
3 3040 3039 916
3 794 3041 3043
3 3041 3042 3043
3 3041 1349 3042
3 3043 3042 1351
3 1349 3044 3042
3 3044 3045 3042
3 3044 1350 3045
3 3042 3045 1351
3 1349 3046 3044
3 3046 3047 3044
3 3046 917 3047
3 3044 3047 1350
3 1351 3045 3049
3 3045 3048 3049
3 3045 1350 3048
3 3049 3048 900
3 794 3050 3052
3 3050 3051 3052
3 3050 1352 3051
3 3052 3051 1353
3 1352 3053 3051
3 3053 3054 3051
3 3053 1199 3054
3 3051 3054 1353
3 1352 3055 3053
3 3055 2476 3053
3 3055 893 2476
3 3053 2476 1199
3 1353 3054 3056
3 3054 2475 3056
3 3054 1199 2475
3 3056 2475 826
3 812 3057 2490
3 3057 3058 2490
3 3057 1354 3058
3 2490 3058 1204
3 1354 3059 3058
3 3059 3060 3058
3 3059 1355 3060
3 3058 3060 1204
3 1354 3061 3059
3 3061 3062 3059
3 3061 850 3062
3 3059 3062 1355
3 1204 3060 2491
3 3060 3063 2491
3 3060 1355 3063
3 2491 3063 877
3 763 2854 1619
3 2854 3064 1619
3 2854 1310 3064
3 1619 3064 950
3 1310 3065 3064
3 3065 3066 3064
3 3065 1356 3066
3 3064 3066 950
3 1310 2859 3065
3 2859 3067 3065
3 2859 942 3067
3 3065 3067 1356
3 950 3066 1624
3 3066 3068 1624
3 3066 1356 3068
3 1624 3068 853
3 764 1630 2860
3 1630 3069 2860
3 1630 955 3069
3 2860 3069 1311
3 955 3070 3069
3 3070 3071 3069
3 3070 1357 3071
3 3069 3071 1311
3 955 1636 3070
3 1636 3072 3070
3 1636 854 3072
3 3070 3072 1357
3 1311 3071 2864
3 3071 3073 2864
3 3071 1357 3073
3 2864 3073 943
3 749 2790 2327
3 2790 3074 2327
3 2790 1293 3074
3 2327 3074 1160
3 1293 3075 3074
3 3075 3076 3074
3 3075 1358 3076
3 3074 3076 1160
3 1293 2795 3075
3 2795 3077 3075
3 2795 844 3077
3 3075 3077 1358
3 1160 3076 2331
3 3076 3078 2331
3 3076 1358 3078
3 2331 3078 801
3 791 2922 3080
3 2922 3079 3080
3 2922 1325 3079
3 3080 3079 1360
3 1325 3081 3079
3 3081 3082 3079
3 3081 1359 3082
3 3079 3082 1360
3 1325 2928 3081
3 2928 3083 3081
3 2928 930 3083
3 3081 3083 1359
3 1360 3082 3085
3 3082 3084 3085
3 3082 1359 3084
3 3085 3084 913
3 792 3086 2929
3 3086 3087 2929
3 3086 1361 3087
3 2929 3087 1326
3 1361 3088 3087
3 3088 3089 3087
3 3088 1362 3089
3 3087 3089 1326
3 1361 3090 3088
3 3090 3091 3088
3 3090 914 3091
3 3088 3091 1362
3 1326 3089 2934
3 3089 3092 2934
3 3089 1362 3092
3 2934 3092 931
3 23 24 2581
3 24 3093 2581
3 24 25 3093
3 2581 3093 1230
3 25 3094 3093
3 3094 3095 3093
3 3094 999 3095
3 3093 3095 1230
3 25 26 3094
3 26 1771 3094
3 26 27 1771
3 3094 1771 999
3 1230 3095 2586
3 3095 1775 2586
3 3095 999 1775
3 2586 1775 928
3 144 145 1776
3 145 3096 1776
3 145 146 3096
3 1776 3096 1000
3 146 3097 3096
3 3097 3098 3096
3 3097 1235 3098
3 3096 3098 1000
3 146 147 3097
3 147 2592 3097
3 147 148 2592
3 3097 2592 1235
3 1000 3098 1781
3 3098 2598 1781
3 3098 1235 2598
3 1781 2598 929
3 770 2440 3100
3 2440 3099 3100
3 2440 1191 3099
3 3100 3099 1364
3 1191 3101 3099
3 3101 3102 3099
3 3101 1363 3102
3 3099 3102 1364
3 1191 2444 3101
3 2444 3103 3101
3 2444 905 3103
3 3101 3103 1363
3 1364 3102 3105
3 3102 3104 3105
3 3102 1363 3104
3 3105 3104 933
3 771 3106 2445
3 3106 3107 2445
3 3106 1365 3107
3 2445 3107 1192
3 1365 3108 3107
3 3108 3109 3107
3 3108 1366 3109
3 3107 3109 1192
3 1365 3110 3108
3 3110 3111 3108
3 3110 934 3111
3 3108 3111 1366
3 1192 3109 2450
3 3109 3112 2450
3 3109 1366 3112
3 2450 3112 906
3 2 86 3114
3 86 3113 3114
3 86 87 3113
3 3114 3113 1368
3 87 3115 3113
3 3115 3116 3113
3 3115 1367 3116
3 3113 3116 1368
3 87 88 3115
3 88 3117 3115
3 88 89 3117
3 3115 3117 1367
3 1368 3116 3119
3 3116 3118 3119
3 3116 1367 3118
3 3119 3118 903
3 756 3120 2813
3 3120 3121 2813
3 3120 1369 3121
3 2813 3121 1298
3 1369 3122 3121
3 3122 3123 3121
3 3122 1370 3123
3 3121 3123 1298
3 1369 3124 3122
3 3124 3125 3122
3 3124 798 3125
3 3122 3125 1370
3 1298 3123 2818
3 3123 3126 2818
3 3123 1370 3126
3 2818 3126 873
3 760 3127 2884
3 3127 3128 2884
3 3127 1371 3128
3 2884 3128 1317
3 1371 3129 3128
3 3129 3130 3128
3 3129 1218 3130
3 3128 3130 1317
3 1371 3131 3129
3 3131 2544 3129
3 3131 911 2544
3 3129 2544 1218
3 1317 3130 2888
3 3130 2543 2888
3 3130 1218 2543
3 2888 2543 829
3 761 2892 3133
3 2892 3132 3133
3 2892 1320 3132
3 3133 3132 1372
3 1320 3134 3132
3 3134 3135 3132
3 3134 1221 3135
3 3132 3135 1372
3 1320 2897 3134
3 2897 2553 3134
3 2897 830 2553
3 3134 2553 1221
3 1372 3135 3136
3 3135 2552 3136
3 3135 1221 2552
3 3136 2552 912
3 753 3137 3139
3 3137 3138 3139
3 3137 1373 3138
3 3139 3138 1375
3 1373 3140 3138
3 3140 3141 3138
3 3140 1374 3141
3 3138 3141 1375
3 1373 3142 3140
3 3142 3143 3140
3 3142 855 3143
3 3140 3143 1374
3 1375 3141 3145
3 3141 3144 3145
3 3141 1374 3144
3 3145 3144 871
3 97 98 2234
3 98 3146 2234
3 98 99 3146
3 2234 3146 1133
3 99 3147 3146
3 3147 3148 3146
3 3147 1297 3148
3 3146 3148 1133
3 99 100 3147
3 100 2808 3147
3 100 101 2808
3 3147 2808 1297
3 1133 3148 2239
3 3148 2812 2239
3 3148 1297 2812
3 2239 2812 849
3 5 3149 2034
3 3149 3150 2034
3 3149 1376 3150
3 2034 3150 1075
3 1376 3151 3150
3 3151 3152 3150
3 3151 1309 3152
3 3150 3152 1075
3 1376 3153 3151
3 3153 2858 3151
3 3153 942 2858
3 3151 2858 1309
3 1075 3152 2038
3 3152 2857 2038
3 3152 1309 2857
3 2038 2857 824
3 7 2042 3155
3 2042 3154 3155
3 2042 1078 3154
3 3155 3154 1377
3 1078 3156 3154
3 3156 3157 3154
3 3156 1312 3157
3 3154 3157 1377
3 1078 2047 3156
3 2047 2866 3156
3 2047 825 2866
3 3156 2866 1312
3 1377 3157 3158
3 3157 2865 3158
3 3157 1312 2865
3 3158 2865 943
3 753 3159 3161
3 3159 3160 3161
3 3159 1378 3160
3 3161 3160 1379
3 1378 3162 3160
3 3162 3163 3160
3 3162 1085 3163
3 3160 3163 1379
3 1378 3164 3162
3 3164 2067 3162
3 3164 819 2067
3 3162 2067 1085
3 1379 3163 3165
3 3163 2073 3165
3 3163 1085 2073
3 3165 2073 898
3 776 3166 2968
3 3166 3167 2968
3 3166 1380 3167
3 2968 3167 1335
3 1380 3168 3167
3 3168 3169 3167
3 3168 1381 3169
3 3167 3169 1335
3 1380 3170 3168
3 3170 3171 3168
3 3170 804 3171
3 3168 3171 1381
3 1335 3169 2973
3 3169 3172 2973
3 3169 1381 3172
3 2973 3172 844
3 756 3173 3175
3 3173 3174 3175
3 3173 1382 3174
3 3175 3174 1383
3 1382 3176 3174
3 3176 3177 3174
3 3176 1332 3177
3 3174 3177 1383
3 1382 3178 3176
3 3178 2961 3176
3 3178 827 2961
3 3176 2961 1332
3 1383 3177 3179
3 3177 2960 3179
3 3177 1332 2960
3 3179 2960 862
3 89 90 3181
3 90 3180 3181
3 90 91 3180
3 3181 3180 1385
3 91 3182 3180
3 3182 3183 3180
3 3182 1384 3183
3 3180 3183 1385
3 91 92 3182
3 92 3184 3182
3 92 93 3184
3 3182 3184 1384
3 1385 3183 3186
3 3183 3185 3186
3 3183 1384 3185
3 3186 3185 833
3 213 3187 214
3 3187 3188 214
3 3187 1386 3188
3 214 3188 215
3 1386 3189 3188
3 3189 3190 3188
3 3189 1208 3190
3 3188 3190 215
3 1386 3191 3189
3 3191 2505 3189
3 3191 838 2505
3 3189 2505 1208
3 215 3190 216
3 3190 2501 216
3 3190 1208 2501
3 216 2501 217
3 750 3192 2020
3 3192 3193 2020
3 3192 1387 3193
3 2020 3193 1071
3 1387 3194 3193
3 3194 3195 3193
3 3194 1237 3195
3 3193 3195 1071
3 1387 3196 3194
3 3196 2606 3194
3 3196 869 2606
3 3194 2606 1237
3 1071 3195 2025
3 3195 2605 2025
3 3195 1237 2605
3 2025 2605 839
3 751 2029 3198
3 2029 3197 3198
3 2029 1074 3197
3 3198 3197 1388
3 1074 3199 3197
3 3199 3200 3197
3 3199 1240 3200
3 3197 3200 1388
3 1074 2033 3199
3 2033 2615 3199
3 2033 840 2615
3 3199 2615 1240
3 1388 3200 3201
3 3200 2614 3201
3 3200 1240 2614
3 3201 2614 870
3 754 1994 2243
3 1994 3202 2243
3 1994 1065 3202
3 2243 3202 1136
3 1065 3203 3202
3 3203 3204 3202
3 3203 1389 3204
3 3202 3204 1136
3 1065 2000 3203
3 2000 3205 3203
3 2000 814 3205
3 3203 3205 1389
3 1136 3204 2248
3 3204 3206 2248
3 3204 1389 3206
3 2248 3206 905
3 755 2254 2001
3 2254 3207 2001
3 2254 1141 3207
3 2001 3207 1066
3 1141 3208 3207
3 3208 3209 3207
3 3208 1390 3209
3 3207 3209 1066
3 1141 2260 3208
3 2260 3210 3208
3 2260 906 3210
3 3208 3210 1390
3 1066 3209 2006
3 3209 3211 2006
3 3209 1390 3211
3 2006 3211 815
3 798 2836 3213
3 2836 3212 3213
3 2836 1305 3212
3 3213 3212 1391
3 1305 3214 3212
3 3214 3215 3212
3 3214 1152 3215
3 3212 3215 1391
3 1305 2840 3214
3 2840 2304 3214
3 2840 923 2304
3 3214 2304 1152
3 1391 3215 3216
3 3215 2303 3216
3 3215 1152 2303
3 3216 2303 831
3 752 2868 2492
3 2868 3217 2492
3 2868 1314 3217
3 2492 3217 1205
3 1314 3218 3217
3 3218 3219 3217
3 3218 1392 3219
3 3217 3219 1205
3 1314 2873 3218
3 2873 3220 3218
3 2873 827 3220
3 3218 3220 1392
3 1205 3219 2497
3 3219 3221 2497
3 3219 1392 3221
3 2497 3221 932
3 745 3222 3224
3 3222 3223 3224
3 3222 1393 3223
3 3224 3223 1395
3 1393 3225 3223
3 3225 3226 3223
3 3225 1394 3226
3 3223 3226 1395
3 1393 3227 3225
3 3227 3228 3225
3 3227 914 3228
3 3225 3228 1394
3 1395 3226 3230
3 3226 3229 3230
3 3226 1394 3229
3 3230 3229 846
3 746 3231 3233
3 3231 3232 3233
3 3231 1396 3232
3 3233 3232 1398
3 1396 3234 3232
3 3234 3235 3232
3 3234 1397 3235
3 3232 3235 1398
3 1396 3236 3234
3 3236 3237 3234
3 3236 847 3237
3 3234 3237 1397
3 1398 3235 3239
3 3235 3238 3239
3 3235 1397 3238
3 3239 3238 913
3 2 3114 85
3 3114 3240 85
3 3114 1368 3240
3 85 3240 84
3 1368 3241 3240
3 3241 3242 3240
3 3241 1399 3242
3 3240 3242 84
3 1368 3119 3241
3 3119 3243 3241
3 3119 903 3243
3 3241 3243 1399
3 84 3242 83
3 3242 3244 83
3 3242 1399 3244
3 83 3244 82
3 762 1896 2164
3 1896 3245 2164
3 1896 1038 3245
3 2164 3245 1111
3 1038 3246 3245
3 3246 3247 3245
3 3246 1400 3247
3 3245 3247 1111
3 1038 1901 3246
3 1901 3248 3246
3 1901 845 3248
3 3246 3248 1400
3 1111 3247 2158
3 3247 3249 2158
3 3247 1400 3249
3 2158 3249 941
3 789 2195 3251
3 2195 3250 3251
3 2195 1122 3250
3 3251 3250 1402
3 1122 3252 3250
3 3252 3253 3250
3 3252 1401 3253
3 3250 3253 1402
3 1122 2201 3252
3 2201 3254 3252
3 2201 818 3254
3 3252 3254 1401
3 1402 3253 3256
3 3253 3255 3256
3 3253 1401 3255
3 3256 3255 880
3 778 3257 2485
3 3257 3258 2485
3 3257 1403 3258
3 2485 3258 1203
3 1403 3259 3258
3 3259 3260 3258
3 3259 1404 3260
3 3258 3260 1203
3 1403 3261 3259
3 3261 3262 3259
3 3261 901 3262
3 3259 3262 1404
3 1203 3260 2489
3 3260 3263 2489
3 3260 1404 3263
3 2489 3263 812
3 778 2343 3265
3 2343 3264 3265
3 2343 1166 3264
3 3265 3264 1406
3 1166 3266 3264
3 3266 3267 3264
3 3266 1405 3267
3 3264 3267 1406
3 1166 2349 3266
3 2349 3268 3266
3 2349 813 3268
3 3266 3268 1405
3 1406 3267 3270
3 3267 3269 3270
3 3267 1405 3269
3 3270 3269 902
3 748 2210 3272
3 2210 3271 3272
3 2210 1126 3271
3 3272 3271 1408
3 1126 3273 3271
3 3273 3274 3271
3 3273 1407 3274
3 3271 3274 1408
3 1126 2215 3273
3 2215 3275 3273
3 2215 909 3275
3 3273 3275 1407
3 1408 3274 3277
3 3274 3276 3277
3 3274 1407 3276
3 3277 3276 939
3 765 3278 2954
3 3278 3279 2954
3 3278 1409 3279
3 2954 3279 1331
3 1409 3280 3279
3 3280 3281 3279
3 3280 1410 3281
3 3279 3281 1331
3 1409 3282 3280
3 3282 3283 3280
3 3282 821 3283
3 3280 3283 1410
3 1331 3281 2959
3 3281 3284 2959
3 3281 1410 3284
3 2959 3284 862
3 805 3285 1956
3 3285 3286 1956
3 3285 1411 3286
3 1956 3286 1052
3 1411 3287 3286
3 3287 3288 3286
3 3287 1412 3288
3 3286 3288 1052
3 1411 3289 3287
3 3289 3290 3287
3 3289 921 3290
3 3287 3290 1412
3 1052 3288 1957
3 3288 3291 1957
3 3288 1412 3291
3 1957 3291 832
3 779 2797 2763
3 2797 3292 2763
3 2797 1294 3292
3 2763 3292 1285
3 1294 3293 3292
3 3293 3294 3292
3 3293 1255 3294
3 3292 3294 1285
3 1294 2800 3293
3 2800 2672 3293
3 2800 895 2672
3 3293 2672 1255
3 1285 3294 2768
3 3294 2671 2768
3 3294 1255 2671
3 2768 2671 888
3 780 2772 2801
3 2772 3295 2801
3 2772 1288 3295
3 2801 3295 1295
3 1288 3296 3295
3 3296 3297 3295
3 3296 1258 3297
3 3295 3297 1295
3 1288 2776 3296
3 2776 2681 3296
3 2776 887 2681
3 3296 2681 1258
3 1295 3297 2805
3 3297 2680 2805
3 3297 1258 2680
3 2805 2680 894
3 23 2583 3299
3 2583 3298 3299
3 2583 1232 3298
3 3299 3298 1413
3 1232 3300 3298
3 3300 3301 3298
3 3300 1224 3301
3 3298 3301 1413
3 1232 2589 3300
3 2589 2557 3300
3 2589 802 2557
3 3300 2557 1224
3 1413 3301 3302
3 3301 2561 3302
3 3301 1224 2561
3 3302 2561 884
3 148 3303 2590
3 3303 3304 2590
3 3303 1414 3304
3 2590 3304 1233
3 1414 3305 3304
3 3305 3306 3304
3 3305 1225 3306
3 3304 3306 1233
3 1414 3307 3305
3 3307 2567 3305
3 3307 885 2567
3 3305 2567 1225
3 1233 3306 2595
3 3306 2562 2595
3 3306 1225 2562
3 2595 2562 803
3 756 3175 3120
3 3175 3308 3120
3 3175 1383 3308
3 3120 3308 1369
3 1383 3309 3308
3 3309 3310 3308
3 3309 1415 3310
3 3308 3310 1369
3 1383 3179 3309
3 3179 3311 3309
3 3179 862 3311
3 3309 3311 1415
3 1369 3310 3124
3 3310 3312 3124
3 3310 1415 3312
3 3124 3312 798
3 773 3313 3315
3 3313 3314 3315
3 3313 1416 3314
3 3315 3314 1418
3 1416 3316 3314
3 3316 3317 3314
3 3316 1417 3317
3 3314 3317 1418
3 1416 3318 3316
3 3318 3319 3316
3 3318 893 3319
3 3316 3319 1417
3 1418 3317 3321
3 3317 3320 3321
3 3317 1417 3320
3 3321 3320 868
3 772 3322 3324
3 3322 3323 3324
3 3322 1419 3323
3 3324 3323 1421
3 1419 3325 3323
3 3325 3326 3323
3 3325 1420 3326
3 3323 3326 1421
3 1419 3327 3325
3 3327 3328 3325
3 3327 867 3328
3 3325 3328 1420
3 1421 3326 3330
3 3326 3329 3330
3 3326 1420 3329
3 3330 3329 892
3 760 3331 3333
3 3331 3332 3333
3 3331 1422 3332
3 3333 3332 1423
3 1422 3334 3332
3 3334 3335 3332
3 3334 1411 3335
3 3332 3335 1423
3 1422 3336 3334
3 3336 3289 3334
3 3336 921 3289
3 3334 3289 1411
3 1423 3335 3337
3 3335 3285 3337
3 3335 1411 3285
3 3337 3285 805
3 62 3338 3340
3 3338 3339 3340
3 3338 1424 3339
3 3340 3339 1425
3 1424 3341 3339
3 3341 3342 3339
3 3341 1347 3342
3 3339 3342 1425
3 1424 3343 3341
3 3343 3039 3341
3 3343 916 3039
3 3341 3039 1347
3 1425 3342 3344
3 3342 3038 3344
3 3342 1347 3038
3 3344 3038 899
3 748 3272 2469
3 3272 3345 2469
3 3272 1408 3345
3 2469 3345 1198
3 1408 3346 3345
3 3346 3347 3345
3 3346 1426 3347
3 3345 3347 1198
3 1408 3277 3346
3 3277 3348 3346
3 3277 939 3348
3 3346 3348 1426
3 1198 3347 2474
3 3347 3349 2474
3 3347 1426 3349
3 2474 3349 826
3 759 3350 3352
3 3350 3351 3352
3 3350 1427 3351
3 3352 3351 1428
3 1427 3353 3351
3 3353 3354 3351
3 3353 1194 3354
3 3351 3354 1428
3 1427 3355 3353
3 3355 2456 3353
3 3355 886 2456
3 3353 2456 1194
3 1428 3354 3356
3 3354 2452 3356
3 3354 1194 2452
3 3356 2452 808
3 93 94 3358
3 94 3357 3358
3 94 95 3357
3 3358 3357 1429
3 95 3359 3357
3 3359 3360 3357
3 3359 1171 3360
3 3357 3360 1429
3 95 96 3359
3 96 2365 3359
3 96 97 2365
3 3359 2365 1171
3 1429 3360 3361
3 3360 2368 3361
3 3360 1171 2368
3 3361 2368 889
3 109 3362 3364
3 3362 3363 3364
3 3362 1430 3363
3 3364 3363 1431
3 1430 3365 3363
3 3365 3366 3363
3 3365 1350 3366
3 3363 3366 1431
3 1430 3367 3365
3 3367 3048 3365
3 3367 900 3048
3 3365 3048 1350
3 1431 3366 3368
3 3366 3047 3368
3 3366 1350 3047
3 3368 3047 917
3 795 3369 1789
3 3369 3370 1789
3 3369 1432 3370
3 1789 3370 1003
3 1432 3371 3370
3 3371 3372 3370
3 3371 1374 3372
3 3370 3372 1003
3 1432 3373 3371
3 3373 3144 3371
3 3373 871 3144
3 3371 3144 1374
3 1003 3372 1790
3 3372 3143 1790
3 3372 1374 3143
3 1790 3143 855
3 766 2204 3375
3 2204 3374 3375
3 2204 1124 3374
3 3375 3374 1434
3 1124 3376 3374
3 3376 3377 3374
3 3376 1433 3377
3 3374 3377 1434
3 1124 2208 3376
3 2208 3378 3376
3 2208 852 3378
3 3376 3378 1433
3 1434 3377 3380
3 3377 3379 3380
3 3377 1433 3379
3 3380 3379 858
3 761 3381 3383
3 3381 3382 3383
3 3381 1435 3382
3 3383 3382 1437
3 1435 3384 3382
3 3384 3385 3382
3 3384 1436 3385
3 3382 3385 1437
3 1435 3386 3384
3 3386 3387 3384
3 3386 806 3387
3 3384 3387 1436
3 1437 3385 3389
3 3385 3388 3389
3 3385 1436 3388
3 3389 3388 880
3 781 3390 3392
3 3390 3391 3392
3 3390 1438 3391
3 3392 3391 1440
3 1438 3393 3391
3 3393 3394 3391
3 3393 1439 3394
3 3391 3394 1440
3 1438 3395 3393
3 3395 3396 3393
3 3395 899 3396
3 3393 3396 1439
3 1440 3394 3398
3 3394 3397 3398
3 3394 1439 3397
3 3398 3397 867
3 782 3399 3401
3 3399 3400 3401
3 3399 1441 3400
3 3401 3400 1443
3 1441 3402 3400
3 3402 3403 3400
3 3402 1442 3403
3 3400 3403 1443
3 1441 3404 3402
3 3404 3405 3402
3 3404 868 3405
3 3402 3405 1442
3 1443 3403 3407
3 3403 3406 3407
3 3403 1442 3406
3 3407 3406 900
3 776 3408 3410
3 3408 3409 3410
3 3408 1444 3409
3 3410 3409 1445
3 1444 3411 3409
3 3411 3412 3409
3 3411 1284 3412
3 3409 3412 1445
3 1444 3413 3411
3 3413 2762 3411
3 3413 816 2762
3 3411 2762 1284
3 1445 3412 3414
3 3412 2761 3414
3 3412 1284 2761
3 3414 2761 922
3 767 3415 3417
3 3415 3416 3417
3 3415 1446 3416
3 3417 3416 1448
3 1446 3418 3416
3 3418 3419 3416
3 3418 1447 3419
3 3416 3419 1448
3 1446 3420 3418
3 3420 3421 3418
3 3420 831 3421
3 3418 3421 1447
3 1448 3419 3423
3 3419 3422 3423
3 3419 1447 3422
3 3423 3422 874
3 809 3424 2433
3 3424 3425 2433
3 3424 1449 3425
3 2433 3425 1189
3 1449 3426 3425
3 3426 3427 3425
3 3426 1407 3427
3 3425 3427 1189
3 1449 3428 3426
3 3428 3276 3426
3 3428 939 3276
3 3426 3276 1407
3 1189 3427 2437
3 3427 3275 2437
3 3427 1407 3275
3 2437 3275 909
3 175 3429 2617
3 3429 3430 2617
3 3429 1450 3430
3 2617 3430 1242
3 1450 3431 3430
3 3431 3432 3430
3 3431 1300 3432
3 3430 3432 1242
3 1450 3433 3431
3 3433 2825 3431
3 3433 878 2825
3 3431 2825 1300
3 1242 3432 2621
3 3432 2824 2621
3 3432 1300 2824
3 2621 2824 822
3 228 2630 3435
3 2630 3434 3435
3 2630 1245 3434
3 3435 3434 1451
3 1245 3436 3434
3 3436 3437 3434
3 3436 1303 3437
3 3434 3437 1451
3 1245 2629 3436
3 2629 2833 3436
3 2629 823 2833
3 3436 2833 1303
3 1451 3437 3438
3 3437 2832 3438
3 3437 1303 2832
3 3438 2832 879
3 179 2623 3440
3 2623 3439 3440
3 2623 1243 3439
3 3440 3439 1453
3 1243 3441 3439
3 3441 3442 3439
3 3441 1452 3442
3 3439 3442 1453
3 1243 2622 3441
3 2622 3443 3441
3 2622 822 3443
3 3441 3443 1452
3 1453 3442 3445
3 3442 3444 3445
3 3442 1452 3444
3 3445 3444 896
3 224 3446 2624
3 3446 3447 2624
3 3446 1454 3447
3 2624 3447 1244
3 1454 3448 3447
3 3448 3449 3447
3 3448 1455 3449
3 3447 3449 1244
3 1454 3450 3448
3 3450 3451 3448
3 3450 897 3451
3 3448 3451 1455
3 1244 3449 2628
3 3449 3452 2628
3 3449 1455 3452
3 2628 3452 823
3 82 3244 2579
3 3244 3453 2579
3 3244 1399 3453
3 2579 3453 1229
3 1399 3454 3453
3 3454 3455 3453
3 3454 1456 3455
3 3453 3455 1229
3 1399 3243 3454
3 3243 3456 3454
3 3243 903 3456
3 3454 3456 1456
3 1229 3455 2580
3 3455 3457 2580
3 3455 1456 3457
3 2580 3457 817
3 194 3458 2095
3 3458 3459 2095
3 3458 1457 3459
3 2095 3459 1092
3 1457 3460 3459
3 3460 3461 3459
3 3460 1447 3461
3 3459 3461 1092
3 1457 3462 3460
3 3462 3422 3460
3 3462 874 3422
3 3460 3422 1447
3 1092 3461 2099
3 3461 3421 2099
3 3461 1447 3421
3 2099 3421 831
3 767 3417 3464
3 3417 3463 3464
3 3417 1448 3463
3 3464 3463 1459
3 1448 3465 3463
3 3465 3466 3463
3 3465 1458 3466
3 3463 3466 1459
3 1448 3423 3465
3 3423 3467 3465
3 3423 874 3467
3 3465 3467 1458
3 1459 3466 3469
3 3466 3468 3469
3 3466 1458 3468
3 3469 3468 832
3 753 3161 3137
3 3161 3470 3137
3 3161 1379 3470
3 3137 3470 1373
3 1379 3471 3470
3 3471 3472 3470
3 3471 1460 3472
3 3470 3472 1373
3 1379 3165 3471
3 3165 3473 3471
3 3165 898 3473
3 3471 3473 1460
3 1373 3472 3142
3 3472 3474 3142
3 3472 1460 3474
3 3142 3474 855
3 787 1893 3476
3 1893 3475 3476
3 1893 1035 3475
3 3476 3475 1461
3 1035 3477 3475
3 3477 3478 3475
3 3477 1460 3478
3 3475 3478 1461
3 1035 1892 3477
3 1892 3474 3477
3 1892 855 3474
3 3477 3474 1460
3 1461 3478 3479
3 3478 3473 3479
3 3478 1460 3473
3 3479 3473 898
3 798 3213 3125
3 3213 3480 3125
3 3213 1391 3480
3 3125 3480 1370
3 1391 3481 3480
3 3481 3482 3480
3 3481 1462 3482
3 3480 3482 1370
3 1391 3216 3481
3 3216 3483 3481
3 3216 831 3483
3 3481 3483 1462
3 1370 3482 3126
3 3482 3484 3126
3 3482 1462 3484
3 3126 3484 873
3 776 3410 3166
3 3410 3485 3166
3 3410 1445 3485
3 3166 3485 1380
3 1445 3486 3485
3 3486 3487 3485
3 3486 1345 3487
3 3485 3487 1380
3 1445 3414 3486
3 3414 3025 3486
3 3414 922 3025
3 3486 3025 1345
3 1380 3487 3170
3 3487 3024 3170
3 3487 1345 3024
3 3170 3024 804
3 772 3488 2651
3 3488 3489 2651
3 3488 1463 3489
3 2651 3489 1250
3 1463 3490 3489
3 3490 3491 3489
3 3490 1318 3491
3 3489 3491 1250
3 1463 3492 3490
3 3492 2890 3490
3 3492 837 2890
3 3490 2890 1318
3 1250 3491 2655
3 3491 2889 2655
3 3491 1318 2889
3 2655 2889 829
3 773 2659 3494
3 2659 3493 3494
3 2659 1253 3493
3 3494 3493 1464
3 1253 3495 3493
3 3495 3496 3493
3 3495 1319 3496
3 3493 3496 1464
3 1253 2664 3495
3 2664 2896 3495
3 2664 830 2896
3 3495 2896 1319
3 1464 3496 3497
3 3496 2895 3497
3 3496 1319 2895
3 3497 2895 836
3 15 1813 3499
3 1813 3498 3499
3 1813 1010 3498
3 3499 3498 1465
3 1010 3500 3498
3 3500 3501 3498
3 3500 1404 3501
3 3498 3501 1465
3 1010 1808 3500
3 1808 3263 3500
3 1808 812 3263
3 3500 3263 1404
3 1465 3501 3502
3 3501 3262 3502
3 3501 1404 3262
3 3502 3262 901
3 156 3503 1825
3 3503 3504 1825
3 3503 1466 3504
3 1825 3504 1015
3 1466 3505 3504
3 3505 3506 3504
3 3505 1405 3506
3 3504 3506 1015
3 1466 3507 3505
3 3507 3269 3505
3 3507 902 3269
3 3505 3269 1405
3 1015 3506 1819
3 3506 3268 1819
3 3506 1405 3268
3 1819 3268 813
3 746 2133 3231
3 2133 3508 3231
3 2133 1103 3508
3 3231 3508 1396
3 1103 3509 3508
3 3509 3510 3508
3 3509 1175 3510
3 3508 3510 1396
3 1103 2139 3509
3 2139 2389 3509
3 2139 842 2389
3 3509 2389 1175
3 1396 3510 3236
3 3510 2388 3236
3 3510 1175 2388
3 3236 2388 847
3 745 3224 2140
3 3224 3511 2140
3 3224 1395 3511
3 2140 3511 1104
3 1395 3512 3511
3 3512 3513 3511
3 3512 1178 3513
3 3511 3513 1104
3 1395 3230 3512
3 3230 2397 3512
3 3230 846 2397
3 3512 2397 1178
3 1104 3513 2145
3 3513 2396 2145
3 3513 1178 2396
3 2145 2396 841
3 761 3383 1637
3 3383 3514 1637
3 3383 1437 3514
3 1637 3514 956
3 1437 3515 3514
3 3515 3516 3514
3 3515 1401 3516
3 3514 3516 956
3 1437 3389 3515
3 3389 3255 3515
3 3389 880 3255
3 3515 3255 1401
3 956 3516 1642
3 3516 3254 1642
3 3516 1401 3254
3 1642 3254 818
3 101 102 2806
3 102 3517 2806
3 102 103 3517
3 2806 3517 1296
3 103 3518 3517
3 3518 3519 3517
3 3518 1467 3519
3 3517 3519 1296
3 103 104 3518
3 104 3520 3518
3 104 105 3520
3 3518 3520 1467
3 1296 3519 2811
3 3519 3521 2811
3 3519 1467 3521
3 2811 3521 919
3 190 2106 3523
3 2106 3522 3523
3 2106 1094 3522
3 3523 3522 1468
3 1094 3524 3522
3 3524 3525 3522
3 3524 1458 3525
3 3522 3525 1468
3 1094 2105 3524
3 2105 3468 3524
3 2105 832 3468
3 3524 3468 1458
3 1468 3525 3526
3 3525 3467 3526
3 3525 1458 3467
3 3526 3467 874
3 801 3078 2634
3 3078 3527 2634
3 3078 1358 3527
3 2634 3527 1246
3 1358 3528 3527
3 3528 3529 3527
3 3528 1469 3529
3 3527 3529 1246
3 1358 3077 3528
3 3077 3530 3528
3 3077 844 3530
3 3528 3530 1469
3 1246 3529 2638
3 3529 3531 2638
3 3529 1469 3531
3 2638 3531 937
3 774 1904 3533
3 1904 3532 3533
3 1904 1040 3532
3 3533 3532 1471
3 1040 3534 3532
3 3534 3535 3532
3 3534 1470 3535
3 3532 3535 1471
3 1040 1908 3534
3 1908 3536 3534
3 1908 850 3536
3 3534 3536 1470
3 1471 3535 3538
3 3535 3537 3538
3 3535 1470 3537
3 3538 3537 935
3 775 3539 1909
3 3539 3540 1909
3 3539 1472 3540
3 1909 3540 1041
3 1472 3541 3540
3 3541 3542 3540
3 3541 1473 3542
3 3540 3542 1041
3 1472 3543 3541
3 3543 3544 3541
3 3543 936 3544
3 3541 3544 1473
3 1041 3542 1914
3 3542 3545 1914
3 3542 1473 3545
3 1914 3545 851
3 753 3139 3547
3 3139 3546 3547
3 3139 1375 3546
3 3547 3546 1474
3 1375 3548 3546
3 3548 3549 3546
3 3548 1006 3549
3 3546 3549 1474
3 1375 3145 3548
3 3145 1799 3548
3 3145 871 1799
3 3548 1799 1006
3 1474 3549 3550
3 3549 1798 3550
3 3549 1006 1798
3 3550 1798 918
3 209 2788 3552
3 2788 3551 3552
3 2788 1291 3551
3 3552 3551 1476
3 1291 3553 3551
3 3553 3554 3551
3 3553 1475 3554
3 3551 3554 1476
3 1291 2787 3553
3 2787 3555 3553
3 2787 828 3555
3 3553 3555 1475
3 1476 3554 3557
3 3554 3556 3557
3 3554 1475 3556
3 3557 3556 907
3 814 3558 3205
3 3558 3559 3205
3 3558 1477 3559
3 3205 3559 1389
3 1477 3560 3559
3 3560 3561 3559
3 3560 1363 3561
3 3559 3561 1389
3 1477 3562 3560
3 3562 3104 3560
3 3562 933 3104
3 3560 3104 1363
3 1389 3561 3206
3 3561 3103 3206
3 3561 1363 3103
3 3206 3103 905
3 815 3211 3564
3 3211 3563 3564
3 3211 1390 3563
3 3564 3563 1478
3 1390 3565 3563
3 3565 3566 3563
3 3565 1366 3566
3 3563 3566 1478
3 1390 3210 3565
3 3210 3112 3565
3 3210 906 3112
3 3565 3112 1366
3 1478 3566 3567
3 3566 3111 3567
3 3566 1366 3111
3 3567 3111 934
3 768 2821 3569
3 2821 3568 3569
3 2821 1301 3568
3 3569 3568 1480
3 1301 3570 3568
3 3570 3571 3568
3 3570 1479 3571
3 3568 3571 1480
3 1301 2826 3570
3 2826 3572 3570
3 2826 878 3572
3 3570 3572 1479
3 1480 3571 3574
3 3571 3573 3574
3 3571 1479 3573
3 3574 3573 834
3 769 3575 2827
3 3575 3576 2827
3 3575 1481 3576
3 2827 3576 1302
3 1481 3577 3576
3 3577 3578 3576
3 3577 1482 3578
3 3576 3578 1302
3 1481 3579 3577
3 3579 3580 3577
3 3579 835 3580
3 3577 3580 1482
3 1302 3578 2831
3 3578 3581 2831
3 3578 1482 3581
3 2831 3581 879
3 171 2125 3583
3 2125 3582 3583
3 2125 1099 3582
3 3583 3582 1483
3 1099 3584 3582
3 3584 3585 3582
3 3584 1479 3585
3 3582 3585 1483
3 1099 2124 3584
3 2124 3573 3584
3 2124 834 3573
3 3584 3573 1479
3 1483 3585 3586
3 3585 3572 3586
3 3585 1479 3572
3 3586 3572 878
3 232 3587 2126
3 3587 3588 2126
3 3587 1484 3588
3 2126 3588 1100
3 1484 3589 3588
3 3589 3590 3588
3 3589 1482 3590
3 3588 3590 1100
3 1484 3591 3589
3 3591 3581 3589
3 3591 879 3581
3 3589 3581 1482
3 1100 3590 2130
3 3590 3580 2130
3 3590 1482 3580
3 2130 3580 835
3 806 2507 3387
3 2507 3592 3387
3 2507 1209 3592
3 3387 3592 1436
3 1209 3593 3592
3 3593 3594 3592
3 3593 1485 3594
3 3592 3594 1436
3 1209 2506 3593
3 2506 3595 3593
3 2506 838 3595
3 3593 3595 1485
3 1436 3594 3388
3 3594 3596 3388
3 3594 1485 3596
3 3388 3596 880
3 768 3597 2641
3 3597 3598 2641
3 3597 1486 3598
3 2641 3598 1248
3 1486 3599 3598
3 3599 3600 3598
3 3599 1487 3600
3 3598 3600 1248
3 1486 3601 3599
3 3601 3602 3599
3 3601 924 3602
3 3599 3602 1487
3 1248 3600 2645
3 3600 3603 2645
3 3600 1487 3603
3 2645 3603 856
3 769 2647 3605
3 2647 3604 3605
3 2647 1249 3604
3 3605 3604 1489
3 1249 3606 3604
3 3606 3607 3604
3 3606 1488 3607
3 3604 3607 1489
3 1249 2650 3606
3 2650 3608 3606
3 2650 857 3608
3 3606 3608 1488
3 1489 3607 3610
3 3607 3609 3610
3 3607 1488 3609
3 3610 3609 925
3 798 3312 2834
3 3312 3611 2834
3 3312 1415 3611
3 2834 3611 1304
3 1415 3612 3611
3 3612 3613 3611
3 3612 1410 3613
3 3611 3613 1304
3 1415 3311 3612
3 3311 3284 3612
3 3311 862 3284
3 3612 3284 1410
3 1304 3613 2839
3 3613 3283 2839
3 3613 1410 3283
3 2839 3283 821
3 777 3614 2149
3 3614 3615 2149
3 3614 1490 3615
3 2149 3615 1107
3 1490 3616 3615
3 3616 3617 3615
3 3616 1449 3617
3 3615 3617 1107
3 1490 3618 3616
3 3618 3428 3616
3 3618 939 3428
3 3616 3428 1449
3 1107 3617 2154
3 3617 3424 2154
3 3617 1449 3424
3 2154 3424 809
3 782 3619 3621
3 3619 3620 3621
3 3619 1491 3620
3 3621 3620 1493
3 1491 3622 3620
3 3622 3623 3620
3 3622 1492 3623
3 3620 3623 1493
3 1491 3624 3622
3 3624 3625 3622
3 3624 875 3625
3 3622 3625 1492
3 1493 3623 3627
3 3623 3626 3627
3 3623 1492 3626
3 3627 3626 861
3 781 3628 3630
3 3628 3629 3630
3 3628 1494 3629
3 3630 3629 1496
3 1494 3631 3629
3 3631 3632 3629
3 3631 1495 3632
3 3629 3632 1496
3 1494 3633 3631
3 3633 3634 3631
3 3633 860 3634
3 3631 3634 1495
3 1496 3632 3636
3 3632 3635 3636
3 3632 1495 3635
3 3636 3635 876
3 66 67 3638
3 67 3637 3638
3 67 68 3637
3 3638 3637 1498
3 68 3639 3637
3 3639 3640 3637
3 3639 1497 3640
3 3637 3640 1498
3 68 69 3639
3 69 3641 3639
3 69 70 3641
3 3639 3641 1497
3 1498 3640 3643
3 3640 3642 3643
3 3640 1497 3642
3 3643 3642 908
3 205 3644 2782
3 3644 3645 2782
3 3644 1499 3645
3 2782 3645 1290
3 1499 3646 3645
3 3646 3647 3645
3 3646 1500 3647
3 3645 3647 1290
3 1499 3648 3646
3 3648 3649 3646
3 3648 910 3649
3 3646 3649 1500
3 1290 3647 2786
3 3647 3650 2786
3 3647 1500 3650
3 2786 3650 828
3 756 3651 3173
3 3651 3652 3173
3 3651 1501 3652
3 3173 3652 1382
3 1501 3653 3652
3 3653 3654 3652
3 3653 1392 3654
3 3652 3654 1382
3 1501 3655 3653
3 3655 3221 3653
3 3655 932 3221
3 3653 3221 1392
3 1382 3654 3178
3 3654 3220 3178
3 3654 1392 3220
3 3178 3220 827
3 782 3401 3657
3 3401 3656 3657
3 3401 1443 3656
3 3657 3656 1503
3 1443 3658 3656
3 3658 3659 3656
3 3658 1502 3659
3 3656 3659 1503
3 1443 3407 3658
3 3407 3660 3658
3 3407 900 3660
3 3658 3660 1502
3 1503 3659 3662
3 3659 3661 3662
3 3659 1502 3661
3 3662 3661 926
3 781 3663 3390
3 3663 3664 3390
3 3663 1504 3664
3 3390 3664 1438
3 1504 3665 3664
3 3665 3666 3664
3 3665 1505 3666
3 3664 3666 1438
3 1504 3667 3665
3 3667 3668 3665
3 3667 927 3668
3 3665 3668 1505
3 1438 3666 3395
3 3666 3669 3395
3 3666 1505 3669
3 3395 3669 899
3 768 3569 3597
3 3569 3670 3597
3 3569 1480 3670
3 3597 3670 1486
3 1480 3671 3670
3 3671 3672 3670
3 3671 1506 3672
3 3670 3672 1486
3 1480 3574 3671
3 3574 3673 3671
3 3574 834 3673
3 3671 3673 1506
3 1486 3672 3601
3 3672 3674 3601
3 3672 1506 3674
3 3601 3674 924
3 769 3605 3575
3 3605 3675 3575
3 3605 1489 3675
3 3575 3675 1481
3 1489 3676 3675
3 3676 3677 3675
3 3676 1507 3677
3 3675 3677 1481
3 1489 3610 3676
3 3610 3678 3676
3 3610 925 3678
3 3676 3678 1507
3 1481 3677 3579
3 3677 3679 3579
3 3677 1507 3679
3 3579 3679 835
3 5 3680 3149
3 3680 3681 3149
3 3680 1508 3681
3 3149 3681 1376
3 1508 3682 3681
3 3682 3683 3681
3 3682 1509 3683
3 3681 3683 1376
3 1508 3684 3682
3 3684 3685 3682
3 3684 896 3685
3 3682 3685 1509
3 1376 3683 3153
3 3683 3686 3153
3 3683 1509 3686
3 3153 3686 942
3 7 3155 3688
3 3155 3687 3688
3 3155 1377 3687
3 3688 3687 1511
3 1377 3689 3687
3 3689 3690 3687
3 3689 1510 3690
3 3687 3690 1511
3 1377 3158 3689
3 3158 3691 3689
3 3158 943 3691
3 3689 3691 1510
3 1511 3690 3693
3 3690 3692 3693
3 3690 1510 3692
3 3693 3692 897
3 779 2765 2074
3 2765 3694 2074
3 2765 1286 3694
3 2074 3694 1086
3 1286 3695 3694
3 3695 3696 3694
3 3695 1495 3696
3 3694 3696 1086
3 1286 2769 3695
3 2769 3635 3695
3 2769 876 3635
3 3695 3635 1495
3 1086 3696 2079
3 3696 3634 2079
3 3696 1495 3634
3 2079 3634 860
3 780 2083 2770
3 2083 3697 2770
3 2083 1089 3697
3 2770 3697 1287
3 1089 3698 3697
3 3698 3699 3697
3 3698 1492 3699
3 3697 3699 1287
3 1089 2087 3698
3 2087 3626 3698
3 2087 861 3626
3 3698 3626 1492
3 1287 3699 2775
3 3699 3625 2775
3 3699 1492 3625
3 2775 3625 875
3 11 12 3701
3 12 3700 3701
3 12 13 3700
3 3701 3700 1512
3 13 3702 3700
3 3702 3703 3700
3 3702 1465 3703
3 3700 3703 1512
3 13 14 3702
3 14 3499 3702
3 14 15 3499
3 3702 3499 1465
3 1512 3703 3704
3 3703 3502 3704
3 3703 1465 3502
3 3704 3502 901
3 156 157 3503
3 157 3705 3503
3 157 158 3705
3 3503 3705 1466
3 158 3706 3705
3 3706 3707 3705
3 3706 1513 3707
3 3705 3707 1466
3 158 159 3706
3 159 3708 3706
3 159 160 3708
3 3706 3708 1513
3 1466 3707 3507
3 3707 3709 3507
3 3707 1513 3709
3 3507 3709 902
3 19 20 3711
3 20 3710 3711
3 20 21 3710
3 3711 3710 1514
3 21 3712 3710
3 3712 3713 3710
3 3712 1413 3713
3 3710 3713 1514
3 21 22 3712
3 22 3299 3712
3 22 23 3299
3 3712 3299 1413
3 1514 3713 3714
3 3713 3302 3714
3 3713 1413 3302
3 3714 3302 884
3 148 149 3303
3 149 3715 3303
3 149 150 3715
3 3303 3715 1414
3 150 3716 3715
3 3716 3717 3715
3 3716 1515 3717
3 3715 3717 1414
3 150 151 3716
3 151 3718 3716
3 151 152 3718
3 3716 3718 1515
3 1414 3717 3307
3 3717 3719 3307
3 3717 1515 3719
3 3307 3719 885
3 771 2708 3721
3 2708 3720 3721
3 2708 1269 3720
3 3721 3720 1516
3 1269 3722 3720
3 3722 3723 3720
3 3722 1112 3723
3 3720 3723 1516
3 1269 2714 3722
3 2714 2170 3722
3 2714 891 2170
3 3722 2170 1112
3 1516 3723 3724
3 3723 2169 3724
3 3723 1112 2169
3 3724 2169 883
3 770 3725 2697
3 3725 3726 2697
3 3725 1517 3726
3 2697 3726 1264
3 1517 3727 3726
3 3727 3728 3726
3 3727 1115 3728
3 3726 3728 1264
3 1517 3729 3727
3 3729 2178 3727
3 3729 882 2178
3 3727 2178 1115
3 1264 3728 2702
3 3728 2177 2702
3 3728 1115 2177
3 2702 2177 890
3 802 3730 2555
3 3730 3731 2555
3 3730 1518 3731
3 2555 3731 1223
3 1518 3732 3731
3 3732 3733 3731
3 3732 1397 3733
3 3731 3733 1223
3 1518 3734 3732
3 3734 3238 3732
3 3734 913 3238
3 3732 3238 1397
3 1223 3733 2560
3 3733 3237 2560
3 3733 1397 3237
3 2560 3237 847
3 803 2564 3736
3 2564 3735 3736
3 2564 1226 3735
3 3736 3735 1519
3 1226 3737 3735
3 3737 3738 3735
3 3737 1394 3738
3 3735 3738 1519
3 1226 2568 3737
3 2568 3229 3737
3 2568 846 3229
3 3737 3229 1394
3 1519 3738 3739
3 3738 3228 3739
3 3738 1394 3228
3 3739 3228 914
3 783 2385 3741
3 2385 3740 3741
3 2385 1176 3740
3 3741 3740 1520
3 1176 3742 3740
3 3742 3743 3740
3 3742 1342 3743
3 3740 3743 1520
3 1176 2390 3742
3 2390 3013 3742
3 2390 842 3013
3 3742 3013 1342
3 1520 3743 3744
3 3743 3012 3744
3 3743 1342 3012
3 3744 3012 858
3 784 2049 2391
3 2049 3745 2391
3 2049 1080 3745
3 2391 3745 1177
3 1080 3746 3745
3 3746 3747 3745
3 3746 1343 3747
3 3745 3747 1177
3 1080 2054 3746
3 2054 3019 3746
3 2054 859 3019
3 3746 3019 1343
3 1177 3747 2395
3 3747 3018 2395
3 3747 1343 3018
3 2395 3018 841
3 812 1810 3057
3 1810 3748 3057
3 1810 1012 3748
3 3057 3748 1354
3 1012 3749 3748
3 3749 3750 3748
3 3749 1470 3750
3 3748 3750 1354
3 1012 1816 3749
3 1816 3537 3749
3 1816 935 3537
3 3749 3537 1470
3 1354 3750 3061
3 3750 3536 3061
3 3750 1470 3536
3 3061 3536 850
3 813 2570 1817
3 2570 3751 1817
3 2570 1228 3751
3 1817 3751 1013
3 1228 3752 3751
3 3752 3753 3751
3 3752 1473 3753
3 3751 3753 1013
3 1228 2575 3752
3 2575 3545 3752
3 2575 851 3545
3 3752 3545 1473
3 1013 3753 1822
3 3753 3544 1822
3 3753 1473 3544
3 1822 3544 936
3 58 59 3755
3 59 3754 3755
3 59 60 3754
3 3755 3754 1521
3 60 3756 3754
3 3756 3757 3754
3 3756 1425 3757
3 3754 3757 1521
3 60 61 3756
3 61 3340 3756
3 61 62 3340
3 3756 3340 1425
3 1521 3757 3758
3 3757 3344 3758
3 3757 1425 3344
3 3758 3344 899
3 109 110 3362
3 110 3759 3362
3 110 111 3759
3 3362 3759 1430
3 111 3760 3759
3 3760 3761 3759
3 3760 1522 3761
3 3759 3761 1430
3 111 112 3760
3 112 3762 3760
3 112 113 3762
3 3760 3762 1522
3 1430 3761 3367
3 3761 3763 3367
3 3761 1522 3763
3 3367 3763 900
3 804 3764 3171
3 3764 3765 3171
3 3764 1523 3765
3 3171 3765 1381
3 1523 3766 3765
3 3766 3767 3765
3 3766 1469 3767
3 3765 3767 1381
3 1523 3768 3766
3 3768 3531 3766
3 3768 937 3531
3 3766 3531 1469
3 1381 3767 3172
3 3767 3530 3172
3 3767 1469 3530
3 3172 3530 844
3 776 3769 3408
3 3769 3770 3408
3 3769 1524 3770
3 3408 3770 1444
3 1524 3771 3770
3 3771 3772 3770
3 3771 1525 3772
3 3770 3772 1444
3 1524 3773 3771
3 3773 3774 3771
3 3773 920 3774
3 3771 3774 1525
3 1444 3772 3413
3 3772 3775 3413
3 3772 1525 3775
3 3413 3775 816
3 772 3324 3488
3 3324 3776 3488
3 3324 1421 3776
3 3488 3776 1463
3 1421 3777 3776
3 3777 3778 3776
3 3777 1526 3778
3 3776 3778 1463
3 1421 3330 3777
3 3330 3779 3777
3 3330 892 3779
3 3777 3779 1526
3 1463 3778 3492
3 3778 3780 3492
3 3778 1526 3780
3 3492 3780 837
3 773 3494 3313
3 3494 3781 3313
3 3494 1464 3781
3 3313 3781 1416
3 1464 3782 3781
3 3782 3783 3781
3 3782 1527 3783
3 3781 3783 1416
3 1464 3497 3782
3 3497 3784 3782
3 3497 836 3784
3 3782 3784 1527
3 1416 3783 3318
3 3783 3785 3318
3 3783 1527 3785
3 3318 3785 893
3 783 3741 1920
3 3741 3786 1920
3 3741 1520 3786
3 1920 3786 1043
3 1520 3787 3786
3 3787 3788 3786
3 3787 1433 3788
3 3786 3788 1043
3 1520 3744 3787
3 3744 3379 3787
3 3744 858 3379
3 3787 3379 1433
3 1043 3788 1921
3 3788 3378 1921
3 3788 1433 3378
3 1921 3378 852
3 789 3251 3790
3 3251 3789 3790
3 3251 1402 3789
3 3790 3789 1528
3 1402 3791 3789
3 3791 3792 3789
3 3791 1485 3792
3 3789 3792 1528
3 1402 3256 3791
3 3256 3596 3791
3 3256 880 3596
3 3791 3596 1485
3 1528 3792 3793
3 3792 3595 3793
3 3792 1485 3595
3 3793 3595 838
3 213 3794 3187
3 3794 3795 3187
3 3794 1529 3795
3 3187 3795 1386
3 1529 3796 3795
3 3796 3797 3795
3 3796 1530 3797
3 3795 3797 1386
3 1529 3798 3796
3 3798 3799 3796
3 3798 907 3799
3 3796 3799 1530
3 1386 3797 3191
3 3797 3800 3191
3 3797 1530 3800
3 3191 3800 838
3 11 3701 2845
3 3701 3801 2845
3 3701 1512 3801
3 2845 3801 1306
3 1512 3802 3801
3 3802 3803 3801
3 3802 1531 3803
3 3801 3803 1306
3 1512 3704 3802
3 3704 3804 3802
3 3704 901 3804
3 3802 3804 1531
3 1306 3803 2846
3 3803 3805 2846
3 3803 1531 3805
3 2846 3805 872
3 160 2852 3708
3 2852 3806 3708
3 2852 1308 3806
3 3708 3806 1513
3 1308 3807 3806
3 3807 3808 3806
3 3807 1532 3808
3 3806 3808 1513
3 1308 2851 3807
3 2851 3809 3807
3 2851 872 3809
3 3807 3809 1532
3 1513 3808 3709
3 3808 3810 3709
3 3808 1532 3810
3 3709 3810 902
3 747 1837 3812
3 1837 3811 3812
3 1837 1021 3811
3 3812 3811 1533
3 1021 3813 3811
3 3813 3814 3811
3 3813 1227 3814
3 3811 3814 1533
3 1021 1843 3813
3 1843 2574 3813
3 1843 851 2574
3 3813 2574 1227
3 1533 3814 3815
3 3814 2573 3815
3 3814 1227 2573
3 3815 2573 877
3 794 3816 3050
3 3816 3817 3050
3 3816 1534 3817
3 3050 3817 1352
3 1534 3818 3817
3 3818 3819 3817
3 3818 1417 3819
3 3817 3819 1352
3 1534 3820 3818
3 3820 3320 3818
3 3820 868 3320
3 3818 3320 1417
3 1352 3819 3055
3 3819 3319 3055
3 3819 1417 3319
3 3055 3319 893
3 793 2909 3822
3 2909 3821 3822
3 2909 1322 3821
3 3822 3821 1535
3 1322 3823 3821
3 3823 3824 3821
3 3823 1420 3824
3 3821 3824 1535
3 1322 2913 3823
3 2913 3329 3823
3 2913 892 3329
3 3823 3329 1420
3 1535 3824 3825
3 3824 3328 3825
3 3824 1420 3328
3 3825 3328 867
3 751 3198 1760
3 3198 3826 1760
3 3198 1388 3826
3 1760 3826 995
3 1388 3827 3826
3 3827 3828 3826
3 3827 1536 3828
3 3826 3828 995
3 1388 3201 3827
3 3201 3829 3827
3 3201 870 3829
3 3827 3829 1536
3 995 3828 1765
3 3828 3830 1765
3 3828 1536 3830
3 1765 3830 861
3 750 1753 3192
3 1753 3831 3192
3 1753 994 3831
3 3192 3831 1387
3 994 3832 3831
3 3832 3833 3831
3 3832 1537 3833
3 3831 3833 1387
3 994 1759 3832
3 1759 3834 3832
3 1759 860 3834
3 3832 3834 1537
3 1387 3833 3196
3 3833 3835 3196
3 3833 1537 3835
3 3196 3835 869
3 190 3523 191
3 3523 3836 191
3 3523 1468 3836
3 191 3836 192
3 1468 3837 3836
3 3837 3838 3836
3 3837 1457 3838
3 3836 3838 192
3 1468 3526 3837
3 3526 3462 3837
3 3526 874 3462
3 3837 3462 1457
3 192 3838 193
3 3838 3458 193
3 3838 1457 3458
3 193 3458 194
3 777 3839 3614
3 3839 3840 3614
3 3839 1538 3840
3 3614 3840 1490
3 1538 3841 3840
3 3841 3842 3840
3 3841 1426 3842
3 3840 3842 1490
3 1538 3843 3841
3 3843 3349 3841
3 3843 826 3349
3 3841 3349 1426
3 1490 3842 3618
3 3842 3348 3618
3 3842 1426 3348
3 3618 3348 939
3 765 2956 3845
3 2956 3844 3845
3 2956 1333 3844
3 3845 3844 1539
3 1333 3846 3844
3 3846 3847 3844
3 3846 1313 3847
3 3844 3847 1539
3 1333 2962 3846
3 2962 2872 3846
3 2962 827 2872
3 3846 2872 1313
3 1539 3847 3848
3 3847 2871 3848
3 3847 1313 2871
3 3848 2871 904
3 816 3775 3850
3 3775 3849 3850
3 3775 1525 3849
3 3850 3849 1540
3 1525 3851 3849
3 3851 3852 3849
3 3851 1174 3852
3 3849 3852 1540
3 1525 3774 3851
3 3774 2377 3851
3 3774 920 2377
3 3851 2377 1174
3 1540 3852 3853
3 3852 2383 3853
3 3852 1174 2383
3 3853 2383 940
3 776 2970 3855
3 2970 3854 3855
3 2970 1336 3854
3 3855 3854 1542
3 1336 3856 3854
3 3856 3857 3854
3 3856 1541 3857
3 3854 3857 1542
3 1336 2974 3856
3 2974 3858 3856
3 2974 820 3858
3 3856 3858 1541
3 1542 3857 3860
3 3857 3859 3860
3 3857 1541 3859
3 3860 3859 908
3 805 2040 3862
3 2040 3861 3862
3 2040 1076 3861
3 3862 3861 1543
3 1076 3863 3861
3 3863 3864 3861
3 3863 1276 3864
3 3861 3864 1543
3 1076 2039 3863
3 2039 2738 3863
3 2039 824 2738
3 3863 2738 1276
3 1543 3864 3865
3 3864 2737 3865
3 3864 1276 2737
3 3865 2737 911
3 806 3866 2045
3 3866 3867 2045
3 3866 1544 3867
3 2045 3867 1077
3 1544 3868 3867
3 3868 3869 3867
3 3868 1279 3869
3 3867 3869 1077
3 1544 3870 3868
3 3870 2746 3868
3 3870 912 2746
3 3868 2746 1279
3 1077 3869 2046
3 3869 2745 2046
3 3869 1279 2745
3 2046 2745 825
3 759 3015 3350
3 3015 3871 3350
3 3015 1344 3871
3 3350 3871 1427
3 1344 3872 3871
3 3872 3873 3871
3 3872 1545 3873
3 3871 3873 1427
3 1344 3020 3872
3 3020 3874 3872
3 3020 859 3874
3 3872 3874 1545
3 1427 3873 3355
3 3873 3875 3355
3 3873 1545 3875
3 3355 3875 886
3 171 3583 172
3 3583 3876 172
3 3583 1483 3876
3 172 3876 173
3 1483 3877 3876
3 3877 3878 3876
3 3877 1450 3878
3 3876 3878 173
3 1483 3586 3877
3 3586 3433 3877
3 3586 878 3433
3 3877 3433 1450
3 173 3878 174
3 3878 3429 174
3 3878 1450 3429
3 174 3429 175
3 228 3435 229
3 3435 3879 229
3 3435 1451 3879
3 229 3879 230
3 1451 3880 3879
3 3880 3881 3879
3 3880 1484 3881
3 3879 3881 230
3 1451 3438 3880
3 3438 3591 3880
3 3438 879 3591
3 3880 3591 1484
3 230 3881 231
3 3881 3587 231
3 3881 1484 3587
3 231 3587 232
3 789 3790 3883
3 3790 3882 3883
3 3790 1528 3882
3 3883 3882 1546
3 1528 3884 3882
3 3884 3885 3882
3 3884 1530 3885
3 3882 3885 1546
3 1528 3793 3884
3 3793 3800 3884
3 3793 838 3800
3 3884 3800 1530
3 1546 3885 3886
3 3885 3799 3886
3 3885 1530 3799
3 3886 3799 907
3 767 1881 3415
3 1881 3887 3415
3 1881 1034 3887
3 3415 3887 1446
3 1034 3888 3887
3 3888 3889 3887
3 3888 1462 3889
3 3887 3889 1446
3 1034 1887 3888
3 1887 3484 3888
3 1887 873 3484
3 3888 3484 1462
3 1446 3889 3420
3 3889 3483 3420
3 3889 1462 3483
3 3420 3483 831
3 62 63 3338
3 63 3890 3338
3 63 64 3890
3 3338 3890 1424
3 64 3891 3890
3 3891 3892 3890
3 3891 1547 3892
3 3890 3892 1424
3 64 65 3891
3 65 3893 3891
3 65 66 3893
3 3891 3893 1547
3 1424 3892 3343
3 3892 3894 3343
3 3892 1547 3894
3 3343 3894 916
3 5 182 3680
3 182 3895 3680
3 182 181 3895
3 3680 3895 1508
3 181 3896 3895
3 3896 3897 3895
3 3896 1453 3897
3 3895 3897 1508
3 181 180 3896
3 180 3440 3896
3 180 179 3440
3 3896 3440 1453
3 1508 3897 3684
3 3897 3445 3684
3 3897 1453 3445
3 3684 3445 896
3 7 3688 221
3 3688 3898 221
3 3688 1511 3898
3 221 3898 222
3 1511 3899 3898
3 3899 3900 3898
3 3899 1454 3900
3 3898 3900 222
3 1511 3693 3899
3 3693 3450 3899
3 3693 897 3450
3 3899 3450 1454
3 222 3900 223
3 3900 3446 223
3 3900 1454 3446
3 223 3446 224
3 105 106 3902
3 106 3901 3902
3 106 107 3901
3 3902 3901 1548
3 107 3903 3901
3 3903 3904 3901
3 3903 1431 3904
3 3901 3904 1548
3 107 108 3903
3 108 3364 3903
3 108 109 3364
3 3903 3364 1431
3 1548 3904 3905
3 3904 3368 3905
3 3904 1431 3368
3 3905 3368 917
3 746 3906 2313
3 3906 3907 2313
3 3906 1549 3907
3 2313 3907 1156
3 1549 3908 3907
3 3908 3909 3907
3 3908 1329 3909
3 3907 3909 1156
3 1549 3910 3908
3 3910 2942 3908
3 3910 930 2942
3 3908 2942 1329
3 1156 3909 2317
3 3909 2938 2317
3 3909 1329 2938
3 2317 2938 810
3 745 2321 3912
3 2321 3911 3912
3 2321 1159 3911
3 3912 3911 1550
3 1159 3913 3911
3 3913 3914 3911
3 3913 1330 3914
3 3911 3914 1550
3 1159 2326 3913
3 2326 2944 3913
3 2326 811 2944
3 3913 2944 1330
3 1550 3914 3915
3 3914 2947 3915
3 3914 1330 2947
3 3915 2947 931
3 757 1971 2508
3 1971 3916 2508
3 1971 1058 3916
3 2508 3916 1210
3 1058 3917 3916
3 3917 3918 3916
3 3917 1125 3918
3 3916 3918 1210
3 1058 1977 3917
3 1977 2214 3917
3 1977 909 2214
3 3917 2214 1125
3 1210 3918 2512
3 3918 2213 2512
3 3918 1125 2213
3 2512 2213 818
3 795 2241 3369
3 2241 3919 3369
3 2241 1134 3919
3 3369 3919 1432
3 1134 3920 3919
3 3920 3921 3919
3 3920 1551 3921
3 3919 3921 1432
3 1134 2240 3920
3 2240 3922 3920
3 2240 849 3922
3 3920 3922 1551
3 1432 3921 3373
3 3921 3923 3373
3 3921 1551 3923
3 3373 3923 871
3 70 2380 3641
3 2380 3924 3641
3 2380 1172 3924
3 3641 3924 1497
3 1172 3925 3924
3 3925 3926 3924
3 3925 1552 3926
3 3924 3926 1497
3 1172 2375 3925
3 2375 3927 3925
3 2375 920 3927
3 3925 3927 1552
3 1497 3926 3642
3 3926 3928 3642
3 3926 1552 3928
3 3642 3928 908
3 766 3929 3931
3 3929 3930 3931
3 3929 1553 3930
3 3931 3930 1555
3 1553 3932 3930
3 3932 3933 3930
3 3932 1554 3933
3 3930 3933 1555
3 1553 3934 3932
3 3934 3935 3932
3 3934 915 3935
3 3932 3935 1554
3 1555 3933 3937
3 3933 3936 3937
3 3933 1554 3936
3 3937 3936 843
3 758 3938 3940
3 3938 3939 3940
3 3938 1556 3939
3 3940 3939 1558
3 1556 3941 3939
3 3941 3942 3939
3 3941 1557 3942
3 3939 3942 1558
3 1556 3943 3941
3 3943 3944 3941
3 3943 924 3944
3 3941 3944 1557
3 1558 3942 3946
3 3942 3945 3946
3 3942 1557 3945
3 3946 3945 807
3 759 3352 3948
3 3352 3947 3948
3 3352 1428 3947
3 3948 3947 1560
3 1428 3949 3947
3 3949 3950 3947
3 3949 1559 3950
3 3947 3950 1560
3 1428 3356 3949
3 3356 3951 3949
3 3356 808 3951
3 3949 3951 1559
3 1560 3950 3953
3 3950 3952 3953
3 3950 1559 3952
3 3953 3952 925
3 89 3181 3117
3 3181 3954 3117
3 3181 1385 3954
3 3117 3954 1367
3 1385 3955 3954
3 3955 3956 3954
3 3955 1561 3956
3 3954 3956 1367
3 1385 3186 3955
3 3186 3957 3955
3 3186 833 3957
3 3955 3957 1561
3 1367 3956 3118
3 3956 3958 3118
3 3956 1561 3958
3 3118 3958 903
3 785 2878 3960
3 2878 3959 3960
3 2878 1315 3959
3 3960 3959 1562
3 1315 3961 3959
3 3961 3962 3959
3 3961 1356 3962
3 3959 3962 1562
3 1315 2877 3961
3 2877 3068 3961
3 2877 853 3068
3 3961 3068 1356
3 1562 3962 3963
3 3962 3067 3963
3 3962 1356 3067
3 3963 3067 942
3 786 3964 2882
3 3964 3965 2882
3 3964 1563 3965
3 2882 3965 1316
3 1563 3966 3965
3 3966 3967 3965
3 3966 1357 3967
3 3965 3967 1316
3 1563 3968 3966
3 3968 3073 3966
3 3968 943 3073
3 3966 3073 1357
3 1316 3967 2883
3 3967 3072 2883
3 3967 1357 3072
3 2883 3072 854
3 773 3315 2608
3 3315 3969 2608
3 3315 1418 3969
3 2608 3969 1239
3 1418 3970 3969
3 3970 3971 3969
3 3970 1564 3971
3 3969 3971 1239
3 1418 3321 3970
3 3321 3972 3970
3 3321 868 3972
3 3970 3972 1564
3 1239 3971 2613
3 3971 3973 2613
3 3971 1564 3973
3 2613 3973 870
3 772 2601 3322
3 2601 3974 3322
3 2601 1238 3974
3 3322 3974 1419
3 1238 3975 3974
3 3975 3976 3974
3 3975 1565 3976
3 3974 3976 1419
3 1238 2607 3975
3 2607 3977 3975
3 2607 869 3977
3 3975 3977 1565
3 1419 3976 3327
3 3976 3978 3327
3 3976 1565 3978
3 3327 3978 867
3 93 3358 3184
3 3358 3979 3184
3 3358 1429 3979
3 3184 3979 1384
3 1429 3980 3979
3 3980 3981 3979
3 3980 1334 3981
3 3979 3981 1384
3 1429 3361 3980
3 3361 2967 3980
3 3361 889 2967
3 3980 2967 1334
3 1384 3981 3185
3 3981 2966 3185
3 3981 1334 2966
3 3185 2966 833
3 817 3457 2306
3 3457 3982 2306
3 3457 1456 3982
3 2306 3982 1154
3 1456 3983 3982
3 3983 3984 3982
3 3983 1561 3984
3 3982 3984 1154
3 1456 3456 3983
3 3456 3958 3983
3 3456 903 3958
3 3983 3958 1561
3 1154 3984 2311
3 3984 3957 2311
3 3984 1561 3957
3 2311 3957 833
3 820 3985 3858
3 3985 3986 3858
3 3985 1566 3986
3 3858 3986 1541
3 1566 3987 3986
3 3987 3988 3986
3 3987 1567 3988
3 3986 3988 1541
3 1566 3989 3987
3 3989 3990 3987
3 3989 916 3990
3 3987 3990 1567
3 1541 3988 3859
3 3988 3991 3859
3 3988 1567 3991
3 3859 3991 908
3 209 3552 210
3 3552 3992 210
3 3552 1476 3992
3 210 3992 211
3 1476 3993 3992
3 3993 3994 3992
3 3993 1529 3994
3 3992 3994 211
3 1476 3557 3993
3 3557 3798 3993
3 3557 907 3798
3 3993 3798 1529
3 211 3994 212
3 3994 3794 212
3 3994 1529 3794
3 212 3794 213
3 760 3333 3127
3 3333 3995 3127
3 3333 1423 3995
3 3127 3995 1371
3 1423 3996 3995
3 3996 3997 3995
3 3996 1543 3997
3 3995 3997 1371
3 1423 3337 3996
3 3337 3862 3996
3 3337 805 3862
3 3996 3862 1543
3 1371 3997 3131
3 3997 3865 3131
3 3997 1543 3865
3 3131 3865 911
3 761 3133 3381
3 3133 3998 3381
3 3133 1372 3998
3 3381 3998 1435
3 1372 3999 3998
3 3999 4000 3998
3 3999 1544 4000
3 3998 4000 1435
3 1372 3136 3999
3 3136 3870 3999
3 3136 912 3870
3 3999 3870 1544
3 1435 4000 3386
3 4000 3866 3386
3 4000 1544 3866
3 3386 3866 806
3 766 3375 3929
3 3375 4001 3929
3 3375 1434 4001
3 3929 4001 1553
3 1434 4002 4001
3 4002 4003 4001
3 4002 1568 4003
3 4001 4003 1553
3 1434 3380 4002
3 3380 4004 4002
3 3380 858 4004
3 4002 4004 1568
3 1553 4003 3934
3 4003 4005 3934
3 4003 1568 4005
3 3934 4005 915
3 747 3812 1826
3 3812 4006 1826
3 3812 1533 4006
3 1826 4006 1016
3 1533 4007 4006
3 4007 4008 4006
3 4007 1355 4008
3 4006 4008 1016
3 1533 3815 4007
3 3815 3063 4007
3 3815 877 3063
3 4007 3063 1355
3 1016 4008 1831
3 4008 3062 1831
3 4008 1355 3062
3 1831 3062 850
3 777 2151 2747
3 2151 4009 2747
3 2151 1108 4009
3 2747 4009 1280
3 1108 4010 4009
3 4010 4011 4009
3 4010 1551 4011
3 4009 4011 1280
3 1108 2155 4010
3 2155 3923 4010
3 2155 871 3923
3 4010 3923 1551
3 1280 4011 2752
3 4011 3922 2752
3 4011 1551 3922
3 2752 3922 849
3 793 3034 2907
3 3034 4012 2907
3 3034 1348 4012
3 2907 4012 1321
3 1348 4013 4012
3 4013 4014 4012
3 4013 1566 4014
3 4012 4014 1321
3 1348 3040 4013
3 3040 3989 4013
3 3040 916 3989
3 4013 3989 1566
3 1321 4014 2912
3 4014 3985 2912
3 4014 1566 3985
3 2912 3985 820
3 6 1737 202
3 1737 4015 202
3 1737 988 4015
3 202 4015 203
3 988 4016 4015
3 4016 4017 4015
3 4016 1499 4017
3 4015 4017 203
3 988 1741 4016
3 1741 3648 4016
3 1741 910 3648
3 4016 3648 1499
3 203 4017 204
3 4017 3644 204
3 4017 1499 3644
3 204 3644 205
3 54 55 4019
3 55 4018 4019
3 55 56 4018
3 4019 4018 1570
3 56 4020 4018
3 4020 4021 4018
3 4020 1569 4021
3 4018 4021 1570
3 56 57 4020
3 57 4022 4020
3 57 58 4022
3 4020 4022 1569
3 1570 4021 4024
3 4021 4023 4024
3 4021 1569 4023
3 4024 4023 927
3 113 114 4026
3 114 4025 4026
3 114 115 4025
3 4026 4025 1572
3 115 4027 4025
3 4027 4028 4025
3 4027 1571 4028
3 4025 4028 1572
3 115 116 4027
3 116 4029 4027
3 116 117 4029
3 4027 4029 1571
3 1572 4028 4031
3 4028 4030 4031
3 4028 1571 4030
3 4031 4030 926
3 758 3940 4033
3 3940 4032 4033
3 3940 1558 4032
3 4033 4032 1574
3 1558 4034 4032
3 4034 4035 4032
3 4034 1573 4035
3 4032 4035 1574
3 1558 3946 4034
3 3946 4036 4034
3 3946 807 4036
3 4034 4036 1573
3 1574 4035 4038
3 4035 4037 4038
3 4035 1573 4037
3 4038 4037 915
3 785 4039 2981
3 4039 4040 2981
3 4039 1575 4040
3 2981 4040 1337
3 1575 4041 4040
3 4041 4042 4040
3 4041 1452 4042
3 4040 4042 1337
3 1575 4043 4041
3 4043 3444 4041
3 4043 896 3444
3 4041 3444 1452
3 1337 4042 2985
3 4042 3443 2985
3 4042 1452 3443
3 2985 3443 822
3 786 2987 4045
3 2987 4044 4045
3 2987 1338 4044
3 4045 4044 1576
3 1338 4046 4044
3 4046 4047 4044
3 4046 1455 4047
3 4044 4047 1576
3 1338 2990 4046
3 2990 3452 4046
3 2990 823 3452
3 4046 3452 1455
3 1576 4047 4048
3 4047 3451 4048
3 4047 1455 3451
3 4048 3451 897
3 790 2188 1805
3 2188 4049 1805
3 2188 1119 4049
3 1805 4049 1008
3 1119 4050 4049
3 4050 4051 4049
3 4050 1540 4051
3 4049 4051 1008
3 1119 2192 4050
3 2192 3850 4050
3 2192 816 3850
3 4050 3850 1540
3 1008 4051 1806
3 4051 3853 1806
3 4051 1540 3853
3 1806 3853 940
3 788 2484 4053
3 2484 4052 4053
3 2484 1202 4052
3 4053 4052 1578
3 1202 4054 4052
3 4054 4055 4052
3 4054 1577 4055
3 4052 4055 1578
3 1202 2483 4054
3 2483 4056 4054
3 2483 938 4056
3 4054 4056 1577
3 1578 4055 4058
3 4055 4057 4058
3 4055 1577 4057
3 4058 4057 828
3 789 3883 4060
3 3883 4059 4060
3 3883 1546 4059
3 4060 4059 1579
3 1546 4061 4059
3 4061 4062 4059
3 4061 1475 4062
3 4059 4062 1579
3 1546 3886 4061
3 3886 3556 4061
3 3886 907 3556
3 4061 3556 1475
3 1579 4062 4063
3 4062 3555 4063
3 4062 1475 3555
3 4063 3555 828
3 749 2285 2332
3 2285 4064 2332
3 2285 1149 4064
3 2332 4064 1161
3 1149 4065 4064
3 4065 4066 4064
3 4065 1526 4066
3 4064 4066 1161
3 1149 2291 4065
3 2291 3780 4065
3 2291 837 3780
3 4065 3780 1526
3 1161 4066 2337
3 4066 3779 2337
3 4066 1526 3779
3 2337 3779 892
3 748 2471 1728
3 2471 4067 1728
3 2471 1200 4067
3 1728 4067 985
3 1200 4068 4067
3 4068 4069 4067
3 4068 1527 4069
3 4067 4069 985
3 1200 2477 4068
3 2477 3785 4068
3 2477 893 3785
3 4068 3785 1527
3 985 4069 1733
3 4069 3784 1733
3 4069 1527 3784
3 1733 3784 836
3 777 2749 3839
3 2749 4070 3839
3 2749 1282 4070
3 3839 4070 1538
3 1282 4071 4070
3 4071 4072 4070
3 4071 1580 4072
3 4070 4072 1538
3 1282 2755 4071
3 2755 4073 4071
3 2755 919 4073
3 4071 4073 1580
3 1538 4072 3843
3 4072 4074 3843
3 4072 1580 4074
3 3843 4074 826
3 781 4075 3628
3 4075 4076 3628
3 4075 1581 4076
3 3628 4076 1494
3 1581 4077 4076
3 4077 4078 4076
3 4077 1537 4078
3 4076 4078 1494
3 1581 4079 4077
3 4079 3835 4077
3 4079 869 3835
3 4077 3835 1537
3 1494 4078 3633
3 4078 3834 3633
3 4078 1537 3834
3 3633 3834 860
3 782 3621 4081
3 3621 4080 4081
3 3621 1493 4080
3 4081 4080 1582
3 1493 4082 4080
3 4082 4083 4080
3 4082 1536 4083
3 4080 4083 1582
3 1493 3627 4082
3 3627 3830 4082
3 3627 861 3830
3 4082 3830 1536
3 1582 4083 4084
3 4083 3829 4084
3 4083 1536 3829
3 4084 3829 870
3 66 3638 3893
3 3638 4085 3893
3 3638 1498 4085
3 3893 4085 1547
3 1498 4086 4085
3 4086 4087 4085
3 4086 1567 4087
3 4085 4087 1547
3 1498 3643 4086
3 3643 3991 4086
3 3643 908 3991
3 4086 3991 1567
3 1547 4087 3894
3 4087 3990 3894
3 4087 1567 3990
3 3894 3990 916
3 794 3052 3041
3 3052 4088 3041
3 3052 1353 4088
3 3041 4088 1349
3 1353 4089 4088
3 4089 4090 4088
3 4089 1583 4090
3 4088 4090 1349
3 1353 3056 4089
3 3056 4091 4089
3 3056 826 4091
3 4089 4091 1583
3 1349 4090 3046
3 4090 4092 3046
3 4090 1583 4092
3 3046 4092 917
3 778 4093 3257
3 4093 4094 3257
3 4093 1584 4094
3 3257 4094 1403
3 1584 4095 4094
3 4095 4096 4094
3 4095 1531 4096
3 4094 4096 1403
3 1584 4097 4095
3 4097 3805 4095
3 4097 872 3805
3 4095 3805 1531
3 1403 4096 3261
3 4096 3804 3261
3 4096 1531 3804
3 3261 3804 901
3 778 3265 4093
3 3265 4098 4093
3 3265 1406 4098
3 4093 4098 1584
3 1406 4099 4098
3 4099 4100 4098
3 4099 1532 4100
3 4098 4100 1584
3 1406 3270 4099
3 3270 3810 4099
3 3270 902 3810
3 4099 3810 1532
3 1584 4100 4097
3 4100 3809 4097
3 4100 1532 3809
3 4097 3809 872
3 753 3547 3159
3 3547 4101 3159
3 3547 1474 4101
3 3159 4101 1378
3 1474 4102 4101
3 4102 4103 4101
3 4102 1144 4103
3 4101 4103 1378
3 1474 3550 4102
3 3550 2275 4102
3 3550 918 2275
3 4102 2275 1144
3 1378 4103 3164
3 4103 2274 3164
3 4103 1144 2274
3 3164 2274 819
3 788 4053 1609
3 4053 4104 1609
3 4053 1578 4104
3 1609 4104 946
3 1578 4105 4104
3 4105 4106 4104
3 4105 1500 4106
3 4104 4106 946
3 1578 4058 4105
3 4058 3650 4105
3 4058 828 3650
3 4105 3650 1500
3 946 4106 1603
3 4106 3649 1603
3 4106 1500 3649
3 1603 3649 910
3 791 4107 2920
3 4107 4108 2920
3 4107 1585 4108
3 2920 4108 1323
3 1585 4109 4108
3 4109 4110 4108
3 4109 1477 4110
3 4108 4110 1323
3 1585 4111 4109
3 4111 3562 4109
3 4111 933 3562
3 4109 3562 1477
3 1323 4110 2925
3 4110 3558 2925
3 4110 1477 3558
3 2925 3558 814
3 792 2931 4113
3 2931 4112 4113
3 2931 1328 4112
3 4113 4112 1586
3 1328 4114 4112
3 4114 4115 4112
3 4114 1478 4115
3 4112 4115 1586
3 1328 2937 4114
3 2937 3564 4114
3 2937 815 3564
3 4114 3564 1478
3 1586 4115 4116
3 4115 3567 4116
3 4115 1478 3567
3 4116 3567 934
3 6 201 2292
3 201 4117 2292
3 201 200 4117
3 2292 4117 1150
3 200 4118 4117
3 4118 4119 4117
3 4118 1153 4119
3 4117 4119 1150
3 200 199 4118
3 199 2300 4118
3 199 198 2300
3 4118 2300 1153
3 1150 4119 2296
3 4119 2305 2296
3 4119 1153 2305
3 2296 2305 923
3 767 4120 2276
3 4120 4121 2276
3 4120 1587 4121
3 2276 4121 1145
3 1587 4122 4121
3 4122 4123 4121
3 4122 1588 4123
3 4121 4123 1145
3 1587 4124 4122
3 4124 4125 4122
3 4124 921 4125
3 4122 4125 1588
3 1145 4123 2280
3 4123 4126 2280
3 4123 1588 4126
3 2280 4126 848
3 765 2093 3278
3 2093 4127 3278
3 2093 1090 4127
3 3278 4127 1409
3 1090 4128 4127
3 4128 4129 4127
3 4128 1116 4129
3 4127 4129 1409
3 1090 2092 4128
3 2092 2183 4128
3 2092 881 2183
3 4128 2183 1116
3 1409 4129 3282
3 4129 2179 3282
3 4129 1116 2179
3 3282 2179 821
3 19 3711 2058
3 3711 4130 2058
3 3711 1514 4130
3 2058 4130 1081
3 1514 4131 4130
3 4131 4132 4130
3 4131 1589 4132
3 4130 4132 1081
3 1514 3714 4131
3 3714 4133 4131
3 3714 884 4133
3 4131 4133 1589
3 1081 4132 2059
3 4132 4134 2059
3 4132 1589 4134
3 2059 4134 935
3 152 2064 3718
3 2064 4135 3718
3 2064 1082 4135
3 3718 4135 1515
3 1082 4136 4135
3 4136 4137 4135
3 4136 1590 4137
3 4135 4137 1515
3 1082 2063 4136
3 2063 4138 4136
3 2063 936 4138
3 4136 4138 1590
3 1515 4137 3719
3 4137 4139 3719
3 4137 1590 4139
3 3719 4139 885
3 767 3464 4120
3 3464 4140 4120
3 3464 1459 4140
3 4120 4140 1587
3 1459 4141 4140
3 4141 4142 4140
3 4141 1412 4142
3 4140 4142 1587
3 1459 3469 4141
3 3469 3291 4141
3 3469 832 3291
3 4141 3291 1412
3 1587 4142 4124
3 4142 3290 4124
3 4142 1412 3290
3 4124 3290 921
3 807 3945 1982
3 3945 4143 1982
3 3945 1557 4143
3 1982 4143 1059
3 1557 4144 4143
3 4144 4145 4143
3 4144 1506 4145
3 4143 4145 1059
3 1557 3944 4144
3 3944 3674 4144
3 3944 924 3674
3 4144 3674 1506
3 1059 4145 1983
3 4145 3673 1983
3 4145 1506 3673
3 1983 3673 834
3 808 1991 3951
3 1991 4146 3951
3 1991 1062 4146
3 3951 4146 1559
3 1062 4147 4146
3 4147 4148 4146
3 4147 1507 4148
3 4146 4148 1559
3 1062 1990 4147
3 1990 3679 4147
3 1990 835 3679
3 4147 3679 1507
3 1559 4148 3952
3 4148 3678 3952
3 4148 1507 3678
3 3952 3678 925
3 790 2778 2186
3 2778 4149 2186
3 2778 1289 4149
3 2186 4149 1118
3 1289 4150 4149
3 4150 4151 4149
3 4150 1400 4151
3 4149 4151 1118
3 1289 2781 4150
3 2781 3249 4150
3 2781 941 3249
3 4150 3249 1400
3 1118 4151 2191
3 4151 3248 2191
3 4151 1400 3248
3 2191 3248 845
3 826 4074 4091
3 4074 4152 4091
3 4074 1580 4152
3 4091 4152 1583
3 1580 4153 4152
3 4153 4154 4152
3 4153 1591 4154
3 4152 4154 1583
3 1580 4073 4153
3 4073 4155 4153
3 4073 919 4155
3 4153 4155 1591
3 1583 4154 4092
3 4154 4156 4092
3 4154 1591 4156
3 4092 4156 917
3 760 2400 3331
3 2400 4157 3331
3 2400 1180 4157
3 3331 4157 1422
3 1180 4158 4157
3 4158 4159 4157
3 4158 1588 4159
3 4157 4159 1422
3 1180 2404 4158
3 2404 4126 4158
3 2404 848 4126
3 4158 4126 1588
3 1422 4159 3336
3 4159 4125 3336
3 4159 1588 4125
3 3336 4125 921
3 781 3392 4075
3 3392 4160 4075
3 3392 1440 4160
3 4075 4160 1581
3 1440 4161 4160
3 4161 4162 4160
3 4161 1565 4162
3 4160 4162 1581
3 1440 3398 4161
3 3398 3978 4161
3 3398 867 3978
3 4161 3978 1565
3 1581 4162 4079
3 4162 3977 4079
3 4162 1565 3977
3 4079 3977 869
3 782 4081 3399
3 4081 4163 3399
3 4081 1582 4163
3 3399 4163 1441
3 1582 4164 4163
3 4164 4165 4163
3 4164 1564 4165
3 4163 4165 1441
3 1582 4084 4164
3 4084 3973 4164
3 4084 870 3973
3 4164 3973 1564
3 1441 4165 3404
3 4165 3972 3404
3 4165 1564 3972
3 3404 3972 868
3 807 2409 4036
3 2409 4166 4036
3 2409 1181 4166
3 4036 4166 1573
3 1181 4167 4166
3 4167 4168 4166
3 4167 1554 4168
3 4166 4168 1573
3 1181 2408 4167
3 2408 3936 4167
3 2408 843 3936
3 4167 3936 1554
3 1573 4168 4037
3 4168 3935 4037
3 4168 1554 3935
3 4037 3935 915
3 758 2352 3938
3 2352 4169 3938
3 2352 1168 4169
3 3938 4169 1556
3 1168 4170 4169
3 4170 4171 4169
3 4170 1487 4171
3 4169 4171 1556
3 1168 2356 4170
3 2356 3603 4170
3 2356 856 3603
3 4170 3603 1487
3 1556 4171 3943
3 4171 3602 3943
3 4171 1487 3602
3 3943 3602 924
3 759 3948 2357
3 3948 4172 2357
3 3948 1560 4172
3 2357 4172 1169
3 1560 4173 4172
3 4173 4174 4172
3 4173 1488 4174
3 4172 4174 1169
3 1560 3953 4173
3 3953 3609 4173
3 3953 925 3609
3 4173 3609 1488
3 1169 4174 2362
3 4174 3608 2362
3 4174 1488 3608
3 2362 3608 857
3 105 3902 3520
3 3902 4175 3520
3 3902 1548 4175
3 3520 4175 1467
3 1548 4176 4175
3 4176 4177 4175
3 4176 1591 4177
3 4175 4177 1467
3 1548 3905 4176
3 3905 4156 4176
3 3905 917 4156
3 4176 4156 1591
3 1467 4177 3521
3 4177 4155 3521
3 4177 1591 4155
3 3521 4155 919
3 793 3822 3032
3 3822 4178 3032
3 3822 1535 4178
3 3032 4178 1346
3 1535 4179 4178
3 4179 4180 4178
3 4179 1439 4180
3 4178 4180 1346
3 1535 3825 4179
3 3825 3397 4179
3 3825 867 3397
3 4179 3397 1439
3 1346 4180 3037
3 4180 3396 3037
3 4180 1439 3396
3 3037 3396 899
3 794 3043 3816
3 3043 4181 3816
3 3043 1351 4181
3 3816 4181 1534
3 1351 4182 4181
3 4182 4183 4181
3 4182 1442 4183
3 4181 4183 1534
3 1351 3049 4182
3 3049 3406 4182
3 3049 900 3406
3 4182 3406 1442
3 1534 4183 3820
3 4183 3405 3820
3 4183 1442 3405
3 3820 3405 868
3 758 4033 3007
3 4033 4184 3007
3 4033 1574 4184
3 3007 4184 1341
3 1574 4185 4184
3 4185 4186 4184
3 4185 1568 4186
3 4184 4186 1341
3 1574 4038 4185
3 4038 4005 4185
3 4038 915 4005
3 4185 4005 1568
3 1341 4186 3011
3 4186 4004 3011
3 4186 1568 4004
3 3011 4004 858
3 766 4187 2202
3 4187 4188 2202
3 4187 1592 4188
3 2202 4188 1123
3 1592 4189 4188
3 4189 4190 4188
3 4189 1545 4190
3 4188 4190 1123
3 1592 4191 4189
3 4191 3875 4189
3 4191 886 3875
3 4189 3875 1545
3 1123 4190 2207
3 4190 3874 2207
3 4190 1545 3874
3 2207 3874 859
3 745 3912 3222
3 3912 4192 3222
3 3912 1550 4192
3 3222 4192 1393
3 1550 4193 4192
3 4193 4194 4192
3 4193 1362 4194
3 4192 4194 1393
3 1550 3915 4193
3 3915 3092 4193
3 3915 931 3092
3 4193 3092 1362
3 1393 4194 3227
3 4194 3091 3227
3 4194 1362 3091
3 3227 3091 914
3 746 3233 3906
3 3233 4195 3906
3 3233 1398 4195
3 3906 4195 1549
3 1398 4196 4195
3 4196 4197 4195
3 4196 1359 4197
3 4195 4197 1549
3 1398 3239 4196
3 3239 3084 4196
3 3239 913 3084
3 4196 3084 1359
3 1549 4197 3910
3 4197 3083 3910
3 4197 1359 3083
3 3910 3083 930
3 776 3855 3769
3 3855 4198 3769
3 3855 1542 4198
3 3769 4198 1524
3 1542 4199 4198
3 4199 4200 4198
3 4199 1552 4200
3 4198 4200 1524
3 1542 3860 4199
3 3860 3928 4199
3 3860 908 3928
3 4199 3928 1552
3 1524 4200 3773
3 4200 3927 3773
3 4200 1552 3927
3 3773 3927 920
3 766 3931 4187
3 3931 4201 4187
3 3931 1555 4201
3 4187 4201 1592
3 1555 4202 4201
3 4202 4203 4201
3 4202 1195 4203
3 4201 4203 1592
3 1555 3937 4202
3 3937 2458 4202
3 3937 843 2458
3 4202 2458 1195
3 1592 4203 4191
3 4203 2457 4191
3 4203 1195 2457
3 4191 2457 886
3 789 4060 2193
3 4060 4204 2193
3 4060 1579 4204
3 2193 4204 1120
3 1579 4205 4204
3 4205 4206 4204
3 4205 1577 4206
3 4204 4206 1120
3 1579 4063 4205
3 4063 4057 4205
3 4063 828 4057
3 4205 4057 1577
3 1120 4206 2198
3 4206 4056 2198
3 4206 1577 4056
3 2198 4056 938
3 765 3845 2094
3 3845 4207 2094
3 3845 1539 4207
3 2094 4207 1091
3 1539 4208 4207
3 4208 4209 4207
3 4208 1593 4209
3 4207 4209 1091
3 1539 3848 4208
3 3848 4210 4208
3 3848 904 4210
3 4208 4210 1593
3 1091 4209 2089
3 4209 4211 2089
3 4209 1593 4211
3 2089 4211 898
3 791 3080 1710
3 3080 4212 1710
3 3080 1360 4212
3 1710 4212 979
3 1360 4213 4212
3 4213 4214 4212
3 4213 1594 4214
3 4212 4214 979
3 1360 3085 4213
3 3085 4215 4213
3 3085 913 4215
3 4213 4215 1594
3 979 4214 1715
3 4214 4216 1715
3 4214 1594 4216
3 1715 4216 928
3 792 1721 3086
3 1721 4217 3086
3 1721 984 4217
3 3086 4217 1361
3 984 4218 4217
3 4218 4219 4217
3 4218 1595 4219
3 4217 4219 1361
3 984 1727 4218
3 1727 4220 4218
3 1727 929 4220
3 4218 4220 1595
3 1361 4219 3090
3 4219 4221 3090
3 4219 1595 4221
3 3090 4221 914
3 802 2588 3730
3 2588 4222 3730
3 2588 1231 4222
3 3730 4222 1518
3 1231 4223 4222
3 4223 4224 4222
3 4223 1594 4224
3 4222 4224 1518
3 1231 2587 4223
3 2587 4216 4223
3 2587 928 4216
3 4223 4216 1594
3 1518 4224 3734
3 4224 4215 3734
3 4224 1594 4215
3 3734 4215 913
3 803 3736 2596
3 3736 4225 2596
3 3736 1519 4225
3 2596 4225 1234
3 1519 4226 4225
3 4226 4227 4225
3 4226 1595 4227
3 4225 4227 1234
3 1519 3739 4226
3 3739 4221 4226
3 3739 914 4221
3 4226 4221 1595
3 1234 4227 2597
3 4227 4220 2597
3 4227 1595 4220
3 2597 4220 929
3 113 4026 3762
3 4026 4228 3762
3 4026 1572 4228
3 3762 4228 1522
3 1572 4229 4228
3 4229 4230 4228
3 4229 1502 4230
3 4228 4230 1522
3 1572 4031 4229
3 4031 3661 4229
3 4031 926 3661
3 4229 3661 1502
3 1522 4230 3763
3 4230 3660 3763
3 4230 1502 3660
3 3763 3660 900
3 58 3755 4022
3 3755 4231 4022
3 3755 1521 4231
3 4022 4231 1569
3 1521 4232 4231
3 4232 4233 4231
3 4232 1505 4233
3 4231 4233 1569
3 1521 3758 4232
3 3758 3669 4232
3 3758 899 3669
3 4232 3669 1505
3 1569 4233 4023
3 4233 3668 4023
3 4233 1505 3668
3 4023 3668 927
3 782 3657 3619
3 3657 4234 3619
3 3657 1503 4234
3 3619 4234 1491
3 1503 4235 4234
3 4235 4236 4234
3 4235 1596 4236
3 4234 4236 1491
3 1503 3662 4235
3 3662 4237 4235
3 3662 926 4237
3 4235 4237 1596
3 1491 4236 3624
3 4236 4238 3624
3 4236 1596 4238
3 3624 4238 875
3 781 3630 3663
3 3630 4239 3663
3 3630 1496 4239
3 3663 4239 1504
3 1496 4240 4239
3 4240 4241 4239
3 4240 1597 4241
3 4239 4241 1504
3 1496 3636 4240
3 3636 4242 4240
3 3636 876 4242
3 4240 4242 1597
3 1504 4241 3667
3 4241 4243 3667
3 4241 1597 4243
3 3667 4243 927
3 787 3476 1652
3 3476 4244 1652
3 3476 1461 4244
3 1652 4244 960
3 1461 4245 4244
3 4245 4246 4244
3 4245 1593 4246
3 4244 4246 960
3 1461 3479 4245
3 3479 4211 4245
3 3479 898 4211
3 4245 4211 1593
3 960 4246 1653
3 4246 4210 1653
3 4246 1593 4210
3 1653 4210 904
3 770 3100 3725
3 3100 4247 3725
3 3100 1364 4247
3 3725 4247 1517
3 1364 4248 4247
3 4248 4249 4247
3 4248 1598 4249
3 4247 4249 1517
3 1364 3105 4248
3 3105 4250 4248
3 3105 933 4250
3 4248 4250 1598
3 1517 4249 3729
3 4249 4251 3729
3 4249 1598 4251
3 3729 4251 882
3 771 3721 3106
3 3721 4252 3106
3 3721 1516 4252
3 3106 4252 1365
3 1516 4253 4252
3 4253 4254 4252
3 4253 1599 4254
3 4252 4254 1365
3 1516 3724 4253
3 3724 4255 4253
3 3724 883 4255
3 4253 4255 1599
3 1365 4254 3110
3 4254 4256 3110
3 4254 1599 4256
3 3110 4256 934
3 791 1712 4107
3 1712 4257 4107
3 1712 981 4257
3 4107 4257 1585
3 981 4258 4257
3 4258 4259 4257
3 4258 1598 4259
3 4257 4259 1585
3 981 1718 4258
3 1718 4251 4258
3 1718 882 4251
3 4258 4251 1598
3 1585 4259 4111
3 4259 4250 4111
3 4259 1598 4250
3 4111 4250 933
3 792 4113 1719
3 4113 4260 1719
3 4113 1586 4260
3 1719 4260 982
3 1586 4261 4260
3 4261 4262 4260
3 4261 1599 4262
3 4260 4262 982
3 1586 4116 4261
3 4116 4256 4261
3 4116 934 4256
3 4261 4256 1599
3 982 4262 1724
3 4262 4255 1724
3 4262 1599 4255
3 1724 4255 883
3 54 4019 2462
3 4019 4263 2462
3 4019 1570 4263
3 2462 4263 1196
3 1570 4264 4263
3 4264 4265 4263
3 4264 1597 4265
3 4263 4265 1196
3 1570 4024 4264
3 4024 4243 4264
3 4024 927 4243
3 4264 4243 1597
3 1196 4265 2463
3 4265 4242 2463
3 4265 1597 4242
3 2463 4242 876
3 117 2465 4029
3 2465 4266 4029
3 2465 1197 4266
3 4029 4266 1571
3 1197 4267 4266
3 4267 4268 4266
3 4267 1596 4268
3 4266 4268 1571
3 1197 2468 4267
3 2468 4238 4267
3 2468 875 4238
3 4267 4238 1596
3 1571 4268 4030
3 4268 4237 4030
3 4268 1596 4237
3 4030 4237 926
3 774 3533 2519
3 3533 4269 2519
3 3533 1471 4269
3 2519 4269 1212
3 1471 4270 4269
3 4270 4271 4269
3 4270 1589 4271
3 4269 4271 1212
3 1471 3538 4270
3 3538 4134 4270
3 3538 935 4134
3 4270 4134 1589
3 1212 4271 2515
3 4271 4133 2515
3 4271 1589 4133
3 2515 4133 884
3 775 2525 3539
3 2525 4272 3539
3 2525 1213 4272
3 3539 4272 1472
3 1213 4273 4272
3 4273 4274 4272
3 4273 1590 4274
3 4272 4274 1472
3 1213 2520 4273
3 2520 4139 4273
3 2520 885 4139
3 4273 4139 1590
3 1472 4274 3543
3 4274 4138 3543
3 4274 1590 4138
3 3543 4138 936
3 756 2815 3651
3 2815 4275 3651
3 2815 1299 4275
3 3651 4275 1501
3 1299 4276 4275
3 4276 4277 4275
3 4276 1600 4277
3 4275 4277 1501
3 1299 2819 4276
3 2819 4278 4276
3 2819 937 4278
3 4276 4278 1600
3 1501 4277 3655
3 4277 4279 3655
3 4277 1600 4279
3 3655 4279 932
3 785 3960 4039
3 3960 4280 4039
3 3960 1562 4280
3 4039 4280 1575
3 1562 4281 4280
3 4281 4282 4280
3 4281 1509 4282
3 4280 4282 1575
3 1562 3963 4281
3 3963 3686 4281
3 3963 942 3686
3 4281 3686 1509
3 1575 4282 4043
3 4282 3685 4043
3 4282 1509 3685
3 4043 3685 896
3 786 4045 3964
3 4045 4283 3964
3 4045 1576 4283
3 3964 4283 1563
3 1576 4284 4283
3 4284 4285 4283
3 4284 1510 4285
3 4283 4285 1563
3 1576 4048 4284
3 4048 3692 4284
3 4048 897 3692
3 4284 3692 1510
3 1563 4285 3968
3 4285 3691 3968
3 4285 1510 3691
3 3968 3691 943
3 804 2499 3764
3 2499 4286 3764
3 2499 1206 4286
3 3764 4286 1523
3 1206 4287 4286
3 4287 4288 4286
3 4287 1600 4288
3 4286 4288 1523
3 1206 2498 4287
3 2498 4279 4287
3 2498 932 4279
3 4287 4279 1600
3 1523 4288 3768
3 4288 4278 3768
3 4288 1600 4278
3 3768 4278 937

CELL_TYPES 8416
5
5
5
5
5
5
5
5
5
5
5
5
5
5
5
5
5
5
5
5
5
5
5
5
5
5
5
5
5
5
5
5
5
5
5
5
5
5
5
5
5
5
5
5
5
5
5
5
5
5
5
5
5
5
5
5
5
5
5
5
5
5
5
5
5
5
5
5
5
5
5
5
5
5
5
5
5
5
5
5
5
5
5
5
5
5
5
5
5
5
5
5
5
5
5
5
5
5
5
5
5
5
5
5
5
5
5
5
5
5
5
5
5
5
5
5
5
5
5
5
5
5
5
5
5
5
5
5
5
5
5
5
5
5
5
5
5
5
5
5
5
5
5
5
5
5
5
5
5
5
5
5
5
5
5
5
5
5
5
5
5
5
5
5
5
5
5
5
5
5
5
5
5
5
5
5
5
5
5
5
5
5
5
5
5
5
5
5
5
5
5
5
5
5
5
5
5
5
5
5
5
5
5
5
5
5
5
5
5
5
5
5
5
5
5
5
5
5
5
5
5
5
5
5
5
5
5
5
5
5
5
5
5
5
5
5
5
5
5
5
5
5
5
5
5
5
5
5
5
5
5
5
5
5
5
5
5
5
5
5
5
5
5
5
5
5
5
5
5
5
5
5
5
5
5
5
5
5
5
5
5
5
5
5
5
5
5
5
5
5
5
5
5
5
5
5
5
5
5
5
5
5
5
5
5
5
5
5
5
5
5
5
5
5
5
5
5
5
5
5
5
5
5
5
5
5
5
5
5
5
5
5
5
5
5
5
5
5
5
5
5
5
5
5
5
5
5
5
5
5
5
5
5
5
5
5
5
5
5
5
5
5
5
5
5
5
5
5
5
5
5
5
5
5
5
5
5
5
5
5
5
5
5
5
5
5
5
5
5
5
5
5
5
5
5
5
5
5
5
5
5
5
5
5
5
5
5
5
5
5
5
5
5
5
5
5
5
5
5
5
5
5
5
5
5
5
5
5
5
5
5
5
5
5
5
5
5
5
5
5
5
5
5
5
5
5
5
5
5
5
5
5
5
5
5
5
5
5
5
5
5
5
5
5
5
5
5
5
5
5
5
5
5
5
5
5
5
5
5
5
5
5
5
5
5
5
5
5
5
5
5
5
5
5
5
5
5
5
5
5
5
5
5
5
5
5
5
5
5
5
5
5
5
5
5
5
5
5
5
5
5
5
5
5
5
5
5
5
5
5
5
5
5
5
5
5
5
5
5
5
5
5
5
5
5
5
5
5
5
5
5
5
5
5
5
5
5
5
5
5
5
5
5
5
5
5
5
5
5
5
5
5
5
5
5
5
5
5
5
5
5
5
5
5
5
5
5
5
5
5
5
5
5
5
5
5
5
5
5
5
5
5
5
5
5
5
5
5
5
5
5
5
5
5
5
5
5
5
5
5
5
5
5
5
5
5
5
5
5
5
5
5
5
5
5
5
5
5
5
5
5
5
5
5
5
5
5
5
5
5
5
5
5
5
5
5
5
5
5
5
5
5
5
5
5
5
5
5
5
5
5
5
5
5
5
5
5
5
5
5
5
5
5
5
5
5
5
5
5
5
5
5
5
5
5
5
5
5
5
5
5
5
5
5
5
5
5
5
5
5
5
5
5
5
5
5
5
5
5
5
5
5
5
5
5
5
5
5
5
5
5
5
5
5
5
5
5
5
5
5
5
5
5
5
5
5
5
5
5
5
5
5
5
5
5
5
5
5
5
5
5
5
5
5
5
5
5
5
5
5
5
5
5
5
5
5
5
5
5
5
5
5
5
5
5
5
5
5
5
5
5
5
5
5
5
5
5
5
5
5
5
5
5
5
5
5
5
5
5
5
5
5
5
5
5
5
5
5
5
5
5
5
5
5
5
5
5
5
5
5
5
5
5
5
5
5
5
5
5
5
5
5
5
5
5
5
5
5
5
5
5
5
5
5
5
5
5
5
5
5
5
5
5
5
5
5
5
5
5
5
5
5
5
5
5
5
5
5
5
5
5
5
5
5
5
5
5
5
5
5
5
5
5
5
5
5
5
5
5
5
5
5
5
5
5
5
5
5
5
5
5
5
5
5
5
5
5
5
5
5
5
5
5
5
5
5
5
5
5
5
5
5
5
5
5
5
5
5
5
5
5
5
5
5
5
5
5
5
5
5
5
5
5
5
5
5
5
5
5
5
5
5
5
5
5
5
5
5
5
5
5
5
5
5
5
5
5
5
5
5
5
5
5
5
5
5
5
5
5
5
5
5
5
5
5
5
5
5
5
5
5
5
5
5
5
5
5
5
5
5
5
5
5
5
5
5
5
5
5
5
5
5
5
5
5
5
5
5
5
5
5
5
5
5
5
5
5
5
5
5
5
5
5
5
5
5
5
5
5
5
5
5
5
5
5
5
5
5
5
5
5
5
5
5
5
5
5
5
5
5
5
5
5
5
5
5
5
5
5
5
5
5
5
5
5
5
5
5
5
5
5
5
5
5
5
5
5
5
5
5
5
5
5
5
5
5
5
5
5
5
5
5
5
5
5
5
5
5
5
5
5
5
5
5
5
5
5
5
5
5
5
5
5
5
5
5
5
5
5
5
5
5
5
5
5
5
5
5
5
5
5
5
5
5
5
5
5
5
5
5
5
5
5
5
5
5
5
5
5
5
5
5
5
5
5
5
5
5
5
5
5
5
5
5
5
5
5
5
5
5
5
5
5
5
5
5
5
5
5
5
5
5
5
5
5
5
5
5
5
5
5
5
5
5
5
5
5
5
5
5
5
5
5
5
5
5
5
5
5
5
5
5
5
5
5
5
5
5
5
5
5
5
5
5
5
5
5
5
5
5
5
5
5
5
5
5
5
5
5
5
5
5
5
5
5
5
5
5
5
5
5
5
5
5
5
5
5
5
5
5
5
5
5
5
5
5
5
5
5
5
5
5
5
5
5
5
5
5
5
5
5
5
5
5
5
5
5
5
5
5
5
5
5
5
5
5
5
5
5
5
5
5
5
5
5
5
5
5
5
5
5
5
5
5
5
5
5
5
5
5
5
5
5
5
5
5
5
5
5
5
5
5
5
5
5
5
5
5
5
5
5
5
5
5
5
5
5
5
5
5
5
5
5
5
5
5
5
5
5
5
5
5
5
5
5
5
5
5
5
5
5
5
5
5
5
5
5
5
5
5
5
5
5
5
5
5
5
5
5
5
5
5
5
5
5
5
5
5
5
5
5
5
5
5
5
5
5
5
5
5
5
5
5
5
5
5
5
5
5
5
5
5
5
5
5
5
5
5
5
5
5
5
5
5
5
5
5
5
5
5
5
5
5
5
5
5
5
5
5
5
5
5
5
5
5
5
5
5
5
5
5
5
5
5
5
5
5
5
5
5
5
5
5
5
5
5
5
5
5
5
5
5
5
5
5
5
5
5
5
5
5
5
5
5
5
5
5
5
5
5
5
5
5
5
5
5
5
5
5
5
5
5
5
5
5
5
5
5
5
5
5
5
5
5
5
5
5
5
5
5
5
5
5
5
5
5
5
5
5
5
5
5
5
5
5
5
5
5
5
5
5
5
5
5
5
5
5
5
5
5
5
5
5
5
5
5
5
5
5
5
5
5
5
5
5
5
5
5
5
5
5
5
5
5
5
5
5
5
5
5
5
5
5
5
5
5
5
5
5
5
5
5
5
5
5
5
5
5
5
5
5
5
5
5
5
5
5
5
5
5
5
5
5
5
5
5
5
5
5
5
5
5
5
5
5
5
5
5
5
5
5
5
5
5
5
5
5
5
5
5
5
5
5
5
5
5
5
5
5
5
5
5
5
5
5
5
5
5
5
5
5
5
5
5
5
5
5
5
5
5
5
5
5
5
5
5
5
5
5
5
5
5
5
5
5
5
5
5
5
5
5
5
5
5
5
5
5
5
5
5
5
5
5
5
5
5
5
5
5
5
5
5
5
5
5
5
5
5
5
5
5
5
5
5
5
5
5
5
5
5
5
5
5
5
5
5
5
5
5
5
5
5
5
5
5
5
5
5
5
5
5
5
5
5
5
5
5
5
5
5
5
5
5
5
5
5
5
5
5
5
5
5
5
5
5
5
5
5
5
5
5
5
5
5
5
5
5
5
5
5
5
5
5
5
5
5
5
5
5
5
5
5
5
5
5
5
5
5
5
5
5
5
5
5
5
5
5
5
5
5
5
5
5
5
5
5
5
5
5
5
5
5
5
5
5
5
5
5
5
5
5
5
5
5
5
5
5
5
5
5
5
5
5
5
5
5
5
5
5
5
5
5
5
5
5
5
5
5
5
5
5
5
5
5
5
5
5
5
5
5
5
5
5
5
5
5
5
5
5
5
5
5
5
5
5
5
5
5
5
5
5
5
5
5
5
5
5
5
5
5
5
5
5
5
5
5
5
5
5
5
5
5
5
5
5
5
5
5
5
5
5
5
5
5
5
5
5
5
5
5
5
5
5
5
5
5
5
5
5
5
5
5
5
5
5
5
5
5
5
5
5
5
5
5
5
5
5
5
5
5
5
5
5
5
5
5
5
5
5
5
5
5
5
5
5
5
5
5
5
5
5
5
5
5
5
5
5
5
5
5
5
5
5
5
5
5
5
5
5
5
5
5
5
5
5
5
5
5
5
5
5
5
5
5
5
5
5
5
5
5
5
5
5
5
5
5
5
5
5
5
5
5
5
5
5
5
5
5
5
5
5
5
5
5
5
5
5
5
5
5
5
5
5
5
5
5
5
5
5
5
5
5
5
5
5
5
5
5
5
5
5
5
5
5
5
5
5
5
5
5
5
5
5
5
5
5
5
5
5
5
5
5
5
5
5
5
5
5
5
5
5
5
5
5
5
5
5
5
5
5
5
5
5
5
5
5
5
5
5
5
5
5
5
5
5
5
5
5
5
5
5
5
5
5
5
5
5
5
5
5
5
5
5
5
5
5
5
5
5
5
5
5
5
5
5
5
5
5
5
5
5
5
5
5
5
5
5
5
5
5
5
5
5
5
5
5
5
5
5
5
5
5
5
5
5
5
5
5
5
5
5
5
5
5
5
5
5
5
5
5
5
5
5
5
5
5
5
5
5
5
5
5
5
5
5
5
5
5
5
5
5
5
5
5
5
5
5
5
5
5
5
5
5
5
5
5
5
5
5
5
5
5
5
5
5
5
5
5
5
5
5
5
5
5
5
5
5
5
5
5
5
5
5
5
5
5
5
5
5
5
5
5
5
5
5
5
5
5
5
5
5
5
5
5
5
5
5
5
5
5
5
5
5
5
5
5
5
5
5
5
5
5
5
5
5
5
5
5
5
5
5
5
5
5
5
5
5
5
5
5
5
5
5
5
5
5
5
5
5
5
5
5
5
5
5
5
5
5
5
5
5
5
5
5
5
5
5
5
5
5
5
5
5
5
5
5
5
5
5
5
5
5
5
5
5
5
5
5
5
5
5
5
5
5
5
5
5
5
5
5
5
5
5
5
5
5
5
5
5
5
5
5
5
5
5
5
5
5
5
5
5
5
5
5
5
5
5
5
5
5
5
5
5
5
5
5
5
5
5
5
5
5
5
5
5
5
5
5
5
5
5
5
5
5
5
5
5
5
5
5
5
5
5
5
5
5
5
5
5
5
5
5
5
5
5
5
5
5
5
5
5
5
5
5
5
5
5
5
5
5
5
5
5
5
5
5
5
5
5
5
5
5
5
5
5
5
5
5
5
5
5
5
5
5
5
5
5
5
5
5
5
5
5
5
5
5
5
5
5
5
5
5
5
5
5
5
5
5
5
5
5
5
5
5
5
5
5
5
5
5
5
5
5
5
5
5
5
5
5
5
5
5
5
5
5
5
5
5
5
5
5
5
5
5
5
5
5
5
5
5
5
5
5
5
5
5
5
5
5
5
5
5
5
5
5
5
5
5
5
5
5
5
5
5
5
5
5
5
5
5
5
5
5
5
5
5
5
5
5
5
5
5
5
5
5
5
5
5
5
5
5
5
5
5
5
5
5
5
5
5
5
5
5
5
5
5
5
5
5
5
5
5
5
5
5
5
5
5
5
5
5
5
5
5
5
5
5
5
5
5
5
5
5
5
5
5
5
5
5
5
5
5
5
5
5
5
5
5
5
5
5
5
5
5
5
5
5
5
5
5
5
5
5
5
5
5
5
5
5
5
5
5
5
5
5
5
5
5
5
5
5
5
5
5
5
5
5
5
5
5
5
5
5
5
5
5
5
5
5
5
5
5
5
5
5
5
5
5
5
5
5
5
5
5
5
5
5
5
5
5
5
5
5
5
5
5
5
5
5
5
5
5
5
5
5
5
5
5
5
5
5
5
5
5
5
5
5
5
5
5
5
5
5
5
5
5
5
5
5
5
5
5
5
5
5
5
5
5
5
5
5
5
5
5
5
5
5
5
5
5
5
5
5
5
5
5
5
5
5
5
5
5
5
5
5
5
5
5
5
5
5
5
5
5
5
5
5
5
5
5
5
5
5
5
5
5
5
5
5
5
5
5
5
5
5
5
5
5
5
5
5
5
5
5
5
5
5
5
5
5
5
5
5
5
5
5
5
5
5
5
5
5
5
5
5
5
5
5
5
5
5
5
5
5
5
5
5
5
5
5
5
5
5
5
5
5
5
5
5
5
5
5
5
5
5
5
5
5
5
5
5
5
5
5
5
5
5
5
5
5
5
5
5
5
5
5
5
5
5
5
5
5
5
5
5
5
5
5
5
5
5
5
5
5
5
5
5
5
5
5
5
5
5
5
5
5
5
5
5
5
5
5
5
5
5
5
5
5
5
5
5
5
5
5
5
5
5
5
5
5
5
5
5
5
5
5
5
5
5
5
5
5
5
5
5
5
5
5
5
5
5
5
5
5
5
5
5
5
5
5
5
5
5
5
5
5
5
5
5
5
5
5
5
5
5
5
5
5
5
5
5
5
5
5
5
5
5
5
5
5
5
5
5
5
5
5
5
5
5
5
5
5
5
5
5
5
5
5
5
5
5
5
5
5
5
5
5
5
5
5
5
5
5
5
5
5
5
5
5
5
5
5
5
5
5
5
5
5
5
5
5
5
5
5
5
5
5
5
5
5
5
5
5
5
5
5
5
5
5
5
5
5
5
5
5
5
5
5
5
5
5
5
5
5
5
5
5
5
5
5
5
5
5
5
5
5
5
5
5
5
5
5
5
5
5
5
5
5
5
5
5
5
5
5
5
5
5
5
5
5
5
5
5
5
5
5
5
5
5
5
5
5
5
5
5
5
5
5
5
5
5
5
5
5
5
5
5
5
5
5
5
5
5
5
5
5
5
5
5
5
5
5
5
5
5
5
5
5
5
5
5
5
5
5
5
5
5
5
5
5
5
5
5
5
5
5
5
5
5
5
5
5
5
5
5
5
5
5
5
5
5
5
5
5
5
5
5
5
5
5
5
5
5
5
5
5
5
5
5
5
5
5
5
5
5
5
5
5
5
5
5
5
5
5
5
5
5
5
5
5
5
5
5
5
5
5
5
5
5
5
5
5
5
5
5
5
5
5
5
5
5
5
5
5
5
5
5
5
5
5
5
5
5
5
5
5
5
5
5
5
5
5
5
5
5
5
5
5
5
5
5
5
5
5
5
5
5
5
5
5
5
5
5
5
5
5
5
5
5
5
5
5
5
5
5
5
5
5
5
5
5
5
5
5
5
5
5
5
5
5
5
5
5
5
5
5
5
5
5
5
5
5
5
5
5
5
5
5
5
5
5
5
5
5
5
5
5
5
5
5
5
5
5
5
5
5
5
5
5
5
5
5
5
5
5
5
5
5
5
5
5
5
5
5
5
5
5
5
5
5
5
5
5
5
5
5
5
5
5
5
5
5
5
5
5
5
5
5
5
5
5
5
5
5
5
5
5
5
5
5
5
5
5
5
5
5
5
5
5
5
5
5
5
5
5
5
5
5
5
5
5
5
5
5
5
5
5
5
5
5
5
5
5
5
5
5
5
5
5
5
5
5
5
5
5
5
5
5
5
5
5
5
5
5
5
5
5
5
5
5
5
5
5
5
5
5
5
5
5
5
5
5
5
5
5
5
5
5
5
5
5
5
5
5
5
5
5
5
5
5
5
5
5
5
5
5
5
5
5
5
5
5
5
5
5
5
5
5
5
5
5
5
5
5
5
5
5
5
5
5
5
5
5
5
5
5
5
5
5
5
5
5
5
5
5
5
5
5
5
5
5
5
5
5
5
5
5
5
5
5
5
5
5
5
5
5
5
5
5
5
5
5
5
5
5
5
5
5
5
5
5
5
5
5
5
5
5
5
5
5
5
5
5
5
5
5
5
5
5
5
5
5
5
5
5
5
5
5
5
5
5
5
5
5
5
5
5
5
5
5
5
5
5
5
5
5
5
5
5
5
5
5
5
5
5
5
5
5
5
5
5
5
5
5
5
5
5
5
5
5
5
5
5
5
5
5
5
5
5
5
5
5
5
5
5
5
5
5
5
5
5
5
5
5
5
5
5
5
5
5
5
5
5
5
5
5
5
5
5
5
5
5
5
5
5
5
5
5
5
5
5
5
5
5
5
5
5
5
5
5
5
5
5
5
5
5
5
5
5
5
5
5
5
5
5
5
5
5
5
5
5
5
5
5
5
5
5
5
5
5
5
5
5
5
5
5
5
5
5
5
5
5
5
5
5
5
5
5
5
5
5
5
5
5
5
5
5
5
5
5
5
5
5
5
5
5
5
5
5
5
5
5
5
5
5
5
5
5
5
5
5
5
5
5
5
5
5
5
5
5
5
5
5
5
5
5
5
5
5
5
5
5
5
5
5
5
5
5
5
5
5
5
5
5
5
5
5
5
5
5
5
5
5
5
5
5
5
5
5
5
5
5
5
5
5
5
5
5
5
5
5
5
5
5
5
5
5
5
5
5
5
5
5
5
5
5
5
5
5
5
5
5
5
5
5
5
5
5
5
5
5
5
5
5
5
5
5
5
5
5
5
5
5
5
5
5
5
5
5
5
5
5
5
5
5
5
5
5
5
5
5
5
5
5
5
5
5
5
5
5
5
5
5
5
5
5
5
5
5
5
5
5
5
5
5
5
5
5
5
5
5
5
5
5
5
5
5
5
5
5
5
5
5
5
5
5
5
5
5
5
5
5
5
5
5
5
5
5
5
5
5
5
5
5
5
5
5
5
5
5
5
5
5
5
5
5
5
5
5
5
5
5
5
5
5
5
5
5
5
5
5
5
5
5
5
5
5
5
5
5
5
5
5
5
5
5
5
5
5
5
5
5
5
5
5
5
5
5
5
5
5
5
5
5
5
5
5
5
5
5
5
5
5
5
5
5
5
5
5
5
5
5
5
5
5
5
5
5
5
5
5
5
5
5
5
5
5
5
5
5
5
5
5
5
5
5
5
5
5
5
5
5
5
5
5
5
5
5
5
5
5
5
5
5
5
5
5
5
5
5
5
5
5
5
5
5
5
5
5
5
5
5
5
5
5
5
5
5
5
5
5
5
5
5
5
5
5
5
5
5
5
5
5
5
5
5
5
5
5
5
5
5
5
5
5
5
5
5
5
5
5
5
5
5
5
5
5
5
5
5
5
5
5
5
5
5
5
5
5
5
5
5
5
5
5
5
5
5
5
5
5
5
5
5
5
5
5
5
5
5
5
5
5
5
5
5
5
5
5
5
5
5
5
5
5
5
5
5
5
5
5
5
5
5
5
5
5
5
5
5
5
5
5
5
5
5
5
5
5
5
5
5
5
5
5
5
5
5
5
5
5
5
5
5
5
5
5
5
5
5
5
5
5
5
5
5
5
5
5
5
5
5
5
5
5
5
5
5
5
5
5
5
5
5
5
5
5
5
5
5
5
5
5
5
5
5
5
5
5
5
5
5
5
5
5
5
5
5
5
5
5
5
5
5
5
5
5
5
5
5
5
5
5
5
5
5
5
5
5
5
5
5
5
5
5
5
5
5
5
5
5
5
5
5
5
5
5
5
5
5
5
5
5
5
5
5
5
5
5
5
5
5
5
5
5
5
5
5
5
5
5
5
5
5
5
5
5
5
5
5
5
5
5
5
5
5
5
5
5
5
5
5
5
5
5
5
5
5
5
5
5
5
5
5
5
5
5
5
5
5
5
5
5
5
5
5
5
5
5
5
5
5
5
5
5
5
5
5
5
5
5
5
5
5
5
5
5
5
5
5
5
5
5
5
5
5
5
5
5
5
5
5
5
5
5
5
5
5
5
5
5
5
5
5
5
5
5
5
5
5
5
5
5
5
5
5
5
5
5
5
5
5
5
5
5
5
5
5
5
5
5
5
5
5
5
5
5
5
5
5
5
5
5
5
5
5
5
5
5
5
5
5
5
5
5
5
5
5
5
5
5
5
5
5
5
5
5
5
5
5
5
5
5
5
5
5
5
5
5
5
5
5
5
5
5
5
5
5
5
5
5
5
5
5
5
5
5
5
5
5
5
5
5
5
5
5
5
5
5
5
5
5
5
5
5
5
5
5
5
5
5
5
5
5
5
5
5
5
5
5
5
5
5
5
5
5
5
5
5
5
5
5
5
5
5
5
5
5
5
5
5
5
5
5
5
5
5
5
5
5
5
5
5
5
5
5
5
5
5
5
5
5
5
5
5
5
5
5
5
5
5
5
5
5
5
5
5
5
5
5
5
5
5
5
5
5
5
5
5
5
5
5
5
5
5
5
5
5
5
5
5
5
5
5
5
5
5
5
5
5
5
5
5
5
5
5
5
5
5
5
5
5
5
5
5
5
5
5
5
5
5
5
5
5
5
5
5
5
5
5
5
5
5
5
5
5
5
5
5
5
5
5
5
5
5
5
5
5
5
5
5
5
5
5
5
5
5
5
5
5
5
5
5
5
5
5
5
5
5
5
5
5
5
5
5
5
5
5
5
5
5
5
5
5
5
5
5
5
5
5
5
5
5
5
5
5
5
5
5
5
5
5
5
5
5
5
5
5
5
5
5
5
5
5
5
5
5
5
5
5
5
5
5
5
5
5
5
5
5
5
5
5
5
5
5
5
5
5
5
5
5
5
5
5
5
5
5
5
5
5
5
5
5
5
5
5
5
5
5
5
5
5
5
5
5
5
5
5
5
5
5
5
5
5
5
5
5
5
5
5
5
5
5
5
5
5
5
5
5
5
5
5
5
5
5
5
5
5
5
5
5
5
5
5
5
5
5
5
5
5
5
5
5
5
5
5
5
5
5
5
5
5
5
5
5
5
5
5
5
5
5
5
5
5
5
5
5
5
5
5
5
5
5
5
5
5
5
5
5
5
5
5
5
5
5
5
5
5
5
5
5
5
5
5
5
5
5
5
5
5
5
5
5
5
5
5
5
5
5
5
5
5
5
5
5
5
5
5
5
5
5
5
5
5
5
5
5
5
5
5
5
5
5
5
5
5
5
5
5
5
5
5
5
5
5
5
5
5
5
5
5
5
5
5
5
5
5
5
5
5
5
5
5
5
5
5
5
5
5
5
5
5
5
5
5
5
5
5
5
5
5
5
5
5
5
5
5
5
5
5
5
5
5
5
5
5
5
5
5
5
5
5
5
5
5
5
5
5
5
5
5
5
5
5
5
5
5
5
5
5
5
5
5
5
5
5
5
5
5
5
5
5
5
5
5
5
5
5
5
5
5
5
5
5
5
5
5
5
5
5
5
5
5
5
5
5
5
5
5
5
5
5
5
5
5
5
5
5
5
5
5
5
5
5
5
5
5
5
5
5
5
5
5
5
5
5
5
5
5
5
5
5
5
5
5
5
5
5
5
5
5
5
5
5
5
5
5
5
5
5
5
5
5
5
5
5
5
5
5
5
5
5
5
5
5
5
5
5
5
5
5
5
5
5
5
5
5
5
5
5
5
5
5
5
5
5
5
5
5
5
5
5
5
5
5
5
5
5
5
5
5
5
5
5
5
5
5
5
5
5
5
5
5
5
5
5
5
5
5
5
5
5
5
5
5
5
5
5
5
5
5
5
5
5
5
5
5
5
5
5
5
5
5
5
5
5
5
5
5
5
5
5
5
5
5
5
5
5
5
5
5
5
5
5
5
5
5
5
5
5
5
5
5
5
5
5
5
5
5
5
5
5
5
5
5
5
5
5
5
5
5
5
5
5
5
5
5
5
5
5
5
5
5
5
5
5
5
5
5
5
5
5
5
5
5
5
5
5
5
5
5
5
5
5
5
5
5
5
5
5
5
5
5
5
5
5
5
5
5
5
5
5
5
5
5
5
5
5
5
5
5
5
5
5
5
5
5
5
5
5
5
5
5
5
5
5
5
5
5
5
5
5
5
5
5
5
5
5
5
5
5
5
5
5
5
5
5
5
5
5
5
5
5
5
5
5
5
5
5
5
5
5
5
5
5
5
5
5
5
5
5
5
5
5
5
5
5
5
5
5
5
5
5
5
5
5
5
5
5
5
5
5
5
5
5
5
5
5
5
5
5
5
5
5
5
5
5
5
5
5
5
5
5
5
5
5
5
5
5
5
5
5
5
5
5
5
5
5
5
5
5
5
5
5
5
5
5
5
5
5
5
5
5
5
5
5
5
5
5
5
5
5
5
5
5
5
5
5
5
5
5
5
5
5
5
5
5
5
5
5
5
5
5
5
5
5
5
5
5
5
5
5
5
5
5
5
5
5
5
5
5
5
5
5
5
5
5
5
5
5
5
5
5
5
5
5
5
5
5
5
5
5
5
5
5
5
5
5
5
5
5
5
5
5
5
5
5
5
5
5
5
5
5
5
5
5
5
5
5
5
5
5
5
5
5
5
5
5
5
5
5
5
5
5
5
5
5
5
5
5
5
5
5
5
5
5
5
5
5
5
5
5
5
5
5
5
5
5
5
5
5
5
5
5
5
5
5
5
5
5
5
5
5
5
5
5
5
5
5
5
5
5
5
5
5
5
5
5
5
5
5
5
5
5
5
5
5
5
5
5
5
5
5
5
5
5
5
5
5
5
5
5
5
5
5
5
5
5
5
5
5
5
5
5
5
5
5
5
5
5
5
5
5
5
5
5
5
5
5
5
5
5
5
5
5
5
5
5
5
5
5
5
5
5
5
5
5
5
5
5
5
5
5
5
5
5
5
5
5
5
5
5
5
5
5
5
5
5
5
5
5
5
5
5
5
5
5
5
5
5
5
5
5
5
5
5
5
5
5
5
5
5
5
5
5
5
5
5
5
5
5
5
5
5
5
5
5
5
5
5
5
5
5
5
5
5
5
5
5
5
5
5
5
5
5
5
5
5
5
5
5
5
5
5
5
5
5
5
5
5
5
5
5
5
5
5
5
5
5
5
5
5
5
5
5
5
5
5
5
5
5
5
5
5
5
5
5
5
5
5
5
5
5
5
5
5
5
5
5
5
5
5
5
5
5
5
5
5
5
5
5
5
5
5
5
5
5
5
5
5
5
5
5
5
5
5
5
5
5
5
5
5
5
5
5
5
5
5
5
5
5
5
5
5
5
5
5
5
5
5
5
5
5
5
5
5
5
5
5
5
5
5
5
5
5
5
5
5
5
5
5
5
5
5
5
5
5
5
5
5
5
5
5
5
5
5
5
5
5
5
5
5
5
5
5
5
5
5
5
5
5
5
5
5
5
5
5
5
5
5
5
5
5
5
5
5
5
5
5
5
5
5
5
5
5
5
5
5
5
5
5
5
5
5
5
5
5
5
5
5
5
5
5
5
5
5
5
5
5
5
5
5
5
5
5
5
5
5
5
5
5
5
5
5
5
5
5
5
5
5
5
5
5
5
5
5
5
5
5
5
5
5
5
5
5
5
5
5
5
5
5
5
5
5
5
5
5
5
5
5
5
5
5
5
5
5
5
5
5
5
5
5
5
5
5
5
5
5
5
5
5
5
5
5
5
5
5
5
5
5
5
5
5
5
5
5
5
5
5
5
5
5
5
5
5
5
5
5
5
5
5
5
5
5
5
5
5
5
5
5
5
5
5
5
5
5
5
5
5
5
5
5
5
5
5
5
5
5
5
5
5
5
5
5
5
5
5
5
5
5
5
5
5
5
5
5
5
5
5
5
5
5
5
5
5
5
5
5
5
5
5
5
5
5
5
5
5
5
5
5
5
5
5
5
5
5
5
5
5
5
5
5
5
5
5
5
5
5
5
5
5
5
5
5
5
5
5
5
5
5
5
5
5
5
5
5
5
5
5
5
5
5
5
5
5
5
5
5
5
5
5
5
5
5
5
5
5
5
5
5
5
5
5
5
5
5
5
5
5
5
5
5
5
5
5
5
5
5
5
5
5
5
5
5
5
5
5
5
5
5
5
5
5
5
5
5
5
5
5
5
5
5
5
5
5
5
5
5
5
5
5
5
5
5
5
5
5
5
5
5
5
5
5
5
5
5
5
5
5
5
5
5
5
5
5
5
5
5
5
5
5
5
5
5
5
5
5
5
5
5
5
5
5
5
5
5
5
5
5
5
5
5
5
5
5
5
5
5
5
5
5
5
5
5
5
5
5
5
5
5
5
5
5
5
5
5
5
5
5
5
5
5
5
5
5
5
5
5
5
5
5
5
5
5
5
5
5
5
5
5
5
5
5
5
5
5
5
5
5
5
5
5
5
5
5
5
5
5
5
5
5
5
5
5
5
5
5
5
5
5
5
5
5
5
5
5
5
5
5
5
5
5
5
5
5
5
5
5
5
5
5
5
5
5
5
5
5
5
5
5
5
5
5
5
5
5
5
5
5
5
5
5
5
5
5
5
5
5
5
5
5
5
5
5
5
5
5
5
5
5
5
5
5
5
5
5
5
5
5
5
5
5
5
5
5
5
5
5
5
5
5
5
5
5
5
5
5
5
5
5
5
5
5
5
5
5
5
5
5
5
5
5
5
5
5
5
5
5
5
5
5
5
5
5
5
5
5
5
5
5
5
5
5
5
5
5
5
5
5
5
5
5
5
5
5
5
5
5
5
5
5
5
5
5
5
5
5
5
5
5
5
5
5
5
5
5
5
5
5
5
5
5
5
5
5
5
5
5
5
5
5
5
5
5
5
5
5
5
5
5
5
5
5
5
5
5
5
5
5
5
5
5
5
5
5
5
5
5
5
5
5
5
5
5
5
5
5
5
5
5
5
5
5
5
5
5
5
5
5
5
5
5
5
5
5
5
5
5
5
5
5
5
5
5
5
5
5
5
5
5
5
5
5
5
5
5
5
5
5
5
5
5
5
5
5
5
5
5
5
5
5
5
5
5
5
5
5
5
5
5
5
5
5
5
5
5
5
5
5
5
5
5
5
5
5
5
5
5
5
5
5
5
5
5
5
5
5
5
5
5
5
5
5
5
5
5
5
5
5
5
5
5
5
5
5
5
5
5
5
5
5
5
5
5
5
5
5
5
5
5
5
5
5
5
5
5
5
5
5
5
5
5
5
5
5
5
5
5
5
5
5
5
5
5
5
5
5
5
5
5
5
5
5
5
5
5
5
5
5
5
5
5
5
5
5
5
5
5
5
5
5
5
5
5
5
5
5
5
5
5
5
5
5
5
5
5
5
5
5
5
5
5
5
5
5
5
5
5
5
5
5
5
5
5
5
5
5
5
5
5
5
5
5
5
5
5
5
5
5
5
5
5
5
5
5
5
5
5
5
5
5
5
5
5
5
5
5
5
5
5
5
5
5
5
5
5
5
5
5
5
5
5
5
5
5
5
5
5
5
5
5
5
5
5
5
5
5
5
5
5
5
5
5
5
5
5
5
5
5
5
5
5
5
5
5
5
5
5
5
5
5
5
5
5
5
5
5
5
5
5
5
5
5
5
5
5
5
5
5
5
5
5
5
5
5
5
5
5
5
5
5
5
5
5
5
5
5
5
5
5
5
5
5
5
5
5
5
5
5
5
5
5
5
5
5
5
5
5
5
5
5
5
5
5
5
5
5
5
5
5
5
5
5
5
5
5
5
5
5
5
5
5
5
5
5
5
5
5
5
5
5
5
5
5
5
5
5
5
5
5
5
5
5
5
5
5
5
5
5
5
5
5
5
5
5
5
5
5
5
5
5
5
5
5
5
5
5
5
5
5
5
5
5
5
5
5
5
5
5
5
5
5
5
5
5
5
5
5
5
5
5
5
5
5
5
5
5
5
5
5
5
5
5
5
5
5
5
5
5
5
5
5
5
5
5
5
5
5
5
5
5
5
5
5
5
5
5
5
5
5
5
5
5
5
5
5
5
5
5
5
5
5
5
5
5
5
5
5
5
5
5
5
5
5
5
5
5
5
5
5
5
5
5
5
5
5
5
5
5
5
5
5
5
5
5
5
5
5
5
5
5
5
5
5
5
5
5
5
5
5
5
5
5
5
5
5
5
5
5
5
5
5
5
5
5
5
5
5
5
5
5
5
5
5
5
5
5
5
5
5
5
5
5
5
5
5
5
5
5
5
5
5
5
5
5
5
5
5
5
5
5
5
5
5
5
5
5
5
5
5
5
5
5
5
5
5
5
5
5
5
5
5
5
5
5
5
5
5
5
5
5
5
5
5
5
5
5
5
5
5
5
5
5
5
5
5
5
5
5
5
5
5
5
5
5
5
5
5
5
5
5
5
5
5
5
5
5
5
5
5
5
5
5
5
5
5
5
5
5
5
5
5
5
5
5
5
5
5
5
5
5
5
5
5
5
5
5
5
5
5
5
5
5
5
5
5
5
5
5
5
5
5
5
5
5
5
5
5
5
5
5
5
5
5
5
5
5
5
5
5
5
5
5
5
5
5
5
5
5
5
5
5
5
5
5
5
5
5
5
5
5
5
5
5
5
5
5
5
5
5
5
5
5
5
5
5
5
5
5
5
5
5
5
5
5
5
5
5
5
5
5
5
5
5
5
5
5
5
5
5
5
5
5
5
5
5
5
5
5
5
5
5
5
5
5
5
5
5
5
5
5
5
5
5
5
5
5
5
5
5
5
5
5
5
5
5
5
5
5
5
5
5
5
5
5
5
5
5
5
5
5
5
5
5
5
5
5
5
5
5
5
5
5
5
5
5
5
5
5
5
5
5
5
5
5
5
5
5
5
5
5
5
5
5
5
5
5
5
5
5
5
5
5
5
5
5
5
5
5
5
5
5
5
5
5
5
5
5
5
5
5
5
5
5
5
5
5
5
5
5
5
5
5
5
5
5
5
5
5
5
5
5
5
5
5
5
5
5
5
5
5
5
5
5
5
5
5
5
5
5
5
5
5
5
5
5
5
5
5
5
5
5
5
5
5
5
5
5
5
5
5
5
5
5
5
5
5
5
5
5
5
5
5
5
5
5
5
5
5
5
5
5
5
5
5
5
5
5
5
5
5
5
5
5
5
5
5
5
5
5
5
5
5
5
5
5
5
5
5
5
5
5
5
5
5
5
5
5
5
5
5
5
5
5
5
5
5
5
5
5
5
5
5
5
5
5
5
5
5
5
5
5
5
5
5
5
5
5
5
5
5
5
5
5
5
5
5
5
5
5
5
5
5
5
5
5
5
5
5
5
5
5
5
5
5
5
5
5
5
5
5
5
5
5
5
5
5
5
5
5
5
5
5
5
5
5
5
5
5
5
5
5
5
5
5
5
5
5
5
5
5
5
5
5
5
5
5
5
5
5
5
5
5
5
5
5
5
5
5
5
5
5
5
5
5
5
5
5
5
5
5
5
5
5
5
5
5
5
5
5
5
5
5
5
5
5
5
5
5
5
5
5
5
5
5
5
5
5
5
5
5
5
5
5
5
5
5
5
5
5
5
5
5
5
5
5
5
5
5
5
5
5
5
5
5
5
5
5
5
5
5
5
5
5
5
5
5
5
5
5
5
5
5
5
5
5
5
5
5
5
5
5
5
5
5
5
5
5
5
5
5
5
5
5
5
5
5
5
5
5
5
5
5
5
5
5
5
5
5
5
5
5
5
5
5
5
5
5
5
5
5
5
5
5
5
5
5
5
5
5
5
5
5
5
5
5
5
5
5
5
5
5
5
5
5
5
5
5
5
5
5
5
5
5
5
5
5
5
5
5
5
5
5
5
5
5
5
5
5
5
5
5
5
5
5
5
5
5
5
5
5
5
5
5
5
5
5
5
5
5
5
5
5
5
5
5
5
5
5
5
5
5
5
5
5
5
5
5
5
5
5
5
5
5
5
5
5
5
5
5
5
5
5
5
5
5
5
5
5
5
5
5
5
5
5
5
5
5
5
5
5
5
5
5
5
5
5
5
5
5
5
5
5
5
5
5
5
5
5
5
5
5
5
5
5
5
5
5
5
5
5
5
5
5
5
5
5
5
5
5
5
5
5
5
5
5
5
5
5
5
5
5
5
5
5
5
5
5
5
5
5
5
5
5
5
5
5
5
5
5
5
5
5
5
5
5
5
5
5
5
5
5
5
5
5
5
5
5
5
5
5
5
5
5
5
5
5
5
5
5
5
5
5
5
5
5
5
5
5
5
5
5
5
5
5
5
5
5
5
5
5
5
5
5
5
5
5
5
5
5
5
5
5
5
5
5
5
5
5
5
5
5
5
5
5
5
5
5
5
5
5
5
5
5
5
5
5
5
5
5
5
5
5
5
5
5
5
5
5
5
5
5
5
5
5
5
5
5
5
5
5
5
5
5
5
5
5
5
5
5
5
5
5
5
5
5
5
5
5
5
5
5
5
5
5
5
5
5
5
5
5
5
5
5
5
5
5
5
5
5
5
5
5
5
5
5
5
5
5
5
5
5
5
5
5
5
5
5
5
5
5
5
5
5
5
5
5
5
5
5
5
5
5
5
5
5
5
5
5
5
5
5
5
5
5
5
5
5
5
5
5
5
5
5
5
5
5
5
5
5
5
5
5
5
5
5
5
5
5
5
5
5
5
5
5
5
5
5
5
5
5
5
5
5
5
5
5
5
5
5
5
5
5
5
5
5
5
5
5
5
5
5
5
5
5
5
5
5
5
5
5
5
5
5
5
5
