# vtk DataFile Version 2.0
2D Structured Grid in vtk Format
ASCII
DATASET UNSTRUCTURED_GRID
POINTS         3025 double
0.00E+00 0.00E+00 0
5.00E-02 0.00E+00 0
1.00E-01 0.00E+00 0
1.50E-01 0.00E+00 0
2.00E-01 0.00E+00 0
2.50E-01 0.00E+00 0
3.00E-01 0.00E+00 0
3.50E-01 0.00E+00 0
4.00E-01 0.00E+00 0
4.50E-01 0.00E+00 0
5.00E-01 0.00E+00 0
5.50E-01 0.00E+00 0
6.00E-01 0.00E+00 0
6.50E-01 0.00E+00 0
7.00E-01 0.00E+00 0
7.50E-01 0.00E+00 0
8.00E-01 0.00E+00 0
8.50E-01 0.00E+00 0
9.00E-01 0.00E+00 0
9.50E-01 0.00E+00 0
1.00E+00 0.00E+00 0
1.05E+00 0.00E+00 0
1.10E+00 0.00E+00 0
1.15E+00 0.00E+00 0
1.20E+00 0.00E+00 0
1.25E+00 0.00E+00 0
1.30E+00 0.00E+00 0
1.35E+00 0.00E+00 0
1.40E+00 0.00E+00 0
1.45E+00 0.00E+00 0
1.50E+00 0.00E+00 0
1.55E+00 0.00E+00 0
1.60E+00 0.00E+00 0
1.65E+00 0.00E+00 0
1.70E+00 0.00E+00 0
1.75E+00 0.00E+00 0
1.80E+00 0.00E+00 0
1.85E+00 0.00E+00 0
1.90E+00 0.00E+00 0
1.95E+00 0.00E+00 0
2.00E+00 0.00E+00 0
2.05E+00 0.00E+00 0
2.10E+00 0.00E+00 0
2.15E+00 0.00E+00 0
2.20E+00 0.00E+00 0
2.25E+00 0.00E+00 0
2.30E+00 0.00E+00 0
2.35E+00 0.00E+00 0
2.40E+00 0.00E+00 0
2.45E+00 0.00E+00 0
2.50E+00 0.00E+00 0
2.55E+00 0.00E+00 0
2.60E+00 0.00E+00 0
2.65E+00 0.00E+00 0
2.70E+00 0.00E+00 0
2.75E+00 0.00E+00 0
2.80E+00 0.00E+00 0
2.85E+00 0.00E+00 0
2.90E+00 0.00E+00 0
2.95E+00 0.00E+00 0
3.00E+00 0.00E+00 0
3.05E+00 0.00E+00 0
3.10E+00 0.00E+00 0
3.15E+00 0.00E+00 0
3.20E+00 0.00E+00 0
3.25E+00 0.00E+00 0
3.30E+00 0.00E+00 0
3.35E+00 0.00E+00 0
3.40E+00 0.00E+00 0
3.45E+00 0.00E+00 0
3.50E+00 0.00E+00 0
3.55E+00 0.00E+00 0
3.60E+00 0.00E+00 0
3.65E+00 0.00E+00 0
3.70E+00 0.00E+00 0
3.75E+00 0.00E+00 0
3.80E+00 0.00E+00 0
3.85E+00 0.00E+00 0
3.90E+00 0.00E+00 0
3.95E+00 0.00E+00 0
4.00E+00 0.00E+00 0
4.05E+00 0.00E+00 0
4.10E+00 0.00E+00 0
4.15E+00 0.00E+00 0
4.20E+00 0.00E+00 0
4.25E+00 0.00E+00 0
4.30E+00 0.00E+00 0
4.35E+00 0.00E+00 0
4.40E+00 0.00E+00 0
4.45E+00 0.00E+00 0
4.50E+00 0.00E+00 0
4.55E+00 0.00E+00 0
4.60E+00 0.00E+00 0
4.65E+00 0.00E+00 0
4.70E+00 0.00E+00 0
4.75E+00 0.00E+00 0
4.80E+00 0.00E+00 0
4.85E+00 0.00E+00 0
4.90E+00 0.00E+00 0
4.95E+00 0.00E+00 0
5.00E+00 0.00E+00 0
5.05E+00 0.00E+00 0
5.10E+00 0.00E+00 0
5.15E+00 0.00E+00 0
5.20E+00 0.00E+00 0
5.25E+00 0.00E+00 0
5.30E+00 0.00E+00 0
5.35E+00 0.00E+00 0
5.40E+00 0.00E+00 0
5.45E+00 0.00E+00 0
5.50E+00 0.00E+00 0
5.55E+00 0.00E+00 0
5.60E+00 0.00E+00 0
5.65E+00 0.00E+00 0
5.70E+00 0.00E+00 0
5.75E+00 0.00E+00 0
5.80E+00 0.00E+00 0
5.85E+00 0.00E+00 0
5.90E+00 0.00E+00 0
5.95E+00 0.00E+00 0
6.00E+00 0.00E+00 0
0.00E+00 0.00E+00 0.008
5.00E-02 0.00E+00 0.0087
1.00E-01 0.00E+00 0.0094
1.50E-01 0.00E+00 0.0101
2.00E-01 0.00E+00 0.0108
2.50E-01 0.00E+00 0.0115
3.00E-01 0.00E+00 0.0122
3.50E-01 0.00E+00 0.0129
4.00E-01 0.00E+00 0.0136
4.50E-01 0.00E+00 0.0143
5.00E-01 0.00E+00 0.015
5.50E-01 0.00E+00 0.0157
6.00E-01 0.00E+00 0.0164
6.50E-01 0.00E+00 0.0171
7.00E-01 0.00E+00 0.0178
7.50E-01 0.00E+00 0.0185
8.00E-01 0.00E+00 0.0192
8.50E-01 0.00E+00 0.0199
9.00E-01 0.00E+00 0.0206
9.50E-01 0.00E+00 0.0213
1.00E+00 0.00E+00 0.022
1.05E+00 0.00E+00 0.0227
1.10E+00 0.00E+00 0.0234
1.15E+00 0.00E+00 0.0241
1.20E+00 0.00E+00 0.0248
1.25E+00 0.00E+00 0.0255
1.30E+00 0.00E+00 0.0262
1.35E+00 0.00E+00 0.0269
1.40E+00 0.00E+00 0.0276
1.45E+00 0.00E+00 0.0283
1.50E+00 0.00E+00 0.029
1.55E+00 0.00E+00 0.0297
1.60E+00 0.00E+00 0.0304
1.65E+00 0.00E+00 0.0311
1.70E+00 0.00E+00 0.0318
1.75E+00 0.00E+00 0.0325
1.80E+00 0.00E+00 0.0332
1.85E+00 0.00E+00 0.0339
1.90E+00 0.00E+00 0.0346
1.95E+00 0.00E+00 0.0353
2.00E+00 0.00E+00 0.036
2.05E+00 0.00E+00 0.0367
2.10E+00 0.00E+00 0.0374
2.15E+00 0.00E+00 0.0381
2.20E+00 0.00E+00 0.0388
2.25E+00 0.00E+00 0.0395
2.30E+00 0.00E+00 0.0402
2.35E+00 0.00E+00 0.0409
2.40E+00 0.00E+00 0.0416
2.45E+00 0.00E+00 0.0423
2.50E+00 0.00E+00 0.043
2.55E+00 0.00E+00 0.0437
2.60E+00 0.00E+00 0.0444
2.65E+00 0.00E+00 0.0451
2.70E+00 0.00E+00 0.0458
2.75E+00 0.00E+00 0.0465
2.80E+00 0.00E+00 0.0472
2.85E+00 0.00E+00 0.0479
2.90E+00 0.00E+00 0.0486
2.95E+00 0.00E+00 0.0493
3.00E+00 0.00E+00 0.05
3.05E+00 0.00E+00 0.05
3.10E+00 0.00E+00 0.05
3.15E+00 0.00E+00 0.05
3.20E+00 0.00E+00 0.05
3.25E+00 0.00E+00 0.05
3.30E+00 0.00E+00 0.05
3.35E+00 0.00E+00 0.05
3.40E+00 0.00E+00 0.05
3.45E+00 0.00E+00 0.05
3.50E+00 0.00E+00 0.05
3.55E+00 0.00E+00 0.05
3.60E+00 0.00E+00 0.05
3.65E+00 0.00E+00 0.05
3.70E+00 0.00E+00 0.05
3.75E+00 0.00E+00 0.05
3.80E+00 0.00E+00 0.05
3.85E+00 0.00E+00 0.05
3.90E+00 0.00E+00 0.05
3.95E+00 0.00E+00 0.05
4.00E+00 0.00E+00 0.05
4.05E+00 0.00E+00 0.05
4.10E+00 0.00E+00 0.05
4.15E+00 0.00E+00 0.05
4.20E+00 0.00E+00 0.05
4.25E+00 0.00E+00 0.05
4.30E+00 0.00E+00 0.05
4.35E+00 0.00E+00 0.05
4.40E+00 0.00E+00 0.05
4.45E+00 0.00E+00 0.05
4.50E+00 0.00E+00 0.05
4.55E+00 0.00E+00 0.05
4.60E+00 0.00E+00 0.05
4.65E+00 0.00E+00 0.05
4.70E+00 0.00E+00 0.05
4.75E+00 0.00E+00 0.05
4.80E+00 0.00E+00 0.05
4.85E+00 0.00E+00 0.05
4.90E+00 0.00E+00 0.05
4.95E+00 0.00E+00 0.05
5.00E+00 0.00E+00 0.05
5.05E+00 0.00E+00 0.05
5.10E+00 0.00E+00 0.05
5.15E+00 0.00E+00 0.05
5.20E+00 0.00E+00 0.05
5.25E+00 0.00E+00 0.05
5.30E+00 0.00E+00 0.05
5.35E+00 0.00E+00 0.05
5.40E+00 0.00E+00 0.05
5.45E+00 0.00E+00 0.05
5.50E+00 0.00E+00 0.05
5.55E+00 0.00E+00 0.05
5.60E+00 0.00E+00 0.05
5.65E+00 0.00E+00 0.05
5.70E+00 0.00E+00 0.05
5.75E+00 0.00E+00 0.05
5.80E+00 0.00E+00 0.05
5.85E+00 0.00E+00 0.05
5.90E+00 0.00E+00 0.05
5.95E+00 0.00E+00 0.05
6.00E+00 0.00E+00 0.05
0.00E+00 0.00E+00 0.016
5.00E-02 0.00E+00 0.0174
1.00E-01 0.00E+00 0.0188
1.50E-01 0.00E+00 0.0202
2.00E-01 0.00E+00 0.0216
2.50E-01 0.00E+00 0.023
3.00E-01 0.00E+00 0.0244
3.50E-01 0.00E+00 0.0258
4.00E-01 0.00E+00 0.0272
4.50E-01 0.00E+00 0.0286
5.00E-01 0.00E+00 0.03
5.50E-01 0.00E+00 0.0314
6.00E-01 0.00E+00 0.0328
6.50E-01 0.00E+00 0.0342
7.00E-01 0.00E+00 0.0356
7.50E-01 0.00E+00 0.037
8.00E-01 0.00E+00 0.0384
8.50E-01 0.00E+00 0.0398
9.00E-01 0.00E+00 0.0412
9.50E-01 0.00E+00 0.0426
1.00E+00 0.00E+00 0.044
1.05E+00 0.00E+00 0.0454
1.10E+00 0.00E+00 0.0468
1.15E+00 0.00E+00 0.0482
1.20E+00 0.00E+00 0.0496
1.25E+00 0.00E+00 0.051
1.30E+00 0.00E+00 0.0524
1.35E+00 0.00E+00 0.0538
1.40E+00 0.00E+00 0.0552
1.45E+00 0.00E+00 0.0566
1.50E+00 0.00E+00 0.058
1.55E+00 0.00E+00 0.0594
1.60E+00 0.00E+00 0.0608
1.65E+00 0.00E+00 0.0622
1.70E+00 0.00E+00 0.0636
1.75E+00 0.00E+00 0.065
1.80E+00 0.00E+00 0.0664
1.85E+00 0.00E+00 0.0678
1.90E+00 0.00E+00 0.0692
1.95E+00 0.00E+00 0.0706
2.00E+00 0.00E+00 0.072
2.05E+00 0.00E+00 0.0734
2.10E+00 0.00E+00 0.0748
2.15E+00 0.00E+00 0.0762
2.20E+00 0.00E+00 0.0776
2.25E+00 0.00E+00 0.079
2.30E+00 0.00E+00 0.0804
2.35E+00 0.00E+00 0.0818
2.40E+00 0.00E+00 0.0832
2.45E+00 0.00E+00 0.0846
2.50E+00 0.00E+00 0.086
2.55E+00 0.00E+00 0.0874
2.60E+00 0.00E+00 0.0888
2.65E+00 0.00E+00 0.0902
2.70E+00 0.00E+00 0.0916
2.75E+00 0.00E+00 0.093
2.80E+00 0.00E+00 0.0944
2.85E+00 0.00E+00 0.0958
2.90E+00 0.00E+00 0.0972
2.95E+00 0.00E+00 0.0986
3.00E+00 0.00E+00 0.1
3.05E+00 0.00E+00 0.1
3.10E+00 0.00E+00 0.1
3.15E+00 0.00E+00 0.1
3.20E+00 0.00E+00 0.1
3.25E+00 0.00E+00 0.1
3.30E+00 0.00E+00 0.1
3.35E+00 0.00E+00 0.1
3.40E+00 0.00E+00 0.1
3.45E+00 0.00E+00 0.1
3.50E+00 0.00E+00 0.1
3.55E+00 0.00E+00 0.1
3.60E+00 0.00E+00 0.1
3.65E+00 0.00E+00 0.1
3.70E+00 0.00E+00 0.1
3.75E+00 0.00E+00 0.1
3.80E+00 0.00E+00 0.1
3.85E+00 0.00E+00 0.1
3.90E+00 0.00E+00 0.1
3.95E+00 0.00E+00 0.1
4.00E+00 0.00E+00 0.1
4.05E+00 0.00E+00 0.1
4.10E+00 0.00E+00 0.1
4.15E+00 0.00E+00 0.1
4.20E+00 0.00E+00 0.1
4.25E+00 0.00E+00 0.1
4.30E+00 0.00E+00 0.1
4.35E+00 0.00E+00 0.1
4.40E+00 0.00E+00 0.1
4.45E+00 0.00E+00 0.1
4.50E+00 0.00E+00 0.1
4.55E+00 0.00E+00 0.1
4.60E+00 0.00E+00 0.1
4.65E+00 0.00E+00 0.1
4.70E+00 0.00E+00 0.1
4.75E+00 0.00E+00 0.1
4.80E+00 0.00E+00 0.1
4.85E+00 0.00E+00 0.1
4.90E+00 0.00E+00 0.1
4.95E+00 0.00E+00 0.1
5.00E+00 0.00E+00 0.1
5.05E+00 0.00E+00 0.1
5.10E+00 0.00E+00 0.1
5.15E+00 0.00E+00 0.1
5.20E+00 0.00E+00 0.1
5.25E+00 0.00E+00 0.1
5.30E+00 0.00E+00 0.1
5.35E+00 0.00E+00 0.1
5.40E+00 0.00E+00 0.1
5.45E+00 0.00E+00 0.1
5.50E+00 0.00E+00 0.1
5.55E+00 0.00E+00 0.1
5.60E+00 0.00E+00 0.1
5.65E+00 0.00E+00 0.1
5.70E+00 0.00E+00 0.1
5.75E+00 0.00E+00 0.1
5.80E+00 0.00E+00 0.1
5.85E+00 0.00E+00 0.1
5.90E+00 0.00E+00 0.1
5.95E+00 0.00E+00 0.1
6.00E+00 0.00E+00 0.1
0.00E+00 0.00E+00 0.024
5.00E-02 0.00E+00 0.0261
1.00E-01 0.00E+00 0.0282
1.50E-01 0.00E+00 0.0303
2.00E-01 0.00E+00 0.0324
2.50E-01 0.00E+00 0.0345
3.00E-01 0.00E+00 0.0366
3.50E-01 0.00E+00 0.0387
4.00E-01 0.00E+00 0.0408
4.50E-01 0.00E+00 0.0429
5.00E-01 0.00E+00 0.045
5.50E-01 0.00E+00 0.0471
6.00E-01 0.00E+00 0.0492
6.50E-01 0.00E+00 0.0513
7.00E-01 0.00E+00 0.0534
7.50E-01 0.00E+00 0.0555
8.00E-01 0.00E+00 0.0576
8.50E-01 0.00E+00 0.0597
9.00E-01 0.00E+00 0.0618
9.50E-01 0.00E+00 0.0639
1.00E+00 0.00E+00 0.066
1.05E+00 0.00E+00 0.0681
1.10E+00 0.00E+00 0.0702
1.15E+00 0.00E+00 0.0723
1.20E+00 0.00E+00 0.0744
1.25E+00 0.00E+00 0.0765
1.30E+00 0.00E+00 0.0786
1.35E+00 0.00E+00 0.0807
1.40E+00 0.00E+00 0.0828
1.45E+00 0.00E+00 0.0849
1.50E+00 0.00E+00 0.087
1.55E+00 0.00E+00 0.0891
1.60E+00 0.00E+00 0.0912
1.65E+00 0.00E+00 0.0933
1.70E+00 0.00E+00 0.0954
1.75E+00 0.00E+00 0.0975
1.80E+00 0.00E+00 0.0996
1.85E+00 0.00E+00 0.1017
1.90E+00 0.00E+00 0.1038
1.95E+00 0.00E+00 0.1059
2.00E+00 0.00E+00 0.108
2.05E+00 0.00E+00 0.1101
2.10E+00 0.00E+00 0.1122
2.15E+00 0.00E+00 0.1143
2.20E+00 0.00E+00 0.1164
2.25E+00 0.00E+00 0.1185
2.30E+00 0.00E+00 0.1206
2.35E+00 0.00E+00 0.1227
2.40E+00 0.00E+00 0.1248
2.45E+00 0.00E+00 0.1269
2.50E+00 0.00E+00 0.129
2.55E+00 0.00E+00 0.1311
2.60E+00 0.00E+00 0.1332
2.65E+00 0.00E+00 0.1353
2.70E+00 0.00E+00 0.1374
2.75E+00 0.00E+00 0.1395
2.80E+00 0.00E+00 0.1416
2.85E+00 0.00E+00 0.1437
2.90E+00 0.00E+00 0.1458
2.95E+00 0.00E+00 0.1479
3.00E+00 0.00E+00 0.15
3.05E+00 0.00E+00 0.15
3.10E+00 0.00E+00 0.15
3.15E+00 0.00E+00 0.15
3.20E+00 0.00E+00 0.15
3.25E+00 0.00E+00 0.15
3.30E+00 0.00E+00 0.15
3.35E+00 0.00E+00 0.15
3.40E+00 0.00E+00 0.15
3.45E+00 0.00E+00 0.15
3.50E+00 0.00E+00 0.15
3.55E+00 0.00E+00 0.15
3.60E+00 0.00E+00 0.15
3.65E+00 0.00E+00 0.15
3.70E+00 0.00E+00 0.15
3.75E+00 0.00E+00 0.15
3.80E+00 0.00E+00 0.15
3.85E+00 0.00E+00 0.15
3.90E+00 0.00E+00 0.15
3.95E+00 0.00E+00 0.15
4.00E+00 0.00E+00 0.15
4.05E+00 0.00E+00 0.15
4.10E+00 0.00E+00 0.15
4.15E+00 0.00E+00 0.15
4.20E+00 0.00E+00 0.15
4.25E+00 0.00E+00 0.15
4.30E+00 0.00E+00 0.15
4.35E+00 0.00E+00 0.15
4.40E+00 0.00E+00 0.15
4.45E+00 0.00E+00 0.15
4.50E+00 0.00E+00 0.15
4.55E+00 0.00E+00 0.15
4.60E+00 0.00E+00 0.15
4.65E+00 0.00E+00 0.15
4.70E+00 0.00E+00 0.15
4.75E+00 0.00E+00 0.15
4.80E+00 0.00E+00 0.15
4.85E+00 0.00E+00 0.15
4.90E+00 0.00E+00 0.15
4.95E+00 0.00E+00 0.15
5.00E+00 0.00E+00 0.15
5.05E+00 0.00E+00 0.15
5.10E+00 0.00E+00 0.15
5.15E+00 0.00E+00 0.15
5.20E+00 0.00E+00 0.15
5.25E+00 0.00E+00 0.15
5.30E+00 0.00E+00 0.15
5.35E+00 0.00E+00 0.15
5.40E+00 0.00E+00 0.15
5.45E+00 0.00E+00 0.15
5.50E+00 0.00E+00 0.15
5.55E+00 0.00E+00 0.15
5.60E+00 0.00E+00 0.15
5.65E+00 0.00E+00 0.15
5.70E+00 0.00E+00 0.15
5.75E+00 0.00E+00 0.15
5.80E+00 0.00E+00 0.15
5.85E+00 0.00E+00 0.15
5.90E+00 0.00E+00 0.15
5.95E+00 0.00E+00 0.15
6.00E+00 0.00E+00 0.15
0.00E+00 0.00E+00 0.032
5.00E-02 0.00E+00 0.0348
1.00E-01 0.00E+00 0.0376
1.50E-01 0.00E+00 0.0404
2.00E-01 0.00E+00 0.0432
2.50E-01 0.00E+00 0.046
3.00E-01 0.00E+00 0.0488
3.50E-01 0.00E+00 0.0516
4.00E-01 0.00E+00 0.0544
4.50E-01 0.00E+00 0.0572
5.00E-01 0.00E+00 0.06
5.50E-01 0.00E+00 0.0628
6.00E-01 0.00E+00 0.0656
6.50E-01 0.00E+00 0.0684
7.00E-01 0.00E+00 0.0712
7.50E-01 0.00E+00 0.074
8.00E-01 0.00E+00 0.0768
8.50E-01 0.00E+00 0.0796
9.00E-01 0.00E+00 0.0824
9.50E-01 0.00E+00 0.0852
1.00E+00 0.00E+00 0.088
1.05E+00 0.00E+00 0.0908
1.10E+00 0.00E+00 0.0936
1.15E+00 0.00E+00 0.0964
1.20E+00 0.00E+00 0.0992
1.25E+00 0.00E+00 0.102
1.30E+00 0.00E+00 0.1048
1.35E+00 0.00E+00 0.1076
1.40E+00 0.00E+00 0.1104
1.45E+00 0.00E+00 0.1132
1.50E+00 0.00E+00 0.116
1.55E+00 0.00E+00 0.1188
1.60E+00 0.00E+00 0.1216
1.65E+00 0.00E+00 0.1244
1.70E+00 0.00E+00 0.1272
1.75E+00 0.00E+00 0.13
1.80E+00 0.00E+00 0.1328
1.85E+00 0.00E+00 0.1356
1.90E+00 0.00E+00 0.1384
1.95E+00 0.00E+00 0.1412
2.00E+00 0.00E+00 0.144
2.05E+00 0.00E+00 0.1468
2.10E+00 0.00E+00 0.1496
2.15E+00 0.00E+00 0.1524
2.20E+00 0.00E+00 0.1552
2.25E+00 0.00E+00 0.158
2.30E+00 0.00E+00 0.1608
2.35E+00 0.00E+00 0.1636
2.40E+00 0.00E+00 0.1664
2.45E+00 0.00E+00 0.1692
2.50E+00 0.00E+00 0.172
2.55E+00 0.00E+00 0.1748
2.60E+00 0.00E+00 0.1776
2.65E+00 0.00E+00 0.1804
2.70E+00 0.00E+00 0.1832
2.75E+00 0.00E+00 0.186
2.80E+00 0.00E+00 0.1888
2.85E+00 0.00E+00 0.1916
2.90E+00 0.00E+00 0.1944
2.95E+00 0.00E+00 0.1972
3.00E+00 0.00E+00 0.2
3.05E+00 0.00E+00 0.2
3.10E+00 0.00E+00 0.2
3.15E+00 0.00E+00 0.2
3.20E+00 0.00E+00 0.2
3.25E+00 0.00E+00 0.2
3.30E+00 0.00E+00 0.2
3.35E+00 0.00E+00 0.2
3.40E+00 0.00E+00 0.2
3.45E+00 0.00E+00 0.2
3.50E+00 0.00E+00 0.2
3.55E+00 0.00E+00 0.2
3.60E+00 0.00E+00 0.2
3.65E+00 0.00E+00 0.2
3.70E+00 0.00E+00 0.2
3.75E+00 0.00E+00 0.2
3.80E+00 0.00E+00 0.2
3.85E+00 0.00E+00 0.2
3.90E+00 0.00E+00 0.2
3.95E+00 0.00E+00 0.2
4.00E+00 0.00E+00 0.2
4.05E+00 0.00E+00 0.2
4.10E+00 0.00E+00 0.2
4.15E+00 0.00E+00 0.2
4.20E+00 0.00E+00 0.2
4.25E+00 0.00E+00 0.2
4.30E+00 0.00E+00 0.2
4.35E+00 0.00E+00 0.2
4.40E+00 0.00E+00 0.2
4.45E+00 0.00E+00 0.2
4.50E+00 0.00E+00 0.2
4.55E+00 0.00E+00 0.2
4.60E+00 0.00E+00 0.2
4.65E+00 0.00E+00 0.2
4.70E+00 0.00E+00 0.2
4.75E+00 0.00E+00 0.2
4.80E+00 0.00E+00 0.2
4.85E+00 0.00E+00 0.2
4.90E+00 0.00E+00 0.2
4.95E+00 0.00E+00 0.2
5.00E+00 0.00E+00 0.2
5.05E+00 0.00E+00 0.2
5.10E+00 0.00E+00 0.2
5.15E+00 0.00E+00 0.2
5.20E+00 0.00E+00 0.2
5.25E+00 0.00E+00 0.2
5.30E+00 0.00E+00 0.2
5.35E+00 0.00E+00 0.2
5.40E+00 0.00E+00 0.2
5.45E+00 0.00E+00 0.2
5.50E+00 0.00E+00 0.2
5.55E+00 0.00E+00 0.2
5.60E+00 0.00E+00 0.2
5.65E+00 0.00E+00 0.2
5.70E+00 0.00E+00 0.2
5.75E+00 0.00E+00 0.2
5.80E+00 0.00E+00 0.2
5.85E+00 0.00E+00 0.2
5.90E+00 0.00E+00 0.2
5.95E+00 0.00E+00 0.2
6.00E+00 0.00E+00 0.2
0.00E+00 0.00E+00 0.04
5.00E-02 0.00E+00 0.0435
1.00E-01 0.00E+00 0.047
1.50E-01 0.00E+00 0.0505
2.00E-01 0.00E+00 0.054
2.50E-01 0.00E+00 0.0575
3.00E-01 0.00E+00 0.061
3.50E-01 0.00E+00 0.0645
4.00E-01 0.00E+00 0.068
4.50E-01 0.00E+00 0.0715
5.00E-01 0.00E+00 0.075
5.50E-01 0.00E+00 0.0785
6.00E-01 0.00E+00 0.082
6.50E-01 0.00E+00 0.0855
7.00E-01 0.00E+00 0.089
7.50E-01 0.00E+00 0.0925
8.00E-01 0.00E+00 0.096
8.50E-01 0.00E+00 0.0995
9.00E-01 0.00E+00 0.103
9.50E-01 0.00E+00 0.1065
1.00E+00 0.00E+00 0.11
1.05E+00 0.00E+00 0.1135
1.10E+00 0.00E+00 0.117
1.15E+00 0.00E+00 0.1205
1.20E+00 0.00E+00 0.124
1.25E+00 0.00E+00 0.1275
1.30E+00 0.00E+00 0.131
1.35E+00 0.00E+00 0.1345
1.40E+00 0.00E+00 0.138
1.45E+00 0.00E+00 0.1415
1.50E+00 0.00E+00 0.145
1.55E+00 0.00E+00 0.1485
1.60E+00 0.00E+00 0.152
1.65E+00 0.00E+00 0.1555
1.70E+00 0.00E+00 0.159
1.75E+00 0.00E+00 0.1625
1.80E+00 0.00E+00 0.166
1.85E+00 0.00E+00 0.1695
1.90E+00 0.00E+00 0.173
1.95E+00 0.00E+00 0.1765
2.00E+00 0.00E+00 0.18
2.05E+00 0.00E+00 0.1835
2.10E+00 0.00E+00 0.187
2.15E+00 0.00E+00 0.1905
2.20E+00 0.00E+00 0.194
2.25E+00 0.00E+00 0.1975
2.30E+00 0.00E+00 0.201
2.35E+00 0.00E+00 0.2045
2.40E+00 0.00E+00 0.208
2.45E+00 0.00E+00 0.2115
2.50E+00 0.00E+00 0.215
2.55E+00 0.00E+00 0.2185
2.60E+00 0.00E+00 0.222
2.65E+00 0.00E+00 0.2255
2.70E+00 0.00E+00 0.229
2.75E+00 0.00E+00 0.2325
2.80E+00 0.00E+00 0.236
2.85E+00 0.00E+00 0.2395
2.90E+00 0.00E+00 0.243
2.95E+00 0.00E+00 0.2465
3.00E+00 0.00E+00 0.25
3.05E+00 0.00E+00 0.25
3.10E+00 0.00E+00 0.25
3.15E+00 0.00E+00 0.25
3.20E+00 0.00E+00 0.25
3.25E+00 0.00E+00 0.25
3.30E+00 0.00E+00 0.25
3.35E+00 0.00E+00 0.25
3.40E+00 0.00E+00 0.25
3.45E+00 0.00E+00 0.25
3.50E+00 0.00E+00 0.25
3.55E+00 0.00E+00 0.25
3.60E+00 0.00E+00 0.25
3.65E+00 0.00E+00 0.25
3.70E+00 0.00E+00 0.25
3.75E+00 0.00E+00 0.25
3.80E+00 0.00E+00 0.25
3.85E+00 0.00E+00 0.25
3.90E+00 0.00E+00 0.25
3.95E+00 0.00E+00 0.25
4.00E+00 0.00E+00 0.25
4.05E+00 0.00E+00 0.25
4.10E+00 0.00E+00 0.25
4.15E+00 0.00E+00 0.25
4.20E+00 0.00E+00 0.25
4.25E+00 0.00E+00 0.25
4.30E+00 0.00E+00 0.25
4.35E+00 0.00E+00 0.25
4.40E+00 0.00E+00 0.25
4.45E+00 0.00E+00 0.25
4.50E+00 0.00E+00 0.25
4.55E+00 0.00E+00 0.25
4.60E+00 0.00E+00 0.25
4.65E+00 0.00E+00 0.25
4.70E+00 0.00E+00 0.25
4.75E+00 0.00E+00 0.25
4.80E+00 0.00E+00 0.25
4.85E+00 0.00E+00 0.25
4.90E+00 0.00E+00 0.25
4.95E+00 0.00E+00 0.25
5.00E+00 0.00E+00 0.25
5.05E+00 0.00E+00 0.25
5.10E+00 0.00E+00 0.25
5.15E+00 0.00E+00 0.25
5.20E+00 0.00E+00 0.25
5.25E+00 0.00E+00 0.25
5.30E+00 0.00E+00 0.25
5.35E+00 0.00E+00 0.25
5.40E+00 0.00E+00 0.25
5.45E+00 0.00E+00 0.25
5.50E+00 0.00E+00 0.25
5.55E+00 0.00E+00 0.25
5.60E+00 0.00E+00 0.25
5.65E+00 0.00E+00 0.25
5.70E+00 0.00E+00 0.25
5.75E+00 0.00E+00 0.25
5.80E+00 0.00E+00 0.25
5.85E+00 0.00E+00 0.25
5.90E+00 0.00E+00 0.25
5.95E+00 0.00E+00 0.25
6.00E+00 0.00E+00 0.25
0.00E+00 0.00E+00 0.048
5.00E-02 0.00E+00 0.0522
1.00E-01 0.00E+00 0.0564
1.50E-01 0.00E+00 0.0606
2.00E-01 0.00E+00 0.0648
2.50E-01 0.00E+00 0.069
3.00E-01 0.00E+00 0.0732
3.50E-01 0.00E+00 0.0774
4.00E-01 0.00E+00 0.0816
4.50E-01 0.00E+00 0.0858
5.00E-01 0.00E+00 0.09
5.50E-01 0.00E+00 0.0942
6.00E-01 0.00E+00 0.0984
6.50E-01 0.00E+00 0.1026
7.00E-01 0.00E+00 0.1068
7.50E-01 0.00E+00 0.111
8.00E-01 0.00E+00 0.1152
8.50E-01 0.00E+00 0.1194
9.00E-01 0.00E+00 0.1236
9.50E-01 0.00E+00 0.1278
1.00E+00 0.00E+00 0.132
1.05E+00 0.00E+00 0.1362
1.10E+00 0.00E+00 0.1404
1.15E+00 0.00E+00 0.1446
1.20E+00 0.00E+00 0.1488
1.25E+00 0.00E+00 0.153
1.30E+00 0.00E+00 0.1572
1.35E+00 0.00E+00 0.1614
1.40E+00 0.00E+00 0.1656
1.45E+00 0.00E+00 0.1698
1.50E+00 0.00E+00 0.174
1.55E+00 0.00E+00 0.1782
1.60E+00 0.00E+00 0.1824
1.65E+00 0.00E+00 0.1866
1.70E+00 0.00E+00 0.1908
1.75E+00 0.00E+00 0.195
1.80E+00 0.00E+00 0.1992
1.85E+00 0.00E+00 0.2034
1.90E+00 0.00E+00 0.2076
1.95E+00 0.00E+00 0.2118
2.00E+00 0.00E+00 0.216
2.05E+00 0.00E+00 0.2202
2.10E+00 0.00E+00 0.2244
2.15E+00 0.00E+00 0.2286
2.20E+00 0.00E+00 0.2328
2.25E+00 0.00E+00 0.237
2.30E+00 0.00E+00 0.2412
2.35E+00 0.00E+00 0.2454
2.40E+00 0.00E+00 0.2496
2.45E+00 0.00E+00 0.2538
2.50E+00 0.00E+00 0.258
2.55E+00 0.00E+00 0.2622
2.60E+00 0.00E+00 0.2664
2.65E+00 0.00E+00 0.2706
2.70E+00 0.00E+00 0.2748
2.75E+00 0.00E+00 0.279
2.80E+00 0.00E+00 0.2832
2.85E+00 0.00E+00 0.2874
2.90E+00 0.00E+00 0.2916
2.95E+00 0.00E+00 0.2958
3.00E+00 0.00E+00 0.3
3.05E+00 0.00E+00 0.3
3.10E+00 0.00E+00 0.3
3.15E+00 0.00E+00 0.3
3.20E+00 0.00E+00 0.3
3.25E+00 0.00E+00 0.3
3.30E+00 0.00E+00 0.3
3.35E+00 0.00E+00 0.3
3.40E+00 0.00E+00 0.3
3.45E+00 0.00E+00 0.3
3.50E+00 0.00E+00 0.3
3.55E+00 0.00E+00 0.3
3.60E+00 0.00E+00 0.3
3.65E+00 0.00E+00 0.3
3.70E+00 0.00E+00 0.3
3.75E+00 0.00E+00 0.3
3.80E+00 0.00E+00 0.3
3.85E+00 0.00E+00 0.3
3.90E+00 0.00E+00 0.3
3.95E+00 0.00E+00 0.3
4.00E+00 0.00E+00 0.3
4.05E+00 0.00E+00 0.3
4.10E+00 0.00E+00 0.3
4.15E+00 0.00E+00 0.3
4.20E+00 0.00E+00 0.3
4.25E+00 0.00E+00 0.3
4.30E+00 0.00E+00 0.3
4.35E+00 0.00E+00 0.3
4.40E+00 0.00E+00 0.3
4.45E+00 0.00E+00 0.3
4.50E+00 0.00E+00 0.3
4.55E+00 0.00E+00 0.3
4.60E+00 0.00E+00 0.3
4.65E+00 0.00E+00 0.3
4.70E+00 0.00E+00 0.3
4.75E+00 0.00E+00 0.3
4.80E+00 0.00E+00 0.3
4.85E+00 0.00E+00 0.3
4.90E+00 0.00E+00 0.3
4.95E+00 0.00E+00 0.3
5.00E+00 0.00E+00 0.3
5.05E+00 0.00E+00 0.3
5.10E+00 0.00E+00 0.3
5.15E+00 0.00E+00 0.3
5.20E+00 0.00E+00 0.3
5.25E+00 0.00E+00 0.3
5.30E+00 0.00E+00 0.3
5.35E+00 0.00E+00 0.3
5.40E+00 0.00E+00 0.3
5.45E+00 0.00E+00 0.3
5.50E+00 0.00E+00 0.3
5.55E+00 0.00E+00 0.3
5.60E+00 0.00E+00 0.3
5.65E+00 0.00E+00 0.3
5.70E+00 0.00E+00 0.3
5.75E+00 0.00E+00 0.3
5.80E+00 0.00E+00 0.3
5.85E+00 0.00E+00 0.3
5.90E+00 0.00E+00 0.3
5.95E+00 0.00E+00 0.3
6.00E+00 0.00E+00 0.3
0.00E+00 0.00E+00 0.056
5.00E-02 0.00E+00 0.0609
1.00E-01 0.00E+00 0.0658
1.50E-01 0.00E+00 0.0707
2.00E-01 0.00E+00 0.0756
2.50E-01 0.00E+00 0.0805
3.00E-01 0.00E+00 0.0854
3.50E-01 0.00E+00 0.0903
4.00E-01 0.00E+00 0.0952
4.50E-01 0.00E+00 0.1001
5.00E-01 0.00E+00 0.105
5.50E-01 0.00E+00 0.1099
6.00E-01 0.00E+00 0.1148
6.50E-01 0.00E+00 0.1197
7.00E-01 0.00E+00 0.1246
7.50E-01 0.00E+00 0.1295
8.00E-01 0.00E+00 0.1344
8.50E-01 0.00E+00 0.1393
9.00E-01 0.00E+00 0.1442
9.50E-01 0.00E+00 0.1491
1.00E+00 0.00E+00 0.154
1.05E+00 0.00E+00 0.1589
1.10E+00 0.00E+00 0.1638
1.15E+00 0.00E+00 0.1687
1.20E+00 0.00E+00 0.1736
1.25E+00 0.00E+00 0.1785
1.30E+00 0.00E+00 0.1834
1.35E+00 0.00E+00 0.1883
1.40E+00 0.00E+00 0.1932
1.45E+00 0.00E+00 0.1981
1.50E+00 0.00E+00 0.203
1.55E+00 0.00E+00 0.2079
1.60E+00 0.00E+00 0.2128
1.65E+00 0.00E+00 0.2177
1.70E+00 0.00E+00 0.2226
1.75E+00 0.00E+00 0.2275
1.80E+00 0.00E+00 0.2324
1.85E+00 0.00E+00 0.2373
1.90E+00 0.00E+00 0.2422
1.95E+00 0.00E+00 0.2471
2.00E+00 0.00E+00 0.252
2.05E+00 0.00E+00 0.2569
2.10E+00 0.00E+00 0.2618
2.15E+00 0.00E+00 0.2667
2.20E+00 0.00E+00 0.2716
2.25E+00 0.00E+00 0.2765
2.30E+00 0.00E+00 0.2814
2.35E+00 0.00E+00 0.2863
2.40E+00 0.00E+00 0.2912
2.45E+00 0.00E+00 0.2961
2.50E+00 0.00E+00 0.301
2.55E+00 0.00E+00 0.3059
2.60E+00 0.00E+00 0.3108
2.65E+00 0.00E+00 0.3157
2.70E+00 0.00E+00 0.3206
2.75E+00 0.00E+00 0.3255
2.80E+00 0.00E+00 0.3304
2.85E+00 0.00E+00 0.3353
2.90E+00 0.00E+00 0.3402
2.95E+00 0.00E+00 0.3451
3.00E+00 0.00E+00 0.35
3.05E+00 0.00E+00 0.35
3.10E+00 0.00E+00 0.35
3.15E+00 0.00E+00 0.35
3.20E+00 0.00E+00 0.35
3.25E+00 0.00E+00 0.35
3.30E+00 0.00E+00 0.35
3.35E+00 0.00E+00 0.35
3.40E+00 0.00E+00 0.35
3.45E+00 0.00E+00 0.35
3.50E+00 0.00E+00 0.35
3.55E+00 0.00E+00 0.35
3.60E+00 0.00E+00 0.35
3.65E+00 0.00E+00 0.35
3.70E+00 0.00E+00 0.35
3.75E+00 0.00E+00 0.35
3.80E+00 0.00E+00 0.35
3.85E+00 0.00E+00 0.35
3.90E+00 0.00E+00 0.35
3.95E+00 0.00E+00 0.35
4.00E+00 0.00E+00 0.35
4.05E+00 0.00E+00 0.35
4.10E+00 0.00E+00 0.35
4.15E+00 0.00E+00 0.35
4.20E+00 0.00E+00 0.35
4.25E+00 0.00E+00 0.35
4.30E+00 0.00E+00 0.35
4.35E+00 0.00E+00 0.35
4.40E+00 0.00E+00 0.35
4.45E+00 0.00E+00 0.35
4.50E+00 0.00E+00 0.35
4.55E+00 0.00E+00 0.35
4.60E+00 0.00E+00 0.35
4.65E+00 0.00E+00 0.35
4.70E+00 0.00E+00 0.35
4.75E+00 0.00E+00 0.35
4.80E+00 0.00E+00 0.35
4.85E+00 0.00E+00 0.35
4.90E+00 0.00E+00 0.35
4.95E+00 0.00E+00 0.35
5.00E+00 0.00E+00 0.35
5.05E+00 0.00E+00 0.35
5.10E+00 0.00E+00 0.35
5.15E+00 0.00E+00 0.35
5.20E+00 0.00E+00 0.35
5.25E+00 0.00E+00 0.35
5.30E+00 0.00E+00 0.35
5.35E+00 0.00E+00 0.35
5.40E+00 0.00E+00 0.35
5.45E+00 0.00E+00 0.35
5.50E+00 0.00E+00 0.35
5.55E+00 0.00E+00 0.35
5.60E+00 0.00E+00 0.35
5.65E+00 0.00E+00 0.35
5.70E+00 0.00E+00 0.35
5.75E+00 0.00E+00 0.35
5.80E+00 0.00E+00 0.35
5.85E+00 0.00E+00 0.35
5.90E+00 0.00E+00 0.35
5.95E+00 0.00E+00 0.35
6.00E+00 0.00E+00 0.35
0.00E+00 0.00E+00 0.064
5.00E-02 0.00E+00 0.0696
1.00E-01 0.00E+00 0.0752
1.50E-01 0.00E+00 0.0808
2.00E-01 0.00E+00 0.0864
2.50E-01 0.00E+00 0.092
3.00E-01 0.00E+00 0.0976
3.50E-01 0.00E+00 0.1032
4.00E-01 0.00E+00 0.1088
4.50E-01 0.00E+00 0.1144
5.00E-01 0.00E+00 0.12
5.50E-01 0.00E+00 0.1256
6.00E-01 0.00E+00 0.1312
6.50E-01 0.00E+00 0.1368
7.00E-01 0.00E+00 0.1424
7.50E-01 0.00E+00 0.148
8.00E-01 0.00E+00 0.1536
8.50E-01 0.00E+00 0.1592
9.00E-01 0.00E+00 0.1648
9.50E-01 0.00E+00 0.1704
1.00E+00 0.00E+00 0.176
1.05E+00 0.00E+00 0.1816
1.10E+00 0.00E+00 0.1872
1.15E+00 0.00E+00 0.1928
1.20E+00 0.00E+00 0.1984
1.25E+00 0.00E+00 0.204
1.30E+00 0.00E+00 0.2096
1.35E+00 0.00E+00 0.2152
1.40E+00 0.00E+00 0.2208
1.45E+00 0.00E+00 0.2264
1.50E+00 0.00E+00 0.232
1.55E+00 0.00E+00 0.2376
1.60E+00 0.00E+00 0.2432
1.65E+00 0.00E+00 0.2488
1.70E+00 0.00E+00 0.2544
1.75E+00 0.00E+00 0.26
1.80E+00 0.00E+00 0.2656
1.85E+00 0.00E+00 0.2712
1.90E+00 0.00E+00 0.2768
1.95E+00 0.00E+00 0.2824
2.00E+00 0.00E+00 0.288
2.05E+00 0.00E+00 0.2936
2.10E+00 0.00E+00 0.2992
2.15E+00 0.00E+00 0.3048
2.20E+00 0.00E+00 0.3104
2.25E+00 0.00E+00 0.316
2.30E+00 0.00E+00 0.3216
2.35E+00 0.00E+00 0.3272
2.40E+00 0.00E+00 0.3328
2.45E+00 0.00E+00 0.3384
2.50E+00 0.00E+00 0.344
2.55E+00 0.00E+00 0.3496
2.60E+00 0.00E+00 0.3552
2.65E+00 0.00E+00 0.3608
2.70E+00 0.00E+00 0.3664
2.75E+00 0.00E+00 0.372
2.80E+00 0.00E+00 0.3776
2.85E+00 0.00E+00 0.3832
2.90E+00 0.00E+00 0.3888
2.95E+00 0.00E+00 0.3944
3.00E+00 0.00E+00 0.4
3.05E+00 0.00E+00 0.4
3.10E+00 0.00E+00 0.4
3.15E+00 0.00E+00 0.4
3.20E+00 0.00E+00 0.4
3.25E+00 0.00E+00 0.4
3.30E+00 0.00E+00 0.4
3.35E+00 0.00E+00 0.4
3.40E+00 0.00E+00 0.4
3.45E+00 0.00E+00 0.4
3.50E+00 0.00E+00 0.4
3.55E+00 0.00E+00 0.4
3.60E+00 0.00E+00 0.4
3.65E+00 0.00E+00 0.4
3.70E+00 0.00E+00 0.4
3.75E+00 0.00E+00 0.4
3.80E+00 0.00E+00 0.4
3.85E+00 0.00E+00 0.4
3.90E+00 0.00E+00 0.4
3.95E+00 0.00E+00 0.4
4.00E+00 0.00E+00 0.4
4.05E+00 0.00E+00 0.4
4.10E+00 0.00E+00 0.4
4.15E+00 0.00E+00 0.4
4.20E+00 0.00E+00 0.4
4.25E+00 0.00E+00 0.4
4.30E+00 0.00E+00 0.4
4.35E+00 0.00E+00 0.4
4.40E+00 0.00E+00 0.4
4.45E+00 0.00E+00 0.4
4.50E+00 0.00E+00 0.4
4.55E+00 0.00E+00 0.4
4.60E+00 0.00E+00 0.4
4.65E+00 0.00E+00 0.4
4.70E+00 0.00E+00 0.4
4.75E+00 0.00E+00 0.4
4.80E+00 0.00E+00 0.4
4.85E+00 0.00E+00 0.4
4.90E+00 0.00E+00 0.4
4.95E+00 0.00E+00 0.4
5.00E+00 0.00E+00 0.4
5.05E+00 0.00E+00 0.4
5.10E+00 0.00E+00 0.4
5.15E+00 0.00E+00 0.4
5.20E+00 0.00E+00 0.4
5.25E+00 0.00E+00 0.4
5.30E+00 0.00E+00 0.4
5.35E+00 0.00E+00 0.4
5.40E+00 0.00E+00 0.4
5.45E+00 0.00E+00 0.4
5.50E+00 0.00E+00 0.4
5.55E+00 0.00E+00 0.4
5.60E+00 0.00E+00 0.4
5.65E+00 0.00E+00 0.4
5.70E+00 0.00E+00 0.4
5.75E+00 0.00E+00 0.4
5.80E+00 0.00E+00 0.4
5.85E+00 0.00E+00 0.4
5.90E+00 0.00E+00 0.4
5.95E+00 0.00E+00 0.4
6.00E+00 0.00E+00 0.4
0.00E+00 0.00E+00 0.072
5.00E-02 0.00E+00 0.0783
1.00E-01 0.00E+00 0.0846
1.50E-01 0.00E+00 0.0909
2.00E-01 0.00E+00 0.0972
2.50E-01 0.00E+00 0.1035
3.00E-01 0.00E+00 0.1098
3.50E-01 0.00E+00 0.1161
4.00E-01 0.00E+00 0.1224
4.50E-01 0.00E+00 0.1287
5.00E-01 0.00E+00 0.135
5.50E-01 0.00E+00 0.1413
6.00E-01 0.00E+00 0.1476
6.50E-01 0.00E+00 0.1539
7.00E-01 0.00E+00 0.1602
7.50E-01 0.00E+00 0.1665
8.00E-01 0.00E+00 0.1728
8.50E-01 0.00E+00 0.1791
9.00E-01 0.00E+00 0.1854
9.50E-01 0.00E+00 0.1917
1.00E+00 0.00E+00 0.198
1.05E+00 0.00E+00 0.2043
1.10E+00 0.00E+00 0.2106
1.15E+00 0.00E+00 0.2169
1.20E+00 0.00E+00 0.2232
1.25E+00 0.00E+00 0.2295
1.30E+00 0.00E+00 0.2358
1.35E+00 0.00E+00 0.2421
1.40E+00 0.00E+00 0.2484
1.45E+00 0.00E+00 0.2547
1.50E+00 0.00E+00 0.261
1.55E+00 0.00E+00 0.2673
1.60E+00 0.00E+00 0.2736
1.65E+00 0.00E+00 0.2799
1.70E+00 0.00E+00 0.2862
1.75E+00 0.00E+00 0.2925
1.80E+00 0.00E+00 0.2988
1.85E+00 0.00E+00 0.3051
1.90E+00 0.00E+00 0.3114
1.95E+00 0.00E+00 0.3177
2.00E+00 0.00E+00 0.324
2.05E+00 0.00E+00 0.3303
2.10E+00 0.00E+00 0.3366
2.15E+00 0.00E+00 0.3429
2.20E+00 0.00E+00 0.3492
2.25E+00 0.00E+00 0.3555
2.30E+00 0.00E+00 0.3618
2.35E+00 0.00E+00 0.3681
2.40E+00 0.00E+00 0.3744
2.45E+00 0.00E+00 0.3807
2.50E+00 0.00E+00 0.387
2.55E+00 0.00E+00 0.3933
2.60E+00 0.00E+00 0.3996
2.65E+00 0.00E+00 0.4059
2.70E+00 0.00E+00 0.4122
2.75E+00 0.00E+00 0.4185
2.80E+00 0.00E+00 0.4248
2.85E+00 0.00E+00 0.4311
2.90E+00 0.00E+00 0.4374
2.95E+00 0.00E+00 0.4437
3.00E+00 0.00E+00 0.45
3.05E+00 0.00E+00 0.45
3.10E+00 0.00E+00 0.45
3.15E+00 0.00E+00 0.45
3.20E+00 0.00E+00 0.45
3.25E+00 0.00E+00 0.45
3.30E+00 0.00E+00 0.45
3.35E+00 0.00E+00 0.45
3.40E+00 0.00E+00 0.45
3.45E+00 0.00E+00 0.45
3.50E+00 0.00E+00 0.45
3.55E+00 0.00E+00 0.45
3.60E+00 0.00E+00 0.45
3.65E+00 0.00E+00 0.45
3.70E+00 0.00E+00 0.45
3.75E+00 0.00E+00 0.45
3.80E+00 0.00E+00 0.45
3.85E+00 0.00E+00 0.45
3.90E+00 0.00E+00 0.45
3.95E+00 0.00E+00 0.45
4.00E+00 0.00E+00 0.45
4.05E+00 0.00E+00 0.45
4.10E+00 0.00E+00 0.45
4.15E+00 0.00E+00 0.45
4.20E+00 0.00E+00 0.45
4.25E+00 0.00E+00 0.45
4.30E+00 0.00E+00 0.45
4.35E+00 0.00E+00 0.45
4.40E+00 0.00E+00 0.45
4.45E+00 0.00E+00 0.45
4.50E+00 0.00E+00 0.45
4.55E+00 0.00E+00 0.45
4.60E+00 0.00E+00 0.45
4.65E+00 0.00E+00 0.45
4.70E+00 0.00E+00 0.45
4.75E+00 0.00E+00 0.45
4.80E+00 0.00E+00 0.45
4.85E+00 0.00E+00 0.45
4.90E+00 0.00E+00 0.45
4.95E+00 0.00E+00 0.45
5.00E+00 0.00E+00 0.45
5.05E+00 0.00E+00 0.45
5.10E+00 0.00E+00 0.45
5.15E+00 0.00E+00 0.45
5.20E+00 0.00E+00 0.45
5.25E+00 0.00E+00 0.45
5.30E+00 0.00E+00 0.45
5.35E+00 0.00E+00 0.45
5.40E+00 0.00E+00 0.45
5.45E+00 0.00E+00 0.45
5.50E+00 0.00E+00 0.45
5.55E+00 0.00E+00 0.45
5.60E+00 0.00E+00 0.45
5.65E+00 0.00E+00 0.45
5.70E+00 0.00E+00 0.45
5.75E+00 0.00E+00 0.45
5.80E+00 0.00E+00 0.45
5.85E+00 0.00E+00 0.45
5.90E+00 0.00E+00 0.45
5.95E+00 0.00E+00 0.45
6.00E+00 0.00E+00 0.45
0.00E+00 0.00E+00 0.08
5.00E-02 0.00E+00 0.087
1.00E-01 0.00E+00 0.094
1.50E-01 0.00E+00 0.101
2.00E-01 0.00E+00 0.108
2.50E-01 0.00E+00 0.115
3.00E-01 0.00E+00 0.122
3.50E-01 0.00E+00 0.129
4.00E-01 0.00E+00 0.136
4.50E-01 0.00E+00 0.143
5.00E-01 0.00E+00 0.15
5.50E-01 0.00E+00 0.157
6.00E-01 0.00E+00 0.164
6.50E-01 0.00E+00 0.171
7.00E-01 0.00E+00 0.178
7.50E-01 0.00E+00 0.185
8.00E-01 0.00E+00 0.192
8.50E-01 0.00E+00 0.199
9.00E-01 0.00E+00 0.206
9.50E-01 0.00E+00 0.213
1.00E+00 0.00E+00 0.22
1.05E+00 0.00E+00 0.227
1.10E+00 0.00E+00 0.234
1.15E+00 0.00E+00 0.241
1.20E+00 0.00E+00 0.248
1.25E+00 0.00E+00 0.255
1.30E+00 0.00E+00 0.262
1.35E+00 0.00E+00 0.269
1.40E+00 0.00E+00 0.276
1.45E+00 0.00E+00 0.283
1.50E+00 0.00E+00 0.29
1.55E+00 0.00E+00 0.297
1.60E+00 0.00E+00 0.304
1.65E+00 0.00E+00 0.311
1.70E+00 0.00E+00 0.318
1.75E+00 0.00E+00 0.325
1.80E+00 0.00E+00 0.332
1.85E+00 0.00E+00 0.339
1.90E+00 0.00E+00 0.346
1.95E+00 0.00E+00 0.353
2.00E+00 0.00E+00 0.36
2.05E+00 0.00E+00 0.367
2.10E+00 0.00E+00 0.374
2.15E+00 0.00E+00 0.381
2.20E+00 0.00E+00 0.388
2.25E+00 0.00E+00 0.395
2.30E+00 0.00E+00 0.402
2.35E+00 0.00E+00 0.409
2.40E+00 0.00E+00 0.416
2.45E+00 0.00E+00 0.423
2.50E+00 0.00E+00 0.43
2.55E+00 0.00E+00 0.437
2.60E+00 0.00E+00 0.444
2.65E+00 0.00E+00 0.451
2.70E+00 0.00E+00 0.458
2.75E+00 0.00E+00 0.465
2.80E+00 0.00E+00 0.472
2.85E+00 0.00E+00 0.479
2.90E+00 0.00E+00 0.486
2.95E+00 0.00E+00 0.493
3.00E+00 0.00E+00 0.5
3.05E+00 0.00E+00 0.5
3.10E+00 0.00E+00 0.5
3.15E+00 0.00E+00 0.5
3.20E+00 0.00E+00 0.5
3.25E+00 0.00E+00 0.5
3.30E+00 0.00E+00 0.5
3.35E+00 0.00E+00 0.5
3.40E+00 0.00E+00 0.5
3.45E+00 0.00E+00 0.5
3.50E+00 0.00E+00 0.5
3.55E+00 0.00E+00 0.5
3.60E+00 0.00E+00 0.5
3.65E+00 0.00E+00 0.5
3.70E+00 0.00E+00 0.5
3.75E+00 0.00E+00 0.5
3.80E+00 0.00E+00 0.5
3.85E+00 0.00E+00 0.5
3.90E+00 0.00E+00 0.5
3.95E+00 0.00E+00 0.5
4.00E+00 0.00E+00 0.5
4.05E+00 0.00E+00 0.5
4.10E+00 0.00E+00 0.5
4.15E+00 0.00E+00 0.5
4.20E+00 0.00E+00 0.5
4.25E+00 0.00E+00 0.5
4.30E+00 0.00E+00 0.5
4.35E+00 0.00E+00 0.5
4.40E+00 0.00E+00 0.5
4.45E+00 0.00E+00 0.5
4.50E+00 0.00E+00 0.5
4.55E+00 0.00E+00 0.5
4.60E+00 0.00E+00 0.5
4.65E+00 0.00E+00 0.5
4.70E+00 0.00E+00 0.5
4.75E+00 0.00E+00 0.5
4.80E+00 0.00E+00 0.5
4.85E+00 0.00E+00 0.5
4.90E+00 0.00E+00 0.5
4.95E+00 0.00E+00 0.5
5.00E+00 0.00E+00 0.5
5.05E+00 0.00E+00 0.5
5.10E+00 0.00E+00 0.5
5.15E+00 0.00E+00 0.5
5.20E+00 0.00E+00 0.5
5.25E+00 0.00E+00 0.5
5.30E+00 0.00E+00 0.5
5.35E+00 0.00E+00 0.5
5.40E+00 0.00E+00 0.5
5.45E+00 0.00E+00 0.5
5.50E+00 0.00E+00 0.5
5.55E+00 0.00E+00 0.5
5.60E+00 0.00E+00 0.5
5.65E+00 0.00E+00 0.5
5.70E+00 0.00E+00 0.5
5.75E+00 0.00E+00 0.5
5.80E+00 0.00E+00 0.5
5.85E+00 0.00E+00 0.5
5.90E+00 0.00E+00 0.5
5.95E+00 0.00E+00 0.5
6.00E+00 0.00E+00 0.5
0.00E+00 0.00E+00 0.088
5.00E-02 0.00E+00 0.0957
1.00E-01 0.00E+00 0.1034
1.50E-01 0.00E+00 0.1111
2.00E-01 0.00E+00 0.1188
2.50E-01 0.00E+00 0.1265
3.00E-01 0.00E+00 0.1342
3.50E-01 0.00E+00 0.1419
4.00E-01 0.00E+00 0.1496
4.50E-01 0.00E+00 0.1573
5.00E-01 0.00E+00 0.165
5.50E-01 0.00E+00 0.1727
6.00E-01 0.00E+00 0.1804
6.50E-01 0.00E+00 0.1881
7.00E-01 0.00E+00 0.1958
7.50E-01 0.00E+00 0.2035
8.00E-01 0.00E+00 0.2112
8.50E-01 0.00E+00 0.2189
9.00E-01 0.00E+00 0.2266
9.50E-01 0.00E+00 0.2343
1.00E+00 0.00E+00 0.242
1.05E+00 0.00E+00 0.2497
1.10E+00 0.00E+00 0.2574
1.15E+00 0.00E+00 0.2651
1.20E+00 0.00E+00 0.2728
1.25E+00 0.00E+00 0.2805
1.30E+00 0.00E+00 0.2882
1.35E+00 0.00E+00 0.2959
1.40E+00 0.00E+00 0.3036
1.45E+00 0.00E+00 0.3113
1.50E+00 0.00E+00 0.319
1.55E+00 0.00E+00 0.3267
1.60E+00 0.00E+00 0.3344
1.65E+00 0.00E+00 0.3421
1.70E+00 0.00E+00 0.3498
1.75E+00 0.00E+00 0.3575
1.80E+00 0.00E+00 0.3652
1.85E+00 0.00E+00 0.3729
1.90E+00 0.00E+00 0.3806
1.95E+00 0.00E+00 0.3883
2.00E+00 0.00E+00 0.396
2.05E+00 0.00E+00 0.4037
2.10E+00 0.00E+00 0.4114
2.15E+00 0.00E+00 0.4191
2.20E+00 0.00E+00 0.4268
2.25E+00 0.00E+00 0.4345
2.30E+00 0.00E+00 0.4422
2.35E+00 0.00E+00 0.4499
2.40E+00 0.00E+00 0.4576
2.45E+00 0.00E+00 0.4653
2.50E+00 0.00E+00 0.473
2.55E+00 0.00E+00 0.4807
2.60E+00 0.00E+00 0.4884
2.65E+00 0.00E+00 0.4961
2.70E+00 0.00E+00 0.5038
2.75E+00 0.00E+00 0.5115
2.80E+00 0.00E+00 0.5192
2.85E+00 0.00E+00 0.5269
2.90E+00 0.00E+00 0.5346
2.95E+00 0.00E+00 0.5423
3.00E+00 0.00E+00 0.55
3.05E+00 0.00E+00 0.55
3.10E+00 0.00E+00 0.55
3.15E+00 0.00E+00 0.55
3.20E+00 0.00E+00 0.55
3.25E+00 0.00E+00 0.55
3.30E+00 0.00E+00 0.55
3.35E+00 0.00E+00 0.55
3.40E+00 0.00E+00 0.55
3.45E+00 0.00E+00 0.55
3.50E+00 0.00E+00 0.55
3.55E+00 0.00E+00 0.55
3.60E+00 0.00E+00 0.55
3.65E+00 0.00E+00 0.55
3.70E+00 0.00E+00 0.55
3.75E+00 0.00E+00 0.55
3.80E+00 0.00E+00 0.55
3.85E+00 0.00E+00 0.55
3.90E+00 0.00E+00 0.55
3.95E+00 0.00E+00 0.55
4.00E+00 0.00E+00 0.55
4.05E+00 0.00E+00 0.55
4.10E+00 0.00E+00 0.55
4.15E+00 0.00E+00 0.55
4.20E+00 0.00E+00 0.55
4.25E+00 0.00E+00 0.55
4.30E+00 0.00E+00 0.55
4.35E+00 0.00E+00 0.55
4.40E+00 0.00E+00 0.55
4.45E+00 0.00E+00 0.55
4.50E+00 0.00E+00 0.55
4.55E+00 0.00E+00 0.55
4.60E+00 0.00E+00 0.55
4.65E+00 0.00E+00 0.55
4.70E+00 0.00E+00 0.55
4.75E+00 0.00E+00 0.55
4.80E+00 0.00E+00 0.55
4.85E+00 0.00E+00 0.55
4.90E+00 0.00E+00 0.55
4.95E+00 0.00E+00 0.55
5.00E+00 0.00E+00 0.55
5.05E+00 0.00E+00 0.55
5.10E+00 0.00E+00 0.55
5.15E+00 0.00E+00 0.55
5.20E+00 0.00E+00 0.55
5.25E+00 0.00E+00 0.55
5.30E+00 0.00E+00 0.55
5.35E+00 0.00E+00 0.55
5.40E+00 0.00E+00 0.55
5.45E+00 0.00E+00 0.55
5.50E+00 0.00E+00 0.55
5.55E+00 0.00E+00 0.55
5.60E+00 0.00E+00 0.55
5.65E+00 0.00E+00 0.55
5.70E+00 0.00E+00 0.55
5.75E+00 0.00E+00 0.55
5.80E+00 0.00E+00 0.55
5.85E+00 0.00E+00 0.55
5.90E+00 0.00E+00 0.55
5.95E+00 0.00E+00 0.55
6.00E+00 0.00E+00 0.55
0.00E+00 0.00E+00 0.096
5.00E-02 0.00E+00 0.1044
1.00E-01 0.00E+00 0.1128
1.50E-01 0.00E+00 0.1212
2.00E-01 0.00E+00 0.1296
2.50E-01 0.00E+00 0.138
3.00E-01 0.00E+00 0.1464
3.50E-01 0.00E+00 0.1548
4.00E-01 0.00E+00 0.1632
4.50E-01 0.00E+00 0.1716
5.00E-01 0.00E+00 0.18
5.50E-01 0.00E+00 0.1884
6.00E-01 0.00E+00 0.1968
6.50E-01 0.00E+00 0.2052
7.00E-01 0.00E+00 0.2136
7.50E-01 0.00E+00 0.222
8.00E-01 0.00E+00 0.2304
8.50E-01 0.00E+00 0.2388
9.00E-01 0.00E+00 0.2472
9.50E-01 0.00E+00 0.2556
1.00E+00 0.00E+00 0.264
1.05E+00 0.00E+00 0.2724
1.10E+00 0.00E+00 0.2808
1.15E+00 0.00E+00 0.2892
1.20E+00 0.00E+00 0.2976
1.25E+00 0.00E+00 0.306
1.30E+00 0.00E+00 0.3144
1.35E+00 0.00E+00 0.3228
1.40E+00 0.00E+00 0.3312
1.45E+00 0.00E+00 0.3396
1.50E+00 0.00E+00 0.348
1.55E+00 0.00E+00 0.3564
1.60E+00 0.00E+00 0.3648
1.65E+00 0.00E+00 0.3732
1.70E+00 0.00E+00 0.3816
1.75E+00 0.00E+00 0.39
1.80E+00 0.00E+00 0.3984
1.85E+00 0.00E+00 0.4068
1.90E+00 0.00E+00 0.4152
1.95E+00 0.00E+00 0.4236
2.00E+00 0.00E+00 0.432
2.05E+00 0.00E+00 0.4404
2.10E+00 0.00E+00 0.4488
2.15E+00 0.00E+00 0.4572
2.20E+00 0.00E+00 0.4656
2.25E+00 0.00E+00 0.474
2.30E+00 0.00E+00 0.4824
2.35E+00 0.00E+00 0.4908
2.40E+00 0.00E+00 0.4992
2.45E+00 0.00E+00 0.5076
2.50E+00 0.00E+00 0.516
2.55E+00 0.00E+00 0.5244
2.60E+00 0.00E+00 0.5328
2.65E+00 0.00E+00 0.5412
2.70E+00 0.00E+00 0.5496
2.75E+00 0.00E+00 0.558
2.80E+00 0.00E+00 0.5664
2.85E+00 0.00E+00 0.5748
2.90E+00 0.00E+00 0.5832
2.95E+00 0.00E+00 0.5916
3.00E+00 0.00E+00 0.6
3.05E+00 0.00E+00 0.6
3.10E+00 0.00E+00 0.6
3.15E+00 0.00E+00 0.6
3.20E+00 0.00E+00 0.6
3.25E+00 0.00E+00 0.6
3.30E+00 0.00E+00 0.6
3.35E+00 0.00E+00 0.6
3.40E+00 0.00E+00 0.6
3.45E+00 0.00E+00 0.6
3.50E+00 0.00E+00 0.6
3.55E+00 0.00E+00 0.6
3.60E+00 0.00E+00 0.6
3.65E+00 0.00E+00 0.6
3.70E+00 0.00E+00 0.6
3.75E+00 0.00E+00 0.6
3.80E+00 0.00E+00 0.6
3.85E+00 0.00E+00 0.6
3.90E+00 0.00E+00 0.6
3.95E+00 0.00E+00 0.6
4.00E+00 0.00E+00 0.6
4.05E+00 0.00E+00 0.6
4.10E+00 0.00E+00 0.6
4.15E+00 0.00E+00 0.6
4.20E+00 0.00E+00 0.6
4.25E+00 0.00E+00 0.6
4.30E+00 0.00E+00 0.6
4.35E+00 0.00E+00 0.6
4.40E+00 0.00E+00 0.6
4.45E+00 0.00E+00 0.6
4.50E+00 0.00E+00 0.6
4.55E+00 0.00E+00 0.6
4.60E+00 0.00E+00 0.6
4.65E+00 0.00E+00 0.6
4.70E+00 0.00E+00 0.6
4.75E+00 0.00E+00 0.6
4.80E+00 0.00E+00 0.6
4.85E+00 0.00E+00 0.6
4.90E+00 0.00E+00 0.6
4.95E+00 0.00E+00 0.6
5.00E+00 0.00E+00 0.6
5.05E+00 0.00E+00 0.6
5.10E+00 0.00E+00 0.6
5.15E+00 0.00E+00 0.6
5.20E+00 0.00E+00 0.6
5.25E+00 0.00E+00 0.6
5.30E+00 0.00E+00 0.6
5.35E+00 0.00E+00 0.6
5.40E+00 0.00E+00 0.6
5.45E+00 0.00E+00 0.6
5.50E+00 0.00E+00 0.6
5.55E+00 0.00E+00 0.6
5.60E+00 0.00E+00 0.6
5.65E+00 0.00E+00 0.6
5.70E+00 0.00E+00 0.6
5.75E+00 0.00E+00 0.6
5.80E+00 0.00E+00 0.6
5.85E+00 0.00E+00 0.6
5.90E+00 0.00E+00 0.6
5.95E+00 0.00E+00 0.6
6.00E+00 0.00E+00 0.6
0.00E+00 0.00E+00 0.104
5.00E-02 0.00E+00 0.1131
1.00E-01 0.00E+00 0.1222
1.50E-01 0.00E+00 0.1313
2.00E-01 0.00E+00 0.1404
2.50E-01 0.00E+00 0.1495
3.00E-01 0.00E+00 0.1586
3.50E-01 0.00E+00 0.1677
4.00E-01 0.00E+00 0.1768
4.50E-01 0.00E+00 0.1859
5.00E-01 0.00E+00 0.195
5.50E-01 0.00E+00 0.2041
6.00E-01 0.00E+00 0.2132
6.50E-01 0.00E+00 0.2223
7.00E-01 0.00E+00 0.2314
7.50E-01 0.00E+00 0.2405
8.00E-01 0.00E+00 0.2496
8.50E-01 0.00E+00 0.2587
9.00E-01 0.00E+00 0.2678
9.50E-01 0.00E+00 0.2769
1.00E+00 0.00E+00 0.286
1.05E+00 0.00E+00 0.2951
1.10E+00 0.00E+00 0.3042
1.15E+00 0.00E+00 0.3133
1.20E+00 0.00E+00 0.3224
1.25E+00 0.00E+00 0.3315
1.30E+00 0.00E+00 0.3406
1.35E+00 0.00E+00 0.3497
1.40E+00 0.00E+00 0.3588
1.45E+00 0.00E+00 0.3679
1.50E+00 0.00E+00 0.377
1.55E+00 0.00E+00 0.3861
1.60E+00 0.00E+00 0.3952
1.65E+00 0.00E+00 0.4043
1.70E+00 0.00E+00 0.4134
1.75E+00 0.00E+00 0.4225
1.80E+00 0.00E+00 0.4316
1.85E+00 0.00E+00 0.4407
1.90E+00 0.00E+00 0.4498
1.95E+00 0.00E+00 0.4589
2.00E+00 0.00E+00 0.468
2.05E+00 0.00E+00 0.4771
2.10E+00 0.00E+00 0.4862
2.15E+00 0.00E+00 0.4953
2.20E+00 0.00E+00 0.5044
2.25E+00 0.00E+00 0.5135
2.30E+00 0.00E+00 0.5226
2.35E+00 0.00E+00 0.5317
2.40E+00 0.00E+00 0.5408
2.45E+00 0.00E+00 0.5499
2.50E+00 0.00E+00 0.559
2.55E+00 0.00E+00 0.5681
2.60E+00 0.00E+00 0.5772
2.65E+00 0.00E+00 0.5863
2.70E+00 0.00E+00 0.5954
2.75E+00 0.00E+00 0.6045
2.80E+00 0.00E+00 0.6136
2.85E+00 0.00E+00 0.6227
2.90E+00 0.00E+00 0.6318
2.95E+00 0.00E+00 0.6409
3.00E+00 0.00E+00 0.65
3.05E+00 0.00E+00 0.65
3.10E+00 0.00E+00 0.65
3.15E+00 0.00E+00 0.65
3.20E+00 0.00E+00 0.65
3.25E+00 0.00E+00 0.65
3.30E+00 0.00E+00 0.65
3.35E+00 0.00E+00 0.65
3.40E+00 0.00E+00 0.65
3.45E+00 0.00E+00 0.65
3.50E+00 0.00E+00 0.65
3.55E+00 0.00E+00 0.65
3.60E+00 0.00E+00 0.65
3.65E+00 0.00E+00 0.65
3.70E+00 0.00E+00 0.65
3.75E+00 0.00E+00 0.65
3.80E+00 0.00E+00 0.65
3.85E+00 0.00E+00 0.65
3.90E+00 0.00E+00 0.65
3.95E+00 0.00E+00 0.65
4.00E+00 0.00E+00 0.65
4.05E+00 0.00E+00 0.65
4.10E+00 0.00E+00 0.65
4.15E+00 0.00E+00 0.65
4.20E+00 0.00E+00 0.65
4.25E+00 0.00E+00 0.65
4.30E+00 0.00E+00 0.65
4.35E+00 0.00E+00 0.65
4.40E+00 0.00E+00 0.65
4.45E+00 0.00E+00 0.65
4.50E+00 0.00E+00 0.65
4.55E+00 0.00E+00 0.65
4.60E+00 0.00E+00 0.65
4.65E+00 0.00E+00 0.65
4.70E+00 0.00E+00 0.65
4.75E+00 0.00E+00 0.65
4.80E+00 0.00E+00 0.65
4.85E+00 0.00E+00 0.65
4.90E+00 0.00E+00 0.65
4.95E+00 0.00E+00 0.65
5.00E+00 0.00E+00 0.65
5.05E+00 0.00E+00 0.65
5.10E+00 0.00E+00 0.65
5.15E+00 0.00E+00 0.65
5.20E+00 0.00E+00 0.65
5.25E+00 0.00E+00 0.65
5.30E+00 0.00E+00 0.65
5.35E+00 0.00E+00 0.65
5.40E+00 0.00E+00 0.65
5.45E+00 0.00E+00 0.65
5.50E+00 0.00E+00 0.65
5.55E+00 0.00E+00 0.65
5.60E+00 0.00E+00 0.65
5.65E+00 0.00E+00 0.65
5.70E+00 0.00E+00 0.65
5.75E+00 0.00E+00 0.65
5.80E+00 0.00E+00 0.65
5.85E+00 0.00E+00 0.65
5.90E+00 0.00E+00 0.65
5.95E+00 0.00E+00 0.65
6.00E+00 0.00E+00 0.65
0.00E+00 0.00E+00 0.112
5.00E-02 0.00E+00 0.1218
1.00E-01 0.00E+00 0.1316
1.50E-01 0.00E+00 0.1414
2.00E-01 0.00E+00 0.1512
2.50E-01 0.00E+00 0.161
3.00E-01 0.00E+00 0.1708
3.50E-01 0.00E+00 0.1806
4.00E-01 0.00E+00 0.1904
4.50E-01 0.00E+00 0.2002
5.00E-01 0.00E+00 0.21
5.50E-01 0.00E+00 0.2198
6.00E-01 0.00E+00 0.2296
6.50E-01 0.00E+00 0.2394
7.00E-01 0.00E+00 0.2492
7.50E-01 0.00E+00 0.259
8.00E-01 0.00E+00 0.2688
8.50E-01 0.00E+00 0.2786
9.00E-01 0.00E+00 0.2884
9.50E-01 0.00E+00 0.2982
1.00E+00 0.00E+00 0.308
1.05E+00 0.00E+00 0.3178
1.10E+00 0.00E+00 0.3276
1.15E+00 0.00E+00 0.3374
1.20E+00 0.00E+00 0.3472
1.25E+00 0.00E+00 0.357
1.30E+00 0.00E+00 0.3668
1.35E+00 0.00E+00 0.3766
1.40E+00 0.00E+00 0.3864
1.45E+00 0.00E+00 0.3962
1.50E+00 0.00E+00 0.406
1.55E+00 0.00E+00 0.4158
1.60E+00 0.00E+00 0.4256
1.65E+00 0.00E+00 0.4354
1.70E+00 0.00E+00 0.4452
1.75E+00 0.00E+00 0.455
1.80E+00 0.00E+00 0.4648
1.85E+00 0.00E+00 0.4746
1.90E+00 0.00E+00 0.4844
1.95E+00 0.00E+00 0.4942
2.00E+00 0.00E+00 0.504
2.05E+00 0.00E+00 0.5138
2.10E+00 0.00E+00 0.5236
2.15E+00 0.00E+00 0.5334
2.20E+00 0.00E+00 0.5432
2.25E+00 0.00E+00 0.553
2.30E+00 0.00E+00 0.5628
2.35E+00 0.00E+00 0.5726
2.40E+00 0.00E+00 0.5824
2.45E+00 0.00E+00 0.5922
2.50E+00 0.00E+00 0.602
2.55E+00 0.00E+00 0.6118
2.60E+00 0.00E+00 0.6216
2.65E+00 0.00E+00 0.6314
2.70E+00 0.00E+00 0.6412
2.75E+00 0.00E+00 0.651
2.80E+00 0.00E+00 0.6608
2.85E+00 0.00E+00 0.6706
2.90E+00 0.00E+00 0.6804
2.95E+00 0.00E+00 0.6902
3.00E+00 0.00E+00 0.7
3.05E+00 0.00E+00 0.7
3.10E+00 0.00E+00 0.7
3.15E+00 0.00E+00 0.7
3.20E+00 0.00E+00 0.7
3.25E+00 0.00E+00 0.7
3.30E+00 0.00E+00 0.7
3.35E+00 0.00E+00 0.7
3.40E+00 0.00E+00 0.7
3.45E+00 0.00E+00 0.7
3.50E+00 0.00E+00 0.7
3.55E+00 0.00E+00 0.7
3.60E+00 0.00E+00 0.7
3.65E+00 0.00E+00 0.7
3.70E+00 0.00E+00 0.7
3.75E+00 0.00E+00 0.7
3.80E+00 0.00E+00 0.7
3.85E+00 0.00E+00 0.7
3.90E+00 0.00E+00 0.7
3.95E+00 0.00E+00 0.7
4.00E+00 0.00E+00 0.7
4.05E+00 0.00E+00 0.7
4.10E+00 0.00E+00 0.7
4.15E+00 0.00E+00 0.7
4.20E+00 0.00E+00 0.7
4.25E+00 0.00E+00 0.7
4.30E+00 0.00E+00 0.7
4.35E+00 0.00E+00 0.7
4.40E+00 0.00E+00 0.7
4.45E+00 0.00E+00 0.7
4.50E+00 0.00E+00 0.7
4.55E+00 0.00E+00 0.7
4.60E+00 0.00E+00 0.7
4.65E+00 0.00E+00 0.7
4.70E+00 0.00E+00 0.7
4.75E+00 0.00E+00 0.7
4.80E+00 0.00E+00 0.7
4.85E+00 0.00E+00 0.7
4.90E+00 0.00E+00 0.7
4.95E+00 0.00E+00 0.7
5.00E+00 0.00E+00 0.7
5.05E+00 0.00E+00 0.7
5.10E+00 0.00E+00 0.7
5.15E+00 0.00E+00 0.7
5.20E+00 0.00E+00 0.7
5.25E+00 0.00E+00 0.7
5.30E+00 0.00E+00 0.7
5.35E+00 0.00E+00 0.7
5.40E+00 0.00E+00 0.7
5.45E+00 0.00E+00 0.7
5.50E+00 0.00E+00 0.7
5.55E+00 0.00E+00 0.7
5.60E+00 0.00E+00 0.7
5.65E+00 0.00E+00 0.7
5.70E+00 0.00E+00 0.7
5.75E+00 0.00E+00 0.7
5.80E+00 0.00E+00 0.7
5.85E+00 0.00E+00 0.7
5.90E+00 0.00E+00 0.7
5.95E+00 0.00E+00 0.7
6.00E+00 0.00E+00 0.7
0.00E+00 0.00E+00 0.12
5.00E-02 0.00E+00 0.1305
1.00E-01 0.00E+00 0.141
1.50E-01 0.00E+00 0.1515
2.00E-01 0.00E+00 0.162
2.50E-01 0.00E+00 0.1725
3.00E-01 0.00E+00 0.183
3.50E-01 0.00E+00 0.1935
4.00E-01 0.00E+00 0.204
4.50E-01 0.00E+00 0.2145
5.00E-01 0.00E+00 0.225
5.50E-01 0.00E+00 0.2355
6.00E-01 0.00E+00 0.246
6.50E-01 0.00E+00 0.2565
7.00E-01 0.00E+00 0.267
7.50E-01 0.00E+00 0.2775
8.00E-01 0.00E+00 0.288
8.50E-01 0.00E+00 0.2985
9.00E-01 0.00E+00 0.309
9.50E-01 0.00E+00 0.3195
1.00E+00 0.00E+00 0.33
1.05E+00 0.00E+00 0.3405
1.10E+00 0.00E+00 0.351
1.15E+00 0.00E+00 0.3615
1.20E+00 0.00E+00 0.372
1.25E+00 0.00E+00 0.3825
1.30E+00 0.00E+00 0.393
1.35E+00 0.00E+00 0.4035
1.40E+00 0.00E+00 0.414
1.45E+00 0.00E+00 0.4245
1.50E+00 0.00E+00 0.435
1.55E+00 0.00E+00 0.4455
1.60E+00 0.00E+00 0.456
1.65E+00 0.00E+00 0.4665
1.70E+00 0.00E+00 0.477
1.75E+00 0.00E+00 0.4875
1.80E+00 0.00E+00 0.498
1.85E+00 0.00E+00 0.5085
1.90E+00 0.00E+00 0.519
1.95E+00 0.00E+00 0.5295
2.00E+00 0.00E+00 0.54
2.05E+00 0.00E+00 0.5505
2.10E+00 0.00E+00 0.561
2.15E+00 0.00E+00 0.5715
2.20E+00 0.00E+00 0.582
2.25E+00 0.00E+00 0.5925
2.30E+00 0.00E+00 0.603
2.35E+00 0.00E+00 0.6135
2.40E+00 0.00E+00 0.624
2.45E+00 0.00E+00 0.6345
2.50E+00 0.00E+00 0.645
2.55E+00 0.00E+00 0.6555
2.60E+00 0.00E+00 0.666
2.65E+00 0.00E+00 0.6765
2.70E+00 0.00E+00 0.687
2.75E+00 0.00E+00 0.6975
2.80E+00 0.00E+00 0.708
2.85E+00 0.00E+00 0.7185
2.90E+00 0.00E+00 0.729
2.95E+00 0.00E+00 0.7395
3.00E+00 0.00E+00 0.75
3.05E+00 0.00E+00 0.75
3.10E+00 0.00E+00 0.75
3.15E+00 0.00E+00 0.75
3.20E+00 0.00E+00 0.75
3.25E+00 0.00E+00 0.75
3.30E+00 0.00E+00 0.75
3.35E+00 0.00E+00 0.75
3.40E+00 0.00E+00 0.75
3.45E+00 0.00E+00 0.75
3.50E+00 0.00E+00 0.75
3.55E+00 0.00E+00 0.75
3.60E+00 0.00E+00 0.75
3.65E+00 0.00E+00 0.75
3.70E+00 0.00E+00 0.75
3.75E+00 0.00E+00 0.75
3.80E+00 0.00E+00 0.75
3.85E+00 0.00E+00 0.75
3.90E+00 0.00E+00 0.75
3.95E+00 0.00E+00 0.75
4.00E+00 0.00E+00 0.75
4.05E+00 0.00E+00 0.75
4.10E+00 0.00E+00 0.75
4.15E+00 0.00E+00 0.75
4.20E+00 0.00E+00 0.75
4.25E+00 0.00E+00 0.75
4.30E+00 0.00E+00 0.75
4.35E+00 0.00E+00 0.75
4.40E+00 0.00E+00 0.75
4.45E+00 0.00E+00 0.75
4.50E+00 0.00E+00 0.75
4.55E+00 0.00E+00 0.75
4.60E+00 0.00E+00 0.75
4.65E+00 0.00E+00 0.75
4.70E+00 0.00E+00 0.75
4.75E+00 0.00E+00 0.75
4.80E+00 0.00E+00 0.75
4.85E+00 0.00E+00 0.75
4.90E+00 0.00E+00 0.75
4.95E+00 0.00E+00 0.75
5.00E+00 0.00E+00 0.75
5.05E+00 0.00E+00 0.75
5.10E+00 0.00E+00 0.75
5.15E+00 0.00E+00 0.75
5.20E+00 0.00E+00 0.75
5.25E+00 0.00E+00 0.75
5.30E+00 0.00E+00 0.75
5.35E+00 0.00E+00 0.75
5.40E+00 0.00E+00 0.75
5.45E+00 0.00E+00 0.75
5.50E+00 0.00E+00 0.75
5.55E+00 0.00E+00 0.75
5.60E+00 0.00E+00 0.75
5.65E+00 0.00E+00 0.75
5.70E+00 0.00E+00 0.75
5.75E+00 0.00E+00 0.75
5.80E+00 0.00E+00 0.75
5.85E+00 0.00E+00 0.75
5.90E+00 0.00E+00 0.75
5.95E+00 0.00E+00 0.75
6.00E+00 0.00E+00 0.75
0.00E+00 0.00E+00 0.128
5.00E-02 0.00E+00 0.1392
1.00E-01 0.00E+00 0.1504
1.50E-01 0.00E+00 0.1616
2.00E-01 0.00E+00 0.1728
2.50E-01 0.00E+00 0.184
3.00E-01 0.00E+00 0.1952
3.50E-01 0.00E+00 0.2064
4.00E-01 0.00E+00 0.2176
4.50E-01 0.00E+00 0.2288
5.00E-01 0.00E+00 0.24
5.50E-01 0.00E+00 0.2512
6.00E-01 0.00E+00 0.2624
6.50E-01 0.00E+00 0.2736
7.00E-01 0.00E+00 0.2848
7.50E-01 0.00E+00 0.296
8.00E-01 0.00E+00 0.3072
8.50E-01 0.00E+00 0.3184
9.00E-01 0.00E+00 0.3296
9.50E-01 0.00E+00 0.3408
1.00E+00 0.00E+00 0.352
1.05E+00 0.00E+00 0.3632
1.10E+00 0.00E+00 0.3744
1.15E+00 0.00E+00 0.3856
1.20E+00 0.00E+00 0.3968
1.25E+00 0.00E+00 0.408
1.30E+00 0.00E+00 0.4192
1.35E+00 0.00E+00 0.4304
1.40E+00 0.00E+00 0.4416
1.45E+00 0.00E+00 0.4528
1.50E+00 0.00E+00 0.464
1.55E+00 0.00E+00 0.4752
1.60E+00 0.00E+00 0.4864
1.65E+00 0.00E+00 0.4976
1.70E+00 0.00E+00 0.5088
1.75E+00 0.00E+00 0.52
1.80E+00 0.00E+00 0.5312
1.85E+00 0.00E+00 0.5424
1.90E+00 0.00E+00 0.5536
1.95E+00 0.00E+00 0.5648
2.00E+00 0.00E+00 0.576
2.05E+00 0.00E+00 0.5872
2.10E+00 0.00E+00 0.5984
2.15E+00 0.00E+00 0.6096
2.20E+00 0.00E+00 0.6208
2.25E+00 0.00E+00 0.632
2.30E+00 0.00E+00 0.6432
2.35E+00 0.00E+00 0.6544
2.40E+00 0.00E+00 0.6656
2.45E+00 0.00E+00 0.6768
2.50E+00 0.00E+00 0.688
2.55E+00 0.00E+00 0.6992
2.60E+00 0.00E+00 0.7104
2.65E+00 0.00E+00 0.7216
2.70E+00 0.00E+00 0.7328
2.75E+00 0.00E+00 0.744
2.80E+00 0.00E+00 0.7552
2.85E+00 0.00E+00 0.7664
2.90E+00 0.00E+00 0.7776
2.95E+00 0.00E+00 0.7888
3.00E+00 0.00E+00 0.8
3.05E+00 0.00E+00 0.8
3.10E+00 0.00E+00 0.8
3.15E+00 0.00E+00 0.8
3.20E+00 0.00E+00 0.8
3.25E+00 0.00E+00 0.8
3.30E+00 0.00E+00 0.8
3.35E+00 0.00E+00 0.8
3.40E+00 0.00E+00 0.8
3.45E+00 0.00E+00 0.8
3.50E+00 0.00E+00 0.8
3.55E+00 0.00E+00 0.8
3.60E+00 0.00E+00 0.8
3.65E+00 0.00E+00 0.8
3.70E+00 0.00E+00 0.8
3.75E+00 0.00E+00 0.8
3.80E+00 0.00E+00 0.8
3.85E+00 0.00E+00 0.8
3.90E+00 0.00E+00 0.8
3.95E+00 0.00E+00 0.8
4.00E+00 0.00E+00 0.8
4.05E+00 0.00E+00 0.8
4.10E+00 0.00E+00 0.8
4.15E+00 0.00E+00 0.8
4.20E+00 0.00E+00 0.8
4.25E+00 0.00E+00 0.8
4.30E+00 0.00E+00 0.8
4.35E+00 0.00E+00 0.8
4.40E+00 0.00E+00 0.8
4.45E+00 0.00E+00 0.8
4.50E+00 0.00E+00 0.8
4.55E+00 0.00E+00 0.8
4.60E+00 0.00E+00 0.8
4.65E+00 0.00E+00 0.8
4.70E+00 0.00E+00 0.8
4.75E+00 0.00E+00 0.8
4.80E+00 0.00E+00 0.8
4.85E+00 0.00E+00 0.8
4.90E+00 0.00E+00 0.8
4.95E+00 0.00E+00 0.8
5.00E+00 0.00E+00 0.8
5.05E+00 0.00E+00 0.8
5.10E+00 0.00E+00 0.8
5.15E+00 0.00E+00 0.8
5.20E+00 0.00E+00 0.8
5.25E+00 0.00E+00 0.8
5.30E+00 0.00E+00 0.8
5.35E+00 0.00E+00 0.8
5.40E+00 0.00E+00 0.8
5.45E+00 0.00E+00 0.8
5.50E+00 0.00E+00 0.8
5.55E+00 0.00E+00 0.8
5.60E+00 0.00E+00 0.8
5.65E+00 0.00E+00 0.8
5.70E+00 0.00E+00 0.8
5.75E+00 0.00E+00 0.8
5.80E+00 0.00E+00 0.8
5.85E+00 0.00E+00 0.8
5.90E+00 0.00E+00 0.8
5.95E+00 0.00E+00 0.8
6.00E+00 0.00E+00 0.8
0.00E+00 0.00E+00 0.136
5.00E-02 0.00E+00 0.1479
1.00E-01 0.00E+00 0.1598
1.50E-01 0.00E+00 0.1717
2.00E-01 0.00E+00 0.1836
2.50E-01 0.00E+00 0.1955
3.00E-01 0.00E+00 0.2074
3.50E-01 0.00E+00 0.2193
4.00E-01 0.00E+00 0.2312
4.50E-01 0.00E+00 0.2431
5.00E-01 0.00E+00 0.255
5.50E-01 0.00E+00 0.2669
6.00E-01 0.00E+00 0.2788
6.50E-01 0.00E+00 0.2907
7.00E-01 0.00E+00 0.3026
7.50E-01 0.00E+00 0.3145
8.00E-01 0.00E+00 0.3264
8.50E-01 0.00E+00 0.3383
9.00E-01 0.00E+00 0.3502
9.50E-01 0.00E+00 0.3621
1.00E+00 0.00E+00 0.374
1.05E+00 0.00E+00 0.3859
1.10E+00 0.00E+00 0.3978
1.15E+00 0.00E+00 0.4097
1.20E+00 0.00E+00 0.4216
1.25E+00 0.00E+00 0.4335
1.30E+00 0.00E+00 0.4454
1.35E+00 0.00E+00 0.4573
1.40E+00 0.00E+00 0.4692
1.45E+00 0.00E+00 0.4811
1.50E+00 0.00E+00 0.493
1.55E+00 0.00E+00 0.5049
1.60E+00 0.00E+00 0.5168
1.65E+00 0.00E+00 0.5287
1.70E+00 0.00E+00 0.5406
1.75E+00 0.00E+00 0.5525
1.80E+00 0.00E+00 0.5644
1.85E+00 0.00E+00 0.5763
1.90E+00 0.00E+00 0.5882
1.95E+00 0.00E+00 0.6001
2.00E+00 0.00E+00 0.612
2.05E+00 0.00E+00 0.6239
2.10E+00 0.00E+00 0.6358
2.15E+00 0.00E+00 0.6477
2.20E+00 0.00E+00 0.6596
2.25E+00 0.00E+00 0.6715
2.30E+00 0.00E+00 0.6834
2.35E+00 0.00E+00 0.6953
2.40E+00 0.00E+00 0.7072
2.45E+00 0.00E+00 0.7191
2.50E+00 0.00E+00 0.731
2.55E+00 0.00E+00 0.7429
2.60E+00 0.00E+00 0.7548
2.65E+00 0.00E+00 0.7667
2.70E+00 0.00E+00 0.7786
2.75E+00 0.00E+00 0.7905
2.80E+00 0.00E+00 0.8024
2.85E+00 0.00E+00 0.8143
2.90E+00 0.00E+00 0.8262
2.95E+00 0.00E+00 0.8381
3.00E+00 0.00E+00 0.85
3.05E+00 0.00E+00 0.85
3.10E+00 0.00E+00 0.85
3.15E+00 0.00E+00 0.85
3.20E+00 0.00E+00 0.85
3.25E+00 0.00E+00 0.85
3.30E+00 0.00E+00 0.85
3.35E+00 0.00E+00 0.85
3.40E+00 0.00E+00 0.85
3.45E+00 0.00E+00 0.85
3.50E+00 0.00E+00 0.85
3.55E+00 0.00E+00 0.85
3.60E+00 0.00E+00 0.85
3.65E+00 0.00E+00 0.85
3.70E+00 0.00E+00 0.85
3.75E+00 0.00E+00 0.85
3.80E+00 0.00E+00 0.85
3.85E+00 0.00E+00 0.85
3.90E+00 0.00E+00 0.85
3.95E+00 0.00E+00 0.85
4.00E+00 0.00E+00 0.85
4.05E+00 0.00E+00 0.85
4.10E+00 0.00E+00 0.85
4.15E+00 0.00E+00 0.85
4.20E+00 0.00E+00 0.85
4.25E+00 0.00E+00 0.85
4.30E+00 0.00E+00 0.85
4.35E+00 0.00E+00 0.85
4.40E+00 0.00E+00 0.85
4.45E+00 0.00E+00 0.85
4.50E+00 0.00E+00 0.85
4.55E+00 0.00E+00 0.85
4.60E+00 0.00E+00 0.85
4.65E+00 0.00E+00 0.85
4.70E+00 0.00E+00 0.85
4.75E+00 0.00E+00 0.85
4.80E+00 0.00E+00 0.85
4.85E+00 0.00E+00 0.85
4.90E+00 0.00E+00 0.85
4.95E+00 0.00E+00 0.85
5.00E+00 0.00E+00 0.85
5.05E+00 0.00E+00 0.85
5.10E+00 0.00E+00 0.85
5.15E+00 0.00E+00 0.85
5.20E+00 0.00E+00 0.85
5.25E+00 0.00E+00 0.85
5.30E+00 0.00E+00 0.85
5.35E+00 0.00E+00 0.85
5.40E+00 0.00E+00 0.85
5.45E+00 0.00E+00 0.85
5.50E+00 0.00E+00 0.85
5.55E+00 0.00E+00 0.85
5.60E+00 0.00E+00 0.85
5.65E+00 0.00E+00 0.85
5.70E+00 0.00E+00 0.85
5.75E+00 0.00E+00 0.85
5.80E+00 0.00E+00 0.85
5.85E+00 0.00E+00 0.85
5.90E+00 0.00E+00 0.85
5.95E+00 0.00E+00 0.85
6.00E+00 0.00E+00 0.85
0.00E+00 0.00E+00 0.144
5.00E-02 0.00E+00 0.1566
1.00E-01 0.00E+00 0.1692
1.50E-01 0.00E+00 0.1818
2.00E-01 0.00E+00 0.1944
2.50E-01 0.00E+00 0.207
3.00E-01 0.00E+00 0.2196
3.50E-01 0.00E+00 0.2322
4.00E-01 0.00E+00 0.2448
4.50E-01 0.00E+00 0.2574
5.00E-01 0.00E+00 0.27
5.50E-01 0.00E+00 0.2826
6.00E-01 0.00E+00 0.2952
6.50E-01 0.00E+00 0.3078
7.00E-01 0.00E+00 0.3204
7.50E-01 0.00E+00 0.333
8.00E-01 0.00E+00 0.3456
8.50E-01 0.00E+00 0.3582
9.00E-01 0.00E+00 0.3708
9.50E-01 0.00E+00 0.3834
1.00E+00 0.00E+00 0.396
1.05E+00 0.00E+00 0.4086
1.10E+00 0.00E+00 0.4212
1.15E+00 0.00E+00 0.4338
1.20E+00 0.00E+00 0.4464
1.25E+00 0.00E+00 0.459
1.30E+00 0.00E+00 0.4716
1.35E+00 0.00E+00 0.4842
1.40E+00 0.00E+00 0.4968
1.45E+00 0.00E+00 0.5094
1.50E+00 0.00E+00 0.522
1.55E+00 0.00E+00 0.5346
1.60E+00 0.00E+00 0.5472
1.65E+00 0.00E+00 0.5598
1.70E+00 0.00E+00 0.5724
1.75E+00 0.00E+00 0.585
1.80E+00 0.00E+00 0.5976
1.85E+00 0.00E+00 0.6102
1.90E+00 0.00E+00 0.6228
1.95E+00 0.00E+00 0.6354
2.00E+00 0.00E+00 0.648
2.05E+00 0.00E+00 0.6606
2.10E+00 0.00E+00 0.6732
2.15E+00 0.00E+00 0.6858
2.20E+00 0.00E+00 0.6984
2.25E+00 0.00E+00 0.711
2.30E+00 0.00E+00 0.7236
2.35E+00 0.00E+00 0.7362
2.40E+00 0.00E+00 0.7488
2.45E+00 0.00E+00 0.7614
2.50E+00 0.00E+00 0.774
2.55E+00 0.00E+00 0.7866
2.60E+00 0.00E+00 0.7992
2.65E+00 0.00E+00 0.8118
2.70E+00 0.00E+00 0.8244
2.75E+00 0.00E+00 0.837
2.80E+00 0.00E+00 0.8496
2.85E+00 0.00E+00 0.8622
2.90E+00 0.00E+00 0.8748
2.95E+00 0.00E+00 0.8874
3.00E+00 0.00E+00 0.9
3.05E+00 0.00E+00 0.9
3.10E+00 0.00E+00 0.9
3.15E+00 0.00E+00 0.9
3.20E+00 0.00E+00 0.9
3.25E+00 0.00E+00 0.9
3.30E+00 0.00E+00 0.9
3.35E+00 0.00E+00 0.9
3.40E+00 0.00E+00 0.9
3.45E+00 0.00E+00 0.9
3.50E+00 0.00E+00 0.9
3.55E+00 0.00E+00 0.9
3.60E+00 0.00E+00 0.9
3.65E+00 0.00E+00 0.9
3.70E+00 0.00E+00 0.9
3.75E+00 0.00E+00 0.9
3.80E+00 0.00E+00 0.9
3.85E+00 0.00E+00 0.9
3.90E+00 0.00E+00 0.9
3.95E+00 0.00E+00 0.9
4.00E+00 0.00E+00 0.9
4.05E+00 0.00E+00 0.9
4.10E+00 0.00E+00 0.9
4.15E+00 0.00E+00 0.9
4.20E+00 0.00E+00 0.9
4.25E+00 0.00E+00 0.9
4.30E+00 0.00E+00 0.9
4.35E+00 0.00E+00 0.9
4.40E+00 0.00E+00 0.9
4.45E+00 0.00E+00 0.9
4.50E+00 0.00E+00 0.9
4.55E+00 0.00E+00 0.9
4.60E+00 0.00E+00 0.9
4.65E+00 0.00E+00 0.9
4.70E+00 0.00E+00 0.9
4.75E+00 0.00E+00 0.9
4.80E+00 0.00E+00 0.9
4.85E+00 0.00E+00 0.9
4.90E+00 0.00E+00 0.9
4.95E+00 0.00E+00 0.9
5.00E+00 0.00E+00 0.9
5.05E+00 0.00E+00 0.9
5.10E+00 0.00E+00 0.9
5.15E+00 0.00E+00 0.9
5.20E+00 0.00E+00 0.9
5.25E+00 0.00E+00 0.9
5.30E+00 0.00E+00 0.9
5.35E+00 0.00E+00 0.9
5.40E+00 0.00E+00 0.9
5.45E+00 0.00E+00 0.9
5.50E+00 0.00E+00 0.9
5.55E+00 0.00E+00 0.9
5.60E+00 0.00E+00 0.9
5.65E+00 0.00E+00 0.9
5.70E+00 0.00E+00 0.9
5.75E+00 0.00E+00 0.9
5.80E+00 0.00E+00 0.9
5.85E+00 0.00E+00 0.9
5.90E+00 0.00E+00 0.9
5.95E+00 0.00E+00 0.9
6.00E+00 0.00E+00 0.9
0.00E+00 0.00E+00 0.152
5.00E-02 0.00E+00 0.1653
1.00E-01 0.00E+00 0.1786
1.50E-01 0.00E+00 0.1919
2.00E-01 0.00E+00 0.2052
2.50E-01 0.00E+00 0.2185
3.00E-01 0.00E+00 0.2318
3.50E-01 0.00E+00 0.2451
4.00E-01 0.00E+00 0.2584
4.50E-01 0.00E+00 0.2717
5.00E-01 0.00E+00 0.285
5.50E-01 0.00E+00 0.2983
6.00E-01 0.00E+00 0.3116
6.50E-01 0.00E+00 0.3249
7.00E-01 0.00E+00 0.3382
7.50E-01 0.00E+00 0.3515
8.00E-01 0.00E+00 0.3648
8.50E-01 0.00E+00 0.3781
9.00E-01 0.00E+00 0.3914
9.50E-01 0.00E+00 0.4047
1.00E+00 0.00E+00 0.418
1.05E+00 0.00E+00 0.4313
1.10E+00 0.00E+00 0.4446
1.15E+00 0.00E+00 0.4579
1.20E+00 0.00E+00 0.4712
1.25E+00 0.00E+00 0.4845
1.30E+00 0.00E+00 0.4978
1.35E+00 0.00E+00 0.5111
1.40E+00 0.00E+00 0.5244
1.45E+00 0.00E+00 0.5377
1.50E+00 0.00E+00 0.551
1.55E+00 0.00E+00 0.5643
1.60E+00 0.00E+00 0.5776
1.65E+00 0.00E+00 0.5909
1.70E+00 0.00E+00 0.6042
1.75E+00 0.00E+00 0.6175
1.80E+00 0.00E+00 0.6308
1.85E+00 0.00E+00 0.6441
1.90E+00 0.00E+00 0.6574
1.95E+00 0.00E+00 0.6707
2.00E+00 0.00E+00 0.684
2.05E+00 0.00E+00 0.6973
2.10E+00 0.00E+00 0.7106
2.15E+00 0.00E+00 0.7239
2.20E+00 0.00E+00 0.7372
2.25E+00 0.00E+00 0.7505
2.30E+00 0.00E+00 0.7638
2.35E+00 0.00E+00 0.7771
2.40E+00 0.00E+00 0.7904
2.45E+00 0.00E+00 0.8037
2.50E+00 0.00E+00 0.817
2.55E+00 0.00E+00 0.8303
2.60E+00 0.00E+00 0.8436
2.65E+00 0.00E+00 0.8569
2.70E+00 0.00E+00 0.8702
2.75E+00 0.00E+00 0.8835
2.80E+00 0.00E+00 0.8968
2.85E+00 0.00E+00 0.9101
2.90E+00 0.00E+00 0.9234
2.95E+00 0.00E+00 0.9367
3.00E+00 0.00E+00 0.95
3.05E+00 0.00E+00 0.95
3.10E+00 0.00E+00 0.95
3.15E+00 0.00E+00 0.95
3.20E+00 0.00E+00 0.95
3.25E+00 0.00E+00 0.95
3.30E+00 0.00E+00 0.95
3.35E+00 0.00E+00 0.95
3.40E+00 0.00E+00 0.95
3.45E+00 0.00E+00 0.95
3.50E+00 0.00E+00 0.95
3.55E+00 0.00E+00 0.95
3.60E+00 0.00E+00 0.95
3.65E+00 0.00E+00 0.95
3.70E+00 0.00E+00 0.95
3.75E+00 0.00E+00 0.95
3.80E+00 0.00E+00 0.95
3.85E+00 0.00E+00 0.95
3.90E+00 0.00E+00 0.95
3.95E+00 0.00E+00 0.95
4.00E+00 0.00E+00 0.95
4.05E+00 0.00E+00 0.95
4.10E+00 0.00E+00 0.95
4.15E+00 0.00E+00 0.95
4.20E+00 0.00E+00 0.95
4.25E+00 0.00E+00 0.95
4.30E+00 0.00E+00 0.95
4.35E+00 0.00E+00 0.95
4.40E+00 0.00E+00 0.95
4.45E+00 0.00E+00 0.95
4.50E+00 0.00E+00 0.95
4.55E+00 0.00E+00 0.95
4.60E+00 0.00E+00 0.95
4.65E+00 0.00E+00 0.95
4.70E+00 0.00E+00 0.95
4.75E+00 0.00E+00 0.95
4.80E+00 0.00E+00 0.95
4.85E+00 0.00E+00 0.95
4.90E+00 0.00E+00 0.95
4.95E+00 0.00E+00 0.95
5.00E+00 0.00E+00 0.95
5.05E+00 0.00E+00 0.95
5.10E+00 0.00E+00 0.95
5.15E+00 0.00E+00 0.95
5.20E+00 0.00E+00 0.95
5.25E+00 0.00E+00 0.95
5.30E+00 0.00E+00 0.95
5.35E+00 0.00E+00 0.95
5.40E+00 0.00E+00 0.95
5.45E+00 0.00E+00 0.95
5.50E+00 0.00E+00 0.95
5.55E+00 0.00E+00 0.95
5.60E+00 0.00E+00 0.95
5.65E+00 0.00E+00 0.95
5.70E+00 0.00E+00 0.95
5.75E+00 0.00E+00 0.95
5.80E+00 0.00E+00 0.95
5.85E+00 0.00E+00 0.95
5.90E+00 0.00E+00 0.95
5.95E+00 0.00E+00 0.95
6.00E+00 0.00E+00 0.95
0.00E+00 0.00E+00 0.16
5.00E-02 0.00E+00 0.174
1.00E-01 0.00E+00 0.188
1.50E-01 0.00E+00 0.202
2.00E-01 0.00E+00 0.216
2.50E-01 0.00E+00 0.23
3.00E-01 0.00E+00 0.244
3.50E-01 0.00E+00 0.258
4.00E-01 0.00E+00 0.272
4.50E-01 0.00E+00 0.286
5.00E-01 0.00E+00 0.3
5.50E-01 0.00E+00 0.314
6.00E-01 0.00E+00 0.328
6.50E-01 0.00E+00 0.342
7.00E-01 0.00E+00 0.356
7.50E-01 0.00E+00 0.37
8.00E-01 0.00E+00 0.384
8.50E-01 0.00E+00 0.398
9.00E-01 0.00E+00 0.412
9.50E-01 0.00E+00 0.426
1.00E+00 0.00E+00 0.44
1.05E+00 0.00E+00 0.454
1.10E+00 0.00E+00 0.468
1.15E+00 0.00E+00 0.482
1.20E+00 0.00E+00 0.496
1.25E+00 0.00E+00 0.51
1.30E+00 0.00E+00 0.524
1.35E+00 0.00E+00 0.538
1.40E+00 0.00E+00 0.552
1.45E+00 0.00E+00 0.566
1.50E+00 0.00E+00 0.58
1.55E+00 0.00E+00 0.594
1.60E+00 0.00E+00 0.608
1.65E+00 0.00E+00 0.622
1.70E+00 0.00E+00 0.636
1.75E+00 0.00E+00 0.65
1.80E+00 0.00E+00 0.664
1.85E+00 0.00E+00 0.678
1.90E+00 0.00E+00 0.692
1.95E+00 0.00E+00 0.706
2.00E+00 0.00E+00 0.72
2.05E+00 0.00E+00 0.734
2.10E+00 0.00E+00 0.748
2.15E+00 0.00E+00 0.762
2.20E+00 0.00E+00 0.776
2.25E+00 0.00E+00 0.79
2.30E+00 0.00E+00 0.804
2.35E+00 0.00E+00 0.818
2.40E+00 0.00E+00 0.832
2.45E+00 0.00E+00 0.846
2.50E+00 0.00E+00 0.86
2.55E+00 0.00E+00 0.874
2.60E+00 0.00E+00 0.888
2.65E+00 0.00E+00 0.902
2.70E+00 0.00E+00 0.916
2.75E+00 0.00E+00 0.93
2.80E+00 0.00E+00 0.944
2.85E+00 0.00E+00 0.958
2.90E+00 0.00E+00 0.972
2.95E+00 0.00E+00 0.986
3.00E+00 0.00E+00 1
3.05E+00 0.00E+00 1
3.10E+00 0.00E+00 1
3.15E+00 0.00E+00 1
3.20E+00 0.00E+00 1
3.25E+00 0.00E+00 1
3.30E+00 0.00E+00 1
3.35E+00 0.00E+00 1
3.40E+00 0.00E+00 1
3.45E+00 0.00E+00 1
3.50E+00 0.00E+00 1
3.55E+00 0.00E+00 1
3.60E+00 0.00E+00 1
3.65E+00 0.00E+00 1
3.70E+00 0.00E+00 1
3.75E+00 0.00E+00 1
3.80E+00 0.00E+00 1
3.85E+00 0.00E+00 1
3.90E+00 0.00E+00 1
3.95E+00 0.00E+00 1
4.00E+00 0.00E+00 1
4.05E+00 0.00E+00 1
4.10E+00 0.00E+00 1
4.15E+00 0.00E+00 1
4.20E+00 0.00E+00 1
4.25E+00 0.00E+00 1
4.30E+00 0.00E+00 1
4.35E+00 0.00E+00 1
4.40E+00 0.00E+00 1
4.45E+00 0.00E+00 1
4.50E+00 0.00E+00 1
4.55E+00 0.00E+00 1
4.60E+00 0.00E+00 1
4.65E+00 0.00E+00 1
4.70E+00 0.00E+00 1
4.75E+00 0.00E+00 1
4.80E+00 0.00E+00 1
4.85E+00 0.00E+00 1
4.90E+00 0.00E+00 1
4.95E+00 0.00E+00 1
5.00E+00 0.00E+00 1
5.05E+00 0.00E+00 1
5.10E+00 0.00E+00 1
5.15E+00 0.00E+00 1
5.20E+00 0.00E+00 1
5.25E+00 0.00E+00 1
5.30E+00 0.00E+00 1
5.35E+00 0.00E+00 1
5.40E+00 0.00E+00 1
5.45E+00 0.00E+00 1
5.50E+00 0.00E+00 1
5.55E+00 0.00E+00 1
5.60E+00 0.00E+00 1
5.65E+00 0.00E+00 1
5.70E+00 0.00E+00 1
5.75E+00 0.00E+00 1
5.80E+00 0.00E+00 1
5.85E+00 0.00E+00 1
5.90E+00 0.00E+00 1
5.95E+00 0.00E+00 1
6.00E+00 0.00E+00 1
0.00E+00 0.00E+00 0.168
5.00E-02 0.00E+00 0.1827
1.00E-01 0.00E+00 0.1974
1.50E-01 0.00E+00 0.2121
2.00E-01 0.00E+00 0.2268
2.50E-01 0.00E+00 0.2415
3.00E-01 0.00E+00 0.2562
3.50E-01 0.00E+00 0.2709
4.00E-01 0.00E+00 0.2856
4.50E-01 0.00E+00 0.3003
5.00E-01 0.00E+00 0.315
5.50E-01 0.00E+00 0.3297
6.00E-01 0.00E+00 0.3444
6.50E-01 0.00E+00 0.3591
7.00E-01 0.00E+00 0.3738
7.50E-01 0.00E+00 0.3885
8.00E-01 0.00E+00 0.4032
8.50E-01 0.00E+00 0.4179
9.00E-01 0.00E+00 0.4326
9.50E-01 0.00E+00 0.4473
1.00E+00 0.00E+00 0.462
1.05E+00 0.00E+00 0.4767
1.10E+00 0.00E+00 0.4914
1.15E+00 0.00E+00 0.5061
1.20E+00 0.00E+00 0.5208
1.25E+00 0.00E+00 0.5355
1.30E+00 0.00E+00 0.5502
1.35E+00 0.00E+00 0.5649
1.40E+00 0.00E+00 0.5796
1.45E+00 0.00E+00 0.5943
1.50E+00 0.00E+00 0.609
1.55E+00 0.00E+00 0.6237
1.60E+00 0.00E+00 0.6384
1.65E+00 0.00E+00 0.6531
1.70E+00 0.00E+00 0.6678
1.75E+00 0.00E+00 0.6825
1.80E+00 0.00E+00 0.6972
1.85E+00 0.00E+00 0.7119
1.90E+00 0.00E+00 0.7266
1.95E+00 0.00E+00 0.7413
2.00E+00 0.00E+00 0.756
2.05E+00 0.00E+00 0.7707
2.10E+00 0.00E+00 0.7854
2.15E+00 0.00E+00 0.8001
2.20E+00 0.00E+00 0.8148
2.25E+00 0.00E+00 0.8295
2.30E+00 0.00E+00 0.8442
2.35E+00 0.00E+00 0.8589
2.40E+00 0.00E+00 0.8736
2.45E+00 0.00E+00 0.8883
2.50E+00 0.00E+00 0.903
2.55E+00 0.00E+00 0.9177
2.60E+00 0.00E+00 0.9324
2.65E+00 0.00E+00 0.9471
2.70E+00 0.00E+00 0.9618
2.75E+00 0.00E+00 0.9765
2.80E+00 0.00E+00 0.9912
2.85E+00 0.00E+00 1.0059
2.90E+00 0.00E+00 1.0206
2.95E+00 0.00E+00 1.0353
3.00E+00 0.00E+00 1.05
3.05E+00 0.00E+00 1.05
3.10E+00 0.00E+00 1.05
3.15E+00 0.00E+00 1.05
3.20E+00 0.00E+00 1.05
3.25E+00 0.00E+00 1.05
3.30E+00 0.00E+00 1.05
3.35E+00 0.00E+00 1.05
3.40E+00 0.00E+00 1.05
3.45E+00 0.00E+00 1.05
3.50E+00 0.00E+00 1.05
3.55E+00 0.00E+00 1.05
3.60E+00 0.00E+00 1.05
3.65E+00 0.00E+00 1.05
3.70E+00 0.00E+00 1.05
3.75E+00 0.00E+00 1.05
3.80E+00 0.00E+00 1.05
3.85E+00 0.00E+00 1.05
3.90E+00 0.00E+00 1.05
3.95E+00 0.00E+00 1.05
4.00E+00 0.00E+00 1.05
4.05E+00 0.00E+00 1.05
4.10E+00 0.00E+00 1.05
4.15E+00 0.00E+00 1.05
4.20E+00 0.00E+00 1.05
4.25E+00 0.00E+00 1.05
4.30E+00 0.00E+00 1.05
4.35E+00 0.00E+00 1.05
4.40E+00 0.00E+00 1.05
4.45E+00 0.00E+00 1.05
4.50E+00 0.00E+00 1.05
4.55E+00 0.00E+00 1.05
4.60E+00 0.00E+00 1.05
4.65E+00 0.00E+00 1.05
4.70E+00 0.00E+00 1.05
4.75E+00 0.00E+00 1.05
4.80E+00 0.00E+00 1.05
4.85E+00 0.00E+00 1.05
4.90E+00 0.00E+00 1.05
4.95E+00 0.00E+00 1.05
5.00E+00 0.00E+00 1.05
5.05E+00 0.00E+00 1.05
5.10E+00 0.00E+00 1.05
5.15E+00 0.00E+00 1.05
5.20E+00 0.00E+00 1.05
5.25E+00 0.00E+00 1.05
5.30E+00 0.00E+00 1.05
5.35E+00 0.00E+00 1.05
5.40E+00 0.00E+00 1.05
5.45E+00 0.00E+00 1.05
5.50E+00 0.00E+00 1.05
5.55E+00 0.00E+00 1.05
5.60E+00 0.00E+00 1.05
5.65E+00 0.00E+00 1.05
5.70E+00 0.00E+00 1.05
5.75E+00 0.00E+00 1.05
5.80E+00 0.00E+00 1.05
5.85E+00 0.00E+00 1.05
5.90E+00 0.00E+00 1.05
5.95E+00 0.00E+00 1.05
6.00E+00 0.00E+00 1.05
0.00E+00 0.00E+00 0.176
5.00E-02 0.00E+00 0.1914
1.00E-01 0.00E+00 0.2068
1.50E-01 0.00E+00 0.2222
2.00E-01 0.00E+00 0.2376
2.50E-01 0.00E+00 0.253
3.00E-01 0.00E+00 0.2684
3.50E-01 0.00E+00 0.2838
4.00E-01 0.00E+00 0.2992
4.50E-01 0.00E+00 0.3146
5.00E-01 0.00E+00 0.33
5.50E-01 0.00E+00 0.3454
6.00E-01 0.00E+00 0.3608
6.50E-01 0.00E+00 0.3762
7.00E-01 0.00E+00 0.3916
7.50E-01 0.00E+00 0.407
8.00E-01 0.00E+00 0.4224
8.50E-01 0.00E+00 0.4378
9.00E-01 0.00E+00 0.4532
9.50E-01 0.00E+00 0.4686
1.00E+00 0.00E+00 0.484
1.05E+00 0.00E+00 0.4994
1.10E+00 0.00E+00 0.5148
1.15E+00 0.00E+00 0.5302
1.20E+00 0.00E+00 0.5456
1.25E+00 0.00E+00 0.561
1.30E+00 0.00E+00 0.5764
1.35E+00 0.00E+00 0.5918
1.40E+00 0.00E+00 0.6072
1.45E+00 0.00E+00 0.6226
1.50E+00 0.00E+00 0.638
1.55E+00 0.00E+00 0.6534
1.60E+00 0.00E+00 0.6688
1.65E+00 0.00E+00 0.6842
1.70E+00 0.00E+00 0.6996
1.75E+00 0.00E+00 0.715
1.80E+00 0.00E+00 0.7304
1.85E+00 0.00E+00 0.7458
1.90E+00 0.00E+00 0.7612
1.95E+00 0.00E+00 0.7766
2.00E+00 0.00E+00 0.792
2.05E+00 0.00E+00 0.8074
2.10E+00 0.00E+00 0.8228
2.15E+00 0.00E+00 0.8382
2.20E+00 0.00E+00 0.8536
2.25E+00 0.00E+00 0.869
2.30E+00 0.00E+00 0.8844
2.35E+00 0.00E+00 0.8998
2.40E+00 0.00E+00 0.9152
2.45E+00 0.00E+00 0.9306
2.50E+00 0.00E+00 0.946
2.55E+00 0.00E+00 0.9614
2.60E+00 0.00E+00 0.9768
2.65E+00 0.00E+00 0.9922
2.70E+00 0.00E+00 1.0076
2.75E+00 0.00E+00 1.023
2.80E+00 0.00E+00 1.0384
2.85E+00 0.00E+00 1.0538
2.90E+00 0.00E+00 1.0692
2.95E+00 0.00E+00 1.0846
3.00E+00 0.00E+00 1.1
3.05E+00 0.00E+00 1.1
3.10E+00 0.00E+00 1.1
3.15E+00 0.00E+00 1.1
3.20E+00 0.00E+00 1.1
3.25E+00 0.00E+00 1.1
3.30E+00 0.00E+00 1.1
3.35E+00 0.00E+00 1.1
3.40E+00 0.00E+00 1.1
3.45E+00 0.00E+00 1.1
3.50E+00 0.00E+00 1.1
3.55E+00 0.00E+00 1.1
3.60E+00 0.00E+00 1.1
3.65E+00 0.00E+00 1.1
3.70E+00 0.00E+00 1.1
3.75E+00 0.00E+00 1.1
3.80E+00 0.00E+00 1.1
3.85E+00 0.00E+00 1.1
3.90E+00 0.00E+00 1.1
3.95E+00 0.00E+00 1.1
4.00E+00 0.00E+00 1.1
4.05E+00 0.00E+00 1.1
4.10E+00 0.00E+00 1.1
4.15E+00 0.00E+00 1.1
4.20E+00 0.00E+00 1.1
4.25E+00 0.00E+00 1.1
4.30E+00 0.00E+00 1.1
4.35E+00 0.00E+00 1.1
4.40E+00 0.00E+00 1.1
4.45E+00 0.00E+00 1.1
4.50E+00 0.00E+00 1.1
4.55E+00 0.00E+00 1.1
4.60E+00 0.00E+00 1.1
4.65E+00 0.00E+00 1.1
4.70E+00 0.00E+00 1.1
4.75E+00 0.00E+00 1.1
4.80E+00 0.00E+00 1.1
4.85E+00 0.00E+00 1.1
4.90E+00 0.00E+00 1.1
4.95E+00 0.00E+00 1.1
5.00E+00 0.00E+00 1.1
5.05E+00 0.00E+00 1.1
5.10E+00 0.00E+00 1.1
5.15E+00 0.00E+00 1.1
5.20E+00 0.00E+00 1.1
5.25E+00 0.00E+00 1.1
5.30E+00 0.00E+00 1.1
5.35E+00 0.00E+00 1.1
5.40E+00 0.00E+00 1.1
5.45E+00 0.00E+00 1.1
5.50E+00 0.00E+00 1.1
5.55E+00 0.00E+00 1.1
5.60E+00 0.00E+00 1.1
5.65E+00 0.00E+00 1.1
5.70E+00 0.00E+00 1.1
5.75E+00 0.00E+00 1.1
5.80E+00 0.00E+00 1.1
5.85E+00 0.00E+00 1.1
5.90E+00 0.00E+00 1.1
5.95E+00 0.00E+00 1.1
6.00E+00 0.00E+00 1.1
0.00E+00 0.00E+00 0.184
5.00E-02 0.00E+00 0.2001
1.00E-01 0.00E+00 0.2162
1.50E-01 0.00E+00 0.2323
2.00E-01 0.00E+00 0.2484
2.50E-01 0.00E+00 0.2645
3.00E-01 0.00E+00 0.2806
3.50E-01 0.00E+00 0.2967
4.00E-01 0.00E+00 0.3128
4.50E-01 0.00E+00 0.3289
5.00E-01 0.00E+00 0.345
5.50E-01 0.00E+00 0.3611
6.00E-01 0.00E+00 0.3772
6.50E-01 0.00E+00 0.3933
7.00E-01 0.00E+00 0.4094
7.50E-01 0.00E+00 0.4255
8.00E-01 0.00E+00 0.4416
8.50E-01 0.00E+00 0.4577
9.00E-01 0.00E+00 0.4738
9.50E-01 0.00E+00 0.4899
1.00E+00 0.00E+00 0.506
1.05E+00 0.00E+00 0.5221
1.10E+00 0.00E+00 0.5382
1.15E+00 0.00E+00 0.5543
1.20E+00 0.00E+00 0.5704
1.25E+00 0.00E+00 0.5865
1.30E+00 0.00E+00 0.6026
1.35E+00 0.00E+00 0.6187
1.40E+00 0.00E+00 0.6348
1.45E+00 0.00E+00 0.6509
1.50E+00 0.00E+00 0.667
1.55E+00 0.00E+00 0.6831
1.60E+00 0.00E+00 0.6992
1.65E+00 0.00E+00 0.7153
1.70E+00 0.00E+00 0.7314
1.75E+00 0.00E+00 0.7475
1.80E+00 0.00E+00 0.7636
1.85E+00 0.00E+00 0.7797
1.90E+00 0.00E+00 0.7958
1.95E+00 0.00E+00 0.8119
2.00E+00 0.00E+00 0.828
2.05E+00 0.00E+00 0.8441
2.10E+00 0.00E+00 0.8602
2.15E+00 0.00E+00 0.8763
2.20E+00 0.00E+00 0.8924
2.25E+00 0.00E+00 0.9085
2.30E+00 0.00E+00 0.9246
2.35E+00 0.00E+00 0.9407
2.40E+00 0.00E+00 0.9568
2.45E+00 0.00E+00 0.9729
2.50E+00 0.00E+00 0.989
2.55E+00 0.00E+00 1.0051
2.60E+00 0.00E+00 1.0212
2.65E+00 0.00E+00 1.0373
2.70E+00 0.00E+00 1.0534
2.75E+00 0.00E+00 1.0695
2.80E+00 0.00E+00 1.0856
2.85E+00 0.00E+00 1.1017
2.90E+00 0.00E+00 1.1178
2.95E+00 0.00E+00 1.1339
3.00E+00 0.00E+00 1.15
3.05E+00 0.00E+00 1.15
3.10E+00 0.00E+00 1.15
3.15E+00 0.00E+00 1.15
3.20E+00 0.00E+00 1.15
3.25E+00 0.00E+00 1.15
3.30E+00 0.00E+00 1.15
3.35E+00 0.00E+00 1.15
3.40E+00 0.00E+00 1.15
3.45E+00 0.00E+00 1.15
3.50E+00 0.00E+00 1.15
3.55E+00 0.00E+00 1.15
3.60E+00 0.00E+00 1.15
3.65E+00 0.00E+00 1.15
3.70E+00 0.00E+00 1.15
3.75E+00 0.00E+00 1.15
3.80E+00 0.00E+00 1.15
3.85E+00 0.00E+00 1.15
3.90E+00 0.00E+00 1.15
3.95E+00 0.00E+00 1.15
4.00E+00 0.00E+00 1.15
4.05E+00 0.00E+00 1.15
4.10E+00 0.00E+00 1.15
4.15E+00 0.00E+00 1.15
4.20E+00 0.00E+00 1.15
4.25E+00 0.00E+00 1.15
4.30E+00 0.00E+00 1.15
4.35E+00 0.00E+00 1.15
4.40E+00 0.00E+00 1.15
4.45E+00 0.00E+00 1.15
4.50E+00 0.00E+00 1.15
4.55E+00 0.00E+00 1.15
4.60E+00 0.00E+00 1.15
4.65E+00 0.00E+00 1.15
4.70E+00 0.00E+00 1.15
4.75E+00 0.00E+00 1.15
4.80E+00 0.00E+00 1.15
4.85E+00 0.00E+00 1.15
4.90E+00 0.00E+00 1.15
4.95E+00 0.00E+00 1.15
5.00E+00 0.00E+00 1.15
5.05E+00 0.00E+00 1.15
5.10E+00 0.00E+00 1.15
5.15E+00 0.00E+00 1.15
5.20E+00 0.00E+00 1.15
5.25E+00 0.00E+00 1.15
5.30E+00 0.00E+00 1.15
5.35E+00 0.00E+00 1.15
5.40E+00 0.00E+00 1.15
5.45E+00 0.00E+00 1.15
5.50E+00 0.00E+00 1.15
5.55E+00 0.00E+00 1.15
5.60E+00 0.00E+00 1.15
5.65E+00 0.00E+00 1.15
5.70E+00 0.00E+00 1.15
5.75E+00 0.00E+00 1.15
5.80E+00 0.00E+00 1.15
5.85E+00 0.00E+00 1.15
5.90E+00 0.00E+00 1.15
5.95E+00 0.00E+00 1.15
6.00E+00 0.00E+00 1.15
0.00E+00 0.00E+00 0.192
5.00E-02 0.00E+00 0.2088
1.00E-01 0.00E+00 0.2256
1.50E-01 0.00E+00 0.2424
2.00E-01 0.00E+00 0.2592
2.50E-01 0.00E+00 0.276
3.00E-01 0.00E+00 0.2928
3.50E-01 0.00E+00 0.3096
4.00E-01 0.00E+00 0.3264
4.50E-01 0.00E+00 0.3432
5.00E-01 0.00E+00 0.36
5.50E-01 0.00E+00 0.3768
6.00E-01 0.00E+00 0.3936
6.50E-01 0.00E+00 0.4104
7.00E-01 0.00E+00 0.4272
7.50E-01 0.00E+00 0.444
8.00E-01 0.00E+00 0.4608
8.50E-01 0.00E+00 0.4776
9.00E-01 0.00E+00 0.4944
9.50E-01 0.00E+00 0.5112
1.00E+00 0.00E+00 0.528
1.05E+00 0.00E+00 0.5448
1.10E+00 0.00E+00 0.5616
1.15E+00 0.00E+00 0.5784
1.20E+00 0.00E+00 0.5952
1.25E+00 0.00E+00 0.612
1.30E+00 0.00E+00 0.6288
1.35E+00 0.00E+00 0.6456
1.40E+00 0.00E+00 0.6624
1.45E+00 0.00E+00 0.6792
1.50E+00 0.00E+00 0.696
1.55E+00 0.00E+00 0.7128
1.60E+00 0.00E+00 0.7296
1.65E+00 0.00E+00 0.7464
1.70E+00 0.00E+00 0.7632
1.75E+00 0.00E+00 0.78
1.80E+00 0.00E+00 0.7968
1.85E+00 0.00E+00 0.8136
1.90E+00 0.00E+00 0.8304
1.95E+00 0.00E+00 0.8472
2.00E+00 0.00E+00 0.864
2.05E+00 0.00E+00 0.8808
2.10E+00 0.00E+00 0.8976
2.15E+00 0.00E+00 0.9144
2.20E+00 0.00E+00 0.9312
2.25E+00 0.00E+00 0.948
2.30E+00 0.00E+00 0.9648
2.35E+00 0.00E+00 0.9816
2.40E+00 0.00E+00 0.9984
2.45E+00 0.00E+00 1.0152
2.50E+00 0.00E+00 1.032
2.55E+00 0.00E+00 1.0488
2.60E+00 0.00E+00 1.0656
2.65E+00 0.00E+00 1.0824
2.70E+00 0.00E+00 1.0992
2.75E+00 0.00E+00 1.116
2.80E+00 0.00E+00 1.1328
2.85E+00 0.00E+00 1.1496
2.90E+00 0.00E+00 1.1664
2.95E+00 0.00E+00 1.1832
3.00E+00 0.00E+00 1.2
3.05E+00 0.00E+00 1.2
3.10E+00 0.00E+00 1.2
3.15E+00 0.00E+00 1.2
3.20E+00 0.00E+00 1.2
3.25E+00 0.00E+00 1.2
3.30E+00 0.00E+00 1.2
3.35E+00 0.00E+00 1.2
3.40E+00 0.00E+00 1.2
3.45E+00 0.00E+00 1.2
3.50E+00 0.00E+00 1.2
3.55E+00 0.00E+00 1.2
3.60E+00 0.00E+00 1.2
3.65E+00 0.00E+00 1.2
3.70E+00 0.00E+00 1.2
3.75E+00 0.00E+00 1.2
3.80E+00 0.00E+00 1.2
3.85E+00 0.00E+00 1.2
3.90E+00 0.00E+00 1.2
3.95E+00 0.00E+00 1.2
4.00E+00 0.00E+00 1.2
4.05E+00 0.00E+00 1.2
4.10E+00 0.00E+00 1.2
4.15E+00 0.00E+00 1.2
4.20E+00 0.00E+00 1.2
4.25E+00 0.00E+00 1.2
4.30E+00 0.00E+00 1.2
4.35E+00 0.00E+00 1.2
4.40E+00 0.00E+00 1.2
4.45E+00 0.00E+00 1.2
4.50E+00 0.00E+00 1.2
4.55E+00 0.00E+00 1.2
4.60E+00 0.00E+00 1.2
4.65E+00 0.00E+00 1.2
4.70E+00 0.00E+00 1.2
4.75E+00 0.00E+00 1.2
4.80E+00 0.00E+00 1.2
4.85E+00 0.00E+00 1.2
4.90E+00 0.00E+00 1.2
4.95E+00 0.00E+00 1.2
5.00E+00 0.00E+00 1.2
5.05E+00 0.00E+00 1.2
5.10E+00 0.00E+00 1.2
5.15E+00 0.00E+00 1.2
5.20E+00 0.00E+00 1.2
5.25E+00 0.00E+00 1.2
5.30E+00 0.00E+00 1.2
5.35E+00 0.00E+00 1.2
5.40E+00 0.00E+00 1.2
5.45E+00 0.00E+00 1.2
5.50E+00 0.00E+00 1.2
5.55E+00 0.00E+00 1.2
5.60E+00 0.00E+00 1.2
5.65E+00 0.00E+00 1.2
5.70E+00 0.00E+00 1.2
5.75E+00 0.00E+00 1.2
5.80E+00 0.00E+00 1.2
5.85E+00 0.00E+00 1.2
5.90E+00 0.00E+00 1.2
5.95E+00 0.00E+00 1.2
6.00E+00 0.00E+00 1.2

CELLS         2880        14400
  4 0  1  122  121 
  4 1  2  123  122 
  4 2  3  124  123 
  4 3  4  125  124 
  4 4  5  126  125 
  4 5  6  127  126 
  4 6  7  128  127 
  4 7  8  129  128 
  4 8  9  130  129 
  4 9  10  131  130 
  4 10  11  132  131 
  4 11  12  133  132 
  4 12  13  134  133 
  4 13  14  135  134 
  4 14  15  136  135 
  4 15  16  137  136 
  4 16  17  138  137 
  4 17  18  139  138 
  4 18  19  140  139 
  4 19  20  141  140 
  4 20  21  142  141 
  4 21  22  143  142 
  4 22  23  144  143 
  4 23  24  145  144 
  4 24  25  146  145 
  4 25  26  147  146 
  4 26  27  148  147 
  4 27  28  149  148 
  4 28  29  150  149 
  4 29  30  151  150 
  4 30  31  152  151 
  4 31  32  153  152 
  4 32  33  154  153 
  4 33  34  155  154 
  4 34  35  156  155 
  4 35  36  157  156 
  4 36  37  158  157 
  4 37  38  159  158 
  4 38  39  160  159 
  4 39  40  161  160 
  4 40  41  162  161 
  4 41  42  163  162 
  4 42  43  164  163 
  4 43  44  165  164 
  4 44  45  166  165 
  4 45  46  167  166 
  4 46  47  168  167 
  4 47  48  169  168 
  4 48  49  170  169 
  4 49  50  171  170 
  4 50  51  172  171 
  4 51  52  173  172 
  4 52  53  174  173 
  4 53  54  175  174 
  4 54  55  176  175 
  4 55  56  177  176 
  4 56  57  178  177 
  4 57  58  179  178 
  4 58  59  180  179 
  4 59  60  181  180 
  4 60  61  182  181 
  4 61  62  183  182 
  4 62  63  184  183 
  4 63  64  185  184 
  4 64  65  186  185 
  4 65  66  187  186 
  4 66  67  188  187 
  4 67  68  189  188 
  4 68  69  190  189 
  4 69  70  191  190 
  4 70  71  192  191 
  4 71  72  193  192 
  4 72  73  194  193 
  4 73  74  195  194 
  4 74  75  196  195 
  4 75  76  197  196 
  4 76  77  198  197 
  4 77  78  199  198 
  4 78  79  200  199 
  4 79  80  201  200 
  4 80  81  202  201 
  4 81  82  203  202 
  4 82  83  204  203 
  4 83  84  205  204 
  4 84  85  206  205 
  4 85  86  207  206 
  4 86  87  208  207 
  4 87  88  209  208 
  4 88  89  210  209 
  4 89  90  211  210 
  4 90  91  212  211 
  4 91  92  213  212 
  4 92  93  214  213 
  4 93  94  215  214 
  4 94  95  216  215 
  4 95  96  217  216 
  4 96  97  218  217 
  4 97  98  219  218 
  4 98  99  220  219 
  4 99  100  221  220 
  4 100  101  222  221 
  4 101  102  223  222 
  4 102  103  224  223 
  4 103  104  225  224 
  4 104  105  226  225 
  4 105  106  227  226 
  4 106  107  228  227 
  4 107  108  229  228 
  4 108  109  230  229 
  4 109  110  231  230 
  4 110  111  232  231 
  4 111  112  233  232 
  4 112  113  234  233 
  4 113  114  235  234 
  4 114  115  236  235 
  4 115  116  237  236 
  4 116  117  238  237 
  4 117  118  239  238 
  4 118  119  240  239 
  4 119  120  241  240 
  4 121  122  243  242 
  4 122  123  244  243 
  4 123  124  245  244 
  4 124  125  246  245 
  4 125  126  247  246 
  4 126  127  248  247 
  4 127  128  249  248 
  4 128  129  250  249 
  4 129  130  251  250 
  4 130  131  252  251 
  4 131  132  253  252 
  4 132  133  254  253 
  4 133  134  255  254 
  4 134  135  256  255 
  4 135  136  257  256 
  4 136  137  258  257 
  4 137  138  259  258 
  4 138  139  260  259 
  4 139  140  261  260 
  4 140  141  262  261 
  4 141  142  263  262 
  4 142  143  264  263 
  4 143  144  265  264 
  4 144  145  266  265 
  4 145  146  267  266 
  4 146  147  268  267 
  4 147  148  269  268 
  4 148  149  270  269 
  4 149  150  271  270 
  4 150  151  272  271 
  4 151  152  273  272 
  4 152  153  274  273 
  4 153  154  275  274 
  4 154  155  276  275 
  4 155  156  277  276 
  4 156  157  278  277 
  4 157  158  279  278 
  4 158  159  280  279 
  4 159  160  281  280 
  4 160  161  282  281 
  4 161  162  283  282 
  4 162  163  284  283 
  4 163  164  285  284 
  4 164  165  286  285 
  4 165  166  287  286 
  4 166  167  288  287 
  4 167  168  289  288 
  4 168  169  290  289 
  4 169  170  291  290 
  4 170  171  292  291 
  4 171  172  293  292 
  4 172  173  294  293 
  4 173  174  295  294 
  4 174  175  296  295 
  4 175  176  297  296 
  4 176  177  298  297 
  4 177  178  299  298 
  4 178  179  300  299 
  4 179  180  301  300 
  4 180  181  302  301 
  4 181  182  303  302 
  4 182  183  304  303 
  4 183  184  305  304 
  4 184  185  306  305 
  4 185  186  307  306 
  4 186  187  308  307 
  4 187  188  309  308 
  4 188  189  310  309 
  4 189  190  311  310 
  4 190  191  312  311 
  4 191  192  313  312 
  4 192  193  314  313 
  4 193  194  315  314 
  4 194  195  316  315 
  4 195  196  317  316 
  4 196  197  318  317 
  4 197  198  319  318 
  4 198  199  320  319 
  4 199  200  321  320 
  4 200  201  322  321 
  4 201  202  323  322 
  4 202  203  324  323 
  4 203  204  325  324 
  4 204  205  326  325 
  4 205  206  327  326 
  4 206  207  328  327 
  4 207  208  329  328 
  4 208  209  330  329 
  4 209  210  331  330 
  4 210  211  332  331 
  4 211  212  333  332 
  4 212  213  334  333 
  4 213  214  335  334 
  4 214  215  336  335 
  4 215  216  337  336 
  4 216  217  338  337 
  4 217  218  339  338 
  4 218  219  340  339 
  4 219  220  341  340 
  4 220  221  342  341 
  4 221  222  343  342 
  4 222  223  344  343 
  4 223  224  345  344 
  4 224  225  346  345 
  4 225  226  347  346 
  4 226  227  348  347 
  4 227  228  349  348 
  4 228  229  350  349 
  4 229  230  351  350 
  4 230  231  352  351 
  4 231  232  353  352 
  4 232  233  354  353 
  4 233  234  355  354 
  4 234  235  356  355 
  4 235  236  357  356 
  4 236  237  358  357 
  4 237  238  359  358 
  4 238  239  360  359 
  4 239  240  361  360 
  4 240  241  362  361 
  4 242  243  364  363 
  4 243  244  365  364 
  4 244  245  366  365 
  4 245  246  367  366 
  4 246  247  368  367 
  4 247  248  369  368 
  4 248  249  370  369 
  4 249  250  371  370 
  4 250  251  372  371 
  4 251  252  373  372 
  4 252  253  374  373 
  4 253  254  375  374 
  4 254  255  376  375 
  4 255  256  377  376 
  4 256  257  378  377 
  4 257  258  379  378 
  4 258  259  380  379 
  4 259  260  381  380 
  4 260  261  382  381 
  4 261  262  383  382 
  4 262  263  384  383 
  4 263  264  385  384 
  4 264  265  386  385 
  4 265  266  387  386 
  4 266  267  388  387 
  4 267  268  389  388 
  4 268  269  390  389 
  4 269  270  391  390 
  4 270  271  392  391 
  4 271  272  393  392 
  4 272  273  394  393 
  4 273  274  395  394 
  4 274  275  396  395 
  4 275  276  397  396 
  4 276  277  398  397 
  4 277  278  399  398 
  4 278  279  400  399 
  4 279  280  401  400 
  4 280  281  402  401 
  4 281  282  403  402 
  4 282  283  404  403 
  4 283  284  405  404 
  4 284  285  406  405 
  4 285  286  407  406 
  4 286  287  408  407 
  4 287  288  409  408 
  4 288  289  410  409 
  4 289  290  411  410 
  4 290  291  412  411 
  4 291  292  413  412 
  4 292  293  414  413 
  4 293  294  415  414 
  4 294  295  416  415 
  4 295  296  417  416 
  4 296  297  418  417 
  4 297  298  419  418 
  4 298  299  420  419 
  4 299  300  421  420 
  4 300  301  422  421 
  4 301  302  423  422 
  4 302  303  424  423 
  4 303  304  425  424 
  4 304  305  426  425 
  4 305  306  427  426 
  4 306  307  428  427 
  4 307  308  429  428 
  4 308  309  430  429 
  4 309  310  431  430 
  4 310  311  432  431 
  4 311  312  433  432 
  4 312  313  434  433 
  4 313  314  435  434 
  4 314  315  436  435 
  4 315  316  437  436 
  4 316  317  438  437 
  4 317  318  439  438 
  4 318  319  440  439 
  4 319  320  441  440 
  4 320  321  442  441 
  4 321  322  443  442 
  4 322  323  444  443 
  4 323  324  445  444 
  4 324  325  446  445 
  4 325  326  447  446 
  4 326  327  448  447 
  4 327  328  449  448 
  4 328  329  450  449 
  4 329  330  451  450 
  4 330  331  452  451 
  4 331  332  453  452 
  4 332  333  454  453 
  4 333  334  455  454 
  4 334  335  456  455 
  4 335  336  457  456 
  4 336  337  458  457 
  4 337  338  459  458 
  4 338  339  460  459 
  4 339  340  461  460 
  4 340  341  462  461 
  4 341  342  463  462 
  4 342  343  464  463 
  4 343  344  465  464 
  4 344  345  466  465 
  4 345  346  467  466 
  4 346  347  468  467 
  4 347  348  469  468 
  4 348  349  470  469 
  4 349  350  471  470 
  4 350  351  472  471 
  4 351  352  473  472 
  4 352  353  474  473 
  4 353  354  475  474 
  4 354  355  476  475 
  4 355  356  477  476 
  4 356  357  478  477 
  4 357  358  479  478 
  4 358  359  480  479 
  4 359  360  481  480 
  4 360  361  482  481 
  4 361  362  483  482 
  4 363  364  485  484 
  4 364  365  486  485 
  4 365  366  487  486 
  4 366  367  488  487 
  4 367  368  489  488 
  4 368  369  490  489 
  4 369  370  491  490 
  4 370  371  492  491 
  4 371  372  493  492 
  4 372  373  494  493 
  4 373  374  495  494 
  4 374  375  496  495 
  4 375  376  497  496 
  4 376  377  498  497 
  4 377  378  499  498 
  4 378  379  500  499 
  4 379  380  501  500 
  4 380  381  502  501 
  4 381  382  503  502 
  4 382  383  504  503 
  4 383  384  505  504 
  4 384  385  506  505 
  4 385  386  507  506 
  4 386  387  508  507 
  4 387  388  509  508 
  4 388  389  510  509 
  4 389  390  511  510 
  4 390  391  512  511 
  4 391  392  513  512 
  4 392  393  514  513 
  4 393  394  515  514 
  4 394  395  516  515 
  4 395  396  517  516 
  4 396  397  518  517 
  4 397  398  519  518 
  4 398  399  520  519 
  4 399  400  521  520 
  4 400  401  522  521 
  4 401  402  523  522 
  4 402  403  524  523 
  4 403  404  525  524 
  4 404  405  526  525 
  4 405  406  527  526 
  4 406  407  528  527 
  4 407  408  529  528 
  4 408  409  530  529 
  4 409  410  531  530 
  4 410  411  532  531 
  4 411  412  533  532 
  4 412  413  534  533 
  4 413  414  535  534 
  4 414  415  536  535 
  4 415  416  537  536 
  4 416  417  538  537 
  4 417  418  539  538 
  4 418  419  540  539 
  4 419  420  541  540 
  4 420  421  542  541 
  4 421  422  543  542 
  4 422  423  544  543 
  4 423  424  545  544 
  4 424  425  546  545 
  4 425  426  547  546 
  4 426  427  548  547 
  4 427  428  549  548 
  4 428  429  550  549 
  4 429  430  551  550 
  4 430  431  552  551 
  4 431  432  553  552 
  4 432  433  554  553 
  4 433  434  555  554 
  4 434  435  556  555 
  4 435  436  557  556 
  4 436  437  558  557 
  4 437  438  559  558 
  4 438  439  560  559 
  4 439  440  561  560 
  4 440  441  562  561 
  4 441  442  563  562 
  4 442  443  564  563 
  4 443  444  565  564 
  4 444  445  566  565 
  4 445  446  567  566 
  4 446  447  568  567 
  4 447  448  569  568 
  4 448  449  570  569 
  4 449  450  571  570 
  4 450  451  572  571 
  4 451  452  573  572 
  4 452  453  574  573 
  4 453  454  575  574 
  4 454  455  576  575 
  4 455  456  577  576 
  4 456  457  578  577 
  4 457  458  579  578 
  4 458  459  580  579 
  4 459  460  581  580 
  4 460  461  582  581 
  4 461  462  583  582 
  4 462  463  584  583 
  4 463  464  585  584 
  4 464  465  586  585 
  4 465  466  587  586 
  4 466  467  588  587 
  4 467  468  589  588 
  4 468  469  590  589 
  4 469  470  591  590 
  4 470  471  592  591 
  4 471  472  593  592 
  4 472  473  594  593 
  4 473  474  595  594 
  4 474  475  596  595 
  4 475  476  597  596 
  4 476  477  598  597 
  4 477  478  599  598 
  4 478  479  600  599 
  4 479  480  601  600 
  4 480  481  602  601 
  4 481  482  603  602 
  4 482  483  604  603 
  4 484  485  606  605 
  4 485  486  607  606 
  4 486  487  608  607 
  4 487  488  609  608 
  4 488  489  610  609 
  4 489  490  611  610 
  4 490  491  612  611 
  4 491  492  613  612 
  4 492  493  614  613 
  4 493  494  615  614 
  4 494  495  616  615 
  4 495  496  617  616 
  4 496  497  618  617 
  4 497  498  619  618 
  4 498  499  620  619 
  4 499  500  621  620 
  4 500  501  622  621 
  4 501  502  623  622 
  4 502  503  624  623 
  4 503  504  625  624 
  4 504  505  626  625 
  4 505  506  627  626 
  4 506  507  628  627 
  4 507  508  629  628 
  4 508  509  630  629 
  4 509  510  631  630 
  4 510  511  632  631 
  4 511  512  633  632 
  4 512  513  634  633 
  4 513  514  635  634 
  4 514  515  636  635 
  4 515  516  637  636 
  4 516  517  638  637 
  4 517  518  639  638 
  4 518  519  640  639 
  4 519  520  641  640 
  4 520  521  642  641 
  4 521  522  643  642 
  4 522  523  644  643 
  4 523  524  645  644 
  4 524  525  646  645 
  4 525  526  647  646 
  4 526  527  648  647 
  4 527  528  649  648 
  4 528  529  650  649 
  4 529  530  651  650 
  4 530  531  652  651 
  4 531  532  653  652 
  4 532  533  654  653 
  4 533  534  655  654 
  4 534  535  656  655 
  4 535  536  657  656 
  4 536  537  658  657 
  4 537  538  659  658 
  4 538  539  660  659 
  4 539  540  661  660 
  4 540  541  662  661 
  4 541  542  663  662 
  4 542  543  664  663 
  4 543  544  665  664 
  4 544  545  666  665 
  4 545  546  667  666 
  4 546  547  668  667 
  4 547  548  669  668 
  4 548  549  670  669 
  4 549  550  671  670 
  4 550  551  672  671 
  4 551  552  673  672 
  4 552  553  674  673 
  4 553  554  675  674 
  4 554  555  676  675 
  4 555  556  677  676 
  4 556  557  678  677 
  4 557  558  679  678 
  4 558  559  680  679 
  4 559  560  681  680 
  4 560  561  682  681 
  4 561  562  683  682 
  4 562  563  684  683 
  4 563  564  685  684 
  4 564  565  686  685 
  4 565  566  687  686 
  4 566  567  688  687 
  4 567  568  689  688 
  4 568  569  690  689 
  4 569  570  691  690 
  4 570  571  692  691 
  4 571  572  693  692 
  4 572  573  694  693 
  4 573  574  695  694 
  4 574  575  696  695 
  4 575  576  697  696 
  4 576  577  698  697 
  4 577  578  699  698 
  4 578  579  700  699 
  4 579  580  701  700 
  4 580  581  702  701 
  4 581  582  703  702 
  4 582  583  704  703 
  4 583  584  705  704 
  4 584  585  706  705 
  4 585  586  707  706 
  4 586  587  708  707 
  4 587  588  709  708 
  4 588  589  710  709 
  4 589  590  711  710 
  4 590  591  712  711 
  4 591  592  713  712 
  4 592  593  714  713 
  4 593  594  715  714 
  4 594  595  716  715 
  4 595  596  717  716 
  4 596  597  718  717 
  4 597  598  719  718 
  4 598  599  720  719 
  4 599  600  721  720 
  4 600  601  722  721 
  4 601  602  723  722 
  4 602  603  724  723 
  4 603  604  725  724 
  4 605  606  727  726 
  4 606  607  728  727 
  4 607  608  729  728 
  4 608  609  730  729 
  4 609  610  731  730 
  4 610  611  732  731 
  4 611  612  733  732 
  4 612  613  734  733 
  4 613  614  735  734 
  4 614  615  736  735 
  4 615  616  737  736 
  4 616  617  738  737 
  4 617  618  739  738 
  4 618  619  740  739 
  4 619  620  741  740 
  4 620  621  742  741 
  4 621  622  743  742 
  4 622  623  744  743 
  4 623  624  745  744 
  4 624  625  746  745 
  4 625  626  747  746 
  4 626  627  748  747 
  4 627  628  749  748 
  4 628  629  750  749 
  4 629  630  751  750 
  4 630  631  752  751 
  4 631  632  753  752 
  4 632  633  754  753 
  4 633  634  755  754 
  4 634  635  756  755 
  4 635  636  757  756 
  4 636  637  758  757 
  4 637  638  759  758 
  4 638  639  760  759 
  4 639  640  761  760 
  4 640  641  762  761 
  4 641  642  763  762 
  4 642  643  764  763 
  4 643  644  765  764 
  4 644  645  766  765 
  4 645  646  767  766 
  4 646  647  768  767 
  4 647  648  769  768 
  4 648  649  770  769 
  4 649  650  771  770 
  4 650  651  772  771 
  4 651  652  773  772 
  4 652  653  774  773 
  4 653  654  775  774 
  4 654  655  776  775 
  4 655  656  777  776 
  4 656  657  778  777 
  4 657  658  779  778 
  4 658  659  780  779 
  4 659  660  781  780 
  4 660  661  782  781 
  4 661  662  783  782 
  4 662  663  784  783 
  4 663  664  785  784 
  4 664  665  786  785 
  4 665  666  787  786 
  4 666  667  788  787 
  4 667  668  789  788 
  4 668  669  790  789 
  4 669  670  791  790 
  4 670  671  792  791 
  4 671  672  793  792 
  4 672  673  794  793 
  4 673  674  795  794 
  4 674  675  796  795 
  4 675  676  797  796 
  4 676  677  798  797 
  4 677  678  799  798 
  4 678  679  800  799 
  4 679  680  801  800 
  4 680  681  802  801 
  4 681  682  803  802 
  4 682  683  804  803 
  4 683  684  805  804 
  4 684  685  806  805 
  4 685  686  807  806 
  4 686  687  808  807 
  4 687  688  809  808 
  4 688  689  810  809 
  4 689  690  811  810 
  4 690  691  812  811 
  4 691  692  813  812 
  4 692  693  814  813 
  4 693  694  815  814 
  4 694  695  816  815 
  4 695  696  817  816 
  4 696  697  818  817 
  4 697  698  819  818 
  4 698  699  820  819 
  4 699  700  821  820 
  4 700  701  822  821 
  4 701  702  823  822 
  4 702  703  824  823 
  4 703  704  825  824 
  4 704  705  826  825 
  4 705  706  827  826 
  4 706  707  828  827 
  4 707  708  829  828 
  4 708  709  830  829 
  4 709  710  831  830 
  4 710  711  832  831 
  4 711  712  833  832 
  4 712  713  834  833 
  4 713  714  835  834 
  4 714  715  836  835 
  4 715  716  837  836 
  4 716  717  838  837 
  4 717  718  839  838 
  4 718  719  840  839 
  4 719  720  841  840 
  4 720  721  842  841 
  4 721  722  843  842 
  4 722  723  844  843 
  4 723  724  845  844 
  4 724  725  846  845 
  4 726  727  848  847 
  4 727  728  849  848 
  4 728  729  850  849 
  4 729  730  851  850 
  4 730  731  852  851 
  4 731  732  853  852 
  4 732  733  854  853 
  4 733  734  855  854 
  4 734  735  856  855 
  4 735  736  857  856 
  4 736  737  858  857 
  4 737  738  859  858 
  4 738  739  860  859 
  4 739  740  861  860 
  4 740  741  862  861 
  4 741  742  863  862 
  4 742  743  864  863 
  4 743  744  865  864 
  4 744  745  866  865 
  4 745  746  867  866 
  4 746  747  868  867 
  4 747  748  869  868 
  4 748  749  870  869 
  4 749  750  871  870 
  4 750  751  872  871 
  4 751  752  873  872 
  4 752  753  874  873 
  4 753  754  875  874 
  4 754  755  876  875 
  4 755  756  877  876 
  4 756  757  878  877 
  4 757  758  879  878 
  4 758  759  880  879 
  4 759  760  881  880 
  4 760  761  882  881 
  4 761  762  883  882 
  4 762  763  884  883 
  4 763  764  885  884 
  4 764  765  886  885 
  4 765  766  887  886 
  4 766  767  888  887 
  4 767  768  889  888 
  4 768  769  890  889 
  4 769  770  891  890 
  4 770  771  892  891 
  4 771  772  893  892 
  4 772  773  894  893 
  4 773  774  895  894 
  4 774  775  896  895 
  4 775  776  897  896 
  4 776  777  898  897 
  4 777  778  899  898 
  4 778  779  900  899 
  4 779  780  901  900 
  4 780  781  902  901 
  4 781  782  903  902 
  4 782  783  904  903 
  4 783  784  905  904 
  4 784  785  906  905 
  4 785  786  907  906 
  4 786  787  908  907 
  4 787  788  909  908 
  4 788  789  910  909 
  4 789  790  911  910 
  4 790  791  912  911 
  4 791  792  913  912 
  4 792  793  914  913 
  4 793  794  915  914 
  4 794  795  916  915 
  4 795  796  917  916 
  4 796  797  918  917 
  4 797  798  919  918 
  4 798  799  920  919 
  4 799  800  921  920 
  4 800  801  922  921 
  4 801  802  923  922 
  4 802  803  924  923 
  4 803  804  925  924 
  4 804  805  926  925 
  4 805  806  927  926 
  4 806  807  928  927 
  4 807  808  929  928 
  4 808  809  930  929 
  4 809  810  931  930 
  4 810  811  932  931 
  4 811  812  933  932 
  4 812  813  934  933 
  4 813  814  935  934 
  4 814  815  936  935 
  4 815  816  937  936 
  4 816  817  938  937 
  4 817  818  939  938 
  4 818  819  940  939 
  4 819  820  941  940 
  4 820  821  942  941 
  4 821  822  943  942 
  4 822  823  944  943 
  4 823  824  945  944 
  4 824  825  946  945 
  4 825  826  947  946 
  4 826  827  948  947 
  4 827  828  949  948 
  4 828  829  950  949 
  4 829  830  951  950 
  4 830  831  952  951 
  4 831  832  953  952 
  4 832  833  954  953 
  4 833  834  955  954 
  4 834  835  956  955 
  4 835  836  957  956 
  4 836  837  958  957 
  4 837  838  959  958 
  4 838  839  960  959 
  4 839  840  961  960 
  4 840  841  962  961 
  4 841  842  963  962 
  4 842  843  964  963 
  4 843  844  965  964 
  4 844  845  966  965 
  4 845  846  967  966 
  4 847  848  969  968 
  4 848  849  970  969 
  4 849  850  971  970 
  4 850  851  972  971 
  4 851  852  973  972 
  4 852  853  974  973 
  4 853  854  975  974 
  4 854  855  976  975 
  4 855  856  977  976 
  4 856  857  978  977 
  4 857  858  979  978 
  4 858  859  980  979 
  4 859  860  981  980 
  4 860  861  982  981 
  4 861  862  983  982 
  4 862  863  984  983 
  4 863  864  985  984 
  4 864  865  986  985 
  4 865  866  987  986 
  4 866  867  988  987 
  4 867  868  989  988 
  4 868  869  990  989 
  4 869  870  991  990 
  4 870  871  992  991 
  4 871  872  993  992 
  4 872  873  994  993 
  4 873  874  995  994 
  4 874  875  996  995 
  4 875  876  997  996 
  4 876  877  998  997 
  4 877  878  999  998 
  4 878  879  1000  999 
  4 879  880  1001  1000 
  4 880  881  1002  1001 
  4 881  882  1003  1002 
  4 882  883  1004  1003 
  4 883  884  1005  1004 
  4 884  885  1006  1005 
  4 885  886  1007  1006 
  4 886  887  1008  1007 
  4 887  888  1009  1008 
  4 888  889  1010  1009 
  4 889  890  1011  1010 
  4 890  891  1012  1011 
  4 891  892  1013  1012 
  4 892  893  1014  1013 
  4 893  894  1015  1014 
  4 894  895  1016  1015 
  4 895  896  1017  1016 
  4 896  897  1018  1017 
  4 897  898  1019  1018 
  4 898  899  1020  1019 
  4 899  900  1021  1020 
  4 900  901  1022  1021 
  4 901  902  1023  1022 
  4 902  903  1024  1023 
  4 903  904  1025  1024 
  4 904  905  1026  1025 
  4 905  906  1027  1026 
  4 906  907  1028  1027 
  4 907  908  1029  1028 
  4 908  909  1030  1029 
  4 909  910  1031  1030 
  4 910  911  1032  1031 
  4 911  912  1033  1032 
  4 912  913  1034  1033 
  4 913  914  1035  1034 
  4 914  915  1036  1035 
  4 915  916  1037  1036 
  4 916  917  1038  1037 
  4 917  918  1039  1038 
  4 918  919  1040  1039 
  4 919  920  1041  1040 
  4 920  921  1042  1041 
  4 921  922  1043  1042 
  4 922  923  1044  1043 
  4 923  924  1045  1044 
  4 924  925  1046  1045 
  4 925  926  1047  1046 
  4 926  927  1048  1047 
  4 927  928  1049  1048 
  4 928  929  1050  1049 
  4 929  930  1051  1050 
  4 930  931  1052  1051 
  4 931  932  1053  1052 
  4 932  933  1054  1053 
  4 933  934  1055  1054 
  4 934  935  1056  1055 
  4 935  936  1057  1056 
  4 936  937  1058  1057 
  4 937  938  1059  1058 
  4 938  939  1060  1059 
  4 939  940  1061  1060 
  4 940  941  1062  1061 
  4 941  942  1063  1062 
  4 942  943  1064  1063 
  4 943  944  1065  1064 
  4 944  945  1066  1065 
  4 945  946  1067  1066 
  4 946  947  1068  1067 
  4 947  948  1069  1068 
  4 948  949  1070  1069 
  4 949  950  1071  1070 
  4 950  951  1072  1071 
  4 951  952  1073  1072 
  4 952  953  1074  1073 
  4 953  954  1075  1074 
  4 954  955  1076  1075 
  4 955  956  1077  1076 
  4 956  957  1078  1077 
  4 957  958  1079  1078 
  4 958  959  1080  1079 
  4 959  960  1081  1080 
  4 960  961  1082  1081 
  4 961  962  1083  1082 
  4 962  963  1084  1083 
  4 963  964  1085  1084 
  4 964  965  1086  1085 
  4 965  966  1087  1086 
  4 966  967  1088  1087 
  4 968  969  1090  1089 
  4 969  970  1091  1090 
  4 970  971  1092  1091 
  4 971  972  1093  1092 
  4 972  973  1094  1093 
  4 973  974  1095  1094 
  4 974  975  1096  1095 
  4 975  976  1097  1096 
  4 976  977  1098  1097 
  4 977  978  1099  1098 
  4 978  979  1100  1099 
  4 979  980  1101  1100 
  4 980  981  1102  1101 
  4 981  982  1103  1102 
  4 982  983  1104  1103 
  4 983  984  1105  1104 
  4 984  985  1106  1105 
  4 985  986  1107  1106 
  4 986  987  1108  1107 
  4 987  988  1109  1108 
  4 988  989  1110  1109 
  4 989  990  1111  1110 
  4 990  991  1112  1111 
  4 991  992  1113  1112 
  4 992  993  1114  1113 
  4 993  994  1115  1114 
  4 994  995  1116  1115 
  4 995  996  1117  1116 
  4 996  997  1118  1117 
  4 997  998  1119  1118 
  4 998  999  1120  1119 
  4 999  1000  1121  1120 
  4 1000  1001  1122  1121 
  4 1001  1002  1123  1122 
  4 1002  1003  1124  1123 
  4 1003  1004  1125  1124 
  4 1004  1005  1126  1125 
  4 1005  1006  1127  1126 
  4 1006  1007  1128  1127 
  4 1007  1008  1129  1128 
  4 1008  1009  1130  1129 
  4 1009  1010  1131  1130 
  4 1010  1011  1132  1131 
  4 1011  1012  1133  1132 
  4 1012  1013  1134  1133 
  4 1013  1014  1135  1134 
  4 1014  1015  1136  1135 
  4 1015  1016  1137  1136 
  4 1016  1017  1138  1137 
  4 1017  1018  1139  1138 
  4 1018  1019  1140  1139 
  4 1019  1020  1141  1140 
  4 1020  1021  1142  1141 
  4 1021  1022  1143  1142 
  4 1022  1023  1144  1143 
  4 1023  1024  1145  1144 
  4 1024  1025  1146  1145 
  4 1025  1026  1147  1146 
  4 1026  1027  1148  1147 
  4 1027  1028  1149  1148 
  4 1028  1029  1150  1149 
  4 1029  1030  1151  1150 
  4 1030  1031  1152  1151 
  4 1031  1032  1153  1152 
  4 1032  1033  1154  1153 
  4 1033  1034  1155  1154 
  4 1034  1035  1156  1155 
  4 1035  1036  1157  1156 
  4 1036  1037  1158  1157 
  4 1037  1038  1159  1158 
  4 1038  1039  1160  1159 
  4 1039  1040  1161  1160 
  4 1040  1041  1162  1161 
  4 1041  1042  1163  1162 
  4 1042  1043  1164  1163 
  4 1043  1044  1165  1164 
  4 1044  1045  1166  1165 
  4 1045  1046  1167  1166 
  4 1046  1047  1168  1167 
  4 1047  1048  1169  1168 
  4 1048  1049  1170  1169 
  4 1049  1050  1171  1170 
  4 1050  1051  1172  1171 
  4 1051  1052  1173  1172 
  4 1052  1053  1174  1173 
  4 1053  1054  1175  1174 
  4 1054  1055  1176  1175 
  4 1055  1056  1177  1176 
  4 1056  1057  1178  1177 
  4 1057  1058  1179  1178 
  4 1058  1059  1180  1179 
  4 1059  1060  1181  1180 
  4 1060  1061  1182  1181 
  4 1061  1062  1183  1182 
  4 1062  1063  1184  1183 
  4 1063  1064  1185  1184 
  4 1064  1065  1186  1185 
  4 1065  1066  1187  1186 
  4 1066  1067  1188  1187 
  4 1067  1068  1189  1188 
  4 1068  1069  1190  1189 
  4 1069  1070  1191  1190 
  4 1070  1071  1192  1191 
  4 1071  1072  1193  1192 
  4 1072  1073  1194  1193 
  4 1073  1074  1195  1194 
  4 1074  1075  1196  1195 
  4 1075  1076  1197  1196 
  4 1076  1077  1198  1197 
  4 1077  1078  1199  1198 
  4 1078  1079  1200  1199 
  4 1079  1080  1201  1200 
  4 1080  1081  1202  1201 
  4 1081  1082  1203  1202 
  4 1082  1083  1204  1203 
  4 1083  1084  1205  1204 
  4 1084  1085  1206  1205 
  4 1085  1086  1207  1206 
  4 1086  1087  1208  1207 
  4 1087  1088  1209  1208 
  4 1089  1090  1211  1210 
  4 1090  1091  1212  1211 
  4 1091  1092  1213  1212 
  4 1092  1093  1214  1213 
  4 1093  1094  1215  1214 
  4 1094  1095  1216  1215 
  4 1095  1096  1217  1216 
  4 1096  1097  1218  1217 
  4 1097  1098  1219  1218 
  4 1098  1099  1220  1219 
  4 1099  1100  1221  1220 
  4 1100  1101  1222  1221 
  4 1101  1102  1223  1222 
  4 1102  1103  1224  1223 
  4 1103  1104  1225  1224 
  4 1104  1105  1226  1225 
  4 1105  1106  1227  1226 
  4 1106  1107  1228  1227 
  4 1107  1108  1229  1228 
  4 1108  1109  1230  1229 
  4 1109  1110  1231  1230 
  4 1110  1111  1232  1231 
  4 1111  1112  1233  1232 
  4 1112  1113  1234  1233 
  4 1113  1114  1235  1234 
  4 1114  1115  1236  1235 
  4 1115  1116  1237  1236 
  4 1116  1117  1238  1237 
  4 1117  1118  1239  1238 
  4 1118  1119  1240  1239 
  4 1119  1120  1241  1240 
  4 1120  1121  1242  1241 
  4 1121  1122  1243  1242 
  4 1122  1123  1244  1243 
  4 1123  1124  1245  1244 
  4 1124  1125  1246  1245 
  4 1125  1126  1247  1246 
  4 1126  1127  1248  1247 
  4 1127  1128  1249  1248 
  4 1128  1129  1250  1249 
  4 1129  1130  1251  1250 
  4 1130  1131  1252  1251 
  4 1131  1132  1253  1252 
  4 1132  1133  1254  1253 
  4 1133  1134  1255  1254 
  4 1134  1135  1256  1255 
  4 1135  1136  1257  1256 
  4 1136  1137  1258  1257 
  4 1137  1138  1259  1258 
  4 1138  1139  1260  1259 
  4 1139  1140  1261  1260 
  4 1140  1141  1262  1261 
  4 1141  1142  1263  1262 
  4 1142  1143  1264  1263 
  4 1143  1144  1265  1264 
  4 1144  1145  1266  1265 
  4 1145  1146  1267  1266 
  4 1146  1147  1268  1267 
  4 1147  1148  1269  1268 
  4 1148  1149  1270  1269 
  4 1149  1150  1271  1270 
  4 1150  1151  1272  1271 
  4 1151  1152  1273  1272 
  4 1152  1153  1274  1273 
  4 1153  1154  1275  1274 
  4 1154  1155  1276  1275 
  4 1155  1156  1277  1276 
  4 1156  1157  1278  1277 
  4 1157  1158  1279  1278 
  4 1158  1159  1280  1279 
  4 1159  1160  1281  1280 
  4 1160  1161  1282  1281 
  4 1161  1162  1283  1282 
  4 1162  1163  1284  1283 
  4 1163  1164  1285  1284 
  4 1164  1165  1286  1285 
  4 1165  1166  1287  1286 
  4 1166  1167  1288  1287 
  4 1167  1168  1289  1288 
  4 1168  1169  1290  1289 
  4 1169  1170  1291  1290 
  4 1170  1171  1292  1291 
  4 1171  1172  1293  1292 
  4 1172  1173  1294  1293 
  4 1173  1174  1295  1294 
  4 1174  1175  1296  1295 
  4 1175  1176  1297  1296 
  4 1176  1177  1298  1297 
  4 1177  1178  1299  1298 
  4 1178  1179  1300  1299 
  4 1179  1180  1301  1300 
  4 1180  1181  1302  1301 
  4 1181  1182  1303  1302 
  4 1182  1183  1304  1303 
  4 1183  1184  1305  1304 
  4 1184  1185  1306  1305 
  4 1185  1186  1307  1306 
  4 1186  1187  1308  1307 
  4 1187  1188  1309  1308 
  4 1188  1189  1310  1309 
  4 1189  1190  1311  1310 
  4 1190  1191  1312  1311 
  4 1191  1192  1313  1312 
  4 1192  1193  1314  1313 
  4 1193  1194  1315  1314 
  4 1194  1195  1316  1315 
  4 1195  1196  1317  1316 
  4 1196  1197  1318  1317 
  4 1197  1198  1319  1318 
  4 1198  1199  1320  1319 
  4 1199  1200  1321  1320 
  4 1200  1201  1322  1321 
  4 1201  1202  1323  1322 
  4 1202  1203  1324  1323 
  4 1203  1204  1325  1324 
  4 1204  1205  1326  1325 
  4 1205  1206  1327  1326 
  4 1206  1207  1328  1327 
  4 1207  1208  1329  1328 
  4 1208  1209  1330  1329 
  4 1210  1211  1332  1331 
  4 1211  1212  1333  1332 
  4 1212  1213  1334  1333 
  4 1213  1214  1335  1334 
  4 1214  1215  1336  1335 
  4 1215  1216  1337  1336 
  4 1216  1217  1338  1337 
  4 1217  1218  1339  1338 
  4 1218  1219  1340  1339 
  4 1219  1220  1341  1340 
  4 1220  1221  1342  1341 
  4 1221  1222  1343  1342 
  4 1222  1223  1344  1343 
  4 1223  1224  1345  1344 
  4 1224  1225  1346  1345 
  4 1225  1226  1347  1346 
  4 1226  1227  1348  1347 
  4 1227  1228  1349  1348 
  4 1228  1229  1350  1349 
  4 1229  1230  1351  1350 
  4 1230  1231  1352  1351 
  4 1231  1232  1353  1352 
  4 1232  1233  1354  1353 
  4 1233  1234  1355  1354 
  4 1234  1235  1356  1355 
  4 1235  1236  1357  1356 
  4 1236  1237  1358  1357 
  4 1237  1238  1359  1358 
  4 1238  1239  1360  1359 
  4 1239  1240  1361  1360 
  4 1240  1241  1362  1361 
  4 1241  1242  1363  1362 
  4 1242  1243  1364  1363 
  4 1243  1244  1365  1364 
  4 1244  1245  1366  1365 
  4 1245  1246  1367  1366 
  4 1246  1247  1368  1367 
  4 1247  1248  1369  1368 
  4 1248  1249  1370  1369 
  4 1249  1250  1371  1370 
  4 1250  1251  1372  1371 
  4 1251  1252  1373  1372 
  4 1252  1253  1374  1373 
  4 1253  1254  1375  1374 
  4 1254  1255  1376  1375 
  4 1255  1256  1377  1376 
  4 1256  1257  1378  1377 
  4 1257  1258  1379  1378 
  4 1258  1259  1380  1379 
  4 1259  1260  1381  1380 
  4 1260  1261  1382  1381 
  4 1261  1262  1383  1382 
  4 1262  1263  1384  1383 
  4 1263  1264  1385  1384 
  4 1264  1265  1386  1385 
  4 1265  1266  1387  1386 
  4 1266  1267  1388  1387 
  4 1267  1268  1389  1388 
  4 1268  1269  1390  1389 
  4 1269  1270  1391  1390 
  4 1270  1271  1392  1391 
  4 1271  1272  1393  1392 
  4 1272  1273  1394  1393 
  4 1273  1274  1395  1394 
  4 1274  1275  1396  1395 
  4 1275  1276  1397  1396 
  4 1276  1277  1398  1397 
  4 1277  1278  1399  1398 
  4 1278  1279  1400  1399 
  4 1279  1280  1401  1400 
  4 1280  1281  1402  1401 
  4 1281  1282  1403  1402 
  4 1282  1283  1404  1403 
  4 1283  1284  1405  1404 
  4 1284  1285  1406  1405 
  4 1285  1286  1407  1406 
  4 1286  1287  1408  1407 
  4 1287  1288  1409  1408 
  4 1288  1289  1410  1409 
  4 1289  1290  1411  1410 
  4 1290  1291  1412  1411 
  4 1291  1292  1413  1412 
  4 1292  1293  1414  1413 
  4 1293  1294  1415  1414 
  4 1294  1295  1416  1415 
  4 1295  1296  1417  1416 
  4 1296  1297  1418  1417 
  4 1297  1298  1419  1418 
  4 1298  1299  1420  1419 
  4 1299  1300  1421  1420 
  4 1300  1301  1422  1421 
  4 1301  1302  1423  1422 
  4 1302  1303  1424  1423 
  4 1303  1304  1425  1424 
  4 1304  1305  1426  1425 
  4 1305  1306  1427  1426 
  4 1306  1307  1428  1427 
  4 1307  1308  1429  1428 
  4 1308  1309  1430  1429 
  4 1309  1310  1431  1430 
  4 1310  1311  1432  1431 
  4 1311  1312  1433  1432 
  4 1312  1313  1434  1433 
  4 1313  1314  1435  1434 
  4 1314  1315  1436  1435 
  4 1315  1316  1437  1436 
  4 1316  1317  1438  1437 
  4 1317  1318  1439  1438 
  4 1318  1319  1440  1439 
  4 1319  1320  1441  1440 
  4 1320  1321  1442  1441 
  4 1321  1322  1443  1442 
  4 1322  1323  1444  1443 
  4 1323  1324  1445  1444 
  4 1324  1325  1446  1445 
  4 1325  1326  1447  1446 
  4 1326  1327  1448  1447 
  4 1327  1328  1449  1448 
  4 1328  1329  1450  1449 
  4 1329  1330  1451  1450 
  4 1331  1332  1453  1452 
  4 1332  1333  1454  1453 
  4 1333  1334  1455  1454 
  4 1334  1335  1456  1455 
  4 1335  1336  1457  1456 
  4 1336  1337  1458  1457 
  4 1337  1338  1459  1458 
  4 1338  1339  1460  1459 
  4 1339  1340  1461  1460 
  4 1340  1341  1462  1461 
  4 1341  1342  1463  1462 
  4 1342  1343  1464  1463 
  4 1343  1344  1465  1464 
  4 1344  1345  1466  1465 
  4 1345  1346  1467  1466 
  4 1346  1347  1468  1467 
  4 1347  1348  1469  1468 
  4 1348  1349  1470  1469 
  4 1349  1350  1471  1470 
  4 1350  1351  1472  1471 
  4 1351  1352  1473  1472 
  4 1352  1353  1474  1473 
  4 1353  1354  1475  1474 
  4 1354  1355  1476  1475 
  4 1355  1356  1477  1476 
  4 1356  1357  1478  1477 
  4 1357  1358  1479  1478 
  4 1358  1359  1480  1479 
  4 1359  1360  1481  1480 
  4 1360  1361  1482  1481 
  4 1361  1362  1483  1482 
  4 1362  1363  1484  1483 
  4 1363  1364  1485  1484 
  4 1364  1365  1486  1485 
  4 1365  1366  1487  1486 
  4 1366  1367  1488  1487 
  4 1367  1368  1489  1488 
  4 1368  1369  1490  1489 
  4 1369  1370  1491  1490 
  4 1370  1371  1492  1491 
  4 1371  1372  1493  1492 
  4 1372  1373  1494  1493 
  4 1373  1374  1495  1494 
  4 1374  1375  1496  1495 
  4 1375  1376  1497  1496 
  4 1376  1377  1498  1497 
  4 1377  1378  1499  1498 
  4 1378  1379  1500  1499 
  4 1379  1380  1501  1500 
  4 1380  1381  1502  1501 
  4 1381  1382  1503  1502 
  4 1382  1383  1504  1503 
  4 1383  1384  1505  1504 
  4 1384  1385  1506  1505 
  4 1385  1386  1507  1506 
  4 1386  1387  1508  1507 
  4 1387  1388  1509  1508 
  4 1388  1389  1510  1509 
  4 1389  1390  1511  1510 
  4 1390  1391  1512  1511 
  4 1391  1392  1513  1512 
  4 1392  1393  1514  1513 
  4 1393  1394  1515  1514 
  4 1394  1395  1516  1515 
  4 1395  1396  1517  1516 
  4 1396  1397  1518  1517 
  4 1397  1398  1519  1518 
  4 1398  1399  1520  1519 
  4 1399  1400  1521  1520 
  4 1400  1401  1522  1521 
  4 1401  1402  1523  1522 
  4 1402  1403  1524  1523 
  4 1403  1404  1525  1524 
  4 1404  1405  1526  1525 
  4 1405  1406  1527  1526 
  4 1406  1407  1528  1527 
  4 1407  1408  1529  1528 
  4 1408  1409  1530  1529 
  4 1409  1410  1531  1530 
  4 1410  1411  1532  1531 
  4 1411  1412  1533  1532 
  4 1412  1413  1534  1533 
  4 1413  1414  1535  1534 
  4 1414  1415  1536  1535 
  4 1415  1416  1537  1536 
  4 1416  1417  1538  1537 
  4 1417  1418  1539  1538 
  4 1418  1419  1540  1539 
  4 1419  1420  1541  1540 
  4 1420  1421  1542  1541 
  4 1421  1422  1543  1542 
  4 1422  1423  1544  1543 
  4 1423  1424  1545  1544 
  4 1424  1425  1546  1545 
  4 1425  1426  1547  1546 
  4 1426  1427  1548  1547 
  4 1427  1428  1549  1548 
  4 1428  1429  1550  1549 
  4 1429  1430  1551  1550 
  4 1430  1431  1552  1551 
  4 1431  1432  1553  1552 
  4 1432  1433  1554  1553 
  4 1433  1434  1555  1554 
  4 1434  1435  1556  1555 
  4 1435  1436  1557  1556 
  4 1436  1437  1558  1557 
  4 1437  1438  1559  1558 
  4 1438  1439  1560  1559 
  4 1439  1440  1561  1560 
  4 1440  1441  1562  1561 
  4 1441  1442  1563  1562 
  4 1442  1443  1564  1563 
  4 1443  1444  1565  1564 
  4 1444  1445  1566  1565 
  4 1445  1446  1567  1566 
  4 1446  1447  1568  1567 
  4 1447  1448  1569  1568 
  4 1448  1449  1570  1569 
  4 1449  1450  1571  1570 
  4 1450  1451  1572  1571 
  4 1452  1453  1574  1573 
  4 1453  1454  1575  1574 
  4 1454  1455  1576  1575 
  4 1455  1456  1577  1576 
  4 1456  1457  1578  1577 
  4 1457  1458  1579  1578 
  4 1458  1459  1580  1579 
  4 1459  1460  1581  1580 
  4 1460  1461  1582  1581 
  4 1461  1462  1583  1582 
  4 1462  1463  1584  1583 
  4 1463  1464  1585  1584 
  4 1464  1465  1586  1585 
  4 1465  1466  1587  1586 
  4 1466  1467  1588  1587 
  4 1467  1468  1589  1588 
  4 1468  1469  1590  1589 
  4 1469  1470  1591  1590 
  4 1470  1471  1592  1591 
  4 1471  1472  1593  1592 
  4 1472  1473  1594  1593 
  4 1473  1474  1595  1594 
  4 1474  1475  1596  1595 
  4 1475  1476  1597  1596 
  4 1476  1477  1598  1597 
  4 1477  1478  1599  1598 
  4 1478  1479  1600  1599 
  4 1479  1480  1601  1600 
  4 1480  1481  1602  1601 
  4 1481  1482  1603  1602 
  4 1482  1483  1604  1603 
  4 1483  1484  1605  1604 
  4 1484  1485  1606  1605 
  4 1485  1486  1607  1606 
  4 1486  1487  1608  1607 
  4 1487  1488  1609  1608 
  4 1488  1489  1610  1609 
  4 1489  1490  1611  1610 
  4 1490  1491  1612  1611 
  4 1491  1492  1613  1612 
  4 1492  1493  1614  1613 
  4 1493  1494  1615  1614 
  4 1494  1495  1616  1615 
  4 1495  1496  1617  1616 
  4 1496  1497  1618  1617 
  4 1497  1498  1619  1618 
  4 1498  1499  1620  1619 
  4 1499  1500  1621  1620 
  4 1500  1501  1622  1621 
  4 1501  1502  1623  1622 
  4 1502  1503  1624  1623 
  4 1503  1504  1625  1624 
  4 1504  1505  1626  1625 
  4 1505  1506  1627  1626 
  4 1506  1507  1628  1627 
  4 1507  1508  1629  1628 
  4 1508  1509  1630  1629 
  4 1509  1510  1631  1630 
  4 1510  1511  1632  1631 
  4 1511  1512  1633  1632 
  4 1512  1513  1634  1633 
  4 1513  1514  1635  1634 
  4 1514  1515  1636  1635 
  4 1515  1516  1637  1636 
  4 1516  1517  1638  1637 
  4 1517  1518  1639  1638 
  4 1518  1519  1640  1639 
  4 1519  1520  1641  1640 
  4 1520  1521  1642  1641 
  4 1521  1522  1643  1642 
  4 1522  1523  1644  1643 
  4 1523  1524  1645  1644 
  4 1524  1525  1646  1645 
  4 1525  1526  1647  1646 
  4 1526  1527  1648  1647 
  4 1527  1528  1649  1648 
  4 1528  1529  1650  1649 
  4 1529  1530  1651  1650 
  4 1530  1531  1652  1651 
  4 1531  1532  1653  1652 
  4 1532  1533  1654  1653 
  4 1533  1534  1655  1654 
  4 1534  1535  1656  1655 
  4 1535  1536  1657  1656 
  4 1536  1537  1658  1657 
  4 1537  1538  1659  1658 
  4 1538  1539  1660  1659 
  4 1539  1540  1661  1660 
  4 1540  1541  1662  1661 
  4 1541  1542  1663  1662 
  4 1542  1543  1664  1663 
  4 1543  1544  1665  1664 
  4 1544  1545  1666  1665 
  4 1545  1546  1667  1666 
  4 1546  1547  1668  1667 
  4 1547  1548  1669  1668 
  4 1548  1549  1670  1669 
  4 1549  1550  1671  1670 
  4 1550  1551  1672  1671 
  4 1551  1552  1673  1672 
  4 1552  1553  1674  1673 
  4 1553  1554  1675  1674 
  4 1554  1555  1676  1675 
  4 1555  1556  1677  1676 
  4 1556  1557  1678  1677 
  4 1557  1558  1679  1678 
  4 1558  1559  1680  1679 
  4 1559  1560  1681  1680 
  4 1560  1561  1682  1681 
  4 1561  1562  1683  1682 
  4 1562  1563  1684  1683 
  4 1563  1564  1685  1684 
  4 1564  1565  1686  1685 
  4 1565  1566  1687  1686 
  4 1566  1567  1688  1687 
  4 1567  1568  1689  1688 
  4 1568  1569  1690  1689 
  4 1569  1570  1691  1690 
  4 1570  1571  1692  1691 
  4 1571  1572  1693  1692 
  4 1573  1574  1695  1694 
  4 1574  1575  1696  1695 
  4 1575  1576  1697  1696 
  4 1576  1577  1698  1697 
  4 1577  1578  1699  1698 
  4 1578  1579  1700  1699 
  4 1579  1580  1701  1700 
  4 1580  1581  1702  1701 
  4 1581  1582  1703  1702 
  4 1582  1583  1704  1703 
  4 1583  1584  1705  1704 
  4 1584  1585  1706  1705 
  4 1585  1586  1707  1706 
  4 1586  1587  1708  1707 
  4 1587  1588  1709  1708 
  4 1588  1589  1710  1709 
  4 1589  1590  1711  1710 
  4 1590  1591  1712  1711 
  4 1591  1592  1713  1712 
  4 1592  1593  1714  1713 
  4 1593  1594  1715  1714 
  4 1594  1595  1716  1715 
  4 1595  1596  1717  1716 
  4 1596  1597  1718  1717 
  4 1597  1598  1719  1718 
  4 1598  1599  1720  1719 
  4 1599  1600  1721  1720 
  4 1600  1601  1722  1721 
  4 1601  1602  1723  1722 
  4 1602  1603  1724  1723 
  4 1603  1604  1725  1724 
  4 1604  1605  1726  1725 
  4 1605  1606  1727  1726 
  4 1606  1607  1728  1727 
  4 1607  1608  1729  1728 
  4 1608  1609  1730  1729 
  4 1609  1610  1731  1730 
  4 1610  1611  1732  1731 
  4 1611  1612  1733  1732 
  4 1612  1613  1734  1733 
  4 1613  1614  1735  1734 
  4 1614  1615  1736  1735 
  4 1615  1616  1737  1736 
  4 1616  1617  1738  1737 
  4 1617  1618  1739  1738 
  4 1618  1619  1740  1739 
  4 1619  1620  1741  1740 
  4 1620  1621  1742  1741 
  4 1621  1622  1743  1742 
  4 1622  1623  1744  1743 
  4 1623  1624  1745  1744 
  4 1624  1625  1746  1745 
  4 1625  1626  1747  1746 
  4 1626  1627  1748  1747 
  4 1627  1628  1749  1748 
  4 1628  1629  1750  1749 
  4 1629  1630  1751  1750 
  4 1630  1631  1752  1751 
  4 1631  1632  1753  1752 
  4 1632  1633  1754  1753 
  4 1633  1634  1755  1754 
  4 1634  1635  1756  1755 
  4 1635  1636  1757  1756 
  4 1636  1637  1758  1757 
  4 1637  1638  1759  1758 
  4 1638  1639  1760  1759 
  4 1639  1640  1761  1760 
  4 1640  1641  1762  1761 
  4 1641  1642  1763  1762 
  4 1642  1643  1764  1763 
  4 1643  1644  1765  1764 
  4 1644  1645  1766  1765 
  4 1645  1646  1767  1766 
  4 1646  1647  1768  1767 
  4 1647  1648  1769  1768 
  4 1648  1649  1770  1769 
  4 1649  1650  1771  1770 
  4 1650  1651  1772  1771 
  4 1651  1652  1773  1772 
  4 1652  1653  1774  1773 
  4 1653  1654  1775  1774 
  4 1654  1655  1776  1775 
  4 1655  1656  1777  1776 
  4 1656  1657  1778  1777 
  4 1657  1658  1779  1778 
  4 1658  1659  1780  1779 
  4 1659  1660  1781  1780 
  4 1660  1661  1782  1781 
  4 1661  1662  1783  1782 
  4 1662  1663  1784  1783 
  4 1663  1664  1785  1784 
  4 1664  1665  1786  1785 
  4 1665  1666  1787  1786 
  4 1666  1667  1788  1787 
  4 1667  1668  1789  1788 
  4 1668  1669  1790  1789 
  4 1669  1670  1791  1790 
  4 1670  1671  1792  1791 
  4 1671  1672  1793  1792 
  4 1672  1673  1794  1793 
  4 1673  1674  1795  1794 
  4 1674  1675  1796  1795 
  4 1675  1676  1797  1796 
  4 1676  1677  1798  1797 
  4 1677  1678  1799  1798 
  4 1678  1679  1800  1799 
  4 1679  1680  1801  1800 
  4 1680  1681  1802  1801 
  4 1681  1682  1803  1802 
  4 1682  1683  1804  1803 
  4 1683  1684  1805  1804 
  4 1684  1685  1806  1805 
  4 1685  1686  1807  1806 
  4 1686  1687  1808  1807 
  4 1687  1688  1809  1808 
  4 1688  1689  1810  1809 
  4 1689  1690  1811  1810 
  4 1690  1691  1812  1811 
  4 1691  1692  1813  1812 
  4 1692  1693  1814  1813 
  4 1694  1695  1816  1815 
  4 1695  1696  1817  1816 
  4 1696  1697  1818  1817 
  4 1697  1698  1819  1818 
  4 1698  1699  1820  1819 
  4 1699  1700  1821  1820 
  4 1700  1701  1822  1821 
  4 1701  1702  1823  1822 
  4 1702  1703  1824  1823 
  4 1703  1704  1825  1824 
  4 1704  1705  1826  1825 
  4 1705  1706  1827  1826 
  4 1706  1707  1828  1827 
  4 1707  1708  1829  1828 
  4 1708  1709  1830  1829 
  4 1709  1710  1831  1830 
  4 1710  1711  1832  1831 
  4 1711  1712  1833  1832 
  4 1712  1713  1834  1833 
  4 1713  1714  1835  1834 
  4 1714  1715  1836  1835 
  4 1715  1716  1837  1836 
  4 1716  1717  1838  1837 
  4 1717  1718  1839  1838 
  4 1718  1719  1840  1839 
  4 1719  1720  1841  1840 
  4 1720  1721  1842  1841 
  4 1721  1722  1843  1842 
  4 1722  1723  1844  1843 
  4 1723  1724  1845  1844 
  4 1724  1725  1846  1845 
  4 1725  1726  1847  1846 
  4 1726  1727  1848  1847 
  4 1727  1728  1849  1848 
  4 1728  1729  1850  1849 
  4 1729  1730  1851  1850 
  4 1730  1731  1852  1851 
  4 1731  1732  1853  1852 
  4 1732  1733  1854  1853 
  4 1733  1734  1855  1854 
  4 1734  1735  1856  1855 
  4 1735  1736  1857  1856 
  4 1736  1737  1858  1857 
  4 1737  1738  1859  1858 
  4 1738  1739  1860  1859 
  4 1739  1740  1861  1860 
  4 1740  1741  1862  1861 
  4 1741  1742  1863  1862 
  4 1742  1743  1864  1863 
  4 1743  1744  1865  1864 
  4 1744  1745  1866  1865 
  4 1745  1746  1867  1866 
  4 1746  1747  1868  1867 
  4 1747  1748  1869  1868 
  4 1748  1749  1870  1869 
  4 1749  1750  1871  1870 
  4 1750  1751  1872  1871 
  4 1751  1752  1873  1872 
  4 1752  1753  1874  1873 
  4 1753  1754  1875  1874 
  4 1754  1755  1876  1875 
  4 1755  1756  1877  1876 
  4 1756  1757  1878  1877 
  4 1757  1758  1879  1878 
  4 1758  1759  1880  1879 
  4 1759  1760  1881  1880 
  4 1760  1761  1882  1881 
  4 1761  1762  1883  1882 
  4 1762  1763  1884  1883 
  4 1763  1764  1885  1884 
  4 1764  1765  1886  1885 
  4 1765  1766  1887  1886 
  4 1766  1767  1888  1887 
  4 1767  1768  1889  1888 
  4 1768  1769  1890  1889 
  4 1769  1770  1891  1890 
  4 1770  1771  1892  1891 
  4 1771  1772  1893  1892 
  4 1772  1773  1894  1893 
  4 1773  1774  1895  1894 
  4 1774  1775  1896  1895 
  4 1775  1776  1897  1896 
  4 1776  1777  1898  1897 
  4 1777  1778  1899  1898 
  4 1778  1779  1900  1899 
  4 1779  1780  1901  1900 
  4 1780  1781  1902  1901 
  4 1781  1782  1903  1902 
  4 1782  1783  1904  1903 
  4 1783  1784  1905  1904 
  4 1784  1785  1906  1905 
  4 1785  1786  1907  1906 
  4 1786  1787  1908  1907 
  4 1787  1788  1909  1908 
  4 1788  1789  1910  1909 
  4 1789  1790  1911  1910 
  4 1790  1791  1912  1911 
  4 1791  1792  1913  1912 
  4 1792  1793  1914  1913 
  4 1793  1794  1915  1914 
  4 1794  1795  1916  1915 
  4 1795  1796  1917  1916 
  4 1796  1797  1918  1917 
  4 1797  1798  1919  1918 
  4 1798  1799  1920  1919 
  4 1799  1800  1921  1920 
  4 1800  1801  1922  1921 
  4 1801  1802  1923  1922 
  4 1802  1803  1924  1923 
  4 1803  1804  1925  1924 
  4 1804  1805  1926  1925 
  4 1805  1806  1927  1926 
  4 1806  1807  1928  1927 
  4 1807  1808  1929  1928 
  4 1808  1809  1930  1929 
  4 1809  1810  1931  1930 
  4 1810  1811  1932  1931 
  4 1811  1812  1933  1932 
  4 1812  1813  1934  1933 
  4 1813  1814  1935  1934 
  4 1815  1816  1937  1936 
  4 1816  1817  1938  1937 
  4 1817  1818  1939  1938 
  4 1818  1819  1940  1939 
  4 1819  1820  1941  1940 
  4 1820  1821  1942  1941 
  4 1821  1822  1943  1942 
  4 1822  1823  1944  1943 
  4 1823  1824  1945  1944 
  4 1824  1825  1946  1945 
  4 1825  1826  1947  1946 
  4 1826  1827  1948  1947 
  4 1827  1828  1949  1948 
  4 1828  1829  1950  1949 
  4 1829  1830  1951  1950 
  4 1830  1831  1952  1951 
  4 1831  1832  1953  1952 
  4 1832  1833  1954  1953 
  4 1833  1834  1955  1954 
  4 1834  1835  1956  1955 
  4 1835  1836  1957  1956 
  4 1836  1837  1958  1957 
  4 1837  1838  1959  1958 
  4 1838  1839  1960  1959 
  4 1839  1840  1961  1960 
  4 1840  1841  1962  1961 
  4 1841  1842  1963  1962 
  4 1842  1843  1964  1963 
  4 1843  1844  1965  1964 
  4 1844  1845  1966  1965 
  4 1845  1846  1967  1966 
  4 1846  1847  1968  1967 
  4 1847  1848  1969  1968 
  4 1848  1849  1970  1969 
  4 1849  1850  1971  1970 
  4 1850  1851  1972  1971 
  4 1851  1852  1973  1972 
  4 1852  1853  1974  1973 
  4 1853  1854  1975  1974 
  4 1854  1855  1976  1975 
  4 1855  1856  1977  1976 
  4 1856  1857  1978  1977 
  4 1857  1858  1979  1978 
  4 1858  1859  1980  1979 
  4 1859  1860  1981  1980 
  4 1860  1861  1982  1981 
  4 1861  1862  1983  1982 
  4 1862  1863  1984  1983 
  4 1863  1864  1985  1984 
  4 1864  1865  1986  1985 
  4 1865  1866  1987  1986 
  4 1866  1867  1988  1987 
  4 1867  1868  1989  1988 
  4 1868  1869  1990  1989 
  4 1869  1870  1991  1990 
  4 1870  1871  1992  1991 
  4 1871  1872  1993  1992 
  4 1872  1873  1994  1993 
  4 1873  1874  1995  1994 
  4 1874  1875  1996  1995 
  4 1875  1876  1997  1996 
  4 1876  1877  1998  1997 
  4 1877  1878  1999  1998 
  4 1878  1879  2000  1999 
  4 1879  1880  2001  2000 
  4 1880  1881  2002  2001 
  4 1881  1882  2003  2002 
  4 1882  1883  2004  2003 
  4 1883  1884  2005  2004 
  4 1884  1885  2006  2005 
  4 1885  1886  2007  2006 
  4 1886  1887  2008  2007 
  4 1887  1888  2009  2008 
  4 1888  1889  2010  2009 
  4 1889  1890  2011  2010 
  4 1890  1891  2012  2011 
  4 1891  1892  2013  2012 
  4 1892  1893  2014  2013 
  4 1893  1894  2015  2014 
  4 1894  1895  2016  2015 
  4 1895  1896  2017  2016 
  4 1896  1897  2018  2017 
  4 1897  1898  2019  2018 
  4 1898  1899  2020  2019 
  4 1899  1900  2021  2020 
  4 1900  1901  2022  2021 
  4 1901  1902  2023  2022 
  4 1902  1903  2024  2023 
  4 1903  1904  2025  2024 
  4 1904  1905  2026  2025 
  4 1905  1906  2027  2026 
  4 1906  1907  2028  2027 
  4 1907  1908  2029  2028 
  4 1908  1909  2030  2029 
  4 1909  1910  2031  2030 
  4 1910  1911  2032  2031 
  4 1911  1912  2033  2032 
  4 1912  1913  2034  2033 
  4 1913  1914  2035  2034 
  4 1914  1915  2036  2035 
  4 1915  1916  2037  2036 
  4 1916  1917  2038  2037 
  4 1917  1918  2039  2038 
  4 1918  1919  2040  2039 
  4 1919  1920  2041  2040 
  4 1920  1921  2042  2041 
  4 1921  1922  2043  2042 
  4 1922  1923  2044  2043 
  4 1923  1924  2045  2044 
  4 1924  1925  2046  2045 
  4 1925  1926  2047  2046 
  4 1926  1927  2048  2047 
  4 1927  1928  2049  2048 
  4 1928  1929  2050  2049 
  4 1929  1930  2051  2050 
  4 1930  1931  2052  2051 
  4 1931  1932  2053  2052 
  4 1932  1933  2054  2053 
  4 1933  1934  2055  2054 
  4 1934  1935  2056  2055 
  4 1936  1937  2058  2057 
  4 1937  1938  2059  2058 
  4 1938  1939  2060  2059 
  4 1939  1940  2061  2060 
  4 1940  1941  2062  2061 
  4 1941  1942  2063  2062 
  4 1942  1943  2064  2063 
  4 1943  1944  2065  2064 
  4 1944  1945  2066  2065 
  4 1945  1946  2067  2066 
  4 1946  1947  2068  2067 
  4 1947  1948  2069  2068 
  4 1948  1949  2070  2069 
  4 1949  1950  2071  2070 
  4 1950  1951  2072  2071 
  4 1951  1952  2073  2072 
  4 1952  1953  2074  2073 
  4 1953  1954  2075  2074 
  4 1954  1955  2076  2075 
  4 1955  1956  2077  2076 
  4 1956  1957  2078  2077 
  4 1957  1958  2079  2078 
  4 1958  1959  2080  2079 
  4 1959  1960  2081  2080 
  4 1960  1961  2082  2081 
  4 1961  1962  2083  2082 
  4 1962  1963  2084  2083 
  4 1963  1964  2085  2084 
  4 1964  1965  2086  2085 
  4 1965  1966  2087  2086 
  4 1966  1967  2088  2087 
  4 1967  1968  2089  2088 
  4 1968  1969  2090  2089 
  4 1969  1970  2091  2090 
  4 1970  1971  2092  2091 
  4 1971  1972  2093  2092 
  4 1972  1973  2094  2093 
  4 1973  1974  2095  2094 
  4 1974  1975  2096  2095 
  4 1975  1976  2097  2096 
  4 1976  1977  2098  2097 
  4 1977  1978  2099  2098 
  4 1978  1979  2100  2099 
  4 1979  1980  2101  2100 
  4 1980  1981  2102  2101 
  4 1981  1982  2103  2102 
  4 1982  1983  2104  2103 
  4 1983  1984  2105  2104 
  4 1984  1985  2106  2105 
  4 1985  1986  2107  2106 
  4 1986  1987  2108  2107 
  4 1987  1988  2109  2108 
  4 1988  1989  2110  2109 
  4 1989  1990  2111  2110 
  4 1990  1991  2112  2111 
  4 1991  1992  2113  2112 
  4 1992  1993  2114  2113 
  4 1993  1994  2115  2114 
  4 1994  1995  2116  2115 
  4 1995  1996  2117  2116 
  4 1996  1997  2118  2117 
  4 1997  1998  2119  2118 
  4 1998  1999  2120  2119 
  4 1999  2000  2121  2120 
  4 2000  2001  2122  2121 
  4 2001  2002  2123  2122 
  4 2002  2003  2124  2123 
  4 2003  2004  2125  2124 
  4 2004  2005  2126  2125 
  4 2005  2006  2127  2126 
  4 2006  2007  2128  2127 
  4 2007  2008  2129  2128 
  4 2008  2009  2130  2129 
  4 2009  2010  2131  2130 
  4 2010  2011  2132  2131 
  4 2011  2012  2133  2132 
  4 2012  2013  2134  2133 
  4 2013  2014  2135  2134 
  4 2014  2015  2136  2135 
  4 2015  2016  2137  2136 
  4 2016  2017  2138  2137 
  4 2017  2018  2139  2138 
  4 2018  2019  2140  2139 
  4 2019  2020  2141  2140 
  4 2020  2021  2142  2141 
  4 2021  2022  2143  2142 
  4 2022  2023  2144  2143 
  4 2023  2024  2145  2144 
  4 2024  2025  2146  2145 
  4 2025  2026  2147  2146 
  4 2026  2027  2148  2147 
  4 2027  2028  2149  2148 
  4 2028  2029  2150  2149 
  4 2029  2030  2151  2150 
  4 2030  2031  2152  2151 
  4 2031  2032  2153  2152 
  4 2032  2033  2154  2153 
  4 2033  2034  2155  2154 
  4 2034  2035  2156  2155 
  4 2035  2036  2157  2156 
  4 2036  2037  2158  2157 
  4 2037  2038  2159  2158 
  4 2038  2039  2160  2159 
  4 2039  2040  2161  2160 
  4 2040  2041  2162  2161 
  4 2041  2042  2163  2162 
  4 2042  2043  2164  2163 
  4 2043  2044  2165  2164 
  4 2044  2045  2166  2165 
  4 2045  2046  2167  2166 
  4 2046  2047  2168  2167 
  4 2047  2048  2169  2168 
  4 2048  2049  2170  2169 
  4 2049  2050  2171  2170 
  4 2050  2051  2172  2171 
  4 2051  2052  2173  2172 
  4 2052  2053  2174  2173 
  4 2053  2054  2175  2174 
  4 2054  2055  2176  2175 
  4 2055  2056  2177  2176 
  4 2057  2058  2179  2178 
  4 2058  2059  2180  2179 
  4 2059  2060  2181  2180 
  4 2060  2061  2182  2181 
  4 2061  2062  2183  2182 
  4 2062  2063  2184  2183 
  4 2063  2064  2185  2184 
  4 2064  2065  2186  2185 
  4 2065  2066  2187  2186 
  4 2066  2067  2188  2187 
  4 2067  2068  2189  2188 
  4 2068  2069  2190  2189 
  4 2069  2070  2191  2190 
  4 2070  2071  2192  2191 
  4 2071  2072  2193  2192 
  4 2072  2073  2194  2193 
  4 2073  2074  2195  2194 
  4 2074  2075  2196  2195 
  4 2075  2076  2197  2196 
  4 2076  2077  2198  2197 
  4 2077  2078  2199  2198 
  4 2078  2079  2200  2199 
  4 2079  2080  2201  2200 
  4 2080  2081  2202  2201 
  4 2081  2082  2203  2202 
  4 2082  2083  2204  2203 
  4 2083  2084  2205  2204 
  4 2084  2085  2206  2205 
  4 2085  2086  2207  2206 
  4 2086  2087  2208  2207 
  4 2087  2088  2209  2208 
  4 2088  2089  2210  2209 
  4 2089  2090  2211  2210 
  4 2090  2091  2212  2211 
  4 2091  2092  2213  2212 
  4 2092  2093  2214  2213 
  4 2093  2094  2215  2214 
  4 2094  2095  2216  2215 
  4 2095  2096  2217  2216 
  4 2096  2097  2218  2217 
  4 2097  2098  2219  2218 
  4 2098  2099  2220  2219 
  4 2099  2100  2221  2220 
  4 2100  2101  2222  2221 
  4 2101  2102  2223  2222 
  4 2102  2103  2224  2223 
  4 2103  2104  2225  2224 
  4 2104  2105  2226  2225 
  4 2105  2106  2227  2226 
  4 2106  2107  2228  2227 
  4 2107  2108  2229  2228 
  4 2108  2109  2230  2229 
  4 2109  2110  2231  2230 
  4 2110  2111  2232  2231 
  4 2111  2112  2233  2232 
  4 2112  2113  2234  2233 
  4 2113  2114  2235  2234 
  4 2114  2115  2236  2235 
  4 2115  2116  2237  2236 
  4 2116  2117  2238  2237 
  4 2117  2118  2239  2238 
  4 2118  2119  2240  2239 
  4 2119  2120  2241  2240 
  4 2120  2121  2242  2241 
  4 2121  2122  2243  2242 
  4 2122  2123  2244  2243 
  4 2123  2124  2245  2244 
  4 2124  2125  2246  2245 
  4 2125  2126  2247  2246 
  4 2126  2127  2248  2247 
  4 2127  2128  2249  2248 
  4 2128  2129  2250  2249 
  4 2129  2130  2251  2250 
  4 2130  2131  2252  2251 
  4 2131  2132  2253  2252 
  4 2132  2133  2254  2253 
  4 2133  2134  2255  2254 
  4 2134  2135  2256  2255 
  4 2135  2136  2257  2256 
  4 2136  2137  2258  2257 
  4 2137  2138  2259  2258 
  4 2138  2139  2260  2259 
  4 2139  2140  2261  2260 
  4 2140  2141  2262  2261 
  4 2141  2142  2263  2262 
  4 2142  2143  2264  2263 
  4 2143  2144  2265  2264 
  4 2144  2145  2266  2265 
  4 2145  2146  2267  2266 
  4 2146  2147  2268  2267 
  4 2147  2148  2269  2268 
  4 2148  2149  2270  2269 
  4 2149  2150  2271  2270 
  4 2150  2151  2272  2271 
  4 2151  2152  2273  2272 
  4 2152  2153  2274  2273 
  4 2153  2154  2275  2274 
  4 2154  2155  2276  2275 
  4 2155  2156  2277  2276 
  4 2156  2157  2278  2277 
  4 2157  2158  2279  2278 
  4 2158  2159  2280  2279 
  4 2159  2160  2281  2280 
  4 2160  2161  2282  2281 
  4 2161  2162  2283  2282 
  4 2162  2163  2284  2283 
  4 2163  2164  2285  2284 
  4 2164  2165  2286  2285 
  4 2165  2166  2287  2286 
  4 2166  2167  2288  2287 
  4 2167  2168  2289  2288 
  4 2168  2169  2290  2289 
  4 2169  2170  2291  2290 
  4 2170  2171  2292  2291 
  4 2171  2172  2293  2292 
  4 2172  2173  2294  2293 
  4 2173  2174  2295  2294 
  4 2174  2175  2296  2295 
  4 2175  2176  2297  2296 
  4 2176  2177  2298  2297 
  4 2178  2179  2300  2299 
  4 2179  2180  2301  2300 
  4 2180  2181  2302  2301 
  4 2181  2182  2303  2302 
  4 2182  2183  2304  2303 
  4 2183  2184  2305  2304 
  4 2184  2185  2306  2305 
  4 2185  2186  2307  2306 
  4 2186  2187  2308  2307 
  4 2187  2188  2309  2308 
  4 2188  2189  2310  2309 
  4 2189  2190  2311  2310 
  4 2190  2191  2312  2311 
  4 2191  2192  2313  2312 
  4 2192  2193  2314  2313 
  4 2193  2194  2315  2314 
  4 2194  2195  2316  2315 
  4 2195  2196  2317  2316 
  4 2196  2197  2318  2317 
  4 2197  2198  2319  2318 
  4 2198  2199  2320  2319 
  4 2199  2200  2321  2320 
  4 2200  2201  2322  2321 
  4 2201  2202  2323  2322 
  4 2202  2203  2324  2323 
  4 2203  2204  2325  2324 
  4 2204  2205  2326  2325 
  4 2205  2206  2327  2326 
  4 2206  2207  2328  2327 
  4 2207  2208  2329  2328 
  4 2208  2209  2330  2329 
  4 2209  2210  2331  2330 
  4 2210  2211  2332  2331 
  4 2211  2212  2333  2332 
  4 2212  2213  2334  2333 
  4 2213  2214  2335  2334 
  4 2214  2215  2336  2335 
  4 2215  2216  2337  2336 
  4 2216  2217  2338  2337 
  4 2217  2218  2339  2338 
  4 2218  2219  2340  2339 
  4 2219  2220  2341  2340 
  4 2220  2221  2342  2341 
  4 2221  2222  2343  2342 
  4 2222  2223  2344  2343 
  4 2223  2224  2345  2344 
  4 2224  2225  2346  2345 
  4 2225  2226  2347  2346 
  4 2226  2227  2348  2347 
  4 2227  2228  2349  2348 
  4 2228  2229  2350  2349 
  4 2229  2230  2351  2350 
  4 2230  2231  2352  2351 
  4 2231  2232  2353  2352 
  4 2232  2233  2354  2353 
  4 2233  2234  2355  2354 
  4 2234  2235  2356  2355 
  4 2235  2236  2357  2356 
  4 2236  2237  2358  2357 
  4 2237  2238  2359  2358 
  4 2238  2239  2360  2359 
  4 2239  2240  2361  2360 
  4 2240  2241  2362  2361 
  4 2241  2242  2363  2362 
  4 2242  2243  2364  2363 
  4 2243  2244  2365  2364 
  4 2244  2245  2366  2365 
  4 2245  2246  2367  2366 
  4 2246  2247  2368  2367 
  4 2247  2248  2369  2368 
  4 2248  2249  2370  2369 
  4 2249  2250  2371  2370 
  4 2250  2251  2372  2371 
  4 2251  2252  2373  2372 
  4 2252  2253  2374  2373 
  4 2253  2254  2375  2374 
  4 2254  2255  2376  2375 
  4 2255  2256  2377  2376 
  4 2256  2257  2378  2377 
  4 2257  2258  2379  2378 
  4 2258  2259  2380  2379 
  4 2259  2260  2381  2380 
  4 2260  2261  2382  2381 
  4 2261  2262  2383  2382 
  4 2262  2263  2384  2383 
  4 2263  2264  2385  2384 
  4 2264  2265  2386  2385 
  4 2265  2266  2387  2386 
  4 2266  2267  2388  2387 
  4 2267  2268  2389  2388 
  4 2268  2269  2390  2389 
  4 2269  2270  2391  2390 
  4 2270  2271  2392  2391 
  4 2271  2272  2393  2392 
  4 2272  2273  2394  2393 
  4 2273  2274  2395  2394 
  4 2274  2275  2396  2395 
  4 2275  2276  2397  2396 
  4 2276  2277  2398  2397 
  4 2277  2278  2399  2398 
  4 2278  2279  2400  2399 
  4 2279  2280  2401  2400 
  4 2280  2281  2402  2401 
  4 2281  2282  2403  2402 
  4 2282  2283  2404  2403 
  4 2283  2284  2405  2404 
  4 2284  2285  2406  2405 
  4 2285  2286  2407  2406 
  4 2286  2287  2408  2407 
  4 2287  2288  2409  2408 
  4 2288  2289  2410  2409 
  4 2289  2290  2411  2410 
  4 2290  2291  2412  2411 
  4 2291  2292  2413  2412 
  4 2292  2293  2414  2413 
  4 2293  2294  2415  2414 
  4 2294  2295  2416  2415 
  4 2295  2296  2417  2416 
  4 2296  2297  2418  2417 
  4 2297  2298  2419  2418 
  4 2299  2300  2421  2420 
  4 2300  2301  2422  2421 
  4 2301  2302  2423  2422 
  4 2302  2303  2424  2423 
  4 2303  2304  2425  2424 
  4 2304  2305  2426  2425 
  4 2305  2306  2427  2426 
  4 2306  2307  2428  2427 
  4 2307  2308  2429  2428 
  4 2308  2309  2430  2429 
  4 2309  2310  2431  2430 
  4 2310  2311  2432  2431 
  4 2311  2312  2433  2432 
  4 2312  2313  2434  2433 
  4 2313  2314  2435  2434 
  4 2314  2315  2436  2435 
  4 2315  2316  2437  2436 
  4 2316  2317  2438  2437 
  4 2317  2318  2439  2438 
  4 2318  2319  2440  2439 
  4 2319  2320  2441  2440 
  4 2320  2321  2442  2441 
  4 2321  2322  2443  2442 
  4 2322  2323  2444  2443 
  4 2323  2324  2445  2444 
  4 2324  2325  2446  2445 
  4 2325  2326  2447  2446 
  4 2326  2327  2448  2447 
  4 2327  2328  2449  2448 
  4 2328  2329  2450  2449 
  4 2329  2330  2451  2450 
  4 2330  2331  2452  2451 
  4 2331  2332  2453  2452 
  4 2332  2333  2454  2453 
  4 2333  2334  2455  2454 
  4 2334  2335  2456  2455 
  4 2335  2336  2457  2456 
  4 2336  2337  2458  2457 
  4 2337  2338  2459  2458 
  4 2338  2339  2460  2459 
  4 2339  2340  2461  2460 
  4 2340  2341  2462  2461 
  4 2341  2342  2463  2462 
  4 2342  2343  2464  2463 
  4 2343  2344  2465  2464 
  4 2344  2345  2466  2465 
  4 2345  2346  2467  2466 
  4 2346  2347  2468  2467 
  4 2347  2348  2469  2468 
  4 2348  2349  2470  2469 
  4 2349  2350  2471  2470 
  4 2350  2351  2472  2471 
  4 2351  2352  2473  2472 
  4 2352  2353  2474  2473 
  4 2353  2354  2475  2474 
  4 2354  2355  2476  2475 
  4 2355  2356  2477  2476 
  4 2356  2357  2478  2477 
  4 2357  2358  2479  2478 
  4 2358  2359  2480  2479 
  4 2359  2360  2481  2480 
  4 2360  2361  2482  2481 
  4 2361  2362  2483  2482 
  4 2362  2363  2484  2483 
  4 2363  2364  2485  2484 
  4 2364  2365  2486  2485 
  4 2365  2366  2487  2486 
  4 2366  2367  2488  2487 
  4 2367  2368  2489  2488 
  4 2368  2369  2490  2489 
  4 2369  2370  2491  2490 
  4 2370  2371  2492  2491 
  4 2371  2372  2493  2492 
  4 2372  2373  2494  2493 
  4 2373  2374  2495  2494 
  4 2374  2375  2496  2495 
  4 2375  2376  2497  2496 
  4 2376  2377  2498  2497 
  4 2377  2378  2499  2498 
  4 2378  2379  2500  2499 
  4 2379  2380  2501  2500 
  4 2380  2381  2502  2501 
  4 2381  2382  2503  2502 
  4 2382  2383  2504  2503 
  4 2383  2384  2505  2504 
  4 2384  2385  2506  2505 
  4 2385  2386  2507  2506 
  4 2386  2387  2508  2507 
  4 2387  2388  2509  2508 
  4 2388  2389  2510  2509 
  4 2389  2390  2511  2510 
  4 2390  2391  2512  2511 
  4 2391  2392  2513  2512 
  4 2392  2393  2514  2513 
  4 2393  2394  2515  2514 
  4 2394  2395  2516  2515 
  4 2395  2396  2517  2516 
  4 2396  2397  2518  2517 
  4 2397  2398  2519  2518 
  4 2398  2399  2520  2519 
  4 2399  2400  2521  2520 
  4 2400  2401  2522  2521 
  4 2401  2402  2523  2522 
  4 2402  2403  2524  2523 
  4 2403  2404  2525  2524 
  4 2404  2405  2526  2525 
  4 2405  2406  2527  2526 
  4 2406  2407  2528  2527 
  4 2407  2408  2529  2528 
  4 2408  2409  2530  2529 
  4 2409  2410  2531  2530 
  4 2410  2411  2532  2531 
  4 2411  2412  2533  2532 
  4 2412  2413  2534  2533 
  4 2413  2414  2535  2534 
  4 2414  2415  2536  2535 
  4 2415  2416  2537  2536 
  4 2416  2417  2538  2537 
  4 2417  2418  2539  2538 
  4 2418  2419  2540  2539 
  4 2420  2421  2542  2541 
  4 2421  2422  2543  2542 
  4 2422  2423  2544  2543 
  4 2423  2424  2545  2544 
  4 2424  2425  2546  2545 
  4 2425  2426  2547  2546 
  4 2426  2427  2548  2547 
  4 2427  2428  2549  2548 
  4 2428  2429  2550  2549 
  4 2429  2430  2551  2550 
  4 2430  2431  2552  2551 
  4 2431  2432  2553  2552 
  4 2432  2433  2554  2553 
  4 2433  2434  2555  2554 
  4 2434  2435  2556  2555 
  4 2435  2436  2557  2556 
  4 2436  2437  2558  2557 
  4 2437  2438  2559  2558 
  4 2438  2439  2560  2559 
  4 2439  2440  2561  2560 
  4 2440  2441  2562  2561 
  4 2441  2442  2563  2562 
  4 2442  2443  2564  2563 
  4 2443  2444  2565  2564 
  4 2444  2445  2566  2565 
  4 2445  2446  2567  2566 
  4 2446  2447  2568  2567 
  4 2447  2448  2569  2568 
  4 2448  2449  2570  2569 
  4 2449  2450  2571  2570 
  4 2450  2451  2572  2571 
  4 2451  2452  2573  2572 
  4 2452  2453  2574  2573 
  4 2453  2454  2575  2574 
  4 2454  2455  2576  2575 
  4 2455  2456  2577  2576 
  4 2456  2457  2578  2577 
  4 2457  2458  2579  2578 
  4 2458  2459  2580  2579 
  4 2459  2460  2581  2580 
  4 2460  2461  2582  2581 
  4 2461  2462  2583  2582 
  4 2462  2463  2584  2583 
  4 2463  2464  2585  2584 
  4 2464  2465  2586  2585 
  4 2465  2466  2587  2586 
  4 2466  2467  2588  2587 
  4 2467  2468  2589  2588 
  4 2468  2469  2590  2589 
  4 2469  2470  2591  2590 
  4 2470  2471  2592  2591 
  4 2471  2472  2593  2592 
  4 2472  2473  2594  2593 
  4 2473  2474  2595  2594 
  4 2474  2475  2596  2595 
  4 2475  2476  2597  2596 
  4 2476  2477  2598  2597 
  4 2477  2478  2599  2598 
  4 2478  2479  2600  2599 
  4 2479  2480  2601  2600 
  4 2480  2481  2602  2601 
  4 2481  2482  2603  2602 
  4 2482  2483  2604  2603 
  4 2483  2484  2605  2604 
  4 2484  2485  2606  2605 
  4 2485  2486  2607  2606 
  4 2486  2487  2608  2607 
  4 2487  2488  2609  2608 
  4 2488  2489  2610  2609 
  4 2489  2490  2611  2610 
  4 2490  2491  2612  2611 
  4 2491  2492  2613  2612 
  4 2492  2493  2614  2613 
  4 2493  2494  2615  2614 
  4 2494  2495  2616  2615 
  4 2495  2496  2617  2616 
  4 2496  2497  2618  2617 
  4 2497  2498  2619  2618 
  4 2498  2499  2620  2619 
  4 2499  2500  2621  2620 
  4 2500  2501  2622  2621 
  4 2501  2502  2623  2622 
  4 2502  2503  2624  2623 
  4 2503  2504  2625  2624 
  4 2504  2505  2626  2625 
  4 2505  2506  2627  2626 
  4 2506  2507  2628  2627 
  4 2507  2508  2629  2628 
  4 2508  2509  2630  2629 
  4 2509  2510  2631  2630 
  4 2510  2511  2632  2631 
  4 2511  2512  2633  2632 
  4 2512  2513  2634  2633 
  4 2513  2514  2635  2634 
  4 2514  2515  2636  2635 
  4 2515  2516  2637  2636 
  4 2516  2517  2638  2637 
  4 2517  2518  2639  2638 
  4 2518  2519  2640  2639 
  4 2519  2520  2641  2640 
  4 2520  2521  2642  2641 
  4 2521  2522  2643  2642 
  4 2522  2523  2644  2643 
  4 2523  2524  2645  2644 
  4 2524  2525  2646  2645 
  4 2525  2526  2647  2646 
  4 2526  2527  2648  2647 
  4 2527  2528  2649  2648 
  4 2528  2529  2650  2649 
  4 2529  2530  2651  2650 
  4 2530  2531  2652  2651 
  4 2531  2532  2653  2652 
  4 2532  2533  2654  2653 
  4 2533  2534  2655  2654 
  4 2534  2535  2656  2655 
  4 2535  2536  2657  2656 
  4 2536  2537  2658  2657 
  4 2537  2538  2659  2658 
  4 2538  2539  2660  2659 
  4 2539  2540  2661  2660 
  4 2541  2542  2663  2662 
  4 2542  2543  2664  2663 
  4 2543  2544  2665  2664 
  4 2544  2545  2666  2665 
  4 2545  2546  2667  2666 
  4 2546  2547  2668  2667 
  4 2547  2548  2669  2668 
  4 2548  2549  2670  2669 
  4 2549  2550  2671  2670 
  4 2550  2551  2672  2671 
  4 2551  2552  2673  2672 
  4 2552  2553  2674  2673 
  4 2553  2554  2675  2674 
  4 2554  2555  2676  2675 
  4 2555  2556  2677  2676 
  4 2556  2557  2678  2677 
  4 2557  2558  2679  2678 
  4 2558  2559  2680  2679 
  4 2559  2560  2681  2680 
  4 2560  2561  2682  2681 
  4 2561  2562  2683  2682 
  4 2562  2563  2684  2683 
  4 2563  2564  2685  2684 
  4 2564  2565  2686  2685 
  4 2565  2566  2687  2686 
  4 2566  2567  2688  2687 
  4 2567  2568  2689  2688 
  4 2568  2569  2690  2689 
  4 2569  2570  2691  2690 
  4 2570  2571  2692  2691 
  4 2571  2572  2693  2692 
  4 2572  2573  2694  2693 
  4 2573  2574  2695  2694 
  4 2574  2575  2696  2695 
  4 2575  2576  2697  2696 
  4 2576  2577  2698  2697 
  4 2577  2578  2699  2698 
  4 2578  2579  2700  2699 
  4 2579  2580  2701  2700 
  4 2580  2581  2702  2701 
  4 2581  2582  2703  2702 
  4 2582  2583  2704  2703 
  4 2583  2584  2705  2704 
  4 2584  2585  2706  2705 
  4 2585  2586  2707  2706 
  4 2586  2587  2708  2707 
  4 2587  2588  2709  2708 
  4 2588  2589  2710  2709 
  4 2589  2590  2711  2710 
  4 2590  2591  2712  2711 
  4 2591  2592  2713  2712 
  4 2592  2593  2714  2713 
  4 2593  2594  2715  2714 
  4 2594  2595  2716  2715 
  4 2595  2596  2717  2716 
  4 2596  2597  2718  2717 
  4 2597  2598  2719  2718 
  4 2598  2599  2720  2719 
  4 2599  2600  2721  2720 
  4 2600  2601  2722  2721 
  4 2601  2602  2723  2722 
  4 2602  2603  2724  2723 
  4 2603  2604  2725  2724 
  4 2604  2605  2726  2725 
  4 2605  2606  2727  2726 
  4 2606  2607  2728  2727 
  4 2607  2608  2729  2728 
  4 2608  2609  2730  2729 
  4 2609  2610  2731  2730 
  4 2610  2611  2732  2731 
  4 2611  2612  2733  2732 
  4 2612  2613  2734  2733 
  4 2613  2614  2735  2734 
  4 2614  2615  2736  2735 
  4 2615  2616  2737  2736 
  4 2616  2617  2738  2737 
  4 2617  2618  2739  2738 
  4 2618  2619  2740  2739 
  4 2619  2620  2741  2740 
  4 2620  2621  2742  2741 
  4 2621  2622  2743  2742 
  4 2622  2623  2744  2743 
  4 2623  2624  2745  2744 
  4 2624  2625  2746  2745 
  4 2625  2626  2747  2746 
  4 2626  2627  2748  2747 
  4 2627  2628  2749  2748 
  4 2628  2629  2750  2749 
  4 2629  2630  2751  2750 
  4 2630  2631  2752  2751 
  4 2631  2632  2753  2752 
  4 2632  2633  2754  2753 
  4 2633  2634  2755  2754 
  4 2634  2635  2756  2755 
  4 2635  2636  2757  2756 
  4 2636  2637  2758  2757 
  4 2637  2638  2759  2758 
  4 2638  2639  2760  2759 
  4 2639  2640  2761  2760 
  4 2640  2641  2762  2761 
  4 2641  2642  2763  2762 
  4 2642  2643  2764  2763 
  4 2643  2644  2765  2764 
  4 2644  2645  2766  2765 
  4 2645  2646  2767  2766 
  4 2646  2647  2768  2767 
  4 2647  2648  2769  2768 
  4 2648  2649  2770  2769 
  4 2649  2650  2771  2770 
  4 2650  2651  2772  2771 
  4 2651  2652  2773  2772 
  4 2652  2653  2774  2773 
  4 2653  2654  2775  2774 
  4 2654  2655  2776  2775 
  4 2655  2656  2777  2776 
  4 2656  2657  2778  2777 
  4 2657  2658  2779  2778 
  4 2658  2659  2780  2779 
  4 2659  2660  2781  2780 
  4 2660  2661  2782  2781 
  4 2662  2663  2784  2783 
  4 2663  2664  2785  2784 
  4 2664  2665  2786  2785 
  4 2665  2666  2787  2786 
  4 2666  2667  2788  2787 
  4 2667  2668  2789  2788 
  4 2668  2669  2790  2789 
  4 2669  2670  2791  2790 
  4 2670  2671  2792  2791 
  4 2671  2672  2793  2792 
  4 2672  2673  2794  2793 
  4 2673  2674  2795  2794 
  4 2674  2675  2796  2795 
  4 2675  2676  2797  2796 
  4 2676  2677  2798  2797 
  4 2677  2678  2799  2798 
  4 2678  2679  2800  2799 
  4 2679  2680  2801  2800 
  4 2680  2681  2802  2801 
  4 2681  2682  2803  2802 
  4 2682  2683  2804  2803 
  4 2683  2684  2805  2804 
  4 2684  2685  2806  2805 
  4 2685  2686  2807  2806 
  4 2686  2687  2808  2807 
  4 2687  2688  2809  2808 
  4 2688  2689  2810  2809 
  4 2689  2690  2811  2810 
  4 2690  2691  2812  2811 
  4 2691  2692  2813  2812 
  4 2692  2693  2814  2813 
  4 2693  2694  2815  2814 
  4 2694  2695  2816  2815 
  4 2695  2696  2817  2816 
  4 2696  2697  2818  2817 
  4 2697  2698  2819  2818 
  4 2698  2699  2820  2819 
  4 2699  2700  2821  2820 
  4 2700  2701  2822  2821 
  4 2701  2702  2823  2822 
  4 2702  2703  2824  2823 
  4 2703  2704  2825  2824 
  4 2704  2705  2826  2825 
  4 2705  2706  2827  2826 
  4 2706  2707  2828  2827 
  4 2707  2708  2829  2828 
  4 2708  2709  2830  2829 
  4 2709  2710  2831  2830 
  4 2710  2711  2832  2831 
  4 2711  2712  2833  2832 
  4 2712  2713  2834  2833 
  4 2713  2714  2835  2834 
  4 2714  2715  2836  2835 
  4 2715  2716  2837  2836 
  4 2716  2717  2838  2837 
  4 2717  2718  2839  2838 
  4 2718  2719  2840  2839 
  4 2719  2720  2841  2840 
  4 2720  2721  2842  2841 
  4 2721  2722  2843  2842 
  4 2722  2723  2844  2843 
  4 2723  2724  2845  2844 
  4 2724  2725  2846  2845 
  4 2725  2726  2847  2846 
  4 2726  2727  2848  2847 
  4 2727  2728  2849  2848 
  4 2728  2729  2850  2849 
  4 2729  2730  2851  2850 
  4 2730  2731  2852  2851 
  4 2731  2732  2853  2852 
  4 2732  2733  2854  2853 
  4 2733  2734  2855  2854 
  4 2734  2735  2856  2855 
  4 2735  2736  2857  2856 
  4 2736  2737  2858  2857 
  4 2737  2738  2859  2858 
  4 2738  2739  2860  2859 
  4 2739  2740  2861  2860 
  4 2740  2741  2862  2861 
  4 2741  2742  2863  2862 
  4 2742  2743  2864  2863 
  4 2743  2744  2865  2864 
  4 2744  2745  2866  2865 
  4 2745  2746  2867  2866 
  4 2746  2747  2868  2867 
  4 2747  2748  2869  2868 
  4 2748  2749  2870  2869 
  4 2749  2750  2871  2870 
  4 2750  2751  2872  2871 
  4 2751  2752  2873  2872 
  4 2752  2753  2874  2873 
  4 2753  2754  2875  2874 
  4 2754  2755  2876  2875 
  4 2755  2756  2877  2876 
  4 2756  2757  2878  2877 
  4 2757  2758  2879  2878 
  4 2758  2759  2880  2879 
  4 2759  2760  2881  2880 
  4 2760  2761  2882  2881 
  4 2761  2762  2883  2882 
  4 2762  2763  2884  2883 
  4 2763  2764  2885  2884 
  4 2764  2765  2886  2885 
  4 2765  2766  2887  2886 
  4 2766  2767  2888  2887 
  4 2767  2768  2889  2888 
  4 2768  2769  2890  2889 
  4 2769  2770  2891  2890 
  4 2770  2771  2892  2891 
  4 2771  2772  2893  2892 
  4 2772  2773  2894  2893 
  4 2773  2774  2895  2894 
  4 2774  2775  2896  2895 
  4 2775  2776  2897  2896 
  4 2776  2777  2898  2897 
  4 2777  2778  2899  2898 
  4 2778  2779  2900  2899 
  4 2779  2780  2901  2900 
  4 2780  2781  2902  2901 
  4 2781  2782  2903  2902 
  4 2783  2784  2905  2904 
  4 2784  2785  2906  2905 
  4 2785  2786  2907  2906 
  4 2786  2787  2908  2907 
  4 2787  2788  2909  2908 
  4 2788  2789  2910  2909 
  4 2789  2790  2911  2910 
  4 2790  2791  2912  2911 
  4 2791  2792  2913  2912 
  4 2792  2793  2914  2913 
  4 2793  2794  2915  2914 
  4 2794  2795  2916  2915 
  4 2795  2796  2917  2916 
  4 2796  2797  2918  2917 
  4 2797  2798  2919  2918 
  4 2798  2799  2920  2919 
  4 2799  2800  2921  2920 
  4 2800  2801  2922  2921 
  4 2801  2802  2923  2922 
  4 2802  2803  2924  2923 
  4 2803  2804  2925  2924 
  4 2804  2805  2926  2925 
  4 2805  2806  2927  2926 
  4 2806  2807  2928  2927 
  4 2807  2808  2929  2928 
  4 2808  2809  2930  2929 
  4 2809  2810  2931  2930 
  4 2810  2811  2932  2931 
  4 2811  2812  2933  2932 
  4 2812  2813  2934  2933 
  4 2813  2814  2935  2934 
  4 2814  2815  2936  2935 
  4 2815  2816  2937  2936 
  4 2816  2817  2938  2937 
  4 2817  2818  2939  2938 
  4 2818  2819  2940  2939 
  4 2819  2820  2941  2940 
  4 2820  2821  2942  2941 
  4 2821  2822  2943  2942 
  4 2822  2823  2944  2943 
  4 2823  2824  2945  2944 
  4 2824  2825  2946  2945 
  4 2825  2826  2947  2946 
  4 2826  2827  2948  2947 
  4 2827  2828  2949  2948 
  4 2828  2829  2950  2949 
  4 2829  2830  2951  2950 
  4 2830  2831  2952  2951 
  4 2831  2832  2953  2952 
  4 2832  2833  2954  2953 
  4 2833  2834  2955  2954 
  4 2834  2835  2956  2955 
  4 2835  2836  2957  2956 
  4 2836  2837  2958  2957 
  4 2837  2838  2959  2958 
  4 2838  2839  2960  2959 
  4 2839  2840  2961  2960 
  4 2840  2841  2962  2961 
  4 2841  2842  2963  2962 
  4 2842  2843  2964  2963 
  4 2843  2844  2965  2964 
  4 2844  2845  2966  2965 
  4 2845  2846  2967  2966 
  4 2846  2847  2968  2967 
  4 2847  2848  2969  2968 
  4 2848  2849  2970  2969 
  4 2849  2850  2971  2970 
  4 2850  2851  2972  2971 
  4 2851  2852  2973  2972 
  4 2852  2853  2974  2973 
  4 2853  2854  2975  2974 
  4 2854  2855  2976  2975 
  4 2855  2856  2977  2976 
  4 2856  2857  2978  2977 
  4 2857  2858  2979  2978 
  4 2858  2859  2980  2979 
  4 2859  2860  2981  2980 
  4 2860  2861  2982  2981 
  4 2861  2862  2983  2982 
  4 2862  2863  2984  2983 
  4 2863  2864  2985  2984 
  4 2864  2865  2986  2985 
  4 2865  2866  2987  2986 
  4 2866  2867  2988  2987 
  4 2867  2868  2989  2988 
  4 2868  2869  2990  2989 
  4 2869  2870  2991  2990 
  4 2870  2871  2992  2991 
  4 2871  2872  2993  2992 
  4 2872  2873  2994  2993 
  4 2873  2874  2995  2994 
  4 2874  2875  2996  2995 
  4 2875  2876  2997  2996 
  4 2876  2877  2998  2997 
  4 2877  2878  2999  2998 
  4 2878  2879  3000  2999 
  4 2879  2880  3001  3000 
  4 2880  2881  3002  3001 
  4 2881  2882  3003  3002 
  4 2882  2883  3004  3003 
  4 2883  2884  3005  3004 
  4 2884  2885  3006  3005 
  4 2885  2886  3007  3006 
  4 2886  2887  3008  3007 
  4 2887  2888  3009  3008 
  4 2888  2889  3010  3009 
  4 2889  2890  3011  3010 
  4 2890  2891  3012  3011 
  4 2891  2892  3013  3012 
  4 2892  2893  3014  3013 
  4 2893  2894  3015  3014 
  4 2894  2895  3016  3015 
  4 2895  2896  3017  3016 
  4 2896  2897  3018  3017 
  4 2897  2898  3019  3018 
  4 2898  2899  3020  3019 
  4 2899  2900  3021  3020 
  4 2900  2901  3022  3021 
  4 2901  2902  3023  3022 
  4 2902  2903  3024  3023 
CELL_TYPES         2880
9
9
9
9
9
9
9
9
9
9
9
9
9
9
9
9
9
9
9
9
9
9
9
9
9
9
9
9
9
9
9
9
9
9
9
9
9
9
9
9
9
9
9
9
9
9
9
9
9
9
9
9
9
9
9
9
9
9
9
9
9
9
9
9
9
9
9
9
9
9
9
9
9
9
9
9
9
9
9
9
9
9
9
9
9
9
9
9
9
9
9
9
9
9
9
9
9
9
9
9
9
9
9
9
9
9
9
9
9
9
9
9
9
9
9
9
9
9
9
9
9
9
9
9
9
9
9
9
9
9
9
9
9
9
9
9
9
9
9
9
9
9
9
9
9
9
9
9
9
9
9
9
9
9
9
9
9
9
9
9
9
9
9
9
9
9
9
9
9
9
9
9
9
9
9
9
9
9
9
9
9
9
9
9
9
9
9
9
9
9
9
9
9
9
9
9
9
9
9
9
9
9
9
9
9
9
9
9
9
9
9
9
9
9
9
9
9
9
9
9
9
9
9
9
9
9
9
9
9
9
9
9
9
9
9
9
9
9
9
9
9
9
9
9
9
9
9
9
9
9
9
9
9
9
9
9
9
9
9
9
9
9
9
9
9
9
9
9
9
9
9
9
9
9
9
9
9
9
9
9
9
9
9
9
9
9
9
9
9
9
9
9
9
9
9
9
9
9
9
9
9
9
9
9
9
9
9
9
9
9
9
9
9
9
9
9
9
9
9
9
9
9
9
9
9
9
9
9
9
9
9
9
9
9
9
9
9
9
9
9
9
9
9
9
9
9
9
9
9
9
9
9
9
9
9
9
9
9
9
9
9
9
9
9
9
9
9
9
9
9
9
9
9
9
9
9
9
9
9
9
9
9
9
9
9
9
9
9
9
9
9
9
9
9
9
9
9
9
9
9
9
9
9
9
9
9
9
9
9
9
9
9
9
9
9
9
9
9
9
9
9
9
9
9
9
9
9
9
9
9
9
9
9
9
9
9
9
9
9
9
9
9
9
9
9
9
9
9
9
9
9
9
9
9
9
9
9
9
9
9
9
9
9
9
9
9
9
9
9
9
9
9
9
9
9
9
9
9
9
9
9
9
9
9
9
9
9
9
9
9
9
9
9
9
9
9
9
9
9
9
9
9
9
9
9
9
9
9
9
9
9
9
9
9
9
9
9
9
9
9
9
9
9
9
9
9
9
9
9
9
9
9
9
9
9
9
9
9
9
9
9
9
9
9
9
9
9
9
9
9
9
9
9
9
9
9
9
9
9
9
9
9
9
9
9
9
9
9
9
9
9
9
9
9
9
9
9
9
9
9
9
9
9
9
9
9
9
9
9
9
9
9
9
9
9
9
9
9
9
9
9
9
9
9
9
9
9
9
9
9
9
9
9
9
9
9
9
9
9
9
9
9
9
9
9
9
9
9
9
9
9
9
9
9
9
9
9
9
9
9
9
9
9
9
9
9
9
9
9
9
9
9
9
9
9
9
9
9
9
9
9
9
9
9
9
9
9
9
9
9
9
9
9
9
9
9
9
9
9
9
9
9
9
9
9
9
9
9
9
9
9
9
9
9
9
9
9
9
9
9
9
9
9
9
9
9
9
9
9
9
9
9
9
9
9
9
9
9
9
9
9
9
9
9
9
9
9
9
9
9
9
9
9
9
9
9
9
9
9
9
9
9
9
9
9
9
9
9
9
9
9
9
9
9
9
9
9
9
9
9
9
9
9
9
9
9
9
9
9
9
9
9
9
9
9
9
9
9
9
9
9
9
9
9
9
9
9
9
9
9
9
9
9
9
9
9
9
9
9
9
9
9
9
9
9
9
9
9
9
9
9
9
9
9
9
9
9
9
9
9
9
9
9
9
9
9
9
9
9
9
9
9
9
9
9
9
9
9
9
9
9
9
9
9
9
9
9
9
9
9
9
9
9
9
9
9
9
9
9
9
9
9
9
9
9
9
9
9
9
9
9
9
9
9
9
9
9
9
9
9
9
9
9
9
9
9
9
9
9
9
9
9
9
9
9
9
9
9
9
9
9
9
9
9
9
9
9
9
9
9
9
9
9
9
9
9
9
9
9
9
9
9
9
9
9
9
9
9
9
9
9
9
9
9
9
9
9
9
9
9
9
9
9
9
9
9
9
9
9
9
9
9
9
9
9
9
9
9
9
9
9
9
9
9
9
9
9
9
9
9
9
9
9
9
9
9
9
9
9
9
9
9
9
9
9
9
9
9
9
9
9
9
9
9
9
9
9
9
9
9
9
9
9
9
9
9
9
9
9
9
9
9
9
9
9
9
9
9
9
9
9
9
9
9
9
9
9
9
9
9
9
9
9
9
9
9
9
9
9
9
9
9
9
9
9
9
9
9
9
9
9
9
9
9
9
9
9
9
9
9
9
9
9
9
9
9
9
9
9
9
9
9
9
9
9
9
9
9
9
9
9
9
9
9
9
9
9
9
9
9
9
9
9
9
9
9
9
9
9
9
9
9
9
9
9
9
9
9
9
9
9
9
9
9
9
9
9
9
9
9
9
9
9
9
9
9
9
9
9
9
9
9
9
9
9
9
9
9
9
9
9
9
9
9
9
9
9
9
9
9
9
9
9
9
9
9
9
9
9
9
9
9
9
9
9
9
9
9
9
9
9
9
9
9
9
9
9
9
9
9
9
9
9
9
9
9
9
9
9
9
9
9
9
9
9
9
9
9
9
9
9
9
9
9
9
9
9
9
9
9
9
9
9
9
9
9
9
9
9
9
9
9
9
9
9
9
9
9
9
9
9
9
9
9
9
9
9
9
9
9
9
9
9
9
9
9
9
9
9
9
9
9
9
9
9
9
9
9
9
9
9
9
9
9
9
9
9
9
9
9
9
9
9
9
9
9
9
9
9
9
9
9
9
9
9
9
9
9
9
9
9
9
9
9
9
9
9
9
9
9
9
9
9
9
9
9
9
9
9
9
9
9
9
9
9
9
9
9
9
9
9
9
9
9
9
9
9
9
9
9
9
9
9
9
9
9
9
9
9
9
9
9
9
9
9
9
9
9
9
9
9
9
9
9
9
9
9
9
9
9
9
9
9
9
9
9
9
9
9
9
9
9
9
9
9
9
9
9
9
9
9
9
9
9
9
9
9
9
9
9
9
9
9
9
9
9
9
9
9
9
9
9
9
9
9
9
9
9
9
9
9
9
9
9
9
9
9
9
9
9
9
9
9
9
9
9
9
9
9
9
9
9
9
9
9
9
9
9
9
9
9
9
9
9
9
9
9
9
9
9
9
9
9
9
9
9
9
9
9
9
9
9
9
9
9
9
9
9
9
9
9
9
9
9
9
9
9
9
9
9
9
9
9
9
9
9
9
9
9
9
9
9
9
9
9
9
9
9
9
9
9
9
9
9
9
9
9
9
9
9
9
9
9
9
9
9
9
9
9
9
9
9
9
9
9
9
9
9
9
9
9
9
9
9
9
9
9
9
9
9
9
9
9
9
9
9
9
9
9
9
9
9
9
9
9
9
9
9
9
9
9
9
9
9
9
9
9
9
9
9
9
9
9
9
9
9
9
9
9
9
9
9
9
9
9
9
9
9
9
9
9
9
9
9
9
9
9
9
9
9
9
9
9
9
9
9
9
9
9
9
9
9
9
9
9
9
9
9
9
9
9
9
9
9
9
9
9
9
9
9
9
9
9
9
9
9
9
9
9
9
9
9
9
9
9
9
9
9
9
9
9
9
9
9
9
9
9
9
9
9
9
9
9
9
9
9
9
9
9
9
9
9
9
9
9
9
9
9
9
9
9
9
9
9
9
9
9
9
9
9
9
9
9
9
9
9
9
9
9
9
9
9
9
9
9
9
9
9
9
9
9
9
9
9
9
9
9
9
9
9
9
9
9
9
9
9
9
9
9
9
9
9
9
9
9
9
9
9
9
9
9
9
9
9
9
9
9
9
9
9
9
9
9
9
9
9
9
9
9
9
9
9
9
9
9
9
9
9
9
9
9
9
9
9
9
9
9
9
9
9
9
9
9
9
9
9
9
9
9
9
9
9
9
9
9
9
9
9
9
9
9
9
9
9
9
9
9
9
9
9
9
9
9
9
9
9
9
9
9
9
9
9
9
9
9
9
9
9
9
9
9
9
9
9
9
9
9
9
9
9
9
9
9
9
9
9
9
9
9
9
9
9
9
9
9
9
9
9
9
9
9
9
9
9
9
9
9
9
9
9
9
9
9
9
9
9
9
9
9
9
9
9
9
9
9
9
9
9
9
9
9
9
9
9
9
9
9
9
9
9
9
9
9
9
9
9
9
9
9
9
9
9
9
9
9
9
9
9
9
9
9
9
9
9
9
9
9
9
9
9
9
9
9
9
9
9
9
9
9
9
9
9
9
9
9
9
9
9
9
9
9
9
9
9
9
9
9
9
9
9
9
9
9
9
9
9
9
9
9
9
9
9
9
9
9
9
9
9
9
9
9
9
9
9
9
9
9
9
9
9
9
9
9
9
9
9
9
9
9
9
9
9
9
9
9
9
9
9
9
9
9
9
9
9
9
9
9
9
9
9
9
9
9
9
9
9
9
9
9
9
9
9
9
9
9
9
9
9
9
9
9
9
9
9
9
9
9
9
9
9
9
9
9
9
9
9
9
9
9
9
9
9
9
9
9
9
9
9
9
9
9
9
9
9
9
9
9
9
9
9
9
9
9
9
9
9
9
9
9
9
9
9
9
9
9
9
9
9
9
9
9
9
9
9
9
9
9
9
9
9
9
9
9
9
9
9
9
9
9
9
9
9
9
9
9
9
9
9
9
9
9
9
9
9
9
9
9
9
9
9
9
9
9
9
9
9
9
9
9
9
9
9
9
9
9
9
9
9
9
9
9
9
9
9
9
9
9
9
9
9
9
9
9
9
9
9
9
9
9
9
9
9
9
9
9
9
9
9
9
9
9
9
9
9
9
9
9
9
9
9
9
9
9
9
9
9
9
9
9
9
9
9
9
9
9
9
9
9
9
9
9
9
9
9
9
9
9
9
9
9
9
9
9
9
9
9
9
9
9
9
9
9
9
9
9
9
9
9
9
9
9
9
9
9
9
9
9
9
9
9
9
9
9
9
9
9
9
9
9
9
9
9
9
9
9
9
9
9
9
9
9
9
9
9
9
9
9
9
9
9
9
9
9
9
9
9
9
9
9
9
9
9
9
9
9
9
9
9
9
9
9
9
9
9
9
9
9
9
9
9
9
9
9
9
9
9
9
9
9
9
9
9
9
9
9
9
9
9
9
9
9
9
9
9
9
9
9
9
9
9
9
9
9
9
9
9
9
9
9
9
9
9
9
9
9
9
9
9
9
9
9
9
9
9
9
9
9
9
9
9
9
9
9
9
9
9
9
9
9
9
9
9
9
9
9
9
9
9
9
9
9
9
9
9
9
9
9
9
9
9
9
9
9
9
9
9
9
9
9
9
9
9
9
9
9
9
9
9
9
9
9
9
9
9
9
9
9
9
9
9
9
9
9
9
9
9
9
9
9
9
9
9
9
9
9
9
9
9
9
9
9
9
9
9
9
9
9
9
9
9
9
9
9
9
9
9
9
9
9
9
9
9
9
9
9
9
9
9
9
9
9
9
9
9
9
9
9
9
9
9
9
9
9
9
9
9
9
9
9
9
9
9
9
9
9
9
9
9
9
9
9
9
9
9
9
9
9
9
9
9
9
9
9
9
9
9
9
9
9
9
9
9
9
9
9
9
9
9
9
9
9
9
9
9
9
9
9
9
9
9
9
9
9
9
9
9
9
9
9
9
9
9
9
9
9
9
9
9
9
9
9
9
9
9
9
9
9
9
9
9
9
9
9
9
9
9
9
9
9
9
9
9
9
9
9
9
9
9
9
9
9
9
9
9
9
9
9
9
9
9
9
9
9
9
9
9
9
9
9
9
9
9
9
9
9
9
9
9
9
9
9
9
9
9
9
9
9
9
9
9
9
9
9
9
9
9
9
9
9
9
9
9
9
9
9
9
9
9
9
9
9
9
9
9
9
9
9
9
9
9
9
9
9
9
9
9
9
9
9
9
9
9
9
9
9
9
9
9
9
9
9
9
9
9
9
9
9
9
9
9
9
9
9
9
9
9
9
9
9
9
9
9
9
9
9
9
9
9
9
9
9
9
9
9
9
9
9
9
9
9
9
9
9
9
9
9
9
9
9
9
9
9
9
9
9
9
9
9
9
9
9
9
9
9
9
9
9
9
9
9
9
9
9
9
9
9
9
9
9
9
9
9
9
9
9
9
9
9
9
9
9
9
9
9
9
9
9
9
9
9
9
9
9
9
9
9
9
9
9
9
9
9
9
9
9
9
9
9
9
9
9
9
9
9
9
9
9
9
9
9
9
9
9
9
9
9
9
9
9
9
9
9
9
9
9
9
9
9
9
9
9
9
9
9
9
9
9
9
9
9
9
9
9
9
9
9
9
9
9
9
9
9
9
9
9
9
9
9
9
9
